/*--------------------------------*- C++ -*----------------------------------*\
| =========                 |                                                 |
| \\      /  F ield         | OpenFOAM: The Open Source CFD Toolbox           |
|  \\    /   O peration     | Version:  v2012                                 |
|   \\  /    A nd           | Website:  www.openfoam.com                      |
|    \\/     M anipulation  |                                                 |
\*---------------------------------------------------------------------------*/
FoamFile
{
    version     2.0;
    format      ascii;
    class       volVectorField;
    location    "2";
    object      U;
}
// * * * * * * * * * * * * * * * * * * * * * * * * * * * * * * * * * * * * * //

dimensions      [0 1 -1 0 0 0 0];


internalField   nonuniform List<vector> 
8800
(
(0.971278 -0.0849658 0)
(1.01138 -0.0587816 0)
(1.00106 -0.032172 0)
(0.997514 -0.0176031 0)
(0.99606 -0.00977685 0)
(0.995397 -0.00568649 0)
(0.995058 -0.00340201 0)
(0.995037 -0.00211455 0)
(0.995032 -0.0011246 0)
(0.995016 -0.00019548 0)
(0.995018 0.000695073 0)
(0.995034 0.00161614 0)
(0.995017 0.00268877 0)
(0.995192 0.00445395 0)
(0.995651 0.00742774 0)
(0.996649 0.0131283 0)
(0.998827 0.0238517 0)
(1.00479 0.0430602 0)
(1.01704 0.0755891 0)
(0.764445 0.0453791 0)
(0.441997 -0.00991666 0)
(1.05003 -0.0388051 0)
(1.06702 -0.0391189 0)
(1.04093 -0.0371507 0)
(1.02272 -0.0314389 0)
(1.01193 -0.0241227 0)
(1.00625 -0.0171152 0)
(1.00333 -0.0112964 0)
(1.00201 -0.00654123 0)
(1.00129 -0.00262122 0)
(1.00118 0.00124303 0)
(1.00157 0.00516318 0)
(1.00253 0.00937058 0)
(1.00438 0.0143385 0)
(1.0086 0.0205435 0)
(1.01665 0.0279406 0)
(1.03086 0.0348273 0)
(1.05332 0.0388213 0)
(1.07465 0.0379775 0)
(0.901167 0.0333561 0)
(0.359698 -0.000106808 0)
(1.05119 -0.0146521 0)
(1.04932 -0.0209477 0)
(1.03775 -0.0228294 0)
(1.02779 -0.0219525 0)
(1.02031 -0.0189898 0)
(1.01493 -0.0150751 0)
(1.01154 -0.0105819 0)
(1.00956 -0.00601468 0)
(1.00873 -0.000730092 0)
(1.00895 0.00436504 0)
(1.01024 0.00917238 0)
(1.01301 0.0138653 0)
(1.01715 0.0181731 0)
(1.02346 0.0216125 0)
(1.03223 0.0232994 0)
(1.04314 0.0228426 0)
(1.05378 0.0186874 0)
(1.00809 0.010161 0)
(0.359409 0.000121858 0)
(0.359988 0.00013291 0)
(1.02728 -0.00325807 0)
(1.03295 -0.00715411 0)
(1.0295 -0.0102942 0)
(1.0247 -0.0122963 0)
(1.01875 -0.0124972 0)
(1.01423 -0.0110815 0)
(1.01071 -0.00853083 0)
(1.00888 -0.00514475 0)
(1.00766 -0.000508555 0)
(1.00784 0.00406601 0)
(1.00942 0.00818828 0)
(1.01201 0.0112606 0)
(1.01602 0.0131178 0)
(1.02107 0.0135545 0)
(1.02634 0.012115 0)
(1.03055 0.00932289 0)
(1.03255 0.00542747 0)
(0.985095 0.00143267 0)
(0.35951 -0.000132119 0)
(0.358676 -3.93714e-05 0)
(1.02051 -0.00150721 0)
(1.0273 -0.00334039 0)
(1.026 -0.005107 0)
(1.02399 -0.0064881 0)
(1.02112 -0.00711123 0)
(1.01837 -0.0065743 0)
(1.0158 -0.00509961 0)
(1.01432 -0.00265083 0)
(1.01331 0.000133597 0)
(1.01349 0.00314444 0)
(1.01506 0.00549857 0)
(1.01653 0.00755155 0)
(1.01904 0.00801665 0)
(1.02158 0.00766511 0)
(1.0238 0.00648098 0)
(1.02541 0.00474732 0)
(1.02559 0.00284999 0)
(0.97873 0.00110116 0)
(0.357964 8.3395e-05 0)
(0.358067 -4.05914e-05 0)
(1.0167 -0.000707155 0)
(1.02337 -0.0015745 0)
(1.02289 -0.0024878 0)
(1.02192 -0.00328267 0)
(1.02044 -0.0037539 0)
(1.01871 -0.00361522 0)
(1.01693 -0.00279316 0)
(1.01555 -0.00126632 0)
(1.01462 0.000626082 0)
(1.01454 0.00270005 0)
(1.01617 0.00405361 0)
(1.0167 0.00479835 0)
(1.0183 0.00496949 0)
(1.0198 0.00448718 0)
(1.02096 0.00361087 0)
(1.02173 0.0025644 0)
(1.02142 0.00150158 0)
(0.974868 0.000575254 0)
(0.356676 3.47205e-05 0)
(0.357228 -2.60782e-05 0)
(1.01516 -0.000599339 0)
(1.02196 -0.000932732 0)
(1.02168 -0.00130192 0)
(1.02113 -0.0016421 0)
(1.02029 -0.00184573 0)
(1.01921 -0.00175661 0)
(1.01799 -0.00125149 0)
(1.01686 -0.000277202 0)
(1.01604 0.00104808 0)
(1.01588 0.00240333 0)
(1.01682 0.00329047 0)
(1.01721 0.00335015 0)
(1.01804 0.00330668 0)
(1.01881 0.00286897 0)
(1.01938 0.00224814 0)
(1.01974 0.00156648 0)
(1.0192 0.000924359 0)
(0.972779 0.000363198 0)
(0.355921 2.72672e-05 0)
(0.356825 -1.06943e-06 0)
(1.01432 -0.000206769 0)
(1.02133 -0.000356668 0)
(1.02116 -0.00050052 0)
(1.0208 -0.000616022 0)
(1.02026 -0.000647538 0)
(1.01952 -0.000514006 0)
(1.01863 -0.000129608 0)
(1.01771 0.000549298 0)
(1.01694 0.00146601 0)
(1.01663 0.00232506 0)
(1.01691 0.00277309 0)
(1.01719 0.00270424 0)
(1.01759 0.00248369 0)
(1.01796 0.00207495 0)
(1.01823 0.00158371 0)
(1.01839 0.00109741 0)
(1.01776 0.000645008 0)
(0.971408 0.000261965 0)
(0.355386 2.16192e-05 0)
(0.356806 5.63675e-06 0)
(1.01407 1.05509e-05 0)
(1.02114 7.75856e-06 0)
(1.02104 2.05773e-05 0)
(1.02079 6.78479e-05 0)
(1.0204 0.000177636 0)
(1.01985 0.000392843 0)
(1.01915 0.000758295 0)
(1.01833 0.00129272 0)
(1.01755 0.0019423 0)
(1.01705 0.00245669 0)
(1.01693 0.00263622 0)
(1.01697 0.00245659 0)
(1.01709 0.0021378 0)
(1.01721 0.00172975 0)
(1.01731 0.00130178 0)
(1.01737 0.00089293 0)
(1.01668 0.000529438 0)
(0.970376 0.000217841 0)
(0.354957 1.94775e-05 0)
(0.356949 1.23018e-05 0)
(1.01424 0.000145842 0)
(1.02132 0.000259853 0)
(1.02126 0.000402475 0)
(1.02105 0.000584566 0)
(1.02073 0.000822374 0)
(1.02026 0.00113596 0)
(1.01962 0.00153945 0)
(1.01882 0.0020247 0)
(1.01795 0.00251758 0)
(1.01723 0.00280288 0)
(1.01683 0.00275618 0)
(1.01662 0.00248994 0)
(1.01652 0.00209738 0)
(1.01649 0.00166125 0)
(1.01648 0.00123523 0)
(1.01647 0.000842519 0)
(1.01574 0.000504465 0)
(0.96946 0.000210593 0)
(0.354562 1.93112e-05 0)
(0.357218 1.83511e-05 0)
(1.01472 0.000258988 0)
(1.0218 0.000474096 0)
(1.02175 0.000731221 0)
(1.02155 0.00103882 0)
(1.02125 0.00140578 0)
(1.02078 0.00183407 0)
(1.02012 0.00231832 0)
(1.01926 0.00281867 0)
(1.01822 0.00323409 0)
(1.01726 0.00336523 0)
(1.01658 0.00317109 0)
(1.01615 0.00277338 0)
(1.01588 0.0022879 0)
(1.01572 0.00178909 0)
(1.01562 0.0013189 0)
(1.01556 0.000901464 0)
(1.01481 0.000537726 0)
(0.968543 0.000228771 0)
(0.354149 2.18299e-05 0)
(0.357616 2.48289e-05 0)
(1.01549 0.000371204 0)
(1.02256 0.000688737 0)
(1.0225 0.001063 0)
(1.0223 0.00150289 0)
(1.02196 0.00200863 0)
(1.02145 0.00257565 0)
(1.02071 0.00317538 0)
(1.0197 0.0037413 0)
(1.01842 0.00413742 0)
(1.01716 0.0041587 0)
(1.01619 0.0038185 0)
(1.01554 0.00327983 0)
(1.0151 0.00267317 0)
(1.01483 0.00207621 0)
(1.01466 0.00152548 0)
(1.01456 0.00104307 0)
(1.01378 0.000623474 0)
(0.967515 0.000268419 0)
(0.353672 2.69577e-05 0)
(0.358156 3.30558e-05 0)
(1.01658 0.000500822 0)
(1.02363 0.000929892 0)
(1.02355 0.00143644 0)
(1.02331 0.00202538 0)
(1.02292 0.00269731 0)
(1.02231 0.0034337 0)
(1.02142 0.00418829 0)
(1.02018 0.00486602 0)
(1.01859 0.00528527 0)
(1.01695 0.00521771 0)
(1.01566 0.00472491 0)
(1.01476 0.00402218 0)
(1.01415 0.00325793 0)
(1.01375 0.00251818 0)
(1.01351 0.00184721 0)
(1.01336 0.00125826 0)
(1.01256 0.000756023 0)
(0.966293 0.000323936 0)
(0.353101 3.2772e-05 0)
(0.358868 4.29096e-05 0)
(1.01802 0.000656534 0)
(1.02505 0.0012219 0)
(1.02494 0.00188628 0)
(1.02464 0.0026578 0)
(1.02416 0.00353009 0)
(1.02341 0.00447751 0)
(1.0223 0.00543484 0)
(1.02076 0.00626906 0)
(1.01874 0.00674794 0)
(1.01663 0.00659912 0)
(1.01495 0.00593169 0)
(1.01376 0.00502231 0)
(1.01295 0.00405431 0)
(1.01242 0.00312819 0)
(1.01209 0.00229305 0)
(1.01189 0.00156008 0)
(1.01107 0.000937492 0)
(0.964798 0.00040183 0)
(0.352399 4.02609e-05 0)
(0.359794 5.59285e-05 0)
(1.01989 0.000853217 0)
(1.02691 0.00158607 0)
(1.02675 0.00244727 0)
(1.02638 0.00344481 0)
(1.02576 0.00457032 0)
(1.02481 0.00578655 0)
(1.02342 0.00700319 0)
(1.02146 0.00804413 0)
(1.01888 0.00861419 0)
(1.01619 0.00837889 0)
(1.01403 0.00750023 0)
(1.01248 0.00633149 0)
(1.01143 0.00510052 0)
(1.01074 0.00393048 0)
(1.01032 0.0028774 0)
(1.01006 0.00196201 0)
(1.0092 0.00117756 0)
(0.962926 0.000507844 0)
(0.351513 5.06566e-05 0)
(0.360995 7.24189e-05 0)
(1.02233 0.00110177 0)
(1.02931 0.00204878 0)
(1.02909 0.00316064 0)
(1.02861 0.00444587 0)
(1.02782 0.0058936 0)
(1.02661 0.00745018 0)
(1.02482 0.00899745 0)
(1.02232 0.0103073 0)
(1.01904 0.0109974 0)
(1.01559 0.0106582 0)
(1.01283 0.0095129 0)
(1.01085 0.00801455 0)
(1.0095 0.00644926 0)
(1.00862 0.00496827 0)
(1.00807 0.00363579 0)
(1.00775 0.00247938 0)
(1.00685 0.00148776 0)
(0.960561 0.00064142 0)
(0.350398 6.46927e-05 0)
(0.362551 9.39081e-05 0)
(1.02547 0.00142305 0)
(1.0324 0.00264576 0)
(1.0321 0.00407828 0)
(1.03148 0.00573403 0)
(1.03047 0.00759171 0)
(1.0289 0.00958369 0)
(1.02661 0.0115519 0)
(1.0234 0.0132006 0)
(1.0192 0.0140401 0)
(1.01481 0.0135658 0)
(1.01129 0.0120821 0)
(1.00878 0.0101651 0)
(1.00707 0.00817033 0)
(1.00595 0.00628647 0)
(1.00525 0.00459931 0)
(1.00483 0.0031323 0)
(1.00387 0.00188142 0)
(0.957574 0.000809617 0)
(0.348993 8.16275e-05 0)
(0.364571 0.000122794 0)
(1.02952 0.0018442 0)
(1.03639 0.00342139 0)
(1.03598 0.00527007 0)
(1.03517 0.00740103 0)
(1.03386 0.00978956 0)
(1.03183 0.0123384 0)
(1.02887 0.014839 0)
(1.02474 0.0169081 0)
(1.01937 0.017924 0)
(1.01378 0.0172658 0)
(1.00931 0.0153418 0)
(1.00613 0.0128891 0)
(1.00396 0.0103529 0)
(1.00255 0.00796292 0)
(1.00166 0.0058247 0)
(1.00113 0.00396481 0)
(1.00012 0.00238068 0)
(0.953802 0.00102406 0)
(0.347218 0.000102931 0)
(0.367204 0.000161244 0)
(1.03477 0.00239529 0)
(1.04155 0.0044404 0)
(1.041 0.00683078 0)
(1.03993 0.00958311 0)
(1.0382 0.0126524 0)
(1.03556 0.0159113 0)
(1.03171 0.0190827 0)
(1.0264 0.0216671 0)
(1.01953 0.022877 0)
(1.01242 0.0219607 0)
(1.00678 0.019471 0)
(1.00275 0.0163338 0)
(1.00002 0.0131072 0)
(0.998228 0.0100772 0)
(0.997111 0.00736699 0)
(0.99645 0.00501528 0)
(0.995351 0.00300939 0)
(0.949023 0.00129361 0)
(0.344974 0.000129144 0)
(0.370665 0.000213862 0)
(1.04158 0.00313145 0)
(1.04825 0.00579089 0)
(1.04749 0.00889472 0)
(1.04607 0.0124557 0)
(1.04379 0.0164115 0)
(1.04031 0.0205777 0)
(1.03529 0.0245829 0)
(1.02843 0.0277818 0)
(1.01964 0.0291863 0)
(1.01064 0.0279019 0)
(1.00352 0.0246761 0)
(0.998461 0.0206771 0)
(0.99502 0.0165808 0)
(0.99277 0.0127413 0)
(0.991363 0.00931232 0)
(0.990531 0.00633865 0)
(0.989333 0.00380072 0)
(0.942988 0.00163283 0)
(0.342151 0.000163017 0)
(0.375253 0.000288111 0)
(1.05048 0.00412754 0)
(1.05698 0.00761342 0)
(1.05593 0.0116675 0)
(1.05402 0.0162959 0)
(1.05096 0.0213972 0)
(1.04634 0.0267138 0)
(1.03975 0.0317399 0)
(1.03087 0.0356438 0)
(1.01964 0.0372032 0)
(1.00828 0.0353915 0)
(0.999351 0.0312163 0)
(0.993013 0.0261262 0)
(0.988695 0.020945 0)
(0.985868 0.0160972 0)
(0.984098 0.0117651 0)
(0.983048 0.00800656 0)
(0.981721 0.00480246 0)
(0.935357 0.00206173 0)
(0.338591 0.000204675 0)
(0.381432 0.000396161 0)
(1.06221 0.00551518 0)
(1.06847 0.0101278 0)
(1.06697 0.0154618 0)
(1.06433 0.0215097 0)
(1.06016 0.028103 0)
(1.05395 0.0348582 0)
(1.04523 0.0410946 0)
(1.0337 0.0457523 0)
(1.01942 0.0473524 0)
(1.00517 0.0447781 0)
(0.994036 0.0393918 0)
(0.986129 0.0329498 0)
(0.98072 0.0264253 0)
(0.97716 0.0203207 0)
(0.974919 0.0148646 0)
(0.973588 0.0101211 0)
(0.972095 0.00606892 0)
(0.925711 0.00260126 0)
(0.334108 0.00025745 0)
(0.389951 0.000562842 0)
(1.07786 0.00752734 0)
(1.08371 0.0137221 0)
(1.08153 0.0208199 0)
(1.07777 0.0287705 0)
(1.07192 0.0372854 0)
(1.06342 0.0457953 0)
(1.0518 0.0533797 0)
(1.03685 0.0587224 0)
(1.01878 0.0601213 0)
(1.00105 0.0564616 0)
(0.987289 0.0495494 0)
(0.977481 0.041464 0)
(0.970715 0.0333126 0)
(0.966215 0.0256706 0)
(0.963355 0.0188093 0)
(0.961644 0.0128238 0)
(0.959926 0.00770002 0)
(0.913508 0.00330372 0)
(0.328436 0.000327706 0)
(0.402161 0.0008484 0)
(1.09903 0.0107071 0)
(1.10421 0.0192042 0)
(1.10085 0.0287541 0)
(1.09521 0.0392454 0)
(1.08673 0.050171 0)
(1.07488 0.0606692 0)
(1.05932 0.0695487 0)
(1.04 0.0752909 0)
(1.01736 0.0760388 0)
(0.995594 0.0708462 0)
(0.978788 0.0620599 0)
(0.966723 0.0520496 0)
(0.958265 0.0419975 0)
(0.952522 0.0325283 0)
(0.948793 0.0239556 0)
(0.946526 0.0164119 0)
(0.944479 0.00989654 0)
(0.897985 0.00426534 0)
(0.321182 0.000426051 0)
(0.420935 0.00146084 0)
(1.12845 0.0165766 0)
(1.13235 0.0284706 0)
(1.12659 0.0413534 0)
(1.11752 0.0550542 0)
(1.10475 0.0686944 0)
(1.088 0.081063 0)
(1.06717 0.0907775 0)
(1.04249 0.0962428 0)
(1.01458 0.0956164 0)
(0.988316 0.0883114 0)
(0.968136 0.0772961 0)
(0.953492 0.0651438 0)
(0.942975 0.0530229 0)
(0.935573 0.0415345 0)
(0.930562 0.0309913 0)
(0.927396 0.0215627 0)
(0.924796 0.013262 0)
(0.87814 0.00589233 0)
(0.311661 0.000600789 0)
(0.45153 0.00334037 0)
(1.1715 0.0297292 0)
(1.17187 0.0459791 0)
(1.16054 0.0626689 0)
(1.14504 0.0796905 0)
(1.12546 0.0955563 0)
(1.10186 0.108845 0)
(1.07439 0.118239 0)
(1.04345 0.122269 0)
(1.00977 0.119256 0)
(0.978815 0.109155 0)
(0.95513 0.0955873 0)
(0.937707 0.0812208 0)
(0.924795 0.067096 0)
(0.915243 0.0537317 0)
(0.908283 0.0413491 0)
(0.90342 0.0301293 0)
(0.899452 0.0198302 0)
(0.852785 0.009871 0)
(0.299274 0.00106177 0)
(0.497139 0.0162662 1.6737e-19)
(1.2332 0.061921 1.55216e-19)
(1.22288 0.0800967 -5.40132e-20)
(1.20106 0.0995148 0)
(1.17595 0.117961 -1.26685e-33)
(1.1475 0.133808 1.82118e-20)
(1.11563 0.145984 -3.08524e-20)
(1.08053 0.153421 0)
(1.04261 0.154774 5.90659e-34)
(1.00258 0.148488 -3.39849e-20)
(0.966466 0.135159 0)
(0.938857 0.119005 -3.83597e-20)
(0.918152 0.102674 -1.11765e-19)
(0.902191 0.0870337 -5.23717e-20)
(0.889596 0.0725672 -1.55285e-20)
(0.879427 0.0595251 -9.17694e-21)
(0.871045 0.0482491 0)
(0.863287 0.0385436 6.42154e-21)
(0.816459 0.0286547 7.53497e-21)
(0.284632 0.00898852 1.34029e-19)
(0.520089 0.0469256 1.40667e-19)
(1.28878 0.121783 1.01378e-21)
(1.26838 0.137036 1.54086e-20)
(1.23734 0.153678 0)
(1.20351 0.169455 -6.74512e-20)
(1.16678 0.182891 -7.44636e-20)
(1.12709 0.192681 -3.19425e-20)
(1.08449 0.197602 -1.07458e-19)
(1.03928 0.19618 0)
(0.992022 0.18686 1.44773e-19)
(0.949389 0.170739 1.39808e-19)
(0.916462 0.152622 4.05936e-20)
(0.891286 0.135157 1.44454e-19)
(0.871315 0.119153 2.00112e-19)
(0.8549 0.104942 0)
(0.840967 0.0929158 2.79721e-19)
(0.828807 0.0832173 4.02319e-19)
(0.817433 0.0762937 4.4696e-19)
(0.772147 0.0678158 -5.05994e-19)
(0.272942 0.0252472 -8.9644e-21)
(0.518674 0.0781512 0)
(1.32514 0.198583 3.24967e-20)
(1.30062 0.208157 0)
(1.26363 0.219031 -1.03635e-19)
(1.22343 0.229856 0)
(1.1802 0.238959 -1.52786e-19)
(1.13396 0.244899 6.66488e-20)
(1.08482 0.24615 -2.22219e-19)
(1.03316 0.241124 -2.3795e-21)
(0.979583 0.228176 7.56291e-20)
(0.931506 0.209028 3.01113e-19)
(0.894454 0.189029 1.14902e-22)
(0.866154 0.170795 -1.03395e-19)
(0.843784 0.154854 -1.83928e-19)
(0.825622 0.141342 2.1739e-19)
(0.810579 0.130329 -3.83495e-19)
(0.797859 0.121866 -5.05851e-20)
(0.786458 0.115827 0)
(0.743278 0.106592 2.30431e-21)
(0.266796 0.0394253 0)
(0.51999 0.107493 5.10342e-19)
(1.34486 0.274028 -2.54641e-19)
(1.31902 0.280511 -1.71582e-19)
(1.27934 0.287251 5.29503e-20)
(1.2355 0.293703 -8.73572e-20)
(1.1878 0.298463 3.24193e-19)
(1.13645 0.300224 1.40662e-19)
(1.0818 0.297407 0)
(1.02446 0.288338 -3.9457e-19)
(0.96526 0.27132 0)
(0.912523 0.248722 -1.58018e-19)
(0.872301 0.226491 -1.87447e-19)
(0.84198 0.207056 -1.10241e-19)
(0.818388 0.190637 -1.31183e-19)
(0.799594 0.177094 0)
(0.784312 0.166218 0)
(0.771669 0.157888 -3.24433e-19)
(0.760487 0.151986 6.36567e-20)
(0.718769 0.141189 -3.74783e-20)
(0.259897 0.0521599 -4.28904e-20)
(0.521582 0.13555 -2.98843e-19)
(1.35698 0.347597 0)
(1.32971 0.351873 4.10956e-19)
(1.28787 0.355248 1.63614e-19)
(1.24126 0.358027 1.93644e-19)
(1.19008 0.358977 0)
(1.1346 0.356842 1.44557e-19)
(1.07531 0.349994 2.49324e-19)
(1.013 0.336705 2.06095e-19)
(0.948875 0.315245 3.46278e-19)
(0.892245 0.288718 0)
(0.849646 0.263726 -3.96988e-19)
(0.818053 0.242531 -2.32528e-19)
(0.793885 0.225076 -1.35118e-19)
(0.774947 0.210906 8.12495e-19)
(0.759804 0.199622 9.5872e-20)
(0.747425 0.190955 4.54999e-19)
(0.736611 0.184644 -2.1604e-18)
(0.696322 0.172252 1.27057e-18)
(0.253404 0.0636627 -1.51036e-18)
(0.522866 0.162354 -2.59355e-19)
(1.36341 0.418273 6.56222e-20)
(1.33484 0.421162 -5.88248e-20)
(1.29136 0.421957 -2.11608e-19)
(1.24246 0.421746 -1.91057e-19)
(1.18839 0.41942 3.23706e-21)
(1.12935 0.413713 -1.55787e-19)
(1.06594 0.403014 2.62741e-19)
(0.999139 0.385458 -4.41349e-19)
(0.930538 0.359296 0)
(0.870522 0.328316 -1.83088e-19)
(0.826099 0.299971 -7.04949e-22)
(0.79377 0.276491 -2.47877e-19)
(0.769454 0.257484 0)
(0.750703 0.242278 -1.72035e-19)
(0.735925 0.230189 -4.0432e-19)
(0.723982 0.22093 1.08124e-18)
(0.713627 0.213971 -1.06817e-18)
(0.674769 0.19996 1.50404e-18)
(0.247019 0.0739965 -1.5403e-18)
(0.524075 0.188199 -3.46756e-21)
(1.36618 0.48629 -6.38039e-20)
(1.33628 0.488095 -2.34655e-19)
(1.29125 0.486853 1.06182e-19)
(1.24035 0.484195 -1.01111e-19)
(1.18368 0.479088 0)
(1.12141 0.470199 -1.57445e-19)
(1.0542 0.455899 -2.78973e-19)
(0.983152 0.434135 -2.33038e-19)
(0.91031 0.403018 0)
(0.847205 0.367056 -1.9023e-19)
(0.801368 0.334779 -2.2224e-19)
(0.768697 0.308503 2.61682e-19)
(0.744618 0.287505 -1.55819e-19)
(0.72634 0.270907 -7.19509e-19)
(0.712114 0.257874 4.25721e-19)
(0.700748 0.247727 1.26776e-19)
(0.690938 0.240068 0)
(0.653545 0.224472 -1.4e-18)
(0.240807 0.0832923 -4.99697e-20)
(0.525388 0.213305 -3.24107e-20)
(1.36648 0.551616 6.41911e-20)
(1.33518 0.552669 1.24799e-19)
(1.28867 0.549755 3.53654e-19)
(1.23587 0.545106 -4.16069e-19)
(1.17674 0.537582 3.79042e-19)
(1.11147 0.52591 3.40182e-19)
(1.04057 0.508249 -4.48175e-19)
(0.965403 0.482418 1.32525e-19)
(0.888327 0.446182 -8.39329e-19)
(0.822196 0.404721 -2.06007e-19)
(0.775198 0.367891 0)
(0.742557 0.338248 2.75281e-19)
(0.719063 0.314935 3.19488e-19)
(0.701538 0.296734 3.77576e-19)
(0.688086 0.28247 -4.43687e-19)
(0.677447 0.271449 -1.29787e-19)
(0.668258 0.263045 1.5576e-19)
(0.632358 0.2459 0)
(0.234979 0.0917358 -1.04654e-19)
(0.526868 0.237701 3.10793e-19)
(1.36512 0.614208 -2.51837e-19)
(1.33231 0.614851 -1.33234e-19)
(1.28434 0.610607 2.45567e-19)
(1.22972 0.604252 -2.13719e-19)
(1.16826 0.594712 -6.32017e-21)
(1.10005 0.580601 -3.69551e-19)
(1.02558 0.559926 -1.61388e-19)
(0.946214 0.530236 -4.03586e-19)
(0.864699 0.488755 9.5432e-22)
(0.795401 0.441238 -6.49226e-19)
(0.747381 0.399117 5.00859e-19)
(0.71515 0.36556 -2.87706e-19)
(0.692661 0.339539 3.34152e-19)
(0.676246 0.319521 0)
(0.663816 0.304032 -2.27381e-19)
(0.654035 0.292162 -3.97911e-21)
(0.645596 0.282975 -6.35942e-19)
(0.611288 0.264499 -9.48027e-20)
(0.229571 0.0994159 0)
(0.528277 0.261227 0)
(1.36265 0.674384 -2.73728e-19)
(1.32828 0.674697 -2.66302e-19)
(1.27887 0.669358 -2.56172e-19)
(1.22246 0.661594 -2.40697e-19)
(1.15875 0.65033 0)
(1.08769 0.634123 -1.86018e-19)
(1.00965 0.61079 -3.62184e-22)
(0.925959 0.577517 8.67451e-19)
(0.839625 0.530781 -1.18528e-19)
(0.766745 0.476664 -4.62754e-19)
(0.717673 0.42836 2.65443e-19)
(0.686246 0.39018 2.27018e-21)
(0.665323 0.361023 3.47237e-19)
(0.650536 0.339081 2.03209e-19)
(0.639473 0.322403 -4.77645e-19)
(0.630796 0.309695 5.56569e-19)
(0.623201 0.299937 1.62013e-19)
(0.590553 0.280321 6.74935e-19)
(0.224773 0.106517 -1.7763e-18)
(0.530015 0.284394 5.87209e-20)
(1.35942 0.732229 -1.31328e-19)
(1.32346 0.732236 1.21358e-19)
(1.27267 0.725966 2.62695e-19)
(1.2145 0.717018 0)
(1.14862 0.704325 -2.15763e-19)
(1.07478 0.686329 6.13707e-19)
(0.993222 0.660784 3.68567e-19)
(0.904974 0.6243 0)
(0.813306 0.57254 -1.6742e-18)
(0.736059 0.511226 1.23437e-18)
(0.685752 0.455601 0)
(0.655607 0.411751 3.12838e-19)
(0.637034 0.379046 4.74844e-21)
(0.624564 0.3551 -6.17194e-19)
(0.615352 0.337477 2.44541e-19)
(0.608054 0.324193 0)
(0.601476 0.314038 8.29944e-19)
(0.570607 0.293757 0)
(0.221242 0.113521 -7.91271e-19)
(0.532083 0.307246 -5.91427e-20)
(1.35567 0.787858 -1.23826e-19)
(1.31818 0.787517 1.33926e-19)
(1.26601 0.780427 0)
(1.20617 0.770494 -2.59546e-19)
(1.13819 0.756619 0)
(1.06168 0.737186 -6.39754e-19)
(0.976611 0.709821 -1.86966e-19)
(0.883672 0.670653 1.62914e-19)
(0.78602 0.614124 -8.30587e-19)
(0.703396 0.54526 1.32106e-19)
(0.651166 0.48098 0)
(0.622775 0.430006 -6.51819e-19)
(0.607653 0.392935 -6.09567e-21)
(0.598675 0.366964 0)
(0.59215 0.348692 -2.0128e-21)
(0.586655 0.335486 7.07819e-19)
(0.581233 0.325455 -6.68296e-19)
(0.552344 0.305045 1.95859e-19)
(0.219499 0.120686 0)
(0.533845 0.32921 0)
(1.35147 0.841184 -1.21544e-19)
(1.31256 0.8405 -1.26466e-19)
(1.25908 0.832713 -4.69179e-21)
(1.19769 0.821959 -1.26619e-19)
(1.12774 0.807104 -5.00275e-19)
(1.04869 0.786548 2.34953e-19)
(0.960201 0.757801 -2.10215e-19)
(0.862513 0.716562 7.14039e-19)
(0.758129 0.655961 -1.34827e-18)
(0.668629 0.579297 -3.56254e-21)
(0.613364 0.504734 -3.12841e-19)
(0.586986 0.44455 1.01652e-18)
(0.576946 0.401795 9.31272e-21)
(0.573253 0.373704 -4.15308e-19)
(0.570759 0.355573 -7.28263e-19)
(0.5678 0.343303 0)
(0.563744 0.334423 0)
(0.536987 0.314927 1.94332e-19)
(0.220334 0.128759 -1.09062e-19)
(0.536081 0.350838 -5.2789e-20)
(1.3471 0.892332 2.526e-19)
(1.30677 0.891237 1.36187e-19)
(1.25206 0.882799 0)
(1.18923 0.871339 -2.29956e-21)
(1.11744 0.855696 -5.14918e-19)
(1.03604 0.83431 6.08346e-19)
(0.944294 0.804635 8.75294e-19)
(0.841784 0.76207 9.53995e-19)
(0.730046 0.698322 -1.13175e-18)
(0.631886 0.613994 -1.07884e-18)
(0.571599 0.52739 8.38874e-19)
(0.547136 0.454903 0)
(0.544311 0.404152 -1.81965e-19)
(0.548885 0.373625 -4.1392e-19)
(0.55274 0.356741 -4.71041e-19)
(0.553473 0.347211 -5.41414e-19)
(0.551044 0.341177 1.53521e-19)
(0.526398 0.324252 -9.56414e-20)
(0.224967 0.138717 -6.29742e-21)
(0.53784 0.371877 0)
(1.34251 0.941265 0)
(1.30089 0.93972 4.54644e-21)
(1.24504 0.930635 0)
(1.18089 0.918564 4.14389e-19)
(1.10747 0.902294 3.98008e-19)
(1.0239 0.88028 0)
(0.929135 0.850148 1.12654e-19)
(0.821943 0.807031 1.6379e-18)
(0.702362 0.741359 -2.61953e-18)
(0.593443 0.650255 0)
(0.525128 0.550009 -5.46098e-19)
(0.501407 0.460864 1.11987e-20)
(0.508448 0.398042 1.12034e-20)
(0.526109 0.363986 4.03831e-19)
(0.540429 0.350111 -4.18859e-21)
(0.546593 0.346425 -1.00406e-18)
(0.54615 0.346161 2.83362e-19)
(0.523389 0.334592 8.32563e-20)
(0.234954 0.151793 0)
(0.53932 0.392131 1.22565e-19)
(1.33778 0.98799 1.20611e-19)
(1.29502 0.985966 2.66213e-19)
(1.23811 0.976237 -5.69858e-19)
(1.17275 0.963581 7.13622e-19)
(1.09791 0.946801 0)
(1.0124 0.924388 4.06786e-19)
(0.914942 0.894222 -2.47233e-19)
(0.803306 0.851335 5.64955e-21)
(0.675605 0.785181 1.90624e-19)
(0.553913 0.688994 1.45819e-18)
(0.473187 0.574164 -1.98651e-19)
(0.447104 0.462585 -6.00943e-19)
(0.466923 0.380452 -1.69128e-19)
(0.505889 0.34016 1.84777e-19)
(0.537105 0.332806 -8.05392e-21)
(0.551856 0.340217 2.22737e-19)
(0.553714 0.349916 -5.35124e-19)
(0.533162 0.348074 6.04048e-19)
(0.252926 0.170167 9.42975e-20)
(0.540218 0.411521 -3.54187e-20)
(1.33288 1.03248 6.07586e-20)
(1.28914 1.02999 1.25884e-20)
(1.23129 1.01965 -2.8294e-19)
(1.16486 1.00637 -1.40275e-19)
(1.08877 0.989154 -7.47565e-19)
(1.00175 0.966515 1.3555e-19)
(0.901871 0.936649 -1.05338e-18)
(0.786149 0.894761 -1.8845e-18)
(0.650372 0.829758 -1.62647e-18)
(0.514089 0.730959 0)
(0.415536 0.602082 -8.5813e-19)
(0.380705 0.461497 8.36176e-19)
(0.415003 0.347431 0)
(0.487794 0.294243 -3.54277e-19)
(0.549951 0.298514 1.48269e-19)
(0.579279 0.327252 -1.84659e-19)
(0.582549 0.35649 -2.19217e-19)
(0.559077 0.369442 -4.00702e-19)
(0.280487 0.195867 -3.06561e-19)
(0.541438 0.430551 3.05449e-20)
(1.32781 1.07478 -6.47775e-20)
(1.28321 1.07177 -1.84083e-19)
(1.22458 1.06082 -3.60279e-19)
(1.15726 1.04691 3.0759e-19)
(1.08017 1.02928 -4.63996e-19)
(0.991987 1.00664 4.42109e-19)
(0.890047 0.977283 -1.11632e-18)
(0.770686 0.936991 -1.13994e-18)
(0.627246 0.87481 1.76458e-18)
(0.475214 0.776837 3.35621e-18)
(0.35272 0.63677 0)
(0.297955 0.461122 0)
(0.343498 0.29456 -1.7106e-19)
(0.470633 0.210859 0)
(0.593958 0.236217 2.13403e-19)
(0.648304 0.310614 2.46019e-19)
(0.644864 0.37504 0)
(0.600186 0.410229 0)
(0.308958 0.229227 2.51161e-19)
(0.54193 0.448221 -1.96883e-20)
(1.32255 1.11493 -3.59884e-20)
(1.27722 1.11135 -1.27492e-19)
(1.21796 1.09974 2.85589e-19)
(1.15 1.08522 3.15326e-19)
(1.07222 1.06718 5.56974e-19)
(0.983221 1.04473 -6.25825e-19)
(0.879636 1.01616 -5.28028e-21)
(0.757153 0.977838 -8.56743e-21)
(0.606819 0.919855 7.14254e-21)
(0.438794 0.826691 1.76496e-18)
(0.286463 0.68145 0)
(0.194761 0.468395 8.53192e-19)
(0.236137 0.218186 3.55328e-19)
(0.448187 0.0561793 1.28536e-19)
(0.707899 0.115614 -2.36141e-20)
(0.799204 0.311966 -1.39774e-20)
(0.733562 0.448273 -7.07557e-20)
(0.649877 0.485527 0)
(0.336243 0.273756 2.26695e-19)
(0.542925 0.46588 1.7762e-20)
(1.3171 1.15301 0)
(1.27122 1.14873 -1.16535e-19)
(1.21145 1.1364 2.18691e-19)
(1.14303 1.12136 -3.15557e-19)
(1.06477 1.10298 -7.32587e-19)
(0.975326 1.08066 1.30355e-18)
(0.870709 1.05307 -8.15773e-20)
(0.745832 1.01723 0)
(0.589666 0.96449 -2.03907e-18)
(0.406534 0.879954 -3.99983e-18)
(0.220394 0.738775 1.46784e-19)
(0.0695226 0.494805 1.26709e-18)
(0.0637926 0.116847 0)
(0.382737 -0.246085 -4.20775e-19)
(0.907264 -0.177388 0)
(1.12959 0.263248 0)
(0.947951 0.526984 6.62174e-21)
(0.709477 0.556563 0)
(0.338784 0.280154 6.75305e-20)
(0.543139 0.482242 -4.91306e-22)
(1.31138 1.1892 0)
(1.26515 1.18401 -1.64387e-19)
(1.20511 1.171 0)
(1.13636 1.1555 1.54654e-19)
(1.05769 1.1369 0)
(0.96792 1.11475 7.73603e-20)
(0.862886 1.0883 1.61233e-19)
(0.736634 1.05536 1.4743e-19)
(0.576011 1.00899 -2.28261e-18)
(0.379846 0.93669 1.26903e-19)
(0.158532 0.811392 1.17641e-18)
(-0.076849 0.559594 1.28875e-18)
(-0.23941 0.033643 1.00929e-19)
(-0.0250917 -0.402574 -1.00302e-18)
(0.754367 0.0444534 0)
(1.16699 0.716402 -1.05147e-18)
(0.999269 1.09342 2.65847e-19)
(0.476794 0.876457 2.29852e-19)
(-0.0574457 1.04839 -5.36215e-19)
(0.543467 0.498307 1.61166e-20)
(1.30524 1.22372 -7.23659e-20)
(1.25889 1.21749 0)
(1.19882 1.20397 1.01888e-20)
(1.1299 1.18826 -3.85114e-19)
(1.05089 1.16966 1.24236e-18)
(0.960925 1.14803 5.00991e-19)
(0.855669 1.12311 0)
(0.728987 1.09351 1.02725e-18)
(0.565529 1.05535 -1.25439e-19)
(0.359692 0.999685 0)
(0.106963 0.9043 0)
(-0.232094 0.703995 1.28086e-18)
(-0.697884 0.377589 -1.20118e-19)
(-0.857727 0.591421 1.09463e-18)
(-0.194948 1.53633 0)
(0.476047 2.05698 -9.29097e-19)
(0.412796 2.23887 3.49839e-19)
(0.18633 2.8771 -1.39115e-19)
(0.104497 3.20953 -2.1314e-20)
(0.543866 0.513426 -2.96705e-20)
(1.29857 1.25644 6.27723e-20)
(1.25259 1.24896 -7.97466e-20)
(1.19263 1.23514 -1.3414e-19)
(1.12363 1.2194 0)
(1.04442 1.20093 8.42304e-19)
(0.954741 1.17998 7.53624e-19)
(0.849296 1.15665 -8.35768e-20)
(0.722539 1.1309 1.53287e-19)
(0.558685 1.10162 2.25021e-18)
(0.348404 1.06623 2.182e-18)
(0.0788134 1.01342 1.47092e-18)
(-0.316286 0.925984 1.39788e-18)
(-0.881213 0.938747 -7.89661e-19)
(-1.27894 1.57999 1.00511e-18)
(-0.87702 2.6368 0)
(-0.333222 3.16661 0)
(-0.129745 3.41508 -2.23484e-19)
(-0.0488213 3.44573 0)
(-0.0165087 3.36316 -3.51559e-19)
(0.545945 0.530927 0)
(1.2909 1.28699 0)
(1.24613 1.27813 0)
(1.18639 1.26432 -2.86632e-20)
(1.11726 1.24867 -3.29028e-19)
(1.038 1.23057 5.88556e-19)
(0.94907 1.21053 5.06883e-19)
(0.843842 1.18883 -8.3864e-20)
(0.717314 1.16648 1.34364e-18)
(0.554313 1.14655 -9.4953e-21)
(0.345138 1.13352 4.3924e-18)
(0.0774221 1.13037 -1.66238e-19)
(-0.294752 1.15681 1.87021e-19)
(-0.782925 1.35698 1.18836e-19)
(-1.16609 2.10047 -1.12584e-19)
(-0.898249 2.92205 -1.14413e-19)
(-0.538959 3.26443 9.51809e-19)
(-0.308608 3.31932 3.55687e-19)
(-0.179106 3.31386 -1.54979e-19)
(-0.112073 3.29376 1.44297e-19)
(0.409388 0.455433 2.87714e-20)
(1.28281 1.31494 0)
(1.24013 1.30545 1.07659e-19)
(1.18072 1.29215 2.93219e-19)
(1.1115 1.27674 -5.81303e-19)
(1.0323 1.25898 -6.00943e-19)
(0.944131 1.23874 -5.49719e-19)
(0.839687 1.21848 1.04187e-18)
(0.714757 1.19989 -1.11951e-18)
(0.554681 1.18872 0)
(0.353315 1.19582 2.18183e-18)
(0.106371 1.2351 -1.21238e-18)
(-0.200483 1.34231 0)
(-0.578018 1.66504 1.9296e-19)
(-0.834737 2.27247 1.26457e-19)
(-0.689978 2.84481 3.96628e-20)
(-0.455683 3.09031 -1.34395e-19)
(-0.286337 3.1683 -7.85156e-20)
(-0.188783 3.18722 -1.17157e-19)
(-0.126487 3.19417 -2.11911e-19)
(0.645072 0.642834 -4.11713e-21)
(1.27142 1.34069 0)
(1.23057 1.34542 -7.06598e-20)
(1.17026 1.33346 -2.36818e-19)
(1.1004 1.31837 5.23624e-19)
(1.02098 1.3013 5.47783e-19)
(0.931861 1.28262 7.15975e-19)
(0.828112 1.26473 8.21197e-20)
(0.70535 1.25217 1.16327e-18)
(0.550473 1.25452 2.10306e-18)
(0.360876 1.29 1.32033e-19)
(0.144815 1.38556 1.12824e-18)
(-0.0853428 1.58473 1.84946e-19)
(-0.27367 1.92674 -1.90291e-19)
(-0.345212 2.33629 -2.27865e-19)
(-0.281932 2.66579 9.71071e-20)
(-0.195029 2.84989 -3.20571e-20)
(-0.125973 2.97254 2.37236e-20)
(-0.0874136 3.0521 8.28831e-20)
(-0.0938664 3.13148 1.38613e-20)
(0.64017 0.643046 0)
(1.27 1.36857 1.11283e-20)
(1.22554 1.37354 5.31302e-21)
(1.16406 1.36189 1.84486e-20)
(1.09369 1.34676 3.11269e-19)
(1.01494 1.33022 -5.15867e-19)
(0.926049 1.31175 -4.46059e-19)
(0.823958 1.29575 7.7825e-20)
(0.70488 1.28739 -1.25197e-18)
(0.557195 1.29662 -2.2923e-20)
(0.382281 1.34615 -4.18463e-18)
(0.199908 1.46085 1.56252e-19)
(0.0336663 1.66773 -1.76154e-19)
(-0.0769888 1.98103 -1.60444e-19)
(-0.118418 2.32445 5.23225e-21)
(-0.0866297 2.60066 -3.76082e-20)
(-0.0335954 2.81059 -2.11218e-20)
(0.00268669 2.91747 -1.01979e-19)
(0.0131844 3.01877 1.75213e-19)
(-0.0324799 3.09001 1.05683e-19)
(0.612558 0.632695 7.33163e-20)
(1.26906 1.40178 1.02595e-19)
(1.22016 1.40453 1.18526e-20)
(1.15748 1.39241 7.09828e-20)
(1.08724 1.37773 0)
(1.00907 1.36085 -6.41768e-19)
(0.921164 1.34267 -6.17448e-19)
(0.820445 1.32741 7.32278e-20)
(0.703676 1.31942 -1.38011e-19)
(0.561546 1.33172 -2.0419e-18)
(0.400735 1.39024 -1.99067e-18)
(0.248496 1.51528 -1.34804e-18)
(0.139351 1.7212 -1.28766e-18)
(0.0925868 2.02179 1.11402e-18)
(0.0750039 2.32869 7.39041e-19)
(0.0922385 2.56178 0)
(0.133634 2.76218 0)
(0.153633 2.91861 1.42401e-19)
(0.130231 3.02046 0)
(0.0436363 3.08296 2.73629e-19)
(0.585905 0.625628 -1.50687e-19)
(1.26488 1.43836 -1.31423e-19)
(1.21339 1.43817 0)
(1.14984 1.42517 1.40637e-20)
(1.07975 1.40955 2.31648e-19)
(1.00161 1.39106 -8.74627e-19)
(0.913941 1.37221 -3.81507e-19)
(0.815696 1.35733 6.16882e-20)
(0.704344 1.35233 -9.94001e-19)
(0.571002 1.37327 1.10173e-19)
(0.423893 1.44541 0)
(0.295054 1.57889 0)
(0.222762 1.77964 -1.20039e-18)
(0.229729 2.06721 4.20066e-19)
(0.254618 2.33036 4.57962e-19)
(0.276145 2.53422 0)
(0.325003 2.73622 1.84576e-19)
(0.339816 2.91542 -4.6731e-19)
(0.306577 3.11176 -5.60184e-19)
(0.133686 3.12064 4.13858e-20)
(0.559618 0.622017 1.06526e-19)
(1.25723 1.47745 0)
(1.20443 1.4743 -4.66827e-20)
(1.14047 1.45931 1.16922e-20)
(1.07063 1.44187 -8.44508e-20)
(0.9935 1.42273 0)
(0.908451 1.40413 -5.46752e-20)
(0.813323 1.38991 -1.28402e-19)
(0.703548 1.3885 -1.23275e-19)
(0.573972 1.41498 1.97383e-18)
(0.438526 1.49348 -1.1089e-19)
(0.333305 1.62663 -1.05129e-18)
(0.288137 1.82017 -1.26935e-18)
(0.33511 2.0772 -1.44428e-19)
(0.40708 2.29443 -4.11492e-19)
(0.452819 2.48219 0)
(0.530445 2.7001 5.27819e-19)
(0.597442 2.9165 -4.61551e-19)
(0.53265 2.96559 1.02519e-18)
(0.259987 3.08822 -2.61286e-19)
(0.535467 0.622734 2.41091e-19)
(1.24619 1.51863 0)
(1.19339 1.51248 -3.57977e-20)
(1.13008 1.49532 -4.64083e-20)
(1.06111 1.47578 1.35144e-19)
(0.985129 1.45487 4.21466e-19)
(0.900517 1.43537 -8.69974e-19)
(0.806129 1.42299 3.4862e-20)
(0.698209 1.42535 0)
(0.578342 1.45425 1.69695e-18)
(0.464111 1.53042 3.40826e-18)
(0.386944 1.6559 -1.28376e-19)
(0.368445 1.83417 -1.25395e-18)
(0.442044 2.04983 0)
(0.555214 2.23623 -3.8188e-19)
(0.642139 2.39314 0)
(0.764922 2.62114 0)
(0.866028 2.76124 -3.44887e-19)
(0.951731 2.46173 0)
(-0.0851647 0.66267 4.29014e-19)
(0.513961 0.628022 -1.31509e-19)
(1.23196 1.56159 -7.3521e-20)
(1.17971 1.55242 -6.18017e-20)
(1.11709 1.5324 -1.94341e-20)
(1.04874 1.51021 -9.56347e-20)
(0.974034 1.48808 -2.91408e-19)
(0.890137 1.47141 3.76736e-19)
(0.798268 1.46133 3.40877e-20)
(0.696663 1.4621 9.61986e-21)
(0.590271 1.48674 -1.20484e-19)
(0.498818 1.5523 -1.56894e-18)
(0.449469 1.66471 0)
(0.458745 1.81729 -9.8633e-19)
(0.550633 1.98478 -4.74578e-19)
(0.693754 2.14144 -6.88184e-19)
(0.827764 2.27333 -8.78888e-20)
(0.996926 2.43836 -2.70681e-19)
(1.05843 2.43965 -3.83528e-19)
(0.750679 1.6273 0)
(-0.0970413 -0.123407 1.23828e-18)
(0.498304 0.640091 1.29534e-19)
(1.21391 1.60588 -8.28245e-20)
(1.16378 1.59433 -6.7621e-20)
(1.10264 1.57239 -3.55636e-20)
(1.03499 1.54863 -6.7019e-20)
(0.961032 1.52643 2.15975e-19)
(0.879001 1.51118 -2.36351e-19)
(0.791463 1.49734 7.17099e-19)
(0.698705 1.49104 8.32426e-19)
(0.606375 1.50977 -1.37928e-18)
(0.534813 1.56536 -2.76554e-18)
(0.509988 1.66174 0)
(0.543599 1.7816 0)
(0.646121 1.90158 2.11843e-19)
(0.807912 2.01005 0)
(0.980337 2.11377 -1.53644e-19)
(1.15086 2.17326 7.87388e-20)
(1.21508 2.01965 0)
(0.764948 1.08057 0)
(-0.216647 -0.276816 8.40145e-19)
(0.487176 0.656966 -1.35658e-19)
(1.19294 1.65026 7.79067e-20)
(1.14518 1.63761 -8.65207e-21)
(1.08524 1.61455 -3.768e-20)
(1.01833 1.58939 0)
(0.945088 1.56601 2.67277e-19)
(0.869006 1.54784 0)
(0.787669 1.52769 6.30934e-19)
(0.703473 1.51589 1.29215e-18)
(0.62255 1.52969 1.2124e-18)
(0.566081 1.57588 0)
(0.559493 1.65263 9.45117e-19)
(0.607463 1.738 -1.03482e-18)
(0.710391 1.81024 2.20308e-19)
(0.86978 1.86422 4.17885e-19)
(1.07304 1.90355 -1.38507e-19)
(1.24236 1.87993 1.06731e-19)
(1.26892 1.63039 -6.10809e-20)
(0.856225 0.876058 -9.28185e-20)
(-0.0419027 -0.135282 -1.40107e-19)
(0.47777 0.678205 4.18643e-19)
(1.16922 1.69639 1.8741e-19)
(1.12354 1.683 1.97081e-19)
(1.06567 1.65868 -1.47433e-19)
(1.00103 1.63159 -4.35665e-20)
(0.930148 1.60431 0)
(0.860627 1.58039 -2.49296e-19)
(0.784274 1.55529 1.39682e-19)
(0.706437 1.54036 -7.81342e-21)
(0.634775 1.54853 -1.41947e-19)
(0.590666 1.58425 -1.16755e-18)
(0.59528 1.63968 1.70053e-19)
(0.647145 1.69282 5.80965e-19)
(0.737611 1.72448 1.93075e-19)
(0.861482 1.729 -2.13989e-19)
(1.02345 1.71035 1.18738e-20)
(1.17793 1.64811 -4.84549e-19)
(1.17924 1.43793 5.95475e-19)
(0.874749 0.937805 -1.3456e-19)
(0.148 0.174794 -1.16208e-19)
(0.468483 0.700719 0)
(1.14307 1.74457 0)
(1.09907 1.73034 8.73523e-21)
(1.04406 1.7033 0)
(0.98276 1.67296 1.64391e-20)
(0.915431 1.64043 -9.36389e-20)
(0.850192 1.6115 0)
(0.777987 1.5836 -5.57222e-20)
(0.705827 1.5659 -1.0086e-18)
(0.642362 1.56688 1.852e-18)
(0.607619 1.59088 0)
(0.618743 1.62426 4.72709e-19)
(0.666736 1.65038 1.80493e-19)
(0.738442 1.65463 -2.74869e-21)
(0.820937 1.63381 -4.5792e-19)
(0.913378 1.5957 9.25949e-21)
(1.00943 1.54344 1.30642e-18)
(1.03134 1.42368 -4.11678e-19)
(0.855553 1.14585 -1.08129e-18)
(0.238498 0.355472 0)
(0.459654 0.722628 -1.37785e-19)
(1.11377 1.79412 4.02646e-19)
(1.0713 1.77783 1.24274e-19)
(1.01931 1.74719 0)
(0.961624 1.71331 -4.48502e-21)
(0.898312 1.67674 1.05771e-19)
(0.835537 1.64397 -2.06861e-19)
(0.767633 1.61347 -4.1124e-19)
(0.701327 1.59167 -5.5074e-19)
(0.64533 1.58432 7.77313e-19)
(0.617818 1.59485 8.36583e-19)
(0.630534 1.60829 -7.21458e-19)
(0.670123 1.61333 0)
(0.72431 1.60086 1.98434e-19)
(0.778328 1.57129 9.60167e-19)
(0.827888 1.53218 5.73962e-19)
(0.874642 1.48996 7.07812e-19)
(0.89685 1.42716 -2.08433e-19)
(0.810937 1.26111 1.33559e-19)
(0.257269 0.410796 6.21646e-21)
(0.446505 0.74357 0)
(1.08087 1.84448 -2.21657e-19)
(1.03957 1.82509 -1.40271e-19)
(0.990324 1.79103 1.24672e-20)
(0.935985 1.75399 -3.27894e-20)
(0.876725 1.71464 7.02956e-20)
(0.816439 1.67817 -7.69071e-20)
(0.753319 1.64414 9.81735e-20)
(0.693025 1.61682 -3.92306e-19)
(0.643886 1.6007 9.02663e-19)
(0.621531 1.59616 1.40647e-20)
(0.632932 1.5934 1.36889e-19)
(0.663254 1.58351 -9.82502e-19)
(0.701836 1.56036 1.08668e-23)
(0.738285 1.52771 4.712e-19)
(0.768357 1.49104 8.81789e-19)
(0.792603 1.4545 0)
(0.807424 1.4138 0)
(0.759318 1.28885 -2.35399e-18)
(0.250825 0.426598 1.47304e-19)
(0.428715 0.761564 -1.42218e-19)
(1.04336 1.89555 -2.28506e-19)
(1.00297 1.87241 1.40565e-19)
(0.956274 1.83541 0)
(0.905162 1.79548 -4.08922e-20)
(0.850013 1.7536 0)
(0.7931 1.71314 1.38514e-19)
(0.735069 1.67463 6.75262e-20)
(0.680564 1.64094 -8.08422e-20)
(0.637543 1.61507 5.28169e-19)
(0.620083 1.59704 -8.97693e-20)
(0.619487 1.5822 0)
(0.647493 1.5608 6.19618e-19)
(0.673257 1.53 -2.90021e-21)
(0.697886 1.49619 0)
(0.717361 1.46174 -1.22376e-20)
(0.732066 1.42906 -8.6251e-19)
(0.74167 1.39657 8.53593e-19)
(0.703551 1.28627 -2.54657e-19)
(0.239136 0.434539 0)
(0.405994 0.776816 1.49014e-19)
(0.999646 1.94725 -2.22432e-19)
(0.960693 1.92022 1.46005e-19)
(0.916615 1.88036 1.44633e-19)
(0.868997 1.83743 0)
(0.818107 1.79258 -1.74757e-20)
(0.765417 1.74786 -1.304e-19)
(0.712495 1.70443 -1.48428e-19)
(0.663265 1.66405 0)
(0.62493 1.62733 1.04158e-18)
(0.614097 1.60002 -9.0491e-19)
(0.601923 1.57711 0)
(0.621705 1.54168 -5.89185e-19)
(0.63997 1.50781 3.77083e-21)
(0.655958 1.47371 6.79334e-19)
(0.66837 1.44107 -2.71644e-19)
(0.677609 1.41122 -6.66595e-19)
(0.683894 1.38235 -1.01331e-18)
(0.650205 1.28 0)
(0.225156 0.440397 2.10319e-18)
(0.379381 0.789196 0)
(0.948618 1.99856 -4.30696e-19)
(0.91171 1.96813 -2.75527e-19)
(0.870815 1.9252 -1.60274e-19)
(0.827108 1.87904 -7.4118e-20)
(0.780768 1.83076 0)
(0.732837 1.78177 1.75487e-20)
(0.685014 1.73328 -5.85164e-21)
(0.640463 1.68641 -4.0312e-19)
(0.604228 1.63996 6.77292e-20)
(0.592481 1.6085 3.34784e-19)
(0.586948 1.5694 -2.12849e-19)
(0.5919 1.52721 5.56646e-21)
(0.603092 1.49272 -3.4092e-19)
(0.612246 1.45885 -6.49577e-19)
(0.619316 1.42762 5.34081e-19)
(0.624589 1.39966 -6.47577e-19)
(0.628367 1.37317 -1.93775e-19)
(0.59753 1.27659 1.07628e-19)
(0.209769 0.445523 2.13807e-18)
(0.349726 0.799709 7.61248e-19)
(0.889146 2.04831 -4.7335e-19)
(0.855091 2.01495 1.88568e-19)
(0.81818 1.96884 1.62847e-19)
(0.778947 1.91936 0)
(0.73756 1.86746 8.39876e-21)
(0.694787 1.8143 5.89063e-20)
(0.652159 1.76092 5.23102e-20)
(0.61207 1.7081 1.70984e-19)
(0.577866 1.65487 -3.01605e-21)
(0.561919 1.61504 4.57853e-19)
(0.562856 1.56506 -4.21378e-19)
(0.559271 1.52089 2.66987e-19)
(0.56301 1.48456 -3.32846e-19)
(0.566577 1.45081 3.99431e-19)
(0.569388 1.42049 2.48186e-19)
(0.571605 1.39398 1.12605e-20)
(0.573393 1.36911 7.29203e-19)
(0.545175 1.2767 1.10034e-19)
(0.193458 0.450749 0)
(0.31662 0.806043 -7.63032e-20)
(0.820873 2.0951 1.10653e-19)
(0.790471 2.05931 1.50958e-19)
(0.758095 2.01 2.5862e-19)
(0.724006 1.95729 -1.98628e-19)
(0.688058 1.90189 7.5626e-20)
(0.650871 1.84481 -2.52012e-20)
(0.613662 1.78705 1.22563e-19)
(0.578174 1.72908 -6.91689e-20)
(0.546977 1.67023 4.76187e-19)
(0.528781 1.61972 1.48513e-19)
(0.526468 1.56658 0)
(0.520512 1.52102 -2.43268e-19)
(0.518984 1.48272 0)
(0.51832 1.44878 -3.74317e-19)
(0.517732 1.41925 4.71713e-19)
(0.517621 1.3936 1.42188e-19)
(0.518175 1.3699 -1.72165e-19)
(0.492361 1.28074 0)
(0.17599 0.456296 1.2185e-19)
(0.279906 0.808667 7.48917e-21)
(0.743229 2.13708 -1.08245e-19)
(0.717031 2.09932 -3.09446e-19)
(0.690105 2.04726 1.06007e-19)
(0.661777 1.99157 -4.70717e-20)
(0.631897 1.93304 0)
(0.600862 1.87263 -2.99811e-21)
(0.56936 1.81111 6.53426e-20)
(0.538662 1.74884 8.27632e-20)
(0.510771 1.68505 0)
(0.491864 1.62622 0)
(0.48371 1.57184 1.69134e-19)
(0.476095 1.52537 -2.25325e-19)
(0.470973 1.48599 1.46649e-19)
(0.467038 1.45207 7.06719e-19)
(0.463945 1.42301 -4.39084e-19)
(0.462026 1.39809 -1.41888e-19)
(0.461533 1.37525 0)
(0.438406 1.28858 1.53855e-18)
(0.157551 0.46212 5.53895e-20)
(0.240342 0.806928 -5.61058e-19)
(0.655677 2.17225 1.04366e-19)
(0.634784 2.13314 -6.99109e-20)
(0.613899 2.07883 -1.88332e-19)
(0.592136 2.02077 -1.06549e-19)
(0.569062 1.95982 -1.06794e-20)
(0.5447 1.89679 8.97805e-21)
(0.519284 1.83249 -5.50985e-20)
(0.493595 1.76705 1.57019e-19)
(0.468894 1.69947 0)
(0.449632 1.63575 1.22377e-19)
(0.437224 1.58025 1.6179e-19)
(0.427186 1.53344 2.06937e-19)
(0.419209 1.4938 0)
(0.412757 1.46012 1.62327e-19)
(0.407663 1.43153 3.96495e-19)
(0.404134 1.4072 -1.10959e-18)
(0.403059 1.385 1.11854e-18)
(0.382611 1.30018 -1.59947e-18)
(0.138278 0.469506 1.63229e-18)
(0.197752 0.798435 -6.61627e-20)
(0.557804 2.19774 0)
(0.543556 2.15823 4.61901e-19)
(0.52961 2.10252 1.11405e-19)
(0.515376 2.04311 8.01441e-20)
(0.49986 1.98081 0)
(0.482715 1.91644 5.00364e-23)
(0.463869 1.85061 -4.53322e-20)
(0.443426 1.78339 -6.43935e-20)
(0.421893 1.7137 -2.57205e-19)
(0.402506 1.64785 0)
(0.387287 1.59194 1.45221e-19)
(0.374674 1.54536 1.8472e-19)
(0.364112 1.50614 1.11382e-19)
(0.355346 1.47296 -7.46703e-19)
(0.348458 1.44486 -9.23336e-20)
(0.343629 1.42106 -4.43897e-19)
(0.341816 1.39951 2.1683e-18)
(0.32413 1.31617 -8.1794e-20)
(0.117635 0.478038 4.66378e-20)
(0.152431 0.782754 8.91433e-19)
(0.451151 2.21036 -3.67648e-19)
(0.443943 2.17155 -1.91675e-19)
(0.438119 2.11578 3.65718e-20)
(0.432431 2.05643 -5.13563e-20)
(0.425264 1.99439 6.02323e-20)
(0.415973 1.93035 -1.25476e-20)
(0.404023 1.86479 0)
(0.389052 1.79762 1.31376e-19)
(0.370803 1.72784 0)
(0.351652 1.66209 0)
(0.334422 1.60705 1.3025e-19)
(0.319304 1.56156 8.45202e-20)
(0.306236 1.52337 1.11368e-19)
(0.295118 1.49109 0)
(0.286376 1.46369 0)
(0.28014 1.44045 3.07961e-19)
(0.277253 1.41964 -6.19134e-20)
(0.26265 1.33736 6.22563e-19)
(0.0955348 0.488659 4.10058e-20)
(0.106393 0.75869 0)
(0.33643 2.20493 3.93887e-20)
(0.33746 2.16932 0)
(0.341518 2.11536 -6.3586e-20)
(0.345403 2.05823 0)
(0.347266 1.9988 -3.53565e-20)
(0.346173 1.93743 -2.49481e-22)
(0.341316 1.87439 1.83411e-20)
(0.331915 1.80953 7.15914e-21)
(0.317118 1.74197 -3.18363e-20)
(0.29858 1.67852 -1.75665e-19)
(0.279829 1.62589 1.77778e-21)
(0.262313 1.58274 7.45951e-20)
(0.246457 1.54655 1.48609e-19)
(0.232652 1.51585 -1.82322e-19)
(0.221543 1.48965 3.29124e-19)
(0.213453 1.46718 4.57794e-20)
(0.209208 1.44726 0)
(0.197566 1.36621 -5.67817e-21)
(0.071694 0.50349 0)
(0.0599378 0.715056 1.56716e-19)
(0.215138 2.17397 -1.57873e-21)
(0.229092 2.14702 9.65833e-21)
(0.244296 2.09776 0)
(0.258156 2.04607 -1.75196e-20)
(0.269018 1.99222 -1.31958e-20)
(0.275981 1.93641 5.28849e-22)
(0.278011 1.87861 2.08422e-20)
(0.274058 1.81866 0)
(0.262808 1.75595 -6.31873e-20)
(0.245324 1.69718 5.60535e-21)
(0.22562 1.64894 -2.40673e-20)
(0.205936 1.6098 -9.76319e-20)
(0.187094 1.57719 -1.47389e-19)
(0.169867 1.54958 0)
(0.15506 1.52594 -2.25882e-19)
(0.143952 1.50563 -3.34664e-19)
(0.137368 1.4871 -3.76871e-19)
(0.127799 1.40711 4.41408e-19)
(0.0460893 0.52563 -5.28008e-19)
(0.0143484 0.623267 6.51498e-20)
(0.101345 2.107 5.87649e-21)
(0.128633 2.09924 3.38978e-20)
(0.154417 2.05998 0)
(0.176871 2.01804 0)
(0.195334 1.97342 -5.55101e-21)
(0.209029 1.92612 2.31723e-21)
(0.216929 1.87618 0)
(0.217863 1.82364 -3.31923e-34)
(0.210188 1.76832 -1.44032e-20)
(0.194444 1.71678 0)
(0.174849 1.67516 -2.25033e-20)
(0.154092 1.64223 1.57521e-20)
(0.133261 1.61548 -3.45078e-20)
(0.112914 1.59332 1.12433e-20)
(0.0933725 1.57487 6.91382e-21)
(0.0757164 1.55973 0)
(0.061177 1.54689 -5.12363e-21)
(0.0506417 1.47458 -6.17399e-21)
(0.0163613 0.571245 -1.05508e-19)
(0.00049683 1.46596 0)
(0.025354 2.00695 0)
(0.0552622 2.02289 0)
(0.0843213 2.00186 0)
(0.111205 1.9754 0)
(0.134635 1.94407 0)
(0.153489 1.90814 0)
(0.166514 1.8679 0)
(0.172349 1.82374 0)
(0.169175 1.77609 0)
(0.156916 1.73145 0)
(0.13959 1.6959 0)
(0.120324 1.66855 0)
(0.100574 1.64737 0)
(0.081301 1.63087 0)
(0.0627043 1.61788 0)
(0.0447928 1.60728 0)
(0.0270986 1.5979 0)
(0.0107325 1.53287 0)
(-0.000713937 0.610382 0)
(-0.00520961 1.43942 0)
(0.00733216 1.92763 0)
(0.0275541 1.94922 0)
(0.0492587 1.94196 0)
(0.0715133 1.92913 0)
(0.0929087 1.9106 0)
(0.11181 1.88619 0)
(0.126486 1.85609 0)
(0.135043 1.82078 0)
(0.135293 1.78096 0)
(0.126366 1.7429 0)
(0.111833 1.71277 0)
(0.0950266 1.69021 0)
(0.0775844 1.67345 0)
(0.0604291 1.66125 0)
(0.0441263 1.65272 0)
(0.0293042 1.64726 0)
(0.0161673 1.6435 0)
(0.00456915 1.5794 0)
(-0.000721336 0.615856 0)
(-0.00172955 1.43892 0)
(0.00569751 1.88542 0)
(0.0187402 1.90375 0)
(0.0338015 1.90016 0)
(0.0500814 1.89289 0)
(0.0667731 1.88138 0)
(0.0826887 1.86487 0)
(0.096186 1.84291 0)
(0.105201 1.81553 0)
(0.107246 1.78327 0)
(0.10087 1.75182 0)
(0.0890585 1.72699 0)
(0.0750213 1.70879 0)
(0.0605173 1.69581 0)
(0.0465553 1.68689 0)
(0.0336872 1.68105 0)
(0.0221453 1.67745 0)
(0.0120166 1.67464 0)
(0.00350404 1.60666 0)
(-0.000209659 0.614644 0)
(-0.000311242 1.43226 0)
(0.00527808 1.85744 0)
(0.0140992 1.87359 0)
(0.024602 1.87143 0)
(0.03649 1.86677 0)
(0.0492724 1.85902 0)
(0.0620583 1.84738 0)
(0.0735174 1.8312 0)
(0.0818222 1.81015 0)
(0.0845718 1.78447 0)
(0.0800502 1.75894 0)
(0.0706227 1.73879 0)
(0.0592027 1.72421 0)
(0.0474232 1.71403 0)
(0.0361854 1.70719 0)
(0.0259677 1.70284 0)
(0.016973 1.70027 0)
(0.00925113 1.69801 0)
(0.0028438 1.6272 0)
(-0.000108563 0.616395 0)
(1.81203e-05 1.42437 0)
(0.00436785 1.83687 0)
(0.0108194 1.8518 0)
(0.0185196 1.85027 0)
(0.0273442 1.84703 0)
(0.0370495 1.84158 0)
(0.0470719 1.83319 0)
(0.0564178 1.82114 0)
(0.0635699 1.805 0)
(0.0664059 1.78476 0)
(0.0632027 1.76433 0)
(0.0557712 1.74816 0)
(0.0466243 1.73655 0)
(0.0371969 1.72855 0)
(0.0282704 1.72329 0)
(0.0202232 1.71999 0)
(0.0131946 1.71807 0)
(0.00719005 1.71607 0)
(0.00222774 1.64314 0)
(-8.57619e-05 0.61788 0)
(0.000113782 1.41749 0)
(0.00347251 1.82144 0)
(0.00831769 1.83566 0)
(0.0140947 1.83455 0)
(0.0207572 1.83219 0)
(0.0281773 1.8282 0)
(0.0359816 1.822 0)
(0.0434466 1.81294 0)
(0.0493737 1.80054 0)
(0.0519937 1.78469 0)
(0.0497134 1.76847 0)
(0.0439023 1.75559 0)
(0.0366563 1.74639 0)
(0.029185 1.7401 0)
(0.0221348 1.73599 0)
(0.0158053 1.73344 0)
(0.0103029 1.73196 0)
(0.00560682 1.73013 0)
(0.00173747 1.65555 0)
(-6.80641e-05 0.619049 0)
(0.000133583 1.41187 0)
(0.00272694 1.80967 0)
(0.00641306 1.82343 0)
(0.010808 1.82262 0)
(0.015894 1.82086 0)
(0.0215925 1.81788 0)
(0.0276551 1.81322 0)
(0.0335531 1.80634 0)
(0.0383623 1.7968 0)
(0.0406421 1.78442 0)
(0.0390052 1.77162 0)
(0.0344857 1.76143 0)
(0.0287828 1.75415 0)
(0.0228924 1.7492 0)
(0.0173434 1.74598 0)
(0.0123713 1.74399 0)
(0.00805609 1.74284 0)
(0.00437702 1.74114 0)
(0.00134723 1.66525 0)
(-5.75521e-05 0.619931 0)
(0.000124519 1.4074 0)
(0.00213031 1.80064 0)
(0.00495852 1.81408 0)
(0.00832913 1.81349 0)
(0.0122369 1.81215 0)
(0.0166327 1.8099 0)
(0.0213407 1.80636 0)
(0.0259751 1.80111 0)
(0.0298244 1.79374 0)
(0.0317382 1.78409 0)
(0.0305531 1.77403 0)
(0.0270442 1.76599 0)
(0.0225743 1.76026 0)
(0.0179474 1.75636 0)
(0.0135888 1.75383 0)
(0.00969131 1.75227 0)
(0.00630482 1.75137 0)
(0.00341899 1.74977 0)
(0.00104301 1.67284 0)
(-4.79424e-05 0.620565 0)
(0.000106535 1.40387 0)
(0.001661 1.79368 0)
(0.00384122 1.80689 0)
(0.0064402 1.80646 0)
(0.00945495 1.80544 0)
(0.0128541 1.80372 0)
(0.0165156 1.80102 0)
(0.020146 1.79698 0)
(0.0231992 1.79128 0)
(0.0247721 1.78376 0)
(0.0239057 1.77587 0)
(0.0211832 1.76956 0)
(0.0176894 1.76504 0)
(0.014062 1.76198 0)
(0.0106428 1.76 0)
(0.00758287 1.75877 0)
(0.00492715 1.75805 0)
(0.00266936 1.75653 0)
(0.000810246 1.67878 0)
(-3.9038e-05 0.621027 0)
(8.81425e-05 1.40111 0)
(0.00129468 1.7883 0)
(0.00298203 1.80134 0)
(0.00499048 1.80103 0)
(0.0073229 1.80025 0)
(0.00996074 1.79893 0)
(0.0128071 1.79685 0)
(0.0156463 1.79373 0)
(0.0180568 1.78932 0)
(0.0193273 1.78346 0)
(0.018689 1.77729 0)
(0.0165771 1.77233 0)
(0.013847 1.76879 0)
(0.0110098 1.76638 0)
(0.00833149 1.76482 0)
(0.00593245 1.76386 0)
(0.00385296 1.7633 0)
(0.00208207 1.76183 0)
(0.000626171 1.68342 0)
(-3.36868e-05 0.621367 0)
(7.12865e-05 1.39894 0)
(0.00100874 1.78413 0)
(0.00231492 1.79704 0)
(0.00387263 1.79682 0)
(0.00568254 1.79622 0)
(0.00773049 1.7952 0)
(0.00994764 1.7936 0)
(0.0121651 1.79119 0)
(0.0140602 1.78776 0)
(0.0150783 1.7832 0)
(0.0146031 1.77837 0)
(0.0129645 1.77449 0)
(0.0108334 1.77171 0)
(0.00861421 1.76982 0)
(0.0065198 1.7686 0)
(0.00464402 1.76785 0)
(0.00301676 1.7674 0)
(0.0016301 1.76598 0)
(0.000488447 1.68704 0)
(-2.63735e-05 0.621602 0)
(5.64098e-05 1.39725 0)
(0.000785914 1.7809 0)
(0.00180152 1.79371 0)
(0.00301011 1.79356 0)
(0.00441466 1.79309 0)
(0.00600744 1.79231 0)
(0.00773455 1.79106 0)
(0.0094659 1.78919 0)
(0.0109524 1.78653 0)
(0.0117624 1.78298 0)
(0.0114046 1.77921 0)
(0.0101341 1.77617 0)
(0.00847223 1.77399 0)
(0.00673968 1.77252 0)
(0.00510227 1.77156 0)
(0.0036322 1.77097 0)
(0.00235608 1.77062 0)
(0.00126985 1.76923 0)
(0.000374702 1.68988 0)
(-2.2601e-05 0.621773 0)
(4.4394e-05 1.39593 0)
(0.000612424 1.77838 0)
(0.00140045 1.79111 0)
(0.00234101 1.79102 0)
(0.00343513 1.79066 0)
(0.00467343 1.79005 0)
(0.00601792 1.78909 0)
(0.00736983 1.78764 0)
(0.00853502 1.78557 0)
(0.00917625 1.7828 0)
(0.00890602 1.77986 0)
(0.00791903 1.77748 0)
(0.00662196 1.77577 0)
(0.00526579 1.77462 0)
(0.00398412 1.77387 0)
(0.00283819 1.7734 0)
(0.00184176 1.77313 0)
(0.000992291 1.77177 0)
(0.000294196 1.69209 0)
(-1.72955e-05 0.621902 0)
(3.45695e-05 1.3949 0)
(0.000476707 1.77642 0)
(0.00109057 1.7891 0)
(0.00182181 1.78905 0)
(0.00267332 1.78877 0)
(0.00363785 1.78829 0)
(0.00468525 1.78754 0)
(0.00574187 1.78642 0)
(0.00665356 1.78481 0)
(0.00715894 1.78265 0)
(0.00695415 1.78036 0)
(0.00618458 1.7785 0)
(0.00517395 1.77717 0)
(0.00411533 1.77626 0)
(0.00311349 1.77567 0)
(0.00221586 1.77531 0)
(0.00143638 1.7751 0)
(0.000772839 1.77377 0)
(0.000226396 1.69383 0)
(-1.48933e-05 0.621993 0)
(2.68393e-05 1.39409 0)
(0.000371488 1.77489 0)
(0.000850142 1.78753 0)
(0.00141983 1.78751 0)
(0.00208255 1.78729 0)
(0.00283437 1.78693 0)
(0.003651 1.78634 0)
(0.00447562 1.78547 0)
(0.0051882 1.78422 0)
(0.00558649 1.78254 0)
(0.00543124 1.78074 0)
(0.00483066 1.7793 0)
(0.00404291 1.77826 0)
(0.00321776 1.77755 0)
(0.00243613 1.77709 0)
(0.00173291 1.77681 0)
(0.00112103 1.77664 0)
(0.000600634 1.77532 0)
(0.000174465 1.69518 0)
(-1.23973e-05 0.622056 0)
(2.12849e-05 1.39347 0)
(0.000289715 1.77371 0)
(0.000662015 1.7863 0)
(0.00110644 1.78631 0)
(0.00162308 1.78614 0)
(0.00220881 1.78586 0)
(0.00284611 1.78541 0)
(0.00348916 1.78472 0)
(0.00404825 1.78375 0)
(0.00436177 1.78244 0)
(0.00424287 1.78104 0)
(0.00377737 1.77991 0)
(0.00316277 1.7791 0)
(0.00251612 1.77855 0)
(0.00190277 1.7782 0)
(0.00135477 1.77797 0)
(0.000879684 1.77784 0)
(0.000472626 1.77654 0)
(0.000138964 1.69623 0)
(-8.2252e-06 0.622103 0)
(1.63932e-05 1.39298 0)
(0.000225779 1.77278 0)
(0.000516229 1.78535 0)
(0.000862323 1.78538 0)
(0.00126526 1.78525 0)
(0.00172278 1.78502 0)
(0.00221961 1.78467 0)
(0.00272154 1.78414 0)
(0.00316037 1.78338 0)
(0.00340729 1.78237 0)
(0.00331571 1.78128 0)
(0.00295561 1.7804 0)
(0.00247468 1.77976 0)
(0.00196863 1.77933 0)
(0.00149002 1.77906 0)
(0.00106006 1.77889 0)
(0.000686966 1.77879 0)
(0.000370108 1.7775 0)
(0.000107181 1.69707 0)
(-7.86355e-06 0.62214 0)
(1.21224e-05 1.3926 0)
(0.000174967 1.77206 0)
(0.000400763 1.78461 0)
(0.000670156 1.78465 0)
(0.000984777 1.78455 0)
(0.00134288 1.78438 0)
(0.00173238 1.7841 0)
(0.00212493 1.78369 0)
(0.00246804 1.7831 0)
(0.00266405 1.7823 0)
(0.00259571 1.78146 0)
(0.0023146 1.78077 0)
(0.00193787 1.78028 0)
(0.00154461 1.77995 0)
(0.00117098 1.77973 0)
(0.000833969 1.7796 0)
(0.000540932 1.77952 0)
(0.000291265 1.77824 0)
(8.64112e-05 1.69771 0)
(-5.34568e-06 0.622173 0)
(1.0266e-05 1.39231 0)
(0.0001369 1.77149 0)
(0.000313452 1.78403 0)
(0.000523335 1.78409 0)
(0.00076652 1.78401 0)
(0.00104424 1.78387 0)
(0.00134925 1.78366 0)
(0.00165786 1.78333 0)
(0.00192802 1.78287 0)
(0.00208518 1.78225 0)
(0.00203646 1.78159 0)
(0.00181988 1.78106 0)
(0.00152794 1.78069 0)
(0.001219 1.78043 0)
(0.000923859 1.78027 0)
(0.000657978 1.78017 0)
(0.000427211 1.78011 0)
(0.000230362 1.77883 0)
(6.67342e-05 1.69823 0)
(-4.17246e-06 0.62219 0)
(6.36371e-06 1.39208 0)
(0.000103872 1.77105 0)
(0.000240909 1.78358 0)
(0.000404191 1.78364 0)
(0.000595207 1.78358 0)
(0.000811503 1.78348 0)
(0.00104852 1.78331 0)
(0.00129151 1.78305 0)
(0.00150652 1.78269 0)
(0.00163547 1.78221 0)
(0.00160408 1.7817 0)
(0.00143861 1.78129 0)
(0.00121194 1.781 0)
(0.000966664 1.78081 0)
(0.000732438 1.78068 0)
(0.000523319 1.78061 0)
(0.000340339 1.78056 0)
(0.000181915 1.77929 0)
(5.3783e-05 1.69863 0)
(-2.51312e-06 0.622216 0)
(5.08676e-06 1.3919 0)
(8.02914e-05 1.77071 0)
(0.000184176 1.78322 0)
(0.000306044 1.7833 0)
(0.000453975 1.78326 0)
(0.00062435 1.78317 0)
(0.000809548 1.78304 0)
(0.00100165 1.78283 0)
(0.00117509 1.78255 0)
(0.00128355 1.78217 0)
(0.00126816 1.78178 0)
(0.00114599 1.78147 0)
(0.000973172 1.78125 0)
(0.000782455 1.78111 0)
(0.000598828 1.78102 0)
(0.00042843 1.78097 0)
(0.000278196 1.78093 0)
(0.000148197 1.77966 0)
(4.6664e-05 1.69897 0)
(-1.7626e-06 0.622256 0)
(1.84116e-06 1.39178 0)
(5.76486e-05 1.77045 0)
(0.000138083 1.78295 0)
(0.000232981 1.78303 0)
(0.000343465 1.78301 0)
(0.000469468 1.78294 0)
(0.000613329 1.78283 0)
(0.000767796 1.78266 0)
(0.000911524 1.78243 0)
(0.00100912 1.78214 0)
(0.0010105 1.78183 0)
(0.000926089 1.7816 0)
(0.000803409 1.78144 0)
(0.000656851 1.78135 0)
(0.000512019 1.7813 0)
(0.000365901 1.78127 0)
(0.000233937 1.78124 0)
(0.000120322 1.77998 0)
(3.71373e-05 1.69926 0)
(-7.30382e-07 0.622279 0)
(-1.46473e-06 1.3917 0)
(3.31885e-05 1.77027 0)
(9.31249e-05 1.78276 0)
(0.000173668 1.78284 0)
(0.000256762 1.78281 0)
(0.000347602 1.78275 0)
(0.000459072 1.78266 0)
(0.000585245 1.78252 0)
(0.000711279 1.78233 0)
(0.000806652 1.7821 0)
(0.00082623 1.78187 0)
(0.00077125 1.7817 0)
(0.000683563 1.78158 0)
(0.000582547 1.78153 0)
(0.000457788 1.78151 0)
(0.000327676 1.7815 0)
(0.000216897 1.78147 0)
(0.000128531 1.78025 0)
(5.03375e-05 1.6995 0)
(1.93598e-06 0.622343 0)
(-1.07135e-05 1.39166 0)
(1.06959e-05 1.77014 0)
(4.70197e-05 1.78263 0)
(0.000103814 1.7827 0)
(0.000156594 1.78264 0)
(0.000231154 1.78258 0)
(0.000319142 1.7825 0)
(0.000426168 1.78238 0)
(0.000541776 1.78222 0)
(0.00064228 1.78203 0)
(0.000689624 1.78186 0)
(0.000678341 1.78175 0)
(0.000620935 1.78168 0)
(0.000537797 1.78168 0)
(0.000434345 1.78169 0)
(0.000327994 1.78171 0)
(0.00024413 1.78174 0)
(0.000197794 1.78051 0)
(8.28675e-05 1.69972 0)
(7.66859e-06 0.622416 0)
(-1.82701e-05 1.39171 0)
(-3.2993e-05 1.7701 0)
(-4.04697e-06 1.78255 0)
(-1.58469e-05 1.7826 0)
(1.92301e-05 1.78253 0)
(9.19086e-05 1.78244 0)
(0.000187963 1.78234 0)
(0.000295377 1.78223 0)
(0.000410059 1.78209 0)
(0.000519221 1.78195 0)
(0.00059037 1.78182 0)
(0.000616842 1.78175 0)
(0.000616148 1.78174 0)
(0.000577831 1.78176 0)
(0.000509615 1.78181 0)
(0.000424039 1.78186 0)
(0.000311291 1.7819 0)
(0.000158061 1.7808 0)
(9.32652e-05 1.70006 0)
(2.76902e-05 0.622703 0)
(-4.25151e-05 0.622679 0)
(-0.000143532 1.70063 0)
(-0.000193546 1.7813 0)
(-0.000176302 1.78275 0)
(-0.000231251 1.78261 0)
(-0.00022088 1.78242 0)
(-0.000130055 1.78226 0)
(7.46342e-06 1.78214 0)
(0.000156887 1.78203 0)
(0.000295929 1.78192 0)
(0.000416556 1.7818 0)
(0.000519866 1.78171 0)
(0.000615434 1.78167 0)
(0.000707686 1.78169 0)
(0.000800867 1.78181 0)
(0.000853909 1.78201 0)
(0.000829084 1.78228 0)
(0.000706437 1.78236 0)
(0.000508838 1.76984 0)
(5.88688e-05 0.62334 0)
(0.133316 2.80063 -2.51607e-21)
(0.0540389 3.12033 0)
(-0.0133228 3.13782 -2.23714e-19)
(-0.0535093 3.15671 1.26143e-19)
(-0.0756242 3.1915 -1.14921e-19)
(-0.0766602 3.23589 -1.42608e-19)
(-0.0330797 3.27848 7.94427e-20)
(0.0357828 3.27392 -6.02778e-20)
(0.0340259 3.14949 -1.41568e-19)
(-0.0140188 1.64665 6.45601e-22)
(0.05618 2.6897 1.96738e-19)
(0.00909529 3.15414 1.47986e-19)
(-0.0296665 3.18026 0)
(-0.0390192 3.19791 -1.59757e-19)
(-0.0362763 3.2181 2.25753e-20)
(-0.0192735 3.23218 1.62853e-20)
(0.00369923 3.23261 -1.1378e-21)
(0.0085937 3.21463 -1.15651e-19)
(-0.0156863 3.15452 -1.547e-19)
(-0.0377983 1.68276 4.8208e-21)
(0.0338645 2.71111 -2.43832e-19)
(-0.000506507 3.17574 -1.33634e-21)
(-0.0195383 3.20009 2.85528e-20)
(-0.0195723 3.20951 -4.45213e-23)
(-0.0128212 3.21597 5.50672e-22)
(-0.00372254 3.21737 0)
(0.00199055 3.21535 -9.26081e-20)
(-0.0038461 3.21021 -1.25253e-19)
(-0.0202227 3.16345 1.54348e-19)
(-0.0352846 1.6684 1.63689e-19)
(0.0260421 2.73897 -5.89656e-21)
(0.00205459 3.18716 1.35362e-20)
(-0.00823229 3.20504 -7.08472e-21)
(-0.00823598 3.20828 1.774e-21)
(-0.00422472 3.20964 -4.42594e-20)
(-0.000747855 3.20964 -5.29642e-20)
(0.000522538 3.21399 -6.61277e-20)
(-0.00638059 3.21575 2.50753e-21)
(-0.0182105 3.16614 7.78262e-20)
(-0.0325678 1.65619 5.29916e-21)
(0.0222649 2.76025 -1.25586e-20)
(0.0058129 3.19024 1.20931e-20)
(-0.00207901 3.20424 7.52927e-20)
(-0.00323359 3.20539 4.66896e-20)
(-0.000822409 3.20559 0)
(0.00117596 3.2064 4.04855e-21)
(0.00155222 3.21933 -2.24218e-21)
(-0.00471751 3.22354 -9.05516e-20)
(-0.0153916 3.16624 -2.9488e-21)
(-0.0289179 1.6431 1.01162e-19)
(0.019438 2.77408 5.59686e-20)
(0.0072153 3.19004 1.28904e-21)
(0.000782466 3.20232 -5.75883e-20)
(-0.00101231 3.20263 -6.83869e-20)
(0.00047171 3.20225 6.8457e-20)
(0.00175179 3.20366 -7.65343e-20)
(0.00146177 3.22512 0)
(-0.00320377 3.23108 -2.04897e-19)
(-0.0120225 3.16666 1.14475e-19)
(-0.0249578 1.63221 -2.38408e-19)
(0.0167319 2.78261 1.13997e-21)
(0.00700865 3.1892 0)
(0.00115735 3.20053 -7.52542e-20)
(-0.000789773 3.20051 0)
(-0.00020859 3.19975 -1.03944e-19)
(0.000158976 3.20166 0)
(-0.000431781 3.22708 -1.31365e-20)
(-0.00206875 3.23328 -1.00132e-19)
(-0.00888267 3.17053 -2.01751e-21)
(-0.0212894 1.62089 1.31097e-19)
(0.0141217 2.78831 7.02274e-22)
(0.0055241 3.19009 -1.05298e-19)
(-0.000362892 3.20045 1.05339e-19)
(-0.00269554 3.19999 0)
(-0.00294778 3.19925 0)
(-0.00369302 3.20153 0)
(-0.00238407 3.22265 -1.35414e-19)
(-0.000213074 3.23028 5.60143e-23)
(-0.00663274 3.17904 -1.44645e-19)
(-0.0187137 1.60553 1.51937e-19)
(0.0119177 2.79195 1.72777e-21)
(0.00274314 3.1935 8.83424e-21)
(-0.00403074 3.20208 1.13355e-19)
(-0.00618882 3.19929 0)
(-0.00580316 3.19795 0)
(-0.00467085 3.20044 8.81811e-21)
(-0.000404534 3.21151 1.39057e-19)
(0.00384748 3.22371 1.58373e-19)
(-0.0015053 3.19078 1.50546e-19)
(-0.0136393 1.59545 0)
(0.00662724 2.79862 2.50591e-19)
(-0.00546664 3.20467 -6.61056e-23)
(-0.0117243 3.20739 6.50378e-20)
(-0.0109541 3.19915 1.32391e-19)
(-0.00802107 3.19515 1.22461e-22)
(-0.00314611 3.1965 -1.45533e-19)
(0.00453877 3.20253 1.72266e-19)
(0.0123251 3.22095 2.5068e-19)
(0.0149082 3.19711 -2.7326e-21)
(-0.00547673 1.61843 8.67493e-20)
(-0.00628696 2.82128 -7.22873e-20)
(-0.0188598 3.21812 7.26172e-20)
(-0.0202494 3.20575 1.68751e-19)
(-0.0158639 3.18724 1.06331e-20)
(-0.00877976 3.17695 0)
(0.00229588 3.17431 -8.95427e-20)
(0.0140645 3.18163 -1.00748e-19)
(0.02684 3.20231 -6.20537e-21)
(0.038934 3.19085 0)
(0.00222679 1.69652 -2.04669e-19)
(-0.0400923 2.86185 -2.48467e-21)
(-0.0434141 3.21125 -5.36355e-21)
(-0.0348088 3.18281 -9.01281e-20)
(-0.0226526 3.16029 -1.14137e-19)
(-0.00753385 3.14999 1.19003e-19)
(0.00826218 3.14867 2.28021e-19)
(0.0258197 3.15548 -1.14707e-19)
(0.0458241 3.17475 -7.14044e-21)
(0.068881 3.17872 -3.68554e-21)
(0.0233486 1.8576 -2.40719e-19)
(-0.083689 2.94602 5.01614e-23)
(-0.0655049 3.18634 -1.00554e-19)
(-0.0445841 3.15374 1.0362e-19)
(-0.0252691 3.13158 0)
(-0.00726408 3.11984 -2.94133e-20)
(0.0109368 3.11624 1.52724e-20)
(0.0307339 3.12094 -6.64365e-20)
(0.0524403 3.13617 -1.35677e-19)
(0.0768966 3.15028 -8.50508e-21)
(0.0377448 2.10575 0)
(-0.0948058 3.01711 3.6553e-21)
(-0.0694566 3.11994 -7.69552e-21)
(-0.0499835 3.08847 6.77331e-20)
(-0.0301571 3.07013 6.45581e-20)
(-0.00879631 3.06188 5.45576e-20)
(0.0128466 3.06078 0)
(0.034368 3.06716 0)
(0.0533659 3.08301 8.98974e-20)
(0.0753639 3.10923 8.24867e-20)
(0.0463247 2.38016 0)
(-0.09655 3.04802 2.25919e-20)
(-0.0698398 3.05747 7.03752e-20)
(-0.044369 3.0346 0)
(-0.0233453 3.02443 1.90558e-20)
(-0.00523385 3.0206 7.06198e-24)
(0.0111165 3.02018 2.00955e-20)
(0.0291554 3.02273 -4.09323e-20)
(0.0498239 3.03151 4.5238e-20)
(0.0799361 3.05652 1.14655e-20)
(0.050545 2.66528 5.13269e-20)
(-0.0538845 2.99723 -2.87412e-22)
(-0.0245749 3.00018 -1.81237e-20)
(-0.0122188 3.00075 0)
(-0.00566254 3.00054 1.72885e-20)
(-0.00140173 3.00103 -1.70603e-20)
(0.00284013 3.00042 1.78848e-20)
(0.00702428 2.99991 0)
(0.0136522 3.00021 1.98681e-20)
(0.0292662 3.00068 -2.1589e-20)
(0.0275253 2.90852 0)
(0.555595 -0.0275181 0)
(1.04025 -0.0717032 0)
(1.03628 -0.0591483 0)
(1.01468 -0.0435553 0)
(1.00263 -0.0305078 0)
(0.99694 -0.0211267 0)
(0.994605 -0.0144447 0)
(0.993486 -0.00950885 0)
(0.99269 -0.00554858 0)
(0.99226 -0.00223128 0)
(0.992166 0.00101278 0)
(0.99243 0.00428819 0)
(0.992999 0.0078097 0)
(0.993982 0.0120803 0)
(0.995512 0.0176265 0)
(0.999193 0.0255064 0)
(1.00763 0.0366794 0)
(1.02421 0.0512928 0)
(1.04733 0.0664643 0)
(0.948095 0.0713455 0)
(0.382068 -0.00354659 0)
(1.03768 -0.0216832 0)
(1.06805 -0.0253512 0)
(1.04938 -0.0261632 0)
(1.0364 -0.0248623 0)
(1.02692 -0.0216434 0)
(1.02058 -0.0173444 0)
(1.01648 -0.0126761 0)
(1.01418 -0.0080421 0)
(1.0129 -0.00322253 0)
(1.01269 0.00170052 0)
(1.01335 0.00650785 0)
(1.01497 0.0111247 0)
(1.01816 0.0158782 0)
(1.02329 0.0203874 0)
(1.03118 0.0240549 0)
(1.04231 0.0262116 0)
(1.05797 0.0263579 0)
(1.07102 0.0236194 0)
(0.85458 0.0155826 0)
(0.358408 0.000614903 0)
(0.990349 -0.0025854 0)
(1.03714 -0.00916914 0)
(1.03186 -0.0140119 0)
(1.02517 -0.0158036 0)
(1.01968 -0.0149502 0)
(1.01426 -0.0132826 0)
(1.01015 -0.0106581 0)
(1.00712 -0.00737234 0)
(1.00587 -0.00300784 0)
(1.00534 0.00181543 0)
(1.00635 0.00638399 0)
(1.00865 0.0103929 0)
(1.01184 0.0132936 0)
(1.01652 0.0153464 0)
(1.02164 0.016521 0)
(1.02778 0.0160059 0)
(1.03447 0.0123604 0)
(1.03139 0.00613747 0)
(0.806302 5.08871e-05 0)
(0.359734 -7.53182e-05 0)
(0.983136 -0.00138482 0)
(1.03055 -0.0037583 0)
(1.02985 -0.00619231 0)
(1.02736 -0.00822246 0)
(1.02401 -0.00940348 0)
(1.01991 -0.00922316 0)
(1.01664 -0.00781576 0)
(1.01393 -0.00529383 0)
(1.01293 -0.00208373 0)
(1.01226 0.00174598 0)
(1.01336 0.00537787 0)
(1.01519 0.0080419 0)
(1.0178 0.00981209 0)
(1.0212 0.0103441 0)
(1.02468 0.00960749 0)
(1.02762 0.00773293 0)
(1.0295 0.00524464 0)
(1.02285 0.00259802 0)
(0.803211 0.000512292 0)
(0.358344 -1.80843e-05 0)
(0.97828 -0.000340972 0)
(1.02449 -0.00148344 0)
(1.02454 -0.00284344 0)
(1.02339 -0.00409852 0)
(1.02168 -0.0050079 0)
(1.01943 -0.00514617 0)
(1.01721 -0.0044737 0)
(1.01525 -0.00289333 0)
(1.01419 -0.00083725 0)
(1.01362 0.00163191 0)
(1.01429 0.00366379 0)
(1.0162 0.00563958 0)
(1.01736 0.00625983 0)
(1.01944 0.00615561 0)
(1.02126 0.00536602 0)
(1.02264 0.0041402 0)
(1.02346 0.00273357 0)
(1.01659 0.00136376 0)
(0.79879 0.000286133 0)
(0.357631 -4.25412e-05 0)
(0.976332 -0.000474227 0)
(1.02198 -0.000999097 0)
(1.02238 -0.0015453 0)
(1.02185 -0.00210753 0)
(1.02097 -0.00255746 0)
(1.01972 -0.00268527 0)
(1.01827 -0.00233798 0)
(1.01685 -0.00139924 0)
(1.01579 -6.47467e-06 0)
(1.01525 0.00169552 0)
(1.01563 0.00325832 0)
(1.01705 0.00377056 0)
(1.01761 0.00404679 0)
(1.01879 0.00380816 0)
(1.01975 0.00319465 0)
(1.02041 0.00239069 0)
(1.02075 0.00155942 0)
(1.01371 0.000786926 0)
(0.796728 0.00017736 0)
(0.356954 -9.61948e-06 0)
(0.974905 -0.000248629 0)
(1.02103 -0.000499187 0)
(1.02152 -0.000736596 0)
(1.02117 -0.000971726 0)
(1.02061 -0.00114815 0)
(1.01983 -0.00116404 0)
(1.01886 -0.000909891 0)
(1.01781 -0.00029361 0)
(1.01688 0.00066938 0)
(1.01634 0.00182265 0)
(1.01644 0.00278235 0)
(1.01709 0.00295404 0)
(1.01752 0.00294865 0)
(1.01811 0.00263399 0)
(1.01858 0.00213294 0)
(1.0189 0.00157103 0)
(1.01903 0.00101352 0)
(1.01192 0.000520628 0)
(0.79539 0.000122378 0)
(0.356792 1.96178e-06 0)
(0.974309 -3.968e-05 0)
(1.02057 -0.000114725 0)
(1.02116 -0.00018542 0)
(1.02093 -0.000234927 0)
(1.02056 -0.000235034 0)
(1.02002 -0.000136562 0)
(1.01931 0.000125601 0)
(1.01847 0.000604744 0)
(1.01763 0.00129645 0)
(1.01702 0.00206099 0)
(1.01685 0.00257684 0)
(1.01702 0.0026101 0)
(1.01722 0.0024272 0)
(1.01747 0.00207243 0)
(1.01767 0.0016361 0)
(1.01781 0.00118315 0)
(1.01784 0.000764103 0)
(1.0107 0.000394747 0)
(0.794435 9.69279e-05 0)
(0.356857 1.01582e-05 0)
(0.974298 5.21834e-05 0)
(1.02056 0.000107118 0)
(1.02119 0.000178023 0)
(1.02102 0.000274964 0)
(1.02074 0.000417527 0)
(1.02031 0.000632507 0)
(1.01973 0.000950591 0)
(1.019 0.00139229 0)
(1.01817 0.00193604 0)
(1.01743 0.00244422 0)
(1.017 0.002674 0)
(1.01683 0.00257584 0)
(1.0168 0.00227533 0)
(1.01683 0.00187957 0)
(1.01687 0.00145451 0)
(1.01691 0.00104436 0)
(1.01687 0.000675879 0)
(1.00971 0.000351445 0)
(0.793629 9.01942e-05 0)
(0.357068 1.49813e-05 0)
(0.974642 0.000129056 0)
(1.0209 0.000283958 0)
(1.02153 0.000464486 0)
(1.02138 0.000686035 0)
(1.02114 0.000957703 0)
(1.02076 0.00129189 0)
(1.02021 0.00169626 0)
(1.01947 0.00216472 0)
(1.01858 0.00264642 0)
(1.01765 0.00299715 0)
(1.01695 0.00303664 0)
(1.01654 0.00279027 0)
(1.0163 0.00239259 0)
(1.01616 0.00193546 0)
(1.01608 0.00147653 0)
(1.01604 0.0010538 0)
(1.01596 0.000679702 0)
(1.00879 0.00035917 0)
(0.792853 9.41007e-05 0)
(0.357401 2.13817e-05 0)
(0.975276 0.000194702 0)
(1.02152 0.000440377 0)
(1.02215 0.000729807 0)
(1.02201 0.00107266 0)
(1.02175 0.00147653 0)
(1.02136 0.00194109 0)
(1.02078 0.00246041 0)
(1.01997 0.0030025 0)
(1.01892 0.00348533 0)
(1.01776 0.00374391 0)
(1.01677 0.0036327 0)
(1.0161 0.00324717 0)
(1.01567 0.00273132 0)
(1.01539 0.0021815 0)
(1.01522 0.00165418 0)
(1.01512 0.00117805 0)
(1.015 0.000758809 0)
(1.00782 0.000405058 0)
(0.792017 0.00010673 0)
(0.357867 2.87483e-05 0)
(0.976199 0.00026798 0)
(1.02243 0.000612091 0)
(1.02306 0.00101542 0)
(1.02289 0.00148896 0)
(1.02261 0.00203685 0)
(1.02216 0.00265599 0)
(1.02148 0.00332277 0)
(1.02053 0.00397975 0)
(1.01926 0.00451457 0)
(1.01777 0.00472423 0)
(1.01646 0.0044826 0)
(1.01552 0.0039444 0)
(1.01488 0.00328143 0)
(1.01446 0.00260222 0)
(1.0142 0.0019658 0)
(1.01404 0.00139542 0)
(1.01389 0.00090271 0)
(1.00669 0.000480975 0)
(0.791033 0.000127667 0)
(0.358488 3.76913e-05 0)
(0.977448 0.000353996 0)
(1.02368 0.000812505 0)
(1.02428 0.00134815 0)
(1.02408 0.00197633 0)
(1.02374 0.002699 0)
(1.02319 0.00350466 0)
(1.02237 0.00435634 0)
(1.0212 0.00517463 0)
(1.01961 0.00580328 0)
(1.01772 0.00599316 0)
(1.01601 0.00561836 0)
(1.01476 0.00490288 0)
(1.0139 0.0040578 0)
(1.01333 0.00320636 0)
(1.01296 0.00241477 0)
(1.01274 0.00171268 0)
(1.01256 0.00110954 0)
(1.00534 0.000591021 0)
(0.789838 0.000159023 0)
(0.359301 4.89894e-05 0)
(0.979092 0.00046177 0)
(1.02532 0.00105818 0)
(1.02589 0.00175872 0)
(1.02564 0.00257569 0)
(1.02522 0.00351247 0)
(1.02453 0.00455065 0)
(1.0235 0.00564045 0)
(1.02202 0.0066695 0)
(1.02002 0.00743413 0)
(1.0176 0.00762388 0)
(1.0154 0.00710207 0)
(1.01378 0.00616839 0)
(1.01265 0.00508681 0)
(1.0119 0.00401161 0)
(1.01142 0.00301973 0)
(1.01113 0.00214237 0)
(1.01091 0.00138229 0)
(1.00366 0.000738937 0)
(0.788356 0.000199845 0)
(0.360356 6.35198e-05 0)
(0.981223 0.000596579 0)
(1.02744 0.00136974 0)
(1.02798 0.00227298 0)
(1.02766 0.00333056 0)
(1.02712 0.00453818 0)
(1.02625 0.00587263 0)
(1.02494 0.0072639 0)
(1.02306 0.00856492 0)
(1.0205 0.0095118 0)
(1.01742 0.00971115 0)
(1.01459 0.00901031 0)
(1.01251 0.0078029 0)
(1.01106 0.00642361 0)
(1.01009 0.00505947 0)
(1.00947 0.00380495 0)
(1.0091 0.00269941 0)
(1.00883 0.00174585 0)
(1.00154 0.000936209 0)
(0.786486 0.000250447 0)
(0.361723 8.24082e-05 0)
(0.983974 0.000773186 0)
(1.03019 0.00176884 0)
(1.03068 0.00293679 0)
(1.03026 0.00429506 0)
(1.02956 0.00584936 0)
(1.02845 0.00756181 0)
(1.02677 0.00933771 0)
(1.02436 0.0109857 0)
(1.02108 0.0121648 0)
(1.01715 0.0123773 0)
(1.01355 0.011451 0)
(1.01089 0.00989788 0)
(1.00904 0.00813627 0)
(1.0078 0.0064033 0)
(1.00702 0.00481309 0)
(1.00654 0.00340898 0)
(1.00621 0.00220352 0)
(0.998878 0.00117716 0)
(0.784128 0.000315484 0)
(0.363494 0.00010746 0)
(0.987529 0.000999038 0)
(1.03373 0.00228649 0)
(1.03415 0.00379129 0)
(1.03361 0.00554589 0)
(1.0327 0.00754302 0)
(1.03126 0.00973733 0)
(1.02909 0.0120033 0)
(1.02599 0.0140886 0)
(1.02179 0.0155553 0)
(1.01678 0.0157777 0)
(1.01219 0.0145571 0)
(1.00882 0.0125607 0)
(1.00648 0.0103146 0)
(1.00491 0.00811055 0)
(1.00391 0.00609278 0)
(1.00329 0.00431688 0)
(1.00289 0.00279056 0)
(0.995508 0.00148944 0)
(0.781148 0.000399781 0)
(0.365799 0.000140401 0)
(0.992126 0.00129804 0)
(1.03831 0.00296268 0)
(1.03863 0.00490904 0)
(1.03793 0.00717048 0)
(1.03673 0.00974333 0)
(1.03486 0.0125578 0)
(1.03205 0.0154468 0)
(1.02804 0.0180791 0)
(1.02266 0.0198931 0)
(1.01626 0.0201061 0)
(1.01044 0.0185004 0)
(1.00617 0.015933 0)
(1.0032 0.0130685 0)
(1.00122 0.0102708 0)
(0.999957 0.00771353 0)
(0.999188 0.00546386 0)
(0.998691 0.00352936 0)
(0.991245 0.00188564 0)
(0.77738 0.000505557 0)
(0.368815 0.000185622 0)
(0.99809 0.00169519 0)
(1.04424 0.003856 0)
(1.04443 0.00637952 0)
(1.0435 0.00930795 0)
(1.04193 0.0126263 0)
(1.03946 0.0162372 0)
(1.03579 0.0199148 0)
(1.0306 0.0232232 0)
(1.02368 0.0254431 0)
(1.01553 0.0256053 0)
(1.00817 0.0234873 0)
(1.00279 0.0201941 0)
(0.999045 0.0165474 0)
(0.996551 0.0129959 0)
(0.994956 0.0097556 0)
(0.993985 0.00690873 0)
(0.993373 0.0044615 0)
(0.985845 0.00238138 0)
(0.772616 0.000636111 0)
(0.372793 0.000247669 0)
(1.00587 0.00222845 0)
(1.05197 0.00505202 0)
(1.05197 0.00834256 0)
(1.05071 0.0121484 0)
(1.04861 0.0164391 0)
(1.04534 0.0210761 0)
(1.04052 0.0257439 0)
(1.03377 0.029869 0)
(1.02487 0.0325394 0)
(1.01451 0.0325748 0)
(1.00523 0.029774 0)
(0.998471 0.0255517 0)
(0.993777 0.020921 0)
(0.990643 0.0164265 0)
(0.988634 0.0123293 0)
(0.987411 0.008728 0)
(0.986656 0.00563491 0)
(0.979025 0.00300672 0)
(0.766605 0.000802344 0)
(0.378108 0.000336657 0)
(1.0161 0.00296809 0)
(1.06209 0.00668544 0)
(1.06183 0.0110082 0)
(1.0601 0.0159812 0)
(1.05725 0.0215507 0)
(1.05285 0.0275021 0)
(1.04645 0.0333956 0)
(1.03762 0.0384765 0)
(1.02619 0.0416024 0)
(1.01308 0.0413692 0)
(1.00144 0.0376603 0)
(0.992993 0.0322669 0)
(0.987115 0.0264091 0)
(0.98318 0.0207373 0)
(0.980652 0.0155692 0)
(0.979106 0.0110263 0)
(0.978163 0.00711997 0)
(0.9704 0.00379779 0)
(0.759011 0.00101156 0)
(0.385344 0.000471641 0)
(1.02972 0.00402045 0)
(1.07552 0.00898208 0)
(1.07483 0.0147155 0)
(1.07239 0.0212767 0)
(1.06842 0.0285325 0)
(1.0624 0.0361516 0)
(1.0538 0.0435167 0)
(1.04221 0.0496428 0)
(1.02755 0.0531371 0)
(1.01105 0.0524034 0)
(0.996564 0.0474919 0)
(0.986067 0.0406445 0)
(0.978732 0.0332844 0)
(0.973787 0.0261684 0)
(0.970586 0.0196705 0)
(0.968619 0.0139428 0)
(0.967431 0.00900691 0)
(0.959494 0.00480455 0)
(0.74942 0.00128047 0)
(0.395499 0.000690631 0)
(1.04827 0.00558731 0)
(1.09366 0.0123222 0)
(1.09222 0.0200726 0)
(1.08861 0.0288208 0)
(1.08289 0.0383072 0)
(1.07444 0.0479914 0)
(1.06275 0.0570127 0)
(1.0475 0.0641312 0)
(1.02876 0.067738 0)
(1.00819 0.0661278 0)
(0.990355 0.0596489 0)
(0.977424 0.051038 0)
(0.968303 0.0418867 0)
(0.962067 0.0330345 0)
(0.957963 0.0249061 0)
(0.955397 0.0176938 0)
(0.953837 0.0114492 0)
(0.945644 0.00611542 0)
(0.737229 0.00163496 0)
(0.410481 0.00109114 0)
(1.07458 0.00796222 0)
(1.11887 0.0174284 0)
(1.11594 0.0282446 0)
(1.1102 0.0401227 0)
(1.10155 0.0524806 0)
(1.08939 0.0645138 0)
(1.07334 0.0751131 0)
(1.05331 0.0828657 0)
(1.02959 0.0860452 0)
(1.00427 0.0829885 0)
(0.982593 0.0745041 0)
(0.96683 0.063832 0)
(0.95554 0.0526501 0)
(0.947618 0.0418056 0)
(0.942226 0.0317375 0)
(0.938714 0.0226685 0)
(0.936504 0.0147019 0)
(0.927827 0.00785583 0)
(0.721458 0.0021248 0)
(0.434815 0.00190883 0)
(1.11421 0.0116986 0)
(1.15476 0.0263711 0)
(1.14841 0.0422918 0)
(1.13856 0.0583952 0)
(1.12496 0.0739286 0)
(1.10722 0.0879652 0)
(1.08524 0.0994198 0)
(1.05922 0.106871 0)
(1.02968 0.10867 0)
(0.999035 0.103356 0)
(0.973139 0.0923592 0)
(0.954204 0.0793797 0)
(0.940345 0.0660535 0)
(0.930238 0.0531242 0)
(0.922952 0.0409281 0)
(0.9178 0.0296177 0)
(0.914197 0.0193102 0)
(0.904237 0.010198 0)
(0.699795 0.00280946 0)
(0.491531 0.00499527 0)
(1.17908 0.021569 8.81628e-34)
(1.20437 0.0481029 3.85739e-34)
(1.19057 0.0703093 0)
(1.17311 0.0899637 0)
(1.15167 0.10707 0)
(1.12619 0.121241 0)
(1.09684 0.13168 0)
(1.06394 0.137119 0)
(1.02808 0.136071 0)
(0.991879 0.127422 0)
(0.961633 0.113337 0)
(0.939386 0.0978785 8.72637e-34)
(0.922701 0.0824853 0)
(0.910001 0.0676981 0)
(0.900188 0.0536277 0)
(0.892533 0.0401869 0)
(0.886341 0.0273111 0)
(0.872523 0.0145748 0)
(0.663868 0.00496164 0)
(0.531372 0.0195538 4.46162e-21)
(1.2479 0.0665606 2.4604e-20)
(1.25994 0.095807 7.50284e-21)
(1.23462 0.117326 1.27499e-20)
(1.2068 0.13594 0)
(1.17611 0.151869 -1.81499e-20)
(1.14231 0.164637 1.46584e-20)
(1.10531 0.173169 -1.33443e-22)
(1.06525 0.176194 0)
(1.02255 0.17225 -1.68607e-20)
(0.979977 0.160432 -2.26047e-23)
(0.94428 0.143628 0)
(0.917506 0.126259 -9.12914e-20)
(0.896742 0.10955 -1.33544e-20)
(0.880167 0.0940027 -6.32638e-20)
(0.866614 0.0794798 1.86795e-20)
(0.855263 0.0658018 0)
(0.845475 0.0526761 1.10616e-19)
(0.826839 0.0391264 -1.30314e-19)
(0.628142 0.0240302 4.53418e-21)
(0.534077 0.0532353 2.84042e-19)
(1.29219 0.138973 0)
(1.30363 0.164024 -8.14236e-20)
(1.27012 0.179998 0)
(1.2343 0.194239 -1.29705e-19)
(1.19586 0.206528 -7.19054e-20)
(1.15451 0.216007 6.1784e-20)
(1.11022 0.221388 1.06553e-19)
(1.0631 0.22125 -8.64677e-20)
(1.01357 0.21402 -1.44626e-19)
(0.964545 0.199018 1.41307e-19)
(0.923516 0.179796 0)
(0.892643 0.161085 0)
(0.868496 0.144037 5.74335e-20)
(0.848997 0.129046 1.35223e-19)
(0.83289 0.115952 4.01398e-20)
(0.81945 0.104442 4.57599e-20)
(0.808149 0.093924 4.51394e-19)
(0.791073 0.0828131 -1.65995e-20)
(0.606114 0.0586131 -1.26733e-18)
(0.532528 0.0840327 0)
(1.31658 0.216973 -1.44113e-21)
(1.32933 0.239808 -8.19978e-20)
(1.29274 0.250248 0)
(1.25262 0.259258 0)
(1.20904 0.266841 7.42422e-20)
(1.16207 0.272059 -1.26764e-19)
(1.11185 0.273483 -2.21483e-19)
(1.05868 0.269494 1.8475e-19)
(1.0031 0.258407 7.57746e-20)
(0.948433 0.239772 -1.6917e-21)
(0.903005 0.217885 -1.77099e-19)
(0.869114 0.197749 -3.11112e-19)
(0.842888 0.180222 -6.11009e-20)
(0.822036 0.165377 -7.24912e-20)
(0.805182 0.152892 3.43822e-19)
(0.791482 0.142226 4.55844e-19)
(0.780275 0.132762 0)
(0.764159 0.122409 -1.08303e-22)
(0.58783 0.089852 6.25289e-20)
(0.533763 0.114035 3.3225e-20)
(1.33095 0.291503 -5.98129e-20)
(1.34428 0.313876 -3.27693e-19)
(1.30568 0.320372 -1.43193e-19)
(1.26276 0.325403 1.7103e-19)
(1.21566 0.329022 1.30715e-21)
(1.16445 0.33022 1.3734e-19)
(1.1094 0.32763 0)
(1.05103 0.31955 1.96562e-19)
(0.990147 0.304278 -1.60874e-19)
(0.930626 0.28156 1.59137e-19)
(0.88172 0.256539 -1.0164e-21)
(0.845736 0.234465 2.21039e-19)
(0.818334 0.215869 1.30025e-19)
(0.796918 0.20049 3.85783e-19)
(0.779887 0.187878 9.11901e-20)
(0.766244 0.177328 -3.78046e-19)
(0.755305 0.16813 6.39628e-20)
(0.740138 0.157857 1.20303e-18)
(0.570851 0.117724 4.3405e-20)
(0.534737 0.142514 2.88179e-19)
(1.33899 0.363673 -1.71324e-19)
(1.35241 0.385979 0)
(1.31234 0.389388 2.05055e-19)
(1.26731 0.391157 9.59274e-21)
(1.21736 0.391399 1.58523e-19)
(1.16266 0.388984 -3.7446e-21)
(1.10351 0.382584 -2.43347e-19)
(1.0406 0.370433 1.01933e-19)
(0.97498 0.350753 0)
(0.911209 0.323524 6.85166e-19)
(0.859467 0.294801 2.01745e-19)
(0.822034 0.270225 -2.35941e-19)
(0.794018 0.249979 0)
(0.772485 0.233564 0)
(0.755606 0.220301 9.56765e-20)
(0.742262 0.209411 4.55676e-19)
(0.731649 0.200095 0)
(0.717333 0.189583 1.27174e-18)
(0.554377 0.142621 -1.59755e-21)
(0.535416 0.16994 -2.55048e-19)
(1.34279 0.432771 7.18183e-20)
(1.3559 0.455398 -4.41303e-19)
(1.31458 0.456435 -2.97803e-19)
(1.26769 0.455673 -1.90906e-19)
(1.21536 0.453049 0)
(1.15759 0.447491 0)
(1.0948 0.437564 -2.57454e-19)
(1.02773 0.421458 -1.12941e-19)
(0.957736 0.397247 1.8205e-19)
(0.890091 0.365104 3.64181e-19)
(0.835974 0.332099 -2.13977e-19)
(0.797546 0.304462 -2.49305e-19)
(0.769342 0.28207 -1.449e-19)
(0.748024 0.264198 3.43085e-19)
(0.73154 0.249958 4.04888e-19)
(0.718659 0.238369 -1.07371e-18)
(0.708515 0.228698 0)
(0.694992 0.217802 -1.25299e-18)
(0.538139 0.164758 -1.56392e-18)
(0.536187 0.196333 3.03358e-20)
(1.3439 0.498853 1.68529e-19)
(1.35634 0.52215 1.10105e-19)
(1.31375 0.521312 1.03126e-19)
(1.2652 0.518494 1.90555e-19)
(1.2106 0.513453 3.54847e-19)
(1.15006 0.505172 0)
(1.08386 0.492062 -2.74125e-19)
(1.01284 0.472203 4.6987e-19)
(0.938613 0.443448 -2.01149e-19)
(0.867224 0.406011 -3.87926e-19)
(0.810976 0.368105 2.25697e-19)
(0.771948 0.336784 5.22398e-19)
(0.743926 0.311834 0)
(0.723142 0.292151 0)
(0.707303 0.276648 -3.16178e-19)
(0.695022 0.264311 0)
(0.68547 0.253993 0)
(0.672678 0.242681 8.64984e-20)
(0.522026 0.184287 1.57957e-18)
(0.5372 0.22204 0)
(1.3431 0.562249 0)
(1.35466 0.586276 2.1715e-19)
(1.31087 0.583933 2.21516e-19)
(1.26062 0.579423 -3.92785e-19)
(1.20394 0.572414 1.93249e-19)
(1.14069 0.561756 3.29941e-19)
(1.07124 0.545793 1.42303e-19)
(0.996327 0.522446 2.51538e-19)
(0.917821 0.489153 0)
(0.842606 0.446099 0)
(0.784316 0.402632 4.75686e-19)
(0.744983 0.367018 -2.77182e-19)
(0.717528 0.339031 0)
(0.697625 0.317275 1.86478e-19)
(0.682687 0.300362 -2.18033e-19)
(0.671221 0.287025 2.60521e-19)
(0.662326 0.276142 -1.22416e-18)
(0.650307 0.264434 8.95787e-20)
(0.506097 0.201526 -1.8593e-21)
(0.538227 0.246785 -3.07009e-19)
(1.34122 0.622904 0)
(1.35158 0.647812 -1.12852e-19)
(1.30654 0.644271 -2.27963e-19)
(1.25468 0.638375 -4.13419e-19)
(1.19592 0.629699 -1.92218e-19)
(1.13011 0.617018 1.78648e-19)
(1.05741 0.598587 -3.08275e-19)
(0.97861 0.572041 5.3558e-19)
(0.895634 0.534368 2.23203e-19)
(0.816249 0.485397 8.84095e-19)
(0.755792 0.435611 -6.01126e-22)
(0.716415 0.394936 1.37732e-21)
(0.690006 0.363358 3.34514e-19)
(0.671437 0.339303 3.88589e-19)
(0.657762 0.320912 0)
(0.647329 0.306661 -1.36034e-19)
(0.639282 0.295153 -1.26169e-18)
(0.628157 0.283069 -9.20136e-20)
(0.490553 0.216598 0)
(0.539502 0.271105 0)
(1.33868 0.681325 -5.92044e-20)
(1.3476 0.706894 1.17362e-19)
(1.3013 0.702351 -1.03646e-19)
(1.24785 0.6953 4.28922e-19)
(1.18708 0.68526 -1.99388e-19)
(1.1187 0.67087 -1.90812e-19)
(1.04285 0.650296 -3.2875e-19)
(0.960072 0.620938 -5.7276e-19)
(0.872356 0.579155 6.03763e-19)
(0.788209 0.524032 0)
(0.725216 0.467084 0)
(0.685946 0.420414 -3.06583e-19)
(0.661162 0.384629 -3.4738e-19)
(0.644584 0.357977 5.99422e-19)
(0.632678 0.338154 1.17008e-18)
(0.623656 0.323005 5.47198e-19)
(0.616579 0.31114 -1.58831e-19)
(0.606429 0.298795 9.36449e-20)
(0.475824 0.229778 0)
(0.540719 0.294873 -5.8612e-20)
(1.33567 0.7372 -4.67437e-20)
(1.34305 0.7636 2.32906e-19)
(1.29548 0.758214 1.16368e-19)
(1.24045 0.7502 2.20476e-19)
(1.17773 0.738965 2.10976e-19)
(1.10696 0.723187 -1.86781e-19)
(1.02794 0.700863 -5.29365e-19)
(0.941163 0.669132 1.5653e-19)
(0.848298 0.623655 -1.27595e-19)
(0.758614 0.562313 -1.25985e-19)
(0.692269 0.497343 -8.5902e-19)
(0.653179 0.443359 9.60903e-19)
(0.630757 0.402395 3.67999e-19)
(0.617157 0.372809 0)
(0.607828 0.351585 -4.76299e-19)
(0.600695 0.336047 0)
(0.59487 0.324121 -6.50888e-19)
(0.585788 0.311893 7.6704e-19)
(0.46247 0.241473 -7.8403e-19)
(0.542239 0.317953 5.63576e-20)
(1.33231 0.790696 1.19175e-19)
(1.33813 0.818011 1.23331e-19)
(1.28934 0.811883 7.5639e-21)
(1.23278 0.803034 -2.27966e-19)
(1.16821 0.790793 0)
(1.0951 0.773847 -1.96712e-19)
(1.01307 0.75016 1.91304e-19)
(0.922215 0.716542 -4.88785e-19)
(0.823855 0.667972 0)
(0.727547 0.600652 -9.58487e-19)
(0.656684 0.526611 1.06955e-18)
(0.617528 0.463507 -6.77591e-19)
(0.598457 0.4159 0)
(0.589279 0.38293 -4.12783e-19)
(0.583787 0.360704 2.43005e-19)
(0.579309 0.345333 1.40997e-19)
(0.575098 0.334112 4.89787e-19)
(0.567141 0.322701 1.52355e-18)
(0.451559 0.252501 0)
(0.543157 0.340598 -5.29564e-20)
(1.3288 0.841856 0)
(1.33301 0.870121 2.23212e-19)
(1.28301 0.863354 1.25963e-19)
(1.22501 0.853748 -1.12629e-19)
(1.15872 0.840658 -1.01174e-20)
(1.08346 0.822798 -1.03488e-19)
(0.998543 0.798079 7.91394e-19)
(0.903646 0.763145 -5.16289e-22)
(0.799443 0.712198 0)
(0.69541 0.639498 0)
(0.618105 0.555565 -3.05731e-21)
(0.578096 0.480954 5.34786e-19)
(0.563484 0.424433 0)
(0.560974 0.387054 -4.14973e-19)
(0.561436 0.364219 2.31761e-19)
(0.560962 0.350312 1.32406e-19)
(0.558899 0.341125 6.25164e-19)
(0.552172 0.331714 6.52032e-19)
(0.44476 0.263814 0)
(0.544213 0.362334 9.93103e-20)
(1.32516 0.890808 4.61116e-20)
(1.32772 0.920029 -2.36097e-19)
(1.27658 0.912651 -1.28155e-19)
(1.21726 0.902352 -4.88822e-19)
(1.1494 0.888522 4.81144e-19)
(1.07218 0.869958 -3.4727e-19)
(0.984557 0.844538 0)
(0.885802 0.808869 0)
(0.775547 0.756478 -1.29603e-18)
(0.662501 0.679336 1.2819e-18)
(0.576279 0.585119 1.74321e-19)
(0.533596 0.496054 -9.39576e-19)
(0.524505 0.426711 0)
(0.532085 0.383041 8.40078e-19)
(0.542023 0.360229 -2.19388e-19)
(0.547841 0.349882 -7.90773e-19)
(0.548723 0.344947 0)
(0.543103 0.339645 -7.03673e-19)
(0.444055 0.27682 0)
(0.545524 0.383211 -8.63416e-20)
(1.32136 0.937678 8.97365e-20)
(1.32226 0.967716 1.10586e-19)
(1.27006 0.959754 -2.24012e-19)
(1.20955 0.948808 -1.43485e-20)
(1.14035 0.934305 0)
(1.06142 0.915238 0)
(0.971404 0.889429 -1.77014e-18)
(0.868957 0.853567 -4.99618e-19)
(0.752607 0.800762 -1.70376e-19)
(0.629441 0.720648 -1.37958e-18)
(0.531201 0.61644 -7.65113e-19)
(0.482504 0.509642 1.94883e-19)
(0.479256 0.421619 6.19873e-19)
(0.501903 0.367718 -1.99881e-19)
(0.527736 0.345543 4.33875e-19)
(0.543218 0.342087 0)
(0.548627 0.345519 -7.77232e-19)
(0.544136 0.347699 7.94907e-19)
(0.452444 0.293599 0)
(0.546522 0.403232 -1.15203e-19)
(1.31738 0.982509 -8.13771e-20)
(1.31667 1.0132 1.26466e-20)
(1.26348 1.0046 -4.89245e-19)
(1.20196 0.993049 1.23502e-19)
(1.1316 0.977972 5.19877e-19)
(1.05119 0.958521 -6.33958e-19)
(0.95909 0.932623 1.75989e-18)
(0.853373 0.897075 9.60557e-19)
(0.731123 0.844943 -1.00621e-19)
(0.596992 0.763838 1.85945e-19)
(0.48319 0.651037 8.33966e-19)
(0.423031 0.523556 8.64064e-19)
(0.423863 0.408028 -7.9651e-21)
(0.468765 0.335882 -2.05648e-19)
(0.520834 0.314512 2.02376e-19)
(0.553486 0.324483 -2.90555e-20)
(0.564164 0.343067 1.09323e-19)
(0.559459 0.357965 1.47443e-19)
(0.475495 0.318146 -3.29231e-19)
(0.547161 0.422792 -6.47231e-20)
(1.31318 1.02527 7.75967e-20)
(1.31096 1.05646 0)
(1.25694 1.04718 -8.61339e-21)
(1.19453 1.03502 -1.39393e-19)
(1.12315 1.01946 4.12845e-19)
(1.0415 0.999735 -6.45849e-19)
(0.9477 0.974045 1.11542e-18)
(0.839201 0.939324 1.93447e-18)
(0.711494 0.888812 -1.03469e-19)
(0.566126 0.809055 2.05534e-19)
(0.433136 0.690615 -9.14026e-19)
(0.35336 0.540831 2.44046e-19)
(0.352227 0.38561 0)
(0.427701 0.279234 1.928e-19)
(0.527186 0.256507 -3.1103e-20)
(0.591418 0.292801 -1.49243e-19)
(0.608248 0.339279 1.76974e-19)
(0.598743 0.375039 0)
(0.519132 0.354672 0)
(0.547502 0.441086 -2.35644e-20)
(1.30887 1.06599 0)
(1.30516 1.09752 1.41993e-19)
(1.25043 1.08756 2.4669e-19)
(1.18728 1.07481 2.07869e-19)
(1.11505 1.0588 -1.29495e-19)
(1.03227 1.03881 6.94185e-19)
(0.937219 1.01347 2.6137e-19)
(0.826448 0.980052 0)
(0.693999 0.932207 -1.0488e-19)
(0.537668 0.85618 -1.09005e-19)
(0.382722 0.736665 1.00639e-18)
(0.272841 0.566232 1.05733e-18)
(0.255263 0.356591 0)
(0.367342 0.183848 -1.17078e-19)
(0.557638 0.148164 0)
(0.685815 0.240507 0)
(0.702449 0.340872 2.73333e-20)
(0.678186 0.408343 8.19514e-20)
(0.580171 0.403548 4.74673e-20)
(0.547636 0.458987 0)
(1.30438 1.10466 1.82251e-20)
(1.29926 1.13643 -1.44469e-19)
(1.24393 1.12577 2.43696e-19)
(1.18021 1.11243 1.02923e-20)
(1.10735 1.09601 -7.54581e-20)
(1.02366 1.07584 -5.67236e-19)
(0.927518 1.05084 9.75032e-19)
(0.814992 1.01897 0)
(0.678694 0.974705 -3.71131e-18)
(0.512384 0.905003 -1.04896e-19)
(0.334257 0.79043 1.1094e-18)
(0.182988 0.606348 -1.03819e-18)
(0.121646 0.328588 2.1666e-19)
(0.261007 0.0241577 3.36893e-19)
(0.632391 -0.0843879 -1.27545e-19)
(0.925916 0.127205 3.70307e-19)
(0.91125 0.36515 -7.56834e-20)
(0.762745 0.495924 6.77402e-20)
(0.592254 0.475954 5.96528e-20)
(0.547535 0.475716 -1.26961e-20)
(1.29971 1.14133 5.51143e-20)
(1.29323 1.17326 1.33574e-19)
(1.23736 1.1618 2.26261e-19)
(1.17328 1.14784 2.6807e-19)
(1.10002 1.13103 -6.78618e-20)
(1.01582 1.1108 0)
(0.918728 1.08625 2.23492e-18)
(0.80475 1.05594 1.29465e-19)
(0.665491 1.01584 -1.97955e-18)
(0.490704 0.954782 -2.57671e-19)
(0.290357 0.852047 -1.06561e-18)
(0.0887771 0.668696 1.30294e-18)
(-0.0596459 0.320253 3.76217e-19)
(0.0311946 -0.225257 7.77648e-20)
(0.558083 -0.437773 0)
(1.11044 0.108492 0)
(1.11035 0.595604 2.32324e-19)
(0.860197 0.764854 0)
(0.604626 0.546154 0)
(0.54757 0.492057 -8.38842e-21)
(1.2949 1.17642 3.27172e-20)
(1.28691 1.20836 4.60895e-20)
(1.23069 1.19617 2.19219e-19)
(1.16633 1.18171 2.72112e-19)
(1.09271 1.16464 5.76305e-19)
(1.00829 1.14457 -7.84088e-20)
(0.910725 1.12082 1.07875e-20)
(0.795484 1.09256 -8.1814e-19)
(0.653774 1.05723 1.27592e-19)
(0.471933 1.00738 6.32479e-21)
(0.250948 0.925401 -1.25183e-18)
(-0.00609332 0.766113 1.36829e-18)
(-0.30218 0.400639 5.99972e-19)
(-0.503468 -0.0629872 4.9523e-21)
(-0.149933 0.282789 1.19087e-18)
(0.780292 1.14081 0)
(0.921833 1.45906 0)
(0.485122 1.38793 0)
(0.149993 2.20677 9.58645e-20)
(0.547447 0.507947 0)
(1.28962 1.21002 1.36805e-20)
(1.28016 1.24165 -2.54729e-20)
(1.22398 1.22884 -4.63164e-20)
(1.15947 1.21413 -2.60846e-19)
(1.08555 1.19699 -1.0872e-20)
(1.00094 1.17714 5.1702e-19)
(0.903322 1.15436 1.16841e-18)
(0.787596 1.12852 -1.43925e-19)
(0.64407 1.09886 4.14929e-18)
(0.457381 1.06142 1.99179e-18)
(0.220325 1.00766 0)
(-0.0844863 0.908254 1.84946e-19)
(-0.523781 0.715011 7.80007e-19)
(-1.04423 0.736832 -5.97857e-20)
(-1.00495 1.65461 1.13582e-18)
(-0.160425 2.53188 -2.42705e-19)
(0.0961755 2.95732 4.52731e-19)
(0.081549 3.27267 1.47312e-20)
(0.0706966 3.37365 6.43709e-20)
(0.546312 0.523319 2.81283e-20)
(1.28329 1.24223 0)
(1.27297 1.27304 -7.93045e-20)
(1.2172 1.25984 -2.09113e-19)
(1.15265 1.24508 2.65014e-19)
(1.07858 1.22809 1.14786e-20)
(0.993998 1.20853 -6.71984e-19)
(0.896293 1.18687 0)
(0.780927 1.16387 -1.04798e-18)
(0.637438 1.14008 2.03124e-18)
(0.448026 1.11618 -1.30502e-19)
(0.202268 1.09421 3.61045e-21)
(-0.126787 1.07793 -3.0788e-18)
(-0.610808 1.12271 0)
(-1.1511 1.48335 1.25802e-19)
(-1.19419 2.41009 0)
(-0.679423 3.13054 0)
(-0.355109 3.39298 -2.45015e-19)
(-0.191165 3.42132 -5.21471e-19)
(-0.103979 3.36771 3.33907e-19)
(0.56515 0.564237 -1.83375e-20)
(1.27385 1.27642 2.75817e-20)
(1.26556 1.3025 3.50231e-20)
(1.21033 1.2893 -7.90227e-21)
(1.14573 1.27469 2.83566e-20)
(1.0715 1.25792 -6.66826e-20)
(0.987499 1.23892 0)
(0.889541 1.21849 -1.20226e-18)
(0.77463 1.19829 6.74984e-21)
(0.632341 1.18101 -1.19954e-19)
(0.444209 1.17257 -2.16112e-18)
(0.199348 1.185 1.16278e-18)
(-0.117178 1.24091 -1.9241e-19)
(-0.527748 1.42612 -2.06659e-19)
(-0.927369 1.92685 6.61505e-19)
(-0.972569 2.63091 4.41842e-20)
(-0.64582 3.10311 -7.19268e-20)
(-0.39232 3.22497 2.64453e-19)
(-0.240472 3.24248 1.47996e-19)
(-0.164779 3.24622 -4.78149e-19)
(1.09274 1.12865 2.16699e-20)
(1.28081 1.3267 -7.58854e-22)
(1.23499 1.32293 -2.19989e-20)
(1.17485 1.31052 -2.69545e-20)
(1.10526 1.2954 3.95161e-19)
(1.02567 1.27799 0)
(0.935084 1.25766 8.6913e-20)
(0.829953 1.23856 -1.28097e-18)
(0.704073 1.22293 0)
(0.542561 1.21862 1.37123e-19)
(0.337905 1.23958 -2.2089e-18)
(0.0857195 1.3054 0)
(-0.225942 1.46087 0)
(-0.534049 1.82248 0)
(-0.680898 2.33943 0)
(-0.56124 2.75258 0)
(-0.399065 2.96964 8.80998e-20)
(-0.261825 3.07537 0)
(-0.171851 3.12429 -5.33036e-20)
(-0.121109 3.15546 -5.93532e-20)
(1.01363 1.0448 -3.48866e-20)
(1.26552 1.3065 -3.7031e-20)
(1.25868 1.34046 0)
(1.20456 1.32925 -1.37855e-19)
(1.1397 1.31539 2.53603e-19)
(1.06548 1.29913 -6.26269e-20)
(0.98055 1.281 6.63993e-19)
(0.884016 1.26211 7.77198e-20)
(0.77109 1.24539 0)
(0.632317 1.23539 2.03158e-18)
(0.453746 1.24578 2.01797e-18)
(0.233588 1.29851 1.67646e-19)
(-0.026816 1.42362 0)
(-0.309148 1.69142 1.02062e-18)
(-0.505606 2.11064 0)
(-0.502152 2.55091 0)
(-0.347522 2.83745 -6.93586e-20)
(-0.220781 2.97523 -1.04191e-19)
(-0.134796 3.04952 -2.43554e-19)
(-0.0978958 3.10813 0)
(1.03798 1.06372 3.24525e-21)
(1.25868 1.32401 -4.6273e-20)
(1.25258 1.36449 -9.69462e-21)
(1.19754 1.35496 7.74757e-21)
(1.13235 1.34185 -2.24294e-20)
(1.05816 1.32581 5.74928e-20)
(0.974038 1.30837 0)
(0.878166 1.29063 1.12945e-18)
(0.766444 1.27538 -6.73018e-21)
(0.630597 1.26975 1.47967e-19)
(0.461649 1.29106 2.09994e-18)
(0.264833 1.3646 -1.12974e-18)
(0.0592568 1.51812 1.85473e-19)
(-0.125117 1.79209 2.03382e-19)
(-0.229694 2.15866 -1.02204e-18)
(-0.232332 2.5122 -2.71568e-19)
(-0.153835 2.73775 -3.69607e-20)
(-0.0851754 2.90609 -8.45723e-20)
(-0.039298 2.99903 -1.04323e-19)
(-0.0325307 3.06565 -6.66728e-20)
(1.04422 1.09523 -6.59207e-20)
(1.25508 1.34978 0)
(1.24901 1.39368 -7.57668e-21)
(1.19174 1.38447 9.21033e-20)
(1.12583 1.37132 -1.7312e-19)
(1.05149 1.35451 -1.16332e-20)
(0.967469 1.33704 5.74484e-19)
(0.872877 1.31997 0)
(0.763957 1.30733 9.59749e-19)
(0.633806 1.30698 -1.88926e-18)
(0.476517 1.33758 1.21186e-19)
(0.303336 1.4228 -2.04082e-20)
(0.143627 1.58234 2.82817e-18)
(0.0322368 1.83998 0)
(-0.0198474 2.17272 -6.64799e-19)
(-0.0320515 2.47346 0)
(0.0183494 2.69368 0)
(0.0623059 2.83612 4.2066e-20)
(0.0852771 2.97067 2.46427e-19)
(0.055842 3.05757 0)
(1.04689 1.12983 3.51348e-20)
(1.25112 1.38127 8.01003e-20)
(1.24435 1.42689 -2.10494e-20)
(1.18543 1.41652 8.91071e-21)
(1.11863 1.40197 1.54887e-19)
(1.04447 1.38473 1.13466e-20)
(0.961217 1.36745 -4.09953e-19)
(0.867742 1.35103 -9.82845e-19)
(0.761263 1.33874 1.25529e-19)
(0.63637 1.34022 -3.69119e-18)
(0.489637 1.37904 -1.81319e-18)
(0.33886 1.47902 0)
(0.218965 1.64475 -1.66331e-19)
(0.167405 1.89756 -8.38813e-19)
(0.164701 2.21414 3.28121e-19)
(0.160361 2.45577 1.81966e-19)
(0.197997 2.67322 3.63676e-20)
(0.236276 2.82797 -8.69438e-20)
(0.243706 2.95968 5.80639e-20)
(0.162668 3.09808 -1.34583e-19)
(1.04386 1.16457 1.06348e-19)
(1.24331 1.41599 1.33683e-19)
(1.23745 1.46289 1.44579e-20)
(1.17734 1.45001 -4.12125e-20)
(1.11019 1.434 -1.1591e-19)
(1.03602 1.41632 -3.66428e-19)
(0.953327 1.39854 5.75245e-20)
(0.86205 1.38095 2.0263e-20)
(0.759708 1.36932 6.65213e-19)
(0.639136 1.37738 -1.10044e-19)
(0.499907 1.42697 -6.4196e-21)
(0.365209 1.53533 1.11297e-18)
(0.27098 1.69901 -1.23687e-18)
(0.257365 1.93874 -6.49326e-19)
(0.308937 2.21899 2.99932e-19)
(0.338308 2.41383 1.65825e-19)
(0.386018 2.63841 0)
(0.435826 2.82872 0)
(0.47334 3.01393 0)
(0.326443 3.09705 -3.85104e-19)
(1.03589 1.19989 2.04726e-19)
(1.2319 1.45329 5.81591e-20)
(1.22757 1.50077 8.09522e-20)
(1.16734 1.48557 1.91146e-20)
(1.10052 1.46806 -1.00464e-19)
(1.02708 1.44941 3.35338e-20)
(0.946321 1.43021 0)
(0.856707 1.41186 -1.64508e-18)
(0.754501 1.40334 -1.00742e-19)
(0.635907 1.41645 1.63476e-18)
(0.508018 1.47145 2.21457e-19)
(0.397471 1.57789 9.34628e-19)
(0.331142 1.73458 -1.20392e-18)
(0.345369 1.95364 -4.53102e-19)
(0.436794 2.19082 1.15531e-19)
(0.511356 2.35375 0)
(0.593233 2.56443 0)
(0.689515 2.80983 1.65349e-19)
(0.739825 2.85053 0)
(0.75921 2.61729 0)
(1.02525 1.23676 0)
(1.21743 1.49356 8.41567e-20)
(1.21528 1.54114 -1.05156e-19)
(1.15573 1.52327 3.40104e-20)
(1.08934 1.5035 -1.19388e-20)
(1.01679 1.48268 3.75117e-20)
(0.937307 1.46134 3.44647e-19)
(0.846993 1.44471 -6.56748e-19)
(0.746197 1.44002 0)
(0.636758 1.45283 2.94786e-18)
(0.526471 1.50424 6.52799e-20)
(0.442601 1.60136 -9.53892e-19)
(0.40512 1.74379 9.587e-19)
(0.442721 1.93064 -2.71789e-19)
(0.559459 2.11987 -7.23744e-19)
(0.678343 2.2668 3.38394e-20)
(0.79936 2.44588 -1.70169e-19)
(0.955026 2.63299 5.44472e-19)
(0.976574 2.51475 4.84147e-19)
(0.330125 0.910794 3.18509e-19)
(1.01229 1.276 0)
(1.19931 1.53603 0)
(1.19924 1.58302 1.42056e-19)
(1.14111 1.56256 6.14154e-20)
(1.07581 1.54094 -3.07007e-20)
(1.00453 1.51854 4.27789e-20)
(0.927127 1.49802 -3.65189e-19)
(0.836743 1.48271 -1.65757e-19)
(0.741816 1.47564 0)
(0.644651 1.48155 7.87394e-20)
(0.552906 1.52459 8.70838e-20)
(0.492635 1.61015 -8.58602e-19)
(0.482934 1.73195 -9.84203e-19)
(0.541526 1.87817 0)
(0.672928 2.01529 1.97571e-19)
(0.832148 2.14893 0)
(0.981027 2.26265 0)
(1.12765 2.31466 -4.08973e-20)
(1.03744 1.9787 4.87751e-19)
(0.157536 0.270348 2.43976e-19)
(0.998204 1.31727 -1.30648e-19)
(1.17864 1.579 1.85254e-19)
(1.18068 1.62684 0)
(1.12466 1.60489 -1.49462e-20)
(1.06016 1.58175 1.84896e-20)
(0.989296 1.55817 -1.23721e-19)
(0.91423 1.53738 3.07898e-19)
(0.827756 1.5176 -6.39514e-19)
(0.74203 1.50409 -1.29622e-18)
(0.655933 1.50455 7.75583e-20)
(0.579579 1.53983 -1.65135e-19)
(0.537901 1.61314 7.72927e-19)
(0.549852 1.70984 -2.21969e-19)
(0.622213 1.81252 0)
(0.756502 1.9011 -2.31864e-19)
(0.94274 1.98402 3.47967e-20)
(1.12233 2.03902 2.91046e-20)
(1.26135 1.97451 6.52033e-20)
(1.15758 1.52193 0)
(0.277045 0.204306 0)
(0.983049 1.36012 2.63524e-19)
(1.15648 1.62286 0)
(1.15899 1.67112 -9.39871e-21)
(1.10471 1.64871 -2.05203e-19)
(1.04159 1.62402 1.9009e-20)
(0.972514 1.59891 -1.11312e-19)
(0.901546 1.57513 2.57216e-19)
(0.822202 1.54858 -9.44209e-19)
(0.743968 1.52983 -5.96611e-19)
(0.665306 1.52687 7.60247e-20)
(0.600519 1.5545 -1.40508e-19)
(0.573271 1.61231 -6.98751e-19)
(0.598109 1.68214 -9.99773e-19)
(0.672671 1.74474 3.38786e-21)
(0.792146 1.7832 2.31615e-19)
(0.962241 1.80082 -2.32506e-19)
(1.15457 1.78528 6.59096e-20)
(1.25765 1.66067 -4.51116e-20)
(1.11708 1.25409 -1.69365e-19)
(0.481128 0.425533 1.69838e-19)
(0.965435 1.40405 1.20255e-19)
(1.13189 1.66858 -2.22524e-19)
(1.13494 1.71764 1.22307e-19)
(1.0829 1.69463 -1.39437e-19)
(1.02232 1.66706 1.95934e-20)
(0.956893 1.6385 0)
(0.889242 1.60966 0)
(0.816179 1.57829 8.58922e-19)
(0.742907 1.55641 2.86955e-19)
(0.670616 1.54995 1.11856e-19)
(0.615332 1.56848 1.03278e-18)
(0.598511 1.60896 6.35102e-19)
(0.628262 1.65323 -1.84818e-19)
(0.695538 1.68304 -6.30683e-19)
(0.787285 1.68584 2.27053e-19)
(0.900603 1.66351 -5.08834e-19)
(1.03384 1.62179 0)
(1.12485 1.52542 9.95982e-19)
(1.02971 1.27477 -9.73357e-19)
(0.599208 0.768026 0)
(0.944721 1.44896 5.46562e-19)
(1.10368 1.7162 -3.36031e-19)
(1.10782 1.76537 -2.55924e-19)
(1.05854 1.74032 -6.13396e-20)
(1.00146 1.70908 -9.47837e-20)
(0.940328 1.67636 -3.31676e-20)
(0.875109 1.64323 9.91268e-20)
(0.806705 1.60955 0)
(0.737636 1.58468 0)
(0.671789 1.57308 8.33887e-19)
(0.624971 1.5806 -9.49118e-19)
(0.614676 1.60397 -1.47506e-19)
(0.643925 1.626 8.6568e-19)
(0.698902 1.63137 0)
(0.764402 1.6153 -9.31555e-19)
(0.830762 1.58101 2.68483e-19)
(0.898707 1.53871 9.9525e-19)
(0.954562 1.48063 0)
(0.921025 1.35419 9.72015e-19)
(0.634128 0.963504 0)
(0.920242 1.49423 -4.29817e-19)
(1.07223 1.76565 0)
(1.07724 1.81399 2.95917e-19)
(1.0308 1.78556 7.04726e-20)
(0.977305 1.75092 -4.1585e-20)
(0.919849 1.71458 1.49801e-20)
(0.857276 1.67809 1.84273e-20)
(0.792841 1.64243 -3.0137e-19)
(0.728374 1.61359 1.35017e-20)
(0.66891 1.5954 0)
(0.62817 1.59141 0)
(0.622067 1.599 -4.95395e-21)
(0.647129 1.60078 -4.84758e-19)
(0.689754 1.59004 0)
(0.735409 1.56474 4.56984e-19)
(0.776593 1.52941 -2.73627e-19)
(0.81167 1.4911 -1.65691e-19)
(0.839428 1.45039 -8.12407e-19)
(0.832834 1.38464 -8.9496e-19)
(0.615069 1.02275 0)
(0.891136 1.53918 -1.40008e-19)
(1.03707 1.81634 2.20438e-19)
(1.0424 1.86301 1.40732e-19)
(0.998425 1.83101 -6.88851e-21)
(0.948208 1.79354 -7.50617e-20)
(0.893901 1.75417 0)
(0.834929 1.71449 2.31965e-20)
(0.774657 1.6759 -7.31792e-20)
(0.71517 1.64211 2.36948e-19)
(0.661891 1.61619 0)
(0.627115 1.60028 6.74076e-19)
(0.621138 1.59318 -8.64619e-19)
(0.640573 1.5796 6.12705e-19)
(0.670912 1.55821 0)
(0.702693 1.52795 4.48897e-19)
(0.729824 1.49317 -2.79522e-19)
(0.750813 1.45824 -1.7062e-19)
(0.765652 1.42507 -6.13201e-19)
(0.76415 1.37982 -1.99717e-18)
(0.582074 1.03526 0)
(0.85531 1.58169 -4.30357e-19)
(0.996982 1.86692 3.53779e-19)
(1.00206 1.91251 3.144e-19)
(0.960554 1.87721 9.71443e-20)
(0.913426 1.83705 8.84657e-20)
(0.862413 1.79471 2.75431e-20)
(0.807764 1.75151 1.12374e-20)
(0.752062 1.70905 1.62442e-19)
(0.697691 1.66971 -7.51359e-20)
(0.650067 1.63542 6.89033e-20)
(0.621569 1.60698 8.33105e-20)
(0.614626 1.59218 6.91306e-19)
(0.619651 1.56324 -8.63358e-19)
(0.644595 1.53421 -3.47435e-19)
(0.666485 1.50101 0)
(0.684361 1.46715 5.32086e-19)
(0.697642 1.43499 0)
(0.706499 1.40586 8.06037e-19)
(0.70419 1.36823 -9.74851e-19)
(0.541854 1.03703 9.86206e-19)
(0.810949 1.62129 1.50011e-19)
(0.949545 1.91628 -1.22135e-19)
(0.95501 1.96234 1.65089e-19)
(0.916318 1.92387 -1.20413e-19)
(0.872627 1.88081 2.07325e-19)
(0.825457 1.83523 -3.19315e-20)
(0.775506 1.78825 1.88407e-20)
(0.72472 1.74141 8.14105e-20)
(0.675392 1.69631 2.32612e-19)
(0.632309 1.65359 -3.30416e-19)
(0.606144 1.61469 0)
(0.601636 1.59875 0)
(0.597101 1.54816 2.70726e-19)
(0.613873 1.51658 3.44232e-19)
(0.627539 1.48227 -6.33564e-19)
(0.638426 1.44931 -1.29045e-18)
(0.646201 1.4192 -6.25006e-19)
(0.650956 1.39256 1.90633e-19)
(0.646869 1.35889 -1.15274e-19)
(0.500747 1.03871 0)
(0.757955 1.65708 -1.17335e-18)
(0.892976 1.96374 5.01072e-19)
(0.900107 2.0116 -1.60653e-19)
(0.864986 1.97008 -1.8843e-19)
(0.825368 1.92385 -2.23287e-19)
(0.782666 1.87481 -4.64704e-20)
(0.73779 1.82397 0)
(0.692137 1.77262 7.02811e-20)
(0.647812 1.72198 -2.09284e-19)
(0.608403 1.67213 -1.12325e-19)
(0.579892 1.62565 -5.82322e-19)
(0.579638 1.5995 -1.16926e-21)
(0.573343 1.53991 5.94118e-21)
(0.57953 1.50534 -3.25324e-19)
(0.586109 1.47058 -3.97202e-19)
(0.591439 1.43844 0)
(0.594884 1.40988 1.61002e-19)
(0.596345 1.38503 1.45627e-18)
(0.590586 1.35394 1.09547e-19)
(0.458549 1.04213 0)
(0.697582 1.68887 1.47849e-19)
(0.827546 2.00787 0)
(0.836533 2.05882 3.46726e-19)
(0.805974 2.01449 1.92306e-19)
(0.771079 1.96508 -2.51106e-19)
(0.733486 1.9126 2.46669e-20)
(0.69408 1.85798 1.11429e-20)
(0.65388 1.80236 -1.66435e-20)
(0.614613 1.74666 -8.59275e-20)
(0.578842 1.69089 0)
(0.550781 1.63768 0)
(0.547471 1.59646 -3.525e-19)
(0.541491 1.54019 2.36592e-19)
(0.540681 1.50123 0)
(0.541758 1.46557 -1.92301e-19)
(0.542596 1.43391 2.30172e-19)
(0.542634 1.40631 -2.92062e-19)
(0.541431 1.38275 1.37024e-18)
(0.534301 1.35354 -1.03126e-19)
(0.415213 1.04745 1.064e-22)
(0.629149 1.71538 5.56051e-19)
(0.752699 2.04764 -6.02274e-19)
(0.763948 2.10267 1.5938e-19)
(0.738561 2.05571 1.02059e-19)
(0.709286 2.00326 1.16709e-19)
(0.677467 1.9476 1.00004e-19)
(0.644003 1.88953 0)
(0.609679 1.83011 3.89779e-20)
(0.575662 1.77 -1.56661e-19)
(0.543964 1.7092 1.03178e-19)
(0.518295 1.6495 2.44509e-19)
(0.508805 1.59728 -1.76181e-19)
(0.501508 1.54467 -4.34677e-19)
(0.496836 1.50276 0)
(0.493935 1.46638 0)
(0.491488 1.43489 3.23017e-19)
(0.488822 1.40805 0)
(0.485357 1.38537 0)
(0.477318 1.35735 -9.62391e-20)
(0.370647 1.05558 -1.75184e-18)
(0.552642 1.73539 -1.08882e-18)
(0.66818 2.08091 1.0106e-18)
(0.681848 2.14091 -6.25241e-19)
(0.662712 2.09184 -3.17254e-19)
(0.639627 2.03685 -1.06062e-19)
(0.614308 1.97852 0)
(0.587418 1.91764 0)
(0.559385 1.85517 3.3229e-20)
(0.530991 1.79158 3.44051e-20)
(0.503567 1.72667 -7.64484e-20)
(0.480114 1.66179 -2.22832e-19)
(0.466087 1.60338 1.51839e-19)
(0.456161 1.55185 2.08515e-19)
(0.448624 1.50881 1.29742e-19)
(0.442689 1.47213 -3.17405e-19)
(0.437617 1.44093 -4.03955e-19)
(0.432722 1.41464 1.09967e-18)
(0.427398 1.39259 0)
(0.418601 1.36526 1.34644e-18)
(0.324891 1.06668 1.67844e-18)
(0.468557 1.74649 -5.0097e-19)
(0.574252 2.1056 5.47222e-19)
(0.590336 2.17154 0)
(0.578347 2.12094 1.79542e-19)
(0.562242 2.06406 -2.29653e-20)
(0.544195 2.00388 6.61878e-20)
(0.524489 1.94119 6.89766e-21)
(0.503281 1.87665 2.60587e-20)
(0.48084 1.81082 -2.38745e-20)
(0.457771 1.74321 0)
(0.436168 1.67508 -4.01073e-19)
(0.419612 1.61372 -1.46626e-19)
(0.406991 1.56228 1.91048e-19)
(0.396763 1.5191 0)
(0.388229 1.48259 0)
(0.380812 1.45176 -9.22394e-20)
(0.373882 1.42588 -4.53701e-19)
(0.366897 1.40422 0)
(0.357173 1.37719 -1.32143e-18)
(0.27666 1.0804 3.09115e-18)
(0.376422 1.74571 5.69601e-20)
(0.470425 2.11891 -9.77165e-20)
(0.490018 2.19145 -4.09609e-19)
(0.486021 2.14024 -1.45862e-19)
(0.477784 2.08247 1.15955e-19)
(0.467749 2.02163 -3.44004e-22)
(0.455921 1.95845 7.79879e-21)
(0.442027 1.89351 0)
(0.425833 1.82704 -5.0839e-20)
(0.407302 1.75858 6.07841e-20)
(0.387515 1.68938 -1.80236e-19)
(0.369589 1.62738 6.50361e-21)
(0.35462 1.57648 -1.70004e-19)
(0.341776 1.53389 -3.19533e-19)
(0.330773 1.49799 -3.41038e-19)
(0.321066 1.46772 -8.27413e-20)
(0.312121 1.44228 3.61695e-19)
(0.303316 1.42096 -6.17012e-20)
(0.292713 1.3938 -1.19777e-18)
(0.2256 1.09757 -4.04738e-20)
(0.279495 1.72494 -2.71425e-20)
(0.358721 2.11509 1.63564e-21)
(0.382529 2.19692 -9.05949e-20)
(0.387319 2.14642 0)
(0.387766 2.08934 0)
(0.386545 2.02965 2.33367e-20)
(0.383181 1.96785 -1.93915e-20)
(0.376945 1.9044 2.3369e-20)
(0.367187 1.83933 -4.64085e-20)
(0.353295 1.77217 -2.70739e-20)
(0.335548 1.70429 4.25928e-21)
(0.31689 1.64383 -3.17917e-21)
(0.29985 1.59468 2.2257e-19)
(0.284443 1.55366 5.00854e-20)
(0.270844 1.51897 5.96265e-20)
(0.258592 1.48959 -3.03422e-19)
(0.247302 1.46473 -4.10748e-19)
(0.236157 1.44366 0)
(0.224438 1.41614 -7.94456e-22)
(0.170779 1.11892 -6.09698e-20)
(0.182385 1.67502 1.34956e-19)
(0.245695 2.08697 0)
(0.271863 2.1824 -8.26514e-20)
(0.285505 2.1354 0)
(0.29541 2.08172 -5.25587e-20)
(0.303528 2.0258 -2.18787e-20)
(0.308752 1.96788 5.05025e-21)
(0.310138 1.90823 -1.33449e-20)
(0.30672 1.84684 1.69647e-20)
(0.297466 1.78327 5.4991e-20)
(0.282008 1.71915 -6.80162e-20)
(0.263068 1.66246 0)
(0.244223 1.6168 0)
(0.22632 1.57886 -4.30673e-20)
(0.209802 1.54669 -1.04467e-19)
(0.194541 1.51907 -3.35023e-20)
(0.180113 1.49524 -3.4536e-20)
(0.165555 1.4747 -3.98143e-19)
(0.151579 1.44715 1.45379e-20)
(0.111717 1.14863 1.16732e-18)
(0.0958812 1.60047 8.37513e-20)
(0.133334 2.03455 2.14631e-20)
(0.164073 2.14337 4.38353e-21)
(0.186685 2.10383 5.61861e-21)
(0.206358 2.05759 0)
(0.223385 2.009 -2.87989e-21)
(0.236534 1.95811 1.03229e-21)
(0.244735 1.90498 7.3612e-22)
(0.246963 1.84963 0)
(0.241985 1.79188 5.35436e-21)
(0.228921 1.73371 -6.84711e-22)
(0.210261 1.68294 0)
(0.190164 1.64283 5.82126e-20)
(0.170116 1.61005 8.77798e-21)
(0.150856 1.58257 4.58764e-20)
(0.132598 1.55901 -1.43687e-20)
(0.114849 1.53815 0)
(0.0964293 1.51922 -8.8104e-20)
(0.0776703 1.49382 1.07738e-19)
(0.0494247 1.19825 -4.1786e-21)
(-0.000903385 0.576938 0)
(0.0414045 1.9431 2.00827e-33)
(0.0712085 2.07335 0)
(0.101447 2.04912 0)
(0.128713 2.01623 0)
(0.152538 1.97956 0)
(0.171816 1.93931 0)
(0.18561 1.89564 8.43037e-35)
(0.192808 1.84873 0)
(0.192015 1.79873 7.51949e-34)
(0.181949 1.74796 0)
(0.16482 1.70415 0)
(0.145138 1.67045 0)
(0.124603 1.644 0)
(0.104199 1.62299 0)
(0.0846174 1.60624 0)
(0.0666035 1.5929 0)
(0.0500855 1.58169 0)
(0.0331466 1.56332 0)
(0.0141575 1.2635 0)
(-0.00382202 0.578082 0)
(0.00198327 1.85158 0)
(0.0236917 1.98424 0)
(0.0497109 1.97783 0)
(0.0756743 1.96198 0)
(0.100139 1.94039 0)
(0.121691 1.91322 0)
(0.138798 1.88067 0)
(0.149942 1.84321 0)
(0.153375 1.80136 0)
(0.147411 1.75779 0)
(0.133524 1.72002 0)
(0.116195 1.69142 0)
(0.0976369 1.66967 0)
(0.0789807 1.65317 0)
(0.060793 1.64063 0)
(0.0432629 1.63127 0)
(0.0268549 1.62462 0)
(0.0122345 1.6122 0)
(0.00100256 1.30513 0)
(-0.00154242 0.608832 0)
(-0.000164347 1.80777 0)
(0.0139039 1.92205 0)
(0.03127 1.92157 0)
(0.0499059 1.91451 0)
(0.0690099 1.90279 0)
(0.0874595 1.8857 0)
(0.103601 1.86287 0)
(0.115501 1.83437 0)
(0.120977 1.80071 0)
(0.117829 1.76448 0)
(0.106872 1.73283 0)
(0.0922851 1.70921 0)
(0.0763995 1.69188 0)
(0.0605306 1.67948 0)
(0.0454982 1.67102 0)
(0.031768 1.66559 0)
(0.0194714 1.66234 0)
(0.00861016 1.65134 0)
(0.00031352 1.32629 0)
(-0.00048449 0.619242 0)
(0.00153615 1.78459 0)
(0.0105844 1.88616 0)
(0.0222002 1.88653 0)
(0.0354823 1.88227 0)
(0.0498692 1.87477 0)
(0.0645022 1.86323 0)
(0.0781254 1.84694 0)
(0.089016 1.82549 0)
(0.0949831 1.79896 0)
(0.0935769 1.76953 0)
(0.0850638 1.74357 0)
(0.0731372 1.72439 0)
(0.0600785 1.71064 0)
(0.0471701 1.70112 0)
(0.0351101 1.69481 0)
(0.0242437 1.69083 0)
(0.0147276 1.68851 0)
(0.00661659 1.67736 0)
(0.00063318 1.33984 0)
(-0.000306982 0.621924 0)
(0.00183474 1.76561 0)
(0.00840773 1.86059 0)
(0.0166783 1.86118 0)
(0.026285 1.85837 0)
(0.0370181 1.85333 0)
(0.0483644 1.84527 0)
(0.0593946 1.83344 0)
(0.0686973 1.81727 0)
(0.0743213 1.79658 0)
(0.0739035 1.77303 0)
(0.067354 1.75207 0)
(0.0577821 1.73666 0)
(0.0472382 1.72577 0)
(0.0368689 1.71838 0)
(0.0272881 1.7136 0)
(0.018776 1.71068 0)
(0.0114088 1.709 0)
(0.00516124 1.69763 0)
(0.000526963 1.35124 0)
(-0.00019837 0.62288 0)
(0.00163572 1.75091 0)
(0.00655325 1.84199 0)
(0.0126896 1.84271 0)
(0.0198574 1.84068 0)
(0.0279642 1.83706 0)
(0.0367028 1.83122 0)
(0.0454408 1.82248 0)
(0.0530872 1.81022 0)
(0.058012 1.79415 0)
(0.0581159 1.7755 0)
(0.0531058 1.75875 0)
(0.0455157 1.74646 0)
(0.0371172 1.73786 0)
(0.0288867 1.73208 0)
(0.0213218 1.72839 0)
(0.0146393 1.72616 0)
(0.0088823 1.72486 0)
(0.00402474 1.71328 0)
(0.000413699 1.36013 0)
(-0.000135149 0.623121 0)
(0.00134858 1.73949 0)
(0.00508748 1.82798 0)
(0.00972652 1.82882 0)
(0.0151536 1.82731 0)
(0.0213331 1.82464 0)
(0.0280765 1.82031 0)
(0.0349355 1.81375 0)
(0.0410869 1.8044 0)
(0.045228 1.79194 0)
(0.0455732 1.77726 0)
(0.0417471 1.76397 0)
(0.0357794 1.75423 0)
(0.0291416 1.74743 0)
(0.0226427 1.7429 0)
(0.0166905 1.74002 0)
(0.0114469 1.73828 0)
(0.00694057 1.73725 0)
(0.00314168 1.7255 0)
(0.000317232 1.36708 0)
(-9.40624e-05 0.6231 0)
(0.00108036 1.73066 0)
(0.00394608 1.8173 0)
(0.00748859 1.81823 0)
(0.0116416 1.8171 0)
(0.0163864 1.81509 0)
(0.0215963 1.81182 0)
(0.0269561 1.80685 0)
(0.0318501 1.79969 0)
(0.0352453 1.79003 0)
(0.0356729 1.77851 0)
(0.0327522 1.76802 0)
(0.0280827 1.76033 0)
(0.0228625 1.75497 0)
(0.0177516 1.75141 0)
(0.0130751 1.74915 0)
(0.00896046 1.7478 0)
(0.00542817 1.74697 0)
(0.00244733 1.73508 0)
(0.000237469 1.37249 0)
(-6.79797e-05 0.622983 0)
(0.000855676 1.72382 0)
(0.00306414 1.80911 0)
(0.00578742 1.81011 0)
(0.00898168 1.80925 0)
(0.0126399 1.80772 0)
(0.0166759 1.80524 0)
(0.0208593 1.80143 0)
(0.0247218 1.79593 0)
(0.0274629 1.78843 0)
(0.027893 1.77942 0)
(0.0256564 1.77117 0)
(0.0220129 1.76511 0)
(0.0179208 1.76089 0)
(0.0139084 1.7581 0)
(0.0102415 1.75632 0)
(0.00701378 1.75526 0)
(0.00424095 1.75459 0)
(0.00190509 1.74258 0)
(0.000178508 1.37668 0)
(-5.00772e-05 0.622842 0)
(0.000672866 1.71852 0)
(0.00237971 1.80279 0)
(0.00448295 1.80385 0)
(0.00695067 1.80319 0)
(0.00978162 1.80202 0)
(0.0129119 1.80012 0)
(0.0161742 1.7972 0)
(0.0192107 1.79295 0)
(0.0213994 1.78713 0)
(0.0217926 1.78008 0)
(0.0200788 1.77361 0)
(0.0172389 1.76885 0)
(0.0140366 1.76553 0)
(0.0108936 1.76333 0)
(0.00801398 1.76194 0)
(0.00548297 1.76111 0)
(0.00331246 1.76056 0)
(0.00148558 1.74845 0)
(0.000135669 1.37994 0)
(-3.80292e-05 0.622707 0)
(0.000526602 1.7144 0)
(0.00184961 1.79791 0)
(0.00347824 1.799 0)
(0.00538873 1.7985 0)
(0.00758304 1.7976 0)
(0.0100167 1.79613 0)
(0.0125594 1.79388 0)
(0.0149414 1.79059 0)
(0.0166775 1.78607 0)
(0.017018 1.78057 0)
(0.0157016 1.7755 0)
(0.0134885 1.77177 0)
(0.010985 1.76916 0)
(0.00852563 1.76744 0)
(0.00627331 1.76635 0)
(0.00429332 1.76569 0)
(0.00259135 1.76524 0)
(0.00115659 1.75306 0)
(9.94701e-05 1.38248 0)
(-2.89345e-05 0.62259 0)
(0.000411567 1.7112 0)
(0.00143782 1.79412 0)
(0.00270126 1.79525 0)
(0.00418463 1.79486 0)
(0.00588866 1.79417 0)
(0.00778209 1.79303 0)
(0.00976535 1.79129 0)
(0.0116289 1.78874 0)
(0.0129988 1.78522 0)
(0.0132855 1.78093 0)
(0.0122712 1.77697 0)
(0.0105484 1.77404 0)
(0.00859324 1.772 0)
(0.00667176 1.77065 0)
(0.00490921 1.76979 0)
(0.00335639 1.76928 0)
(0.00202667 1.7689 0)
(0.000906247 1.75666 0)
(7.64261e-05 1.38445 0)
(-2.25069e-05 0.622493 0)
(0.000321955 1.70871 0)
(0.00112038 1.79118 0)
(0.00210121 1.79234 0)
(0.00325326 1.79203 0)
(0.00457797 1.7915 0)
(0.00605157 1.79062 0)
(0.00759745 1.78927 0)
(0.00905535 1.78729 0)
(0.0101339 1.78455 0)
(0.0103699 1.78121 0)
(0.00958754 1.77811 0)
(0.00824699 1.77582 0)
(0.00671915 1.77422 0)
(0.00521578 1.77316 0)
(0.00383828 1.77249 0)
(0.00262662 1.77208 0)
(0.00158295 1.77177 0)
(0.000702796 1.75948 0)
(5.84367e-05 1.38598 0)
(-1.71956e-05 0.622416 0)
(0.000251125 1.70677 0)
(0.000871428 1.78889 0)
(0.00163448 1.79007 0)
(0.00253216 1.78984 0)
(0.00356386 1.78942 0)
(0.00470967 1.78874 0)
(0.00591533 1.78769 0)
(0.00705562 1.78615 0)
(0.00790192 1.78402 0)
(0.00809376 1.78141 0)
(0.00748795 1.77899 0)
(0.00644292 1.7772 0)
(0.00525118 1.77595 0)
(0.00407476 1.77512 0)
(0.00299623 1.77459 0)
(0.00204711 1.77428 0)
(0.00123243 1.77401 0)
(0.000547435 1.76168 0)
(4.30879e-05 1.38717 0)
(-1.39818e-05 0.622356 0)
(0.000194549 1.70526 0)
(0.000678763 1.78711 0)
(0.00127336 1.7883 0)
(0.00197128 1.78812 0)
(0.00277454 1.7878 0)
(0.00366725 1.78727 0)
(0.00460822 1.78646 0)
(0.00549944 1.78526 0)
(0.00616229 1.7836 0)
(0.00631839 1.78157 0)
(0.00584832 1.77968 0)
(0.00503238 1.77828 0)
(0.00410265 1.7773 0)
(0.00318476 1.77665 0)
(0.0023441 1.77624 0)
(0.00160297 1.776 0)
(0.000964965 1.77577 0)
(0.000427998 1.76341 0)
(3.34977e-05 1.3881 0)
(-1.0334e-05 0.62231 0)
(0.000152857 1.70408 0)
(0.000529645 1.78572 0)
(0.000992421 1.78693 0)
(0.00153597 1.78679 0)
(0.00216172 1.78654 0)
(0.00285878 1.78613 0)
(0.00359243 1.7855 0)
(0.00428852 1.78456 0)
(0.00480853 1.78327 0)
(0.00493351 1.78169 0)
(0.00456886 1.78021 0)
(0.00393359 1.77913 0)
(0.00320894 1.77837 0)
(0.00249167 1.77786 0)
(0.00183173 1.77754 0)
(0.00125023 1.77735 0)
(0.000751549 1.77714 0)
(0.000332599 1.76476 0)
(2.45639e-05 1.38881 0)
(-8.72398e-06 0.622273 0)
(0.000117361 1.70316 0)
(0.000410877 1.78464 0)
(0.000772648 1.78586 0)
(0.00119794 1.78575 0)
(0.00168588 1.78556 0)
(0.0022284 1.78524 0)
(0.00280021 1.78474 0)
(0.00334508 1.78402 0)
(0.00375444 1.78301 0)
(0.00385322 1.78178 0)
(0.00357182 1.78063 0)
(0.0030785 1.77978 0)
(0.00251007 1.77919 0)
(0.00194711 1.77879 0)
(0.00143091 1.77854 0)
(0.000976829 1.77839 0)
(0.000586431 1.77821 0)
(0.000257392 1.76581 0)
(1.83225e-05 1.38937 0)
(-6.35646e-06 0.622245 0)
(9.30036e-05 1.70245 0)
(0.000321531 1.7838 0)
(0.000602157 1.78503 0)
(0.000931889 1.78494 0)
(0.00131322 1.78479 0)
(0.00173879 1.78454 0)
(0.00218556 1.78416 0)
(0.00261108 1.7836 0)
(0.00293289 1.78281 0)
(0.00301221 1.78185 0)
(0.0027948 1.78096 0)
(0.00240888 1.78029 0)
(0.0019639 1.77983 0)
(0.00152712 1.77952 0)
(0.00112587 1.77933 0)
(0.000771184 1.77921 0)
(0.000465508 1.77905 0)
(0.000207549 1.76664 0)
(1.7903e-05 1.38981 0)
(-5.33683e-06 0.622225 0)
(7.14277e-05 1.70189 0)
(0.000250076 1.78314 0)
(0.000469102 1.78437 0)
(0.000726261 1.78431 0)
(0.00102284 1.78419 0)
(0.00135495 1.784 0)
(0.00170554 1.7837 0)
(0.00203892 1.78326 0)
(0.00229243 1.78265 0)
(0.00235847 1.7819 0)
(0.00219106 1.7812 0)
(0.00189018 1.78069 0)
(0.00154449 1.78034 0)
(0.00120148 1.7801 0)
(0.000883525 1.77995 0)
(0.000604079 1.77986 0)
(0.000364553 1.77972 0)
(0.00016018 1.76729 0)
(9.13304e-06 1.39017 0)
(-4.22989e-06 0.622208 0)
(5.48549e-05 1.70146 0)
(0.000193291 1.78263 0)
(0.000365235 1.78387 0)
(0.000566321 1.78382 0)
(0.000795772 1.78373 0)
(0.00105372 1.78357 0)
(0.00132866 1.78334 0)
(0.00159153 1.78299 0)
(0.00179351 1.78252 0)
(0.00185128 1.78194 0)
(0.00172502 1.7814 0)
(0.00149314 1.78101 0)
(0.00122205 1.78073 0)
(0.000950637 1.78055 0)
(0.00070088 1.78044 0)
(0.0004792 1.78037 0)
(0.00028893 1.78023 0)
(0.000131183 1.76779 0)
(1.20631e-05 1.39043 0)
(-3.12983e-06 0.6222 0)
(4.33785e-05 1.70113 0)
(0.00015091 1.78224 0)
(0.000283036 1.78348 0)
(0.000439595 1.78344 0)
(0.000619075 1.78336 0)
(0.000819766 1.78324 0)
(0.00103423 1.78305 0)
(0.00124336 1.78278 0)
(0.00140661 1.78241 0)
(0.00145934 1.78196 0)
(0.00136654 1.78155 0)
(0.00118818 1.78125 0)
(0.000975392 1.78104 0)
(0.000760446 1.78091 0)
(0.000564693 1.78082 0)
(0.000390491 1.78076 0)
(0.000237675 1.78065 0)
(0.000109894 1.7682 0)
(1.33184e-05 1.39066 0)
(-3.49324e-06 0.622196 0)
(2.87723e-05 1.70087 0)
(0.000110212 1.78194 0)
(0.000215672 1.78318 0)
(0.000336842 1.78313 0)
(0.000477107 1.78307 0)
(0.000634172 1.78297 0)
(0.000803185 1.78282 0)
(0.000971102 1.78261 0)
(0.00110692 1.78231 0)
(0.00116031 1.78196 0)
(0.0010986 1.78165 0)
(0.000962652 1.78144 0)
(0.000797199 1.78129 0)
(0.000623914 1.78119 0)
(0.000462383 1.78113 0)
(0.000322924 1.78109 0)
(0.000204505 1.78099 0)
(9.43356e-05 1.76854 0)
(9.00448e-06 1.39085 0)
(-2.12129e-06 0.622199 0)
(2.14831e-05 1.70069 0)
(8.0241e-05 1.78172 0)
(0.000158627 1.78296 0)
(0.000237187 1.78291 0)
(0.0003504 1.78284 0)
(0.00047627 1.78275 0)
(0.000611842 1.78263 0)
(0.000749753 1.78245 0)
(0.000868737 1.78222 0)
(0.000928904 1.78195 0)
(0.000900428 1.78172 0)
(0.000805166 1.78157 0)
(0.000673836 1.78147 0)
(0.000533873 1.7814 0)
(0.000408159 1.78137 0)
(0.00029921 1.78136 0)
(0.000198992 1.78128 0)
(0.000100418 1.7688 0)
(2.01696e-05 1.39102 0)
(-2.99731e-06 0.622205 0)
(1.33207e-05 1.70056 0)
(4.88238e-05 1.78155 0)
(9.70222e-05 1.78277 0)
(0.000145737 1.78274 0)
(0.000227074 1.78268 0)
(0.000329473 1.78259 0)
(0.000441599 1.78248 0)
(0.000560884 1.78233 0)
(0.000671524 1.78214 0)
(0.00074102 1.78193 0)
(0.000743186 1.78176 0)
(0.000691728 1.78166 0)
(0.000601645 1.78161 0)
(0.000510903 1.78157 0)
(0.000415949 1.78157 0)
(0.000313104 1.78158 0)
(0.0001779 1.78152 0)
(8.70018e-05 1.76907 0)
(1.68613e-05 1.39122 0)
(-7.18074e-06 0.622258 0)
(-2.24045e-05 1.70049 0)
(-8.19116e-06 1.78142 0)
(2.07718e-05 1.78265 0)
(7.18951e-05 1.78262 0)
(0.000126383 1.78257 0)
(0.000197483 1.78248 0)
(0.000297841 1.78237 0)
(0.000415586 1.78223 0)
(0.000531599 1.78207 0)
(0.000617611 1.7819 0)
(0.000649084 1.78178 0)
(0.000634132 1.78172 0)
(0.000589713 1.78171 0)
(0.000524672 1.78173 0)
(0.000445684 1.78177 0)
(0.000353887 1.78181 0)
(0.000270526 1.78173 0)
(0.000165019 1.76939 0)
(5.96254e-05 1.39154 0)
(-0.00010055 1.39208 0)
(-0.000166956 1.77009 0)
(-0.00017629 1.78243 0)
(-0.000243856 1.7827 0)
(-0.000241932 1.78251 0)
(-0.000184096 1.78234 0)
(-6.59614e-05 1.7822 0)
(8.18412e-05 1.78208 0)
(0.0002281 1.78197 0)
(0.000359638 1.78186 0)
(0.000469928 1.78175 0)
(0.000566979 1.78168 0)
(0.000659528 1.78167 0)
(0.000753864 1.78174 0)
(0.000833304 1.7819 0)
(0.00085137 1.78214 0)
(0.000760951 1.78241 0)
(0.000589697 1.78122 0)
(0.000364928 1.70058 0)
(7.67977e-05 1.39175 0)
(-0.186106 1.02128 -4.83713e-19)
(0.126221 3.03477 -2.84797e-19)
(0.100663 3.08601 2.82868e-19)
(0.0290722 3.08719 1.1346e-19)
(-0.0350968 3.11307 -8.30569e-21)
(-0.0781679 3.15651 3.34404e-22)
(-0.0940802 3.23714 3.53661e-21)
(-0.041031 3.29057 -8.36967e-20)
(0.102604 3.3076 6.81804e-20)
(0.146251 3.03334 2.1895e-19)
(-0.0472556 1.50663 0)
(-0.00542497 3.0627 -1.98965e-21)
(-0.0150226 3.16057 -2.27735e-19)
(-0.0264065 3.17412 -1.18707e-19)
(-0.041716 3.19548 -1.137e-19)
(-0.0393962 3.22143 -1.56365e-21)
(-0.0180078 3.23942 -4.00264e-20)
(0.0202769 3.24023 1.81645e-20)
(0.0416849 3.20655 1.18195e-19)
(0.0254746 2.90381 -1.12448e-21)
(-0.0483353 1.40709 -2.28894e-19)
(-0.0317265 3.08951 1.88426e-19)
(-0.0207927 3.18666 -1.28138e-19)
(-0.0205702 3.19959 0)
(-0.0195069 3.21026 -5.26473e-20)
(-0.01162 3.21897 0)
(1.30135e-07 3.22107 -2.09543e-21)
(0.0104528 3.21645 1.05617e-19)
(0.0142004 3.20253 2.13729e-21)
(0.0210627 2.91372 1.34905e-19)
(-0.044473 1.41095 7.81399e-20)
(-0.030417 3.10809 2.71828e-22)
(-0.0171348 3.19831 5.08876e-22)
(-0.0103607 3.20494 0)
(-0.0071442 3.20907 -9.26757e-22)
(-0.00269189 3.21115 -5.60724e-20)
(0.00101557 3.21206 8.80258e-20)
(0.00395016 3.21321 0)
(0.00714862 3.20769 1.54531e-19)
(0.019332 2.91073 6.26781e-22)
(-0.0378946 1.42991 -2.22394e-21)
(-0.0256118 3.11968 -1.50424e-20)
(-0.0121377 3.20157 1.00181e-20)
(-0.00450177 3.20453 2.43443e-20)
(-0.00213766 3.20583 4.54739e-20)
(8.12812e-05 3.20642 4.99457e-20)
(0.00217887 3.20958 -5.07974e-20)
(0.00172091 3.21722 -8.58176e-20)
(0.00518598 3.21209 -8.4853e-20)
(0.015986 2.90479 -9.52107e-20)
(-0.0311565 1.44735 -4.83546e-22)
(-0.0203976 3.12423 -7.09118e-22)
(-0.00887193 3.20089 -4.37345e-20)
(-0.00174628 3.20302 -4.83251e-20)
(0.000396088 3.20322 -6.82038e-20)
(0.00190325 3.20324 -7.70024e-20)
(0.00348467 3.2095 -6.56439e-20)
(0.0015639 3.22322 9.35118e-20)
(0.00323123 3.21592 -9.44221e-20)
(0.0129168 2.8984 -1.09433e-19)
(-0.0258629 1.46126 4.74386e-20)
(-0.0156676 3.12665 5.92408e-20)
(-0.00629961 3.20008 7.81954e-21)
(-0.000564213 3.20127 -6.81376e-20)
(0.000933186 3.20079 0)
(0.00162159 3.20041 9.85483e-20)
(0.00232843 3.20968 -2.08143e-20)
(0.00114384 3.22693 8.92227e-20)
(0.00319798 3.21935 0)
(0.00972159 2.89194 1.19083e-19)
(-0.0212179 1.47256 -1.21738e-21)
(-0.0121222 3.12829 1.12259e-20)
(-0.00464477 3.19983 1.61968e-19)
(-0.000828157 3.20051 0)
(-0.000452023 3.19937 -1.55334e-22)
(-0.00114268 3.199 1.06964e-19)
(-0.00217934 3.20936 -7.32445e-21)
(-3.25482e-05 3.226 1.29113e-19)
(0.0050907 3.22227 -1.35832e-19)
(0.00714309 2.88919 1.83981e-21)
(-0.0171444 1.48098 -9.01611e-20)
(-0.00864228 3.13096 4.84629e-21)
(-0.00392323 3.2011 -6.87568e-21)
(-0.00241649 3.20077 -1.10893e-19)
(-0.00367923 3.19902 -1.3823e-22)
(-0.00432972 3.19915 7.78479e-21)
(-0.0047151 3.20718 -8.54761e-21)
(0.000425852 3.21893 -4.47085e-21)
(0.00699674 3.2252 4.60611e-21)
(0.00739036 2.89171 1.56065e-19)
(-0.0112535 1.48499 -1.1602e-19)
(-0.00586391 3.13661 -1.2396e-19)
(-0.00555054 3.20529 -1.22146e-19)
(-0.00671089 3.20075 0)
(-0.00746179 3.19713 1.35767e-19)
(-0.0049913 3.1969 -1.60415e-19)
(-0.00162987 3.2023 1.58909e-19)
(0.00425222 3.21205 0)
(0.0112814 3.22982 -1.5525e-19)
(0.0172387 2.903 8.79001e-20)
(-0.00927636 1.49147 0)
(-0.0100033 3.15307 2.09343e-21)
(-0.0134341 3.2159 -3.66101e-22)
(-0.0145083 3.20271 7.3029e-20)
(-0.0116336 3.19281 -8.30043e-20)
(-0.0048209 3.18862 -7.67904e-20)
(0.00453105 3.19122 -8.43573e-20)
(0.0131122 3.20346 0)
(0.0216145 3.22508 -9.63372e-20)
(0.03761 2.91971 9.2202e-20)
(-0.0100751 1.52372 -2.24573e-21)
(-0.023974 3.16725 1.60354e-19)
(-0.0275049 3.20948 6.92224e-20)
(-0.0234584 3.18188 8.5364e-20)
(-0.0137609 3.16496 0)
(-0.00125448 3.15807 1.96959e-19)
(0.0131353 3.16078 2.17434e-19)
(0.0292372 3.175 6.62815e-21)
(0.045003 3.20041 0)
(0.0651438 2.95103 -3.43511e-21)
(-0.03224 1.64314 -8.83679e-20)
(-0.062776 3.17512 9.83537e-20)
(-0.0514538 3.18995 -5.96753e-21)
(-0.0326339 3.16006 1.05995e-19)
(-0.0154308 3.14465 2.27838e-19)
(0.00127663 3.13836 1.1041e-22)
(0.0191668 3.13938 -1.12432e-19)
(0.0399628 3.14929 0)
(0.0627009 3.17244 6.55127e-21)
(0.0869941 3.00325 0)
(-0.0565011 1.95277 -3.2732e-21)
(-0.0809427 3.15432 -9.79717e-20)
(-0.0574862 3.13771 -8.18538e-20)
(-0.0373179 3.1098 0)
(-0.0184539 3.09359 3.14973e-20)
(0.0018172 3.08652 1.01779e-22)
(0.0223787 3.08802 -8.22375e-20)
(0.0435109 3.09909 -8.81341e-21)
(0.0636779 3.12175 9.09297e-21)
(0.0908329 3.04026 0)
(-0.05796 2.33325 -6.32928e-20)
(-0.0812975 3.10186 8.1788e-20)
(-0.058482 3.07163 5.77789e-20)
(-0.0385694 3.05241 6.86674e-20)
(-0.0169258 3.04328 1.92673e-20)
(0.00306945 3.04042 3.85414e-20)
(0.0228934 3.04215 1.94643e-20)
(0.0430461 3.05005 6.84868e-20)
(0.0646367 3.07015 7.06351e-20)
(0.092546 3.05935 4.57384e-21)
(-0.0533714 2.71185 3.2675e-20)
(-0.0774131 3.03404 -5.7229e-21)
(-0.0437271 3.01582 0)
(-0.0235334 3.00998 1.98719e-20)
(-0.00937428 3.00836 -5.86305e-20)
(0.00205384 3.00757 8.42618e-22)
(0.0136123 3.00821 -4.17786e-20)
(0.0273115 3.01061 9.97049e-21)
(0.0482616 3.01712 -1.21758e-20)
(0.0863436 3.0271 0)
(0.764451 -0.0453776 0)
(1.01706 -0.0755775 0)
(1.0048 -0.043056 0)
(0.998827 -0.0238398 0)
(0.996649 -0.0131104 0)
(0.99565 -0.00738463 0)
(0.99518 -0.00440336 0)
(0.995043 -0.00271193 0)
(0.995026 -0.00161032 0)
(0.995022 -0.000655892 0)
(0.995015 0.000240075 0)
(0.995029 0.00114469 0)
(0.995037 0.00211802 0)
(0.995054 0.00344568 0)
(0.995404 0.00573358 0)
(0.996066 0.00980439 0)
(0.997513 0.0176166 0)
(1.00105 0.032177 0)
(1.01136 0.0587857 0)
(0.971264 0.0849731 0)
(0.901246 -0.0333233 0)
(1.07471 -0.0379026 0)
(1.05334 -0.0387319 0)
(1.03087 -0.0347096 0)
(1.01665 -0.0277921 0)
(1.0087 -0.0205321 0)
(1.00451 -0.0140543 0)
(1.00258 -0.00885381 0)
(1.00155 -0.00449033 0)
(1.00118 -0.000658953 0)
(1.0013 0.00320517 0)
(1.00195 0.00718827 0)
(1.00318 0.0117306 0)
(1.00612 0.0172748 0)
(1.01196 0.0241578 0)
(1.02271 0.031566 0)
(1.04091 0.0372617 0)
(1.06699 0.0392169 0)
(1.04994 0.0388639 0)
(0.44192 0.00992096 0)
(0.819558 -0.00478498 0)
(1.00841 -0.0100215 0)
(1.05405 -0.0183496 0)
(1.04344 -0.0224065 0)
(1.03247 -0.0226631 0)
(1.02363 -0.0206172 0)
(1.01732 -0.0171168 0)
(1.01301 -0.0128427 0)
(1.01038 -0.0084009 0)
(1.00898 -0.0033577 0)
(1.0087 0.00181189 0)
(1.00947 0.00676936 0)
(1.01134 0.0114898 0)
(1.01486 0.0161014 0)
(1.02003 0.0200767 0)
(1.02759 0.0227152 0)
(1.03748 0.0233751 0)
(1.04904 0.0213316 0)
(1.05091 0.0148816 0)
(0.81918 0.00485166 0)
(0.805697 -0.000128483 0)
(0.986152 -0.00143247 0)
(1.03343 -0.00525634 0)
(1.0314 -0.008888 0)
(1.02722 -0.0114669 0)
(1.02196 -0.012573 0)
(1.01631 -0.0119915 0)
(1.01237 -0.00993043 0)
(1.00931 -0.00696192 0)
(1.00817 -0.0028808 0)
(1.00754 0.00179729 0)
(1.00862 0.0063284 0)
(1.01092 0.00985306 0)
(1.01389 0.0122856 0)
(1.01844 0.0135829 0)
(1.02378 0.0130799 0)
(1.02862 0.010842 0)
(1.0321 0.00746252 0)
(1.02632 0.00333942 0)
(0.804755 0.000108841 0)
(0.801749 -0.000262337 0)
(0.979941 -0.000783686 0)
(1.02703 -0.00240621 0)
(1.02676 -0.00425651 0)
(1.02507 -0.00586818 0)
(1.02274 -0.00694437 0)
(1.01972 -0.00694507 0)
(1.01703 -0.00595513 0)
(1.01475 -0.00391178 0)
(1.01378 -0.00137346 0)
(1.01318 0.00167033 0)
(1.01413 0.00425615 0)
(1.016 0.00680772 0)
(1.01775 0.00786427 0)
(1.02034 0.0079607 0)
(1.02275 0.00716503 0)
(1.02469 0.00565483 0)
(1.0259 0.00380228 0)
(1.01913 0.00193103 0)
(0.800574 0.000436607 0)
(0.800251 -0.000155069 0)
(0.977239 -0.000366652 0)
(1.02289 -0.00112852 0)
(1.02321 -0.00203744 0)
(1.02247 -0.00291214 0)
(1.02126 -0.00358533 0)
(1.01959 -0.00375487 0)
(1.0178 -0.00329089 0)
(1.01612 -0.00208018 0)
(1.01501 -0.000393283 0)
(1.01445 0.00165298 0)
(1.0149 0.00347904 0)
(1.01668 0.0045439 0)
(1.01747 0.00496841 0)
(1.01909 0.00478906 0)
(1.02043 0.00408422 0)
(1.0214 0.00309588 0)
(1.02193 0.00202379 0)
(1.01495 0.0010128 0)
(0.79763 0.000216051 0)
(0.798592 -0.000167973 0)
(0.975539 -0.000398437 0)
(1.02144 -0.000762214 0)
(1.02187 -0.00111531 0)
(1.02144 -0.00148084 0)
(1.02075 -0.00177158 0)
(1.01977 -0.00184352 0)
(1.0186 -0.0015598 0)
(1.01738 -0.000812885 0)
(1.01639 0.000342235 0)
(1.01587 0.00174825 0)
(1.01611 0.00299649 0)
(1.01712 0.00327996 0)
(1.01762 0.00340691 0)
(1.01845 0.00312093 0)
(1.01912 0.00257079 0)
(1.01958 0.00190659 0)
(1.0198 0.00123631 0)
(1.01272 0.000629147 0)
(0.795991 0.00014494 0)
(0.797638 -3.93123e-05 0)
(0.974503 -0.000124363 0)
(1.02074 -0.000281884 0)
(1.02128 -0.000429765 0)
(1.021 -0.000564425 0)
(1.02055 -0.00064675 0)
(1.01991 -0.00060592 0)
(1.01909 -0.000356385 0)
(1.01816 0.000175619 0)
(1.01729 0.000984831 0)
(1.01672 0.00192572 0)
(1.01668 0.00264102 0)
(1.01706 0.00273751 0)
(1.01739 0.00263005 0)
(1.01778 0.00229457 0)
(1.0181 0.00183331 0)
(1.01832 0.00133664 0)
(1.01839 0.000864086 0)
(1.01127 0.000443357 0)
(0.794881 0.000108282 0)
(0.797497 1.26621e-05 0)
(0.974264 1.62759e-05 0)
(1.02052 7.82311e-06 0)
(1.02113 1.16488e-05 0)
(1.02093 3.87189e-05 0)
(1.02062 0.00011277 0)
(1.02015 0.000269706 0)
(1.01952 0.000555084 0)
(1.01874 0.00100598 0)
(1.01792 0.001611 0)
(1.01725 0.00223298 0)
(1.01695 0.00258901 0)
(1.01695 0.00256049 0)
(1.01703 0.00231405 0)
(1.01715 0.00194024 0)
(1.01727 0.00151461 0)
(1.01735 0.00109167 0)
(1.01733 0.000704729 0)
(1.01019 0.000366091 0)
(0.794023 9.2232e-05 0)
(0.797686 4.60601e-05 0)
(0.974424 9.29781e-05 0)
(1.02069 0.000200309 0)
(1.02132 0.000327222 0)
(1.02117 0.000487678 0)
(1.02091 0.000695643 0)
(1.02052 0.000968873 0)
(1.01996 0.00132646 0)
(1.01924 0.00177526 0)
(1.01838 0.00227878 0)
(1.01756 0.00269803 0)
(1.01699 0.00282604 0)
(1.0167 0.00265205 0)
(1.01656 0.0023041 0)
(1.0165 0.00188105 0)
(1.01648 0.00144429 0)
(1.01647 0.00103373 0)
(1.01641 0.000666487 0)
(1.00925 0.000351481 0)
(0.793245 8.95508e-05 0)
(0.798166 7.42812e-05 0)
(0.974924 0.000161782 0)
(1.02117 0.000362407 0)
(1.02181 0.000597133 0)
(1.02166 0.000878435 0)
(1.02142 0.00121477 0)
(1.02104 0.00161245 0)
(1.02048 0.00207114 0)
(1.01972 0.0025708 0)
(1.01876 0.00304633 0)
(1.01772 0.00334398 0)
(1.01688 0.00330481 0)
(1.01634 0.00298957 0)
(1.016 0.00253571 0)
(1.01579 0.0020362 0)
(1.01566 0.00154844 0)
(1.01559 0.00110339 0)
(1.01549 0.000711766 0)
(1.00832 0.000377475 0)
(0.79245 9.87383e-05 0)
(0.798882 0.000104035 0)
(0.9757 0.000230185 0)
(1.02194 0.000523635 0)
(1.02257 0.00086841 0)
(1.02241 0.0012748 0)
(1.02215 0.00174795 0)
(1.02173 0.00228641 0)
(1.02111 0.00287478 0)
(1.02024 0.00346893 0)
(1.01909 0.00397207 0)
(1.01777 0.00420181 0)
(1.01663 0.00402427 0)
(1.01583 0.00356455 0)
(1.0153 0.00297962 0)
(1.01495 0.00237015 0)
(1.01473 0.00179321 0)
(1.0146 0.00127477 0)
(1.01447 0.000824842 0)
(1.00728 0.000439316 0)
(0.791545 0.000117647 0)
(0.799868 0.000138503 0)
(0.976781 0.000308524 0)
(1.02301 0.000707187 0)
(1.02363 0.00117352 0)
(1.02345 0.00172113 0)
(1.02314 0.00235248 0)
(1.02264 0.00305971 0)
(1.0219 0.00381338 0)
(1.02085 0.00454531 0)
(1.01943 0.00512131 0)
(1.01776 0.00531861 0)
(1.01625 0.00501143 0)
(1.01517 0.00438864 0)
(1.01442 0.00364013 0)
(1.01393 0.00288059 0)
(1.01361 0.00217237 0)
(1.01342 0.0015416 0)
(1.01326 0.000996691 0)
(1.00605 0.000531363 0)
(0.790466 0.000142466 0)
(0.801171 0.000181693 0)
(0.978216 0.000405139 0)
(1.02445 0.000928085 0)
(1.02504 0.00154172 0)
(1.02481 0.00225943 0)
(1.02443 0.00308314 0)
(1.02382 0.00399822 0)
(1.0229 0.00496192 0)
(1.02159 0.0058785 0)
(1.0198 0.00656967 0)
(1.01767 0.00675776 0)
(1.01572 0.0063125 0)
(1.0143 0.00549347 0)
(1.01331 0.00453702 0)
(1.01265 0.00358102 0)
(1.01223 0.00269608 0)
(1.01198 0.00191236 0)
(1.01178 0.00123482 0)
(1.00454 0.000659771 0)
(0.789142 0.000176717 0)
(0.802867 0.000235537 0)
(0.980087 0.000525495 0)
(1.02631 0.00120549 0)
(1.02687 0.00200076 0)
(1.02659 0.00293001 0)
(1.0261 0.00399422 0)
(1.02534 0.00517232 0)
(1.02418 0.00640341 0)
(1.02251 0.00755999 0)
(1.02024 0.00841021 0)
(1.01752 0.00860348 0)
(1.01502 0.00799691 0)
(1.01318 0.00693475 0)
(1.0119 0.00571333 0)
(1.01105 0.00450257 0)
(1.0105 0.00338669 0)
(1.01017 0.00240126 0)
(1.00993 0.00155231 0)
(1.00266 0.000830681 0)
(0.787477 0.000222707 0)
(0.805063 0.000304896 0)
(0.982511 0.000679217 0)
(1.02873 0.00155657 0)
(1.02924 0.00258433 0)
(1.02888 0.00378311 0)
(1.02826 0.0051532 0)
(1.02728 0.00666453 0)
(1.0258 0.00823626 0)
(1.02367 0.00970052 0)
(1.02078 0.0107572 0)
(1.0173 0.0109631 0)
(1.0141 0.0101561 0)
(1.01175 0.0087867 0)
(1.01011 0.00722794 0)
(1.00902 0.00569101 0)
(1.00832 0.00427955 0)
(1.00789 0.00303415 0)
(1.00759 0.00196271 0)
(1.00029 0.00104878 0)
(0.785375 0.000282117 0)
(0.8079 0.000394598 0)
(0.985639 0.00087803 0)
(1.03185 0.00201034 0)
(1.0323 0.00333579 0)
(1.03183 0.00488009 0)
(1.03103 0.00664172 0)
(1.02976 0.00857972 0)
(1.02786 0.0105862 0)
(1.02513 0.0124401 0)
(1.02142 0.0137557 0)
(1.01698 0.0139748 0)
(1.01291 0.0129113 0)
(1.00992 0.0111498 0)
(1.00784 0.00916038 0)
(1.00644 0.00720564 0)
(1.00555 0.0054144 0)
(1.00501 0.00383672 0)
(1.00464 0.0024801 0)
(0.997291 0.00132534 0)
(0.782723 0.000355934 0)
(0.811571 0.000513293 0)
(0.98968 0.0011388 0)
(1.03588 0.00260175 0)
(1.03625 0.00431229 0)
(1.03563 0.00630314 0)
(1.03459 0.00856986 0)
(1.03295 0.011055 0)
(1.03048 0.0136143 0)
(1.02696 0.0159582 0)
(1.02221 0.0175907 0)
(1.01654 0.0178117 0)
(1.01137 0.0164125 0)
(1.00758 0.0141483 0)
(1.00494 0.0116114 0)
(1.00318 0.00912833 0)
(1.00205 0.0068567 0)
(1.00136 0.00485778 0)
(1.00091 0.0031381 0)
(0.993502 0.00167728 0)
(0.779374 0.000449907 0)
(0.816336 0.000669992 0)
(0.994913 0.00148178 0)
(1.04108 0.00337726 0)
(1.04135 0.00559288 0)
(1.04053 0.00816554 0)
(1.03917 0.0110858 0)
(1.03702 0.0142737 0)
(1.03381 0.0175341 0)
(1.02925 0.0204874 0)
(1.02315 0.0224974 0)
(1.01592 0.022692 0)
(1.00937 0.0208486 0)
(1.00458 0.0179406 0)
(1.00125 0.0147079 0)
(0.999024 0.0115546 0)
(0.997602 0.00867512 0)
(0.996737 0.00614397 0)
(0.996187 0.00396809 0)
(0.988701 0.00211988 0)
(0.775133 0.000566984 0)
(0.822552 0.000881287 0)
(1.00172 0.00194078 0)
(1.04785 0.00440871 0)
(1.04795 0.00728811 0)
(1.04687 0.0106237 0)
(1.04506 0.0143959 0)
(1.04222 0.0184887 0)
(1.03802 0.0226339 0)
(1.0321 0.0263326 0)
(1.02426 0.0287743 0)
(1.01507 0.0288855 0)
(1.00679 0.0264506 0)
(1.00076 0.0227205 0)
(0.996568 0.0186099 0)
(0.993771 0.0146127 0)
(0.991982 0.0109678 0)
(0.990892 0.00776544 0)
(0.990213 0.00501376 0)
(0.982637 0.00267652 0)
(0.769785 0.000715805 0)
(0.830722 0.00117382 0)
(1.01062 0.00256746 0)
(1.05668 0.00580296 0)
(1.05656 0.00957022 0)
(1.05509 0.0139179 0)
(1.05266 0.0188043 0)
(1.04887 0.024057 0)
(1.04332 0.0293061 0)
(1.0356 0.0338939 0)
(1.02552 0.0367959 0)
(1.01386 0.0367192 0)
(1.00346 0.0334959 0)
(0.995893 0.0287215 0)
(0.990637 0.02351 0)
(0.987126 0.0184592 0)
(0.984875 0.0138564 0)
(0.983501 0.00981126 0)
(0.982659 0.00633495 0)
(0.974967 0.00338062 0)
(0.763028 0.000902381 0)
(0.841587 0.00158807 0)
(1.02239 0.00344581 0)
(1.06831 0.00773583 0)
(1.06786 0.0127064 0)
(1.06582 0.018409 0)
(1.06247 0.0247618 0)
(1.05734 0.0314983 0)
(1.04993 0.0380982 0)
(1.03982 0.0436965 0)
(1.02687 0.0470253 0)
(1.01215 0.0465792 0)
(0.99915 0.0423095 0)
(0.989725 0.036227 0)
(0.983156 0.0296535 0)
(0.978747 0.0232957 0)
(0.975905 0.0174989 0)
(0.974164 0.012398 0)
(0.973108 0.00800711 0)
(0.965266 0.00426998 0)
(0.754496 0.00113716 0)
(0.856278 0.00220862 0)
(1.03815 0.00473599 0)
(1.08378 0.0105223 0)
(1.0828 0.0171618 0)
(1.07987 0.0247078 0)
(1.07514 0.0329924 0)
(1.06803 0.0415944 0)
(1.05802 0.0497744 0)
(1.04473 0.0564184 0)
(1.02815 0.0600154 0)
(1.0097 0.0589011 0)
(0.993612 0.0532568 0)
(0.981951 0.0455666 0)
(0.973771 0.0373459 0)
(0.968226 0.0293982 0)
(0.964615 0.0221259 0)
(0.962385 0.0157002 0)
(0.961041 0.0101531 0)
(0.952998 0.00542064 0)
(0.743703 0.00144448 0)
(0.876639 0.00323995 0)
(1.05959 0.0068297 0)
(1.10469 0.0148514 0)
(1.10279 0.0238526 0)
(1.09835 0.0339164 0)
(1.09136 0.0447085 0)
(1.08125 0.0555426 0)
(1.06757 0.0653949 0)
(1.0501 0.0729069 0)
(1.02902 0.076391 0)
(1.00618 0.0741413 0)
(0.986511 0.0667197 0)
(0.972238 0.057114 0)
(0.962105 0.0469738 0)
(0.955104 0.0371573 0)
(0.950444 0.02811 0)
(0.94751 0.0200447 0)
(0.945741 0.0130213 0)
(0.937411 0.00698128 0)
(0.72995 0.00186789 0)
(0.906059 0.00543091 0)
(1.08955 0.0110167 0)
(1.13364 0.0225047 0)
(1.12987 0.034777 0)
(1.12249 0.0481629 0)
(1.11161 0.0619606 0)
(1.09688 0.0751222 0)
(1.07807 0.0863406 0)
(1.05525 0.094132 0)
(1.02884 0.0967855 0)
(1.00105 0.0927262 0)
(0.977417 0.0830608 0)
(0.960216 0.0712675 0)
(0.947785 0.0590242 0)
(0.938934 0.0471652 0)
(0.932807 0.0361222 0)
(0.928783 0.0261264 0)
(0.9263 0.0172667 0)
(0.917514 0.00946946 0)
(0.712259 0.00259513 0)
(0.951686 0.0117265 0)
(1.13417 0.0221798 0)
(1.1754 0.0379533 0)
(1.16676 0.0541693 0)
(1.15329 0.0712658 0)
(1.13574 0.087861 0)
(1.11414 0.102609 0)
(1.08856 0.114111 0)
(1.05927 0.121002 0)
(1.02684 0.12172 0)
(0.993772 0.114984 0)
(0.966039 0.102582 0)
(0.945754 0.0884208 0)
(0.930763 0.0740768 0)
(0.919651 0.0602846 0)
(0.911475 0.0473973 0)
(0.905614 0.0355933 0)
(0.901597 0.0248924 0)
(0.891728 0.0149038 0)
(0.689336 0.00425516 0)
(1.01962 0.0352438 7.69582e-22)
(1.19758 0.0511423 -1.5244e-19)
(1.23198 0.0705649 -6.46631e-21)
(1.21235 0.0898465 -1.27692e-20)
(1.18888 0.108991 0)
(1.16212 0.126277 -1.89615e-20)
(1.13194 0.140441 1.51793e-20)
(1.0984 0.150367 -1.28166e-22)
(1.0618 0.15492 0)
(1.0227 0.152656 0)
(0.983872 0.142569 3.29058e-20)
(0.95164 0.127195 0)
(0.927799 0.110786 9.03896e-20)
(0.909675 0.0947172 1.19368e-19)
(0.895534 0.0796132 0)
(0.88425 0.0658446 0)
(0.875037 0.053668 0)
(0.867319 0.0431721 -6.4565e-21)
(0.854353 0.0343083 -7.63045e-21)
(0.658035 0.020219 -1.36468e-19)
(1.06756 0.087899 -5.18217e-21)
(1.25586 0.110846 -1.48305e-19)
(1.28212 0.129261 -2.88115e-20)
(1.25318 0.145344 0)
(1.22072 0.161836 4.3228e-20)
(1.18544 0.176559 1.49627e-19)
(1.14724 0.188311 3.22358e-20)
(1.10606 0.195827 5.23929e-20)
(1.06208 0.197756 8.71766e-20)
(1.01577 0.192575 0)
(0.969959 0.179483 -2.84447e-19)
(0.931731 0.161681 -8.37262e-20)
(0.903076 0.143728 -4.9301e-20)
(0.88075 0.12695 0)
(0.862723 0.111777 -2.70069e-19)
(0.847656 0.0986164 -1.99872e-20)
(0.834691 0.0877403 -3.78787e-19)
(0.823184 0.0793508 -8.99677e-19)
(0.8081 0.0731127 5.6419e-19)
(0.625523 0.0533676 6.12394e-19)
(1.08807 0.154859 -1.29678e-19)
(1.2901 0.188394 1.56866e-19)
(1.31701 0.203352 2.80707e-20)
(1.2825 0.213501 0)
(1.24384 0.22459 0)
(1.20213 0.234744 1.55659e-19)
(1.15738 0.242434 -6.6089e-20)
(1.10966 0.246206 1.129e-19)
(1.05919 0.244504 -9.45184e-20)
(1.00648 0.235708 1.52648e-19)
(0.954674 0.219186 0)
(0.911617 0.198882 -1.76371e-19)
(0.87939 0.179608 0)
(0.854333 0.162495 -1.2286e-19)
(0.834238 0.147774 3.61873e-19)
(0.817745 0.135557 -4.09752e-20)
(0.803951 0.125751 -5.08833e-20)
(0.792161 0.118549 0)
(0.777189 0.113274 6.06028e-19)
(0.604471 0.086153 -6.68862e-19)
(1.10033 0.217737 -2.43134e-19)
(1.30901 0.262551 2.54201e-19)
(1.3363 0.277629 2.33715e-19)
(1.29969 0.283831 0)
(1.25785 0.290629 1.83293e-19)
(1.21204 0.296377 -1.57437e-19)
(1.16249 0.299799 -1.33592e-19)
(1.10943 0.29947 2.72914e-21)
(1.05334 0.293742 -3.94243e-19)
(0.994949 0.280873 0)
(0.937881 0.260495 1.43572e-21)
(0.890872 0.237299 4.67542e-22)
(0.856112 0.216378 1.11281e-19)
(0.829464 0.198463 1.3107e-19)
(0.808461 0.183528 2.30926e-19)
(0.79156 0.171319 -9.12192e-20)
(0.777697 0.161748 -5.42304e-20)
(0.766066 0.154627 4.48189e-19)
(0.751409 0.149212 -3.78649e-20)
(0.585618 0.114743 6.69081e-19)
(1.10875 0.278168 2.7119e-19)
(1.32066 0.334889 -2.9106e-20)
(1.34784 0.350429 -2.8945e-19)
(1.30938 0.35355 -2.51126e-19)
(1.26508 0.356786 -1.78841e-19)
(1.21615 0.358809 -2.38386e-19)
(1.16277 0.358386 0)
(1.10531 0.354089 0)
(1.04438 0.344233 -2.12169e-19)
(0.980991 0.327038 0)
(0.919391 0.302374 -3.43122e-19)
(0.869231 0.275759 2.02595e-19)
(0.832714 0.252638 6.84062e-22)
(0.805177 0.233358 1.39549e-19)
(0.783846 0.21761 -6.5497e-19)
(0.766955 0.204924 -3.86127e-19)
(0.753314 0.19494 -5.16716e-19)
(0.741995 0.18754 1.08772e-18)
(0.727716 0.181584 1.27838e-18)
(0.568147 0.140323 -4.41315e-20)
(1.11413 0.335691 0)
(1.3274 0.403702 0)
(1.35364 0.420726 0)
(1.31375 0.421614 2.14362e-19)
(1.26751 0.422021 1.94098e-19)
(1.216 0.420914 3.4377e-19)
(1.15938 0.41709 -1.50058e-19)
(1.09805 0.409067 3.8715e-19)
(1.03279 0.39517 4.46688e-19)
(0.964846 0.3735 0)
(0.899192 0.344117 -3.6605e-19)
(0.846428 0.313519 2.10609e-19)
(0.808703 0.287632 0)
(0.780769 0.26645 0)
(0.759484 0.249431 -1.71993e-19)
(0.742886 0.235875 3.06545e-19)
(0.729644 0.225217 0)
(0.71878 0.217214 -1.1401e-18)
(0.704952 0.21054 1.34556e-18)
(0.551225 0.163114 -1.58253e-18)
(1.11756 0.39113 2.63627e-19)
(1.33088 0.469823 -2.08367e-21)
(1.35574 0.488428 2.37093e-19)
(1.31446 0.487587 -1.12084e-19)
(1.26647 0.48576 0)
(1.21265 0.482015 -1.75506e-19)
(1.15314 0.4752 1.60942e-19)
(1.08828 0.46379 5.49598e-19)
(1.01896 0.446017 -2.32078e-19)
(0.946709 0.419767 3.95402e-19)
(0.877235 0.385302 -1.93374e-19)
(0.822232 0.350151 -2.26502e-19)
(0.783705 0.320889 -2.64907e-19)
(0.755777 0.297379 -1.52968e-19)
(0.734857 0.278743 9.07869e-19)
(0.718784 0.263988 5.33235e-19)
(0.706135 0.252431 1.28944e-19)
(0.695812 0.243682 -5.96822e-19)
(0.682572 0.236157 -8.87381e-20)
(0.534518 0.183223 1.65397e-18)
(1.11952 0.444468 9.89909e-20)
(1.33216 0.533328 0)
(1.35532 0.553568 -1.1774e-19)
(1.31267 0.551358 -1.10289e-19)
(1.26299 0.547716 1.03903e-20)
(1.20702 0.541757 -1.8997e-19)
(1.14476 0.532346 -3.30075e-19)
(1.07658 0.517903 -2.90952e-19)
(1.00332 0.496456 -7.53984e-19)
(0.926787 0.465653 -2.07485e-19)
(0.853528 0.425717 2.0618e-19)
(0.796451 0.385366 -4.81568e-19)
(0.757468 0.352155 -2.07856e-21)
(0.729896 0.325847 -3.24676e-19)
(0.709687 0.305248 -1.91579e-19)
(0.694393 0.289138 2.24605e-19)
(0.682467 0.276609 3.95209e-19)
(0.672837 0.266992 0)
(0.660292 0.258519 -9.25616e-20)
(0.517983 0.200795 -1.56249e-18)
(1.12066 0.495901 0)
(1.33206 0.594225 2.53729e-19)
(1.3531 0.616256 0)
(1.30911 0.612927 2.15229e-19)
(1.2578 0.607757 2.23374e-19)
(1.19976 0.599932 -1.9247e-21)
(1.13491 0.588306 -1.03413e-20)
(1.06346 0.571164 1.50571e-19)
(0.986291 0.546315 1.30921e-19)
(0.905382 0.51103 1.1787e-19)
(0.828085 0.465311 -5.95381e-22)
(0.768913 0.419048 -2.55372e-19)
(0.729756 0.381219 -2.9285e-19)
(0.702966 0.351637 3.38843e-19)
(0.683858 0.328838 -5.90711e-19)
(0.669622 0.31127 2.33324e-19)
(0.658642 0.297699 -5.48368e-19)
(0.649861 0.287224 1.28733e-18)
(0.638079 0.277955 -9.58119e-20)
(0.501795 0.216238 -1.12077e-19)
(1.12151 0.545637 6.33657e-20)
(1.331 0.652882 5.95594e-20)
(1.34976 0.676474 2.30446e-19)
(1.3044 0.672254 2.19942e-19)
(1.25151 0.665793 2.12303e-19)
(1.19146 0.656448 1.95096e-19)
(1.12404 0.642923 5.58341e-19)
(1.04942 0.623441 6.58589e-19)
(0.96829 0.595539 -1.46031e-19)
(0.882723 0.555961 -4.79773e-19)
(0.800942 0.504198 -4.72913e-19)
(0.739418 0.451236 -5.41606e-19)
(0.700306 0.407913 6.17086e-19)
(0.674851 0.374483 -3.52838e-19)
(0.657345 0.349285 2.02626e-19)
(0.644617 0.330228 -7.13345e-19)
(0.634868 0.315665 5.60017e-19)
(0.627034 0.304513 -6.5968e-19)
(0.616187 0.294442 9.84463e-20)
(0.48615 0.229593 1.47765e-21)
(1.12197 0.593565 -6.19556e-20)
(1.32936 0.709183 5.88497e-20)
(1.3456 0.734378 -2.44224e-19)
(1.29891 0.729355 -2.35366e-19)
(1.24448 0.721838 -4.43781e-19)
(1.18248 0.711199 2.21932e-19)
(1.1126 0.6961 0)
(1.03484 0.674647 3.60079e-19)
(0.949697 0.64408 -1.49301e-19)
(0.859146 0.600507 -3.87224e-19)
(0.772213 0.542521 0)
(0.70776 0.482012 2.8644e-19)
(0.668793 0.432142 -3.22329e-19)
(0.645319 0.394074 -1.09827e-18)
(0.630267 0.366119 -2.12458e-19)
(0.61966 0.345611 1.05554e-21)
(0.611539 0.330327 0)
(0.604841 0.31883 -5.01447e-19)
(0.594983 0.308262 -1.00177e-19)
(0.471599 0.241449 -1.14011e-19)
(1.12241 0.63993 2.48995e-19)
(1.32723 0.763292 1.33705e-20)
(1.34095 0.790018 -1.22554e-19)
(1.29296 0.784269 -1.18902e-19)
(1.23701 0.77585 -2.3568e-19)
(1.17317 0.764105 2.12872e-19)
(1.10092 0.747695 2.12972e-19)
(1.02011 0.724639 1.91737e-19)
(0.930951 0.691916 -1.67703e-19)
(0.835005 0.644874 -1.41393e-19)
(0.741952 0.58073 -2.715e-19)
(0.673592 0.511653 -6.12552e-19)
(0.634742 0.453678 -5.41536e-21)
(0.61412 0.409849 0)
(0.602708 0.378788 -4.32485e-19)
(0.595224 0.357073 2.49737e-19)
(0.589325 0.341548 -1.28995e-18)
(0.584097 0.330158 0)
(0.575306 0.319685 7.91698e-19)
(0.458936 0.252152 0)
(1.12261 0.684656 6.48824e-21)
(1.32476 0.815069 1.46787e-20)
(1.33594 0.843312 1.27777e-19)
(1.2867 0.836926 0)
(1.22933 0.827773 3.58578e-19)
(1.16373 0.815087 -2.31785e-19)
(1.0893 0.797632 1.04384e-19)
(1.00555 0.77336 -9.82997e-19)
(0.912358 0.739015 1.69996e-19)
(0.810752 0.689183 0)
(0.710456 0.619211 1.17022e-18)
(0.636636 0.540649 3.27038e-19)
(0.597417 0.472479 1.81351e-19)
(0.580722 0.421062 -7.8435e-19)
(0.57478 0.386167 4.41658e-19)
(0.572052 0.363623 0)
(0.569404 0.348812 5.71056e-19)
(0.566013 0.338597 3.31598e-19)
(0.558426 0.329092 7.8066e-19)
(0.44925 0.262573 -9.17065e-19)
(1.12285 0.727845 1.08858e-19)
(1.32208 0.864819 -1.18969e-19)
(1.33076 0.894355 -2.33816e-19)
(1.28032 0.887352 0)
(1.22159 0.877512 1.16102e-19)
(1.15435 0.864076 -5.96918e-19)
(1.0779 0.845756 4.56354e-19)
(0.991423 0.82067 -1.0143e-19)
(0.89429 0.785256 5.58732e-19)
(0.786768 0.733438 1.29684e-18)
(0.678042 0.658459 -3.15958e-19)
(0.596575 0.569777 -1.73832e-19)
(0.555734 0.488733 -3.29399e-21)
(0.544117 0.426731 -1.97974e-19)
(0.546416 0.386711 1.52521e-20)
(0.551205 0.36384 5.62435e-21)
(0.553522 0.351331 -1.41654e-19)
(0.552696 0.343977 4.77402e-19)
(0.546247 0.337101 9.63844e-20)
(0.444517 0.273826 0)
(1.1225 0.769406 -5.05434e-20)
(1.31908 0.912563 5.41659e-20)
(1.32544 0.943144 1.20563e-19)
(1.27392 0.935487 0)
(1.21394 0.925041 1.23649e-19)
(1.14519 0.910981 0)
(1.06684 0.892022 1.15119e-19)
(0.977931 0.866435 7.75985e-19)
(0.877086 0.830574 5.97274e-19)
(0.763495 0.777779 -7.23838e-21)
(0.645213 0.699008 1.03178e-20)
(0.553238 0.59997 7.65746e-19)
(0.508304 0.502975 -4.0149e-19)
(0.50256 0.425607 -3.98786e-19)
(0.517255 0.377738 -4.29959e-19)
(0.534322 0.35513 7.02429e-21)
(0.544459 0.34765 -1.05319e-20)
(0.547131 0.346003 7.12893e-19)
(0.541632 0.344773 -6.9874e-19)
(0.447548 0.28806 0)
(1.12202 0.809261 1.49893e-19)
(1.31578 0.958238 -8.86689e-20)
(1.32005 0.989691 -2.30976e-19)
(1.26758 0.981381 6.40375e-19)
(1.20648 0.970308 -2.75362e-19)
(1.13638 0.955707 -5.20443e-19)
(1.05632 0.936286 6.35344e-19)
(0.965234 0.910489 1.26815e-19)
(0.860981 0.874811 -6.4392e-19)
(0.741442 0.822151 -9.13156e-20)
(0.6126 0.741273 -1.84723e-19)
(0.506749 0.632665 -6.30984e-19)
(0.453347 0.516384 -8.64611e-19)
(0.452986 0.416476 2.00122e-19)
(0.486156 0.355142 2.16711e-19)
(0.523736 0.333494 -4.21155e-19)
(0.546569 0.335568 4.55124e-19)
(0.55388 0.345308 1.35074e-19)
(0.549746 0.352909 -1.64044e-19)
(0.4627 0.30778 -3.67426e-19)
(1.12119 0.847368 9.05439e-20)
(1.31216 1.00187 -3.95913e-20)
(1.3146 1.03401 -5.04991e-20)
(1.26126 1.02509 3.88979e-19)
(1.19921 1.01335 1.42422e-19)
(1.12801 0.998252 -5.39199e-19)
(1.04652 0.9785 -1.25226e-20)
(0.953476 0.952664 -2.0003e-18)
(0.846153 0.917661 -7.95902e-19)
(0.720971 0.866301 -9.79791e-20)
(0.580976 0.785494 0)
(0.457769 0.669508 9.14723e-19)
(0.38901 0.531427 0)
(0.390563 0.398479 -4.41763e-19)
(0.450421 0.312515 0)
(0.52278 0.291093 0)
(0.568637 0.311681 -1.71276e-20)
(0.583332 0.342647 -1.17276e-19)
(0.576712 0.367231 6.61395e-19)
(0.493025 0.337387 6.25157e-19)
(1.12011 0.883781 -3.19309e-20)
(1.30825 1.0434 -8.31378e-20)
(1.30908 1.07611 1.0671e-19)
(1.25495 1.06656 -4.34927e-19)
(1.19211 1.05418 -2.69708e-19)
(1.12007 1.03858 -1.48267e-19)
(1.03755 1.01866 5.7457e-21)
(0.942756 0.992955 1.25995e-19)
(0.832787 0.958934 -9.73957e-19)
(0.702476 0.909887 1.04914e-19)
(0.55129 0.8317 1.10923e-19)
(0.407438 0.712118 -1.00692e-18)
(0.314022 0.551968 0)
(0.307759 0.372288 -2.06041e-19)
(0.40211 0.238866 0)
(0.53969 0.212335 -1.36512e-19)
(0.629974 0.271701 -2.24849e-19)
(0.652311 0.3466 -5.96278e-20)
(0.627523 0.397046 9.1233e-20)
(0.531443 0.385424 -3.17197e-19)
(1.11848 0.918437 0)
(1.30407 1.08289 0)
(1.30348 1.11602 -1.48145e-19)
(1.24866 1.10578 -2.43971e-19)
(1.1852 1.09274 0)
(1.11251 1.07662 7.67275e-20)
(1.02931 1.05662 0)
(0.933249 1.03135 -1.25157e-18)
(0.821086 0.998566 -9.89074e-21)
(0.686286 0.952497 1.96839e-18)
(0.524537 0.879455 2.03884e-18)
(0.357758 0.761739 -1.11026e-18)
(0.228512 0.583684 -9.95296e-19)
(0.194054 0.342301 0)
(0.324319 0.116414 -2.89839e-19)
(0.591318 0.0595962 3.46307e-21)
(0.780272 0.208792 -1.0409e-19)
(0.776279 0.397889 4.8822e-20)
(0.689698 0.474953 5.35108e-20)
(0.574503 0.456415 -2.93276e-19)
(1.1168 0.951654 -2.3643e-20)
(1.29964 1.12042 -3.78164e-20)
(1.2978 1.15374 9.71181e-20)
(1.24244 1.14279 -1.72372e-19)
(1.1785 1.12908 0)
(1.10531 1.11243 7.92446e-20)
(1.02156 1.09231 6.05502e-19)
(0.924847 1.06759 -1.08616e-18)
(0.811154 1.03641 0)
(0.672715 0.993969 3.96435e-18)
(0.501596 0.928067 -2.06139e-18)
(0.311478 0.818657 9.2152e-19)
(0.135316 0.633452 -3.69242e-20)
(0.0372119 0.320005 -1.19083e-18)
(0.173914 -0.091998 2.01079e-20)
(0.656821 -0.283526 2.15213e-19)
(1.07503 0.0235128 -2.63015e-19)
(1.08337 0.4307 0)
(0.801051 0.568381 0)
(0.606054 0.489128 0)
(1.1145 0.983084 -1.65718e-20)
(1.29493 1.15606 -6.35035e-20)
(1.29201 1.18939 -3.84408e-20)
(1.2363 1.1777 0)
(1.17209 1.16345 -4.77282e-19)
(1.09851 1.14637 6.89117e-20)
(1.01427 1.1261 -7.93178e-20)
(0.917172 1.10196 -2.33301e-18)
(0.8027 1.07261 9.57289e-19)
(0.661712 1.03456 8.82562e-21)
(0.483264 0.977635 -5.83754e-21)
(0.271306 0.883465 0)
(0.0396733 0.70937 -1.35816e-18)
(-0.181319 0.34014 -2.55759e-19)
(-0.208689 -0.285466 0)
(0.303937 -0.261903 0)
(1.03649 0.393762 0)
(1.1276 0.980499 3.37659e-19)
(0.774884 1.03531 -2.34719e-19)
(0.187858 0.806169 3.76288e-19)
(1.11201 1.01334 1.13621e-21)
(1.28987 1.1899 -1.41682e-20)
(1.28593 1.22319 -2.91426e-20)
(1.23015 1.21085 -2.31056e-19)
(1.16582 1.19629 7.45031e-20)
(1.09201 1.17911 -6.02928e-19)
(1.00741 1.15894 1.52171e-19)
(0.909904 1.13561 1.26332e-18)
(0.795043 1.10842 1.44884e-19)
(0.65295 1.07564 -1.88374e-18)
(0.46922 1.03082 0)
(0.240104 0.959169 1.27001e-18)
(-0.0486306 0.824504 0)
(-0.453302 0.536423 -1.13438e-18)
(-0.854519 0.364123 8.93725e-21)
(-0.628056 1.03634 -2.33114e-18)
(0.308945 1.87869 1.41696e-18)
(0.48626 2.17212 1.11677e-18)
(0.272822 2.46866 -4.294e-19)
(0.126649 3.11156 -6.58857e-20)
(1.10935 1.04253 2.19398e-20)
(1.28429 1.22206 0)
(1.27964 1.25495 5.23257e-20)
(1.22414 1.24209 2.70578e-19)
(1.15973 1.22736 6.90342e-20)
(1.08577 1.21026 -8.03035e-20)
(1.00101 1.19031 -7.73914e-19)
(0.903417 1.16793 -1.20978e-18)
(0.788271 1.14325 6.71908e-20)
(0.646287 1.11634 -2.17596e-18)
(0.461017 1.085 -2.28907e-18)
(0.222995 1.0433 1.15153e-18)
(-0.0967939 0.973633 1.53133e-18)
(-0.587162 0.894298 -1.50301e-19)
(-1.14117 1.15854 -1.25942e-19)
(-1.19219 2.12397 -5.99752e-19)
(-0.525202 2.95912 -1.18951e-18)
(-0.212103 3.33216 -4.51802e-19)
(-0.101029 3.46412 3.61485e-19)
(-0.0277827 3.41068 2.36837e-19)
(1.10661 1.07114 0)
(1.27693 1.25241 -2.04993e-20)
(1.27339 1.28453 0)
(1.21852 1.27148 2.92075e-20)
(1.15404 1.25682 -7.28357e-20)
(1.07999 1.23995 1.48701e-19)
(0.995247 1.22027 7.06699e-19)
(0.897823 1.1991 7.1511e-20)
(0.783085 1.17704 1.2109e-18)
(0.641534 1.1557 -4.25101e-18)
(0.457194 1.1385 0)
(0.220798 1.13062 -1.32672e-18)
(-0.0909227 1.13697 1.55099e-18)
(-0.534182 1.21361 0)
(-1.03172 1.64499 -7.18327e-19)
(-1.11891 2.55873 1.23775e-19)
(-0.684515 3.13617 -3.94603e-19)
(-0.411737 3.32614 -5.43798e-19)
(-0.235025 3.31881 -1.53347e-19)
(-0.143353 3.29703 2.69774e-19)
(1.07627 1.10815 -2.03942e-20)
(1.25704 1.27641 1.19864e-20)
(1.26648 1.31067 -6.53458e-20)
(1.21251 1.29784 -1.16016e-19)
(1.14779 1.28343 -7.20614e-20)
(1.07357 1.26682 -7.93536e-20)
(0.989819 1.24853 -8.83461e-20)
(0.892544 1.22828 2.04415e-18)
(0.779126 1.20882 -1.13849e-18)
(0.639298 1.19281 2.19722e-18)
(0.458344 1.18798 -1.37697e-19)
(0.233099 1.20891 1.77062e-19)
(-0.0448617 1.27542 -2.14526e-19)
(-0.386125 1.45223 -1.90975e-19)
(-0.696301 1.91658 -3.25405e-19)
(-0.766787 2.57057 -8.47158e-20)
(-0.538994 2.96004 -5.26779e-20)
(-0.348041 3.11044 3.2211e-20)
(-0.235854 3.1648 1.74362e-19)
(-0.162041 3.18178 2.40073e-19)
(0.632741 0.6448 4.68842e-21)
(1.27363 1.32905 0)
(1.23469 1.33324 -1.96148e-20)
(1.17479 1.32092 -3.16015e-20)
(1.1052 1.30584 -2.05846e-19)
(1.02575 1.2886 0)
(0.936277 1.26941 -7.71086e-20)
(0.832157 1.25075 -7.55218e-20)
(0.708411 1.23639 0)
(0.551185 1.23464 -1.97291e-18)
(0.355235 1.2612 0)
(0.12329 1.33929 -1.62808e-19)
(-0.143202 1.51656 0)
(-0.380744 1.86378 -1.9452e-19)
(-0.473472 2.31032 0)
(-0.390383 2.67646 0)
(-0.278096 2.89037 1.88589e-21)
(-0.180708 2.9996 7.66226e-20)
(-0.117081 3.06961 2.43402e-19)
(-0.05512 3.09255 -1.58351e-19)
(0.644736 0.644189 -1.61896e-20)
(1.2701 1.35326 7.59792e-21)
(1.22821 1.35867 5.78918e-20)
(1.16743 1.34702 2.04344e-19)
(1.09726 1.33188 -3.33048e-19)
(1.01808 1.31502 -1.47793e-20)
(0.929005 1.29642 -5.38042e-19)
(0.825834 1.27921 -1.50145e-19)
(0.70468 1.2686 -1.06805e-18)
(0.553541 1.27475 1.90138e-18)
(0.372112 1.31818 1.96908e-18)
(0.173999 1.42551 -1.43809e-18)
(-0.0222883 1.63139 -1.73669e-19)
(-0.169704 1.95902 0)
(-0.220673 2.33326 -6.65728e-21)
(-0.166082 2.61517 0)
(-0.0952715 2.80945 -4.65111e-20)
(-0.044629 2.94396 1.38459e-19)
(-0.0207786 3.02615 1.23414e-19)
(0.0212712 3.06821 2.08802e-20)
(0.622858 0.634355 -7.31442e-20)
(1.2695 1.38408 -4.88367e-20)
(1.22347 1.38846 -2.67347e-21)
(1.16134 1.37657 0)
(1.09087 1.36166 -2.95275e-19)
(1.01248 1.34511 -1.07493e-20)
(0.924108 1.32688 5.75704e-19)
(0.822956 1.31156 7.42802e-20)
(0.705102 1.30358 1.07926e-18)
(0.559676 1.31359 -2.08877e-18)
(0.390866 1.36606 2.04993e-18)
(0.223111 1.48405 1.20122e-18)
(0.0864042 1.68948 0)
(0.00917347 1.9941 -6.56325e-19)
(-0.0202418 2.32204 -5.24333e-19)
(0.00607057 2.58318 1.43014e-19)
(0.0593003 2.75779 0)
(0.090809 2.89985 -2.10873e-19)
(0.0895428 3.01161 0)
(0.103537 3.08416 0)
(0.595231 0.625403 0)
(1.26708 1.41905 3.99921e-20)
(1.21743 1.42061 -2.22145e-20)
(1.15434 1.40821 -1.1495e-19)
(1.08419 1.39333 -1.36104e-19)
(1.00603 1.37562 9.12388e-19)
(0.918062 1.35691 4.7096e-19)
(0.817969 1.34141 0)
(0.703499 1.33418 -1.21368e-19)
(0.566212 1.35039 1.87021e-18)
(0.413813 1.41622 1.96063e-18)
(0.274106 1.54594 1.42397e-19)
(0.185714 1.74971 1.27624e-18)
(0.166119 2.04672 -7.40982e-19)
(0.166672 2.33548 -4.57535e-19)
(0.182562 2.55549 0)
(0.227521 2.75399 0)
(0.255405 2.87882 1.32847e-19)
(0.224704 3.04056 -5.31196e-19)
(0.200867 3.16307 1.2327e-18)
(0.568001 0.619383 -1.07991e-19)
(1.26104 1.45691 8.41636e-20)
(1.20986 1.45567 -1.43027e-20)
(1.14596 1.44167 9.6111e-20)
(1.07578 1.42508 1.6246e-19)
(0.997868 1.40609 4.42381e-19)
(0.91141 1.38744 4.34744e-19)
(0.815138 1.37295 1.30606e-19)
(0.705282 1.36966 1.08137e-18)
(0.573655 1.39348 -1.75982e-18)
(0.431223 1.46934 1.12421e-19)
(0.31243 1.60273 1.34129e-19)
(0.253377 1.80005 1.03965e-18)
(0.281634 2.0743 -2.54467e-19)
(0.330165 2.31362 4.0992e-19)
(0.360337 2.513 0)
(0.417864 2.73135 0)
(0.459445 2.91323 0)
(0.455742 3.0555 9.87292e-19)
(0.212115 2.82151 9.32192e-19)
(0.541474 0.617495 -2.32289e-19)
(1.25147 1.4969 0)
(1.19969 1.49265 3.0494e-20)
(1.13608 1.47667 4.27177e-20)
(1.06665 1.45834 -1.76218e-19)
(0.99016 1.43854 -3.81424e-19)
(0.905559 1.41926 3.82577e-19)
(0.810574 1.40539 1.05452e-18)
(0.700921 1.40575 1.20489e-19)
(0.575164 1.43386 -1.9211e-18)
(0.449851 1.51261 -1.78352e-18)
(0.358172 1.64256 1.07056e-18)
(0.326006 1.82948 2.15133e-18)
(0.387061 2.06793 0)
(0.480715 2.26942 2.71445e-19)
(0.547977 2.44217 0)
(0.646155 2.67834 1.04957e-19)
(0.715726 2.85768 -2.11417e-19)
(0.765586 2.76122 -5.9955e-19)
(0.474759 2.19276 -6.30563e-19)
(0.517517 0.620406 0)
(1.23881 1.53908 2.10531e-19)
(1.18774 1.53195 3.14041e-20)
(1.1247 1.51327 6.5762e-21)
(1.05589 1.49226 2.21729e-20)
(0.980286 1.47033 2.88999e-19)
(0.895829 1.45178 2.95887e-19)
(0.802375 1.44095 -1.68079e-18)
(0.697162 1.44347 0)
(0.58361 1.4708 1.4304e-18)
(0.480852 1.54231 -1.63193e-18)
(0.417444 1.66161 1.16482e-19)
(0.412095 1.82754 -2.43082e-19)
(0.494986 2.02002 2.1731e-19)
(0.62357 2.19384 2.09128e-19)
(0.733007 2.34 0)
(0.887375 2.54893 -3.19233e-19)
(0.977783 2.63812 -3.00929e-19)
(0.821374 2.02888 0)
(-0.18183 -0.0635068 -4.01688e-19)
(0.497958 0.631648 -1.26175e-19)
(1.22236 1.58257 -2.17517e-19)
(1.17266 1.57254 1.25517e-19)
(1.11085 1.55144 -5.31667e-21)
(1.04286 1.52838 3.75423e-20)
(0.968647 1.50625 -2.72298e-19)
(0.88527 1.4908 -1.80617e-19)
(0.795013 1.47935 8.45717e-19)
(0.697402 1.47646 -8.3371e-19)
(0.597921 1.4977 -1.18213e-19)
(0.517051 1.55887 2.90969e-18)
(0.480359 1.66337 0)
(0.501691 1.79961 9.23659e-19)
(0.599436 1.94421 4.44462e-19)
(0.7528 2.07902 -1.95054e-19)
(0.905795 2.19892 0)
(1.08113 2.3111 0)
(1.13737 2.24076 0)
(0.737213 1.32961 -1.74643e-18)
(-0.206224 -0.225449 1.02405e-18)
(0.484859 0.645777 -2.89724e-21)
(1.20258 1.62684 1.53855e-19)
(1.1558 1.61545 8.1603e-20)
(1.09532 1.59283 6.08768e-20)
(1.02777 1.56827 6.37663e-21)
(0.953819 1.5456 -6.57708e-20)
(0.874191 1.52932 3.87694e-19)
(0.789592 1.51222 -5.83656e-19)
(0.701267 1.50263 -6.57686e-19)
(0.614885 1.51871 -7.50931e-20)
(0.551548 1.57058 1.4822e-18)
(0.535865 1.65704 -5.68086e-19)
(0.577128 1.75953 0)
(0.681078 1.8561 -2.19875e-19)
(0.845178 1.93872 -1.6312e-19)
(1.03798 2.01596 2.37548e-19)
(1.20619 2.03516 -1.2756e-19)
(1.27074 1.82319 0)
(0.833628 0.952939 -1.39993e-19)
(-0.13334 -0.241163 0)
(0.474543 0.664441 -4.07058e-19)
(1.17971 1.67162 1.57151e-19)
(1.13549 1.65943 -9.39113e-20)
(1.0766 1.63587 0)
(1.01057 1.60988 2.07281e-20)
(0.938214 1.58486 -1.92549e-19)
(0.865481 1.56385 1.91973e-19)
(0.786611 1.54071 -5.80493e-19)
(0.705544 1.52693 -5.23365e-19)
(0.629146 1.53792 -1.12464e-18)
(0.579166 1.57974 1.16698e-18)
(0.578273 1.64568 0)
(0.628773 1.71449 9.66918e-19)
(0.726412 1.76557 -6.08168e-19)
(0.870469 1.79293 -3.91161e-19)
(1.06116 1.79859 2.10823e-19)
(1.22861 1.74696 0)
(1.2288 1.50674 2.30005e-19)
(0.869172 0.889545 1.64664e-22)
(0.0667096 0.032398 0)
(0.465111 0.685862 -2.76081e-19)
(1.15434 1.71872 -1.76079e-19)
(1.11256 1.70618 9.81605e-20)
(1.05625 1.68064 -7.78345e-21)
(0.993074 1.65195 1.97196e-20)
(0.92372 1.6219 1.31723e-19)
(0.856481 1.59518 -5.95806e-20)
(0.782052 1.56835 1.25981e-19)
(0.706825 1.55197 5.03811e-19)
(0.638956 1.55661 -9.94441e-19)
(0.599681 1.58713 0)
(0.608183 1.63143 -6.29695e-19)
(0.657731 1.67043 -3.6097e-19)
(0.738772 1.68738 3.95675e-19)
(0.840714 1.67683 4.48533e-19)
(0.966185 1.64511 2.4877e-19)
(1.09392 1.58687 -5.63483e-19)
(1.10747 1.42489 3.55866e-19)
(0.870058 1.05995 -6.67878e-20)
(0.208689 0.296614 1.08671e-19)
(0.455181 0.708823 -2.73509e-19)
(1.12599 1.76743 0)
(1.08637 1.75374 1.60516e-20)
(1.03319 1.72489 6.05706e-20)
(0.973646 1.69269 -6.03744e-21)
(0.90819 1.65786 -6.02146e-20)
(0.8441 1.62681 0)
(0.773774 1.59752 0)
(0.704248 1.57778 4.7212e-19)
(0.644304 1.57455 -1.80262e-18)
(0.613671 1.59231 -9.55513e-19)
(0.625306 1.61583 1.43965e-19)
(0.668744 1.6307 -1.70175e-19)
(0.731217 1.62582 -4.0014e-19)
(0.797549 1.59974 0)
(0.864293 1.56041 -1.6337e-18)
(0.931512 1.51445 -9.67354e-19)
(0.955224 1.43069 -8.05152e-19)
(0.833549 1.22997 0)
(0.253818 0.402254 1.50509e-19)
(0.442217 0.730156 4.28131e-19)
(1.09415 1.8172 -1.87847e-19)
(1.05664 1.80124 -1.16371e-19)
(1.00646 1.76874 -1.90715e-20)
(0.950419 1.73315 1.78969e-20)
(0.889006 1.695 -8.79556e-20)
(0.827205 1.66029 1.49535e-19)
(0.761432 1.62799 3.84789e-19)
(0.697856 1.60342 4.16662e-19)
(0.644979 1.59168 -7.99054e-19)
(0.620394 1.59516 -9.75338e-19)
(0.632429 1.60008 6.73987e-19)
(0.666461 1.59684 4.90665e-19)
(0.71255 1.57906 -3.90879e-19)
(0.756768 1.54794 -4.70996e-19)
(0.794661 1.51031 -2.74833e-19)
(0.827188 1.4717 6.92056e-19)
(0.844248 1.42454 0)
(0.782784 1.29567 1.01451e-18)
(0.255037 0.429897 -2.8984e-19)
(0.42556 0.750176 1.46749e-19)
(1.05803 1.8676 -2.18692e-19)
(1.0224 1.84852 -2.07509e-20)
(0.974942 1.81289 -6.49643e-20)
(0.922213 1.77434 4.1978e-20)
(0.864882 1.73367 -2.83737e-20)
(0.805982 1.69512 0)
(0.745178 1.65879 7.13981e-20)
(0.687549 1.62821 4.50622e-19)
(0.641152 1.60723 0)
(0.621037 1.59617 8.69898e-19)
(0.627146 1.58649 2.46312e-19)
(0.655488 1.57124 -6.19324e-19)
(0.686969 1.54402 0)
(0.716991 1.51083 0)
(0.74101 1.47561 -2.75349e-19)
(0.759089 1.44156 8.60517e-19)
(0.769327 1.40744 8.36856e-19)
(0.727472 1.30334 1.24758e-18)
(0.244022 0.440087 0)
(0.403805 0.76618 -1.48963e-19)
(1.01624 1.91849 -1.15565e-19)
(0.982783 1.89619 -2.70558e-19)
(0.938027 1.85773 0)
(0.888685 1.81627 0)
(0.835554 1.77289 -1.37448e-20)
(0.780502 1.73022 -9.73939e-21)
(0.724849 1.68914 7.27718e-20)
(0.672788 1.65198 -1.2174e-20)
(0.632141 1.62068 -1.3934e-18)
(0.617617 1.59723 7.13189e-19)
(0.609657 1.57939 -2.29189e-19)
(0.634715 1.55048 2.98135e-19)
(0.656105 1.51788 -1.07827e-18)
(0.676021 1.48407 -6.72872e-19)
(0.691549 1.45083 -2.73662e-19)
(0.702515 1.42018 0)
(0.708548 1.39133 -5.96798e-19)
(0.673564 1.29725 1.08465e-19)
(0.230244 0.44669 -9.72276e-19)
(0.377745 0.778729 0)
(0.967576 1.9693 1.06607e-19)
(0.936798 1.94427 3.9923e-19)
(0.895177 1.90291 -8.32734e-20)
(0.849598 1.85835 -7.67035e-20)
(0.800901 1.81177 1.22473e-21)
(0.750399 1.76483 0)
(0.69987 1.71871 1.11304e-19)
(0.652818 1.6749 7.55372e-20)
(0.61543 1.63283 -2.97714e-19)
(0.604662 1.6032 0)
(0.594143 1.57325 0)
(0.606126 1.53332 -2.77299e-19)
(0.621092 1.49932 -3.38806e-19)
(0.63345 1.46551 8.50335e-19)
(0.642779 1.43381 1.30545e-18)
(0.649006 1.40551 0)
(0.651688 1.37957 1.93778e-19)
(0.619823 1.29173 0)
(0.21484 0.452239 1.33371e-19)
(0.348287 0.788109 4.38047e-19)
(0.910561 2.01908 0)
(0.883448 1.99196 0)
(0.845747 1.94752 2.68494e-19)
(0.804448 1.89968 7.86581e-20)
(0.760549 1.84957 -2.22845e-20)
(0.715073 1.79839 -4.0514e-20)
(0.669737 1.74729 -9.8659e-20)
(0.627225 1.69721 2.50515e-19)
(0.591626 1.64695 1.40567e-19)
(0.577307 1.61191 -7.86474e-19)
(0.576262 1.56645 4.22677e-19)
(0.575657 1.52295 0)
(0.582893 1.48779 3.20215e-19)
(0.588997 1.45415 2.01063e-19)
(0.593449 1.42371 5.82079e-21)
(0.595917 1.39701 -1.05699e-18)
(0.595897 1.37306 -9.10663e-19)
(0.566461 1.28944 -1.09228e-19)
(0.19836 0.457727 8.8472e-19)
(0.315998 0.794955 0)
(0.844606 2.06646 -5.28739e-19)
(0.822092 2.03782 -1.41931e-19)
(0.78897 1.99029 -3.01601e-20)
(0.752697 1.93924 1.67609e-19)
(0.714047 1.88556 -3.84841e-20)
(0.674042 1.83035 2.51863e-20)
(0.634051 1.77459 -1.57458e-19)
(0.596113 1.71895 -2.69704e-19)
(0.563147 1.66269 -2.39883e-19)
(0.545445 1.6173 1.50453e-19)
(0.545555 1.5653 1.97628e-19)
(0.54032 1.52038 0)
(0.541086 1.48302 0)
(0.54222 1.44928 1.84431e-19)
(0.542833 1.41955 -4.71502e-19)
(0.542265 1.39411 -2.94292e-19)
(0.539775 1.37156 -5.12232e-19)
(0.512541 1.29099 -1.02851e-19)
(0.180814 0.463354 -1.18621e-19)
(0.280099 0.797845 7.16853e-20)
(0.769326 2.10998 1.08154e-19)
(0.752087 2.08045 -1.41137e-19)
(0.724415 2.02999 2.66326e-21)
(0.693732 1.97585 4.70366e-20)
(0.66097 1.91888 -7.41174e-20)
(0.626934 1.86004 0)
(0.592583 1.8002 -6.53082e-20)
(0.559453 1.73984 1.06113e-19)
(0.529805 1.67822 -2.20866e-19)
(0.510982 1.62296 -4.03587e-19)
(0.505553 1.56914 1.82553e-19)
(0.498786 1.52299 9.46146e-22)
(0.495267 1.48399 2.85193e-19)
(0.492676 1.45009 1.77437e-19)
(0.49016 1.42099 0)
(0.48723 1.39624 1.326e-19)
(0.482625 1.37478 1.60982e-19)
(0.457527 1.29628 0)
(0.162119 0.469404 1.72047e-18)
(0.241301 0.796007 5.54497e-19)
(0.68447 2.14752 -3.48252e-20)
(0.673139 2.11776 6.26238e-19)
(0.651618 2.06489 0)
(0.627319 2.00811 1.04405e-19)
(0.601096 1.94843 -3.65705e-20)
(0.573639 1.88662 0)
(0.545246 1.8236 2.10079e-20)
(0.517138 1.75944 -6.45666e-20)
(0.490844 1.69335 0)
(0.471649 1.63145 1.12756e-19)
(0.461084 1.57631 -3.18459e-19)
(0.45225 1.52947 -2.04499e-19)
(0.445553 1.48978 1.36844e-19)
(0.440084 1.45594 0)
(0.435104 1.42728 -9.10298e-21)
(0.430164 1.40315 -3.65612e-19)
(0.423779 1.38238 7.43473e-20)
(0.400908 1.30524 -1.33275e-18)
(0.142527 0.476652 -1.64886e-18)
(0.199854 0.788781 5.9834e-19)
(0.590679 2.177 -9.74124e-20)
(0.585353 2.14788 0)
(0.570624 2.09305 -2.49181e-20)
(0.553527 2.0344 -1.80484e-19)
(0.534616 1.97286 0)
(0.514196 1.9092 6.9621e-21)
(0.492279 1.84396 2.94243e-20)
(0.469412 1.77737 0)
(0.446389 1.70831 1.77035e-19)
(0.427056 1.64295 -2.21314e-19)
(0.413108 1.58683 1.43083e-19)
(0.401738 1.53981 -3.80763e-19)
(0.392341 1.50011 -1.20676e-19)
(0.384431 1.46655 -1.7039e-21)
(0.377297 1.43829 9.23216e-20)
(0.370456 1.41462 4.49408e-19)
(0.362245 1.39422 0)
(0.341419 1.31788 1.49464e-19)
(0.121356 0.485086 2.52938e-21)
(0.156267 0.772851 6.0713e-20)
(0.487717 2.19558 3.45112e-19)
(0.489057 2.1678 4.87691e-19)
(0.482206 2.11187 -1.02753e-19)
(0.473039 2.05246 0)
(0.462162 1.99037 -1.71077e-20)
(0.449345 1.92623 -7.63061e-21)
(0.434315 1.86054 4.23726e-20)
(0.416929 1.7932 -1.41645e-19)
(0.397239 1.72312 8.67026e-20)
(0.378074 1.65679 9.33224e-20)
(0.361863 1.6008 -2.65229e-19)
(0.348006 1.5543 1.79014e-19)
(0.336082 1.51523 1.09258e-19)
(0.32578 1.48225 2.70568e-19)
(0.316548 1.45447 0)
(0.307756 1.43119 -3.58217e-19)
(0.297805 1.41104 5.66552e-19)
(0.278798 1.33475 1.20249e-18)
(0.0986445 0.495163 -7.38122e-19)
(0.110811 0.746401 0)
(0.376937 2.19878 -3.9013e-20)
(0.385995 2.17398 0)
(0.387813 2.11832 -1.45156e-21)
(0.387469 2.05986 -3.75873e-20)
(0.385264 1.99907 8.19244e-21)
(0.380556 1.93638 0)
(0.372643 1.87214 -1.37382e-20)
(0.360871 1.80614 -2.71718e-20)
(0.344674 1.73736 0)
(0.326048 1.67245 -8.33115e-20)
(0.308199 1.61817 -1.90062e-19)
(0.291951 1.57334 -7.90289e-20)
(0.277448 1.53565 0)
(0.264582 1.50372 -6.07075e-20)
(0.252857 1.47667 5.70043e-19)
(0.241873 1.45378 1.1453e-21)
(0.229918 1.43361 0)
(0.212315 1.35714 -3.41453e-20)
(0.074406 0.508498 -3.95035e-20)
(0.0646297 0.704458 2.02417e-21)
(0.262736 2.18105 1.45677e-19)
(0.279611 2.16154 0)
(0.290695 2.10894 2.88226e-20)
(0.299821 2.05408 6.05416e-20)
(0.306639 1.99713 0)
(0.310098 1.93832 1.06071e-21)
(0.309197 1.87782 -2.50386e-20)
(0.302973 1.81544 0)
(0.29032 1.75036 3.41469e-20)
(0.272584 1.68923 4.09899e-20)
(0.253576 1.63858 5.37736e-20)
(0.23509 1.59707 -3.61762e-20)
(0.217849 1.56218 9.00966e-20)
(0.202067 1.5324 0)
(0.187309 1.50676 2.37559e-19)
(0.173 1.48461 -3.23696e-19)
(0.158091 1.4646 3.93755e-19)
(0.140753 1.38853 -4.82505e-19)
(0.0480261 0.52725 -1.12602e-18)
(0.0231528 0.641395 -1.42248e-19)
(0.151575 2.13793 -1.95293e-20)
(0.175586 2.12615 -1.28267e-20)
(0.196804 2.08105 0)
(0.215358 2.03365 -5.89309e-21)
(0.230563 1.98389 1.66392e-21)
(0.241381 1.93186 7.45112e-22)
(0.246745 1.87763 -3.26367e-21)
(0.245545 1.82113 -6.62458e-21)
(0.236334 1.76197 1.32895e-20)
(0.219876 1.7068 1.85462e-20)
(0.200279 1.66185 -2.32618e-20)
(0.180084 1.62572 -4.2831e-20)
(0.160355 1.59579 1.89764e-20)
(0.141547 1.57043 -5.6408e-20)
(0.123775 1.54832 -6.84611e-21)
(0.105806 1.52852 8.7888e-20)
(0.0865534 1.50992 -8.02101e-20)
(0.0666845 1.43715 1.91754e-20)
(0.0188433 0.561088 -1.31309e-19)
(0.0215905 1.50612 -1.26913e-33)
(0.0565715 2.05744 1.85249e-33)
(0.0865426 2.0639 1.25098e-33)
(0.115433 2.03319 0)
(0.141189 1.99838 0)
(0.162841 1.95988 5.9433e-35)
(0.179519 1.9179 0)
(0.190161 1.87257 0)
(0.193582 1.82409 3.6986e-34)
(0.18804 1.77261 0)
(0.173841 1.72465 0)
(0.155183 1.68632 0)
(0.134932 1.6565 0)
(0.114338 1.63293 0)
(0.094317 1.61415 0)
(0.0753571 1.59923 0)
(0.0582373 1.58714 0)
(0.0417037 1.57602 0)
(0.0247998 1.50821 0)
(0.00207626 0.59837 0)
(-0.00496157 1.44528 0)
(0.0116813 1.96238 0)
(0.0367344 1.98331 0)
(0.0627516 1.97061 0)
(0.0881964 1.95187 0)
(0.111395 1.92749 0)
(0.130907 1.89758 0)
(0.145247 1.86252 0)
(0.152785 1.8228 0)
(0.151555 1.77903 0)
(0.141059 1.73763 0)
(0.125108 1.70477 0)
(0.106999 1.67982 0)
(0.0882999 1.66087 0)
(0.0698477 1.64649 0)
(0.0519013 1.6356 0)
(0.0348945 1.62762 0)
(0.0194265 1.6217 0)
(0.00600495 1.55861 0)
(-0.000878315 0.616238 0)
(-0.00349249 1.43952 0)
(0.00602526 1.90337 0)
(0.0223706 1.92336 0)
(0.0404405 1.91857 0)
(0.0594302 1.90927 0)
(0.0784061 1.89494 0)
(0.095932 1.875 0)
(0.110221 1.84932 0)
(0.119223 1.81817 0)
(0.120538 1.78225 0)
(0.112982 1.74755 0)
(0.0998438 1.72015 0)
(0.0844184 1.69986 0)
(0.0684242 1.68514 0)
(0.0528966 1.67482 0)
(0.0384583 1.66798 0)
(0.0254691 1.66375 0)
(0.0139064 1.66063 0)
(0.00388012 1.59446 0)
(-0.00042082 0.614701 0)
(-0.000747876 1.43616 0)
(0.00557492 1.8704 0)
(0.0161281 1.8875 0)
(0.0286362 1.88476 0)
(0.0425594 1.87897 0)
(0.0572053 1.86955 0)
(0.0715277 1.85572 0)
(0.0840481 1.83688 0)
(0.0927937 1.81286 0)
(0.0952929 1.78403 0)
(0.0899238 1.75563 0)
(0.0793508 1.73323 0)
(0.0666594 1.71692 0)
(0.0535678 1.70542 0)
(0.0410223 1.69762 0)
(0.0295284 1.69257 0)
(0.0193262 1.68952 0)
(0.0105123 1.68702 0)
(0.00319137 1.61754 0)
(-0.000124115 0.615479 0)
(-0.000101027 1.42823 0)
(0.00484056 1.84637 0)
(0.0123551 1.86182 0)
(0.0213064 1.86001 0)
(0.0315157 1.85618 0)
(0.0426483 1.84972 0)
(0.0539881 1.83988 0)
(0.0643715 1.82593 0)
(0.0721267 1.80749 0)
(0.0749759 1.78468 0)
(0.07117 1.7618 0)
(0.0627889 1.74373 0)
(0.0525515 1.73072 0)
(0.0419939 1.7217 0)
(0.031966 1.71571 0)
(0.022901 1.71195 0)
(0.0149597 1.70974 0)
(0.00815304 1.70763 0)
(0.00251979 1.63569 0)
(-9.66444e-05 0.617186 0)
(8.29753e-05 1.42078 0)
(0.00390485 1.82862 0)
(0.00947994 1.84316 0)
(0.0161373 1.84186 0)
(0.0237969 1.8391 0)
(0.0322735 1.83446 0)
(0.0411195 1.82725 0)
(0.0494892 1.81683 0)
(0.0560245 1.80268 0)
(0.0587748 1.78476 0)
(0.0560736 1.76654 0)
(0.049499 1.7521 0)
(0.0413481 1.74176 0)
(0.0329485 1.73467 0)
(0.0250127 1.73002 0)
(0.0178732 1.72712 0)
(0.0116523 1.72544 0)
(0.00634633 1.72354 0)
(0.00196751 1.64973 0)
(-7.54596e-05 0.618505 0)
(0.000129321 1.41453 0)
(0.00308008 1.81516 0)
(0.00730312 1.82913 0)
(0.0123353 1.82818 0)
(0.0181471 1.82615 0)
(0.0246473 1.82271 0)
(0.0315269 1.81734 0)
(0.0381674 1.80946 0)
(0.0435177 1.79858 0)
(0.0459767 1.78457 0)
(0.0440468 1.77015 0)
(0.0389178 1.75869 0)
(0.0324868 1.7505 0)
(0.0258491 1.74493 0)
(0.0195902 1.74129 0)
(0.0139824 1.73903 0)
(0.00910909 1.73773 0)
(0.00495393 1.73597 0)
(0.00153116 1.6607 0)
(-6.21338e-05 0.619523 0)
(0.000130552 1.4095 0)
(0.00241117 1.80486 0)
(0.00563709 1.81845 0)
(0.00948363 1.81775 0)
(0.01394 1.81622 0)
(0.0189408 1.81364 0)
(0.0242834 1.80958 0)
(0.0295144 1.80357 0)
(0.0338216 1.79519 0)
(0.0359179 1.78426 0)
(0.0345269 1.77291 0)
(0.0305448 1.76385 0)
(0.0254945 1.75739 0)
(0.0202729 1.753 0)
(0.0153548 1.75014 0)
(0.0109476 1.74838 0)
(0.00712582 1.74736 0)
(0.00386965 1.74572 0)
(0.00118551 1.66928 0)
(-5.29426e-05 0.620272 0)
(0.000116279 1.40553 0)
(0.00188242 1.79694 0)
(0.00436512 1.81026 0)
(0.00732123 1.80975 0)
(0.0107502 1.80858 0)
(0.0146174 1.80662 0)
(0.0187682 1.80352 0)
(0.0228704 1.79892 0)
(0.026303 1.79244 0)
(0.0280412 1.78392 0)
(0.0270294 1.77501 0)
(0.0239387 1.76788 0)
(0.019984 1.7628 0)
(0.015887 1.75935 0)
(0.0120263 1.7571 0)
(0.00857501 1.75572 0)
(0.00557522 1.75492 0)
(0.00301903 1.75335 0)
(0.000917164 1.67599 0)
(-4.37089e-05 0.620813 0)
(9.78718e-05 1.4024 0)
(0.00146736 1.79082 0)
(0.00338313 1.80394 0)
(0.00566813 1.80357 0)
(0.00832034 1.80268 0)
(0.0113118 1.80118 0)
(0.0145418 1.7988 0)
(0.0177527 1.79526 0)
(0.0204644 1.79024 0)
(0.0218812 1.78361 0)
(0.0211379 1.77663 0)
(0.0187402 1.77103 0)
(0.0156529 1.76703 0)
(0.0124448 1.76431 0)
(0.00941789 1.76255 0)
(0.00670595 1.76147 0)
(0.00435489 1.76083 0)
(0.00235777 1.75934 0)
(0.000712636 1.68123 0)
(-3.64053e-05 0.621211 0)
(7.9037e-05 1.39995 0)
(0.00114254 1.78608 0)
(0.00262775 1.79905 0)
(0.00439537 1.79879 0)
(0.00644859 1.79811 0)
(0.00877402 1.79695 0)
(0.0112849 1.79512 0)
(0.013794 1.79238 0)
(0.0159331 1.78849 0)
(0.0170713 1.78333 0)
(0.0165212 1.77787 0)
(0.0146627 1.77348 0)
(0.0122489 1.77034 0)
(0.00973787 1.76821 0)
(0.00737006 1.76682 0)
(0.00525055 1.76597 0)
(0.0034108 1.76548 0)
(0.0018402 1.76403 0)
(0.000549564 1.68534 0)
(-3.04989e-05 0.621489 0)
(6.34916e-05 1.39804 0)
(0.000889996 1.78241 0)
(0.00204019 1.79527 0)
(0.00341309 1.79509 0)
(0.00500917 1.79456 0)
(0.00681344 1.79367 0)
(0.00877009 1.79225 0)
(0.0107311 1.79013 0)
(0.0124089 1.78711 0)
(0.0133172 1.78308 0)
(0.0129057 1.77882 0)
(0.0114607 1.77538 0)
(0.0095808 1.77292 0)
(0.00762093 1.77125 0)
(0.00576743 1.77017 0)
(0.00410616 1.7695 0)
(0.00266541 1.76911 0)
(0.00144051 1.76771 0)
(0.000430857 1.68855 0)
(-2.45795e-05 0.621697 0)
(5.0148e-05 1.39655 0)
(0.000694071 1.77956 0)
(0.0015893 1.79233 0)
(0.00265412 1.79221 0)
(0.00389269 1.7918 0)
(0.00529814 1.79111 0)
(0.00682142 1.79001 0)
(0.00835137 1.78837 0)
(0.00966787 1.78602 0)
(0.0103889 1.78289 0)
(0.010079 1.77956 0)
(0.0089589 1.77687 0)
(0.00749024 1.77494 0)
(0.00595629 1.77363 0)
(0.00450936 1.77278 0)
(0.0032129 1.77226 0)
(0.00208581 1.77195 0)
(0.00112341 1.77058 0)
(0.000331903 1.69106 0)
(-1.90631e-05 0.621842 0)
(3.96522e-05 1.39538 0)
(0.000540407 1.77734 0)
(0.00123543 1.79004 0)
(0.0020653 1.78997 0)
(0.00303056 1.78966 0)
(0.00412312 1.78912 0)
(0.00531001 1.78827 0)
(0.00650489 1.78699 0)
(0.00753567 1.78516 0)
(0.00810546 1.78272 0)
(0.00787019 1.78012 0)
(0.00699815 1.77802 0)
(0.00585377 1.77651 0)
(0.00465687 1.77549 0)
(0.00352216 1.77483 0)
(0.00250536 1.77442 0)
(0.00162337 1.77417 0)
(0.000873828 1.77283 0)
(0.000257784 1.69302 0)
(-1.65495e-05 0.621954 0)
(2.98224e-05 1.39447 0)
(0.000420077 1.77561 0)
(0.000962378 1.78826 0)
(0.00160847 1.78823 0)
(0.00235988 1.78798 0)
(0.00321038 1.78757 0)
(0.00413475 1.78691 0)
(0.00506785 1.78591 0)
(0.00587563 1.7845 0)
(0.00632399 1.78259 0)
(0.00614467 1.78056 0)
(0.00546721 1.77892 0)
(0.00457454 1.77774 0)
(0.00363787 1.77694 0)
(0.00275221 1.77642 0)
(0.00196062 1.77611 0)
(0.00127246 1.77592 0)
(0.000684066 1.77459 0)
(0.000200747 1.69455 0)
(-1.26672e-05 0.622028 0)
(2.44699e-05 1.39376 0)
(0.000328602 1.77426 0)
(0.000750724 1.78688 0)
(0.00125245 1.78688 0)
(0.00183668 1.78668 0)
(0.00250243 1.78636 0)
(0.00322483 1.78585 0)
(0.0039522 1.78507 0)
(0.00458287 1.78397 0)
(0.00493641 1.78249 0)
(0.00480034 1.78091 0)
(0.0042714 1.77963 0)
(0.00357378 1.77871 0)
(0.00284391 1.77808 0)
(0.00215414 1.77768 0)
(0.00153168 1.77743 0)
(0.000991045 1.77728 0)
(0.000533305 1.77597 0)
(0.000155507 1.69574 0)
(-1.00861e-05 0.62208 0)
(1.76774e-05 1.39321 0)
(0.000254144 1.77321 0)
(0.000583404 1.7858 0)
(0.000976845 1.78582 0)
(0.00143374 1.78567 0)
(0.0019499 1.78542 0)
(0.0025126 1.78502 0)
(0.00308158 1.78441 0)
(0.00357645 1.78355 0)
(0.00385459 1.7824 0)
(0.00375053 1.78117 0)
(0.00334015 1.78017 0)
(0.00279822 1.77945 0)
(0.00222738 1.77897 0)
(0.00168253 1.77865 0)
(0.00119619 1.77846 0)
(0.000774856 1.77834 0)
(0.000413981 1.77704 0)
(0.00011962 1.69667 0)
(-9.15465e-06 0.622124 0)
(1.49153e-05 1.39278 0)
(0.00019932 1.7724 0)
(0.000455657 1.78496 0)
(0.000761019 1.78499 0)
(0.00111596 1.78488 0)
(0.00152055 1.78468 0)
(0.00196064 1.78437 0)
(0.00240444 1.7839 0)
(0.00279233 1.78323 0)
(0.00301236 1.78233 0)
(0.00293368 1.78138 0)
(0.00261588 1.7806 0)
(0.00218968 1.78004 0)
(0.00174203 1.77966 0)
(0.00132153 1.77941 0)
(0.000942524 1.77926 0)
(0.000611759 1.77917 0)
(0.000331513 1.77789 0)
(9.83539e-05 1.6974 0)
(-5.26129e-06 0.622152 0)
(1.06026e-05 1.39244 0)
(0.000155151 1.77176 0)
(0.000354626 1.7843 0)
(0.000591751 1.78435 0)
(0.000869875 1.78426 0)
(0.00118552 1.78411 0)
(0.0015291 1.78386 0)
(0.00187757 1.7835 0)
(0.00218166 1.78297 0)
(0.00235644 1.78227 0)
(0.00229772 1.78153 0)
(0.00205003 1.78093 0)
(0.0017194 1.7805 0)
(0.00137096 1.78021 0)
(0.00103803 1.78002 0)
(0.000740087 1.7799 0)
(0.000480744 1.77983 0)
(0.000256708 1.77856 0)
(7.30306e-05 1.69799 0)
(-6.3182e-06 0.622184 0)
(7.93443e-06 1.39218 0)
(0.000118924 1.77126 0)
(0.000275224 1.78379 0)
(0.000462341 1.78385 0)
(0.000677324 1.78378 0)
(0.000921729 1.78366 0)
(0.00119029 1.78347 0)
(0.00146381 1.78318 0)
(0.00170474 1.78277 0)
(0.00184672 1.78223 0)
(0.0018074 1.78165 0)
(0.00161763 1.78119 0)
(0.00135893 1.78086 0)
(0.00108556 1.78063 0)
(0.000824146 1.78049 0)
(0.000585515 1.7804 0)
(0.000379223 1.78034 0)
(0.000207031 1.77907 0)
(6.31836e-05 1.69843 0)
(-2.51996e-06 0.622202 0)
(6.56515e-06 1.39199 0)
(9.33673e-05 1.77088 0)
(0.000213418 1.7834 0)
(0.000357962 1.78346 0)
(0.00052585 1.7834 0)
(0.000716208 1.7833 0)
(0.00092584 1.78315 0)
(0.00114146 1.78293 0)
(0.00133355 1.78261 0)
(0.00145162 1.78218 0)
(0.00142803 1.78174 0)
(0.00128363 1.78138 0)
(0.00108381 1.78113 0)
(0.000866894 1.78096 0)
(0.000659572 1.78085 0)
(0.000475384 1.78079 0)
(0.000311702 1.78075 0)
(0.000171581 1.77949 0)
(5.44033e-05 1.69879 0)
(-9.78815e-07 0.622233 0)
(2.30248e-06 1.39184 0)
(6.58854e-05 1.77059 0)
(0.000158485 1.78309 0)
(0.000273079 1.78317 0)
(0.000404493 1.7831 0)
(0.000553888 1.78302 0)
(0.000717803 1.7829 0)
(0.000888339 1.78272 0)
(0.00104564 1.78247 0)
(0.00114853 1.78214 0)
(0.00114196 1.7818 0)
(0.0010359 1.78153 0)
(0.000877474 1.78136 0)
(0.000709528 1.78124 0)
(0.000541197 1.78116 0)
(0.000390469 1.7811 0)
(0.00026024 1.78108 0)
(0.000148358 1.77984 0)
(4.65453e-05 1.69909 0)
(-2.36498e-06 0.622266 0)
(2.63945e-06 1.39174 0)
(4.86684e-05 1.77038 0)
(0.000114114 1.78287 0)
(0.000192673 1.78295 0)
(0.000291765 1.78287 0)
(0.000411146 1.7828 0)
(0.000542996 1.7827 0)
(0.000681402 1.78255 0)
(0.000813255 1.78234 0)
(0.000909813 1.78208 0)
(0.000924532 1.78182 0)
(0.000859224 1.78163 0)
(0.000739868 1.78151 0)
(0.000604621 1.78143 0)
(0.000467165 1.78138 0)
(0.000349523 1.78136 0)
(0.000243369 1.78137 0)
(0.000149989 1.78012 0)
(5.42405e-05 1.69934 0)
(3.50056e-06 0.622298 0)
(6.90049e-07 1.39167 0)
(3.09672e-05 1.77022 0)
(7.27189e-05 1.78269 0)
(0.000114017 1.78275 0)
(0.000182124 1.78271 0)
(0.000275979 1.78264 0)
(0.000383405 1.78254 0)
(0.000500691 1.78241 0)
(0.000618875 1.78224 0)
(0.000714452 1.78203 0)
(0.00075001 1.78184 0)
(0.000721768 1.7817 0)
(0.000651869 1.78163 0)
(0.000552619 1.78159 0)
(0.000465589 1.78157 0)
(0.000366857 1.78158 0)
(0.000244524 1.7816 0)
(0.000115583 1.78036 0)
(4.75186e-05 1.6996 0)
(3.68318e-06 0.62237 0)
(-1.73674e-05 1.39167 0)
(-1.79524e-05 1.7701 0)
(6.34849e-06 1.78257 0)
(4.81371e-05 1.78264 0)
(0.000100676 1.7826 0)
(0.000155976 1.78253 0)
(0.0002445 1.78243 0)
(0.000355403 1.7823 0)
(0.000475306 1.78215 0)
(0.000581278 1.78199 0)
(0.000640327 1.78183 0)
(0.000644853 1.78174 0)
(0.000609664 1.78171 0)
(0.000560429 1.78172 0)
(0.00048495 1.78175 0)
(0.000399013 1.78179 0)
(0.000315223 1.78181 0)
(0.000211082 1.7806 0)
(0.000105953 1.69994 0)
(3.13484e-05 0.622532 0)
(-1.92512e-05 0.622335 0)
(-6.94477e-05 1.7005 0)
(-4.45683e-05 1.78133 0)
(1.08276e-05 1.78267 0)
(-3.26275e-05 1.7826 0)
(-3.12776e-05 1.78252 0)
(2.21124e-05 1.78241 0)
(0.000115699 1.78229 0)
(0.000239878 1.78216 0)
(0.000367179 1.78203 0)
(0.000473629 1.78189 0)
(0.000549803 1.78178 0)
(0.000612405 1.78173 0)
(0.000654203 1.78177 0)
(0.000649595 1.78188 0)
(0.000564001 1.78201 0)
(0.000409251 1.78214 0)
(0.000227624 1.78217 0)
(0.000173234 1.7695 0)
(3.49111e-06 0.622725 0)
(0.343917 2.74482 0)
(0.161445 3.11647 5.72044e-21)
(0.0560372 3.08531 -3.86751e-20)
(-0.0202238 3.09236 0)
(-0.0733051 3.12735 1.0497e-19)
(-0.0979416 3.185 1.02236e-19)
(-0.0890108 3.2596 -7.19858e-20)
(-0.00549617 3.30439 -9.73136e-22)
(0.102363 3.24169 1.30315e-19)
(0.115735 2.13679 0)
(0.0983378 2.69629 2.05727e-21)
(0.0312547 3.14184 0)
(-0.020452 3.16691 -2.90886e-21)
(-0.0381125 3.18373 -3.01767e-20)
(-0.0454204 3.20767 -2.8292e-21)
(-0.0330557 3.23256 6.1046e-20)
(-0.00433846 3.24444 -1.42672e-20)
(0.0216481 3.22744 6.67434e-20)
(-0.00470329 3.15173 1.55537e-19)
(-0.0429956 1.69988 -1.45034e-19)
(0.0433026 2.70421 -5.76386e-20)
(0.00631228 3.17075 -1.37944e-19)
(-0.0202595 3.19375 0)
(-0.0234062 3.20485 6.25377e-20)
(-0.0190084 3.21499 -2.52214e-20)
(-0.00806189 3.22119 -1.62824e-20)
(0.00255658 3.21988 2.02638e-21)
(0.000280941 3.21092 2.35946e-19)
(-0.0197166 3.16006 0)
(-0.037383 1.68029 -1.20978e-21)
(0.0312175 2.73268 9.70275e-20)
(0.00348914 3.18407 -2.14458e-20)
(-0.0105209 3.20206 -1.96648e-20)
(-0.0112176 3.20725 9.26212e-22)
(-0.00717567 3.21042 0)
(-0.00257824 3.2115 0)
(0.000227717 3.21377 8.64931e-20)
(-0.00627962 3.21198 -2.23204e-21)
(-0.0198926 3.16539 -2.35617e-19)
(-0.033654 1.6658 9.0551e-20)
(0.0257326 2.75517 1.76562e-20)
(0.00597673 3.18929 2.5088e-20)
(-0.00348421 3.20378 -3.05286e-20)
(-0.00500613 3.20539 -4.33595e-20)
(-0.00264865 3.20614 4.70583e-20)
(-0.000572312 3.20702 5.48657e-20)
(0.000155954 3.21567 -7.17013e-21)
(-0.00633488 3.21888 9.01974e-20)
(-0.0171965 3.16573 0)
(-0.0300894 1.65332 -1.96584e-19)
(0.0221261 2.76969 -8.28006e-23)
(0.00721838 3.19002 -2.74467e-20)
(9.27077e-05 3.20259 1.37367e-20)
(-0.00175439 3.2032 0)
(-0.000162167 3.20307 -7.32446e-20)
(0.00135371 3.2043 7.98441e-20)
(0.00132197 3.22156 8.41664e-20)
(-0.00464592 3.22689 9.56768e-20)
(-0.0143145 3.16566 -1.65495e-21)
(-0.0256612 1.64097 1.15753e-19)
(0.0186641 2.77905 -5.50606e-20)
(0.00740735 3.18948 9.12136e-23)
(0.00137939 3.2011 7.31022e-20)
(-0.00064248 3.20108 7.2836e-20)
(0.000297823 3.20042 -5.45389e-21)
(0.0011042 3.20211 1.65157e-22)
(0.00026927 3.22658 -9.01907e-20)
(-0.00268851 3.23269 1.96576e-19)
(-0.0108328 3.16729 -1.16742e-19)
(-0.022238 1.62735 -7.25848e-21)
(0.0157235 2.78596 -4.53569e-23)
(0.00669769 3.18911 0)
(0.000782631 3.20016 -9.30717e-20)
(-0.00143409 3.19999 -6.42136e-21)
(-0.00145108 3.19905 1.10566e-19)
(-0.00176475 3.2011 0)
(-0.00180483 3.2259 1.26015e-19)
(-0.00121173 3.23248 0)
(-0.00810945 3.1734 1.3779e-19)
(-0.0195296 1.61168 0)
(0.0128628 2.79024 -1.5886e-21)
(0.00463238 3.19113 2.09934e-19)
(-0.00175759 3.20119 -1.10081e-19)
(-0.00434637 3.19981 -7.51927e-21)
(-0.00460303 3.19878 7.79283e-21)
(-0.0045742 3.20118 -7.55476e-21)
(-0.00216335 3.21739 1.44233e-19)
(0.00168835 3.22678 -4.38725e-23)
(-0.00438186 3.18414 -1.55152e-19)
(-0.0169757 1.59683 -1.5231e-19)
(0.0101719 2.79335 -1.21936e-19)
(-0.000158517 3.19726 -1.19688e-19)
(-0.00723793 3.20369 0)
(-0.00825097 3.19871 -1.50257e-19)
(-0.00676771 3.19642 8.94444e-21)
(-0.00424208 3.19876 1.55304e-19)
(0.00179796 3.20649 -3.14875e-19)
(0.00786524 3.22222 -3.30804e-19)
(0.00476247 3.19452 -2.59445e-21)
(-0.00843803 1.59966 -8.65783e-20)
(0.000809813 2.80735 -6.25808e-20)
(-0.0119999 3.21308 -4.38424e-21)
(-0.0158682 3.20963 -1.43101e-19)
(-0.0134535 3.19711 0)
(-0.00877468 3.18982 0)
(-0.000978661 3.18912 7.88457e-20)
(0.00845258 3.19514 0)
(0.0184553 3.21496 -8.88287e-20)
(0.0255228 3.19579 0)
(-0.00294011 1.65115 9.68378e-20)
(-0.0187303 2.83704 2.30643e-21)
(-0.0287073 3.21644 -7.69241e-20)
(-0.0261752 3.19435 1.26484e-20)
(-0.0189193 3.17194 0)
(-0.00815489 3.16045 1.21711e-20)
(0.00571202 3.15826 -1.29431e-19)
(0.0205523 3.1666 1.00784e-19)
(0.0373995 3.18751 -6.70324e-21)
(0.054901 3.18409 3.40125e-21)
(0.0117533 1.76342 2.2151e-19)
(-0.0658427 2.89848 -2.78529e-21)
(-0.0579535 3.20305 5.90846e-21)
(-0.0414524 3.17251 -1.03751e-19)
(-0.0244071 3.15104 8.84896e-20)
(-0.00718543 3.14052 -9.24544e-20)
(0.00993605 3.13796 -1.2467e-19)
(0.0287927 3.1428 1.14811e-19)
(0.0505593 3.15922 1.19415e-19)
(0.076043 3.16864 -7.90453e-21)
(0.0319425 1.97797 1.2556e-19)
(-0.0911596 2.98748 3.35871e-21)
(-0.0685705 3.1561 1.07139e-19)
(-0.0477703 3.1222 1.4678e-20)
(-0.027865 3.10042 -8.01219e-20)
(-0.00849059 3.08893 1.18044e-22)
(0.0119574 3.08625 -1.66804e-20)
(0.0330509 3.09225 8.37726e-20)
(0.0529946 3.10855 8.94193e-21)
(0.0758894 3.12885 -9.2247e-21)
(0.0436393 2.23693 0)
(-0.0953182 3.03983 -6.52997e-20)
(-0.0692823 3.08779 -7.04561e-20)
(-0.0488767 3.06033 -6.76307e-20)
(-0.0276127 3.04679 1.8079e-20)
(-0.00678802 3.04129 -9.05827e-20)
(0.0129402 3.04061 -8.1735e-23)
(0.0327725 3.04525 4.09138e-20)
(0.0533413 3.05787 -6.99511e-20)
(0.0786407 3.08604 -7.72689e-20)
(0.0474519 2.52623 0)
(-0.0931017 3.03765 3.77999e-20)
(-0.0573524 3.02202 -1.00495e-20)
(-0.0324977 3.01206 -1.9617e-20)
(-0.0161139 3.0091 1.97536e-20)
(-0.00347786 3.00778 0)
(0.0076062 3.0075 -2.04713e-20)
(0.0200093 3.00924 0)
(0.0361663 3.01292 -5.73082e-20)
(0.0652573 3.02431 3.77704e-20)
(0.0490044 2.79249 -5.14515e-20)
(0.948116 -0.0713338 0)
(1.04733 -0.0664163 0)
(1.02424 -0.0512262 0)
(1.00768 -0.0365914 0)
(0.999259 -0.0253992 0)
(0.995535 -0.0175029 0)
(0.994045 -0.0118289 0)
(0.993047 -0.00745461 0)
(0.992453 -0.00383508 0)
(0.992171 -0.000579698 0)
(0.992241 0.00265612 0)
(0.992658 0.00598834 0)
(0.993392 0.00983421 0)
(0.99457 0.0146318 0)
(0.996908 0.0212316 0)
(1.00258 0.0306088 0)
(1.01464 0.0436299 0)
(1.03626 0.0592023 0)
(1.04028 0.0717214 0)
(0.555562 0.0275263 0)
(0.854842 -0.0155364 0)
(1.07121 -0.0234939 0)
(1.05819 -0.0261109 0)
(1.04248 -0.0258083 0)
(1.0313 -0.0234722 0)
(1.02357 -0.0195631 0)
(1.01827 -0.0150487 0)
(1.01517 -0.0103239 0)
(1.01337 -0.00568974 0)
(1.0127 -0.00072635 0)
(1.0129 0.00415353 0)
(1.014 0.00883369 0)
(1.01641 0.0134951 0)
(1.02039 0.0181819 0)
(1.0268 0.0223668 0)
(1.03626 0.025345 0)
(1.0492 0.0264902 0)
(1.06786 0.0255018 0)
(1.03745 0.0217695 0)
(0.381902 0.00356359 0)
(0.807102 5.98097e-06 0)
(1.03207 -0.00588595 0)
(1.0351 -0.0119252 0)
(1.02841 -0.0153558 0)
(1.02237 -0.0156269 0)
(1.01685 -0.0141291 0)
(1.01206 -0.0120836 0)
(1.0085 -0.00904883 0)
(1.00658 -0.00542391 0)
(1.00543 -0.000549654 0)
(1.00564 0.0041468 0)
(1.00729 0.00840431 0)
(1.00995 0.0120085 0)
(1.01402 0.0144401 0)
(1.01897 0.0160778 0)
(1.02446 0.0166225 0)
(1.03124 0.0145587 0)
(1.03649 0.00952091 0)
(0.989586 0.00275728 0)
(0.357943 -0.000614516 0)
(0.803969 -0.000476453 0)
(1.02403 -0.00253855 0)
(1.03067 -0.00498663 0)
(1.02875 -0.00727008 0)
(1.02579 -0.00895476 0)
(1.02171 -0.00951427 0)
(1.01825 -0.00864782 0)
(1.01517 -0.00671634 0)
(1.01356 -0.00375716 0)
(1.0124 -0.000175473 0)
(1.01259 0.00360528 0)
(1.01393 0.00688276 0)
(1.01629 0.00907059 0)
(1.01947 0.010222 0)
(1.02295 0.0101314 0)
(1.02626 0.00878043 0)
(1.02871 0.00654683 0)
(1.02935 0.00390289 0)
(0.982111 0.0014104 0)
(0.359314 9.69203e-05 0)
(0.800823 -0.000100154 0)
(1.01819 -0.000826712 0)
(1.02487 -0.00216139 0)
(1.02404 -0.00349764 0)
(1.02261 -0.0046065 0)
(1.02053 -0.00519967 0)
(1.01832 -0.00492118 0)
(1.01617 -0.00382242 0)
(1.01473 -0.00187873 0)
(1.01377 0.000387962 0)
(1.01381 0.00287713 0)
(1.01552 0.00454607 0)
(1.01633 0.00611056 0)
(1.01841 0.00631039 0)
(1.02039 0.00583059 0)
(1.02201 0.00479393 0)
(1.02314 0.00344623 0)
(1.02305 0.00203188 0)
(0.976399 0.000768789 0)
(0.357155 4.10568e-05 0)
(0.799415 -0.000210551 0)
(1.01579 -0.000747103 0)
(1.02249 -0.00126217 0)
(1.02216 -0.00183182 0)
(1.02146 -0.00235499 0)
(1.02037 -0.00267647 0)
(1.01901 -0.00258376 0)
(1.01755 -0.00195253 0)
(1.01629 -0.000742896 0)
(1.01542 0.00084469 0)
(1.0153 0.00253004 0)
(1.01666 0.00366579 0)
(1.01706 0.00390944 0)
(1.01822 0.00399255 0)
(1.0193 0.0035363 0)
(1.02012 0.00280566 0)
(1.02064 0.00197351 0)
(1.02019 0.00116083 0)
(0.973709 0.000452295 0)
(0.356267 3.24465e-05 0)
(0.797981 -9.36817e-05 0)
(1.01467 -0.000385238 0)
(1.02159 -0.000616456 0)
(1.02137 -0.00085686 0)
(1.02092 -0.00107207 0)
(1.02025 -0.00118441 0)
(1.01937 -0.00107934 0)
(1.01834 -0.000652003 0)
(1.01732 0.00015018 0)
(1.01654 0.00125227 0)
(1.01631 0.00233745 0)
(1.01686 0.00298395 0)
(1.01722 0.00296601 0)
(1.01782 0.00282076 0)
(1.01836 0.00239964 0)
(1.01876 0.00185497 0)
(1.01901 0.00128775 0)
(1.01841 0.000758737 0)
(0.972031 0.00030282 0)
(0.355634 2.39159e-05 0)
(0.797504 -5.84453e-06 0)
(1.01413 -7.72489e-05 0)
(1.02118 -0.000151754 0)
(1.02106 -0.000214056 0)
(1.02076 -0.000243802 0)
(1.02031 -0.000202469 0)
(1.01968 -3.09525e-05 0)
(1.0189 0.00033488 0)
(1.01805 0.000926822 0)
(1.01727 0.0016945 0)
(1.01688 0.00236427 0)
(1.01693 0.00266171 0)
(1.0171 0.00253972 0)
(1.01735 0.00226422 0)
(1.01758 0.00185933 0)
(1.01775 0.00140829 0)
(1.01786 0.00096862 0)
(1.01719 0.00057283 0)
(0.970866 0.000233283 0)
(0.355164 1.99621e-05 0)
(0.797544 2.89164e-05 0)
(1.01411 7.82777e-05 0)
(1.02119 0.000139866 0)
(1.02111 0.000221872 0)
(1.02089 0.000338967 0)
(1.02054 0.000513955 0)
(1.02004 0.00077625 0)
(1.01938 0.00115514 0)
(1.01859 0.00165565 0)
(1.01777 0.00221489 0)
(1.01716 0.00260234 0)
(1.0169 0.00265614 0)
(1.01681 0.00244124 0)
(1.01681 0.00208576 0)
(1.01685 0.00166788 0)
(1.01689 0.00124626 0)
(1.01691 0.000854259 0)
(1.01621 0.00050811 0)
(0.969912 0.000211581 0)
(0.354757 1.87035e-05 0)
(0.797899 5.99565e-05 0)
(1.01444 0.00020452 0)
(1.02152 0.000369661 0)
(1.02147 0.000569483 0)
(1.02128 0.000814649 0)
(1.02097 0.00111609 0)
(1.0205 0.00148459 0)
(1.01986 0.00192391 0)
(1.01904 0.00240984 0)
(1.01809 0.00285534 0)
(1.01726 0.00305711 0)
(1.01672 0.00293818 0)
(1.0164 0.00260309 0)
(1.01622 0.00216673 0)
(1.01611 0.0017039 0)
(1.01606 0.00126008 0)
(1.01602 0.000861401 0)
(1.01528 0.000512841 0)
(0.969008 0.000217528 0)
(0.35436 2.06002e-05 0)
(0.798493 8.85163e-05 0)
(1.01507 0.000313305 0)
(1.02215 0.000578608 0)
(1.02209 0.000893702 0)
(1.02189 0.00126616 0)
(1.02158 0.00170044 0)
(1.02109 0.00219516 0)
(1.0204 0.00273216 0)
(1.01947 0.00325971 0)
(1.01833 0.003659 0)
(1.01722 0.00373137 0)
(1.01641 0.00346393 0)
(1.01586 0.00299852 0)
(1.01551 0.00245671 0)
(1.01529 0.00191358 0)
(1.01516 0.00140884 0)
(1.01508 0.00096162 0)
(1.01432 0.000575229 0)
(0.968049 0.000245414 0)
(0.353921 2.44197e-05 0)
(0.799339 0.000120504 0)
(1.01599 0.000433463 0)
(1.02306 0.000804799 0)
(1.02299 0.00124251 0)
(1.02277 0.00175338 0)
(1.02241 0.00233837 0)
(1.02185 0.00298552 0)
(1.02104 0.00365759 0)
(1.01993 0.0042737 0)
(1.01851 0.00467688 0)
(1.01707 0.00465184 0)
(1.01595 0.00423698 0)
(1.01517 0.00362043 0)
(1.01465 0.00294016 0)
(1.01432 0.00227707 0)
(1.01411 0.00167219 0)
(1.01399 0.0011399 0)
(1.0132 0.000684389 0)
(0.966934 0.000292274 0)
(0.353402 2.89567e-05 0)
(0.800474 0.000158954 0)
(1.01725 0.000574796 0)
(1.02429 0.00106855 0)
(1.0242 0.00164983 0)
(1.02393 0.00232556 0)
(1.0235 0.00309223 0)
(1.02282 0.00392785 0)
(1.02183 0.00477764 0)
(1.02046 0.00552676 0)
(1.01866 0.00597205 0)
(1.0168 0.00586369 0)
(1.01533 0.00528757 0)
(1.01429 0.00448708 0)
(1.01358 0.00362744 0)
(1.01312 0.00280074 0)
(1.01284 0.00205295 0)
(1.01267 0.00139945 0)
(1.01185 0.000840364 0)
(0.965586 0.0003615 0)
(0.352769 3.61484e-05 0)
(0.801964 0.000206899 0)
(1.01889 0.000748824 0)
(1.02592 0.00139345 0)
(1.02579 0.00215101 0)
(1.02546 0.00302871 0)
(1.02491 0.00402027 0)
(1.02407 0.00509385 0)
(1.02283 0.00617262 0)
(1.02109 0.00710344 0)
(1.01881 0.00762416 0)
(1.01643 0.00743355 0)
(1.01452 0.00666608 0)
(1.01316 0.00563427 0)
(1.01223 0.00454325 0)
(1.01163 0.00350375 0)
(1.01125 0.00256576 0)
(1.01103 0.00174821 0)
(1.01019 0.00104821 0)
(0.963916 0.000452749 0)
(0.35198 4.59924e-05 0)
(0.803895 0.00026759 0)
(1.02103 0.000968889 0)
(1.02803 0.00180227 0)
(1.02785 0.00278135 0)
(1.02742 0.00391458 0)
(1.02673 0.0051914 0)
(1.02566 0.00656721 0)
(1.02408 0.0079389 0)
(1.02187 0.00910702 0)
(1.01896 0.00973308 0)
(1.01591 0.00944864 0)
(1.01347 0.00844471 0)
(1.01172 0.00712146 0)
(1.01053 0.00573337 0)
(1.00975 0.00441675 0)
(1.00926 0.00323356 0)
(1.00897 0.00220508 0)
(1.00809 0.0013255 0)
(0.961811 0.000571094 0)
(0.350988 5.77574e-05 0)
(0.80639 0.000347237 0)
(1.0238 0.00125293 0)
(1.03075 0.00232842 0)
(1.0305 0.00358977 0)
(1.02995 0.00504812 0)
(1.02906 0.00668829 0)
(1.02769 0.00844981 0)
(1.02566 0.010195 0)
(1.02283 0.0116647 0)
(1.01912 0.012426 0)
(1.01523 0.0120242 0)
(1.01211 0.01072 0)
(1.00988 0.0090251 0)
(1.00836 0.00725846 0)
(1.00736 0.00558788 0)
(1.00674 0.00408872 0)
(1.00638 0.00278387 0)
(1.00545 0.00167166 0)
(0.959157 0.000718591 0)
(0.349737 7.21022e-05 0)
(0.809616 0.000449702 0)
(1.02736 0.00161926 0)
(1.03427 0.00300773 0)
(1.03392 0.00463506 0)
(1.03321 0.00651334 0)
(1.03206 0.00861915 0)
(1.03028 0.0108722 0)
(1.02767 0.0130912 0)
(1.02404 0.0149389 0)
(1.01929 0.0158637 0)
(1.01433 0.0153053 0)
(1.01036 0.0136157 0)
(1.00753 0.0114466 0)
(1.00561 0.00919676 0)
(1.00435 0.00707533 0)
(1.00356 0.00517582 0)
(1.00309 0.00352475 0)
(1.00211 0.00211619 0)
(0.9558 0.000910007 0)
(0.348158 9.11015e-05 0)
(0.813797 0.000585779 0)
(1.03197 0.00210058 0)
(1.03881 0.0038961 0)
(1.03833 0.00599687 0)
(1.0374 0.0084177 0)
(1.0359 0.0111249 0)
(1.03358 0.0140076 0)
(1.03021 0.0168249 0)
(1.02553 0.019139 0)
(1.01945 0.0202504 0)
(1.01315 0.0194743 0)
(1.00812 0.0172858 0)
(1.00454 0.014512 0)
(1.00211 0.0116501 0)
(1.00051 0.00895889 0)
(0.999521 0.00655068 0)
(0.998932 0.00446021 0)
(0.997875 0.00267668 0)
(0.951556 0.00115144 0)
(0.346161 0.000115096 0)
(0.819235 0.000768182 0)
(1.03795 0.00273695 0)
(1.04468 0.0050672 0)
(1.04403 0.00778979 0)
(1.0428 0.0109185 0)
(1.04082 0.0144021 0)
(1.0378 0.0180876 0)
(1.0334 0.0216536 0)
(1.02737 0.0245327 0)
(1.01959 0.025842 0)
(1.01159 0.0247582 0)
(1.00525 0.0219238 0)
(1.00074 0.0183815 0)
(0.997666 0.014745 0)
(0.99566 0.0113335 0)
(0.994406 0.00828416 0)
(0.993663 0.00563872 0)
(0.992517 0.00338205 0)
(0.946182 0.00145231 0)
(0.343646 0.00014471 0)
(0.826355 0.00101514 0)
(1.04573 0.0035903 0)
(1.05233 0.00663246 0)
(1.05143 0.0101768 0)
(1.04979 0.0142342 0)
(1.04715 0.0187254 0)
(1.04315 0.0234327 0)
(1.0374 0.027924 0)
(1.02959 0.0314661 0)
(1.01966 0.0329568 0)
(1.00954 0.0314319 0)
(1.00156 0.0277615 0)
(0.995898 0.023247 0)
(0.992043 0.0186388 0)
(0.989521 0.0143231 0)
(0.987942 0.0104685 0)
(0.987007 0.0071234 0)
(0.985749 0.00427181 0)
(0.939396 0.00183303 0)
(0.340475 0.000181898 0)
(0.835763 0.00136209 0)
(1.05594 0.00476118 0)
(1.06233 0.00876357 0)
(1.06108 0.0134085 0)
(1.05884 0.0186961 0)
(1.05527 0.0244956 0)
(1.04993 0.0304923 0)
(1.04236 0.0361021 0)
(1.03224 0.0403817 0)
(1.01957 0.0419823 0)
(1.00683 0.0398234 0)
(0.996855 0.0350791 0)
(0.989771 0.0293479 0)
(0.984938 0.023529 0)
(0.981767 0.018085 0)
(0.979776 0.0132224 0)
(0.978595 0.00899967 0)
(0.97719 0.00539697 0)
(0.930817 0.00231388 0)
(0.336479 0.000228878 0)
(0.848385 0.00186689 0)
(1.0695 0.00641205 0)
(1.07557 0.0117421 0)
(1.07377 0.0178906 0)
(1.07063 0.0248251 0)
(1.0657 0.0323222 0)
(1.05845 0.0399169 0)
(1.0484 0.0468165 0)
(1.03527 0.0518357 0)
(1.01919 0.0533761 0)
(1.00327 0.0503075 0)
(0.99087 0.0441995 0)
(0.982055 0.036973 0)
(0.976003 0.029671 0)
(0.972003 0.0228347 0)
(0.969474 0.0167121 0)
(0.967967 0.0113828 0)
(0.966369 0.00682773 0)
(0.91997 0.00292813 0)
(0.331442 0.000290275 0)
(0.865743 0.00264309 0)
(1.08788 0.00882619 0)
(1.09338 0.0160587 0)
(1.09064 0.0243241 0)
(1.08605 0.0334906 0)
(1.07904 0.0431636 0)
(1.06903 0.0526524 0)
(1.05559 0.0609079 0)
(1.03856 0.0665067 0)
(1.01829 0.067652 0)
(0.998595 0.0632905 0)
(0.983349 0.0554855 0)
(0.972449 0.0464699 0)
(0.964873 0.0373967 0)
(0.959786 0.0288712 0)
(0.956516 0.0211864 0)
(0.954535 0.0144583 0)
(0.952644 0.00868375 0)
(0.906187 0.00372975 0)
(0.325034 0.000372729 0)
(0.890681 0.00387783 0)
(1.11367 0.012492 0)
(1.1179 0.0226628 0)
(1.11339 0.0340729 0)
(1.10628 0.046278 0)
(1.09594 0.058593 0)
(1.08188 0.0700745 0)
(1.06383 0.0794562 0)
(1.0419 0.0851674 0)
(1.01663 0.0853377 0)
(0.992592 0.0791697 0)
(0.974073 0.0693098 0)
(0.960704 0.058244 0)
(0.951216 0.0471595 0)
(0.944649 0.0366672 0)
(0.940267 0.0270791 0)
(0.937494 0.0185518 0)
(0.935059 0.0111527 0)
(0.8884 0.00479036 0)
(0.316724 0.000498215 0)
(0.929398 0.00588631 0)
(1.15137 0.0188946 0)
(1.15212 0.0341981 0)
(1.14392 0.0503551 0)
(1.13227 0.0662856 0)
(1.11664 0.0811859 0)
(1.09678 0.0941047 0)
(1.07275 0.103755 0)
(1.04489 0.108615 0)
(1.01391 0.106894 0)
(0.985073 0.0982611 0)
(0.962937 0.0859922 0)
(0.946734 0.0727083 0)
(0.934887 0.059521 0)
(0.926289 0.0469307 0)
(0.920142 0.0351721 0)
(0.915855 0.0243408 0)
(0.912121 0.0146051 0)
(0.864347 0.00609155 0)
(0.305238 0.000685077 0)
(1.00642 0.0124169 0)
(1.20646 0.034907 9.05607e-34)
(1.19795 0.0593262 0)
(1.18234 0.0804635 0)
(1.16291 0.0988338 1.1684e-33)
(1.13946 0.11455 -5.05652e-34)
(1.11201 0.127019 0)
(1.08084 0.135123 0)
(1.04638 0.13753 -6.57774e-34)
(1.00935 0.132626 0)
(0.975572 0.120704 0)
(0.949703 0.105674 0)
(0.930469 0.0901349 0)
(0.915941 0.0750114 0)
(0.904793 0.0605814 0)
(0.89614 0.0468774 0)
(0.889317 0.0336773 0)
(0.882786 0.021144 0)
(0.828128 0.00885915 0)
(0.285188 0.000998354 0)
(1.07239 0.0491463 -8.61235e-20)
(1.26864 0.0811184 -2.54592e-20)
(1.2476 0.10703 -2.19773e-20)
(1.22109 0.126919 0)
(1.19189 0.144227 -2.10578e-20)
(1.15967 0.158707 1.81983e-20)
(1.12428 0.169521 -2.99344e-20)
(1.08573 0.175465 2.478e-20)
(1.0443 0.175227 2.0869e-20)
(1.00053 0.167181 -3.33111e-20)
(0.960765 0.152241 -3.30942e-20)
(0.929992 0.13492 3.84058e-20)
(0.906514 0.117794 6.73445e-20)
(0.888024 0.101638 -2.65659e-20)
(0.873081 0.0866573 7.80529e-20)
(0.86071 0.0725535 9.22679e-21)
(0.850253 0.0591939 -1.09847e-19)
(0.840016 0.0458818 9.74793e-20)
(0.782296 0.0328552 -2.27447e-20)
(0.271265 0.00883814 1.53452e-19)
(1.10392 0.109278 -1.25539e-19)
(1.31532 0.153585 1.49275e-19)
(1.28726 0.172175 0)
(1.25258 0.187284 4.92238e-20)
(1.2155 0.200649 1.72854e-19)
(1.17563 0.211677 0)
(1.13281 0.219296 -1.25478e-19)
(1.08708 0.222108 1.0758e-19)
(1.03869 0.218646 0)
(0.988162 0.207287 -7.2537e-20)
(0.942491 0.189464 -1.40138e-19)
(0.907093 0.170275 -8.21657e-20)
(0.879905 0.152342 4.83168e-20)
(0.858279 0.136313 -1.14495e-19)
(0.840589 0.122313 0)
(0.825882 0.110044 -2.80333e-19)
(0.813597 0.0990931 3.77599e-19)
(0.802447 0.0886721 -4.47594e-19)
(0.75126 0.0755733 5.25543e-19)
(0.266277 0.0250996 1.21409e-18)
(1.11814 0.175811 -1.77205e-20)
(1.34164 0.2315 -3.23931e-20)
(1.31159 0.245244 0)
(1.27318 0.254861 1.49979e-21)
(1.23132 0.263252 -8.70514e-20)
(1.18605 0.269833 7.94574e-20)
(1.13743 0.273343 0)
(1.08569 0.272281 1.09053e-19)
(1.03123 0.264975 9.10303e-20)
(0.974713 0.249772 0)
(0.92398 0.228735 1.48023e-19)
(0.884939 0.207542 4.39481e-19)
(0.855238 0.188666 1.03027e-19)
(0.831916 0.172475 0)
(0.813192 0.15886 7.20295e-20)
(0.797994 0.147389 -6.3936e-19)
(0.785628 0.137382 1.43659e-22)
(0.774839 0.127936 0)
(0.726656 0.113716 3.50507e-20)
(0.259994 0.0392791 4.0518e-20)
(1.12769 0.239616 -3.43672e-20)
(1.3569 0.307674 2.55971e-19)
(1.32564 0.317353 4.52038e-19)
(1.28481 0.322982 -1.57671e-19)
(1.23981 0.327427 0)
(1.19063 0.330013 -7.97263e-20)
(1.13746 0.329505 -1.34359e-19)
(1.08067 0.324404 -2.33066e-19)
(1.02092 0.312957 3.95929e-19)
(0.959173 0.293496 -1.64305e-19)
(0.904221 0.26877 0)
(0.862468 0.245088 3.71639e-19)
(0.831179 0.224734 0)
(0.807019 0.207802 -1.29552e-19)
(0.787944 0.193886 -3.04627e-19)
(0.772703 0.182379 0)
(0.760498 0.172647 3.74e-19)
(0.750091 0.163518 -5.72024e-19)
(0.704379 0.147744 -1.19104e-18)
(0.253764 0.051967 7.29214e-19)
(1.13348 0.300522 2.70722e-19)
(1.36535 0.380925 -6.11826e-20)
(1.33313 0.387953 0)
(1.29049 0.390429 1.03796e-20)
(1.243 0.391547 -3.72214e-19)
(1.19066 0.390617 0)
(1.13369 0.386401 -3.63236e-21)
(1.07256 0.377373 -1.25672e-19)
(1.00812 0.361684 0)
(0.941723 0.337644 -3.46191e-19)
(0.883171 0.308715 3.37962e-19)
(0.839357 0.281971 -1.96846e-19)
(0.807092 0.259582 4.62925e-19)
(0.782594 0.24135 1.37177e-19)
(0.76356 0.226603 -1.20369e-21)
(0.748547 0.214646 -9.58279e-20)
(0.73668 0.204601 -4.5137e-19)
(0.726663 0.195532 0)
(0.683072 0.17811 -2.59226e-18)
(0.247675 0.0634446 -4.58986e-22)
(1.1366 0.358773 5.26842e-19)
(1.36917 0.451245 1.45477e-20)
(1.33607 0.456196 5.22929e-19)
(1.29187 0.456253 0)
(1.24227 0.454658 1.87892e-19)
(1.18722 0.45071 -1.73418e-19)
(1.12688 0.443196 0)
(1.06182 0.430436 -1.29302e-19)
(0.993077 0.410542 2.15358e-19)
(0.922365 0.381662 0)
(0.860628 0.348018 -1.79116e-19)
(0.815223 0.317603 4.19088e-19)
(0.782439 0.292652 2.44481e-19)
(0.757983 0.272653 -1.45635e-19)
(0.739285 0.25667 0)
(0.724723 0.243902 1.84779e-21)
(0.713296 0.233385 3.54536e-19)
(0.703778 0.224049 -7.06256e-20)
(0.662146 0.204996 1.23554e-18)
(0.241559 0.0737006 1.5183e-18)
(1.13814 0.41464 -2.97682e-19)
(1.37 0.518668 6.35811e-20)
(1.33594 0.52203 -1.16729e-19)
(1.29029 0.520127 2.05122e-21)
(1.23872 0.516327 1.01085e-19)
(1.18114 0.509834 -3.56162e-19)
(1.1177 0.499368 0)
(1.04895 0.483165 2.78898e-19)
(0.976086 0.459131 -2.40213e-19)
(0.901193 0.425213 3.9243e-19)
(0.836455 0.38631 5.74109e-19)
(0.78979 0.351643 -2.22782e-19)
(0.756846 0.32361 2.21048e-21)
(0.732813 0.30142 -3.0397e-19)
(0.714713 0.283973 -1.76653e-19)
(0.700787 0.270135 0)
(0.689983 0.258936 -1.24782e-19)
(0.681 0.249215 -1.45568e-19)
(0.641307 0.228614 0)
(0.235698 0.0829155 -1.53487e-18)
(1.13876 0.468389 -6.50206e-20)
(1.36884 0.583264 -3.2497e-19)
(1.33371 0.58544 -1.18981e-19)
(1.2866 0.581934 1.47883e-20)
(1.23317 0.576301 4.25778e-19)
(1.17321 0.567647 -1.84591e-19)
(1.1068 0.554592 -3.4008e-19)
(1.03446 0.53527 5.92595e-19)
(0.957448 0.507276 6.29637e-19)
(0.878302 0.468152 4.19343e-19)
(0.81054 0.423474 -2.04178e-19)
(0.762801 0.38386 -2.33666e-19)
(0.730088 0.352183 0)
(0.706847 0.327457 0)
(0.689669 0.308282 -1.83478e-19)
(0.676608 0.293296 4.36804e-19)
(0.6665 0.281368 2.5889e-19)
(0.658164 0.271134 4.56946e-19)
(0.620541 0.249266 8.86283e-20)
(0.230323 0.0914088 1.03684e-19)
(1.13855 0.519925 2.48993e-19)
(1.36629 0.645087 0)
(1.33006 0.646383 0)
(1.28151 0.641616 3.40676e-19)
(1.22626 0.63449 2.16755e-19)
(1.16396 0.623985 -2.00824e-19)
(1.09465 0.60869 1.85469e-19)
(1.01877 0.586579 3.15663e-19)
(0.937545 0.554874 -5.41001e-19)
(0.853835 0.510524 -2.27005e-19)
(0.782794 0.459488 1.08271e-18)
(0.734046 0.414151 -4.93944e-19)
(0.701936 0.378215 0)
(0.679946 0.350577 -3.29215e-19)
(0.664112 0.329545 -1.90125e-19)
(0.652224 0.313305 -7.26257e-22)
(0.643074 0.30065 9.27809e-19)
(0.635463 0.289995 7.84392e-19)
(0.600004 0.267061 9.1114e-20)
(0.225312 0.0991346 -7.41298e-19)
(1.13819 0.569646 -6.32167e-20)
(1.36297 0.704381 6.22702e-20)
(1.32548 0.704985 3.83591e-19)
(1.27551 0.699172 -1.21524e-19)
(1.21844 0.690764 -2.28849e-19)
(1.15393 0.678726 -2.16833e-19)
(1.0818 0.66154 0)
(1.00233 0.637 -3.37173e-19)
(0.916716 0.601962 -1.47079e-19)
(0.828019 0.552445 4.81313e-19)
(0.753072 0.494526 0)
(0.703225 0.442444 0)
(0.672158 0.40136 2.99089e-19)
(0.652091 0.37038 3.41852e-19)
(0.638184 0.347351 -7.90321e-19)
(0.627903 0.330067 -1.1572e-18)
(0.619906 0.316793 0)
(0.613191 0.305805 -1.61982e-19)
(0.580002 0.282259 0)
(0.221296 0.106452 -1.09368e-19)
(1.13765 0.61741 1.88559e-19)
(1.35911 0.761233 -5.59421e-20)
(1.32033 0.761269 -2.53952e-19)
(1.26896 0.754565 0)
(1.21014 0.745087 0)
(1.14345 0.731767 2.28546e-19)
(1.06856 0.713028 -1.66917e-21)
(0.985544 0.686453 -1.8472e-19)
(0.89538 0.648528 5.77151e-21)
(0.801044 0.594158 2.19644e-18)
(0.72133 0.528816 -9.87372e-19)
(0.670003 0.468709 2.78313e-19)
(0.640446 0.421283 -3.08305e-19)
(0.623201 0.386368 1.05628e-18)
(0.612132 0.361359 6.06577e-19)
(0.604041 0.343293 2.375e-19)
(0.59765 0.329747 0)
(0.591948 0.318846 4.81568e-19)
(0.561119 0.295237 -9.19727e-20)
(0.21854 0.113682 7.61852e-19)
(1.13705 0.663477 5.68842e-20)
(1.35481 0.81577 -1.18524e-19)
(1.31485 0.815295 1.26833e-20)
(1.26209 0.807829 -1.26267e-19)
(1.20158 0.797417 2.44971e-19)
(1.13281 0.78304 2.40715e-19)
(1.05531 0.763045 0)
(0.968773 0.734892 -1.86559e-19)
(0.873856 0.694628 -8.30841e-19)
(0.773273 0.635876 0)
(0.687504 0.562812 -1.32608e-18)
(0.633814 0.493255 -2.96209e-19)
(0.606153 0.437727 6.5146e-19)
(0.593069 0.397839 0)
(0.586284 0.370734 0)
(0.581485 0.352386 2.30263e-19)
(0.577172 0.339403 -6.86146e-19)
(0.572696 0.329213 -6.42626e-19)
(0.544288 0.306465 -9.43204e-19)
(0.217998 0.121517 0)
(1.13615 0.707583 1.6687e-19)
(1.35032 0.868013 -1.30807e-19)
(1.30916 0.867084 -1.27486e-19)
(1.25509 0.858901 1.25434e-20)
(1.19301 0.847706 1.20909e-19)
(1.12229 0.832469 7.3486e-19)
(1.0423 0.81151 -4.52412e-19)
(0.952411 0.782242 -8.18649e-19)
(0.852642 0.740311 -7.1727e-19)
(0.745008 0.677945 1.19742e-18)
(0.651576 0.59712 1.2812e-18)
(0.594054 0.516414 -7.84014e-19)
(0.568391 0.450155 -5.07598e-19)
(0.561369 0.403542 3.71717e-19)
(0.561151 0.374225 4.15115e-19)
(0.561357 0.356546 2.25824e-19)
(0.560086 0.345347 -5.3429e-19)
(0.55712 0.337185 0)
(0.531172 0.316729 -7.4109e-19)
(0.220689 0.130677 2.12289e-19)
(1.13523 0.750133 -2.15324e-19)
(1.34567 0.918048 0)
(1.30333 0.916672 -5.66022e-21)
(1.24803 0.907841 1.26498e-19)
(1.1845 0.895891 -2.63481e-19)
(1.11205 0.87992 3.81534e-19)
(1.02979 0.858287 0)
(0.936714 0.828352 0)
(0.832114 0.785486 -7.69979e-19)
(0.716834 0.720586 2.59424e-18)
(0.613795 0.632551 1.23194e-18)
(0.549916 0.53889 -1.70124e-19)
(0.525732 0.45824 1.8062e-19)
(0.527127 0.401838 3.76724e-19)
(0.537244 0.369624 0)
(0.545587 0.354066 1.33817e-18)
(0.548831 0.347028 7.59072e-19)
(0.547504 0.343086 5.83904e-19)
(0.524007 0.327024 0)
(0.228066 0.142361 -1.04175e-19)
(1.13395 0.791363 -5.51187e-20)
(1.34084 0.96591 -1.12657e-19)
(1.29738 0.964047 1.42378e-19)
(1.24095 0.954623 -3.0912e-21)
(1.17613 0.941971 -1.4181e-19)
(1.1022 0.92536 -5.38442e-19)
(1.01792 0.903309 1.31074e-19)
(0.921923 0.873108 -2.31882e-19)
(0.812643 0.830047 -8.13975e-19)
(0.689272 0.763957 1.39827e-18)
(0.574557 0.669946 0)
(0.500641 0.562049 7.20855e-19)
(0.475955 0.461925 3.68334e-19)
(0.48865 0.390234 -3.6525e-19)
(0.515328 0.353439 -3.84404e-19)
(0.536845 0.342308 -2.10524e-19)
(0.546977 0.343448 4.50729e-19)
(0.548212 0.347431 -2.58223e-19)
(0.526383 0.339105 6.87881e-20)
(0.241679 0.157854 -8.82002e-20)
(1.13236 0.830901 9.40065e-21)
(1.33585 1.01161 1.20186e-19)
(1.29132 1.0092 -1.30505e-19)
(1.23389 0.99918 0)
(1.16801 0.985941 -1.51627e-19)
(1.09277 0.96876 5.55525e-19)
(1.00678 0.946501 -4.07515e-19)
(0.908208 0.916385 9.77659e-19)
(0.794589 0.873845 7.71359e-19)
(0.663013 0.808096 1.51591e-18)
(0.534532 0.710221 -1.45725e-18)
(0.445707 0.587794 0)
(0.416039 0.461974 -7.82249e-19)
(0.442496 0.365363 5.50145e-19)
(0.496004 0.319557 3.3125e-19)
(0.540056 0.317266 -1.90755e-19)
(0.561188 0.333675 0)
(0.563788 0.35155 -3.59217e-19)
(0.543527 0.355748 1.31407e-19)
(0.264935 0.179904 0)
(1.1304 0.868603 3.47475e-20)
(1.33073 1.05511 9.94222e-20)
(1.28521 1.05212 1.28448e-19)
(1.22692 1.04147 5.5721e-19)
(1.16013 1.02771 2.41047e-21)
(1.08382 1.01009 1.5216e-19)
(0.996366 0.98774 -7.04658e-19)
(0.895679 0.95809 9.0948e-19)
(0.778214 0.916765 9.44912e-19)
(0.638664 0.852921 1.00135e-19)
(0.494878 0.754148 -1.81027e-18)
(0.385205 0.618776 6.49446e-19)
(0.341941 0.460656 0)
(0.382043 0.322754 1.86611e-19)
(0.47819 0.257366 1.34086e-19)
(0.565488 0.270879 -2.59015e-19)
(0.605008 0.317082 -1.27467e-19)
(0.605307 0.359002 0)
(0.581856 0.382269 -1.22161e-19)
(0.300439 0.211701 0)
(1.12812 0.90435 0)
(1.32551 1.09645 -1.51778e-19)
(1.2791 1.09283 2.44936e-19)
(1.22008 1.08154 7.49695e-20)
(1.1525 1.06727 -1.37599e-19)
(1.07529 1.04931 6.08907e-19)
(0.986556 1.02684 2.92313e-19)
(0.884211 0.997945 -1.23864e-18)
(0.763592 0.958604 1.13888e-18)
(0.616718 0.898285 1.20446e-19)
(0.456904 0.802123 -3.5027e-18)
(0.320252 0.658205 0)
(0.249248 0.463017 -9.22187e-19)
(0.294848 0.258285 -3.32431e-19)
(0.458958 0.144246 1.15722e-19)
(0.636105 0.185502 0)
(0.704031 0.295057 0)
(0.692616 0.378991 0)
(0.652683 0.426612 -3.50378e-19)
(0.341328 0.243904 2.28724e-19)
(1.12574 0.938648 0)
(1.3202 1.13566 1.24292e-19)
(1.27294 1.13137 5.29201e-20)
(1.21335 1.11941 -2.09681e-19)
(1.14516 1.10461 -7.13524e-20)
(1.06721 1.08639 -5.57589e-19)
(0.977384 1.06389 -4.52858e-19)
(0.873729 1.03585 2.34056e-18)
(0.750683 0.998952 0)
(0.597516 0.943691 -1.77641e-18)
(0.422131 0.854365 1.92303e-18)
(0.253533 0.709357 -1.2863e-19)
(0.135122 0.478293 2.27057e-19)
(0.15993 0.169651 -1.11554e-19)
(0.425688 -0.0741136 -8.99376e-20)
(0.811067 -0.00624806 0)
(0.959438 0.256586 6.5028e-20)
(0.837295 0.449049 -3.17267e-20)
(0.696228 0.511319 0)
(0.328945 0.264203 -6.35475e-20)
(1.12274 0.970837 -1.82964e-20)
(1.3148 1.17273 0)
(1.26668 1.16776 1.1317e-19)
(1.20669 1.15508 -2.20326e-19)
(1.13812 1.13975 3.96763e-19)
(1.05966 1.12125 6.51788e-19)
(0.969028 1.0989 -5.61478e-19)
(0.864175 1.07177 -1.39114e-18)
(0.739222 1.03752 -1.46625e-19)
(0.581045 0.988501 2.28168e-18)
(0.391809 0.910054 2.06176e-18)
(0.189239 0.774861 -1.19797e-18)
(0.00136791 0.521215 -2.19871e-18)
(-0.0645736 0.0616121 0)
(0.228792 -0.428336 3.23782e-19)
(0.878459 -0.204515 0)
(1.19012 0.405542 2.49703e-19)
(0.987956 0.693912 1.4558e-19)
(0.731072 0.733621 -1.44292e-19)
(0.281908 0.255121 -1.0787e-19)
(1.11988 1.00179 4.8175e-22)
(1.30924 1.20796 5.48547e-20)
(1.26024 1.20241 -4.55436e-20)
(1.19999 1.18911 -2.67618e-19)
(1.13114 1.17345 -3.12141e-19)
(1.05235 1.15483 -6.42481e-19)
(0.96122 1.13285 -5.6461e-19)
(0.855551 1.10709 -1.60332e-19)
(0.728829 1.07594 -1.27243e-18)
(0.566629 1.03429 2.03976e-18)
(0.36515 0.971919 -1.27758e-19)
(0.129027 0.860923 -1.49475e-19)
(-0.149754 0.620589 -1.10757e-18)
(-0.442711 0.106276 -4.21445e-21)
(-0.401763 -0.0450191 1.01013e-18)
(0.302321 0.751998 0)
(0.94247 1.37515 0)
(0.757681 1.41455 0)
(0.290596 1.54988 1.52384e-19)
(0.122485 2.70902 1.6617e-19)
(1.11674 1.03152 1.69961e-21)
(1.3032 1.24138 3.95292e-20)
(1.25368 1.23527 1.50806e-19)
(1.19336 1.22153 2.70927e-19)
(1.12427 1.20573 2.29045e-19)
(1.0452 1.18721 -1.23015e-18)
(0.953779 1.16576 -5.72289e-19)
(0.847899 1.14151 0)
(0.720017 1.11383 1.39019e-19)
(0.554748 1.08057 -2.06272e-18)
(0.344437 1.03728 -2.14886e-18)
(0.0806831 0.967457 -1.58359e-19)
(-0.281204 0.820694 -1.3859e-18)
(-0.796317 0.647893 3.44707e-19)
(-1.1635 1.09109 -1.09017e-18)
(-0.585922 2.20454 0)
(0.0328766 2.76243 0)
(0.118214 3.10198 -3.33755e-19)
(0.0772758 3.35117 3.38002e-19)
(0.0764264 3.35508 -1.71765e-20)
(1.11373 1.06078 -2.18228e-20)
(1.29627 1.27275 -3.39701e-20)
(1.24692 1.26614 1.82367e-20)
(1.18668 1.25226 0)
(1.11738 1.23645 3.84694e-19)
(1.03805 1.21808 1.05847e-20)
(0.946587 1.19746 -6.56586e-19)
(0.840779 1.17496 -8.27737e-20)
(0.712896 1.15091 -1.17051e-18)
(0.546332 1.12626 2.23682e-18)
(0.331322 1.10426 -2.18713e-18)
(0.0530442 1.08475 -1.3096e-18)
(-0.34496 1.08309 0)
(-0.899327 1.23722 5.10576e-19)
(-1.27772 1.90138 -4.95962e-19)
(-0.946217 2.84919 4.65384e-19)
(-0.511214 3.27649 0)
(-0.253078 3.42324 4.32235e-19)
(-0.130946 3.39618 0)
(-0.0701558 3.33313 -1.87112e-19)
(1.10977 1.09253 7.03259e-21)
(1.28855 1.30129 -9.65179e-21)
(1.2397 1.29477 -8.64196e-20)
(1.17962 1.28117 -2.51691e-19)
(1.11024 1.26558 3.8172e-19)
(1.03081 1.24757 -1.25483e-20)
(0.938859 1.22855 5.67986e-19)
(0.833113 1.20762 1.58329e-19)
(0.705845 1.18759 1.1005e-18)
(0.540403 1.17338 -1.98393e-18)
(0.326535 1.17471 -2.04386e-18)
(0.0534062 1.20531 1.47094e-18)
(-0.315108 1.30652 1.76815e-19)
(-0.756633 1.62488 0)
(-1.03392 2.26718 -1.21142e-19)
(-0.803905 2.89423 0)
(-0.498917 3.19272 -3.18001e-19)
(-0.291504 3.21867 -3.71273e-19)
(-0.192585 3.2265 9.81251e-20)
(-0.135534 3.23515 2.38862e-19)
(0.981808 1.26626 0)
(0.884725 1.24654 -6.60139e-19)
(0.771041 1.22869 1.11393e-18)
(0.63084 1.21644 0)
(0.448989 1.2214 2.00597e-18)
(0.219872 1.26426 -1.30964e-18)
(-0.0644476 1.37183 0)
(-0.116984 3.14103 0)
(1.03614 1.05453 3.63315e-20)
(1.26334 1.31589 3.73829e-20)
(1.25499 1.35227 1.85733e-20)
(1.20058 1.34198 1.69455e-19)
(1.13563 1.32859 -1.72877e-19)
(1.06151 1.31258 7.41555e-20)
(0.977115 1.29499 -6.64961e-19)
(0.881053 1.27694 -1.1572e-18)
(0.768701 1.2612 -6.57557e-20)
(0.631045 1.2534 -4.05356e-18)
(0.456158 1.26928 -4.42684e-18)
(0.246418 1.33333 1.30173e-18)
(0.0132417 1.47668 3.51015e-22)
(-0.214124 1.75501 -6.31837e-19)
(-0.359317 2.1465 0)
(-0.368207 2.54383 2.6823e-19)
(-0.264818 2.7995 -4.32791e-20)
(-0.170217 2.94012 -2.49457e-20)
(-0.104896 3.02956 -1.071e-19)
(1.04721 1.08233 0)
(1.25883 1.33824 4.25164e-20)
(1.25042 1.37885 -5.39705e-21)
(1.19418 1.36955 -1.88085e-20)
(1.12867 1.35659 0)
(1.05441 1.34023 -1.23308e-19)
(0.970336 1.32287 -6.08248e-19)
(0.874926 1.30537 -6.43404e-20)
(0.764458 1.29138 -1.111e-18)
(0.631541 1.28904 4.00617e-18)
(0.468909 1.31624 0)
(0.284468 1.39772 1.24875e-18)
(0.102485 1.55611 -1.44495e-18)
(-0.0447306 1.8211 0)
(-0.120889 2.16506 1.21036e-18)
(-0.132688 2.48709 2.74106e-19)
(-0.0799039 2.73163 -4.02001e-20)
(-0.0308975 2.88492 9.56682e-20)
(-0.000382675 2.98116 1.03947e-19)
(1.05293 1.11667 6.60616e-20)
(1.256 1.36754 0)
(1.24661 1.41028 1.86223e-20)
(1.18829 1.40065 -1.20961e-19)
(1.12191 1.38688 -2.41081e-20)
(1.0477 1.36979 6.09282e-20)
(0.964069 1.35249 6.15589e-19)
(0.870282 1.33609 1.01753e-18)
(0.762586 1.3243 -5.8927e-20)
(0.634879 1.32492 1.95324e-18)
(0.482697 1.35917 2.08323e-18)
(0.321409 1.45165 -1.0608e-18)
(0.183724 1.61518 -1.39674e-18)
(0.105886 1.87095 1.72162e-19)
(0.077148 2.19475 6.64987e-19)
(0.0645193 2.46149 -2.53243e-19)
(0.103772 2.67445 -3.10236e-20)
(0.1338 2.86056 8.70082e-20)
(0.13722 2.97446 -1.11837e-19)
(1.05387 1.15127 5.36029e-20)
(1.25063 1.40103 -7.5868e-20)
(1.2408 1.44506 -2.68251e-20)
(1.1811 1.43341 4.34234e-20)
(1.11408 1.41813 -4.10629e-20)
(1.03999 1.40076 3.83201e-19)
(0.956929 1.38342 -1.1336e-19)
(0.864201 1.36648 -1.06542e-18)
(0.759867 1.35421 0)
(0.637999 1.35887 1.66085e-18)
(0.495461 1.4036 0)
(0.352928 1.50995 -1.1291e-18)
(0.246896 1.67596 0)
(0.217039 1.92324 1.17329e-18)
(0.243477 2.22369 -3.13116e-19)
(0.255157 2.43782 -3.48608e-19)
(0.296328 2.65234 -5.41446e-21)
(0.333415 2.82851 -2.17998e-19)
(0.320119 3.02328 1.18702e-19)
(1.04939 1.18615 -1.91498e-19)
(1.24136 1.43718 -2.02789e-19)
(1.23247 1.48205 -4.105e-20)
(1.17185 1.4679 -1.18566e-20)
(1.10483 1.45118 1.87197e-19)
(1.03097 1.43313 -3.70172e-20)
(0.949333 1.41497 5.59869e-20)
(0.859471 1.39701 1.7707e-18)
(0.757781 1.3869 -7.8693e-19)
(0.637713 1.39819 -9.359e-21)
(0.503098 1.45167 6.23499e-21)
(0.379348 1.56013 0)
(0.299256 1.72151 1.23609e-18)
(0.301023 1.95209 3.08709e-19)
(0.374723 2.20981 0)
(0.425263 2.38668 0)
(0.488067 2.60453 0)
(0.563647 2.81523 1.48611e-19)
(0.59144 2.96111 -9.73067e-19)
(1.04133 1.223 -2.1271e-19)
(1.2289 1.47625 -7.90323e-20)
(1.22134 1.5212 7.82885e-20)
(1.16121 1.50466 -8.65771e-21)
(1.09466 1.48613 0)
(1.02173 1.46653 -4.20793e-20)
(0.94165 1.44608 -3.67557e-19)
(0.851751 1.42818 7.78793e-19)
(0.749744 1.4219 0)
(0.635085 1.43608 -3.20631e-18)
(0.515781 1.49041 1.71972e-18)
(0.418599 1.59281 -7.99808e-19)
(0.367473 1.74378 2.62974e-20)
(0.394135 1.9479 1.36155e-18)
(0.500454 2.16164 0)
(0.5975 2.31281 1.3623e-19)
(0.697023 2.50808 9.92535e-20)
(0.822351 2.73651 0)
(0.921882 2.69769 0)
(0.728562 1.87749 0)
(1.02994 1.26086 0)
(1.21331 1.51779 0)
(1.20722 1.56235 -1.46266e-19)
(1.1478 1.54301 -3.4057e-20)
(1.08193 1.52219 0)
(1.0101 1.50049 -3.5451e-20)
(0.931857 1.47951 0)
(0.841421 1.46429 8.42416e-19)
(0.743205 1.45959 1.10505e-20)
(0.63997 1.46952 -1.45189e-18)
(0.539285 1.51669 -1.58036e-18)
(0.467611 1.60747 9.54459e-19)
(0.445542 1.74068 1.05127e-18)
(0.494607 1.90789 0)
(0.620646 2.0701 6.72982e-19)
(0.762195 2.21279 2.53863e-19)
(0.901101 2.36071 7.7263e-20)
(1.04815 2.47297 2.83473e-19)
(0.995082 2.23095 3.58126e-19)
(0.24794 0.473159 -1.61307e-18)
(1.01706 1.30174 -1.32437e-19)
(1.19441 1.56128 -1.96886e-19)
(1.18983 1.60546 5.92554e-20)
(1.13242 1.58398 -1.27586e-19)
(1.06763 1.56164 3.51115e-20)
(0.996689 1.53869 5.76554e-20)
(0.920367 1.51842 1.37416e-20)
(0.831321 1.50152 -7.36767e-20)
(0.741019 1.49141 6.63076e-19)
(0.650052 1.49445 -7.71049e-20)
(0.566545 1.53337 -9.0015e-20)
(0.516497 1.61225 8.58848e-19)
(0.519494 1.72262 0)
(0.58668 1.84684 2.36507e-19)
(0.721986 1.95913 0)
(0.897227 2.07127 1.68886e-19)
(1.05753 2.15465 2.41242e-20)
(1.20886 2.13905 -1.38038e-19)
(1.10217 1.71761 3.48446e-19)
(0.173704 0.195105 -1.12485e-18)
(1.00317 1.34425 -1.03321e-20)
(1.17415 1.60498 -1.07799e-19)
(1.16978 1.64938 -6.49205e-20)
(1.11402 1.62699 1.28573e-19)
(1.05009 1.60316 0)
(0.979947 1.57905 1.55282e-19)
(0.907072 1.5573 -5.04347e-20)
(0.824231 1.53426 1.12584e-18)
(0.742868 1.518 5.25433e-19)
(0.661029 1.51683 6.89046e-20)
(0.5907 1.54823 0)
(0.557079 1.61337 -9.65333e-19)
(0.577151 1.69761 2.14083e-19)
(0.652854 1.77874 2.40595e-19)
(0.78287 1.84102 0)
(0.969756 1.88954 0)
(1.16559 1.90605 6.37552e-20)
(1.28139 1.79779 4.82042e-20)
(1.14898 1.33706 1.73395e-19)
(0.377642 0.263142 2.96277e-19)
(0.987523 1.38863 1.27763e-19)
(1.15214 1.65046 -2.24343e-19)
(1.14698 1.69477 -2.51946e-19)
(1.09307 1.672 2.81715e-19)
(1.03109 1.64612 7.45259e-21)
(0.963766 1.61955 1.11463e-19)
(0.894806 1.59342 -1.99022e-19)
(0.818939 1.56416 -4.54057e-20)
(0.743606 1.54385 4.0324e-19)
(0.668423 1.53948 6.13524e-20)
(0.609009 1.56273 1.37624e-19)
(0.587291 1.61186 5.24865e-19)
(0.616446 1.66917 8.01602e-19)
(0.688717 1.7132 -2.1518e-19)
(0.795155 1.73071 -2.40421e-19)
(0.938637 1.72353 4.85915e-19)
(1.10785 1.68879 -2.40472e-19)
(1.20706 1.56954 -1.50045e-19)
(1.07874 1.23758 -2.42942e-19)
(0.546621 0.588037 3.93716e-19)
(0.969095 1.4338 1.37788e-19)
(1.12746 1.69786 1.12694e-19)
(1.12168 1.74197 1.40496e-19)
(1.07006 1.71798 0)
(1.01115 1.68864 3.46406e-20)
(0.947998 1.65805 0)
(0.881818 1.62703 -3.12384e-20)
(0.811413 1.59446 -3.6791e-19)
(0.740459 1.57135 -3.46158e-19)
(0.671667 1.5627 1.24176e-20)
(0.62118 1.57609 -1.92701e-20)
(0.607933 1.60708 -6.35512e-19)
(0.639178 1.63993 1.84641e-19)
(0.700571 1.65611 4.1859e-19)
(0.778772 1.64738 4.86007e-19)
(0.86578 1.61631 -1.71504e-21)
(0.963082 1.57261 1.17886e-20)
(1.03806 1.49706 -9.50928e-19)
(0.976251 1.31201 1.92435e-18)
(0.6247 0.871557 0)
(0.947669 1.48042 2.911e-19)
(1.09947 1.74747 -2.14959e-19)
(1.09314 1.79015 -3.06819e-19)
(1.04417 1.76329 0)
(0.988865 1.73035 3.27775e-20)
(0.92978 1.69579 1.7332e-20)
(0.865975 1.66104 -1.25336e-19)
(0.799722 1.62658 3.83078e-20)
(0.733143 1.60004 -2.88347e-19)
(0.670821 1.58545 -8.34468e-19)
(0.627442 1.5873 2.28933e-19)
(0.619299 1.60187 1.46421e-19)
(0.647414 1.61376 7.51847e-22)
(0.697063 1.60973 2.05014e-19)
(0.751905 1.58789 -4.98051e-19)
(0.803632 1.55228 1.56718e-21)
(0.851873 1.51162 1.77148e-19)
(0.892222 1.46337 -6.22828e-19)
(0.877041 1.36996 -1.32339e-19)
(0.629674 0.989043 0)
(0.922165 1.52699 5.71934e-19)
(1.06823 1.79922 -2.31556e-20)
(1.06091 1.83891 1.4168e-19)
(1.01432 1.80847 0)
(0.962391 1.77243 1.27071e-19)
(0.906643 1.7346 -4.68998e-21)
(0.845921 1.69666 -1.54222e-20)
(0.783687 1.65982 3.64169e-19)
(0.72193 1.62874 -6.68015e-20)
(0.665929 1.60693 0)
(0.628615 1.5971 -8.14111e-19)
(0.623156 1.59619 -1.29731e-19)
(0.646936 1.58996 -1.60669e-19)
(0.682656 1.57326 7.87101e-19)
(0.720839 1.54484 -4.80001e-19)
(0.754204 1.50952 0)
(0.781171 1.4726 -6.96016e-19)
(0.802137 1.4356 -4.27343e-19)
(0.8011 1.3783 1.04805e-18)
(0.602853 1.01837 1.18648e-18)
(0.89133 1.572 5.87652e-19)
(1.03252 1.85213 -2.2201e-20)
(1.0239 1.88816 -1.63815e-19)
(0.979428 1.85417 -9.11508e-20)
(0.930576 1.81542 -9.45393e-20)
(0.877927 1.77465 3.35492e-20)
(0.821201 1.73335 -4.12868e-20)
(0.763326 1.69305 -6.92171e-20)
(0.706647 1.6567 8.31783e-20)
(0.656607 1.62679 8.67705e-20)
(0.62537 1.60488 1.8925e-19)
(0.618529 1.59207 4.92965e-19)
(0.631987 1.57135 1.97149e-21)
(0.659522 1.54555 0)
(0.686061 1.51338 4.569e-19)
(0.708255 1.47877 -2.91607e-19)
(0.725289 1.44505 1.55126e-18)
(0.737843 1.41339 0)
(0.738369 1.3678 -1.01133e-18)
(0.56437 1.02173 0)
(0.853426 1.61433 1.48281e-19)
(0.989146 1.90469 1.20109e-19)
(0.980957 1.93788 -3.16052e-19)
(0.938707 1.90054 -2.00229e-19)
(0.89295 1.85901 -2.25498e-19)
(0.843794 1.81513 2.43658e-20)
(0.791577 1.77017 0)
(0.738425 1.72568 -1.19558e-19)
(0.686814 1.6836 5.84972e-20)
(0.641871 1.64511 2.10202e-19)
(0.615983 1.61096 0)
(0.609778 1.59614 -2.35645e-19)
(0.608878 1.55581 5.82896e-19)
(0.630589 1.52487 1.07723e-18)
(0.648309 1.4907 2.23016e-19)
(0.662537 1.4571 1.19298e-20)
(0.673298 1.42569 6.73016e-19)
(0.681382 1.39714 6.13196e-19)
(0.681171 1.3566 1.23248e-19)
(0.524886 1.02245 -1.00372e-18)
(0.80728 1.6535 -1.50089e-19)
(0.937696 1.95581 1.21358e-19)
(0.930851 1.98757 3.6504e-19)
(0.891398 1.94695 2.27605e-19)
(0.849184 1.90234 1.35679e-19)
(0.804114 1.85507 5.47929e-20)
(0.75671 1.80624 -3.77887e-20)
(0.708555 1.75724 -1.56611e-19)
(0.66192 1.70946 5.4524e-20)
(0.620992 1.66314 2.46962e-19)
(0.593948 1.62043 3.13221e-19)
(0.592461 1.60033 4.21945e-19)
(0.586453 1.54287 -5.29641e-19)
(0.597899 1.51013 3.46369e-19)
(0.607962 1.47548 2.11875e-19)
(0.61601 1.44283 7.73455e-19)
(0.622081 1.41321 -6.30453e-19)
(0.626829 1.38672 7.67571e-19)
(0.625788 1.34931 -1.05661e-18)
(0.485047 1.02416 -5.7076e-21)
(0.753238 1.68899 0)
(0.877068 2.0041 4.72136e-19)
(0.872749 2.03596 -3.2073e-19)
(0.836836 1.99225 2.31884e-19)
(0.798754 1.94438 -1.8762e-20)
(0.75841 1.8936 -4.90145e-21)
(0.716179 1.84087 2.04294e-20)
(0.673252 1.78745 -2.21858e-20)
(0.631553 1.73435 -4.24491e-20)
(0.594085 1.68155 -7.32004e-20)
(0.565644 1.63186 2.2409e-21)
(0.565025 1.59792 1.88343e-19)
(0.558964 1.53933 2.47469e-19)
(0.561209 1.50248 -3.14476e-19)
(0.564906 1.4672 1.87648e-19)
(0.56807 1.43517 -2.46177e-19)
(0.570393 1.40682 6.07445e-19)
(0.572594 1.38182 -1.46152e-18)
(0.570812 1.34664 1.10261e-19)
(0.444522 1.02795 1.29199e-19)
(0.691781 1.71951 -1.47949e-19)
(0.807506 2.04846 0)
(0.80613 2.08179 -1.70775e-19)
(0.77439 2.03505 -1.09157e-19)
(0.741214 1.98398 -3.31374e-20)
(0.706112 1.92978 -4.33074e-20)
(0.669514 1.87339 -1.11507e-20)
(0.632142 1.81587 5.03449e-20)
(0.595493 1.75799 2.56902e-19)
(0.561843 1.69977 9.40354e-20)
(0.535103 1.6434 -1.22381e-19)
(0.528887 1.59601 3.61343e-19)
(0.522551 1.54192 -8.04753e-22)
(0.519647 1.50124 0)
(0.518661 1.46514 1.92384e-19)
(0.518013 1.43344 -2.30495e-19)
(0.517656 1.4059 -4.18073e-19)
(0.517692 1.38206 0)
(0.514948 1.34865 1.02943e-19)
(0.403125 1.03383 1.7545e-18)
(0.622782 1.74449 5.86319e-19)
(0.728469 2.08743 -1.73513e-21)
(0.730499 2.12313 3.12613e-19)
(0.703584 2.07376 -9.02505e-20)
(0.676011 2.01973 0)
(0.646906 1.96254 -5.6081e-20)
(0.616419 1.90289 3.06397e-21)
(0.585021 1.8419 -7.45413e-20)
(0.553705 1.77999 6.04128e-20)
(0.524152 1.71717 -1.8905e-19)
(0.499745 1.65487 2.38344e-19)
(0.48785 1.5992 1.59005e-19)
(0.479341 1.54748 2.24613e-19)
(0.473254 1.50492 1.34078e-19)
(0.468908 1.46832 -8.68836e-19)
(0.465454 1.43691 -5.31852e-19)
(0.462867 1.41005 -1.4047e-19)
(0.461347 1.38694 6.33086e-19)
(0.458067 1.35509 9.55631e-20)
(0.360108 1.04246 -1.78858e-18)
(0.546477 1.76183 0)
(0.640096 2.11884 0)
(0.64563 2.15797 0)
(0.624353 2.10643 1.90765e-19)
(0.603059 2.05014 1.08228e-19)
(0.58068 1.99055 1.06778e-19)
(0.556933 1.92846 -1.50447e-20)
(0.531984 1.86468 -3.51874e-20)
(0.506306 1.79987 -1.4068e-19)
(0.480937 1.73358 0)
(0.45843 1.66705 2.16354e-19)
(0.443014 1.60709 -3.00281e-19)
(0.431722 1.55582 0)
(0.4229 1.51279 0)
(0.415793 1.47624 1.61093e-19)
(0.410041 1.44519 -3.02351e-19)
(0.40575 1.4188 0)
(0.403078 1.39634 1.16971e-18)
(0.399361 1.36574 -1.4056e-18)
(0.315027 1.05404 1.65066e-18)
(0.462792 1.76894 0)
(0.542171 2.14024 -5.32491e-20)
(0.551526 2.18374 -3.54644e-19)
(0.536523 2.13079 -2.5381e-19)
(0.522563 2.07316 -1.25287e-19)
(0.507716 2.01219 -9.35241e-20)
(0.491446 1.94878 0)
(0.473389 1.88361 0)
(0.453735 1.81714 6.62754e-20)
(0.432677 1.74892 8.27859e-20)
(0.411849 1.68021 1.98859e-19)
(0.394458 1.61857 0)
(0.38058 1.56759 -6.60082e-21)
(0.369118 1.52488 -1.22744e-19)
(0.359524 1.4888 5.86567e-19)
(0.351715 1.45828 3.58293e-19)
(0.345775 1.43245 5.03181e-19)
(0.342046 1.41045 -1.08715e-18)
(0.337997 1.38112 -1.28788e-18)
(0.267428 1.0684 4.7408e-20)
(0.371682 1.76363 -4.55959e-19)
(0.436053 2.14795 3.69164e-19)
(0.447749 2.19728 2.5287e-19)
(0.440899 2.1441 0)
(0.435344 2.08642 9.30088e-20)
(0.42899 2.02561 -5.06745e-20)
(0.420854 1.96251 -1.39408e-20)
(0.410257 1.89769 -5.85448e-21)
(0.396845 1.83137 1.00511e-19)
(0.380279 1.76312 0)
(0.361238 1.69434 8.73364e-20)
(0.342736 1.63309 2.79839e-21)
(0.326586 1.58321 -8.15907e-20)
(0.312512 1.54162 -1.04386e-19)
(0.30041 1.50651 -1.93786e-19)
(0.290472 1.4768 8.27376e-20)
(0.282901 1.45156 4.97208e-20)
(0.278175 1.43007 -4.23458e-19)
(0.273627 1.40202 -5.53569e-19)
(0.217024 1.08705 -6.57553e-19)
(0.273273 1.74597 -1.91249e-19)
(0.323059 2.1374 2.14334e-19)
(0.336152 2.19406 2.96681e-20)
(0.33929 2.14272 0)
(0.343572 2.08706 0)
(0.34655 2.02872 3.60212e-20)
(0.347023 1.96826 -5.40359e-21)
(0.344149 1.90606 0)
(0.337141 1.84216 2.62988e-20)
(0.325166 1.77614 -5.23819e-20)
(0.308205 1.7096 0)
(0.289095 1.65073 1.06059e-19)
(0.270887 1.60326 0)
(0.254141 1.56384 9.35763e-20)
(0.239233 1.53054 -2.91008e-19)
(0.226721 1.50221 2.85864e-20)
(0.217095 1.47795 4.39977e-20)
(0.210891 1.45711 0)
(0.205658 1.43042 -5.59837e-19)
(0.163462 1.11363 6.28382e-19)
(0.16736 1.69451 5.10252e-21)
(0.204103 2.09861 -1.55603e-19)
(0.22192 2.16898 -2.42404e-20)
(0.236604 2.12268 0)
(0.251442 2.07211 1.81705e-20)
(0.263969 2.01934 3.29838e-20)
(0.272983 1.96452 -2.82329e-22)
(0.277584 1.90773 -2.73348e-21)
(0.27677 1.8489 -1.69144e-20)
(0.269382 1.78768 0)
(0.254766 1.7259 1.37223e-19)
(0.235568 1.67161 3.91686e-21)
(0.215727 1.62836 3.42435e-20)
(0.196379 1.59273 0)
(0.178235 1.5628 2.00288e-19)
(0.162145 1.53726 1.53626e-20)
(0.14897 1.5154 3.06424e-19)
(0.139897 1.49644 7.54173e-19)
(0.133913 1.47076 -4.87392e-19)
(0.105355 1.15221 8.38863e-21)
(0.0602514 1.58124 1.52738e-33)
(0.0856105 2.00746 -6.46374e-21)
(0.114682 2.11414 -3.47258e-20)
(0.14199 2.07991 -5.60638e-21)
(0.166042 2.0393 0)
(0.1866 1.99602 6.83827e-21)
(0.202778 1.95006 3.81107e-22)
(0.213712 1.90144 7.32343e-22)
(0.218285 1.85021 0)
(0.215161 1.79632 -6.53883e-34)
(0.203238 1.74188 1.39608e-20)
(0.184886 1.69461 0)
(0.164509 1.65774 5.42413e-20)
(0.143633 1.62816 -7.55245e-21)
(0.123031 1.60386 0)
(0.10296 1.58366 0)
(0.0842079 1.56687 0)
(0.068059 1.55329 5.09011e-21)
(0.0560499 1.5332 6.1539e-21)
(0.0401 1.22225 1.08782e-19)
(-0.00450663 0.569596 0)
(0.0124276 1.8914 0)
(0.0397665 2.02751 0)
(0.0700285 2.01318 0)
(0.0981046 1.98926 0)
(0.123375 1.96033 0)
(0.144684 1.92667 0)
(0.160769 1.88854 0)
(0.170382 1.8463 0)
(0.171991 1.80032 0)
(0.16412 1.75315 0)
(0.148641 1.71241 0)
(0.130073 1.68131 0)
(0.11042 1.65726 0)
(0.0908075 1.6386 0)
(0.0719012 1.62397 0)
(0.0537257 1.61233 0)
(0.0358937 1.6026 0)
(0.018302 1.58673 0)
(0.0038811 1.28534 0)
(-0.00275114 0.595462 0)
(-0.000461319 1.82445 0)
(0.0171078 1.94834 0)
(0.0382764 1.94636 0)
(0.0604314 1.93626 0)
(0.0824134 1.92062 0)
(0.102774 1.89913 0)
(0.11978 1.87183 0)
(0.131629 1.83903 0)
(0.136328 1.80135 0)
(0.131929 1.76145 0)
(0.119558 1.72673 0)
(0.103585 1.70065 0)
(0.0862978 1.68118 0)
(0.0689011 1.66683 0)
(0.0521247 1.65656 0)
(0.0365027 1.64965 0)
(0.0224636 1.64544 0)
(0.0100709 1.63441 0)
(0.000264488 1.31812 0)
(-0.000773524 0.615956 0)
(0.000838189 1.7956 0)
(0.0119178 1.9024 0)
(0.0261039 1.90245 0)
(0.0418657 1.89701 0)
(0.0584575 1.88773 0)
(0.074932 1.87379 0)
(0.0898583 1.85457 0)
(0.10138 1.82986 0)
(0.107244 1.79992 0)
(0.105082 1.76719 0)
(0.0954118 1.73847 0)
(0.0821846 1.71715 0)
(0.0677374 1.70172 0)
(0.053405 1.6909 0)
(0.0399504 1.68365 0)
(0.0277294 1.67901 0)
(0.0168721 1.67623 0)
(0.00748849 1.66515 0)
(0.000551749 1.3332 0)
(-0.000380072 0.620916 0)
(0.00180699 1.77452 0)
(0.0094643 1.87231 0)
(0.0191818 1.87284 0)
(0.0304149 1.86944 0)
(0.0428335 1.86334 0)
(0.0557478 1.85374 0)
(0.0680619 1.83988 0)
(0.0781887 1.82126 0)
(0.08405 1.79781 0)
(0.0832137 1.77145 0)
(0.0757398 1.74808 0)
(0.0650323 1.73087 0)
(0.053277 1.71864 0)
(0.0416868 1.71025 0)
(0.0309182 1.70476 0)
(0.021299 1.70137 0)
(0.0129432 1.69942 0)
(0.00584634 1.68817 0)
(0.000587404 1.34589 0)
(-0.000243863 0.622542 0)
(0.00176038 1.75779 0)
(0.00743097 1.85061 0)
(0.0145333 1.85126 0)
(0.022814 1.84888 0)
(0.0321264 1.84463 0)
(0.0420838 1.8378 0)
(0.0519139 1.82765 0)
(0.0603774 1.81359 0)
(0.065678 1.79535 0)
(0.0655643 1.77437 0)
(0.0598328 1.7556 0)
(0.0513008 1.74184 0)
(0.0418776 1.73216 0)
(0.0326292 1.72563 0)
(0.0241141 1.72144 0)
(0.0165706 1.71889 0)
(0.0100617 1.71742 0)
(0.00455666 1.70594 0)
(0.000468099 1.35595 0)
(-0.000163865 0.623052 0)
(0.00149247 1.74483 0)
(0.00577597 1.8345 0)
(0.0111009 1.83528 0)
(0.0173274 1.83354 0)
(0.0244009 1.83043 0)
(0.0320742 1.82542 0)
(0.0398219 1.81786 0)
(0.0466945 1.80717 0)
(0.0512276 1.79301 0)
(0.0514781 1.77646 0)
(0.0470999 1.76153 0)
(0.0403628 1.75058 0)
(0.0328901 1.74293 0)
(0.0255739 1.73781 0)
(0.0188626 1.73455 0)
(0.012946 1.73259 0)
(0.00785341 1.73143 0)
(0.00355582 1.71976 0)
(0.000363635 1.36382 0)
(-0.000112147 0.62313 0)
(0.00120997 1.7348 0)
(0.00447989 1.82229 0)
(0.00853016 1.82317 0)
(0.0132737 1.82186 0)
(0.0186837 1.81955 0)
(0.0246097 1.8158 0)
(0.0306751 1.81009 0)
(0.0361661 1.80192 0)
(0.0399277 1.79095 0)
(0.0403278 1.77794 0)
(0.0369838 1.76612 0)
(0.0317054 1.75746 0)
(0.0258163 1.75143 0)
(0.0200492 1.74741 0)
(0.0147725 1.74486 0)
(0.0101253 1.74333 0)
(0.00613545 1.74241 0)
(0.00277282 1.73058 0)
(0.000274624 1.36996 0)
(-7.96773e-05 0.623048 0)
(0.000961947 1.72703 0)
(0.00347671 1.81294 0)
(0.00658148 1.81391 0)
(0.0102213 1.81292 0)
(0.0143864 1.81116 0)
(0.0189701 1.80832 0)
(0.0237055 1.80398 0)
(0.0280571 1.7977 0)
(0.0311108 1.78919 0)
(0.031547 1.779 0)
(0.028993 1.7697 0)
(0.0248651 1.76287 0)
(0.0202424 1.75811 0)
(0.0157158 1.75495 0)
(0.0115719 1.75295 0)
(0.00792918 1.75175 0)
(0.00480042 1.75101 0)
(0.00216019 1.73906 0)
(0.00020614 1.37472 0)
(-5.84625e-05 0.622914 0)
(0.000758304 1.721 0)
(0.00269884 1.80575 0)
(0.00509194 1.80678 0)
(0.00789934 1.80602 0)
(0.0111148 1.80469 0)
(0.0146703 1.80251 0)
(0.0183643 1.79919 0)
(0.0217898 1.79435 0)
(0.0242422 1.78774 0)
(0.0246568 1.77978 0)
(0.0226999 1.77247 0)
(0.0194837 1.76709 0)
(0.015862 1.76335 0)
(0.0123086 1.76087 0)
(0.00906015 1.7593 0)
(0.00620185 1.75836 0)
(0.00374971 1.75775 0)
(0.00168472 1.74569 0)
(0.000156832 1.37842 0)
(-4.37539e-05 0.622773 0)
(0.000595296 1.71633 0)
(0.00209844 1.80019 0)
(0.0039485 1.80127 0)
(0.00611819 1.8007 0)
(0.00861055 1.79967 0)
(0.0113697 1.798 0)
(0.0142511 1.79544 0)
(0.0169406 1.7917 0)
(0.0188902 1.78657 0)
(0.0192581 1.78035 0)
(0.0177563 1.77462 0)
(0.0152494 1.7704 0)
(0.0124187 1.76746 0)
(0.00964042 1.76551 0)
(0.00709174 1.76428 0)
(0.00485012 1.76354 0)
(0.00292825 1.76305 0)
(0.00131082 1.7509 0)
(0.000115387 1.3813 0)
(-3.29623e-05 0.622647 0)
(0.000466312 1.7127 0)
(0.00163044 1.79589 0)
(0.00306373 1.79701 0)
(0.00474806 1.79656 0)
(0.00668212 1.79577 0)
(0.00882842 1.79449 0)
(0.011073 1.7925 0)
(0.0131805 1.78961 0)
(0.0147235 1.78562 0)
(0.0150371 1.78077 0)
(0.0138823 1.77628 0)
(0.0119298 1.77297 0)
(0.00971567 1.77067 0)
(0.0075389 1.76914 0)
(0.00554826 1.76817 0)
(0.00379888 1.76759 0)
(0.00229318 1.76718 0)
(0.00102447 1.75497 0)
(8.94421e-05 1.38352 0)
(-2.55509e-05 0.622539 0)
(0.000363816 1.70988 0)
(0.00126965 1.79256 0)
(0.00238331 1.7937 0)
(0.00368962 1.79336 0)
(0.00519171 1.79275 0)
(0.00686077 1.79175 0)
(0.00861236 1.79022 0)
(0.0102617 1.78797 0)
(0.0114768 1.78487 0)
(0.0117375 1.78108 0)
(0.0108462 1.77757 0)
(0.00932627 1.77498 0)
(0.00759999 1.77318 0)
(0.00590147 1.77198 0)
(0.00434245 1.77122 0)
(0.00296721 1.77077 0)
(0.00178914 1.77043 0)
(0.000796354 1.75816 0)
(6.43455e-05 1.38526 0)
(-1.96922e-05 0.622453 0)
(0.000284145 1.70768 0)
(0.000987887 1.78996 0)
(0.00185286 1.79113 0)
(0.00287015 1.79087 0)
(0.00403893 1.79039 0)
(0.00533821 1.78962 0)
(0.00670343 1.78843 0)
(0.00799274 1.78669 0)
(0.00894797 1.78427 0)
(0.00916213 1.78132 0)
(0.00847341 1.77858 0)
(0.00728906 1.77655 0)
(0.00593965 1.77514 0)
(0.00460954 1.7742 0)
(0.00339138 1.77361 0)
(0.00232035 1.77325 0)
(0.00139769 1.77296 0)
(0.000621327 1.76065 0)
(5.17734e-05 1.38661 0)
(-1.55765e-05 0.622383 0)
(0.000221275 1.70597 0)
(0.000768986 1.78794 0)
(0.00144242 1.78913 0)
(0.00223336 1.78893 0)
(0.00314332 1.78856 0)
(0.00415567 1.78796 0)
(0.00522001 1.78703 0)
(0.00622819 1.78568 0)
(0.00697889 1.7838 0)
(0.00715102 1.78149 0)
(0.00661816 1.77935 0)
(0.00569575 1.77777 0)
(0.00464203 1.77667 0)
(0.00360159 1.77593 0)
(0.00264809 1.77547 0)
(0.00180977 1.77519 0)
(0.00109003 1.77495 0)
(0.000483054 1.7626 0)
(3.68043e-05 1.38766 0)
(-1.18792e-05 0.622333 0)
(0.000172342 1.70463 0)
(0.000599376 1.78637 0)
(0.00112381 1.78757 0)
(0.00174 1.78742 0)
(0.0024494 1.78713 0)
(0.0032375 1.78666 0)
(0.00406852 1.78595 0)
(0.00485645 1.78489 0)
(0.0054438 1.78343 0)
(0.00558231 1.78164 0)
(0.00516841 1.77997 0)
(0.00444918 1.77873 0)
(0.00362813 1.77787 0)
(0.00281736 1.77729 0)
(0.00207273 1.77693 0)
(0.00141458 1.77671 0)
(0.00084897 1.7765 0)
(0.000374304 1.76412 0)
(2.73975e-05 1.38847 0)
(-9.32926e-06 0.622289 0)
(0.000134815 1.70359 0)
(0.000467078 1.78515 0)
(0.000875714 1.78636 0)
(0.00135538 1.78624 0)
(0.00190781 1.78602 0)
(0.00252473 1.78566 0)
(0.00317237 1.7851 0)
(0.00378723 1.78427 0)
(0.00424863 1.78313 0)
(0.00436023 1.78174 0)
(0.00403998 1.78043 0)
(0.00347843 1.77947 0)
(0.00283597 1.7788 0)
(0.00220196 1.77836 0)
(0.0016196 1.77807 0)
(0.00110801 1.7779 0)
(0.000667549 1.77771 0)
(0.000295894 1.76531 0)
(2.37419e-05 1.38911 0)
(-7.20301e-06 0.622259 0)
(0.000104774 1.70278 0)
(0.00036429 1.7842 0)
(0.000683049 1.78542 0)
(0.00105743 1.78532 0)
(0.0014878 1.78515 0)
(0.00196701 1.78487 0)
(0.00247336 1.78443 0)
(0.00295529 1.78379 0)
(0.00331766 1.78291 0)
(0.00340637 1.78182 0)
(0.00315887 1.7808 0)
(0.00272388 1.78005 0)
(0.00222246 1.77953 0)
(0.00172462 1.77918 0)
(0.00126729 1.77896 0)
(0.000865225 1.77883 0)
(0.000522004 1.77866 0)
(0.000230823 1.76625 0)
(1.56414e-05 1.38961 0)
(-6.02921e-06 0.622233 0)
(8.10551e-05 1.70215 0)
(0.000282073 1.78345 0)
(0.000530312 1.78468 0)
(0.000822857 1.78461 0)
(0.00115983 1.78447 0)
(0.00153521 1.78425 0)
(0.0019306 1.78391 0)
(0.00230733 1.78342 0)
(0.00259263 1.78273 0)
(0.00266519 1.78188 0)
(0.0024738 1.78109 0)
(0.00213245 1.7805 0)
(0.00173935 1.7801 0)
(0.00135248 1.77983 0)
(0.000996939 1.77966 0)
(0.000682085 1.77955 0)
(0.000409236 1.7794 0)
(0.000181771 1.76698 0)
(1.51913e-05 1.39 0)
(-4.38313e-06 0.622216 0)
(6.38409e-05 1.70166 0)
(0.000221632 1.78287 0)
(0.000414231 1.78411 0)
(0.000640106 1.78405 0)
(0.000902359 1.78395 0)
(0.0011956 1.78377 0)
(0.00150544 1.78351 0)
(0.00180163 1.78312 0)
(0.00202707 1.78258 0)
(0.00208818 1.78192 0)
(0.00194256 1.78131 0)
(0.00167816 1.78086 0)
(0.00137265 1.78055 0)
(0.00106883 1.78034 0)
(0.000787221 1.78022 0)
(0.000538086 1.78014 0)
(0.000324652 1.78 0)
(0.000143455 1.76756 0)
(1.06871e-05 1.39031 0)
(-3.98003e-06 0.622204 0)
(4.71997e-05 1.70128 0)
(0.000168547 1.78242 0)
(0.000319954 1.78366 0)
(0.000497336 1.78362 0)
(0.00070064 1.78354 0)
(0.000927744 1.7834 0)
(0.00117114 1.78319 0)
(0.00140537 1.78289 0)
(0.00158654 1.78246 0)
(0.00164161 1.78195 0)
(0.00153359 1.78148 0)
(0.00132988 1.78113 0)
(0.00109042 1.78089 0)
(0.000847619 1.78074 0)
(0.000623546 1.78064 0)
(0.000428351 1.78058 0)
(0.000258827 1.78045 0)
(0.00011397 1.76801 0)
(9.78106e-06 1.39055 0)
(-3.09503e-06 0.622195 0)
(3.68053e-05 1.70098 0)
(0.000129667 1.78207 0)
(0.000241457 1.78331 0)
(0.000376155 1.78328 0)
(0.000537148 1.78322 0)
(0.00071635 1.78311 0)
(0.000906604 1.78294 0)
(0.00109251 1.7827 0)
(0.00124094 1.78237 0)
(0.00129298 1.78197 0)
(0.00121647 1.78161 0)
(0.00106187 1.78135 0)
(0.000875644 1.78117 0)
(0.000689504 1.78106 0)
(0.0005133 1.78099 0)
(0.00035049 1.78095 0)
(0.00020856 1.78083 0)
(9.40535e-05 1.76838 0)
(1.06922e-05 1.39077 0)
(-2.65554e-06 0.622197 0)
(2.47116e-05 1.70076 0)
(9.54546e-05 1.7818 0)
(0.000179964 1.78304 0)
(0.000288193 1.78303 0)
(0.000404421 1.78298 0)
(0.000539423 1.78289 0)
(0.000690393 1.78275 0)
(0.000843073 1.78256 0)
(0.000969506 1.78229 0)
(0.00102325 1.78198 0)
(0.00097575 1.78171 0)
(0.000866095 1.78151 0)
(0.000729454 1.78139 0)
(0.000585053 1.78132 0)
(0.000436246 1.78129 0)
(0.000296346 1.78126 0)
(0.000173299 1.78114 0)
(7.72218e-05 1.76871 0)
(6.93706e-06 1.39096 0)
(-2.69897e-06 0.622203 0)
(1.23478e-05 1.70061 0)
(6.13468e-05 1.7816 0)
(0.000123947 1.78284 0)
(0.000217304 1.78283 0)
(0.000300026 1.78279 0)
(0.000401258 1.78271 0)
(0.000521535 1.7826 0)
(0.000649632 1.78243 0)
(0.000765084 1.78222 0)
(0.000827172 1.78198 0)
(0.000805904 1.78177 0)
(0.000729866 1.78163 0)
(0.000635516 1.78155 0)
(0.000522767 1.78152 0)
(0.000393719 1.7815 0)
(0.000264372 1.7815 0)
(0.000167383 1.78138 0)
(8.36964e-05 1.76897 0)
(1.74908e-05 1.39114 0)
(-4.89762e-06 0.622219 0)
(-4.27257e-06 1.70051 0)
(3.14394e-05 1.78147 0)
(7.7484e-05 1.7827 0)
(0.000128395 1.78267 0)
(0.000193805 1.78262 0)
(0.000272615 1.78255 0)
(0.000371114 1.78244 0)
(0.000484556 1.7823 0)
(0.000596235 1.78213 0)
(0.00067375 1.78194 0)
(0.000690202 1.7818 0)
(0.000651334 1.78171 0)
(0.0005857 1.78168 0)
(0.000486827 1.78168 0)
(0.000381215 1.7817 0)
(0.000284005 1.78172 0)
(0.00021722 1.78165 0)
(0.000138351 1.76919 0)
(3.45139e-05 1.39133 0)
(-1.01201e-05 0.622295 0)
(-3.37928e-05 1.7005 0)
(-2.44946e-05 1.78141 0)
(-3.52718e-07 1.78263 0)
(-1.97633e-06 1.78257 0)
(5.31738e-05 1.78249 0)
(0.000139194 1.7824 0)
(0.000241524 1.78229 0)
(0.000352291 1.78216 0)
(0.000467106 1.78202 0)
(0.000560297 1.78188 0)
(0.00060805 1.78178 0)
(0.000616161 1.78174 0)
(0.000602011 1.78175 0)
(0.000547187 1.78178 0)
(0.00047184 1.78184 0)
(0.000365827 1.78189 0)
(0.000234648 1.78184 0)
(0.000109555 1.76953 0)
(4.88036e-05 1.39169 0)
(-4.82766e-05 1.39176 0)
(-6.80558e-05 1.77005 0)
(-2.51391e-06 1.78247 0)
(-2.82113e-05 1.78264 0)
(-4.1103e-05 1.78256 0)
(-1.02372e-05 1.78247 0)
(6.26614e-05 1.78235 0)
(0.00017493 1.78223 0)
(0.000304356 1.7821 0)
(0.000425013 1.78196 0)
(0.000514792 1.78183 0)
(0.000581287 1.78175 0)
(0.000636998 1.78174 0)
(0.000661678 1.78182 0)
(0.000613731 1.78195 0)
(0.000495512 1.78207 0)
(0.000311698 1.78219 0)
(0.000138813 1.78098 0)
(0.00014434 1.70006 0)
(0.000212705 1.39258 0)
(-0.119712 1.7498 0)
(0.00475584 3.07896 2.38635e-21)
(-0.00276363 3.13219 -4.97876e-20)
(-0.032382 3.14263 0)
(-0.0662317 3.16685 1.03302e-19)
(-0.0787506 3.2097 0)
(-0.0497248 3.25973 3.68387e-20)
(0.0108777 3.28324 -5.8475e-20)
(0.0784131 3.22669 -1.83801e-19)
(0.0559741 2.87757 -1.98596e-19)
(-0.0523195 1.42947 2.36447e-19)
(-0.0307424 3.07604 -1.76663e-19)
(-0.0262161 3.1711 1.25584e-19)
(-0.032843 3.18752 1.16032e-19)
(-0.036547 3.20791 4.58833e-20)
(-0.026474 3.22552 1.0339e-21)
(-0.00464605 3.23541 1.1288e-21)
(0.0181082 3.22556 0)
(0.0242738 3.20094 -2.01642e-21)
(0.0219003 2.91137 -1.22352e-19)
(-0.0479552 1.39939 -1.00186e-21)
(-0.0365711 3.09815 2.33604e-21)
(-0.0225197 3.19325 -1.67946e-21)
(-0.0187707 3.20488 0)
(-0.0141188 3.21288 9.94956e-21)
(-0.00610839 3.21707 5.50558e-20)
(0.00225998 3.21609 -8.65577e-20)
(0.0067991 3.21317 -9.50385e-20)
(0.00944695 3.20461 -1.5191e-19)
(0.0205633 2.91117 1.24627e-21)
(-0.0422854 1.41593 -7.8001e-20)
(-0.0302096 3.11271 3.75775e-22)
(-0.0161429 3.20041 -1.19145e-20)
(-0.00798277 3.20654 -2.43439e-20)
(-0.00430981 3.209 -1.77247e-21)
(-0.000561809 3.20954 -5.29357e-20)
(0.00221519 3.21047 5.55436e-20)
(0.0024626 3.21492 0)
(0.00613051 3.21025 8.47738e-20)
(0.0190621 2.90631 0)
(-0.0348837 1.43717 2.21786e-21)
(-0.0231023 3.12129 1.62771e-20)
(-0.0112606 3.20191 3.94563e-20)
(-0.00328619 3.20468 4.83434e-20)
(-0.00052117 3.20548 -5.21266e-20)
(0.00164825 3.20566 -4.15776e-21)
(0.00345314 3.20998 -3.7949e-21)
(0.00226346 3.22084 8.61804e-20)
(0.00447364 3.21409 1.00356e-19)
(0.0168115 2.90023 9.61696e-20)
(-0.0284616 1.4538 -4.75403e-20)
(-0.0177071 3.12633 -5.99163e-20)
(-0.0078377 3.20125 6.49092e-20)
(-0.00119478 3.20254 6.80259e-20)
(0.000918661 3.20248 6.90701e-20)
(0.00226277 3.20235 -1.35629e-20)
(0.00334574 3.20981 -6.67503e-21)
(0.00180253 3.22599 -9.03481e-20)
(0.00340248 3.21774 0)
(0.013003 2.89411 -6.54999e-21)
(-0.0237194 1.46662 0)
(-0.0140068 3.12845 7.78213e-20)
(-0.0053503 3.20036 -1.4015e-19)
(-0.000590918 3.20078 -4.65541e-21)
(0.000481624 3.20009 0)
(0.00063052 3.19974 -1.06974e-19)
(0.00040209 3.20985 1.13212e-19)
(0.000853269 3.22709 -9.17835e-20)
(0.00444309 3.22107 -3.83948e-21)
(0.00857491 2.89018 1.96255e-21)
(-0.0190523 1.47703 8.96645e-20)
(-0.0107513 3.13028 -8.87562e-20)
(-0.00415418 3.2006 -9.84956e-20)
(-0.00138505 3.20063 1.11046e-19)
(-0.00185924 3.19942 0)
(-0.00297947 3.19952 0)
(-0.00428717 3.20875 0)
(-0.00019081 3.22312 -1.25364e-19)
(0.00591133 3.22374 1.36149e-19)
(0.00677317 2.88984 0)
(-0.0141915 1.48453 0)
(-0.00694065 3.13348 -5.26461e-21)
(-0.00423589 3.20297 1.29718e-19)
(-0.00409231 3.2006 0)
(-0.00553757 3.19827 -1.35189e-19)
(-0.00478047 3.19852 -8.66885e-21)
(-0.00363638 3.20502 -1.4003e-19)
(0.00192698 3.21476 4.69883e-21)
(0.00820683 3.22752 1.64916e-19)
(0.0108649 2.89648 -1.56499e-19)
(-0.00923967 1.48661 1.17631e-19)
(-0.00693016 3.14383 1.17713e-19)
(-0.00878666 3.21076 -6.07744e-20)
(-0.0104605 3.20259 -7.30869e-20)
(-0.00984468 3.19665 1.86003e-20)
(-0.00509316 3.19514 1.3214e-19)
(0.000988047 3.1991 7.40603e-20)
(0.00773033 3.20991 5.28012e-21)
(0.0145453 3.23001 0)
(0.0265328 2.91029 -1.73211e-19)
(-0.00909442 1.50423 2.10684e-21)
(-0.0144728 3.16203 -7.2503e-20)
(-0.0188095 3.21634 -1.10617e-20)
(-0.0183831 3.19554 -8.54313e-20)
(-0.0127607 3.18117 7.22586e-20)
(-0.00332615 3.17454 -7.56252e-21)
(0.0087382 3.17648 -9.87444e-20)
(0.0207171 3.19019 6.13024e-21)
(0.0323482 3.21373 9.63788e-20)
(0.0498333 2.93248 0)
(-0.0168711 1.56284 2.41862e-21)
(-0.0419805 3.17164 -7.53646e-20)
(-0.0404014 3.20019 0)
(-0.0294539 3.17 0)
(-0.0149104 3.15381 -1.03855e-19)
(0.000272463 3.14833 -1.15088e-19)
(0.0168786 3.15087 6.40706e-21)
(0.0360211 3.16301 7.06689e-21)
(0.0561715 3.18856 -1.12453e-19)
(0.0796475 2.9759 -3.71246e-21)
(-0.0478682 1.7802 9.11076e-20)
(-0.0751805 3.17238 3.866e-22)
(-0.0558864 3.17066 0)
(-0.0340363 3.14088 -1.05896e-19)
(-0.0162532 3.12468 -9.634e-20)
(0.00183894 3.11706 -1.20645e-22)
(0.0205545 3.11725 6.51782e-20)
(0.0421166 3.12704 8.11538e-21)
(0.0646172 3.14872 1.37096e-19)
(0.0890805 3.02414 0)
(-0.0593236 2.13337 0)
(-0.0809385 3.12693 3.82377e-21)
(-0.0583773 3.1018 -5.95651e-21)
(-0.0403887 3.07799 -6.87156e-20)
(-0.0195792 3.06494 0)
(0.00201953 3.06052 1.76831e-20)
(0.0238424 3.06292 0)
(0.04428 3.07363 -7.85629e-20)
(0.0633685 3.09663 -9.07762e-20)
(0.0915462 3.05367 0)
(-0.0551347 2.5381 3.37977e-20)
(-0.0844275 3.07336 -7.82547e-20)
(-0.0561953 3.04372 9.35173e-21)
(-0.033598 3.02853 0)
(-0.0138182 3.02188 -3.68772e-20)
(0.00285566 3.02014 1.55373e-21)
(0.0198727 3.02102 4.17499e-20)
(0.0389844 3.02608 -4.3909e-20)
(0.0624235 3.0409 -1.14022e-20)
(0.0955063 3.05617 0)
(-0.0334968 2.87855 4.89615e-21)
(-0.035441 2.99904 2.21923e-20)
(-0.0169901 3.00051 9.00321e-21)
(-0.00857649 3.00084 0)
(-0.00332308 3.0004 -1.73452e-20)
(0.000971359 3.00111 1.49017e-22)
(0.00468258 3 -1.83258e-20)
(0.00989299 3 1.92169e-20)
(0.0193608 3.00027 0)
(0.045453 3.00235 0)
(0.655446 0.71159 -3.0158e-20)
(1.26926 1.30101 -1.07586e-20)
(1.26019 1.32795 1.86983e-20)
(1.20606 1.31568 1.02578e-19)
(1.14127 1.30138 2.55633e-20)
(1.06702 1.2848 -6.2413e-20)
(-0.402009 1.62747 0)
(-0.655236 2.09164 3.23347e-19)
(-0.634503 2.6189 -6.1509e-20)
(-0.438979 2.90972 8.46915e-21)
(-0.284179 3.04202 -1.71264e-20)
(-0.181231 3.10924 -5.93361e-21)
(-0.0755075 3.09026 1.49208e-19)
(0.00137097 3.05656 -5.12191e-19)
(0.0972086 3.06681 1.58626e-19)
(0.236355 3.15564 4.14005e-19)
(0.382456 2.9761 8.13542e-19)
)
;

boundaryField
{
    wall-4
    {
        type            noSlip;
    }
    pressure-outlet-7
    {
        type            zeroGradient;
    }
    velocity-inlet-6
    {
        type            fixedValue;
        value           uniform (0 3 0);
    }
    velocity-inlet-5
    {
        type            fixedValue;
        value           uniform (1 0 0);
    }
    frontAndBackPlanes
    {
        type            empty;
    }
}


// ************************************************************************* //
