/*--------------------------------*- C++ -*----------------------------------*\
| =========                 |                                                 |
| \\      /  F ield         | OpenFOAM: The Open Source CFD Toolbox           |
|  \\    /   O peration     | Version:  v2012                                 |
|   \\  /    A nd           | Website:  www.openfoam.com                      |
|    \\/     M anipulation  |                                                 |
\*---------------------------------------------------------------------------*/
FoamFile
{
    version     2.0;
    format      ascii;
    class       surfaceScalarField;
    location    "39";
    object      phi;
}
// * * * * * * * * * * * * * * * * * * * * * * * * * * * * * * * * * * * * * //

dimensions      [0 3 -1 0 0 0 0];
oriented        oriented;


internalField   nonuniform List<scalar> 
17370
(
-0.0910992
0.0935444
0.286566
-0.074953
0.0569524
0.364776
-0.0409351
0.0299507
0.427153
-0.0211946
0.0155926
0.504854
-0.0113401
0.00863815
0.602104
-0.00650419
0.00505318
0.720509
-0.00384069
0.00297782
0.863769
-0.00221933
0.00164996
1.03602
-0.00112408
0.000706127
1.24292
-0.000297117
-9.51869e-05
1.49158
0.000479419
-0.00088548
1.4916
0.00128621
-0.00178978
1.24319
0.00234076
-0.00308401
1.03638
0.00393868
-0.00514616
0.864114
0.00659268
-0.00871957
0.721184
0.0114131
-0.0156553
0.603457
0.0212479
-0.0299941
0.508185
0.0409696
-0.0569782
0.432177
0.074973
-0.093556
0.365359
0.0911112
0.1979
-0.127344
0.0881395
0.0392045
-0.364734
0.353784
-0.0726348
0.0835848
-0.446564
0.454365
-0.0817199
0.0739193
-0.520969
0.529523
-0.0658103
0.0572563
-0.612846
0.621014
-0.0495038
0.0413355
-0.726998
0.733785
-0.0344065
0.0276189
-0.867514
0.872438
-0.0222824
0.0173581
-1.03855
1.04189
-0.0136519
0.0103112
-1.24471
1.24712
-0.00776285
0.00535621
-1.49283
1.49485
-0.00339305
0.0013814
-1.49269
1.4945
0.000435844
-0.00225174
-1.2441
1.24602
0.00422507
-0.00613835
-1.0376
1.04009
0.00848266
-0.0109732
-0.86616
0.869821
0.0142549
-0.017916
-0.724481
0.729782
0.0227984
-0.0280991
-0.608891
0.61578
0.0348455
-0.0417342
-0.514993
0.522704
0.0498571
-0.0575683
-0.439772
0.447838
0.0660744
-0.0741395
-0.375161
0.377001
0.0818898
-0.0837299
-0.256923
0.223431
0.0727353
-0.0392434
-0.0686433
0.0589114
0.00973191
-0.0520901
0.0587928
-0.374534
0.367831
-0.0579099
0.0540856
-0.453823
0.457647
-0.0487278
0.0443884
-0.527735
0.532074
-0.0401636
0.0363808
-0.621094
0.624876
-0.0321597
0.0280965
-0.734869
0.738933
-0.0236392
0.0196624
-0.874041
0.878017
-0.0155414
0.0120361
-1.04339
1.04689
-0.00847853
0.0054219
-1.24865
1.25171
-0.00219459
-0.000802071
-1.49694
1.49994
0.00377848
-0.00694966
-1.49743
1.5006
0.00992724
-0.0133813
-1.2501
1.25356
0.0167867
-0.0207997
-1.04573
1.04975
0.0246871
-0.029058
-0.877328
0.881699
0.0330477
-0.0371888
-0.739325
0.743466
0.0408982
-0.0450455
-0.626358
0.630505
0.0493206
-0.0546168
-0.534949
0.540245
0.0583776
-0.0591806
-0.457932
0.458735
0.0523823
-0.0320217
-0.336415
0.316055
0.00978132
-0.0685162
0.0587349
-0.0531491
0.0490969
0.00405223
-0.0331877
0.0436894
-0.358351
0.347849
-0.0474127
0.0468293
-0.459496
0.46008
-0.0438543
0.0405847
-0.536008
0.539277
-0.0368737
0.0335394
-0.628426
0.63176
-0.0299802
0.0268411
-0.742241
0.74538
-0.0235094
0.0203587
-0.881557
0.884707
-0.0167771
0.0134101
-1.05037
1.05374
-0.00968856
0.00626232
-1.255
1.25843
-0.00244867
-0.00119145
-1.50331
1.50695
0.00480477
-0.00853971
-1.50413
1.50787
0.0118579
-0.0154337
-1.25718
1.26075
0.0186549
-0.022075
-1.05352
1.05694
0.0250902
-0.0282914
-0.88531
0.888511
0.0313225
-0.0347686
-0.746963
0.750409
0.0380002
-0.0416004
-0.634531
0.638131
0.0447747
-0.0476453
-0.544483
0.547353
0.0481224
-0.0442519
-0.456915
0.453044
0.0335763
-0.0162393
-0.296704
0.279367
0.00411113
-0.0529211
0.04881
-0.0459712
0.0434428
0.00252842
-0.0229503
0.0333295
-0.337196
0.326816
-0.0391215
0.0401133
-0.45978
0.458788
-0.0389012
0.036604
-0.541938
0.544235
-0.0339648
0.0314058
-0.634742
0.637301
-0.0284086
0.0255661
-0.748439
0.751282
-0.0223558
0.0193826
-0.887708
0.890681
-0.0160866
0.0129952
-1.0569
1.05999
-0.0094697
0.00608174
-1.26184
1.26522
-0.00217205
-0.00163431
-1.51071
1.51451
0.00540628
-0.00921002
-1.51168
1.51548
0.0124537
-0.015785
-1.26423
1.26756
0.0186824
-0.0217629
-1.06011
1.06319
0.024552
-0.0275816
-0.891658
0.894687
0.030275
-0.0331185
-0.753602
0.756446
0.0355396
-0.0380326
-0.641148
0.643641
0.0402054
-0.0412578
-0.549184
0.550237
0.0401034
-0.0340773
-0.447869
0.441843
0.0234453
-0.0102598
-0.264214
0.251028
0.00260043
-0.045621
0.0430205
-0.0413407
0.0395505
0.00179018
-0.0168878
0.0261803
-0.316933
0.30764
-0.0328067
0.0349536
-0.45719
0.455043
-0.034539
0.0328619
-0.546224
0.547901
-0.030664
0.0285649
-0.639583
0.641682
-0.0261551
0.0237972
-0.753888
0.756246
-0.0209993
0.0182698
-0.89353
0.896259
-0.015106
0.0120972
-1.063
1.06601
-0.00866522
0.00538226
-1.26852
1.27181
-0.00157481
-0.00215066
-1.51828
1.52201
0.00583069
-0.00950446
-1.51923
1.52291
0.0126049
-0.0157915
-1.27083
1.27402
0.0185521
-0.0214353
-1.06622
1.0691
0.0239198
-0.0264756
-0.897491
0.900046
0.0286374
-0.0308502
-0.758904
0.761116
0.032776
-0.0347893
-0.645853
0.647866
0.0362899
-0.0364895
-0.550816
0.551016
0.0340958
-0.0271309
-0.43526
0.428295
0.0175014
-0.00739247
-0.239528
0.229419
0.00187769
-0.040841
0.0389633
-0.0380076
0.0366599
0.00134763
-0.0129145
0.0209148
-0.298997
0.290996
-0.0277055
0.0306529
-0.45246
0.449513
-0.0308808
0.0297771
-0.549312
0.550416
-0.0277976
0.0258957
-0.643704
0.645606
-0.0237198
0.0216176
-0.758462
0.760564
-0.0191539
0.0167189
-0.898795
0.901229
-0.0138282
0.0109998
-1.06889
1.07172
-0.00770233
0.00452031
-1.27501
1.27819
-0.000828041
-0.00276542
-1.52565
1.52924
0.00630163
-0.009825
-1.52651
1.53003
0.0127775
-0.0157655
-1.27715
1.28014
0.0182809
-0.0208176
-1.07184
1.07438
0.022942
-0.0250964
-0.902362
0.904516
0.0269468
-0.0288712
-0.763144
0.765069
0.0305562
-0.032318
-0.649738
0.6515
0.0331696
-0.0326442
-0.550863
0.550338
0.0293475
-0.0220971
-0.421134
0.413883
0.0136667
-0.00569658
-0.220484
0.212514
0.00145381
-0.0373261
0.0358723
-0.035482
0.0344421
0.00103991
-0.0101027
0.0168754
-0.283634
0.276861
-0.0234113
0.0268216
-0.446311
0.4429
-0.0276338
0.0269628
-0.551288
0.551959
-0.0252245
0.0234671
-0.647468
0.649225
-0.0214399
0.0194735
-0.762608
0.764574
-0.017163
0.0148932
-0.903522
0.905791
-0.0122209
0.00959677
-1.07438
1.077
-0.00650476
0.00348047
-1.28126
1.28429
6.11161e-05
-0.00350524
-1.53274
1.53619
0.00688149
-0.0102089
-1.53347
1.5368
0.0129464
-0.0156552
-1.28302
1.28573
0.0178957
-0.0201336
-1.07677
1.07901
0.0220162
-0.023932
-0.906539
0.908455
0.0255749
-0.0272847
-0.76686
0.768569
0.0287756
-0.0302197
-0.653124
0.654568
0.0305758
-0.0293528
-0.54948
0.548257
0.0254652
-0.0183293
-0.40667
0.399534
0.0110198
-0.00456069
-0.205372
0.198913
0.00116858
-0.0345798
0.0334112
-0.0335285
0.0327168
0.000811673
-0.00801416
0.0137113
-0.270655
0.264958
-0.0197679
0.0233859
-0.439375
0.435757
-0.0246895
0.0242775
-0.552529
0.552941
-0.0228225
0.0211873
-0.650967
0.652602
-0.0192703
0.0174045
-0.766497
0.768363
-0.015204
0.0130369
-0.907947
0.910114
-0.0104833
0.00798642
-1.07948
1.08198
-0.00506182
0.002206
-1.28718
1.29003
0.00113782
-0.00439667
-1.53952
1.54278
0.00756988
-0.0106565
-1.54001
1.5431
0.0131626
-0.0156191
-1.28834
1.29079
0.0176451
-0.0196626
-1.08115
1.08317
0.0213494
-0.0230567
-0.910266
0.911974
0.0245162
-0.0260371
-0.770164
0.771685
0.0273411
-0.0284201
-0.655811
0.65689
0.0284197
-0.026556
-0.546725
0.544862
0.02231
-0.0154913
-0.392556
0.385737
0.0091317
-0.00376253
-0.193052
0.187682
0.000967833
-0.0323577
0.0313899
-0.0320037
0.031369
0.000634743
-0.00639808
0.0111717
-0.259751
0.254978
-0.0166367
0.0202604
-0.432136
0.428513
-0.0219
0.0217277
-0.553267
0.553439
-0.0205241
0.0189646
-0.654241
0.655801
-0.0171209
0.0153198
-0.770197
0.771998
-0.0131965
0.0111082
-0.912166
0.914254
-0.00865096
0.00625391
-1.08435
1.08674
-0.00345392
0.000733178
-1.29277
1.29549
0.00242898
-0.00548884
-1.54591
1.54897
0.0084432
-0.0112882
-1.54606
1.54891
0.0135789
-0.0158068
-1.29317
1.2954
0.0176266
-0.0194239
-1.08511
1.08691
0.0209178
-0.0224292
-0.913584
0.915095
0.0237256
-0.0250768
-0.773099
0.77445
0.0262409
-0.0269328
-0.657757
0.658449
0.0265791
-0.0241996
-0.542762
0.540383
0.0197641
-0.0133448
-0.37913
0.372711
0.00775838
-0.00318985
-0.182755
0.178187
0.000824559
-0.030507
0.0296824
-0.0308155
0.0303241
0.000491392
-0.00509205
0.00906482
-0.250633
0.24666
-0.0138896
0.0173686
-0.424975
0.421496
-0.019204
0.0192371
-0.553557
0.553524
-0.0182456
0.0167355
-0.657401
0.658911
-0.0149301
0.0131613
-0.773775
0.775543
-0.0110808
0.00904466
-0.916222
0.918258
-0.00666017
0.00434407
-1.08901
1.09132
-0.00164841
-0.000953158
-1.29808
1.30068
0.00395362
-0.006824
-1.5519
1.55477
0.00956552
-0.0121793
-1.55164
1.55425
0.01426
-0.0162628
-1.29755
1.29956
0.0178818
-0.0194641
-1.08863
1.09021
0.0207687
-0.0220862
-0.916519
0.917837
0.0232222
-0.0244133
-0.775707
0.776898
0.0254066
-0.0257473
-0.658939
0.659279
0.0250361
-0.0222423
-0.537822
0.535029
0.0177317
-0.0117217
-0.366519
0.360509
0.00675229
-0.00277747
-0.173952
0.169977
0.000723008
-0.0289225
0.0281995
-0.0299026
0.0295333
0.000369278
-0.003988
0.00724959
-0.243071
0.239809
-0.0114141
0.0146332
-0.41817
0.414951
-0.0165395
0.0167497
-0.553463
0.553253
-0.0158718
0.014465
-0.660442
0.661849
-0.0126864
0.0109284
-0.777285
0.779044
-0.0088584
0.00683943
-0.920175
0.922194
-0.00448846
0.00222145
-1.09351
1.09578
0.0003905
-0.00289666
-1.30317
1.30567
0.00575794
-0.00845923
-1.55751
1.56021
0.0110029
-0.0133905
-1.55675
1.55914
0.0152578
-0.0170276
-1.30149
1.30325
0.018442
-0.0198113
-1.09173
1.09309
0.0209333
-0.0220638
-0.919087
0.920218
0.0230409
-0.0240602
-0.777989
0.779008
0.024803
-0.0248667
-0.659473
0.659537
0.0237773
-0.0206424
-0.532088
0.528953
0.0161261
-0.0104976
-0.354719
0.34909
0.00601547
-0.00248214
-0.166257
0.162724
0.000652233
-0.0275263
0.0268741
-0.0292265
0.0289675
0.000259067
-0.00300787
0.00561921
-0.236898
0.234287
-0.00911442
0.0119804
-0.411941
0.409075
-0.0138319
0.0141385
-0.553065
0.552759
-0.0133298
0.0119955
-0.663297
0.664631
-0.0102239
0.00845433
-0.780773
0.782543
-0.00637399
0.00435746
-0.924088
0.926105
-0.00202842
-0.000197129
-1.09792
1.10015
0.00275746
-0.00518295
-1.30806
1.31048
0.00792075
-0.010468
-1.56279
1.56534
0.0128237
-0.0149854
-1.5614
1.56357
0.0166372
-0.018165
-1.30495
1.30648
0.0193642
-0.0205107
-1.0944
1.09554
0.0214404
-0.0223711
-0.921283
0.922214
0.0231712
-0.0239794
-0.779915
0.780723
0.024464
-0.0242632
-0.659435
0.659234
0.0228076
-0.0193845
-0.525708
0.522284
0.0148947
-0.00959512
-0.343666
0.338366
0.00548922
-0.00227872
-0.159388
0.156177
0.000606216
-0.0262614
0.0256551
-0.0287665
0.0286132
0.00015329
-0.00208721
0.00407825
-0.23201
0.230019
-0.00688842
0.00932408
-0.406461
0.404026
-0.0110116
0.0113381
-0.552532
0.552205
-0.0105688
0.00927109
-0.666044
0.667342
-0.00748448
0.00568227
-0.784282
0.786084
-0.00356777
0.00152766
-0.927991
0.930031
0.000814701
-0.0030433
-1.10226
1.10449
0.00556861
-0.00793022
-1.31279
1.31515
0.0105478
-0.0129291
-1.56775
1.57013
0.0150763
-0.0169934
-1.56559
1.56751
0.0184121
-0.0196795
-1.30792
1.30919
0.0206431
-0.0215393
-1.09661
1.0975
0.0222537
-0.0229668
-0.923075
0.923788
0.0235825
-0.0242075
-0.781458
0.782083
0.0243883
-0.0239033
-0.658817
0.658332
0.0221047
-0.0184296
-0.518786
0.51511
0.0139739
-0.00894492
-0.333256
0.328227
0.00512466
-0.00214564
-0.153123
0.150144
0.000579022
-0.0250818
0.0245027
-0.0285165
0.0284696
4.6933e-05
-0.00117636
0.00255265
-0.228354
0.226978
-0.00465497
0.00659221
-0.40188
0.399943
-0.00801748
0.0082956
-0.552017
0.551739
-0.00754035
0.00626498
-0.668743
0.670018
-0.00444705
0.00259158
-0.787845
0.789701
-0.00040758
-0.00169428
-0.931938
0.93404
0.00409118
-0.00634702
-1.1066
1.10885
0.00887204
-0.0111956
-1.3174
1.31973
0.0137216
-0.0159597
-1.57238
1.57461
0.0179144
-0.0195845
-1.56929
1.57096
0.0207623
-0.0217613
-1.31038
1.31138
0.0224795
-0.0231112
-1.09831
1.09895
0.0235774
-0.0240262
-0.924421
0.924869
0.024423
-0.024829
-0.782589
0.782995
0.0246924
-0.0238564
-0.657546
0.65671
0.0216888
-0.0177681
-0.511387
0.507466
0.0133335
-0.00851171
-0.323369
0.318547
0.00489765
-0.00207346
-0.147289
0.144464
0.00056893
-0.0239502
0.0233813
-0.0284806
0.0285435
-6.29606e-05
-0.000228177
0.000978192
-0.225929
0.225179
-0.00233824
0.00370207
-0.39834
0.396976
-0.00475013
0.00488409
-0.551677
0.551543
-0.00407559
0.00276607
-0.671438
0.672747
-0.000885558
-0.00105397
-0.791509
0.793449
0.00333691
-0.00551712
-0.936004
0.938184
0.00798575
-0.0102869
-1.11099
1.11329
0.0128323
-0.0151371
-1.32193
1.32424
0.0175843
-0.0196826
-1.57671
1.57881
0.0214275
-0.0228271
-1.57247
1.57387
0.0237264
-0.0244068
-1.31227
1.31295
0.0248307
-0.0251385
-1.09948
1.09979
0.0253231
-0.0254878
-0.925254
0.925419
0.025665
-0.0257798
-0.783146
0.783261
0.025388
-0.0241066
-0.655526
0.654245
0.0215633
-0.0174043
-0.503545
0.499386
0.0129675
-0.00828331
-0.313886
0.309201
0.00479832
-0.00205696
-0.141737
0.138996
0.000573837
-0.0228351
0.0222612
-0.0286719
0.0288694
-0.000197557
0.000744869
-0.000685225
-0.224761
0.224701
0.000126175
0.000593645
-0.395978
0.395258
-0.00116429
0.00106751
-0.551716
0.551812
-0.000141247
-0.00128245
-0.674263
0.675686
0.00327668
-0.00533056
-0.795346
0.797399
0.00774041
-0.0100332
-0.940215
0.942508
0.0126159
-0.0150026
-1.11546
1.11785
0.0176056
-0.0199179
-1.32643
1.32874
0.0223023
-0.0242555
-1.58076
1.58272
0.0257783
-0.0268843
-1.5751
1.5762
0.0274896
-0.0278128
-1.3135
1.31382
0.0279079
-0.0278675
-1.09998
1.09994
0.0277434
-0.0275883
-0.925489
0.925334
0.0274763
-0.0272325
-0.783022
0.782778
0.0265266
-0.0247407
-0.65268
0.650894
0.0218069
-0.0173821
-0.495254
0.49083
0.0128915
-0.00826254
-0.304653
0.300024
0.00482778
-0.00209796
-0.136324
0.133594
0.000595259
-0.0217049
0.0211097
-0.0291333
0.0294721
-0.000338791
0.00186808
-0.00246325
-0.22495
0.225545
0.00279797
-0.00284525
-0.39494
0.394987
0.00288893
-0.00331198
-0.552341
0.552764
0.00439303
-0.00593177
-0.677338
0.678877
0.00806883
-0.0102825
-0.799403
0.801617
0.01289
-0.0153662
-0.944662
0.947138
0.0181388
-0.0206735
-1.12012
1.12265
0.0233915
-0.0257418
-1.33094
1.33329
0.028075
-0.0298734
-1.5845
1.5863
0.0311482
-0.0319164
-1.5771
1.57787
0.032196
-0.0321394
-1.31401
1.31395
0.0318774
-0.0314567
-1.09975
1.09933
0.0309956
-0.0304716
-0.925016
0.924492
0.0300164
-0.0293283
-0.782113
0.781425
0.0281917
-0.0258371
-0.648909
0.646554
0.0224609
-0.017723
-0.486452
0.481714
0.0131155
-0.00844968
-0.295511
0.290846
0.00498161
-0.00219164
-0.13091
0.12812
0.00063069
-0.0205291
0.0198984
-0.0298864
0.0304007
-0.000514369
0.00312945
-0.00452809
-0.22656
0.227958
0.00579423
-0.00667479
-0.395425
0.396305
0.00746522
-0.00833063
-0.553734
0.554599
0.00967865
-0.0114124
-0.680713
0.682447
0.0137773
-0.0162233
-0.803789
0.806235
0.0190984
-0.0218111
-0.949478
0.95219
0.0248186
-0.0275314
-1.12507
1.12778
0.0303921
-0.0328089
-1.33552
1.33794
0.0351185
-0.0367813
-1.58794
1.5896
0.0378022
-0.0381934
-1.5784
1.57879
0.0380849
-0.0375834
-1.31369
1.31319
0.0369059
-0.0360363
-1.09867
1.0978
0.03518
-0.0342332
-0.923724
0.922777
0.0334044
-0.0321775
-0.780244
0.779017
0.0305093
-0.0275406
-0.644064
0.641095
0.0236756
-0.0185492
-0.477043
0.471917
0.0137229
-0.00889176
-0.286263
0.281432
0.00528297
-0.00234438
-0.125349
0.122411
0.000680143
-0.0192807
0.0186005
-0.031003
0.0317452
-0.000742201
0.00465677
-0.00694209
-0.229792
0.232077
0.00925942
-0.0110428
-0.397609
0.399393
0.0126854
-0.0141303
-0.556162
0.557607
0.015901
-0.0179531
-0.684578
0.68663
0.0206677
-0.0234381
-0.808649
0.811419
0.0266613
-0.0296752
-0.954767
0.957781
0.0329848
-0.0359329
-1.13037
1.13332
0.0389833
-0.0414847
-1.34022
1.34272
0.0437549
-0.0452288
-1.59105
1.59253
0.0459274
-0.0458931
-1.5789
1.57887
0.0453307
-0.0443401
-1.31243
1.31144
0.0431892
-0.0417974
-1.09663
1.09524
0.040482
-0.0390542
-0.921504
0.920077
0.037789
-0.0360071
-0.777279
0.775497
0.0337644
-0.030114
-0.638031
0.63438
0.0256681
-0.0200227
-0.46686
0.461215
0.0148338
-0.00966702
-0.27664
0.271473
0.0057753
-0.00257178
-0.119452
0.116249
0.000746453
-0.0179311
0.0171846
-0.0325689
0.0335961
-0.00102719
0.00648809
-0.00980335
-0.234805
0.23812
0.0133262
-0.0161386
-0.40173
0.404542
0.01872
-0.0208295
-0.559905
0.562015
0.0231499
-0.0256427
-0.689189
0.691682
0.0288396
-0.0320471
-0.814164
0.817371
0.0357403
-0.0391627
-0.960674
0.964096
0.0428846
-0.0461531
-1.13617
1.13944
0.0494619
-0.0520821
-1.34508
1.3477
0.0543212
-0.0555901
-1.59377
1.59504
0.0559298
-0.0553932
-1.57851
1.57797
0.0543207
-0.0527267
-1.31007
1.30848
0.051047
-0.0490953
-1.09346
1.0915
0.0472792
-0.0453257
-0.918235
0.916281
0.0435458
-0.0411533
-0.773176
0.770783
0.0382381
-0.033797
-0.630663
0.626222
0.0286519
-0.0223259
-0.455644
0.449318
0.0165873
-0.0108596
-0.266285
0.260557
0.00650259
-0.00289077
-0.112976
0.109364
0.000833977
-0.0164453
0.0156113
-0.0346895
0.0360976
-0.00140814
0.00883617
-0.0134008
-0.241849
0.246414
0.0183215
-0.0222951
-0.408061
0.412034
0.0259402
-0.0288411
-0.565226
0.568127
0.0318729
-0.0349692
-0.694802
0.697898
0.0388385
-0.0426504
-0.820575
0.824386
0.0469893
-0.0509617
-0.967436
0.971409
0.0552116
-0.0588592
-1.14262
1.14626
0.0624356
-0.0651386
-1.35016
1.35286
0.0672642
-0.0682163
-1.596
1.59695
0.0680706
-0.0669042
-1.57703
1.57587
0.0652182
-0.0629444
-1.30644
1.30416
0.0606699
-0.0581005
-1.08904
1.08647
0.0557596
-0.0532366
-0.913813
0.91129
0.0508477
-0.0477777
-0.767863
0.764793
0.044109
-0.0387707
-0.621731
0.616393
0.0327921
-0.0255722
-0.443064
0.435844
0.0190385
-0.0124798
-0.254732
0.248173
0.0074604
-0.00329759
-0.105632
0.10147
0.000942208
-0.0147803
0.0138381
-0.0375453
0.0394991
-0.00195385
0.0120612
-0.018215
-0.25133
0.257484
0.0247963
-0.030111
-0.417015
0.422329
0.0350037
-0.0389138
-0.572488
0.576399
0.0428952
-0.0468348
-0.701779
0.705718
0.0516365
-0.0562423
-0.828214
0.83282
0.0613692
-0.0659637
-0.975311
0.979905
0.070758
-0.0747503
-1.14978
1.15378
0.0785132
-0.081189
-1.35532
1.358
0.0830449
-0.0835159
-1.5975
1.59797
0.0827091
-0.0807427
-1.57419
1.57223
0.0783096
-0.0752335
-1.30136
1.29829
0.072262
-0.068993
-1.08327
1.08
0.0660693
-0.0629662
-0.908119
0.905016
0.0599213
-0.0561235
-0.761163
0.757366
0.0516039
-0.0452065
-0.611007
0.60461
0.0381802
-0.0297637
-0.428677
0.42026
0.0221371
-0.014462
-0.241453
0.233778
0.00859692
-0.00376638
-0.0971562
0.0923257
0.00106366
-0.0128995
0.0118358
-0.0414444
0.0442407
-0.0027963
0.0167766
-0.0250237
-0.263917
0.272164
0.0336381
-0.0405588
-0.429196
0.436116
0.046971
-0.0521215
-0.582212
0.587363
0.0574117
-0.0625585
-0.710616
0.715763
0.0685118
-0.0740227
-0.837423
0.842934
0.0799797
-0.0851702
-0.984401
0.989591
0.0904263
-0.0946423
-1.15756
1.16178
0.0984089
-0.100853
-1.36031
1.36275
0.102177
-0.101904
-1.59789
1.59762
0.100197
-0.097212
-1.56963
1.56665
0.0938602
-0.0898317
-1.29459
1.29056
0.0860578
-0.0819952
-1.07599
1.07193
0.0784412
-0.0747044
-0.901077
0.897341
0.0710232
-0.0663577
-0.752862
0.748196
0.0608176
-0.0530981
-0.598117
0.590397
0.0447245
-0.0347531
-0.411863
0.401892
0.0257198
-0.016663
-0.225924
0.216867
0.00980955
-0.00424553
-0.0873516
0.0817876
0.00118205
-0.0107847
0.00960264
-0.0469407
0.051181
-0.00424028
0.0242178
-0.035363
-0.280727
0.291872
0.0466613
-0.0557404
-0.445628
0.454707
0.0639663
-0.0705634
-0.594968
0.601566
0.0774433
-0.0840069
-0.721824
0.728387
0.0911917
-0.0975637
-0.848393
0.854765
0.104218
-0.109823
-0.994593
1.0002
0.11528
-0.119438
-1.16564
1.16979
0.122859
-0.124731
-1.36465
1.36652
0.125146
-0.123796
-1.59661
1.59526
0.120907
-0.116662
-1.5629
1.55866
0.112225
-0.107076
-1.28581
1.28066
0.102358
-0.0973714
-1.067
1.06202
0.0930874
-0.0886042
-0.892464
0.887981
0.0842104
-0.0784768
-0.742621
0.736887
0.0716753
-0.0622881
-0.582447
0.57306
0.0522272
-0.0403353
-0.391907
0.380015
0.0295908
-0.0189247
-0.2077
0.197034
0.010985
-0.00467492
-0.0761509
0.0698408
0.00127599
-0.00845421
0.00717822
-0.0551031
0.0624004
-0.00729726
0.0375635
-0.0530577
-0.303912
0.319406
0.0681586
-0.0800769
-0.467791
0.479709
0.0902079
-0.0981993
-0.61116
0.619152
0.106643
-0.114418
-0.735553
0.743328
0.122481
-0.129282
-0.86087
0.867671
0.136089
-0.141569
-1.00537
1.01085
0.146617
-0.150133
-1.17331
1.17682
0.152596
-0.153336
-1.36755
1.36829
0.152303
-0.149434
-1.59292
1.59005
0.145011
-0.13924
-1.55351
1.54773
0.13352
-0.127108
-1.27474
1.26833
0.121339
-0.115317
-1.05606
1.05003
0.110182
-0.104776
-0.882016
0.87661
0.0994826
-0.092356
-0.729907
0.72278
0.083964
-0.0725255
-0.563189
0.551751
0.0603806
-0.0462018
-0.368018
0.353839
0.0335337
-0.0211498
-0.186478
0.174094
0.0120751
-0.00503039
-0.0636561
0.0566114
0.00133029
-0.00597009
0.00463981
-0.0692532
0.073234
-0.00398086
0.0284362
-0.0418565
-0.337487
0.350908
0.0552899
-0.0660758
-0.496904
0.50769
0.0757246
-0.0848951
-0.630512
0.639683
0.0953116
-0.104555
-0.750701
0.759944
0.114792
-0.123879
-0.87361
0.882697
0.133473
-0.141878
-1.0154
1.02381
0.150447
-0.157521
-1.17923
1.18631
0.164129
-0.16885
-1.36782
1.37254
0.172145
-0.172984
-1.58589
1.58673
0.171276
-0.167511
-1.54079
1.53702
0.162724
-0.156553
-1.26102
1.25485
0.150668
-0.143665
-1.04299
1.03599
0.137504
-0.130679
-0.869401
0.862575
0.123842
-0.114333
-0.714027
0.704518
0.102338
-0.0863332
-0.539436
0.523431
0.0698831
-0.0512041
-0.33929
0.320611
0.0355312
-0.0212244
-0.16213
0.147823
0.0114414
-0.00446806
-0.0502227
0.0432493
0.00107034
-0.00344931
0.00237896
-0.0804676
0.0783731
0.00209443
0.00666731
-0.0153748
-0.367135
0.375843
0.0255722
-0.033294
-0.52315
0.530872
0.0411029
-0.0490485
-0.651239
0.659185
0.0586309
-0.067403
-0.768891
0.777663
0.0766856
-0.0851398
-0.891289
0.899743
0.0940354
-0.101489
-1.03194
1.0394
0.109254
-0.115288
-1.19317
1.19921
0.120822
-0.12441
-1.37687
1.38046
0.126158
-0.125579
-1.58652
1.58594
0.122423
-0.117157
-1.53212
1.52685
0.110864
-0.103141
-1.24782
1.2401
0.0958692
-0.0877847
-1.02805
1.01997
0.0804195
-0.0722902
-0.85298
0.844851
0.0646928
-0.0559168
-0.69081
0.682034
0.0464591
-0.0350013
-0.505106
0.493648
0.0246598
-0.0151802
-0.301485
0.292005
0.00888048
-0.00435054
-0.134107
0.129578
0.00188089
-0.000559141
-0.0367304
0.0354087
9.38789e-05
-0.00122927
0.00113539
-0.0816372
0.0786839
0.00295329
-0.00230548
-0.00255152
-0.387064
0.391921
0.00938508
-0.0152025
-0.542613
0.54843
0.0213089
-0.0282469
-0.669073
0.676011
0.0366111
-0.0442871
-0.785599
0.793275
0.0526514
-0.0601154
-0.907514
0.914978
0.0677228
-0.0744496
-1.0467
1.05343
0.0812452
-0.0866098
-1.20482
1.21018
0.0910772
-0.0937313
-1.38335
1.38601
0.0948638
-0.0936552
-1.58463
1.58342
0.090029
-0.0844432
-1.52096
1.51537
0.0780419
-0.0704431
-1.23221
1.22461
0.0628635
-0.0545344
-1.01124
1.00291
0.0466801
-0.0377315
-0.835343
0.826395
0.02953
-0.0206761
-0.668964
0.66011
0.0127086
-0.00441366
-0.479918
0.471623
-0.000953277
0.00389631
-0.281409
0.278466
-0.00459675
0.00395963
-0.123752
0.124389
-0.00277474
0.00136714
-0.0335304
0.034938
-0.000412833
-0.000844924
0.00125776
-0.0802632
0.0774669
0.00279631
-0.00578229
0.00356686
-0.400187
0.402402
0.000637373
-0.00517657
-0.557295
0.561834
0.0105463
-0.0164512
-0.683939
0.689844
0.0236961
-0.0303957
-0.800423
0.807123
0.037666
-0.0441564
-0.921973
0.928463
0.0511377
-0.0569175
-1.05975
1.06553
0.0629549
-0.0673024
-1.21517
1.21952
0.0712501
-0.0735854
-1.38852
1.39085
0.0744208
-0.07302
-1.58197
1.58057
0.0698424
-0.0649248
-1.50959
1.50467
0.0591518
-0.0518138
-1.21706
1.20972
0.0446004
-0.0362575
-0.994077
0.985734
0.0278185
-0.0182628
-0.815942
0.806386
0.00917338
-0.000221276
-0.647479
0.638527
-0.00630531
0.0113432
-0.461572
0.456534
-0.0131948
0.0124789
-0.272672
0.273388
-0.0105429
0.0076141
-0.123528
0.126457
-0.00496363
0.00232366
-0.0355238
0.0381638
-0.00069321
-0.00140156
0.00209477
-0.0786861
0.0762405
0.00244561
-0.00678497
0.00613225
-0.408841
0.409494
-0.00305277
-8.5892e-05
-0.569342
0.57248
0.00461735
-0.0100817
-0.696542
0.702007
0.0162544
-0.0222231
-0.813199
0.819167
0.028606
-0.0343117
-0.934553
0.940259
0.0403763
-0.0456052
-1.07121
1.07644
0.0508332
-0.0549751
-1.22379
1.22793
0.0585663
-0.0607519
-1.39296
1.39515
0.0616476
-0.0605249
-1.57927
1.57815
0.0578014
-0.0532608
-1.49942
1.49488
0.0479888
-0.041229
-1.20254
1.19578
0.0342567
-0.0258155
-0.976865
0.968424
0.0174576
-0.00792953
-0.795664
0.786136
-0.000540133
0.00835271
-0.627258
0.619445
-0.013566
0.0168887
-0.448926
0.445603
-0.0174727
0.0154279
-0.270288
0.272333
-0.0124303
0.00886349
-0.127722
0.131289
-0.00569277
0.00262753
-0.0399461
0.0430113
-0.000794341
-0.00251978
0.00331412
-0.0772654
0.075184
0.00208145
-0.00658787
0.00641905
-0.414672
0.414841
-0.00467269
0.00202091
-0.57851
0.581162
0.00222452
-0.00690438
-0.707351
0.712031
0.0122601
-0.0174891
-0.824387
0.829616
0.0232093
-0.0283532
-0.945651
0.950795
0.033966
-0.0386352
-1.08143
1.0861
0.0434699
-0.0473613
-1.23186
1.23575
0.050757
-0.0528943
-1.39721
1.39935
0.0538597
-0.0532883
-1.57712
1.57655
0.0507981
-0.0467048
-1.49007
1.48597
0.0416718
-0.0351365
-1.18886
1.18233
0.0286051
-0.0203778
-0.959734
0.951507
0.0124551
-0.00384109
-0.776197
0.767583
-0.00356739
0.0102053
-0.609987
0.603349
-0.0143064
0.0168741
-0.439757
0.437189
-0.016951
0.0148957
-0.27057
0.272626
-0.0120649
0.00854434
-0.133137
0.136658
-0.00542271
0.00251698
-0.0449461
0.0478519
-0.000763535
-0.00375624
0.00451978
-0.0762067
0.0745898
0.00161689
-0.00565438
0.00580346
-0.418911
0.418762
-0.00444725
0.00248336
-0.586525
0.588489
0.00143787
-0.00566273
-0.716728
0.720953
0.0107408
-0.015262
-0.83446
0.838981
0.0203124
-0.0249084
-0.955928
0.960524
0.0302873
-0.0346142
-1.09083
1.09516
0.0390448
-0.0428731
-1.23953
1.24336
0.0465887
-0.0487479
-1.4016
1.40376
0.0499407
-0.0494338
-1.57567
1.57517
0.0473964
-0.0432489
-1.48168
1.47753
0.038579
-0.0324918
-1.17561
1.16952
0.0262277
-0.0188327
-0.943327
0.935932
0.0116783
-0.00394444
-0.758632
0.750898
-0.00222961
0.00793842
-0.595294
0.589585
-0.0115724
0.0134731
-0.432463
0.430562
-0.0136822
0.0122686
-0.271466
0.272879
-0.00993589
0.00700366
-0.138227
0.14116
-0.0044374
0.00208259
-0.049447
0.0518018
-0.000650732
-0.00487238
0.00552311
-0.0756643
0.0744023
0.00126201
-0.0045265
0.00478594
-0.422204
0.421945
-0.0035968
0.00176677
-0.593418
0.595248
0.00192435
-0.00565074
-0.72512
0.728846
0.0099785
-0.0143146
-0.843439
0.847775
0.0189813
-0.0237217
-0.964945
0.969685
0.0284191
-0.0326209
-1.09962
1.10382
0.0372623
-0.0409464
-1.24713
1.25081
0.0443033
-0.0469517
-1.4059
1.40854
0.0483671
-0.048122
-1.57473
1.57448
0.0461727
-0.0424938
-1.47352
1.46984
0.0380989
-0.0324037
-1.16312
1.15742
0.0267384
-0.0201066
-0.92852
0.921888
0.0138815
-0.00742483
-0.743312
0.736855
0.00191386
0.00291713
-0.582866
0.578035
-0.00599517
0.00794072
-0.426135
0.42419
-0.00848949
0.00767601
-0.271616
0.272429
-0.00626223
0.00438244
-0.141849
0.143729
-0.00279428
0.00133395
-0.052745
0.0542053
-0.000437738
-0.00572792
0.00616565
-0.0756582
0.0746187
0.00103953
-0.00319206
0.00318902
-0.425137
0.42514
-0.00217804
0.000413609
-0.599685
0.601449
0.00298421
-0.00651887
-0.73283
0.736364
0.01061
-0.0145057
-0.851878
0.855774
0.0192666
-0.0232346
-0.97387
0.977838
0.027932
-0.0320024
-1.10821
1.11228
0.0365938
-0.0405287
-1.25453
1.25846
0.0442196
-0.0466745
-1.41099
1.41344
0.0483998
-0.0484746
-1.57414
1.57421
0.0470475
-0.043575
-1.46599
1.46252
0.0395792
-0.0343566
-1.15182
1.1466
0.0292712
-0.0233107
-0.915164
0.909203
0.0179436
-0.0122178
-0.730262
0.724536
0.00740929
-0.00294326
-0.572346
0.56788
-0.000221356
0.00212493
-0.419955
0.418051
-0.00299666
0.00296643
-0.270544
0.270574
-0.00259914
0.00182639
-0.143462
0.144234
-0.00116668
0.000602863
-0.0542959
0.0548597
-0.000216666
-0.00617161
0.00638828
-0.075949
0.0752431
0.000705857
-0.00198159
0.00153922
-0.428224
0.428666
-0.000709967
-0.00128948
-0.605057
0.607057
0.00427525
-0.00762521
-0.739901
0.743251
0.0114864
-0.0154689
-0.85951
0.863492
0.0196029
-0.0237355
-0.982023
0.986156
0.0284224
-0.0323223
-1.1168
1.1207
0.0370451
-0.0409675
-1.26224
1.26616
0.0447304
-0.0476908
-1.41631
1.41927
0.0498443
-0.0501222
-1.5743
1.57458
0.0488536
-0.0460175
-1.45917
1.45633
0.0425494
-0.0377671
-1.14127
1.13648
0.0330895
-0.0279207
-0.90325
0.898081
0.0227893
-0.0178048
-0.7186
0.713616
0.0134507
-0.00918893
-0.562934
0.558673
0.00615739
-0.00369778
-0.413794
0.411334
0.00232382
-0.00145386
-0.268164
0.267295
0.000950276
-0.000529712
-0.142984
0.142563
0.000166908
6.32771e-05
-0.0542323
0.0540021
-8.88265e-05
-0.00619672
0.00628555
-0.0766747
0.0761378
0.000536916
-0.000959315
0.000593159
-0.431592
0.431958
0.000894267
-0.00278167
-0.610553
0.61244
0.00587297
-0.00905364
-0.746373
0.749553
0.0127142
-0.0162727
-0.867133
0.870692
0.0205209
-0.0243521
-0.990306
0.994137
0.0290098
-0.0333629
-1.12507
1.12942
0.0377542
-0.0420112
-1.27015
1.27441
0.0461787
-0.0491978
-1.42213
1.42515
0.051663
-0.0526485
-1.57504
1.57603
0.0517637
-0.0495105
-1.45334
1.45109
0.0462608
-0.0420013
-1.13174
1.12748
0.0378449
-0.0330196
-0.892566
0.887741
0.028449
-0.0237902
-0.708154
0.703495
0.0197125
-0.0155176
-0.553844
0.549649
0.012281
-0.00946915
-0.407209
0.404397
0.00730373
-0.00551516
-0.264155
0.262366
0.00400125
-0.00248075
-0.1404
0.138879
0.001296
-0.000402877
-0.0526406
0.0517475
3.3599e-05
-0.00587813
0.00584453
-0.0776852
0.0773419
0.000343324
0.000112549
-0.000786068
-0.43512
0.435793
0.00220736
-0.00437683
-0.615676
0.617845
0.00736067
-0.0103596
-0.752536
0.755535
0.0140703
-0.0174629
-0.874222
0.877614
0.0215527
-0.0255116
-0.998454
1.00241
0.0300894
-0.0344207
-1.13365
1.13798
0.0390373
-0.0433138
-1.2786
1.28287
0.0476386
-0.0513565
-1.42845
1.43217
0.0542062
-0.0554343
-1.57693
1.57816
0.0551936
-0.0532452
-1.44871
1.44676
0.050559
-0.0468689
-1.12316
1.11947
0.0428515
-0.0383571
-0.882661
0.878167
0.0340775
-0.0295104
-0.698453
0.693886
0.0256311
-0.0213738
-0.545161
0.540904
0.0179655
-0.0145496
-0.400027
0.396611
0.0118128
-0.00910434
-0.258438
0.25573
0.00660063
-0.00416669
-0.135797
0.133363
0.00229996
-0.000852992
-0.0498183
0.0483713
0.000158533
-0.00533445
0.00517592
-0.0789346
0.0787397
0.000194825
0.00111487
-0.00190566
-0.438962
0.439753
0.0033998
-0.00561978
-0.620866
0.623086
0.00845412
-0.0115281
-0.758634
0.761708
0.0150438
-0.0184987
-0.881018
0.884473
0.0224183
-0.0264879
-1.00621
1.01028
0.0309313
-0.0355288
-1.14239
1.14698
0.0400611
-0.0446627
-1.28711
1.29171
0.0493682
-0.0530991
-1.43562
1.43935
0.0564312
-0.0584705
-1.57964
1.58168
0.0585373
-0.0574019
-1.44492
1.44378
0.0551499
-0.0515993
-1.11561
1.11206
0.0479569
-0.0437409
-0.873442
0.869226
0.0396796
-0.0352893
-0.689093
0.684703
0.0312797
-0.0270397
-0.536171
0.531931
0.0231837
-0.0191718
-0.391907
0.387895
0.0156815
-0.0119962
-0.251136
0.247451
0.0087908
-0.00551519
-0.129453
0.126178
0.00309562
-0.00118502
-0.0459582
0.0440476
0.000255591
-0.00461512
0.00435952
-0.0803077
0.0803311
-2.34338e-05
0.00149553
-0.00256434
-0.442957
0.444026
0.00440673
-0.00688152
-0.626131
0.628606
0.00982244
-0.0127289
-0.764656
0.767562
0.0158164
-0.0191062
-0.887966
0.891256
0.0232885
-0.0271813
-1.01438
1.01827
0.03198
-0.0363868
-1.15122
1.15563
0.0414
-0.0458649
-1.29626
1.30073
0.05066
-0.0549044
-1.44321
1.44745
0.0586021
-0.0612111
-1.58346
1.58607
0.0621497
-0.0613598
-1.44256
1.44177
0.0596055
-0.0566394
-1.10845
1.10548
0.0531575
-0.049034
-0.864561
0.860437
0.0450446
-0.0405666
-0.679935
0.675457
0.0364566
-0.0319808
-0.527064
0.522588
0.0278186
-0.0232306
-0.382837
0.378249
0.0190337
-0.0144143
-0.242246
0.237626
0.0105067
-0.00656435
-0.12162
0.117677
0.00365477
-0.00144737
-0.041228
0.0390206
0.000339752
-0.00376237
0.00342261
-0.0818253
0.0819529
-0.000127662
0.00203978
-0.00327263
-0.447184
0.448417
0.00523516
-0.00764319
-0.63123
0.633638
0.0106527
-0.0133782
-0.770609
0.773334
0.0165323
-0.0200105
-0.894654
0.898132
0.0237047
-0.0277496
-1.0223
1.02635
0.0323607
-0.0368296
-1.16016
1.16463
0.042045
-0.0469375
-1.3055
1.31039
0.0519222
-0.0563587
-1.45186
1.4563
0.0607635
-0.0636876
-1.58878
1.5917
0.0654649
-0.0653342
-1.44134
1.44121
0.0639818
-0.0612254
-1.10244
1.09969
0.0581644
-0.0541202
-0.856041
0.851997
0.0501372
-0.0456349
-0.670497
0.665995
0.0412798
-0.0364807
-0.517362
0.512563
0.0319025
-0.026634
-0.37271
0.367442
0.0218178
-0.0164307
-0.231653
0.226266
0.0117511
-0.00724679
-0.112481
0.107976
0.00397511
-0.00154929
-0.0360236
0.0335977
0.000369188
-0.00283844
0.00246925
-0.0834297
0.0835935
-0.000163811
0.00234498
-0.00390144
-0.451396
0.452952
0.00613651
-0.00842595
-0.636352
0.638641
0.0113044
-0.0138556
-0.776371
0.778922
0.0170851
-0.0204806
-0.901246
0.904642
0.024337
-0.0283961
-1.03009
1.03415
0.0325637
-0.0371649
-1.16921
1.17381
0.042515
-0.0475447
-1.31508
1.32011
0.0528828
-0.0575922
-1.46082
1.46553
0.0623679
-0.0659858
-1.59505
1.59867
0.0680837
-0.0689738
-1.44115
1.44204
0.0681197
-0.0659052
-1.09701
1.0948
0.0630045
-0.0590884
-0.847649
0.843733
0.0551173
-0.050269
-0.660859
0.656011
0.0455825
-0.0403221
-0.507022
0.501761
0.0350798
-0.0292734
-0.361216
0.35541
0.0236708
-0.017648
-0.219601
0.213578
0.0124083
-0.00751195
-0.102365
0.0974687
0.00407548
-0.00158253
-0.0305528
0.0280598
0.000369323
-0.00191876
0.00154944
-0.0850184
0.0852372
-0.000218865
0.00261784
-0.00426595
-0.455962
0.45761
0.00642715
-0.00891804
-0.641326
0.643817
0.0113742
-0.0143615
-0.781622
0.78461
0.0173976
-0.0206341
-0.907864
0.9111
0.0244656
-0.0282603
-1.03813
1.04192
0.0329799
-0.0374574
-1.17836
1.18284
0.0426299
-0.047873
-1.32497
1.33022
0.0531055
-0.0583167
-1.47064
1.47585
0.0635519
-0.0677223
-1.60257
1.60674
0.0706193
-0.0720993
-1.44277
1.44425
0.0718572
-0.0702013
-1.09269
1.09104
0.067687
-0.0639988
-0.839642
0.835954
0.0598983
-0.0547788
-0.650746
0.645627
0.0496009
-0.0434125
-0.495723
0.489535
0.0376409
-0.0309091
-0.348506
0.341775
0.0245126
-0.0178629
-0.206216
0.199566
0.0122675
-0.00723661
-0.0916956
0.0866648
0.00383952
-0.00145629
-0.0251464
0.0227632
0.000338229
-0.00106063
0.000722397
-0.086703
0.0868949
-0.000191966
0.00287451
-0.00426002
-0.460686
0.462072
0.00663706
-0.00887457
-0.646351
0.648589
0.0117255
-0.0142321
-0.787379
0.789886
0.0174588
-0.0205254
-0.91443
0.917497
0.0246082
-0.028283
-1.046
1.04968
0.0329407
-0.0370158
-1.1878
1.19187
0.0426155
-0.0476481
-1.33531
1.34034
0.0531758
-0.0586037
-1.48097
1.4864
0.0643056
-0.0690833
-1.61138
1.61616
0.0728389
-0.0749811
-1.44588
1.44802
0.0752323
-0.0741413
-1.08943
1.08834
0.0720684
-0.0685506
-0.831805
0.828287
0.0644477
-0.0590223
-0.63994
0.634514
0.0532939
-0.0462406
-0.482552
0.475499
0.0392834
-0.0312387
-0.333729
0.325685
0.0238776
-0.0164964
-0.191702
0.184321
0.0107401
-0.00597476
-0.0810276
0.0762622
0.00299334
-0.00110164
-0.0201856
0.0182939
0.000263997
-0.000324868
6.08704e-05
-0.0882224
0.0884578
-0.000235402
0.00268924
-0.0046249
-0.464885
0.46682
0.00697716
-0.00934683
-0.65124
0.65361
0.011677
-0.0143465
-0.792585
0.795255
0.0173307
-0.0205443
-0.920789
0.924003
0.0239835
-0.0278702
-1.05343
1.05732
0.0322163
-0.0367393
-1.19659
1.20112
0.0419636
-0.047215
-1.34553
1.35078
0.0529289
-0.0584671
-1.4919
1.49744
0.0645275
-0.0699398
-1.62113
1.62655
0.0743348
-0.0769906
-1.45065
1.45331
0.0782326
-0.0779817
-1.08737
1.08712
0.0760678
-0.0729208
-0.824586
0.821439
0.069118
-0.0634545
-0.628583
0.622919
0.0570326
-0.0488527
-0.467349
0.45917
0.0402584
-0.0302714
-0.316143
0.306156
0.0213149
-0.0125166
-0.175631
0.166832
0.00629299
-0.00178178
-0.0711158
0.0666046
-0.000386991
0.000945865
-0.0166131
0.0160542
-0.000476864
5.67365e-05
0.000420128
-0.0898295
0.0900917
-0.000262225
0.00277539
-0.00465346
-0.469247
0.471125
0.00693558
-0.00917076
-0.655927
0.658162
0.0115979
-0.0139312
-0.798087
0.800421
0.0172428
-0.0199618
-0.927074
0.929793
0.023751
-0.0273787
-1.06105
1.06468
0.0315227
-0.0360524
-1.20557
1.2101
0.0411928
-0.0462224
-1.35584
1.36087
0.0523631
-0.0579037
-1.5032
1.50874
0.0645053
-0.0702897
-1.63217
1.63795
0.0750707
-0.0788338
-1.45675
1.46052
0.0805976
-0.0810071
-1.08683
1.08723
0.0799736
-0.0773118
-0.818313
0.815651
0.0736691
-0.068189
-0.616765
0.611285
0.0613165
-0.051646
-0.449863
0.440193
0.0413592
-0.0286054
-0.294192
0.281438
0.0168012
-0.00458675
-0.155929
0.143714
-0.00468631
0.0123088
-0.0607835
0.0531611
-0.0157831
0.0143528
-0.0161753
0.0176056
-0.00811211
-0.00357807
0.0116902
-0.0912726
0.091562
-0.000289388
0.00294104
-0.00468687
-0.473564
0.47531
0.00717023
-0.00925132
-0.660729
0.66281
0.0117122
-0.0141015
-0.80313
0.805519
0.0170599
-0.0203082
-0.932758
0.936006
0.0240447
-0.0274804
-1.06876
1.0722
0.0320535
-0.0369009
-1.21454
1.21939
0.0422886
-0.0478425
-1.36623
1.37178
0.0546921
-0.061054
-1.51484
1.52121
0.0683128
-0.0755546
-1.64395
1.65119
0.0816088
-0.0866707
-1.46473
1.46979
0.0899367
-0.0916778
-1.0879
1.08964
0.091474
-0.0894705
-0.812978
0.810975
0.0861757
-0.0807465
-0.605026
0.599596
0.0733072
-0.0618682
-0.429893
0.418454
0.0487201
-0.031741
-0.266463
0.249484
0.014959
0.00497944
-0.128195
0.108257
-0.0188131
0.0225895
-0.0401446
0.0363681
-0.00749414
-0.0414308
-0.0175224
0.0664474
0.129678
-0.283334
-0.0360773
0.189733
-0.0926909
0.0929863
-0.00029539
0.00294265
-0.00469693
-0.477869
0.479623
0.00681261
-0.00897054
-0.665196
0.667354
0.0115263
-0.0137896
-0.808345
0.810609
0.0170379
-0.0200539
-0.93914
0.942156
0.023747
-0.0274171
-1.07631
1.07998
0.032009
-0.0368147
-1.22383
1.22863
0.0426291
-0.0481431
-1.37772
1.38323
0.055307
-0.0623198
-1.52791
1.53492
0.0704908
-0.0784152
-1.65846
1.66639
0.0859121
-0.0923597
-1.47574
1.48219
0.0970929
-0.100427
-1.09178
1.09512
0.101374
-0.100228
-0.809337
0.808191
0.0977609
-0.0931545
-0.593456
0.58885
0.0861929
-0.0746047
-0.406734
0.395146
0.0600056
-0.0406104
-0.230518
0.211123
0.0293034
-0.0426099
-0.0940429
0.107349
0.109132
-0.290083
-0.0832147
0.264165
0.54782
-0.82431
-0.267882
0.544373
1.01834
-1.15757
-0.450682
0.589919
-0.0940226
0.0942394
-0.000216852
0.00277933
-0.00457033
-0.481945
0.483736
0.00652382
-0.00895393
-0.669566
0.671996
0.0114293
-0.0134915
-0.813371
0.815434
0.0165529
-0.0195942
-0.945263
0.948304
0.0232641
-0.0270007
-1.08411
1.08784
0.0317254
-0.0366612
-1.23365
1.23859
0.0427883
-0.0485349
-1.38951
1.39525
0.056009
-0.0633516
-1.54222
1.54956
0.0726898
-0.0814892
-1.67477
1.68357
0.0902809
-0.0982593
-1.4896
1.49758
0.104434
-0.109771
-1.09918
1.10452
0.112488
-0.11239
-0.807382
0.807284
0.11075
-0.107006
-0.582905
0.57916
0.101515
-0.0918425
-0.384777
0.375104
0.084385
-0.109612
-0.201497
0.226724
0.214271
-0.480558
-0.210255
0.476543
0.780367
-1.01405
-0.580355
0.814042
1.1372
-1.22403
-0.70161
0.788448
1.26695
-1.29497
-0.653117
0.681134
-0.0950253
0.0949143
0.000111017
0.00247972
-0.00468865
-0.486359
0.488568
0.00638133
-0.00838071
-0.673909
0.675909
0.0113141
-0.0126756
-0.818228
0.81959
0.0164709
-0.0183677
-0.951024
0.952921
0.0233974
-0.0260761
-1.09123
1.09391
0.0316158
-0.0361759
-1.24338
1.24794
0.0426616
-0.0482649
-1.40144
1.40704
0.0568296
-0.0641057
-1.55724
1.56451
0.0747144
-0.084017
-1.69281
1.70211
0.0946955
-0.103827
-1.50613
1.51526
0.112186
-0.118739
-1.11017
1.11673
0.124728
-0.125996
-0.807798
0.809066
0.124018
-0.120978
-0.573476
0.570436
0.120106
-0.138014
-0.370497
0.388406
0.237026
-0.468369
-0.346517
0.57786
0.776197
-1.02119
-0.80992
1.05491
1.13079
-1.19743
-0.934722
1.00136
1.23199
-1.25519
-0.829586
0.852784
1.26925
-1.28324
-0.696669
0.71066
-0.0959699
0.0465082
-0.00400822
0.0534699
0.492113
0.00418389
-0.00469275
-0.491604
0.678639
0.00691501
-0.00782212
-0.677732
0.8244
0.0100897
-0.0128553
-0.821634
0.958319
0.0149471
-0.0184762
-0.954789
1.10086
0.0217369
-0.0261387
-1.09646
1.43118
-0.143554
-0.0356413
-1.25199
1.59346
-0.132308
-0.0483155
-1.41284
1.7534
-0.116442
-0.0651236
-1.57183
1.89214
-0.0936019
-0.0867271
-1.71182
1.70863
-0.0741604
-0.109689
-1.52478
1.30759
-0.0556502
-0.128185
-1.12376
0.988154
-0.0322439
-0.142664
-0.813246
0.563356
0.13955
-0.132169
-0.570737
0.589033
0.182109
-0.273167
-0.497976
1.24852
0.574756
-0.9219
-0.901372
1.25283
1.06918
-1.13899
-1.18302
1.06575
1.1746
-1.199
-1.04135
0.888636
1.21581
-1.23383
-0.87062
0.733619
1.2479
-1.2596
-0.721923
-0.113835
0.11198
0.00185544
-0.486318
0.48938
0.00298576
-0.00604807
-0.679889
0.68203
0.00809958
-0.0102405
-0.831313
0.832706
0.013469
-0.0148614
-0.96919
0.970725
0.0194808
-0.0210154
-1.11464
1.11697
0.0264952
-0.0288265
-1.27206
1.27575
0.0355346
-0.0392266
-1.43823
1.44366
0.0476265
-0.0530599
-1.60499
1.6122
0.0639424
-0.0711546
-1.75456
1.76508
0.0853948
-0.0959239
-1.57102
1.58268
0.112297
-0.123955
-1.16267
1.17313
0.139773
-0.150241
-0.839251
0.850527
0.164114
-0.17539
-0.691606
0.813107
0.220151
-0.341652
-1.16852
1.46265
0.555274
-0.849404
-1.49553
1.59111
0.982173
-1.07775
-1.32414
1.35546
1.11097
-1.14228
-1.10533
1.12733
1.16256
-1.18455
-0.918579
0.937677
1.19947
-1.21857
0.90189
-0.332478
1.4258
-1.24593
-0.749282
-0.109234
0.107713
0.00152112
-0.491993
0.4951
0.00313382
-0.00624094
-0.683984
0.686565
0.00847336
-0.0110543
-0.834347
0.837148
0.0136296
-0.0164307
-0.972903
0.976059
0.0197464
-0.0229026
-1.11993
1.12399
0.0271071
-0.0311595
-1.28024
1.28521
0.0368024
-0.0417699
-1.4493
1.4562
0.0495059
-0.0564051
-1.62032
1.62951
0.0664426
-0.0756355
-1.77617
1.78905
0.0894426
-0.102325
-1.5956
1.61085
0.118472
-0.133724
-1.18496
1.20048
0.149409
-0.164925
-0.872767
0.911135
0.180531
-0.218899
-0.986456
1.20328
0.316771
-0.533593
-1.69651
1.86548
0.785584
-0.954561
-1.65026
1.69549
1.02495
-1.07018
-1.38508
1.4125
1.09873
-1.12615
-1.15224
1.17263
1.14977
-1.17016
-0.956149
0.975497
1.18353
-1.20288
0.907
-0.317809
-0.778747
1.42527
-1.23571
-0.105726
0.10497
0.000755317
-0.497653
0.50051
0.00370098
-0.00655758
-0.68937
0.6919
0.00906222
-0.0115925
-0.83953
0.842696
0.0143598
-0.0175254
-0.979436
0.982852
0.0207536
-0.0241697
-1.1284
1.13302
0.0285616
-0.0331752
-1.29105
1.29689
0.0385696
-0.0444154
-1.46361
1.47176
0.0515743
-0.0597272
-1.63952
1.65026
0.0695424
-0.0802822
-1.80292
1.81804
0.0936978
-0.108819
-1.62759
1.64591
0.124969
-0.143294
-1.21683
1.23512
0.159755
-0.178039
-0.964222
1.04373
0.206306
-0.285814
-1.45933
1.72967
0.455699
-0.726036
-1.9768
2.0567
0.894478
-0.974372
-1.72946
1.7622
1.01632
-1.04906
-1.44094
1.46989
1.07671
-1.10566
-1.19937
1.22775
1.13073
-1.15911
-1.00035
1.02072
1.18171
-1.20207
0.913306
-0.301317
-0.815099
1.42902
-1.22591
-0.103534
0.10347
6.37916e-05
-0.502954
0.505908
0.003982
-0.00693566
-0.694669
0.697612
0.00955428
-0.0124979
-0.845569
0.848752
0.0154145
-0.0185975
-0.986518
0.990262
0.0217924
-0.0255363
-1.13742
1.14233
0.0300421
-0.0349531
-1.30294
1.30901
0.0407403
-0.0468058
-1.47959
1.48806
0.0544955
-0.0629704
-1.66114
1.67234
0.0731138
-0.0843162
-1.83344
1.84943
0.0987335
-0.114727
-1.66435
1.68414
0.132063
-0.151852
-1.25498
1.28017
0.170028
-0.195223
-1.15325
1.29482
0.245132
-0.386696
-1.98521
2.20458
0.609314
-0.828689
-2.11772
2.16647
0.913806
-0.962559
-1.79057
1.81874
0.992135
-1.0203
-1.4985
1.53218
1.05029
-1.08397
-1.25958
1.27892
1.10971
-1.12905
-1.03345
1.04417
1.13917
-1.14989
0.893033
-0.267499
-0.838915
1.39168
-1.1783
-0.1026
0.10298
-0.000380548
-0.508163
0.511202
0.00445354
-0.00749173
-0.700361
0.703503
0.00996749
-0.0131099
-0.851698
0.854921
0.01637
-0.019593
-0.994029
0.997638
0.0233348
-0.0269436
-1.14694
1.1522
0.0316935
-0.0369574
-1.31565
1.32175
0.0430406
-0.0491417
-1.4962
1.50469
0.0573763
-0.0658744
-1.68382
1.69552
0.076502
-0.0881982
-1.86578
1.88224
0.103645
-0.120108
-1.70378
1.72492
0.138883
-0.160015
-1.30846
1.34557
0.181036
-0.218139
-1.46276
1.65739
0.304198
-0.498821
-2.37593
2.50248
0.725815
-0.852358
-2.20666
2.24103
0.903417
-0.937784
-1.84578
1.87454
0.960897
-0.989655
-1.55682
1.57761
1.01593
-1.03672
-1.28692
1.28572
1.05038
-1.04919
-1.0106
0.948323
1.02789
-0.96561
0.7801
-0.161933
-0.813936
1.0901
-0.894328
-0.102644
0.103353
-0.000708446
-0.513586
0.516518
0.00500709
-0.00793863
-0.706147
0.709215
0.0108403
-0.0139086
-0.858068
0.861472
0.017321
-0.0207248
-1.00166
1.00587
0.0241867
-0.028397
-1.15679
1.16184
0.0331113
-0.0381544
-1.32821
1.33456
0.0446032
-0.0509558
-1.51302
1.52169
0.0591317
-0.0677992
-1.70687
1.71883
0.0785146
-0.0904775
-1.89869
1.91553
0.105612
-0.122453
-1.74517
1.76654
0.141256
-0.162626
-1.38738
1.44145
0.187323
-0.241393
-1.86441
2.08747
0.362497
-0.585555
-2.5921
2.66054
0.747323
-0.815768
-2.26931
2.29413
0.848592
-0.873416
-1.9022
1.92458
0.895498
-0.917876
-1.58867
1.5843
0.929096
-0.924729
-1.25411
1.18292
0.897807
-0.826617
-0.79462
0.50785
0.684759
-0.397989
-0.110102
-0.027088
0.13719
-0.103108
0.104025
-0.000916465
-0.519022
0.521942
0.00543669
-0.00835616
-0.712315
0.71546
0.0114697
-0.0146141
-0.864769
0.868121
0.0184356
-0.0217877
-1.01015
1.01422
0.0259753
-0.0300462
-1.1673
1.17253
0.035603
-0.0408304
-1.34156
1.34853
0.0476822
-0.0546546
-1.53113
1.5403
0.0635556
-0.0727246
-1.73146
1.74446
0.0849113
-0.0979094
-1.93381
1.95241
0.114976
-0.133579
-1.7895
1.81464
0.15448
-0.179616
-1.51069
1.59706
0.213646
-0.30002
-2.32847
2.55967
0.464534
-0.695733
-2.7186
2.76688
0.796097
-0.84438
-2.31852
2.34158
0.871987
-0.89504
-1.94119
1.95093
0.912979
-0.922724
-1.56535
1.5165
0.91457
-0.865726
-1.03776
0.78419
0.749057
-0.495488
-0.196372
0.0211237
0.204401
-0.0291537
0.04652
-0.0389149
-0.00760508
-0.103963
0.104995
-0.00103139
-0.524088
0.527683
0.00533658
-0.00893106
-0.718375
0.721892
0.0122442
-0.0157616
-0.871841
0.875697
0.0193041
-0.0231603
-1.01866
1.02325
0.0274765
-0.0320674
-1.17848
1.18444
0.0373029
-0.0432567
-1.35595
1.364
0.0503996
-0.0584474
-1.55048
1.56067
0.0676638
-0.0778607
-1.75842
1.77251
0.0912492
-0.105345
-1.97278
1.99359
0.124115
-0.144924
-1.84143
1.87154
0.168224
-0.198331
-1.70675
1.83361
0.248205
-0.375068
-2.77905
2.96656
0.576693
-0.764196
-2.80973
2.8465
0.827452
-0.86422
-2.36374
2.38287
0.887031
-0.906164
-1.9523
1.93656
0.914623
-0.898889
-1.41876
1.24994
0.835982
-0.667169
-0.442597
0.160158
0.372839
-0.0904008
0.0462706
-0.0637225
0.00701725
0.0104346
0.0318238
-0.0251684
-0.00665539
-0.104741
0.105737
-0.000996012
-0.529624
0.532852
0.00551614
-0.00874448
-0.725084
0.728552
0.0124875
-0.0159549
-0.879601
0.883192
0.0202409
-0.0238317
-1.028
1.03277
0.0286874
-0.033456
-1.19049
1.19678
0.0394215
-0.0457101
-1.37175
1.37993
0.0533501
-0.0615387
-1.57162
1.58238
0.0719201
-0.0826784
-1.78799
1.80325
0.0973383
-0.112601
-2.01565
2.03847
0.133151
-0.155976
-1.90483
1.94304
0.18239
-0.220603
-1.98211
2.14822
0.292738
-0.458853
-3.12485
3.24807
0.676683
-0.799905
-2.87964
2.90825
0.846035
-0.874653
-2.3989
2.4076
0.893223
-0.901927
-1.89429
1.81173
0.883342
-0.800789
-0.984001
0.635603
0.626213
-0.277816
-0.012274
-0.0516578
0.0677437
-0.00381186
0.0667364
-0.0655055
-0.00896696
0.00773603
0.0204627
-0.0172393
-0.00322332
-0.105363
0.106312
-0.00094866
-0.534929
0.538029
0.00548962
-0.00858984
-0.731668
0.735577
0.0123145
-0.0162235
-0.887459
0.891809
0.0203184
-0.0246685
-1.03803
1.04291
0.029622
-0.034505
-1.2034
1.20979
0.0408914
-0.0472849
-1.38869
1.39729
0.056039
-0.0646442
-1.59434
1.60598
0.0755288
-0.0871638
-1.81958
1.83641
0.102504
-0.119334
-2.06275
2.08746
0.141593
-0.166294
-1.98564
2.03555
0.196206
-0.246112
-2.33712
2.5403
0.34731
-0.550491
-3.34765
3.42761
0.739771
-0.819726
-2.93355
2.95596
0.852252
-0.874666
-2.4073
2.38586
0.88191
-0.86047
-1.67376
1.4817
0.787428
-0.595371
-0.300814
0.088218
0.256354
-0.0437578
0.075293
-0.0848641
-0.00218146
0.0117525
0.0625781
-0.0580689
-0.010908
0.00639886
0.0151082
-0.012816
-0.00229227
-0.105596
0.106386
-0.000789311
-0.540202
0.54345
0.00512074
-0.00836877
-0.738704
0.74264
0.0122136
-0.0161498
-0.895899
0.900275
0.0203345
-0.0247099
-1.04862
1.05368
0.0300548
-0.0351095
-1.21709
1.22385
0.0420037
-0.0487655
-1.40653
1.41573
0.0574755
-0.0666747
-1.61885
1.63123
0.0783434
-0.0907313
-1.85421
1.87209
0.107253
-0.125135
-2.11367
2.14065
0.148668
-0.175644
-2.09083
2.1569
0.209794
-0.275858
-2.76415
2.99374
0.404172
-0.633755
-3.49299
3.54637
0.768012
-0.821386
-2.97496
2.98754
0.844526
-0.857099
-2.34664
2.27645
0.843271
-0.773072
-1.19925
0.847459
0.608442
-0.256649
0.0164553
-0.069116
0.0635191
-0.0108584
0.0859672
-0.0892016
-0.0034651
0.00669948
0.0538403
-0.0512451
-0.0056331
0.00303789
0.0111439
-0.0101321
-0.00101179
-0.105352
0.105904
-0.000552501
-0.544946
0.54801
0.00449435
-0.00755814
-0.745896
0.74974
0.0113116
-0.0151559
-0.904533
0.908871
0.0196234
-0.023961
-1.05932
1.06483
0.0296102
-0.0351197
-1.23116
1.23836
0.0416888
-0.0488896
-1.42543
1.43506
0.057699
-0.0673315
-1.6445
1.65786
0.0796471
-0.0930081
-1.89072
1.90933
0.110423
-0.129037
-2.16881
2.19729
0.154238
-0.182713
-2.22894
2.31534
0.223299
-0.309697
-3.2283
3.44824
0.462933
-0.682869
-3.58905
3.62442
0.769897
-0.805265
-2.99504
2.99081
0.82227
-0.818039
-2.17478
2.01799
0.770407
-0.613612
-0.484409
0.209987
0.325478
-0.0510567
0.0920646
-0.107085
-0.00161607
0.0166368
0.0910148
-0.0893779
-0.0177802
0.0161433
0.0489365
-0.0432665
-0.0115194
0.0058494
0.00940777
-0.00747597
-0.0019318
-0.104346
0.10465
-0.000303456
-0.549094
0.551936
0.00299845
-0.00584008
-0.752518
0.756587
0.00961773
-0.0136867
-0.913346
0.917573
0.0183704
-0.0225977
-1.07056
1.076
0.0278708
-0.0333031
-1.24579
1.25294
0.0403633
-0.0475095
-1.44536
1.45497
0.0569586
-0.0665646
-1.67171
1.68516
0.0797248
-0.0931742
-1.92911
1.94876
0.11097
-0.130621
-2.22765
2.258
0.15681
-0.187166
-2.40872
2.51506
0.234912
-0.341245
-3.65735
3.83874
0.514215
-0.695613
-3.65229
3.67836
0.751089
-0.777155
-2.97622
2.9405
0.782278
-0.74656
-1.83339
1.59306
0.643476
-0.403147
-0.0511828
-0.0389874
0.0892113
0.000958878
0.124619
-0.132621
-0.0176139
0.0256159
0.0882889
-0.085828
-0.028499
0.0260381
0.0362907
-0.0270769
-0.0192809
0.0100671
0.00514295
-0.00189638
-0.00324658
-0.102474
0.102301
0.000172468
-0.552295
0.554622
0.00127752
-0.00360507
-0.759038
0.762919
0.00683863
-0.0107192
-0.921907
0.926221
0.0152985
-0.0196127
-1.08194
1.08749
0.0246676
-0.0302119
-1.26086
1.26816
0.0370713
-0.0443672
-1.46515
1.47507
0.053676
-0.0635999
-1.6995
1.71332
0.0766382
-0.0904557
-1.96913
1.98882
0.108668
-0.128358
-2.28981
2.32259
0.155361
-0.188137
-2.62458
2.74616
0.242291
-0.363876
-3.9954
4.12192
0.548711
-0.675227
-3.69838
3.71668
0.712999
-0.731298
-2.89449
2.82663
0.721731
-0.653873
-1.30488
0.988941
0.496146
-0.180207
0.0854016
-0.117685
0.0620862
-0.029803
0.138581
-0.151738
0.00964162
0.00351477
0.0854583
-0.0878571
-0.011132
0.0135308
0.0195934
-0.0143204
-0.0111691
0.00589615
-0.000496886
0.00215248
-0.00165559
-0.0994147
0.0988184
0.000596278
-0.553891
0.55534
-0.00102927
-0.000419288
-0.764975
0.768676
0.00268091
-0.00638182
-0.930548
0.934607
0.0107535
-0.0148121
-1.09325
1.09845
0.0198549
-0.0250514
-1.27533
1.28263
0.0315674
-0.0388706
-1.48536
1.49502
0.0478482
-0.057508
-1.72746
1.74093
0.070537
-0.0840034
-2.00908
2.02914
0.10188
-0.121933
-2.35607
2.3901
0.148936
-0.182966
-2.86645
2.99645
0.243843
-0.373848
-4.22714
4.31245
0.54549
-0.630796
-3.73154
3.74409
0.657938
-0.670486
-2.74526
2.63082
0.641424
-0.526984
-0.672707
0.390043
0.310616
-0.0279517
0.140973
-0.167636
-0.0181147
0.0447771
0.160625
-0.165017
-0.0549652
0.0593572
0.088648
-0.0790225
-0.0565354
0.0469098
0.00742905
0.0076842
-0.0347306
0.0196173
-0.00519525
0.0125667
-0.00737145
-0.0950228
0.0937799
0.0012429
-0.553272
0.553535
-0.00432176
0.0040591
-0.770188
0.77244
-0.0025662
0.00031499
-0.938401
0.942169
0.0038964
-0.00766483
-1.10395
1.10833
0.0122753
-0.0166646
-1.28973
1.29623
0.0229526
-0.0294523
-1.50464
1.51438
0.0379072
-0.0476488
-1.75469
1.76783
0.0594939
-0.0726346
-2.04902
2.06784
0.089982
-0.108808
-2.42423
2.45924
0.134788
-0.169799
-3.12068
3.24879
0.234097
-0.362207
-4.38094
4.43782
0.502019
-0.558898
-3.75336
3.7608
0.583217
-0.590656
-2.51672
2.38463
0.554321
-0.422229
-0.189485
0.0519213
0.17627
-0.0387065
0.211201
-0.266143
-0.0341788
0.0891216
0.174338
-0.191228
-0.121591
0.138481
0.0609979
-0.037232
-0.130702
0.106936
-0.0337625
0.0682612
-0.0789991
0.0445004
-0.0258709
0.0425775
-0.0167066
-0.0888316
0.0870759
0.00175562
-0.548996
0.548011
-0.00848003
0.00946504
-0.773499
0.774626
-0.00970284
0.0085753
-0.944912
0.947947
-0.00589655
0.00286068
-1.11331
1.11743
0.00103614
-0.00515542
-1.30282
1.3089
0.0100306
-0.0161144
-1.523
1.53161
0.023743
-0.0323514
-1.78076
1.79259
0.0432416
-0.0550776
-2.08596
2.10355
0.0707892
-0.0883727
-2.49251
2.52565
0.112451
-0.145589
-3.36282
3.4747
0.20599
-0.317865
-4.48363
4.52236
0.421008
-0.459737
-3.76653
3.7756
0.479374
-0.488445
-2.27958
2.17186
0.457781
-0.350061
0.0510708
-0.143327
0.183585
-0.091329
0.329462
-0.402349
0.00354811
0.0693395
0.213899
-0.228951
-0.117672
0.132724
0.00883286
0.0150431
-0.121975
0.0980992
-0.107404
0.142275
-0.0685683
0.0336974
-0.0583432
0.067694
-0.00935077
-0.0806258
0.0782329
0.002393
-0.54075
0.537281
-0.0133313
0.0168008
-0.773784
0.773178
-0.0195514
0.020158
-0.949538
0.951572
-0.0193407
0.0173068
-1.12133
1.12422
-0.0143554
0.0114625
-1.31468
1.31893
-0.00721624
0.00296211
-1.53937
1.54651
0.00354423
-0.0106894
-1.8039
1.81425
0.019814
-0.0301686
-2.11978
2.13425
0.0439877
-0.0584515
-2.55479
2.58223
0.0787949
-0.106243
-3.56479
3.6467
0.155818
-0.237732
-4.54942
4.57152
0.298494
-0.320595
-3.77699
3.76573
0.326778
-0.315519
-2.10898
2.03071
0.277839
-0.199571
0.225077
-0.271977
0.187156
-0.140256
0.478163
-0.543855
0.0687512
-0.00305948
0.244417
-0.241512
-0.034023
0.0311182
-0.0439918
0.0738074
-0.00698849
-0.0228271
-0.164096
0.160671
0.0401996
-0.0367741
-0.0612062
0.0417996
0.0194066
-0.0701625
0.0671515
0.00301094
-0.526524
0.519384
-0.0200445
0.0271849
-0.770267
0.767358
-0.0329926
0.0359016
-0.952222
0.952426
-0.037521
0.0373164
-1.12692
1.12878
-0.036271
0.0344132
-1.32331
1.32665
-0.0317118
0.0283721
-1.55256
1.55802
-0.0242345
0.0187744
-1.82327
1.83104
-0.0114536
0.00368448
-2.14752
2.159
0.00621726
-0.0177023
-2.60232
2.62032
0.0332136
-0.0512184
-3.69805
3.73906
0.0794694
-0.12048
-4.57582
4.57104
0.139621
-0.134836
-3.73719
3.66756
0.103454
-0.0338206
-1.98876
1.90133
-0.0585097
0.145945
0.305549
-0.361586
-0.202161
0.258197
0.546639
-0.505669
-0.259265
0.218295
0.217854
-0.148383
-0.155057
0.0855857
-0.094589
0.13016
-0.0423305
0.00675937
-0.149111
0.149275
0.00620415
-0.00636813
-0.0275467
0.0268065
0.000740121
-0.0571135
0.0528214
0.00429205
-0.503571
0.49144
-0.0297503
0.0418809
-0.761464
0.75537
-0.0513576
0.0574521
-0.951767
0.949679
-0.061826
0.0639149
-1.13012
1.13022
-0.0646811
0.064582
-1.3288
1.33017
-0.0639016
0.0625339
-1.56174
1.5648
-0.0603806
0.0573164
-1.83715
1.84178
-0.0532482
0.0486164
-2.16766
2.17474
-0.0422051
0.0351272
-2.63126
2.64146
-0.0256119
0.0154161
-3.7397
3.73347
-0.00955223
0.0157803
-4.54498
4.52984
-0.0247336
0.0398667
-3.60742
3.5747
-0.0635643
0.096283
-1.85045
1.79452
-0.14263
0.19856
0.392047
-0.307742
-0.323272
0.238966
0.439014
-0.369462
-0.136897
0.0673449
0.0602811
-0.0519907
-0.0547356
0.0464452
-0.16741
0.175804
-0.0257644
0.0173706
-0.156307
0.159667
-0.0150515
0.0116919
-0.0339811
0.039206
-0.00522487
-0.0424863
0.0369936
0.00549269
-0.468292
0.449447
-0.0417266
0.0605715
-0.74454
0.734465
-0.076718
0.0867929
-0.94716
0.942326
-0.0938994
0.0987336
-1.1303
1.12838
-0.102303
0.104218
-1.33049
1.32985
-0.105559
0.106198
-1.56603
1.56626
-0.106431
0.106199
-1.84425
1.84518
-0.10553
0.104596
-2.17879
2.18031
-0.103196
0.101675
-2.64229
2.64376
-0.0994486
0.0979725
-3.68882
3.64645
-0.111513
0.153884
-4.51039
4.52103
-0.175548
0.164908
-3.60237
3.67961
-0.12866
0.0514239
-1.79465
1.89726
0.06386
-0.16647
-0.00488664
0.339324
0.468715
-0.803152
0.348373
-0.277653
0.97446
-1.04518
0.226967
-0.416406
1.00484
-0.815398
-0.103702
-0.188589
0.533068
-0.240777
-0.165316
0.0798967
0.052709
0.0327107
-0.059515
0.0913298
-0.0318148
-0.0272191
0.0215651
0.005654
-0.41769
0.389505
-0.0539047
0.0820895
-0.715894
0.699005
-0.107474
0.124363
-0.935807
0.928391
-0.136577
0.143993
-1.12587
1.12154
-0.150529
0.154858
-1.3277
1.32483
-0.158061
0.160936
-1.56424
1.56156
-0.164201
0.166876
-1.84356
1.84065
-0.170422
0.173326
-2.1779
2.17294
-0.177512
0.182467
-2.63732
2.62869
-0.188858
0.197487
-3.55585
3.46066
-0.228542
0.323734
-4.53084
4.53051
-0.389397
0.389722
-3.82611
3.92535
-0.335538
0.236303
-2.13924
2.30649
-0.104993
-0.06226
-0.696588
0.966367
0.326375
-0.596154
0.152807
0.0565551
0.859352
-1.06871
0.505387
-0.475639
1.15755
-1.1873
0.526066
-0.697203
1.13606
-0.96492
0.234957
-0.564705
0.730314
-0.400567
-0.0785032
-0.049027
0.12753
-0.0132232
0.00847539
0.00474783
-0.344167
0.302312
-0.0595881
0.101443
-0.670461
0.642897
-0.141486
0.169051
-0.916483
0.904356
-0.189485
0.201612
-1.11562
1.1087
-0.210965
0.217883
-1.3201
1.31525
-0.223417
0.228268
-1.55634
1.55033
-0.233817
0.239822
-1.83402
1.82577
-0.247521
0.255769
-2.16347
2.1513
-0.266474
0.278642
-2.60666
2.5798
-0.297202
0.324057
-3.30498
3.13548
-0.383341
0.552838
-4.46766
4.30452
-0.78308
0.946221
-3.92394
3.86806
-1.02503
1.08091
-2.58667
2.8355
-1.05719
0.808356
-1.19662
1.33572
-0.544897
0.405793
-0.219896
0.357849
-0.302942
0.16499
0.385233
-0.265996
-0.0296904
-0.0895467
0.672996
-0.604845
0.181135
-0.249286
0.725439
-0.76243
0.273193
-0.236201
0.259732
-0.398456
0.138724
-0.00248016
-0.000992424
0.00347258
-0.244858
0.193038
-0.0532012
0.105022
-0.597952
0.551098
-0.167461
0.214314
-0.883795
0.863294
-0.249522
0.270022
-1.09966
1.0905
-0.28429
0.293451
-1.30927
1.30282
-0.301754
0.308201
-1.54182
1.53332
-0.316381
0.324876
-1.81434
1.80156
-0.336562
0.349346
-2.13339
2.11188
-0.367143
0.388652
-2.53848
2.48881
-0.421723
0.471396
-2.91063
2.71831
-0.558047
0.75036
-4.02953
3.67208
-1.16269
1.52014
-3.72521
3.54167
-1.74612
1.92966
-2.87006
2.78484
-2.07342
2.15864
-1.57895
1.74795
-2.11437
1.94537
-0.570206
0.80922
-1.73904
1.50003
0.0523304
0.156323
-1.29943
1.09077
0.490271
-0.255336
-0.878805
0.64387
0.662152
-0.45154
-0.440053
0.229441
0.441804
-0.366714
-0.0750903
-0.00664639
0.00465995
0.00198644
-0.132215
0.0867518
-0.0359947
0.0814574
-0.478726
0.404233
-0.158991
0.233483
-0.828314
0.787834
-0.298224
0.338704
-1.0768
1.06262
-0.365208
0.37938
-1.29411
1.28428
-0.391241
0.401073
-1.52262
1.51226
-0.409947
0.420307
-1.78517
1.76942
-0.434031
0.449789
-2.0854
2.05962
-0.471942
0.497714
-2.43109
2.37825
-0.535907
0.588746
-2.53207
2.39074
-0.668299
0.809636
-3.14643
2.63476
-1.07558
1.58725
-3.3336
3.13346
-1.93892
2.13906
-2.70327
2.6082
-2.25953
2.3546
-1.88627
1.9902
-2.36538
2.26145
-1.06403
1.29702
-2.09764
1.86465
-0.439911
0.720133
-1.62128
1.34106
-0.0475327
0.315617
-1.08409
0.816009
0.18663
0.0487221
-0.586417
0.351065
0.206141
-0.0570721
-0.149069
0.0109269
-0.0159534
-0.000850316
0.00587683
-0.0448535
0.0170894
-0.0197651
0.0475292
-0.311598
0.230319
-0.106919
0.188199
-0.732153
0.668659
-0.278874
0.342369
-1.04812
1.02865
-0.384798
0.404273
-1.28143
1.27749
-0.413039
0.416981
-1.51225
1.51239
-0.418554
0.418411
-1.76616
1.76315
-0.420006
0.423018
-2.05044
2.04227
-0.428849
0.43702
-2.35595
2.33931
-0.448781
0.465423
-2.32792
2.28562
-0.494497
0.536798
-2.35143
2.16667
-0.612379
0.797137
-2.97109
2.79101
-1.05137
1.23144
-2.58484
2.57312
-1.29611
1.30783
-2.05961
2.10142
-1.29549
1.25369
-1.44156
1.56391
-1.17205
1.04969
-0.887558
1.03855
-0.921688
0.770701
-0.481508
0.637736
-0.628207
0.471978
-0.208352
0.350233
-0.334053
0.192172
-0.0342504
0.11264
-0.0783892
0.019661
-0.0228063
-0.000763399
0.00390863
0.00210451
-0.0161375
-0.0119801
0.026013
-0.165604
0.117807
-0.0550142
0.102812
-0.601265
0.534675
-0.178756
0.245345
-1.00427
0.97587
-0.298008
0.32641
-1.27305
1.2677
-0.341239
0.346593
-1.51236
1.51189
-0.350125
0.350594
-1.76025
1.75731
-0.352267
0.355207
-2.03524
2.02911
-0.359908
0.366031
-2.32664
2.31638
-0.374815
0.385075
-2.25493
2.23246
-0.401994
0.424457
-2.05669
1.9888
-0.453245
0.521139
-2.60791
2.43416
-0.666125
0.839875
-2.56714
2.5544
-0.917737
0.930478
-2.13593
2.17519
-0.90913
0.869871
-1.66702
1.74967
-0.819804
0.737156
-1.16991
1.28006
-0.643344
0.53319
-0.771363
0.881401
-0.431192
0.321154
-0.470278
0.570335
-0.224576
0.124519
-0.175881
0.222158
-0.0462777
0.0254275
-0.0279072
-0.000292726
0.00277248
0.02741
-0.0374991
-0.00945411
0.0195432
-0.0833724
0.0580525
-0.0369508
0.0622707
-0.472883
0.419879
-0.109905
0.16291
-0.945601
0.915083
-0.212723
0.243241
-1.26111
1.25374
-0.261043
0.268412
-1.51017
1.50724
-0.273208
0.276133
-1.75414
1.75036
-0.278481
0.282262
-2.02338
2.01759
-0.28758
0.293373
-2.30768
2.30056
-0.300779
0.307895
-2.21712
2.20671
-0.317532
0.327947
-1.94356
1.91603
-0.340488
0.368017
-2.28745
2.17394
-0.421529
0.535033
-2.5366
2.51911
-0.593258
0.610747
-2.21398
2.24647
-0.597895
0.565404
-1.81628
1.8708
-0.524284
0.469761
-1.3701
1.44492
-0.406386
0.331567
-0.971739
1.04555
-0.262688
0.188878
-0.651895
0.716555
-0.12455
0.05989
-0.252007
0.267866
-0.0158584
0.0315597
-0.0385624
-0.00187524
0.00887787
0.0480783
-0.0612464
-0.0216536
0.0348217
-0.0400834
0.0287569
-0.0487614
0.0600879
-0.378059
0.3499
-0.078784
0.106943
-0.887582
0.865354
-0.139098
0.161325
-1.24543
1.23728
-0.17641
0.18456
-1.50315
1.49773
-0.190894
0.196315
-1.74574
1.73993
-0.201387
0.2072
-2.01148
2.00482
-0.214483
0.221134
-2.29477
2.2901
-0.228172
0.232843
-2.19917
2.19455
-0.238162
0.242788
-1.90111
1.89353
-0.246559
0.254135
-2.09112
2.03187
-0.272256
0.331505
-2.5058
2.49738
-0.368227
0.376648
-2.27351
2.29732
-0.365516
0.341701
-1.91632
1.95327
-0.31318
0.276234
-1.5064
1.55555
-0.236889
0.187739
-1.10479
1.1523
-0.143076
0.0955733
-0.767207
0.805371
-0.0547293
0.0165653
-0.272722
0.270521
0.00220066
0.0500368
-0.0656665
-0.0071408
0.0227705
0.0768689
-0.0918538
-0.0426549
0.0576398
-0.024418
0.0260518
-0.0635549
0.0619211
-0.336496
0.336814
-0.0559866
0.0556685
-0.848712
0.838519
-0.064089
0.0742814
-1.22914
1.22003
-0.0851429
0.094247
-1.49091
1.48209
-0.103539
0.11235
-1.73259
1.72333
-0.122196
0.131449
-1.99733
1.98873
-0.141731
0.15033
-2.28591
2.28164
-0.158467
0.162746
-2.19216
2.19135
-0.165476
0.166285
-1.89047
1.89051
-0.165256
0.16522
-1.99053
1.96416
-0.170403
0.19678
-2.49272
2.48918
-0.220595
0.224132
-2.31891
2.33863
-0.213419
0.193701
-1.98311
2.00816
-0.172334
0.147284
-1.59471
1.62527
-0.122547
0.0919858
-1.18957
1.21856
-0.0643425
0.0353537
-0.832695
0.852348
-0.0110265
-0.00862598
-0.264284
0.253756
0.0105275
0.0835101
-0.0986973
-0.0112105
0.0263977
0.102193
-0.104671
-0.0385211
0.0409991
-0.0341656
0.0493069
-0.03248
0.0173386
-0.347848
0.365988
0.00460191
-0.0227414
-0.833547
0.831832
0.0315372
-0.0298225
-1.20971
1.19575
0.0190473
-0.00509522
-1.4703
1.45522
-0.0113202
0.0263995
-1.71173
1.69714
-0.0435106
0.0580945
-1.97852
1.96646
-0.0730646
0.0851247
-2.27638
2.27021
-0.0961722
0.102346
-2.19083
2.19072
-0.104773
0.104883
-1.89261
1.89576
-0.103823
0.10068
-1.94951
1.94204
-0.0990571
0.106523
-2.48616
2.48421
-0.118417
0.120363
-2.35541
2.36877
-0.113547
0.100195
-2.02924
2.04643
-0.0855396
0.0683532
-1.64928
1.66826
-0.0524792
0.0334939
-1.24126
1.25856
-0.0162542
-0.00104079
-0.863964
0.870113
0.013807
-0.0199563
-0.241308
0.22885
0.0124574
0.107191
-0.10672
-0.00449666
0.00402514
0.0965932
-0.0793495
0.00548629
-0.02273
-0.0702271
0.096151
0.0481016
-0.0740255
-0.388794
0.412781
0.104105
-0.128091
-0.830995
0.829317
0.141814
-0.140136
-1.17707
1.15443
0.123097
-0.100449
-1.43577
1.41228
0.0745485
-0.0510575
-1.67919
1.65891
0.0261785
-0.00590087
-1.95242
1.93671
-0.0138383
0.0295463
-2.26295
2.25475
-0.0433949
0.051595
-2.19075
2.19138
-0.0547637
0.0541319
-1.89965
1.90345
-0.0530772
0.0492798
-1.93838
1.93661
-0.0461251
0.047899
-2.48351
2.48361
-0.0537587
0.0536541
-2.37914
2.38742
-0.0487124
0.0404348
-2.06037
2.07086
-0.0316445
0.0211583
-1.68282
1.69375
-0.0113436
0.000419666
-1.27189
1.28206
0.00979936
-0.0199636
-0.871551
0.869539
0.0260495
-0.0240372
-0.216602
0.205141
0.0114605
0.0971219
-0.0798707
0.00643809
-0.0236892
0.0545301
-0.0241889
0.0516622
-0.0820035
-0.126143
0.158561
0.116888
-0.149305
-0.436204
0.458824
0.182188
-0.204808
-0.82543
0.817587
0.214809
-0.206966
-1.12993
1.10492
0.185287
-0.160279
-1.38652
1.36003
0.131302
-0.104809
-1.63632
1.61299
0.0768069
-0.0534808
-1.92006
1.90255
0.0308513
-0.0133366
-2.24553
2.23589
-0.0023851
0.0120223
-2.19164
2.19091
-0.0170545
0.0177909
-1.90719
1.9104
-0.0167015
0.0134907
-1.93667
1.93875
-0.0084193
0.00633842
-2.4835
2.48303
-0.0121295
0.0126037
-2.39438
2.39982
-0.0095599
0.00411283
-2.07882
2.08572
0.00182657
-0.00872868
-1.70235
1.70822
0.0147608
-0.0206337
-1.28955
1.29472
0.0261272
-0.0312988
-0.864523
0.856781
0.032568
-0.0248265
-0.194385
0.184303
0.0100816
0.0578624
-0.0338878
0.0126028
-0.0365774
-0.00868071
0.0422653
0.0706442
-0.104229
-0.191592
0.223417
0.141452
-0.173277
-0.479266
0.496731
0.202478
-0.219943
-0.808742
0.800309
0.22459
-0.216156
-1.0809
1.05946
0.197629
-0.176193
-1.33409
1.31018
0.150723
-0.126811
-1.59004
1.56839
0.101014
-0.0793662
-1.88487
1.86792
0.0578786
-0.0409265
-2.22532
2.21467
0.0254781
-0.0148361
-2.18816
2.1855
0.00898546
-0.00632053
-1.91236
1.91634
0.00762945
-0.0116026
-1.94136
1.945
0.0162082
-0.0198454
-2.48247
2.48124
0.0161678
-0.0149376
-2.40405
2.40751
0.016376
-0.0198265
-2.09098
2.0948
0.0233634
-0.027181
-1.71298
1.71643
0.0305153
-0.0339689
-1.29826
1.30028
0.0370328
-0.0390583
-0.846692
0.834881
0.036458
-0.0246471
-0.174725
0.16585
0.00887434
0.0101728
0.0115001
0.0115001
-0.033173
-0.0746345
0.104085
0.0633321
-0.0927821
-0.252861
0.279019
0.124417
-0.150574
-0.511963
0.525187
0.173643
-0.186867
-0.792923
0.78774
0.191104
-0.18592
-1.04127
1.02668
0.173763
-0.159175
-1.28907
1.27123
0.141032
-0.123189
-1.54873
1.53155
0.103345
-0.0861657
-1.85206
1.8377
0.0685992
-0.0542343
-2.20416
2.19428
0.0407127
-0.0308348
-2.18305
2.18009
0.0249102
-0.0219438
-1.9201
1.92383
0.0227365
-0.026465
-1.94937
1.95447
0.0322964
-0.037391
-2.47974
2.47764
0.0328709
-0.0307745
-2.41011
2.4122
0.0312264
-0.0333172
-2.09777
2.10032
0.0358983
-0.0384519
-1.71883
1.72062
0.0404978
-0.0422938
-1.30102
1.30072
0.0436703
-0.0433653
-0.821544
0.806842
0.0377536
-0.0230521
-0.157727
0.150254
0.00747322
-0.0300163
0.045056
0.00772157
-0.0227613
-0.129897
0.151811
0.0445899
-0.0665033
-0.301871
0.321485
0.0902508
-0.109865
-0.537036
0.5476
0.127316
-0.137879
-0.784746
0.783377
0.142558
-0.141188
-1.01587
1.00824
0.135719
-0.128087
-1.25655
1.24525
0.117521
-0.106223
-1.51688
1.50494
0.0931182
-0.0811773
-1.8249
1.81386
0.0683255
-0.0572879
-2.1851
2.17688
0.0464116
-0.0381901
-2.17742
2.17459
0.0331295
-0.0303057
-1.92655
1.9285
0.0301615
-0.0321055
-1.96009
1.96573
0.036373
-0.0420167
-2.47519
2.47334
0.0398984
-0.0380458
-2.4143
2.41642
0.0385715
-0.0406832
-2.10264
2.10496
0.0432136
-0.045532
-1.72195
1.72307
0.0471999
-0.0483134
-1.29935
1.29713
0.0486825
-0.0464594
-0.790956
0.774086
0.0382055
-0.0213357
-0.143317
0.136911
0.00640631
-0.0568024
0.0656295
0.00419332
-0.0130204
-0.169931
0.184534
0.0267676
-0.0413704
-0.338075
0.351881
0.0577637
-0.071569
-0.557114
0.565538
0.0842569
-0.0926806
-0.783844
0.785389
0.0979201
-0.0994652
-1.00334
1.00056
0.0986198
-0.0958371
-1.23658
1.23052
0.0908945
-0.0848378
-1.49537
1.48813
0.0775086
-0.0702628
-1.80464
1.79699
0.0618792
-0.0542319
-2.16925
2.16244
0.0462678
-0.0394612
-2.17139
2.16766
0.0349679
-0.0312429
-1.92937
1.92894
0.0294643
-0.029029
-1.97193
1.97868
0.0311064
-0.0378546
-2.47264
2.47322
0.0387727
-0.0393498
-2.41918
2.42272
0.0417163
-0.0452555
-2.10749
2.1103
0.0486827
-0.0514842
-1.72398
1.72477
0.0532525
-0.0540359
-1.29382
1.28962
0.0535588
-0.0493604
-0.756234
0.737559
0.0384277
-0.0197527
-0.130928
0.12531
0.00561806
-0.0720955
0.0766779
0.00196178
-0.00654416
-0.196102
0.205075
0.0143613
-0.0233347
-0.363272
0.372538
0.0339902
-0.0432567
-0.572974
0.579419
0.0521044
-0.0585488
-0.788041
0.790983
0.0635833
-0.0665247
-0.999638
0.999927
0.0682428
-0.0685311
-1.22632
1.22402
0.0672988
-0.0649925
-1.48259
1.47889
0.061687
-0.0579884
-1.79079
1.78571
0.0531313
-0.0480546
-2.15604
2.15031
0.0425141
-0.0367822
-2.16358
2.15855
0.0323215
-0.0272852
-1.92679
1.92328
0.0229215
-0.0194123
-1.98659
1.99506
0.0198911
-0.0283637
-2.47531
2.48006
0.0356297
-0.0403747
-2.42748
2.4331
0.0454948
-0.0511066
-2.11353
2.11684
0.0556506
-0.0589636
-1.72544
1.72575
0.060776
-0.0610926
-1.28401
1.27715
0.0593529
-0.0524946
-0.718096
0.697955
0.0386261
-0.0184854
-0.120028
0.11495
0.00507783
-0.0799083
0.082118
0.000804523
-0.00301423
-0.21203
0.217332
0.00723832
-0.0125398
-0.38011
0.386169
0.0192571
-0.0253157
-0.584984
0.589706
0.0312952
-0.0360178
-0.794365
0.797586
0.0403508
-0.0435719
-1.0012
1.00294
0.0462951
-0.0480383
-1.22278
1.22271
0.048845
-0.0487749
-1.47632
1.47516
0.0481644
-0.0470103
-1.78197
1.77922
0.0448086
-0.0420497
-2.14497
2.14062
0.0385975
-0.0342498
-2.15297
2.14715
0.0300237
-0.0242062
-1.91883
1.91381
0.0183887
-0.0133711
-2.00483
2.01602
0.0137314
-0.0249176
-2.48752
2.49724
0.0383482
-0.0480657
-2.43944
2.44601
0.0550303
-0.0616053
-2.12029
2.12318
0.066135
-0.0690274
-1.72556
1.72441
0.0701342
-0.0689856
-1.26849
1.25816
0.065231
-0.054903
-0.677314
0.656522
0.0381757
-0.0173839
-0.110043
0.105295
0.00474748
-0.0836797
0.0847777
0.00029808
-0.00139609
-0.221487
0.224735
0.00378667
-0.00703385
-0.391129
0.395088
0.0113528
-0.0153117
-0.593654
0.596899
0.0192282
-0.022473
-0.800921
0.803861
0.0258358
-0.0287766
-1.00513
1.00741
0.0317099
-0.0339898
-1.22324
1.22444
0.0357965
-0.0369932
-1.47457
1.47502
0.0380666
-0.0385177
-1.77755
1.77659
0.0381726
-0.0372083
-2.13715
2.13483
0.0358815
-0.0335644
-2.14102
2.13595
0.0304596
-0.025385
-1.90909
1.9044
0.0199644
-0.015281
-2.02904
2.04383
0.0174705
-0.0322655
-2.50894
2.52188
0.0498567
-0.0628013
-2.45253
2.45844
0.0702895
-0.0762048
-2.12544
2.1265
0.079149
-0.080206
-1.72213
1.71865
0.0793921
-0.0759117
-1.24584
1.23186
0.06905
-0.0550723
-0.635844
0.615605
0.0363762
-0.0161362
-0.100684
0.0962158
0.004468
-0.0856387
0.0863392
0.000138325
-0.000838862
-0.227451
0.229751
0.00248173
-0.0047817
-0.39842
0.401157
0.00785983
-0.0105964
-0.599483
0.60153
0.0131241
-0.0151705
-0.806666
0.808889
0.0174222
-0.0196455
-1.00992
1.01226
0.0222402
-0.0245738
-1.22591
1.22776
0.0268581
-0.0287128
-1.47574
1.47744
0.0306585
-0.0323603
-1.77658
1.77741
0.0338459
-0.0346739
-2.1334
2.13322
0.0352859
-0.0351058
-2.13167
2.12986
0.0347438
-0.0329259
-1.90171
1.90059
0.0304614
-0.0293407
-2.05916
2.07465
0.0345021
-0.0499977
-2.53506
2.54787
0.0681237
-0.0809359
-2.46357
2.46747
0.0871565
-0.0910579
-2.12648
2.12487
0.0913884
-0.0897775
-1.71365
1.70699
0.0863348
-0.0796725
-1.21607
1.19912
0.0695101
-0.0525607
-0.596063
0.577329
0.0332907
-0.0145573
-0.0919802
0.0879067
0.00407352
-0.0870054
0.0876486
0.000146952
-0.000790142
-0.231871
0.233835
0.00222456
-0.00418838
-0.403628
0.405816
0.00677471
-0.00896271
-0.603083
0.604229
0.010692
-0.0118385
-0.810935
0.812461
0.013166
-0.0146925
-1.01454
1.01647
0.0166646
-0.0185969
-1.22979
1.23192
0.0208247
-0.0229556
-1.47922
1.48172
0.0254844
-0.0279891
-1.77893
1.78136
0.0308118
-0.0332437
-2.13427
2.1373
0.0362821
-0.0393137
-2.12993
2.13366
0.0432768
-0.0470016
-1.90248
1.90607
0.049508
-0.0531018
-2.09025
2.10431
0.0598531
-0.0739121
-2.55948
2.56964
0.0889291
-0.0990938
-2.46958
2.46994
0.102156
-0.10252
-2.12181
2.11722
0.0996397
-0.0950414
-1.6986
1.6887
0.0887845
-0.078883
-1.18105
1.16259
0.0661663
-0.0477033
-0.559628
0.542883
0.0292072
-0.0124617
-0.0842047
0.0808119
0.0033928
-0.0883267
0.0890139
0.000210304
-0.000897521
-0.235762
0.237598
0.0022857
-0.00412126
-0.407988
0.410051
0.00654728
-0.00860993
-0.605017
0.605595
0.0100785
-0.0106563
-0.813843
0.814622
0.0110147
-0.0117929
-1.01838
1.02008
0.0133168
-0.0150209
-1.23404
1.2362
0.0171135
-0.019265
-1.48414
1.48696
0.0221927
-0.0250134
-1.78428
1.78823
0.0285683
-0.0325182
-2.14229
2.14899
0.0378768
-0.0445809
-2.13887
2.14767
0.0529603
-0.0617628
-1.91298
1.92092
0.0692197
-0.0771597
-2.11695
2.12683
0.0852997
-0.0951779
-2.57761
2.58321
0.103671
-0.10927
-2.46853
2.46595
0.109119
-0.106535
-2.11133
2.10465
0.10143
-0.0947479
-1.67778
1.66614
0.0866065
-0.0749703
-1.1439
1.12549
0.0611348
-0.0427223
-0.527071
0.511932
0.0254868
-0.0103478
-0.0778635
0.0752817
0.00258186
-0.0897374
0.09047
0.000273531
-0.00100612
-0.239402
0.241108
0.00234843
-0.0040541
-0.412182
0.41428
0.0063571
-0.00845447
-0.605985
0.606339
0.0100127
-0.0103667
-0.815033
0.814816
0.00996662
-0.00974951
-1.02173
1.0229
0.0101669
-0.0113412
-1.23833
1.24041
0.01332
-0.0154034
-1.48966
1.49256
0.0181563
-0.0210592
-1.79256
1.79739
0.0250847
-0.0299093
-2.1565
2.16551
0.0365899
-0.0455987
-2.15787
2.17039
0.0567804
-0.0692955
-1.93167
1.94294
0.0799663
-0.0912435
-2.13435
2.13906
0.0998111
-0.104517
-2.58659
2.58862
0.10629
-0.108322
-2.46227
2.45843
0.107352
-0.103507
-2.09752
2.09045
0.0977895
-0.0907228
-1.65426
1.64248
0.0822574
-0.0704786
-1.10741
1.08989
0.0569862
-0.039463
-0.497416
0.48304
0.0230691
-0.00869262
-0.0731877
0.0713393
0.00184846
-0.0912238
0.0919865
0.000324465
-0.00108716
-0.242732
0.244238
0.00235264
-0.00385884
-0.416423
0.418515
0.00591635
-0.00800908
-0.60665
0.607205
0.00992057
-0.0104761
-0.814316
0.813337
0.00975085
-0.00877261
-1.02335
1.02347
0.00828099
-0.00839695
-1.24242
1.24391
0.00932485
-0.0108171
-1.4955
1.49818
0.0130602
-0.0157396
-1.80194
1.80643
0.0194934
-0.0239905
-2.17428
2.18297
0.0301265
-0.0388122
-2.18359
2.19822
0.0507668
-0.0653968
-1.95625
1.96907
0.07817
-0.0909814
-2.14214
2.14419
0.100665
-0.10271
-2.58929
2.589
0.100639
-0.100354
-2.45432
2.45102
0.0989944
-0.0956946
-2.08368
2.07777
0.0909982
-0.0850885
-1.63137
1.62132
0.0779474
-0.0678953
-1.07276
1.05581
0.055592
-0.038639
-0.468899
0.454548
0.0220397
-0.00768837
-0.0698682
0.0685046
0.00136363
-0.0927652
0.0935548
0.000371099
-0.00116074
-0.245613
0.246859
0.00233532
-0.00358178
-0.42046
0.42229
0.00521352
-0.00704303
-0.607961
0.609138
0.00914779
-0.0103253
-0.811708
0.810508
0.0101198
-0.00891988
-1.02299
1.02189
0.00718181
-0.00607763
-1.24503
1.24547
0.00555254
-0.00599609
-1.50063
1.50262
0.00729321
-0.00928331
-1.81019
1.81349
0.0120046
-0.0153091
-2.19027
2.19649
0.0200422
-0.0262531
-2.21282
2.22594
0.0358069
-0.0489273
-1.98321
1.99575
0.0609294
-0.0734662
-2.14722
2.15164
0.0857824
-0.0901999
-2.58745
2.58584
0.0848284
-0.0832208
-2.44855
2.44838
0.083484
-0.0833046
-2.07336
2.07152
0.082327
-0.0804838
-1.61225
1.60449
0.07615
-0.0683885
-1.03886
1.0213
0.0570983
-0.0395347
-0.440308
0.42581
0.0215863
-0.00708756
-0.0673946
0.0663049
0.00108975
-0.0943665
0.0951981
0.00042001
-0.00125159
-0.247987
0.249013
0.00237969
-0.00340603
-0.423795
0.42506
0.0045402
-0.00580567
-0.610406
0.6119
0.00758304
-0.00907698
-0.809043
0.808263
0.00952236
-0.00874265
-1.02035
1.01819
0.00671337
-0.00455342
-1.24529
1.24435
0.0027095
-0.00177107
-1.5043
1.50492
0.00144677
-0.00207305
-1.81599
1.81767
0.00282801
-0.00450379
-2.20176
2.20624
0.00772748
-0.0122036
-2.23685
2.24403
0.0188187
-0.0259997
-2.00748
2.01511
0.0317002
-0.0393282
-2.16022
2.17168
0.0499262
-0.0613786
-2.58492
2.58701
0.0607031
-0.0627947
-2.44972
2.45512
0.0685642
-0.0739594
-2.07135
2.07307
0.0773495
-0.0790758
-1.59754
1.59186
0.0782205
-0.0725417
-1.00295
0.983087
0.0609026
-0.0410428
-0.411569
0.39712
0.0213945
-0.00694513
-0.0653912
0.0643263
0.00106493
-0.0960156
0.0968753
0.000419005
-0.00127862
-0.249888
0.250748
0.00238872
-0.00324948
-0.42592
0.426478
0.00392492
-0.00448371
-0.613075
0.613918
0.00525136
-0.00609452
-0.807299
0.80695
0.00676129
-0.0064124
-1.01552
1.01289
0.00472095
-0.00209161
-1.24303
1.24059
-0.00103634
0.00348021
-1.50492
1.50381
-0.00573432
0.00684941
-1.81914
1.81959
-0.00757373
0.00712659
-2.20999
2.21185
-0.00576492
0.00391046
-2.24832
2.25088
-0.000567241
-0.00200167
-2.01879
2.01775
-7.55268e-06
0.00104809
-2.18867
2.20735
0.00741306
-0.026095
-2.59094
2.59984
0.0360329
-0.0449313
-2.46254
2.47426
0.0568485
-0.068565
-2.07692
2.08329
0.0771548
-0.0835253
-1.58673
1.58168
0.0849294
-0.079882
-0.961531
0.937506
0.0662108
-0.0421865
-0.383112
0.369012
0.0217011
-0.00760095
-0.0632322
0.0617549
0.00147729
-0.0977849
0.0986789
0.000413779
-0.00130774
-0.251531
0.252308
0.00243761
-0.00321398
-0.426702
0.426776
0.00361104
-0.00368501
-0.614082
0.614013
0.00365536
-0.00358628
-0.805984
0.804952
0.00327152
-0.00223954
-1.00973
1.00654
-0.000101908
0.0032841
-1.23731
1.23332
-0.00760343
0.011593
-1.50232
1.49924
-0.0158187
0.0188951
-1.81987
1.81834
-0.0214761
0.0230113
-2.21411
2.21498
-0.0228918
0.0220268
-2.25126
2.25159
-0.0209118
0.0205832
-2.01233
2.00383
-0.0263077
0.0348094
-2.23059
2.25688
-0.0285367
0.00225071
-2.61222
2.63103
0.0215027
-0.040312
-2.48864
2.50459
0.057479
-0.0734271
-2.09108
2.09995
0.0848899
-0.0937512
-1.57548
1.56789
0.0960865
-0.0885014
-0.911399
0.8836
0.0704081
-0.042609
-0.355465
0.341875
0.0226729
-0.00908332
-0.060049
0.0577131
0.00233588
-0.0997887
0.000451605
-0.00148499
0.100822
-0.253272
0.00288445
-0.00388824
0.254275
-0.426617
0.00430794
-0.00403962
0.426349
-0.613281
0.00308009
-0.001754
0.611955
-0.803135
-0.000211708
0.00280736
0.800539
-1.00244
-0.0068723
0.0118129
0.997498
-1.22803
-0.0184847
0.0252471
1.22126
-1.49504
-0.032897
0.0394183
1.48852
-1.81678
-0.0449368
0.0484454
1.81327
-2.21656
-0.0483479
0.0445216
2.22038
-2.25152
-0.0396883
0.0365394
2.25467
-1.99476
-0.0393336
0.0464426
1.98765
-2.28391
-0.0390724
0.00741978
2.31556
-2.65415
0.0242982
-0.0509011
2.68075
-2.5224
0.0714224
-0.0878115
2.53879
-2.10975
0.100172
-0.108245
2.11782
-1.55705
0.10575
-0.0917626
1.54307
-0.854848
0.0681475
-0.0405787
0.82728
-0.329163
0.0235298
-0.0111468
0.31678
-0.0547876
0.0511354
0.00365212
-0.000700139
-0.0369128
0.00201871
-0.00373629
-0.194158
0.00496
-0.00541285
-0.371223
0.00469695
-0.00240481
-0.566853
-0.000998029
0.00615402
-0.770292
-0.0121665
0.0203258
-0.977105
-0.0291287
0.040149
-1.20281
-0.0509601
0.063256
-1.4671
-0.0742871
0.0848183
-1.79212
-0.0919693
0.0939084
-2.19986
-0.0842577
0.0661107
-2.24709
-0.0448807
0.0309095
-1.89783
-0.0208559
0.00786297
-1.91049
0.0226556
-0.0545014
-2.34744
0.0813415
-0.100067
-2.46296
0.110678
-0.114638
-2.14833
0.112954
-0.103782
-1.6852
0.082205
-0.0559448
-1.05556
0.0313362
-0.016989
-0.468723
-0.0470608
0.00335608
0.85242
-0.809293
0.0117411
-0.0548676
1.19444
-1.18872
0.0844046
-0.0901209
1.23469
-1.24184
0.0918806
-0.0847357
1.24104
-1.24803
0.0862623
-0.0792745
1.25078
-1.25746
0.0769368
-0.0702489
1.26828
-1.27216
0.0662827
-0.0623953
1.28819
-1.29123
0.0596843
-0.0566472
1.29793
-1.30339
0.0544273
-0.0489688
1.1648
-1.17817
0.0399543
-0.0265797
0.306904
-0.325406
0.0185017
0.807219
-0.792005
0.0173383
-0.0325524
1.19003
-1.1872
0.0430906
-0.0459238
1.2458
-1.24651
0.0456379
-0.0449311
1.25373
-1.25472
0.0445562
-0.043564
1.26154
-1.26371
0.041497
-0.0393277
1.27571
-1.27764
0.0386574
-0.0367296
1.29417
-1.29532
0.035399
-0.034249
1.31028
-1.31183
0.0328289
-0.0312696
1.18918
-1.19539
0.0282418
-0.0220346
0.331239
-0.341985
0.0107464
0.782348
-0.777112
0.0143386
-0.0195752
1.18822
-1.18888
0.0196563
-0.0189936
1.24878
-1.24857
0.018365
-0.0185753
1.25687
-1.25657
0.018593
-0.0188896
1.26556
-1.26531
0.0186553
-0.018902
1.27868
-1.27825
0.0187596
-0.0191869
1.29634
-1.29512
0.0196431
-0.0208624
1.31245
-1.31142
0.0228474
-0.0238712
1.20183
-1.20635
0.0252079
-0.0206872
0.348754
-0.357498
0.00874474
0.775049
-0.776102
0.00833863
-0.00728508
1.1906
-1.19275
0.00294682
-0.000797865
1.24934
-1.24925
-0.000230228
0.000138908
1.25729
-1.2565
0.000924642
-0.00171507
1.26559
-1.26399
0.00344516
-0.00504789
1.27807
-1.27597
0.00644358
-0.00854401
1.29432
-1.29128
0.0107881
-0.0138239
1.30895
-1.30573
0.0175097
-0.0207356
1.21113
-1.21489
0.0225076
-0.0187466
0.364461
-0.372666
0.00820524
0.779237
-0.785293
0.0025597
0.00349677
1.19382
-1.19868
-0.00867092
0.0135349
1.24843
-1.2484
-0.0129852
0.0129539
1.25527
-1.25364
-0.0106069
0.00896798
1.26297
-1.26025
-0.00620466
0.00349287
1.27369
-1.27102
-0.00089575
-0.00177232
1.28835
-1.28485
0.00646788
-0.0099702
1.30325
-1.29908
0.0146653
-0.0188355
1.21836
-1.22059
0.0217731
-0.0195436
0.379835
-0.388594
0.00875903
0.793322
-0.804371
-0.000430783
0.0114802
1.20108
-1.20451
-0.0186923
0.022125
1.2464
-1.24469
-0.0225481
0.0208373
1.25157
-1.2491
-0.0184498
0.0159868
1.25822
-1.25465
-0.0123859
0.00882074
1.26769
-1.26349
-0.00532337
0.00112577
1.28093
-1.27593
0.0031783
-0.00818293
1.29487
-1.29043
0.0137292
-0.0181654
1.22288
-1.2247
0.0228318
-0.0210053
0.397267
-0.407771
0.0105045
0.816372
-0.830816
-0.00379683
0.0182407
1.20654
-1.20957
-0.0266403
0.0296655
1.24356
-1.24135
-0.0293075
0.0270901
1.24688
-1.24316
-0.0241491
0.020432
1.25179
-1.24805
-0.0167189
0.0129869
1.25992
-1.2549
-0.00801876
0.00300491
1.27176
-1.26531
0.00212018
-0.0085728
1.28528
-1.27924
0.0143639
-0.020398
1.22539
-1.22634
0.025524
-0.0245694
0.41945
-0.433011
0.0135604
0.846413
-0.864646
-0.00734959
0.0255822
1.21064
-1.21305
-0.034686
0.0370939
1.23953
-1.2365
-0.0358969
0.0328662
1.24016
-1.23569
-0.0291999
0.0247287
1.24372
-1.2385
-0.0208087
0.0155943
1.24984
-1.24454
-0.00973712
0.00444125
1.26024
-1.2535
0.00220382
-0.00894197
1.2731
-1.26605
0.0162953
-0.0233495
1.22651
-1.22592
0.0296011
-0.0301915
0.448165
-0.466127
0.0179618
0.883818
-0.905223
-0.0140879
0.0354925
1.21397
-1.21512
-0.0444668
0.0456225
1.23247
-1.22952
-0.0425516
0.039602
1.23172
-1.22624
-0.0343301
0.0288434
1.23321
-1.22758
-0.0232626
0.0176355
1.2385
-1.23157
-0.0107479
0.00382094
1.24683
-1.23975
0.00380543
-0.0108853
1.25889
-1.25139
0.0192384
-0.0267368
1.22492
-1.22381
0.0348398
-0.0359582
0.486498
-0.510246
0.0237484
0.927769
-0.952272
-0.0242177
0.0487211
1.21451
-1.21365
-0.0564104
0.0555459
1.22412
-1.21895
-0.0507327
0.0455591
1.22103
-1.21486
-0.039542
0.0333717
1.22113
-1.21428
-0.0259072
0.0190623
1.2257
-1.21771
-0.0110295
0.00303361
1.23208
-1.22411
0.005583
-0.0135586
1.24324
-1.23424
0.0227509
-0.0317464
1.22151
-1.21852
0.0402862
-0.0432705
0.537012
-0.567891
0.030879
0.977437
-1.00386
-0.037862
0.0642811
1.21
-1.20705
-0.068407
0.0654514
1.21242
-1.20489
-0.059178
0.0516472
1.20758
-1.20003
-0.0441233
0.036569
1.20657
-1.19858
-0.0278526
0.0198654
1.20956
-1.20063
-0.010797
0.00186602
1.21559
-1.20626
0.00697188
-0.016301
1.22591
-1.21622
0.026162
-0.0358465
1.21486
-1.21103
0.0452657
-0.0490877
0.601649
-0.63908
0.0374311
1.02927
-1.05434
-0.0525512
0.077619
1.20146
-1.19497
-0.0789684
0.0724723
1.1968
-1.18846
-0.0639747
0.0556314
1.19147
-1.18302
-0.0462902
0.0378356
1.19059
-1.18157
-0.0285044
0.0194849
1.19242
-1.18321
-0.0107078
0.00150367
1.19768
-1.18728
0.0077066
-0.018097
1.20659
-1.19628
0.027953
-0.0382628
1.20518
-1.19954
0.0484726
-0.0541092
0.679828
-0.723955
0.0441272
1.07767
-1.09822
-0.0647131
0.085269
1.18681
-1.17839
-0.081861
0.0734432
1.1791
-1.16971
-0.0638588
0.0544723
1.17461
-1.16568
-0.0456823
0.0367562
1.17352
-1.16455
-0.0281231
0.0191606
1.17441
-1.16588
-0.0104155
0.00188423
1.17861
-1.16919
0.00768664
-0.0171078
1.18613
-1.17641
0.0271344
-0.0368564
1.19235
-1.18414
0.0482699
-0.0564759
0.770836
-0.819878
0.0490414
1.11514
-1.12808
-0.0721936
0.0851321
1.16861
-1.16033
-0.078636
0.0703532
1.16112
-1.1536
-0.0618973
0.0543706
1.15754
-1.14859
-0.0461217
0.0371655
1.15625
-1.14683
-0.0281987
0.0187729
1.15692
-1.1475
-0.0095831
0.000158733
1.16046
-1.15171
0.00950625
-0.0182596
1.16733
-1.1585
0.0277133
-0.0365467
1.17497
-1.16664
0.0453729
-0.0537043
0.870672
-0.922344
0.0516714
1.13641
-1.1414
-0.0797692
0.0847611
1.15214
-1.14321
-0.0788316
0.0699059
1.14491
-1.13561
-0.0592887
0.0499922
1.14
-1.13146
-0.0411052
0.03257
1.13859
-1.13109
-0.0249717
0.0174761
1.13956
-1.13197
-0.0104244
0.00284264
1.14266
-1.13451
0.00540967
-0.0135501
1.14973
-1.1392
0.0234377
-0.0339667
1.16005
-1.14907
0.0444384
-0.0554253
0.975542
-1.03182
0.0562731
1.1408
-0.059391
0.0438723
1.13072
-0.0334856
0.0280519
1.127
-0.0248548
0.023145
1.12638
-0.021072
0.0199778
1.12671
-0.0180139
0.0165852
1.1269
-0.01417
0.0125557
1.12839
-0.00972759
0.00662328
1.13025
-0.00306974
-0.0018931
1.13594
0.00913993
-0.019791
1.08886
0.0364269
-0.197912
0.0705677
-0.365367
-0.100158
0.100791
-0.432185
-0.0903741
0.0759952
-0.508195
-0.0633561
0.0505829
-0.603467
-0.0404175
0.0310384
-0.721191
-0.0242179
0.0184116
-0.864119
-0.0143987
0.0110037
-1.0364
-0.00857485
0.00642202
-1.24322
-0.00481241
0.00332009
-1.4916
-0.00211937
0.000885578
-1.49158
0.000215378
-0.00132845
-1.2429
0.00255155
-0.00375116
-1.036
0.00523875
-0.00683753
-0.863761
0.00896907
-0.011368
-0.720504
0.0147239
-0.0187013
-0.602096
0.0244742
-0.03127
-0.504844
0.0406273
-0.0507755
-0.427144
0.0635335
-0.0761622
-0.36477
0.0905295
-0.10092
-0.286566
0.100245
-0.0706018
0.0194962
0.336605
-0.0484781
0.0656566
0.458055
-0.0681811
0.064491
0.535069
-0.0585684
0.053022
0.626498
-0.0480586
0.0425747
0.739483
-0.0373346
0.0316366
0.877495
-0.0266252
0.0215682
1.04589
-0.017432
0.0134312
1.25023
-0.0102197
0.00710193
1.4975
-0.00453417
0.0018798
1.49693
0.000559127
-0.00298737
1.24856
0.00562006
-0.00815968
1.04326
0.0112386
-0.0144043
0.873891
0.0183448
-0.0224147
0.734718
0.0273904
-0.0323262
0.620957
0.0379471
-0.0431238
0.527615
0.0485451
-0.0534564
0.453721
0.0589557
-0.0648388
0.374403
0.0684761
-0.0658784
0.194364
0.0486054
-0.0195382
0.00576226
-0.316381
0.297194
-0.021957
0.0411435
-0.458938
0.457226
-0.0506241
0.0523355
-0.540427
0.544745
-0.0504866
0.0461684
-0.630723
0.63484
-0.042235
0.0381179
-0.743705
0.74732
-0.0345687
0.0309532
-0.881953
0.885691
-0.0276449
0.0239068
-1.05001
1.05388
-0.0203675
0.016496
-1.25379
1.25749
-0.0130184
0.0093237
-1.50073
1.50431
-0.00603156
0.00245332
-1.49991
1.50327
0.000922351
-0.00427968
-1.25153
1.25477
0.00781366
-0.0110486
-1.04666
1.05006
0.0146674
-0.0180651
-0.877778
0.881213
0.0218369
-0.0252715
-0.738708
0.741899
0.0288824
-0.032074
-0.624666
0.628121
0.0355711
-0.0390253
-0.53189
0.535748
0.043051
-0.0469085
-0.457481
0.459246
0.0511461
-0.0529107
-0.367605
0.357989
0.0510909
-0.0414747
-0.172124
0.155813
0.0221241
-0.00581376
0.00312566
-0.280056
0.26513
-0.0124069
0.0273331
-0.453503
0.448513
-0.0379863
0.0429766
-0.54772
0.549683
-0.043276
0.0413135
-0.638551
0.641699
-0.0386529
0.0355049
-0.750879
0.754238
-0.0325233
0.0291646
-0.889022
0.892339
-0.0261053
0.022789
-1.05746
1.06078
-0.0197888
0.0164766
-1.26121
1.2648
-0.0133156
0.00972213
-1.50812
1.512
-0.00631413
0.00243149
-1.50688
1.51061
0.00132336
-0.0050541
-1.25809
1.26141
0.0088681
-0.012189
-1.05328
1.05633
0.0156688
-0.0187136
-0.884228
0.887086
0.0218862
-0.0247436
-0.74493
0.747832
0.0278903
-0.0307916
-0.631352
0.634197
0.0339849
-0.0368301
-0.538922
0.541481
0.039847
-0.042406
-0.459723
0.459294
0.0442372
-0.0438076
-0.347313
0.336449
0.0386321
-0.027768
-0.143685
0.134259
0.0126148
-0.00318902
0.00210213
-0.252204
0.240993
-0.00834349
0.0195545
-0.442721
0.43642
-0.0294381
0.0357392
-0.550895
0.551653
-0.0373374
0.0365794
-0.644339
0.646722
-0.034591
0.0322074
-0.757235
0.759911
-0.0299248
0.027249
-0.895549
0.898572
-0.0246426
0.02162
-1.06407
1.06728
-0.0187713
0.0155605
-1.26833
1.27175
-0.0125489
0.00912711
-1.51591
1.51975
-0.00582785
0.00198443
-1.51438
1.51812
0.00178267
-0.00551741
-1.26465
1.26783
0.0092674
-0.0124475
-1.05922
1.06208
0.0157157
-0.0185719
-0.889875
0.892539
0.021599
-0.0242634
-0.750525
0.752925
0.0270669
-0.0294666
-0.636618
0.638722
0.0319245
-0.0340281
-0.543654
0.545494
0.0362398
-0.0380801
-0.458139
0.456339
0.0386592
-0.036859
-0.325817
0.315641
0.0302764
-0.0201002
-0.1266
0.12018
0.00860011
-0.00217953
0.00154293
-0.231209
0.222632
-0.0061255
0.0147025
-0.429793
0.423026
-0.0233462
0.0301131
-0.552067
0.552166
-0.0326963
0.0325978
-0.64892
0.651013
-0.0311859
0.0290926
-0.762321
0.764624
-0.0270711
0.0247681
-0.90137
0.903959
-0.0225519
0.0199621
-1.07045
1.07342
-0.0174266
0.0144511
-1.27518
1.27851
-0.0115736
0.00824352
-1.52356
1.52729
-0.0050375
0.00131454
-1.5218
1.52539
0.00232401
-0.00592157
-1.27093
1.27398
0.00952492
-0.012576
-1.06484
1.06752
0.0157059
-0.018382
-0.895024
0.897326
0.0211212
-0.0234236
-0.755086
0.757043
0.0257387
-0.0276954
-0.640648
0.642441
0.0297235
-0.031517
-0.546994
0.548196
0.0333888
-0.0345903
-0.453945
0.451068
0.0344381
-0.0315611
-0.306012
0.296987
0.0243998
-0.0153754
-0.114665
0.109862
0.00643971
-0.00163722
0.00117794
-0.215063
0.208361
-0.00468083
0.0113821
-0.416236
0.409546
-0.0187447
0.0254343
-0.551938
0.551431
-0.0286365
0.0291438
-0.652993
0.654903
-0.0282723
0.0263625
-0.7668
0.768931
-0.0245006
0.0223689
-0.906423
0.908783
-0.0203254
0.0179653
-1.07631
1.07901
-0.0156732
0.0129783
-1.28181
1.28495
-0.0103206
0.00718184
-1.53098
1.53457
-0.00411461
0.000526715
-1.52893
1.53238
0.00297798
-0.00642909
-1.27694
1.27981
0.00986481
-0.0127344
-1.07003
1.07243
0.0156163
-0.0180143
-0.899451
0.901451
0.0204071
-0.0224071
-0.758894
0.76062
0.02443
-0.0261561
-0.644127
0.6457
0.027947
-0.0295208
-0.549048
0.54963
0.0311444
-0.0317264
-0.447772
0.444163
0.0308688
-0.0272603
-0.288557
0.280715
0.0200472
-0.0122051
-0.10562
0.101848
0.00506362
-0.00129253
0.000913637
-0.202392
0.19707
-0.00364675
0.00896839
-0.40301
0.396709
-0.0151744
0.0214757
-0.550618
0.549569
-0.0250009
0.0260506
-0.656641
0.658272
-0.0254802
0.0238489
-0.770958
0.772967
-0.0221073
0.0200989
-0.911094
0.913315
-0.0181761
0.0159548
-1.08168
1.08421
-0.0137993
0.0112735
-1.28804
1.29097
-0.00879124
0.00585755
-1.53811
1.54151
-0.00296754
-0.000436615
-1.53576
1.53902
0.0037685
-0.007034
-1.28254
1.28518
0.0102454
-0.0128856
-1.07467
1.07682
0.0154943
-0.0176476
-0.903333
0.905126
0.0197928
-0.0215859
-0.762263
0.763804
0.0233977
-0.024939
-0.647191
0.648572
0.0265337
-0.0279145
-0.549986
0.550192
0.029158
-0.0293638
-0.440275
0.436201
0.0278318
-0.0237572
-0.273405
0.266602
0.0167786
-0.00997552
-0.0984563
0.0953956
0.00411412
-0.00105346
0.000713037
-0.192299
0.188031
-0.00286831
0.00713672
-0.390652
0.384902
-0.0123432
0.018094
-0.548265
0.54681
-0.0217145
0.0231697
-0.659727
0.661112
-0.0228439
0.0214593
-0.774884
0.776805
-0.0198198
0.017899
-0.915516
0.917629
-0.0160645
0.0139509
-1.08676
1.08917
-0.0118989
0.00949005
-1.2939
1.29668
-0.00712357
0.00433584
-1.54485
1.54806
-0.00160143
-0.00160239
-1.5422
1.54525
0.00473283
-0.00778203
-1.28769
1.29011
0.0107496
-0.0131708
-1.07885
1.08081
0.0155509
-0.0175075
-0.906813
0.908418
0.0194449
-0.0210502
-0.765264
0.766631
0.0226605
-0.0240277
-0.649876
0.651078
0.0254417
-0.0266438
-0.550191
0.550032
0.0275111
-0.0273517
-0.431955
0.427616
0.0252521
-0.020913
-0.260242
0.2543
0.0143061
-0.00836395
-0.092601
0.0900471
0.00343674
-0.000882891
0.000553532
-0.184191
0.18076
-0.00225428
0.00568566
-0.379437
0.374313
-0.0100303
0.0151538
-0.54517
0.543464
-0.0186919
0.0203984
-0.662315
0.663476
-0.0202806
0.0191196
-0.778648
0.780517
-0.0175199
0.0156515
-0.919752
0.921786
-0.0138754
0.0118418
-1.09163
1.09393
-0.00987435
0.00756812
-1.29948
1.30215
-0.00530407
0.00264229
-1.55122
1.55426
-4.8806e-05
-0.00298586
-1.5482
1.55103
0.00591451
-0.00873964
-1.2924
1.29461
0.0114696
-0.0136798
-1.08263
1.08438
0.015832
-0.017582
-0.909912
0.911333
0.0193022
-0.0207226
-0.767927
0.769138
0.0221464
-0.0233577
-0.652242
0.653314
0.0246145
-0.0256859
-0.549678
0.549146
0.0261753
-0.0256428
-0.42318
0.418718
0.0230826
-0.0186208
-0.248714
0.243466
0.0124285
-0.00718097
-0.0876818
0.0854958
0.00294591
-0.000759935
0.000421493
-0.177674
0.174936
-0.00174887
0.00448774
-0.369488
0.365022
-0.00807747
0.0125435
-0.541628
0.539802
-0.0158688
0.0176952
-0.664468
0.66548
-0.017756
0.0167435
-0.782322
0.784159
-0.0152125
0.013376
-0.923867
0.925854
-0.0116338
0.0096469
-1.09632
1.09856
-0.00772936
0.00548802
-1.30484
1.3074
-0.00329626
0.000732584
-1.55726
1.56012
0.00175157
-0.00462047
-1.55377
1.55638
0.00736234
-0.00997786
-1.29669
1.29869
0.0124752
-0.0144752
-1.08599
1.08755
0.0164044
-0.0179574
-0.912637
0.913885
0.0194734
-0.0207211
-0.770274
0.771337
0.0219716
-0.0230346
-0.654307
0.655145
0.024125
-0.0249634
-0.548434
0.547512
0.0251572
-0.0242345
-0.414208
0.409711
0.0212941
-0.0167973
-0.238497
0.233801
0.0110075
-0.00631201
-0.0834414
0.0815222
0.00259233
-0.000673153
0.000306769
-0.172489
0.170348
-0.00131282
0.003454
-0.360858
0.357061
-0.00636486
0.0101616
-0.537896
0.536073
-0.0131717
0.0149949
-0.666358
0.667305
-0.0151823
0.0142357
-0.785937
0.787754
-0.0127877
0.0109709
-0.927924
0.929892
-0.00924143
0.00727301
-1.10091
1.10311
-0.00537916
0.0031771
-1.31002
1.3125
-0.00103648
-0.00144683
-1.56299
1.56572
0.00383415
-0.00656689
-1.55893
1.56135
0.0091454
-0.011566
-1.30056
1.30234
0.0138331
-0.015617
-1.08896
1.09031
0.0173096
-0.0186554
-0.915007
0.916074
0.0199588
-0.0210253
-0.772314
0.773219
0.0220909
-0.0229957
-0.655888
0.656464
0.0239024
-0.0244782
-0.546422
0.545127
0.0243764
-0.0230812
-0.405195
0.40072
0.0198355
-0.0153608
-0.229319
0.225059
0.00993634
-0.00567557
-0.0796923
0.0779656
0.00233949
-0.000612748
0.00020098
-0.168466
0.166868
-0.000914346
0.00251224
-0.353566
0.350447
-0.00478957
0.00790822
-0.534221
0.532519
-0.0105222
0.0122242
-0.668114
0.669033
-0.0124515
0.0115319
-0.789526
0.791349
-0.010119
0.00829599
-0.931972
0.933942
-0.00655677
0.00458679
-1.10544
1.10762
-0.00270073
0.000519494
-1.31506
1.31748
0.00159102
-0.00401497
-1.56846
1.57106
0.00632243
-0.00892448
-1.5637
1.56592
0.0113354
-0.0135504
-1.30399
1.30555
0.0155775
-0.0171354
-1.09151
1.09263
0.0185818
-0.0197023
-0.917003
0.917865
0.0207625
-0.0216242
-0.774019
0.774754
0.0224852
-0.0232202
-0.656949
0.657236
0.0239553
-0.0242425
-0.543672
0.542026
0.023825
-0.0221796
-0.39623
0.391802
0.0186806
-0.0142528
-0.220953
0.217029
0.00914216
-0.00521885
-0.0762931
0.0747015
0.00216497
-0.000573375
9.66617e-05
-0.165515
0.164435
-0.000527955
0.00160774
-0.347637
0.345213
-0.00327193
0.00569601
-0.530831
0.52936
-0.00784165
0.00931349
-0.669802
0.670727
-0.00950156
0.00857661
-0.793135
0.794978
-0.00717549
0.00533307
-0.936057
0.938051
-0.00357202
0.00157748
-1.10996
1.11217
0.000329629
-0.00253316
-1.32001
1.32241
0.00464297
-0.00704437
-1.57368
1.57616
0.00929286
-0.0117792
-1.56806
1.57007
0.0140272
-0.0160352
-1.30697
1.30829
0.0178105
-0.0191337
-1.09359
1.09448
0.0203244
-0.0212163
-0.918579
0.919223
0.0220297
-0.0226732
-0.77537
0.775904
0.023306
-0.0238395
-0.657417
0.657381
0.024345
-0.0243093
-0.540228
0.538251
0.0235233
-0.0215465
-0.387347
0.382964
0.0178232
-0.013441
-0.213209
0.209538
0.00858345
-0.00491267
-0.0731349
0.0716304
0.00205699
-0.00055251
-1.09721e-05
-0.163602
0.163034
-0.000130249
0.000698586
-0.343111
0.341413
-0.0017478
0.00344538
-0.527934
0.526807
-0.00504813
0.0061754
-0.671483
0.672456
-0.00623707
0.00526386
-0.796796
0.798674
-0.00384425
0.00196629
-0.940235
0.942292
-0.000157781
-0.00189909
-1.11456
1.11681
0.00386315
-0.00611091
-1.32494
1.32733
0.00824424
-0.0106413
-1.57869
1.58108
0.0128497
-0.0152404
-1.57203
1.57383
0.0173395
-0.01914
-1.30947
1.31053
0.0206519
-0.0217093
-1.0952
1.09582
0.0226004
-0.0232205
-0.919689
0.9201
0.0237562
-0.0241673
-0.7763
0.776573
0.0245517
-0.024824
-0.657244
0.656898
0.0249758
-0.0246293
-0.536083
0.533785
0.0234457
-0.0211479
-0.37853
0.374186
0.0172262
-0.0128827
-0.205924
0.202434
0.00822079
-0.00473041
-0.0701258
0.0686689
0.00200319
-0.000546221
-0.000128315
-0.162745
0.162733
0.000277997
-0.000265932
-0.340053
0.33911
-0.000151872
0.00109462
-0.525759
0.525086
-0.00209263
0.00276599
-0.673264
0.674376
-0.00259357
0.00148144
-0.800554
0.802521
3.40891e-05
-0.00200054
-0.944575
0.946715
0.00389752
-0.00603768
-1.11928
1.12159
0.00806862
-0.0103764
-1.32988
1.33229
0.0125485
-0.0149625
-1.58353
1.58584
0.0171533
-0.0194648
-1.57557
1.57716
0.0214171
-0.0229992
-1.31143
1.3122
0.0242293
-0.0249995
-1.09624
1.09655
0.0255502
-0.0258561
-0.920285
0.920399
0.0260491
-0.0261632
-0.77675
0.776725
0.0262337
-0.0262085
-0.656506
0.655821
0.0259689
-0.025284
-0.531242
0.528622
0.0237192
-0.021099
-0.36975
0.365401
0.0169677
-0.0126188
-0.198949
0.195558
0.00807066
-0.00467985
-0.0671858
0.0657343
0.00200773
-0.000556317
-0.000263848
-0.162967
0.163505
0.000757257
-0.00129515
-0.338551
0.338424
0.00154362
-0.00141651
-0.524515
0.524424
0.00109781
-0.00100632
-0.675303
0.676627
0.0015352
-0.00285905
-0.804515
0.806597
0.00451106
-0.00659361
-0.949125
0.951393
0.00859738
-0.0108652
-1.12417
1.12661
0.0130195
-0.015457
-1.3349
1.33738
0.0177288
-0.020211
-1.58822
1.59046
0.0224083
-0.0246454
-1.57868
1.58001
0.0264297
-0.0277606
-1.3128
1.31325
0.0286564
-0.0291022
-1.09665
1.09661
0.0292874
-0.0292471
-0.920275
0.920029
0.0290512
-0.0288054
-0.776613
0.776229
0.0284879
-0.0281039
-0.655115
0.654052
0.0274387
-0.0263757
-0.525688
0.522706
0.0243903
-0.0214083
-0.36091
0.356505
0.0170305
-0.0126259
-0.192123
0.188757
0.00811315
-0.00474716
-0.0642316
0.0627486
0.00206365
-0.000580603
-0.000414322
-0.164365
0.165579
0.00128431
-0.00249806
-0.338759
0.339498
0.00351261
-0.00425217
-0.524467
0.525078
0.00469009
-0.00530056
-0.677708
0.679277
0.00627014
-0.00783973
-0.808734
0.810996
0.00967559
-0.0119371
-0.954001
0.956467
0.0141091
-0.0165758
-1.12938
1.13201
0.0189151
-0.0215409
-1.3401
1.34268
0.0239547
-0.0265434
-1.59279
1.59498
0.0287741
-0.0309602
-1.58128
1.58236
0.032596
-0.033675
-1.31353
1.3136
0.0342069
-0.03428
-1.09634
1.0959
0.0340223
-0.0335743
-0.919568
0.918908
0.0329218
-0.0322617
-0.775773
0.774999
0.0314933
-0.0307184
-0.652915
0.651418
0.0295374
-0.0280397
-0.51933
0.515943
0.0255492
-0.0221628
-0.351898
0.347364
0.0174921
-0.0129583
-0.185289
0.181856
0.00837611
-0.00494333
-0.0611876
0.0596334
0.00217193
-0.000617724
-0.000602232
-0.167118
0.169052
0.00191244
-0.00384645
-0.340765
0.342519
0.00568017
-0.00743441
-0.525868
0.527302
0.00873855
-0.0101722
-0.680625
0.682615
0.0117351
-0.0137249
-0.813361
0.8159
0.0158564
-0.0183954
-0.959342
0.962075
0.0208094
-0.0235421
-1.13501
1.13788
0.0261192
-0.0289831
-1.34555
1.34827
0.0315782
-0.0343043
-1.59729
1.59942
0.0365867
-0.0387167
-1.58338
1.58416
0.0401708
-0.0409474
-1.31349
1.31311
0.0410622
-0.0406805
-1.09522
1.09429
0.0399142
-0.0389841
-0.918052
0.916918
0.0378082
-0.0366741
-0.77417
0.772964
0.0354015
-0.0341957
-0.649749
0.647757
0.0324583
-0.0304655
-0.512078
0.508225
0.0274014
-0.0235483
-0.342538
0.33776
0.0184918
-0.0137142
-0.178248
0.174629
0.0089219
-0.00530282
-0.0579692
0.0562941
0.00234453
-0.000669439
-0.000823768
-0.171392
0.174135
0.00264009
-0.00538273
-0.344836
0.347672
0.00811037
-0.0109458
-0.528944
0.531384
0.013283
-0.0157226
-0.684386
0.686971
0.0180205
-0.0206053
-0.818615
0.821546
0.0231642
-0.0260957
-0.965298
0.968385
0.0288402
-0.0319268
-1.14119
1.14437
0.0348195
-0.0380049
-1.35132
1.35425
0.0408522
-0.0437801
-1.60169
1.60376
0.0461442
-0.048217
-1.58486
1.58528
0.049456
-0.0498772
-1.31255
1.31167
0.0495168
-0.0486376
-1.09314
1.09165
0.0472718
-0.0457868
-0.915602
0.913927
0.0440066
-0.0423316
-0.771699
0.769986
0.0404898
-0.0387768
-0.645514
0.642955
0.0364554
-0.0338965
-0.503779
0.499365
0.0301794
-0.0257653
-0.332571
0.3274
0.020194
-0.0150228
-0.170737
0.166774
0.00983424
-0.00587138
-0.0544688
0.0526097
0.00259835
-0.000739297
-0.00109332
-0.177419
0.181083
0.00350604
-0.00716956
-0.351194
0.355254
0.0108984
-0.0149585
-0.533965
0.53766
0.0184769
-0.0221712
-0.689291
0.692642
0.025383
-0.0287345
-0.824743
0.828195
0.0318545
-0.0353066
-0.972078
0.975668
0.0385101
-0.0420997
-1.1481
1.15173
0.0454396
-0.04907
-1.35756
1.36073
0.0522493
-0.0554235
-1.606
1.60799
0.0578761
-0.059863
-1.58562
1.58561
0.0608277
-0.0608164
-1.3106
1.30914
0.0598755
-0.0584205
-1.08997
1.08786
0.0563823
-0.0542691
-0.912111
0.909836
0.051807
-0.0495314
-0.768206
0.765878
0.0470633
-0.0447352
-0.64004
0.636826
0.0418144
-0.0386009
-0.49422
0.489126
0.0341098
-0.0290158
-0.321661
0.315895
0.0227623
-0.0169958
-0.162417
0.157922
0.0111705
-0.00667552
-0.0505529
0.04844
0.00294402
-0.000831074
-0.00144765
-0.185555
0.190329
0.00461041
-0.00938459
-0.360175
0.365714
0.014301
-0.0198396
-0.541305
0.546575
0.0248199
-0.03009
-0.695674
0.700028
0.0344512
-0.0388046
-0.832064
0.836213
0.0426851
-0.0468343
-0.980007
0.984268
0.0506616
-0.0549228
-1.15598
1.16012
0.0588249
-0.0629694
-1.36431
1.36769
0.0664896
-0.0698674
-1.61011
1.61189
0.0723279
-0.0741042
-1.58546
1.58486
0.0746532
-0.07405
-1.30746
1.30531
0.0723787
-0.0702289
-1.08559
1.08279
0.0674271
-0.0646299
-0.907495
0.904566
0.0614304
-0.058502
-0.763489
0.760444
0.0553308
-0.0522856
-0.633158
0.629191
0.0486565
-0.0446896
-0.483148
0.477219
0.039304
-0.0333753
-0.309361
0.302753
0.0262078
-0.0195993
-0.152903
0.147697
0.0128799
-0.00767387
-0.0460846
0.0436626
0.00336053
-0.00093856
-0.00194527
-0.196397
0.202594
0.00610586
-0.0123022
-0.372295
0.379748
0.0187352
-0.0261883
-0.551468
0.55876
0.0330544
-0.0403469
-0.704009
0.709656
0.0461607
-0.0518077
-0.841015
0.846077
0.0567054
-0.0617669
-0.989395
0.994432
0.0663701
-0.0714071
-1.16491
1.16954
0.0759023
-0.080529
-1.37145
1.3749
0.0843145
-0.0877664
-1.61375
1.6151
0.0900797
-0.091436
-1.58405
1.58266
0.0913584
-0.0899617
-1.30288
1.29988
0.0873666
-0.0843689
-1.07982
1.07624
0.0806695
-0.0770892
-0.901642
0.898003
0.0730759
-0.0694361
-0.757399
0.75359
0.0654975
-0.0616883
-0.624671
0.619818
0.0571845
-0.0523307
-0.470193
0.463172
0.0458378
-0.0388175
-0.295126
0.287402
0.03042
-0.022696
-0.141832
0.135773
0.0148412
-0.00878295
-0.0409599
0.0382022
0.00380887
-0.00105116
-0.0027
-0.210921
0.219095
0.00827636
-0.0164506
-0.388362
0.398492
0.0250136
-0.0351432
-0.565172
0.574965
0.0446544
-0.0544468
-0.714946
0.722211
0.0620522
-0.0693167
-0.85203
0.858183
0.0753773
-0.0815307
-1.00039
1.00619
0.0869902
-0.0927883
-1.1748
1.17975
0.0977898
-0.102744
-1.37867
1.38193
0.106603
-0.109867
-1.61643
1.61704
0.11176
-0.112369
-1.58095
1.57849
0.111356
-0.108897
-1.29653
1.29252
0.105151
-0.101145
-1.07246
1.06799
0.0964
-0.0919294
-0.894449
0.890016
0.0870049
-0.0825722
-0.749908
0.745267
0.0776961
-0.073055
-0.614277
0.608276
0.0674795
-0.0614776
-0.454799
0.446347
0.0535277
-0.0450763
-0.278369
0.269274
0.0350916
-0.0259968
-0.12892
0.121947
0.0168304
-0.00985747
-0.0351387
0.0320664
0.00422074
-0.00114843
-0.00392219
-0.230795
0.242227
0.0117007
-0.0231329
-0.40979
0.424067
0.0351725
-0.0494496
-0.583191
0.596065
0.0625335
-0.0754082
-0.72909
0.738248
0.0850032
-0.094161
-0.865368
0.872436
0.101327
-0.108395
-1.01284
1.0191
0.1145
-0.12076
-1.18521
1.19007
0.125935
-0.130795
-1.38535
1.38796
0.134308
-0.136909
-1.61745
1.61686
0.137942
-0.137347
-1.5756
1.57176
0.135012
-0.131171
-1.28808
1.2829
0.126019
-0.12084
-1.06327
1.0578
0.114917
-0.109447
-0.885732
0.880355
0.103487
-0.0981095
-0.740873
0.735203
0.0921437
-0.0864733
-0.601474
0.593928
0.0794929
-0.071947
-0.436286
0.425978
0.062076
-0.0517674
-0.258529
0.247831
0.0397704
-0.0290718
-0.114007
0.106183
0.0185156
-0.0106915
-0.0286675
0.0253688
0.00450677
-0.00120813
-0.00685277
-0.259367
0.277792
0.02007
-0.0384946
-0.439168
0.459288
0.0565759
-0.0766961
-0.606196
0.621879
0.0938909
-0.109574
-0.746692
0.757095
0.120934
-0.131337
-0.880499
0.887565
0.13871
-0.145776
-1.02591
1.03175
0.151715
-0.157557
-1.19512
1.19903
0.162107
-0.166019
-1.39042
1.39159
0.168426
-0.169597
-1.61582
1.6134
0.169122
-0.166698
-1.56734
1.56167
0.162534
-0.156866
-1.27719
1.27055
0.149922
-0.143284
-1.05203
1.04547
0.135976
-0.12941
-0.87522
0.86885
0.122368
-0.115999
-0.72991
0.722794
0.10879
-0.101675
-0.585536
0.576026
0.0929215
-0.0834116
-0.413833
0.401163
0.0710968
-0.0584269
-0.235163
0.222549
0.0438778
-0.0312644
-0.0971085
0.0886737
0.0193
-0.0108652
-0.0216687
0.0183827
0.0044765
-0.0011905
-0.00723353
-0.29236
0.308841
0.0194933
-0.0359745
-0.472722
0.490533
0.0522022
-0.0700134
-0.631528
0.646503
0.0854734
-0.100449
-0.767511
0.778653
0.112005
-0.123147
-0.897802
0.907502
0.132094
-0.141795
-1.04134
1.05067
0.150387
-0.159715
-1.2076
1.21556
0.167851
-0.175809
-1.3982
1.40402
0.182678
-0.188502
-1.61669
1.61917
0.192834
-0.19531
-1.55996
1.55774
0.195102
-0.192882
-1.26576
1.26038
0.187978
-0.182593
-1.03958
1.03253
0.175564
-0.168506
-0.86269
0.854982
0.160567
-0.152859
-0.715957
0.705587
0.143264
-0.132894
-0.564031
0.549266
0.119186
-0.10442
-0.384713
0.366799
0.0860954
-0.0681815
-0.206876
0.1915
0.0490552
-0.0336784
-0.0788906
0.0698306
0.0199628
-0.0109027
-0.014985
0.0117509
0.00438384
-0.00114969
-0.00326412
-0.315705
0.326659
0.0102412
-0.0211948
-0.50073
0.513353
0.0324157
-0.0450381
-0.654312
0.666666
0.0567793
-0.0691333
-0.788235
0.797433
0.0790208
-0.0882189
-0.916785
0.925591
0.0961541
-0.10496
-1.05957
1.06803
0.112731
-0.121195
-1.22332
1.23043
0.128497
-0.135603
-1.40956
1.41479
0.14121
-0.146439
-1.62092
1.62208
0.149337
-0.150498
-1.55458
1.55112
0.149187
-0.145722
-1.25408
1.24764
0.139824
-0.133377
-1.02525
1.01768
0.125491
-0.117918
-0.847617
0.839317
0.109197
-0.100897
-0.69799
0.687646
0.0913895
-0.0810459
-0.539808
0.526956
0.067976
-0.0551239
-0.356458
0.345204
0.0413935
-0.0301396
-0.1852
0.177644
0.0195433
-0.0119879
-0.067361
0.0642131
0.00616172
-0.0030138
-0.0112856
0.0104404
0.00113583
-0.000290621
-0.00157922
-0.328599
0.336446
0.00529468
-0.0131417
-0.520186
0.529948
0.0214074
-0.031169
-0.672772
0.682742
0.0400335
-0.0500036
-0.805798
0.813824
0.0579324
-0.0659592
-0.933955
0.941399
0.0731075
-0.0805508
-1.07564
1.083
0.0875448
-0.0949063
-1.23722
1.24335
0.101233
-0.107362
-1.41925
1.4233
0.112353
-0.116405
-1.62321
1.6238
0.118913
-0.119499
-1.54749
1.54375
0.118052
-0.114309
-1.24124
1.23508
0.108525
-0.102366
-1.0101
1.0025
0.0948167
-0.0872163
-0.831462
0.822854
0.078378
-0.0697698
-0.679445
0.668996
0.0593168
-0.0488679
-0.518989
0.508139
0.0362364
-0.0253861
-0.339837
0.332577
0.0153354
-0.00807594
-0.176944
0.174092
0.00228226
0.000569596
-0.065398
0.0656932
-0.00143049
0.00113532
-0.0113946
0.0118004
-0.000549527
0.000143782
-0.00121927
-0.33587
0.34128
0.00334097
-0.00875068
-0.534152
0.541682
0.0151896
-0.0227198
-0.688112
0.695986
0.0302276
-0.0381015
-0.821069
0.827794
0.0447996
-0.051524
-0.948669
0.955369
0.0576
-0.0643003
-1.08998
1.09634
0.0703906
-0.0767435
-1.24939
1.25485
0.0824213
-0.0878817
-1.42725
1.4309
0.0921491
-0.0958012
-1.62463
1.62529
0.0979147
-0.0985748
-1.54057
1.53737
0.0972718
-0.0940707
-1.2293
1.22358
0.0888169
-0.0830976
-0.995289
0.987951
0.0759117
-0.068574
-0.814415
0.805589
0.0597058
-0.05088
-0.659906
0.649686
0.0401582
-0.0299376
-0.501612
0.492258
0.0186686
-0.00931431
-0.330726
0.326052
0.00170607
0.00296743
-0.176028
0.175661
-0.00606749
0.0064346
-0.0683437
0.070196
-0.0051688
0.00331654
-0.0134308
0.01454
-0.0015342
0.000425013
-0.00102489
-0.339473
0.343404
0.00265398
-0.00658465
-0.544762
0.551049
0.0117627
-0.0180495
-0.700518
0.707206
0.0240796
-0.0307683
-0.833966
0.839883
0.0361128
-0.0420293
-0.961752
0.967919
0.0472487
-0.0534156
-1.1024
1.10817
0.0588079
-0.0645753
-1.26008
1.26505
0.0695646
-0.0745397
-1.4345
1.4379
0.0784715
-0.081879
-1.62619
1.62696
0.083938
-0.0847133
-1.53465
1.53183
0.0836867
-0.0808729
-1.21831
1.21292
0.0760635
-0.0706724
-0.980979
0.97383
0.0637563
-0.0566074
-0.797231
0.78862
0.0479172
-0.0393054
-0.641216
0.632052
0.029366
-0.0202023
-0.487044
0.479375
0.0107445
-0.003075
-0.325468
0.322089
-0.0027719
0.00615096
-0.178658
0.17905
-0.0079135
0.00752221
-0.0733667
0.0754828
-0.00567405
0.00355792
-0.0163732
0.0175542
-0.0016231
0.000442118
-0.00102273
-0.341273
0.344612
0.00247482
-0.00581397
-0.552795
0.558242
0.0098845
-0.015332
-0.711452
0.716739
0.0206945
-0.0259819
-0.845239
0.850401
0.0306794
-0.0358422
-0.973639
0.978992
0.0406865
-0.046039
-1.11378
1.11872
0.0511717
-0.0561156
-1.26989
1.27456
0.0608521
-0.0655309
-1.4413
1.44459
0.0693102
-0.0726011
-1.62793
1.62878
0.0748577
-0.0757059
-1.52934
1.5267
0.07483
-0.0721886
-1.20789
1.20269
0.0678976
-0.0626957
-0.967299
0.960453
0.0559798
-0.0491341
-0.780697
0.772852
0.0409548
-0.0331103
-0.624644
0.616754
0.0241596
-0.0162703
-0.475274
0.469112
0.00821519
-0.00205334
-0.322012
0.319372
-0.00267253
0.00531266
-0.181881
0.182217
-0.00647271
0.00613586
-0.0786044
0.080262
-0.00456644
0.00290893
-0.0193076
0.0202689
-0.00131385
0.000352603
-0.00107453
-0.34259
0.345672
0.00251925
-0.00560167
-0.559599
0.564193
0.00904411
-0.0136385
-0.72066
0.725094
0.0185679
-0.0230012
-0.855479
0.860211
0.0271677
-0.0318989
-0.984042
0.989074
0.0363563
-0.0413884
-1.1241
1.1289
0.0458096
-0.0506087
-1.279
1.28357
0.0550654
-0.0596358
-1.4483
1.45158
0.0634067
-0.0666771
-1.62997
1.63126
0.0688096
-0.0700974
-1.52466
1.52211
0.0696551
-0.0671022
-1.19802
1.19317
0.0630902
-0.058241
-0.954189
0.947705
0.0518347
-0.0453508
-0.765698
0.758744
0.0379381
-0.0309836
-0.61058
0.6039
0.0233971
-0.0167163
-0.465478
0.460369
0.00999648
-0.00488771
-0.319163
0.316759
0.000460701
0.00194353
-0.18455
0.184451
-0.00320673
0.00330627
-0.0828282
0.0837387
-0.00261699
0.00170651
-0.0217007
0.0222592
-0.000763297
0.000204806
-0.0012559
-0.343917
0.346753
0.0027948
-0.0056309
-0.565382
0.569673
0.00882302
-0.0131136
-0.728785
0.732495
0.0175506
-0.0212612
-0.864539
0.868844
0.0252448
-0.0295499
-0.993741
0.998197
0.0336536
-0.03811
-1.1336
1.13849
0.0422947
-0.0471856
-1.28821
1.2924
0.051573
-0.055769
-1.45493
1.45868
0.0594826
-0.0632326
-1.63267
1.63405
0.0656764
-0.0670521
-1.52016
1.51808
0.0667113
-0.0646318
-1.18877
1.1842
0.0607789
-0.0562115
-0.94204
0.936025
0.0506118
-0.0445975
-0.752518
0.746447
0.0378732
-0.0318022
-0.598389
0.592756
0.0252088
-0.0195763
-0.457291
0.452824
0.013888
-0.00942104
-0.31621
0.313653
0.0051859
-0.00262888
-0.185864
0.185137
0.000743243
-1.62679e-05
-0.0853268
0.0854055
-0.000250587
0.000171883
-0.0231554
0.0232307
-8.12496e-05
5.96342e-06
-0.00133031
-0.345687
0.348365
0.00308538
-0.00576329
-0.570684
0.574774
0.00884702
-0.0129373
-0.735893
0.739868
0.0165453
-0.0205197
-0.872935
0.876843
0.0240565
-0.0279651
-1.00296
1.00737
0.0317007
-0.0361077
-1.14319
1.14767
0.0402929
-0.0447741
-1.29699
1.30142
0.0492942
-0.0537237
-1.46237
1.46612
0.057497
-0.0612445
-1.63577
1.63731
0.0641134
-0.0656482
-1.51666
1.51492
0.0657322
-0.0639999
-1.18021
1.17602
0.0606519
-0.0564662
-0.93094
0.925637
0.0511326
-0.0458304
-0.74108
0.735724
0.0398774
-0.0345206
-0.587948
0.582883
0.0285852
-0.0235207
-0.44966
0.445483
0.0185747
-0.0143986
-0.312781
0.309838
0.0101416
-0.00719879
-0.185505
0.183994
0.00478919
-0.00327845
-0.0860653
0.0852433
0.00202763
-0.0012057
-0.0236169
0.0232302
0.000578273
-0.000191558
-0.00143153
-0.347707
0.350607
0.0033577
-0.00625763
-0.575603
0.579522
0.00918356
-0.0131018
-0.742853
0.746402
0.0165978
-0.0201468
-0.880704
0.884462
0.0232681
-0.0270254
-1.0115
1.01581
0.0306664
-0.0349801
-1.15236
1.15689
0.0391301
-0.0436665
-1.30615
1.31075
0.0480367
-0.0526347
-1.46988
1.47395
0.056624
-0.0606887
-1.63946
1.64147
0.0635503
-0.0655532
-1.51366
1.51251
0.0660207
-0.0648799
-1.17255
1.16875
0.0618901
-0.0580876
-0.92096
0.916188
0.0533437
-0.0485723
-0.730592
0.725768
0.0430571
-0.0382327
-0.578529
0.574013
0.0327709
-0.028255
-0.442452
0.438361
0.0234264
-0.0193356
-0.308464
0.305059
0.0152101
-0.011805
-0.18349
0.181176
0.00866507
-0.00635073
-0.0848805
0.0833259
0.00418752
-0.00263293
-0.0232046
0.0223407
0.00127139
-0.000407424
-0.00154749
-0.350427
0.353231
0.00365105
-0.0064556
-0.581009
0.584552
0.00961691
-0.0131595
-0.749494
0.752827
0.0163949
-0.0197286
-0.888122
0.891993
0.0227111
-0.0265814
-1.02006
1.02405
0.0301117
-0.0341036
-1.16155
1.16607
0.0384201
-0.0429404
-1.31514
1.32005
0.0471664
-0.0520763
-1.47812
1.48222
0.056268
-0.0603752
-1.64393
1.6465
0.0636722
-0.066237
-1.51163
1.51093
0.0671389
-0.0664348
-1.1655
1.16221
0.0640538
-0.0607565
-0.912032
0.907599
0.0564348
-0.0520014
-0.721197
0.716787
0.0469217
-0.0425118
-0.569936
0.565399
0.0374698
-0.0329328
-0.435124
0.430856
0.0284451
-0.0241763
-0.302894
0.299191
0.0198061
-0.0161029
-0.179662
0.176481
0.0121754
-0.00899437
-0.0821412
0.079813
0.00591192
-0.00358372
-0.0219714
0.0208269
0.00165454
-0.000510081
-0.00159264
-0.353618
0.356418
0.00378354
-0.00658298
-0.585973
0.589616
0.00975227
-0.013395
-0.755811
0.758997
0.0164161
-0.0196021
-0.895703
0.899162
0.0227014
-0.0261598
-1.02814
1.03248
0.0295634
-0.0339044
-1.17065
1.17535
0.0377022
-0.0424064
-1.32466
1.32993
0.0468159
-0.0520823
-1.48655
1.49102
0.0563181
-0.0607904
-1.64935
1.65237
0.0642402
-0.0672611
-1.51069
1.51068
0.0687422
-0.0687368
-1.15952
1.15657
0.0668962
-0.0639477
-0.903581
0.899543
0.0600863
-0.0560482
-0.712508
0.707996
0.0513235
-0.0468121
-0.561519
0.557154
0.0420191
-0.0376539
-0.427447
0.423249
0.032921
-0.0287227
-0.296454
0.29217
0.024019
-0.0197355
-0.173977
0.17005
0.0151416
-0.0112146
-0.0779463
0.0749656
0.0073049
-0.00432424
-0.0201325
0.0187822
0.00191111
-0.000560806
-0.00156797
-0.357431
0.360215
0.00391223
-0.00669591
-0.59111
0.594623
0.0099001
-0.0134134
-0.761831
0.764853
0.0164584
-0.0194803
-0.902678
0.906228
0.022428
-0.0259784
-1.0364
1.04038
0.0294714
-0.0334434
-1.1798
1.18452
0.0375394
-0.0422655
-1.33446
1.33967
0.046505
-0.0517127
-1.49573
1.50066
0.0562669
-0.0612056
-1.6557
1.6594
0.0650649
-0.0687644
-1.51075
1.51136
0.0705497
-0.0711623
-1.15432
1.15193
0.069933
-0.0675465
-0.895901
0.892212
0.0639367
-0.0602479
-0.703935
0.699672
0.0555828
-0.0513197
-0.553145
0.548708
0.046552
-0.0421155
-0.419393
0.414905
0.0372483
-0.03276
-0.28868
0.283894
0.0277013
-0.0229153
-0.166845
0.162127
0.0177103
-0.0129926
-0.072546
0.0690731
0.00843446
-0.00496152
-0.0178527
0.016308
0.00214189
-0.000597155
-0.00149413
-0.361102
0.364231
0.00376045
-0.00688895
-0.596465
0.599997
0.0100467
-0.0135782
-0.767794
0.770674
0.016202
-0.0190814
-0.909315
0.91292
0.0221281
-0.0257325
-1.04456
1.0486
0.0291303
-0.0331691
-1.18932
1.19389
0.0372028
-0.0417744
-1.34468
1.3499
0.0463053
-0.0515232
-1.50546
1.51049
0.0562904
-0.0613237
-1.6631
1.66716
0.0657321
-0.0697978
-1.5123
1.51331
0.0725027
-0.0735108
-1.15018
1.14825
0.0730846
-0.0711577
-0.88873
0.885171
0.0681197
-0.0645603
-0.695683
0.691362
0.060164
-0.0558429
-0.544598
0.540072
0.0508833
-0.0463575
-0.410742
0.405944
0.0411309
-0.0363327
-0.279697
0.274342
0.0307944
-0.0254395
-0.15822
0.152901
0.0194664
-0.0141478
-0.0661635
0.0623662
0.00895141
-0.00515416
-0.0152004
0.0136274
0.00215713
-0.000584176
-0.00147674
-0.365413
0.368522
0.00372754
-0.00683639
-0.60196
0.605239
0.00981538
-0.0130951
-0.773683
0.776643
0.0158092
-0.0187691
-0.916074
0.919556
0.0218056
-0.0252873
-1.05229
1.05665
0.0284015
-0.0327634
-1.1985
1.20362
0.0365101
-0.0416253
-1.35512
1.36017
0.0462081
-0.0512626
-1.51548
1.52114
0.0559496
-0.0616156
-1.67157
1.67621
0.0661348
-0.0707743
-1.51508
1.51694
0.074124
-0.0759795
-1.1469
1.14568
0.0759182
-0.0747039
-0.882109
0.878871
0.0720265
-0.068788
-0.687378
0.683016
0.0644401
-0.0600772
-0.535717
0.530985
0.0549413
-0.0502093
-0.401366
0.396099
0.0446686
-0.0394011
-0.269526
0.26354
0.0331753
-0.0271889
-0.148222
0.142433
0.0205235
-0.0147344
-0.0590946
0.0551266
0.00912296
-0.00515503
-0.0124473
0.0108878
0.00211006
-0.000550489
-0.00142489
-0.369791
0.372815
0.00372
-0.00674329
-0.607474
0.610613
0.00975319
-0.0128919
-0.779522
0.782587
0.0155771
-0.0186424
-0.922785
0.926271
0.0213429
-0.0248285
-1.06051
1.06448
0.0280508
-0.0320243
-1.20779
1.21263
0.0359979
-0.0408421
-1.36552
1.37083
0.0453894
-0.0506968
-1.52648
1.53219
0.0555624
-0.0612711
-1.68098
1.68606
0.066386
-0.0714662
-1.51904
1.52168
0.0753678
-0.078007
-1.14483
1.14419
0.0787362
-0.0780961
-0.87597
0.872712
0.0759938
-0.0727354
-0.679045
0.674565
0.0686448
-0.0641657
-0.526299
0.521087
0.0589013
-0.0536893
-0.390856
0.384794
0.0476509
-0.0415888
-0.257937
0.251377
0.0346854
-0.0281253
-0.137193
0.131041
0.0207634
-0.0146112
-0.0516902
0.0476961
0.00883816
-0.00484413
-0.00967457
0.00823264
0.00193075
-0.000488821
-0.00146572
-0.374281
0.37713
0.00359002
-0.00643869
-0.612774
0.615741
0.00951468
-0.0124809
-0.785043
0.788023
0.0150148
-0.0179942
-0.929307
0.93262
0.0207639
-0.0240773
-1.06831
1.07214
0.0274069
-0.031228
-1.21735
1.22188
0.0353111
-0.0398366
-1.376
1.38111
0.0447937
-0.0498997
-1.53742
1.54353
0.0549928
-0.0610994
-1.6913
1.69684
0.0662158
-0.0717539
-1.52457
1.52778
0.0763937
-0.0796033
-1.14395
1.14386
0.0812341
-0.0811456
-0.870197
0.867611
0.07954
-0.0769537
-0.670465
0.666044
0.0728039
-0.0683834
-0.515909
0.510212
0.062696
-0.0569994
-0.379023
0.372147
0.050017
-0.0431415
-0.244981
0.237632
0.0350961
-0.0277478
-0.125445
0.119084
0.0198836
-0.0135225
-0.0442991
0.0406118
0.00788525
-0.00419797
-0.0071146
0.00589182
0.00162032
-0.000397539
-0.00132751
-0.378737
0.381722
0.00334881
-0.0063344
-0.618118
0.620922
0.0091472
-0.0119513
-0.790874
0.793831
0.0146032
-0.0175606
-0.935847
0.938987
0.0202601
-0.0234
-1.07622
1.07994
0.0266928
-0.0304164
-1.22653
1.23137
0.0341663
-0.0390073
-1.38671
1.39191
0.0437304
-0.0489387
-1.54906
1.55513
0.0541302
-0.0602011
-1.70254
1.70869
0.0657056
-0.0718624
-1.53154
1.53537
0.0768361
-0.080665
-1.14411
1.14482
0.083296
-0.0840097
-0.865538
0.863341
0.0830386
-0.0808411
-0.661942
0.657418
0.07714
-0.072616
-0.504484
0.497986
0.0666844
-0.0601871
-0.36519
0.356913
0.0520376
-0.0437609
-0.230271
0.221611
0.0342192
-0.0255588
-0.113328
0.10689
0.0168688
-0.0104311
-0.0376304
0.0347702
0.00528477
-0.00242462
-0.00505418
0.00442799
0.000743804
-0.000117613
-0.00137167
-0.383034
0.385762
0.00343228
-0.00615966
-0.623274
0.626113
0.00858661
-0.0114252
-0.796161
0.799046
0.0137416
-0.016626
-0.941971
0.945043
0.0194587
-0.0225306
-1.08338
1.08731
0.0256012
-0.0295261
-1.23572
1.24041
0.033265
-0.0379564
-1.39714
1.40267
0.042408
-0.047937
-1.56084
1.56709
0.0529975
-0.0592485
-1.71475
1.72097
0.065006
-0.0712224
-1.53976
1.5444
0.076843
-0.0814817
-1.14607
1.14747
0.0849301
-0.0863301
-0.861427
0.859909
0.0860364
-0.0845185
-0.653615
0.649105
0.081393
-0.0768831
-0.491564
0.48448
0.0707289
-0.0636448
-0.348319
0.338216
0.0543385
-0.0442362
-0.212654
0.201637
0.0322726
-0.0212556
-0.100667
0.0928487
0.010352
-0.00253413
-0.0326015
0.030039
-0.00328694
0.00584939
-0.004897
0.00746739
-0.00572832
0.00315793
-0.00118089
-0.387432
0.390232
0.00310659
-0.00590679
-0.628395
0.630867
0.00834567
-0.0108177
-0.801473
0.804244
0.0133846
-0.0161558
-0.948355
0.951157
0.0188648
-0.0216668
-1.09109
1.09476
0.0246321
-0.0283015
-1.24456
1.24905
0.0323805
-0.0368749
-1.40781
1.41307
0.0413154
-0.0465764
-1.57323
1.57905
0.0519306
-0.0577487
-1.72757
1.73416
0.063857
-0.0704462
-1.54918
1.5545
0.0764438
-0.081765
-1.14923
1.15145
0.0859735
-0.0881909
-0.858875
0.857887
0.0888551
-0.0878664
-0.645462
0.641663
0.0851932
-0.0813943
-0.477608
0.470192
0.0751352
-0.0677195
-0.32793
0.31613
0.0574197
-0.0456201
-0.189833
0.175164
0.0306444
-0.0159752
-0.0835757
0.0696945
0.000455844
0.0134253
-0.0265647
0.0201591
-0.0264418
0.0328474
-0.0137081
0.0222516
-0.0329306
0.0243871
-0.00112889
-0.391857
0.394295
0.00299366
-0.00543122
-0.63335
0.635832
0.0079902
-0.0104725
-0.806705
0.80952
0.0128586
-0.0156736
-0.954115
0.957014
0.0185001
-0.0213987
-1.0985
1.10233
0.0245322
-0.0283618
-1.25362
1.25841
0.0324756
-0.0372616
-1.41846
1.42438
0.0417021
-0.0476209
-1.5859
1.59247
0.0535569
-0.0601218
-1.74142
1.74938
0.0668258
-0.0747856
-1.56056
1.56742
0.0820576
-0.0889165
-1.15471
1.15827
0.0948675
-0.0984208
-0.857683
0.85774
0.100562
-0.100619
-0.638368
0.634693
0.0989805
-0.0953052
-0.462753
0.454965
0.0891649
-0.0813767
-0.302982
0.288896
0.0696565
-0.0555703
-0.158382
0.13771
0.0366051
-0.0159334
-0.0558609
0.0613112
0.00171965
-0.00716997
-0.0352545
0.132769
0.0540166
-0.151531
-0.110499
0.337887
0.352965
-0.580354
-0.00103626
-0.396013
0.3984
0.0029032
-0.00529054
-0.637948
0.640724
0.00761215
-0.0103883
-0.812076
0.814536
0.0126004
-0.0150604
-0.960262
0.963316
0.017823
-0.0208775
-1.10602
1.10985
0.0239844
-0.0278157
-1.263
1.26768
0.0319406
-0.0366209
-1.43019
1.436
0.0416404
-0.047451
-1.59963
1.60693
0.0537245
-0.0610274
-1.75755
1.76624
0.0683251
-0.0770103
-1.57491
1.58295
0.0853982
-0.0934397
-1.163
1.16816
0.100854
-0.106015
-0.858687
0.860242
0.110081
-0.111637
-0.632225
0.629593
0.110828
-0.108196
-0.448003
0.440313
0.102251
-0.094561
-0.274297
0.260071
0.084192
-0.0699666
-0.126403
0.150285
0.0603403
-0.0842223
-0.127834
0.3485
0.187128
-0.407794
-0.390506
0.625223
0.723984
-0.958701
-0.531912
0.631445
1.11594
-1.21547
-0.000785928
-0.399905
0.401382
0.00317051
-0.0046477
-0.642678
0.645231
0.00727089
-0.00982391
-0.817011
0.819757
0.0117373
-0.0144831
-0.966378
0.969689
0.0172779
-0.0205888
-1.11352
1.11797
0.0233089
-0.027759
-1.27241
1.27759
0.0311503
-0.0363347
-1.44213
1.44865
0.0411246
-0.0476447
-1.61441
1.62223
0.0538292
-0.0616536
-1.77557
1.78537
0.0693257
-0.0791183
-1.59175
1.60161
0.0883535
-0.0982199
-1.17434
1.18169
0.106767
-0.114124
-0.862959
0.867085
0.119779
-0.123904
-0.627954
0.626102
0.124418
-0.122567
-0.434822
0.426237
0.116882
-0.108298
-0.252614
0.283962
0.103691
-0.135039
-0.254944
0.497165
0.254831
-0.497053
-0.648308
0.856169
0.83043
-1.03829
-0.748365
0.814648
1.15897
-1.22525
-0.674358
0.69648
1.26639
-1.28851
-0.0010556
-0.402413
0.402497
0.00399229
-0.0040758
-0.646923
0.649339
0.00711162
-0.0095269
-0.82269
0.825373
0.0113498
-0.0140325
-0.973484
0.977958
0.0160765
-0.0205504
-1.123
1.1279
0.0224191
-0.0273131
-1.28313
1.28958
0.0298576
-0.0363058
-1.45513
1.46238
0.0403568
-0.0476041
-1.6308
1.63999
0.0534016
-0.0625908
-1.79598
1.8074
0.0699124
-0.0813325
-1.61229
1.62446
0.0910361
-0.103202
-1.19005
1.19983
0.112726
-0.122507
-0.873074
0.880334
0.129538
-0.136798
-0.624124
0.619621
0.140978
-0.136475
-0.425365
0.454365
0.136777
-0.165776
-0.382974
0.534807
0.275346
-0.427179
-0.804993
1.05145
0.750692
-0.997144
-0.965769
1.02213
1.12525
-1.18162
-0.84921
0.867297
1.2216
-1.23968
-0.710534
0.72296
1.25752
-1.26995
0.161669
-0.234281
0.121447
-0.0023272
-0.11917
0.353226
0.264151
-0.00609476
-0.155558
0.508526
0.3368
-0.0111293
-0.169243
0.643256
0.366867
-0.0164805
-0.173734
0.771695
0.383064
-0.0227068
-0.175313
0.908479
-0.0306246
0.398318
1.05534
0.416295
-0.0404512
1.21094
0.436478
-0.0539549
1.36651
0.458585
-0.0716953
1.50591
0.481233
-0.0949976
1.32934
0.499461
-0.120172
0.942406
0.50708
-0.141893
0.644412
0.498812
-0.155069
-0.150174
0.451477
0.475809
-0.213756
-0.177695
0.5989
0.76734
-0.599512
-0.372377
0.824306
1.844
-1.04741
-0.589297
0.642754
2.35359
-1.15421
-0.634414
0.419911
2.48277
-1.20253
-0.648561
0.228854
-1.23418
2.54252
-1.26157
-0.737035
2.73223
-0.00182623
-0.00184582
0.224577
-0.0592359
-0.00186894
0.417692
-0.417649
0.0047079
-0.00616382
0.658937
-0.657481
0.0082992
-0.0105844
0.830373
-0.828088
0.0125943
-0.0160901
0.981386
-0.97789
0.0185762
-0.0227774
1.13327
-1.12907
0.0265518
-0.0315261
-1.29433
1.2993
0.0370163
-0.0434344
-1.47014
1.47656
0.050407
-0.0585183
-1.65088
1.65899
0.0680209
-0.0791425
-1.82213
1.83325
0.0917121
-0.104122
-1.64029
1.6527
0.118053
-0.129152
-1.2125
1.2236
0.140509
-0.150103
-0.887998
0.897592
0.156116
-0.1786
0.645425
-0.622942
0.254597
-0.412987
0.779038
-0.620648
0.723059
-0.905566
1.36608
-1.18358
1.05186
-1.09945
1.31929
-1.27171
1.13694
-1.1604
1.11102
-1.08755
1.18148
-1.20138
0.923412
-0.903518
0.888748
-0.663042
-0.748765
1.42495
-0.000163024
-0.00274562
-0.22863
0.231539
-0.001747
-0.418481
0.420065
0.00436008
-0.00612692
-0.660988
0.662755
0.00808131
-0.0113573
-0.833602
0.836878
0.0129989
-0.0169062
-0.986005
0.989913
0.0190842
-0.0245719
-1.13875
1.14424
0.0275332
-0.0337581
-1.30601
1.31224
0.0382494
-0.0464055
-1.48496
1.49311
0.0520454
-0.0626631
-1.66987
1.68049
0.0707817
-0.0850618
-1.84749
1.86177
0.0961472
-0.112377
-1.66907
1.6853
0.125299
-0.140959
-1.23942
1.25508
0.152786
-0.166217
-0.911464
0.924895
0.188457
-0.250256
-0.690186
0.751986
0.423606
-0.67401
-0.99266
1.24306
0.907867
-1.00044
-1.49885
1.59143
1.0596
-1.09179
-1.3525
1.3847
1.12141
-1.14351
-1.13129
1.15339
1.16843
-1.19113
-0.938331
0.961033
0.89608
-0.634073
-0.779259
1.42425
1.99261e-05
-0.0019876
-0.234921
0.236889
-0.00152126
-0.421337
0.422878
0.00407423
-0.00605911
-0.664987
0.666972
0.00886363
-0.0115275
-0.839453
0.842117
0.0139094
-0.0174504
-0.993228
0.996769
0.020827
-0.0249639
-1.14844
1.15258
0.0293813
-0.0349526
-1.31788
1.32345
0.0407897
-0.0478988
-1.50085
1.50796
0.0553062
-0.0652025
-1.69053
1.70043
0.0752042
-0.0887566
-1.87558
1.88913
0.102626
-0.11833
-1.70145
1.71715
0.135067
-0.150102
-1.27076
1.2858
0.16646
-0.186002
-0.940501
0.960043
0.239089
-0.370239
-0.849858
0.981008
0.626293
-0.848512
-1.49505
1.71727
0.959831
-1.01133
-1.66181
1.71331
1.04529
-1.07201
-1.41325
1.43997
1.10045
-1.1237
-1.17701
1.20026
1.15044
-1.17835
-0.974407
1.00232
0.903105
-0.607298
-0.813741
1.43124
-0.000213213
-0.00143669
-0.239473
0.241122
-0.00165578
-0.424751
0.426193
0.00410036
-0.00614931
-0.669477
0.671526
0.0089181
-0.0119836
-0.844884
0.847949
0.0148565
-0.0184101
-0.999998
1.00355
0.0220763
-0.0265055
-1.15697
1.1614
0.0309118
-0.0367757
-1.32885
1.33471
0.0428275
-0.0504049
-1.51512
1.52269
0.0582277
-0.0682705
-1.71024
1.72028
0.0791529
-0.0930867
-1.90255
1.91648
0.108479
-0.125115
-1.7333
1.74994
0.143549
-0.160338
-1.30226
1.31905
0.180197
-0.214595
-0.98831
1.02271
0.324116
-0.523123
-1.15089
1.3499
0.778662
-0.899875
-1.88572
2.00693
0.960896
-0.994806
-1.75526
1.78917
1.02317
-1.04805
-1.46761
1.49249
1.07666
-1.10636
-1.22534
1.25503
1.13818
-1.16036
-1.02491
1.04708
0.89236
-0.56052
-0.844277
1.40547
-0.000534953
-0.000870063
-0.243317
0.244722
-0.00201967
-0.428045
0.429529
0.00427522
-0.00677341
-0.674144
0.676643
0.0095219
-0.0124229
-0.850866
0.853767
0.0153688
-0.0193695
-1.00675
1.01075
0.0231367
-0.0277808
-1.16591
1.17055
0.0323813
-0.0383852
-1.3405
1.3465
0.0450269
-0.0527334
-1.53038
1.53809
0.0608681
-0.0717568
-1.73043
1.74132
0.0832406
-0.0978592
-1.9309
1.94552
0.114208
-0.131878
-1.76727
1.78494
0.151528
-0.17048
-1.33722
1.35618
0.198771
-0.261657
-1.07262
1.1355
0.429606
-0.665161
-1.57252
1.80807
0.836511
-0.900376
-2.09205
2.15591
0.940567
-0.968022
-1.81874
1.8462
0.995068
-1.02196
-1.52248
1.54937
1.04661
-1.06149
-1.28077
1.29565
1.06949
-1.06217
-1.0572
1.04989
0.802242
-0.421685
-0.852335
1.25188
-0.000811703
-0.00033609
-0.246702
0.24785
-0.00202712
-0.431623
0.432838
0.00441184
-0.00703086
-0.679118
0.681737
0.00967438
-0.0127395
-0.857027
0.860092
0.0158871
-0.0200523
-1.01449
1.01865
0.0240717
-0.0289015
-1.1753
1.18013
0.0334966
-0.0397367
-1.35258
1.35882
0.0461907
-0.0543641
-1.54632
1.5545
0.062692
-0.0738296
-1.75194
1.76308
0.0851783
-0.100266
-1.96097
1.97605
0.116713
-0.134758
-1.80372
1.82176
0.15501
-0.17608
-1.3772
1.39827
0.217894
-0.31944
-1.22156
1.32311
0.526462
-0.720558
-2.03507
2.22916
0.810181
-0.850437
-2.20697
2.24723
0.878717
-0.899681
-1.86931
1.89028
0.927339
-0.944534
-1.57565
1.59285
0.955593
-0.950442
-1.30931
1.30416
0.918833
-0.8518
-1.0286
0.961561
0.698097
-0.38053
0.377458
-0.695024
-0.000674789
-0.000244465
-0.25003
0.250949
-0.00217756
-0.434956
0.436459
0.00468195
-0.00711602
-0.684639
0.687073
0.0102162
-0.0134569
-0.863505
0.866745
0.0167534
-0.0210127
-1.02212
1.02638
0.0252924
-0.0303551
-1.18484
1.18991
0.0358204
-0.0424659
-1.36527
1.37192
0.049467
-0.0581249
-1.56267
1.57133
0.0675654
-0.0792838
-1.7738
1.78551
0.0919167
-0.108775
-1.99119
2.00805
0.127057
-0.147273
-1.84057
1.86078
0.170235
-0.198207
-1.42296
1.45094
0.267443
-0.411645
-1.44421
1.58841
0.652649
-0.787283
-2.39093
2.52557
0.845339
-0.875462
-2.28005
2.31017
0.899856
-0.923196
-1.91236
1.9357
0.939807
-0.942324
-1.60407
1.60658
0.923373
-0.867237
-1.27724
1.2211
0.722073
-0.45908
-0.819704
0.55671
0.147602
-0.019432
-0.116658
-0.0115113
-0.000872843
-6.14478e-05
-0.252796
0.253731
-0.00221937
-0.439132
0.440479
0.00436604
-0.00704781
-0.690187
0.692868
0.00996289
-0.0134137
-0.870567
0.874018
0.017134
-0.0216617
-1.03056
1.03509
0.0261012
-0.0318874
-1.19546
1.20125
0.0378413
-0.044869
-1.37877
1.3858
0.0522929
-0.0619912
-1.58023
1.58993
0.0721697
-0.0849941
-1.7977
1.81053
0.0989474
-0.117141
-2.02511
2.04331
0.137512
-0.160215
-1.88168
1.90439
0.187012
-0.226225
-1.48497
1.52418
0.335912
-0.523279
-1.75293
1.94029
0.742662
-0.824218
-2.62593
2.70749
0.867069
-0.89341
-2.33778
2.36412
0.915572
-0.930565
-1.95364
1.96863
0.93193
-0.902325
-1.59843
1.56882
0.804576
-0.610071
-1.10443
0.90993
0.268478
-0.065637
-0.265624
0.0627828
-0.0017573
0.00709117
0.04827
-0.0536039
-0.000439176
-0.000253773
-0.255605
0.256298
-0.00204099
-0.442909
0.444511
0.00398207
-0.00666597
-0.696182
0.698865
0.00985801
-0.0135399
-0.87756
0.881242
0.0174434
-0.0221463
-1.03941
1.04411
0.0268985
-0.0330935
-1.20649
1.21268
0.0391495
-0.0471074
-1.39294
1.4009
0.0548508
-0.0655214
-1.59915
1.60982
0.0764723
-0.0902004
-1.82391
1.83764
0.105675
-0.12563
-2.06208
2.08203
0.147685
-0.173062
-1.92769
1.95306
0.206352
-0.263711
-1.57405
1.63141
0.41221
-0.634738
-2.14192
2.36445
0.793034
-0.848026
-2.77074
2.82573
0.881161
-0.901482
-2.38693
2.40726
0.917511
-0.917813
-1.97709
1.97739
0.875534
-0.754556
-1.50592
1.38494
0.488615
-0.17557
-0.6156
0.302555
0.0276858
0.00645995
0.0206008
-0.0547466
-0.00947393
0.00470572
0.0498247
-0.0450564
0.000127632
-0.000373521
-0.258267
0.258513
-0.00124876
-0.447063
0.448439
0.00332575
-0.00599176
-0.702608
0.705274
0.0091083
-0.0129032
-0.885528
0.889323
0.0171705
-0.0220075
-1.04897
1.0538
0.027268
-0.033663
-1.21865
1.22504
0.0402782
-0.048465
-1.40854
1.41673
0.0572179
-0.0683249
-1.6202
1.63131
0.080283
-0.0953463
-1.8523
1.86737
0.111673
-0.133313
-2.10258
2.12422
0.157595
-0.185685
-1.97948
2.00757
0.228284
-0.312627
-1.70355
1.78789
0.501521
-0.717252
-2.58228
2.79801
0.816829
-0.85696
-2.87186
2.91199
0.882255
-0.897275
-2.42583
2.44085
0.896969
-0.856138
-1.95881
1.91797
0.718167
-0.453452
-1.21036
0.945649
0.118663
-0.0173924
-0.0924828
-0.00878744
-0.00624281
0.00895013
0.0675254
-0.0702328
-0.00602269
0.00213109
0.0405437
-0.0366521
0.000686248
-0.00071552
-0.260289
0.260319
-0.000135057
-0.451203
0.452025
0.00230799
-0.00497087
-0.708999
0.711662
0.00809793
-0.0121757
-0.893418
0.897496
0.0162658
-0.0214061
-1.05876
1.0639
0.0271159
-0.0334565
-1.23143
1.23777
0.0407569
-0.0491065
-1.42548
1.43383
0.0583402
-0.0703035
-1.64219
1.65415
0.0831737
-0.0990931
-1.88271
1.89862
0.116899
-0.140139
-2.14648
2.16972
0.166354
-0.198219
-2.03748
2.06935
0.253504
-0.368024
-1.88909
2.00361
0.591879
-0.759296
-2.98729
3.1547
0.82468
-0.85113
-2.94452
2.97097
0.870131
-0.872404
-2.44809
2.45036
0.833189
-0.710412
-1.84493
1.72216
0.427961
-0.111321
-0.606632
0.289992
0.006648
0.010373
0.0547267
-0.0717477
-0.0114761
0.00913068
0.0693883
-0.0670428
-0.00490209
0.0016721
0.0325456
-0.0293156
0.00149444
-0.00103394
-0.261947
0.261487
0.00125793
-0.454728
0.454964
0.00023775
-0.00281617
-0.715507
0.718085
0.00607144
-0.0103406
-0.90168
0.905949
0.0145994
-0.0198351
-1.06924
1.07448
0.0254811
-0.032543
-1.24466
1.25172
0.0398455
-0.0492059
-1.44254
1.4519
0.0589083
-0.0711543
-1.66582
1.67807
0.0844159
-0.101684
-1.91515
1.93241
0.120309
-0.145038
-2.19325
2.21798
0.173203
-0.210222
-2.10349
2.14051
0.282266
-0.42431
-2.13192
2.27397
0.658875
-0.76889
-3.28896
3.39897
0.811571
-0.831376
-2.99411
3.01392
0.838881
-0.81247
-2.43653
2.41012
0.710807
-0.49291
-1.55753
1.33963
0.12986
-0.0282227
-0.0968626
-0.00477454
0.00527407
0.00427143
0.0860712
-0.0956167
-0.00608456
0.00474032
0.0659764
-0.0646322
-0.00243172
0.000724309
0.0272895
-0.025582
0.00272476
-0.00155775
-0.262724
0.261557
0.00296243
-0.457669
0.457431
-0.00187807
-0.000351695
-0.721839
0.724069
0.00313
-0.00725417
-0.910417
0.914541
0.0117288
-0.0172006
-1.08013
1.0856
0.0229326
-0.0303079
-1.25829
1.26567
0.0377433
-0.0472159
-1.46071
1.47018
0.0575178
-0.0701284
-1.69038
1.703
0.0839848
-0.101763
-1.94983
1.96761
0.121538
-0.147123
-2.24318
2.26877
0.177483
-0.21994
-2.1811
2.22356
0.313326
-0.477397
-2.4272
2.59127
0.686506
-0.755866
-3.486
3.55536
0.783743
-0.796546
-3.03092
3.04372
0.781955
-0.712045
-2.36249
2.29258
0.527446
-0.190241
-1.05149
0.71429
0.0314367
-0.00166377
0.0574473
-0.0872202
-0.0158703
0.0206727
0.0967601
-0.101563
-0.0195838
0.0143076
0.0600083
-0.0547321
-0.00733185
0.00233301
0.0216644
-0.0166656
0.00398536
-0.00217604
-0.26227
0.260461
0.00542306
-0.459413
0.457975
-0.00506418
0.00322183
-0.727846
0.729689
-0.00077097
-0.00302641
-0.919225
0.923022
0.00736055
-0.013029
-1.09087
1.09654
0.0189747
-0.0260049
-1.27273
1.27976
0.0339274
-0.0435009
-1.47963
1.4892
0.0536817
-0.0662959
-1.71616
1.72877
0.0806351
-0.0991577
-1.9854
2.00393
0.119531
-0.146372
-2.29496
2.3218
0.178185
-0.226526
-2.2713
2.31965
0.336046
-0.519742
-2.76424
2.94794
0.676402
-0.720206
-3.61084
3.65464
0.740223
-0.741917
-3.04885
3.05054
0.695907
-0.566922
-2.1895
2.06051
0.278743
-0.053131
-0.400354
0.174742
0.00671677
0.0102102
0.103875
-0.120802
-0.0161704
0.0203881
0.104446
-0.108663
-0.0200184
0.0155026
0.0479749
-0.043459
-0.008019
0.00239326
0.00984511
-0.00421937
0.00581527
-0.00288674
-0.260227
0.257299
0.00881524
-0.459658
0.456658
-0.00954621
0.00816069
-0.732922
0.734308
-0.00610441
0.00288431
-0.927601
0.930822
0.00144269
-0.00653774
-1.10159
1.10669
0.0123051
-0.0197433
-1.28662
1.29406
0.0269166
-0.0365917
-1.49851
1.50819
0.0468781
-0.0597213
-1.74181
1.75465
0.0738662
-0.0925575
-2.02214
2.04083
0.112818
-0.140069
-2.3488
2.37605
0.173552
-0.227845
-2.3738
2.42809
0.348132
-0.530892
-3.13278
3.31554
0.636113
-0.666288
-3.69241
3.72259
0.681151
-0.663237
-3.04097
3.02306
0.581858
-0.415074
-1.90278
1.736
0.09884
-0.037844
-0.0566211
-0.00437488
0.0145555
0.00484606
0.140963
-0.160365
-0.0137336
0.0181969
0.116281
-0.120744
-0.0189878
0.0156232
0.0410973
-0.0377328
-0.0087319
0.00304277
-2.11914e-05
0.00571032
0.00820267
-0.00379565
-0.255976
0.251569
0.0133409
-0.457549
0.45241
-0.0154085
0.0153131
-0.736569
0.736665
-0.0138006
0.0112532
-0.935193
0.937741
-0.00745896
0.00244154
-1.11173
1.11675
0.00305296
-0.00981418
-1.30057
1.30733
0.0169067
-0.0261734
-1.51717
1.52643
0.0357969
-0.0484748
-1.76768
1.78036
0.0622336
-0.0800367
-2.05871
2.07651
0.0999168
-0.126908
-2.40306
2.43005
0.161038
-0.21991
-2.48897
2.54784
0.34414
-0.500562
-3.48718
3.6436
0.569057
-0.592528
-3.74973
3.7732
0.6018
-0.572588
-2.994
2.96479
0.458492
-0.220993
-1.51963
1.28213
0.0204355
0.0348718
0.0504413
-0.105749
-0.0784367
0.0960501
0.170553
-0.188167
-0.105371
0.100965
0.117922
-0.113516
-0.0829402
0.0608266
0.0255535
-0.00343991
-0.0347484
0.0133042
-0.0179562
0.0394003
0.0113787
-0.0049483
-0.248984
0.242554
0.0188978
-0.451916
0.444397
-0.0234366
0.0247962
-0.738158
0.736798
-0.0237371
0.0222472
-0.941952
0.943442
-0.0195051
0.0150767
-1.12136
1.12579
-0.0101003
0.00384044
-1.31362
1.31988
0.00275302
-0.0113274
-1.53489
1.54346
0.0199443
-0.0318338
-1.7922
1.80409
0.0447603
-0.0614918
-2.09386
2.11059
0.0796139
-0.105043
-2.45603
2.48146
0.13831
-0.197088
-2.61214
2.67092
0.311115
-0.429291
-3.78341
3.90159
0.475101
-0.495456
-3.79752
3.81788
0.501184
-0.47066
-2.92845
2.89793
0.365618
-0.159671
-1.03618
0.830228
0.0566789
0.0271333
0.178634
-0.262446
-0.0904516
0.135342
0.220636
-0.265526
-0.158012
0.147754
0.105737
-0.0954792
-0.119355
0.083874
-0.0244966
0.0599777
-0.044731
0.0157657
-0.0671941
0.0961594
0.0155483
-0.0064501
-0.238462
0.229364
0.0267825
-0.441764
0.43053
-0.0340434
0.0376506
-0.73656
0.732953
-0.0384925
0.0370969
-0.946121
0.947516
-0.0355067
0.032162
-1.12968
1.13303
-0.0282635
0.0228305
-1.32476
1.33019
-0.0170549
0.00997336
-1.55109
1.55817
-0.00221652
-0.00844617
-1.81498
1.82565
0.0197532
-0.0342059
-2.1263
2.14075
0.0504424
-0.0724568
-2.50553
2.52755
0.101593
-0.151308
-2.73132
2.78103
0.241399
-0.317943
-4.00473
4.08128
0.345001
-0.358178
-3.83751
3.85069
0.359571
-0.341575
-2.86726
2.84927
0.278691
-0.216937
-0.663752
0.601998
0.135187
-0.0501542
0.350227
-0.43526
-0.0256595
0.0732195
0.313859
-0.361419
-0.0886856
0.0786197
0.08473
-0.0746642
-0.0496711
0.0216583
-0.0895086
0.117521
0.000162578
-0.00648778
-0.120506
0.126831
0.0206753
-0.00807036
-0.223346
0.210741
0.0369975
-0.425609
0.409287
-0.047754
0.0543257
-0.730202
0.723631
-0.0572365
0.057319
-0.948334
0.948251
-0.0566689
0.0546342
-1.13598
1.13802
-0.0519385
0.0482253
-1.33444
1.33815
-0.0438426
0.0380971
-1.56468
1.57042
-0.032045
0.0239174
-1.83477
1.8429
-0.0149017
0.00270066
-2.15457
2.16677
0.01057
-0.0274741
-2.54789
2.5648
0.0475557
-0.080488
-2.83061
2.86354
0.131839
-0.161237
-4.14204
4.17144
0.16554
-0.154757
-3.85687
3.84609
0.126218
-0.0859399
-2.81159
2.77131
0.04399
-0.0242978
-0.589583
0.569891
-0.00927495
0.0314164
0.506765
-0.528906
-0.0342007
0.0319002
0.398501
-0.396201
-0.00824269
-0.0218685
0.0505345
-0.0204233
0.0426501
-0.0454875
-0.134894
0.137731
0.0339277
-0.014253
-0.109464
0.089789
0.027397
-0.0100381
-0.202416
0.185057
0.0485302
-0.400579
0.379446
-0.0643434
0.0760199
-0.717823
0.706147
-0.0819133
0.0841857
-0.946632
0.944359
-0.0848447
0.0843914
-1.13906
1.13951
-0.0830455
0.0809247
-1.34085
1.34297
-0.0787755
0.0749206
-1.57456
1.57842
-0.0712049
0.065843
-1.85022
1.85558
-0.0597368
0.051356
-2.17667
2.18506
-0.0427006
0.031716
-2.58031
2.59129
-0.0207719
0.0133698
-2.89179
2.89919
-0.0127315
0.02119
-4.19058
4.18212
-0.0472504
0.0855867
-3.81471
3.77637
-0.145723
0.205842
-2.67898
2.61886
-0.256724
0.393713
-0.513674
0.376686
-0.424174
0.369501
0.529974
-0.475301
-0.302846
0.22462
0.332962
-0.254736
-0.136518
0.0733877
-0.0228319
0.085962
-0.0361378
0.020909
-0.150695
0.165923
-0.0138764
0.00717451
-0.084161
0.0908628
0.031656
-0.0103351
-0.17445
0.153129
0.0589418
-0.364595
0.337309
-0.0820901
0.101152
-0.69667
0.677608
-0.111982
0.118744
-0.939985
0.933223
-0.121262
0.123042
-1.13875
1.13697
-0.122963
0.123283
-1.34365
1.34333
-0.122961
0.122178
-1.58057
1.58135
-0.120952
0.118952
-1.85965
1.86165
-0.116484
0.112975
-2.19147
2.19498
-0.108925
0.103731
-2.60081
2.606
-0.102902
0.114925
-2.90506
2.89304
-0.159578
0.19601
-4.17317
4.13673
-0.215458
0.210191
-3.75267
3.75794
-0.182521
0.159989
-2.57251
2.59504
-0.15986
0.0330635
-0.251974
0.378771
0.279565
-0.393168
0.373232
-0.259629
0.414257
-0.344327
0.242127
-0.312056
0.169351
-0.0436648
-0.106643
-0.0190435
-0.0284372
0.0492398
-0.168243
0.14744
-0.0435903
0.0203089
-0.0973299
0.120611
0.0332266
-0.00977452
-0.138366
0.114914
0.070076
-0.315838
0.278989
-0.101833
0.130318
-0.661462
0.632977
-0.148889
0.161316
-0.926116
0.913689
-0.167835
0.171914
-1.1334
1.12932
-0.174426
0.176616
-1.34199
1.3398
-0.178768
0.180828
-1.58112
1.57906
-0.18285
0.184634
-1.86232
1.86053
-0.186256
0.188332
-2.19638
2.1943
-0.190741
0.193734
-2.60823
2.60523
-0.200177
0.231123
-2.87949
2.84855
-0.321726
0.376577
-4.11507
4.06022
-0.366772
0.290514
-3.79419
3.87045
-0.144013
-0.048994
-2.71033
2.90333
0.290978
-0.703064
-0.681016
1.0931
1.06033
-1.33043
0.0883217
0.181776
1.45527
-1.45395
0.3524
-0.353718
1.36497
-1.14897
0.301373
-0.517374
0.811494
-0.475857
0.040628
-0.376265
0.161003
-0.0128265
-0.121507
-0.0266699
0.0322121
-0.00834186
-0.0973431
0.0734728
0.0761545
-0.248309
0.204366
-0.121492
0.163143
-0.607592
0.565942
-0.191686
0.213055
-0.901475
0.880107
-0.224963
0.232771
-1.12278
1.11498
-0.238699
0.242852
-1.3366
1.33244
-0.247581
0.252968
-1.5758
1.57041
-0.258197
0.264239
-1.85699
1.85095
-0.270871
0.278953
-2.19012
2.18203
-0.288425
0.302153
-2.59884
2.58511
-0.324186
0.374795
-2.81749
2.76688
-0.530473
0.67844
-3.99456
3.84659
-0.74129
0.77218
-3.92463
3.89374
-0.773585
0.67279
-3.03464
3.13544
-0.392612
0.192211
-1.35722
1.55762
0.0380371
-0.229361
-0.444974
0.636298
0.392702
-0.515412
0.264878
-0.142168
0.605818
-0.666363
0.568618
-0.508074
0.69057
-0.616299
0.61087
-0.685142
0.455565
-0.210705
0.299707
-0.544566
0.0269535
-0.00599523
-0.0558289
0.0348707
0.0729051
-0.16717
0.121218
-0.130359
0.193322
-0.525899
0.462936
-0.238267
0.272112
-0.859672
0.825828
-0.292673
0.30647
-1.10562
1.09183
-0.315509
0.324159
-1.32691
1.31826
-0.330137
0.338364
-1.56486
1.55663
-0.346878
0.357421
-1.84325
1.8327
-0.36885
0.384885
-2.17133
2.15529
-0.402794
0.430845
-2.56656
2.5385
-0.472166
0.558741
-2.7076
2.62103
-0.783595
1.15574
-3.61635
3.2442
-1.43073
1.59821
-3.81493
3.64745
-1.74106
1.84329
-3.15916
3.05694
-1.80873
1.5537
-1.82108
2.0761
-1.31047
1.11504
-0.739148
0.934578
-0.902678
0.691136
0.00686834
0.204674
-0.477471
0.336091
0.416485
-0.275105
-0.221518
0.105336
0.661235
-0.545053
-0.0050572
-0.0433479
0.642044
-0.593639
0.0182183
-0.00366752
-0.0207924
0.00624163
0.055828
-0.085568
0.0479583
-0.116651
0.20219
-0.400497
0.314957
-0.274563
0.333873
-0.79062
0.73131
-0.368854
0.392508
-1.07756
1.0539
-0.40621
0.418612
-1.30996
1.29756
-0.427326
0.436968
-1.54845
1.53881
-0.447673
0.461411
-1.82102
1.80728
-0.477796
0.499593
-2.1375
2.1157
-0.526082
0.565598
-2.50543
2.46592
-0.623316
0.715153
-2.53437
2.44254
-0.901392
1.31513
-2.83187
2.41814
-1.84079
2.14392
-3.42146
3.11833
-2.35199
2.49209
-2.91318
2.77309
-2.57366
2.58052
-2.12037
2.11351
-2.4422
2.24975
-1.14091
1.33336
-1.99494
1.74342
-0.405277
0.6568
-1.45983
1.19925
0.0631392
0.197444
-0.896378
0.630743
0.341236
-0.0756
-0.365833
0.160573
0.439288
-0.234028
0.00162341
-0.0082698
-0.00955737
0.0310477
-0.0231845
0.00169416
-0.0729461
0.155211
-0.237424
0.155159
-0.247846
0.33636
-0.66657
0.578056
-0.39204
0.42627
-1.0274
0.993169
-0.44077
0.44663
-1.28569
1.27983
-0.449473
0.449008
-1.52994
1.5304
-0.449012
0.45062
-1.79356
1.79195
-0.453872
0.46028
-2.09355
2.08714
-0.469462
0.484037
-2.42772
2.41315
-0.506337
0.544898
-2.36298
2.32442
-0.607712
0.723956
-2.15219
2.03595
-1.00729
1.27593
-2.76666
2.49801
-1.43831
1.48189
-2.65262
2.60903
-1.50525
1.48902
-2.10273
2.11896
-1.41961
1.31196
-1.49717
1.60482
-1.16741
1.0206
-0.900168
1.04698
-0.853179
0.699739
-0.454412
0.607852
-0.533849
0.386107
-0.153992
0.301734
-0.226477
0.0913225
0.0320318
0.103123
0.000740372
0.00912012
-0.00986049
-0.00444799
0.0144322
0.0121941
-0.0221784
-0.0336261
0.0746745
-0.0957693
0.0547209
-0.139389
0.225636
-0.48738
0.401133
-0.293029
0.342099
-0.950739
0.90167
-0.366476
0.377951
-1.27107
1.25959
-0.382393
0.385379
-1.52883
1.52584
-0.385413
0.387056
-1.79035
1.78871
-0.389962
0.39508
-2.08131
2.07619
-0.402115
0.412106
-2.40139
2.3914
-0.424777
0.446891
-2.29535
2.27323
-0.477588
0.52552
-1.96037
1.91244
-0.635499
0.84561
-2.24378
2.03367
-1.02871
1.10417
-2.54436
2.4689
-1.11016
1.09221
-2.1313
2.14925
-1.0577
0.998517
-1.68645
1.74564
-0.895408
0.7849
-1.17498
1.28549
-0.653536
0.530294
-0.750345
0.873588
-0.396667
0.280077
-0.439659
0.556249
-0.160032
0.0632411
-0.216906
0.313697
0.00056898
0.0106239
-0.0111929
-0.00319018
0.0100841
0.0302498
-0.0371437
-0.0213566
0.0429213
-0.0257197
0.00415508
-0.0773555
0.139432
-0.32519
0.263113
-0.201225
0.254414
-0.849007
0.795817
-0.284684
0.301283
-1.24476
1.22817
-0.307866
0.312383
-1.52231
1.51779
-0.314107
0.315895
-1.78704
1.78525
-0.319059
0.323791
-2.07149
2.06676
-0.329526
0.337554
-2.38261
2.37458
-0.346256
0.358976
-2.25632
2.2436
-0.374314
0.392328
-1.88365
1.86564
-0.437565
0.528037
-1.88869
1.79821
-0.674745
0.745272
-2.39104
2.32051
-0.76307
0.745901
-2.1706
2.18777
-0.707109
0.659442
-1.7957
1.84337
-0.592836
0.514652
-1.3793
1.45749
-0.42461
0.341018
-0.975586
1.05918
-0.250679
0.171236
-0.652826
0.73227
-0.0896758
0.029849
-0.391938
0.451765
0.000475607
0.0114856
-0.0119612
-0.00412814
0.0125755
0.0438254
-0.0522727
-0.0231547
0.0382118
0.0132525
-0.0283096
-0.0561809
0.0897719
-0.215478
0.181887
-0.131591
0.173745
-0.746004
0.703851
-0.201246
0.218822
-1.21036
1.19279
-0.227133
0.232656
-1.513
1.50747
-0.236746
0.240145
-1.7829
1.7795
-0.244763
0.250899
-2.06144
2.0553
-0.257008
0.264139
-2.36718
2.36005
-0.269932
0.277241
-2.23396
2.22665
-0.284777
0.292757
-1.8531
1.84512
-0.30768
0.338679
-1.7447
1.7137
-0.421505
0.468521
-2.26229
2.21527
-0.48183
0.470979
-2.20062
2.21147
-0.443943
0.40947
-1.88449
1.91896
-0.36395
0.314039
-1.52086
1.57077
-0.252567
0.196953
-1.12806
1.18367
-0.137709
0.0861622
-0.796598
0.848144
-0.0355104
0.00485637
-0.495797
0.526451
0.00423561
0.0138365
-0.0180721
-0.01571
0.0331071
0.0650485
-0.0824456
-0.0487296
0.0600491
0.0422493
-0.0535688
-0.0643879
0.0686154
-0.163191
0.158963
-0.0820192
0.102917
-0.671696
0.650798
-0.11956
0.132412
-1.1777
1.16485
-0.140557
0.147768
-1.50114
1.49393
-0.154595
0.161789
-1.77443
1.76724
-0.169131
0.177737
-2.04802
2.03941
-0.185234
0.192707
-2.35301
2.34553
-0.196892
0.200682
-2.22133
2.21754
-0.203066
0.203821
-1.84134
1.84059
-0.206882
0.216738
-1.69558
1.68573
-0.258074
0.287627
-2.17855
2.14899
-0.292286
0.280664
-2.2226
2.23422
-0.259079
0.234978
-1.94748
1.97159
-0.205139
0.17392
-1.61012
1.64134
-0.13476
0.0991958
-1.22834
1.2639
-0.0619188
0.0304943
-0.888988
0.920413
-0.00317029
-0.00623774
-0.545216
0.554625
0.010016
0.0252129
-0.0352289
-0.0278596
0.0463
0.10233
-0.12077
-0.0566395
0.0562702
0.0594839
-0.0591147
-0.0481565
0.0337239
-0.164898
0.179331
-0.0226901
0.0205573
-0.642378
0.64451
-0.0255299
0.0346403
-1.15399
1.14488
-0.0449681
0.0573783
-1.48464
1.47223
-0.0691691
0.0822661
-1.75739
1.74429
-0.0938726
0.106168
-2.02913
2.01684
-0.116373
0.12596
-2.3374
2.32781
-0.131212
0.133695
-2.21481
2.21233
-0.134218
0.133399
-1.84162
1.84244
-0.131292
0.13231
-1.68054
1.67953
-0.146958
0.164246
-2.12518
2.10789
-0.167267
0.158524
-2.24494
2.25368
-0.141735
0.123509
-1.99295
2.01118
-0.102425
0.0827004
-1.66608
1.6858
-0.0586912
0.0367427
-1.29154
1.31349
-0.0140418
-0.00420345
-0.94474
0.962985
0.0158199
-0.0124484
-0.556526
0.553155
0.00910741
0.0464394
-0.0555468
-0.0176014
0.0199109
0.132894
-0.135203
-0.0118327
-0.00522356
0.0505955
-0.0335393
0.0261437
-0.0533376
-0.201271
0.228465
0.0761442
-0.0888561
-0.653306
0.666018
0.0880193
-0.0743193
-1.1341
1.1204
0.0556402
-0.0339536
-1.45581
1.43412
0.0144964
0.00613893
-1.72718
1.70655
-0.0240943
0.0417813
-2.00187
1.98418
-0.0558257
0.0685439
-2.31676
2.30405
-0.0758051
0.0785764
-2.2099
2.20713
-0.0785463
0.0775266
-1.8435
1.84452
-0.0736325
0.0707654
-1.68115
1.68402
-0.0744245
0.0823792
-2.096
2.08804
-0.0830874
0.0774994
-2.2605
2.26608
-0.0671253
0.055554
-2.02583
2.03741
-0.0416101
0.0287912
-1.70167
1.71449
-0.0142301
0.00102231
-1.33073
1.34394
0.0123114
-0.0218355
-0.975752
0.985276
0.0232729
-0.0122483
-0.545656
0.534631
-0.000890679
0.0600435
-0.0591528
0.0104886
-0.0308551
0.125692
-0.105325
0.0556745
-0.086168
0.00816764
0.0223259
0.11616
-0.148087
-0.258544
0.290471
0.171511
-0.184435
-0.679741
0.692665
0.180547
-0.160589
-1.10336
1.08341
0.136091
-0.107944
-1.40822
1.38008
0.0821889
-0.0549403
-1.68167
1.65442
0.0323457
-0.0107646
-1.96444
1.94286
-0.0058821
0.0209777
-2.2902
2.2751
-0.0301961
0.0343549
-2.20396
2.1998
-0.034095
0.0334331
-1.84557
1.84623
-0.0296929
0.0259149
-1.68717
1.69095
-0.0258538
0.0307835
-2.08218
2.07725
-0.0308933
0.0266632
-2.27103
2.27526
-0.0197065
0.012858
-2.0462
2.05304
-0.00489658
-0.00227315
-1.72431
1.73148
0.0108736
-0.0187052
-1.35416
1.36199
0.0261948
-0.0296209
-0.991362
0.994788
0.024605
-0.0107564
-0.522054
0.508206
-0.0106211
0.0527147
-0.0420935
0.0326295
-0.0652267
0.0773523
-0.0447552
0.0980963
-0.135395
-0.0572104
0.0945087
0.168426
-0.200114
-0.323354
0.355042
0.220555
-0.227556
-0.702666
0.709666
0.218711
-0.198156
-1.06173
1.04117
0.174133
-0.14594
-1.3511
1.32291
0.12
-0.0924414
-1.62642
1.59886
0.0694925
-0.0470281
-1.92023
1.89777
0.0293542
-0.0133466
-2.25938
2.24337
0.00276903
0.00240165
-2.19477
2.1896
-0.00514435
0.00257913
-1.84732
1.84989
-0.00061473
-0.00461743
-1.69602
1.70125
0.00722625
-0.00283649
-2.07146
2.06707
0.0022752
-0.00480289
-2.2783
2.28083
0.00903533
-0.0137753
-2.05898
2.06372
0.0190398
-0.0235716
-1.73751
1.74204
0.0283284
-0.032647
-1.36748
1.3718
0.0361874
-0.0352294
-0.996057
0.995099
0.0251407
-0.00957857
-0.493461
0.477899
-0.01276
0.0294907
-0.0167307
0.0364749
-0.0694984
0.0106884
0.0223351
0.101868
-0.136972
-0.131732
0.166837
0.166417
-0.19282
-0.384243
0.410646
0.208052
-0.21222
-0.714313
0.718481
0.204835
-0.189033
-1.02264
1.00684
0.170843
-0.148889
-1.29744
1.27548
0.127783
-0.10466
-1.57306
1.54994
0.084993
-0.0652508
-1.87628
1.85654
0.0493884
-0.0345819
-2.22792
2.21312
0.0240648
-0.0179844
-2.18375
2.17767
0.0155387
-0.0162741
-1.8512
1.85193
0.0200366
-0.0255437
-1.70586
1.71137
0.0299174
-0.0256783
-2.06339
2.05915
0.024184
-0.025274
-2.28227
2.28336
0.0278788
-0.0308506
-2.06726
2.07023
0.0338161
-0.0362982
-1.74538
1.74786
0.038693
-0.0407181
-1.37487
1.37689
0.0414568
-0.0372004
-0.992499
0.988242
0.0238627
-0.00812347
-0.462126
0.446387
-0.00974987
0.00523062
0.00451925
0.0282661
-0.054451
-0.0524942
0.078679
0.0802637
-0.108008
-0.198472
0.226216
0.13086
-0.151029
-0.433715
0.453883
0.162878
-0.167389
-0.722718
0.727229
0.164396
-0.156002
-0.994685
0.986292
0.145191
-0.130952
-1.25734
1.2431
0.116276
-0.0996053
-1.5301
1.51342
0.0849433
-0.0697396
-1.83897
1.82377
0.0569439
-0.0444881
-2.1996
2.18714
0.0353063
-0.0297501
-2.17174
2.16619
0.0270789
-0.0278426
-1.85272
1.85349
0.0305669
-0.0358599
-1.7172
1.72249
0.041484
-0.0377149
-2.05463
2.05087
0.0352631
-0.0357348
-2.28381
2.28428
0.0378376
-0.0403344
-2.07281
2.07531
0.0426574
-0.0444128
-1.7499
1.75166
0.0457435
-0.0465027
-1.37827
1.37903
0.0451406
-0.0381423
-0.982631
0.975632
0.0222559
-0.00693648
-0.430808
0.415489
-0.00582181
-0.0122408
0.0180626
0.0175682
-0.0351734
-0.100508
0.118113
0.0532941
-0.0732227
-0.249964
0.269892
0.0898126
-0.104801
-0.471333
0.486321
0.114315
-0.119499
-0.731908
0.737092
0.119966
-0.117262
-0.980823
0.978118
0.112359
-0.104792
-1.23253
1.22497
0.0961158
-0.0858391
-1.50032
1.49004
0.0762701
-0.0658286
-1.81091
1.80047
0.0566079
-0.0470499
-2.17626
2.16671
0.0394221
-0.0346635
-2.16113
2.15637
0.0314597
-0.0304285
-1.85334
1.85231
0.0313035
-0.034944
-1.72676
1.7304
0.0411405
-0.040046
-2.04875
2.04765
0.0393488
-0.0405542
-2.28481
2.28601
0.0433203
-0.046307
-2.07784
2.08083
0.0488391
-0.050545
-1.75333
1.75503
0.0514628
-0.0513278
-1.37939
1.37926
0.0480196
-0.0383868
-0.967378
0.957746
0.0205344
-0.00598281
-0.400559
0.386008
-0.00293764
-0.022256
0.0251936
0.00940363
-0.0199076
-0.13186
0.142364
0.0314756
-0.0448064
-0.286286
0.299617
0.0561976
-0.06687
-0.499009
0.509682
0.0743068
-0.0796534
-0.742331
0.747678
0.0823058
-0.0832373
-0.977273
0.978204
0.08232
-0.0793632
-1.22002
1.21707
0.0751657
-0.0697225
-1.48271
1.47727
0.0641808
-0.057772
-1.79209
1.78568
0.0515656
-0.0446571
-2.15874
2.15183
0.0382577
-0.0339083
-2.15188
2.14753
0.0298274
-0.0269344
-1.85053
1.84764
0.0247841
-0.0258642
-1.73248
1.73356
0.0337752
-0.0370967
-2.04857
2.05189
0.0391878
-0.0428771
-2.28838
2.29207
0.0476406
-0.051783
-2.08425
2.0884
0.0550164
-0.0570203
-1.7568
1.7588
0.0576888
-0.056519
-1.37878
1.37761
0.050907
-0.0384811
-0.946813
0.934387
0.0190184
-0.00528258
-0.371873
0.358137
-0.00130044
-0.0271554
0.0284558
0.00453087
-0.0103336
-0.150181
0.155984
0.0172884
-0.0258315
-0.310272
0.318815
0.0334036
-0.0407596
-0.518529
0.525885
0.0463246
-0.0511229
-0.752712
0.75751
0.0545052
-0.0571291
-0.979923
0.982546
0.0583982
-0.0582564
-1.21584
1.21569
0.0570199
-0.0549041
-1.47397
1.47185
0.0523342
-0.0489918
-1.78082
1.77748
0.0452558
-0.0406062
-2.14629
2.14164
0.0352647
-0.0307224
-2.14307
2.13852
0.0251445
-0.019918
-1.84328
1.83805
0.0154665
-0.0154353
-1.73403
1.734
0.0252028
-0.0359037
-2.05916
2.06986
0.0433677
-0.0493582
-2.29719
2.30318
0.0557005
-0.0605403
-2.09294
2.09778
0.0639868
-0.0657827
-1.76062
1.76241
0.0655878
-0.062699
-1.37587
1.37298
0.0540315
-0.0386053
-0.920518
0.905092
0.0179639
-0.00490701
-0.34473
0.331673
-0.000509049
-0.0292603
0.0297694
0.0020707
-0.00524676
-0.160208
0.163384
0.00940239
-0.0148317
-0.325533
0.330962
0.0197914
-0.0247026
-0.531865
0.536776
0.0286504
-0.0325683
-0.761843
0.765761
0.0359027
-0.0390634
-0.98527
0.98843
0.0412562
-0.0425983
-1.2165
1.21784
0.0431284
-0.0431484
-1.47124
1.47126
0.0425512
-0.0413957
-1.77528
1.77412
0.0397333
-0.0371757
-2.13819
2.13563
0.033707
-0.0296855
-2.1343
2.13028
0.0235578
-0.0175727
-1.83223
1.82625
0.0128508
-0.0139098
-1.73436
1.73542
0.0269312
-0.0431763
-2.08329
2.09953
0.0548744
-0.0622148
-2.31014
2.31748
0.0687275
-0.0727416
-2.10231
2.10632
0.0750024
-0.0754387
-1.76352
1.76396
0.0731623
-0.0677012
-1.36923
1.36377
0.0553792
-0.0374716
-0.888365
0.870457
0.016794
-0.00461146
-0.319036
0.306854
-0.000202538
-0.0300675
0.03027
0.00106355
-0.00302241
-0.165775
0.167733
0.00573856
-0.00939865
-0.335281
0.338941
0.0127312
-0.015932
-0.540693
0.543893
0.0185163
-0.0213476
-0.769124
0.771955
0.0241524
-0.027274
-0.991363
0.994485
0.0297858
-0.0318952
-1.21965
1.22176
0.0333695
-0.0346394
-1.47233
1.4736
0.0353594
-0.0358641
-1.77378
1.77428
0.0358561
-0.0354
-2.13431
2.13385
0.0339681
-0.031529
-2.12717
2.12473
0.027255
-0.0233859
-1.82083
1.81696
0.0206958
-0.024344
-1.73761
1.74126
0.039668
-0.0583809
-2.11713
2.13584
0.0715561
-0.0784313
-2.32497
2.33185
0.0835603
-0.0854389
-2.10927
2.11115
0.0854208
-0.08356
-1.76314
1.76128
0.0785587
-0.0698188
-1.35691
1.34817
0.0540337
-0.0348314
-0.851761
0.832559
0.0152896
-0.00423553
-0.295186
0.284132
-0.000143197
-0.0304083
0.0305515
0.000809382
-0.00233734
-0.169376
0.170904
0.00445773
-0.00729614
-0.342019
0.344857
0.00976759
-0.011885
-0.546421
0.548538
0.0134379
-0.0152632
-0.774207
0.776032
0.0173085
-0.0198128
-0.99708
0.999584
0.0220922
-0.024433
-1.22404
1.22638
0.026454
-0.0285116
-1.47555
1.47761
0.030288
-0.032149
-1.77577
1.77763
0.0336705
-0.0354204
-2.13446
2.13621
0.0364709
-0.0376261
-2.12437
2.12552
0.0377041
-0.0376662
-1.81449
1.81446
0.0395517
-0.0459921
-1.74642
1.75286
0.0615875
-0.0789451
-2.15396
2.17132
0.0905558
-0.0952362
-2.33807
2.34275
0.0973401
-0.0960565
-2.11148
2.11019
0.0930009
-0.0883112
-1.75784
1.75315
0.0799225
-0.0682452
-1.338
1.32633
0.0501742
-0.0311268
-0.813289
0.794242
0.0134259
-0.00370201
-0.273648
0.263924
-0.000188802
-0.0306985
0.0308873
0.000866848
-0.00229878
-0.172339
0.173771
0.00422631
-0.00678875
-0.347444
0.350006
0.00896051
-0.0105589
-0.550268
0.551866
0.0113468
-0.0122367
-0.77736
0.77825
0.0136188
-0.0156244
-1.00156
1.00356
0.0175331
-0.0196874
-1.22861
1.23077
0.0218159
-0.0244216
-1.48014
1.48274
0.0268429
-0.0297034
-1.78045
1.78331
0.0326176
-0.0366474
-2.13925
2.14328
0.0416293
-0.0477034
-2.12949
2.13556
0.0529153
-0.0576036
-1.81696
1.82165
0.0645081
-0.0729319
-1.75961
1.76804
0.0855751
-0.097911
-2.18634
2.19868
0.105878
-0.106929
-2.34581
2.34686
0.105523
-0.101293
-2.10731
2.10308
0.0954044
-0.0881173
-1.74689
1.73961
0.0771996
-0.0636572
-1.31361
1.30007
0.0449693
-0.0270977
-0.775745
0.757874
0.011286
-0.00294838
-0.254855
0.246517
-0.000250024
-0.0310976
0.0313476
0.000973563
-0.00236353
-0.175159
0.176549
0.00416795
-0.00659506
-0.352432
0.354859
0.00872673
-0.01025
-0.553335
0.554858
0.0106401
-0.0106172
-0.778608
0.778585
0.0110282
-0.0122728
-1.00509
1.00633
0.0139198
-0.0159874
-1.23286
1.23493
0.0181214
-0.0208834
-1.48567
1.48843
0.023578
-0.0272732
-1.78687
1.79056
0.0316079
-0.0375835
-2.14864
2.15461
0.0450944
-0.0550318
-2.14394
2.15388
0.065229
-0.0741414
-1.82911
1.83802
0.0848934
-0.0940345
-1.77618
1.78532
0.101558
-0.106555
-2.20717
2.21217
0.109937
-0.109138
-2.34671
2.34591
0.105463
-0.0998206
-2.09798
2.09234
0.0926908
-0.08422
-1.73146
1.72299
0.0723335
-0.0584843
-1.28623
1.27238
0.0404062
-0.02375
-0.740638
0.723982
0.00923398
-0.00209395
-0.238751
0.231611
-0.000301687
-0.0316211
0.0319228
0.00105546
-0.0023716
-0.177891
0.179207
0.00399549
-0.00621719
-0.357162
0.359384
0.00836013
-0.0101031
-0.556416
0.558159
0.010414
-0.00967262
-0.778185
0.777444
0.00917262
-0.00909016
-1.00675
1.00667
0.00953689
-0.0109166
-1.23691
1.23828
0.0129255
-0.0155142
-1.49118
1.49377
0.0184493
-0.0225117
-1.79459
1.79865
0.0270616
-0.0336633
-2.16129
2.1679
0.0424336
-0.0541525
-2.16506
2.17678
0.0673545
-0.0789273
-1.84869
1.86026
0.0922366
-0.101464
-1.79389
1.80311
0.104551
-0.104636
-2.21394
2.21402
0.1053
-0.103801
-2.34494
2.34344
0.0996955
-0.0941656
-2.08662
2.08109
0.0873942
-0.0794473
-1.71453
1.70658
0.0683405
-0.0554086
-1.25889
1.24596
0.0382841
-0.0220288
-0.707588
0.691333
0.00788848
-0.00147102
-0.224767
0.21835
-0.000343618
-0.0322473
0.0325909
0.00112233
-0.00234872
-0.180473
0.181699
0.00372324
-0.00555697
-0.361441
0.363275
0.00750169
-0.00945073
-0.560071
0.56202
0.010206
-0.00947712
-0.776719
0.77599
0.00784741
-0.00658431
-1.00617
1.00491
0.00611039
-0.00639418
-1.23921
1.2395
0.00750846
-0.00927956
-1.49602
1.49779
0.0117372
-0.0150334
-1.80241
1.8057
0.0187898
-0.0244994
-2.17403
2.17974
0.0318071
-0.0426082
-2.18873
2.19954
0.057214
-0.0699542
-1.87304
1.88578
0.0841022
-0.0953557
-1.8128
1.82405
0.0983899
-0.0952571
-2.21195
2.20882
0.0937017
-0.0922831
-2.34208
2.34066
0.089814
-0.0865949
-2.07639
2.07317
0.0821923
-0.0760406
-1.69944
1.69329
0.0669675
-0.0552935
-1.23366
1.22198
0.0383453
-0.0213536
-0.674734
0.657742
0.00711377
-0.00110998
-0.212025
0.206021
-0.000383123
-0.032962
0.0333451
0.00119479
-0.00235428
-0.182874
0.184033
0.00348224
-0.0048291
-0.364907
0.366254
0.00633421
-0.0082171
-0.564125
0.566007
0.00948487
-0.00949728
-0.775784
0.775797
0.0080322
-0.00560486
-1.00317
1.00075
0.00406452
-0.00317272
-1.23897
1.23808
0.0029859
-0.00366256
-1.49908
1.49976
0.00533538
-0.00722909
-1.80842
1.81032
0.00972797
-0.0138281
-2.18447
2.18857
0.0191021
-0.0262144
-2.20909
2.2162
0.0371199
-0.0474386
-1.89778
1.9081
0.05917
-0.0710958
-1.83637
1.84829
0.0796774
-0.0766579
-2.20345
2.20043
0.0757325
-0.0770167
-2.34093
2.34221
0.0783663
-0.0788917
-2.0722
2.07272
0.0787156
-0.0760845
-1.68895
1.68632
0.0691346
-0.0577897
-1.21069
1.19935
0.0394362
-0.0208754
-0.639794
0.621233
0.00663498
-0.000913675
-0.200023
0.194302
-0.000404064
-0.0337652
0.0341692
0.00122163
-0.00229062
-0.185161
0.18623
0.00316474
-0.00401386
-0.367388
0.368237
0.00487323
-0.00609646
-0.567785
0.569008
0.0072717
-0.0077289
-0.776242
0.776699
0.00676523
-0.00424517
-0.998716
0.996196
0.00157568
0.00061004
-1.23624
1.23405
-0.00192323
0.00288441
-1.49944
1.49847
-0.00288587
0.00262004
-1.81107
1.81134
-0.00114714
-0.00188899
-2.1918
2.19483
0.00564451
-0.0101001
-2.22282
2.22727
0.0143856
-0.0168251
-1.9138
1.91624
0.0205019
-0.0309583
-1.85889
1.86935
0.0479521
-0.0525133
-2.19975
2.20431
0.0564438
-0.0629655
-2.34798
2.3545
0.0703843
-0.0759452
-2.07611
2.08167
0.0797902
-0.0799767
-1.68547
1.68565
0.0748496
-0.0623347
-1.18771
1.17519
0.0407786
-0.0208815
-0.601584
0.581687
0.00687354
-0.00109405
-0.188422
0.182642
-0.000453852
-0.0345882
0.0350421
0.00136352
-0.002499
-0.18734
0.188476
0.00328218
-0.00377296
-0.368912
0.369403
0.00399615
-0.0041964
-0.569776
0.569976
0.00436061
-0.00422728
-0.777366
0.777233
0.0032612
-0.000868772
-0.994504
0.992112
-0.00229249
0.00625654
-1.23092
1.22696
-0.00954064
0.0125042
-1.49622
1.49326
-0.0139917
0.0149163
-1.81061
1.80969
-0.0146323
0.0123059
-2.1962
2.19852
-0.0100412
0.00802498
-2.23062
2.23263
-0.00764926
0.0127511
-1.91423
1.90913
-0.0181622
0.0107716
-1.87781
1.8852
0.0124708
-0.027809
-2.21425
2.22959
0.0401924
-0.0549195
-2.36642
2.38115
0.0693085
-0.0796865
-2.09026
2.10064
0.0874838
-0.0900428
-1.68706
1.68962
0.0838409
-0.0676434
-1.16152
1.14532
0.0415358
-0.021461
-0.561202
0.541127
0.00791381
-0.00170591
-0.176519
0.170311
-0.000512918
-0.0354559
0.0359688
0.00162275
-0.00304984
-0.189606
0.191033
0.00401354
-0.00441406
-0.3698
0.370201
0.00425553
-0.00375016
-0.569946
0.569441
0.00301797
-0.00180515
-0.776918
0.775705
-1.24741e-05
0.0032362
-0.98977
0.986547
-0.00734235
0.0128974
-1.22264
1.21708
-0.0181868
0.0237364
-1.48903
1.48348
-0.0279357
0.0311044
-1.80711
1.80394
-0.0326606
0.0310571
-2.19864
2.20025
-0.0294768
0.0282809
-2.23375
2.23494
-0.0283454
0.0334714
-1.9034
1.89828
-0.0425424
0.0371108
-1.89147
1.8969
-0.0100782
-0.0179238
-2.25334
2.28135
0.0410473
-0.0624808
-2.39831
2.41975
0.0802869
-0.092343
-2.1121
2.12416
0.102146
-0.102629
-1.69195
1.69244
0.0917866
-0.0701118
-1.12723
1.10556
0.0413605
-0.0225605
-0.521191
0.502391
0.00984881
-0.00292556
-0.163563
0.15664
-0.102062
-0.255556
-0.425914
-0.609564
-0.796551
-0.991567
-1.21366
-1.48094
-1.80906
-2.22586
-2.26211
-1.98335
-2.34651
-2.70989
-2.55644
-2.12215
-1.52526
-0.800744
-0.304973
-0.00826712
-0.00407462
-0.149145
0.011158
0.142062
0.457337
-0.13707
-0.4822
0.860256
0.178978
-0.179758
-1.12698
0.9324
0.163622
-0.151996
-1.24534
0.929797
0.143216
-0.130431
-1.26039
0.919198
0.125102
-0.114018
-1.26276
0.109168
-0.0987682
-1.27197
0.0900907
-0.0821827
1.28121
-1.28912
0.077228
-0.0742596
1.30405
-1.30702
0.0712947
-0.0664248
1.27867
-1.28354
0.0591991
-0.0235706
0.841303
-0.876931
-0.0646026
0.470459
-0.405856
0.0666769
-0.0772667
1.09744
-1.08685
0.0759557
-0.0764706
1.24358
-1.24307
0.0725063
-0.0707951
1.25886
-1.26057
0.0650946
-0.0629338
1.2651
-1.26726
0.0588535
-0.0556564
1.27594
-1.27914
0.0521097
-0.049865
1.29183
-1.29407
0.0469258
-0.0428739
1.30924
-1.31329
0.0359872
-0.0286249
1.29255
-1.29992
0.0176147
-0.00583308
0.885009
-0.896791
-0.0293219
0.388518
-0.359196
0.0389786
-0.0429558
1.07631
-1.07233
0.0419409
-0.0408077
1.24335
-1.24449
0.0385329
-0.0366129
1.26095
-1.26287
0.0344646
-0.0336375
1.26933
-1.27015
0.0317958
-0.0312555
1.27981
-1.28035
0.0302135
-0.0295539
1.2954
-1.29606
0.0285323
-0.0276164
1.31471
-1.31562
0.0270042
-0.024463
1.30294
-1.30549
0.0180263
-0.00676816
0.908079
-0.919337
-0.014258
0.344858
-0.330599
0.0163207
-0.0169712
1.07225
-1.0716
0.0152458
-0.0150467
1.24512
-1.24531
0.0142727
-0.0143586
1.26285
-1.26277
0.013637
-0.0142905
1.27039
-1.26973
0.0140045
-0.015051
1.28049
-1.27944
0.0152314
-0.0173037
1.29561
-1.29354
0.0181036
-0.0197353
1.31364
-1.31201
0.0222039
-0.0218982
1.30415
-1.30445
0.017112
-0.00696224
0.931279
-0.941429
-0.00585431
0.322261
-0.316407
0.00271995
0.0016987
1.07594
-1.08036
-0.0027641
0.00208717
1.24634
-1.24567
-0.00126187
0.000603658
1.2617
-1.26104
0.000625644
-0.00183888
1.268
-1.26679
0.00286511
-0.00526853
1.27805
-1.27564
0.00754844
-0.00984456
1.29129
-1.289
0.0127755
-0.0163829
1.30832
-1.30471
0.0188631
-0.0206007
1.30268
-1.30094
0.0171368
-0.00716942
0.951971
-0.961938
-0.0015375
0.313847
-0.312309
-0.00649075
0.0124673
1.08553
-1.09151
-0.0148662
0.0139255
1.24512
-1.24418
-0.0119338
0.0102558
1.2587
-1.25702
-0.00818738
0.00608651
1.26403
-1.26193
-0.00405099
0.000636558
1.27305
-1.26963
0.00269557
-0.00601959
1.2843
-1.28098
0.00993874
-0.0145239
1.30002
-1.29543
0.0187349
-0.0209623
1.29801
-1.29578
0.0186734
-0.00867274
0.972722
-0.982723
0.00184185
0.31274
-0.314582
-0.013843
0.0213432
1.09872
-1.10622
-0.0233718
0.0213269
1.2446
-1.24255
-0.0201956
0.0171581
1.25463
-1.25159
-0.0149313
0.0113899
1.25833
-1.25478
-0.00852225
0.00428825
1.26613
-1.2619
-0.00071199
-0.0047387
1.27667
-1.27122
0.00890277
-0.0143582
1.28989
-1.28443
0.0195126
-0.0228883
1.29111
-1.28774
0.0222018
-0.0116787
0.993224
-1.00375
0.00516152
0.318379
-0.32354
-0.0207589
0.0291368
1.11462
-1.123
-0.0302081
0.0283047
1.2422
-1.24029
-0.0264917
0.0226868
1.24865
-1.24485
-0.0196877
0.0153711
1.25107
-1.24675
-0.0110368
0.00658945
1.25693
-1.25249
-0.00152175
-0.00418912
1.2661
-1.26039
0.00926055
-0.0150242
1.27864
-1.27288
0.0211654
-0.0263169
1.28261
-1.27746
0.0261502
-0.0151543
1.01476
-1.02575
0.0101536
0.33089
-0.341043
-0.029326
0.0379441
1.1321
-1.14072
-0.0388634
0.0361243
1.2391
-1.23636
-0.0320929
0.0280092
1.24118
-1.2371
-0.0240434
0.0187675
1.24283
-1.23756
-0.0134701
0.00806874
1.24663
-1.24123
-0.00203025
-0.00404426
1.25374
-1.24767
0.010715
-0.0180976
1.26552
-1.25814
0.0252561
-0.0309526
1.27121
-1.26551
0.0319496
-0.020371
1.03798
-1.04956
0.0184268
0.355131
-0.373558
-0.0409725
0.0488997
1.1497
-1.15762
-0.0482882
0.0441922
1.23329
-1.22919
-0.0387911
0.0334565
1.23183
-1.22649
-0.0282458
0.0217815
1.23198
-1.22551
-0.0153307
0.00820491
1.23434
-1.22721
-0.00233506
-0.0053569
1.24004
-1.23235
0.0130249
-0.0213256
1.24979
-1.24149
0.0294773
-0.0363967
1.25741
-1.25049
0.0386954
-0.026766
1.06177
-1.0737
0.0305469
0.397776
-0.428323
-0.055712
0.0616913
1.16531
-1.17129
-0.0580499
0.0527205
1.22438
-1.21905
-0.0461929
0.0387181
1.22047
-1.213
-0.0314452
0.0242408
1.21805
-1.21084
-0.0165231
0.0088593
1.21918
-1.21152
-0.000714519
-0.0073132
1.22373
-1.2157
0.0158301
-0.0249047
1.2323
-1.22322
0.0332422
-0.0418168
1.24195
-1.23338
0.0454823
-0.0337577
1.08609
-1.09782
0.0449239
0.466185
-0.511109
-0.0703426
0.0731536
1.17542
-1.17823
-0.0675698
0.0589659
1.21277
-1.20417
-0.0508782
0.0425213
1.20548
-1.19712
-0.0339656
0.0256994
1.20213
-1.19386
-0.0177117
0.00871778
1.20245
-1.19345
-0.000501687
-0.00939531
1.20686
-1.19697
0.0179815
-0.0270966
1.21336
-1.20424
0.0367226
-0.0461905
1.22396
-1.21449
0.0520444
-0.0407484
1.10947
-1.12077
0.0585171
0.56366
-0.622177
-0.0818433
0.080245
1.17958
-1.17798
-0.0720875
0.061685
1.19567
-1.18527
-0.0523273
0.0431937
1.18778
-1.17864
-0.0347834
0.0257304
1.18453
-1.17548
-0.0176731
0.0086853
1.18468
-1.17569
0.000113953
-0.00936526
1.18776
-1.17851
0.0180408
-0.0280593
1.19439
-1.18437
0.0382167
-0.0480153
1.20428
-1.19448
0.0552085
-0.0468807
1.13075
-1.13908
0.0684062
0.68689
-0.755296
-0.0853238
0.0795529
1.17457
-1.1688
-0.0697683
0.0605804
1.17569
-1.1665
-0.0519906
0.0428831
1.16985
-1.16075
-0.0347449
0.0256779
1.16684
-1.15778
-0.017378
0.00812326
1.16694
-1.15769
0.000835547
-0.00939215
1.16894
-1.16038
0.0181156
-0.0271696
1.17434
-1.16529
0.0362448
-0.0457951
1.18307
-1.17352
0.054969
-0.0507947
1.14651
-1.15069
0.0756153
0.82749
-0.903105
-0.0839406
0.0776537
1.1623
-1.15602
-0.0694642
0.0611545
1.15804
-1.14973
-0.0524698
0.0427749
1.1525
-1.1428
-0.0341818
0.0249781
1.14881
-1.13961
-0.0167392
0.00776889
1.1485
-1.13953
0.00017453
-0.00926293
1.15071
-1.14163
0.0183191
-0.0279032
1.15584
-1.14625
0.0366694
-0.0465808
1.16469
-1.15478
0.0531676
-0.0531984
1.15272
-1.15269
0.0830201
0.982875
-1.06589
-0.0824261
0.0680107
1.15009
-1.13567
-0.055519
0.0448874
1.13911
-1.12848
-0.0362682
0.0297108
1.13392
-1.12736
-0.0246307
0.0198715
1.13201
-1.12725
-0.0154931
0.010716
1.13248
-1.1277
-0.00564179
0.000382326
1.13337
-1.12811
0.00574258
-0.0132675
1.13636
-1.12884
0.0222206
-0.0339948
1.14431
-1.13253
0.047124
-0.0570436
1.15184
-1.14192
-0.256975
0.223545
-0.375193
0.377058
-0.439792
0.447901
-0.515019
0.522772
-0.608925
0.615854
-0.724521
0.729858
-0.866198
0.869904
-1.03763
1.04018
-1.24412
1.24608
-1.49268
1.4945
-1.49282
1.49479
-1.24468
1.24703
-1.03851
1.04179
-0.86747
0.872352
-0.726957
0.733704
-0.612814
0.620937
-0.520943
0.529449
-0.446544
0.454294
-0.364683
0.353688
-0.127298
0.0880544
0.0318657
-0.194563
0.172429
0.0160492
-0.156235
0.144237
0.0100246
-0.134956
0.12746
0.00710399
-0.121219
0.115905
0.00534495
-0.111322
0.107325
0.00413343
-0.103822
0.100729
0.00324308
-0.0979955
0.0955641
0.00255824
-0.0934088
0.0914853
0.00200687
-0.0897846
0.0882691
0.00154121
-0.0869417
0.0857698
0.00112628
-0.0847637
0.0838965
0.000733834
-0.0831832
0.0826026
0.000343851
-0.0821713
0.0818744
-6.12104e-05
-0.0817332
0.0817314
-0.000510317
-0.0818811
0.0821939
-0.001008
-0.0826873
0.0833565
-0.00158996
-0.0842265
0.0853021
-0.00231682
-0.0866123
0.0881869
-0.00320364
-0.0900032
0.0921797
-0.00436391
-0.0945924
0.0975482
-0.00599334
-0.100711
0.10475
-0.00844963
-0.108911
0.114564
-0.012518
-0.120141
0.128418
-0.0204228
-0.136197
0.149323
-0.0138682
-0.16254
0.172427
0.000196517
-0.184687
0.186585
0.00424546
-0.193562
0.19227
0.00520658
-0.195985
0.193575
0.00497848
-0.195697
0.193164
0.00445728
-0.194793
0.192417
0.00363176
-0.193869
0.191854
0.0027712
-0.193299
0.19179
0.00212635
-0.193329
0.192242
0.00132327
-0.193997
0.193379
0.000779193
-0.195306
0.195063
0.00027444
-0.197167
0.197236
-0.000101632
-0.199427
0.199723
-0.000608007
-0.202067
0.202652
-0.000857481
-0.204918
0.205648
-0.00107536
-0.207899
0.20881
-0.00115161
-0.211106
0.212038
-0.00126738
-0.214163
0.215238
-0.00137717
-0.217259
0.218401
-0.00110534
-0.220462
0.221305
-0.00131558
-0.223231
0.224257
-0.00122501
-0.226122
0.227051
-0.0012741
-0.228918
0.229975
-0.00144905
-0.23236
0.23392
-0.00143264
-0.236857
0.286078
0.496003
0.658397
0.806316
0.955846
1.11989
1.29443
1.47523
1.64867
1.46357
1.03449
0.719905
0.466334
0.32661
0.464019
0.609424
0.423328
0.235551
-0.115681
-0.130253
-0.169228
-0.186047
-0.195009
-0.202388
-0.211226
-0.220319
-0.228978
-0.236077
-0.227746
-0.208903
-0.188826
-0.164132
-0.259546
-0.524928
-0.643898
-0.664334
-0.672029
-0.330326
0.903205
-0.313521
0.905892
-0.300097
0.915206
-0.280729
0.877484
-0.226362
0.490632
0.635117
0.00299292
-0.0364204
-0.000492465
-0.192432
0.00173188
-0.00345773
-0.370621
0.00473862
-0.00534091
-0.568481
0.00490642
-0.00327772
-0.773739
0.00088663
0.00256057
-0.982482
-0.00654845
0.0119255
-1.21041
-0.0178561
0.0254603
-1.47583
-0.0330665
0.0417942
-1.79842
-0.0493793
0.0556801
-2.20034
-0.0598965
0.0603801
-2.23978
-0.0548991
0.0475868
-1.89548
-0.0401531
0.0378037
-1.90427
-0.0421079
0.0358916
-2.31306
-0.00495009
-0.0294216
-2.44027
0.0585612
-0.0812567
-2.13652
0.0989082
-0.110722
-1.68994
0.115046
-0.110304
-1.08194
0.0925014
-0.0661207
-0.485342
0.0395847
-0.0229656
-0.00219711
-0.00186157
-0.0018283
-0.00213094
-0.00236005
-0.00288901
-0.00276335
-0.00290598
-0.00296494
-0.00272505
-0.00241788
-0.00178964
-0.00101685
0.000405841
0.00191951
0.0038271
0.0058473
0.0084108
0.0113364
0.0148994
0.0202556
0.0232246
0.0223917
0.0175508
0.011221
)
;

boundaryField
{
    wall-4
    {
        type            calculated;
        value           uniform 0;
    }
    pressure-outlet-7
    {
        type            calculated;
        value           nonuniform List<scalar> 
40
(
0.10338
0.25678
0.425198
0.606161
0.790539
0.982765
1.20285
1.4699
1.80191
2.23551
2.28334
1.9934
2.37702
2.73673
2.56705
2.12046
1.50369
0.776135
0.296251
0.137151
0.037613
0.195876
0.371676
0.564561
0.765136
0.968945
1.19179
1.45481
1.78159
2.19792
2.26523
1.9118
1.92348
2.37928
2.48169
2.15229
1.67603
1.0293
0.454376
0.0437047
)
;
    }
    velocity-inlet-6
    {
        type            calculated;
        value           nonuniform List<scalar> 
20
(
-1.12529
-1.12529
-1.12529
-1.12529
-1.12529
-1.12529
-1.12529
-1.12529
-1.12529
-1.12529
-1.12529
-1.12529
-1.12529
-1.12529
-1.12529
-1.12529
-1.12529
-1.12529
-1.12529
-1.12529
)
;
    }
    velocity-inlet-5
    {
        type            calculated;
        value           nonuniform List<scalar> 
40
(
-0.289011
-0.346776
-0.416168
-0.499439
-0.599215
-0.719057
-0.862907
-1.03564
-1.24269
-1.49119
-1.49119
-1.2425
-1.03545
-0.862907
-0.719057
-0.599402
-0.499252
-0.416168
-0.346776
-0.289011
-0.289011
-0.346776
-0.416168
-0.499252
-0.599402
-0.719057
-0.862907
-1.03545
-1.2425
-1.49119
-1.49119
-1.24269
-1.03564
-0.862907
-0.719057
-0.599215
-0.499439
-0.416168
-0.346776
-0.289011
)
;
    }
    frontAndBackPlanes
    {
        type            empty;
        value           nonuniform List<scalar> 0();
    }
}


// ************************************************************************* //
