/*--------------------------------*- C++ -*----------------------------------*\
| =========                 |                                                 |
| \\      /  F ield         | OpenFOAM: The Open Source CFD Toolbox           |
|  \\    /   O peration     | Version:  v2012                                 |
|   \\  /    A nd           | Website:  www.openfoam.com                      |
|    \\/     M anipulation  |                                                 |
\*---------------------------------------------------------------------------*/
FoamFile
{
    version     2.0;
    format      ascii;
    class       surfaceScalarField;
    location    "18";
    object      phi;
}
// * * * * * * * * * * * * * * * * * * * * * * * * * * * * * * * * * * * * * //

dimensions      [0 3 -1 0 0 0 0];
oriented        oriented;


internalField   nonuniform List<scalar> 
17370
(
-0.0910948
0.0935396
0.286566
-0.0749456
0.0569432
0.364778
-0.0409252
0.0299421
0.427151
-0.0211863
0.015582
0.504856
-0.0113209
0.00860495
0.602118
-0.00645435
0.00499478
0.720517
-0.0037828
0.00293039
0.863759
-0.00219013
0.00163887
1.036
-0.00113087
0.000726862
1.24291
-0.000327317
-5.74576e-05
1.49158
0.000436578
-0.00083776
1.49159
0.00123785
-0.0017396
1.24319
0.00228353
-0.00301481
1.03637
0.00385945
-0.0050631
0.86411
0.00651661
-0.0086631
0.721204
0.011374
-0.0156283
0.603469
0.0212266
-0.0299761
0.508189
0.0409538
-0.0569663
0.432181
0.0749636
-0.0935503
0.365362
0.0911036
0.197907
-0.12736
0.0881724
0.0391877
-0.36475
0.353818
-0.0725919
0.0835243
-0.446572
0.454381
-0.0816455
0.0738367
-0.520965
0.529541
-0.0657144
0.0571378
-0.612832
0.621018
-0.0493652
0.0411795
-0.726995
0.733767
-0.034247
0.0274748
-0.867525
0.872421
-0.0221605
0.0172648
-1.03855
1.04186
-0.013579
0.0102631
-1.24469
1.24706
-0.00773961
0.00536537
-1.4928
1.49476
-0.00343527
0.00147217
-1.49264
1.4944
0.000287851
-0.00204809
-1.24408
1.24599
0.00399532
-0.00590233
-1.03759
1.04008
0.00824499
-0.0107382
-0.866176
0.869827
0.0140198
-0.0176713
-0.724503
0.729782
0.0225263
-0.0278049
-0.608888
0.615794
0.0345458
-0.0414527
-0.514991
0.522737
0.0496091
-0.0573554
-0.439778
0.447878
0.0659041
-0.0740041
-0.375184
0.377032
0.0817865
-0.0836342
-0.25696
0.22351
0.0726661
-0.0392161
-0.0686965
0.0589947
0.00970189
-0.0519219
0.0585855
-0.37458
0.367917
-0.0576793
0.0538479
-0.45385
0.457682
-0.0484994
0.0441664
-0.527772
0.532105
-0.0399411
0.0361458
-0.621106
0.624901
-0.0319091
0.0278394
-0.734838
0.738908
-0.0233883
0.0194252
-0.873973
0.877936
-0.0153462
0.0118974
-1.0433
1.04675
-0.00843118
0.00547162
-1.24856
1.25152
-0.00236002
-0.000535053
-1.49681
1.4997
0.00341766
-0.00650103
-1.49732
1.5004
0.00941555
-0.012825
-1.25002
1.25343
0.0162166
-0.0202291
-1.04567
1.04969
0.0241301
-0.0285135
-0.87732
0.881704
0.0325212
-0.0366928
-0.739364
0.743536
0.0404339
-0.0446057
-0.62643
0.630602
0.0488947
-0.0542002
-0.535025
0.54033
0.0579865
-0.0588378
-0.458006
0.458857
0.0521112
-0.0318709
-0.336551
0.316311
0.00973292
-0.0686092
0.0588763
-0.0532651
0.0492571
0.00400792
-0.0328726
0.0432538
-0.3585
0.348118
-0.0468972
0.046279
-0.45953
0.460148
-0.0432929
0.0400335
-0.536007
0.539266
-0.0363353
0.033019
-0.628426
0.631742
-0.0294828
0.0263601
-0.742217
0.74534
-0.0230399
0.0199507
-0.881472
0.884561
-0.0164839
0.0132416
-1.0502
1.05345
-0.00966794
0.00638311
-1.25473
1.25801
-0.00271734
-0.000806072
-1.50296
1.50648
0.00430737
-0.00791457
-1.50382
1.50743
0.0111326
-0.0146152
-1.25699
1.26048
0.0177676
-0.0211314
-1.05346
1.05682
0.0241275
-0.0273475
-0.885345
0.888565
0.0303846
-0.0338361
-0.747069
0.750521
0.0370777
-0.0406983
-0.634623
0.638244
0.0438931
-0.0468092
-0.544566
0.547482
0.0473564
-0.0436164
-0.4571
0.45336
0.0331228
-0.0160152
-0.297113
0.280005
0.00404575
-0.0531121
0.0490664
-0.0461902
0.0437329
0.00245723
-0.0224247
0.0325787
-0.337639
0.327485
-0.0382087
0.0391163
-0.459922
0.459015
-0.0378347
0.035496
-0.541951
0.54429
-0.0328263
0.0302778
-0.634694
0.637242
-0.0273403
0.0245931
-0.748307
0.751055
-0.0215209
0.018704
-0.887453
0.89027
-0.0155813
0.0126639
-1.05647
1.05939
-0.009341
0.00615593
-1.26127
1.26446
-0.00247419
-0.00110625
-1.51011
1.51369
0.00466597
-0.00827561
-1.51109
1.5147
0.0113617
-0.014559
-1.26381
1.267
0.017357
-0.0203461
-1.05991
1.06289
0.0230409
-0.0259811
-0.891648
0.894589
0.0286107
-0.0314251
-0.753701
0.756515
0.033869
-0.0364319
-0.641302
0.643865
0.0386833
-0.039855
-0.549416
0.550588
0.0388372
-0.0330542
-0.448375
0.442592
0.0227386
-0.00992168
-0.265146
0.252329
0.00250349
-0.0459574
0.0434539
-0.0417152
0.0400323
0.00168282
-0.0159952
0.0248573
-0.317909
0.309047
-0.0311726
0.0332149
-0.457488
0.455446
-0.032835
0.0312641
-0.546243
0.547814
-0.0292006
0.027195
-0.63947
0.641476
-0.0248765
0.0226295
-0.753541
0.755788
-0.0199775
0.0174003
-0.892994
0.895572
-0.0144257
0.0116168
-1.06227
1.06508
-0.0084283
0.00540347
-1.26756
1.27059
-0.00192614
-0.00145025
-1.51717
1.52054
0.00479692
-0.00818409
-1.51821
1.52159
0.0110862
-0.0141128
-1.27013
1.27316
0.0167577
-0.0195457
-1.06582
1.06861
0.0219539
-0.0244289
-0.897312
0.899787
0.0265268
-0.0286929
-0.75896
0.761127
0.0305616
-0.0324877
-0.646078
0.648004
0.0339381
-0.0341751
-0.551219
0.551456
0.0319744
-0.0254474
-0.436319
0.429792
0.0163768
-0.0068775
-0.241301
0.231801
0.00173858
-0.0413858
0.0396472
-0.0386193
0.0374371
0.00118225
-0.0114925
0.0187414
-0.300971
0.293722
-0.024912
0.0275706
-0.453029
0.450371
-0.0277483
0.0267053
-0.549088
0.550131
-0.0249222
0.0232074
-0.643299
0.645013
-0.0212513
0.0193497
-0.757866
0.759767
-0.0171544
0.0150233
-0.897953
0.900084
-0.0125407
0.0101119
-1.06773
1.07016
-0.00727161
0.00451141
-1.27349
1.27625
-0.00128499
-0.00188625
-1.52381
1.52699
0.00501261
-0.00811746
-1.52484
1.52795
0.0107209
-0.0133551
-1.27602
1.27865
0.0155796
-0.01783
-1.07116
1.07341
0.0197503
-0.0217141
-0.902016
0.90398
0.023402
-0.0251496
-0.76307
0.764818
0.0266878
-0.0282983
-0.649733
0.651343
0.0291658
-0.0287884
-0.551363
0.550986
0.0259072
-0.0194554
-0.423213
0.416761
0.0119489
-0.00492646
-0.22362
0.216597
0.00124948
-0.0381728
0.0369233
-0.0364511
0.0356309
0.000820207
-0.0080223
0.0136197
-0.287308
0.281711
-0.0191162
0.0219826
-0.447576
0.44471
-0.0226186
0.0220136
-0.550956
0.551561
-0.0205069
0.0190357
-0.646638
0.648109
-0.0173973
0.0158611
-0.761482
0.763018
-0.0140923
0.012372
-0.901963
0.903683
-0.0103302
0.00829039
-1.07236
1.0744
-0.00584681
0.0033997
-1.27886
1.28131
-0.000479076
-0.00239108
-1.53004
1.53291
0.00521005
-0.00796934
-1.5309
1.53366
0.0102145
-0.0123974
-1.28104
1.28322
0.0141717
-0.0159166
-1.07535
1.0771
0.0173599
-0.0188306
-0.905669
0.90714
0.0201036
-0.0214689
-0.766385
0.76775
0.022723
-0.0240013
-0.652839
0.654117
0.0243807
-0.0234762
-0.550353
0.549448
0.0203213
-0.0144757
-0.410573
0.404727
0.00856971
-0.00349793
-0.210601
0.20553
0.000902552
-0.0358627
0.0349601
-0.0349688
0.0344703
0.000498466
-0.00498468
0.00896243
-0.27692
0.272942
-0.0135283
0.0164327
-0.441803
0.438899
-0.017649
0.0175759
-0.551928
0.552001
-0.0167474
0.0157668
-0.649353
0.650333
-0.0145754
0.0133722
-0.764374
0.765577
-0.0118876
0.0103515
-0.905318
0.906854
-0.00845842
0.00656169
-1.07636
1.07826
-0.00429718
0.00208032
-1.28362
1.28584
0.000515717
-0.0030282
-1.53558
1.53809
0.00548195
-0.0078975
-1.53623
1.53864
0.00986193
-0.011784
-1.28527
1.28719
0.0133432
-0.0148429
-1.07873
1.08023
0.0160215
-0.0171313
-0.90843
0.90954
0.0180166
-0.018852
-0.768866
0.769702
0.0195304
-0.0200502
-0.655043
0.655563
0.0198247
-0.018246
-0.548218
0.546639
0.0149691
-0.00997791
-0.399275
0.394284
0.00563748
-0.00226275
-0.201325
0.19795
0.000599127
-0.0342067
0.0336076
-0.0341371
0.0339542
0.000182913
-0.00236975
0.00479095
-0.269774
0.267353
-0.00812085
0.0107101
-0.436087
0.433497
-0.0122883
0.0127127
-0.551772
0.551348
-0.0124499
0.011833
-0.651101
0.651718
-0.0109617
0.0100251
-0.766656
0.767593
-0.00884348
0.00761402
-0.908247
0.909476
-0.00610286
0.00453562
-1.08002
1.08159
-0.00262222
0.0006988
-1.28794
1.28986
0.0015917
-0.00384621
-1.54049
1.54274
0.00601317
-0.00804712
-1.54089
1.54293
0.00963425
-0.0111033
-1.28893
1.29039
0.0122186
-0.0132306
-1.08151
1.08253
0.0139923
-0.0146616
-0.910472
0.911141
0.0151728
-0.0156423
-0.770316
0.770786
0.0158914
-0.0157387
-0.655693
0.65554
0.0149324
-0.0129019
-0.544757
0.542726
0.00986651
-0.00603469
-0.389842
0.38601
0.00317802
-0.00120576
-0.19534
0.193368
0.000307978
-0.033163
0.032855
-0.0338856
0.0338874
-1.82791e-06
-0.000906513
0.00227277
-0.265546
0.26418
-0.00443788
0.00633811
-0.431241
0.429341
-0.00766349
0.00811149
-0.550859
0.550411
-0.00805774
0.00768575
-0.652206
0.652578
-0.00709967
0.00642783
-0.768379
0.769051
-0.00554858
0.00461204
-0.910548
0.911485
-0.00341257
0.00217271
-1.08296
1.0842
-0.000631732
-0.000959624
-1.29158
1.29318
0.00290017
-0.00480775
-1.54482
1.54673
0.00660428
-0.00822848
-1.54473
1.54636
0.00940132
-0.0104021
-1.29161
1.29261
0.0110928
-0.0116483
-1.08328
1.08383
0.0120086
-0.0122802
-0.911555
0.911826
0.0123984
-0.0124348
-0.771052
0.771088
0.0123662
-0.0119295
-0.655221
0.654784
0.0110044
-0.00910989
-0.540726
0.538831
0.00664537
-0.00384573
-0.382758
0.379958
0.00192699
-0.000684134
-0.191853
0.190611
0.000155097
-0.0326473
0.0324922
-0.033923
0.0339788
-5.58168e-05
-0.000392437
0.0013106
-0.263092
0.262174
-0.00288835
0.00435371
-0.42772
0.426255
-0.00541542
0.00577226
-0.550029
0.549673
-0.00572601
0.00537022
-0.652903
0.653258
-0.0047947
0.00420154
-0.769685
0.770278
-0.00345437
0.00263699
-0.912331
0.913149
-0.00157547
0.000432315
-1.08534
1.08649
0.00101732
-0.00250884
-1.29468
1.29617
0.00429591
-0.00600744
-1.54851
1.55022
0.00759312
-0.00899607
-1.54785
1.54926
0.00998534
-0.0107816
-1.29348
1.29427
0.0112997
-0.0116572
-1.08429
1.08464
0.0118373
-0.0119057
-0.911978
0.912046
0.0118424
-0.0115995
-0.770937
0.770694
0.0112585
-0.0106276
-0.654235
0.653605
0.00963065
-0.00782203
-0.537021
0.535212
0.00563875
-0.00326788
-0.377448
0.375077
0.00166292
-0.000606696
-0.189503
0.188447
0.000140751
-0.0323558
0.032215
-0.0340417
0.034112
-7.02955e-05
-0.000139718
0.000849965
-0.261356
0.260646
-0.00225314
0.0037419
-0.42482
0.423331
-0.00502745
0.00560432
-0.549273
0.548696
-0.00563822
0.00536574
-0.653655
0.653927
-0.00489546
0.00429029
-0.770891
0.771496
-0.0034439
0.00245488
-0.914022
0.915011
-0.00112868
-0.000293697
-1.08769
1.08912
0.00204792
-0.00377122
-1.29771
1.29943
0.00574408
-0.00759312
-1.55193
1.55378
0.00928366
-0.0107684
-1.55065
1.55213
0.0118194
-0.0126812
-1.29505
1.29592
0.0131959
-0.0134774
-1.0849
1.08518
0.0134822
-0.0133321
-0.912017
0.911866
0.0131209
-0.0128292
-0.770424
0.770132
0.0124568
-0.0115693
-0.65291
0.652022
0.0102171
-0.00801704
-0.533294
0.531094
0.00564421
-0.00325921
-0.372735
0.37035
0.00169719
-0.000657927
-0.187409
0.18637
0.000168826
-0.0320668
0.031898
-0.0341906
0.0342938
-0.000103157
0.000238571
0.000230471
-0.260034
0.259565
-0.00145548
0.00307718
-0.421748
0.420126
-0.00491205
0.00615313
-0.547846
0.546605
-0.00681851
0.00690666
-0.654023
0.653935
-0.00650679
0.00583459
-0.772221
0.772893
-0.00476106
0.0034365
-0.916173
0.917498
-0.00166152
-0.000205701
-1.09072
1.09259
0.00248001
-0.00470937
-1.30136
1.30359
0.00726683
-0.00963563
-1.55584
1.55821
0.0117948
-0.0137081
-1.55383
1.55574
0.0150743
-0.0162545
-1.29693
1.29811
0.0170614
-0.0176009
-1.08559
1.08613
0.0178333
-0.0177352
-0.911746
0.911648
0.0173096
-0.0166152
-0.769602
0.768908
0.01557
-0.0137378
-0.650746
0.648914
0.0114374
-0.00840977
-0.528505
0.525477
0.00567684
-0.00324291
-0.367922
0.365488
0.00173375
-0.000718508
-0.185345
0.18433
0.000204116
-0.0317188
0.0315147
-0.0344169
0.0345705
-0.000153553
0.000721724
-0.000669452
-0.259293
0.259241
-0.000111655
0.00151993
-0.418581
0.417173
-0.00354321
0.00529412
-0.545114
0.543363
-0.00662266
0.0069572
-0.653716
0.653381
-0.00673881
0.00615776
-0.773618
0.774199
-0.00494153
0.00338232
-0.918943
0.920502
-0.0012629
-0.000939865
-1.09458
1.09679
0.00361105
-0.00627453
-1.30601
1.30867
0.00934616
-0.0121846
-1.56082
1.56366
0.0147409
-0.0169972
-1.55791
1.56016
0.0185953
-0.0198976
-1.29936
1.30067
0.0207279
-0.0212972
-1.08672
1.08729
0.0214125
-0.021141
-0.911382
0.911111
0.0205818
-0.0193101
-0.767962
0.76669
0.0173906
-0.0145847
-0.646589
0.643783
0.0115153
-0.00804634
-0.52219
0.518721
0.00530977
-0.00307628
-0.363147
0.360913
0.00171508
-0.000754231
-0.183362
0.182401
0.000228011
-0.0313145
0.0310865
-0.0347584
0.0349789
-0.000220467
0.00130496
-0.00168356
-0.259375
0.259754
0.00159583
-0.000803814
-0.416104
0.415312
-0.000753195
0.00233993
-0.541722
0.540135
-0.00375388
0.00451996
-0.652722
0.651956
-0.00448089
0.00379623
-0.774904
0.775589
-0.00245282
0.00077879
-0.922086
0.92376
0.00145497
-0.00376247
-1.09898
1.10129
0.00655279
-0.00931428
-1.31136
1.31412
0.0124698
-0.0153265
-1.56653
1.56939
0.0178327
-0.0199277
-1.56245
1.56454
0.0213238
-0.0224284
-1.30194
1.30305
0.023022
-0.0231666
-1.08761
1.08775
0.0229736
-0.0224282
-0.910601
0.910056
0.0213012
-0.0193515
-0.765013
0.763063
0.0169048
-0.013734
-0.640772
0.637601
0.010596
-0.00735379
-0.515382
0.51214
0.004955
-0.00302273
-0.358886
0.356954
0.00178122
-0.000821512
-0.181485
0.180526
0.000256383
-0.0308721
0.0306157
-0.0352574
0.0355577
-0.000300301
0.0018777
-0.00271065
-0.260348
0.261181
0.00328809
-0.00331815
-0.415061
0.415091
0.00267902
-0.00183335
-0.539075
0.538229
0.00102167
-0.000649426
-0.651392
0.65102
0.000816565
-0.00152181
-0.776235
0.77694
0.00283138
-0.00443932
-0.92523
0.926838
0.00657589
-0.00879266
-1.10341
1.10563
0.0114429
-0.0139851
-1.3167
1.31924
0.0167952
-0.019241
-1.57203
1.57447
0.0212504
-0.0227602
-1.56642
1.56793
0.0235971
-0.0240594
-1.30395
1.30441
0.0240685
-0.0237207
-1.08755
1.0872
0.0230417
-0.0217436
-0.908995
0.907697
0.0201234
-0.0178886
-0.760851
0.758616
0.0154429
-0.0124845
-0.634546
0.631588
0.0097542
-0.007032
-0.509285
0.506562
0.00499961
-0.00324922
-0.355245
0.353494
0.00200213
-0.000947551
-0.179587
0.178533
0.000297912
-0.0303749
0.030077
-0.0359361
0.0363349
-0.000398739
0.00251461
-0.00373452
-0.262256
0.263476
0.00490433
-0.0056362
-0.415554
0.416286
0.00596181
-0.00601045
-0.538025
0.538073
0.00604413
-0.00626992
-0.651051
0.651277
0.00688523
-0.00785266
-0.777677
0.778644
0.0093538
-0.0110391
-0.92824
0.929925
0.0131591
-0.0152764
-1.1076
1.10972
0.0177178
-0.0199401
-1.32151
1.32374
0.0222479
-0.0240994
-1.57657
1.57842
0.0254286
-0.0261682
-1.56907
1.56981
0.0262874
-0.0259282
-1.30455
1.30419
0.0252868
-0.0241805
-1.08633
1.08522
0.0228188
-0.0210413
-0.905988
0.90421
0.0191892
-0.0169205
-0.756261
0.753993
0.0146522
-0.0120587
-0.628879
0.626286
0.00973711
-0.00739794
-0.504242
0.501902
0.00554254
-0.00377598
-0.351917
0.35015
0.00238741
-0.00114283
-0.177467
0.176223
0.000359489
-0.0297876
0.0294282
-0.0368213
0.0373419
-0.000520579
0.00326739
-0.00491129
-0.265001
0.266644
0.00664023
-0.0079801
-0.417411
0.418751
0.00905632
-0.00984006
-0.538732
0.539515
0.0106829
-0.0116365
-0.651984
0.652938
0.0129611
-0.0144502
-0.779716
0.781205
0.0163566
-0.018279
-0.931452
0.933374
0.0205358
-0.0226718
-1.11165
1.11378
0.0250037
-0.0269847
-1.3257
1.32768
0.028853
-0.0301245
-1.57989
1.58116
0.0307444
-0.0306483
-1.57012
1.57002
0.0300071
-0.0288773
-1.30346
1.30233
0.0275278
-0.0257634
-1.08364
1.08187
0.0239394
-0.0218044
-0.90211
0.899975
0.0197616
-0.0174524
-0.751579
0.74927
0.0152898
-0.0129033
-0.623882
0.621496
0.0107649
-0.00851629
-0.499869
0.497621
0.00658531
-0.00459275
-0.348473
0.34648
0.00294498
-0.00141677
-0.174941
0.173413
0.000445624
-0.0290758
0.0286301
-0.0379515
0.0386405
-0.000688964
0.00428717
-0.00647074
-0.268616
0.270799
0.00884103
-0.0107927
-0.420529
0.42248
0.0125635
-0.0140006
-0.54095
0.542387
0.0155801
-0.017225
-0.654334
0.655979
0.0192893
-0.0213806
-0.782767
0.784858
0.023836
-0.0261606
-0.935235
0.937559
0.0287446
-0.031063
-1.11581
1.11813
0.0334459
-0.0353225
-1.32945
1.33133
0.0368817
-0.0376678
-1.58208
1.58287
0.0376577
-0.0368219
-1.56949
1.56866
0.0354767
-0.0335501
-1.30077
1.29884
0.0315156
-0.0291299
-1.07974
1.07735
0.0268653
-0.0243498
-0.897507
0.894992
0.0220613
-0.0195921
-0.746723
0.744254
0.0173612
-0.0149333
-0.619158
0.61673
0.0127155
-0.0102722
-0.495588
0.493145
0.00805783
-0.00567897
-0.344542
0.342163
0.00365626
-0.00176034
-0.171834
0.169938
0.000553514
-0.0281954
0.0276419
-0.0394276
0.0403463
-0.000918681
0.00566012
-0.00853143
-0.273322
0.276194
0.0116561
-0.0142498
-0.424889
0.427483
0.0166888
-0.018759
-0.544574
0.546644
0.0210907
-0.0234625
-0.658092
0.660463
0.02633
-0.0291174
-0.787023
0.78981
0.0322714
-0.0351576
-0.939878
0.942764
0.0382492
-0.0409016
-1.12038
1.12304
0.0434797
-0.045365
-1.33304
1.33493
0.0467175
-0.0470865
-1.58334
1.58371
0.0464841
-0.0449239
-1.56741
1.56585
0.0428896
-0.0401972
-1.29649
1.2938
0.0375094
-0.034469
-1.07457
1.07153
0.0316775
-0.0286687
-0.892066
0.889057
0.0260072
-0.0232065
-0.741406
0.738605
0.0207211
-0.0180279
-0.614198
0.611505
0.0155228
-0.0126707
-0.490871
0.488019
0.0100083
-0.0070703
-0.339821
0.336883
0.0045501
-0.00218613
-0.167989
0.165625
0.000686005
-0.0271114
0.0264254
-0.0413711
0.0426291
-0.001258
0.00760661
-0.011399
-0.279432
0.283225
0.015475
-0.0188284
-0.430672
0.434025
0.0220135
-0.0247764
-0.549653
0.552416
0.0279396
-0.0311324
-0.663341
0.666533
0.0349235
-0.03853
-0.792667
0.796273
0.0425226
-0.0460885
-0.945649
0.949215
0.0497966
-0.0528655
-1.12564
1.12871
0.0557153
-0.0576585
-1.33667
1.33862
0.0588277
-0.0587725
-1.58376
1.58371
0.0575448
-0.0551977
-1.56385
1.5615
0.052418
-0.0489173
-1.29067
1.28717
0.0455169
-0.0417272
-1.06804
1.06425
0.0382993
-0.0346589
-0.885536
0.881896
0.0314816
-0.0281776
-0.735268
0.731964
0.0252699
-0.0221243
-0.608549
0.605403
0.0191662
-0.0157365
-0.4853
0.48187
0.0124438
-0.00879934
-0.334007
0.330362
0.0056582
-0.00271464
-0.163223
0.160279
0.000849025
-0.0257816
0.0249326
-0.0439755
0.0457515
-0.00177599
0.0104965
-0.0155795
-0.287397
0.29248
0.0208995
-0.0251824
-0.438234
0.442517
0.0292406
-0.0328135
-0.556412
0.559985
0.036982
-0.0411702
-0.6703
0.674489
0.0460686
-0.0506369
-0.79995
0.804519
0.0555926
-0.0599239
-0.952793
0.957124
0.0643132
-0.0678281
-1.13174
1.13526
0.0709399
-0.0728897
-1.34038
1.34233
0.0737809
-0.0731905
-1.58327
1.58268
0.0712194
-0.0679607
-1.55864
1.55539
0.0643235
-0.059895
-1.28318
1.27875
0.0556642
-0.0509892
-1.05994
1.05527
0.0467936
-0.0423681
-0.877631
0.873205
0.0385291
-0.0345596
-0.727958
0.723988
0.0310818
-0.0273244
-0.601822
0.598064
0.0237665
-0.0195992
-0.478497
0.474329
0.0155266
-0.0109391
-0.326826
0.322239
0.00700035
-0.00332405
-0.157336
0.15366
0.00102705
-0.0241531
0.023126
-0.0475775
0.0501717
-0.00259417
0.0149057
-0.0217844
-0.297939
0.304818
0.0287075
-0.034145
-0.448158
0.453596
0.0393041
-0.0439559
-0.565252
0.569903
0.0494693
-0.0549144
-0.679328
0.684773
0.0611368
-0.0668014
-0.809151
0.814816
0.0728004
-0.0779123
-0.961437
0.966549
0.0829377
-0.0868024
-1.13865
1.14252
0.0900148
-0.0917857
-1.34399
1.34576
0.0921679
-0.0908207
-1.58158
1.58023
0.0879
-0.0835372
-1.55151
1.54715
0.0788865
-0.0733698
-1.27375
1.26823
0.0681698
-0.0624641
-1.04999
1.04429
0.0573673
-0.0520049
-0.868046
0.862684
0.0473634
-0.0425759
-0.719143
0.714355
0.0383928
-0.0338716
-0.593665
0.589144
0.0295509
-0.0244403
-0.470101
0.464991
0.0193784
-0.0136214
-0.317841
0.312084
0.00865018
-0.00406737
-0.150061
0.145479
0.00124106
-0.0221823
0.0209413
-0.0527554
0.0568078
-0.0040524
0.0221652
-0.0316412
-0.312223
0.321699
0.0407331
-0.0477184
-0.461317
0.468302
0.0543215
-0.060415
-0.576843
0.582936
0.0676512
-0.0745944
-0.690856
0.697799
0.0822492
-0.0889861
-0.820472
0.827209
0.095894
-0.101579
-0.971521
0.977206
0.106943
-0.110846
-1.14608
1.14999
0.113791
-0.115037
-1.34705
1.34829
0.114531
-0.112095
-1.57819
1.57576
0.107935
-0.10222
-1.54202
1.53631
0.0963727
-0.0895969
-1.26204
1.25526
0.0832953
-0.0764321
-1.03791
1.03104
0.0703251
-0.0639042
-0.856491
0.85007
0.0583444
-0.0526079
-0.708513
0.702776
0.0476006
-0.0421741
-0.583718
0.578291
0.0369144
-0.0306199
-0.459662
0.453368
0.0243001
-0.0170604
-0.306579
0.29934
0.0107789
-0.00501169
-0.141068
0.135301
0.00150262
-0.0198111
0.0183085
-0.0606174
0.0678313
-0.00721391
0.0356989
-0.0493995
-0.332523
0.346223
0.0615239
-0.0703339
-0.478906
0.487716
0.078597
-0.0863693
-0.591948
0.599721
0.0954272
-0.103695
-0.705138
0.713406
0.112392
-0.119723
-0.833716
0.841047
0.126942
-0.132612
-0.982477
0.988147
0.137658
-0.140989
-1.15327
1.1566
0.143042
-0.143207
-1.34874
1.34891
0.141283
-0.13731
-1.57237
1.56839
0.131556
-0.124219
-1.52966
1.52233
0.116982
-0.108799
-1.24771
1.23953
0.101288
-0.0931824
-1.02344
1.01534
0.0860021
-0.0784712
-0.842753
0.835223
0.0719458
-0.0651938
-0.695826
0.689074
0.0592817
-0.0528481
-0.571641
0.565208
0.0465153
-0.0386975
-0.446585
0.438767
0.030751
-0.0216083
-0.292307
0.283164
0.0136029
-0.0062531
-0.129924
0.122575
0.0017957
-0.0169796
0.0151839
-0.0747696
0.0782761
-0.0035065
0.0253932
-0.0372422
-0.362911
0.37476
0.0478865
-0.0562251
-0.501698
0.510036
0.0651265
-0.0746947
-0.610294
0.619863
0.085379
-0.0949479
-0.721292
0.730861
0.105585
-0.114972
-0.847607
0.856993
0.124712
-0.133054
-0.992888
1.00123
0.141339
-0.147955
-1.15883
1.16544
0.153818
-0.157608
-1.34786
1.35165
0.159545
-0.158764
-1.56316
1.56238
0.155139
-0.149081
-1.51387
1.50781
0.142013
-0.133086
-1.23047
1.22154
0.124398
-0.114025
-1.00645
0.996078
0.104576
-0.0942679
-0.826768
0.816461
0.0851312
-0.0754934
-0.681016
0.671378
0.0666953
-0.0573392
-0.557138
0.547782
0.0484176
-0.0373025
-0.430187
0.419072
0.0270159
-0.0166617
-0.273952
0.263598
0.00893548
-0.00326383
-0.11587
0.110198
0.000619263
-0.0136881
0.0130688
-0.0855759
0.0826579
0.00291801
0.00292433
-0.009918
-0.389437
0.396431
0.0180552
-0.0246972
-0.523158
0.5298
0.0331496
-0.0415772
-0.630126
0.638554
0.0512688
-0.0600913
-0.740291
0.749114
0.0694745
-0.077975
-0.865911
0.874411
0.0868067
-0.0940871
-1.00931
1.01659
0.101522
-0.107133
-1.17191
1.17752
0.112055
-0.11494
-1.35517
1.35805
0.115751
-0.114136
-1.56077
1.55916
0.109812
-0.103193
-1.50093
1.49431
0.0955669
-0.0862295
-1.21209
1.20275
0.0772741
-0.0670739
-0.985351
0.975151
0.0575615
-0.0470705
-0.805136
0.794645
0.037762
-0.0283206
-0.659385
0.649943
0.0203269
-0.0121863
-0.535426
0.527285
0.00530089
0.000942372
-0.407173
0.40093
-0.00447032
0.00592658
-0.252118
0.250662
-0.00545608
0.00345003
-0.103453
0.105459
-0.00143198
-0.0116308
0.0130628
-0.0853644
0.0820862
0.00327816
-0.00525566
0.00200818
-0.406568
0.409815
0.00313927
-0.00849344
-0.540434
0.545788
0.015552
-0.0228091
-0.647421
0.654678
0.0310677
-0.0386416
-0.757399
0.764973
0.0469264
-0.0542868
-0.882259
0.889619
0.0617323
-0.068249
-1.02373
1.03024
0.0747394
-0.0797561
-1.18279
1.18781
0.0837705
-0.0859341
-1.36039
1.36256
0.0864226
-0.0845189
-1.55698
1.55508
0.0801462
-0.0737547
-1.48726
1.48087
0.0666162
-0.058183
-1.19352
1.18508
0.0498352
-0.0406609
-0.964861
0.955687
0.0321739
-0.0229027
-0.784436
0.775165
0.014914
-0.00676241
-0.639473
0.631322
8.09509e-05
0.00646089
-0.516799
0.510257
-0.0112234
0.0145659
-0.392576
0.389234
-0.0149604
0.0125534
-0.245484
0.247891
-0.00912892
0.00494912
-0.105374
0.109554
-0.0017538
-0.0132256
0.0149794
-0.0833009
0.0801547
0.00314623
-0.00801659
0.0068859
-0.417226
0.418357
-0.00372815
-0.000336159
-0.554067
0.558131
0.00649741
-0.0125963
-0.661793
0.667892
0.019663
-0.0261538
-0.772263
0.778754
0.0332136
-0.0395219
-0.896563
0.902871
0.0463036
-0.0518858
-1.03639
1.04198
0.0576694
-0.0617564
-1.19252
1.19661
0.0653584
-0.0673051
-1.36467
1.36661
0.0676027
-0.0655851
-1.55299
1.55097
0.0617296
-0.0561492
-1.47426
1.46868
0.0499231
-0.042332
-1.1768
1.16921
0.0352323
-0.0275355
-0.946675
0.938978
0.0203598
-0.0128895
-0.766342
0.758872
0.00614836
0.000486201
-0.622525
0.615891
-0.00584024
0.010569
-0.502048
0.49732
-0.0135977
0.0153569
-0.383003
0.381244
-0.0148371
0.0115879
-0.245466
0.248716
-0.00819568
0.00428236
-0.110888
0.114801
-0.00147448
-0.0154521
0.0169265
-0.0812046
0.0785867
0.00261793
-0.00834783
0.00849529
-0.424128
0.423981
-0.00604211
0.00279576
-0.565171
0.568417
0.00212951
-0.00753236
-0.673985
0.679388
0.013472
-0.0191964
-0.78484
0.790565
0.0253307
-0.0308436
-0.908866
0.914379
0.0367191
-0.0417688
-1.04749
1.05254
0.0467864
-0.0507078
-1.20065
1.20457
0.0540011
-0.0558246
-1.36837
1.37019
0.0561907
-0.0544738
-1.54905
1.54734
0.051157
-0.0461801
-1.46279
1.45781
0.0408395
-0.0345019
-1.162
1.15566
0.0285236
-0.0219625
-0.931449
0.924887
0.016106
-0.00995843
-0.751569
0.745422
0.0046729
0.000551911
-0.609058
0.603833
-0.00456462
0.00791544
-0.490964
0.487613
-0.00998915
0.0109135
-0.376897
0.375972
-0.010042
0.00756895
-0.246868
0.249342
-0.00517532
0.00260077
-0.115376
0.11795
-0.000935067
-0.0171262
0.0180613
-0.0795099
0.0773271
0.00218282
-0.00772294
0.00810321
-0.42868
0.4283
-0.0067145
0.00393134
-0.573893
0.576677
0.000673011
-0.00529884
-0.684384
0.689009
0.0104672
-0.0154855
-0.795751
0.80077
0.020985
-0.0259711
-0.919677
0.924663
0.0314336
-0.0359589
-1.05741
1.06194
0.0406058
-0.0442825
-1.20831
1.21199
0.0473782
-0.0491598
-1.37188
1.37367
0.0496406
-0.0485761
-1.54575
1.54468
0.0457096
-0.0415424
-1.4527
1.44854
0.0368919
-0.0313902
-1.14946
1.14396
0.0264519
-0.0207469
-0.918546
0.912841
0.0157627
-0.0107341
-0.739504
0.734475
0.00638029
-0.00209337
-0.598584
0.594297
-0.00122581
0.00412787
-0.482752
0.47985
-0.0056213
0.00638037
-0.372456
0.371697
-0.00609136
0.00453545
-0.247105
0.248661
-0.00302348
0.00158933
-0.11749
0.118924
-0.000619614
-0.0178461
0.0184657
-0.0783017
0.0766203
0.00168146
-0.00651229
0.00703962
-0.431994
0.431467
-0.00579709
0.00361725
-0.58165
0.58383
0.000562555
-0.00475291
-0.693485
0.697675
0.00968356
-0.0140622
-0.8056
0.809979
0.018962
-0.0234539
-0.92973
0.934221
0.0287198
-0.0329295
-1.06658
1.07079
0.0371926
-0.0408086
-1.21558
1.2192
0.0442153
-0.0460371
-1.37557
1.37739
0.0468342
-0.0460289
-1.5434
1.54259
0.0439041
-0.0400724
-1.44434
1.44051
0.0361388
-0.0314283
-1.1385
1.13379
0.0269761
-0.0221245
-0.907372
0.90252
0.0176954
-0.0130907
-0.729343
0.724739
0.00946902
-0.00559297
-0.589762
0.585886
0.00249774
6.45143e-05
-0.475784
0.473221
-0.00165447
0.00268942
-0.368554
0.367519
-0.00279686
0.00220706
-0.246226
0.246816
-0.00155084
0.000888762
-0.117671
0.118333
-0.000411671
-0.0179859
0.0183976
-0.0776633
0.0763436
0.00131967
-0.00525871
0.00583009
-0.434624
0.434053
-0.00461215
0.00245133
-0.588438
0.590598
0.00140446
-0.00516836
-0.701734
0.705497
0.00944754
-0.0137042
-0.814462
0.818719
0.0182874
-0.0229593
-0.938625
0.943297
0.0275841
-0.0316829
-1.07517
1.07927
0.0361594
-0.0396426
-1.22279
1.22627
0.0427227
-0.0450873
-1.37922
1.38159
0.046243
-0.0459057
-1.54195
1.54161
0.0441209
-0.0409918
-1.43694
1.43381
0.0374748
-0.033181
-1.12883
1.12454
0.0291831
-0.0247187
-0.897573
0.893109
0.0206537
-0.0165373
-0.720195
0.716078
0.0128763
-0.00930181
-0.58173
0.578155
0.00645573
-0.00375226
-0.469595
0.466891
0.00188699
-0.000736753
-0.364288
0.363138
2.44648e-05
0.000307625
-0.244061
0.243729
-0.000434448
0.000397359
-0.116504
0.116541
-0.00027694
-0.0177461
0.018023
-0.0775714
0.0764643
0.00110712
-0.00389889
0.00425113
-0.43708
0.436728
-0.00321938
0.00100931
-0.594664
0.596874
0.00256031
-0.00621068
-0.709435
0.713085
0.0103448
-0.0142472
-0.822907
0.826809
0.0189798
-0.0229277
-0.947495
0.951443
0.0275637
-0.0315383
-1.08359
1.08756
0.0359697
-0.0397146
-1.22981
1.23356
0.0431701
-0.0454277
-1.38381
1.38606
0.0470252
-0.0471677
-1.54127
1.54141
0.0460633
-0.0432531
-1.43059
1.42778
0.0401214
-0.0361328
-1.1203
1.11631
0.0324084
-0.0281194
-0.888333
0.884044
0.0243204
-0.0202172
-0.71168
0.707577
0.0166359
-0.0130182
-0.57423
0.570612
0.0100154
-0.0073921
-0.46332
0.460696
0.00524442
-0.00367112
-0.359575
0.358001
0.00242091
-0.00137637
-0.24073
0.239686
0.000590068
2.76797e-05
-0.114268
0.11365
-0.000182335
-0.017179
0.0173613
-0.0777463
0.0769658
0.000780452
-0.00272185
0.00266072
-0.439735
0.439797
-0.00178244
-0.000518406
-0.60014
0.60244
0.00379715
-0.00732324
-0.716658
0.720184
0.0112924
-0.0153308
-0.830689
0.834727
0.0194975
-0.0236228
-0.955657
0.959782
0.0282547
-0.0320647
-1.09201
1.09582
0.036631
-0.0403839
-1.23718
1.24093
0.043963
-0.0468052
-1.38878
1.39163
0.0489656
-0.0494576
-1.54166
1.54215
0.0486313
-0.0464918
-1.42515
1.42301
0.043803
-0.0400043
-1.11214
1.10834
0.0363146
-0.0322842
-0.879493
0.875463
0.0281865
-0.0242233
-0.70312
0.699157
0.0206098
-0.0168263
-0.566851
0.563068
0.0138224
-0.0108424
-0.456895
0.453915
0.00846817
-0.00626197
-0.354426
0.35222
0.00463287
-0.00296973
-0.236343
0.23468
0.00149952
-0.000357644
-0.111158
0.110016
-7.92726e-05
-0.0163652
0.0164445
-0.0783113
0.0776839
0.000627456
-0.00177069
0.00176202
-0.442619
0.442627
-0.000407472
-0.00186887
-0.605592
0.607868
0.00522709
-0.0086029
-0.72341
0.726786
0.0124228
-0.0160876
-0.838535
0.8422
0.0203869
-0.0242251
-0.963966
0.967805
0.0288277
-0.03308
-1.10011
1.10437
0.0373322
-0.0414434
-1.24478
1.24889
0.0454863
-0.0484794
-1.39444
1.39743
0.0510757
-0.0523874
-1.54291
1.54422
0.0520316
-0.0504861
-1.42074
1.41919
0.0479363
-0.0444392
-1.1045
1.10101
0.04094
-0.0367968
-0.870877
0.866733
0.0328018
-0.0286749
-0.694568
0.690441
0.0249493
-0.0209367
-0.558978
0.554965
0.0176202
-0.0144161
-0.450108
0.446903
0.0115367
-0.00886476
-0.348366
0.345694
0.00668479
-0.00443898
-0.2309
0.228654
0.002501
-0.000856091
-0.107292
0.105647
8.92824e-05
-0.0153949
0.0153057
-0.0791178
0.0786509
0.000466933
-0.000772747
0.00057773
-0.445643
0.445838
0.000766693
-0.00324074
-0.610768
0.613242
0.00645855
-0.00966485
-0.729906
0.733112
0.0135587
-0.0170808
-0.845907
0.849429
0.0212378
-0.0252014
-0.97215
0.976114
0.0297207
-0.0339528
-1.10852
1.11275
0.0384411
-0.0426068
-1.25298
1.25714
0.0468713
-0.0506375
-1.40077
1.40453
0.053726
-0.0553838
-1.54553
1.54719
0.0557398
-0.0545131
-1.41753
1.4163
0.0524634
-0.0493802
-1.09736
1.09428
0.0458007
-0.0416534
-0.862196
0.858049
0.0376006
-0.0331958
-0.685806
0.681401
0.0293812
-0.0251057
-0.550882
0.546606
0.0215861
-0.0179061
-0.442837
0.439157
0.0147669
-0.0116082
-0.341486
0.338327
0.00875827
-0.00590975
-0.224443
0.221594
0.00349066
-0.00137038
-0.102591
0.100471
0.000245055
-0.0142214
0.0139763
-0.0801053
0.0797427
0.000362662
-3.22556e-05
-0.000393597
-0.448759
0.449184
0.00190599
-0.00424841
-0.616022
0.618365
0.0072712
-0.0105412
-0.736342
0.739612
0.0142504
-0.0178357
-0.853012
0.856597
0.0218268
-0.0258908
-0.979947
0.984011
0.0302722
-0.0347656
-1.11708
1.12157
0.0391861
-0.0437036
-1.26131
1.26582
0.048403
-0.0522609
-1.4081
1.41196
0.0559291
-0.0584895
-1.54917
1.55174
0.0592395
-0.0588593
-1.41522
1.41484
0.0572192
-0.0541982
-1.09097
1.08794
0.0508733
-0.0468155
-0.853596
0.849538
0.0427551
-0.0382703
-0.676695
0.67221
0.0341382
-0.0297628
-0.542043
0.537667
0.025802
-0.0216913
-0.434782
0.430671
0.0180767
-0.0142448
-0.333771
0.329939
0.0109715
-0.00739125
-0.216895
0.213315
0.00446436
-0.00182852
-0.0970323
0.0943965
0.000410677
-0.0128797
0.012469
-0.0811539
0.0810125
0.000141433
0.000394793
-0.00114831
-0.452004
0.452757
0.00281305
-0.00527176
-0.62124
0.623699
0.00835354
-0.0114356
-0.742676
0.745758
0.0147155
-0.0181284
-0.860254
0.863667
0.0223607
-0.0262388
-0.98812
0.991998
0.0309568
-0.0352628
-1.12573
1.13004
0.040168
-0.0445826
-1.27033
1.27474
0.0494246
-0.0538556
-1.416
1.42044
0.0579765
-0.0611965
-1.55413
1.55735
0.0629026
-0.0629535
-1.41443
1.41448
0.0618562
-0.0594366
-1.08487
1.08245
0.0562616
-0.0522532
-0.844998
0.84099
0.048183
-0.0434844
-0.667327
0.662628
0.0391361
-0.0344641
-0.532838
0.528166
0.0302474
-0.0257399
-0.426025
0.421518
0.0216862
-0.0171496
-0.325049
0.320513
0.0132625
-0.00896786
-0.20815
0.203856
0.00538196
-0.00230835
-0.0904396
0.087366
0.000585264
-0.0113556
0.0107704
-0.0823058
0.0822811
2.46852e-05
0.00094668
-0.00177422
-0.455473
0.456301
0.00348921
-0.00582324
-0.626166
0.6285
0.00892654
-0.0118003
-0.748889
0.751763
0.015118
-0.0186903
-0.867207
0.870779
0.0224258
-0.0264332
-0.996026
1.00003
0.0309551
-0.0353192
-1.13448
1.13885
0.0404335
-0.0452919
-1.27949
1.28435
0.050364
-0.0550392
-1.42509
1.42976
0.0599337
-0.063558
-1.56076
1.56438
0.0661982
-0.0670249
-1.41498
1.41581
0.0664454
-0.0643594
-1.08002
1.07794
0.0616891
-0.0578274
-0.836708
0.832846
0.0537888
-0.0490644
-0.657464
0.65274
0.0444663
-0.0394963
-0.522933
0.517963
0.0349492
-0.0299149
-0.416508
0.411473
0.0254293
-0.0202734
-0.315024
0.309868
0.0155177
-0.0104587
-0.198013
0.192954
0.00623711
-0.00266592
-0.0829497
0.0793785
0.000706893
-0.00961572
0.00890882
-0.0835285
0.0835347
-6.20944e-06
0.0012223
-0.00233286
-0.458839
0.459949
0.00425713
-0.00641964
-0.631038
0.6332
0.00934462
-0.0120126
-0.754852
0.75752
0.0153709
-0.0188342
-0.87401
0.877473
0.0226992
-0.0266998
-1.00376
1.00776
0.0307749
-0.035263
-1.14334
1.14782
0.0405154
-0.0455252
-1.28903
1.29404
0.0509754
-0.0559599
-1.43457
1.43956
0.0612826
-0.0656726
-1.56852
1.57291
0.0687416
-0.070726
-1.41682
1.4188
0.0708055
-0.0694604
-1.07604
1.0747
0.0671465
-0.0636136
-0.828758
0.825225
0.0597427
-0.0548188
-0.647463
0.642539
0.05001
-0.0447123
-0.512465
0.507168
0.0396373
-0.0342552
-0.405889
0.400507
0.0290856
-0.0233308
-0.303726
0.297971
0.0177988
-0.0119187
-0.1864
0.18052
0.0070941
-0.00303484
-0.0745379
0.0704786
0.000781601
-0.00775843
0.00697683
-0.0847229
0.0847787
-5.5747e-05
0.00145998
-0.00263604
-0.462503
0.463679
0.00444087
-0.00676104
-0.635679
0.637999
0.00922374
-0.0122784
-0.760242
0.763296
0.0154121
-0.0186879
-0.880774
0.884049
0.0224989
-0.026219
-1.01168
1.0154
0.0308156
-0.0351751
-1.15227
1.15663
0.0402547
-0.0454816
-1.29891
1.30414
0.050847
-0.0563519
-1.44499
1.45049
0.0621715
-0.0671734
-1.57766
1.58267
0.0711343
-0.0738593
-1.42076
1.42348
0.0747335
-0.0741954
-1.07362
1.07308
0.0725367
-0.0695589
-0.821655
0.818677
0.0658666
-0.0610089
-0.637383
0.632525
0.0560135
-0.0500937
-0.501375
0.495456
0.0447388
-0.0386148
-0.394382
0.388258
0.0326592
-0.0260535
-0.290958
0.284353
0.0197044
-0.0130307
-0.17327
0.166596
0.00764128
-0.0031867
-0.0653747
0.0609201
0.000811425
-0.00583551
0.00502408
-0.0859829
0.0859988
-1.58984e-05
0.00169458
-0.002579
-0.46628
0.467165
0.00457114
-0.00660388
-0.640308
0.64234
0.00940775
-0.0119582
-0.766046
0.768597
0.0152385
-0.0183153
-0.887416
0.890492
0.0223393
-0.0259194
-1.0194
1.02298
0.0304375
-0.0343932
-1.16147
1.16542
0.0398847
-0.0449069
-1.30924
1.31427
0.050568
-0.056298
-1.45594
1.46167
0.0626041
-0.0682516
-1.58821
1.59386
0.0731442
-0.0766722
-1.42649
1.43002
0.0782273
-0.0785225
-1.07278
1.07307
0.077626
-0.0752527
-0.815437
0.813063
0.0720102
-0.067389
-0.627403
0.622781
0.0623738
-0.0561852
-0.489153
0.482964
0.0500832
-0.0428777
-0.381123
0.373918
0.0358419
-0.0279308
-0.276432
0.268521
0.0205904
-0.0132118
-0.158627
0.151249
0.00746191
-0.00301361
-0.055672
0.0512237
0.000731342
-0.00397865
0.00324731
-0.0870703
0.0871296
-5.9374e-05
0.00148638
-0.0029244
-0.469482
0.47092
0.00485999
-0.00698409
-0.644749
0.646873
0.00923058
-0.0119078
-0.771234
0.773911
0.0149175
-0.018102
-0.893785
0.896969
0.0214658
-0.0252289
-1.02663
1.0304
0.0294248
-0.0338039
-1.17002
1.1744
0.0389174
-0.0441471
-1.31946
1.32469
0.0499858
-0.0558229
-1.46752
1.47335
0.0624907
-0.0687897
-1.59978
1.60608
0.0743732
-0.0785289
-1.43416
1.43832
0.0812418
-0.0826348
-1.0737
1.07509
0.082228
-0.0807165
-0.810738
0.809227
0.0783477
-0.0742482
-0.618103
0.614004
0.0693445
-0.0629751
-0.476266
0.469897
0.0560049
-0.047378
-0.365605
0.356978
0.0386824
-0.0285025
-0.258973
0.248793
0.0194971
-0.0110165
-0.142484
0.134003
0.00523478
-0.00149458
-0.0464156
0.0426754
0.000132317
-0.00247638
0.00234406
-0.0882291
0.088312
-8.29226e-05
0.00156214
-0.00293801
-0.472834
0.47421
0.00478846
-0.00674878
-0.64894
0.6509
0.00905127
-0.0113727
-0.776638
0.778959
0.0146679
-0.0173404
-0.900009
0.902682
0.0210131
-0.0245006
-1.03401
1.0375
0.0284803
-0.0328505
-1.17871
1.18308
0.0378682
-0.0428662
-1.32974
1.33474
0.0491087
-0.0549343
-1.47944
1.48526
0.0621257
-0.0687964
-1.61266
1.61933
0.0747917
-0.0801199
-1.44337
1.4487
0.0834884
-0.0857763
-1.07666
1.07895
0.0865468
-0.0860001
-0.807968
0.807421
0.0844264
-0.0814442
-0.610003
0.607021
0.0771623
-0.0706448
-0.46323
0.456713
0.0632245
-0.052836
-0.347019
0.33663
0.0417448
-0.027858
-0.236221
0.222334
0.014909
-0.00280275
-0.123217
0.11111
-0.00560205
0.00938386
-0.0388448
0.0350629
-0.00649053
-0.00425373
0.0107443
-0.0892308
0.0893342
-0.000103409
0.00171864
-0.00294867
-0.476127
0.477357
0.00498626
-0.00675348
-0.653211
0.654979
0.00904022
-0.0113891
-0.781523
0.783872
0.0143051
-0.0174503
-0.905581
0.908726
0.0210338
-0.0243015
-1.04142
1.04469
0.0286655
-0.0333171
-1.18737
1.19202
0.0385428
-0.0440249
-1.34007
1.34555
0.0509348
-0.0575527
-1.49167
1.49829
0.0653973
-0.0735484
-1.62628
1.63443
0.0809051
-0.0876911
-1.45458
1.46137
0.0927897
-0.0967849
-1.08171
1.0857
0.0988755
-0.0997088
-0.807071
0.807905
0.0993967
-0.097848
-0.603949
0.6024
0.0947014
-0.0886887
-0.450626
0.444614
0.0805868
-0.0679415
-0.325125
0.31248
0.0533572
-0.0328864
-0.205302
0.184832
0.0116757
0.00315103
-0.0911354
0.0763088
-0.000350077
-0.0378397
-0.0283424
0.0665321
0.116448
-0.263339
-0.033419
0.180309
-0.0902042
0.0903111
-0.000106941
0.00171335
-0.00296046
-0.479385
0.480632
0.00461969
-0.00642762
-0.657109
0.658917
0.00876262
-0.0109672
-0.786496
0.788701
0.0141334
-0.0170152
-0.911751
0.914633
0.0205264
-0.0239845
-1.04861
1.05207
0.0283369
-0.032913
-1.19627
1.20085
0.0385179
-0.0439248
-1.35142
1.35682
0.0511054
-0.0583224
-1.50526
1.51248
0.0670387
-0.0758549
-1.64268
1.65149
0.0846814
-0.0929276
-1.46914
1.47738
0.099612
-0.105433
-1.09034
1.09616
0.109097
-0.111516
-0.809306
0.811725
0.112921
-0.113626
-0.601005
0.60171
0.112892
-0.109645
-0.439793
0.436547
0.103036
-0.0892773
-0.300192
0.286433
0.0764226
-0.0750206
-0.163503
0.1621
0.119162
-0.262889
-0.102599
0.246326
0.507349
-0.785842
-0.251668
0.53016
0.988459
-1.13185
-0.442785
0.586174
-0.0910967
0.0911343
-3.75694e-05
0.00153144
-0.00284218
-0.482438
0.483748
0.0043369
-0.00637443
-0.660887
0.662925
0.00858985
-0.0105544
-0.791204
0.793169
0.0135241
-0.016412
-0.917596
0.920484
0.019856
-0.0233443
-1.05597
1.05945
0.0277909
-0.0324557
-1.20562
1.21029
0.0383207
-0.0439153
-1.36298
1.36857
0.0513391
-0.0588397
-1.52
1.5275
0.0686374
-0.078293
-1.66084
1.6705
0.0883921
-0.0982214
-1.4867
1.49653
0.10641
-0.11433
-1.10293
1.11085
0.119991
-0.12434
-0.81471
0.819059
0.127568
-0.130606
-0.602029
0.605067
0.133005
-0.134086
-0.436529
0.43761
0.132774
-0.147876
-0.278508
0.29361
0.218295
-0.431013
-0.233612
0.44633
0.721802
-0.978198
-0.552019
0.808415
1.10818
-1.20229
-0.697607
0.791714
1.2491
-1.2804
-0.654612
0.685915
-0.0917117
0.0914086
0.000303113
0.00135112
-0.00289791
-0.485855
0.487402
0.00425593
-0.00573024
-0.664608
0.666082
0.00843157
-0.00969052
-0.795596
0.796855
0.0133181
-0.0151194
-0.923062
0.924863
0.019764
-0.0222613
-1.06263
1.06513
0.0274059
-0.0317028
-1.21481
1.21911
0.0378308
-0.043273
-1.37461
1.38006
0.0516524
-0.0590728
-1.53536
1.54278
0.0699882
-0.0801296
-1.68068
1.69082
0.0919734
-0.103012
-1.50705
1.51809
0.113353
-0.122645
-1.11932
1.12861
0.131393
-0.137489
-0.824135
0.830231
0.142273
-0.146738
-0.607014
0.611478
0.153911
-0.172319
-0.442087
0.460495
0.236882
-0.415977
-0.374194
0.553288
0.711793
-0.981899
-0.770702
1.04081
1.10335
-1.17627
-0.93808
1.011
1.21534
-1.24102
-0.837421
0.863096
1.25649
-1.27177
-0.703549
0.718831
-0.0923047
0.0451005
-0.00386764
0.0510719
0.489767
0.00308673
-0.00316748
-0.489687
0.668085
0.0047422
-0.00526132
-0.667566
0.800964
0.0071882
-0.0097217
-0.798431
0.929882
0.0118073
-0.0150464
-0.926643
1.07156
0.0180477
-0.0220851
-1.06752
1.39755
-0.14371
-0.0309053
-1.22293
1.56251
-0.133865
-0.0429299
-1.38572
1.72924
-0.119412
-0.0595332
-1.55029
1.88114
-0.0976175
-0.0820537
-1.70147
1.71555
-0.0780266
-0.107871
-1.52965
1.32729
-0.057633
-0.131037
-1.13862
1.02238
-0.0311636
-0.152465
-0.838754
0.621169
0.157509
-0.159609
-0.619069
0.597437
0.195041
-0.247436
-0.545041
1.20092
0.51528
-0.861936
-0.854261
1.26686
1.0371
-1.11769
-1.18627
1.08177
1.15734
-1.18424
-1.05486
0.902381
1.2025
-1.22223
-0.882658
0.743542
1.23752
-1.24996
-0.73111
-0.109044
0.10692
0.00212447
-0.482632
0.485136
0.0017545
-0.00425785
-0.66903
0.67067
0.00584106
-0.0074811
-0.808181
0.809438
0.0103573
-0.0116144
-0.939752
0.941138
0.015776
-0.0171627
-1.08408
1.08618
0.0221304
-0.0242363
-1.2414
1.2448
0.0303442
-0.0337488
-1.40965
1.41485
0.0415527
-0.046756
-1.58271
1.58995
0.0571771
-0.0644202
-1.74537
1.75659
0.0786345
-0.0898592
-1.58032
1.59367
0.10703
-0.120388
-1.18478
1.19805
0.137765
-0.151039
-0.88122
0.896082
0.168606
-0.183468
-0.7285
0.825316
0.221617
-0.318433
-1.10282
1.39304
0.502423
-0.792637
-1.49753
1.60874
0.944821
-1.05604
-1.34642
1.38096
1.09347
-1.12801
-1.12517
1.14865
1.14991
-1.17339
-0.934091
0.954671
1.189
-1.20958
0.895906
-0.330635
1.43408
-1.23857
-0.760783
-0.10397
0.102222
0.00174838
-0.487057
0.489601
0.00171462
-0.00425821
-0.672127
0.674236
0.00590983
-0.00801804
-0.810907
0.813394
0.0102172
-0.0127038
-0.943085
0.945925
0.0156689
-0.0185089
-1.08884
1.09249
0.0222795
-0.0259287
-1.24893
1.25345
0.0310241
-0.0355459
-1.42021
1.42671
0.0427066
-0.0492087
-1.59804
1.60707
0.0587895
-0.0678238
-1.76828
1.78162
0.0815931
-0.0949358
-1.60824
1.62486
0.111854
-0.128475
-1.21231
1.23027
0.145692
-0.163661
-0.917856
0.951503
0.182941
-0.216589
-0.965324
1.14902
0.292484
-0.476179
-1.64596
1.84245
0.719243
-0.915734
-1.67631
1.7294
0.995373
-1.04847
-1.41359
1.44443
1.08219
-1.11303
-1.1762
1.19831
1.13841
-1.16052
-0.9748
0.995942
1.17484
-1.19598
0.902308
-0.316584
-0.7923
1.43692
-1.23034
-0.100032
0.0990056
0.00102664
-0.491383
0.493629
0.00209107
-0.00433738
-0.676567
0.678592
0.00620489
-0.00822989
-0.815427
0.81818
0.0105766
-0.013329
-0.948942
0.951986
0.0161822
-0.0192268
-1.09644
1.10056
0.023147
-0.0272623
-1.25876
1.26405
0.0320842
-0.0373732
-1.43363
1.44124
0.0439286
-0.0515373
-1.61681
1.62721
0.0608555
-0.0712534
-1.79582
1.81119
0.0845745
-0.0999498
-1.64285
1.66228
0.116777
-0.136201
-1.24926
1.27024
0.154084
-0.175061
-0.995676
1.05949
0.201565
-0.265383
-1.36613
1.61006
0.402249
-0.646176
-1.98147
2.07843
0.844719
-0.941679
-1.76903
1.80535
0.990557
-1.02688
-1.47406
1.50817
1.05731
-1.09142
-1.22756
1.2574
1.1198
-1.14965
-1.02481
1.04609
1.17177
-1.19304
0.912366
-0.301367
-0.830443
1.44519
-1.22574
-0.0973453
0.0969289
0.000416473
-0.495242
0.497509
0.00218417
-0.00445205
-0.68084
0.683219
0.00636521
-0.00874433
-0.820651
0.823382
0.0111735
-0.0139046
-0.955241
0.958548
0.0166698
-0.0199764
-1.10444
1.1088
0.0239435
-0.0282957
-1.2695
1.27493
0.0334266
-0.0388626
-1.44847
1.45632
0.0458451
-0.053688
-1.63771
1.64844
0.0632134
-0.0739475
-1.82674
1.84284
0.0881057
-0.104205
-1.68176
1.7025
0.122043
-0.142781
-1.29191
1.31704
0.162173
-0.18731
-1.14265
1.25363
0.228566
-0.339545
-1.86263
2.09849
0.526554
-0.762412
-2.15026
2.20966
0.871541
-0.930936
-1.83875
1.86956
0.966004
-0.996809
-1.53888
1.57642
1.02801
-1.06555
-1.29507
1.32246
1.09775
-1.12514
-1.06584
1.08228
1.13961
-1.15605
0.893567
-0.271809
-0.864246
1.42634
-1.18385
-0.0957897
0.0959032
-0.000113521
-0.498909
0.501175
0.00244702
-0.00471369
-0.685394
0.687911
0.00640217
-0.00891855
-0.825885
0.828606
0.0116101
-0.0143309
-0.96184
0.964961
0.0175688
-0.0206894
-1.1128
1.11744
0.0248205
-0.0294528
-1.28088
1.28627
0.0347899
-0.040182
-1.46377
1.47153
0.0476025
-0.0553663
-1.65941
1.6705
0.0652309
-0.0763215
-1.85918
1.87557
0.0913096
-0.107704
-1.72304
1.74486
0.126803
-0.148626
-1.34371
1.37632
0.170057
-0.202674
-1.38716
1.54265
0.267205
-0.422693
-2.30201
2.46483
0.636361
-0.799185
-2.25775
2.29955
0.861812
-0.903609
-1.89991
1.92944
0.930835
-0.960367
-1.6069
1.63367
0.99162
-1.01838
-1.33635
1.34499
1.03708
-1.04571
-1.05766
1.01148
1.03196
-0.985788
0.794148
-0.173003
-0.851205
1.17586
-0.945801
-0.0951857
0.0955722
-0.000386539
-0.502636
0.50469
0.00280245
-0.00485723
-0.689936
0.692315
0.00686583
-0.00924433
-0.831264
0.834105
0.0120189
-0.0148603
-0.968441
0.97209
0.0177712
-0.0214209
-1.12138
1.12574
0.0254589
-0.0298169
-1.29197
1.29753
0.0354435
-0.0410042
-1.47909
1.48693
0.048287
-0.056134
-1.68122
1.69245
0.0659843
-0.0772093
-1.89183
1.90842
0.091719
-0.10831
-1.76569
1.7874
0.12725
-0.148964
-1.41055
1.45324
0.172121
-0.214809
-1.70988
1.89128
0.305224
-0.486622
-2.58421
2.67659
0.672331
-0.764709
-2.33301
2.36286
0.805979
-0.835826
-1.95995
1.98852
0.85891
-0.887484
-1.65113
1.65434
0.903696
-0.906912
-1.32002
1.26176
0.884965
-0.826706
-0.881962
0.639131
0.71368
-0.470849
-0.168158
-0.0251076
0.193266
-0.0949274
0.0954612
-0.00053377
-0.506173
0.50812
0.00296936
-0.00491636
-0.694724
0.69709
0.00698643
-0.00935279
-0.836839
0.839541
0.0124235
-0.0151251
-0.975732
0.979153
0.0186373
-0.0220587
-1.13041
1.13484
0.026803
-0.0312296
-1.30363
1.30965
0.0371052
-0.0431246
-1.4954
1.50356
0.0509275
-0.0590856
-1.70424
1.71624
0.0701493
-0.0821514
-1.92621
1.94424
0.0982669
-0.116295
-1.81053
1.83524
0.136951
-0.16166
-1.50336
1.5657
0.190325
-0.25266
-2.09596
2.3079
0.376349
-0.588288
-2.75231
2.81368
0.727215
-0.788584
-2.39059
2.41664
0.820795
-0.846845
-2.01083
2.02576
0.869769
-0.884704
-1.64369
1.61176
0.88329
-0.851361
-1.14953
0.963898
0.769173
-0.583538
-0.313431
0.072887
0.286735
-0.0461911
0.0550602
-0.0454736
-0.00958652
-0.094933
0.0955262
-0.000593219
-0.509082
0.511551
0.00261865
-0.00508761
-0.699253
0.701868
0.0071998
-0.00981404
-0.842609
0.845687
0.0124944
-0.0155719
-0.982838
0.986655
0.0190881
-0.0229049
-1.13986
1.14485
0.0272169
-0.0322088
-1.31599
1.32288
0.0381908
-0.0450806
-1.51252
1.52145
0.0529682
-0.0618972
-1.72906
1.74184
0.0738455
-0.0866251
-1.96372
1.98353
0.104045
-0.123861
-1.8612
1.88873
0.146276
-0.173797
-1.63926
1.72772
0.211538
-0.300003
-2.53022
2.73798
0.454286
-0.662049
-2.86712
2.91383
0.751905
-0.798621
-2.4441
2.46739
0.826528
-0.849817
-2.03532
2.03315
0.863679
-0.861511
-1.54706
1.43051
0.825277
-0.708732
-0.66461
0.342153
0.491047
-0.16859
0.0276351
-0.0667866
0.0358448
0.00330669
0.0360261
-0.0307464
-0.00527975
-0.0947814
0.0952704
-0.000488953
-0.512156
0.514084
0.00249717
-0.00442508
-0.704238
0.706637
0.00686455
-0.00926368
-0.848849
0.851549
0.012523
-0.015223
-0.99052
0.994375
0.0191262
-0.0229818
-1.1498
1.15495
0.0278437
-0.0329945
-1.32932
1.33613
0.0392508
-0.046058
-1.53089
1.54007
0.0548077
-0.0639873
-1.75581
1.76934
0.0768102
-0.0903462
-2.00422
2.02555
0.109039
-0.130375
-1.91824
1.94969
0.154968
-0.186416
-1.83079
1.94797
0.235525
-0.352707
-2.93627
3.10565
0.529321
-0.698704
-2.95618
2.9937
0.760167
-0.797679
-2.48764
2.50509
0.821565
-0.839016
-2.0152
1.97297
0.836248
-0.794017
-1.2521
0.993559
0.671727
-0.413188
-0.103825
-0.0127909
0.126611
-0.00999534
0.0758841
-0.0754007
-0.0114987
0.0110153
0.0257311
-0.0207033
-0.00502787
-0.0943998
0.0947631
-0.000363335
-0.514682
0.516329
0.00207909
-0.00372566
-0.708873
0.711649
0.00598116
-0.00875658
-0.85496
0.858242
0.0116182
-0.0149007
-0.998575
1.00239
0.0187381
-0.0225563
-1.16026
1.16532
0.0276343
-0.0326934
-1.3433
1.35024
0.0397843
-0.0467252
-1.55014
1.55983
0.0556185
-0.0653011
-1.7837
1.79826
0.07833
-0.0928893
-2.04783
2.07033
0.112613
-0.135108
-1.98392
2.0207
0.161633
-0.198415
-2.07603
2.21635
0.261818
-0.402142
-3.25336
3.37172
0.588511
-0.706877
-3.02648
3.05635
0.75325
-0.783121
-2.51768
2.51873
0.802533
-0.803584
-1.89719
1.77892
0.770045
-0.651778
-0.663856
0.344927
0.428881
-0.109952
0.0671546
-0.089533
0.0173282
0.00505025
0.073896
-0.0712397
-0.00898785
0.00633153
0.0176104
-0.015261
-0.00234939
-0.0935438
0.0936967
-0.000152852
-0.516776
0.518304
0.00131134
-0.00284016
-0.71354
0.716234
0.00506612
-0.00775933
-0.861409
0.864484
0.0106064
-0.0136824
-1.00686
1.01067
0.0176989
-0.021518
-1.17104
1.17623
0.0268741
-0.0320586
-1.35757
1.36477
0.0388026
-0.0459955
-1.57035
1.58032
0.0552235
-0.0651978
-1.81348
1.82843
0.0788026
-0.0937554
-2.09356
2.11725
0.113923
-0.137618
-2.06014
2.10326
0.165213
-0.208331
-2.36545
2.52332
0.287358
-0.445222
-3.47214
3.5524
0.614205
-0.694469
-3.08158
3.1052
0.728019
-0.751642
-2.51304
2.48974
0.761144
-0.737846
-1.61684
1.41257
0.654227
-0.449955
-0.12449
0.00607863
0.145059
-0.0266478
0.102209
-0.113487
0.0010405
0.0102369
0.0671358
-0.0625616
-0.0114715
0.00689724
0.012984
-0.010793
-0.00219101
-0.0921422
0.0920484
9.37681e-05
-0.51814
0.519233
0.000309427
-0.00140214
-0.718126
0.720584
0.00327769
-0.00573579
-0.867743
0.870626
0.00873513
-0.0116185
-1.01488
1.01892
0.0156903
-0.0197279
-1.18168
1.18702
0.0245267
-0.0298667
-1.37218
1.3794
0.0363508
-0.0435679
-1.5907
1.60107
0.052917
-0.0632869
-1.84368
1.85855
0.0770302
-0.0919051
-2.14116
2.16501
0.112627
-0.136481
-2.14764
2.19635
0.166019
-0.214721
-2.68375
2.84835
0.305456
-0.47005
-3.61969
3.67307
0.606473
-0.659851
-3.12423
3.1392
0.680845
-0.69581
-2.45796
2.40561
0.691443
-0.639098
-1.15178
0.87302
0.505306
-0.226549
0.0627528
-0.114348
0.0821598
-0.0305647
0.118524
-0.135326
0.00248932
0.014313
0.0554603
-0.0491064
-0.0181567
0.0118028
0.00734391
-0.0035034
-0.00384051
-0.0900113
0.0897221
0.00028919
-0.518297
0.518955
-0.00136164
0.000704001
-0.721795
0.724276
0.000681566
-0.00316257
-0.873873
0.876538
0.00619684
-0.00886183
-1.02296
1.02668
0.012334
-0.0160493
-1.19229
1.19726
0.0210329
-0.0260061
-1.38695
1.39368
0.0326811
-0.0394036
-1.61139
1.62117
0.048949
-0.0587291
-1.87393
1.88877
0.0719796
-0.0868241
-2.18953
2.21306
0.107
-0.130536
-2.24535
2.29794
0.161587
-0.214177
-3.01406
3.17816
0.308915
-0.473015
-3.71861
3.75443
0.567891
-0.60371
-3.1468
3.14039
0.616309
-0.609895
-2.34791
2.25506
0.578705
-0.485858
-0.605021
0.364705
0.329792
-0.0894767
0.165913
-0.216989
0.00850413
0.0425722
0.157759
-0.167123
-0.0652307
0.0745946
0.0411912
-0.0172073
-0.0679766
0.0439927
-0.00359648
0.0219598
-0.0183633
-0.0871068
0.0864734
0.000633387
-0.516987
0.516987
-0.00309115
0.00309187
-0.725285
0.727001
-0.00243666
0.00071991
-0.879408
0.882024
0.00182449
-0.00444086
-1.03073
1.0343
0.00751448
-0.0110896
-1.2026
1.20734
0.0155514
-0.0202854
-1.40058
1.40706
0.0263501
-0.032827
-1.63119
1.6405
0.0415114
-0.0508231
-1.90351
1.91721
0.0634416
-0.0771476
-2.23637
2.25881
0.0961453
-0.118586
-2.34949
2.40445
0.1488
-0.203765
-3.32961
3.4719
0.295916
-0.438209
-3.78526
3.80877
0.501968
-0.525479
-3.12883
3.10842
0.533176
-0.512763
-2.14734
1.97157
0.442335
-0.266565
-0.128571
-0.101662
0.0690354
0.161198
0.27596
-0.312881
-0.260653
0.297574
0.15202
-0.115617
-0.298919
0.262516
-0.0344639
0.1159
-0.212054
0.130618
-0.0662464
0.118854
-0.0526077
-0.0831843
0.0822588
0.000925539
-0.513601
0.512675
-0.0051635
0.00609011
-0.727486
0.728727
-0.00668968
0.00544875
-0.884728
0.886741
-0.00355132
0.00153844
-1.03789
1.04089
0.001239
-0.0042364
-1.21161
1.21592
0.00799378
-0.0123078
-1.41342
1.41899
0.0174779
-0.0230531
-1.64939
1.65734
0.0308656
-0.0388135
-1.93039
1.94315
0.0498089
-0.0625646
-2.2802
2.29976
0.0794169
-0.0989859
-2.45476
2.50572
0.12617
-0.177131
-3.59103
3.69989
0.257676
-0.366534
-3.832
3.85384
0.411252
-0.433098
-3.07968
3.04865
0.444113
-0.413086
-1.79011
1.57707
0.311941
-0.0989012
0.292212
-0.280239
-0.231412
0.219439
0.339996
-0.317758
-0.179132
0.156894
0.0246088
0.0711984
-0.124423
0.028616
-0.205399
0.224296
0.0353862
-0.054283
-0.132133
0.0974817
0.0346517
-0.0782443
0.076945
0.00129929
-0.507777
0.505272
-0.00794739
0.0104521
-0.728371
0.728225
-0.0117866
0.0119323
-0.888935
0.890202
-0.0107546
0.00948702
-1.04386
1.04579
-0.00745022
0.00551928
-1.21961
1.22282
-0.00230791
-0.000897894
-1.42413
1.42901
0.00487645
-0.00975806
-1.66475
1.67126
0.0153871
-0.0218916
-1.95432
1.9641
0.0307207
-0.0405031
-2.31762
2.33368
0.0540993
-0.070155
-2.54807
2.58542
0.0911695
-0.128522
-3.77757
3.84586
0.184102
-0.252394
-3.88536
3.93205
0.29487
-0.341563
-3.06292
3.15346
0.410449
-0.500995
-1.42901
1.35316
0.525771
-0.449915
0.129145
0.049075
0.596857
-0.775078
0.33899
-0.390499
0.811968
-0.760459
0.0139327
-0.28771
0.617902
-0.344124
-0.197285
0.0760147
0.129684
-0.00841426
-0.0835006
0.106593
-0.0230921
-0.0720697
0.0705308
0.00153888
-0.498
0.493999
-0.010971
0.0149715
-0.727054
0.72553
-0.0183037
0.0198281
-0.89134
0.891616
-0.0202802
0.0200048
-1.04802
1.04932
-0.0189537
0.0176579
-1.22545
1.2277
-0.0162201
0.0139705
-1.43234
1.43537
-0.0114386
0.00840351
-1.67664
1.68059
-0.00482242
0.000867877
-1.97138
1.97771
0.0046448
-0.0109774
-2.34613
2.3555
0.0193101
-0.0286801
-2.60855
2.61885
0.0384752
-0.0487724
-3.87543
3.89373
0.0548126
-0.0731163
-4.00222
4.05855
0.106601
-0.162926
-3.26505
3.3586
0.236841
-0.330396
-1.47718
1.62605
0.435074
-0.583943
-0.252949
0.438991
0.764864
-0.950905
0.410839
-0.361113
1.08931
-1.13904
0.538822
-0.686502
1.10207
-0.954391
0.242464
-0.572045
0.73287
-0.403289
-0.0998718
-0.0205722
0.120444
-0.0647556
0.0628811
0.00187457
-0.484101
0.477975
-0.0142819
0.0204071
-0.722258
0.71898
-0.0262119
0.0294906
-0.891597
0.890573
-0.0319772
0.0330011
-1.05029
1.05011
-0.0331671
0.0333529
-1.22904
1.22897
-0.0329933
0.0330634
-1.4369
1.43769
-0.0323966
0.0316066
-1.68308
1.68414
-0.0308856
0.0298253
-1.98046
1.9815
-0.0281469
0.0271056
-2.35998
2.35967
-0.0262876
0.0265953
-2.60971
2.58771
-0.0302109
0.0522094
-3.84539
3.75846
-0.111952
0.198888
-4.08119
4.0479
-0.244366
0.277653
-3.42904
3.40445
-0.316563
0.341154
-1.76288
1.93563
-0.257727
0.0849798
-0.570908
0.660939
0.0155459
-0.105577
0.275193
-0.197429
0.182326
-0.26009
0.686259
-0.650144
0.320686
-0.356801
0.753611
-0.826769
0.345546
-0.272389
0.241858
-0.40592
0.164062
-0.056281
0.054012
0.00226903
-0.464782
0.455984
-0.0186777
0.0274763
-0.713336
0.708004
-0.0356032
0.0409346
-0.889667
0.886576
-0.0459293
0.0490211
-1.04966
1.04817
-0.0513621
0.0528491
-1.22847
1.22699
-0.0544088
0.0558912
-1.43677
1.43493
-0.0582643
0.0601046
-1.68297
1.68016
-0.0623459
0.0651574
-1.97879
1.97446
-0.0688151
0.0731446
-2.35148
2.33934
-0.0805889
0.0927279
-2.5434
2.48838
-0.117969
0.172997
-3.57577
3.33863
-0.3036
0.540745
-3.9441
3.79944
-0.707185
0.851838
-3.32106
3.19506
-0.969171
1.09517
-2.16173
2.22372
-1.18629
1.1243
-0.781202
0.93622
-0.974838
0.819821
0.0795803
0.0823752
-0.675799
0.513844
0.588882
-0.453075
-0.380594
0.244787
0.803415
-0.706831
-0.140638
0.0440538
0.510408
-0.518601
0.00819272
-0.0467291
0.0441204
0.0026087
-0.438728
0.426538
-0.0232507
0.0354407
-0.699319
0.690965
-0.0465379
0.0548929
-0.884126
0.87891
-0.0625906
0.0678067
-1.04619
1.04261
-0.072126
0.0757106
-1.22377
1.21971
-0.0797668
0.0838221
-1.43094
1.42597
-0.0889214
0.0938863
-1.67497
1.66837
-0.100213
0.106812
-1.96524
1.95587
-0.115441
0.12481
-2.32
2.29763
-0.140835
0.163209
-2.40687
2.32846
-0.198819
0.277232
-3.01093
2.67033
-0.413885
0.754488
-3.60782
3.42286
-1.01144
1.1964
-3.04011
2.89822
-1.34295
1.48484
-2.19081
2.14375
-1.56924
1.6163
-1.116
1.25097
-1.57884
1.44387
-0.279312
0.468556
-1.28709
1.09785
0.252862
-0.0295629
-0.926863
0.703564
0.532203
-0.322424
-0.505534
0.295755
0.438656
-0.311735
-0.126921
-0.0367887
0.0336954
0.00309327
-0.404846
0.389556
-0.0273128
0.0426034
-0.678427
0.666644
-0.058199
0.0699813
-0.874126
0.865993
-0.0805044
0.0886377
-1.03875
1.03253
-0.0959655
0.102188
-1.21402
1.20707
-0.109057
0.116
-1.41881
1.41034
-0.124533
0.133011
-1.65934
1.64886
-0.143473
0.153951
-1.94226
1.92978
-0.166543
0.179025
-2.27057
2.24544
-0.195836
0.220959
-2.24943
2.1888
-0.25566
0.316284
-2.35306
2.12197
-0.427699
0.65879
-3.20448
2.99117
-0.982117
1.19542
-2.77395
2.67837
-1.30487
1.40045
-2.10868
2.10159
-1.45254
1.45963
-1.36405
1.45708
-1.41846
1.32542
-0.693476
0.861254
-1.20027
1.03249
-0.201536
0.400586
-0.862411
0.66336
0.105419
0.0914854
-0.473768
0.276863
0.160464
-0.0442101
-0.116254
-0.0265917
0.0231519
0.00343979
-0.364122
0.345718
-0.0299365
0.0483406
-0.648602
0.632348
-0.0679742
0.0842286
-0.857285
0.846069
-0.0994024
0.110619
-1.0252
1.01575
-0.121728
0.13118
-1.19796
1.1873
-0.141821
0.152478
-1.39928
1.38671
-0.165584
0.178157
-1.63591
1.62141
-0.193081
0.207587
-1.9128
1.8977
-0.222262
0.237361
-2.22255
2.21109
-0.250627
0.26209
-2.14238
2.12372
-0.274303
0.292967
-1.95478
1.85629
-0.331578
0.430073
-2.74089
2.50297
-0.669038
0.906958
-2.60226
2.5622
-1.01749
1.05755
-2.10338
2.11665
-1.0668
1.05354
-1.54281
1.62191
-1.0053
0.926195
-1.01969
1.13695
-0.834978
0.717724
-0.59365
0.728872
-0.600219
0.464997
-0.288622
0.429594
-0.337519
0.196547
-0.070388
0.149179
-0.0787908
-0.0164136
0.012514
0.00389959
-0.317815
0.297845
-0.0308969
0.0508666
-0.609001
0.588068
-0.0746295
0.0955624
-0.831741
0.815741
-0.115582
0.131582
-1.00327
0.988995
-0.147209
0.161482
-1.17354
1.15756
-0.177759
0.193735
-1.37027
1.35139
-0.212042
0.230917
-1.60295
1.58294
-0.251295
0.271304
-1.88083
1.86821
-0.291879
0.304492
-2.20563
2.2058
-0.316656
0.31649
-2.12222
2.14564
-0.30337
0.279948
-1.79453
1.79473
-0.259979
0.259781
-2.23972
2.01845
-0.325622
0.5469
-2.52091
2.4839
-0.671651
0.708666
-2.13337
2.16628
-0.695815
0.662901
-1.70143
1.76635
-0.621785
0.556868
-1.2552
1.33373
-0.48675
0.408225
-0.867269
0.949843
-0.334348
0.251774
-0.560644
0.648296
-0.172154
0.0845018
-0.200634
0.223557
-0.0229228
-0.00645284
0.00282855
0.00362428
-0.269149
0.250457
-0.0269452
0.0456376
-0.558443
0.533079
-0.0715672
0.0969316
-0.793692
0.770905
-0.124273
0.14706
-0.970345
0.949016
-0.170461
0.19179
-1.13757
1.11416
-0.215751
0.239165
-1.32829
1.3027
-0.267249
0.292839
-1.56059
1.53563
-0.327512
0.352464
-1.84767
1.82305
-0.387169
0.411786
-2.20514
2.2055
-0.42563
0.42527
-2.18414
2.24399
-0.389767
0.329918
-1.82886
1.88969
-0.265605
0.204779
-1.86466
1.81734
-0.177667
0.224989
-2.41307
2.34408
-0.363324
0.43231
-2.18609
2.20813
-0.438821
0.41678
-1.82079
1.86978
-0.381775
0.332782
-1.42295
1.48571
-0.278591
0.215828
-1.05171
1.10848
-0.161983
0.105219
-0.736631
0.778045
-0.0560687
0.0146542
-0.237256
0.234853
0.00240363
-0.00500968
0.00215886
0.00285082
-0.223564
0.206829
-0.0226276
0.0393621
-0.498745
0.471254
-0.0641565
0.0916476
-0.74015
0.709036
-0.124492
0.155607
-0.921362
0.890727
-0.189029
0.219663
-1.0849
1.05095
-0.254807
0.288765
-1.26945
1.22953
-0.329245
0.369166
-1.49961
1.45256
-0.417596
0.464646
-1.78781
1.74501
-0.522342
0.56514
-2.19808
2.17786
-0.618427
0.638644
-2.30309
2.34098
-0.648597
0.610702
-1.97703
2.10036
-0.543668
0.420336
-1.81761
1.86975
-0.310669
0.258527
-2.24868
2.19343
-0.283674
0.338919
-2.21828
2.23957
-0.347681
0.326394
-1.91341
1.96186
-0.291588
0.243138
-1.55545
1.6151
-0.195102
0.135447
-1.19293
1.24186
-0.083629
0.0346931
-0.842982
0.855985
-0.0030826
-0.00991984
-0.244586
0.236448
0.00813762
-0.0185901
0.0158038
-0.000533193
0.00331946
-0.188541
0.178731
-0.0101425
0.0199517
-0.441791
0.420593
-0.0360741
0.0572727
-0.674478
0.642106
-0.0876145
0.119986
-0.856532
0.819125
-0.158754
0.196161
-1.01596
0.975388
-0.238745
0.279317
-1.19039
1.14397
-0.326021
0.372441
-1.4061
1.348
-0.424576
0.48267
-1.70169
1.63313
-0.541948
0.6105
-2.15136
2.09233
-0.693283
0.752312
-2.37351
2.40286
-0.790964
0.761612
-2.2113
2.32989
-0.68405
0.56546
-1.9547
2.09485
-0.419501
0.279352
-2.17095
2.17032
-0.222993
0.223616
-2.2576
2.27931
-0.216576
0.19487
-1.99548
2.02836
-0.167088
0.134207
-1.64857
1.6797
-0.104563
0.0734373
-1.27328
1.30188
-0.0456342
0.0170339
-0.877746
0.885416
0.00197245
-0.00964206
-0.240713
0.235242
0.00547084
-0.0157847
0.0172319
0.00120201
-0.00264918
-0.17438
0.17342
0.003477
-0.00251696
-0.406014
0.396018
-0.00217507
0.0121711
-0.612984
0.587297
-0.0315945
0.0572811
-0.78055
0.742568
-0.0928784
0.130861
-0.930702
0.884021
-0.177395
0.224076
-1.09121
1.03361
-0.279985
0.337588
-1.27925
1.2012
-0.409244
0.487302
-1.53721
1.42005
-0.58692
0.704075
-2.00277
1.89158
-0.833959
0.945141
-2.4415
2.4895
-0.997858
0.949851
-2.46689
2.62044
-0.833933
0.680381
-2.26153
2.43426
-0.526803
0.354064
-2.19783
2.26092
-0.233998
0.170913
-2.30801
2.34692
-0.133788
0.0948773
-2.06072
2.09439
-0.0616153
0.0279426
-1.70873
1.73357
-0.000312791
-0.024527
-1.32287
1.33448
0.0421942
-0.0538041
-0.880403
0.866458
0.0527129
-0.0387683
-0.223381
0.206278
0.0171035
-0.0191212
0.0211542
0.000879875
-0.00291287
-0.174508
0.176596
0.00588966
-0.00797715
-0.389123
0.384471
0.00808829
-0.00343575
-0.5649
0.545618
-0.00931152
0.0285934
-0.70657
0.673761
-0.0577634
0.090572
-0.837587
0.793684
-0.132492
0.176396
-0.973494
0.913792
-0.231528
0.291231
-1.11593
1.02909
-0.369464
0.456307
-1.2918
1.16435
-0.577322
0.704765
-1.77162
1.64848
-0.845583
0.968722
-2.53356
2.56726
-1.01043
0.976721
-2.77952
2.93927
-0.877608
0.717855
-2.60916
2.78555
-0.560224
0.38383
-2.35969
2.48171
-0.238232
0.116211
-2.39593
2.45578
-0.0447294
-0.0151291
-2.13021
2.16401
0.0592759
-0.0930744
-1.75259
1.76594
0.114525
-0.127878
-1.33717
1.3287
0.132349
-0.123884
-0.839687
0.798082
0.100578
-0.0589729
-0.186799
0.167058
0.0197406
-0.0232321
0.0256488
0.000245699
-0.00266247
-0.179787
0.184418
0.00744958
-0.0120804
-0.381786
0.380797
0.0152982
-0.0143086
-0.529304
0.515925
0.00644594
0.00693277
-0.64529
0.622304
-0.0271575
0.0501431
-0.754671
0.722714
-0.0799908
0.111949
-0.859092
0.813862
-0.153407
0.198637
-0.94704
0.877718
-0.259335
0.328656
-1.04959
0.957995
-0.421616
0.513206
-1.53582
1.45467
-0.617687
0.698838
-2.5931
2.62748
-0.728217
0.69384
-3.09715
3.23583
-0.605863
0.467181
-2.95538
3.09925
-0.331304
0.187438
-2.60753
2.71995
-0.0681288
-0.0442957
-2.52249
2.58588
0.12682
-0.190212
-2.19258
2.21338
0.222629
-0.243425
-1.77273
1.76941
0.252172
-0.248855
-1.30539
1.26276
0.229065
-0.18644
-0.742181
0.674667
0.13063
-0.0631157
-0.148115
0.130125
0.0179897
-0.0288991
0.033227
0.00093047
-0.00525838
-0.190565
0.198274
0.0129881
-0.0206972
-0.381501
0.38425
0.027792
-0.030541
-0.506379
0.501514
0.0288872
-0.0240219
-0.60572
0.596402
0.0159857
-0.00666763
-0.699597
0.686926
-0.00551838
0.0181895
-0.781092
0.76371
-0.0344137
0.0517959
-0.828766
0.804473
-0.0751238
0.0994169
-0.898026
0.876126
-0.126077
0.147976
-1.41653
1.42615
-0.165836
0.156223
-2.67714
2.73749
-0.120921
0.0605722
-3.34323
3.41674
0.0107238
-0.0842291
-3.19568
3.23513
0.134362
-0.173819
-2.81944
2.91163
0.234028
-0.326216
-2.63326
2.65949
0.386326
-0.412559
-2.22639
2.2257
0.422021
-0.421329
-1.74801
1.69924
0.399096
-0.350324
-1.1987
1.1165
0.286594
-0.204392
-0.601999
0.531964
0.127291
-0.0572568
-0.112663
0.095426
0.0172373
-0.0386876
0.0452879
0.00211468
-0.00871498
-0.207569
0.218427
0.0195122
-0.0303703
-0.389408
0.397256
0.0414545
-0.0493018
-0.501888
0.507581
0.0559693
-0.0616623
-0.594888
0.600934
0.0675384
-0.0735839
-0.685334
0.694633
0.0816261
-0.0909242
-0.763011
0.778558
0.104088
-0.119635
-0.806241
0.833916
0.14199
-0.169665
-0.888465
0.937278
0.211199
-0.260013
-1.47068
1.5493
0.328044
-0.406663
-2.8121
2.87187
0.492254
-0.552018
-3.43987
3.42467
0.569275
-0.554069
-3.24709
3.25781
0.531751
-0.542472
-2.99196
3.04134
0.593851
-0.643232
-2.66548
2.64839
0.646878
-0.629784
-2.19656
2.12548
0.595162
-0.524086
-1.62017
1.51796
0.43888
-0.336677
-1.02528
0.936503
0.246026
-0.157249
-0.470584
0.421063
0.0928267
-0.0433062
-0.0788396
0.0640573
0.0147823
-0.0529032
0.0613413
0.00340687
-0.011845
-0.230715
0.244169
0.0249912
-0.0384449
-0.407883
0.421157
0.053253
-0.0665278
-0.518237
0.533228
0.0815874
-0.0965787
-0.613996
0.633206
0.114692
-0.133903
-0.713859
0.741547
0.158923
-0.18661
-0.808839
0.851391
0.223947
-0.266499
-0.884835
0.954533
0.325787
-0.395485
-1.01909
1.12745
0.492779
-0.601135
-1.65605
1.783
0.735808
-0.862759
-2.91758
2.96114
0.966031
-1.00959
-3.39041
3.35272
0.988185
-0.950494
-3.27036
3.2667
0.928528
-0.924875
-3.04404
2.9973
0.918512
-0.871773
-2.59342
2.49017
0.800645
-0.697402
-2.01347
1.87659
0.579323
-0.442444
-1.40654
1.30019
0.326829
-0.220475
-0.859429
0.798724
0.144453
-0.0837475
-0.384225
0.359146
0.0472451
-0.0221655
-0.0523232
0.0442813
0.00804193
-0.0703322
0.079586
0.00418247
-0.0134363
-0.25845
0.273223
0.0275867
-0.0423589
-0.436714
0.454029
0.0597845
-0.0771001
-0.551818
0.57324
0.0981755
-0.119598
-0.657447
0.685447
0.146192
-0.174193
-0.775875
0.814843
0.210112
-0.24908
-0.903123
0.960682
0.300548
-0.358107
-1.03743
1.12756
0.436672
-0.526809
-1.25418
1.39023
0.650039
-0.78609
-1.92165
2.06554
0.952451
-1.09634
-3.00886
3.05125
1.1927
-1.23509
-3.31428
3.272
1.22367
-1.18138
-3.2306
3.16103
1.13528
-1.06571
-2.90094
2.75976
0.968918
-0.827731
-2.34784
2.18861
0.684606
-0.525368
-1.73584
1.60897
0.388146
-0.261268
-1.20902
1.13781
0.171697
-0.100486
-0.754757
0.725353
0.0567733
-0.0273697
-0.343823
0.335798
0.012685
-0.00466085
-0.0397844
0.0382397
0.00154463
-0.0888263
0.0978096
0.00430386
-0.0132872
-0.288144
0.302897
0.027037
-0.0417895
-0.472515
0.49159
0.0599782
-0.079053
-0.596661
0.621244
0.1029
-0.127483
-0.715928
0.747698
0.158018
-0.189788
-0.856492
0.899072
0.229858
-0.272439
-1.02085
1.08086
0.327402
-0.387412
-1.21933
1.30808
0.467121
-0.555864
-1.52637
1.65431
0.673818
-0.801762
-2.21077
2.34993
0.958457
-1.09762
-3.07995
3.10817
1.18958
-1.2178
-3.22196
3.13822
1.19529
-1.11156
-3.05023
2.90853
1.00228
-0.860584
-2.59658
2.43503
0.714358
-0.552815
-2.0344
1.90085
0.41317
-0.279623
-1.50615
1.4297
0.184766
-0.108313
-1.08677
1.05301
0.0605841
-0.0268211
-0.707365
0.697527
0.00879418
0.00104378
-0.333069
0.33336
-0.00419474
0.00390375
-0.0387983
0.0407427
-0.00194446
-0.106335
0.114251
0.00390464
-0.0118213
-0.31718
0.330737
0.0240825
-0.0376398
-0.510718
0.529442
0.0548852
-0.0736093
-0.646225
0.67095
0.097415
-0.12214
-0.779716
0.811136
0.152726
-0.184146
-0.941133
0.981577
0.223061
-0.263506
-1.13856
1.19246
0.314368
-0.368274
-1.39043
1.46445
0.437466
-0.511492
-1.76798
1.86466
0.60544
-0.702113
-2.46834
2.55885
0.813666
-0.904177
-3.12474
3.1163
0.950627
-0.942187
-3.03172
2.93183
0.887744
-0.78786
-2.76466
2.62726
0.668657
-0.531264
-2.29077
2.17046
0.409554
-0.289238
-1.79484
1.71554
0.19772
-0.118415
-1.3763
1.34008
0.0675308
-0.0313137
-1.03211
1.01952
0.0110794
0.00150858
-0.692834
0.690877
-0.00711008
0.00906745
-0.335121
0.337621
-0.00853793
0.0060382
-0.043384
0.046188
-0.00280401
-0.121462
0.127919
0.00321938
-0.0096758
-0.34338
0.35499
0.0198621
-0.031472
-0.547396
0.564307
0.0466705
-0.0635818
-0.694896
0.717671
0.0854067
-0.108181
-0.841317
0.869804
0.136247
-0.164735
-1.01965
1.05491
0.199396
-0.234649
-1.24174
1.28608
0.277832
-0.322167
-1.52945
1.58559
0.377002
-0.433139
-1.94448
2.00916
0.500596
-0.565281
-2.62457
2.67074
0.633008
-0.67918
-3.08972
3.0538
0.68832
-0.652396
-2.8413
2.76091
0.593544
-0.513154
-2.50418
2.40034
0.423376
-0.319542
-2.07346
1.99608
0.233955
-0.156571
-1.6575
1.61416
0.102727
-0.0593885
-1.31502
1.29628
0.0320324
-0.0132916
-1.01145
1.00525
0.00310107
0.00309446
-0.689919
0.688928
-0.00582925
0.00681943
-0.339933
0.341619
-0.00639658
0.0047104
-0.0488532
0.0511418
-0.0022886
-0.133613
0.138574
0.00246856
-0.00742953
-0.365506
0.374924
0.0154366
-0.0248549
-0.579995
0.594363
0.037518
-0.0518864
-0.738996
0.75871
0.0707264
-0.0904402
-0.896306
0.920679
0.114698
-0.139071
-1.08711
1.11623
0.168254
-0.197374
-1.3255
1.36028
0.232237
-0.267017
-1.63355
1.6743
0.308542
-0.349292
-2.06102
2.10243
0.395705
-0.437112
-2.70236
2.72355
0.476001
-0.497192
-3.01583
2.98035
0.492915
-0.457438
-2.69036
2.62931
0.40686
-0.345807
-2.31649
2.25014
0.286648
-0.2203
-1.9342
1.88431
0.165025
-0.115131
-1.5801
1.55174
0.0802732
-0.0519116
-1.28062
1.26624
0.0328848
-0.0185108
-0.999397
0.993202
0.00972733
-0.00353262
-0.687401
0.685193
5.71878e-05
0.00215054
-0.342613
0.342947
-0.00300014
0.00266585
-0.0529962
0.0544239
-0.00142769
-0.142853
0.146517
0.00179972
-0.00546367
-0.383279
0.390635
0.0115269
-0.0188829
-0.607373
0.619041
0.029023
-0.0406901
-0.776728
0.793044
0.0562511
-0.0725679
-0.942876
0.962928
0.0926699
-0.112722
-1.14235
1.16563
0.136423
-0.159704
-1.3908
1.4175
0.187079
-0.213779
-1.70884
1.73815
0.244729
-0.274031
-2.13554
2.16218
0.305902
-0.332547
-2.73746
2.74643
0.354997
-0.363967
-2.94942
2.92335
0.356577
-0.330512
-2.57742
2.53413
0.294917
-0.251626
-2.19769
2.15573
0.212258
-0.1703
-1.84364
1.81008
0.134778
-0.101216
-1.52708
1.50514
0.0761708
-0.0542331
-1.25243
1.23904
0.0382792
-0.0248872
-0.986526
0.979501
0.0158564
-0.00883126
-0.682385
0.67915
0.00442366
-0.00118886
-0.34274
0.342131
-0.000532653
0.00114202
-0.0554828
0.0562406
-0.000757801
-0.149638
0.152288
0.00127256
-0.0039225
-0.397076
0.402695
0.00842442
-0.0140431
-0.62942
0.638593
0.0219595
-0.0311328
-0.807713
0.820808
0.0435359
-0.0566304
-0.98092
0.996966
0.0727646
-0.0888104
-1.18629
1.20457
0.107628
-0.12591
-1.44083
1.46122
0.14714
-0.167526
-1.76307
1.78435
0.190644
-0.211928
-2.18384
2.20164
0.234293
-0.252097
-2.75213
2.75574
0.265825
-0.269432
-2.90159
2.88331
0.262064
-0.243787
-2.49853
2.4695
0.220547
-0.191516
-2.12162
2.09349
0.164688
-0.136553
-1.78204
1.75835
0.112532
-0.0888472
-1.48547
1.46785
0.0700268
-0.0524035
-1.22618
1.21404
0.038825
-0.0266885
-0.972345
0.965276
0.018046
-0.0109767
-0.675672
0.67211
0.00632587
-0.00276401
-0.341258
0.340235
0.000734319
0.000288504
-0.0567664
0.0571223
-0.000355923
-0.154534
0.156435
0.000885546
-0.00278687
-0.407586
0.411839
0.00610792
-0.0103609
-0.646665
0.65374
0.0164627
-0.0235379
-0.832431
0.842696
0.0331839
-0.0434486
-1.01121
1.02379
0.05607
-0.0686501
-1.22071
1.23493
0.0833694
-0.0975879
-1.47904
1.49463
0.113974
-0.12956
-1.80262
1.81836
0.146992
-0.162735
-2.21646
2.22895
0.178906
-0.191395
-2.75807
2.75967
0.200546
-0.202143
-2.86777
2.8544
0.195823
-0.182451
-2.44585
2.42647
0.166838
-0.147456
-2.07
2.05023
0.128922
-0.109149
-1.73816
1.72084
0.0920628
-0.074737
-1.45212
1.43815
0.0604209
-0.0464532
-1.20276
1.19243
0.0353032
-0.0249667
-0.958462
0.952027
0.0173496
-0.0109147
-0.668591
0.665205
0.00656585
-0.0031805
-0.339147
0.338053
0.00121384
-0.000119782
-0.057352
0.0574932
-0.000141296
-0.158046
0.15941
0.000612741
-0.00197637
-0.415541
0.418765
0.00443021
-0.00765405
-0.659935
0.665355
0.0123594
-0.0177798
-0.851735
0.859658
0.0251801
-0.0331034
-1.03487
1.0446
0.0428112
-0.0525409
-1.24745
1.25846
0.0639489
-0.074956
-1.50827
1.52021
0.0875899
-0.0995345
-1.83198
1.8438
0.112781
-0.124599
-2.23958
2.2487
0.136579
-0.145697
-2.76088
2.7619
0.152284
-0.153302
-2.8428
2.83274
0.148401
-0.138333
-2.4104
2.39692
0.127141
-0.11366
-2.03346
2.01917
0.100566
-0.0862757
-1.70589
1.69295
0.0737421
-0.0608063
-1.42579
1.41489
0.0498835
-0.0389809
-1.18305
1.17461
0.030089
-0.0216537
-0.946034
0.940525
0.0152845
-0.00977491
-0.662008
0.659038
0.00598449
-0.00301392
-0.33699
0.335984
0.00128019
-0.000274388
-0.0575721
0.0576087
-3.65384e-05
-0.160565
0.161541
0.000422391
-0.00139889
-0.421577
0.424029
0.00321342
-0.00566504
-0.670112
0.674291
0.00930517
-0.0134841
-0.866591
0.872646
0.0191468
-0.0252013
-1.05313
1.06059
0.0326278
-0.0400862
-1.26813
1.27662
0.0488659
-0.0573531
-1.53068
1.53984
0.0670818
-0.0762445
-1.85408
1.86303
0.0863537
-0.0953023
-2.25656
2.26336
0.104297
-0.111095
-2.76281
2.76367
0.116012
-0.116868
-2.82401
2.8165
0.113332
-0.105818
-2.38547
2.37564
0.0974785
-0.0876496
-2.00693
1.99639
0.0781259
-0.0675902
-1.68173
1.67196
0.0582352
-0.0484703
-1.40529
1.39685
0.0401232
-0.0316842
-1.16707
1.16034
0.0247082
-0.0179863
-0.935497
0.930947
0.0128184
-0.00826842
-0.656306
0.65382
0.00510181
-0.00261615
-0.335048
0.334189
0.00116643
-0.000307855
-0.0576159
0.0576053
1.05997e-05
-0.162367
0.163062
0.000288983
-0.000984178
-0.42617
0.428035
0.00232116
-0.00418659
-0.677979
0.681236
0.00701739
-0.0102738
-0.877943
0.882577
0.0146411
-0.0192757
-1.06711
1.0728
0.0249547
-0.0306505
-1.28406
1.29058
0.0373769
-0.0438942
-1.54787
1.55488
0.0513629
-0.0583785
-1.87083
1.87763
0.0660925
-0.0728898
-2.26926
2.27437
0.0796873
-0.0848057
-2.76448
2.76523
0.0885216
-0.089277
-2.81006
2.80457
0.0868206
-0.0813287
-2.36714
2.35976
0.0750686
-0.067687
-1.98728
1.97938
0.0605809
-0.0526827
-1.66345
1.65602
0.0456164
-0.0381893
-1.38943
1.38292
0.0317946
-0.02528
-1.15437
1.14908
0.0198471
-0.0145555
-0.926844
0.92317
0.0104338
-0.00675951
-0.65157
0.64955
0.00418469
-0.00216539
-0.333408
0.332705
0.000990444
-0.000287293
-0.0575826
0.0575535
2.90828e-05
-0.163648
0.164139
0.000196341
-0.000688071
-0.429664
0.43108
0.0016676
-0.00308331
-0.684126
0.686689
0.00529108
-0.00785381
-0.88665
0.89023
0.011265
-0.014845
-1.07779
1.08215
0.019207
-0.0235638
-1.29629
1.30128
0.0287105
-0.0337023
-1.56102
1.56638
0.0394214
-0.0447823
-1.88356
1.88872
0.050661
-0.055826
-2.27882
2.28269
0.0609731
-0.0648382
-2.76593
2.76657
0.0676482
-0.0682833
-2.79989
2.79593
0.0665852
-0.0626198
-2.35332
2.34772
0.0579467
-0.0523442
-1.9725
1.96651
0.0469571
-0.0409615
-1.64952
1.64383
0.0355745
-0.0298891
-1.37719
1.37215
0.0249729
-0.0199419
-1.14439
1.14025
0.0157234
-0.0115858
-0.919882
0.916958
0.00833408
-0.00541025
-0.647739
0.646128
0.0033524
-0.00174107
-0.332074
0.331513
0.000806801
-0.00024568
-0.0575211
0.0574881
3.29528e-05
-0.164552
0.164898
0.000132256
-0.000477326
-0.432313
0.433379
0.00118906
-0.00225554
-0.688971
0.690995
0.00397123
-0.00599501
-0.893395
0.896186
0.00868479
-0.0114765
-1.08597
1.08931
0.0148498
-0.018189
-1.30566
1.30947
0.0221275
-0.0259445
-1.57107
1.57516
0.0303135
-0.0344013
-1.89323
1.89715
0.0388746
-0.0427981
-2.28605
2.28898
0.0466982
-0.0496214
-2.76714
2.76765
0.0517456
-0.0522555
-2.79256
2.78969
0.0510637
-0.0481986
-2.34283
2.33857
0.0447256
-0.0404692
-1.96126
1.95668
0.0363591
-0.0317772
-1.63884
1.63448
0.0276494
-0.0232823
-1.36773
1.36384
0.0194966
-0.0156126
-1.13659
1.13338
0.0123455
-0.00912635
-0.914355
0.91205
0.00657974
-0.00427419
-0.64469
0.643418
0.00264604
-0.00137394
-0.331013
0.330573
0.000640273
-0.000200302
-0.0574558
0.0574251
3.0642e-05
-0.165187
0.165428
8.8662e-05
-0.000329598
-0.434305
0.4351
0.000843026
-0.00163891
-0.692798
0.694391
0.00296083
-0.00455401
-0.898666
0.900857
0.00668311
-0.00887398
-1.09224
1.09481
0.0114942
-0.0140629
-1.31282
1.31574
0.0170804
-0.0199988
-1.57874
1.58186
0.0233343
-0.0264502
-1.90058
1.90356
0.0298538
-0.0328353
-2.29153
2.29374
0.0357953
-0.0380116
-2.7681
2.7685
0.0396216
-0.040023
-2.78724
2.78515
0.039169
-0.0370786
-2.33486
2.33163
0.0344942
-0.0312645
-1.95266
1.94915
0.0281259
-0.0246175
-1.63064
1.62728
0.0214499
-0.0180924
-1.36042
1.35742
0.0151765
-0.0121792
-1.13053
1.12803
0.00965149
-0.00715114
-0.909999
0.908187
0.00516138
-0.00334941
-0.642287
0.64129
0.00206776
-0.00107067
-0.330184
0.329843
0.000499842
-0.000158992
-0.0573966
0.0573703
2.62997e-05
-0.165629
0.165798
5.95923e-05
-0.000227922
-0.435789
0.436377
0.000596932
-0.00118551
-0.695807
0.69705
0.00219211
-0.00343532
-0.902811
0.904534
0.00511679
-0.00684001
-1.09708
1.09906
0.00888145
-0.0108656
-1.31831
1.32054
0.0131834
-0.015419
-1.58459
1.58697
0.0179696
-0.0203489
-1.90618
1.90845
0.0229445
-0.0252167
-2.29569
2.29737
0.0274704
-0.0291578
-2.76886
2.76917
0.0303831
-0.0306956
-2.78335
2.7818
0.0300711
-0.0285251
-2.3288
2.32635
0.0265921
-0.0241427
-1.94607
1.94338
0.0217478
-0.0190623
-1.62432
1.62174
0.0166323
-0.0140511
-1.35477
1.35246
0.0118047
-0.00949023
-1.12581
1.12387
0.00753222
-0.00558717
-0.906573
0.905151
0.00403117
-0.00260889
-0.640405
0.639629
0.0016045
-0.000828303
-0.329542
0.329279
0.000387352
-0.000125012
-0.0573464
0.0573244
2.20059e-05
-0.165939
0.166058
4.09611e-05
-0.000160051
-0.436885
0.437318
0.000426329
-0.000859336
-0.698153
0.699111
0.00161689
-0.00257528
-0.906078
0.907432
0.00389381
-0.00524789
-1.10083
1.10237
0.00684275
-0.00838238
-1.32252
1.32424
0.0101706
-0.0118904
-1.58907
1.5909
0.0138488
-0.0156734
-1.91046
1.9122
0.0176612
-0.0194004
-2.29886
2.30015
0.0211238
-0.0224149
-2.76945
2.76969
0.0233513
-0.0235922
-2.78045
2.77929
0.0231262
-0.0219665
-2.3242
2.32233
0.0205099
-0.0186485
-1.94101
1.93895
0.01682
-0.0147632
-1.61945
1.61747
0.0128975
-0.0109108
-1.35041
1.34861
0.00917755
-0.00738682
-1.12213
1.12062
0.00586702
-0.00435164
-0.903881
0.902769
0.00313545
-0.00202324
-0.638941
0.63834
0.00124125
-0.00064096
-0.329048
0.328845
0.000301497
-9.92876e-05
-0.0573046
0.0572858
1.87311e-05
-0.166159
0.166247
2.98441e-05
-0.000117024
-0.437693
0.438013
0.000312737
-0.000632543
-0.699962
0.700692
0.00119857
-0.00192869
-0.908651
0.909711
0.00295228
-0.00401215
-1.10375
1.10495
0.00526028
-0.00646059
-1.32578
1.32711
0.00784808
-0.0091784
-1.59253
1.59393
0.0106899
-0.0120957
-1.91375
1.91508
0.0136248
-0.0149616
-2.3013
2.3023
0.0162841
-0.0172751
-2.76991
2.77009
0.0179914
-0.0181746
-2.77827
2.77739
0.0178209
-0.01694
-2.32068
2.31926
0.0158335
-0.0144131
-1.93712
1.93554
0.0130133
-0.0114346
-1.61569
1.61416
0.00999907
-0.00846674
-1.34701
1.34562
0.00712686
-0.00573945
-1.11926
1.11808
0.00455951
-0.00338079
-0.901772
0.900908
0.00243443
-0.00157055
-0.637807
0.637344
0.000965727
-0.000502682
-0.328666
0.328508
0.000240043
-8.17647e-05
-0.0572691
0.0572523
1.68702e-05
-0.166321
2.33441e-05
-9.1114e-05
0.166389
-0.438293
0.000240919
-0.000481602
0.438534
-0.701345
0.000905852
-0.00145844
0.701898
-0.910675
0.00224605
-0.0030713
0.911501
-1.10604
0.00404773
-0.00498571
1.10698
-1.32832
0.00606573
-0.00709811
1.32935
-1.59521
0.00826808
-0.00935374
1.59629
-1.91629
0.010532
-0.0115605
1.91732
-2.30319
0.0125755
-0.0133358
2.30395
-2.77025
0.013883
-0.0140199
2.77039
-2.77659
0.0137493
-0.0130753
2.77592
-2.31798
0.0122307
-0.0111441
2.31689
-1.93411
0.0100708
-0.00885804
1.9329
-1.61277
0.00775274
-0.00657066
1.61159
-1.34437
0.00553519
-0.00446163
1.34329
-1.11701
0.00354778
-0.00263452
1.1161
-0.900126
0.0019019
-0.00123394
0.899458
-0.636928
0.00076657
-0.00040675
0.636568
-0.328367
0.000199654
-7.10225e-05
0.328239
-0.0572377
0.0572219
1.57892e-05
-3.19275e-05
-0.0574924
9.56307e-05
-0.000218513
-0.327656
0.000404114
-0.000722951
-0.632864
0.00113479
-0.00172212
-0.891297
0.00234184
-0.00308043
-1.10471
0.00379242
-0.00461252
-1.32995
0.00539416
-0.00627869
-1.59682
0.00709714
-0.00798462
-1.91775
0.00875656
-0.00951892
-2.30349
0.010088
-0.0104956
-2.76809
0.0106001
-0.0103943
-2.77293
0.00989342
-0.00926133
-2.31412
0.00844811
-0.00764392
-1.93064
0.00673351
-0.00590362
-1.6101
0.00501522
-0.00423727
-1.34226
0.00343037
-0.00274417
-1.11837
0.00205794
-0.00150682
-0.920711
0.00100117
-0.000643871
-0.70733
0.000363536
-0.000196999
-0.440258
-0.0572104
2.84742e-05
0.898159
-0.846984
0.0292594
-0.0804337
1.2013
-1.19946
0.11187
-0.113708
1.23472
-1.24108
0.116488
-0.110126
1.2363
-1.24439
0.111649
-0.10356
1.24399
-1.25182
0.101013
-0.0931802
1.26
-1.26499
0.0883064
-0.083316
1.27817
-1.28265
0.0796864
-0.0752057
1.28578
-1.29335
0.0714393
-0.0638739
1.14521
-1.16286
0.0519498
-0.0342954
0.288259
-0.31002
0.0217614
0.841025
-0.818747
0.0211066
-0.0433852
1.19854
-1.19457
0.0582837
-0.0622556
1.24576
-1.24586
0.0629064
-0.0628031
1.2506
-1.25186
0.0621095
-0.0608487
1.25678
-1.25951
0.0583491
-0.0556157
1.26955
-1.27243
0.0541369
-0.0512603
1.28721
-1.2895
0.0488993
-0.0466036
1.30253
-1.30557
0.0437818
-0.0407404
1.17697
-1.18557
0.0358409
-0.027243
0.318578
-0.331594
0.0130155
0.805128
-0.795831
0.0177959
-0.0270921
1.19423
-1.19353
0.0296852
-0.0303764
1.24842
-1.24789
0.0306401
-0.031175
1.25442
-1.25439
0.0309944
-0.031029
1.26205
-1.26232
0.0303666
-0.0300943
1.27443
-1.27476
0.0292828
-0.028954
1.29176
-1.29136
0.0286315
-0.0290391
1.30741
-1.30744
0.0301211
-0.0300899
1.19402
-1.20014
0.0302901
-0.0241771
0.340164
-0.350472
0.010308
0.790065
-0.788742
0.0114766
-0.0127999
1.19407
-1.19544
0.0102686
-0.00889973
1.24894
-1.24883
0.00860775
-0.00872134
1.25555
-1.25505
0.00947499
-0.00997078
1.26322
-1.26208
0.0113104
-0.012456
1.27531
-1.27373
0.0133405
-0.0149181
1.29141
-1.28887
0.016664
-0.0192043
1.30572
-1.30324
0.022301
-0.0247829
1.20621
-1.211
0.0258292
-0.0210348
0.358704
-0.367968
0.0092645
0.789728
-0.793636
0.00590431
-0.0019971
1.1964
-1.20021
-0.00397127
0.0077825
1.24807
-1.24807
-0.00727132
0.0072706
1.25423
-1.25276
-0.00507992
0.00360893
1.26146
-1.25907
-0.00109956
-0.00129633
1.27195
-1.26961
0.00355414
-0.00589113
1.28651
-1.28332
0.010286
-0.0134739
1.30121
-1.29749
0.0177832
-0.0215049
1.21529
-1.21813
0.0238853
-0.0210448
0.376005
-0.385471
0.00946659
0.799746
-0.809104
0.0012135
0.00814384
1.20191
-1.20565
-0.0150102
0.0187573
1.24629
-1.24449
-0.019022
0.017228
1.25092
-1.24861
-0.0148823
0.0125722
1.2573
-1.25393
-0.00914438
0.0057743
1.26662
-1.26262
-0.0024787
-0.00151929
1.27979
-1.27496
0.00564518
-0.0104689
1.2936
-1.28944
0.0157803
-0.0199366
1.22094
-1.2232
0.0242607
-0.0219985
0.394734
-0.405717
0.0109831
0.820259
-0.833734
-0.0026279
0.0161023
1.2072
-1.21032
-0.024248
0.0273583
1.24344
-1.24125
-0.0270675
0.0248765
1.24652
-1.24287
-0.0219802
0.0183263
1.25125
-1.24763
-0.0146991
0.0110791
1.25927
-1.25437
-0.00623542
0.00133141
1.27107
-1.26471
0.00369999
-0.0100523
1.28448
-1.27863
0.0157008
-0.021555
1.2242
-1.22543
0.0264529
-0.0252219
0.417794
-0.431677
0.0138838
0.848716
-0.866362
-0.00656102
0.0242065
1.21101
-1.2135
-0.0331841
0.0356823
1.23949
-1.23648
-0.0345437
0.0315323
1.23997
-1.23553
-0.0278965
0.0234616
1.24342
-1.23826
-0.0195881
0.0144332
1.24946
-1.24422
-0.00864255
0.00340036
1.25982
-1.25313
0.00320295
-0.00989528
1.27261
-1.26567
0.0171641
-0.0241015
1.22579
-1.22537
0.0302011
-0.0306174
0.447103
-0.465283
0.0181795
0.885168
-0.90619
-0.0136292
0.0346509
1.21415
-1.21538
-0.0435349
0.0447709
1.23245
-1.22953
-0.0417628
0.0388405
1.23163
-1.22616
-0.033587
0.0281186
1.23305
-1.22745
-0.0225589
0.0169595
1.23829
-1.23139
-0.0101038
0.00319783
1.24659
-1.23952
0.00442262
-0.0114913
1.25859
-1.25116
0.019799
-0.0272232
1.2245
-1.22348
0.0352296
-0.0362412
0.485838
-0.509733
0.0238953
0.928507
-0.952764
-0.0238866
0.0481439
1.21459
-1.21381
-0.0558361
0.0550521
1.22412
-1.21898
-0.0503134
0.045177
1.221
-1.21483
-0.0391756
0.0330081
1.22105
-1.21421
-0.0255428
0.0187004
1.22559
-1.2176
-0.0106744
0.00267744
1.23195
-1.22397
0.00595498
-0.0139397
1.24305
-1.23411
0.0231121
-0.0320593
1.22125
-1.21834
0.0405407
-0.0434474
0.536621
-0.567594
0.0309734
0.9778
-1.00388
-0.0376139
0.0636932
1.21009
-1.20713
-0.0681861
0.0652235
1.21243
-1.20493
-0.0589894
0.0514874
1.20757
-1.20002
-0.0439715
0.0364139
1.20653
-1.19853
-0.027689
0.0196945
1.20951
-1.20056
-0.0106201
0.00167509
1.21552
-1.20618
0.00718715
-0.0165352
1.2258
-1.21614
0.0263905
-0.0360432
1.21471
-1.21094
0.0454217
-0.0492001
0.601428
-0.638918
0.0374902
1.02946
-1.05444
-0.0524555
0.0774277
1.20134
-1.19502
-0.0786145
0.0722973
1.19676
-1.18845
-0.0638942
0.0555874
1.19147
-1.18302
-0.0462575
0.0378024
1.19058
-1.18155
-0.0284631
0.0194316
1.1924
-1.18317
-0.0106387
0.00140882
1.19765
-1.18723
0.00782547
-0.0182392
1.20653
-1.19624
0.0280982
-0.0383885
1.2051
-1.19949
0.0485702
-0.0541772
0.679712
-0.723875
0.0441631
1.07774
-1.09826
-0.0646548
0.0851746
1.18682
-1.17845
-0.0817463
0.0733793
1.17908
-1.16974
-0.063842
0.0544978
1.17461
-1.16569
-0.0457332
0.0368103
1.17352
-1.16453
-0.0281637
0.0191797
1.17441
-1.16585
-0.01041
0.00184775
1.1786
-1.16916
0.00775023
-0.0171966
1.1861
-1.17639
0.0272286
-0.0369361
1.19231
-1.18412
0.048328
-0.0565133
0.770783
-0.819844
0.0490612
1.11514
-1.12821
-0.0720619
0.085131
1.16859
-1.16034
-0.0785887
0.0703389
1.16111
-1.15362
-0.0619313
0.0544442
1.15754
-1.14859
-0.0462229
0.0372652
1.15625
-1.1468
-0.0282803
0.018832
1.15693
-1.14748
-0.00962006
0.000173249
1.16048
-1.1517
0.00952179
-0.0183023
1.16732
-1.15849
0.0277674
-0.0365937
1.17495
-1.16664
0.0454063
-0.0537228
0.870651
-0.922333
0.0516824
1.13642
-1.1414
-0.0797581
0.0847401
1.15212
-1.14322
-0.0788314
0.0699333
1.1449
-1.13562
-0.0593457
0.0500653
1.13995
-1.13142
-0.0411677
0.0326364
1.1386
-1.13112
-0.02505
0.0175708
1.13956
-1.13195
-0.0105298
0.00291975
1.14268
-1.1345
0.0053836
-0.0135633
1.14973
-1.1392
0.0234684
-0.0339941
1.16005
-1.14907
0.0444552
-0.0554333
0.975537
-1.03181
0.0562756
1.1408
-0.0593978
0.0438805
1.1307
-0.0335153
0.0281036
1.12699
-0.0249213
0.0232131
1.1264
-0.0211318
0.0200222
1.12672
-0.0180555
0.0166174
1.1269
-0.0141978
0.0125796
1.1284
-0.00974669
0.00662738
1.13025
-0.00306238
-0.001903
1.13593
0.00914725
-0.0197947
1.08886
0.0364283
-0.197916
0.0705559
-0.365369
-0.10013
0.100749
-0.432186
-0.0903258
0.0759397
-0.508195
-0.063296
0.0505262
-0.603476
-0.0403717
0.0310154
-0.721208
-0.0242206
0.0184338
-0.864118
-0.0144231
0.0110166
-1.03638
-0.00857379
0.00640481
-1.2432
-0.00478848
0.00329779
-1.49159
-0.00210941
0.000901379
-1.49157
0.000165888
-0.00124019
-1.2429
0.00243346
-0.00361025
-1.03599
0.00508267
-0.00667984
-0.863751
0.00882807
-0.0112528
-0.720511
0.0146417
-0.0186339
-0.602113
0.0243949
-0.0311694
-0.50485
0.0405089
-0.0506499
-0.427146
0.0634064
-0.0760387
-0.364773
0.0904127
-0.100824
-0.286564
0.10018
-0.0705767
0.0194759
0.336679
-0.0484155
0.0655539
0.458089
-0.0680535
0.0643455
0.535107
-0.0584125
0.0528469
0.626529
-0.0478584
0.0423476
0.739472
-0.0370872
0.0313823
0.877437
-0.0263865
0.0213697
1.04579
-0.0172843
0.0133539
1.25012
-0.0101971
0.00714066
1.49738
-0.00460247
0.00198843
1.4968
0.000417722
-0.00281729
1.24849
0.00540568
-0.00790435
1.04319
0.0109151
-0.0140231
0.873863
0.0178989
-0.0219341
0.734734
0.0269003
-0.0318527
0.621012
0.037511
-0.0427284
0.527689
0.0481938
-0.053145
0.453781
0.0586758
-0.0645784
0.374487
0.0682475
-0.0657026
0.194513
0.0485031
-0.0195053
0.00572959
-0.316529
0.297441
-0.021846
0.0409342
-0.458995
0.457313
-0.0503512
0.0520339
-0.540456
0.54475
-0.0501853
0.0458913
-0.630754
0.634839
-0.0419892
0.0379035
-0.743709
0.747315
-0.0343787
0.0307719
-0.881888
0.885613
-0.0274621
0.0237379
-1.04987
1.05373
-0.0202026
0.016342
-1.25359
1.25722
-0.0128848
0.00924662
-1.50049
1.50394
-0.00604319
0.00259186
-1.49969
1.50292
0.000660844
-0.00389881
-1.2514
1.25455
0.00731323
-0.0104673
-1.04658
1.04997
0.0140338
-0.0174181
-0.877764
0.881222
0.021192
-0.0246499
-0.738742
0.741981
0.0282911
-0.0315308
-0.624753
0.628215
0.0350643
-0.038527
-0.531978
0.535823
0.0425481
-0.0463941
-0.457567
0.459357
0.0506296
-0.0524192
-0.36776
0.358254
0.0506616
-0.0411551
-0.172375
0.156182
0.021957
-0.00576414
0.00306699
-0.280461
0.265749
-0.0122035
0.0269158
-0.453669
0.448808
-0.0373952
0.0422564
-0.547736
0.549758
-0.0424826
0.0404598
-0.638538
0.641687
-0.0377747
0.0346257
-0.750852
0.754146
-0.0316745
0.0283806
-0.888933
0.892134
-0.0254131
0.0222115
-1.0572
1.0604
-0.0193194
0.0161234
-1.2608
1.26423
-0.0131011
0.00966493
-1.5076
1.51134
-0.00640483
0.00267151
-1.50643
1.51003
0.000957041
-0.00456361
-1.25777
1.26095
0.00823075
-0.0114116
-1.05312
1.05604
0.014742
-0.0176614
-0.884218
0.887001
0.0207419
-0.0235248
-0.745019
0.747881
0.0266083
-0.0294705
-0.631457
0.634313
0.0326504
-0.0355061
-0.539018
0.541633
0.0385642
-0.0411789
-0.459904
0.459591
0.043113
-0.0427999
-0.34776
0.337143
0.0378153
-0.0271985
-0.144212
0.134982
0.0123392
-0.00310897
0.00201777
-0.253096
0.242249
-0.0080268
0.0188736
-0.443178
0.437086
-0.0284493
0.0345412
-0.55104
0.551798
-0.0360673
0.0353097
-0.644356
0.646689
-0.0333565
0.0310234
-0.757083
0.759657
-0.0287954
0.026221
-0.895206
0.898092
-0.0237342
0.0208487
-1.06352
1.0666
-0.018124
0.0150414
-1.26756
1.27082
-0.0121585
0.00889653
-1.51502
1.5186
-0.00579165
0.0022105
-1.51359
1.51704
0.00126613
-0.00471856
-1.26404
1.26704
0.00822183
-0.0112227
-1.05884
1.06158
0.0143527
-0.0170988
-0.889695
0.892273
0.0200226
-0.0226007
-0.75051
0.752857
0.0253243
-0.0276708
-0.636757
0.638865
0.030116
-0.0322242
-0.543884
0.545729
0.0344371
-0.0362823
-0.458573
0.456912
0.0369138
-0.0352525
-0.326828
0.317068
0.0289791
-0.0192191
-0.127564
0.121441
0.00819081
-0.00206817
0.00141303
-0.232951
0.224989
-0.00562277
0.0135849
-0.430771
0.424438
-0.0216617
0.0279945
-0.552178
0.55225
-0.0304112
0.0303385
-0.648753
0.650631
-0.0290647
0.0271864
-0.761976
0.764101
-0.0253636
0.0232384
-0.900744
0.903179
-0.0211612
0.0187261
-1.06958
1.07235
-0.0163451
0.013573
-1.27401
1.27705
-0.0109164
0.00787245
-1.52208
1.52543
-0.00496969
0.00161681
-1.52039
1.52363
0.001655
-0.00488937
-1.26994
1.27271
0.00813802
-0.0109053
-1.06423
1.0667
0.0137647
-0.0162339
-0.894682
0.896865
0.0187916
-0.0209748
-0.754955
0.756857
0.0232036
-0.0251058
-0.640734
0.642409
0.0270496
-0.0287248
-0.54718
0.548315
0.0304534
-0.0315882
-0.454711
0.452107
0.0314955
-0.0288917
-0.307997
0.299687
0.0223131
-0.014003
-0.116302
0.111955
0.00582125
-0.00147438
0.000985983
-0.218205
0.212471
-0.00392273
0.00965664
-0.418268
0.412394
-0.0160703
0.0219436
-0.552073
0.551675
-0.0247379
0.0251356
-0.652414
0.654109
-0.02431
0.022615
-0.766057
0.76787
-0.0209903
0.0191776
-0.905374
0.907316
-0.017463
0.0155213
-1.07483
1.07703
-0.0136425
0.0114404
-1.27989
1.28251
-0.009247
0.00662618
-1.52866
1.53175
-0.00401633
0.00092106
-1.52675
1.52976
0.00213379
-0.00513942
-1.27531
1.27774
0.00809356
-0.0105173
-1.06892
1.07088
0.0128992
-0.0148609
-0.898785
0.900425
0.0167996
-0.0184391
-0.758545
0.760034
0.0201285
-0.0216173
-0.643947
0.645371
0.0231839
-0.0246081
-0.549182
0.549806
0.0261036
-0.0267277
-0.449226
0.446175
0.0260942
-0.0230433
-0.292181
0.285484
0.0168548
-0.0101584
-0.108278
0.105177
0.00416249
-0.00106067
0.000662088
-0.207684
0.203788
-0.00258549
0.00648137
-0.406898
0.401834
-0.011272
0.0163363
-0.551039
0.550117
-0.019243
0.0201649
-0.655616
0.656814
-0.0197983
0.0186
-0.769508
0.770919
-0.0173567
0.0159461
-0.909085
0.910719
-0.0145901
0.0129564
-1.07907
1.08106
-0.0113215
0.00934034
-1.28496
1.28729
-0.00737513
0.00503623
-1.53467
1.53741
-0.00272305
-9.41357e-06
-1.53258
1.53519
0.00267986
-0.00529154
-1.27998
1.28207
0.00785935
-0.00995104
-1.07266
1.07433
0.0120004
-0.013667
-0.901868
0.90319
0.0153018
-0.0166243
-0.761307
0.762373
0.0179144
-0.018981
-0.646625
0.647616
0.0200976
-0.021088
-0.550186
0.550295
0.0220141
-0.0221231
-0.44302
0.439785
0.0208929
-0.017658
-0.279578
0.274452
0.0122058
-0.00707932
-0.102581
0.10046
0.0028744
-0.000753407
0.000333236
-0.200749
0.198509
-0.00133586
0.00357578
-0.397268
0.393289
-0.00674426
0.0107233
-0.548901
0.547432
-0.0135353
0.0150044
-0.657643
0.658129
-0.0152332
0.0147464
-0.77211
0.773142
-0.0139782
0.0129469
-0.912203
0.913534
-0.0118682
0.0105376
-1.08295
1.08466
-0.00914473
0.00742832
-1.28956
1.29169
-0.00566861
0.00354016
-1.54
1.54246
-0.00144097
-0.00101967
-1.53764
1.53997
0.00341608
-0.00574273
-1.28404
1.28585
0.00799267
-0.00980274
-1.07588
1.07726
0.011537
-0.0129087
-0.904369
0.905361
0.0141901
-0.0151822
-0.763258
0.763959
0.0161145
-0.0168153
-0.648294
0.648714
0.0174295
-0.0178493
-0.550069
0.549501
0.0179793
-0.0174112
-0.436508
0.433283
0.0155289
-0.0123036
-0.270111
0.266547
0.00786152
-0.00429756
-0.0987966
0.0975537
0.00168753
-0.000444573
6.86131e-05
-0.19695
0.195901
-0.000425093
0.00147464
-0.389959
0.387265
-0.00328103
0.0059747
-0.545853
0.544343
-0.00823072
0.00974134
-0.658392
0.65853
-0.0102303
0.0100922
-0.774013
0.774718
-0.00960423
0.00889898
-0.914715
0.915746
-0.0081127
0.00708164
-1.08618
1.08751
-0.00600973
0.00467232
-1.2936
1.29529
-0.00329464
0.00160338
-1.54475
1.54686
0.000122731
-0.00222507
-1.54214
1.54411
0.00430045
-0.00627401
-1.28743
1.28879
0.00808058
-0.00943361
-1.07837
1.07925
0.0106463
-0.0115293
-0.906123
0.906646
0.0122807
-0.0128035
-0.76447
0.76479
0.0132166
-0.0135364
-0.648963
0.649057
0.0138028
-0.0138973
-0.548695
0.547792
0.0135779
-0.0126754
-0.430248
0.4275
0.0106747
-0.00792747
-0.263691
0.261396
0.00467526
-0.0023803
-0.0966559
0.0959974
0.000866159
-0.00020768
-3.55805e-05
-0.195182
0.194655
-6.41441e-05
0.000590838
-0.3851
0.383303
-0.00167886
0.00347587
-0.543017
0.541872
-0.00509686
0.00624225
-0.658584
0.658621
-0.00662385
0.00658657
-0.775304
0.775866
-0.00626232
0.00570093
-0.916626
0.91743
-0.00506647
0.00426182
-1.08871
1.0898
-0.00341509
0.0023302
-1.29683
1.29827
-0.00119057
-0.00024915
-1.5488
1.55062
0.00175264
-0.00358096
-1.54591
1.54757
0.0053599
-0.00702534
-1.28996
1.29103
0.00852113
-0.00959378
-1.07995
1.08052
0.0104622
-0.0110409
-0.907006
0.907275
0.0114946
-0.0117642
-0.764908
0.764889
0.0119159
-0.0118966
-0.648989
0.648745
0.0117453
-0.0115013
-0.546867
0.545923
0.0109527
-0.0100089
-0.425036
0.422771
0.00819874
-0.00593392
-0.259477
0.257772
0.00342401
-0.00171941
-0.0954684
0.0949933
0.000611554
-0.000136483
-6.29452e-05
-0.19425
0.193921
5.46858e-05
0.00027365
-0.381725
0.380252
-0.00109085
0.00256438
-0.54081
0.539709
-0.00399957
0.00510086
-0.658668
0.658729
-0.00550026
0.00543927
-0.776441
0.776988
-0.00504273
0.00449616
-0.918177
0.919003
-0.00388382
0.0030582
-1.09086
1.09199
-0.00218532
0.00105857
-1.29972
1.30125
0.000149412
-0.00168122
-1.55241
1.55422
0.00321701
-0.00502111
-1.54916
1.55073
0.00673345
-0.00831033
-1.29202
1.29301
0.00970332
-0.0106905
-1.08104
1.08149
0.011473
-0.0119176
-0.907455
0.907533
0.0121715
-0.0122492
-0.764826
0.764722
0.0122196
-0.012116
-0.648404
0.648051
0.0118454
-0.0114925
-0.544926
0.543834
0.0107979
-0.00970545
-0.420588
0.418366
0.00778745
-0.00556531
-0.256167
0.254599
0.00322272
-0.00165489
-0.0945274
0.0940577
0.00061781
-0.000148156
-7.86135e-05
-0.193683
0.193554
0.000150186
-2.0343e-05
-0.378848
0.377491
-0.000592014
0.00194973
-0.538423
0.536875
-0.00353245
0.00508066
-0.658695
0.658432
-0.0059307
0.00619294
-0.777458
0.777893
-0.00609722
0.005662
-0.919849
0.920879
-0.0049369
0.00390746
-1.09331
1.09483
-0.00274499
0.00122726
-1.30301
1.30497
0.000378449
-0.00233638
-1.55619
1.5584
0.00426237
-0.00647028
-1.55242
1.55432
0.00853167
-0.0104251
-1.29406
1.29531
0.0121217
-0.0133727
-1.082
1.08262
0.014387
-0.0150094
-0.907538
0.907665
0.0154159
-0.0155431
-0.764511
0.76413
0.0154227
-0.0150418
-0.647678
0.647032
0.0145124
-0.0138662
-0.542482
0.540717
0.0125897
-0.010825
-0.415993
0.413429
0.00823566
-0.00567208
-0.253037
0.251493
0.0032446
-0.00170043
-0.0935686
0.0930726
0.000675193
-0.000179216
-0.000123132
-0.193547
0.193644
0.000324379
-0.000421116
-0.376266
0.375248
0.000149582
0.00086805
-0.53504
0.53309
-0.00241311
0.00436383
-0.657767
0.656749
-0.00585523
0.00687329
-0.778293
0.778597
-0.00709234
0.00678825
-0.921952
0.923192
-0.00606302
0.00482357
-1.0966
1.0985
-0.00337871
0.00147958
-1.30724
1.30967
0.000513485
-0.00294509
-1.56095
1.56376
0.00536871
-0.0081746
-1.55648
1.55886
0.0107858
-0.013166
-1.29668
1.29823
0.015329
-0.0168861
-1.08343
1.08424
0.0181379
-0.0189509
-0.907898
0.908091
0.0195451
-0.0197384
-0.763705
0.763174
0.0194726
-0.018942
-0.645987
0.644516
0.0179961
-0.0165247
-0.538417
0.535708
0.0141998
-0.011491
-0.410696
0.407932
0.00820386
-0.00543915
-0.249984
0.248557
0.00309778
-0.00167037
-0.0925582
0.0920562
0.00070226
-0.000200203
-0.000187936
-0.193921
0.194354
0.000560288
-0.00099349
-0.374467
0.374055
0.00112776
-0.000716003
-0.531066
0.529329
-0.000353572
0.00209132
-0.655421
0.653999
-0.00373232
0.00515428
-0.778816
0.778925
-0.00581358
0.00570388
-0.924408
0.925732
-0.00499872
0.0036746
-1.10062
1.10271
-0.00209087
4.388e-07
-1.31234
1.31502
0.00219844
-0.00487105
-1.56683
1.56995
0.00755622
-0.0106709
-1.56141
1.564
0.0135427
-0.0161248
-1.29983
1.30148
0.0184091
-0.0200517
-1.08507
1.08581
0.0213277
-0.0220641
-0.908206
0.908058
0.0223822
-0.0222345
-0.762615
0.761734
0.0217251
-0.0208444
-0.642596
0.640357
0.0191667
-0.0169276
-0.532638
0.52952
0.013917
-0.0107985
-0.405195
0.402663
0.00745961
-0.00492757
-0.247196
0.245937
0.00290007
-0.00164106
-0.09153
0.0910187
0.000725621
-0.000214381
-0.000278519
-0.194975
0.195768
0.000853184
-0.00164586
-0.373968
0.374235
0.00223961
-0.00250681
-0.527772
0.526869
0.00225667
-0.00135428
-0.652585
0.651573
0.000293718
0.000717959
-0.778964
0.779018
-0.0012818
0.00122846
-0.927076
0.928266
-0.000582969
-0.000607843
-1.10495
1.10694
0.00207842
-0.00407055
-1.31781
1.32041
0.00618831
-0.00878899
-1.5731
1.57605
0.0113713
-0.0143173
-1.5665
1.56877
0.0169584
-0.0192261
-1.30287
1.30411
0.0210991
-0.0223395
-1.0864
1.08667
0.0232396
-0.0235012
-0.907865
0.907347
0.0233017
-0.0227834
-0.760607
0.75907
0.0217229
-0.0201852
-0.63791
0.635415
0.017973
-0.0154781
-0.526382
0.523515
0.0124228
-0.00955569
-0.400264
0.398175
0.00670023
-0.00461084
-0.244695
0.243533
0.00290176
-0.00173929
-0.0904536
0.0898936
0.000800811
-0.000240823
-0.000378446
-0.1967
0.197858
0.00117023
-0.00232893
-0.374812
0.375715
0.00340473
-0.00430771
-0.52623
0.526316
0.00477023
-0.00485638
-0.650761
0.650515
0.00465201
-0.00440614
-0.779185
0.779614
0.00443772
-0.00486666
-0.929576
0.930747
0.00560383
-0.00677444
-1.10908
1.11095
0.00817636
-0.0100538
-1.32306
1.32544
0.0120317
-0.0144151
-1.57886
1.58133
0.0166856
-0.0191554
-1.57078
1.57242
0.0212501
-0.022891
-1.30495
1.30552
0.0240326
-0.024605
-1.08667
1.08632
0.0247428
-0.0243877
-0.906668
0.905442
0.0235116
-0.0222856
-0.757449
0.75559
0.0205759
-0.018716
-0.63297
0.630586
0.0163614
-0.0139778
-0.520785
0.518398
0.0112693
-0.00888315
-0.396142
0.394382
0.00656232
-0.00480148
-0.242285
0.241079
0.00322425
-0.00201762
-0.089244
0.0885808
0.000952458
-0.000289325
-0.00048644
-0.19912
0.200658
0.00151455
-0.00305287
-0.376885
0.378434
0.00457721
-0.00612654
-0.526642
0.527547
0.00725152
-0.0081567
-0.650549
0.651227
0.00881517
-0.00949302
-0.780229
0.781191
0.0101998
-0.0111621
-0.932248
0.933657
0.0122339
-0.0136429
-1.11307
1.11499
0.0151695
-0.0170883
-1.32788
1.33009
0.0190151
-0.0212197
-1.58363
1.58559
0.0231804
-0.0251397
-1.57375
1.57466
0.0266098
-0.0275232
-1.30564
1.30542
0.0278314
-0.0276085
-1.08568
1.08461
0.0268828
-0.0258175
-0.90408
0.902373
0.0242321
-0.0225248
-0.753738
0.751651
0.0204243
-0.0183381
-0.628318
0.626071
0.015925
-0.0136783
-0.516077
0.514026
0.0112752
-0.00922399
-0.392526
0.39085
0.00719087
-0.00551426
-0.23969
0.238296
0.00383689
-0.00244251
-0.0877975
0.0869888
0.00116107
-0.000352386
-0.000609649
-0.202301
0.204258
0.00191163
-0.00386816
-0.380163
0.382286
0.00583929
-0.0079621
-0.528623
0.530343
0.00974006
-0.0114602
-0.65207
0.653571
0.0128945
-0.0143956
-0.782516
0.784115
0.0157917
-0.0173904
-0.935563
0.93743
0.0189522
-0.0208188
-1.11725
1.11941
0.0226793
-0.0248448
-1.33242
1.33458
0.0268699
-0.0290285
-1.58746
1.58903
0.0307999
-0.0323681
-1.57528
1.57551
0.033289
-0.033515
-1.30478
1.30375
0.0329884
-0.031958
-1.08326
1.08153
0.0303975
-0.0286602
-0.900549
0.898419
0.0265263
-0.0243963
-0.749609
0.747289
0.0219291
-0.0196093
-0.623909
0.621649
0.0170617
-0.0148021
-0.511887
0.509905
0.0124642
-0.010482
-0.388919
0.387109
0.00844909
-0.00663962
-0.236648
0.234961
0.00470144
-0.0030144
-0.0860177
0.0850171
0.00143533
-0.000434732
-0.000787073
-0.206411
0.208914
0.00246262
-0.00496544
-0.384656
0.387414
0.00748859
-0.0102465
-0.532114
0.534607
0.0126551
-0.0151481
-0.65515
0.657504
0.0173351
-0.0196888
-0.786179
0.788481
0.0218016
-0.0241038
-0.939885
0.942346
0.0262685
-0.0287293
-1.122
1.12455
0.0310474
-0.0335966
-1.33696
1.33922
0.0358523
-0.0381159
-1.59059
1.5919
0.0398338
-0.0411464
-1.5755
1.57512
0.0416216
-0.0412438
-1.3024
1.30068
0.0399964
-0.0382719
-1.07949
1.07709
0.0359226
-0.0335184
-0.896155
0.89353
0.0307373
-0.0281126
-0.745
0.742338
0.0251868
-0.0225249
-0.619418
0.616945
0.019677
-0.017204
-0.507687
0.505528
0.0146722
-0.0125134
-0.384895
0.382784
0.0102396
-0.00812867
-0.232938
0.230864
0.00578606
-0.00371172
-0.0838103
0.0825782
0.00176257
-0.000530473
-0.00102485
-0.211748
0.214964
0.00319609
-0.00641209
-0.390539
0.39412
0.00965062
-0.0132317
-0.537046
0.540432
0.016421
-0.0198068
-0.659836
0.663082
0.0228157
-0.0260625
-0.791349
0.794449
0.0289397
-0.03204
-0.9455
0.948661
0.0348965
-0.0380571
-1.12764
1.13071
0.0409424
-0.0440096
-1.3418
1.34428
0.0466174
-0.0490999
-1.59325
1.59436
0.0508426
-0.0519521
-1.57452
1.57353
0.0520024
-0.0510152
-1.29864
1.29621
0.0490137
-0.0465768
-1.0744
1.07132
0.0434487
-0.0403655
-0.890738
0.887515
0.0368771
-0.0336536
-0.739677
0.736524
0.0301324
-0.0269798
-0.61446
0.611578
0.0236427
-0.0207612
-0.503023
0.500479
0.0178049
-0.0152605
-0.380121
0.377571
0.0125418
-0.00999185
-0.228344
0.225785
0.0071159
-0.00455676
-0.081078
0.0795675
0.00215433
-0.000643835
-0.00134635
-0.218745
0.222895
0.00417977
-0.00832893
-0.398196
0.402866
0.0125009
-0.0171712
-0.543617
0.54812
0.0213801
-0.025883
-0.666246
0.670546
0.0298792
-0.0341794
-0.79824
0.802274
0.0379465
-0.0419807
-0.952653
0.956657
0.0456577
-0.0496618
-1.13441
1.13811
0.0532394
-0.0569369
-1.34713
1.34987
0.0599649
-0.0626997
-1.59553
1.5964
0.0644596
-0.0653222
-1.5723
1.57062
0.0648805
-0.0632009
-1.29343
1.29019
0.0603446
-0.0571051
-1.06792
1.06406
0.0531123
-0.0492597
-0.884087
0.880147
0.0449499
-0.0410098
-0.733347
0.729553
0.0367448
-0.0329507
-0.60867
0.605206
0.0289445
-0.0254798
-0.497521
0.494404
0.0218982
-0.0187815
-0.374279
0.371114
0.0154076
-0.0122432
-0.222644
0.2195
0.00870705
-0.00556362
-0.0777019
0.075861
0.00262043
-0.000779474
-0.00182608
-0.228061
0.233478
0.00558906
-0.0110057
-0.408186
0.414413
0.0164654
-0.0226916
-0.552178
0.558187
0.0283329
-0.0343415
-0.674714
0.680312
0.0396083
-0.0452061
-0.807173
0.812315
0.050045
-0.055187
-0.961613
0.966568
0.0598196
-0.0647747
-1.1425
1.14682
0.0690883
-0.0734069
-1.35298
1.35587
0.0768045
-0.0796987
-1.59729
1.59775
0.0813599
-0.0818188
-1.56865
1.56612
0.080721
-0.0781835
-1.28655
1.28237
0.0743077
-0.0701248
-1.05983
1.05508
0.0651188
-0.0603631
-0.875951
0.871163
0.0550894
-0.0503017
-0.725714
0.721133
0.0451425
-0.040562
-0.601728
0.597514
0.0357165
-0.0315027
-0.490846
0.486981
0.0271036
-0.0232381
-0.367042
0.36308
0.0190101
-0.015048
-0.215561
0.211694
0.0106503
-0.00678287
-0.073564
0.071323
0.00318472
-0.000943712
-0.00258372
-0.240706
0.247985
0.00772142
-0.0150004
-0.421336
0.429945
0.0224054
-0.0310147
-0.563346
0.571407
0.0387355
-0.0467966
-0.685826
0.692942
0.0537357
-0.0608519
-0.818537
0.824932
0.0669347
-0.073329
-0.972567
0.978467
0.0789853
-0.0848856
-1.15185
1.15662
0.089857
-0.094636
-1.35909
1.36187
0.0982017
-0.100987
-1.59813
1.59787
0.102278
-0.10202
-1.56319
1.55954
0.0999806
-0.09633
-1.27772
1.27241
0.0912071
-0.085904
-1.04988
1.04407
0.0797106
-0.0739084
-0.866067
0.860305
0.0675266
-0.0617645
-0.716492
0.710993
0.055572
-0.0500734
-0.593331
0.588203
0.0442309
-0.0391027
-0.48266
0.477843
0.0336764
-0.0288592
-0.358018
0.35303
0.0235307
-0.0185433
-0.206723
0.201941
0.0130387
-0.00825735
-0.0684966
0.0657797
0.00384713
-0.00113014
-0.00380956
-0.258423
0.268927
0.011148
-0.021652
-0.439037
0.45142
0.0324754
-0.0448582
-0.57801
0.588767
0.0554623
-0.0662194
-0.700178
0.708944
0.0752318
-0.0839981
-0.832586
0.840155
0.0913377
-0.0989065
-0.985375
0.991916
0.105413
-0.111954
-1.16199
1.16678
0.117225
-0.122013
-1.36482
1.36698
0.125294
-0.127454
-1.59736
1.5959
0.127901
-0.126438
-1.55538
1.55028
0.123049
-0.117946
-1.26656
1.25995
0.111302
-0.104683
-1.03777
1.0308
0.0971326
-0.0901588
-0.854198
0.847372
0.0825564
-0.0757312
-0.705433
0.69893
0.0684144
-0.0619112
-0.583195
0.577023
0.054961
-0.0487884
-0.472583
0.466567
0.0421384
-0.0361228
-0.34671
0.340317
0.0293398
-0.0229466
-0.19566
0.18969
0.0159137
-0.00994382
-0.0622706
0.0590325
0.00456694
-0.00132888
-0.00693827
-0.284784
0.30242
0.0199704
-0.0376063
-0.463544
0.480832
0.0542945
-0.0715822
-0.59703
0.610681
0.0855637
-0.0992146
-0.718002
0.727648
0.109788
-0.119434
-0.848852
0.856777
0.12732
-0.135245
-0.999135
1.00541
0.141804
-0.148081
-1.17182
1.17574
0.152822
-0.156736
-1.36903
1.3698
0.158966
-0.159732
-1.59398
1.59068
0.158685
-0.155391
-1.54453
1.53759
0.150162
-0.143226
-1.25271
1.24458
0.134768
-0.126637
-1.02329
1.01505
0.117578
-0.109338
-0.840192
0.832271
0.100454
-0.0925335
-0.692405
0.684895
0.0840791
-0.0765691
-0.571111
0.56383
0.068511
-0.0612303
-0.460235
0.452775
0.0531605
-0.0457007
-0.332371
0.324096
0.0371207
-0.0288459
-0.181684
0.174018
0.0196337
-0.0119671
-0.0545751
0.0508088
0.00526217
-0.00149587
-0.00729983
-0.315464
0.331266
0.019417
-0.0352183
-0.491476
0.506622
0.049895
-0.0650405
-0.619583
0.632831
0.0781619
-0.09141
-0.738332
0.749104
0.101674
-0.112445
-0.867414
0.877687
0.121875
-0.132148
-1.01515
1.0246
0.141065
-0.150516
-1.18402
1.19174
0.158591
-0.166307
-1.37566
1.38084
0.172776
-0.177957
-1.59262
1.59391
0.181474
-0.182763
-1.53397
1.5301
0.181153
-0.177285
-1.23751
1.23013
0.170406
-0.163025
-1.00636
0.996873
0.153574
-0.144085
-0.822822
0.812751
0.133358
-0.123287
-0.675758
0.66527
0.111963
-0.101475
-0.555032
0.543917
0.089481
-0.0783662
-0.443853
0.432388
0.0660105
-0.0545454
-0.313809
0.302835
0.0426471
-0.0316728
-0.166292
0.157657
0.0201935
-0.0115585
-0.0481642
0.0447883
0.00481394
-0.00143798
-0.00270648
-0.336268
0.346621
0.00895787
-0.0193101
-0.514759
0.526011
0.0294472
-0.0406993
-0.641283
0.651817
0.0513338
-0.0618676
-0.758795
0.767939
0.0707346
-0.079878
-0.88707
0.896145
0.0881632
-0.097238
-1.03343
1.04182
0.105086
-0.113475
-1.19917
1.20601
0.120617
-0.127453
-1.38576
1.3905
0.13272
-0.137456
-1.59472
1.59512
0.139799
-0.1402
-1.52577
1.52131
0.138022
-0.133562
-1.2225
1.21492
0.126513
-0.118934
-0.987917
0.97899
0.109699
-0.100771
-0.803239
0.793645
0.0904817
-0.0808875
-0.655962
0.64631
0.0706792
-0.0610271
-0.535923
0.526097
0.050557
-0.040731
-0.425503
0.416753
0.0302446
-0.0214947
-0.299307
0.292821
0.0131407
-0.00665425
-0.158127
0.156089
0.00147604
0.000561756
-0.0468063
0.0472904
-0.000646855
0.000162772
-0.00121473
-0.346925
0.354166
0.0041894
-0.0114303
-0.531158
0.540173
0.0188415
-0.0278567
-0.658875
0.667244
0.036135
-0.0445039
-0.776197
0.784118
0.0516191
-0.0595398
-0.90443
0.911948
0.06683
-0.0743485
-1.04927
1.05649
0.0812915
-0.0885143
-1.2125
1.21838
0.0946635
-0.100545
-1.39451
1.39821
0.105259
-0.108956
-1.59561
1.59565
0.111066
-0.111105
-1.51694
1.51246
0.109018
-0.104536
-1.20779
1.2009
0.097923
-0.0910327
-0.970642
0.962555
0.0827541
-0.0746665
-0.785158
0.777028
0.065654
-0.0575236
-0.638321
0.630547
0.0487004
-0.040927
-0.519416
0.511586
0.0321305
-0.0243004
-0.41199
0.405154
0.0160916
-0.00925579
-0.292426
0.288493
0.00302509
0.000907816
-0.159514
0.159857
-0.0033325
0.00298967
-0.0504857
0.0516688
-0.00165577
0.000472671
-0.00104991
-0.352372
0.357243
0.00265415
-0.00752533
-0.543331
0.550313
0.0132965
-0.0202785
-0.673406
0.68016
0.0273184
-0.0340733
-0.791185
0.797739
0.040166
-0.0467206
-0.919008
0.925671
0.0528071
-0.0594699
-1.06327
1.06949
0.0654654
-0.0716774
-1.22416
1.22942
0.0771962
-0.0824515
-1.40181
1.40516
0.0864937
-0.0898404
-1.59595
1.59609
0.0915972
-0.0917386
-1.5086
1.50473
0.0898189
-0.0859432
-1.19467
1.18858
0.0800533
-0.0739676
-0.955455
0.948623
0.0667532
-0.0599214
-0.769852
0.763178
0.0523921
-0.0457184
-0.623806
0.617407
0.038416
-0.0320162
-0.506232
0.500202
0.0251833
-0.019154
-0.402126
0.39706
0.0127986
-0.00773247
-0.289013
0.286146
0.00338545
-0.000517976
-0.163249
0.163239
-0.00132909
0.00133915
-0.0544767
0.0550418
-0.00076473
0.000199698
-0.000923256
-0.354502
0.35807
0.00224635
-0.00581367
-0.552766
0.558629
0.0105129
-0.0163756
-0.685086
0.691018
0.021852
-0.0277844
-0.803679
0.809459
0.0327802
-0.03856
-0.931805
0.937898
0.0437465
-0.049839
-1.07536
1.08101
0.0551362
-0.0607838
-1.23444
1.23925
0.0656546
-0.0704708
-1.40845
1.41156
0.0742084
-0.0773185
-1.59645
1.59671
0.0790083
-0.0792683
-1.50141
1.49809
0.0776816
-0.0743548
-1.18324
1.17797
0.0692435
-0.0639695
-0.942645
0.936839
0.0577688
-0.0519634
-0.757322
0.751695
0.0456217
-0.0399955
-0.612121
0.606962
0.0340779
-0.0289186
-0.49619
0.491416
0.0236697
-0.0188966
-0.394986
0.390884
0.0140353
-0.00993382
-0.287017
0.284534
0.00641749
-0.00393397
-0.165633
0.164782
0.00169786
-0.000846773
-0.0567075
0.0565358
0.00038679
-0.000215169
-0.000974618
-0.35524
0.35833
0.00224227
-0.00533252
-0.560018
0.565096
0.00902719
-0.0141054
-0.695623
0.70038
0.019079
-0.0238359
-0.814627
0.819718
0.0283115
-0.0334026
-0.943397
0.948719
0.0382328
-0.0435546
-1.08647
1.09134
0.0486216
-0.0534903
-1.2439
1.24844
0.0581316
-0.0626708
-1.41466
1.41766
0.0662671
-0.0692696
-1.5972
1.59759
0.0711696
-0.0715624
-1.49522
1.49234
0.0702755
-0.0673946
-1.17332
1.16869
0.0632023
-0.0585684
-0.931901
0.926857
0.0531122
-0.0480677
-0.746711
0.741949
0.042599
-0.0378372
-0.602608
0.598246
0.0327051
-0.0283431
-0.488097
0.484205
0.0238083
-0.0199161
-0.389391
0.385817
0.0158498
-0.0122757
-0.284823
0.282345
0.00913247
-0.00665482
-0.166293
0.164541
0.00421994
-0.00246702
-0.0575056
0.0567722
0.00121319
-0.000479808
-0.00104303
-0.355768
0.358676
0.00235769
-0.00526558
-0.566339
0.570574
0.00842281
-0.0126586
-0.704559
0.708757
0.0172662
-0.021464
-0.824649
0.829374
0.0255224
-0.0302472
-0.953619
0.958658
0.0347308
-0.0397698
-1.09661
1.10136
0.044173
-0.0489253
-1.2527
1.25714
0.0533053
-0.0577421
-1.42107
1.42406
0.0613311
-0.064329
-1.59839
1.59934
0.066162
-0.0671207
-1.49021
1.48772
0.0664779
-0.0639802
-1.16475
1.16074
0.0604068
-0.0563967
-0.922404
0.917724
0.0514356
-0.0467552
-0.73752
0.733176
0.0418079
-0.0374637
-0.594624
0.590598
0.0329197
-0.0288932
-0.48111
0.477642
0.0247368
-0.021269
-0.384227
0.381066
0.0176425
-0.0144814
-0.282237
0.279584
0.0112504
-0.00859718
-0.165197
0.163007
0.00584156
-0.00365143
-0.0572493
0.056078
0.00182272
-0.000651511
-0.00122777
-0.356465
0.359156
0.00265199
-0.0053428
-0.571792
0.575792
0.00836991
-0.0123693
-0.712613
0.716278
0.0164351
-0.0201002
-0.833653
0.838023
0.0240378
-0.0284081
-0.963241
0.967765
0.0325961
-0.0371203
-1.10598
1.11084
0.0413192
-0.0461743
-1.26161
1.26569
0.0504912
-0.0545622
-1.42714
1.43065
0.0581037
-0.0616091
-1.6005
1.6017
0.0638291
-0.0650285
-1.48593
1.48412
0.0646884
-0.0628739
-1.15722
1.15358
0.0596555
-0.0560076
-0.913726
0.909253
0.0517661
-0.0472927
-0.729111
0.724993
0.0425171
-0.0383995
-0.586937
0.583168
0.0340016
-0.0302334
-0.474796
0.471461
0.0263079
-0.022973
-0.379201
0.376194
0.0194013
-0.0163951
-0.278872
0.276019
0.0128322
-0.00997921
-0.16288
0.160489
0.00698098
-0.00459053
-0.0561985
0.0547252
0.00231731
-0.000844044
-0.00128197
-0.357669
0.360195
0.00290961
-0.00543589
-0.576824
0.580654
0.0084435
-0.0122736
-0.719848
0.723773
0.0155388
-0.0194638
-0.842157
0.846221
0.0230359
-0.0270998
-0.972498
0.977004
0.0309794
-0.0354852
-1.11547
1.11993
0.0396988
-0.0441577
-1.27012
1.27442
0.0486034
-0.0529056
-1.43411
1.43766
0.0565237
-0.0600774
-1.6033
1.6048
0.0627988
-0.0642983
-1.48301
1.48169
0.0645441
-0.0632261
-1.15044
1.14714
0.0605919
-0.0572855
-0.905528
0.901421
0.0531163
-0.0490087
-0.721194
0.717181
0.0444576
-0.0404439
-0.579587
0.575776
0.0359872
-0.0321757
-0.468458
0.465056
0.0284148
-0.0250124
-0.374047
0.370908
0.021211
-0.0180719
-0.274769
0.271539
0.0144964
-0.0112664
-0.159703
0.157008
0.00792394
-0.00522887
-0.0545705
0.0528301
0.00273654
-0.00099611
-0.00134549
-0.359099
0.361827
0.0030997
-0.00582764
-0.581532
0.585243
0.00864958
-0.0123609
-0.727051
0.730599
0.0155123
-0.0190599
-0.85019
0.854147
0.022286
-0.0262431
-0.98117
0.985598
0.0300508
-0.0344784
-1.12456
1.12908
0.0386625
-0.0431755
-1.27899
1.28346
0.0474716
-0.0519432
-1.44124
1.44517
0.0557963
-0.0597249
-1.60696
1.60905
0.0625366
-0.0646348
-1.48087
1.48023
0.0653924
-0.0647548
-1.14445
1.14142
0.0624868
-0.0594549
-0.897731
0.893813
0.0556194
-0.0517014
-0.713083
0.709079
0.0471153
-0.0431113
-0.572162
0.568389
0.0385217
-0.0347487
-0.462052
0.458474
0.0306587
-0.02708
-0.368533
0.365058
0.0232727
-0.0197976
-0.26991
0.266355
0.0159438
-0.0123886
-0.155538
0.152618
0.00860853
-0.00568871
-0.0523932
0.0504784
0.00296437
-0.00104955
-0.00143394
-0.361192
0.363745
0.00331954
-0.00587296
-0.586598
0.589907
0.00888859
-0.0121982
-0.733957
0.737377
0.0150985
-0.0185183
-0.857967
0.86204
0.0216384
-0.0257112
-0.989897
0.994015
0.0294184
-0.0335362
-1.13368
1.13817
0.0378822
-0.0423726
-1.28771
1.2925
0.046524
-0.0513123
-1.44921
1.45325
0.0553968
-0.0594366
-1.61165
1.61443
0.0627703
-0.0655492
-1.47987
1.47975
0.0668554
-0.0667323
-1.13887
1.13623
0.0650693
-0.0624341
-0.890314
0.886442
0.0587904
-0.0549183
-0.705084
0.701089
0.0503809
-0.0463863
-0.564663
0.560482
0.0417512
-0.0375695
-0.455157
0.45122
0.033486
-0.0295488
-0.362179
0.358646
0.0254822
-0.0219488
-0.264175
0.260227
0.0177408
-0.0137928
-0.15068
0.147273
0.00958154
-0.00617417
-0.0497116
0.0476768
0.00311905
-0.00108426
-0.00145447
-0.363663
0.366203
0.00336326
-0.005903
-0.591252
0.594557
0.00882369
-0.0121287
-0.740595
0.743874
0.0149084
-0.0181873
-0.865934
0.869606
0.0214171
-0.0250896
-0.998172
1.00262
0.0286726
-0.0331255
-1.14269
1.14735
0.0369589
-0.0416183
-1.29699
1.30214
0.0459484
-0.0510999
-1.45751
1.46198
0.0552619
-0.0597258
-1.61752
1.62086
0.0632941
-0.0666356
-1.48011
1.48076
0.0686251
-0.0692804
-1.13418
1.13186
0.0681963
-0.0658778
-0.882862
0.879187
0.0625643
-0.0588886
-0.697037
0.692676
0.0544363
-0.0500759
-0.556667
0.552382
0.0453699
-0.0410847
-0.4477
0.443743
0.0365213
-0.0325641
-0.355506
0.351508
0.028189
-0.024191
-0.257377
0.253058
0.0196351
-0.0153164
-0.144854
0.140949
0.010617
-0.00671208
-0.0465514
0.0443749
0.00327316
-0.00109667
-0.0014112
-0.366565
0.369022
0.00346239
-0.00591918
-0.596069
0.599189
0.00873873
-0.0118587
-0.746897
0.749998
0.0147345
-0.0178356
-0.873316
0.877059
0.0208994
-0.024643
-1.00662
1.0107
0.0282998
-0.0323795
-1.15173
1.1564
0.0364883
-0.0411576
-1.30656
1.31167
0.0453192
-0.0504261
-1.46668
1.47166
0.0549324
-0.0599137
-1.62453
1.62864
0.0639605
-0.0680731
-1.48151
1.48287
0.0704715
-0.0718328
-1.13022
1.12849
0.0714252
-0.0696921
-0.875862
0.872458
0.0666169
-0.0632129
-0.688616
0.684323
0.0586727
-0.0543798
-0.54825
0.543723
0.0494961
-0.0449693
-0.439782
0.435505
0.0401398
-0.0358623
-0.347894
0.343545
0.0312167
-0.0268678
-0.249785
0.244856
0.0219778
-0.0170494
-0.138022
0.13365
0.0118846
-0.00751257
-0.0429571
0.0405148
0.00355568
-0.00111336
-0.00129332
-0.369394
0.372059
0.00327003
-0.00593462
-0.600854
0.604027
0.00865011
-0.0118231
-0.753079
0.756005
0.0142905
-0.0172163
-0.880339
0.884104
0.0203482
-0.0241134
-1.01493
1.01905
0.027653
-0.0317709
-1.16112
1.16562
0.0357989
-0.040302
-1.31657
1.3217
0.0447452
-0.0498747
-1.4765
1.48163
0.0546179
-0.0597434
-1.63276
1.63732
0.0643935
-0.0689555
-1.48458
1.48644
0.07236
-0.0742224
-1.12739
1.12621
0.0747215
-0.0735384
-0.869283
0.866056
0.071113
-0.0678866
-0.680253
0.675851
0.0636044
-0.0592024
-0.539375
0.534687
0.0540385
-0.0493504
-0.431288
0.42673
0.0441183
-0.03956
-0.339491
0.334711
0.0345497
-0.0297691
-0.240969
0.235595
0.0242806
-0.0189063
-0.130064
0.125237
0.0130635
-0.00823633
-0.0387917
0.0361262
0.00382011
-0.00115465
-0.00124742
-0.372716
0.375332
0.00314951
-0.00576536
-0.605742
0.608627
0.00830364
-0.0111887
-0.759109
0.762076
0.0137262
-0.0166938
-0.887422
0.891029
0.0197823
-0.0233894
-1.02278
1.02718
0.0266207
-0.0310201
-1.17014
1.17516
0.0347449
-0.0397618
-1.32681
1.33179
0.0442512
-0.0492293
-1.4867
1.49248
0.0539148
-0.0596999
-1.64222
1.64742
0.0645097
-0.0697103
-1.48908
1.4919
0.0738436
-0.076659
-1.12563
1.1253
0.0776661
-0.0773366
-0.863386
0.860629
0.0754402
-0.0726833
-0.671812
0.667463
0.0685952
-0.0642464
-0.530089
0.525227
0.0589701
-0.0541082
-0.422183
0.41724
0.0486101
-0.0436671
-0.330225
0.324923
0.0380829
-0.0327811
-0.230839
0.224968
0.0266387
-0.0207674
-0.121015
0.115625
0.014214
-0.00882382
-0.0341672
0.0313344
0.00398319
-0.00115038
-0.00118819
-0.376049
0.378545
0.00310342
-0.00559932
-0.610551
0.613268
0.00815322
-0.0108698
-0.765001
0.768028
0.0133486
-0.0163759
-0.894387
0.897955
0.0190977
-0.0226652
-1.03105
1.03503
0.0259653
-0.0299525
-1.17923
1.18397
0.0338736
-0.0386072
-1.33704
1.34227
0.043054
-0.0482814
-1.49793
1.50379
0.0531553
-0.0590088
-1.65274
1.65843
0.0644394
-0.0701309
-1.49497
1.49867
0.0748889
-0.0785923
-1.12538
1.12581
0.0805476
-0.0809747
-0.858315
0.855782
0.0798942
-0.0773611
-0.663592
0.659367
0.0737908
-0.0695655
-0.520418
0.515278
0.0644085
-0.0592685
-0.412165
0.406577
0.0534762
-0.0478883
-0.319754
0.313939
0.0417628
-0.0359483
-0.219436
0.212855
0.0289357
-0.0223546
-0.1108
0.104836
0.0151043
-0.00913982
-0.0290811
0.0261866
0.00403588
-0.00114133
-0.00120427
-0.379446
0.381751
0.00294107
-0.00524542
-0.615073
0.617596
0.0078462
-0.0103698
-0.770491
0.773394
0.012678
-0.0155804
-0.901089
0.904442
0.0183303
-0.0216837
-1.03884
1.04265
0.0250499
-0.0288512
-1.18856
1.19297
0.0328535
-0.037256
-1.34735
1.35238
0.0420922
-0.0471191
-1.50915
1.51541
0.0522208
-0.0584787
-1.66425
1.67043
0.063932
-0.0701134
-1.50263
1.507
0.0756614
-0.0800298
-1.12668
1.12786
0.0830393
-0.084217
-0.854124
0.852565
0.0839166
-0.0823583
-0.655675
0.651897
0.0791179
-0.0753407
-0.510282
0.505079
0.0702184
-0.0650146
-0.401222
0.395147
0.0587116
-0.0526369
-0.307983
0.301274
0.0455026
-0.0387934
-0.206506
0.199041
0.0308726
-0.0234082
-0.0994463
0.093136
0.0154394
-0.00912913
-0.0238113
0.0209757
0.00388103
-0.00104542
-0.00107144
-0.382787
0.385215
0.00268608
-0.00511397
-0.619588
0.621934
0.00743157
-0.0097774
-0.776197
0.77904
0.0121857
-0.0150284
-0.907722
0.91086
0.0176658
-0.0208039
-1.04667
1.05034
0.0240961
-0.027768
-1.19749
1.20217
0.0314193
-0.036108
-1.35787
1.36299
0.0407021
-0.045822
-1.52107
1.5273
0.0510151
-0.057239
-1.67674
1.68355
0.063081
-0.0698905
-1.51189
1.51695
0.0758098
-0.0808679
-1.12942
1.13159
0.08501
-0.0871815
-0.851669
0.850843
0.0878044
-0.0869784
-0.648655
0.645304
0.0846533
-0.0813024
-0.500063
0.494754
0.0766242
-0.0713145
-0.389045
0.382157
0.0646168
-0.0577285
-0.294238
0.285961
0.0494157
-0.0411384
-0.191701
0.183094
0.0315902
-0.0229828
-0.0873861
0.0810949
0.0142176
-0.00792635
-0.0186934
0.0163462
0.00311817
-0.000770932
-0.00109945
-0.38594
0.388109
0.00275911
-0.00492731
-0.62387
0.626241
0.00684133
-0.00921273
-0.781287
0.784028
0.0112801
-0.0140211
-0.91387
0.916894
0.0167474
-0.0197713
-1.05371
1.05754
0.0228116
-0.0266448
-1.20637
1.21089
0.0302605
-0.0347798
-1.3681
1.37352
0.0390954
-0.0445142
-1.53313
1.53952
0.0495699
-0.0559594
-1.69022
1.69709
0.0620442
-0.0689125
-1.52253
1.52844
0.0754902
-0.0813978
-1.1343
1.13733
0.0864569
-0.0894837
-0.850436
0.850623
0.0910525
-0.0912393
-0.642935
0.640223
0.0899805
-0.0872687
-0.48985
0.484939
0.0832679
-0.0783564
-0.375187
0.367498
0.0716895
-0.0640012
-0.277266
0.266627
0.0540415
-0.0434027
-0.174088
0.162813
0.0308313
-0.0195565
-0.0753132
0.0685937
0.00876998
-0.00205055
-0.0149839
0.0148543
-0.00178005
0.00190967
-0.000918765
-0.389196
0.391439
0.0024352
-0.00467805
-0.628092
0.630088
0.00659456
-0.00859122
-0.78633
0.788932
0.0109022
-0.0135041
-0.920189
0.922904
0.0160678
-0.018783
-1.06121
1.06476
0.0216823
-0.0252352
-1.21487
1.21917
0.0291589
-0.0334634
-1.37854
1.38368
0.0377495
-0.0428892
-1.54577
1.55171
0.0482168
-0.0541634
-1.70428
1.7115
0.0605723
-0.0677923
-1.53444
1.54104
0.0747408
-0.0813455
-1.1407
1.14465
0.0872223
-0.091181
-0.851393
0.852433
0.093944
-0.0949836
-0.63865
0.637282
0.0946336
-0.093266
-0.480657
0.476658
0.0901944
-0.0861959
-0.360078
0.352178
0.0801096
-0.0722098
-0.255535
0.241916
0.0607049
-0.0470855
-0.149864
0.132928
0.0300534
-0.0131166
-0.0601889
0.0465778
-0.00685816
0.0204693
-0.0177476
0.0222628
-0.0271899
0.0226747
-0.000870006
-0.39247
0.394346
0.00231929
-0.00419594
-0.632126
0.634124
0.0062243
-0.00822231
-0.791219
0.793825
0.0103531
-0.0129598
-0.92582
0.928569
0.0155845
-0.0183329
-1.06835
1.07202
0.0213576
-0.0250268
-1.22354
1.22809
0.0289476
-0.0334975
-1.38891
1.39465
0.0377484
-0.043497
-1.55862
1.56527
0.0493613
-0.056012
-1.71934
1.72791
0.0629848
-0.0715566
-1.5484
1.55662
0.0798064
-0.0880329
-1.14975
1.15527
0.0958041
-0.101317
-0.854523
0.857147
0.105955
-0.108578
-0.63697
0.636618
0.10998
-0.109628
-0.473512
0.471299
0.108232
-0.10602
-0.344076
0.33639
0.1012
-0.0935128
-0.227332
0.209541
0.0812247
-0.0634335
-0.111717
0.105094
0.0421044
-0.0354811
-0.0493787
0.126243
0.0617718
-0.138636
-0.100871
0.324602
0.323772
-0.547502
-0.00078557
-0.395456
0.397256
0.00224204
-0.00404273
-0.635783
0.638074
0.0058482
-0.00813922
-0.79616
0.798384
0.0101089
-0.0123324
-0.931735
0.93458
0.0148357
-0.017681
-1.07553
1.07916
0.0206444
-0.0242773
-1.23244
1.23685
0.0281723
-0.0325829
-1.40026
1.40587
0.0373588
-0.0429649
-1.57245
1.57979
0.0491196
-0.0564503
-1.73663
1.74587
0.0639709
-0.0732147
-1.56545
1.57487
0.0825618
-0.0919849
-1.16195
1.16916
0.1013
-0.108515
-0.86081
0.865365
0.115277
-0.119832
-0.638023
0.639486
0.122817
-0.124281
-0.470565
0.47074
0.124599
-0.124774
-0.329781
0.323952
0.124756
-0.118927
-0.196686
0.20545
0.111002
-0.119766
-0.149235
0.324891
0.191277
-0.366933
-0.370703
0.617245
0.672625
-0.919167
-0.527219
0.631915
1.08661
-1.19131
-0.000577478
-0.398131
0.39904
0.00248383
-0.00339288
-0.639569
0.641673
0.00549946
-0.00760362
-0.800599
0.803124
0.00928676
-0.0118117
-0.93755
0.940582
0.0142394
-0.0172718
-1.0826
1.08676
0.0198496
-0.024006
-1.2413
1.24614
0.0271816
-0.0320219
-1.41173
1.41797
0.036547
-0.0427833
-1.58721
1.59497
0.0488244
-0.0565863
-1.75567
1.76591
0.0644493
-0.0746845
-1.58497
1.59615
0.0848673
-0.0960407
-1.17735
1.18678
0.106565
-0.115993
-0.871026
0.87827
0.124468
-0.131712
-0.642715
0.645966
0.136788
-0.140039
-0.473138
0.474373
0.141986
-0.14322
-0.32264
0.348488
0.147698
-0.173546
-0.275869
0.466449
0.25413
-0.44471
-0.61568
0.848364
0.769083
-1.00177
-0.747227
0.819538
1.13143
-1.20374
-0.678728
0.703384
1.24945
-1.27411
-0.000896101
-0.399615
0.399336
0.00324404
-0.00296497
-0.643031
0.645141
0.00524991
-0.00736004
-0.805826
0.808444
0.00884429
-0.0114625
-0.94421
0.948278
0.0130378
-0.0171056
-1.09141
1.09587
0.0188849
-0.0233543
-1.25128
1.25723
0.0257503
-0.0316983
-1.42409
1.43093
0.0355227
-0.0423612
-1.60335
1.61232
0.0480247
-0.0569979
-1.77682
1.78853
0.0645072
-0.0762174
-1.60799
1.62132
0.0868622
-0.100191
-1.19712
1.20889
0.111755
-0.123526
-0.887018
0.897414
0.133536
-0.143932
-0.65075
0.654128
0.152455
-0.155833
-0.481546
0.506028
0.163424
-0.187906
-0.413051
0.529254
0.272452
-0.388655
-0.762266
1.02489
0.689628
-0.952256
-0.969815
1.03353
1.09772
-1.16143
-0.858611
0.878892
1.20529
-1.22557
-0.718851
0.732513
1.24514
-1.2588
0.157772
-0.228725
0.117717
-0.0016636
-0.118167
0.351117
0.261201
-0.00438397
-0.153882
0.50023
0.33029
-0.00855221
-0.165395
0.624876
0.354856
-0.0133726
-0.16841
0.748465
0.368761
-0.018935
-0.170374
0.883977
-0.0261873
0.384144
1.03046
0.402369
-0.0352771
1.18748
0.423117
-0.0480791
1.34809
0.446718
-0.06557
1.49831
0.47263
-0.089801
1.33678
0.496591
-0.117817
0.959219
0.512323
-0.144249
0.673197
0.516347
-0.167161
-0.163239
0.488974
0.517997
-0.222564
-0.184093
0.571713
0.753402
-0.543585
-0.360648
0.819228
1.75828
-1.01594
-0.591305
0.651664
2.34325
-1.13675
-0.643646
0.426773
2.48811
-1.18947
-0.658144
0.232445
-1.22308
2.55116
-1.2525
-0.747809
2.74385
-0.00102614
-0.00218553
0.218543
-0.0575593
-0.000776939
0.413313
-0.413562
0.00296062
-0.003996
0.652695
-0.651659
0.00571584
-0.00768889
0.811738
-0.809765
0.0094793
-0.0126434
0.951461
-0.948297
0.0148849
-0.0187313
1.10087
-1.09702
0.0221403
-0.0267126
-1.26171
1.26629
0.0317508
-0.0377955
-1.4384
1.44444
0.0443615
-0.0522789
-1.62335
1.63126
0.0616218
-0.073016
-1.80443
1.81583
0.0860692
-0.0996019
-1.64002
1.65355
0.115129
-0.1282
-1.22633
1.2394
0.142189
-0.154812
-0.911747
0.92437
0.16727
-0.189319
0.690796
-0.668747
0.250823
-0.377238
0.764336
-0.637921
0.658066
-0.856231
1.33744
-1.13928
1.02266
-1.07709
1.33866
-1.28424
1.12002
-1.14581
1.13138
-1.10558
1.16892
-1.19072
0.939919
-0.918123
0.881818
-0.659014
-0.759994
1.4331
0.000397277
-0.00294979
-0.222152
0.224705
-0.000503332
-0.413582
0.414483
0.00242486
-0.00368925
-0.654278
0.655542
0.00514646
-0.0080787
-0.814614
0.817546
0.00954812
-0.0130538
-0.955623
0.959129
0.0150008
-0.0199775
-1.10584
1.11081
0.0226387
-0.028272
-1.27239
1.27803
0.0324016
-0.039944
-1.45224
1.45979
0.0453011
-0.0554342
-1.64169
1.65182
0.0635203
-0.0777421
-1.83004
1.84426
0.0894267
-0.106426
-1.67072
1.68772
0.120988
-0.138342
-1.25678
1.27413
0.152597
-0.170038
-0.941936
0.959377
0.191811
-0.244711
-0.728945
0.781845
0.38472
-0.605016
-0.948326
1.16862
0.85794
-0.969718
-1.48963
1.60141
1.03728
-1.07234
-1.3761
1.41116
1.10497
-1.12964
-1.15329
1.17796
1.1572
-1.18263
-0.955529
0.980963
0.891031
-0.631775
-0.793022
1.43607
0.000623244
-0.00218944
-0.227546
0.229112
-0.000117502
-0.415105
0.415846
0.00189951
-0.00332888
-0.657194
0.658623
0.00566023
-0.00794346
-0.819746
0.822029
0.00997708
-0.0131669
-0.962094
0.965284
0.0161832
-0.0198695
-1.11458
1.11827
0.02382
-0.0288327
-1.28312
1.28814
0.0341408
-0.0406717
-1.46695
1.47348
0.0475927
-0.0570324
-1.6614
1.67084
0.066776
-0.080289
-1.85803
1.87155
0.0944857
-0.110941
-1.70464
1.72109
0.128937
-0.145632
-1.29135
1.30804
0.164616
-0.184792
-0.978657
0.998833
0.228965
-0.335921
-0.857741
0.964697
0.553035
-0.785071
-1.41169
1.64372
0.924089
-0.985721
-1.68104
1.74268
1.02535
-1.05417
-1.44488
1.4737
1.0838
-1.10897
-1.20334
1.2285
1.13821
-1.16984
-0.995286
1.02691
0.900446
-0.607337
-0.830076
1.44933
0.000523257
-0.00166026
-0.231089
0.232226
-6.55961e-05
-0.416986
0.417575
0.00167819
-0.00311711
-0.660491
0.66193
0.00536515
-0.00798906
-0.824376
0.827
0.0104607
-0.0136039
-0.968137
0.97128
0.0168587
-0.020766
-1.12219
1.1261
0.0246511
-0.0298831
-1.29296
1.29819
0.0353273
-0.0422459
-1.48003
1.48695
0.0494802
-0.0589652
-1.68016
1.68964
0.0694618
-0.0832232
-1.88487
1.89863
0.0987744
-0.116
-1.73792
1.75515
0.135486
-0.153704
-1.32592
1.34414
0.175375
-0.205432
-1.02534
1.05539
0.28859
-0.45387
-1.10156
1.26684
0.706439
-0.855534
-1.84227
1.99136
0.927364
-0.967963
-1.79155
1.83215
1.00136
-1.02984
-1.50413
1.53261
1.06056
-1.09109
-1.25688
1.28741
1.12875
-1.15941
-1.04903
1.07969
0.896389
-0.569196
-0.867634
1.43401
0.000366609
-0.00113918
-0.233818
0.234591
-0.000183135
-0.418584
0.419134
0.00158235
-0.00338088
-0.663843
0.665641
0.00555611
-0.0079657
-0.829429
0.831838
0.0104686
-0.013984
-0.974045
0.977561
0.0172768
-0.0213276
-1.13006
1.13411
0.0253343
-0.0306244
-1.30332
1.30861
0.0365733
-0.0435162
-1.49394
1.50088
0.050965
-0.0611573
-1.69917
1.70936
0.0721236
-0.0863954
-1.91279
1.92706
0.102729
-0.120807
-1.77298
1.79106
0.141343
-0.1614
-1.36353
1.38359
0.188064
-0.236596
-1.09665
1.14518
0.370123
-0.575503
-1.45385
1.65923
0.779023
-0.858665
-2.10049
2.18013
0.906762
-0.938108
-1.86722
1.89856
0.968457
-0.999165
-1.56382
1.59452
1.02965
-1.05112
-1.31961
1.34108
1.06501
-1.06436
-1.09415
1.0935
0.809116
-0.439417
-0.885295
1.30974
0.00024823
-0.00071755
-0.2358
0.236269
4.80152e-05
-0.420258
0.420458
0.00141213
-0.00324547
-0.66733
0.669163
0.00527113
-0.00779119
-0.83453
0.83705
0.0104487
-0.0140765
-0.980799
0.984426
0.0175562
-0.0217276
-1.13825
1.14242
0.0256712
-0.0311227
-1.31395
1.3194
0.036821
-0.0441336
-1.5083
1.51561
0.0516894
-0.0620203
-1.71922
1.72956
0.0727446
-0.0873306
-1.94205
1.95663
0.103594
-0.121882
-1.81016
1.82845
0.142713
-0.163711
-1.40502
1.42602
0.197933
-0.271932
-1.20971
1.28371
0.439167
-0.640797
-1.8729
2.07453
0.760177
-0.809536
-2.24276
2.29212
0.842997
-0.865775
-1.92579
1.94857
0.896288
-0.919531
-1.62578
1.64902
0.936992
-0.941469
-1.35977
1.36425
0.916504
-0.862966
-1.07976
1.02622
0.733444
-0.439636
0.471942
-0.76575
0.00047317
-0.000644786
-0.237596
0.237768
0.000177553
-0.421547
0.421843
0.001305
-0.00284415
-0.671172
0.672711
0.00525295
-0.00786366
-0.839824
0.842435
0.0105981
-0.0142255
-0.987337
0.990965
0.0178672
-0.0221503
-1.14645
1.15074
0.0268271
-0.0325368
-1.32503
1.33073
0.0386386
-0.0462497
-1.52289
1.5305
0.0547196
-0.0653992
-1.73941
1.75009
0.077187
-0.0932506
-1.97114
1.98721
0.111039
-0.131237
-1.84739
1.86759
0.154365
-0.179703
-1.44918
1.47452
0.22983
-0.338561
-1.37413
1.48286
0.54324
-0.714606
-2.26024
2.43161
0.790325
-0.827683
-2.33339
2.37075
0.855416
-0.881782
-1.97165
1.99802
0.904085
-0.912207
-1.66523
1.67335
0.901556
-0.861032
-1.3423
1.30178
0.748801
-0.538912
-0.913191
0.703302
0.213212
-0.0299526
-0.194358
0.0110985
0.000484466
-0.000528173
-0.238683
0.238727
0.00048045
-0.423363
0.423367
0.000481785
-0.00221762
-0.674781
0.676517
0.00438083
-0.00711046
-0.845506
0.848235
0.0101787
-0.0139682
-0.994477
0.998267
0.017653
-0.022501
-1.15548
1.16033
0.0275175
-0.0334413
-1.33661
1.34253
0.0397748
-0.0481973
-1.53831
1.54673
0.0571551
-0.0686531
-1.76115
1.77265
0.0814756
-0.0985274
-2.00332
2.02037
0.118003
-0.140195
-1.88824
1.91044
0.166159
-0.198103
-1.50318
1.53512
0.271663
-0.413727
-1.60654
1.74861
0.636048
-0.750507
-2.57053
2.68499
0.803946
-0.835184
-2.40296
2.4342
0.862642
-0.881958
-2.02094
2.04026
0.891515
-0.877458
-1.67194
1.65788
0.812752
-0.668034
-1.21959
1.07488
0.368745
-0.10293
-0.406499
0.140684
0.00240766
0.00944753
0.0446792
-0.0565343
0.000982305
-0.000744786
-0.239564
0.239327
0.000998647
-0.424555
0.424539
-0.000393915
-0.00119601
-0.678629
0.680219
0.00356636
-0.00642524
-0.850916
0.853775
0.00958711
-0.0134285
-1.00178
1.00562
0.0172933
-0.022369
-1.16464
1.16972
0.0273234
-0.0339514
-1.34852
1.35514
0.0403937
-0.0494883
-1.55462
1.56371
0.0589315
-0.0709605
-1.7846
1.79662
0.0849264
-0.10333
-2.03779
2.0562
0.124015
-0.148094
-1.93285
1.95693
0.177612
-0.219039
-1.57287
1.61429
0.322111
-0.492292
-1.90289
2.07307
0.690579
-0.764306
-2.77485
2.84857
0.806656
-0.832498
-2.4621
2.48794
0.852748
-0.863272
-2.05412
2.06464
0.845319
-0.775884
-1.62165
1.55221
0.59747
-0.293864
-0.85719
0.553584
0.0555357
0.000308994
-0.00793818
-0.0479066
-0.00940649
0.00501526
0.0585074
-0.0541162
0.00158033
-0.000870642
-0.240089
0.23938
0.00208719
-0.425784
0.425278
-0.00148889
0.000217322
-0.682658
0.68393
0.00201915
-0.00490472
-0.857034
0.85992
0.00831586
-0.0121585
-1.00953
1.01337
0.0163578
-0.0214498
-1.17458
1.17967
0.026753
-0.0333552
-1.3614
1.368
0.0405298
-0.0497332
-1.57246
1.58167
0.059806
-0.0726913
-1.80945
1.82233
0.0870484
-0.10657
-2.07489
2.09441
0.128849
-0.154673
-1.98152
2.00735
0.1889
-0.242428
-1.6634
1.71693
0.370483
-0.561248
-2.24969
2.44045
0.708952
-0.762911
-2.91004
2.964
0.795698
-0.815207
-2.51183
2.53134
0.827796
-0.814836
-2.06188
2.04892
0.739056
-0.575565
-1.42992
1.26643
0.245862
-0.0555005
-0.267006
0.0766451
0.00113686
0.00925608
0.0694006
-0.0797935
-0.00775138
0.00309287
0.0481288
-0.0434703
0.00227792
-0.00121925
-0.239826
0.238767
0.00339546
-0.426547
0.425429
-0.00294841
0.0018401
-0.686186
0.687294
5.13167e-05
-0.00316968
-0.862781
0.8659
0.00633588
-0.0103178
-1.01721
1.02119
0.0147805
-0.0195974
-1.18475
1.18957
0.0253249
-0.0317968
-1.37509
1.38157
0.0391288
-0.0487818
-1.59056
1.60021
0.0593029
-0.0724503
-1.83536
1.84851
0.0876688
-0.108044
-2.11414
2.13451
0.131274
-0.158836
-2.03387
2.06143
0.198275
-0.266411
-1.78033
1.84847
0.41551
-0.60163
-2.62682
2.81294
0.702045
-0.742522
-3.01037
3.05085
0.767744
-0.781876
-2.55075
2.56488
0.776187
-0.722783
-2.01538
1.96197
0.560701
-0.269226
-1.04354
0.752061
0.0487885
-0.00242821
0.0159791
-0.0623393
-0.0102481
0.0107607
0.0837311
-0.0842437
-0.00665687
0.00227695
0.0394881
-0.0351082
0.00318263
-0.00155451
-0.238897
0.237269
0.00512446
-0.426458
0.424516
-0.00528907
0.00458719
-0.68952
0.690222
-0.0026944
-0.000224183
-0.868747
0.871665
0.00348233
-0.00743063
-1.02521
1.02915
0.0116338
-0.0168774
-1.19492
1.20017
0.0223318
-0.029438
-1.38831
1.39542
0.0368527
-0.0463079
-1.60944
1.61889
0.0566866
-0.0704521
-1.86211
1.87588
0.0856972
-0.106608
-2.15468
2.17559
0.130512
-0.159646
-2.08903
2.11816
0.204032
-0.286689
-1.9275
2.01015
0.447125
-0.605656
-2.98192
3.14046
0.672946
-0.700785
-3.08439
3.11223
0.719817
-0.725157
-2.57438
2.57973
0.693371
-0.583045
-1.87835
1.76803
0.322256
-0.0754116
-0.447164
0.200319
0.00658018
0.0130838
0.0879466
-0.107611
-0.0181207
0.017673
0.0854784
-0.0850306
-0.0105717
0.00344913
0.030402
-0.0232794
0.0045138
-0.00203716
-0.236894
0.234417
0.00717901
-0.425295
0.422629
-0.00811453
0.00762974
-0.692097
0.692582
-0.00641923
0.00376053
-0.874665
0.877323
-0.000513015
-0.00344815
-1.03323
1.03719
0.00749696
-0.0127364
-1.20497
1.2102
0.0180038
-0.0247977
-1.4019
1.40869
0.032353
-0.0415692
-1.62824
1.63746
0.0518922
-0.0653067
-1.88962
1.90304
0.0806821
-0.101164
-2.19631
2.21679
0.125681
-0.155684
-2.1477
2.1777
0.20469
-0.293157
-2.10089
2.18936
0.458876
-0.575698
-3.27688
3.3937
0.621244
-0.637402
-3.13323
3.14939
0.645004
-0.630873
-2.57536
2.56123
0.573171
-0.434619
-1.63424
1.49568
0.166619
-0.0846679
-0.0559305
-0.0260211
0.0331028
-0.000995281
0.135686
-0.167794
-0.0214379
0.0280535
0.0888743
-0.0954899
-0.0201382
0.00709987
0.0153171
-0.00227877
0.00590422
-0.00261523
-0.233464
0.230175
0.0099261
-0.42251
0.418488
-0.0118934
0.0120791
-0.693968
0.693782
-0.0110703
0.00889883
-0.880358
0.882529
-0.00602933
0.00208455
-1.04066
1.0446
0.00196491
-0.00653176
-1.21519
1.21976
0.0118722
-0.0182887
-1.41537
1.42179
0.0251961
-0.0337141
-1.64701
1.65552
0.0437272
-0.0568221
-1.91629
1.92938
0.071558
-0.0913884
-2.23697
2.2568
0.114691
-0.144938
-2.20876
2.239
0.196483
-0.285008
-2.28409
2.37262
0.436456
-0.5142
-3.48858
3.56632
0.545023
-0.556353
-3.16199
3.17331
0.544799
-0.488384
-2.53004
2.47362
0.380659
-0.230299
-1.33962
1.18926
-0.00583482
0.122942
0.106994
-0.224101
-0.181914
0.201825
0.190452
-0.210364
-0.186722
0.148724
0.0888719
-0.0508741
-0.0970531
0.0442866
-0.0233507
0.0761171
0.00775794
-0.00328915
-0.228412
0.223943
0.0134339
-0.417794
0.412118
-0.0168192
0.0177848
-0.694437
0.693471
-0.0173004
0.0156421
-0.885073
0.886732
-0.0129386
0.00978113
-1.04768
1.05084
-0.00619706
0.00159
-1.22422
1.22882
0.00268358
-0.00863457
-1.42785
1.4338
0.0149919
-0.0229069
-1.66421
1.67212
0.0317989
-0.0437677
-1.942
1.95397
0.0569486
-0.0749747
-2.2758
2.29382
0.0963627
-0.124978
-2.26922
2.29783
0.175291
-0.255027
-2.46477
2.54451
0.374154
-0.425986
-3.63008
3.68191
0.449217
-0.454055
-3.18101
3.18585
0.425315
-0.333194
-2.40319
2.31107
0.151736
0.103943
-0.991729
0.736049
-0.294493
0.349738
0.323556
-0.378801
-0.376853
0.352396
0.211709
-0.187252
-0.261388
0.156043
0.000411909
0.104933
-0.0665442
0.0132793
-0.154127
0.207392
0.00988201
-0.00401445
-0.221297
0.215429
0.017832
-0.410526
0.402576
-0.0227301
0.0253434
-0.692872
0.690259
-0.0256996
0.0246812
-0.888629
0.889647
-0.0224874
0.0195977
-1.05361
1.0565
-0.0166209
0.0130841
-1.23258
1.23612
-0.00939818
0.00441245
-1.43897
1.44396
0.000724245
-0.00750215
-1.67994
1.68671
0.0149189
-0.0244671
-1.96497
1.97451
0.035636
-0.0510621
-2.31068
2.3261
0.0689174
-0.0928422
-2.32502
2.34894
0.135187
-0.195824
-2.62505
2.68569
0.273503
-0.313763
-3.72663
3.76689
0.34528
-0.373739
-3.19687
3.22532
0.388002
-0.36903
-2.20993
2.19096
0.220973
-0.0864872
-0.405736
0.27125
0.23758
-0.285432
0.338494
-0.290642
0.2642
-0.177136
0.154781
-0.241845
0.0920054
-0.0624624
-0.168936
0.139393
0.0354515
-0.013981
-0.187761
0.16629
0.0124882
-0.00487532
-0.211744
0.204131
0.0227999
-0.399613
0.389301
-0.0300721
0.03452
-0.688924
0.684476
-0.0356905
0.0356869
-0.890825
0.890829
-0.0345489
0.0323709
-1.05854
1.06072
-0.030144
0.0276148
-1.23933
1.24186
-0.0249845
0.0213405
-1.44794
1.45158
-0.0180118
0.0130317
-1.69234
1.69732
-0.0076555
0.000861152
-1.98334
1.99014
0.00641387
-0.0172949
-2.3397
2.35058
0.0297478
-0.0459785
-2.36996
2.38619
0.069109
-0.0955186
-2.74127
2.76768
0.125084
-0.161764
-3.80937
3.84605
0.231935
-0.314931
-3.29421
3.37721
0.426519
-0.519045
-2.21573
2.30826
0.643073
-0.887745
-0.418192
0.662864
1.09162
-1.16942
0.253752
-0.17595
1.14908
-1.05132
0.384402
-0.482163
0.800208
-0.477394
0.0750473
-0.397861
0.158916
-0.00672092
-0.134784
-0.0174113
0.0153663
-0.00577518
-0.199424
0.189833
0.0290225
-0.384577
0.37092
-0.038921
0.045713
-0.681144
0.674352
-0.0489847
0.0493703
-0.890377
0.889991
-0.0493892
0.0484164
-1.06177
1.06274
-0.0474404
0.0461026
-1.2433
1.24463
-0.0447549
0.0433798
-1.45411
1.45549
-0.0418591
0.0392526
-1.7009
1.70351
-0.0367645
0.034104
-1.99565
1.99831
-0.0313555
0.0273925
-2.35891
2.36287
-0.0229129
0.0205542
-2.39598
2.39834
-0.0296982
0.0592142
-2.77372
2.7442
-0.10755
0.111078
-3.87953
3.876
-0.0884422
0.0523641
-3.45112
3.4872
0.018075
-0.10072
-2.41294
2.49558
0.237549
-0.385718
-0.843785
0.991954
0.517635
-0.632609
0.0375456
0.077428
0.718529
-0.75789
0.519128
-0.479768
0.758133
-0.668962
0.619382
-0.708553
0.487396
-0.221286
0.300257
-0.566367
0.0185395
-0.00660008
-0.183918
0.171979
0.0355431
-0.364428
0.347424
-0.0487361
0.0586373
-0.668547
0.658646
-0.064281
0.0663923
-0.887505
0.885393
-0.0672976
0.0677714
-1.06258
1.0621
-0.068218
0.0689598
-1.24499
1.24425
-0.0694595
0.070085
-1.45615
1.45553
-0.0709958
0.0720929
-1.70423
1.70313
-0.0732582
0.0749564
-1.99999
1.99829
-0.0776636
0.0829102
-2.36369
2.35845
-0.0910996
0.105571
-2.39473
2.38025
-0.149875
0.260307
-2.68446
2.57403
-0.442989
0.567759
-3.83053
3.70576
-0.671562
0.753417
-3.44829
3.36643
-0.836808
0.813206
-2.57901
2.60261
-0.587104
0.42463
-1.09248
1.25495
-0.304366
0.190659
-0.154177
0.267884
-0.0728104
-0.00511802
0.419172
-0.341243
0.0663797
-0.127706
0.719807
-0.658481
0.15106
-0.104488
0.674694
-0.721265
0.0214133
-0.00728284
-0.165124
0.150994
0.0412039
-0.33787
0.318079
-0.0584594
0.0732462
-0.650519
0.635732
-0.0819312
0.0863389
-0.880398
0.875991
-0.0887883
0.0911042
-1.05976
1.05744
-0.0930841
0.0958882
-1.24269
1.23989
-0.0991106
0.102296
-1.45315
1.44997
-0.106294
0.111066
-1.70089
1.69612
-0.116259
0.123365
-1.99463
1.98753
-0.132591
0.146932
-2.351
2.33666
-0.166274
0.203724
-2.35501
2.31756
-0.285226
0.441348
-2.44342
2.2873
-0.769046
0.993943
-3.53932
3.31442
-1.18556
1.34653
-3.2491
3.08813
-1.50149
1.6102
-2.51149
2.40278
-1.64311
1.54123
-1.40442
1.50629
-1.36145
1.17368
-0.411905
0.599682
-0.976741
0.772607
0.207993
-0.00385852
-0.572393
0.403332
0.554332
-0.38527
-0.228704
0.0799447
0.669019
-0.52026
0.022693
-0.00733171
-0.14314
0.127778
0.0453357
-0.305291
0.282649
-0.0670279
0.0870371
-0.624635
0.604626
-0.0995751
0.10805
-0.868293
0.859818
-0.112834
0.117989
-1.05313
1.04797
-0.121844
0.127605
-1.23583
1.23007
-0.133303
0.140286
-1.44487
1.43789
-0.147443
0.156361
-1.68979
1.68088
-0.165389
0.17757
-1.9789
1.96672
-0.191179
0.211864
-2.32064
2.29995
-0.238924
0.278203
-2.28195
2.24267
-0.357237
0.498673
-2.15065
2.00921
-0.81594
1.15369
-3.05747
2.71971
-1.37208
1.50268
-2.94159
2.81099
-1.62695
1.71375
-2.31838
2.23157
-1.74882
1.71302
-1.54375
1.57954
-1.59994
1.43502
-0.756461
0.921383
-1.2101
0.990133
-0.167124
0.387093
-0.759034
0.553106
0.18724
0.0186892
-0.3361
0.151271
0.351426
-0.166596
0.0226337
-0.00710375
-0.118751
0.103221
0.0479088
-0.267457
0.242182
-0.0733422
0.09871
-0.58903
0.563662
-0.116752
0.129941
-0.849295
0.836105
-0.138649
0.147257
-1.04064
1.03204
-0.154582
0.163567
-1.2232
1.21422
-0.172683
0.183722
-1.42935
1.41831
-0.194781
0.208043
-1.67041
1.65715
-0.220996
0.236335
-1.95412
1.93878
-0.253313
0.270995
-2.28314
2.26546
-0.293885
0.322575
-2.20797
2.17928
-0.368997
0.451035
-1.8978
1.81576
-0.618226
0.937313
-2.39638
2.0773
-1.1876
1.31942
-2.70154
2.56972
-1.39553
1.42801
-2.17948
2.147
-1.42622
1.37976
-1.62072
1.66718
-1.29404
1.17933
-1.04654
1.16125
-1.02089
0.85536
-0.557175
0.722703
-0.662297
0.483566
-0.208282
0.387013
-0.28643
0.114598
0.00598671
0.165845
0.0219807
-0.00673832
-0.0936474
0.0784051
0.0478902
-0.225258
0.199349
-0.0757937
0.106281
-0.544029
0.513541
-0.129629
0.149503
-0.820932
0.801057
-0.163831
0.17773
-1.02093
1.00703
-0.190215
0.203709
-1.20358
1.19008
-0.217471
0.233666
-1.40521
1.38901
-0.250105
0.267525
-1.64223
1.62481
-0.285978
0.304445
-1.92411
1.90564
-0.321317
0.337631
-2.25219
2.23588
-0.343088
0.343736
-2.16707
2.16642
-0.345233
0.363153
-1.77715
1.75923
-0.424908
0.582779
-1.83833
1.68046
-0.846023
0.964428
-2.45919
2.34078
-1.00571
1.00967
-2.13775
2.13379
-0.992948
0.952117
-1.71541
1.75625
-0.872598
0.781235
-1.25247
1.34383
-0.662982
0.54248
-0.840207
0.960709
-0.404083
0.278881
-0.514491
0.639692
-0.147832
0.0514556
-0.283601
0.379977
0.0203077
-0.00606113
-0.068473
0.0542264
0.0444003
-0.182284
0.158191
-0.0730959
0.10749
-0.489779
0.455384
-0.137115
0.164978
-0.781038
0.753174
-0.187027
0.207981
-0.9914
0.970446
-0.226631
0.247523
-1.1738
1.15291
-0.267514
0.291408
-1.37071
1.34681
-0.314508
0.342323
-1.60443
1.57661
-0.364681
0.393457
-1.88507
1.85629
-0.414001
0.428846
-2.22372
2.20887
-0.429502
0.40743
-2.17954
2.20161
-0.368936
0.326704
-1.7792
1.82143
-0.292571
0.309912
-1.61462
1.59728
-0.4637
0.622673
-2.21603
2.05706
-0.693502
0.703621
-2.14664
2.13652
-0.683814
0.648333
-1.79736
1.83284
-0.593896
0.524269
-1.41395
1.48357
-0.435045
0.345644
-1.03459
1.12399
-0.243774
0.151245
-0.719312
0.811842
-0.0629103
0.0136992
-0.441556
0.490767
0.0176986
-0.00498741
-0.0456502
0.032939
0.0399559
-0.143446
0.121189
-0.0668489
0.101879
-0.429455
0.394424
-0.136213
0.172987
-0.725832
0.689058
-0.203742
0.235212
-0.947045
0.915575
-0.262866
0.293698
-1.12895
1.09812
-0.322953
0.358503
-1.31873
1.28318
-0.391755
0.435535
-1.54194
1.49816
-0.47156
0.519741
-1.82159
1.7734
-0.554985
0.585574
-2.19503
2.16444
-0.592996
0.566688
-2.23711
2.26342
-0.507584
0.439507
-1.88574
1.95382
-0.352168
0.301006
-1.62439
1.67555
-0.300732
0.410287
-1.91872
1.80917
-0.505691
0.535746
-2.13001
2.09996
-0.525598
0.496236
-1.86785
1.89721
-0.452605
0.402646
-1.53776
1.58772
-0.332912
0.261552
-1.17783
1.24919
-0.177101
0.102233
-0.860992
0.93586
-0.0372957
0.00973294
-0.507825
0.535388
0.00256045
-0.00757013
-0.0100293
0.0245376
-0.108292
0.0937841
-0.042826
0.0690734
-0.36963
0.343383
-0.0985361
0.135024
-0.656213
0.619725
-0.169583
0.207287
-0.882152
0.844448
-0.241482
0.279
-1.06298
1.02546
-0.313985
0.353808
-1.2427
1.20288
-0.392949
0.435758
-1.44973
1.40692
-0.482221
0.529484
-1.71571
1.66845
-0.572807
0.626885
-2.11115
2.05707
-0.653385
0.676428
-2.25347
2.23043
-0.643903
0.580435
-2.02085
2.08432
-0.469489
0.342173
-1.78522
1.91254
-0.257224
0.242832
-1.78402
1.79841
-0.265316
0.265463
-2.09119
2.09105
-0.24743
0.22203
-1.93201
1.95741
-0.188413
0.157153
-1.63576
1.66702
-0.123681
0.0938065
-1.30101
1.33089
-0.0623916
0.0364957
-0.96747
0.993366
-0.0147343
0.00426449
-0.533605
0.544075
-0.000706167
0.00810332
-0.00739716
0.000687101
0.00127035
-0.0869611
0.0850037
-0.00562212
0.0147537
-0.32726
0.318129
-0.0293329
0.0536592
-0.589383
0.565057
-0.0827821
0.120588
-0.80568
0.767874
-0.159163
0.204821
-0.982875
0.937216
-0.249507
0.301898
-1.15617
1.10378
-0.354652
0.41693
-1.35479
1.29251
-0.485679
0.564055
-1.60917
1.53079
-0.659979
0.769803
-1.97429
1.86447
-0.859371
0.910959
-2.19178
2.14019
-0.872322
0.770517
-2.16189
2.26369
-0.633522
0.482641
-2.05849
2.20938
-0.315968
0.220249
-1.85477
1.95049
-0.192742
0.173025
-2.09809
2.1178
-0.144325
0.114384
-1.9852
2.01514
-0.0820237
0.0536454
-1.69666
1.72504
-0.0246118
0.000492042
-1.35869
1.38281
0.0205027
-0.029319
-1.01237
1.02119
0.0243059
-0.0118604
-0.539904
0.527459
-0.00117366
0.00619514
-0.00502148
0.00306299
-0.00525804
-0.0858315
0.0880265
0.00634644
-0.00454303
-0.313437
0.311633
-0.0023513
0.0180229
-0.545633
0.529962
-0.0404197
0.0730827
-0.732277
0.699614
-0.109081
0.154261
-0.890682
0.845502
-0.200695
0.257793
-1.04787
0.990776
-0.317907
0.395458
-1.22085
1.1433
-0.48072
0.596037
-1.43117
1.31586
-0.724294
0.8644
-1.73458
1.59448
-0.98437
1.02755
-2.08747
2.04429
-0.983501
0.872595
-2.37961
2.49051
-0.713515
0.558073
-2.36295
2.5184
-0.383178
0.249332
-2.07056
2.2044
-0.150563
0.0934482
-2.15493
2.21204
-0.0444406
0.00558802
-2.0484
2.08725
0.0302265
-0.055735
-1.75267
1.77818
0.0747524
-0.0860314
-1.40048
1.41175
0.0887167
-0.0778826
-1.0201
1.00926
0.0511118
-0.0194788
-0.505794
0.474161
-0.000456169
0.0041416
-0.00368543
0.00253402
-0.00622695
-0.0910033
0.0946963
0.00941868
-0.0108058
-0.311744
0.313131
0.00812136
0.00214872
-0.517214
0.506944
-0.0184634
0.043441
-0.670444
0.645466
-0.0719124
0.108641
-0.803581
0.766853
-0.147654
0.197839
-0.935643
0.885458
-0.252539
0.325167
-1.06507
0.99244
-0.407218
0.520182
-1.19484
1.08188
-0.63495
0.76511
-1.45366
1.3235
-0.877764
0.928413
-2.00258
1.95193
-0.902575
0.804769
-2.58963
2.68743
-0.64689
0.492478
-2.67603
2.83044
-0.322647
0.178862
-2.35
2.49379
-0.0530385
-0.0258323
-2.28352
2.3624
0.0925355
-0.13491
-2.1314
2.17377
0.163488
-0.179236
-1.79963
1.81538
0.186024
-0.181086
-1.41623
1.41129
0.15777
-0.11874
-0.985958
0.946928
0.0628395
-0.0189439
-0.434929
0.391033
-0.000455938
0.00343974
-0.0029838
0.00370622
-0.00987604
-0.0994834
0.105653
0.0160224
-0.0212956
-0.316349
0.321622
0.0219995
-0.0168819
-0.499082
0.493964
0.00733594
0.0072817
-0.625242
0.610624
-0.0238661
0.0452415
-0.737005
0.715629
-0.0683579
0.0981706
-0.844
0.814187
-0.130941
0.174784
-0.931742
0.887899
-0.223736
0.286445
-0.988918
0.926209
-0.346414
0.411557
-1.21902
1.15387
-0.449693
0.442969
-1.92256
1.92928
-0.393307
0.315302
-2.77541
2.85342
-0.207901
0.10673
-2.96632
3.06749
-0.0103047
-0.0731891
-2.61309
2.69659
0.172678
-0.252357
-2.44492
2.5246
0.299733
-0.318947
-2.20619
2.2254
0.331956
-0.329932
-1.82413
1.8221
0.308533
-0.267878
-1.3915
1.35084
0.203813
-0.133676
-0.891119
0.820982
0.0610077
-0.0174615
-0.345907
0.302361
-0.00151578
0.00205333
-0.00053755
0.00697642
-0.0162692
-0.113383
0.122676
0.0255643
-0.0346169
-0.328717
0.33777
0.0397757
-0.0421352
-0.49231
0.49467
0.0425091
-0.0414615
-0.602588
0.60154
0.0399482
-0.0381599
-0.703443
0.701655
0.0365683
-0.0352852
-0.797963
0.79668
0.0345862
-0.0346584
-0.864571
0.864643
0.0364267
-0.0435006
-0.89955
0.906624
0.055839
-0.0827053
-1.13601
1.16288
0.12724
-0.193683
-1.96458
2.03103
0.268298
-0.31594
-2.92471
2.97235
0.339072
-0.3408
-3.11762
3.11935
0.352755
-0.406994
-2.7568
2.81104
0.487326
-0.519921
-2.58471
2.6173
0.525917
-0.521759
-2.23487
2.23071
0.492618
-0.439981
-1.79987
1.74723
0.360904
-0.278682
-1.28711
1.20489
0.187467
-0.112915
-0.743881
0.66933
0.0515348
-0.0165864
-0.262342
0.227393
-0.00279982
-0.00157713
0.00437695
0.0104151
-0.0225256
-0.133473
0.145583
0.0348139
-0.0478412
-0.348854
0.361881
0.0584682
-0.0694751
-0.501337
0.512344
0.0801315
-0.0924904
-0.607416
0.619775
0.105552
-0.122697
-0.709697
0.726842
0.141924
-0.168211
-0.809843
0.83613
0.198492
-0.241122
-0.886998
0.929629
0.292042
-0.364515
-0.948158
1.02063
0.446329
-0.551421
-1.23091
1.336
0.658168
-0.754396
-2.11662
2.21285
0.800111
-0.79042
-2.98961
2.97992
0.756165
-0.732372
-3.09703
3.07324
0.744918
-0.777585
-2.86242
2.89508
0.780277
-0.750162
-2.62095
2.59083
0.695187
-0.617077
-2.19608
2.11798
0.505061
-0.396608
-1.66203
1.55357
0.285189
-0.197501
-1.11424
1.02655
0.120427
-0.0698365
-0.604908
0.554318
0.0329984
-0.0117341
-0.198869
0.177605
-0.00387738
-0.00778382
0.0116612
0.0128683
-0.0267004
-0.15873
0.172562
0.0409818
-0.0573009
-0.376689
0.393008
0.0728573
-0.0913275
-0.527404
0.545874
0.109917
-0.13283
-0.637889
0.660802
0.15707
-0.188406
-0.751862
0.783197
0.222734
-0.268536
-0.873467
0.919269
0.320268
-0.391641
-0.988916
1.06029
0.474534
-0.588989
-1.11793
1.23238
0.715719
-0.871022
-1.47068
1.62598
1.00967
-1.1135
-2.31612
2.41995
1.16123
-1.14256
-2.95852
2.93985
1.10412
-1.07362
-3.05127
3.02077
1.03751
-0.986866
-2.88872
2.83807
0.890512
-0.77662
-2.51971
2.40581
0.634291
-0.495487
-1.9999
1.86109
0.354744
-0.247243
-1.43796
1.33046
0.156073
-0.0959847
-0.950528
0.89044
0.052018
-0.027751
-0.517815
0.493548
0.012428
-0.00449689
-0.163481
0.15555
-0.00432016
-0.0158437
0.0201638
0.0135604
-0.0276717
-0.186712
0.200823
0.0425934
-0.0606428
-0.410434
0.428483
0.0791281
-0.101981
-0.566949
0.589802
0.125402
-0.154518
-0.687397
0.716513
0.185
-0.22378
-0.819116
0.857896
0.265429
-0.319837
-0.970737
1.02515
0.38001
-0.461104
-1.13886
1.21995
0.552874
-0.676858
-1.35561
1.47959
0.812998
-0.98014
-1.79234
1.95948
1.12537
-1.21504
-2.51631
2.60598
1.24374
-1.23395
-2.92843
2.91864
1.18391
-1.11453
-2.97467
2.90529
1.00373
-0.867181
-2.74128
2.60472
0.704
-0.55277
-2.26269
2.11146
0.39856
-0.279132
-1.72387
1.60444
0.176314
-0.108283
-1.24089
1.17285
0.0572468
-0.0279541
-0.846727
0.817434
0.0099661
-0.00222174
-0.478864
0.471119
-0.0005081
0.000558546
-0.152434
0.152384
-0.00415562
-0.0244677
0.0286233
0.0126805
-0.0257922
-0.214573
0.227685
0.040075
-0.0579674
-0.446672
0.464564
0.0770959
-0.101225
-0.613649
0.637778
0.126206
-0.157176
-0.747048
0.778018
0.189193
-0.229214
-0.897967
0.937988
0.271275
-0.324876
-1.08011
1.13371
0.382567
-0.457946
-1.29966
1.37504
0.540297
-0.647453
-1.59755
1.7047
0.761124
-0.897405
-2.11618
2.25246
1.01581
-1.09301
-2.69794
2.77514
1.10958
-1.06238
-2.89613
2.84893
0.955873
-0.833097
-2.79601
2.67324
0.68922
-0.551485
-2.4585
2.32076
0.407224
-0.290511
-1.97181
1.8551
0.184505
-0.113762
-1.50958
1.43884
0.0603625
-0.0288716
-1.12513
1.09364
0.00796917
0.00227797
-0.799407
0.78916
-0.00697101
0.00746905
-0.467968
0.46747
-0.00570711
0.00264123
-0.154343
0.157409
-0.00358273
-0.032528
0.0361107
0.0107938
-0.0220583
-0.239946
0.251211
0.0347017
-0.0510231
-0.48181
0.498131
0.0689765
-0.091974
-0.661584
0.684582
0.115921
-0.145483
-0.808604
0.838166
0.175663
-0.212708
-0.976904
1.01395
0.250785
-0.298034
-1.18457
1.23182
0.347318
-0.409419
-1.44423
1.50633
0.474417
-0.554713
-1.79865
1.87895
0.634535
-0.722456
-2.36401
2.45193
0.788177
-0.812215
-2.82159
2.84563
0.785638
-0.727641
-2.79448
2.73649
0.637107
-0.530476
-2.55403
2.4474
0.407392
-0.303841
-2.19905
2.0955
0.206845
-0.136904
-1.76358
1.69364
0.0788643
-0.0423121
-1.38796
1.3514
0.0172574
-0.00373774
-1.0734
1.05988
-0.00433568
0.00771948
-0.783558
0.780175
-0.00867784
0.00794965
-0.468
0.468728
-0.00563776
0.00266518
-0.160643
0.163616
-0.00284036
-0.0393301
0.0421704
0.00853432
-0.0176169
-0.261397
0.270479
0.0281326
-0.0420862
-0.51333
0.527283
0.0577739
-0.0781761
-0.706407
0.726809
0.099502
-0.125752
-0.866232
0.892483
0.152254
-0.184232
-1.04861
1.08059
0.216436
-0.255413
-1.275
1.31398
0.294832
-0.342709
-1.56116
1.60904
0.390672
-0.446751
-1.9464
2.00248
0.498605
-0.55007
-2.51966
2.57113
0.581687
-0.582066
-2.85477
2.85515
0.544094
-0.487818
-2.67763
2.62136
0.417269
-0.344105
-2.35762
2.28446
0.26025
-0.191062
-2.00992
1.94073
0.129191
-0.0865751
-1.6398
1.59718
0.0525177
-0.0305159
-1.32405
1.30205
0.0148489
-0.00588394
-1.04969
1.04073
3.08113e-05
0.00290965
-0.77744
0.774499
-0.00443719
0.00466206
-0.469151
0.468926
-0.00366866
0.00185443
-0.166037
0.167852
-0.00211832
-0.044639
0.0467573
0.00639747
-0.0133896
-0.278486
0.285479
0.0217442
-0.0331213
-0.539946
0.551324
0.0461319
-0.0633406
-0.745649
0.762858
0.0813581
-0.103541
-0.916741
0.938924
0.125739
-0.152131
-1.10977
1.13616
0.178248
-0.209216
-1.34885
1.37981
0.239737
-0.275611
-1.65057
1.68644
0.310155
-0.348555
-2.0489
2.0873
0.381665
-0.411087
-2.61001
2.63944
0.425002
-0.4185
-2.85087
2.84436
0.387569
-0.34439
-2.57078
2.5276
0.292508
-0.244442
-2.2253
2.17724
0.191989
-0.147869
-1.88545
1.84133
0.107197
-0.0779135
-1.56232
1.53304
0.0532541
-0.0360008
-1.28302
1.26577
0.0221858
-0.0132537
-1.03194
1.02301
0.00657739
-0.00256238
-0.771024
0.767009
-0.000245982
0.00160968
-0.468076
0.466713
-0.00181653
0.00105889
-0.16909
0.169847
-0.00151783
-0.048557
0.0500749
0.00463922
-0.00987195
-0.291542
0.296775
0.0163133
-0.0252943
-0.561464
0.570445
0.0356738
-0.0496198
-0.778419
0.792365
0.0642885
-0.0823629
-0.959026
0.9771
0.100355
-0.121523
-1.15986
1.18103
0.142187
-0.166316
-1.40719
1.43132
0.189647
-0.21637
-1.71739
1.74411
0.241291
-0.267894
-2.11917
2.14577
0.289549
-0.306935
-2.66189
2.67927
0.312635
-0.305062
-2.83697
2.8294
0.2833
-0.254488
-2.49201
2.4632
0.218887
-0.186446
-2.13787
2.10543
0.15234
-0.123343
-1.80581
1.77681
0.0953048
-0.0736548
-1.50799
1.48634
0.0539851
-0.0392123
-1.24981
1.23504
0.0263583
-0.0174179
-1.01398
1.00504
0.0102619
-0.00564636
-0.762601
0.757986
0.00216788
-0.000232644
-0.464991
0.463056
-0.000640616
0.000525805
-0.170232
0.170346
-0.0010633
-0.0513474
0.0524107
0.00330936
-0.00717744
-0.301276
0.305145
0.0120685
-0.019025
-0.578361
0.585318
0.0270965
-0.0380639
-0.804768
0.815735
0.0496877
-0.0640024
-0.993234
1.00755
0.0782432
-0.0949131
-1.19985
1.21652
0.111052
-0.129712
-1.45255
1.47121
0.147536
-0.167591
-1.76723
1.78729
0.185858
-0.204808
-2.16814
2.18709
0.219628
-0.230712
-2.693
2.70409
0.23304
-0.226117
-2.82203
2.81511
0.210574
-0.19167
-2.43996
2.42105
0.168018
-0.145763
-2.0786
2.05634
0.122277
-0.102118
-1.75279
1.73263
0.081926
-0.0655188
-1.46752
1.45112
0.0497901
-0.0374267
-1.22146
1.2091
0.0261464
-0.0179611
-0.996397
0.988211
0.011147
-0.00659668
-0.753335
0.748785
0.00307751
-0.00104702
-0.461026
0.458996
-4.06472e-05
0.000229622
-0.170279
0.17009
-0.000737281
-0.0532963
0.0540336
0.00234786
-0.00520235
-0.308466
0.31132
0.00890449
-0.0142633
-0.591419
0.596778
0.0204584
-0.0289203
-0.825381
0.833843
0.0379591
-0.0490463
-1.02017
1.03126
0.0601286
-0.073103
-1.23124
1.24421
0.0856218
-0.100013
-1.48759
1.50198
0.113657
-0.128845
-1.80472
1.81991
0.142467
-0.156357
-2.20326
2.21715
0.166991
-0.1747
-2.71324
2.72095
0.175912
-0.170284
-2.80879
2.80316
0.158689
-0.145563
-2.40544
2.39231
0.129499
-0.113972
-2.03781
2.02228
0.0972051
-0.0826086
-1.71555
1.70095
0.0676617
-0.0551566
-1.4368
1.4243
0.0427946
-0.0328065
-1.19795
1.18796
0.0234276
-0.0164243
-0.980594
0.973591
0.0104319
-0.00634222
-0.744436
0.740346
0.00314544
-0.00128211
-0.457029
0.455166
0.000219095
7.88641e-05
-0.169829
0.169531
-0.000509621
-0.0546463
0.0551559
0.0016648
-0.00377636
-0.313774
0.315885
0.00658844
-0.0107273
-0.601484
0.605622
0.0154843
-0.0219591
-0.841244
0.847718
0.0288919
-0.0373892
-1.04097
1.04946
0.0459173
-0.0559355
-1.25562
1.26564
0.0656082
-0.0767003
-1.51462
1.52571
0.0871649
-0.0987361
-1.83315
1.84472
0.109013
-0.11938
-2.22913
2.23949
0.127241
-0.132918
-2.72753
2.73321
0.133835
-0.129643
-2.79826
2.79407
0.120922
-0.111284
-2.38112
2.37148
0.0998298
-0.0887024
-2.00919
1.99806
0.0764581
-0.0656468
-1.68842
1.67761
0.0544177
-0.0448695
-1.41337
1.40382
0.035269
-0.0273799
-1.17907
1.17118
0.019831
-0.0140746
-0.967222
0.961465
0.00904658
-0.00556471
-0.736556
0.733074
0.00283261
-0.00123834
-0.453432
0.451838
0.000302206
7.29425e-06
-0.16922
0.168911
-0.00035012
-0.0555783
0.0559284
0.00117541
-0.00273532
-0.3177
0.31926
0.00487628
-0.00808824
-0.609262
0.612474
0.0117762
-0.0167468
-0.853381
0.858352
0.022044
-0.028541
-1.05689
1.06339
0.0350637
-0.0427559
-1.27442
1.28211
0.0502007
-0.0587329
-1.53544
1.54397
0.0667576
-0.0755943
-1.85483
1.86367
0.083396
-0.0912149
-2.24849
2.25631
0.0971113
-0.101384
-2.73813
2.7424
0.102192
-0.0992359
-2.79053
2.78758
0.0927944
-0.0855641
-2.36314
2.35591
0.0770623
-0.0688532
-1.98854
1.98033
0.0597435
-0.0516193
-1.66825
1.66013
0.043106
-0.0357991
-1.39548
1.38817
0.0283799
-0.0222168
-1.1642
1.15804
0.0162424
-0.0116154
-0.956297
0.95167
0.00751266
-0.00464533
-0.729907
0.72704
0.00239488
-0.00108396
-0.450388
0.449077
0.000302764
-2.27847e-05
-0.168613
0.168333
-0.000238729
-0.0562174
0.0564561
0.000824679
-0.00197181
-0.320597
0.321744
0.00360062
-0.00610494
-0.615305
0.61781
0.00899572
-0.012855
-0.862719
0.866578
0.016928
-0.0219071
-1.06906
1.07404
0.0268924
-0.0327829
-1.28884
1.29473
0.0384944
-0.0450387
-1.55144
1.55798
0.0511789
-0.0579202
-1.87138
1.87813
0.0638506
-0.0697688
-2.26311
2.26902
0.0742191
-0.0774536
-2.74612
2.74935
0.0781521
-0.0761105
-2.78512
2.78308
0.0714366
-0.0660202
-2.34965
2.34424
0.0595873
-0.0534022
-1.97322
1.96704
0.0465229
-0.0403527
-1.65306
1.64689
0.0338523
-0.0282415
-1.38178
1.37617
0.0225109
-0.0177174
-1.15261
1.14781
0.0130301
-0.00936064
-0.947549
0.943879
0.00607323
-0.0037631
-0.724465
0.722155
0.00195196
-0.00089978
-0.447902
0.44685
0.000268566
-3.24281e-05
-0.168075
0.167839
-0.000161476
-0.0566525
0.056814
0.000574474
-0.00141211
-0.322724
0.323561
0.00264502
-0.00459712
-0.620017
0.621969
0.00687918
-0.00991153
-0.86999
0.873022
0.0130756
-0.0169157
-1.07841
1.08225
0.0207361
-0.0252461
-1.29988
1.30439
0.0296194
-0.0346275
-1.5637
1.56871
0.0393171
-0.0444535
-1.884
1.88914
0.0489615
-0.0534475
-2.27417
2.27866
0.056812
-0.059257
-2.75216
2.7546
0.0598289
-0.058408
-2.78138
2.77996
0.0550358
-0.0510019
-2.33956
2.33553
0.0461116
-0.0414011
-1.96165
1.95694
0.0361546
-0.0314333
-1.6415
1.63678
0.0264435
-0.0221221
-1.37125
1.36693
0.0176934
-0.0139735
-1.14359
1.13987
0.010316
-0.00743168
-0.940628
0.937743
0.00482848
-0.00299223
-0.720097
0.718261
0.00155485
-0.000723053
-0.445916
0.445084
0.000223523
-3.23504e-05
-0.167626
0.167435
-0.000108323
-0.0569462
0.0570545
0.000397438
-0.0010043
-0.324273
0.32488
0.0019297
-0.0034423
-0.623685
0.625198
0.00524486
-0.00764537
-0.875712
0.878112
0.0101255
-0.0131074
-1.08562
1.0886
0.0160444
-0.0195024
-1.30832
1.31178
0.0228503
-0.0266793
-1.57308
1.57691
0.0302585
-0.0341709
-1.89361
1.89753
0.0375995
-0.0410054
-2.28256
2.28596
0.0435559
-0.0454088
-2.75673
2.75858
0.0458628
-0.0448539
-2.77877
2.77776
0.0424044
-0.0394019
-2.33206
2.32906
0.0356837
-0.032082
-1.95283
1.94923
0.0280613
-0.024435
-1.63265
1.62903
0.0205945
-0.0172617
-1.36314
1.35981
0.0138387
-0.0109556
-1.13661
1.13372
0.00810956
-0.00585154
-0.935197
0.932939
0.0038011
-0.00235118
-0.716633
0.715183
0.00121981
-0.000569112
-0.44435
0.4437
0.000179484
-2.85492e-05
-0.167265
0.167114
-7.24033e-05
-0.0571432
0.0572156
0.0002742
-0.000711308
-0.325393
0.32583
0.0013994
-0.0025597
-0.62652
0.62768
0.00397572
-0.00587895
-0.880241
0.882144
0.00783281
-0.0101579
-1.09122
1.09355
0.012427
-0.0150851
-1.3148
1.31746
0.0176522
-0.0205834
-1.58024
1.58318
0.0233194
-0.0263056
-1.90093
1.90392
0.0289204
-0.0315144
-2.28892
2.29152
0.0334562
-0.0348662
-2.76019
2.7616
0.0352219
-0.0344899
-2.77691
2.77617
0.0326873
-0.030443
-2.32647
2.32423
0.0276167
-0.024861
-1.94609
1.94333
0.0217756
-0.0189869
-1.62586
1.62307
0.016028
-0.0134557
-1.35689
1.35432
0.0108084
-0.00857235
-1.1312
1.12896
0.00635576
-0.00458703
-0.930949
0.92918
0.0029732
-0.00183227
-0.713901
0.71276
0.000947374
-0.000442427
-0.443129
0.442624
0.00014142
-2.38981e-05
-0.166982
0.166864
-4.87233e-05
-0.0572752
0.0573239
0.000190312
-0.000505097
-0.326199
0.326514
0.00101338
-0.00189405
-0.628687
0.629567
0.00299673
-0.00450159
-0.883826
0.885331
0.00604497
-0.00786678
-1.09559
1.09741
0.00963076
-0.011685
-1.31977
1.32183
0.0136635
-0.0159188
-1.58573
1.58798
0.0180214
-0.0203134
-1.90651
1.9088
0.0223194
-0.0243077
-2.29377
2.29576
0.0257968
-0.0268772
-2.76283
2.76391
0.0271545
-0.0266111
-2.77555
2.77501
0.0252617
-0.0235696
-2.32229
2.3206
0.0214149
-0.0193026
-1.94094
1.93883
0.0169303
-0.0147809
-1.62064
1.61849
0.0124954
-0.010504
-1.35207
1.35008
0.00844952
-0.0067084
-1.127
1.12526
0.00497522
-0.00358595
-0.927624
0.926235
0.00231578
-0.00142111
-0.711756
0.710861
0.000732813
-0.000342904
-0.442183
0.441793
0.000111116
-1.97813e-05
-0.166761
0.16667
-3.35564e-05
-0.0573649
0.0573984
0.000134612
-0.000363141
-0.32678
0.327009
0.000738256
-0.00140139
-0.630325
0.630988
0.0022519
-0.00343484
-0.886649
0.887832
0.00465454
-0.0060894
-1.099
1.10044
0.00747123
-0.00907198
-1.32362
1.32522
0.0106094
-0.0123585
-1.58994
1.59169
0.0139868
-0.0157598
-1.91079
1.91256
0.0173105
-0.0188461
-2.29748
2.29902
0.019997
-0.0208301
-2.76484
2.76568
0.0210441
-0.0206317
-2.77454
2.77413
0.0196047
-0.0183138
-2.31914
2.31785
0.0166603
-0.015033
-1.937
1.93537
0.0132005
-0.0115363
-1.61663
1.61496
0.00976243
-0.00821309
-1.34835
1.3468
0.0066107
-0.00524891
-1.12374
1.12238
0.00388944
-0.00279768
-0.925019
0.923927
0.00180065
-0.00110222
-0.710079
0.709381
0.000568773
-0.000267763
-0.441453
0.441152
8.84908e-05
-1.66941e-05
-0.166589
0.166518
-2.41001e-05
-0.0574283
0.0574524
9.85182e-05
-0.000267796
-0.327205
0.327374
0.00054761
-0.0010478
-0.631554
0.632054
0.00170118
-0.00262698
-0.888856
0.889782
0.00359115
-0.00472774
-1.10169
1.10282
0.00581986
-0.00707979
-1.32661
1.32787
0.00828634
-0.00965602
-1.5932
1.59457
0.0109291
-0.012313
-1.91409
1.91548
0.0135222
-0.0147179
-2.30034
2.30154
0.015614
-0.0162603
-2.76639
2.76704
0.0164245
-0.0161051
-2.77377
2.77345
0.0153107
-0.0143128
-2.31675
2.31575
0.0130311
-0.0117669
-1.93397
1.93271
0.0103405
-0.00904264
-1.61353
1.61223
0.00765655
-0.00644367
-1.34546
1.34425
0.00518711
-0.0041177
-1.1212
1.12013
0.00304897
-0.00219093
-0.92298
0.922122
0.0014089
-0.000863155
-0.708776
0.70823
0.000447543
-0.000212875
-0.44089
0.440655
7.22334e-05
-1.45435e-05
-0.166453
0.166395
-0.166446
-0.438751
-0.702405
-0.912266
-1.10785
-1.3303
-1.5973
-1.91827
-2.30466
-2.77051
-2.77529
-2.31589
-1.93178
-1.6105
-1.3423
-1.11526
-0.898839
-0.636236
-0.328123
-8.56752e-05
-1.15851e-05
-0.16634
5.97428e-05
0.166292
0.543762
-0.167902
-0.548863
0.884176
0.215544
-0.216247
-1.15528
0.936002
0.198796
-0.187482
-1.24868
0.927011
0.178503
-0.163798
-1.2583
0.914699
0.157838
-0.145022
-1.25815
0.139599
-0.127275
-1.26483
0.117228
-0.108033
1.27108
-1.28027
0.101636
-0.0968992
1.29174
-1.29648
0.0915218
-0.0825293
1.25975
-1.26874
0.0691719
-0.0249201
0.809977
-0.854229
-0.075755
0.519604
-0.443849
0.0817141
-0.098255
1.12385
-1.10731
0.0991777
-0.0994211
1.2459
-1.24566
0.0947463
-0.0930844
1.25678
-1.25844
0.0868792
-0.0842651
1.2607
-1.26331
0.0793109
-0.0753708
1.2697
-1.27364
0.0708108
-0.06719
1.2839
-1.28752
0.0626297
-0.0568469
1.30024
-1.30603
0.0476648
-0.0375758
1.28067
-1.29075
0.0234681
-0.00855823
0.866763
-0.881673
-0.0377561
0.422742
-0.384986
0.051375
-0.0577128
1.09241
-1.08607
0.0580555
-0.0570955
1.24501
-1.24597
0.0545319
-0.0525321
1.25913
-1.26113
0.0499703
-0.0486141
1.26581
-1.26717
0.046077
-0.0447649
1.27512
-1.27643
0.0427666
-0.0409941
1.28988
-1.29166
0.0387339
-0.0366302
1.30885
-1.31095
0.0347892
-0.0306912
1.29565
-1.29975
0.0222337
-0.00857047
0.8959
-0.909563
-0.019603
0.36719
-0.347587
0.025369
-0.0277511
1.08348
-1.08109
0.0272137
-0.0266736
1.24571
-1.24625
0.0256182
-0.0254961
1.26131
-1.26143
0.0243355
-0.0244914
1.26783
-1.26767
0.0235892
-0.0239803
1.27724
-1.27685
0.0234296
-0.0247045
1.29198
-1.2907
0.0246551
-0.0255217
1.30987
-1.309
0.0272453
-0.0260084
1.29955
-1.30079
0.0199396
-0.0082314
0.923432
-0.935141
-0.00851474
0.33611
-0.327596
0.00752834
-0.00637154
1.08363
-1.08478
0.00540822
-0.00575718
1.24654
-1.24619
0.00651794
-0.00693881
1.26068
-1.26026
0.00776352
-0.00859009
1.26633
-1.26551
0.00920049
-0.0111613
1.27597
-1.27401
0.0129427
-0.0146898
1.28896
-1.28721
0.0170462
-0.0201501
1.30591
-1.3028
0.0221739
-0.0233146
1.29974
-1.2986
0.0190227
-0.00803661
0.946911
-0.957897
-0.00229905
0.321691
-0.319392
-0.00381152
0.0080999
1.09075
-1.09504
-0.00979039
0.00857934
1.24568
-1.24447
-0.00679599
0.00533664
1.25807
-1.25661
-0.00350327
0.00165017
1.263
-1.26115
0.000114976
-0.00322948
1.27175
-1.26864
0.0062255
-0.00917129
1.28281
-1.27987
0.0127061
-0.0169588
1.29849
-1.29424
0.0208506
-0.0227429
1.29622
-1.29433
0.0199385
-0.00926254
0.969475
-0.980151
0.000918595
0.318179
-0.319097
-0.0120742
0.0184337
1.10191
-1.10826
-0.019986
0.0179076
1.24473
-1.24265
-0.0168592
0.0139222
1.25426
-1.25133
-0.0118353
0.00846474
1.25772
-1.25435
-0.00578327
0.00174452
1.26534
-1.2613
0.00160154
-0.00679019
1.27574
-1.27055
0.0106874
-0.0159216
1.28893
-1.28369
0.0208798
-0.0240519
1.29
-1.28683
0.0230512
-0.0120767
0.991167
-1.00214
0.00466985
0.321725
-0.326395
-0.0196523
0.02735
1.11641
-1.12411
-0.0280399
0.0260515
1.24236
-1.24037
-0.0242849
0.0205669
1.24843
-1.24471
-0.0176646
0.0134551
1.25072
-1.24651
-0.00924013
0.0049239
1.25646
-1.25214
-1.82638e-05
-0.00551269
1.26552
-1.25999
0.0104023
-0.0160217
1.27805
-1.27243
0.0220422
-0.0270743
1.28193
-1.2769
0.0267152
-0.0154259
1.01348
-1.02477
0.00982864
0.332956
-0.342785
-0.0286349
0.0368567
1.13309
-1.14131
-0.0374997
0.0346627
1.23923
-1.2364
-0.0306383
0.0266041
1.24108
-1.23704
-0.0227032
0.0175021
1.24264
-1.23744
-0.012287
0.0069732
1.24635
-1.24104
-0.00104441
-0.00489932
1.25339
-1.24745
0.0114385
-0.018725
1.26516
-1.25787
0.0258111
-0.0314416
1.2708
-1.26517
0.0323195
-0.0205547
1.03721
-1.04897
0.0182033
0.356414
-0.374617
-0.0405207
0.0482156
1.15019
-1.15789
-0.0474249
0.0432479
1.23339
-1.22921
-0.0378406
0.0325299
1.23179
-1.22648
-0.027361
0.0209468
1.23188
-1.22546
-0.0145508
0.00748388
1.23418
-1.22711
-0.00169061
-0.00590484
1.23982
-1.23223
0.0134777
-0.021712
1.24956
-1.24133
0.0298204
-0.0367005
1.25717
-1.25029
0.0389348
-0.0268877
1.06132
-1.07336
0.0302992
0.398504
-0.428803
-0.0553353
0.0612466
1.16558
-1.17149
-0.0575306
0.0521335
1.22447
-1.21908
-0.0455835
0.0381094
1.22048
-1.213
-0.030855
0.0236801
1.218
-1.21082
-0.0159983
0.00837511
1.21909
-1.21147
-0.000285787
-0.00766557
1.2236
-1.21565
0.0161073
-0.025131
1.23216
-1.22313
0.0334418
-0.0419942
1.2418
-1.23325
0.045622
-0.0338336
1.08584
-1.09763
0.044935
0.466417
-0.511352
-0.0705194
0.0731823
1.17598
-1.17865
-0.067389
0.0586255
1.21284
-1.20408
-0.0504528
0.0420761
1.20549
-1.19711
-0.0335341
0.0252969
1.2021
-1.19386
-0.0173436
0.00838836
1.20239
-1.19344
-0.000222855
-0.00961717
1.20678
-1.19694
0.0181468
-0.0272251
1.21328
-1.2042
0.0368353
-0.0462924
1.22387
-1.21442
0.0521277
-0.0407946
1.10934
-1.12067
0.0585106
0.563807
-0.622318
-0.0818134
0.080026
1.17983
-1.17804
-0.0718259
0.0614048
1.19568
-1.18525
-0.0520317
0.0428832
1.18778
-1.17863
-0.0344725
0.0254354
1.18452
-1.17548
-0.0174053
0.00845212
1.18464
-1.17569
0.000301252
-0.00951023
1.18771
-1.1785
0.0181404
-0.02813
1.19434
-1.18435
0.0382764
-0.0480701
1.20423
-1.19444
0.0552544
-0.0469075
1.13068
-1.13903
0.0684152
0.686973
-0.755388
-0.0853005
0.0795235
1.17462
-1.16884
-0.0696596
0.0604125
1.17572
-1.16647
-0.0517822
0.0426522
1.16987
-1.16074
-0.0345107
0.025453
1.16684
-1.15778
-0.0171695
0.00793808
1.16692
-1.15769
0.000985261
-0.00949564
1.1689
-1.16039
0.0181731
-0.0271996
1.17432
-1.16529
0.0362685
-0.0458192
1.18305
-1.1735
0.054992
-0.0508068
1.14648
-1.15067
0.0756687
0.82745
-0.903119
-0.0838719
0.0775864
1.1623
-1.15601
-0.069369
0.061021
1.15806
-1.14972
-0.0523069
0.042605
1.15252
-1.14281
-0.0339734
0.0247743
1.14879
-1.13959
-0.0165687
0.00763333
1.14848
-1.13954
0.000285692
-0.00931835
1.1507
-1.14166
0.0183391
-0.027907
1.15583
-1.14626
0.0366724
-0.0465872
1.16469
-1.15477
0.0531773
-0.0532034
1.15271
-1.15268
0.083011
0.982877
-1.06589
-0.0824156
0.0679633
1.1501
-1.13565
-0.0554382
0.0447787
1.13913
-1.12847
-0.0361485
0.0295986
1.13392
-1.12737
-0.0245704
0.0198146
1.13201
-1.12725
-0.0154205
0.0106258
1.1325
-1.12771
-0.00557914
0.0003371
1.13336
-1.12812
0.00575536
-0.0132592
1.13635
-1.12885
0.02221
-0.03399
1.14431
-1.13253
0.0471241
-0.0570448
1.15184
-1.14192
-0.256992
0.223588
-0.375201
0.37708
-0.439795
0.447917
-0.515011
0.522783
-0.608913
0.615845
-0.724528
0.729842
-0.866202
0.869888
-1.03762
1.04014
-1.2441
1.24603
-1.49264
1.4944
-1.49279
1.49473
-1.24466
1.24701
-1.03852
1.0418
-0.867499
0.872354
-0.726965
0.733706
-0.612808
0.620965
-0.520945
0.529494
-0.446555
0.454337
-0.364719
0.353751
-0.127331
0.0881145
0.0317713
-0.194648
0.172579
0.0158932
-0.156463
0.144577
0.00977201
-0.135441
0.128126
0.00669649
-0.122117
0.117103
0.00470932
-0.112894
0.109366
0.0032352
-0.10643
0.104015
0.0019455
-0.102091
0.100644
0.000810845
-0.0996417
0.0990137
0.000187499
-0.0986573
0.0984679
-1.31654e-05
-0.0983682
0.0983255
-9.80758e-05
-0.0983173
0.0983451
-0.000245235
-0.0984166
0.0985587
-0.00044422
-0.09876
0.0990506
-0.000683948
-0.099423
0.0998865
-0.000946229
-0.100461
0.101107
-0.00125287
-0.101899
0.102753
-0.0016244
-0.103781
0.104885
-0.00213381
-0.106187
0.107632
-0.00282601
-0.109307
0.111215
-0.00382535
-0.113386
0.115953
-0.00533009
-0.118787
0.122341
-0.00767756
-0.126104
0.131187
-0.0117267
-0.136325
0.143999
-0.0198421
-0.151338
0.163966
-0.0123489
-0.176998
0.18584
0.00207849
-0.197957
0.198797
0.00556002
-0.205048
0.202766
0.00622292
-0.205741
0.202664
0.0056069
-0.204269
0.20128
0.00489308
-0.202603
0.199893
0.00395034
-0.20116
0.198891
0.00304739
-0.200206
0.198478
0.00241235
-0.199902
0.198597
0.00162557
-0.200225
0.19938
0.00113557
-0.201134
0.200626
0.000690563
-0.202512
0.202288
0.000394314
-0.204197
0.204165
-2.20068e-05
-0.206216
0.20638
-0.000289506
-0.208356
0.208671
-0.000505793
-0.210573
0.211072
-0.000558291
-0.212987
0.21349
-0.000657806
-0.215227
0.215869
-0.0007612
-0.217483
0.218185
-0.000474466
-0.219845
0.220236
-0.000688003
-0.221753
0.222337
-0.000604167
-0.223787
0.224284
-0.000656899
-0.22574
0.22636
-0.000776141
-0.228266
0.229345
-0.000899745
-0.231693
0.283356
0.492834
0.644975
0.781954
0.928503
1.09143
1.26616
1.44998
1.63138
1.46124
1.04339
0.735214
0.495934
0.357367
0.436451
0.608755
0.429523
0.239013
-0.11123
-0.129332
-0.16708
-0.181514
-0.189045
-0.196691
-0.205903
-0.215606
-0.225273
-0.234007
-0.22801
-0.211568
-0.195564
-0.178022
-0.250284
-0.511865
-0.651828
-0.675295
-0.682581
-0.327962
0.897465
-0.311727
0.901713
-0.298259
0.909605
-0.282774
0.890114
-0.230617
0.607793
0.672411
-0.0260589
-0.0574757
-1.67224e-05
-0.327524
7.42881e-05
-0.000206226
-0.632478
0.000423293
-0.000808953
-0.890569
0.00131624
-0.00204361
-1.1038
0.00280933
-0.00371503
-1.32895
0.00458541
-0.00558574
-1.59574
0.0065421
-0.00762478
-1.91666
0.0086298
-0.00971967
-2.30255
0.0106716
-0.0116102
-2.76759
0.0123135
-0.0128194
-2.77318
0.0129449
-0.0126948
-2.31491
0.0120714
-0.0112906
-1.93163
0.0102863
-0.00929418
-1.61112
0.00817382
-0.00715274
-1.34321
0.00606168
-0.00510569
-1.11922
0.00411513
-0.00327097
-0.92139
0.00242742
-0.00174909
-0.707763
0.00113078
-0.000697479
-0.440448
0.000365434
-0.000175273
-0.00148469
-0.00109285
-0.000950306
-0.0011755
-0.00132254
-0.00171372
-0.00144877
-0.00143103
-0.00125139
-0.000809789
-0.000282595
0.000468973
0.0012424
0.00239655
0.00357198
0.00498419
0.0062461
0.00778951
0.00912332
0.0104627
0.0121211
0.013013
0.0138317
0.0122005
0.00973086
)
;

boundaryField
{
    wall-4
    {
        type            calculated;
        value           uniform 0;
    }
    pressure-outlet-7
    {
        type            calculated;
        value           nonuniform List<scalar> 
40
(
0.16651
0.438936
0.702817
0.912886
1.10856
1.33109
1.59811
1.91904
2.30522
2.77062
2.77479
2.31507
1.93087
1.60961
1.3415
1.11457
0.898334
0.635956
0.328012
0.166234
0.0575244
0.327779
0.633183
0.891884
1.10545
1.33077
1.59771
1.91863
2.30425
2.7685
2.77273
2.31349
1.92984
1.60927
1.34148
1.11769
0.92016
0.706972
0.440091
0.0571819
)
;
    }
    velocity-inlet-6
    {
        type            calculated;
        value           nonuniform List<scalar> 
20
(
-1.12529
-1.12529
-1.12529
-1.12529
-1.12529
-1.12529
-1.12529
-1.12529
-1.12529
-1.12529
-1.12529
-1.12529
-1.12529
-1.12529
-1.12529
-1.12529
-1.12529
-1.12529
-1.12529
-1.12529
)
;
    }
    velocity-inlet-5
    {
        type            calculated;
        value           nonuniform List<scalar> 
40
(
-0.289011
-0.346776
-0.416168
-0.499439
-0.599215
-0.719057
-0.862907
-1.03564
-1.24269
-1.49119
-1.49119
-1.2425
-1.03545
-0.862907
-0.719057
-0.599402
-0.499252
-0.416168
-0.346776
-0.289011
-0.289011
-0.346776
-0.416168
-0.499252
-0.599402
-0.719057
-0.862907
-1.03545
-1.2425
-1.49119
-1.49119
-1.24269
-1.03564
-0.862907
-0.719057
-0.599215
-0.499439
-0.416168
-0.346776
-0.289011
)
;
    }
    frontAndBackPlanes
    {
        type            empty;
        value           nonuniform List<scalar> 0();
    }
}


// ************************************************************************* //
