/*--------------------------------*- C++ -*----------------------------------*\
| =========                 |                                                 |
| \\      /  F ield         | OpenFOAM: The Open Source CFD Toolbox           |
|  \\    /   O peration     | Version:  v2012                                 |
|   \\  /    A nd           | Website:  www.openfoam.com                      |
|    \\/     M anipulation  |                                                 |
\*---------------------------------------------------------------------------*/
FoamFile
{
    version     2.0;
    format      ascii;
    class       volVectorField;
    location    "29";
    object      U;
}
// * * * * * * * * * * * * * * * * * * * * * * * * * * * * * * * * * * * * * //

dimensions      [0 1 -1 0 0 0 0];


internalField   nonuniform List<vector> 
8800
(
(0.984964 -0.088452 0)
(1.00213 -0.0568224 0)
(0.999681 -0.0305551 0)
(1.00002 -0.0158583 0)
(1.00005 -0.00870908 0)
(1.00002 -0.00506476 0)
(1 -0.00298196 0)
(0.999997 -0.00169276 0)
(0.999995 -0.000812121 0)
(1.00005 -0.000124165 0)
(0.999999 0.000570552 0)
(1.00001 0.00133078 0)
(1.00001 0.00236817 0)
(1.00002 0.00397486 0)
(1.00004 0.00668823 0)
(1.00006 0.0117206 0)
(0.999918 0.022042 0)
(0.999202 0.0411644 0)
(1.00746 0.0768948 0)
(0.773651 0.0450704 0)
(0.360995 -0.0151722 0)
(1.04556 -0.0742069 0)
(1.08712 -0.0678999 0)
(1.04778 -0.052311 0)
(1.02457 -0.0384025 0)
(1.01232 -0.0261139 0)
(1.0064 -0.0167692 0)
(1.00355 -0.0102868 0)
(1.00215 -0.00568598 0)
(1.0015 -0.00211466 0)
(1.00138 0.0010947 0)
(1.00174 0.00441412 0)
(1.00271 0.00832435 0)
(1.0047 0.0136723 0)
(1.0088 0.0214131 0)
(1.01738 0.0322505 0)
(1.03454 0.0456124 0)
(1.06557 0.0597445 0)
(1.09411 0.0729333 0)
(0.842287 0.0557017 0)
(0.217048 -0.0016466 0)
(1.07585 -0.0503668 0)
(1.09985 -0.0487395 0)
(1.06464 -0.0401958 0)
(1.0399 -0.0330354 0)
(1.02366 -0.0257443 0)
(1.01389 -0.0183878 0)
(1.00843 -0.0117047 0)
(1.00561 -0.00594794 0)
(1.00447 -0.00067967 0)
(1.0048 0.00442227 0)
(1.00665 0.00975007 0)
(1.01057 0.0158208 0)
(1.01787 0.0227624 0)
(1.03054 0.0300435 0)
(1.05075 0.0370677 0)
(1.08051 0.0444319 0)
(1.10635 0.0516727 0)
(0.943028 0.0412866 0)
(0.216595 0.00166149 0)
(0.175864 -0.000645601 0)
(1.01864 -0.0354207 0)
(1.10557 -0.0414396 0)
(1.07807 -0.0362824 0)
(1.05273 -0.0302594 0)
(1.03541 -0.0245414 0)
(1.0234 -0.0188662 0)
(1.01551 -0.0129281 0)
(1.01089 -0.00686989 0)
(1.00888 -0.000661398 0)
(1.00945 0.00548755 0)
(1.0126 0.0114294 0)
(1.01863 0.0172526 0)
(1.02837 0.0228481 0)
(1.04274 0.0283058 0)
(1.06352 0.0340044 0)
(1.094 0.0400135 0)
(1.09442 0.0416993 0)
(0.829297 0.0227088 0)
(0.175103 0.000661912 0)
(0.15431 -0.000487404 0)
(0.957241 -0.025555 0)
(1.10404 -0.0351051 0)
(1.08786 -0.0326767 0)
(1.06123 -0.0281408 0)
(1.04328 -0.0231781 0)
(1.03086 -0.0179911 0)
(1.0222 -0.0125788 0)
(1.01661 -0.00677487 0)
(1.01398 -0.000408178 0)
(1.01469 0.00598673 0)
(1.01859 0.0118332 0)
(1.02549 0.0171573 0)
(1.03572 0.0221664 0)
(1.05047 0.0270172 0)
(1.07223 0.0315386 0)
(1.10104 0.035475 0)
(1.06967 0.033707 0)
(0.742154 0.0142527 0)
(0.153168 0.000505773 0)
(0.139792 -0.000357981 0)
(0.900293 -0.0191806 0)
(1.09634 -0.0301128 0)
(1.09588 -0.0292529 0)
(1.06877 -0.0255406 0)
(1.05001 -0.0215037 0)
(1.03708 -0.0168985 0)
(1.02809 -0.0117862 0)
(1.02214 -0.00620787 0)
(1.01918 4.83825e-06 0)
(1.0199 0.00625931 0)
(1.02405 0.0118404 0)
(1.03116 0.016824 0)
(1.04171 0.021344 0)
(1.05708 0.0253453 0)
(1.07974 0.0288734 0)
(1.10344 0.0316121 0)
(1.03819 0.0277226 0)
(0.676168 0.0100898 0)
(0.138188 0.000379682 0)
(0.129176 -0.00027324 0)
(0.850647 -0.0147585 0)
(1.08393 -0.0259362 0)
(1.10147 -0.0262754 0)
(1.07547 -0.0229986 0)
(1.05616 -0.0194371 0)
(1.04276 -0.0154141 0)
(1.03339 -0.0107374 0)
(1.02719 -0.0054262 0)
(1.02405 0.000534056 0)
(1.02469 0.00650567 0)
(1.02886 0.0117619 0)
(1.03615 0.0163049 0)
(1.04704 0.0201926 0)
(1.06287 0.0235627 0)
(1.08599 0.0266289 0)
(1.10288 0.0285288 0)
(1.00413 0.0230274 0)
(0.625186 0.00764841 0)
(0.127009 0.000299486 0)
(0.121123 -0.000209596 0)
(0.808583 -0.0115135 0)
(1.06861 -0.0222121 0)
(1.10484 -0.0235413 0)
(1.08152 -0.0207572 0)
(1.06177 -0.0174635 0)
(1.04809 -0.0137642 0)
(1.03843 -0.00944578 0)
(1.03195 -0.0044698 0)
(1.02861 0.00116995 0)
(1.02913 0.00679349 0)
(1.0333 0.0116344 0)
(1.04072 0.0156889 0)
(1.05178 0.0191091 0)
(1.06789 0.0220953 0)
(1.09139 0.0248364 0)
(1.09954 0.0258358 0)
(0.970077 0.0192329 0)
(0.584815 0.00601681 0)
(0.118276 0.000241452 0)
(0.114948 -0.000160071 0)
(0.773478 -0.00902772 0)
(1.05192 -0.018832 0)
(1.10698 -0.0208528 0)
(1.08708 -0.0184492 0)
(1.06696 -0.0153677 0)
(1.05303 -0.0119244 0)
(1.04317 -0.00793359 0)
(1.03644 -0.00333578 0)
(1.03285 0.00194166 0)
(1.03321 0.00717157 0)
(1.03737 0.0115233 0)
(1.04481 0.015061 0)
(1.05592 0.0180463 0)
(1.07228 0.0206791 0)
(1.09553 0.0231021 0)
(1.09365 0.0233726 0)
(0.93755 0.0161564 0)
(0.552189 0.00484721 0)
(0.111272 0.000199059 0)
(0.110226 -0.000120636 0)
(0.744509 -0.00704552 0)
(1.03499 -0.0157546 0)
(1.10819 -0.0182693 0)
(1.0923 -0.0162108 0)
(1.07183 -0.0133192 0)
(1.05763 -0.0100843 0)
(1.04762 -0.00630437 0)
(1.04076 -0.00198608 0)
(1.03696 0.00288222 0)
(1.03711 0.00761475 0)
(1.04106 0.0115114 0)
(1.04837 0.0146459 0)
(1.05951 0.0172226 0)
(1.07617 0.019507 0)
(1.09855 0.0215646 0)
(1.08571 0.0211385 0)
(0.907299 0.0136542 0)
(0.525404 0.00397579 0)
(0.10554 0.000168495 0)
(0.106679 -8.69044e-05 0)
(0.721027 -0.00537487 0)
(1.01873 -0.012846 0)
(1.10845 -0.0156332 0)
(1.09719 -0.0139706 0)
(1.07646 -0.0112695 0)
(1.06197 -0.00817477 0)
(1.05175 -0.00455062 0)
(1.04465 -0.000486708 0)
(1.04057 0.00400127 0)
(1.04047 0.00827472 0)
(1.04422 0.0116997 0)
(1.05143 0.0143924 0)
(1.0626 0.0166007 0)
(1.07951 0.0185304 0)
(1.10021 0.0201248 0)
(1.07616 0.0190268 0)
(0.879717 0.011568 0)
(0.503199 0.00330161 0)
(0.100758 0.000146196 0)
(0.104147 -5.67288e-05 0)
(0.702532 -0.00390108 0)
(1.00392 -0.0100538 0)
(1.10794 -0.0128517 0)
(1.10163 -0.011446 0)
(1.08082 -0.00884516 0)
(1.06601 -0.0059147 0)
(1.0555 -0.00255784 0)
(1.04813 0.0012111 0)
(1.04378 0.00535345 0)
(1.04331 0.00919424 0)
(1.04678 0.0121139 0)
(1.05387 0.0142707 0)
(1.06509 0.0159762 0)
(1.08215 0.0174782 0)
(1.10073 0.0186669 0)
(1.06547 0.0170043 0)
(0.854939 0.00980686 0)
(0.484675 0.00276627 0)
(0.0967081 0.000130138 0)
(0.102525 -2.97222e-05 0)
(0.688699 -0.00254255 0)
(0.991184 -0.00732685 0)
(1.10706 -0.00992716 0)
(1.10574 -0.00871896 0)
(1.08501 -0.0062986 0)
(1.06993 -0.00351622 0)
(1.05922 -0.0003112 0)
(1.05154 0.00323429 0)
(1.04677 0.00701927 0)
(1.04589 0.0103706 0)
(1.04905 0.0127587 0)
(1.05588 0.0143692 0)
(1.06703 0.0155515 0)
(1.08426 0.0165627 0)
(1.10046 0.0173198 0)
(1.05417 0.0151193 0)
(0.832979 0.00829857 0)
(0.469217 0.00233991 0)
(0.0932184 0.000120831 0)
(0.101768 1.21686e-06 0)
(0.679341 -0.00124805 0)
(0.980866 -0.00462955 0)
(1.10592 -0.00693241 0)
(1.10938 -0.00602225 0)
(1.08896 -0.00380894 0)
(1.07363 -0.00106542 0)
(1.06271 0.00209646 0)
(1.05479 0.00553371 0)
(1.0496 0.00904755 0)
(1.04817 0.0119657 0)
(1.05077 0.01387 0)
(1.05721 0.0149898 0)
(1.06817 0.015651 0)
(1.08533 0.016234 0)
(1.09893 0.0163011 0)
(1.04236 0.0134335 0)
(0.81371 0.00702309 0)
(0.456338 0.00199624 0)
(0.0901609 0.000113519 0)
(0.101922 4.08528e-05 0)
(0.674364 1.50981e-06 0)
(0.973324 -0.00192276 0)
(1.10467 -0.0036685 0)
(1.11247 -0.00288319 0)
(1.09271 -0.000789145 0)
(1.07719 0.00195467 0)
(1.06594 0.00504976 0)
(1.05751 0.00830618 0)
(1.05168 0.011538 0)
(1.0496 0.014005 0)
(1.0517 0.0152526 0)
(1.05781 0.0157299 0)
(1.06857 0.0159156 0)
(1.08538 0.0157684 0)
(1.09595 0.0152324 0)
(1.03023 0.0119109 0)
(0.796912 0.00600208 0)
(0.445567 0.00173769 0)
(0.0874747 0.000102974 0)
(0.103003 6.82584e-05 0)
(0.673455 0.00109546 0)
(0.968879 0.000460722 0)
(1.10407 -0.00054031 0)
(1.11558 0.000373811 0)
(1.09653 0.00247232 0)
(1.08088 0.00523886 0)
(1.06938 0.00833399 0)
(1.06057 0.011556 0)
(1.05412 0.0145888 0)
(1.05116 0.0166152 0)
(1.05243 0.0173808 0)
(1.05789 0.0172621 0)
(1.06823 0.0167049 0)
(1.08459 0.0161324 0)
(1.09195 0.0149461 0)
(1.01813 0.0111565 0)
(0.782003 0.00557738 0)
(0.436044 0.00168778 0)
(0.0850158 0.000100656 0)
(0.104844 9.82856e-05 0)
(0.675614 0.00192657 0)
(0.96745 0.00252445 0)
(1.10448 0.00226499 0)
(1.1189 0.00339371 0)
(1.10035 0.00566081 0)
(1.08446 0.00862314 0)
(1.07255 0.0119385 0)
(1.06313 0.015351 0)
(1.05576 0.0183484 0)
(1.05182 0.0200608 0)
(1.05221 0.0203198 0)
(1.05697 0.0196376 0)
(1.06681 0.0185197 0)
(1.0828 0.017331 0)
(1.08675 0.0154958 0)
(1.00574 0.0112088 0)
(0.76797 0.00573775 0)
(0.426588 0.00183136 0)
(0.082479 0.000109074 0)
(0.107435 0.000130464 0)
(0.680924 0.0027758 0)
(0.968943 0.00442182 0)
(1.10599 0.00504898 0)
(1.12263 0.00643091 0)
(1.10462 0.00900998 0)
(1.08859 0.0124279 0)
(1.07633 0.0162113 0)
(1.06616 0.0199533 0)
(1.05766 0.0230018 0)
(1.05244 0.0244127 0)
(1.05169 0.0241711 0)
(1.05548 0.022907 0)
(1.06464 0.0212302 0)
(1.07989 0.0194114 0)
(1.08036 0.0168425 0)
(0.992903 0.0120452 0)
(0.753795 0.00642266 0)
(0.416212 0.0021269 0)
(0.0796069 0.00012809 0)
(0.110848 0.000170701 0)
(0.689133 0.0037231 0)
(0.973284 0.00641163 0)
(1.1091 0.00814463 0)
(1.12698 0.0101186 0)
(1.10958 0.013299 0)
(1.09337 0.0173483 0)
(1.08045 0.0216478 0)
(1.06923 0.0256765 0)
(1.05929 0.0287551 0)
(1.05251 0.0297826 0)
(1.05045 0.0288877 0)
(1.05321 0.0269182 0)
(1.06158 0.0245854 0)
(1.07581 0.0221111 0)
(1.07269 0.0188799 0)
(0.979324 0.0136272 0)
(0.738322 0.0074922 0)
(0.404184 0.00251912 0)
(0.0762131 0.00015337 0)
(0.115289 0.00022465 0)
(0.700487 0.00493762 0)
(0.980918 0.0087795 0)
(1.11469 0.0117229 0)
(1.13281 0.0147212 0)
(1.11564 0.0188636 0)
(1.09891 0.0236912 0)
(1.085 0.0285575 0)
(1.07241 0.0328946 0)
(1.06072 0.0358743 0)
(1.05203 0.0363063 0)
(1.04844 0.0345409 0)
(1.05005 0.0317752 0)
(1.05756 0.0287111 0)
(1.0706 0.0255767 0)
(1.06402 0.0217597 0)
(0.964538 0.0158932 0)
(0.720619 0.00881176 0)
(0.390076 0.00296964 0)
(0.0721792 0.000182298 0)
(0.121104 0.000301731 0)
(0.715615 0.00659827 0)
(0.991932 0.0117804 0)
(1.12306 0.0158469 0)
(1.14078 0.0199636 0)
(1.12315 0.0252776 0)
(1.10542 0.0311025 0)
(1.09012 0.0367724 0)
(1.07576 0.0416668 0)
(1.06186 0.0446644 0)
(1.05089 0.0445443 0)
(1.04549 0.0418883 0)
(1.0459 0.0380582 0)
(1.05264 0.034232 0)
(1.06439 0.0304633 0)
(1.05398 0.0259543 0)
(0.947175 0.0188139 0)
(0.699929 0.010296 0)
(0.373661 0.00347544 0)
(0.0674426 0.000212625 0)
(0.128791 0.000411416 0)
(0.735564 0.00889384 0)
(1.00645 0.0157568 0)
(1.13401 0.0208333 0)
(1.15088 0.0259242 0)
(1.13241 0.0324409 0)
(1.11326 0.0394835 0)
(1.09615 0.0463292 0)
(1.07949 0.0521142 0)
(1.06285 0.0554928 0)
(1.0492 0.055164 0)
(1.04167 0.0518769 0)
(1.04048 0.0472234 0)
(1.0464 0.0422895 0)
(1.05677 0.0375267 0)
(1.04119 0.0313425 0)
(0.925802 0.022124 0)
(0.675879 0.0119933 0)
(0.354621 0.00407181 0)
(0.0619204 0.000247152 0)
(0.139126 0.000584349 0)
(0.761943 0.0122472 0)
(1.02541 0.0213971 0)
(1.1473 0.0276785 0)
(1.1629 0.0336716 0)
(1.1435 0.0413299 0)
(1.12275 0.0497387 0)
(1.10341 0.0580001 0)
(1.08388 0.0648468 0)
(1.06397 0.0687576 0)
(1.04723 0.0682791 0)
(1.03719 0.0644037 0)
(1.03402 0.0589432 0)
(1.03838 0.0529208 0)
(1.04623 0.0463904 0)
(1.02346 0.0375046 0)
(0.899833 0.0257577 0)
(0.648245 0.0140242 0)
(0.332482 0.00476867 0)
(0.0555279 0.000282226 0)
(0.15338 0.000863299 0)
(0.796945 0.0172434 0)
(1.0509 0.0294585 0)
(1.16358 0.0375757 0)
(1.17684 0.0448087 0)
(1.15649 0.0538491 0)
(1.13402 0.0638017 0)
(1.11188 0.0733614 0)
(1.08885 0.0809485 0)
(1.06503 0.0848887 0)
(1.04475 0.0836842 0)
(1.03185 0.0787291 0)
(1.02624 0.0719643 0)
(1.02795 0.0642929 0)
(1.03134 0.0552688 0)
(1.00035 0.0437361 0)
(0.869881 0.0299485 0)
(0.61662 0.0165192 0)
(0.30667 0.00557374 0)
(0.0481838 0.000316958 0)
(0.173734 0.00135574 0)
(0.843824 0.0250659 0)
(1.08575 0.0413936 0)
(1.18446 0.0523408 0)
(1.19345 0.0618132 0)
(1.17172 0.0726674 0)
(1.14681 0.0839814 0)
(1.12098 0.0941327 0)
(1.09373 0.101489 0)
(1.06538 0.104284 0)
(1.04114 0.101236 0)
(1.02501 0.0942848 0)
(1.01639 0.0854337 0)
(1.01434 0.0755002 0)
(1.01183 0.064119 0)
(0.97315 0.0505807 0)
(0.836358 0.0351577 0)
(0.58012 0.0195719 0)
(0.276741 0.00647059 0)
(0.0399198 0.000345058 0)
(0.203564 0.0024715 0)
(0.90839 0.0385812 0)
(1.13312 0.0610494 0)
(1.21162 0.0753254 0)
(1.21378 0.088054 0)
(1.18882 0.100442 0)
(1.16009 0.112113 0)
(1.12957 0.121507 0)
(1.09739 0.12713 0)
(1.06404 0.127223 0)
(1.03551 0.120985 0)
(1.01586 0.111042 0)
(1.00377 0.099484 0)
(0.997416 0.0870951 0)
(0.988979 0.0738509 0)
(0.94313 0.0590276 0)
(0.798597 0.0417627 0)
(0.537817 0.023247 0)
(0.242905 0.00748861 0)
(0.0310122 0.000363283 0)
(0.244631 0.00878919 2.47463e-19)
(0.994246 0.06581 2.18092e-19)
(1.19085 0.0944525 -7.47183e-20)
(1.2443 0.110726 0)
(1.23632 0.126602 -1.72259e-33)
(1.206 0.138907 2.46967e-20)
(1.17218 0.149281 -4.15406e-20)
(1.13623 0.156422 0)
(1.09858 0.158971 7.88438e-34)
(1.05978 0.15521 -4.53468e-20)
(1.02645 0.144907 0)
(1.00272 0.131396 -5.10882e-20)
(0.986502 0.116917 -1.48798e-19)
(0.975425 0.102383 -6.9627e-20)
(0.961417 0.0881614 -2.06459e-20)
(0.907881 0.0727562 -1.21558e-20)
(0.751872 0.0524876 0)
(0.485518 0.0292455 8.45749e-21)
(0.205483 0.0100626 9.96186e-21)
(0.022851 0.000843425 1.77092e-19)
(0.272177 0.0243816 2.22213e-19)
(1.06475 0.10876 9.95239e-22)
(1.23852 0.142434 2.17774e-20)
(1.27534 0.160238 0)
(1.25709 0.1754 -9.33536e-20)
(1.22092 0.186361 -1.02425e-19)
(1.18155 0.194772 -4.34135e-20)
(1.13982 0.199454 -1.45158e-19)
(1.09616 0.198891 0)
(1.0511 0.191295 1.94626e-19)
(1.01171 0.17699 1.87927e-19)
(0.982521 0.159976 5.47637e-20)
(0.961085 0.14283 1.94471e-19)
(0.944587 0.126375 2.68154e-19)
(0.923837 0.110718 0)
(0.862899 0.0939875 3.72506e-19)
(0.697522 0.0694146 5.3226e-19)
(0.433215 0.0400929 5.87589e-19)
(0.174327 0.0151717 -6.69068e-19)
(0.0166932 0.00145519 -1.24482e-20)
(0.271851 0.0399801 0)
(1.10864 0.164822 4.87304e-20)
(1.27192 0.202035 0)
(1.29955 0.219722 -1.48056e-19)
(1.27354 0.231829 0)
(1.23201 0.239728 -2.1223e-19)
(1.18725 0.244862 9.11591e-20)
(1.13992 0.246077 -3.02353e-19)
(1.09045 0.241776 -3.14452e-21)
(1.03939 0.230139 1.02585e-19)
(0.994273 0.212041 4.09018e-19)
(0.960156 0.192124 -6.23096e-22)
(0.934443 0.173101 -1.40432e-19)
(0.913927 0.155586 -2.50749e-19)
(0.889495 0.13923 2.95027e-19)
(0.828038 0.120638 -5.20722e-19)
(0.667136 0.0910972 -6.79707e-20)
(0.417532 0.0555969 0)
(0.175915 0.023132 6.02416e-23)
(0.0186717 0.00261204 0)
(0.264803 0.0535534 8.6264e-19)
(1.13154 0.223957 -3.91072e-19)
(1.29312 0.26657 -2.56836e-19)
(1.31549 0.283789 7.63908e-20)
(1.2841 0.292351 -1.25144e-19)
(1.23834 0.296526 4.50828e-19)
(1.18901 0.297796 1.93256e-19)
(1.13676 0.29505 0)
(1.08209 0.286678 -5.38178e-19)
(1.0256 0.270903 0)
(0.975341 0.249214 -2.16971e-19)
(0.937007 0.226777 -2.58038e-19)
(0.907967 0.206196 -1.52093e-19)
(0.884731 0.187789 -1.81054e-19)
(0.858523 0.170561 0)
(0.798917 0.150422 0)
(0.651104 0.117472 -4.43487e-19)
(0.420786 0.0760357 8.67508e-20)
(0.189133 0.0343108 -5.13011e-20)
(0.0237351 0.00458866 -5.90599e-20)
(0.257238 0.0656644 -5.1693e-19)
(1.14087 0.282865 0)
(1.30505 0.331983 6.16079e-19)
(1.32403 0.349001 2.36406e-19)
(1.2888 0.354136 2.74131e-19)
(1.23981 0.354554 0)
(1.18682 0.3519 1.99414e-19)
(1.13048 0.345122 3.4145e-19)
(1.07135 0.332654 2.82147e-19)
(1.01015 0.312752 4.77702e-19)
(0.955502 0.287561 0)
(0.913681 0.26275 -5.55133e-19)
(0.882032 0.240665 -3.27549e-19)
(0.856779 0.221414 -1.91804e-19)
(0.829734 0.203549 1.1529e-18)
(0.773752 0.182234 1.3671e-19)
(0.64 0.146411 6.39789e-19)
(0.428248 0.0986308 -3.00815e-18)
(0.203445 0.0474759 1.78681e-18)
(0.0289105 0.00709059 -2.12093e-18)
(0.250388 0.0766647 -4.62887e-19)
(1.14174 0.339699 1.01754e-19)
(1.30996 0.396547 -8.89301e-20)
(1.32667 0.413585 -3.11415e-19)
(1.28859 0.415517 -2.73738e-19)
(1.23704 0.412325 3.42064e-21)
(1.18109 0.40592 -2.14438e-19)
(1.12137 0.395265 3.59974e-19)
(1.05848 0.378821 -6.05487e-19)
(0.993248 0.354899 0)
(0.93493 0.326241 -2.55715e-19)
(0.890338 0.299048 -3.14826e-21)
(0.856658 0.275462 -3.54831e-19)
(0.829969 0.255311 0)
(0.802634 0.236917 -2.48339e-19)
(0.750165 0.214559 -5.87767e-19)
(0.629157 0.176337 1.56281e-18)
(0.432962 0.122119 -1.5331e-18)
(0.213973 0.0611575 2.17354e-18)
(0.0330376 0.0097655 -2.22417e-18)
(0.244853 0.0869142 -8.06448e-22)
(1.13742 0.393838 -1.00561e-19)
(1.30998 0.45968 -3.60203e-19)
(1.32474 0.476488 1.57915e-19)
(1.28447 0.475514 -1.4394e-19)
(1.23088 0.468964 0)
(1.17249 0.459053 -2.1727e-19)
(1.10992 0.444746 -3.81342e-19)
(1.04382 0.42452 -3.19413e-19)
(0.975117 0.396702 0)
(0.913675 0.364591 -2.68815e-19)
(0.866859 0.334911 -3.20424e-19)
(0.831696 0.309715 3.82233e-19)
(0.804117 0.288548 -2.27576e-19)
(0.776908 0.269457 -1.07346e-18)
(0.727721 0.245979 6.36982e-19)
(0.616592 0.205632 1.89732e-19)
(0.432056 0.14477 0)
(0.218002 0.0737909 -2.07675e-18)
(0.0352181 0.0121265 -7.51182e-20)
(0.240622 0.0967298 -6.0149e-20)
(1.13003 0.445139 1.02279e-19)
(1.30613 0.520223 1.89978e-19)
(1.31932 0.537041 5.15277e-19)
(1.27734 0.533522 -5.93202e-19)
(1.2221 0.523939 5.28478e-19)
(1.16168 0.5108 4.65535e-19)
(1.09667 0.493096 -6.10359e-19)
(1.02777 0.469311 1.83073e-19)
(0.955983 0.437728 -1.17077e-18)
(0.891802 0.402159 -2.96246e-19)
(0.843135 0.369837 0)
(0.806911 0.342771 4.11543e-19)
(0.778846 0.320351 4.85666e-19)
(0.752043 0.30028 5.75135e-19)
(0.705596 0.275635 -6.86009e-19)
(0.601726 0.232557 -2.0211e-19)
(0.425636 0.164646 2.37211e-19)
(0.21646 0.0840542 0)
(0.0355353 0.01388 -1.61477e-19)
(0.237524 0.106239 5.99886e-19)
(1.12107 0.493711 -4.15268e-19)
(1.29954 0.577942 -1.99551e-19)
(1.31135 0.594933 3.56647e-19)
(1.26794 0.589181 -3.05154e-19)
(1.21134 0.576883 -7.92622e-21)
(1.14921 0.560831 -5.01384e-19)
(1.0821 0.540022 -2.18831e-19)
(1.01069 0.512915 -5.50648e-19)
(0.936095 0.477728 4.39678e-22)
(0.86944 0.438679 -9.36454e-19)
(0.819144 0.403547 7.53464e-19)
(0.782091 0.374339 -4.46108e-19)
(0.75381 0.350335 5.2764e-19)
(0.727485 0.328942 0)
(0.683237 0.302572 -3.6876e-19)
(0.584554 0.2563 -1.8756e-21)
(0.414402 0.181228 -1.02248e-18)
(0.21052 0.0916928 -1.49992e-19)
(0.0345003 0.0149749 0)
(0.235407 0.115553 0)
(1.11136 0.539752 -4.37147e-19)
(1.29103 0.632738 -4.04225e-19)
(1.30152 0.650042 -3.7172e-19)
(1.2569 0.642318 -3.38296e-19)
(1.19917 0.627603 0)
(1.13558 0.608939 -2.52503e-19)
(1.06661 0.585323 -2.35748e-21)
(0.992932 0.555171 1.17731e-18)
(0.915723 0.516566 -1.63638e-19)
(0.846698 0.47405 -6.71767e-19)
(0.794915 0.435934 3.96416e-19)
(0.757128 0.404309 -4.0029e-21)
(0.728711 0.378416 5.61769e-19)
(0.702837 0.355405 3.38872e-19)
(0.660182 0.326875 -7.93133e-19)
(0.564982 0.276547 9.37127e-19)
(0.399056 0.194377 2.75374e-19)
(0.200713 0.0967258 1.12805e-18)
(0.0322339 0.0153461 -2.98392e-18)
(0.234184 0.124806 1.22194e-19)
(1.10146 0.583461 -2.18066e-19)
(1.28138 0.684633 1.91953e-19)
(1.29036 0.702347 3.81003e-19)
(1.24471 0.692838 0)
(1.18603 0.675981 -2.96926e-19)
(1.12118 0.655004 8.21655e-19)
(1.05057 0.628884 4.89889e-19)
(0.974806 0.595972 0)
(0.895084 0.554178 -2.31288e-18)
(0.823721 0.508248 1.80395e-18)
(0.770392 0.467007 0)
(0.731849 0.432719 5.15135e-19)
(0.703306 0.404621 -3.98069e-21)
(0.677815 0.379632 -1.08242e-18)
(0.636215 0.348511 4.23151e-19)
(0.543164 0.293424 0)
(0.380439 0.203896 1.48127e-18)
(0.188015 0.0992761 0)
(0.0292001 0.0151541 -1.40459e-18)
(0.233652 0.134032 -1.24116e-19)
(1.0918 0.624978 -2.17816e-19)
(1.27082 0.733692 2.08318e-19)
(1.27831 0.751831 0)
(1.23177 0.740729 -3.61318e-19)
(1.1723 0.721981 0)
(1.10637 0.698963 -8.53501e-19)
(1.03428 0.670633 -2.46881e-19)
(0.956564 0.635267 2.15803e-19)
(0.874384 0.590549 -1.14167e-18)
(0.800577 0.541309 1.89049e-19)
(0.745533 0.496839 0)
(0.706144 0.459644 -1.09986e-18)
(0.677435 0.429048 4.08377e-21)
(0.652194 0.401761 0)
(0.611105 0.36755 4.6035e-21)
(0.519059 0.306961 1.35227e-18)
(0.358805 0.209783 -1.27558e-18)
(0.173094 0.0993665 3.74154e-19)
(0.0256409 0.0143883 0)
(0.233499 0.143097 0)
(1.08265 0.664351 -2.20987e-19)
(1.25972 0.780071 -2.04041e-19)
(1.26573 0.798538 -4.48761e-21)
(1.21844 0.786014 -1.79305e-19)
(1.15829 0.765606 -6.72514e-19)
(1.09141 0.7408 3.0877e-19)
(1.01798 0.710542 -2.74245e-19)
(0.93843 0.673026 9.39801e-19)
(0.853787 0.625693 -1.82344e-18)
(0.777377 0.573316 -6.62585e-21)
(0.720444 0.525565 -4.93967e-19)
(0.680012 0.485247 1.77416e-18)
(0.651004 0.45187 -4.81787e-21)
(0.625867 0.421943 -8.32847e-19)
(0.58475 0.38408 -1.47988e-18)
(0.49272 0.31726 0)
(0.33463 0.212258 0)
(0.156415 0.097029 4.0357e-19)
(0.0217839 0.0130956 -2.32433e-19)
(0.233855 0.152169 -1.26206e-19)
(1.07389 0.701478 4.58951e-19)
(1.24836 0.823839 2.16931e-19)
(1.25292 0.842545 0)
(1.20495 0.828748 -3.08006e-21)
(1.14423 0.806884 -6.9118e-19)
(1.07654 0.780526 7.9605e-19)
(1.0019 0.748609 1.13202e-18)
(0.920598 0.709253 1.23753e-18)
(0.833492 0.659643 -1.49981e-18)
(0.754333 0.60438 -1.53995e-18)
(0.695188 0.553365 1.31942e-18)
(0.653417 0.50971 0)
(0.623935 0.473235 -3.79481e-19)
(0.598755 0.440289 -8.97217e-19)
(0.557123 0.398145 -1.05957e-18)
(0.4641 0.324176 -1.25405e-18)
(0.308194 0.211261 3.69518e-19)
(0.138236 0.0922586 -2.16654e-19)
(0.0176278 0.0113042 6.5623e-22)
(0.234282 0.161064 0)
(1.06573 0.73683 0)
(1.23694 0.865072 5.08748e-21)
(1.24005 0.883947 0)
(1.19151 0.869015 5.82857e-19)
(1.13031 0.845871 5.33499e-19)
(1.06192 0.818167 0)
(0.986197 0.784847 1.44147e-19)
(0.903249 0.743958 2.08813e-18)
(0.813703 0.692439 -3.43695e-18)
(0.731593 0.634605 0)
(0.669852 0.580421 -8.46197e-19)
(0.626356 0.533246 -5.88222e-21)
(0.596146 0.493321 -4.81416e-21)
(0.570752 0.45686 9.58191e-19)
(0.528173 0.409648 -8.23904e-22)
(0.433475 0.327635 -2.69307e-18)
(0.279562 0.206618 7.93873e-19)
(0.119081 0.0852675 2.33501e-19)
(0.0134378 0.00916771 0)
(0.234704 0.169767 3.81184e-19)
(1.05792 0.770472 2.36959e-19)
(1.22554 0.903858 4.44227e-19)
(1.22729 0.922843 -8.58233e-19)
(1.17826 0.90688 1.00478e-18)
(1.11668 0.882628 0)
(1.0477 0.853771 5.2159e-19)
(0.971013 0.819282 -3.12297e-19)
(0.88653 0.777158 7.59773e-21)
(0.794568 0.724111 2.48619e-19)
(0.7093 0.66408 1.99417e-18)
(0.644579 0.606926 -2.98397e-19)
(0.598873 0.556127 -1.0864e-18)
(0.567523 0.512326 -4.38472e-19)
(0.541695 0.471638 5.18242e-19)
(0.497843 0.418356 -5.48569e-22)
(0.401169 0.327365 7.24462e-19)
(0.249484 0.198387 -1.7043e-18)
(0.0996912 0.0764414 2.00593e-18)
(0.0093855 0.00681232 2.88051e-19)
(0.234946 0.178151 -1.27853e-19)
(1.05045 0.802472 1.21421e-19)
(1.2143 0.940319 1.19178e-20)
(1.21474 0.959353 -4.3392e-19)
(1.16532 0.94245 -2.01166e-19)
(1.10344 0.917221 -9.93491e-19)
(1.03399 0.887385 1.74997e-19)
(0.956455 0.851936 -1.31947e-18)
(0.870552 0.808853 -2.33689e-18)
(0.776212 0.75466 -2.06229e-18)
(0.687648 0.692881 0)
(0.619535 0.633061 -1.29208e-18)
(0.571025 0.578653 1.55578e-18)
(0.537919 0.530515 0)
(0.51128 0.484559 -1.10781e-18)
(0.465995 0.423792 6.58958e-19)
(0.367484 0.322857 -7.76709e-19)
(0.219082 0.186679 -9.15927e-19)
(0.0810169 0.0663099 -1.61348e-18)
(0.00571402 0.00443047 -1.23901e-18)
(0.235479 0.186342 1.27175e-19)
(1.04318 0.832808 -1.29333e-19)
(1.20328 0.974529 -3.35135e-19)
(1.2025 0.99356 -5.60612e-19)
(1.15277 0.97581 4.35351e-19)
(1.09068 0.949735 -6.14886e-19)
(1.02086 0.919059 5.65513e-19)
(0.942592 0.88285 -1.38575e-18)
(0.855385 0.839066 -1.39168e-18)
(0.75876 0.784101 2.17357e-18)
(0.6668 0.721055 4.37565e-18)
(0.594907 0.658976 0)
(0.542939 0.601136 0)
(0.507165 0.548285 -5.02541e-19)
(0.478959 0.495638 0)
(0.432141 0.425161 1.41549e-18)
(0.332841 0.313037 1.66905e-18)
(0.189923 0.171239 0)
(0.0644393 0.0554254 0)
(0.00264822 0.00224829 1.32979e-18)
(0.235624 0.194037 -1.26108e-19)
(1.03613 0.861477 -1.09843e-19)
(1.19254 1.00661 -2.34103e-19)
(1.19062 1.02559 4.54639e-19)
(1.14067 1.00706 4.49535e-19)
(1.07844 0.980241 7.40688e-19)
(1.00835 0.948854 -7.94884e-19)
(0.929477 0.912054 4.77654e-22)
(0.841101 0.867803 -9.77521e-21)
(0.742308 0.812425 -1.13945e-20)
(0.64692 0.748621 2.25233e-18)
(0.570911 0.684772 0)
(0.514824 0.623871 1.55951e-18)
(0.47517 0.566175 1.06991e-18)
(0.443927 0.505228 2.56289e-18)
(0.395081 0.421601 7.58929e-19)
(0.297307 0.295677 -8.98584e-19)
(0.164972 0.150124 -5.26684e-19)
(0.0542543 0.0435884 0)
(0.00146376 0.000747979 1.42663e-18)
(0.236033 0.201698 2.45635e-19)
(1.02929 0.888579 0)
(1.18208 1.03661 -2.30666e-19)
(1.17914 1.05553 3.52866e-19)
(1.12907 1.03629 -4.56321e-19)
(1.06675 1.00882 -9.80307e-19)
(0.996505 0.976827 1.65026e-18)
(0.917138 0.939586 -1.04623e-19)
(0.827732 0.895075 0)
(0.726919 0.839599 -2.42635e-18)
(0.628156 0.775565 -4.91475e-18)
(0.54778 0.710511 1.91784e-19)
(0.487008 0.647079 2.13753e-18)
(0.442038 0.584837 0)
(0.40532 0.514257 1.71867e-18)
(0.352492 0.41309 0)
(0.25815 0.267409 0)
(0.146529 0.113747 -5.68905e-19)
(0.0685285 0.0195484 0)
(0.0252067 0.00992867 3.81826e-19)
(0.236051 0.208712 2.43058e-19)
(1.02262 0.914429 0)
(1.17189 1.06475 -3.45791e-19)
(1.16801 1.08359 0)
(1.11791 1.06376 2.26906e-19)
(1.05556 1.03576 0)
(0.985253 1.00328 9.90384e-20)
(0.905479 0.965781 1.9471e-19)
(0.815163 0.921246 1.74342e-19)
(0.712445 0.866009 -2.67778e-18)
(0.610378 0.802319 1.5092e-19)
(0.525373 0.73676 1.5203e-18)
(0.459293 0.671343 2.07751e-18)
(0.407329 0.605291 2.75168e-19)
(0.361632 0.524616 1.33665e-18)
(0.300352 0.401899 0)
(0.203959 0.228743 1.88365e-18)
(0.105944 0.0526208 -1.09586e-18)
(0.0451116 0.0478573 1.26511e-18)
(-0.0587022 0.417849 -1.5043e-18)
(0.236028 0.215481 -1.83165e-19)
(1.01589 0.938884 -3.40202e-19)
(1.16191 1.09133 0)
(1.15711 1.11022 9.99025e-21)
(1.10704 1.09003 -5.74458e-19)
(1.04463 1.06172 1.67456e-18)
(0.974303 1.02901 6.33036e-19)
(0.89412 0.991571 0)
(0.802897 0.947399 1.21079e-18)
(0.698261 0.892952 -1.45995e-19)
(0.592733 0.830342 0)
(0.502619 0.7653 0)
(0.430371 0.69844 1.8566e-18)
(0.369728 0.629372 -8.42004e-19)
(0.310351 0.539681 -1.34536e-18)
(0.234253 0.394031 0)
(0.116488 0.210526 9.36558e-19)
(0.0134209 0.431191 -1.07612e-18)
(0.0379075 1.8533 -6.06839e-19)
(0.0701787 2.78848 -7.93213e-19)
(0.2358 0.221459 1.1444e-19)
(1.00922 0.962063 3.93771e-19)
(1.15214 1.11636 -1.80069e-19)
(1.14645 1.13526 -2.38004e-19)
(1.0965 1.11488 0)
(1.034 1.08643 1.13971e-18)
(0.963839 1.0537 9.54595e-19)
(0.883228 1.01653 -1.00064e-19)
(0.791182 0.973015 1.78382e-19)
(0.684724 0.919809 2.58966e-18)
(0.575799 0.858922 2.50978e-18)
(0.480496 0.795684 1.71162e-18)
(0.401356 0.727947 1.86144e-18)
(0.331426 0.655537 -1.96355e-18)
(0.257596 0.562407 -2.01957e-18)
(0.156221 0.420697 0)
(0.0587568 0.820459 0)
(0.112426 2.52486 5.26175e-19)
(0.115899 3.18415 0)
(0.118173 3.38112 1.20843e-18)
(0.238546 0.227008 0)
(1.0032 0.984184 0)
(1.14231 1.13969 0)
(1.13579 1.15849 -5.63604e-20)
(1.086 1.13808 -4.92608e-19)
(1.02345 1.10973 8.02349e-19)
(0.953762 1.07725 6.47978e-19)
(0.872746 1.04053 -1.01069e-19)
(0.779968 0.997946 1.57784e-18)
(0.671844 0.946428 -1.98491e-20)
(0.559697 0.887905 5.00195e-18)
(0.459381 0.82774 -1.94373e-19)
(0.372706 0.76056 2.27966e-19)
(0.294617 0.680654 2.80536e-19)
(0.200079 0.591786 1.29934e-21)
(0.121115 0.948927 3.4795e-21)
(0.157304 2.67172 -2.70064e-18)
(0.169876 3.28199 -1.03511e-18)
(0.155998 3.42491 5.43178e-19)
(0.140351 3.44889 -6.06253e-19)
(0.157457 0.178556 -4.86941e-20)
(0.992251 1.00824 0)
(1.13225 1.16151 2.9023e-19)
(1.12569 1.18035 5.40567e-19)
(1.07615 1.1603 -9.10472e-19)
(1.01379 1.1322 -8.28552e-19)
(0.943921 1.09972 -7.08915e-19)
(0.862745 1.06368 1.27582e-18)
(0.769416 1.02228 -1.32156e-18)
(0.659938 0.972861 0)
(0.544881 0.917321 2.48606e-18)
(0.439877 0.861077 -1.40479e-18)
(0.345175 0.798933 0)
(0.25992 0.708527 2.55833e-19)
(0.173019 0.824841 6.10374e-19)
(0.172966 2.41672 -7.44239e-19)
(0.238431 3.31759 8.28731e-19)
(0.215534 3.44222 4.6642e-19)
(0.178624 3.46514 5.26999e-19)
(0.154617 3.47592 8.88374e-19)
(0.278089 0.26472 1.0019e-19)
(0.975725 1.01705 0)
(1.114 1.18602 -2.5957e-19)
(1.11153 1.21261 -4.96155e-19)
(1.06042 1.1931 8.44314e-19)
(0.997644 1.16552 7.66042e-19)
(0.926956 1.1344 9.18587e-19)
(0.845275 1.09954 9.7848e-20)
(0.750821 1.06027 1.34386e-18)
(0.63897 1.01469 2.36824e-18)
(0.519427 0.965352 1.47177e-19)
(0.407159 0.916852 1.2772e-18)
(0.297068 0.866659 2.18551e-19)
(0.229193 0.980944 -2.63044e-19)
(0.246884 2.26461 -5.98238e-19)
(0.312253 3.32223 6.01406e-19)
(0.298341 3.47681 -7.03846e-19)
(0.259748 3.49983 -4.13936e-19)
(0.220607 3.52751 -3.85548e-19)
(0.166346 3.51983 -3.61332e-20)
(0.266836 0.261858 0)
(0.97319 1.03928 -3.99012e-20)
(1.10604 1.20889 4.27251e-20)
(1.10178 1.23544 4.66791e-20)
(1.05055 1.21585 5.16985e-19)
(0.987876 1.18849 -7.25956e-19)
(0.916931 1.15756 -5.7566e-19)
(0.835205 1.12349 9.28298e-20)
(0.740497 1.08567 -1.4467e-18)
(0.627826 1.04285 -2.83501e-20)
(0.506337 0.998217 -4.66797e-18)
(0.390965 0.955723 1.80891e-19)
(0.284791 0.932834 -2.09535e-19)
(0.269111 1.44642 -2.51609e-19)
(0.349344 3.06161 3.50508e-20)
(0.377461 3.47307 2.17513e-21)
(0.333762 3.53736 1.1948e-18)
(0.294582 3.56103 6.39999e-19)
(0.243125 3.58499 -2.59957e-19)
(0.18145 3.57993 -2.1355e-19)
(0.250645 0.259392 -6.99231e-20)
(0.969065 1.06392 -2.41393e-19)
(1.09753 1.23376 1.19383e-19)
(1.09152 1.25969 1.78944e-19)
(1.04021 1.23991 0)
(0.977706 1.21257 -9.33275e-19)
(0.906777 1.18187 -8.04977e-19)
(0.825285 1.14856 8.75842e-20)
(0.730653 1.11224 -1.58133e-19)
(0.617695 1.07237 -2.2875e-18)
(0.495049 1.03275 -2.22175e-18)
(0.378527 0.997418 -1.54284e-18)
(0.289123 1.05463 -1.60323e-18)
(0.339504 2.1027 1.63823e-18)
(0.43923 3.37171 1.4211e-18)
(0.424937 3.53823 0)
(0.37408 3.58388 0)
(0.335532 3.62658 -2.27333e-19)
(0.277437 3.68902 0)
(0.193696 3.66035 -3.31716e-19)
(0.239648 0.260609 7.23852e-20)
(0.962786 1.08935 1.63563e-19)
(1.08763 1.25977 0)
(1.08002 1.28475 1.16893e-20)
(1.02871 1.26457 4.25989e-19)
(0.966482 1.2371 -1.29524e-18)
(0.895895 1.20665 -5.00134e-19)
(0.814854 1.17397 7.59846e-20)
(0.720552 1.13909 -1.14941e-18)
(0.607723 1.1021 1.24495e-19)
(0.484716 1.06761 0)
(0.369518 1.04198 0)
(0.316885 1.27411 -1.52599e-18)
(0.426495 2.78121 6.22242e-19)
(0.516446 3.49137 8.68063e-19)
(0.470725 3.57636 0)
(0.430747 3.6348 -3.1044e-19)
(0.387433 3.7026 2.23126e-19)
(0.34048 3.69349 -4.67897e-20)
(0.222161 3.67691 -7.20529e-21)
(0.231403 0.263637 -3.86781e-20)
(0.954601 1.11547 0)
(1.07621 1.28693 1.63574e-19)
(1.06732 1.31086 6.40344e-20)
(1.0162 1.29006 -1.59033e-19)
(0.954452 1.26233 0)
(0.884448 1.232 -7.44735e-20)
(0.80409 1.19987 -1.54466e-19)
(0.710427 1.16636 -1.41449e-19)
(0.598192 1.13221 2.21832e-18)
(0.47565 1.10288 -1.24213e-19)
(0.365836 1.09618 -1.22553e-18)
(0.367236 1.60433 -1.61984e-18)
(0.515703 3.21922 -1.91776e-19)
(0.577724 3.54664 -7.56985e-19)
(0.527535 3.60529 0)
(0.500595 3.68505 -3.7893e-19)
(0.462315 3.65499 1.46939e-19)
(0.372143 3.40328 2.46075e-20)
(0.265413 3.32898 -4.55279e-20)
(0.225727 0.268407 -4.8037e-20)
(0.944651 1.14205 0)
(1.06338 1.31517 9.88465e-20)
(1.05358 1.33806 -1.9439e-19)
(1.0029 1.31645 2.81575e-19)
(0.941879 1.28824 6.59386e-19)
(0.872692 1.2578 -1.16667e-18)
(0.793288 1.22605 4.54772e-20)
(0.70062 1.19373 0)
(0.589503 1.16224 1.90443e-18)
(0.468374 1.13792 3.83118e-18)
(0.370587 1.1689 -1.47683e-19)
(0.434539 2.01236 -1.58905e-18)
(0.594791 3.41266 0)
(0.625328 3.57882 -6.69304e-19)
(0.584019 3.64369 0)
(0.560812 3.65791 0)
(0.53759 3.42412 3.33676e-20)
(0.409842 2.35684 0)
(-0.182414 0.084547 1.79457e-20)
(0.221061 0.273768 1.06702e-20)
(0.933118 1.16944 2.1105e-20)
(1.04905 1.34473 7.12475e-20)
(1.03856 1.3667 -2.11481e-19)
(0.988535 1.3442 -2.35979e-19)
(0.928443 1.31542 -4.63859e-19)
(0.860303 1.28481 5.15354e-19)
(0.782127 1.25338 3.30707e-20)
(0.690823 1.22228 8.61735e-21)
(0.581351 1.19358 -1.37634e-19)
(0.462799 1.17493 -1.75957e-18)
(0.387026 1.27755 0)
(0.51694 2.48408 -1.16746e-18)
(0.667282 3.50568 -5.41715e-19)
(0.665101 3.59993 -1.00201e-18)
(0.640122 3.63716 -1.94315e-19)
(0.590836 3.51546 9.74604e-20)
(0.445351 2.60516 3.47009e-20)
(0.0358833 0.302929 0)
(-0.0827649 -0.135958 -5.95885e-20)
(0.216998 0.279953 1.13313e-22)
(0.919738 1.19755 7.17243e-21)
(1.03305 1.37558 5.95682e-20)
(1.02207 1.39679 2.00544e-19)
(0.972891 1.37341 -2.01795e-19)
(0.913952 1.34403 3.55493e-19)
(0.847137 1.31324 -3.35001e-19)
(0.770513 1.28218 8.91201e-19)
(0.680998 1.25237 9.64226e-19)
(0.573774 1.22665 -1.54416e-18)
(0.459433 1.21514 -3.08169e-18)
(0.418839 1.44112 0)
(0.606923 2.92132 0)
(0.730859 3.55217 1.9795e-19)
(0.70204 3.61309 0)
(0.676549 3.58529 -2.62711e-19)
(0.548955 3.06361 -2.06708e-19)
(0.142849 0.791993 0)
(-0.0943639 -0.149866 0)
(-0.0582358 -0.0881402 -1.03466e-19)
(0.212128 0.285671 -1.10178e-20)
(0.904303 1.22643 -6.33205e-21)
(1.01525 1.40767 -6.05138e-21)
(1.00396 1.42827 1.41218e-19)
(0.95583 1.40397 0)
(0.898307 1.37397 4.89943e-19)
(0.833128 1.34299 0)
(0.75843 1.31231 7.89369e-19)
(0.671208 1.28386 1.49738e-18)
(0.566909 1.26125 1.34009e-18)
(0.459188 1.26062 0)
(0.467665 1.66285 1.04682e-18)
(0.693894 3.23474 -1.04432e-18)
(0.782746 3.58017 1.9735e-19)
(0.744345 3.60436 2.93376e-19)
(0.677277 3.39253 -1.13471e-19)
(0.382024 2.00631 8.86152e-20)
(-0.058842 -0.0269843 8.46646e-20)
(-0.105761 -0.174068 1.4829e-19)
(-0.0385376 -0.0574378 1.14182e-19)
(0.206479 0.291177 5.96128e-20)
(0.886215 1.2559 1.81289e-20)
(0.995405 1.44091 -4.29482e-20)
(0.984052 1.46106 2.00302e-19)
(0.937225 1.43582 -2.89231e-19)
(0.881413 1.40513 0)
(0.81822 1.37392 -3.62509e-19)
(0.745881 1.34362 1.75762e-19)
(0.66151 1.31655 -6.29778e-21)
(0.560925 1.29716 -1.53981e-19)
(0.463293 1.31474 -1.25355e-18)
(0.531897 1.93669 1.79618e-19)
(0.771312 3.41033 5.06426e-19)
(0.824805 3.59241 1.55625e-19)
(0.777294 3.55332 -9.65152e-20)
(0.611428 2.92831 -1.14553e-20)
(0.108651 0.461726 -1.48101e-19)
(-0.106553 -0.177333 1.68537e-19)
(-0.098018 -0.16389 -4.91205e-20)
(-0.0294693 -0.0445123 -2.90584e-20)
(0.199364 0.295375 0)
(0.865246 1.28534 0)
(0.973247 1.47515 7.0389e-21)
(0.962166 1.49502 0)
(0.916928 1.46879 -1.62702e-19)
(0.863164 1.43733 -2.15291e-19)
(0.802362 1.40585 0)
(0.73286 1.37592 -7.28144e-20)
(0.651987 1.35021 -1.15252e-18)
(0.556019 1.33417 1.97295e-18)
(0.473332 1.38089 0)
(0.607582 2.23957 4.79251e-19)
(0.840111 3.50589 1.23844e-19)
(0.864161 3.58971 -2.29958e-20)
(0.785873 3.41087 -1.98346e-19)
(0.446081 2.06297 -5.32151e-21)
(-0.066487 -0.0501298 2.84186e-19)
(-0.118213 -0.198425 -8.17821e-20)
(-0.0861262 -0.143433 -2.18112e-19)
(-0.0223059 -0.034755 0)
(0.190959 0.298148 -3.38086e-20)
(0.841073 1.31407 8.62233e-20)
(0.948391 1.50998 1.1343e-20)
(0.938066 1.52992 0)
(0.894774 1.50266 -4.15581e-21)
(0.843434 1.47036 2.95711e-19)
(0.78547 1.43856 -3.23559e-19)
(0.719365 1.40893 -5.18356e-19)
(0.642698 1.38449 -6.15362e-19)
(0.5524 1.37207 8.11744e-19)
(0.490824 1.4618 8.26882e-19)
(0.693864 2.57788 -6.19626e-19)
(0.89929 3.55003 0)
(0.895864 3.57085 8.65832e-20)
(0.749152 3.12897 2.52041e-19)
(0.190664 0.794362 1.19372e-19)
(-0.116747 -0.157506 1.3183e-19)
(-0.119796 -0.219521 -3.88549e-20)
(-0.0725117 -0.136578 2.31125e-20)
(-0.0179444 -0.0301131 1.86006e-22)
(0.180649 0.299083 0)
(0.813067 1.34152 -6.1487e-20)
(0.920539 1.54472 -2.78036e-20)
(0.911508 1.56543 9.39521e-21)
(0.870565 1.53713 2.32633e-20)
(0.822075 1.50388 2.07209e-19)
(0.767462 1.47167 -1.16759e-19)
(0.705364 1.44227 1.18535e-19)
(0.633671 1.41895 -4.23218e-19)
(0.550231 1.41046 8.97626e-19)
(0.515842 1.55974 4.03245e-20)
(0.781901 2.88354 9.75742e-20)
(0.949954 3.56653 -4.88991e-19)
(0.916614 3.51355 -8.26079e-21)
(0.660397 2.66286 9.13185e-20)
(0.0143202 0.108746 1.23445e-19)
(-0.135858 -0.255413 0)
(-0.111739 -0.244429 0)
(-0.0422945 -0.109403 -3.89141e-19)
(-0.00698097 -0.0149424 2.5143e-20)
(0.167884 0.297766 -4.74936e-20)
(0.780525 1.36661 -7.15293e-20)
(0.889302 1.57892 3.41215e-20)
(0.882118 1.60108 0)
(0.844067 1.57179 5.61889e-20)
(0.798917 1.53748 0)
(0.748215 1.50476 2.56542e-19)
(0.690801 1.47548 8.92046e-20)
(0.624879 1.45308 -8.777e-20)
(0.549536 1.44889 4.80115e-19)
(0.548231 1.67208 -8.12184e-20)
(0.866906 3.12557 0)
(0.993699 3.56938 2.61686e-19)
(0.921908 3.40437 5.55527e-21)
(0.522106 2.04344 0)
(-0.0788177 -0.152768 -5.31317e-21)
(-0.0664748 -0.348146 -1.14491e-19)
(-0.00668881 -0.265647 1.25913e-19)
(0.0491664 -0.0403496 -3.76193e-20)
(0.0279219 0.0346476 0)
(0.153124 0.292759 5.30314e-20)
(0.742986 1.38741 -7.48781e-20)
(0.853938 1.61191 4.1354e-20)
(0.849757 1.63616 6.54375e-21)
(0.815038 1.60605 0)
(0.773769 1.57062 4.77387e-20)
(0.727568 1.53726 -2.30196e-19)
(0.675565 1.50791 -1.72311e-19)
(0.616274 1.48627 0)
(0.550291 1.48657 9.07614e-19)
(0.586536 1.79004 -6.95895e-19)
(0.940766 3.28531 0)
(1.03383 3.5657 -1.67713e-19)
(0.905991 3.25118 -1.53999e-21)
(0.339443 1.29157 5.51712e-20)
(-0.184679 -0.343478 -1.35639e-20)
(-0.117154 -0.476077 -5.10048e-20)
(0.0401975 -0.225955 -7.99512e-20)
(0.158682 0.1463 0)
(0.085083 0.148988 1.79789e-19)
(0.136456 0.283362 0)
(0.69976 1.40185 -1.50504e-19)
(0.814132 1.64219 -8.23112e-20)
(0.81395 1.66986 -2.62936e-20)
(0.783259 1.63925 1.38125e-20)
(0.746415 1.6026 0)
(0.705319 1.5685 5.15142e-20)
(0.659473 1.53881 -8.7149e-21)
(0.607782 1.5176 -3.75388e-19)
(0.552212 1.52283 5.58416e-20)
(0.626938 1.90286 2.19001e-19)
(1.00331 3.37873 -1.08387e-19)
(1.07482 3.54845 -1.12573e-20)
(0.877965 3.06941 -9.66772e-21)
(0.0726803 0.534046 8.4207e-20)
(-0.288762 -0.610483 -6.28701e-20)
(-0.17623 -0.615447 2.77479e-20)
(0.0473903 -0.151498 2.1872e-21)
(0.216796 0.332181 -1.16305e-20)
(0.114683 0.243598 -7.72024e-20)
(0.117928 0.268793 2.90824e-19)
(0.650009 1.40753 -1.7295e-19)
(0.768944 1.66794 7.39816e-20)
(0.774355 1.70109 3.46632e-20)
(0.748478 1.67058 0)
(0.716609 1.63267 3.99747e-21)
(0.68122 1.59771 1.04877e-19)
(0.642217 1.56735 5.59931e-20)
(0.599173 1.54591 1.49846e-19)
(0.554937 1.55606 -7.18544e-21)
(0.666386 1.99705 2.84463e-19)
(1.0569 3.42961 -1.27521e-19)
(1.11689 3.52683 2.71253e-20)
(0.900977 2.86068 5.28879e-20)
(0.116105 0.295103 -1.09401e-19)
(-0.124069 -0.875145 -4.81908e-20)
(-0.0499323 -0.671251 -1.1451e-20)
(0.118001 0.0706171 -1.204e-19)
(0.233201 0.543242 -2.35534e-20)
(0.0994523 0.239426 0)
(0.0975734 0.247985 -2.91834e-20)
(0.592997 1.40044 4.11725e-20)
(0.718106 1.68697 5.39757e-20)
(0.730857 1.72849 6.95246e-20)
(0.710527 1.69903 -2.62439e-20)
(0.68408 1.65994 -2.74622e-20)
(0.65493 1.62391 -7.2875e-20)
(0.623384 1.59259 1.33883e-19)
(0.589964 1.57008 -4.91507e-20)
(0.558308 1.58274 3.11438e-19)
(0.700311 2.06057 7.16404e-20)
(1.11077 3.45517 0)
(1.14798 3.51413 -2.64619e-20)
(0.893364 2.67277 0)
(0.0114976 -0.388885 -1.40775e-19)
(-0.265973 -0.728888 -6.95639e-20)
(-0.14348 -0.296678 -4.38958e-20)
(0.0875975 0.415918 5.58168e-20)
(0.173068 0.553038 0)
(0.0619255 0.171912 -3.1945e-20)
(0.076773 0.219709 1.09089e-21)
(0.529272 1.37521 -4.03883e-20)
(0.661529 1.69631 -1.12564e-19)
(0.683371 1.7508 3.62902e-20)
(0.669282 1.72356 -7.24347e-21)
(0.648547 1.68343 0)
(0.626016 1.64619 2.23633e-20)
(0.602397 1.61345 7.19685e-20)
(0.579428 1.58888 6.83947e-20)
(0.562861 1.59861 0)
(0.71927 2.07834 0)
(1.17435 3.45931 4.7873e-20)
(1.14477 3.53634 -9.51747e-21)
(0.711224 2.63382 1.35727e-20)
(-0.364157 0.307316 2.2035e-19)
(-1.00286 -0.372745 5.31141e-20)
(-1.04646 -0.551744 7.08369e-20)
(-0.256362 0.126777 0)
(0.160193 0.460794 -4.83058e-19)
(0.0959647 0.223379 -1.77052e-20)
(0.0557792 0.180927 -1.99113e-19)
(0.460096 1.32518 3.74742e-20)
(0.5996 1.69182 -2.46392e-20)
(0.631795 1.7666 -6.08316e-20)
(0.624828 1.74345 -2.46554e-20)
(0.609689 1.70226 -6.02831e-21)
(0.593764 1.66365 2.5324e-20)
(0.578372 1.62854 -6.02934e-20)
(0.566472 1.60063 1.2203e-19)
(0.566635 1.60393 0)
(0.73198 2.04423 3.69224e-20)
(1.25187 3.43111 1.59975e-20)
(1.25921 3.62654 -1.32261e-19)
(0.822738 2.86168 0)
(-0.100903 1.14408 -3.34948e-19)
(-0.861771 0.0320214 -7.48219e-19)
(-1.31459 -0.905062 1.65949e-18)
(-1.28349 -1.40417 -1.14973e-18)
(-0.788038 -1.17368 1.24903e-18)
(0.00577019 0.186463 -1.23282e-18)
(0.0358931 0.136269 -2.21453e-20)
(0.384942 1.24189 0)
(0.534039 1.66829 1.55277e-19)
(0.575899 1.77384 3.07815e-20)
(0.577241 1.75833 1.21694e-20)
(0.567065 1.71577 0)
(0.557287 1.67562 -1.91617e-20)
(0.549776 1.63705 -5.30722e-20)
(0.54856 1.60322 -5.33016e-20)
(0.566025 1.596 -1.48374e-19)
(0.729393 1.93096 0)
(1.35097 3.32059 -2.84452e-21)
(1.55239 3.63275 -1.29577e-19)
(1.43165 3.28057 -1.03148e-19)
(0.770884 1.74633 1.98789e-18)
(0.22683 0.435869 2.55973e-19)
(-0.255859 -0.736991 1.17947e-18)
(-0.563953 -1.54196 -4.64059e-18)
(-0.771862 -2.217 1.24776e-19)
(-0.3444 -1.15754 -6.44231e-20)
(0.0197799 0.090282 2.62531e-19)
(0.305183 1.11554 -1.1302e-19)
(0.463618 1.61779 -6.01357e-20)
(0.517205 1.7692 1.01003e-20)
(0.525786 1.76666 -1.25584e-20)
(0.520069 1.72393 -1.50243e-20)
(0.515568 1.68169 -6.68321e-21)
(0.514316 1.639 0)
(0.521164 1.59698 1.11962e-19)
(0.555166 1.56802 0)
(0.698353 1.76192 0)
(1.37932 3.03197 3.58161e-20)
(1.73483 3.43998 -1.31108e-20)
(1.82531 3.22056 -9.22593e-20)
(1.5937 2.29393 0)
(1.04823 0.960985 0)
(0.537193 -0.226288 -3.24787e-19)
(0.0948837 -1.17483 8.16285e-20)
(-0.271926 -1.88403 -3.54181e-19)
(-0.318866 -1.55889 -1.01396e-20)
(0.00820947 0.047347 0)
(0.218605 0.923818 1.14627e-20)
(0.388027 1.52899 0)
(0.455102 1.74899 -1.64725e-20)
(0.469624 1.76543 0)
(0.46814 1.72735 3.82222e-21)
(0.466916 1.68294 -1.01382e-20)
(0.46969 1.63468 2.72327e-20)
(0.480771 1.5824 3.87553e-21)
(0.517019 1.52274 -2.7591e-20)
(0.606875 1.5936 -1.31336e-19)
(1.16458 2.45658 -1.52497e-20)
(1.61526 3.1485 7.33015e-20)
(1.75784 3.03336 1.39689e-19)
(1.70021 2.53475 -2.99703e-19)
(1.37465 1.65033 4.89646e-19)
(0.925076 0.649167 5.3868e-20)
(0.484097 -0.276885 0)
(0.10741 -1.00039 -2.33467e-20)
(-0.100914 -0.970478 0)
(0.00194991 0.0120528 3.66907e-20)
(0.133695 0.674162 -5.34222e-22)
(0.304712 1.37786 2.70774e-21)
(0.389116 1.70503 0)
(0.408939 1.75578 1.59756e-22)
(0.410434 1.72777 3.54337e-21)
(0.410315 1.68096 5.47863e-21)
(0.413305 1.62729 3.0748e-20)
(0.424797 1.56328 0)
(0.438723 1.48594 -6.90415e-20)
(0.496688 1.4499 7.04539e-22)
(0.671432 1.78258 -2.44108e-20)
(1.25407 2.79026 -1.40264e-19)
(1.37103 2.9064 -3.50194e-19)
(1.34446 2.7237 0)
(1.16247 2.22578 -8.46655e-19)
(0.857365 1.55696 -1.33459e-18)
(0.523982 0.868042 -1.52741e-18)
(0.235824 0.275215 1.80155e-18)
(0.0203079 -0.0586705 -2.13467e-18)
(4.23762e-05 -0.0148787 1.43985e-20)
(0.0643495 0.393989 1.50167e-21)
(0.205205 1.12205 9.58836e-21)
(0.311472 1.61193 0)
(0.341905 1.73773 0)
(0.346015 1.72891 4.01062e-21)
(0.345286 1.67803 6.60861e-21)
(0.345906 1.62083 0)
(0.350117 1.55072 -4.81738e-34)
(0.347685 1.46492 -1.86491e-20)
(0.364784 1.40236 0)
(0.394988 1.51107 -3.15001e-20)
(0.688187 2.32436 3.46724e-20)
(0.91582 2.8955 -7.73913e-20)
(0.855685 2.92401 3.5433e-20)
(0.758071 2.7621 2.65953e-20)
(0.581089 2.38445 0)
(0.375898 1.9204 -2.2487e-20)
(0.187485 1.47402 -2.71253e-20)
(0.0317932 0.68539 -4.65361e-19)
(0.00237718 -0.0286763 0)
(0.0283541 0.175936 0)
(0.112817 0.798933 0)
(0.222185 1.45699 0)
(0.266259 1.70402 0)
(0.274306 1.72212 0)
(0.275418 1.67631 0)
(0.278314 1.61629 0)
(0.278494 1.54965 0)
(0.277267 1.46678 0)
(0.268903 1.39549 0)
(0.275943 1.44629 0)
(0.33072 1.94222 0)
(0.580472 2.83745 0)
(0.556788 3.04651 0)
(0.484383 3.03866 0)
(0.371046 2.82622 0)
(0.233756 2.47359 0)
(0.100101 2.08481 0)
(0.00131509 0.996495 0)
(0.00479976 -0.0702298 0)
(0.026025 0.0558753 0)
(0.063803 0.562237 0)
(0.143008 1.29343 0)
(0.187458 1.65645 0)
(0.199052 1.70863 0)
(0.204622 1.67217 0)
(0.210945 1.61258 0)
(0.214562 1.54856 0)
(0.215432 1.47316 0)
(0.200905 1.40314 0)
(0.193252 1.4435 0)
(0.180754 1.77532 0)
(0.353441 2.77003 0)
(0.34976 3.14355 0)
(0.296077 3.22025 0)
(0.220837 3.10814 0)
(0.124265 2.81382 0)
(0.0369349 2.44092 0)
(-0.00795141 1.05232 0)
(0.0100781 -0.14035 0)
(0.0277372 -0.0136847 0)
(0.0353746 0.469494 0)
(0.0679201 1.1818 0)
(0.101758 1.60934 0)
(0.120225 1.68954 0)
(0.133202 1.66169 0)
(0.146242 1.60409 0)
(0.155997 1.54416 0)
(0.160524 1.47823 0)
(0.148965 1.41389 0)
(0.138033 1.45716 0)
(0.113998 1.71838 0)
(0.212431 2.69926 0)
(0.203409 3.19667 0)
(0.160355 3.34037 0)
(0.110092 3.28662 0)
(0.0459287 3.03026 0)
(-0.00619838 2.63638 0)
(-0.00927927 0.993491 0)
(0.00656114 -0.195392 0)
(0.00372158 -0.0160292 0)
(-0.0130801 0.481075 0)
(-0.0145802 1.13938 0)
(0.00852518 1.56414 0)
(0.0384303 1.65824 0)
(0.0644687 1.63865 0)
(0.0872598 1.58733 0)
(0.104303 1.53495 0)
(0.113882 1.48001 0)
(0.107975 1.42168 0)
(0.0971989 1.46779 0)
(0.0783412 1.70427 0)
(0.122141 2.65825 0)
(0.104812 3.23107 0)
(0.0714932 3.41964 0)
(0.0369496 3.39636 0)
(-0.00289646 3.15986 0)
(-0.0312483 2.70732 0)
(-0.00847436 0.872293 0)
(-0.0056157 -0.17002 0)
(-0.0360655 0.0624231 0)
(-0.0715643 0.548457 0)
(-0.0860141 1.13087 0)
(-0.0666588 1.50764 0)
(-0.0289071 1.6058 0)
(0.00759324 1.59921 0)
(0.0385476 1.56119 0)
(0.0615969 1.52039 0)
(0.0752834 1.47675 0)
(0.072421 1.42553 0)
(0.0660615 1.47409 0)
(0.0558798 1.71202 0)
(0.0619988 2.65817 0)
(0.0390335 3.26808 0)
(0.0132316 3.47854 0)
(-0.010482 3.4654 0)
(-0.032724 3.23136 0)
(-0.0388871 2.6883 0)
(-0.00574651 0.758066 0)
(-0.0137482 -0.067279 0)
(-0.055988 0.193463 0)
(-0.0993153 0.634534 0)
(-0.117328 1.1288 0)
(-0.100704 1.4438 0)
(-0.0643902 1.54238 0)
(-0.0272589 1.55111 0)
(0.00479382 1.53052 0)
(0.0290457 1.50337 0)
(0.0443833 1.4711 0)
(0.0440052 1.42684 0)
(0.0403953 1.47523 0)
(0.038838 1.72553 0)
(0.0178538 2.68763 0)
(-0.00888296 3.30612 0)
(-0.0283058 3.52194 0)
(-0.0419126 3.50523 0)
(-0.0514579 3.25801 0)
(-0.0421074 2.60762 0)
(-0.00409291 0.659022 0)
(-0.0133455 0.055141 0)
(-0.0525306 0.332882 0)
(-0.0917975 0.719213 0)
(-0.110557 1.13216 0)
(-0.097467 1.39392 0)
(-0.0701795 1.48918 0)
(-0.0401082 1.50827 0)
(-0.0128191 1.50074 0)
(0.00850648 1.48574 0)
(0.0224045 1.46472 0)
(0.0184158 1.42914 0)
(0.0177536 1.47251 0)
(0.0190234 1.74349 0)
(-0.018689 2.7347 0)
(-0.0450453 3.34103 0)
(-0.0600854 3.5482 0)
(-0.0644196 3.52027 0)
(-0.0631659 3.24878 0)
(-0.0422096 2.48681 0)
(-0.00334285 0.573814 0)
(-0.00941195 0.154627 0)
(-0.0385289 0.450324 0)
(-0.0697746 0.791761 0)
(-0.083986 1.13915 0)
(-0.0774473 1.36242 0)
(-0.0601203 1.45242 0)
(-0.0391194 1.47566 0)
(-0.0198507 1.47734 0)
(-0.00367744 1.47263 0)
(0.00422211 1.46159 0)
(-0.00382011 1.43351 0)
(-0.00943411 1.46984 0)
(-0.0199794 1.77162 0)
(-0.0528719 2.78518 0)
(-0.0741018 3.36152 0)
(-0.080399 3.55439 0)
(-0.0775929 3.51274 0)
(-0.0681753 3.21084 0)
(-0.0389722 2.34494 0)
(-0.00264939 0.500811 0)
(-0.0059848 0.222794 0)
(-0.0261187 0.537721 0)
(-0.0499077 0.849595 0)
(-0.0609721 1.14597 0)
(-0.0560633 1.34489 0)
(-0.0450813 1.42926 0)
(-0.0311347 1.45344 0)
(-0.0176614 1.46134 0)
(-0.00777824 1.46526 0)
(-0.00634531 1.46326 0)
(-0.0181485 1.44359 0)
(-0.0397592 1.47651 0)
(-0.0600754 1.80236 0)
(-0.0839738 2.82752 0)
(-0.0956645 3.37286 0)
(-0.0921893 3.54721 0)
(-0.0817893 3.4907 0)
(-0.066757 3.15384 0)
(-0.0340409 2.19995 0)
(-0.00194472 0.440433 0)
(-0.0040389 0.268473 0)
(-0.0180725 0.600711 0)
(-0.0362976 0.896414 0)
(-0.0464436 1.14993 0)
(-0.0405998 1.33002 0)
(-0.0302841 1.41272 0)
(-0.0193074 1.43928 0)
(-0.00824478 1.45044 0)
(-0.00315424 1.46078 0)
(-0.00514633 1.46845 0)
(-0.0264572 1.46488 0)
(-0.0650658 1.49966 0)
(-0.0895654 1.8316 0)
(-0.0983377 2.84885 0)
(-0.101495 3.36809 0)
(-0.0946452 3.52774 0)
(-0.0819408 3.45682 0)
(-0.0644727 3.08438 0)
(-0.0315061 2.05889 0)
(-0.00145259 0.390488 0)
(-0.00302568 0.300548 0)
(-0.0127595 0.645978 0)
(-0.0263761 0.93589 0)
(-0.0368509 1.15584 0)
(-0.032506 1.31239 0)
(-0.0200927 1.39468 0)
(-0.00747618 1.42713 0)
(0.0020261 1.44344 0)
(0.00698145 1.45885 0)
(-0.000800767 1.47824 0)
(-0.029477 1.49611 0)
(-0.073148 1.53125 0)
(-0.0941845 1.85534 0)
(-0.0959291 2.85292 0)
(-0.0953995 3.36084 0)
(-0.0904665 3.50596 0)
(-0.0795049 3.42193 0)
(-0.0629918 3.01491 0)
(-0.0296084 1.92023 0)
(-0.000822722 0.34924 0)
(-0.00232571 0.323175 0)
(-0.00832035 0.67611 0)
(-0.0169294 0.966825 0)
(-0.0257035 1.1666 0)
(-0.0242056 1.29612 0)
(-0.0110853 1.37221 0)
(0.00557224 1.4106 0)
(0.0174194 1.43597 0)
(0.0246526 1.46011 0)
(0.0119836 1.49447 0)
(-0.0201755 1.53041 0)
(-0.0624133 1.5617 0)
(-0.075484 1.87492 0)
(-0.0833907 2.84807 0)
(-0.0847043 3.35845 0)
(-0.0868806 3.49559 0)
(-0.0799599 3.39794 0)
(-0.0668666 2.94896 0)
(-0.0295086 1.77345 0)
(-0.000428456 0.314639 0)
(-0.00163631 0.337327 0)
(-0.00401681 0.691274 0)
(-0.00709897 0.984278 0)
(-0.0105559 1.1753 0)
(-0.00785142 1.28239 0)
(0.00668106 1.34591 0)
(0.0286492 1.3861 0)
(0.0481038 1.42236 0)
(0.0597041 1.46258 0)
(0.0513846 1.51245 0)
(0.014763 1.56724 0)
(-0.0345626 1.58949 0)
(-0.0429485 1.89156 0)
(-0.066441 2.85055 0)
(-0.0778398 3.37181 0)
(-0.0886916 3.49823 0)
(-0.0907232 3.3816 0)
(-0.0792395 2.86821 0)
(-0.0316895 1.60297 0)
(-0.000999229 0.282278 0)
(-0.000894002 0.343044 0)
(-2.42154e-05 0.692539 0)
(0.00218338 0.985177 0)
(0.00600816 1.17125 0)
(0.0156496 1.26298 0)
(0.0359822 1.31293 0)
(0.0653625 1.35172 0)
(0.0957813 1.3974 0)
(0.117474 1.45515 0)
(0.119381 1.52936 0)
(0.0769328 1.61274 0)
(0.00803233 1.62906 0)
(-0.0246975 1.91079 0)
(-0.0643921 2.87836 0)
(-0.087575 3.40631 0)
(-0.104727 3.51443 0)
(-0.109732 3.375 0)
(-0.0892523 2.76614 0)
(-0.0281875 1.42368 0)
(-0.000825933 0.247869 0)
(-9.99543e-05 0.340376 0)
(0.00428435 0.680456 0)
(0.0108021 0.97057 0)
(0.021812 1.14865 0)
(0.0412153 1.22794 0)
(0.0714409 1.26754 0)
(0.111146 1.30471 0)
(0.154467 1.35753 0)
(0.19468 1.42909 0)
(0.20678 1.54562 0)
(0.161618 1.67223 0)
(0.0576258 1.70228 0)
(-0.0318299 1.95582 0)
(-0.088913 2.93246 0)
(-0.118768 3.44883 0)
(-0.131991 3.53555 0)
(-0.126456 3.35295 0)
(-0.0912631 2.61486 0)
(-0.0242499 1.25083 0)
(-0.000875471 0.215021 0)
(0.000992024 0.328107 0)
(0.00855127 0.657249 0)
(0.0190989 0.942146 0)
(0.0369348 1.1067 0)
(0.0666503 1.17264 0)
(0.108764 1.20469 0)
(0.162232 1.24001 0)
(0.223381 1.2957 0)
(0.28787 1.38746 0)
(0.320771 1.55752 0)
(0.260827 1.75431 0)
(0.103879 1.82946 0)
(-0.0510356 2.04996 0)
(-0.128081 3.00731 0)
(-0.159239 3.48382 0)
(-0.163216 3.5382 0)
(-0.144836 3.28333 0)
(-0.0869099 2.39795 0)
(-0.0149275 1.09923 0)
(-0.000194855 0.194645 0)
(0.00245878 0.305097 0)
(0.0131741 0.623481 0)
(0.0273907 0.900795 0)
(0.0516702 1.04616 0)
(0.0910735 1.09659 0)
(0.145596 1.12087 0)
(0.216111 1.15141 0)
(0.302036 1.20477 0)
(0.391413 1.32633 0)
(0.445752 1.56879 0)
(0.346545 1.87299 0)
(0.13605 2.01082 0)
(-0.0711054 2.20016 0)
(-0.167998 3.10088 0)
(-0.207362 3.50559 0)
(-0.19948 3.51321 0)
(-0.164711 3.15604 0)
(-0.0813113 2.16617 0)
(-0.00496895 0.978469 0)
(0.000721549 0.188186 0)
(0.00421215 0.270496 0)
(0.0174301 0.581031 0)
(0.0344509 0.847933 0)
(0.0641226 0.969105 0)
(0.111296 1.00222 0)
(0.176389 1.01574 0)
(0.263336 1.0356 0)
(0.374671 1.08562 0)
(0.491381 1.23828 0)
(0.533743 1.6031 0)
(0.395006 2.03269 0)
(0.143393 2.23277 0)
(-0.0934308 2.38999 0)
(-0.220736 3.2242 0)
(-0.26247 3.51186 0)
(-0.250937 3.45969 0)
(-0.180636 2.95535 0)
(-0.060517 1.82517 0)
(0.00451165 0.903741 0)
(0.0028435 0.209716 0)
(0.00586028 0.22616 0)
(0.0199502 0.534304 0)
(0.0378709 0.787447 0)
(0.0701054 0.881201 0)
(0.120575 0.896041 0)
(0.190704 0.894786 0)
(0.286991 0.897742 0)
(0.411881 0.945973 0)
(0.540623 1.14633 0)
(0.55622 1.65863 0)
(0.387293 2.22661 0)
(0.105404 2.47822 0)
(-0.150511 2.62366 0)
(-0.296682 3.36505 0)
(-0.343971 3.52393 0)
(-0.320291 3.36792 0)
(-0.233087 2.67526 0)
(-0.0523858 1.48982 0)
(-0.00571831 0.838994 0)
(0.00188479 0.238321 0)
(0.00675803 0.177964 0)
(0.0191273 0.490942 0)
(0.0346894 0.727455 0)
(0.064517 0.793809 0)
(0.110919 0.791124 0)
(0.17623 0.772458 0)
(0.267878 0.754829 0)
(0.385053 0.802262 0)
(0.487495 1.07585 0)
(0.470858 1.73635 0)
(0.285466 2.44131 0)
(0.0112196 2.72915 0)
(-0.24317 2.87682 0)
(-0.405669 3.50257 0)
(-0.450511 3.54594 0)
(-0.407016 3.22029 0)
(-0.203508 2.10959 0)
(-0.0739805 1.2593 0)
(-0.0216774 0.73087 0)
(-3.58883e-05 0.236917 0)
(0.00627301 0.1356 0)
(0.013781 0.461183 0)
(0.0231225 0.680391 0)
(0.0438622 0.723096 0)
(0.0771305 0.705711 0)
(0.124958 0.669938 0)
(0.192866 0.634881 0)
(0.274127 0.689799 0)
(0.318569 1.05001 0)
(0.259525 1.83297 0)
(0.0821512 2.64017 0)
(-0.147433 2.96224 0)
(-0.381259 3.13881 0)
(-0.534958 3.61007 0)
(-0.566936 3.55006 0)
(-0.435987 2.86329 0)
(-0.162224 1.6945 0)
(-0.0786909 1.06937 0)
(-0.0295597 0.59033 0)
(-0.00177757 0.202092 0)
(0.0040783 0.110397 0)
(0.00423183 0.455665 0)
(0.00354786 0.660597 0)
(0.00923854 0.686219 0)
(0.020783 0.659603 0)
(0.039874 0.612252 0)
(0.0669689 0.568527 0)
(0.0894342 0.643437 0)
(0.0624766 1.07576 0)
(-0.0277951 1.92923 0)
(-0.165584 2.81222 0)
(-0.336025 3.14047 0)
(-0.535479 3.40646 0)
(-0.657603 3.69923 0)
(-0.648685 3.41329 0)
(-0.311416 2.12247 0)
(-0.15119 1.42644 0)
(-0.0752421 0.91015 0)
(-0.0312255 0.452437 0)
(-0.00263829 0.153003 0)
(0.000657618 0.111308 0)
(-0.00839513 0.483677 0)
(-0.021375 0.680072 0)
(-0.0340477 0.696067 0)
(-0.0484148 0.666909 0)
(-0.0648637 0.617207 0)
(-0.0868971 0.573413 0)
(-0.131901 0.670305 0)
(-0.224708 1.14643 0)
(-0.332603 2.02018 0)
(-0.410079 2.92238 0)
(-0.500601 3.25428 0)
(-0.686613 3.6556 0)
(-0.750943 3.75218 0)
(-0.628275 2.99128 0)
(-0.271907 1.63266 0)
(-0.152639 1.17965 0)
(-0.0836186 0.761724 0)
(-0.0381976 0.313107 0)
(-0.0048852 0.0857949 0)
(-0.00313868 0.140998 0)
(-0.0202439 0.545666 0)
(-0.0463009 0.744573 0)
(-0.0794546 0.759151 0)
(-0.119576 0.731657 0)
(-0.172551 0.689517 0)
(-0.243195 0.653759 0)
(-0.344806 0.761318 0)
(-0.473538 1.25056 0)
(-0.58945 2.08969 0)
(-0.602757 2.95614 0)
(-0.606674 3.32258 0)
(-0.705826 3.76613 0)
(-0.724248 3.71037 0)
(-0.520977 2.40501 0)
(-0.313177 1.31828 0)
(-0.170158 0.935491 0)
(-0.092474 0.603312 0)
(-0.0443719 0.164805 0)
(-0.00767043 -0.0164591 0)
(-0.00594958 0.195221 0)
(-0.028416 0.636159 0)
(-0.0656527 0.849145 0)
(-0.116707 0.870014 0)
(-0.181058 0.850076 0)
(-0.265454 0.818976 0)
(-0.378891 0.796911 0)
(-0.521151 0.900807 0)
(-0.649649 1.36061 0)
(-0.730376 2.13675 0)
(-0.693008 2.90762 0)
(-0.614297 3.33002 0)
(-0.62144 3.75594 0)
(-0.550327 3.58473 0)
(-0.325604 2.04544 0)
(-0.215262 1.03352 0)
(-0.113985 0.712979 0)
(-0.0623385 0.470047 0)
(-0.0329927 0.050106 0)
(-0.00715509 -0.135391 0)
(-0.00162225 0.0556762 0)
(-0.0178965 0.518418 0)
(-0.0507222 0.915424 0)
(-0.103159 1.03324 0)
(-0.176097 1.03548 0)
(-0.271948 1.02636 0)
(-0.399761 1.01411 0)
(-0.566606 1.03076 0)
(-0.740365 1.21647 0)
(-0.797119 1.75437 0)
(-0.73991 2.4855 0)
(-0.621342 3.02578 0)
(-0.543872 3.52427 0)
(-0.371218 3.5169 0)
(-0.127385 2.58088 0)
(0.0605569 1.20315 0)
(0.0741702 0.751027 0)
(0.0432779 0.587712 0)
(0.0179603 0.290251 0)
(0.000144183 -0.183755 0)
(0.128173 2.73429 1.42729e-21)
(0.125181 3.56428 0)
(0.127627 3.59481 3.60645e-19)
(0.12848 3.53454 -5.08271e-19)
(0.121608 3.48653 5.53218e-19)
(0.111191 3.45873 1.28388e-18)
(0.101882 3.43699 -1.41946e-18)
(0.0897843 3.3982 -6.63338e-19)
(0.0588499 2.96207 -6.49372e-19)
(0.0138821 0.724241 2.87771e-21)
(0.0684499 2.40956 -3.93721e-19)
(0.0659706 3.44659 -4.57276e-19)
(0.0755199 3.54016 0)
(0.07921 3.49645 1.16375e-18)
(0.077943 3.45973 -6.14176e-19)
(0.0738004 3.43929 7.02267e-19)
(0.0690892 3.4264 -2.27964e-20)
(0.0629523 3.40747 -7.48902e-19)
(0.0482557 3.03706 -7.96534e-19)
(-0.00590392 0.820408 -7.01995e-21)
(0.0455356 2.29182 9.38455e-19)
(0.0369 3.3911 7.95392e-21)
(0.0417154 3.50009 -6.18234e-19)
(0.0466207 3.4655 2.029e-20)
(0.0485067 3.43666 5.34043e-22)
(0.0487492 3.42226 0)
(0.0493974 3.4154 -7.66137e-19)
(0.0505262 3.40641 -7.9447e-19)
(0.042617 3.07747 8.12417e-19)
(-0.00961501 0.867403 8.30659e-19)
(0.0281625 2.24147 2.76944e-19)
(0.0167148 3.35994 -8.81355e-19)
(0.0186213 3.46864 -6.30533e-19)
(0.0246099 3.43925 2.16835e-20)
(0.0291613 3.41567 -3.67249e-19)
(0.0330374 3.40515 -3.60369e-19)
(0.0378781 3.40179 -3.98509e-19)
(0.0431707 3.39892 1.28793e-20)
(0.0394023 3.11033 4.03888e-19)
(-0.0115331 0.911629 5.96366e-21)
(0.0168556 2.23246 -2.95353e-19)
(0.000675638 3.34316 1.26265e-20)
(0.00274041 3.44178 6.91573e-19)
(0.0100698 3.41531 3.82039e-19)
(0.0168673 3.39513 0)
(0.0235011 3.38681 2.46407e-20)
(0.0311346 3.3855 1.76709e-20)
(0.0391216 3.3874 -4.34942e-19)
(0.0390351 3.13763 -1.35292e-20)
(-0.012608 0.956764 4.42978e-19)
(0.00928028 2.25879 3.49163e-19)
(-0.0124034 3.33486 1.07857e-20)
(-0.00782952 3.41727 -3.84604e-19)
(0.000385502 3.39191 -3.64826e-19)
(0.00890948 3.37373 3.69772e-19)
(0.0177276 3.36657 -3.84141e-19)
(0.0275182 3.36653 0)
(0.0377848 3.37222 -8.84288e-19)
(0.041535 3.1606 4.48881e-19)
(-0.0126855 1.00957 -9.26172e-19)
(0.00130052 2.30875 5.63707e-21)
(-0.0223436 3.32979 0)
(-0.0162296 3.39322 -3.81452e-19)
(-0.00664675 3.36756 0)
(0.00345326 3.35034 -4.2485e-19)
(0.0142727 3.34365 0)
(0.0261556 3.34435 -3.87125e-20)
(0.0387853 3.35303 -4.57476e-19)
(0.0466512 3.17953 -7.3849e-21)
(-0.0113781 1.077 4.81047e-19)
(-0.0075982 2.37894 2.94418e-21)
(-0.0315388 3.32442 -4.11903e-19)
(-0.023926 3.36728 4.26388e-19)
(-0.012648 3.34056 0)
(-0.000714973 3.32362 0)
(0.0122741 3.31698 0)
(0.0264595 3.31807 -4.8018e-19)
(0.0417842 3.32911 6.84888e-23)
(0.0540223 3.1932 -5.01648e-19)
(-0.00820158 1.1636 5.18684e-19)
(-0.0197253 2.46745 6.2818e-21)
(-0.0417412 3.31485 1.30903e-20)
(-0.0320784 3.33672 4.11395e-19)
(-0.0184341 3.30896 0)
(-0.00411872 3.29205 0)
(0.011359 3.28544 3.02435e-20)
(0.0280945 3.28689 4.62541e-19)
(0.0464057 3.29982 5.2434e-19)
(0.0629398 3.20091 4.99667e-19)
(-0.00234109 1.27814 0)
(-0.036445 2.5729 8.52157e-19)
(-0.0532281 3.29687 -1.46681e-22)
(-0.0408142 3.29923 2.19724e-19)
(-0.0241164 3.2713 4.43299e-19)
(-0.00680979 3.25479 2.17791e-22)
(0.011455 3.24854 -4.7672e-19)
(0.0307616 3.25048 5.59373e-19)
(0.0518298 3.26474 8.0335e-19)
(0.0716148 3.20073 -8.81017e-21)
(0.00634666 1.42692 2.84874e-19)
(-0.0571571 2.6915 -2.38642e-19)
(-0.0645962 3.26729 2.28685e-19)
(-0.0485445 3.25399 5.24532e-19)
(-0.0288573 3.22793 3.23392e-20)
(-0.00865308 3.21273 0)
(0.0119783 3.20719 -2.71786e-19)
(0.0335262 3.20946 -2.89954e-19)
(0.0566301 3.22411 -1.82477e-20)
(0.0787049 3.19104 0)
(0.0173916 1.61302 -6.19125e-19)
(-0.0777092 2.81444 -7.72107e-21)
(-0.0730119 3.22627 -1.58986e-20)
(-0.0529564 3.20363 -2.62197e-19)
(-0.0311203 3.18073 -3.15713e-19)
(-0.00952102 3.16742 3.25801e-19)
(0.0119833 3.16284 6.26507e-19)
(0.0346039 3.16546 -3.09312e-19)
(0.0587464 3.17958 -1.9492e-20)
(0.082589 3.17186 -1.00885e-20)
(0.029707 1.83558 -6.63049e-19)
(-0.0912848 2.92812 3.53486e-23)
(-0.0751629 3.17806 -2.62602e-19)
(-0.0531713 3.15094 2.81249e-19)
(-0.0314082 3.13042 0)
(-0.00966344 3.11851 -7.62285e-20)
(0.0121482 3.1152 3.92697e-20)
(0.0344785 3.11921 -1.64763e-19)
(0.0573055 3.13365 -3.50692e-19)
(0.0812454 3.14465 -2.1582e-20)
(0.040137 2.09269 0)
(-0.0942451 3.01689 8.71385e-21)
(-0.073404 3.12426 -1.83505e-20)
(-0.053015 3.09463 1.55933e-19)
(-0.031759 3.07653 1.5523e-19)
(-0.00944319 3.067 1.24199e-19)
(0.0129704 3.06526 0)
(0.0352134 3.06989 0)
(0.0563748 3.08469 2.03235e-19)
(0.0780324 3.10953 1.85338e-19)
(0.04697 2.37989 0)
(-0.0977818 3.04863 5.43058e-20)
(-0.071004 3.05663 1.55286e-19)
(-0.0469364 3.03649 0)
(-0.0258556 3.02739 4.16591e-20)
(-0.00714423 3.02314 4.47313e-24)
(0.0101924 3.02269 4.38295e-20)
(0.0287999 3.02477 -9.00207e-20)
(0.0498366 3.03298 9.57868e-20)
(0.0801951 3.05608 2.43522e-20)
(0.0507466 2.66631 1.04253e-19)
(-0.0535182 2.99796 -2.89632e-22)
(-0.0251497 3.00017 -3.6672e-20)
(-0.0134533 3.00088 0)
(-0.00725242 3.00085 3.67443e-20)
(-0.00248606 3.00131 -3.6152e-20)
(0.00233076 3.00078 3.81053e-20)
(0.00692905 2.9999 0)
(0.0138825 2.99947 4.12933e-20)
(0.0297374 2.99958 -4.34893e-20)
(0.0276273 2.90802 0)
(0.53311 -0.0342558 0)
(1.0554 -0.0888924 0)
(1.04642 -0.072604 0)
(1.02117 -0.0478094 0)
(1.00961 -0.0301336 0)
(1.00453 -0.0182853 0)
(1.00232 -0.0110405 0)
(1.00128 -0.00656294 0)
(1.00077 -0.00356853 0)
(1.00054 -0.00131725 0)
(1.00049 0.000665416 0)
(1.00061 0.00273598 0)
(1.00095 0.0052454 0)
(1.00167 0.00882045 0)
(1.00319 0.0144222 0)
(1.00654 0.0236908 0)
(1.01432 0.0384094 0)
(1.03121 0.0591448 0)
(1.06137 0.0845937 0)
(0.939252 0.0856185 0)
(0.263585 -0.00534607 0)
(1.00614 -0.0569097 0)
(1.10342 -0.058083 0)
(1.0686 -0.0479795 0)
(1.03964 -0.0388298 0)
(1.02185 -0.0293179 0)
(1.01199 -0.0204057 0)
(1.00686 -0.0131145 0)
(1.00425 -0.00742465 0)
(1.00302 -0.00278105 0)
(1.00277 0.00147707 0)
(1.00344 0.0058511 0)
(1.00522 0.0108365 0)
(1.00889 0.0171899 0)
(1.01605 0.0252468 0)
(1.02948 0.0345573 0)
(1.05249 0.0438361 0)
(1.08833 0.0535893 0)
(1.09215 0.0590739 0)
(0.723481 0.030978 0)
(0.192046 -0.000796697 0)
(0.883842 -0.0300481 0)
(1.10309 -0.0460817 0)
(1.08896 -0.0416359 0)
(1.05857 -0.0345941 0)
(1.03789 -0.0283579 0)
(1.02387 -0.0221525 0)
(1.01496 -0.0157388 0)
(1.00977 -0.00951593 0)
(1.00714 -0.0036387 0)
(1.00658 0.00212806 0)
(1.00804 0.00790361 0)
(1.01174 0.0137932 0)
(1.01858 0.0200158 0)
(1.02986 0.0261834 0)
(1.04698 0.0321633 0)
(1.07192 0.0385601 0)
(1.10345 0.0454045 0)
(1.04804 0.0425201 0)
(0.56341 0.0101455 0)
(0.163868 -0.000567139 0)
(0.784627 -0.0174342 0)
(1.08436 -0.0368632 0)
(1.09909 -0.0369765 0)
(1.06876 -0.0318951 0)
(1.04753 -0.0265123 0)
(1.03297 -0.0211025 0)
(1.0228 -0.0156422 0)
(1.01608 -0.00989265 0)
(1.01232 -0.00379053 0)
(1.01145 0.00258741 0)
(1.01357 0.00882288 0)
(1.01859 0.0145524 0)
(1.02686 0.0199131 0)
(1.03899 0.0250729 0)
(1.05649 0.0302825 0)
(1.08239 0.0353462 0)
(1.10478 0.0387878 0)
(0.986194 0.030322 0)
(0.479418 0.00534617 0)
(0.146431 -0.000415344 0)
(0.710182 -0.011561 0)
(1.0566 -0.0297794 0)
(1.10401 -0.0323666 0)
(1.07731 -0.0288841 0)
(1.05495 -0.0246745 0)
(1.0398 -0.0199309 0)
(1.02931 -0.0148158 0)
(1.02208 -0.00938334 0)
(1.01772 -0.0034561 0)
(1.01663 0.00294014 0)
(1.01908 0.00908653 0)
(1.02458 0.0144901 0)
(1.03318 0.0194533 0)
(1.04566 0.0240876 0)
(1.06401 0.0282725 0)
(1.0912 0.0320781 0)
(1.09946 0.0333685 0)
(0.925188 0.0225488 0)
(0.426697 0.00363314 0)
(0.134105 -0.000311662 0)
(0.653953 -0.00837277 0)
(1.02484 -0.0243221 0)
(1.10567 -0.0286101 0)
(1.08471 -0.0259526 0)
(1.06168 -0.0223474 0)
(1.04593 -0.0183138 0)
(1.035 -0.0137198 0)
(1.02749 -0.00859627 0)
(1.02291 -0.00289415 0)
(1.02167 0.00329032 0)
(1.02415 0.00918963 0)
(1.02977 0.014273 0)
(1.03862 0.0187547 0)
(1.05157 0.0226475 0)
(1.07056 0.0260544 0)
(1.09735 0.0292437 0)
(1.08819 0.0291219 0)
(0.870147 0.0174091 0)
(0.388923 0.0027137 0)
(0.124883 -0.000238281 0)
(0.610674 -0.00631971 0)
(0.992451 -0.0198703 0)
(1.10478 -0.0253392 0)
(1.0913 -0.0234527 0)
(1.06774 -0.0201211 0)
(1.05157 -0.0164707 0)
(1.0403 -0.0123303 0)
(1.03249 -0.00758216 0)
(1.02769 -0.00217993 0)
(1.02631 0.00368625 0)
(1.02875 0.00923709 0)
(1.03446 0.0139249 0)
(1.04352 0.0178886 0)
(1.05677 0.0212432 0)
(1.07623 0.0242157 0)
(1.10091 0.0268481 0)
(1.07277 0.0254847 0)
(0.822317 0.0137749 0)
(0.360128 0.00211664 0)
(0.117836 -0.000182709 0)
(0.576837 -0.00485511 0)
(0.961485 -0.0161888 0)
(1.10157 -0.0223016 0)
(1.09699 -0.0210832 0)
(1.07324 -0.0179654 0)
(1.05674 -0.0145538 0)
(1.04525 -0.0107345 0)
(1.03719 -0.00637995 0)
(1.03214 -0.00134062 0)
(1.03059 0.00419315 0)
(1.03296 0.00933912 0)
(1.03872 0.0135493 0)
(1.04787 0.0170326 0)
(1.06128 0.0199729 0)
(1.08111 0.0225934 0)
(1.10248 0.0246644 0)
(1.05474 0.0222995 0)
(0.781315 0.0111189 0)
(0.337426 0.00169424 0)
(0.112432 -0.000138372 0)
(0.550217 -0.00373541 0)
(0.933141 -0.013098 0)
(1.09657 -0.0193912 0)
(1.1018 -0.0186782 0)
(1.07843 -0.0157404 0)
(1.06158 -0.0125253 0)
(1.04991 -0.00897885 0)
(1.0417 -0.00494426 0)
(1.03644 -0.00028164 0)
(1.03468 0.00479741 0)
(1.03693 0.00944734 0)
(1.04259 0.0131824 0)
(1.05172 0.016242 0)
(1.06526 0.0187967 0)
(1.08541 0.0210913 0)
(1.10276 0.0226652 0)
(1.03536 0.0195052 0)
(0.746287 0.00911181 0)
(0.319138 0.00138099 0)
(0.108324 -0.000102986 0)
(0.529351 -0.00283396 0)
(0.908014 -0.0104316 0)
(1.09031 -0.0165502 0)
(1.10575 -0.0163091 0)
(1.08333 -0.0136294 0)
(1.06611 -0.0105851 0)
(1.05424 -0.00722193 0)
(1.04587 -0.00340593 0)
(1.04042 0.000937558 0)
(1.03842 0.00556892 0)
(1.04045 0.00973252 0)
(1.04596 0.0130435 0)
(1.05501 0.0157195 0)
(1.0687 0.0179281 0)
(1.08913 0.0198614 0)
(1.10161 0.0208432 0)
(1.01549 0.0170303 0)
(0.716342 0.00754892 0)
(0.304156 0.00114644 0)
(0.105297 -7.15313e-05 0)
(0.513322 -0.0020639 0)
(0.88651 -0.00805361 0)
(1.08341 -0.0136785 0)
(1.10883 -0.0137704 0)
(1.08793 -0.0113192 0)
(1.07043 -0.00841136 0)
(1.05831 -0.00524556 0)
(1.04972 -0.00167635 0)
(1.04404 0.00234997 0)
(1.04175 0.00656641 0)
(1.04348 0.0102465 0)
(1.04878 0.013089 0)
(1.05778 0.0153263 0)
(1.0716 0.0171446 0)
(1.09212 0.0187044 0)
(1.09911 0.0191145 0)
(0.995865 0.014815 0)
(0.690775 0.00629448 0)
(0.291741 0.000963265 0)
(0.103227 -4.25519e-05 0)
(0.501567 -0.00137144 0)
(0.868866 -0.00585226 0)
(1.07654 -0.0107244 0)
(1.11145 -0.0109525 0)
(1.09227 -0.0086397 0)
(1.07449 -0.00589881 0)
(1.0621 -0.00299805 0)
(1.05321 0.000287042 0)
(1.04719 0.00399393 0)
(1.04452 0.00782406 0)
(1.04592 0.0110043 0)
(1.05104 0.0132841 0)
(1.05996 0.0149452 0)
(1.07383 0.0162783 0)
(1.09412 0.0174622 0)
(1.09523 0.0173707 0)
(0.977058 0.0128089 0)
(0.669014 0.00525641 0)
(0.281373 0.000820459 0)
(0.102039 -1.36966e-05 0)
(0.49379 -0.000721174 0)
(0.855254 -0.00375128 0)
(1.07026 -0.00772799 0)
(1.11387 -0.00808177 0)
(1.09645 -0.00598902 0)
(1.07843 -0.00342979 0)
(1.06587 -0.000642211 0)
(1.05686 0.00253591 0)
(1.05057 0.00599639 0)
(1.04746 0.00938978 0)
(1.04836 0.0120638 0)
(1.05301 0.0139036 0)
(1.0616 0.0151762 0)
(1.07546 0.0160231 0)
(1.0953 0.0165582 0)
(1.09023 0.0157683 0)
(0.959384 0.0110022 0)
(0.650632 0.00438859 0)
(0.27267 0.000707828 0)
(0.101741 1.25552e-05 0)
(0.489732 -9.34991e-05 0)
(0.845707 -0.00169713 0)
(1.06475 -0.00462276 0)
(1.11572 -0.00501386 0)
(1.1002 -0.0031232 0)
(1.08206 -0.000643903 0)
(1.06924 0.00207326 0)
(1.05984 0.00510074 0)
(1.05307 0.00835006 0)
(1.04939 0.0114088 0)
(1.04974 0.0135749 0)
(1.05403 0.014822 0)
(1.06238 0.015481 0)
(1.07619 0.0158151 0)
(1.09494 0.0157569 0)
(1.08382 0.0142865 0)
(0.942883 0.0094204 0)
(0.635157 0.00368112 0)
(0.265331 0.000614622 0)
(0.102372 5.91906e-05 0)
(0.489365 0.000487476 0)
(0.840243 0.000180746 0)
(1.06068 -0.00153457 0)
(1.11743 -0.00163686 0)
(1.10386 0.000230392 0)
(1.08583 0.00265622 0)
(1.07281 0.00530224 0)
(1.06308 0.00820776 0)
(1.05581 0.0112402 0)
(1.05143 0.0139148 0)
(1.05105 0.0155178 0)
(1.05469 0.0161693 0)
(1.06258 0.016199 0)
(1.07597 0.0159355 0)
(1.09338 0.0151526 0)
(1.07647 0.0131281 0)
(0.927716 0.00829048 0)
(0.622017 0.00325299 0)
(0.259009 0.000556782 0)
(0.103866 8.3733e-05 0)
(0.491863 0.00102697 0)
(0.838619 0.0017368 0)
(1.05851 0.00117558 0)
(1.11948 0.00155159 0)
(1.10755 0.00355039 0)
(1.08953 0.00601059 0)
(1.07624 0.0086808 0)
(1.06612 0.0116503 0)
(1.05825 0.014671 0)
(1.053 0.0171001 0)
(1.05168 0.0182388 0)
(1.0546 0.0182972 0)
(1.06196 0.0176489 0)
(1.07491 0.0166595 0)
(1.0907 0.0153907 0)
(1.06826 0.0128435 0)
(0.913394 0.00794157 0)
(0.610047 0.00324778 0)
(0.252954 0.0005749 0)
(0.106062 0.000117034 0)
(0.496843 0.00148864 0)
(0.840448 0.00313403 0)
(1.05833 0.00364269 0)
(1.12195 0.00457458 0)
(1.11143 0.00679643 0)
(1.09341 0.00945501 0)
(1.07988 0.0124296 0)
(1.06928 0.0157096 0)
(1.06054 0.0188524 0)
(1.05418 0.0211047 0)
(1.05183 0.0217865 0)
(1.05382 0.0212693 0)
(1.06043 0.0200156 0)
(1.07294 0.0184159 0)
(1.08697 0.0164883 0)
(1.05906 0.0133398 0)
(0.899332 0.00828614 0)
(0.598037 0.00358303 0)
(0.246438 0.000651179 0)
(0.108994 0.000151754 0)
(0.504075 0.00197137 0)
(0.845411 0.0045515 0)
(1.06049 0.00620777 0)
(1.12501 0.00791123 0)
(1.11582 0.0104742 0)
(1.09794 0.0135439 0)
(1.08414 0.0170106 0)
(1.07287 0.0206794 0)
(1.06307 0.0239974 0)
(1.05534 0.0261121 0)
(1.05165 0.0263017 0)
(1.05252 0.0251195 0)
(1.05826 0.0232016 0)
(1.07005 0.0209524 0)
(1.082 0.0183627 0)
(1.04882 0.0145849 0)
(0.884886 0.00927187 0)
(0.584887 0.00416425 0)
(0.238906 0.000768747 0)
(0.112795 0.000192506 0)
(0.51379 0.00255721 0)
(0.853488 0.0060919 0)
(1.06548 0.00901105 0)
(1.12935 0.0118864 0)
(1.1211 0.0152467 0)
(1.10326 0.0189645 0)
(1.08888 0.0229936 0)
(1.0766 0.0270214 0)
(1.06543 0.0304452 0)
(1.05601 0.032259 0)
(1.05071 0.0317633 0)
(1.05034 0.0297625 0)
(1.05514 0.0270624 0)
(1.06608 0.0241129 0)
(1.07585 0.0208297 0)
(1.03756 0.0165208 0)
(0.869104 0.0107477 0)
(0.569696 0.00490068 0)
(0.229994 0.00091461 0)
(0.117726 0.000245933 0)
(0.526589 0.00331786 0)
(0.864906 0.00796694 0)
(1.07363 0.0122195 0)
(1.13591 0.0164568 0)
(1.12792 0.0209809 0)
(1.10965 0.0255761 0)
(1.09433 0.0303282 0)
(1.08072 0.0348594 0)
(1.06781 0.0384285 0)
(1.05632 0.0398556 0)
(1.04908 0.0385096 0)
(1.04734 0.0354988 0)
(1.05114 0.0319633 0)
(1.06111 0.0282896 0)
(1.06865 0.0243726 0)
(1.02487 0.0193841 0)
(0.850866 0.0125808 0)
(0.551844 0.00572228 0)
(0.219476 0.00107703 0)
(0.124198 0.000318522 0)
(0.543511 0.00431869 0)
(0.880284 0.0103944 0)
(1.08492 0.0161065 0)
(1.14492 0.0216472 0)
(1.1366 0.0273469 0)
(1.11737 0.0330177 0)
(1.10067 0.0387499 0)
(1.08528 0.0441231 0)
(1.07014 0.0481251 0)
(1.05611 0.0493983 0)
(1.0466 0.0473986 0)
(1.04318 0.0435193 0)
(1.04606 0.0388119 0)
(1.05528 0.0341634 0)
(1.06006 0.029526 0)
(1.00933 0.0231039 0)
(0.828852 0.0146604 0)
(0.530933 0.00666017 0)
(0.207134 0.00126039 0)
(0.132813 0.000420228 0)
(0.566079 0.00566082 0)
(0.900805 0.0136422 0)
(1.09931 0.0212673 0)
(1.15607 0.0280616 0)
(1.14721 0.0347981 0)
(1.12672 0.0416243 0)
(1.10829 0.04862 0)
(1.09068 0.0551467 0)
(1.07274 0.0598991 0)
(1.05573 0.0613125 0)
(1.04358 0.0589468 0)
(1.03813 0.0543683 0)
(1.03947 0.0487442 0)
(1.04779 0.0426427 0)
(1.04865 0.0360963 0)
(0.989081 0.0273105 0)
(0.802651 0.0169411 0)
(0.506585 0.00775205 0)
(0.192667 0.00146377 0)
(0.144636 0.00057885 0)
(0.596751 0.00750492 0)
(0.928553 0.0181082 0)
(1.11766 0.028636 0)
(1.16921 0.0370593 0)
(1.15965 0.0448233 0)
(1.13793 0.0528942 0)
(1.11746 0.0613396 0)
(1.09702 0.0690055 0)
(1.07572 0.0744045 0)
(1.0552 0.0757613 0)
(1.04003 0.0727647 0)
(1.03222 0.0672721 0)
(1.03147 0.0604727 0)
(1.03712 0.0525976 0)
(1.03208 0.0431955 0)
(0.963344 0.0316361 0)
(0.772142 0.0195931 0)
(0.478067 0.0090543 0)
(0.175689 0.00169391 0)
(0.161562 0.000849134 0)
(0.639523 0.0101452 0)
(0.966599 0.0245636 0)
(1.14194 0.0394173 0)
(1.18511 0.0503506 0)
(1.17415 0.0596352 0)
(1.15113 0.069177 0)
(1.128 0.0788864 0)
(1.10397 0.0871657 0)
(1.07867 0.0924339 0)
(1.0541 0.0928317 0)
(1.03554 0.0883584 0)
(1.02496 0.0812535 0)
(1.02141 0.0726414 0)
(1.02263 0.0624595 0)
(1.01018 0.0501393 0)
(0.933007 0.0363533 0)
(0.736918 0.0227681 0)
(0.444219 0.0105235 0)
(0.15576 0.00192817 0)
(0.18753 0.00133738 0)
(0.701208 0.0143546 0)
(1.01911 0.0350206 0)
(1.17484 0.0561597 0)
(1.20553 0.0706274 0)
(1.19131 0.0821486 0)
(1.16594 0.0929845 0)
(1.1391 0.103105 0)
(1.11063 0.110849 0)
(1.08067 0.114604 0)
(1.05161 0.112645 0)
(1.02933 0.105514 0)
(1.01553 0.0959256 0)
(1.00849 0.0848633 0)
(1.00443 0.0722072 0)
(0.984242 0.0576075 0)
(0.898719 0.0420828 0)
(0.695464 0.0265355 0)
(0.403348 0.0120452 0)
(0.132378 0.00213895 0)
(0.235324 0.00310298 0)
(0.796835 0.02435 1.25509e-33)
(1.09506 0.0558624 5.32999e-34)
(1.21854 0.0846408 0)
(1.23166 0.102267 0)
(1.21073 0.11535 0)
(1.18112 0.126246 0)
(1.14937 0.13515 0)
(1.11572 0.140659 0)
(1.08059 0.141211 0)
(1.04678 0.135375 0)
(1.02063 0.124452 0)
(1.00335 0.111694 1.15936e-33)
(0.992562 0.0979396 0)
(0.983403 0.083125 0)
(0.955504 0.0668094 0)
(0.859461 0.0493189 0)
(0.644787 0.0307354 0)
(0.352936 0.0131805 0)
(0.104359 0.00215614 0)
(0.274285 0.0113733 6.76083e-21)
(0.889871 0.0553556 3.63857e-20)
(1.16851 0.0961918 1.05086e-20)
(1.26025 0.127474 1.76188e-20)
(1.25869 0.14617 0)
(1.22979 0.158724 -2.47775e-20)
(1.1948 0.168796 2.00796e-20)
(1.15749 0.175911 -2.12624e-22)
(1.1181 0.178857 0)
(1.07708 0.175979 -2.26271e-20)
(1.03747 0.165982 1.62164e-22)
(1.00608 0.150952 0)
(0.98388 0.134767 -1.22316e-19)
(0.967986 0.118472 -1.78083e-20)
(0.952731 0.101849 -8.43546e-20)
(0.91525 0.0835407 2.49293e-20)
(0.805346 0.0627093 0)
(0.580037 0.0394882 1.45847e-19)
(0.298411 0.0177771 -1.71402e-19)
(0.0799089 0.00379536 6.03438e-21)
(0.281729 0.0291401 4.56969e-19)
(0.941196 0.103774 0)
(1.21985 0.152046 -1.20436e-19)
(1.29313 0.183099 0)
(1.28154 0.19993 -1.81828e-19)
(1.24589 0.210128 -1.00107e-19)
(1.20528 0.217864 8.48972e-20)
(1.1622 0.222327 1.44748e-19)
(1.1169 0.222184 -1.17184e-19)
(1.06978 0.21574 -1.9577e-19)
(1.02401 0.201847 1.90758e-19)
(0.986936 0.183288 0)
(0.959772 0.164451 0)
(0.939175 0.146451 7.79811e-20)
(0.919402 0.129126 1.82676e-19)
(0.878018 0.110238 5.43174e-20)
(0.764882 0.0867884 6.25096e-20)
(0.547018 0.0569703 5.96063e-19)
(0.281826 0.026755 -2.19141e-20)
(0.0766709 0.00709845 -1.68097e-18)
(0.275971 0.0439662 0)
(0.964282 0.154566 -1.72693e-21)
(1.25102 0.216279 -1.21598e-19)
(1.31572 0.246519 0)
(1.29795 0.260118 0)
(1.25719 0.266894 1.0405e-19)
(1.21167 0.271164 -1.75621e-19)
(1.16336 0.272071 -3.02961e-19)
(1.11256 0.268206 2.51849e-19)
(1.05978 0.257851 1.03104e-19)
(1.00833 0.240058 -2.00436e-21)
(0.966133 0.218364 -2.43364e-19)
(0.934809 0.197469 -4.27556e-19)
(0.910639 0.178305 -8.50711e-20)
(0.888089 0.160348 -9.91294e-20)
(0.846315 0.140708 4.71348e-19)
(0.738597 0.113825 6.19976e-19)
(0.534836 0.0770786 0)
(0.285649 0.0397309 3.87484e-22)
(0.0845168 0.0119726 8.48537e-20)
(0.267939 0.0573545 5.65364e-20)
(0.970597 0.205525 -9.45279e-20)
(1.26793 0.281936 -4.92921e-19)
(1.32904 0.31245 -2.12057e-19)
(1.30747 0.322942 2.46856e-19)
(1.26302 0.326154 1.64448e-21)
(1.2136 0.326641 1.89815e-19)
(1.16092 0.323673 0)
(1.10541 0.315831 2.68462e-19)
(1.04761 0.301451 -2.20062e-19)
(0.991135 0.279796 2.18826e-19)
(0.944577 0.255131 -2.65638e-21)
(0.909919 0.232393 3.09688e-19)
(0.883077 0.21212 1.82874e-19)
(0.8587 0.193591 5.40056e-19)
(0.817965 0.173229 1.27081e-19)
(0.718177 0.143904 -5.25411e-19)
(0.531462 0.101995 8.78995e-20)
(0.297638 0.0562326 1.65632e-18)
(0.0962381 0.0186384 6.14465e-20)
(0.260025 0.0693186 5.03794e-19)
(0.967063 0.254399 -2.82029e-19)
(1.27509 0.346599 0)
(1.33505 0.378516 3.00266e-19)
(1.31103 0.386063 1.05384e-20)
(1.26382 0.385831 2.24514e-19)
(1.21132 0.382607 -4.65252e-21)
(1.1551 0.375814 -3.34289e-19)
(1.09562 0.364045 1.39669e-19)
(1.03355 0.345668 0)
(0.972767 0.320209 9.52058e-19)
(0.922573 0.292618 2.84425e-19)
(0.885311 0.268036 -3.35427e-19)
(0.856471 0.246684 0)
(0.830883 0.227611 0)
(0.791736 0.206654 1.38208e-19)
(0.700421 0.175289 6.51374e-19)
(0.530134 0.129236 0)
(0.310363 0.075127 1.80324e-18)
(0.107711 0.0265327 -1.36387e-22)
(0.253052 0.0802723 -4.51969e-19)
(0.958301 0.300268 1.01982e-19)
(1.27542 0.409077 -6.7675e-19)
(1.3355 0.443002 -4.44239e-19)
(1.30983 0.448182 -2.73617e-19)
(1.2605 0.444705 0)
(1.20551 0.437969 0)
(1.14636 0.427543 -3.53079e-19)
(1.08356 0.412011 -1.55329e-19)
(1.01784 0.389772 2.50456e-19)
(0.953397 0.360565 5.1095e-19)
(0.900199 0.330026 -3.01882e-19)
(0.860879 0.303502 -3.61392e-19)
(0.830632 0.280974 -2.12827e-19)
(0.804374 0.261273 4.99956e-19)
(0.766949 0.239896 5.96713e-19)
(0.683001 0.207085 -1.58378e-18)
(0.526728 0.156824 0)
(0.318502 0.0943203 -1.82807e-18)
(0.115567 0.0344742 -2.29278e-18)
(0.2476 0.0906073 5.62515e-20)
(0.947327 0.34322 2.8844e-19)
(1.2711 0.468772 1.70186e-19)
(1.33175 0.505234 1.53263e-19)
(1.30494 0.50848 2.74713e-19)
(1.25396 0.502047 4.98014e-19)
(1.19692 0.492066 0)
(1.13531 0.478245 -3.75352e-19)
(1.06966 0.459164 6.41636e-19)
(1.00077 0.433229 -2.78528e-19)
(0.933142 0.400329 -5.47589e-19)
(0.877431 0.366763 3.30055e-19)
(0.836497 0.338151 7.70546e-19)
(0.805313 0.314205 0)
(0.778808 0.293615 0)
(0.743097 0.271646 -4.81311e-19)
(0.66544 0.237302 0)
(0.519785 0.182655 0)
(0.319864 0.111594 1.31367e-19)
(0.11829 0.0412292 2.38671e-18)
(0.24357 0.100658 0)
(0.935858 0.383596 0)
(1.26369 0.525482 3.44897e-19)
(1.32496 0.564818 3.26471e-19)
(1.29727 0.566447 -5.68275e-19)
(1.24496 0.557386 2.67544e-19)
(1.18621 0.544476 4.5433e-19)
(1.12252 0.527526 1.94375e-19)
(1.05438 0.505148 3.42885e-19)
(0.982658 0.475697 0)
(0.912157 0.439176 0)
(0.854265 0.402464 6.93218e-19)
(0.812049 0.371532 -4.1497e-19)
(0.780251 0.345925 0)
(0.753782 0.324109 2.94127e-19)
(0.719586 0.301127 -3.45675e-19)
(0.64688 0.264977 4.11204e-19)
(0.508623 0.205427 -1.92094e-18)
(0.314529 0.12611 1.41273e-19)
(0.116638 0.0463897 5.18749e-22)
(0.240574 0.110317 -5.89066e-19)
(0.924681 0.421638 0)
(1.25414 0.579447 -1.7782e-19)
(1.31605 0.621524 -3.36249e-19)
(1.28754 0.621856 -5.94357e-19)
(1.23411 0.610452 -2.68589e-19)
(1.17396 0.594911 2.43371e-19)
(1.10847 0.575135 -4.15915e-19)
(1.03813 0.549729 7.22907e-19)
(0.963822 0.516982 3.03254e-19)
(0.89066 0.476924 1.25476e-18)
(0.830731 0.436972 9.27138e-22)
(0.787431 0.403471 -3.97288e-21)
(0.755215 0.375862 5.32134e-19)
(0.728892 0.352528 6.27294e-19)
(0.695976 0.328086 0)
(0.626827 0.289617 -2.22423e-19)
(0.493651 0.22468 -2.06868e-18)
(0.303876 0.137276 -1.51865e-19)
(0.111444 0.0497567 0)
(0.238668 0.119951 0)
(0.914465 0.457882 -1.0308e-19)
(1.24316 0.630688 1.85976e-19)
(1.30566 0.675257 -1.59702e-19)
(1.27633 0.674599 6.15576e-19)
(1.22198 0.661099 -2.76616e-19)
(1.16063 0.643216 -2.58604e-19)
(1.09359 0.62091 -4.41756e-19)
(1.02127 0.592768 -7.69916e-19)
(0.944556 0.556971 8.21376e-19)
(0.868827 0.513505 0)
(0.806934 0.470234 0)
(0.762562 0.433951 -4.78996e-19)
(0.729968 0.404059 -5.72102e-19)
(0.703798 0.378861 1.01474e-18)
(0.671909 0.352598 1.99622e-18)
(0.605218 0.311235 9.43207e-19)
(0.475185 0.240519 -2.78635e-19)
(0.289399 0.144884 1.63507e-19)
(0.104051 0.0512489 0)
(0.237488 0.129445 -1.22107e-19)
(0.905157 0.492415 -9.89713e-20)
(1.23165 0.678937 3.74844e-19)
(1.29419 0.726148 1.74375e-19)
(1.26411 0.72463 3.15978e-19)
(1.20899 0.709257 2.91988e-19)
(1.14663 0.689304 -2.53243e-19)
(1.07821 0.66476 -7.04167e-19)
(1.00409 0.634173 2.08518e-19)
(0.925103 0.595606 -1.71425e-19)
(0.846834 0.548909 -1.75772e-19)
(0.782873 0.502288 -1.29871e-18)
(0.737333 0.463021 1.54437e-18)
(0.704328 0.430569 6.03901e-19)
(0.678282 0.403176 0)
(0.647107 0.374698 -8.56537e-19)
(0.581855 0.329838 0)
(0.453532 0.252693 -1.19775e-18)
(0.271884 0.149218 1.40795e-18)
(0.0950299 0.0510389 -1.43852e-18)
(0.236873 0.138876 1.23405e-19)
(0.896773 0.525429 2.13099e-19)
(1.22008 0.724427 1.9692e-19)
(1.28205 0.774226 7.87633e-21)
(1.25127 0.771949 -3.26741e-19)
(1.19549 0.754926 0)
(1.13226 0.73315 -2.64902e-19)
(1.06263 0.706638 2.51306e-19)
(0.986858 0.673899 -6.38352e-19)
(0.905675 0.63286 0)
(0.8248 0.58316 -1.33501e-18)
(0.75858 0.53322 1.61905e-18)
(0.711735 0.490802 -1.10347e-18)
(0.678233 0.455532 0)
(0.652204 0.425637 -7.80312e-19)
(0.62143 0.394525 4.61211e-19)
(0.556745 0.34548 2.72847e-19)
(0.429046 0.261267 9.6436e-19)
(0.251543 0.15046 3.03045e-18)
(0.085022 0.0493745 0)
(0.236542 0.148027 -1.2158e-19)
(0.889413 0.557044 0)
(1.20848 0.767185 3.80982e-19)
(1.26958 0.819567 1.88249e-19)
(1.23811 0.816615 -1.64026e-19)
(1.18177 0.798127 -1.0721e-20)
(1.11779 0.774761 -1.38477e-19)
(1.04708 0.746536 1.03346e-18)
(0.969784 0.71194 5.11892e-21)
(0.886467 0.668745 0)
(0.802898 0.616326 0)
(0.734218 0.563164 6.48155e-21)
(0.685797 0.517474 8.8633e-19)
(0.651609 0.479116 0)
(0.625477 0.446394 -8.38752e-19)
(0.594795 0.412192 4.97344e-19)
(0.529921 0.358211 2.94267e-19)
(0.402099 0.266319 1.38487e-18)
(0.229102 0.148644 1.42584e-18)
(0.0740538 0.0463162 0)
(0.236591 0.157206 2.47499e-19)
(0.88278 0.587291 1.05917e-19)
(1.19706 0.807441 -3.9956e-19)
(1.25701 0.862276 -1.93161e-19)
(1.22485 0.858711 -7.03332e-19)
(1.16805 0.838921 6.58306e-19)
(1.10342 0.814168 -4.57796e-19)
(1.03177 0.78447 0)
(0.953057 0.748291 0)
(0.867666 0.703276 -1.68867e-18)
(0.781342 0.648482 1.73751e-18)
(0.7099 0.592278 2.67614e-19)
(0.659532 0.543234 -1.5882e-18)
(0.624412 0.501513 0)
(0.59802 0.465594 1.80052e-18)
(0.567142 0.427739 -5.37615e-19)
(0.501415 0.367917 -1.89431e-18)
(0.373218 0.267797 0)
(0.205309 0.143811 -1.75314e-18)
(0.0624795 0.0418869 0)
(0.236864 0.166154 -2.47141e-19)
(0.876647 0.616393 2.12475e-19)
(1.18596 0.845433 1.97374e-19)
(1.2445 0.902464 -3.60665e-19)
(1.21166 0.898321 -1.44094e-20)
(1.15448 0.877372 0)
(1.08932 0.851416 0)
(1.01684 0.820467 -2.26379e-18)
(0.936829 0.782981 -6.3446e-19)
(0.849451 0.736479 -2.16622e-19)
(0.760285 0.679685 -1.85209e-18)
(0.685751 0.620708 -1.1287e-18)
(0.633011 0.56831 3.42913e-19)
(0.59661 0.522955 1.21473e-18)
(0.56973 0.483346 -4.85613e-19)
(0.538357 0.441104 1.14743e-18)
(0.471225 0.374427 0)
(0.342586 0.265465 -2.40244e-18)
(0.180652 0.136158 2.35591e-18)
(0.050866 0.0364718 0)
(0.237091 0.174771 -3.73778e-19)
(0.870913 0.644338 -2.12985e-19)
(1.17525 0.881336 9.99921e-21)
(1.23217 0.94024 -7.77026e-19)
(1.19869 0.935544 1.82584e-19)
(1.14119 0.913565 7.09821e-19)
(1.07561 0.886567 -8.26808e-19)
(1.0024 0.854563 2.23117e-18)
(0.921224 0.81602 1.20349e-18)
(0.831943 0.768367 -1.28461e-19)
(0.739867 0.709983 2.39991e-19)
(0.661945 0.648593 1.2043e-18)
(0.606345 0.592955 1.45356e-18)
(0.568153 0.543737 1.46916e-21)
(0.540422 0.499768 -5.16706e-19)
(0.508277 0.452087 6.16095e-19)
(0.439456 0.377348 2.11495e-21)
(0.310534 0.259112 4.31052e-19)
(0.155572 0.125797 5.05287e-19)
(0.0395678 0.0302744 -1.1872e-18)
(0.237264 0.183246 -2.4688e-19)
(0.865489 0.670838 2.12642e-19)
(1.16487 0.915177 0)
(1.22012 0.975705 -9.06662e-21)
(1.18601 0.97048 -2.0066e-19)
(1.12828 0.94758 5.61278e-19)
(1.06236 0.91969 -8.41676e-19)
(0.988547 0.886811 1.40656e-18)
(0.906317 0.84744 2.39002e-18)
(0.815233 0.798943 -1.28546e-19)
(0.720244 0.739415 2.66982e-19)
(0.638654 0.676043 -1.28324e-18)
(0.579659 0.617414 3.84e-19)
(0.539027 0.564221 0)
(0.509799 0.515056 5.54562e-19)
(0.47647 0.460334 3.40127e-21)
(0.406128 0.375905 -7.85809e-19)
(0.277934 0.248285 9.24314e-19)
(0.131331 0.113053 0)
(0.0292252 0.0237844 0)
(0.237444 0.191104 -1.22568e-19)
(0.860452 0.696064 0)
(1.15477 0.946999 3.01244e-19)
(1.2084 1.00899 4.08314e-19)
(1.1737 1.00325 3.05104e-19)
(1.1158 0.979522 -1.81058e-19)
(1.04963 0.950854 8.99343e-19)
(0.975328 0.917262 3.27009e-19)
(0.892165 0.877268 0)
(0.79939 0.828218 -1.27606e-19)
(0.701539 0.767993 -1.3476e-19)
(0.616048 0.703145 1.36614e-18)
(0.553145 0.641903 1.65808e-18)
(0.509286 0.584846 0)
(0.477495 0.529628 -6.018e-19)
(0.442095 0.465524 0)
(0.370903 0.368748 0)
(0.246281 0.231661 -1.38263e-21)
(0.110576 0.0979349 5.83697e-19)
(0.0212464 0.0176444 3.41741e-19)
(0.237436 0.198919 0)
(0.85562 0.720116 9.98242e-20)
(1.1451 0.977003 -3.12092e-19)
(1.19708 1.04021 4.15639e-19)
(1.16179 1.03394 9.767e-21)
(1.10379 1.00948 -1.02208e-19)
(1.03746 0.980135 -7.35494e-19)
(0.962758 0.945966 1.21271e-18)
(0.878793 0.905543 0)
(0.784479 0.856213 -4.45269e-18)
(0.683838 0.79571 -1.53131e-19)
(0.594301 0.729951 1.45143e-18)
(0.527019 0.666586 -1.54954e-18)
(0.479125 0.606085 5.39718e-19)
(0.443199 0.544217 1.92136e-18)
(0.403748 0.467879 4.69069e-21)
(0.332106 0.354113 -1.81682e-18)
(0.216564 0.205083 1.60081e-18)
(0.0997491 0.0750238 6.25019e-19)
(0.0242331 0.00931158 3.65443e-19)
(0.237413 0.206078 -2.41373e-19)
(0.850746 0.742574 3.13385e-19)
(1.13576 1.00521 3.1317e-19)
(1.18617 1.06948 4.10367e-19)
(1.15032 1.06268 4.12427e-19)
(1.09228 1.03755 -9.63332e-20)
(1.02585 1.00762 0)
(0.950854 0.972997 2.76869e-18)
(0.866206 0.9323 1.56804e-19)
(0.770493 0.882922 -2.35232e-18)
(0.667204 0.822532 -3.08123e-19)
(0.573584 0.7565 -1.34644e-18)
(0.501517 0.691545 1.8773e-18)
(0.448921 0.628349 8.56575e-19)
(0.406978 0.559823 -3.45676e-19)
(0.359851 0.468794 0)
(0.285585 0.33204 0)
(0.182769 0.16152 -1.34312e-21)
(0.10277 0.0176157 0)
(0.0789769 -0.0171748 0)
(0.237308 0.213008 1.13654e-19)
(0.846229 0.764094 2.13436e-19)
(1.12669 1.032 1.08665e-19)
(1.17558 1.09727 4.11948e-19)
(1.13908 1.09004 4.22502e-19)
(1.08097 1.06443 8.07331e-19)
(1.01446 1.03412 -1.00412e-19)
(0.939192 0.999314 1.49558e-20)
(0.853858 0.958661 -9.79441e-19)
(0.756748 0.909649 1.49274e-19)
(0.650747 0.849964 8.20869e-21)
(0.552766 0.784546 -1.49558e-18)
(0.475128 0.718665 1.82661e-18)
(0.417084 0.653683 1.10757e-18)
(0.366883 0.579018 -6.62632e-19)
(0.306062 0.471605 -8.02666e-19)
(0.221585 0.3073 0)
(0.110942 0.123842 0)
(0.0103803 0.2247 0)
(-0.0206818 1.10572 3.70412e-19)
(0.236987 0.219469 0)
(0.841717 0.784483 2.59868e-19)
(1.11784 1.05737 -9.62675e-20)
(1.16532 1.12366 -9.81269e-20)
(1.12809 1.11607 -4.18427e-19)
(1.0699 1.09019 -1.01011e-20)
(1.00333 1.05966 6.75627e-19)
(0.927836 1.02494 1.44091e-18)
(0.841852 0.984613 -1.69941e-19)
(0.743413 0.936383 4.81865e-18)
(0.634701 0.877972 2.28494e-18)
(0.532216 0.814118 0)
(0.448197 0.748286 2.26051e-19)
(0.383882 0.682058 1.39522e-18)
(0.324575 0.602993 -6.64857e-19)
(0.245999 0.481922 -8.05327e-19)
(0.130473 0.318694 1.58452e-21)
(0.0372863 0.669462 -5.49793e-19)
(0.082766 2.30279 -1.23912e-20)
(0.0930053 3.06628 -3.53109e-19)
(0.236746 0.224695 -1.07277e-19)
(0.836692 0.803397 0)
(1.10913 1.08144 -2.58657e-19)
(1.15541 1.14875 -4.24035e-19)
(1.11742 1.14089 4.30294e-19)
(1.05916 1.11491 1.05577e-20)
(0.992583 1.08425 -8.81426e-19)
(0.916793 1.04981 0)
(0.830254 1.01008 -1.23918e-18)
(0.730589 0.962988 2.33835e-18)
(0.619279 0.906418 -1.48716e-19)
(0.51233 0.844997 -1.026e-20)
(0.421497 0.780906 -3.6726e-18)
(0.349787 0.712652 0)
(0.285058 0.630618 1.33971e-18)
(0.180612 0.514798 0)
(0.0692317 0.938565 0)
(0.134457 2.6511 5.3933e-19)
(0.142018 3.25001 1.221e-18)
(0.134671 3.41163 -1.10928e-18)
(0.247632 0.241604 4.8688e-20)
(0.831697 0.827468 -2.29145e-19)
(1.09892 1.10833 1.38576e-19)
(1.1456 1.17252 -7.06452e-21)
(1.10688 1.16446 5.04476e-20)
(1.04855 1.13845 -9.97793e-20)
(0.982393 1.10801 0)
(0.906017 1.07397 -1.48263e-18)
(0.818998 1.03502 6.41344e-21)
(0.718205 0.989365 -1.31528e-19)
(0.604518 0.935238 -2.44384e-18)
(0.49335 0.877041 1.31455e-18)
(0.395975 0.817239 -2.25257e-19)
(0.313177 0.743308 -2.7429e-19)
(0.243548 0.694815 1.82204e-18)
(0.154014 1.08263 7.07411e-19)
(0.149253 2.62045 1.53952e-20)
(0.192571 3.3048 -1.00053e-18)
(0.181902 3.43447 -5.73072e-19)
(0.156716 3.45922 1.77025e-18)
(0.591723 0.602705 -9.87932e-20)
(1.00733 1.03335 8.99779e-21)
(1.12852 1.17811 -4.87533e-20)
(1.12364 1.19745 -4.73121e-20)
(1.07047 1.17481 6.21464e-19)
(1.00762 1.14685 0)
(0.935959 1.11423 1.11136e-19)
(0.854273 1.07872 -1.57019e-18)
(0.760091 1.03821 0)
(0.649165 0.990294 1.56818e-19)
(0.532038 0.936856 -2.50925e-18)
(0.423995 0.883215 0)
(0.323176 0.823027 0)
(0.252977 0.765737 0)
(0.177361 1.27282 0)
(0.228698 2.95216 0)
(0.245812 3.36324 -7.87113e-19)
(0.2226 3.45021 0)
(0.195575 3.47663 2.58197e-19)
(0.16406 3.49074 2.27368e-19)
(0.540911 0.547595 1.07505e-19)
(0.837029 0.859042 1.78416e-19)
(1.09373 1.13961 0)
(1.13106 1.20349 -3.46767e-19)
(1.09409 1.19665 4.57457e-19)
(1.03598 1.1712 -9.67197e-20)
(0.968768 1.14161 8.82263e-19)
(0.89252 1.10826 9.4875e-20)
(0.805096 1.0708 0)
(0.703184 1.02778 2.31358e-18)
(0.586813 0.978013 2.25136e-18)
(0.470474 0.925238 1.87784e-19)
(0.364711 0.873481 0)
(0.266909 0.809109 1.33588e-18)
(0.191356 1.13077 0)
(0.235631 2.72801 0)
(0.27621 3.38285 -6.82186e-19)
(0.259427 3.47479 1.10919e-18)
(0.223648 3.49186 1.3343e-18)
(0.18052 3.51263 0)
(0.552843 0.566292 1.66875e-21)
(0.831215 0.871527 1.62008e-19)
(1.08425 1.15729 -1.65411e-19)
(1.12042 1.22373 6.81181e-21)
(1.08307 1.21718 -4.46563e-20)
(1.02495 1.192 9.03641e-20)
(0.958201 1.16299 0)
(0.881897 1.13054 1.39769e-18)
(0.794295 1.09421 -6.23696e-21)
(0.691778 1.05317 1.68441e-19)
(0.573668 1.00655 2.3405e-18)
(0.453963 0.958004 -1.26225e-18)
(0.342977 0.910421 2.13111e-19)
(0.252793 0.920466 2.57009e-19)
(0.253966 1.82784 -1.81164e-18)
(0.340051 3.24631 -6.43952e-19)
(0.338844 3.47716 9.95526e-21)
(0.295337 3.5224 7.18685e-19)
(0.256954 3.55234 3.71352e-19)
(0.197567 3.57401 1.6776e-19)
(0.556091 0.586676 7.06834e-20)
(0.825388 0.887761 0)
(1.07512 1.17782 1.80575e-19)
(1.11042 1.24636 3.17268e-19)
(1.07279 1.24021 -3.42515e-19)
(1.0146 1.21496 -1.03003e-20)
(0.947851 1.18603 7.77462e-19)
(0.871458 1.15401 0)
(0.783795 1.11867 1.12998e-18)
(0.680879 1.07951 -2.14794e-18)
(0.561813 1.03643 1.35702e-19)
(0.440433 0.993364 -1.94251e-20)
(0.327922 0.955714 3.3283e-18)
(0.275092 1.15843 0)
(0.347237 2.66827 -1.06568e-18)
(0.421595 3.44543 0)
(0.381341 3.53791 0)
(0.334146 3.56884 -3.11367e-19)
(0.287968 3.60244 -6.04972e-19)
(0.216686 3.6573 0)
(0.556364 0.60673 -3.01713e-20)
(0.817836 0.905289 -7.60251e-20)
(1.06507 1.20033 5.53159e-20)
(1.09981 1.27051 6.47377e-20)
(1.06196 1.26456 3.17627e-19)
(1.0039 1.2392 9.85995e-21)
(0.937309 1.21032 -5.61886e-19)
(0.861194 1.17872 -1.22927e-18)
(0.773769 1.14439 1.46359e-19)
(0.670885 1.10718 -4.19186e-18)
(0.551442 1.06778 -2.02331e-18)
(0.429325 1.03034 0)
(0.323099 1.01674 -1.9544e-19)
(0.327051 1.58356 -1.15711e-18)
(0.441552 3.2074 4.91386e-19)
(0.481906 3.52912 4.69692e-19)
(0.427451 3.58333 5.80234e-20)
(0.38729 3.62992 2.33432e-19)
(0.330862 3.68603 3.44178e-20)
(0.25027 3.68421 7.09436e-20)
(0.553199 0.625078 -3.61165e-20)
(0.808603 0.923958 -7.62918e-20)
(1.05352 1.22415 -5.63492e-20)
(1.08786 1.2957 -2.52925e-19)
(1.04993 1.28961 -2.75036e-19)
(0.992161 1.26404 -5.97254e-19)
(0.926001 1.23516 7.76684e-20)
(0.85044 1.20395 2.07928e-20)
(0.763542 1.17058 7.87094e-19)
(0.66109 1.13534 -1.24415e-19)
(0.541787 1.09953 -7.05052e-21)
(0.419938 1.06794 1.26725e-18)
(0.330421 1.11113 -1.48754e-18)
(0.400163 2.12839 -8.81185e-19)
(0.529078 3.42343 4.39297e-19)
(0.529211 3.57376 4.33308e-19)
(0.487102 3.62737 0)
(0.458931 3.69695 0)
(0.445292 3.66038 0)
(0.344223 3.49763 -8.31536e-20)
(0.54787 0.642206 -5.81751e-20)
(0.798108 0.943466 -3.64822e-20)
(1.0405 1.24923 -1.31198e-19)
(1.07463 1.32206 -1.95034e-19)
(1.0369 1.31567 -2.54997e-19)
(0.979627 1.28968 6.2797e-20)
(0.914115 1.26065 0)
(0.839332 1.22966 -2.08602e-18)
(0.753243 1.19714 -1.21267e-19)
(0.651615 1.16376 1.85287e-18)
(0.533047 1.13139 2.47823e-19)
(0.413081 1.10722 1.06794e-18)
(0.353755 1.26433 -1.46283e-18)
(0.488284 2.70602 -5.84929e-19)
(0.604251 3.51377 1.84959e-19)
(0.575275 3.59865 0)
(0.548623 3.6735 0)
(0.515146 3.66228 7.06208e-20)
(0.510177 3.39651 0)
(0.485831 2.47478 0)
(0.541325 0.658862 0)
(0.786744 0.96375 -1.94725e-20)
(1.02608 1.27549 1.01734e-19)
(1.06015 1.34957 -1.7017e-19)
(1.02289 1.34278 -9.79154e-21)
(0.966368 1.31623 6.34981e-20)
(0.901742 1.28687 4.96204e-19)
(0.827984 1.25593 -8.38339e-19)
(0.743021 1.22409 0)
(0.642644 1.19242 3.3483e-18)
(0.525434 1.16318 7.25833e-20)
(0.409865 1.15011 -1.08595e-18)
(0.394592 1.49222 1.16667e-18)
(0.575331 3.1334 -3.46008e-19)
(0.665113 3.55818 -9.45028e-19)
(0.621935 3.6212 1.03819e-20)
(0.60827 3.65445 3.49967e-19)
(0.561147 3.47807 -1.68594e-19)
(0.414004 2.43947 -3.21035e-20)
(-0.0344066 0.132323 -1.1066e-20)
(0.53344 0.67524 0)
(0.774167 0.985002 0)
(1.01009 1.30309 -6.45713e-20)
(1.04416 1.3785 -1.36325e-19)
(1.00758 1.37135 -1.37609e-19)
(0.952002 1.34425 9.56025e-20)
(0.888492 1.31456 -5.42894e-19)
(0.816028 1.28367 -2.14928e-19)
(0.732529 1.25257 0)
(0.633858 1.22274 9.04235e-20)
(0.518679 1.1968 9.73549e-20)
(0.411581 1.20339 -9.6494e-19)
(0.454338 1.80668 -1.17245e-18)
(0.656353 3.36513 0)
(0.715304 3.58618 2.41905e-19)
(0.674493 3.62789 0)
(0.636641 3.56297 0)
(0.496143 2.8463 -5.65455e-22)
(0.0747814 0.487937 -3.61404e-20)
(-0.105199 -0.168432 -2.66758e-20)
(0.524007 0.691231 -5.45946e-21)
(0.760102 1.00681 -3.78043e-21)
(0.992436 1.3321 0)
(1.02651 1.40876 -1.21303e-20)
(0.990793 1.40128 8.51632e-20)
(0.936397 1.37364 -2.68725e-19)
(0.874279 1.3436 4.77708e-19)
(0.803418 1.31278 -8.43751e-19)
(0.721782 1.28248 -1.54986e-18)
(0.625352 1.2546 8.70259e-20)
(0.513043 1.23228 -1.8275e-19)
(0.420729 1.27398 8.51444e-19)
(0.529766 2.17822 -2.49661e-19)
(0.731043 3.48423 0)
(0.75242 3.60742 -2.14508e-19)
(0.719394 3.60384 8.75134e-21)
(0.616634 3.2651 9.67283e-20)
(0.260772 1.38379 -9.28978e-20)
(-0.0800011 -0.0956165 0)
(-0.0923347 -0.148662 0)
(0.512786 0.706644 2.93789e-20)
(0.744327 1.02902 0)
(0.972808 1.36233 -4.64416e-21)
(1.00702 1.44029 1.61592e-19)
(0.972394 1.43247 -4.98682e-20)
(0.919432 1.40431 -2.97314e-19)
(0.859004 1.37392 4.14312e-19)
(0.790115 1.34317 -1.25834e-18)
(0.710794 1.31369 -7.15018e-19)
(0.617197 1.28782 8.27409e-20)
(0.508871 1.26972 -1.53909e-19)
(0.439878 1.37076 -7.45846e-19)
(0.620253 2.60261 -1.01125e-18)
(0.797635 3.54766 -2.97218e-20)
(0.792141 3.60991 1.69675e-19)
(0.740765 3.50836 -1.07999e-19)
(0.50372 2.53254 -5.94012e-21)
(0.0120128 0.13059 -3.97551e-20)
(-0.113113 -0.182149 -9.50563e-20)
(-0.0776921 -0.119525 1.1377e-19)
(0.499075 0.721124 1.7774e-20)
(0.726179 1.05096 -3.67876e-20)
(0.950908 1.39356 1.99613e-23)
(0.985473 1.47296 4.21434e-20)
(0.952216 1.4648 1.50461e-20)
(0.900981 1.4361 0)
(0.842587 1.40536 0)
(0.776076 1.37466 1.1662e-18)
(0.699598 1.34599 3.42917e-19)
(0.609496 1.32217 1.2605e-19)
(0.506597 1.30939 1.08952e-18)
(0.470823 1.50253 6.46776e-19)
(0.71387 2.9775 -1.65407e-19)
(0.852729 3.57994 -4.22967e-19)
(0.82592 3.59179 1.07304e-19)
(0.719869 3.25488 -1.7562e-19)
(0.264481 1.21448 0)
(-0.0964515 -0.128812 2.46785e-19)
(-0.107362 -0.186917 -2.38493e-19)
(-0.0617181 -0.100013 0)
(0.482414 0.734224 1.24653e-19)
(0.705077 1.07211 -7.1916e-20)
(0.926539 1.42525 -2.26353e-20)
(0.961606 1.50658 2.14822e-20)
(0.930073 1.4981 1.48425e-19)
(0.880899 1.46885 -2.01163e-19)
(0.824928 1.43774 1.80176e-19)
(0.761263 1.40705 0)
(0.688211 1.37916 0)
(0.602355 1.35738 8.9827e-19)
(0.506772 1.35201 -9.82582e-19)
(0.514986 1.67019 -1.3993e-19)
(0.800596 3.25135 6.8832e-19)
(0.897021 3.58857 0)
(0.846305 3.53231 -3.5724e-19)
(0.623495 2.71972 6.74554e-20)
(0.0333741 0.163416 1.97123e-19)
(-0.129477 -0.194022 0)
(-0.106886 -0.179815 1.82037e-19)
(-0.0534046 -0.0874307 0)
(0.462206 0.744706 -1.18551e-19)
(0.680337 1.09155 0)
(0.8993 1.45664 6.12236e-20)
(0.935116 1.54083 -9.35766e-21)
(0.90575 1.53209 1.91088e-20)
(0.859016 1.50228 1.09964e-20)
(0.80592 1.47075 4.57598e-20)
(0.745627 1.44002 -4.20885e-19)
(0.676634 1.41283 1.93708e-20)
(0.595865 1.39305 0)
(0.509754 1.39818 0)
(0.570102 1.86879 2.4596e-21)
(0.874798 3.4087 -3.73825e-19)
(0.937874 3.58656 0)
(0.844989 3.4025 1.38614e-19)
(0.446469 1.89714 -5.35741e-20)
(-0.0990041 -0.0783342 -2.96235e-20)
(-0.129132 -0.238849 -1.42744e-19)
(-0.0854355 -0.185202 -1.51587e-19)
(-0.0345347 -0.0694124 0)
(0.438116 0.751262 -4.13495e-20)
(0.651347 1.1079 6.52848e-20)
(0.868752 1.48697 3.23215e-20)
(0.905817 1.57528 -4.45293e-21)
(0.878987 1.56639 3.5895e-20)
(0.835146 1.53601 0)
(0.785416 1.50403 7.38634e-20)
(0.729077 1.47318 -9.67199e-20)
(0.664839 1.44658 2.77134e-19)
(0.59007 1.42859 0)
(0.515839 1.44848 6.31484e-19)
(0.634095 2.08471 -6.87242e-19)
(0.940549 3.49588 3.33951e-19)
(0.974134 3.57244 0)
(0.816538 3.17485 9.30801e-20)
(0.216362 0.85864 -3.64148e-20)
(-0.101883 -0.216571 -2.31249e-20)
(-0.0846791 -0.299063 -8.85202e-20)
(-0.0352803 -0.181796 -3.20596e-19)
(0.00440731 -0.0267927 0)
(0.409634 0.751275 -1.43176e-19)
(0.617429 1.11904 1.14306e-19)
(0.83427 1.51548 9.52113e-20)
(0.873282 1.60911 1.93021e-20)
(0.849555 1.60048 -1.78172e-20)
(0.809068 1.56955 -4.30691e-20)
(0.763257 1.53708 5.80303e-20)
(0.711505 1.506 2.25909e-19)
(0.652763 1.47983 -7.99736e-20)
(0.584991 1.46347 6.82848e-20)
(0.52552 1.50236 7.21897e-20)
(0.704179 2.30402 4.73682e-19)
(0.998023 3.53669 -4.081e-19)
(1.0011 3.54169 -1.00183e-19)
(0.758441 2.84435 0)
(0.0226822 0.129164 5.05648e-20)
(-0.123065 -0.397063 0)
(-0.0363172 -0.364358 9.32741e-20)
(0.0810779 -0.101079 -1.19557e-19)
(0.0980747 0.114558 1.28917e-19)
(0.376424 0.743283 5.27963e-20)
(0.57811 1.12257 -4.31753e-20)
(0.795184 1.54032 5.63269e-20)
(0.8373 1.64186 -3.83427e-20)
(0.817175 1.6337 2.27915e-21)
(0.780576 1.6023 3.43821e-20)
(0.739243 1.56932 5.34971e-20)
(0.692744 1.53784 1.18166e-19)
(0.64031 1.51183 2.45679e-19)
(0.580518 1.49706 -3.02228e-19)
(0.538147 1.5576 0)
(0.777165 2.52093 0)
(1.04956 3.54966 9.48643e-20)
(1.02278 3.49316 2.85024e-20)
(0.656453 2.44234 -2.70517e-20)
(-0.127005 -0.117683 -3.34495e-20)
(-0.201953 -0.570223 -1.70128e-20)
(-0.0634136 -0.419243 8.87281e-21)
(0.13863 0.0627357 -5.81435e-21)
(0.17806 0.309574 0)
(0.338221 0.724855 -4.27156e-19)
(0.532569 1.11542 1.79643e-19)
(0.751194 1.55933 -5.62936e-20)
(0.797383 1.67226 -4.91094e-20)
(0.781658 1.66528 -2.64735e-20)
(0.749437 1.63354 1.62695e-20)
(0.713169 1.59999 0)
(0.67256 1.56794 1.02645e-19)
(0.627304 1.54168 -2.15809e-19)
(0.576541 1.52821 -1.02006e-19)
(0.551753 1.61124 -4.04691e-19)
(0.846435 2.6994 -1.27793e-20)
(1.09543 3.54585 -7.40498e-21)
(1.04781 3.42037 2.84998e-21)
(0.565647 2.03218 7.50669e-20)
(-0.182985 -0.402478 0)
(-0.192017 -0.77795 -5.31729e-21)
(-0.0303279 -0.415171 -1.57924e-19)
(0.168939 0.241892 -8.03187e-21)
(0.208744 0.481042 0)
(0.295267 0.693372 5.44206e-20)
(0.481436 1.09329 0)
(0.701687 1.5699 1.29048e-19)
(0.753552 1.69865 5.70991e-20)
(0.742817 1.69424 -5.55971e-20)
(0.715416 1.66242 -2.50186e-20)
(0.684778 1.62826 -5.37198e-20)
(0.650621 1.59544 -3.23772e-20)
(0.613404 1.56841 -8.06336e-20)
(0.572949 1.5552 0)
(0.564085 1.65904 0)
(0.908121 2.81805 -1.90903e-19)
(1.13881 3.5457 4.69101e-20)
(1.08145 3.32858 0)
(0.622807 1.70428 3.04421e-20)
(0.0105568 -0.752786 -4.48124e-20)
(-0.0770399 -0.829743 8.72992e-20)
(0.0843741 -0.103623 -3.85747e-19)
(0.185509 0.506423 2.26491e-20)
(0.176255 0.482383 -7.66024e-21)
(0.248137 0.645817 2.08525e-19)
(0.424877 1.05194 -2.2319e-19)
(0.646317 1.56818 5.89245e-20)
(0.70587 1.7193 3.39533e-20)
(0.700566 1.71956 2.62778e-20)
(0.678323 1.688 -7.80752e-21)
(0.653721 1.65323 0)
(0.62658 1.61934 6.03221e-20)
(0.598037 1.59097 -1.45169e-19)
(0.569353 1.57655 6.66759e-20)
(0.57494 1.69376 1.39051e-19)
(0.96136 2.86192 -7.05666e-20)
(1.17991 3.5525 -7.25391e-20)
(1.04418 3.27983 0)
(0.427829 1.38232 0)
(-0.528274 -0.310567 6.77623e-20)
(-0.634766 -0.501655 0)
(-0.0987296 0.143125 0)
(0.137261 0.482092 2.99569e-20)
(0.137132 0.372665 5.55177e-19)
(0.201113 0.578119 -4.101e-19)
(0.359586 0.98747 3.69539e-19)
(0.584601 1.54887 -2.29056e-19)
(0.654339 1.73201 -1.10507e-19)
(0.654729 1.74005 -2.36472e-20)
(0.638007 1.70938 0)
(0.619587 1.67397 0)
(0.599824 1.63849 5.26972e-20)
(0.580362 1.60805 2.64571e-20)
(0.564589 1.59084 -5.41362e-20)
(0.586715 1.69797 -1.05279e-19)
(0.994844 2.83269 2.5094e-20)
(1.23019 3.5697 -2.20823e-20)
(1.01597 3.3805 -8.97027e-21)
(0.221075 1.56241 2.31578e-19)
(-0.812361 0.342551 2.78732e-19)
(-1.25215 -0.55009 -7.55314e-19)
(-1.26328 -0.925146 0)
(-0.619123 -0.434571 -5.73039e-19)
(0.0846836 0.376439 -6.83614e-19)
(0.150392 0.496451 -1.81257e-19)
(0.288399 0.894576 1.85805e-19)
(0.513376 1.50688 0)
(0.597919 1.7334 5.72544e-20)
(0.605007 1.75421 -1.20399e-20)
(0.594292 1.72587 1.04636e-20)
(0.581878 1.68967 3.41349e-21)
(0.569315 1.65209 4.44462e-20)
(0.559116 1.61811 -2.35776e-20)
(0.556901 1.59518 0)
(0.594313 1.67813 -1.95473e-19)
(1.02337 2.71101 -1.75115e-20)
(1.36142 3.56891 -1.15704e-19)
(1.32462 3.56602 0)
(0.804557 2.22897 0)
(0.108219 1.14555 2.079e-19)
(-0.45543 -0.225203 1.13004e-18)
(-0.873029 -1.3801 0)
(-1.01982 -1.89898 1.92639e-18)
(-0.628501 -1.51413 -4.03524e-18)
(0.101622 0.396289 1.84363e-20)
(0.215389 0.76962 -3.12405e-20)
(0.435044 1.43073 -1.36249e-19)
(0.535732 1.71905 -4.75246e-20)
(0.551436 1.76065 3.15526e-20)
(0.546941 1.73724 -3.2672e-22)
(0.539947 1.69985 -1.46335e-20)
(0.533638 1.65971 0)
(0.531825 1.62026 -4.91013e-20)
(0.542675 1.5859 4.56517e-20)
(0.595282 1.63241 -9.29908e-20)
(1.01684 2.44634 -2.51155e-20)
(1.54456 3.44991 7.38618e-20)
(1.71454 3.48275 3.61246e-19)
(1.51569 2.7993 6.99924e-19)
(0.842363 1.32053 1.5747e-19)
(0.398279 0.0350704 -7.94818e-19)
(-0.0507979 -1.00203 9.14387e-20)
(-0.364369 -1.83358 1.95071e-18)
(-0.538642 -2.23248 9.22541e-20)
(0.0598611 0.28272 -8.69675e-21)
(0.144215 0.608353 1.20987e-21)
(0.350322 1.30976 -2.82478e-20)
(0.466969 1.6819 0)
(0.494555 1.75899 0)
(0.495772 1.74403 1.17408e-21)
(0.4927 1.70493 8.14886e-21)
(0.491284 1.66105 4.26786e-20)
(0.495487 1.61485 -4.75798e-20)
(0.513027 1.56678 -2.34127e-20)
(0.572672 1.56119 3.32238e-21)
(0.882843 1.9703 -1.58392e-21)
(1.53977 3.13358 5.04403e-20)
(1.79102 3.22675 -5.25327e-20)
(1.81018 2.86066 2.72642e-20)
(1.55396 1.93123 -3.35112e-20)
(1.07399 0.77913 -6.42546e-20)
(0.60374 -0.257173 0)
(0.191596 -1.07529 4.77354e-20)
(-0.135883 -1.66417 -3.74865e-20)
(0.0287144 0.167027 3.42259e-20)
(0.0825257 0.418257 0)
(0.26269 1.13605 -2.28096e-20)
(0.391513 1.61095 0)
(0.433317 1.74783 -9.06622e-21)
(0.439897 1.74659 -1.13864e-21)
(0.439203 1.70584 -6.45944e-21)
(0.440076 1.65808 -2.42106e-20)
(0.446747 1.60358 2.33537e-20)
(0.461366 1.54188 5.21602e-20)
(0.52316 1.47797 -6.4902e-20)
(0.648471 1.62041 0)
(1.26789 2.62271 0)
(1.54433 2.97178 -4.8086e-20)
(1.59755 2.81398 -1.92204e-19)
(1.46235 2.30617 -6.75099e-20)
(1.16344 1.55878 -2.92335e-20)
(0.800284 0.793478 -1.31499e-18)
(0.436402 0.135948 5.44465e-20)
(0.105991 -0.372725 3.921e-18)
(0.0111509 0.0670592 1.82014e-20)
(0.0393029 0.230457 5.09232e-21)
(0.171698 0.888361 1.20811e-21)
(0.312644 1.49878 1.56102e-21)
(0.367589 1.72402 0)
(0.378172 1.74333 7.03733e-22)
(0.378618 1.70458 -1.68469e-21)
(0.37903 1.65321 5.09765e-22)
(0.382957 1.59214 0)
(0.394107 1.5152 6.84046e-21)
(0.412393 1.42225 1.46417e-21)
(0.467029 1.44127 0)
(0.69848 1.9859 8.40207e-20)
(1.12999 2.82184 1.78063e-20)
(1.12491 2.87051 1.26678e-19)
(1.06196 2.70846 -4.87347e-20)
(0.878515 2.28887 0)
(0.626998 1.75938 -3.77065e-19)
(0.368117 1.22671 4.70311e-19)
(0.122384 0.759635 -1.68446e-20)
(0.000164376 -0.023293 0)
(0.0161144 0.0810016 4.91892e-34)
(0.0884017 0.580473 0)
(0.22128 1.3048 0)
(0.293403 1.67081 0)
(0.309555 1.73234 0)
(0.310907 1.70435 0)
(0.310843 1.6487 1.83933e-34)
(0.311041 1.58615 0)
(0.318974 1.507 1.04368e-33)
(0.312001 1.41332 0)
(0.322377 1.40442 0)
(0.353193 1.6442 0)
(0.654733 2.60003 0)
(0.717211 2.96324 0)
(0.639225 2.98044 0)
(0.534207 2.80749 0)
(0.378338 2.4553 0)
(0.212185 2.03896 0)
(0.0625778 1.54813 0)
(-0.000137951 -0.0313901 0)
(0.0104433 -0.00958787 0)
(0.0455019 0.327271 0)
(0.135257 1.05446 0)
(0.211663 1.57943 0)
(0.233946 1.71446 0)
(0.239083 1.70314 0)
(0.241199 1.64591 0)
(0.24628 1.58281 0)
(0.251501 1.50925 0)
(0.241009 1.41991 0)
(0.231635 1.40498 0)
(0.23196 1.54813 0)
(0.374745 2.40865 0)
(0.461804 3.00528 0)
(0.417163 3.14082 0)
(0.344975 3.09198 0)
(0.233316 2.83208 0)
(0.117005 2.4779 0)
(0.0151133 1.92887 0)
(0.00136659 -0.0508693 0)
(0.0184035 -0.0848779 0)
(0.0391372 0.209833 0)
(0.0747245 0.873339 0)
(0.131535 1.48913 0)
(0.154524 1.68982 0)
(0.164342 1.69333 0)
(0.172722 1.6391 0)
(0.183441 1.57798 0)
(0.189547 1.51097 0)
(0.18237 1.43183 0)
(0.167721 1.4166 0)
(0.167141 1.53203 0)
(0.207706 2.23976 0)
(0.279866 3.01911 0)
(0.249752 3.25652 0)
(0.194399 3.27412 0)
(0.119803 3.08456 0)
(0.0462855 2.76978 0)
(-0.00981083 2.11013 0)
(0.00299715 -0.0953617 0)
(0.0165252 -0.149521 0)
(0.0177614 0.185468 0)
(0.0158932 0.80889 0)
(0.0427001 1.42744 0)
(0.0673662 1.65908 0)
(0.0882162 1.67299 0)
(0.107117 1.62412 0)
(0.124763 1.56841 0)
(0.135073 1.50964 0)
(0.134276 1.44093 0)
(0.123056 1.4293 0)
(0.121527 1.53755 0)
(0.119912 2.14067 0)
(0.159606 3.01622 0)
(0.133339 3.32752 0)
(0.0895937 3.38927 0)
(0.0428709 3.24274 0)
(-0.00240845 2.9402 0)
(-0.023285 2.10155 0)
(0.00139282 -0.126414 0)
(-0.0059886 -0.139034 0)
(-0.0307863 0.235323 0)
(-0.0537586 0.824686 0)
(-0.0461966 1.3853 0)
(-0.0160293 1.61189 0)
(0.0179914 1.63677 0)
(0.0482991 1.59823 0)
(0.0734363 1.55217 0)
(0.0895621 1.50325 0)
(0.0930612 1.44553 0)
(0.0862853 1.43575 0)
(0.0876104 1.54584 0)
(0.0725108 2.10565 0)
(0.0788191 3.02546 0)
(0.0561278 3.38096 0)
(0.0238211 3.46725 0)
(-0.00646636 3.33722 0)
(-0.0297488 3.02098 0)
(-0.0244563 2.00956 0)
(-0.00189155 -0.10517 0)
(-0.0283175 -0.0374662 0)
(-0.0714549 0.337157 0)
(-0.104254 0.86719 0)
(-0.102402 1.34399 0)
(-0.0710964 1.54444 0)
(-0.0316893 1.584 0)
(0.00477551 1.56146 0)
(0.0333965 1.52944 0)
(0.0516635 1.49332 0)
(0.0588866 1.44832 0)
(0.0579897 1.43895 0)
(0.0617832 1.55245 0)
(0.0412101 2.12178 0)
(0.0222334 3.05419 0)
(0.00214312 3.42658 0)
(-0.0201528 3.52105 0)
(-0.0374189 3.39004 0)
(-0.0470391 3.03807 0)
(-0.0229604 1.86396 0)
(-0.00310047 -0.0457411 0)
(-0.0337119 0.106467 0)
(-0.0792889 0.457435 0)
(-0.112713 0.911859 0)
(-0.114001 1.30568 0)
(-0.0869128 1.48048 0)
(-0.0530183 1.52935 0)
(-0.0202826 1.52259 0)
(0.00688961 1.50575 0)
(0.024996 1.48209 0)
(0.0328809 1.448 0)
(0.0335677 1.43786 0)
(0.0384056 1.55339 0)
(0.0162535 2.16289 0)
(-0.0188219 3.09164 0)
(-0.0369493 3.46394 0)
(-0.0508991 3.55331 0)
(-0.057849 3.41091 0)
(-0.0544395 3.00984 0)
(-0.0200955 1.70353 0)
(-0.00254685 0.0142055 0)
(-0.0271382 0.240671 0)
(-0.0649501 0.568772 0)
(-0.0924818 0.95404 0)
(-0.0952799 1.28153 0)
(-0.0777649 1.43524 0)
(-0.0537635 1.48655 0)
(-0.0286361 1.49031 0)
(-0.00784122 1.48526 0)
(0.00546992 1.47189 0)
(0.0104041 1.44944 0)
(0.00660209 1.43708 0)
(0.010675 1.55322 0)
(-0.0143041 2.2204 0)
(-0.0521771 3.12908 0)
(-0.0674277 3.48738 0)
(-0.0724634 3.56491 0)
(-0.0708097 3.40502 0)
(-0.0577026 2.94179 0)
(-0.0172155 1.54525 0)
(-0.0015759 0.0568503 0)
(-0.018295 0.341996 0)
(-0.0461597 0.658512 0)
(-0.0681294 0.988818 0)
(-0.070516 1.2689 0)
(-0.0602067 1.40749 0)
(-0.0450858 1.45727 0)
(-0.0273229 1.46782 0)
(-0.0123329 1.46973 0)
(-0.00478555 1.46604 0)
(-0.0073912 1.45479 0)
(-0.0185996 1.43907 0)
(-0.0242952 1.56104 0)
(-0.0522954 2.27761 0)
(-0.0828511 3.15864 0)
(-0.0880754 3.49759 0)
(-0.0850003 3.55821 0)
(-0.0758539 3.37732 0)
(-0.0558798 2.84784 0)
(-0.0143739 1.39978 0)
(-0.000972587 0.08388 0)
(-0.0121609 0.412468 0)
(-0.0321836 0.726983 0)
(-0.0501131 1.01649 0)
(-0.0513398 1.25986 0)
(-0.0428072 1.39029 0)
(-0.0315885 1.43803 0)
(-0.0199986 1.4521 0)
(-0.00990851 1.46002 0)
(-0.00522678 1.46517 0)
(-0.0119622 1.46401 0)
(-0.0375118 1.45557 0)
(-0.0606133 1.58108 0)
(-0.086698 2.31467 0)
(-0.102295 3.17058 0)
(-0.0982556 3.49199 0)
(-0.0896993 3.53823 0)
(-0.0757895 3.33575 0)
(-0.0517864 2.74225 0)
(-0.0121566 1.27171 0)
(-0.000714068 0.101984 0)
(-0.00856847 0.461609 0)
(-0.0229552 0.779315 0)
(-0.038233 1.04162 0)
(-0.0405124 1.24887 0)
(-0.0304418 1.37309 0)
(-0.0180516 1.4223 0)
(-0.00831918 1.4391 0)
(-0.00153948 1.45477 0)
(0.000824106 1.46656 0)
(-0.0106508 1.47953 0)
(-0.0490134 1.48811 0)
(-0.0814631 1.60889 0)
(-0.101786 2.3221 0)
(-0.103139 3.17054 0)
(-0.0964654 3.47809 0)
(-0.0862852 3.51241 0)
(-0.0721377 3.28985 0)
(-0.0488532 2.63571 0)
(-0.0103809 1.1558 0)
(-0.000618203 0.115611 0)
(-0.00613118 0.495624 0)
(-0.015726 0.818276 0)
(-0.0277866 1.06705 0)
(-0.0324834 1.24072 0)
(-0.0231508 1.35195 0)
(-0.0081277 1.40443 0)
(0.00494848 1.4276 0)
(0.0130926 1.44857 0)
(0.011756 1.47244 0)
(-0.00721047 1.50072 0)
(-0.0494898 1.52578 0)
(-0.080657 1.633 0)
(-0.0988627 2.31801 0)
(-0.0938164 3.16785 0)
(-0.0896589 3.46535 0)
(-0.084695 3.48879 0)
(-0.0734795 3.24522 0)
(-0.050457 2.52385 0)
(-0.00934224 1.04656 0)
(-0.000552444 0.126361 0)
(-0.00394256 0.516547 0)
(-0.00881441 0.842813 0)
(-0.0156703 1.08815 0)
(-0.0195411 1.2381 0)
(-0.0117838 1.3298 0)
(0.00562466 1.3813 0)
(0.0248571 1.41193 0)
(0.0390557 1.43907 0)
(0.0356785 1.48241 0)
(0.0143396 1.52565 0)
(-0.0317029 1.56261 0)
(-0.0597804 1.64872 0)
(-0.0758569 2.32088 0)
(-0.0787433 3.17154 0)
(-0.0858825 3.46569 0)
(-0.0877378 3.47735 0)
(-0.081692 3.20791 0)
(-0.055381 2.39716 0)
(-0.00826558 0.938682 0)
(-0.000463783 0.134318 0)
(-0.00173078 0.524886 0)
(-0.00216807 0.851537 0)
(-0.00263974 1.09641 0)
(-0.000737402 1.23289 0)
(0.0101352 1.30579 0)
(0.0317348 1.35078 0)
(0.0585204 1.38634 0)
(0.0819978 1.42499 0)
(0.0885096 1.48977 0)
(0.0682809 1.55648 0)
(0.0122014 1.60485 0)
(-0.0300893 1.65781 0)
(-0.0484781 2.35312 0)
(-0.0691728 3.19634 0)
(-0.0896291 3.48314 0)
(-0.09652 3.48322 0)
(-0.0937827 3.17778 0)
(-0.0609418 2.24301 0)
(-0.00865432 0.828629 0)
(-0.000377382 0.139403 0)
(0.00041868 0.521747 0)
(0.00420798 0.845284 0)
(0.00963479 1.0872 0)
(0.0199423 1.21377 0)
(0.0392157 1.27217 0)
(0.0689083 1.30977 0)
(0.105232 1.34855 0)
(0.140101 1.40211 0)
(0.165761 1.48933 0)
(0.147312 1.59454 0)
(0.0749547 1.66352 0)
(-0.00415745 1.69128 0)
(-0.0470992 2.41136 0)
(-0.0858864 3.2385 0)
(-0.11172 3.51156 0)
(-0.120649 3.49062 0)
(-0.112538 3.11736 0)
(-0.0605881 2.04194 0)
(-0.0082132 0.724967 0)
(-0.000253831 0.14109 0)
(0.00292517 0.506603 0)
(0.0102129 0.826493 0)
(0.0209893 1.06071 0)
(0.0401061 1.1748 0)
(0.0704066 1.22182 0)
(0.111645 1.25433 0)
(0.161455 1.29573 0)
(0.215845 1.36162 0)
(0.258637 1.4798 0)
(0.250006 1.63582 0)
(0.150874 1.75302 0)
(0.0147825 1.77918 0)
(-0.0721607 2.49195 0)
(-0.122778 3.2932 0)
(-0.14688 3.53357 0)
(-0.146628 3.4812 0)
(-0.119166 3.01008 0)
(-0.0498849 1.83357 0)
(-0.00430048 0.639999 0)
(3.37375e-05 0.138137 0)
(0.00577267 0.480396 0)
(0.0164228 0.79621 0)
(0.032202 1.01783 0)
(0.0597771 1.11504 0)
(0.101417 1.15134 0)
(0.156283 1.17904 0)
(0.224604 1.22115 0)
(0.306776 1.29545 0)
(0.371861 1.45266 0)
(0.366071 1.68991 0)
(0.222105 1.88762 0)
(0.0288179 1.93233 0)
(-0.106486 2.59333 0)
(-0.169521 3.3531 0)
(-0.18537 3.53532 0)
(-0.17168 3.43998 0)
(-0.123361 2.85113 0)
(-0.0416738 1.61031 0)
(-0.00201294 0.583766 0)
(0.000477333 0.128653 0)
(0.00894309 0.443174 0)
(0.0224264 0.755655 0)
(0.0427117 0.959501 0)
(0.077808 1.03581 0)
(0.129592 1.06036 0)
(0.198462 1.08025 0)
(0.287302 1.11652 0)
(0.394986 1.20271 0)
(0.491099 1.40856 0)
(0.459763 1.77795 0)
(0.264508 2.06817 0)
(0.0285751 2.13998 0)
(-0.144331 2.72349 0)
(-0.218845 3.41618 0)
(-0.230753 3.52885 0)
(-0.198059 3.35585 0)
(-0.126172 2.6089 0)
(-0.0164115 1.38904 0)
(0.0040653 0.564522 0)
(0.0010579 0.110981 0)
(0.0117703 0.397354 0)
(0.0267579 0.707487 0)
(0.0500796 0.888334 0)
(0.0902261 0.941257 0)
(0.14862 0.951908 0)
(0.227979 0.959088 0)
(0.333477 0.982734 0)
(0.457758 1.08377 0)
(0.558659 1.37488 0)
(0.502435 1.89763 0)
(0.267496 2.28243 0)
(0.0050807 2.37643 0)
(-0.199109 2.89258 0)
(-0.290628 3.47616 0)
(-0.295175 3.51289 0)
(-0.255387 3.19986 0)
(-0.142099 2.26456 0)
(-0.0137078 1.20393 0)
(0.00539878 0.572113 0)
(0.00163456 0.085115 0)
(0.0131711 0.348777 0)
(0.027232 0.657354 0)
(0.0504699 0.811099 0)
(0.0904961 0.840466 0)
(0.148609 0.835413 0)
(0.229689 0.824939 0)
(0.339172 0.834459 0)
(0.466131 0.956017 0)
(0.550555 1.36721 0)
(0.466111 2.04419 0)
(0.205799 2.52418 0)
(-0.0627417 2.63542 0)
(-0.284831 3.11373 0)
(-0.383573 3.53196 0)
(-0.39231 3.47936 0)
(-0.319136 2.96461 0)
(-0.111363 1.78753 0)
(-0.033811 1.05133 0)
(-0.00169937 0.545122 0)
(0.00197061 0.0540541 0)
(0.0119817 0.306752 0)
(0.0217442 0.614462 0)
(0.0399957 0.740124 0)
(0.0724709 0.74827 0)
(0.120089 0.727444 0)
(0.188095 0.697473 0)
(0.280279 0.696409 0)
(0.376866 0.856159 0)
(0.409437 1.38453 0)
(0.305788 2.20837 0)
(0.0551684 2.75833 0)
(-0.179123 2.88021 0)
(-0.415605 3.37066 0)
(-0.493628 3.59252 0)
(-0.497731 3.41119 0)
(-0.318904 2.48883 0)
(-0.120147 1.48297 0)
(-0.0502624 0.891989 0)
(-0.00923588 0.460111 0)
(0.00184338 0.0240587 0)
(0.00757734 0.282173 0)
(0.00932849 0.590489 0)
(0.0167185 0.691526 0)
(0.0336213 0.682822 0)
(0.0592921 0.648959 0)
(0.0976374 0.603658 0)
(0.147229 0.601968 0)
(0.185133 0.817391 0)
(0.164175 1.43424 0)
(0.0511812 2.3564 0)
(-0.151383 2.96826 0)
(-0.342311 3.10375 0)
(-0.549406 3.58195 0)
(-0.622089 3.65037 0)
(-0.535703 3.16019 0)
(-0.210484 1.8677 0)
(-0.106902 1.25431 0)
(-0.0513358 0.738205 0)
(-0.0118294 0.348609 0)
(0.00122321 0.00280928 0)
(0.000631582 0.283865 0)
(-0.00832219 0.595641 0)
(-0.0164786 0.680617 0)
(-0.0224261 0.662334 0)
(-0.0264656 0.619337 0)
(-0.0307369 0.567827 0)
(-0.039677 0.576054 0)
(-0.0699146 0.843105 0)
(-0.134948 1.5021 0)
(-0.230789 2.47755 0)
(-0.372115 3.10638 0)
(-0.499982 3.29274 0)
(-0.690358 3.73059 0)
(-0.730643 3.62486 0)
(-0.454376 2.52727 0)
(-0.207734 1.55026 0)
(-0.105805 1.06649 0)
(-0.0546223 0.6013 0)
(-0.0152565 0.229227 0)
(0.000227697 -0.00260272 0)
(-0.0074985 0.317297 0)
(-0.0275543 0.636478 0)
(-0.052827 0.714763 0)
(-0.0834241 0.69504 0)
(-0.121081 0.651512 0)
(-0.171171 0.600755 0)
(-0.240378 0.620385 0)
(-0.326994 0.918088 0)
(-0.422154 1.59096 0)
(-0.500316 2.55278 0)
(-0.555059 3.17472 0)
(-0.62504 3.4795 0)
(-0.730265 3.81187 0)
(-0.72929 3.44535 0)
(-0.362581 1.84769 0)
(-0.221166 1.26599 0)
(-0.118868 0.878845 0)
(-0.0637857 0.462447 0)
(-0.0218474 0.0908008 0)
(-0.000757497 0.00970431 0)
(-0.0142772 0.377695 0)
(-0.0435087 0.714032 0)
(-0.0838278 0.796568 0)
(-0.136093 0.779982 0)
(-0.203621 0.74525 0)
(-0.293179 0.700892 0)
(-0.410759 0.724332 0)
(-0.535809 1.01783 0)
(-0.633154 1.68882 0)
(-0.692995 2.56935 0)
(-0.646046 3.16023 0)
(-0.650211 3.60097 0)
(-0.660566 3.82268 0)
(-0.589783 3.16915 0)
(-0.321399 1.48411 0)
(-0.196677 0.957791 0)
(-0.105026 0.678748 0)
(-0.0577632 0.324114 0)
(-0.0237894 -0.0612982 0)
(-0.0073848 0.265457 0)
(-0.0320896 0.747555 0)
(-0.0740373 0.999265 0)
(-0.137187 1.03793 0)
(-0.220616 1.03157 0)
(-0.331131 1.01991 0)
(-0.478437 1.01372 0)
(-0.658201 1.0875 0)
(-0.7888 1.44043 0)
(-0.777188 2.12359 0)
(-0.675813 2.80146 0)
(-0.577224 3.27798 0)
(-0.477663 3.58987 0)
(-0.260549 3.23029 0)
(0.00643239 1.76783 0)
(0.0771756 0.906352 0)
(0.0588543 0.66454 0)
(0.029806 0.473882 0)
(0.00838794 0.0609051 0)
(-0.0105847 -0.161654 0)
(-0.10008 0.677616 -1.31658e-19)
(0.185241 3.19511 9.216e-21)
(0.220863 3.62853 -3.01604e-19)
(0.197257 3.59832 -2.09764e-19)
(0.179487 3.52891 3.0916e-20)
(0.165651 3.48627 8.87606e-22)
(0.139915 3.4526 -2.23853e-20)
(0.130175 3.43839 -2.15041e-20)
(0.109926 3.34111 6.62826e-19)
(0.074879 2.40599 7.42874e-19)
(-0.0356657 1.25735 0)
(0.0808504 3.18102 2.23835e-21)
(0.110536 3.55476 3.58137e-19)
(0.112005 3.53991 5.25857e-19)
(0.10843 3.49098 5.63194e-19)
(0.102111 3.45743 2.05018e-20)
(0.0937102 3.43604 6.90735e-19)
(0.0817927 3.42876 7.30104e-19)
(0.0627884 3.3206 7.2011e-19)
(0.0280507 2.23116 -5.87237e-21)
(-0.0281941 1.0793 3.40922e-19)
(0.0524441 3.0883 -4.02032e-19)
(0.0660962 3.50346 4.82101e-19)
(0.0692565 3.49914 0)
(0.0689961 3.46131 1.24888e-18)
(0.066937 3.43577 0)
(0.0633873 3.42195 -2.2873e-20)
(0.0589821 3.42258 7.64869e-19)
(0.0523642 3.33778 1.21784e-20)
(0.0303695 2.30471 8.06665e-19)
(-0.0188863 0.967316 -5.07173e-19)
(0.024115 3.03662 -4.33349e-21)
(0.035121 3.46742 -8.88901e-21)
(0.0399903 3.46688 0)
(0.042432 3.43621 -2.10318e-20)
(0.0439107 3.41646 -7.12536e-19)
(0.0451308 3.40783 7.72144e-19)
(0.0465108 3.41234 0)
(0.0460805 3.34554 8.03216e-19)
(0.0306586 2.37243 3.23546e-21)
(-0.0138432 0.906348 -2.88546e-19)
(0.00395453 3.02136 -2.9483e-19)
(0.0142355 3.44043 2.84815e-19)
(0.0202196 3.43965 3.36952e-19)
(0.0251539 3.41359 3.42828e-19)
(0.0296144 3.3976 3.73394e-19)
(0.0342935 3.39191 -3.89431e-19)
(0.03929 3.39866 -4.23553e-19)
(0.0425888 3.34759 -3.93505e-19)
(0.032221 2.43712 -4.33404e-19)
(-0.0107432 0.880674 -4.71075e-21)
(-0.00793375 3.02808 -5.28395e-21)
(0.00076361 3.41852 -3.73371e-19)
(0.00717675 3.41481 -3.5798e-19)
(0.0138586 3.39154 -3.84626e-19)
(0.0206425 3.37777 -3.99915e-19)
(0.027827 3.37376 -4.14801e-19)
(0.0354229 3.38196 4.2866e-19)
(0.0413662 3.34511 -4.20593e-19)
(0.03559 2.50176 -4.47338e-19)
(-0.00950952 0.876617 3.14718e-19)
(-0.0160273 3.04859 3.58372e-19)
(-0.0100988 3.39901 -6.82719e-22)
(-0.00192524 3.39036 -3.77701e-19)
(0.00615997 3.36864 0)
(0.0148352 3.35607 4.61423e-19)
(0.0241633 3.35297 -6.35412e-20)
(0.0340195 3.36205 4.34172e-19)
(0.0426912 3.33797 0)
(0.0408068 2.56763 4.65188e-19)
(-0.010555 0.891061 -5.57624e-21)
(-0.0237154 3.07748 1.67766e-20)
(-0.0192155 3.37907 7.75128e-19)
(-0.0093312 3.36453 0)
(0.00030053 3.34351 -2.40996e-22)
(0.0108903 3.33142 4.30498e-19)
(0.0223766 3.32873 -2.83077e-20)
(0.0345804 3.33824 4.71191e-19)
(0.0462727 3.32565 -4.86503e-19)
(0.047796 2.63665 7.6963e-21)
(-0.0130437 0.925992 -3.69101e-19)
(-0.0330903 3.10977 1.85442e-20)
(-0.02858 3.35606 -2.56946e-20)
(-0.0164491 3.33541 -4.21624e-19)
(-0.00478325 3.31449 -2.40892e-22)
(0.00804436 3.30252 2.89207e-20)
(0.0219481 3.30003 -2.99182e-20)
(0.0367062 3.30972 -1.53896e-20)
(0.0516961 3.30734 1.58296e-20)
(0.0563956 2.70933 5.28301e-19)
(-0.0190206 0.995786 -4.03316e-19)
(-0.0452187 3.14052 -4.26465e-19)
(-0.0390829 3.32703 -4.27237e-19)
(-0.0239647 3.30091 0)
(-0.00943582 3.27999 4.65254e-19)
(0.00611375 3.26826 -5.2924e-19)
(0.0226527 3.26613 5.31513e-19)
(0.0400632 3.276 0)
(0.0581558 3.28229 -5.14749e-19)
(0.0659654 2.78427 2.90094e-19)
(-0.0289541 1.11895 0)
(-0.0597707 3.1642 6.97484e-21)
(-0.0501483 3.28962 5.70653e-21)
(-0.0313861 3.25979 2.3936e-19)
(-0.013441 3.2397 -2.57359e-19)
(0.00504146 3.22876 -2.33593e-19)
(0.024153 3.22717 -2.6659e-19)
(0.0440661 3.23714 0)
(0.0645685 3.25013 -2.9108e-19)
(0.075527 2.85987 2.9639e-19)
(-0.041235 1.31567 -7.2097e-21)
(-0.0741427 3.17517 5.00771e-19)
(-0.0593853 3.24372 2.13472e-19)
(-0.0368173 3.21311 2.56923e-19)
(-0.0160533 3.19512 0)
(0.00436951 3.18554 5.60554e-19)
(0.0251706 3.1845 6.14743e-19)
(0.047023 3.19413 1.87092e-20)
(0.0694086 3.21152 0)
(0.0842803 2.93056 -9.91328e-21)
(-0.05187 1.59195 -2.55645e-19)
(-0.083523 3.16989 2.76213e-19)
(-0.0625808 3.19137 -1.67707e-20)
(-0.0385935 3.16319 2.85484e-19)
(-0.0168904 3.14741 6.15904e-19)
(0.0039197 3.13923 1.36544e-22)
(0.0250072 3.13924 -3.03967e-19)
(0.0471796 3.14901 0)
(0.0702908 3.16895 3.11145e-20)
(0.0906507 2.99281 0)
(-0.0557778 1.93848 -8.48399e-21)
(-0.0841641 3.14813 -2.59757e-19)
(-0.0610249 3.13611 -2.01456e-19)
(-0.0389786 3.11022 0)
(-0.01737 3.09587 7.74533e-20)
(0.00408889 3.08921 9.8167e-23)
(0.0256761 3.09073 -2.03305e-19)
(0.0466915 3.10172 -2.12414e-20)
(0.0672796 3.12415 2.17709e-20)
(0.0925117 3.04052 0)
(-0.0576376 2.33614 -1.39838e-19)
(-0.0827939 3.10593 1.81484e-19)
(-0.0603276 3.07531 1.33809e-19)
(-0.0381908 3.05418 1.57774e-19)
(-0.0162412 3.0446 4.21928e-20)
(0.00431944 3.04087 8.55715e-20)
(0.0247369 3.04252 4.36325e-20)
(0.0453464 3.05142 1.55451e-19)
(0.0662574 3.07192 1.59398e-19)
(0.0936849 3.06014 1.00891e-20)
(-0.0539205 2.71454 6.83228e-20)
(-0.0775226 3.03435 -1.09533e-20)
(-0.0425476 3.0166 0)
(-0.0223615 3.00997 4.22001e-20)
(-0.00838417 3.0085 -1.27455e-19)
(0.00298115 3.00828 8.66596e-22)
(0.0145056 3.00801 -9.02412e-20)
(0.0277129 3.01102 2.23951e-20)
(0.0481141 3.01813 -2.50183e-20)
(0.0862058 3.02739 0)
(0.773651 -0.0450664 0)
(1.00743 -0.0768854 0)
(0.999198 -0.0411406 0)
(0.999917 -0.0220052 0)
(1.00005 -0.01167 0)
(1.00003 -0.0066232 0)
(1.00001 -0.00389431 0)
(0.999998 -0.00227136 0)
(0.999996 -0.0012186 0)
(0.999995 -0.000450539 0)
(1 0.000236306 0)
(1 0.000930083 0)
(1.00001 0.00179746 0)
(1.00001 0.00307087 0)
(1.00003 0.00513734 0)
(1.00005 0.00876684 0)
(1.00002 0.0159019 0)
(0.999681 0.0305856 0)
(1.00215 0.056841 0)
(0.984995 0.0884641 0)
(0.842512 -0.0556521 0)
(1.0942 -0.0728273 0)
(1.06565 -0.0595547 0)
(1.03462 -0.0453689 0)
(1.01745 -0.0319442 0)
(1.00885 -0.0210383 0)
(1.00474 -0.0132243 0)
(1.00273 -0.00779977 0)
(1.00176 -0.00382131 0)
(1.00137 -0.000463996 0)
(1.00149 0.00273174 0)
(1.00213 0.00624691 0)
(1.00351 0.010773 0)
(1.00635 0.01718 0)
(1.01226 0.0264538 0)
(1.02449 0.0386769 0)
(1.04769 0.0525256 0)
(1.08704 0.0680611 0)
(1.04539 0.0743128 0)
(0.360804 0.0151872 0)
(0.630779 -0.0168145 0)
(0.943651 -0.0411297 0)
(1.10669 -0.0513567 0)
(1.08078 -0.0440149 0)
(1.051 -0.0365532 0)
(1.03076 -0.0294137 0)
(1.01805 -0.0220058 0)
(1.01071 -0.0149286 0)
(1.00675 -0.00872634 0)
(1.00484 -0.00329751 0)
(1.00446 0.00182624 0)
(1.00553 0.00703043 0)
(1.00831 0.0126654 0)
(1.01372 0.0192112 0)
(1.02345 0.0264366 0)
(1.03966 0.0336056 0)
(1.06437 0.040658 0)
(1.09956 0.0491048 0)
(1.07542 0.0506249 0)
(0.630032 0.0168817 0)
(0.516997 -0.00691576 0)
(0.830745 -0.0225021 0)
(1.09522 -0.0412287 0)
(1.09457 -0.0393742 0)
(1.06406 -0.0332183 0)
(1.04323 -0.0273501 0)
(1.02879 -0.0217089 0)
(1.01895 -0.0159164 0)
(1.01282 -0.00989835 0)
(1.00956 -0.00380111 0)
(1.00885 0.00238424 0)
(1.01072 0.00848731 0)
(1.01524 0.0143652 0)
(1.02302 0.0201018 0)
(1.03495 0.0255884 0)
(1.05222 0.031127 0)
(1.07751 0.0369927 0)
(1.10492 0.0420043 0)
(1.01753 0.0357725 0)
(0.515561 0.00699924 0)
(0.452852 -0.00423356 0)
(0.744725 -0.0139914 0)
(1.07126 -0.0330691 0)
(1.10208 -0.0345809 0)
(1.07316 -0.0304339 0)
(1.05133 -0.025686 0)
(1.03648 -0.0205885 0)
(1.02609 -0.0153123 0)
(1.01901 -0.00972692 0)
(1.01489 -0.00366847 0)
(1.01392 0.00277999 0)
(1.01629 0.00899952 0)
(1.02169 0.014559 0)
(1.03018 0.0196993 0)
(1.04246 0.024631 0)
(1.06034 0.0293543 0)
(1.08693 0.0336829 0)
(1.10284 0.0358955 0)
(0.955083 0.0260091 0)
(0.450559 0.00433675 0)
(0.409747 -0.00299515 0)
(0.680163 -0.00976618 0)
(1.04096 -0.0268991 0)
(1.10515 -0.0304038 0)
(1.08118 -0.0273893 0)
(1.05843 -0.0235729 0)
(1.04292 -0.0192562 0)
(1.03213 -0.0143874 0)
(1.02473 -0.00905346 0)
(1.02023 -0.00318939 0)
(1.01908 0.00313637 0)
(1.02162 0.00915416 0)
(1.02726 0.0144041 0)
(1.03598 0.0191554 0)
(1.04872 0.0234307 0)
(1.06737 0.0271635 0)
(1.0944 0.030601 0)
(1.09427 0.0311544 0)
(0.896688 0.0197504 0)
(0.406393 0.00311978 0)
(0.378217 -0.00224508 0)
(0.630938 -0.00725404 0)
(1.00854 -0.0219948 0)
(1.10549 -0.0269525 0)
(1.08808 -0.024676 0)
(1.06483 -0.0212471 0)
(1.04883 -0.0174857 0)
(1.03761 -0.0131487 0)
(1.0299 -0.00814923 0)
(1.02518 -0.00252827 0)
(1.0239 0.00352963 0)
(1.0264 0.00924394 0)
(1.03214 0.01413 0)
(1.04113 0.0183381 0)
(1.05427 0.0219425 0)
(1.07345 0.0251276 0)
(1.09924 0.0280405 0)
(1.08062 0.027268 0)
(0.84517 0.0154609 0)
(0.373568 0.00239518 0)
(0.354277 -0.00171639 0)
(0.592711 -0.00553842 0)
(0.976638 -0.0179578 0)
(1.1034 -0.0238308 0)
(1.09428 -0.0223258 0)
(1.07064 -0.019136 0)
(1.05429 -0.0156705 0)
(1.04279 -0.0116777 0)
(1.03479 -0.00702902 0)
(1.02983 -0.00172945 0)
(1.02838 0.00400501 0)
(1.03083 0.00933372 0)
(1.03664 0.0137618 0)
(1.04578 0.0174758 0)
(1.05912 0.020653 0)
(1.07872 0.0234917 0)
(1.10157 0.0258059 0)
(1.06359 0.0238799 0)
(0.800765 0.0123723 0)
(0.348054 0.00189751 0)
(0.335826 -0.00131695 0)
(0.562696 -0.00426631 0)
(0.946865 -0.0145912 0)
(1.09919 -0.0208559 0)
(1.09949 -0.0199168 0)
(1.076 -0.0169275 0)
(1.05934 -0.0136992 0)
(1.04764 -0.00999178 0)
(1.0394 -0.00570553 0)
(1.03419 -0.00077747 0)
(1.03253 0.00459305 0)
(1.03489 0.00948142 0)
(1.04071 0.0133855 0)
(1.04987 0.0166115 0)
(1.06335 0.0194089 0)
(1.08329 0.0219245 0)
(1.10244 0.0237382 0)
(1.04463 0.020904 0)
(0.762772 0.0100753 0)
(0.327691 0.00153677 0)
(0.321584 -0.00100158 0)
(0.539087 -0.00326986 0)
(0.920059 -0.0117408 0)
(1.09348 -0.018009 0)
(1.10391 -0.0175564 0)
(1.08109 -0.0147806 0)
(1.06405 -0.0117577 0)
(1.05216 -0.00825335 0)
(1.0438 -0.00420484 0)
(1.03842 0.000386882 0)
(1.03653 0.00528549 0)
(1.03868 0.00968805 0)
(1.04432 0.0131702 0)
(1.05343 0.0159946 0)
(1.06706 0.0183991 0)
(1.0873 0.0206 0)
(1.102 0.0219009 0)
(1.02478 0.0183071 0)
(0.730269 0.00832155 0)
(0.311122 0.0012691 0)
(0.310752 -0.000737009 0)
(0.520747 -0.00244003 0)
(0.896728 -0.0092276 0)
(1.08681 -0.0151529 0)
(1.10743 -0.0151251 0)
(1.0859 -0.0126358 0)
(1.06851 -0.00978484 0)
(1.05639 -0.00641336 0)
(1.04781 -0.002565 0)
(1.04217 0.00171084 0)
(1.04001 0.00618608 0)
(1.04193 0.0101102 0)
(1.04742 0.0131257 0)
(1.05649 0.0155538 0)
(1.07024 0.0175935 0)
(1.09073 0.0194563 0)
(1.10009 0.02015 0)
(1.00482 0.0159824 0)
(0.702481 0.00693296 0)
(0.297451 0.00106467 0)
(0.302832 -0.00050366 0)
(0.506932 -0.00171237 0)
(0.877157 -0.00694648 0)
(1.07984 -0.0122428 0)
(1.11023 -0.0124495 0)
(1.0904 -0.0101581 0)
(1.07271 -0.00742739 0)
(1.06028 -0.00427931 0)
(1.05142 -0.000718514 0)
(1.04552 0.00324755 0)
(1.04304 0.00733831 0)
(1.04461 0.0107827 0)
(1.04989 0.013272 0)
(1.05893 0.0151539 0)
(1.07279 0.016736 0)
(1.09319 0.0182418 0)
(1.09672 0.0184114 0)
(0.985386 0.0138933 0)
(0.678746 0.00580606 0)
(0.286057 0.000905638 0)
(0.29752 -0.000291753 0)
(0.497192 -0.00104785 0)
(0.861522 -0.00480159 0)
(1.07322 -0.00927686 0)
(1.11282 -0.00961149 0)
(1.09475 -0.00752035 0)
(1.07674 -0.00495878 0)
(1.06411 -0.00195529 0)
(1.05501 0.00143188 0)
(1.04873 0.00510861 0)
(1.04582 0.0087752 0)
(1.04703 0.0116937 0)
(1.05202 0.0136497 0)
(1.06085 0.014989 0)
(1.07483 0.0160494 0)
(1.09482 0.0171049 0)
(1.0922 0.0167704 0)
(0.966944 0.0120209 0)
(0.658575 0.0048755 0)
(0.276497 0.000786101 0)
(0.294664 -7.70615e-05 0)
(0.491294 -0.00040294 0)
(0.849906 -0.00273463 0)
(1.06725 -0.00626538 0)
(1.11501 -0.00675685 0)
(1.09879 -0.00496134 0)
(1.08055 -0.00249488 0)
(1.0677 0.000479092 0)
(1.05838 0.00379822 0)
(1.0518 0.00730233 0)
(1.04838 0.010606 0)
(1.049 0.0130412 0)
(1.05352 0.0145063 0)
(1.0621 0.0153714 0)
(1.07595 0.0159272 0)
(1.09521 0.0163391 0)
(1.08641 0.015367 0)
(0.949641 0.0103784 0)
(0.641535 0.00411041 0)
(0.268437 0.000690839 0)
(0.294312 0.000129193 0)
(0.489207 0.000266182 0)
(0.8424 -0.000717224 0)
(1.06232 -0.00311891 0)
(1.11674 -0.00353538 0)
(1.10247 -0.00191568 0)
(1.08423 0.000527731 0)
(1.07112 0.00347851 0)
(1.06139 0.00667103 0)
(1.05421 0.00994976 0)
(1.05013 0.0128952 0)
(1.05019 0.0147885 0)
(1.05428 0.0155617 0)
(1.06256 0.0158235 0)
(1.07619 0.0158782 0)
(1.09434 0.0157195 0)
(1.07934 0.0139978 0)
(0.9336 0.00898733 0)
(0.627155 0.00352501 0)
(0.261599 0.000612526 0)
(0.296047 0.000347993 0)
(0.490122 0.000753216 0)
(0.838932 0.000967262 0)
(1.05912 -0.000222574 0)
(1.11863 -0.000309491 0)
(1.10619 0.00132369 0)
(1.08801 0.00380235 0)
(1.07469 0.00676556 0)
(1.06466 0.00994752 0)
(1.05701 0.0131265 0)
(1.05216 0.0157661 0)
(1.05129 0.0171556 0)
(1.05464 0.0173908 0)
(1.06241 0.0170203 0)
(1.07573 0.0164205 0)
(1.09224 0.0157438 0)
(1.07151 0.0134172 0)
(0.91872 0.00831895 0)
(0.614566 0.00334185 0)
(0.255431 0.000601757 0)
(0.299692 0.000508375 0)
(0.493949 0.00123191 0)
(0.839037 0.00244825 0)
(1.05789 0.00232004 0)
(1.12089 0.00262862 0)
(1.10998 0.0044188 0)
(1.09172 0.00708786 0)
(1.07809 0.0102552 0)
(1.06756 0.0136602 0)
(1.05915 0.0169433 0)
(1.05329 0.019398 0)
(1.0515 0.0203545 0)
(1.05406 0.0200535 0)
(1.06121 0.0191197 0)
(1.0742 0.0179195 0)
(1.08903 0.0166431 0)
(1.06274 0.0136517 0)
(0.904387 0.00838381 0)
(0.602503 0.00353937 0)
(0.24913 0.00065789 0)
(0.305035 0.00067791 0)
(0.500185 0.00167629 0)
(0.842184 0.00371669 0)
(1.05873 0.00482205 0)
(1.12364 0.00556564 0)
(1.11416 0.00757969 0)
(1.09595 0.0106522 0)
(1.08208 0.0143014 0)
(1.07101 0.0181281 0)
(1.06165 0.0216086 0)
(1.05455 0.0239435 0)
(1.05153 0.0244568 0)
(1.05303 0.0236282 0)
(1.05933 0.0220958 0)
(1.07177 0.0203516 0)
(1.08476 0.0183796 0)
(1.05301 0.0146986 0)
(0.890021 0.00914312 0)
(0.589805 0.00405175 0)
(0.242047 0.000769219 0)
(0.312198 0.000887836 0)
(0.508881 0.00220478 0)
(0.848652 0.00519075 0)
(1.06195 0.00740949 0)
(1.1272 0.00899345 0)
(1.11898 0.011552 0)
(1.10089 0.0152672 0)
(1.08659 0.0194996 0)
(1.07465 0.0237356 0)
(1.06405 0.027395 0)
(1.05541 0.0295596 0)
(1.05092 0.0295187 0)
(1.05124 0.0279818 0)
(1.05664 0.0257666 0)
(1.06834 0.0233936 0)
(1.07932 0.0207586 0)
(1.04226 0.0164787 0)
(0.874817 0.0105136 0)
(0.575446 0.00476773 0)
(0.233731 0.000915188 0)
(0.321599 0.00116704 0)
(0.520477 0.00290496 0)
(0.858359 0.00696877 0)
(1.06806 0.0103459 0)
(1.13263 0.0130832 0)
(1.12503 0.0166612 0)
(1.10676 0.0212425 0)
(1.09168 0.0261571 0)
(1.07856 0.0308323 0)
(1.06641 0.0346248 0)
(1.05588 0.0364417 0)
(1.04963 0.035634 0)
(1.04861 0.0332127 0)
(1.05301 0.0302414 0)
(1.06392 0.0272056 0)
(1.0728 0.0239669 0)
(1.03052 0.0191016 0)
(0.857845 0.0123388 0)
(0.558753 0.00560984 0)
(0.223912 0.00108223 0)
(0.333955 0.0015548 0)
(0.535794 0.00386678 0)
(0.871573 0.00934032 0)
(1.07737 0.0139004 0)
(1.14048 0.0177374 0)
(1.13287 0.0225227 0)
(1.11383 0.0281818 0)
(1.09754 0.033991 0)
(1.08285 0.0393778 0)
(1.06871 0.043479 0)
(1.05587 0.0450206 0)
(1.04749 0.0434226 0)
(1.04498 0.0400393 0)
(1.04849 0.0360854 0)
(1.05853 0.032369 0)
(1.06526 0.0285916 0)
(1.01686 0.0226964 0)
(0.837908 0.0145005 0)
(0.539349 0.00655208 0)
(0.212437 0.00126677 0)
(0.350257 0.00209731 0)
(0.555984 0.00520333 0)
(0.889017 0.0125762 0)
(1.08969 0.018419 0)
(1.15064 0.0231354 0)
(1.14263 0.0290348 0)
(1.12242 0.0359574 0)
(1.10453 0.0429689 0)
(1.08779 0.0494307 0)
(1.0711 0.0541926 0)
(1.0555 0.0557944 0)
(1.04465 0.0537589 0)
(1.04026 0.0496388 0)
(1.04255 0.0447165 0)
(1.05213 0.0398403 0)
(1.05592 0.0348378 0)
(0.999561 0.0270951 0)
(0.814177 0.0168959 0)
(0.516916 0.00765949 0)
(0.199078 0.00148208 0)
(0.371997 0.00291791 0)
(0.582728 0.00718584 0)
(0.912082 0.0172227 0)
(1.1052 0.0247649 0)
(1.16275 0.0303253 0)
(1.15431 0.0373174 0)
(1.13278 0.0455143 0)
(1.11298 0.0539623 0)
(1.09369 0.0616819 0)
(1.07389 0.0672728 0)
(1.05504 0.0690569 0)
(1.04133 0.0666369 0)
(1.03474 0.0617928 0)
(1.03524 0.055926 0)
(1.04323 0.0495774 0)
(1.04256 0.0422863 0)
(0.977163 0.0318689 0)
(0.786535 0.0196724 0)
(0.491005 0.00898081 0)
(0.183533 0.00172342 0)
(0.401333 0.00420698 0)
(0.618265 0.0102389 0)
(0.942946 0.0239392 0)
(1.12523 0.0338352 0)
(1.17709 0.0407801 0)
(1.1678 0.0491225 0)
(1.14507 0.0587837 0)
(1.12296 0.0687414 0)
(1.10045 0.0774942 0)
(1.07693 0.0834912 0)
(1.05427 0.0849076 0)
(1.03733 0.0815354 0)
(1.02817 0.075496 0)
(1.02623 0.0682005 0)
(1.03073 0.0599785 0)
(1.02388 0.0498693 0)
(0.950021 0.0369479 0)
(0.755145 0.0230446 0)
(0.460971 0.0105694 0)
(0.16548 0.00198873 0)
(0.441563 0.00644766 0)
(0.665908 0.0153213 0)
(0.984703 0.0339999 0)
(1.15194 0.0472711 0)
(1.1949 0.0564909 0)
(1.18371 0.0671075 0)
(1.15928 0.0783521 0)
(1.13402 0.0893073 0)
(1.10748 0.0982605 0)
(1.07956 0.10358 0)
(1.05256 0.103445 0)
(1.03204 0.0980838 0)
(1.01983 0.0900124 0)
(1.0147 0.0805791 0)
(1.01438 0.0700221 0)
(1.00068 0.057631 0)
(0.919325 0.0429758 0)
(0.719521 0.0272575 0)
(0.426046 0.0124396 0)
(0.144784 0.00226124 0)
(0.497925 0.0112155 0)
(0.73184 0.0247431 0)
(1.04219 0.0508878 0)
(1.18741 0.0687466 0)
(1.21821 0.0810243 0)
(1.20232 0.0942705 0)
(1.17462 0.106464 0)
(1.14501 0.11718 0)
(1.1136 0.124888 0)
(1.08071 0.127987 0)
(1.04897 0.124819 0)
(1.02461 0.116278 0)
(1.00896 0.105381 0)
(1.00011 0.0933501 0)
(0.994636 0.0805907 0)
(0.9745 0.066683 0)
(0.88543 0.0506475 0)
(0.678495 0.0324658 0)
(0.385936 0.0146422 0)
(0.121856 0.00254298 0)
(0.578943 0.0260456 2.01314e-22)
(0.823876 0.0463936 -2.1838e-19)
(1.1152 0.0818142 -9.76939e-21)
(1.22973 0.103347 -1.76617e-20)
(1.24553 0.119058 0)
(1.22194 0.132916 -2.56239e-20)
(1.1893 0.144432 2.05728e-20)
(1.15438 0.153328 -1.99922e-22)
(1.11751 0.15837 0)
(1.07914 0.157991 0)
(1.04224 0.150771 4.39058e-20)
(1.01349 0.138318 0)
(0.993787 0.124189 1.2035e-19)
(0.980582 0.109586 1.58787e-19)
(0.969913 0.0952342 0)
(0.94389 0.0807981 0)
(0.84452 0.0631867 0)
(0.627262 0.0408687 -8.51462e-21)
(0.338443 0.0186117 -1.00358e-20)
(0.0985408 0.00408605 -1.81857e-19)
(0.640077 0.0557931 -1.25645e-20)
(0.897573 0.0846052 -2.23843e-19)
(1.17636 0.128546 -4.17475e-20)
(1.2671 0.151682 0)
(1.27066 0.168628 6.05941e-20)
(1.2396 0.181101 2.06405e-19)
(1.20147 0.190977 4.39537e-20)
(1.16087 0.197665 7.11613e-20)
(1.11811 0.199941 1.17762e-19)
(1.07362 0.196084 0)
(1.03051 0.184856 -3.8277e-19)
(0.995957 0.168543 -1.1267e-19)
(0.970963 0.15133 -6.64558e-20)
(0.952513 0.134456 0)
(0.935947 0.118473 -3.62402e-19)
(0.902198 0.102652 -2.66754e-20)
(0.7944 0.0826158 -5.04082e-19)
(0.571646 0.054786 -1.18694e-18)
(0.295298 0.0263803 7.3915e-19)
(0.0802741 0.00689087 8.07917e-19)
(0.659575 0.093956 -2.05173e-19)
(0.935925 0.133804 2.42446e-19)
(1.2167 0.187603 4.15649e-20)
(1.29589 0.21154 0)
(1.29049 0.226642 0)
(1.2533 0.236043 2.16224e-19)
(1.20989 0.242718 -9.0811e-20)
(1.16378 0.246065 1.5384e-19)
(1.11532 0.244732 -1.28274e-19)
(1.06493 0.236998 2.06609e-19)
(1.01591 0.221736 0)
(0.975947 0.202016 -2.39953e-19)
(0.946407 0.182409 0)
(0.923825 0.164124 -1.67468e-19)
(0.903357 0.147335 4.93197e-19)
(0.866577 0.130638 -5.59772e-20)
(0.760575 0.107163 -6.81815e-20)
(0.547605 0.0733952 0)
(0.289877 0.0381828 8.05812e-19)
(0.0838035 0.011193 -8.96998e-19)
(0.658821 0.130166 -4.04265e-19)
(0.949941 0.184849 3.91181e-19)
(1.24058 0.25091 3.45574e-19)
(1.31483 0.276426 0)
(1.30345 0.28898 2.60777e-19)
(1.26174 0.294753 -2.20913e-19)
(1.21397 0.297592 -1.85518e-19)
(1.16311 0.297039 3.23922e-21)
(1.10958 0.291687 -5.37938e-19)
(1.05388 0.27984 0)
(0.999497 0.260615 2.78618e-21)
(0.954769 0.237786 -1.01759e-21)
(0.921516 0.216171 1.53389e-19)
(0.895903 0.196722 1.80921e-19)
(0.873073 0.17915 3.19713e-19)
(0.83573 0.161309 -1.2712e-19)
(0.737383 0.135536 -7.41507e-20)
(0.541004 0.0972418 6.12265e-19)
(0.300123 0.0540665 -5.12435e-20)
(0.0949198 0.0176906 9.14093e-19)
(0.650536 0.162929 4.61014e-19)
(0.950916 0.234221 -4.67369e-20)
(1.25279 0.314683 -4.33775e-19)
(1.32546 0.34258 -3.72953e-19)
(1.3099 0.352529 -2.58787e-19)
(1.26484 0.354709 -3.37068e-19)
(1.21366 0.353672 0)
(1.15892 0.349141 0)
(1.10109 0.339723 -2.90464e-19)
(1.0408 0.323756 0)
(0.981799 0.300611 -4.75767e-19)
(0.933059 0.274803 2.8355e-19)
(0.896805 0.251302 2.75295e-21)
(0.868876 0.230695 1.98427e-19)
(0.844444 0.21249 -9.27762e-19)
(0.807804 0.193791 -5.47347e-19)
(0.718394 0.166402 -7.27955e-19)
(0.539648 0.123245 1.52309e-18)
(0.313075 0.0721813 1.7937e-18)
(0.106437 0.0253827 -6.56759e-20)
(0.6398 0.192749 0)
(0.945036 0.280504 0)
(1.25702 0.377203 0)
(1.3297 0.408007 3.15462e-19)
(1.311 0.41559 2.78097e-19)
(1.26339 0.414319 4.8352e-19)
(1.20947 0.409584 -2.08161e-19)
(1.15154 0.401239 5.32183e-19)
(1.09014 0.38789 6.12195e-19)
(1.02593 0.367921 0)
(0.962997 0.340931 -5.09721e-19)
(0.910988 0.312152 2.97324e-19)
(0.87237 0.28676 0)
(0.842705 0.264978 0)
(0.817251 0.246096 -2.5101e-19)
(0.781748 0.226716 4.46598e-19)
(0.700107 0.197985 0)
(0.537006 0.150434 -1.64602e-18)
(0.322008 0.0912345 1.94148e-18)
(0.115234 0.0334252 -2.28413e-18)
(0.629228 0.220432 4.70148e-19)
(0.936008 0.323832 -2.63545e-21)
(1.25573 0.437462 3.60356e-19)
(1.329 0.47162 -1.64112e-19)
(1.3079 0.477133 0)
(1.25829 0.472666 -2.47015e-19)
(1.20213 0.464489 2.221e-19)
(1.14156 0.452564 7.53145e-19)
(1.07711 0.435499 -3.17377e-19)
(1.00955 0.411688 5.45776e-19)
(0.943229 0.380936 -2.69349e-19)
(0.88851 0.349127 -3.21471e-19)
(0.84808 0.32172 -3.87972e-19)
(0.81722 0.298667 -2.2618e-19)
(0.791263 0.278965 1.34947e-18)
(0.757064 0.258923 7.97745e-19)
(0.681559 0.228736 1.91408e-19)
(0.530732 0.177016 -8.8842e-19)
(0.324371 0.109223 -1.30447e-19)
(0.11922 0.0406392 2.45615e-18)
(0.61966 0.246451 1.78572e-19)
(0.925846 0.364555 0)
(1.25064 0.495032 -1.82327e-19)
(1.32454 0.532755 -1.64376e-19)
(1.30156 0.53651 1.02755e-20)
(1.25037 0.529187 -2.65413e-19)
(1.19238 0.517869 -4.54523e-19)
(1.12957 0.502635 -3.96568e-19)
(1.06249 0.482091 -1.02823e-18)
(0.991963 0.454627 -2.85204e-19)
(0.922659 0.420176 2.88508e-19)
(0.865595 0.385264 -6.98163e-19)
(0.82375 0.355621 1.09097e-21)
(0.792117 0.331043 -4.93558e-19)
(0.766034 0.310255 -2.92415e-19)
(0.733148 0.289334 3.43751e-19)
(0.662488 0.257166 6.09092e-19)
(0.520384 0.200993 0)
(0.320912 0.124404 -1.4053e-19)
(0.118959 0.0462552 -2.39351e-18)
(0.611481 0.271143 0)
(0.915687 0.402946 4.17355e-19)
(1.24323 0.549599 0)
(1.31738 0.591101 3.25664e-19)
(1.29282 0.593387 3.16172e-19)
(1.24033 0.583518 -3.26589e-21)
(1.18081 0.569382 -1.225e-20)
(1.11609 0.551137 2.04744e-19)
(1.0467 0.527389 1.77527e-19)
(0.973495 0.496473 1.65117e-19)
(0.901457 0.458408 -6.32828e-22)
(0.842314 0.42028 -3.70596e-19)
(0.799254 0.388186 -4.42316e-19)
(0.767125 0.361755 5.25405e-19)
(0.741121 0.339582 -9.36638e-19)
(0.709395 0.317181 3.69916e-19)
(0.642305 0.282753 -8.77219e-19)
(0.506235 0.221735 2.06171e-18)
(0.312352 0.136386 -1.51194e-19)
(0.115581 0.0501931 -1.77598e-19)
(0.60488 0.294886 1.21733e-19)
(0.906122 0.439476 1.03109e-19)
(1.23448 0.601227 3.72554e-19)
(1.30828 0.646514 3.33934e-19)
(1.28233 0.647613 3.08296e-19)
(1.22874 0.635465 2.73756e-19)
(1.16795 0.618819 7.5887e-19)
(1.10158 0.597868 8.8677e-19)
(1.03012 0.571205 -2.0048e-19)
(0.954453 0.537081 -6.55645e-19)
(0.879829 0.495506 -6.71327e-19)
(0.818713 0.454084 -8.04086e-19)
(0.774583 0.419293 9.5015e-19)
(0.742028 0.390717 -5.70849e-19)
(0.716166 0.366853 3.39486e-19)
(0.685366 0.342687 -1.1937e-18)
(0.620808 0.305314 9.4091e-19)
(0.488832 0.238782 -1.10895e-18)
(0.299508 0.145244 1.62508e-19)
(0.109424 0.0522618 7.07977e-23)
(0.599642 0.317857 -1.23254e-19)
(0.897382 0.474394 1.04519e-19)
(1.22495 0.650166 -3.8788e-19)
(1.29781 0.699051 -3.53277e-19)
(1.27059 0.699115 -6.40078e-19)
(1.21611 0.684933 3.06145e-19)
(1.15422 0.666062 0)
(1.08641 0.642705 4.78726e-19)
(1.01309 0.613427 -1.99105e-19)
(0.935108 0.576364 -5.25903e-19)
(0.857961 0.531434 0)
(0.794855 0.48666 4.36888e-19)
(0.749599 0.448973 -5.14447e-19)
(0.716616 0.417971 -1.83143e-18)
(0.690895 0.39207 -3.61272e-19)
(0.66078 0.36577 -4.76952e-21)
(0.597785 0.324924 0)
(0.468415 0.252146 -8.96959e-19)
(0.283368 0.150953 -1.75049e-19)
(0.101249 0.0528416 -2.05206e-19)
(0.595651 0.340299 5.06546e-19)
(0.889516 0.507905 6.08024e-21)
(1.21514 0.696471 -1.98421e-19)
(1.28637 0.748728 -1.79533e-19)
(1.25805 0.747876 -3.37767e-19)
(1.20281 0.731892 2.9636e-19)
(1.13999 0.71106 2.84583e-19)
(1.0709 0.685585 2.53188e-19)
(0.995876 0.65399 -2.22147e-19)
(0.915687 0.614278 -1.91971e-19)
(0.835994 0.566203 -3.82853e-19)
(0.770738 0.51807 -9.24079e-19)
(0.724216 0.477299 1.85217e-21)
(0.690761 0.443594 0)
(0.665115 0.415361 -7.74632e-19)
(0.635397 0.386539 4.62806e-19)
(0.573054 0.341567 -2.45319e-18)
(0.445198 0.26192 0)
(0.264468 0.153453 1.51126e-18)
(0.0916983 0.051817 0)
(0.592449 0.362171 2.23297e-21)
(0.882489 0.539994 6.59763e-21)
(1.20511 0.740343 2.06293e-19)
(1.27436 0.795608 0)
(1.24504 0.79393 5.16326e-19)
(1.18917 0.776355 -3.18547e-19)
(1.12555 0.753807 1.40113e-19)
(1.05532 0.72648 -1.28531e-18)
(0.978723 0.692864 2.27304e-19)
(0.896393 0.650815 0)
(0.814068 0.599853 1.62814e-18)
(0.746472 0.548427 4.94062e-19)
(0.698509 0.504428 2.93188e-19)
(0.664398 0.467759 -1.40798e-18)
(0.638721 0.436881 8.3489e-19)
(0.609112 0.405124 0)
(0.546582 0.355321 1.17047e-18)
(0.419521 0.268235 6.91013e-19)
(0.243307 0.152862 1.62678e-18)
(0.0810352 0.049317 -1.90509e-18)
(0.590234 0.383536 2.56891e-19)
(0.876345 0.570789 -2.24086e-19)
(1.19506 0.782154 -4.02606e-19)
(1.26207 0.839775 0)
(1.23183 0.837346 1.69549e-19)
(1.17542 0.818367 -8.18697e-19)
(1.11112 0.794323 6.02958e-19)
(1.03989 0.765393 -1.3209e-19)
(0.961831 0.730044 7.22428e-19)
(0.877415 0.685992 1.68978e-18)
(0.792388 0.632458 -4.35323e-19)
(0.722214 0.577879 -2.67729e-19)
(0.672468 0.530548 1.57018e-21)
(0.637465 0.49063 -3.8021e-19)
(0.611628 0.456772 -2.26099e-21)
(0.581861 0.421609 -3.33561e-21)
(0.518406 0.366142 -3.14798e-19)
(0.391562 0.270983 1.11487e-18)
(0.220205 0.149212 2.18444e-19)
(0.0693967 0.0452946 0)
(0.588292 0.404268 -1.2766e-19)
(0.870757 0.600206 1.12482e-19)
(1.18516 0.821801 2.0851e-19)
(1.24971 0.881319 0)
(1.21863 0.878218 1.8079e-19)
(1.16177 0.857988 0)
(1.09688 0.832645 1.52794e-19)
(1.02477 0.802346 9.94211e-19)
(0.94538 0.765546 7.56434e-19)
(0.85895 0.719827 -1.24849e-20)
(0.771149 0.664083 -3.87661e-21)
(0.69807 0.606574 1.12956e-18)
(0.646142 0.555865 -6.79031e-19)
(0.609915 0.512409 -8.17455e-19)
(0.583739 0.475156 -9.68165e-19)
(0.553562 0.435975 -3.45925e-21)
(0.488544 0.37392 1.99797e-21)
(0.361083 0.269989 1.99814e-18)
(0.195339 0.142416 -1.88022e-18)
(0.057495 0.0400707 0)
(0.586672 0.4243 3.91165e-19)
(0.865742 0.628321 -2.1994e-19)
(1.17531 0.859197 -4.16679e-19)
(1.23741 0.920347 1.00412e-18)
(1.20558 0.916633 -3.92979e-19)
(1.14836 0.895291 -7.10628e-19)
(1.08299 0.868827 8.29099e-19)
(1.01012 0.837374 1.65682e-19)
(0.929502 0.799384 -8.05669e-19)
(0.841138 0.752332 -1.15212e-19)
(0.750484 0.694776 -2.4094e-19)
(0.674192 0.634649 -8.99256e-19)
(0.619639 0.580622 -1.4543e-18)
(0.581699 0.533351 4.39006e-19)
(0.554894 0.492139 5.15679e-19)
(0.524078 0.448087 -1.22969e-18)
(0.457101 0.378361 1.45671e-18)
(0.328947 0.265127 4.30207e-19)
(0.169698 0.132831 -5.04556e-19)
(0.045688 0.033955 -1.18503e-18)
(0.58524 0.443624 2.63577e-19)
(0.861137 0.655246 -1.10131e-19)
(1.16566 0.894492 -1.01284e-19)
(1.22531 0.956973 6.18725e-19)
(1.1928 0.952688 2.04264e-19)
(1.1353 0.930364 -7.37099e-19)
(1.06954 0.902929 -1.27957e-20)
(0.99602 0.870511 -2.52544e-18)
(0.914305 0.831567 -9.85546e-19)
(0.824103 0.783513 -1.2176e-19)
(0.730557 0.724573 0)
(0.650772 0.662224 1.28413e-18)
(0.593074 0.605065 0)
(0.552782 0.553765 -9.32238e-19)
(0.524847 0.507861 0)
(0.493145 0.457663 0)
(0.424096 0.378864 2.16071e-21)
(0.295887 0.25616 -4.60941e-19)
(0.144361 0.120835 2.71163e-18)
(0.0345874 0.0273559 2.54461e-18)
(0.584006 0.462156 -1.28944e-19)
(0.856711 0.680933 -2.27164e-19)
(1.15622 0.927729 2.12651e-19)
(1.21347 0.991297 -7.2e-19)
(1.18038 0.986477 -3.99594e-19)
(1.12267 0.963281 -2.00044e-19)
(1.05662 0.935019 8.24156e-21)
(0.982549 0.901806 1.59308e-19)
(0.899856 0.862133 -1.19976e-18)
(0.807922 0.813376 1.28516e-19)
(0.711519 0.7535 1.42188e-19)
(0.627988 0.689395 -1.36678e-18)
(0.566626 0.62942 0)
(0.523161 0.574032 -5.03598e-19)
(0.493226 0.522613 0)
(0.46014 0.464306 -7.10037e-19)
(0.389393 0.374376 -1.68265e-18)
(0.262986 0.242294 -4.96465e-19)
(0.120996 0.106681 5.83019e-19)
(0.0250125 0.0208405 -1.70729e-18)
(0.582562 0.479829 0)
(0.852384 0.705356 0)
(1.14702 0.958967 -3.18545e-19)
(1.20196 1.02343 -4.16726e-19)
(1.16837 1.01812 0)
(1.11053 0.994133 1.03757e-19)
(1.04426 0.965159 0)
(0.969755 0.931302 -1.5575e-18)
(0.886212 0.891102 -1.07024e-20)
(0.792682 0.841927 2.37018e-18)
(0.693479 0.781543 2.50035e-18)
(0.606028 0.71621 -1.4525e-18)
(0.540523 0.653871 -1.54834e-18)
(0.492947 0.59457 0)
(0.45962 0.53696 -1.92937e-18)
(0.423914 0.467883 -1.52877e-18)
(0.352052 0.363162 9.07238e-19)
(0.231741 0.221118 1.06346e-18)
(0.103796 0.0893298 6.24273e-19)
(0.0202364 0.0148951 -1.82984e-18)
(0.581357 0.496789 -1.29354e-19)
(0.84832 0.728478 -1.16694e-19)
(1.13804 0.988256 2.17367e-19)
(1.19078 1.05345 -3.10883e-19)
(1.15683 1.04769 0)
(1.09892 1.02301 1.07557e-19)
(1.03251 0.993429 7.85099e-19)
(0.95767 0.959054 -1.34766e-18)
(0.873401 0.918499 0)
(0.778423 0.869157 4.72617e-18)
(0.676542 0.808676 -2.49705e-18)
(0.585089 0.742699 1.15579e-18)
(0.515022 0.678528 2.81132e-21)
(0.462418 0.615772 -2.568e-18)
(0.423777 0.5518 -3.46122e-19)
(0.382784 0.469016 -8.21143e-19)
(0.308932 0.343551 9.72945e-19)
(0.201231 0.186195 0)
(0.101601 0.0561675 0)
(0.0463247 0.00890087 0)
(0.57986 0.512779 -2.51872e-19)
(0.844305 0.750541 -3.28919e-19)
(1.12931 1.01575 -1.03394e-19)
(1.17992 1.08155 0)
(1.14574 1.07542 -7.4115e-19)
(1.0878 1.05016 9.82932e-20)
(1.02127 1.02011 -1.01554e-19)
(0.946183 0.985378 -2.88687e-18)
(0.861276 0.944663 1.14442e-18)
(0.764964 0.895434 9.73223e-21)
(0.660517 0.835287 -8.13988e-21)
(0.565026 0.769372 0)
(0.489907 0.703966 -1.83086e-18)
(0.431287 0.638314 -5.5428e-19)
(0.384939 0.568682 0)
(0.333954 0.469621 0)
(0.252051 0.315926 0)
(0.156583 0.12967 -8.59114e-22)
(0.0746678 0.020548 -1.28193e-18)
(-0.0205642 0.175284 1.10289e-18)
(0.578378 0.528081 -1.87646e-19)
(0.840211 0.771453 -1.57871e-19)
(1.12079 1.04171 -9.98713e-20)
(1.16927 1.10809 -4.34748e-19)
(1.13494 1.10181 1.13541e-19)
(1.07696 1.07622 -8.44619e-19)
(1.01029 1.04593 1.98047e-19)
(0.934972 1.01114 1.56129e-18)
(0.849428 0.970617 1.71587e-19)
(0.75179 0.921963 -2.19249e-18)
(0.644691 0.862763 0)
(0.544894 0.797831 1.51735e-18)
(0.463886 0.732006 0)
(0.398335 0.663915 -1.94957e-18)
(0.341509 0.590188 6.66109e-19)
(0.272188 0.472449 1.61309e-18)
(0.169388 0.281023 -9.50325e-19)
(0.0630425 0.221579 -1.0995e-18)
(0.0101457 0.935923 6.4892e-19)
(0.0493674 2.38858 1.48508e-18)
(0.577186 0.542818 -1.16602e-19)
(0.835989 0.791324 0)
(1.11263 1.06614 1.99334e-19)
(1.15883 1.13298 5.3954e-19)
(1.12456 1.12671 1.10857e-19)
(1.06655 1.101 -1.11184e-19)
(0.99972 1.07063 -1.00916e-18)
(0.924206 1.03601 -1.49192e-18)
(0.83809 0.99594 8.04569e-20)
(0.739227 0.948232 -2.52268e-18)
(0.62957 0.890514 -2.62651e-18)
(0.525476 0.827423 1.31774e-18)
(0.437972 0.762444 1.84217e-18)
(0.365068 0.691635 -2.8255e-19)
(0.296987 0.61556 -1.34159e-18)
(0.197453 0.475797 7.74964e-19)
(0.0930526 0.4716 9.33973e-19)
(0.0845016 1.67704 5.56472e-19)
(0.12089 2.92976 -6.33466e-19)
(0.12121 3.32356 -9.47654e-19)
(0.577311 0.557824 0)
(0.830848 0.810057 1.89626e-19)
(1.10458 1.0891 0)
(1.1485 1.15618 5.73346e-20)
(1.11476 1.15028 -1.15734e-19)
(1.05669 1.12461 2.1396e-19)
(0.98979 1.09431 9.23347e-19)
(0.913918 1.06002 8.96171e-20)
(0.827332 1.02063 1.43747e-18)
(0.727361 0.974208 -4.90783e-18)
(0.615324 0.918526 0)
(0.507095 0.858021 -1.5197e-18)
(0.412889 0.795937 1.83969e-18)
(0.331837 0.720495 0)
(0.255712 0.637628 -2.25506e-18)
(0.137918 0.621739 -7.54274e-19)
(0.134713 1.7139 9.39064e-19)
(0.181146 3.09367 1.57924e-18)
(0.16669 3.38227 5.66027e-19)
(0.146983 3.4434 -8.05914e-19)
(0.562023 0.571963 8.80333e-20)
(0.787938 0.790869 -8.20216e-20)
(1.08533 1.10431 -2.10396e-19)
(1.13716 1.17661 -2.65816e-19)
(1.10431 1.17129 -1.23916e-19)
(1.04622 1.14574 -1.13203e-19)
(0.980238 1.11657 -1.14519e-19)
(0.903763 1.08268 2.52072e-18)
(0.816746 1.04416 -1.34255e-18)
(0.71573 0.999246 2.52095e-18)
(0.601553 0.946128 -1.46584e-19)
(0.489543 0.888844 1.94621e-19)
(0.388923 0.831673 -2.49559e-19)
(0.295951 0.748434 -2.7792e-19)
(0.235747 0.680041 -5.86821e-19)
(0.155824 1.02186 -3.38121e-19)
(0.225188 3.0628 1.02642e-18)
(0.235545 3.40504 -9.3473e-20)
(0.20769 3.4564 -7.96001e-19)
(0.170622 3.47597 -1.0237e-18)
(0.271678 0.263504 -1.069e-19)
(0.97421 1.00517 0)
(1.11782 1.17497 -5.09239e-20)
(1.11757 1.20275 -5.98582e-20)
(1.06682 1.18347 -3.36177e-19)
(1.00414 1.15579 0)
(0.933401 1.12433 -1.00366e-19)
(0.851921 1.08913 -9.21242e-20)
(0.757871 1.04922 0)
(0.64682 1.00225 -2.22162e-18)
(0.528863 0.950135 0)
(0.419616 0.89727 -1.82418e-19)
(0.31337 0.838336 0)
(0.237288 0.834811 -2.63034e-19)
(0.211836 1.70416 0)
(0.27346 3.1081 0)
(0.274761 3.42761 6.59129e-19)
(0.246273 3.4804 -8.11367e-19)
(0.215767 3.50048 -1.11009e-18)
(0.194443 3.54342 3.77991e-19)
(0.274862 0.264057 4.19976e-20)
(0.971613 1.02468 4.82971e-21)
(1.10915 1.19565 2.00897e-19)
(1.10664 1.22328 4.23654e-19)
(1.05562 1.20395 -5.37505e-19)
(0.992892 1.17653 -1.47314e-20)
(0.922087 1.14551 -6.90402e-19)
(0.840387 1.11102 -1.81005e-19)
(0.745816 1.07239 -1.23316e-18)
(0.633543 1.02777 2.13947e-18)
(0.513175 0.979688 2.19728e-18)
(0.400118 0.931582 -1.6331e-18)
(0.29069 0.887716 -2.19039e-19)
(0.248533 1.16999 0)
(0.305965 2.73754 2.01998e-20)
(0.357453 3.40881 0)
(0.317045 3.49924 -6.08284e-19)
(0.279178 3.5308 -1.07677e-18)
(0.233336 3.56093 -3.21502e-19)
(0.211353 3.61315 4.52153e-20)
(0.256392 0.258504 6.97587e-20)
(0.967805 1.04772 1.44418e-19)
(1.10093 1.21943 -3.87597e-20)
(1.09687 1.24692 0)
(1.04579 1.22756 -4.92206e-19)
(0.983238 1.20028 -9.50687e-21)
(0.912278 1.16946 7.42622e-19)
(0.830689 1.13576 8.87771e-20)
(0.736069 1.09863 1.24835e-18)
(0.623263 1.05681 -2.34789e-18)
(0.501347 1.01333 2.28563e-18)
(0.385962 0.971058 1.37572e-18)
(0.287634 0.970449 0)
(0.306925 1.76261 -9.59682e-19)
(0.399802 3.25618 -9.68107e-19)
(0.41211 3.5124 5.47424e-19)
(0.361095 3.54895 0)
(0.312646 3.57975 5.21183e-19)
(0.255984 3.63391 0)
(0.223915 3.69231 0)
(0.242986 0.25818 0)
(0.962088 1.07251 -5.71323e-20)
(1.09161 1.24457 -2.26952e-19)
(1.08602 1.27141 -3.23336e-19)
(1.03493 1.25186 -2.52989e-19)
(0.972574 1.22454 1.3313e-18)
(0.901808 1.19397 6.10597e-19)
(0.820565 1.16096 0)
(0.726148 1.12529 -1.41482e-19)
(0.613226 1.08626 2.09655e-18)
(0.490559 1.04751 2.18817e-18)
(0.374989 1.01259 1.68446e-19)
(0.303334 1.12579 1.59936e-18)
(0.386886 2.4642 -1.11048e-18)
(0.482853 3.44797 -8.56861e-19)
(0.452597 3.56287 0)
(0.413548 3.60549 0)
(0.359604 3.66686 -2.08055e-19)
(0.303153 3.68222 2.97064e-19)
(0.235012 3.62646 2.37981e-20)
(0.233456 0.260399 3.60956e-20)
(0.954152 1.09804 -1.02038e-19)
(1.08072 1.27074 5.55432e-20)
(1.0739 1.29676 2.96836e-19)
(1.02296 1.27681 3.11806e-19)
(0.960975 1.24935 6.56965e-19)
(0.890688 1.21897 5.67495e-19)
(0.810006 1.18657 1.56728e-19)
(0.716074 1.15228 1.25195e-18)
(0.60345 1.11594 -1.97716e-18)
(0.480791 1.08193 1.26063e-19)
(0.367982 1.05952 1.59572e-19)
(0.342915 1.40853 1.32946e-18)
(0.477158 3.04283 -3.82273e-19)
(0.552581 3.52924 7.46271e-19)
(0.501632 3.59302 0)
(0.469888 3.6775 0)
(0.455578 3.69821 0)
(0.421118 3.59434 -1.12471e-20)
(0.185609 2.60315 2.9008e-19)
(0.226384 0.264545 5.32941e-20)
(0.944344 1.1242 0)
(1.06827 1.29792 -1.02629e-19)
(1.06067 1.3232 1.91651e-19)
(1.0101 1.30266 -3.58446e-19)
(0.948713 1.2749 -5.92624e-19)
(0.879123 1.24456 5.13635e-19)
(0.79925 1.21263 1.28653e-18)
(0.706153 1.17962 1.38052e-19)
(0.59431 1.14588 -2.15437e-18)
(0.47248 1.11654 -2.00063e-18)
(0.367832 1.11952 1.24354e-18)
(0.403736 1.79844 2.72532e-18)
(0.561506 3.33555 0)
(0.60745 3.56947 4.90691e-19)
(0.560862 3.62674 0)
(0.536766 3.68339 5.22754e-20)
(0.501643 3.58094 7.93637e-20)
(0.527852 3.05784 -3.66253e-20)
(0.212985 1.38028 -1.75618e-19)
(0.221177 0.269689 0)
(0.932858 1.15096 -6.99389e-20)
(1.05434 1.32613 -3.57921e-20)
(1.04632 1.35075 1.51769e-19)
(0.996408 1.32951 5.78123e-20)
(0.93585 1.30129 4.61328e-19)
(0.867195 1.2708 4.01084e-19)
(0.788409 1.23918 -2.06175e-18)
(0.696516 1.2073 0)
(0.585971 1.17596 1.60682e-18)
(0.46595 1.15114 -1.83543e-18)
(0.377268 1.20255 1.37876e-19)
(0.477665 2.23243 -3.05455e-19)
(0.637478 3.47072 2.76645e-19)
(0.651496 3.59278 2.81056e-19)
(0.616189 3.65032 0)
(0.585736 3.61415 1.02243e-19)
(0.523915 3.15856 3.24883e-20)
(0.185978 1.16118 0)
(-0.127678 -0.179148 -1.73137e-20)
(0.216782 0.275509 4.63748e-21)
(0.919614 1.17846 4.78312e-20)
(1.03874 1.35553 -1.26679e-19)
(1.03055 1.37971 -5.00299e-20)
(0.981499 1.35782 1.04763e-19)
(0.921984 1.32914 -4.60607e-19)
(0.854513 1.29848 -2.45381e-19)
(0.777112 1.2672 1.04622e-18)
(0.686809 1.23656 -9.65749e-19)
(0.578115 1.20778 -1.35741e-19)
(0.461134 1.18842 3.25673e-18)
(0.39923 1.3283 0)
(0.565643 2.71062 1.08741e-18)
(0.705674 3.53574 5.16473e-19)
(0.688079 3.61474 -2.26524e-19)
(0.666715 3.62511 0)
(0.584431 3.35417 0)
(0.32559 1.87457 0)
(-0.0595997 -0.04475 1.55922e-19)
(-0.0737189 -0.112726 -8.55792e-20)
(0.212034 0.281356 -4.16172e-22)
(0.904459 1.20661 -1.71866e-20)
(1.02135 1.38617 -4.18059e-20)
(1.01321 1.41002 -2.94054e-19)
(0.965226 1.38751 5.42948e-21)
(0.907014 1.35836 -1.08759e-19)
(0.841017 1.32755 5.38702e-19)
(0.765353 1.29664 -7.27326e-19)
(0.677086 1.2673 -7.61467e-19)
(0.570894 1.24121 -8.42934e-20)
(0.458832 1.22985 1.64422e-18)
(0.436812 1.51057 -6.28651e-19)
(0.656383 3.10014 0)
(0.763952 3.57264 -2.334e-19)
(0.731703 3.61671 -1.45151e-19)
(0.687991 3.52664 2.41638e-19)
(0.485387 2.62642 7.02018e-20)
(0.0384708 0.232537 0)
(-0.102844 -0.173267 4.69298e-20)
(-0.0462532 -0.0700192 0)
(0.206485 0.286977 -4.94111e-20)
(0.887106 1.23512 -3.16528e-21)
(1.00197 1.41787 2.51177e-20)
(0.994138 1.44156 0)
(0.947463 1.41846 7.99019e-20)
(0.890826 1.38885 -3.60649e-19)
(0.826637 1.35788 2.754e-19)
(0.753108 1.32735 -7.30792e-19)
(0.667394 1.29937 -6.06185e-19)
(0.564455 1.27604 -1.24535e-18)
(0.460171 1.27786 1.25318e-18)
(0.491399 1.75017 0)
(0.738202 3.33721 9.61324e-19)
(0.809523 3.59441 -4.35812e-19)
(0.769586 3.59259 -2.64681e-19)
(0.663955 3.24173 8.42272e-20)
(0.242892 1.21145 0)
(-0.108419 -0.127237 1.23112e-19)
(-0.105809 -0.167591 -5.28633e-23)
(-0.0331641 -0.0492874 0)
(0.199634 0.291719 -4.91497e-20)
(0.8674 1.26375 -1.69707e-20)
(0.980341 1.45056 -1.45706e-20)
(0.973144 1.47423 -6.34816e-21)
(0.928063 1.45054 7.50561e-20)
(0.87332 1.42047 2.91582e-19)
(0.811303 1.38932 -8.45446e-20)
(0.740373 1.35917 1.58878e-19)
(0.657797 1.33255 5.80147e-19)
(0.558958 1.31206 -1.06768e-18)
(0.466534 1.33549 0)
(0.561379 2.0409 -6.29271e-19)
(0.811998 3.47023 -3.26611e-19)
(0.850109 3.59904 2.54564e-19)
(0.79123 3.50999 1.50756e-19)
(0.552793 2.60135 7.65663e-20)
(0.0342864 0.119122 -1.36992e-19)
(-0.109905 -0.195385 8.06647e-20)
(-0.0898396 -0.152419 -2.30015e-20)
(-0.0247559 -0.0385853 2.71721e-20)
(0.191303 0.295029 -6.40798e-20)
(0.844756 1.29189 0)
(0.956148 1.48407 1.15028e-20)
(0.950017 1.50782 -2.12255e-20)
(0.906858 1.48358 1.04567e-19)
(0.854365 1.45303 -1.74592e-19)
(0.794953 1.42168 0)
(0.727137 1.39186 0)
(0.648352 1.36658 5.34971e-19)
(0.554566 1.3491 -1.89239e-18)
(0.479645 1.40583 -9.3996e-19)
(0.644122 2.37004 1.36078e-19)
(0.876216 3.53907 -1.26172e-19)
(0.886316 3.59005 -1.83434e-19)
(0.779363 3.31771 0)
(0.33944 1.53808 -3.6662e-19)
(-0.1302 -0.110233 -1.93843e-19)
(-0.125338 -0.201052 -1.53621e-19)
(-0.0821369 -0.137907 0)
(-0.0203533 -0.0325954 2.65974e-20)
(0.181339 0.296122 1.20913e-19)
(0.81877 1.31895 -4.23848e-20)
(0.929142 1.51804 -1.06692e-20)
(0.924522 1.54207 -1.39754e-20)
(0.883653 1.51731 -3.67122e-20)
(0.833825 1.48626 -2.99072e-19)
(0.777504 1.45465 2.37832e-19)
(0.713376 1.42511 4.85009e-19)
(0.639105 1.40107 4.62764e-19)
(0.551428 1.38693 -7.97612e-19)
(0.499932 1.49169 -9.04953e-19)
(0.733066 2.70586 5.71966e-19)
(0.931202 3.56796 2.44914e-19)
(0.911372 3.55575 -1.3094e-19)
(0.715256 2.94837 -9.11391e-20)
(0.0934634 0.350726 -5.2804e-20)
(-0.11742 -0.205949 1.19736e-19)
(-0.113287 -0.229533 0)
(-0.0569073 -0.124504 1.71999e-19)
(-0.0129025 -0.0235274 -5.01678e-20)
(0.16965 0.294423 4.82779e-20)
(0.788644 1.34389 -6.51092e-20)
(0.898989 1.55172 -1.38515e-20)
(0.896326 1.57659 7.85994e-21)
(0.858246 1.55134 -5.84015e-20)
(0.811537 1.51978 -9.03452e-20)
(0.758841 1.48784 0)
(0.699025 1.45851 9.43658e-20)
(0.630058 1.43552 4.88262e-19)
(0.549692 1.42521 0)
(0.527462 1.59407 8.86537e-19)
(0.821222 2.9876 1.87254e-19)
(0.977013 3.57679 -2.63007e-19)
(0.924038 3.48179 0)
(0.594948 2.39121 0)
(-0.0128409 -0.0287756 -3.57882e-20)
(-0.0924735 -0.30318 1.25828e-19)
(-0.0643956 -0.262399 1.33077e-19)
(-0.00786441 -0.0910943 2.00872e-19)
(0.00406452 -0.000465555 0)
(0.155561 0.289619 -5.2991e-20)
(0.753761 1.36525 -3.77008e-20)
(0.865353 1.58433 -6.94532e-20)
(0.865243 1.61076 0)
(0.830382 1.58518 0)
(0.787314 1.55311 -7.09762e-20)
(0.738827 1.52076 -1.16584e-20)
(0.684004 1.49148 8.40856e-20)
(0.621187 1.46939 -6.70189e-21)
(0.549555 1.46341 -1.24817e-18)
(0.562062 1.7079 5.62079e-19)
(0.902612 3.1959 -1.51659e-19)
(1.01939 3.57884 8.39648e-20)
(0.921471 3.35804 -1.92795e-19)
(0.435913 1.69409 -6.33885e-20)
(-0.142486 -0.24305 -2.69916e-20)
(-0.0834285 -0.408606 0)
(0.0294426 -0.251955 -7.37504e-20)
(0.106983 0.036778 1.28202e-20)
(0.0564168 0.0890411 -1.29223e-19)
(0.1396 0.280457 0)
(0.713804 1.38078 3.64236e-20)
(0.827807 1.61486 1.13014e-19)
(0.830955 1.64391 -1.45545e-20)
(0.799825 1.61819 1.48363e-20)
(0.76095 1.58563 5.39719e-20)
(0.717281 1.55279 0)
(0.66817 1.52334 1.33796e-19)
(0.612421 1.50191 7.04599e-20)
(0.550862 1.50093 -2.52207e-19)
(0.601635 1.82404 0)
(0.970187 3.31838 0)
(1.0614 3.56985 -6.039e-20)
(0.901288 3.19643 -2.85409e-20)
(0.239278 0.927776 3.72777e-20)
(-0.226631 -0.457686 2.46247e-20)
(-0.150779 -0.551178 0)
(0.0482095 -0.175763 -2.18758e-21)
(0.19038 0.246381 0)
(0.101866 0.200573 1.39308e-22)
(0.121482 0.266067 1.67988e-19)
(0.667967 1.3879 0)
(0.786319 1.64145 0)
(0.79315 1.67522 6.55553e-20)
(0.766374 1.64965 -7.76604e-21)
(0.732224 1.61662 3.04092e-20)
(0.693981 1.58321 -9.42803e-20)
(0.651312 1.55327 -1.17017e-19)
(0.603633 1.53199 2.32095e-19)
(0.553128 1.53673 9.73515e-20)
(0.642252 1.93065 -4.92137e-19)
(1.02889 3.38963 1.66315e-19)
(1.10206 3.54991 0)
(0.886987 3.00344 -2.82002e-21)
(0.109687 0.465429 -4.12011e-20)
(-0.231964 -0.778083 2.95887e-21)
(-0.130385 -0.671336 1.17476e-19)
(0.0801679 -0.0624821 1.05087e-19)
(0.224003 0.45812 7.7564e-21)
(0.108945 0.257285 -9.44845e-20)
(0.10234 0.245404 0)
(0.615953 1.38294 -1.959e-19)
(0.740302 1.66237 -4.93288e-20)
(0.751839 1.70336 -1.83502e-20)
(0.729792 1.67866 6.40897e-21)
(0.700884 1.64527 1.51439e-20)
(0.668647 1.61114 7.28355e-20)
(0.633097 1.58041 -1.7901e-19)
(0.594483 1.5585 -2.35101e-19)
(0.556107 1.56816 -1.60417e-19)
(0.679166 2.01502 7.74962e-20)
(1.08216 3.42809 6.41645e-20)
(1.1396 3.52373 0)
(0.926008 2.80036 0)
(0.113716 0.0407799 -3.52208e-20)
(-0.0740905 -0.906478 9.48916e-20)
(-0.0178673 -0.560164 9.15165e-20)
(0.126159 0.26018 1.5165e-19)
(0.201753 0.578282 2.14658e-20)
(0.0818094 0.220431 3.22582e-20)
(0.0819197 0.218164 2.72975e-20)
(0.557519 1.36117 4.03298e-20)
(0.689326 1.67506 -5.04246e-20)
(0.706673 1.72714 1.63317e-21)
(0.689959 1.70423 7.23849e-21)
(0.666672 1.67064 2.25235e-20)
(0.640914 1.6356 0)
(0.613041 1.60376 -7.19349e-20)
(0.584346 1.58039 7.9545e-20)
(0.560138 1.59103 -1.41142e-19)
(0.705184 2.06629 -1.99314e-19)
(1.1363 3.44067 3.28536e-20)
(1.14727 3.51973 8.70811e-21)
(0.831454 2.66096 8.63388e-20)
(-0.116382 -0.0468199 6.49785e-20)
(-0.610969 -0.488523 0)
(-0.452379 -0.29079 -4.05447e-20)
(0.0673642 0.394653 -5.18128e-20)
(0.165887 0.484312 0)
(0.0585995 0.156599 -5.42051e-19)
(0.0601955 0.184678 2.04722e-19)
(0.491147 1.31766 -1.09139e-20)
(0.632829 1.67557 2.22764e-19)
(0.657753 1.74507 0)
(0.646813 1.72542 2.34625e-20)
(0.629323 1.69183 7.10102e-21)
(0.610241 1.65567 0)
(0.590481 1.62204 2.69868e-20)
(0.572391 1.59617 -5.71103e-20)
(0.564542 1.60352 0)
(0.714928 2.0555 4.98862e-20)
(1.1962 3.42967 -5.0253e-20)
(1.17144 3.57675 2.16743e-20)
(0.701993 2.76889 -7.11971e-20)
(-0.385714 0.891555 0)
(-1.13539 -0.190535 3.30982e-20)
(-1.32637 -0.798572 1.95736e-19)
(-0.983902 -0.834456 -6.18005e-20)
(-0.15535 0.0842634 5.46205e-19)
(0.125564 0.341481 6.77835e-19)
(0.0409339 0.145419 2.04247e-19)
(0.415564 1.24511 -3.50673e-20)
(0.570165 1.65904 0)
(0.605432 1.75538 -1.29157e-20)
(0.600416 1.74181 -3.54382e-20)
(0.588501 1.70806 0)
(0.57586 1.67059 3.59176e-21)
(0.564263 1.63395 2.90566e-20)
(0.557203 1.60375 0)
(0.565499 1.60165 9.49589e-20)
(0.723493 1.97869 -8.83801e-20)
(1.26957 3.3677 1.71192e-20)
(1.3745 3.64054 2.35286e-19)
(1.11719 3.12966 2.41542e-19)
(0.450699 1.71267 -7.60305e-20)
(-0.202738 0.430726 -2.55315e-19)
(-0.692259 -0.801485 -1.12151e-18)
(-1.02339 -1.73181 0)
(-0.906647 -1.90797 -4.09209e-19)
(-0.194694 -0.405574 2.48188e-20)
(0.0241348 0.102969 1.83495e-20)
(0.334125 1.13316 1.15481e-19)
(0.499151 1.61861 1.6083e-19)
(0.549612 1.75579 -2.74634e-20)
(0.550545 1.75296 0)
(0.543693 1.71902 2.54109e-21)
(0.536916 1.67968 1.43171e-20)
(0.532372 1.63929 4.96053e-20)
(0.535285 1.6016 -1.11361e-19)
(0.559256 1.58538 4.89382e-20)
(0.71179 1.84045 4.4433e-20)
(1.3475 3.16316 -1.63281e-20)
(1.6692 3.53525 -1.8909e-19)
(1.67473 3.29374 -1.40709e-19)
(1.15593 1.99906 -5.95647e-19)
(0.609773 0.648921 0)
(0.162594 -0.481592 8.31407e-19)
(-0.208248 -1.53756 -9.4233e-19)
(-0.451626 -2.20148 -1.76097e-18)
(-0.31608 -1.4419 9.29187e-19)
(0.011539 0.0609886 0)
(0.250325 0.977941 -1.14408e-20)
(0.421743 1.54308 0)
(0.488 1.74296 -7.73121e-22)
(0.496745 1.75739 -6.11918e-21)
(0.494351 1.72497 -7.13765e-21)
(0.49196 1.68319 0)
(0.492765 1.63795 -2.23176e-20)
(0.501768 1.59136 -2.44143e-20)
(0.539293 1.54574 0)
(0.653027 1.67082 -5.19158e-20)
(1.27389 2.72847 -5.1676e-20)
(1.69293 3.27067 1.23321e-20)
(1.84479 3.08419 0)
(1.74261 2.45009 -3.78065e-20)
(1.32081 1.35849 7.41171e-20)
(0.828611 0.238985 -7.19672e-20)
(0.396541 -0.692138 0)
(0.0333499 -1.43814 -3.69818e-21)
(-0.151525 -1.32052 -9.1287e-21)
(0.00371281 0.0243595 1.55112e-22)
(0.166527 0.766756 3.99633e-20)
(0.339 1.42236 0)
(0.420092 1.70982 7.32624e-21)
(0.438619 1.75498 6.76322e-21)
(0.439867 1.72701 0)
(0.43938 1.68268 1.97607e-20)
(0.442931 1.63124 -3.06277e-20)
(0.454131 1.57333 0)
(0.48158 1.50364 3.18076e-20)
(0.553914 1.50924 2.59429e-20)
(0.904633 2.04703 4.4906e-20)
(1.44093 2.92448 -2.11844e-20)
(1.57501 2.92566 1.38237e-19)
(1.55621 2.60801 0)
(1.32665 1.94685 6.89333e-19)
(0.986847 1.16964 -9.99872e-19)
(0.614993 0.447785 1.30052e-18)
(0.264948 -0.14069 -1.6262e-18)
(-0.00414622 -0.415022 -3.78649e-18)
(0.00068068 -0.00386298 -3.05288e-20)
(0.0924737 0.513094 -4.99118e-21)
(0.250623 1.23708 -3.63483e-21)
(0.349085 1.65199 0)
(0.375894 1.74466 -3.89405e-22)
(0.37906 1.72814 -1.56255e-21)
(0.379042 1.6795 5.20636e-21)
(0.380456 1.62421 -6.28986e-21)
(0.389536 1.55549 -8.46234e-21)
(0.391627 1.47199 1.4037e-20)
(0.430124 1.41379 1.97917e-20)
(0.499802 1.60299 -2.76441e-20)
(0.976342 2.54673 -6.80525e-20)
(1.13577 2.88509 4.19576e-20)
(1.10329 2.81818 -1.67443e-19)
(0.982678 2.51803 -2.62401e-20)
(0.757699 2.03154 3.71725e-19)
(0.496401 1.48849 -3.50354e-19)
(0.245565 0.986192 8.20358e-20)
(0.0327475 0.390545 -5.64891e-19)
(0.00410849 -0.00468732 -2.94237e-34)
(0.0418963 0.271429 4.88837e-34)
(0.154835 0.958745 3.75174e-34)
(0.267292 1.54001 0)
(0.30515 1.72316 0)
(0.31129 1.72654 -9.48352e-35)
(0.310514 1.67709 0)
(0.3119 1.61815 0)
(0.312583 1.54961 5.36838e-34)
(0.310459 1.4646 0)
(0.311012 1.39653 0)
(0.327781 1.46443 0)
(0.469459 2.10838 0)
(0.727806 2.86347 0)
(0.681824 2.99187 0)
(0.597479 2.92532 0)
(0.460322 2.6459 0)
(0.294388 2.24938 0)
(0.136169 1.83525 0)
(0.011777 0.880405 0)
(0.00258179 -0.0473208 0)
(0.0239684 0.107756 0)
(0.0829606 0.66337 0)
(0.180938 1.37234 0)
(0.226985 1.68117 0)
(0.237103 1.71577 0)
(0.240101 1.67458 0)
(0.244524 1.61473 0)
(0.245851 1.54942 0)
(0.245334 1.46981 0)
(0.232679 1.39818 0)
(0.230755 1.44098 0)
(0.240368 1.83708 0)
(0.454082 2.8068 0)
(0.445694 3.10008 0)
(0.384435 3.13779 0)
(0.291273 2.98153 0)
(0.174656 2.66104 0)
(0.0635868 2.28421 0)
(-0.00508664 1.04938 0)
(0.00782051 -0.102161 0)
(0.0291809 0.0146602 0)
(0.0502661 0.498994 0)
(0.105883 1.22839 0)
(0.146245 1.63218 0)
(0.159962 1.70011 0)
(0.168899 1.6681 0)
(0.178105 1.60921 0)
(0.184533 1.54692 0)
(0.187272 1.4759 0)
(0.173144 1.40818 0)
(0.1629 1.44944 0)
(0.1413 1.7389 0)
(0.274806 2.73257 0)
(0.269408 3.17454 0)
(0.221399 3.28686 0)
(0.160825 3.20876 0)
(0.0823462 2.93625 0)
(0.0140834 2.56353 0)
(-0.00843573 1.03764 0)
(0.00964389 -0.175739 0)
(0.0191999 -0.0250279 0)
(0.015108 0.465849 0)
(0.0270343 1.15363 0)
(0.0556762 1.58736 0)
(0.0786717 1.67623 0)
(0.0980824 1.65206 0)
(0.115795 1.5969 0)
(0.129197 1.54017 0)
(0.135959 1.47984 0)
(0.127869 1.41852 0)
(0.11631 1.46319 0)
(0.0933659 1.70777 0)
(0.162042 2.67374 0)
(0.149398 3.21438 0)
(0.111317 3.38337 0)
(0.0697283 3.3481 0)
(0.0193139 3.10543 0)
(-0.0187264 2.69074 0)
(-0.00999577 0.932385 0)
(0.000754439 -0.19569 0)
(-0.017049 0.0142143 0)
(-0.0444485 0.510879 0)
(-0.0541752 1.13365 0)
(-0.0334535 1.53823 0)
(0.00154007 1.63465 0)
(0.0337567 1.62083 0)
(0.0612617 1.57528 0)
(0.0817079 1.52837 0)
(0.093852 1.47866 0)
(0.0893448 1.42361 0)
(0.0808169 1.47127 0)
(0.0670126 1.70624 0)
(0.0894783 2.65293 0)
(0.0688217 3.249 0)
(0.0398794 3.45147 0)
(0.0108238 3.43521 0)
(-0.0191114 3.20228 0)
(-0.0351362 2.70335 0)
(-0.00680774 0.813545 0)
(-0.0106504 -0.124993 0)
(-0.0496406 0.124018 0)
(-0.090614 0.590728 0)
(-0.109001 1.13058 0)
(-0.0895586 1.47523 0)
(-0.0509837 1.57401 0)
(-0.0128782 1.57532 0)
(0.019534 1.54598 0)
(0.0439011 1.51193 0)
(0.0585197 1.47444 0)
(0.0574986 1.4264 0)
(0.0524131 1.47543 0)
(0.0456789 1.71918 0)
(0.0387964 2.67114 0)
(0.0123074 3.2876 0)
(-0.00938774 3.50206 0)
(-0.027856 3.48854 0)
(-0.0431942 3.24915 0)
(-0.0408427 2.65508 0)
(-0.00476374 0.706684 0)
(-0.0142681 -0.00501727 0)
(-0.0565453 0.264552 0)
(-0.0986272 0.67786 0)
(-0.116097 1.12984 0)
(-0.102134 1.41637 0)
(-0.0701875 1.51365 0)
(-0.0359623 1.52842 0)
(-0.0058075 1.51523 0)
(0.0174305 1.49457 0)
(0.0326646 1.46754 0)
(0.031092 1.42733 0)
(0.0292719 1.47405 0)
(0.0318647 1.73251 0)
(-0.000910657 2.70913 0)
(-0.0275636 3.32473 0)
(-0.0452604 3.53725 0)
(-0.0541083 3.51554 0)
(-0.0583245 3.25696 0)
(-0.0426543 2.55066 0)
(-0.00369208 0.614916 0)
(-0.0115285 0.108961 0)
(-0.0458624 0.39536 0)
(-0.081264 0.757412 0)
(-0.0977425 1.1353 0)
(-0.0884457 1.37591 0)
(-0.0662946 1.46885 0)
(-0.0408256 1.49067 0)
(-0.0174129 1.48795 0)
(0.00146656 1.47822 0)
(0.0127997 1.46285 0)
(0.00628637 1.43088 0)
(0.00488428 1.47086 0)
(0.000642239 1.7572 0)
(-0.0361465 2.76009 0)
(-0.0602263 3.35262 0)
(-0.0713729 3.55361 0)
(-0.0718098 3.51941 0)
(-0.066441 3.23324 0)
(-0.0408425 2.4176 0)
(-0.00296562 0.535735 0)
(-0.00750948 0.192211 0)
(-0.0317802 0.49757 0)
(-0.0590776 0.822342 0)
(-0.0714829 1.14293 0)
(-0.0663808 1.35256 0)
(-0.0528785 1.43944 0)
(-0.0358077 1.46326 0)
(-0.0199926 1.46864 0)
(-0.00681175 1.46861 0)
(-0.00249469 1.46177 0)
(-0.0120357 1.43713 0)
(-0.0245158 1.47113 0)
(-0.0404599 1.78695 0)
(-0.0690985 2.80861 0)
(-0.0866864 3.36926 0)
(-0.0874532 3.55285 0)
(-0.0806544 3.50334 0)
(-0.0680874 3.18359 0)
(-0.0366642 2.27205 0)
(-0.00234368 0.469015 0)
(-0.00484976 0.247784 0)
(-0.0216121 0.571771 0)
(-0.0424031 0.874081 0)
(-0.0527236 1.1481 0)
(-0.0473121 1.33771 0)
(-0.0373416 1.42069 0)
(-0.0255428 1.44564 0)
(-0.0134049 1.45525 0)
(-0.0065513 1.46263 0)
(-0.0069398 1.46569 0)
(-0.0230264 1.45252 0)
(-0.0538355 1.48632 0)
(-0.0772743 1.81742 0)
(-0.0942833 2.84094 0)
(-0.100287 3.37124 0)
(-0.0950825 3.53782 0)
(-0.0829706 3.47388 0)
(-0.0658721 3.11945 0)
(-0.0324979 2.12826 0)
(-0.00168198 0.414492 0)
(-0.00346159 0.285847 0)
(-0.0152161 0.625307 0)
(-0.0311303 0.916997 0)
(-0.0414837 1.15223 0)
(-0.0359531 1.32136 0)
(-0.0245793 1.40419 0)
(-0.0132583 1.43337 0)
(-0.00318484 1.44665 0)
(0.00130654 1.45962 0)
(-0.00307224 1.47258 0)
(-0.0286841 1.47954 0)
(-0.0715565 1.51512 0)
(-0.0952606 1.8444 0)
(-0.0979683 2.85237 0)
(-0.0994879 3.36514 0)
(-0.0924908 3.51681 0)
(-0.0795705 3.4398 0)
(-0.0627552 3.05127 0)
(-0.0299413 1.99038 0)
(-0.00103075 0.368737 0)
(-0.00266351 0.312937 0)
(-0.010507 0.662908 0)
(-0.0217173 0.952687 0)
(-0.0318009 1.16075 0)
(-0.0290775 1.30368 0)
(-0.0161112 1.38386 0)
(-0.00168099 1.41963 0)
(0.00825432 1.44005 0)
(0.014077 1.459 0)
(0.0029576 1.48621 0)
(-0.026864 1.51304 0)
(-0.0700007 1.54704 0)
(-0.0871872 1.86532 0)
(-0.0906394 2.85112 0)
(-0.0899692 3.35853 0)
(-0.0881361 3.49874 0)
(-0.0794803 3.40831 0)
(-0.0645128 2.98046 0)
(-0.0301467 1.84909 0)
(-0.000745436 0.331118 0)
(-0.00198789 0.331307 0)
(-0.00615733 0.685555 0)
(-0.0120211 0.977491 0)
(-0.0185502 1.17182 0)
(-0.0172438 1.28917 0)
(-0.00382179 1.35947 0)
(0.0152344 1.39935 0)
(0.0303682 1.43033 0)
(0.0392384 1.46173 0)
(0.027575 1.50374 0)
(-0.00673674 1.54858 0)
(-0.0507943 1.5757 0)
(-0.060533 1.88343 0)
(-0.074727 2.84709 0)
(-0.0806389 3.36202 0)
(-0.0873102 3.49555 0)
(-0.0848055 3.38619 0)
(-0.0725952 2.90915 0)
(-0.0301289 1.68986 0)
(-0.00053054 0.299175 0)
(-0.00125978 0.341225 0)
(-0.00193182 0.693425 0)
(-0.00238237 0.986775 0)
(-0.00229677 1.17525 0)
(0.00328104 1.27392 0)
(0.0200256 1.33045 0)
(0.0454036 1.37016 0)
(0.0699082 1.41143 0)
(0.0856535 1.46104 0)
(0.0825727 1.52161 0)
(0.0430708 1.58904 0)
(-0.0146072 1.60693 0)
(-0.0303342 1.89887 0)
(-0.0616472 2.86037 0)
(-0.0796953 3.38781 0)
(-0.0933655 3.50662 0)
(-0.0978419 3.38187 0)
(-0.0835723 2.82774 0)
(-0.0300722 1.51479 0)
(-0.000896296 0.264547 0)
(-0.000545058 0.342865 0)
(0.00217134 0.687997 0)
(0.00657594 0.979555 0)
(0.0139966 1.16215 0)
(0.0283069 1.24756 0)
(0.0531538 1.29188 0)
(0.0871946 1.32984 0)
(0.123686 1.37954 0)
(0.153455 1.44468 0)
(0.160358 1.53842 0)
(0.116356 1.64069 0)
(0.0327226 1.66089 0)
(-0.0267163 1.9281 0)
(-0.0742102 2.90239 0)
(-0.09962 3.42791 0)
(-0.117462 3.52746 0)
(-0.119018 3.36566 0)
(-0.0936671 2.69109 0)
(-0.0278308 1.33451 0)
(-0.00113961 0.231115 0)
(0.000399671 0.335474 0)
(0.00634683 0.670244 0)
(0.0148959 0.957882 0)
(0.0293075 1.12972 0)
(0.0538317 1.2025 0)
(0.0897704 1.23813 0)
(0.135754 1.27463 0)
(0.187062 1.32977 0)
(0.239017 1.4106 0)
(0.260323 1.55353 0)
(0.211342 1.71008 0)
(0.0824213 1.75971 0)
(-0.0419726 1.99693 0)
(-0.106596 2.9681 0)
(-0.138814 3.46947 0)
(-0.147243 3.53725 0)
(-0.138976 3.32218 0)
(-0.0887586 2.51601 0)
(-0.0189195 1.17193 0)
(-0.000362019 0.202877 0)
(0.00167219 0.31806 0)
(0.0108242 0.641616 0)
(0.0232395 0.922781 0)
(0.0442859 1.07813 0)
(0.0788421 1.13651 0)
(0.127081 1.16498 0)
(0.188718 1.19858 0)
(0.261317 1.25387 0)
(0.337596 1.36111 0)
(0.384771 1.56303 0)
(0.308113 1.80991 0)
(0.125986 1.91661 0)
(-0.0594954 2.1173 0)
(-0.147371 3.05199 0)
(-0.182986 3.49578 0)
(-0.183191 3.52946 0)
(-0.150571 3.2294 0)
(-0.082795 2.28559 0)
(-0.0104189 1.03399 0)
(4.87557e-05 0.189062 0)
(0.00330538 0.289233 0)
(0.0153808 0.603136 0)
(0.0311134 0.875224 0)
(0.058186 1.00857 0)
(0.101654 1.05038 0)
(0.16166 1.06983 0)
(0.240597 1.0961 0)
(0.339696 1.1482 0)
(0.442036 1.28704 0)
(0.497619 1.583 0)
(0.377613 1.95126 0)
(0.144804 2.12034 0)
(-0.0774477 2.29041 0)
(-0.190136 3.15847 0)
(-0.230304 3.51217 0)
(-0.218146 3.49644 0)
(-0.171417 3.07534 0)
(-0.0755991 2.01109 0)
(0.000987616 0.935426 0)
(0.00194913 0.194913 0)
(0.00506553 0.249308 0)
(0.0189345 0.557794 0)
(0.0366335 0.817546 0)
(0.0678351 0.92446 0)
(0.117033 0.948257 0)
(0.185281 0.954975 0)
(0.277768 0.967584 0)
(0.397564 1.01787 0)
(0.523682 1.19418 0)
(0.554138 1.63102 0)
(0.402935 2.13119 0)
(0.131517 2.3554 0)
(-0.116921 2.50637 0)
(-0.252385 3.29822 0)
(-0.30118 3.52044 0)
(-0.282629 3.42437 0)
(-0.208154 2.82236 0)
(-0.0495098 1.64329 0)
(0.00164465 0.874988 0)
(0.00259972 0.226325 0)
(0.00640489 0.202055 0)
(0.019886 0.511601 0)
(0.0368877 0.755554 0)
(0.0682683 0.833919 0)
(0.11707 0.839493 0)
(0.185454 0.830037 0)
(0.28085 0.823699 0)
(0.404257 0.873705 0)
(0.523311 1.11463 0)
(0.534827 1.69225 0)
(0.353506 2.34138 0)
(0.0668149 2.60606 0)
(-0.181652 2.74669 0)
(-0.34609 3.43828 0)
(-0.392472 3.54116 0)
(-0.370854 3.30635 0)
(-0.232278 2.423 0)
(-0.0635339 1.36574 0)
(-0.0140424 0.790927 0)
(0.00116326 0.242066 0)
(0.00661491 0.155429 0)
(0.0166417 0.473676 0)
(0.0289691 0.699628 0)
(0.0543779 0.750786 0)
(0.0940283 0.739594 0)
(0.15067 0.712697 0)
(0.231237 0.687706 0)
(0.331914 0.743044 0)
(0.408715 1.06836 0)
(0.379894 1.7847 0)
(0.195432 2.55369 0)
(-0.0631146 2.85092 0)
(-0.302705 3.00856 0)
(-0.467583 3.56369 0)
(-0.510507 3.55976 0)
(-0.431541 3.07451 0)
(-0.17306 1.86499 0)
(-0.0788522 1.16145 0)
(-0.0270937 0.662183 0)
(-0.00113516 0.222417 0)
(0.00516712 0.120254 0)
(0.00852806 0.454668 0)
(0.0116186 0.663553 0)
(0.0238073 0.692718 0)
(0.0450492 0.667923 0)
(0.0764436 0.626517 0)
(0.121661 0.589986 0)
(0.172223 0.665005 0)
(0.186223 1.07563 0)
(0.123438 1.88194 0)
(-0.0409146 2.73973 0)
(-0.242444 3.05916 0)
(-0.453245 3.28764 0)
(-0.590989 3.65866 0)
(-0.617197 3.51258 0)
(-0.380894 2.51622 0)
(-0.15589 1.55773 0)
(-0.0755971 0.98723 0)
(-0.0299499 0.520569 0)
(-0.00211683 0.178773 0)
(0.00218576 0.107199 0)
(-0.00336894 0.46334 0)
(-0.0131653 0.660308 0)
(-0.0201854 0.67689 0)
(-0.0242564 0.642272 0)
(-0.0285738 0.593327 0)
(-0.0333982 0.555769 0)
(-0.0497536 0.66197 0)
(-0.0942275 1.12638 0)
(-0.181704 1.97769 0)
(-0.296684 2.88399 0)
(-0.423561 3.19994 0)
(-0.611238 3.54559 0)
(-0.719752 3.74814 0)
(-0.650222 3.25555 0)
(-0.266557 1.84753 0)
(-0.146441 1.30158 0)
(-0.0777685 0.838036 0)
(-0.0339896 0.38473 0)
(-0.00352787 0.123076 0)
(-0.00163057 0.122098 0)
(-0.0165102 0.505374 0)
(-0.0397437 0.69679 0)
(-0.0679494 0.709298 0)
(-0.101192 0.676078 0)
(-0.144123 0.624406 0)
(-0.2029 0.591517 0)
(-0.282357 0.720243 0)
(-0.368111 1.21304 0)
(-0.473685 2.05945 0)
(-0.522085 2.95618 0)
(-0.564653 3.29784 0)
(-0.711698 3.74068 0)
(-0.743821 3.75003 0)
(-0.569381 2.71788 0)
(-0.288587 1.47549 0)
(-0.157567 1.05628 0)
(-0.0877152 0.685671 0)
(-0.0420205 0.240969 0)
(-0.00633327 0.0401467 0)
(-0.00503746 0.163066 0)
(-0.0273926 0.576653 0)
(-0.0617482 0.77642 0)
(-0.108575 0.791671 0)
(-0.167545 0.764629 0)
(-0.245199 0.722485 0)
(-0.348611 0.694806 0)
(-0.475155 0.822027 0)
(-0.585235 1.31564 0)
(-0.68274 2.122 0)
(-0.665066 2.94984 0)
(-0.616717 3.33156 0)
(-0.66629 3.78659 0)
(-0.646061 3.70077 0)
(-0.43681 2.25326 0)
(-0.278959 1.16791 0)
(-0.144583 0.806959 0)
(-0.0776633 0.525802 0)
(-0.0406481 0.101181 0)
(-0.0079575 -0.0772829 0)
(-0.00127177 0.034109 0)
(-0.0171481 0.452114 0)
(-0.0504384 0.819268 0)
(-0.102352 0.915556 0)
(-0.171125 0.907177 0)
(-0.259996 0.885044 0)
(-0.378446 0.856824 0)
(-0.531482 0.870632 0)
(-0.682461 1.11137 0)
(-0.742489 1.75498 0)
(-0.735137 2.53961 0)
(-0.630092 3.09769 0)
(-0.576365 3.61201 0)
(-0.466149 3.73429 0)
(-0.288424 2.88405 0)
(-0.113677 1.3025 0)
(-0.0477771 0.735092 0)
(-0.0166956 0.546793 0)
(-0.0115177 0.2446 0)
(-0.0044225 -0.175781 0)
(0.292566 2.4074 0)
(0.228052 3.55727 -1.62683e-21)
(0.200748 3.6473 -6.22419e-20)
(0.18397 3.57403 0)
(0.168803 3.51427 -4.54274e-19)
(0.14924 3.4665 -6.8939e-19)
(0.135443 3.44741 7.58101e-19)
(0.121212 3.41546 1.01169e-20)
(0.0945959 3.08101 7.08471e-19)
(0.0208865 0.920424 0)
(0.125375 2.4919 -2.2578e-21)
(0.104544 3.47209 0)
(0.11006 3.56459 6.89108e-21)
(0.107904 3.51895 -5.453e-20)
(0.10339 3.47642 1.88599e-20)
(0.0973632 3.44461 -6.88697e-19)
(0.087654 3.43312 7.22051e-19)
(0.0740107 3.4097 7.47579e-19)
(0.0453234 3.01803 7.64713e-19)
(-0.00989237 0.807502 -7.81817e-19)
(0.0717434 2.35474 -6.03958e-20)
(0.0637346 3.40797 4.42238e-19)
(0.0670017 3.5161 0)
(0.067278 3.48247 -5.78288e-19)
(0.066471 3.44989 6.54373e-19)
(0.0645785 3.42673 -7.00489e-19)
(0.0605173 3.42229 2.32403e-20)
(0.0568193 3.41095 1.51564e-18)
(0.0412406 3.06336 0)
(-0.0099168 0.85325 -8.34118e-21)
(0.0390894 2.26585 -4.92138e-19)
(0.0339299 3.36884 5.92643e-19)
(0.0372509 3.47994 1.23131e-18)
(0.0398997 3.45286 2.10268e-20)
(0.0419383 3.42702 0)
(0.0437859 3.41016 0)
(0.0451531 3.40988 7.45773e-19)
(0.046818 3.40534 -1.26779e-20)
(0.0379102 3.09913 -1.24253e-18)
(-0.011489 0.89686 4.29631e-19)
(0.021345 2.23401 1.04935e-20)
(0.0133383 3.34689 6.23975e-19)
(0.0168332 3.45093 -3.20307e-19)
(0.0216764 3.4272 -3.59235e-19)
(0.0263123 3.40586 3.90277e-19)
(0.0312221 3.39293 3.83752e-19)
(0.0360911 3.39479 -7.31107e-21)
(0.0411158 3.39548 4.34142e-19)
(0.0368874 3.12826 0)
(-0.0125868 0.940775 -8.80753e-19)
(0.0117142 2.24254 -8.01998e-23)
(-0.00379124 3.33608 -3.09812e-19)
(0.00324054 3.42569 3.31653e-20)
(0.00961125 3.40323 0)
(0.0162927 3.3846 -3.94661e-19)
(0.0235286 3.37406 4.09719e-19)
(0.0309007 3.37708 4.15445e-19)
(0.0384683 3.38193 4.24489e-19)
(0.0384162 3.15297 -6.92783e-21)
(-0.0129706 0.988561 4.59382e-19)
(0.00484905 2.28046 -3.4309e-19)
(-0.015896 3.33051 1.43548e-22)
(-0.00668311 3.40199 3.82608e-19)
(0.00130602 3.37916 3.88597e-19)
(0.00962216 3.36207 -2.56875e-20)
(0.0188217 3.35288 2.2216e-22)
(0.028371 3.3565 -4.16667e-19)
(0.0383487 3.36466 9.18301e-19)
(0.042479 3.17328 -4.56897e-19)
(-0.0123444 1.04639 -9.68611e-21)
(-0.00312043 2.34109 -6.02837e-23)
(-0.0252111 3.32634 0)
(-0.0151551 3.37761 -4.0197e-19)
(-0.00528099 3.35344 -2.60317e-20)
(0.0047767 3.33699 4.51432e-19)
(0.0159805 3.32849 0)
(0.0277815 3.3323 4.84295e-19)
(0.0403695 3.34309 0)
(0.0488388 3.18923 4.82345e-19)
(-0.0101791 1.12145 0)
(-0.0131236 2.4204 -6.10837e-21)
(-0.0348 3.31986 7.97057e-19)
(-0.0234794 3.34995 -3.99642e-19)
(-0.0113257 3.32418 -2.75109e-20)
(0.000903279 3.30786 2.83148e-20)
(0.0143879 3.29972 -2.93468e-20)
(0.0286854 3.30358 5.10985e-19)
(0.044225 3.31646 -6.51102e-23)
(0.056903 3.19979 -5.1348e-19)
(-0.0057086 1.22055 -5.19928e-19)
(-0.0273422 2.51815 -4.1933e-19)
(-0.0457696 3.30691 -4.22578e-19)
(-0.0323943 3.31632 0)
(-0.0172821 3.28948 -5.03231e-19)
(-0.00226399 3.27334 3.01161e-20)
(0.0138692 3.26568 5.08724e-19)
(0.0307914 3.26972 -1.0356e-18)
(0.0493319 3.28422 -1.08377e-18)
(0.0658189 3.20373 -8.38832e-21)
(0.0015989 1.35097 -2.84313e-19)
(-0.0462928 2.63127 -2.14674e-19)
(-0.0575577 3.28362 -1.44475e-20)
(-0.0412918 3.27506 -4.75949e-19)
(-0.0228344 3.24867 0)
(-0.00464061 3.23338 0)
(0.0141888 3.22652 2.38362e-19)
(0.0336271 3.23081 0)
(0.0546554 3.24624 -2.78667e-19)
(0.0743067 3.19945 0)
(0.011596 1.51852 2.9923e-19)
(-0.0675933 2.7538 7.40458e-21)
(-0.0678073 3.24806 -2.40772e-19)
(-0.0478506 3.2268 2.56913e-20)
(-0.0266414 3.20304 0)
(-0.00609784 3.18952 3.46057e-20)
(0.014422 3.18371 -3.61435e-19)
(0.0356828 3.18805 2.90057e-19)
(0.0583654 3.20329 -1.88682e-20)
(0.080286 3.18524 9.81555e-21)
(0.0235079 1.72229 6.40699e-19)
(-0.0855441 2.8744 -8.10478e-21)
(-0.0733776 3.20287 1.66051e-20)
(-0.0502651 3.17529 -2.81603e-19)
(-0.0277557 3.15431 2.4505e-19)
(-0.00660763 3.14252 -2.5323e-19)
(0.0142039 3.13799 -3.3777e-19)
(0.0357547 3.14299 3.09592e-19)
(0.0584294 3.15778 3.08113e-19)
(0.0819064 3.16193 -2.09124e-20)
(0.0353822 1.96176 3.37502e-19)
(-0.093281 2.97847 8.70564e-21)
(-0.0728913 3.15244 2.80263e-19)
(-0.0500002 3.12141 3.69608e-20)
(-0.0282475 3.10201 -1.93607e-19)
(-0.00670109 3.09168 1.0371e-22)
(0.0148377 3.08876 -4.05586e-20)
(0.0361413 3.09512 2.06716e-19)
(0.056709 3.11099 2.15511e-20)
(0.078483 3.13125 -2.20862e-20)
(0.0438196 2.23464 0)
(-0.0956181 3.04054 -1.4437e-19)
(-0.0712563 3.09236 -1.55551e-19)
(-0.0494762 3.06288 -1.55697e-19)
(-0.0271128 3.04845 4.06801e-20)
(-0.00583406 3.04217 -2.06598e-19)
(0.0144813 3.04089 -8.94506e-23)
(0.034939 3.04605 8.99798e-20)
(0.0555996 3.05937 -1.58211e-19)
(0.0794819 3.08817 -1.73835e-19)
(0.0484654 2.52759 0)
(-0.0951232 3.03671 7.91609e-20)
(-0.0566121 3.02287 -2.07893e-20)
(-0.0313963 3.01242 -4.16588e-20)
(-0.0148403 3.00885 4.23697e-20)
(-0.00264651 3.00862 0)
(0.00868712 3.00761 -4.39858e-20)
(0.0207091 3.00932 0)
(0.0362981 3.01352 -1.20593e-19)
(0.0646723 3.02574 7.65874e-20)
(0.0493407 2.79243 -1.04506e-19)
(0.939313 -0.0855789 0)
(1.06141 -0.0844876 0)
(1.03124 -0.0590217 0)
(1.01435 -0.0382572 0)
(1.00657 -0.0235026 0)
(1.00322 -0.0141925 0)
(1.00171 -0.00854643 0)
(1.00098 -0.00492824 0)
(1.00063 -0.00238618 0)
(1.00048 -0.000293048 0)
(1.00053 0.00168099 0)
(1.00075 0.0039037 0)
(1.00125 0.00685932 0)
(1.00228 0.0112923 0)
(1.0045 0.0184938 0)
(1.00958 0.0303027 0)
(1.02114 0.0479468 0)
(1.0464 0.0727164 0)
(1.05532 0.0889688 0)
(0.533036 0.0342667 0)
(0.723931 -0.0309175 0)
(1.09242 -0.0588678 0)
(1.08847 -0.0533128 0)
(1.05264 -0.043487 0)
(1.02963 -0.0341189 0)
(1.01619 -0.0247065 0)
(1.00903 -0.0165429 0)
(1.00534 -0.0100885 0)
(1.00351 -0.00501829 0)
(1.00277 -0.00059865 0)
(1.00298 0.00364298 0)
(1.00415 0.00821827 0)
(1.00673 0.0138139 0)
(1.01185 0.0209995 0)
(1.0217 0.029806 0)
(1.03948 0.0392221 0)
(1.06845 0.0482879 0)
(1.10323 0.0583196 0)
(1.00582 0.0570376 0)
(0.26327 0.00536139 0)
(0.564476 -0.0100727 0)
(1.04875 -0.0422203 0)
(1.10387 -0.0449465 0)
(1.07229 -0.0379773 0)
(1.04736 -0.0314447 0)
(1.03021 -0.0253095 0)
(1.01891 -0.0189683 0)
(1.01201 -0.0125805 0)
(1.0082 -0.00655379 0)
(1.0066 -0.000704578 0)
(1.00704 0.00503718 0)
(1.00955 0.0108033 0)
(1.01466 0.0168714 0)
(1.02353 0.0231128 0)
(1.03753 0.029152 0)
(1.0582 0.0352418 0)
(1.0886 0.0421589 0)
(1.10259 0.046469 0)
(0.88286 0.030227 0)
(0.191449 0.000811464 0)
(0.481245 -0.00525485 0)
(0.987735 -0.029925 0)
(1.10561 -0.0381196 0)
(1.08306 -0.0344952 0)
(1.05718 -0.0292459 0)
(1.03964 -0.0238167 0)
(1.02746 -0.0184114 0)
(1.01908 -0.0128191 0)
(1.01388 -0.00689754 0)
(1.01151 -0.000562512 0)
(1.01214 0.00578055 0)
(1.01567 0.0117327 0)
(1.02225 0.0172631 0)
(1.03234 0.022481 0)
(1.04685 0.0276547 0)
(1.06807 0.0328345 0)
(1.0984 0.0377377 0)
(1.08327 0.0374113 0)
(0.782682 0.0176634 0)
(0.162932 0.000583882 0)
(0.429468 -0.00352265 0)
(0.927945 -0.0220454 0)
(1.10093 -0.032465 0)
(1.09228 -0.0309126 0)
(1.06511 -0.0268595 0)
(1.04671 -0.0223813 0)
(1.03413 -0.0174225 0)
(1.02536 -0.0121557 0)
(1.01956 -0.00650571 0)
(1.01672 -0.000229423 0)
(1.01743 0.00611667 0)
(1.02144 0.0118545 0)
(1.02844 0.0170035 0)
(1.0388 0.0217994 0)
(1.05387 0.0262283 0)
(1.07621 0.0301699 0)
(1.10279 0.0334071 0)
(1.05458 0.0304996 0)
(0.706984 0.0118477 0)
(0.145078 0.000434168 0)
(0.392853 -0.00258125 0)
(0.874516 -0.0167857 0)
(1.09063 -0.0279541 0)
(1.099 -0.0277111 0)
(1.07219 -0.0241963 0)
(1.05312 -0.0204142 0)
(1.04001 -0.0160999 0)
(1.0309 -0.0112315 0)
(1.02486 -0.00583631 0)
(1.02182 0.000226475 0)
(1.02247 0.00634887 0)
(1.02656 0.0118107 0)
(1.03372 0.0165757 0)
(1.04445 0.0207583 0)
(1.06007 0.0243839 0)
(1.08309 0.0276485 0)
(1.10375 0.0299836 0)
(1.02148 0.0252344 0)
(0.649198 0.00872297 0)
(0.132246 0.000334095 0)
(0.365466 -0.00195738 0)
(0.82873 -0.0130115 0)
(1.07659 -0.0240119 0)
(1.10342 -0.0248755 0)
(1.07854 -0.0218174 0)
(1.05895 -0.0183615 0)
(1.04548 -0.0144832 0)
(1.03604 -0.0100464 0)
(1.02974 -0.00497438 0)
(1.02651 0.000782847 0)
(1.02707 0.0065715 0)
(1.03119 0.0116721 0)
(1.03851 0.015981 0)
(1.04948 0.0196173 0)
(1.06547 0.0227481 0)
(1.08902 0.0256496 0)
(1.10189 0.0271026 0)
(0.987272 0.0210019 0)
(0.604013 0.00674435 0)
(0.122411 0.000265387 0)
(0.344474 -0.00150165 0)
(0.79026 -0.0101866 0)
(1.06043 -0.0204632 0)
(1.10605 -0.0221521 0)
(1.08428 -0.0195523 0)
(1.06426 -0.0163194 0)
(1.05054 -0.0127113 0)
(1.04087 -0.00864488 0)
(1.03431 -0.00396019 0)
(1.03087 0.00145281 0)
(1.0313 0.00688651 0)
(1.03541 0.0115414 0)
(1.04281 0.0153583 0)
(1.05389 0.0185456 0)
(1.07014 0.0212988 0)
(1.09381 0.0238629 0)
(1.09732 0.0245199 0)
(0.953956 0.0175824 0)
(0.567856 0.00537014 0)
(0.114622 0.000215716 0)
(0.328261 -0.00114784 0)
(0.758338 -0.00797746 0)
(1.04352 -0.0172411 0)
(1.10775 -0.0195125 0)
(1.08965 -0.0172478 0)
(1.06925 -0.0141827 0)
(1.05528 -0.0108106 0)
(1.04545 -0.0070417 0)
(1.03872 -0.00270498 0)
(1.03506 0.00229201 0)
(1.03531 0.00724346 0)
(1.03933 0.0114116 0)
(1.04665 0.0147723 0)
(1.05778 0.017561 0)
(1.07429 0.019955 0)
(1.09746 0.0221821 0)
(1.09047 0.0221547 0)
(0.92264 0.0148012 0)
(0.538419 0.00435957 0)
(0.108315 0.000178536 0)
(0.3158 -0.000862899 0)
(0.732174 -0.00616893 0)
(1.02681 -0.0142569 0)
(1.10848 -0.0169266 0)
(1.09468 -0.0150485 0)
(1.07395 -0.0121556 0)
(1.0597 -0.00895866 0)
(1.04971 -0.00538671 0)
(1.0428 -0.00130714 0)
(1.03891 0.00329895 0)
(1.03894 0.00776542 0)
(1.04277 0.0114742 0)
(1.04997 0.0144421 0)
(1.06111 0.0168706 0)
(1.07789 0.018903 0)
(1.09981 0.0206816 0)
(1.08176 0.0199573 0)
(0.893822 0.0125073 0)
(0.514135 0.00359224 0)
(0.103106 0.000152152 0)
(0.306459 -0.000616783 0)
(0.711208 -0.0046135 0)
(1.01118 -0.0114204 0)
(1.10832 -0.0142282 0)
(1.09931 -0.012681 0)
(1.0784 -0.00990521 0)
(1.06389 -0.00687556 0)
(1.05367 -0.0035251 0)
(1.04655 0.000276151 0)
(1.0424 0.00450979 0)
(1.04212 0.00852539 0)
(1.04567 0.0117508 0)
(1.05275 0.014261 0)
(1.06392 0.016267 0)
(1.08089 0.0179378 0)
(1.10083 0.0192166 0)
(1.0717 0.0178736 0)
(0.867776 0.0105842 0)
(0.493954 0.00298793 0)
(0.0987306 0.000132115 0)
(0.29986 -0.000394265 0)
(0.695049 -0.0032072 0)
(0.997331 -0.00866277 0)
(1.10756 -0.0113378 0)
(1.10347 -0.00996399 0)
(1.08262 -0.00728734 0)
(1.06781 -0.00448857 0)
(1.05731 -0.00141823 0)
(1.04986 0.00208659 0)
(1.04536 0.00597131 0)
(1.04469 0.00954096 0)
(1.04801 0.0122379 0)
(1.05494 0.0141612 0)
(1.06609 0.0156078 0)
(1.08318 0.0168975 0)
(1.10093 0.0177241 0)
(1.0608 0.0158788 0)
(0.844577 0.00893531 0)
(0.47713 0.00250085 0)
(0.095002 0.000118261 0)
(0.295798 -0.000183535 0)
(0.6835 -0.00188298 0)
(0.985792 -0.00594855 0)
(1.10658 -0.0083628 0)
(1.10735 -0.00720999 0)
(1.08669 -0.00473061 0)
(1.07165 -0.00208621 0)
(1.06104 0.000892679 0)
(1.05341 0.00423671 0)
(1.04852 0.00777225 0)
(1.04738 0.0108489 0)
(1.0502 0.0130607 0)
(1.05673 0.0146056 0)
(1.06768 0.0156338 0)
(1.08484 0.0162958 0)
(1.10006 0.0164371 0)
(1.04943 0.01403 0)
(0.824188 0.0075107 0)
(0.46314 0.00210448 0)
(0.091763 0.00010854 0)
(0.294203 2.97482e-05 0)
(0.676352 -0.0005813 0)
(0.976818 -0.00322956 0)
(1.1053 -0.00520477 0)
(1.11059 -0.00424755 0)
(1.09043 -0.0019137 0)
(1.07517 0.000672774 0)
(1.06422 0.00354442 0)
(1.05616 0.00670229 0)
(1.05075 0.00997358 0)
(1.04903 0.0126416 0)
(1.05138 0.0142847 0)
(1.0576 0.0151908 0)
(1.06843 0.0156706 0)
(1.08546 0.0158449 0)
(1.09792 0.0153391 0)
(1.03754 0.0123409 0)
(0.806386 0.00631459 0)
(0.451505 0.00178555 0)
(0.0889196 9.85751e-05 0)
(0.294915 0.000246673 0)
(0.673404 0.000555588 0)
(0.970831 -0.00065529 0)
(1.10433 -0.00189091 0)
(1.11359 -0.000861582 0)
(1.09422 0.0014183 0)
(1.07885 0.00393767 0)
(1.06764 0.00672069 0)
(1.05917 0.00972131 0)
(1.05316 0.0126982 0)
(1.05068 0.0148589 0)
(1.05235 0.0159338 0)
(1.05803 0.016242 0)
(1.0684 0.0161034 0)
(1.08498 0.0156839 0)
(1.09446 0.0144282 0)
(1.02563 0.0110641 0)
(0.790878 0.00552388 0)
(0.441644 0.00160521 0)
(0.0864093 8.81313e-05 0)
(0.297756 0.000434232 0)
(0.674201 0.00152191 0)
(0.96796 0.00150998 0)
(1.10429 0.00114446 0)
(1.11673 0.00242148 0)
(1.098 0.00476332 0)
(1.08244 0.0073023 0)
(1.07089 0.0101303 0)
(1.06195 0.0131809 0)
(1.05518 0.0160325 0)
(1.05179 0.0178297 0)
(1.0526 0.0183879 0)
(1.05763 0.0180399 0)
(1.06757 0.0171486 0)
(1.08358 0.0161721 0)
(1.08988 0.0144181 0)
(1.01358 0.0106325 0)
(0.776765 0.00536662 0)
(0.432441 0.00164495 0)
(0.0839763 8.94392e-05 0)
(0.302192 0.000605504 0)
(0.678071 0.00241783 0)
(0.968088 0.00350311 0)
(1.10529 0.00398849 0)
(1.12016 0.00557026 0)
(1.10194 0.00809901 0)
(1.08621 0.0108871 0)
(1.07434 0.014044 0)
(1.06472 0.0173372 0)
(1.05692 0.0201651 0)
(1.05244 0.0216316 0)
(1.05226 0.0216471 0)
(1.05646 0.0207064 0)
(1.0658 0.0192284 0)
(1.08121 0.0175313 0)
(1.08404 0.0151894 0)
(1.00115 0.0109722 0)
(0.763034 0.00575091 0)
(0.422812 0.00185247 0)
(0.0813369 0.000100523 0)
(0.308266 0.000792183 0)
(0.68468 0.00331418 0)
(0.971273 0.00547471 0)
(1.10761 0.0070249 0)
(1.12408 0.00908996 0)
(1.10647 0.0119634 0)
(1.09065 0.015226 0)
(1.07832 0.0188429 0)
(1.06783 0.0224213 0)
(1.05878 0.0252905 0)
(1.05287 0.0264237 0)
(1.05149 0.0258241 0)
(1.05469 0.024218 0)
(1.06328 0.0221039 0)
(1.07771 0.0196832 0)
(1.07691 0.0167007 0)
(0.988098 0.0120455 0)
(0.748616 0.00658457 0)
(0.411891 0.00217486 0)
(0.0782637 0.000119219 0)
(0.316224 0.00101941 0)
(0.694141 0.0043422 0)
(0.977642 0.00762407 0)
(1.11199 0.0104741 0)
(1.12899 0.0135143 0)
(1.11186 0.0170618 0)
(1.09574 0.0209448 0)
(1.0826 0.0250402 0)
(1.07092 0.0288537 0)
(1.0603 0.0316422 0)
(1.05268 0.0322602 0)
(1.04988 0.0308789 0)
(1.05203 0.0284748 0)
(1.05975 0.0256086 0)
(1.07299 0.0224671 0)
(1.06859 0.0188498 0)
(0.974086 0.0137828 0)
(0.732403 0.00770404 0)
(0.399076 0.00257248 0)
(0.0746048 0.000143604 0)
(0.3266 0.00131564 0)
(0.706897 0.00565355 0)
(0.987371 0.0101236 0)
(1.1191 0.0144178 0)
(1.13575 0.0187404 0)
(1.11855 0.0232533 0)
(1.10171 0.0279443 0)
(1.08743 0.0326529 0)
(1.07422 0.0368324 0)
(1.06165 0.0394991 0)
(1.05195 0.0394606 0)
(1.04749 0.0371474 0)
(1.04848 0.0337519 0)
(1.0553 0.0301501 0)
(1.06717 0.026305 0)
(1.0591 0.0221043 0)
(0.958124 0.0161681 0)
(0.71342 0.00899194 0)
(0.384 0.00301516 0)
(0.0702657 0.000170362 0)
(0.340242 0.00171089 0)
(0.723916 0.00736068 0)
(1.00057 0.0132689 0)
(1.12896 0.0190055 0)
(1.14468 0.0245843 0)
(1.12681 0.0301513 0)
(1.10879 0.0358894 0)
(1.09294 0.0415268 0)
(1.07773 0.0463786 0)
(1.0627 0.0491973 0)
(1.05054 0.0487433 0)
(1.04412 0.0456331 0)
(1.04375 0.0412181 0)
(1.0499 0.0364697 0)
(1.06024 0.0318066 0)
(1.04764 0.0265596 0)
(0.938615 0.0190589 0)
(0.690943 0.0104359 0)
(0.366349 0.00352302 0)
(0.0651689 0.00019925 0)
(0.358387 0.00225109 0)
(0.7467 0.00962863 0)
(1.01788 0.0175148 0)
(1.14129 0.024894 0)
(1.1556 0.0314977 0)
(1.13689 0.0381638 0)
(1.11733 0.0451173 0)
(1.09952 0.0520175 0)
(1.08178 0.0578421 0)
(1.06377 0.061128 0)
(1.04875 0.0605261 0)
(1.04005 0.0568439 0)
(1.03788 0.0516548 0)
(1.04283 0.0457955 0)
(1.05113 0.0396422 0)
(1.03217 0.0319997 0)
(0.9144 0.0221457 0)
(0.664747 0.0120949 0)
(0.345698 0.00410661 0)
(0.0592077 0.000228437 0)
(0.383099 0.00303055 0)
(0.777654 0.0127008 0)
(1.04087 0.023477 0)
(1.15621 0.033286 0)
(1.16841 0.0410226 0)
(1.14878 0.0487822 0)
(1.12763 0.0571089 0)
(1.10737 0.06536 0)
(1.08651 0.0720967 0)
(1.06494 0.0756998 0)
(1.04662 0.0746938 0)
(1.03526 0.07022 0)
(1.03091 0.0640124 0)
(1.03376 0.0567707 0)
(1.03826 0.0482144 0)
(1.01099 0.0376424 0)
(0.885371 0.0255129 0)
(0.634319 0.0140782 0)
(0.321391 0.00478896 0)
(0.0522783 0.000259339 0)
(0.417929 0.00421396 0)
(0.820383 0.0170849 0)
(1.07223 0.0321833 0)
(1.175 0.0455938 0)
(1.18338 0.0551042 0)
(1.16278 0.0643267 0)
(1.13965 0.0741051 0)
(1.11619 0.0832981 0)
(1.09151 0.0902884 0)
(1.06578 0.0933425 0)
(1.04372 0.0910424 0)
(1.02934 0.0850354 0)
(1.0223 0.0771205 0)
(1.02187 0.0678299 0)
(1.02057 0.056576 0)
(0.984653 0.0433225 0)
(0.852027 0.0294596 0)
(0.59859 0.0164068 0)
(0.292563 0.00552422 0)
(0.0442806 0.000286505 0)
(0.469851 0.00608101 0)
(0.880292 0.0242559 0)
(1.11564 0.0459985 0)
(1.1998 0.0644343 0)
(1.20167 0.0767157 0)
(1.17892 0.087561 0)
(1.15275 0.0982483 0)
(1.12512 0.107373 0)
(1.09588 0.113338 0)
(1.06542 0.114399 0)
(1.03925 0.109513 0)
(1.0215 0.10095 0)
(1.01124 0.0905777 0)
(1.00665 0.0788027 0)
(0.998802 0.0651408 0)
(0.954503 0.049858 0)
(0.81385 0.034306 0)
(0.55564 0.0190032 0)
(0.258097 0.00623416 0)
(0.0351392 0.000306772 0)
(0.556328 0.0101698 0)
(0.96926 0.0399599 1.26411e-33)
(1.17637 0.0714021 0)
(1.23218 0.0947217 0)
(1.22364 0.109515 1.58876e-33)
(1.19629 0.120949 -6.8353e-34)
(1.16556 0.131041 0)
(1.13281 0.138421 0)
(1.09838 0.141666 -8.7802e-34)
(1.06284 0.139082 0)
(1.03237 0.130282 0)
(1.01106 0.118242 0)
(0.997288 0.104951 0)
(0.98843 0.0907275 0)
(0.974351 0.0751789 0)
(0.920886 0.0581534 0)
(0.768514 0.0401576 0)
(0.502539 0.0215299 0)
(0.216035 0.00653289 0)
(0.024448 0.000303385 0)
(0.637362 0.0343189 -1.30055e-19)
(1.05534 0.0760757 -3.67154e-20)
(1.23299 0.113839 -3.07618e-20)
(1.26504 0.137886 0)
(1.24585 0.153051 -2.91032e-20)
(1.21266 0.164044 2.47507e-20)
(1.1765 0.172788 -4.06362e-20)
(1.1381 0.178 3.34256e-20)
(1.09786 0.178265 2.80063e-20)
(1.05634 0.171791 -4.48401e-20)
(1.02032 0.158773 -4.45341e-20)
(0.994057 0.142932 5.15534e-20)
(0.975327 0.12664 9.00188e-20)
(0.961031 0.110296 -3.55747e-20)
(0.939653 0.0930219 1.04025e-19)
(0.873764 0.0732733 1.22246e-20)
(0.707745 0.0513036 -1.45038e-19)
(0.4392 0.0280044 1.27696e-19)
(0.175278 0.00951812 -3.0057e-20)
(0.0161184 0.000650922 2.02176e-19)
(0.669666 0.0671671 -1.99817e-19)
(1.11182 0.130597 2.19173e-19)
(1.27449 0.170254 0)
(1.2924 0.192826 7.01583e-20)
(1.26495 0.205493 2.41473e-19)
(1.22597 0.214326 0)
(1.18412 0.220562 -1.71315e-19)
(1.13988 0.222928 1.45821e-19)
(1.09364 0.219862 0)
(1.0459 0.209583 -9.80222e-20)
(1.00389 0.192767 -1.90052e-19)
(0.972377 0.173836 -1.11575e-19)
(0.948863 0.15535 6.60725e-20)
(0.929934 0.137809 -1.55241e-19)
(0.904275 0.120151 0)
(0.834592 0.098607 -3.76231e-19)
(0.669069 0.0727537 5.01934e-19)
(0.414052 0.0407837 -5.92758e-19)
(0.166417 0.0155356 6.98682e-19)
(0.0158678 0.00143722 1.61465e-18)
(0.676331 0.103958 -2.87204e-20)
(1.14289 0.190994 -4.86461e-20)
(1.30161 0.234978 0)
(1.31188 0.25481 1.76561e-21)
(1.27868 0.263902 -1.2305e-19)
(1.23487 0.269374 1.09644e-19)
(1.18794 0.272096 0)
(1.13834 0.270828 1.48988e-19)
(1.0865 0.263951 1.24179e-19)
(1.03299 0.249662 0)
(0.985515 0.229274 2.02198e-19)
(0.949393 0.207764 6.03355e-19)
(0.922055 0.187691 1.42138e-19)
(0.899863 0.169317 0)
(0.872304 0.151075 9.84316e-20)
(0.804292 0.127856 -8.75974e-19)
(0.649001 0.0967817 -5.48484e-22)
(0.410389 0.0573593 0)
(0.174415 0.0243206 4.76985e-20)
(0.019738 0.00281249 5.52158e-20)
(0.670245 0.139311 -5.68887e-20)
(1.15761 0.251821 3.87763e-19)
(1.31706 0.302292 6.70544e-19)
(1.32338 0.319432 -2.27063e-19)
(1.28633 0.324944 0)
(1.23882 0.326751 -1.11144e-19)
(1.18774 0.325649 -1.85693e-19)
(1.1336 0.320447 -3.19188e-19)
(1.07687 0.309563 5.41129e-19)
(1.01824 0.291234 -2.25933e-19)
(0.965996 0.26737 0)
(0.926062 0.243494 5.17826e-19)
(0.895756 0.221988 0)
(0.871233 0.202797 -1.80552e-19)
(0.842825 0.184027 -4.26893e-19)
(0.778875 0.16001 0)
(0.636122 0.124678 5.1962e-19)
(0.416098 0.0783644 -7.82818e-19)
(0.188715 0.036091 -1.65885e-18)
(0.0249249 0.00489816 1.01479e-18)
(0.659629 0.171736 4.51727e-19)
(1.16151 0.311071 -9.51944e-20)
(1.32378 0.368933 0)
(1.32829 0.384162 1.11817e-20)
(1.28852 0.386379 -5.30115e-19)
(1.23815 0.384581 0)
(1.18375 0.379715 -4.45073e-21)
(1.12584 0.370633 -1.72194e-19)
(1.065 0.355778 0)
(1.00196 0.333449 -4.77582e-19)
(0.945663 0.306167 4.73894e-19)
(0.902649 0.279952 -2.77517e-19)
(0.870085 0.257017 6.60393e-19)
(0.843865 0.237028 1.95198e-19)
(0.815194 0.217851 1.13766e-21)
(0.75583 0.19312 -1.3665e-19)
(0.625799 0.154436 -6.43368e-19)
(0.423179 0.101955 0)
(0.203161 0.0495549 -3.70359e-18)
(0.03001 0.00747977 -4.68448e-23)
(0.647726 0.201611 9.0888e-19)
(1.15857 0.367569 1.03178e-20)
(1.32417 0.433398 7.88453e-19)
(1.32806 0.4477 0)
(1.28629 0.44693 2.69294e-19)
(1.23365 0.44171 -2.42252e-19)
(1.17654 0.43328 0)
(1.1155 0.420493 -1.77206e-19)
(1.05114 0.401823 2.94607e-19)
(0.984358 0.375589 0)
(0.924654 0.344906 -2.50616e-19)
(0.87914 0.316289 5.99608e-19)
(0.844882 0.291808 3.54398e-19)
(0.817551 0.270951 -2.12551e-19)
(0.789015 0.251348 0)
(0.733858 0.225702 2.8728e-21)
(0.614855 0.184396 5.21836e-19)
(0.426607 0.126185 -1.02343e-19)
(0.21276 0.0632175 1.81811e-18)
(0.0336709 0.0101136 2.23308e-18)
(0.636542 0.229423 -5.18928e-19)
(1.1515 0.421046 1.0058e-19)
(1.32017 0.4953 -1.76868e-19)
(1.32388 0.509225 2.95205e-21)
(1.28062 0.505815 1.439e-19)
(1.22615 0.497443 -4.97021e-19)
(1.16677 0.4857 0)
(1.10307 0.469438 3.81233e-19)
(1.0357 0.447146 -3.30463e-19)
(0.965627 0.417133 5.47216e-19)
(0.903014 0.383025 8.22702e-19)
(0.855462 0.351886 -3.27042e-19)
(0.819958 0.325675 -1.19894e-21)
(0.791983 0.30368 -4.53976e-19)
(0.763888 0.283394 -2.69701e-19)
(0.712436 0.256809 0)
(0.602239 0.212679 -1.87636e-19)
(0.424567 0.148527 -2.21688e-19)
(0.21561 0.075205 0)
(0.0351187 0.0122621 -2.3315e-18)
(0.62688 0.255819 -1.17966e-19)
(1.14208 0.471493 -5.13904e-19)
(1.313 0.554367 -1.81047e-19)
(1.31677 0.56823 1.60045e-20)
(1.27231 0.562531 6.02826e-19)
(1.21635 0.551341 -2.57371e-19)
(1.15508 0.536569 -4.65385e-19)
(1.08909 0.517094 8.06267e-19)
(1.01905 0.491403 8.59762e-19)
(0.946021 0.45774 5.85129e-19)
(0.880798 0.42019 -2.96645e-19)
(0.831557 0.386336 -3.52613e-19)
(0.795122 0.358157 0)
(0.766837 0.334751 0)
(0.739316 0.313347 -2.88179e-19)
(0.690918 0.285659 6.87789e-19)
(0.587191 0.238251 4.074e-19)
(0.416663 0.167619 7.13413e-19)
(0.212318 0.0848436 1.39937e-19)
(0.0347436 0.0137865 1.6141e-19)
(0.618493 0.280859 4.7257e-19)
(1.13157 0.519166 0)
(1.30373 0.610428 0)
(1.30755 0.624522 5.02236e-19)
(1.26205 0.616827 3.0646e-19)
(1.20485 0.603117 -2.77477e-19)
(1.14198 0.585617 2.51859e-19)
(1.074 0.563219 4.25288e-19)
(1.00155 0.534377 -7.34438e-19)
(0.925801 0.497234 -3.18952e-19)
(0.858152 0.456226 1.57322e-18)
(0.80737 0.419485 -7.56279e-19)
(0.770229 0.389027 0)
(0.741783 0.363881 -5.2369e-19)
(0.71483 0.341085 -3.12277e-19)
(0.668703 0.311692 -1.65715e-21)
(0.569604 0.260953 1.52637e-18)
(0.403915 0.183097 1.28054e-18)
(0.204046 0.0917868 1.50321e-19)
(0.0329796 0.0145955 -1.21533e-18)
(0.611779 0.305238 -1.21543e-19)
(1.12075 0.564329 1.03211e-19)
(1.29319 0.663523 5.83728e-19)
(1.29679 0.678036 -1.77956e-19)
(1.2504 0.668571 -3.23006e-19)
(1.19217 0.652615 -2.95976e-19)
(1.12792 0.632683 0)
(1.05818 0.607658 -4.52384e-19)
(0.983538 0.575938 -1.99493e-19)
(0.905211 0.53552 6.6694e-19)
(0.835209 0.491084 0)
(0.782931 0.45129 0)
(0.745096 0.418309 4.76576e-19)
(0.716535 0.391107 5.62976e-19)
(0.690085 0.36655 -1.34108e-18)
(0.64565 0.335037 -1.98504e-18)
(0.549526 0.280142 0)
(0.387248 0.194805 -2.75572e-19)
(0.192541 0.0958471 0)
(0.0303167 0.0147694 -1.86693e-19)
(0.606381 0.32871 3.68149e-19)
(1.10989 0.606984 -1.01568e-19)
(1.28186 0.713621 -3.92598e-19)
(1.28496 0.728765 0)
(1.23782 0.717703 0)
(1.17871 0.69976 3.0985e-19)
(1.11328 0.677675 -4.58433e-21)
(1.04196 0.650318 -2.45848e-19)
(0.965283 0.616016 9.47124e-21)
(0.884454 0.572558 3.02786e-18)
(0.812064 0.524777 -1.43828e-18)
(0.758177 0.481802 4.25745e-19)
(0.719575 0.446051 -5.16064e-19)
(0.690892 0.416481 1.82166e-18)
(0.664819 0.38982 1.08372e-18)
(0.621476 0.355692 4.26394e-19)
(0.526933 0.295946 0)
(0.367045 0.203029 8.906e-19)
(0.178777 0.0972416 -1.74287e-19)
(0.0269726 0.0142826 1.40841e-18)
(0.602151 0.351459 1.21008e-19)
(1.09951 0.647488 -2.1248e-19)
(1.26999 0.760954 1.19481e-20)
(1.27248 0.776713 -1.85765e-19)
(1.22466 0.764229 3.43334e-19)
(1.16482 0.744529 3.24138e-19)
(1.09835 0.72056 0)
(1.02561 0.691149 -2.45066e-19)
(0.947025 0.654564 -1.09364e-18)
(0.863717 0.608355 0)
(0.788785 0.557357 -1.92221e-18)
(0.733102 0.511126 -4.56115e-19)
(0.693646 0.472382 1.09927e-18)
(0.664742 0.440164 0)
(0.638894 0.41105 0)
(0.596079 0.373758 4.59907e-19)
(0.502007 0.308403 -1.35775e-18)
(0.343926 0.207645 -1.27863e-18)
(0.162943 0.0962479 -1.87826e-18)
(0.0232708 0.0133129 0)
(0.59853 0.373394 3.73513e-19)
(1.08971 0.686013 -2.25386e-19)
(1.25787 0.805628 -2.0236e-19)
(1.25964 0.821939 1.28292e-20)
(1.21123 0.808188 1.71079e-19)
(1.15077 0.786951 9.91057e-19)
(1.08339 0.761334 -5.92755e-19)
(1.00936 0.730144 -1.05878e-18)
(0.928961 0.691579 -9.31461e-19)
(0.843169 0.642938 1.6162e-18)
(0.765546 0.588935 1.85245e-18)
(0.707833 0.539427 -1.23348e-18)
(0.667259 0.497481 -8.86912e-19)
(0.638007 0.462308 7.01311e-19)
(0.61221 0.430379 8.32438e-19)
(0.569402 0.389326 4.94581e-19)
(0.474949 0.317578 -1.1688e-18)
(0.318355 0.208811 0)
(0.145329 0.0929384 -1.61681e-18)
(0.0193069 0.0118571 4.65255e-19)
(0.595858 0.394666 -5.02333e-19)
(1.07993 0.722755 0)
(1.24576 0.84774 -4.43774e-21)
(1.2467 0.864547 1.91392e-19)
(1.19774 0.849647 -3.68921e-19)
(1.13676 0.827056 5.13684e-19)
(1.06859 0.800017 0)
(0.993403 0.767307 0)
(0.911286 0.727071 -9.85807e-19)
(0.823022 0.676351 3.43214e-18)
(0.74253 0.619626 1.7546e-18)
(0.682416 0.566888 -2.61148e-19)
(0.640406 0.521545 3.13839e-19)
(0.610619 0.483089 7.53461e-19)
(0.584698 0.447908 0)
(0.541414 0.402358 3.18556e-18)
(0.445994 0.323341 1.88216e-18)
(0.290988 0.206488 1.48089e-18)
(0.126911 0.0873531 0)
(0.0151875 0.00996471 -2.49831e-19)
(0.5936 0.415284 -1.26638e-19)
(1.07064 0.757642 -2.21526e-19)
(1.23376 0.887408 2.25392e-19)
(1.23381 0.904628 -3.797e-21)
(1.18437 0.888685 -1.96342e-19)
(1.12296 0.864909 -7.1984e-19)
(1.05411 0.83665 1.68506e-19)
(0.977883 0.802666 -2.94444e-19)
(0.894163 0.761059 -1.03358e-18)
(0.803443 0.708627 1.82534e-18)
(0.719873 0.649524 0)
(0.656957 0.593702 1.13202e-18)
(0.613101 0.544822 6.80033e-19)
(0.582495 0.502685 -8.10778e-19)
(0.55624 0.463666 -9.65635e-19)
(0.512043 0.412725 -5.69303e-19)
(0.415145 0.32545 1.35128e-18)
(0.262228 0.200625 -7.95569e-19)
(0.108093 0.0798719 2.34624e-19)
(0.0111503 0.00780243 -2.6936e-19)
(0.591565 0.435331 3.25488e-21)
(1.06183 0.790709 2.33786e-19)
(1.22201 0.924767 -2.18501e-19)
(1.22111 0.942288 0)
(1.17125 0.925388 -2.09712e-19)
(1.1095 0.900584 7.39904e-19)
(1.04007 0.87128 -5.22958e-19)
(0.962923 0.836246 1.22568e-18)
(0.877704 0.79355 9.5894e-19)
(0.784558 0.739792 1.91729e-18)
(0.697724 0.678718 -1.99297e-18)
(0.631611 0.620063 0)
(0.585381 0.567606 -1.45536e-18)
(0.55351 0.521331 1.30591e-18)
(0.526622 0.47762 1.03596e-18)
(0.481216 0.420087 -6.12853e-19)
(0.382672 0.323563 0)
(0.232497 0.191184 -1.28117e-18)
(0.0893375 0.0706834 5.02497e-19)
(0.00735934 0.00549729 0)
(0.589679 0.454506 1.25064e-19)
(1.05344 0.821981 2.24053e-19)
(1.21054 0.959886 2.218e-19)
(1.20868 0.977631 8.58022e-19)
(1.15846 0.959859 2.99499e-21)
(1.09645 0.934146 2.00316e-19)
(1.02654 0.90397 -8.9756e-19)
(0.948597 0.868085 1.12922e-18)
(0.861994 0.824563 1.1679e-18)
(0.766489 0.76986 1.24457e-19)
(0.676266 0.707282 -2.37339e-18)
(0.606538 0.646148 9.63969e-19)
(0.55732 0.590212 0)
(0.523524 0.539361 4.64149e-19)
(0.495463 0.489738 5.58335e-19)
(0.448634 0.423778 -1.31945e-18)
(0.348993 0.31696 -7.81981e-19)
(0.202972 0.178105 0)
(0.0717272 0.0603535 -5.38443e-19)
(0.00400324 0.00323601 0)
(0.587793 0.472691 0)
(1.0454 0.85155 -3.50302e-19)
(1.19939 0.992854 4.43691e-19)
(1.19661 1.01077 1.14518e-19)
(1.14608 0.992192 -2.00519e-19)
(1.08388 0.965685 8.10356e-19)
(1.01358 0.934774 3.70716e-19)
(0.934947 0.898219 -1.5269e-18)
(0.847095 0.854124 1.38923e-18)
(0.749328 0.798838 1.28415e-19)
(0.655641 0.735257 -4.49747e-18)
(0.581925 0.672092 0)
(0.52905 0.612967 -1.66487e-18)
(0.492415 0.557271 -1.00097e-18)
(0.462116 0.500172 5.94153e-19)
(0.413466 0.422895 0)
(0.314569 0.304061 0)
(0.175967 0.160648 0)
(0.0575735 0.0493972 -2.31298e-18)
(0.00144152 0.00126289 1.33175e-18)
(0.58611 0.490321 0)
(1.03766 0.879386 3.42826e-19)
(1.18863 1.02383 1.07049e-19)
(1.18493 1.04182 -3.36604e-19)
(1.13414 1.02249 -1.04775e-19)
(1.07183 0.995286 -7.41321e-19)
(1.00122 0.963773 -5.75284e-19)
(0.922012 0.926709 2.86826e-18)
(0.833035 0.882252 0)
(0.73313 0.826718 -2.14846e-18)
(0.635979 0.76266 2.38037e-18)
(0.557963 0.697994 -1.8594e-19)
(0.500787 0.636154 4.49502e-19)
(0.46023 0.575715 -5.40125e-19)
(0.425783 0.509585 -6.3656e-19)
(0.37383 0.416749 0)
(0.278586 0.281687 -9.01029e-19)
(0.155325 0.133759 -5.28005e-19)
(0.0554067 0.0328111 0)
(0.00415052 -0.000414872 -3.5734e-19)
(0.584102 0.506706 -1.24632e-19)
(1.03027 0.905487 0)
(1.17825 1.05288 2.26049e-19)
(1.17369 1.0709 -3.54041e-19)
(1.12267 1.05085 5.71584e-19)
(1.0603 1.02304 8.70811e-19)
(0.989436 0.991029 -7.11654e-19)
(0.909775 0.953595 -1.69597e-18)
(0.819805 0.908967 -1.74257e-19)
(0.717919 0.85349 2.71408e-18)
(0.61739 0.789472 2.51292e-18)
(0.534838 0.723924 -1.54797e-18)
(0.472822 0.65994 -3.53834e-18)
(0.427329 0.595427 0)
(0.385898 0.519284 -1.03126e-18)
(0.326492 0.406143 0)
(0.235576 0.246832 -3.19241e-21)
(0.138884 0.0807074 -5.72249e-19)
(0.0854888 -0.0174108 -6.64165e-19)
(0.0401553 0.0093263 -3.74891e-19)
(0.582279 0.522438 -1.79848e-21)
(1.02319 0.930241 2.21289e-19)
(1.1682 1.08041 -1.06915e-19)
(1.16274 1.09851 -4.54795e-19)
(1.11146 1.07792 -4.56795e-19)
(1.049 1.0497 -8.63786e-19)
(0.977868 1.01746 -7.12307e-19)
(0.897751 0.979941 -1.93098e-19)
(0.806792 0.935507 -1.5018e-18)
(0.702886 0.880565 2.3914e-18)
(0.598832 0.817307 -1.50315e-19)
(0.51122 0.751759 -1.92658e-19)
(0.443423 0.686155 -1.61209e-18)
(0.392116 0.618766 5.61811e-19)
(0.339599 0.532115 -1.33801e-18)
(0.262971 0.393267 0)
(0.169535 0.198617 0)
(0.0671363 0.110109 0)
(-0.0257762 0.527779 1.24433e-18)
(0.0156399 1.77576 7.88282e-19)
(0.58043 0.537384 -6.00314e-20)
(1.01638 0.953677 1.24678e-19)
(1.15844 1.10645 3.40761e-19)
(1.15212 1.12471 4.67702e-19)
(1.10052 1.10375 3.42654e-19)
(1.03796 1.07529 -1.65889e-18)
(0.966571 1.04307 -7.22395e-19)
(0.885991 1.00573 0)
(0.794099 0.961817 1.64126e-19)
(0.688209 0.907902 -2.37519e-18)
(0.580567 0.846092 -2.47161e-18)
(0.487533 0.781768 -1.93504e-19)
(0.412786 0.714888 -1.84466e-18)
(0.355513 0.646147 1.40307e-18)
(0.288417 0.549968 1.34431e-18)
(0.176682 0.379491 0)
(0.067546 0.361728 0)
(0.05458 1.42524 5.38345e-19)
(0.0864967 2.72585 -1.24516e-18)
(0.104313 3.22434 3.7582e-19)
(0.57911 0.552321 1.16241e-19)
(1.01012 0.97587 -2.22038e-19)
(1.1489 1.13103 5.27351e-20)
(1.14172 1.14943 0)
(1.0897 1.12818 5.81072e-19)
(1.02701 1.09966 9.7818e-21)
(0.955495 1.06778 -8.31841e-19)
(0.874417 1.0308 -9.89757e-20)
(0.781649 0.987678 -1.36386e-18)
(0.673866 0.935254 2.5506e-18)
(0.562714 0.875547 -2.47597e-18)
(0.464205 0.813887 -1.52421e-18)
(0.381205 0.746173 0)
(0.319355 0.676229 1.11848e-18)
(0.237941 0.568131 1.32306e-18)
(0.103645 0.570598 -7.70014e-19)
(0.102579 1.79184 0)
(0.151351 3.0387 -1.04618e-18)
(0.142839 3.3628 0)
(0.130827 3.43065 2.46162e-19)
(0.578703 0.571724 1.85738e-21)
(1.0056 0.997067 -5.03524e-21)
(1.13938 1.15407 -2.27629e-19)
(1.13147 1.17258 -4.70016e-19)
(1.07875 1.15116 5.87138e-19)
(1.01601 1.12285 -1.31925e-20)
(0.94435 1.09157 7.29826e-19)
(0.862892 1.05515 1.92535e-19)
(0.769312 1.01312 1.28711e-18)
(0.659773 0.962664 -2.273e-18)
(0.545237 0.905761 -2.32997e-18)
(0.441375 0.84793 1.69888e-18)
(0.348806 0.781574 2.33779e-19)
(0.284071 0.707491 0)
(0.196728 0.755915 1.31671e-21)
(0.136908 1.54473 0)
(0.190941 3.09756 9.01415e-19)
(0.191321 3.39371 1.47076e-18)
(0.173524 3.45102 -4.92652e-19)
(0.151359 3.46321 -9.03455e-19)
(0.972142 1.12975 0)
(0.895738 1.09584 -8.1678e-19)
(0.808304 1.05774 1.31538e-18)
(0.706536 1.0137 0)
(0.590831 0.962741 2.25943e-18)
(0.47576 0.909189 -1.47331e-18)
(0.371798 0.857355 0)
(0.170287 3.49452 0)
(0.552895 0.559326 -1.06669e-19)
(0.836962 0.866136 -1.79698e-19)
(1.09026 1.1497 1.8079e-19)
(1.12601 1.21395 4.40621e-19)
(1.08843 1.20699 -3.09067e-19)
(1.03031 1.18167 1.07033e-19)
(0.963374 1.15245 -8.83696e-19)
(0.887127 1.11964 -1.43491e-18)
(0.799555 1.08281 -7.83555e-20)
(0.697267 1.04094 -4.61148e-18)
(0.579834 0.993294 -4.93672e-18)
(0.461153 0.943903 1.45447e-18)
(0.351125 0.896987 -6.69467e-21)
(0.251728 0.865228 -8.04851e-19)
(0.210803 1.46991 0)
(0.280453 3.05043 6.99087e-19)
(0.306986 3.44595 1.25807e-20)
(0.277203 3.49905 -4.33571e-19)
(0.238953 3.51614 4.00021e-19)
(0.557908 0.579157 0)
(0.832078 0.882164 -1.18321e-19)
(1.08139 1.16925 -4.35879e-20)
(1.11566 1.23542 -4.74013e-20)
(1.07766 1.22871 0)
(1.01944 1.20339 -1.87909e-19)
(0.952671 1.17444 -8.17868e-19)
(0.876265 1.14223 -8.14119e-20)
(0.788529 1.10644 -1.31012e-18)
(0.685683 1.06649 4.55418e-18)
(0.566912 1.02238 0)
(0.445792 0.978386 1.40302e-18)
(0.331178 0.938223 -1.68401e-18)
(0.255799 1.03824 0)
(0.295782 2.27043 2.04666e-18)
(0.376062 3.36841 6.16079e-19)
(0.350947 3.51934 7.12446e-21)
(0.314652 3.55439 -1.01242e-18)
(0.269582 3.57576 -3.71367e-19)
(0.560363 0.599767 -7.09084e-20)
(0.825926 0.899347 0)
(1.07232 1.19141 -1.35173e-19)
(1.10563 1.25917 -4.01702e-19)
(1.06726 1.25267 -6.85745e-20)
(1.00907 1.22723 9.14529e-20)
(0.942323 1.19831 8.40525e-19)
(0.865995 1.1665 1.27265e-18)
(0.77834 1.13171 -7.0485e-20)
(0.675303 1.09372 2.22022e-18)
(0.555926 1.0535 2.32518e-18)
(0.433682 1.01563 -1.19317e-18)
(0.321862 0.991959 -1.65028e-18)
(0.294705 1.37687 2.42044e-19)
(0.392147 3.00017 1.05387e-18)
(0.448637 3.49133 -5.46404e-19)
(0.392103 3.55985 -4.92062e-19)
(0.352916 3.60808 -2.32967e-19)
(0.306318 3.66899 2.91729e-19)
(0.559086 0.618773 -2.11353e-20)
(0.817974 0.917709 7.86933e-20)
(1.06197 1.21512 5.14776e-20)
(1.09444 1.28407 2.66149e-19)
(1.05577 1.27745 -8.14663e-20)
(0.997774 1.25181 6.24601e-19)
(0.931335 1.22291 -1.56576e-19)
(0.855436 1.19153 -1.33887e-18)
(0.768172 1.15773 0)
(0.665375 1.12177 1.88693e-18)
(0.545937 1.08548 0)
(0.423466 1.05381 -1.28563e-18)
(0.322305 1.07009 0)
(0.358413 1.87553 1.59382e-18)
(0.481722 3.33439 -4.65467e-19)
(0.502815 3.55133 -9.09934e-19)
(0.450032 3.59866 4.32881e-19)
(0.401885 3.68253 3.59275e-19)
(0.368972 3.70555 -2.07783e-19)
(0.55495 0.636134 7.93555e-20)
(0.80874 0.936907 1.10364e-19)
(1.05022 1.24023 3.68525e-20)
(1.08194 1.31015 -6.46773e-20)
(1.04316 1.30313 4.6882e-19)
(0.985526 1.2771 -6.7064e-20)
(0.919634 1.24811 7.62725e-20)
(0.844394 1.21706 2.2391e-18)
(0.757789 1.18418 -9.29054e-19)
(0.655612 1.15022 -8.74345e-21)
(0.536723 1.11782 6.88093e-21)
(0.415362 1.09318 0)
(0.337963 1.19989 1.49322e-18)
(0.440458 2.44712 4.09614e-19)
(0.563434 3.47496 0)
(0.549292 3.58158 0)
(0.515652 3.6531 0)
(0.484782 3.68885 6.75863e-20)
(0.426476 3.55811 -5.91346e-21)
(0.549613 0.653221 5.28219e-20)
(0.798491 0.957045 2.25385e-20)
(1.03715 1.2666 -6.97225e-20)
(1.06826 1.33743 1.50362e-19)
(1.02963 1.32981 0)
(0.972612 1.30317 -6.97649e-20)
(0.907502 1.27388 -5.29212e-19)
(0.833157 1.24294 9.91641e-19)
(0.747518 1.21079 0)
(0.646373 1.17864 -3.64085e-18)
(0.528697 1.1499 1.92359e-18)
(0.410531 1.13438 -9.13285e-19)
(0.370853 1.39525 3.6761e-20)
(0.528277 2.94832 1.71738e-18)
(0.630238 3.53645 0)
(0.595813 3.60211 3.06669e-19)
(0.576182 3.66284 -1.92108e-19)
(0.542621 3.59139 0)
(0.516192 3.07395 0)
(0.0992857 0.909053 0)
(0.542637 0.669511 0)
(0.787001 0.977913 0)
(1.02274 1.29436 7.26798e-20)
(1.05323 1.36616 1.70172e-19)
(1.01493 1.35789 0)
(0.958732 1.33057 -6.15673e-20)
(0.894614 1.30088 0)
(0.821414 1.26998 1.07662e-18)
(0.737053 1.23857 9.67145e-21)
(0.637366 1.20829 -1.6514e-18)
(0.521614 1.18339 -1.76703e-18)
(0.409879 1.18337 1.0865e-18)
(0.420933 1.66418 1.2527e-18)
(0.611839 3.26763 0)
(0.684638 3.56923 8.91556e-19)
(0.642234 3.62628 4.19921e-19)
(0.624656 3.6188 -1.81487e-19)
(0.54335 3.23324 -1.1638e-19)
(0.245994 1.44379 -4.7298e-20)
(-0.0783444 -0.114893 7.1106e-20)
(0.53467 0.686062 -1.13797e-22)
(0.77431 0.999904 4.04846e-21)
(1.00678 1.32343 -1.34404e-20)
(1.03666 1.39637 2.22925e-19)
(0.998847 1.38743 1.78979e-19)
(0.943686 1.3594 1.07566e-19)
(0.880804 1.3293 1.34316e-20)
(0.80905 1.29846 -9.92358e-20)
(0.726337 1.26783 7.91508e-19)
(0.628608 1.23955 -8.84541e-20)
(0.515586 1.21881 -1.00154e-19)
(0.415465 1.24722 9.65041e-19)
(0.488498 2.00716 0)
(0.68952 3.43111 2.47216e-19)
(0.728902 3.59405 0)
(0.692693 3.61706 1.73706e-19)
(0.631319 3.44245 2.62346e-19)
(0.398001 2.23911 4.70008e-20)
(-0.0155521 0.0707682 -4.45102e-20)
(-0.10274 -0.164223 1.30659e-19)
(0.524843 0.701958 -4.74754e-21)
(0.759912 1.02271 -6.81626e-21)
(0.989059 1.35366 5.29265e-21)
(1.01838 1.42801 -1.57378e-19)
(0.981232 1.41836 0)
(0.927345 1.38958 3.51111e-19)
(0.865991 1.35904 -8.57387e-20)
(0.796022 1.32827 1.4857e-18)
(0.71539 1.29845 6.29366e-19)
(0.620188 1.27226 7.87589e-20)
(0.51088 1.25621 0)
(0.430087 1.33436 -1.06228e-18)
(0.571595 2.40312 2.29147e-19)
(0.760021 3.51601 2.1455e-19)
(0.765171 3.6065 0)
(0.726973 3.5609 0)
(0.57106 2.95091 5.26134e-21)
(0.103511 0.525279 4.23368e-20)
(-0.10324 -0.160043 -2.49831e-19)
(-0.0850751 -0.133545 -2.34035e-19)
(0.513227 0.717258 1.86449e-20)
(0.743406 1.04549 -3.00607e-20)
(0.969318 1.38496 7.27571e-21)
(0.998212 1.46098 -1.80798e-19)
(0.961941 1.45059 7.09858e-20)
(0.909597 1.42099 2.97723e-19)
(0.850095 1.38998 -3.25898e-19)
(0.782298 1.35925 -6.28288e-20)
(0.704234 1.33026 4.81791e-19)
(0.612222 1.3062 6.95628e-20)
(0.507862 1.29566 1.49301e-19)
(0.456157 1.45431 5.62726e-19)
(0.664577 2.80782 8.04976e-19)
(0.820884 3.56123 -1.6835e-19)
(0.803416 3.59962 -1.61483e-19)
(0.730437 3.38675 2.22983e-19)
(0.393057 1.9381 -9.17385e-20)
(-0.0624465 -0.0566094 -4.23766e-20)
(-0.11144 -0.188584 -9.72463e-20)
(-0.0706197 -0.111613 1.17699e-19)
(0.499102 0.731403 2.6266e-20)
(0.724374 1.06799 2.28667e-20)
(0.947101 1.41727 1.44159e-20)
(0.975903 1.49516 0)
(0.940811 1.48397 -3.25146e-20)
(0.890323 1.4535 0)
(0.833035 1.42194 -6.26099e-20)
(0.767853 1.39122 -5.0165e-19)
(0.692909 1.36305 -4.15997e-19)
(0.604823 1.3411 9.38569e-21)
(0.507031 1.3374 -3.91007e-20)
(0.495026 1.61162 -6.46851e-19)
(0.7565 3.1362 1.6814e-19)
(0.869432 3.58071 2.45906e-19)
(0.83338 3.56155 1.78994e-19)
(0.677014 3.01291 -1.69498e-20)
(0.118961 0.50532 -2.76617e-21)
(-0.103809 -0.169707 -2.11212e-19)
(-0.106933 -0.181839 3.84615e-19)
(-0.0575696 -0.0923342 0)
(0.48221 0.743599 7.37789e-20)
(0.702155 1.08947 -4.94029e-20)
(0.921919 1.4497 -5.8337e-20)
(0.951178 1.53029 0)
(0.917636 1.5183 -3.03752e-20)
(0.869375 1.48686 1.89557e-19)
(0.81471 1.45469 -2.35851e-19)
(0.752638 1.42394 5.64882e-20)
(0.681444 1.39649 -3.41539e-19)
(0.598099 1.37661 -8.9889e-19)
(0.508932 1.38236 2.30348e-19)
(0.546791 1.80253 1.32798e-19)
(0.835594 3.34071 -3.7631e-20)
(0.911883 3.58117 9.49977e-20)
(0.845617 3.46151 -1.16543e-19)
(0.54032 2.35275 -9.50623e-21)
(-0.0178815 0.00421257 3.16377e-20)
(-0.124349 -0.223075 -1.17596e-19)
(-0.0980976 -0.187354 -2.31312e-20)
(-0.0469287 -0.0830827 0)
(0.461957 0.75272 1.68833e-19)
(0.676112 1.10873 -8.20936e-21)
(0.893328 1.48177 2.79574e-20)
(0.923723 1.56609 0)
(0.892189 1.55325 -5.30042e-20)
(0.846575 1.52077 7.51595e-20)
(0.795002 1.4879 -4.26543e-20)
(0.736594 1.45703 5.16211e-19)
(0.669842 1.43022 -7.71777e-20)
(0.592109 1.41223 0)
(0.51397 1.43141 -7.67206e-19)
(0.608282 2.01686 -1.142e-19)
(0.904973 3.45571 -1.09748e-19)
(0.949196 3.57426 3.16124e-19)
(0.830493 3.26897 -9.83355e-20)
(0.327775 1.37142 0)
(-0.143949 -0.142745 -1.01894e-19)
(-0.134862 -0.264033 -6.91104e-20)
(-0.0765323 -0.183804 1.73472e-19)
(-0.0207845 -0.0513973 2.05628e-19)
(0.437595 0.757942 1.87431e-19)
(0.645815 1.12445 -7.46202e-21)
(0.860464 1.51285 -4.79427e-20)
(0.893237 1.60168 -1.0735e-20)
(0.864216 1.5884 1.90436e-20)
(0.821725 1.55481 -4.61011e-20)
(0.773758 1.52113 -8.42229e-20)
(0.719631 1.49004 -9.14386e-20)
(0.658063 1.46373 9.03022e-20)
(0.586829 1.44741 8.28552e-20)
(0.522537 1.48459 1.65809e-19)
(0.676603 2.23507 3.90772e-19)
(0.965642 3.51543 -3.43497e-20)
(0.979209 3.5539 0)
(0.784004 2.9712 8.22106e-20)
(0.113234 0.405921 -3.18515e-20)
(-0.0862003 -0.313711 2.02807e-19)
(-0.0437619 -0.329623 0)
(0.0266101 -0.152398 -1.49816e-19)
(0.0501852 0.0303375 0)
(0.408516 0.757835 4.95895e-20)
(0.610561 1.13463 4.04884e-20)
(0.822951 1.54149 -9.67378e-20)
(0.859319 1.63647 -4.30738e-20)
(0.833443 1.62315 -2.88535e-21)
(0.794609 1.58842 -4.22715e-20)
(0.75081 1.55385 0)
(0.701607 1.52238 -1.56771e-19)
(0.646027 1.49638 6.76096e-20)
(0.582261 1.48157 1.92779e-19)
(0.534463 1.54011 0)
(0.751522 2.46057 -1.6091e-19)
(1.01962 3.5415 2.27033e-19)
(0.99956 3.51302 2.0561e-19)
(0.699683 2.57511 1.07861e-20)
(-0.0669493 -0.0433225 4.22696e-23)
(-0.163637 -0.476765 5.17556e-20)
(-0.0541481 -0.401696 4.97636e-20)
(0.116729 -0.0229052 6.22008e-21)
(0.149009 0.22016 -8.41486e-20)
(0.374652 0.750311 -5.28467e-20)
(0.569315 1.13726 4.31793e-20)
(0.780343 1.56555 1.30718e-19)
(0.821562 1.6695 6.82924e-20)
(0.799654 1.65683 2.49737e-20)
(0.765015 1.62092 -1.67011e-20)
(0.725946 1.58539 -1.50332e-19)
(0.682331 1.55335 -2.27995e-19)
(0.633586 1.52731 4.76408e-20)
(0.578372 1.5139 2.13362e-19)
(0.548436 1.595 2.23667e-19)
(0.823683 2.65618 2.36967e-19)
(1.06968 3.54885 -2.08824e-19)
(1.01997 3.44562 9.6512e-21)
(0.5691 2.1585 -3.28007e-20)
(-0.237803 -0.246761 -5.45749e-20)
(-0.242074 -0.669926 4.07753e-20)
(-0.0697097 -0.428566 -3.25329e-20)
(0.151343 0.12822 4.50629e-20)
(0.210318 0.400883 -3.20979e-21)
(0.335644 0.732638 0)
(0.521131 1.12938 1.73923e-19)
(0.732038 1.58318 -1.12185e-19)
(0.779746 1.69931 7.64352e-20)
(0.762708 1.68864 -1.2393e-20)
(0.732677 1.65156 -4.61036e-21)
(0.698918 1.61493 1.20931e-20)
(0.66152 1.58217 -4.06521e-20)
(0.620434 1.55558 -4.54383e-20)
(0.575027 1.54288 -5.0793e-20)
(0.562402 1.64559 7.23352e-21)
(0.888541 2.79768 1.01021e-19)
(1.11555 3.55062 7.84694e-20)
(1.05271 3.36009 -3.16337e-20)
(0.608816 1.81013 3.52917e-21)
(-0.0471205 -0.663124 4.74747e-20)
(-0.112022 -0.830778 -1.14705e-19)
(0.0343054 -0.323442 2.72127e-19)
(0.194971 0.380682 -2.42936e-20)
(0.201524 0.490589 -2.69162e-20)
(0.291289 0.701204 -5.44249e-20)
(0.465209 1.10654 0)
(0.677361 1.59126 -6.28387e-20)
(0.733442 1.72455 -3.63905e-20)
(0.72244 1.71746 -2.05309e-20)
(0.697385 1.67936 1.15355e-20)
(0.669425 1.64163 5.3755e-20)
(0.638823 1.60792 7.54363e-20)
(0.606095 1.58021 2.41397e-19)
(0.571843 1.56674 7.29989e-20)
(0.57445 1.68509 -7.05106e-20)
(0.945494 2.87233 1.52837e-19)
(1.15801 3.55649 -1.06822e-20)
(1.06381 3.27735 0)
(0.532782 1.54949 7.7101e-20)
(-0.240691 -0.744248 -4.83506e-20)
(-0.271037 -0.586046 4.97246e-20)
(0.0452286 0.143417 0)
(0.149898 0.53306 -3.20586e-20)
(0.141071 0.415297 -5.34419e-19)
(0.241673 0.652324 2.0982e-19)
(0.403012 1.06292 5.1228e-23)
(0.616149 1.5857 1.12594e-19)
(0.682068 1.74325 -2.73055e-20)
(0.67862 1.7421 0)
(0.658944 1.70334 2.35951e-22)
(0.637087 1.66452 -2.28556e-20)
(0.613727 1.62945 -1.1672e-19)
(0.589948 1.6001 5.89946e-20)
(0.567907 1.58442 -1.31012e-19)
(0.5846 1.70311 1.13991e-19)
(0.995551 2.87214 6.24633e-20)
(1.19671 3.57254 1.15303e-20)
(1.00306 3.29421 2.87724e-20)
(0.244838 1.32706 -2.59835e-19)
(-0.791 0.00533452 -1.26169e-19)
(-1.06627 -0.518049 1.12184e-19)
(-0.68553 -0.300884 -2.01e-19)
(0.025424 0.38314 -3.51902e-20)
(0.177007 0.414885 5.60916e-19)
(0.188366 0.580819 0)
(0.335815 0.991952 0)
(0.550295 1.56114 0)
(0.625077 1.7523 6.14109e-20)
(0.631056 1.76103 2.48976e-20)
(0.617175 1.72259 3.50046e-21)
(0.601407 1.68277 1.33624e-20)
(0.585424 1.64575 -6.81724e-20)
(0.57097 1.61375 -1.18129e-19)
(0.5624 1.59422 0)
(0.594737 1.6963 1.03638e-19)
(1.02921 2.81462 -9.34269e-20)
(1.30018 3.60251 0)
(1.12661 3.47572 0)
(0.399681 1.78029 -1.37129e-19)
(-0.490163 0.652431 5.36213e-19)
(-1.11463 -0.542804 0)
(-1.34692 -1.22928 -1.72247e-18)
(-1.10781 -1.41476 1.48132e-18)
(-0.281223 -0.384333 -1.29179e-18)
(0.135331 0.482128 0)
(0.265438 0.887468 -1.90697e-20)
(0.47858 1.50975 -1.20696e-19)
(0.564346 1.74819 -8.36013e-20)
(0.579715 1.77228 -3.51689e-20)
(0.57185 1.73647 -1.25008e-20)
(0.561787 1.6956 0)
(0.552615 1.65635 0)
(0.547285 1.61967 5.48646e-20)
(0.552579 1.59205 5.12636e-20)
(0.599831 1.66137 9.74536e-20)
(1.04075 2.62622 0)
(1.49219 3.56399 5.72497e-20)
(1.56532 3.57669 2.60608e-19)
(1.15488 2.44326 -1.43691e-18)
(0.48037 1.15147 -9.85346e-19)
(-0.0204742 -0.232716 -1.33126e-18)
(-0.429869 -1.09707 2.46665e-18)
(-0.719185 -2.04699 2.54508e-18)
(-0.659272 -2.08926 -6.48031e-20)
(0.0866 0.365835 -1.43286e-19)
(0.1899 0.735681 1.15345e-19)
(0.401347 1.42161 7.93877e-20)
(0.500636 1.72629 0)
(0.525162 1.77525 1.95281e-20)
(0.52271 1.74484 -3.0831e-21)
(0.517301 1.70298 -7.50766e-21)
(0.513889 1.6607 -3.58387e-21)
(0.515673 1.61805 1.00026e-19)
(0.531806 1.57624 0)
(0.589891 1.60266 5.38196e-20)
(0.97047 2.22588 -1.31571e-20)
(1.59507 3.34583 -3.70896e-21)
(1.83068 3.37062 3.34268e-20)
(1.80408 2.88654 1.56402e-19)
(1.31012 1.63186 -1.57801e-19)
(0.804857 0.342992 -2.60846e-20)
(0.300375 -0.74793 4.17291e-19)
(-0.0966221 -1.58229 3.6188e-19)
(-0.37137 -2.07425 3.09758e-19)
(0.0467698 0.242151 -5.48409e-20)
(0.118958 0.547051 5.69184e-20)
(0.319358 1.28338 8.98363e-21)
(0.432671 1.67901 0)
(0.467132 1.76924 0)
(0.469501 1.74929 -3.87163e-21)
(0.46688 1.70563 6.91144e-21)
(0.467312 1.65947 0)
(0.473436 1.60936 2.79073e-20)
(0.490453 1.55439 -5.23623e-20)
(0.555358 1.5196 0)
(0.782402 1.78545 7.42714e-20)
(1.44644 2.93178 0)
(1.71811 3.13856 7.25351e-20)
(1.74886 2.85187 -2.4627e-19)
(1.56597 2.12274 1.09454e-20)
(1.15293 1.14836 1.05067e-19)
(0.69917 0.168449 0)
(0.280009 -0.680716 -1.19182e-18)
(-0.056487 -1.17104 1.32703e-18)
(0.0196425 0.124725 2.72557e-21)
(0.0616177 0.342085 -3.6462e-20)
(0.225733 1.05972 -6.77849e-21)
(0.360283 1.59315 0)
(0.403825 1.74966 3.52197e-21)
(0.410501 1.74887 -3.34778e-21)
(0.409999 1.70488 -5.2732e-21)
(0.410661 1.65568 -9.98292e-21)
(0.41721 1.59691 -2.49565e-20)
(0.429617 1.52751 0)
(0.472552 1.44334 1.45076e-19)
(0.548774 1.51113 6.3333e-21)
(1.02912 2.35763 5.18434e-20)
(1.36098 2.92417 0)
(1.37047 2.846 4.73805e-19)
(1.27213 2.50394 5.25558e-20)
(1.01772 1.90235 1.12854e-18)
(0.688032 1.20668 3.03569e-18)
(0.371747 0.552519 -1.99494e-18)
(0.109733 0.0559778 3.51325e-20)
(0.00635552 0.0291464 3.54501e-34)
(0.0255094 0.153595 -1.52886e-21)
(0.129176 0.749406 -9.80199e-21)
(0.270899 1.42471 -1.56002e-21)
(0.3327 1.70614 0)
(0.34513 1.73904 -3.21674e-21)
(0.345175 1.70394 -2.06468e-21)
(0.345354 1.6505 5.74635e-22)
(0.346005 1.58852 0)
(0.355565 1.50806 -9.07573e-34)
(0.356761 1.41468 1.80722e-20)
(0.386852 1.41511 0)
(0.475573 1.77028 8.02021e-20)
(0.875967 2.7297 -2.88764e-21)
(0.888817 2.93592 0)
(0.814455 2.87328 0)
(0.675704 2.58946 0)
(0.478393 2.15673 2.21008e-20)
(0.276824 1.6869 2.71302e-20)
(0.101486 1.22245 4.80503e-19)
(-0.000170926 -0.0282438 0)
(0.0107607 0.0288039 0)
(0.0601752 0.434752 0)
(0.174414 1.17627 0)
(0.252209 1.62728 0)
(0.272307 1.72409 0)
(0.275408 1.70415 0)
(0.276087 1.64748 0)
(0.278389 1.58445 0)
(0.284917 1.50797 0)
(0.274898 1.41506 0)
(0.273294 1.40258 0)
(0.281443 1.58031 0)
(0.500426 2.5077 0)
(0.582334 2.98518 0)
(0.519989 3.06302 0)
(0.435303 2.96377 0)
(0.303569 2.65987 0)
(0.1647 2.27842 0)
(0.0377161 1.77211 0)
(0.000426946 -0.0377225 0)
(0.0140305 -0.0459004 0)
(0.0408613 0.254775 0)
(0.10295 0.950339 0)
(0.172413 1.53202 0)
(0.194782 1.70299 0)
(0.201906 1.69944 0)
(0.206721 1.64328 0)
(0.214505 1.58077 0)
(0.219608 1.51037 0)
(0.210349 1.42614 0)
(0.196657 1.41034 0)
(0.195756 1.53502 0)
(0.278159 2.3161 0)
(0.361139 3.01648 0)
(0.327049 3.20583 0)
(0.264461 3.19406 0)
(0.171572 2.97266 0)
(0.0785618 2.63945 0)
(0.00294996 2.04111 0)
(0.00240163 -0.0712788 0)
(0.0200001 -0.1233 0)
(0.0320489 0.187878 0)
(0.0465842 0.827326 0)
(0.0883001 1.45438 0)
(0.111706 1.67589 0)
(0.12619 1.68474 0)
(0.139444 1.63283 0)
(0.153415 1.57395 0)
(0.161403 1.51067 0)
(0.157136 1.43674 0)
(0.143712 1.4239 0)
(0.142881 1.5342 0)
(0.156877 2.18166 0)
(0.213711 3.01744 0)
(0.185575 3.29565 0)
(0.136249 3.33788 0)
(0.0760393 3.1727 0)
(0.0176223 2.8643 0)
(-0.0195731 2.11392 0)
(0.00245296 -0.116097 0)
(0.00752001 -0.157901 0)
(-0.00397314 0.201182 0)
(-0.0183992 0.810153 0)
(-0.00463982 1.4051 0)
(0.0242163 1.63845 0)
(0.0515176 1.65731 0)
(0.0763517 1.61269 0)
(0.0979441 1.56118 0)
(0.111047 1.50723 0)
(0.113134 1.44381 0)
(0.103756 1.4331 0)
(0.102987 1.54163 0)
(0.0929684 2.11532 0)
(0.114971 3.01865 0)
(0.090509 3.35504 0)
(0.0528161 3.43141 0)
(0.0150876 3.29591 0)
(-0.0191794 2.98829 0)
(-0.0243772 2.06791 0)
(-0.000313247 -0.122895 0)
(-0.0189504 -0.0971428 0)
(-0.054546 0.28185 0)
(-0.0836275 0.844496 0)
(-0.0797753 1.36523 0)
(-0.0484286 1.57952 0)
(-0.0102932 1.61174 0)
(0.0243221 1.58086 0)
(0.0518182 1.54142 0)
(0.0697452 1.49843 0)
(0.0747555 1.44728 0)
(0.071047 1.43797 0)
(0.0742369 1.54943 0)
(0.0555749 2.10973 0)
(0.0482974 3.0385 0)
(0.0275626 3.40477 0)
(-0.000563926 3.49701 0)
(-0.0232928 3.36816 0)
(-0.0400005 3.03884 0)
(-0.0242952 1.93976 0)
(-0.00282723 -0.0776376 0)
(-0.0330863 0.0330129 0)
(-0.0792654 0.397099 0)
(-0.11354 0.889414 0)
(-0.11328 1.32278 0)
(-0.0833545 1.51044 0)
(-0.0457304 1.55578 0)
(-0.0101205 1.5416 0)
(0.0185187 1.5173 0)
(0.0367419 1.48781 0)
(0.045138 1.44847 0)
(0.0457538 1.43867 0)
(0.0500388 1.55407 0)
(0.0287242 2.13934 0)
(-8.27986e-05 3.07119 0)
(-0.0186817 3.44641 0)
(-0.0364601 3.53993 0)
(-0.0484424 3.40412 0)
(-0.0511035 3.02931 0)
(-0.0214562 1.78434 0)
(-0.00294584 -0.0141184 0)
(-0.0313112 0.176971 0)
(-0.0738219 0.515341 0)
(-0.104499 0.933652 0)
(-0.106681 1.29236 0)
(-0.0843517 1.45549 0)
(-0.0551226 1.50619 0)
(-0.0261415 1.50533 0)
(-0.0017691 1.49504 0)
(0.0147459 1.47658 0)
(0.0214889 1.44835 0)
(0.0204425 1.4371 0)
(0.0252409 1.55231 0)
(0.00254456 2.19071 0)
(-0.0361304 3.11192 0)
(-0.0539214 3.4783 0)
(-0.0632303 3.56188 0)
(-0.0654632 3.41096 0)
(-0.0568425 2.97972 0)
(-0.0187136 1.62346 0)
(-0.00203157 0.0378541 0)
(-0.0225066 0.295703 0)
(-0.0552063 0.616541 0)
(-0.0798391 0.972487 0)
(-0.0826569 1.27403 0)
(-0.06921 1.41945 0)
(-0.0501691 1.47034 0)
(-0.0287791 1.47784 0)
(-0.0112128 1.47679 0)
(-0.00139524 1.46827 0)
(0.000180905 1.45175 0)
(-0.00674672 1.43729 0)
(-0.00596079 1.55621 0)
(-0.0329095 2.25048 0)
(-0.067668 3.14462 0)
(-0.078664 3.49342 0)
(-0.0798233 3.56278 0)
(-0.0744261 3.39313 0)
(-0.0573056 2.89674 0)
(-0.0157567 1.47022 0)
(-0.00122181 0.0718839 0)
(-0.0148368 0.380482 0)
(-0.0384481 0.695098 0)
(-0.0581595 1.00333 0)
(-0.0598607 1.26459 0)
(-0.0511956 1.39831 0)
(-0.0387138 1.44682 0)
(-0.0243057 1.45953 0)
(-0.0117767 1.46416 0)
(-0.00547896 1.46517 0)
(-0.0111644 1.45891 0)
(-0.0288057 1.44503 0)
(-0.0431478 1.56924 0)
(-0.0710664 2.29947 0)
(-0.0953003 3.16765 0)
(-0.0945533 3.49691 0)
(-0.0877649 3.55009 0)
(-0.0755302 3.35863 0)
(-0.0534786 2.79673 0)
(-0.0129715 1.33404 0)
(-0.000811243 0.0936918 0)
(-0.0101337 0.439193 0)
(-0.027144 0.754878 0)
(-0.0436596 1.02907 0)
(-0.0450364 1.2545 0)
(-0.0357159 1.38223 0)
(-0.0243768 1.43018 0)
(-0.0143767 1.44536 0)
(-0.00654369 1.45712 0)
(-0.00364836 1.46529 0)
(-0.0114626 1.47093 0)
(-0.0443701 1.47046 0)
(-0.0738624 1.59494 0)
(-0.0970789 2.32177 0)
(-0.103783 3.17071 0)
(-0.0986922 3.4856 0)
(-0.0889178 3.52565 0)
(-0.0744045 3.31228 0)
(-0.0506807 2.68858 0)
(-0.0115462 1.21251 0)
(-0.000655983 0.109205 0)
(-0.00727851 0.48031 0)
(-0.0192318 0.800474 0)
(-0.0330966 1.05444 0)
(-0.0366786 1.2441 0)
(-0.0265679 1.36294 0)
(-0.0127947 1.41395 0)
(-0.00190762 1.43342 0)
(0.00509156 1.45207 0)
(0.00612773 1.46862 0)
(-0.0100102 1.48974 0)
(-0.0510467 1.50705 0)
(-0.0835126 1.62172 0)
(-0.102118 2.3206 0)
(-0.100528 3.16929 0)
(-0.0937317 3.47039 0)
(-0.0852993 3.49865 0)
(-0.0728324 3.26594 0)
(-0.0486457 2.57952 0)
(-0.00970181 1.10052 0)
(-0.000586383 0.12132 0)
(-0.00503369 0.507685 0)
(-0.0122597 0.832484 0)
(-0.0219585 1.07875 0)
(-0.0268637 1.23911 0)
(-0.0185596 1.34096 0)
(-0.00239385 1.39372 0)
(0.0135323 1.42079 0)
(0.0242004 1.44426 0)
(0.0208577 1.47699 0)
(-8.74215e-05 1.51239 0)
(-0.0436955 1.54397 0)
(-0.0724488 1.6419 0)
(-0.0900824 2.31756 0)
(-0.0863688 3.16813 0)
(-0.0861866 3.46446 0)
(-0.0840751 3.4822 0)
(-0.0748473 3.2281 0)
(-0.0518916 2.46595 0)
(-0.00824583 0.993133 0)
(-0.000512047 0.13071 0)
(-0.00284406 0.522251 0)
(-0.00542068 0.849155 0)
(-0.0091007 1.09441 0)
(-0.0105864 1.23673 0)
(-0.00205164 1.31857 0)
(0.0171011 1.36726 0)
(0.0400227 1.40068 0)
(0.0587407 1.43274 0)
(0.0587871 1.48642 0)
(0.0372932 1.54005 0)
(-0.0126248 1.58206 0)
(-0.0443394 1.6529 0)
(-0.0602667 2.33317 0)
(-0.0718778 3.18084 0)
(-0.0859542 3.4709 0)
(-0.0909688 3.47785 0)
(-0.0885592 3.19101 0)
(-0.0603125 2.32293 0)
(-0.00932086 0.883338 0)
(-0.000431502 0.137215 0)
(-0.000758615 0.524852 0)
(0.00101035 0.850232 0)
(0.00364039 1.09417 0)
(0.00966895 1.22582 0)
(0.0242703 1.29095 0)
(0.0494622 1.33206 0)
(0.0807356 1.36922 0)
(0.109226 1.41505 0)
(0.12508 1.48988 0)
(0.105123 1.57443 0)
(0.0413861 1.63094 0)
(-0.0166888 1.6687 0)
(-0.0445974 2.37944 0)
(-0.0744308 3.21537 0)
(-0.0994656 3.49577 0)
(-0.108892 3.48559 0)
(-0.104178 3.14999 0)
(-0.0603375 2.14648 0)
(-0.00792077 0.77552 0)
(-0.000328596 0.140727 0)
(0.00168006 0.515441 0)
(0.00724631 0.83741 0)
(0.0154218 1.07626 0)
(0.0301966 1.19722 0)
(0.0549042 1.24969 0)
(0.0900719 1.28444 0)
(0.13259 1.32451 0)
(0.175914 1.38469 0)
(0.210613 1.48514 0)
(0.19567 1.61472 0)
(0.111583 1.70277 0)
(0.00726739 1.72597 0)
(-0.0575234 2.44828 0)
(-0.103528 3.26433 0)
(-0.128507 3.5238 0)
(-0.132652 3.49204 0)
(-0.114168 3.07872 0)
(-0.0559012 1.93969 0)
(-0.00665802 0.678976 0)
(-0.000127041 0.140314 0)
(0.00429375 0.494899 0)
(0.0133189 0.812781 0)
(0.0266758 1.0416 0)
(0.0501456 1.14798 0)
(0.0862758 1.18968 0)
(0.134294 1.21991 0)
(0.192842 1.26206 0)
(0.260761 1.33175 0)
(0.312907 1.46779 0)
(0.308124 1.65959 0)
(0.187275 1.81284 0)
(0.0215925 1.84759 0)
(-0.089353 2.53831 0)
(-0.145554 3.32134 0)
(-0.164492 3.53642 0)
(-0.156365 3.4682 0)
(-0.123765 2.93514 0)
(-0.0469212 1.72258 0)
(-0.00321953 0.608528 0)
(0.000236732 0.134326 0)
(0.00736419 0.463055 0)
(0.019574 0.77721 0)
(0.0377641 0.991041 0)
(0.0694226 1.07847 0)
(0.116564 1.10916 0)
(0.178718 1.13341 0)
(0.257475 1.17325 0)
(0.353598 1.25209 0)
(0.43407 1.42994 0)
(0.41834 1.72867 0)
(0.244695 1.96932 0)
(0.0313574 2.03105 0)
(-0.126617 2.65673 0)
(-0.193392 3.38335 0)
(-0.206908 3.53449 0)
(-0.187314 3.40218 0)
(-0.12388 2.73083 0)
(-0.0303589 1.49794 0)
(0.000593903 0.568585 0)
(0.000760926 0.120888 0)
(0.0104897 0.42103 0)
(0.025027 0.732433 0)
(0.0471873 0.926111 0)
(0.0855042 0.991284 0)
(0.141524 1.00913 0)
(0.216679 1.02316 0)
(0.315103 1.05315 0)
(0.432654 1.14536 0)
(0.535311 1.38654 0)
(0.488189 1.83378 0)
(0.268443 2.16731 0)
(0.0216904 2.25586 0)
(-0.169738 2.80328 0)
(-0.254465 3.44466 0)
(-0.260625 3.51588 0)
(-0.225402 3.28294 0)
(-0.135341 2.47551 0)
(-0.00943686 1.28981 0)
(0.00625253 0.568193 0)
(0.00136788 0.098951 0)
(0.0127852 0.372846 0)
(0.0278183 0.682468 0)
(0.0517777 0.851343 0)
(0.0930999 0.893035 0)
(0.152978 0.895991 0)
(0.235313 0.894444 0)
(0.345477 0.909733 0)
(0.474419 1.01647 0)
(0.562981 1.36713 0)
(0.49796 1.96331 0)
(0.243281 2.39512 0)
(-0.0232716 2.50587 0)
(-0.241163 2.99283 0)
(-0.336791 3.4994 0)
(-0.345535 3.4986 0)
(-0.28138 3.10068 0)
(-0.1279 2.00737 0)
(-0.0233546 1.12677 0)
(0.00238285 0.567053 0)
(0.00186737 0.0698823 0)
(0.0130925 0.326176 0)
(0.0257956 0.634784 0)
(0.0476112 0.776401 0)
(0.0856881 0.795995 0)
(0.141003 0.782732 0)
(0.218812 0.761674 0)
(0.323998 0.762606 0)
(0.441687 0.893989 0)
(0.501224 1.36314 0)
(0.400234 2.12111 0)
(0.138172 2.63817 0)
(-0.112054 2.75963 0)
(-0.346704 3.23542 0)
(-0.442572 3.55728 0)
(-0.44315 3.45275 0)
(-0.341559 2.78324 0)
(-0.113253 1.62016 0)
(-0.0435631 0.972959 0)
(-0.00596594 0.508165 0)
(0.00201732 0.0383792 0)
(0.0105152 0.291483 0)
(0.0175211 0.600186 0)
(0.0321049 0.715792 0)
(0.058895 0.717741 0)
(0.0990988 0.689518 0)
(0.156869 0.649408 0)
(0.233599 0.641443 0)
(0.304245 0.815336 0)
(0.299102 1.39685 0)
(0.187231 2.27806 0)
(-0.0418703 2.86378 0)
(-0.264092 2.99799 0)
(-0.489152 3.4859 0)
(-0.5602 3.61415 0)
(-0.528145 3.3175 0)
(-0.26149 2.1316 0)
(-0.117203 1.36034 0)
(-0.0524246 0.812048 0)
(-0.0110683 0.405354 0)
(0.00164775 0.0118372 0)
(0.00493271 0.279474 0)
(0.00333418 0.590895 0)
(0.0061011 0.685671 0)
(0.0143244 0.675818 0)
(0.0294164 0.637986 0)
(0.0528207 0.585486 0)
(0.0799668 0.577495 0)
(0.0833792 0.803072 0)
(0.0168226 1.45735 0)
(-0.0868652 2.4148 0)
(-0.257699 3.04103 0)
(-0.428181 3.20529 0)
(-0.623296 3.65917 0)
(-0.691176 3.65444 0)
(-0.517904 2.89639 0)
(-0.202028 1.69047 0)
(-0.103233 1.15649 0)
(-0.0518036 0.668203 0)
(-0.0130686 0.290357 0)
(0.000829699 -0.00207097 0)
(-0.00271323 0.297913 0)
(-0.0148623 0.617532 0)
(-0.0267865 0.699276 0)
(-0.0404839 0.683651 0)
(-0.0563687 0.644261 0)
(-0.074623 0.589643 0)
(-0.105328 0.588845 0)
(-0.173038 0.852185 0)
(-0.285683 1.53972 0)
(-0.365661 2.51773 0)
(-0.466682 3.14584 0)
(-0.570364 3.37984 0)
(-0.73653 3.77185 0)
(-0.754709 3.52984 0)
(-0.398107 2.13225 0)
(-0.219851 1.41418 0)
(-0.114421 0.974059 0)
(-0.0596346 0.531162 0)
(-0.0185348 0.162224 0)
(-0.000229474 0.00181773 0)
(-0.0102137 0.348064 0)
(-0.0324699 0.683167 0)
(-0.0616106 0.763858 0)
(-0.0981922 0.747321 0)
(-0.144079 0.712192 0)
(-0.204938 0.666374 0)
(-0.289575 0.674104 0)
(-0.409494 0.951049 0)
(-0.53822 1.63364 0)
(-0.605297 2.56724 0)
(-0.611652 3.17307 0)
(-0.655549 3.55181 0)
(-0.714567 3.80983 0)
(-0.690701 3.25099 0)
(-0.357827 1.62839 0)
(-0.229616 1.11377 0)
(-0.12635 0.780282 0)
(-0.0664578 0.387947 0)
(-0.024315 0.0122782 0)
(-0.00114452 0.0227692 0)
(-0.0152314 0.424872 0)
(-0.0456259 0.782248 0)
(-0.0897469 0.872592 0)
(-0.146817 0.861386 0)
(-0.220247 0.835607 0)
(-0.318265 0.803935 0)
(-0.44753 0.818725 0)
(-0.592349 1.0785 0)
(-0.697651 1.72027 0)
(-0.731772 2.55294 0)
(-0.651589 3.12449 0)
(-0.628987 3.61563 0)
(-0.590728 3.76855 0)
(-0.465648 2.95175 0)
(-0.247716 1.35077 0)
(-0.152425 0.838494 0)
(-0.0836425 0.606072 0)
(-0.0460935 0.275277 0)
(-0.0202614 -0.124437 0)
(-0.0066778 0.217744 0)
(-0.0314733 0.667646 0)
(-0.0736375 0.889995 0)
(-0.134704 0.914431 0)
(-0.212455 0.897507 0)
(-0.314848 0.870486 0)
(-0.451021 0.850764 0)
(-0.613073 0.945195 0)
(-0.722894 1.39093 0)
(-0.759337 2.15007 0)
(-0.680424 2.87987 0)
(-0.594494 3.32356 0)
(-0.544143 3.73503 0)
(-0.39406 3.52205 0)
(-0.160531 2.00293 0)
(-0.0824843 0.933516 0)
(-0.0283003 0.630669 0)
(-0.0125659 0.42928 0)
(-0.0124131 0.0215762 0)
(0.00216303 -0.148166 0)
(-0.145801 1.50622 0)
(0.0746427 3.32813 -1.34816e-21)
(0.126968 3.61667 -6.67856e-20)
(0.12911 3.57078 0)
(0.125088 3.5145 -5.43756e-19)
(0.116828 3.47226 0)
(0.10745 3.44808 -6.63761e-19)
(0.0964779 3.42688 -8.08494e-21)
(0.0811303 3.29569 -1.24961e-18)
(0.0432801 2.1405 -6.94157e-19)
(-0.0533451 1.13281 -3.40847e-19)
(0.0451389 3.13187 4.18797e-19)
(0.072647 3.53767 -4.77207e-19)
(0.0782292 3.52311 -5.25827e-19)
(0.0787658 3.48042 -6.42e-19)
(0.0765043 3.449 -2.04116e-20)
(0.0722608 3.43233 2.25166e-20)
(0.0670866 3.42276 0)
(0.0588969 3.32973 -1.20823e-20)
(0.0369567 2.2574 -8.04913e-19)
(-0.0274338 0.999768 3.52043e-21)
(0.0259311 3.05722 -1.1555e-20)
(0.0393267 3.49152 1.73622e-20)
(0.0449064 3.48664 0)
(0.0478694 3.45238 -6.45911e-19)
(0.0491614 3.42873 6.88781e-19)
(0.0495849 3.41798 -7.45277e-19)
(0.0509667 3.41531 -7.54531e-19)
(0.0497444 3.34195 -7.89294e-19)
(0.0347365 2.3285 6.41844e-21)
(-0.0170308 0.925371 5.06277e-19)
(0.0099166 3.02581 -1.323e-20)
(0.0164662 3.45875 -3.02649e-19)
(0.0221349 3.45698 -3.36458e-19)
(0.0271939 3.42804 -2.17141e-20)
(0.0315673 3.40962 -3.96642e-19)
(0.0359451 3.40258 3.89469e-19)
(0.0415384 3.40362 0)
(0.0440499 3.34677 3.93346e-19)
(0.034149 2.39509 0)
(-0.0121305 0.889267 2.8411e-19)
(-0.00474584 3.02323 3.13477e-19)
(0.00139239 3.43295 3.41112e-19)
(0.00673008 3.43086 3.58231e-19)
(0.0137812 3.40531 -3.88483e-19)
(0.0206358 3.39012 -2.42873e-20)
(0.0278205 3.38525 -2.52189e-20)
(0.0361618 3.38868 4.25146e-19)
(0.0412293 3.34642 4.46307e-19)
(0.0357669 2.45895 4.3834e-19)
(-0.00996206 0.877601 -3.07005e-19)
(-0.0136192 3.03713 -3.64e-19)
(-0.010071 3.4118 3.85987e-19)
(-0.0034762 3.40613 3.77908e-19)
(0.00492573 3.38258 3.84885e-19)
(0.0137646 3.36924 -3.48629e-20)
(0.0231139 3.36559 -9.20231e-21)
(0.0336476 3.37065 -4.28559e-19)
(0.041488 3.34134 0)
(0.0394702 2.52389 -5.08854e-21)
(-0.0101802 0.882414 0)
(-0.020983 3.06207 3.63376e-19)
(-0.0191606 3.39194 -7.33723e-19)
(-0.0110804 3.38101 -2.44134e-20)
(-0.00134808 3.35845 0)
(0.00925574 3.34602 -4.30432e-19)
(0.0206531 3.34298 4.6247e-19)
(0.0333016 3.34907 -4.34256e-19)
(0.0440987 3.3315 -1.46007e-20)
(0.0451832 2.59267 7.50558e-21)
(-0.0114802 0.906206 3.66999e-19)
(-0.0291682 3.09296 -3.78604e-19)
(-0.0277066 3.37041 -4.0478e-19)
(-0.0178035 3.35363 4.21289e-19)
(-0.00647156 3.33139 0)
(0.00611778 3.31926 0)
(0.0197355 3.31645 0)
(0.0347172 3.32317 -4.56673e-19)
(0.0487692 3.31615 4.8738e-19)
(0.0527353 2.66412 0)
(-0.0156982 0.95612 0)
(-0.0397698 3.12491 -1.9082e-20)
(-0.0371619 3.34445 4.54165e-19)
(-0.024748 3.32192 0)
(-0.0111091 3.29964 -4.65506e-19)
(0.00388982 3.28765 -2.98023e-20)
(0.0200205 3.28505 -4.68499e-19)
(0.0374929 3.29218 1.58038e-20)
(0.0549316 3.29447 5.46996e-19)
(0.0617219 2.73875 -5.29569e-19)
(-0.0235966 1.04921 4.08793e-19)
(-0.0531823 3.15267 4.05281e-19)
(-0.0477708 3.31116 -2.00512e-19)
(-0.0320364 3.28397 -2.39557e-19)
(-0.0153087 3.26207 6.11101e-20)
(0.00254162 3.25055 4.35394e-19)
(0.0213275 3.24839 2.33532e-19)
(0.0413288 3.25595 1.69364e-20)
(0.0615766 3.26583 0)
(0.0712575 2.81491 -5.64109e-19)
(-0.0351011 1.20697 6.9219e-21)
(-0.0680756 3.17056 -2.30813e-19)
(-0.0580465 3.26914 -2.46199e-20)
(-0.0384767 3.23966 -2.57126e-19)
(-0.0185921 3.21933 2.24676e-19)
(0.00184035 3.20889 -8.97686e-21)
(0.0228933 3.20725 -2.84521e-19)
(0.0451205 3.21489 1.80982e-20)
(0.0675478 3.23022 2.91443e-19)
(0.0803723 2.88911 0)
(-0.0472233 1.44373 7.51579e-21)
(-0.0805518 3.17357 -2.31562e-19)
(-0.0641309 3.21917 0)
(-0.0418601 3.19102 0)
(-0.0201322 3.17315 -2.85086e-19)
(0.00134315 3.16414 -3.21021e-19)
(0.0232905 3.16316 9.4902e-21)
(0.0467826 3.17068 1.93251e-20)
(0.0706731 3.18914 -3.01929e-19)
(0.0881859 2.95706 -1.02614e-20)
(-0.0549808 1.75604 2.63264e-19)
(-0.0857018 3.15999 -1.51095e-20)
(-0.0642079 3.16515 0)
(-0.0421923 3.13968 -2.85218e-19)
(-0.0204476 3.12355 -2.57136e-19)
(0.00126778 3.11585 -1.1842e-22)
(0.0233622 3.11625 1.62023e-19)
(0.0461228 3.12483 2.05866e-20)
(0.0691414 3.14549 3.56e-19)
(0.0922683 3.01435 0)
(-0.0562157 2.13229 0)
(-0.0831646 3.12906 9.07673e-21)
(-0.0625591 3.10747 -5.50564e-21)
(-0.0426119 3.08452 -1.57885e-19)
(-0.0206218 3.07088 0)
(0.00173078 3.06526 4.11569e-20)
(0.0242459 3.06668 0)
(0.0462081 3.07567 -1.77799e-19)
(0.0663584 3.09788 -2.04713e-19)
(0.0929697 3.05392 0)
(-0.0582203 2.53358 7.95078e-20)
(-0.0857199 3.07268 -1.72543e-19)
(-0.0582422 3.04417 2.02296e-20)
(-0.0361156 3.03124 0)
(-0.0162181 3.02488 -8.23006e-20)
(0.00145761 3.02253 1.58346e-21)
(0.0193014 3.02331 9.01793e-20)
(0.0389145 3.02775 -9.37269e-20)
(0.0622984 3.0415 -2.42204e-20)
(0.0963821 3.05644 0)
(-0.0331727 2.87904 9.32754e-21)
(-0.0355401 2.99915 4.49907e-20)
(-0.018009 3.00041 1.83867e-20)
(-0.0100598 3.00109 0)
(-0.00479686 3.0004 -3.71734e-20)
(0.000297504 3.00134 1.6009e-22)
(0.00434673 3.00033 -3.89753e-20)
(0.0099796 2.99961 4.03799e-20)
(0.0195338 2.99916 0)
(0.0458915 3.0026 0)
(0.275662 0.294497 5.03536e-20)
(0.844368 0.856621 8.57346e-20)
(1.09893 1.13282 7.8795e-20)
(1.13485 1.19307 2.38551e-19)
(1.09771 1.18551 4.82194e-20)
(1.03948 1.15969 -9.62992e-20)
(0.269971 0.780012 0)
(0.183727 0.97864 6.24324e-19)
(0.192351 2.39472 -3.43537e-19)
(0.246185 3.32578 -1.90706e-19)
(0.231737 3.44997 1.02024e-19)
(0.201189 3.47395 2.94628e-20)
(0.195789 3.53811 -3.941e-19)
(0.218027 3.60559 9.10702e-19)
(0.23977 3.6921 -6.22216e-20)
(0.281753 3.68646 -9.23612e-20)
(0.292432 3.20616 1.96992e-19)
)
;

boundaryField
{
    wall-4
    {
        type            noSlip;
    }
    pressure-outlet-7
    {
        type            zeroGradient;
    }
    velocity-inlet-6
    {
        type            fixedValue;
        value           uniform (0 3 0);
    }
    velocity-inlet-5
    {
        type            fixedValue;
        value           uniform (1 0 0);
    }
    frontAndBackPlanes
    {
        type            empty;
    }
}


// ************************************************************************* //
