/*--------------------------------*- C++ -*----------------------------------*\
| =========                 |                                                 |
| \\      /  F ield         | OpenFOAM: The Open Source CFD Toolbox           |
|  \\    /   O peration     | Version:  v2012                                 |
|   \\  /    A nd           | Website:  www.openfoam.com                      |
|    \\/     M anipulation  |                                                 |
\*---------------------------------------------------------------------------*/
FoamFile
{
    version     2.0;
    format      ascii;
    class       surfaceScalarField;
    location    "67";
    object      phi;
}
// * * * * * * * * * * * * * * * * * * * * * * * * * * * * * * * * * * * * * //

dimensions      [0 3 -1 0 0 0 0];
oriented        oriented;


internalField   nonuniform List<scalar> 
17370
(
-0.0910982
0.0935442
0.286565
-0.0749529
0.0569524
0.364776
-0.0409352
0.029951
0.427152
-0.0211961
0.0155961
0.504852
-0.0113468
0.00864809
0.602101
-0.0065164
0.00506394
0.72051
-0.00384492
0.00297328
0.863778
-0.00220528
0.00162951
1.03603
-0.00109929
0.000678851
1.24292
-0.000267857
-0.00012652
1.49159
0.000513092
-0.00092761
1.49161
0.0013325
-0.001836
1.24319
0.00238275
-0.00311808
1.03637
0.00396416
-0.0051635
0.864106
0.00660518
-0.00872923
0.721182
0.011421
-0.0156607
0.603454
0.0212504
-0.0299934
0.508182
0.0409662
-0.0569737
0.432176
0.0749695
-0.0935539
0.36536
0.0911121
0.197899
-0.127349
0.0881479
0.0392009
-0.364739
0.353794
-0.0726246
0.0835696
-0.446567
0.454372
-0.0817017
0.0738968
-0.520973
0.529528
-0.0657863
0.0572311
-0.612852
0.62102
-0.0494783
0.0413105
-0.727003
0.733793
-0.0343818
0.0275915
-0.867516
0.872455
-0.0222471
0.0173078
-1.03855
1.04191
-0.0135856
0.0102303
-1.24472
1.24713
-0.00767242
0.0052576
-1.49284
1.49486
-0.00328761
0.00126831
-1.49269
1.49451
0.000553979
-0.00237698
-1.2441
1.24602
0.00435504
-0.00627166
-1.0376
1.04008
0.00861401
-0.0110966
-0.866158
0.869803
0.0143645
-0.0180101
-0.724478
0.729768
0.0228768
-0.0281667
-0.608885
0.61577
0.0349055
-0.0417898
-0.514988
0.522693
0.0499079
-0.0576131
-0.439772
0.447826
0.0661094
-0.074163
-0.375153
0.376999
0.0818982
-0.083745
-0.256913
0.223414
0.0727468
-0.0392478
-0.0686586
0.0589308
0.0097278
-0.0520634
0.0587556
-0.374549
0.367856
-0.0578657
0.0540359
-0.453834
0.457664
-0.0486748
0.0443326
-0.52775
0.532092
-0.0401061
0.0363205
-0.621111
0.624896
-0.0320927
0.0280162
-0.734885
0.738962
-0.023537
0.019538
-0.874057
0.878056
-0.0153942
0.0118717
-1.04341
1.04693
-0.00829761
0.00522769
-1.24867
1.25174
-0.00198723
-0.00101786
-1.49695
1.49996
0.00400065
-0.00717899
-1.49743
1.50061
0.010158
-0.0136073
-1.25009
1.25354
0.0170013
-0.0209956
-1.04572
1.04971
0.0248623
-0.0292109
-0.87731
0.881658
0.0331828
-0.0373083
-0.739303
0.743429
0.0410081
-0.045148
-0.626334
0.630474
0.0494165
-0.054706
-0.534929
0.540219
0.0584569
-0.0592476
-0.457913
0.458703
0.0524297
-0.032047
-0.336384
0.316001
0.0097892
-0.0684944
0.0587052
-0.0531743
0.0491276
0.00404671
-0.0331489
0.0436334
-0.358392
0.347907
-0.0473433
0.0467509
-0.459525
0.460117
-0.0437688
0.0404941
-0.536039
0.539314
-0.0367776
0.0334361
-0.628462
0.631804
-0.0298631
0.0267041
-0.742278
0.745437
-0.0233442
0.0201668
-0.8816
0.884777
-0.0165582
0.0131691
-1.05042
1.05381
-0.00942273
0.00597479
-1.25504
1.25849
-0.00213987
-0.00151563
-1.50334
1.507
0.00513892
-0.00888029
-1.50413
1.50788
0.0122004
-0.0157702
-1.25715
1.26072
0.0189759
-0.0223711
-1.05348
1.05687
0.0253594
-0.0285324
-0.885264
0.888437
0.0315409
-0.0349656
-0.746915
0.750339
0.0381822
-0.0417695
-0.634483
0.638071
0.0449322
-0.0477882
-0.544442
0.547298
0.0482485
-0.0443535
-0.456864
0.452969
0.0336472
-0.0162737
-0.29662
0.279247
0.00412141
-0.0528819
0.0487605
-0.0460089
0.0434872
0.00252173
-0.0229027
0.0332571
-0.337278
0.326923
-0.0390268
0.0400036
-0.459835
0.458858
-0.0387783
0.0364716
-0.541992
0.544299
-0.0338221
0.0312509
-0.634807
0.637379
-0.0282337
0.025365
-0.748511
0.751379
-0.0221195
0.019113
-0.887788
0.890794
-0.0157836
0.0126627
-1.05699
1.06011
-0.00910369
0.00568594
-1.26192
1.26534
-0.00174747
-0.00207957
-1.51076
1.51459
0.00586493
-0.00967637
-1.51168
1.5155
0.0129237
-0.0162504
-1.26418
1.26751
0.0191316
-0.0221825
-1.06004
1.06309
0.0249398
-0.0279345
-0.891574
0.894569
0.0305973
-0.03341
-0.753519
0.756331
0.0358096
-0.0382853
-0.641066
0.643542
0.040443
-0.0414727
-0.549107
0.550137
0.0402914
-0.0342229
-0.44776
0.441692
0.0235421
-0.0103052
-0.264048
0.250811
0.00261365
-0.0455585
0.0429449
-0.0413928
0.0396105
0.00178224
-0.0168316
0.0260919
-0.31707
0.30781
-0.0326859
0.0348095
-0.457285
0.455161
-0.0343754
0.0326834
-0.54631
0.548002
-0.0304705
0.0283539
-0.639687
0.641804
-0.0259166
0.0235242
-0.754005
0.756398
-0.0206815
0.0179118
-0.893665
0.896435
-0.0147062
0.0116593
-1.06315
1.0662
-0.00818631
0.00486528
-1.26866
1.27199
-0.00101888
-0.00273736
-1.51837
1.52213
0.00643915
-0.0101258
-1.51924
1.52293
0.0132314
-0.0164106
-1.27076
1.27393
0.0191532
-0.0220027
-1.0661
1.06895
0.0244504
-0.0269669
-0.897358
0.899875
0.0290925
-0.0312667
-0.75877
0.760945
0.0331646
-0.0351536
-0.645726
0.647715
0.036629
-0.0367964
-0.550684
0.550851
0.0343591
-0.0273286
-0.435054
0.428023
0.0176294
-0.00745142
-0.23925
0.229072
0.00189451
-0.0407486
0.0388541
-0.0380758
0.036737
0.00133884
-0.0128527
0.0208157
-0.299202
0.291239
-0.0275647
0.0304786
-0.452611
0.449697
-0.0306766
0.0295467
-0.549442
0.550572
-0.0275423
0.0256121
-0.643857
0.645787
-0.0233966
0.0212504
-0.758642
0.760788
-0.0187333
0.0162504
-0.899004
0.901487
-0.0133087
0.0104331
-1.06912
1.07199
-0.00708303
0.00385235
-1.27523
1.27846
-0.000109854
-0.00352222
-1.5258
1.52943
0.00708724
-0.0106286
-1.52653
1.53007
0.01359
-0.0165733
-1.27704
1.28002
0.0190673
-0.0215614
-1.07168
1.07417
0.023641
-0.0257492
-0.902171
0.90428
0.0275587
-0.0294399
-0.762951
0.764833
0.0310933
-0.0328279
-0.649556
0.651291
0.0336415
-0.0330709
-0.550653
0.550082
0.0297085
-0.022362
-0.420778
0.413431
0.0138351
-0.00577339
-0.220053
0.211991
0.00147552
-0.0371953
0.0357198
-0.0355678
0.0345374
0.00103044
-0.0100383
0.016771
-0.283915
0.277183
-0.0232582
0.0266263
-0.446535
0.443167
-0.0273985
0.0266944
-0.55148
0.552185
-0.024922
0.0231293
-0.647688
0.64948
-0.0210535
0.0190337
-0.762869
0.764888
-0.0166582
0.0143278
-0.903827
0.906158
-0.0115861
0.00889577
-1.07471
1.0774
-0.005729
0.00263928
-1.28158
1.28467
0.000965284
-0.00446618
-1.53297
1.53647
0.00788356
-0.0112401
-1.53351
1.53686
0.0139957
-0.0167084
-1.28288
1.2856
0.0189292
-0.0211199
-1.07656
1.07875
0.022952
-0.0248203
-0.906277
0.908146
0.0264223
-0.0280832
-0.766595
0.768255
0.0295325
-0.0309331
-0.652879
0.654279
0.0312437
-0.0299423
-0.549161
0.547859
0.0259566
-0.0186831
-0.406096
0.398822
0.0112421
-0.00466097
-0.204739
0.198158
0.00119668
-0.0343999
0.0332032
-0.0336327
0.032831
0.000801697
-0.00795037
0.013607
-0.271017
0.26536
-0.0196097
0.0231755
-0.439689
0.436123
-0.0244248
0.0239668
-0.552796
0.553254
-0.022463
0.0207789
-0.651266
0.65295
-0.018798
0.0168654
-0.76686
0.768793
-0.0145865
0.012347
-0.908379
0.910619
-0.00971022
0.00713353
-1.07996
1.08254
-0.0041152
0.00116856
-1.28764
1.29059
0.00227122
-0.00560827
-1.53987
1.5432
0.00884403
-0.0119799
-1.54009
1.54323
0.014516
-0.016981
-1.28819
1.29065
0.0189833
-0.0209435
-1.08089
1.08285
0.0225705
-0.0242262
-0.909925
0.911581
0.0256453
-0.0271153
-0.769812
0.771282
0.0283711
-0.0293932
-0.655472
0.656495
0.0293312
-0.0273603
-0.546227
0.544256
0.0229694
-0.0159582
-0.391675
0.384664
0.00942169
-0.00389206
-0.192153
0.186624
0.00100374
-0.0321154
0.0311117
-0.032127
0.0315024
0.000624616
-0.00633971
0.0110766
-0.260191
0.255454
-0.0164882
0.0200545
-0.432555
0.428989
-0.0216273
0.0213943
-0.553634
0.553867
-0.0201224
0.0184984
-0.65465
0.656274
-0.016573
0.0146897
-0.770694
0.772577
-0.0124698
0.01029
-0.912755
0.914935
-0.00772428
0.00522007
-1.085
1.08751
-0.00229501
-0.000537527
-1.29342
1.29625
0.00383002
-0.00699847
-1.54642
1.54959
0.0100415
-0.0129602
-1.54623
1.54915
0.0152994
-0.0175513
-1.29301
1.29527
0.0193564
-0.0210969
-1.08478
1.08652
0.0225284
-0.0239863
-0.913155
0.914613
0.0252404
-0.0265367
-0.772656
0.773952
0.0276469
-0.02825
-0.657301
0.657904
0.0278167
-0.0252808
-0.542018
0.539482
0.0206402
-0.0139569
-0.377827
0.371144
0.00813467
-0.00335598
-0.181508
0.176729
0.000869962
-0.0301851
0.0293151
-0.0309574
0.0304762
0.000481171
-0.00504319
0.00898664
-0.251139
0.247196
-0.0137623
0.01718
-0.425503
0.422086
-0.0189359
0.018893
-0.554044
0.554087
-0.017816
0.0162265
-0.657943
0.659533
-0.0143236
0.0124552
-0.774442
0.77631
-0.0102537
0.00809765
-0.917018
0.919174
-0.0055694
0.00311254
-1.0899
1.09236
-0.000257271
-0.00250159
-1.29899
1.30174
0.00567257
-0.00869104
-1.55264
1.55566
0.0115575
-0.0142755
-1.55194
1.55465
0.0164279
-0.0184721
-1.29742
1.29946
0.0200833
-0.0216089
-1.08825
1.08978
0.0228549
-0.0241317
-0.915997
0.917274
0.0252381
-0.0263764
-0.775159
0.776297
0.0272931
-0.0275189
-0.658313
0.658539
0.0266858
-0.0236702
-0.536722
0.533706
0.0188773
-0.0125133
-0.364639
0.358275
0.00723423
-0.00298768
-0.172249
0.168003
0.000779607
-0.0284999
0.0277203
-0.0300627
0.0297029
0.000359817
-0.00395685
0.00720308
-0.243624
0.240378
-0.0113308
0.0144901
-0.418811
0.415651
-0.0163029
0.0164129
-0.554101
0.553991
-0.0154175
0.0139001
-0.661158
0.662676
-0.0119919
0.0101061
-0.778172
0.780057
-0.00788523
0.00571813
-0.921239
0.923406
-0.00319044
0.000747482
-1.09472
1.09716
0.00207675
-0.00477878
-1.30441
1.30711
0.00785795
-0.010753
-1.55858
1.56147
0.0134639
-0.0159936
-1.55724
1.55977
0.0179643
-0.019805
-1.3014
1.30324
0.0212264
-0.0225411
-1.09132
1.09264
0.0236063
-0.0247084
-0.918479
0.919581
0.0256705
-0.0266402
-0.77734
0.778309
0.027299
-0.0272374
-0.658639
0.658577
0.0259605
-0.0225185
-0.530489
0.527047
0.0176169
-0.0115164
-0.352068
0.345968
0.00662978
-0.00274713
-0.163967
0.160085
0.000722676
-0.0269785
0.0262559
-0.0294035
0.029152
0.000251525
-0.0030044
0.00562122
-0.237468
0.234851
-0.00910141
0.0119192
-0.412681
0.409864
-0.0136747
0.0138653
-0.553893
0.553702
-0.0129117
0.0114369
-0.664252
0.665727
-0.00950105
0.00756892
-0.781943
0.783875
-0.0052933
0.00308117
-0.925485
0.927697
-0.000516477
-0.00195059
-1.09951
1.10197
0.00477766
-0.00745737
-1.30973
1.31241
0.0104751
-0.0132712
-1.56427
1.56707
0.0158445
-0.0181973
-1.56218
1.56453
0.0199925
-0.0216339
-1.30497
1.30661
0.0228659
-0.0239654
-1.094
1.0951
0.0248451
-0.0257709
-0.92061
0.921536
0.0265893
-0.0273891
-0.779171
0.779971
0.027757
-0.0274075
-0.65837
0.65802
0.0256807
-0.0218221
-0.523418
0.519559
0.0168108
-0.01089
-0.339992
0.334071
0.00626184
-0.00260776
-0.156346
0.152692
0.000692247
-0.0255583
0.0248661
-0.0289577
0.028809
0.000148644
-0.00212227
0.00414818
-0.23255
0.230524
-0.0069761
0.00938247
-0.407275
0.404868
-0.0109728
0.0111651
-0.553573
0.553381
-0.0102195
0.00874899
-0.667296
0.668767
-0.00675821
0.00474989
-0.785812
0.78782
-0.00238411
9.53449e-05
-0.929824
0.932113
0.00255251
-0.00507627
-1.10435
1.10688
0.00794442
-0.0106329
-1.31501
1.3177
0.0136193
-0.0163379
-1.56977
1.57249
0.0187878
-0.0209719
-1.56676
1.56894
0.0225952
-0.0240373
-1.30814
1.30958
0.0250738
-0.0259436
-1.09627
1.09714
0.0266229
-0.0273558
-0.922376
0.923109
0.0280221
-0.028678
-0.780646
0.781302
0.0287307
-0.0280015
-0.657459
0.65673
0.0258217
-0.0215523
-0.515541
0.511271
0.0164069
-0.0105722
-0.328236
0.322401
0.0060857
-0.00254979
-0.149126
0.14559
0.000683143
-0.0241888
0.0235056
-0.0287172
0.0286727
4.45163e-05
-0.00126199
0.00271159
-0.228803
0.227354
-0.00487345
0.00680517
-0.402725
0.400793
-0.00812705
0.00823903
-0.553305
0.553193
-0.00725473
0.00575192
-0.67037
0.671872
-0.00366751
0.00155005
-0.789836
0.791954
0.000946381
-0.00335617
-0.93432
0.93673
0.00612136
-0.00873997
-1.10932
1.11194
0.0116891
-0.0144208
-1.32032
1.32305
0.0174077
-0.0200705
-1.57512
1.57779
0.0224097
-0.0244301
-1.571
1.57302
0.0258805
-0.027118
-1.31089
1.31213
0.0279508
-0.0285858
-1.09812
1.09876
0.0290578
-0.0295846
-0.923753
0.92428
0.030084
-0.0305285
-0.781754
0.782199
0.0302944
-0.0291031
-0.655781
0.654589
0.0264362
-0.0217245
-0.50685
0.502139
0.0163883
-0.0105318
-0.316607
0.31075
0.00607707
-0.00256235
-0.142097
0.138582
0.000692558
-0.0228291
0.0221365
-0.0286849
0.0287505
-6.55651e-05
-0.000377899
0.001246
-0.22621
0.225341
-0.00271489
0.00410746
-0.399157
0.397765
-0.00505832
0.00500452
-0.553257
0.553311
-0.0039237
0.00233438
-0.673559
0.675148
-0.000123349
-0.00214367
-0.794083
0.79635
0.00481846
-0.00738896
-0.939056
0.941626
0.0103216
-0.0130777
-1.11449
1.11724
0.0161514
-0.0189616
-1.32572
1.32853
0.0219805
-0.0246078
-1.58037
1.583
0.0268463
-0.028703
-1.5749
1.57676
0.0299746
-0.0309985
-1.31321
1.31424
0.0316203
-0.0320116
-1.09953
1.09992
0.0322669
-0.0325732
-0.924712
0.925018
0.032882
-0.033041
-0.782333
0.782492
0.0325094
-0.0307694
-0.653194
0.651454
0.027566
-0.022357
-0.497275
0.492066
0.0167509
-0.0107538
-0.304883
0.298886
0.00622347
-0.00263951
-0.135067
0.131483
0.000718814
-0.0214429
0.0207241
-0.0288756
0.0290559
-0.000180298
0.000542142
-0.000290199
-0.224791
0.224539
-0.00043543
0.00121034
-0.396699
0.395924
-0.00167957
0.00137849
-0.55361
0.553911
-0.00014633
-0.00160709
-0.676976
0.678729
0.00401031
-0.0064774
-0.798639
0.801106
0.00938122
-0.0121599
-0.944115
0.946893
0.0153127
-0.0182532
-1.11994
1.12288
0.0214988
-0.0244251
-1.33129
1.33421
0.0275082
-0.0301183
-1.58555
1.58816
0.0322611
-0.0339478
-1.57847
1.58016
0.0350323
-0.0358247
-1.31508
1.31587
0.0362227
-0.0363571
-1.10045
1.10058
0.0363794
-0.0364485
-0.925212
0.925281
0.0365603
-0.0363478
-0.782276
0.782064
0.0354317
-0.033076
-0.649547
0.647191
0.0292634
-0.0234699
-0.486687
0.480893
0.0174908
-0.0112243
-0.292822
0.286555
0.00651249
-0.00277473
-0.127858
0.12412
0.00075987
-0.0199975
0.0192376
-0.0293195
0.0296469
-0.000327399
0.00156783
-0.00195839
-0.224634
0.225024
0.0020821
-0.00203365
-0.395479
0.395431
0.00217804
-0.00284208
-0.554582
0.555246
0.00431129
-0.0062606
-0.680772
0.682721
0.00890344
-0.0116206
-0.803589
0.806306
0.0148139
-0.0178575
-0.949595
0.952638
0.0212908
-0.0244671
-1.12576
1.12894
0.0279348
-0.0310146
-1.33709
1.34017
0.0341922
-0.0367996
-1.59069
1.5933
0.0388451
-0.0403426
-1.58169
1.58318
0.04122
-0.0417682
-1.31643
1.31698
0.0419265
-0.0417793
-1.10082
1.10068
0.0415431
-0.0413555
-0.925201
0.925014
0.0412583
-0.040568
-0.781429
0.780739
0.0391833
-0.0361116
-0.64469
0.641619
0.0315871
-0.0250877
-0.474897
0.468398
0.0186103
-0.0119346
-0.280161
0.273485
0.00693485
-0.00296241
-0.120304
0.116331
0.000813691
-0.0184643
0.0176506
-0.0300452
0.0305505
-0.00050537
0.00285746
-0.00400991
-0.225815
0.226967
0.00500198
-0.00575603
-0.39572
0.396474
0.00662278
-0.00775398
-0.5564
0.557531
0.00954925
-0.0117766
-0.68504
0.687267
0.0147456
-0.0177869
-0.809044
0.812086
0.0213465
-0.0247213
-0.955611
0.958985
0.0285029
-0.0319708
-1.13207
1.13554
0.0357118
-0.0389799
-1.34321
1.34648
0.0422729
-0.0448791
-1.59582
1.59843
0.0468141
-0.0481036
-1.58451
1.5858
0.048733
-0.0490217
-1.31725
1.31754
0.0489178
-0.0484612
-1.1006
1.10015
0.0479465
-0.0474857
-0.924616
0.924155
0.0470583
-0.0459109
-0.779648
0.778501
0.0439066
-0.03998
-0.638411
0.634484
0.0346056
-0.0272404
-0.461649
0.454284
0.0201141
-0.0128764
-0.266615
0.259378
0.00748066
-0.00319636
-0.112244
0.10796
0.000878125
-0.0168188
0.0159406
-0.031126
0.0318534
-0.00072735
0.00436273
-0.00640285
-0.228532
0.230572
0.00846314
-0.0101275
-0.397631
0.399296
0.011823
-0.0135396
-0.559324
0.561041
0.0157971
-0.0184038
-0.68995
0.692557
0.021808
-0.0252583
-0.815155
0.818606
0.0292734
-0.0330565
-0.962299
0.966082
0.0372633
-0.0410824
-1.13897
1.14279
0.045146
-0.0486293
-1.3497
1.35319
0.0520446
-0.0546339
-1.60094
1.60352
0.0564256
-0.057462
-1.58689
1.58792
0.0578075
-0.057789
-1.31746
1.31744
0.0573945
-0.0566026
-1.09973
1.09893
0.0557814
-0.0550107
-0.923408
0.922637
0.0541763
-0.0525037
-0.776983
0.77531
0.0497423
-0.0447786
-0.630418
0.625454
0.0383703
-0.0299369
-0.446608
0.438175
0.0219868
-0.0140254
-0.251877
0.243915
0.00812842
-0.00346408
-0.103529
0.0988642
0.000948723
-0.0150418
0.0140931
-0.0326447
0.0336617
-0.00101707
0.00625324
-0.00935313
-0.233033
0.236132
0.0126833
-0.015409
-0.401481
0.404207
0.0180749
-0.0205052
-0.563631
0.566061
0.02337
-0.0264779
-0.695715
0.698823
0.0304478
-0.0344154
-0.822093
0.826061
0.0389926
-0.0432704
-0.969817
0.974095
0.0479819
-0.0522065
-1.14658
1.1508
0.0566276
-0.0603326
-1.35662
1.36032
0.0638479
-0.0663751
-1.60599
1.60851
0.0679634
-0.0686777
-1.58872
1.58944
0.068673
-0.0682808
-1.31692
1.31653
0.0675697
-0.0664031
-1.09811
1.09694
0.0652386
-0.0641651
-0.921515
0.920442
0.0628014
-0.0605081
-0.77327
0.770977
0.0568159
-0.0505728
-0.620341
0.614098
0.0428957
-0.0331492
-0.429361
0.419614
0.0241813
-0.0153333
-0.235622
0.226774
0.0088413
-0.00374627
-0.0940293
0.0889343
0.00101925
-0.0131237
0.0121045
-0.0347279
0.0361463
-0.00141845
0.00872866
-0.0131803
-0.239644
0.244095
0.0180052
-0.0219685
-0.407636
0.4116
0.0257695
-0.0290646
-0.569651
0.572946
0.032715
-0.0364854
-0.702601
0.706372
0.0411856
-0.0458018
-0.83007
0.834686
0.0510599
-0.0559191
-0.978338
0.983197
0.0612037
-0.0658653
-1.15499
1.15965
0.0706417
-0.0745321
-1.36394
1.36783
0.0780731
-0.0804431
-1.61086
1.61323
0.081726
-0.0820171
-1.58986
1.59015
0.0815972
-0.0807286
-1.31552
1.31465
0.0796434
-0.0780807
-1.09565
1.09408
0.0765791
-0.0750881
-0.918906
0.917415
0.0732057
-0.0700794
-0.768279
0.765152
0.0652137
-0.05738
-0.607675
0.599842
0.0481418
-0.0367937
-0.40941
0.398062
0.0266015
-0.0167162
-0.217536
0.20765
0.00956026
-0.00401375
-0.0836593
0.0781128
0.0010807
-0.0110689
0.00998824
-0.0375765
0.039564
-0.00198746
0.0121625
-0.0183443
-0.248878
0.25506
0.0249677
-0.0303754
-0.416595
0.422002
0.0355205
-0.0398742
-0.577778
0.582132
0.044521
-0.0491573
-0.710949
0.715585
0.0547945
-0.0602057
-0.83934
0.844751
0.0662622
-0.0717697
-0.98803
0.993538
0.0776522
-0.082727
-1.16425
1.16932
0.0877824
-0.0917487
-1.37156
1.37553
0.0951594
-0.0972063
-1.61532
1.61737
0.0980193
-0.0977345
-1.59006
1.58978
0.0968016
-0.0953573
-1.31311
1.31167
0.0938214
-0.0918346
-1.09226
1.09028
0.0899555
-0.0879154
-0.915302
0.913262
0.0855008
-0.0812862
-0.761531
0.757316
0.0749502
-0.0651297
-0.591778
0.581958
0.0539708
-0.0406967
-0.386187
0.372913
0.0290785
-0.0180418
-0.19734
0.186304
0.0101984
-0.00422627
-0.0724002
0.0664281
0.00112125
-0.00890101
0.00777976
-0.041511
0.0443773
-0.00286628
0.017166
-0.0256061
-0.261484
0.269924
0.0344562
-0.0416037
-0.429027
0.436174
0.048378
-0.0540096
-0.588501
0.594133
0.0599568
-0.0657307
-0.721181
0.726955
0.0725133
-0.0788349
-0.850176
0.856497
0.0857442
-0.0918815
-0.998998
1.00514
0.0982703
-0.103616
-1.17425
1.1796
0.108741
-0.112556
-1.37921
1.38303
0.115558
-0.117018
-1.619
1.62046
0.117119
-0.116048
-1.589
1.58793
0.114439
-0.112329
-1.30948
1.30737
0.110275
-0.10783
-1.08786
1.08542
0.105564
-0.102845
-0.910422
0.907703
0.099729
-0.0940915
-0.752457
0.74682
0.0858867
-0.0735885
-0.571812
0.559514
0.060094
-0.0445582
-0.359079
0.343543
0.0313491
-0.0191217
-0.174861
0.162633
0.0106402
-0.00433378
-0.0603386
0.0540322
0.00112707
-0.00666756
0.00554049
-0.0471092
0.051464
-0.00435485
0.0248996
-0.0364143
-0.278619
0.290134
0.0481644
-0.0576336
-0.445962
0.455431
0.0664367
-0.073564
-0.602422
0.609549
0.0810661
-0.0883583
-0.733673
0.740965
0.0963406
-0.103492
-0.862779
0.869931
0.111083
-0.117624
-1.01112
1.01766
0.124198
-0.129472
-1.18462
1.18989
0.134251
-0.137518
-1.38635
1.38962
0.139673
-0.14016
-1.6213
1.62178
0.139222
-0.137104
-1.58623
1.58411
0.134642
-0.131732
-1.30443
1.30152
0.129071
-0.126124
-1.08232
1.07938
0.123357
-0.11996
-0.904086
0.900689
0.11583
-0.10828
-0.74032
0.73277
0.0976408
-0.0822729
-0.546729
0.531361
0.0660109
-0.0479341
-0.327496
0.30942
0.0330627
-0.0197287
-0.15012
0.136786
0.0107556
-0.00428342
-0.0477072
0.041235
0.00108366
-0.00444222
0.00335857
-0.05545
0.0629095
-0.00745952
0.0384477
-0.0544486
-0.302444
0.318445
0.0702726
-0.0829695
-0.469057
0.481754
0.0939682
-0.102473
-0.619985
0.628489
0.111491
-0.120061
-0.748815
0.757384
0.128969
-0.136527
-0.876842
0.8844
0.144205
-0.150539
-1.02378
1.03011
0.156611
-0.161169
-1.19453
1.19909
0.164926
-0.167028
-1.39208
1.39418
0.167757
-0.166807
-1.62138
1.62042
0.164463
-0.161002
-1.58122
1.57776
0.157464
-0.153569
-1.29767
1.29378
0.150227
-0.146772
-1.07549
1.07203
0.143405
-0.13914
-0.896067
0.891802
0.133479
-0.123276
-0.723976
0.713773
0.109442
-0.0903171
-0.515215
0.49609
0.0709951
-0.0503137
-0.291031
0.270349
0.0339038
-0.0197215
-0.123477
0.109294
0.0104879
-0.00406184
-0.034917
0.0284909
0.000985076
-0.0023241
0.00133902
-0.069848
0.0739796
-0.00413158
0.0293796
-0.0432868
-0.336959
0.350866
0.0573526
-0.0690266
-0.499755
0.511429
0.0794704
-0.0892079
-0.64079
0.650527
0.100076
-0.11007
-0.76546
0.775454
0.121178
-0.131066
-0.891043
0.900931
0.141609
-0.150994
-1.0355
1.04489
0.160804
-0.169212
-1.20256
1.21097
0.177568
-0.184231
-1.39513
1.40179
0.190162
-0.194027
-1.61829
1.62215
0.195806
-0.196091
-1.5733
1.57358
0.195252
-0.193756
-1.28885
1.28735
0.192535
-0.190894
-1.06713
1.06549
0.189027
-0.184759
-0.885633
0.881365
0.176819
-0.161382
-0.701771
0.686334
0.140263
-0.112285
-0.475943
0.447966
0.0855757
-0.0584165
-0.249691
0.222532
0.0381007
-0.0214535
-0.0957783
0.0791311
0.0110668
-0.00414738
-0.0225512
0.0156318
0.000971298
-0.000414903
-0.000556395
-0.0813463
0.0793467
0.00199958
0.00750393
-0.0166995
-0.367524
0.376719
0.0274211
-0.0357217
-0.527769
0.53607
0.0441047
-0.052292
-0.662865
0.671053
0.0622872
-0.0716178
-0.785052
0.794383
0.0815748
-0.0906627
-0.910245
0.919333
0.100317
-0.108566
-1.05398
1.06223
0.117366
-0.124536
-1.21917
1.22634
0.131596
-0.136929
-1.40813
1.41346
0.141108
-0.14341
-1.6252
1.6275
0.143657
-0.142417
-1.57319
1.57195
0.140051
-0.136912
-1.28508
1.28194
0.134096
-0.13103
-1.06143
1.05836
0.127799
-0.122496
-0.87263
0.867326
0.113895
-0.099898
-0.666832
0.652835
0.0832828
-0.0633792
-0.418379
0.398476
0.0461837
-0.0304725
-0.195913
0.180202
0.0195145
-0.0109572
-0.0635894
0.0550322
0.0057132
-0.00217885
-0.00902187
0.00548752
0.000458104
0.00162583
-0.00208394
-0.0827628
0.0797918
0.00297103
-0.00175914
-0.00355026
-0.388203
0.393512
0.0108524
-0.0168594
-0.548513
0.55452
0.0230433
-0.0302302
-0.681486
0.688673
0.0388894
-0.0469903
-0.8028
0.810901
0.0558484
-0.0637665
-0.927651
0.935569
0.0719227
-0.0792466
-1.07028
1.07761
0.0868325
-0.0930778
-1.23304
1.23929
0.0987379
-0.102757
-1.41808
1.4221
0.105784
-0.106792
-1.62904
1.63005
0.105762
-0.103253
-1.57005
1.56755
0.0998722
-0.0958311
-1.2784
1.27436
0.091744
-0.0874371
-1.05311
1.0488
0.0830952
-0.0771574
-0.857647
0.85171
0.0693042
-0.0577558
-0.635812
0.624264
0.0457266
-0.0328477
-0.377066
0.364187
0.0231538
-0.0151786
-0.164235
0.15626
0.00995276
-0.00593855
-0.0465923
0.0425781
0.00332744
-0.00124604
-0.00202451
-5.68978e-05
0.000293049
0.00276276
-0.00305581
-0.0814435
0.0786218
0.00282166
-0.00548553
0.0029606
-0.401982
0.404507
0.00173864
-0.00628764
-0.563813
0.568362
0.0115123
-0.0175376
-0.69684
0.702865
0.0249177
-0.0318344
-0.81834
0.825257
0.039382
-0.0461509
-0.942933
0.949702
0.0534953
-0.0596667
-1.08447
1.09064
0.0662251
-0.0711337
-1.24508
1.24998
0.0758309
-0.0789848
-1.42583
1.42898
0.0808904
-0.0806694
-1.63052
1.6303
0.0788417
-0.0755551
-1.56439
1.5611
0.0714728
-0.0662844
-1.26984
1.26465
0.0614139
-0.0560993
-1.04277
1.03745
0.0507585
-0.0447712
-0.841596
0.835609
0.0377089
-0.0289173
-0.609965
0.601173
0.0209397
-0.0138208
-0.350199
0.34308
0.00936719
-0.006251
-0.147481
0.144365
0.00436073
-0.00292291
-0.0380001
0.0365622
0.00178722
-0.000751614
0.00207235
-0.00310796
0.00020167
0.00360507
-0.00380674
-0.079846
0.0773334
0.00251262
-0.00669299
0.00582398
-0.411101
0.41197
-0.00240304
-0.000808618
-0.57609
0.579302
0.00506342
-0.0105384
-0.709685
0.71516
0.0167206
-0.0227642
-0.831453
0.837497
0.0292679
-0.0351089
-0.955988
0.961829
0.0413569
-0.0467816
-1.09664
1.10207
0.0522502
-0.0566295
-1.2547
1.25908
0.0604819
-0.0628915
-1.43169
1.4341
0.0640049
-0.0630676
-1.62979
1.62885
0.0605748
-0.0564359
-1.557
1.55286
0.051795
-0.0461422
-1.25921
1.25355
0.0406793
-0.0345038
-1.03084
1.02466
0.0287489
-0.0226243
-0.825869
0.819744
0.0167026
-0.010139
-0.590171
0.583608
0.00526632
-0.00203421
-0.334324
0.331092
0.000761473
-0.000465212
-0.139763
0.139467
0.000555531
-0.000656487
-0.0344028
0.0345038
0.00054778
-0.000291535
0.00426633
-0.00452257
0.000100221
0.0042182
-0.00431842
-0.0783317
0.0761627
0.00216892
-0.0066512
0.0063324
-0.417259
0.417578
-0.00432193
0.00174401
-0.585439
0.588016
0.00229224
-0.00695569
-0.720532
0.725195
0.0122428
-0.0174649
-0.84273
0.847952
0.0232127
-0.0283897
-0.96729
0.972467
0.0340393
-0.0387202
-1.10718
1.11186
0.043534
-0.0473485
-1.26312
1.26693
0.0505593
-0.0524139
-1.43617
1.43802
0.0529279
-0.0518425
-1.62771
1.62663
0.0488507
-0.0444263
-1.54816
1.54373
0.0394097
-0.0333508
-1.24756
1.2415
0.0277415
-0.0210331
-1.0177
1.01099
0.0149469
-0.0087855
-0.810737
0.804575
0.00355823
0.00134312
-0.574837
0.569936
-0.0043428
0.00548475
-0.325432
0.32429
-0.00484598
0.00362265
-0.13759
0.138813
-0.0024927
0.00131237
-0.034128
0.0353084
-0.000590466
0.000168609
0.00482452
-0.00440266
-1.42513e-05
0.00454666
-0.00453241
-0.0771292
0.0754176
0.00171154
-0.0058392
0.00589415
-0.421723
0.421668
-0.00431736
0.00241852
-0.593522
0.59542
0.00129787
-0.00550158
-0.729846
0.73405
0.0104845
-0.0149478
-0.85275
0.857214
0.0199546
-0.0244972
-0.977581
0.982124
0.0297882
-0.0339682
-1.11654
1.12072
0.0381481
-0.0416395
-1.27051
1.274
0.0448312
-0.0463392
-1.43983
1.44133
0.0466473
-0.0452139
-1.62505
1.62362
0.0423043
-0.0374413
-1.53899
1.53413
0.0324463
-0.0263988
-1.23516
1.22911
0.0205229
-0.0138824
-1.00389
0.997245
0.00764861
-0.00122577
-0.796199
0.789776
-0.00304993
0.00706314
-0.562384
0.558371
-0.00934389
0.00947629
-0.320458
0.320326
-0.00818553
0.00636442
-0.138537
0.140358
-0.00460523
0.00277661
-0.0360271
0.0378557
-0.00148209
0.000570808
0.00399429
-0.00308301
-0.000123575
0.00456433
-0.00444076
-0.0764159
0.0750563
0.00135954
-0.00481057
0.00502221
-0.425152
0.424941
-0.00367611
0.00188901
-0.600479
0.602266
0.0016509
-0.00536929
-0.738154
0.741873
0.00960139
-0.0138671
-0.861596
0.865861
0.0184443
-0.0230703
-0.986439
0.991065
0.0275583
-0.0314799
-1.12496
1.12888
0.035693
-0.0388348
-1.27732
1.28046
0.0414083
-0.0431808
-1.44269
1.44446
0.0434677
-0.0420953
-1.62217
1.6208
0.039102
-0.0345481
-1.52939
1.52484
0.0296298
-0.0236461
-1.22269
1.2167
0.0179227
-0.0113558
-0.990234
0.983667
0.00526872
0.000792289
-0.782095
0.776034
-0.00527048
0.00876799
-0.551574
0.548076
-0.0106779
0.0108215
-0.317435
0.317291
-0.00951265
0.00746793
-0.140685
0.14273
-0.00559068
0.00354332
-0.0391329
0.0411803
-0.0019898
0.000837756
0.00219701
-0.00104497
-0.000206318
0.00432317
-0.00411686
-0.0762229
0.0750827
0.00114018
-0.00356347
0.00356572
-0.42815
0.428148
-0.0025297
0.000802131
-0.606795
0.608523
0.0025946
-0.00615513
-0.745801
0.749361
0.0101763
-0.0139977
-0.869882
0.873703
0.0186443
-0.022427
-0.995077
0.99886
0.0268232
-0.0305005
-1.13293
1.1366
0.0345183
-0.0377713
-1.28355
1.2868
0.040525
-0.041962
-1.44594
1.44738
0.0424415
-0.0413079
-1.6193
1.61816
0.0387798
-0.0343478
-1.52011
1.51568
0.0297084
-0.0239716
-1.2108
1.20507
0.0185117
-0.0121361
-0.976755
0.97038
0.00637515
-0.000306047
-0.768701
0.762632
-0.00414624
0.00753356
-0.541733
0.538346
-0.0094952
0.00993304
-0.314726
0.314288
-0.00915828
0.00749874
-0.143038
0.144697
-0.00581518
0.00383225
-0.042578
0.0445609
-0.00224905
0.000996087
-6.5312e-05
0.00131827
-0.000272554
0.00391899
-0.00364644
-0.076309
0.075506
0.000802984
-0.00242288
0.00197618
-0.431185
0.431632
-0.00110511
-0.000744334
-0.612291
0.614141
0.00378707
-0.00717777
-0.752887
0.756277
0.0109964
-0.0149158
-0.877357
0.881276
0.0189016
-0.0228072
-1.00282
1.00673
0.0271188
-0.0305389
-1.14068
1.1441
0.0345876
-0.0377318
-1.28981
1.29296
0.0404646
-0.0423504
-1.44918
1.45107
0.043214
-0.0422525
-1.61703
1.61607
0.0398534
-0.0360317
-1.5114
1.50758
0.0318596
-0.0264319
-1.19923
1.1938
0.0211948
-0.0153744
-0.963898
0.958078
0.00955508
-0.00388654
-0.755615
0.749947
-0.000851328
0.00443101
-0.532289
0.528709
-0.00633759
0.00731665
-0.311532
0.310553
-0.00715712
0.00622051
-0.144718
0.145655
-0.00497576
0.00341722
-0.0457188
0.0472774
-0.0020966
0.000945834
-0.0023456
0.00349637
-0.000272172
0.00339894
-0.00312677
-0.0768135
0.0761845
0.000628973
-0.00145581
0.00108913
-0.434416
0.434783
0.000269302
-0.0021387
-0.617805
0.619674
0.00530548
-0.00853275
-0.759415
0.762643
0.0121714
-0.0156611
-0.884833
0.888323
0.0197427
-0.0233037
-1.01061
1.01417
0.0275307
-0.0313552
-1.14795
1.15177
0.0349982
-0.0384291
-1.29611
1.29954
0.0415299
-0.043449
-1.45282
1.45474
0.0446149
-0.0443652
-1.6153
1.61505
0.0423435
-0.0390947
-1.50362
1.50037
0.0351195
-0.030176
-1.18845
1.18351
0.0254087
-0.0198291
-0.95186
0.946281
0.0144692
-0.00893623
-0.743209
0.737676
0.00422561
-9.51026e-06
-0.522688
0.518472
-0.00238595
0.00381789
-0.307476
0.306044
-0.0043852
0.00413751
-0.145136
0.145383
-0.00350467
0.00254351
-0.0479592
0.0489203
-0.00163129
0.000770459
-0.00428848
0.00514931
-0.000239346
0.00289687
-0.00265752
-0.0776061
0.0771647
0.000441331
-0.000419281
-4.93652e-05
-0.437827
0.438296
0.00153178
-0.00366394
-0.623049
0.625181
0.00671117
-0.00975968
-0.765663
0.768711
0.0134698
-0.0167909
-0.891768
0.895089
0.0206926
-0.0243568
-1.01819
1.02185
0.0284638
-0.0322295
-1.15542
1.15919
0.036067
-0.0394954
-1.30286
1.30629
0.0427467
-0.0453795
-1.45691
1.45955
0.0469409
-0.0469379
-1.61471
1.6147
0.045565
-0.0426132
-1.49701
1.49406
0.0392008
-0.0348466
-1.17855
1.1742
0.0302145
-0.0249697
-0.940464
0.93522
0.0198772
-0.0143337
-0.73128
0.725737
0.00965817
-0.00504747
-0.512835
0.508224
0.00212904
-5.5717e-06
-0.30239
0.300267
-0.00119798
0.00171581
-0.144145
0.143627
-0.00175478
0.00142003
-0.0489795
0.0493143
-0.000986977
0.000501891
-0.00558942
0.0060745
-0.000169649
0.0024847
-0.00231505
-0.078638
0.0783398
0.000298215
0.000520972
-0.00121884
-0.441337
0.442035
0.00267443
-0.00484794
-0.628328
0.630501
0.00773974
-0.0108615
-0.771862
0.774984
0.0143802
-0.0177604
-0.898402
0.901782
0.0214743
-0.0252321
-1.02532
1.02908
0.0291807
-0.0332003
-1.163
1.16702
0.0369423
-0.0407026
-1.30964
1.3134
0.0443545
-0.0470203
-1.46189
1.46456
0.0490883
-0.0499134
-1.61495
1.61577
0.0488398
-0.0466991
-1.49122
1.48908
0.0437201
-0.0395124
-1.16971
1.1655
0.0352905
-0.0303505
-0.929794
0.924854
0.0254924
-0.0200769
-0.719577
0.714161
0.0151367
-0.0102599
-0.502295
0.497419
0.00655112
-0.00360442
-0.296099
0.293153
0.0017504
-0.000473423
-0.141722
0.140445
-0.000135923
0.000436228
-0.0487848
0.0484845
-0.00043155
0.000273701
-0.00616702
0.00632487
-0.000114642
0.00220839
-0.00209374
-0.0797993
0.0797424
5.68533e-05
0.000948704
-0.00189613
-0.445032
0.445979
0.00364843
-0.00609187
-0.633636
0.636079
0.00907898
-0.0120179
-0.777986
0.780925
0.0150994
-0.0183035
-0.905179
0.908383
0.022273
-0.02584
-1.03283
1.0364
0.0301422
-0.0339679
-1.17064
1.17447
0.0382085
-0.0418495
-1.31709
1.32073
0.0456214
-0.048839
-1.46734
1.47055
0.0513033
-0.0527119
-1.61633
1.61774
0.0525096
-0.0506829
-1.48683
1.485
0.0481887
-0.0445709
-1.16124
1.15762
0.0405257
-0.0356887
-0.919521
0.914684
0.030888
-0.0253149
-0.707999
0.702426
0.020164
-0.0148622
-0.491271
0.485969
0.0106106
-0.00691978
-0.288568
0.284877
0.00440471
-0.00238477
-0.137884
0.135864
0.00120213
-0.000375667
-0.0474039
0.0465774
5.37268e-06
0.000102059
-0.00610165
0.00599422
-7.40776e-05
0.00205649
-0.00198241
-0.0811095
0.0811781
-6.86296e-05
0.00154467
-0.00258562
-0.448966
0.450007
0.0044327
-0.00685109
-0.638739
0.641157
0.00989464
-0.0126357
-0.784026
0.786767
0.0157801
-0.0191679
-0.911674
0.915062
0.0226307
-0.026348
-1.04008
1.0438
0.0304635
-0.0343647
-1.1784
1.1823
0.0388336
-0.0429391
-1.32466
1.32877
0.0469473
-0.0503936
-1.47392
1.47737
0.0536093
-0.0553459
-1.61923
1.62097
0.0559851
-0.0547865
-1.48352
1.48232
0.052659
-0.0492092
-1.15393
1.15048
0.0455613
-0.0407495
-0.909628
0.904816
0.0358897
-0.0301952
-0.696018
0.690323
0.0246835
-0.0189059
-0.479394
0.473617
0.014113
-0.00965907
-0.2798
0.275346
0.00654375
-0.00393239
-0.13269
0.130079
0.00222733
-0.000993396
-0.045004
0.04377
0.00033661
-3.03637e-05
-0.00554064
0.00523439
-3.63176e-05
0.00198256
-0.00194624
-0.0825409
0.0826546
-0.000113714
0.00188811
-0.00325495
-0.452831
0.454198
0.00537571
-0.00765908
-0.643871
0.646154
0.0105483
-0.0131017
-0.789853
0.792407
0.0163146
-0.0196099
-0.918056
0.921351
0.0232324
-0.0269664
-1.04719
1.05093
0.0306448
-0.0347007
-1.1863
1.19036
0.0393417
-0.0436252
-1.33266
1.33694
0.04804
-0.0518041
-1.48089
1.48466
0.0554275
-0.0578875
-1.62313
1.62559
0.0588371
-0.0586361
-1.48116
1.48096
0.0569528
-0.0539754
-1.14706
1.14408
0.0503954
-0.0455707
-0.899721
0.894896
0.0405715
-0.03436
-0.683628
0.677417
0.0283694
-0.0220309
-0.466657
0.460318
0.0165882
-0.0116699
-0.269739
0.26482
0.00798456
-0.00493418
-0.126432
0.123381
0.00287039
-0.00136698
-0.0418666
0.0403631
0.000549481
-0.000121384
-0.00464043
0.00421233
-3.34819e-06
0.00196082
-0.00195747
-0.0839769
0.0841476
-0.000170627
0.00220057
-0.00366534
-0.45705
0.458515
0.00571221
-0.00819098
-0.648828
0.651306
0.0106359
-0.0136238
-0.795137
0.798125
0.0166257
-0.0197511
-0.924448
0.927574
0.0233481
-0.0268219
-1.05456
1.05803
0.0310784
-0.0350365
-1.19435
1.1983
0.0395394
-0.0440814
-1.34105
1.34559
0.0484408
-0.0527617
-1.48883
1.49315
0.056894
-0.0599322
-1.62832
1.63136
0.0616849
-0.0620439
-1.48055
1.48091
0.0609051
-0.0583826
-1.14112
1.1386
0.0550378
-0.0502065
-0.889894
0.885063
0.044812
-0.0380488
-0.670381
0.663618
0.0313721
-0.0240399
-0.452805
0.445473
0.0181174
-0.0125239
-0.258766
0.253173
0.00838477
-0.0050575
-0.119388
0.11606
0.00287145
-0.00134478
-0.0383696
0.0368429
0.000545807
-0.000136534
-0.00359926
0.00318999
1.02786e-05
0.00197984
-0.00199012
-0.0855236
0.0856736
-0.000150019
0.00249959
-0.00371033
-0.461439
0.462649
0.00597797
-0.00819126
-0.653819
0.656032
0.0110275
-0.0135192
-0.800912
0.803404
0.0166994
-0.019647
-0.930776
0.933723
0.0235021
-0.0268659
-1.06178
1.06515
0.0310833
-0.0346659
-1.20274
1.20632
0.0396441
-0.0440219
-1.34998
1.35436
0.0487362
-0.0533246
-1.49737
1.50195
0.0579777
-0.0616591
-1.63486
1.63854
0.0642881
-0.0652833
-1.48136
1.48235
0.0645705
-0.0624859
-1.13597
1.13389
0.0593765
-0.0543711
-0.879714
0.874708
0.0485911
-0.0411139
-0.655824
0.648347
0.0336067
-0.0252791
-0.436993
0.428666
0.0183139
-0.011794
-0.246391
0.239871
0.00712941
-0.00356439
-0.11197
0.108405
0.00151553
-0.000376052
-0.0350767
0.0339372
-3.22169e-05
7.55998e-05
-0.00275205
0.00270867
-1.89945e-05
0.00200814
-0.00198915
-0.0869241
0.0871219
-0.000197783
0.00235676
-0.00413174
-0.465318
0.467093
0.00638253
-0.00872447
-0.658658
0.661
0.011026
-0.0136782
-0.806107
0.808759
0.0165984
-0.0196921
-0.936884
0.939978
0.0228975
-0.0264918
-1.06857
1.07217
0.0304214
-0.0344896
-1.21055
1.21462
0.0391343
-0.0437818
-1.35889
1.36354
0.048742
-0.0534941
-1.50662
1.51137
0.0585649
-0.0629302
-1.64241
1.64678
0.0662181
-0.067714
-1.48379
1.48529
0.0679455
-0.0665732
-1.13172
1.13035
0.0633752
-0.0583139
-0.869448
0.864386
0.0523344
-0.0440609
-0.63982
0.631547
0.0354418
-0.0257445
-0.41889
0.409192
0.0172472
-0.00915433
-0.232037
0.223944
0.00330103
0.00117588
-0.104014
0.099537
-0.00354696
0.00441053
-0.032721
0.0318574
-0.00393305
0.00244154
-0.00311845
0.00460997
-0.000968303
0.00179729
-0.000828985
-0.0884278
0.088657
-0.000229228
0.00248107
-0.00421163
-0.469383
0.471113
0.00640338
-0.00860665
-0.66328
0.665483
0.0110025
-0.0133077
-0.811587
0.813892
0.0165498
-0.0191408
-0.942913
0.945504
0.0227099
-0.0260573
-1.0756
1.07895
0.0298105
-0.0339195
-1.21862
1.22273
0.0385285
-0.0429994
-1.368
1.37247
0.0484487
-0.0532586
-1.51635
1.52116
0.0589382
-0.0637279
-1.65135
1.65614
0.067443
-0.0700618
-1.48753
1.49015
0.0707632
-0.0699323
-1.12868
1.12785
0.0674019
-0.0623423
-0.859263
0.854203
0.0558966
-0.0471127
-0.622173
0.61339
0.0374946
-0.0259652
-0.397942
0.386413
0.0156555
-0.00492465
-0.214022
0.203291
-0.00371443
0.011739
-0.093134
0.0851094
-0.017408
0.0212356
-0.0298406
0.026013
-0.0213951
0.0169807
-0.0072866
0.011701
-0.00902629
-0.00307774
0.012104
-0.0897843
0.0900453
-0.000261028
0.00268228
-0.00429258
-0.473427
0.475037
0.00669682
-0.00874332
-0.668012
0.670059
0.0111683
-0.0135232
-0.816586
0.818941
0.0163908
-0.0195161
-0.948336
0.951461
0.0230276
-0.0261813
-1.08274
1.0859
0.0303729
-0.0348129
-1.22674
1.23118
0.039679
-0.0446831
-1.37727
1.38227
0.0508432
-0.0564753
-1.52655
1.53218
0.0627926
-0.0690093
-1.66114
1.66736
0.073943
-0.0777617
-1.49315
1.49697
0.0798221
-0.0800923
-1.12698
1.12725
0.0779915
-0.0727797
-0.849073
0.843861
0.0655678
-0.0555604
-0.603196
0.593189
0.0443445
-0.0302927
-0.373717
0.359666
0.0168512
-0.00201799
-0.190375
0.175542
-0.0116912
0.0261075
-0.0733836
0.0589673
-0.033519
0.0304591
-0.0183503
0.0214101
-0.0101205
-0.0420405
-0.0150475
0.0672085
0.132147
-0.287058
-0.0369633
0.191875
-0.0911291
0.0914013
-0.00027226
0.00271827
-0.00434721
-0.477478
0.479107
0.00639319
-0.00851699
-0.672399
0.674523
0.0110403
-0.0132627
-0.821746
0.823968
0.0164178
-0.0193054
-0.954461
0.957348
0.022768
-0.0261664
-1.08973
1.09313
0.0303949
-0.0348131
-1.23521
1.23963
0.04013
-0.0451186
-1.38767
1.39266
0.051624
-0.0579298
-1.53816
1.54446
0.0651901
-0.0721046
-1.67361
1.68053
0.0785023
-0.0836959
-1.50162
1.50682
0.0871488
-0.0888465
-1.12752
1.12921
0.0876172
-0.0824401
-0.838928
0.833751
0.0748258
-0.0641517
-0.581648
0.570974
0.05219
-0.037165
-0.34462
0.329595
0.0218588
-0.00594126
-0.158484
0.142566
0.00127866
-0.0266451
-0.0513121
0.0766786
0.105218
-0.298281
-0.0768884
0.269951
0.557436
-0.832714
-0.271489
0.546767
1.0246
-1.162
-0.452513
0.589915
-0.0924025
0.0926049
-0.00020238
0.00258329
-0.00426553
-0.481319
0.483002
0.00615162
-0.00855651
-0.676683
0.679088
0.0110007
-0.0130282
-0.826701
0.828729
0.0159973
-0.0188817
-0.960311
0.963196
0.0223258
-0.0258056
-1.09698
1.10046
0.0301902
-0.0347551
-1.24427
1.24883
0.0404142
-0.0456587
-1.39841
1.40366
0.0525109
-0.0591728
-1.55106
1.55773
0.0676456
-0.0754594
-1.68792
1.69573
0.0832077
-0.089957
-1.51291
1.51966
0.0948256
-0.0983847
-1.13113
1.13469
0.0986711
-0.093765
-0.828809
0.823902
0.0854812
-0.0739785
-0.558128
0.546625
0.0622174
-0.0493148
-0.314614
0.301712
0.0450846
-0.0813705
-0.140044
0.17633
0.20739
-0.494517
-0.19758
0.484707
0.795239
-1.02162
-0.586784
0.813163
1.14402
-1.22861
-0.702971
0.787564
1.27089
-1.29846
-0.652481
0.680051
-0.0933709
0.0932615
0.000109428
0.00231964
-0.00443955
-0.485562
0.487682
0.00603394
-0.00805363
-0.680959
0.682979
0.0109045
-0.0122917
-0.831524
0.832911
0.0159815
-0.0176789
-0.965719
0.967416
0.0225322
-0.0249457
-1.10358
1.106
0.0301775
-0.034365
-1.25324
1.25743
0.0404276
-0.045543
-1.40934
1.41446
0.0535397
-0.0601532
-1.56472
1.57133
0.0699724
-0.0783185
-1.70399
1.71234
0.0880527
-0.0960103
-1.52689
1.53485
0.103171
-0.107747
-1.13793
1.14251
0.111125
-0.106955
-0.819366
0.815196
0.0968183
-0.084694
-0.53214
0.520016
0.0791279
-0.100182
-0.296616
0.31767
0.223272
-0.483553
-0.322853
0.583135
0.793279
-1.03011
-0.818732
1.05556
1.13711
-1.20251
-0.932879
0.998284
1.23577
-1.2584
-0.827467
0.850094
1.27209
-1.28574
-0.695059
0.708708
-0.0943219
0.0458265
-0.00397492
0.0524704
0.491077
0.00405874
-0.00446144
-0.490675
0.685558
0.00668344
-0.00747533
-0.684766
0.838065
0.0097363
-0.0127
-0.835101
0.972423
0.0144578
-0.0178163
-0.969065
1.11244
0.0209115
-0.0250821
-1.10827
1.44131
-0.14632
-0.0338963
-1.2611
1.60083
-0.13532
-0.0457382
-1.41977
1.75957
-0.120161
-0.0614151
-1.578
1.90126
-0.098725
-0.0814232
-1.72111
1.7274
-0.081796
-0.102498
-1.5431
1.33164
-0.0668584
-0.117841
-1.14694
0.984558
-0.0473444
-0.123864
-0.81335
0.496418
0.110341
-0.0941323
-0.512626
0.566039
0.155076
-0.276164
-0.444951
1.25344
0.588871
-0.932858
-0.90945
1.24777
1.07519
-1.14269
-1.18027
1.06146
1.17768
-1.20164
-1.03751
0.885324
1.21824
-1.23592
-0.867645
0.731394
1.24977
-1.26137
-0.719795
-0.111823
0.109957
0.00186511
-0.484964
0.487978
0.00286648
-0.00587987
-0.686489
0.688695
0.00785384
-0.0100596
-0.843934
0.845257
0.0130898
-0.0144123
-0.983471
0.984803
0.0190622
-0.0203944
-1.12603
1.1281
0.0257133
-0.0277848
-1.28041
1.28377
0.0342273
-0.0375925
-1.44404
1.44905
0.0456222
-0.0506337
-1.60955
1.61619
0.0610333
-0.0676787
-1.76153
1.77129
0.0812802
-0.0910406
-1.58642
1.59706
0.106756
-0.117397
-1.17986
1.18782
0.132249
-0.14021
-0.818257
0.822196
0.150174
-0.154114
-0.641661
0.774346
0.200704
-0.333389
-1.17747
1.47467
0.560882
-0.858073
-1.49157
1.58477
0.986492
-1.07969
-1.31799
1.34901
1.1122
-1.14322
-1.10045
1.1226
1.16324
-1.18539
-0.915135
0.934111
1.20023
-1.21921
0.902498
-0.332654
1.4235
-1.24659
-0.746755
-0.107228
0.105726
0.00150203
-0.49052
0.493578
0.00304169
-0.0060993
-0.690628
0.693176
0.00828771
-0.0108362
-0.846795
0.849522
0.0133178
-0.0160447
-0.98681
0.989833
0.0192663
-0.0222885
-1.1308
1.13461
0.0263048
-0.0301118
-1.28794
1.2926
0.0354827
-0.0401395
-1.45428
1.46078
0.0475227
-0.0540246
-1.62377
1.63245
0.0636066
-0.0722852
-1.78166
1.79389
0.0855105
-0.0977467
-1.60915
1.6237
0.113334
-0.127884
-1.19761
1.21053
0.14255
-0.155477
-0.839684
0.876135
0.166036
-0.202487
-0.963028
1.1938
0.307831
-0.538599
-1.70361
1.8666
0.793725
-0.956716
-1.64269
1.6872
1.02601
-1.07052
-1.37841
1.40578
1.09875
-1.12612
-1.14744
1.16781
1.14982
-1.17019
-0.952482
0.97184
1.18364
-1.203
0.907046
-0.317767
-0.77602
1.42243
-1.23569
-0.103774
0.103052
0.000721857
-0.496064
0.498877
0.00363597
-0.00644913
-0.695931
0.698422
0.00889961
-0.0113902
-0.851811
0.854912
0.0140643
-0.0171651
-0.99308
0.996355
0.0202882
-0.0235624
-1.1388
1.14319
0.0277485
-0.0321388
-1.29814
1.3037
0.0372531
-0.0428151
-1.46781
1.47561
0.0496219
-0.0574228
-1.64198
1.65228
0.0667981
-0.0770996
-1.80722
1.82186
0.0899762
-0.104618
-1.63994
1.65786
0.120325
-0.138238
-1.22378
1.23819
0.153779
-0.168189
-0.92902
1.00833
0.194445
-0.273752
-1.46377
1.74329
0.455432
-0.734956
-1.97238
2.05009
0.896918
-0.974635
-1.72078
1.75336
1.01587
-1.04845
-1.4344
1.46328
1.0763
-1.10519
-1.19439
1.22262
1.13016
-1.1584
-0.996479
1.01653
1.18084
-1.20089
0.912955
-0.301044
-0.81191
1.42548
-1.22548
-0.101663
0.101634
2.9317e-05
-0.501259
0.504172
0.00394347
-0.00685652
-0.701138
0.704047
0.00941925
-0.0123278
-0.857714
0.860834
0.0151437
-0.0182633
-0.999879
1.00347
0.0213497
-0.0249434
-1.14738
1.15207
0.0292419
-0.033934
-1.30948
1.31527
0.0394532
-0.0452475
-1.48309
1.49124
0.0526079
-0.0607596
-1.66276
1.67357
0.0705065
-0.081323
-1.83685
1.85249
0.0952916
-0.110935
-1.67596
1.69558
0.128023
-0.147638
-1.25379
1.27622
0.164214
-0.186645
-1.12301
1.26923
0.235197
-0.381413
-1.99968
2.21712
0.615198
-0.832629
-2.11015
2.15781
0.914104
-0.961761
-1.78163
1.81005
0.99098
-1.0194
-1.49194
1.52549
1.04964
-1.08319
-1.25404
1.27304
1.10868
-1.12768
-1.02862
1.03878
1.13755
-1.14771
0.891344
-0.266312
-0.835463
1.38575
-1.17532
-0.100817
0.101225
-0.000408683
-0.506375
0.509382
0.00443554
-0.00744185
-0.706739
0.709845
0.00986965
-0.0129755
-0.863705
0.866858
0.0161373
-0.0192907
-1.00709
1.01054
0.0229222
-0.0263752
-1.15645
1.1615
0.0309205
-0.0359718
-1.32165
1.32749
0.0418
-0.0476453
-1.49906
1.50726
0.0555802
-0.0637838
-1.6847
1.69607
0.0740621
-0.0854286
-1.86856
1.8848
0.100518
-0.116754
-1.71494
1.73593
0.135432
-0.156421
-1.30282
1.33875
0.175288
-0.211221
-1.44501
1.64816
0.297924
-0.501068
-2.38211
2.50341
0.730927
-0.852226
-2.19746
2.23157
0.902574
-0.93669
-1.8375
1.86667
0.95975
-0.98892
-1.54983
1.57057
1.01504
-1.03578
-1.28063
1.27884
1.04914
-1.04736
-1.00409
0.939781
1.02499
-0.96069
0.777015
-0.160183
-0.807882
1.07691
-0.885856
-0.100945
0.10168
-0.000735314
-0.511728
0.514633
0.00502165
-0.00792667
-0.712425
0.715457
0.0107888
-0.0138199
-0.869931
0.873265
0.0171373
-0.0204716
-1.01442
1.01848
0.0238137
-0.0278734
-1.16589
1.17073
0.0323907
-0.0372315
-1.33371
1.33983
0.0434473
-0.0495679
-1.51531
1.52373
0.0574803
-0.0658954
-1.70713
1.71883
0.0763225
-0.0880218
-1.90111
1.91785
0.102899
-0.11964
-1.75598
1.777
0.13847
-0.159491
-1.37858
1.43165
0.182958
-0.236024
-1.86602
2.09719
0.359848
-0.59102
-2.58889
2.65532
0.748709
-0.815138
-2.25949
2.28425
0.84734
-0.872096
-1.89459
1.91693
0.89472
-0.917056
-1.58136
1.57672
0.928171
-0.923533
-1.2463
1.17364
0.89617
-0.823506
-0.783349
0.493187
0.678368
-0.388206
-0.102141
-0.0282683
0.130409
-0.101498
0.102443
-0.000945226
-0.51711
0.520013
0.00548491
-0.00838824
-0.718489
0.721597
0.0114692
-0.0145772
-0.876484
0.879761
0.0183097
-0.021587
-1.0226
1.02652
0.0256531
-0.0295659
-1.17599
1.18102
0.0349319
-0.0399611
-1.3466
1.35335
0.04659
-0.0533458
-1.53291
1.54186
0.0620038
-0.0709471
-1.73123
1.744
0.0828817
-0.0956592
-1.9361
1.9547
0.112526
-0.131117
-1.79954
1.82422
0.152104
-0.176787
-1.49958
1.58676
0.209631
-0.296808
-2.34406
2.57611
0.466941
-0.698988
-2.71187
2.75936
0.795721
-0.84321
-2.30876
2.33197
0.870711
-0.893918
-1.93345
1.94311
0.911998
-0.921657
-1.55706
1.50682
0.912919
-0.862674
-1.0253
0.765656
0.7434
-0.48376
-0.185126
0.0170665
0.195
-0.0269406
0.0458559
-0.0380879
-0.00776794
-0.10243
0.103493
-0.00106319
-0.522149
0.525733
0.00542781
-0.00901182
-0.724434
0.727925
0.0123045
-0.0157955
-0.883405
0.887189
0.0192497
-0.0230335
-1.0308
1.03524
0.027222
-0.0316582
-1.18678
1.19255
0.0367045
-0.0424732
-1.36056
1.36841
0.049409
-0.0572636
-1.5518
1.56181
0.066266
-0.0762705
-1.75777
1.77169
0.0894517
-0.103377
-1.97513
1.99599
0.122008
-0.142868
-1.85059
1.88018
0.166289
-0.195884
-1.69673
1.82562
0.244722
-0.37362
-2.79404
2.97678
0.582042
-0.764788
-2.80123
2.83749
0.826589
-0.862851
-2.3546
2.37368
0.885583
-0.904665
-1.94399
1.92742
0.912941
-0.896375
-1.40612
1.23341
0.831258
-0.658548
-0.424923
0.150432
0.360557
-0.086066
0.0472308
-0.0636502
0.00652676
0.00989266
0.0310884
-0.0248057
-0.00628269
-0.103314
0.104344
-0.0010302
-0.527683
0.530921
0.0056488
-0.00888618
-0.73103
0.734476
0.012619
-0.0160657
-0.891015
0.894528
0.0202786
-0.0237912
-1.03984
1.04446
0.0285226
-0.0331411
-1.19842
1.20454
0.0389338
-0.0450529
-1.37596
1.38398
0.0525099
-0.060533
-1.57256
1.58316
0.070741
-0.0813474
-1.78703
1.80218
0.0958529
-0.111002
-2.01818
2.04111
0.131481
-0.154414
-1.91297
1.95049
0.180861
-0.218384
-1.97667
2.14741
0.2904
-0.461143
-3.13047
3.24921
0.680807
-0.799554
-2.87019
2.89859
0.844464
-0.872862
-2.38983
2.39822
0.89158
-0.899976
-1.88368
1.79778
0.880329
-0.794427
-0.960841
0.609522
0.617387
-0.266068
-0.00947375
-0.051466
0.0647016
-0.00376183
0.0662259
-0.0650734
-0.00821831
0.00706589
0.0204004
-0.0174794
-0.002921
-0.104044
0.105041
-0.00099714
-0.533035
0.536185
0.00566225
-0.00881279
-0.737495
0.741394
0.0125302
-0.0164291
-0.898721
0.903004
0.0204604
-0.0247429
-1.04958
1.05432
0.0295735
-0.0343165
-1.211
1.21724
0.0405507
-0.0467976
-1.39257
1.40105
0.0554052
-0.0638826
-1.59496
1.6065
0.0746449
-0.0861801
-1.81844
1.83521
0.101428
-0.1182
-2.06562
2.09049
0.140444
-0.165313
-1.99244
2.04154
0.195173
-0.244274
-2.34085
2.55002
0.346463
-0.55563
-3.34558
3.42242
0.741965
-0.818806
-2.9237
2.94594
0.850496
-0.872738
-2.39709
2.37463
0.879608
-0.857144
-1.65586
1.46049
0.781226
-0.585859
-0.280417
0.0784441
0.242796
-0.0408231
0.0728796
-0.082204
-0.00296146
0.0122858
0.0618973
-0.0571127
-0.0112451
0.00646049
0.01541
-0.0131386
-0.00227141
-0.104412
0.105269
-0.000857392
-0.538363
0.54164
0.00537776
-0.0086548
-0.744425
0.74835
0.0125401
-0.0164647
-0.90702
0.911333
0.0206044
-0.0249174
-1.0599
1.06484
0.03015
-0.0350827
-1.22441
1.23106
0.0418564
-0.0485048
-1.41016
1.41928
0.0571094
-0.0662313
-1.61925
1.63161
0.0778451
-0.0902007
-1.85301
1.87089
0.106705
-0.124587
-2.117
2.14413
0.148123
-0.175252
-2.09621
2.16183
0.209326
-0.274949
-2.77918
3.01281
0.405411
-0.639041
-3.48626
3.53773
0.768587
-0.820054
-2.96468
2.97601
0.843102
-0.854429
-2.33366
2.26042
0.839533
-0.76629
-1.1713
0.814019
0.601129
-0.243849
0.0196173
-0.0705049
0.0588573
-0.00796972
0.0823356
-0.0845765
-0.00609726
0.00833825
0.0522272
-0.0491455
-0.00640677
0.00332511
0.0113122
-0.0102294
-0.00108278
-0.104323
0.104959
-0.000635649
-0.543327
0.546439
0.00485084
-0.00796213
-0.751501
0.755375
0.0117161
-0.0155907
-0.915524
0.919803
0.0200407
-0.0243194
-1.07038
1.07579
0.0298739
-0.035293
-1.23827
1.2454
0.04178
-0.0489137
-1.42891
1.43853
0.0576724
-0.0672902
-1.64481
1.65823
0.0796373
-0.0930551
-1.88957
1.90826
0.110554
-0.129242
-2.17259
2.20109
0.154441
-0.182942
-2.23403
2.32108
0.223522
-0.310579
-3.24883
3.46862
0.467191
-0.686977
-3.57901
3.61277
0.770306
-0.804059
-2.9829
2.97719
0.820201
-0.814488
-2.1551
1.99451
0.765349
-0.604765
-0.452558
0.191351
0.308553
-0.0473458
0.089985
-0.102672
0.00075695
0.0119295
0.0848672
-0.0832238
-0.0115264
0.009883
0.0467881
-0.0433722
-0.00677591
0.00336001
0.00954745
-0.00846008
-0.00108737
-0.103495
0.10389
-0.000394954
-0.54761
0.550583
0.0034244
-0.0063975
-0.758036
0.76214
0.0101572
-0.0142617
-0.924219
0.928411
0.018933
-0.0231251
-1.08145
1.08683
0.0283275
-0.033707
-1.25279
1.25993
0.040744
-0.0478816
-1.44883
1.4585
0.0573533
-0.0670215
-1.67211
1.68574
0.0803199
-0.0939415
-1.92817
1.94801
0.111958
-0.131805
-2.2317
2.26199
0.158078
-0.188368
-2.41594
2.52402
0.23613
-0.344201
-3.67546
3.85313
0.521785
-0.699456
-3.6394
3.66343
0.751457
-0.775491
-2.96058
2.92286
0.779377
-0.741663
-1.80784
1.55897
0.634386
-0.385521
-0.0394513
-0.0415069
0.0754676
0.00549064
0.113693
-0.113747
-0.01451
0.0145633
0.0811854
-0.078115
-0.0128834
0.009813
0.040342
-0.0370457
-0.00665692
0.00336066
0.00764216
-0.00652344
-0.00111872
-0.101832
0.101714
0.000117553
-0.55107
0.553561
0.00177205
-0.00426272
-0.7645
0.768382
0.00755055
-0.011433
-0.932716
0.937011
0.0160067
-0.0203009
-1.09275
1.0983
0.0253213
-0.0308712
-1.26787
1.27524
0.0377828
-0.0451503
-1.46878
1.47887
0.0545753
-0.0646606
-1.70021
1.71435
0.0779709
-0.0921109
-1.96863
1.98868
0.110724
-0.130765
-2.29414
2.3269
0.157977
-0.190737
-2.63566
2.75971
0.245128
-0.369182
-4.0038
4.12425
0.559189
-0.679639
-3.68199
3.69691
0.713762
-0.728683
-2.87464
2.80474
0.716907
-0.647002
-1.26545
0.944922
0.487919
-0.167389
0.0796328
-0.108715
0.0598264
-0.0307445
0.117784
-0.127743
0.0142037
-0.00424447
0.0782568
-0.0797307
-0.000467701
0.00194166
0.0359874
-0.0351491
-0.00173735
0.000899095
0.00632059
-0.00605669
-0.000263897
-0.0989416
0.0984331
0.000508501
-0.552934
0.554696
-0.00052936
-0.00123235
-0.770387
0.774063
0.00352093
-0.00719638
-0.941333
0.945392
0.0115898
-0.0156492
-1.10409
1.10936
0.0207051
-0.0259703
-1.28252
1.29
0.0326319
-0.0401153
-1.48939
1.49933
0.0493342
-0.0592805
-1.72878
1.74278
0.0727537
-0.0867448
-2.0093
2.02991
0.105274
-0.12588
-2.36094
2.39525
0.153222
-0.187533
-2.88426
3.01998
0.250096
-0.385816
-4.22234
4.29965
0.560072
-0.637382
-3.70768
3.71325
0.658868
-0.664431
-2.72018
2.60488
0.630368
-0.515065
-0.629725
0.363235
0.296815
-0.0303255
0.119425
-0.122862
-0.00288584
0.00632313
0.132031
-0.135121
-0.00927481
0.0123645
0.0803058
-0.0782584
-0.0125218
0.0104743
0.0334272
-0.029755
-0.00732378
0.00365154
0.00563821
-0.00449152
-0.0011467
-0.0947441
0.0935495
0.00119463
-0.552753
0.553224
-0.00385865
0.00338719
-0.775498
0.777847
-0.00180189
-0.000547721
-0.949188
0.952989
0.00477709
-0.0085775
-1.11494
1.11948
0.0132639
-0.0178031
-1.29731
1.30414
0.0243449
-0.0311803
-1.50936
1.51956
0.0400318
-0.0502295
-1.75705
1.77099
0.0627397
-0.0766717
-2.05039
2.07018
0.0950453
-0.114834
-2.43043
2.46634
0.141563
-0.177478
-3.15156
3.28925
0.245799
-0.38349
-4.35982
4.40867
0.525517
-0.574368
-3.71341
3.70469
0.588657
-0.579938
-2.48469
2.34449
0.527605
-0.387411
-0.195181
0.104456
0.154668
-0.0639423
0.141177
-0.173551
0.0319944
0.000379192
0.141313
-0.152293
-0.0175155
0.0284954
0.0767434
-0.0726506
-0.0309297
0.0268369
0.0246281
-0.0154228
-0.0194996
0.0102943
0.00272702
0.000722823
-0.00344985
-0.0886647
0.086925
0.00173974
-0.548865
0.548131
-0.00813572
0.00886957
-0.778808
0.779938
-0.00896485
0.0078341
-0.95577
0.958857
-0.00517532
0.00208835
-1.12463
1.12904
0.00197775
-0.00638276
-1.31104
1.31761
0.0116708
-0.0182442
-1.52882
1.53811
0.0265005
-0.0357916
-1.78476
1.79771
0.047649
-0.0606034
-2.08939
2.1086
0.0778647
-0.0970786
-2.50149
2.53664
0.122922
-0.158072
-3.41596
3.54644
0.225523
-0.355994
-4.44568
4.477
0.459682
-0.490999
-3.69212
3.67148
0.499053
-0.478418
-2.21264
2.05295
0.407044
-0.247359
-0.0512087
-0.0038781
0.0372974
0.0177894
0.211335
-0.234437
-0.0623051
0.0854067
0.16086
-0.157592
-0.0934533
0.0901852
0.0623286
-0.043232
-0.0772546
0.058158
-0.000143603
0.0197053
-0.0397354
0.0201737
-0.00643283
0.0130149
-0.00658212
-0.0804681
0.0780534
0.00241472
-0.541003
0.537729
-0.0132095
0.0164833
-0.779015
0.778389
-0.019121
0.0197476
-0.960501
0.962592
-0.0189639
0.0168731
-1.13319
1.13649
-0.0137259
0.0104175
-1.32391
1.3289
-0.00552975
0.000538338
-1.54679
1.55492
0.0067676
-0.0149007
-1.81033
1.82226
0.0254043
-0.0373344
-2.12669
2.14359
0.0533543
-0.0702605
-2.56976
2.60246
0.0939309
-0.126639
-3.65886
3.76948
0.187459
-0.298082
-4.49909
4.52008
0.365755
-0.386753
-3.6511
3.6278
0.391069
-0.367776
-1.9096
1.76005
0.298636
-0.149093
0.0708423
-0.137893
0.00234556
0.064705
0.241922
-0.250814
-0.0859313
0.0948236
0.142285
-0.112506
-0.0828547
0.0530754
0.0197811
0.00298383
-0.0265251
0.00376024
-0.0365304
0.0381774
0.0068625
-0.00850948
-0.0156347
0.0111831
0.00445164
-0.0698444
0.0666045
0.00323989
-0.527057
0.519997
-0.0204826
0.0275423
-0.775331
0.772335
-0.0333016
0.0362978
-0.96332
0.963537
-0.0380179
0.0378006
-1.13957
1.142
-0.0365606
0.0341311
-1.33397
1.33824
-0.0306085
0.0263431
-1.56225
1.56914
-0.0209328
0.0140438
-1.83324
1.84314
-0.00480664
-0.00509466
-2.15967
2.17473
0.0181222
-0.0331793
-2.63057
2.65792
0.0532039
-0.080549
-3.85101
3.92717
0.128239
-0.204401
-4.53519
4.5504
0.243706
-0.258912
-3.61353
3.60195
0.265771
-0.254193
-1.65502
1.54794
0.209176
-0.102096
0.173356
-0.197727
0.0615956
-0.0372251
0.247449
-0.250796
0.0264899
-0.0231426
0.0929369
-0.0848333
0.028323
-0.0364266
-0.00988182
0.00407415
0.0391412
-0.0333335
-0.0238244
0.0120572
0.0245569
-0.0127897
-0.00385553
-7.56925e-05
0.00393123
-0.0563736
0.0516494
0.0047242
-0.504054
0.491618
-0.0312848
0.0437202
-0.766145
0.759867
-0.0534133
0.0596914
-0.96295
0.960843
-0.0641726
0.0662786
-1.14389
1.14465
-0.0668197
0.0660556
-1.34133
1.34389
-0.0643229
0.0617621
-1.57454
1.57947
-0.0579597
0.0530301
-1.85191
1.85949
-0.0464457
0.0388651
-2.18748
2.19938
-0.0283417
0.0164438
-2.67755
2.69475
0.000328658
-0.017533
-3.96523
3.99536
0.0435172
-0.0736538
-4.55776
4.56545
0.0890178
-0.0967027
-3.60323
3.60219
0.0966542
-0.0956075
-1.52466
1.51589
0.0869207
-0.0781457
0.203036
-0.215476
0.12196
-0.109521
0.267191
-0.29342
0.0811998
-0.0549708
0.0981017
-0.11896
0.0303824
-0.00952387
0.00253325
-0.00666305
-0.000594867
0.00472466
-0.00627931
0.0084317
-0.00447823
0.00232584
0.00149334
-0.00115439
-0.000338949
-0.0410521
0.0350846
0.00596746
-0.468083
0.448354
-0.044758
0.0644872
-0.748451
0.737757
-0.0815323
0.0922261
-0.958083
0.95319
-0.09971
0.104604
-1.14524
1.14397
-0.10782
0.109091
-1.34542
1.34625
-0.109148
0.108313
-1.58275
1.5853
-0.106459
0.10391
-1.86547
1.87006
-0.10013
0.0955415
-2.208
2.21528
-0.0889662
0.0816813
-2.70609
2.71584
-0.0721137
0.0623706
-3.98148
3.96145
-0.0615825
0.0816118
-4.55393
4.53907
-0.100747
0.115607
-3.60918
3.59077
-0.137975
0.156382
-1.57689
1.63043
-0.157874
0.104335
0.197824
-0.165335
-0.034739
0.00224906
0.312488
-0.317487
-0.000179183
0.00517759
0.142155
-0.153536
-0.0151041
0.0264849
0.00853234
-0.00467715
-0.0296226
0.0257675
-0.0135311
0.022475
-0.0189855
0.0100416
4.69379e-05
0.00296158
-0.00300852
-0.025021
0.0190509
0.00597015
-0.414971
0.384326
-0.0582007
0.088846
-0.718165
0.699765
-0.116151
0.134551
-0.945991
0.938233
-0.147861
0.155619
-1.14176
1.13788
-0.161824
0.165703
-1.34552
1.3444
-0.167483
0.168605
-1.58575
1.58599
-0.169305
0.16907
-1.87267
1.87427
-0.168721
0.167124
-2.21919
2.22167
-0.164844
0.162361
-2.71405
2.7132
-0.159305
0.160151
-3.88539
3.81569
-0.184195
0.253892
-4.51069
4.48273
-0.303293
0.331254
-3.58135
3.5715
-0.354807
0.364655
-1.74002
1.81905
-0.339651
0.260622
0.0991406
0.0106975
-0.171253
0.0614153
0.303841
-0.286088
-0.0193364
0.00158357
0.164688
-0.183083
-0.00386054
0.0222555
0.000365246
-0.00152709
-0.0344249
0.0355868
-0.0338476
0.0446468
-0.0296213
0.0188221
-0.00873356
0.0167498
-0.00801625
-0.0107342
0.00593492
0.00479932
-0.33588
0.289586
-0.0637982
0.110092
-0.669208
0.638471
-0.154923
0.185661
-0.924887
0.911368
-0.208688
0.222206
-1.13234
1.12573
-0.231817
0.23843
-1.34147
1.33892
-0.243096
0.245645
-1.58378
1.58123
-0.248253
0.250807
-1.87288
1.87068
-0.253562
0.255762
-2.22012
2.21773
-0.257834
0.260219
-2.70132
2.69135
-0.263407
0.273379
-3.69554
3.58579
-0.312128
0.421881
-4.44328
4.41579
-0.495703
0.523196
-3.58949
3.62209
-0.52152
0.488922
-1.95872
2.07824
-0.414088
0.294572
-0.152268
0.324608
-0.124487
-0.0478533
0.251042
-0.231054
0.13636
-0.156349
0.209632
-0.24723
0.144241
-0.106644
0.0238368
-0.0743114
0.0521174
-0.00164289
-0.0527852
0.0532767
-0.0184829
0.0179914
-0.0273443
0.036962
-0.00961771
-0.000435939
-0.00264163
0.00307757
-0.226611
0.16934
-0.0534797
0.110751
-0.587892
0.533053
-0.182411
0.237251
-0.887879
0.863647
-0.278711
0.302943
-1.11664
1.10694
-0.319536
0.329237
-1.33475
1.32947
-0.337307
0.342587
-1.57618
1.57136
-0.34727
0.352089
-1.86567
1.86044
-0.357973
0.363206
-2.21142
2.20418
-0.369527
0.376765
-2.67759
2.66448
-0.385894
0.399006
-3.42718
3.28823
-0.439695
0.578648
-4.36966
4.32595
-0.718752
0.762457
-3.67206
3.74067
-0.743807
0.675191
-2.25536
2.52173
-0.530252
0.26389
-0.588134
0.851832
0.0116453
-0.275344
0.122445
0.00884707
0.475122
-0.606414
0.287679
-0.296956
0.661623
-0.652345
0.190786
-0.339578
0.576783
-0.427992
-0.0228577
-0.145094
0.254124
-0.0861722
-0.0452306
0.0344969
0.0107337
-0.0069703
0.00563445
0.00133586
-0.105862
0.0612312
-0.0308121
0.0754425
-0.448381
0.357991
-0.162221
0.252612
-0.821175
0.769458
-0.333958
0.385676
-1.09085
1.07252
-0.420123
0.438451
-1.3205
1.31065
-0.451377
0.461225
-1.56389
1.5574
-0.468995
0.475483
-1.85079
1.84198
-0.483641
0.492448
-2.19295
2.1804
-0.503839
0.516394
-2.64222
2.61637
-0.534587
0.560431
-3.11237
2.96025
-0.615538
0.767662
-4.21637
4.0439
-1.06079
1.23326
-3.7907
3.74409
-1.29892
1.34553
-2.8717
2.98343
-1.35898
1.24725
-1.24493
1.65035
-0.924577
0.519158
-0.237219
0.511325
-0.206056
-0.0680506
0.255443
-0.0930997
0.277067
-0.43941
0.455009
-0.416819
0.540294
-0.578483
0.401453
-0.556864
0.524413
-0.369003
0.0687575
-0.234564
0.165807
0.0121151
-0.0145164
0.000109231
0.00229206
-0.023759
0.00112412
-0.011891
0.0345259
-0.247092
0.154178
-0.0896012
0.182515
-0.693928
0.602364
-0.304198
0.395762
-1.05113
1.01965
-0.460457
0.491938
-1.30918
1.30536
-0.50634
0.510154
-1.56136
1.56505
-0.510426
0.506741
-1.84474
1.84725
-0.502429
0.499919
-2.18249
2.18255
-0.498756
0.49869
-2.60823
2.59954
-0.502057
0.510746
-2.86283
2.78341
-0.538303
0.617723
-3.86518
3.62906
-0.843119
1.07923
-3.68101
3.60179
-1.20842
1.28764
-2.97866
2.93395
-1.34668
1.39139
-1.89399
2.04302
-1.36983
1.2208
-0.72076
0.952855
-1.01218
0.780083
-0.0493013
0.19447
-0.60003
0.454861
0.334731
-0.21928
-0.343192
0.227741
0.518822
-0.438352
-0.130858
0.0503878
0.297673
-0.296189
-0.00148384
0.0157398
-0.0162369
0.000166805
0.000330293
0.0122564
-0.0201864
-0.00336776
0.0112978
-0.0879654
0.0455332
-0.0317372
0.0741694
-0.499011
0.39038
-0.173169
0.281801
-0.976559
0.920988
-0.377547
0.433118
-1.29902
1.28771
-0.46452
0.475825
-1.56572
1.56642
-0.47808
0.477389
-1.84985
1.85158
-0.473762
0.47204
-2.18196
2.18107
-0.470815
0.471702
-2.59061
2.58092
-0.476295
0.485977
-2.71206
2.65272
-0.505921
0.565269
-3.35806
3.08082
-0.706253
0.98349
-3.50653
3.40558
-1.14633
1.24728
-2.88936
2.84127
-1.31015
1.35824
-2.11616
2.15409
-1.37401
1.33608
-1.15574
1.32036
-1.23472
1.07009
-0.378865
0.565355
-0.896868
0.710378
0.0664301
0.0782171
-0.553457
0.40881
0.336533
-0.205987
-0.28101
0.150464
0.260207
-0.201316
-0.0588917
0.0159842
-0.015223
0.000560519
-0.00132173
0.0247252
-0.0273126
0.00130227
0.00128512
-0.0172811
-0.00225726
-0.0100659
0.0296042
-0.284926
0.192789
-0.0769255
0.169063
-0.853107
0.774041
-0.281223
0.36029
-1.27185
1.24964
-0.412559
0.434769
-1.5649
1.56353
-0.442559
0.443937
-1.85437
1.8569
-0.443133
0.440606
-2.18075
2.18136
-0.439494
0.438882
-2.56986
2.5588
-0.443827
0.454884
-2.60721
2.57446
-0.472368
0.505123
-2.82762
2.61754
-0.579386
0.789465
-3.30393
3.2082
-0.957219
1.05295
-2.79921
2.76848
-1.09951
1.13024
-2.17877
2.20267
-1.13663
1.11273
-1.45449
1.56141
-1.05449
0.94757
-0.737007
0.886668
-0.822688
0.673026
-0.229085
0.367121
-0.53962
0.401584
0.083618
0.0345492
-0.283409
0.165242
0.12941
-0.0600031
-0.0694065
0.0142268
-0.0134465
0.00058237
-0.00136261
0.0287082
-0.0299034
0.00167858
-0.000483452
0.0158342
-0.02563
-0.00404443
0.0138402
-0.123052
0.0766172
-0.0364742
0.0829085
-0.686888
0.59401
-0.188249
0.281128
-1.22103
1.18596
-0.351712
0.386782
-1.561
1.55713
-0.402811
0.406679
-1.85961
1.86289
-0.40715
0.403867
-2.18171
2.18288
-0.402209
0.401038
-2.54924
2.54221
-0.402025
0.409058
-2.54948
2.52995
-0.42134
0.44087
-2.46871
2.37051
-0.47801
0.576209
-3.11636
3.02702
-0.724285
0.813619
-2.74833
2.74339
-0.840054
0.844995
-2.22859
2.25634
-0.837007
0.809252
-1.64789
1.72352
-0.762612
0.686981
-1.00925
1.10939
-0.602878
0.502747
-0.4884
0.594718
-0.407557
0.301238
-0.145136
0.234595
-0.21064
0.121181
-0.00122427
0.0507261
-0.0495018
0.0130897
-0.0131142
4.92631e-05
-2.47769e-05
0.0312551
-0.0329077
-0.000409113
0.00206175
0.0330057
-0.0404326
-0.00644119
0.0138681
-0.0458371
0.0222445
-0.027832
0.0514246
-0.499968
0.408791
-0.115608
0.206785
-1.14546
1.10003
-0.286471
0.331908
-1.55208
1.54496
-0.356856
0.363977
-1.86467
1.86636
-0.36432
0.362631
-2.18394
2.18601
-0.3584
0.356321
-2.53817
2.53685
-0.354594
0.35591
-2.51616
2.50739
-0.362026
0.370793
-2.30789
2.26752
-0.385006
0.425374
-2.94573
2.87656
-0.515766
0.584942
-2.75081
2.763
-0.605825
0.59363
-2.2855
2.3185
-0.571256
0.538255
-1.7921
1.85442
-0.495915
0.433595
-1.19416
1.26803
-0.3644
0.290526
-0.681533
0.750222
-0.22244
0.153752
-0.303515
0.352128
-0.101472
0.0528597
-0.0844703
0.102682
-0.0182115
0.012369
-0.00851919
0.00144478
-0.00529456
0.0336813
-0.0312037
0.0104839
-0.0129615
0.0493429
-0.0582216
0.00986589
-0.000987184
0.00127343
-0.0266668
-0.0182837
0.043677
-0.330395
0.269451
-0.0792807
0.140224
-1.05188
0.997922
-0.216971
0.270926
-1.53544
1.52386
-0.304768
0.316344
-1.86683
1.86803
-0.317638
0.316433
-2.18933
2.1937
-0.310868
0.306497
-2.53806
2.54073
-0.303164
0.300488
-2.50245
2.5001
-0.301186
0.303538
-2.24119
2.2247
-0.308972
0.325462
-2.81971
2.77252
-0.371683
0.418871
-2.7756
2.78636
-0.433184
0.422427
-2.35378
2.38631
-0.398942
0.366418
-1.91043
1.95645
-0.33244
0.286417
-1.33344
1.39284
-0.233108
0.173704
-0.801965
0.842914
-0.127326
0.0863781
-0.387258
0.417519
-0.0553356
0.0250748
-0.110825
0.115683
-0.00485798
-0.000917488
0.0157637
0.00751173
-0.0223579
0.0223702
-0.00542793
0.0426544
-0.0595966
0.0631336
-0.0623192
0.0708695
-0.0716839
0.0544092
-0.0753231
0.0649363
-0.0440224
-0.216724
0.154774
0.000860929
0.0610894
-0.942538
0.877943
-0.137012
0.201606
-1.50789
1.48957
-0.24567
0.263985
-1.86949
1.8713
-0.267651
0.265841
-2.19939
2.20573
-0.260485
0.254147
-2.54397
2.54785
-0.24837
0.244494
-2.49897
2.4995
-0.241671
0.241143
-2.21327
2.20461
-0.243138
0.251795
-2.73458
2.70264
-0.275349
0.307285
-2.79282
2.79548
-0.319425
0.316762
-2.41044
2.42554
-0.305576
0.290473
-1.98944
2.00955
-0.275947
0.255839
-1.44575
1.48941
-0.228628
0.184965
-0.879909
0.916551
-0.147702
0.111059
-0.449693
0.487217
-0.0779153
0.040391
-0.122895
0.134394
-0.0114993
-0.0327399
0.0446351
0.00631567
-0.0182109
-0.0157575
0.0285786
0.033783
-0.0466041
0.0568453
-0.0604927
0.052216
-0.0485686
0.086199
-0.0931445
0.0401911
-0.0332456
-0.0859521
0.0519665
0.0220003
0.0119853
-0.812496
0.75
-0.104522
0.167017
-1.47146
1.4566
-0.207797
0.222658
-1.87431
1.88015
-0.222374
0.216533
-2.2131
2.22153
-0.20804
0.199615
-2.55294
2.55922
-0.191738
0.185454
-2.50203
2.50574
-0.181093
0.177386
-2.19734
2.1908
-0.176767
0.183306
-2.67396
2.64825
-0.200674
0.226393
-2.79526
2.79242
-0.239659
0.242503
-2.43472
2.43917
-0.239703
0.235259
-2.0201
2.02534
-0.231473
0.226227
-1.52279
1.54775
-0.216027
0.191071
-0.953375
0.989646
-0.161602
0.125331
-0.529134
0.572349
-0.0879737
0.0447585
-0.148317
0.161403
-0.0130861
-0.0477928
0.0382761
0.000637173
0.00887958
-0.0170371
-0.036244
-0.0396648
0.0929459
0.0915736
-0.147451
-0.162243
0.218121
0.110455
-0.130863
-0.266007
0.286416
-0.0727218
0.121408
-0.272606
0.22392
-0.696318
0.678852
-0.197238
0.214704
-1.45508
1.46681
-0.218078
0.206349
-1.89159
1.90931
-0.185907
0.168179
-2.23093
2.24173
-0.152638
0.141836
-2.56605
2.57289
-0.132669
0.125834
-2.50973
2.51404
-0.121165
0.116851
-2.18606
2.1834
-0.113347
0.11601
-2.62376
2.59782
-0.129638
0.155576
-2.78789
2.78261
-0.170879
0.176168
-2.44047
2.44091
-0.176486
0.176045
-2.02841
2.03097
-0.174842
0.172277
-1.56629
1.58045
-0.16687
0.152712
-1.02391
1.05489
-0.131121
0.10014
-0.614009
0.651627
-0.0664064
0.0287884
-0.171262
0.177124
-0.00586172
-0.0090781
-0.0437343
-0.0171437
0.0699561
0.122646
-0.210509
-0.167509
0.255372
0.206737
-0.25178
-0.327019
0.372061
0.132435
-0.113486
-0.386809
0.36786
-0.174039
0.219348
-0.3241
0.278791
-0.69718
0.727292
-0.2171
0.186988
-1.48691
1.50985
-0.163184
0.140251
-1.92958
1.94746
-0.117148
0.0992635
-2.25296
2.26172
-0.0843585
0.0755995
-2.57921
2.58368
-0.0692236
0.0647471
-2.51842
2.52204
-0.0610545
0.057436
-2.18264
2.18349
-0.0527304
0.0518806
-2.56936
2.53886
-0.063332
0.0938404
-2.77712
2.77058
-0.110732
0.117272
-2.44153
2.44256
-0.118468
0.117436
-2.03374
2.03738
-0.114939
0.111301
-1.59196
1.60168
-0.106114
0.0963962
-1.08223
1.10621
-0.0807208
0.0567399
-0.682549
0.706706
-0.0307206
0.00656347
-0.179204
0.177837
0.00136692
0.11071
-0.171236
-0.0322227
0.0927483
0.270294
-0.302277
-0.149507
0.18149
0.265703
-0.258252
-0.198645
0.191194
0.0889864
-0.0675195
-0.172485
0.151018
-0.250107
0.274701
-0.122454
0.0978591
-0.761056
0.795768
-0.0628562
0.0281439
-1.52815
1.54223
-0.00592664
-0.00815504
-1.95824
1.95856
0.0133905
-0.0137153
-2.26501
2.26082
0.0109418
-0.00674775
-2.58477
2.58076
0.00146648
0.0025456
-2.52385
2.52448
-0.00504444
0.00441155
-2.18633
2.19144
-0.0033265
-0.00178855
-2.50661
2.47228
-0.00648898
0.0408171
-2.76336
2.75565
-0.0577233
0.0654364
-2.44412
2.44589
-0.0671247
0.0653542
-2.04157
2.0462
-0.0617982
0.05717
-1.60961
1.61649
-0.0522528
0.0453725
-1.12632
1.14308
-0.0346728
0.0179089
-0.724989
0.735247
-0.00160367
-0.00865475
-0.173297
0.166966
0.00633052
0.212644
-0.234505
-0.0254984
0.0473594
0.315572
-0.310636
-0.0577517
0.0528159
0.243752
-0.22357
-0.0346246
0.0144425
0.0442562
-0.017585
0.011803
-0.0384741
-0.299808
0.328256
0.0695371
-0.0979859
-0.832734
0.872129
0.135718
-0.175113
-1.54472
1.53681
0.202851
-0.194947
-1.94537
1.92003
0.167851
-0.142514
-2.24696
2.22308
0.114262
-0.0903849
-2.57085
2.55425
0.0684981
-0.0518922
-2.52183
2.51568
0.040932
-0.0347811
-2.19334
2.19437
0.0331629
-0.0341893
-2.43947
2.41016
0.0297331
-0.000416967
-2.74759
2.74072
-0.0165999
0.0234755
-2.44823
2.45107
-0.0239573
0.0211173
-2.05095
2.05625
-0.0168858
0.0115798
-1.62217
1.62689
-0.00700973
0.00229343
-1.15704
1.16791
0.0050802
-0.0159545
-0.737388
0.734458
0.0235611
-0.0206306
-0.159726
0.15189
0.00783622
0.241655
-0.234047
-0.00585713
-0.00175135
0.291962
-0.26155
0.0269304
-0.0573429
0.19701
-0.161483
0.094145
-0.129672
-0.0146874
0.0543655
0.170991
-0.210669
-0.363464
0.409007
0.25608
-0.301624
-0.918006
0.956742
0.355824
-0.39456
-1.51396
1.47647
0.385654
-0.348171
-1.88354
1.83635
0.298452
-0.25126
-2.19023
2.15018
0.202437
-0.162387
-2.53095
2.50153
0.124853
-0.0954368
-2.50541
2.4911
0.0735646
-0.0592548
-2.1931
2.18911
0.0518382
-0.0478515
-2.38491
2.36695
0.0436048
-0.0256434
-2.7361
2.73242
0.0152472
-0.0115604
-2.45485
2.4593
0.0127785
-0.0172231
-2.06172
2.06745
0.0222806
-0.0280038
-1.63073
1.6336
0.0318699
-0.0347473
-1.17588
1.18055
0.0389293
-0.0436011
-0.726084
0.710823
0.0409293
-0.0256676
-0.143625
0.135605
0.00802048
0.209931
-0.174997
0.0152573
-0.0501917
0.219567
-0.167976
0.10081
-0.152401
0.114919
-0.0582872
0.21231
-0.268942
-0.101963
0.156866
0.3286
-0.383503
-0.459155
0.507431
0.443038
-0.491314
-0.974505
0.971537
0.525568
-0.5226
-1.42991
1.37906
0.485274
-0.434432
-1.78147
1.72363
0.37196
-0.314122
-2.10475
2.05592
0.255506
-0.20668
-2.4671
2.42925
0.159715
-0.121866
-2.47299
2.45171
0.0920217
-0.0707433
-2.18258
2.17408
0.0578793
-0.0493761
-2.35723
2.35425
0.0479092
-0.0449202
-2.73032
2.73014
0.0410339
-0.040852
-2.46452
2.46995
0.0436523
-0.0490859
-2.07328
2.07923
0.0548254
-0.0607753
-1.63538
1.63662
0.0636235
-0.0648624
-1.18157
1.17883
0.0660072
-0.0632683
-0.689587
0.664698
0.050297
-0.0254078
-0.12797
0.120717
0.00725281
0.133607
-0.0896761
0.0259158
-0.0698466
0.111088
-0.0528101
0.129243
-0.18752
-0.00268837
0.0634468
0.254009
-0.314768
-0.213962
0.269617
0.380841
-0.436497
-0.547484
0.57832
0.487303
-0.518138
-0.961266
0.945293
0.526873
-0.5109
-1.32928
1.28493
0.471521
-0.427166
-1.66702
1.61508
0.372541
-0.320599
-2.00615
1.958
0.265357
-0.217202
-2.38949
2.34958
0.168663
-0.128762
-2.42799
2.40265
0.0962346
-0.070893
-2.16511
2.15615
0.05553
-0.0465639
-2.35662
2.36464
0.0477993
-0.0558166
-2.7321
2.73558
0.0597287
-0.0632009
-2.47577
2.48165
0.0671006
-0.072982
-2.08446
2.08975
0.0784921
-0.0837757
-1.63715
1.63625
0.0853886
-0.0844933
-1.17182
1.16046
0.0813508
-0.0699871
-0.638034
0.611676
0.0488769
-0.0225186
-0.113815
0.107243
0.0065715
0.0471426
-0.00900105
0.0223272
-0.0604688
-0.0031767
0.054551
0.112379
-0.163753
-0.121879
0.174486
0.221628
-0.274235
-0.320367
0.364427
0.329007
-0.373067
-0.603355
0.623289
0.410453
-0.430387
-0.926672
0.913089
0.434486
-0.420903
-1.247
1.21659
0.394372
-0.363961
-1.56937
1.53007
0.323449
-0.284149
-1.91341
1.87322
0.240095
-0.199908
-2.31065
2.27359
0.156998
-0.119941
-2.3769
2.35136
0.089157
-0.0636189
-2.14794
2.14017
0.048371
-0.0405996
-2.37673
2.39171
0.0458246
-0.0608013
-2.74011
2.74515
0.0683468
-0.0733834
-2.48795
2.49372
0.0780306
-0.0838007
-2.09408
2.0973
0.0881672
-0.0913873
-1.63385
1.63007
0.0907522
-0.0869748
-1.14532
1.12745
0.0787556
-0.0608864
-0.587364
0.566219
0.0387211
-0.0175761
-0.101141
0.0956976
0.00544302
-0.0237101
0.0494489
0.01376
-0.0394989
-0.0990427
0.136509
0.076304
-0.11377
-0.220054
0.258667
0.156454
-0.195068
-0.402059
0.433901
0.23493
-0.266772
-0.640209
0.655318
0.293806
-0.308915
-0.904636
0.90054
0.314039
-0.309943
-1.19406
1.17798
0.299138
-0.28306
-1.49738
1.47128
0.258147
-0.232048
-1.83754
1.80662
0.199998
-0.169079
-2.23908
2.2069
0.134206
-0.102024
-2.32637
2.30142
0.0740537
-0.0491052
-2.13316
2.12696
0.0337526
-0.0275543
-2.40769
2.42584
0.0358696
-0.0540202
-2.75089
2.75704
0.0637598
-0.0699113
-2.49935
2.50413
0.0745023
-0.0792877
-2.09943
2.1007
0.0824761
-0.0837439
-1.62474
1.61795
0.0813369
-0.0745482
-1.10813
1.0888
0.0624525
-0.0431288
-0.548649
0.534729
0.0256127
-0.0116925
-0.0910547
0.0872804
0.00377432
-0.068767
0.0824672
0.00632832
-0.0200285
-0.167137
0.191448
0.0420508
-0.0663623
-0.290827
0.317376
0.0952591
-0.121808
-0.460627
0.483072
0.149435
-0.171879
-0.669357
0.682364
0.191897
-0.204904
-0.900333
0.90297
0.213101
-0.215738
-1.1668
1.15936
0.21384
-0.206403
-1.45102
1.43561
0.193024
-0.17761
-1.7806
1.75907
0.156835
-0.135305
-2.17738
2.15056
0.108792
-0.0819784
-2.27635
2.24982
0.0557983
-0.0292692
-2.12005
2.11326
0.0110093
-0.00421043
-2.44516
2.46661
0.0157112
-0.0371678
-2.7645
2.77234
0.0489854
-0.0568319
-2.50851
2.5127
0.0621014
-0.0662982
-2.1011
2.10053
0.0683719
-0.0678015
-1.61021
1.6017
0.0637186
-0.0552106
-1.07084
1.05491
0.0425705
-0.0266361
-0.524
0.515781
0.0152644
-0.00704581
-0.0843577
0.0821237
0.00223403
-0.0915685
0.0971136
0.0020375
-0.00758258
-0.210146
0.224
0.0183849
-0.0322388
-0.3391
0.356726
0.0504282
-0.0680543
-0.501938
0.517847
0.0870112
-0.10292
-0.694451
0.705517
0.117965
-0.129031
-0.907552
0.913171
0.138107
-0.143726
-1.15505
1.15324
0.146499
-0.144685
-1.4243
1.41653
0.139414
-0.131645
-1.74168
1.72782
0.119374
-0.105513
-2.12636
2.10494
0.0865851
-0.0651655
-2.2234
2.19651
0.0408347
-0.0139413
-2.10378
2.09448
-0.00740322
0.016698
-2.49024
2.51574
-0.0032928
-0.0222088
-2.78075
2.78899
0.0367302
-0.0449753
-2.51661
2.51919
0.0494189
-0.0519988
-2.09956
2.09811
0.0529786
-0.0515332
-1.59315
1.5847
0.0470908
-0.0386318
-1.04147
1.03045
0.0280182
-0.0170048
-0.50928
0.503949
0.0101092
-0.00477791
-0.0803756
0.0789541
0.00142149
-0.0999985
0.100949
1.2899e-05
-0.000963212
-0.233769
0.240173
0.00455343
-0.0109572
-0.370833
0.381992
0.0212317
-0.03239
-0.53128
0.542693
0.0452847
-0.0566982
-0.715681
0.724924
0.0681646
-0.0774075
-0.919415
0.925869
0.0860987
-0.0925528
-1.15346
1.15518
0.0972685
-0.0989909
-1.41167
1.40925
0.0989438
-0.0965238
-1.71745
1.71009
0.090796
-0.083441
-2.08637
2.07073
0.0714978
-0.0558593
-2.17106
2.14898
0.0364553
-0.014373
-2.08384
2.07526
-0.00372924
0.0123079
-2.54349
2.57035
0.000559807
-0.0274263
-2.79708
2.80371
0.0416088
-0.0482412
-2.51988
2.51896
0.0492456
-0.0483226
-2.09589
2.0917
0.0466014
-0.0424086
-1.57657
1.56843
0.0367739
-0.0286357
-1.02162
1.01443
0.0204708
-0.0132844
-0.49916
0.494671
0.00858021
-0.00409118
-0.0776834
0.0765187
0.00116467
-0.100654
0.0995901
-0.000802704
0.00186629
-0.243901
0.245427
-0.00225768
0.000731695
-0.390549
0.396962
0.00388353
-0.0102968
-0.552358
0.560578
0.0187874
-0.0270068
-0.733397
0.741144
0.0359189
-0.0436663
-0.932397
0.938812
0.0515667
-0.0579817
-1.15815
1.16187
0.0635092
-0.067233
-1.4088
1.41
0.070477
-0.0716806
-1.70546
1.70341
0.0708688
-0.0688119
-2.05918
2.05204
0.0635994
-0.0564589
-2.13082
2.12045
0.0471304
-0.0367672
-2.06907
2.06599
0.0273542
-0.024277
-2.59652
2.61841
0.0353647
-0.0572608
-2.80643
2.80516
0.0644906
-0.0632257
-2.51572
2.50918
0.0591574
-0.0526175
-2.08642
2.07891
0.0460658
-0.038552
-1.56065
1.55283
0.0314826
-0.0236666
-1.00849
1.00341
0.0173504
-0.0122683
-0.49016
0.485752
0.00823313
-0.00382483
-0.075383
0.0743136
0.00106937
-0.0978894
0.0959519
-0.000998648
0.00293612
-0.245383
0.24444
-0.00524431
0.00618727
-0.401489
0.404454
-0.00529201
0.00232734
-0.567461
0.57325
0.00284353
-0.00863287
-0.748267
0.7548
0.015595
-0.0221279
-0.945145
0.951291
0.0292356
-0.0353817
-1.16628
1.17108
0.0412927
-0.0460877
-1.41254
1.41617
0.051223
-0.0548529
-1.70353
1.70612
0.0577746
-0.0603652
-2.04919
2.05033
0.0623
-0.0634431
-2.11676
2.12107
0.0658413
-0.0701556
-2.06745
2.07151
0.0741594
-0.0782186
-2.63544
2.64487
0.0830804
-0.0925123
-2.79923
2.78995
0.091033
-0.0817572
-2.49894
2.48627
0.0707224
-0.05805
-2.07011
2.05908
0.0471204
-0.0360946
-1.54525
1.53757
0.027474
-0.0197938
-0.998987
0.995117
0.0147425
-0.0108726
-0.48139
0.477333
0.00725261
-0.00319567
-0.0733157
0.0724542
0.000861547
-0.0938666
0.0917774
-0.000986012
0.00307523
-0.242506
0.240068
-0.00608546
0.00852267
-0.406199
0.406849
-0.00962032
0.00897075
-0.578009
0.581902
-0.00625562
0.00236268
-0.760807
0.766268
0.00298001
-0.00844175
-0.957265
0.963041
0.0147886
-0.0205647
-1.17618
1.1814
0.0265241
-0.03175
-1.42072
1.42579
0.0377553
-0.04282
-1.71009
1.71559
0.0481582
-0.0536613
-2.05438
2.06294
0.0607031
-0.0692652
-2.13129
2.14621
0.0804114
-0.0953289
-2.07946
2.0872
0.109002
-0.116744
-2.64732
2.64242
0.113163
-0.108265
-2.77697
2.76224
0.101307
-0.0865766
-2.47156
2.45572
0.071819
-0.0559823
-2.04736
2.03456
0.0425442
-0.0297476
-1.53047
1.52378
0.0207793
-0.0140959
-0.9919
0.98942
0.0105035
-0.00802315
-0.473659
0.470468
0.00524044
-0.00204937
-0.0717735
0.0713228
0.00045079
-0.089715
0.087783
-0.000864989
0.00279697
-0.237251
0.234353
-0.00582013
0.00871903
-0.406685
0.405998
-0.0111243
0.011811
-0.584975
0.587383
-0.0107665
0.00835831
-0.77125
0.775674
-0.0044374
1.38013e-05
-0.968599
0.973819
0.00542313
-0.010644
-1.18673
1.19193
0.0163292
-0.0215267
-1.43138
1.43696
0.0276184
-0.0332
-1.72171
1.72865
0.0395796
-0.0465179
-2.07289
2.08443
0.055913
-0.0674571
-2.16439
2.18267
0.082375
-0.100653
-2.09683
2.10607
0.117746
-0.12699
-2.62842
2.60692
0.117032
-0.0955359
-2.74586
2.73115
0.085952
-0.0712415
-2.43983
2.42515
0.0577201
-0.0430404
-2.02244
2.01085
0.0305796
-0.018986
-1.51807
1.51335
0.0114416
-0.00672123
-0.987748
0.98697
0.0054187
-0.0046408
-0.467844
0.465684
0.00286003
-0.000700768
-0.0711321
0.071206
-7.39407e-05
-0.0859443
-0.000698027
0.00233353
0.0843088
-0.231358
-0.00506121
0.00793967
0.22848
-0.404789
-0.0108036
0.0123558
0.403236
-0.589213
-0.0125063
0.0112341
0.590485
-0.779687
-0.00849777
0.00505229
0.783133
-0.978831
-0.000532712
-0.00397759
0.983342
-1.19708
0.00906222
-0.0137951
1.20182
-1.44271
0.0192201
-0.0244325
1.44792
-1.73588
0.0305704
-0.0369396
1.74225
-2.09602
0.0456513
-0.0563149
2.10668
-2.2016
0.0699278
-0.0861413
2.21781
-2.11637
0.101891
-0.110251
2.12473
-2.57537
0.0963994
-0.0640454
2.54301
-2.7175
0.0520589
-0.0417021
2.70715
-2.41197
0.0330941
-0.0235001
2.40238
-2.00104
0.0150159
-0.00692694
1.99295
-1.51053
0.00259997
-0.0017954
1.50973
-0.987025
0.00239608
-0.00283246
0.987461
-0.46392
0.0014423
0.000271188
0.462207
-0.0715306
0.0720743
-0.000543755
0.000707736
-0.0289808
-0.0021572
0.0045037
-0.163825
-0.00703884
0.00978124
-0.340619
-0.0116236
0.0123215
-0.54343
-0.0118461
0.0100085
-0.754561
-0.00739558
0.0037674
-0.969962
-2.55081e-05
-0.00428174
-1.19939
0.00825474
-0.0125801
-1.45267
0.0164789
-0.0208699
-1.74394
0.0252129
-0.030027
-2.10423
0.0352732
-0.0410668
-2.15276
0.048125
-0.0565854
-1.96172
0.0633529
-0.0572839
-2.05041
0.0318908
-0.0168975
-2.4905
0.0106334
-0.00672949
-2.34656
0.00375546
-0.0016152
-2.00496
0.00019615
-0.000440105
-1.60315
0.00188634
-0.0039609
-1.1418
0.00436234
-0.00277518
-0.652695
-0.072648
0.000158623
0.844799
-0.802283
0.00999836
-0.0525137
1.19152
-1.18599
0.0812522
-0.0867865
1.23439
-1.24161
0.0880098
-0.0807987
1.24137
-1.24843
0.0818411
-0.0747752
1.2518
-1.25848
0.0722389
-0.0655608
1.27008
-1.27373
0.06163
-0.0579746
1.29044
-1.29317
0.055462
-0.0527254
1.30057
-1.30541
0.0509816
-0.0461335
1.16851
-1.18112
0.0377319
-0.0251201
0.310385
-0.328345
0.0179596
0.800764
-0.786604
0.016983
-0.0311427
1.18799
-1.18564
0.0407951
-0.0431459
1.24559
-1.24651
0.0425692
-0.0416489
1.2542
-1.25527
0.0411657
-0.0400981
1.26249
-1.2646
0.0380428
-0.0359388
1.27706
-1.27875
0.0354298
-0.0337372
1.29566
-1.29652
0.0326862
-0.0318216
1.3118
-1.31306
0.0307285
-0.0294659
1.19155
-1.1973
0.0268022
-0.0210452
0.333685
-0.343995
0.0103102
0.777846
-0.773386
0.0137779
-0.0182383
1.18689
-1.18787
0.0178008
-0.0168122
1.24886
-1.24876
0.0159648
-0.0160564
1.25735
-1.25701
0.0160687
-0.0164081
1.2663
-1.26593
0.0162638
-0.0166288
1.27956
-1.27896
0.0166484
-0.0172484
1.29725
-1.29587
0.0178842
-0.0192673
1.31345
-1.3122
0.0214308
-0.0226848
1.20334
-1.20756
0.0242278
-0.0200142
0.350423
-0.358866
0.00844289
0.772061
-0.773613
0.00769642
-0.00614384
1.19001
-1.19178
0.00104332
0.00073015
1.24942
-1.24945
-0.0017293
0.00176547
1.25762
-1.25679
-0.000750339
-8.03768e-05
1.26608
-1.26439
0.00188619
-0.00357848
1.27863
-1.27642
0.00508131
-0.00729039
1.29489
-1.29176
0.00964421
-0.0127778
1.30959
-1.30621
0.0165795
-0.019963
1.21209
-1.21566
0.021874
-0.0183031
0.365587
-0.373587
0.00799951
0.777066
-0.78365
0.00214995
0.00443388
1.19345
-1.19846
-0.00955508
0.0145712
1.24854
-1.24842
-0.0142309
0.014102
1.25552
-1.25384
-0.011698
0.0100124
1.26326
-1.2605
-0.00720722
0.00444537
1.27404
-1.2713
-0.00177993
-0.000957798
1.28872
-1.28515
0.00571944
-0.00928391
1.30366
-1.29938
0.0140554
-0.0183292
1.21896
-1.22108
0.0213719
-0.0192506
0.38059
-0.38921
0.00862077
0.792157
-0.80335
-0.000772576
0.0119654
1.20083
-1.20432
-0.0193351
0.0228178
1.24644
-1.24475
-0.0232211
0.0215247
1.2517
-1.24921
-0.0191446
0.0166619
1.2584
-1.2548
-0.0130274
0.00942724
1.2679
-1.26367
-0.00588793
0.0016567
1.28116
-1.27612
0.00268625
-0.00772819
1.29513
-1.29062
0.0133297
-0.0178431
1.22325
-1.22501
0.0225711
-0.0208123
0.397768
-0.408179
0.010411
0.81563
-0.830203
-0.00395794
0.0185317
1.20637
-1.20945
-0.0270279
0.0301047
1.24359
-1.24137
-0.0297347
0.0275092
1.24695
-1.24323
-0.0245654
0.0208432
1.25189
-1.24814
-0.0171179
0.0133708
1.26005
-1.25501
-0.00838047
0.00334312
1.2719
-1.26543
0.00180493
-0.00827838
1.28544
-1.27936
0.0141043
-0.0201898
1.22562
-1.22653
0.025356
-0.0244431
0.419779
-0.433276
0.0134972
0.845977
-0.86428
-0.00745527
0.0257582
1.21055
-1.21298
-0.034911
0.0373459
1.23954
-1.23651
-0.036141
0.0331084
1.2402
-1.23573
-0.0294443
0.0249737
1.24378
-1.23856
-0.0210497
0.0158301
1.24991
-1.2446
-0.00996245
0.00465482
1.26032
-1.25357
0.00200237
-0.00875115
1.2732
-1.26612
0.0161273
-0.0232166
1.22665
-1.22603
0.0294942
-0.03011
0.448376
-0.466295
0.0179195
0.883574
-0.905013
-0.01416
0.0355991
1.21392
-1.21508
-0.0445882
0.0457529
1.23247
-1.22952
-0.0426767
0.0397277
1.23174
-1.22626
-0.0344624
0.0289807
1.23324
-1.22761
-0.0234015
0.017775
1.23854
-1.23161
-0.0108841
0.00395261
1.24688
-1.23979
0.00367865
-0.0107634
1.25895
-1.25143
0.0191314
-0.0266538
1.225
-1.22387
0.0347734
-0.0359055
0.486628
-0.510349
0.0237204
0.927638
-0.952154
-0.0242607
0.0487767
1.21449
-1.21362
-0.0564713
0.0556035
1.22412
-1.21895
-0.0507852
0.0456128
1.22103
-1.21487
-0.0396031
0.0334403
1.22114
-1.2143
-0.025981
0.0191403
1.22573
-1.21773
-0.0111082
0.00311195
1.23211
-1.22413
0.00550515
-0.0134819
1.24328
-1.23427
0.0226833
-0.0316956
1.22155
-1.21856
0.0402445
-0.0432381
0.537089
-0.56795
0.0308615
0.977378
-1.00379
-0.0378807
0.0642941
1.20999
-1.20703
-0.0684195
0.0654591
1.21242
-1.20489
-0.0591833
0.0516555
1.20758
-1.20003
-0.0441396
0.0365935
1.20657
-1.19859
-0.027884
0.0199031
1.20957
-1.20065
-0.0108385
0.00190982
1.2156
-1.20628
0.00692627
-0.0162545
1.22593
-1.21623
0.0261214
-0.0358174
1.21488
-1.21106
0.0452426
-0.0490674
0.601691
-0.639112
0.0374204
1.02925
-1.05432
-0.0525639
0.077637
1.20146
-1.19495
-0.0789714
0.0724619
1.1968
-1.18845
-0.0639542
0.0556095
1.19147
-1.18302
-0.0462763
0.0378313
1.19059
-1.18158
-0.0285086
0.019497
1.19242
-1.18322
-0.0107259
0.00152683
1.19768
-1.18729
0.00768157
-0.0180701
1.20661
-1.19629
0.0279298
-0.0382472
1.20519
-1.19956
0.0484605
-0.0540982
0.67985
-0.723971
0.0441212
1.07766
-1.09821
-0.0647171
0.0852757
1.18682
-1.17838
-0.0818524
0.0734183
1.1791
-1.16971
-0.0638236
0.0544345
1.1746
-1.16569
-0.0456509
0.0367338
1.17351
-1.16456
-0.0281098
0.0191563
1.17441
-1.16589
-0.0104187
0.00189393
1.17861
-1.16919
0.00767376
-0.017092
1.18614
-1.17641
0.0271212
-0.0368493
1.19236
-1.18415
0.048265
-0.0564706
0.770846
-0.819884
0.0490384
1.11514
-1.12808
-0.0721951
0.0851342
1.16862
-1.16032
-0.078626
0.0703255
1.16112
-1.15359
-0.0618539
0.0543226
1.15754
-1.14859
-0.0460779
0.0371302
1.15625
-1.14683
-0.0281743
0.0187588
1.15692
-1.1475
-0.00957713
0.000159218
1.16046
-1.15171
0.00950169
-0.0182525
1.16733
-1.1585
0.0277079
-0.0365457
1.17497
-1.16664
0.0453723
-0.0537024
0.870675
-0.922345
0.0516703
1.13641
-1.1414
-0.0797694
0.08476
1.15214
-1.1432
-0.0788191
0.0698786
1.14491
-1.13561
-0.0592467
0.0499444
1.13999
-1.13147
-0.0410614
0.0325399
1.13858
-1.13109
-0.0249501
0.0174599
1.13956
-1.13198
-0.0104099
0.00282999
1.14265
-1.13452
0.00541414
-0.0135494
1.14973
-1.1392
0.0234369
-0.0339688
1.16005
-1.14907
0.0444401
-0.0554252
0.975542
-1.03182
0.0562729
1.14081
-0.0593869
0.0438633
1.13073
-0.0334696
0.0280271
1.127
-0.024822
0.0231079
1.12637
-0.0210361
0.0199479
1.12671
-0.0179928
0.0165722
1.1269
-0.014161
0.0125497
1.12839
-0.00972215
0.00661988
1.13025
-0.00306743
-0.0018956
1.13594
0.009142
-0.0197921
1.08886
0.0364273
-0.197913
0.0705639
-0.365367
-0.100149
0.100777
-0.432185
-0.0903559
0.0759745
-0.508194
-0.0633324
0.050554
-0.603464
-0.0403822
0.0309944
-0.721189
-0.0241653
0.0183517
-0.864126
-0.0143371
0.0109468
-1.03641
-0.00852492
0.00637777
-1.24322
-0.00476905
0.00327442
-1.4916
-0.00207083
0.000833
-1.49158
0.000266104
-0.00137876
-1.24291
0.00259404
-0.00378688
-1.036
0.00527061
-0.00687045
-0.863753
0.00900678
-0.011412
-0.720499
0.0147731
-0.0187515
-0.602094
0.0245216
-0.0313131
-0.504841
0.0406664
-0.0508128
-0.427141
0.0635708
-0.0762019
-0.364771
0.0905708
-0.100952
-0.286569
0.100265
-0.0706094
0.0194893
0.336626
-0.0484589
0.0656265
0.458068
-0.0681424
0.0644459
0.535083
-0.0585168
0.0529617
0.626517
-0.0479882
0.0424908
0.739502
-0.0372385
0.0315296
0.877512
-0.0265132
0.021456
1.04591
-0.0173209
0.0133183
1.25026
-0.0101021
0.00697706
1.49752
-0.00440352
0.00174345
1.49694
0.000700465
-0.00312947
1.24855
0.00575767
-0.00828773
1.04324
0.011359
-0.0145207
0.873875
0.018461
-0.0225325
0.7347
0.0275084
-0.032441
0.620936
0.0380539
-0.0432203
0.527594
0.0486285
-0.05353
0.453705
0.0590225
-0.0649023
0.374387
0.0685352
-0.0659225
0.19433
0.0486314
-0.0195471
0.00575652
-0.316415
0.297248
-0.0219382
0.0411049
-0.458958
0.457262
-0.0505698
0.0522663
-0.540444
0.544776
-0.0504055
0.0460739
-0.630743
0.634878
-0.0421266
0.037992
-0.74373
0.747361
-0.0344262
0.0307951
-0.881992
0.885733
-0.0274786
0.0237369
-1.05005
1.05394
-0.0201936
0.0163123
-1.25383
1.25754
-0.0128227
0.00911307
-1.50076
1.50435
-0.00580874
0.00221896
-1.49993
1.50329
0.00116535
-0.00452554
-1.25153
1.25475
0.00805468
-0.0112785
-1.04664
1.05002
0.0148855
-0.0182753
-0.877742
0.881173
0.0220424
-0.0254734
-0.738672
0.741856
0.029079
-0.0322627
-0.624636
0.628076
0.0357484
-0.0391886
-0.531863
0.535707
0.0431981
-0.047042
-0.457456
0.459207
0.0512656
-0.053016
-0.367569
0.357928
0.0511768
-0.0415363
-0.172072
0.15574
0.0221552
-0.00582337
0.00311863
-0.28013
0.265229
-0.0123843
0.0272853
-0.453552
0.448585
-0.0379147
0.0428819
-0.547758
0.54974
-0.0431639
0.0411817
-0.638595
0.641766
-0.0385031
0.0353315
-0.750934
0.754313
-0.0323279
0.0289483
-0.889093
0.892421
-0.025875
0.0225473
-1.05754
1.06087
-0.0195365
0.0162092
-1.26129
1.2649
-0.0130294
0.00941404
-1.50818
1.51208
-0.00598731
0.00208686
-1.50691
1.51064
0.00168014
-0.00541525
-1.25807
1.26138
0.00922327
-0.0125304
-1.05323
1.05626
0.0159934
-0.0190253
-0.884161
0.887012
0.0221876
-0.0250383
-0.744864
0.747755
0.0281757
-0.0310664
-0.631293
0.634121
0.0342458
-0.0370738
-0.53887
0.541412
0.0400691
-0.0426109
-0.459667
0.459216
0.0444198
-0.0439684
-0.347222
0.336318
0.0387593
-0.0278553
-0.143588
0.134133
0.012657
-0.00320196
0.00209446
-0.252328
0.241147
-0.00831808
0.0194997
-0.442815
0.436545
-0.0293528
0.0356224
-0.550965
0.551748
-0.037196
0.0364135
-0.644416
0.646827
-0.0344028
0.0319914
-0.757331
0.760032
-0.0296827
0.0269811
-0.895666
0.898708
-0.0243554
0.0213136
-1.0642
1.06744
-0.0184427
0.0152019
-1.26846
1.27191
-0.0121599
0.00870736
-1.51602
1.51989
-0.00538019
0.00151146
-1.51443
1.51817
0.00227274
-0.00601408
-1.26462
1.26779
0.00975777
-0.0129238
-1.05914
1.06199
0.0161724
-0.0190147
-0.889769
0.892425
0.0220315
-0.0246876
-0.750418
0.752802
0.027477
-0.0298612
-0.63652
0.638602
0.0323003
-0.0343819
-0.543569
0.545385
0.0365665
-0.0383824
-0.458034
0.456197
0.0389293
-0.0370918
-0.325637
0.315401
0.0304538
-0.0202174
-0.126441
0.119982
0.00865556
-0.00219624
0.00153469
-0.231393
0.222848
-0.00609811
0.0146431
-0.429951
0.423224
-0.0232511
0.0299781
-0.552182
0.552312
-0.0325286
0.0323986
-0.64904
0.651166
-0.0309585
0.0288319
-0.762469
0.764806
-0.0267788
0.0244425
-0.901551
0.904172
-0.0221979
0.0195766
-1.07065
1.07367
-0.0170069
0.0139892
-1.27539
1.27876
-0.0110711
0.00769821
-1.52374
1.5275
-0.00445394
0.000693793
-1.52187
1.52549
0.00297518
-0.00658944
-1.2709
1.27393
0.0101902
-0.0132252
-1.06473
1.06739
0.0163308
-0.0189875
-0.894873
0.897163
0.0217118
-0.0240017
-0.754928
0.756867
0.0262984
-0.0282374
-0.6405
0.642268
0.0302442
-0.032012
-0.546861
0.548028
0.0338529
-0.0350204
-0.453759
0.450824
0.034822
-0.031887
-0.305701
0.296592
0.0246413
-0.0155314
-0.114425
0.109571
0.00651243
-0.0016588
0.00116916
-0.215312
0.208644
-0.00465198
0.0113195
-0.416475
0.409833
-0.0186429
0.0252856
-0.552114
0.551646
-0.0284474
0.0289154
-0.653171
0.65512
-0.0280069
0.026058
-0.767021
0.769194
-0.0241576
0.0219847
-0.906689
0.909093
-0.0199044
0.0175011
-1.07661
1.07936
-0.0151611
0.012405
-1.28211
1.28531
-0.00968799
0.00648576
-1.53124
1.53488
-0.00336444
-0.000277384
-1.52905
1.53252
0.00381888
-0.00729225
-1.27689
1.27975
0.01073
-0.0135851
-1.06988
1.07226
0.016444
-0.0188256
-0.899242
0.90123
0.0212093
-0.0231976
-0.758676
0.760375
0.0251953
-0.0268938
-0.643921
0.645465
0.0286557
-0.0302
-0.548842
0.549376
0.0317879
-0.0323218
-0.447462
0.443765
0.0314006
-0.0277034
-0.288065
0.280106
0.020368
-0.012409
-0.105274
0.101436
0.00515737
-0.0013199
0.000904618
-0.202709
0.197421
-0.00361777
0.00890604
-0.403345
0.397096
-0.015072
0.0213218
-0.550874
0.549872
-0.0247997
0.0258011
-0.656892
0.65857
-0.0251893
0.0235111
-0.77127
0.773328
-0.0217251
0.0196668
-0.911468
0.913751
-0.017695
0.0154124
-1.0821
1.08471
-0.0131909
0.0105853
-1.28848
1.2915
-0.00802589
0.00500488
-1.53849
1.54197
-0.00203741
-0.00144475
-1.53594
1.53925
0.00483812
-0.00814513
-1.2825
1.28514
0.0113736
-0.0140062
-1.07448
1.07662
0.0165965
-0.0187366
-0.903063
0.904845
0.0208763
-0.0226587
-0.761977
0.763479
0.0244382
-0.0259402
-0.646915
0.64826
0.0274966
-0.0288417
-0.549686
0.549827
0.0300349
-0.0301763
-0.439779
0.435579
0.0285441
-0.0243441
-0.272665
0.265706
0.0171973
-0.0102387
-0.0979718
0.094826
0.00423366
-0.0010878
0.000704074
-0.192683
0.188445
-0.00284085
0.00707931
-0.391093
0.385394
-0.0122486
0.0179479
-0.548623
0.547227
-0.0215158
0.0229121
-0.660074
0.661522
-0.0225326
0.0210849
-0.775309
0.777298
-0.0193854
0.0173967
-0.91603
0.918224
-0.0154958
0.0133011
-1.08735
1.08986
-0.0111648
0.00865472
-1.29452
1.29741
-0.00619003
0.00329167
-1.54541
1.54872
-0.000457098
-0.0028579
-1.54248
1.5456
0.00607639
-0.00918861
-1.28767
1.29009
0.0121903
-0.0146109
-1.07862
1.08057
0.0169742
-0.0189163
-0.906472
0.908066
0.0208485
-0.0224423
-0.764898
0.766221
0.0240166
-0.0253402
-0.649515
0.65069
0.0267146
-0.0278896
-0.549765
0.549517
0.0286956
-0.0284467
-0.431188
0.426673
0.0262081
-0.021693
-0.25917
0.25302
0.0148559
-0.00870623
-0.0919377
0.0892736
0.00359059
-0.000926549
0.000545008
-0.184634
0.181226
-0.00223018
0.00563816
-0.379982
0.374905
-0.00995266
0.0150299
-0.545654
0.54401
-0.0185154
0.0201589
-0.662794
0.664029
-0.0199813
0.0187459
-0.779223
0.781178
-0.0170764
0.0151219
-0.920444
0.922589
-0.0132572
0.0111125
-1.09242
1.09487
-0.00902943
0.00658584
-1.30034
1.30315
-0.00418974
0.00137691
-1.55202
1.55519
0.00135623
-0.00453266
-1.54864
1.55156
0.00758616
-0.0105082
-1.29243
1.29466
0.0132967
-0.0155227
-1.08237
1.08412
0.0176739
-0.019426
-0.909497
0.910915
0.0211592
-0.0225769
-0.767476
0.768633
0.0239607
-0.0251183
-0.651801
0.652839
0.0263246
-0.0273625
-0.549083
0.54843
0.0277722
-0.0271192
-0.422033
0.417323
0.024359
-0.0196496
-0.247198
0.241676
0.0131448
-0.00762283
-0.0867876
0.0844602
0.00314268
-0.000815265
0.000413476
-0.178164
0.175438
-0.00172969
0.00445544
-0.370129
0.365699
-0.00802695
0.0124575
-0.542254
0.540498
-0.0157325
0.0174888
-0.665106
0.666211
-0.0174755
0.0163708
-0.783081
0.785033
-0.0147452
0.0127933
-0.92479
0.926923
-0.0109321
0.00879902
-1.09739
1.09981
-0.00673411
0.00432056
-1.30601
1.30876
-0.00196248
-0.00078672
-1.55836
1.56143
0.0034501
-0.00651627
-1.55443
1.55718
0.00943016
-0.0121839
-1.29681
1.29885
0.0147747
-0.0168113
-1.08573
1.0873
0.0187513
-0.0203171
-0.912161
0.913414
0.0218614
-0.0231142
-0.76974
0.77074
0.0243192
-0.0253197
-0.653755
0.654556
0.0263624
-0.0271633
-0.547597
0.546522
0.0272627
-0.0261876
-0.41253
0.407696
0.0229711
-0.0181369
-0.236397
0.231342
0.01193
-0.00687531
-0.0822521
0.0801538
0.00284007
-0.000741742
0.000299369
-0.173002
0.17086
-0.00130019
0.00344232
-0.361571
0.357791
-0.00635252
0.0101327
-0.538685
0.536935
-0.0131026
0.0148531
-0.667206
0.668272
-0.0149511
0.0138852
-0.786941
0.788913
-0.0123088
0.0103364
-0.929144
0.931299
-0.00845077
0.00629573
-1.10234
1.10476
-0.00421654
0.00179634
-1.31158
1.31431
0.000550204
-0.00328079
-1.56451
1.56749
0.00589839
-0.00888194
-1.55989
1.5625
0.0116812
-0.0142857
-1.30082
1.30267
0.0166906
-0.0185428
-1.08872
1.0901
0.020274
-0.0216564
-0.914479
0.915571
0.0230172
-0.0241096
-0.771702
0.772545
0.0251393
-0.0259826
-0.655215
0.655746
0.0268444
-0.0273758
-0.545245
0.543729
0.0271685
-0.0256519
-0.402795
0.397863
0.0220223
-0.017091
-0.226455
0.221728
0.0111155
-0.00638856
-0.0781293
0.0761773
0.00264954
-0.000697518
0.000194334
-0.168971
0.167353
-0.000910603
0.00252915
-0.354311
0.351182
-0.00483074
0.00795957
-0.535179
0.533547
-0.0105487
0.0121814
-0.669226
0.670285
-0.0123102
0.011251
-0.790849
0.792866
-0.00968174
0.00766446
-0.933575
0.935784
-0.0057278
0.00351849
-1.10732
1.10978
-0.00139215
-0.00106954
-1.31714
1.31988
0.00345081
-0.00618959
-1.57051
1.57344
0.00879187
-0.0117218
-1.56507
1.56754
0.0144275
-0.0168966
-1.30446
1.30614
0.0191242
-0.0207967
-1.09134
1.09253
0.0223203
-0.0235176
-0.916451
0.917377
0.024692
-0.0256177
-0.773364
0.774028
0.0264573
-0.0271215
-0.656114
0.656339
0.0277968
-0.0280214
-0.542002
0.540076
0.02746
-0.0255345
-0.392852
0.387811
0.0215162
-0.0164756
-0.2171
0.212575
0.0106405
-0.00611559
-0.0742618
0.0723888
0.00255029
-0.00067732
9.18259e-05
-0.165968
0.164843
-0.000536714
0.00166151
-0.348354
0.345884
-0.00338186
0.00585203
-0.531956
0.530547
-0.00799555
0.00940503
-0.671231
0.672329
-0.00948145
0.00838287
-0.794857
0.796953
-0.00677992
0.00468456
-0.93815
0.940448
-0.00266819
0.000370593
-1.11243
1.11498
0.00183711
-0.00438389
-1.32275
1.32553
0.00682759
-0.00961611
-1.57643
1.57933
0.0122361
-0.0151431
-1.56999
1.57234
0.0177763
-0.0201229
-1.30776
1.30925
0.0221784
-0.0236696
-1.09357
1.09458
0.02498
-0.0259871
-0.918056
0.918808
0.0269683
-0.0277207
-0.774694
0.775173
0.0283649
-0.0288432
-0.656392
0.65627
0.0292952
-0.0291742
-0.537897
0.535531
0.0282251
-0.0258599
-0.382666
0.377476
0.0214388
-0.0162488
-0.208089
0.203654
0.010454
-0.00601915
-0.0705222
0.0686733
0.00252549
-0.000676582
-1.22244e-05
-0.163946
0.16331
-0.000158345
0.000793943
-0.343722
0.34193
-0.00193813
0.00373031
-0.529225
0.528142
-0.00536579
0.00644863
-0.673314
0.674511
-0.00638386
0.00518659
-0.799037
0.801244
-0.00350046
0.00129351
-0.942944
0.945372
0.00083593
-0.00326348
-1.11774
1.12041
0.00558898
-0.00826041
-1.32848
1.33136
0.0108067
-0.0136846
-1.58232
1.58524
0.0163556
-0.0192705
-1.57468
1.57691
0.0218526
-0.0240883
-1.3107
1.31201
0.0259734
-0.0272768
-1.09541
1.09621
0.028361
-0.0291644
-0.91928
0.919842
0.0299347
-0.030496
-0.775672
0.775941
0.0309281
-0.0311973
-0.656036
0.655613
0.0313317
-0.0309082
-0.532864
0.530025
0.0295123
-0.0266732
-0.37214
0.366734
0.0218095
-0.0164031
-0.199199
0.194746
0.0105362
-0.00608343
-0.0668035
0.0649289
0.00256824
-0.000693612
-0.000125105
-0.162901
0.162787
0.000229318
-0.000115867
-0.340461
0.339378
-0.000434108
0.00151649
-0.527191
0.526537
-0.00258203
0.00323626
-0.675592
0.676962
-0.00293727
0.00156664
-0.803455
0.805818
0.000261459
-0.00262427
-0.948046
0.950651
0.00491282
-0.00751747
-1.12335
1.12619
0.0100061
-0.0128508
-1.33444
1.33745
0.0155428
-0.0185547
-1.58826
1.59121
0.0213122
-0.0242663
-1.57915
1.58128
0.0268167
-0.0289503
-1.31328
1.31438
0.0306632
-0.0317698
-1.09684
1.09741
0.0326085
-0.0331815
-0.920097
0.920442
0.0337073
-0.0340521
-0.77625
0.776281
0.0342463
-0.0342778
-0.655081
0.654335
0.0340618
-0.0333156
-0.526822
0.523449
0.0314086
-0.0280353
-0.361127
0.355412
0.0226562
-0.0169408
-0.190216
0.185638
0.0108762
-0.00629786
-0.0630082
0.0610619
0.00267285
-0.00072659
-0.000263612
-0.162902
0.163309
0.000707641
-0.00111421
-0.338653
0.338318
0.00120836
-0.000873657
-0.526068
0.525945
0.000428536
-0.00030559
-0.678194
0.679843
0.000976579
-0.00262489
-0.808221
0.810794
0.00466702
-0.0072397
-0.953555
0.956385
0.00972225
-0.0125522
-1.12934
1.13242
0.0152534
-0.0183265
-1.34069
1.34389
0.0212119
-0.0244044
-1.59429
1.59731
0.0272842
-0.0303065
-1.58343
1.58546
0.0328395
-0.0348717
-1.31547
1.31637
0.0363979
-0.0372948
-1.09781
1.09812
0.0378617
-0.0381712
-0.920464
0.92056
0.0384139
-0.0385103
-0.776393
0.776199
0.0384303
-0.0382359
-0.653419
0.652294
0.0376014
-0.0364768
-0.519636
0.515644
0.0339762
-0.0299842
-0.349433
0.343296
0.0239882
-0.0178519
-0.180926
0.176117
0.0114575
-0.00664885
-0.0590471
0.0569881
0.00283232
-0.000773344
-0.000398298
-0.163965
0.164997
0.00118486
-0.00221703
-0.338442
0.33896
0.00300782
-0.00352629
-0.526089
0.526677
0.00381548
-0.00440309
-0.681312
0.683294
0.00555715
-0.00753888
-0.813436
0.816292
0.00985804
-0.0127136
-0.959578
0.9627
0.0154523
-0.0185739
-1.13585
1.13921
0.0215464
-0.0249091
-1.34735
1.35078
0.0280393
-0.0314616
-1.60049
1.60361
0.0344988
-0.0376144
-1.5875
1.58943
0.0401379
-0.0420621
-1.31724
1.31788
0.0433837
-0.0440252
-1.09827
1.09829
0.0442919
-0.0443038
-0.920324
0.92014
0.0442328
-0.0440488
-0.776102
0.775634
0.0436513
-0.0431832
-0.65091
0.649337
0.0420928
-0.0405205
-0.511119
0.506393
0.0373129
-0.0325868
-0.336819
0.330126
0.025838
-0.0191445
-0.171117
0.165971
0.0122746
-0.00712861
-0.0548394
0.0526298
0.00304136
-0.00083182
-0.000575476
-0.166352
0.168062
0.00178001
-0.00349011
-0.339952
0.341415
0.0050548
-0.00651733
-0.527544
0.528985
0.00767453
-0.00911547
-0.685089
0.687564
0.0109082
-0.0133832
-0.819261
0.822478
0.016066
-0.019283
-0.966259
0.969752
0.0223524
-0.0258451
-1.14299
1.14672
0.0291589
-0.0328826
-1.35452
1.35822
0.0363143
-0.0400158
-1.6069
1.61012
0.0432409
-0.0464637
-1.59136
1.59316
0.0489714
-0.0507657
-1.31851
1.31886
0.0518567
-0.0522013
-1.09818
1.09785
0.052123
-0.0517883
-0.919626
0.91914
0.0513667
-0.0508806
-0.775206
0.774332
0.0501334
-0.0492593
-0.647333
0.645168
0.0477411
-0.0455762
-0.501019
0.495407
0.0415099
-0.0358981
-0.322999
0.31559
0.0282226
-0.0208129
-0.160576
0.154986
0.0133119
-0.00772195
-0.0503116
0.0479195
0.00329094
-0.000898857
-0.000791306
-0.170211
0.172725
0.00249799
-0.00501205
-0.343475
0.346011
0.00747232
-0.0100079
-0.53068
0.533193
0.0121933
-0.0147063
-0.689821
0.692945
0.0172963
-0.0204201
-0.825882
0.829564
0.0235783
-0.0272599
-0.973767
0.977723
0.0307476
-0.0347038
-1.15093
1.15509
0.0384385
-0.0425997
-1.36228
1.3663
0.0463886
-0.0504099
-1.61354
1.61686
0.0538384
-0.0571599
-1.59495
1.59657
0.0596208
-0.0612389
-1.3192
1.31924
0.0620398
-0.0620749
-1.09745
1.09674
0.0615528
-0.0608365
-0.918318
0.917492
0.0600104
-0.0591845
-0.773498
0.772108
0.0580626
-0.0566725
-0.642407
0.639523
0.0546323
-0.0517486
-0.488999
0.48231
0.0466354
-0.0399462
-0.30764
0.299334
0.0311322
-0.0228267
-0.149089
0.142955
0.0145338
-0.00840052
-0.0454042
0.0428078
0.00356566
-0.000969341
-0.00106615
-0.175855
0.179338
0.00339467
-0.00687813
-0.349341
0.353155
0.0103893
-0.0142038
-0.535859
0.53971
0.0176333
-0.0214848
-0.69581
0.699773
0.0250746
-0.0290379
-0.833534
0.837804
0.0328159
-0.0370861
-0.9823
0.986829
0.0410948
-0.0456234
-1.1598
1.16447
0.0498666
-0.0545405
-1.37072
1.37508
0.0587299
-0.0630879
-1.62038
1.62375
0.066705
-0.0700765
-1.59816
1.59951
0.0724193
-0.0737782
-1.31923
1.31889
0.0742008
-0.0738584
-1.09603
1.09485
0.0728549
-0.0716832
-0.916328
0.91511
0.0703888
-0.0691709
-0.770744
0.768747
0.0676353
-0.0656378
-0.635831
0.632036
0.0629397
-0.0591451
-0.474633
0.46662
0.0527226
-0.0447101
-0.290366
0.280972
0.0345062
-0.0251121
-0.136464
0.129706
0.0158736
-0.00911598
-0.0400808
0.0372753
0.00384102
-0.00103553
-0.0014302
-0.183716
0.188392
0.00454491
-0.00922002
-0.35798
0.363386
0.0140029
-0.0194085
-0.543511
0.549059
0.0244035
-0.029951
-0.703424
0.708445
0.0347832
-0.0398049
-0.842504
0.847512
0.0443822
-0.0493905
-0.992087
0.997308
0.0540443
-0.059265
-1.16976
1.17499
0.0640981
-0.069335
-1.37986
1.38452
0.0739317
-0.0785896
-1.62729
1.6306
0.0823243
-0.0856315
-1.6008
1.60176
0.0877266
-0.0886926
-1.31847
1.31765
0.0886047
-0.087778
-1.09377
1.09209
0.0862328
-0.0845575
-0.913608
0.911942
0.0827368
-0.08107
-0.766864
0.76427
0.0789567
-0.0763624
-0.627171
0.622206
0.0727407
-0.0677758
-0.457382
0.447748
0.0597124
-0.0500787
-0.27078
0.260107
0.0382038
-0.0275313
-0.12255
0.115124
0.0172213
-0.00979506
-0.0343423
0.0313471
0.00408245
-0.00108723
-0.00194702
-0.194486
0.200685
0.0061147
-0.0123135
-0.370009
0.377487
0.0187374
-0.0262156
-0.554204
0.561914
0.0332402
-0.0409507
-0.713092
0.719412
0.0473197
-0.0536394
-0.85315
0.859057
0.0592357
-0.0651435
-1.00336
1.00938
0.0705685
-0.0765812
-1.18088
1.18665
0.0820419
-0.0878191
-1.38957
1.39439
0.0927467
-0.0975657
-1.63401
1.63703
0.10125
-0.104276
-1.60258
1.60295
0.105907
-0.106277
-1.31671
1.31526
0.105503
-0.104054
-1.09056
1.08831
0.101869
-0.0996201
-0.910063
0.907915
0.097204
-0.095056
-0.761855
0.758567
0.0922157
-0.0889274
-0.61587
0.609348
0.0840689
-0.0775468
-0.436589
0.424983
0.0674008
-0.055794
-0.248489
0.236382
0.0419594
-0.0298525
-0.10728
0.0992052
0.0184094
-0.0103342
-0.028242
0.0251095
0.00424478
-0.00111221
-0.00273185
-0.209202
0.217488
0.00838372
-0.01667
-0.386337
0.396676
0.0253652
-0.0357038
-0.568689
0.579188
0.0454909
-0.0559902
-0.725359
0.733255
0.0642794
-0.0721751
-0.86584
0.872818
0.0788931
-0.0858714
-1.01629
1.02307
0.0921531
-0.0989406
-1.19304
1.19917
0.104925
-0.111049
-1.39952
1.40419
0.116073
-0.120744
-1.64003
1.64242
0.124068
-0.126451
-1.60305
1.60253
0.127289
-0.126775
-1.31366
1.31143
0.125072
-0.122849
-1.08625
1.08334
0.119908
-0.116993
-0.905648
0.902902
0.113901
-0.111154
-0.755451
0.751109
0.107537
-0.103196
-0.601143
0.592568
0.0966961
-0.0881208
-0.411488
0.397517
0.0753364
-0.0613651
-0.223173
0.20957
0.0453185
-0.0317154
-0.0907236
0.0821223
0.0192023
-0.0106009
-0.0219028
0.0187252
0.00427588
-0.00109827
-0.00398597
-0.22953
0.241185
0.0119002
-0.0235553
-0.408426
0.423087
0.0358653
-0.0505265
-0.587991
0.601812
0.0641528
-0.0779737
-0.740757
0.750622
0.0884092
-0.0982751
-0.880801
0.888685
0.106124
-0.114009
-1.03066
1.03788
0.120921
-0.128137
-1.20574
1.21171
0.134251
-0.140226
-1.40897
1.41294
0.14486
-0.148836
-1.64457
1.64578
0.151294
-0.152498
-1.6016
1.59984
0.15209
-0.150335
-1.30897
1.30579
0.147441
-0.144265
-1.08068
1.077
0.140417
-0.13674
-0.900134
0.896657
0.132851
-0.129374
-0.746979
0.741203
0.124752
-0.118976
-0.581929
0.570585
0.110182
-0.0988378
-0.381255
0.364526
0.0826918
-0.0659634
-0.194699
0.179726
0.0475745
-0.0326017
-0.0731492
0.0642971
0.0192923
-0.0104402
-0.0155254
0.0124377
0.00412214
-0.00103447
-0.00693853
-0.258755
0.277524
0.02035
-0.0391188
-0.438911
0.459638
0.0576327
-0.0783592
-0.612811
0.629627
0.0963601
-0.113176
-0.759641
0.77106
0.125477
-0.136897
-0.897594
0.905367
0.144972
-0.152745
-1.04556
1.05225
0.159388
-0.166079
-1.21779
1.22273
0.171474
-0.176416
-1.4167
1.41921
0.179888
-0.182396
-1.64651
1.64593
0.183343
-0.182764
-1.5975
1.59407
0.180625
-0.177201
-1.30226
1.29789
0.172742
-0.168372
-1.07366
1.06911
0.163446
-0.158898
-0.893289
0.888722
0.153995
-0.149427
-0.735542
0.727683
0.143258
-0.135399
-0.556752
0.54182
0.123397
-0.108465
-0.345204
0.325289
0.0883184
-0.0684032
-0.163316
0.147386
0.0477449
-0.0318152
-0.0550635
0.0464606
0.0182992
-0.00969632
-0.00936097
0.00652847
0.00375663
-0.000924122
-0.00736665
-0.292542
0.309381
0.0198387
-0.0366779
-0.473704
0.492066
0.0533355
-0.071698
-0.640071
0.655938
0.0880386
-0.103906
-0.781929
0.794111
0.116244
-0.128426
-0.916475
0.926865
0.138025
-0.148415
-1.06279
1.07304
0.157729
-0.167972
-1.23254
1.24172
0.177064
-0.186246
-1.42756
1.43516
0.194454
-0.202052
-1.65186
1.65711
0.208393
-0.213651
-1.59585
1.59748
0.216703
-0.218331
-1.29705
1.29599
0.21794
-0.21688
-1.06789
1.06495
0.214606
-0.211666
-0.886854
0.881509
0.207605
-0.20226
-0.719744
0.707671
0.193525
-0.181452
-0.520701
0.497337
0.16195
-0.138586
-0.29858
0.271337
0.108999
-0.0817571
-0.12707
0.107891
0.0551386
-0.0359596
-0.0360739
0.0264063
0.020418
-0.0107503
-0.00335239
0.000281425
0.0041404
-0.00106944
-0.00341612
-0.316722
0.327966
0.0106349
-0.0218795
-0.502788
0.515848
0.0333633
-0.0464233
-0.664321
0.677193
0.0588662
-0.0717384
-0.804106
0.814005
0.0821717
-0.0920711
-0.936822
0.946152
0.100488
-0.109818
-1.08269
1.09185
0.118136
-0.127299
-1.25052
1.25861
0.135352
-0.143441
-1.44222
1.44895
0.150142
-0.156869
-1.66129
1.66486
0.161483
-0.165048
-1.59773
1.59764
0.166583
-0.166498
-1.29362
1.29105
0.164598
-0.162027
-1.06213
1.05839
0.158486
-0.154743
-0.878279
0.871768
0.14949
-0.14298
-0.69907
0.686948
0.133301
-0.121179
-0.480722
0.461982
0.104156
-0.085417
-0.254142
0.236484
0.0640075
-0.0463497
-0.0969335
0.0860227
0.030383
-0.0194722
-0.0211623
0.0160093
0.0110323
-0.00587932
0.00143932
-0.00317679
0.0024163
-0.00067883
-0.00165171
-0.330281
0.338383
0.00556134
-0.0136639
-0.52315
0.53311
0.022133
-0.0320932
-0.683377
0.693855
0.0413863
-0.051864
-0.822665
0.831074
0.0600307
-0.0684405
-0.95501
0.962785
0.0758798
-0.083655
-1.10001
1.10786
0.0910189
-0.0988651
-1.2662
1.27303
0.105727
-0.112563
-1.45461
1.45973
0.118348
-0.123474
-1.66789
1.67013
0.127204
-0.12945
-1.59661
1.59508
0.129919
-0.128391
-1.28767
1.28411
0.125234
-0.121678
-1.0543
1.04954
0.117159
-0.112402
-0.867426
0.860552
0.106368
-0.0994939
-0.679095
0.668029
0.0893801
-0.0783139
-0.449953
0.436287
0.064015
-0.0503487
-0.22679
0.216293
0.0363605
-0.0258634
-0.0807968
0.0750287
0.0170841
-0.011316
-0.0133982
0.0104788
0.00673799
-0.00381861
0.00412978
-0.00538367
0.00180315
-0.000549259
-0.00122416
-0.338052
0.343658
0.00345896
-0.0090649
-0.537809
0.545406
0.0156594
-0.0232562
-0.69908
0.707357
0.0309843
-0.0392618
-0.838454
0.845355
0.0460818
-0.0529826
-0.970333
0.977179
0.0591788
-0.0660252
-1.1152
1.12184
0.072311
-0.0789475
-1.27959
1.28547
0.0849501
-0.0908267
-1.46443
1.46866
0.0955431
-0.0997697
-1.67204
1.67345
0.102482
-0.103889
-1.59326
1.59097
0.103385
-0.101096
-1.28003
1.2756
0.0969935
-0.0925673
-1.04467
1.03926
0.0871214
-0.0817041
-0.855211
0.848169
0.0750867
-0.0680448
-0.660967
0.651129
0.0583054
-0.0484675
-0.428309
0.41889
0.0374656
-0.028046
-0.211839
0.205928
0.0192903
-0.0133785
-0.0731385
0.0702936
0.00877692
-0.00593201
-0.00934312
0.00794528
0.00377257
-0.00237473
0.00593361
-0.00673852
0.00121637
-0.000411455
-0.000998289
-0.342
0.346054
0.00265378
-0.00670741
-0.548827
0.555167
0.0119963
-0.0183361
-0.711612
0.718554
0.0244729
-0.0314152
-0.851537
0.857523
0.0367867
-0.0427719
-0.983683
0.98988
0.0480049
-0.0542017
-1.12808
1.13397
0.0596629
-0.0655449
-1.29094
1.29604
0.0706542
-0.0757596
-1.47251
1.47599
0.0797954
-0.0832732
-1.67456
1.67527
0.0853385
-0.0860448
-1.58847
1.58558
0.0849052
-0.0820131
-1.27096
1.26599
0.0773108
-0.0723425
-1.03379
1.02794
0.0663435
-0.0604879
-0.842414
0.835274
0.0535267
-0.0463858
-0.645207
0.636536
0.037378
-0.0287064
-0.414017
0.407142
0.0199356
-0.0130606
-0.204655
0.201253
0.00740073
-0.0039985
-0.0703839
0.0697212
0.00212113
-0.00145839
-0.00783658
0.00761989
0.00108265
-0.000865967
0.00692983
-0.00726561
0.000564016
-0.00022824
-0.000966415
-0.343988
0.347386
0.00237798
-0.00577638
-0.557177
0.562634
0.0099221
-0.0153789
-0.72259
0.72804
0.0208841
-0.0263338
-0.86281
0.867972
0.0309849
-0.036147
-0.995628
1.00093
0.0409454
-0.0462474
-1.13962
1.14452
0.0513618
-0.0562685
-1.30085
1.3054
0.0609475
-0.0654968
-1.4792
1.48214
0.0690736
-0.0720119
-1.67578
1.67597
0.0738159
-0.0740085
-1.58259
1.5793
0.0724323
-0.0691373
-1.26098
1.25571
0.0643951
-0.0591239
-1.02233
1.01624
0.0527891
-0.0466982
-0.829187
0.822236
0.0395919
-0.0326408
-0.631308
0.623442
0.0242648
-0.016398
-0.404142
0.399058
0.00884685
-0.00376231
-0.201892
0.199969
-7.00711e-05
0.00199224
-0.0708511
0.0713431
-0.00226837
0.00177637
-0.0083418
0.00892449
-0.00105764
0.000474956
0.00711125
-0.00701273
-6.65902e-05
-3.19279e-05
-0.000998236
-0.345357
0.348438
0.00235358
-0.00543438
-0.564211
0.568802
0.0089183
-0.0135092
-0.731757
0.736346
0.0185674
-0.0231565
-0.872955
0.877663
0.0272611
-0.0319696
-1.00594
1.01087
0.0363513
-0.0412806
-1.14981
1.15445
0.045596
-0.0502355
-1.30958
1.31381
0.0544785
-0.0587036
-1.48533
1.48793
0.062028
-0.0646281
-1.67628
1.67656
0.0659835
-0.0662677
-1.57639
1.57289
0.0648167
-0.0613236
-1.25071
1.24552
0.0565831
-0.051388
-1.01036
1.00413
0.0449604
-0.0387302
-0.816002
0.809277
0.031719
-0.0249941
-0.619166
0.611644
0.0173125
-0.00979055
-0.396777
0.392668
0.00299293
0.00111649
-0.20126
0.200146
-0.00400754
0.00512134
-0.0731023
0.0741548
-0.00479426
0.00374177
-0.010219
0.0112677
-0.00246458
0.00141584
0.0065655
-0.00615323
-0.000529849
0.000117583
-0.0011666
-0.346614
0.349394
0.00257843
-0.00535792
-0.570148
0.57453
0.00856751
-0.0129493
-0.739886
0.743681
0.0174787
-0.0212739
-0.881895
0.88618
0.0252021
-0.0294868
-1.01544
1.01975
0.0335075
-0.0378193
-1.15894
1.16357
0.0418311
-0.0464587
-1.31802
1.32169
0.0505027
-0.0541696
-1.4905
1.49338
0.0572502
-0.0601251
-1.67685
1.67703
0.0616041
-0.0617819
-1.5699
1.56677
0.0602812
-0.0571501
-1.2406
1.2355
0.0524283
-0.0473349
-0.998408
0.992244
0.0414362
-0.035273
-0.80319
0.796734
0.0283609
-0.021905
-0.607166
0.600361
0.0145718
-0.00776658
-0.390758
0.386904
0.00142358
0.00243023
-0.201455
0.200541
-0.004995
0.00590906
-0.076032
0.0771726
-0.0056011
0.00446049
-0.0128213
0.0140191
-0.00306277
0.00186498
0.00552179
-0.00496496
-0.000754697
0.00019786
-0.00122629
-0.348206
0.35077
0.00282235
-0.00538679
-0.575566
0.579729
0.00842349
-0.0125864
-0.747077
0.751078
0.0163548
-0.0203556
-0.890201
0.894116
0.0238809
-0.0277962
-1.0244
1.02864
0.0314494
-0.0356879
-1.16796
1.17209
0.0396481
-0.0437693
-1.32571
1.32948
0.0478457
-0.0516204
-1.49613
1.49887
0.0546346
-0.0573707
-1.67751
1.67775
0.0591774
-0.0594236
-1.56424
1.56141
0.0582896
-0.0554577
-1.23086
1.22604
0.0511758
-0.0463546
-0.986784
0.981086
0.0405131
-0.0348147
-0.790974
0.784893
0.0283333
-0.0222527
-0.595908
0.589633
0.0152365
-0.00896108
-0.384942
0.380915
0.00290389
0.00112364
-0.201316
0.200269
-0.00388023
0.00492748
-0.0788562
0.079638
-0.0049064
0.00412465
-0.0156023
0.0166892
-0.00296675
0.00187983
0.00424142
-0.00363642
-0.000852498
0.000247499
-0.00130746
-0.349936
0.352685
0.00304114
-0.00579022
-0.5806
0.584603
0.00857503
-0.0125787
-0.754121
0.757732
0.0162429
-0.0198536
-0.897935
0.901706
0.0229914
-0.026762
-1.03263
1.03675
0.0303192
-0.0344426
-1.1764
1.18051
0.0383249
-0.0424347
-1.33353
1.33739
0.0462831
-0.0501401
-1.5016
1.50459
0.0532949
-0.0562814
-1.67862
1.6793
0.0580286
-0.0587133
-1.55901
1.55675
0.0579446
-0.0556895
-1.22187
1.21737
0.0517295
-0.0472327
-0.975849
0.970559
0.0418856
-0.0365958
-0.779074
0.773356
0.0303781
-0.0246606
-0.584895
0.579188
0.0179229
-0.0122163
-0.379008
0.374665
0.00619517
-0.00185257
-0.200428
0.198899
-0.00122452
0.00275343
-0.0808827
0.0811596
-0.00327252
0.00299567
-0.0180098
0.0187821
-0.00231388
0.00154159
0.00296276
-0.00244318
-0.000749478
0.000229897
-0.00142154
-0.352292
0.3549
0.00331525
-0.00592353
-0.585962
0.589504
0.00896769
-0.01251
-0.760898
0.764326
0.0158848
-0.0193119
-0.905344
0.909235
0.0223323
-0.0262233
-1.04083
1.04461
0.0296678
-0.033445
-1.18473
1.18878
0.0374641
-0.0415085
-1.34103
1.34515
0.0451584
-0.0492793
-1.50769
1.51068
0.0525992
-0.0555978
-1.68047
1.68172
0.0577758
-0.0590266
-1.55473
1.5529
0.0586857
-0.0568578
-1.2134
1.20939
0.0534967
-0.0494876
-0.965792
0.960812
0.044535
-0.0395552
-0.767996
0.762656
0.0337391
-0.0283987
-0.574478
0.568642
0.0220029
-0.0161666
-0.37227
0.367636
0.0105297
-0.00589561
-0.198332
0.196381
0.00224222
-0.00029097
-0.0817924
0.0814127
-0.000947824
0.00132752
-0.0196943
0.0200004
-0.00126832
0.000962229
0.00191206
-0.00156276
-0.000522128
0.000172824
-0.00147326
-0.355043
0.357646
0.0034404
-0.00604307
-0.590987
0.594562
0.0090845
-0.0126595
-0.767373
0.770645
0.0158065
-0.0190788
-0.912945
0.916418
0.0222295
-0.0257021
-1.04851
1.05263
0.0290152
-0.033135
-1.19289
1.19709
0.0366018
-0.0408012
-1.34899
1.35345
0.0446105
-0.0490696
-1.51394
1.51731
0.0524232
-0.0557963
-1.68328
1.685
0.0581394
-0.0598598
-1.55153
1.5504
0.0601053
-0.0589723
-1.20598
1.20231
0.0561345
-0.0524675
-0.95618
0.951621
0.0479726
-0.0434131
-0.757563
0.752105
0.0379873
-0.0325289
-0.563966
0.558256
0.0263689
-0.0206594
-0.364717
0.360026
0.0147307
-0.0100394
-0.195177
0.192514
0.00587181
-0.00320826
-0.0813737
0.0803685
0.00130322
-0.000297963
-0.0204335
0.0202955
-0.000231489
0.000369458
0.00123051
-0.00106023
-0.000276943
0.000106662
-0.0014595
-0.358357
0.360939
0.00360223
-0.00618377
-0.596017
0.59948
0.00918044
-0.0126431
-0.773537
0.776637
0.0157774
-0.0188773
-0.919937
0.923494
0.0218798
-0.0254372
-1.05634
1.06007
0.0288345
-0.0325663
-1.20103
1.20524
0.0363215
-0.0405272
-1.35719
1.36159
0.044155
-0.0485543
-1.52096
1.52483
0.0522426
-0.056113
-1.68707
1.6895
0.0588926
-0.0613219
-1.54933
1.5488
0.061876
-0.0613513
-1.19933
1.19621
0.0591004
-0.0559752
-0.947399
0.943218
0.0517186
-0.0475376
-0.747247
0.74207
0.0422044
-0.0370273
-0.553316
0.547486
0.0308651
-0.0250351
-0.356317
0.351289
0.0188875
-0.0138591
-0.19066
0.187396
0.00927477
-0.0060114
-0.0797591
0.0780995
0.0034504
-0.00179078
-0.0203002
0.0197717
0.000710161
-0.000181642
0.000901175
-0.000896854
-4.15781e-05
3.72565e-05
-0.00136703
-0.361574
0.364466
0.0034656
-0.00635823
-0.601232
0.604714
0.00934491
-0.0128263
-0.779624
0.782565
0.0154857
-0.0184265
-0.926576
0.930172
0.0215274
-0.0251242
-1.06404
1.06783
0.0284149
-0.0322054
-1.20954
1.21359
0.0358893
-0.039937
-1.36583
1.37026
0.0438666
-0.0482945
-1.5286
1.5326
0.0522252
-0.0562266
-1.69196
1.69479
0.0595964
-0.0624198
-1.5486
1.54845
0.0639158
-0.0637671
-1.19371
1.191
0.0622871
-0.0595783
-0.939172
0.935099
0.0558801
-0.0518068
-0.737269
0.732006
0.0467507
-0.0414877
-0.542335
0.536339
0.0350795
-0.0290832
-0.347037
0.341682
0.0225085
-0.017153
-0.184881
0.181109
0.0120759
-0.00830335
-0.0769169
0.0747785
0.00512953
-0.00299118
-0.0194014
0.0185516
0.00141771
-0.000567971
0.000868873
-0.000983113
0.000114393
-1.53693e-07
-0.0013628
-0.36541
0.368284
0.00344171
-0.00631586
-0.606561
0.60978
0.00914007
-0.0123593
-0.785608
0.78862
0.0150729
-0.0180845
-0.933317
0.936774
0.0211704
-0.0246278
-1.0713
1.07541
0.0276215
-0.0317358
-1.2177
1.22231
0.0351283
-0.0397361
-1.37473
1.37902
0.0437355
-0.0480272
-1.53661
1.5413
0.0519123
-0.0565981
-1.698
1.70144
0.0601212
-0.0635597
-1.54909
1.54978
0.0657168
-0.0664097
-1.18888
1.18683
0.0652509
-0.0632062
-0.931451
0.927628
0.0597889
-0.0559654
-0.727146
0.721759
0.0508702
-0.045483
-0.530827
0.524527
0.0387878
-0.0324878
-0.336889
0.331064
0.0255274
-0.0197025
-0.177993
0.173767
0.0140948
-0.00986862
-0.0730735
0.0705978
0.00622168
-0.00374597
-0.0178948
0.016844
0.0018425
-0.000791663
0.00104979
-0.00123292
0.000197702
-1.45776e-05
-0.00132232
-0.369324
0.372128
0.00345977
-0.00626352
-0.611901
0.614969
0.00911606
-0.0121848
-0.791509
0.794607
0.0148585
-0.0179567
-0.939987
0.943438
0.020687
-0.0241377
-1.07903
1.08275
0.0272349
-0.030953
-1.22599
1.23034
0.0345825
-0.0389326
-1.38366
1.38824
0.0429224
-0.0475072
-1.54571
1.55049
0.0516183
-0.0563996
-1.70506
1.70899
0.0605695
-0.0644954
-1.55073
1.55221
0.0672258
-0.0686998
-1.18515
1.18361
0.0682864
-0.0667474
-0.924048
0.920052
0.0637854
-0.0597898
-0.71676
0.711075
0.0547879
-0.0491031
-0.518537
0.511622
0.042068
-0.0351536
-0.325621
0.31914
0.0276406
-0.0211597
-0.170082
0.165552
0.0151055
-0.0105759
-0.068534
0.0658887
0.00658214
-0.00393689
-0.0160265
0.0149252
0.00194332
-0.000842016
0.00135765
-0.00156422
0.000228943
-2.23682e-05
-0.00137605
-0.373381
0.376027
0.00335628
-0.00600175
-0.617016
0.619905
0.00892527
-0.0118136
-0.797052
0.800044
0.0143263
-0.0173181
-0.94644
0.949706
0.0201055
-0.0233723
-1.08635
1.08991
0.0265745
-0.0301382
-1.2346
1.23865
0.0338896
-0.0379408
-1.39275
1.39717
0.0423756
-0.0467997
-1.55485
1.56009
0.0511892
-0.0564278
-1.71312
1.71756
0.0606461
-0.0650805
-1.55396
1.556
0.0685843
-0.0706269
-1.18247
1.1814
0.0710796
-0.0700107
-0.916707
0.913197
0.0673857
-0.0638752
-0.705681
0.699762
0.0585261
-0.052608
-0.504946
0.49732
0.0448135
-0.0371882
-0.313218
0.306071
0.0287088
-0.0215615
-0.161413
0.156538
0.0147802
-0.0099057
-0.0637027
0.0611261
0.00581489
-0.00323828
-0.0141262
0.0132509
0.00147209
-0.000596731
0.00169048
-0.00183125
0.000158795
-1.8025e-05
-0.00125048
-0.37744
0.380239
0.00314299
-0.00594281
-0.622172
0.624892
0.00861119
-0.0113312
-0.80288
0.805834
0.0139566
-0.0169099
-0.952887
0.955974
0.0196131
-0.0227
-1.09377
1.09724
0.0258608
-0.0293324
-1.24287
1.24726
0.0327603
-0.0371581
-1.40215
1.40673
0.0413894
-0.0459674
-1.56481
1.57007
0.0505026
-0.0557633
-1.72221
1.72731
0.06043
-0.0655347
-1.55863
1.5613
0.069407
-0.0720822
-1.18069
1.18035
0.0735172
-0.0731799
-0.910087
0.906704
0.0710112
-0.0676279
-0.693982
0.687556
0.0623675
-0.0559415
-0.489813
0.481039
0.0474149
-0.038641
-0.299106
0.290762
0.0288651
-0.0205212
-0.151874
0.14625
0.012687
-0.00706283
-0.0590772
0.0567039
0.00267224
-0.000298978
-0.0128426
0.0127067
-0.000917274
0.00105317
0.00177464
-0.00132312
-0.000643388
0.000191861
-0.00130594
-0.381376
0.38394
0.00325137
-0.00581519
-0.627143
0.629894
0.00810531
-0.0108565
-0.808135
0.811
0.0131363
-0.0160013
-0.958894
0.96191
0.0188291
-0.0218458
-1.10044
1.10413
0.0247811
-0.0284665
-1.25119
1.25547
0.0318999
-0.0361737
-1.41137
1.41632
0.0401693
-0.0451166
-1.57503
1.58053
0.0495729
-0.0550722
-1.73239
1.73761
0.0600503
-0.0652734
-1.56459
1.5681
0.0698414
-0.0733531
-1.18058
1.18086
0.075597
-0.0758789
-0.903506
0.900521
0.0742151
-0.0712299
-0.681577
0.674664
0.0661065
-0.0591934
-0.47242
0.46257
0.0498203
-0.03997
-0.282264
0.272143
0.0287196
-0.0185987
-0.140396
0.132861
0.00867623
-0.00114049
-0.0543328
0.0505323
-0.00526248
0.00906303
-0.0131842
0.0133634
-0.0110799
0.0109007
-0.000150119
0.00446747
-0.00822408
0.00390673
-0.00112724
-0.385449
0.388102
0.00295194
-0.00560496
-0.632086
0.634468
0.00791857
-0.0103001
-0.813396
0.816137
0.0128294
-0.0155707
-0.965153
0.967897
0.018264
-0.0210083
-1.1077
1.11114
0.0238397
-0.0272793
-1.25922
1.26333
0.0310748
-0.0351793
-1.42093
1.42565
0.039198
-0.0439229
-1.58598
1.5911
0.0487244
-0.053849
-1.74329
1.74895
0.059234
-0.0648994
-1.57182
1.57606
0.0699057
-0.0741442
-1.18157
1.18261
0.0771468
-0.0781926
-0.89799
0.89522
0.0773184
-0.0745477
-0.668218
0.661473
0.0694173
-0.0626716
-0.452952
0.442177
0.0524782
-0.0417035
-0.261834
0.249845
0.0290083
-0.0170194
-0.124222
0.113005
0.00410361
0.00711276
-0.0448633
0.0350439
-0.0188386
0.028658
-0.0132039
0.0112493
-0.0363207
0.0382752
-0.0124219
0.0224913
-0.0349287
0.0248592
-0.00108377
-0.389585
0.391892
0.00286023
-0.00516809
-0.636872
0.639262
0.00760887
-0.00999866
-0.818562
0.821339
0.012339
-0.0151159
-0.970764
0.973605
0.017921
-0.0207619
-1.11465
1.11824
0.0237619
-0.0273555
-1.26752
1.27192
0.0311866
-0.0355942
-1.43052
1.43592
0.0396237
-0.0450208
-1.59726
1.60314
0.0504147
-0.0562925
-1.75527
1.76229
0.062271
-0.0692929
-1.58099
1.58672
0.0755447
-0.0812741
-1.18467
1.18689
0.0859259
-0.0881478
-0.893119
0.890882
0.0884177
-0.0861805
-0.654261
0.646626
0.0812472
-0.0736132
-0.430961
0.418532
0.0620719
-0.0496424
-0.236403
0.221849
0.0345968
-0.0200424
-0.0992961
0.0842732
0.00298441
0.0120385
-0.0276324
0.0412895
-0.0196936
0.0060366
-0.0315879
0.136101
0.0494417
-0.153954
-0.112597
0.341385
0.358235
-0.587023
-0.0010012
-0.393481
0.395755
0.00278922
-0.00506288
-0.641308
0.643989
0.00727526
-0.00995642
-0.823862
0.826279
0.0121166
-0.014533
-0.976761
0.979779
0.0172665
-0.0202849
-1.12171
1.1253
0.0232477
-0.0268371
-1.27615
1.28048
0.0306931
-0.0350159
-1.44123
1.44654
0.0396485
-0.04496
-1.60964
1.61629
0.0507169
-0.0573652
-1.76955
1.77733
0.0639666
-0.0717424
-1.59312
1.60005
0.0791323
-0.0860665
-1.19035
1.19411
0.092162
-0.0959204
-0.889652
0.888389
0.0978344
-0.0965712
-0.639012
0.631453
0.0916289
-0.0840701
-0.40657
0.392986
0.0712245
-0.0576402
-0.206543
0.192894
0.0426598
-0.0290112
-0.0796106
0.115259
0.0264891
-0.0621372
-0.119863
0.355436
0.183039
-0.418612
-0.395255
0.626174
0.735444
-0.966363
-0.533272
0.630967
1.12257
-1.22026
-0.000766028
-0.397141
0.398504
0.0030715
-0.00443414
-0.645875
0.648287
0.00699486
-0.00940741
-0.828723
0.831408
0.011279
-0.0139643
-0.982748
0.986049
0.016759
-0.02006
-1.12874
1.13299
0.0225834
-0.0268312
-1.28486
1.28972
0.0299502
-0.0348102
-1.4522
1.45826
0.0392197
-0.0452758
-1.62315
1.63036
0.0509621
-0.0581782
-1.7858
1.79474
0.0651717
-0.0741085
-1.6078
1.61662
0.0823701
-0.0911892
-1.19897
1.20496
0.0984224
-0.104411
-0.888676
0.889351
0.107655
-0.108331
-0.62317
0.615454
0.103795
-0.0960794
-0.381225
0.36612
0.0815945
-0.0664904
-0.188664
0.229367
0.0613945
-0.102098
-0.241278
0.50465
0.248621
-0.511992
-0.656158
0.855982
0.846018
-1.04584
-0.748571
0.81334
1.16556
-1.23033
-0.673249
0.694823
1.27023
-1.2918
-0.00106039
-0.399435
0.399445
0.00390015
-0.00391012
-0.649882
0.652109
0.00690233
-0.00912948
-0.834259
0.836802
0.0109161
-0.0134589
-0.989739
0.994151
0.0156494
-0.0200612
-1.13784
1.14256
0.0217097
-0.0264332
-1.29495
1.30112
0.0287061
-0.0348761
-1.46432
1.47114
0.0385441
-0.0453671
-1.63836
1.64698
0.0506801
-0.059303
-1.80456
1.81519
0.0659667
-0.0765946
-1.62635
1.63756
0.0853667
-0.0965687
-1.21212
1.22067
0.104819
-0.113364
-0.892729
0.896073
0.117793
-0.121136
-0.605318
0.593542
0.11929
-0.107514
-0.360554
0.392984
0.100124
-0.132553
-0.352457
0.533515
0.259834
-0.440892
-0.814376
1.05325
0.767207
-1.00608
-0.962977
1.0181
1.13078
-1.1859
-0.846602
0.864131
1.22513
-1.24266
-0.708517
0.72067
1.26021
-1.27236
0.159615
-0.231199
0.119638
-0.00222875
-0.11853
0.352512
0.262967
-0.00587158
-0.156602
0.513825
0.339154
-0.0108192
-0.171477
0.653171
0.37218
-0.0158083
-0.176515
0.783001
0.388011
-0.0220737
-0.177416
0.917754
-0.0295657
0.401667
1.06234
0.417738
-0.0387625
1.21604
0.436225
-0.0514285
1.37078
0.456838
-0.0680491
1.51263
0.478437
-0.08981
1.34357
0.496897
-0.113073
0.958178
0.504825
-0.131367
0.633555
0.483619
-0.132616
-0.138889
0.407206
0.417289
-0.189188
-0.166174
0.60004
0.743018
-0.610845
-0.376558
0.823247
1.85831
-1.05156
-0.587606
0.640041
2.35179
-1.15646
-0.631726
0.418144
2.4793
-1.20426
-0.646113
0.22803
-1.23581
2.53922
-1.26293
-0.734521
2.72885
-0.00175995
-0.00187756
0.221662
-0.0584086
-0.00175584
0.414693
-0.414697
0.00452729
-0.00587266
0.661889
-0.660543
0.00806883
-0.0100887
0.842307
-0.840287
0.0121935
-0.0156097
0.996842
-0.993426
0.0179084
-0.0219468
1.14714
-1.1431
0.0254844
-0.0301641
-1.30501
1.30969
0.0353504
-0.0413609
-1.47795
1.48396
0.0479271
-0.0555036
-1.65668
1.66425
0.0644548
-0.0748647
-1.82833
1.83874
0.0866603
-0.0982557
-1.65154
1.66314
0.111225
-0.121341
-1.23071
1.24083
0.130673
-0.136723
-0.895518
0.901569
0.133804
-0.153845
0.59648
-0.576439
0.238937
-0.413503
0.760761
-0.586195
0.735548
-0.913882
1.36862
-1.19028
1.05537
-1.10177
1.31344
-1.26704
1.13855
-1.16176
1.10604
-1.08283
1.18269
-1.20239
0.919765
-0.900059
0.889448
-0.663299
-0.74628
1.42263
-0.000152873
-0.00272976
-0.22568
0.228562
-0.00165648
-0.415406
0.41691
0.00419868
-0.00589292
-0.663862
0.665557
0.00782562
-0.0109694
-0.845337
0.848481
0.0125073
-0.0164018
-1.00149
1.00539
0.0184095
-0.0237343
-1.15246
1.15778
0.0264398
-0.0324007
-1.31613
1.32209
0.0365697
-0.0443641
-1.49199
1.49979
0.0495876
-0.0597367
-1.67465
1.6848
0.067311
-0.0809944
-1.85234
1.86603
0.0913654
-0.106987
-1.67885
1.69447
0.119069
-0.134024
-1.25568
1.27064
0.143813
-0.152051
-0.911533
0.919772
0.169539
-0.233394
-0.643071
0.706926
0.422077
-0.684692
-0.988254
1.25087
0.91364
-1.00286
-1.49704
1.58626
1.06078
-1.09258
-1.34595
1.37774
1.12197
-1.14396
-1.12606
1.14805
1.16881
-1.19124
-0.934609
0.957043
0.896104
-0.633918
-0.776455
1.42132
1.09212e-05
-0.001952
-0.231908
0.233849
-0.0014606
-0.418108
0.419579
0.00394676
-0.00586008
-0.667745
0.669658
0.0086155
-0.0111801
-0.850963
0.853527
0.0134694
-0.0169167
-1.00861
1.01205
0.0201643
-0.0240994
-1.1618
1.16573
0.0282888
-0.0335812
-1.32746
1.33275
0.0391249
-0.0458742
-1.50717
1.51392
0.0529056
-0.0623473
-1.69438
1.70383
0.0718785
-0.0848704
-1.87925
1.89224
0.0981954
-0.113359
-1.71006
1.72523
0.129607
-0.144025
-1.28531
1.29972
0.157275
-0.172258
-0.930331
0.945314
0.225143
-0.364068
-0.81227
0.951195
0.634038
-0.855291
-1.506
1.72725
0.961063
-1.01145
-1.65555
1.70593
1.04502
-1.07185
-1.40598
1.4328
1.10046
-1.12367
-1.17175
1.19495
1.15024
-1.17798
-0.970498
0.998233
0.902704
-0.60659
-0.810649
1.42749
-0.000254065
-0.0013885
-0.236402
0.238045
-0.00162768
-0.421384
0.422758
0.00400966
-0.0059717
-0.672109
0.674071
0.00868781
-0.0116444
-0.856202
0.859158
0.014447
-0.0178997
-1.01518
1.01863
0.0214238
-0.0256449
-1.16992
1.17414
0.0298305
-0.0354217
-1.33787
1.34346
0.0411936
-0.0484289
-1.52073
1.52796
0.0559082
-0.0655267
-1.7132
1.72282
0.0760042
-0.0894561
-1.90512
1.91857
0.104445
-0.120715
-1.74093
1.7572
0.138822
-0.154846
-1.31527
1.33129
0.170439
-0.203351
-0.971569
1.00448
0.318035
-0.527569
-1.13288
1.34241
0.783964
-0.900653
-1.88921
2.0059
0.960713
-0.994191
-1.74717
1.78064
1.02247
-1.04748
-1.46066
1.48567
1.07614
-1.10577
-1.21992
1.24956
1.13719
-1.15876
-1.02068
1.04225
0.89076
-0.558913
-0.840886
1.40038
-0.000584248
-0.00081736
-0.240223
0.241624
-0.00201869
-0.424553
0.425987
0.00422211
-0.00663374
-0.676634
0.679045
0.00932639
-0.0121105
-0.861974
0.864758
0.0149811
-0.0188819
-1.02172
1.02562
0.0225003
-0.0269399
-1.17844
1.18288
0.0313214
-0.0370646
-1.34898
1.35472
0.0434428
-0.0508302
-1.53532
1.54271
0.0586487
-0.0691608
-1.73257
1.74308
0.0802911
-0.0945284
-1.93254
1.94678
0.1106
-0.128084
-1.77429
1.79177
0.147442
-0.164642
-1.34786
1.36506
0.191245
-0.253304
-1.05303
1.11509
0.429091
-0.672638
-1.5762
1.81974
0.837634
-0.899953
-2.08737
2.14969
0.939596
-0.966994
-1.80986
1.83726
0.994446
-1.02138
-1.51592
1.54285
1.04572
-1.06037
-1.27505
1.2897
1.06796
-1.06009
-1.05211
1.04424
0.800057
-0.418453
-0.847203
1.24261
-0.000872545
-0.000280109
-0.243605
0.244758
-0.00205386
-0.428033
0.429214
0.00440047
-0.00693738
-0.681473
0.68401
0.00951759
-0.0124667
-0.86792
0.870869
0.0155393
-0.0195984
-1.02925
1.03331
0.023471
-0.0281031
-1.18743
1.19206
0.0324891
-0.0384877
-1.36055
1.36655
0.0446996
-0.0525887
-1.55064
1.55853
0.0606397
-0.0714579
-1.75336
1.76417
0.0825212
-0.0973379
-1.96187
1.97669
0.11365
-0.131695
-1.81045
1.8285
0.151748
-0.171192
-1.38393
1.40337
0.21102
-0.314248
-1.2018
1.30502
0.532108
-0.724485
-2.0496
2.24198
0.809963
-0.849345
-2.20004
2.23942
0.877268
-0.898749
-1.86032
1.8818
0.926674
-0.943802
-1.56897
1.5861
0.954585
-0.948891
-1.30306
1.29737
0.916347
-0.84797
-1.02188
0.953504
0.691538
-0.373102
0.366802
-0.685238
-0.000758041
-0.000182816
-0.246952
0.247893
-0.00224576
-0.431307
0.432794
0.0047225
-0.00707676
-0.686872
0.689226
0.0101096
-0.0132322
-0.874186
0.877309
0.0164509
-0.020595
-1.03665
1.04079
0.0247229
-0.0295871
-1.19657
1.20144
0.0348511
-0.0412613
-1.37276
1.37917
0.0480318
-0.0564199
-1.56644
1.57483
0.0656041
-0.0770314
-1.7746
1.78603
0.089424
-0.106085
-1.99156
2.00822
0.124335
-0.144614
-1.84733
1.86761
0.167153
-0.193862
-1.42684
1.45355
0.261794
-0.411347
-1.42885
1.5784
0.658218
-0.787686
-2.39967
2.52913
0.844236
-0.874227
-2.27163
2.30162
0.898742
-0.922381
-1.90443
1.92807
0.938905
-0.941262
-1.59721
1.59957
0.921607
-0.863989
-1.27
1.21238
0.715649
-0.448024
-0.808366
0.540741
0.139964
-0.0175876
-0.109005
-0.0133712
-0.000973783
-1.3024e-05
-0.249767
0.250753
-0.0023339
-0.43546
0.43682
0.00446965
-0.00707813
-0.692307
0.694916
0.00991453
-0.0132444
-0.881042
0.884371
0.0168881
-0.0212975
-1.04486
1.04927
0.0255821
-0.0311767
-1.20681
1.2124
0.036937
-0.0437425
-1.3858
1.39261
0.0509488
-0.0604012
-1.58349
1.59294
0.0703469
-0.0829193
-1.79796
1.81054
0.0966816
-0.114756
-2.02509
2.04316
0.135187
-0.158036
-1.88859
1.91144
0.184404
-0.222175
-1.48639
1.52416
0.332143
-0.527393
-1.74853
1.94378
0.745322
-0.82371
-2.62587
2.70425
0.865581
-0.891874
-2.32912
2.35541
0.914505
-0.929552
-1.94615
1.96119
0.930425
-0.89969
-1.59083
1.5601
0.79899
-0.598239
-1.09311
0.89236
0.257507
-0.0621663
-0.251982
0.0566411
-0.00213094
0.00699952
0.0480797
-0.0529483
-0.000582569
-0.000178887
-0.252669
0.25343
-0.00221185
-0.439269
0.440899
0.00416214
-0.00678418
-0.698209
0.700831
0.00988922
-0.0134488
-0.887826
0.891385
0.0172752
-0.0218577
-1.05346
1.05804
0.0264588
-0.0324699
-1.21745
1.22346
0.0383433
-0.0461008
-1.39954
1.4073
0.0536479
-0.0640995
-1.60195
1.6124
0.0748505
-0.0883714
-1.82372
1.83724
0.103712
-0.123643
-2.06179
2.08173
0.145836
-0.171358
-1.93486
1.96038
0.204139
-0.260596
-1.573
1.62946
0.411641
-0.639458
-2.15221
2.38002
0.79314
-0.846894
-2.76606
2.81981
0.879598
-0.899607
-2.37814
2.39815
0.915752
-0.91569
-1.96947
1.96941
0.871955
-0.74697
-1.49498
1.37
0.474401
-0.166326
-0.594369
0.286294
0.025368
0.00635118
0.0228981
-0.0546173
-0.00892685
0.00440534
0.0493383
-0.0448168
-1.78822e-05
-0.000300176
-0.255468
0.255786
-0.00148523
-0.443479
0.444946
0.00359943
-0.00621513
-0.704563
0.707179
0.00923353
-0.0129035
-0.895598
0.899268
0.0170972
-0.0218165
-1.06277
1.06749
0.0269357
-0.0331611
-1.22925
1.23548
0.0396145
-0.0476276
-1.41476
1.42277
0.0562156
-0.0671402
-1.62261
1.63353
0.078936
-0.0938424
-1.85174
1.86665
0.1101
-0.131823
-2.1022
2.12393
0.156328
-0.184487
-1.98683
2.01499
0.226438
-0.311254
-1.70148
1.78629
0.504693
-0.719873
-2.59969
2.81487
0.81624
-0.85536
-2.86472
2.90384
0.880469
-0.895198
-2.41687
2.4316
0.894068
-0.851465
-1.94976
1.90716
0.709544
-0.438213
-1.19296
0.921625
0.109109
-0.014243
-0.0849271
-0.00993858
-0.0071706
0.00908051
0.0665974
-0.0685073
-0.00590442
0.00206934
0.0406719
-0.0368368
0.000497778
-0.000629763
-0.257665
0.257797
-0.000511292
-0.447733
0.448742
0.00268868
-0.00530821
-0.710897
0.713516
0.0083395
-0.0122937
-0.903299
0.907253
0.0163096
-0.0213419
-1.07232
1.07735
0.0269262
-0.0331159
-1.24171
1.2479
0.0402841
-0.0484981
-1.43138
1.43959
0.0576074
-0.0694372
-1.64429
1.65612
0.082192
-0.0980106
-1.8819
1.89772
0.115809
-0.139228
-2.14617
2.16959
0.165745
-0.197668
-2.04485
2.07677
0.252333
-0.367883
-1.88848
2.00403
0.597047
-0.759939
-3.0012
3.1641
0.823778
-0.849362
-2.93553
2.96111
0.868101
-0.869566
-2.43847
2.43993
0.828597
-0.701
-1.83124
1.70364
0.411805
-0.100734
-0.578562
0.267491
0.00267226
0.013402
0.0537231
-0.0697974
-0.0135336
0.0103357
0.0674666
-0.0642687
-0.00545016
0.00182644
0.0326477
-0.029024
0.00127685
-0.000945677
-0.259549
0.259218
0.000875287
-0.45151
0.451912
0.000812035
-0.00329348
-0.717401
0.719883
0.00644452
-0.0105914
-0.911393
0.91554
0.0147824
-0.0199232
-1.08259
1.08773
0.0254626
-0.0324102
-1.25467
1.26162
0.0396171
-0.0488972
-1.4482
1.45748
0.0585284
-0.0707039
-1.66774
1.67991
0.0839117
-0.101147
-1.91422
1.93146
0.119824
-0.144789
-2.19313
2.21809
0.17325
-0.210329
-2.11085
2.14793
0.282525
-0.426782
-2.13449
2.27875
0.662802
-0.76879
-3.29364
3.39963
0.810076
-0.829266
-2.98416
3.00335
0.836165
-0.807991
-2.42504
2.39686
0.702667
-0.478468
-1.53848
1.31428
0.117007
-0.0202892
-0.0824989
-0.0142184
0.000809051
0.00621258
0.0838644
-0.090886
-0.00650325
0.00467581
0.0623372
-0.0605097
-0.00231841
0.000681955
0.0267817
-0.0251452
0.0024784
-0.00146353
-0.260604
0.259589
0.00250937
-0.454741
0.45471
-0.00133802
-0.00100786
-0.723637
0.725983
0.00366827
-0.00764463
-0.91999
0.923966
0.0120606
-0.0174658
-1.09328
1.09869
0.023124
-0.0304296
-1.26811
1.27541
0.0378192
-0.0472809
-1.46624
1.4757
0.0575845
-0.070209
-1.69226
1.70488
0.0840922
-0.101929
-1.94895
1.96679
0.121838
-0.147736
-2.24329
2.26919
0.178345
-0.220958
-2.1885
2.23112
0.315819
-0.482534
-2.43536
2.60208
0.689373
-0.755501
-3.48296
3.54909
0.782134
-0.79388
-3.01949
3.03124
0.777265
-0.704042
-2.34773
2.2745
0.517366
-0.174901
-1.01807
0.675605
0.0230016
-0.00149941
0.0608073
-0.0823095
-0.00952229
0.0106873
0.0904829
-0.0916479
-0.00864888
0.00581317
0.0574027
-0.0545669
-0.00278292
0.000817919
0.0228726
-0.0209076
0.00369042
-0.00205876
-0.260498
0.258866
0.00489517
-0.456831
0.455626
-0.00440817
0.00257306
-0.729742
0.731578
-0.0002136
-0.0035545
-0.928638
0.932406
0.00786028
-0.0134927
-1.10389
1.10952
0.0194057
-0.0264202
-1.28245
1.28946
0.0343652
-0.0440204
-1.48517
1.49483
0.0543005
-0.0670438
-1.71818
1.73092
0.0815182
-0.10022
-1.98481
2.00351
0.120841
-0.148149
-2.29546
2.32277
0.180297
-0.228822
-2.27888
2.3274
0.340466
-0.52862
-2.77966
2.96781
0.679293
-0.719879
-3.60109
3.64167
0.738431
-0.738438
-3.03513
3.03513
0.690218
-0.557889
-2.16723
2.0349
0.264371
-0.0563521
-0.365552
0.157533
0.0182262
-0.00371246
0.0913288
-0.105843
-0.000325153
0.00252912
0.0899679
-0.0921719
-0.00267087
0.00195306
0.0514109
-0.0506931
-0.000894742
0.000202843
0.0186657
-0.0179738
0.00545824
-0.00277246
-0.258825
0.256139
0.00818544
-0.457557
0.45483
-0.00881212
0.00736362
-0.734865
0.736314
-0.00535835
0.00225547
-0.936979
0.940082
0.00206677
-0.00718141
-1.11454
1.11966
0.0129796
-0.0204829
-1.29638
1.30388
0.0277592
-0.0376385
-1.50425
1.51413
0.0481583
-0.0612932
-1.74423
1.75737
0.0757276
-0.0947693
-2.02212
2.04116
0.115395
-0.143208
-2.34998
2.37779
0.177246
-0.232513
-2.38179
2.43706
0.357061
-0.543036
-3.15782
3.3438
0.641129
-0.666443
-3.6758
3.70111
0.677217
-0.656683
-3.02336
3.00282
0.572132
-0.399763
-1.87581
1.70345
0.084566
-0.0233991
-0.0499703
-0.0111966
0.0126888
-0.00337021
0.122383
-0.131702
-0.000917224
0.00383972
0.0968841
-0.0998066
-0.00441482
0.00329326
0.0504887
-0.0493672
-0.00157134
0.000418482
0.0173386
-0.0161857
0.00785261
-0.00368893
-0.254997
0.250833
0.0126611
-0.455951
0.451142
-0.014604
0.0144413
-0.738602
0.738765
-0.0130066
0.0104971
-0.944476
0.946985
-0.00670112
0.00163342
-1.12471
1.12978
0.00394787
-0.0108686
-1.31054
1.31746
0.0181778
-0.0278003
-1.52335
1.53297
0.0378311
-0.051028
-1.77084
1.78404
0.0653059
-0.0837368
-2.05969
2.07813
0.104218
-0.131976
-2.40514
2.43289
0.167154
-0.228723
-2.49963
2.56119
0.360305
-0.518815
-3.51805
3.67656
0.578986
-0.595132
-3.7226
3.73874
0.595295
-0.556566
-2.96876
2.93003
0.436373
-0.208065
-1.4852
1.25689
0.0400113
-0.0178269
0.044408
-0.0665924
-0.000487701
0.00743653
0.134654
-0.141602
-0.013629
0.01603
0.0999638
-0.102365
-0.014515
0.010625
0.0462166
-0.0423267
-0.00549816
0.0017645
0.0136809
-0.0099472
0.0110854
-0.00488478
-0.248426
0.242225
0.0182516
-0.450886
0.44372
-0.0226106
0.0239558
-0.740351
0.739005
-0.0229952
0.0215164
-0.951214
0.952693
-0.0187354
0.0141998
-1.13447
1.139
-0.00904785
0.00248863
-1.324
1.33056
0.00440289
-0.0135297
-1.54182
1.55095
0.0227845
-0.0355019
-1.79655
1.80927
0.0492744
-0.0670719
-2.0965
2.1143
0.0862846
-0.113199
-2.45962
2.48654
0.148343
-0.212009
-2.62952
2.69318
0.338719
-0.458711
-3.81859
3.93858
0.495715
-0.505993
-3.75303
3.76331
0.49342
-0.440665
-2.8777
2.82494
0.308806
-0.0958675
-1.02415
0.811206
0.0426204
-0.00675136
0.0985403
-0.134409
-0.0310332
0.0503309
0.158739
-0.178036
-0.0588982
0.0561014
0.104799
-0.102002
-0.0457794
0.0325354
0.0349894
-0.0217454
-0.016969
0.00571001
0.00310276
0.00815623
0.0153928
-0.00645689
-0.23826
0.229324
0.0262928
-0.441289
0.430389
-0.0334214
0.0370578
-0.73891
0.735274
-0.0379809
0.0366149
-0.955352
0.956718
-0.0349703
0.0314681
-1.14307
1.14657
-0.027318
0.0214661
-1.33585
1.3417
-0.015169
0.00724962
-1.55921
1.56713
0.00142837
-0.0132763
-1.82112
1.83297
0.0258907
-0.0420301
-2.13156
2.1477
0.0601123
-0.084916
-2.51238
2.53718
0.118032
-0.176365
-2.76063
2.81897
0.28879
-0.367655
-4.04227
4.12113
0.389746
-0.396648
-3.77136
3.77827
0.376262
-0.311871
-2.75357
2.68918
0.168518
2.71284e-05
-0.601145
0.4326
-0.0669913
0.101164
0.178925
-0.213097
-0.108649
0.108459
0.186083
-0.185893
-0.093152
0.0720892
0.0890717
-0.0680089
-0.0486382
0.0280181
0.00332278
0.0172974
-0.0111929
0.00261977
-0.0217479
0.030321
0.0208312
-0.00820899
-0.223343
0.210721
0.0369831
-0.425575
0.409423
-0.0476554
0.054315
-0.732636
0.725976
-0.0573725
0.0575166
-0.957502
0.957358
-0.0567889
0.0545647
-1.14972
1.15194
-0.0514881
0.0472069
-1.34659
1.35087
-0.0421311
0.0352557
-1.57443
1.58131
-0.0279207
0.0180106
-1.84348
1.85339
-0.00703051
-0.00766367
-2.16372
2.17841
0.0237432
-0.0448143
-2.56085
2.58193
0.0729223
-0.12019
-2.87979
2.92705
0.201715
-0.246784
-4.18881
4.23388
0.261893
-0.267974
-3.78258
3.78866
0.253702
-0.208431
-2.62004
2.57477
0.103397
-0.024454
-0.285853
0.20691
-0.0110093
0.0158806
0.234324
-0.239195
-0.012515
-0.00022542
0.173924
-0.161184
0.0197942
-0.0344516
0.0414587
-0.0268013
0.0413496
-0.0348912
-0.0279201
0.0214617
0.0205382
-0.00732755
-0.0262632
0.0130525
0.0279348
-0.0102309
-0.20224
0.184536
0.0491534
-0.400662
0.379443
-0.0650966
0.0770801
-0.720217
0.708234
-0.0832703
0.085792
-0.955637
0.953116
-0.0863796
0.0857468
-1.15318
1.15382
-0.0838588
0.0809959
-1.35439
1.35726
-0.0779065
0.0726725
-1.58672
1.59195
-0.067279
0.0594946
-1.86262
1.87041
-0.0507192
0.0389325
-2.19144
2.20323
-0.0261791
0.00884313
-2.60195
2.61929
0.0107851
-0.0388109
-2.97474
3.00277
0.0768671
-0.0949081
-4.27318
4.29122
0.102272
-0.107251
-3.79552
3.8005
0.108531
-0.101669
-2.52975
2.52289
0.0783906
-0.0946538
-0.166409
0.182672
0.0893443
-0.0775386
0.24993
-0.261736
0.0611437
-0.0437341
0.156003
-0.173413
0.0304658
-0.0229655
0.0240868
-0.031587
0.0163582
-0.0102964
-0.0126851
0.0066234
0.00451855
-0.00141765
-0.00419411
0.00109321
0.0325768
-0.0105973
-0.173271
0.151291
0.0607147
-0.364147
0.33601
-0.0842504
0.103837
-0.69854
0.678954
-0.115252
0.122631
-0.948635
0.941256
-0.125391
0.127009
-1.15327
1.15166
-0.126422
0.125792
-1.35899
1.35962
-0.124263
0.121791
-1.59575
1.59823
-0.118508
0.113441
-1.87699
1.88206
-0.107469
0.0994496
-2.21375
2.22177
-0.0908308
0.0799797
-2.63606
2.64691
-0.0686362
0.0690509
-3.02875
3.02834
-0.0829355
0.0947343
-4.30659
4.29479
-0.106248
0.113364
-3.80045
3.79334
-0.10637
0.0766039
-2.5142
2.54397
-0.0155989
-0.0585829
-0.226487
0.300669
0.0762343
-0.0658777
0.290057
-0.300413
0.0468093
-0.0231068
0.198001
-0.221704
-8.84291e-05
0.0109402
0.0417058
-0.0525576
-0.0128095
0.0101817
-0.00686983
0.00949762
-0.0050823
0.00110746
-0.00308009
0.00705494
0.0346554
-0.0100636
-0.135406
0.110814
0.0731755
-0.313105
0.274585
-0.106558
0.136152
-0.661909
0.632315
-0.155745
0.169194
-0.933772
0.920323
-0.176392
0.180557
-1.14844
1.14428
-0.182765
0.183672
-1.35956
1.35866
-0.1844
0.184425
-1.60008
1.60005
-0.183971
0.182127
-1.88584
1.88768
-0.179514
0.175892
-2.22834
2.23196
-0.171988
0.166923
-2.65648
2.66154
-0.16871
0.195422
-3.02913
3.00241
-0.271485
0.323879
-4.27565
4.22326
-0.352264
0.372206
-3.77097
3.75103
-0.381629
0.348763
-2.54248
2.57534
-0.239178
0.136001
-0.370265
0.473442
-0.0698067
0.0359185
0.298343
-0.264455
-0.022273
0.0241199
0.23163
-0.233477
-0.0352714
0.0395735
0.0556953
-0.0599974
-0.0352616
0.027021
-0.0162796
0.0245203
-0.0156484
0.00577199
-0.014088
0.0239644
0.0333143
-0.00831663
-0.0918269
0.0668293
0.0802763
-0.241341
0.194379
-0.128722
0.173689
-0.60501
0.560043
-0.204245
0.227538
-0.907012
0.88372
-0.240884
0.249507
-1.13807
1.12945
-0.25505
0.258103
-1.35688
1.35382
-0.261038
0.264007
-1.59935
1.59638
-0.266215
0.267731
-1.88803
1.88652
-0.269118
0.270184
-2.23425
2.23318
-0.271736
0.274164
-2.6646
2.66217
-0.286044
0.333014
-2.97837
2.9314
-0.453164
0.535828
-4.17386
4.09119
-0.575273
0.593141
-3.72747
3.7096
-0.575154
0.506219
-2.60034
2.66928
-0.366539
0.204794
-0.562811
0.724557
-0.0632231
-0.0127057
0.222376
-0.146447
0.0477524
-0.0529737
0.235754
-0.230533
0.0264248
0.00564379
0.0721668
-0.104235
-0.0279535
0.0301861
-0.0304857
0.0282532
-0.0220477
0.0105945
-0.0347703
0.0462235
0.0263148
-0.00549899
-0.0483259
0.0275101
0.0748486
-0.153883
0.10535
-0.137824
0.20754
-0.515212
0.445496
-0.258119
0.296189
-0.860692
0.822622
-0.319678
0.335503
-1.11984
1.10401
-0.344586
0.352771
-1.34916
1.34097
-0.356937
0.362527
-1.59378
1.58819
-0.367575
0.372828
-1.88376
1.87851
-0.377833
0.38411
-2.23111
2.22483
-0.390422
0.398275
-2.65898
2.65113
-0.412032
0.462793
-2.89265
2.84189
-0.621398
0.74279
-4.01737
3.89598
-0.788925
0.783259
-3.71128
3.71695
-0.73329
0.624191
-2.74411
2.85321
-0.447067
0.194347
-0.894641
1.14736
0.0691788
-0.226682
0.0579401
0.0995632
0.335291
-0.346034
0.24264
-0.231897
0.305584
-0.222357
0.158762
-0.241989
0.105882
-0.0253194
-0.00812738
-0.0724354
-0.00509962
0.00826862
-0.0545971
0.0514281
0.0159973
-0.00299282
-0.0139372
0.00093271
0.0516548
-0.0685203
0.0328628
-0.115133
0.212064
-0.373836
0.276905
-0.296735
0.36765
-0.781162
0.710248
-0.410122
0.439266
-1.08742
1.05827
-0.45536
0.467499
-1.3329
1.32076
-0.476475
0.48326
-1.5835
1.57672
-0.490726
0.499619
-1.87262
1.86373
-0.509269
0.519493
-2.21851
2.20828
-0.530726
0.545628
-2.642
2.6271
-0.567893
0.624121
-2.8012
2.74497
-0.799979
1.04576
-3.75588
3.51009
-1.15535
1.16338
-3.7356
3.72756
-1.11335
0.986181
-2.99815
3.12532
-0.636209
0.182967
-1.4229
1.87614
0.210133
-0.50204
-0.299342
0.591249
0.730412
-0.860734
0.176689
-0.0463666
0.902248
-0.86363
0.317551
-0.356168
0.7482
-0.568996
0.246303
-0.425507
0.312637
-0.103254
0.0240103
-0.233393
0.000641727
-0.00761203
-0.00606227
0.0232629
-0.0110138
-0.0061868
-0.0607351
0.145407
-0.190126
0.105454
-0.256306
0.370986
-0.628901
0.51422
-0.446516
0.494832
-1.02383
0.975511
-0.516227
0.5246
-1.30784
1.29946
-0.526072
0.524777
-1.56895
1.57024
-0.520821
0.51769
-1.85557
1.8587
-0.514929
0.512096
-2.19689
2.19973
-0.510006
0.511896
-2.6089
2.60701
-0.520037
0.553276
-2.68987
2.65663
-0.65069
0.886365
-3.21696
2.98129
-1.06509
1.14976
-3.6619
3.57724
-1.21284
1.26385
-3.11187
3.06086
-1.26862
1.16738
-2.19881
2.30005
-0.923741
0.690757
-0.904351
1.13733
-0.481322
0.350463
-0.162649
0.293508
-0.208062
0.103706
0.255284
-0.150928
-0.0216183
-0.0518627
0.479577
-0.406096
0.089904
-0.0631093
0.436589
-0.463384
-0.000132404
0.0075028
-0.0073704
-0.001091
0.00670615
0.0157857
-0.0214009
-0.0200866
0.0538426
-0.0503791
0.0166231
-0.120055
0.237057
-0.392537
0.275535
-0.340409
0.42115
-0.910817
0.830077
-0.464236
0.485722
-1.28506
1.26358
-0.492068
0.494112
-1.56997
1.56793
-0.493433
0.490009
-1.86302
1.86644
-0.487411
0.485475
-2.20089
2.20283
-0.48607
0.48995
-2.60365
2.59977
-0.498888
0.521556
-2.62907
2.6064
-0.592903
0.777804
-2.75589
2.57099
-1.04881
1.20144
-3.44805
3.29542
-1.2967
1.35804
-3.00182
2.94049
-1.40263
1.41568
-2.32161
2.30856
-1.34254
1.19528
-1.34596
1.49322
-0.992395
0.804728
-0.473561
0.661228
-0.620333
0.474772
0.0392589
0.106303
-0.321922
0.213718
0.309212
-0.201009
-0.111899
0.0359821
0.41448
-0.338563
-0.000387636
0.00720359
-0.00681596
0.000640275
0.00045387
0.0244383
-0.0255325
-0.00499269
0.0179851
0.00381633
-0.0168087
-0.0462372
0.11818
-0.176535
0.104593
-0.223633
0.330132
-0.734331
0.627832
-0.398013
0.438449
-1.23217
1.19174
-0.454316
0.459999
-1.56567
1.55999
-0.461511
0.459121
-1.87007
1.87246
-0.456322
0.454913
-2.20405
2.20546
-0.455234
0.461032
-2.59518
2.58938
-0.472096
0.491028
-2.58646
2.56753
-0.536533
0.641359
-2.43
2.32518
-0.89456
1.06019
-3.13258
2.96694
-1.16184
1.22072
-2.87762
2.81874
-1.26279
1.27461
-2.29279
2.28096
-1.24993
1.17407
-1.59459
1.67044
-1.03995
0.890775
-0.834449
0.983625
-0.719123
0.568199
-0.263224
0.414149
-0.41733
0.294448
0.0732088
0.0496734
-0.172079
0.0719061
0.246991
-0.146818
-0.000662891
0.00625544
-0.00559255
0.00165913
-0.0021561
0.0255519
-0.025055
0.000760467
0.00513971
0.0255894
-0.0314896
-0.0187166
0.0512688
-0.0572715
0.0247193
-0.121006
0.233845
-0.515672
0.402833
-0.320998
0.381548
-1.13947
1.07892
-0.410152
0.421721
-1.5522
1.54063
-0.424248
0.423905
-1.87326
1.8736
-0.4212
0.420792
-2.20657
2.20698
-0.42044
0.423882
-2.58443
2.58099
-0.433442
0.448598
-2.55004
2.53489
-0.473577
0.527651
-2.25091
2.19684
-0.676484
0.842175
-2.79919
2.6335
-0.934018
0.966355
-2.77218
2.73984
-0.9865
0.987151
-2.27457
2.27392
-0.961236
0.909707
-1.72868
1.78021
-0.823227
0.722569
-1.10851
1.20916
-0.599982
0.488119
-0.547555
0.659418
-0.366841
0.260415
-0.167848
0.274275
-0.149827
0.0612274
0.0509826
0.0376174
-0.000375482
0.00501018
-0.0046347
0.000732305
-0.000629363
0.024739
-0.0248419
-0.000722348
0.00466929
0.0360175
-0.0399644
-0.012045
0.028079
-0.0020853
-0.0139486
-0.0588591
0.147948
-0.297492
0.208403
-0.24199
0.318641
-1.00833
0.93168
-0.359138
0.377691
-1.5246
1.50605
-0.382742
0.384727
-1.87313
1.87115
-0.382947
0.380528
-2.20864
2.21106
-0.379476
0.378726
-2.58
2.58075
-0.38277
0.391954
-2.52261
2.51342
-0.405743
0.429013
-2.1597
2.13643
-0.49163
0.611701
-2.48542
2.36535
-0.692991
0.718523
-2.7134
2.68787
-0.711109
0.694745
-2.2819
2.29827
-0.665585
0.622655
-1.82685
1.86978
-0.554072
0.478678
-1.29327
1.36866
-0.393907
0.313831
-0.754608
0.834685
-0.227015
0.156287
-0.364874
0.435603
-0.0873661
0.0337442
-0.109297
0.162919
-0.000138871
0.00458543
-0.00444656
0.000884106
-0.00180174
0.0252759
-0.0243582
0.00102816
0.00354624
0.0443439
-0.0489183
-0.0124565
0.0288327
0.0279126
-0.0442888
-0.0523506
0.0950943
-0.14422
0.101476
-0.173491
0.254393
-0.851994
0.771092
-0.302545
0.328187
-1.4811
1.45546
-0.337706
0.34094
-1.8708
1.86757
-0.340471
0.335276
-2.21529
2.22048
-0.33196
0.32962
-2.58248
2.58482
-0.328413
0.331669
-2.50731
2.50405
-0.336613
0.345585
-2.12222
2.11325
-0.37192
0.436903
-2.27496
2.20997
-0.493757
0.5101
-2.66699
2.65065
-0.497496
0.472487
-2.32064
2.34565
-0.437209
0.397089
-1.91212
1.95224
-0.341078
0.277677
-1.43786
1.50126
-0.212267
0.156366
-0.90277
0.95867
-0.104623
0.066684
-0.487882
0.525821
-0.0315541
0.00814372
-0.197567
0.220977
-0.0043295
0.00300178
0.00132772
0.0137662
-0.0263111
0.0191689
-0.00662391
0.0351447
-0.0377209
0.0520139
-0.0494377
0.0328089
-0.0169497
0.0635597
-0.0794188
-0.0107927
0.0510456
-0.0658727
0.0256198
-0.103772
0.18009
-0.694345
0.618027
-0.235474
0.273113
-1.42162
1.38398
-0.289087
0.293597
-1.86627
1.86177
-0.292136
0.286167
-2.22605
2.23202
-0.280474
0.275858
-2.58815
2.59277
-0.272618
0.271314
-2.50335
2.50466
-0.272443
0.276027
-2.10781
2.10423
-0.287458
0.319274
-2.16375
2.13194
-0.357212
0.370003
-2.63633
2.62354
-0.363548
0.345891
-2.36914
2.38679
-0.32176
0.297402
-1.98622
2.01058
-0.264415
0.224147
-1.55457
1.59483
-0.171244
0.130152
-1.00505
1.04614
-0.0931573
0.0627733
-0.556863
0.587247
-0.030599
0.00721166
-0.241194
0.264581
-0.00873116
-0.00883944
0.0175706
0.0257074
-0.0495706
-0.0136726
0.0375358
0.0707561
-0.0880051
0.0381648
-0.0209157
0.093479
-0.0909707
0.0861664
-0.0886746
0.0800948
-0.0474188
0.0175417
-0.0502177
-0.021403
0.110405
-0.542105
0.453102
-0.175853
0.22196
-1.33991
1.29381
-0.240074
0.244159
-1.8581
1.85401
-0.241156
0.234574
-2.23737
2.24396
-0.227206
0.220288
-2.59855
2.60546
-0.215199
0.211337
-2.50748
2.51134
-0.208798
0.209261
-2.10223
2.10177
-0.216534
0.236627
-2.10838
2.08829
-0.265305
0.27814
-2.6114
2.59857
-0.278355
0.271894
-2.39798
2.40444
-0.262714
0.254845
-2.0251
2.03297
-0.244295
0.227617
-1.62205
1.63872
-0.194233
0.160941
-1.0834
1.1167
-0.124117
0.0880986
-0.620391
0.65641
-0.0461818
0.0139226
-0.293473
0.325732
-0.00317949
-0.0238863
0.0270658
0.00633721
-0.00512828
-0.0531079
0.0518989
-0.00641329
0.0350516
0.0153039
-0.0439422
-0.0661325
0.0952981
0.0970522
-0.126218
-0.112608
0.110241
0.061463
-0.0590959
-0.0894857
0.136226
-0.360566
0.313826
-0.189909
0.21433
-1.25303
1.2286
-0.21585
0.202959
-1.8543
1.86719
-0.19152
0.180528
-2.25245
2.26344
-0.171126
0.16251
-2.61334
2.62196
-0.155678
0.151133
-2.5157
2.52025
-0.147149
0.145334
-2.10239
2.1042
-0.150071
0.165002
-2.07092
2.05599
-0.189487
0.203326
-2.5853
2.57146
-0.207851
0.207264
-2.40724
2.40783
-0.205964
0.204212
-2.03676
2.03851
-0.201151
0.194347
-1.64893
1.65573
-0.175809
0.150338
-1.14616
1.17164
-0.116077
0.0795275
-0.693767
0.730317
-0.0378679
0.0098589
-0.357405
0.385414
0.00537332
-0.0277029
0.0223296
-0.0345713
0.106513
-0.0211137
-0.0508279
-0.192915
0.279451
0.11324
-0.199775
-0.338737
0.377898
0.174104
-0.213266
-0.37947
0.352371
0.0452866
-0.0181871
-0.299739
0.232188
-0.340508
0.408059
-0.21386
0.20292
-1.22523
1.23617
-0.182815
0.15975
-1.88763
1.9107
-0.139488
0.121633
-2.27898
2.29684
-0.110401
0.101727
-2.63112
2.6398
-0.0954084
0.0906807
-2.52492
2.52964
-0.0863
0.0818397
-2.10771
2.11217
-0.0825962
0.0954391
-2.04236
2.02952
-0.123897
0.140037
-2.55616
2.54002
-0.145519
0.146067
-2.40751
2.40696
-0.145444
0.143975
-2.03971
2.04118
-0.141206
0.136213
-1.66114
1.66613
-0.124699
0.106426
-1.19323
1.2115
-0.0790858
0.049272
-0.764051
0.793865
-0.0183499
0.0020799
-0.40834
0.42461
0.0264025
-0.00518592
-0.0212166
-0.0933787
0.180617
0.148381
-0.235619
-0.240403
0.28372
0.271422
-0.314739
-0.297643
0.284282
0.228014
-0.214652
-0.259783
0.224023
-0.0255727
0.0613321
-0.193265
0.150114
-0.46975
0.5129
-0.11635
0.0930378
-1.25998
1.28329
-0.0747309
0.0575861
-1.9338
1.95094
-0.0468106
0.0393733
-2.31174
2.31918
-0.0360842
0.0346144
-2.64617
2.64764
-0.0335287
0.0319912
-2.53334
2.53487
-0.0301803
0.026206
-2.11687
2.12085
-0.0233715
0.0334449
-2.01807
2.008
-0.06569
0.0824946
-2.52313
2.50632
-0.0897167
0.0912599
-2.40576
2.40422
-0.0897042
0.0866004
-2.04368
2.04678
-0.0824048
0.0774377
-1.67132
1.67628
-0.0695098
0.0565962
-1.22718
1.24009
-0.036483
0.015128
-0.819884
0.841239
0.00315437
-0.00453983
-0.432541
0.433926
0.0315873
0.0534393
-0.0850266
-0.0729953
0.101645
0.292378
-0.321028
-0.11494
0.109791
0.331895
-0.326746
-0.0952914
0.0745203
0.195944
-0.175173
-0.051257
0.0232959
-0.0898969
0.117858
0.00181036
-0.0363043
-0.547903
0.582397
0.0732707
-0.101488
-1.30551
1.33372
0.103973
-0.0908974
-1.95618
1.94311
0.0777077
-0.0625622
-2.3164
2.30126
0.0487076
-0.035396
-2.64236
2.62905
0.0254926
-0.019339
-2.53238
2.52622
0.0166864
-0.0179497
-2.12193
2.12319
0.0198518
-0.014302
-1.99972
1.99417
-0.0185081
0.0346477
-2.48942
2.47328
-0.0427019
0.0440151
-2.40253
2.40122
-0.0416713
0.037883
-2.05034
2.05413
-0.0331381
0.028466
-1.6812
1.68587
-0.0227779
0.0138262
-1.25079
1.25974
0.000128851
-0.0124676
-0.857544
0.869883
0.014609
-0.0072405
-0.431602
0.424234
0.0155474
0.110525
-0.126072
-0.0226973
0.0140564
0.33142
-0.322779
0.00461737
-0.0307762
0.308555
-0.282396
0.0573356
-0.0895729
0.148927
-0.11669
0.121845
-0.158024
-0.148921
0.1851
0.193231
-0.239109
-0.620129
0.666007
0.284986
-0.299828
-1.36146
1.3763
0.276971
-0.238213
-1.91601
1.87725
0.20172
-0.162105
-2.27301
2.23339
0.129253
-0.0989951
-2.60716
2.57691
0.0756957
-0.0590407
-2.51526
2.49861
0.0487697
-0.0442734
-2.12158
2.11708
0.0430011
-0.0381427
-1.98971
1.98485
0.0128971
0.000780835
-2.45626
2.44258
-0.00539702
0.00469183
-2.40074
2.40144
-0.000908983
-0.00380448
-2.05836
2.06307
0.00927382
-0.0132858
-1.69044
1.69445
0.0171225
-0.0228986
-1.26711
1.27289
0.0308659
-0.0328646
-0.877489
0.879488
0.024491
-0.00826417
-0.411439
0.395212
-0.00422158
0.131929
-0.127708
0.0283371
-0.067276
0.2976
-0.258661
0.109259
-0.158445
0.245594
-0.196407
0.205009
-0.258548
0.0753709
-0.0218324
0.306145
-0.360467
-0.230511
0.284833
0.410615
-0.459871
-0.720208
0.769463
0.477634
-0.449475
-1.3674
1.33924
0.402906
-0.344205
-1.82753
1.76883
0.289326
-0.23386
-2.18457
2.1291
0.188426
-0.145475
-2.53937
2.49642
0.111047
-0.0844722
-2.47674
2.45016
0.0663651
-0.056182
-2.10966
2.09948
0.0496518
-0.046475
-1.98061
1.97743
0.0367597
-0.0290964
-2.43219
2.42452
0.0270003
-0.0292692
-2.40266
2.40493
0.034488
-0.0399483
-2.06813
2.07359
0.0457868
-0.0492048
-1.69832
1.70174
0.0509815
-0.0536207
-1.27707
1.27971
0.0546378
-0.0472196
-0.876816
0.869398
0.0259839
-0.00763541
-0.377565
0.359217
-0.0225452
0.112451
-0.0899054
0.063935
-0.121221
0.208042
-0.150757
0.178109
-0.243424
0.136499
-0.071184
0.3044
-0.369259
-0.0378253
0.102684
0.426355
-0.482446
-0.344368
0.40046
0.5225
-0.541239
-0.803717
0.822457
0.530968
-0.491358
-1.30191
1.2623
0.441578
-0.380989
-1.70636
1.64577
0.324377
-0.265847
-2.07049
2.01196
0.216074
-0.1672
-2.44945
2.40058
0.127431
-0.0956805
-2.42032
2.38857
0.071956
-0.0573141
-2.08662
2.07197
0.0483519
-0.0484608
-1.97596
1.97607
0.0508354
-0.0512955
-2.42064
2.4211
0.0532613
-0.0568797
-2.40773
2.41135
0.0627001
-0.0682939
-2.07933
2.08492
0.0735239
-0.0759306
-1.70459
1.70699
0.0764593
-0.0756904
-1.28086
1.28009
0.0686845
-0.0508677
-0.856427
0.83861
0.0242044
-0.00690209
-0.341062
0.32376
-0.0255281
0.0639895
-0.0384614
0.0680617
-0.125087
0.0913605
-0.0343349
0.181074
-0.24482
0.0046952
0.0590509
0.303252
-0.364942
-0.168758
0.230447
0.415691
-0.460389
-0.451266
0.495964
0.485424
-0.490883
-0.831191
0.83665
0.472262
-0.437104
-1.22292
1.18776
0.399171
-0.351445
-1.59115
1.54342
0.305734
-0.25586
-1.95672
1.90684
0.211275
-0.16484
-2.35204
2.30561
0.125903
-0.0938472
-2.35604
2.32398
0.0681014
-0.0525239
-2.05661
2.04103
0.0443161
-0.047641
-1.97731
1.98063
0.0597335
-0.0652443
-2.42501
2.43052
0.0697789
-0.0744668
-2.41525
2.41994
0.0807607
-0.0858132
-2.09043
2.09549
0.0901432
-0.0903972
-1.70861
1.70886
0.0879912
-0.0823177
-1.27695
1.27127
0.0671805
-0.0445998
-0.8175
0.794919
0.0202884
-0.00610255
-0.307812
0.293627
-0.0178605
0.0161342
0.00172634
0.0505716
-0.0953399
-0.0175754
0.0623437
0.139832
-0.190163
-0.116926
0.167257
0.235731
-0.282882
-0.285219
0.33237
0.320514
-0.352138
-0.533349
0.564974
0.369058
-0.37295
-0.84075
0.844641
0.364497
-0.346966
-1.16123
1.1437
0.324444
-0.291953
-1.50291
1.47042
0.25927
-0.221063
-1.86279
1.82458
0.185382
-0.146454
-2.2627
2.22377
0.11194
-0.0829
-2.2932
2.26416
0.0579081
-0.042766
-2.02579
2.01064
0.0357599
-0.0422821
-1.98586
1.99238
0.0582658
-0.066748
-2.43807
2.44655
0.0724894
-0.0774813
-2.42458
2.42958
0.0831127
-0.0869763
-2.09985
2.10372
0.0891065
-0.0876966
-1.70823
1.70682
0.0823687
-0.0718965
-1.26305
1.25258
0.0525698
-0.0322054
-0.772754
0.75239
0.0146354
-0.0046429
-0.281494
0.271501
-0.00963738
-0.0154864
0.0251238
0.0289555
-0.0580442
-0.0991488
0.128238
0.0886721
-0.124097
-0.209942
0.245367
0.156257
-0.189493
-0.372232
0.405468
0.21622
-0.239451
-0.592008
0.615239
0.25349
-0.260454
-0.849765
0.85673
0.260247
-0.254507
-1.1329
1.12716
0.24332
-0.224722
-1.4455
1.42691
0.204459
-0.178391
-1.79253
1.76646
0.152371
-0.121925
-2.18889
2.15845
0.0924061
-0.0655751
-2.23619
2.20936
0.0405061
-0.0236511
-1.99529
1.97844
0.0167412
-0.0257242
-2.0007
2.00968
0.0450404
-0.0560105
-2.45629
2.46726
0.0634665
-0.0683792
-2.43417
2.43908
0.0727532
-0.0754988
-2.10691
2.10965
0.0759004
-0.0725236
-1.70441
1.70103
0.0647801
-0.0521154
-1.24048
1.22782
0.0341556
-0.0198
-0.734873
0.720518
0.0090706
-0.0029227
-0.263583
0.257435
-0.00382504
-0.0314521
0.0352771
0.0129264
-0.028816
-0.15026
0.166149
0.0475139
-0.0706735
-0.274263
0.297423
0.092397
-0.11528
-0.433095
0.455978
0.134147
-0.151501
-0.635258
0.652612
0.163588
-0.17253
-0.864926
0.873868
0.177112
-0.178096
-1.12526
1.12624
0.173787
-0.164891
-1.41353
1.40463
0.153581
-0.137296
-1.74569
1.7294
0.119905
-0.0974686
-2.13194
2.1095
0.0732695
-0.0484406
-2.18318
2.15835
0.0220185
-0.00133417
-1.96018
1.93949
-0.00814487
-0.0029396
-2.02118
2.03226
0.0265653
-0.0403122
-2.47908
2.49282
0.0487163
-0.05428
-2.44435
2.44991
0.0581863
-0.0600047
-2.11172
2.11354
0.0590346
-0.0548303
-1.69695
1.69274
0.0462821
-0.0345215
-1.21518
1.20342
0.0210773
-0.0121805
-0.709146
0.700249
0.0056794
-0.00174812
-0.252623
0.248692
-0.000806456
-0.0373146
0.0381211
0.0036913
-0.0104454
-0.176952
0.183706
0.0202142
-0.0340948
-0.315612
0.329493
0.0482025
-0.0638363
-0.474935
0.490569
0.0772694
-0.0903844
-0.667657
0.680772
0.100549
-0.109581
-0.882944
0.891976
0.115825
-0.119808
-1.12902
1.133
0.120032
-0.117716
-1.39936
1.39704
0.112855
-0.104066
-1.71713
1.70834
0.093693
-0.0781297
-2.09057
2.07501
0.0595513
-0.0375205
-2.13402
2.11199
0.0120695
0.00956537
-1.91815
1.89651
-0.020211
0.00745005
-2.04567
2.05843
0.0202959
-0.0363726
-2.50734
2.52342
0.0444605
-0.0474564
-2.45436
2.45735
0.0481464
-0.047792
-2.11452
2.11417
0.045573
-0.0409423
-1.6883
1.68367
0.032816
-0.0235607
-1.19281
1.18355
0.0147264
-0.00915951
-0.693354
0.687787
0.00437047
-0.00127068
-0.245335
0.242236
0.000490551
-0.038134
0.0376434
-0.000785681
-0.000290569
-0.187296
0.188372
0.00401888
-0.0112105
-0.339768
0.346959
0.0197678
-0.0302473
-0.503464
0.513943
0.0399124
-0.0500028
-0.692239
0.702329
0.0584757
-0.0668165
-0.900667
0.909008
0.073345
-0.0786145
-1.13772
1.14299
0.0815766
-0.0834469
-1.39699
1.39887
0.0829975
-0.079873
-1.70261
1.69949
0.0752457
-0.0664556
-2.06307
2.05427
0.0549044
-0.0402813
-2.09258
2.07796
0.0221213
-0.00680791
-1.87841
1.8631
0.00061896
-0.0125006
-2.0713
2.08318
0.0386637
-0.0508717
-2.5376
2.54981
0.0535889
-0.0519467
-2.45836
2.45671
0.0487052
-0.04493
-2.11245
2.10867
0.0396543
-0.0336597
-1.67804
1.67204
0.0258749
-0.0187708
-1.17539
1.16828
0.0128325
-0.00854038
-0.683083
0.678791
0.00403018
-0.00113572
-0.239309
0.236415
0.000980363
-0.0368407
0.0358603
-0.00268107
0.00415651
-0.187981
0.186505
-0.00420052
0.00162572
-0.351574
0.354149
0.00290096
-0.00956381
-0.522434
0.529097
0.0164468
-0.0243078
-0.711241
0.719102
0.0314306
-0.0389542
-0.916908
0.924432
0.0452872
-0.0511039
-1.14851
1.15433
0.0555182
-0.0599206
-1.40211
1.40651
0.0624524
-0.0635405
-1.69868
1.69977
0.0636585
-0.0620177
-2.04906
2.04742
0.0591723
-0.0546241
-2.06863
2.06408
0.0509283
-0.0483848
-1.85368
1.85114
0.0498419
-0.0584713
-2.09427
2.1029
0.0754968
-0.0787894
-2.55704
2.56033
0.0728554
-0.0646136
-2.45265
2.4444
0.0543752
-0.0457925
-2.10212
2.09354
0.0369904
-0.0294692
-1.66497
1.65745
0.0218914
-0.016291
-1.16196
1.15636
0.0118663
-0.00799051
-0.674755
0.67088
0.00362848
-0.000997888
-0.233659
0.231029
0.00101487
-0.0348617
0.0338468
-0.00310017
0.0059551
-0.184197
0.181342
-0.0078893
0.00827134
-0.355044
0.354662
-0.00652576
0.00264086
-0.534268
0.538152
0.00211808
-0.00820876
-0.726064
0.732155
0.0142152
-0.0209465
-0.931539
0.938271
0.0269199
-0.0328863
-1.16024
1.16621
0.0379851
-0.043756
-1.41165
1.41742
0.048314
-0.0526292
-1.70269
1.707
0.056601
-0.0607954
-2.04936
2.05355
0.0648436
-0.0710376
-2.06648
2.07268
0.0812584
-0.0920899
-1.85514
1.86598
0.100044
-0.100783
-2.10776
2.1085
0.103234
-0.0984586
-2.55885
2.55408
0.085473
-0.0716718
-2.43337
2.41957
0.0569656
-0.0447157
-2.08261
2.07036
0.0329948
-0.0243015
-1.64883
1.64014
0.0171959
-0.0128254
-1.15131
1.14694
0.00960885
-0.00635743
-0.66726
0.664008
0.00268332
-0.000680636
-0.228695
0.226692
0.000935824
-0.0328608
0.031925
-0.0029982
0.00613119
-0.178332
0.175199
-0.00894817
0.0109319
-0.353565
0.351581
-0.0110962
0.00927349
-0.540868
0.54269
-0.00620007
0.00160162
-0.737498
0.742096
0.00338019
-0.00934433
-0.944617
0.950582
0.0149021
-0.0207905
-1.17217
1.17806
0.0261166
-0.0323776
-1.42342
1.42968
0.037967
-0.0440745
-1.71234
1.71845
0.0501965
-0.0580514
-2.06059
2.06845
0.0679927
-0.0814853
-2.08382
2.09731
0.0996674
-0.11769
-1.87965
1.89767
0.127313
-0.120649
-2.10492
2.09825
0.106641
-0.0971439
-2.54712
2.53762
0.0807647
-0.0654387
-2.40481
2.38948
0.0495442
-0.0363688
-2.05692
2.04374
0.0242434
-0.0161403
-1.63117
1.62307
0.0104242
-0.00791554
-1.14335
1.14084
0.00624366
-0.00396191
-0.661226
0.658944
0.00133762
-0.000190698
-0.225093
0.223946
0.000786646
-0.03106
0.0302733
-0.00262534
0.0056029
-0.172176
0.169198
-0.00859743
0.0112994
-0.349176
0.346474
-0.0125088
0.0121591
-0.543735
0.544084
-0.0103299
0.00695442
-0.746017
0.749393
-0.00294089
-0.00219566
-0.956018
0.961155
0.00720751
-0.0127734
-1.18374
1.18931
0.0179311
-0.0239903
-1.43578
1.44184
0.0297411
-0.0365369
-1.72483
1.73162
0.043761
-0.0533243
-2.07784
2.08741
0.0649134
-0.0801723
-2.11223
2.12749
0.0991025
-0.11692
-1.91476
1.93258
0.127218
-0.115472
-2.08829
2.07655
0.0839178
-0.0724783
-2.52804
2.5166
0.0588325
-0.0460301
-2.37596
2.36316
0.0328505
-0.0221198
-2.03128
2.02055
0.0123163
-0.00617433
-1.61552
1.60938
0.0033596
-0.00323834
-1.13954
1.13942
0.00329307
-0.001821
-0.657163
0.655691
5.66559e-05
0.000324572
-0.223172
0.22279
-0.0827674
-0.225583
-0.401394
-0.591485
-0.786328
-0.987697
-1.20657
-1.45309
-1.74843
-2.11622
-2.23159
-2.13306
-2.50794
-2.70074
-2.39354
-1.98715
-1.51028
-0.988024
-0.46039
-0.000861878
0.000573673
-0.222518
-0.000278622
0.222223
0.445444
-0.133089
-0.472538
0.855663
0.174147
-0.175398
-1.12072
0.930778
0.159194
-0.147195
-1.24382
0.929242
0.138277
-0.125304
-1.25998
0.91938
0.119627
-0.108452
-1.26321
0.103247
-0.0929499
-1.27323
0.0842453
-0.0765404
1.28345
-1.29115
0.0718471
-0.0692598
1.30681
-1.3094
0.0671545
-0.0635256
1.28283
-1.28646
0.0570234
-0.0233271
0.847661
-0.881357
-0.0632455
0.46254
-0.399294
0.0647654
-0.0741623
1.09199
-1.08259
0.072157
-0.0724542
1.2426
-1.2423
0.0684671
-0.066626
1.25894
-1.26078
0.0608581
-0.0586267
1.26574
-1.26798
0.0546091
-0.0514625
1.27716
-1.28031
0.0481353
-0.0462794
1.29366
-1.29552
0.0437939
-0.0401737
1.31114
-1.31476
0.0337903
-0.0269577
1.29486
-1.30169
0.0165277
-0.0053402
0.888518
-0.899705
-0.027972
0.382311
-0.354339
0.0367299
-0.0401493
1.07294
-1.06952
0.0389036
-0.0376571
1.24288
-1.24412
0.0353145
-0.0333974
1.26126
-1.26318
0.0313191
-0.0305799
1.27003
-1.27077
0.0288809
-0.0285169
1.28081
-1.28118
0.0277035
-0.0273057
1.29657
-1.29697
0.0265795
-0.0258887
1.31586
-1.31655
0.0254994
-0.0232707
1.30435
-1.30658
0.0172297
-0.00642809
0.91044
-0.921242
-0.0132638
0.340561
-0.327298
0.0145887
-0.0149691
1.06995
-1.06957
0.0128372
-0.0125761
1.24497
-1.24523
0.0119233
-0.0121181
1.26317
-1.26297
0.0115027
-0.012267
1.27091
-1.27015
0.0121194
-0.0133074
1.28116
-1.27997
0.0136432
-0.0158709
1.29633
-1.2941
0.0168433
-0.0186332
1.31438
-1.31259
0.0212371
-0.0211038
1.30504
-1.30517
0.0165697
-0.00672123
0.932813
-0.942662
-0.00534925
0.319601
-0.314252
0.00189635
0.00282341
1.07467
-1.07939
-0.00449194
0.00366371
1.24623
-1.2454
-0.00275478
0.00205338
1.26196
-1.26126
-0.000783928
-0.00050609
1.26834
-1.26705
0.00163225
-0.00413148
1.27847
-1.27597
0.00650961
-0.00890725
1.29175
-1.28935
0.0119513
-0.0156552
1.30879
-1.30509
0.0182084
-0.0200647
1.30326
-1.30141
0.0167718
-0.00700266
0.952965
-0.962734
-0.00122167
0.312102
-0.31088
-0.00728545
0.0135124
1.08452
-1.09074
-0.0158812
0.0149889
1.24506
-1.24417
-0.0130165
0.0112634
1.25885
-1.2571
-0.00912264
0.00696091
1.26425
-1.26209
-0.00486451
0.00139463
1.2733
-1.26983
0.00200997
-0.00540666
1.28459
-1.28119
0.00939971
-0.0140427
1.30032
-1.29567
0.0182958
-0.0205961
1.29836
-1.29606
0.0184249
-0.00855808
0.973364
-0.983231
0.00206552
0.311653
-0.313718
-0.0143453
0.0220224
1.09811
-1.10579
-0.0240759
0.0220397
1.24457
-1.24254
-0.0208869
0.0178156
1.25472
-1.25165
-0.0155508
0.0119688
1.25845
-1.25487
-0.00905448
0.00477836
1.26629
-1.26202
-0.00115659
-0.00434022
1.27685
-1.27136
0.00855542
-0.0140468
1.29007
-1.28458
0.0192216
-0.0226428
1.29133
-1.28791
0.0220324
-0.0115999
0.993632
-1.00406
0.00532091
0.317676
-0.322997
-0.0210944
0.0295701
1.11429
-1.12276
-0.0306714
0.0287829
1.24217
-1.24028
-0.0269584
0.0231255
1.24871
-1.24487
-0.0200961
0.0157513
1.25115
-1.2468
-0.011386
0.00691002
1.25703
-1.25255
-0.00181157
-0.00393109
1.26621
-1.26046
0.00903723
-0.0148226
1.27875
-1.27297
0.0209734
-0.0261526
1.28275
-1.27757
0.026035
-0.0150993
1.01501
-1.02595
0.0102604
0.330453
-0.340713
-0.0295542
0.0382369
1.13191
-1.1406
-0.0391726
0.0364448
1.23907
-1.23635
-0.0324069
0.0283037
1.24121
-1.23711
-0.0243163
0.0190195
1.24288
-1.23758
-0.0136996
0.00827806
1.24668
-1.24126
-0.00221864
-0.00387783
1.25381
-1.24771
0.0105723
-0.017968
1.26559
-1.2582
0.0251302
-0.0308427
1.27129
-1.26558
0.0318715
-0.0203328
1.03814
-1.04968
0.0184962
0.354873
-0.373369
-0.0411211
0.0490966
1.14959
-1.15756
-0.0485005
0.044413
1.23327
-1.22918
-0.0390074
0.0336583
1.23184
-1.22649
-0.0284311
0.0219508
1.232
-1.22552
-0.0154829
0.00834234
1.23437
-1.22723
-0.00245749
-0.00525025
1.24008
-1.23237
0.0129346
-0.0212434
1.24983
-1.24152
0.0293959
-0.036326
1.25746
-1.25053
0.0386444
-0.0267403
1.06186
-1.07376
0.0305926
0.39763
-0.428223
-0.0558173
0.0618273
1.16526
-1.17127
-0.0582002
0.052877
1.22436
-1.21904
-0.0463466
0.0388609
1.22048
-1.213
-0.031575
0.0243575
1.21806
-1.21084
-0.0166259
0.00895026
1.2192
-1.21152
-0.000794101
-0.00724565
1.22375
-1.21571
0.0157746
-0.0248542
1.23232
-1.22324
0.0331911
-0.0417723
1.24198
-1.2334
0.0454516
-0.0337411
1.08614
-1.09785
0.0449588
0.466103
-0.511062
-0.0704145
0.0732448
1.17539
-1.17822
-0.0676757
0.05908
1.21277
-1.20417
-0.0509916
0.0426261
1.20548
-1.19711
-0.0340593
0.025782
1.20213
-1.19386
-0.0177826
0.0087785
1.20246
-1.19345
-0.000552693
-0.00935316
1.20688
-1.19697
0.017948
-0.0270659
1.21337
-1.20425
0.0366905
-0.0461625
1.22397
-1.2145
0.0520254
-0.040738
1.1095
-1.12079
0.058533
0.563626
-0.622159
-0.0818682
0.0802931
1.17956
-1.17798
-0.0721568
0.0617687
1.19566
-1.18527
-0.0524141
0.0432738
1.18778
-1.17864
-0.0348538
0.0257909
1.18453
-1.17547
-0.0177231
0.00872542
1.18468
-1.17569
8.31595e-05
-0.00933956
1.18776
-1.17851
0.018021
-0.0280406
1.1944
-1.18438
0.0381961
-0.0479975
1.20429
-1.19449
0.0551967
-0.0468747
1.13076
-1.13909
0.068414
0.686876
-0.75529
-0.0853401
0.0795881
1.17456
-1.16881
-0.0698226
0.0606475
1.17568
-1.1665
-0.0520609
0.0429472
1.16986
-1.16074
-0.0347996
0.0257233
1.16685
-1.15777
-0.0174154
0.00815433
1.16695
-1.15769
0.000810443
-0.00937333
1.16894
-1.16038
0.0181032
-0.0271588
1.17435
-1.16529
0.0362321
-0.0457845
1.18307
-1.17352
0.0549629
-0.0507909
1.14652
-1.15069
0.075621
0.827485
-0.903106
-0.0839493
0.0776768
1.1623
-1.15602
-0.0695045
0.06121
1.15803
-1.14974
-0.0525306
0.0428326
1.1525
-1.1428
-0.0342298
0.025022
1.14881
-1.13961
-0.016772
0.00779097
1.14851
-1.13952
0.000153854
-0.00925242
1.15072
-1.14162
0.0183136
-0.0278979
1.15584
-1.14625
0.0366619
-0.0465747
1.16469
-1.15478
0.0531646
-0.053197
1.15272
-1.15269
0.0830229
0.982876
-1.0659
-0.0824338
0.0680298
1.15008
-1.13568
-0.055554
0.0449381
1.13911
-1.12849
-0.0363264
0.0297664
1.13392
-1.12736
-0.0246741
0.0198979
1.13202
-1.12724
-0.0155114
0.0107335
1.13247
-1.1277
-0.00565029
0.000389485
1.13337
-1.12811
0.00573902
-0.0132647
1.13636
-1.12884
0.0222162
-0.0339912
1.14431
-1.13253
0.0471222
-0.0570429
1.15184
-1.14192
-0.25698
0.223556
-0.375197
0.377064
-0.439794
0.447905
-0.515023
0.522776
-0.60893
0.615859
-0.724525
0.729869
-0.8662
0.869922
-1.03763
1.04019
-1.24413
1.2461
-1.49268
1.49451
-1.49282
1.4948
-1.24468
1.24702
-1.03851
1.04178
-0.867467
0.872334
-0.726952
0.73369
-0.612808
0.620926
-0.52094
0.529437
-0.446545
0.45428
-0.364673
0.353675
-0.127289
0.0880416
0.0318519
-0.194587
0.172463
0.0160307
-0.156281
0.144297
0.0100023
-0.135031
0.127551
0.00707785
-0.121327
0.116032
0.00531627
-0.111468
0.107491
0.00410331
-0.104008
0.100935
0.00321263
-0.0982219
0.095811
0.00252925
-0.0936742
0.0917696
0.00198052
-0.0900844
0.0885851
0.00152074
-0.0872689
0.086108
0.0011159
-0.0851071
0.0842428
0.000737783
-0.0835265
0.0829374
0.000364296
-0.0824925
0.0821727
-3.11909e-05
-0.0820021
0.0819677
-0.000427225
-0.082072
0.0823189
-0.000912181
-0.0827629
0.0833477
-0.00150229
-0.0841343
0.0851312
-0.00221394
-0.0863357
0.0878223
-0.00312319
-0.089529
0.0916351
-0.00435058
-0.0939636
0.0968957
-0.00606815
-0.10001
0.104091
-0.0086487
-0.108259
0.114041
-0.0128575
-0.119693
0.128196
-0.0208775
-0.13611
0.149528
-0.0143618
-0.162939
0.17317
-0.000163517
-0.185642
0.187805
0.00407362
-0.195024
0.193921
0.00515447
-0.197831
0.195498
0.00503511
-0.197733
0.19521
0.0045853
-0.196866
0.194449
0.00380966
-0.195861
0.193763
0.00298699
-0.195118
0.193491
0.00237591
-0.194902
0.193667
0.00158842
-0.195263
0.194477
0.00106235
-0.196211
0.195778
0.000562651
-0.197671
0.19755
0.000190387
-0.199517
0.199625
-0.000313722
-0.201768
0.202138
-0.000600921
-0.204237
0.204769
-0.000848047
-0.206848
0.207582
-0.000947196
-0.20972
0.210496
-0.00108694
-0.212477
0.213414
-0.00122028
-0.215306
0.216329
-0.00097144
-0.218274
0.219016
-0.00120012
-0.220841
0.22178
-0.00112916
-0.223556
0.224413
-0.00119745
-0.226201
0.227196
-0.00138833
-0.229502
0.231
-0.00133407
-0.233839
0.28364
0.497729
0.667586
0.819394
0.968244
1.12972
1.30193
1.48108
1.65505
1.47434
1.05131
0.730888
0.441129
0.287754
0.469664
0.60797
0.421369
0.23462
-0.1137
-0.129681
-0.170468
-0.188659
-0.198171
-0.204735
-0.212885
-0.22144
-0.229815
-0.2371
-0.229883
-0.212349
-0.187621
-0.149363
-0.25539
-0.526842
-0.641162
-0.661383
-0.669522
-0.330529
0.903564
-0.31351
0.905843
-0.299911
0.9142
-0.28009
0.874615
-0.225341
0.475243
0.628656
0.00669452
-0.0295753
0.000594475
-0.166471
-0.00213591
0.00478127
-0.34361
-0.00767747
0.0106682
-0.543934
-0.0125105
0.0130145
-0.752129
-0.0120147
0.00958228
-0.965675
-0.00638744
0.00210031
-1.19439
0.00225533
-0.00725545
-1.44726
0.0120041
-0.0174109
-1.73776
0.022582
-0.0287622
-2.09612
0.0349434
-0.0430603
-2.1411
0.0525974
-0.0642537
-1.94833
0.0780332
-0.0914263
-2.0627
0.0997607
-0.0874762
-2.50461
0.052403
-0.0382921
-2.35455
0.0318839
-0.0238953
-2.01207
0.0150624
-0.00795331
-1.60505
0.00214891
-0.000249714
-1.14002
0.000798515
-0.00258016
-0.654301
0.00314283
-0.00153754
-0.00215303
-0.00184342
-0.00183148
-0.00214849
-0.00238985
-0.00292909
-0.00281925
-0.00297833
-0.00306857
-0.0028754
-0.00260993
-0.00202116
-0.00130399
0.000158948
0.00165044
0.00360239
0.00570482
0.00839573
0.011721
0.0159892
0.0218531
0.0249571
0.0233027
0.0166505
0.00896309
)
;

boundaryField
{
    wall-4
    {
        type            calculated;
        value           uniform 0;
    }
    pressure-outlet-7
    {
        type            calculated;
        value           nonuniform List<scalar> 
40
(
0.0813179
0.223048
0.399551
0.59196
0.788941
0.991439
1.21054
1.45699
1.75277
2.12147
2.23865
2.13983
2.48254
2.69447
2.39057
1.98573
1.51172
0.988425
0.458477
0.22152
0.0282731
0.161479
0.337877
0.542732
0.756399
0.97359
1.2037
1.45699
1.74833
2.10905
2.15855
1.97018
2.04434
2.47551
2.34266
2.00282
1.6034
1.14387
0.651108
0.0724894
)
;
    }
    velocity-inlet-6
    {
        type            calculated;
        value           nonuniform List<scalar> 
20
(
-1.12529
-1.12529
-1.12529
-1.12529
-1.12529
-1.12529
-1.12529
-1.12529
-1.12529
-1.12529
-1.12529
-1.12529
-1.12529
-1.12529
-1.12529
-1.12529
-1.12529
-1.12529
-1.12529
-1.12529
)
;
    }
    velocity-inlet-5
    {
        type            calculated;
        value           nonuniform List<scalar> 
40
(
-0.289011
-0.346776
-0.416168
-0.499439
-0.599215
-0.719057
-0.862907
-1.03564
-1.24269
-1.49119
-1.49119
-1.2425
-1.03545
-0.862907
-0.719057
-0.599402
-0.499252
-0.416168
-0.346776
-0.289011
-0.289011
-0.346776
-0.416168
-0.499252
-0.599402
-0.719057
-0.862907
-1.03545
-1.2425
-1.49119
-1.49119
-1.24269
-1.03564
-0.862907
-0.719057
-0.599215
-0.499439
-0.416168
-0.346776
-0.289011
)
;
    }
    frontAndBackPlanes
    {
        type            empty;
        value           nonuniform List<scalar> 0();
    }
}


// ************************************************************************* //
