/*--------------------------------*- C++ -*----------------------------------*\
| =========                 |                                                 |
| \\      /  F ield         | OpenFOAM: The Open Source CFD Toolbox           |
|  \\    /   O peration     | Version:  v2012                                 |
|   \\  /    A nd           | Website:  www.openfoam.com                      |
|    \\/     M anipulation  |                                                 |
\*---------------------------------------------------------------------------*/
FoamFile
{
    version     2.0;
    format      ascii;
    class       volVectorField;
    location    "66";
    object      U;
}
// * * * * * * * * * * * * * * * * * * * * * * * * * * * * * * * * * * * * * //

dimensions      [0 1 -1 0 0 0 0];


internalField   nonuniform List<vector> 
8800
(
(0.984956 -0.0884518 0)
(1.00213 -0.0568246 0)
(0.999651 -0.0305574 0)
(1 -0.0158642 0)
(1.00009 -0.00872429 0)
(1.00011 -0.00508983 0)
(1.00007 -0.00300084 0)
(1.00002 -0.00168921 0)
(0.999999 -0.000783602 0)
(1.00007 -8.00523e-05 0)
(0.999981 0.000633931 0)
(0.999991 0.00139516 0)
(1.00003 0.0024201 0)
(1.00005 0.00401173 0)
(1.00004 0.00671745 0)
(1.00001 0.0117409 0)
(0.99984 0.0220506 0)
(0.999169 0.0411652 0)
(1.00748 0.0768941 0)
(0.773655 0.0450714 0)
(0.361012 -0.0151707 0)
(1.04557 -0.0741972 0)
(1.0871 -0.0678838 0)
(1.04775 -0.0522939 0)
(1.0246 -0.0383903 0)
(1.01243 -0.0261119 0)
(1.00652 -0.0167609 0)
(1.00363 -0.0102369 0)
(1.00219 -0.00558171 0)
(1.00152 -0.00196576 0)
(1.00138 0.0012692 0)
(1.00172 0.00459782 0)
(1.0027 0.0085062 0)
(1.00472 0.0138354 0)
(1.00881 0.0215529 0)
(1.01734 0.0323659 0)
(1.03444 0.045701 0)
(1.06548 0.0598046 0)
(1.09407 0.072917 0)
(0.842194 0.0557167 0)
(0.217098 -0.00164609 0)
(1.07587 -0.0503484 0)
(1.09984 -0.0487066 0)
(1.06466 -0.0401561 0)
(1.04001 -0.0329926 0)
(1.02383 -0.0256902 0)
(1.01403 -0.0182925 0)
(1.00853 -0.0115474 0)
(1.00567 -0.00572719 0)
(1.00448 -0.000395279 0)
(1.00478 0.00475124 0)
(1.00662 0.0100826 0)
(1.01056 0.0161196 0)
(1.01786 0.0230122 0)
(1.03049 0.0302605 0)
(1.05063 0.0372531 0)
(1.08034 0.0445859 0)
(1.10617 0.0517936 0)
(0.942779 0.0413438 0)
(0.216431 0.00166879 0)
(0.175934 -0.000644918 0)
(1.01872 -0.0354009 0)
(1.1056 -0.0414046 0)
(1.07815 -0.0362384 0)
(1.05291 -0.0302104 0)
(1.03564 -0.0244777 0)
(1.02361 -0.0187326 0)
(1.01567 -0.0126892 0)
(1.01099 -0.0065305 0)
(1.00892 -0.000241364 0)
(1.00944 0.00595889 0)
(1.01253 0.0119206 0)
(1.01858 0.0177203 0)
(1.02832 0.0232677 0)
(1.04263 0.0286769 0)
(1.06334 0.0343257 0)
(1.09375 0.0402836 0)
(1.09408 0.0419025 0)
(0.828704 0.0227994 0)
(0.174804 0.000669031 0)
(0.1544 -0.000486742 0)
(0.95739 -0.0255426 0)
(1.10413 -0.0350708 0)
(1.08799 -0.0326246 0)
(1.06149 -0.02807 0)
(1.04361 -0.0230657 0)
(1.03117 -0.0177847 0)
(1.02246 -0.0122564 0)
(1.0168 -0.00632738 0)
(1.01408 0.00016058 0)
(1.01471 0.00664799 0)
(1.01853 0.0125332 0)
(1.02542 0.0178143 0)
(1.03563 0.0227492 0)
(1.05028 0.0275453 0)
(1.07196 0.0320132 0)
(1.10065 0.035882 0)
(1.06903 0.0340112 0)
(0.74104 0.0143824 0)
(0.152696 0.000513582 0)
(0.139888 -0.000357897 0)
(0.900475 -0.0191951 0)
(1.09652 -0.0301189 0)
(1.09613 -0.0292318 0)
(1.06915 -0.0254744 0)
(1.05045 -0.0213646 0)
(1.03748 -0.0166236 0)
(1.02844 -0.0113549 0)
(1.02242 -0.00562132 0)
(1.01936 0.000747871 0)
(1.01994 0.00712467 0)
(1.02395 0.0127665 0)
(1.03103 0.0177132 0)
(1.04154 0.0221547 0)
(1.0568 0.0260985 0)
(1.07939 0.0295728 0)
(1.10288 0.0322318 0)
(1.03703 0.0281706 0)
(0.6743 0.0102719 0)
(0.137483 0.000389353 0)
(0.129256 -0.000273302 0)
(0.850783 -0.0148187 0)
(1.08418 -0.0260079 0)
(1.10182 -0.0263251 0)
(1.07601 -0.0230099 0)
(1.05679 -0.0193529 0)
(1.04338 -0.015129 0)
(1.03397 -0.0102299 0)
(1.02768 -0.00470578 0)
(1.02441 0.00147446 0)
(1.02486 0.00762526 0)
(1.02885 0.0129856 0)
(1.03606 0.0175216 0)
(1.04685 0.0213533 0)
(1.06249 0.0246664 0)
(1.08551 0.0276529 0)
(1.10201 0.0294261 0)
(1.00216 0.0236616 0)
(0.622266 0.00789682 0)
(0.125997 0.000311197 0)
(0.121152 -0.000210539 0)
(0.808506 -0.0116453 0)
(1.06892 -0.0224032 0)
(1.10537 -0.0236873 0)
(1.08227 -0.0208058 0)
(1.06262 -0.0173656 0)
(1.04893 -0.013431 0)
(1.03925 -0.00886009 0)
(1.03269 -0.003606 0)
(1.02917 0.00234661 0)
(1.02945 0.00823157 0)
(1.03338 0.013241 0)
(1.04065 0.0173134 0)
(1.05153 0.0206536 0)
(1.0674 0.0235671 0)
(1.09079 0.0262455 0)
(1.09826 0.0271125 0)
(0.966866 0.0201226 0)
(0.580428 0.0063528 0)
(0.116854 0.000256415 0)
(0.114876 -0.00016228 0)
(0.772902 -0.00926875 0)
(1.05215 -0.0192278 0)
(1.10776 -0.0212442 0)
(1.08816 -0.0187389 0)
(1.0681 -0.0154511 0)
(1.05417 -0.0116791 0)
(1.04429 -0.00731101 0)
(1.03749 -0.00229656 0)
(1.03371 0.0033987 0)
(1.03375 0.0089768 0)
(1.03755 0.0136062 0)
(1.04475 0.0172687 0)
(1.05564 0.0202254 0)
(1.07172 0.0228115 0)
(1.09479 0.025143 0)
(1.09167 0.0251987 0)
(0.932486 0.0173921 0)
(0.545779 0.00529759 0)
(0.109316 0.000217862 0)
(0.109985 -0.000123877 0)
(0.74304 -0.00742431 0)
(1.03493 -0.0164105 0)
(1.1092 -0.0189426 0)
(1.09376 -0.0167461 0)
(1.07341 -0.0135538 0)
(1.0592 -0.0098752 0)
(1.04913 -0.00562755 0)
(1.04211 -0.000782306 0)
(1.03803 0.00466593 0)
(1.03778 0.00992337 0)
(1.04134 0.0141906 0)
(1.04841 0.0174896 0)
(1.05927 0.0200974 0)
(1.07556 0.0223927 0)
(1.0975 0.0243485 0)
(1.08262 0.023635 0)
(0.89959 0.0153202 0)
(0.516259 0.00456329 0)
(0.102892 0.000191139 0)
(0.106193 -9.20649e-05 0)
(0.718102 -0.00593697 0)
(1.01811 -0.0138797 0)
(1.10981 -0.0167162 0)
(1.09925 -0.0147971 0)
(1.07863 -0.0116188 0)
(1.06412 -0.00797299 0)
(1.05383 -0.00378808 0)
(1.04655 0.000946883 0)
(1.04215 0.00618788 0)
(1.04153 0.0111451 0)
(1.04478 0.0150731 0)
(1.05166 0.0180254 0)
(1.06248 0.0202933 0)
(1.07895 0.0223248 0)
(1.09885 0.0238769 0)
(1.07149 0.0224192 0)
(0.868294 0.0137935 0)
(0.490402 0.00405945 0)
(0.0972365 0.0001737 0)
(0.10331 -6.45234e-05 0)
(0.697446 -0.00468955 0)
(1.00229 -0.0115686 0)
(1.10975 -0.0145281 0)
(1.10459 -0.0128058 0)
(1.08386 -0.00959414 0)
(1.06903 -0.00592286 0)
(1.05847 -0.00173995 0)
(1.05088 0.00293547 0)
(1.04607 0.00801912 0)
(1.04501 0.0127083 0)
(1.04788 0.0163117 0)
(1.05453 0.018925 0)
(1.06528 0.0208565 0)
(1.08188 0.022631 0)
(1.09919 0.023779 0)
(1.05856 0.0215615 0)
(0.838433 0.0127219 0)
(0.467113 0.00372973 0)
(0.0920885 0.000163567 0)
(0.101216 -3.91587e-05 0)
(0.680599 -0.00359414 0)
(0.987923 -0.00940685 0)
(1.10922 -0.0122922 0)
(1.10975 -0.0106859 0)
(1.08916 -0.00741819 0)
(1.07398 -0.0036623 0)
(1.0631 0.000582632 0)
(1.05514 0.00525337 0)
(1.04984 0.0102307 0)
(1.04823 0.0146806 0)
(1.05065 0.0179676 0)
(1.05703 0.0202441 0)
(1.06768 0.0218341 0)
(1.08433 0.0233385 0)
(1.09852 0.024063 0)
(1.04398 0.0210782 0)
(0.809678 0.0120353 0)
(0.445532 0.00353624 0)
(0.0872446 0.00015924 0)
(0.0998474 -1.41246e-05 0)
(0.66726 -0.00258159 0)
(0.975382 -0.00731997 0)
(1.10854 -0.00994948 0)
(1.11487 -0.00837713 0)
(1.09463 -0.00501653 0)
(1.07906 -0.00111321 0)
(1.0678 0.00325595 0)
(1.05938 0.00798597 0)
(1.05348 0.0129075 0)
(1.05121 0.0171445 0)
(1.05309 0.0201186 0)
(1.05914 0.0220483 0)
(1.06965 0.0232789 0)
(1.08632 0.0245167 0)
(1.0966 0.0247832 0)
(1.02781 0.0209553 0)
(0.781598 0.0116789 0)
(0.424956 0.00345368 0)
(0.0825395 0.000159594 0)
(0.0991894 1.29713e-05 0)
(0.657273 -0.0015979 0)
(0.964976 -0.00523599 0)
(1.10805 -0.00743599 0)
(1.12007 -0.00580555 0)
(1.10034 -0.00230221 0)
(1.08435 0.00181504 0)
(1.07264 0.00637602 0)
(1.06365 0.0112341 0)
(1.05702 0.0161507 0)
(1.05395 0.0201965 0)
(1.05519 0.0228581 0)
(1.06084 0.0244201 0)
(1.07119 0.0252774 0)
(1.08776 0.0262105 0)
(1.0934 0.0259568 0)
(1.01001 0.0212273 0)
(0.753716 0.0116245 0)
(0.404798 0.00346723 0)
(0.0778386 0.000164058 0)
(0.0992622 3.73143e-05 0)
(0.650607 -0.000596378 0)
(0.957007 -0.00308301 0)
(1.10807 -0.00468009 0)
(1.12552 -0.00288405 0)
(1.10639 0.000823241 0)
(1.08994 0.00522884 0)
(1.07769 0.0100602 0)
(1.06801 0.0151175 0)
(1.06049 0.0200792 0)
(1.05647 0.0239496 0)
(1.05694 0.0262901 0)
(1.0621 0.0274723 0)
(1.07227 0.027934 0)
(1.08845 0.0284987 0)
(1.08867 0.0276131 0)
(0.99041 0.0219297 0)
(0.725493 0.0118567 0)
(0.384522 0.00356859 0)
(0.0730193 0.00017219 0)
(0.100102 7.40283e-05 0)
(0.647337 0.000433544 0)
(0.951792 -0.000789034 0)
(1.10897 -0.00159864 0)
(1.13142 0.000484253 0)
(1.1129 0.00447413 0)
(1.09594 0.00925849 0)
(1.08303 0.014448 0)
(1.07252 0.0197809 0)
(1.06392 0.0248389 0)
(1.05875 0.0285445 0)
(1.0583 0.0305424 0)
(1.0629 0.0313286 0)
(1.07282 0.0313666 0)
(1.08824 0.0315089 0)
(1.08216 0.0298584 0)
(0.968734 0.0230866 0)
(0.696334 0.0123649 0)
(0.363624 0.0037494 0)
(0.0679721 0.000183426 0)
(0.10192 0.000110323 0)
(0.647848 0.00159989 0)
(0.949682 0.00173682 0)
(1.1112 0.00192173 0)
(1.13798 0.00439043 0)
(1.12001 0.00880466 0)
(1.10245 0.0140687 0)
(1.08877 0.019711 0)
(1.07722 0.0254011 0)
(1.06732 0.0306035 0)
(1.06079 0.0341493 0)
(1.05924 0.0357644 0)
(1.06317 0.0361229 0)
(1.07278 0.0357035 0)
(1.08687 0.0353536 0)
(1.07359 0.0327689 0)
(0.944587 0.0247423 0)
(0.66561 0.0131453 0)
(0.341634 0.00400375 0)
(0.0626021 0.000197065 0)
(0.104776 0.000160648 0)
(0.652582 0.00305221 0)
(0.951167 0.00464588 0)
(1.11522 0.00597383 0)
(1.14543 0.00901228 0)
(1.12788 0.0139962 0)
(1.10963 0.019856 0)
(1.09499 0.0260633 0)
(1.08219 0.0321944 0)
(1.07071 0.0375772 0)
(1.06254 0.040938 0)
(1.05974 0.0421152 0)
(1.06285 0.042015 0)
(1.07208 0.0410823 0)
(1.08419 0.0402128 0)
(1.06259 0.0364595 0)
(0.917425 0.0269339 0)
(0.632625 0.0141922 0)
(0.318096 0.00432346 0)
(0.0568267 0.000212425 0)
(0.108948 0.000226962 0)
(0.661963 0.00473783 0)
(0.956703 0.00808013 0)
(1.12154 0.0107479 0)
(1.15403 0.0145475 0)
(1.13671 0.020279 0)
(1.11764 0.0268803 0)
(1.1018 0.0337773 0)
(1.08745 0.0404292 0)
(1.07406 0.0460045 0)
(1.06397 0.0491225 0)
(1.05972 0.0497974 0)
(1.06186 0.0491824 0)
(1.07064 0.0476696 0)
(1.08026 0.0461901 0)
(1.04867 0.0410322 0)
(0.886565 0.0296929 0)
(0.596638 0.0154877 0)
(0.292588 0.00469444 0)
(0.0505861 0.00022811 0)
(0.114776 0.000316116 0)
(0.67677 0.00683802 0)
(0.966937 0.0122434 0)
(1.13073 0.0164861 0)
(1.16417 0.021266 0)
(1.14678 0.027978 0)
(1.12665 0.0354908 0)
(1.10931 0.0432071 0)
(1.09304 0.0504379 0)
(1.07734 0.056171 0)
(1.06501 0.0589419 0)
(1.059 0.058981 0)
(1.06013 0.0578015 0)
(1.06841 0.0556582 0)
(1.07483 0.053471 0)
(1.03119 0.0465673 0)
(0.851165 0.0330115 0)
(0.556882 0.0169867 0)
(0.264764 0.00509159 0)
(0.043855 0.00024217 0)
(0.122771 0.00044482 0)
(0.697974 0.00959211 0)
(0.98274 0.0174432 0)
(1.14345 0.0235316 0)
(1.17633 0.0295641 0)
(1.15838 0.037551 0)
(1.13686 0.0461632 0)
(1.1176 0.0548123 0)
(1.09893 0.0626239 0)
(1.08046 0.0684006 0)
(1.06552 0.0706518 0)
(1.05754 0.0699064 0)
(1.05755 0.0680264 0)
(1.06531 0.0651668 0)
(1.06754 0.0620697 0)
(1.0093 0.0531286 0)
(0.810242 0.0368404 0)
(0.512624 0.01861 0)
(0.234407 0.00547786 0)
(0.036661 0.000252103 0)
(0.133665 0.000629048 0)
(0.72681 0.0133728 0)
(1.00527 0.0241496 0)
(1.16049 0.0324324 0)
(1.1911 0.0400427 0)
(1.17188 0.0496711 0)
(1.14844 0.0595706 0)
(1.12666 0.0692017 0)
(1.10499 0.0774781 0)
(1.08323 0.0830476 0)
(1.06535 0.0845 0)
(1.05523 0.0827745 0)
(1.05403 0.0800675 0)
(1.061 0.0763274 0)
(1.05768 0.0721695 0)
(0.981943 0.0606853 0)
(0.762701 0.0410529 0)
(0.463264 0.0202238 0)
(0.201524 0.00580048 0)
(0.029103 0.000254877 0)
(0.148702 0.000921354 0)
(0.765275 0.018804 0)
(1.03619 0.0331533 0)
(1.1828 0.0441334 0)
(1.20927 0.0538449 0)
(1.18758 0.0653858 0)
(1.16143 0.0766763 0)
(1.13633 0.087159 0)
(1.11096 0.0955664 0)
(1.08538 0.100476 0)
(1.06425 0.10071 0)
(1.05189 0.0977343 0)
(1.04943 0.0940512 0)
(1.05516 0.0895174 0)
(1.04449 0.0838167 0)
(0.94773 0.0691046 0)
(0.707455 0.045393 0)
(0.408522 0.0216286 0)
(0.166464 0.00599143 0)
(0.0213701 0.000247177 0)
(0.170088 0.00142777 0)
(0.816642 0.0270289 0)
(1.07809 0.0460101 0)
(1.2115 0.0605042 0)
(1.23141 0.0730094 0)
(1.20557 0.0863137 0)
(1.17556 0.0987953 0)
(1.14618 0.109619 0)
(1.11637 0.117481 0)
(1.08651 0.121017 0)
(1.06193 0.119447 0)
(1.04733 0.114869 0)
(1.04364 0.110032 0)
(1.04776 0.104631 0)
(1.02684 0.0969162 0)
(0.904974 0.0780086 0)
(0.643695 0.0494602 0)
(0.348792 0.0225699 0)
(0.130092 0.00597725 0)
(0.0137602 0.000225359 0)
(0.201223 0.00254942 0)
(0.886671 0.0407261 0)
(1.13462 0.0665668 0)
(1.24702 0.0851375 0)
(1.25728 0.100285 0)
(1.22522 0.114805 0)
(1.19001 0.12752 0)
(1.15538 0.13755 0)
(1.12054 0.143749 0)
(1.08609 0.144901 0)
(1.05806 0.140782 0)
(1.04134 0.134183 0)
(1.03656 0.127973 0)
(1.03836 0.121508 0)
(1.00321 0.111099 0)
(0.851702 0.086721 0)
(0.571505 0.052708 0)
(0.285862 0.0228564 0)
(0.0941394 0.00573536 0)
(0.00676411 0.000187015 0)
(0.243666 0.00881274 6.94852e-20)
(0.979419 0.0679785 6.24994e-20)
(1.20347 0.101152 -2.2162e-20)
(1.28623 0.121658 0)
(1.28402 0.139277 -5.9503e-34)
(1.24437 0.153189 8.77072e-21)
(1.20321 0.164358 -1.61712e-20)
(1.16283 0.172173 0)
(1.12261 0.175621 3.40314e-34)
(1.08332 0.173582 -2.07488e-20)
(1.05166 0.166423 0)
(1.03273 0.157632 -2.49552e-20)
(1.02708 0.150223 -7.38003e-20)
(1.02566 0.143461 -3.48644e-20)
(0.969554 0.128885 -1.05211e-20)
(0.781802 0.0966621 -6.25721e-21)
(0.485742 0.0554983 0)
(0.218163 0.0228872 4.36265e-21)
(0.0586248 0.00556968 5.12974e-21)
(0.000353589 0.000149012 9.10857e-20)
(0.27325 0.0242234 4.55964e-20)
(1.0561 0.110779 1.06523e-21)
(1.26027 0.150434 5.64231e-21)
(1.3213 0.171068 0)
(1.30747 0.188568 -2.93473e-20)
(1.26079 0.200286 -3.38864e-20)
(1.21372 0.209125 -1.61244e-20)
(1.16753 0.21444 -5.86322e-20)
(1.12171 0.215094 0)
(1.0772 0.209924 8.83262e-20)
(1.04145 0.199816 8.82162e-20)
(1.02005 0.188857 2.63237e-20)
(1.01231 0.17967 9.66229e-20)
(1.00279 0.170486 1.36283e-19)
(0.916504 0.14958 0)
(0.687287 0.106985 1.92023e-19)
(0.384805 0.0578425 2.74831e-19)
(0.147912 0.0221968 3.04174e-19)
(0.0230658 0.00417278 -3.46094e-19)
(-0.00619026 -0.000497357 -6.42107e-21)
(0.274461 0.0403375 0)
(1.10464 0.166344 6.79494e-21)
(1.29857 0.210997 0)
(1.34857 0.231116 -3.43431e-20)
(1.32587 0.245565 0)
(1.27328 0.253373 -6.49758e-20)
(1.22068 0.258466 3.25642e-20)
(1.16898 0.260171 -1.16512e-19)
(1.11785 0.257157 -3.16408e-21)
(1.06835 0.248206 4.54022e-20)
(1.02872 0.234708 1.94381e-19)
(1.00494 0.221243 -4.3722e-22)
(0.994841 0.210084 -7.02691e-20)
(0.976629 0.197883 -1.28511e-19)
(0.868585 0.169666 1.51916e-19)
(0.619599 0.116459 -2.68692e-19)
(0.325892 0.0599458 -3.53993e-20)
(0.111411 0.0212166 0)
(0.00509593 0.00203265 -2.35496e-23)
(-0.00977454 -0.00137154 0)
(0.267967 0.0541677 5.30215e-20)
(1.13079 0.225114 -3.15313e-20)
(1.32213 0.276081 -3.15453e-20)
(1.36663 0.296373 1.52757e-20)
(1.33781 0.306877 -2.6249e-20)
(1.28079 0.310128 1.35121e-19)
(1.22363 0.310783 6.74491e-20)
(1.16716 0.308219 0)
(1.11126 0.300972 -2.24133e-19)
(1.05718 0.28775 0)
(1.01392 0.270491 -1.01623e-19)
(0.987808 0.254254 -1.2673e-19)
(0.975334 0.240772 -7.65577e-20)
(0.950033 0.224947 -9.33741e-20)
(0.829407 0.189461 0)
(0.57598 0.127073 0)
(0.295039 0.0641401 -2.30317e-19)
(0.0932606 0.0210003 4.53581e-20)
(-0.00519293 -0.000281527 -2.64311e-20)
(-0.0124069 -0.00242015 -3.04515e-20)
(0.260168 0.0663055 4.6525e-21)
(1.14214 0.2837 0)
(1.335 0.342029 5.06389e-20)
(1.37644 0.362995 3.96785e-20)
(1.34337 0.369637 6.29045e-20)
(1.28312 0.36833 0)
(1.22239 0.364432 6.44388e-20)
(1.16198 0.357405 1.27757e-19)
(1.10199 0.345688 1.13812e-19)
(1.04381 0.327943 2.14346e-19)
(0.997151 0.306679 0)
(0.968737 0.287436 -2.73294e-19)
(0.953909 0.271432 -1.65374e-19)
(0.923216 0.251989 -9.7916e-20)
(0.797284 0.210076 6.00067e-19)
(0.548625 0.139801 7.11063e-20)
(0.280482 0.0704299 3.32759e-19)
(0.0866263 0.0219291 -1.57374e-18)
(-0.00961635 -0.00218467 9.27004e-19)
(-0.0140674 -0.00347596 -1.09983e-18)
(0.252645 0.0772411 3.45511e-20)
(1.14401 0.340256 -1.83285e-21)
(1.34009 0.40695 -2.05724e-21)
(1.37963 0.429093 -2.92276e-20)
(1.34349 0.432113 -4.66447e-20)
(1.28083 0.426428 3.59063e-21)
(1.21728 0.418128 -7.00187e-20)
(1.15366 0.40671 1.31033e-19)
(1.09014 0.39054 -2.45057e-19)
(1.0283 0.368239 0)
(0.978475 0.34288 -1.23252e-19)
(0.947786 0.320532 -3.19033e-21)
(0.930692 0.301944 -1.8138e-19)
(0.896274 0.279033 0)
(0.770124 0.231508 -1.30067e-19)
(0.53127 0.154475 -3.07567e-19)
(0.276029 0.0790881 8.16221e-19)
(0.0878367 0.024598 -8.04553e-19)
(-0.00916058 -0.00311715 1.13754e-18)
(-0.0145936 -0.00433556 -1.16375e-18)
(0.246246 0.0873075 -8.22799e-22)
(1.13997 0.394098 1.06462e-20)
(1.33957 0.469848 1.21048e-20)
(1.37761 0.493468 6.55209e-21)
(1.33924 0.493263 -2.24994e-20)
(1.27476 0.48348 0)
(1.20894 0.471029 -6.25065e-20)
(1.1426 0.455422 -1.36525e-19)
(1.07603 0.434956 -1.26663e-19)
(1.0109 0.408193 0)
(0.958138 0.378776 -1.2737e-19)
(0.925226 0.35332 -1.59413e-19)
(0.905947 0.332119 1.97098e-19)
(0.868935 0.305937 -1.20012e-19)
(0.745557 0.253562 -5.69734e-19)
(0.518611 0.170672 3.36912e-19)
(0.27619 0.0892456 9.95038e-20)
(0.0931641 0.0288665 0)
(-0.00517142 -0.00271665 -1.10328e-18)
(-0.0140475 -0.00484626 -3.99035e-20)
(0.241088 0.0968319 1.11877e-20)
(1.13235 0.445039 -1.68334e-20)
(1.33494 0.53026 -9.12734e-21)
(1.37165 0.555409 3.10684e-20)
(1.33157 0.552425 -7.3152e-20)
(1.2657 0.538911 1.12778e-19)
(1.19803 0.522611 1.34977e-19)
(1.12939 0.503078 -2.17961e-19)
(1.06014 0.478545 8.01971e-20)
(0.992002 0.447495 -5.27316e-19)
(0.936486 0.414129 -1.4513e-19)
(0.901423 0.385615 0)
(0.880103 0.361906 2.14324e-19)
(0.841237 0.332558 2.5767e-19)
(0.72216 0.275642 3.07743e-19)
(0.507279 0.187791 -3.67502e-19)
(0.27747 0.100566 -1.08168e-19)
(0.0998996 0.0346078 1.27322e-19)
(0.00070325 -0.0010542 0)
(-0.0127635 -0.00499901 -8.68956e-20)
(0.23709 0.105969 -1.63247e-19)
(1.1228 0.493187 9.46006e-20)
(1.32746 0.587984 1.30825e-20)
(1.36277 0.614598 1.16669e-20)
(1.32131 0.609206 -2.68734e-20)
(1.25436 0.592329 -8.15831e-21)
(1.18518 0.572532 -1.48629e-19)
(1.11457 0.549382 -7.91599e-20)
(1.04289 0.521047 -2.20689e-19)
(0.971973 0.485934 6.47647e-22)
(0.913849 0.448752 -4.53475e-19)
(0.87674 0.417266 3.87494e-19)
(0.853514 0.39109 -2.36515e-19)
(0.813236 0.358717 2.85181e-19)
(0.698398 0.297531 0)
(0.495144 0.205147 -2.00599e-19)
(0.2777 0.112301 4.86354e-22)
(0.106348 0.0412402 -5.57812e-19)
(0.00717584 0.0015024 -8.14327e-20)
(-0.011037 -0.00482808 0)
(0.234145 0.114862 0)
(1.11228 0.538772 1.07825e-19)
(1.31804 0.643414 5.07299e-20)
(1.35179 0.670892 -3.07899e-21)
(1.30913 0.663399 -4.1972e-20)
(1.24135 0.643514 0)
(1.17092 0.620568 -6.37056e-20)
(1.09858 0.594133 -2.08423e-21)
(1.0247 0.5623 4.73446e-19)
(0.951168 0.523373 -7.20369e-20)
(0.890548 0.482526 -3.28084e-19)
(0.851498 0.448156 2.00911e-19)
(0.8265 0.419535 -4.4651e-21)
(0.784935 0.384089 3.03608e-19)
(0.673764 0.318733 1.87256e-19)
(0.48119 0.222055 -4.33927e-19)
(0.275141 0.123931 5.12767e-19)
(0.110789 0.0481884 1.51715e-19)
(0.0129626 0.00457533 6.2206e-19)
(-0.00918746 -0.00442063 -1.63616e-18)
(0.232166 0.123687 -5.23316e-20)
(1.10151 0.581979 7.31811e-20)
(1.30733 0.695865 -5.12583e-20)
(1.33933 0.724266 -1.277e-20)
(1.2956 0.714907 0)
(1.22718 0.692338 -4.33553e-20)
(1.1557 0.666592 2.18348e-19)
(1.08183 0.637207 1.72086e-19)
(1.00592 0.602197 0)
(0.929884 0.559727 -1.04404e-18)
(0.866828 0.515372 8.89738e-19)
(0.825905 0.478166 0)
(0.799238 0.447082 2.77521e-19)
(0.756405 0.408453 -4.44907e-21)
(0.647931 0.338842 -6.00743e-19)
(0.465324 0.237568 2.34126e-19)
(0.269666 0.134717 0)
(0.112434 0.0546671 8.20386e-19)
(0.0171316 0.00751951 0)
(-0.00755295 -0.00395034 -7.76204e-19)
(0.23101 0.132485 6.22202e-20)
(1.09089 0.623043 9.36116e-20)
(1.29586 0.745413 -5.11779e-20)
(1.32584 0.77474 0)
(1.2812 0.76371 -2.3736e-20)
(1.21226 0.738762 0)
(1.13991 0.710535 -2.08919e-19)
(1.06467 0.678532 -7.69861e-20)
(0.986855 0.640678 8.23452e-20)
(0.908378 0.594954 -5.16752e-19)
(0.842888 0.547249 9.14885e-20)
(0.800131 0.507205 0)
(0.771895 0.473555 -5.9309e-19)
(0.727768 0.431543 4.30523e-21)
(0.6213 0.357223 0)
(0.447186 0.251285 2.24909e-21)
(0.261187 0.143858 7.53135e-19)
(0.110921 0.0598931 -7.08145e-19)
(0.0191877 0.00979392 2.08387e-19)
(-0.00635258 -0.00356049 0)
(0.230361 0.141172 0)
(1.08075 0.662005 1.11899e-19)
(1.28383 0.792251 7.28766e-20)
(1.31175 0.822364 -5.00789e-21)
(1.26629 0.809833 1.6242e-21)
(1.19695 0.782787 -9.70462e-20)
(1.12386 0.752379 8.01435e-20)
(1.04737 0.718078 -9.34956e-20)
(0.967762 0.677706 3.70999e-19)
(0.886872 0.629044 -8.26661e-19)
(0.818897 0.578155 -8.1666e-21)
(0.774282 0.535231 -2.58089e-19)
(0.744519 0.49884 9.63962e-19)
(0.698986 0.453077 -5.14403e-21)
(0.593956 0.373628 -4.67653e-19)
(0.427181 0.262724 -8.29935e-19)
(0.250083 0.150974 0)
(0.106964 0.0633867 0)
(0.0193977 0.0110983 2.2481e-19)
(-0.00557978 -0.0033434 -1.30033e-19)
(0.230407 0.149886 8.62417e-20)
(1.07122 0.698792 -2.53533e-19)
(1.2715 0.836479 -7.81063e-20)
(1.2974 0.867197 0)
(1.25116 0.853333 -2.9974e-21)
(1.18153 0.824439 -7.71075e-20)
(1.1078 0.792135 1.85735e-19)
(1.03019 0.75584 3.60207e-19)
(0.948871 0.713283 4.79881e-19)
(0.865569 0.662011 -6.73945e-19)
(0.795003 0.608121 -7.66558e-19)
(0.748422 0.562276 6.90518e-19)
(0.717081 0.522873 0)
(0.670036 0.472808 -2.12941e-19)
(0.566002 0.387689 -5.05825e-19)
(0.405456 0.271496 -5.97356e-19)
(0.236675 0.155621 -7.03307e-19)
(0.100699 0.0650609 2.07088e-19)
(0.0181127 0.0113931 -1.20985e-19)
(-0.00519377 -0.00330997 5.80613e-22)
(0.230572 0.158518 0)
(1.06239 0.733804 0)
(1.25915 0.878192 4.88989e-21)
(1.283 0.909365 0)
(1.23606 0.894301 -3.312e-20)
(1.1662 0.863781 4.23304e-20)
(1.09195 0.829832 0)
(1.01333 0.791829 4.13091e-20)
(0.930371 0.747411 7.97619e-19)
(0.844652 0.69388 -1.5508e-18)
(0.771334 0.637216 0)
(0.72259 0.588419 -4.45013e-19)
(0.689518 0.545617 -6.04233e-21)
(0.64082 0.490534 -4.61393e-21)
(0.537444 0.399109 5.41469e-19)
(0.382228 0.277345 -1.53641e-22)
(0.221527 0.157613 -1.51611e-18)
(0.0926962 0.0648233 4.4576e-19)
(0.0157153 0.0107973 1.30996e-19)
(-0.00504984 -0.00338165 0)
(0.230902 0.167006 -3.40994e-19)
(1.05403 0.767176 -1.69551e-19)
(1.24688 0.917479 -2.2566e-19)
(1.26873 0.948997 2.30482e-19)
(1.22116 0.932813 -8.90654e-20)
(1.15115 0.900877 0)
(1.07647 0.865516 1.06404e-19)
(0.996929 0.826073 -9.33915e-20)
(0.912418 0.78011 7.78753e-21)
(0.824283 0.724687 1.14897e-19)
(0.748023 0.665532 9.92546e-19)
(0.69681 0.613771 -1.55861e-19)
(0.661718 0.567095 -5.94819e-19)
(0.611184 0.506085 -2.48345e-19)
(0.508374 0.407552 2.93942e-19)
(0.358258 0.280005 1.9311e-22)
(0.205094 0.156847 4.08328e-19)
(0.0836034 0.0627739 -9.59013e-19)
(0.0126664 0.00945803 1.12835e-18)
(-0.005049 -0.0035346 1.62002e-19)
(0.231124 0.17525 1.29208e-19)
(1.04615 0.798985 -9.52385e-20)
(1.2348 0.95444 1.22327e-20)
(1.25471 0.986228 1.4593e-19)
(1.2066 0.968981 3.23307e-20)
(1.1365 0.935801 -6.39938e-20)
(1.06149 0.899239 2.71387e-20)
(0.981122 0.858593 -3.8645e-19)
(0.895148 0.811382 -8.7362e-19)
(0.804601 0.754446 -9.21825e-19)
(0.725207 0.693161 0)
(0.671117 0.638473 -6.86839e-19)
(0.63357 0.587418 8.58381e-19)
(0.580881 0.519335 0)
(0.478718 0.412626 -6.29614e-19)
(0.334146 0.279009 3.73882e-19)
(0.188734 0.153166 -4.38971e-19)
(0.0746935 0.0592168 -5.1585e-19)
(0.0096556 0.00770282 -9.08588e-19)
(-0.00512816 -0.00373722 -6.97637e-19)
(0.231708 0.183366 -1.45143e-19)
(1.03857 0.829227 1.01752e-19)
(1.22299 0.98915 2.34306e-19)
(1.24102 1.02114 2.11903e-19)
(1.19247 1.0029 -6.05771e-20)
(1.12235 0.968641 -2.16585e-20)
(1.04709 0.931054 9.34372e-20)
(0.965998 0.889435 -3.92329e-19)
(0.878648 0.841254 -5.16208e-19)
(0.785728 0.783178 9.62649e-19)
(0.703014 0.720181 2.1792e-18)
(0.645579 0.662691 0)
(0.604967 0.606788 0)
(0.549533 0.530286 -2.85757e-19)
(0.448142 0.413881 0)
(0.310122 0.273487 8.03106e-19)
(0.173841 0.145765 9.43188e-19)
(0.0679751 0.0540728 0)
(0.00788378 0.00586024 0)
(-0.00520035 -0.00393218 7.49401e-19)
(0.231969 0.191054 1.64704e-19)
(1.03133 0.857894 1.36028e-19)
(1.21151 1.02173 1.69799e-19)
(1.22775 1.05385 -2.02682e-19)
(1.17885 1.03468 -7.86881e-20)
(1.10878 0.999476 3.67857e-21)
(1.03334 0.961021 -1.25242e-19)
(0.951625 0.918625 -1.10609e-21)
(0.863003 0.869731 -1.01007e-20)
(0.767763 0.810887 -9.07532e-21)
(0.681589 0.746647 1.12177e-18)
(0.620304 0.686587 0)
(0.575851 0.625489 8.70424e-19)
(0.516724 0.539134 6.09972e-19)
(0.415889 0.411105 1.46912e-18)
(0.285739 0.262136 4.32664e-19)
(0.16191 0.13191 -5.07226e-19)
(0.067824 0.0441454 -2.96838e-19)
(0.0134328 0.00266936 0)
(-0.00325458 -0.00346911 8.05186e-19)
(0.232542 0.198761 -3.69037e-19)
(1.02439 0.885074 0)
(1.20033 1.05223 1.98831e-19)
(1.21492 1.08443 -1.71192e-19)
(1.1658 1.06442 1.0563e-19)
(1.0958 1.02839 2.89172e-20)
(1.02029 0.989199 2.25713e-19)
(0.938042 0.9462 -3.30723e-20)
(0.848258 0.896825 0)
(0.750789 0.837549 -1.05654e-18)
(0.661072 0.772579 -2.43476e-18)
(0.595444 0.710326 1.01033e-19)
(0.546269 0.64384 1.2024e-18)
(0.482147 0.546329 0)
(0.38077 0.404735 9.91975e-19)
(0.258698 0.243865 0)
(0.150894 0.105643 0)
(0.0793422 0.0149339 -3.20867e-19)
(0.0482446 -0.012137 0)
(0.0266756 0.0100763 2.156e-19)
(0.232766 0.205877 -4.11748e-19)
(1.01771 0.911116 0)
(1.18947 1.08086 3.29582e-19)
(1.20249 1.11312 0)
(1.15326 1.09238 -6.36295e-20)
(1.08338 1.05568 0)
(1.00788 1.0159 8.16022e-21)
(0.925153 0.972496 5.30388e-20)
(0.834289 0.922896 6.43916e-20)
(0.734634 0.863547 -1.15353e-18)
(0.641272 0.79841 7.24332e-20)
(0.570747 0.734565 8.15013e-19)
(0.515781 0.662652 1.17209e-18)
(0.444885 0.552524 1.58586e-19)
(0.340831 0.39624 7.78092e-19)
(0.223936 0.219578 0)
(0.128679 0.0626214 1.06899e-18)
(0.07076 -0.0275976 -6.18488e-19)
(0.040621 0.0443247 7.1378e-19)
(-0.059588 0.436468 -8.46201e-19)
(0.232974 0.212804 3.40732e-19)
(1.01102 0.935791 5.37531e-19)
(1.17884 1.10794 0)
(1.19032 1.14037 9.657e-21)
(1.14105 1.11914 1.87023e-19)
(1.07123 1.08201 -1.27155e-19)
(0.995782 1.04192 6.77753e-20)
(0.912542 0.998448 0)
(0.82056 0.949029 4.18938e-19)
(0.718622 0.890183 -5.93593e-20)
(0.62127 0.825625 0)
(0.544941 0.761011 0)
(0.482386 0.683366 1.05216e-18)
(0.402512 0.558245 -4.91685e-19)
(0.292868 0.387545 -7.90333e-19)
(0.176699 0.192661 0)
(0.0748705 0.0726111 5.34914e-19)
(0.00547106 0.440002 -6.11161e-19)
(0.0311618 1.89695 -3.34291e-19)
(0.061906 2.81196 -4.42022e-19)
(0.232967 0.218983 -2.53974e-19)
(1.00442 0.959261 -6.87027e-19)
(1.16844 1.13345 1.94554e-19)
(1.17841 1.16605 1.63996e-19)
(1.12919 1.14449 0)
(1.05945 1.10711 -1.09857e-19)
(0.984206 1.06694 7.67857e-20)
(0.900404 1.02363 -2.47791e-20)
(0.807345 0.974709 6.2879e-20)
(0.703138 0.916853 1.09506e-18)
(0.601667 0.853576 1.22685e-18)
(0.51896 0.789341 9.14169e-19)
(0.446876 0.706043 1.06006e-18)
(0.356491 0.562525 -1.15791e-18)
(0.242621 0.382577 -1.19553e-18)
(0.11887 0.237427 0)
(0.0428214 0.835412 0)
(0.0974079 2.55561 2.92662e-19)
(0.100357 3.20343 0)
(0.103083 3.38858 6.40312e-19)
(0.235985 0.224744 0)
(0.998517 0.981806 0)
(1.15802 1.15724 0)
(1.16655 1.19001 4.91017e-20)
(1.11733 1.16815 1.70173e-19)
(1.04781 1.13084 -1.05503e-19)
(0.973048 1.09087 4.32496e-20)
(0.888682 1.04791 -2.36311e-20)
(0.794595 0.999784 5.12883e-19)
(0.688196 0.943407 -1.76153e-20)
(0.582594 0.882148 2.41878e-18)
(0.49312 0.819425 -1.05927e-19)
(0.409342 0.731641 1.28062e-19)
(0.309187 0.563334 1.68021e-19)
(0.181587 0.394899 -7.78113e-21)
(0.0979234 0.964941 3.56794e-21)
(0.137335 2.72805 -1.55892e-18)
(0.144557 3.29394 -5.75011e-19)
(0.134092 3.42561 2.86665e-19)
(0.122115 3.44749 -3.13593e-19)
(0.156073 0.177061 1.44148e-19)
(0.988048 1.00632 0)
(1.14726 1.17948 -3.77318e-19)
(1.15517 1.21267 -4.38641e-19)
(1.10621 1.19085 3.96759e-19)
(1.03717 1.15381 1.2064e-19)
(0.962203 1.11373 -3.59649e-20)
(0.877462 1.07142 2.36473e-19)
(0.782452 1.0244 -4.12775e-19)
(0.674073 0.970009 0)
(0.564439 0.911542 1.18075e-18)
(0.467944 0.851021 -7.44615e-19)
(0.371336 0.762974 0)
(0.253938 0.56191 1.51565e-19)
(0.141022 0.737997 3.68839e-19)
(0.152844 2.50416 -4.28462e-19)
(0.20783 3.3227 4.72065e-19)
(0.188939 3.4374 2.53018e-19)
(0.157034 3.45899 2.7711e-19)
(0.135925 3.4693 4.39524e-19)
(0.275872 0.262738 -2.55659e-19)
(0.971777 1.01589 0)
(1.12911 1.205 4.15383e-19)
(1.14029 1.24317 4.76358e-19)
(1.08891 1.224 -4.32354e-19)
(1.01914 1.18736 -1.64686e-19)
(0.943167 1.14888 -8.63937e-21)
(0.857925 1.10782 1.8963e-20)
(0.761601 1.06303 3.834e-19)
(0.650464 1.01266 9.26496e-19)
(0.535497 0.960734 6.58528e-20)
(0.428099 0.905283 6.59746e-19)
(0.30182 0.800682 1.18978e-19)
(0.211886 0.916755 -1.52866e-19)
(0.226558 2.35523 -3.40732e-19)
(0.286402 3.32497 3.14221e-19)
(0.269978 3.46512 -3.50507e-19)
(0.234725 3.48731 -2.02383e-19)
(0.198407 3.51486 -1.57321e-19)
(0.147838 3.50892 -1.52312e-20)
(0.264984 0.26028 0)
(0.969543 1.0388 1.19151e-19)
(1.12072 1.22854 -8.58274e-20)
(1.12969 1.2669 -5.67625e-20)
(1.07806 1.24721 -2.98691e-19)
(1.00823 1.21078 1.69629e-19)
(0.93196 1.17247 2.13202e-20)
(0.84651 1.13224 1.62668e-20)
(0.749637 1.08893 -3.93368e-19)
(0.637155 1.04146 -2.69831e-20)
(0.519268 0.994489 -2.12263e-18)
(0.406442 0.943024 9.446e-20)
(0.283375 0.866416 -1.11342e-19)
(0.252709 1.48297 -1.41216e-19)
(0.326731 3.10359 3.49647e-20)
(0.346035 3.46294 6.90201e-22)
(0.305454 3.5183 4.90331e-19)
(0.268636 3.5453 2.30091e-19)
(0.220348 3.56856 -4.01989e-20)
(0.163065 3.56462 -6.64186e-20)
(0.249381 0.258399 2.98978e-19)
(0.965839 1.06428 8.17162e-19)
(1.11192 1.25412 -2.46907e-19)
(1.11845 1.29198 -2.15123e-19)
(1.0666 1.2718 0)
(0.996897 1.2354 2.96951e-19)
(0.920614 1.19734 6.02593e-20)
(0.835229 1.1579 1.33415e-20)
(0.738128 1.11619 -4.43624e-20)
(0.624842 1.07188 -8.2034e-19)
(0.504917 1.03032 -9.71058e-19)
(0.388362 0.982441 -7.62504e-19)
(0.285878 0.996806 -8.46786e-19)
(0.322608 2.21055 8.69118e-19)
(0.41345 3.37461 6.99502e-19)
(0.390315 3.52004 0)
(0.344363 3.56479 0)
(0.306337 3.60502 -2.99167e-20)
(0.256523 3.66353 0)
(0.175563 3.64002 -1.28371e-20)
(0.239003 0.260322 -4.4901e-19)
(0.960044 1.09067 -6.95951e-19)
(1.10168 1.28091 0)
(1.10586 1.31779 1.14837e-20)
(1.05386 1.29699 -3.21703e-19)
(0.984455 1.26053 4.76779e-19)
(0.908489 1.22276 5.59639e-20)
(0.823381 1.18402 3.69333e-21)
(0.726297 1.14385 -2.60742e-19)
(0.612631 1.10273 3.96176e-20)
(0.491603 1.06667 0)
(0.370223 1.02379 0)
(0.30784 1.25596 -7.67469e-19)
(0.406257 2.89019 3.03989e-19)
(0.484956 3.48114 3.76356e-19)
(0.435856 3.55321 0)
(0.395729 3.61647 1.88723e-20)
(0.359529 3.67298 -1.30089e-19)
(0.312903 3.65593 -2.23654e-19)
(0.201874 3.64251 1.76099e-20)
(0.231346 0.264084 2.88704e-19)
(0.952425 1.11784 0)
(1.0899 1.30894 -4.96567e-19)
(1.09205 1.34469 -1.14945e-19)
(1.04006 1.32306 1.26844e-19)
(0.971156 1.28642 0)
(0.895736 1.24885 1.51608e-20)
(0.811133 1.21074 -1.50069e-20)
(0.714379 1.17208 -3.35361e-20)
(0.600827 1.13416 7.27403e-19)
(0.479651 1.10347 -4.80661e-20)
(0.363875 1.07844 -5.49266e-19)
(0.35629 1.64462 -7.63024e-19)
(0.489432 3.26152 -8.73595e-20)
(0.539253 3.53235 -2.63861e-19)
(0.491401 3.58342 0)
(0.462955 3.65565 2.32433e-19)
(0.424931 3.61667 -1.89152e-19)
(0.336626 3.34886 4.05016e-19)
(0.244079 3.24569 -1.60363e-19)
(0.226393 0.269619 5.62279e-19)
(0.943161 1.14565 0)
(1.0767 1.33813 -3.19304e-19)
(1.07721 1.37277 3.1682e-19)
(1.02545 1.3501 -2.66996e-19)
(0.957288 1.31305 -3.26247e-19)
(0.882639 1.27547 2.23473e-19)
(0.79881 1.23783 -2.31122e-20)
(0.702756 1.20055 0)
(0.589898 1.1657 5.83148e-19)
(0.469391 1.13997 1.46637e-18)
(0.36547 1.15476 -6.24973e-20)
(0.420618 2.10357 -7.12283e-19)
(0.564686 3.42525 0)
(0.580497 3.56126 -1.60967e-19)
(0.543276 3.62222 0)
(0.518903 3.62351 0)
(0.490923 3.36739 -1.54164e-19)
(0.353245 2.21653 0)
(-0.172918 0.0372052 1.37861e-19)
(0.222479 0.27599 -2.76658e-19)
(0.932432 1.1745 -2.18993e-19)
(1.06199 1.36874 -3.21675e-19)
(1.06108 1.40238 4.29639e-19)
(1.00971 1.3786 2.79313e-19)
(0.942509 1.34108 2.5564e-19)
(0.86884 1.30344 -1.37353e-19)
(0.786042 1.26625 3.38981e-20)
(0.691049 1.23039 9.27486e-21)
(0.579454 1.19884 -6.01084e-20)
(0.460838 1.17846 -6.15332e-19)
(0.379485 1.27767 0)
(0.498503 2.61579 -4.48284e-19)
(0.631175 3.50146 -1.46145e-19)
(0.615607 3.58281 -8.89636e-20)
(0.595867 3.61182 4.63068e-20)
(0.54499 3.46816 -2.06594e-19)
(0.393311 2.47485 -1.45775e-19)
(0.0128406 0.224492 0)
(-0.0782862 -0.127189 4.31521e-19)
(0.219109 0.2832 2.69586e-19)
(0.919984 1.20432 -2.1815e-19)
(1.04562 1.40076 -3.09557e-19)
(1.04345 1.43355 -5.52602e-19)
(0.992649 1.40869 2.81928e-19)
(0.926626 1.37068 -2.23399e-19)
(0.854197 1.333 1.24966e-19)
(0.772726 1.29633 -7.35784e-20)
(0.6792 1.26202 1.1772e-19)
(0.569506 1.23401 -3.82751e-19)
(0.454447 1.22046 -1.00259e-18)
(0.409953 1.46794 0)
(0.581655 3.04302 0)
(0.687382 3.54249 1.09069e-20)
(0.652566 3.59201 0)
(0.62602 3.55015 2.29296e-19)
(0.494787 2.95 3.77858e-19)
(0.106812 0.616474 0)
(-0.0925996 -0.150934 0)
(-0.0537995 -0.0808745 3.614e-19)
(0.21514 0.290129 -2.63752e-19)
(0.905666 1.23519 2.04876e-19)
(1.02744 1.43415 -6.47644e-21)
(1.02418 1.46623 -4.24352e-19)
(0.974134 1.44027 0)
(0.90955 1.40178 -4.16689e-19)
(0.838649 1.36408 0)
(0.758851 1.328 -1.162e-19)
(0.667262 1.29531 8.44703e-20)
(0.560189 1.27101 2.49833e-19)
(0.451338 1.26894 0)
(0.457169 1.72195 3.43069e-19)
(0.658293 3.30411 -2.6722e-19)
(0.730769 3.56689 2.39733e-20)
(0.689957 3.5805 -1.1737e-19)
(0.618818 3.32723 1.18668e-19)
(0.317755 1.76985 -1.82908e-19)
(-0.0727573 -0.054766 -2.35981e-19)
(-0.101504 -0.164045 -4.12293e-19)
(-0.0368585 -0.0540118 -3.22542e-19)
(0.210385 0.296978 7.69597e-19)
(0.889033 1.26697 4.14279e-19)
(1.00723 1.46884 6.08674e-19)
(1.00311 1.50035 -8.61704e-19)
(0.954058 1.47329 5.6431e-19)
(0.891205 1.4343 0)
(0.822156 1.39659 1.7722e-19)
(0.744424 1.36113 -3.66551e-20)
(0.655286 1.3301 -6.82942e-21)
(0.551661 1.30963 -2.66586e-20)
(0.453041 1.32863 -3.11739e-19)
(0.518605 2.03562 4.65563e-20)
(0.727446 3.4465 7.52411e-20)
(0.764983 3.5777 -4.09819e-21)
(0.71738 3.51202 8.60065e-20)
(0.538988 2.78178 -8.37456e-21)
(0.0795612 0.29439 3.58922e-19)
(-0.0929166 -0.168739 -4.23293e-19)
(-0.0874777 -0.149132 1.27667e-19)
(-0.0272867 -0.0413804 7.28987e-20)
(0.204061 0.302805 0)
(0.869465 1.29954 0)
(0.98476 1.5047 7.23548e-21)
(0.980072 1.53581 0)
(0.932298 1.50763 4.38782e-19)
(0.871509 1.4681 2.64332e-19)
(0.804691 1.43039 0)
(0.729457 1.39558 2.71538e-20)
(0.643347 1.36622 9.23836e-20)
(0.544102 1.3497 1.72877e-19)
(0.461297 1.4049 0)
(0.591818 2.39897 1.02276e-19)
(0.786715 3.51968 -4.73165e-21)
(0.796546 3.57216 -2.19197e-20)
(0.715332 3.32805 1.48445e-19)
(0.356978 1.78621 -3.7984e-21)
(-0.100199 -0.0755771 -6.71422e-19)
(-0.102339 -0.174441 1.9428e-19)
(-0.0751445 -0.125067 5.26731e-19)
(-0.0200921 -0.0312134 0)
(0.196392 0.307331 -2.40199e-19)
(0.846663 1.33186 7.784e-19)
(0.959702 1.54131 2.98833e-19)
(0.95485 1.57239 0)
(0.908726 1.5431 -4.3453e-21)
(0.850375 1.50301 -4.55044e-19)
(0.786203 1.46528 2.72044e-19)
(0.713968 1.43114 2.31867e-19)
(0.631492 1.4034 1.15944e-19)
(0.537707 1.3911 2.30584e-20)
(0.477543 1.50416 1.03357e-19)
(0.670712 2.76768 -4.3576e-20)
(0.835022 3.54933 0)
(0.818243 3.53748 -5.15595e-20)
(0.66207 2.97697 -3.91383e-19)
(0.120613 0.444859 -2.61014e-19)
(-0.0948145 -0.175359 -3.11839e-19)
(-0.0954202 -0.180221 9.20372e-20)
(-0.0644987 -0.114246 -5.39674e-20)
(-0.0164453 -0.0270405 3.07482e-22)
(0.186868 0.309964 0)
(0.820234 1.36321 -3.85629e-19)
(0.931665 1.57841 -2.97962e-19)
(0.927211 1.60974 9.95646e-21)
(0.883197 1.57942 -1.54084e-19)
(0.827708 1.53875 -3.56207e-19)
(0.766659 1.50098 1.06612e-19)
(0.69796 1.46752 -5.71846e-20)
(0.619742 1.44135 1.26798e-19)
(0.532607 1.43361 -5.41542e-20)
(0.502214 1.63026 4.40934e-20)
(0.747876 3.07455 -7.40725e-21)
(0.871645 3.55613 1.63458e-19)
(0.824393 3.44769 -8.10162e-21)
(0.545662 2.3876 -1.9945e-19)
(0.00698805 -0.0181664 -3.67295e-19)
(-0.0945794 -0.204726 0)
(-0.0850655 -0.171603 0)
(-0.0514827 -0.0991408 9.02343e-19)
(-0.0121751 -0.0214885 -5.78629e-20)
(0.175258 0.310029 -2.2915e-19)
(0.789557 1.39271 -3.74414e-19)
(0.900228 1.6151 2.87794e-19)
(0.896929 1.64743 0)
(0.85555 1.6162 -2.75338e-19)
(0.803415 1.57494 0)
(0.746008 1.53712 -3.76553e-19)
(0.681429 1.50429 -7.70769e-20)
(0.6081 1.47969 4.19708e-20)
(0.528836 1.47726 -1.18429e-19)
(0.535565 1.77907 1.07204e-20)
(0.812369 3.28115 0)
(0.899893 3.55364 -1.41344e-19)
(0.807044 3.28478 4.77238e-21)
(0.359764 1.53 0)
(-0.142495 -0.107744 -4.95019e-21)
(-0.13061 -0.210133 3.38461e-19)
(-0.0902892 -0.167214 -3.15415e-19)
(-0.0482554 -0.0906295 9.34618e-20)
(-0.010366 -0.018875 0)
(0.160686 0.307063 2.26549e-19)
(0.753857 1.41872 -3.58269e-19)
(0.86505 1.65064 2.79182e-19)
(0.863736 1.68479 3.94011e-19)
(0.82566 1.65293 0)
(0.777408 1.61112 -2.02502e-19)
(0.724201 1.57323 3.64124e-19)
(0.664342 1.54097 1.39073e-19)
(0.596554 1.51789 0)
(0.52612 1.52256 -3.11363e-19)
(0.574521 1.94377 1.62488e-19)
(0.863719 3.40314 0)
(0.91984 3.54002 1.86424e-19)
(0.762982 3.04207 -4.53129e-21)
(0.192759 0.604264 -2.70699e-19)
(-0.0897005 -0.169546 1.08468e-19)
(-0.109863 -0.239498 2.53974e-19)
(-0.0752869 -0.174667 3.71236e-19)
(-0.036403 -0.0829629 0)
(-0.00751606 -0.0155046 -7.50921e-19)
(0.144137 0.299044 0)
(0.712616 1.43862 -6.80166e-19)
(0.825543 1.68382 -5.28999e-19)
(0.827469 1.72084 -3.90839e-19)
(0.793426 1.68891 -2.8048e-19)
(0.749643 1.64665 0)
(0.701191 1.60876 -1.35997e-19)
(0.646652 1.57697 -1.02557e-20)
(0.58504 1.55521 3.1743e-19)
(0.524067 1.56937 -3.31258e-20)
(0.615621 2.11301 -1.0452e-19)
(0.902997 3.46964 6.72253e-20)
(0.929808 3.50924 -1.82291e-21)
(0.695 2.72203 1.37207e-19)
(0.0343338 0.174022 2.68346e-19)
(-0.120016 -0.231434 -2.08907e-19)
(-0.103694 -0.274289 2.37461e-19)
(-0.0517464 -0.176412 6.9423e-20)
(-0.0129874 -0.0604621 -4.11486e-20)
(-0.000698451 -0.00433197 -7.51412e-19)
(0.12526 0.285226 1.05554e-18)
(0.665106 1.4499 -6.6849e-19)
(0.781272 1.71267 2.83993e-19)
(0.787978 1.75453 3.77125e-19)
(0.758851 1.72333 0)
(0.720129 1.68081 3.70765e-21)
(0.676956 1.64304 -2.47758e-19)
(0.62828 1.61168 -8.36075e-20)
(0.573417 1.59099 -1.80044e-19)
(0.522665 1.61631 -8.25019e-21)
(0.655619 2.27473 -1.73342e-19)
(0.932352 3.50429 1.70931e-19)
(0.92846 3.46274 -1.10583e-19)
(0.610575 2.36796 1.41279e-19)
(0.0113195 0.0350447 -1.73154e-19)
(-0.0819845 -0.37436 -1.00536e-19)
(-0.0495362 -0.336438 -2.26362e-22)
(0.00651886 -0.150841 -2.70119e-19)
(0.0366324 0.0126219 -4.07904e-20)
(0.015974 0.0310927 0)
(0.104022 0.264039 -1.01503e-19)
(0.61042 1.44836 1.57017e-19)
(0.731875 1.73455 2.49175e-19)
(0.745447 1.78434 5.51853e-19)
(0.722137 1.7552 -5.47219e-19)
(0.688971 1.71281 3.92615e-19)
(0.651558 1.67536 2.61354e-19)
(0.609159 1.64445 -2.63379e-19)
(0.561533 1.62466 5.39427e-20)
(0.521478 1.66082 -3.26224e-19)
(0.691275 2.42077 -7.30145e-20)
(0.954171 3.52198 0)
(0.922166 3.40981 1.13658e-19)
(0.523544 2.04052 0)
(-0.0475593 -0.156015 1.6201e-19)
(-0.0813944 -0.431419 -1.97329e-19)
(-0.039254 -0.29266 -5.79989e-20)
(0.00544891 -0.0316953 7.04129e-20)
(0.0392997 0.12243 0)
(0.0172618 0.0504873 -4.55724e-20)
(0.0816438 0.232768 1.17866e-21)
(0.549197 1.42755 -1.49753e-19)
(0.677699 1.74616 -4.74107e-19)
(0.700383 1.80863 1.86847e-19)
(0.683805 1.78346 -1.29787e-19)
(0.656479 1.74178 0)
(0.625094 1.70495 -1.36827e-19)
(0.589317 1.67463 -1.8008e-19)
(0.54915 1.65561 -1.30859e-19)
(0.519038 1.69993 0)
(0.716624 2.52735 0)
(0.97171 3.5302 -8.90622e-20)
(0.92291 3.36587 1.19677e-19)
(0.458588 1.78388 -8.49014e-20)
(-0.141367 -0.259136 -3.39649e-19)
(-0.15747 -0.412449 1.88918e-19)
(-0.0848855 -0.170236 5.36294e-20)
(-0.023358 0.0275132 0)
(0.00231419 0.0564658 -6.0371e-19)
(-0.00175034 -0.00137575 -2.19594e-20)
(0.058276 0.187426 -7.03824e-19)
(0.483148 1.37891 1.40727e-19)
(0.620734 1.74256 -1.0914e-19)
(0.653451 1.82572 -3.41651e-19)
(0.644844 1.80735 -2.54855e-19)
(0.62314 1.76679 -6.24941e-21)
(0.597864 1.73106 -1.26833e-19)
(0.568789 1.70162 1.81066e-19)
(0.536009 1.68318 -2.59817e-19)
(0.513482 1.72994 0)
(0.725871 2.57929 -7.70076e-20)
(0.984916 3.53125 -8.66998e-20)
(0.947645 3.33365 -1.11095e-19)
(0.491176 1.70659 0)
(-0.131611 -0.310861 -8.58268e-20)
(-0.14514 -0.453596 -1.87696e-19)
(-0.0472808 -0.198565 4.44856e-19)
(0.0173282 0.0027879 -4.29103e-19)
(0.0185998 0.0312386 5.99793e-19)
(-0.000167755 -0.00366588 -6.14671e-19)
(0.0359763 0.133858 -8.07381e-20)
(0.410843 1.29074 0)
(0.561931 1.71754 7.08388e-19)
(0.606033 1.83254 2.30691e-19)
(0.60617 1.82587 2.29126e-19)
(0.589728 1.78721 0)
(0.570259 1.75308 1.25269e-19)
(0.547697 1.72493 1.83267e-19)
(0.521987 1.70664 1.32857e-19)
(0.504366 1.75122 2.77171e-19)
(0.716297 2.5842 0)
(0.976536 3.52053 -8.05589e-20)
(0.947154 3.29909 -7.7187e-20)
(0.573057 1.7554 -5.62374e-20)
(-0.00623889 -0.269782 3.05649e-19)
(-0.0890517 -0.458734 3.63001e-20)
(-0.0266597 -0.233023 1.58913e-19)
(0.0384346 0.0306017 -7.59947e-19)
(0.0385964 0.0917008 2.88777e-20)
(0.0092775 0.0290617 -1.56897e-20)
(0.0178659 0.0786902 1.07268e-18)
(0.331156 1.14422 -4.73664e-19)
(0.500862 1.66085 -2.79705e-19)
(0.559015 1.82525 7.1379e-20)
(0.568112 1.83621 -1.11743e-19)
(0.557222 1.80279 3.25916e-19)
(0.542752 1.77077 -4.97345e-21)
(0.52623 1.7444 0)
(0.506812 1.72594 -2.5474e-19)
(0.493646 1.76379 0)
(0.679479 2.53811 0)
(0.937116 3.50504 -7.23739e-20)
(0.88166 3.30616 -2.27196e-20)
(0.524227 1.82897 1.48313e-21)
(-0.0597761 -0.0691867 0)
(-0.159596 -0.416169 0)
(-0.0966823 -0.288974 -9.85931e-20)
(0.0084552 0.0370674 2.06413e-20)
(0.0352399 0.139028 -2.1143e-19)
(0.0173999 0.0767342 -1.51344e-20)
(0.00558278 0.030536 0)
(0.238303 0.905186 5.33057e-20)
(0.435912 1.5549 0)
(0.514068 1.7988 -1.30415e-19)
(0.53229 1.83756 0)
(0.52661 1.81402 -1.56142e-19)
(0.515996 1.78438 5.74554e-20)
(0.504489 1.7603 -8.46373e-20)
(0.490483 1.74147 2.14346e-21)
(0.479459 1.7695 4.53143e-20)
(0.627912 2.43661 1.54933e-19)
(0.875485 3.51148 4.39156e-21)
(0.8002 3.42642 -4.23224e-20)
(0.469614 2.0804 -3.26364e-20)
(-0.0904654 0.287081 7.74985e-20)
(-0.294164 -0.429526 -1.32302e-19)
(-0.261297 -0.531393 -1.89888e-20)
(-0.0968434 -0.192458 0)
(0.00183566 0.0800767 2.50115e-21)
(0.0134533 0.0938729 0)
(8.20444e-05 -0.00358995 2.11618e-19)
(0.13829 0.576079 -4.98507e-22)
(0.356474 1.3536 1.8877e-20)
(0.468743 1.73997 0)
(0.498291 1.83021 -6.93657e-20)
(0.498791 1.82386 -7.1095e-20)
(0.490473 1.79482 -2.70246e-20)
(0.48262 1.77276 -7.84779e-20)
(0.47436 1.75231 0)
(0.466111 1.77205 8.4142e-20)
(0.57893 2.24739 5.29806e-22)
(0.893317 3.49394 1.95209e-20)
(0.89119 3.61194 9.22134e-20)
(0.618939 2.78938 2.05428e-19)
(0.00725021 0.928726 0)
(-0.33382 -0.2021 2.59593e-19)
(-0.434652 -0.723172 3.21928e-19)
(-0.355862 -0.726985 3.60211e-19)
(-0.105557 -0.150212 -3.91383e-19)
(0.00402412 0.0668214 4.54717e-19)
(-0.000785902 -0.0224615 1.08096e-19)
(0.0542606 0.232546 1.06816e-20)
(0.240735 0.980577 7.76767e-20)
(0.408525 1.60137 0)
(0.463704 1.80362 0)
(0.470686 1.82376 -4.92134e-20)
(0.465708 1.80419 -2.48274e-20)
(0.459975 1.78105 0)
(0.455449 1.75803 7.79326e-34)
(0.462095 1.76028 1.94182e-20)
(0.535577 2.01745 0)
(0.932077 3.28298 2.50687e-20)
(1.08544 3.58658 -2.46915e-20)
(1.11075 3.37713 5.33817e-20)
(0.779622 2.15419 -2.26232e-20)
(0.311266 0.648475 -1.34999e-20)
(-0.045495 -0.421894 0)
(-0.285478 -1.23449 7.49679e-21)
(-0.24028 -1.47701 7.63875e-21)
(-0.0532561 -0.541372 1.4572e-19)
(0.000166633 -0.0479589 0)
(0.0167891 0.0277239 0)
(0.108997 0.469249 0)
(0.31273 1.30841 0)
(0.420237 1.73279 0)
(0.442505 1.81796 0)
(0.441767 1.81378 0)
(0.435533 1.78514 0)
(0.434375 1.75703 0)
(0.449123 1.74381 0)
(0.480388 1.86705 0)
(0.857357 2.91725 0)
(1.10167 3.43293 0)
(1.16665 3.34321 0)
(1.13331 2.82087 0)
(0.801639 1.52936 0)
(0.478677 0.43471 0)
(0.274033 -0.473821 0)
(0.0922631 -1.22134 0)
(-0.0123002 -0.910214 0)
(-0.00020211 -0.0558207 0)
(0.00505756 -0.0496705 0)
(0.038693 0.15095 0)
(0.199079 0.894271 0)
(0.361614 1.58886 0)
(0.41139 1.79983 0)
(0.414111 1.81579 0)
(0.409625 1.78758 0)
(0.410814 1.75435 0)
(0.421852 1.73023 0)
(0.452286 1.78541 0)
(0.69533 2.53007 0)
(0.994201 3.29956 0)
(1.05712 3.27879 0)
(1.06804 3.00035 0)
(0.874641 2.15692 0)
(0.571499 1.06605 0)
(0.354976 0.144246 0)
(0.159008 -0.700528 0)
(0.0224372 -0.669665 0)
(-0.000868716 -0.0540071 0)
(-0.000681563 -0.0760893 0)
(0.0150491 0.0142694 0)
(0.0974753 0.47353 0)
(0.288604 1.36315 0)
(0.374361 1.75506 0)
(0.383466 1.81111 0)
(0.382409 1.78996 0)
(0.380027 1.75412 0)
(0.38877 1.71419 0)
(0.422877 1.7304 0)
(0.526236 2.16976 0)
(0.815601 3.1411 0)
(0.858795 3.22366 0)
(0.855196 3.08179 0)
(0.74605 2.55561 0)
(0.534002 1.5892 0)
(0.334011 0.731175 0)
(0.152548 -0.111035 0)
(0.0234357 -0.288168 0)
(-0.000767965 -0.0476439 0)
(-0.000831069 -0.085133 0)
(0.0076035 -0.0517436 0)
(0.0429416 0.193114 0)
(0.209416 1.07279 0)
(0.329546 1.67508 0)
(0.350111 1.80232 0)
(0.350194 1.79507 0)
(0.345299 1.75347 0)
(0.348981 1.69868 0)
(0.369181 1.69522 0)
(0.410974 1.95993 0)
(0.631076 2.9893 0)
(0.651573 3.22003 0)
(0.622061 3.17806 0)
(0.533274 2.86692 0)
(0.356811 2.01919 0)
(0.204033 1.21102 0)
(0.0883633 0.354147 0)
(0.00740206 -0.0057029 0)
(0.000195718 -0.04757 0)
(0.00133921 -0.0965095 0)
(0.00968731 -0.0920672 0)
(0.0354274 0.0658918 0)
(0.139395 0.759236 0)
(0.277953 1.56029 0)
(0.313044 1.78961 0)
(0.312261 1.79866 0)
(0.30775 1.7531 0)
(0.301042 1.69391 0)
(0.312916 1.67452 0)
(0.323331 1.86247 0)
(0.488698 2.86706 0)
(0.514141 3.25212 0)
(0.480069 3.28231 0)
(0.42693 3.13108 0)
(0.285582 2.40269 0)
(0.166809 1.54426 0)
(0.0739623 0.677309 0)
(0.00355039 0.12741 0)
(-0.00336732 -0.0388002 0)
(-0.0146027 -0.0976261 0)
(-0.0119553 -0.135741 0)
(0.0209607 -0.0302142 0)
(0.0835822 0.501202 0)
(0.218987 1.42451 0)
(0.269752 1.77076 0)
(0.271147 1.80102 0)
(0.263637 1.75777 0)
(0.250328 1.69382 0)
(0.255226 1.66487 0)
(0.251211 1.81036 0)
(0.376697 2.76931 0)
(0.418969 3.25805 0)
(0.40081 3.32072 0)
(0.389683 3.2398 0)
(0.320962 2.68796 0)
(0.21545 1.83486 0)
(0.104464 1.02105 0)
(0.00858426 0.295711 0)
(-0.0124059 0.0371767 0)
(-0.0489904 -0.0350903 0)
(-0.0664801 -0.150635 0)
(-0.0559945 -0.130669 0)
(0.0172761 0.330952 0)
(0.152302 1.28435 0)
(0.224346 1.74293 0)
(0.228522 1.80614 0)
(0.216771 1.76827 0)
(0.200965 1.70032 0)
(0.195662 1.66554 0)
(0.181034 1.77257 0)
(0.283594 2.67081 0)
(0.338035 3.24756 0)
(0.325774 3.32948 0)
(0.323308 3.27425 0)
(0.294019 2.87606 0)
(0.207122 2.12327 0)
(0.0990622 1.41566 0)
(0.00607323 0.508682 0)
(-0.00826594 0.145148 0)
(-0.0267711 0.0709299 0)
(-0.0152022 -0.135916 0)
(0.010604 -0.163685 0)
(0.0143088 0.115555 0)
(0.130037 1.12671 0)
(0.197522 1.70919 0)
(0.187276 1.81536 0)
(0.168844 1.78182 0)
(0.149987 1.71061 0)
(0.1361 1.67465 0)
(0.125325 1.75656 0)
(0.19644 2.57102 0)
(0.256325 3.22425 0)
(0.249341 3.33795 0)
(0.24188 3.30379 0)
(0.217564 3.00586 0)
(0.150201 2.37964 0)
(0.0626901 1.77016 0)
(-7.8096e-06 0.648228 0)
(0.00428776 0.143694 0)
(0.0810359 -0.0781223 0)
(0.208981 -0.337072 0)
(0.278047 -0.259484 0)
(0.253502 0.200384 0)
(0.176214 0.977147 0)
(0.183673 1.70594 0)
(0.144321 1.83466 0)
(0.116664 1.79719 0)
(0.0981416 1.72213 0)
(0.0832123 1.68504 0)
(0.0747093 1.75086 0)
(0.116738 2.46017 0)
(0.18387 3.20186 0)
(0.172629 3.35408 0)
(0.162866 3.34124 0)
(0.139473 3.10567 0)
(0.0882257 2.57724 0)
(0.0249633 2.02151 0)
(-0.00226185 0.684664 0)
(0.0374403 -0.131338 0)
(0.187306 -0.608056 0)
(0.283215 -0.605648 0)
(0.292019 -0.225859 0)
(0.236374 0.379751 0)
(0.142666 1.03029 0)
(0.114118 1.74802 0)
(0.0721608 1.86925 0)
(0.0545135 1.81328 0)
(0.0459683 1.73131 0)
(0.0393028 1.6936 0)
(0.0339859 1.75871 0)
(0.052162 2.35982 0)
(0.117803 3.17673 0)
(0.106463 3.37237 0)
(0.0940204 3.37942 0)
(0.0720109 3.18113 0)
(0.0369048 2.71935 0)
(-0.00406099 2.16849 0)
(-0.00381646 0.656548 0)
(0.0517186 -0.586631 0)
(0.123218 -0.868611 0)
(0.132046 -0.606131 0)
(0.10201 -0.118807 0)
(0.0630343 0.480085 0)
(-0.00290949 1.14115 0)
(-0.0354043 1.79615 0)
(-0.0364057 1.89069 0)
(-0.021775 1.81794 0)
(-0.00527777 1.73293 0)
(0.00447377 1.69831 0)
(0.0058276 1.76636 0)
(0.00987497 2.28412 0)
(0.0588456 3.15637 0)
(0.0511594 3.39204 0)
(0.0350724 3.41538 0)
(0.0171635 3.23495 0)
(-0.00632655 2.81575 0)
(-0.025608 2.19431 0)
(-0.00349638 0.596116 0)
(0.0266898 -0.809753 0)
(0.0271584 -0.892647 0)
(-0.00598119 -0.52838 0)
(-0.0543307 -0.023093 0)
(-0.106642 0.564147 0)
(-0.174918 1.24093 0)
(-0.201698 1.79991 0)
(-0.155962 1.86282 0)
(-0.0994384 1.79366 0)
(-0.0529373 1.71527 0)
(-0.0231317 1.69061 0)
(-0.0119465 1.76659 0)
(-0.011993 2.24562 0)
(0.00894112 3.14568 0)
(0.00177867 3.41317 0)
(-0.0146274 3.44958 0)
(-0.0282972 3.27149 0)
(-0.0413848 2.86868 0)
(-0.0358633 2.14523 0)
(-0.00247762 0.52791 0)
(-0.00285812 -0.806515 0)
(-0.0576177 -0.744375 0)
(-0.129047 -0.375074 0)
(-0.205931 0.124515 0)
(-0.286337 0.710432 0)
(-0.362701 1.36977 0)
(-0.335771 1.72717 0)
(-0.246033 1.78109 0)
(-0.16162 1.73389 0)
(-0.0892079 1.6779 0)
(-0.0422745 1.67077 0)
(-0.0216797 1.7585 0)
(-0.0280761 2.24436 0)
(-0.0280458 3.14807 0)
(-0.0375335 3.43548 0)
(-0.0532933 3.47992 0)
(-0.0636075 3.29096 0)
(-0.067096 2.87214 0)
(-0.0384918 2.00655 0)
(-0.00253293 0.46423 0)
(-0.0290583 -0.60057 0)
(-0.122541 -0.474724 0)
(-0.228386 -0.129012 0)
(-0.334404 0.335015 0)
(-0.425927 0.876463 0)
(-0.460388 1.37745 0)
(-0.393397 1.61031 0)
(-0.291415 1.66688 0)
(-0.193373 1.65309 0)
(-0.10976 1.62582 0)
(-0.0532755 1.63974 0)
(-0.0258668 1.74579 0)
(-0.037202 2.268 0)
(-0.0527813 3.16015 0)
(-0.0633383 3.45732 0)
(-0.0777043 3.50372 0)
(-0.0827367 3.29615 0)
(-0.0748268 2.82574 0)
(-0.0317732 1.84325 0)
(-0.00240652 0.406845 0)
(-0.0372936 -0.308872 0)
(-0.136421 -0.148076 0)
(-0.245634 0.158453 0)
(-0.352566 0.548789 0)
(-0.43002 0.973007 0)
(-0.435118 1.31234 0)
(-0.369653 1.48443 0)
(-0.284028 1.55392 0)
(-0.194865 1.56988 0)
(-0.11458 1.56797 0)
(-0.0559193 1.60261 0)
(-0.0250803 1.7337 0)
(-0.0370953 2.304 0)
(-0.0609189 3.17802 0)
(-0.0715514 3.47892 0)
(-0.0816833 3.52008 0)
(-0.0819032 3.28666 0)
(-0.0628007 2.73936 0)
(-0.0225115 1.70607 0)
(-0.001961 0.359594 0)
(-0.0296318 -0.0301922 0)
(-0.110969 0.157459 0)
(-0.201324 0.419651 0)
(-0.286246 0.731207 0)
(-0.342583 1.04081 0)
(-0.343201 1.2671 0)
(-0.306898 1.40583 0)
(-0.244097 1.46969 0)
(-0.175861 1.49799 0)
(-0.10709 1.51311 0)
(-0.0505989 1.563 0)
(-0.0146013 1.71768 0)
(-0.0278564 2.34407 0)
(-0.0547012 3.19753 0)
(-0.065419 3.49463 0)
(-0.0708575 3.52662 0)
(-0.067457 3.26133 0)
(-0.042916 2.64282 0)
(-0.0141322 1.61371 0)
(-0.001291 0.325318 0)
(-0.0174254 0.170248 0)
(-0.0720525 0.393165 0)
(-0.137064 0.621653 0)
(-0.198189 0.869894 0)
(-0.239284 1.09421 0)
(-0.245719 1.24955 0)
(-0.233167 1.36178 0)
(-0.196093 1.41489 0)
(-0.148719 1.4456 0)
(-0.0948721 1.46596 0)
(-0.0418903 1.52151 0)
(0.00100345 1.69816 0)
(-0.0156504 2.38955 0)
(-0.0445391 3.21803 0)
(-0.052625 3.50645 0)
(-0.0540094 3.5248 0)
(-0.0468185 3.2263 0)
(-0.0250033 2.56459 0)
(-0.00863893 1.56027 0)
(-0.000697167 0.303885 0)
(-0.00769439 0.284299 0)
(-0.0388253 0.551895 0)
(-0.0819584 0.764084 0)
(-0.124446 0.969361 0)
(-0.155244 1.14025 0)
(-0.16785 1.25573 0)
(-0.168328 1.34195 0)
(-0.150423 1.38238 0)
(-0.121712 1.40907 0)
(-0.0840082 1.42827 0)
(-0.0389119 1.48015 0)
(0.00261843 1.67619 0)
(-0.0142191 2.44067 0)
(-0.0438193 3.23605 0)
(-0.0444302 3.50717 0)
(-0.0407798 3.51679 0)
(-0.0316255 3.19245 0)
(-0.0156196 2.51449 0)
(-0.00677791 1.52823 0)
(-0.0003838 0.290493 0)
(-0.00225522 0.334959 0)
(-0.0166542 0.645451 0)
(-0.0430946 0.859416 0)
(-0.0724269 1.04032 0)
(-0.0961546 1.18015 0)
(-0.110841 1.27233 0)
(-0.117714 1.33792 0)
(-0.11352 1.36797 0)
(-0.0993432 1.38854 0)
(-0.0767483 1.40222 0)
(-0.0460557 1.44767 0)
(-0.0223513 1.65914 0)
(-0.0356024 2.491 0)
(-0.0572754 3.2431 0)
(-0.0486604 3.49617 0)
(-0.035202 3.49639 0)
(-0.0234362 3.16177 0)
(-0.0121642 2.48573 0)
(-0.0062265 1.50203 0)
(-0.000238797 0.280505 0)
(0.000235376 0.348744 0)
(-0.00374352 0.691769 0)
(-0.0181874 0.920277 0)
(-0.038087 1.09153 0)
(-0.0567136 1.21422 0)
(-0.0713269 1.29228 0)
(-0.080988 1.34327 0)
(-0.0852879 1.36522 0)
(-0.0821022 1.38037 0)
(-0.073854 1.38888 0)
(-0.0643084 1.43329 0)
(-0.0641087 1.65579 0)
(-0.0703728 2.52519 0)
(-0.0764167 3.23121 0)
(-0.0572248 3.46855 0)
(-0.0356123 3.46473 0)
(-0.0203246 3.13333 0)
(-0.011701 2.46787 0)
(-0.00582935 1.47528 0)
(-0.000148215 0.272468 0)
(0.0012004 0.345195 0)
(0.00256298 0.707443 0)
(-0.00355261 0.956317 0)
(-0.0163763 1.12857 0)
(-0.0310377 1.24317 0)
(-0.0446546 1.31233 0)
(-0.0553531 1.35343 0)
(-0.0641299 1.36963 0)
(-0.0683792 1.38101 0)
(-0.0719948 1.38849 0)
(-0.0802016 1.43964 0)
(-0.100139 1.66373 0)
(-0.0923959 2.52809 0)
(-0.0833313 3.20307 0)
(-0.0589437 3.42785 0)
(-0.0345789 3.42348 0)
(-0.017658 3.10473 0)
(-0.0108692 2.45384 0)
(-0.00495904 1.44759 0)
(-4.3883e-05 0.26612 0)
(0.00144122 0.333713 0)
(0.00526454 0.705177 0)
(0.00454562 0.974323 0)
(-0.003071 1.15454 0)
(-0.0143529 1.26749 0)
(-0.0264738 1.33149 0)
(-0.0372096 1.36614 0)
(-0.0476954 1.37869 0)
(-0.0561146 1.38788 0)
(-0.0660078 1.3972 0)
(-0.0858051 1.4581 0)
(-0.113046 1.67694 0)
(-0.094288 2.50202 0)
(-0.0727638 3.1687 0)
(-0.0494245 3.38482 0)
(-0.0274339 3.3815 0)
(-0.0124415 3.07994 0)
(-0.00906004 2.44418 0)
(-0.00363758 1.42174 0)
(9.41149e-05 0.262124 0)
(0.0013977 0.320298 0)
(0.00618832 0.693199 0)
(0.00851523 0.980372 0)
(0.00469692 1.17186 0)
(-0.00357884 1.28726 0)
(-0.0139269 1.34886 0)
(-0.0241017 1.37908 0)
(-0.0345806 1.38926 0)
(-0.0444368 1.39715 0)
(-0.0573067 1.40886 0)
(-0.0787549 1.47858 0)
(-0.101897 1.6896 0)
(-0.0777813 2.44257 0)
(-0.0481884 3.14053 0)
(-0.0310009 3.35083 0)
(-0.0157019 3.34822 0)
(-0.00621114 3.06444 0)
(-0.00707144 2.4405 0)
(-0.00235105 1.39975 0)
(0.000250014 0.26116 0)
(0.00122846 0.307108 0)
(0.00595234 0.677213 0)
(0.0098668 0.97829 0)
(0.00871329 1.18256 0)
(0.00289618 1.30284 0)
(-0.00546611 1.36398 0)
(-0.0144402 1.39137 0)
(-0.0236881 1.3998 0)
(-0.0329805 1.40689 0)
(-0.0445764 1.41968 0)
(-0.0606888 1.49324 0)
(-0.0750103 1.69725 0)
(-0.0549366 2.37584 0)
(-0.0187354 3.12195 0)
(-0.0108382 3.33126 0)
(-0.00481249 3.3303 0)
(-0.00372924 3.06357 0)
(-0.00674262 2.44059 0)
(-0.00181868 1.38087 0)
(0.000344889 0.262506 0)
(0.00102466 0.295112 0)
(0.00530864 0.660399 0)
(0.00991675 0.971577 0)
(0.0105177 1.18823 0)
(0.00657098 1.31466 0)
(0.000119745 1.37663 0)
(-0.00730987 1.40228 0)
(-0.0146893 1.40906 0)
(-0.0215602 1.41448 0)
(-0.0283969 1.42669 0)
(-0.0344313 1.49973 0)
(-0.0371639 1.70005 0)
(-0.0285658 2.31863 0)
(0.00629184 3.10897 0)
(0.00441376 3.32962 0)
(0.000413445 3.33149 0)
(-0.00380672 3.07346 0)
(-0.00841628 2.43955 0)
(-0.00211866 1.36141 0)
(0.000374119 0.264558 0)
(0.000215515 0.100611 0)
(0.00260261 0.466705 0)
(0.00705043 0.812043 0)
(0.0104578 1.08981 0)
(0.00995289 1.26915 0)
(0.00600527 1.3623 0)
(0.00052637 1.40356 0)
(-0.00489703 1.41528 0)
(-0.00918242 1.41582 0)
(-0.0113631 1.42248 0)
(-0.0077952 1.44993 0)
(0.00288464 1.57746 0)
(0.00313802 1.9225 0)
(0.0124295 2.76859 0)
(0.016244 3.26901 0)
(0.00498451 3.37063 0)
(-0.00542794 3.26312 0)
(-0.0134445 2.81893 0)
(-0.00847967 1.90098 0)
(-0.000296979 0.263805 0)
(0.112361 2.65184 -3.78619e-22)
(0.114821 3.5324 0)
(0.112789 3.58047 8.47925e-20)
(0.113622 3.52452 -2.14456e-19)
(0.106614 3.48037 2.53261e-19)
(0.0970661 3.45527 6.49851e-19)
(0.0890854 3.43763 -7.57513e-19)
(0.0793164 3.40385 -3.65868e-19)
(0.0517816 2.97948 -3.69292e-19)
(0.0123646 0.744218 1.59682e-21)
(0.0619523 2.35629 -1.11839e-19)
(0.0581084 3.42436 -1.68677e-19)
(0.0650597 3.53097 0)
(0.0684187 3.49038 5.41799e-19)
(0.0673154 3.45646 -3.1314e-19)
(0.0641202 3.43782 3.73935e-19)
(0.0606385 3.42755 -1.23405e-20)
(0.0561879 3.41117 -4.20182e-19)
(0.0436359 3.04772 -4.47177e-19)
(-0.00723909 0.834323 -7.89981e-21)
(0.0405901 2.25595 3.68879e-19)
(0.0311313 3.3767 3.40317e-21)
(0.0341928 3.49446 -3.01935e-19)
(0.0390531 3.46192 1.04028e-20)
(0.0412343 3.43498 4.86308e-22)
(0.0422121 3.42161 0)
(0.0437804 3.4165 -4.30402e-19)
(0.046036 3.40885 -4.49454e-19)
(0.0395557 3.08441 4.67089e-19)
(-0.0104879 0.877012 4.77178e-19)
(0.0248927 2.21812 1.33126e-19)
(0.0124422 3.35047 -4.37089e-19)
(0.0132793 3.46519 -3.21083e-19)
(0.0194885 3.43709 1.17225e-20)
(0.0243535 3.41482 -2.0425e-19)
(0.0287397 3.40487 -2.04441e-19)
(0.0341731 3.40272 -2.29374e-19)
(0.040208 3.40065 7.47081e-21)
(0.0373712 3.1148 2.34677e-19)
(-0.0120819 0.918179 6.22479e-21)
(0.0138138 2.21663 -1.58487e-19)
(-0.00293012 3.33766 1.195e-20)
(-0.00054683 3.43962 3.78615e-19)
(0.00668953 3.41401 2.12263e-19)
(0.0137357 3.39469 0)
(0.0207097 3.38668 1.42402e-20)
(0.028707 3.38624 6.99641e-21)
(0.0371742 3.3886 -2.56366e-19)
(0.0376895 3.14047 -8.07215e-21)
(-0.0129617 0.961171 2.65382e-19)
(0.00713124 2.2472 1.95747e-19)
(-0.0146401 3.33142 6.04893e-21)
(-0.0099755 3.41581 -2.18364e-19)
(-0.00173962 3.39111 -2.14609e-19)
(0.00690525 3.3735 2.16629e-19)
(0.0159284 3.36648 -2.2788e-19)
(0.0259445 3.3671 0)
(0.0365337 3.37306 -5.38599e-19)
(0.0406549 3.16238 2.76812e-19)
(-0.0129251 1.0125 -5.71449e-19)
(-0.000217538 2.30064 3.27835e-21)
(-0.0236888 3.32766 0)
(-0.0175466 3.39233 -2.25084e-19)
(-0.0079725 3.36704 0)
(0.00219852 3.35021 -2.61429e-19)
(0.0131306 3.34357 0)
(0.0251405 3.34477 -2.81361e-20)
(0.0379706 3.35361 -2.84331e-19)
(0.0460857 3.18062 -4.64704e-21)
(-0.0115447 1.07892 3.02397e-19)
(-0.00851788 2.37321 1.76743e-21)
(-0.032342 3.32304 -2.53298e-19)
(-0.02469 3.36674 2.60924e-19)
(-0.0134464 3.34021 0)
(-0.00148059 3.32353 0)
(0.0115666 3.31689 0)
(0.0258122 3.31839 -3.09876e-19)
(0.0412576 3.32952 6.72795e-23)
(0.0536681 3.19386 -3.22096e-19)
(-0.0083192 1.16482 3.39424e-19)
(-0.0202615 2.46331 3.93407e-21)
(-0.0422209 3.31385 1.30074e-20)
(-0.0324824 3.33637 2.60626e-19)
(-0.0188843 3.30871 0)
(-0.00456139 3.29198 0)
(0.0109376 3.28535 1.98129e-20)
(0.0276894 3.28713 3.0799e-19)
(0.046069 3.3001 3.50366e-19)
(0.0627248 3.20129 3.302e-19)
(-0.00242331 1.27889 0)
(-0.0368464 2.56992 5.52697e-19)
(-0.0535331 3.29605 -1.45902e-22)
(-0.0409507 3.299 1.46985e-19)
(-0.0243263 3.27112 2.93579e-19)
(-0.00704495 3.25475 2.15876e-22)
(0.0112151 3.24845 -3.20249e-19)
(0.0305132 3.25066 3.77974e-19)
(0.0516156 3.26495 5.47615e-19)
(0.0714604 3.20094 -6.03157e-21)
(0.00629181 1.42736 1.94495e-19)
(-0.0574786 2.68957 -1.59421e-19)
(-0.0648993 3.26666 1.5717e-19)
(-0.0485511 3.25386 3.59875e-19)
(-0.0289171 3.2278 2.23704e-20)
(-0.00876161 3.21269 0)
(0.0118475 3.20711 -1.88271e-19)
(0.0333771 3.20961 -2.04464e-19)
(0.0565005 3.22426 -1.281e-20)
(0.0786132 3.19116 0)
(0.0173559 1.61326 -4.37598e-19)
(-0.0778397 2.81267 -5.40168e-21)
(-0.0732382 3.22573 -1.11986e-20)
(-0.0530113 3.20356 -1.84421e-19)
(-0.0311173 3.18062 -2.26127e-19)
(-0.00954951 3.16738 2.34082e-19)
(0.01192 3.16276 4.4902e-19)
(0.0345152 3.16557 -2.23709e-19)
(0.0586695 3.17968 -1.40422e-20)
(0.0825356 3.17192 -7.2779e-21)
(0.0296862 1.8357 -4.80711e-19)
(-0.0913543 2.92667 3.52524e-23)
(-0.0752149 3.17757 -1.92378e-19)
(-0.0531485 3.15084 2.03693e-19)
(-0.0313627 3.13032 0)
(-0.00964824 3.11845 -5.58562e-20)
(0.0121289 3.11512 2.88233e-20)
(0.0344252 3.11929 -1.21905e-19)
(0.0572598 3.13372 -2.57273e-19)
(0.0812159 3.14467 -1.59422e-20)
(0.0401268 2.09275 0)
(-0.0942775 3.01576 6.4613e-21)
(-0.0734288 3.12383 -1.36901e-20)
(-0.0529563 3.09451 1.17264e-19)
(-0.0316817 3.07641 1.15554e-19)
(-0.0094002 3.06693 9.36675e-20)
(0.0129855 3.06517 0)
(0.0351897 3.06996 0)
(0.0563513 3.08474 1.53654e-19)
(0.0780184 3.10953 1.40389e-19)
(0.0469659 2.3799 0)
(-0.0977964 3.04861 4.04031e-20)
(-0.0710044 3.05621 1.18127e-19)
(-0.0468758 3.03636 0)
(-0.0257804 3.02728 3.17782e-20)
(-0.00708036 3.02307 4.81184e-24)
(0.0102444 3.02261 3.3451e-20)
(0.0288046 3.02482 -6.85381e-20)
(0.0498281 3.03302 7.37005e-20)
(0.0801906 3.05608 1.87246e-20)
(0.0507453 2.66631 8.11615e-20)
(-0.0535097 2.99789 -2.89625e-22)
(-0.0251266 2.99975 -2.85762e-20)
(-0.0133919 3.00073 0)
(-0.00719317 3.00081 2.82538e-20)
(-0.00245195 3.00129 -2.77908e-20)
(0.00234886 3.00077 2.93139e-20)
(0.00694112 2.99996 0)
(0.0138843 2.9995 3.1943e-20)
(0.0297379 2.99957 -3.3933e-20)
(0.0276271 2.90801 0)
(0.53312 -0.0342546 0)
(1.05541 -0.088882 0)
(1.04644 -0.0725842 0)
(1.02121 -0.0477818 0)
(1.0096 -0.0300877 0)
(1.00445 -0.0182123 0)
(1.00223 -0.0109525 0)
(1.00123 -0.00648617 0)
(1.00076 -0.00350963 0)
(1.00054 -0.00126902 0)
(1.00051 0.000719656 0)
(1.00063 0.00278506 0)
(1.00095 0.00529372 0)
(1.00163 0.00887582 0)
(1.00315 0.0144739 0)
(1.00655 0.0237343 0)
(1.01439 0.0384537 0)
(1.03126 0.0591932 0)
(1.06137 0.0846638 0)
(0.939232 0.0856376 0)
(0.263628 -0.00534296 0)
(1.0062 -0.0568903 0)
(1.10348 -0.0580513 0)
(1.06866 -0.0479299 0)
(1.03963 -0.038755 0)
(1.02176 -0.0292077 0)
(1.01191 -0.0202703 0)
(1.00682 -0.0129777 0)
(1.00424 -0.00729038 0)
(1.00302 -0.00263366 0)
(1.00278 0.00164368 0)
(1.00345 0.0060283 0)
(1.00521 0.0110095 0)
(1.00882 0.0173579 0)
(1.01597 0.025401 0)
(1.02945 0.0346919 0)
(1.05251 0.0439479 0)
(1.08836 0.0536846 0)
(1.09204 0.059155 0)
(0.723339 0.0309967 0)
(0.192118 -0.00079524 0)
(0.883981 -0.0300299 0)
(1.10321 -0.0460374 0)
(1.08906 -0.0415647 0)
(1.05861 -0.0344865 0)
(1.03784 -0.0282043 0)
(1.02381 -0.0219664 0)
(1.01494 -0.015542 0)
(1.00979 -0.00929567 0)
(1.00717 -0.00337968 0)
(1.0066 0.00241682 0)
(1.00805 0.00820814 0)
(1.01171 0.0141029 0)
(1.01847 0.0203188 0)
(1.02974 0.0264597 0)
(1.0469 0.0324012 0)
(1.07188 0.0387685 0)
(1.10341 0.0455815 0)
(1.04785 0.0426504 0)
(0.563026 0.0101765 0)
(0.163964 -0.000565692 0)
(0.784843 -0.0174197 0)
(1.08455 -0.0368198 0)
(1.09924 -0.0369011 0)
(1.06883 -0.0317785 0)
(1.04751 -0.0263402 0)
(1.03295 -0.0208878 0)
(1.02283 -0.0153952 0)
(1.01613 -0.00959083 0)
(1.01235 -0.00341793 0)
(1.01146 0.00302664 0)
(1.01357 0.0092902 0)
(1.01853 0.0150332 0)
(1.02669 0.0203982 0)
(1.03879 0.0255258 0)
(1.05631 0.0306796 0)
(1.08224 0.0356904 0)
(1.10458 0.0390771 0)
(0.985649 0.030507 0)
(0.47869 0.0053894 0)
(0.146543 -0.000414162 0)
(0.710445 -0.0115585 0)
(1.05687 -0.0297574 0)
(1.10423 -0.032298 0)
(1.07746 -0.0287482 0)
(1.05501 -0.0244512 0)
(1.03988 -0.0196444 0)
(1.02942 -0.0144892 0)
(1.0222 -0.00898575 0)
(1.01783 -0.00294582 0)
(1.0167 0.00355552 0)
(1.01909 0.00975402 0)
(1.02449 0.0151676 0)
(1.03294 0.0201178 0)
(1.04538 0.0247088 0)
(1.06372 0.0288399 0)
(1.09092 0.0325954 0)
(1.099 0.0338136 0)
(0.924063 0.0228167 0)
(0.425488 0.00369198 0)
(0.134214 -0.000310759 0)
(0.65419 -0.0083889 0)
(1.02516 -0.0243401 0)
(1.106 -0.0285925 0)
(1.08499 -0.0258754 0)
(1.06187 -0.0221749 0)
(1.04615 -0.0180439 0)
(1.03528 -0.0133454 0)
(1.02778 -0.00807686 0)
(1.02314 -0.0022134 0)
(1.02183 0.0041156 0)
(1.02422 0.0100843 0)
(1.02968 0.0152036 0)
(1.03833 0.0197167 0)
(1.0512 0.0235973 0)
(1.07016 0.026942 0)
(1.09687 0.0300358 0)
(1.08729 0.0297775 0)
(0.868126 0.017785 0)
(0.387049 0.00279202 0)
(0.124961 -0.00023848 0)
(0.610741 -0.00636949 0)
(0.99275 -0.0199748 0)
(1.10521 -0.025411 0)
(1.09169 -0.0234332 0)
(1.06809 -0.0199684 0)
(1.05202 -0.0161958 0)
(1.04082 -0.0119155 0)
(1.03303 -0.00696705 0)
(1.02817 -0.00132224 0)
(1.02667 0.00478177 0)
(1.02895 0.0104682 0)
(1.03443 0.0152099 0)
(1.0432 0.0192069 0)
(1.05629 0.0225437 0)
(1.07566 0.0254645 0)
(1.1001 0.0279868 0)
(1.07115 0.0264325 0)
(0.818985 0.0143046 0)
(0.357336 0.00222178 0)
(0.11784 -0.000183422 0)
(0.576526 -0.00494891 0)
(0.961603 -0.0164224 0)
(1.10217 -0.0225501 0)
(1.09766 -0.0212142 0)
(1.07385 -0.0179033 0)
(1.05747 -0.0143302 0)
(1.04609 -0.0103036 0)
(1.03807 -0.00563862 0)
(1.03295 -0.000252234 0)
(1.03123 0.00559012 0)
(1.03336 0.010942 0)
(1.03878 0.0152652 0)
(1.04753 0.0188318 0)
(1.06071 0.0217842 0)
(1.08047 0.0243749 0)
(1.10136 0.0263181 0)
(1.05206 0.0236443 0)
(0.776116 0.0118447 0)
(0.333394 0.00183088 0)
(0.112302 -0.000140446 0)
(0.549215 -0.00389038 0)
(0.932785 -0.0135158 0)
(1.09723 -0.019897 0)
(1.10274 -0.0190737 0)
(1.07936 -0.0159116 0)
(1.06266 -0.0124693 0)
(1.0511 -0.00859621 0)
(1.0429 -0.00412394 0)
(1.03753 0.00102534 0)
(1.03554 0.00657811 0)
(1.03746 0.0115705 0)
(1.04271 0.0155075 0)
(1.05134 0.0187203 0)
(1.06461 0.0213433 0)
(1.08463 0.0236277 0)
(1.10114 0.0250092 0)
(1.03103 0.0213697 0)
(0.738472 0.0100936 0)
(0.313441 0.00155882 0)
(0.107991 -0.0001055 0)
(0.527255 -0.00306217 0)
(0.906811 -0.0110956 0)
(1.091 -0.0173948 0)
(1.10706 -0.0169757 0)
(1.08473 -0.0139382 0)
(1.06771 -0.0105618 0)
(1.05595 -0.00678258 0)
(1.04755 -0.00243566 0)
(1.04193 0.00252636 0)
(1.03963 0.0077991 0)
(1.04124 0.0124419 0)
(1.04623 0.016023 0)
(1.05472 0.0189094 0)
(1.06806 0.0212241 0)
(1.08834 0.0232476 0)
(1.09944 0.0240821 0)
(1.00881 0.019566 0)
(0.704959 0.00884929 0)
(0.29628 0.00137069 0)
(0.104673 -7.59463e-05 0)
(0.509606 -0.00238547 0)
(0.883893 -0.00903294 0)
(1.08404 -0.015001 0)
(1.11075 -0.0148683 0)
(1.09004 -0.0119258 0)
(1.07271 -0.00855771 0)
(1.06071 -0.0048165 0)
(1.05208 -0.000539252 0)
(1.04617 0.00428306 0)
(1.04348 0.00931461 0)
(1.04471 0.0136313 0)
(1.04939 0.0168681 0)
(1.05768 0.0194409 0)
(1.07107 0.0214581 0)
(1.09142 0.0232164 0)
(1.09616 0.0234711 0)
(0.98587 0.0182024 0)
(0.67459 0.00798587 0)
(0.281051 0.00124575 0)
(0.102195 -4.96371e-05 0)
(0.49557 -0.00180638 0)
(0.864087 -0.00722141 0)
(1.07686 -0.0126711 0)
(1.11418 -0.0127073 0)
(1.09536 -0.00980982 0)
(1.07773 -0.00640312 0)
(1.06547 -0.00263983 0)
(1.05655 0.00162392 0)
(1.05027 0.00635675 0)
(1.04712 0.0111899 0)
(1.04789 0.0152008 0)
(1.05219 0.0180956 0)
(1.06024 0.0203641 0)
(1.07367 0.0220843 0)
(1.09363 0.0235326 0)
(1.09105 0.0231821 0)
(0.962419 0.0172485 0)
(0.6465 0.00741976 0)
(0.267101 0.00116986 0)
(0.100465 -2.46066e-05 0)
(0.484689 -0.00128308 0)
(0.847393 -0.00556638 0)
(1.06992 -0.0103514 0)
(1.1175 -0.0104362 0)
(1.10076 -0.00752119 0)
(1.08286 -0.00402765 0)
(1.07028 -0.000180783 0)
(1.06102 0.00412704 0)
(1.05428 0.00882673 0)
(1.05056 0.0134992 0)
(1.05078 0.0172201 0)
(1.05463 0.0197708 0)
(1.0624 0.0217343 0)
(1.07583 0.0231498 0)
(1.0949 0.0242244 0)
(1.0842 0.0232608 0)
(0.938475 0.0166851 0)
(0.619923 0.00709735 0)
(0.253917 0.00113416 0)
(0.099446 8.58494e-07 0)
(0.476711 -0.000783682 0)
(0.833829 -0.00398826 0)
(1.06366 -0.00798358 0)
(1.12082 -0.00798245 0)
(1.10632 -0.00498232 0)
(1.08817 -0.00134802 0)
(1.07523 0.0026441 0)
(1.06554 0.00705967 0)
(1.05824 0.0117853 0)
(1.05383 0.016333 0)
(1.05339 0.0197731 0)
(1.05671 0.0219695 0)
(1.06413 0.023617 0)
(1.07752 0.0247178 0)
(1.09505 0.0253722 0)
(1.07559 0.0237141 0)
(0.913915 0.0164899 0)
(0.594181 0.00697842 0)
(0.241082 0.0011311 0)
(0.0991403 2.66985e-05 0)
(0.471529 -0.000283212 0)
(0.823458 -0.0024185 0)
(1.05848 -0.00550401 0)
(1.12431 -0.00526548 0)
(1.11213 -0.0021065 0)
(1.09376 0.00173393 0)
(1.0804 0.00593694 0)
(1.07019 0.0105321 0)
(1.0622 0.0153437 0)
(1.05696 0.0198009 0)
(1.05572 0.022963 0)
(1.0584 0.0247878 0)
(1.06538 0.0260845 0)
(1.07869 0.0268394 0)
(1.09419 0.0269667 0)
(1.0651 0.0246003 0)
(0.888478 0.0166701 0)
(0.568649 0.00704593 0)
(0.228238 0.00115814 0)
(0.0995912 5.66261e-05 0)
(0.469174 0.000232489 0)
(0.816407 -0.000793424 0)
(1.05481 -0.00284235 0)
(1.12818 -0.00219646 0)
(1.1183 0.00121362 0)
(1.09972 0.00532849 0)
(1.08587 0.00982211 0)
(1.07502 0.0146742 0)
(1.0662 0.0196333 0)
(1.05994 0.0240335 0)
(1.05775 0.0269146 0)
(1.05967 0.0283369 0)
(1.06612 0.0292306 0)
(1.07924 0.0295913 0)
(1.09233 0.0291449 0)
(1.05253 0.0259775 0)
(0.861783 0.0172252 0)
(0.542705 0.00728544 0)
(0.215055 0.0012118 0)
(0.100851 9.56671e-05 0)
(0.469878 0.000829849 0)
(0.812867 0.000957489 0)
(1.05307 8.2626e-05 0)
(1.13266 0.00132222 0)
(1.12496 0.00509481 0)
(1.10618 0.00957638 0)
(1.09173 0.0144518 0)
(1.08011 0.019644 0)
(1.07027 0.0248142 0)
(1.0628 0.0291835 0)
(1.05948 0.0317613 0)
(1.0605 0.0327468 0)
(1.06631 0.0331757 0)
(1.0792 0.0330932 0)
(1.08921 0.0320458 0)
(1.03759 0.0278905 0)
(0.833342 0.0181624 0)
(0.515746 0.00768599 0)
(0.201234 0.00128899 0)
(0.103049 0.000125952 0)
(0.473529 0.00151253 0)
(0.813188 0.00294157 0)
(1.05381 0.00331383 0)
(1.13803 0.00542092 0)
(1.13229 0.00969799 0)
(1.11326 0.014655 0)
(1.09812 0.0200126 0)
(1.08554 0.0256375 0)
(1.07446 0.0310808 0)
(1.06552 0.035431 0)
(1.06087 0.0376892 0)
(1.06083 0.0381588 0)
(1.06589 0.0380649 0)
(1.07854 0.0374661 0)
(1.08462 0.0357415 0)
(1.01989 0.0304256 0)
(0.802557 0.019499 0)
(0.487159 0.00824213 0)
(0.186501 0.00138711 0)
(0.106386 0.000175613 0)
(0.481014 0.00229846 0)
(0.817611 0.00510028 0)
(1.05767 0.0070482 0)
(1.14463 0.0102812 0)
(1.14049 0.015217 0)
(1.12115 0.0207748 0)
(1.10514 0.0267396 0)
(1.09139 0.032898 0)
(1.07878 0.0386687 0)
(1.06807 0.042992 0)
(1.06184 0.0448734 0)
(1.0606 0.0447478 0)
(1.06479 0.0440691 0)
(1.07692 0.0428447 0)
(1.07811 0.0403205 0)
(0.998868 0.0336325 0)
(0.768717 0.0212326 0)
(0.456325 0.0089363 0)
(0.170608 0.00150047 0)
(0.111137 0.000236313 0)
(0.492842 0.0032432 0)
(0.827069 0.00764856 0)
(1.0652 0.0114571 0)
(1.15293 0.0161216 0)
(1.14986 0.0219155 0)
(1.13003 0.0282284 0)
(1.11295 0.0349424 0)
(1.09772 0.0417335 0)
(1.08323 0.0478611 0)
(1.07042 0.0521089 0)
(1.06232 0.0535185 0)
(1.05975 0.0527173 0)
(1.06295 0.0513678 0)
(1.07411 0.0493884 0)
(1.06923 0.0459305 0)
(0.97381 0.037565 0)
(0.73099 0.0233488 0)
(0.422637 0.00974218 0)
(0.15336 0.00162158 0)
(0.117691 0.000315644 0)
(0.509963 0.00442017 0)
(0.842607 0.0107184 0)
(1.07717 0.0167873 0)
(1.1635 0.023259 0)
(1.16075 0.0301654 0)
(1.14015 0.0374156 0)
(1.12168 0.045033 0)
(1.10458 0.0525358 0)
(1.08779 0.0589963 0)
(1.07249 0.0630526 0)
(1.06222 0.0638378 0)
(1.05818 0.0622856 0)
(1.06028 0.0601443 0)
(1.06972 0.0573538 0)
(1.05741 0.0526678 0)
(0.943793 0.042229 0)
(0.688452 0.0257891 0)
(0.385551 0.0106086 0)
(0.134651 0.00173799 0)
(0.126706 0.000425608 0)
(0.533755 0.00590492 0)
(0.865462 0.0145046 0)
(1.09453 0.0234438 0)
(1.17696 0.0321686 0)
(1.17355 0.0404977 0)
(1.15176 0.048899 0)
(1.13144 0.0575657 0)
(1.11194 0.0657988 0)
(1.09233 0.0724722 0)
(1.07412 0.0761198 0)
(1.06145 0.0760674 0)
(1.05585 0.0736403 0)
(1.05671 0.0705718 0)
(1.06378 0.066977 0)
(1.04189 0.0606167 0)
(0.907649 0.0475518 0)
(0.640112 0.0284344 0)
(0.344654 0.011456 0)
(0.114505 0.00183312 0)
(0.139234 0.000593553 0)
(0.566874 0.00788255 0)
(0.897509 0.0194507 0)
(1.11858 0.0321239 0)
(1.19411 0.0436134 0)
(1.18874 0.0537462 0)
(1.16507 0.0635143 0)
(1.14224 0.0733064 0)
(1.11967 0.0821438 0)
(1.09665 0.0887354 0)
(1.07509 0.0916036 0)
(1.05983 0.0904188 0)
(1.05258 0.0869216 0)
(1.05216 0.0827951 0)
(1.0562 0.0781894 0)
(1.02164 0.0697146 0)
(0.863924 0.0533499 0)
(0.584975 0.0310652 0)
(0.299772 0.0121677 0)
(0.093135 0.00188652 0)
(0.1572 0.000873603 0)
(0.61333 0.0106677 0)
(0.941436 0.026391 0)
(1.15099 0.0440565 0)
(1.21595 0.0590574 0)
(1.20675 0.0712523 0)
(1.18016 0.0825038 0)
(1.15388 0.0932681 0)
(1.12742 0.102301 0)
(1.10037 0.108253 0)
(1.07509 0.10977 0)
(1.05712 0.107037 0)
(1.04825 0.102235 0)
(1.04666 0.0968047 0)
(1.04646 0.0908322 0)
(0.995249 0.0797611 0)
(0.810864 0.0592147 0)
(0.522155 0.0333235 0)
(0.251101 0.0125865 0)
(0.0709742 0.00187646 0)
(0.184524 0.00137623 0)
(0.679721 0.0149868 0)
(1.00132 0.0373426 0)
(1.19379 0.061822 0)
(1.2432 0.0806817 0)
(1.22761 0.0951687 0)
(1.19661 0.107626 0)
(1.16577 0.118675 0)
(1.13458 0.127034 0)
(1.10296 0.131448 0)
(1.07373 0.130817 0)
(1.05305 0.125995 0)
(1.04268 0.119614 0)
(1.03992 0.112686 0)
(1.03361 0.104945 0)
(0.960859 0.0902768 0)
(0.746472 0.0644635 0)
(0.450978 0.034661 0)
(0.199243 0.012518 0)
(0.0486329 0.00178268 0)
(0.2337 0.00312441 0)
(0.780262 0.0250001 3.73727e-34)
(1.08621 0.0587411 1.62697e-34)
(1.2487 0.0914717 0)
(1.27587 0.113292 0)
(1.25023 0.128721 0)
(1.2132 0.140978 0)
(1.17676 0.150767 0)
(1.14021 0.157005 0)
(1.10374 0.158611 0)
(1.07056 0.154806 0)
(1.04737 0.147271 0)
(1.03581 0.139035 5.68678e-34)
(1.03164 0.13045 0)
(1.01627 0.120157 0)
(0.915023 0.100433 0)
(0.668675 0.0680742 0)
(0.370826 0.0343072 0)
(0.144565 0.0117315 0)
(0.0263419 0.00160412 0)
(0.274416 0.0119171 1.23855e-21)
(0.878242 0.0554942 8.95096e-21)
(1.16715 0.0993097 2.9335e-21)
(1.2989 0.136011 5.18708e-21)
(1.30781 0.157415 0)
(1.27177 0.172091 -8.49896e-21)
(1.22825 0.182991 6.99866e-21)
(1.18584 0.190876 -1.97532e-22)
(1.14357 0.194738 0)
(1.1018 0.193485 -9.7995e-21)
(1.06412 0.186535 8.51479e-23)
(1.03797 0.176381 0)
(1.02502 0.166456 -6.03754e-20)
(1.01751 0.155782 -8.92129e-21)
(0.984282 0.140794 -4.28805e-20)
(0.840822 0.112763 1.27883e-20)
(0.560574 0.0715163 0)
(0.27417 0.0336994 7.5238e-20)
(0.0853356 0.0109135 -8.85512e-20)
(0.00415232 0.00127119 3.1023e-21)
(0.283699 0.0291523 7.95761e-20)
(0.934584 0.104331 0)
(1.22458 0.155181 -2.26418e-20)
(1.33672 0.193138 0)
(1.33416 0.212203 -5.12735e-20)
(1.28997 0.223456 -2.99895e-20)
(1.24024 0.231416 2.884e-20)
(1.19185 0.236397 5.57473e-20)
(1.14381 0.237248 -4.68555e-20)
(1.09659 0.232765 -8.53704e-20)
(1.05413 0.222492 8.75639e-20)
(1.02459 0.209601 0)
(1.00974 0.197888 0)
(0.998787 0.185679 3.93857e-20)
(0.948229 0.165668 9.29898e-20)
(0.774197 0.128488 2.79838e-20)
(0.482676 0.0772882 3.257e-20)
(0.214959 0.0341297 3.09545e-19)
(0.0513492 0.00941265 -1.13122e-20)
(-0.00881466 -5.60117e-05 -8.65977e-19)
(0.278999 0.0445552 0)
(0.960973 0.155085 -1.86254e-21)
(1.26015 0.21969 -1.6524e-20)
(1.36182 0.257717 0)
(1.35291 0.273575 0)
(1.30304 0.280406 2.87491e-20)
(1.24808 0.284229 -5.52707e-20)
(1.19438 0.285282 -1.11804e-19)
(1.14109 0.28227 1.00798e-19)
(1.0888 0.273882 4.38868e-20)
(1.04185 0.259779 -2.08896e-21)
(1.00911 0.243779 -1.17621e-19)
(0.99224 0.229914 -2.11745e-19)
(0.977775 0.215694 -4.33693e-20)
(0.914455 0.190595 -5.08392e-20)
(0.724775 0.144035 2.43461e-19)
(0.436813 0.0842248 3.22496e-19)
(0.185 0.036085 0)
(0.0338463 0.0081609 2.42343e-22)
(-0.0166123 -0.00181242 4.36956e-20)
(0.271163 0.058003 2.51274e-21)
(0.969575 0.205702 -3.8481e-21)
(1.2798 0.285621 -4.11958e-20)
(1.37627 0.324905 -2.58745e-20)
(1.36387 0.337716 4.54501e-20)
(1.3102 0.340121 1.76938e-21)
(1.25123 0.339428 6.09288e-20)
(1.19317 0.336129 0)
(1.13536 0.328823 1.06695e-19)
(1.07856 0.316121 -9.30365e-20)
(1.02751 0.297827 9.97452e-20)
(0.991726 0.278415 -2.52444e-21)
(0.972794 0.262102 1.5515e-19)
(0.95511 0.24543 9.36263e-20)
(0.883492 0.215491 2.79658e-19)
(0.689012 0.161052 6.58195e-20)
(0.411369 0.0936224 -2.72348e-19)
(0.17159 0.0390665 4.57261e-20)
(0.0256989 0.00707404 8.64617e-19)
(-0.021275 -0.00378693 3.18482e-20)
(0.262848 0.0700082 -1.85677e-20)
(0.967214 0.254317 1.03437e-20)
(1.28846 0.350535 0)
(1.38254 0.392178 3.41321e-20)
(1.36814 0.402236 1.12378e-20)
(1.31186 0.400462 5.13099e-20)
(1.24982 0.395307 -4.80912e-21)
(1.18827 0.387629 -1.14676e-19)
(1.12669 0.375937 5.2946e-20)
(1.06595 0.358789 0)
(1.01115 0.336144 4.41774e-19)
(0.972472 0.313137 1.39981e-19)
(0.951412 0.294178 -1.70028e-19)
(0.930941 0.274988 0)
(0.854984 0.240648 0)
(0.663197 0.179032 7.23258e-20)
(0.398445 0.103883 3.39173e-19)
(0.167544 0.0430318 0)
(0.0239194 0.00653712 9.42854e-19)
(-0.0231403 -0.00557663 -4.06762e-23)
(0.255077 0.0808141 4.60138e-20)
(0.95866 0.299909 -2.66269e-21)
(1.28947 0.413227 1.78656e-20)
(1.38256 0.457876 -1.53308e-20)
(1.36705 0.465803 -4.27193e-20)
(1.30892 0.460119 0)
(1.24449 0.450707 0)
(1.1801 0.438812 -1.18078e-19)
(1.11532 0.422843 -6.25498e-20)
(1.05112 0.401305 1.04872e-19)
(0.992904 0.374305 2.38122e-19)
(0.951487 0.347659 -1.47331e-19)
(0.928309 0.325972 -1.84793e-19)
(0.905551 0.304214 -1.10996e-19)
(0.82819 0.265962 2.62296e-19)
(0.642676 0.197809 3.14499e-19)
(0.391407 0.115985 -8.3137e-19)
(0.169135 0.0487479 0)
(0.0271434 0.00733951 -9.63865e-19)
(-0.0222084 -0.0066845 -1.20562e-18)
(0.248677 0.0908762 -1.04682e-20)
(0.947222 0.342455 -4.7456e-20)
(1.28521 0.473093 -1.61377e-20)
(1.3779 0.521183 1.9727e-22)
(1.36178 0.527517 2.70883e-20)
(1.30232 0.518301 1.01415e-19)
(1.236 0.504923 0)
(1.16924 0.489052 -1.24022e-19)
(1.10171 0.469009 2.45058e-19)
(1.03444 0.443242 -1.22916e-19)
(0.973108 0.411989 -2.5621e-19)
(0.929084 0.381746 1.65509e-19)
(0.903819 0.357364 3.93932e-19)
(0.87904 0.333059 0)
(0.801964 0.291271 0)
(0.624457 0.217401 -2.57114e-19)
(0.386818 0.129794 0)
(0.173734 0.056267 0)
(0.0335862 0.00983317 7.05114e-20)
(-0.0190671 -0.00685687 1.27464e-18)
(0.243671 0.100564 0)
(0.934848 0.382295 0)
(1.27741 0.529867 -5.43535e-20)
(1.36986 0.581708 -5.26544e-22)
(1.35333 0.586857 -3.79459e-20)
(1.29287 0.574491 5.60658e-20)
(1.22505 0.557501 1.15845e-19)
(1.15632 0.537942 5.99615e-20)
(1.08639 0.514091 1.309e-19)
(1.01634 0.484309 0)
(0.952104 0.448966 0)
(0.905612 0.41521 3.41873e-19)
(0.878359 0.388181 -2.14066e-19)
(0.851849 0.361435 0)
(0.77569 0.316197 1.59791e-19)
(0.606487 0.237364 -1.87265e-19)
(0.382238 0.144526 2.20742e-19)
(0.178769 0.0651615 -1.03378e-18)
(0.0411978 0.0137767 7.67701e-20)
(-0.0147201 -0.00617788 7.85023e-22)
(0.23975 0.109806 1.73843e-19)
(0.922534 0.41969 0)
(1.26739 0.583543 3.60429e-20)
(1.35949 0.639289 1.33025e-20)
(1.34251 0.643549 -2.79787e-20)
(1.28127 0.628383 -4.18182e-20)
(1.21226 0.608136 6.28275e-20)
(1.14187 0.585223 -1.29261e-19)
(1.06981 0.557858 2.70817e-19)
(0.997203 0.524322 1.26131e-19)
(0.930228 0.485072 5.91053e-19)
(0.881396 0.447918 1.20898e-21)
(0.852276 0.418301 -4.3593e-21)
(0.824204 0.389113 2.86353e-19)
(0.74914 0.340594 3.41727e-19)
(0.587631 0.257012 0)
(0.375864 0.159288 -1.20227e-19)
(0.182311 0.0747272 -1.12904e-18)
(0.0483689 0.0185886 -8.3413e-20)
(-0.0100029 -0.00485154 0)
(0.237009 0.119004 0)
(0.91111 0.455213 3.37455e-20)
(1.25608 0.634466 -4.28964e-20)
(1.34753 0.693865 2.77713e-20)
(1.33 0.697486 1.04807e-20)
(1.26813 0.679808 -3.45044e-20)
(1.19816 0.656651 -6.58018e-20)
(1.12634 0.63072 -1.35574e-19)
(1.05238 0.600166 -2.86985e-19)
(0.977389 0.563162 3.48891e-19)
(0.907789 0.520213 0)
(0.85671 0.479766 0)
(0.825828 0.447589 -2.51026e-19)
(0.796264 0.415923 -3.10434e-19)
(0.722051 0.364019 5.58847e-19)
(0.567385 0.276326 1.10144e-18)
(0.366971 0.173349 5.19654e-19)
(0.183126 0.0840854 -1.53749e-19)
(0.0536321 0.0235448 9.04943e-20)
(-0.00583717 -0.00326026 0)
(0.235126 0.128046 5.22943e-20)
(0.900636 0.488982 4.71007e-20)
(1.24355 0.682787 -1.14132e-19)
(1.33454 0.745433 -2.52882e-20)
(1.3163 0.74863 -6.94023e-21)
(1.25394 0.728694 3.34048e-20)
(1.1832 0.702954 -4.6926e-20)
(1.11014 0.674339 -2.14372e-19)
(1.03444 0.640921 7.99344e-20)
(0.957195 0.600758 -7.05561e-20)
(0.885025 0.554335 -8.14388e-20)
(0.831738 0.510679 -6.60184e-19)
(0.799188 0.475905 8.16552e-19)
(0.76821 0.441668 3.24121e-19)
(0.69455 0.386003 0)
(0.545693 0.294091 -4.76238e-19)
(0.355386 0.186241 0)
(0.180688 0.0924368 -6.63664e-19)
(0.0562187 0.0278829 7.81508e-19)
(-0.00282096 -0.00182346 -8.02176e-19)
(0.23395 0.137072 -6.27258e-20)
(0.891231 0.521268 -9.91961e-20)
(1.23092 0.728432 -6.40863e-20)
(1.32085 0.794186 8.07437e-21)
(1.30188 0.796977 1.77948e-20)
(1.2391 0.775033 0)
(1.16773 0.747014 -4.48243e-20)
(1.09359 0.716029 7.73997e-20)
(1.0163 0.680072 -2.27047e-19)
(0.936879 0.637068 0)
(0.86215 0.587422 -6.32342e-19)
(0.806642 0.540613 8.25122e-19)
(0.772476 0.503158 -5.85721e-19)
(0.740119 0.466109 0)
(0.666659 0.406339 -4.35152e-19)
(0.522781 0.309751 2.58098e-19)
(0.341212 0.197134 1.52249e-19)
(0.175045 0.0990061 5.37957e-19)
(0.0560996 0.0309649 1.68795e-18)
(-0.001184 -0.000880118 0)
(0.233185 0.145874 7.71045e-20)
(0.882928 0.552273 0)
(1.21846 0.771447 -1.77129e-19)
(1.30679 0.840169 -3.85975e-20)
(1.28706 0.842586 2.02751e-20)
(1.22394 0.818848 -1.13716e-20)
(1.15206 0.788837 -2.10994e-20)
(1.07696 0.755779 2.90449e-19)
(0.998196 0.71761 4.29767e-21)
(0.916676 0.672097 0)
(0.839349 0.619491 0)
(0.781529 0.569586 6.63584e-21)
(0.745732 0.529308 4.73098e-19)
(0.711955 0.489102 0)
(0.638348 0.424701 -4.70033e-19)
(0.498609 0.322897 2.80292e-19)
(0.324784 0.205601 1.65308e-19)
(0.166577 0.103438 7.76266e-19)
(0.053542 0.0326433 7.95318e-19)
(-0.000696127 -0.000469152 0)
(0.232986 0.154686 -1.76132e-19)
(0.875564 0.581994 -7.2327e-20)
(1.20616 0.812024 1.95738e-19)
(1.29268 0.883465 4.869e-20)
(1.27213 0.885543 8.0961e-20)
(1.20871 0.860205 3.07311e-20)
(1.13642 0.828453 -8.32121e-20)
(1.06049 0.793604 0)
(0.980354 0.753527 0)
(0.89678 0.705848 -7.12473e-19)
(0.816788 0.650579 8.26411e-19)
(0.75649 0.597664 1.39063e-19)
(0.718942 0.554377 -8.53331e-19)
(0.683661 0.510519 0)
(0.609625 0.44081 1.01222e-18)
(0.473336 0.333282 -3.03846e-19)
(0.306584 0.211216 -1.06671e-18)
(0.155889 0.105486 0)
(0.0492662 0.0328047 -9.82725e-19)
(-0.00100542 -0.000576662 0)
(0.233073 0.163455 2.03658e-19)
(0.868926 0.610616 -1.68317e-19)
(1.19424 0.850071 -1.20183e-19)
(1.2787 0.924197 1.56467e-19)
(1.25727 0.925942 -1.54679e-20)
(1.19361 0.89917 0)
(1.12101 0.865913 0)
(1.04435 0.829533 -5.76981e-19)
(0.962937 0.787848 -2.19015e-19)
(0.877366 0.738343 -8.66553e-20)
(0.794623 0.68074 -8.80714e-19)
(0.731614 0.624952 -5.8036e-19)
(0.692057 0.578416 1.86502e-19)
(0.655102 0.530267 6.72947e-19)
(0.580422 0.454384 -2.74533e-19)
(0.44721 0.340583 6.49824e-19)
(0.287234 0.213864 0)
(0.143902 0.105184 -1.3528e-18)
(0.0438874 0.0316209 1.32471e-18)
(-0.00184266 -0.00110246 0)
(0.233224 0.171928 3.48842e-19)
(0.862819 0.638212 1.9316e-19)
(1.18284 0.886072 9.92244e-21)
(1.26498 0.962504 3.23861e-19)
(1.24265 0.963893 -4.08149e-20)
(1.17879 0.935837 -2.93901e-21)
(1.10597 0.901279 -1.17556e-19)
(1.02868 0.863602 5.46656e-19)
(0.946085 0.820585 4.07319e-19)
(0.858577 0.769601 -5.95655e-20)
(0.772996 0.710039 1.1074e-19)
(0.706982 0.651577 6.20859e-19)
(0.665025 0.60153 7.86612e-19)
(0.626089 0.548318 2.03988e-21)
(0.550647 0.465168 -2.91975e-19)
(0.420523 0.344464 3.49646e-19)
(0.2674 0.213286 1.39983e-21)
(0.131468 0.102625 2.42991e-19)
(0.0381673 0.0294104 2.84478e-19)
(-0.00294213 -0.00190048 -6.68316e-19)
(0.233405 0.180322 2.64534e-19)
(0.857182 0.664477 -2.20444e-19)
(1.17185 0.920059 0)
(1.25161 0.99846 -8.66993e-21)
(1.22837 0.999501 3.60579e-20)
(1.16437 0.97029 -7.96138e-21)
(1.0914 0.934625 -8.62863e-20)
(1.01356 0.895862 3.29474e-19)
(0.929897 0.851772 7.89858e-19)
(0.840523 0.799632 -5.50797e-20)
(0.752046 0.738528 1.29728e-19)
(0.682687 0.67767 -6.62943e-19)
(0.637807 0.623885 2.06861e-19)
(0.596386 0.564744 0)
(0.51997 0.472892 3.14746e-19)
(0.393382 0.344335 1.9849e-21)
(0.247852 0.208898 -4.44308e-19)
(0.119897 0.097665 5.21631e-19)
(0.0332038 0.0264427 0)
(-0.00393031 -0.00275775 0)
(0.23366 0.188158 1.49907e-19)
(0.852072 0.689582 0)
(1.16125 0.952074 -2.74299e-19)
(1.23868 1.03221 -2.16143e-19)
(1.21452 1.03289 -7.37126e-20)
(1.15042 1.00264 2.15678e-20)
(1.07736 0.966019 9.49679e-20)
(0.999089 0.926369 7.22283e-20)
(0.914447 0.881438 0)
(0.823282 0.82845 -4.91934e-20)
(0.731889 0.766244 -6.16289e-20)
(0.658844 0.703359 7.06816e-19)
(0.610407 0.645684 9.07224e-19)
(0.565739 0.579765 0)
(0.487901 0.477484 -3.44037e-19)
(0.365398 0.339434 0)
(0.229326 0.199287 0)
(0.111727 0.0890137 -7.94094e-22)
(0.032063 0.0221537 3.28883e-19)
(-0.00344699 -0.00345803 1.92603e-19)
(0.233798 0.196003 0)
(0.847281 0.713612 -1.45401e-19)
(1.15117 0.98233 2.99878e-19)
(1.22624 1.06388 -2.4905e-19)
(1.20114 1.06416 1.04848e-20)
(1.13699 1.03298 5.13133e-21)
(1.06392 0.99554 -5.08841e-20)
(0.98528 0.955167 2.63199e-19)
(0.899772 0.909618 0)
(0.806933 0.856081 -1.78709e-18)
(0.712624 0.793202 -7.27196e-20)
(0.63559 0.728755 7.51507e-19)
(0.582865 0.667158 -8.52852e-19)
(0.533947 0.593699 3.09323e-19)
(0.453779 0.479229 1.10282e-18)
(0.335323 0.329287 2.56211e-21)
(0.211096 0.181655 -1.03068e-18)
(0.109485 0.0703521 9.03802e-19)
(0.0442015 0.00820881 3.52318e-19)
(0.0104463 -0.00641291 2.06642e-19)
(0.233963 0.203239 3.73782e-19)
(0.842548 0.736142 -4.712e-19)
(1.14149 1.01083 -3.37049e-19)
(1.21434 1.09358 -2.95894e-19)
(1.18826 1.09344 -1.57988e-19)
(1.1241 1.0614 1.80935e-20)
(1.05107 1.02327 0)
(0.972164 0.982328 5.41661e-19)
(0.885892 0.936343 4.35788e-20)
(0.79149 0.882521 -9.40413e-19)
(0.69433 0.819392 -1.4374e-19)
(0.61309 0.753962 -6.98863e-19)
(0.555283 0.688513 1.03323e-18)
(0.500961 0.606908 4.89443e-19)
(0.417103 0.478897 -2.00058e-19)
(0.301033 0.314658 0)
(0.188111 0.153905 0)
(0.107709 0.028367 -2.17434e-21)
(0.0741895 -0.038446 0)
(0.0798832 -0.0215601 0)
(0.23409 0.210286 -2.13854e-19)
(0.83825 0.757821 -3.40264e-19)
(1.13214 1.03795 -1.19472e-19)
(1.20287 1.1218 -3.27436e-19)
(1.17567 1.12131 -1.72448e-19)
(1.11143 1.08861 -1.37706e-19)
(1.03846 1.05003 -7.24657e-21)
(0.95928 1.00881 1.39716e-20)
(0.87222 0.962733 -2.93432e-19)
(0.77622 0.909069 6.11714e-20)
(0.67606 0.846318 8.58896e-21)
(0.590115 0.780723 -7.72278e-19)
(0.525865 0.711437 1.00579e-18)
(0.46435 0.620591 6.38599e-19)
(0.375089 0.477578 -3.86196e-19)
(0.257699 0.297199 -4.67134e-19)
(0.149964 0.117007 0)
(0.0746047 0.0142484 0)
(0.00339409 0.222026 0)
(-0.0207596 1.15357 2.08023e-19)
(0.234041 0.216883 0)
(0.834031 0.778455 -4.73611e-19)
(1.12305 1.06366 1.44545e-19)
(1.19187 1.1486 9.65097e-20)
(1.16339 1.14783 2.04721e-19)
(1.09901 1.11466 -1.07573e-20)
(1.02613 1.07583 -3.64399e-21)
(0.946704 1.03464 2.292e-19)
(0.858869 0.988781 -5.28039e-20)
(0.761296 0.935727 1.84207e-18)
(0.65804 0.87398 1.04797e-18)
(0.566987 0.809181 0)
(0.494783 0.736535 1.23446e-19)
(0.423804 0.634657 8.08646e-19)
(0.328483 0.476268 -3.91014e-19)
(0.207907 0.281828 -4.71143e-19)
(0.0890404 0.159291 -1.29418e-21)
(0.0251939 0.682859 -3.17386e-19)
(0.0713806 2.33393 -1.27553e-20)
(0.081478 3.08371 -1.90931e-19)
(0.234079 0.222356 2.38226e-19)
(0.829361 0.797693 0)
(1.11408 1.08804 3.75929e-19)
(1.18139 1.17409 3.93348e-19)
(1.15146 1.17313 -2.22702e-19)
(1.08695 1.13964 1.1239e-20)
(1.01422 1.10069 2.49943e-20)
(0.934451 1.05974 0)
(0.845925 1.01441 -3.35579e-19)
(0.74685 0.962371 8.66886e-19)
(0.640535 0.902276 -6.47567e-20)
(0.544169 0.839241 -7.88382e-21)
(0.462673 0.76442 -2.03552e-18)
(0.379117 0.648261 0)
(0.282211 0.475018 7.87653e-19)
(0.15614 0.324289 0)
(0.053639 0.969546 0)
(0.117475 2.69466 3.07495e-19)
(0.121982 3.2707 6.88988e-19)
(0.116154 3.41536 -5.85177e-19)
(0.245151 0.239414 -1.27667e-19)
(0.824903 0.822185 5.22826e-19)
(1.1035 1.11552 -2.5311e-19)
(1.17121 1.19857 -7.28634e-21)
(1.13953 1.19714 -3.51669e-20)
(1.07508 1.16335 3.45127e-20)
(1.0029 1.12472 0)
(0.922489 1.08416 -1.89456e-19)
(0.833332 1.03957 6.73868e-21)
(0.732825 0.988901 -3.96958e-20)
(0.623606 0.931153 -1.08707e-18)
(0.521975 0.870847 6.68223e-19)
(0.430391 0.795975 -1.22416e-19)
(0.327027 0.658712 -1.58693e-19)
(0.233653 0.527646 1.07636e-18)
(0.120517 1.09365 4.61702e-19)
(0.130122 2.68372 1.39257e-20)
(0.164961 3.31273 -5.54136e-19)
(0.158074 3.43275 -3.08996e-19)
(0.137145 3.45543 9.03619e-19)
(0.586318 0.597931 2.54836e-19)
(1.00351 1.03212 -2.14231e-20)
(1.1449 1.19806 6.14145e-20)
(1.15604 1.22852 2.97361e-20)
(1.09975 1.20482 -2.7731e-19)
(1.02978 1.16768 0)
(0.953076 1.12788 7.22223e-21)
(0.868169 1.08632 -2.91891e-19)
(0.772615 1.04041 0)
(0.663251 0.987859 6.59324e-20)
(0.552204 0.932105 -1.19415e-18)
(0.452001 0.872893 0)
(0.343801 0.773104 0)
(0.244822 0.627978 0)
(0.154782 1.29844 0)
(0.20591 2.97868 0)
(0.2173 3.36186 -4.38465e-19)
(0.196888 3.44339 0)
(0.17313 3.46876 1.25946e-19)
(0.144854 3.48252 1.08519e-19)
(0.536574 0.543849 -3.10224e-19)
(0.830879 0.854567 -4.59595e-19)
(1.09884 1.14762 0)
(1.15438 1.23115 4.21601e-19)
(1.1247 1.23033 -3.28761e-19)
(1.06141 1.19716 4.08734e-20)
(0.987757 1.15918 -7.81143e-20)
(0.907333 1.11922 1.27102e-20)
(0.817372 1.076 0)
(0.715006 1.02779 7.93422e-19)
(0.60183 0.97431 9.72624e-19)
(0.492751 0.919431 9.59041e-20)
(0.388056 0.849139 0)
(0.260138 0.698793 7.70899e-19)
(0.164811 1.09803 0)
(0.212186 2.79039 0)
(0.247779 3.38056 -3.5937e-19)
(0.231692 3.4643 5.52427e-19)
(0.199891 3.4814 6.16963e-19)
(0.160854 3.50182 0)
(0.548896 0.563031 1.65851e-21)
(0.825373 0.867564 -4.78326e-19)
(1.08924 1.16583 3.5948e-19)
(1.14299 1.25191 7.22229e-21)
(1.11272 1.25135 3.93893e-20)
(1.04931 1.21836 -4.20563e-20)
(0.976055 1.18093 0)
(0.89548 1.1419 1.19815e-19)
(0.805113 1.09982 -6.59869e-21)
(0.701722 1.05358 7.42545e-20)
(0.586026 1.00337 9.97206e-19)
(0.47192 0.952547 -6.2395e-19)
(0.357753 0.880396 1.1238e-19)
(0.242698 0.829439 1.43911e-19)
(0.233369 1.9029 -1.0293e-18)
(0.314865 3.25883 -3.56145e-19)
(0.307906 3.46647 7.79557e-21)
(0.268321 3.50701 2.98632e-19)
(0.232479 3.53783 1.28204e-19)
(0.177951 3.55867 5.79035e-20)
(0.552655 0.584048 -2.98191e-19)
(0.820023 0.884468 0)
(1.07996 1.18692 -4.41908e-19)
(1.13228 1.27498 -4.84341e-19)
(1.10148 1.27503 2.98415e-19)
(1.0378 1.24181 -1.10037e-20)
(0.96456 1.20446 -1.17005e-19)
(0.883781 1.16587 0)
(0.793118 1.12479 2.36615e-19)
(0.688893 1.08048 -6.94354e-19)
(0.571493 1.03408 5.30321e-20)
(0.454286 0.98857 -1.86005e-20)
(0.328275 0.916205 1.70999e-18)
(0.26013 1.12044 0)
(0.326541 2.77518 -5.6577e-19)
(0.391279 3.43768 0)
(0.350036 3.51769 0)
(0.305962 3.55274 -1.07057e-19)
(0.261714 3.58392 -1.43263e-19)
(0.197165 3.63623 0)
(0.553664 0.60485 1.43814e-19)
(0.813193 0.90286 3.55465e-19)
(1.06984 1.21009 -1.80824e-19)
(1.12085 1.29947 -1.26108e-19)
(1.08956 1.30001 -2.94099e-19)
(1.0259 1.26663 1.05375e-20)
(0.952865 1.22936 1.07521e-19)
(0.872251 1.19121 -3.4478e-20)
(0.781586 1.15118 3.10715e-20)
(0.676965 1.10892 -1.26663e-18)
(0.558495 1.06661 -8.12543e-19)
(0.439397 1.02622 0)
(0.325592 0.978058 -9.57418e-20)
(0.311203 1.63121 -5.99597e-19)
(0.416369 3.23889 2.47957e-19)
(0.445276 3.51483 1.76782e-19)
(0.395676 3.56092 5.47962e-20)
(0.354882 3.60976 3.43783e-20)
(0.307744 3.66082 3.35713e-20)
(0.230933 3.65396 -3.89766e-20)
(0.551448 0.624163 2.90835e-19)
(0.804776 0.922519 4.67302e-19)
(1.05824 1.23466 1.67152e-19)
(1.10804 1.32508 4.7159e-19)
(1.07636 1.32567 3.07908e-19)
(1.01292 1.29209 3.31502e-19)
(0.940355 1.25488 -1.39143e-20)
(0.860183 1.21718 2.05512e-20)
(0.769804 1.17817 1.13856e-19)
(0.66519 1.13801 -3.83266e-20)
(0.546235 1.09977 -7.81795e-21)
(0.426181 1.06397 5.68603e-19)
(0.32671 1.07835 -7.11446e-19)
(0.382719 2.2342 -4.35218e-19)
(0.500469 3.42505 1.99949e-19)
(0.488235 3.55368 1.39151e-19)
(0.450684 3.60862 0)
(0.426718 3.66553 0)
(0.41327 3.6215 0)
(0.312933 3.44045 -1.78848e-19)
(0.547162 0.642512 5.56946e-19)
(0.795203 0.943236 2.19673e-19)
(1.04524 1.26062 5.06235e-19)
(1.09395 1.35199 4.97284e-19)
(1.06215 1.3524 3.04958e-19)
(0.999114 1.31842 -4.97775e-20)
(0.927225 1.28113 0)
(0.847713 1.24372 1.06693e-19)
(0.757902 1.20564 -9.83421e-21)
(0.653699 1.16752 4.72384e-19)
(0.534938 1.13323 8.82835e-20)
(0.412484 1.10297 4.46234e-19)
(0.346792 1.254 -6.64863e-19)
(0.466567 2.82516 -2.51351e-19)
(0.569873 3.50376 5.75342e-20)
(0.532348 3.57612 0)
(0.506895 3.64758 0)
(0.477275 3.62526 6.48926e-20)
(0.46932 3.33889 0)
(0.434297 2.34254 0)
(0.541768 0.660642 0)
(0.784903 0.965062 2.21541e-19)
(1.03092 1.28796 -4.96445e-19)
(1.07862 1.38019 4.78422e-19)
(1.04695 1.38027 -1.0486e-20)
(0.984559 1.34575 -4.12684e-20)
(0.913585 1.3082 -1.72375e-19)
(0.834975 1.27093 8.6649e-20)
(0.746051 1.23364 0)
(0.642694 1.1974 7.71743e-19)
(0.52481 1.16674 -2.25058e-21)
(0.406083 1.1467 -4.25243e-19)
(0.386298 1.52235 5.13186e-19)
(0.546553 3.20307 -1.43705e-19)
(0.623361 3.54321 -2.35911e-19)
(0.576679 3.60206 9.31975e-21)
(0.561186 3.62435 -2.44612e-19)
(0.515063 3.42288 3.66888e-19)
(0.363971 2.29972 1.78102e-19)
(-0.0384262 0.0887713 1.11865e-19)
(0.53512 0.678818 0)
(0.773513 0.9882 0)
(1.0151 1.31688 4.98e-19)
(1.06178 1.40993 4.73131e-19)
(1.0304 1.40971 2.31681e-19)
(0.968856 1.37468 -1.02202e-19)
(0.899015 1.33689 2.4162e-19)
(0.82156 1.29979 3.3187e-20)
(0.733843 1.26336 0)
(0.631772 1.22918 1.46342e-20)
(0.515425 1.20229 2.73271e-20)
(0.404941 1.20265 -3.46823e-19)
(0.443702 1.88555 -4.69454e-19)
(0.62247 3.39519 0)
(0.666241 3.57165 1.64445e-20)
(0.62787 3.60405 0)
(0.584512 3.52112 0)
(0.439773 2.71206 -2.49683e-22)
(0.0481097 0.377306 1.61969e-19)
(-0.102068 -0.161431 9.1312e-20)
(0.527158 0.696942 -2.58816e-19)
(0.760776 1.01223 4.19447e-19)
(0.99769 1.34748 0)
(1.04328 1.44118 -1.22486e-20)
(1.01233 1.44063 -1.45718e-19)
(0.95188 1.40512 2.86617e-19)
(0.883436 1.36711 -2.59252e-19)
(0.807428 1.33022 2.04235e-19)
(0.721292 1.29475 8.28772e-22)
(0.621029 1.26275 1.65121e-20)
(0.507026 1.23996 -5.24862e-20)
(0.412057 1.28028 2.73088e-19)
(0.516564 2.31104 -8.32158e-20)
(0.691295 3.49292 0)
(0.698404 3.58973 -1.21713e-20)
(0.666508 3.57472 7.85409e-21)
(0.556647 3.16837 -1.78896e-19)
(0.194888 1.09223 2.27041e-19)
(-0.0813762 -0.10892 0)
(-0.0870579 -0.139092 0)
(0.517385 0.714931 5.02454e-19)
(0.746399 1.03713 0)
(0.978375 1.37954 -4.73822e-21)
(1.02296 1.47386 -9.14003e-19)
(0.992638 1.47295 1.6797e-19)
(0.933523 1.43701 3.9821e-19)
(0.866758 1.3988 -2.77183e-19)
(0.792544 1.36217 3.80413e-19)
(0.708412 1.32771 5.57263e-20)
(0.610534 1.29795 1.70768e-20)
(0.499981 1.27993 -3.06617e-20)
(0.430005 1.39216 -2.02966e-19)
(0.600506 2.76011 -2.48204e-19)
(0.749759 3.5436 -2.84576e-20)
(0.734296 3.58979 -1.87638e-20)
(0.68167 3.45755 1.10273e-19)
(0.428528 2.32015 -3.90455e-21)
(-0.000923532 0.067599 1.1058e-19)
(-0.101514 -0.170471 2.57234e-19)
(-0.0721464 -0.113082 -3.05002e-19)
(0.505396 0.732265 2.38922e-19)
(0.729999 1.0624 -4.06767e-19)
(0.956866 1.41279 3.09311e-19)
(1.00061 1.50787 -4.63646e-19)
(0.971156 1.50659 1.60647e-20)
(0.913681 1.47022 0)
(0.848919 1.43186 0)
(0.776879 1.3955 -4.75018e-19)
(0.69523 1.36209 -5.92248e-20)
(0.600386 1.3346 9.41429e-22)
(0.494793 1.32273 1.67265e-19)
(0.460174 1.54976 1.35558e-19)
(0.683903 3.12169 -2.49563e-20)
(0.793951 3.56919 1.4695e-20)
(0.762837 3.56153 -6.67163e-20)
(0.64918 3.15031 2.39816e-19)
(0.173344 0.794156 0)
(-0.0744751 -0.134659 -6.00877e-19)
(-0.0895393 -0.167593 5.87105e-19)
(-0.0546686 -0.0905121 0)
(0.490674 0.748588 9.51836e-19)
(0.710876 1.08729 -5.90998e-19)
(0.932871 1.44689 -6.02329e-19)
(0.976002 1.54304 -2.15285e-19)
(0.947722 1.54139 -6.1751e-19)
(0.892235 1.50461 4.12169e-19)
(0.829845 1.46612 -1.85591e-19)
(0.760414 1.43006 0)
(0.681766 1.39771 0)
(0.590668 1.37245 -3.86532e-20)
(0.492075 1.36982 -1.18362e-19)
(0.502832 1.75477 -2.04666e-20)
(0.755783 3.34157 4.4776e-20)
(0.83045 3.57213 0)
(0.776335 3.47966 2.9088e-19)
(0.53432 2.52149 -1.24323e-19)
(0.0115986 0.0525775 -4.6898e-19)
(-0.103099 -0.185977 0)
(-0.0880523 -0.154113 -4.38423e-19)
(-0.0467451 -0.0771679 0)
(0.472437 0.762741 -6.98928e-19)
(0.688354 1.11093 0)
(0.906112 1.48123 6.05447e-19)
(0.948857 1.57905 2.13091e-19)
(0.922155 1.57709 -1.61088e-19)
(0.869058 1.53994 1.16802e-20)
(0.809468 1.50134 -6.90985e-20)
(0.743132 1.4656 3.03978e-19)
(0.668035 1.43431 2.06382e-20)
(0.581427 1.41118 0)
(0.492513 1.42257 0)
(0.555728 1.99941 1.36741e-21)
(0.817492 3.46221 -1.39599e-20)
(0.861399 3.56438 0)
(0.763325 3.30216 -1.62443e-19)
(0.338745 1.50352 1.18539e-19)
(-0.0990763 -0.118389 7.34313e-20)
(-0.102386 -0.194649 3.42516e-19)
(-0.0742952 -0.143401 3.55361e-19)
(-0.0372058 -0.0663227 0)
(0.450393 0.773989 -2.2087e-19)
(0.66164 1.13215 3.68894e-19)
(0.876242 1.51485 2.87215e-19)
(0.918859 1.61551 -4.65523e-21)
(0.894269 1.61334 -3.0157e-19)
(0.844028 1.57589 0)
(0.787698 1.53722 -1.4204e-19)
(0.724986 1.50181 7.30889e-20)
(0.654042 1.47157 -1.22683e-19)
(0.572666 1.4505 0)
(0.496928 1.48233 -3.46625e-20)
(0.616938 2.26862 5.53842e-20)
(0.86723 3.52046 -9.12581e-20)
(0.881319 3.53605 0)
(0.712743 2.98973 -1.75248e-19)
(0.0995216 0.366019 1.1727e-19)
(-0.103639 -0.176604 6.84568e-20)
(-0.102668 -0.19284 2.39787e-19)
(-0.0680476 -0.129021 7.47633e-19)
(-0.0296955 -0.0546577 0)
(0.42348 0.779399 -6.35286e-19)
(0.629947 1.14917 5.41595e-19)
(0.842568 1.54681 5.7245e-19)
(0.885847 1.65174 2.16142e-19)
(0.863877 1.64966 2.99305e-19)
(0.817018 1.612 2.11691e-19)
(0.764463 1.57331 -1.45125e-19)
(0.705937 1.53828 -2.55274e-19)
(0.639777 1.50903 4.5282e-20)
(0.56436 1.49016 -2.9533e-20)
(0.505406 1.54962 -1.75354e-20)
(0.684155 2.56531 -1.16284e-19)
(0.905601 3.5435 1.78255e-19)
(0.887259 3.47787 1.03624e-19)
(0.61309 2.5064 0)
(0.0185011 0.0175761 -2.22115e-19)
(-0.117406 -0.229737 0)
(-0.104253 -0.213272 -2.99794e-19)
(-0.0618437 -0.129901 3.51848e-19)
(-0.0255319 -0.0515588 -3.60927e-19)
(0.391828 0.775879 2.07864e-19)
(0.592798 1.15905 -1.76129e-19)
(0.804691 1.57575 2.80125e-19)
(0.849559 1.68682 -2.23789e-19)
(0.830841 1.68539 5.98775e-19)
(0.787934 1.64771 -2.04749e-19)
(0.739698 1.60912 -1.37915e-19)
(0.68593 1.5745 -1.8494e-19)
(0.625196 1.54611 -2.30011e-19)
(0.556381 1.5297 1.56948e-19)
(0.516522 1.62506 0)
(0.75008 2.83177 0)
(0.931857 3.54922 -8.7565e-20)
(0.879118 3.37941 -1.31969e-19)
(0.482754 1.91888 2.58498e-19)
(-0.0748506 -0.060186 5.06593e-19)
(-0.116326 -0.244822 2.39139e-19)
(-0.0901287 -0.223769 -6.99225e-20)
(-0.0430259 -0.119511 4.10191e-20)
(-0.0146939 -0.0381631 0)
(0.354576 0.761478 -1.59822e-18)
(0.549295 1.15828 6.75476e-19)
(0.762009 1.59923 -2.64746e-19)
(0.809809 1.71991 -3.95472e-19)
(0.795107 1.71969 -5.86667e-19)
(0.75674 1.68231 -2.09677e-19)
(0.713399 1.64397 0)
(0.664932 1.6099 -1.82369e-19)
(0.610184 1.58222 2.31633e-19)
(0.548594 1.56835 7.1795e-20)
(0.529136 1.70711 2.29878e-19)
(0.808656 3.04046 -1.06286e-20)
(0.951319 3.54983 -1.37776e-21)
(0.854949 3.24444 1.3315e-19)
(0.328344 1.24901 1.65242e-19)
(-0.121896 -0.157963 0)
(-0.103377 -0.32804 -5.44094e-20)
(-0.0514735 -0.25444 -5.33957e-19)
(-0.000714447 -0.0939197 -3.87344e-20)
(0.0108234 0.0011062 0)
(0.311781 0.73268 1.92602e-19)
(0.49978 1.14181 0)
(0.714457 1.61434 5.18151e-19)
(0.766752 1.74901 3.81993e-19)
(0.756739 1.75155 -5.82325e-19)
(0.723524 1.71501 1.87004e-19)
(0.685606 1.67713 2.87941e-19)
(0.642942 1.6438 1.04137e-19)
(0.594613 1.61675 1.34309e-19)
(0.540839 1.60524 0)
(0.542171 1.78946 0)
(0.855037 3.18587 1.38621e-19)
(0.964663 3.54479 -1.01478e-19)
(0.821885 3.08919 0)
(0.212492 0.702793 7.99405e-20)
(-0.0445796 -0.334087 -9.68695e-20)
(-0.0524203 -0.393132 1.12939e-19)
(-0.00442748 -0.22193 -5.42135e-19)
(0.0407497 0.00230455 3.85805e-20)
(0.0405727 0.0892664 -2.09186e-21)
(0.263784 0.685144 7.28973e-19)
(0.44489 1.104 -7.81265e-19)
(0.66175 1.61696 2.40312e-19)
(0.720757 1.77207 1.85957e-19)
(0.716147 1.77979 2.7271e-19)
(0.688515 1.74486 3.94285e-19)
(0.656502 1.70785 0)
(0.620005 1.67547 -1.98115e-19)
(0.578395 1.64907 2.58703e-19)
(0.532788 1.63944 -9.25161e-20)
(0.55325 1.86335 -1.44262e-19)
(0.888446 3.27512 7.70914e-20)
(0.974906 3.5392 1.98582e-19)
(0.788767 2.94387 0)
(0.0698091 0.35454 0)
(-0.129703 -0.411259 -1.40727e-19)
(-0.104911 -0.333704 0)
(-0.0423296 -0.0561087 0)
(-0.00285488 0.0975696 3.84482e-20)
(0.0138908 0.0775854 7.03023e-19)
(0.214952 0.613906 -1.43137e-18)
(0.380488 1.03995 1.31463e-18)
(0.603535 1.60087 -9.12673e-19)
(0.672566 1.7866 -5.37452e-19)
(0.673814 1.80296 -2.54604e-19)
(0.65227 1.77091 0)
(0.62637 1.7353 0)
(0.596287 1.7042 -1.91368e-19)
(0.561499 1.67851 -7.45658e-20)
(0.524018 1.66988 9.77267e-20)
(0.558404 1.91972 1.54377e-19)
(0.910246 3.32209 -9.55089e-20)
(0.987193 3.53157 -1.16217e-19)
(0.783984 2.84658 -6.93952e-20)
(0.0436123 0.255508 1.88163e-19)
(-0.16903 -0.438534 1.89022e-19)
(-0.116148 -0.314832 -4.76885e-19)
(-0.0281707 -0.0514159 0)
(0.00275064 0.0330363 -5.23585e-19)
(0.00123252 0.0065259 -6.54485e-19)
(0.160371 0.521555 -6.56111e-19)
(0.308203 0.941319 6.76182e-19)
(0.536009 1.5596 0)
(0.6217 1.78884 3.23877e-19)
(0.630399 1.81939 -1.08729e-20)
(0.615597 1.79237 1.90352e-19)
(0.595749 1.75881 2.27215e-21)
(0.572004 1.72926 -1.8918e-19)
(0.543891 1.70435 7.00753e-20)
(0.514137 1.69583 0)
(0.552731 1.95068 3.15886e-19)
(0.91372 3.32927 7.13125e-20)
(0.994062 3.51198 -1.02688e-19)
(0.837532 2.80189 0)
(0.168983 0.35413 0)
(-0.10037 -0.476783 4.42075e-20)
(-0.0793009 -0.378648 1.77723e-19)
(0.0108058 -0.075469 0)
(0.0341499 0.0505363 4.82495e-19)
(0.0169266 0.0421865 -1.12622e-18)
(0.10613 0.400791 7.31861e-20)
(0.231988 0.798705 -1.2264e-19)
(0.462997 1.47749 -5.82282e-19)
(0.567414 1.77303 -2.31055e-19)
(0.587534 1.82764 2.33421e-19)
(0.579641 1.80886 2.18762e-22)
(0.565328 1.77798 1.2522e-19)
(0.547434 1.75005 0)
(0.525507 1.72602 1.35411e-19)
(0.502434 1.71726 -9.85313e-20)
(0.533645 1.9504 1.59506e-19)
(0.891755 3.29332 4.14764e-21)
(0.957965 3.48569 7.74621e-20)
(0.816652 2.82298 8.61548e-20)
(0.250363 0.505003 6.76819e-20)
(-0.0549023 -0.384666 1.8389e-20)
(-0.0775594 -0.384083 -1.13083e-19)
(0.00700257 -0.0649391 2.02569e-20)
(0.0405838 0.10497 3.96916e-19)
(0.0299204 0.108153 1.48022e-20)
(0.05849 0.259426 -3.42806e-20)
(0.153458 0.599394 1.4399e-21)
(0.384334 1.33936 -1.32291e-19)
(0.511343 1.72828 0)
(0.547081 1.82673 0)
(0.545897 1.82118 8.01007e-20)
(0.535909 1.79285 -1.23824e-19)
(0.522865 1.76642 -1.76081e-19)
(0.506499 1.74329 1.28871e-19)
(0.488846 1.73387 4.7948e-20)
(0.512408 1.92666 9.64672e-22)
(0.840391 3.23705 -4.86302e-21)
(0.884379 3.4956 -1.00193e-19)
(0.7292 2.94928 -1.75076e-21)
(0.18599 0.894403 -9.88366e-21)
(-0.174409 -0.257999 7.13315e-20)
(-0.215022 -0.440279 1.20938e-19)
(-0.101413 -0.197138 0)
(-0.000228229 0.0805659 -2.3132e-21)
(0.0218454 0.134167 2.33531e-20)
(0.024064 0.121491 1.75615e-19)
(0.0814281 0.355577 0)
(0.296746 1.11859 -1.19737e-19)
(0.45143 1.63794 0)
(0.5068 1.81111 -1.44801e-19)
(0.514347 1.82755 -7.49567e-20)
(0.508113 1.80408 5.68545e-20)
(0.498622 1.7784 8.29966e-20)
(0.487429 1.75645 -6.33554e-20)
(0.47461 1.74713 -8.94771e-20)
(0.488935 1.89229 8.00827e-20)
(0.79288 3.14093 0)
(0.85877 3.57229 0)
(0.69196 3.24565 2.23958e-20)
(0.229868 1.569 7.48186e-20)
(-0.193329 0.0489035 1.82692e-20)
(-0.334258 -0.563302 1.86728e-20)
(-0.258565 -0.593566 2.72077e-19)
(-0.079142 -0.170534 -1.14774e-20)
(4.86053e-05 0.0765578 -7.66079e-19)
(0.00757996 0.0204121 1.17859e-19)
(0.0320916 0.13303 3.27587e-20)
(0.189294 0.769916 8.82998e-21)
(0.383764 1.47707 1.42332e-20)
(0.466925 1.77199 0)
(0.484445 1.82616 -1.69464e-20)
(0.48216 1.81364 1.30929e-20)
(0.474795 1.78622 3.31186e-22)
(0.467861 1.76549 0)
(0.463762 1.75366 -1.07468e-20)
(0.471738 1.84884 -1.48363e-22)
(0.766185 2.89844 0)
(0.972577 3.61634 -6.7549e-20)
(0.974771 3.56827 -1.225e-20)
(0.613362 2.4397 -8.45393e-20)
(0.0110507 0.598483 2.19724e-20)
(-0.345221 -0.436001 0)
(-0.444033 -0.996433 1.3222e-19)
(-0.346681 -1.15673 -1.30829e-19)
(-0.0993264 -0.475175 3.15741e-21)
(-0.000256454 -0.0261062 0)
(0.00967532 0.000379946 4.0486e-33)
(0.0786748 0.337542 0)
(0.280736 1.15319 0)
(0.41745 1.67589 0)
(0.454375 1.81553 0)
(0.456763 1.82019 0)
(0.450712 1.79205 -5.79407e-34)
(0.447557 1.76955 0)
(0.44893 1.75047 -1.38255e-33)
(0.460681 1.7866 0)
(0.669688 2.41834 0)
(1.03372 3.43278 0)
(1.1426 3.48071 0)
(1.16546 3.11158 0)
(0.846774 1.85117 0)
(0.477293 0.602433 0)
(0.210228 -0.242304 0)
(0.0227369 -1.23918 0)
(-0.0645586 -1.46488 0)
(-0.000210475 -0.025744 0)
(0.00218114 -0.0558573 0)
(0.0264386 0.0705283 0)
(0.151229 0.66537 0)
(0.341555 1.4608 0)
(0.418253 1.77634 0)
(0.428935 1.81742 0)
(0.426867 1.79793 0)
(0.423901 1.77119 0)
(0.424148 1.74302 0)
(0.447146 1.74725 0)
(0.542484 2.08135 0)
(0.958237 3.20814 0)
(1.10578 3.36749 0)
(1.15145 3.17745 0)
(1.02968 2.47271 0)
(0.69982 1.25781 0)
(0.435465 0.280657 0)
(0.223903 -0.59449 0)
(0.0623967 -1.14005 0)
(-0.000185366 -0.0241693 0)
(-0.00061543 -0.0728441 0)
(0.0077866 -0.0273027 0)
(0.0583015 0.267144 0)
(0.249059 1.14299 0)
(0.372416 1.69083 0)
(0.398615 1.81104 0)
(0.400619 1.80541 0)
(0.39488 1.77281 0)
(0.397485 1.73404 0)
(0.423124 1.72282 0)
(0.466343 1.89089 0)
(0.806235 2.93507 0)
(0.951095 3.26829 0)
(0.97074 3.18259 0)
(0.93264 2.80962 0)
(0.695219 1.86496 0)
(0.474357 0.883032 0)
(0.26043 0.0384051 0)
(0.0794882 -0.612983 0)
(-0.000252374 -0.0201286 0)
(-0.00179905 -0.0730913 0)
(0.00110417 -0.0698201 0)
(0.0257293 0.0778113 0)
(0.154601 0.770487 0)
(0.315876 1.54914 0)
(0.36523 1.79492 0)
(0.368212 1.80852 0)
(0.363912 1.77284 0)
(0.363975 1.72759 0)
(0.381492 1.69808 0)
(0.414535 1.77902 0)
(0.625187 2.65225 0)
(0.75291 3.20128 0)
(0.743156 3.19155 0)
(0.696342 2.9818 0)
(0.537096 2.26706 0)
(0.363989 1.39143 0)
(0.195774 0.576493 0)
(0.055681 -0.0964464 0)
(-0.000116915 -0.016638 0)
(-0.000264045 -0.0729755 0)
(0.00308704 -0.0932416 0)
(0.0183433 -0.0142607 0)
(0.0790201 0.419974 0)
(0.253473 1.35645 0)
(0.325522 1.76223 0)
(0.331261 1.80703 0)
(0.328511 1.77442 0)
(0.322734 1.72557 0)
(0.334513 1.67964 0)
(0.34987 1.72761 0)
(0.467972 2.41451 0)
(0.580732 3.16544 0)
(0.557033 3.25186 0)
(0.50973 3.17794 0)
(0.380387 2.65276 0)
(0.22593 1.8143 0)
(0.118918 0.944144 0)
(0.0298564 0.22498 0)
(3.85281e-05 -0.0175249 0)
(-0.00189995 -0.0765717 0)
(-0.00117708 -0.1177 0)
(0.0157262 -0.0759999 0)
(0.0541959 0.204074 0)
(0.191359 1.13433 0)
(0.278392 1.70959 0)
(0.291662 1.80489 0)
(0.287786 1.78173 0)
(0.280418 1.72463 0)
(0.280058 1.66811 0)
(0.286658 1.69732 0)
(0.347055 2.25982 0)
(0.460992 3.12595 0)
(0.450682 3.30074 0)
(0.424757 3.28736 0)
(0.369784 2.97004 0)
(0.243567 2.13117 0)
(0.141506 1.24274 0)
(0.0370646 0.507179 0)
(-0.00157465 -0.00239846 0)
(-0.0204532 -0.0353192 0)
(-0.040142 -0.123391 0)
(-0.0355868 -0.150991 0)
(0.0132809 0.0783905 0)
(0.123442 0.928115 0)
(0.224045 1.63532 0)
(0.249796 1.80168 0)
(0.245494 1.79105 0)
(0.234011 1.72954 0)
(0.223109 1.6702 0)
(0.227902 1.68311 0)
(0.253444 2.14339 0)
(0.364276 3.08024 0)
(0.372218 3.31793 0)
(0.360512 3.31555 0)
(0.352801 3.11191 0)
(0.271208 2.39467 0)
(0.166131 1.57505 0)
(0.0471061 0.878086 0)
(-0.00280011 0.0531317 0)
(-0.031369 0.0877344 0)
(-0.0654194 -0.0648336 0)
(-0.0693646 -0.17097 0)
(-0.0517534 -0.0574265 0)
(0.0665811 0.729326 0)
(0.179348 1.54081 0)
(0.211904 1.79764 0)
(0.201859 1.80226 0)
(0.18398 1.74035 0)
(0.167478 1.67675 0)
(0.166549 1.68101 0)
(0.166648 2.04758 0)
(0.278645 3.02154 0)
(0.294134 3.3157 0)
(0.284439 3.32609 0)
(0.27836 3.18245 0)
(0.22267 2.61253 0)
(0.133294 1.91332 0)
(0.0305228 1.24009 0)
(-0.00157867 0.0927103 0)
(-0.000420104 0.149833 0)
(0.0491929 -0.0881778 0)
(0.129812 -0.227851 0)
(0.164988 -0.0783369 0)
(0.113604 0.465446 0)
(0.189087 1.44826 0)
(0.184159 1.79989 0)
(0.155442 1.81691 0)
(0.13236 1.75298 0)
(0.115598 1.68623 0)
(0.108402 1.69005 0)
(0.0932811 1.97377 0)
(0.192469 2.95713 0)
(0.2185 3.31701 0)
(0.205401 3.34572 0)
(0.193952 3.24318 0)
(0.149999 2.78232 0)
(0.0823639 2.19417 0)
(0.00965017 1.48301 0)
(0.000540563 0.0822783 0)
(0.0731076 -0.121499 0)
(0.230491 -0.475337 0)
(0.317586 -0.431574 0)
(0.319151 -0.0211647 0)
(0.211785 0.55373 0)
(0.173234 1.452 0)
(0.137317 1.83239 0)
(0.0983272 1.83805 0)
(0.0784089 1.76569 0)
(0.0663824 1.69558 0)
(0.0556671 1.70197 0)
(0.0377786 1.93095 0)
(0.12419 2.89602 0)
(0.146419 3.31761 0)
(0.13207 3.37321 0)
(0.118303 3.30014 0)
(0.0835694 2.91008 0)
(0.0348913 2.39882 0)
(-0.00657545 1.5852 0)
(0.00837783 -0.0658617 0)
(0.114251 -0.678569 0)
(0.199334 -0.755661 0)
(0.210236 -0.414713 0)
(0.166063 0.122603 0)
(0.107761 0.730201 0)
(0.0659184 1.50654 0)
(0.0317003 1.87816 0)
(0.0187942 1.86045 0)
(0.0181986 1.77312 0)
(0.0204322 1.70153 0)
(0.0174622 1.71254 0)
(0.00638893 1.91017 0)
(0.0684435 2.84033 0)
(0.083475 3.31908 0)
(0.0697713 3.40321 0)
(0.0551466 3.34819 0)
(0.0291129 3.00009 0)
(-0.00253082 2.52812 0)
(-0.0122091 1.57606 0)
(0.0147214 -0.289444 0)
(0.063928 -0.923198 0)
(0.0697692 -0.7759 0)
(0.0403545 -0.33759 0)
(-0.00411576 0.216591 0)
(-0.0561645 0.832187 0)
(-0.109086 1.57497 0)
(-0.110823 1.88694 0)
(-0.0784747 1.85473 0)
(-0.0448597 1.76604 0)
(-0.0194052 1.69702 0)
(-0.00851665 1.71486 0)
(-0.00581564 1.90083 0)
(0.0232281 2.79982 0)
(0.0288371 3.32532 0)
(0.016629 3.43245 0)
(0.000891956 3.3863 0)
(-0.0153571 3.06117 0)
(-0.0344081 2.58687 0)
(-0.0171689 1.48114 0)
(0.0067547 -0.434764 0)
(0.00361431 -0.927397 0)
(-0.0400459 -0.66986 0)
(-0.0959442 -0.22373 0)
(-0.159705 0.322396 0)
(-0.233085 0.951051 0)
(-0.285985 1.62099 0)
(-0.244609 1.82381 0)
(-0.167762 1.80458 0)
(-0.101626 1.7314 0)
(-0.0517641 1.67554 0)
(-0.0251712 1.70588 0)
(-0.0143426 1.89916 0)
(-0.0129234 2.77963 0)
(-0.0158966 3.33575 0)
(-0.0286842 3.46268 0)
(-0.0421344 3.41585 0)
(-0.0520175 3.09596 0)
(-0.0529777 2.56828 0)
(-0.0153228 1.34218 0)
(-0.00116139 -0.439831 0)
(-0.0529971 -0.737163 0)
(-0.14099 -0.458385 0)
(-0.235586 -0.0326326 0)
(-0.329229 0.506189 0)
(-0.412809 1.1091 0)
(-0.413261 1.57714 0)
(-0.325721 1.71924 0)
(-0.226902 1.7165 0)
(-0.139144 1.67421 0)
(-0.0736447 1.63965 0)
(-0.0346873 1.68673 0)
(-0.0202579 1.90212 0)
(-0.0389761 2.78551 0)
(-0.0480236 3.34884 0)
(-0.062506 3.48837 0)
(-0.0734616 3.43325 0)
(-0.076383 3.10421 0)
(-0.0599988 2.47788 0)
(-0.0131406 1.20213 0)
(-0.00937907 -0.309257 0)
(-0.0835914 -0.429618 0)
(-0.190817 -0.162963 0)
(-0.302583 0.218322 0)
(-0.4063 0.68485 0)
(-0.457185 1.15784 0)
(-0.430511 1.46545 0)
(-0.342848 1.58972 0)
(-0.244714 1.61637 0)
(-0.153511 1.60485 0)
(-0.0830212 1.59448 0)
(-0.0379815 1.66224 0)
(-0.0232155 1.91206 0)
(-0.0523154 2.80669 0)
(-0.064796 3.36612 0)
(-0.0779948 3.51189 0)
(-0.0842392 3.44269 0)
(-0.0807863 3.08166 0)
(-0.0501783 2.34551 0)
(-0.0104464 1.08536 0)
(-0.00912127 -0.132894 0)
(-0.0781911 -0.0978823 0)
(-0.177334 0.143397 0)
(-0.27923 0.463519 0)
(-0.365454 0.830592 0)
(-0.406537 1.16674 0)
(-0.368241 1.36985 0)
(-0.304768 1.48206 0)
(-0.226718 1.52624 0)
(-0.149012 1.53661 0)
(-0.0810907 1.54824 0)
(-0.0345634 1.63479 0)
(-0.0175061 1.92542 0)
(-0.0510728 2.83383 0)
(-0.0650383 3.38256 0)
(-0.0760698 3.52758 0)
(-0.0795889 3.44067 0)
(-0.0680028 3.03143 0)
(-0.0342656 2.22121 0)
(-0.00744477 1.00203 0)
(-0.00532942 0.00607887 0)
(-0.054922 0.178958 0)
(-0.130162 0.401455 0)
(-0.207373 0.665188 0)
(-0.270499 0.943254 0)
(-0.298283 1.17252 0)
(-0.284063 1.32067 0)
(-0.24608 1.41405 0)
(-0.192955 1.45985 0)
(-0.132796 1.48043 0)
(-0.0733112 1.50406 0)
(-0.0242812 1.60218 0)
(-0.00333244 1.94028 0)
(-0.0399023 2.86413 0)
(-0.0545035 3.39846 0)
(-0.0630066 3.53697 0)
(-0.0627364 3.42773 0)
(-0.0469737 2.9674 0)
(-0.0199932 2.13189 0)
(-0.00466961 0.949187 0)
(-0.0023822 0.0861787 0)
(-0.0303231 0.368849 0)
(-0.0804102 0.589964 0)
(-0.134297 0.812463 0)
(-0.179196 1.02767 0)
(-0.202839 1.19108 0)
(-0.204891 1.30334 0)
(-0.185875 1.37303 0)
(-0.155482 1.41469 0)
(-0.11418 1.43743 0)
(-0.0665387 1.46299 0)
(-0.0176329 1.56414 0)
(0.00689597 1.95849 0)
(-0.0330738 2.89855 0)
(-0.0472412 3.41064 0)
(-0.0475784 3.54039 0)
(-0.0435232 3.41081 0)
(-0.0291507 2.91099 0)
(-0.0120096 2.08033 0)
(-0.00305394 0.916604 0)
(-0.00072026 0.121318 0)
(-0.0131384 0.477949 0)
(-0.04262 0.715533 0)
(-0.0788093 0.915066 0)
(-0.111003 1.09098 0)
(-0.131859 1.21639 0)
(-0.142094 1.30503 0)
(-0.136046 1.35486 0)
(-0.121914 1.38773 0)
(-0.0976817 1.40721 0)
(-0.0639172 1.42862 0)
(-0.0253382 1.5265 0)
(-0.00576182 1.97847 0)
(-0.0433545 2.93205 0)
(-0.0485252 3.41087 0)
(-0.043023 3.53187 0)
(-0.0322776 3.38941 0)
(-0.019713 2.86961 0)
(-0.00977406 2.05165 0)
(-0.00241511 0.891558 0)
(-2.97711e-06 0.131569 0)
(-0.00342587 0.528484 0)
(-0.0180825 0.792445 0)
(-0.0413261 0.985524 0)
(-0.064755 1.13941 0)
(-0.0829568 1.24341 0)
(-0.0958967 1.31527 0)
(-0.0982958 1.35156 0)
(-0.0950709 1.37571 0)
(-0.0851638 1.38991 0)
(-0.0674263 1.40545 0)
(-0.0511656 1.50179 0)
(-0.0448946 1.99706 0)
(-0.0706906 2.95111 0)
(-0.059036 3.39887 0)
(-0.0440117 3.50785 0)
(-0.027649 3.36204 0)
(-0.0156391 2.8411 0)
(-0.00949378 2.03195 0)
(-0.0019822 0.868812 0)
(0.000253571 0.130555 0)
(0.00139703 0.542316 0)
(-0.00362671 0.834222 0)
(-0.0174455 1.033 0)
(-0.0344679 1.17711 0)
(-0.0501711 1.26901 0)
(-0.0634809 1.32913 0)
(-0.0706455 1.35693 0)
(-0.0744212 1.37337 0)
(-0.0756441 1.38372 0)
(-0.074493 1.39894 0)
(-0.0810735 1.49819 0)
(-0.0873702 2.00616 0)
(-0.0934434 2.94919 0)
(-0.0704389 3.36811 0)
(-0.0467371 3.47073 0)
(-0.026431 3.32838 0)
(-0.0143562 2.81909 0)
(-0.00944185 2.01275 0)
(-0.00159467 0.847594 0)
(0.000277951 0.125173 0)
(0.00306901 0.53829 0)
(0.00379147 0.851698 0)
(-0.00314068 1.06375 0)
(-0.015141 1.20663 0)
(-0.0284115 1.29241 0)
(-0.0411495 1.34453 0)
(-0.0505876 1.36726 0)
(-0.0583443 1.37799 0)
(-0.066569 1.38718 0)
(-0.0771254 1.40448 0)
(-0.0983142 1.5135 0)
(-0.110579 1.9992 0)
(-0.0949051 2.93425 0)
(-0.0690903 3.32841 0)
(-0.0428789 3.42626 0)
(-0.0222647 3.29186 0)
(-0.011764 2.80132 0)
(-0.00847062 1.99336 0)
(-0.00104128 0.829222 0)
(0.000262941 0.118986 0)
(0.0037025 0.524415 0)
(0.00750331 0.853334 0)
(0.00503144 1.08197 0)
(-0.00296506 1.22916 0)
(-0.0138733 1.31301 0)
(-0.0254466 1.35985 0)
(-0.0354107 1.37942 0)
(-0.0450065 1.38655 0)
(-0.0563421 1.39588 0)
(-0.0715584 1.4192 0)
(-0.0961128 1.53825 0)
(-0.109768 1.98061 0)
(-0.0710031 2.912 0)
(-0.0517547 3.29243 0)
(-0.0307378 3.38567 0)
(-0.0141753 3.26059 0)
(-0.00774924 2.79237 0)
(-0.00669291 1.97625 0)
(-0.000390295 0.815397 0)
(0.000231051 0.113008 0)
(0.00354891 0.507924 0)
(0.00858728 0.847086 0)
(0.00919719 1.09097 0)
(0.00422043 1.24569 0)
(-0.0042638 1.33034 0)
(-0.0142657 1.37404 0)
(-0.0236758 1.3913 0)
(-0.0332692 1.39624 0)
(-0.0449153 1.40686 0)
(-0.0591238 1.43618 0)
(-0.0782588 1.56186 0)
(-0.0867806 1.95451 0)
(-0.0386304 2.8811 0)
(-0.0258985 3.2679 0)
(-0.0144694 3.35797 0)
(-0.00579256 3.24085 0)
(-0.00570785 2.79299 0)
(-0.00541207 1.96102 0)
(7.09336e-05 0.805776 0)
(0.000187406 0.107817 0)
(0.00315848 0.491772 0)
(0.00845382 0.835739 0)
(0.0108342 1.09349 0)
(0.00817932 1.2571 0)
(0.00170649 1.34423 0)
(-0.00649005 1.38637 0)
(-0.0147187 1.40169 0)
(-0.023022 1.40552 0)
(-0.0322803 1.41688 0)
(-0.0422078 1.45008 0)
(-0.0519579 1.57885 0)
(-0.0554727 1.93119 0)
(-0.0112426 2.84033 0)
(-0.0014548 3.25643 0)
(-0.00065626 3.34808 0)
(-0.00181711 3.23904 0)
(-0.00594844 2.80177 0)
(-0.00555493 1.94496 0)
(0.000173996 0.798003 0)
(0.00103033 0.284028 0)
(0.00471465 0.643267 0)
(0.00912044 0.961352 0)
(0.0106366 1.1908 0)
(0.00832889 1.32403 0)
(0.00342005 1.38737 0)
(-0.0021884 1.41139 0)
(-0.00704659 1.41563 0)
(-0.0104914 1.41928 0)
(-0.00943151 1.42887 0)
(-0.00145763 1.49821 0)
(0.00503576 1.70317 0)
(-0.000216939 2.28251 0)
(0.0203504 3.10138 0)
(0.0108659 3.34766 0)
(-0.000486998 3.35078 0)
(-0.00984644 3.09389 0)
(-0.0126207 2.42685 0)
(-0.00405908 1.33376 0)
(0.000142854 0.790596 0)
(-0.0876034 0.6137 -2.30907e-19)
(0.169386 3.11615 -1.2332e-19)
(0.201068 3.60153 -2.85608e-20)
(0.17822 3.58323 -5.14925e-20)
(0.160367 3.51821 1.30064e-20)
(0.146494 3.47885 7.8912e-22)
(0.122471 3.45006 -1.16361e-20)
(0.113461 3.4393 -1.52019e-20)
(0.0984889 3.3506 3.71597e-19)
(0.0706659 2.43342 4.24352e-19)
(-0.0308387 1.2055 0)
(0.0728974 3.13987 2.01156e-22)
(0.0973172 3.53881 9.15393e-20)
(0.0984077 3.53033 2.23474e-19)
(0.094837 3.48473 2.54812e-19)
(0.0890065 3.45406 1.04784e-20)
(0.0818504 3.43565 3.63243e-19)
(0.0721994 3.43038 3.98914e-19)
(0.0558571 3.32756 4.01773e-19)
(0.0255258 2.24928 -3.2795e-21)
(-0.0258928 1.03773 7.00073e-20)
(0.0445774 3.05802 -1.2958e-19)
(0.0565844 3.49305 1.94363e-19)
(0.0594476 3.49338 0)
(0.0593934 3.45785 6.2885e-19)
(0.0580575 3.4343 0)
(0.0556118 3.42226 -1.25459e-20)
(0.0527169 3.42386 4.29542e-19)
(0.0477273 3.34235 6.83551e-21)
(0.0285914 2.31687 4.56709e-19)
(-0.0175963 0.939211 -2.21267e-19)
(0.0184439 3.0168 -2.06705e-21)
(0.028129 3.46084 -4.2511e-21)
(0.0331374 3.46352 0)
(0.0359466 3.43436 -1.10902e-20)
(0.0380503 3.4159 -3.86659e-19)
(0.0400786 3.40832 4.29421e-19)
(0.0425146 3.4134 0)
(0.0430222 3.34855 4.56665e-19)
(0.0294298 2.38045 1.86452e-21)
(-0.0130939 0.88811 -1.42656e-19)
(-0.000245695 3.00965 -1.53087e-19)
(0.00987936 3.43629 1.46561e-19)
(0.015583 3.43776 1.80202e-19)
(0.0208277 3.41261 1.9238e-19)
(0.0257293 3.39744 2.09818e-19)
(0.0309611 3.39237 -2.22598e-19)
(0.0366878 3.3994 -2.48431e-19)
(0.0404503 3.34968 -2.30773e-19)
(0.03138 2.44237 -2.58324e-19)
(-0.0105346 0.870129 -2.49453e-21)
(-0.0100791 3.02127 -2.91477e-21)
(-0.0025503 3.41601 -2.05689e-19)
(0.00415542 3.4137 -2.0079e-19)
(0.0109891 3.39103 -2.23818e-19)
(0.0180732 3.37778 -2.35897e-19)
(0.0256435 3.37415 -2.47497e-19)
(0.0337401 3.38244 2.57705e-19)
(0.0399476 3.34648 -2.5207e-19)
(0.0350077 2.50514 -2.72968e-19)
(-0.00972714 0.870074 1.8168e-19)
(-0.0174024 3.04514 2.02376e-19)
(-0.012298 3.39754 3.88632e-21)
(-0.00395425 3.38976 -2.20452e-19)
(0.00427605 3.36839 0)
(0.0131448 3.35615 2.76745e-19)
(0.0227372 3.35327 -4.26423e-20)
(0.0329386 3.36234 2.69023e-19)
(0.0417473 3.33886 0)
(0.0404044 2.56977 2.87359e-19)
(-0.0106472 0.887592 -3.28509e-21)
(-0.0246084 3.07615 1.41706e-20)
(-0.0206249 3.37824 4.67097e-19)
(-0.0106826 3.36423 0)
(-0.0009461 3.34341 -2.3452e-22)
(0.00978157 3.33152 2.66218e-19)
(0.0214487 3.32895 -1.78244e-20)
(0.0338925 3.33839 3.00482e-19)
(0.0456517 3.32622 -3.11782e-19)
(0.0475197 2.63799 4.90882e-21)
(-0.0130946 0.924266 -2.22821e-19)
(-0.0336637 3.10969 1.14502e-20)
(-0.0294868 3.35561 -1.60877e-20)
(-0.0173494 3.33526 -2.64016e-19)
(-0.00561018 3.31446 -2.36749e-22)
(0.00731907 3.30262 1.86448e-20)
(0.0213492 3.30019 -1.94217e-20)
(0.036275 3.30979 -1.00452e-20)
(0.051294 3.30771 1.03537e-20)
(0.0562083 2.71015 3.49266e-19)
(-0.0190542 0.994907 -2.57315e-19)
(-0.0456489 3.14114 -2.75445e-19)
(-0.0396458 3.32681 -2.74011e-19)
(-0.0245555 3.30086 0)
(-0.00998462 3.28001 3.04343e-19)
(0.00563897 3.26837 -3.54486e-19)
(0.0222675 3.26624 3.52814e-19)
(0.0397998 3.27601 0)
(0.0579013 3.28253 -3.44417e-19)
(0.0658404 2.78475 1.97382e-19)
(-0.0290704 1.1188 0)
(-0.0601455 3.16507 4.61124e-21)
(-0.0504995 3.2896 9.66812e-22)
(-0.0317526 3.25982 1.60707e-19)
(-0.0138113 3.23976 -1.76913e-19)
(0.00472077 3.22886 -1.61581e-19)
(0.0239012 3.22725 -1.8238e-19)
(0.0439088 3.23711 0)
(0.0643949 3.25029 -2.0336e-19)
(0.0754456 2.86015 2.04669e-19)
(-0.0411765 1.31599 -4.94601e-21)
(-0.0735895 3.17529 3.31219e-19)
(-0.0597681 3.24391 1.4705e-19)
(-0.0370999 3.21319 1.78368e-19)
(-0.0163173 3.1952 0)
(0.00414349 3.18564 3.95849e-19)
(0.0249995 3.18457 4.35634e-19)
(0.046931 3.19408 1.33099e-20)
(0.0693003 3.21162 0)
(0.084229 2.93071 -7.07969e-21)
(-0.0518564 1.59217 -1.83549e-19)
(-0.0835157 3.17006 1.99094e-19)
(-0.0628253 3.19159 -1.20317e-20)
(-0.0388392 3.16329 2.07057e-19)
(-0.0170975 3.14749 4.45091e-19)
(0.00375329 3.13932 1.36104e-22)
(0.0248849 3.13928 -2.19542e-19)
(0.0471254 3.14894 0)
(0.0702235 3.169 2.00469e-20)
(0.0906197 2.99289 0)
(-0.0557729 1.9387 -6.23984e-21)
(-0.0841032 3.14853 -1.8991e-19)
(-0.061156 3.13638 -1.49293e-19)
(-0.0391592 3.11031 0)
(-0.0175401 3.09594 5.73748e-20)
(0.00395746 3.08928 9.78795e-23)
(0.0255865 3.09075 -1.50472e-19)
(0.0466609 3.10164 -1.58185e-20)
(0.0672382 3.12417 1.62428e-20)
(0.0924941 3.04055 0)
(-0.0576236 2.33645 -1.06344e-19)
(-0.0828181 3.10643 1.37866e-19)
(-0.0604236 3.0756 1.00492e-19)
(-0.03834 3.05427 1.18695e-19)
(-0.0163925 3.04466 3.21609e-20)
(0.00421842 3.04093 6.49774e-20)
(0.0246846 3.04252 3.30511e-20)
(0.0453351 3.05134 1.17389e-19)
(0.066234 3.07194 1.20582e-19)
(0.093677 3.06016 7.68027e-21)
(-0.0539162 2.71475 5.2766e-20)
(-0.0775272 3.03479 -8.66815e-21)
(-0.042624 3.01691 0)
(-0.0224992 3.01007 3.24489e-20)
(-0.008452 3.00847 -9.76179e-20)
(0.00292177 3.00826 8.6787e-22)
(0.0144615 3.00802 -6.90484e-20)
(0.0277138 3.01094 1.69449e-20)
(0.0481021 3.01814 -1.94124e-20)
(0.0862025 3.0274 0)
(0.773649 -0.0450659 0)
(1.00742 -0.0768859 0)
(0.999182 -0.0411429 0)
(0.999887 -0.0220088 0)
(1.00006 -0.0116798 0)
(1.00011 -0.0066443 0)
(1.00009 -0.00391893 0)
(1.00004 -0.00228015 0)
(1.00001 -0.00120225 0)
(0.999992 -0.00041157 0)
(0.999984 0.000289823 0)
(0.999983 0.00099534 0)
(1.00001 0.00185684 0)
(1.00004 0.00311422 0)
(1.00005 0.00517016 0)
(1.00003 0.00879206 0)
(0.999947 0.0159165 0)
(0.999619 0.0305906 0)
(1.00215 0.0568361 0)
(0.985016 0.088466 0)
(0.842528 -0.0556479 0)
(1.09421 -0.0728163 0)
(1.06562 -0.0595359 0)
(1.03462 -0.0453535 0)
(1.01751 -0.0319369 0)
(1.00898 -0.0210377 0)
(1.00484 -0.0131988 0)
(1.0028 -0.00772229 0)
(1.00179 -0.00369352 0)
(1.00137 -0.000300268 0)
(1.00148 0.00291238 0)
(1.00211 0.00643186 0)
(1.00353 0.0109479 0)
(1.00638 0.0173308 0)
(1.01225 0.0265814 0)
(1.02442 0.0387797 0)
(1.04759 0.0525986 0)
(1.08697 0.0681091 0)
(1.04533 0.074359 0)
(0.360729 0.0151908 0)
(0.630853 -0.0168102 0)
(0.943696 -0.0411164 0)
(1.10669 -0.0513284 0)
(1.08078 -0.0439775 0)
(1.05106 -0.0365117 0)
(1.03092 -0.029368 0)
(1.01822 -0.0219345 0)
(1.01084 -0.0148037 0)
(1.00683 -0.00853613 0)
(1.00488 -0.00304483 0)
(1.00446 0.00213517 0)
(1.0055 0.00736569 0)
(1.00828 0.0129836 0)
(1.01372 0.0194846 0)
(1.02343 0.0266689 0)
(1.03958 0.0338071 0)
(1.06422 0.0408269 0)
(1.09938 0.0492435 0)
(1.07524 0.0507425 0)
(0.629749 0.0169089 0)
(0.517118 -0.00691209 0)
(0.830859 -0.022491 0)
(1.09527 -0.0412 0)
(1.09461 -0.0393342 0)
(1.06418 -0.0331712 0)
(1.04345 -0.0272979 0)
(1.02901 -0.0216171 0)
(1.01914 -0.0157315 0)
(1.01295 -0.00960747 0)
(1.00963 -0.0034196 0)
(1.00887 0.00283258 0)
(1.01068 0.00897338 0)
(1.01517 0.0148471 0)
(1.02298 0.0205465 0)
(1.03487 0.0259844 0)
(1.05207 0.0314727 0)
(1.0773 0.0372892 0)
(1.10464 0.0422459 0)
(1.01708 0.0359316 0)
(0.514976 0.00703709 0)
(0.453011 -0.00423197 0)
(0.744899 -0.0139868 0)
(1.07137 -0.0330459 0)
(1.10218 -0.0345392 0)
(1.07334 -0.0303736 0)
(1.05164 -0.0256002 0)
(1.03681 -0.020434 0)
(1.02637 -0.0150494 0)
(1.01924 -0.00934245 0)
(1.01504 -0.00315899 0)
(1.01398 0.00340023 0)
(1.01626 0.00968868 0)
(1.02161 0.0152434 0)
(1.03011 0.0203182 0)
(1.04232 0.0251859 0)
(1.0601 0.0298547 0)
(1.08663 0.0341299 0)
(1.10237 0.0362629 0)
(0.954174 0.0262324 0)
(0.449566 0.00438706 0)
(0.409902 -0.00299917 0)
(0.680341 -0.00977774 0)
(1.04114 -0.0269115 0)
(1.10535 -0.0303985 0)
(1.08149 -0.0273468 0)
(1.05886 -0.0234773 0)
(1.04334 -0.0190551 0)
(1.03251 -0.0140343 0)
(1.02505 -0.00854433 0)
(1.02046 -0.00252288 0)
(1.01919 0.00394612 0)
(1.02158 0.0100606 0)
(1.02713 0.0153178 0)
(1.03584 0.0200048 0)
(1.0485 0.0242121 0)
(1.06705 0.027888 0)
(1.094 0.0312705 0)
(1.0935 0.0317066 0)
(0.89506 0.0200678 0)
(0.404834 0.00318703 0)
(0.378302 -0.00225596 0)
(0.631026 -0.00729047 0)
(1.00874 -0.0220671 0)
(1.10578 -0.0270143 0)
(1.08851 -0.0247082 0)
(1.06544 -0.0212249 0)
(1.04945 -0.0173095 0)
(1.03821 -0.0127502 0)
(1.03044 -0.00753463 0)
(1.02562 -0.00169823 0)
(1.02416 0.00456811 0)
(1.02648 0.0104287 0)
(1.03207 0.0153563 0)
(1.041 0.0195268 0)
(1.05398 0.0230791 0)
(1.07299 0.0261901 0)
(1.09864 0.0290135 0)
(1.07932 0.0280572 0)
(0.84249 0.0159038 0)
(0.371236 0.00248289 0)
(0.354177 -0.00173867 0)
(0.592538 -0.00561255 0)
(0.976759 -0.0181328 0)
(1.10383 -0.0240082 0)
(1.09492 -0.0224274 0)
(1.07146 -0.019123 0)
(1.05514 -0.0154599 0)
(1.04363 -0.0112186 0)
(1.03558 -0.0063097 0)
(1.0305 -0.000710848 0)
(1.02883 0.00531764 0)
(1.03102 0.010873 0)
(1.03662 0.0153918 0)
(1.04563 0.0190638 0)
(1.05875 0.0221642 0)
(1.07813 0.0249237 0)
(1.10073 0.027176 0)
(1.0615 0.0249996 0)
(0.796567 0.0129839 0)
(0.344669 0.00201336 0)
(0.335374 -0.00135539 0)
(0.562002 -0.00439553 0)
(0.94667 -0.0149284 0)
(1.09975 -0.0212674 0)
(1.10044 -0.0202694 0)
(1.07714 -0.0171323 0)
(1.06048 -0.0136253 0)
(1.04877 -0.00956305 0)
(1.04051 -0.00487827 0)
(1.03517 0.000473924 0)
(1.03324 0.00622815 0)
(1.03524 0.0114355 0)
(1.04075 0.0155506 0)
(1.04972 0.018818 0)
(1.06293 0.021566 0)
(1.08262 0.0240093 0)
(1.10129 0.0257252 0)
(1.04127 0.022481 0)
(0.756414 0.0109128 0)
(0.322887 0.00168837 0)
(0.320556 -0.00105857 0)
(0.537516 -0.00346597 0)
(0.91922 -0.0122873 0)
(1.09408 -0.0187049 0)
(1.10518 -0.0181797 0)
(1.08263 -0.015191 0)
(1.06562 -0.011774 0)
(1.0537 -0.00781532 0)
(1.04524 -0.00327274 0)
(1.03964 0.00187595 0)
(1.03741 0.00734612 0)
(1.03915 0.012202 0)
(1.04446 0.0159517 0)
(1.05335 0.0188566 0)
(1.06663 0.0212853 0)
(1.08654 0.0234496 0)
(1.10026 0.0246 0)
(1.01952 0.0204507 0)
(0.720927 0.00943637 0)
(0.304438 0.00146207 0)
(0.30886 -0.000818692 0)
(0.517813 -0.00272289 0)
(0.894752 -0.010065 0)
(1.0874 -0.0162714 0)
(1.10921 -0.0161107 0)
(1.08805 -0.0132464 0)
(1.07068 -0.00985355 0)
(1.05852 -0.0059406 0)
(1.04982 -0.00148039 0)
(1.04394 0.00351552 0)
(1.04135 0.00872956 0)
(1.04273 0.0132548 0)
(1.04779 0.0166614 0)
(1.05656 0.0192137 0)
(1.0699 0.0213386 0)
(1.09 0.023265 0)
(1.0976 0.0238225 0)
(0.996838 0.0188779 0)
(0.689059 0.00839914 0)
(0.288318 0.00130881 0)
(0.299714 -0.000616258 0)
(0.502042 -0.00210239 0)
(0.873386 -0.00814514 0)
(1.08026 -0.0139253 0)
(1.11278 -0.0140017 0)
(1.09345 -0.011238 0)
(1.07573 -0.00781502 0)
(1.06329 -0.00388716 0)
(1.05431 0.000547505 0)
(1.04808 0.00543976 0)
(1.04505 0.0104408 0)
(1.046 0.0146578 0)
(1.05076 0.0177322 0)
(1.05937 0.0199353 0)
(1.07276 0.0217638 0)
(1.09265 0.023429 0)
(1.09328 0.02339 0)
(0.973565 0.0177354 0)
(0.659889 0.00769945 0)
(0.273783 0.00121156 0)
(0.292748 -0.000435971 0)
(0.489634 -0.00155715 0)
(0.855141 -0.00642727 0)
(1.07313 -0.0116168 0)
(1.1162 -0.0118223 0)
(1.09891 -0.00910026 0)
(1.08085 -0.00559685 0)
(1.06808 -0.00159061 0)
(1.05877 0.00287759 0)
(1.05211 0.00772077 0)
(1.04855 0.0125496 0)
(1.04897 0.0164754 0)
(1.05337 0.0192235 0)
(1.06179 0.0210726 0)
(1.0752 0.0226011 0)
(1.09442 0.0239513 0)
(1.08723 0.0233307 0)
(0.949821 0.0169994 0)
(0.632609 0.0072675 0)
(0.260259 0.00115847 0)
(0.28775 -0.000265574 0)
(0.480244 -0.0010506 0)
(0.840022 -0.00482314 0)
(1.06646 -0.00928797 0)
(1.11957 -0.00950024 0)
(1.10449 -0.00676184 0)
(1.08612 -0.00312279 0)
(1.07298 0.00102674 0)
(1.06326 0.00559036 0)
(1.05606 0.0104444 0)
(1.05185 0.0151398 0)
(1.05166 0.0187884 0)
(1.05561 0.0212067 0)
(1.06381 0.0226844 0)
(1.07719 0.0239023 0)
(1.09517 0.024901 0)
(1.07946 0.0236278 0)
(0.925542 0.0166371 0)
(0.606498 0.00705649 0)
(0.247283 0.00114119 0)
(0.284632 -9.44036e-05 0)
(0.473702 -0.000554532 0)
(0.828067 -0.00325839 0)
(1.06066 -0.00687584 0)
(1.12303 -0.00696012 0)
(1.11029 -0.00414243 0)
(1.09162 -0.000302055 0)
(1.07805 0.00405588 0)
(1.06783 0.00878579 0)
(1.05999 0.0137116 0)
(1.055 0.0183106 0)
(1.05405 0.0216911 0)
(1.05748 0.0237722 0)
(1.06541 0.0248589 0)
(1.07873 0.0257413 0)
(1.09484 0.026386 0)
(1.06989 0.024337 0)
(0.900542 0.0166466 0)
(0.580912 0.00703905 0)
(0.234477 0.00115511 0)
(0.283416 9.00815e-05 0)
(0.469982 -4.31759e-05 0)
(0.81937 -0.00166556 0)
(1.05615 -0.00431021 0)
(1.12677 -0.00411976 0)
(1.1164 -0.0011468 0)
(1.09745 0.00296691 0)
(1.08338 0.00760987 0)
(1.07255 0.0125826 0)
(1.06393 0.0176428 0)
(1.05799 0.0221786 0)
(1.05615 0.0252925 0)
(1.05895 0.0270233 0)
(1.06655 0.0277083 0)
(1.07975 0.0282154 0)
(1.09355 0.0284589 0)
(1.05839 0.0255129 0)
(0.874501 0.0170322 0)
(0.555231 0.00720052 0)
(0.221495 0.00119738 0)
(0.284096 0.000266687 0)
(0.469228 0.000530426 0)
(0.814103 4.62214e-06 0)
(1.05333 -0.00150817 0)
(1.13102 -0.00088547 0)
(1.12294 0.00233451 0)
(1.10372 0.00680602 0)
(1.08907 0.0118246 0)
(1.07751 0.0171235 0)
(1.06793 0.0223838 0)
(1.06085 0.0268881 0)
(1.05793 0.0297271 0)
(1.05998 0.0310811 0)
(1.06721 0.0313472 0)
(1.08019 0.0314485 0)
(1.09118 0.0311656 0)
(1.04469 0.0272084 0)
(0.846982 0.0177958 0)
(0.528842 0.00752832 0)
(0.208023 0.00126479 0)
(0.287157 0.000518987 0)
(0.471514 0.00112892 0)
(0.812569 0.00182376 0)
(1.05264 0.00163814 0)
(1.13605 0.00284269 0)
(1.13011 0.00643658 0)
(1.11056 0.0113776 0)
(1.09522 0.0168678 0)
(1.08276 0.0225833 0)
(1.07202 0.0281111 0)
(1.06356 0.0326076 0)
(1.05938 0.0351456 0)
(1.06053 0.0360959 0)
(1.0673 0.0359037 0)
(1.08003 0.0355767 0)
(1.0875 0.0346342 0)
(1.0285 0.029485 0)
(0.817457 0.0189527 0)
(0.501144 0.00801481 0)
(0.193777 0.0013544 0)
(0.292749 0.000804828 0)
(0.477648 0.00192628 0)
(0.815283 0.0039705 0)
(1.05466 0.00522215 0)
(1.14212 0.00722297 0)
(1.13808 0.0113425 0)
(1.11812 0.0168678 0)
(1.10195 0.0229464 0)
(1.08839 0.0291793 0)
(1.07623 0.0350364 0)
(1.06612 0.0395318 0)
(1.06043 0.0417417 0)
(1.06053 0.0422363 0)
(1.06678 0.0415289 0)
(1.07916 0.0406951 0)
(1.08222 0.0389237 0)
(1.00933 0.032425 0)
(0.785274 0.0205117 0)
(0.47152 0.00864996 0)
(0.178495 0.00146259 0)
(0.301369 0.00116008 0)
(0.487861 0.00284763 0)
(0.82264 0.00655191 0)
(1.05983 0.00938204 0)
(1.14965 0.0124378 0)
(1.1471 0.0172641 0)
(1.12659 0.0235236 0)
(1.1094 0.0303284 0)
(1.09447 0.0371841 0)
(1.08058 0.0434184 0)
(1.0685 0.0478888 0)
(1.06099 0.0496913 0)
(1.05993 0.0496718 0)
(1.06556 0.0484013 0)
(1.0772 0.0469754 0)
(1.07486 0.0442397 0)
(0.986597 0.0360901 0)
(0.749678 0.0224721 0)
(0.439361 0.00941422 0)
(0.161953 0.00158297 0)
(0.313711 0.00162064 0)
(0.503014 0.00401527 0)
(0.83522 0.00970908 0)
(1.06885 0.0143966 0)
(1.15916 0.018747 0)
(1.15745 0.0245035 0)
(1.13619 0.0316842 0)
(1.11772 0.0393684 0)
(1.10107 0.0469445 0)
(1.08506 0.0535688 0)
(1.07063 0.0579385 0)
(1.06106 0.0592141 0)
(1.05866 0.0585973 0)
(1.06358 0.0567003 0)
(1.07392 0.0545831 0)
(1.06497 0.0506889 0)
(0.959539 0.040519 0)
(0.709816 0.0247984 0)
(0.404094 0.0102686 0)
(0.143999 0.00170529 0)
(0.33076 0.0022508 0)
(0.524224 0.00557138 0)
(0.85394 0.0137435 0)
(1.08258 0.020581 0)
(1.17123 0.0265257 0)
(1.16953 0.0335049 0)
(1.14717 0.0418195 0)
(1.12703 0.0505391 0)
(1.10821 0.058896 0)
(1.08959 0.0658521 0)
(1.0724 0.069968 0)
(1.06052 0.0705455 0)
(1.05657 0.069182 0)
(1.06076 0.0666055 0)
(1.06903 0.0638472 0)
(1.05192 0.0583838 0)
(0.927198 0.045708 0)
(0.664774 0.0274149 0)
(0.365251 0.0111512 0)
(0.124594 0.00181527 0)
(0.353814 0.00314139 0)
(0.552904 0.00776419 0)
(0.880051 0.0191002 0)
(1.10207 0.0284353 0)
(1.18651 0.036363 0)
(1.18379 0.044927 0)
(1.15978 0.0546095 0)
(1.13742 0.0644895 0)
(1.11582 0.0735934 0)
(1.09402 0.0806917 0)
(1.07364 0.0842717 0)
(1.05919 0.0839005 0)
(1.05353 0.0815998 0)
(1.05701 0.0782888 0)
(1.06261 0.0747969 0)
(1.03485 0.0674043 0)
(0.888421 0.0515739 0)
(0.613656 0.0301727 0)
(0.32257 0.0119672 0)
(0.103866 0.00189386 0)
(0.384948 0.00450819 0)
(0.591088 0.011045 0)
(0.915424 0.0264899 0)
(1.1287 0.0388332 0)
(1.20572 0.0491009 0)
(1.20071 0.0598256 0)
(1.1742 0.0710733 0)
(1.14881 0.0821018 0)
(1.12366 0.0917124 0)
(1.09807 0.0985481 0)
(1.07407 0.101135 0)
(1.05686 0.0994572 0)
(1.04942 0.0960056 0)
(1.05219 0.0918503 0)
(1.05448 0.0873015 0)
(1.01262 0.0776661 0)
(0.841888 0.0579068 0)
(0.555749 0.0328236 0)
(0.276166 0.0125851 0)
(0.0821771 0.00191807 0)
(0.427524 0.0068172 0)
(0.642131 0.0163274 0)
(0.963009 0.0372179 0)
(1.16423 0.0535245 0)
(1.22968 0.066156 0)
(1.22059 0.0799262 0)
(1.19031 0.0926965 0)
(1.16082 0.104502 0)
(1.13128 0.114009 0)
(1.1013 0.119872 0)
(1.07335 0.120796 0)
(1.0533 0.117332 0)
(1.04409 0.112472 0)
(1.04605 0.10733 0)
(1.04374 0.10158 0)
(0.983648 0.0889218 0)
(0.78624 0.0642904 0)
(0.490885 0.0350193 0)
(0.226804 0.0128524 0)
(0.0602064 0.0018638 0)
(0.486689 0.0116096 0)
(0.712195 0.0258496 0)
(1.02756 0.0545261 0)
(1.20981 0.0763307 0)
(1.25925 0.0912022 0)
(1.24302 0.107914 0)
(1.20736 0.121446 0)
(1.17263 0.132947 0)
(1.13791 0.141209 0)
(1.10308 0.145029 0)
(1.07106 0.143392 0)
(1.04823 0.137559 0)
(1.03742 0.130989 0)
(1.03839 0.124907 0)
(1.02944 0.117481 0)
(0.94591 0.100646 0)
(0.72041 0.0700457 0)
(0.420189 0.0364004 0)
(0.176441 0.0126904 0)
(0.0391386 0.00172375 0)
(0.571186 0.0264446 1.9141e-22)
(0.809427 0.0476459 -6.18142e-20)
(1.10917 0.0857477 -2.18225e-21)
(1.26183 0.112258 -5.22219e-21)
(1.29239 0.129841 0)
(1.26543 0.146715 -9.40539e-21)
(1.22349 0.159164 7.5657e-21)
(1.18289 0.168753 -1.86893e-22)
(1.14258 0.174521 0)
(1.10263 0.175358 0)
(1.06632 0.170498 2.00893e-20)
(1.04058 0.161972 0)
(1.02818 0.153675 5.90878e-20)
(1.0284 0.147097 7.94054e-20)
(1.00883 0.137954 0)
(0.89418 0.114807 0)
(0.637488 0.0759334 0)
(0.340434 0.0373026 -4.39594e-21)
(0.124602 0.0124973 -5.17182e-21)
(0.0190464 0.00166034 -9.35573e-20)
(0.635854 0.0560918 -9.24431e-22)
(0.888013 0.0855413 -4.80848e-20)
(1.17734 0.132544 -9.10712e-21)
(1.30516 0.161444 0)
(1.32152 0.18023 1.70907e-20)
(1.28494 0.194886 6.6619e-20)
(1.23694 0.205122 1.60072e-20)
(1.19047 0.212305 2.67091e-20)
(1.14443 0.215438 4.75657e-20)
(1.09905 0.213312 0)
(1.05799 0.205313 -1.76802e-19)
(1.02896 0.194165 -5.45024e-20)
(1.01464 0.184018 -3.31534e-20)
(1.01081 0.175515 0)
(0.97413 0.162708 -1.83869e-19)
(0.8186 0.130444 -1.36908e-20)
(0.533955 0.0816274 -2.60303e-19)
(0.253192 0.0377036 -6.13441e-19)
(0.072211 0.0112762 3.82894e-19)
(-0.00107199 0.000471361 4.15932e-19)
(0.65915 0.0939026 -2.87674e-20)
(0.930985 0.134257 3.28369e-20)
(1.2232 0.19154 6.48644e-21)
(1.33686 0.221467 0)
(1.34407 0.239331 0)
(1.30019 0.249907 6.61986e-20)
(1.24666 0.256309 -3.08487e-20)
(1.19464 0.259846 5.84636e-20)
(1.14317 0.259352 -5.29412e-20)
(1.09263 0.253507 8.85022e-20)
(1.04705 0.241828 0)
(1.01489 0.227688 -1.14648e-19)
(0.998593 0.215389 0)
(0.990276 0.204704 -8.47071e-20)
(0.939007 0.18725 2.52053e-19)
(0.757967 0.145162 -2.8524e-20)
(0.467618 0.0867225 -3.53497e-20)
(0.205387 0.0379718 0)
(0.0456502 0.00948826 4.17752e-19)
(-0.0115574 -0.00134082 -4.61113e-19)
(0.66059 0.13051 -2.55104e-20)
(0.948131 0.184988 2.98959e-20)
(1.25074 0.254909 4.48558e-20)
(1.35789 0.287405 0)
(1.35886 0.302949 6.03198e-20)
(1.30986 0.308949 -5.96792e-20)
(1.25192 0.310817 -5.65823e-20)
(1.1952 0.310025 3.36832e-21)
(1.13894 0.30529 -2.14547e-19)
(1.0837 0.295199 0)
(1.03392 0.27941 2.65125e-21)
(0.998801 0.261957 -7.78884e-22)
(0.980503 0.247257 7.63463e-20)
(0.968041 0.233893 9.19441e-20)
(0.906619 0.211227 1.64041e-19)
(0.714063 0.160204 -6.59005e-20)
(0.429536 0.0937078 -3.8494e-20)
(0.181619 0.0397576 3.18281e-19)
(0.0317541 0.00786289 -2.66488e-20)
(-0.0182621 -0.00343439 4.7126e-19)
(0.653 0.16337 -3.32326e-21)
(0.950777 0.23413 1.98011e-21)
(1.2651 0.318809 -2.96395e-20)
(1.36958 0.354586 -3.91948e-20)
(1.36638 0.367879 -4.29602e-20)
(1.31379 0.369464 -7.71992e-20)
(1.25251 0.366722 0)
(1.19201 0.361444 0)
(1.13171 0.35225 -1.17166e-19)
(1.07234 0.337667 0)
(1.01874 0.317518 -2.20597e-19)
(0.980771 0.296517 1.39104e-19)
(0.960442 0.279187 2.67657e-21)
(0.944327 0.263008 1.02837e-19)
(0.876896 0.235373 -4.81863e-19)
(0.682504 0.176729 -2.84643e-19)
(0.408878 0.103044 -3.77621e-19)
(0.171904 0.0432003 7.91627e-19)
(0.0265385 0.00698536 9.34244e-19)
(-0.0216961 -0.00537818 -3.41225e-20)
(0.641937 0.193102 0)
(0.945431 0.280225 0)
(1.27041 0.381395 0)
(1.37412 0.421092 2.9607e-20)
(1.36791 0.432385 4.73878e-20)
(1.31271 0.429787 1.13168e-19)
(1.24887 0.422607 -6.0259e-20)
(1.18533 0.412952 1.79677e-19)
(1.12165 0.399343 2.41076e-19)
(1.05866 0.380262 0)
(1.00156 0.355689 -2.36702e-19)
(0.960873 0.331042 1.42881e-19)
(0.938473 0.31098 0)
(0.919345 0.292013 0)
(0.849168 0.259688 -1.32102e-19)
(0.659016 0.194597 2.34344e-19)
(0.398426 0.11477 0)
(0.171489 0.0486052 -8.62899e-19)
(0.0277478 0.00742829 1.01876e-18)
(-0.0220312 -0.00671191 -1.19445e-18)
(0.630422 0.220478 -6.43585e-20)
(0.936158 0.323223 -2.75254e-21)
(1.26949 0.441716 -1.21023e-20)
(1.37313 0.485761 -1.11092e-20)
(1.36469 0.495384 0)
(1.30758 0.488926 -4.85394e-20)
(1.24171 0.477579 6.38964e-20)
(1.17567 0.46377 2.50365e-19)
(1.10909 0.445929 -1.18851e-19)
(1.04291 0.422474 2.34451e-19)
(0.982622 0.393546 -1.23371e-19)
(0.939356 0.36526 -1.56274e-19)
(0.914896 0.342454 -1.99295e-19)
(0.893185 0.320724 -1.17357e-19)
(0.822023 0.284147 7.15999e-19)
(0.639531 0.21372 4.23151e-19)
(0.392961 0.127984 1.00106e-19)
(0.175181 0.0556464 -4.70239e-19)
(0.0329224 0.00946203 -6.92041e-20)
(-0.0198341 -0.00716431 1.30364e-18)
(0.619607 0.246021 -3.61971e-20)
(0.925238 0.363474 0)
(1.26423 0.499337 1.72706e-20)
(1.368 0.54798 -2.12047e-22)
(1.35781 0.556179 1.12352e-20)
(1.29925 0.546264 -5.34627e-20)
(1.23178 0.531084 -1.15894e-19)
(1.16365 0.513408 -1.27903e-19)
(1.09457 0.491574 -3.92021e-19)
(1.02553 0.463955 -1.1885e-19)
(0.962298 0.430813 1.32539e-19)
(0.916568 0.398963 -3.45802e-19)
(0.890114 0.373482 1.46267e-21)
(0.8662 0.349109 -2.61861e-19)
(0.794887 0.308633 -1.57262e-19)
(0.621339 0.23366 1.84052e-19)
(0.3887 0.142173 3.26123e-19)
(0.180053 0.0640947 0)
(0.0398757 0.0129346 -7.54456e-20)
(-0.0160631 -0.0067431 -1.2879e-18)
(0.610069 0.270106 0)
(0.914035 0.401277 -9.50258e-20)
(1.25624 0.554099 0)
(1.35983 0.607388 -2.61282e-20)
(1.34817 0.614404 3.4051e-20)
(1.28848 0.601407 -3.21842e-21)
(1.21975 0.582761 -1.27224e-20)
(1.14987 0.561539 6.10604e-20)
(1.07858 0.536009 6.42185e-20)
(1.00692 0.504466 7.64222e-20)
(0.940919 0.467295 -8.39659e-22)
(0.89285 0.431984 -1.82476e-19)
(0.8645 0.403888 -2.27819e-19)
(0.838652 0.376957 2.78557e-19)
(0.767528 0.332742 -5.07167e-19)
(0.602788 0.253575 2.00468e-19)
(0.383175 0.156685 -4.7448e-19)
(0.184192 0.0731852 1.12039e-18)
(0.0470423 0.0173242 -8.21013e-20)
(-0.011579 -0.00560922 -9.62679e-20)
(0.602127 0.293188 -4.24413e-20)
(0.903303 0.437135 -3.3758e-20)
(1.24648 0.606028 -8.59725e-20)
(1.34954 0.663834 -4.18807e-20)
(1.33651 0.66988 4.77402e-21)
(1.27592 0.654126 3.08256e-20)
(1.20618 0.632382 1.79552e-19)
(1.13479 0.607955 2.73878e-19)
(1.06153 0.579046 -7.92106e-20)
(0.987451 0.543862 -2.76518e-19)
(0.918821 0.502862 -3.16518e-19)
(0.868518 0.464209 -4.03554e-19)
(0.838393 0.433558 4.93131e-19)
(0.810762 0.404037 -3.0852e-19)
(0.739947 0.356139 1.87082e-19)
(0.583192 0.272619 -6.56483e-19)
(0.375258 0.17099 5.15812e-19)
(0.185732 0.0824219 -6.08571e-19)
(0.052861 0.0221955 8.9232e-20)
(-0.00722583 -0.00404115 -1.11061e-23)
(0.595591 0.315385 5.20684e-20)
(0.893408 0.471293 -4.16032e-20)
(1.23589 0.654831 1.02153e-19)
(1.33778 0.717244 4.74814e-20)
(1.32341 0.722548 7.50898e-21)
(1.26209 0.704319 4.76442e-20)
(1.19153 0.679816 0)
(1.11886 0.652524 1.52245e-19)
(1.04382 0.62057 -7.00973e-20)
(0.967463 0.582048 -2.22601e-19)
(0.89628 0.537437 0)
(0.843798 0.495541 2.24123e-19)
(0.811983 0.462342 -2.71436e-19)
(0.782672 0.430188 -9.92777e-19)
(0.711872 0.378406 -1.98905e-19)
(0.56205 0.290326 -3.16045e-21)
(0.364793 0.184176 0)
(0.184268 0.0909801 -4.95454e-19)
(0.0563919 0.0267785 -9.67927e-20)
(-0.00373531 -0.00245995 -1.14218e-19)
(0.590498 0.337059 -2.42118e-19)
(0.884484 0.504018 5.98697e-21)
(1.225 0.70109 6.34702e-20)
(1.325 0.767731 3.42613e-20)
(1.30936 0.772391 7.41884e-21)
(1.24746 0.751952 1.94684e-20)
(1.17623 0.725008 6.48557e-20)
(1.10244 0.695182 7.8954e-20)
(1.02577 0.660512 -8.4767e-20)
(0.947225 0.618968 -8.43758e-20)
(0.873513 0.570989 -1.81453e-19)
(0.818863 0.525918 -4.69957e-19)
(0.785437 0.49012 2.65048e-21)
(0.754527 0.455158 0)
(0.683558 0.399204 -4.28678e-19)
(0.53936 0.306284 2.58337e-19)
(0.351674 0.195563 -1.36711e-18)
(0.179734 0.0980565 0)
(0.0571558 0.0303748 8.39659e-19)
(-0.00153515 -0.0012404 0)
(0.586414 0.358209 2.18038e-21)
(0.876466 0.53546 6.52323e-21)
(1.21418 0.744867 -7.34052e-20)
(1.31155 0.815406 0)
(1.29476 0.819442 -3.65116e-20)
(1.23237 0.797036 -2.3836e-20)
(1.1606 0.767952 2.25457e-20)
(1.08582 0.735898 -3.55828e-19)
(1.00764 0.69884 7.98592e-20)
(0.926988 0.654601 0)
(0.85073 0.603513 7.6911e-19)
(0.793853 0.555323 2.51958e-19)
(0.758838 0.516824 1.54903e-19)
(0.726343 0.47876 -7.7227e-19)
(0.654906 0.418254 4.6559e-19)
(0.514941 0.320103 0)
(0.336184 0.204786 6.56094e-19)
(0.17254 0.103216 3.86111e-19)
(0.0556394 0.0325969 9.06851e-19)
(-0.000519184 -0.000565966 -1.06573e-18)
(0.58352 0.37897 -1.70329e-19)
(0.869491 0.565708 1.32157e-19)
(1.20332 0.786304 1.94752e-19)
(1.29778 0.860326 0)
(1.27991 0.863772 -2.71162e-20)
(1.21712 0.83962 -3.31366e-20)
(1.14491 0.808665 1.02781e-19)
(1.06925 0.774675 -3.28335e-20)
(0.989668 0.735544 2.53535e-19)
(0.906967 0.688955 7.12942e-19)
(0.828102 0.635034 -2.06814e-19)
(0.768874 0.583796 -1.38859e-19)
(0.732203 0.542451 2.43878e-21)
(0.698062 0.500851 -2.10763e-19)
(0.625939 0.435225 -2.34687e-21)
(0.489399 0.331363 -2.25832e-21)
(0.318667 0.211376 -1.76939e-19)
(0.162935 0.106205 6.25679e-19)
(0.0522351 0.0333642 1.21973e-19)
(-0.000515189 -0.000471817 0)
(0.581103 0.399188 1.00311e-19)
(0.8633 0.594658 -7.80283e-20)
(1.19271 0.825646 -1.10117e-19)
(1.28396 0.902547 0)
(1.26505 0.905482 -2.91866e-20)
(1.20192 0.879769 0)
(1.12937 0.847187 1.91728e-20)
(1.05295 0.811533 2.55533e-19)
(0.972062 0.770639 2.57749e-19)
(0.887351 0.72204 -1.27304e-20)
(0.805797 0.665597 -2.04177e-21)
(0.744012 0.611422 5.80807e-19)
(0.705505 0.567037 -3.653e-19)
(0.669599 0.521306 -4.55983e-19)
(0.596576 0.449835 -5.46168e-19)
(0.462964 0.339786 -1.99186e-21)
(0.299545 0.215081 9.88455e-22)
(0.151508 0.106859 1.12431e-18)
(0.0472793 0.0327664 -1.05609e-18)
(-0.00117532 -0.000827963 0)
(0.57919 0.418824 -3.38936e-19)
(0.857835 0.622368 1.86915e-19)
(1.18229 0.863219 2.62194e-19)
(1.27026 0.942193 -3.75922e-19)
(1.25036 0.944669 5.19111e-20)
(1.18697 0.917563 2.94235e-21)
(1.11415 0.883577 1.1929e-19)
(1.03706 0.846509 5.23244e-20)
(0.95496 0.804138 -2.7464e-19)
(0.86829 0.753869 -4.58527e-20)
(0.783963 0.695259 -1.11349e-19)
(0.719355 0.638312 -4.61531e-19)
(0.6787 0.590664 -7.87016e-19)
(0.640789 0.540066 2.46438e-19)
(0.566754 0.461823 2.90804e-19)
(0.435924 0.345027 -6.97617e-19)
(0.279266 0.215764 8.2391e-19)
(0.138841 0.10516 2.41683e-19)
(0.0414787 0.0309268 -2.83577e-19)
(-0.00222882 -0.00151927 -6.66627e-19)
(0.577609 0.43787 -2.54911e-19)
(0.852948 0.649001 1.06882e-19)
(1.17215 0.898728 7.94768e-20)
(1.25681 0.979378 -2.6308e-19)
(1.23597 0.981442 -3.28295e-20)
(1.17239 0.953097 2.31881e-20)
(1.09937 0.917898 -1.34101e-20)
(1.02171 0.879638 -6.08124e-19)
(0.938493 0.836053 -3.25714e-19)
(0.849933 0.784458 -4.79056e-20)
(0.762749 0.724072 0)
(0.694994 0.664591 6.63405e-19)
(0.651744 0.613478 0)
(0.611442 0.557146 -5.21047e-19)
(0.536257 0.47092 0)
(0.408508 0.346631 0)
(0.258987 0.213037 8.50043e-22)
(0.126323 0.101234 -2.59829e-19)
(0.0358156 0.0282089 1.52719e-18)
(-0.00336454 -0.00238528 1.43318e-18)
(0.576369 0.456242 1.47321e-19)
(0.848382 0.67451 2.35499e-19)
(1.16229 0.932225 -1.72019e-19)
(1.24369 1.0142 3.76197e-19)
(1.222 1.0159 1.06155e-19)
(1.15828 0.986454 1.95853e-21)
(1.08513 0.95022 7.68131e-21)
(1.00698 0.910971 3.14339e-20)
(0.92275 0.866423 -3.95792e-19)
(0.832367 0.813816 4.99033e-20)
(0.742287 0.752079 6.90269e-20)
(0.671043 0.690383 -7.0715e-19)
(0.624638 0.635676 0)
(0.581304 0.572683 -2.84598e-19)
(0.504649 0.476936 0)
(0.380583 0.343876 -4.04244e-19)
(0.2395 0.206004 -9.52803e-19)
(0.115828 0.0946013 -2.80033e-19)
(0.0320241 0.0248208 3.28644e-19)
(-0.00401136 -0.00315388 -9.62586e-19)
(0.575038 0.473864 0)
(0.844041 0.69886 0)
(1.15276 0.96377 2.95859e-19)
(1.23097 1.04681 2.49393e-19)
(1.20851 1.04817 0)
(1.14471 1.01773 -3.78234e-21)
(1.0715 0.980612 0)
(0.992936 0.940551 -3.35875e-19)
(0.907798 0.895269 -1.10821e-20)
(0.815686 0.841952 9.51805e-19)
(0.722686 0.779291 1.17804e-18)
(0.647636 0.715792 -7.52066e-19)
(0.597426 0.657498 -8.45877e-19)
(0.550169 0.586943 0)
(0.471296 0.479945 -1.10692e-18)
(0.351395 0.336116 -8.73144e-19)
(0.221053 0.192591 5.14338e-19)
(0.11027 0.0821492 6.0035e-19)
(0.0358156 0.0181332 3.51458e-19)
(0.000575951 -0.00347354 -1.03367e-18)
(0.574044 0.490869 1.83495e-19)
(0.840068 0.722009 1.45676e-19)
(1.14351 0.993399 -2.18254e-19)
(1.21864 1.0773 2.20967e-19)
(1.19556 1.07834 0)
(1.13174 1.04703 -6.90142e-21)
(1.0585 1.00915 5.43165e-20)
(0.979627 0.968433 -2.63966e-19)
(0.893678 0.922613 0)
(0.799947 0.868864 1.88376e-18)
(0.704063 0.805704 -1.17123e-18)
(0.624933 0.740907 5.98414e-19)
(0.570201 0.67919 -4.31959e-22)
(0.51796 0.600295 -1.46166e-18)
(0.435517 0.480513 -1.99581e-19)
(0.319056 0.323274 -4.70745e-19)
(0.201116 0.169804 5.52252e-19)
(0.109832 0.0536987 0)
(0.0599377 -0.00751127 0)
(0.040998 -0.00159223 0)
(0.572838 0.506992 4.11854e-19)
(0.83623 0.744188 5.02968e-19)
(1.13457 1.02127 1.25745e-19)
(1.20667 1.10588 0)
(1.18313 1.10666 3.00971e-19)
(1.11933 1.07461 -2.02524e-20)
(1.04607 1.03613 -8.36771e-21)
(0.966934 0.994934 -5.40406e-19)
(0.880235 0.948794 3.45553e-19)
(0.784951 0.894914 1.01152e-20)
(0.686187 0.831708 -8.4854e-21)
(0.602706 0.766283 0)
(0.542599 0.701548 -1.01127e-18)
(0.484077 0.613413 -3.175e-19)
(0.395996 0.479753 0)
(0.280036 0.306704 0)
(0.170523 0.137372 0)
(0.0946456 0.00183429 -2.48566e-21)
(0.0598357 -0.0149769 -7.20684e-19)
(-0.0221302 0.186276 6.18083e-19)
(0.571704 0.522508 3.40254e-19)
(0.832381 0.765304 2.83127e-19)
(1.1259 1.04763 1.4184e-19)
(1.19496 1.1329 3.45443e-19)
(1.17106 1.13365 -4.2271e-20)
(1.10722 1.10111 1.44067e-19)
(1.0339 1.06228 3.64189e-21)
(0.954504 1.02093 2.70425e-19)
(0.867026 0.974838 5.421e-20)
(0.770142 0.921313 -8.37591e-19)
(0.668293 0.858705 0)
(0.579904 0.793526 7.83518e-19)
(0.512975 0.726194 0)
(0.446363 0.627421 -1.12521e-18)
(0.34987 0.478422 3.89976e-19)
(0.228775 0.289266 9.41067e-19)
(0.115585 0.107554 -5.48802e-19)
(0.0368599 0.157854 -6.32947e-19)
(0.0112906 1.01899 3.69596e-19)
(0.0418906 2.43047 8.26444e-19)
(0.570908 0.537518 2.55495e-19)
(0.828471 0.785479 0)
(1.11764 1.07248 -3.10365e-19)
(1.1835 1.15828 -4.84697e-19)
(1.15947 1.15918 -5.33031e-20)
(1.0956 1.12635 1.73432e-20)
(1.02219 1.08734 -4.4135e-22)
(0.942528 1.04608 -2.37316e-19)
(0.85431 1.00033 1.99236e-20)
(0.755875 0.947564 -9.53693e-19)
(0.650925 0.886147 -1.19906e-18)
(0.557328 0.822128 6.73706e-19)
(0.482267 0.753158 1.0213e-18)
(0.405838 0.642176 -1.65418e-19)
(0.299513 0.4765 -7.9606e-19)
(0.166652 0.279567 4.5958e-19)
(0.0646416 0.367742 5.44304e-19)
(0.0764754 1.79938 3.1975e-19)
(0.103438 2.96132 -3.57946e-19)
(0.10522 3.33363 -5.09864e-19)
(0.571514 0.552862 0)
(0.823663 0.80455 -4.2734e-19)
(1.10953 1.09585 0)
(1.17217 1.18194 -4.96239e-20)
(1.14845 1.18344 5.4687e-20)
(1.08464 1.15046 -5.43364e-20)
(1.01116 1.11145 -1.74412e-20)
(0.931047 1.07044 8.5978e-21)
(0.842164 1.02528 3.83823e-19)
(0.742247 0.973643 -1.80409e-18)
(0.634271 0.914042 0)
(0.535327 0.852089 -7.76947e-19)
(0.451136 0.783097 1.01519e-18)
(0.362297 0.657598 0)
(0.240577 0.46976 -1.30405e-18)
(0.120005 0.473917 -4.48778e-19)
(0.113116 1.84287 5.47436e-19)
(0.156069 3.11634 8.98727e-19)
(0.145031 3.38678 3.0429e-19)
(0.127965 3.44241 -4.20375e-19)
(0.556883 0.56737 -2.26788e-19)
(0.780777 0.784857 2.1292e-19)
(1.08816 1.10939 3.69521e-19)
(1.1596 1.20242 2.87314e-19)
(1.13655 1.20509 7.55719e-20)
(1.07317 1.1721 2.51991e-20)
(1.00055 1.13416 1.28174e-21)
(0.919725 1.09351 3.06154e-19)
(0.830183 1.04913 -3.37317e-19)
(0.728801 0.998879 9.10064e-19)
(0.617954 0.941692 -5.8665e-20)
(0.513781 0.882668 9.66469e-20)
(0.419971 0.814866 -1.35496e-19)
(0.315059 0.671645 -1.6623e-19)
(0.222851 0.513455 -3.56464e-19)
(0.126629 1.11653 -2.1838e-19)
(0.202174 3.09154 5.93194e-19)
(0.207177 3.40276 -3.8114e-20)
(0.182696 3.45112 -4.0939e-19)
(0.150451 3.46944 -5.01957e-19)
(0.269365 0.261381 2.72658e-19)
(0.970128 1.00364 0)
(1.13294 1.1933 6.80933e-20)
(1.14687 1.23303 4.8849e-20)
(1.09587 1.21426 1.80613e-19)
(1.02631 1.17755 0)
(0.950283 1.1387 3.75625e-21)
(0.865319 1.09728 -1.23427e-20)
(0.769526 1.0518 0)
(0.659389 1 -8.65713e-19)
(0.546529 0.945346 0)
(0.443295 0.88739 -9.31716e-20)
(0.328696 0.783244 0)
(0.22143 0.721095 -1.54626e-19)
(0.19133 1.7928 0)
(0.249004 3.12999 0)
(0.24732 3.42123 3.34781e-19)
(0.220379 3.46995 -4.02494e-19)
(0.193163 3.49028 -5.06865e-19)
(0.174573 3.53032 1.46375e-19)
(0.272757 0.26221 -1.36631e-19)
(0.967777 1.02378 4.87952e-21)
(1.12375 1.21461 -3.12599e-19)
(1.13491 1.25416 -4.00006e-19)
(1.08371 1.23514 2.77431e-19)
(1.01389 1.19863 -1.43979e-20)
(0.93777 1.16023 6.77582e-21)
(0.852425 1.11952 -2.75091e-20)
(0.755801 1.0753 -3.54445e-19)
(0.643865 1.02589 8.16607e-19)
(0.527573 0.975415 1.0031e-18)
(0.417884 0.920422 -8.48626e-19)
(0.290593 0.820445 -1.22615e-19)
(0.228169 1.11464 0)
(0.284419 2.82198 1.84734e-20)
(0.328923 3.40408 0)
(0.288944 3.48665 -2.57294e-19)
(0.252925 3.51703 -4.5229e-19)
(0.211598 3.54558 -9.86127e-20)
(0.191479 3.59554 4.18601e-20)
(0.254821 0.257188 -2.98277e-19)
(0.964336 1.04759 -4.5935e-19)
(1.11517 1.23903 8.34675e-20)
(1.12425 1.27871 0)
(1.07286 1.25926 2.88054e-19)
(1.00311 1.2229 -1.01171e-20)
(0.926804 1.18468 -2.59875e-20)
(0.841406 1.1448 1.45767e-20)
(0.744431 1.10212 3.35146e-19)
(0.631416 1.05567 -8.78582e-19)
(0.51262 1.01018 1.03211e-18)
(0.398268 0.958247 6.8793e-19)
(0.288101 0.907811 0)
(0.286809 1.78886 -5.21407e-19)
(0.374541 3.27598 -4.86173e-19)
(0.378915 3.49646 2.51277e-19)
(0.330848 3.53247 0)
(0.287612 3.56141 1.2257e-19)
(0.233022 3.615 0)
(0.204441 3.66572 0)
(0.24202 0.257518 0)
(0.959077 1.07328 2.28639e-19)
(1.10551 1.26487 4.68734e-19)
(1.11234 1.30395 4.25887e-19)
(1.06083 1.28411 1.95313e-19)
(0.991282 1.24774 -4.38601e-19)
(0.915147 1.2098 -3.74618e-20)
(0.829924 1.17065 0)
(0.732836 1.1295 -3.00361e-20)
(0.619161 1.08605 7.42446e-19)
(0.498765 1.04575 9.56377e-19)
(0.376779 0.995287 8.26939e-20)
(0.296123 1.08266 8.44141e-19)
(0.365908 2.55467 -5.74175e-19)
(0.453787 3.44255 -3.73569e-19)
(0.416492 3.54339 0)
(0.381412 3.58248 0)
(0.332114 3.6444 -1.18438e-20)
(0.282025 3.65382 -1.16748e-19)
(0.215568 3.57607 5.13898e-19)
(0.233177 0.26053 -2.90922e-19)
(0.951669 1.09979 4.38602e-19)
(1.09426 1.29184 -1.64698e-19)
(1.09912 1.33004 -4.16529e-19)
(1.04762 1.30964 -2.58163e-19)
(0.978467 1.27317 -2.48406e-19)
(0.902786 1.2355 -5.66302e-20)
(0.817952 1.19701 1.75955e-20)
(0.721029 1.15732 2.7885e-19)
(0.607126 1.11685 -6.55686e-19)
(0.485984 1.08166 5.0045e-20)
(0.365752 1.0413 7.60649e-20)
(0.331558 1.4074 6.68712e-19)
(0.452596 3.11163 -1.7153e-19)
(0.517235 3.5138 2.59767e-19)
(0.463977 3.5725 0)
(0.434875 3.65173 0)
(0.421574 3.66269 0)
(0.38676 3.55088 3.54348e-19)
(0.186905 2.47143 4.81816e-19)
(0.226793 0.265473 -5.56324e-19)
(0.94249 1.12709 0)
(1.08142 1.31988 3.16469e-19)
(1.08478 1.35729 -3.20207e-19)
(1.03349 1.33613 3.28016e-19)
(0.964954 1.29943 2.85917e-19)
(0.889935 1.26186 -9.6915e-20)
(0.805737 1.22394 4.98171e-20)
(0.709331 1.18564 3.09784e-20)
(0.595718 1.14809 -6.60867e-19)
(0.474559 1.1177 -7.74032e-19)
(0.364945 1.10295 5.60613e-19)
(0.389669 1.85219 1.26067e-18)
(0.532882 3.36032 0)
(0.565831 3.55106 1.04669e-19)
(0.52036 3.60759 0)
(0.496043 3.65338 4.96729e-20)
(0.463732 3.53657 -1.10481e-19)
(0.479567 2.97589 -2.39212e-19)
(0.169071 1.16212 -2.76851e-19)
(0.222342 0.271407 0)
(0.93175 1.1552 6.49307e-19)
(1.0671 1.34905 1.60936e-19)
(1.06934 1.38575 -3.28621e-19)
(1.0185 1.36373 -7.10538e-20)
(0.950821 1.32661 -2.5732e-19)
(0.876694 1.28899 -8.82507e-20)
(0.793407 1.25147 -8.01584e-21)
(0.697895 1.21444 0)
(0.58511 1.17961 4.46364e-19)
(0.465015 1.15368 -6.92593e-19)
(0.371538 1.19289 5.85936e-20)
(0.460944 2.34925 -1.24745e-19)
(0.604218 3.47351 8.09163e-20)
(0.604489 3.57344 4.29804e-20)
(0.57328 3.6235 0)
(0.538992 3.57431 -2.00356e-19)
(0.475257 3.07475 -1.45292e-19)
(0.14327 0.969965 0)
(-0.111606 -0.156772 -1.33409e-19)
(0.218629 0.278227 -2.64397e-19)
(0.919354 1.18431 -6.27425e-19)
(1.05109 1.37954 6.12497e-19)
(1.05245 1.41573 9.99646e-20)
(1.00225 1.3929 -1.37354e-19)
(0.935638 1.35539 3.10929e-19)
(0.862636 1.31772 6.05178e-20)
(0.780543 1.28067 -3.79935e-20)
(0.686293 1.24503 -1.20165e-19)
(0.574874 1.21314 -6.39266e-20)
(0.45708 1.19245 1.11265e-18)
(0.392226 1.33719 0)
(0.542707 2.83465 4.1818e-19)
(0.666167 3.5282 1.38145e-19)
(0.637803 3.59454 -1.52434e-20)
(0.616901 3.59554 0)
(0.534892 3.27928 0)
(0.264828 1.63238 0)
(-0.0706441 -0.0698199 -6.39173e-19)
(-0.0677524 -0.103077 3.77089e-19)
(0.214731 0.285195 -4.11095e-22)
(0.905145 1.2144 4.04601e-19)
(1.03331 1.41142 3.05474e-19)
(1.03397 1.44716 8.3533e-19)
(0.984597 1.42359 5.53311e-21)
(0.919314 1.38569 7.18019e-20)
(0.84771 1.34803 -1.78696e-19)
(0.767143 1.3115 6.3515e-20)
(0.674583 1.27734 -5.63359e-20)
(0.565142 1.24854 -1.59934e-20)
(0.451701 1.23609 5.14127e-19)
(0.429466 1.54971 -2.06484e-19)
(0.624729 3.19185 0)
(0.716003 3.56062 -5.52608e-20)
(0.67929 3.59419 5.22182e-20)
(0.63144 3.47931 -2.2219e-19)
(0.425755 2.44267 -2.0116e-19)
(0.0165018 0.154635 0)
(-0.098571 -0.165693 -1.3726e-19)
(-0.0429571 -0.0646196 0)
(0.21012 0.292057 -7.58166e-19)
(0.888881 1.24523 3.92123e-19)
(1.01354 1.44454 -3.01094e-19)
(1.01374 1.47997 0)
(0.96543 1.4557 -1.32586e-19)
(0.901742 1.41745 3.18969e-19)
(0.831853 1.37981 -1.28752e-19)
(0.753182 1.34386 1.17776e-19)
(0.662807 1.31126 -2.72418e-20)
(0.556051 1.2856 -2.23629e-19)
(0.450284 1.28794 3.11654e-19)
(0.484449 1.84085 0)
(0.698382 3.38774 2.38067e-19)
(0.753755 3.57892 3.37271e-20)
(0.713243 3.56249 1.05043e-19)
(0.596049 3.12285 -1.35533e-19)
(0.17101 0.852497 0)
(-0.0896175 -0.135746 -3.25341e-19)
(-0.0951156 -0.157781 5.20158e-23)
(-0.0316115 -0.0472247 0)
(0.204072 0.298339 -4.91177e-19)
(0.870299 1.27659 -3.8735e-19)
(0.99155 1.47883 2.91479e-19)
(0.991608 1.51407 -6.46434e-21)
(0.944625 1.48914 -1.24228e-19)
(0.882844 1.45056 -3.4697e-19)
(0.81501 1.41297 4.1646e-20)
(0.738661 1.37762 -4.01792e-20)
(0.651024 1.34663 -4.18841e-20)
(0.547778 1.32417 -1.08959e-19)
(0.454478 1.35252 0)
(0.551639 2.17996 -1.27688e-19)
(0.763541 3.49353 -5.6831e-20)
(0.7888 3.57981 -3.85322e-20)
(0.728067 3.45683 -1.91306e-19)
(0.467887 2.35635 -1.29617e-19)
(0.00278897 0.0401107 3.35336e-19)
(-0.0918242 -0.176365 -1.94505e-19)
(-0.0771484 -0.136683 5.97583e-20)
(-0.0224761 -0.0354295 -6.81665e-20)
(0.196515 0.303398 -4.76205e-19)
(0.848914 1.30811 0)
(0.967087 1.51418 1.18715e-20)
(0.967359 1.54927 2.12808e-19)
(0.922041 1.52376 -2.70673e-19)
(0.862516 1.48485 2.75489e-19)
(0.797143 1.44735 0)
(0.723584 1.41262 0)
(0.639272 1.38321 -4.75262e-20)
(0.540504 1.36413 -9.31064e-20)
(0.465849 1.43548 -1.12539e-19)
(0.629489 2.56604 1.97438e-20)
(0.817686 3.54226 -5.06797e-21)
(0.81663 3.56332 9.36998e-20)
(0.703253 3.20882 0)
(0.232162 1.07435 7.66463e-19)
(-0.105425 -0.129233 4.74698e-19)
(-0.10304 -0.177083 3.65828e-19)
(-0.0700605 -0.119616 0)
(-0.0181836 -0.0292933 -6.23972e-20)
(0.187206 0.306529 6.99107e-19)
(0.824376 1.33898 -3.66606e-19)
(0.939807 1.55024 -2.8067e-19)
(0.940776 1.58532 -1.48299e-20)
(0.897523 1.55931 1.39723e-19)
(0.840664 1.52011 5.45954e-19)
(0.778205 1.4827 -2.08215e-19)
(0.707951 1.44861 -2.16952e-19)
(0.62758 1.42075 -8.44697e-20)
(0.534422 1.40536 4.83393e-20)
(0.485163 1.543 -2.96112e-20)
(0.708159 2.9122 3.42989e-20)
(0.860179 3.55913 -7.96803e-20)
(0.831327 3.51088 1.16491e-19)
(0.617132 2.72011 1.98935e-19)
(0.0653705 0.145187 1.24597e-19)
(-0.0978046 -0.198327 -2.8738e-19)
(-0.0898426 -0.176138 0)
(-0.05714 -0.106396 -4.02699e-19)
(-0.0141393 -0.0243791 1.15875e-19)
(0.176168 0.307033 2.29666e-19)
(0.795949 1.36817 -3.68531e-19)
(0.909476 1.58641 -1.44751e-20)
(0.911621 1.62184 -1.98029e-19)
(0.870931 1.59545 2.7255e-19)
(0.817187 1.55599 1.73734e-19)
(0.758132 1.51871 0)
(0.691741 1.48528 -7.13119e-20)
(0.615946 1.45891 -1.55552e-19)
(0.529712 1.44783 0)
(0.513127 1.67586 -2.83471e-20)
(0.781461 3.18434 -1.34802e-20)
(0.892348 3.56063 1.41604e-19)
(0.828545 3.39792 0)
(0.468775 2.01552 0)
(-0.0988973 -0.0853182 1.13963e-19)
(-0.116956 -0.203317 -3.36392e-19)
(-0.0875003 -0.165398 -3.13224e-19)
(-0.0486901 -0.0914794 -4.68006e-19)
(-0.0105971 -0.0191364 0)
(0.162911 0.303536 -2.26378e-19)
(0.763052 1.39442 -1.79643e-19)
(0.875757 1.62165 -5.45193e-19)
(0.879677 1.65828 0)
(0.842105 1.63172 0)
(0.791986 1.59208 1.77501e-19)
(0.736866 1.55496 -1.29367e-20)
(0.674938 1.52217 -7.17983e-20)
(0.604369 1.49727 -7.49818e-21)
(0.526355 1.49192 3.39289e-19)
(0.54863 1.82964 -1.25135e-19)
(0.838716 3.34686 3.47789e-20)
(0.917143 3.55196 -8.98238e-20)
(0.800166 3.20881 3.9813e-19)
(0.287349 1.11716 2.75623e-19)
(-0.124469 -0.156575 1.07177e-19)
(-0.124267 -0.231801 0)
(-0.0837649 -0.173999 2.23708e-19)
(-0.0426333 -0.0885891 -4.38122e-20)
(-0.00910498 -0.0179127 3.51415e-19)
(0.146949 0.296009 0)
(0.724979 1.41563 1.69175e-19)
(0.838483 1.65497 7.81529e-19)
(0.844794 1.69387 -1.96437e-19)
(0.81092 1.66751 -2.78365e-19)
(0.764984 1.62782 -1.8008e-19)
(0.714356 1.59095 0)
(0.657486 1.55879 -1.60717e-19)
(0.592789 1.53521 -4.37291e-20)
(0.523928 1.53764 9.92443e-20)
(0.588424 1.99596 0)
(0.884011 3.4402 0)
(0.932927 3.53006 9.68787e-20)
(0.748124 2.94221 1.31863e-19)
(0.125628 0.339475 -3.40519e-19)
(-0.0921362 -0.193783 -5.04674e-19)
(-0.107196 -0.252503 0)
(-0.0651972 -0.173139 -6.941e-20)
(-0.0264782 -0.0735539 0)
(-0.00476939 -0.0114376 -4.68488e-20)
(0.128591 0.282398 6.26165e-19)
(0.681283 1.42865 0)
(0.7973 1.68476 0)
(0.806939 1.7277 5.77106e-19)
(0.777341 1.70209 2.67465e-19)
(0.736171 1.66254 -1.9103e-19)
(0.690581 1.62605 2.58484e-19)
(0.639322 1.59455 1.5994e-19)
(0.581089 1.57203 -2.003e-19)
(0.522185 1.58444 -6.92221e-20)
(0.629147 2.16209 2.64193e-19)
(0.918179 3.48914 -1.41088e-19)
(0.937022 3.49424 0)
(0.672752 2.60899 -1.33243e-19)
(0.0202767 0.109924 -8.62583e-20)
(-0.11308 -0.304094 1.64445e-21)
(-0.0789735 -0.312778 3.92985e-19)
(-0.0223971 -0.172514 3.31418e-19)
(0.0102304 -0.0332951 3.83931e-20)
(0.00625581 0.00944764 -3.11271e-19)
(0.108703 0.261318 0)
(0.631582 1.42962 -7.76508e-19)
(0.752556 1.70882 -2.44876e-19)
(0.76611 1.75855 -1.87816e-20)
(0.741466 1.73456 5.25881e-19)
(0.705597 1.69548 -1.93495e-19)
(0.665576 1.65956 -2.61215e-19)
(0.620378 1.62881 3.48778e-19)
(0.569106 1.6071 2.78343e-19)
(0.520965 1.63054 1.56693e-19)
(0.667831 2.31873 -6.37291e-20)
(0.943515 3.51413 -7.64855e-20)
(0.9334 3.44576 0)
(0.587895 2.267 0)
(-0.00150932 -0.0312647 -7.79311e-20)
(-0.0600535 -0.408157 1.90009e-19)
(-0.0337963 -0.335496 1.12973e-19)
(0.0218201 -0.101128 2.03357e-19)
(0.0480196 0.0716826 3.81169e-20)
(0.0204085 0.0513512 4.56658e-20)
(0.0872413 0.232107 9.5158e-20)
(0.575689 1.41299 1.49582e-19)
(0.703848 1.72449 -2.32711e-19)
(0.722604 1.78481 1.90824e-21)
(0.703604 1.76387 1.297e-19)
(0.673474 1.72581 -3.7128e-19)
(0.639456 1.69075 0)
(0.60065 1.66088 1.79998e-19)
(0.556679 1.63976 -1.16365e-19)
(0.51947 1.67321 1.58381e-19)
(0.700474 2.45227 2.04047e-19)
(0.962971 3.52664 -9.0331e-20)
(0.92795 3.39737 6.62067e-21)
(0.508248 1.9612 -1.42144e-19)
(-0.0993739 -0.238155 -7.62485e-20)
(-0.134263 -0.420988 0)
(-0.0700305 -0.18748 -5.53782e-20)
(-0.0207701 0.0481394 -6.56351e-20)
(0.010902 0.108365 0)
(0.0054757 0.0251213 -6.86395e-19)
(0.0636908 0.194468 7.1071e-19)
(0.512022 1.37268 -1.09159e-20)
(0.650722 1.72729 9.87159e-19)
(0.676976 1.80489 0)
(0.664461 1.78903 2.52633e-19)
(0.640208 1.75267 -1.80317e-19)
(0.612447 1.71886 0)
(0.580183 1.69009 -9.44348e-20)
(0.543599 1.66928 1.33635e-19)
(0.516196 1.70933 0)
(0.721168 2.54139 -7.60863e-20)
(0.97883 3.53096 1.81177e-19)
(0.935258 3.35993 1.10662e-19)
(0.476901 1.77123 -7.81819e-20)
(-0.151344 -0.289949 0)
(-0.16376 -0.424526 -6.44734e-21)
(-0.0642091 -0.163923 1.56798e-19)
(-0.00751092 0.0119299 -2.91314e-20)
(0.00534244 0.027678 5.20308e-19)
(-0.00263624 -0.00835872 6.37686e-19)
(0.0422094 0.148062 7.3251e-19)
(0.438614 1.29858 -1.31691e-19)
(0.592459 1.71196 0)
(0.630479 1.81663 -1.18036e-20)
(0.624977 1.80929 -4.64969e-19)
(0.606469 1.77528 0)
(0.584953 1.74321 2.29549e-21)
(0.559027 1.71573 -8.63614e-20)
(0.529615 1.69513 0)
(0.509735 1.73624 -1.82323e-19)
(0.7196 2.57236 1.24514e-19)
(0.982607 3.52301 -8.28213e-20)
(0.958303 3.3241 1.92478e-19)
(0.555923 1.78262 5.80761e-20)
(-0.0490104 -0.294745 1.23188e-20)
(-0.109493 -0.468421 -3.66572e-20)
(-0.0300748 -0.216717 -1.77566e-19)
(0.0303942 0.0123164 0)
(0.0283802 0.0577163 -6.07995e-20)
(0.00386106 0.0103402 5.28586e-22)
(0.0232768 0.0966081 7.25071e-20)
(0.358897 1.17633 4.75835e-19)
(0.529073 1.66798 7.50414e-19)
(0.583691 1.81754 -2.14352e-19)
(0.586034 1.82355 0)
(0.57317 1.79326 -8.20329e-20)
(0.557442 1.76332 -1.2252e-19)
(0.537359 1.73713 -1.7129e-19)
(0.514573 1.71678 2.48435e-19)
(0.499009 1.75409 -8.85402e-20)
(0.69633 2.53479 -7.81617e-20)
(0.955276 3.50569 1.51861e-19)
(0.926753 3.30909 -4.49384e-20)
(0.557241 1.85552 -1.31838e-20)
(0.029523 -0.147404 -5.80736e-20)
(-0.0829833 -0.425555 0)
(-0.0368939 -0.233334 1.12975e-19)
(0.0328293 0.0495904 -1.87044e-19)
(0.0390645 0.122938 -3.9558e-19)
(0.0131411 0.0529928 2.43377e-19)
(0.00937652 0.0472739 0)
(0.273896 0.992192 -5.32507e-20)
(0.461593 1.58049 0)
(0.536506 1.80089 -7.93924e-22)
(0.548241 1.82942 -1.00805e-19)
(0.541401 1.80687 7.45202e-20)
(0.530375 1.77922 0)
(0.515564 1.75376 8.52044e-20)
(0.498616 1.73416 6.0544e-20)
(0.486019 1.76344 0)
(0.644664 2.45364 7.74843e-20)
(0.894675 3.49435 8.95285e-20)
(0.833604 3.36219 2.12616e-20)
(0.504294 2.02191 0)
(-0.0721772 0.177919 1.42851e-20)
(-0.22448 -0.404949 -1.44993e-19)
(-0.17036 -0.382838 3.44171e-21)
(-0.0373302 -0.0225519 0)
(0.016696 0.126709 1.23145e-20)
(0.0151186 0.091466 1.4388e-20)
(0.00171214 0.00847306 1.75987e-22)
(0.180896 0.718802 2.15477e-19)
(0.388629 1.43067 0)
(0.488208 1.75605 6.06318e-20)
(0.513234 1.8274 1.89211e-19)
(0.512214 1.81768 0)
(0.504215 1.79109 -1.07518e-19)
(0.49356 1.76627 7.62497e-20)
(0.48285 1.74679 0)
(0.47302 1.76967 -4.13796e-20)
(0.592465 2.31864 -3.62159e-20)
(0.874735 3.50044 -3.25933e-20)
(0.817745 3.52405 9.66478e-21)
(0.49545 2.41815 -4.19385e-20)
(-0.0264361 0.805412 0)
(-0.287716 -0.378569 -1.57212e-19)
(-0.325174 -0.631798 2.16574e-19)
(-0.175343 -0.414654 -2.70071e-19)
(-0.0194564 0.00774532 3.1923e-19)
(0.00586793 0.0782567 7.36453e-19)
(-0.000320963 -0.0152686 -2.00204e-19)
(0.0888712 0.379051 -3.24258e-20)
(0.297159 1.16683 -2.63207e-20)
(0.437547 1.66906 0)
(0.480174 1.81559 -2.18382e-20)
(0.484921 1.82485 1.59207e-20)
(0.478902 1.79949 -2.51687e-20)
(0.471784 1.77464 1.90122e-20)
(0.466236 1.75526 1.34663e-20)
(0.463706 1.76721 -1.98961e-20)
(0.560113 2.12035 -1.7565e-20)
(0.914713 3.42256 2.2377e-20)
(0.997778 3.63985 5.22945e-20)
(0.886443 3.23243 -2.73766e-20)
(0.280262 1.44262 1.06815e-19)
(-0.197312 0.00818334 1.33906e-20)
(-0.427162 -0.778162 -1.29562e-19)
(-0.409871 -1.12941 9.76426e-20)
(-0.238108 -0.945875 -2.12833e-20)
(-0.0189971 -0.080681 1.51026e-19)
(0.00161592 -0.0359153 -2.40928e-33)
(0.0309464 0.110437 4.05307e-33)
(0.171203 0.723821 3.3825e-33)
(0.364783 1.47573 0)
(0.443491 1.7759 0)
(0.45703 1.82375 8.8241e-34)
(0.454091 1.80633 0)
(0.449624 1.77969 0)
(0.445919 1.75753 -8.68435e-34)
(0.456965 1.75151 0)
(0.50515 1.9281 0)
(0.908074 3.09169 0)
(1.11416 3.50428 0)
(1.17012 3.3666 0)
(1.04464 2.59855 0)
(0.649722 1.16401 0)
(0.367141 0.172167 0)
(0.121491 -0.706778 0)
(-0.0603792 -1.54291 0)
(-0.0254904 -0.829585 0)
(-7.47696e-05 -0.0531269 0)
(0.00953276 -0.0208501 0)
(0.0651214 0.274141 0)
(0.25641 1.10964 0)
(0.392549 1.67097 0)
(0.426584 1.81336 0)
(0.429547 1.81284 0)
(0.424724 1.7838 0)
(0.423771 1.755 0)
(0.437007 1.73616 0)
(0.462861 1.82298 0)
(0.780134 2.72891 0)
(1.06021 3.36854 0)
(1.13297 3.31254 0)
(1.12995 2.93104 0)
(0.867797 1.86356 0)
(0.540948 0.741708 0)
(0.323088 -0.130397 0)
(0.140442 -0.98325 0)
(0.00969841 -0.835539 0)
(-0.000567943 -0.0560403 0)
(0.00142609 -0.066183 0)
(0.0239178 0.0703387 0)
(0.144796 0.675609 0)
(0.3265 1.487 0)
(0.391629 1.78239 0)
(0.40111 1.81282 0)
(0.397715 1.78741 0)
(0.39611 1.754 0)
(0.405391 1.72308 0)
(0.44127 1.75447 0)
(0.608898 2.34353 0)
(0.907261 3.22268 0)
(0.962723 3.24854 0)
(0.973319 3.0472 0)
(0.832695 2.38253 0)
(0.57268 1.35514 0)
(0.367187 0.451886 0)
(0.167113 -0.359298 0)
(0.0249641 -0.480841 0)
(-0.000986835 -0.0506534 0)
(-0.00157977 -0.0814122 0)
(0.00908317 -0.0241769 0)
(0.0625109 0.304855 0)
(0.249428 1.22765 0)
(0.350389 1.72178 0)
(0.369097 1.81136 0)
(0.366809 1.79232 0)
(0.362512 1.75409 0)
(0.37031 1.70536 0)
(0.397182 1.71054 0)
(0.46335 2.0444 0)
(0.723027 3.06034 0)
(0.750647 3.212 0)
(0.73075 3.1225 0)
(0.632931 2.70252 0)
(0.453185 1.80896 0)
(0.273777 0.996262 0)
(0.124086 0.17519 0)
(0.0147771 -0.111208 0)
(-0.000300587 -0.0465545 0)
(0.000547053 -0.090078 0)
(0.00833151 -0.0724928 0)
(0.0341208 0.11953 0)
(0.17284 0.921577 0)
(0.303203 1.62845 0)
(0.331983 1.80527 0)
(0.330354 1.79884 0)
(0.326967 1.75293 0)
(0.325586 1.69523 0)
(0.341689 1.68395 0)
(0.365263 1.90389 0)
(0.554814 2.92697 0)
(0.574066 3.23853 0)
(0.540413 3.23752 0)
(0.463512 3.01709 0)
(0.296786 2.22053 0)
(0.167086 1.39243 0)
(0.0741013 0.53012 0)
(0.00477291 0.0715236 0)
(-0.00047297 -0.0480324 0)
(-0.00283219 -0.101532 0)
(0.0048427 -0.113442 0)
(0.035778 0.0218409 0)
(0.109798 0.621046 0)
(0.250504 1.50571 0)
(0.289312 1.78962 0)
(0.291441 1.80135 0)
(0.286446 1.75455 0)
(0.275548 1.69308 0)
(0.283507 1.66772 0)
(0.28452 1.83289 0)
(0.429406 2.81562 0)
(0.464609 3.25649 0)
(0.436644 3.30692 0)
(0.408892 3.20186 0)
(0.303278 2.55695 0)
(0.191799 1.68916 0)
(0.0898181 0.840538 0)
(0.00637451 0.201331 0)
(-0.00824114 -0.0114996 0)
(-0.0328653 -0.0766071 0)
(-0.0407923 -0.148675 0)
(-0.0157589 -0.0878261 0)
(0.0548939 0.417544 0)
(0.186181 1.36307 0)
(0.242502 1.76305 0)
(0.250335 1.80343 0)
(0.240235 1.76214 0)
(0.225682 1.69628 0)
(0.226365 1.66418 0)
(0.21661 1.78878 0)
(0.327844 2.71695 0)
(0.377814 3.25559 0)
(0.364247 3.32698 0)
(0.36095 3.26035 0)
(0.318289 2.79302 0)
(0.221218 1.98066 0)
(0.108225 1.21676 0)
(0.00842848 0.404386 0)
(-0.0128578 0.0972455 0)
(-0.0509159 0.025154 0)
(-0.070298 -0.139586 0)
(-0.0628684 -0.158225 0)
(-0.0193352 0.198998 0)
(0.129018 1.19547 0)
(0.203335 1.72745 0)
(0.208641 1.81024 0)
(0.19302 1.77459 0)
(0.175653 1.70515 0)
(0.16506 1.6695 0)
(0.151472 1.76351 0)
(0.240019 2.6234 0)
(0.297085 3.23501 0)
(0.288111 3.33214 0)
(0.283088 3.28789 0)
(0.257982 2.94625 0)
(0.180916 2.25829 0)
(0.0819088 1.60303 0)
(0.00290097 0.592286 0)
(-0.00284088 0.163847 0)
(0.0131015 0.0581769 0)
(0.0885667 -0.197871 0)
(0.153014 -0.198352 0)
(0.128257 0.121807 0)
(0.157237 1.00815 0)
(0.190724 1.69982 0)
(0.167061 1.8229 0)
(0.143584 1.78932 0)
(0.124072 1.71626 0)
(0.108858 1.68009 0)
(0.0995528 1.75137 0)
(0.155049 2.51346 0)
(0.219174 3.21324 0)
(0.210455 3.34571 0)
(0.201068 3.32175 0)
(0.177383 3.0582 0)
(0.118403 2.48558 0)
(0.0435881 1.91171 0)
(-0.00195385 0.677555 0)
(0.0195239 0.0480097 0)
(0.152625 -0.336744 0)
(0.295148 -0.492306 0)
(0.338151 -0.267956 0)
(0.287286 0.283799 0)
(0.171407 0.992559 0)
(0.16254 1.72161 0)
(0.113298 1.8512 0)
(0.0873249 1.8056 0)
(0.0720882 1.72744 0)
(0.0599148 1.68977 0)
(0.052818 1.75423 0)
(0.0822791 2.40678 0)
(0.149821 3.18928 0)
(0.138039 3.36314 0)
(0.127005 3.36023 0)
(0.10391 3.14592 0)
(0.0611157 2.65478 0)
(0.00896754 2.10534 0)
(-0.00255199 0.678274 0)
(0.0506977 -0.377112 0)
(0.173699 -0.775451 0)
(0.216679 -0.645867 0)
(0.193188 -0.160548 0)
(0.151755 0.439363 0)
(0.0754712 1.08512 0)
(0.0456998 1.77431 0)
(0.0211404 1.88403 0)
(0.0175295 1.81814 0)
(0.0201308 1.73354 0)
(0.0207962 1.69757 0)
(0.018419 1.76291 0)
(0.0281849 2.31669 0)
(0.0870283 3.16565 0)
(0.0771924 3.38231 0)
(0.0633826 3.39776 0)
(0.0433851 3.2112 0)
(0.0142779 2.77294 0)
(-0.0175339 2.19528 0)
(-0.00422906 0.628667 0)
(0.0415206 -0.733942 0)
(0.0746039 -0.907012 0)
(0.0570619 -0.575371 0)
(0.0200559 -0.0724281 0)
(-0.0245382 0.521693 0)
(-0.087938 1.1875 0)
(-0.119679 1.80825 0)
(-0.0976123 1.88435 0)
(-0.0613888 1.81034 0)
(-0.0300318 1.72699 0)
(-0.0106399 1.696 0)
(-0.004599 1.76727 0)
(-0.00253065 2.25959 0)
(0.0323583 3.15089 0)
(0.0253543 3.40265 0)
(0.00821969 3.43254 0)
(-0.00715366 3.25533 0)
(-0.0250431 2.84725 0)
(-0.0312144 2.18053 0)
(-0.00280595 0.56186 0)
(0.0154256 -0.835042 0)
(-0.0142652 -0.833881 0)
(-0.0668396 -0.463786 0)
(-0.126939 0.03982 0)
(-0.191509 0.623952 0)
(-0.26878 1.31194 0)
(-0.275086 1.76974 0)
(-0.205948 1.82748 0)
(-0.133768 1.76754 0)
(-0.073062 1.69843 0)
(-0.0337581 1.6823 0)
(-0.017839 1.7634 0)
(-0.0207106 2.24147 0)
(-0.0117938 3.14636 0)
(-0.0202235 3.4253 0)
(-0.0357126 3.46577 0)
(-0.046949 3.28178 0)
(-0.0559023 2.87694 0)
(-0.0388564 2.0824 0)
(-0.00244552 0.495324 0)
(-0.0177034 -0.720749 0)
(-0.0958519 -0.621897 0)
(-0.187934 -0.261902 0)
(-0.282007 0.225956 0)
(-0.375123 0.803398 0)
(-0.428323 1.39229 0)
(-0.376618 1.67382 0)
(-0.275193 1.72618 0)
(-0.181692 1.69474 0)
(-0.101707 1.65311 0)
(-0.0486514 1.65586 0)
(-0.0243736 1.75157 0)
(-0.0340146 2.25538 0)
(-0.042865 3.154 0)
(-0.0532549 3.44649 0)
(-0.0687025 3.49203 0)
(-0.0764742 3.29649 0)
(-0.0737259 2.85568 0)
(-0.035812 1.92441 0)
(-0.00251848 0.434542 0)
(-0.0357126 -0.458924 0)
(-0.135998 -0.313598 0)
(-0.246119 0.0140949 0)
(-0.357519 0.44398 0)
(-0.440707 0.928253 0)
(-0.461832 1.34364 0)
(-0.389268 1.54368 0)
(-0.293956 1.60801 0)
(-0.197347 1.61087 0)
(-0.114087 1.5966 0)
(-0.0555424 1.62127 0)
(-0.0265286 1.73974 0)
(-0.0394489 2.28719 0)
(-0.0594625 3.16967 0)
(-0.0702051 3.46937 0)
(-0.0822606 3.51333 0)
(-0.0842154 3.2922 0)
(-0.0705236 2.7857 0)
(-0.027138 1.76935 0)
(-0.00221552 0.381757 0)
(-0.0348977 -0.163038 0)
(-0.126622 0.0111776 0)
(-0.228688 0.294645 0)
(-0.325561 0.644397 0)
(-0.393102 1.00972 0)
(-0.392795 1.28693 0)
(-0.340937 1.43884 0)
(-0.265931 1.50734 0)
(-0.187087 1.53155 0)
(-0.111952 1.53973 0)
(-0.0541947 1.58304 0)
(-0.0209604 1.72633 0)
(-0.034699 2.32526 0)
(-0.0594949 3.18791 0)
(-0.0706527 3.48787 0)
(-0.0778927 3.5244 0)
(-0.0761111 3.27602 0)
(-0.0533332 2.69057 0)
(-0.0181504 1.65465 0)
(-0.00163714 0.340746 0)
(-0.0237078 0.0815391 0)
(-0.0916515 0.285123 0)
(-0.169157 0.528445 0)
(-0.241793 0.80565 0)
(-0.289537 1.06795 0)
(-0.292429 1.25392 0)
(-0.269912 1.38015 0)
(-0.220527 1.4392 0)
(-0.162672 1.46967 0)
(-0.100805 1.48868 0)
(-0.0460672 1.54247 0)
(-0.0064175 1.70905 0)
(-0.022211 2.3668 0)
(-0.0489704 3.2081 0)
(-0.0599619 3.5014 0)
(-0.0632668 3.52638 0)
(-0.0573587 3.24382 0)
(-0.0332784 2.60032 0)
(-0.0109197 1.58335 0)
(-0.000975241 0.313295 0)
(-0.0119865 0.236992 0)
(-0.0541294 0.48175 0)
(-0.107541 0.699575 0)
(-0.158465 0.92348 0)
(-0.193902 1.11751 0)
(-0.204057 1.25016 0)
(-0.19906 1.34896 0)
(-0.172395 1.39571 0)
(-0.1349 1.42539 0)
(-0.0891778 1.44633 0)
(-0.0395194 1.50086 0)
(0.0046165 1.68832 0)
(-0.012832 2.41451 0)
(-0.0423568 3.22721 0)
(-0.0472919 3.50888 0)
(-0.0465938 3.52202 0)
(-0.0381463 3.20885 0)
(-0.019364 2.53662 0)
(-0.00738126 1.54342 0)
(-0.000496928 0.296646 0)
(-0.00450225 0.315722 0)
(-0.0263535 0.605661 0)
(-0.0605117 0.816672 0)
(-0.0958035 1.00741 0)
(-0.122756 1.16027 0)
(-0.1369 1.26251 0)
(-0.14134 1.3378 0)
(-0.131049 1.37303 0)
(-0.110001 1.39695 0)
(-0.0804487 1.41414 0)
(-0.0419851 1.46334 0)
(-0.00694893 1.66728 0)
(-0.0207768 2.46659 0)
(-0.0477023 3.24115 0)
(-0.0451686 3.50392 0)
(-0.0374859 3.50819 0)
(-0.0268959 3.17654 0)
(-0.0135633 2.49848 0)
(-0.00649033 1.51589 0)
(-0.000304887 0.285359 0)
(-0.000726154 0.345263 0)
(-0.00927431 0.673429 0)
(-0.0291482 0.893368 0)
(-0.0533291 1.06765 0)
(-0.074357 1.19713 0)
(-0.0893243 1.28131 0)
(-0.0979911 1.33916 0)
(-0.0986906 1.36526 0)
(-0.0903587 1.38302 0)
(-0.0755337 1.39409 0)
(-0.0561133 1.43839 0)
(-0.0426091 1.65575 0)
(-0.0505698 2.51075 0)
(-0.0666535 3.23843 0)
(-0.0521955 3.48286 0)
(-0.0348354 3.48196 0)
(-0.02133 3.14745 0)
(-0.0119006 2.47658 0)
(-0.00605125 1.4902 0)
(-0.00018586 0.276496 0)
(0.000757783 0.348154 0)
(-5.59935e-05 0.702625 0)
(-0.00972897 0.940763 0)
(-0.0257973 1.11122 0)
(-0.0424049 1.22847 0)
(-0.0566838 1.30146 0)
(-0.067079 1.3473 0)
(-0.0741944 1.36652 0)
(-0.0751129 1.37928 0)
(-0.0727834 1.38727 0)
(-0.0747131 1.43272 0)
(-0.0836153 1.65735 0)
(-0.0815417 2.53061 0)
(-0.0809503 3.21782 0)
(-0.0577388 3.44767 0)
(-0.0353109 3.44475 0)
(-0.0192 3.11882 0)
(-0.0116821 2.46095 0)
(-0.00554609 1.46317 0)
(-0.000105184 0.269314 0)
(0.0014228 0.339879 0)
(0.00436673 0.707368 0)
(0.00124207 0.967181 0)
(-0.00871911 1.14245 0)
(-0.0216093 1.25509 0)
(-0.034582 1.32123 0)
(-0.0455373 1.35906 0)
(-0.0555817 1.37366 0)
(-0.0621943 1.38347 0)
(-0.0694718 1.39071 0)
(-0.084625 1.44534 0)
(-0.109006 1.66764 0)
(-0.0930336 2.51814 0)
(-0.0800938 3.18549 0)
(-0.0537964 3.40455 0)
(-0.0311268 3.40188 0)
(-0.0155029 3.09149 0)
(-0.0102856 2.44868 0)
(-0.00444328 1.43658 0)
(1.4159e-05 0.264153 0)
(0.00144439 0.327154 0)
(0.00600032 0.700243 0)
(0.00709071 0.978611 0)
(0.00159668 1.1639 0)
(-0.00813324 1.27713 0)
(-0.0194316 1.33955 0)
(-0.0300338 1.37202 0)
(-0.0408191 1.38371 0)
(-0.050176 1.39193 0)
(-0.061331 1.40133 0)
(-0.0814866 1.46567 0)
(-0.109046 1.68039 0)
(-0.0845779 2.47072 0)
(-0.0618315 3.15328 0)
(-0.0390759 3.36479 0)
(-0.0211126 3.36348 0)
(-0.00940531 3.07034 0)
(-0.0081839 2.44197 0)
(-0.00305626 1.41332 0)
(0.000175896 0.261702 0)
(0.00132666 0.313861 0)
(0.00626544 0.686311 0)
(0.00971178 0.979943 0)
(0.00726106 1.17779 0)
(0.000375464 1.29461 0)
(-0.0090078 1.35568 0)
(-0.0186069 1.38457 0)
(-0.0287382 1.39429 0)
(-0.0385874 1.40189 0)
(-0.0496903 1.41443 0)
(-0.0671482 1.48635 0)
(-0.0881849 1.69221 0)
(-0.0638366 2.40512 0)
(-0.0334055 3.12967 0)
(-0.0194055 3.33766 0)
(-0.00884851 3.33688 0)
(-0.00441768 3.06292 0)
(-0.00662513 2.44047 0)
(-0.00202125 1.39352 0)
(0.000295779 0.262078 0)
(0.00114123 0.30173 0)
(0.00581077 0.670504 0)
(0.0101986 0.97615 0)
(0.0100365 1.18581 0)
(0.00531607 1.30788 0)
(-0.00210348 1.36914 0)
(-0.0103572 1.39572 0)
(-0.0188491 1.40393 0)
(-0.0273087 1.41132 0)
(-0.0354541 1.42578 0)
(-0.0458792 1.50148 0)
(-0.0574651 1.70063 0)
(-0.0410754 2.34114 0)
(-0.00471608 3.11474 0)
(-0.000668102 3.32661 0)
(-0.000618968 3.32921 0)
(-0.0027582 3.06611 0)
(-0.00782186 2.44079 0)
(-0.00184099 1.37467 0)
(0.000347872 0.264044 0)
(0.000137822 0.103705 0)
(0.00266855 0.477504 0)
(0.00774999 0.822782 0)
(0.0110662 1.09244 0)
(0.00982784 1.26455 0)
(0.00489495 1.35488 0)
(-0.00171576 1.39636 0)
(-0.00846242 1.40963 0)
(-0.0144108 1.41223 0)
(-0.0205412 1.42311 0)
(-0.0235487 1.45601 0)
(-0.0228675 1.58464 0)
(-0.0252642 1.92006 0)
(0.00555211 2.79843 0)
(0.0146697 3.25907 0)
(0.00586357 3.35524 0)
(-0.00185871 3.24764 0)
(-0.00944791 2.8147 0)
(-0.00672941 1.92459 0)
(0.000354292 0.266798 0)
(0.264213 2.29716 0)
(0.208491 3.51614 2.23189e-21)
(0.182815 3.62528 -6.42683e-20)
(0.165379 3.55981 0)
(0.1501 3.5041 -2.07856e-19)
(0.131155 3.46224 -3.44581e-19)
(0.118419 3.44655 4.02242e-19)
(0.106297 3.41995 5.45031e-21)
(0.0850332 3.09859 4.02427e-19)
(0.0219835 0.951014 0)
(0.115469 2.43164 -2.0439e-22)
(0.0925849 3.44663 0)
(0.0972611 3.5508 2.33102e-21)
(0.0946178 3.51053 -4.09282e-20)
(0.0902876 3.47109 8.98206e-21)
(0.0847993 3.44311 -3.53164e-19)
(0.0768513 3.43373 3.87672e-19)
(0.0654412 3.41328 4.13506e-19)
(0.0398049 3.03031 4.28668e-19)
(-0.0111389 0.823302 -4.40144e-19)
(0.0635534 2.30844 -5.29653e-20)
(0.0550516 3.39079 1.6237e-19)
(0.0575997 3.50749 0)
(0.057713 3.47751 -2.75864e-19)
(0.0573784 3.44704 3.33414e-19)
(0.0562388 3.42647 -3.73158e-19)
(0.0534495 3.42307 1.27347e-20)
(0.0510578 3.41351 8.57108e-19)
(0.0374492 3.07145 0)
(-0.0108741 0.864261 -9.1234e-21)
(0.0337232 2.23473 -2.04905e-19)
(0.027825 3.35762 2.88215e-19)
(0.0303464 3.47461 6.15212e-19)
(0.0332965 3.45001 1.10906e-20)
(0.035842 3.42553 0)
(0.0383391 3.41037 0)
(0.0405183 3.41059 4.18404e-19)
(0.0431333 3.40717 -7.27028e-21)
(0.0353456 3.10436 -7.1692e-19)
(-0.0121408 0.904424 2.51784e-19)
(0.0191586 2.21396 1.22164e-20)
(0.00852816 3.33978 3.22011e-19)
(0.0119889 3.44765 -1.73912e-19)
(0.0172431 3.42561 -1.99409e-19)
(0.0222542 3.40506 2.17109e-19)
(0.0276188 3.39327 2.17672e-19)
(0.0330481 3.39533 -7.39274e-21)
(0.0386774 3.3967 2.55796e-19)
(0.0351607 3.13163 0)
(-0.0130119 0.945934 -5.24764e-19)
(0.0114021 2.23267 -7.63205e-23)
(-0.00728208 3.33179 -1.67864e-19)
(0.000125678 3.42397 2.29261e-20)
(0.00668167 3.40232 0)
(0.0136043 3.38418 -2.31286e-19)
(0.0211599 3.37442 2.4313e-19)
(0.0289145 3.37746 2.45696e-19)
(0.0368592 3.38274 2.56225e-19)
(0.0372423 3.15512 -4.19584e-21)
(-0.0132584 0.992049 2.81687e-19)
(0.00420057 2.27553 -1.92369e-19)
(-0.0179186 3.32809 1.36215e-22)
(-0.00880349 3.401 2.25844e-19)
(-0.000626786 3.37866 2.2851e-19)
(0.00785743 3.36184 -1.54696e-20)
(0.0172662 3.3532 2.14283e-22)
(0.027083 3.35674 -2.57292e-19)
(0.0372926 3.36518 5.66937e-19)
(0.0416878 3.17464 -2.8173e-19)
(-0.0125466 1.04871 -9.80039e-21)
(-0.00352328 2.33919 -5.8416e-23)
(-0.0264062 3.32509 0)
(-0.0165588 3.37704 -2.45874e-19)
(-0.0065657 3.35319 -1.60199e-20)
(0.00361639 3.33687 2.77875e-19)
(0.0149645 3.32876 0)
(0.0269508 3.33244 3.03387e-19)
(0.0396798 3.34341 0)
(0.048312 3.19008 3.09677e-19)
(-0.0103227 1.12297 0)
(-0.013335 2.42024 -3.75724e-21)
(-0.0355375 3.31933 4.94763e-19)
(-0.024414 3.34965 -2.53397e-19)
(-0.0121831 3.32406 -1.75067e-20)
(0.000140279 3.3078 1.8103e-20)
(0.013728 3.29995 -1.89196e-20)
(0.0281551 3.30365 3.29872e-19)
(0.0437779 3.31665 -6.41178e-23)
(0.0565572 3.20033 -3.39124e-19)
(-0.00581123 1.22152 -3.40237e-19)
(-0.0274907 2.51885 -2.69306e-19)
(-0.0462343 3.30682 -2.69463e-19)
(-0.0329931 3.31616 0)
(-0.0178512 3.28945 -3.33377e-19)
(-0.00276629 3.27334 1.99074e-20)
(0.0134409 3.26587 3.41832e-19)
(0.0304567 3.26974 -6.94327e-19)
(0.0490422 3.28432 -7.29591e-19)
(0.0656061 3.20408 -5.66486e-21)
(0.00152862 1.35156 -1.94112e-19)
(-0.0465058 2.63253 -1.37672e-19)
(-0.0579226 3.28386 -9.67432e-21)
(-0.041647 3.27502 -3.2102e-19)
(-0.0232067 3.2487 0)
(-0.0049815 3.23341 0)
(0.0139028 3.22669 1.65316e-19)
(0.0334172 3.2308 0)
(0.0544881 3.2463 -1.91705e-19)
(0.0741894 3.19965 0)
(0.0115499 1.51887 2.1009e-19)
(-0.0675661 2.75529 5.07971e-21)
(-0.0682108 3.24855 -1.6536e-19)
(-0.048149 3.22685 2.08228e-20)
(-0.0269113 3.20311 0)
(-0.00633956 3.18956 2.44081e-20)
(0.0142223 3.18385 -2.57038e-19)
(0.0355497 3.18802 2.04536e-19)
(0.0582631 3.20331 -1.34232e-20)
(0.0802156 3.18536 7.0099e-21)
(0.0234799 1.72248 4.58791e-19)
(-0.0855226 2.87575 -5.7911e-21)
(-0.0735212 3.20325 1.19128e-20)
(-0.050512 3.17537 -2.03949e-19)
(-0.0279802 3.1544 1.75439e-19)
(-0.00679017 3.14257 -1.81901e-19)
(0.0140583 3.13811 -2.43763e-19)
(0.0356668 3.14294 2.23912e-19)
(0.0583668 3.15778 2.26036e-19)
(0.0818646 3.162 -1.5283e-20)
(0.0353674 1.96186 2.46136e-19)
(-0.0932461 2.9797 6.40287e-21)
(-0.0729309 3.15284 2.05202e-19)
(-0.0501597 3.12151 2.72797e-20)
(-0.0284256 3.10209 -1.43969e-19)
(-0.00685084 3.09173 1.03458e-22)
(0.0147277 3.08885 -3.01119e-20)
(0.036082 3.09505 1.53099e-19)
(0.0566735 3.11097 1.60492e-20)
(0.0784601 3.13129 -1.6478e-20)
(0.0438127 2.23469 0)
(-0.095599 3.04054 -1.09116e-19)
(-0.0713025 3.0928 -1.18312e-19)
(-0.0496003 3.06301 -1.17086e-19)
(-0.027268 3.04852 3.07697e-20)
(-0.00596291 3.0422 -1.55735e-19)
(0.0144106 3.04095 -8.90248e-23)
(0.0349078 3.04598 6.8507e-20)
(0.0555821 3.05933 -1.19601e-19)
(0.0794703 3.08819 -1.31636e-19)
(0.0484629 2.5276 0)
(-0.0951294 3.03675 6.11115e-20)
(-0.0566365 3.02332 -1.61042e-20)
(-0.0315097 3.01257 -3.20326e-20)
(-0.0149419 3.00887 3.24986e-20)
(-0.00270699 3.00858 0)
(0.00862005 3.00759 -3.37628e-20)
(0.0206904 3.00925 0)
(0.0362932 3.01349 -9.29524e-20)
(0.0646676 3.02576 5.96491e-20)
(0.0493401 2.79243 -8.13585e-20)
(0.93932 -0.0855722 0)
(1.06142 -0.0844707 0)
(1.03128 -0.0589999 0)
(1.01437 -0.0382219 0)
(1.00652 -0.0234436 0)
(1.00312 -0.0141085 0)
(1.00164 -0.00846154 0)
(1.00096 -0.0048609 0)
(1.00063 -0.00233411 0)
(1.00049 -0.000243038 0)
(1.00055 0.00173191 0)
(1.00076 0.00395074 0)
(1.00122 0.00691079 0)
(1.00223 0.0113479 0)
(1.00449 0.018541 0)
(1.00962 0.030345 0)
(1.02121 0.0479947 0)
(1.04642 0.0727696 0)
(1.0553 0.0889966 0)
(0.533012 0.0342724 0)
(0.724 -0.0309074 0)
(1.09245 -0.0588321 0)
(1.08853 -0.0532717 0)
(1.05267 -0.0434262 0)
(1.02958 -0.0340271 0)
(1.01609 -0.0245806 0)
(1.00897 -0.0164044 0)
(1.00532 -0.00995408 0)
(1.00351 -0.00488145 0)
(1.00278 -0.000440852 0)
(1.00299 0.00381789 0)
(1.00415 0.0083925 0)
(1.00668 0.0139838 0)
(1.01177 0.0211627 0)
(1.02164 0.0299507 0)
(1.03948 0.0393453 0)
(1.06849 0.048389 0)
(1.10323 0.0584054 0)
(1.00574 0.0570816 0)
(0.263166 0.0053666 0)
(0.564609 -0.0100661 0)
(1.04888 -0.0421905 0)
(1.10397 -0.0448887 0)
(1.07237 -0.0378895 0)
(1.04734 -0.0313145 0)
(1.03014 -0.0251357 0)
(1.01887 -0.0187763 0)
(1.01201 -0.0123755 0)
(1.00823 -0.00631439 0)
(1.00663 -0.000426464 0)
(1.00706 0.0053363 0)
(1.00955 0.0111095 0)
(1.01458 0.0171787 0)
(1.02341 0.0234059 0)
(1.03743 0.0294087 0)
(1.05814 0.0354635 0)
(1.08857 0.0423547 0)
(1.10248 0.0466222 0)
(0.882528 0.0302976 0)
(0.191234 0.00081801 0)
(0.481429 -0.00524923 0)
(0.987943 -0.0298974 0)
(1.10577 -0.03806 0)
(1.08318 -0.034401 0)
(1.05719 -0.0291026 0)
(1.03961 -0.0236197 0)
(1.02746 -0.0181826 0)
(1.01912 -0.0125476 0)
(1.01392 -0.00656091 0)
(1.01152 -0.000152975 0)
(1.01214 0.00623893 0)
(1.01566 0.0122035 0)
(1.02214 0.0177476 0)
(1.03214 0.0229561 0)
(1.04666 0.0280802 0)
(1.0679 0.0332035 0)
(1.09825 0.0380575 0)
(1.08295 0.0376557 0)
(0.781928 0.0177707 0)
(0.162567 0.000591225 0)
(0.429679 -0.00352092 0)
(0.928227 -0.0220365 0)
(1.10118 -0.0324226 0)
(1.09248 -0.0308151 0)
(1.06521 -0.026681 0)
(1.04677 -0.0221207 0)
(1.03422 -0.0171169 0)
(1.02548 -0.0117999 0)
(1.01968 -0.00605534 0)
(1.01681 0.000338584 0)
(1.01747 0.00676778 0)
(1.02141 0.0125267 0)
(1.02827 0.0176752 0)
(1.03853 0.0224479 0)
(1.05358 0.0268217 0)
(1.07592 0.0307109 0)
(1.10245 0.033895 0)
(1.05384 0.0308694 0)
(0.705602 0.012003 0)
(0.144513 0.000443001 0)
(0.393036 -0.0025853 0)
(0.874805 -0.016808 0)
(1.09097 -0.0279584 0)
(1.09932 -0.027669 0)
(1.07242 -0.0240754 0)
(1.05332 -0.0201911 0)
(1.04027 -0.0157823 0)
(1.03118 -0.0107896 0)
(1.02512 -0.00523644 0)
(1.02201 0.000985315 0)
(1.02258 0.00722126 0)
(1.02656 0.0127186 0)
(1.03353 0.0175208 0)
(1.0441 0.0217241 0)
(1.05969 0.0253065 0)
(1.08265 0.0284932 0)
(1.10315 0.0307248 0)
(1.02005 0.0257655 0)
(0.646915 0.0089379 0)
(0.131412 0.000345265 0)
(0.365526 -0.00197209 0)
(0.828895 -0.0130965 0)
(1.07698 -0.0241122 0)
(1.10384 -0.0249097 0)
(1.07889 -0.0217344 0)
(1.05935 -0.0181451 0)
(1.04597 -0.014145 0)
(1.03658 -0.00953834 0)
(1.03026 -0.00424125 0)
(1.02693 0.00176747 0)
(1.02735 0.00775344 0)
(1.03128 0.0129303 0)
(1.03832 0.0172825 0)
(1.04907 0.0209377 0)
(1.06495 0.0240245 0)
(1.0884 0.0268591 0)
(1.10087 0.0281792 0)
(0.984777 0.0217627 0)
(0.600457 0.00704037 0)
(0.121219 0.000280118 0)
(0.344274 -0.00152858 0)
(0.790083 -0.0103586 0)
(1.06083 -0.0207244 0)
(1.10671 -0.0223539 0)
(1.0849 -0.0195871 0)
(1.06493 -0.0161718 0)
(1.05134 -0.0123978 0)
(1.04174 -0.00806813 0)
(1.03517 -0.00304622 0)
(1.0316 0.00271 0)
(1.03182 0.00840478 0)
(1.03566 0.013203 0)
(1.04266 0.017118 0)
(1.05342 0.0203673 0)
(1.06952 0.0230922 0)
(1.09305 0.0256098 0)
(1.09572 0.0260693 0)
(0.949877 0.0186426 0)
(0.562543 0.00576666 0)
(0.112956 0.000233796 0)
(0.327602 -0.00119259 0)
(0.757475 -0.00827251 0)
(1.04374 -0.0177316 0)
(1.10861 -0.0199795 0)
(1.09056 -0.0175346 0)
(1.07025 -0.014242 0)
(1.05643 -0.0106087 0)
(1.04666 -0.00645077 0)
(1.03988 -0.00164395 0)
(1.03604 0.00384818 0)
(1.03602 0.0092195 0)
(1.03967 0.0136384 0)
(1.04651 0.0171776 0)
(1.05724 0.0200919 0)
(1.07357 0.0224949 0)
(1.09643 0.0246683 0)
(1.08791 0.0243245 0)
(0.91625 0.016255 0)
(0.530698 0.00488565 0)
(0.10603 0.000201392 0)
(0.314434 -0.000926457 0)
(0.730175 -0.00662122 0)
(1.02664 -0.0150591 0)
(1.10961 -0.0177122 0)
(1.09604 -0.0155419 0)
(1.07544 -0.0122967 0)
(1.06137 -0.00874384 0)
(1.05141 -0.00469419 0)
(1.04442 -3.73629e-05 0)
(1.04028 0.00521767 0)
(1.03995 0.0102693 0)
(1.04332 0.0143312 0)
(1.04994 0.0175248 0)
(1.06061 0.020127 0)
(1.07716 0.0222349 0)
(1.09844 0.0240412 0)
(1.07786 0.0229253 0)
(0.884212 0.0144642 0)
(0.503195 0.00427344 0)
(0.100033 0.000179322 0)
(0.304071 -0.000706772 0)
(0.707449 -0.00526317 0)
(1.01026 -0.0126397 0)
(1.10988 -0.0154939 0)
(1.10141 -0.0135518 0)
(1.08059 -0.010283 0)
(1.06624 -0.00675479 0)
(1.05607 -0.00275751 0)
(1.04881 0.0018019 0)
(1.04433 0.00686526 0)
(1.0436 0.0116268 0)
(1.04662 0.0153491 0)
(1.05298 0.0182068 0)
(1.06357 0.0205107 0)
(1.08029 0.0223305 0)
(1.09923 0.0237537 0)
(1.06587 0.0218749 0)
(0.85372 0.0131675 0)
(0.478772 0.00385922 0)
(0.0946658 0.000165351 0)
(0.296049 -0.00051661 0)
(0.688743 -0.00409868 0)
(0.995129 -0.0104058 0)
(1.10954 -0.0132738 0)
(1.10655 -0.0114617 0)
(1.08577 -0.00814491 0)
(1.07113 -0.00458614 0)
(1.06069 -0.000579609 0)
(1.05311 0.00393167 0)
(1.04821 0.00885398 0)
(1.047 0.013357 0)
(1.0496 0.0167497 0)
(1.05563 0.0192741 0)
(1.06611 0.0212887 0)
(1.08295 0.0228075 0)
(1.09901 0.0238401 0)
(1.05217 0.021175 0)
(0.824512 0.0122848 0)
(0.456461 0.00359711 0)
(0.089698 0.000157791 0)
(0.290078 -0.000342211 0)
(0.673664 -0.00304952 0)
(0.981637 -0.0082845 0)
(1.1089 -0.0109764 0)
(1.11157 -0.00920704 0)
(1.09106 -0.00581314 0)
(1.0761 -0.00216688 0)
(1.06534 0.00190988 0)
(1.05736 0.00643086 0)
(1.05194 0.0112612 0)
(1.05016 0.0155315 0)
(1.05225 0.0186006 0)
(1.0579 0.0207878 0)
(1.06824 0.0225109 0)
(1.08511 0.0237079 0)
(1.09788 0.0242348 0)
(1.03685 0.0208453 0)
(0.796196 0.0117587 0)
(0.435486 0.00345865 0)
(0.0849463 0.00015555 0)
(0.286007 -0.000172896 0)
(0.661988 -0.00205528 0)
(0.970121 -0.00620386 0)
(1.10827 -0.00854197 0)
(1.11659 -0.00672106 0)
(1.09654 -0.00320635 0)
(1.08124 0.000588056 0)
(1.07009 0.00479507 0)
(1.06163 0.00939142 0)
(1.05556 0.0141788 0)
(1.05308 0.0182375 0)
(1.05458 0.0209824 0)
(1.05976 0.0228179 0)
(1.06991 0.0242391 0)
(1.08679 0.0251061 0)
(1.0955 0.0250597 0)
(1.01992 0.0208879 0)
(0.768318 0.0115441 0)
(0.415208 0.00342145 0)
(0.0802632 0.000157558 0)
(0.28379 -3.09229e-06 0)
(0.653627 -0.00106648 0)
(0.960885 -0.00409345 0)
(1.108 -0.00590363 0)
(1.12175 -0.00391865 0)
(1.10231 -0.000229467 0)
(1.08662 0.00377668 0)
(1.07501 0.00818492 0)
(1.06595 0.012924 0)
(1.0591 0.0177177 0)
(1.05579 0.0215827 0)
(1.05657 0.0239937 0)
(1.0612 0.0254589 0)
(1.07108 0.0265322 0)
(1.0878 0.0270435 0)
(1.09162 0.0263577 0)
(1.00128 0.0213417 0)
(0.740367 0.0116244 0)
(0.395071 0.00347663 0)
(0.0755207 0.000163549 0)
(0.283543 0.000177954 0)
(0.648627 -3.7635e-05 0)
(0.954233 -0.00188095 0)
(1.10844 -0.00298539 0)
(1.12723 -0.000707283 0)
(1.10846 0.00322275 0)
(1.09235 0.00751685 0)
(1.08019 0.0122069 0)
(1.0704 0.0171596 0)
(1.0626 0.0220094 0)
(1.05827 0.0256953 0)
(1.0582 0.0277539 0)
(1.06217 0.0288049 0)
(1.07171 0.0294821 0)
(1.08791 0.029552 0)
(1.08598 0.0282132 0)
(0.980706 0.0222371 0)
(0.711774 0.0119845 0)
(0.374556 0.00361507 0)
(0.0706025 0.000172917 0)
(0.28525 0.000411541 0)
(0.647191 0.00113668 0)
(0.950492 0.000504516 0)
(1.10997 0.000302555 0)
(1.13326 0.00301674 0)
(1.11513 0.00728086 0)
(1.09853 0.0119569 0)
(1.0857 0.0170163 0)
(1.07501 0.0222583 0)
(1.06607 0.027211 0)
(1.06052 0.0307287 0)
(1.05944 0.0323993 0)
(1.06264 0.0329733 0)
(1.07175 0.0332084 0)
(1.08695 0.0327354 0)
(1.07839 0.0306757 0)
(0.957848 0.0236003 0)
(0.681925 0.0126166 0)
(0.353177 0.00382943 0)
(0.0654064 0.000185008 0)
(0.289177 0.000639985 0)
(0.649279 0.00234849 0)
(0.950083 0.00311612 0)
(1.11309 0.00405842 0)
(1.14002 0.00737472 0)
(1.12246 0.0121197 0)
(1.1053 0.017277 0)
(1.09164 0.0228053 0)
(1.07986 0.0284169 0)
(1.06952 0.0335116 0)
(1.06252 0.0368491 0)
(1.06027 0.0380719 0)
(1.06255 0.0381116 0)
(1.07116 0.0378565 0)
(1.08468 0.0367645 0)
(1.06852 0.0338396 0)
(0.932227 0.0254842 0)
(0.650153 0.01352 0)
(0.330466 0.00411444 0)
(0.0598429 0.000199316 0)
(0.295813 0.00092779 0)
(0.655585 0.00380104 0)
(0.953577 0.00609337 0)
(1.1183 0.00843851 0)
(1.14775 0.0125735 0)
(1.13063 0.0179382 0)
(1.11279 0.023702 0)
(1.09812 0.0298153 0)
(1.08499 0.0358766 0)
(1.07295 0.0411379 0)
(1.06422 0.0442546 0)
(1.06062 0.0449744 0)
(1.06184 0.0443924 0)
(1.06984 0.0435845 0)
(1.08121 0.0418217 0)
(1.0559 0.0378133 0)
(0.903219 0.0279079 0)
(0.615732 0.0146788 0)
(0.305983 0.00445751 0)
(0.0538391 0.000214568 0)
(0.305649 0.0012809 0)
(0.666787 0.00550947 0)
(0.961638 0.00956529 0)
(1.12614 0.0136638 0)
(1.15679 0.0188501 0)
(1.13988 0.0250128 0)
(1.12119 0.0315349 0)
(1.10524 0.0383581 0)
(1.09043 0.0449363 0)
(1.07634 0.0503527 0)
(1.06557 0.0531681 0)
(1.06044 0.0533081 0)
(1.06044 0.0519967 0)
(1.06771 0.0505861 0)
(1.07635 0.0480082 0)
(1.03995 0.042668 0)
(0.870025 0.0308881 0)
(0.577889 0.0160655 0)
(0.279329 0.00484076 0)
(0.0473492 0.000229349 0)
(0.319464 0.00172981 0)
(0.683817 0.00756815 0)
(0.975123 0.0137299 0)
(1.13723 0.020025 0)
(1.16756 0.0265507 0)
(1.15048 0.0337289 0)
(1.13067 0.0411854 0)
(1.11309 0.0488398 0)
(1.09619 0.0559644 0)
(1.07962 0.0614602 0)
(1.06648 0.0638341 0)
(1.05962 0.0632666 0)
(1.05828 0.0611158 0)
(1.06481 0.0589802 0)
(1.0698 0.0554237 0)
(1.01988 0.0484667 0)
(0.831679 0.034389 0)
(0.535842 0.0176165 0)
(0.250205 0.00523276 0)
(0.0403708 0.000241371 0)
(0.338515 0.00232189 0)
(0.708325 0.0101253 0)
(0.995157 0.0189046 0)
(1.15238 0.0279784 0)
(1.18059 0.0361773 0)
(1.16278 0.0446368 0)
(1.14143 0.0532185 0)
(1.12172 0.0617907 0)
(1.10219 0.06941 0)
(1.08266 0.0748043 0)
(1.06681 0.0765114 0)
(1.05798 0.0750383 0)
(1.05527 0.0719798 0)
(1.06083 0.0689043 0)
(1.06101 0.0641052 0)
(0.994641 0.0552081 0)
(0.787032 0.0383064 0)
(0.48886 0.0192223 0)
(0.218476 0.00558834 0)
(0.0329611 0.000247961 0)
(0.364906 0.00315168 0)
(0.742656 0.0134761 0)
(1.02327 0.0256692 0)
(1.17253 0.0382811 0)
(1.19652 0.048529 0)
(1.17709 0.0585749 0)
(1.15358 0.0684463 0)
(1.13105 0.0779117 0)
(1.10824 0.0858071 0)
(1.08522 0.0907484 0)
(1.06635 0.091438 0)
(1.05538 0.0888121 0)
(1.05134 0.0847093 0)
(1.05541 0.0805595 0)
(1.0492 0.0743059 0)
(0.962912 0.0627549 0)
(0.734766 0.0424148 0)
(0.436359 0.020707 0)
(0.184253 0.00584648 0)
(0.0252527 0.000246381 0)
(0.402222 0.00438547 0)
(0.79014 0.018158 0)
(1.06157 0.0350708 0)
(1.1988 0.0522345 0)
(1.21604 0.0648741 0)
(1.19366 0.0768501 0)
(1.16702 0.0880099 0)
(1.14079 0.098075 0)
(1.11398 0.105749 0)
(1.08697 0.109648 0)
(1.06482 0.108813 0)
(1.0517 0.104737 0)
(1.04642 0.0993983 0)
(1.04824 0.0942474 0)
(1.03344 0.0858847 0)
(0.922976 0.0707984 0)
(0.673433 0.0462988 0)
(0.378048 0.021809 0)
(0.147989 0.00593342 0)
(0.0174599 0.000234652 0)
(0.457343 0.00629945 0)
(0.856107 0.0256191 0)
(1.11349 0.0495035 0)
(1.23219 0.0722824 0)
(1.23985 0.0880525 0)
(1.21228 0.101458 0)
(1.18124 0.113398 0)
(1.15032 0.12326 0)
(1.11884 0.129813 0)
(1.08744 0.131795 0)
(1.06191 0.128756 0)
(1.04676 0.122873 0)
(1.04039 0.116095 0)
(1.03925 0.109725 0)
(1.01238 0.0985251 0)
(0.872762 0.0787209 0)
(0.601553 0.049282 0)
(0.314023 0.0221659 0)
(0.110452 0.00576963 0)
(0.00984452 0.000211598 0)
(0.54698 0.0103823 0)
(0.951978 0.041645 3.80219e-34)
(1.18562 0.0756345 0)
(1.27304 0.103266 0)
(1.26694 0.121626 5.48797e-34)
(1.23171 0.135032 -2.50285e-34)
(1.19503 0.146239 0)
(1.15859 0.154385 0)
(1.12198 0.158454 -3.78977e-34)
(1.08606 0.157349 0)
(1.05727 0.151275 0)
(1.04034 0.143156 0)
(1.0332 0.134761 0)
(1.02808 0.126444 0)
(0.983402 0.111681 0)
(0.809013 0.0855181 0)
(0.517702 0.0503986 0)
(0.244315 0.0212894 0)
(0.0720461 0.00529118 0)
(0.00250461 0.000184428 0)
(0.631933 0.0342363 -3.22808e-20)
(1.04433 0.0779169 -9.22744e-21)
(1.25328 0.118961 -8.27219e-21)
(1.31212 0.147684 0)
(1.29295 0.165669 -9.16473e-21)
(1.24987 0.177794 8.79466e-21)
(1.2071 0.187352 -1.51292e-20)
(1.1648 0.193365 1.3231e-20)
(1.12265 0.194817 1.21293e-20)
(1.08169 0.190617 -1.99706e-20)
(1.04911 0.181568 -2.12258e-20)
(1.0301 0.171364 2.50934e-20)
(1.02164 0.161409 4.45794e-20)
(1.00744 0.149751 -1.79673e-20)
(0.932908 0.128733 5.29416e-20)
(0.713321 0.0930252 6.28789e-21)
(0.409315 0.0510856 -7.47955e-20)
(0.165085 0.020358 6.58921e-20)
(0.0321375 0.00468194 -1.55075e-20)
(-0.00448118 -2.03065e-05 1.03952e-19)
(0.667527 0.067912 -3.43129e-20)
(1.106 0.131793 4.32125e-20)
(1.30138 0.175777 0)
(1.34324 0.2035 1.69483e-20)
(1.31475 0.218602 7.02378e-20)
(1.26492 0.227681 0)
(1.2161 0.23432 -6.18538e-20)
(1.1679 0.237399 5.90641e-20)
(1.12014 0.235735 0)
(1.07392 0.228182 -4.47044e-20)
(1.03719 0.21604 -8.98272e-20)
(1.01561 0.203592 -5.4532e-20)
(1.00541 0.19219 3.31492e-20)
(0.982757 0.177333 -7.93057e-20)
(0.881935 0.1498 0)
(0.636429 0.103419 -1.94143e-19)
(0.338276 0.0535698 2.60856e-19)
(0.118767 0.019514 -3.06924e-19)
(0.00928863 0.00302943 3.60382e-19)
(-0.0087408 -0.000698515 8.3041e-19)
(0.67716 0.104313 -3.40206e-21)
(1.14075 0.192002 -6.77894e-21)
(1.33213 0.240924 0)
(1.36499 0.266763 1.90582e-21)
(1.33047 0.277676 -3.09858e-20)
(1.2754 0.282542 3.61123e-20)
(1.2213 0.285141 0)
(1.1678 0.284351 5.58731e-20)
(1.11486 0.27881 5.07726e-20)
(1.06374 0.267306 0)
(1.02311 0.251638 9.45978e-20)
(0.999033 0.236613 2.96867e-19)
(0.986735 0.223318 7.15449e-20)
(0.957059 0.20555 0)
(0.839431 0.170396 5.06814e-20)
(0.585599 0.114253 -4.52556e-19)
(0.300114 0.0576867 -3.48776e-22)
(0.0956861 0.0196095 0)
(-0.00321071 0.00115155 2.47037e-20)
(-0.0116342 -0.00161586 2.84469e-20)
(0.672529 0.139766 -2.70124e-21)
(1.15794 0.252623 2.71426e-20)
(1.34951 0.308873 7.16323e-20)
(1.37777 0.332803 -4.34643e-20)
(1.3395 0.339603 0)
(1.28062 0.339986 -3.21393e-20)
(1.22231 0.338146 -5.96056e-20)
(1.16435 0.333045 -1.19428e-19)
(1.10688 0.323207 2.26836e-19)
(1.05132 0.30736 -1.02984e-19)
(1.00707 0.287838 0)
(0.980549 0.269949 2.54548e-19)
(0.966089 0.254391 0)
(0.931139 0.233365 -9.28192e-20)
(0.804633 0.191583 -2.20894e-19)
(0.553212 0.127312 0)
(0.281549 0.0636782 2.70452e-19)
(0.0855653 0.0202417 -4.09887e-19)
(-0.00974917 -0.000860673 -8.57732e-19)
(-0.0136617 -0.00265352 5.24757e-19)
(0.662163 0.172196 -1.33123e-20)
(1.16331 0.311634 1.71538e-21)
(1.35713 0.376612 0)
(1.38323 0.399051 1.18682e-20)
(1.34248 0.402085 -1.06592e-19)
(1.28082 0.39809 0)
(1.2192 0.391829 -4.61196e-21)
(1.1576 0.382354 -6.52758e-20)
(1.09626 0.368105 0)
(1.03674 0.347766 -2.14293e-19)
(0.989114 0.324215 2.26425e-19)
(0.960186 0.30327 -1.36582e-19)
(0.943529 0.285286 3.36166e-19)
(0.905056 0.261112 1.01193e-19)
(0.775903 0.213216 1.18265e-21)
(0.533293 0.141461 -7.10008e-20)
(0.274016 0.0704818 -3.36391e-19)
(0.0832664 0.0215756 0)
(-0.0116461 -0.00250132 -1.9292e-18)
(-0.0147572 -0.003657 -1.24238e-23)
(0.649636 0.201855 -8.86816e-20)
(1.16102 0.367938 1.02528e-20)
(1.35768 0.442401 1.02585e-20)
(1.38289 0.464141 0)
(1.3405 0.463782 4.20441e-20)
(1.27676 0.455615 -6.07972e-20)
(1.21251 0.445125 0)
(1.14788 0.431406 -6.27437e-20)
(1.08319 0.412833 1.14408e-19)
(1.02013 0.388024 0)
(0.969376 0.360417 -1.18292e-19)
(0.938105 0.336361 2.98297e-19)
(0.919343 0.315853 1.81218e-19)
(0.878728 0.288579 -1.12013e-19)
(0.750719 0.235276 0)
(0.519322 0.156914 1.12629e-21)
(0.272423 0.0794066 2.74452e-19)
(0.0864682 0.0245394 -5.38886e-20)
(-0.00937533 -0.00310567 9.57125e-19)
(-0.0147682 -0.00441364 1.17553e-18)
(0.637336 0.229264 8.27181e-20)
(1.15399 0.42116 -1.06527e-20)
(1.35321 0.505552 8.50204e-21)
(1.37812 0.527131 3.03467e-21)
(1.33461 0.523839 2.24933e-20)
(1.2693 0.511815 -1.08304e-19)
(1.20288 0.497362 0)
(1.1357 0.479624 1.36486e-19)
(1.06809 0.456905 -1.37913e-19)
(1.00184 0.427763 2.46353e-19)
(0.948176 0.396172 3.99077e-19)
(0.914625 0.369025 -1.6639e-19)
(0.893819 0.346029 -1.57477e-21)
(0.851791 0.315943 -2.40107e-19)
(0.727097 0.257597 -1.44535e-19)
(0.507914 0.173682 0)
(0.27343 0.0899589 -9.91724e-20)
(0.0928224 0.0293429 -1.18563e-19)
(-0.00416328 -0.00231954 0)
(-0.0138122 -0.00481539 -1.24238e-18)
(0.626305 0.255088 2.51839e-20)
(1.14413 0.471249 8.19856e-20)
(1.34514 0.565704 1.72472e-20)
(1.37004 0.587509 1.7034e-20)
(1.32569 0.581719 8.38112e-20)
(1.25917 0.566209 -4.94658e-20)
(1.191 0.548111 -1.34933e-19)
(1.12163 0.526629 2.83278e-19)
(1.05143 0.50001 3.45727e-19)
(0.982246 0.466723 2.63661e-19)
(0.925844 0.431269 -1.45978e-19)
(0.890122 0.401091 -1.81682e-19)
(0.867422 0.375669 0)
(0.824471 0.342749 0)
(0.703574 0.280471 -1.55529e-19)
(0.496593 0.191057 3.70697e-19)
(0.274554 0.101758 2.17687e-19)
(0.100046 0.0356209 3.8637e-19)
(0.00240091 -0.000284667 7.61025e-20)
(-0.0122406 -0.00485192 8.68684e-20)
(0.616496 0.279406 -1.40738e-19)
(1.1329 0.51846 0)
(1.33458 0.622309 0)
(1.35958 0.645032 -1.64688e-20)
(1.3145 0.637128 2.88923e-20)
(1.24705 0.618489 -5.55911e-20)
(1.17744 0.597088 7.55427e-20)
(1.10618 0.572178 1.4627e-19)
(1.03362 0.541937 -2.95622e-19)
(0.961702 0.504737 -1.47402e-19)
(0.902708 0.465558 7.69666e-19)
(0.864938 0.432438 -3.91799e-19)
(0.840471 0.404612 0)
(0.796775 0.368936 -2.81807e-19)
(0.679759 0.30296 -1.71144e-19)
(0.483875 0.208291 -6.07409e-22)
(0.273737 0.114022 8.30749e-19)
(0.106317 0.0426821 7.00725e-19)
(0.00903349 0.0025794 8.2735e-20)
(-0.0103433 -0.00458025 -6.63887e-19)
(0.608462 0.302966 4.23973e-20)
(1.12125 0.56317 -3.29943e-20)
(1.32253 0.675867 -9.5309e-20)
(1.34742 0.699664 6.6039e-21)
(1.30167 0.689914 -2.6494e-20)
(1.2335 0.668471 -5.94274e-20)
(1.16269 0.644114 0)
(1.08976 0.616109 -1.54316e-19)
(1.01506 0.582552 -8.24598e-20)
(0.940549 0.541698 3.01613e-19)
(0.879054 0.498946 0)
(0.839333 0.462945 0)
(0.8132 0.432721 2.53558e-19)
(0.768728 0.394115 3.05479e-19)
(0.655291 0.324448 -7.39954e-19)
(0.469229 0.224752 -1.09434e-18)
(0.270125 0.125785 0)
(0.110088 0.0497481 -1.51702e-19)
(0.0144389 0.00568485 0)
(-0.0085152 -0.00414004 -1.02627e-19)
(0.601811 0.325702 -1.57106e-19)
(1.10949 0.605393 4.40543e-20)
(1.30974 0.726417 9.11707e-20)
(1.33408 0.751417 0)
(1.28772 0.740017 0)
(1.21899 0.716078 5.74158e-20)
(1.14716 0.689094 -4.1989e-21)
(1.07275 0.658325 -8.69593e-20)
(0.996058 0.621778 9.62021e-21)
(0.919045 0.577541 1.37179e-18)
(0.85509 0.531374 -7.07253e-19)
(0.813483 0.492509 2.18293e-19)
(0.785792 0.459821 -2.78963e-19)
(0.740476 0.418139 9.99026e-19)
(0.630021 0.344375 6.02811e-19)
(0.452318 0.240219 2.36752e-19)
(0.263479 0.136382 0)
(0.11073 0.0559911 4.95252e-19)
(0.0178531 0.00841577 -9.71736e-20)
(-0.00702885 -0.00369613 7.81517e-19)
(0.596529 0.347751 -6.58739e-20)
(1.09809 0.645413 9.90327e-20)
(1.2966 0.774071 1.23965e-20)
(1.32 0.800329 2.44931e-20)
(1.27307 0.787433 5.65881e-21)
(1.20389 0.761283 5.48482e-20)
(1.1312 0.731989 0)
(1.05547 0.698775 -7.54768e-20)
(0.976901 0.659562 -4.28489e-19)
(0.897436 0.612248 0)
(0.831001 0.56282 -9.50048e-19)
(0.78752 0.521064 -2.35042e-19)
(0.758348 0.485768 5.92769e-19)
(0.712075 0.440714 0)
(0.603899 0.362376 0)
(0.433477 0.253516 2.57711e-19)
(0.253805 0.14505 -7.56748e-19)
(0.108397 0.0606296 -7.11768e-19)
(0.0190961 0.0102696 -1.04721e-18)
(-0.00604676 -0.00339458 0)
(0.592114 0.369064 -2.25818e-19)
(1.08742 0.683548 1.07807e-19)
(1.28321 0.819093 7.29161e-20)
(1.30554 0.846446 1.36666e-20)
(1.25805 0.832208 -9.32417e-21)
(1.18854 0.804111 1.27769e-19)
(1.11511 0.772793 -1.35989e-19)
(1.03817 0.737445 -3.369e-19)
(0.957824 0.695896 -3.64478e-19)
(0.87593 0.645824 7.30535e-19)
(0.806938 0.593308 9.19071e-19)
(0.761526 0.548606 -6.45276e-19)
(0.730864 0.510476 -4.81996e-19)
(0.683475 0.46158 3.8925e-19)
(0.576989 0.378115 4.67426e-19)
(0.41287 0.264263 2.78408e-19)
(0.24154 0.151394 -6.54146e-19)
(0.103176 0.0634878 0)
(0.0185307 0.0111138 -9.01984e-19)
(-0.00548653 -0.00324312 2.60469e-19)
(0.588821 0.389795 3.51435e-19)
(1.077 0.71989 0)
(1.26988 0.861546 -4.73953e-21)
(1.29098 0.889866 -4.82081e-20)
(1.24294 0.874412 1.51873e-20)
(1.17316 0.844596 5.32199e-20)
(1.0991 0.811527 0)
(1.02108 0.77434 0)
(0.939042 0.730784 -3.81792e-19)
(0.854714 0.67829 1.54753e-18)
(0.783033 0.62289 8.70867e-19)
(0.735544 0.575201 -1.35706e-19)
(0.703287 0.533894 1.69893e-19)
(0.654657 0.480531 4.20242e-19)
(0.549349 0.391304 0)
(0.39089 0.272141 1.79831e-18)
(0.227185 0.155064 1.05873e-18)
(0.0958585 0.0643477 8.30565e-19)
(0.0166232 0.0110113 0)
(-0.00519347 -0.00326787 -1.40105e-19)
(0.58617 0.409981 1.01206e-19)
(1.06707 0.754478 1.58551e-19)
(1.25675 0.901559 -8.72925e-20)
(1.27652 0.930695 -3.66057e-21)
(1.22793 0.914129 7.7876e-21)
(1.15796 0.882807 -6.57321e-20)
(1.08337 0.848234 3.88807e-20)
(1.00437 0.809484 -8.93427e-20)
(0.920722 0.76424 -3.89075e-19)
(0.833955 0.709681 8.21229e-19)
(0.759421 0.65165 0)
(0.709592 0.600942 5.97422e-19)
(0.675515 0.556005 3.73993e-19)
(0.625483 0.497381 -4.55265e-19)
(0.521055 0.401627 -5.46894e-19)
(0.367906 0.2769 -3.22345e-19)
(0.211552 0.156023 7.61024e-19)
(0.0873086 0.0633104 -4.47164e-19)
(0.0139239 0.0100718 1.32013e-19)
(-0.0051026 -0.00339616 -1.51434e-19)
(0.583915 0.429684 3.1897e-21)
(1.05776 0.787312 -1.71734e-19)
(1.24399 0.939301 1.14941e-19)
(1.2623 0.969048 0)
(1.21317 0.951456 8.08884e-21)
(1.14308 0.918819 4.35072e-20)
(1.06805 0.882961 -1.0795e-19)
(0.988165 0.842905 3.52125e-19)
(0.902996 0.796275 3.59439e-19)
(0.813797 0.74003 8.49831e-19)
(0.736214 0.679691 -9.91944e-19)
(0.683686 0.625961 0)
(0.64742 0.576865 -8.02961e-19)
(0.595774 0.511988 7.35936e-19)
(0.492162 0.408756 5.88779e-19)
(0.344396 0.278229 -3.47278e-19)
(0.195444 0.154149 0)
(0.0783818 0.0606593 -7.21235e-19)
(0.0108841 0.00854387 2.82937e-19)
(-0.00513923 -0.00359411 0)
(0.581963 0.448644 -1.33648e-19)
(1.049 0.818444 -2.0812e-19)
(1.23158 0.974812 -1.33368e-19)
(1.24843 1.00505 -3.00402e-19)
(1.19879 0.986502 2.73947e-21)
(1.12864 0.952706 1.51893e-20)
(1.05324 0.915771 -1.6141e-19)
(0.972571 0.874641 3.15636e-19)
(0.88597 0.826912 4.37681e-19)
(0.794368 0.769362 5.333e-20)
(0.713543 0.707108 -1.17829e-18)
(0.657868 0.65042 5.10093e-19)
(0.618871 0.596611 0)
(0.565222 0.52429 2.62765e-19)
(0.462515 0.412254 3.17873e-19)
(0.320768 0.275441 -7.48894e-19)
(0.179954 0.149041 -4.40808e-19)
(0.0703715 0.0565033 0)
(0.00829508 0.00675458 -3.033e-19)
(-0.0052187 -0.00380959 0)
(0.580143 0.466729 0)
(1.0407 0.847969 3.41e-19)
(1.21958 1.00818 -3.12197e-19)
(1.23499 1.03882 -3.93377e-20)
(1.18486 1.01937 4.74417e-20)
(1.1147 0.984558 1.9709e-20)
(1.039 0.946723 5.7231e-20)
(0.957647 0.904729 -4.12571e-19)
(0.869723 0.85618 5.14839e-19)
(0.77576 0.797695 5.5245e-20)
(0.691536 0.733983 -2.23691e-18)
(0.632209 0.674494 0)
(0.589746 0.615469 -9.28161e-19)
(0.533438 0.534429 -5.70654e-19)
(0.43156 0.411695 3.3963e-19)
(0.297034 0.267455 0)
(0.166723 0.139195 0)
(0.0662924 0.0499092 0)
(0.00866156 0.00460166 -1.30343e-18)
(-0.00508022 -0.00396003 7.51192e-19)
(0.57863 0.484359 0)
(1.03281 0.875845 -3.93635e-19)
(1.20809 1.03958 -9.41415e-20)
(1.22204 1.07047 1.56258e-19)
(1.17143 1.05016 2.72558e-20)
(1.10131 1.01447 -5.00382e-21)
(1.02538 0.975892 -7.41821e-20)
(0.943442 0.933229 7.58788e-19)
(0.854292 0.884095 0)
(0.758043 0.825033 -9.41914e-19)
(0.670313 0.760372 1.18103e-18)
(0.606819 0.698371 -1.00895e-19)
(0.559981 0.633703 2.53578e-19)
(0.50005 0.542779 -3.10016e-19)
(0.398311 0.407112 -3.65512e-19)
(0.27189 0.252878 0)
(0.156295 0.120132 -5.08779e-19)
(0.071952 0.0328977 -2.97653e-19)
(0.0243369 -0.00455505 0)
(0.00144833 -0.00337282 -2.01808e-19)
(0.576884 0.50084 1.87793e-19)
(1.02536 0.902032 0)
(1.19705 1.06906 -2.00956e-19)
(1.20962 1.10012 1.68378e-19)
(1.15854 1.07899 -1.27176e-19)
(1.08849 1.04252 -2.204e-20)
(1.01237 1.00334 -9.14921e-20)
(0.929949 0.960175 -4.38502e-19)
(0.839687 0.91068 -6.49845e-20)
(0.741264 0.851381 1.18125e-18)
(0.649994 0.786293 1.24076e-18)
(0.581835 0.722236 -8.29845e-19)
(0.529615 0.651538 -1.99009e-18)
(0.464897 0.549966 0)
(0.361587 0.399419 -5.95234e-19)
(0.241635 0.231613 0)
(0.141899 0.0857007 -3.33007e-21)
(0.0850951 -0.015668 -3.23444e-19)
(0.0751765 -0.0388535 -3.67581e-19)
(0.0431521 0.0124518 -2.10084e-19)
(0.575386 0.516757 -1.74499e-21)
(1.0183 0.926967 -3.3103e-19)
(1.18645 1.09703 1.17596e-19)
(1.19762 1.1283 2.73543e-19)
(1.14595 1.10651 1.24102e-19)
(1.07592 1.06946 5.69064e-20)
(0.999562 1.02998 -7.8094e-20)
(0.916641 0.98663 -5.14754e-20)
(0.825247 0.937166 -5.10697e-19)
(0.72456 0.878148 1.03545e-18)
(0.62947 0.813372 -7.19146e-20)
(0.555776 0.747949 -1.05092e-19)
(0.496431 0.670323 -9.1523e-19)
(0.425437 0.55725 3.2742e-19)
(0.317637 0.389788 -7.78803e-19)
(0.197613 0.205723 0)
(0.10326 0.0424942 0)
(0.0465852 0.0590551 0)
(-0.0244911 0.553829 7.00127e-19)
(0.0130019 1.81471 4.45877e-19)
(0.573906 0.531958 1.15566e-19)
(1.01157 0.95065 -1.67244e-19)
(1.17624 1.12348 -3.67614e-19)
(1.18607 1.15506 -2.96944e-19)
(1.13367 1.13275 -1.1374e-19)
(1.06362 1.09534 1.39177e-19)
(0.987025 1.05583 -6.50463e-20)
(0.903581 1.01258 0)
(0.811084 0.96351 5.09961e-20)
(0.708106 0.905308 -9.96209e-19)
(0.608979 0.841602 -1.20819e-18)
(0.528977 0.775954 -1.05671e-19)
(0.460362 0.690341 -1.05051e-18)
(0.381572 0.564868 8.26288e-19)
(0.266934 0.380395 7.89775e-19)
(0.135766 0.188655 0)
(0.0382372 0.284589 0)
(0.0509573 1.52675 3.0637e-19)
(0.0744988 2.76869 -6.92734e-19)
(0.0919028 3.24007 2.06572e-19)
(0.573001 0.547206 -2.54705e-19)
(1.00545 0.973193 3.93923e-19)
(1.16637 1.14842 -7.16735e-20)
(1.17496 1.18034 0)
(1.12148 1.15756 -2.11922e-19)
(1.05143 1.11997 1.03523e-20)
(0.974702 1.08079 -5.36833e-20)
(0.890696 1.03786 -2.38359e-20)
(0.797131 0.989488 -4.40041e-19)
(0.691908 0.93263 1.06121e-18)
(0.588699 0.870785 -1.19964e-18)
(0.501885 0.806354 -8.15802e-19)
(0.421471 0.711663 0)
(0.334096 0.572322 6.60399e-19)
(0.21603 0.371536 7.81798e-19)
(0.0745306 0.448677 -4.54973e-19)
(0.0891929 1.91471 0)
(0.129033 3.0587 -5.84722e-19)
(0.12372 3.36986 0)
(0.113798 3.43282 1.19735e-19)
(0.573088 0.567104 1.8307e-21)
(1.00121 0.99493 -5.07836e-21)
(1.15671 1.17176 2.94632e-19)
(1.16428 1.20412 3.70529e-19)
(1.10914 1.18084 -2.40128e-19)
(1.03923 1.14338 -1.27569e-20)
(0.962249 1.10486 2.67607e-20)
(0.877846 1.06245 3.78085e-20)
(0.783296 1.0151 4.02965e-19)
(0.675968 0.960106 -9.38137e-19)
(0.568756 0.900967 -1.12146e-18)
(0.474806 0.839089 9.04772e-19)
(0.379078 0.736068 1.35316e-19)
(0.283987 0.578019 0)
(0.171985 0.6087 -2.4101e-22)
(0.106803 1.65955 0)
(0.166721 3.12177 5.27103e-19)
(0.166823 3.39525 8.04015e-19)
(0.151143 3.4481 -2.47587e-19)
(0.13258 3.45909 -4.58762e-19)
(0.991568 1.14703 0)
(0.911021 1.10651 -8.91155e-20)
(0.821158 1.06269 3.28054e-19)
(0.719173 1.01351 0)
(0.607028 0.958746 1.00033e-18)
(0.499913 0.902859 -7.4285e-19)
(0.398294 0.832992 0)
(0.150776 3.4853 0)
(0.548746 0.555868 3.07835e-19)
(0.830972 0.861925 4.62895e-19)
(1.09556 1.15826 -3.71742e-19)
(1.14899 1.24192 -5.53559e-19)
(1.11852 1.24089 2.17417e-19)
(1.05515 1.20776 -3.02671e-20)
(0.981742 1.17015 7.94038e-20)
(0.901285 1.13077 -1.1539e-19)
(0.811072 1.08823 -1.51856e-20)
(0.708203 1.04126 -1.56755e-18)
(0.593643 0.989875 -2.11827e-18)
(0.481416 0.938078 7.15904e-19)
(0.369904 0.868065 -7.8184e-21)
(0.248799 0.768269 -4.55189e-19)
(0.188416 1.48093 0)
(0.257077 3.08259 3.98554e-19)
(0.278608 3.43703 1.08176e-20)
(0.250397 3.4861 -2.24608e-19)
(0.215041 3.504 1.53304e-19)
(0.554223 0.576293 0)
(0.826456 0.87853 3.63081e-19)
(1.08655 1.17838 8.76162e-20)
(1.13797 1.26396 5.76249e-20)
(1.10682 1.2632 0)
(1.04312 1.22991 7.63833e-20)
(0.969868 1.19256 1.10277e-19)
(0.88914 1.1538 -1.29745e-21)
(0.798529 1.1123 -2.68467e-19)
(0.694687 1.06731 1.48489e-18)
(0.578039 1.01962 0)
(0.46176 0.973115 6.75921e-19)
(0.34055 0.900917 -8.7359e-19)
(0.242776 0.968194 0)
(0.275714 2.35055 1.13987e-18)
(0.349716 3.36934 3.25295e-19)
(0.320866 3.50315 5.10277e-21)
(0.286243 3.53697 -3.89607e-19)
(0.24643 3.55812 -1.28212e-19)
(0.557215 0.597573 2.99144e-19)
(0.820849 0.896497 0)
(1.07741 1.20118 3.64064e-19)
(1.12718 1.28808 6.00348e-19)
(1.09539 1.28781 9.21663e-20)
(1.03156 1.25428 -3.49918e-20)
(0.958356 1.21698 -1.53268e-19)
(0.877588 1.17863 3.56946e-20)
(0.786819 1.13818 -1.0737e-20)
(0.682377 1.09527 6.76464e-19)
(0.564436 1.05177 9.27752e-19)
(0.445695 1.01119 -5.65201e-19)
(0.320526 0.952043 -8.47468e-19)
(0.277439 1.35551 1.30005e-19)
(0.369078 3.06109 5.55364e-19)
(0.417321 3.47809 -2.54456e-19)
(0.360582 3.54153 -1.46761e-19)
(0.32459 3.58454 -3.44249e-20)
(0.28042 3.64555 6.20007e-20)
(0.556741 0.617425 1.53073e-19)
(0.81365 0.915752 -3.53709e-19)
(1.06702 1.22562 -1.85142e-19)
(1.11516 1.31339 -4.96199e-19)
(1.08274 1.31318 7.13126e-20)
(1.01902 1.27944 -3.46679e-19)
(0.946165 1.24222 3.46991e-20)
(0.86571 1.20434 5.83015e-21)
(0.775089 1.16495 0)
(0.670488 1.12425 5.56588e-19)
(0.551849 1.08508 0)
(0.43117 1.04975 -5.78613e-19)
(0.321655 1.03321 0)
(0.339313 1.91656 8.11115e-19)
(0.455666 3.35081 -2.2373e-19)
(0.465891 3.53299 -3.17605e-19)
(0.416748 3.57753 9.16134e-20)
(0.372043 3.657 -2.15944e-20)
(0.341153 3.67067 -4.39778e-21)
(0.553562 0.635903 -5.7591e-19)
(0.805298 0.936024 -7.06606e-19)
(1.05529 1.25156 -1.87338e-19)
(1.1018 1.33999 1.16072e-19)
(1.06893 1.33948 -5.54222e-19)
(1.00548 1.30537 4.9619e-20)
(0.933202 1.26813 -1.55268e-20)
(0.853285 1.23065 -7.37753e-20)
(0.763079 1.19228 -1.42234e-19)
(0.65871 1.15381 -9.44518e-21)
(0.540046 1.11898 7.6429e-21)
(0.417334 1.08865 0)
(0.332593 1.17768 7.16431e-19)
(0.420581 2.55768 1.8935e-19)
(0.532491 3.47063 0)
(0.508451 3.56177 0)
(0.477698 3.63315 0)
(0.448178 3.65619 6.15721e-20)
(0.390552 3.51482 -3.79976e-19)
(0.549305 0.654313 -5.62651e-19)
(0.796048 0.957516 -2.33839e-19)
(1.04231 1.2789 3.55088e-19)
(1.08728 1.36791 -3.67574e-19)
(1.05419 1.36685 0)
(0.991247 1.33215 4.19406e-20)
(0.919777 1.29469 1.83839e-19)
(0.840628 1.25741 -6.5684e-20)
(0.751145 1.21988 0)
(0.647453 1.1835 -8.90423e-19)
(0.52949 1.15276 6.53271e-19)
(0.408419 1.13054 -3.83709e-19)
(0.362777 1.39926 3.89666e-20)
(0.503131 3.04575 7.2766e-19)
(0.593028 3.52455 0)
(0.552246 3.5837 9.58155e-21)
(0.535683 3.6355 1.03644e-19)
(0.5013 3.54799 0)
(0.46492 2.98845 0)
(0.0583676 0.739519 0)
(0.543565 0.672175 0)
(0.785764 0.980011 0)
(1.02807 1.30782 -5.2653e-19)
(1.07141 1.39744 -4.78436e-19)
(1.03824 1.39572 0)
(0.976002 1.36036 4.33466e-20)
(0.905537 1.3226 0)
(0.827389 1.28548 -1.13584e-19)
(0.738925 1.24882 1.03537e-20)
(0.636349 1.21466 -3.61552e-19)
(0.51983 1.18815 -5.76321e-19)
(0.404612 1.18121 4.25453e-19)
(0.410993 1.71243 5.01603e-19)
(0.580749 3.31398 0)
(0.640711 3.55473 1.79115e-19)
(0.597687 3.60512 -4.89914e-20)
(0.575143 3.58621 1.334e-19)
(0.497285 3.1579 2.43837e-19)
(0.191666 1.20965 1.64904e-19)
(-0.0830822 -0.121892 -5.44911e-19)
(0.537009 0.69063 -2.71169e-19)
(0.774496 1.00395 -4.48837e-19)
(1.01234 1.33822 1.74228e-19)
(1.05399 1.42857 -8.4403e-19)
(1.02086 1.42616 -3.14302e-19)
(0.959549 1.39015 -8.94737e-20)
(0.890317 1.35209 1.36214e-20)
(0.81345 1.31517 2.53314e-20)
(0.726346 1.27948 1.25372e-20)
(0.625388 1.24771 -1.25668e-20)
(0.511115 1.22574 -3.06572e-20)
(0.407705 1.25005 3.46853e-19)
(0.475401 2.09913 0)
(0.653135 3.44937 5.85825e-20)
(0.675977 3.57892 0)
(0.643874 3.59311 -7.53737e-20)
(0.577572 3.38425 -3.24294e-19)
(0.339701 2.03067 -1.23547e-19)
(-0.0310388 0.0236271 1.57531e-19)
(-0.0962797 -0.153833 -4.66052e-19)
(0.528675 0.709019 -4.89105e-21)
(0.761584 1.0291 -2.18373e-19)
(0.994932 1.37001 -1.70966e-19)
(1.03487 1.4613 7.01046e-19)
(1.00192 1.4581 0)
(0.941768 1.42143 -3.90765e-19)
(0.874046 1.38309 6.2232e-20)
(0.798773 1.34642 -3.79279e-19)
(0.71343 1.31175 -9.99993e-21)
(0.614643 1.28249 7.57568e-21)
(0.503659 1.2656 0)
(0.420974 1.34825 -3.39103e-19)
(0.555896 2.55556 6.52454e-20)
(0.716843 3.51898 3.67095e-20)
(0.709564 3.5875 0)
(0.671913 3.52503 0)
(0.508604 2.80562 3.23473e-21)
(0.0685125 0.380794 -1.16785e-19)
(-0.101317 -0.155621 6.93026e-19)
(-0.0813243 -0.124802 6.6141e-19)
(0.518444 0.727013 2.55356e-19)
(0.74669 1.05497 -4.25371e-19)
(0.975541 1.40317 -6.53608e-19)
(1.01387 1.49553 1.16313e-18)
(0.981283 1.4915 -1.45957e-19)
(0.922567 1.45413 -3.9876e-19)
(0.856661 1.41551 2.28003e-19)
(0.783336 1.37911 4.70269e-20)
(0.700199 1.34551 -3.22165e-20)
(0.604217 1.3188 2.79242e-21)
(0.497892 1.30794 2.58484e-20)
(0.446869 1.49058 1.55529e-19)
(0.640287 2.96203 1.98223e-19)
(0.768013 3.55553 -8.77486e-21)
(0.742483 3.57606 3.45947e-20)
(0.664303 3.30545 -2.1423e-19)
(0.320319 1.65528 1.63752e-19)
(-0.0688211 -0.0738436 1.07048e-19)
(-0.0970609 -0.172872 2.57265e-19)
(-0.0640774 -0.102234 -3.01197e-19)
(0.506007 0.744203 2.47761e-19)
(0.729442 1.08099 2.07804e-19)
(0.953802 1.43759 3.24053e-19)
(0.990759 1.53116 0)
(0.958812 1.52621 1.72432e-19)
(0.901853 1.48812 0)
(0.838104 1.44921 6.78431e-20)
(0.767134 1.41309 2.17158e-19)
(0.686698 1.38059 6.69554e-20)
(0.594212 1.35642 1.03116e-20)
(0.494335 1.35342 -4.06606e-20)
(0.485981 1.68088 -1.3556e-19)
(0.718094 3.2491 2.77325e-20)
(0.80654 3.56711 -4.14266e-20)
(0.765316 3.52107 -1.64616e-19)
(0.592707 2.82894 -1.41527e-20)
(0.0626442 0.287485 -2.95537e-21)
(-0.100298 -0.164977 4.97325e-19)
(-0.0923546 -0.158433 -9.37068e-19)
(-0.0509451 -0.0815341 0)
(0.490931 0.759914 4.88433e-19)
(0.709212 1.10632 -3.95002e-19)
(0.929154 1.47271 -6.39266e-19)
(0.965281 1.56793 0)
(0.934327 1.56207 1.61721e-19)
(0.879515 1.52323 -4.25213e-19)
(0.818314 1.484 2.52706e-19)
(0.750149 1.44818 -4.03116e-20)
(0.672963 1.41677 1.13103e-19)
(0.584709 1.39502 3.868e-20)
(0.493649 1.40406 1.36133e-20)
(0.536886 1.9162 1.34205e-20)
(0.784369 3.40999 -3.70379e-20)
(0.840048 3.56526 -4.25194e-20)
(0.765478 3.38563 1.95735e-19)
(0.431084 1.99688 -6.67608e-21)
(-0.0660836 -0.0770284 -7.85837e-20)
(-0.103633 -0.192922 2.76786e-19)
(-0.0818651 -0.15075 5.44396e-20)
(-0.0426788 -0.0724104 0)
(0.472452 0.77293 9.45007e-19)
(0.685327 1.12998 -8.45156e-21)
(0.901188 1.50788 3.00021e-19)
(0.937136 1.6055 0)
(0.907655 1.59878 4.88203e-19)
(0.855429 1.55918 -2.13522e-19)
(0.797224 1.51962 7.25075e-20)
(0.732365 1.48407 -3.90983e-19)
(0.659012 1.45376 6.68749e-20)
(0.575723 1.43428 0)
(0.496572 1.46157 4.8033e-20)
(0.595179 2.17379 -7.74408e-22)
(0.840152 3.4943 8.26551e-21)
(0.865665 3.54969 -1.95882e-19)
(0.730343 3.12233 1.85451e-19)
(0.208999 0.822279 0)
(-0.0803821 -0.147915 2.90706e-19)
(-0.0960207 -0.196216 1.69293e-19)
(-0.0685467 -0.136592 -4.03407e-19)
(-0.0328546 -0.0602623 -4.74716e-19)
(0.450233 0.782228 9.10377e-19)
(0.657102 1.15076 -7.86919e-21)
(0.869272 1.54217 -3.02983e-19)
(0.906 1.64337 -2.20002e-19)
(0.8786 1.63592 -3.19867e-19)
(0.829473 1.59559 2.25906e-19)
(0.774752 1.55569 1.31454e-19)
(0.713761 1.52038 7.90047e-20)
(0.644844 1.49116 -4.31803e-20)
(0.567204 1.47395 -2.04821e-20)
(0.503831 1.5265 -2.53636e-20)
(0.662441 2.47001 -3.54767e-20)
(0.88384 3.53074 -2.65004e-20)
(0.878798 3.50389 0)
(0.652909 2.71486 -1.74001e-19)
(0.0227599 0.137934 1.20796e-19)
(-0.126989 -0.196402 -6.15409e-19)
(-0.110419 -0.200278 0)
(-0.0684547 -0.129081 3.74541e-19)
(-0.0291268 -0.0538019 0)
(0.422862 0.786401 2.1388e-19)
(0.624084 1.16662 1.82821e-19)
(0.832823 1.57448 -5.73517e-19)
(0.87169 1.68051 -4.36892e-19)
(0.846978 1.67293 -6.40626e-19)
(0.801542 1.63197 2.13252e-19)
(0.750846 1.59174 0)
(0.694289 1.55664 1.63935e-19)
(0.630444 1.52843 -5.89871e-20)
(0.559082 1.51366 -1.02165e-19)
(0.514657 1.59958 0)
(0.729143 2.7514 3.61652e-20)
(0.916682 3.54224 -1.54726e-19)
(0.876353 3.41836 -3.74503e-19)
(0.536038 2.18357 -9.23522e-20)
(-0.0109736 -0.055934 -3.07489e-21)
(-0.10927 -0.236943 -2.53377e-19)
(-0.0970569 -0.218002 -2.24175e-19)
(-0.0542055 -0.126355 -4.38728e-20)
(-0.0214583 -0.0464806 3.59798e-19)
(0.390526 0.783392 -2.08058e-19)
(0.585379 1.17492 1.7608e-19)
(0.791384 1.60289 5.77572e-19)
(0.83388 1.71589 4.39024e-19)
(0.812744 1.70909 3.25534e-19)
(0.77157 1.66766 2.24055e-19)
(0.725452 1.6272 4.24308e-19)
(0.673912 1.59228 3.80057e-19)
(0.615763 1.56493 -7.39184e-20)
(0.551217 1.55271 -1.58457e-19)
(0.5275 1.68055 -1.14718e-19)
(0.790231 2.98085 -1.29845e-19)
(0.939811 3.54564 1.71101e-19)
(0.857347 3.29207 -1.37241e-19)
(0.383333 1.51684 -8.78121e-20)
(-0.126581 -0.0960308 -3.1184e-19)
(-0.124527 -0.271341 2.43652e-19)
(-0.0800748 -0.238538 -2.81717e-19)
(-0.0282939 -0.112674 3.70582e-19)
(-0.0051839 -0.0248979 -1.80033e-22)
(0.352481 0.769971 0)
(0.539636 1.17304 6.6949e-19)
(0.744525 1.62479 -5.27514e-19)
(0.792444 1.74829 4.24577e-19)
(0.775923 1.74351 -1.30791e-20)
(0.73957 1.70193 -5.45846e-21)
(0.698563 1.66137 1.2444e-20)
(0.652583 1.62667 1.03343e-19)
(0.60069 1.60007 6.78462e-20)
(0.543552 1.59024 3.54878e-20)
(0.54125 1.76463 8.5987e-21)
(0.841176 3.1501 -7.60932e-20)
(0.955802 3.54382 -9.62211e-20)
(0.824407 3.1385 1.3226e-19)
(0.255851 0.888761 -7.62481e-20)
(-0.0859833 -0.236974 1.0361e-19)
(-0.0681336 -0.375496 -2.32619e-19)
(-0.0204983 -0.253244 5.51541e-19)
(0.0272655 -0.0563168 -4.1264e-20)
(0.0311866 0.0426772 -4.80874e-20)
(0.308135 0.74143 -1.92556e-19)
(0.485434 1.15576 0)
(0.691794 1.63706 -2.56327e-19)
(0.747281 1.77575 -1.99365e-19)
(0.736699 1.77501 -2.14502e-20)
(0.705681 1.73389 -2.02152e-19)
(0.670284 1.6935 -2.88127e-19)
(0.630288 1.65911 -1.96394e-19)
(0.58513 1.6332 -4.03827e-19)
(0.535994 1.62542 -9.458e-20)
(0.554056 1.84327 8.17327e-20)
(0.878159 3.2572 -1.70319e-19)
(0.967442 3.53831 -5.99287e-21)
(0.78827 2.98052 0)
(0.117944 0.460491 -8.22375e-20)
(-0.0812516 -0.391982 9.94521e-20)
(-0.062182 -0.395554 1.75427e-19)
(-0.0178415 -0.155981 0)
(0.0279132 0.0713668 -4.14759e-20)
(0.0359235 0.109411 -6.95369e-19)
(0.257287 0.691756 7.30136e-19)
(0.424196 1.11535 2.34174e-22)
(0.633219 1.63501 4.73351e-19)
(0.698366 1.79621 -1.79797e-19)
(0.695401 1.80207 0)
(0.670291 1.76258 -2.0114e-19)
(0.640814 1.72277 1.39832e-19)
(0.607073 1.68892 4.02912e-19)
(0.568986 1.6637 -1.49268e-19)
(0.528137 1.65728 1.86663e-19)
(0.562108 1.90759 -1.66294e-19)
(0.903818 3.31674 -8.95987e-20)
(0.978256 3.53253 -1.13597e-19)
(0.765576 2.8577 -6.69638e-20)
(0.0302953 0.227419 4.39603e-19)
(-0.158028 -0.411393 2.46111e-19)
(-0.121874 -0.313228 5.34317e-20)
(-0.0510372 -0.0516892 -2.61245e-19)
(-0.00684849 0.0591043 -3.75665e-20)
(0.00165871 0.0248977 7.13898e-19)
(0.200891 0.611895 0)
(0.35757 1.04261 0)
(0.571894 1.6122 0)
(0.645859 1.80594 3.4481e-19)
(0.65249 1.8228 2.57295e-19)
(0.634048 1.78699 3.8612e-19)
(0.610532 1.74835 -1.41844e-19)
(0.583132 1.71548 3.0568e-19)
(0.552111 1.69096 2.75182e-19)
(0.51918 1.68484 0)
(0.560502 1.94983 -1.69948e-19)
(0.918591 3.33816 1.56789e-19)
(0.992724 3.52223 0)
(0.800621 2.7966 0)
(0.0547466 0.214926 -9.44172e-20)
(-0.150733 -0.462676 1.42863e-19)
(-0.103796 -0.357758 0)
(-0.00457967 -0.0709628 -4.69573e-19)
(0.0228512 0.0310943 5.41516e-19)
(0.00869146 0.0149155 -6.32034e-19)
(0.142791 0.496064 0)
(0.285017 0.925523 -6.86567e-20)
(0.505753 1.55877 -5.20061e-19)
(0.593061 1.80054 -4.12506e-19)
(0.609022 1.83549 -2.52354e-19)
(0.597899 1.80645 -2.81807e-19)
(0.580018 1.76961 0)
(0.558746 1.7382 0)
(0.534462 1.71461 -1.36738e-19)
(0.50824 1.70808 -9.84431e-20)
(0.5486 1.96416 -1.60366e-19)
(0.913158 3.33416 0)
(0.984584 3.49719 4.20241e-21)
(0.836724 2.77195 5.7134e-20)
(0.206722 0.329591 -2.4553e-19)
(-0.067966 -0.448146 -1.38447e-19)
(-0.0711077 -0.392038 -1.77364e-19)
(0.0161133 -0.0733058 3.82539e-19)
(0.0434945 0.0789839 4.51057e-19)
(0.0265935 0.074909 -1.61032e-20)
(0.0877414 0.354169 -5.80665e-19)
(0.203244 0.743789 4.79615e-19)
(0.434825 1.46055 3.77971e-19)
(0.540393 1.77427 0)
(0.566987 1.83953 2.24426e-19)
(0.563388 1.82129 -1.72957e-19)
(0.549945 1.78629 -5.60317e-21)
(0.534299 1.75686 -1.81029e-21)
(0.516104 1.73453 -2.73341e-19)
(0.495698 1.72678 0)
(0.526985 1.95619 -8.41347e-20)
(0.873747 3.29936 1.53418e-21)
(0.926518 3.48768 3.32326e-20)
(0.769215 2.81347 1.30571e-20)
(0.200351 0.519566 5.72445e-21)
(-0.126101 -0.344555 -1.84183e-20)
(-0.147411 -0.411742 -1.50793e-20)
(-0.0369478 -0.105861 1.35563e-19)
(0.0288483 0.110484 1.87556e-19)
(0.0322616 0.132273 2.21952e-19)
(0.0423889 0.202637 -2.57093e-19)
(0.122228 0.506544 2.67582e-19)
(0.355148 1.28988 4.38369e-20)
(0.487139 1.71659 0)
(0.52679 1.83199 0)
(0.531173 1.8311 1.56778e-19)
(0.521107 1.79867 -6.08384e-20)
(0.510005 1.77194 0)
(0.497303 1.7502 -6.45681e-20)
(0.48143 1.74203 9.76879e-20)
(0.499775 1.92497 0)
(0.822005 3.23431 -8.71808e-20)
(0.859968 3.53221 0)
(0.664382 3.01838 -3.55277e-20)
(0.166238 1.02325 7.56062e-20)
(-0.257126 -0.190566 -4.49903e-21)
(-0.29049 -0.522427 -2.47968e-20)
(-0.180547 -0.400577 0)
(-0.030136 -0.0146949 2.75904e-19)
(0.0146762 0.11319 -3.06381e-19)
(0.0140816 0.0721265 1.44674e-20)
(0.0548694 0.251014 -2.13531e-19)
(0.254258 0.994481 -3.92286e-20)
(0.429336 1.60394 0)
(0.489147 1.80665 4.87211e-20)
(0.500011 1.8307 1.47105e-19)
(0.494047 1.80795 2.75159e-20)
(0.486323 1.78395 4.32087e-20)
(0.477426 1.76262 6.36978e-20)
(0.468526 1.75166 0)
(0.482995 1.87834 -1.60362e-19)
(0.790446 3.0932 -1.65225e-21)
(0.904241 3.62007 -3.31161e-20)
(0.80474 3.44587 0)
(0.266444 1.7514 -2.57938e-19)
(-0.178733 0.179884 -2.34624e-20)
(-0.41958 -0.541734 -3.36365e-19)
(-0.434747 -0.797392 -7.02501e-19)
(-0.240237 -0.501915 4.32447e-19)
(-0.0254844 0.0205542 -8.40093e-21)
(0.00304083 -0.0127923 2.90168e-33)
(0.0178564 0.057848 -1.07843e-20)
(0.131382 0.559679 -7.87756e-20)
(0.341554 1.35422 -1.4229e-20)
(0.446186 1.74013 0)
(0.470038 1.82388 5.17727e-20)
(0.469168 1.81778 1.30094e-20)
(0.462494 1.7933 3.55007e-22)
(0.456323 1.7702 0)
(0.457298 1.75405 1.19398e-33)
(0.465817 1.81859 -1.89426e-20)
(0.74212 2.67555 0)
(1.02965 3.54794 -6.42703e-20)
(1.10035 3.55117 4.28388e-21)
(1.01498 2.95587 0)
(0.539696 1.31732 0)
(0.121995 0.160177 0)
(-0.173477 -0.907521 -8.31002e-21)
(-0.277223 -1.41874 -8.11332e-21)
(-0.147177 -1.25379 -1.45909e-19)
(-0.000319199 -0.0265295 0)
(0.00428706 -0.0358513 0)
(0.0449063 0.172175 0)
(0.214459 0.911939 0)
(0.381996 1.58229 0)
(0.43689 1.79946 0)
(0.44308 1.82066 0)
(0.437667 1.79963 0)
(0.434999 1.77163 0)
(0.437271 1.74688 0)
(0.453555 1.76317 0)
(0.596405 2.2198 0)
(1.0096 3.32193 0)
(1.14507 3.41705 0)
(1.18224 3.1647 0)
(0.983153 2.19714 0)
(0.626963 0.92932 0)
(0.362972 -0.0368137 0)
(0.165332 -0.806971 0)
(0.0109951 -1.42296 0)
(-0.00014711 -0.025189 0)
(0.00082525 -0.0677128 0)
(0.0152076 0.010109 0)
(0.0968731 0.44344 0)
(0.296896 1.31266 0)
(0.396526 1.73788 0)
(0.414577 1.81652 0)
(0.412281 1.80459 0)
(0.408871 1.77292 0)
(0.411041 1.73875 0)
(0.438748 1.73476 0)
(0.499429 1.97601 0)
(0.886774 3.08073 0)
(1.0393 3.31536 0)
(1.07292 3.18223 0)
(1.0053 2.67271 0)
(0.719398 1.58878 0)
(0.462586 0.589332 0)
(0.255807 -0.286926 0)
(0.0684013 -0.910871 0)
(-0.000221446 -0.0223992 0)
(-0.00146805 -0.0740622 0)
(0.00347181 -0.0528454 0)
(0.0372316 0.155246 0)
(0.201241 0.95889 0)
(0.345889 1.62451 0)
(0.382777 1.80284 0)
(0.383559 1.80693 0)
(0.37983 1.77306 0)
(0.382259 1.73006 0)
(0.402913 1.71079 0)
(0.442267 1.82531 0)
(0.72061 2.79781 0)
(0.851795 3.22987 0)
(0.85842 3.1826 0)
(0.821683 2.89796 0)
(0.630731 2.08 0)
(0.440109 1.14081 0)
(0.233896 0.309284 0)
(0.0739568 -0.360477 0)
(-0.000223796 -0.0179449 0)
(-0.00128452 -0.0719799 0)
(0.00150308 -0.082153 0)
(0.020547 0.023053 0)
(0.112643 0.585528 0)
(0.287031 1.45621 0)
(0.346482 1.7729 0)
(0.350815 1.80546 0)
(0.347811 1.77261 0)
(0.343785 1.72618 0)
(0.358704 1.68734 0)
(0.381475 1.74903 0)
(0.538619 2.52423 0)
(0.660816 3.17939 0)
(0.640523 3.21566 0)
(0.587985 3.08092 0)
(0.4403 2.45368 0)
(0.276793 1.61767 0)
(0.143141 0.77024 0)
(0.0377598 0.0676433 0)
(6.06608e-05 -0.0168088 0)
(0.00043503 -0.0754835 0)
(0.00404153 -0.105596 0)
(0.0194233 -0.0447319 0)
(0.0603204 0.285108 0)
(0.2252 1.2453 0)
(0.305556 1.72655 0)
(0.313654 1.80293 0)
(0.309213 1.77753 0)
(0.301837 1.72503 0)
(0.308401 1.6729 0)
(0.318596 1.70971 0)
(0.405051 2.33021 0)
(0.516233 3.14675 0)
(0.497433 3.28296 0)
(0.458221 3.24803 0)
(0.364078 2.83081 0)
(0.220068 1.98184 0)
(0.120254 1.09093 0)
(0.027823 0.353539 0)
(-0.000489298 -0.0145345 0)
(-0.00912833 -0.0658191 0)
(-0.0160367 -0.125939 0)
(-0.000943106 -0.115138 0)
(0.0449016 0.140165 0)
(0.159346 1.02168 0)
(0.256866 1.6656 0)
(0.271612 1.80069 0)
(0.266735 1.78585 0)
(0.257748 1.72605 0)
(0.251452 1.66783 0)
(0.257224 1.68994 0)
(0.298862 2.198 0)
(0.409462 3.10542 0)
(0.410707 3.31212 0)
(0.394431 3.30673 0)
(0.370198 3.05755 0)
(0.267114 2.26868 0)
(0.160997 1.40451 0)
(0.0454958 0.683952 0)
(-0.00271555 0.0221293 0)
(-0.0301715 0.0184175 0)
(-0.0634777 -0.104 0)
(-0.0653677 -0.165577 0)
(-0.0365526 0.00603014 0)
(0.0845396 0.820485 0)
(0.201593 1.59359 0)
(0.228724 1.79843 0)
(0.223898 1.79646 0)
(0.20924 1.73468 0)
(0.194971 1.67315 0)
(0.196797 1.67934 0)
(0.20747 2.08987 0)
(0.323114 3.05266 0)
(0.332992 3.31806 0)
(0.32278 3.32062 0)
(0.319152 3.14977 0)
(0.25348 2.50868 0)
(0.154823 1.74785 0)
(0.040982 1.07014 0)
(-0.00186366 0.0780019 0)
(-0.0184086 0.14224 0)
(-0.025886 -0.0396331 0)
(0.000471339 -0.178016 0)
(0.0190784 -0.075185 0)
(0.0585998 0.579101 0)
(0.173576 1.50764 0)
(0.196015 1.7974 0)
(0.17906 1.80913 0)
(0.158412 1.74647 0)
(0.141207 1.68113 0)
(0.137507 1.68522 0)
(0.128896 2.00839 0)
(0.233081 2.99051 0)
(0.255827 3.31606 0)
(0.245569 3.33504 0)
(0.235559 3.21296 0)
(0.186783 2.7035 0)
(0.108225 2.0634 0)
(0.0193269 1.37764 0)
(-0.00180564 0.0973808 0)
(0.0273871 0.0849686 0)
(0.14847 -0.248221 0)
(0.263301 -0.335071 0)
(0.278343 -0.061784 0)
(0.177631 0.478894 0)
(0.186143 1.44235 0)
(0.167972 1.81179 0)
(0.12884 1.82655 0)
(0.105975 1.75953 0)
(0.0907613 1.69106 0)
(0.0803857 1.69567 0)
(0.062337 1.94898 0)
(0.156418 2.92715 0)
(0.181351 3.31736 0)
(0.167299 3.35882 0)
(0.154862 3.27309 0)
(0.11542 2.85143 0)
(0.0574306 2.30543 0)
(0.00175812 1.55458 0)
(0.00539461 0.0238431 0)
(0.111057 -0.417479 0)
(0.253782 -0.648219 0)
(0.303894 -0.465996 0)
(0.260726 0.0562854 0)
(0.174974 0.659697 0)
(0.135721 1.47233 0)
(0.0917337 1.85662 0)
(0.0619707 1.85101 0)
(0.0491998 1.77047 0)
(0.0428248 1.69908 0)
(0.0349724 1.70759 0)
(0.0194397 1.91925 0)
(0.0948567 2.86741 0)
(0.113683 3.31789 0)
(0.099813 3.38791 0)
(0.0855165 3.32539 0)
(0.0546548 2.95911 0)
(0.0153097 2.47261 0)
(-0.0107356 1.58659 0)
(0.0131615 -0.179701 0)
(0.0935667 -0.84327 0)
(0.135553 -0.797123 0)
(0.11869 -0.378745 0)
(0.077963 0.170321 0)
(0.0313349 0.782673 0)
(-0.0209129 1.53953 0)
(-0.0372819 1.89074 0)
(-0.0289116 1.86251 0)
(-0.0134171 1.7725 0)
(0.00010484 1.70123 0)
(0.00297542 1.71512 0)
(-0.00104843 1.90531 0)
(0.0445746 2.81695 0)
(0.0557477 3.32133 0)
(0.042556 3.4181 0)
(0.0266811 3.36857 0)
(0.00631705 3.03439 0)
(-0.0192558 2.56898 0)
(-0.0148783 1.54148 0)
(0.011704 -0.379925 0)
(0.0380216 -0.950108 0)
(0.0137474 -0.733214 0)
(-0.0292413 -0.288156 0)
(-0.0810611 0.262393 0)
(-0.141394 0.882253 0)
(-0.196167 1.60827 0)
(-0.182148 1.86271 0)
(-0.125851 1.83562 0)
(-0.0748024 1.75213 0)
(-0.0366296 1.68839 0)
(-0.0177232 1.71167 0)
(-0.0101631 1.90024 0)
(0.00457758 2.78557 0)
(0.00509716 3.32939 0)
(-0.00661833 3.44722 0)
(-0.0212646 3.40264 0)
(-0.0344149 3.08137 0)
(-0.0449538 2.5839 0)
(-0.0166636 1.4138 0)
(0.00491962 -0.454531 0)
(-0.0251403 -0.850706 0)
(-0.0924099 -0.577875 0)
(-0.167168 -0.13833 0)
(-0.246993 0.406733 0)
(-0.328506 1.03671 0)
(-0.361491 1.60955 0)
(-0.292772 1.77665 0)
(-0.201939 1.76387 0)
(-0.123347 1.70516 0)
(-0.0639788 1.65966 0)
(-0.0308433 1.69764 0)
(-0.0178114 1.90024 0)
(-0.0267621 2.77864 0)
(-0.0331336 3.34175 0)
(-0.0466453 3.47592 0)
(-0.0588634 3.42634 0)
(-0.0664107 3.10443 0)
(-0.0586603 2.53201 0)
(-0.0142423 1.27059 0)
(-0.00647052 -0.386768 0)
(-0.0733802 -0.592186 0)
(-0.17452 -0.31683 0)
(-0.282706 0.0899343 0)
(-0.383605 0.600588 0)
(-0.45718 1.14708 0)
(-0.438291 1.52529 0)
(-0.342328 1.65489 0)
(-0.241198 1.66629 0)
(-0.148966 1.64032 0)
(-0.0798841 1.61819 0)
(-0.0371067 1.67539 0)
(-0.0225072 1.90589 0)
(-0.0469297 2.79333 0)
(-0.0585869 3.35666 0)
(-0.0722259 3.50045 0)
(-0.0825745 3.43999 0)
(-0.0811624 3.09691 0)
(-0.0565932 2.41357 0)
(-0.0118606 1.13971 0)
(-0.0101971 -0.220637 0)
(-0.0846679 -0.260929 0)
(-0.190549 -0.0063664 0)
(-0.300502 0.345166 0)
(-0.398645 0.762599 0)
(-0.442323 1.16268 0)
(-0.403261 1.41116 0)
(-0.328514 1.53066 0)
(-0.239005 1.5691 0)
(-0.153332 1.56988 0)
(-0.083434 1.57169 0)
(-0.037529 1.64954 0)
(-0.0215239 1.9176 0)
(-0.0529069 2.81879 0)
(-0.06643 3.37439 0)
(-0.0779779 3.52025 0)
(-0.0830623 3.44253 0)
(-0.0759125 3.05963 0)
(-0.0423741 2.27979 0)
(-0.00898754 1.03948 0)
(-0.0068268 -0.0560136 0)
(-0.0675387 0.0509302 0)
(-0.155849 0.281079 0)
(-0.245966 0.571717 0)
(-0.319912 0.891286 0)
(-0.353063 1.16886 0)
(-0.327459 1.34103 0)
(-0.276535 1.44437 0)
(-0.210797 1.48987 0)
(-0.141677 1.50656 0)
(-0.0778543 1.52604 0)
(-0.0299753 1.61933 0)
(-0.0106603 1.93135 0)
(-0.0459394 2.848 0)
(-0.0603923 3.39018 0)
(-0.0697338 3.53289 0)
(-0.071957 3.43558 0)
(-0.0577319 2.99977 0)
(-0.0265093 2.17107 0)
(-0.00592165 0.972053 0)
(-0.00371507 0.0529889 0)
(-0.0419442 0.284915 0)
(-0.104266 0.504268 0)
(-0.169218 0.745461 0)
(-0.22266 0.98907 0)
(-0.247835 1.18103 0)
(-0.242605 1.3091 0)
(-0.215141 1.3906 0)
(-0.174116 1.43509 0)
(-0.123423 1.4573 0)
(-0.0692284 1.48253 0)
(-0.0194839 1.58277 0)
(0.00398114 1.94812 0)
(-0.035146 2.88096 0)
(-0.0492701 3.40586 0)
(-0.0540428 3.53955 0)
(-0.0523586 3.41968 0)
(-0.0368971 2.93754 0)
(-0.0149942 2.10158 0)
(-0.00369684 0.931037 0)
(-0.00140015 0.108038 0)
(-0.0206958 0.432287 0)
(-0.0597684 0.659772 0)
(-0.10417 0.86874 0)
(-0.142155 1.06203 0)
(-0.164333 1.2039 0)
(-0.171342 1.3033 0)
(-0.159288 1.36206 0)
(-0.13771 1.39915 0)
(-0.10533 1.42042 0)
(-0.0640899 1.44432 0)
(-0.0181272 1.54258 0)
(0.00504216 1.9679 0)
(-0.0362267 2.91663 0)
(-0.0474084 3.41163 0)
(-0.0435971 3.53797 0)
(-0.0367974 3.40107 0)
(-0.02357 2.88849 0)
(-0.0104112 2.0631 0)
(-0.00267601 0.90324 0)
(-0.000272775 0.128507 0)
(-0.00751596 0.50901 0)
(-0.0288808 0.759274 0)
(-0.0581106 0.953848 0)
(-0.0855811 1.1173 0)
(-0.105006 1.23076 0)
(-0.116881 1.31023 0)
(-0.115509 1.35222 0)
(-0.107411 1.38037 0)
(-0.0905446 1.3973 0)
(-0.0647831 1.41479 0)
(-0.03458 1.50967 0)
(-0.023616 1.98929 0)
(-0.0565808 2.94476 0)
(-0.0532785 3.40862 0)
(-0.0430154 3.52155 0)
(-0.0291564 3.37644 0)
(-0.0170149 2.85417 0)
(-0.00942206 2.03989 0)
(-0.00217716 0.879402 0)
(0.00011662 0.131773 0)
(-0.000662177 0.539058 0)
(-0.00978892 0.816963 0)
(-0.0279842 1.0119 0)
(-0.0480341 1.15997 0)
(-0.0648553 1.25738 0)
(-0.0780517 1.32273 0)
(-0.0831593 1.35386 0)
(-0.083906 1.37366 0)
(-0.0796449 1.38618 0)
(-0.0706308 1.40011 0)
(-0.0653623 1.49736 0)
(-0.0686052 2.00444 0)
(-0.0849925 2.95383 0)
(-0.0675344 3.38717 0)
(-0.0466602 3.49165 0)
(-0.0272098 3.34603 0)
(-0.0149833 2.82966 0)
(-0.00945732 2.02051 0)
(-0.00180177 0.857172 0)
(0.000297147 0.128126 0)
(0.00228841 0.54162 0)
(0.000683876 0.845372 0)
(-0.00945626 1.05047 0)
(-0.0238796 1.19339 0)
(-0.0382991 1.28194 0)
(-0.0513402 1.33747 0)
(-0.0597528 1.362 0)
(-0.0659595 1.37502 0)
(-0.0710926 1.38541 0)
(-0.0761703 1.40075 0)
(-0.0925909 1.50654 0)
(-0.10363 2.00628 0)
(-0.0973364 2.94334 0)
(-0.0732196 3.35008 0)
(-0.0471468 3.44954 0)
(-0.0248687 3.30989 0)
(-0.0132485 2.80959 0)
(-0.00890268 2.00056 0)
(-0.00129997 0.836873 0)
(0.000263444 0.122091 0)
(0.00353232 0.531859 0)
(0.00596936 0.854058 0)
(0.00140361 1.07428 0)
(-0.00857929 1.21929 0)
(-0.020614 1.304 0)
(-0.0327337 1.35304 0)
(-0.0424249 1.37367 0)
(-0.0513977 1.3821 0)
(-0.0616099 1.39217 0)
(-0.075779 1.41348 0)
(-0.101728 1.52917 0)
(-0.114546 1.99266 0)
(-0.0856722 2.92473 0)
(-0.0634708 3.31071 0)
(-0.0392122 3.40528 0)
(-0.0186869 3.27509 0)
(-0.00962757 2.79545 0)
(-0.00743531 1.98196 0)
(-0.000691421 0.820218 0)
(0.000251802 0.115885 0)
(0.00364729 0.515953 0)
(0.00802686 0.850798 0)
(0.00732749 1.08743 0)
(0.000904468 1.23866 0)
(-0.00878668 1.32307 0)
(-0.0195936 1.36796 0)
(-0.0293548 1.38594 0)
(-0.0390465 1.39145 0)
(-0.0514193 1.40192 0)
(-0.0683698 1.42929 0)
(-0.0921629 1.55294 0)
(-0.102735 1.97199 0)
(-0.0554918 2.89944 0)
(-0.0400353 3.28025 0)
(-0.0243345 3.37047 0)
(-0.00995229 3.24854 0)
(-0.00622381 2.79197 0)
(-0.00582054 1.96601 0)
(-8.37339e-05 0.808306 0)
(0.000212747 0.110152 0)
(0.00330845 0.498785 0)
(0.00843038 0.840479 0)
(0.0100566 1.09318 0)
(0.00613223 1.25267 0)
(-0.00117337 1.33894 0)
(-0.0103057 1.38161 0)
(-0.0191236 1.39756 0)
(-0.0279785 1.40125 0)
(-0.0395725 1.41169 0)
(-0.0539979 1.44265 0)
(-0.0692449 1.56935 0)
(-0.0743828 1.94747 0)
(-0.0245469 2.86329 0)
(-0.0140268 3.26206 0)
(-0.00807566 3.35101 0)
(-0.00338056 3.23828 0)
(-0.00453946 2.7959 0)
(-0.00535256 1.95079 0)
(0.000207393 0.800101 0)
(0.000171805 0.105172 0)
(0.00283772 0.482338 0)
(0.00793719 0.827304 0)
(0.0108642 1.09321 0)
(0.00894765 1.26238 0)
(0.00346749 1.3517 0)
(-0.00377165 1.39345 0)
(-0.0111054 1.4076 0)
(-0.0180347 1.40977 0)
(-0.0259678 1.41874 0)
(-0.0334988 1.44994 0)
(-0.0366349 1.57633 0)
(-0.0377963 1.92957 0)
(-0.00161615 2.8172 0)
(0.00665909 3.25715 0)
(0.00220785 3.35105 0)
(-0.00146728 3.24291 0)
(-0.00675443 2.80752 0)
(-0.00614981 1.93217 0)
(0.000165862 0.79236 0)
(0.000923716 0.291632 0)
(0.00509055 0.655193 0)
(0.00996122 0.968653 0)
(0.0110913 1.18978 0)
(0.00774621 1.31752 0)
(0.00180946 1.3798 0)
(-0.00500783 1.40483 0)
(-0.0114998 1.41113 0)
(-0.0171544 1.41757 0)
(-0.0212836 1.43209 0)
(-0.0218183 1.50648 0)
(-0.0251978 1.70507 0)
(-0.0204727 2.29601 0)
(0.0161816 3.10391 0)
(0.0102323 3.33334 0)
(0.00177334 3.33566 0)
(-0.00548796 3.0791 0)
(-0.011045 2.43771 0)
(-0.00212769 1.35489 0)
(-0.0013469 0.77924 0)
(-0.140318 1.42847 0)
(0.0629584 3.27413 3.56374e-22)
(0.113711 3.59662 -6.06861e-20)
(0.114668 3.55782 0)
(0.110336 3.50571 -2.46094e-19)
(0.102253 3.46751 0)
(0.0939233 3.44667 -3.48459e-19)
(0.0846173 3.42978 -7.68169e-21)
(0.0718642 3.30586 -6.98504e-19)
(0.0396795 2.16532 -3.95342e-19)
(-0.0475802 1.08649 -6.98454e-20)
(0.0389839 3.09592 1.34786e-19)
(0.0630161 3.5238 -1.93161e-19)
(0.0677115 3.51495 -2.23461e-19)
(0.0681419 3.47527 -3.17676e-19)
(0.0663608 3.44665 -1.03977e-20)
(0.0631574 3.43221 1.21988e-20)
(0.0593214 3.42519 0)
(0.0530872 3.33585 -6.73725e-21)
(0.0346046 2.27319 -4.55716e-19)
(-0.0245322 0.968058 1.33102e-21)
(0.0212784 3.03304 -4.83801e-21)
(0.0322282 3.48271 8.13775e-21)
(0.037389 3.48166 0)
(0.0404692 3.44942 -3.30071e-19)
(0.0422875 3.42757 3.74263e-19)
(0.0434913 3.41823 -4.1518e-19)
(0.0457094 3.41711 -4.23735e-19)
(0.0459435 3.346 -4.48739e-19)
(0.0331678 2.33895 3.67838e-21)
(-0.0159759 0.904264 2.20876e-19)
(0.00612626 3.01018 -6.4298e-21)
(0.0115544 3.4531 -1.56189e-19)
(0.016906 3.45392 -1.80163e-19)
(0.0222547 3.42631 -1.17359e-20)
(0.0270484 3.40904 -2.22788e-19)
(0.0319414 3.40293 2.2252e-19)
(0.0380681 3.40501 0)
(0.0415383 3.34942 2.30379e-19)
(0.0330976 2.40195 0)
(-0.0118837 0.875632 1.41185e-19)
(-0.00709777 3.01261 1.62677e-19)
(-0.0018491 3.42932 1.87685e-19)
(0.0032758 3.429 2.00923e-19)
(0.0105562 3.40428 -2.17994e-19)
(0.0177065 3.38981 -1.4036e-20)
(0.0252025 3.38556 -1.47642e-20)
(0.0338773 3.38972 2.49432e-19)
(0.0396456 3.34802 2.67897e-19)
(0.03506 2.46341 2.61236e-19)
(-0.010017 0.867782 -1.74723e-19)
(-0.0151944 3.03004 -2.05364e-19)
(-0.0122392 3.40978 2.21701e-19)
(-0.0056518 3.40496 2.20571e-19)
(0.00288173 3.38194 2.24069e-19)
(0.0118825 3.36906 -2.45666e-20)
(0.0214258 3.36583 -9.23872e-21)
(0.0321165 3.37142 -2.58193e-19)
(0.0404489 3.34236 0)
(0.0389915 2.52676 -6.62543e-21)
(-0.0105788 0.875489 0)
(-0.0220892 3.05736 2.14074e-19)
(-0.0204478 3.39072 -4.34132e-19)
(-0.0124301 3.38027 -1.45909e-20)
(-0.00262037 3.35804 0)
(0.00807326 3.3459 -2.66177e-19)
(0.0195734 3.34315 2.84372e-19)
(0.0322966 3.34964 -2.68946e-19)
(0.0434264 3.33214 -9.14957e-21)
(0.0448615 2.59449 4.72301e-21)
(-0.0116475 0.901339 2.21562e-19)
(-0.029937 3.08967 -2.27258e-19)
(-0.0284408 3.36967 -2.46245e-19)
(-0.0185998 3.35314 2.63776e-19)
(-0.00724125 3.33111 0)
(0.00539414 3.31917 0)
(0.0190576 3.31656 0)
(0.0340625 3.32359 -2.91138e-19)
(0.0483442 3.31655 3.12363e-19)
(0.0525224 2.66524 0)
(-0.0157431 0.952788 0)
(-0.0403111 3.12246 -1.19964e-20)
(-0.0375496 3.34396 2.91133e-19)
(-0.0251829 3.32157 0)
(-0.0115468 3.29943 -3.04588e-19)
(0.00346839 3.28757 -1.95238e-20)
(0.0196067 3.28512 -3.11003e-19)
(0.0370717 3.2925 1.04467e-20)
(0.0546723 3.29471 3.65996e-19)
(0.0615841 2.73941 -3.50104e-19)
(-0.0236509 1.04705 2.60861e-19)
(-0.053671 3.15075 2.60997e-19)
(-0.04792 3.31082 -1.33565e-19)
(-0.0322109 3.28374 -1.60839e-19)
(-0.0155276 3.26192 4.09944e-20)
(0.00231201 3.25048 2.91408e-19)
(0.0210826 3.24843 1.59909e-19)
(0.0410615 3.2562 1.15566e-20)
(0.0614256 3.26598 0)
(0.0711715 2.81528 -3.86749e-19)
(-0.035162 1.20602 4.65322e-21)
(-0.0686832 3.16926 -1.53584e-19)
(-0.058131 3.26893 -1.98142e-20)
(-0.0384985 3.23951 -1.78509e-19)
(-0.0186755 3.21921 1.54305e-19)
(0.00172615 3.20883 -8.97713e-21)
(0.0227516 3.20727 -2.00283e-19)
(0.0449528 3.21509 1.27049e-20)
(0.0674606 3.23031 2.03612e-19)
(0.0803204 2.88932 0)
(-0.0472411 1.44294 5.25806e-21)
(-0.0808144 3.17321 -1.58796e-19)
(-0.0642481 3.21895 0)
(-0.0418641 3.19091 0)
(-0.020138 3.17305 -2.04712e-19)
(0.0013017 3.16408 -2.28388e-19)
(0.0232115 3.16317 9.49388e-21)
(0.0466777 3.17084 1.39218e-20)
(0.0706246 3.18919 -2.19326e-19)
(0.0881562 2.95716 -7.42163e-21)
(-0.0549881 1.75547 1.89074e-19)
(-0.0858146 3.1595 -8.12417e-21)
(-0.0642101 3.16489 0)
(-0.0421477 3.13958 -2.06864e-19)
(-0.0204119 3.12345 -1.86833e-19)
(0.00126875 3.11577 -1.18082e-22)
(0.0233228 3.11624 1.19777e-19)
(0.0460565 3.12495 1.51707e-20)
(0.0691176 3.14552 2.61516e-19)
(0.0922532 3.01439 0)
(-0.056231 2.13199 0)
(-0.0832173 3.12851 6.7769e-21)
(-0.0625262 3.1072 -5.50436e-21)
(-0.0425327 3.08441 -1.18778e-19)
(-0.0205589 3.07077 0)
(0.00176179 3.06517 3.08584e-20)
(0.0242392 3.06666 0)
(0.0461712 3.07577 -1.34367e-19)
(0.0663491 3.09788 -1.54887e-19)
(0.0929621 3.05394 0)
(-0.058236 2.53334 5.9458e-20)
(-0.0857375 3.07222 -1.31308e-19)
(-0.0582015 3.0439 1.5476e-20)
(-0.0360412 3.03113 0)
(-0.0161471 3.02477 -6.2395e-20)
(0.00151837 3.02245 1.58438e-21)
(0.0193297 3.02329 6.9001e-20)
(0.0389016 3.02783 -7.1951e-20)
(0.0622971 3.0415 -1.86232e-20)
(0.0963802 3.05644 0)
(-0.0331703 2.87888 7.3944e-21)
(-0.0355323 2.99877 3.50414e-20)
(-0.0179603 3.00012 1.42915e-20)
(-0.00998409 3.00099 0)
(-0.00474723 3.00041 -2.85838e-20)
(0.000320311 3.00133 1.60231e-22)
(0.00437205 3.00032 -2.99613e-20)
(0.00998085 2.99968 3.11417e-20)
(0.0195378 2.99915 0)
(0.0458925 3.0026 0)
(0.27296 0.291842 -1.48984e-19)
(0.837981 0.851874 -2.2486e-19)
(1.10427 1.14078 -1.47477e-19)
(1.15891 1.221 -2.35518e-19)
(1.12885 1.21894 -3.73245e-20)
(1.06528 1.18534 3.81575e-20)
(0.270593 0.667046 0)
(0.15626 0.902331 3.73898e-19)
(0.170092 2.48356 -2.06906e-19)
(0.217959 3.32745 -1.0828e-19)
(0.205244 3.44213 5.53368e-20)
(0.178142 3.46558 1.50777e-20)
(0.175618 3.52501 -1.54306e-19)
(0.197473 3.58819 2.12996e-19)
(0.218632 3.66671 3.44397e-20)
(0.25526 3.64642 1.33272e-19)
(0.27177 3.12492 3.73416e-19)
)
;

boundaryField
{
    wall-4
    {
        type            noSlip;
    }
    pressure-outlet-7
    {
        type            zeroGradient;
    }
    velocity-inlet-6
    {
        type            fixedValue;
        value           uniform (0 3 0);
    }
    velocity-inlet-5
    {
        type            fixedValue;
        value           uniform (1 0 0);
    }
    frontAndBackPlanes
    {
        type            empty;
    }
}


// ************************************************************************* //
