/*--------------------------------*- C++ -*----------------------------------*\
| =========                 |                                                 |
| \\      /  F ield         | OpenFOAM: The Open Source CFD Toolbox           |
|  \\    /   O peration     | Version:  v2012                                 |
|   \\  /    A nd           | Website:  www.openfoam.com                      |
|    \\/     M anipulation  |                                                 |
\*---------------------------------------------------------------------------*/
FoamFile
{
    version     2.0;
    format      ascii;
    class       surfaceScalarField;
    location    "46";
    object      phi;
}
// * * * * * * * * * * * * * * * * * * * * * * * * * * * * * * * * * * * * * //

dimensions      [0 3 -1 0 0 0 0];
oriented        oriented;


internalField   nonuniform List<scalar> 
17370
(
-0.0910991
0.0935451
0.286565
-0.0749543
0.0569541
0.364776
-0.0409372
0.0299529
0.427152
-0.0211972
0.0155959
0.504853
-0.0113445
0.00864389
0.602103
-0.00651097
0.00505934
0.720509
-0.00384352
0.00297556
0.863774
-0.00221108
0.00163784
1.03602
-0.00111012
0.000692017
1.24292
-0.000283507
-0.00010778
1.49158
0.00049234
-0.000902475
1.4916
0.00130373
-0.00180487
1.24319
0.00235229
-0.00309198
1.03638
0.00394437
-0.00515101
0.864113
0.00659807
-0.00872551
0.721185
0.0114185
-0.015659
0.603455
0.0212499
-0.0299945
0.508184
0.0409692
-0.0569775
0.432176
0.0749724
-0.0935556
0.365359
0.0911115
0.197899
-0.127345
0.088141
0.0392043
-0.364735
0.353786
-0.0726337
0.0835831
-0.446565
0.454367
-0.081719
0.0739177
-0.52097
0.529523
-0.0658094
0.0572564
-0.612848
0.621015
-0.0495049
0.041338
-0.726999
0.733787
-0.0344099
0.0276219
-0.867514
0.872445
-0.0222824
0.0173512
-1.03855
1.0419
-0.0136361
0.0102861
-1.24471
1.24712
-0.00773194
0.00532154
-1.49284
1.49485
-0.00335597
0.00134198
-1.49269
1.49451
0.000477226
-0.00229563
-1.2441
1.24602
0.00427077
-0.00618495
-1.0376
1.04009
0.008527
-0.0110132
-0.86616
0.869816
0.0142894
-0.0179454
-0.72448
0.729779
0.0228236
-0.0281226
-0.608889
0.615777
0.0348686
-0.0417565
-0.514991
0.5227
0.0498777
-0.0575862
-0.439772
0.447833
0.0660882
-0.0741488
-0.375158
0.377
0.0818946
-0.0837364
-0.25692
0.223425
0.0727404
-0.0392456
-0.0686477
0.0589157
0.00973205
-0.0520886
0.0587889
-0.374538
0.367837
-0.0579058
0.0540814
-0.453826
0.457651
-0.0487249
0.0443869
-0.52774
0.532078
-0.0401645
0.0363832
-0.621099
0.624881
-0.0321619
0.0280941
-0.734874
0.738942
-0.0236266
0.0196375
-0.874044
0.878033
-0.0155031
0.011988
-1.04339
1.04691
-0.00842193
0.00535904
-1.24866
1.25172
-0.00212546
-0.000873881
-1.49695
1.49994
0.00385246
-0.00702605
-1.49743
1.5006
0.010003
-0.0134539
-1.2501
1.25355
0.0168555
-0.0208644
-1.04573
1.04974
0.0247465
-0.0291102
-0.877323
0.881687
0.0330942
-0.0372311
-0.739317
0.743454
0.0409383
-0.0450839
-0.626349
0.630495
0.0493569
-0.0546506
-0.534942
0.540235
0.0584077
-0.0592059
-0.457925
0.458723
0.0524012
-0.0320319
-0.336405
0.316035
0.00978449
-0.0685091
0.0587246
-0.0531552
0.0491034
0.00405175
-0.0331826
0.0436822
-0.358361
0.347862
-0.0474049
0.0468217
-0.459505
0.460088
-0.0438482
0.040581
-0.536018
0.539285
-0.0368729
0.0335397
-0.628437
0.63177
-0.0299777
0.0268306
-0.74225
0.745398
-0.0234849
0.0203198
-0.881567
0.884732
-0.0167238
0.0133458
-1.05039
1.05377
-0.00961204
0.00617482
-1.25502
1.25845
-0.00235032
-0.00129745
-1.50333
1.50697
0.00491512
-0.00865196
-1.50414
1.50788
0.0119702
-0.015544
-1.25717
1.26075
0.0187613
-0.022176
-1.05351
1.05692
0.025184
-0.0283757
-0.885297
0.888488
0.0313986
-0.0348373
-0.746947
0.750386
0.0380644
-0.0416614
-0.634514
0.638111
0.0448322
-0.0476977
-0.544468
0.547334
0.0481689
-0.0442893
-0.456897
0.453018
0.0336024
-0.016252
-0.296674
0.279324
0.00411494
-0.0529072
0.0487923
-0.0459799
0.0434519
0.00252797
-0.0229454
0.0333217
-0.337215
0.326839
-0.0391122
0.0401036
-0.459795
0.458804
-0.0388923
0.0365967
-0.541955
0.544251
-0.0339597
0.0314007
-0.634762
0.637321
-0.0283988
0.0255454
-0.748459
0.751313
-0.0223173
0.0193265
-0.887729
0.89072
-0.0160136
0.012908
-1.05693
1.06004
-0.00936697
0.0059652
-1.26187
1.26527
-0.00204192
-0.00177528
-1.51073
1.51455
0.00555447
-0.00936143
-1.51169
1.5155
0.0126064
-0.0159378
-1.26422
1.26755
0.018833
-0.021908
-1.06009
1.06317
0.024689
-0.0277068
-0.891634
0.894652
0.0303885
-0.0332207
-0.753576
0.756408
0.0356351
-0.0381239
-0.64112
0.643609
0.040293
-0.0413375
-0.549158
0.550202
0.0401738
-0.0341321
-0.447831
0.441789
0.0234819
-0.010277
-0.264154
0.250949
0.00260546
-0.0455986
0.0429931
-0.0413517
0.039562
0.00178963
-0.0168835
0.0261729
-0.316962
0.307673
-0.0327967
0.0349427
-0.457215
0.455069
-0.0345287
0.0328526
-0.54625
0.547926
-0.0306569
0.0285566
-0.639615
0.641715
-0.0261391
0.0237664
-0.753921
0.756294
-0.0209461
0.0181963
-0.89357
0.89632
-0.0150127
0.0119867
-1.06306
1.06608
-0.00853628
0.00523578
-1.26858
1.27188
-0.00140925
-0.00233301
-1.51833
1.52207
0.00602587
-0.0097068
-1.51925
1.52293
0.0128106
-0.0159982
-1.27082
1.27401
0.0187594
-0.0216396
-1.06619
1.06907
0.0241161
-0.0266573
-0.897453
0.899995
0.0288028
-0.0309998
-0.758863
0.76106
0.0329167
-0.0349239
-0.64581
0.647818
0.0364173
-0.0366057
-0.55077
0.550959
0.0341961
-0.0272068
-0.435186
0.428197
0.0175509
-0.00741532
-0.239426
0.229291
0.00188419
-0.0408074
0.0389232
-0.0380204
0.0366732
0.00134728
-0.0129132
0.0209118
-0.299035
0.291036
-0.0277002
0.0306452
-0.452497
0.449551
-0.0308711
0.0297643
-0.54935
0.550457
-0.0277816
0.0258726
-0.64375
0.645659
-0.0236819
0.0215595
-0.758515
0.760638
-0.0190699
0.0166131
-0.898861
0.901318
-0.0137016
0.0108552
-1.06897
1.07182
-0.00753684
0.00433354
-1.2751
1.2783
-0.000616945
-0.00299858
-1.52572
1.52934
0.00655278
-0.0100881
-1.52654
1.53008
0.0130472
-0.016039
-1.27713
1.28013
0.0185547
-0.0210858
-1.0718
1.07433
0.023199
-0.0253342
-0.902311
0.904447
0.0271649
-0.0290723
-0.763087
0.764994
0.0307493
-0.0325073
-0.649677
0.651435
0.0333491
-0.0328083
-0.55079
0.550249
0.0294876
-0.0222008
-0.421004
0.413717
0.013733
-0.00572684
-0.220323
0.212317
0.00146231
-0.0372778
0.0358155
-0.0354959
0.0344559
0.00103998
-0.0101073
0.016882
-0.283677
0.276902
-0.0234181
0.0268267
-0.44636
0.442951
-0.0276362
0.0269609
-0.551344
0.552019
-0.0252167
0.0234499
-0.647536
0.649303
-0.0214046
0.0194146
-0.762688
0.764678
-0.0170742
0.0147777
-0.903622
0.905918
-0.0120761
0.00942445
-1.0745
1.07715
-0.00630041
0.00324725
-1.28139
1.28444
0.000324187
-0.00379784
-1.53286
1.53633
0.00719788
-0.0105444
-1.53352
1.53687
0.0132958
-0.0160165
-1.28301
1.28573
0.0182619
-0.020497
-1.07672
1.07896
0.0223695
-0.0242689
-0.90647
0.90837
0.0258937
-0.0275841
-0.766783
0.768474
0.0290626
-0.0304947
-0.653047
0.654479
0.0308353
-0.0295874
-0.549367
0.548119
0.0256619
-0.0184719
-0.406457
0.399267
0.0111099
-0.00460129
-0.205131
0.198622
0.00117989
-0.0345123
0.0333324
-0.033542
0.0327296
0.000812378
-0.00802772
0.0137325
-0.270694
0.264989
-0.0197934
0.0234099
-0.439434
0.435817
-0.0247078
0.0242873
-0.552603
0.553024
-0.0228212
0.0211712
-0.65106
0.65271
-0.0192292
0.0173342
-0.766612
0.768507
-0.015099
0.0129021
-0.908095
0.910292
-0.010316
0.00778793
-1.07966
1.08219
-0.00482441
0.00192788
-1.28737
1.29026
0.00146423
-0.00476546
-1.5397
1.543
0.00797635
-0.0110958
-1.5401
1.54322
0.0136242
-0.016097
-1.28834
1.29081
0.0181292
-0.0201443
-1.0811
1.08312
0.0218198
-0.0235094
-0.910181
0.911871
0.0249508
-0.0264506
-0.770065
0.771564
0.0277403
-0.0288064
-0.655703
0.656769
0.0287868
-0.0268842
-0.54655
0.544647
0.022582
-0.0156857
-0.39222
0.385324
0.00925303
-0.0038166
-0.192702
0.187265
0.000982697
-0.0322652
0.0312825
-0.0320149
0.0313784
0.000636531
-0.00642514
0.0112157
-0.259772
0.254982
-0.0166942
0.0203214
-0.4322
0.428573
-0.0219545
0.0217688
-0.553368
0.553554
-0.0205458
0.0189623
-0.654373
0.655956
-0.0170845
0.0152472
-0.770361
0.772198
-0.0130824
0.0109574
-0.912373
0.914498
-0.00845755
0.00601741
-1.0846
1.08704
-0.00316494
0.000393892
-1.29304
1.29582
0.00283089
-0.00594642
-1.54617
1.54929
0.0089507
-0.011842
-1.54622
1.54911
0.0141659
-0.0164191
-1.2932
1.29545
0.0182531
-0.0200555
-1.08505
1.08685
0.0215429
-0.0230387
-0.913485
0.91498
0.0243171
-0.0256468
-0.772983
0.774312
0.0267957
-0.0274645
-0.657616
0.658285
0.0270887
-0.0246521
-0.542495
0.540059
0.0201344
-0.013605
-0.378623
0.372093
0.00791836
-0.00325991
-0.182259
0.1776
0.000843368
-0.030382
0.0295387
-0.0308213
0.030327
0.000494255
-0.00513579
0.00913753
-0.250614
0.246613
-0.0139878
0.0174767
-0.425028
0.421539
-0.019307
0.0193249
-0.553687
0.553669
-0.0183114
0.0167747
-0.657584
0.65912
-0.0149329
0.0131237
-0.774005
0.775814
-0.0109926
0.00890563
-0.916511
0.918598
-0.00645874
0.00408002
-1.08936
1.09174
-0.00131074
-0.00136068
-1.29847
1.30114
0.00444185
-0.00738789
-1.55228
1.55522
0.010199
-0.0128769
-1.55188
1.55456
0.0150059
-0.0170476
-1.29763
1.29967
0.0186907
-0.0202891
-1.08858
1.09018
0.0215986
-0.0229129
-0.91641
0.917725
0.0240378
-0.0252034
-0.775575
0.776741
0.026165
-0.0264751
-0.658748
0.659058
0.0257287
-0.0228517
-0.537418
0.534541
0.0182249
-0.0120639
-0.365769
0.359608
0.00696019
-0.00286714
-0.173259
0.169166
0.000746639
-0.0287558
0.0280092
-0.0298998
0.0295257
0.00037404
-0.00405478
0.00736195
-0.242983
0.239676
-0.0115692
0.0148077
-0.418194
0.414955
-0.0167086
0.0168955
-0.553625
0.553438
-0.0159809
0.0145339
-0.660689
0.662136
-0.0127052
0.0108957
-0.777603
0.779412
-0.0087645
0.00668541
-0.920577
0.922656
-0.00426057
0.00191703
-1.094
1.09634
0.000787804
-0.00338376
-1.30371
1.3063
0.00634972
-0.00915036
-1.55805
1.56085
0.011787
-0.0142591
-1.55712
1.55959
0.0161921
-0.0180162
-1.30163
1.30345
0.0194635
-0.0208549
-1.09172
1.09311
0.0219862
-0.0231243
-0.918982
0.92012
0.0241032
-0.0251029
-0.77785
0.77885
0.0258161
-0.0258424
-0.659223
0.659249
0.024707
-0.0214563
-0.531488
0.528237
0.0167788
-0.0109449
-0.35364
0.347806
0.00628421
-0.00259659
-0.165309
0.161622
0.000681969
-0.0273077
0.0266258
-0.0292111
0.0289436
0.000267441
-0.00310737
0.00578649
-0.236704
0.234025
-0.00935017
0.0122555
-0.411906
0.409001
-0.0141146
0.0143991
-0.553271
0.552987
-0.0135446
0.0121569
-0.663642
0.66503
-0.0103193
0.00848295
-0.781209
0.783045
-0.00632175
0.00422263
-0.924626
0.926725
-0.00178897
-0.000542129
-1.09857
1.1009
0.00322423
-0.00576642
-1.30879
1.31133
0.00863648
-0.011307
-1.56354
1.56621
0.0137783
-0.0160501
-1.56194
1.56421
0.0177907
-0.0193987
-1.3052
1.3068
0.0206503
-0.0218314
-1.09445
1.09563
0.0227761
-0.0237273
-0.921206
0.922157
0.0245546
-0.025383
-0.77978
0.780608
0.0258402
-0.0256049
-0.659126
0.658891
0.0240609
-0.02046
-0.524837
0.521236
0.0157452
-0.0101703
-0.342142
0.336567
0.00583067
-0.00242204
-0.158108
0.1547
0.000642727
-0.0259778
0.0253351
-0.0287329
0.0285666
0.000166314
-0.00222856
0.00431676
-0.231659
0.229571
-0.00723077
0.00973227
-0.406325
0.403823
-0.0114431
0.0117502
-0.552774
0.552467
-0.0109282
0.00956829
-0.66651
0.66787
-0.00770152
0.00581411
-0.784871
0.786759
-0.00359064
0.00143809
-0.928714
0.930866
0.00104014
-0.00340308
-1.10312
1.10549
0.00608516
-0.00859864
-1.31377
1.31629
0.011393
-0.0139436
-1.56876
1.57131
0.0162526
-0.0183218
-1.56636
1.56843
0.0198642
-0.0212471
-1.30833
1.30971
0.022294
-0.0232537
-1.09676
1.09772
0.0240006
-0.0247467
-0.923063
0.923809
0.0254032
-0.0260697
-0.781358
0.782024
0.0262299
-0.0256704
-0.658435
0.657876
0.0237302
-0.0198133
-0.517524
0.513607
0.0150592
-0.00967128
-0.331137
0.325749
0.00555123
-0.00232235
-0.151418
0.148189
0.000623446
-0.024718
0.0240946
-0.0284572
0.0283934
6.37506e-05
-0.00137014
0.00288029
-0.227788
0.226278
-0.00512731
0.00715755
-0.401589
0.399559
-0.00861302
0.00885916
-0.55229
0.552044
-0.00802359
0.00665718
-0.669356
0.670722
-0.00472549
0.0027584
-0.788636
0.790603
-0.000439857
-0.00179509
-0.932902
0.935137
0.00435085
-0.00676474
-1.10774
1.11015
0.0094773
-0.0119861
-1.3187
1.32121
0.0147268
-0.0171708
-1.57374
1.57619
0.0193205
-0.021181
-1.57036
1.57222
0.0225141
-0.0236546
-1.311
1.31214
0.0244749
-0.0251847
-1.09863
1.09934
0.0257025
-0.0262187
-0.924518
0.925034
0.0266979
-0.0271777
-0.782554
0.783034
0.0270523
-0.0261175
-0.657047
0.656112
0.0237711
-0.0195266
-0.509597
0.505353
0.0147
-0.00941514
-0.32048
0.315195
0.00542165
-0.0022871
-0.145052
0.141917
0.000621467
-0.0234913
0.0228698
-0.0283871
0.0284335
-4.63833e-05
-0.000483827
0.00140715
-0.225077
0.224153
-0.00295539
0.00444766
-0.397831
0.396338
-0.00554629
0.00564809
-0.551994
0.551892
-0.00474307
0.00331726
-0.672263
0.673689
-0.00129169
-0.000789098
-0.792561
0.794642
0.00324088
-0.00558961
-0.937254
0.939603
0.00826015
-0.0107603
-1.11246
1.11496
0.0135378
-0.0160666
-1.32361
1.32614
0.0187715
-0.0211137
-1.57851
1.58085
0.0230993
-0.0247354
-1.57393
1.57557
0.0258398
-0.0267166
-1.31318
1.31405
0.0272921
-0.0277301
-1.1
1.10044
0.0280013
-0.028267
-0.925528
0.925793
0.0285479
-0.0287555
-0.78325
0.783458
0.028378
-0.0269814
-0.654878
0.653482
0.0241964
-0.0196008
-0.501047
0.496451
0.0146536
-0.00938331
-0.310001
0.304731
0.00542881
-0.00231081
-0.138842
0.135724
0.000635499
-0.0222631
0.0216276
-0.0285356
0.0286966
-0.000160983
0.000447579
-0.000147833
-0.223551
0.223251
-0.000650277
0.00152498
-0.395182
0.394307
-0.00215663
0.00203682
-0.552058
0.552178
-0.00100942
-0.000535201
-0.675342
0.676886
0.00269745
-0.00493208
-0.796716
0.798951
0.00756378
-0.0100742
-0.941834
0.944344
0.0129089
-0.0155365
-1.11735
1.11998
0.018417
-0.0209941
-1.32857
1.33115
0.0236843
-0.0259356
-1.58306
1.58531
0.0277517
-0.0291462
-1.57704
1.57843
0.0299998
-0.0305768
-1.3148
1.31538
0.0308737
-0.0310144
-1.10082
1.10097
0.0310196
-0.0310103
-0.926023
0.926014
0.0310574
-0.0309348
-0.783313
0.78319
0.0302328
-0.0283026
-0.651816
0.649886
0.0250388
-0.0200484
-0.491812
0.486822
0.0149167
-0.0095663
-0.29952
0.29417
0.00556521
-0.00239007
-0.132635
0.12946
0.000664627
-0.0210019
0.0203373
-0.0289389
0.029245
-0.000306135
0.00147511
-0.00183011
-0.223307
0.223662
0.0018898
-0.00174679
-0.393771
0.393628
0.00171685
-0.00217207
-0.552693
0.553148
0.00339683
-0.00510439
-0.678712
0.68042
0.00746173
-0.00989903
-0.801174
0.803612
0.012765
-0.0154833
-0.946734
0.949453
0.0185277
-0.0213208
-1.12251
1.1253
0.0243397
-0.0269878
-1.33362
1.33627
0.0296742
-0.0318223
-1.58742
1.58957
0.0334439
-0.0345507
-1.57963
1.58074
0.035125
-0.0353565
-1.31581
1.31604
0.0353397
-0.0351477
-1.10101
1.10082
0.0348542
-0.0345344
-0.925931
0.925611
0.0343371
-0.0337894
-0.782616
0.782068
0.0326768
-0.0301333
-0.647747
0.645204
0.0263409
-0.0208935
-0.481803
0.476355
0.0154972
-0.00996311
-0.288847
0.283313
0.00582791
-0.00252271
-0.126286
0.122981
0.000707914
-0.0196784
0.0189705
-0.0296229
0.030104
-0.000481133
0.00276587
-0.00388481
-0.224413
0.225531
0.00483011
-0.00549374
-0.393834
0.394498
0.00617867
-0.00707986
-0.554136
0.555037
0.00859233
-0.0105398
-0.682475
0.684422
0.0131768
-0.0158817
-0.806035
0.80874
0.0190429
-0.0220218
-0.952047
0.955026
0.0253333
-0.0283396
-1.12799
1.131
0.0315404
-0.0342843
-1.33881
1.34156
0.0369723
-0.0390036
-1.59156
1.59359
0.0403961
-0.0411765
-1.58162
1.5824
0.0414062
-0.0412574
-1.31608
1.31593
0.0408805
-0.0403062
-1.10047
1.09989
0.0396687
-0.0389873
-0.925155
0.924474
0.0384725
-0.0374401
-0.781008
0.779975
0.0358204
-0.0325863
-0.642522
0.639288
0.0281793
-0.0221771
-0.47088
0.464878
0.0164155
-0.0105827
-0.277772
0.271939
0.00622093
-0.00271018
-0.119649
0.116138
0.000765798
-0.0182644
0.0174986
-0.0306596
0.0313586
-0.000698991
0.00426311
-0.00627159
-0.227081
0.229089
0.00829944
-0.00986556
-0.395577
0.397143
0.0113771
-0.0128444
-0.556634
0.558102
0.0147732
-0.0170468
-0.68679
0.689063
0.020054
-0.0231059
-0.811428
0.81448
0.0266486
-0.0299643
-0.957891
0.961207
0.0336182
-0.0368933
-1.13391
1.13719
0.0403172
-0.0431763
-1.34419
1.34705
0.0458652
-0.0477566
-1.59544
1.59733
0.0488785
-0.0492758
-1.58292
1.58332
0.0490865
-0.0484985
-1.31553
1.31494
0.0477062
-0.0466918
-1.09907
1.09805
0.0456688
-0.0445735
-0.923577
0.922482
0.0435965
-0.0420551
-0.778393
0.776852
0.0397919
-0.0357623
-0.635966
0.631936
0.0306372
-0.0239577
-0.458847
0.452168
0.017707
-0.0114406
-0.26606
0.259793
0.00674886
-0.00295184
-0.112572
0.108775
0.000837134
-0.0167317
0.0158945
-0.0321312
0.0331159
-0.000984634
0.00614541
-0.00924134
-0.231543
0.234639
0.0125128
-0.0151364
-0.399267
0.40189
0.0176156
-0.0197795
-0.560452
0.562616
0.0222737
-0.0249945
-0.691841
0.694562
0.028497
-0.0320014
-0.817515
0.821019
0.0360291
-0.0397631
-0.964424
0.968158
0.0438303
-0.0474196
-1.14037
1.14396
0.0510908
-0.0540615
-1.34978
1.35275
0.0567166
-0.0584057
-1.599
1.60069
0.0591748
-0.0590892
-1.58341
1.58332
0.0584216
-0.057285
-1.31401
1.31287
0.0560062
-0.0544766
-1.09668
1.09515
0.0530106
-0.0514335
-0.921069
0.919492
0.0499275
-0.0477709
-0.774719
0.772562
0.0447561
-0.0397906
-0.627841
0.622876
0.0338075
-0.0262863
-0.445455
0.437934
0.0193932
-0.0125386
-0.253439
0.246585
0.00740539
-0.00324113
-0.104896
0.100732
0.000918967
-0.0150547
0.0141357
-0.0341663
0.0355461
-0.00137976
0.00863304
-0.0130619
-0.238164
0.242593
0.0178101
-0.0216586
-0.405256
0.409105
0.0252681
-0.0282809
-0.565915
0.568928
0.0315269
-0.0348626
-0.697899
0.701235
0.0390246
-0.0431051
-0.824511
0.828591
0.0477269
-0.051957
-0.971805
0.976035
0.056498
-0.0604281
-1.14745
1.15138
0.0643413
-0.0673826
-1.35555
1.35859
0.0699202
-0.0712989
-1.60208
1.60346
0.0715983
-0.0709094
-1.58285
1.58216
0.0696598
-0.0678598
-1.31128
1.30948
0.0660117
-0.0638868
-1.09315
1.09102
0.0619044
-0.0598037
-0.917499
0.915398
0.0576696
-0.0548056
-0.76977
0.766906
0.0508967
-0.0448134
-0.61786
0.611777
0.0377901
-0.0292196
-0.430373
0.421803
0.0214978
-0.013875
-0.2396
0.231977
0.00817802
-0.00356589
-0.0964617
0.0918495
0.00100561
-0.0132154
0.0122098
-0.0369674
0.0389129
-0.00194549
0.0120254
-0.0181442
-0.247406
0.253525
0.0246695
-0.0299422
-0.414006
0.419278
0.0348686
-0.0389068
-0.573407
0.577445
0.0431126
-0.0472666
-0.705315
0.709469
0.0522912
-0.0570942
-0.832663
0.837466
0.0624365
-0.0672426
-0.980188
0.984995
0.0722997
-0.0765629
-1.15519
1.15945
0.0806568
-0.0836689
-1.3614
1.36441
0.0859387
-0.0868441
-1.60445
1.60536
0.0865059
-0.0850468
-1.58099
1.57953
0.0830745
-0.0805013
-1.30714
1.30457
0.0779913
-0.0752132
-1.08829
1.08551
0.0726764
-0.0699604
-0.912747
0.910031
0.0671327
-0.063389
-0.763326
0.759582
0.0584111
-0.0509947
-0.605639
0.598223
0.0427111
-0.0328335
-0.413191
0.403313
0.0240511
-0.0154442
-0.224183
0.215577
0.00904739
-0.00390956
-0.0871142
0.0819763
0.00108975
-0.0112087
0.010119
-0.0408509
0.0436637
-0.00281284
0.0169293
-0.0252679
-0.259964
0.268302
0.0339772
-0.0409556
-0.426159
0.433137
0.0474619
-0.0527517
-0.583385
0.588675
0.0581929
-0.0634339
-0.714502
0.719743
0.0695484
-0.0752149
-0.84226
0.847927
0.0813601
-0.0867494
-0.989719
0.995108
0.0922525
-0.0967185
-1.16352
1.16798
0.100788
-0.103543
-1.36706
1.36982
0.10526
-0.105413
-1.60572
1.60587
0.104177
-0.101719
-1.57746
1.57501
0.0988602
-0.0953759
-1.30136
1.29788
0.0921167
-0.0886116
-1.08196
1.07846
0.0854812
-0.082051
-0.906548
0.903118
0.0785313
-0.0737368
-0.754984
0.75019
0.0674937
-0.0584758
-0.590717
0.581699
0.0486574
-0.0371545
-0.393397
0.381894
0.0270325
-0.0171975
-0.206779
0.196944
0.00996604
-0.00424463
-0.0767168
0.0709954
0.00116197
-0.00904423
0.00788226
-0.0463755
0.0506507
-0.00427518
0.0245259
-0.0358711
-0.27697
0.288316
0.0473975
-0.0566383
-0.442727
0.451968
0.0651121
-0.0718694
-0.596441
0.603198
0.078849
-0.085549
-0.725882
0.732582
0.0928312
-0.099301
-0.853536
0.860006
0.106091
-0.111842
-1.00031
1.00606
0.117474
-0.12181
-1.17208
1.17641
0.125457
-0.127581
-1.37201
1.37414
0.128337
-0.127377
-1.60529
1.60433
0.124932
-0.121206
-1.5718
1.56807
0.117271
-0.112709
-1.29368
1.28912
0.10858
-0.104272
-1.07401
1.06971
0.100526
-0.0963246
-0.898676
0.894475
0.0920365
-0.0859715
-0.744348
0.738283
0.0781967
-0.0672386
-0.572502
0.561544
0.0555604
-0.0420728
-0.370363
0.356875
0.0303076
-0.0190064
-0.186964
0.175663
0.0108381
-0.00452372
-0.0652028
0.0588885
0.00120734
-0.00675243
0.00554509
-0.054597
0.0619338
-0.00733674
0.0379112
-0.0536651
-0.300532
0.316286
0.0691381
-0.0814567
-0.465302
0.47762
0.0920005
-0.100145
-0.613039
0.621184
0.108686
-0.116641
-0.739836
0.747791
0.124822
-0.131683
-0.866229
0.873091
0.138545
-0.144073
-1.01137
1.01689
0.149184
-0.15278
-1.18007
1.18367
0.155369
-0.156269
-1.37539
1.37629
0.155488
-0.152944
-1.60237
1.59982
0.14892
-0.143649
-1.56344
1.55817
0.13844
-0.132643
-1.28375
1.27795
0.127512
-0.122271
-1.06431
1.05906
0.117816
-0.112878
-0.888984
0.884046
0.107604
-0.0999414
-0.730931
0.723269
0.090274
-0.0769312
-0.550182
0.536839
0.0630024
-0.0472207
-0.343347
0.327565
0.0335921
-0.0207055
-0.164418
0.151531
0.0115715
-0.0047096
-0.0526707
0.0458088
0.00120894
-0.00439401
0.00318507
-0.0687938
0.0728474
-0.00405366
0.0288982
-0.0425561
-0.334596
0.348254
0.0562848
-0.0675114
-0.495221
0.506448
0.0775172
-0.0868915
-0.632822
0.642197
0.0973528
-0.106756
-0.755272
0.764675
0.117107
-0.126246
-0.879067
0.888207
0.135878
-0.144322
-1.02148
1.02992
0.152956
-0.160124
-1.18615
1.19331
0.166885
-0.171819
-1.37597
1.3809
0.175473
-0.176808
-1.59598
1.59732
0.175759
-0.17284
-1.55175
1.54883
0.168921
-0.163801
-1.27123
1.26611
0.159005
-0.153382
-1.05261
1.04699
0.148583
-0.143025
-0.87727
0.871711
0.136559
-0.125889
-0.713898
0.703229
0.111978
-0.0933522
-0.52277
0.504144
0.0745967
-0.0538712
-0.311502
0.290777
0.036879
-0.0217261
-0.139125
0.123972
0.0116014
-0.00450267
-0.0395299
0.0324312
0.00108756
-0.00207169
0.000984128
-0.0801116
0.0781175
0.00199406
0.00724859
-0.0162285
-0.364705
0.373685
0.0266588
-0.0346179
-0.522371
0.53033
0.0425976
-0.0505478
-0.653934
0.661884
0.0601702
-0.0690074
-0.773698
0.782535
0.0783212
-0.0867636
-0.896817
0.905259
0.0956302
-0.103064
-1.03809
1.04552
0.110832
-0.116899
-1.20027
1.20634
0.122523
-0.126273
-1.38546
1.38921
0.128328
-0.128206
-1.59768
1.59756
0.125674
-0.121225
-1.54494
1.54049
0.115775
-0.109068
-1.26029
1.25359
0.102794
-0.0958163
-1.04011
1.03313
0.08942
-0.082197
-0.862183
0.85496
0.0750176
-0.0657064
-0.688609
0.679298
0.05535
-0.0427971
-0.483846
0.471293
0.0314279
-0.0205588
-0.269987
0.259117
0.0128703
-0.0069895
-0.109524
0.103643
0.00353999
-0.00136342
-0.0257244
0.0235478
0.000367943
0.000114596
-0.000482539
-0.0814794
0.0785714
0.00290799
-0.00178806
-0.00338026
-0.385038
0.390206
0.0104392
-0.0163089
-0.542386
0.548256
0.0223364
-0.0292301
-0.671873
0.678767
0.037572
-0.0452561
-0.790462
0.798146
0.0535872
-0.0609886
-0.912985
0.920386
0.068518
-0.075181
-1.05279
1.05945
0.0819197
-0.0872486
-1.21196
1.21729
0.0917073
-0.0943864
-1.39225
1.39493
0.0955833
-0.0944787
-1.59662
1.59552
0.0910106
-0.0856607
-1.53526
1.52991
0.0795301
-0.0722998
-1.24655
1.23932
0.0651459
-0.0573864
-1.02517
1.01741
0.0501875
-0.0421768
-0.845464
0.837453
0.0350481
-0.0270488
-0.666201
0.658201
0.0192933
-0.0111308
-0.456858
0.448696
0.00544188
-0.00159941
-0.247459
0.243617
-0.000143105
0.000714493
-0.0971134
0.096542
-0.000608448
0.000282152
-0.0209767
0.021303
-8.71569e-05
0.000929362
-0.000842205
-0.0802306
0.0775013
0.0027292
-0.00528722
0.00280114
-0.39861
0.401096
0.00171362
-0.00621398
-0.557318
0.561818
0.0113892
-0.0172029
-0.686703
0.692517
0.0243835
-0.0310142
-0.805193
0.811824
0.0381828
-0.0445725
-0.927286
0.933676
0.0514472
-0.0571278
-1.0657
1.07138
0.06305
-0.0672753
-1.22221
1.22643
0.0710641
-0.073202
-1.39737
1.39951
0.0737262
-0.0719183
-1.59396
1.59215
0.068245
-0.0627773
-1.52402
1.51855
0.056554
-0.0488583
-1.2318
1.2241
0.0415501
-0.0334751
-1.00889
1.00081
0.0257638
-0.0176261
-0.827654
0.819516
0.0103265
-0.00343457
-0.646828
0.639936
-0.00220534
0.0067361
-0.43897
0.434439
-0.008523
0.00830817
-0.237305
0.237519
-0.00704545
0.0049596
-0.0948117
0.0968975
-0.00311661
0.00136201
-0.0210718
0.0228264
-0.000373944
0.000943965
-0.000570021
-0.0787785
0.0763879
0.00239065
-0.00630319
0.00537191
-0.407699
0.40863
-0.00205358
-0.00122516
-0.569408
0.572687
0.00552305
-0.0108505
-0.699197
0.704525
0.0169304
-0.0227971
-0.817752
0.823619
0.0290566
-0.0346513
-0.939642
0.945236
0.0405935
-0.0456967
-1.07695
1.08205
0.0507542
-0.0546899
-1.23054
1.23448
0.0579607
-0.0597209
-1.40131
1.40307
0.0599466
-0.0579664
-1.59021
1.58823
0.0542124
-0.0485297
-1.51243
1.50674
0.0423334
-0.0348404
-1.21635
1.20886
0.027606
-0.0194706
-0.992204
0.984069
0.0120528
-0.00422441
-0.8101
0.802272
-0.00232964
0.0080819
-0.629888
0.624136
-0.0122254
0.0149677
-0.427372
0.42463
-0.0151371
0.0131093
-0.234527
0.236555
-0.010475
0.0073034
-0.097804
0.100976
-0.00452484
0.00197617
-0.0240477
0.0265964
-0.000524337
0.00026964
0.000254697
-0.0774729
0.0754406
0.00203238
-0.00611613
0.00564999
-0.414
0.414466
-0.00367071
0.00101233
-0.578801
0.581459
0.0032219
-0.00781632
-0.709873
0.714467
0.0130941
-0.0182298
-0.828692
0.833827
0.0238442
-0.0288914
-0.950507
0.955555
0.0343853
-0.0389141
-1.0869
1.09143
0.0435379
-0.0471525
-1.23816
1.24177
0.0501035
-0.051659
-1.40461
1.40617
0.051736
-0.0500708
-1.58618
1.58451
0.0463161
-0.0408979
-1.50063
1.49522
0.0348765
-0.0276762
-1.20121
1.19401
0.0210682
-0.0134069
-0.975863
0.968202
0.00654553
0.000543256
-0.793888
0.786799
-0.00638842
0.0116658
-0.615392
0.610114
-0.0150918
0.0172923
-0.419254
0.417054
-0.016824
0.0143051
-0.235288
0.237807
-0.0114109
0.00793016
-0.103011
0.106492
-0.00491667
0.00221561
-0.028436
0.031137
-0.000636032
-0.000704834
0.00134087
-0.07652
0.0749491
0.00157091
-0.00520106
0.00504373
-0.418757
0.418914
-0.00342717
0.00138708
-0.587042
0.589082
0.00260038
-0.00678103
-0.719188
0.723369
0.011822
-0.0162842
-0.838558
0.84302
0.0212622
-0.0257836
-0.96059
0.965112
0.0310562
-0.0352402
-1.09602
1.1002
0.0394387
-0.0429528
-1.24524
1.24876
0.0461673
-0.0476878
-1.40778
1.4093
0.0479508
-0.0463705
-1.5825
1.58092
0.0431904
-0.0379694
-1.48967
1.48445
0.0326384
-0.0262974
-1.18685
1.1805
0.020287
-0.0136358
-0.960802
0.954151
0.00736623
-0.000549687
-0.77913
0.772313
-0.00492998
0.0103003
-0.60224
0.59687
-0.0136318
0.0154284
-0.41243
0.410634
-0.0152337
0.0132242
-0.237154
0.239164
-0.0105838
0.0073645
-0.108609
0.111828
-0.00459411
0.00211526
-0.0329737
0.0354526
-0.000636289
-0.0017724
0.00240869
-0.0760786
0.0748564
0.00122228
-0.00411578
0.00407237
-0.422596
0.42264
-0.00262673
0.000692879
-0.594269
0.596203
0.00317738
-0.00694918
-0.72761
0.731382
0.0113038
-0.0156309
-0.847416
0.851743
0.020268
-0.0249618
-0.969461
0.974154
0.0295672
-0.0336313
-1.10451
1.10857
0.0380383
-0.041401
-1.25219
1.25556
0.0442573
-0.0463011
-1.41078
1.41283
0.0468953
-0.0458008
-1.57947
1.57837
0.0430806
-0.0388531
-1.47961
1.47538
0.0343063
-0.0288337
-1.17415
1.16868
0.0236475
-0.0176522
-0.947557
0.941561
0.011839
-0.00544659
-0.765173
0.75878
-0.000436791
0.00567102
-0.589398
0.584164
-0.00899908
0.0109207
-0.406326
0.404405
-0.0111528
0.00976367
-0.238526
0.239915
-0.00789291
0.00554453
-0.113287
0.115635
-0.00350592
0.00164174
-0.0368746
0.0387388
-0.000514563
-0.00275513
0.00326969
-0.0761622
0.0751508
0.00101147
-0.00285046
0.00256529
-0.426075
0.426361
-0.00129833
-0.000716654
-0.600892
0.602907
0.00427606
-0.00792567
-0.73549
0.73914
0.0121139
-0.0160555
-0.855849
0.85979
0.0208341
-0.0247816
-0.978296
0.982243
0.0294058
-0.0333479
-1.11282
1.11676
0.0377139
-0.041344
-1.25894
1.26257
0.0445785
-0.046518
-1.41469
1.41663
0.0476185
-0.0471641
-1.57732
1.57687
0.0454166
-0.0419342
-1.47129
1.4678
0.0382165
-0.0335022
-1.16356
1.15884
0.0288918
-0.0232222
-0.935392
0.929723
0.0176975
-0.0112907
-0.751773
0.745366
0.00553319
-5.26281e-05
-0.577228
0.571747
-0.00344292
0.00531915
-0.39996
0.398084
-0.00600073
0.00551973
-0.238696
0.239177
-0.00460552
0.00326373
-0.116231
0.117573
-0.00209014
0.0010249
-0.0394639
0.0405291
-0.000335491
-0.00345646
0.00379195
-0.0765256
0.0758326
0.000692948
-0.00172766
0.00104493
-0.429676
0.430359
-1.59336e-05
-0.00233706
-0.606717
0.60907
0.00554575
-0.00906672
-0.742856
0.746377
0.0130841
-0.0171639
-0.863584
0.867664
0.0213555
-0.0254935
-0.986415
0.990553
0.0301241
-0.033908
-1.12115
1.12493
0.0384219
-0.042067
-1.26603
1.26968
0.0454377
-0.0479963
-1.41902
1.42158
0.0497419
-0.0498006
-1.57658
1.57664
0.0485907
-0.0461238
-1.4647
1.46223
0.0431543
-0.0389038
-1.15414
1.14988
0.0344897
-0.0291705
-0.923882
0.918563
0.0233685
-0.0171931
-0.738339
0.732164
0.0115962
-0.00618831
-0.565376
0.559968
0.0026048
-0.000151495
-0.393443
0.390989
-0.000923507
0.00135304
-0.237457
0.237027
-0.00129453
0.00101061
-0.117222
0.117506
-0.000738151
0.000422119
-0.0405512
0.0408672
-0.000166049
-0.00381298
0.00397903
-0.0772989
0.0767662
0.000532757
-0.000789375
0.000230703
-0.433507
0.434066
0.00162481
-0.00372111
-0.612841
0.614937
0.00706193
-0.0104629
-0.749723
0.753124
0.0143288
-0.018023
-0.871411
0.875105
0.0223598
-0.0262134
-0.994711
0.998564
0.0308293
-0.0350798
-1.12919
1.13344
0.0392783
-0.0432899
-1.27339
1.2774
0.0471336
-0.0498608
-1.42408
1.42681
0.0521086
-0.0531119
-1.57702
1.57803
0.0525227
-0.0508045
-1.45977
1.45805
0.048061
-0.0441682
-1.14567
1.14178
0.0399942
-0.0346449
-0.912701
0.907352
0.0291202
-0.023085
-0.725251
0.719216
0.0177384
-0.0124621
-0.553743
0.548466
0.0087081
-0.00585699
-0.386449
0.383597
0.00394719
-0.00263226
-0.234516
0.233201
0.00171603
-0.000932969
-0.116197
0.115414
0.000379088
-2.2578e-05
-0.0402414
0.0398849
-5.893e-05
-0.0038242
0.00388313
-0.0783352
0.0779936
0.000341604
0.000242698
-0.00110786
-0.437408
0.438274
0.0027634
-0.00515948
-0.618507
0.620903
0.00843653
-0.0116872
-0.756361
0.759612
0.015635
-0.0191893
-0.878776
0.882331
0.0233882
-0.0273832
-1.00291
1.0069
0.0319287
-0.0361653
-1.13755
1.14179
0.0406049
-0.0446656
-1.28135
1.28541
0.0487285
-0.0522476
-1.42985
1.43337
0.055021
-0.0564068
-1.57904
1.58043
0.0565518
-0.0551201
-1.45626
1.45482
0.0528131
-0.0492552
-1.13776
1.1342
0.0449733
-0.0397404
-0.901612
0.896379
0.0344329
-0.0285512
-0.712683
0.706802
0.0235531
-0.0183755
-0.542759
0.537582
0.0145115
-0.0110129
-0.378894
0.375395
0.00847739
-0.00621854
-0.229836
0.227578
0.00429316
-0.00255632
-0.113206
0.111469
0.00131854
-0.000431472
-0.0386324
0.0377454
5.07818e-05
-0.00357745
0.00352667
-0.079597
0.0793913
0.000205682
0.00115088
-0.00209169
-0.441566
0.442507
0.00380781
-0.00625645
-0.624231
0.626679
0.00939184
-0.0127342
-0.762989
0.766331
0.0165055
-0.0201382
-0.885896
0.889529
0.0241793
-0.0282927
-1.01073
1.01485
0.0327085
-0.0372177
-1.1461
1.15061
0.041586
-0.0459983
-1.28943
1.29385
0.0504938
-0.0540948
-1.43665
1.44026
0.0574367
-0.0596866
-1.58212
1.58437
0.0601148
-0.0593706
-1.45348
1.45274
0.0573135
-0.053667
-1.13038
1.12673
0.0495994
-0.0445727
-0.890847
0.88582
0.0395432
-0.0340101
-0.700663
0.69513
0.0290576
-0.0240349
-0.531828
0.526806
0.0197649
-0.015645
-0.370406
0.366286
0.012352
-0.00912526
-0.223473
0.220247
0.00648696
-0.00391886
-0.108403
0.105835
0.00210452
-0.000749358
-0.0360161
0.0346609
0.000137902
-0.00315357
0.00301566
-0.0809572
0.080968
-1.08512e-05
0.00147641
-0.0026563
-0.445806
0.446986
0.00468595
-0.00738053
-0.630014
0.632708
0.0106205
-0.0137972
-0.769562
0.772738
0.017144
-0.0206171
-0.893196
0.896669
0.0249266
-0.0288644
-1.01898
1.02292
0.0336373
-0.0379585
-1.15475
1.15907
0.0428199
-0.047117
-1.29821
1.30251
0.0517431
-0.0559046
-1.44401
1.44817
0.0596515
-0.0624594
-1.58638
1.58919
0.0636708
-0.0630981
-1.45184
1.45127
0.061354
-0.0581201
-1.12295
1.11972
0.0541262
-0.0492084
-0.880324
0.875406
0.0443704
-0.0389428
-0.689213
0.683786
0.0340614
-0.0289341
-0.521083
0.515956
0.0244163
-0.0197335
-0.361
0.356317
0.0157243
-0.0115792
-0.215525
0.21138
0.00824044
-0.00500057
-0.102083
0.0988432
0.00269822
-0.00102057
-0.0325079
0.0308302
0.000221275
-0.00259666
0.00237539
-0.0824484
0.0825648
-0.000116403
0.00198446
-0.0032719
-0.450229
0.451516
0.00538672
-0.0080192
-0.635582
0.638214
0.0113174
-0.0143045
-0.776064
0.779051
0.0177137
-0.0213732
-0.900242
0.903902
0.0251896
-0.0292773
-1.02699
1.03108
0.033861
-0.0382464
-1.16351
1.1679
0.0433203
-0.0480644
-1.30711
1.31185
0.0529109
-0.0572933
-1.45251
1.45689
0.0617535
-0.0648262
-1.59208
1.59515
0.0667587
-0.066672
-1.45099
1.45091
0.0651715
-0.0620217
-1.11635
1.1132
0.0584168
-0.0536336
-0.870227
0.865444
0.048927
-0.043648
-0.677875
0.672596
0.03866
-0.0333139
-0.510019
0.504673
0.0284376
-0.0231138
-0.350603
0.345279
0.0184935
-0.0135823
-0.205884
0.200972
0.0094959
-0.00570621
-0.0944567
0.090667
0.00304888
-0.00114857
-0.0284693
0.026569
0.000259225
-0.00195144
0.00169222
-0.0840194
0.0841695
-0.000150113
0.00225948
-0.00384672
-0.454559
0.456146
0.00621023
-0.00869913
-0.641147
0.643636
0.0118452
-0.0146439
-0.782355
0.785154
0.0181171
-0.0216862
-0.907185
0.910754
0.0256583
-0.0297544
-1.03486
1.03896
0.0338895
-0.0384091
-1.17239
1.17691
0.0436266
-0.048525
-1.31639
1.32129
0.0537489
-0.0584197
-1.46136
1.46603
0.0632366
-0.0669361
-1.59863
1.60233
0.0690675
-0.06985
-1.45081
1.45159
0.0687245
-0.0660357
-1.11008
1.10739
0.062578
-0.057974
-0.860377
0.855773
0.0533716
-0.0478636
-0.666664
0.661156
0.0426356
-0.0369018
-0.498532
0.492798
0.0314143
-0.0255898
-0.33894
0.333115
0.0202352
-0.0147302
-0.194821
0.189316
0.0101313
-0.00598629
-0.0858821
0.0817371
0.00317304
-0.00119841
-0.0241383
0.0221637
0.000269046
-0.00128383
0.00101479
-0.08557
0.085773
-0.000202933
0.00251316
-0.00417194
-0.459197
0.460856
0.00643724
-0.0091073
-0.646517
0.649187
0.011804
-0.0150244
-0.788103
0.791323
0.0182865
-0.0216839
-0.914135
0.917533
0.0256195
-0.0294436
-1.04296
1.04678
0.0341298
-0.0385264
-1.18137
1.18576
0.0435752
-0.0487029
-1.32602
1.33115
0.0538402
-0.0590191
-1.47111
1.47629
0.0642701
-0.0684531
-1.60628
1.61047
0.0712773
-0.0725252
-1.45214
1.45339
0.0719208
-0.0697338
-1.10478
1.10259
0.0666525
-0.0622991
-0.851014
0.846661
0.0576065
-0.0518751
-0.655182
0.649451
0.0461896
-0.0395667
-0.486226
0.479603
0.0335842
-0.0269037
-0.326169
0.319488
0.020848
-0.0148163
-0.18256
0.176529
0.00994584
-0.0057294
-0.0768315
0.072615
0.0029766
-0.00110483
-0.0198391
0.0179673
0.000250576
-0.000648692
0.000398116
-0.087214
0.0873892
-0.000175126
0.0027596
-0.00413798
-0.463955
0.465334
0.00660017
-0.00899321
-0.651893
0.654286
0.0120643
-0.0147801
-0.794322
0.797038
0.0182152
-0.0214273
-0.921009
0.924221
0.0256037
-0.0292994
-1.05089
1.05458
0.0339203
-0.0379161
-1.19064
1.19463
0.0434033
-0.0483343
-1.33613
1.34106
0.0537825
-0.0591797
-1.48138
1.48677
0.0648691
-0.0695973
-1.61509
1.61982
0.0731941
-0.0750121
-1.45473
1.45655
0.0748361
-0.0731725
-1.10041
1.09875
0.0705107
-0.0663074
-0.841852
0.837648
0.0615945
-0.0555332
-0.643064
0.637003
0.0492717
-0.0417696
-0.472116
0.464614
0.0346422
-0.026758
-0.311512
0.303627
0.0198694
-0.0132728
-0.169401
0.162805
0.00836953
-0.00450275
-0.0679142
0.0640474
0.00218978
-0.000790098
-0.0159539
0.0145542
0.000190594
-0.000103219
-8.73751e-05
-0.0886913
0.0889093
-0.000217976
0.00256777
-0.00448944
-0.468155
0.470076
0.00690959
-0.00941615
-0.65709
0.659597
0.0119378
-0.0147975
-0.799945
0.802805
0.0179672
-0.0213124
-0.927645
0.93099
0.0248299
-0.0287318
-1.05835
1.06225
0.0330377
-0.0374862
-1.19927
1.20372
0.0426085
-0.0477721
-1.34615
1.35132
0.053419
-0.0589259
-1.49225
1.49775
0.0649475
-0.0702601
-1.62471
1.63002
0.0744308
-0.0766969
-1.4588
1.46107
0.0774718
-0.0766186
-1.09716
1.09631
0.0740801
-0.0701868
-0.833261
0.829368
0.0656986
-0.0593031
-0.630304
0.623908
0.0522608
-0.0435653
-0.455931
0.447235
0.0348122
-0.0250965
-0.294288
0.284573
0.0167624
-0.0089647
-0.155048
0.147251
0.00374555
-0.000211464
-0.0599328
0.0563987
-0.00128519
0.00132378
-0.0134101
0.0133715
-0.000591097
0.000125158
0.000465939
-0.0902578
0.0905029
-0.000245074
0.00265278
-0.00450818
-0.472497
0.474353
0.00684572
-0.00919865
-0.662042
0.664395
0.0117954
-0.0142959
-0.805825
0.808326
0.0177757
-0.0206077
-0.934174
0.937006
0.0244657
-0.0281013
-1.06599
1.06963
0.0322032
-0.0366633
-1.2081
1.21256
0.0417125
-0.0466677
-1.35629
1.36125
0.0527523
-0.0582601
-1.50347
1.50898
0.0648018
-0.0704497
-1.63552
1.64117
0.0749616
-0.0782968
-1.46408
1.46742
0.079565
-0.0793504
-1.09537
1.09515
0.0776604
-0.0741599
-0.825494
0.821994
0.0697016
-0.063328
-0.616847
0.610473
0.0556888
-0.0453938
-0.437297
0.427002
0.0348907
-0.0224395
-0.272912
0.26046
0.0113574
-0.000385095
-0.137467
0.126495
-0.00797701
0.0145271
-0.051589
0.0450389
-0.0171228
0.0149312
-0.0141269
0.0163185
-0.00831246
-0.00378178
0.0120942
-0.091662
0.0919349
-0.000272878
0.00282121
-0.00453745
-0.476779
0.478495
0.00706828
-0.00925063
-0.667076
0.669259
0.0118621
-0.0144027
-0.811201
0.813742
0.0175096
-0.0208663
-0.940071
0.943428
0.0246631
-0.0281014
-1.07371
1.07715
0.0326342
-0.0374161
-1.21692
1.22171
0.0427226
-0.0482126
-1.36653
1.37202
0.055015
-0.0613428
-1.51505
1.52138
0.0685216
-0.0755917
-1.647
1.65407
0.0813269
-0.0859003
-1.47116
1.47573
0.0886104
-0.0896521
-1.09514
1.09618
0.0886856
-0.0856367
-0.818495
0.815446
0.0812492
-0.0745877
-0.603112
0.59645
0.0660781
-0.0537583
-0.415913
0.403594
0.0402486
-0.0235626
-0.245793
0.229107
0.00743007
0.0111345
-0.111945
0.0933804
-0.0230825
0.024699
-0.0336005
0.031984
-0.00781526
-0.0421284
-0.0171393
0.0670829
0.131069
-0.285343
-0.0365253
0.190799
-0.0930433
0.0933231
-0.000279741
0.0028287
-0.00454977
-0.481037
0.482758
0.0067008
-0.00894641
-0.671743
0.673988
0.0116352
-0.0140319
-0.816721
0.819117
0.0174138
-0.0205249
-0.94665
0.949761
0.0242669
-0.0279367
-1.08126
1.08493
0.0324891
-0.0372345
-1.22608
1.23083
0.0429781
-0.0484389
-1.3779
1.38336
0.055564
-0.062542
-1.52805
1.53502
0.0706172
-0.0783445
-1.66115
1.66887
0.0854934
-0.0914222
-1.48115
1.48708
0.0955626
-0.0981432
-1.09755
1.10013
0.0982527
-0.0958608
-0.812806
0.810414
0.0920038
-0.0857366
-0.58877
0.582503
0.0772998
-0.0645291
-0.390737
0.377966
0.0493816
-0.0307359
-0.210316
0.191671
0.0212037
-0.0381639
-0.0810704
0.0980306
0.108753
-0.294181
-0.0816767
0.267104
0.552419
-0.828384
-0.269694
0.545659
1.02146
-1.15988
-0.451619
0.590038
-0.0943422
0.0945453
-0.000203055
0.00266855
-0.0044289
-0.485057
0.486817
0.00640808
-0.00891591
-0.676284
0.678792
0.0115061
-0.0136851
-0.822015
0.824194
0.0168656
-0.0199853
-0.952941
0.95606
0.0236964
-0.0274315
-1.08904
1.09278
0.0321186
-0.0369979
-1.23579
1.24067
0.0430649
-0.0487684
-1.38958
1.39529
0.0562128
-0.0635197
-1.54228
1.54959
0.0727526
-0.0813361
-1.67704
1.68562
0.089766
-0.09721
-1.49393
1.50138
0.10277
-0.107305
-1.10335
1.10788
0.109109
-0.107537
-0.808442
0.80687
0.104171
-0.0983136
-0.574572
0.568715
0.0908647
-0.0800192
-0.36591
0.355064
0.073403
-0.101598
-0.183869
0.212065
0.212956
-0.486885
-0.206759
0.480688
0.787032
-1.01776
-0.583435
0.814159
1.14044
-1.22628
-0.702318
0.788152
1.26886
-1.29665
-0.652871
0.68066
-0.0953168
0.0951912
0.000125578
0.00237859
-0.00455852
-0.489437
0.491617
0.00626628
-0.00833387
-0.680777
0.682845
0.0113571
-0.0128139
-0.827108
0.828565
0.0167316
-0.0186829
-0.958828
0.960779
0.0237687
-0.0264277
-1.09615
1.09881
0.0319386
-0.0364428
-1.2454
1.2499
0.0428816
-0.0484491
-1.40143
1.407
0.0569941
-0.0642324
-1.55721
1.56445
0.0747356
-0.0838067
-1.69461
1.70368
0.0941286
-0.102719
-1.50934
1.51793
0.110483
-0.116182
-1.11262
1.11832
0.121216
-0.120786
-0.806038
0.805608
0.11675
-0.111286
-0.560463
0.554998
0.108803
-0.127479
-0.350003
0.368678
0.234245
-0.475589
-0.34023
0.581574
0.784296
-1.02566
-0.814499
1.05586
1.13401
-1.19996
-0.934244
1.00019
1.23393
-1.25684
-0.828731
0.85164
1.27072
-1.28456
-0.695951
0.70979
-0.0962353
0.0466309
-0.00399286
0.0535973
0.495101
0.00410603
-0.00456218
-0.494645
0.685638
0.0068297
-0.00773715
-0.684731
0.833614
0.0100851
-0.0129794
-0.83072
0.966264
0.0151383
-0.0187317
-0.962671
1.10571
0.0220326
-0.0264197
-1.10132
1.43344
-0.143722
-0.0358198
-1.2539
1.59342
-0.132197
-0.0484542
-1.41277
1.75323
-0.116272
-0.0652312
-1.57172
1.89328
-0.0936604
-0.0865039
-1.71312
1.71034
-0.0748965
-0.108579
-1.52686
1.30744
-0.0574326
-0.125618
-1.12439
0.980885
-0.0351967
-0.137384
-0.808304
0.543401
0.131803
-0.122137
-0.553067
0.585182
0.17614
-0.276739
-0.484583
1.2515
0.58242
-0.927607
-0.906312
1.2509
1.07256
-1.14126
-1.1822
1.06388
1.17649
-1.20064
-1.03973
0.887117
1.2173
-1.23513
-0.869294
0.73256
1.24907
-1.26069
-0.720942
-0.114087
0.112213
0.00187333
-0.489114
0.492163
0.00290154
-0.00595063
-0.686841
0.689042
0.00799966
-0.0102004
-0.840698
0.842148
0.0134962
-0.0149458
-0.977442
0.978994
0.0196781
-0.02123
-1.11963
1.12193
0.026742
-0.0290369
-1.27397
1.27762
0.0357189
-0.0393688
-1.43818
1.44359
0.0477457
-0.0531652
-1.6048
1.61197
0.0640534
-0.0712229
-1.75519
1.76547
0.0853598
-0.0956387
-1.57157
1.58268
0.111666
-0.122778
-1.16093
1.17057
0.138083
-0.147721
-0.828153
0.837751
0.160223
-0.16982
-0.67755
0.803427
0.215753
-0.341629
-1.17551
1.47005
0.560386
-0.854926
-1.49449
1.58867
0.985484
-1.07966
-1.32151
1.35258
1.11248
-1.14356
-1.10311
1.12504
1.16368
-1.18562
-0.916914
0.935872
1.20048
-1.21944
0.9025
-0.332667
1.4249
-1.24667
-0.748057
-0.109451
0.107916
0.00153467
-0.494744
0.497832
0.00305566
-0.00614415
-0.691037
0.69366
0.00837781
-0.0110012
-0.843844
0.84671
0.0136484
-0.0165143
-0.981199
0.984386
0.0199045
-0.0230911
-1.12486
1.12888
0.0273072
-0.0313312
-1.28208
1.28701
0.036943
-0.0418757
-1.44922
1.45612
0.049601
-0.0564991
-1.62005
1.62921
0.0665495
-0.0757101
-1.77632
1.78897
0.089412
-0.102062
-1.5951
1.60985
0.117869
-0.132615
-1.1816
1.19629
0.147796
-0.16249
-0.859599
0.898024
0.176472
-0.214897
-0.983032
1.20538
0.316793
-0.539137
-1.70101
1.86693
0.791683
-0.957605
-1.647
1.69158
1.0272
-1.07179
-1.38192
1.40912
1.09993
-1.12714
-1.1498
1.17008
1.1507
-1.17099
-0.954209
0.973492
1.18432
-1.2036
0.90743
-0.317916
-0.777328
1.42403
-1.23621
-0.105916
0.10515
0.000765369
-0.500348
0.503186
0.00362917
-0.00646714
-0.696502
0.699069
0.00896855
-0.0115351
-0.849154
0.852386
0.0143617
-0.0175942
-0.987801
0.991246
0.0208836
-0.0243286
-1.13328
1.13787
0.0287188
-0.0333078
-1.29282
1.29864
0.0386696
-0.0444917
-1.46354
1.47171
0.0516497
-0.0598207
-1.63919
1.64991
0.0696549
-0.0803784
-1.80265
1.81757
0.0936886
-0.108607
-1.62615
1.64402
0.124435
-0.142298
-1.21132
1.22834
0.158185
-0.175213
-0.952254
1.0329
0.203628
-0.284275
-1.467
1.74111
0.459483
-0.733586
-1.97528
2.05367
0.898237
-0.976634
-1.72511
1.75761
1.01795
-1.05046
-1.43752
1.46614
1.07803
-1.10666
-1.19658
1.22475
1.13149
-1.15966
-0.998071
1.01812
1.18211
-1.20216
0.913516
-0.301283
-0.813404
1.42721
-1.22604
-0.103705
0.103637
6.76921e-05
-0.505593
0.508526
0.00391669
-0.00684989
-0.701868
0.704848
0.00946079
-0.0124406
-0.855322
0.858564
0.0154062
-0.0186477
-0.994944
0.99871
0.0218969
-0.0256622
-1.14225
1.14714
0.0301609
-0.0350469
-1.30468
1.31073
0.0408072
-0.0468597
-1.47956
1.48807
0.0545639
-0.0630722
-1.66079
1.67199
0.0732495
-0.0844465
-1.83279
1.8486
0.0987725
-0.114585
-1.66207
1.68145
0.131635
-0.151019
-1.24695
1.27156
0.168499
-0.193114
-1.14633
1.29137
0.243525
-0.388572
-1.99616
2.21381
0.616231
-0.833878
-2.11387
2.16176
0.916671
-0.964566
-1.78573
1.81374
0.993696
-1.02171
-1.49464
1.52803
1.05167
-1.08507
-1.25607
1.275
1.11044
-1.12938
-1.03033
1.04057
1.13923
-1.14947
0.892577
-0.266877
-0.836771
1.38823
-1.17716
-0.102764
0.103144
-0.000380637
-0.510743
0.51376
0.00439715
-0.00741404
-0.707621
0.710795
0.00987709
-0.013051
-0.861564
0.864837
0.0163529
-0.0196254
-1.0025
1.00612
0.0234163
-0.0270361
-1.15172
1.15696
0.0317754
-0.0370153
-1.31737
1.32347
0.0430801
-0.0491809
-1.49624
1.50479
0.0574491
-0.0659976
-1.68347
1.69518
0.0766765
-0.0883804
-1.86481
1.88112
0.103755
-0.120063
-1.70073
1.72149
0.138588
-0.15935
-1.29969
1.33703
0.179638
-0.216981
-1.46421
1.66373
0.305236
-0.504762
-2.38103
2.50413
0.732443
-0.855537
-2.20135
2.2354
0.905866
-0.939919
-1.84082
1.86951
0.962793
-0.991484
-1.55222
1.57276
1.01739
-1.03793
-1.28253
1.28077
1.05116
-1.04941
-1.00609
0.942067
1.0272
-0.963182
0.778765
-0.160807
-0.809888
1.08117
-0.889243
-0.10281
0.103522
-0.000712059
-0.516108
0.519015
0.00496791
-0.00787518
-0.713453
0.716544
0.0107623
-0.0138539
-0.868031
0.871477
0.0172986
-0.0207442
-1.01016
1.01437
0.0242412
-0.0284598
-1.16153
1.16655
0.0331603
-0.038182
-1.32993
1.3363
0.0446244
-0.0509921
-1.51318
1.52191
0.0592214
-0.0679568
-1.70654
1.71853
0.0787407
-0.0907268
-1.89745
1.91417
0.105812
-0.122529
-1.74137
1.76232
0.1411
-0.162051
-1.37913
1.43432
0.186493
-0.24169
-1.87672
2.10424
0.365814
-0.59333
-2.59093
2.65779
0.751881
-0.818736
-2.26321
2.28782
0.85093
-0.875536
-1.89705
1.9191
0.897755
-0.91981
-1.58338
1.57852
0.930738
-0.925884
-1.24824
1.17562
0.898444
-0.825827
-0.78595
0.495822
0.680947
-0.390818
-0.103792
-0.02823
0.132022
-0.103285
0.104209
-0.000923743
-0.521484
0.524378
0.00541654
-0.00831119
-0.719652
0.722811
0.0114051
-0.0145649
-0.874811
0.878193
0.0184113
-0.021793
-1.01866
1.02273
0.0260099
-0.030079
-1.172
1.17721
0.0356237
-0.0408344
-1.34333
1.35033
0.0476946
-0.0547025
-1.53143
1.5407
0.0636828
-0.0729441
-1.7312
1.74424
0.0852246
-0.0982686
-1.93237
1.95087
0.115309
-0.133809
-1.78495
1.80971
0.154498
-0.179263
-1.50497
1.59425
0.213405
-0.302684
-2.34807
2.57893
0.471645
-0.702508
-2.71458
2.76204
0.80004
-0.847508
-2.31211
2.33494
0.874853
-0.897683
-1.93537
1.94486
0.915432
-0.92492
-1.55871
1.50828
0.916024
-0.865588
-1.02733
0.767379
0.746201
-0.486248
-0.186569
0.0172975
0.196502
-0.0272301
0.0460977
-0.0382825
-0.00781525
-0.104157
0.105201
-0.00104331
-0.526489
0.53006
0.00534063
-0.0089116
-0.725717
0.729246
0.0122014
-0.0157305
-0.881944
0.885822
0.0192818
-0.0231595
-1.02718
1.03176
0.0274922
-0.0320772
-1.18316
1.18911
0.0372984
-0.0432464
-1.35781
1.36592
0.0504177
-0.0585268
-1.55098
1.5613
0.0678531
-0.0781701
-1.75826
1.77243
0.0916821
-0.105853
-1.97117
1.9919
0.124631
-0.145362
-1.83635
1.86629
0.168474
-0.198415
-1.70659
1.83733
0.249083
-0.379822
-2.79628
2.97939
0.58659
-0.769703
-2.80394
2.84019
0.831604
-0.867857
-2.35719
2.37587
0.890368
-0.909047
-1.94544
1.92861
0.916997
-0.900166
-1.40723
1.23365
0.83463
-0.661042
-0.425604
0.150095
0.361904
-0.0863951
0.0474383
-0.0639221
0.0064241
0.0100597
0.0312486
-0.0248773
-0.0063713
-0.104967
0.105979
-0.00101204
-0.53197
0.535176
0.00554876
-0.00875412
-0.732414
0.735884
0.0124713
-0.0159409
-0.889744
0.893338
0.0202306
-0.0238249
-1.03651
1.04127
0.0286891
-0.0334469
-1.19517
1.20147
0.0394053
-0.0457014
-1.37373
1.38201
0.0533957
-0.0616758
-1.57238
1.58329
0.072204
-0.083114
-1.788
1.80337
0.0979307
-0.113304
-2.01392
2.03671
0.133911
-0.156702
-1.89973
1.93809
0.182946
-0.221309
-1.99006
2.1619
0.295577
-0.467411
-3.13337
3.25248
0.686269
-0.805376
-2.8727
2.90088
0.85033
-0.87851
-2.39167
2.39969
0.89701
-0.905035
-1.88439
1.79735
0.884962
-0.79792
-0.959284
0.605831
0.619518
-0.266065
-0.00866412
-0.0523571
0.0643394
-0.00331816
0.0664217
-0.0651641
-0.00860415
0.00734662
0.0203544
-0.0173208
-0.00303365
-0.105628
0.1066
-0.000972328
-0.537234
0.54033
0.00555301
-0.0086488
-0.738954
0.74286
0.0123344
-0.0162408
-0.897613
0.901959
0.0203236
-0.0246697
-1.04653
1.0514
0.0296189
-0.034488
-1.2081
1.21452
0.0408776
-0.0472973
-1.39087
1.39961
0.05614
-0.0648738
-1.59542
1.60724
0.0759491
-0.0877724
-1.81983
1.83681
0.103306
-0.120284
-2.06102
2.08577
0.142646
-0.167399
-1.98126
2.0319
0.197308
-0.247947
-2.3564
2.56616
0.352642
-0.562392
-3.34893
3.4259
0.748508
-0.825478
-2.92577
2.94783
0.857036
-0.879096
-2.398
2.37485
0.885705
-0.86255
-1.6538
1.45612
0.785228
-0.58755
-0.275982
0.0750973
0.241397
-0.0405123
0.0735911
-0.0828885
-0.00316026
0.0124576
0.0619386
-0.0570895
-0.0113805
0.00653137
0.0152142
-0.0129163
-0.00229784
-0.105916
0.106742
-0.000825299
-0.542459
0.545693
0.00524388
-0.00847806
-0.745926
0.749842
0.0122945
-0.01621
-0.906039
0.910394
0.0203716
-0.0247268
-1.0571
1.06214
0.0300587
-0.0351003
-1.22186
1.22868
0.0420147
-0.0488285
-1.40899
1.41836
0.0576654
-0.0670378
-1.62032
1.63294
0.0789507
-0.0915732
-1.8548
1.87287
0.108334
-0.126402
-2.11212
2.13922
0.150065
-0.177164
-2.08852
2.15646
0.211659
-0.279602
-2.7962
3.03035
0.412573
-0.646728
-3.48959
3.54096
0.775974
-0.82735
-2.96643
2.97759
0.850411
-0.861574
-2.33291
2.25736
0.846123
-0.770575
-1.16255
0.800535
0.603671
-0.24166
0.0221538
-0.0735486
0.058057
-0.00666216
0.0830093
-0.085494
-0.00849695
0.0109817
0.0517373
-0.0476865
-0.00854453
0.00449371
0.0109174
-0.00944559
-0.00147183
-0.105742
0.10634
-0.000598504
-0.547242
0.550299
0.00468702
-0.00774413
-0.753016
0.756842
0.0114456
-0.0152711
-0.91463
0.918928
0.0197076
-0.0240055
-1.06779
1.07329
0.0296345
-0.0351392
-1.23605
1.24334
0.0417496
-0.0490369
-1.42826
1.43811
0.0580195
-0.0678762
-1.64646
1.66012
0.0804984
-0.0941536
-1.89173
1.91058
0.111874
-0.130729
-2.16762
2.19625
0.156089
-0.184719
-2.23146
2.32149
0.226133
-0.316161
-3.26703
3.48709
0.475196
-0.695258
-3.58211
3.61587
0.778467
-0.81223
-2.98417
2.97783
0.828083
-0.821738
-2.14926
1.98455
0.771907
-0.607198
-0.436595
0.178708
0.303982
-0.0460964
0.0944016
-0.10831
-0.000213782
0.0141219
0.0860212
-0.0843229
-0.0148364
0.0131381
0.0434717
-0.0388333
-0.00932267
0.0046843
0.008078
-0.00659713
-0.00148087
-0.10482
0.105179
-0.00035839
-0.551384
0.554269
0.00325038
-0.00613504
-0.759509
0.76354
0.00984295
-0.0138739
-0.923368
0.927539
0.0185169
-0.0226882
-1.07903
1.08447
0.0279325
-0.033371
-1.25088
1.25815
0.0405071
-0.0477811
-1.44866
1.45855
0.05746
-0.0673472
-1.6743
1.68811
0.0808844
-0.0947009
-1.93066
1.95065
0.112895
-0.132879
-2.22702
2.2577
0.159342
-0.19002
-2.41985
2.531
0.239038
-0.350184
-3.6943
3.872
0.530414
-0.708108
-3.64264
3.66712
0.760405
-0.784877
-2.95976
2.92055
0.788085
-0.748881
-1.79426
1.53739
0.638367
-0.381491
-0.0304999
-0.0438482
0.0722328
0.00211525
0.119197
-0.118849
-0.00836609
0.00801745
0.0827719
-0.0809948
-0.00715851
0.00538135
0.0356463
-0.0338172
-0.00369206
0.0018629
0.00577156
-0.00517928
-0.00059228
-0.103056
0.102913
0.00014255
-0.554657
0.557057
0.00160001
-0.00400043
-0.765892
0.769695
0.0071946
-0.0109973
-0.931833
0.93608
0.0155105
-0.0197567
-1.09044
1.09601
0.0247806
-0.0303522
-1.26623
1.2737
0.03733
-0.0448062
-1.46903
1.4793
0.0544103
-0.0646827
-1.70285
1.71712
0.0781756
-0.0924457
-1.9714
1.99154
0.111179
-0.131313
-2.29028
2.32371
0.158719
-0.192147
-2.6461
2.77305
0.248293
-0.375242
-4.02247
4.14286
0.567878
-0.688264
-3.68654
3.7028
0.723965
-0.74022
-2.87003
2.79644
0.726962
-0.653369
-1.23422
0.908154
0.490652
-0.16459
0.0788895
-0.107069
0.065027
-0.0368476
0.123327
-0.135163
0.0187512
-0.0069147
0.0835369
-0.086423
0.000560547
0.00232555
0.0340465
-0.0330813
-0.00258018
0.00161492
0.00529213
-0.00468841
-0.000603725
-0.100079
0.0995388
0.000539736
-0.556337
0.557983
-0.000674639
-0.000971271
-0.771637
0.775238
0.00316862
-0.00676943
-0.940353
0.944327
0.0110448
-0.0150189
-1.10182
1.10707
0.0200361
-0.0252831
-1.28108
1.28862
0.0319695
-0.0395164
-1.48996
1.50005
0.0488662
-0.058953
-1.73175
1.74577
0.072529
-0.0865466
-2.01226
2.0329
0.105094
-0.125733
-2.3583
2.3934
0.153258
-0.188356
-2.90116
3.03953
0.252833
-0.391193
-4.24186
4.32101
0.566497
-0.645638
-3.71575
3.72445
0.670734
-0.679429
-2.706
2.58273
0.644706
-0.521437
-0.591822
0.329383
0.288538
-0.0260987
0.125069
-0.147798
-0.0144842
0.0372126
0.143317
-0.151651
-0.0472207
0.0555546
0.0835237
-0.0748473
-0.0566802
0.0480038
0.0256719
-0.00950591
-0.0347742
0.0186082
0.0015663
0.00486301
-0.0064293
-0.0957948
0.0945833
0.00121152
-0.555956
0.556351
-0.00395366
0.00355859
-0.776618
0.778803
-0.00206842
-0.000117106
-0.948053
0.951734
0.00424971
-0.00793026
-1.11264
1.1171
0.0125241
-0.0169924
-1.29598
1.3028
0.023505
-0.0303313
-1.51013
1.52039
0.0392403
-0.049506
-1.76013
1.77394
0.062011
-0.075824
-2.05343
2.07309
0.0940168
-0.113673
-2.42896
2.46557
0.140521
-0.177127
-3.17381
3.31234
0.246826
-0.385359
-4.38451
4.43758
0.527176
-0.580246
-3.7283
3.72753
0.601407
-0.600639
-2.46003
2.31568
0.551142
-0.406793
-0.164825
0.0657942
0.161668
-0.0626365
0.184219
-0.230714
0.00949274
0.0370028
0.167125
-0.187118
-0.0663924
0.0863847
0.0658728
-0.053602
-0.0883303
0.0760596
-0.0120662
0.0375044
-0.0565279
0.0310898
-0.0140922
0.0251917
-0.0110995
-0.0896594
0.0879112
0.00174826
-0.551919
0.551145
-0.00814833
0.00892235
-0.779699
0.780742
-0.00909694
0.0080533
-0.954398
0.957319
-0.00553456
0.00261299
-1.12219
1.12645
0.00129212
-0.00555068
-1.3097
1.31619
0.0107205
-0.0172053
-1.52956
1.53879
0.0254019
-0.0346281
-1.78759
1.80024
0.0463543
-0.0590022
-2.09216
2.11085
0.0757548
-0.0944398
-2.50074
2.53596
0.119961
-0.155179
-3.43896
3.56629
0.222139
-0.349468
-4.4806
4.51766
0.452362
-0.489428
-3.72422
3.72235
0.507899
-0.506024
-2.18623
2.03123
0.450336
-0.295336
0.00326983
-0.0800675
0.120197
-0.0433991
0.281964
-0.33623
-0.0323564
0.086622
0.206546
-0.215528
-0.117204
0.126186
0.0379124
-0.0145869
-0.112936
0.08961
-0.0667927
0.0978686
-0.0623951
0.0313192
-0.0377252
0.046982
-0.00925675
-0.0814595
0.0790351
0.00242437
-0.543981
0.540769
-0.013116
0.0163285
-0.77973
0.779043
-0.0189817
0.0196687
-0.958817
0.960717
-0.0190244
0.017125
-1.13048
1.13356
-0.0141825
0.0111034
-1.32238
1.32715
-0.00645303
0.00168839
-1.54727
1.55517
0.00544455
-0.0133491
-1.81245
1.82384
0.0235097
-0.0349068
-2.12836
2.1441
0.0499795
-0.0657151
-2.56815
2.59915
0.0880521
-0.119061
-3.67277
3.77354
0.176182
-0.276958
-4.54508
4.56824
0.340489
-0.363643
-3.71757
3.70875
0.372143
-0.363316
-1.91203
1.81086
0.313924
-0.212763
0.17743
-0.271864
0.0956404
-0.00120575
0.378159
-0.413386
-0.0516478
0.0868754
0.215341
-0.191566
-0.0995307
0.0757557
-0.0220525
0.0563702
-0.0417012
0.00738349
-0.121955
0.127
0.0132364
-0.0182809
-0.045003
0.0344552
0.0105477
-0.0708908
0.067808
0.00308281
-0.530119
0.523193
-0.0200304
0.0269566
-0.775954
0.772959
-0.0326673
0.0356626
-0.96127
0.961304
-0.0374768
0.0374435
-1.13643
1.13854
-0.0364381
0.0343351
-1.33203
1.33596
-0.0311586
0.0272236
-1.56206
1.5685
-0.02224
0.0158065
-1.83402
1.84311
-0.00719413
-0.0018947
-2.15898
2.17218
0.0134538
-0.0266551
-2.62377
2.64575
0.0440848
-0.0660648
-3.84095
3.90007
0.105629
-0.164754
-4.57769
4.57756
0.190957
-0.190823
-3.69007
3.66522
0.180609
-0.155749
-1.77972
1.73722
0.119679
-0.0771853
0.320385
-0.352736
0.0566854
-0.0243341
0.437597
-0.454505
-0.00602652
0.0229345
0.169807
-0.157214
-0.0228134
0.0102206
-0.074328
0.0844783
0.00159321
-0.0117435
-0.120301
0.116648
0.0144136
-0.010761
-0.0244609
0.0201101
0.00435081
-0.0575633
0.0530453
0.00451799
-0.507507
0.495434
-0.0302623
0.0423352
-0.766891
0.760725
-0.0518058
0.0579718
-0.960534
0.958253
-0.0625048
0.0647856
-1.14013
1.14051
-0.0656115
0.0652376
-1.33872
1.3408
-0.0639814
0.0619003
-1.57325
1.57749
-0.0587394
0.054501
-1.85075
1.85721
-0.0488132
0.0423606
-2.18283
2.1921
-0.0337302
0.024462
-2.65966
2.67279
-0.0115531
-0.00157394
-3.9182
3.92951
0.015325
-0.0266301
-4.55966
4.53672
0.0216226
0.00131635
-3.62844
3.56411
-0.0402549
0.104583
-1.7487
1.71611
-0.166166
0.198756
0.364136
-0.38408
-0.180458
0.200402
0.460748
-0.438568
-0.197508
0.175328
0.149391
-0.114163
-0.143679
0.108451
-0.0986809
0.127433
-0.0795887
0.0508367
-0.120923
0.135613
-0.0318245
0.0171353
-0.023132
0.0296676
-0.00653561
-0.0424435
0.0366475
0.00579605
-0.47233
0.453288
-0.0431373
0.062179
-0.749662
0.739358
-0.0785268
0.0888306
-0.955492
0.950479
-0.0962001
0.101213
-1.14081
1.13916
-0.104751
0.106401
-1.34185
1.34205
-0.107061
0.106861
-1.57998
1.58164
-0.105888
0.104225
-1.86166
1.86486
-0.101554
0.098359
-2.19846
2.20328
-0.0938594
0.0890342
-2.67838
2.68354
-0.08302
0.0778541
-3.90295
3.87529
-0.0834954
0.111163
-4.50681
4.48798
-0.133007
0.151837
-3.51205
3.47624
-0.175946
0.211755
-1.69044
1.63818
-0.251036
0.303299
0.362631
-0.286469
-0.357501
0.281339
0.395022
-0.321294
-0.189197
0.115469
0.057241
-0.0190774
-0.0775031
0.0393394
-0.159568
0.169255
-0.0110109
0.00132372
-0.150829
0.150129
1.39744e-05
0.000686683
-0.0358236
0.0363231
-0.000499448
-0.0265776
0.0206652
0.00591237
-0.421081
0.391996
-0.0563727
0.0854577
-0.720514
0.703119
-0.111443
0.128838
-0.943542
0.935885
-0.141538
0.149195
-1.13671
1.13254
-0.155687
0.159861
-1.34074
1.33883
-0.16235
0.164262
-1.58118
1.58028
-0.1661
0.167002
-1.86576
1.86589
-0.16793
0.167797
-2.2052
2.20554
-0.167776
0.167436
-2.67948
2.67896
-0.166077
0.166592
-3.80913
3.75191
-0.18818
0.245405
-4.46917
4.48758
-0.274988
0.256578
-3.51326
3.60289
-0.213501
0.123875
-1.61848
1.72794
-0.00171789
-0.107737
0.0152899
0.293784
0.40318
-0.712254
0.267661
-0.213035
0.86909
-0.923715
0.134585
-0.324993
0.867131
-0.676723
-0.111703
-0.136594
0.423978
-0.175681
-0.150548
0.0862822
0.0214204
0.0428449
-0.0506491
0.0850978
-0.0344487
-0.0121753
0.00730777
0.00486755
-0.345253
0.301226
-0.0625798
0.106607
-0.673969
0.645258
-0.148501
0.177212
-0.923289
0.910563
-0.198622
0.211348
-1.12672
1.11991
-0.220887
0.227696
-1.33507
1.33135
-0.23288
0.236599
-1.57694
1.57302
-0.240596
0.244515
-1.86287
1.85852
-0.249108
0.253456
-2.202
2.19702
-0.257997
0.26298
-2.67112
2.66065
-0.26906
0.27953
-3.63984
3.51588
-0.314418
0.438379
-4.49835
4.49924
-0.516023
0.515131
-3.77431
3.89685
-0.449935
0.327397
-1.97943
2.21222
-0.157397
-0.0753959
-0.668575
0.934664
0.312625
-0.578714
0.113845
0.123654
0.841653
-1.07915
0.429986
-0.420779
1.18309
-1.1923
0.453512
-0.634493
1.11636
-0.935381
0.199722
-0.520741
0.700821
-0.379803
-0.0787028
-0.0439974
0.1227
-0.00143855
-0.0018792
0.00331775
-0.240669
0.185393
-0.0546018
0.109878
-0.598245
0.54813
-0.17674
0.226855
-0.888781
0.866766
-0.264492
0.286508
-1.11088
1.10142
-0.301859
0.311322
-1.32623
1.32026
-0.319538
0.325511
-1.56651
1.55984
-0.332119
0.338792
-1.85108
1.8425
-0.347375
0.355955
-2.18762
2.17548
-0.367286
0.379426
-2.63815
2.61195
-0.39671
0.422907
-3.32513
3.12127
-0.4905
0.69436
-4.41788
4.22538
-0.964405
1.15691
-3.90586
3.8236
-1.26028
1.34254
-2.62109
2.86607
-1.34845
1.10347
-1.12801
1.39089
-0.750347
0.487469
-0.298342
0.417294
-0.354879
0.235927
0.342593
-0.209125
-0.0995397
-0.0339285
0.611154
-0.526307
0.144573
-0.22942
0.675765
-0.698526
0.269478
-0.246717
0.249841
-0.394191
0.14435
-0.00694901
0.00526371
0.0016853
-0.121801
0.0753778
-0.0342734
0.0806964
-0.470214
0.387928
-0.164294
0.24658
-0.828792
0.783743
-0.318522
0.363571
-1.08658
1.07034
-0.393407
0.409649
-1.31101
1.30113
-0.422035
0.431919
-1.55047
1.54141
-0.440521
0.449577
-1.82989
1.81649
-0.46172
0.475123
-2.15638
2.13438
-0.493241
0.515238
-2.5694
2.51878
-0.549116
0.599735
-2.87839
2.69535
-0.682374
0.865408
-3.89351
3.45816
-1.31556
1.75091
-3.63185
3.43492
-2.02171
2.21863
-2.83778
2.76432
-2.34929
2.42276
-1.67238
1.82832
-2.3761
2.22016
-0.704351
0.974332
-2.00311
1.73313
-0.0777665
0.323862
-1.48621
1.24011
0.351455
-0.0947612
-1.01618
0.759482
0.573824
-0.335204
-0.541165
0.302545
0.403569
-0.290014
-0.113554
0.0117147
-0.0152584
-0.000218324
0.00376204
-0.0345122
0.00859684
-0.0156189
0.0415342
-0.285159
0.195304
-0.101434
0.19129
-0.719547
0.643512
-0.297255
0.37329
-1.05316
1.0286
-0.425206
0.449765
-1.29858
1.29505
-0.460723
0.464247
-1.54319
1.54439
-0.465891
0.464687
-1.81468
1.81242
-0.464845
0.467103
-2.12708
2.11986
-0.471985
0.479206
-2.49188
2.46663
-0.494013
0.519266
-2.5839
2.49716
-0.56469
0.651426
-3.09947
2.76175
-0.824304
1.16202
-3.32171
3.19574
-1.36867
1.49465
-2.7309
2.68384
-1.56455
1.61162
-1.95569
2.03399
-1.60515
1.52684
-1.15214
1.30918
-1.4121
1.25505
-0.520006
0.707008
-1.09426
0.907262
-0.0891994
0.273473
-0.733202
0.548928
0.173354
-0.0134726
-0.390235
0.230354
0.204185
-0.108104
-0.0960804
0.017347
-0.0190687
-7.77669e-05
0.00179945
0.00826659
-0.0200251
-0.00766277
0.0194213
-0.125595
0.0767484
-0.0458624
0.0947095
-0.559687
0.473266
-0.185886
0.272308
-0.996617
0.957574
-0.343305
0.382347
-1.29008
1.28285
-0.4029
0.410126
-1.54471
1.54368
-0.413503
0.414534
-1.81025
1.80856
-0.414206
0.415892
-2.11248
2.10532
-0.42079
0.427952
-2.44404
2.42584
-0.439288
0.457485
-2.43503
2.38945
-0.48764
0.533214
-2.48234
2.29278
-0.610534
0.800097
-3.0533
2.90461
-1.03631
1.185
-2.6467
2.62596
-1.24128
1.26202
-2.08769
2.12841
-1.25655
1.21583
-1.44115
1.55635
-1.13554
1.02034
-0.874302
1.02044
-0.897737
0.751603
-0.443177
0.593872
-0.613536
0.462842
-0.141292
0.278522
-0.330347
0.193117
0.0143957
0.0657025
-0.0800983
0.0205308
-0.0213391
0.000120925
0.000687372
0.0288928
-0.0360296
-0.00418691
0.0113238
-0.0430402
0.0177488
-0.0260265
0.0513179
-0.390037
0.315148
-0.10648
0.18137
-0.912299
0.863187
-0.258023
0.307135
-1.2737
1.26194
-0.336909
0.348661
-1.54186
1.53984
-0.352761
0.354786
-1.80733
1.80658
-0.354324
0.355067
-2.09893
2.09335
-0.358551
0.364128
-2.41146
2.39942
-0.373669
0.385702
-2.35551
2.33093
-0.404822
0.429399
-2.16964
2.09344
-0.463845
0.540046
-2.75703
2.61305
-0.695816
0.8398
-2.61736
2.61367
-0.900344
0.904027
-2.16301
2.19615
-0.884885
0.851752
-1.65768
1.74222
-0.802277
0.717737
-1.1456
1.2507
-0.628589
0.523493
-0.722115
0.829234
-0.425069
0.31795
-0.395975
0.493974
-0.223688
0.12569
-0.129658
0.177186
-0.047528
0.021351
-0.0210566
0.00126672
-0.00156113
0.0424216
-0.0494075
-0.0016114
0.00859725
0.00284439
-0.0212665
-0.021062
0.0394841
-0.252135
0.202524
-0.06987
0.119481
-0.812756
0.764211
-0.184971
0.233516
-1.24892
1.23556
-0.265509
0.278868
-1.5376
1.53571
-0.283381
0.285266
-1.80592
1.80522
-0.285966
0.28667
-2.08832
2.08329
-0.290085
0.295124
-2.3886
2.37873
-0.302966
0.312838
-2.31261
2.29851
-0.325467
0.339565
-2.04423
2.012
-0.354211
0.386436
-2.48398
2.3807
-0.452762
0.556039
-2.60751
2.60027
-0.602501
0.609746
-2.23276
2.26694
-0.592082
0.557901
-1.80893
1.86262
-0.518905
0.465213
-1.33835
1.40987
-0.402158
0.330632
-0.916857
0.988177
-0.264454
0.193133
-0.573799
0.638098
-0.130433
0.0661335
-0.209788
0.229937
-0.0201492
0.0224827
-0.0285834
-0.000475332
0.00657605
0.0600063
-0.0773697
-0.02153
0.0388934
0.038049
-0.0540895
-0.058806
0.0748465
-0.16699
0.150491
-0.0863684
0.102868
-0.723073
0.691154
-0.139561
0.17148
-1.22304
1.2138
-0.192921
0.20216
-1.534
1.53221
-0.205659
0.207457
-1.80384
1.80139
-0.209605
0.212056
-2.07794
2.07187
-0.216999
0.223073
-2.36975
2.36187
-0.230697
0.238581
-2.28817
2.28006
-0.247885
0.255995
-1.99082
1.97697
-0.264217
0.278071
-2.30288
2.24718
-0.303624
0.359323
-2.5952
2.59396
-0.38455
0.385786
-2.295
2.31873
-0.372358
0.348627
-1.90701
1.94367
-0.320243
0.283585
-1.46943
1.51851
-0.242889
0.193805
-1.04588
1.09169
-0.150343
0.104536
-0.688605
0.727884
-0.0646098
0.0253301
-0.24013
0.242661
-0.00253031
0.0420127
-0.0641484
-0.00831516
0.0304508
0.101888
-0.130186
-0.0638477
0.0921452
0.0668095
-0.070963
-0.114861
0.119014
-0.150578
0.162015
-0.112306
0.10087
-0.672812
0.668308
-0.0959845
0.100488
-1.2076
1.20327
-0.106625
0.110964
-1.53014
1.52617
-0.114848
0.118814
-1.79709
1.79042
-0.12454
0.131207
-2.0648
2.05611
-0.139842
0.14853
-2.35421
2.34634
-0.157721
0.165588
-2.27317
2.26743
-0.173362
0.179098
-1.96883
1.96437
-0.182362
0.186819
-2.20788
2.18071
-0.196007
0.223175
-2.59534
2.59696
-0.237885
0.236273
-2.34052
2.35982
-0.223903
0.204602
-1.9737
1.99813
-0.184154
0.159718
-1.5576
1.58903
-0.134346
0.10292
-1.12804
1.15693
-0.0751842
0.0462954
-0.757362
0.778644
-0.0217407
0.00045903
-0.240003
0.234232
0.00577041
0.0933575
-0.122585
-0.0176567
0.0468844
0.156534
-0.172964
-0.0745435
0.0909736
0.0675593
-0.056625
-0.0917477
0.0808133
-0.182867
0.210291
-0.0585991
0.0311747
-0.676413
0.690433
-0.00310618
-0.0109136
-1.2003
1.19465
0.0138276
-0.0081758
-1.51837
1.50606
-0.00364303
0.0159549
-1.78006
1.76518
-0.0308607
0.0457434
-2.04532
2.03163
-0.0611936
0.0748863
-2.33784
2.32839
-0.0877467
0.0971952
-2.26241
2.25735
-0.103793
0.108852
-1.96113
1.95804
-0.111276
0.114366
-2.1632
2.15274
-0.1178
0.128262
-2.59823
2.60002
-0.135031
0.133246
-2.37608
2.38947
-0.124878
0.111484
-2.01863
2.03506
-0.0972721
0.0808434
-1.61404
1.63289
-0.0651367
0.046293
-1.17914
1.19646
-0.0296766
0.0123586
-0.793598
0.803376
0.00201761
-0.0117952
-0.225957
0.216627
0.0093305
0.143287
-0.152759
-0.0122563
0.0217286
0.175278
-0.162052
-0.0210869
0.00786075
0.0373765
-0.0102855
0.0154837
-0.0425747
-0.24154
0.275346
0.0756594
-0.109466
-0.708439
0.727038
0.144074
-0.162673
-1.18254
1.16385
0.161297
-0.142605
-1.48611
1.45956
0.113741
-0.0871903
-1.74652
1.72203
0.0588117
-0.0343233
-2.01483
1.99615
0.0109064
0.0077747
-2.31752
2.30542
-0.0255591
0.0376649
-2.25209
2.24756
-0.0441184
0.0486489
-1.95646
1.95739
-0.0515607
0.0506302
-2.14471
2.13487
-0.0513103
0.0611457
-2.60252
2.604
-0.0649163
0.0634426
-2.39975
2.40754
-0.0584441
0.0506551
-2.04748
2.0572
-0.0423606
0.0326334
-1.64751
1.65855
-0.023481
0.0124453
-1.20999
1.22016
-0.00259363
-0.00756744
-0.808713
0.810626
0.0151701
-0.0170822
-0.206834
0.197525
0.00930874
0.149037
-0.133401
0.00304615
-0.0186822
0.137701
-0.104877
0.0473334
-0.0801572
-0.0224139
0.0601396
0.120658
-0.158383
-0.311224
0.347642
0.200663
-0.237081
-0.742986
0.753307
0.267274
-0.277595
-1.13918
1.1108
0.261955
-0.233569
-1.42818
1.39437
0.197297
-0.163491
-1.69331
1.66253
0.127654
-0.096879
-1.97474
1.95156
0.0672706
-0.0440904
-2.2928
2.27965
0.0238724
-0.0107278
-2.2438
2.2404
0.00377411
-0.00037438
-1.95891
1.96183
0.000121952
-0.00304198
-2.12271
2.1103
0.00418178
0.00822411
-2.60309
2.60017
-0.0167399
0.0196554
-2.41319
2.41635
-0.018497
0.0153361
-2.06482
2.06965
-0.0116215
0.00679858
-1.66672
1.67258
-0.00209133
-0.00376648
-1.22771
1.23419
0.00975868
-0.0162361
-0.810276
0.808235
0.0203094
-0.0182683
-0.188379
0.179862
0.00851776
0.109567
-0.0814333
0.0145302
-0.0426642
0.0664373
-0.0257267
0.083001
-0.123712
-0.10121
0.142928
0.169059
-0.210777
-0.382751
0.413919
0.253151
-0.284319
-0.755746
0.7547
0.304049
-0.303002
-1.08235
1.05641
0.285596
-0.259663
-1.36049
1.32892
0.226567
-0.194995
-1.63138
1.60165
0.160663
-0.130937
-1.928
1.90492
0.101988
-0.0789061
-2.26579
2.25162
0.0578367
-0.0436622
-2.23704
2.2335
0.0355881
-0.032046
-1.9655
1.96937
0.0326466
-0.0365204
-2.09674
2.08365
0.039247
-0.0261553
-2.59606
2.58912
0.0118704
-0.00493087
-2.4177
2.41814
0.00273896
-0.00318013
-2.07258
2.07482
0.0048057
-0.00704459
-1.67723
1.68068
0.00917769
-0.0126247
-1.23955
1.24403
0.0166398
-0.0211272
-0.804474
0.799413
0.0229193
-0.0178583
-0.172193
0.165008
0.00718481
0.0520042
-0.023638
0.0158686
-0.0442348
-0.0143809
0.0523996
0.0831257
-0.121144
-0.182769
0.219213
0.163016
-0.19946
-0.441426
0.465394
0.23453
-0.258498
-0.753386
0.752106
0.27199
-0.27071
-1.03341
1.01455
0.25636
-0.237506
-1.30081
1.27679
0.213175
-0.189152
-1.57422
1.54999
0.161794
-0.137566
-1.88307
1.86298
0.113061
-0.0929733
-2.23755
2.22405
0.074007
-0.0605161
-2.23011
2.22666
0.0519983
-0.0485529
-1.97323
1.97613
0.0492214
-0.0521221
-2.07158
2.06124
0.0545944
-0.0442549
-2.58003
2.56985
0.0252682
-0.0150943
-2.41802
2.41747
0.0118956
-0.0113446
-2.07681
2.07849
0.0123246
-0.0140052
-1.68362
1.68647
0.0157384
-0.0185911
-1.24799
1.25205
0.022311
-0.0263701
-0.792902
0.785045
0.0264699
-0.0186129
-0.157966
0.151334
0.00663201
-0.00191761
0.0237951
0.0115612
-0.0334387
-0.0867798
0.116634
0.0638334
-0.0936874
-0.251522
0.279453
0.126301
-0.154232
-0.485888
0.503584
0.180579
-0.198275
-0.751253
0.751704
0.208471
-0.208922
-1.00043
0.990489
0.202469
-0.192528
-1.25709
1.24167
0.17807
-0.162649
-1.52912
1.51184
0.143828
-0.126541
-1.84501
1.82925
0.10812
-0.0923603
-2.2114
2.19959
0.0766583
-0.0648442
-2.22218
2.21703
0.0561303
-0.0509788
-1.97832
1.9795
0.0505198
-0.0516963
-2.0534
2.04738
0.0535068
-0.0474846
-2.5593
2.54856
0.0278331
-0.0170965
-2.41754
2.41818
0.014281
-0.0149201
-2.08039
2.08284
0.0167653
-0.0192156
-1.68949
1.69251
0.0215114
-0.0245289
-1.25546
1.25852
0.0281739
-0.0312333
-0.775704
0.764724
0.0291561
-0.018176
-0.145255
0.139581
0.00567333
-0.0413985
0.0550662
0.00677112
-0.0204388
-0.141889
0.162713
0.0407701
-0.0615939
-0.303203
0.323161
0.0847458
-0.104704
-0.518883
0.532254
0.123794
-0.137165
-0.753653
0.756834
0.146207
-0.149388
-0.984038
0.980462
0.148693
-0.145117
-1.22999
1.22151
0.13821
-0.129727
-1.49784
1.48679
0.118228
-0.107183
-1.81576
1.80422
0.0945809
-0.0830415
-2.18854
2.17824
0.0704934
-0.0601916
-2.21152
2.20551
0.0518661
-0.0458545
-1.97955
1.97814
0.0426578
-0.0412501
-2.04292
2.04084
0.0410641
-0.0389866
-2.53846
2.52978
0.026476
-0.017801
-2.41983
2.42225
0.0166199
-0.019048
-2.08627
2.0903
0.0226703
-0.026698
-1.6959
1.69941
0.0300956
-0.0336066
-1.26085
1.26207
0.0367724
-0.0379903
-0.75181
0.737289
0.0324829
-0.0179612
-0.134054
0.128852
0.0052025
-0.0653155
0.0727437
0.00331862
-0.0107468
-0.179552
0.19288
0.022852
-0.03618
-0.339763
0.353469
0.0516919
-0.0653985
-0.543866
0.554005
0.0789382
-0.0890773
-0.760814
0.765354
0.0971071
-0.101648
-0.978932
0.979041
0.104078
-0.104186
-1.2156
1.21169
0.102003
-0.0980895
-1.47832
1.47189
0.0918379
-0.0854144
-1.79459
1.78653
0.0773743
-0.0693092
-2.16872
2.15996
0.0596685
-0.0509143
-2.19874
2.19159
0.0431587
-0.0360073
-1.97547
1.97125
0.0304947
-0.0262726
-2.04154
2.04477
0.0253609
-0.028592
-2.52336
2.52021
0.0253842
-0.0222339
-2.42545
2.42938
0.0232818
-0.0272022
-2.09502
2.09981
0.0319398
-0.0367277
-1.70298
1.70611
0.0405182
-0.0436526
-1.26146
1.25958
0.0456052
-0.0437256
-0.72117
0.703951
0.0341552
-0.0169358
-0.123916
0.119264
0.00465268
-0.0779291
0.081384
0.00135317
-0.00480808
-0.203204
0.210997
0.0111654
-0.0189577
-0.364684
0.373788
0.0287843
-0.0378882
-0.562706
0.570219
0.0472667
-0.0547794
-0.77003
0.774755
0.0615118
-0.0662373
-0.980209
0.982199
0.0699412
-0.0719303
-1.20948
1.20846
0.072444
-0.0714224
-1.46733
1.46405
0.0686583
-0.0653828
-1.77993
1.77458
0.0606275
-0.0552734
-2.15196
2.14457
0.0480869
-0.0407004
-2.18403
2.17617
0.0333995
-0.0255419
-1.96611
1.96043
0.0187942
-0.013116
-2.05049
2.05854
0.0128041
-0.0208505
-2.52012
2.52298
0.0251887
-0.0280448
-2.43443
2.44024
0.032237
-0.0380494
-2.10493
2.1098
0.0435964
-0.048465
-1.70886
1.71077
0.0518258
-0.05374
-1.25556
1.24979
0.0530813
-0.0473129
-0.685859
0.667474
0.0340941
-0.0157088
-0.114795
0.11054
0.00425591
-0.0835344
0.0847265
0.000339874
-0.0015319
-0.216705
0.220716
0.00427386
-0.0082843
-0.381109
0.386918
0.0140502
-0.0198596
-0.57661
0.582066
0.0262237
-0.0316796
-0.779307
0.783656
0.0370865
-0.0414361
-0.984611
0.987398
0.0454358
-0.0482231
-1.20842
1.20898
0.050122
-0.0506749
-1.46206
1.46082
0.0500772
-0.0488392
-1.77028
1.767
0.0463512
-0.0430649
-2.13784
2.13176
0.0378038
-0.0317263
-2.16829
2.16039
0.0248929
-0.0169849
-1.95471
1.94944
0.0103133
-0.00504577
-2.06834
2.08038
0.00589384
-0.0179302
-2.5287
2.53691
0.0309279
-0.0391443
-2.44644
2.45251
0.0447753
-0.0508407
-2.11448
2.11825
0.0557328
-0.059508
-1.71157
1.71094
0.06142
-0.0607894
-1.24153
1.2316
0.0575604
-0.0476247
-0.649099
0.631243
0.0320754
-0.014219
-0.106462
0.102573
0.00388898
-0.0852249
0.0852625
-0.000132409
9.47857e-05
-0.223395
0.225049
0.000610763
-0.00226496
-0.391451
0.394925
0.00527057
-0.00874453
-0.586679
0.590566
0.0129248
-0.016812
-0.787717
0.79149
0.0210439
-0.0248165
-0.990303
0.993337
0.0286553
-0.0316888
-1.21007
1.2115
0.0341685
-0.0355959
-1.46045
1.46055
0.03631
-0.0364106
-1.7645
1.76276
0.0355153
-0.0337765
-2.12642
2.12168
0.0303041
-0.0255647
-2.15294
2.14597
0.0198727
-0.012896
-1.94477
1.94115
0.0072705
-0.00364667
-2.09427
2.10992
0.00725785
-0.0229044
-2.54692
2.55816
0.0397295
-0.0509747
-2.45857
2.46417
0.0574025
-0.0629989
-2.12124
2.12302
0.0663884
-0.0681707
-1.70913
1.70606
0.0677002
-0.0646308
-1.21975
1.20669
0.0580171
-0.0449556
-0.614088
0.597859
0.0287481
-0.0125187
-0.0989166
0.0954588
0.00345778
-0.0850161
0.0845978
-0.000312747
0.000731074
-0.225955
0.226346
-0.000928628
0.000537531
-0.397504
0.399393
0.000772271
-0.00266185
-0.593812
0.596494
0.00525794
-0.00793927
-0.794952
0.798119
0.0111801
-0.014347
-0.996292
0.999209
0.0178266
-0.020744
-1.21325
1.21512
0.0233812
-0.0252544
-1.46125
1.46219
0.0267674
-0.0277087
-1.76158
1.76112
0.028041
-0.0275851
-2.11794
2.1152
0.0258752
-0.023136
-2.14007
2.13502
0.0192546
-0.0141962
-1.93845
1.93726
0.0103829
-0.00918912
-2.12646
2.14383
0.0154267
-0.032794
-2.5701
2.58208
0.0506934
-0.062676
-2.4692
2.47344
0.0685152
-0.0727586
-2.12379
2.12336
0.0740013
-0.073567
-1.70146
1.69534
0.0710211
-0.064909
-1.19242
1.17761
0.0556472
-0.0408419
-0.582526
0.568196
0.0252318
-0.0109019
-0.0922394
0.0892114
0.00302794
-0.0840995
0.0836093
-0.000326239
0.000816525
-0.226433
0.226375
-0.00126926
0.00132766
-0.400735
0.401693
-0.000838084
-0.000119201
-0.598688
0.600452
0.00163923
-0.003404
-0.800991
0.803567
0.00578701
-0.00836251
-1.002
1.00472
0.0114286
-0.0141562
-1.21723
1.21933
0.0167814
-0.0188731
-1.46365
1.46523
0.020884
-0.0224685
-1.76118
1.76204
0.0238315
-0.0246957
-2.11352
2.11278
0.0249724
-0.0242333
-2.13146
2.12943
0.0228826
-0.0208555
-1.9373
1.93858
0.0196092
-0.0208916
-2.16101
2.17783
0.0284438
-0.0452627
-2.59367
2.60443
0.0621827
-0.0729387
-2.47683
2.47884
0.0774367
-0.0794479
-2.1217
2.11902
0.0784352
-0.075754
-1.6881
1.67971
0.0708387
-0.0624517
-1.16235
1.14713
0.0515977
-0.0363811
-0.554707
0.542133
0.0220058
-0.00943213
-0.0864158
0.0838144
0.00260141
-0.0831774
0.0828352
-0.000251224
0.000593384
-0.226282
0.226232
-0.000881355
0.000931414
-0.402381
0.40291
-0.000662186
0.000132821
-0.601874
0.602998
0.000745541
-0.00186955
-0.80582
0.807828
0.00358257
-0.00559091
-1.00725
1.00965
0.0081397
-0.0105336
-1.22159
1.22376
0.0130233
-0.0151849
-1.46728
1.46938
0.0175169
-0.0196196
-1.76333
1.76527
0.021863
-0.0238076
-2.11325
2.1149
0.0257854
-0.0274363
-2.12954
2.1312
0.0293354
-0.0309983
-1.9412
1.94512
0.0330454
-0.036963
-2.1934
2.20747
0.0447154
-0.0587894
-2.614
2.62204
0.0726456
-0.0806909
-2.47936
2.4788
0.083043
-0.0824784
-2.11524
2.11067
0.0794473
-0.0748707
-1.67062
1.66084
0.0682818
-0.0585055
-1.13202
1.11734
0.0470699
-0.0323875
-0.530225
0.519044
0.0193511
-0.00817015
-0.0814443
0.0792527
0.0021916
-0.0826057
0.0824892
-0.000135262
0.000251839
-0.226297
0.226491
-0.000245606
5.16618e-05
-0.40339
0.403837
0.000336478
-0.000783715
-0.603889
0.604609
0.00136583
-0.0020857
-0.809582
0.811122
0.00327054
-0.00481004
-1.01184
1.01389
0.00692022
-0.00897268
-1.22601
1.22813
0.0112331
-0.0133516
-1.47182
1.47417
0.0158048
-0.0181591
-1.7675
1.77031
0.0209558
-0.023769
-2.1179
2.12189
0.0273389
-0.0313297
-2.13505
2.13991
0.0360169
-0.0408769
-1.95039
1.95701
0.0460316
-0.0526592
-2.21938
2.22939
0.060381
-0.070395
-2.62824
2.63274
0.0793077
-0.0838043
-2.47747
2.47525
0.0841032
-0.0818885
-2.10533
2.09943
0.077432
-0.0715327
-1.65086
1.64076
0.0641219
-0.0540258
-1.10308
1.08944
0.0429306
-0.0292891
-0.508316
0.498078
0.0173602
-0.00712217
-0.077296
0.0755009
0.00179516
-0.0824768
0.0825639
-2.91276e-05
-5.79322e-05
-0.226855
0.227331
0.000374329
-0.000850499
-0.404345
0.404902
0.00149571
-0.00205223
-0.605153
0.60561
0.00254141
-0.00299849
-0.812441
0.813548
0.00376329
-0.00487068
-1.01579
1.01757
0.00654117
-0.00832085
-1.23027
1.23225
0.0103876
-0.0123704
-1.47676
1.47919
0.0147464
-0.0171715
-1.77326
1.7766
0.0202331
-0.0235692
-2.1267
2.13189
0.0280485
-0.0332421
-2.14648
2.15361
0.0395723
-0.0467015
-1.96484
1.97373
0.0541245
-0.0630091
-2.23671
2.24229
0.0708534
-0.0764285
-2.63551
2.63762
0.0798185
-0.0819219
-2.47221
2.46875
0.0811829
-0.077721
-2.09351
2.08744
0.0728473
-0.0667766
-1.63097
1.62155
0.0595524
-0.0501357
-1.0763
1.06375
0.0400129
-0.0274617
-0.488064
0.478255
0.016164
-0.00635504
-0.0739242
0.0724809
0.00144324
-0.0827516
0.0829993
5.73591e-05
-0.000305114
-0.227972
0.228683
0.000838569
-0.00154962
-0.40556
0.406294
0.00246347
-0.00319793
-0.605939
0.606235
0.00371994
-0.00401516
-0.81448
0.815232
0.00443176
-0.00518362
-1.01917
1.02056
0.00640764
-0.00779916
-1.23428
1.23601
0.00954575
-0.0112759
-1.48172
1.48412
0.0134867
-0.0158899
-1.77981
1.78311
0.0189707
-0.0222708
-2.13724
2.14239
0.0267997
-0.0319435
-2.16146
2.16912
0.0382968
-0.0459632
-1.98324
1.99347
0.0545008
-0.0647274
-2.24605
2.24859
0.0725556
-0.075095
-2.6383
2.63906
0.0750265
-0.0757937
-2.46547
2.46212
0.0747702
-0.0714192
-2.0821
2.07685
0.0672011
-0.0619513
-1.61279
1.60487
0.0558633
-0.0479398
-1.05151
1.03968
0.0390125
-0.0271839
-0.468405
0.458536
0.0158515
-0.00598301
-0.0711805
0.0699518
0.00122868
-0.0833199
0.0836715
0.000113739
-0.000465384
-0.229506
0.230373
0.00115117
-0.00201823
-0.407138
0.408045
0.00312211
-0.00402964
-0.60647
0.606697
0.00466596
-0.00489292
-0.81579
0.816188
0.00503592
-0.00543444
-1.02175
1.02282
0.0063552
-0.00743211
-1.23778
1.23924
0.00877596
-0.0102381
-1.48643
1.48863
0.0123051
-0.0145031
-1.78612
1.78891
0.0172548
-0.020049
-2.14696
2.15095
0.023705
-0.0276995
-2.17613
2.18218
0.0327804
-0.0388311
-2.00359
2.01305
0.0457043
-0.0551663
-2.25151
2.25487
0.0644172
-0.0677728
-2.63857
2.63848
0.0654216
-0.0653395
-2.45989
2.45853
0.0650517
-0.0636892
-2.07284
2.06998
0.0617649
-0.0589024
-1.59784
1.5915
0.0545487
-0.0482011
-1.02765
1.01564
0.0401469
-0.028133
-0.448509
0.438221
0.0161771
-0.00588909
-0.0688609
0.0677675
0.00109337
-0.0840711
0.000138826
-0.000545078
0.0844774
-0.2313
0.00131012
-0.00224597
0.232236
-0.40903
0.00343907
-0.00446773
0.410059
-0.60688
0.00520324
-0.00537917
0.607056
-0.81637
0.00531694
-0.00539255
0.816445
-1.02384
0.00591579
-0.00674671
1.02467
-1.2407
0.00786022
-0.0092291
1.24207
-1.49057
0.0110782
-0.0129646
1.49246
-1.79141
0.0151868
-0.0174367
1.79365
-2.15423
0.020104
-0.0225827
2.15671
-2.18561
0.0252315
-0.0273204
2.1877
-2.02095
0.0294439
-0.0351975
2.0267
-2.25995
0.0442545
-0.0518476
2.26754
-2.63907
0.0511893
-0.0532888
2.64117
-2.45945
0.0559239
-0.0578067
2.46133
-2.06897
0.0587612
-0.0587639
2.06897
-1.58602
0.0565728
-0.0514724
1.58092
-1.00262
0.0430303
-0.0296927
0.98928
-0.42788
0.0166079
-0.00586512
0.417137
-0.0667928
0.0657862
0.00100658
-0.000261353
-0.0291519
0.000775826
-0.00160299
-0.169408
0.00252945
-0.00367302
-0.350468
0.00469205
-0.00550964
-0.556065
0.00569678
-0.00536523
-0.779404
0.00509813
-0.0050074
-1.00906
0.00535144
-0.00637425
-1.24001
0.00758891
-0.00915756
-1.49363
0.0107302
-0.0125832
-1.79442
0.014294
-0.0161691
-2.15699
0.0175821
-0.0178666
-2.1611
0.0145431
-0.0103118
-1.89067
0.00949188
-0.0181368
-1.91544
0.0316258
-0.0381431
-2.30173
0.0447415
-0.0510807
-2.37337
0.0564961
-0.0600288
-2.07867
0.0620278
-0.0616577
-1.67573
0.056818
-0.0475225
-1.17299
0.032889
-0.019446
-0.60625
-0.0651121
0.00269767
0.848046
-0.80532
0.0101671
-0.0528933
1.1932
-1.18741
0.0820045
-0.0877953
1.23483
-1.24196
0.0893321
-0.0822051
1.24154
-1.24844
0.0836051
-0.0767087
1.25153
-1.25811
0.0743645
-0.0677851
1.26925
-1.27299
0.0639126
-0.0601671
1.28933
-1.29219
0.0575794
-0.0547236
1.29922
-1.30441
0.0527268
-0.0475439
1.16672
-1.17972
0.0388172
-0.0258183
0.308778
-0.326974
0.018196
0.803595
-0.789032
0.0170294
-0.0315925
1.18905
-1.18644
0.0416544
-0.0442626
1.24582
-1.24661
0.0438253
-0.0430308
1.2541
-1.25507
0.0426722
-0.0417038
1.26209
-1.2642
0.0396879
-0.0375863
1.27641
-1.27821
0.0370161
-0.0352135
1.29491
-1.29593
0.0340199
-0.0330082
1.31105
-1.31247
0.0317455
-0.0303313
1.19043
-1.1964
0.0274852
-0.021511
0.33254
-0.343057
0.0105163
0.779898
-0.775103
0.0139769
-0.0187723
1.18755
-1.18838
0.0185843
-0.017758
1.24887
-1.24869
0.0170178
-0.0171948
1.25716
-1.25681
0.0172476
-0.0175921
1.26595
-1.26563
0.0174177
-0.0177322
1.27913
-1.27862
0.0176722
-0.018187
1.29681
-1.29551
0.0187316
-0.0200316
1.31297
-1.31183
0.0221056
-0.0232433
1.20263
-1.20699
0.0246893
-0.0203311
0.349644
-0.35823
0.00858589
0.773439
-0.774759
0.00799229
-0.00667156
1.19035
-1.19222
0.00195717
-8.70351e-05
1.24938
-1.24938
-0.000993126
0.000989935
1.25747
-1.25667
6.36759e-05
-0.000861325
1.26585
-1.2642
0.00263302
-0.00428457
1.27836
-1.2762
0.00573354
-0.00788886
1.29462
-1.29153
0.0101877
-0.0132733
1.30929
-1.30598
0.0170185
-0.0203249
1.21165
-1.2153
0.0221692
-0.0185108
0.365064
-0.37316
0.00809628
0.778063
-0.784408
0.00233709
0.00400806
1.19364
-1.19858
-0.00915894
0.0140955
1.24851
-1.24842
-0.0136529
0.0135621
1.2554
-1.25374
-0.0111854
0.00952606
1.26312
-1.26038
-0.00673172
0.00399115
1.27388
-1.27117
-0.00136067
-0.00134281
1.28855
-1.28501
0.00607212
-0.00960735
1.30346
-1.29924
0.0143421
-0.0185651
1.21868
-1.22085
0.0215579
-0.019387
0.380241
-0.388926
0.00868539
0.792693
-0.803825
-0.000613721
0.0117456
1.20095
-1.20441
-0.0190413
0.0224955
1.24643
-1.24472
-0.0229074
0.0212027
1.25164
-1.24916
-0.0188203
0.0163446
1.25832
-1.25473
-0.0127248
0.00914045
1.2678
-1.26359
-0.00562104
0.00140652
1.28105
-1.27603
0.00291718
-0.00794151
1.29501
-1.29053
0.013517
-0.0179928
1.22308
-1.22487
0.0226914
-0.0209018
0.397537
-0.407991
0.0104545
0.815969
-0.830485
-0.00388346
0.0183993
1.20645
-1.2095
-0.0268491
0.0299008
1.24358
-1.24136
-0.0295359
0.0273145
1.24692
-1.2432
-0.0243722
0.0206505
1.25184
-1.2481
-0.0169297
0.0131894
1.25999
-1.25496
-0.00820999
0.00318393
1.27184
-1.26537
0.00195295
-0.00841656
1.28536
-1.2793
0.014226
-0.0202861
1.22551
-1.22644
0.0254332
-0.0245015
0.419628
-0.433154
0.0135265
0.846178
-0.864448
-0.00740722
0.0256772
1.21059
-1.21301
-0.0348072
0.0372295
1.23954
-1.23651
-0.0360279
0.0329964
1.24018
-1.23571
-0.0293314
0.024859
1.24375
-1.23853
-0.0209358
0.0157183
1.24988
-1.24457
-0.00985585
0.00455398
1.26028
-1.25354
0.00209722
-0.00884098
1.27316
-1.26608
0.0162062
-0.023278
1.22659
-1.22598
0.0295432
-0.0301476
0.448279
-0.466218
0.0179391
0.883688
-0.905109
-0.0141303
0.035552
1.21394
-1.2151
-0.0445326
0.0456923
1.23247
-1.22952
-0.0426183
0.0396692
1.23173
-1.22625
-0.0344009
0.0289159
1.23322
-1.2276
-0.0233351
0.017708
1.23852
-1.23159
-0.0108188
0.00388983
1.24686
-1.23977
0.00373878
-0.0108212
1.25892
-1.25141
0.0191819
-0.0266922
1.22497
-1.22384
0.0348037
-0.0359298
0.486568
-0.510302
0.0237333
0.927698
-0.952209
-0.0242435
0.0487539
1.2145
-1.21363
-0.0564426
0.055576
1.22412
-1.21895
-0.0507601
0.0455875
1.22103
-1.21486
-0.0395745
0.0334075
1.22114
-1.21429
-0.0259451
0.0191021
1.22572
-1.21772
-0.0110697
0.00307383
1.2321
-1.22412
0.00554266
-0.0135187
1.24326
-1.23426
0.0227156
-0.0317192
1.22153
-1.21854
0.0402635
-0.043253
0.537054
-0.567923
0.0308696
0.977405
-1.00382
-0.0378727
0.0642925
1.21
-1.20704
-0.0684139
0.0654547
1.21242
-1.20489
-0.0591795
0.0516506
1.20758
-1.20003
-0.0441314
0.0365811
1.20657
-1.19858
-0.0278677
0.0198836
1.20957
-1.20064
-0.0108173
0.00188777
1.2156
-1.20627
0.0069488
-0.0162772
1.22592
-1.21623
0.026141
-0.035831
1.21487
-1.21105
0.0452531
-0.0490767
0.601672
-0.639097
0.0374253
1.02926
-1.05433
-0.0525591
0.0776318
1.20146
-1.19496
-0.0789694
0.0724656
1.1968
-1.18846
-0.063962
0.0556181
1.19147
-1.18302
-0.0462818
0.0378323
1.19059
-1.18158
-0.0285051
0.0194895
1.19242
-1.18322
-0.0107156
0.0015145
1.19768
-1.18729
0.00769455
-0.0180838
1.2066
-1.19629
0.0279414
-0.0382547
1.20519
-1.19955
0.0484661
-0.0541033
0.67984
-0.723964
0.044124
1.07766
-1.09822
-0.0647151
0.0852734
1.18681
-1.17839
-0.0818571
0.0734299
1.1791
-1.16971
-0.0638394
0.0544512
1.17461
-1.16568
-0.0456648
0.0367433
1.17351
-1.16455
-0.0281145
0.0191564
1.17441
-1.16589
-0.0104152
0.00188759
1.17861
-1.16919
0.00768132
-0.0171007
1.18613
-1.17641
0.0271282
-0.036853
1.19235
-1.18415
0.0482673
-0.056473
0.770841
-0.819881
0.0490398
1.11514
-1.12807
-0.072201
0.085133
1.16861
-1.16032
-0.0786339
0.070341
1.16112
-1.15359
-0.0618745
0.0543443
1.15754
-1.14859
-0.0460973
0.0371453
1.15625
-1.14683
-0.0281841
0.0187639
1.15692
-1.1475
-0.00957838
0.00015714
1.16046
-1.15171
0.00950543
-0.0182571
1.16733
-1.1585
0.0277113
-0.0365465
1.17497
-1.16664
0.0453726
-0.0537033
0.870674
-0.922345
0.0516708
1.13641
-1.1414
-0.0797693
0.0847607
1.15214
-1.14321
-0.0788252
0.069892
1.14491
-1.13561
-0.0592662
0.0499656
1.13999
-1.13146
-0.0410804
0.0325531
1.13859
-1.13109
-0.0249593
0.017465
1.13956
-1.13198
-0.0104136
0.00283436
1.14265
-1.13452
0.0054135
-0.0135509
1.14973
-1.1392
0.023438
-0.033968
1.16005
-1.14907
0.0444393
-0.0554253
0.975542
-1.03182
0.056273
1.14081
-0.0593884
0.0438675
1.13072
-0.0334772
0.0280392
1.127
-0.0248377
0.0231251
1.12638
-0.0210524
0.0199612
1.12671
-0.018002
0.0165776
1.1269
-0.0141646
0.0125516
1.12839
-0.00972377
0.00662061
1.13025
-0.00306785
-0.0018948
1.13594
0.00914122
-0.0197917
1.08886
0.0364272
-0.197912
0.0705664
-0.365366
-0.100155
0.100786
-0.432185
-0.0903664
0.0759863
-0.508195
-0.063346
0.0505709
-0.603466
-0.0404031
0.0310209
-0.72119
-0.0241974
0.0183885
-0.864122
-0.0143753
0.0109834
-1.0364
-0.0085601
0.00641336
-1.24322
-0.00480654
0.00331387
-1.4916
-0.00211113
0.000874325
-1.49158
0.000227025
-0.00134047
-1.2429
0.00256113
-0.00376002
-1.036
0.00524942
-0.00685153
-0.863759
0.0089863
-0.0113871
-0.720505
0.0147428
-0.018718
-0.602095
0.0244878
-0.0312818
-0.504843
0.0406382
-0.0507867
-0.427143
0.0635454
-0.076175
-0.36477
0.0905426
-0.100931
-0.286567
0.100252
-0.0706044
0.0194932
0.336611
-0.0484707
0.0656458
0.458059
-0.0681669
0.0644746
0.535074
-0.0585492
0.0529987
0.626505
-0.0480309
0.0425412
0.739489
-0.0372961
0.0315941
0.877499
-0.0265821
0.0215283
1.0459
-0.0173973
0.0134011
1.25024
-0.0101912
0.00707221
1.49751
-0.00450275
0.0018459
1.49694
0.000596468
-0.00302789
1.24856
0.00566182
-0.00819995
1.04325
0.0112791
-0.0144452
0.873886
0.0183861
-0.0224567
0.734713
0.0274327
-0.0323667
0.620949
0.0379833
-0.0431554
0.527608
0.0485716
-0.0534797
0.453715
0.0589768
-0.064859
0.374397
0.0684942
-0.0658914
0.194353
0.0486123
-0.0195403
0.00576049
-0.316388
0.297207
-0.0219516
0.0411321
-0.458942
0.457236
-0.0506079
0.0523134
-0.54043
0.544755
-0.0504596
0.0461352
-0.630727
0.634852
-0.0421952
0.03807
-0.743711
0.747332
-0.0345136
0.0308924
-0.881967
0.885701
-0.0275836
0.0238496
-1.05003
1.0539
-0.0203151
0.0164457
-1.25381
1.2575
-0.012967
0.0092683
-1.50074
1.50432
-0.00597217
0.00238932
-1.49992
1.50328
0.000991203
-0.00435255
-1.25153
1.25477
0.0078885
-0.0111234
-1.04665
1.05005
0.0147421
-0.0181389
-0.877768
0.881201
0.0219089
-0.0253417
-0.738697
0.741886
0.0289515
-0.032141
-0.624656
0.628105
0.0356338
-0.0390824
-0.531881
0.535733
0.0431017
-0.0469543
-0.457472
0.459232
0.0511873
-0.0529473
-0.367593
0.357968
0.0511213
-0.0414966
-0.172106
0.155787
0.0221355
-0.00581735
0.00312358
-0.280072
0.265152
-0.012401
0.0273209
-0.453514
0.448532
-0.0379677
0.04295
-0.547728
0.5497
-0.0432424
0.0412709
-0.638561
0.64172
-0.0386009
0.0354411
-0.750894
0.754261
-0.0324493
0.0290825
-0.889046
0.892361
-0.0260208
0.0227067
-1.0575
1.06081
-0.0197099
0.0163993
-1.26124
1.26484
-0.0132358
0.0096374
-1.50815
1.51204
-0.00622398
0.00233485
-1.5069
1.51063
0.00142675
-0.00516276
-1.25809
1.26141
0.00897916
-0.0122997
-1.05327
1.05631
0.0157769
-0.0188181
-0.884209
0.887064
0.0219857
-0.0248407
-0.744909
0.747809
0.0279861
-0.0308862
-0.631332
0.634172
0.0340766
-0.0369166
-0.538904
0.541457
0.0399257
-0.0424786
-0.459703
0.459266
0.0443024
-0.0438653
-0.347281
0.336402
0.0386781
-0.0277997
-0.14365
0.134214
0.0126302
-0.00319369
0.00210024
-0.252229
0.241024
-0.00833801
0.0195429
-0.442741
0.436449
-0.0294196
0.0357114
-0.550911
0.55168
-0.0373003
0.0365313
-0.644357
0.646755
-0.0345321
0.0321346
-0.757263
0.759947
-0.0298406
0.0271563
-0.895589
0.89861
-0.0245476
0.0215262
-1.06412
1.06734
-0.0186764
0.0154598
-1.26838
1.27181
-0.0124397
0.00900855
-1.51596
1.51981
-0.00570006
0.00184799
-1.51441
1.51815
0.00192703
-0.00566733
-1.26465
1.26783
0.00941998
-0.0126015
-1.0592
1.06206
0.015868
-0.0187213
-0.889845
0.892507
0.0217444
-0.0244066
-0.750491
0.752889
0.0272085
-0.0296068
-0.636586
0.638683
0.0320611
-0.0341578
-0.543626
0.545457
0.0363594
-0.0381906
-0.458103
0.456289
0.0387585
-0.036945
-0.325752
0.315554
0.0303423
-0.0201438
-0.126542
0.120107
0.00862073
-0.00218568
0.00154159
-0.231243
0.22267
-0.0061218
0.0146947
-0.429825
0.423068
-0.0233325
0.03009
-0.552094
0.552206
-0.0326624
0.0325507
-0.648951
0.65106
-0.0311262
0.0290172
-0.762364
0.764678
-0.0269828
0.0246694
-0.90143
0.904023
-0.0224482
0.0198553
-1.07052
1.0735
-0.017314
0.0143282
-1.27526
1.2786
-0.0114384
0.00809388
-1.52364
1.52738
-0.00487351
0.0011348
-1.52184
1.52545
0.00251956
-0.00612882
-1.27094
1.27399
0.00973787
-0.0127903
-1.06482
1.06749
0.0159158
-0.0185845
-0.894984
0.897283
0.0213159
-0.023615
-0.755035
0.756995
0.0259317
-0.027892
-0.6406
0.642386
0.0299192
-0.0317048
-0.54695
0.548139
0.0335643
-0.0347525
-0.453879
0.450981
0.0345841
-0.0316861
-0.305898
0.29684
0.0244931
-0.0154358
-0.114576
0.109754
0.00646777
-0.00164546
0.00117724
-0.215101
0.208401
-0.00467958
0.0113798
-0.41628
0.409598
-0.0187392
0.0254212
-0.55198
0.551487
-0.0286129
0.0291055
-0.653042
0.65497
-0.028219
0.0262911
-0.766868
0.769012
-0.0244139
0.0222698
-0.906513
0.90888
-0.0202192
0.0178517
-1.07642
1.07913
-0.0155478
0.0128331
-1.28192
1.28509
-0.0101538
0.0069905
-1.53109
1.53471
-0.00390163
0.000290376
-1.52901
1.53247
0.00323109
-0.00669528
-1.27695
1.27982
0.0101391
-0.0130121
-1.07
1.0724
0.015893
-0.0182877
-0.899396
0.901395
0.0206776
-0.0226764
-0.758826
0.760553
0.0247
-0.0264276
-0.644063
0.645629
0.0282168
-0.0297829
-0.548981
0.549546
0.0313945
-0.0319596
-0.447661
0.44402
0.0310766
-0.0274353
-0.288373
0.280484
0.020175
-0.0122864
-0.105489
0.101692
0.00510081
-0.00130322
0.000913947
-0.202428
0.197103
-0.00364931
0.0089748
-0.403062
0.396763
-0.0151828
0.021481
-0.550678
0.549642
-0.0249985
0.0260346
-0.656714
0.658364
-0.02545
0.0238009
-0.771058
0.773079
-0.0220441
0.0200225
-0.911221
0.913458
-0.0180889
0.015852
-1.08183
1.08439
-0.0136748
0.0111188
-1.28821
1.29118
-0.00860496
0.00563442
-1.53828
1.54172
-0.00271107
-0.000728717
-1.53587
1.53916
0.00409141
-0.00738152
-1.28257
1.28522
0.0106115
-0.0132613
-1.07464
1.0768
0.0158746
-0.0180291
-0.903267
0.905062
0.0201749
-0.0219692
-0.762178
0.763717
0.0237807
-0.0253197
-0.647107
0.648478
0.0269105
-0.0282813
-0.549886
0.55007
0.029506
-0.0296892
-0.440094
0.43597
0.0281204
-0.0239969
-0.273122
0.266255
0.0169504
-0.0100835
-0.0982703
0.0951746
0.00416279
-0.00106716
0.00071472
-0.192323
0.188043
-0.00287642
0.00715653
-0.390702
0.384946
-0.0123736
0.0181301
-0.548344
0.546902
-0.0217474
0.023189
-0.65983
0.661239
-0.0228449
0.0214351
-0.775021
0.776965
-0.0197723
0.017829
-0.915693
0.917831
-0.0159749
0.0138366
-1.08697
1.08942
-0.0117557
0.00930883
-1.29414
1.29698
-0.00690339
0.00406933
-1.54511
1.54836
-0.00128952
-0.0019645
-1.54237
1.54546
0.00513862
-0.00822426
-1.28775
1.29019
0.011221
-0.0136567
-1.07883
1.08079
0.0160429
-0.0179982
-0.906737
0.908343
0.0199325
-0.0215385
-0.765159
0.766529
0.0231525
-0.0245233
-0.649768
0.650969
0.0259416
-0.0271434
-0.55005
0.549858
0.0279904
-0.0277983
-0.431668
0.42726
0.0256465
-0.0212379
-0.259822
0.253793
0.0145365
-0.00850716
-0.0923407
0.0897408
0.00350039
-0.000900495
0.000557061
-0.184187
0.180733
-0.00226978
0.00572342
-0.379467
0.374325
-0.0100908
0.0152335
-0.545269
0.543569
-0.0187785
0.0204787
-0.662463
0.663649
-0.0203451
0.0191586
-0.778842
0.780742
-0.0175311
0.0156319
-0.919996
0.92207
-0.0138253
0.0117513
-1.09192
1.09428
-0.00973821
0.00737524
-1.29983
1.30256
-0.00505482
0.00232805
-1.55159
1.55469
0.000327049
-0.00342731
-1.54846
1.55134
0.00641629
-0.00929365
-1.29251
1.29475
0.0120656
-0.0143027
-1.08262
1.08438
0.016477
-0.0182414
-0.90983
0.911258
0.0199717
-0.0213994
-0.767808
0.769023
0.0228292
-0.0240447
-0.652118
0.653193
0.0253072
-0.0263821
-0.549482
0.548902
0.0268448
-0.0262645
-0.422742
0.418178
0.0236235
-0.0190596
-0.248107
0.242741
0.0127353
-0.00736986
-0.0873243
0.085078
0.00302914
-0.000782833
0.000427273
-0.177621
0.174845
-0.00177387
0.00454923
-0.369474
0.36497
-0.00817843
0.0126827
-0.541739
0.539912
-0.0160278
0.0178549
-0.664663
0.665707
-0.0178992
0.0168543
-0.782583
0.784466
-0.0152855
0.0134032
-0.924201
0.926246
-0.0116146
0.00956896
-1.09673
1.09904
-0.00759023
0.00527707
-1.30533
1.30797
-0.00301617
0.000373636
-1.55777
1.56073
0.00219234
-0.00515393
-1.55415
1.55684
0.00798198
-0.0106735
-1.29688
1.29892
0.013234
-0.0152736
-1.08603
1.0876
0.017233
-0.0188077
-0.912568
0.913828
0.0203417
-0.0216026
-0.770148
0.771217
0.0228604
-0.0239291
-0.654155
0.655007
0.0250385
-0.0258906
-0.548156
0.547164
0.0260554
-0.0250636
-0.413551
0.408915
0.022011
-0.0173743
-0.237637
0.232786
0.0114064
-0.00655466
-0.0829575
0.0809614
0.00269753
-0.000701452
0.000314662
-0.172357
0.170162
-0.00134843
0.0035437
-0.360763
0.356902
-0.00651584
0.0103768
-0.538011
0.536177
-0.0134261
0.0152597
-0.666622
0.667616
-0.0154268
0.0144331
-0.786294
0.788182
-0.0129266
0.011039
-0.928378
0.930424
-0.00924207
0.00719586
-1.10147
1.10376
-0.00522601
0.00293595
-1.31067
1.31326
-0.000710589
-0.00187666
-1.5637
1.56655
0.00436529
-0.00721395
-1.55948
1.562
0.0098999
-0.0124178
-1.30085
1.30269
0.0147718
-0.0166139
-1.08905
1.09043
0.0183569
-0.0197397
-0.91496
0.916055
0.0210764
-0.0221711
-0.772196
0.773112
0.0232566
-0.0241724
-0.65572
0.656309
0.0251024
-0.0256919
-0.546028
0.544643
0.0255687
-0.024183
-0.404237
0.39957
0.0207825
-0.0161153
-0.228125
0.223659
0.0104517
-0.00598564
-0.0790468
0.0772225
0.00247227
-0.000647996
0.00021074
-0.16822
0.166546
-0.000961831
0.00263559
-0.353338
0.350125
-0.0050011
0.00821425
-0.534318
0.53259
-0.0108899
0.0126179
-0.66847
0.669439
-0.0128303
0.0118614
-0.79002
0.79193
-0.0103815
0.00847157
-0.932585
0.934659
-0.00664578
0.00457234
-1.10619
1.10849
-0.00258398
0.000284127
-1.31594
1.3185
0.00194314
-0.00450458
-1.56942
1.57217
0.00694287
-0.00969509
-1.56447
1.56682
0.012248
-0.0145953
-1.30443
1.30607
0.0167401
-0.0183824
-1.09168
1.09287
0.0199053
-0.0210902
-0.916999
0.917921
0.0222202
-0.0231423
-0.773939
0.77469
0.0240481
-0.0247992
-0.656767
0.65706
0.0255487
-0.0258419
-0.543099
0.541351
0.0253866
-0.0236387
-0.394855
0.390163
0.0199264
-0.0152347
-0.219319
0.215128
0.00980451
-0.00561286
-0.0754432
0.0737286
0.00233157
-0.000617003
0.000109417
-0.165108
0.163929
-0.000590216
0.00176988
-0.347211
0.344657
-0.00355267
0.00610641
-0.530879
0.529364
-0.00834046
0.00985605
-0.670261
0.671245
-0.0100326
0.00904858
-0.793796
0.795755
-0.0075626
0.00560405
-0.936882
0.939011
-0.00372667
0.0015974
-1.11097
1.11332
0.000438671
-0.00279012
-1.32119
1.32375
0.0050412
-0.00760703
-1.57496
1.57764
0.0100176
-0.0126948
-1.56913
1.57131
0.0151278
-0.0173089
-1.30762
1.30905
0.0192427
-0.0206779
-1.09391
1.09489
0.0219705
-0.0229465
-0.918668
0.919403
0.023856
-0.0245906
-0.775346
0.775915
0.0252996
-0.0258676
-0.65722
0.65719
0.0263975
-0.0263678
-0.53941
0.537283
0.0255387
-0.0234116
-0.385409
0.380681
0.0194022
-0.014674
-0.211008
0.206997
0.00940449
-0.00539423
-0.0720297
0.0703764
0.00225665
-0.000603292
6.33428e-06
-0.162978
0.162292
-0.0002142
0.000900235
-0.34241
0.340538
-0.00210181
0.00397429
-0.527908
0.52671
-0.0057026
0.00690055
-0.672081
0.673139
-0.00695125
0.00589312
-0.797687
0.799725
-0.00435193
0.00231372
-0.94133
0.943549
-0.000355412
-0.00186367
-1.11588
1.1183
0.00398052
-0.00640392
-1.32646
1.32906
0.00870882
-0.0113076
-1.58038
1.583
0.0137136
-0.0163327
-1.57346
1.57547
0.0186496
-0.0206594
-1.31038
1.31159
0.0223666
-0.0235743
-1.09571
1.09645
0.0246087
-0.0253505
-0.919921
0.920454
0.0260172
-0.0265506
-0.776394
0.776742
0.0270442
-0.0273928
-0.657065
0.656726
0.0276091
-0.0272701
-0.534937
0.532439
0.0260363
-0.0235383
-0.375855
0.371054
0.0192326
-0.0144318
-0.203004
0.199085
0.0092382
-0.00531958
-0.0687107
0.0670733
0.00224422
-0.000606726
-0.000102169
-0.16183
0.161671
0.000172292
-1.28101e-05
-0.33899
0.337832
-0.000589843
0.00174705
-0.525612
0.524836
-0.00290392
0.00367953
-0.674044
0.675241
-0.00351307
0.00231649
-0.80175
0.8039
-0.000663897
-0.00148556
-0.946001
0.948346
0.00355979
-0.0059053
-1.12097
1.12351
0.0081363
-0.010677
-1.33184
1.33451
0.0130726
-0.0157405
-1.5857
1.58829
0.0181691
-0.0207528
-1.57745
1.57929
0.0229662
-0.0248049
-1.3127
1.31366
0.0262763
-0.0272381
-1.09703
1.09751
0.0279899
-0.0284684
-0.920725
0.921015
0.0288532
-0.0291425
-0.777023
0.777105
0.0293724
-0.0294538
-0.656349
0.655681
0.0293088
-0.0286414
-0.529654
0.526752
0.0269758
-0.0240736
-0.366107
0.361175
0.0194342
-0.0145023
-0.195131
0.191217
0.00929174
-0.00537789
-0.0653979
0.0637346
0.00228904
-0.000625721
-0.000242268
-0.161746
0.162108
0.000649481
-0.00101174
-0.337034
0.336636
0.00106731
-0.000668579
-0.524204
0.523948
0.000132412
0.000123521
-0.676268
0.677707
0.000390964
-0.00182974
-0.806062
0.808371
0.00365534
-0.00596415
-0.950978
0.953495
0.00818747
-0.0107044
-1.12635
1.12905
0.0130948
-0.0158
-1.33739
1.34016
0.0183253
-0.0210978
-1.59098
1.59354
0.0235741
-0.0261367
-1.58111
1.58275
0.0282438
-0.0298921
-1.31451
1.3152
0.0310885
-0.0317756
-1.0978
1.09798
0.0321999
-0.0323746
-0.92102
0.921018
0.0324237
-0.0324216
-0.777152
0.776937
0.0323386
-0.0321244
-0.654979
0.653939
0.0315503
-0.0305104
-0.523488
0.520141
0.0283719
-0.0250249
-0.356043
0.350914
0.020006
-0.0148764
-0.187216
0.183223
0.00955387
-0.00556072
-0.0620092
0.0602812
0.00238682
-0.000658832
-0.000377884
-0.162724
0.163724
0.00113488
-0.00213564
-0.336695
0.337155
0.00288661
-0.00334603
-0.523919
0.524377
0.00355245
-0.00401058
-0.678932
0.680672
0.00499853
-0.00673877
-0.810728
0.81326
0.00879389
-0.0113259
-0.956361
0.959102
0.0137496
-0.0164905
-1.1321
1.13501
0.0190849
-0.0220012
-1.34318
1.34609
0.0246945
-0.0276057
-1.59623
1.59878
0.0301493
-0.0326988
-1.58438
1.58581
0.0346888
-0.0361208
-1.31577
1.31614
0.0370009
-0.0373648
-1.09796
1.09777
0.0374063
-0.0372175
-0.920724
0.920369
0.036863
-0.0365074
-0.77674
0.776205
0.0360512
-0.0355158
-0.652827
0.651371
0.034455
-0.0329994
-0.516349
0.512493
0.0303179
-0.0264623
-0.345517
0.340102
0.0209869
-0.0155713
-0.179087
0.174927
0.0100299
-0.00586952
-0.0584664
0.0566347
0.0025379
-0.000706157
-0.000555538
-0.165046
0.166734
0.00173359
-0.00342245
-0.3381
0.339518
0.00497198
-0.0063898
-0.525062
0.526359
0.00746921
-0.00876659
-0.682184
0.684367
0.010364
-0.0125471
-0.815897
0.818727
0.0149146
-0.0177444
-0.962263
0.965299
0.020432
-0.0234685
-1.13832
1.14152
0.0263338
-0.0295304
-1.34929
1.35239
0.032446
-0.0355411
-1.60146
1.604
0.0381744
-0.0407082
-1.5872
1.58838
0.0425574
-0.0437327
-1.31637
1.31633
0.0442569
-0.0442184
-1.0974
1.09678
0.0438196
-0.043204
-0.919731
0.918956
0.0423772
-0.0416025
-0.77569
0.774747
0.0407059
-0.0397627
-0.649751
0.64779
0.0381805
-0.0362192
-0.508086
0.503635
0.0328966
-0.028446
-0.33434
0.328535
0.0224155
-0.0166101
-0.170565
0.166142
0.0107309
-0.00630802
-0.0546903
0.0527151
0.00274208
-0.000766916
-0.000772681
-0.168848
0.17135
0.00245592
-0.00495812
-0.341546
0.34407
0.0074118
-0.00993567
-0.527871
0.530213
0.0120592
-0.0144017
-0.686296
0.689064
0.0167524
-0.0195199
-0.821734
0.824952
0.0222977
-0.0255157
-0.968842
0.972269
0.0285505
-0.0319774
-1.14518
1.14872
0.0351941
-0.038743
-1.35581
1.35912
0.041928
-0.045236
-1.60669
1.60919
0.0479659
-0.0504711
-1.5895
1.59036
0.0521434
-0.0530049
-1.31614
1.31564
0.0530944
-0.0525949
-1.09599
1.09487
0.0516598
-0.050538
-0.917933
0.916674
0.049164
-0.0479047
-0.77377
0.772306
0.0464921
-0.0450288
-0.645527
0.642936
0.0428961
-0.0403056
-0.49851
0.493354
0.036211
-0.0310548
-0.322284
0.315962
0.0243422
-0.0180196
-0.161451
0.156662
0.0116654
-0.00687631
-0.0506004
0.0484432
0.00299702
-0.000839861
-0.00105045
-0.174442
0.17793
0.00336167
-0.0068498
-0.347341
0.351169
0.0103752
-0.0142036
-0.532692
0.536337
0.0175693
-0.021214
-0.691558
0.6951
0.0245128
-0.0280547
-0.828455
0.832195
0.0313923
-0.0351322
-0.976297
0.980219
0.038624
-0.0425466
-1.15279
1.15676
0.0461936
-0.0501596
-1.36279
1.36632
0.0536496
-0.0571789
-1.61185
1.61425
0.0599794
-0.0623847
-1.59113
1.59156
0.0637777
-0.0642074
-1.31497
1.31394
0.0637373
-0.0627038
-1.09359
1.09189
0.0611163
-0.0594168
-0.915208
0.913394
0.0574143
-0.0556002
-0.7708
0.768708
0.0536073
-0.0515145
-0.639922
0.63659
0.0487218
-0.04539
-0.487371
0.481365
0.0403743
-0.0343678
-0.309068
0.302074
0.0268075
-0.0198135
-0.151528
0.146262
0.0128285
-0.00756241
-0.0461211
0.0437491
0.00329217
-0.000920242
-0.00142132
-0.18229
0.186983
0.00453307
-0.00922546
-0.355918
0.361329
0.0140381
-0.0194498
-0.539947
0.545228
0.0243508
-0.0296323
-0.698346
0.702879
0.0341113
-0.0386445
-0.836357
0.840775
0.0427242
-0.0471424
-0.984841
0.989372
0.0512144
-0.0557455
-1.1613
1.16573
0.059899
-0.0643319
-1.37023
1.37396
0.0681376
-0.0718592
-1.61679
1.61899
0.0746671
-0.0768683
-1.59186
1.59172
0.0778594
-0.0777247
-1.31269
1.31098
0.0765526
-0.0748456
-1.09004
1.08766
0.0725047
-0.070122
-0.911412
0.908955
0.0673916
-0.0649354
-0.766573
0.763735
0.0622834
-0.059445
-0.632681
0.628461
0.0558654
-0.051645
-0.474341
0.467297
0.0455072
-0.0384628
-0.294353
0.286505
0.0298506
-0.0220028
-0.140565
0.134703
0.0142094
-0.00834717
-0.0411889
0.0385782
0.00361179
-0.00100112
-0.00193799
-0.193033
0.199243
0.00610258
-0.0123129
-0.367855
0.375302
0.0187517
-0.0261989
-0.550154
0.557525
0.0330793
-0.0404501
-0.707085
0.712852
0.0463901
-0.0521575
-0.845799
0.851063
0.0571901
-0.0624535
-0.994714
0.999979
0.0672474
-0.0725118
-1.17079
1.17569
0.0772364
-0.0821428
-1.37805
1.38184
0.0862081
-0.0899964
-1.62126
1.62303
0.092648
-0.094421
-1.59138
1.59047
0.0947836
-0.0938668
-1.30901
1.30649
0.0917995
-0.0892804
-1.08515
1.08199
0.0860747
-0.0829189
-0.906418
0.903249
0.0793703
-0.0762004
-0.760907
0.757318
0.0727181
-0.0691293
-0.623483
0.618169
0.0645313
-0.059218
-0.459013
0.450698
0.0517125
-0.0433975
-0.277722
0.268806
0.0334814
-0.0245654
-0.128306
0.121731
0.015768
-0.00919309
-0.0357584
0.0328995
0.00393359
-0.00107473
-0.0027118
-0.207657
0.215927
0.00833952
-0.0166091
-0.384011
0.39426
0.0252773
-0.0355259
-0.564032
0.574097
0.0451164
-0.0551821
-0.718293
0.725582
0.0629484
-0.0702371
-0.857177
0.863465
0.0763767
-0.082664
-1.00612
1.01212
0.0882735
-0.0942697
-1.1812
1.18639
0.0994746
-0.104668
-1.38591
1.38946
0.108763
-0.112314
-1.62475
1.62575
0.114507
-0.115508
-1.58923
1.58725
0.114926
-0.112946
-1.30363
1.30013
0.109739
-0.106237
-1.07873
1.07473
0.102035
-0.0980329
-0.900118
0.896134
0.0935858
-0.0896015
-0.753799
0.749328
0.0851597
-0.0806893
-0.611926
0.605264
0.0748471
-0.0681842
-0.44088
0.430991
0.058987
-0.0490984
-0.258684
0.248467
0.0375673
-0.0273494
-0.1145
0.107138
0.0173695
-0.0100078
-0.0298169
0.0267315
0.00421518
-0.00112984
-0.00394634
-0.227802
0.239379
0.0118004
-0.0233776
-0.405786
0.420286
0.0355937
-0.0500932
-0.582571
0.595841
0.0634268
-0.0766969
-0.732562
0.741773
0.0865376
-0.0957494
-0.870747
0.877929
0.103003
-0.110185
-1.01891
1.02531
0.116409
-0.122808
-1.19202
1.19703
0.12811
-0.133113
-1.39311
1.3959
0.136773
-0.139567
-1.62651
1.62622
0.140821
-0.140537
-1.58481
1.5814
0.138569
-0.135158
-1.2962
1.29151
0.130522
-0.125837
-1.0706
1.06565
0.120471
-0.115525
-0.892388
0.887514
0.110125
-0.105251
-0.74504
0.739471
0.09976
-0.094191
-0.597489
0.589103
0.0868393
-0.0784534
-0.419313
0.407427
0.0670918
-0.0552061
-0.236701
0.224961
0.0416778
-0.0299371
-0.0989698
0.0908757
0.0186919
-0.0105978
-0.0234151
0.0201862
0.00438001
-0.00115108
-0.00685999
-0.25672
0.275307
0.0201386
-0.0387251
-0.435759
0.4562
0.0570355
-0.0774767
-0.606385
0.622564
0.0950779
-0.111257
-0.750314
0.760999
0.122895
-0.13358
-0.88611
0.893221
0.141061
-0.148172
-1.03217
1.03805
0.154148
-0.160032
-1.20214
1.2061
0.164617
-0.16858
-1.39849
1.39977
0.171058
-0.172342
-1.62544
1.62326
0.172019
-0.169842
-1.57737
1.57213
0.166004
-0.160758
-1.2863
1.28019
0.154342
-0.148228
-1.06052
1.05451
0.141509
-0.135493
-0.883058
0.877187
0.129041
-0.123169
-0.734197
0.727214
0.116394
-0.109411
-0.579435
0.568793
0.10004
-0.0893983
-0.393499
0.379156
0.0753285
-0.0609858
-0.211332
0.197877
0.0449227
-0.0314674
-0.0817417
0.0732353
0.0190608
-0.0105544
-0.0166856
0.0135234
0.00427556
-0.00111338
-0.00726415
-0.290093
0.306733
0.0195859
-0.036226
-0.469929
0.48804
0.0526775
-0.0707887
-0.632569
0.647885
0.0867115
-0.102027
-0.771461
0.782899
0.113764
-0.125202
-0.903571
0.913296
0.134225
-0.14395
-1.04769
1.05703
0.15256
-0.161908
-1.21474
1.22275
0.17007
-0.17808
-1.40653
1.41251
0.185034
-0.191009
-1.62692
1.6298
0.195569
-0.198447
-1.57108
1.56964
0.198812
-0.197373
-1.27627
1.27192
0.193482
-0.189136
-1.04971
1.04375
0.183316
-0.177357
-0.872388
0.865308
0.170476
-0.163396
-0.720748
0.709919
0.153868
-0.143039
-0.554882
0.538729
0.128419
-0.112266
-0.360401
0.340681
0.0919684
-0.0722484
-0.180885
0.164406
0.0514582
-0.0349801
-0.0631106
0.0536877
0.0205325
-0.0111095
-0.0101083
0.00680422
0.00440275
-0.00109872
-0.00336189
-0.313895
0.324997
0.0104769
-0.0215796
-0.49847
0.511353
0.0329325
-0.0458155
-0.655865
0.668368
0.0578718
-0.0703751
-0.792522
0.801832
0.0803642
-0.0896743
-0.92261
0.931371
0.0976018
-0.106363
-1.0659
1.07432
0.114089
-0.122505
-1.23051
1.2376
0.129775
-0.136865
-1.41813
1.42344
0.142487
-0.147789
-1.63185
1.63327
0.150825
-0.152244
-1.56711
1.56415
0.151303
-0.148348
-1.26647
1.26073
0.143118
-0.137372
-1.03748
1.0307
0.13033
-0.123553
-0.858912
0.85104
0.115589
-0.107717
-0.70274
0.692025
0.0982213
-0.0875066
-0.528373
0.515245
0.0744092
-0.0612821
-0.329311
0.317073
0.0468468
-0.0346082
-0.156718
0.148433
0.02295
-0.0146646
-0.0502382
0.0463379
0.00813456
-0.00423431
-0.00580875
0.00459241
0.00166316
-0.000446823
-0.00165913
-0.32723
0.335256
0.00554867
-0.0135752
-0.518412
0.52833
0.0219784
-0.0318963
-0.674395
0.684509
0.0409581
-0.0510715
-0.810174
0.818139
0.059008
-0.0669737
-0.939702
0.947029
0.0740204
-0.0813477
-1.08185
1.08911
0.0882472
-0.0955152
-1.24434
1.25039
0.101765
-0.107813
-1.42789
1.43188
0.112736
-0.116723
-1.63447
1.63496
0.11917
-0.119667
-1.56068
1.55682
0.118111
-0.114245
-1.2546
1.24838
0.108353
-0.10214
-1.02355
1.0161
0.0946207
-0.0871746
-0.843841
0.83567
0.0786577
-0.0704865
-0.684896
0.675253
0.060687
-0.0510435
-0.50749
0.497521
0.0396701
-0.0297012
-0.311384
0.303843
0.0199751
-0.0124338
-0.14669
0.143269
0.00612161
-0.00270078
-0.046444
0.0459048
0.000970474
-0.000431319
-0.00478741
0.00468906
0.000200111
-0.000101759
-0.00127717
-0.334959
0.340577
0.00358775
-0.00920617
-0.532845
0.540524
0.015809
-0.0234878
-0.689684
0.697714
0.0310782
-0.0391083
-0.82532
0.831911
0.0457886
-0.0523799
-0.954198
0.96074
0.058308
-0.0648505
-1.09599
1.10222
0.0708166
-0.0770478
-1.25631
1.26163
0.0826128
-0.0879279
-1.43567
1.43909
0.0920332
-0.0954487
-1.63549
1.63565
0.0972512
-0.097416
-1.55315
1.54916
0.0954699
-0.0914876
-1.24216
1.23573
0.0853649
-0.0789379
-1.00879
1.00126
0.0711866
-0.0636552
-0.827959
0.819877
0.0550448
-0.046963
-0.667953
0.659098
0.0375472
-0.0286921
-0.491881
0.48391
0.0186441
-0.0106727
-0.302056
0.29741
0.00360602
0.00103917
-0.144532
0.1441
-0.00403127
0.00446337
-0.0477478
0.0490459
-0.00355692
0.00225879
-0.00567713
0.00641417
-0.00103742
0.000300381
-0.00108506
-0.339057
0.343213
0.00289548
-0.00705191
-0.543842
0.55035
0.0124221
-0.0189299
-0.702012
0.708778
0.0250433
-0.0318094
-0.837991
0.843785
0.0371578
-0.0429515
-0.967
0.973012
0.0480245
-0.054037
-1.10816
1.1138
0.0593079
-0.0649472
-1.26668
1.27146
0.0697982
-0.0745747
-1.44236
1.44537
0.0782573
-0.0812682
-1.63588
1.63584
0.0828036
-0.0827674
-1.54541
1.54139
0.0807202
-0.0767003
-1.22954
1.22314
0.0705903
-0.0641931
-0.994026
0.986716
0.0565492
-0.0492395
-0.812459
0.804886
0.041034
-0.0334611
-0.652544
0.644576
0.0250769
-0.0171089
-0.479766
0.472887
0.00836502
-0.00148611
-0.297241
0.294071
-0.00388946
0.00705952
-0.146734
0.14759
-0.00832622
0.00747026
-0.0518245
0.053871
-0.00543461
0.00338809
-0.007866
0.00896439
-0.00154853
0.000450137
-0.00107947
-0.341368
0.344944
0.00270017
-0.00627658
-0.552329
0.558025
0.0105674
-0.0162637
-0.713012
0.718335
0.0218465
-0.0271687
-0.849063
0.854135
0.0318894
-0.0369616
-0.978627
0.983859
0.0416925
-0.0469245
-1.1193
1.12412
0.0519601
-0.0567819
-1.27609
1.28053
0.0613696
-0.065815
-1.44832
1.45111
0.0692847
-0.0720793
-1.63592
1.63581
0.0736978
-0.0735916
-1.53763
1.53373
0.0715754
-0.0676668
-1.21712
1.21106
0.0621203
-0.0560621
-0.980109
0.973413
0.0488955
-0.0421998
-0.798025
0.791305
0.0347994
-0.0280799
-0.638731
0.631459
0.0204108
-0.0131384
-0.469461
0.463319
0.00526431
0.000878335
-0.294539
0.292109
-0.00550169
0.0079315
-0.150484
0.151604
-0.00858459
0.00746536
-0.0568845
0.0588684
-0.00534821
0.00336431
-0.010544
0.0116401
-0.00152765
0.000431536
-0.00112952
-0.343199
0.346516
0.00272783
-0.00604551
-0.559642
0.564537
0.0097275
-0.0146225
-0.722322
0.72683
0.0198101
-0.0243183
-0.859176
0.863882
0.0285598
-0.0332656
-0.988837
0.993794
0.0376616
-0.0426184
-1.12939
1.13408
0.0469674
-0.0516582
-1.28473
1.28905
0.0559653
-0.0602888
-1.45433
1.45707
0.0637256
-0.0664688
-1.63608
1.63645
0.0679493
-0.0683205
-1.53055
1.527
0.066873
-0.0633231
-1.20573
1.2005
0.0584867
-0.0532541
-0.967402
0.961385
0.0469036
-0.0408862
-0.785036
0.778838
0.0342924
-0.0280943
-0.625979
0.619122
0.0209537
-0.0140966
-0.459987
0.454084
0.00662457
-0.000721635
-0.292304
0.29029
-0.00358578
0.00560018
-0.154244
0.154914
-0.00623773
0.00556731
-0.0616388
0.063122
-0.0041092
0.00262593
-0.0131191
0.0139765
-0.00120386
0.000346438
-0.00130589
-0.345017
0.34807
0.00297561
-0.00602892
-0.565983
0.570618
0.00946462
-0.0141005
-0.7307
0.734574
0.0187887
-0.0226621
-0.868236
0.87259
0.02677
-0.0311233
-0.998431
1.00286
0.0352286
-0.0396599
-1.13869
1.14349
0.0438014
-0.0486021
-1.29346
1.29741
0.0528465
-0.0567959
-1.45993
1.46318
0.0601793
-0.0634279
-1.63704
1.63766
0.0652864
-0.0659095
-1.52428
1.52165
0.0648584
-0.0622312
-1.19595
1.19151
0.0581332
-0.053695
-0.956199
0.950767
0.0485712
-0.0431393
-0.773024
0.767117
0.0369702
-0.0310629
-0.613239
0.606732
0.0240554
-0.0175492
-0.450756
0.445264
0.0106129
-0.00512047
-0.290058
0.287862
0.000676129
0.00152002
-0.156785
0.156793
-0.00273961
0.00273172
-0.0651606
0.0659159
-0.00213519
0.00137991
-0.0151036
0.0155717
-0.000654839
0.000186772
-0.00137478
-0.347228
0.350088
0.00323476
-0.00609427
-0.571885
0.576352
0.00940969
-0.0138762
-0.738133
0.742376
0.0176864
-0.021929
-0.876778
0.880802
0.0256458
-0.0296699
-1.00764
1.01207
0.0334635
-0.0378937
-1.14811
1.15252
0.0420647
-0.0464727
-1.30177
1.30597
0.0508618
-0.0550587
-1.46641
1.46971
0.0585243
-0.0618271
-1.63877
1.63977
0.0642197
-0.065223
-1.5199
1.51806
0.0649345
-0.0630988
-1.18779
1.18408
0.0599952
-0.0562796
-0.946157
0.941308
0.0515713
-0.0467224
-0.761592
0.755799
0.0408818
-0.0350888
-0.600975
0.594581
0.0280618
-0.0216676
-0.441768
0.436594
0.015297
-0.0101235
-0.28718
0.28454
0.00548202
-0.00284161
-0.157707
0.156935
0.0011218
-0.000349807
-0.0670895
0.0670071
-1.39115e-06
8.3855e-05
-0.0162611
0.0163019
-6.17695e-05
2.10338e-05
-0.0014663
-0.349608
0.352652
0.0034665
-0.00651079
-0.577381
0.58161
0.00965903
-0.0138884
-0.745584
0.749422
0.0176595
-0.0214975
-0.884819
0.888755
0.024843
-0.0287786
-1.01626
1.02064
0.0325259
-0.0369005
-1.15715
1.16163
0.0410586
-0.0455382
-1.31049
1.31487
0.0497902
-0.0541735
-1.47308
1.47677
0.0578861
-0.0615765
-1.64151
1.6432
0.0640796
-0.065767
-1.51685
1.51594
0.0661508
-0.0652313
-1.18111
1.17789
0.0627649
-0.0595406
-0.936894
0.932292
0.0553269
-0.0507253
-0.749997
0.744301
0.0448635
-0.0391667
-0.588984
0.583003
0.0322542
-0.0262737
-0.433011
0.428095
0.0200478
-0.0151318
-0.283465
0.280247
0.0105909
-0.00737293
-0.156994
0.155395
0.00486182
-0.00326275
-0.0672795
0.0664725
0.00195338
-0.00114633
-0.0165579
0.0161922
0.00052054
-0.000154831
-0.00156902
-0.3526
0.355505
0.00371903
-0.00662391
-0.583466
0.587266
0.0099668
-0.0137674
-0.752763
0.756405
0.0173369
-0.0209787
-0.892621
0.896714
0.0242162
-0.0283095
-1.02497
1.02905
0.0319807
-0.0360591
-1.16625
1.17072
0.0404003
-0.0448767
-1.31907
1.32378
0.0489945
-0.053707
-1.48062
1.48442
0.0576548
-0.0614559
-1.64545
1.64787
0.0645009
-0.0669245
-1.51535
1.51503
0.0679391
-0.0676218
-1.17514
1.17234
0.0658295
-0.0630316
-0.928118
0.923563
0.0590085
-0.0544531
-0.738776
0.733304
0.0487131
-0.0432415
-0.577657
0.571755
0.0367089
-0.0308074
-0.424341
0.41937
0.0251005
-0.02013
-0.278337
0.274803
0.0154264
-0.0118929
-0.154478
0.152005
0.00852814
-0.00605519
-0.0659186
0.064346
0.00384737
-0.0022748
-0.0161107
0.0153941
0.00102229
-0.000305679
-0.00160345
-0.356003
0.358861
0.00381636
-0.00667435
-0.588922
0.59284
0.00996648
-0.0138842
-0.759682
0.763185
0.017212
-0.0207145
-0.900662
0.904371
0.0240912
-0.0278
-1.03325
1.0377
0.0313657
-0.0358127
-1.17527
1.17994
0.0396453
-0.0443137
-1.32822
1.3333
0.0486222
-0.0537072
-1.48848
1.49271
0.057728
-0.061954
-1.65065
1.65364
0.065236
-0.0682338
-1.51517
1.51558
0.0699248
-0.0703338
-1.17004
1.16741
0.0689937
-0.0663658
-0.919281
0.914904
0.0625497
-0.0581724
-0.727997
0.722415
0.0526407
-0.0470584
-0.566757
0.561228
0.0409194
-0.0353909
-0.415506
0.410703
0.0296374
-0.024834
-0.272268
0.268114
0.0198452
-0.0156917
-0.15008
0.146821
0.0115876
-0.00832807
-0.0631082
0.0608808
0.00526232
-0.00303492
-0.0150134
0.0140809
0.00130563
-0.000373106
-0.00156584
-0.359933
0.362746
0.00391127
-0.00672498
-0.594556
0.598305
0.0100245
-0.0137733
-0.76632
0.769657
0.0171077
-0.0204448
-0.908142
0.911956
0.0236753
-0.027489
-1.04174
1.04583
0.0311559
-0.0352428
-1.18435
1.18905
0.0393788
-0.0440725
-1.33767
1.34271
0.048215
-0.0532541
-1.4972
1.50194
0.0576194
-0.0623597
-1.65699
1.66073
0.0661123
-0.0698528
-1.51601
1.51697
0.0718643
-0.0728252
-1.16535
1.16308
0.0719294
-0.0696617
-0.910836
0.90668
0.0658792
-0.0617235
-0.717385
0.712152
0.0562265
-0.0509936
-0.556276
0.550874
0.0450773
-0.0396752
-0.406433
0.401429
0.0339526
-0.0289482
-0.264821
0.260153
0.0236618
-0.0189932
-0.144182
0.140121
0.0142717
-0.0102103
-0.0590665
0.0563138
0.00645835
-0.00370567
-0.0134694
0.0123358
0.00155264
-0.000419004
-0.00148036
-0.363654
0.36679
0.00373394
-0.00686999
-0.600334
0.604067
0.0101127
-0.0138453
-0.772897
0.776077
0.0167189
-0.0198988
-0.915303
0.91917
0.0232243
-0.027092
-1.05014
1.05429
0.0306654
-0.0348209
-1.19382
1.19836
0.038894
-0.0434311
-1.34757
1.35263
0.0478697
-0.0529294
-1.50657
1.51144
0.0575296
-0.0624027
-1.66447
1.6686
0.0667428
-0.0708716
-1.51818
1.51942
0.073767
-0.0750083
-1.16134
1.15935
0.0747287
-0.0727365
-0.902686
0.898598
0.0693681
-0.0652792
-0.707314
0.702155
0.0601007
-0.0549412
-0.545992
0.540674
0.0490306
-0.0437125
-0.396911
0.391678
0.0377754
-0.0325423
-0.256144
0.250941
0.0268283
-0.0216253
-0.136782
0.132118
0.0161289
-0.0114643
-0.0540115
0.0509171
0.00707786
-0.00398343
-0.0115365
0.0103379
0.00162254
-0.000423944
-0.00145459
-0.367966
0.371062
0.00367696
-0.00677235
-0.606182
0.609635
0.00981541
-0.0132688
-0.779375
0.78262
0.0162018
-0.019447
-0.922579
0.926316
0.0227515
-0.026488
-1.05811
1.06258
0.0297708
-0.034246
-1.20294
1.20802
0.0380262
-0.0431069
-1.35771
1.36261
0.047599
-0.0525051
-1.51629
1.52182
0.0570443
-0.0625796
-1.67306
1.67776
0.067052
-0.0717482
-1.52136
1.52332
0.0752244
-0.0771859
-1.15785
1.15642
0.0770923
-0.0756639
-0.894993
0.891204
0.0725463
-0.068758
-0.697448
0.692365
0.0636915
-0.0586084
-0.535686
0.530291
0.052676
-0.0472805
-0.386801
0.38117
0.0411395
-0.0355083
-0.24632
0.240528
0.0291687
-0.0233763
-0.128031
0.122908
0.0172245
-0.0121017
-0.0482597
0.0449889
0.00731674
-0.00404593
-0.00944856
0.00824172
0.00161523
-0.000408388
-0.00140054
-0.372304
0.375297
0.00366008
-0.00665352
-0.611998
0.615282
0.00970412
-0.012988
-0.785766
0.789095
0.0158688
-0.0191971
-0.929789
0.933516
0.0221461
-0.0258728
-1.06655
1.07063
0.0292545
-0.0333302
-1.21215
1.21696
0.0373313
-0.0421368
-1.36783
1.373
0.0465955
-0.0517657
-1.52705
1.53265
0.0565003
-0.0621006
-1.68258
1.68769
0.0671797
-0.0722939
-1.52545
1.52807
0.0762483
-0.0788726
-1.15529
1.15432
0.0794222
-0.0784529
-0.887747
0.883925
0.0758363
-0.0720145
-0.687762
0.682637
0.0672552
-0.0621296
-0.525063
0.519259
0.056156
-0.0503528
-0.375683
0.369328
0.0437805
-0.0374256
-0.235173
0.228872
0.030479
-0.0241777
-0.118309
0.112887
0.0174224
-0.0119997
-0.0421757
0.0388919
0.00709412
-0.00381035
-0.00731235
0.00619268
0.00148576
-0.000366089
-0.00144108
-0.376723
0.379531
0.00352401
-0.00633148
-0.617548
0.620632
0.0094309
-0.0125153
-0.791791
0.795009
0.0152213
-0.0184388
-0.936778
0.940314
0.0214373
-0.0249729
-1.07457
1.07848
0.0284485
-0.0323608
-1.22165
1.22613
0.0364652
-0.0409468
-1.37805
1.38303
0.045819
-0.0507987
-1.53779
1.5438
0.0557766
-0.0617931
-1.69294
1.69848
0.0668771
-0.0724199
-1.5309
1.53399
0.0770417
-0.0801329
-1.15372
1.15322
0.0814697
-0.0809676
-0.880844
0.877682
0.0787909
-0.0756294
-0.677944
0.672895
0.0708204
-0.0657715
-0.513574
0.507291
0.0593846
-0.0531017
-0.363345
0.35623
0.0456151
-0.0384994
-0.222816
0.215855
0.0305229
-0.0235616
-0.108016
0.102495
0.0164341
-0.0109125
-0.0361391
0.0331709
0.00621175
-0.00324351
-0.00533842
0.00440324
0.00123008
-0.000294893
-0.00130217
-0.38109
0.384029
0.00328014
-0.00621928
-0.623094
0.625993
0.00904022
-0.0119388
-0.79808
0.801251
0.0147426
-0.0179137
-0.943749
0.94709
0.0208208
-0.0241617
-1.08265
1.08646
0.0275857
-0.0313866
-1.23075
1.23554
0.0351491
-0.0399449
-1.38852
1.39361
0.0445867
-0.0496793
-1.54925
1.55525
0.0547718
-0.0607672
-1.70417
1.71031
0.0662386
-0.0723711
-1.53759
1.54122
0.0772654
-0.0808945
-1.15304
1.15328
0.0831489
-0.083392
-0.87502
0.872218
0.0818059
-0.0790032
-0.668183
0.66299
0.0746161
-0.0694234
-0.50103
0.493885
0.0627245
-0.05558
-0.349102
0.340634
0.0468968
-0.0384287
-0.208967
0.200874
0.0290896
-0.0209975
-0.0975915
0.0921382
0.0132413
-0.00778805
-0.0308579
0.0287194
0.00367336
-0.00153489
-0.00380373
0.00345072
0.000390782
-3.77792e-05
-0.0013485
-0.385285
0.387963
0.00336608
-0.0060444
-0.628413
0.631327
0.00846562
-0.0113793
-0.803773
0.806846
0.0138249
-0.0168985
-0.950259
0.953513
0.0199194
-0.0231728
-1.08997
1.09396
0.0263573
-0.0303485
-1.23985
1.2445
0.0340932
-0.0387376
-1.39873
1.40416
0.0431114
-0.0485378
-1.56089
1.56708
0.053513
-0.0597015
-1.71633
1.72249
0.0654238
-0.0715897
-1.54539
1.54977
0.0770835
-0.0814645
-1.15406
1.15495
0.0844793
-0.0853694
-0.869679
0.867518
0.0844262
-0.0822654
-0.658502
0.653231
0.0783918
-0.073121
-0.486843
0.478985
0.0660598
-0.0582024
-0.331881
0.321579
0.0482646
-0.0379622
-0.19254
0.182285
0.0263012
-0.0160462
-0.086919
0.0802557
0.00626291
0.000400414
-0.0272227
0.0254024
-0.00521011
0.00703049
-0.00418341
0.00714265
-0.00627508
0.00331584
-0.00115911
-0.389576
0.392328
0.00304289
-0.00579486
-0.633664
0.636191
0.00822108
-0.010748
-0.809443
0.81238
0.0134291
-0.0163664
-0.956993
0.959955
0.019242
-0.0222041
-1.09782
1.10155
0.0252693
-0.0289927
-1.2486
1.25304
0.033073
-0.0375184
-1.40921
1.41438
0.0418876
-0.0470575
-1.57317
1.57893
0.0523401
-0.058106
-1.72903
1.73555
0.0641772
-0.0706957
-1.55428
1.5593
0.0765315
-0.0815565
-1.15622
1.1579
0.0852948
-0.086977
-0.865828
0.864149
0.0869633
-0.0852841
-0.648773
0.644086
0.0817851
-0.077099
-0.471346
0.462973
0.0697375
-0.0613646
-0.311076
0.299017
0.0502757
-0.0382168
-0.171203
0.157348
0.0235492
-0.00969383
-0.0718936
0.0592249
-0.00485639
0.0175251
-0.0228066
0.017639
-0.0289635
0.0341311
-0.0137614
0.0226407
-0.0333103
0.0244311
-0.00110844
-0.393894
0.396282
0.00293326
-0.00532176
-0.638722
0.641246
0.00786333
-0.010387
-0.814992
0.817956
0.0128713
-0.0158351
-0.963062
0.966106
0.0188137
-0.0218583
-1.10534
1.10922
0.0250802
-0.0289541
-1.25758
1.26231
0.0330648
-0.0378024
-1.41968
1.42552
0.0421773
-0.0480154
-1.58573
1.59226
0.0538915
-0.0604134
-1.74273
1.7506
0.0670777
-0.0749477
-1.56504
1.57156
0.0820219
-0.0885382
-1.16061
1.16356
0.0939598
-0.0969121
-0.863183
0.862433
0.0982807
-0.0975306
-0.639699
0.634871
0.0948904
-0.0900624
-0.454464
0.445298
0.0823823
-0.073217
-0.285507
0.271048
0.0603604
-0.0459013
-0.141215
0.121914
0.0271109
-0.00780996
-0.0472769
0.0552019
-0.00450002
-0.00342499
-0.0345228
0.134566
0.0531177
-0.153161
-0.111582
0.339548
0.355772
-0.583739
-0.00101917
-0.397943
0.400282
0.00284829
-0.00518765
-0.643397
0.646206
0.00748684
-0.0102959
-0.820644
0.823234
0.0125918
-0.0151816
-0.969488
0.972676
0.018079
-0.0212672
-1.11296
1.11682
0.0244466
-0.028311
-1.26687
1.2715
0.0324292
-0.0370617
-1.43127
1.437
0.0420228
-0.0477626
-1.59938
1.60665
0.053988
-0.0612577
-1.75868
1.76726
0.0685129
-0.0770942
-1.5787
1.58638
0.0852577
-0.0929306
-1.1677
1.17223
0.0997844
-0.104309
-0.862542
0.863169
0.107528
-0.108154
-0.631014
0.626996
0.106182
-0.102164
-0.436862
0.427303
0.0942336
-0.0846749
-0.255901
0.241687
0.0726184
-0.0584044
-0.112382
0.139863
0.0506031
-0.0780835
-0.125791
0.351999
0.186812
-0.41302
-0.392804
0.625931
0.729351
-0.962479
-0.532623
0.631323
1.11914
-1.21784
-0.00077146
-0.401728
0.403142
0.00312199
-0.00453633
-0.648185
0.650752
0.00715596
-0.00972273
-0.825824
0.828687
0.0117079
-0.0145705
-0.975857
0.979297
0.017485
-0.0209255
-1.12053
1.12502
0.0236932
-0.0281787
-1.27619
1.28132
0.0315515
-0.0366909
-1.44307
1.44954
0.041424
-0.0478875
-1.61409
1.6219
0.054033
-0.0618353
-1.77649
1.78617
0.0694612
-0.0791436
-1.59481
1.6043
0.0881311
-0.0976189
-1.17779
1.1845
0.105585
-0.112301
-0.864972
0.868027
0.117037
-0.120091
-0.62363
0.620163
0.119259
-0.115792
-0.419854
0.409044
0.10754
-0.0967307
-0.23507
0.269014
0.0916693
-0.125613
-0.251221
0.501263
0.253779
-0.503821
-0.652146
0.856585
0.837631
-1.04207
-0.748618
0.814176
1.16216
-1.22771
-0.673904
0.695755
1.26829
-1.29014
-0.00104412
-0.404117
0.404144
0.00395507
-0.00398227
-0.652459
0.654877
0.00701016
-0.00942797
-0.83171
0.834485
0.0113139
-0.0140885
-0.983215
0.987815
0.0162433
-0.0208428
-1.13011
1.13504
0.0227341
-0.0276668
-1.28684
1.29326
0.0301772
-0.0366058
-1.45597
1.46317
0.0406007
-0.0477966
-1.63044
1.63961
0.0535638
-0.0627325
-1.79668
1.80798
0.0700044
-0.0813075
-1.61462
1.62641
0.0907449
-0.102534
-1.19227
1.20146
0.111462
-0.120649
-0.87306
0.879089
0.126721
-0.13275
-0.616128
0.609347
0.135447
-0.128667
-0.406562
0.4371
0.126736
-0.157274
-0.37578
0.536828
0.273179
-0.434227
-0.80997
1.05294
0.758965
-1.00193
-0.964935
1.02063
1.12827
-1.18396
-0.848143
0.865968
1.2235
-1.24133
-0.709642
0.72193
1.25898
-1.27127
0.162084
-0.234926
0.121747
-0.00227389
-0.119748
0.355374
0.265457
-0.0059819
-0.156991
0.513814
0.339906
-0.0110904
-0.171119
0.650467
0.370889
-0.0166229
-0.175362
0.778067
0.386551
-0.022992
-0.176281
0.912377
-0.0308941
0.400507
1.05681
0.417263
-0.0406362
1.21082
0.43668
-0.054087
1.36637
0.458634
-0.0717814
1.50666
0.481338
-0.0947206
1.33022
0.499085
-0.118968
0.94156
0.505155
-0.139274
0.637293
0.492565
-0.148973
-0.146407
0.438657
0.459381
-0.20823
-0.174858
0.601625
0.764268
-0.605853
-0.374211
0.824308
1.85171
-1.05031
-0.588792
0.641647
2.354
-1.15595
-0.633308
0.419131
2.48194
-1.20388
-0.647479
0.228463
-1.23536
2.5415
-1.26256
-0.735869
2.73098
-0.00177594
-0.00187373
0.225118
-0.0593837
-0.00178598
0.419388
-0.419378
0.00459938
-0.00604946
0.664688
-0.663238
0.00823692
-0.0105734
0.839729
-0.837393
0.0126851
-0.0162653
0.991274
-0.987694
0.0187942
-0.0230218
1.1403
-1.13607
0.0267781
-0.0317186
-1.29779
1.30273
0.0371769
-0.0435583
-1.47081
1.47719
0.0505235
-0.0586248
-1.65048
1.65858
0.0680971
-0.0791045
-1.82247
1.83347
0.0914527
-0.103495
-1.64143
1.65347
0.116907
-0.127441
-1.21273
1.22326
0.137911
-0.1464
-0.884373
0.892861
0.150067
-0.172625
0.630646
-0.608088
0.251838
-0.415901
0.776801
-0.612738
0.73024
-0.910561
1.36826
-1.18794
1.05453
-1.10146
1.31689
-1.26995
1.13849
-1.16176
1.10875
-1.08548
1.18268
-1.20242
0.921646
-0.901908
0.889442
-0.663433
-0.747563
1.42406
-0.000129608
-0.00276229
-0.229148
0.23204
-0.00166643
-0.420133
0.421669
0.00424718
-0.00600291
-0.666737
0.668492
0.0079976
-0.0113515
-0.843025
0.846379
0.0130475
-0.0170597
-0.996006
1.00002
0.0192654
-0.0247862
-1.14581
1.15133
0.0277167
-0.0339162
-1.30941
1.31561
0.0383696
-0.0465106
-1.48557
1.49371
0.0521409
-0.062769
-1.66947
1.68009
0.0708496
-0.0850353
-1.84761
1.8618
0.0958907
-0.111796
-1.6695
1.6854
0.124214
-0.139365
-1.23857
1.25372
0.150392
-0.162121
-0.905363
0.917092
0.183969
-0.246776
-0.676578
0.739385
0.426382
-0.681447
-0.995558
1.25062
0.912408
-1.0032
-1.49882
1.58961
1.06153
-1.09341
-1.34971
1.38159
1.12275
-1.14464
-1.12887
1.15077
1.16939
-1.19185
-0.93651
0.958967
0.896519
-0.634278
-0.777818
1.42301
4.7358e-05
-0.00200052
-0.235407
0.23736
-0.00144468
-0.422893
0.424385
0.0039606
-0.00593339
-0.670726
0.672699
0.0087752
-0.0115051
-0.849026
0.851756
0.0139488
-0.017565
-1.00341
1.00702
0.0209805
-0.0251254
-1.15555
1.15969
0.0295217
-0.0350633
-1.32122
1.32676
0.0408737
-0.0479772
-1.50144
1.50854
0.0553939
-0.0653041
-1.69015
1.70006
0.0752853
-0.0887402
-1.8755
1.88895
0.102415
-0.117807
-1.70121
1.7166
0.13411
-0.148656
-1.2689
1.28344
0.16368
-0.182822
-0.931075
0.950216
0.237052
-0.37148
-0.841282
0.975709
0.633107
-0.854258
-1.50317
1.72432
0.962604
-1.01325
-1.65921
1.70985
1.04677
-1.07338
-1.40973
1.43634
1.10178
-1.12483
-1.17433
1.19739
1.15133
-1.179
-0.9723
0.999966
0.903396
-0.607233
-0.812044
1.4294
-0.000185205
-0.00144566
-0.23993
0.241561
-0.00158628
-0.42621
0.427611
0.00399342
-0.00601985
-0.6752
0.677227
0.00881967
-0.0119403
-0.854583
0.857703
0.0148764
-0.0184981
-1.01031
1.01394
0.0221962
-0.0266261
-1.16408
1.16851
0.0310103
-0.0368478
-1.33213
1.33796
0.0428827
-0.0504675
-1.5157
1.52328
0.0583162
-0.0683841
-1.70989
1.71996
0.0792586
-0.0931065
-1.90226
1.91611
0.10833
-0.12469
-1.73243
1.74879
0.142739
-0.158967
-1.29933
1.31556
0.177572
-0.212386
-0.978632
1.01345
0.325812
-0.529405
-1.15092
1.35451
0.78446
-0.90287
-1.88897
2.00738
0.963064
-0.996592
-1.75117
1.7847
1.02471
-1.04941
-1.46392
1.48862
1.07791
-1.10741
-1.22223
1.25173
1.13873
-1.16026
-1.02242
1.04396
0.891969
-0.559838
-0.842209
1.40265
-0.000520276
-0.000873172
-0.243744
0.245138
-0.00196114
-0.429412
0.430852
0.00417785
-0.00664786
-0.679838
0.682308
0.00942077
-0.0123635
-0.860669
0.863612
0.0153637
-0.0194289
-1.01719
1.02125
0.0232193
-0.0278604
-1.17301
1.17765
0.0324385
-0.0384229
-1.34372
1.34971
0.0450598
-0.0527911
-1.53099
1.53872
0.0609671
-0.071897
-1.73013
1.74106
0.0833846
-0.097936
-1.93044
1.94499
0.114141
-0.131571
-1.76584
1.78327
0.150853
-0.169018
-1.33304
1.3512
0.197144
-0.261448
-1.06386
1.12816
0.434282
-0.673157
-1.58217
1.82104
0.84038
-0.902999
-2.09017
2.15279
0.942582
-0.96984
-1.81383
1.84109
0.99692
-1.02361
-1.51858
1.54528
1.0478
-1.06232
-1.2771
1.29162
1.06984
-1.06201
-1.05381
1.04598
0.801634
-0.419777
-0.848914
1.24582
-0.000806256
-0.000334474
-0.247107
0.248248
-0.00197935
-0.4329
0.434073
0.00432752
-0.00691174
-0.684771
0.687355
0.00956937
-0.0126665
-0.866913
0.870011
0.0158614
-0.0200815
-1.02504
1.02926
0.0241176
-0.028941
-1.18239
1.18722
0.0335155
-0.0397464
-1.35577
1.362
0.0462094
-0.054427
-1.54699
1.5552
0.0628129
-0.0740076
-1.75174
1.76294
0.0853739
-0.100416
-1.96036
1.97541
0.116752
-0.134605
-1.8018
1.81965
0.154481
-0.175148
-1.37149
1.39216
0.21724
-0.321475
-1.21642
1.32065
0.534462
-0.726584
-2.04873
2.24085
0.813389
-0.852862
-2.20312
2.24259
0.880674
-0.901708
-1.86396
1.88499
0.929243
-0.946192
-1.57118
1.58813
0.956814
-0.951025
-1.30486
1.29907
0.918487
-0.850193
-1.02378
0.955485
0.694076
-0.375367
0.369078
-0.687787
-0.000680711
-0.000236641
-0.250424
0.251342
-0.00214968
-0.436152
0.437621
0.00461794
-0.00700656
-0.690242
0.692631
0.0101138
-0.0133745
-0.873455
0.876716
0.0167091
-0.0210123
-1.03276
1.03706
0.0253024
-0.0303566
-1.19192
1.19697
0.0358078
-0.0424562
-1.36845
1.37509
0.0494838
-0.0582093
-1.56343
1.57216
0.0677298
-0.0795278
-1.77372
1.78552
0.0921965
-0.109029
-1.99049
2.00732
0.127225
-0.147276
-1.83822
1.85827
0.169904
-0.197741
-1.4166
1.44444
0.268393
-0.417166
-1.44478
1.59355
0.661001
-0.791648
-2.3994
2.53004
0.848438
-0.878248
-2.27479
2.3046
0.902544
-0.925712
-1.90721
1.93038
0.94198
-0.944142
-1.59906
1.60122
0.92433
-0.866665
-1.27163
1.21396
0.718378
-0.450657
-0.810604
0.542883
0.141405
-0.0178677
-0.110283
-0.0132541
-0.000892462
-5.16935e-05
-0.253191
0.254135
-0.00221565
-0.440264
0.441588
0.00432628
-0.00695667
-0.695725
0.698355
0.00986221
-0.0133195
-0.880563
0.88402
0.0170703
-0.021632
-1.04128
1.04584
0.0260747
-0.0318544
-1.20252
1.2083
0.0378016
-0.0448493
-1.38195
1.389
0.0523214
-0.0621156
-1.58114
1.59093
0.0723999
-0.085331
-1.7978
1.81073
0.099345
-0.117539
-2.02436
2.04256
0.137845
-0.160444
-1.87896
1.90156
0.187085
-0.226625
-1.47858
1.51812
0.338963
-0.53231
-1.76251
1.95586
0.749654
-0.828519
-2.62758
2.70644
0.870412
-0.896536
-2.33194
2.35806
0.918779
-0.933542
-1.94813
1.96289
0.934126
-0.903103
-1.59233
1.5613
0.802063
-0.60074
-1.09458
0.893252
0.258966
-0.0625821
-0.253137
0.0567535
-0.0021537
0.00703389
0.0482994
-0.0531796
-0.000478338
-0.000234005
-0.256022
0.256734
-0.00206574
-0.443998
0.445586
0.0039763
-0.00660371
-0.701645
0.704272
0.00977186
-0.0134447
-0.887571
0.891244
0.0173666
-0.0220918
-1.05017
1.0549
0.0268421
-0.0330326
-1.21352
1.21971
0.0390923
-0.0470941
-1.39617
1.40418
0.0549122
-0.0657118
-1.60026
1.61106
0.0767975
-0.0906647
-1.82424
1.83811
0.106234
-0.12623
-2.06134
2.08133
0.148247
-0.173556
-1.92467
1.94998
0.206988
-0.265736
-1.56879
1.62753
0.418471
-0.644833
-2.16262
2.38899
0.798812
-0.852607
-2.76834
2.82214
0.885112
-0.904914
-2.38057
2.40038
0.920716
-0.92033
-1.97084
1.97046
0.876111
-0.750053
-1.49577
1.36971
0.47569
-0.166645
-0.594114
0.285069
0.0252143
0.00668954
0.0232175
-0.0551213
-0.00918918
0.00452283
0.0494912
-0.0448248
8.86851e-05
-0.000350814
-0.258735
0.258997
-0.00130873
-0.448122
0.44952
0.00336732
-0.00597292
-0.707989
0.710595
0.00904307
-0.0128097
-0.895534
0.8993
0.0170845
-0.0219329
-1.05976
1.06461
0.0271895
-0.0335852
-1.22567
1.23206
0.0402208
-0.0484798
-1.41187
1.42013
0.0573408
-0.0686151
-1.62159
1.63286
0.0807414
-0.0959807
-1.85293
1.86817
0.112444
-0.13419
-2.10194
2.12368
0.158501
-0.186588
-1.97623
2.00431
0.229759
-0.317324
-1.7018
1.78937
0.511831
-0.72637
-2.60785
2.82238
0.822824
-0.861877
-2.86709
2.90614
0.886773
-0.901255
-2.41888
2.43336
0.899566
-0.856137
-1.95038
1.90696
0.712584
-0.4382
-1.19131
0.916922
0.108351
-0.0138422
-0.083344
-0.011165
-0.00739187
0.00922993
0.0670436
-0.0688817
-0.00600439
0.00210662
0.0405118
-0.0366141
0.000612791
-0.000684034
-0.260824
0.260895
-0.000274111
-0.452273
0.45316
0.00240314
-0.00500233
-0.714281
0.71688
0.00806842
-0.0120996
-0.903383
0.907414
0.0161798
-0.0213227
-1.06956
1.0747
0.027029
-0.0333782
-1.23845
1.2448
0.0407221
-0.0491788
-1.42897
1.43743
0.0585598
-0.0707364
-1.64394
1.65611
0.0838149
-0.0999528
-1.8837
1.89984
0.117942
-0.141365
-2.14605
2.16947
0.167716
-0.199833
-2.03422
2.06634
0.256455
-0.374967
-1.89406
2.01257
0.60501
-0.767542
-3.0085
3.17103
0.831225
-0.856633
-2.9377
2.96311
0.875235
-0.876161
-2.43997
2.4409
0.834219
-0.703844
-1.82963
1.69926
0.410272
-0.0989926
-0.57077
0.259491
0.00174151
0.0146469
0.0548376
-0.071226
-0.0147677
0.0113142
0.0678045
-0.0643511
-0.005962
0.00199891
0.0323805
-0.0284175
0.00140106
-0.000999665
-0.26259
0.262189
0.00110675
-0.455883
0.456178
0.000441839
-0.00291357
-0.720696
0.723168
0.00608806
-0.0102895
-0.911576
0.915777
0.0145251
-0.0197548
-1.08003
1.08526
0.0253983
-0.0324886
-1.25172
1.25881
0.0398619
-0.0493736
-1.44627
1.45578
0.0592682
-0.071781
-1.66803
1.68054
0.0853008
-0.102839
-1.9166
1.93414
0.1217
-0.146693
-2.19313
2.21813
0.175093
-0.212764
-2.10083
2.1385
0.28776
-0.434997
-2.14554
2.29278
0.671671
-0.777252
-3.30028
3.40586
0.8184
-0.837648
-2.98617
3.00542
0.844226
-0.814504
-2.42544
2.39572
0.706407
-0.477238
-1.53236
1.30319
0.113297
-0.0167766
-0.0758876
-0.0206331
-0.0040765
0.0111524
0.0863851
-0.093461
-0.0116796
0.00857827
0.0619139
-0.0588126
-0.00436348
0.0013676
0.0253956
-0.0223997
0.00261158
-0.00152022
-0.263511
0.26242
0.00275495
-0.458944
0.4588
-0.00166992
-0.000545124
-0.726869
0.729084
0.00321251
-0.00723534
-0.920214
0.924236
0.0116757
-0.0171396
-1.09089
1.09636
0.0228779
-0.0303065
-1.26542
1.27284
0.0378476
-0.0475218
-1.46476
1.47443
0.0580673
-0.0710066
-1.69316
1.7061
0.0851847
-0.103301
-1.95186
1.96997
0.123379
-0.149363
-2.24349
2.26947
0.180128
-0.223849
-2.17992
2.22364
0.322212
-0.491709
-2.45182
2.62131
0.698923
-0.764946
-3.48907
3.55509
0.791718
-0.803631
-3.02127
3.03319
0.785559
-0.70873
-2.34589
2.26906
0.51844
-0.170232
-0.999972
0.651764
0.0220237
-0.00248107
0.0669433
-0.0864859
-0.00840651
0.0103963
0.0941755
-0.0961654
-0.00884538
0.00610284
0.0549972
-0.0522546
-0.00291586
0.000825572
0.0191963
-0.017106
0.00383324
-0.00212289
-0.263255
0.261544
0.00515547
-0.460858
0.459535
-0.0047674
0.00300446
-0.732792
0.734555
-0.000652384
-0.00305184
-0.928879
0.932584
0.00734574
-0.0130068
-1.1016
1.10726
0.0189738
-0.0260862
-1.27998
1.28709
0.0341598
-0.0439949
-1.48411
1.49395
0.0544777
-0.0674902
-1.71964
1.73265
0.0822284
-0.10118
-1.98817
2.00712
0.121935
-0.149349
-2.29593
2.32335
0.181935
-0.232182
-2.27266
2.32291
0.347283
-0.538717
-2.80154
2.99298
0.689194
-0.730402
-3.60739
3.6486
0.749826
-0.749704
-3.03639
3.03627
0.699185
-0.561592
-2.15855
2.02096
0.25842
-0.0628268
-0.342506
0.146912
0.0277855
-0.012382
0.0927367
-0.10814
0.00790414
-0.00386706
0.0953065
-0.0993435
0.00132492
-0.000417932
0.0505654
-0.0514723
0.000188579
-0.000112855
0.0158354
-0.0159111
0.00560854
-0.00283459
-0.261438
0.258664
0.00845651
-0.461384
0.458536
-0.00917658
0.0078326
-0.737749
0.739093
-0.00589079
0.00281178
-0.937097
0.940176
0.00146186
-0.00655878
-1.11229
1.11738
0.0123749
-0.0199397
-1.29407
1.30164
0.0273125
-0.0373215
-1.50355
1.51356
0.0479807
-0.0613053
-1.74614
1.75947
0.0759393
-0.0951771
-2.02585
2.04509
0.115905
-0.143772
-2.35075
2.37862
0.178363
-0.23586
-2.37905
2.43655
0.363978
-0.552208
-3.18561
3.37384
0.651212
-0.678595
-3.6843
3.71168
0.691553
-0.670445
-3.02301
3.00191
0.580001
-0.39418
-1.85824
1.67242
0.0778475
-0.0212736
-0.0473494
-0.00922447
0.00327308
0.014673
0.126237
-0.144183
-0.0228266
0.0248928
0.105698
-0.107764
-0.0219935
0.0162161
0.051727
-0.0459496
-0.00880676
0.00312211
0.0148999
-0.00921524
0.00798666
-0.00374404
-0.257467
0.253224
0.0129184
-0.459598
0.454667
-0.0149454
0.0148947
-0.741291
0.741342
-0.0135142
0.011106
-0.944451
0.946859
-0.00738027
0.00235534
-1.1224
1.12743
0.00320997
-0.0101425
-1.30832
1.31525
0.017497
-0.0271777
-1.52291
1.53259
0.0372566
-0.0505194
-1.77304
1.78631
0.0648739
-0.0833754
-2.06364
2.08214
0.103906
-0.131655
-2.40615
2.43389
0.167219
-0.230913
-2.50103
2.56472
0.365193
-0.52437
-3.54915
3.70832
0.587874
-0.60833
-3.73678
3.75723
0.612182
-0.576778
-2.96718
2.93178
0.454076
-0.206712
-1.43952
1.19215
0.0421551
-0.00263867
0.0498073
-0.0893238
-0.0337824
0.053438
0.154191
-0.173846
-0.0689127
0.0730397
0.10889
-0.113017
-0.0640652
0.0476749
0.03272
-0.0163297
-0.0261028
0.00922915
-0.00296365
0.0198373
0.0111785
-0.00492386
-0.250773
0.244518
0.0184442
-0.454376
0.447111
-0.0228763
0.0243043
-0.742832
0.741404
-0.0234092
0.0220665
-0.950992
0.952335
-0.0194022
0.0149547
-1.13202
1.13647
-0.00987062
0.00336464
-1.32177
1.32827
0.00353325
-0.0126192
-1.5415
1.55059
0.0217882
-0.0344017
-1.79881
1.81143
0.0480558
-0.0656764
-2.10033
2.11795
0.0847506
-0.111414
-2.46074
2.48741
0.146588
-0.211117
-2.63442
2.69895
0.337742
-0.457281
-3.85014
3.96968
0.500298
-0.518064
-3.77839
3.79616
0.514754
-0.470892
-2.88228
2.83842
0.341447
-0.127069
-0.947029
0.732651
0.0580052
0.00210035
0.142468
-0.202573
-0.0533499
0.0864729
0.203236
-0.236359
-0.105901
0.103518
0.114962
-0.112578
-0.0878281
0.0647421
-0.00320195
0.026288
-0.0354538
0.0125336
-0.0398276
0.0627478
0.0153814
-0.00645163
-0.240538
0.231608
0.0263302
-0.444691
0.433742
-0.033494
0.0371694
-0.741229
0.737554
-0.0381821
0.0369555
-0.954853
0.95608
-0.0354576
0.0320889
-1.14037
1.14374
-0.0280532
0.0223153
-1.33344
1.33918
-0.0161184
0.00837907
-1.55878
1.56652
0.000100297
-0.0115623
-1.82315
1.83461
0.0237673
-0.0393469
-2.13471
2.15029
0.0568575
-0.0807693
-2.51293
2.53684
0.112952
-0.169557
-2.76591
2.82251
0.276033
-0.352687
-4.07257
4.14923
0.380109
-0.393453
-3.81463
3.82797
0.388676
-0.346974
-2.78273
2.74103
0.227768
-0.109982
-0.557512
0.439727
0.0126203
0.0560398
0.278329
-0.346989
-0.0979688
0.121165
0.266941
-0.290137
-0.120978
0.0981216
0.0993278
-0.0764713
-0.0614822
0.0305373
-0.0535029
0.0844478
-0.00645046
-0.00197902
-0.0848102
0.0932397
0.020688
-0.00814435
-0.225655
0.213112
0.0367417
-0.429003
0.412949
-0.0473908
0.0540137
-0.734901
0.728278
-0.0571024
0.0573882
-0.956724
0.956439
-0.0568344
0.0547674
-1.14668
1.14875
-0.0518958
0.0478125
-1.34383
1.34791
-0.0429341
0.0363997
-1.57366
1.58019
-0.0295069
0.0202657
-1.84477
1.85402
-0.0100888
-0.00357749
-2.16536
2.17902
0.0184575
-0.0376124
-2.55918
2.57833
0.0622246
-0.103328
-2.87963
2.92074
0.170731
-0.207429
-4.21276
4.24946
0.216882
-0.214046
-3.83647
3.83364
0.195375
-0.169345
-2.69164
2.66561
0.138198
-0.0691827
-0.322604
0.253588
0.0206622
0.00990951
0.399842
-0.430414
-0.0341201
0.0390327
0.302792
-0.307705
-0.0172733
-0.00603645
0.0424168
-0.0191071
0.0239943
-0.0287685
-0.105068
0.109842
0.0220696
-0.0099943
-0.0855065
0.0734313
0.0277613
-0.0102447
-0.204765
0.187248
0.0487901
-0.404349
0.38332
-0.0644759
0.0761592
-0.722567
0.710884
-0.0822269
0.0847775
-0.954624
0.952074
-0.0855476
0.0850943
-1.14976
1.15021
-0.0834978
0.0809394
-1.35109
1.35365
-0.0781831
0.0734162
-1.58517
1.58994
-0.068664
0.061897
-1.86263
1.86939
-0.0542523
0.0440487
-2.19058
2.20079
-0.0333958
0.0194259
-2.59576
2.60973
-0.00550903
-0.00952766
-2.9603
2.97534
0.0276597
-0.0287582
-4.27566
4.27676
0.0108656
0.0169136
-3.82342
3.79564
-0.0536913
0.0774843
-2.62954
2.60574
-0.0660065
0.026516
-0.233088
0.272579
-0.0379163
0.0471817
0.460775
-0.47004
-0.0534254
0.055983
0.307584
-0.310141
-0.0481598
0.033954
0.00729327
0.00691248
-0.0197514
0.0116607
-0.112512
0.120603
-0.00738567
0.00302191
-0.0670211
0.0713848
0.0323668
-0.0106018
-0.176393
0.154628
0.0598666
-0.368431
0.340931
-0.082971
0.102051
-0.701413
0.682333
-0.113115
0.120274
-0.947541
0.940381
-0.123035
0.124861
-1.14938
1.14756
-0.12456
0.124364
-1.35491
1.3551
-0.123312
0.121433
-1.5931
1.59498
-0.118943
0.115229
-1.87508
1.8788
-0.110772
0.104577
-2.20942
2.21561
-0.0982183
0.0910691
-2.62264
2.62979
-0.085482
0.0926872
-2.98909
2.98188
-0.119242
0.150706
-4.27175
4.24029
-0.180622
0.217383
-3.75671
3.71994
-0.269444
0.312291
-2.54416
2.50131
-0.33796
0.340454
-0.290876
0.288382
-0.319004
0.277178
0.467146
-0.42532
-0.233631
0.183681
0.278492
-0.228542
-0.126759
0.082006
-0.0357745
0.0805273
-0.0498709
0.0312759
-0.139615
0.15821
-0.016059
0.00615602
-0.0819845
0.0918875
0.0343182
-0.0100699
-0.139259
0.115011
0.0720184
-0.318958
0.281258
-0.104226
0.132904
-0.665985
0.637306
-0.151748
0.164613
-0.933012
0.920147
-0.17155
0.17583
-1.14402
1.13974
-0.178277
0.179835
-1.35444
1.35288
-0.181145
0.181888
-1.59595
1.59521
-0.182349
0.181954
-1.88147
1.88186
-0.181052
0.179444
-2.22011
2.22172
-0.177526
0.175498
-2.6358
2.63783
-0.179566
0.205899
-2.97624
2.94991
-0.272052
0.314502
-4.21844
4.17599
-0.33331
0.324981
-3.69584
3.70416
-0.287957
0.251597
-2.46203
2.49839
-0.271292
0.179887
-0.234181
0.325586
0.0912917
-0.218131
0.333178
-0.206338
0.271764
-0.243578
0.190576
-0.218763
0.12807
-0.0495353
-0.108856
0.0303208
-0.008017
0.0288379
-0.159548
0.138727
-0.0284192
0.014326
-0.0920747
0.106168
0.033307
-0.0084899
-0.0965233
0.0717062
0.0790778
-0.249286
0.203515
-0.125821
0.16854
-0.611321
0.568602
-0.19769
0.219767
-0.907446
0.88537
-0.232363
0.240654
-1.13325
1.12496
-0.246466
0.250147
-1.3504
1.34671
-0.253903
0.25775
-1.59337
1.58953
-0.26109
0.264308
-1.88093
1.87772
-0.267334
0.270368
-2.22174
2.21871
-0.273907
0.277202
-2.63919
2.63589
-0.285044
0.324219
-2.92832
2.88915
-0.436294
0.501814
-4.14641
4.08089
-0.491042
0.402806
-3.74724
3.83548
-0.231383
0.0173712
-2.62055
2.83456
0.234117
-0.658251
-0.621029
1.04516
1.03304
-1.28866
0.0495022
0.20612
1.38786
-1.37372
0.275347
-0.289477
1.26873
-1.04802
0.222424
-0.443135
0.731103
-0.42217
0.0155337
-0.324466
0.136166
-0.00639508
-0.114564
-0.0152068
0.0272156
-0.00586921
-0.053297
0.0319505
0.0753034
-0.164212
0.116124
-0.13586
0.201801
-0.526708
0.460767
-0.248814
0.284228
-0.86396
0.828546
-0.30601
0.320782
-1.11542
1.10065
-0.329814
0.338407
-1.34153
1.33294
-0.343532
0.35033
-1.58553
1.57873
-0.356838
0.364143
-1.87312
1.86582
-0.371587
0.381084
-2.21416
2.20467
-0.390487
0.403852
-2.62981
2.61645
-0.426353
0.483246
-2.85426
2.79736
-0.673988
0.849026
-4.00324
3.82821
-0.930388
0.965447
-3.90067
3.86561
-0.95644
0.822821
-3.00456
3.13818
-0.41395
0.130291
-1.28239
1.56605
0.0630588
-0.231999
-0.469059
0.637999
0.406687
-0.514514
0.185535
-0.0777083
0.5927
-0.647789
0.519074
-0.463985
0.671128
-0.596691
0.559026
-0.633463
0.441667
-0.205843
0.272309
-0.508133
0.0174723
-0.0033845
-0.017798
0.00371021
0.0550932
-0.0789923
0.0413714
-0.118686
0.210426
-0.393905
0.302164
-0.288343
0.352325
-0.790908
0.726926
-0.390299
0.41633
-1.08529
1.05926
-0.431169
0.44346
-1.32472
1.31243
-0.452701
0.461146
-1.57212
1.56368
-0.470511
0.481863
-1.85723
1.84588
-0.494468
0.510352
-2.19334
2.17745
-0.529452
0.558871
-2.59917
2.56975
-0.601423
0.69508
-2.72977
2.63611
-0.937965
1.37536
-3.55816
3.12077
-1.70723
1.92469
-3.76224
3.54478
-2.11643
2.27177
-3.13227
2.97693
-2.30006
2.12643
-1.91918
2.09281
-1.84494
1.56952
-0.77059
1.04601
-1.28246
1.02123
-0.0586791
0.319914
-0.734335
0.523794
0.35334
-0.142799
-0.348942
0.189777
0.593405
-0.434241
-0.0650749
-0.00937744
0.610499
-0.536047
0.00110809
-0.0080571
-0.00790118
0.0277141
-0.0174152
-0.00239774
-0.0685797
0.154676
-0.218567
0.13247
-0.257445
0.358097
-0.654984
0.554332
-0.422293
0.462235
-1.02943
0.989484
-0.479411
0.486382
-1.30005
1.29308
-0.488937
0.488822
-1.55508
1.55519
-0.487046
0.486926
-1.83374
1.83386
-0.488734
0.492782
-2.15934
2.15529
-0.500078
0.515493
-2.53587
2.52045
-0.542393
0.592246
-2.55347
2.50362
-0.703703
0.954304
-2.67062
2.42002
-1.31298
1.51412
-3.27398
3.07285
-1.62733
1.68544
-2.84627
2.78815
-1.71886
1.70196
-2.13947
2.15636
-1.5746
1.43288
-1.26305
1.40477
-1.25508
1.08119
-0.56684
0.740734
-0.885042
0.711835
-0.0811377
0.254344
-0.527875
0.365258
0.215924
-0.0533067
-0.203407
0.0858296
0.347056
-0.229478
-1.34642e-05
0.00827543
-0.00826197
-0.00207513
0.00982514
0.0142546
-0.0220046
-0.0266886
0.06631
-0.0725701
0.0329486
-0.136018
0.239124
-0.448366
0.345261
-0.322949
0.385308
-0.937568
0.875209
-0.417294
0.43308
-1.28212
1.26633
-0.438054
0.440778
-1.55355
1.55083
-0.440459
0.44044
-1.8337
1.83372
-0.442615
0.447923
-2.1504
2.1451
-0.455305
0.468514
-2.50565
2.49244
-0.491102
0.529243
-2.4582
2.42006
-0.591379
0.703553
-2.24714
2.13497
-0.982966
1.21702
-2.8662
2.63215
-1.35946
1.40448
-2.71825
2.67323
-1.44162
1.43963
-2.16283
2.16483
-1.38593
1.29352
-1.51951
1.61192
-1.16156
1.02133
-0.901524
1.04175
-0.854032
0.696966
-0.428404
0.58547
-0.527262
0.379252
-0.105387
0.253397
-0.224487
0.0937085
0.0952048
0.035574
0.000138237
0.00833973
-0.00847797
-0.00160035
0.00627131
0.0278679
-0.0325389
-0.015139
0.0338133
-0.00650745
-0.0121668
-0.0675214
0.140983
-0.254084
0.180622
-0.224212
0.300221
-0.804212
0.728203
-0.345496
0.37092
-1.24578
1.22036
-0.380075
0.38375
-1.54745
1.54377
-0.385567
0.3852
-1.83405
1.83442
-0.386435
0.39064
-2.1402
2.13599
-0.397033
0.407318
-2.4811
2.47082
-0.421703
0.445608
-2.3899
2.366
-0.47955
0.532665
-2.05765
2.00454
-0.6558
0.85803
-2.39594
2.19371
-1.00561
1.06995
-2.61694
2.5526
-1.07856
1.06747
-2.1703
2.18139
-1.03286
0.968487
-1.69221
1.75658
-0.86715
0.761618
-1.16436
1.26989
-0.636453
0.518721
-0.723537
0.84127
-0.390477
0.277634
-0.385892
0.498736
-0.160181
0.0639556
-0.148592
0.244817
-0.000673589
0.00835705
-0.00768346
0.000661694
0.00202013
0.0360384
-0.0387202
-0.00841211
0.0212701
0.0268695
-0.0397276
-0.0418633
0.0825592
-0.12546
0.0847637
-0.145572
0.218947
-0.651549
0.578175
-0.269378
0.300941
-1.19058
1.15902
-0.313965
0.318698
-1.53967
1.53494
-0.320941
0.321006
-1.83488
1.83481
-0.321666
0.32491
-2.13251
2.12926
-0.329936
0.338563
-2.46127
2.45265
-0.349389
0.364975
-2.34688
2.33129
-0.383301
0.405333
-1.97009
1.94806
-0.45455
0.559523
-2.03794
1.93296
-0.688589
0.743595
-2.49206
2.43705
-0.749757
0.728778
-2.20053
2.22151
-0.692169
0.649403
-1.80606
1.84882
-0.582696
0.506893
-1.35904
1.43484
-0.419244
0.338113
-0.939694
1.02082
-0.25049
0.17345
-0.592997
0.670037
-0.0936255
0.0326017
-0.322979
0.384003
-0.00107827
0.00641674
-0.00533847
-0.000347854
0.00738548
0.0418928
-0.0489304
-0.0179843
0.0326417
0.0521923
-0.0668497
-0.0494242
0.0706014
-0.0543778
0.0332006
-0.106135
0.159418
-0.512685
0.459402
-0.200556
0.228663
-1.12702
1.09892
-0.241184
0.245711
-1.53043
1.5259
-0.247418
0.24872
-1.83411
1.83281
-0.250097
0.254013
-2.12585
2.12193
-0.259358
0.266958
-2.4448
2.4372
-0.275931
0.286428
-2.31866
2.30816
-0.296765
0.307422
-1.93341
1.92275
-0.328598
0.369709
-1.86664
1.82553
-0.447532
0.482538
-2.39059
2.35559
-0.487604
0.472834
-2.23917
2.25394
-0.444774
0.411236
-1.88782
1.92136
-0.366846
0.315498
-1.49789
1.54924
-0.255943
0.201761
-1.087
1.14118
-0.144054
0.0937594
-0.732737
0.783032
-0.0432528
0.0101931
-0.429987
0.463047
0.00360604
0.00581381
-0.00941985
-0.0170353
0.0420767
0.0638844
-0.0889258
-0.0665951
0.0917013
0.0867622
-0.111868
-0.104421
0.106655
-0.0216787
0.0194446
-0.106568
0.121398
-0.422709
0.407879
-0.13974
0.153748
-1.07748
1.06347
-0.159945
0.16249
-1.5224
1.51986
-0.164556
0.168067
-1.83066
1.82715
-0.172374
0.178747
-2.11699
2.11062
-0.185815
0.194045
-2.42958
2.42135
-0.201709
0.21027
-2.29886
2.2903
-0.217163
0.222713
-1.91453
1.90898
-0.230858
0.246273
-1.79997
1.78456
-0.285576
0.304672
-2.33036
2.31126
-0.303293
0.28976
-2.26737
2.28091
-0.267968
0.243714
-1.94974
1.974
-0.213688
0.181797
-1.58994
1.62183
-0.142702
0.108196
-1.18465
1.21915
-0.0718452
0.040328
-0.822958
0.854475
-0.0108502
-0.00265765
-0.485847
0.499355
0.0139397
0.017735
-0.0316747
-0.0431489
0.0788808
0.122323
-0.158055
-0.105229
0.118953
0.134584
-0.148308
-0.11555
0.100484
-0.0261522
0.041218
-0.0796322
0.0605529
-0.412764
0.431844
-0.052448
0.0515472
-1.05733
1.05823
-0.0545092
0.0608339
-1.51597
1.50965
-0.0686398
0.0784186
-1.82143
1.81165
-0.0887719
0.100286
-2.10198
2.09047
-0.111076
0.122014
-2.41216
2.40122
-0.130516
0.137559
-2.28253
2.27548
-0.142582
0.144857
-1.90572
1.90344
-0.148094
0.153753
-1.77537
1.76971
-0.171265
0.181955
-2.29655
2.28586
-0.180679
0.170483
-2.29327
2.30347
-0.154225
0.136827
-1.99445
2.01184
-0.116327
0.0957047
-1.6472
1.66782
-0.070693
0.0490116
-1.24689
1.26857
-0.0267974
0.00808134
-0.87903
0.897746
0.00687342
-0.00827507
-0.505584
0.506986
0.0173366
0.0493315
-0.0666681
-0.0380385
0.0526774
0.185714
-0.200353
-0.0549912
0.0422534
0.149082
-0.136344
-0.023005
-0.00462127
-0.0634323
0.0910585
0.0358698
-0.0697943
-0.459912
0.493837
0.0878003
-0.0902923
-1.06115
1.06364
0.0781841
-0.0567264
-1.49783
1.47637
0.036784
-0.0155168
-1.79674
1.77547
-0.00314344
0.0232844
-2.07502
2.05488
-0.0400849
0.0553009
-2.38836
2.37314
-0.0661646
0.0726681
-2.26889
2.26238
-0.0779252
0.0806543
-1.90102
1.89829
-0.082241
0.0842737
-1.76628
1.76425
-0.0923011
0.0964122
-2.27909
2.27498
-0.0939063
0.087044
-2.31184
2.3187
-0.076767
0.0660326
-2.02606
2.03679
-0.0536178
0.0418058
-1.68353
1.69534
-0.0271813
0.014095
-1.28519
1.29827
-0.000562983
-0.0100975
-0.912122
0.922783
0.0154349
-0.00979341
-0.504521
0.49888
0.00453145
0.0789244
-0.0834558
-0.000809347
-0.0155704
0.199711
-0.183331
0.0399215
-0.0727638
0.113
-0.0801575
0.105463
-0.144136
-0.124143
0.162816
0.180014
-0.213469
-0.528445
0.5619
0.229417
-0.220833
-1.06226
1.05368
0.196164
-0.162316
-1.44751
1.41366
0.130932
-0.0974027
-1.7471
1.71357
0.0686752
-0.041127
-2.03146
2.00391
0.0197224
-0.000766532
-2.35536
2.3364
-0.011855
0.018414
-2.25593
2.24937
-0.0221759
0.0240373
-1.89538
1.89352
-0.0225151
0.020949
-1.76357
1.76513
-0.0331149
0.0383498
-2.27121
2.26598
-0.0392565
0.0362746
-2.3237
2.32668
-0.030622
0.0243049
-2.04508
2.0514
-0.0166826
0.00971065
-1.70449
1.71147
-0.00153309
-0.0058544
-1.30812
1.31551
0.0134101
-0.0186583
-0.930386
0.935634
0.0183085
-0.00914546
-0.491106
0.481943
-0.0102122
0.0804097
-0.0701975
0.0340462
-0.0706133
0.15468
-0.118113
0.109053
-0.153825
0.0396572
0.00511467
0.194895
-0.238866
-0.205096
0.249067
0.273975
-0.299532
-0.592093
0.617649
0.301971
-0.283393
-1.03804
1.01946
0.254943
-0.218925
-1.37739
1.34137
0.18504
-0.148841
-1.67773
1.64153
0.117686
-0.0876756
-1.9743
1.94429
0.064117
-0.0430345
-2.31619
2.2951
0.0291734
-0.0216692
-2.24242
2.23491
0.0183128
-0.01813
-1.89326
1.89308
0.0217994
-0.0239065
-1.76627
1.76838
0.010347
0.00107051
-2.25746
2.24604
-0.00518247
0.00560485
-2.32784
2.32742
-0.00425381
0.00228424
-2.05512
2.05709
0.00064612
-0.00371159
-1.71617
1.71924
0.0083621
-0.0133648
-1.3215
1.32651
0.0187209
-0.0215339
-0.939707
0.94252
0.017773
-0.00766898
-0.472193
0.462089
-0.016279
0.0556672
-0.0393883
0.045708
-0.0866033
0.0777761
-0.0368808
0.126711
-0.171674
-0.0504623
0.0954255
0.211515
-0.250667
-0.291441
0.330593
0.278174
-0.29441
-0.637379
0.653615
0.293096
-0.276075
-1.00205
0.985034
0.253067
-0.223994
-1.30827
1.2792
0.195888
-0.164591
-1.6072
1.5759
0.137163
-0.110004
-1.91534
1.88819
0.0881497
-0.0679367
-2.27403
2.25382
0.0538653
-0.045412
-2.22684
2.21838
0.0420206
-0.0431704
-1.89368
1.89483
0.047031
-0.0494916
-1.77111
1.77357
0.037426
-0.0203682
-2.23176
2.2147
0.01127
-0.00847873
-2.32523
2.32243
0.0083523
-0.00948237
-2.05871
2.05984
0.0114732
-0.0135774
-1.72137
1.72348
0.0165178
-0.0201774
-1.33052
1.33418
0.0241384
-0.0250571
-0.944312
0.945231
0.0185464
-0.00704159
-0.451415
0.439911
-0.0140233
0.0235197
-0.00949642
0.0395789
-0.0749374
-0.00201016
0.0373687
0.109318
-0.146899
-0.137297
0.174879
0.179208
-0.209796
-0.365663
0.396251
0.23029
-0.24157
-0.667107
0.678387
0.240718
-0.230599
-0.970684
0.960565
0.216477
-0.197221
-1.25487
1.23561
0.177524
-0.154352
-1.54854
1.52537
0.133481
-0.111901
-1.86368
1.8421
0.0939341
-0.0766035
-2.23485
2.21752
0.0639532
-0.055239
-2.20987
2.20115
0.0507583
-0.0509817
-1.8955
1.89572
0.0531699
-0.0556396
-1.77604
1.77851
0.0477969
-0.0276683
-2.19571
2.17558
0.0171138
-0.013474
-2.31924
2.3156
0.0135526
-0.0147147
-2.06082
2.06198
0.0166205
-0.0186647
-1.72521
1.72725
0.0216827
-0.025332
-1.3379
1.34155
0.0287398
-0.0276611
-0.945331
0.944252
0.0183199
-0.00607945
-0.42793
0.415689
-0.00913391
-0.00206483
0.0111987
0.0267373
-0.0520069
-0.0677634
0.093033
0.0772625
-0.104996
-0.207492
0.235225
0.128746
-0.1512
-0.422598
0.445053
0.1665
-0.175995
-0.688583
0.698079
0.177944
-0.174692
-0.954112
0.950861
0.168241
-0.157872
-1.22115
1.21079
0.146193
-0.131245
-1.50655
1.4916
0.117247
-0.101906
-1.82368
1.80834
0.0884184
-0.0744102
-2.20182
2.18781
0.063357
-0.054709
-2.19244
2.18379
0.0491948
-0.0477983
-1.89527
1.89387
0.04785
-0.0485234
-1.78032
1.78099
0.0440636
-0.0272606
-2.15593
2.13913
0.0171563
-0.0149634
-2.31278
2.31059
0.0166066
-0.0194854
-2.06383
2.06671
0.0229103
-0.0259364
-1.72955
1.73257
0.029325
-0.0327851
-1.3452
1.34866
0.0351178
-0.0312667
-0.942175
0.938324
0.0183536
-0.00552734
-0.403187
0.39036
-0.00482726
-0.0179699
0.0227971
0.0150766
-0.0309928
-0.113364
0.12928
0.0478312
-0.0669073
-0.258377
0.277454
0.0835088
-0.0996006
-0.464143
0.480234
0.111212
-0.119715
-0.707121
0.715623
0.123694
-0.124768
-0.950165
0.951239
0.123239
-0.118987
-1.20388
1.19963
0.113086
-0.104538
-1.4801
1.47156
0.0960633
-0.0859498
-1.79574
1.78562
0.0763163
-0.0653374
-2.17527
2.16429
0.0558199
-0.0476378
-2.17546
2.16728
0.0408748
-0.0365115
-1.89067
1.88631
0.0338391
-0.03318
-1.78081
1.78015
0.0338731
-0.0261732
-2.12662
2.11892
0.0197483
-0.0195214
-2.30941
2.30918
0.0227211
-0.0270902
-2.07033
2.0747
0.031811
-0.0357597
-1.73597
1.73992
0.0393299
-0.0419674
-1.35182
1.35446
0.0413577
-0.0336796
-0.932816
0.925138
0.0175609
-0.00493516
-0.377602
0.364976
-0.00218076
-0.0261157
0.0282965
0.00736609
-0.0162997
-0.141386
0.150319
0.0266246
-0.0390706
-0.292965
0.305411
0.0502853
-0.0615574
-0.493774
0.505046
0.070259
-0.0775878
-0.723653
0.730982
0.0822631
-0.0854249
-0.953669
0.956831
0.0865933
-0.0859496
-1.19744
1.1968
0.0837379
-0.0795449
-1.46531
1.46111
0.0749817
-0.0687895
-1.77758
1.77139
0.0621928
-0.0538694
-2.15465
2.14632
0.0458645
-0.0382767
-2.15953
2.15194
0.030715
-0.0245778
-1.8808
1.87466
0.0194418
-0.0187519
-1.77923
1.77854
0.024475
-0.0249081
-2.11571
2.11614
0.0248247
-0.0274156
-2.31023
2.31282
0.0324665
-0.0378327
-2.07944
2.0848
0.042958
-0.0468435
-1.74371
1.7476
0.0495872
-0.0501665
-1.35641
1.35699
0.0461461
-0.0345039
-0.915568
0.903926
0.0164125
-0.00446822
-0.352693
0.340748
-0.00075834
-0.0296497
0.030408
0.00290879
-0.00722776
-0.156677
0.160996
0.0129364
-0.0205615
-0.315238
0.322863
0.0278826
-0.0356163
-0.514425
0.522158
0.0420073
-0.04804
-0.737714
0.743747
0.0525915
-0.0564633
-0.960535
0.964407
0.058876
-0.0602035
-1.19731
1.19864
0.0601685
-0.058793
-1.45835
1.45697
0.0567975
-0.053359
-1.76664
1.7632
0.049067
-0.0427683
-2.13914
2.13284
0.0360351
-0.0290863
-2.14464
2.13769
0.0212076
-0.0142882
-1.86791
1.86099
0.0085665
-0.00856835
-1.77823
1.77823
0.0183723
-0.0275051
-2.12048
2.12962
0.0332223
-0.0383085
-2.31701
2.3221
0.0445105
-0.0500285
-2.09035
2.09587
0.054704
-0.0577243
-1.75096
1.75398
0.0585268
-0.0563738
-1.35633
1.35418
0.048112
-0.0333952
-0.890707
0.87599
0.0150206
-0.00407764
-0.329296
0.318353
-5.68979e-05
-0.0307479
0.0308048
0.000555339
-0.00211899
-0.163738
0.165301
0.00479784
-0.00903872
-0.328629
0.33287
0.013571
-0.0187425
-0.528523
0.533694
0.0233554
-0.028156
-0.749154
0.753954
0.032217
-0.0361251
-0.968406
0.972315
0.0390298
-0.0412497
-1.20054
1.20276
0.0423471
-0.0426254
-1.45638
1.45665
0.0422556
-0.0406942
-1.76071
1.75915
0.0381978
-0.0337857
-2.12758
2.12316
0.0284423
-0.0223954
-2.13086
2.12481
0.0149507
-0.00851375
-1.85432
1.84788
0.00384531
-0.00577539
-1.77908
1.78101
0.0196676
-0.0350375
-2.14261
2.15798
0.0450444
-0.051237
-2.32773
2.33392
0.0573045
-0.0615714
-2.10076
2.10503
0.0645594
-0.06553
-1.75589
1.75686
0.0637143
-0.0585275
-1.35095
1.34576
0.0466825
-0.0305019
-0.860441
0.84426
0.013347
-0.00365632
-0.308023
0.298332
0.000254159
-0.0306724
0.0304182
-0.000500574
0.000375184
-0.166007
0.166132
0.000531087
-0.00256096
-0.335876
0.337905
0.00514014
-0.00844387
-0.537874
0.541178
0.0116902
-0.0154186
-0.758186
0.761915
0.0188807
-0.0225129
-0.976153
0.979786
0.0254683
-0.0280454
-1.20524
1.20782
0.0297943
-0.0311039
-1.45737
1.45868
0.0317989
-0.0316131
-1.75825
1.75807
0.030431
-0.0276464
-2.11969
2.11691
0.0239046
-0.0193972
-2.11912
2.11461
0.013506
-0.00845309
-1.84226
1.8372
0.00575196
-0.0108322
-1.78462
1.7897
0.02738
-0.0451264
-2.17481
2.19256
0.0570576
-0.0633427
-2.34035
2.34663
0.0683719
-0.0707358
-2.10842
2.11078
0.0715045
-0.070197
-1.75639
1.75508
0.0655967
-0.0574248
-1.33915
1.33098
0.0431545
-0.0270011
-0.828053
0.811899
0.0116687
-0.00321947
-0.289271
0.280822
0.000333753
-0.0301055
0.0297717
-0.000832002
0.00121701
-0.165935
0.16555
-0.0011299
0.000329215
-0.339215
0.340016
0.00101272
-0.00300753
-0.543774
0.545769
0.00520149
-0.00801121
-0.765155
0.767965
0.010884
-0.0141323
-0.983265
0.986514
0.016918
-0.0195608
-1.21045
1.2131
0.0216719
-0.0236646
-1.46019
1.46218
0.0251252
-0.0260149
-1.7584
1.75929
0.0260713
-0.0252363
-2.1152
2.11436
0.0235559
-0.0209818
-2.11073
2.10815
0.0174268
-0.0146659
-1.83339
1.83063
0.0147114
-0.0218064
-1.79594
1.80304
0.0389867
-0.056629
-2.21045
2.2281
0.068222
-0.0734524
-2.35247
2.3577
0.0768441
-0.0768731
-2.11202
2.11205
0.0752216
-0.071521
-1.75254
1.74884
0.0642724
-0.0540556
-1.32172
1.3115
0.038792
-0.0236234
-0.796289
0.781121
0.0101337
-0.00279562
-0.272948
0.26561
0.000295684
-0.0294455
0.0291498
-0.000727554
0.00112762
-0.165097
0.164697
-0.00122038
0.000901822
-0.340505
0.340824
-0.000213353
-0.000945982
-0.547289
0.548448
0.00236743
-0.00439659
-0.770348
0.772377
0.00664933
-0.00941275
-0.98958
0.992343
0.011943
-0.0145327
-1.21572
1.21831
0.0168011
-0.0192155
-1.46419
1.46661
0.0212624
-0.0230952
-1.76065
1.76248
0.0243796
-0.0254081
-2.11464
2.11567
0.0258834
-0.026475
-2.1068
2.1074
0.0265822
-0.0266735
-1.82938
1.82948
0.029294
-0.0371265
-1.81059
1.81842
0.0526933
-0.0680793
-2.24502
2.2604
0.0776496
-0.0811153
-2.3622
2.36567
0.0816321
-0.0794668
-2.11104
2.10887
0.0756867
-0.0700119
-1.74392
1.73825
0.0609186
-0.049608
-1.30065
1.28933
0.0344944
-0.0206684
-0.766745
0.752919
0.00876013
-0.00237015
-0.258779
0.252389
0.000192873
-0.0288986
0.0287057
-0.000422354
0.000561049
-0.164409
0.16427
-0.000496488
0.000175845
-0.341093
0.341414
0.000303658
-0.00101335
-0.549327
0.550036
0.0019047
-0.00330984
-0.77409
0.775495
0.00506395
-0.0073422
-0.994892
0.99717
0.00953173
-0.0119099
-1.2208
1.22318
0.0141683
-0.0168095
-1.46894
1.47158
0.0192427
-0.021783
-1.76473
1.76727
0.0240062
-0.0267524
-2.11765
2.12039
0.0297515
-0.0334584
-2.10929
2.113
0.0373089
-0.0406745
-1.83152
1.83489
0.0459378
-0.0536891
-1.82617
1.83393
0.0655971
-0.0766674
-2.27426
2.28533
0.0828635
-0.0839892
-2.36802
2.36914
0.082661
-0.0788194
-2.10584
2.102
0.073483
-0.0665477
-1.73166
1.72472
0.0565681
-0.0451304
-1.2779
1.26646
0.0308729
-0.0183173
-0.739883
0.727327
0.00758963
-0.00195664
-0.24641
0.240777
8.17617e-05
-0.0285705
0.0284887
-9.41012e-05
-7.48114e-05
-0.164276
0.164445
0.000438815
-0.000993795
-0.341802
0.342357
0.001502
-0.00200391
-0.550619
0.551121
0.00254729
-0.00349543
-0.77668
0.777628
0.00481467
-0.00674524
-0.99928
1.00121
0.00864876
-0.0107944
-1.22544
1.22759
0.0129338
-0.0156278
-1.47404
1.47673
0.018218
-0.0211454
-1.77006
1.77299
0.0240951
-0.0280344
-2.12396
2.1279
0.0328396
-0.0388377
-2.11769
2.12369
0.0454068
-0.0516651
-1.84004
1.8463
0.0594936
-0.0669095
-1.84165
1.84906
0.0742281
-0.0804652
-2.29424
2.30048
0.0832447
-0.0828214
-2.36944
2.36902
0.0797775
-0.0751472
-2.09754
2.09291
0.0692319
-0.0620205
-1.71731
1.7101
0.0522223
-0.0414414
-1.25537
1.24459
0.0283058
-0.0166866
-0.715398
0.703779
0.00667238
-0.00157671
-0.23545
0.230355
-1.86235e-05
-0.0284596
0.0284782
0.000206288
-0.000670725
-0.164762
0.165226
0.00131162
-0.00213186
-0.343002
0.343822
0.00279
-0.00326942
-0.55161
0.552089
0.00359924
-0.00416236
-0.778393
0.778956
0.00509387
-0.00654901
-1.00288
1.00434
0.00814355
-0.0100554
-1.22965
1.23156
0.0120776
-0.0146481
-1.47911
1.48168
0.0171772
-0.0202264
-1.77605
1.7791
0.0234374
-0.0279041
-2.13238
2.13685
0.0332549
-0.0400012
-2.13002
2.13676
0.0478448
-0.0559464
-1.85372
1.86183
0.0654619
-0.0726755
-1.85691
1.86412
0.0764434
-0.077893
-2.30387
2.30532
0.0785711
-0.0772984
-2.36828
2.36701
0.0740242
-0.069829
-2.08804
2.08384
0.0644815
-0.0579901
-1.70288
1.69638
0.0492322
-0.0394813
-1.23446
1.22471
0.0272387
-0.0159818
-0.692482
0.681225
0.00613159
-0.00130047
-0.225443
0.220612
-9.20407e-05
-0.0285355
0.0286276
0.000412601
-0.00105758
-0.16576
0.166405
0.0018808
-0.00291731
-0.344736
0.345773
0.00376069
-0.0043327
-0.552611
0.553183
0.00456782
-0.00481639
-0.779373
0.779622
0.00537452
-0.00643881
-1.00556
1.00662
0.00762784
-0.00923447
-1.23331
1.23492
0.0110088
-0.0132545
-1.48389
1.48613
0.0155689
-0.018496
-1.78218
1.78511
0.0215069
-0.0255422
-2.14138
2.14541
0.0301128
-0.0360235
-2.14312
2.14903
0.0430302
-0.0507835
-1.87036
1.87812
0.0609061
-0.0687622
-1.87195
1.87981
0.0716804
-0.0705362
-2.30525
2.30411
0.0700381
-0.0690157
-2.36599
2.36496
0.0667844
-0.0640006
-2.07963
2.07684
0.059997
-0.0552111
-1.6903
1.68551
0.0481883
-0.0394812
-1.21578
1.20708
0.027454
-0.0158349
-0.669892
0.658273
0.00580725
-0.00109091
-0.215857
0.211141
-0.000137698
-0.0287413
0.028879
0.000537331
-0.00128669
-0.16709
0.16784
0.00221406
-0.00338851
-0.346877
0.348051
0.00437297
-0.00505526
-0.553819
0.554502
0.00523885
-0.00524514
-0.779765
0.779771
0.00542642
-0.00612402
-1.00755
1.00824
0.00713928
-0.00849662
-1.23626
1.23762
0.00995793
-0.0118452
-1.4882
1.49009
0.0137835
-0.0161892
-1.78786
1.79027
0.018682
-0.0218316
-2.14907
2.15222
0.0251083
-0.0286638
-2.15411
2.15766
0.0320934
-0.0367794
-1.88499
1.88968
0.0446746
-0.0533011
-1.88906
1.89768
0.058382
-0.0564467
-2.30175
2.29982
0.0570312
-0.0581971
-2.36468
2.36584
0.0591174
-0.0592859
-2.07492
2.07509
0.0582764
-0.0556248
-1.68116
1.6785
0.0501435
-0.0416454
-1.19902
1.19052
0.0286245
-0.0159791
-0.646317
0.633672
0.00563848
-0.000974756
-0.206345
0.201682
-0.0849087
-0.233209
-0.411156
-0.607213
-0.816316
-1.02552
-1.24337
-1.49411
-1.79552
-2.15846
-2.18611
-2.02932
-2.2777
-2.64566
-2.46539
-2.07026
-1.57677
-0.97406
-0.406299
-0.00852768
-0.000674046
-0.196823
0.00522509
0.192272
0.448809
-0.133918
-0.475697
0.857723
0.175115
-0.176143
-1.12357
0.931953
0.160105
-0.14848
-1.24486
0.929964
0.13969
-0.127067
-1.2605
0.919629
0.121739
-0.110782
-1.26325
0.105926
-0.0957038
-1.27278
0.0871445
-0.0794083
1.28242
-1.29016
0.0746356
-0.0718829
1.30543
-1.30819
0.0693069
-0.064971
1.28067
-1.28501
0.0581325
-0.0234349
0.844559
-0.879256
-0.0635484
0.46553
-0.401981
0.0652737
-0.0751269
1.09446
-1.08461
0.0734879
-0.0740301
1.24332
-1.24278
0.0701689
-0.0684374
1.2591
-1.26083
0.0627729
-0.0606484
1.2656
-1.26772
0.0566622
-0.0535487
1.27665
-1.27976
0.0501332
-0.0480751
1.29274
-1.2948
0.045349
-0.0415015
1.31018
-1.31403
0.0348536
-0.0277505
1.29373
-1.30084
0.0170356
-0.00556654
0.886879
-0.898348
-0.0284538
0.384952
-0.356498
0.0375876
-0.0412889
1.07455
-1.07084
0.0401799
-0.0390448
1.24322
-1.24435
0.0367851
-0.0348927
1.26119
-1.26309
0.0328053
-0.0320491
1.26974
-1.27049
0.0302972
-0.0298565
1.28034
-1.28078
0.0289316
-0.0284003
1.29599
-1.29653
0.0275196
-0.0267131
1.31529
-1.3161
0.0262148
-0.0238327
1.30368
-1.30606
0.017602
-0.00658778
0.909342
-0.920357
-0.0136941
0.342521
-0.328827
0.0153583
-0.0158565
1.07103
-1.07053
0.0138876
-0.0137195
1.24509
-1.24526
0.0130357
-0.013177
1.26303
-1.26289
0.0125211
-0.0132372
1.27067
-1.26995
0.0130238
-0.0141441
1.28084
-1.27972
0.0144027
-0.0165533
1.29598
-1.29383
0.0174398
-0.0191516
1.31403
-1.31231
0.021691
-0.0214759
1.30462
-1.30483
0.0168228
-0.00683395
0.932102
-0.942091
-0.00558691
0.320835
-0.315248
0.00228335
0.00230022
1.07525
-1.07983
-0.0037226
0.0029108
1.24634
-1.24553
-0.00204267
0.00136478
1.26184
-1.26116
-9.59602e-05
-0.00114722
1.26818
-1.26694
0.00221758
-0.00466982
1.27827
-1.27581
0.0069995
-0.00934818
1.29153
-1.28918
0.0123372
-0.0159948
1.30857
-1.30491
0.0185141
-0.020315
1.30299
-1.30119
0.0169411
-0.00708006
0.952505
-0.962366
-0.00137201
0.312911
-0.311539
-0.00691293
0.0130303
1.08498
-1.0911
-0.0154077
0.0144943
1.24509
-1.24417
-0.0125068
0.0107872
1.25878
-1.25706
-0.0086828
0.00655235
1.26414
-1.26201
-0.00448495
0.0010408
1.27318
-1.26974
0.00232974
-0.00569246
1.28445
-1.28109
0.0096501
-0.0142658
1.30018
-1.29556
0.0185013
-0.0207671
1.2982
-1.29593
0.0185399
-0.00861107
0.973068
-0.982997
0.00196671
0.312153
-0.314119
-0.0141115
0.0217055
1.0984
-1.10599
-0.0237487
0.021708
1.24459
-1.24255
-0.0205635
0.0175068
1.25468
-1.25162
-0.0152615
0.0117
1.25839
-1.25483
-0.0088082
0.00455144
1.26622
-1.26196
-0.000950627
-0.00452493
1.27677
-1.27129
0.00871603
-0.0141905
1.28999
-1.28451
0.0193569
-0.0227571
1.29123
-1.28783
0.0221106
-0.0116362
0.993444
-1.00392
0.00524409
0.318003
-0.323247
-0.0209368
0.029368
1.11444
-1.12287
-0.0304564
0.0285615
1.24218
-1.24029
-0.0267417
0.0229212
1.24868
-1.24486
-0.0199071
0.0155763
1.25111
-1.24678
-0.0112257
0.0067628
1.25698
-1.25252
-0.00167844
-0.00404974
1.26616
-1.26043
0.00913966
-0.014915
1.2787
-1.27293
0.0210624
-0.0262289
1.28268
-1.27752
0.0260881
-0.0151246
1.01489
-1.02586
0.0102087
0.330654
-0.340863
-0.0294482
0.0381021
1.132
-1.14065
-0.0390302
0.0362969
1.23908
-1.23635
-0.0322614
0.028167
1.2412
-1.2371
-0.0241906
0.0189043
1.24286
-1.23757
-0.0135951
0.00818281
1.24666
-1.24125
-0.00213292
-0.00395362
1.25378
-1.24769
0.0106371
-0.0180269
1.26556
-1.25817
0.0251883
-0.0308937
1.27125
-1.26555
0.0319074
-0.0203504
1.03807
-1.04962
0.0184626
0.354993
-0.373456
-0.0410516
0.0490071
1.14964
-1.15759
-0.0484032
0.0443116
1.23328
-1.22919
-0.0389076
0.0335648
1.23183
-1.22649
-0.0283461
0.0218739
1.23199
-1.22552
-0.0154143
0.00828053
1.23436
-1.22722
-0.0024025
-0.00529815
1.24006
-1.23236
0.012975
-0.0212803
1.24981
-1.24151
0.0294333
-0.0363587
1.25744
-1.25051
0.0386679
-0.026752
1.06182
-1.07373
0.0305703
0.397699
-0.428269
-0.0557664
0.0617636
1.16528
-1.17128
-0.0581312
0.0528056
1.22437
-1.21904
-0.0462763
0.0387954
1.22048
-1.213
-0.0315161
0.0243052
1.21806
-1.21084
-0.0165804
0.00891015
1.21919
-1.21152
-0.000759073
-0.00727539
1.22374
-1.21571
0.0157988
-0.0248764
1.23231
-1.22323
0.0332144
-0.0417929
1.24197
-1.23339
0.0454657
-0.0337487
1.08612
-1.09784
0.044942
0.466142
-0.511084
-0.0703771
0.0731977
1.1754
-1.17822
-0.0676244
0.0590267
1.21277
-1.20417
-0.0509397
0.0425784
1.20548
-1.19712
-0.0340172
0.0257457
1.20213
-1.19386
-0.017752
0.00875266
1.20245
-1.19345
-0.000531068
-0.00937101
1.20687
-1.19697
0.017962
-0.027079
1.21337
-1.20425
0.036705
-0.0461754
1.22396
-1.21449
0.0520341
-0.0407428
1.10949
-1.12078
0.0585239
0.563643
-0.622167
-0.0818525
0.0802738
1.17956
-1.17798
-0.0721261
0.061731
1.19567
-1.18527
-0.0523743
0.043237
1.18778
-1.17864
-0.0348221
0.0257646
1.18453
-1.17547
-0.0177022
0.00870914
1.18468
-1.17569
9.5498e-05
-0.00934983
1.18776
-1.17851
0.0180288
-0.0280483
1.19439
-1.18437
0.0382053
-0.0480057
1.20428
-1.19448
0.0552021
-0.0468775
1.13076
-1.13908
0.0684081
0.686882
-0.75529
-0.0853313
0.0795709
1.17456
-1.1688
-0.0697984
0.0606187
1.17568
-1.1665
-0.0520308
0.0429194
1.16986
-1.16075
-0.0347759
0.025704
1.16685
-1.15777
-0.0174001
0.00814197
1.16695
-1.15769
0.000820269
-0.00938053
1.16894
-1.16038
0.0181076
-0.0271629
1.17435
-1.16529
0.0362376
-0.0457893
1.18307
-1.17352
0.0549657
-0.0507926
1.14652
-1.15069
0.0756147
0.827491
-0.903106
-0.0839472
0.0776661
1.1623
-1.15602
-0.0694858
0.0611857
1.15804
-1.14974
-0.0525046
0.042808
1.1525
-1.1428
-0.0342094
0.0250037
1.14881
-1.13961
-0.0167595
0.00778386
1.1485
-1.13953
0.000161525
-0.00925566
1.15072
-1.14162
0.0183148
-0.0278994
1.15584
-1.14625
0.036665
-0.0465774
1.16469
-1.15478
0.0531659
-0.0531976
1.15272
-1.15269
0.0830219
0.982875
-1.0659
-0.08243
0.0680207
1.15009
-1.13568
-0.055537
0.0449143
1.13911
-1.12849
-0.0363002
0.0297422
1.13392
-1.12736
-0.0246552
0.0198864
1.13201
-1.12724
-0.0155041
0.0107267
1.13248
-1.1277
-0.00564793
0.00038778
1.13337
-1.12811
0.00573927
-0.0132651
1.13636
-1.12884
0.0222179
-0.0339928
1.14431
-1.13253
0.047123
-0.0570432
1.15184
-1.14192
-0.256977
0.223547
-0.375195
0.377059
-0.439793
0.447901
-0.515021
0.522772
-0.608926
0.615854
-0.724522
0.729862
-0.866198
0.869913
-1.03763
1.04018
-1.24412
1.24609
-1.49268
1.4945
-1.49282
1.4948
-1.24468
1.24702
-1.03851
1.04179
-0.867469
0.872347
-0.726955
0.733701
-0.612812
0.620933
-0.520943
0.529445
-0.446544
0.45429
-0.36468
0.353684
-0.127295
0.0880494
0.0318653
-0.19457
0.172437
0.016047
-0.156245
0.14425
0.0100225
-0.134973
0.127478
0.00710211
-0.12124
0.115928
0.00534428
-0.111348
0.107351
0.00413505
-0.103848
0.100753
0.00324816
-0.098018
0.0955822
0.00256861
-0.0934205
0.0914884
0.00202343
-0.0897757
0.0882465
0.00156669
-0.0868999
0.0857073
0.00116548
-0.0846735
0.0837755
0.000790507
-0.0830244
0.0824002
0.000419485
-0.0819194
0.0815637
2.21184e-05
-0.0813558
0.0812873
-0.000372455
-0.0813574
0.0815689
-0.000859551
-0.0819761
0.0825295
-0.00144479
-0.0832865
0.0842502
-0.00214966
-0.0854282
0.0868789
-0.00305355
-0.0885621
0.0906311
-0.0042729
-0.0929423
0.0958354
-0.00597508
-0.0989472
0.102977
-0.00851548
-0.107141
0.112844
-0.0126504
-0.118472
0.126847
-0.0205705
-0.134701
0.147935
-0.0141116
-0.161213
0.171271
-8.7062e-05
-0.183593
0.185674
0.00402026
-0.192789
0.191677
0.00499004
-0.195566
0.193306
0.00478254
-0.195616
0.193224
0.00427078
-0.195035
0.192796
0.0034554
-0.194417
0.192532
0.0026163
-0.194131
0.192737
0.00200834
-0.194406
0.19341
0.00124782
-0.19527
0.194715
0.00073781
-0.196715
0.19651
0.000254661
-0.19866
0.198747
-7.89918e-05
-0.20096
0.201244
-0.000568745
-0.20359
0.204148
-0.000808023
-0.206401
0.207093
-0.00101722
-0.209315
0.210182
-0.00108723
-0.212442
0.213326
-0.00120089
-0.215409
0.216435
-0.00131171
-0.218413
0.219507
-0.00104018
-0.221524
0.222319
-0.00125495
-0.224203
0.225185
-0.0011684
-0.22701
0.227899
-0.001223
-0.229728
0.230748
-0.00140363
-0.233098
0.234627
-0.00138057
-0.237538
0.287121
0.500154
0.665714
0.814611
0.962058
1.12312
1.29515
1.47488
1.64909
1.46501
1.03544
0.718275
0.457359
0.316245
0.468299
0.609097
0.422549
0.235153
-0.11596
-0.130926
-0.17084
-0.188119
-0.196846
-0.2035
-0.211702
-0.220385
-0.228954
-0.236178
-0.227941
-0.208903
-0.187193
-0.15968
-0.259545
-0.526213
-0.642832
-0.663056
-0.670868
-0.33056
0.903765
-0.313669
0.906309
-0.300183
0.91516
-0.280499
0.876232
-0.225897
0.479159
0.631044
0.00492159
-0.0290178
-0.000134063
-0.168605
0.000565396
-0.00136842
-0.349244
0.00234117
-0.00356476
-0.555237
0.00466188
-0.00549013
-0.779709
0.00564643
-0.00534231
-1.00877
0.00521342
-0.0055111
-1.23873
0.00636432
-0.00764728
-1.49194
0.0089397
-0.0106373
-1.79249
0.0122902
-0.0142215
-2.15488
0.016089
-0.0181986
-2.16031
0.0199508
-0.0207418
-1.8918
0.0191519
-0.0180266
-1.90674
0.0206463
-0.0293516
-2.29916
0.0395054
-0.0420741
-2.36848
0.0465686
-0.0514641
-2.07604
0.0555226
-0.0581541
-1.67631
0.0594378
-0.0588562
-1.18208
0.0547105
-0.0456202
-0.620587
0.0304
-0.0160634
-0.00215726
-0.00183179
-0.00180485
-0.00211588
-0.00235003
-0.00288856
-0.00277304
-0.00292987
-0.00301246
-0.00279989
-0.00252012
-0.0019209
-0.00119317
0.00024903
0.00173666
0.00366333
0.0057285
0.00837685
0.0114297
0.0153737
0.0211643
0.0244003
0.0232768
0.0174702
0.0103171
)
;

boundaryField
{
    wall-4
    {
        type            calculated;
        value           uniform 0;
    }
    pressure-outlet-7
    {
        type            calculated;
        value           nonuniform List<scalar> 
40
(
0.0854232
0.234135
0.412175
0.6074
0.816049
1.02587
1.24458
1.49568
1.79723
2.15987
2.18278
2.0285
2.29118
2.65226
2.47081
2.07226
1.57193
0.959426
0.395381
0.186442
0.0294133
0.170235
0.351611
0.556883
0.779073
1.00897
1.24104
1.4952
1.79627
2.15887
2.16139
1.88644
1.92409
2.30825
2.37971
2.08221
1.67536
1.1637
0.592807
0.0624145
)
;
    }
    velocity-inlet-6
    {
        type            calculated;
        value           nonuniform List<scalar> 
20
(
-1.12529
-1.12529
-1.12529
-1.12529
-1.12529
-1.12529
-1.12529
-1.12529
-1.12529
-1.12529
-1.12529
-1.12529
-1.12529
-1.12529
-1.12529
-1.12529
-1.12529
-1.12529
-1.12529
-1.12529
)
;
    }
    velocity-inlet-5
    {
        type            calculated;
        value           nonuniform List<scalar> 
40
(
-0.289011
-0.346776
-0.416168
-0.499439
-0.599215
-0.719057
-0.862907
-1.03564
-1.24269
-1.49119
-1.49119
-1.2425
-1.03545
-0.862907
-0.719057
-0.599402
-0.499252
-0.416168
-0.346776
-0.289011
-0.289011
-0.346776
-0.416168
-0.499252
-0.599402
-0.719057
-0.862907
-1.03545
-1.2425
-1.49119
-1.49119
-1.24269
-1.03564
-0.862907
-0.719057
-0.599215
-0.499439
-0.416168
-0.346776
-0.289011
)
;
    }
    frontAndBackPlanes
    {
        type            empty;
        value           nonuniform List<scalar> 0();
    }
}


// ************************************************************************* //
