/*--------------------------------*- C++ -*----------------------------------*\
| =========                 |                                                 |
| \\      /  F ield         | OpenFOAM: The Open Source CFD Toolbox           |
|  \\    /   O peration     | Version:  v2012                                 |
|   \\  /    A nd           | Website:  www.openfoam.com                      |
|    \\/     M anipulation  |                                                 |
\*---------------------------------------------------------------------------*/
FoamFile
{
    version     2.0;
    format      ascii;
    class       surfaceScalarField;
    location    "41";
    object      phi;
}
// * * * * * * * * * * * * * * * * * * * * * * * * * * * * * * * * * * * * * //

dimensions      [0 3 -1 0 0 0 0];
oriented        oriented;


internalField   nonuniform List<scalar> 
17370
(
-0.0910991
0.0935442
0.286566
-0.0749527
0.056952
0.364776
-0.0409345
0.0299501
0.427153
-0.021194
0.0155922
0.504853
-0.01134
0.00863856
0.602104
-0.00650529
0.00505465
0.720508
-0.00384178
0.00297772
0.863771
-0.00221748
0.00164682
1.03602
-0.00112017
0.000701915
1.24292
-0.000292369
-9.90166e-05
1.49158
0.000483209
-0.000892123
1.4916
0.00129342
-0.00179636
1.24319
0.00234648
-0.00308896
1.03638
0.00394313
-0.00515043
0.864114
0.0065969
-0.00872347
0.721184
0.0114163
-0.0156572
0.603456
0.0212488
-0.0299942
0.508185
0.0409694
-0.056978
0.432177
0.0749728
-0.0935559
0.365359
0.0911113
0.1979
-0.127344
0.08814
0.0392042
-0.364734
0.353784
-0.0726341
0.0835839
-0.446564
0.454365
-0.0817187
0.0739176
-0.520968
0.529523
-0.0658081
0.0572534
-0.612846
0.621015
-0.0495003
0.0413316
-0.726998
0.733786
-0.0344022
0.0276139
-0.867515
0.87244
-0.0222764
0.0173506
-1.03855
1.04189
-0.0136427
0.0103005
-1.24471
1.24712
-0.00775164
0.00534541
-1.49284
1.49485
-0.00338279
0.00137129
-1.49269
1.49451
0.000447131
-0.00226566
-1.2441
1.24602
0.00424052
-0.00615425
-1.0376
1.04009
0.00849735
-0.0109857
-0.866161
0.869819
0.0142646
-0.0179234
-0.724481
0.729782
0.0228045
-0.0281053
-0.608891
0.615779
0.0348524
-0.0417411
-0.514992
0.522702
0.0498632
-0.0575733
-0.439772
0.447836
0.0660782
-0.0741421
-0.37516
0.377001
0.0818913
-0.083732
-0.256922
0.223429
0.0727369
-0.0392441
-0.0686443
0.0589123
0.00973196
-0.0520894
0.0587915
-0.374535
0.367833
-0.0579081
0.0540833
-0.453824
0.457649
-0.0487251
0.0443852
-0.527736
0.532076
-0.0401605
0.0363778
-0.621095
0.624878
-0.0321569
0.0280929
-0.734871
0.738935
-0.023633
0.0196523
-0.874042
0.878022
-0.0155266
0.0120179
-1.04339
1.0469
-0.00845827
0.00540116
-1.24866
1.25171
-0.00217379
-0.000822996
-1.49694
1.49994
0.00379959
-0.00697095
-1.49743
1.5006
0.00994835
-0.0134012
-1.2501
1.25356
0.0168049
-0.0208163
-1.04573
1.04975
0.0247019
-0.0290707
-0.877327
0.881696
0.0330595
-0.0372006
-0.739322
0.743463
0.0409102
-0.0450573
-0.626355
0.630502
0.0493318
-0.0546274
-0.534946
0.540242
0.0583873
-0.0591889
-0.457929
0.458731
0.0523887
-0.0320252
-0.336412
0.316048
0.00978246
-0.0685139
0.0587315
-0.0531507
0.0490983
0.00405239
-0.0331874
0.0436887
-0.358353
0.347852
-0.0474118
0.0468285
-0.459498
0.460082
-0.0438537
0.0405845
-0.53601
0.539279
-0.0368739
0.0335394
-0.628428
0.631763
-0.0299784
0.0268357
-0.742243
0.745386
-0.0234988
0.0203434
-0.88156
0.884715
-0.016758
0.013389
-1.05038
1.05375
-0.00966513
0.00623621
-1.25501
1.25844
-0.00241921
-0.00122425
-1.50332
1.50696
0.00483949
-0.00857511
-1.50413
1.50787
0.011893
-0.0154664
-1.25718
1.26075
0.0186837
-0.0221
-1.05352
1.05693
0.0251132
-0.0283135
-0.885305
0.888505
0.0313447
-0.0347907
-0.746957
0.750403
0.0380217
-0.041621
-0.634525
0.638125
0.0447939
-0.0476626
-0.544478
0.547347
0.0481377
-0.0442642
-0.456909
0.453036
0.033585
-0.0162436
-0.296694
0.279353
0.00411247
-0.0529167
0.0488042
-0.0459734
0.0434447
0.00252873
-0.0229512
0.0333307
-0.3372
0.326821
-0.0391232
0.0401153
-0.459784
0.458792
-0.0389034
0.0366063
-0.541943
0.54424
-0.0339671
0.0314079
-0.634748
0.637307
-0.0284096
0.0255645
-0.748446
0.751291
-0.0223491
0.0193696
-0.887713
0.890692
-0.0160665
0.0129686
-1.05691
1.06001
-0.00943667
0.00604374
-1.26185
1.26524
-0.00213011
-0.00167844
-1.51072
1.51453
0.0054511
-0.00925547
-1.51169
1.51549
0.0125007
-0.0158336
-1.26423
1.26756
0.0187312
-0.02181
-1.06011
1.06318
0.0245957
-0.0276214
-0.891651
0.894676
0.0303121
-0.033153
-0.753594
0.756435
0.0355724
-0.0380646
-0.64114
0.643632
0.0402367
-0.0412865
-0.549176
0.550226
0.0401287
-0.0340968
-0.447857
0.441825
0.0234583
-0.0102659
-0.264195
0.251002
0.00260229
-0.0456138
0.0430115
-0.0413431
0.0395527
0.00179032
-0.0168889
0.0261816
-0.316939
0.307647
-0.0328084
0.034956
-0.457197
0.455049
-0.0345428
0.0328675
-0.546232
0.547907
-0.0306721
0.0285745
-0.639593
0.64169
-0.0261641
0.0238021
-0.753897
0.756259
-0.0209964
0.0182589
-0.893541
0.896279
-0.015087
0.0120712
-1.06302
1.06604
-0.00863164
0.00534124
-1.26854
1.27183
-0.00152519
-0.00220712
-1.5183
1.52203
0.00589258
-0.00957009
-1.51924
1.52292
0.0126721
-0.0158584
-1.27083
1.27402
0.0186197
-0.0215048
-1.06621
1.0691
0.0239896
-0.0265425
-0.897479
0.900031
0.0286991
-0.0309057
-0.758891
0.761097
0.0328274
-0.0348378
-0.645841
0.647851
0.0363353
-0.0365303
-0.550802
0.550997
0.0341306
-0.027157
-0.435236
0.428263
0.0175184
-0.00740023
-0.239495
0.229377
0.00187984
-0.04083
0.0389502
-0.0380099
0.036662
0.00134794
-0.0129171
0.0209183
-0.299003
0.291002
-0.0277097
0.0306569
-0.452469
0.449522
-0.030884
0.0297787
-0.549323
0.550428
-0.0277972
0.0258921
-0.643717
0.645622
-0.0237109
0.0216018
-0.758479
0.760588
-0.0191299
0.0166887
-0.898815
0.901256
-0.0137926
0.0109591
-1.06891
1.07175
-0.00765475
0.00446518
-1.27504
1.27823
-0.000764303
-0.00283601
-1.52568
1.52928
0.00637797
-0.00990568
-1.52653
1.53005
0.0128601
-0.0158489
-1.27715
1.28014
0.0183647
-0.0209003
-1.07183
1.07437
0.0230218
-0.0251691
-0.902348
0.904496
0.0270109
-0.0289293
-0.763128
0.765047
0.0306139
-0.0323776
-0.649718
0.651482
0.0332281
-0.0326985
-0.55084
0.55031
0.0293942
-0.0221317
-0.421091
0.413829
0.0136887
-0.00570652
-0.22043
0.212448
0.00145652
-0.03731
0.0358535
-0.035484
0.0344433
0.00104069
-0.0101092
0.0168853
-0.283639
0.276862
-0.0234245
0.0268371
-0.446322
0.442909
-0.0276515
0.0269817
-0.551305
0.551975
-0.0252444
0.0234865
-0.64749
0.649248
-0.0214559
0.0194825
-0.762633
0.764606
-0.0171607
0.0148789
-0.903551
0.905833
-0.012192
0.00955458
-1.07441
1.07705
-0.0064486
0.00341348
-1.28131
1.28434
0.000138284
-0.00359249
-1.53278
1.53624
0.00697684
-0.0103106
-1.53349
1.53683
0.0130533
-0.0157685
-1.28302
1.28574
0.0180134
-0.0202536
-1.07676
1.079
0.0221364
-0.0240506
-0.906519
0.908433
0.0256891
-0.027392
-0.766839
0.768542
0.0288771
-0.0303146
-0.653103
0.65454
0.0306638
-0.0294328
-0.549444
0.548213
0.0255323
-0.0183781
-0.406599
0.399445
0.0110507
-0.00457453
-0.205291
0.198815
0.00117239
-0.0345572
0.0333848
-0.0335293
0.0327165
0.000812848
-0.00802529
0.0137286
-0.270654
0.26495
-0.0197904
0.0234105
-0.439385
0.435765
-0.0247145
0.0243016
-0.552549
0.552962
-0.0228446
0.0212051
-0.650993
0.652633
-0.0192785
0.0174008
-0.766531
0.768409
-0.0151865
0.0130085
-0.907996
0.910174
-0.0104444
0.00793818
-1.07954
1.08205
-0.00500147
0.00213115
-1.28724
1.29011
0.00123166
-0.00450828
-1.53959
1.54286
0.00769744
-0.0107964
-1.54005
1.54315
0.0133091
-0.0157693
-1.28835
1.29081
0.0177945
-0.0198079
-1.08115
1.08316
0.0214897
-0.0231938
-0.910243
0.911947
0.024652
-0.0261701
-0.770132
0.77165
0.0274723
-0.0285497
-0.655776
0.656854
0.028544
-0.026668
-0.546668
0.544792
0.0224038
-0.0155591
-0.392443
0.385598
0.00917429
-0.00378157
-0.192933
0.18754
0.000973098
-0.0323267
0.0313536
-0.0320025
0.0313659
0.000636579
-0.00641607
0.0112007
-0.259737
0.254952
-0.0166769
0.0203075
-0.432145
0.428514
-0.0219499
0.0217755
-0.553298
0.553472
-0.0205658
0.0189962
-0.654284
0.655854
-0.0171375
0.0153209
-0.770249
0.772066
-0.0131807
0.0110783
-0.912231
0.914333
-0.00860566
0.00619332
-1.08443
1.08684
-0.00337478
0.000635656
-1.29286
1.2956
0.00254663
-0.00562476
-1.54601
1.54908
0.00859548
-0.0114576
-1.54613
1.54899
0.0137622
-0.0160036
-1.29319
1.29543
0.0178339
-0.0196363
-1.0851
1.0869
0.0211275
-0.0226301
-0.913562
0.915065
0.0239189
-0.025268
-0.77307
0.774419
0.0264326
-0.0271197
-0.657717
0.658404
0.0267595
-0.0243607
-0.542677
0.540278
0.0198963
-0.0134378
-0.378959
0.3725
0.00781562
-0.00321497
-0.182585
0.177985
0.000831336
-0.0304649
0.0296336
-0.0308105
0.0303171
0.00049338
-0.0051163
0.009105
-0.250595
0.246607
-0.0139456
0.0174341
-0.424971
0.421482
-0.0192742
0.0193076
-0.553593
0.55356
-0.0183147
0.0167997
-0.65746
0.658975
-0.0149837
0.0132003
-0.773849
0.775632
-0.011099
0.00904143
-0.916318
0.918375
-0.00663138
0.0042906
-1.08913
1.09147
-0.00156674
-0.00106147
-1.29822
1.30084
0.00409165
-0.00699097
-1.55203
1.55493
0.00975961
-0.0123995
-1.55173
1.55437
0.0144999
-0.0165187
-1.2976
1.29962
0.0181488
-0.0197409
-1.08863
1.09022
0.0210518
-0.0223713
-0.916497
0.917817
0.0235042
-0.0246891
-0.775671
0.776856
0.0256733
-0.0260017
-0.658883
0.659212
0.0252778
-0.0224547
-0.537689
0.534866
0.0179041
-0.0118416
-0.366261
0.360199
0.00682509
-0.00280866
-0.173712
0.169696
0.00073113
-0.0288657
0.0281345
-0.0298924
0.0295205
0.00037196
-0.00402202
0.00730717
-0.242997
0.239712
-0.0114955
0.0147271
-0.418147
0.414915
-0.0166337
0.0168343
-0.553504
0.553304
-0.0159399
0.0145144
-0.660517
0.661943
-0.0127133
0.0109349
-0.777388
0.779167
-0.00884519
0.00681033
-0.920314
0.922348
-0.0044411
0.00215354
-1.09368
1.09597
0.000486846
-0.00302366
-1.30336
1.30589
0.00592341
-0.00866261
-1.55771
1.56045
0.0112433
-0.0136645
-1.5569
1.55932
0.0155582
-0.0173495
-1.30156
1.30335
0.0187785
-0.020161
-1.09175
1.09313
0.0212903
-0.0224248
-0.919073
0.920207
0.0234015
-0.0244119
-0.777958
0.778969
0.0251501
-0.0252068
-0.6594
0.659456
0.0241034
-0.0209302
-0.53189
0.528717
0.0163579
-0.0106566
-0.354347
0.348645
0.006111
-0.00252272
-0.165928
0.162339
0.000662746
-0.0274518
0.0267891
-0.0292094
0.0289461
0.000263361
-0.00305665
0.00570147
-0.236773
0.234128
-0.00923182
0.0121207
-0.411884
0.408995
-0.0139827
0.0142858
-0.553123
0.55282
-0.0134621
0.012107
-0.663415
0.66477
-0.0103085
0.00851307
-0.780919
0.782715
-0.00640342
0.00435733
-0.924266
0.926312
-0.00199062
-0.000272961
-1.09814
1.1004
0.00287718
-0.00534299
-1.30832
1.31078
0.0081246
-0.0107128
-1.56306
1.56565
0.0131075
-0.0153075
-1.56162
1.56382
0.0169901
-0.0185459
-1.30506
1.30662
0.019766
-0.0209327
-1.09444
1.0956
0.0218771
-0.0228258
-0.92128
0.922229
0.0236437
-0.0244621
-0.779899
0.780717
0.0249407
-0.024733
-0.659348
0.659141
0.023251
-0.0197663
-0.525419
0.521934
0.0151967
-0.00979903
-0.343137
0.337739
0.00560984
-0.00232889
-0.158941
0.15566
0.000618758
-0.0261642
0.0255455
-0.02874
0.0285805
0.00015952
-0.00215208
0.00418763
-0.231811
0.229775
-0.00704673
0.00951627
-0.406351
0.403881
-0.011223
0.0115514
-0.552592
0.552264
-0.0107705
0.00945511
-0.666201
0.667516
-0.00764115
0.00580579
-0.78448
0.786316
-0.00364704
0.00156163
-0.928238
0.930323
0.000832549
-0.00310936
-1.10256
1.10484
0.005688
-0.00810223
-1.31314
1.31555
0.0107843
-0.0132304
-1.56812
1.57056
0.0154407
-0.0174154
-1.56589
1.56786
0.0188817
-0.0201982
-1.3081
1.30942
0.0212001
-0.0221306
-1.0967
1.09763
0.0228681
-0.0235987
-0.923109
0.923839
0.0242258
-0.0248564
-0.781461
0.782091
0.0250298
-0.024521
-0.658712
0.658204
0.0226754
-0.0189159
-0.518361
0.514601
0.0143556
-0.00920016
-0.332515
0.327359
0.005274
-0.00220694
-0.152525
0.149458
0.000594173
-0.0249565
0.0243624
-0.0284773
0.028423
5.423e-05
-0.00125815
0.0026921
-0.228057
0.226623
-0.0048593
0.00683991
-0.401696
0.399716
-0.00828203
0.00854825
-0.552079
0.551813
-0.00775889
0.00644465
-0.668945
0.67026
-0.00458016
0.00268231
-0.788119
0.790017
-0.000452735
-0.00169008
-0.932277
0.93442
0.00413533
-0.00644096
-1.10699
1.1093
0.00902711
-0.0114123
-1.31786
1.32024
0.014009
-0.0163147
-1.57287
1.57518
0.018332
-0.0200644
-1.5697
1.57143
0.0212932
-0.0223415
-1.31064
1.31169
0.0230956
-0.0237537
-1.09848
1.09914
0.024245
-0.0247281
-0.924509
0.924993
0.0251659
-0.0256175
-0.782617
0.783069
0.0254932
-0.0246329
-0.657406
0.656546
0.0224128
-0.018387
-0.510783
0.506757
0.013817
-0.00883125
-0.322358
0.317372
0.00508213
-0.00214787
-0.146502
0.143568
0.000586813
-0.0237926
0.0232058
-0.0284257
0.0284789
-5.32332e-05
-0.000344331
0.00116346
-0.225504
0.224685
-0.00260289
0.00402422
-0.398055
0.396634
-0.00510159
0.00522996
-0.551756
0.551627
-0.00438812
0.00303615
-0.671732
0.673084
-0.00110575
-0.000878784
-0.79188
0.793865
0.0032164
-0.00545543
-0.93643
0.938669
0.0079991
-0.0103758
-1.11149
1.11386
0.0130065
-0.0153889
-1.32252
1.3249
0.017922
-0.0200984
-1.57735
1.57953
0.0219266
-0.0234107
-1.57301
1.5745
0.0243882
-0.0251472
-1.31264
1.31339
0.0256344
-0.0260019
-1.09972
1.10008
0.0262243
-0.0264279
-0.925416
0.925619
0.0266411
-0.0267965
-0.783259
0.783414
0.0264127
-0.0251056
-0.655359
0.654052
0.0224826
-0.0181724
-0.502704
0.498394
0.0135575
-0.00866821
-0.312521
0.307632
0.00501859
-0.00214531
-0.140717
0.137844
0.000595188
-0.0226382
0.022043
-0.0285997
0.028778
-0.000178274
0.000607959
-0.000452718
-0.224177
0.224022
-0.000200118
0.000983934
-0.39556
0.394777
-0.00159001
0.00149856
-0.551786
0.551878
-0.000552257
-0.000903055
-0.674643
0.676099
0.00295027
-0.00506966
-0.795825
0.797945
0.00756539
-0.00994365
-0.940778
0.943156
0.0126224
-0.0150972
-1.11612
1.1186
0.0177982
-0.0202006
-1.32717
1.32958
0.0226879
-0.0247448
-1.58157
1.58362
0.0263665
-0.0275731
-1.57581
1.57702
0.0282649
-0.0286772
-1.31403
1.31444
0.0288478
-0.0288843
-1.10036
1.10039
0.0288225
-0.0287295
-0.925754
0.925661
0.0286795
-0.0284866
-0.783209
0.783016
0.0277892
-0.025956
-0.652463
0.650629
0.0229138
-0.0183012
-0.494087
0.489475
0.0135932
-0.00871552
-0.302854
0.297977
0.00508389
-0.00219904
-0.135027
0.132142
0.000619079
-0.0214631
0.020844
-0.0290319
0.0293596
-0.000327694
0.00171102
-0.00220132
-0.224196
0.224686
0.00242085
-0.00239202
-0.394365
0.394336
0.00241065
-0.00285127
-0.552395
0.552836
0.00399585
-0.00560128
-0.677808
0.679414
0.00781967
-0.0101129
-0.80003
0.802324
0.0128058
-0.0153568
-0.945396
0.947947
0.01821
-0.0208204
-1.12095
1.12356
0.0236295
-0.026075
-1.33186
1.33431
0.028523
-0.0304369
-1.58552
1.58744
0.0318255
-0.0327013
-1.57802
1.57889
0.033076
-0.0331089
-1.31471
1.31474
0.0329269
-0.0325866
-1.10029
1.09995
0.0321913
-0.0317488
-0.925441
0.924998
0.0313986
-0.0307807
-0.782391
0.781773
0.0296704
-0.0272688
-0.648599
0.646197
0.0237681
-0.0188011
-0.484892
0.479925
0.0139302
-0.00897044
-0.293188
0.288228
0.00527467
-0.00230724
-0.12929
0.126323
0.000657942
-0.0202371
0.0195791
-0.0297566
0.0302559
-0.000499292
0.00298298
-0.00427677
-0.225592
0.226886
0.0054254
-0.00621901
-0.394685
0.395479
0.00696516
-0.00784153
-0.553821
0.554697
0.00925403
-0.011068
-0.681345
0.683159
0.0135274
-0.0160564
-0.804587
0.807116
0.0190167
-0.0218063
-0.950361
0.95315
0.0249041
-0.0277081
-1.12605
1.12886
0.030678
-0.0332008
-1.33663
1.33915
0.0356324
-0.0374097
-1.58918
1.59095
0.0385502
-0.0390716
-1.57953
1.58006
0.0390757
-0.0386901
-1.31458
1.3142
0.0381052
-0.0373299
-1.09939
1.09862
0.0365483
-0.0356926
-0.924348
0.923492
0.0349792
-0.0338432
-0.780646
0.77951
0.0322292
-0.029196
-0.643668
0.640635
0.0251614
-0.019751
-0.474999
0.469588
0.0146201
-0.00946063
-0.283329
0.278169
0.00560308
-0.00247271
-0.123362
0.120231
0.00071179
-0.0189304
0.0182186
-0.0308365
0.0315614
-0.000724951
0.00451442
-0.00670739
-0.22861
0.230803
0.00892028
-0.0106225
-0.396695
0.398397
0.0122106
-0.0136446
-0.556265
0.557699
0.0154463
-0.0175549
-0.685374
0.687483
0.0203522
-0.0232103
-0.809619
0.812477
0.026544
-0.0296661
-0.95582
0.958942
0.0330989
-0.03616
-1.13156
1.13462
0.0393325
-0.041946
-1.34155
1.34416
0.0443448
-0.045947
-1.59253
1.59413
0.0467753
-0.0468731
-1.5803
1.5804
0.0464294
-0.0455656
-1.31355
1.31269
0.0445277
-0.0432622
-1.09755
1.09629
0.0420482
-0.0407301
-0.922346
0.921028
0.0395501
-0.0378497
-0.77783
0.776129
0.0356123
-0.0318512
-0.637503
0.633742
0.0271989
-0.0212373
-0.464232
0.458271
0.0157221
-0.0102175
-0.273035
0.26753
0.00608154
-0.00269587
-0.117078
0.113693
0.000778427
-0.0175146
0.0167362
-0.0323659
0.0333818
-0.00101591
0.00640707
-0.00966702
-0.23344
0.2367
0.013121
-0.0158767
-0.400657
0.403412
0.0184211
-0.0205345
-0.560007
0.56212
0.0228852
-0.0254312
-0.690101
0.692647
0.0287166
-0.0320194
-0.815319
0.818622
0.0358286
-0.0393564
-0.96195
0.965478
0.0431848
-0.0465417
-1.13758
1.14093
0.0499425
-0.0526485
-1.34663
1.34934
0.0549923
-0.0563709
-1.59548
1.59686
0.0568231
-0.0564121
-1.58016
1.57975
0.0554591
-0.0540077
-1.31146
1.31001
0.0524545
-0.0506309
-1.09465
1.09282
0.0489264
-0.0470771
-0.919322
0.917473
0.0453609
-0.0430349
-0.773866
0.77154
0.0400881
-0.0354957
-0.629912
0.62532
0.0301069
-0.0234293
-0.452362
0.445684
0.0173564
-0.0113132
-0.261999
0.255956
0.00674672
-0.00298842
-0.110246
0.106487
0.000859534
-0.015964
0.0151044
-0.0344654
0.0358694
-0.00140395
0.00882278
-0.0133727
-0.240377
0.244927
0.018262
-0.0222053
-0.406892
0.410835
0.0258438
-0.0287859
-0.565371
0.568313
0.0318832
-0.0350542
-0.695834
0.699005
0.0390164
-0.0429028
-0.821911
0.825797
0.0473067
-0.0513302
-0.968897
0.97292
0.0556334
-0.059336
-1.14418
1.14788
0.0629867
-0.0657713
-1.35187
1.35466
0.0679986
-0.0690603
-1.59794
1.599
0.0690315
-0.0679935
-1.57893
1.57789
0.0664249
-0.0642771
-1.30809
1.30594
0.0621176
-0.0596787
-1.09051
1.08807
0.0574373
-0.0550325
-0.915144
0.912739
0.0527167
-0.0497086
-0.768638
0.76563
0.0459671
-0.040398
-0.620676
0.615107
0.0341051
-0.0264939
-0.43905
0.431439
0.0196359
-0.0128056
-0.249821
0.242991
0.00762356
-0.00335805
-0.102622
0.0983569
0.00095689
-0.0142494
0.0132925
-0.037316
0.0392729
-0.00195692
0.012105
-0.0182787
-0.249836
0.25601
0.0248682
-0.03018
-0.415807
0.421119
0.0350909
-0.0390385
-0.572723
0.576671
0.0430773
-0.047073
-0.702953
0.706949
0.0519318
-0.0565731
-0.829673
0.834315
0.061727
-0.0663523
-0.976863
0.981488
0.0712014
-0.075262
-1.15147
1.15553
0.0791136
-0.081879
-1.3572
1.35997
0.0838412
-0.0844194
-1.59967
1.60024
0.0837354
-0.0819046
-1.57636
1.57453
0.0795925
-0.076646
-1.30325
1.3003
0.0737942
-0.0706487
-1.08497
1.08183
0.0678312
-0.0648394
-0.909722
0.90673
0.0618605
-0.0580789
-0.762008
0.758227
0.0534107
-0.0466916
-0.609497
0.602778
0.0392971
-0.0304825
-0.423864
0.41505
0.0225614
-0.0146632
-0.236005
0.228107
0.00867863
-0.00378577
-0.0939502
0.0890574
0.00106447
-0.0123413
0.0112768
-0.0412244
0.0440339
-0.00280951
0.0168797
-0.0251868
-0.262485
0.270792
0.0338616
-0.0408154
-0.428002
0.434956
0.0472494
-0.0524209
-0.582501
0.587673
0.057714
-0.0628383
-0.711861
0.716985
0.0688037
-0.0743353
-0.838936
0.844467
0.0803308
-0.085575
-0.986033
0.991277
0.090905
-0.0951964
-1.15939
1.16368
0.0990518
-0.101583
-1.36238
1.36491
0.103018
-0.102866
-1.60029
1.60014
0.101289
-0.0984425
-1.57209
1.56924
0.0952221
-0.0913309
-1.29674
1.29285
0.0876842
-0.0837636
-1.07792
1.074
0.0803206
-0.0766801
-0.902885
0.899245
0.0730289
-0.0683223
-0.753691
0.748984
0.0625789
-0.0544919
-0.595993
0.587906
0.0457261
-0.0353518
-0.406254
0.395879
0.0260375
-0.0167824
-0.220018
0.210763
0.00983355
-0.00423306
-0.0840187
0.0784182
0.00117109
-0.010225
0.00905395
-0.0467439
0.0510013
-0.00425733
0.0243589
-0.0355968
-0.279422
0.29066
0.0470038
-0.0561635
-0.444519
0.453679
0.0644771
-0.0711133
-0.595299
0.601935
0.0779956
-0.084573
-0.723029
0.729607
0.0917624
-0.0981574
-0.849952
0.856347
0.104853
-0.110498
-0.99634
1.00198
0.11599
-0.120174
-1.1676
1.17179
0.123623
-0.125531
-1.36687
1.36878
0.126005
-0.124732
-1.59924
1.59796
0.121929
-0.117797
-1.56564
1.56151
0.113476
-0.108484
-1.28827
1.28328
0.103936
-0.099151
-1.06921
1.06443
0.0950389
-0.0906623
-0.894437
0.89006
0.0862884
-0.0804767
-0.743333
0.737521
0.0734397
-0.0636628
-0.579637
0.56986
0.0531781
-0.040853
-0.385494
0.373169
0.0298242
-0.0189707
-0.201374
0.19052
0.0109537
-0.00463227
-0.0727329
0.0664115
0.00125446
-0.00791329
0.00665883
-0.0549377
0.0622559
-0.00731816
0.0377186
-0.0533202
-0.302784
0.318386
0.0685731
-0.0806562
-0.466882
0.478965
0.0909599
-0.0990361
-0.611617
0.619694
0.107542
-0.115398
-0.736796
0.744652
0.123508
-0.130321
-0.862488
0.869301
0.137121
-0.142574
-1.00718
1.01263
0.147578
-0.151051
-1.17529
1.17877
0.153471
-0.154182
-1.36982
1.37053
0.153137
-0.15028
-1.59566
1.5928
0.145896
-0.140205
-1.55643
1.55074
0.134589
-0.128326
-1.2775
1.27123
0.122738
-0.116965
-1.05867
1.05289
0.112067
-0.10686
-0.884279
0.879071
0.101664
-0.0944699
-0.7305
0.723307
0.0857787
-0.0738335
-0.559618
0.547673
0.0612041
-0.0465863
-0.360752
0.346134
0.0336365
-0.0210762
-0.179749
0.167189
0.0119559
-0.0049454
-0.0601969
0.0531863
0.00129598
-0.00546521
0.00416923
-0.0691103
0.0731165
-0.00400621
0.0286016
-0.042108
-0.336558
0.350064
0.0556503
-0.0666008
-0.496336
0.507287
0.0764101
-0.0856913
-0.631194
0.640475
0.0961735
-0.105501
-0.752091
0.761418
0.115783
-0.124872
-0.875242
0.88433
0.134434
-0.142796
-1.01714
1.0255
0.15132
-0.158363
-1.18112
1.18817
0.164951
-0.169676
-1.37002
1.37475
0.173018
-0.173972
-1.58866
1.58961
0.172461
-0.168958
-1.54389
1.54038
0.164438
-0.158563
-1.26404
1.25816
0.152966
-0.146353
-1.04603
1.03942
0.140637
-0.134277
-0.872103
0.865743
0.127592
-0.117649
-0.714441
0.704498
0.105131
-0.0884495
-0.53491
0.518228
0.0714191
-0.0521789
-0.331178
0.311938
0.0360861
-0.0214749
-0.155057
0.140445
0.0115505
-0.00450739
-0.0468103
0.0397672
0.00108532
-0.00299626
0.00191094
-0.0803631
0.0783015
0.00206158
0.00686873
-0.0156675
-0.366366
0.375165
0.0259343
-0.0337292
-0.522916
0.530711
0.0415871
-0.0495327
-0.652112
0.660058
0.0591274
-0.0679113
-0.770403
0.779187
0.0771747
-0.0855823
-0.892897
0.901305
0.0944144
-0.101821
-1.03359
1.041
0.109556
-0.115587
-1.19502
1.20105
0.121154
-0.124818
-1.37913
1.3828
0.126717
-0.126356
-1.58964
1.58927
0.123481
-0.118555
-1.53591
1.53099
0.112585
-0.105212
-1.25159
1.24422
0.0982073
-0.0902722
-1.03174
1.0238
0.0828923
-0.0746585
-0.855885
0.847652
0.0670374
-0.0583039
-0.690525
0.681791
0.0488204
-0.0372686
-0.499494
0.487942
0.0267111
-0.0168076
-0.292368
0.282465
0.0100768
-0.00514989
-0.126478
0.121551
0.00239728
-0.000824084
-0.0331734
0.0316002
0.000196446
-0.000766543
0.000570097
-0.0816081
0.0786749
0.00293321
-0.00208987
-0.00288558
-0.386427
0.391402
0.00977928
-0.0155869
-0.542528
0.548335
0.0216128
-0.028473
-0.669951
0.676811
0.0367726
-0.0443986
-0.787079
0.794705
0.052692
-0.0600875
-0.909008
0.916404
0.0676371
-0.0743361
-1.04826
1.05496
0.0811255
-0.0865019
-1.20667
1.21205
0.0909999
-0.0936779
-1.38578
1.38845
0.0947994
-0.0935033
-1.58808
1.58679
0.089702
-0.0838634
-1.5252
1.51937
0.077206
-0.0693481
-1.23642
1.22856
0.061619
-0.053292
-1.01506
1.00673
0.0456844
-0.0373603
-0.838079
0.829755
0.030011
-0.0220635
-0.669028
0.661081
0.0145132
-0.00634561
-0.474333
0.466166
0.000851407
0.00239705
-0.271566
0.268317
-0.00338664
0.00306548
-0.115507
0.115828
-0.00215145
0.00102044
-0.0295083
0.0306394
-0.000264159
-0.000273793
0.000537953
-0.0802922
0.0775347
0.00275741
-0.00552419
0.00317974
-0.399726
0.402071
0.00114672
-0.00562731
-0.557244
0.561725
0.0108707
-0.0166798
-0.684679
0.690488
0.0238275
-0.030438
-0.801745
0.808355
0.037621
-0.0440583
-0.923326
0.929764
0.0510168
-0.0567959
-1.06128
1.06706
0.0628383
-0.0671781
-1.21705
1.22139
0.071077
-0.0732851
-1.39092
1.39313
0.0738291
-0.0719642
-1.58504
1.58318
0.0681633
-0.0625243
-1.51302
1.50738
0.056152
-0.0483273
-1.22055
1.21272
0.0409568
-0.0328861
-0.998004
0.989933
0.0251555
-0.0167634
-0.820226
0.811833
0.00884813
-0.00105683
-0.649211
0.64142
-0.00505176
0.0101144
-0.456335
0.451272
-0.012041
0.0114664
-0.262368
0.262942
-0.00970383
0.00696834
-0.114785
0.117521
-0.00449973
0.00206725
-0.0310135
0.0334459
-0.000589078
-0.000656237
0.00124531
-0.0787893
0.0763833
0.00240603
-0.00649812
0.00568015
-0.408603
0.409421
-0.002467
-0.000755847
-0.569252
0.572475
0.0051642
-0.0105244
-0.69712
0.70248
0.0166101
-0.0225035
-0.81432
0.820214
0.0288329
-0.0345281
-0.935817
0.941512
0.0406106
-0.0458583
-1.07275
1.078
0.0510858
-0.0551809
-1.22563
1.22973
0.0586271
-0.0605607
-1.39504
1.39697
0.0610159
-0.0593352
-1.58131
1.57963
0.0559907
-0.0508567
-1.50139
1.49625
0.0452199
-0.0383282
-1.20519
1.1983
0.0315244
-0.0235786
-0.981512
0.973566
0.0158655
-0.00707211
-0.802088
0.793295
-0.000890897
0.0083621
-0.630571
0.6231
-0.0134109
0.0166814
-0.443689
0.440419
-0.0171597
0.0150233
-0.259875
0.262011
-0.0120777
0.00857916
-0.118773
0.122272
-0.00546833
0.00250507
-0.0351231
0.0380864
-0.000746231
-0.00164937
0.0023956
-0.0774485
0.0754015
0.00204698
-0.00631143
0.00595451
-0.414723
0.41508
-0.00404638
0.00134231
-0.57856
0.581264
0.00294407
-0.00759847
-0.707831
0.712485
0.0129356
-0.0181496
-0.825363
0.830577
0.0238815
-0.0290618
-0.946916
0.952096
0.0347203
-0.0394104
-1.08301
1.0877
0.0442209
-0.0480209
-1.23359
1.23739
0.0512141
-0.0530692
-1.39874
1.40059
0.0536377
-0.0526782
-1.57809
1.57713
0.0498771
-0.0456219
-1.49105
1.4868
0.0406323
-0.0343461
-1.1915
1.18521
0.0281707
-0.0203711
-0.965427
0.957627
0.0127538
-0.00428001
-0.783763
0.775289
-0.00319764
0.0100358
-0.61339
0.606552
-0.0143724
0.0170695
-0.434491
0.431793
-0.0170307
0.0148096
-0.260406
0.262627
-0.0119267
0.00840663
-0.124259
0.127779
-0.00530673
0.00245281
-0.0400459
0.0428998
-0.000740632
-0.00285907
0.0035997
-0.0764602
0.0748703
0.00158992
-0.00542155
0.00538202
-0.419289
0.419329
-0.0038261
0.00174414
-0.586799
0.588881
0.00230654
-0.00658443
-0.717252
0.72153
0.0117228
-0.0162958
-0.835425
0.839998
0.0214144
-0.0260755
-0.957283
0.961944
0.0315045
-0.0358365
-1.09245
1.09678
0.0402101
-0.0439153
-1.24105
1.24476
0.0474156
-0.049332
-1.40257
1.40449
0.0502722
-0.0496235
-1.57598
1.57533
0.0475927
-0.0436154
-1.48255
1.47857
0.0392071
-0.0334533
-1.17886
1.17311
0.0274389
-0.0201458
-0.949773
0.94248
0.0128531
-0.00474452
-0.766181
0.758073
-0.00187093
0.0079825
-0.59799
0.591879
-0.0117779
0.0137623
-0.426823
0.424838
-0.0139466
0.0124099
-0.26158
0.263117
-0.010016
0.00703903
-0.129507
0.132484
-0.00443911
0.00206707
-0.0445588
0.0469308
-0.000636407
-0.00397261
0.00460902
-0.0759732
0.0747254
0.0012478
-0.00437209
0.00446475
-0.42291
0.422817
-0.00307559
0.00109187
-0.594024
0.596007
0.0028148
-0.00667902
-0.725838
0.729702
0.0111487
-0.0155993
-0.844533
0.848984
0.0203758
-0.0251905
-0.966437
0.971251
0.0299212
-0.0341003
-1.10123
1.10541
0.0386509
-0.0421942
-1.24839
1.25193
0.0453543
-0.0478305
-1.4064
1.40888
0.0491378
-0.0489296
-1.57485
1.57464
0.0471642
-0.0437761
-1.47484
1.47145
0.0396444
-0.0341471
-1.16701
1.16151
0.0284983
-0.0216456
-0.935001
0.928148
0.0149826
-0.00786897
-0.749875
0.742762
0.00173325
0.00360534
-0.584434
0.579096
-0.00693527
0.00888722
-0.42042
0.418469
-0.00933631
0.00836769
-0.262003
0.262971
-0.00680373
0.00478454
-0.133398
0.135417
-0.00305164
0.00144798
-0.0480128
0.0496165
-0.000469032
-0.00484861
0.00531764
-0.0759973
0.0749583
0.00103905
-0.00313161
0.00300165
-0.426128
0.426258
-0.00181782
-8.35874e-05
-0.600703
0.602604
0.0037779
-0.00753192
-0.733886
0.73764
0.0118264
-0.0158786
-0.853223
0.857275
0.0207703
-0.0248057
-0.975507
0.979542
0.029511
-0.03353
-1.10975
1.11377
0.0380063
-0.0417994
-1.25549
1.25929
0.0453282
-0.047679
-1.41118
1.41353
0.049394
-0.0495869
-1.5744
1.57459
0.0483786
-0.0451625
-1.4679
1.46469
0.041331
-0.0361409
-1.15605
1.15086
0.0309102
-0.0245882
-0.921108
0.914786
0.0187376
-0.0124051
-0.735467
0.729135
0.00708768
-0.00222932
-0.572814
0.567956
-0.00106772
0.00298313
-0.414095
0.41218
-0.00380001
0.0036547
-0.261315
0.261461
-0.00312213
0.00217924
-0.135412
0.136355
-0.00137264
0.000686789
-0.049887
0.0505728
-0.000236609
-0.00538021
0.00561682
-0.0762894
0.0755737
0.000715773
-0.00200666
0.00147205
-0.429423
0.429958
-0.000492708
-0.00170794
-0.606461
0.608662
0.00494665
-0.00852783
-0.741409
0.74499
0.012624
-0.0167856
-0.861181
0.865342
0.0210519
-0.0252365
-0.983786
0.987971
0.0299052
-0.0337328
-1.11822
1.12205
0.0383309
-0.0421232
-1.26292
1.26671
0.0457642
-0.0486727
-1.41632
1.41923
0.0508645
-0.051269
-1.57481
1.57522
0.0501764
-0.0475013
-1.46157
1.45889
0.0440883
-0.0392194
-1.1455
1.14063
0.0343176
-0.0287685
-0.908441
0.902891
0.0232033
-0.0177273
-0.72261
0.717134
0.0129897
-0.00843925
-0.562598
0.558048
0.00528852
-0.002841
-0.407784
0.405337
0.00151879
-0.000738524
-0.259204
0.258424
0.000378043
-0.000148851
-0.135326
0.135097
-3.82664e-05
0.000136504
-0.0501481
0.0500498
-9.85007e-05
-0.00549202
0.00559052
-0.0769929
0.0764385
0.000554391
-0.00104897
0.000625162
-0.432916
0.43334
0.000978941
-0.00302382
-0.612375
0.61442
0.00636188
-0.00978599
-0.748366
0.75179
0.0136941
-0.0174321
-0.86916
0.872898
0.0217995
-0.025663
-0.992159
0.996023
0.0302832
-0.0345543
-1.12634
1.13061
0.0388249
-0.042973
-1.27057
1.27472
0.0470579
-0.0500606
-1.42206
1.42506
0.0525793
-0.0536658
-1.57581
1.57689
0.0528893
-0.0507018
-1.45603
1.45384
0.0474249
-0.0430191
-1.13577
1.13136
0.0386274
-0.033462
-0.896998
0.891832
0.0285377
-0.0234889
-0.711195
0.706146
0.0191011
-0.0146548
-0.552878
0.548431
0.0112863
-0.00845708
-0.401099
0.398269
0.0063749
-0.0047184
-0.255445
0.253789
0.00336919
-0.00204997
-0.133172
0.131852
0.00103788
-0.000293965
-0.0488943
0.0481504
7.66719e-06
-0.00524816
0.00524049
-0.0779639
0.0775949
0.00036891
-5.52104e-05
-0.000634932
-0.43649
0.43718
0.00215743
-0.00445782
-0.61786
0.62016
0.00766875
-0.0108966
-0.75502
0.758248
0.0148445
-0.0184034
-0.876598
0.880156
0.0225941
-0.0265703
-1.00036
1.00434
0.0310995
-0.0353491
-1.13475
1.13899
0.0398604
-0.0440545
-1.27881
1.283
0.0483312
-0.052055
-1.42835
1.43208
0.0549561
-0.0562492
-1.57789
1.57918
0.0560551
-0.0540996
-1.45149
1.44954
0.0513386
-0.0474873
-1.12688
1.12303
0.0432596
-0.0384911
-0.886432
0.881663
0.0339453
-0.0290947
-0.700738
0.695888
0.0249906
-0.0205467
-0.543671
0.539227
0.0170363
-0.0135924
-0.393802
0.390358
0.0109027
-0.00831852
-0.250016
0.247432
0.00597121
-0.00372309
-0.12902
0.126772
0.00202781
-0.000737631
-0.0464114
0.0451212
0.00012982
-0.00478673
0.00465691
-0.0791616
0.0789357
0.000225909
0.000936834
-0.00170814
-0.440317
0.441088
0.00325248
-0.00557162
-0.623345
0.625664
0.00859965
-0.0118769
-0.761572
0.764849
0.0156032
-0.019202
-0.88371
0.887309
0.0232018
-0.0272766
-1.00814
1.01221
0.0316685
-0.0361941
-1.14332
1.14785
0.0406434
-0.0451899
-1.28716
1.29171
0.0498758
-0.0536254
-1.43554
1.43929
0.056999
-0.0590708
-1.58071
1.58279
0.0591371
-0.0579491
-1.44767
1.44648
0.0555996
-0.0518934
-1.11901
1.11531
0.0480778
-0.0436541
-0.87669
0.872266
0.0394012
-0.0348115
-0.690831
0.686242
0.0306414
-0.0262629
-0.534292
0.529913
0.0223299
-0.0182969
-0.385586
0.381553
0.01485
-0.0112685
-0.24296
0.239378
0.00820055
-0.00510265
-0.123084
0.119986
0.00283815
-0.00107138
-0.0428924
0.0411257
0.000225441
-0.0041496
0.00392416
-0.0804772
0.0804771
1.90615e-07
0.0013214
-0.00235019
-0.444239
0.445267
0.0041995
-0.00674441
-0.628832
0.631376
0.00984063
-0.0129151
-0.767988
0.771062
0.0161766
-0.0195835
-0.890928
0.894335
0.023826
-0.0277148
-1.01631
1.02019
0.032466
-0.0368151
-1.15201
1.15636
0.04177
-0.046205
-1.29622
1.30066
0.0510025
-0.055272
-1.44318
1.44745
0.0589997
-0.061616
-1.58459
1.58721
0.0625225
-0.0616522
-1.44518
1.44431
0.0597916
-0.0566839
-1.11154
1.10844
0.0530607
-0.0487796
-0.867415
0.863134
0.044652
-0.0400314
-0.681283
0.676663
0.0358025
-0.0312172
-0.52489
0.520304
0.0269893
-0.0223809
-0.376439
0.371831
0.0182221
-0.0137076
-0.234282
0.229767
0.00993338
-0.00616395
-0.115631
0.111861
0.0034094
-0.00133952
-0.0384814
0.0364115
0.000310879
-0.00337491
0.00306403
-0.0819384
0.0820498
-0.000111314
0.00188083
-0.00304334
-0.448368
0.44953
0.00498396
-0.00744664
-0.634079
0.636542
0.0105745
-0.0134305
-0.774263
0.777119
0.0167219
-0.0202906
-0.897831
0.901399
0.0240251
-0.0280611
-1.02422
1.02825
0.032633
-0.0370603
-1.16084
1.16527
0.0422412
-0.0471252
-1.3054
1.31029
0.0521278
-0.0565919
-1.45188
1.45635
0.0610163
-0.0639288
-1.58991
1.59283
0.0656536
-0.0654272
-1.44379
1.44357
0.0639652
-0.0610774
-1.10526
1.10237
0.0578961
-0.0537251
-0.858595
0.854425
0.0496366
-0.0450256
-0.67156
0.666949
0.0405737
-0.0356779
-0.514948
0.510052
0.0310385
-0.0257529
-0.366244
0.360959
0.0209746
-0.0156955
-0.223897
0.218618
0.0111603
-0.00683804
-0.106868
0.102546
0.00372843
-0.0014437
-0.0335862
0.0313014
0.000341026
-0.00252316
0.00218213
-0.0834964
0.0836456
-0.000149219
0.00220189
-0.00368493
-0.452451
0.453934
0.00588385
-0.00819954
-0.639298
0.641614
0.011158
-0.0138047
-0.780273
0.78292
0.0171366
-0.0205976
-0.904585
0.908046
0.0244792
-0.0285275
-1.03198
1.03603
0.0326652
-0.0372405
-1.16981
1.17439
0.042577
-0.0476151
-1.31497
1.32001
0.0529814
-0.0577184
-1.46089
1.46563
0.0625049
-0.0660978
-1.59616
1.59975
0.0681296
-0.0689148
-1.4434
1.44419
0.0679485
-0.0656074
-1.09957
1.09723
0.062595
-0.0585645
-0.849959
0.845928
0.0545015
-0.0495574
-0.661693
0.656749
0.044781
-0.0394271
-0.504394
0.49904
0.0341272
-0.0283075
-0.354693
0.348873
0.0227573
-0.0168592
-0.212071
0.206173
0.0117841
-0.00708854
-0.097153
0.0924575
0.00382406
-0.00147653
-0.028428
0.0260804
0.000342703
-0.00167139
0.00132869
-0.085046
0.0852517
-0.000205735
0.00249327
-0.00406931
-0.456881
0.458457
0.00618435
-0.00868242
-0.644317
0.646816
0.0111849
-0.0142389
-0.785703
0.788757
0.0173441
-0.0206237
-0.911318
0.914597
0.0244681
-0.0282522
-1.03999
1.04377
0.0329523
-0.0374179
-1.17891
1.18338
0.0425942
-0.0478581
-1.32489
1.33016
0.0531251
-0.058362
-1.47077
1.47601
0.0636008
-0.0677368
-1.60362
1.60776
0.070559
-0.0719274
-1.4448
1.44617
0.0715699
-0.0697858
-1.09499
1.09321
0.067158
-0.0633519
-0.841728
0.837922
0.059155
-0.0539331
-0.651367
0.646145
0.0486575
-0.0423718
-0.492886
0.4866
0.0365438
-0.0298157
-0.341946
0.335218
0.0234973
-0.0170035
-0.19896
0.192467
0.0116026
-0.0067996
-0.0869229
0.0821199
0.00358846
-0.00135515
-0.0233376
0.0211043
0.00031407
-0.00087537
0.0005613
-0.0866978
0.0868792
-0.000181417
0.00277044
-0.00408735
-0.461472
0.462789
0.00641368
-0.0086417
-0.649348
0.651576
0.0115161
-0.0140607
-0.791581
0.794125
0.0173297
-0.0204209
-0.917957
0.921048
0.0245085
-0.0281737
-1.04784
1.05151
0.0328208
-0.0368958
-1.18833
1.1924
0.0425129
-0.0475748
-1.33527
1.34034
0.0531401
-0.0585913
-1.48115
1.4866
0.0642908
-0.0690277
-1.61236
1.61709
0.0727031
-0.0747292
-1.44768
1.44971
0.0748611
-0.0736359
-1.09147
1.09024
0.0714385
-0.0677843
-0.833654
0.829999
0.0635642
-0.0580109
-0.640322
0.634769
0.052162
-0.0449925
-0.479495
0.472326
0.0379802
-0.0299633
-0.327175
0.319158
0.0227189
-0.0155475
-0.184793
0.177622
0.0100323
-0.00553096
-0.0767517
0.0722504
0.00275179
-0.00101092
-0.0186963
0.0169554
0.000245804
-0.000195044
-5.07596e-05
-0.0881917
0.0884191
-0.000227322
0.00260509
-0.00447939
-0.465545
0.467419
0.00677984
-0.00913014
-0.654212
0.656562
0.0114615
-0.014149
-0.796855
0.799542
0.0171518
-0.0203761
-0.924356
0.92758
0.0238117
-0.0276916
-1.05525
1.05913
0.0320348
-0.0365673
-1.19713
1.20166
0.0418187
-0.0471049
-1.34556
1.35085
0.0528571
-0.0584161
-1.49213
1.49769
0.0644695
-0.0698374
-1.62202
1.62739
0.0741487
-0.0766852
-1.45222
1.45475
0.0778045
-0.0774112
-1.08913
1.08873
0.0753564
-0.0720429
-0.826159
0.822846
0.0680865
-0.0622508
-0.628664
0.622828
0.0556685
-0.0473369
-0.46403
0.455699
0.0386779
-0.0287437
-0.30965
0.299716
0.0199471
-0.0114293
-0.169188
0.16067
0.0055026
-0.00129175
-0.0674138
0.063203
-0.000668998
0.0010658
-0.0154428
0.015046
-0.000514712
0.000147797
0.000366915
-0.0897802
0.0900367
-0.000256506
0.00270965
-0.00453331
-0.469793
0.471617
0.00676485
-0.00897317
-0.658851
0.661059
0.011388
-0.0137215
-0.802387
0.80472
0.017035
-0.0197521
-0.930654
0.933371
0.0235343
-0.0271567
-1.06286
1.06648
0.031304
-0.0358505
-1.20613
1.21067
0.0410249
-0.0460921
-1.35594
1.36101
0.0522706
-0.0578293
-1.50347
1.50903
0.064421
-0.070159
-1.63296
1.6387
0.0748552
-0.0784982
-1.45808
1.46172
0.0801353
-0.0803942
-1.08828
1.08854
0.0792038
-0.0763379
-0.81955
0.816684
0.0724918
-0.0667779
-0.616443
0.610729
0.0596886
-0.0498181
-0.4462
0.43633
0.0394331
-0.0267273
-0.287804
0.275099
0.0151165
-0.00324562
-0.150085
0.138214
-0.00574636
0.0130347
-0.0576916
0.0504033
-0.0162293
0.0145496
-0.015368
0.0170476
-0.00817909
-0.00358531
0.0117644
-0.0912109
0.0914967
-0.000285855
0.00289158
-0.00458957
-0.474009
0.475707
0.00702538
-0.00907456
-0.663592
0.665641
0.0115129
-0.0138893
-0.807426
0.809802
0.0168314
-0.0200712
-0.936331
0.939571
0.0237953
-0.0272256
-1.07055
1.07398
0.0318062
-0.036676
-1.21513
1.22
0.0421027
-0.0476967
-1.3664
1.372
0.0545839
-0.0609626
-1.51515
1.52153
0.0682079
-0.0753993
-1.64465
1.65184
0.081362
-0.0862931
-1.4658
1.47073
0.089418
-0.0909855
-1.08904
1.09061
0.0905905
-0.0883176
-0.813808
0.811536
0.0847314
-0.0789586
-0.604167
0.598394
0.0712012
-0.0594686
-0.425776
0.414043
0.0461607
-0.0292031
-0.260161
0.243203
0.0125605
0.00702993
-0.122981
0.103391
-0.0203063
0.0233699
-0.0378632
0.0347996
-0.00765573
-0.0416598
-0.0172615
0.0665771
0.130216
-0.284126
-0.0361912
0.190101
-0.0926219
0.0929159
-0.000293952
0.00290783
-0.00462037
-0.478225
0.479937
0.006691
-0.00881535
-0.667986
0.670111
0.011344
-0.013584
-0.812614
0.814854
0.016805
-0.0198041
-0.942692
0.945691
0.0234797
-0.0271455
-1.07809
1.08176
0.0317489
-0.036581
-1.22447
1.2293
0.0424374
-0.0479926
-1.37798
1.38353
0.0551932
-0.062221
-1.52825
1.53528
0.0703767
-0.0782488
-1.65905
1.66693
0.0856524
-0.0919657
-1.47654
1.48285
0.096549
-0.0996919
-1.09255
1.0957
0.100421
-0.0989438
-0.809639
0.808162
0.0960916
-0.0910066
-0.591811
0.586726
0.0835951
-0.0716063
-0.401943
0.389955
0.0567784
-0.0375566
-0.224217
0.204995
0.0267018
-0.0411333
-0.0898383
0.10427
0.109049
-0.291602
-0.0825758
0.265129
0.549564
-0.825852
-0.268502
0.54479
1.01952
-1.15847
-0.450994
0.589949
-0.093951
0.0941684
-0.000217452
0.00275678
-0.00451276
-0.482223
0.483979
0.00642285
-0.00882117
-0.672278
0.674677
0.0112675
-0.0133009
-0.817594
0.819627
0.0163272
-0.0193391
-0.948779
0.95179
0.0229898
-0.0267233
-1.08588
1.08962
0.0314637
-0.0364276
-1.23435
1.23931
0.0425992
-0.048387
-1.38984
1.39563
0.0558974
-0.0632531
-1.54259
1.54994
0.0725758
-0.0813218
-1.67526
1.684
0.0900212
-0.097864
-1.49012
1.49797
0.103885
-0.109015
-1.09954
1.10467
0.111488
-0.110987
-0.807045
0.806544
0.108859
-0.104499
-0.580198
0.575837
0.0984095
-0.0883167
-0.379024
0.368931
0.0810358
-0.10714
-0.19584
0.221945
0.213975
-0.482801
-0.209063
0.477889
0.78277
-1.0154
-0.581412
0.814046
1.13836
-1.22486
-0.701803
0.788303
1.26765
-1.29557
-0.652999
0.680927
-0.0949558
0.0948482
0.000107666
0.00246782
-0.00465147
-0.486579
0.488763
0.00629688
-0.00827203
-0.676544
0.678519
0.011163
-0.0125057
-0.822402
0.823744
0.0162583
-0.018112
-0.954474
0.956327
0.0231299
-0.0258021
-1.093
1.09568
0.0313625
-0.0359485
-1.24413
1.24872
0.0424823
-0.0481251
-1.40186
1.4075
0.0567271
-0.0640138
-1.55762
1.56491
0.0746101
-0.0838576
-1.69318
1.70243
0.0944492
-0.103444
-1.50637
1.51536
0.111658
-0.11799
-1.11009
1.11642
0.123725
-0.12452
-0.80669
0.807486
0.121936
-0.118182
-0.569393
0.565639
0.116809
-0.13488
-0.364106
0.382178
0.23629
-0.470908
-0.344363
0.578981
0.779051
-1.02277
-0.811432
1.05515
1.1319
-1.19831
-0.934466
1.00087
1.23267
-1.25576
-0.829236
0.852331
1.26976
-1.28369
-0.696379
0.710314
-0.0959077
0.0464673
-0.0040014
0.0534418
0.492263
0.00418621
-0.00466471
-0.491784
0.68113
0.00687492
-0.00771254
-0.680292
0.828627
0.00993784
-0.0127554
-0.82581
0.961641
0.0147332
-0.018223
-0.958151
1.10262
0.0214741
-0.0258769
-1.09822
1.43218
-0.143955
-0.0354256
-1.2528
1.59407
-0.132548
-0.0481918
-1.41333
1.75386
-0.116578
-0.0650503
-1.57224
1.89237
-0.0937091
-0.0865943
-1.71207
1.70844
-0.0743638
-0.109343
-1.52474
1.30673
-0.0560609
-0.127471
-1.1232
0.985392
-0.0329236
-0.141211
-0.811258
0.557184
0.137392
-0.129312
-0.565264
0.58771
0.180469
-0.27451
-0.493668
1.24939
0.577417
-0.92387
-0.902932
1.25206
1.07033
-1.13975
-1.18264
1.06502
1.17523
-1.19955
-1.04071
0.888051
1.21631
-1.23426
-0.870103
0.73321
1.24829
-1.25996
-0.721539
-0.113736
0.111889
0.00184642
-0.486396
0.489449
0.00299448
-0.00604822
-0.682228
0.684353
0.0080594
-0.0101843
-0.835247
0.836589
0.0133299
-0.0146717
-0.972604
0.974091
0.0192861
-0.0207734
-1.11649
1.11881
0.026249
-0.0285751
-1.27301
1.27673
0.035316
-0.0390354
-1.43887
1.44434
0.0474918
-0.0529566
-1.60545
1.61267
0.0638852
-0.0710981
-1.75468
1.76515
0.0853393
-0.0958068
-1.57062
1.58214
0.112116
-0.123636
-1.16151
1.17177
0.139346
-0.149599
-0.835539
0.846357
0.163109
-0.173928
-0.687181
0.810014
0.219051
-0.341883
-1.17059
1.46478
0.557066
-0.851264
-1.495
1.5901
0.983278
-1.07838
-1.32312
1.35435
1.11145
-1.14268
-1.10448
1.12645
1.1629
-1.18487
-0.917941
0.936994
1.19977
-1.21883
0.902072
-0.332533
1.42542
-1.24614
-0.748811
-0.109155
0.107648
0.00150724
-0.492052
0.495152
0.00315575
-0.0062563
-0.686269
0.688812
0.00845444
-0.0109975
-0.838168
0.840913
0.0135141
-0.0162591
-0.976232
0.979359
0.0195339
-0.0226609
-1.12177
1.12583
0.0268563
-0.0309107
-1.28125
1.28626
0.0365876
-0.0415933
-1.45001
1.45695
0.0493844
-0.0563255
-1.62079
1.63
0.0664035
-0.0756089
-1.77619
1.78903
0.0894094
-0.102248
-1.59494
1.61008
0.118326
-0.133465
-1.18339
1.19873
0.149033
-0.164369
-0.868548
0.906971
0.179505
-0.217927
-0.985224
1.2037
0.317001
-0.535476
-1.69769
1.86565
0.787606
-0.955564
-1.64897
1.69398
1.02567
-1.07068
-1.38387
1.41122
1.09909
-1.12643
-1.15132
1.17166
1.15003
-1.17038
-0.955417
0.97474
1.18373
-1.20306
0.907104
-0.31783
-0.778208
1.42475
-1.23582
-0.105675
0.104939
0.000736082
-0.497697
0.500549
0.00373698
-0.0065889
-0.691573
0.694063
0.00905905
-0.0115491
-0.843234
0.846345
0.0142522
-0.0173639
-0.982709
0.986094
0.0205472
-0.0239322
-1.13026
1.13488
0.0283124
-0.0329371
-1.29214
1.29803
0.0383674
-0.0442598
-1.46441
1.47261
0.0514738
-0.0596771
-1.64002
1.65078
0.069531
-0.080292
-1.80287
1.81796
0.0936986
-0.10879
-1.62672
1.64495
0.124877
-0.143105
-1.21477
1.23275
0.159427
-0.177401
-0.960411
1.04026
0.205752
-0.285602
-1.46141
1.73283
0.457053
-0.728479
-1.97599
2.05538
0.895691
-0.975083
-1.72779
1.76046
1.01682
-1.04949
-1.43964
1.46846
1.07709
-1.10592
-1.19832
1.22662
1.13091
-1.15922
-0.999503
1.01977
1.18176
-1.20202
0.913328
-0.301288
-0.814469
1.42832
-1.22589
-0.103522
0.103477
4.51333e-05
-0.502988
0.505941
0.00403081
-0.00698354
-0.696789
0.699693
0.00956933
-0.0124735
-0.849162
0.852289
0.0153205
-0.0184481
-0.98973
0.993441
0.0215972
-0.0253083
-1.1393
1.14423
0.0298053
-0.034732
-1.30413
1.31025
0.0405611
-0.0466768
-1.48049
1.48902
0.0544269
-0.0629552
-1.66169
1.67291
0.073142
-0.0843684
-1.83332
1.84929
0.0987828
-0.114753
-1.66331
1.68301
0.132041
-0.151746
-1.25229
1.27734
0.169768
-0.194818
-1.15093
1.29351
0.244906
-0.387482
-1.98817
2.20696
0.611549
-0.830341
-2.11612
2.16458
0.914713
-0.963171
-1.78872
1.81684
0.992598
-1.02072
-1.49704
1.53061
1.05069
-1.08426
-1.25827
1.27747
1.10986
-1.12906
-1.03232
1.04289
1.13909
-1.14965
0.89282
-0.267276
-0.838137
1.39044
-1.17784
-0.102628
0.103025
-0.000397085
-0.508196
0.511239
0.00451414
-0.00755713
-0.702396
0.705498
0.0100043
-0.0131064
-0.855176
0.858341
0.0162961
-0.0194617
-0.997177
1.00075
0.0231563
-0.0267319
-1.14885
1.15413
0.031477
-0.0367619
-1.31695
1.3231
0.0428924
-0.0490482
-1.49721
1.50576
0.0573483
-0.0659033
-1.68443
1.69615
0.0765793
-0.0883037
-1.86562
1.88207
0.103754
-0.1202
-1.70259
1.72364
0.138938
-0.159992
-1.30559
1.34281
0.180865
-0.218078
-1.46287
1.65885
0.304765
-0.500747
-2.377
2.50246
0.727899
-0.853361
-2.20458
2.23883
0.904181
-0.938434
-1.84387
1.87261
0.961455
-0.990191
-1.55509
1.57578
1.01635
-1.03705
-1.28531
1.28391
1.05058
-1.04918
-1.00901
0.946147
1.02757
-0.964708
0.779606
-0.161544
-0.812549
1.08709
-0.892609
-0.102714
0.10344
-0.00072639
-0.51363
0.516571
0.00508319
-0.00802397
-0.708095
0.711123
0.010902
-0.0139295
-0.86143
0.864777
0.0172728
-0.02062
-1.00474
1.00892
0.0240322
-0.0282125
-1.15875
1.16382
0.0329266
-0.0379954
-1.32961
1.33603
0.0444968
-0.0509082
-1.51415
1.52287
0.0591531
-0.0678805
-1.70753
1.71953
0.0786481
-0.0906434
-1.8985
1.91533
0.105786
-0.122616
-1.74381
1.7651
0.141382
-0.162667
-1.38471
1.43914
0.187303
-0.241737
-1.8676
2.09187
0.363691
-0.587969
-2.59121
2.65916
0.748738
-0.816689
-2.26696
2.29171
0.849323
-0.874076
-1.90022
1.92249
0.896185
-0.918456
-1.58671
1.58218
0.929582
-0.925052
-1.25201
1.18037
0.897946
-0.826308
-0.791672
0.503879
0.683516
-0.395724
-0.108054
-0.0275153
0.13557
-0.103223
0.10416
-0.000936965
-0.519088
0.522023
0.0055289
-0.00846439
-0.714176
0.71728
0.0115594
-0.0146634
-0.868014
0.871309
0.0184182
-0.0217131
-1.01317
1.01721
0.0258512
-0.0298926
-1.16932
1.17458
0.0354552
-0.0407136
-1.34309
1.35013
0.0476247
-0.0546627
-1.53238
1.54161
0.0636398
-0.0728757
-1.7322
1.74524
0.0851232
-0.0981621
-1.93359
1.95219
0.115245
-0.13384
-1.78798
1.81302
0.154701
-0.179743
-1.50878
1.59601
0.213801
-0.301026
-2.3337
2.56474
0.466771
-0.697813
-2.71681
2.76485
0.797325
-0.845355
-2.31607
2.33905
0.872898
-0.895879
-1.93899
1.94864
0.913744
-0.923392
-1.56295
1.51362
0.915007
-0.865673
-1.03423
0.778732
0.748164
-0.492662
-0.193101
0.0197102
0.201995
-0.0286038
0.0464879
-0.0388465
-0.0076414
-0.104122
0.105176
-0.00105404
-0.524189
0.527807
0.00544615
-0.00906381
-0.720148
0.723629
0.0123659
-0.0158469
-0.874971
0.878772
0.0193247
-0.023126
-1.02163
1.02619
0.0273926
-0.0319581
-1.18057
1.18656
0.0372045
-0.0431966
-1.35763
1.36575
0.0504067
-0.0585287
-1.55187
1.56214
0.0678297
-0.0781025
-1.75924
1.77338
0.0915621
-0.105709
-1.97255
1.99335
0.124506
-0.145308
-1.83979
1.86981
0.168549
-0.198572
-1.70639
1.83436
0.248671
-0.376641
-2.78355
2.96971
0.579742
-0.765898
-2.8074
2.84403
0.828745
-0.865374
-2.36122
2.38023
0.888103
-0.907113
-1.94977
1.93368
0.915412
-0.899314
-1.41485
1.2446
0.835575
-0.665318
-0.4371
0.156779
0.369567
-0.0892458
0.0468631
-0.064034
0.00691907
0.0102519
0.0318078
-0.0252711
-0.00653676
-0.104957
0.105976
-0.00101982
-0.529773
0.533038
0.00563873
-0.00890326
-0.726776
0.730211
0.012645
-0.0160796
-0.882619
0.886156
0.020308
-0.0238453
-1.03092
1.03567
0.0286553
-0.0334037
-1.19266
1.19899
0.0393889
-0.0457234
-1.37357
1.38184
0.0534405
-0.0617126
-1.57317
1.58402
0.0721909
-0.0830364
-1.78892
1.80424
0.0977811
-0.113107
-2.01539
2.03822
0.133698
-0.156524
-1.90317
1.94129
0.182846
-0.220963
-1.9839
2.15177
0.293552
-0.461425
-3.12681
3.2488
0.679637
-0.801631
-2.87697
2.90548
0.847402
-0.875905
-2.39617
2.40467
0.894478
-0.902975
-1.89075
1.80687
0.883882
-0.799997
-0.976169
0.626229
0.624228
-0.274288
-0.0108553
-0.0521714
0.0666914
-0.00366464
0.0669075
-0.0656684
-0.00884604
0.00760699
0.0206463
-0.0174843
-0.00316191
-0.105634
0.106613
-0.000978629
-0.535155
0.538312
0.00562182
-0.00877888
-0.733285
0.737169
0.0125097
-0.0163938
-0.890371
0.894675
0.0204384
-0.0247418
-1.04092
1.04579
0.029654
-0.0345241
-1.20566
1.21211
0.0409399
-0.0473883
-1.39069
1.39939
0.0562325
-0.0649338
-1.59607
1.60781
0.0759313
-0.0876694
-1.82065
1.83755
0.103113
-0.120021
-2.0625
2.08722
0.142327
-0.167049
-1.98412
2.03393
0.196863
-0.246676
-2.34214
2.54742
0.348785
-0.554061
-3.34753
3.4266
0.742544
-0.821614
-2.93068
2.95295
0.853845
-0.876111
-2.4039
2.38201
0.883193
-0.861302
-1.66719
1.4734
0.786948
-0.593158
-0.292915
0.0839323
0.251953
-0.0429697
0.0750719
-0.0845478
-0.00205158
0.0115274
0.0626958
-0.0582421
-0.0106813
0.00622766
0.0153789
-0.0131605
-0.0022184
-0.105933
0.10676
-0.000827355
-0.540502
0.543789
0.00528147
-0.00856857
-0.740261
0.744177
0.0124558
-0.0163719
-0.898717
0.903052
0.0205158
-0.0248509
-1.05149
1.05654
0.0301624
-0.0352139
-1.21947
1.2263
0.0421496
-0.0489779
-1.40873
1.41804
0.0577917
-0.0671035
-1.6208
1.63331
0.0789081
-0.0914225
-1.85547
1.87345
0.108077
-0.12606
-2.11346
2.14046
0.149639
-0.176638
-2.08976
2.15594
0.210759
-0.276943
-2.77278
3.00395
0.40659
-0.637762
-3.49153
3.54431
0.770604
-0.823387
-2.97196
2.98415
0.846445
-0.858642
-2.34187
2.27024
0.844394
-0.772765
-1.18749
0.832606
0.60742
-0.252532
0.0180992
-0.0705411
0.0627399
-0.010298
0.085377
-0.0885719
-0.00443863
0.00763356
0.0539516
-0.050993
-0.00626943
0.00331079
0.0115153
-0.010432
-0.00108321
-0.105759
0.106353
-0.000594172
-0.545408
0.548513
0.00469129
-0.00779633
-0.747397
0.751254
0.0115771
-0.0154341
-0.907269
0.911572
0.0198727
-0.0241758
-1.06219
1.06771
0.0298018
-0.0353215
-1.23368
1.24096
0.0419453
-0.0492271
-1.42786
1.43763
0.0581576
-0.0679234
-1.64672
1.66024
0.0804048
-0.0939274
-1.89222
1.91098
0.111524
-0.130283
-2.16866
2.19713
0.15555
-0.184025
-2.22913
2.3162
0.224705
-0.311772
-3.23871
3.4588
0.466779
-0.686868
-3.58658
3.62142
0.772584
-0.807433
-2.99165
2.98686
0.824241
-0.819448
-2.16656
2.00786
0.771133
-0.612433
-0.469604
0.199455
0.320015
-0.0498669
0.0934821
-0.109038
-0.0014639
0.0170203
0.089928
-0.0883524
-0.018112
0.0165364
0.0478625
-0.0419953
-0.0118687
0.00600138
0.00949046
-0.00755556
-0.0019349
-0.104827
0.105171
-0.000344717
-0.549662
0.552585
0.00320758
-0.00612985
-0.753989
0.758083
0.00992596
-0.0140209
-0.916013
0.920221
0.0186804
-0.0228885
-1.07346
1.07892
0.0281522
-0.0336083
-1.24849
1.25573
0.0407404
-0.047984
-1.44807
1.45784
0.0575776
-0.0673431
-1.67428
1.68794
0.0807076
-0.0943659
-1.93096
1.95084
0.112415
-0.132294
-2.22757
2.25799
0.158664
-0.189082
-2.41158
2.51929
0.237051
-0.344765
-3.66657
3.84636
0.520163
-0.69996
-3.64881
3.67359
0.753638
-0.778415
-2.97194
2.93602
0.783296
-0.747381
-1.8213
1.57682
0.64279
-0.398312
-0.0436561
-0.0423518
0.086318
-0.000310123
0.125114
-0.130651
-0.0130595
0.0185964
0.0873594
-0.0851247
-0.0204763
0.0182415
0.0358278
-0.0292183
-0.0132612
0.00665165
0.00567114
-0.00367301
-0.00199813
-0.103032
0.102884
0.000147762
-0.553028
0.555439
0.0014993
-0.00391024
-0.760516
0.764418
0.00720498
-0.0111063
-0.924537
0.928838
0.01567
-0.019971
-1.0849
1.09048
0.0250321
-0.030618
-1.26377
1.27118
0.0375691
-0.0449823
-1.46819
1.47831
0.0544627
-0.0645807
-1.70252
1.71661
0.0778721
-0.0919624
-1.9715
1.99154
0.110528
-0.130565
-2.29005
2.32314
0.157966
-0.191062
-2.63134
2.75494
0.245697
-0.369304
-4
4.12325
0.557173
-0.680422
-3.69219
3.70739
0.715129
-0.73033
-2.88963
2.82282
0.719792
-0.652978
-1.28607
0.972242
0.494909
-0.181081
0.0837091
-0.115314
0.0702547
-0.0386495
0.135464
-0.148319
0.0181397
-0.00528483
0.0865894
-0.0899374
-0.00188064
0.00522866
0.0259624
-0.0235889
-0.00497265
0.00259917
0.00312157
-0.0025007
-0.000620864
-0.100032
0.0994694
0.000562518
-0.554781
0.556379
-0.000816759
-0.000781329
-0.766478
0.770199
0.00308849
-0.00680892
-0.93316
0.937207
0.011178
-0.0152253
-1.0963
1.10155
0.0202875
-0.0255431
-1.27848
1.28592
0.0321714
-0.0396144
-1.4888
1.4987
0.0487941
-0.0586872
-1.73107
1.7449
0.0720322
-0.0858568
-2.01219
2.03275
0.10422
-0.124775
-2.35718
2.39205
0.152482
-0.187353
-2.87874
3.01255
0.249683
-0.3835
-4.22488
4.30564
0.557661
-0.63842
-3.71843
3.72313
0.660297
-0.664992
-2.73978
2.62611
0.62969
-0.516017
-0.661862
0.380968
0.306994
-0.026101
0.140373
-0.171451
-0.0274797
0.0585576
0.156445
-0.159895
-0.0673228
0.0707737
0.0897669
-0.0772132
-0.0662664
0.0537126
0.0174963
0.000295595
-0.0391185
0.0213266
-0.000335832
0.00814856
-0.00781272
-0.0957032
0.0944759
0.00122732
-0.55439
0.554746
-0.00413773
0.00378163
-0.771744
0.774007
-0.00221848
-4.45138e-05
-0.941005
0.944786
0.00432542
-0.00810652
-1.1071
1.11156
0.0127465
-0.017203
-1.29317
1.29983
0.0236192
-0.0302841
-1.50857
1.51859
0.0389691
-0.0489874
-1.75907
1.77267
0.0612172
-0.0748197
-2.05321
2.0728
0.0928337
-0.112415
-2.42734
2.46403
0.139546
-0.176237
-3.14185
3.2758
0.2436
-0.377552
-4.37008
4.42249
0.52011
-0.57252
-3.72519
3.71737
0.589665
-0.581851
-2.49769
2.34953
0.52929
-0.381122
-0.178584
0.0296623
0.13118
0.0177415
0.216569
-0.264367
-0.0850519
0.132849
0.167513
-0.17614
-0.160344
0.168971
0.0557611
-0.0254085
-0.152768
0.122415
-0.0298336
0.0690503
-0.0894899
0.0502732
-0.0228581
0.0418947
-0.0190365
-0.0895358
0.0877848
0.00175103
-0.550313
0.549435
-0.00834274
0.00922072
-0.775102
0.776273
-0.00936973
0.00819859
-0.947533
0.950571
-0.00550622
0.00246791
-1.11659
1.12079
0.00146582
-0.00566322
-1.30657
1.31284
0.0106787
-0.0169415
-1.52749
1.53641
0.0248276
-0.0337433
-1.78613
1.79852
0.0450965
-0.0574847
-2.09184
2.11054
0.0740608
-0.0927578
-2.49937
2.53534
0.118651
-0.154618
-3.39736
3.51996
0.220288
-0.342893
-4.4664
4.50528
0.449316
-0.488196
-3.71265
3.70009
0.505085
-0.492527
-2.20318
2.04276
0.425999
-0.265583
0.076496
-0.149898
0.00725761
0.0661443
0.308858
-0.34823
-0.112332
0.151703
0.182235
-0.175804
-0.176585
0.170154
-0.0131791
0.0514905
-0.145294
0.106982
-0.114739
0.153268
-0.0689835
0.0304552
-0.0599891
0.0677013
-0.00771217
-0.0813175
0.0789141
0.00240337
-0.542263
0.53889
-0.0132714
0.0166439
-0.775449
0.774878
-0.0193115
0.0198829
-0.952162
0.95419
-0.0190637
0.0170364
-1.12474
1.12771
-0.0140682
0.0111035
-1.31877
1.3232
-0.00671448
0.00228338
-1.5445
1.55196
0.00446123
-0.0119278
-1.81045
1.82142
0.0215577
-0.0325331
-2.12812
2.14401
0.0473354
-0.0632222
-2.56796
2.59995
0.0861879
-0.118172
-3.62305
3.72099
0.175873
-0.273813
-4.53865
4.57177
0.343985
-0.377109
-3.7085
3.72771
0.401734
-0.420948
-1.90529
1.79482
0.394916
-0.284445
0.186367
-0.244313
0.234887
-0.176941
0.387719
-0.441958
0.11907
-0.0648309
0.173103
-0.180359
0.0344574
-0.0272013
-0.0796846
0.093753
0.0382126
-0.0522809
-0.165855
0.150013
0.0543281
-0.0384864
-0.0593413
0.0417749
0.0175664
-0.070783
0.0677274
0.00305564
-0.528205
0.521125
-0.0201196
0.0271994
-0.771978
0.769087
-0.0329451
0.0358361
-0.95483
0.954994
-0.0374819
0.0373183
-1.13043
1.13233
-0.0362998
0.0343926
-1.32771
1.33118
-0.0315875
0.0281142
-1.55832
1.56407
-0.0237714
0.0180216
-1.83109
1.83942
-0.0102533
0.00191491
-2.15888
2.17183
0.00896228
-0.0219147
-2.62454
2.64751
0.0400367
-0.0630022
-3.7858
3.83763
0.103129
-0.154958
-4.60161
4.62744
0.185355
-0.211182
-3.74532
3.74427
0.220225
-0.219175
-1.77687
1.75695
0.217355
-0.197439
0.291646
-0.371177
0.266748
-0.187217
0.502775
-0.555402
0.0888269
-0.0361997
0.202449
-0.198669
0.023315
-0.0270949
-0.0889694
0.0869431
0.0238854
-0.021859
-0.132591
0.124818
0.0185056
-0.010732
-0.0301932
0.027333
0.0028602
-0.0575837
0.0531882
0.00439557
-0.505341
0.493194
-0.0300758
0.0422231
-0.763181
0.75709
-0.0516925
0.0577829
-0.954297
0.952116
-0.0622015
0.0643823
-1.13367
1.13375
-0.065233
0.0651522
-1.33338
1.3348
-0.0644354
0.0630141
-1.56798
1.57118
-0.0607762
0.0575751
-1.84602
1.85103
-0.0532574
0.0482519
-2.18181
2.18958
-0.0413191
0.0335456
-2.66232
2.67424
-0.0225938
0.0106759
-3.84747
3.83904
-0.00600379
0.0144404
-4.6209
4.60438
-0.0257623
0.0422876
-3.72625
3.66785
-0.0768183
0.135217
-1.77095
1.76635
-0.17565
0.180246
0.40001
-0.386572
-0.196204
0.182766
0.560463
-0.523911
-0.147211
0.110659
0.18768
-0.157852
-0.0797723
0.0499442
-0.0936375
0.112235
-0.0196133
0.00101547
-0.119776
0.119162
0.00366225
-0.00304858
-0.0247887
0.022786
0.0020027
-0.0427186
0.0370822
0.00563637
-0.470003
0.451021
-0.0424031
0.0613853
-0.746194
0.736037
-0.0776347
0.087791
-0.949472
0.944508
-0.0950024
0.0999659
-1.13371
1.13168
-0.103645
0.105676
-1.33508
1.33438
-0.107082
0.107779
-1.57241
1.57254
-0.108083
0.107949
-1.85357
1.85434
-0.107431
0.106667
-2.19358
2.19438
-0.105636
0.104836
-2.67295
2.67024
-0.103986
0.106705
-3.77386
3.703
-0.128511
0.199361
-4.56804
4.53994
-0.252513
0.280618
-3.65032
3.65478
-0.295344
0.290887
-1.81053
1.88104
-0.270256
0.19974
0.266839
0.0354303
-0.0882384
-0.21403
0.44468
-0.399441
0.383004
-0.428243
0.197652
-0.340329
0.385265
-0.242589
-0.114572
0.0154758
0.0701406
0.0289553
-0.130504
0.138532
-0.0608918
0.0528646
-0.0309486
0.0558886
-0.02494
-0.0271544
0.0213624
0.00579201
-0.419027
0.390462
-0.0549633
0.0835287
-0.717361
0.700269
-0.10918
0.126271
-0.93777
0.930191
-0.13869
0.146269
-1.12892
1.12439
-0.152968
0.1575
-1.33205
1.32901
-0.160888
0.163932
-1.57033
1.56741
-0.167414
0.170328
-1.85222
1.84875
-0.17422
0.177685
-2.19055
2.184
-0.183003
0.189549
-2.6567
2.64181
-0.199195
0.214089
-3.58427
3.47373
-0.256261
0.366803
-4.50639
4.48599
-0.444983
0.465386
-3.72
3.80821
-0.43492
0.34671
-2.11507
2.33932
-0.193132
-0.0311135
-0.434927
0.797411
0.399081
-0.761565
0.266757
-0.102674
1.05926
-1.22334
0.469368
-0.5199
1.25785
-1.20732
0.298655
-0.562553
1.07072
-0.806818
-0.0169658
-0.288485
0.512433
-0.206982
-0.0870567
0.0524843
0.0345724
-0.0129133
0.00806436
0.00484898
-0.344583
0.30194
-0.0608358
0.103478
-0.671498
0.643518
-0.144181
0.172161
-0.917968
0.90557
-0.192957
0.205355
-1.11821
1.11108
-0.214945
0.222076
-1.32404
1.31902
-0.22791
0.232935
-1.56193
1.55573
-0.238737
0.244934
-1.84164
1.83307
-0.252917
0.261484
-2.1725
2.1594
-0.272425
0.285524
-2.61893
2.59183
-0.306384
0.333481
-3.32263
3.17258
-0.390484
0.540532
-4.42849
4.33971
-0.721212
0.809993
-3.85845
3.8189
-0.86626
0.905816
-2.58003
2.76
-0.880339
0.700372
-1.11849
1.29042
-0.490229
0.318298
-0.139952
0.313721
-0.149285
-0.0244837
0.402769
-0.264547
0.194657
-0.33288
0.688918
-0.644049
0.40621
-0.451079
0.598248
-0.705969
0.427864
-0.320143
0.115859
-0.272752
0.156893
-0.00204626
-0.00143759
0.00348385
-0.243402
0.190362
-0.0538975
0.106938
-0.597902
0.550018
-0.170829
0.218713
-0.884566
0.863535
-0.254696
0.275727
-1.10176
1.09234
-0.290412
0.299829
-1.31285
1.30615
-0.308386
0.315081
-1.54709
1.53854
-0.323371
0.331928
-1.82139
1.80897
-0.343398
0.355819
-2.14165
2.1219
-0.373196
0.392943
-2.55221
2.50629
-0.424207
0.470125
-2.98126
2.79641
-0.552368
0.737213
-4.13235
3.88058
-1.06915
1.32092
-3.73152
3.60975
-1.45671
1.57848
-2.8923
2.86132
-1.67272
1.7037
-1.51466
1.70951
-1.56942
1.37457
-0.504521
0.706493
-1.19777
0.995794
0.136399
0.0599436
-0.816019
0.619676
0.524761
-0.37053
-0.447822
0.293591
0.673381
-0.557471
-0.161071
0.0451616
0.378032
-0.389242
0.0112093
-0.00698778
0.00507401
0.00191377
-0.128515
0.0826244
-0.0354865
0.0813773
-0.475946
0.398924
-0.16107
0.238092
-0.827686
0.785883
-0.305014
0.346816
-1.07815
1.06332
-0.374229
0.389063
-1.29713
1.28715
-0.401207
0.411182
-1.52787
1.51785
-0.419996
0.430011
-1.79329
1.77819
-0.443371
0.458469
-2.09668
2.07166
-0.479522
0.504539
-2.45108
2.39989
-0.539948
0.591139
-2.61734
2.46651
-0.66636
0.817183
-3.49678
3.03437
-1.13328
1.59569
-3.44686
3.3049
-1.85885
2.00081
-2.78787
2.71021
-2.10552
2.18318
-1.86661
1.99068
-2.19925
2.07517
-0.968943
1.19115
-1.9034
1.6812
-0.300386
0.55153
-1.46027
1.20912
0.126942
0.114491
-0.987457
0.746024
0.363261
-0.137317
-0.535859
0.309915
0.293981
-0.166665
-0.127316
0.0114849
-0.015935
-0.000572093
0.00502216
-0.0409668
0.0137076
-0.0182143
0.0454735
-0.30279
0.218257
-0.105431
0.189964
-0.727749
0.660516
-0.285673
0.352906
-1.0483
1.02752
-0.397852
0.418627
-1.28435
1.28089
-0.427746
0.431202
-1.51851
1.51951
-0.432464
0.431464
-1.77563
1.7734
-0.431945
0.434175
-2.06361
2.05697
-0.438554
0.445198
-2.37833
2.36171
-0.45559
0.472211
-2.38725
2.33705
-0.50219
0.552397
-2.69705
2.4184
-0.653283
0.931936
-3.1925
3.04571
-1.17041
1.3172
-2.67768
2.65365
-1.36027
1.3843
-2.07246
2.11243
-1.38043
1.34046
-1.33836
1.46462
-1.2534
1.12714
-0.715343
0.874976
-0.993554
0.833921
-0.278943
0.448411
-0.680946
0.511478
-0.022989
0.174486
-0.361254
0.209757
0.0742985
0.0131095
-0.087408
0.0190979
-0.0219205
-0.000580265
0.00340287
0.00485932
-0.0184082
-0.0110048
0.0245537
-0.151369
0.102766
-0.0530988
0.101701
-0.588007
0.51523
-0.182931
0.255708
-1.00146
0.970481
-0.31366
0.344637
-1.27677
1.27188
-0.360134
0.365028
-1.52029
1.52052
-0.367976
0.367744
-1.77171
1.77042
-0.367759
0.369052
-2.05168
2.04759
-0.372042
0.376136
-2.34997
2.34176
-0.381753
0.389965
-2.30578
2.28425
-0.404915
0.426441
-2.22455
2.10773
-0.468461
0.585289
-2.88136
2.69875
-0.811655
0.994262
-2.63277
2.61586
-1.07836
1.09527
-2.14187
2.16825
-1.08891
1.06252
-1.57767
1.67742
-1.00998
0.910231
-1.02062
1.14979
-0.80189
0.672723
-0.600025
0.734139
-0.550938
0.416824
-0.315698
0.441863
-0.296819
0.170654
-0.0948333
0.162625
-0.0677913
0.0243701
-0.0264068
-0.000237051
0.00227373
0.0292291
-0.0386427
-0.00813533
0.0175489
-0.0681168
0.0421396
-0.0345977
0.0605749
-0.446771
0.386722
-0.111455
0.171503
-0.936393
0.901298
-0.22921
0.264306
-1.26552
1.25806
-0.284191
0.291646
-1.51972
1.51802
-0.295147
0.296846
-1.76927
1.7678
-0.297017
0.298489
-2.0441
2.04062
-0.301406
0.304889
-2.33583
2.33162
-0.309092
0.313294
-2.26847
2.25705
-0.321058
0.332476
-2.03509
1.9862
-0.348012
0.396904
-2.51191
2.34043
-0.506891
0.678374
-2.59754
2.57132
-0.760483
0.786696
-2.19552
2.2265
-0.774962
0.743978
-1.75654
1.81776
-0.704386
0.643165
-1.26141
1.35566
-0.564485
0.470234
-0.850386
0.949079
-0.380524
0.28183
-0.550551
0.641516
-0.193799
0.102833
-0.214437
0.249784
-0.0353472
0.0287284
-0.0333435
-0.000690742
0.00530579
0.0481173
-0.0599233
-0.0155828
0.0273888
-0.0219995
0.00710461
-0.0423203
0.0572152
-0.338249
0.303262
-0.0807588
0.115746
-0.867819
0.839787
-0.156392
0.184424
-1.24986
1.24131
-0.202732
0.211285
-1.51552
1.51205
-0.215955
0.219429
-1.76556
1.76209
-0.221896
0.225363
-2.03665
2.03191
-0.230184
0.234931
-2.32827
2.32532
-0.239812
0.242762
-2.24843
2.24236
-0.24724
0.253308
-1.95704
1.94218
-0.25972
0.274579
-2.20164
2.09632
-0.312188
0.417503
-2.54155
2.51366
-0.484743
0.512639
-2.25378
2.27588
-0.509023
0.486931
-1.86908
1.91298
-0.455477
0.411576
-1.4353
1.50218
-0.360678
0.293797
-1.03156
1.10015
-0.231056
0.162461
-0.71603
0.775268
-0.101914
0.042675
-0.269931
0.276729
-0.00679847
0.0422684
-0.0563997
-0.00539223
0.0195235
0.0756757
-0.0941037
-0.0404996
0.0589276
0.00235335
-0.00528755
-0.071598
0.0745322
-0.284017
0.280622
-0.0720271
0.0754221
-0.818536
0.804648
-0.0897371
0.103626
-1.2337
1.22578
-0.115384
0.123307
-1.50729
1.50099
-0.129949
0.136246
-1.75703
1.74991
-0.143332
0.150455
-2.026
2.01865
-0.158762
0.16611
-2.32195
2.31775
-0.173157
0.177364
-2.2384
2.23581
-0.18133
0.183922
-1.93494
1.93124
-0.185189
0.188889
-2.02247
1.97583
-0.20217
0.248815
-2.49088
2.47338
-0.295012
0.31251
-2.29548
2.3144
-0.30734
0.288423
-1.95021
1.98172
-0.264193
0.232674
-1.55648
1.59929
-0.199492
0.156678
-1.1553
1.19886
-0.116428
0.0728724
-0.819568
0.85171
-0.0355697
0.00342832
-0.275588
0.268922
0.00666629
0.0752284
-0.0957252
-0.0119792
0.032476
0.111193
-0.122465
-0.0527549
0.0640273
0.00234192
0.00863824
-0.0630931
0.0521129
-0.289336
0.307117
-0.0334475
0.015666
-0.79913
0.798635
-0.00573639
0.00623068
-1.21751
1.20764
-0.0129866
0.0228612
-1.49205
1.4796
-0.0357486
0.0481994
-1.74028
1.72742
-0.0624934
0.07536
-2.00941
1.99802
-0.0889719
0.10037
-2.31209
2.30474
-0.111514
0.11886
-2.2332
2.22976
-0.12478
0.128218
-1.92941
1.92844
-0.129559
0.130531
-1.94873
1.93556
-0.13321
0.146378
-2.4609
2.45329
-0.167179
0.174791
-2.33258
2.34888
-0.168387
0.152085
-2.0089
2.03255
-0.132724
0.109077
-1.63336
1.65986
-0.0868466
0.0603446
-1.23314
1.25848
-0.0357593
0.0104227
-0.872139
0.88306
0.00872196
-0.0196431
-0.257068
0.242855
0.0142134
0.111619
-0.119552
-0.00943351
0.0173664
0.123951
-0.113483
-0.0178286
0.00736084
-0.0262996
0.0496072
0.0123514
-0.0356591
-0.331392
0.358854
0.0656935
-0.0931558
-0.801829
0.805374
0.112494
-0.116039
-1.1927
1.17284
0.103919
-0.0840515
-1.46295
1.44098
0.0597112
-0.0377414
-1.71068
1.69103
0.0143542
0.00528881
-1.98397
1.96746
-0.0258269
0.0423354
-2.29545
2.28455
-0.0581067
0.0690115
-2.22516
2.2198
-0.0767051
0.0820656
-1.92801
1.92755
-0.0849038
0.085366
-1.93163
1.93306
-0.0842317
0.0828001
-2.45115
2.45395
-0.0836944
0.0809035
-2.36298
2.3752
-0.0733893
0.0611683
-2.05231
2.06806
-0.0479309
0.0321822
-1.68042
1.69593
-0.0176382
0.00212851
-1.27742
1.29032
0.0114399
-0.0243435
-0.885303
0.882572
0.0316029
-0.0288726
-0.228365
0.214815
0.0135499
0.117497
-0.105621
0.00192295
-0.0137987
0.093492
-0.0660108
0.0370506
-0.0645319
-0.0781672
0.110753
0.0986591
-0.131245
-0.386771
0.414056
0.166452
-0.193737
-0.80763
0.80602
0.210799
-0.209189
-1.14887
1.12303
0.189755
-0.163913
-1.41502
1.38691
0.133337
-0.105234
-1.66774
1.64235
0.0750625
-0.049674
-1.94892
1.92932
0.0247345
-0.00513555
-2.27215
2.25878
-0.0134615
0.026823
-2.21439
2.20844
-0.0358254
0.041772
-1.9265
1.92525
-0.0458523
0.0471064
-1.93748
1.94381
-0.0453823
0.0390509
-2.46039
2.46894
-0.031058
0.0225055
-2.38638
2.39624
-0.0141562
0.00429792
-2.08097
2.09132
0.00568161
-0.0160316
-1.70715
1.7147
0.0245483
-0.0321032
-1.29856
1.30295
0.0380979
-0.0424814
-0.874978
0.86353
0.041139
-0.0296909
-0.201838
0.189974
0.0118635
0.0862573
-0.0625812
0.0117143
-0.0353904
0.0332274
0.0018383
0.0700454
-0.105111
-0.145756
0.180892
0.144498
-0.179635
-0.439966
0.46314
0.213981
-0.237155
-0.800892
0.794222
0.247612
-0.240941
-1.09708
1.07255
0.220714
-0.19618
-1.3583
1.33084
0.166682
-0.139222
-1.61645
1.59125
0.109603
-0.0844082
-1.90872
1.88837
0.0594093
-0.0390576
-2.24473
2.2304
0.0197229
-0.00539343
-2.20241
2.19568
-0.0043781
0.0111005
-1.92361
1.92225
-0.0150478
0.0164033
-1.95227
1.96213
-0.014566
0.00471019
-2.4783
2.4878
0.00625774
-0.0157588
-2.40554
2.41312
0.0231205
-0.0306954
-2.09896
2.10435
0.0370671
-0.0424545
-1.71951
1.72202
0.0462326
-0.048735
-1.30399
1.30289
0.0499457
-0.0488436
-0.849649
0.83441
0.0426302
-0.0273916
-0.179118
0.16924
0.00987796
0.0371662
-0.0123734
0.0134793
-0.038272
-0.0369886
0.0706514
0.0727109
-0.106374
-0.214741
0.245804
0.14304
-0.174103
-0.4832
0.50052
0.202503
-0.219823
-0.787243
0.781125
0.226192
-0.220075
-1.05087
1.03266
0.204988
-0.186776
-1.30563
1.28388
0.164314
-0.142566
-1.5676
1.54644
0.118227
-0.097068
-1.86901
1.85113
0.0754262
-0.0575534
-2.21611
2.2028
0.0401962
-0.0268813
-2.18902
2.18285
0.0179917
-0.0118283
-1.92013
1.91907
0.00853379
-0.00746828
-1.9714
1.98129
0.0103901
-0.0202757
-2.49675
2.50554
0.0303754
-0.0391683
-2.41914
2.42402
0.0449678
-0.049846
-2.1081
2.11017
0.053293
-0.0553662
-1.72292
1.72239
0.056222
-0.0556995
-1.29973
1.29536
0.0541013
-0.0497265
-0.818226
0.801619
0.04077
-0.0241627
-0.160295
0.152193
0.00810212
-0.0101558
0.0292596
0.0100574
-0.0291613
-0.101155
0.127719
0.0561158
-0.0826798
-0.273372
0.297271
0.111361
-0.13526
-0.515616
0.528789
0.156773
-0.169946
-0.777234
0.775249
0.175808
-0.173823
-1.01834
1.00785
0.16604
-0.155556
-1.26553
1.25096
0.141503
-0.126931
-1.52806
1.51281
0.109872
-0.0946206
-1.83526
1.82148
0.0783538
-0.0645701
-2.1906
2.17988
0.0508641
-0.0401432
-2.17686
2.17147
0.032632
-0.0272345
-1.91841
1.91897
0.0255034
-0.0260682
-1.9907
1.99949
0.0299956
-0.0387859
-2.51293
2.51881
0.0461842
-0.0520649
-2.42796
2.43057
0.0555034
-0.0581115
-2.11111
2.11104
0.0594153
-0.0593448
-1.7209
1.71862
0.0582862
-0.0560042
-1.29002
1.28429
0.0529392
-0.0472052
-0.784976
0.768464
0.0372103
-0.0206988
-0.144935
0.138418
0.00651729
-0.0447455
0.056787
0.00593564
-0.0179771
-0.150255
0.168857
0.0360404
-0.0546422
-0.317745
0.335016
0.0751769
-0.0924479
-0.540524
0.550915
0.108317
-0.118709
-0.775153
0.776326
0.124798
-0.125971
-1.00073
0.996275
0.123748
-0.11929
-1.2396
1.23131
0.112139
-0.103848
-1.50031
1.49072
0.0935581
-0.0839663
-1.80992
1.80033
0.0731199
-0.0635277
-2.17051
2.16283
0.0537081
-0.0460353
-2.16714
2.16414
0.0406715
-0.0376634
-1.92054
1.92273
0.037511
-0.0396945
-2.00743
2.01469
0.0447593
-0.0520217
-2.52327
2.52639
0.0553336
-0.0584584
-2.43221
2.43307
0.0601088
-0.0609661
-2.11029
2.10896
0.0607284
-0.0593998
-1.716
1.71298
0.0573907
-0.0543741
-1.27806
1.27174
0.0507993
-0.0444789
-0.752149
0.736066
0.0340067
-0.0179228
-0.132543
0.127186
0.00535768
-0.0658608
0.0724294
0.00296456
-0.00953318
-0.183911
0.195753
0.0202428
-0.0320849
-0.349499
0.361412
0.0458266
-0.0577393
-0.560172
0.568298
0.0691209
-0.0772478
-0.778742
0.781745
0.0832168
-0.086219
-0.993993
0.993315
0.0874222
-0.0867444
-1.2253
1.22147
0.0842169
-0.0803825
-1.48328
1.47812
0.0752549
-0.0701005
-1.79281
1.78698
0.0638133
-0.0579783
-2.15662
2.15187
0.0519024
-0.0471547
-2.1623
2.16139
0.0444681
-0.0435512
-1.92552
1.92916
0.0447831
-0.0484146
-2.02109
2.02683
0.054068
-0.0598002
-2.52819
2.52868
0.0594038
-0.0598983
-2.4334
2.43343
0.0601205
-0.06015
-2.10742
2.10583
0.059416
-0.0578331
-1.71003
1.70703
0.0557052
-0.0527039
-1.26506
1.25841
0.0491153
-0.0424665
-0.720151
0.704374
0.0315628
-0.0157858
-0.122326
0.117845
0.00448023
-0.0770614
0.0801863
0.00124664
-0.00437154
-0.204937
0.211853
0.0100551
-0.0169713
-0.371195
0.379046
0.025611
-0.033462
-0.575404
0.581532
0.0413287
-0.0474567
-0.785334
0.788989
0.0527814
-0.0564364
-0.993966
0.99542
0.0592615
-0.0607151
-1.21919
1.21829
0.0609364
-0.0600391
-1.47439
1.47231
0.0583982
-0.0563223
-1.78273
1.77966
0.0534086
-0.0503427
-2.14824
2.14572
0.0470417
-0.0445162
-2.16112
2.16149
0.0438174
-0.0441849
-1.93328
1.9373
0.0463394
-0.0503587
-2.03206
2.03718
0.0557314
-0.0608522
-2.52833
2.52747
0.0586023
-0.0577481
-2.43323
2.43316
0.0577181
-0.0576565
-2.10433
2.10322
0.0571513
-0.0560379
-1.70439
1.70187
0.0543563
-0.051841
-1.25148
1.24449
0.0484525
-0.0414584
-0.688659
0.672915
0.0299553
-0.0142113
-0.113746
0.109936
0.00381008
-0.0822473
0.0835287
0.000386295
-0.00166768
-0.217045
0.220845
0.00442922
-0.008229
-0.385381
0.390359
0.0134141
-0.0183927
-0.586749
0.591138
0.0236165
-0.0280053
-0.792795
0.7963
0.0323251
-0.0358296
-0.997579
0.999976
0.0391502
-0.0415466
-1.2183
1.21903
0.0431645
-0.0438954
-1.47102
1.47088
0.0442145
-0.0440743
-1.7775
1.77618
0.0433549
-0.0420398
-2.14381
2.14226
0.0403363
-0.0387802
-2.1622
2.16286
0.0388091
-0.0394636
-1.94102
1.9435
0.0406627
-0.0431383
-2.04263
2.04869
0.0477217
-0.0537812
-2.52627
2.5259
0.0522378
-0.0518635
-2.43366
2.43512
0.0527807
-0.0542397
-2.10277
2.10296
0.0550135
-0.0552051
-1.6999
1.69811
0.0546631
-0.0528816
-1.2371
1.22941
0.0496414
-0.0419496
-0.657022
0.640866
0.029411
-0.0132551
-0.10641
0.103041
0.00336936
-0.0843227
0.0847921
2.57294e-05
-0.00049506
-0.223685
0.22581
0.00184885
-0.00397393
-0.394337
0.397443
0.00709336
-0.0101995
-0.594784
0.597767
0.0135397
-0.0165231
-0.799706
0.802692
0.019801
-0.0227871
-1.0026
1.00513
0.0258952
-0.0284201
-1.2202
1.22172
0.0305595
-0.0320749
-1.47107
1.47188
0.0334368
-0.0342512
-1.77534
1.77496
0.0345263
-0.0341525
-2.14076
2.13934
0.0332498
-0.0318258
-2.16203
2.16048
0.0309474
-0.0293993
-1.94538
1.94511
0.0278725
-0.027605
-2.05585
2.06425
0.0313526
-0.0397498
-2.5264
2.52861
0.0426565
-0.0448662
-2.43772
2.44169
0.048265
-0.0522384
-2.10383
2.10567
0.05503
-0.0568661
-1.69698
1.69606
0.0573559
-0.0564391
-1.22104
1.21204
0.0530244
-0.0440244
-0.624382
0.607477
0.029846
-0.0129403
-0.0998308
0.09662
0.00321086
-0.0851029
0.0853359
-6.44585e-05
-0.000168534
-0.227508
0.228924
0.00102734
-0.00244282
-0.39997
0.401995
0.00452979
-0.00655502
-0.600147
0.602035
0.00864445
-0.0105322
-0.805473
0.807815
0.0128021
-0.0151438
-1.00763
1.00999
0.0178723
-0.0202375
-1.22334
1.22504
0.0224334
-0.0241323
-1.47273
1.47392
0.0258622
-0.0270594
-1.77484
1.77486
0.0277308
-0.0277577
-2.13781
2.13623
0.0272181
-0.0256444
-2.15697
2.15275
0.0232907
-0.0190673
-1.94426
1.9414
0.0147858
-0.0119214
-2.07411
2.08565
0.0149442
-0.0264866
-2.53263
2.53928
0.0357134
-0.0423617
-2.44695
2.45359
0.0486908
-0.0553278
-2.10852
2.11184
0.0598317
-0.0631524
-1.69536
1.69425
0.0644445
-0.0633349
-1.20178
1.19033
0.0587275
-0.0472742
-0.590187
0.572518
0.0308288
-0.0131602
-0.0934066
0.0900488
0.00335778
-0.0855681
0.0858371
-3.03479e-05
-0.000238717
-0.230224
0.231475
0.00105912
-0.00231039
-0.403741
0.405275
0.00404731
-0.00558168
-0.603436
0.604523
0.0069283
-0.00801516
-0.809798
0.811406
0.00941326
-0.0110207
-1.01215
1.01424
0.0131402
-0.0152259
-1.22679
1.2285
0.0173521
-0.0190667
-1.47517
1.47662
0.0208343
-0.022281
-1.77512
1.77557
0.0234634
-0.0239127
-2.13436
2.13255
0.0236326
-0.0218277
-2.1473
2.14222
0.0188019
-0.0137181
-1.93837
1.93415
0.00814393
-0.00392716
-2.09904
2.11455
0.00714596
-0.0226517
-2.5484
2.55987
0.0383932
-0.0498567
-2.46091
2.46867
0.0582615
-0.0660254
-2.11532
2.11836
0.070604
-0.0736528
-1.69244
1.68963
0.0741986
-0.0713851
-1.17699
1.16183
0.0642653
-0.0491144
-0.554833
0.537187
0.03077
-0.013124
-0.0866533
0.0831461
0.00350722
-0.0861591
0.0865513
4.95871e-05
-0.000441821
-0.232741
0.234044
0.00137606
-0.00267912
-0.40673
0.408182
0.00441648
-0.00586832
-0.605245
0.605789
0.0069152
-0.00745914
-0.812628
0.813727
0.00812154
-0.00922089
-1.01582
1.01744
0.0108355
-0.0124494
-1.23029
1.23197
0.0142459
-0.0159306
-1.47831
1.48
0.0178753
-0.0195676
-1.77648
1.77766
0.0213853
-0.022566
-2.13122
2.13074
0.023194
-0.0227141
-2.13679
2.13268
0.0212471
-0.0171389
-1.93081
1.92731
0.0118073
-0.00830272
-2.13165
2.15035
0.0138565
-0.0325576
-2.57324
2.58736
0.0525091
-0.0666342
-2.47621
2.48293
0.0751179
-0.0818372
-2.1206
2.12153
0.0845144
-0.0854486
-1.68525
1.67945
0.0835602
-0.077761
-1.14499
1.12632
0.0671718
-0.0485022
-0.519982
0.50318
0.0293115
-0.0125093
-0.0796804
0.0762061
0.00347432
-0.0870008
0.0875041
0.000128277
-0.000631571
-0.235382
0.236738
0.00166119
-0.00301712
-0.409655
0.411217
0.00483054
-0.00639296
-0.606151
0.60643
0.00747156
-0.00775084
-0.814462
0.814845
0.00774449
-0.0081274
-1.01879
1.02023
0.00934898
-0.0107936
-1.23369
1.23537
0.0125475
-0.0142318
-1.48205
1.48404
0.0163669
-0.0183574
-1.77923
1.7815
0.0207038
-0.0229717
-2.13161
2.13414
0.0256173
-0.0281448
-2.13049
2.13056
0.0305439
-0.0306151
-1.92594
1.92621
0.0289007
-0.0291717
-2.16917
2.18792
0.0364819
-0.0552329
-2.60138
2.61465
0.0752934
-0.0885589
-2.488
2.4911
0.0954436
-0.0985479
-2.12077
2.11807
0.0975783
-0.0948842
-1.67149
1.6616
0.0896092
-0.0797193
-1.10662
1.08602
0.0651948
-0.0445954
-0.487229
0.472052
0.0261077
-0.0109313
-0.0729236
0.06991
0.00301362
-0.0880525
0.0886429
0.000194746
-0.000785154
-0.238099
0.239445
0.00186606
-0.00321225
-0.412794
0.414484
0.00503073
-0.00672035
-0.606646
0.606852
0.00801564
-0.00822129
-0.814879
0.814728
0.00778945
-0.00763854
-1.02143
1.0225
0.0079324
-0.00900418
-1.23724
1.23917
0.0107589
-0.0126899
-1.48654
1.48891
0.0150673
-0.0174332
-1.78466
1.78835
0.020683
-0.0243714
-2.13874
2.14465
0.0293522
-0.0352605
-2.13324
2.13928
0.042092
-0.0481315
-1.92916
1.93533
0.0525568
-0.0587287
-2.20566
2.22157
0.0679923
-0.0839091
-2.62606
2.63572
0.0999388
-0.1096
-2.4918
2.4901
0.112477
-0.110774
-2.1136
2.10717
0.105941
-0.0995142
-1.64937
1.63567
0.0906635
-0.0769548
-1.0651
1.04436
0.0603192
-0.0395845
-0.457769
0.444266
0.0225326
-0.00902951
-0.0672046
0.0648549
0.0023497
-0.0892687
0.0899277
0.000241358
-0.000900326
-0.240741
0.242014
0.00200905
-0.00328194
-0.416161
0.417832
0.00494851
-0.00661976
-0.607164
0.607658
0.00816606
-0.00866036
-0.814242
0.813512
0.00803213
-0.00730142
-1.02303
1.02318
0.00701902
-0.0071698
-1.24104
1.2428
0.00832884
-0.0100853
-1.49183
1.49461
0.0124966
-0.0152744
-1.79291
1.79742
0.0191764
-0.0236896
-2.15274
2.16104
0.0298166
-0.0381112
-2.14826
2.16117
0.0495112
-0.0624239
-1.94408
1.95538
0.0731362
-0.0844286
-2.23498
2.24531
0.0945671
-0.104896
-2.64258
2.64745
0.1144
-0.119269
-2.48653
2.48152
0.118672
-0.113661
-2.09965
2.09057
0.106489
-0.0974106
-1.6208
1.60556
0.0864134
-0.0711768
-1.02393
1.00444
0.0544058
-0.0349178
-0.431474
0.419361
0.0193075
-0.00719409
-0.0628233
0.0611689
0.00165443
-0.0906291
0.0913316
0.000277782
-0.000980205
-0.243213
0.244344
0.0020701
-0.00320068
-0.419449
0.420938
0.00457891
-0.00606855
-0.608387
0.609417
0.00779809
-0.00882723
-0.812328
0.811246
0.00871456
-0.00763292
-1.02297
1.02253
0.00647079
-0.00603059
-1.24431
1.24536
0.00613216
-0.0071811
-1.49774
1.50046
0.00915674
-0.0118731
-1.80257
1.80703
0.0156058
-0.0200612
-2.1704
2.18017
0.0267958
-0.0365725
-2.17641
2.19402
0.050133
-0.0677442
-1.9685
1.98379
0.0829251
-0.0982158
-2.25206
2.25511
0.108209
-0.111262
-2.64981
2.65159
0.114099
-0.115873
-2.47553
2.46935
0.1142
-0.10802
-2.08178
2.07223
0.100483
-0.0909323
-1.59038
1.57552
0.0797306
-0.0648732
-0.985363
0.967402
0.0492701
-0.0313092
-0.407708
0.396661
0.0166129
-0.00556565
-0.0597709
0.0587657
0.00100521
-0.0921145
0.0928615
0.000326086
-0.00107307
-0.245488
0.24652
0.00216193
-0.00319434
-0.422255
0.423442
0.00433771
-0.00552505
-0.610558
0.611862
0.0070606
-0.00836383
-0.810241
0.809563
0.0087795
-0.00810117
-1.02154
1.02013
0.00632948
-0.00491686
-1.24597
1.24594
0.00417974
-0.00415211
-1.50337
1.50528
0.00503202
-0.00694431
-1.81205
1.81612
0.00967821
-0.013748
-2.18967
2.19945
0.0207408
-0.0305224
-2.21134
2.2288
0.0446145
-0.0620735
-1.99973
2.01693
0.0783149
-0.0955167
-2.25702
2.25751
0.106634
-0.10713
-2.65153
2.65135
0.104916
-0.104729
-2.46338
2.45822
0.102673
-0.0975167
-2.06407
2.05595
0.0914698
-0.0833557
-1.56201
1.54908
0.0736512
-0.0607231
-0.949352
0.931981
0.0465825
-0.029212
-0.385801
0.375587
0.0146981
-0.00448352
-0.0579701
0.0573869
0.000583199
-0.0936934
0.000334564
-0.00114069
0.0944995
-0.247564
0.00233436
-0.00336354
0.248593
-0.424254
0.0042383
-0.0049406
0.424956
-0.612825
0.00571484
-0.0064555
0.613565
-0.80905
0.00698243
-0.0064968
0.808565
-1.01843
0.00478346
-0.00265048
1.0163
-1.2456
0.000694662
0.000344104
1.24456
-1.50704
-0.000875837
0.000280219
1.50764
-1.82042
0.00125857
-0.00446663
1.82363
-2.20866
0.0108402
-0.0185696
2.21639
-2.24471
0.0298325
-0.0444069
2.25928
-2.03235
0.0567962
-0.0713158
2.04687
-2.25958
0.0861621
-0.0914407
2.26486
-2.65
0.0855498
-0.0849304
2.64938
-2.45499
0.0846898
-0.0833888
2.45369
-2.05028
0.0815543
-0.0780351
2.04676
-1.53787
0.0716581
-0.0611295
1.52734
-0.913972
0.0473199
-0.0286417
0.895294
-0.365177
0.0135629
-0.00379682
0.355411
-0.0570579
0.0567716
0.000286308
-0.000475498
-0.0331382
0.00139231
-0.00263993
-0.186023
0.00362244
-0.00425969
-0.367611
0.00435617
-0.00420518
-0.568779
0.00388251
-0.00313308
-0.778231
0.00183847
0.000531174
-0.995768
-0.00345888
0.00706429
-1.2325
-0.0103113
0.0134477
-1.49963
-0.015364
0.0162538
-1.81662
-0.0152831
0.01151
-2.2073
-0.00627181
-0.00122815
-2.2457
0.0100692
-0.0150558
-1.94057
0.0200546
-0.0332185
-1.92458
0.0490664
-0.0536716
-2.29583
0.0594129
-0.06565
-2.37464
0.0710912
-0.0745402
-2.06317
0.0757577
-0.0735325
-1.64061
0.0650878
-0.0513732
-1.09737
0.0322823
-0.0176415
-0.523843
-0.0568406
0.00215785
0.850947
-0.807956
0.0112208
-0.0542122
1.19396
-1.18823
0.0835993
-0.0893295
1.23468
-1.24183
0.091003
-0.0838522
1.24117
-1.24814
0.0853278
-0.0783582
1.25101
-1.25767
0.0760068
-0.0693469
1.2686
-1.27245
0.0654052
-0.0615622
1.28859
-1.29158
0.0588866
-0.0559042
1.29841
-1.30378
0.0537547
-0.0483908
1.16553
-1.17875
0.0394852
-0.0262627
0.307619
-0.325987
0.018368
0.805991
-0.790991
0.0172291
-0.0322285
1.18966
-1.18691
0.0426008
-0.0453498
1.24577
-1.24652
0.0450073
-0.0442636
1.25383
-1.25482
0.0438846
-0.0428917
1.26172
-1.26388
0.040836
-0.0386845
1.27595
-1.27784
0.038045
-0.0361577
1.29444
-1.29555
0.0348726
-0.0337709
1.31057
-1.31208
0.0324086
-0.0309056
1.18965
-1.19576
0.0279502
-0.0218346
0.331713
-0.342372
0.0106591
0.781509
-0.776419
0.0142099
-0.0192998
1.18797
-1.18869
0.019286
-0.0185627
1.24879
-1.2486
0.0178913
-0.0180851
1.25696
-1.25665
0.0181102
-0.0184189
1.26569
-1.26542
0.018202
-0.0184693
1.27884
-1.27839
0.0183538
-0.0188113
1.29652
-1.29527
0.0193
-0.0205508
1.31264
-1.31158
0.0225699
-0.0236366
1.20212
-1.20658
0.0250166
-0.0205568
0.349071
-0.357758
0.00868636
0.774493
-0.775637
0.00821888
-0.00707492
1.1905
-1.19256
0.00261498
-0.000559409
1.24934
-1.24929
-0.000489807
0.00043897
1.25735
-1.25656
0.000610863
-0.00140324
1.26568
-1.26406
0.0031474
-0.00476696
1.27818
-1.27606
0.00618175
-0.0083023
1.29443
-1.29138
0.0105671
-0.0136226
1.30908
-1.30582
0.0173307
-0.0205861
1.21132
-1.21504
0.0223852
-0.018662
0.364673
-0.372839
0.00816605
0.77883
-0.784985
0.00247999
0.00367492
1.19375
-1.19864
-0.00884589
0.013732
1.24845
-1.2484
-0.0132233
0.0131728
1.25532
-1.25367
-0.0108155
0.00916917
1.26302
-1.2603
-0.00639596
0.0036744
1.27376
-1.27108
-0.00106515
-0.00161627
1.28842
-1.28491
0.00632493
-0.00984013
1.30333
-1.29914
0.0145498
-0.0187387
1.21847
-1.22068
0.0216965
-0.0194883
0.379976
-0.388709
0.0087329
0.793102
-0.804187
-0.000491336
0.0115757
1.20103
-1.20447
-0.0188181
0.0222582
1.24641
-1.2447
-0.0226776
0.0209676
1.25159
-1.24912
-0.0185821
0.0161151
1.25825
-1.25468
-0.0125079
0.00893583
1.26773
-1.26353
-0.00543023
0.00122612
1.28098
-1.27596
0.00308555
-0.00809789
1.29492
-1.29047
0.0136546
-0.0181042
1.22295
-1.22476
0.0227822
-0.0209691
0.39736
-0.407847
0.0104869
0.816232
-0.830703
-0.00382787
0.0182982
1.20651
-1.20954
-0.0267142
0.0297489
1.24357
-1.24135
-0.0293891
0.0271701
1.24689
-1.24317
-0.0242285
0.0205096
1.25181
-1.24807
-0.0167938
0.0130588
1.25994
-1.25492
-0.00808656
0.00306799
1.27179
-1.26533
0.00206164
-0.0085185
1.28531
-1.27926
0.014316
-0.0203587
1.22543
-1.22638
0.0254921
-0.0245458
0.419511
-0.43306
0.0135486
0.846334
-0.864578
-0.0073709
0.0256152
1.21062
-1.21304
-0.0347282
0.0371426
1.23953
-1.2365
-0.0359445
0.0329131
1.24017
-1.2357
-0.0292469
0.0247748
1.24373
-1.23851
-0.0208534
0.0156378
1.24985
-1.24455
-0.0097787
0.00448045
1.26026
-1.25352
0.00216702
-0.00890737
1.27312
-1.26606
0.0162647
-0.0233246
1.22654
-1.22594
0.0295809
-0.0301763
0.448204
-0.466158
0.017954
0.883776
-0.905185
-0.0141064
0.0355156
1.21396
-1.21511
-0.04449
0.045647
1.23247
-1.22952
-0.0425757
0.0396262
1.23173
-1.22624
-0.0343552
0.0288687
1.23321
-1.22759
-0.0232876
0.0176604
1.23851
-1.23158
-0.0107723
0.00384457
1.24684
-1.23976
0.00378271
-0.0108636
1.2589
-1.2514
0.0192192
-0.0267213
1.22494
-1.22382
0.0348272
-0.0359484
0.486522
-0.510265
0.0237433
0.927745
-0.952252
-0.0242284
0.0487353
1.2145
-1.21364
-0.0564214
0.0555563
1.22412
-1.21895
-0.0507428
0.0455697
1.22103
-1.21486
-0.0395539
0.0333845
1.22113
-1.21429
-0.0259205
0.019076
1.22571
-1.21771
-0.0110431
0.00304713
1.23209
-1.22411
0.00556947
-0.0135452
1.24325
-1.23425
0.022739
-0.031737
1.22152
-1.21853
0.0402783
-0.0432645
0.537026
-0.567902
0.0308758
0.977425
-1.00385
-0.0378656
0.0642895
1.21
-1.20704
-0.06841
0.0654531
1.21242
-1.20489
-0.0591792
0.0516493
1.20758
-1.20003
-0.0441271
0.0365739
1.20657
-1.19858
-0.0278581
0.0198716
1.20957
-1.20064
-0.0108038
0.00187319
1.21559
-1.20626
0.00696422
-0.016293
1.22591
-1.21622
0.0261549
-0.0358411
1.21486
-1.21104
0.0452612
-0.0490839
0.601657
-0.639086
0.0374291
1.02927
-1.05434
-0.0525551
0.0776265
1.20147
-1.19497
-0.0789691
0.0724703
1.1968
-1.18846
-0.0639706
0.0556275
1.19147
-1.18302
-0.0462885
0.0378356
1.19059
-1.18157
-0.0285054
0.0194869
1.19242
-1.18321
-0.0107106
0.00150734
1.19768
-1.18729
0.00770253
-0.0180925
1.2066
-1.19629
0.027949
-0.0382599
1.20518
-1.19955
0.0484702
-0.0541071
0.679832
-0.723958
0.0441261
1.07767
-1.09822
-0.0647138
0.0852716
1.18681
-1.17839
-0.081861
0.07344
1.1791
-1.16971
-0.0638535
0.0544665
1.17461
-1.16568
-0.045678
0.0367534
1.17352
-1.16455
-0.0281214
0.01916
1.17441
-1.16588
-0.0104157
0.00188546
1.17861
-1.16919
0.00768483
-0.0171054
1.18613
-1.17641
0.0271323
-0.0368552
1.19235
-1.18415
0.0482689
-0.0564749
0.770838
-0.819879
0.0490408
1.11514
-1.12807
-0.0722025
0.0851323
1.16861
-1.16032
-0.0786389
0.0703527
1.16112
-1.1536
-0.0618916
0.0543631
1.15754
-1.14859
-0.0461148
0.03716
1.15625
-1.14683
-0.028195
0.0187706
1.15692
-1.1475
-0.00958186
0.000158255
1.16046
-1.15171
0.00950596
-0.0182587
1.16733
-1.1585
0.0277125
-0.0365465
1.17497
-1.16664
0.0453727
-0.0537039
0.870673
-0.922344
0.0516712
1.13641
-1.1414
-0.0797693
0.0847613
1.15214
-1.14321
-0.0788307
0.0699036
1.14491
-1.13561
-0.059283
0.049984
1.13999
-1.13146
-0.041097
0.0325644
1.13859
-1.13109
-0.024968
0.017473
1.13956
-1.13198
-0.0104213
0.00284053
1.14265
-1.13452
0.00541055
-0.0135502
1.14973
-1.1392
0.0234377
-0.0339671
1.16005
-1.14907
0.0444387
-0.0554252
0.975542
-1.03182
0.056273
1.1408
-0.0593898
0.0438711
1.13072
-0.0334836
0.0280493
1.127
-0.0248509
0.0231395
1.12638
-0.0210661
0.0199725
1.12671
-0.0180099
0.0165827
1.1269
-0.0141683
0.0125544
1.12839
-0.00972651
0.00662254
1.13025
-0.0030692
-0.00189362
1.13594
0.00914033
-0.0197912
1.08886
0.036427
-0.197912
0.0705676
-0.365367
-0.100158
0.100791
-0.432186
-0.0903737
0.0759951
-0.508195
-0.0633561
0.0505831
-0.603467
-0.0404177
0.0310383
-0.721191
-0.024217
0.0184097
-0.864119
-0.0143959
0.0110008
-1.0364
-0.00857273
0.00642095
-1.24322
-0.00481149
0.00331817
-1.4916
-0.0021159
0.000881123
-1.49158
0.000219762
-0.0013323
-1.2429
0.00255354
-0.00375267
-1.036
0.00524061
-0.00684031
-0.863761
0.00897289
-0.0113728
-0.720504
0.0147289
-0.0187059
-0.602095
0.0244781
-0.0312738
-0.504843
0.0406314
-0.05078
-0.427143
0.0635382
-0.076167
-0.36477
0.0905341
-0.100924
-0.286566
0.100247
-0.0706027
0.0194957
0.336606
-0.0484768
0.0656546
0.458056
-0.0681785
0.0644881
0.53507
-0.0585653
0.0530186
0.6265
-0.0480548
0.0425701
0.739485
-0.0373291
0.0316303
0.877497
-0.0266187
0.0215622
1.04589
-0.017427
0.0134269
1.25024
-0.0102149
0.00709539
1.4975
-0.00452588
0.00186963
1.49694
0.000570993
-0.00300016
1.24856
0.00563243
-0.00817096
1.04326
0.0112505
-0.0144176
0.87389
0.0183596
-0.0224306
0.734716
0.0274064
-0.0323408
0.620954
0.0379591
-0.043134
0.527613
0.0485538
-0.0534644
0.453719
0.058963
-0.0648456
0.374401
0.0684819
-0.0658825
0.19436
0.0486075
-0.0195388
0.00576162
-0.316383
0.297198
-0.0219553
0.0411403
-0.458939
0.457229
-0.0506198
0.0523302
-0.540428
0.544747
-0.0504805
0.0461612
-0.630724
0.634843
-0.0422266
0.0381079
-0.743706
0.747323
-0.0345572
0.0309407
-0.881957
0.885693
-0.0276328
0.0238964
-1.05002
1.05389
-0.0203589
0.0164881
-1.2538
1.25749
-0.0130096
0.00931226
-1.50073
1.50431
-0.0060175
0.00243628
-1.49991
1.50327
0.000943087
-0.00430281
-1.25153
1.25477
0.00783731
-0.0110731
-1.04666
1.05006
0.0146943
-0.0180942
-0.877776
0.88121
0.0218672
-0.0253009
-0.738705
0.741894
0.0289101
-0.032099
-0.624664
0.628115
0.0355927
-0.039044
-0.531887
0.535743
0.0430673
-0.0469231
-0.457478
0.459241
0.0511592
-0.0529223
-0.367601
0.357982
0.0511004
-0.0414814
-0.172118
0.155805
0.0221275
-0.0058148
0.00312493
-0.280059
0.265135
-0.0124051
0.0273297
-0.453506
0.448518
-0.037981
0.0429687
-0.547722
0.549687
-0.0432658
0.0413004
-0.638554
0.641705
-0.0386368
0.0354852
-0.750884
0.754245
-0.0325002
0.0291388
-0.88903
0.892345
-0.0260787
0.0227637
-1.05747
1.06078
-0.019766
0.0164564
-1.26122
1.26481
-0.0132963
0.00970238
-1.50813
1.51201
-0.00629268
0.00240688
-1.50689
1.51062
0.00135199
-0.00508612
-1.25809
1.26141
0.0089017
-0.0122224
-1.05328
1.05632
0.015701
-0.018745
-0.884223
0.887079
0.0219165
-0.0247731
-0.744925
0.747825
0.0279185
-0.0308181
-0.631346
0.63419
0.0340098
-0.0368539
-0.538916
0.541474
0.0398692
-0.0424269
-0.459717
0.459285
0.0442567
-0.0438253
-0.347303
0.336434
0.0386466
-0.027778
-0.143674
0.134245
0.0126197
-0.00319043
0.00210161
-0.252209
0.240999
-0.00834212
0.0195516
-0.442725
0.436427
-0.0294334
0.0357318
-0.550899
0.551661
-0.0373274
0.0365662
-0.644345
0.646732
-0.0345746
0.0321871
-0.757244
0.759921
-0.0299013
0.0272235
-0.895561
0.898582
-0.0246171
0.0215955
-1.06409
1.0673
-0.0187467
0.0155338
-1.26834
1.27177
-0.0125187
0.00909336
-1.51593
1.51977
-0.00579107
0.00194557
-1.51439
1.51813
0.00182245
-0.00555777
-1.26465
1.26783
0.00930875
-0.0124908
-1.05922
1.06208
0.0157616
-0.0186198
-0.889865
0.89253
0.0216476
-0.0243123
-0.750515
0.752913
0.0271147
-0.0295122
-0.636609
0.638711
0.0319676
-0.0340687
-0.543646
0.545483
0.036277
-0.0381142
-0.458127
0.456323
0.0386898
-0.0368857
-0.325796
0.315613
0.0302971
-0.020114
-0.126581
0.120156
0.00860671
-0.00218149
0.00154282
-0.231215
0.222638
-0.00612543
0.0147025
-0.4298
0.423035
-0.0233456
0.0301105
-0.552074
0.552176
-0.0326906
0.0325879
-0.648928
0.651026
-0.0311719
0.0290731
-0.762332
0.76464
-0.0270465
0.0247383
-0.901388
0.903979
-0.0225189
0.0199275
-1.07047
1.07345
-0.017391
0.0144147
-1.27521
1.27854
-0.0115361
0.00820405
-1.52359
1.52732
-0.00499421
0.00126463
-1.52181
1.52542
0.00238154
-0.00598618
-1.27094
1.27399
0.00959447
-0.0126472
-1.06484
1.06751
0.0157751
-0.0184459
-0.895015
0.897313
0.0211782
-0.023477
-0.75507
0.757031
0.0257938
-0.0277555
-0.640632
0.642424
0.0297867
-0.0315785
-0.54698
0.548178
0.0334457
-0.0346429
-0.453924
0.45104
0.0344861
-0.0316029
-0.305974
0.296939
0.0244315
-0.0153961
-0.114635
0.109826
0.00644942
-0.00164012
0.00117798
-0.215067
0.208364
-0.00468167
0.0113844
-0.416244
0.409555
-0.0187479
0.0254368
-0.551949
0.551447
-0.0286367
0.0291393
-0.653008
0.654925
-0.0282622
0.0263449
-0.766821
0.768958
-0.0244766
0.02234
-0.906451
0.908812
-0.0202947
0.0179335
-1.07634
1.07905
-0.0156386
0.0129371
-1.28184
1.28499
-0.0102716
0.00712407
-1.53102
1.53461
-0.00404998
0.00045569
-1.52896
1.53242
0.00305252
-0.00650684
-1.27694
1.27982
0.00994585
-0.0128183
-1.07002
1.07242
0.0157019
-0.0181003
-0.899435
0.901435
0.0204933
-0.0224928
-0.758873
0.760602
0.0245161
-0.0262445
-0.644109
0.645681
0.028037
-0.0296097
-0.549028
0.549605
0.0312307
-0.0318074
-0.447736
0.444116
0.030941
-0.0273211
-0.288496
0.280637
0.0200917
-0.0122335
-0.105576
0.101796
0.00507664
-0.0012963
0.000914013
-0.202392
0.197066
-0.00364905
0.00897408
-0.403016
0.396714
-0.015183
0.0214853
-0.550632
0.549586
-0.0250093
0.0260555
-0.656663
0.658298
-0.0254815
0.0238459
-0.770988
0.772999
-0.0221011
0.0200902
-0.911134
0.91336
-0.0181652
0.0159393
-1.08173
1.08427
-0.0137765
0.0112406
-1.2881
1.29104
-0.00874789
0.00580191
-1.53817
1.54158
-0.00289975
-0.000518789
-1.5358
1.53908
0.0038653
-0.00714332
-1.28256
1.28521
0.0103656
-0.0130127
-1.07467
1.07683
0.0156265
-0.0177848
-0.903317
0.905113
0.0199353
-0.0217313
-0.76224
0.763777
0.0235411
-0.0250777
-0.647166
0.648542
0.0266677
-0.028043
-0.549954
0.550153
0.0292789
-0.0294774
-0.440216
0.436124
0.0279324
-0.0238407
-0.27331
0.266485
0.0168383
-0.010013
-0.0983936
0.0953208
0.00413095
-0.00105814
0.000713974
-0.192289
0.188014
-0.002873
0.00714837
-0.390652
0.384896
-0.0123618
0.0181176
-0.548282
0.546834
-0.021738
0.0231865
-0.659755
0.661153
-0.0228507
0.0214525
-0.774926
0.776856
-0.0198012
0.0178712
-0.915574
0.917692
-0.0160312
0.013913
-1.08683
1.08925
-0.011856
0.00943938
-1.29398
1.29678
-0.00706277
0.00426057
-1.54495
1.54817
-0.00151088
-0.00170907
-1.54227
1.54533
0.00485267
-0.00791373
-1.28772
1.29015
0.0108929
-0.0133201
-1.07885
1.0808
0.0157007
-0.017654
-0.906795
0.908402
0.0195885
-0.0211951
-0.765235
0.766607
0.0228104
-0.0241829
-0.649844
0.651049
0.0256023
-0.0268075
-0.550147
0.549979
0.027671
-0.0275027
-0.43186
0.427498
0.0253874
-0.0210254
-0.2601
0.254127
0.0143858
-0.00841322
-0.0925124
0.0899427
0.00345829
-0.000888641
0.000555437
-0.184163
0.180721
-0.00226243
0.0057053
-0.37942
0.374285
-0.010062
0.0151964
-0.545191
0.543484
-0.01874
0.0204468
-0.662363
0.66353
-0.0203255
0.019158
-0.778715
0.780589
-0.0175516
0.015677
-0.919833
0.921878
-0.0138941
0.0118487
-1.09172
1.09405
-0.00986431
0.00753446
-1.2996
1.30229
-0.00524665
0.0025599
-1.55135
1.55441
5.40234e-05
-0.00311222
-1.5483
1.55114
0.00606109
-0.00890386
-1.29245
1.29467
0.0116489
-0.0138725
-1.08263
1.0844
0.0160402
-0.0178029
-0.909893
0.911323
0.0195355
-0.0209656
-0.767896
0.769111
0.0223981
-0.023613
-0.652214
0.65328
0.0248654
-0.0259319
-0.549618
0.54907
0.0264108
-0.0258627
-0.423033
0.418535
0.0232739
-0.0187756
-0.248505
0.243216
0.0125367
-0.00724747
-0.0875591
0.0853519
0.00297513
-0.000767947
0.000424641
-0.177621
0.174864
-0.00176177
0.00451873
-0.369445
0.36496
-0.00812802
0.012613
-0.541644
0.539816
-0.0159485
0.0177767
-0.664523
0.665546
-0.0178326
0.0168094
-0.782405
0.784255
-0.0152672
0.0134177
-0.923979
0.925986
-0.0116615
0.00965525
-1.09646
1.09873
-0.00771686
0.00545124
-1.30501
1.3076
-0.00323674
0.000646264
-1.55744
1.56034
0.00186646
-0.00477078
-1.55391
1.55656
0.00754795
-0.0101957
-1.29677
1.29879
0.0127186
-0.0147335
-1.08603
1.08759
0.0166725
-0.0182322
-0.912634
0.913886
0.019753
-0.021005
-0.770244
0.771314
0.0222606
-0.0233307
-0.654264
0.655108
0.0244331
-0.0252772
-0.548346
0.547401
0.0254651
-0.0245202
-0.413985
0.40944
0.0215438
-0.0169996
-0.238199
0.233449
0.0111475
-0.00639685
-0.0832744
0.0813284
0.00262869
-0.000682699
0.000311047
-0.172396
0.17023
-0.00133062
0.00349723
-0.360772
0.356944
-0.00643672
0.0102643
-0.53791
0.536078
-0.0132953
0.0151268
-0.666441
0.667407
-0.0153074
0.0143412
-0.786056
0.7879
-0.0128688
0.0110249
-0.928075
0.930069
-0.00927216
0.00727877
-1.1011
1.10333
-0.00536086
0.00312979
-1.31024
1.31276
-0.000959629
-0.00155983
-1.56324
1.56601
0.00398225
-0.00675433
-1.55914
1.56159
0.00936875
-0.0118224
-1.30068
1.30249
0.0141215
-0.0159289
-1.08902
1.09038
0.0176449
-0.019005
-0.915015
0.916087
0.0203155
-0.0213877
-0.772291
0.773206
0.0224609
-0.0233762
-0.655847
0.656436
0.0243066
-0.0248962
-0.546298
0.544975
0.0247884
-0.0234655
-0.404868
0.400327
0.0201681
-0.0156267
-0.228903
0.22457
0.0101181
-0.00578456
-0.0794684
0.0777075
0.00238579
-0.000624851
0.000206062
-0.168319
0.166686
-0.000937095
0.00256962
-0.353414
0.350251
-0.00488706
0.00804952
-0.534216
0.532497
-0.010694
0.0124127
-0.668231
0.669162
-0.0126403
0.0117092
-0.789698
0.791545
-0.0102784
0.00843134
-0.932178
0.934185
-0.0066659
0.00465946
-1.10569
1.10792
-0.0027341
0.000505549
-1.31537
1.31784
0.00165056
-0.00412691
-1.5688
1.57145
0.006483
-0.00914016
-1.56399
1.56625
0.0116049
-0.0138716
-1.30417
1.30577
0.0159435
-0.017537
-1.0916
1.09275
0.0190176
-0.0201701
-0.917032
0.917921
0.0212646
-0.0221534
-0.774024
0.774767
0.0230332
-0.0237755
-0.656915
0.657205
0.0245188
-0.0248086
-0.543493
0.541811
0.0243801
-0.0226979
-0.395757
0.391236
0.0191241
-0.014603
-0.22038
0.216361
0.0093787
-0.00535948
-0.0759974
0.0743619
0.00222434
-0.000588943
0.000103233
-0.165294
0.164168
-0.000557847
0.00168417
-0.347392
0.34491
-0.00340248
0.00588474
-0.530791
0.5293
-0.00806944
0.00956006
-0.669943
0.670887
-0.00974521
0.00880118
-0.793359
0.795242
-0.00737227
0.00548956
-0.936344
0.938388
-0.00368626
0.00164171
-1.11032
1.11257
0.000312306
-0.00256658
-1.32042
1.32288
0.00472335
-0.00717992
-1.57414
1.57669
0.00948462
-0.0120379
-1.56846
1.57053
0.0143508
-0.0164188
-1.30723
1.3086
0.0182527
-0.0196157
-1.09375
1.09467
0.0208397
-0.0217586
-0.918658
0.919337
0.0226068
-0.0232855
-0.775394
0.775952
0.0239557
-0.0245143
-0.657378
0.657353
0.0250405
-0.0250152
-0.539965
0.53794
0.0242177
-0.0221921
-0.386676
0.382175
0.0183739
-0.0138737
-0.212435
0.208644
0.00887228
-0.00508167
-0.0727492
0.0711926
0.00212637
-0.000569792
-2.6226e-06
-0.163286
0.162663
-0.000169483
0.000792522
-0.342743
0.340966
-0.0019116
0.00368804
-0.527858
0.526698
-0.00534871
0.00650887
-0.671676
0.672687
-0.00656597
0.00555468
-0.797106
0.799051
-0.00408203
0.00213766
-0.940618
0.942727
-0.000274078
-0.00183514
-1.11502
1.11732
0.00384546
-0.00614694
-1.32546
1.32793
0.00833476
-0.0107993
-1.57929
1.58176
0.0130765
-0.0155466
-1.57255
1.57442
0.017718
-0.0195914
-1.30982
1.31094
0.0211757
-0.0222931
-1.09542
1.09609
0.0232389
-0.0239062
-0.919828
0.920278
0.0244871
-0.0249372
-0.77639
0.7767
0.0253603
-0.0256707
-0.657229
0.656902
0.0258604
-0.0255344
-0.53572
0.533362
0.0243478
-0.0219899
-0.377605
0.3731
0.0179371
-0.0134322
-0.204895
0.201253
0.00858139
-0.00493895
-0.0696316
0.0681108
0.00208833
-0.000567556
-0.000120793
-0.1623
0.16223
0.000243262
-0.000173158
-0.339527
0.338484
-0.00033455
0.00137752
-0.52562
0.524894
-0.00245082
0.00317692
-0.673529
0.674663
-0.00301784
0.001884
-0.800981
0.803009
-0.000325041
-0.00170268
-0.945065
0.947282
0.00366288
-0.00588078
-1.11986
1.12226
0.00798955
-0.0103876
-1.33056
1.33307
0.0126444
-0.0151505
-1.58429
1.58669
0.0174225
-0.0198254
-1.57625
1.57792
0.0218642
-0.0235313
-1.31192
1.31276
0.0248459
-0.0256859
-1.09658
1.09696
0.0263205
-0.0266985
-0.920501
0.920683
0.0269708
-0.0271528
-0.776913
0.776933
0.027287
-0.0273065
-0.656519
0.655851
0.0271012
-0.0264338
-0.530739
0.528023
0.0248443
-0.0221284
-0.368485
0.363936
0.0178218
-0.013272
-0.197603
0.19403
0.00849431
-0.00492154
-0.0665607
0.065036
0.00210453
-0.000579906
-0.000253921
-0.162394
0.162856
0.000710586
-0.00117177
-0.337831
0.337589
0.00134632
-0.00110425
-0.524288
0.52413
0.000692698
-0.000534339
-0.675609
0.67697
0.00105169
-0.00241196
-0.805056
0.807219
0.0041217
-0.00628483
-0.949778
0.95214
0.00837058
-0.0107327
-1.12494
1.12747
0.0129724
-0.0155008
-1.33577
1.33834
0.017853
-0.0204244
-1.58918
1.59152
0.0227091
-0.0250534
-1.57954
1.58098
0.026954
-0.0283959
-1.31345
1.31398
0.0293923
-0.0299188
-1.09713
1.09717
0.0301848
-0.0302234
-0.920621
0.920469
0.0301167
-0.0299653
-0.776883
0.776567
0.0297452
-0.0294295
-0.655154
0.654096
0.0288048
-0.027747
-0.524981
0.521889
0.0257165
-0.022625
-0.359228
0.354581
0.0180424
-0.013396
-0.190399
0.186818
0.00860745
-0.00502627
-0.0634561
0.0618889
0.00217407
-0.000606946
-0.000397018
-0.163615
0.164742
0.00121861
-0.00234555
-0.337808
0.338434
0.00325087
-0.00387682
-0.524148
0.524699
0.00422591
-0.00477638
-0.678114
0.679758
0.00576169
-0.00740576
-0.809438
0.81181
0.0093367
-0.0117093
-0.954833
0.957387
0.0139723
-0.016526
-1.13032
1.13303
0.0189396
-0.0216486
-1.34115
1.34383
0.024145
-0.026831
-1.59397
1.59626
0.0291566
-0.0314505
-1.58237
1.58356
0.0331881
-0.0343755
-1.31435
1.31452
0.0350182
-0.035189
-1.09698
1.09662
0.0350321
-0.0346696
-0.920074
0.919516
0.0341157
-0.0335575
-0.776217
0.775543
0.0329077
-0.0322336
-0.652986
0.651517
0.0311059
-0.0296368
-0.518388
0.514864
0.0271072
-0.0235832
-0.34971
0.344889
0.0186568
-0.013835
-0.183122
0.179446
0.00893544
-0.00525931
-0.0602396
0.05859
0.00229836
-0.00064874
-0.000580586
-0.166196
0.168035
0.00183647
-0.00367492
-0.339583
0.341209
0.00539951
-0.00702549
-0.525445
0.526818
0.00824112
-0.0096138
-0.681171
0.683226
0.0111819
-0.0132377
-0.814269
0.81691
0.015453
-0.0180936
-0.960347
0.963175
0.0205969
-0.0234252
-1.13613
1.1391
0.0260945
-0.0290671
-1.3468
1.34965
0.0317692
-0.034619
-1.5987
1.60095
0.0370159
-0.0392741
-1.5847
1.5856
0.040851
-0.0417515
-1.31453
1.31425
0.0419945
-0.041718
-1.09604
1.09521
0.0410699
-0.040246
-0.918734
0.917715
0.0391835
-0.0381638
-0.77483
0.773718
0.0370177
-0.0359058
-0.649903
0.647936
0.0342257
-0.0322587
-0.51083
0.506797
0.0291269
-0.0250938
-0.339758
0.33466
0.0197378
-0.0146399
-0.175588
0.171714
0.00950524
-0.00563133
-0.0568291
0.0550548
0.00247827
-0.000703983
-0.00080448
-0.170295
0.172961
0.00257721
-0.00524344
-0.343422
0.34615
0.00788034
-0.0106088
-0.528406
0.530803
0.0128686
-0.0152659
-0.685028
0.68766
0.017573
-0.0202049
-0.819707
0.822726
0.022823
-0.0258415
-0.966509
0.969715
0.0286838
-0.0318897
-1.14253
1.14584
0.034898
-0.0382092
-1.35282
1.35586
0.041165
-0.0442047
-1.60335
1.60554
0.0466701
-0.0488585
-1.58643
1.58696
0.0502108
-0.0507461
-1.31381
1.31304
0.050506
-0.0497377
-1.09417
1.09281
0.0485131
-0.0471527
-0.9165
0.914961
0.0455097
-0.0439702
-0.772538
0.770893
0.0422641
-0.0406192
-0.645698
0.643125
0.0383556
-0.0357821
-0.502144
0.497512
0.0319525
-0.0273203
-0.329145
0.323631
0.0214115
-0.0158984
-0.167578
0.163377
0.0103676
-0.00616662
-0.0531374
0.0511899
0.00271965
-0.00077223
-0.00108361
-0.176201
0.179825
0.00347535
-0.00709969
-0.349604
0.3536
0.0107766
-0.0147725
-0.533347
0.537039
0.0182519
-0.0219431
-0.690011
0.693431
0.0251946
-0.0286152
-0.826011
0.829546
0.031803
-0.0353381
-0.973524
0.977207
0.0386269
-0.0423102
-1.14967
1.15338
0.045729
-0.0494378
-1.35927
1.36252
0.0526848
-0.055938
-1.60789
1.60998
0.0584732
-0.0605667
-1.58741
1.58752
0.0616462
-0.0617493
-1.31209
1.31074
0.0609311
-0.0595839
-1.09126
1.08927
0.0576615
-0.0556731
-0.913257
0.91112
0.0533563
-0.05122
-0.769177
0.766922
0.0488909
-0.0466362
-0.640178
0.63692
0.0437343
-0.0404762
-0.492123
0.48676
0.035833
-0.0304696
-0.317558
0.311447
0.023835
-0.0177239
-0.158811
0.154119
0.0115888
-0.00689741
-0.0490611
0.0468835
0.00303257
-0.000855012
-0.00144664
-0.184292
0.189066
0.00460996
-0.00938381
-0.358489
0.364012
0.0142934
-0.0198162
-0.540677
0.545968
0.0247877
-0.0300784
-0.696529
0.700953
0.0344879
-0.0389119
-0.833509
0.837726
0.0428594
-0.0470764
-0.981611
0.985918
0.0509525
-0.0552587
-1.15768
1.16188
0.059201
-0.0633977
-1.36617
1.36963
0.0669802
-0.070441
-1.61221
1.61409
0.07299
-0.074873
-1.58749
1.58701
0.0755345
-0.0750597
-1.30917
1.30714
0.0735276
-0.0714956
-1.08711
1.08441
0.0688064
-0.0661
-0.908879
0.906072
0.0630081
-0.0602014
-0.764606
0.761633
0.0571842
-0.0542109
-0.633178
0.629133
0.0505896
-0.046544
-0.480467
0.474209
0.0409333
-0.0346751
-0.304589
0.297653
0.0271009
-0.020165
-0.148937
0.143577
0.013179
-0.00781913
-0.0444823
0.0420211
0.00341242
-0.00095123
-0.00195146
-0.19516
0.201396
0.00613389
-0.0123707
-0.370602
0.378093
0.0188459
-0.026337
-0.550879
0.558193
0.033221
-0.0405353
-0.704991
0.710651
0.0463659
-0.0520256
-0.842585
0.847662
0.056938
-0.0620158
-0.991071
0.996143
0.0666369
-0.0717085
-1.16673
1.17143
0.0762534
-0.0809553
-1.37348
1.37703
0.0848218
-0.0883723
-1.61605
1.61753
0.0907812
-0.0922557
-1.58633
1.58507
0.0923022
-0.0910463
-1.30483
1.30197
0.0886095
-0.0857573
-1.08155
1.07808
0.0821981
-0.0787273
-0.903255
0.899706
0.074814
-0.0712656
-0.758654
0.75489
0.0674209
-0.0636566
-0.624465
0.619463
0.059121
-0.0541195
-0.466814
0.459441
0.0473347
-0.0399616
-0.289732
0.281705
0.0311652
-0.0231378
-0.137593
0.13141
0.0150492
-0.00886605
-0.0392998
0.0365243
0.00382734
-0.00105179
-0.00271005
-0.20978
0.218014
0.00831907
-0.0165529
-0.386768
0.396973
0.0251831
-0.0353883
-0.564627
0.574505
0.0449512
-0.0548293
-0.715944
0.723162
0.0624555
-0.0696731
-0.853628
0.859784
0.0757172
-0.0818733
-1.00214
1.00799
0.0873575
-0.093209
-1.17676
1.18178
0.0982719
-0.103294
-1.38089
1.38422
0.107215
-0.110549
-1.61896
1.61967
0.112513
-0.11322
-1.5835
1.58116
0.112318
-0.109982
-1.29875
1.29489
0.106378
-0.102516
-1.07444
1.07011
0.0979363
-0.093611
-0.896263
0.891935
0.0888276
-0.0844994
-0.751238
0.746622
0.0796912
-0.0750746
-0.61372
0.607537
0.0694234
-0.0632411
-0.450675
0.441858
0.054972
-0.0461546
-0.272391
0.262999
0.0357691
-0.026377
-0.124461
0.117375
0.0169878
-0.00990186
-0.0334623
0.0303864
0.00421657
-0.00114066
-0.00393642
-0.229793
0.241292
0.0117508
-0.0232495
-0.40838
0.422769
0.0353731
-0.0497624
-0.582819
0.59585
0.0629656
-0.0759964
-0.730044
0.739217
0.0856787
-0.094852
-0.866973
0.874075
0.102042
-0.109143
-1.01469
1.02098
0.115284
-0.121578
-1.18728
1.19214
0.12677
-0.131631
-1.38767
1.39026
0.135137
-0.137731
-1.62014
1.61957
0.138766
-0.13819
-1.57836
1.57456
0.135887
-0.132091
-1.29057
1.28548
0.127016
-0.121927
-1.06556
1.06026
0.116141
-0.110836
-0.887823
0.882637
0.105077
-0.0998903
-0.742248
0.736655
0.094109
-0.0885157
-0.6005
0.592781
0.0814948
-0.0737756
-0.431373
0.420643
0.0635336
-0.0528031
-0.25197
0.240976
0.0403865
-0.0293925
-0.109358
0.101433
0.018621
-0.0106958
-0.0270086
0.023721
0.00448122
-0.00119362
-0.00685442
-0.258517
0.277002
0.0200932
-0.0385778
-0.438022
0.45828
0.0567498
-0.0770074
-0.606153
0.622049
0.0943786
-0.110274
-0.747724
0.758273
0.121775
-0.132325
-0.882185
0.889274
0.139764
-0.146854
-1.02778
1.0336
0.152794
-0.158614
-1.19714
1.201
0.163122
-0.166977
-1.39269
1.39381
0.169334
-0.170456
-1.61852
1.61608
0.169948
-0.167511
-1.57018
1.56457
0.163364
-0.157755
-1.27987
1.27332
0.1509
-0.144359
-1.05467
1.04823
0.137162
-0.130717
-0.877739
0.871572
0.123851
-0.117684
-0.731458
0.724506
0.110716
-0.103763
-0.58409
0.574316
0.0948977
-0.0851241
-0.408013
0.394908
0.0723609
-0.0592557
-0.228026
0.215152
0.0442993
-0.0314258
-0.0923123
0.0838287
0.0192937
-0.01081
-0.0200716
0.0168106
0.004434
-0.00117297
-0.00724664
-0.29165
0.308181
0.0195295
-0.0360603
-0.471822
0.489743
0.0523627
-0.0702833
-0.631858
0.646966
0.0859128
-0.101021
-0.768756
0.780017
0.112657
-0.123918
-0.899557
0.909257
0.132903
-0.142603
-1.04316
1.05244
0.15117
-0.160449
-1.20952
1.21744
0.16854
-0.176462
-1.40039
1.40623
0.183318
-0.189155
-1.61942
1.62203
0.193542
-0.196152
-1.56306
1.56118
0.196177
-0.194296
-1.2688
1.26384
0.189827
-0.184867
-1.04263
1.03593
0.178294
-0.171595
-0.865856
0.858183
0.163917
-0.156244
-0.71782
0.707022
0.146386
-0.135587
-0.561799
0.546689
0.121614
-0.106504
-0.377878
0.359569
0.0877702
-0.0694612
-0.199059
0.183336
0.0498916
-0.034168
-0.0739042
0.0647125
0.0202007
-0.011009
-0.0133885
0.0101178
0.00441511
-0.00114439
-0.00330658
-0.315152
0.326159
0.010343
-0.0213506
-0.500009
0.512711
0.0326118
-0.0453136
-0.654824
0.667201
0.0571303
-0.0695075
-0.789611
0.7988
0.0794008
-0.0885895
-0.918521
0.927262
0.0964812
-0.105222
-1.06127
1.06967
0.112926
-0.121326
-1.22518
1.23227
0.128592
-0.135683
-1.4118
1.41708
0.141303
-0.146584
-1.62393
1.62521
0.149562
-0.150841
-1.5583
1.55495
0.149648
-0.1463
-1.25787
1.25152
0.140517
-0.134163
-1.02893
1.02141
0.126368
-0.118851
-0.850804
0.842419
0.110106
-0.101722
-0.6994
0.689143
0.09215
-0.0818922
-0.537205
0.524572
0.0691294
-0.0564968
-0.349011
0.337582
0.0428876
-0.0314579
-0.176605
0.168822
0.020559
-0.0127759
-0.0619599
0.0585849
0.00673121
-0.0033562
-0.00949013
0.00852205
0.00126438
-0.000296302
-0.00161724
-0.328219
0.336153
0.00541778
-0.0133516
-0.519605
0.529418
0.0216761
-0.0314888
-0.673227
0.683184
0.0403976
-0.0503543
-0.8071
0.815018
0.0582217
-0.0661404
-0.935555
0.942891
0.0731804
-0.0805164
-1.07722
1.08454
0.0874388
-0.0947591
-1.23906
1.24519
0.101075
-0.107209
-1.42158
1.42563
0.11221
-0.116264
-1.62633
1.62677
0.118728
-0.119163
-1.55115
1.54696
0.11742
-0.113227
-1.24486
1.23819
0.106878
-0.100207
-1.01368
1.00586
0.0921933
-0.0843742
-0.834812
0.826703
0.0756477
-0.0675387
-0.681793
0.672314
0.0580091
-0.0485294
-0.517022
0.506669
0.0366598
-0.0263062
-0.332087
0.324735
0.0164753
-0.0091234
-0.167832
0.164848
0.00317377
-0.000189791
-0.0594989
0.0595936
-0.00085285
0.000758111
-0.00927833
0.00954404
-0.000383997
0.000118285
-0.00125461
-0.335717
0.341246
0.00348414
-0.00901319
-0.533744
0.541351
0.015545
-0.0231517
-0.688427
0.696318
0.0306788
-0.0385691
-0.822166
0.828768
0.0452011
-0.0518033
-0.950074
0.956685
0.0577684
-0.0643786
-1.0915
1.09785
0.0704316
-0.0767848
-1.25124
1.2567
0.0824758
-0.0879422
-1.42953
1.43308
0.092186
-0.0957382
-1.62731
1.62757
0.0976475
-0.0979046
-1.54316
1.53926
0.0960327
-0.0921358
-1.23182
1.22556
0.0861439
-0.0798803
-0.99849
0.991169
0.0723474
-0.0650262
-0.818972
0.8109
0.0566049
-0.0485325
-0.664399
0.654896
0.038787
-0.029285
-0.50056
0.491697
0.0184366
-0.00957335
-0.322809
0.31806
0.00199046
0.00275852
-0.166611
0.166312
-0.00582561
0.00612426
-0.0620622
0.0638164
-0.00487172
0.00311756
-0.0110222
0.0120585
-0.00144038
0.000404056
-0.0010652
-0.339603
0.343674
0.00280366
-0.00687442
-0.544564
0.550991
0.0121765
-0.0186038
-0.700726
0.707451
0.0246886
-0.0314132
-0.834854
0.840704
0.0367641
-0.0426137
-0.963014
0.969145
0.0477635
-0.0538944
-1.10394
1.10974
0.0592982
-0.0651022
-1.26193
1.26689
0.0701154
-0.0750802
-1.43653
1.43975
0.0789394
-0.0821593
-1.62803
1.62835
0.0839298
-0.0842521
-1.53592
1.5326
0.0827138
-0.079401
-1.21992
1.21439
0.0742014
-0.0686695
-0.984365
0.977552
0.0618688
-0.0550557
-0.803187
0.795103
0.0469163
-0.0388322
-0.646933
0.637851
0.0293007
-0.0202186
-0.486648
0.478642
0.0105081
-0.00250182
-0.317582
0.31423
-0.00342628
0.00677753
-0.169258
0.169888
-0.00838343
0.00775333
-0.0669272
0.0690722
-0.00576606
0.0036211
-0.0138174
0.0150155
-0.0016616
0.000463475
-0.0010587
-0.341706
0.345186
0.00260378
-0.00608325
-0.5529
0.558522
0.0102932
-0.0159153
-0.711737
0.717105
0.0214503
-0.0268182
-0.846041
0.851212
0.0315844
-0.0367556
-0.974877
0.980264
0.0416029
-0.0469901
-1.1154
1.1204
0.052177
-0.0571734
-1.2717
1.27634
0.0619252
-0.0665616
-1.44294
1.44601
0.0702265
-0.0732937
-1.62892
1.62942
0.07527
-0.0757743
-1.5298
1.52702
0.0746281
-0.0718488
-1.2094
1.2044
0.0675993
-0.062602
-0.971377
0.964906
0.0562518
-0.0497808
-0.787485
0.779746
0.0419262
-0.0341874
-0.630374
0.622124
0.0250793
-0.0168291
-0.474305
0.467682
0.00826793
-0.00164518
-0.314269
0.311614
-0.00332552
0.00598081
-0.172771
0.17329
-0.00702696
0.00650763
-0.0721721
0.0739251
-0.00477917
0.0030262
-0.0167277
0.017722
-0.00136721
0.000372907
-0.00110287
-0.343306
0.346508
0.00261519
-0.00581693
-0.560078
0.564879
0.009398
-0.0141999
-0.721156
0.725742
0.0193431
-0.0239293
-0.85635
0.861184
0.0282379
-0.0330719
-0.985382
0.990502
0.0376073
-0.0427267
-1.12582
1.13067
0.0472194
-0.0520617
-1.28071
1.28521
0.0565083
-0.0609996
-1.44951
1.45256
0.0646293
-0.06768
-1.63036
1.63147
0.0695946
-0.0706995
-1.52499
1.52257
0.0702173
-0.0677898
-1.19999
1.19545
0.0640563
-0.0595168
-0.958891
0.952562
0.0534202
-0.0470907
-0.772454
0.765173
0.0396119
-0.0323306
-0.615508
0.608159
0.0241331
-0.0167838
-0.463887
0.458333
0.00933927
-0.00378491
-0.31143
0.309124
-0.000632994
0.00293831
-0.175684
0.175774
-0.00405295
0.00396269
-0.076525
0.0776101
-0.00304943
0.00196428
-0.0191526
0.0197953
-0.000882262
0.000239589
-0.00127195
-0.344857
0.347775
0.00284611
-0.00576429
-0.566269
0.570772
0.00907508
-0.0135784
-0.729648
0.733543
0.018274
-0.0221687
-0.865654
0.870143
0.0263528
-0.0308423
-0.995278
0.999853
0.0350818
-0.0396565
-1.1354
1.14031
0.0439122
-0.0488227
-1.28976
1.29384
0.0531688
-0.0572528
-1.45572
1.45928
0.0608154
-0.064376
-1.63277
1.6341
0.0666771
-0.0679992
-1.5208
1.51895
0.0677542
-0.0659045
-1.19132
1.18699
0.0623592
-0.058032
-0.946913
0.940832
0.0525666
-0.0464858
-0.75851
0.751939
0.039446
-0.0328755
-0.602023
0.595743
0.0255811
-0.0193009
-0.455003
0.450195
0.0130191
-0.00821187
-0.308675
0.306222
0.00383855
-0.00138492
-0.177338
0.176825
-0.000270908
0.000784545
-0.079343
0.0796073
-0.000789718
0.000525398
-0.0207743
0.0209666
-0.000254921
6.25676e-05
-0.00133113
-0.346764
0.349479
0.00308777
-0.00580264
-0.571956
0.576247
0.00896796
-0.0132593
-0.737237
0.741446
0.0171157
-0.0213247
-0.874438
0.878579
0.0250933
-0.0292342
-1.00474
1.00928
0.0331395
-0.0376757
-1.14501
1.14949
0.0419194
-0.0463916
-1.29832
1.30262
0.0508435
-0.0551433
-1.46281
1.46641
0.0587716
-0.0623699
-1.63581
1.63737
0.0651601
-0.066717
-1.51774
1.51623
0.0669389
-0.0654235
-1.18316
1.1791
0.0623053
-0.0582405
-0.935601
0.930106
0.0528827
-0.0473876
-0.746088
0.740246
0.0410419
-0.0351992
-0.590425
0.584869
0.0286747
-0.023118
-0.446898
0.442484
0.0177607
-0.0133466
-0.305405
0.302497
0.00895097
-0.00604349
-0.177357
0.176016
0.00378707
-0.00244558
-0.0804139
0.0797993
0.00141734
-0.000802697
-0.0214168
0.0211636
0.000377948
-0.000124797
-0.00141921
-0.348826
0.351725
0.00331952
-0.00621842
-0.577226
0.581303
0.00917625
-0.013253
-0.744685
0.748505
0.0169669
-0.0207868
-0.882675
0.886684
0.0241628
-0.0281724
-1.01355
1.01798
0.03199
-0.0364239
-1.15415
1.15866
0.0406126
-0.0451154
-1.30721
1.31168
0.049401
-0.0538667
-1.47005
1.47401
0.0577288
-0.0616868
-1.63956
1.64162
0.0645158
-0.066572
-1.51513
1.51415
0.0671641
-0.0661774
-1.17568
1.1719
0.0633101
-0.0595253
-0.925205
0.920194
0.0546625
-0.0496519
-0.734681
0.72944
0.043758
-0.0385178
-0.580131
0.575223
0.032579
-0.0276709
-0.439334
0.435031
0.0225008
-0.0181987
-0.301175
0.297818
0.0139608
-0.0106043
-0.175655
0.173532
0.00762548
-0.00550247
-0.0796122
0.0782626
0.00357687
-0.00222733
-0.0212016
0.0204722
0.00107178
-0.000342356
-0.00152539
-0.351513
0.354295
0.00358041
-0.00636214
-0.582907
0.586551
0.00951266
-0.0131568
-0.751843
0.755433
0.0165961
-0.0201865
-0.890593
0.89471
0.0234164
-0.027534
-1.02235
1.02644
0.0312335
-0.0353285
-1.16328
1.16775
0.0396654
-0.0441362
-1.31595
1.32074
0.0482726
-0.0530609
-1.47809
1.48213
0.0571513
-0.0611909
-1.64413
1.64676
0.0644846
-0.0671076
-1.51337
1.51275
0.0680999
-0.0674795
-1.16862
1.16527
0.0651313
-0.0617827
-0.915802
0.91114
0.0573034
-0.0526408
-0.724516
0.719778
0.0472404
-0.0425024
-0.570835
0.565995
0.0370943
-0.0322537
-0.431663
0.427218
0.0274929
-0.0230484
-0.295736
0.292074
0.0185807
-0.0149187
-0.172183
0.169203
0.0111457
-0.00816541
-0.0772506
0.0751373
0.00533332
-0.00322007
-0.0201859
0.0191586
0.00148106
-0.000453763
-0.00156668
-0.35459
0.35734
0.00370016
-0.0064502
-0.588074
0.591774
0.00958662
-0.0132865
-0.758644
0.762054
0.0164714
-0.0198808
-0.898658
0.902341
0.0232045
-0.0268879
-1.03063
1.03506
0.0304418
-0.0348668
-1.17228
1.17693
0.0386705
-0.0433183
-1.32525
1.33042
0.0476438
-0.0528094
-1.48641
1.49085
0.0569724
-0.0614099
-1.64966
1.65273
0.0648742
-0.067946
-1.51256
1.51258
0.0694802
-0.069501
-1.16251
1.15948
0.0676312
-0.0645946
-0.906912
0.902679
0.0605723
-0.0563396
-0.715232
0.710477
0.0513665
-0.0466116
-0.56189
0.557305
0.041555
-0.03697
-0.423708
0.41938
0.0320352
-0.0277067
-0.289385
0.285114
0.0229349
-0.0186645
-0.166855
0.163101
0.0141926
-0.0104379
-0.073442
0.0706622
0.00674978
-0.00396995
-0.0185508
0.0173169
0.00174119
-0.000507313
-0.00154153
-0.358278
0.360987
0.00383446
-0.00654378
-0.593318
0.596856
0.00969429
-0.0132326
-0.765082
0.768287
0.0164001
-0.0196054
-0.906068
0.909811
0.0227441
-0.0264879
-1.03906
1.04309
0.0301063
-0.0341409
-1.18132
1.18599
0.0382316
-0.0429022
-1.33487
1.34
0.0470707
-0.0522027
-1.49553
1.50046
0.056712
-0.061642
-1.6561
1.65984
0.0655257
-0.0692641
-1.51264
1.51324
0.0710714
-0.0716689
-1.15713
1.15464
0.0703721
-0.0678813
-0.898864
0.895018
0.0641208
-0.060275
-0.706224
0.701786
0.0554237
-0.0509847
-0.553135
0.548537
0.0460266
-0.041428
-0.415447
0.410853
0.0364044
-0.0318107
-0.281667
0.2769
0.0266965
-0.0219293
-0.160033
0.155473
0.0168327
-0.0122731
-0.0683977
0.0651095
0.00791748
-0.0046293
-0.016471
0.0150353
0.00198501
-0.000549256
-0.00146139
-0.361789
0.364837
0.00367664
-0.00672444
-0.598706
0.602246
0.00982468
-0.0133645
-0.771383
0.774401
0.0160671
-0.0190847
-0.913073
0.916834
0.0222851
-0.0260466
-1.04734
1.05142
0.0295426
-0.0336244
-1.19074
1.19526
0.0376458
-0.0421683
-1.34495
1.35012
0.046645
-0.0518125
-1.50526
1.5103
0.0565594
-0.0616035
-1.66357
1.66766
0.0660403
-0.0701331
-1.51415
1.51511
0.0728366
-0.0738017
-1.15278
1.15074
0.0732859
-0.0712484
-0.891395
0.887706
0.068073
-0.0643839
-0.697658
0.693206
0.0598454
-0.0553932
-0.544308
0.539655
0.0502903
-0.0456372
-0.406625
0.401734
0.0402805
-0.0353896
-0.272741
0.267412
0.0298032
-0.0244738
-0.151699
0.146537
0.0186041
-0.0134424
-0.062355
0.0587424
0.00844954
-0.00483699
-0.0140066
0.0125358
0.0020117
-0.00054086
-0.00144666
-0.365938
0.368967
0.00364723
-0.00667633
-0.604186
0.607453
0.00959675
-0.0128637
-0.777529
0.780588
0.0156204
-0.0186797
-0.920126
0.923729
0.0218344
-0.0254372
-1.05515
1.05954
0.0286231
-0.0330121
-1.19983
1.20491
0.0367431
-0.04182
-1.3553
1.36033
0.0463653
-0.0513928
-1.51531
1.521
0.0560796
-0.0617698
-1.67209
1.67674
0.066318
-0.0709739
-1.51684
1.51863
0.0743052
-0.0761
-1.14928
1.14795
0.075935
-0.0746068
-0.884524
0.881172
0.0717993
-0.0684471
-0.689117
0.684648
0.0639814
-0.0595117
-0.535203
0.53036
0.054256
-0.0494132
-0.397095
0.391741
0.0437548
-0.0384013
-0.262633
0.256682
0.0321359
-0.0261846
-0.142002
0.13638
0.0196375
-0.0140157
-0.0556328
0.051855
0.00862266
-0.00484486
-0.0114331
0.00997245
0.00197137
-0.000510737
-0.00140037
-0.370159
0.373109
0.0036511
-0.00660145
-0.609652
0.612762
0.00954917
-0.0126595
-0.783546
0.786675
0.0153629
-0.0184916
-0.92706
0.930635
0.0212745
-0.0248486
-1.06342
1.06741
0.0281201
-0.0321067
-1.20905
1.21386
0.036065
-0.0408816
-1.36567
1.37097
0.0454074
-0.0507079
-1.52636
1.5321
0.0555885
-0.0613297
-1.68153
1.68662
0.0664724
-0.0715601
-1.52066
1.52323
0.0754311
-0.0779978
-1.14698
1.14622
0.0786141
-0.0778561
-0.87816
0.874791
0.0756241
-0.0722555
-0.680584
0.676004
0.0680551
-0.0634747
-0.525584
0.520262
0.0580928
-0.052771
-0.386441
0.380303
0.0466169
-0.040479
-0.251132
0.244625
0.0335515
-0.0270446
-0.131305
0.125344
0.0198318
-0.013871
-0.0485905
0.0447984
0.00833646
-0.00454437
-0.00883863
0.00749039
0.00180156
-0.00045332
-0.00144605
-0.374506
0.37729
0.00353272
-0.00631715
-0.614877
0.617804
0.00933223
-0.0122592
-0.789178
0.79219
0.0147914
-0.0178035
-0.93374
0.937113
0.0206272
-0.0239999
-1.07125
1.07508
0.0273599
-0.031184
-1.21856
1.22307
0.035254
-0.039762
-1.37614
1.38126
0.0447115
-0.0498268
-1.53737
1.54352
0.0549456
-0.0610894
-1.69186
1.69739
0.0662311
-0.0717696
-1.52605
1.52918
0.0763699
-0.0794991
-1.14587
1.14565
0.0810105
-0.0807992
-0.872163
0.869462
0.0790579
-0.0763561
-0.671807
0.667274
0.072088
-0.0675544
-0.514986
0.509163
0.0617314
-0.0559087
-0.374475
0.36753
0.0488042
-0.0418589
-0.238306
0.231048
0.0338161
-0.0265571
-0.119943
0.113813
0.0188836
-0.0127536
-0.0415873
0.0381126
0.00738536
-0.00391064
-0.00644931
0.00531293
0.00150264
-0.000366262
-0.00131252
-0.378838
0.381769
0.00330354
-0.00623443
-0.620131
0.622889
0.00898981
-0.0117477
-0.795064
0.79803
0.0143838
-0.0173496
-0.940382
0.943557
0.020079
-0.0232545
-1.07917
1.08289
0.0265622
-0.030282
-1.22772
1.23255
0.0340208
-0.0388542
-1.38687
1.3921
0.043581
-0.0488106
-1.54908
1.55519
0.0540349
-0.0601448
-1.70309
1.70925
0.0656717
-0.0718232
-1.53286
1.5366
0.0767513
-0.0804948
-1.14579
1.14637
0.0830021
-0.0835881
-0.867264
0.864937
0.0824714
-0.0801443
-0.663053
0.658389
0.0763039
-0.0716394
-0.503315
0.496657
0.0655339
-0.0588765
-0.360518
0.352174
0.0505808
-0.0422373
-0.223803
0.215284
0.032729
-0.0242096
-0.108298
0.102146
0.0157754
-0.00962304
-0.0353334
0.0326958
0.0047865
-0.00214895
-0.00454782
0.00400861
0.000636264
-9.70485e-05
-0.00136117
-0.38303
0.385712
0.00339802
-0.00608023
-0.625189
0.627979
0.00845428
-0.011244
-0.800361
0.803234
0.0135324
-0.0164056
-0.94656
0.94965
0.0192501
-0.02234
-1.08632
1.09024
0.0254134
-0.0293312
-1.2369
1.24159
0.0330617
-0.0377533
-1.39736
1.40291
0.0422177
-0.0477763
-1.56094
1.56723
0.0528737
-0.0591637
-1.7153
1.72151
0.0649407
-0.0711475
-1.54091
1.54546
0.0767191
-0.0812697
-1.14749
1.14876
0.0845913
-0.0858585
-0.862882
0.861217
0.0854086
-0.0837433
-0.654432
0.649742
0.080448
-0.0757572
-0.490075
0.482778
0.0693719
-0.0620751
-0.343515
0.33333
0.0525769
-0.0423914
-0.206487
0.195666
0.0304801
-0.0196591
-0.0962191
0.0887502
0.00907421
-0.00160529
-0.0307351
0.0284035
-0.00390607
0.0062377
-0.00455971
0.00725699
-0.00591567
0.00321839
-0.00117414
-0.387341
0.390104
0.00308227
-0.00584568
-0.63021
0.632632
0.00823797
-0.0106598
-0.805649
0.808395
0.0131927
-0.015938
-0.952963
0.95577
0.0186434
-0.0214501
-1.09402
1.09768
0.0244101
-0.02807
-1.24574
1.25024
0.0321439
-0.0366446
-1.40809
1.41338
0.0411045
-0.0464004
-1.57341
1.57927
0.0517934
-0.0576492
-1.7281
1.73467
0.0637743
-0.0703512
-1.55016
1.55539
0.0762981
-0.0815306
-1.1504
1.15248
0.0856103
-0.0876905
-0.860027
0.858871
0.0881877
-0.0870317
-0.645896
0.641867
0.0841558
-0.0801275
-0.475689
0.467991
0.0735659
-0.0658684
-0.322945
0.311032
0.0553142
-0.0434014
-0.184055
0.16959
0.0284638
-0.0139981
-0.0797582
0.0662412
-0.00123489
0.0147518
-0.0252089
0.0191872
-0.0272919
0.0333136
-0.0136276
0.0223004
-0.0330997
0.0244268
-0.00112518
-0.391697
0.394105
0.00297761
-0.00538607
-0.635068
0.6375
0.00790377
-0.0103359
-0.810833
0.81361
0.0126814
-0.0154589
-0.958712
0.961606
0.0182711
-0.021165
-1.10141
1.10522
0.0242867
-0.0281024
-1.25482
1.25961
0.0322121
-0.0370095
-1.41881
1.42477
0.0414746
-0.0474323
-1.58615
1.59276
0.0534089
-0.0600112
-1.74192
1.74986
0.0667299
-0.0746743
-1.56135
1.56812
0.081891
-0.0886555
-1.1556
1.159
0.0944664
-0.0978655
-0.858476
0.858329
0.0998116
-0.0996651
-0.638281
0.634294
0.0977687
-0.0937814
-0.460234
0.452023
0.0871983
-0.0789873
-0.297724
0.28347
0.0668877
-0.0526336
-0.152947
0.132625
0.0336471
-0.0133254
-0.0529649
0.059104
-0.000226968
-0.00591219
-0.0349014
0.133338
0.0536884
-0.152125
-0.110857
0.33846
0.354049
-0.581652
-0.00103513
-0.395797
0.398164
0.00289369
-0.00525998
-0.639571
0.642297
0.00754539
-0.0102721
-0.816139
0.818553
0.0124396
-0.0148537
-0.964827
0.967876
0.0175934
-0.020642
-1.1089
1.11271
0.0237291
-0.0275429
-1.26422
1.26891
0.0316664
-0.0363628
-1.43062
1.43648
0.0414107
-0.0472623
-1.59996
1.6073
0.0535764
-0.060916
-1.75802
1.76669
0.068226
-0.0768945
-1.57552
1.58347
0.0852247
-0.0931713
-1.16358
1.16858
0.100441
-0.105438
-0.859059
0.860374
0.109287
-0.110602
-0.631441
0.628429
0.109485
-0.106472
-0.444611
0.436332
0.0999438
-0.091664
-0.268642
0.254349
0.080733
-0.0664396
-0.12177
0.146782
0.0572846
-0.0822961
-0.12702
0.349624
0.18709
-0.409694
-0.391299
0.625426
0.725977
-0.960104
-0.532124
0.631372
1.11712
-1.21636
-0.000787391
-0.399649
0.401108
0.00316714
-0.00462568
-0.644208
0.646703
0.00722587
-0.00972119
-0.821
0.823692
0.0115887
-0.0142813
-0.970902
0.974211
0.0170555
-0.0203644
-1.11636
1.1208
0.0230477
-0.0274876
-1.27365
1.27886
0.0308756
-0.0360817
-1.44265
1.44921
0.0409003
-0.0474639
-1.61481
1.62267
0.0536874
-0.061549
-1.77601
1.78579
0.0692299
-0.0790073
-1.59217
1.60194
0.0881818
-0.0979565
-1.1746
1.18179
0.106357
-0.113548
-0.862847
0.866694
0.118963
-0.12281
-0.626301
0.624009
0.122957
-0.120664
-0.430242
0.420932
0.11422
-0.104909
-0.247068
0.279173
0.100084
-0.13219
-0.253617
0.498464
0.254608
-0.499455
-0.649593
0.856269
0.832998
-1.03967
-0.748382
0.81442
1.16009
-1.22613
-0.674157
0.696183
1.26706
-1.28909
-0.00105951
-0.402123
0.402196
0.00399404
-0.00406764
-0.648348
0.650701
0.00708914
-0.00944183
-0.826583
0.829185
0.0112146
-0.013816
-0.977963
0.982417
0.0158812
-0.0203354
-1.12582
1.13071
0.0221592
-0.0270493
-1.28442
1.2909
0.0295903
-0.0360672
-1.45575
1.46304
0.0401449
-0.0474377
-1.63127
1.64049
0.0532721
-0.0624967
-1.79638
1.80779
0.0698237
-0.0812288
-1.61253
1.62461
0.0908693
-0.102947
-1.19001
1.19964
0.112323
-0.121956
-0.872428
0.879369
0.128734
-0.135675
-0.621425
0.616242
0.139447
-0.134265
-0.419558
0.44901
0.133889
-0.163341
-0.380583
0.53536
0.274831
-0.429609
-0.806606
1.05186
0.75356
-0.998809
-0.965401
1.02152
1.12629
-1.18241
-0.848775
0.866771
1.22225
-1.24025
-0.710177
0.722553
1.25802
-1.27039
0.1615
-0.234021
0.121313
-0.00232501
-0.119135
0.353334
0.264135
-0.00607159
-0.155975
0.510392
0.337752
-0.011039
-0.169998
0.646351
0.368507
-0.0162329
-0.174452
0.774338
0.384219
-0.0224639
-0.17569
0.909905
-0.030375
0.398781
1.05606
0.416375
-0.040257
1.21143
0.436495
-0.0538474
1.36687
0.458623
-0.0716329
1.50603
0.481205
-0.0948671
1.32907
0.499198
-0.119825
0.941589
0.506332
-0.141189
0.641936
0.496868
-0.153412
-0.148979
0.447495
0.470962
-0.212293
-0.176796
0.599666
0.76654
-0.601701
-0.37292
0.824202
1.8465
-1.04839
-0.589068
0.642316
2.35359
-1.15478
-0.633978
0.41961
2.48235
-1.20296
-0.648138
0.228704
-1.23456
2.54205
-1.26189
-0.736581
2.73168
-0.00183651
-0.00184103
0.224355
-0.059178
-0.00187362
0.417431
-0.417394
0.00469824
-0.00610837
0.660315
-0.658905
0.00823277
-0.0104065
0.834167
-0.831993
0.0124161
-0.0158785
0.985569
-0.982107
0.0183217
-0.0225204
1.13598
-1.13178
0.0262947
-0.0312937
-1.29564
1.30064
0.0368186
-0.0432837
-1.47087
1.47734
0.0502973
-0.0584429
-1.65144
1.65958
0.067959
-0.0790695
-1.82247
1.83358
0.0915945
-0.103921
-1.64024
1.65257
0.117725
-0.128688
-1.21195
1.22291
0.139819
-0.149114
-0.886409
0.895705
0.154473
-0.177004
0.640783
-0.618252
0.253949
-0.41407
0.778217
-0.618095
0.725467
-0.907236
1.36662
-1.18486
1.05275
-1.10011
1.31834
-1.27098
1.13744
-1.16084
1.11014
-1.08675
1.18186
-1.2017
0.922737
-0.902898
0.88896
-0.663152
-0.748304
1.42457
-0.00018165
-0.00273459
-0.228415
0.231331
-0.00176361
-0.418212
0.419794
0.00436585
-0.00609098
-0.662326
0.664051
0.00800695
-0.0112166
-0.837313
0.840522
0.0127956
-0.0166852
-0.990184
0.994073
0.0188262
-0.0243117
-1.14145
1.14694
0.027272
-0.0335332
-1.30738
1.31364
0.0380577
-0.0462721
-1.48579
1.49401
0.0519481
-0.0626113
-1.67051
1.68117
0.0707368
-0.08502
-1.84783
1.86211
0.0960554
-0.11222
-1.66888
1.68504
0.125018
-0.140562
-1.23862
1.25417
0.152191
-0.165163
-0.909215
0.922188
0.187354
-0.249437
-0.685906
0.747989
0.424647
-0.67646
-0.9934
1.24521
0.909365
-1.00133
-1.49864
1.59061
1.06021
-1.09229
-1.35141
1.3835
1.12181
-1.14385
-1.13036
1.1524
1.16871
-1.19132
-0.937639
0.960255
0.896192
-0.634114
-0.778712
1.42374
-5.45133e-06
-0.00197216
-0.234724
0.236701
-0.00155137
-0.421065
0.422611
0.00409616
-0.00604056
-0.666249
0.668194
0.00880249
-0.0114021
-0.843039
0.845639
0.0137231
-0.0172219
-0.997348
1.00085
0.0205719
-0.0246987
-1.15113
1.15526
0.0291259
-0.0347333
-1.31932
1.32493
0.0406159
-0.0477802
-1.5018
1.50896
0.0552359
-0.065171
-1.69125
1.70119
0.0751935
-0.088741
-1.87591
1.88946
0.102581
-0.118213
-1.70112
1.71675
0.134859
-0.149782
-1.26973
1.28466
0.165826
-0.185273
-0.937323
0.956771
0.238714
-0.370836
-0.847063
0.979184
0.628543
-0.850371
-1.49734
1.71917
0.960711
-1.01191
-1.66072
1.71192
1.04573
-1.07241
-1.4119
1.43859
1.10083
-1.12401
-1.17599
1.19917
1.15067
-1.17849
-0.973613
1.00144
0.903149
-0.607234
-0.813105
1.43052
-0.000256886
-0.00141732
-0.239296
0.24097
-0.00170044
-0.424489
0.425933
0.00413944
-0.00614636
-0.670664
0.672671
0.00887139
-0.0118655
-0.848342
0.851336
0.0146816
-0.0181918
-1.00403
1.00754
0.0218276
-0.0262478
-1.15964
1.16406
0.0306693
-0.0365743
-1.33036
1.33626
0.042676
-0.050313
-1.51618
1.52381
0.0581882
-0.0682725
-1.71104
1.72113
0.0791799
-0.0931132
-1.90286
1.9168
0.10848
-0.125053
-1.73284
1.74941
0.143409
-0.160085
-1.30098
1.31766
0.179624
-0.214168
-0.985122
1.01967
0.32484
-0.525186
-1.15064
1.35098
0.780522
-0.900827
-1.88638
2.00669
0.961569
-0.995339
-1.75366
1.78743
1.0236
-1.04842
-1.46619
1.49101
1.077
-1.10663
-1.22416
1.25379
1.13828
-1.16024
-1.02398
1.04594
0.892163
-0.560248
-0.843519
1.40442
-0.000578253
-0.000849112
-0.243181
0.244609
-0.00207673
-0.427797
0.429296
0.0043325
-0.00679211
-0.675257
0.677716
0.00949573
-0.012321
-0.854183
0.857008
0.0152074
-0.0191636
-1.01069
1.01465
0.0228995
-0.0275391
-1.16856
1.1732
0.0321589
-0.0382096
-1.34209
1.34814
0.0449059
-0.0526768
-1.53156
1.53933
0.0608669
-0.071802
-1.73131
1.74225
0.0833137
-0.0979375
-1.93121
1.94583
0.114264
-0.131877
-1.7667
1.78431
0.151455
-0.170236
-1.33568
1.35446
0.198493
-0.261832
-1.06975
1.13309
0.431188
-0.667685
-1.57505
1.81155
0.837725
-0.901178
-2.09106
2.15451
0.941176
-0.968568
-1.81686
1.84425
0.995601
-1.02241
-1.52098
1.54779
1.04689
-1.06166
-1.27939
1.29416
1.0695
-1.062
-1.05597
1.04848
0.801948
-0.420987
-0.851138
1.24978
-0.000860366
-0.0003111
-0.246615
0.247786
-0.00209746
-0.431407
0.432644
0.00448858
-0.00707334
-0.680163
0.682748
0.00967023
-0.01266
-0.860198
0.863187
0.0157484
-0.0198669
-1.01834
1.02246
0.0238565
-0.0286865
-1.17794
1.18277
0.0333059
-0.0395978
-1.35427
1.36056
0.0461103
-0.0543521
-1.54763
1.55588
0.0627381
-0.0739257
-1.75292
1.76411
0.0853055
-0.100402
-1.96128
1.97638
0.116832
-0.134823
-1.80305
1.82104
0.154992
-0.17599
-1.37533
1.39633
0.217889
-0.320207
-1.21978
1.3221
0.528955
-0.722431
-2.0387
2.23217
0.811176
-0.851174
-2.20533
2.24533
0.879305
-0.900291
-1.86727
1.88826
0.927901
-0.945012
-1.57395
1.59106
0.955937
-0.950562
-1.30769
1.30232
0.918662
-0.851214
-1.02687
0.959425
0.696739
-0.378828
0.374667
-0.692577
-0.000732214
-0.000216725
-0.249998
0.250947
-0.00226488
-0.434788
0.436321
0.00478148
-0.00718548
-0.685626
0.68803
0.010239
-0.0134044
-0.866531
0.869696
0.0166413
-0.0208511
-1.02587
1.03008
0.0251019
-0.0301689
-1.18749
1.19255
0.0356649
-0.0423682
-1.36706
1.37377
0.0494343
-0.058167
-1.56412
1.57285
0.0676722
-0.0794478
-1.77488
1.78665
0.0921182
-0.10899
-1.99152
2.0084
0.127257
-0.147424
-1.83981
1.85997
0.17031
-0.198264
-1.42097
1.44892
0.267904
-0.413389
-1.44405
1.58954
0.655212
-0.788644
-2.39294
2.52637
0.846303
-0.876316
-2.27797
2.30798
0.900672
-0.923961
-1.91037
1.93366
0.940466
-0.942866
-1.60219
1.60459
0.923642
-0.867031
-1.27521
1.2186
0.720896
-0.456456
-0.816633
0.552193
0.145678
-0.0189726
-0.114513
-0.0121929
-0.00093809
-3.80344e-05
-0.25283
0.253806
-0.00232531
-0.439031
0.440418
0.00449101
-0.00714873
-0.691125
0.693783
0.0100166
-0.0133937
-0.873451
0.876828
0.0170557
-0.0215337
-1.03422
1.0387
0.0259465
-0.0317437
-1.19812
1.20391
0.0377345
-0.0448273
-1.38068
1.38777
0.052323
-0.0621044
-1.58183
1.59161
0.0723555
-0.0852471
-1.7989
1.81179
0.0992471
-0.117461
-2.02548
2.04369
0.137818
-0.160489
-1.88084
1.90351
0.187252
-0.226554
-1.48298
1.52228
0.336942
-0.526007
-1.75528
1.94435
0.744817
-0.825571
-2.62588
2.70664
0.868129
-0.894386
-2.33552
2.36178
0.91656
-0.931482
-1.95152
1.96644
0.932612
-0.902579
-1.5962
1.56617
0.80381
-0.607258
-1.10109
0.90454
0.265625
-0.0647721
-0.261526
0.0606731
-0.0018012
0.00703871
0.0484381
-0.0536756
-0.000521852
-0.0002197
-0.255721
0.256462
-0.00216896
-0.442895
0.444542
0.00413537
-0.00680322
-0.697085
0.699753
0.0099503
-0.013562
-0.880306
0.883918
0.0174089
-0.0220634
-1.04296
1.04762
0.0267936
-0.0330067
-1.20916
1.21537
0.0391063
-0.0471386
-1.39498
1.40301
0.0549622
-0.0657261
-1.60091
1.61168
0.0767597
-0.0905683
-1.82525
1.83906
0.106103
-0.12609
-2.06249
2.08248
0.148134
-0.173489
-1.92675
1.9521
0.206851
-0.264585
-1.57238
1.63011
0.414117
-0.637762
-2.14745
2.37109
0.794861
-0.849512
-2.76948
2.82414
0.882452
-0.902615
-2.38451
2.40467
0.918553
-0.918613
-1.97474
1.9748
0.875688
-0.753195
-1.50243
1.37994
0.484769
-0.172916
-0.608788
0.296935
0.0269923
0.00646498
0.0216536
-0.0551109
-0.00933844
0.0046248
0.0499605
-0.0452469
6.01962e-05
-0.000342211
-0.258485
0.258767
-0.00139588
-0.447139
0.448595
0.00351284
-0.00617068
-0.703495
0.706152
0.00924434
-0.0129739
-0.888146
0.891876
0.0171889
-0.0219813
-1.05243
1.05722
0.0272269
-0.0336486
-1.22136
1.22778
0.0403162
-0.0485876
-1.41073
1.419
0.0574318
-0.0686448
-1.62216
1.63337
0.0806996
-0.0958618
-1.85381
1.86897
0.112266
-0.133958
-2.10307
2.12476
0.158241
-0.186332
-1.97843
2.00652
0.229163
-0.314353
-1.7027
1.78789
0.504729
-0.720031
-2.58931
2.80461
0.818765
-0.858625
-2.86991
2.90977
0.883834
-0.898673
-2.42324
2.43808
0.897903
-0.856292
-1.95571
1.9141
0.716612
-0.448925
-1.20417
0.936483
0.115611
-0.016442
-0.0893385
-0.0098308
-0.0064585
0.00893404
0.0676215
-0.0700971
-0.00596137
0.00210547
0.0408018
-0.0369459
0.000596679
-0.000679789
-0.260609
0.260692
-0.00034416
-0.451396
0.452336
0.00253411
-0.00519238
-0.709883
0.712542
0.00828471
-0.0123048
-0.89592
0.89994
0.0163468
-0.021449
-1.06213
1.06723
0.0271534
-0.0335299
-1.2342
1.24057
0.040894
-0.0493403
-1.42785
1.43629
0.0586787
-0.0707663
-1.64437
1.65645
0.083753
-0.0997964
-1.88441
1.90046
0.117707
-0.141029
-2.14707
2.17039
0.167265
-0.199226
-2.03633
2.06829
0.25505
-0.370611
-1.89
2.00556
0.595974
-0.761901
-2.99309
3.15902
0.826826
-0.853085
-2.942
2.96826
0.872089
-0.87397
-2.44517
2.44705
0.833834
-0.708844
-1.83974
1.71475
0.422941
-0.107966
-0.595278
0.280303
0.0059345
0.0108027
0.0548521
-0.0715892
-0.0116319
0.00917365
0.0692509
-0.0667927
-0.00488312
0.00164523
0.0329366
-0.0296987
0.00140304
-0.00100121
-0.26239
0.261988
0.0010693
-0.455093
0.455427
0.000550002
-0.00309224
-0.716429
0.718971
0.00631245
-0.0105342
-0.904084
0.908306
0.0147516
-0.0199571
-1.07255
1.07775
0.0256079
-0.0327194
-1.24751
1.25462
0.0400982
-0.0495718
-1.44511
1.45458
0.0593953
-0.0717901
-1.66826
1.68065
0.0851966
-0.102624
-1.91711
1.93454
0.121394
-0.146251
-2.19397
2.21882
0.174452
-0.211732
-2.10241
2.13969
0.284924
-0.428262
-2.13521
2.27855
0.663015
-0.771558
-3.29186
3.4004
0.813822
-0.833627
-2.99131
3.01112
0.841129
-0.8139
-2.4328
2.40557
0.710219
-0.488808
-1.54941
1.328
0.125806
-0.0252703
-0.0905108
-0.0100244
0.00232932
0.00712381
0.0863259
-0.095779
-0.00847991
0.00628478
0.0654286
-0.0632335
-0.00315433
0.000941599
0.0274712
-0.0252584
0.00263225
-0.00152669
-0.2633
0.262194
0.0027633
-0.458212
0.458081
-0.00161402
-0.000702664
-0.722752
0.725068
0.00343683
-0.00751316
-0.912745
0.916821
0.0119538
-0.0174084
-1.08338
1.08883
0.0231586
-0.0305979
-1.26124
1.26868
0.0381251
-0.0477303
-1.46351
1.47312
0.0581751
-0.0709673
-1.69313
1.70593
0.0850093
-0.102997
-1.95213
1.97012
0.12298
-0.148783
-2.24409
2.2699
0.179222
-0.222167
-2.18037
2.22332
0.317547
-0.483109
-2.43355
2.59912
0.690878
-0.758689
-3.48612
3.55393
0.786074
-0.798693
-3.02793
3.04054
0.783771
-0.71252
-2.35725
2.286
0.525954
-0.185288
-1.03558
0.694913
0.0294888
-0.00225895
0.0613552
-0.088585
-0.0138167
0.0180587
0.0968708
-0.101113
-0.0170657
0.012403
0.0585657
-0.0539029
-0.00623547
0.00188442
0.021192
-0.0168409
0.00387993
-0.00213935
-0.262998
0.261257
0.00521083
-0.46014
0.458809
-0.00476703
0.0028967
-0.728865
0.730735
-0.000463758
-0.00334621
-0.92148
0.92529
0.00766257
-0.0133248
-1.0941
1.09976
0.0193016
-0.02641
-1.27581
1.28292
0.0344435
-0.0441743
-1.48271
1.49244
0.0545263
-0.0673657
-1.71929
1.73213
0.0819453
-0.10075
-1.98817
2.00698
0.121413
-0.148614
-2.29627
2.32347
0.18067
-0.229708
-2.27129
2.32032
0.341748
-0.528003
-2.77451
2.96077
0.68164
-0.723337
-3.60761
3.64931
0.741937
-0.742964
-3.04543
3.04645
0.696573
-0.567839
-2.18141
2.05268
0.27709
-0.0601819
-0.382919
0.166011
0.0188246
-0.00336115
0.101955
-0.117418
-0.00145142
0.00598961
0.102993
-0.107531
-0.00745434
0.00612708
0.0489226
-0.0475953
-0.00287123
0.000551445
0.0121874
-0.00986761
0.00569842
-0.00285236
-0.261102
0.258256
0.00858522
-0.460611
0.457725
-0.00924334
0.00778676
-0.73403
0.735486
-0.00572629
0.0025238
-0.929854
0.933057
0.00179811
-0.00690477
-1.10482
1.10993
0.0127193
-0.0202536
-1.28987
1.29741
0.0275557
-0.0374172
-1.50192
1.51178
0.0479123
-0.0610404
-1.74542
1.75855
0.0755005
-0.0945798
-2.02554
2.04462
0.115235
-0.142986
-2.35087
2.37862
0.177021
-0.232616
-2.37496
2.43055
0.356411
-0.541747
-3.14864
3.33397
0.643379
-0.670084
-3.68401
3.71072
0.681128
-0.660372
-3.03592
3.01516
0.577331
-0.411781
-1.89461
1.72906
0.101401
-0.038369
-0.0551845
-0.00784738
0.0133107
0.00647516
0.137928
-0.157714
-0.0146012
0.0179928
0.114696
-0.118088
-0.0178224
0.0143912
0.0473393
-0.0439082
-0.00829856
0.00283652
0.0078893
-0.00242726
0.00809967
-0.00376618
-0.257003
0.252669
0.0131178
-0.458724
0.453706
-0.0151068
0.0149323
-0.737793
0.737968
-0.0133872
0.0108594
-0.937426
0.939953
-0.00706196
0.00202272
-1.11499
1.12003
0.00352417
-0.0103941
-1.30404
1.31091
0.0176361
-0.0271182
-1.52096
1.53044
0.0369911
-0.0500262
-1.7719
1.78493
0.0642007
-0.0825598
-2.06298
2.08134
0.103025
-0.130746
-2.40633
2.43405
0.166037
-0.227481
-2.49288
2.55433
0.356778
-0.515628
-3.50813
3.66698
0.580073
-0.599917
-3.73259
3.75244
0.601978
-0.559103
-2.97986
2.93698
0.430692
-0.206573
-1.52004
1.29592
0.00418851
0.0526255
0.061428
-0.118242
-0.0977443
0.115576
0.166479
-0.184311
-0.123194
0.115885
0.113581
-0.106272
-0.0944327
0.068355
0.0293141
-0.00323631
-0.038817
0.0147096
-0.0110867
0.0351941
0.0113107
-0.00494007
-0.250149
0.243778
0.0187121
-0.453316
0.445914
-0.0231457
0.0244312
-0.739531
0.738246
-0.0233358
0.0218656
-0.944234
0.945705
-0.0191189
0.0146623
-1.12467
1.12912
-0.00962365
0.00324697
-1.31732
1.3237
0.00349478
-0.0123139
-1.53913
1.54795
0.02122
-0.0335402
-1.79716
1.80948
0.0469952
-0.0645123
-2.09936
2.11687
0.0835566
-0.110236
-2.46118
2.48786
0.145578
-0.208577
-2.62169
2.68469
0.330131
-0.451097
-3.80954
3.93051
0.495008
-0.512612
-3.76958
3.78719
0.507891
-0.453508
-2.88442
2.83004
0.307158
-0.0503938
-1.04597
0.789211
-0.0557645
0.122052
0.185552
-0.25184
-0.166544
0.193822
0.211806
-0.239084
-0.199917
0.179141
0.0900682
-0.0692919
-0.140553
0.0973279
-0.029689
0.072914
-0.0516389
0.0180944
-0.0664308
0.0999753
0.015529
-0.0064673
-0.239728
0.230666
0.0266592
-0.443373
0.432243
-0.033831
0.0373672
-0.738097
0.73456
-0.0381913
0.0367934
-0.948397
0.949795
-0.035202
0.0318448
-1.13306
1.13642
-0.0278953
0.0223557
-1.32871
1.33425
-0.0164213
0.00907676
-1.55583
1.56318
-0.000990099
-0.0101261
-1.82083
1.83195
0.022056
-0.0375085
-2.13345
2.1489
0.0550899
-0.0791516
-2.51375
2.53781
0.111777
-0.168053
-2.75036
2.80664
0.271144
-0.35283
-4.03693
4.11862
0.386196
-0.410878
-3.80408
3.82876
0.41928
-0.386998
-2.76351
2.73123
0.249524
-0.0653438
-0.530885
0.346705
0.0288746
0.00958545
0.298027
-0.336488
-0.0490744
0.0747943
0.263966
-0.289686
-0.0720933
0.0528008
0.0444315
-0.0251391
-0.0246068
0.00371755
-0.110913
0.131802
0.00886933
-0.00835999
-0.122718
0.122209
0.0207541
-0.00813111
-0.224657
0.212034
0.0370182
-0.427384
0.41112
-0.0477032
0.0542172
-0.731893
0.725379
-0.057117
0.0572137
-0.950614
0.950517
-0.056573
0.0545473
-1.13938
1.14141
-0.0518277
0.0480451
-1.33864
1.34243
-0.0435403
0.0375599
-1.56992
1.5759
-0.0312069
0.0225919
-1.84158
1.85019
-0.0129267
-0.000372902
-2.16371
2.17701
0.0152473
-0.0349339
-2.56078
2.58046
0.0595249
-0.101571
-2.86434
2.90638
0.166373
-0.212812
-4.18879
4.23523
0.24265
-0.260381
-3.85338
3.87111
0.277991
-0.279807
-2.7052
2.70701
0.261862
-0.318448
-0.297147
0.353733
0.271116
-0.194999
0.394359
-0.470475
0.134182
-0.0955311
0.32006
-0.35871
0.0734408
-0.063163
0.0141278
-0.0244056
0.0583795
-0.0496151
-0.133849
0.125085
0.0321938
-0.0115817
-0.101289
0.0806768
0.0276131
-0.0101436
-0.203665
0.186196
0.0487694
-0.402424
0.381268
-0.0645533
0.0761984
-0.719633
0.707988
-0.0821044
0.0844349
-0.948871
0.946541
-0.0851316
0.0847426
-1.14243
1.14282
-0.0834099
0.081288
-1.34523
1.34735
-0.0790853
0.0750961
-1.58025
1.58424
-0.0711794
0.0654403
-1.85796
1.8637
-0.0588411
0.0496809
-2.18788
2.19704
-0.039705
0.0260193
-2.59859
2.61227
-0.0112031
0.00191774
-2.94651
2.95579
0.00792945
-0.0153931
-4.26563
4.27309
0.00885621
-0.000649097
-3.88016
3.87195
-0.0173711
0.0313444
-2.70519
2.69122
-0.0173492
-0.0170603
-0.423042
0.457452
-0.011772
0.0174166
0.568865
-0.57451
-0.0224779
0.0272007
0.371595
-0.376318
-0.0162116
-0.0066675
0.0276152
-0.00473607
0.013362
-0.0115263
-0.121731
0.119896
0.00648403
-0.00254431
-0.072805
0.0688653
0.0320122
-0.0104696
-0.175449
0.153906
0.0594619
-0.366335
0.338885
-0.0826527
0.101733
-0.698519
0.679438
-0.11263
0.119521
-0.942122
0.935232
-0.122165
0.124059
-1.14197
1.14007
-0.124099
0.124512
-1.34807
1.34766
-0.124237
0.123473
-1.58647
1.58724
-0.12225
0.120215
-1.86802
1.87005
-0.117672
0.114059
-2.20398
2.20759
-0.11006
0.105102
-2.62322
2.62818
-0.106387
0.122455
-2.96047
2.9444
-0.187636
0.242338
-4.26177
4.20707
-0.278669
0.308147
-3.83742
3.80794
-0.325678
0.328373
-2.65079
2.64809
-0.2842
0.318661
-0.441494
0.407034
-0.198928
0.0681212
0.538955
-0.408148
0.0111102
-0.0168564
0.345431
-0.339685
-0.0229436
0.0396252
-0.0255948
0.00891316
-0.0372888
0.0333934
-0.124573
0.128469
-0.022051
0.0081626
-0.0678194
0.0817078
0.0337271
-0.0099278
-0.138869
0.115069
0.0709639
-0.317156
0.279919
-0.102958
0.131556
-0.663189
0.63459
-0.150233
0.162832
-0.92802
0.915421
-0.16957
0.173904
-1.13639
1.13206
-0.176655
0.179029
-1.34625
1.34388
-0.181358
0.183592
-1.58693
1.5847
-0.185807
0.187934
-1.87057
1.86844
-0.190054
0.192912
-2.20862
2.20576
-0.196744
0.203192
-2.62903
2.62258
-0.216726
0.263041
-2.92259
2.87628
-0.381773
0.462107
-4.15391
4.07358
-0.495653
0.492314
-3.79322
3.79655
-0.427089
0.285197
-2.66872
2.81062
-0.0511669
-0.239554
-0.518535
0.809256
0.639051
-0.862662
0.239175
-0.015564
0.995346
-1.00104
0.382663
-0.37697
0.872
-0.64036
0.163535
-0.395175
0.326229
-0.0996177
-0.0965323
-0.130079
-0.021948
0.0311682
-0.109632
0.100412
0.0327247
-0.00844909
-0.0971092
0.0728335
0.0773772
-0.248708
0.204056
-0.123256
0.165324
-0.608939
0.566871
-0.194095
0.215732
-0.903002
0.881366
-0.227954
0.236128
-1.12536
1.11719
-0.242315
0.246785
-1.34049
1.33602
-0.251752
0.257384
-1.58122
1.57559
-0.262867
0.2693
-1.86455
1.85812
-0.27641
0.285616
-2.20044
2.19124
-0.297116
0.313524
-2.61294
2.59653
-0.3364
0.39323
-2.83411
2.77728
-0.544329
0.693794
-3.9954
3.84594
-0.751296
0.739806
-3.82702
3.83851
-0.689567
0.574755
-2.96419
3.07901
-0.334043
0.0113975
-1.17722
1.49987
0.309677
-0.579527
-0.282128
0.551979
0.822153
-0.970536
0.342463
-0.19408
1.08767
-1.10318
0.531773
-0.516256
0.976819
-0.776592
0.424465
-0.624692
0.466829
-0.168343
0.0719975
-0.370483
0.0271975
-0.0060181
-0.0548445
0.0336651
0.073953
-0.166058
0.119303
-0.132492
0.196436
-0.526169
0.462224
-0.242052
0.276408
-0.860569
0.826214
-0.297413
0.311673
-1.1076
1.09334
-0.320992
0.330013
-1.33019
1.32116
-0.336179
0.344587
-1.56978
1.56138
-0.353226
0.363841
-1.85014
1.83952
-0.375525
0.391545
-2.1803
2.16428
-0.409298
0.438201
-2.57567
2.54677
-0.477824
0.553353
-2.72027
2.64474
-0.744681
1.03494
-3.66526
3.37499
-1.2423
1.35796
-3.78224
3.66658
-1.44534
1.47274
-3.10448
3.07709
-1.34044
1.03496
-1.71001
2.01549
-0.81072
0.647495
-0.720992
0.884217
-0.456694
0.298619
0.0239061
0.134169
-0.170471
0.0691271
0.442925
-0.34158
0.0501608
-0.123068
0.647907
-0.575
0.155656
-0.10528
0.533733
-0.58411
0.0180666
-0.00363642
-0.0194888
0.00505859
0.0557573
-0.0830652
0.0453745
-0.117604
0.205211
-0.398332
0.310725
-0.279284
0.33997
-0.790231
0.729545
-0.375819
0.400286
-1.07865
1.05418
-0.414471
0.427032
-1.31261
1.30005
-0.436058
0.445573
-1.55309
1.54357
-0.456244
0.469822
-1.82805
1.81447
-0.485504
0.506502
-2.1469
2.1259
-0.531726
0.569533
-2.5155
2.4777
-0.624742
0.712989
-2.5625
2.47425
-0.892063
1.30598
-3.04305
2.62913
-1.68979
1.90649
-3.53079
3.31409
-2.06939
2.19412
-2.98284
2.8581
-2.26757
2.23982
-2.14977
2.17753
-2.08271
1.87017
-1.06102
1.27356
-1.60772
1.37034
-0.313944
0.551322
-1.1299
0.900724
0.169726
0.0594505
-0.657136
0.454529
0.44248
-0.239873
-0.260318
0.0952601
0.527739
-0.362681
0.00142363
-0.00841141
-0.00892493
0.0298196
-0.0208439
-5.06718e-05
-0.0714772
0.155344
-0.231032
0.147165
-0.251478
0.343777
-0.662623
0.570324
-0.401911
0.437666
-1.02677
0.991017
-0.45269
0.458562
-1.2879
1.28203
-0.46137
0.460932
-1.53476
1.53519
-0.460276
0.461169
-1.80112
1.80022
-0.463732
0.468667
-2.10485
2.09991
-0.476716
0.4895
-2.44229
2.4295
-0.511057
0.549907
-2.39903
2.36018
-0.629166
0.791166
-2.31304
2.15104
-1.12848
1.3319
-3.05092
2.8475
-1.44431
1.47603
-2.75338
2.72166
-1.50856
1.49831
-2.16147
2.17172
-1.41653
1.304
-1.44533
1.55786
-1.15679
1.01234
-0.77225
0.916707
-0.848523
0.697605
-0.281117
0.432035
-0.533153
0.385009
0.0297081
0.118435
-0.224704
0.0923667
0.180081
-0.0477443
0.000443283
0.0089835
-0.00942678
-0.00360625
0.0129276
0.0132428
-0.0225642
-0.0314945
0.0724286
-0.0872073
0.0462733
-0.139317
0.231281
-0.474615
0.382652
-0.30379
0.356475
-0.946071
0.893386
-0.382538
0.394758
-1.27291
1.26069
-0.398875
0.40125
-1.53393
1.53156
-0.400465
0.400736
-1.79974
1.79947
-0.402419
0.40607
-2.09553
2.09188
-0.411359
0.419196
-2.41911
2.41127
-0.430938
0.451481
-2.3302
2.30966
-0.482749
0.550587
-2.05015
1.98231
-0.744436
0.994415
-2.60903
2.35905
-1.15877
1.22631
-2.67859
2.61104
-1.24719
1.24503
-2.17559
2.17775
-1.2156
1.14582
-1.64492
1.7147
-1.03276
0.911221
-1.05029
1.17184
-0.765574
0.627352
-0.58501
0.723232
-0.475738
0.34115
-0.268659
0.403247
-0.199939
0.0817239
-0.0746047
0.19282
0.000531531
0.010007
-0.0105386
-0.0029811
0.00946776
0.0301661
-0.0366528
-0.0202887
0.0413233
-0.0177281
-0.00330645
-0.0759724
0.142247
-0.301423
0.235148
-0.210706
0.270369
-0.835433
0.775771
-0.304456
0.322821
-1.24519
1.22683
-0.329183
0.332307
-1.52861
1.52548
-0.333108
0.332897
-1.79946
1.79967
-0.334047
0.336689
-2.08889
2.08625
-0.340175
0.344741
-2.40566
2.40109
-0.350675
0.361712
-2.29471
2.28367
-0.377496
0.401137
-1.94029
1.91665
-0.473775
0.645957
-2.13268
1.9605
-0.832801
0.918937
-2.52695
2.44081
-0.937264
0.925326
-2.18411
2.19604
-0.898063
0.855311
-1.76723
1.80999
-0.776198
0.682627
-1.28018
1.37375
-0.571009
0.46555
-0.845018
0.950476
-0.349303
0.245334
-0.523251
0.62722
-0.136646
0.0518119
-0.295683
0.380517
1.37419e-05
0.0107756
-0.0107894
-0.00233536
0.00901272
0.0425144
-0.0491917
-0.0184873
0.0336869
0.0203552
-0.0355549
-0.053827
0.0909273
-0.184268
0.147168
-0.1394
0.190289
-0.718064
0.667175
-0.223768
0.244157
-1.20694
1.18656
-0.252358
0.256196
-1.52198
1.51814
-0.258698
0.259717
-1.79949
1.79848
-0.26196
0.265594
-2.08333
2.0797
-0.269557
0.274041
-2.39689
2.3924
-0.277398
0.283246
-2.27591
2.27006
-0.291866
0.303285
-1.90111
1.88969
-0.332443
0.397258
-1.85052
1.7857
-0.536043
0.612603
-2.3587
2.28214
-0.642374
0.63586
-2.20778
2.21429
-0.608578
0.572063
-1.84958
1.88609
-0.52074
0.456639
-1.45243
1.51653
-0.377002
0.30181
-1.04019
1.11538
-0.219332
0.145967
-0.715252
0.788617
-0.0714532
0.020147
-0.448003
0.499309
0.00257513
0.0114801
-0.0140552
-0.0115001
0.0274502
0.0594687
-0.0754188
-0.0432026
0.0588201
0.0504864
-0.0661039
-0.068278
0.0775163
-0.123624
0.114386
-0.0967609
0.124727
-0.626529
0.598563
-0.145978
0.160725
-1.16825
1.1535
-0.168336
0.173533
-1.51347
1.50828
-0.178296
0.182808
-1.79601
1.7915
-0.187862
0.194196
-2.07488
2.06854
-0.200104
0.205961
-2.38752
2.38167
-0.209324
0.213191
-2.26558
2.26172
-0.217153
0.220298
-1.88328
1.88014
-0.227535
0.24959
-1.74809
1.72604
-0.323443
0.380193
-2.2149
2.15815
-0.402973
0.399116
-2.21791
2.22176
-0.379512
0.35252
-1.91755
1.94454
-0.315296
0.273969
-1.56743
1.60875
-0.219664
0.168721
-1.17812
1.22906
-0.113571
0.0657911
-0.849165
0.896944
-0.0214912
-0.0011412
-0.535185
0.557818
0.00890215
0.0194475
-0.0283496
-0.0277309
0.0509584
0.0963949
-0.119622
-0.0680474
0.0742854
0.0787743
-0.0850123
-0.0713398
0.0608685
-0.116891
0.127363
-0.0521549
0.0518807
-0.584248
0.584522
-0.0573988
0.0660302
-1.14174
1.13311
-0.0742963
0.0835549
-1.50163
1.49238
-0.0924948
0.10277
-1.78441
1.77413
-0.112398
0.123179
-2.06024
2.04946
-0.132417
0.141414
-2.37462
2.36562
-0.147071
0.151922
-2.25775
2.2529
-0.154533
0.155334
-1.87887
1.87807
-0.15717
0.164339
-1.71276
1.70559
-0.191438
0.225018
-2.11195
2.07838
-0.237492
0.231296
-2.22693
2.23313
-0.213111
0.191076
-1.96877
1.99081
-0.163897
0.136956
-1.64194
1.66888
-0.102892
0.0707312
-1.26931
1.30147
-0.0364488
0.00826705
-0.934247
0.962429
0.0121621
-0.0118537
-0.567912
0.567604
0.0124781
0.0403288
-0.0528069
-0.0283716
0.040347
0.139901
-0.151877
-0.0418332
0.0313029
0.084078
-0.0735477
-0.0136415
-0.011935
-0.146028
0.171604
0.0362092
-0.0525749
-0.594452
0.610817
0.0557681
-0.0468543
-1.12635
1.11744
0.0319221
-0.013314
-1.47949
1.46088
-0.00333631
0.0222853
-1.75984
1.74089
-0.0390271
0.0559479
-2.03584
2.01892
-0.0699944
0.0836656
-2.35448
2.34081
-0.0929549
0.0999818
-2.24698
2.23995
-0.10458
0.106606
-1.87673
1.8747
-0.107027
0.107274
-1.70291
1.70266
-0.111207
0.120383
-2.05757
2.0484
-0.122522
0.115788
-2.23953
2.24627
-0.10169
0.0853882
-2.01017
2.02647
-0.0656232
0.0474174
-1.69111
1.70931
-0.0268545
0.00804403
-1.32606
1.34487
0.0108942
-0.0239222
-0.981573
0.994601
0.0261647
-0.0144894
-0.562174
0.550499
0.0040023
0.0622404
-0.0662427
-0.00194765
-0.010429
0.152339
-0.139962
0.0304205
-0.058689
0.0538355
-0.025567
0.087249
-0.120309
-0.201639
0.234699
0.148226
-0.167696
-0.630155
0.649625
0.169952
-0.153934
-1.10532
1.0893
0.129966
-0.101409
-1.43654
1.40798
0.0754454
-0.0475121
-1.7175
1.68957
0.0242166
-0.00170967
-1.99838
1.97588
-0.016834
0.0344878
-2.32504
2.30738
-0.0468924
0.0552566
-2.23226
2.22389
-0.0606686
0.0641344
-1.87186
1.8684
-0.065185
0.0640871
-1.70379
1.70489
-0.059664
0.054612
-2.0475
2.05256
-0.0481678
0.0399879
-2.25378
2.26196
-0.0288143
0.0175937
-2.03971
2.05093
-0.00468758
-0.00657377
-1.72386
1.73512
0.0177905
-0.0272727
-1.35844
1.36792
0.0355179
-0.0378967
-1.00186
1.00424
0.0303028
-0.0129778
-0.535176
0.517851
-0.00777723
0.0643198
-0.0565425
0.0271412
-0.0577909
0.11671
-0.0860606
0.0905743
-0.127924
-0.00856023
0.0459097
0.162927
-0.19888
-0.269906
0.305859
0.224789
-0.238359
-0.666687
0.680256
0.233231
-0.212279
-1.06987
1.04892
0.186332
-0.155411
-1.37741
1.34649
0.126801
-0.0961168
-1.6594
1.62871
0.0702178
-0.0447669
-1.95094
1.92549
0.0241673
-0.00464666
-2.28878
2.26926
-0.00940702
0.0190578
-2.21489
2.20524
-0.0250959
0.0294594
-1.86432
1.85996
-0.0310973
0.0287064
-1.70662
1.70901
-0.0202482
0.0113497
-2.06055
2.06945
-0.00199435
-0.00671004
-2.27031
2.27902
0.0160197
-0.0239349
-2.06091
2.06882
0.0315781
-0.0375679
-1.74364
1.74963
0.0423767
-0.0455462
-1.37392
1.37708
0.0465914
-0.0426599
-1.0029
0.998966
0.0287785
-0.0108557
-0.500024
0.482101
-0.0135886
0.0448283
-0.0312397
0.0390036
-0.0748412
0.0514055
-0.0155679
0.109992
-0.149215
-0.085297
0.124521
0.183065
-0.214818
-0.340206
0.371959
0.234878
-0.242919
-0.690713
0.698754
0.23594
-0.217929
-1.02869
1.01068
0.196248
-0.169764
-1.31699
1.2905
0.14455
-0.116883
-1.5991
1.57143
0.0932258
-0.0696236
-1.90049
1.87689
0.0502639
-0.0314678
-2.24993
2.23113
0.0171786
-0.00745322
-2.19547
2.18574
0.000786479
0.00182693
-1.85601
1.85339
-0.00394552
0.000856365
-1.71085
1.71393
0.00841883
-0.0205441
-2.08042
2.09254
0.0294915
-0.0357116
-2.28638
2.2926
0.0417317
-0.0466845
-2.07519
2.08015
0.0504307
-0.0527868
-1.7534
1.75576
0.0536884
-0.0531394
-1.3783
1.37775
0.0499789
-0.042006
-0.992752
0.984779
0.0258214
-0.00894566
-0.464587
0.447712
-0.012011
0.0177604
-0.00574937
0.0345402
-0.065794
-0.018871
0.0501248
0.0962975
-0.129233
-0.161187
0.194123
0.156801
-0.181678
-0.400359
0.425236
0.196774
-0.202822
-0.705123
0.711171
0.198932
-0.187671
-0.99559
0.98433
0.173353
-0.154982
-1.26804
1.24967
0.136632
-0.115659
-1.54709
1.52612
0.0972808
-0.0783239
-1.85524
1.83629
0.0624515
-0.0466483
-2.21378
2.19797
0.0344483
-0.0263348
-2.17685
2.16874
0.0203445
-0.0179239
-1.8501
1.84768
0.0172614
-0.0208886
-1.71686
1.72048
0.0303031
-0.0388673
-2.10264
2.1112
0.0462609
-0.0509767
-2.2984
2.30311
0.0549203
-0.0573067
-2.08359
2.08598
0.0582494
-0.0580648
-1.75662
1.75643
0.056568
-0.0539627
-1.37615
1.37354
0.0486291
-0.0390058
-0.975823
0.966199
0.0223629
-0.00725769
-0.431651
0.416546
-0.00793919
-0.00430803
0.0122472
0.0234251
-0.0458828
-0.0770793
0.099537
0.0684189
-0.0929387
-0.222804
0.247324
0.113413
-0.131996
-0.446749
0.465332
0.143731
-0.149816
-0.717033
0.723119
0.149721
-0.145144
-0.976547
0.97197
0.138024
-0.12766
-1.23562
1.22525
0.116306
-0.102543
-1.50906
1.4953
0.0900423
-0.0766644
-1.82002
1.80664
0.0651083
-0.0531911
-2.18427
2.17235
0.043822
-0.0372477
-2.16123
2.15465
0.0329264
-0.0319863
-1.84595
1.84501
0.0335582
-0.0377595
-1.72441
1.72861
0.0456972
-0.0512576
-2.1186
2.12416
0.0557143
-0.0582132
-2.30655
2.30905
0.0598558
-0.0603324
-2.08728
2.08776
0.0595807
-0.0580805
-1.75537
1.75387
0.0554652
-0.0520636
-1.37048
1.36708
0.0458318
-0.0355069
-0.956205
0.94588
0.0191923
-0.0058744
-0.402364
0.389047
-0.00429514
-0.0181829
0.022478
0.013369
-0.0275201
-0.1176
0.131752
0.0425741
-0.0595701
-0.267859
0.284855
0.0740529
-0.0876038
-0.481202
0.494753
0.0968601
-0.10305
-0.729209
0.735398
0.105466
-0.105384
-0.969746
0.969665
0.103102
-0.0984209
-1.2181
1.21342
0.0924089
-0.0846487
-1.48501
1.47725
0.0772091
-0.0688597
-1.7958
1.78745
0.0613408
-0.0533432
-2.16253
2.15453
0.0471278
-0.0431817
-2.14929
2.14534
0.0413501
-0.0418477
-1.84486
1.84535
0.0446456
-0.0500061
-1.73368
1.73904
0.056408
-0.0580422
-2.12747
2.12911
0.0598348
-0.0604674
-2.3107
2.31133
0.0607943
-0.0602461
-2.08752
2.08697
0.0587012
-0.0566657
-1.75186
1.74983
0.0537151
-0.0500689
-1.3635
1.35986
0.0433965
-0.0326476
-0.935408
0.924659
0.0167329
-0.00486001
-0.376481
0.364609
-0.0019844
-0.0254426
0.027427
0.00661643
-0.0145572
-0.142461
0.150402
0.0237408
-0.0347828
-0.298596
0.309638
0.0445668
-0.0541235
-0.506134
0.515691
0.0612295
-0.0669811
-0.741367
0.747119
0.0705701
-0.0729496
-0.970868
0.973248
0.0736012
-0.0726545
-1.21089
1.20995
0.070378
-0.0669699
-1.47212
1.46871
0.0632363
-0.058719
-1.78116
1.77664
0.0544686
-0.0498234
-2.14846
2.14381
0.046194
-0.0444765
-2.14266
2.14094
0.0442068
-0.046052
-1.84659
1.84843
0.0501799
-0.0558311
-1.74469
1.75034
0.0610669
-0.0596815
-2.12871
2.12733
0.0593292
-0.0592191
-2.31156
2.31145
0.059019
-0.0582417
-2.08624
2.08546
0.056741
-0.0549059
-1.7477
1.74586
0.0522607
-0.0487573
-1.35627
1.35276
0.0418231
-0.0306034
-0.913755
0.902535
0.014889
-0.00409922
-0.353303
0.342513
-0.000746425
-0.0286736
0.02942
0.0028074
-0.00683671
-0.156086
0.160115
0.0120294
-0.0188126
-0.318278
0.325061
0.0251471
-0.0316294
-0.523558
0.53004
0.0368463
-0.0417389
-0.752444
0.757336
0.0455457
-0.0489358
-0.976073
0.979463
0.051095
-0.0521616
-1.21017
1.21123
0.0521684
-0.0514586
-1.46707
1.46636
0.0501678
-0.0481734
-1.77373
1.77173
0.0460091
-0.0437285
-2.14051
2.13823
0.0418261
-0.0416349
-2.14024
2.14005
0.0423525
-0.0442777
-1.85059
1.85251
0.0479936
-0.0530605
-1.75571
1.76078
0.0585084
-0.0562778
-2.12508
2.12285
0.0550754
-0.0551244
-2.31142
2.31146
0.0556208
-0.0556933
-2.08496
2.08503
0.0552396
-0.0541716
-1.74418
1.74312
0.0521957
-0.04889
-1.34938
1.34607
0.0415066
-0.0294916
-0.891032
0.879017
0.0135982
-0.00352575
-0.332112
0.322039
-0.00017031
-0.0298063
0.0299766
0.000964343
-0.00289699
-0.162876
0.164809
0.00573653
-0.00978356
-0.330246
0.334293
0.0137615
-0.0179955
-0.535264
0.539498
0.0216411
-0.0254803
-0.761656
0.765495
0.0288865
-0.0323203
-0.982784
0.986218
0.0349476
-0.0369448
-1.21285
1.21485
0.0381161
-0.0388891
-1.46668
1.46745
0.0390739
-0.0386811
-1.77102
1.77062
0.0378371
-0.0367013
-2.13653
2.13539
0.0352081
-0.0345782
-2.14008
2.13945
0.0337466
-0.0338207
-1.85371
1.85378
0.0357017
-0.0401696
-1.76536
1.76983
0.0473272
-0.0478207
-2.1213
2.1218
0.0483216
-0.0502473
-2.31238
2.31431
0.0528492
-0.0545777
-2.0858
2.08753
0.0554534
-0.0555401
-1.74257
1.74266
0.0544039
-0.0511258
-1.34283
1.33955
0.0427567
-0.0294213
-0.866479
0.853143
0.0129377
-0.00321015
-0.312154
0.302426
3.56462e-05
-0.0300024
0.0299667
0.000275172
-0.0013146
-0.166163
0.167202
0.00301289
-0.00555328
-0.337413
0.339953
0.00807989
-0.0107581
-0.542838
0.545516
0.0131384
-0.015921
-0.768773
0.771556
0.0187023
-0.0217664
-0.989326
0.99239
0.0242659
-0.0264227
-1.21699
1.21915
0.0280419
-0.0295196
-1.46881
1.47029
0.0303671
-0.0307737
-1.7709
1.7713
0.0306467
-0.0299558
-2.13449
2.1338
0.0284206
-0.0264844
-2.13857
2.13664
0.0229807
-0.020155
-1.85226
1.84943
0.0193084
-0.0227047
-1.77358
1.77698
0.0325675
-0.0386625
-2.1247
2.1308
0.0426831
-0.0475494
-2.31771
2.32257
0.0528052
-0.0565159
-2.09032
2.09403
0.0593633
-0.0604518
-1.74315
1.74424
0.0597491
-0.0557778
-1.33614
1.33216
0.0455194
-0.0302191
-0.838965
0.823664
0.0129289
-0.00321343
-0.292697
0.282981
5.93293e-05
-0.0299023
0.0298429
0.000172844
-0.000984167
-0.168061
0.168872
0.00228452
-0.00416131
-0.34204
0.343917
0.0059067
-0.00757543
-0.547606
0.549274
0.00897593
-0.0107098
-0.773825
0.775559
0.012693
-0.015164
-0.995118
0.997589
0.0173253
-0.0194204
-1.22134
1.22344
0.0211735
-0.0229046
-1.47202
1.47375
0.0241512
-0.0250851
-1.77198
1.77291
0.0253452
-0.0249386
-2.13326
2.13285
0.0230669
-0.0199691
-2.13428
2.13118
0.014519
-0.00962926
-1.84515
1.84026
0.00659843
-0.00969008
-1.78
1.78309
0.0230826
-0.0357979
-2.14002
2.15274
0.0449239
-0.0525022
-2.3289
2.33648
0.0598257
-0.0645403
-2.09854
2.10325
0.068019
-0.0693463
-1.74553
1.74686
0.0675363
-0.0615529
-1.32756
1.32157
0.0482077
-0.0307694
-0.807219
0.789781
0.0130848
-0.00339548
-0.273179
0.26349
-1.70111e-06
-0.0298126
0.0298143
0.000323622
-0.00119197
-0.169693
0.170561
0.00245761
-0.0041739
-0.345654
0.34737
0.00562859
-0.00675007
-0.550621
0.551743
0.00747278
-0.00843243
-0.776957
0.777917
0.00965447
-0.0113045
-0.999709
1.00136
0.0128879
-0.0147311
-1.22556
1.22741
0.016518
-0.0184445
-1.47552
1.47745
0.0201347
-0.0216895
-1.77409
1.77565
0.0225952
-0.0228099
-2.13257
2.13279
0.0214753
-0.0185624
-2.12816
2.12524
0.0131337
-0.00773599
-1.83469
1.82929
0.00439785
-0.00861305
-1.78631
1.79053
0.0257102
-0.0440265
-2.16848
2.1868
0.0573956
-0.0660376
-2.34488
2.35353
0.0735733
-0.0774051
-2.10783
2.11166
0.0796371
-0.0791331
-1.7474
1.7469
0.0747534
-0.065634
-1.31445
1.30533
0.0487862
-0.0299725
-0.771436
0.752623
0.0127676
-0.00346566
-0.253873
0.244571
-8.62666e-05
-0.0298639
0.0299502
0.000535772
-0.00152595
-0.171495
0.172486
0.0028643
-0.00463463
-0.349108
0.350878
0.00610779
-0.00710598
-0.552789
0.553788
0.0074672
-0.00775216
-0.778579
0.778864
0.00848719
-0.00974712
-1.00297
1.00423
0.0110955
-0.0127296
-1.2292
1.23084
0.0144418
-0.0166673
-1.47939
1.48162
0.0187143
-0.0207922
-1.77746
1.77954
0.0223613
-0.0237398
-2.13341
2.13479
0.0246127
-0.0248071
-2.12378
2.12397
0.0226154
-0.0194176
-1.82396
1.82076
0.0180508
-0.0241524
-1.79608
1.80218
0.0429723
-0.0634136
-2.20675
2.22719
0.0774367
-0.0850447
-2.36201
2.36962
0.0901135
-0.0911308
-2.11434
2.11536
0.0903679
-0.0870255
-1.74501
1.74167
0.0790705
-0.0662993
-1.29475
1.28197
0.0465978
-0.0277156
-0.733432
0.71455
0.0117644
-0.00328246
-0.235536
0.227054
-0.000155058
-0.0300784
0.0302335
0.000703454
-0.00177003
-0.173515
0.174582
0.00313054
-0.00493148
-0.352691
0.354492
0.00650851
-0.00760501
-0.554866
0.555963
0.00782116
-0.00768796
-0.778858
0.778725
0.00772191
-0.00844231
-1.00545
1.00618
0.00964506
-0.0113485
-1.23259
1.23429
0.0132213
-0.0157096
-1.48375
1.48624
0.018215
-0.0212625
-1.78189
1.78494
0.0244319
-0.0286539
-2.13744
2.14166
0.0332534
-0.0373645
-2.12637
2.13048
0.0400455
-0.0414541
-1.81904
1.82045
0.0444036
-0.0523803
-1.80949
1.81747
0.0701194
-0.0885816
-2.24725
2.26571
0.0999873
-0.104771
-2.3765
2.38129
0.105467
-0.102797
-2.11439
2.11172
0.0983209
-0.0912269
-1.73639
1.7293
0.079
-0.0629887
-1.26745
1.25144
0.0420711
-0.0242725
-0.696062
0.678263
0.00998926
-0.00270542
-0.219136
0.211852
-0.000218002
-0.0304282
0.0306463
0.000843847
-0.00193449
-0.175663
0.176753
0.00323059
-0.00495523
-0.356311
0.358035
0.00663195
-0.0080403
-0.557258
0.558666
0.00835253
-0.00776338
-0.778293
0.777704
0.00727739
-0.0071634
-1.00647
1.00636
0.0076909
-0.00914447
-1.23605
1.2375
0.0110118
-0.0136309
-1.48862
1.49124
0.0165502
-0.0205235
-1.78819
1.79216
0.0250818
-0.0312918
-2.14664
2.15285
0.0393873
-0.0488966
-2.13731
2.14682
0.0578739
-0.0649393
-1.82488
1.83194
0.0736911
-0.0829901
-1.82673
1.83603
0.0963999
-0.109477
-2.28174
2.29482
0.116345
-0.116589
-2.38416
2.38441
0.113023
-0.107242
-2.10688
2.1011
0.0997235
-0.0898085
-1.72045
1.71053
0.0749425
-0.0577334
-1.2348
1.21759
0.0373017
-0.0209394
-0.661212
0.644849
0.0081473
-0.00203154
-0.205173
0.199057
-0.000285302
-0.0308876
0.0311729
0.000986722
-0.00209514
-0.177862
0.17897
0.00329461
-0.00483423
-0.359702
0.361242
0.00645115
-0.00812144
-0.560213
0.561883
0.00885066
-0.0084496
-0.777076
0.776675
0.00726571
-0.00645004
-1.00607
1.00526
0.00624221
-0.00682493
-1.23866
1.23924
0.00833395
-0.0108121
-1.49365
1.49613
0.0139487
-0.0183382
-1.79606
1.80045
0.0234875
-0.0307179
-2.15898
2.16621
0.0400772
-0.0524123
-2.15822
2.17056
0.0676542
-0.0807661
-1.84266
1.85577
0.0938881
-0.103608
-1.84617
1.85589
0.110356
-0.116172
-2.30432
2.31014
0.118532
-0.116781
-2.38381
2.38206
0.110796
-0.103957
-2.09393
2.08709
0.0951598
-0.0843532
-1.69954
1.68873
0.0691712
-0.0525349
-1.20082
1.18419
0.0334538
-0.0181584
-0.629239
0.613944
0.0065055
-0.00139799
-0.193517
0.18841
-0.000333199
-0.0314507
0.0317839
0.00111616
-0.00229085
-0.18006
0.181235
0.00343473
-0.00471943
-0.36262
0.363904
0.00603617
-0.00767203
-0.563612
0.565248
0.00881391
-0.00885227
-0.776562
0.7766
0.00784776
-0.00610191
-1.00409
1.00235
0.00511037
-0.004817
-1.23935
1.23905
0.00542837
-0.00728117
-1.4981
1.49996
0.010189
-0.0141699
-1.80418
1.80816
0.0191864
-0.0267753
-2.17294
2.18053
0.0362737
-0.0492786
-2.18412
2.19712
0.0665933
-0.0829817
-1.87095
1.88734
0.0989239
-0.108449
-1.86588
1.87541
0.110352
-0.110747
-2.31298
2.31337
0.110693
-0.107592
-2.38039
2.37729
0.101613
-0.0954078
-2.07956
2.07335
0.08725
-0.0776163
-1.67753
1.66789
0.0641027
-0.0490325
-1.16858
1.15351
0.0309826
-0.0159171
-0.599247
0.584182
0.0050579
-0.000795577
-0.183849
0.179587
-0.000347852
-0.03211
0.0324578
0.00117969
-0.00238286
-0.182324
0.183527
0.00342677
-0.00437984
-0.365048
0.366001
0.00519137
-0.0062234
-0.566784
0.567816
0.00718661
-0.00769247
-0.777016
0.777522
0.00717957
-0.0055748
-1.00058
0.998973
0.00387439
-0.00263885
-1.23831
1.23708
0.00230123
-0.0028482
-1.50084
1.50138
0.00461301
-0.00744551
-1.8109
1.81373
0.011748
-0.0190061
-2.18752
2.19478
0.0282145
-0.0409926
-2.21122
2.22399
0.0569051
-0.0710387
-1.90358
1.91771
0.0864523
-0.0977555
-1.88652
1.89783
0.0998248
-0.0956803
-2.31116
2.30701
0.0943304
-0.0923784
-2.37523
2.37328
0.089154
-0.0855984
-2.0673
2.06375
0.0799279
-0.0727786
-1.65819
1.65104
0.0615675
-0.0477284
-1.13937
1.12553
0.0297194
-0.0144933
-0.569668
0.554442
0.00408402
-0.00032902
-0.175687
0.171932
-0.0953894
-0.249657
-0.425284
-0.613773
-0.808128
-1.01408
-1.2427
-1.50783
-1.82653
-2.22345
-2.27225
-2.0585
-2.27215
-2.64859
-2.45561
-2.04623
-1.51862
-0.874801
-0.345896
-0.00732975
6.90255e-05
-0.168421
0.00324518
0.165107
0.454455
-0.136031
-0.479967
0.859358
0.177693
-0.178543
-1.12578
0.932186
0.162425
-0.150789
-1.24511
0.929809
0.142
-0.129256
-1.26038
0.91931
0.123908
-0.112858
-1.26289
0.107992
-0.0976464
-1.27223
0.0889987
-0.081141
1.28162
-1.28948
0.076238
-0.0733353
1.30454
-1.30744
0.0704946
-0.0658098
1.27942
-1.2841
0.0587509
-0.0234934
0.842545
-0.877802
-0.0642369
0.468746
-0.404509
0.066202
-0.0765466
1.0964
-1.08605
0.0751188
-0.0756229
1.24344
-1.24293
0.0716768
-0.0699512
1.25891
-1.26063
0.0642571
-0.0621
1.26525
-1.2674
0.0580447
-0.054869
1.27617
-1.27935
0.0513625
-0.0491778
1.29215
-1.29434
0.0463101
-0.042333
1.30959
-1.31357
0.0355379
-0.0282773
1.29301
-1.30027
0.0173844
-0.00572509
0.885697
-0.897356
-0.0290277
0.38728
-0.358253
0.0385097
-0.0423871
1.07568
-1.0718
0.0413309
-0.0401861
1.24327
-1.24442
0.0379077
-0.0359907
1.26101
-1.26293
0.033859
-0.033052
1.26946
-1.27026
0.0312382
-0.0307295
1.27999
-1.2805
0.0297267
-0.0291121
1.29562
-1.29624
0.0281422
-0.0272706
1.31493
-1.3158
0.0267051
-0.0242254
1.30322
-1.3057
0.0178671
-0.00669978
0.908532
-0.919699
-0.0140651
0.344043
-0.329978
0.0159918
-0.0165797
1.07182
-1.07123
0.0147648
-0.0145684
1.24509
-1.24529
0.0138273
-0.013932
1.2629
-1.2628
0.0132294
-0.0139018
1.27048
-1.26981
0.01364
-0.014712
1.28061
-1.27954
0.0149205
-0.0170218
1.29575
-1.29365
0.0178542
-0.0195177
1.31379
-1.31212
0.0220153
-0.0217442
1.30432
-1.30459
0.0170068
-0.00691517
0.931569
-0.941661
-0.00576084
0.321759
-0.315998
0.00256777
0.0019101
1.07569
-1.08017
-0.0031056
0.00238221
1.24634
-1.24561
-0.00154445
0.00087874
1.26175
-1.26108
0.000360446
-0.00158383
1.26807
-1.26684
0.00262623
-0.00504768
1.27813
-1.27571
0.00734604
-0.00966161
1.29138
-1.28906
0.012614
-0.016241
1.30841
-1.30479
0.0187373
-0.0204986
1.30279
-1.30103
0.0170669
-0.00713736
0.952157
-0.962087
-0.00148045
0.313518
-0.312037
-0.00663716
0.0126672
1.08534
-1.09137
-0.0150607
0.0141297
1.2451
-1.24417
-0.01214
0.0104484
1.25873
-1.25703
-0.00836729
0.00625575
1.26407
-1.26196
-0.00420882
0.000783689
1.2731
-1.26967
0.00256252
-0.00590073
1.28436
-1.28102
0.00983401
-0.0144312
1.30008
-1.29548
0.0186524
-0.0208937
1.29807
-1.29583
0.0186265
-0.00865097
0.972842
-0.982817
0.00189385
0.312529
-0.314423
-0.0139396
0.0214711
1.09861
-1.10614
-0.0235052
0.0214621
1.24459
-1.24255
-0.0203268
0.017283
1.25465
-1.2516
-0.0150499
0.0115013
1.25835
-1.2548
-0.00862483
0.00438252
1.26617
-1.26192
-0.000797451
-0.00466212
1.27671
-1.27125
0.00883582
-0.0142986
1.28992
-1.28446
0.0194583
-0.0228428
1.29115
-1.28777
0.0221701
-0.0116639
0.9933
-1.00381
0.00518794
0.31825
-0.323438
-0.0208194
0.0292169
1.11456
-1.12295
-0.0302945
0.0283945
1.24219
-1.24029
-0.0265797
0.0227697
1.24866
-1.24485
-0.0197655
0.0154438
1.25109
-1.24676
-0.0111037
0.00665073
1.25695
-1.2525
-0.00157715
-0.00413982
1.26612
-1.2604
0.00921771
-0.0149858
1.27866
-1.27289
0.0211299
-0.0262868
1.28264
-1.27748
0.026129
-0.0151441
1.0148
-1.02579
0.0101698
0.330809
-0.340979
-0.0293674
0.0379994
1.13207
-1.1407
-0.0389211
0.0361833
1.23909
-1.23635
-0.0321505
0.0280635
1.24119
-1.2371
-0.0240944
0.018815
1.24284
-1.23756
-0.0135137
0.00810852
1.24664
-1.24123
-0.00206614
-0.00401254
1.25375
-1.24767
0.0106877
-0.0180731
1.26554
-1.25815
0.0252331
-0.0309327
1.27122
-1.26552
0.0319353
-0.020364
1.03801
-1.04958
0.0184376
0.355085
-0.373523
-0.0409976
0.0489366
1.14967
-1.15761
-0.048327
0.0442318
1.23328
-1.22919
-0.0388297
0.0334925
1.23183
-1.22649
-0.0282794
0.0218127
1.23198
-1.22552
-0.0153591
0.00823079
1.23435
-1.22722
-0.00235834
-0.00533648
1.24005
-1.23235
0.0130075
-0.02131
1.2498
-1.24149
0.0294625
-0.0363841
1.25742
-1.2505
0.0386862
-0.0267613
1.06179
-1.07371
0.0305545
0.397751
-0.428306
-0.0557276
0.0617138
1.1653
-1.17129
-0.0580759
0.052748
1.22437
-1.21905
-0.04622
0.0387433
1.22048
-1.213
-0.0314686
0.0242623
1.21805
-1.21084
-0.0165424
0.00887651
1.21918
-1.21152
-0.000729715
-0.00730024
1.22374
-1.21571
0.0158193
-0.024895
1.2323
-1.22322
0.0332329
-0.0418089
1.24196
-1.23338
0.0454768
-0.0337547
1.0861
-1.09782
0.0449291
0.466171
-0.511101
-0.0703494
0.0731626
1.17541
-1.17822
-0.0675843
0.0589837
1.21277
-1.20417
-0.0508972
0.0425392
1.20548
-1.19712
-0.0339821
0.0257145
1.20213
-1.19386
-0.0177251
0.00872962
1.20245
-1.19346
-0.000511829
-0.0093869
1.20687
-1.19697
0.0179747
-0.0270906
1.21336
-1.20425
0.0367167
-0.0461855
1.22396
-1.21449
0.052041
-0.0407465
1.10948
-1.12077
0.0585176
0.563656
-0.622173
-0.0818422
0.0802568
1.17956
-1.17798
-0.0721005
0.0616994
1.19567
-1.18527
-0.0523413
0.0432063
1.18778
-1.17864
-0.034795
0.0257412
1.18453
-1.17548
-0.0176828
0.00869353
1.18468
-1.17569
0.00010744
-0.00935981
1.18776
-1.17851
0.0180366
-0.0280555
1.19439
-1.18437
0.0382129
-0.0480122
1.20428
-1.19448
0.0552064
-0.0468797
1.13075
-1.13908
0.0684047
0.686887
-0.755292
-0.0853246
0.0795571
1.17457
-1.1688
-0.0697778
0.0605936
1.17568
-1.1665
-0.0520045
0.042895
1.16986
-1.16075
-0.0347546
0.0256859
1.16685
-1.15778
-0.017385
0.00812941
1.16695
-1.15769
0.000830363
-0.00938819
1.16894
-1.16038
0.0181129
-0.0271673
1.17434
-1.16529
0.0362424
-0.0457932
1.18307
-1.17352
0.0549679
-0.050794
1.14651
-1.15069
0.0756113
0.827494
-0.903106
-0.0839447
0.0776573
1.16231
-1.15602
-0.0694702
0.0611646
1.15804
-1.14973
-0.0524817
0.042786
1.1525
-1.1428
-0.0341907
0.0249861
1.14881
-1.13961
-0.0167455
0.00777376
1.1485
-1.13953
0.000170222
-0.00926036
1.15071
-1.14162
0.0183175
-0.0279018
1.15584
-1.14625
0.0366679
-0.0465796
1.16469
-1.15478
0.053167
-0.0531981
1.15272
-1.15269
0.0830208
0.982875
-1.0659
-0.0824269
0.0680129
1.15009
-1.13567
-0.0555227
0.0448944
1.13911
-1.12848
-0.0362781
0.0297216
1.13392
-1.12736
-0.0246396
0.0198771
1.13201
-1.12725
-0.015497
0.0107195
1.13248
-1.1277
-0.00564369
0.000383989
1.13337
-1.12811
0.00574156
-0.0132667
1.13636
-1.12884
0.0222197
-0.0339941
1.14431
-1.13253
0.0471237
-0.0570435
1.15184
-1.14192
-0.256975
0.223546
-0.375193
0.377059
-0.439791
0.447901
-0.515019
0.522772
-0.608925
0.615854
-0.724522
0.729859
-0.866199
0.869907
-1.03763
1.04018
-1.24412
1.24609
-1.49268
1.4945
-1.49282
1.4948
-1.24468
1.24702
-1.03851
1.04179
-0.86747
0.872351
-0.726956
0.733703
-0.612813
0.620935
-0.520943
0.529448
-0.446544
0.454293
-0.364682
0.353687
-0.127297
0.0880527
0.0318655
-0.194564
0.172431
0.0160493
-0.156237
0.14424
0.0100252
-0.13496
0.127464
0.00710454
-0.121223
0.115909
0.00534615
-0.111326
0.107328
0.00413634
-0.103824
0.100729
0.00324784
-0.0979937
0.0955588
0.0025658
-0.0933997
0.0914705
0.00201648
-0.0897635
0.0882404
0.00155445
-0.0869033
0.0857208
0.00114568
-0.0847012
0.0838189
0.000760261
-0.0830879
0.0824871
0.00037611
-0.0820325
0.0817106
-1.87698e-05
-0.0815385
0.0815041
-0.000443239
-0.0816265
0.0818915
-0.000951812
-0.0823482
0.0829723
-0.00152844
-0.0837939
0.084823
-0.00225435
-0.0860789
0.0876083
-0.00316698
-0.0893811
0.0915321
-0.004356
-0.0939239
0.0968759
-0.00601143
-0.100039
0.104094
-0.00849642
-0.108276
0.113963
-0.0125796
-0.119572
0.127894
-0.0204927
-0.135709
0.148883
-0.0139536
-0.162122
0.17207
0.0001023
-0.184352
0.186312
0.00414957
-0.193348
0.192132
0.00508857
-0.195932
0.193601
0.0048547
-0.195831
0.193382
0.00434413
-0.19512
0.192823
0.00354204
-0.194368
0.192416
0.00272093
-0.193929
0.192455
0.00212077
-0.19403
0.192948
0.0013538
-0.194705
0.194066
0.00083686
-0.195967
0.195684
0.000350946
-0.197739
0.197757
6.3983e-07
-0.199891
0.200116
-0.000519173
-0.202409
0.202928
-0.000779972
-0.205144
0.205812
-0.00101011
-0.208013
0.208874
-0.00109653
-0.211124
0.212015
-0.00122319
-0.214102
0.215144
-0.0013435
-0.217135
0.218251
-0.00108107
-0.220288
0.221112
-0.00129928
-0.22302
0.224034
-0.00121573
-0.225886
0.226808
-0.00127116
-0.228667
0.22972
-0.00145285
-0.2321
0.233661
-0.00142693
-0.236595
0.285821
0.496936
0.661412
0.809943
0.95827
1.12107
1.29506
1.47572
1.64903
1.46365
1.03424
0.718974
0.463444
0.323371
0.465346
0.609252
0.423021
0.235395
-0.115577
-0.130237
-0.169711
-0.186887
-0.195823
-0.202809
-0.211425
-0.220432
-0.229063
-0.236129
-0.227744
-0.208794
-0.188244
-0.162741
-0.259522
-0.525288
-0.643472
-0.663841
-0.671583
-0.330395
0.903365
-0.313556
0.905981
-0.300105
0.915129
-0.280631
0.876997
-0.226178
0.486883
0.63368
0.00398359
-0.0327924
-0.000345755
-0.184721
0.00123568
-0.00253755
-0.366876
0.00360087
-0.00433647
-0.56859
0.00466436
-0.00485321
-0.778049
0.00506087
-0.00524351
-0.997259
0.00480668
-0.00331558
-1.23512
0.00110228
0.00152095
-1.50085
-0.00338715
0.00460803
-1.81527
-0.00441437
0.00306579
-2.20116
-0.000157336
-0.00598223
-2.23526
0.0130351
-0.0234818
-1.9301
0.0364488
-0.0469137
-1.91267
0.0585456
-0.0704547
-2.30112
0.0777406
-0.0724441
-2.37304
0.0716591
-0.0732615
-2.06191
0.0751796
-0.0764349
-1.64466
0.0759033
-0.0718485
-1.11172
0.0631275
-0.048773
-0.539363
0.0282801
-0.0127603
-0.00221291
-0.00188551
-0.00185845
-0.00216621
-0.00240287
-0.00293884
-0.00281921
-0.00296896
-0.00304221
-0.00282117
-0.00252503
-0.00190604
-0.00114799
0.000302621
0.00181619
0.00374766
0.00580136
0.00841231
0.0114243
0.0151427
0.0206739
0.0237522
0.022838
0.0176601
0.010956
)
;

boundaryField
{
    wall-4
    {
        type            calculated;
        value           uniform 0;
    }
    pressure-outlet-7
    {
        type            calculated;
        value           nonuniform List<scalar> 
40
(
0.0963062
0.250639
0.425381
0.61345
0.806833
1.01116
1.23945
1.50592
1.82751
2.22868
2.28109
2.0635
2.28799
2.65433
2.46105
2.04745
1.51018
0.85571
0.335585
0.159935
0.0336137
0.18727
0.368249
0.568628
0.777482
0.993399
1.22889
1.49649
1.81573
2.21107
2.2532
1.94555
1.93775
2.30043
2.38088
2.06662
1.63838
1.08366
0.509202
0.0546828
)
;
    }
    velocity-inlet-6
    {
        type            calculated;
        value           nonuniform List<scalar> 
20
(
-1.12529
-1.12529
-1.12529
-1.12529
-1.12529
-1.12529
-1.12529
-1.12529
-1.12529
-1.12529
-1.12529
-1.12529
-1.12529
-1.12529
-1.12529
-1.12529
-1.12529
-1.12529
-1.12529
-1.12529
)
;
    }
    velocity-inlet-5
    {
        type            calculated;
        value           nonuniform List<scalar> 
40
(
-0.289011
-0.346776
-0.416168
-0.499439
-0.599215
-0.719057
-0.862907
-1.03564
-1.24269
-1.49119
-1.49119
-1.2425
-1.03545
-0.862907
-0.719057
-0.599402
-0.499252
-0.416168
-0.346776
-0.289011
-0.289011
-0.346776
-0.416168
-0.499252
-0.599402
-0.719057
-0.862907
-1.03545
-1.2425
-1.49119
-1.49119
-1.24269
-1.03564
-0.862907
-0.719057
-0.599215
-0.499439
-0.416168
-0.346776
-0.289011
)
;
    }
    frontAndBackPlanes
    {
        type            empty;
        value           nonuniform List<scalar> 0();
    }
}


// ************************************************************************* //
