/*--------------------------------*- C++ -*----------------------------------*\
| =========                 |                                                 |
| \\      /  F ield         | OpenFOAM: The Open Source CFD Toolbox           |
|  \\    /   O peration     | Version:  v2012                                 |
|   \\  /    A nd           | Website:  www.openfoam.com                      |
|    \\/     M anipulation  |                                                 |
\*---------------------------------------------------------------------------*/
FoamFile
{
    version     2.0;
    format      ascii;
    class       volVectorField;
    location    "55";
    object      U;
}
// * * * * * * * * * * * * * * * * * * * * * * * * * * * * * * * * * * * * * //

dimensions      [0 1 -1 0 0 0 0];


internalField   nonuniform List<vector> 
8800
(
(0.984956 -0.0884527 0)
(1.00212 -0.0568271 0)
(0.999646 -0.030561 0)
(0.99999 -0.0158697 0)
(1.00006 -0.00873035 0)
(1.00008 -0.00509449 0)
(1.00005 -0.0030048 0)
(1.00002 -0.00169314 0)
(0.999998 -0.000788582 0)
(1.00006 -8.67252e-05 0)
(0.999987 0.000625431 0)
(0.999995 0.00138288 0)
(1.00002 0.00241002 0)
(1.00004 0.00400701 0)
(1.00004 0.00671561 0)
(1 0.0117401 0)
(0.999827 0.0220509 0)
(0.999163 0.0411668 0)
(1.00748 0.0768946 0)
(0.773653 0.0450711 0)
(0.361001 -0.0151716 0)
(1.04556 -0.0742025 0)
(1.08709 -0.0678927 0)
(1.04774 -0.0523069 0)
(1.02457 -0.038407 0)
(1.01238 -0.0261307 0)
(1.00649 -0.0167815 0)
(1.00362 -0.0102597 0)
(1.00219 -0.00560793 0)
(1.00152 -0.00199573 0)
(1.00139 0.00123734 0)
(1.00173 0.0045629 0)
(1.0027 0.0084717 0)
(1.00471 0.0138098 0)
(1.0088 0.0215337 0)
(1.01734 0.0323512 0)
(1.03443 0.0456894 0)
(1.06547 0.0597952 0)
(1.09408 0.072922 0)
(0.842203 0.0557152 0)
(0.217076 -0.00164686 0)
(1.07585 -0.0503617 0)
(1.09982 -0.048726 0)
(1.06463 -0.0401812 0)
(1.03996 -0.0330231 0)
(1.02377 -0.0257256 0)
(1.014 -0.0183333 0)
(1.00852 -0.0115941 0)
(1.00566 -0.00578042 0)
(1.00448 -0.000453158 0)
(1.0048 0.00469106 0)
(1.00663 0.0100202 0)
(1.01055 0.016066 0)
(1.01786 0.0229719 0)
(1.0305 0.0302267 0)
(1.05064 0.0372256 0)
(1.08034 0.0445628 0)
(1.10617 0.0517762 0)
(0.942805 0.0413358 0)
(0.216456 0.00166799 0)
(0.175896 -0.000645734 0)
(1.01866 -0.0354192 0)
(1.10557 -0.0414344 0)
(1.0781 -0.0362764 0)
(1.05284 -0.0302561 0)
(1.03557 -0.0245317 0)
(1.02356 -0.0187955 0)
(1.01564 -0.0127612 0)
(1.01098 -0.00661145 0)
(1.00893 -0.000329256 0)
(1.00946 0.00586838 0)
(1.01256 0.0118289 0)
(1.01859 0.0176412 0)
(1.02832 0.0232061 0)
(1.04265 0.0286219 0)
(1.06337 0.0342792 0)
(1.09376 0.0402453 0)
(1.09411 0.0418739 0)
(0.82878 0.0227867 0)
(0.174847 0.00066809 0)
(0.154343 -0.000487614 0)
(0.957281 -0.0255662 0)
(1.10407 -0.035112 0)
(1.08793 -0.032677 0)
(1.0614 -0.0281331 0)
(1.04352 -0.023142 0)
(1.03111 -0.0178738 0)
(1.02242 -0.0123579 0)
(1.01679 -0.00644099 0)
(1.01409 3.77167e-05 0)
(1.01474 0.00652256 0)
(1.01857 0.0124074 0)
(1.02543 0.0177047 0)
(1.03565 0.0226623 0)
(1.05032 0.0274651 0)
(1.072 0.0319433 0)
(1.10068 0.0358246 0)
(1.06909 0.0339694 0)
(0.741188 0.0143653 0)
(0.152763 0.00051252 0)
(0.139809 -0.000358885 0)
(0.900295 -0.0192243 0)
(1.09642 -0.0301724 0)
(1.09603 -0.0293007 0)
(1.06904 -0.0255584 0)
(1.05034 -0.0214673 0)
(1.0374 -0.0167437 0)
(1.02839 -0.0114914 0)
(1.02239 -0.00577345 0)
(1.01936 0.000583623 0)
(1.01998 0.0069572 0)
(1.024 0.0125996 0)
(1.03106 0.0175658 0)
(1.04158 0.0220356 0)
(1.05686 0.0259871 0)
(1.07945 0.0294741 0)
(1.10294 0.0321509 0)
(1.03717 0.0281138 0)
(0.674542 0.0102497 0)
(0.13758 0.000388135 0)
(0.12915 -0.000274493 0)
(0.850509 -0.0148544 0)
(1.08402 -0.0260757 0)
(1.10169 -0.0264144 0)
(1.07586 -0.0231199 0)
(1.05665 -0.0194866 0)
(1.04327 -0.0152852 0)
(1.03389 -0.0104077 0)
(1.02764 -0.00490395 0)
(1.0244 0.00126077 0)
(1.0249 0.00740722 0)
(1.02892 0.012769 0)
(1.03611 0.0173279 0)
(1.04691 0.0211939 0)
(1.06258 0.024516 0)
(1.08561 0.0275178 0)
(1.10212 0.0293168 0)
(1.00239 0.0235872 0)
(0.62263 0.00786877 0)
(0.126132 0.000309735 0)
(0.121013 -0.000211965 0)
(0.808114 -0.0116883 0)
(1.06867 -0.0224871 0)
(1.10519 -0.0238013 0)
(1.08209 -0.0209467 0)
(1.06244 -0.0175351 0)
(1.04879 -0.0136283 0)
(1.03914 -0.00908554 0)
(1.03262 -0.00385846 0)
(1.02916 0.00207362 0)
(1.0295 0.00795264 0)
(1.03346 0.0129639 0)
(1.04071 0.0170624 0)
(1.05163 0.0204428 0)
(1.06753 0.023367 0)
(1.09092 0.0260641 0)
(1.09842 0.0269641 0)
(0.967245 0.0200262 0)
(0.580949 0.00631737 0)
(0.117036 0.000254615 0)
(0.114699 -0.000163959 0)
(0.772365 -0.00931928 0)
(1.05179 -0.0193296 0)
(1.10752 -0.021387 0)
(1.08794 -0.018915 0)
(1.06789 -0.0156611 0)
(1.05398 -0.0119234 0)
(1.04415 -0.00759113 0)
(1.0374 -0.00261194 0)
(1.03368 0.00305491 0)
(1.0338 0.00862243 0)
(1.03765 0.0132524 0)
(1.04484 0.0169437 0)
(1.05577 0.019947 0)
(1.0719 0.0225465 0)
(1.09497 0.0249031 0)
(1.09193 0.0250048 0)
(0.933063 0.0172689 0)
(0.546501 0.00525337 0)
(0.109556 0.000215676 0)
(0.109765 -0.000125835 0)
(0.742332 -0.00748297 0)
(1.03443 -0.0165317 0)
(1.10888 -0.0191177 0)
(1.09348 -0.016963 0)
(1.07314 -0.0138112 0)
(1.05896 -0.0101745 0)
(1.04894 -0.00597253 0)
(1.04198 -0.00117266 0)
(1.03798 0.00423691 0)
(1.03783 0.00947752 0)
(1.04146 0.0137434 0)
(1.04852 0.0170752 0)
(1.05944 0.0197369 0)
(1.07578 0.0220456 0)
(1.09775 0.024034 0)
(1.08301 0.0233833 0)
(0.900433 0.0151626 0)
(0.517238 0.00450773 0)
(0.103205 0.000188455 0)
(0.105921 -9.43568e-05 0)
(0.717194 -0.00600463 0)
(1.01743 -0.014022 0)
(1.1094 -0.0169261 0)
(1.09891 -0.0150587 0)
(1.0783 -0.0119289 0)
(1.06382 -0.00833454 0)
(1.05358 -0.00420703 0)
(1.04637 0.000469268 0)
(1.04207 0.00565681 0)
(1.04158 0.0105855 0)
(1.04492 0.0145073 0)
(1.05181 0.0174948 0)
(1.0627 0.0198238 0)
(1.07923 0.0218698 0)
(1.0992 0.0234676 0)
(1.07208 0.022094 0)
(0.869489 0.0135926 0)
(0.491709 0.00398984 0)
(0.0976404 0.000170421 0)
(0.102978 -6.71949e-05 0)
(0.696306 -0.00476703 0)
(1.0014 -0.0117334 0)
(1.10921 -0.0147757 0)
(1.10417 -0.0131179 0)
(1.08344 -0.00996677 0)
(1.06864 -0.00635952 0)
(1.05814 -0.00224807 0)
(1.05064 0.00235296 0)
(1.04596 0.00736532 0)
(1.04506 0.0120136 0)
(1.04804 0.0156051 0)
(1.05471 0.0182552 0)
(1.06556 0.0202529 0)
(1.08224 0.0220398 0)
(1.09968 0.0232298 0)
(1.05941 0.0211408 0)
(0.840091 0.0124669 0)
(0.468834 0.00364312 0)
(0.0926043 0.000159629 0)
(0.100815 -4.22608e-05 0)
(0.679198 -0.00368215 0)
(0.986787 -0.00959504 0)
(1.10853 -0.0125798 0)
(1.10922 -0.0110533 0)
(1.08864 -0.00785916 0)
(1.07349 -0.00418241 0)
(1.06268 -2.79334e-05 0)
(1.05483 0.00454533 0)
(1.04968 0.00943105 0)
(1.04826 0.0138245 0)
(1.05082 0.0170903 0)
(1.05723 0.0194007 0)
(1.06802 0.0210582 0)
(1.08476 0.022574 0)
(1.09916 0.0233725 0)
(1.0452 0.0205394 0)
(0.811935 0.0117136 0)
(0.447773 0.00342945 0)
(0.0878965 0.000154588 0)
(0.0993683 -1.77323e-05 0)
(0.665565 -0.00268045 0)
(0.973955 -0.00753246 0)
(1.10766 -0.01028 0)
(1.11421 -0.00880441 0)
(1.09398 -0.00553099 0)
(1.07845 -0.00172682 0)
(1.06726 0.0025276 0)
(1.05896 0.00713255 0)
(1.05324 0.011935 0)
(1.05121 0.0160905 0)
(1.05326 0.0190309 0)
(1.05936 0.02099 0)
(1.07006 0.0222855 0)
(1.08683 0.0235335 0)
(1.09745 0.0238867 0)
(1.02953 0.0202708 0)
(0.784629 0.0112769 0)
(0.427848 0.00332289 0)
(0.0833575 0.00015418 0)
(0.0986209 8.41488e-06 0)
(0.655251 -0.00170764 0)
(0.963217 -0.00547331 0)
(1.10692 -0.00781146 0)
(1.11923 -0.00629834 0)
(1.09953 -0.00289949 0)
(1.08358 0.00109429 0)
(1.07195 0.00551154 0)
(1.0631 0.0102111 0)
(1.05669 0.0149736 0)
(1.05391 0.0189058 0)
(1.05535 0.0215114 0)
(1.06107 0.0230997 0)
(1.07166 0.0240041 0)
(1.08836 0.0249553 0)
(1.09448 0.024815 0)
(1.01241 0.0203628 0)
(0.757744 0.0111243 0)
(0.408501 0.0033083 0)
(0.0788566 0.000157839 0)
(0.0985939 3.26715e-05 0)
(0.648232 -0.000716621 0)
(0.954875 -0.00334392 0)
(1.10666 -0.00509975 0)
(1.12446 -0.00344361 0)
(1.10538 0.000139264 0)
(1.08897 0.00439113 0)
(1.07681 0.0090429 0)
(1.0673 0.0139009 0)
(1.06003 0.0186618 0)
(1.05635 0.0223755 0)
(1.05708 0.0246262 0)
(1.06234 0.0258138 0)
(1.07278 0.0263083 0)
(1.08916 0.0268925 0)
(1.09003 0.0261975 0)
(0.993715 0.0208396 0)
(0.730796 0.0112399 0)
(0.389228 0.00337804 0)
(0.0742746 0.000165197 0)
(0.0993218 7.06919e-05 0)
(0.644588 0.000302152 0)
(0.949246 -0.00106812 0)
(1.10724 -0.00206048 0)
(1.1301 -0.000146736 0)
(1.11166 0.00369388 0)
(1.09473 0.00828815 0)
(1.08193 0.013255 0)
(1.0716 0.0183386 0)
(1.0633 0.0231383 0)
(1.05854 0.0266341 0)
(1.05839 0.0285021 0)
(1.06311 0.0292533 0)
(1.07338 0.0293092 0)
(1.08908 0.0294695 0)
(1.08398 0.02807 0)
(0.973241 0.0217255 0)
(0.703257 0.0116119 0)
(0.369552 0.00352489 0)
(0.0695033 0.000175816 0)
(0.101008 0.00010393 0)
(0.644692 0.00146432 0)
(0.946669 0.00143505 0)
(1.10906 0.00140739 0)
(1.13635 0.00369136 0)
(1.11847 0.00791548 0)
(1.10095 0.0129477 0)
(1.08738 0.0183179 0)
(1.07604 0.0236995 0)
(1.06649 0.0285747 0)
(1.06042 0.0318464 0)
(1.05923 0.0332754 0)
(1.06331 0.0335442 0)
(1.07335 0.0331206 0)
(1.08791 0.0327891 0)
(1.07603 0.030523 0)
(0.950678 0.0230529 0)
(0.674569 0.0122389 0)
(0.349032 0.00374491 0)
(0.0644466 0.000189272 0)
(0.103719 0.000153099 0)
(0.648913 0.00288558 0)
(0.947652 0.00430808 0)
(1.11263 0.00541752 0)
(1.14341 0.00824766 0)
(1.12598 0.0129999 0)
(1.10778 0.0185797 0)
(1.09325 0.0244533 0)
(1.08068 0.0302037 0)
(1.06959 0.0351746 0)
(1.06195 0.0381781 0)
(1.05957 0.0390914 0)
(1.06286 0.0388247 0)
(1.07263 0.0378576 0)
(1.08545 0.0369645 0)
(1.0659 0.03365 0)
(0.925597 0.0248707 0)
(0.644124 0.013124 0)
(0.327227 0.00403499 0)
(0.0590142 0.000205143 0)
(0.107729 0.000217904 0)
(0.657822 0.00455922 0)
(0.952653 0.00771122 0)
(1.11845 0.0101502 0)
(1.15158 0.0137239 0)
(1.13438 0.0191697 0)
(1.11535 0.0254314 0)
(1.09964 0.0319269 0)
(1.08555 0.0381176 0)
(1.07259 0.0431797 0)
(1.0631 0.0458322 0)
(1.05932 0.0461506 0)
(1.06168 0.0452642 0)
(1.07112 0.0436675 0)
(1.08169 0.0421587 0)
(1.05317 0.0375546 0)
(0.89745 0.0272071 0)
(0.611259 0.0142609 0)
(0.303708 0.00438685 0)
(0.0531292 0.000222445 0)
(0.11337 0.000305964 0)
(0.672133 0.00664728 0)
(0.962345 0.0118429 0)
(1.12709 0.0158493 0)
(1.16118 0.0203791 0)
(1.14393 0.0267386 0)
(1.12385 0.0338455 0)
(1.10666 0.0410835 0)
(1.09066 0.0477605 0)
(1.07545 0.0528699 0)
(1.06377 0.0550523 0)
(1.05835 0.0546428 0)
(1.05966 0.0530408 0)
(1.06869 0.0507355 0)
(1.07646 0.0484802 0)
(1.03733 0.0423268 0)
(0.865569 0.0300895 0)
(0.575278 0.0156345 0)
(0.278082 0.00478699 0)
(0.0467384 0.000239751 0)
(0.121152 0.000431594 0)
(0.692788 0.0093792 0)
(0.977596 0.0170128 0)
(1.13919 0.0228578 0)
(1.1727 0.0286179 0)
(1.15492 0.0361807 0)
(1.13345 0.0443156 0)
(1.11434 0.0523995 0)
(1.09596 0.0595533 0)
(1.07801 0.0645757 0)
(1.06379 0.0660887 0)
(1.05648 0.0647592 0)
(1.05663 0.0623211 0)
(1.06523 0.0592205 0)
(1.06942 0.0560598 0)
(1.01773 0.0480469 0)
(0.829158 0.0335179 0)
(0.535467 0.0172063 0)
(0.250021 0.00521208 0)
(0.0398233 0.000255138 0)
(0.131802 0.000612082 0)
(0.721091 0.0131361 0)
(0.999558 0.0236883 0)
(1.15556 0.0317212 0)
(1.18673 0.0390368 0)
(1.16769 0.048156 0)
(1.14431 0.0575 0)
(1.1227 0.0664774 0)
(1.10134 0.0739884 0)
(1.08013 0.0786615 0)
(1.06301 0.0792075 0)
(1.0536 0.0767224 0)
(1.0525 0.073271 0)
(1.06048 0.0692164 0)
(1.06007 0.0649471 0)
(0.99354 0.0547636 0)
(0.787328 0.0374465 0)
(0.49116 0.0189 0)
(0.219333 0.00562419 0)
(0.0324209 0.000265841 0)
(0.146588 0.000903516 0)
(0.759052 0.0185181 0)
(1.02987 0.0326455 0)
(1.17713 0.0433674 0)
(1.20403 0.0526704 0)
(1.18256 0.0636922 0)
(1.15648 0.0743528 0)
(1.13157 0.0840978 0)
(1.10654 0.0916321 0)
(1.08152 0.0954981 0)
(1.06116 0.0946368 0)
(1.04952 0.0907021 0)
(1.04711 0.0860274 0)
(1.05406 0.080895 0)
(1.0477 0.0753398 0)
(0.963736 0.0624163 0)
(0.739163 0.0417495 0)
(0.441872 0.0205841 0)
(0.186075 0.00596561 0)
(0.0246477 0.00026817 0)
(0.167672 0.00140315 0)
(0.809886 0.0266885 0)
(1.07106 0.0454294 0)
(1.205 0.0596278 0)
(1.22524 0.0716766 0)
(1.19963 0.0844132 0)
(1.16972 0.0961931 0)
(1.14053 0.106197 0)
(1.11106 0.113085 0)
(1.08173 0.115438 0)
(1.0579 0.112577 0)
(1.04398 0.106807 0)
(1.04028 0.100709 0)
(1.04584 0.0945609 0)
(1.03155 0.0871271 0)
(0.927038 0.0708136 0)
(0.683862 0.0461912 0)
(0.387566 0.0220704 0)
(0.150752 0.00616077 0)
(0.0167401 0.000257223 0)
(0.19841 0.00251078 0)
(0.879267 0.0403031 0)
(1.12678 0.0658572 0)
(1.23961 0.0840879 0)
(1.25009 0.0987626 0)
(1.21826 0.112658 0)
(1.18316 0.124618 0)
(1.14874 0.133769 0)
(1.11421 0.138908 0)
(1.08026 0.138738 0)
(1.05292 0.133127 0)
(1.03676 0.125083 0)
(1.03185 0.117323 0)
(1.03556 0.11005 0)
(1.0105 0.100195 0)
(0.881925 0.0795575 0)
(0.621104 0.0503704 0)
(0.329339 0.0231761 0)
(0.114812 0.00616024 0)
(0.00918117 0.000225927 0)
(0.240347 0.00869505 9.10712e-20)
(0.971219 0.0673684 8.13152e-20)
(1.19475 0.100198 -2.84872e-20)
(1.27784 0.120419 0)
(1.2758 0.137483 -7.29591e-34)
(1.23637 0.150716 1.06688e-20)
(1.19534 0.161109 -1.9186e-20)
(1.15516 0.168015 0)
(1.11522 0.170342 3.92879e-34)
(1.07632 0.166872 -2.36148e-20)
(1.04518 0.158042 0)
(1.02658 0.147502 -2.79402e-20)
(1.0204 0.138112 -8.23111e-20)
(1.02188 0.130095 -3.88309e-20)
(0.981457 0.117389 -1.16524e-20)
(0.823279 0.0906782 -6.91763e-21)
(0.545311 0.055081 0)
(0.265214 0.0243333 4.82516e-21)
(0.0785755 0.00637136 5.67499e-21)
(0.00213017 0.000238332 1.00703e-19)
(0.269626 0.0239034 6.72506e-20)
(1.04722 0.109835 1.03812e-21)
(1.25079 0.149121 7.60424e-21)
(1.31193 0.169427 0)
(1.29827 0.186436 -3.71221e-20)
(1.25177 0.197479 -4.21901e-20)
(1.20481 0.205559 -1.94037e-20)
(1.15874 0.209959 -6.89998e-20)
(1.11305 0.209458 0)
(1.06867 0.202747 1.00886e-19)
(1.03307 0.190756 9.99276e-20)
(1.01151 0.177737 2.96686e-20)
(1.00315 0.166371 1.07983e-19)
(0.997932 0.155895 1.51534e-19)
(0.936911 0.138794 0)
(0.745519 0.104047 2.12687e-19)
(0.457067 0.0607681 3.04539e-19)
(0.198246 0.0254464 3.37273e-19)
(0.0433484 0.00569266 -3.83879e-19)
(-0.00466754 -0.000350957 -7.11133e-21)
(0.270922 0.0398237 0)
(1.09531 0.165011 1.20474e-20)
(1.28844 0.209248 0)
(1.33837 0.229088 -4.83518e-20)
(1.3158 0.243107 0)
(1.26337 0.250296 -8.30454e-20)
(1.21084 0.254673 3.96957e-20)
(1.15918 0.255497 -1.39066e-19)
(1.10802 0.251355 -3.13846e-21)
(1.05838 0.240856 5.22815e-20)
(1.01844 0.225414 2.1995e-19)
(0.993933 0.209773 -5.24619e-22)
(0.983103 0.196361 -7.85249e-20)
(0.971636 0.183435 -1.42963e-19)
(0.896633 0.161431 1.68797e-19)
(0.691257 0.118003 -2.983e-19)
(0.408101 0.0668382 -3.93429e-20)
(0.167278 0.0269796 0)
(0.0285504 0.00491116 -1.51887e-23)
(-0.00756654 -0.00110214 0)
(0.264713 0.0535286 1.55565e-19)
(1.1213 0.223447 -7.69435e-20)
(1.31159 0.273943 -5.97203e-20)
(1.35578 0.293978 2.28675e-20)
(1.32702 0.304136 -3.85979e-20)
(1.27012 0.306842 1.74233e-19)
(1.21298 0.306852 8.29587e-20)
(1.15645 0.303488 0)
(1.10035 0.295195 -2.6252e-19)
(1.04584 0.280505 0)
(1.00181 0.261337 -1.15622e-19)
(0.974426 0.24293 -1.42545e-19)
(0.961155 0.227444 -8.56347e-20)
(0.944846 0.21198 -1.03947e-19)
(0.862817 0.18499 0)
(0.65627 0.134203 0)
(0.384469 0.0760305 -2.55352e-19)
(0.156825 0.0305347 5.04752e-20)
(0.0240385 0.00462273 -2.94611e-20)
(-0.00895644 -0.00179626 -3.39497e-20)
(0.257313 0.0656089 -6.20225e-20)
(1.13277 0.281777 0)
(1.32427 0.339586 1.21909e-19)
(1.36512 0.360294 6.4414e-20)
(1.332 0.366656 8.93976e-20)
(1.27183 0.364893 0)
(1.21107 0.360448 8.12821e-20)
(1.15052 0.352734 1.54195e-19)
(1.09016 0.340097 1.34614e-19)
(1.03127 0.32103 2.4682e-19)
(0.983426 0.297993 0)
(0.953284 0.276728 -3.07842e-19)
(0.93765 0.259069 -1.85306e-19)
(0.91763 0.241078 -1.09471e-19)
(0.833618 0.209714 6.69279e-19)
(0.633456 0.152597 7.9268e-20)
(0.37567 0.0883697 3.70363e-19)
(0.159066 0.0364221 -1.75553e-18)
(0.0269885 0.00577221 1.03707e-18)
(-0.00868478 -0.00219555 -1.23103e-18)
(0.250268 0.07655 -2.93888e-20)
(1.13503 0.33819 1.14013e-20)
(1.32937 0.404295 -1.30838e-20)
(1.36801 0.426141 -6.5004e-20)
(1.33169 0.428933 -7.53667e-20)
(1.26907 0.42289 3.58033e-21)
(1.20546 0.414163 -8.8115e-20)
(1.1416 0.402196 1.59661e-19)
(1.07759 0.385267 -2.89939e-19)
(1.01479 0.36184 0)
(0.963447 0.334965 -1.39558e-19)
(0.930647 0.310861 -3.23408e-21)
(0.912653 0.291009 -2.02942e-19)
(0.889818 0.270603 0)
(0.807009 0.23529 -1.45456e-19)
(0.616681 0.173066 -3.43586e-19)
(0.374463 0.102981 9.12005e-19)
(0.166858 0.0446246 -8.97944e-19)
(0.0346278 0.00872233 1.27417e-18)
(-0.00692771 -0.00211355 -1.30396e-18)
(0.244391 0.0866844 -8.08223e-22)
(1.1316 0.392017 -3.65823e-21)
(1.32902 0.467072 -3.54191e-20)
(1.36586 0.490316 2.58416e-20)
(1.32715 0.489926 -3.79412e-20)
(1.26268 0.47989 0)
(1.19676 0.467145 -8.20383e-20)
(1.13013 0.451139 -1.67273e-19)
(1.06294 0.430093 -1.50779e-19)
(0.996677 0.402446 0)
(0.942155 0.371801 -1.45013e-19)
(0.90684 0.344831 -1.79543e-19)
(0.886619 0.322871 2.20374e-19)
(0.861642 0.300242 -1.33739e-19)
(0.781058 0.261385 -6.37076e-19)
(0.601784 0.194868 3.76782e-19)
(0.37524 0.118837 1.11955e-19)
(0.176408 0.054447 0)
(0.0439886 0.0131236 -1.23474e-18)
(-0.00444737 -0.00160484 -4.46234e-20)
(0.239775 0.0963359 1.9732e-21)
(1.12477 0.443062 -1.47225e-21)
(1.3247 0.52744 1.63528e-20)
(1.35989 0.552106 9.2881e-20)
(1.31933 0.548968 -1.39479e-19)
(1.25344 0.535313 1.65588e-19)
(1.18565 0.518854 1.76791e-19)
(1.11665 0.499075 -2.67339e-19)
(1.04669 0.47415 9.30619e-20)
(0.977298 0.442464 -6.0776e-19)
(0.919839 0.408105 -1.64021e-19)
(0.882216 0.378328 0)
(0.860027 0.354368 2.39191e-19)
(0.83341 0.329705 2.86648e-19)
(0.754717 0.287716 3.43067e-19)
(0.586511 0.217205 -4.1024e-19)
(0.374214 0.135591 -1.21272e-19)
(0.184355 0.0655673 1.42281e-19)
(0.0528906 0.018505 0)
(-0.00177265 -0.00076403 -9.70143e-20)
(0.236313 0.10565 -6.45474e-20)
(1.11612 0.491422 2.86933e-20)
(1.3177 0.58542 -1.4207e-20)
(1.35113 0.611163 5.57781e-20)
(1.30903 0.605666 -6.24305e-20)
(1.24205 0.588755 -8.09589e-21)
(1.17272 0.568933 -1.9324e-19)
(1.1017 0.54569 -9.67362e-20)
(1.02925 0.51715 -2.62081e-19)
(0.956976 0.481627 5.9792e-22)
(0.89678 0.443663 -5.13834e-19)
(0.857076 0.41123 4.3341e-19)
(0.833154 0.385346 -2.62966e-19)
(0.804997 0.358555 3.16193e-19)
(0.72801 0.313327 0)
(0.569707 0.239062 -2.23167e-19)
(0.370103 0.152292 -4.58422e-23)
(0.189112 0.0767435 -6.21255e-19)
(0.0597324 0.0240605 -9.08042e-20)
(0.000561395 0.000187012 0)
(0.233881 0.114769 0)
(1.10657 0.537326 3.74723e-20)
(1.30878 0.640832 -7.73743e-21)
(1.34036 0.667381 -5.02255e-20)
(1.29692 0.659809 -7.97987e-20)
(1.22909 0.639989 0)
(1.15848 0.617147 -8.76363e-20)
(1.0857 0.590767 -2.14356e-21)
(1.011 0.558911 5.61641e-19)
(0.93603 0.519776 -8.34783e-20)
(0.873256 0.478391 -3.70966e-19)
(0.831636 0.443403 2.25347e-19)
(0.806118 0.415514 -4.39177e-21)
(0.776539 0.386282 3.36168e-19)
(0.700919 0.337789 2.07378e-19)
(0.551033 0.25923 -4.82649e-19)
(0.362573 0.167792 5.69739e-19)
(0.189643 0.0869113 1.682e-19)
(0.0635677 0.0289499 6.9124e-19)
(0.00224052 0.00102348 -1.81832e-18)
(0.232417 0.123842 -2.98151e-20)
(1.09677 0.580957 3.56025e-20)
(1.29874 0.69333 -1.99734e-20)
(1.32814 0.72073 3.75673e-20)
(1.28354 0.711286 0)
(1.21505 0.68888 -7.56233e-20)
(1.14338 0.663358 2.94547e-19)
(1.06904 0.634172 2.11934e-19)
(0.992267 0.599312 0)
(0.914727 0.556829 -1.20179e-18)
(0.84948 0.512206 1.00305e-18)
(0.806031 0.474609 0)
(0.778989 0.444438 3.0712e-19)
(0.748079 0.412633 -4.4062e-21)
(0.67325 0.360261 -6.62639e-19)
(0.53025 0.277165 2.58838e-19)
(0.351824 0.181278 0)
(0.186309 0.0951751 9.06721e-19)
(0.0641383 0.0325521 0)
(0.00313586 0.00160346 -8.60277e-19)
(0.231745 0.132923 3.8244e-20)
(1.0872 0.622451 5.34676e-20)
(1.2878 0.743009 -1.7856e-20)
(1.31498 0.771216 0)
(1.26936 0.760071 -6.67199e-20)
(1.20033 0.735382 0)
(1.12777 0.707492 -2.90277e-19)
(1.05204 0.675828 -9.83052e-20)
(0.973335 0.638285 9.89832e-20)
(0.893312 0.592747 -5.94222e-19)
(0.825615 0.545021 1.0353e-19)
(0.780344 0.504639 0)
(0.75185 0.471936 -6.55471e-19)
(0.719619 0.437362 4.37141e-21)
(0.644974 0.380609 0)
(0.507634 0.29261 3.06947e-21)
(0.337887 0.192193 8.31688e-19)
(0.179458 0.101065 -7.83232e-19)
(0.062116 0.0345574 2.29944e-19)
(0.00331049 0.00183807 0)
(0.231552 0.141893 0)
(1.07817 0.661869 6.91676e-20)
(1.2763 0.790028 3.735e-20)
(1.30128 0.818885 -4.89987e-21)
(1.25472 0.806191 -2.14331e-20)
(1.18527 0.77949 -1.69739e-19)
(1.11195 0.749531 1.08836e-19)
(1.03497 0.7157 -1.16016e-19)
(0.95445 0.675793 4.41552e-19)
(0.871988 0.627515 -9.49113e-19)
(0.801779 0.576777 -7.57907e-21)
(0.75462 0.533433 -2.86923e-19)
(0.724726 0.498092 1.06296e-18)
(0.691044 0.460439 -5.12947e-21)
(0.615979 0.398612 -5.13503e-19)
(0.483059 0.305364 -9.14356e-19)
(0.321244 0.200227 0)
(0.169531 0.104353 0)
(0.057979 0.035038 2.4742e-19)
(0.00295431 0.00174598 -1.43374e-19)
(0.231936 0.150916 5.90915e-20)
(1.06959 0.699091 -1.62637e-19)
(1.26456 0.834446 -4.03536e-20)
(1.28733 0.863816 0)
(1.23991 0.849703 -3.04555e-21)
(1.17014 0.821232 -1.54462e-19)
(1.09619 0.78948 2.62191e-19)
(1.01808 0.753779 4.5621e-19)
(0.935823 0.711831 5.73384e-19)
(0.850936 0.661133 -7.74706e-19)
(0.778085 0.607486 -8.60279e-19)
(0.728895 0.561128 7.66859e-19)
(0.697575 0.523088 0)
(0.662207 0.481726 -2.33303e-19)
(0.5863 0.413966 -5.55005e-19)
(0.457111 0.315166 -6.56324e-19)
(0.302203 0.205148 -7.74764e-19)
(0.156923 0.104974 2.2818e-19)
(0.052003 0.0340301 -1.33537e-19)
(0.00224297 0.0014356 5.31945e-22)
(0.232485 0.159827 0)
(1.06166 0.73468 0)
(1.25279 0.87637 4.98747e-21)
(1.27334 0.906121 0)
(1.22516 0.890695 4.4774e-20)
(1.15514 0.860667 1.03974e-19)
(1.08066 0.82737 0)
(1.00152 0.790076 5.4052e-20)
(0.917631 0.746398 9.55809e-19)
(0.830321 0.693613 -1.77963e-18)
(0.754648 0.637238 0)
(0.703222 0.587964 -4.93013e-19)
(0.670291 0.54703 -6.07463e-21)
(0.632899 0.500955 -4.82321e-21)
(0.556001 0.426441 5.92792e-19)
(0.43017 0.321933 -4.37533e-22)
(0.281116 0.206854 -1.66719e-18)
(0.142306 0.102927 4.9048e-19)
(0.0448562 0.0316386 1.44287e-19)
(0.00131112 0.000916618 0)
(0.233082 0.1686 -2.48701e-19)
(1.05411 0.768601 -1.17893e-19)
(1.24106 0.915871 -1.40619e-19)
(1.25948 0.945878 9.32271e-20)
(1.21062 0.929241 4.86287e-20)
(1.14044 0.897859 0)
(1.06552 0.863245 1.57825e-19)
(0.985466 0.824613 -1.20321e-19)
(0.900022 0.779511 7.71133e-21)
(0.810292 0.72498 1.30962e-19)
(0.731604 0.666165 1.11179e-18)
(0.677649 0.614188 -1.7281e-19)
(0.642724 0.569933 -6.53481e-19)
(0.602912 0.51786 -2.71245e-19)
(0.525199 0.435871 3.2178e-19)
(0.402657 0.325491 -6.51885e-23)
(0.25874 0.205208 4.48592e-19)
(0.126632 0.0984097 -1.0541e-18)
(0.037336 0.0282284 1.24026e-18)
(0.00030178 0.000275486 1.78148e-19)
(0.233546 0.177108 9.65317e-20)
(1.04695 0.800957 -6.78602e-20)
(1.22951 0.953046 1.22179e-20)
(1.24588 0.983208 7.32587e-20)
(1.19643 0.965453 3.02879e-21)
(1.12615 0.932883 -1.7982e-19)
(1.0509 0.897154 4.54445e-20)
(0.970017 0.85741 -5.00767e-19)
(0.883118 0.811169 -1.05075e-18)
(0.790978 0.755245 -1.05836e-18)
(0.709102 0.694407 0)
(0.652234 0.639991 -7.57756e-19)
(0.614737 0.591781 9.4079e-19)
(0.572036 0.532312 0)
(0.493868 0.442113 -6.88357e-19)
(0.374857 0.325382 4.09574e-19)
(0.236166 0.199978 -4.81624e-19)
(0.111232 0.0918207 -5.66483e-19)
(0.0302017 0.0242445 -9.97839e-19)
(-0.000643393 -0.000403959 -7.66344e-19)
(0.234338 0.185475 -1.10697e-19)
(1.04004 0.831729 7.25446e-20)
(1.21819 0.987967 1.62657e-19)
(1.23262 1.0182 1.15244e-19)
(1.18269 0.999424 1.38567e-21)
(1.11238 0.965826 -9.50611e-20)
(1.03686 0.929149 1.51613e-19)
(0.95526 0.888509 -5.13402e-19)
(0.867002 0.841396 -6.21308e-19)
(0.772499 0.784433 1.10592e-18)
(0.687285 0.722075 2.43605e-18)
(0.627061 0.665492 0)
(0.586243 0.612613 0)
(0.54003 0.544451 -3.11724e-19)
(0.461662 0.444996 0)
(0.346782 0.320697 8.79692e-19)
(0.214591 0.190424 1.03449e-18)
(0.098058 0.0832341 0)
(0.0246945 0.0201483 0)
(-0.00138339 -0.00100083 8.22458e-19)
(0.234775 0.193396 1.28169e-19)
(1.03339 0.860905 1.05351e-19)
(1.20717 1.02075 1.19115e-19)
(1.21978 1.05097 -1.20906e-19)
(1.16944 1.03126 -1.29735e-20)
(1.09917 0.996765 9.45111e-20)
(1.02348 0.959289 -2.07281e-19)
(0.941257 0.917939 -4.98173e-22)
(0.85175 0.870196 -9.97692e-21)
(0.754949 0.81255 -9.93283e-21)
(0.666307 0.749233 1.25293e-18)
(0.602248 0.690741 0)
(0.557255 0.632579 9.49943e-19)
(0.506666 0.554698 6.64061e-19)
(0.427807 0.444533 1.60153e-18)
(0.317777 0.310221 4.7301e-19)
(0.195188 0.174253 -5.56213e-19)
(0.0910051 0.0702051 -3.25656e-19)
(0.0260013 0.0148692 0)
(-0.000245282 -0.000931489 8.8259e-19)
(0.235496 0.201321 -2.92357e-19)
(1.02698 0.888574 0)
(1.19644 1.05146 1.45295e-19)
(1.20736 1.08163 -1.06269e-19)
(1.15676 1.06106 3.61703e-20)
(1.08656 1.02578 -9.50007e-20)
(1.01079 0.987632 3.99217e-19)
(0.928042 0.945733 -4.20523e-20)
(0.837403 0.897581 0)
(0.738411 0.839582 -1.2161e-18)
(0.64631 0.77589 -2.7187e-18)
(0.57795 0.715761 1.11314e-19)
(0.527922 0.65193 1.30778e-18)
(0.471824 0.563725 0)
(0.391163 0.441335 1.07887e-18)
(0.285605 0.293104 0)
(0.176362 0.146481 0)
(0.0942933 0.0397362 -3.51755e-19)
(0.0549032 -0.00233664 0)
(0.0278613 0.0112734 2.3614e-19)
(0.235842 0.208635 -3.30642e-19)
(1.02076 0.91508 0)
(1.186 1.08029 2.45615e-19)
(1.19533 1.11039 0)
(1.14459 1.08909 -2.79129e-20)
(1.07449 1.05317 0)
(0.998733 1.01449 1.92036e-20)
(0.915522 0.972232 6.99672e-20)
(0.82384 0.923915 7.7326e-20)
(0.722722 0.865923 -1.32978e-18)
(0.627122 0.802467 8.13731e-20)
(0.553942 0.7411 8.93832e-19)
(0.497918 0.671441 1.27305e-18)
(0.434732 0.572406 1.71703e-19)
(0.349841 0.437006 8.43941e-19)
(0.245559 0.270452 0)
(0.146832 0.103621 1.17044e-18)
(0.0796337 -0.00890484 -6.81673e-19)
(0.0418457 0.047374 7.82179e-19)
(-0.0595768 0.434694 -9.28132e-19)
(0.236152 0.215746 2.76179e-19)
(1.01448 0.940197 4.29383e-19)
(1.17576 1.10756 0)
(1.18354 1.13772 9.90404e-21)
(1.13274 1.11592 9.3685e-20)
(1.0627 1.07961 9.22647e-20)
(0.98699 1.04066 1.3609e-19)
(0.903288 0.998375 0)
(0.810534 0.950293 5.12018e-19)
(0.707219 0.89289 -6.93749e-20)
(0.607831 0.830429 0)
(0.528993 0.7684 0)
(0.465436 0.692693 1.13985e-18)
(0.393222 0.581644 -5.30609e-19)
(0.300722 0.433703 -8.5436e-19)
(0.193017 0.246071 0)
(0.0850255 0.105807 5.83168e-19)
(0.00695511 0.442466 -6.69253e-19)
(0.0320684 1.89283 -3.68366e-19)
(0.0629356 2.80992 -4.85776e-19)
(0.236222 0.222079 -2.09089e-19)
(1.00824 0.964088 -5.54504e-19)
(1.16575 1.13325 1.48367e-19)
(1.172 1.16346 1.14747e-19)
(1.12126 1.14134 0)
(1.05128 1.10482 4.17477e-20)
(0.975765 1.06583 1.82363e-19)
(0.891528 1.02373 -3.36833e-20)
(0.797752 0.976195 7.63011e-20)
(0.692282 0.919876 1.26576e-18)
(0.589024 0.859053 1.36921e-18)
(0.504052 0.797197 9.99608e-19)
(0.431399 0.715766 1.14511e-18)
(0.348965 0.59055 -1.24402e-18)
(0.24975 0.434966 -1.28837e-18)
(0.128124 0.28457 0)
(0.0457605 0.834092 0)
(0.0998748 2.5535 3.21447e-19)
(0.102482 3.2016 0)
(0.10493 3.38794 7.096e-19)
(0.239335 0.227913 0)
(1.00262 0.987014 0)
(1.15569 1.15722 0)
(1.16047 1.18746 3.62252e-20)
(1.1098 1.16509 8.95994e-20)
(1.03998 1.12866 3.88231e-21)
(0.964959 1.08989 1.15573e-19)
(0.880186 1.04819 -3.27349e-20)
(0.785446 1.00147 6.36626e-19)
(0.677923 0.946734 -1.84582e-20)
(0.570814 0.888145 2.70174e-18)
(0.47946 0.827302 -1.15183e-19)
(0.395981 0.74171 1.38553e-19)
(0.304416 0.597088 1.79908e-19)
(0.188621 0.448853 -6.25392e-21)
(0.102572 0.96569 3.54399e-21)
(0.140645 2.72293 -1.69315e-18)
(0.148041 3.29344 -6.29298e-19)
(0.13689 3.42615 3.18005e-19)
(0.124251 3.44807 -3.49406e-19)
(0.158531 0.17942 1.2077e-19)
(0.992517 1.01188 0)
(1.14532 1.17967 -2.99644e-19)
(1.1494 1.21011 -3.15978e-19)
(1.09908 1.18788 2.38657e-19)
(1.02966 1.15173 6.46203e-21)
(0.954488 1.11286 -1.16503e-19)
(0.869365 1.07182 3.58737e-19)
(0.77376 1.02626 -5.17869e-19)
(0.66441 0.973619 0)
(0.553553 0.917827 1.32154e-18)
(0.455756 0.858439 -8.14138e-19)
(0.359938 0.77371 0)
(0.253333 0.604101 1.61684e-19)
(0.147872 0.76728 3.94832e-19)
(0.156088 2.49705 -4.63362e-19)
(0.21183 3.32403 5.12331e-19)
(0.192158 3.43921 2.77791e-19)
(0.159338 3.46059 3.07118e-19)
(0.137794 3.47073 4.94039e-19)
(0.279831 0.266841 -2.12215e-19)
(0.976698 1.02195 0)
(1.1274 1.20541 3.33917e-19)
(1.13501 1.24158 3.59208e-19)
(1.08212 1.22118 -2.79012e-19)
(1.01208 1.18549 -5.37705e-20)
(0.935907 1.14818 1.00923e-19)
(0.850295 1.10841 2.81404e-20)
(0.753419 1.06508 4.93343e-19)
(0.64146 1.01657 1.08734e-18)
(0.52559 0.966916 7.46366e-20)
(0.416986 0.910711 7.22036e-19)
(0.296416 0.817015 1.28263e-19)
(0.214899 0.943278 -1.6315e-19)
(0.229174 2.35006 -3.66801e-19)
(0.288463 3.32778 3.45322e-19)
(0.272113 3.46851 -3.89781e-19)
(0.236565 3.49017 -2.26718e-19)
(0.199888 3.51731 -1.84382e-19)
(0.149286 3.51082 -1.77551e-20)
(0.269062 0.264456 0)
(0.974732 1.04517 1.00093e-19)
(1.1193 1.22909 -7.03687e-20)
(1.12469 1.26533 -4.43346e-20)
(1.07154 1.24449 -2.01234e-19)
(1.00151 1.20902 6.31106e-20)
(0.925045 1.17191 -4.88394e-20)
(0.839256 1.13296 2.51308e-20)
(0.74189 1.09113 -5.13301e-19)
(0.628731 1.04554 -2.7535e-20)
(0.510151 1.00025 -2.39218e-18)
(0.396567 0.946961 1.02939e-19)
(0.28335 0.884444 -1.20556e-19)
(0.254747 1.49388 -1.51697e-19)
(0.327575 3.10426 3.46827e-20)
(0.34743 3.46739 1.32741e-21)
(0.306681 3.52223 5.70681e-19)
(0.269742 3.5484 2.7794e-19)
(0.221293 3.57129 -6.69496e-20)
(0.164005 3.56691 -8.40591e-20)
(0.253306 0.262502 2.55181e-19)
(0.971301 1.07098 6.90863e-19)
(1.11075 1.25485 -2.03162e-19)
(1.11378 1.29046 -1.68039e-19)
(1.06039 1.26919 0)
(0.990519 1.23375 1.51631e-19)
(0.914047 1.1969 -4.1031e-20)
(0.82835 1.15875 2.18975e-20)
(0.730811 1.11849 -5.72037e-20)
(0.616974 1.07607 -9.81717e-19)
(0.49649 1.03526 -1.10269e-18)
(0.380063 0.98526 -8.39029e-19)
(0.281758 1.0156 -9.18179e-19)
(0.323036 2.21177 9.41144e-19)
(0.413026 3.37923 7.72286e-19)
(0.391012 3.52502 0)
(0.344794 3.56885 0)
(0.306693 3.60832 -5.37588e-20)
(0.256767 3.66638 0)
(0.175978 3.64276 -5.36917e-20)
(0.242774 0.264408 -3.87821e-19)
(0.965744 1.09772 -5.94171e-19)
(1.1008 1.28187 0)
(1.10155 1.31637 1.17892e-20)
(1.04801 1.29451 -2.33072e-19)
(0.97844 1.259 2.68317e-19)
(0.902283 1.22244 -8.76272e-21)
(0.816886 1.18499 1.20459e-20)
(0.719416 1.14625 -3.61091e-19)
(0.605318 1.10695 4.90087e-20)
(0.483786 1.07049 0)
(0.363468 1.02645 0)
(0.305927 1.2733 -8.39708e-19)
(0.404944 2.89036 3.34672e-19)
(0.483731 3.48674 4.2659e-19)
(0.43547 3.55841 0)
(0.395395 3.62053 -2.01986e-20)
(0.359209 3.67642 -8.57343e-20)
(0.312531 3.65902 -1.99579e-19)
(0.20178 3.64541 1.43516e-20)
(0.234958 0.268158 2.50478e-19)
(0.958338 1.12526 0)
(1.08931 1.31013 -4.18652e-19)
(1.08811 1.3434 -9.38183e-20)
(1.03457 1.32072 9.3091e-20)
(0.965517 1.28502 0)
(0.889906 1.24865 4.74026e-21)
(0.805036 1.21182 -3.0932e-20)
(0.707941 1.17458 -4.56141e-20)
(0.594052 1.13835 8.9049e-19)
(0.472362 1.10597 -5.61367e-20)
(0.359374 1.08121 -6.15907e-19)
(0.354784 1.65868 -8.45126e-19)
(0.486945 3.26586 -9.73717e-20)
(0.537442 3.53802 -3.15954e-19)
(0.489934 3.58841 0)
(0.461905 3.65947 1.57093e-19)
(0.423853 3.62002 -1.46686e-19)
(0.336054 3.35215 3.53482e-19)
(0.243817 3.24931 -1.44558e-19)
(0.229854 0.273704 4.9162e-19)
(0.949257 1.15345 0)
(1.07641 1.33956 -2.70144e-19)
(1.07364 1.37162 2.56766e-19)
(1.02033 1.34792 -2.0275e-19)
(0.952035 1.3118 -2.11468e-19)
(0.877192 1.2754 6.31059e-20)
(0.793114 1.23903 -1.5558e-20)
(0.696753 1.20313 0)
(0.583614 1.16974 7.27287e-19)
(0.462646 1.14106 1.7141e-18)
(0.36113 1.15873 -7.1065e-20)
(0.418743 2.11484 -7.96258e-19)
(0.561229 3.43086 0)
(0.578142 3.56692 -2.15805e-19)
(0.54105 3.62664 0)
(0.517117 3.62713 0)
(0.489516 3.3705 -1.29747e-19)
(0.352346 2.21807 0)
(-0.173533 0.0363699 1.21295e-19)
(0.225807 0.280092 -2.43706e-19)
(0.938681 1.18269 -1.91181e-19)
(1.06201 1.37044 -2.76022e-19)
(1.05788 1.40137 3.54911e-19)
(1.00499 1.37659 2.19582e-19)
(0.937656 1.33998 1.7237e-19)
(0.863794 1.3035 -6.25942e-20)
(0.78076 1.26756 3.40006e-20)
(0.685486 1.23304 9.09371e-21)
(0.573626 1.20262 -6.86999e-20)
(0.454106 1.17803 -7.35368e-19)
(0.376061 1.28386 0)
(0.495941 2.62525 -5.18753e-19)
(0.626942 3.50753 -1.87609e-19)
(0.612514 3.58831 -1.88948e-19)
(0.592911 3.61602 1.81713e-20)
(0.54259 3.47134 -1.67653e-19)
(0.391558 2.47532 -1.22112e-19)
(0.0124799 0.223317 0)
(-0.0781484 -0.127106 3.66547e-19)
(0.222335 0.287345 2.38958e-19)
(0.92636 1.21291 -1.92555e-19)
(1.04595 1.40274 -2.66853e-19)
(1.04063 1.43271 -4.65844e-19)
(0.988334 1.40685 2.26288e-19)
(0.922189 1.36974 -1.56844e-19)
(0.84957 1.3332 7.26038e-20)
(0.767874 1.29777 3.52345e-20)
(0.674086 1.26473 2.11974e-19)
(0.564085 1.23739 -5.09045e-19)
(0.448105 1.2187 -1.22111e-18)
(0.407077 1.47692 0)
(0.578114 3.05211 0)
(0.682393 3.5484 3.15252e-20)
(0.648963 3.59695 0)
(0.622449 3.55344 1.69101e-19)
(0.491742 2.94991 3.03675e-19)
(0.105557 0.612124 0)
(-0.0925024 -0.150748 0)
(-0.0535748 -0.0805332 3.00761e-19)
(0.218245 0.294305 -2.35329e-19)
(0.912143 1.24417 1.80893e-19)
(1.02808 1.43645 -6.36392e-21)
(1.02174 1.46558 -3.59518e-19)
(0.970244 1.43862 0)
(0.905545 1.40101 -3.13618e-19)
(0.834459 1.36444 0)
(0.754445 1.32956 -1.46179e-20)
(0.662602 1.29806 2.41299e-19)
(0.555112 1.27386 3.68346e-19)
(0.44538 1.26624 0)
(0.454556 1.73347 4.15584e-19)
(0.653698 3.31241 -3.45811e-19)
(0.725114 3.57246 4.26402e-20)
(0.684934 3.58494 -6.87306e-20)
(0.614807 3.32969 9.00785e-20)
(0.314039 1.76018 -1.47927e-19)
(-0.0726602 -0.0553992 -1.94387e-19)
(-0.101086 -0.16345 -3.39341e-19)
(-0.0368185 -0.053882 -2.65596e-19)
(0.213371 0.301176 6.90535e-19)
(0.895581 1.27633 3.70013e-19)
(1.00818 1.47149 5.34908e-19)
(1.00107 1.49991 -7.41566e-19)
(0.950607 1.47185 4.67622e-19)
(0.887644 1.43371 0)
(0.818419 1.3971 1.1642e-19)
(0.740479 1.36282 -1.29324e-20)
(0.651085 1.3329 -6.71488e-21)
(0.546863 1.31181 -4.04299e-20)
(0.447517 1.3257 -4.11223e-19)
(0.515963 2.05017 6.03821e-20)
(0.721911 3.45411 1.1976e-19)
(0.758684 3.58268 1.35758e-20)
(0.711291 3.51478 6.3629e-20)
(0.534168 2.77774 -8.04836e-21)
(0.0789413 0.284812 2.9302e-19)
(-0.0895315 -0.169069 -3.45791e-19)
(-0.084609 -0.147646 1.04431e-19)
(-0.0267191 -0.0407628 5.94637e-20)
(0.2069 0.306997 0)
(0.876047 1.30928 0)
(0.986027 1.50772 7.40532e-21)
(0.978426 1.5356 0)
(0.929295 1.50639 3.7142e-19)
(0.868405 1.4677 2.1046e-19)
(0.801421 1.43107 0)
(0.725985 1.39742 1.60427e-20)
(0.639596 1.36904 -4.49035e-20)
(0.539523 1.35112 3.68752e-19)
(0.456304 1.40283 0)
(0.589198 2.41814 1.40608e-19)
(0.780278 3.52646 9.26713e-21)
(0.789413 3.57687 -2.15441e-20)
(0.708135 3.3271 1.06174e-19)
(0.351303 1.77126 -3.41612e-21)
(-0.100901 -0.0793899 -5.45163e-19)
(-0.0993281 -0.172861 1.57876e-19)
(-0.0702259 -0.11954 4.2839e-19)
(-0.0185283 -0.0289578 0)
(0.199062 0.311472 -2.17624e-19)
(0.853215 1.34196 7.02886e-19)
(0.961273 1.54475 2.67113e-19)
(0.953603 1.57241 0)
(0.906179 1.54208 -4.43017e-21)
(0.847736 1.5028 -3.71639e-19)
(0.783412 1.46614 2.06298e-19)
(0.710985 1.43314 1.49332e-19)
(0.628173 1.40624 3.56905e-20)
(0.533305 1.39171 1.09022e-19)
(0.473112 1.50443 1.80676e-19)
(0.667808 2.7883 -1.04334e-19)
(0.827825 3.55541 0)
(0.809861 3.54102 -3.49735e-20)
(0.653678 2.97004 -3.06554e-19)
(0.11503 0.418524 -2.10952e-19)
(-0.0977267 -0.172734 -2.52563e-19)
(-0.0968837 -0.174993 7.48203e-20)
(-0.0623334 -0.107582 -4.37106e-20)
(-0.0151382 -0.0247196 3.31769e-22)
(0.189343 0.314009 0)
(0.826707 1.37364 -3.50844e-19)
(0.933537 1.58227 -2.686e-19)
(0.926361 1.61002 9.98273e-21)
(0.881109 1.57862 -1.34735e-19)
(0.825541 1.53873 -2.94248e-19)
(0.764358 1.50204 8.2154e-20)
(0.695488 1.46968 -3.79768e-20)
(0.616833 1.4442 6.67837e-20)
(0.528363 1.43346 4.97052e-20)
(0.498371 1.63431 4.35789e-20)
(0.744715 3.09491 3.93225e-21)
(0.86396 3.56154 8.81322e-20)
(0.814457 3.44855 -7.55044e-21)
(0.53466 2.36981 -1.59678e-19)
(0.00408986 -0.0209586 -2.95039e-19)
(-0.0955784 -0.197247 0)
(-0.0878198 -0.170255 0)
(-0.0528075 -0.0986114 7.29251e-19)
(-0.0120441 -0.0211352 -4.67898e-20)
(0.177446 0.313986 -2.1007e-19)
(0.795887 1.40343 -3.42367e-19)
(0.902374 1.61937 2.60643e-19)
(0.89648 1.64797 0)
(0.85392 1.61561 -2.39401e-19)
(0.801726 1.57511 0)
(0.744209 1.53839 -3.08093e-19)
(0.679503 1.50665 -5.90626e-20)
(0.605604 1.48257 2.79e-20)
(0.524744 1.47656 -5.29543e-20)
(0.532195 1.78793 7.55636e-22)
(0.808415 3.29698 0)
(0.892443 3.55848 -9.53566e-20)
(0.795427 3.28057 2.80958e-21)
(0.34474 1.48703 0)
(-0.1471 -0.100126 -5.78279e-21)
(-0.130658 -0.216227 2.78203e-19)
(-0.086098 -0.176027 -2.57676e-19)
(-0.0436809 -0.0906043 7.54857e-20)
(-0.00930481 -0.0175378 0)
(0.162606 0.31077 2.08429e-19)
(0.759971 1.42966 -3.28607e-19)
(0.867469 1.65534 2.53887e-19)
(0.863663 1.68561 3.52634e-19)
(0.824484 1.65253 0)
(0.776204 1.61146 -1.75724e-19)
(0.722922 1.57472 3.00396e-19)
(0.663006 1.54355 1.05598e-19)
(0.59453 1.5208 0)
(0.522264 1.52175 -1.78324e-19)
(0.571753 1.95847 6.88708e-20)
(0.859075 3.41553 0)
(0.914506 3.54233 1.42236e-19)
(0.751926 3.03045 -4.57157e-21)
(0.178523 0.56104 -2.29036e-19)
(-0.0840132 -0.179109 9.20818e-20)
(-0.102363 -0.257972 2.09829e-19)
(-0.0610562 -0.180053 3.02883e-19)
(-0.0181008 -0.0635122 0)
(-0.00231378 -0.00633239 -6.06605e-19)
(0.145759 0.302448 0)
(0.718444 1.44971 -6.25219e-19)
(0.828212 1.68897 -4.82321e-19)
(0.827761 1.72194 -3.5256e-19)
(0.792692 1.68868 -2.49634e-19)
(0.748926 1.64713 0)
(0.700468 1.61043 -1.16218e-19)
(0.645967 1.57981 -1.03408e-20)
(0.583628 1.55821 2.43979e-19)
(0.520537 1.56899 -2.35302e-20)
(0.613525 2.13359 -6.89842e-20)
(0.897003 3.47902 4.61811e-20)
(0.927763 3.50556 -3.28221e-21)
(0.69087 2.69746 1.181e-19)
(0.0310615 0.147578 2.45479e-19)
(-0.115391 -0.271327 -1.80287e-19)
(-0.093715 -0.30186 1.95355e-19)
(-0.0286437 -0.17388 5.64785e-20)
(0.0188549 -0.0171751 -3.37347e-20)
(0.00986104 0.0151453 -6.02263e-19)
(0.126563 0.288246 9.77841e-19)
(0.670579 1.46106 -6.17974e-19)
(0.78415 1.71826 2.62766e-19)
(0.788574 1.75588 3.41537e-19)
(0.758529 1.72322 0)
(0.719894 1.68137 3.64191e-21)
(0.676842 1.64481 -2.1103e-19)
(0.628353 1.61479 -6.91164e-20)
(0.572863 1.59414 -1.45927e-19)
(0.519758 1.61696 -8.27068e-21)
(0.654994 2.30254 -1.23128e-19)
(0.923363 3.51164 1.27076e-19)
(0.926167 3.44758 -8.29068e-20)
(0.622488 2.32899 1.16402e-19)
(0.0549561 -0.0397834 -1.46934e-19)
(-0.0417899 -0.415083 -8.46392e-20)
(-0.00589759 -0.364263 5.30662e-22)
(0.05369 -0.13052 -2.20399e-19)
(0.0937594 0.0951458 -3.42896e-20)
(0.0389416 0.0779255 0)
(0.104998 0.266578 -9.42929e-20)
(0.615448 1.45948 1.45262e-19)
(0.734801 1.74059 2.29447e-19)
(0.746269 1.7859 5.02371e-19)
(0.72216 1.75512 -4.93626e-19)
(0.689198 1.71332 3.49661e-19)
(0.652106 1.67709 2.27142e-19)
(0.610171 1.64769 -2.2294e-19)
(0.562247 1.62795 4.34052e-20)
(0.519617 1.66332 -2.59752e-19)
(0.693408 2.45542 -5.7226e-20)
(0.940646 3.53127 0)
(0.900344 3.38478 7.5111e-20)
(0.508334 1.94674 0)
(-0.0266121 -0.219588 9.5962e-20)
(-0.0471624 -0.487305 -1.66117e-19)
(0.0165935 -0.318204 -5.10682e-20)
(0.0775531 0.0474007 6.81649e-20)
(0.113794 0.280971 0)
(0.0478851 0.128857 -4.10495e-20)
(0.0823327 0.234799 1.19906e-21)
(0.553673 1.43856 -1.38736e-19)
(0.680557 1.75266 -4.37774e-19)
(0.701303 1.81036 1.71592e-19)
(0.68398 1.78322 -1.17363e-19)
(0.657089 1.74204 0)
(0.626331 1.70638 -1.20878e-19)
(0.591513 1.67763 -1.55023e-19)
(0.551787 1.65876 -1.11343e-19)
(0.51935 1.70452 0)
(0.725637 2.56408 0)
(0.956176 3.55278 -7.58936e-20)
(0.858642 3.36698 8.15327e-20)
(0.354616 1.55622 -5.49842e-20)
(-0.204501 -0.301059 -2.21954e-19)
(-0.214564 -0.487688 1.85835e-19)
(-0.0903264 -0.132073 6.31471e-20)
(0.0129562 0.198616 0)
(0.0513073 0.250208 -6.5052e-19)
(0.0199889 0.0685268 -2.29727e-20)
(0.0587217 0.188916 -6.53646e-19)
(0.486966 1.38974 1.30351e-19)
(0.623255 1.74957 -1.0058e-19)
(0.654255 1.82759 -3.13245e-19)
(0.644949 1.80678 -2.31839e-19)
(0.623941 1.76652 -6.22839e-21)
(0.599708 1.73179 -1.11975e-19)
(0.572319 1.70367 1.57758e-19)
(0.54134 1.68537 -2.23973e-19)
(0.519159 1.73375 0)
(0.749511 2.60962 -7.34886e-20)
(0.996686 3.57642 -9.02971e-20)
(0.889386 3.39029 -1.60882e-19)
(0.301876 1.52393 0)
(-0.385027 -0.297633 -1.2723e-19)
(-0.395122 -0.549547 -2.31789e-19)
(-0.186856 -0.183067 5.6318e-19)
(-0.0379034 0.1019 -5.33703e-19)
(0.00389883 0.104231 7.51639e-19)
(-0.00241905 0.00243023 -7.69054e-19)
(0.0362076 0.134732 -7.48819e-20)
(0.413891 1.30144 0)
(0.563993 1.72521 6.52422e-19)
(0.606464 1.83472 2.10629e-19)
(0.605993 1.82508 2.07425e-19)
(0.590329 1.78601 0)
(0.572404 1.75253 1.1125e-19)
(0.552284 1.72483 1.61234e-19)
(0.530572 1.7059 1.16222e-19)
(0.52053 1.74944 2.35436e-19)
(0.760119 2.59565 0)
(1.06262 3.57948 -1.10782e-19)
(1.05069 3.43985 -1.7433e-19)
(0.566888 1.80315 -1.27641e-19)
(-0.164078 -0.255619 8.65071e-19)
(-0.279715 -0.74982 6.84092e-20)
(-0.155933 -0.491241 2.6813e-19)
(-0.00543223 -0.0474157 -1.06884e-18)
(0.0166932 0.0399513 3.86149e-20)
(-0.00953075 -0.0367668 -2.00018e-20)
(0.017965 0.0789464 9.90216e-19)
(0.333693 1.15572 -4.36924e-19)
(0.502194 1.66951 -2.5722e-19)
(0.558634 1.828 6.51764e-20)
(0.567226 1.83542 -1.01884e-19)
(0.556861 1.80037 2.92194e-19)
(0.544495 1.7681 -4.92233e-21)
(0.530682 1.74063 0)
(0.517656 1.71887 -2.2329e-19)
(0.51784 1.75035 0)
(0.742898 2.49577 0)
(1.08299 3.51278 -8.29025e-20)
(1.14545 3.33682 -3.34663e-20)
(0.913038 2.11276 -4.81625e-20)
(0.324217 -0.146066 0)
(0.0344592 -0.767018 0)
(0.00500116 -0.536808 -1.01596e-19)
(0.075592 -0.0107704 2.3073e-20)
(0.0643291 0.159918 -1.8325e-19)
(0.00500852 0.00945295 -1.06445e-20)
(0.00560935 0.0300678 0)
(0.240388 0.917876 4.89822e-20)
(0.436353 1.5654 0)
(0.512357 1.80267 -1.18722e-19)
(0.529721 1.83611 0)
(0.524257 1.81019 -1.40268e-19)
(0.515674 1.77918 5.07712e-20)
(0.506784 1.75114 -7.39548e-20)
(0.499187 1.72536 1.95321e-21)
(0.502846 1.73799 3.94749e-20)
(0.656453 2.32415 1.36885e-19)
(0.991505 3.42127 -4.91969e-21)
(0.970335 3.29126 2.13993e-21)
(0.76698 2.32116 1.01581e-19)
(0.18801 0.220511 -1.33786e-19)
(-0.222464 -0.283009 1.50304e-19)
(-0.293498 -0.398666 -1.20159e-21)
(-0.0362479 0.0636778 0)
(0.102123 0.39152 4.21935e-21)
(0.0406025 0.180447 0)
(4.83338e-05 -0.00517896 1.9303e-19)
(0.140425 0.590737 -5.26011e-22)
(0.356656 1.36888 1.71575e-20)
(0.465513 1.74614 0)
(0.493341 1.82882 -6.08485e-20)
(0.493309 1.81907 -6.3703e-20)
(0.486014 1.78709 -2.3718e-20)
(0.479531 1.75852 -6.7716e-20)
(0.474233 1.72908 0)
(0.475247 1.72601 7.05869e-20)
(0.552279 2.1519 1.92695e-21)
(0.833806 3.3777 1.5349e-20)
(0.774566 3.42138 2.26846e-20)
(0.565707 2.75649 3.99582e-20)
(0.0698326 1.38451 0)
(-0.414256 0.275203 1.75425e-19)
(-0.671209 -0.579738 2.55405e-19)
(-0.616289 -1.0627 2.46907e-19)
(-0.332446 -0.874366 -2.20613e-19)
(-0.0107218 0.195506 2.39424e-19)
(-0.000857574 -0.0247222 9.79136e-20)
(0.0560027 0.244805 9.68945e-21)
(0.242207 1.00452 7.0291e-20)
(0.404406 1.61363 0)
(0.455628 1.80475 0)
(0.461425 1.82085 -4.27244e-20)
(0.455676 1.79416 -2.15186e-20)
(0.449518 1.7652 0)
(0.445554 1.73346 6.43558e-34)
(0.441005 1.72337 1.56724e-20)
(0.497761 1.99175 0)
(0.79767 3.29707 1.88873e-20)
(0.843608 3.6084 -2.12063e-20)
(0.760303 3.39405 5.23361e-20)
(0.429395 2.07602 -2.01579e-20)
(0.191212 1.01554 -1.44709e-20)
(-0.00247416 -0.182412 0)
(-0.144539 -1.08992 9.45855e-21)
(-0.217879 -1.74394 9.34882e-21)
(-0.0744547 -1.00928 1.90106e-19)
(0.000234165 -0.0512631 0)
(0.0180521 0.0326201 0)
(0.113322 0.501197 0)
(0.31085 1.3352 0)
(0.410347 1.74156 0)
(0.428075 1.81634 0)
(0.426039 1.80371 0)
(0.419984 1.77048 0)
(0.414091 1.73947 0)
(0.421097 1.71606 0)
(0.461065 1.86762 0)
(0.829901 3.0689 0)
(1.03412 3.60745 0)
(1.12529 3.53327 0)
(1.02273 2.82159 0)
(0.766859 1.59847 0)
(0.56306 0.403811 0)
(0.338434 -0.59993 0)
(0.132643 -1.31849 0)
(0.00830503 -1.23784 0)
(-5.96472e-05 -0.0608699 0)
(0.00696409 -0.0518971 0)
(0.0440506 0.17194 0)
(0.202444 0.944975 0)
(0.351605 1.61349 0)
(0.392129 1.80223 0)
(0.393587 1.81006 0)
(0.386739 1.77614 0)
(0.384204 1.73808 0)
(0.394874 1.7026 0)
(0.424595 1.76161 0)
(0.761664 2.60716 0)
(1.07583 3.34759 0)
(1.23129 3.34209 0)
(1.25153 2.94052 0)
(1.12841 2.03543 0)
(0.84993 1.02383 0)
(0.545106 0.137026 0)
(0.264381 -0.555161 0)
(0.0398866 -0.761681 0)
(-0.00029075 -0.0635533 0)
(0.00249669 -0.0875027 0)
(0.0222227 0.0246924 0)
(0.109497 0.55239 0)
(0.279954 1.41553 0)
(0.349531 1.76794 0)
(0.355815 1.81055 0)
(0.351776 1.77979 0)
(0.349178 1.73678 0)
(0.352156 1.69113 0)
(0.381456 1.68998 0)
(0.527198 2.09629 0)
(0.944614 3.05299 0)
(1.11463 3.19803 0)
(1.15155 2.98577 0)
(1.04172 2.39072 0)
(0.810445 1.65084 0)
(0.521792 0.94864 0)
(0.251375 0.328477 0)
(0.0318458 -0.116496 0)
(-0.000705726 -0.0633022 0)
(-0.00111264 -0.108524 0)
(0.0118486 -0.0574485 0)
(0.0552681 0.272132 0)
(0.203649 1.17186 0)
(0.298468 1.70783 0)
(0.313927 1.80747 0)
(0.311456 1.7861 0)
(0.306443 1.73683 0)
(0.304675 1.67551 0)
(0.329745 1.65601 0)
(0.371032 1.84532 0)
(0.715621 2.74719 0)
(0.865643 3.11101 0)
(0.85709 3.05236 0)
(0.775122 2.72898 0)
(0.590892 2.20428 0)
(0.370983 1.65722 0)
(0.168306 1.08731 0)
(0.0180452 0.391084 0)
(-0.00570482 -0.0399433 0)
(-0.0167674 -0.10688 0)
(-0.0117243 -0.111191 0)
(0.0195094 0.118319 0)
(0.133219 0.92669 0)
(0.243403 1.62422 0)
(0.268787 1.80142 0)
(0.265227 1.79409 0)
(0.259687 1.73725 0)
(0.255991 1.67158 0)
(0.2749 1.63737 0)
(0.290415 1.73477 0)
(0.464938 2.4717 0)
(0.611982 3.06775 0)
(0.570685 3.1237 0)
(0.511013 3.00812 0)
(0.374142 2.63254 0)
(0.220366 2.17593 0)
(0.0890245 1.60948 0)
(0.0048749 0.663452 0)
(-0.00847151 0.0197803 0)
(-0.012038 -0.0932387 0)
(0.0104602 -0.146995 0)
(0.0373705 0.0187758 0)
(0.10101 0.699827 0)
(0.2005 1.5301 0)
(0.222755 1.79459 0)
(0.213912 1.80056 0)
(0.207552 1.7403 0)
(0.20603 1.6702 0)
(0.219808 1.62753 0)
(0.231837 1.69226 0)
(0.284234 2.28409 0)
(0.390969 3.04579 0)
(0.356345 3.20657 0)
(0.303471 3.18767 0)
(0.209115 2.93199 0)
(0.110215 2.51058 0)
(0.0346371 1.91252 0)
(-0.00217166 0.753095 0)
(0.00542295 0.00874453 0)
(0.0691167 -0.233942 0)
(0.14918 -0.281793 0)
(0.178943 -0.00630895 0)
(0.135046 0.5592 0)
(0.176114 1.45812 0)
(0.169161 1.79659 0)
(0.153424 1.80749 0)
(0.148355 1.74138 0)
(0.155144 1.66427 0)
(0.16754 1.61891 0)
(0.176883 1.67725 0)
(0.183675 2.19179 0)
(0.23366 3.0434 0)
(0.205041 3.28054 0)
(0.161808 3.31157 0)
(0.103429 3.13161 0)
(0.042577 2.7036 0)
(0.00549508 2.06203 0)
(-0.00415264 0.743502 0)
(0.0345506 -0.23877 0)
(0.147031 -0.560261 0)
(0.202737 -0.435477 0)
(0.187609 0.0518395 0)
(0.120875 0.628309 0)
(0.0980748 1.46656 0)
(0.0798972 1.81378 0)
(0.0749221 1.81186 0)
(0.0822064 1.73493 0)
(0.101612 1.65226 0)
(0.119617 1.61055 0)
(0.129816 1.67229 0)
(0.119918 2.16739 0)
(0.134623 3.04967 0)
(0.10893 3.33164 0)
(0.0761601 3.39271 0)
(0.0416939 3.25346 0)
(0.00769267 2.80158 0)
(-0.00890202 2.12108 0)
(-0.00473367 0.693824 0)
(0.0423296 -0.591862 0)
(0.0895467 -0.741169 0)
(0.0812544 -0.390955 0)
(0.0482019 0.148301 0)
(-0.00885855 0.765093 0)
(-0.0562243 1.51651 0)
(-0.0525005 1.81757 0)
(-0.0225701 1.79901 0)
(0.0117528 1.71687 0)
(0.0473281 1.63486 0)
(0.0738908 1.59813 0)
(0.0905583 1.66882 0)
(0.0775643 2.18544 0)
(0.0689325 3.07577 0)
(0.0496191 3.37343 0)
(0.0279615 3.44489 0)
(0.00914835 3.31968 0)
(-0.00673145 2.84597 0)
(-0.0134413 2.13431 0)
(-0.00381768 0.637102 0)
(0.0178572 -0.723406 0)
(-0.00333412 -0.695246 0)
(-0.0555909 -0.282282 0)
(-0.116356 0.26584 0)
(-0.186271 0.911578 0)
(-0.230078 1.56219 0)
(-0.189181 1.76248 0)
(-0.118086 1.75168 0)
(-0.0557896 1.67892 0)
(-0.00400344 1.60756 0)
(0.0308673 1.57892 0)
(0.0567337 1.65994 0)
(0.047481 2.2144 0)
(0.025256 3.1013 0)
(0.00835256 3.40189 0)
(-0.00353053 3.47529 0)
(-0.0106235 3.35005 0)
(-0.0151909 2.86243 0)
(-0.0163273 2.12629 0)
(-0.00326531 0.583829 0)
(-0.0155546 -0.630855 0)
(-0.0887672 -0.494474 0)
(-0.176747 -0.0829704 0)
(-0.267305 0.449798 0)
(-0.34174 1.05095 0)
(-0.34545 1.51238 0)
(-0.270852 1.65833 0)
(-0.184078 1.66742 0)
(-0.107258 1.62306 0)
(-0.046786 1.57079 0)
(-0.00690684 1.55144 0)
(0.0217926 1.64119 0)
(0.0159198 2.25063 0)
(-0.00826509 3.12262 0)
(-0.0176633 3.41434 0)
(-0.0224264 3.48373 0)
(-0.0224783 3.35245 0)
(-0.0195392 2.86058 0)
(-0.0171755 2.10107 0)
(-0.00247355 0.534302 0)
(-0.0324079 -0.392292 0)
(-0.122689 -0.208886 0)
(-0.221765 0.170766 0)
(-0.31705 0.635843 0)
(-0.373544 1.10978 0)
(-0.355816 1.41541 0)
(-0.285472 1.5401 0)
(-0.206536 1.57385 0)
(-0.134209 1.56008 0)
(-0.0770198 1.53033 0)
(-0.0401559 1.52442 0)
(-0.0158171 1.62547 0)
(-0.0204932 2.28383 0)
(-0.0366772 3.13953 0)
(-0.0381603 3.4194 0)
(-0.034471 3.48262 0)
(-0.0282672 3.34112 0)
(-0.0216738 2.85022 0)
(-0.0169115 2.06619 0)
(-0.00198066 0.491811 0)
(-0.0299916 -0.130207 0)
(-0.108944 0.0777065 0)
(-0.195726 0.41027 0)
(-0.273982 0.787615 0)
(-0.315121 1.13293 0)
(-0.296793 1.3413 0)
(-0.252166 1.45119 0)
(-0.19514 1.49825 0)
(-0.139185 1.50595 0)
(-0.0931892 1.49614 0)
(-0.0660822 1.50524 0)
(-0.0558897 1.61902 0)
(-0.0552466 2.29183 0)
(-0.0534097 3.1389 0)
(-0.0473359 3.4089 0)
(-0.0400854 3.46812 0)
(-0.0305089 3.31789 0)
(-0.0223287 2.83459 0)
(-0.0164078 2.02422 0)
(-0.00147994 0.455035 0)
(-0.0195616 0.0763521 0)
(-0.0754056 0.307655 0)
(-0.138442 0.601838 0)
(-0.195454 0.906312 0)
(-0.226617 1.1581 0)
(-0.223116 1.30979 0)
(-0.201644 1.40183 0)
(-0.167281 1.44832 0)
(-0.129442 1.46764 0)
(-0.0969983 1.47152 0)
(-0.0793155 1.49448 0)
(-0.0814068 1.62217 0)
(-0.0769368 2.26451 0)
(-0.0572412 3.12584 0)
(-0.0457283 3.39233 0)
(-0.0364474 3.44897 0)
(-0.0263394 3.29337 0)
(-0.0203528 2.82148 0)
(-0.0150182 1.98042 0)
(-0.000981562 0.424286 0)
(-0.010071 0.204563 0)
(-0.0444318 0.466327 0)
(-0.0866254 0.737496 0)
(-0.1265 0.994587 0)
(-0.151797 1.18812 0)
(-0.158068 1.30406 0)
(-0.151584 1.3779 0)
(-0.134421 1.41835 0)
(-0.112078 1.44238 0)
(-0.0905239 1.4551 0)
(-0.0795457 1.4902 0)
(-0.0873104 1.62997 0)
(-0.0816303 2.21795 0)
(-0.0474751 3.10551 0)
(-0.0351861 3.37618 0)
(-0.0286556 3.43183 0)
(-0.0217223 3.27512 0)
(-0.0197504 2.81542 0)
(-0.014576 1.93497 0)
(-0.000585556 0.399736 0)
(-0.00429832 0.272093 0)
(-0.0230486 0.565883 0)
(-0.049866 0.828253 0)
(-0.0771038 1.05879 0)
(-0.0974078 1.21871 0)
(-0.107925 1.31207 0)
(-0.109454 1.37087 0)
(-0.10258 1.40307 0)
(-0.0907308 1.42769 0)
(-0.0763643 1.44484 0)
(-0.0694693 1.49063 0)
(-0.0772336 1.63608 0)
(-0.0720634 2.16991 0)
(-0.0311575 3.08174 0)
(-0.0219687 3.36505 0)
(-0.0200095 3.42235 0)
(-0.0189286 3.26944 0)
(-0.0206589 2.81591 0)
(-0.0143672 1.88289 0)
(-0.000363162 0.379477 0)
(-0.00129212 0.301677 0)
(-0.00992357 0.622754 0)
(-0.0259238 0.886772 0)
(-0.0440404 1.10453 0)
(-0.0597415 1.24644 0)
(-0.0707908 1.32527 0)
(-0.0758292 1.37249 0)
(-0.0747329 1.39682 0)
(-0.0690808 1.41929 0)
(-0.0588913 1.43694 0)
(-0.0528769 1.48893 0)
(-0.0549135 1.63912 0)
(-0.0514599 2.13372 0)
(-0.0140455 3.05818 0)
(-0.0117031 3.36549 0)
(-0.0162062 3.42485 0)
(-0.019164 3.27308 0)
(-0.024862 2.81995 0)
(-0.014184 1.82088 0)
(-0.000271462 0.36274 0)
(0.000146351 0.310063 0)
(-0.00238605 0.650914 0)
(-0.0109615 0.922854 0)
(-0.0225563 1.13613 0)
(-0.034194 1.26941 0)
(-0.0441593 1.33906 0)
(-0.0503095 1.37754 0)
(-0.0517927 1.39504 0)
(-0.0492222 1.4143 0)
(-0.0407848 1.43066 0)
(-0.0336139 1.48458 0)
(-0.0283635 1.63782 0)
(-0.0278999 2.11499 0)
(-0.00430569 3.03709 0)
(-0.00677569 3.37558 0)
(-0.0171383 3.43937 0)
(-0.0256281 3.28937 0)
(-0.0309665 2.81545 0)
(-0.0143044 1.74788 0)
(-0.000412008 0.346547 0)
(0.00079031 0.307832 0)
(0.00155112 0.660677 0)
(-0.00201423 0.943417 0)
(-0.00899646 1.15727 0)
(-0.0172915 1.28746 0)
(-0.025607 1.35172 0)
(-0.0315677 1.38378 0)
(-0.0337743 1.39564 0)
(-0.0325655 1.41106 0)
(-0.0248188 1.42438 0)
(-0.0146969 1.47567 0)
(-0.00222236 1.63177 0)
(-0.00667136 2.11626 0)
(-0.00218874 3.02896 0)
(-0.00897147 3.3928 0)
(-0.0228114 3.46198 0)
(-0.0330396 3.30694 0)
(-0.0346198 2.79734 0)
(-0.0132509 1.67021 0)
(-0.000474928 0.330118 0)
(0.00103152 0.300353 0)
(0.00348186 0.65943 0)
(0.00311146 0.953346 0)
(-0.000772698 1.17085 0)
(-0.00653867 1.30106 0)
(-0.0131562 1.36238 0)
(-0.01838 1.38963 0)
(-0.020601 1.39694 0)
(-0.0197754 1.40827 0)
(-0.0119558 1.41712 0)
(0.0014016 1.46242 0)
(0.0184079 1.6229 0)
(0.0102603 2.1369 0)
(-0.00212563 3.03196 0)
(-0.0160127 3.41739 0)
(-0.0313002 3.48817 0)
(-0.0405269 3.32067 0)
(-0.0368362 2.76015 0)
(-0.0123092 1.59453 0)
(-0.00057188 0.313771 0)
(0.0010516 0.29121 0)
(0.00416927 0.652283 0)
(0.00565485 0.956283 0)
(0.00380544 1.17925 0)
(-0.000186323 1.31115 0)
(-0.00541083 1.37113 0)
(-0.00976089 1.39456 0)
(-0.011925 1.39836 0)
(-0.0111382 1.40543 0)
(-0.00401027 1.40908 0)
(0.0113892 1.4464 0)
(0.0297074 1.61248 0)
(0.0186098 2.17163 0)
(-0.0111799 3.05242 0)
(-0.0282389 3.44438 0)
(-0.0417973 3.5112 0)
(-0.0471007 3.3226 0)
(-0.0364755 2.70591 0)
(-0.0113083 1.52409 0)
(-0.00065377 0.297215 0)
(0.000975624 0.28199 0)
(0.00408915 0.642702 0)
(0.00642525 0.954922 0)
(0.00593324 1.18423 0)
(0.00309884 1.31879 0)
(-0.00109656 1.37833 0)
(-0.00487275 1.3988 0)
(-0.00715656 1.39994 0)
(-0.00700014 1.40318 0)
(-0.00100159 1.40078 0)
(0.0131325 1.43019 0)
(0.0290471 1.60317 0)
(0.0136546 2.2171 0)
(-0.0254263 3.08417 0)
(-0.0422459 3.46847 0)
(-0.0514027 3.52593 0)
(-0.0509114 3.30993 0)
(-0.0341021 2.63956 0)
(-0.0102135 1.46092 0)
(-0.000703597 0.280803 0)
(0.000833027 0.273734 0)
(0.00353692 0.632924 0)
(0.00608911 0.951374 0)
(0.00631051 1.18707 0)
(0.00420332 1.3249 0)
(0.000672727 1.38455 0)
(-0.00279938 1.40288 0)
(-0.00545827 1.40209 0)
(-0.00667897 1.40211 0)
(-0.00299318 1.3946 0)
(0.00612533 1.4177 0)
(0.0157161 1.59813 0)
(-0.00257039 2.26809 0)
(-0.0432062 3.11862 0)
(-0.0567244 3.48577 0)
(-0.0590804 3.52807 0)
(-0.0518246 3.27984 0)
(-0.0302466 2.56792 0)
(-0.00896027 1.40617 0)
(-0.000691952 0.265167 0)
(0.000656348 0.267025 0)
(0.0027487 0.624466 0)
(0.00498191 0.94712 0)
(0.00548691 1.1887 0)
(0.00382605 1.33003 0)
(0.000614159 1.39022 0)
(-0.00289138 1.40711 0)
(-0.00603042 1.40519 0)
(-0.00846257 1.40289 0)
(-0.00952805 1.39307 0)
(-0.00824174 1.41254 0)
(-0.00808623 1.60022 0)
(-0.0266195 2.31689 0)
(-0.063187 3.14842 0)
(-0.0679352 3.48883 0)
(-0.0629249 3.5162 0)
(-0.0487875 3.23547 0)
(-0.0251329 2.49775 0)
(-0.00743208 1.36058 0)
(-0.000584543 0.251239 0)
(0.000457299 0.262177 0)
(0.00183323 0.61824 0)
(0.00338904 0.943292 0)
(0.00394562 1.18967 0)
(0.00252114 1.33451 0)
(-0.0005533 1.39564 0)
(-0.0042337 1.41176 0)
(-0.00821792 1.40946 0)
(-0.0127527 1.40634 0)
(-0.0179519 1.39653 0)
(-0.0256987 1.41614 0)
(-0.0366984 1.61118 0)
(-0.0514927 2.35564 0)
(-0.0776447 3.16433 0)
(-0.0729317 3.47795 0)
(-0.0611743 3.49044 0)
(-0.0423405 3.18325 0)
(-0.0195803 2.43531 0)
(-0.00574846 1.32416 0)
(-0.000378649 0.240168 0)
(5.35596e-05 0.0881441 0)
(0.000438765 0.437734 0)
(0.00108818 0.785122 0)
(0.00182482 1.07826 0)
(0.00152758 1.27866 0)
(-0.000654242 1.37891 0)
(-0.00425861 1.41383 0)
(-0.0085205 1.41734 0)
(-0.0141501 1.41474 0)
(-0.0219097 1.41036 0)
(-0.034584 1.40553 0)
(-0.0531424 1.49223 0)
(-0.0713034 1.91562 0)
(-0.0767101 2.85202 0)
(-0.0760189 3.35915 0)
(-0.0626017 3.47599 0)
(-0.0438055 3.33327 0)
(-0.0235463 2.80394 0)
(-0.00931968 1.85672 0)
(-0.000440419 0.231741 0)
(0.112457 2.65601 -1.44467e-22)
(0.115113 3.53515 0)
(0.113365 3.58245 1.18947e-19)
(0.114679 3.52589 -2.50623e-19)
(0.107986 3.48132 2.89929e-19)
(0.0985086 3.45598 7.27922e-19)
(0.0904647 3.43769 -8.39594e-19)
(0.0804412 3.40327 -4.02655e-19)
(0.0524964 2.9779 -4.0397e-19)
(0.0125151 0.742529 1.75492e-21)
(0.0622616 2.35993 -1.47219e-19)
(0.0586004 3.42629 -2.0503e-19)
(0.0657233 3.53226 0)
(0.0693321 3.49114 6.18749e-19)
(0.0683414 3.45689 -3.50406e-19)
(0.0650839 3.43813 4.14589e-19)
(0.0614823 3.42747 -1.36358e-20)
(0.0568457 3.41079 -4.60798e-19)
(0.0440628 3.0468 -4.90485e-19)
(-0.00710262 0.833169 -7.78414e-21)
(0.0409603 2.25871 4.40217e-19)
(0.0315017 3.37797 3.97473e-21)
(0.0348055 3.49526 -3.41228e-19)
(0.0397302 3.46232 1.16297e-20)
(0.0419359 3.43516 4.92132e-22)
(0.0428392 3.42176 0)
(0.0443002 3.4164 -4.72148e-19)
(0.0464409 3.40862 -4.92332e-19)
(0.0398229 3.08383 5.09861e-19)
(-0.0104008 0.876243 5.20945e-19)
(0.0252266 2.21998 1.51041e-19)
(0.0127263 3.35132 -4.92582e-19)
(0.0137682 3.46569 -3.59376e-19)
(0.019943 3.43731 1.29608e-20)
(0.0248048 3.41489 -2.24482e-19)
(0.0291337 3.40495 -2.23787e-19)
(0.0344975 3.40264 -2.5036e-19)
(0.0404631 3.40049 8.14108e-21)
(0.0375415 3.11443 2.55641e-19)
(-0.0120293 0.917671 6.19512e-21)
(0.0139841 2.21781 -1.77432e-19)
(-0.00264682 3.33815 1.20228e-20)
(-0.000272696 3.43991 4.17125e-19)
(0.00698672 3.41413 2.3335e-19)
(0.0140199 3.39471 0)
(0.0209559 3.38673 1.55307e-20)
(0.028911 3.38618 8.32044e-21)
(0.0373352 3.38849 -2.78501e-19)
(0.0377975 3.14025 -8.74834e-21)
(-0.0129292 0.960838 2.87387e-19)
(0.00726457 2.24791 2.14825e-19)
(-0.0144591 3.33171 6.63717e-21)
(-0.00980089 3.41595 -2.3901e-19)
(-0.0015605 3.39117 -2.3326e-19)
(0.00708238 3.3735 2.35636e-19)
(0.016082 3.36653 -2.47266e-19)
(0.026072 3.36706 0)
(0.0366355 3.37298 -5.81467e-19)
(0.0407231 3.16224 2.9814e-19)
(-0.012904 1.01228 -6.15415e-19)
(-0.000132593 2.30107 3.57152e-21)
(-0.023582 3.32783 0)
(-0.0174431 3.39241 -2.445e-19)
(-0.00786588 3.36708 0)
(0.00230655 3.3502 -2.81709e-19)
(0.0132258 3.34361 0)
(0.0252202 3.34475 -2.94488e-20)
(0.038035 3.35356 -3.05803e-19)
(0.0461283 3.18054 -4.98649e-21)
(-0.0115307 1.07878 3.24543e-19)
(-0.00846873 2.37343 1.91362e-21)
(-0.0322832 3.32313 -2.72995e-19)
(-0.0246326 3.36679 2.81461e-19)
(-0.0133853 3.34024 0)
(-0.00141579 3.32352 0)
(0.0116249 3.31693 0)
(0.0258618 3.31837 -3.31e-19)
(0.0412984 3.32948 6.7379e-23)
(0.0536942 3.19381 -3.44361e-19)
(-0.0083098 1.16473 3.61652e-19)
(-0.0202341 2.46342 4.2256e-21)
(-0.0421899 3.3139 1.30165e-20)
(-0.0324527 3.3364 2.79341e-19)
(-0.0188512 3.30873 0)
(-0.00452354 3.29197 0)
(0.0109727 3.28538 2.1107e-20)
(0.02772 3.28712 3.27162e-19)
(0.0460946 3.30008 3.71946e-19)
(0.0627403 3.20126 3.51246e-19)
(-0.00241702 1.27884 0)
(-0.0368325 2.56997 5.89867e-19)
(-0.0535187 3.29607 -1.46009e-22)
(-0.0409375 3.29902 1.56012e-19)
(-0.0243102 3.27114 3.12159e-19)
(-0.00702391 3.25474 2.16039e-22)
(0.0112358 3.24848 -3.3966e-19)
(0.0305317 3.25066 4.00476e-19)
(0.0516316 3.26493 5.7936e-19)
(0.0714716 3.20093 -6.37584e-21)
(0.00629583 1.42733 2.05704e-19)
(-0.0574724 2.68958 -1.69251e-19)
(-0.0648956 3.26667 1.66041e-19)
(-0.0485479 3.25387 3.80292e-19)
(-0.0289112 3.22781 2.36073e-20)
(-0.00875101 3.21268 0)
(0.0118593 3.20713 -1.98632e-19)
(0.0333881 3.20961 -2.15069e-19)
(0.0565098 3.22425 -1.34846e-20)
(0.0786196 3.19115 0)
(0.0173584 1.61324 -4.60115e-19)
(-0.0778371 2.81266 -5.68955e-21)
(-0.0732398 3.22573 -1.17818e-20)
(-0.0530146 3.20357 -1.9407e-19)
(-0.0311177 3.18063 -2.37242e-19)
(-0.00954536 3.16737 2.45461e-19)
(0.0119263 3.16278 4.7104e-19)
(0.0345215 3.16558 -2.34329e-19)
(0.0586747 3.17968 -1.47183e-20)
(0.0825391 3.17192 -7.62657e-21)
(0.0296876 1.83569 -5.0333e-19)
(-0.0913537 2.92666 3.52583e-23)
(-0.0752178 3.17757 -2.01092e-19)
(-0.0531546 3.15085 2.13316e-19)
(-0.0313669 3.13033 0)
(-0.009648 3.11845 -5.83838e-20)
(0.0121319 3.11514 3.01194e-20)
(0.034429 3.1193 -1.27222e-19)
(0.0572627 3.13372 -2.68864e-19)
(0.0812178 3.14467 -1.66419e-20)
(0.0401274 2.09274 0)
(-0.0942779 3.01574 6.73443e-21)
(-0.0734326 3.12383 -1.42683e-20)
(-0.0529637 3.09452 1.22062e-19)
(-0.0316878 3.07642 1.20477e-19)
(-0.00940219 3.06692 9.74561e-20)
(0.0129867 3.06519 0)
(0.0351919 3.06996 0)
(0.0563527 3.08474 1.59805e-19)
(0.0780192 3.10954 1.45966e-19)
(0.0469661 2.3799 0)
(-0.0977961 3.04861 4.21284e-20)
(-0.0710078 3.05621 1.22738e-19)
(-0.0468826 3.03637 0)
(-0.0257862 3.02728 3.30069e-20)
(-0.00708271 3.02307 4.79673e-24)
(0.0102437 3.02263 3.47388e-20)
(0.0288049 3.02483 -7.12036e-20)
(0.0498285 3.03302 7.64409e-20)
(0.0801908 3.05608 1.94228e-20)
(0.0507453 2.66631 8.40264e-20)
(-0.0535103 2.99789 -2.89625e-22)
(-0.0251299 2.99975 -2.95808e-20)
(-0.0133978 3.00074 0)
(-0.00719891 3.00081 2.93073e-20)
(-0.00245456 3.00129 -2.8831e-20)
(0.00234769 3.00077 3.04074e-20)
(0.00694079 2.99996 0)
(0.0138842 2.9995 3.31031e-20)
(0.0297378 2.99957 -3.51187e-20)
(0.0276271 2.90801 0)
(0.533116 -0.0342551 0)
(1.05541 -0.0888855 0)
(1.04644 -0.072588 0)
(1.02121 -0.0477855 0)
(1.00962 -0.0300919 0)
(1.00448 -0.0182196 0)
(1.00225 -0.0109632 0)
(1.00125 -0.00650031 0)
(1.00076 -0.00352612 0)
(1.00054 -0.00128677 0)
(1.0005 0.000702322 0)
(1.00062 0.00277188 0)
(1.00095 0.00528445 0)
(1.00165 0.00886324 0)
(1.00317 0.0144602 0)
(1.00655 0.0237214 0)
(1.0144 0.0384431 0)
(1.03128 0.0591838 0)
(1.06137 0.0846505 0)
(0.939235 0.0856336 0)
(0.263613 -0.00534347 0)
(1.00618 -0.0568959 0)
(1.10348 -0.0580619 0)
(1.06866 -0.0479425 0)
(1.03965 -0.0387703 0)
(1.0218 -0.0292284 0)
(1.01193 -0.0202976 0)
(1.00683 -0.0130112 0)
(1.00424 -0.00732875 0)
(1.00302 -0.00267589 0)
(1.00277 0.00160039 0)
(1.00344 0.00599025 0)
(1.00521 0.0109772 0)
(1.00885 0.017324 0)
(1.01599 0.0253701 0)
(1.02945 0.0346653 0)
(1.05253 0.0439267 0)
(1.08838 0.0536675 0)
(1.09206 0.0591355 0)
(0.723369 0.0309922 0)
(0.19209 -0.000795988 0)
(0.883935 -0.0300389 0)
(1.10318 -0.0460559 0)
(1.08905 -0.0415879 0)
(1.05862 -0.0345145 0)
(1.03787 -0.0282396 0)
(1.02383 -0.0220108 0)
(1.01495 -0.0155965 0)
(1.00978 -0.00935873 0)
(1.00716 -0.00344934 0)
(1.00659 0.00234468 0)
(1.00804 0.00814195 0)
(1.01172 0.0140447 0)
(1.01851 0.0202604 0)
(1.02977 0.0264088 0)
(1.04692 0.0323583 0)
(1.07192 0.0387325 0)
(1.10345 0.0455526 0)
(1.04791 0.0426311 0)
(0.563095 0.0101721 0)
(0.163918 -0.000566505 0)
(0.784747 -0.0174313 0)
(1.0845 -0.0368468 0)
(1.09922 -0.0369371 0)
(1.06884 -0.031822 0)
(1.04753 -0.0263927 0)
(1.03296 -0.0209516 0)
(1.02282 -0.0154725 0)
(1.01611 -0.00968136 0)
(1.01234 -0.00351882 0)
(1.01145 0.00292131 0)
(1.01356 0.00919162 0)
(1.01855 0.0149459 0)
(1.02674 0.0203111 0)
(1.03883 0.0254501 0)
(1.05634 0.0306172 0)
(1.08229 0.0356376 0)
(1.10465 0.0390344 0)
(0.985758 0.0304805 0)
(0.478808 0.00538321 0)
(0.146476 -0.000415083 0)
(0.710284 -0.011573 0)
(1.05677 -0.0297937 0)
(1.10419 -0.0323492 0)
(1.07745 -0.0288103 0)
(1.05502 -0.0245238 0)
(1.03987 -0.0197308 0)
(1.0294 -0.014593 0)
(1.02217 -0.00910791 0)
(1.01781 -0.00308297 0)
(1.01668 0.00341159 0)
(1.01908 0.00961758 0)
(1.02452 0.0150446 0)
(1.03301 0.0199951 0)
(1.04544 0.0246025 0)
(1.06377 0.0287529 0)
(1.091 0.0325206 0)
(1.09913 0.0337533 0)
(0.924257 0.0227816 0)
(0.425672 0.00368418 0)
(0.134122 -0.000311826 0)
(0.653945 -0.00840662 0)
(1.02499 -0.0243866 0)
(1.10592 -0.0286616 0)
(1.08496 -0.0259584 0)
(1.06185 -0.0222699 0)
(1.04612 -0.0181561 0)
(1.03523 -0.0134804 0)
(1.02773 -0.00823613 0)
(1.0231 -0.00239311 0)
(1.02181 0.00392563 0)
(1.02421 0.00990149 0)
(1.02973 0.0150369 0)
(1.03842 0.019551 0)
(1.05129 0.0234526 0)
(1.07024 0.0268224 0)
(1.09699 0.0299317 0)
(1.08748 0.0296947 0)
(0.86844 0.0177391 0)
(0.387317 0.00278218 0)
(0.124839 -0.000239706 0)
(0.610397 -0.00639043 0)
(0.992485 -0.0200319 0)
(1.10509 -0.0254993 0)
(1.09163 -0.0235397 0)
(1.06803 -0.0200896 0)
(1.05195 -0.0163392 0)
(1.04075 -0.0120881 0)
(1.03296 -0.00717097 0)
(1.02811 -0.0015533 0)
(1.02664 0.0045365 0)
(1.02894 0.0102293 0)
(1.03449 0.0149894 0)
(1.04333 0.018988 0)
(1.05641 0.0223511 0)
(1.07578 0.0253031 0)
(1.10026 0.0278446 0)
(1.07145 0.0263218 0)
(0.81946 0.0142452 0)
(0.357711 0.00220952 0)
(0.117683 -0.000184854 0)
(0.576064 -0.00497349 0)
(0.961218 -0.0164912 0)
(1.10198 -0.0226595 0)
(1.09755 -0.0213468 0)
(1.07375 -0.0180554 0)
(1.05736 -0.0145107 0)
(1.04597 -0.010521 0)
(1.03796 -0.00589506 0)
(1.03287 -0.000544063 0)
(1.03118 0.00527728 0)
(1.03336 0.0106334 0)
(1.03886 0.014979 0)
(1.04769 0.0185475 0)
(1.06088 0.0215315 0)
(1.08063 0.0241593 0)
(1.10159 0.0261244 0)
(1.0525 0.0234985 0)
(0.776802 0.0117686 0)
(0.333905 0.00181561 0)
(0.112104 -0.000142127 0)
(0.548615 -0.00391904 0)
(0.932252 -0.0135973 0)
(1.09694 -0.0200294 0)
(1.10257 -0.0192364 0)
(1.0792 -0.0161006 0)
(1.0625 -0.0126945 0)
(1.05094 -0.00886718 0)
(1.04275 -0.00444311 0)
(1.03743 0.000660693 0)
(1.03549 0.00618376 0)
(1.03746 0.0111772 0)
(1.04281 0.0151398 0)
(1.05154 0.0183539 0)
(1.06482 0.0210157 0)
(1.08485 0.0233427 0)
(1.10143 0.0247492 0)
(1.03168 0.0211798 0)
(0.739428 0.00999669 0)
(0.314123 0.0015398 0)
(0.107745 -0.000107462 0)
(0.526494 -0.00309527 0)
(0.906097 -0.0111905 0)
(1.09059 -0.0175521 0)
(1.10682 -0.0171727 0)
(1.0845 -0.0141703 0)
(1.06748 -0.0108382 0)
(1.05572 -0.00711533 0)
(1.04735 -0.00283004 0)
(1.04179 0.00207614 0)
(1.03955 0.00730674 0)
(1.04125 0.0119462 0)
(1.04637 0.0155527 0)
(1.05496 0.0184365 0)
(1.06832 0.0207996 0)
(1.08861 0.0228731 0)
(1.09984 0.0237456 0)
(1.00974 0.0193206 0)
(0.70626 0.00872645 0)
(0.297174 0.00134711 0)
(0.104372 -7.82417e-05 0)
(0.508662 -0.00242343 0)
(0.882964 -0.0091422 0)
(1.08348 -0.0151859 0)
(1.1104 -0.0151045 0)
(1.08973 -0.0122065 0)
(1.0724 -0.00889321 0)
(1.06041 -0.00522188 0)
(1.05182 -0.00102132 0)
(1.04598 0.00372875 0)
(1.04338 0.00870309 0)
(1.04472 0.0130095 0)
(1.04956 0.0162737 0)
(1.05798 0.0188393 0)
(1.0714 0.0209131 0)
(1.09176 0.0227287 0)
(1.09672 0.0230416 0)
(0.987163 0.0178866 0)
(0.676333 0.00783105 0)
(0.28221 0.00121675 0)
(0.10183 -5.2321e-05 0)
(0.494415 -0.00184955 0)
(0.862909 -0.00734573 0)
(1.07612 -0.0128856 0)
(1.11372 -0.0129871 0)
(1.09495 -0.010147 0)
(1.07732 -0.00680914 0)
(1.06508 -0.00313323 0)
(1.05621 0.00103711 0)
(1.05002 0.00567553 0)
(1.04698 0.0104346 0)
(1.0479 0.0144241 0)
(1.05241 0.0173467 0)
(1.0606 0.0195973 0)
(1.07407 0.0213871 0)
(1.09407 0.0229024 0)
(1.09193 0.0226231 0)
(0.964193 0.0168488 0)
(0.648802 0.00722667 0)
(0.26859 0.00113455 0)
(0.100028 -2.77422e-05 0)
(0.483296 -0.00133178 0)
(0.845928 -0.00570668 0)
(1.06895 -0.0105971 0)
(1.11689 -0.0107619 0)
(1.10023 -0.00791968 0)
(1.08233 -0.00451147 0)
(1.06978 -0.000772591 0)
(1.06058 0.00341747 0)
(1.05395 0.00799597 0)
(1.05037 0.0125705 0)
(1.05077 0.0162533 0)
(1.05489 0.0188314 0)
(1.06283 0.02076 0)
(1.07631 0.0222583 0)
(1.09547 0.0234179 0)
(1.0854 0.0225368 0)
(0.94088 0.0161749 0)
(0.622933 0.00685573 0)
(0.255812 0.00109084 0)
(0.0989258 -2.84683e-06 0)
(0.475049 -0.000838442 0)
(0.83204 -0.00414492 0)
(1.06241 -0.00826155 0)
(1.12003 -0.00835793 0)
(1.10563 -0.00545204 0)
(1.0875 -0.00192403 0)
(1.07459 0.00193853 0)
(1.06497 0.00620828 0)
(1.0578 0.0107799 0)
(1.05357 0.0151958 0)
(1.05335 0.0185744 0)
(1.05699 0.0207943 0)
(1.06462 0.022386 0)
(1.07808 0.0235859 0)
(1.09581 0.0243413 0)
(1.07721 0.0227787 0)
(0.917138 0.0158435 0)
(0.598083 0.00667855 0)
(0.243475 0.00107871 0)
(0.0985244 2.30001e-05 0)
(0.469572 -0.000345492 0)
(0.821309 -0.0025907 0)
(1.05692 -0.00581323 0)
(1.12329 -0.00569177 0)
(1.11127 -0.00265381 0)
(1.0929 0.00105822 0)
(1.07958 0.00510193 0)
(1.06945 0.00951599 0)
(1.06162 0.0141337 0)
(1.0566 0.0184169 0)
(1.05563 0.0214877 0)
(1.0587 0.0233256 0)
(1.06595 0.024549 0)
(1.07933 0.0254155 0)
(1.09514 0.0256483 0)
(1.06729 0.023404 0)
(0.892758 0.0158569 0)
(0.573664 0.00667824 0)
(0.231236 0.00109581 0)
(0.0988649 4.93994e-05 0)
(0.46688 0.000156382 0)
(0.813866 -0.000977795 0)
(1.05288 -0.00318066 0)
(1.12689 -0.0026752 0)
(1.11722 0.00058755 0)
(1.09864 0.00454371 0)
(1.08483 0.00884333 0)
(1.07409 0.0134713 0)
(1.06545 0.018187 0)
(1.05947 0.0223573 0)
(1.0576 0.025104 0)
(1.05999 0.0265238 0)
(1.06676 0.0273211 0)
(1.07997 0.0277987 0)
(1.09352 0.0274516 0)
(1.05547 0.0244614 0)
(0.867421 0.0162148 0)
(0.549106 0.00684057 0)
(0.218778 0.00113899 0)
(0.100012 9.15633e-05 0)
(0.467263 0.000743045 0)
(0.809902 0.000750303 0)
(1.05072 -0.000280348 0)
(1.13105 0.000785447 0)
(1.12361 0.00438197 0)
(1.10483 0.00866371 0)
(1.09043 0.0133034 0)
(1.07893 0.0182226 0)
(1.06931 0.0230914 0)
(1.06216 0.0271698 0)
(1.05923 0.0295616 0)
(1.0608 0.0305159 0)
(1.067 0.030809 0)
(1.07996 0.0308404 0)
(1.09074 0.0298334 0)
(1.04153 0.0259835 0)
(0.840719 0.0169176 0)
(0.523853 0.00715587 0)
(0.205814 0.00120576 0)
(0.102077 0.000119696 0)
(0.470532 0.00143412 0)
(0.809766 0.0027198 0)
(1.05099 0.00291416 0)
(1.13605 0.00483375 0)
(1.13061 0.00889114 0)
(1.11159 0.0136045 0)
(1.09649 0.0186801 0)
(1.08405 0.0239714 0)
(1.07321 0.0290414 0)
(1.06465 0.0330232 0)
(1.06046 0.0350089 0)
(1.06108 0.035431 0)
(1.06661 0.0351349 0)
(1.0793 0.0346368 0)
(1.08654 0.0329337 0)
(1.02515 0.0280414 0)
(0.812154 0.0179856 0)
(0.497345 0.0076223 0)
(0.192069 0.00129487 0)
(0.105269 0.000169081 0)
(0.477615 0.0022164 0)
(0.813729 0.00486644 0)
(1.05432 0.00663007 0)
(1.1422 0.00964106 0)
(1.13841 0.0143141 0)
(1.11907 0.0195824 0)
(1.10312 0.0252072 0)
(1.08951 0.030962 0)
(1.07718 0.0362724 0)
(1.0669 0.0401241 0)
(1.06121 0.0416382 0)
(1.06074 0.0414218 0)
(1.0655 0.0404511 0)
(1.07772 0.0393147 0)
(1.08057 0.0367879 0)
(1.00589 0.0306972 0)
(0.781119 0.0194268 0)
(0.469003 0.00823302 0)
(0.177284 0.00140325 0)
(0.109851 0.00022888 0)
(0.489005 0.00315124 0)
(0.82277 0.00742493 0)
(1.06129 0.0110301 0)
(1.15 0.0154286 0)
(1.14729 0.0209025 0)
(1.12748 0.0268734 0)
(1.11045 0.0331835 0)
(1.0954 0.039494 0)
(1.08123 0.045064 0)
(1.0689 0.0487232 0)
(1.06141 0.0496478 0)
(1.05969 0.0486734 0)
(1.06357 0.0469328 0)
(1.07494 0.0450045 0)
(1.07241 0.0415402 0)
(0.983182 0.0339968 0)
(0.746911 0.0212414 0)
(0.438239 0.00897373 0)
(0.161226 0.00152559 0)
(0.116227 0.000307575 0)
(0.50567 0.00432466 0)
(0.837791 0.0104895 0)
(1.07265 0.0163471 0)
(1.15996 0.0225089 0)
(1.15761 0.0290364 0)
(1.13704 0.0358852 0)
(1.11862 0.0430251 0)
(1.10171 0.0499588 0)
(1.08527 0.0557573 0)
(1.07049 0.059096 0)
(1.06092 0.0592594 0)
(1.05781 0.0573795 0)
(1.06073 0.0547536 0)
(1.07065 0.0518993 0)
(1.06161 0.0472914 0)
(0.95629 0.0379791 0)
(0.708721 0.0234127 0)
(0.404472 0.00981848 0)
(0.143711 0.00165411 0)
(0.125034 0.000416758 0)
(0.528988 0.00580007 0)
(0.860095 0.0142812 0)
(1.08936 0.0229895 0)
(1.17274 0.0313625 0)
(1.16973 0.0392496 0)
(1.14797 0.0471874 0)
(1.12772 0.0552948 0)
(1.10842 0.0628619 0)
(1.08918 0.0687508 0)
(1.07154 0.0715306 0)
(1.05964 0.0706993 0)
(1.05501 0.0677599 0)
(1.05685 0.064082 0)
(1.06455 0.0603049 0)
(1.04754 0.0541171 0)
(0.924287 0.0426277 0)
(0.66565 0.0258771 0)
(0.36717 0.010716 0)
(0.124636 0.00177609 0)
(0.137323 0.000584496 0)
(0.561697 0.00778897 0)
(0.891528 0.0192243 0)
(1.1127 0.0316322 0)
(1.18911 0.0427379 0)
(1.18414 0.0523515 0)
(1.16051 0.0615909 0)
(1.13776 0.0707426 0)
(1.11541 0.0788225 0)
(1.09277 0.0845046 0)
(1.0718 0.0863329 0)
(1.05735 0.084181 0)
(1.05106 0.0799797 0)
(1.05179 0.0750699 0)
(1.05678 0.0702341 0)
(1.0294 0.0620754 0)
(0.886017 0.047847 0)
(0.616709 0.0285021 0)
(0.325909 0.0115827 0)
(0.104028 0.00187443 0)
(0.155002 0.000860381 0)
(0.607515 0.0105593 0)
(0.934786 0.0261289 0)
(1.14435 0.0435033 0)
(1.21003 0.0580153 0)
(1.20126 0.0696855 0)
(1.17473 0.0803393 0)
(1.14856 0.0903847 0)
(1.12233 0.098563 0)
(1.09568 0.103488 0)
(1.07099 0.103803 0)
(1.05379 0.0998939 0)
(1.04581 0.0941556 0)
(1.04545 0.0878708 0)
(1.04695 0.0816031 0)
(1.00612 0.0710639 0)
(0.84007 0.0534051 0)
(0.560847 0.0310312 0)
(0.280454 0.0122822 0)
(0.0820968 0.00192566 0)
(0.181935 0.0013561 0)
(0.673163 0.014847 0)
(0.99393 0.0370038 0)
(1.18631 0.0611646 0)
(1.23628 0.0794717 0)
(1.22113 0.0933957 0)
(1.19022 0.105191 0)
(1.15949 0.115456 0)
(1.12853 0.122879 0)
(1.09728 0.126151 0)
(1.06859 0.124143 0)
(1.04863 0.117919 0)
(1.03908 0.110361 0)
(1.03772 0.102446 0)
(1.03434 0.0943165 0)
(0.976347 0.080806 0)
(0.784783 0.0588481 0)
(0.49692 0.0330068 0)
(0.230761 0.0125974 0)
(0.0592206 0.00189987 0)
(0.230485 0.00307736 0)
(0.77282 0.0247696 4.79888e-34)
(1.07797 0.0582326 2.07209e-34)
(1.24031 0.0906184 0)
(1.26788 0.111786 0)
(1.24268 0.12668 0)
(1.20576 0.138228 0)
(1.16947 0.147191 0)
(1.13316 0.152434 0)
(1.09703 0.152798 0)
(1.06431 0.147462 0)
(1.04166 0.138284 0)
(1.03075 0.1286 6.35715e-34)
(1.02832 0.118895 0)
(1.01783 0.108367 0)
(0.937491 0.0907978 0)
(0.718042 0.0634559 0)
(0.423519 0.033706 0)
(0.176387 0.0121703 0)
(0.0354082 0.00176805 0)
(0.270759 0.0117703 1.91653e-21)
(0.869977 0.0549839 1.23182e-20)
(1.15811 0.0984838 3.85311e-21)
(1.28961 0.134841 6.67438e-21)
(1.29879 0.1556 0)
(1.26319 0.169726 -1.04526e-20)
(1.21979 0.179906 8.58463e-21)
(1.1775 0.186952 -2.04461e-22)
(1.13538 0.189782 0)
(1.09378 0.187202 -1.1317e-20)
(1.05633 0.178546 1.16736e-22)
(1.03036 0.166444 0)
(1.01764 0.154686 -6.75121e-20)
(1.01275 0.143123 -9.92949e-21)
(0.98837 0.128335 -4.75616e-20)
(0.875856 0.104245 1.41652e-20)
(0.625956 0.0693637 0)
(0.334333 0.0349423 8.32838e-20)
(0.117439 0.0119809 -9.80591e-20)
(0.0119867 0.00154373 3.44373e-21)
(0.279958 0.0287734 1.26507e-19)
(0.925803 0.103368 0)
(1.21493 0.153974 -3.47726e-20)
(1.32648 0.191492 0)
(1.32421 0.210065 -6.72317e-20)
(1.28043 0.220786 -3.85558e-20)
(1.2308 0.228073 3.5678e-20)
(1.18248 0.232236 6.65062e-20)
(1.13449 0.232062 -5.53359e-20)
(1.08726 0.226225 -9.86291e-20)
(1.04468 0.214158 9.98219e-20)
(1.01484 0.199155 0)
(0.999659 0.185338 0)
(0.991787 0.17217 4.39163e-20)
(0.955704 0.15409 1.03444e-19)
(0.821363 0.12327 3.10668e-20)
(0.561301 0.079607 3.60815e-20)
(0.282892 0.0384052 3.437e-19)
(0.0872359 0.0120041 -1.25569e-20)
(0.000375353 0.000639106 -9.62196e-19)
(0.275453 0.0439956 0)
(0.952027 0.15373 -1.81607e-21)
(1.2501 0.218055 -2.96663e-20)
(1.3509 0.255669 0)
(1.34219 0.271137 0)
(1.29267 0.277483 3.80764e-20)
(1.23779 0.280692 -7.00954e-20)
(1.1841 0.280985 -1.35232e-19)
(1.13073 0.277009 1.19257e-19)
(1.07822 0.267323 5.10761e-20)
(1.03079 0.251453 -2.01639e-21)
(0.997229 0.23332 -1.32789e-19)
(0.979468 0.217314 -2.37634e-19)
(0.968562 0.202373 -4.84351e-20)
(0.925039 0.181065 -5.66398e-20)
(0.780733 0.143429 2.70622e-19)
(0.524302 0.0921344 3.57606e-19)
(0.260641 0.044195 0)
(0.0760964 0.0131336 3.11101e-22)
(-0.00446828 -0.000256939 4.87017e-20)
(0.267945 0.057329 9.37108e-21)
(0.96078 0.204035 -1.53563e-20)
(1.26962 0.283647 -9.81432e-20)
(1.36488 0.322481 -4.92404e-20)
(1.35253 0.334999 7.06756e-20)
(1.29915 0.336994 1.70721e-21)
(1.24022 0.335767 7.69307e-20)
(1.1821 0.331801 0)
(1.12409 0.323634 1.26566e-19)
(1.06686 0.309747 -1.0863e-19)
(1.01497 0.289796 1.14309e-19)
(0.977884 0.268328 -2.59598e-21)
(0.957628 0.249996 1.74063e-19)
(0.944051 0.233103 1.04567e-19)
(0.896133 0.208754 3.12118e-19)
(0.750401 0.165233 7.32159e-20)
(0.504975 0.106191 -3.03138e-19)
(0.253663 0.0511069 5.08221e-20)
(0.0748849 0.0149317 9.63872e-19)
(-0.00497106 -0.000894751 3.55911e-20)
(0.260069 0.0692933 4.83975e-20)
(0.958881 0.252446 -2.70866e-20)
(1.27837 0.348318 0)
(1.37088 0.389427 6.7734e-20)
(1.35636 0.399277 1.11114e-20)
(1.30027 0.397174 7.30379e-20)
(1.23824 0.391583 -4.7413e-21)
(1.17658 0.383358 -1.42117e-19)
(1.11468 0.370943 6.3729e-20)
(1.05331 0.352767 0)
(0.997363 0.328652 5.04778e-19)
(0.95697 0.303821 1.57824e-19)
(0.934226 0.283098 -1.90504e-19)
(0.918156 0.264154 0)
(0.868259 0.237043 0)
(0.726103 0.188098 8.07321e-20)
(0.493864 0.122198 3.78768e-19)
(0.255052 0.0605459 0)
(0.0808166 0.0185157 1.05308e-18)
(-0.00164333 -0.000660798 -6.33283e-23)
(0.252815 0.0801372 -1.81127e-20)
(0.951061 0.29797 1.0699e-20)
(1.27966 0.410841 -7.07814e-20)
(1.3708 0.454892 -6.99072e-20)
(1.35498 0.462636 -7.20035e-20)
(1.29696 0.45671 0)
(1.23251 0.446976 0)
(1.16794 0.434671 -1.47603e-19)
(1.10275 0.418137 -7.40513e-20)
(1.03776 0.395762 1.23019e-19)
(0.978162 0.367555 2.72102e-19)
(0.934704 0.339376 -1.66496e-19)
(0.909545 0.31625 -2.06895e-19)
(0.891203 0.29534 -1.23834e-19)
(0.840726 0.265645 2.92632e-19)
(0.704424 0.212076 3.51575e-19)
(0.486364 0.140547 -9.30343e-19)
(0.260512 0.0723727 0)
(0.0906092 0.0244608 -1.07994e-18)
(0.00420132 0.000798134 -1.35134e-18)
(0.246977 0.0903095 -1.84586e-21)
(0.940571 0.3406 -4.09475e-21)
(1.27586 0.47065 7.74039e-21)
(1.3662 0.518025 1.97377e-20)
(1.34955 0.524182 5.86709e-20)
(1.29011 0.51481 1.51769e-19)
(1.22376 0.501234 0)
(1.15679 0.485095 -1.55659e-19)
(1.08877 0.464653 2.9483e-19)
(1.02057 0.438263 -1.42324e-19)
(0.957686 0.406073 -2.9262e-19)
(0.911401 0.374554 1.86129e-19)
(0.883982 0.349036 4.41238e-19)
(0.863686 0.326346 0)
(0.813257 0.294281 0)
(0.683425 0.23655 -2.87048e-19)
(0.479242 0.160153 0)
(0.266458 0.0860577 0)
(0.101434 0.0320999 7.88007e-20)
(0.0111173 0.00327843 1.42578e-18)
(0.242542 0.10016 0)
(0.929289 0.380661 0)
(1.26864 0.527442 -3.0655e-21)
(1.35837 0.578442 4.12341e-20)
(1.34107 0.58339 -1.05713e-19)
(1.28055 0.570952 8.29663e-20)
(1.21268 0.55389 1.58763e-19)
(1.1437 0.534205 7.69363e-20)
(1.07322 0.510126 1.57517e-19)
(1.00215 0.479934 0)
(0.936232 0.443886 0)
(0.887341 0.409091 3.85827e-19)
(0.857932 0.381319 -2.39324e-19)
(0.835966 0.356835 0)
(0.785707 0.32246 1.77294e-19)
(0.661915 0.261281 -2.08542e-19)
(0.470551 0.179954 2.4668e-19)
(0.270133 0.100629 -1.1556e-18)
(0.110577 0.04061 8.56043e-20)
(0.0175269 0.00629327 7.53496e-22)
(0.239184 0.109615 7.51906e-20)
(0.918142 0.418404 0)
(1.2593 0.581275 8.57649e-21)
(1.34833 0.635976 -3.13795e-20)
(1.33033 0.639995 -1.00421e-19)
(1.26896 0.624827 -7.0731e-20)
(1.19989 0.604629 8.57173e-20)
(1.1292 0.581728 -1.65454e-19)
(1.05655 0.554302 3.276e-19)
(0.982857 0.520561 1.48286e-19)
(0.914095 0.480814 6.73923e-19)
(0.862798 0.442891 1.12241e-21)
(0.831612 0.412972 -4.29603e-21)
(0.808082 0.386549 3.17455e-19)
(0.757972 0.34975 3.78311e-19)
(0.639461 0.285238 0)
(0.459311 0.198935 -1.34335e-19)
(0.270243 0.11469 -1.25505e-18)
(0.116337 0.0488642 -9.27557e-20)
(0.0222963 0.0092999 0)
(0.236985 0.119054 0)
(0.907908 0.454383 1.60559e-20)
(1.24857 0.632496 -1.34633e-20)
(1.33678 0.690448 3.71529e-21)
(1.31796 0.693882 8.78795e-20)
(1.25591 0.676256 -6.53593e-20)
(1.18587 0.653264 -9.02381e-20)
(1.11374 0.627478 -1.74213e-19)
(1.03914 0.597025 -3.47593e-19)
(0.96301 0.560006 4.07848e-19)
(0.891544 0.516773 0)
(0.837986 0.475854 0)
(0.805147 0.443681 -2.79473e-19)
(0.780167 0.415106 -3.43303e-19)
(0.729982 0.375477 6.16994e-19)
(0.615915 0.307371 1.21988e-18)
(0.445331 0.216391 5.75989e-19)
(0.266327 0.127176 -1.70362e-19)
(0.118032 0.0558681 1.00353e-19)
(0.0249079 0.0117008 0)
(0.235606 0.128385 2.97939e-20)
(0.898596 0.488706 2.82198e-20)
(1.23688 0.681101 -5.12859e-20)
(1.32418 0.742049 2.48538e-22)
(1.3045 0.744981 3.4311e-20)
(1.2419 0.72516 6.63366e-20)
(1.17107 0.699697 -7.30935e-20)
(1.09767 0.671354 -2.76017e-19)
(1.02131 0.638192 9.59952e-20)
(0.942885 0.598193 -8.31211e-20)
(0.868803 0.551713 -9.31348e-20)
(0.813043 0.507827 -7.3924e-19)
(0.778604 0.473134 9.06529e-19)
(0.752274 0.442182 3.58817e-19)
(0.701796 0.399476 0)
(0.591055 0.327013 -5.25558e-19)
(0.428625 0.231632 0)
(0.258373 0.137467 -7.34632e-19)
(0.115849 0.0609747 8.62622e-19)
(0.0253072 0.013175 -8.86647e-19)
(0.2349 0.137701 -3.87729e-20)
(0.890284 0.521613 -5.90522e-20)
(1.22517 0.726958 -3.0635e-20)
(1.31092 0.790843 8.04556e-21)
(1.29037 0.793295 -2.61269e-20)
(1.22729 0.771531 0)
(1.15582 0.74389 -7.26684e-20)
(1.08133 0.7133 9.91848e-20)
(1.00336 0.677747 -2.78252e-19)
(0.922726 0.63508 0)
(0.846058 0.585601 -7.18705e-19)
(0.78806 0.538679 9.22712e-19)
(0.752037 0.501237 -6.49393e-19)
(0.724433 0.46777 0)
(0.673259 0.421516 -4.78166e-19)
(0.564953 0.344131 2.84165e-19)
(0.409483 0.244126 1.68009e-19)
(0.246767 0.144896 5.93912e-19)
(0.110122 0.0638582 1.8613e-18)
(0.0239779 0.0136793 0)
(0.234574 0.146792 5.16772e-20)
(0.88309 0.553212 0)
(1.21346 0.770342 -1.0577e-19)
(1.29735 0.836881 -9.74979e-21)
(1.2759 0.838888 -3.19892e-21)
(1.21241 0.815387 -1.12387e-20)
(1.14042 0.785849 -3.59033e-20)
(1.06497 0.753305 3.83421e-19)
(0.985505 0.715677 4.5788e-21)
(0.902751 0.670669 0)
(0.823461 0.618427 0)
(0.763093 0.568402 6.60089e-21)
(0.72546 0.52811 5.23222e-19)
(0.696567 0.491972 0)
(0.644235 0.441385 -5.1564e-19)
(0.537695 0.358444 3.07755e-19)
(0.388242 0.25358 1.8197e-19)
(0.232085 0.1493 8.55205e-19)
(0.101824 0.0645088 8.78691e-19)
(0.0214916 0.0132963 0)
(0.234681 0.156019 -1.21657e-19)
(0.876713 0.583541 -4.95862e-20)
(1.20195 0.81123 1.19945e-19)
(1.28376 0.880273 1.80379e-20)
(1.26134 0.881845 -1.85138e-20)
(1.1975 0.856793 1.10023e-19)
(1.12509 0.825604 -1.30226e-19)
(1.0488 0.79138 0)
(0.967957 0.751971 0)
(0.88314 0.704955 -8.3208e-19)
(0.801157 0.650207 9.36741e-19)
(0.738214 0.597124 1.54577e-19)
(0.698859 0.553989 -9.42123e-19)
(0.668527 0.514769 0)
(0.614641 0.458805 1.10923e-18)
(0.509521 0.369778 -3.33508e-19)
(0.36538 0.259881 -1.17334e-18)
(0.215184 0.150673 0)
(0.0916603 0.0630368 -1.08283e-18)
(0.0182003 0.0121316 0)
(0.235091 0.165031 1.45911e-19)
(0.870886 0.612849 -1.19936e-19)
(1.19078 0.849668 -7.97944e-20)
(1.27028 0.921123 9.11276e-20)
(1.24688 0.922258 -1.5273e-20)
(1.18274 0.895816 0)
(1.11002 0.863204 0)
(1.03299 0.827552 -7.86004e-19)
(0.950866 0.78665 -2.70146e-19)
(0.864052 0.737956 -1.02493e-19)
(0.779285 0.680992 -9.97871e-19)
(0.713525 0.625047 -6.46105e-19)
(0.672187 0.57908 2.052e-19)
(0.640092 0.536014 7.381e-19)
(0.584396 0.47348 -3.0049e-19)
(0.480684 0.378026 7.12065e-19)
(0.341344 0.262887 0)
(0.196843 0.148969 -1.48712e-18)
(0.0806114 0.0597167 1.45659e-18)
(0.0144918 0.0103758 0)
(0.235508 0.173758 2.56772e-19)
(0.865572 0.641053 1.41799e-19)
(1.18006 0.886059 9.97312e-21)
(1.25707 0.959544 1.84979e-19)
(1.23266 0.960235 -1.26013e-20)
(1.16829 0.932546 8.64233e-20)
(1.09533 0.898711 -2.05794e-19)
(1.01767 0.861855 7.54351e-19)
(0.934365 0.819724 5.0465e-19)
(0.845622 0.769684 -6.78046e-20)
(0.757983 0.710853 1.26205e-19)
(0.689128 0.65239 6.90111e-19)
(0.645395 0.603523 8.65663e-19)
(0.611025 0.555555 1.76218e-21)
(0.553443 0.485245 -3.19147e-19)
(0.451433 0.383017 3.82839e-19)
(0.316612 0.262299 1.37915e-21)
(0.177839 0.144253 2.66829e-19)
(0.0693161 0.0549005 3.12573e-19)
(0.0107664 0.0082495 -7.34178e-19)
(0.235927 0.182393 1.99723e-19)
(0.860626 0.667912 -1.66002e-19)
(1.16971 0.920429 0)
(1.2442 0.995623 -8.88208e-21)
(1.21879 0.995882 6.41318e-21)
(1.15423 0.967069 6.3093e-20)
(1.08112 0.932198 -1.79742e-19)
(1.00292 0.894338 4.61783e-19)
(0.918541 0.851225 9.84086e-19)
(0.827947 0.800145 -6.38548e-20)
(0.737388 0.73986 1.45914e-19)
(0.665141 0.679324 -7.35776e-19)
(0.618444 0.627397 2.27558e-19)
(0.581117 0.573369 0)
(0.521571 0.494072 3.43527e-19)
(0.421692 0.384299 2.31034e-21)
(0.291793 0.257467 -4.87312e-19)
(0.15952 0.136465 5.72416e-19)
(0.0590435 0.0490251 0)
(0.00746813 0.0060983 0)
(0.236378 0.190454 1.15593e-19)
(0.856121 0.693583 0)
(1.15968 0.952817 -2.02041e-19)
(1.23175 1.02951 -1.37716e-19)
(1.20533 1.02932 -2.63701e-20)
(1.14066 0.999493 -3.63324e-21)
(1.06745 0.963733 1.94125e-19)
(0.988805 0.925055 1.03327e-19)
(0.903464 0.881179 0)
(0.8111 0.829353 -5.8563e-20)
(0.717622 0.768067 -7.02319e-20)
(0.64169 0.705969 7.83342e-19)
(0.591352 0.650748 9.93525e-19)
(0.550227 0.589671 0)
(0.48841 0.500197 -3.75138e-19)
(0.390907 0.381192 0)
(0.267364 0.247062 0)
(0.144176 0.124589 -7.95559e-22)
(0.0525566 0.041911 3.6096e-19)
(0.00590617 0.00419844 2.112e-19)
(0.236688 0.198511 0)
(0.85186 0.718149 -1.14973e-19)
(1.15012 0.983429 2.23413e-19)
(1.21977 1.06134 -1.65937e-19)
(1.19234 1.06065 1.0356e-20)
(1.12759 1.02991 -8.11342e-21)
(1.05437 0.993392 -1.34749e-19)
(0.975357 0.954051 3.78639e-19)
(0.889163 0.909622 0)
(0.79515 0.857331 -2.10219e-18)
(0.698783 0.795502 -8.27666e-20)
(0.618915 0.732378 8.31764e-19)
(0.564188 0.673641 -9.31689e-19)
(0.51832 0.604866 3.35676e-19)
(0.453441 0.504187 1.19971e-18)
(0.357728 0.373321 3.04211e-21)
(0.242447 0.22875 -1.12876e-18)
(0.134235 0.103386 9.90854e-19)
(0.0581221 0.0261088 3.86209e-19)
(0.0166412 8.80496e-05 2.26331e-19)
(0.236991 0.20594 2.97295e-19)
(0.847587 0.741183 -3.74129e-19)
(1.14091 1.01227 -2.56191e-19)
(1.20828 1.0912 -2.07949e-19)
(1.17982 1.08999 -8.74735e-20)
(1.11506 1.05842 3.98719e-21)
(1.04187 1.02126 0)
(0.962593 0.981395 8.10822e-19)
(0.875651 0.936586 5.71431e-20)
(0.780108 0.884078 -1.1064e-18)
(0.68095 0.822162 -1.62661e-19)
(0.596969 0.758571 -7.72195e-19)
(0.537094 0.696154 1.12806e-18)
(0.485513 0.619467 5.3121e-19)
(0.416307 0.506969 -2.17242e-19)
(0.320125 0.361559 0)
(0.212682 0.200854 0)
(0.124316 0.0612934 -2.06384e-21)
(0.0805727 -0.0235509 0)
(0.0811091 -0.0185237 0)
(0.237233 0.213172 -1.73515e-19)
(0.843692 0.763338 -2.71951e-19)
(1.13199 1.03971 -9.12153e-20)
(1.19721 1.11958 -2.36006e-19)
(1.16758 1.11792 -9.90568e-20)
(1.10275 1.08572 -2.20579e-20)
(1.02961 1.04815 -1.85421e-20)
(0.950061 1.00805 1.44313e-20)
(0.862353 0.9632 -3.75021e-19)
(0.765252 0.91091 7.1394e-20)
(0.663194 0.849571 8.43347e-21)
(0.574639 0.786248 -8.52541e-19)
(0.508362 0.719967 1.09639e-18)
(0.449586 0.635021 6.90006e-19)
(0.374333 0.509968 -4.17514e-19)
(0.273303 0.34787 -5.0729e-19)
(0.168323 0.164672 0)
(0.0823705 0.0406672 0)
(0.00488158 0.225785 0)
(-0.020824 1.14865 2.28219e-19)
(0.23728 0.219923 0)
(0.839822 0.784426 -3.83614e-19)
(1.12328 1.06574 1.14884e-19)
(1.18658 1.14654 7.25113e-20)
(1.15563 1.14452 1.28347e-19)
(1.09069 1.11187 -1.06206e-20)
(1.01763 1.0741 7.84548e-20)
(0.937834 1.03405 3.74097e-19)
(0.849379 0.989456 -6.65781e-20)
(0.750755 0.937827 2.187e-18)
(0.645741 0.877722 1.18728e-18)
(0.552255 0.815456 0)
(0.478231 0.745535 1.34521e-19)
(0.41042 0.651664 8.72011e-19)
(0.328449 0.514327 -4.21183e-19)
(0.220045 0.337207 -5.10407e-19)
(0.0986598 0.198555 -4.23148e-22)
(0.0272492 0.68472 -3.46118e-19)
(0.0730849 2.33178 -1.26638e-20)
(0.0830131 3.08229 -2.11099e-19)
(0.237394 0.225521 1.95958e-19)
(0.835447 0.804103 0)
(1.11467 1.09044 2.97997e-19)
(1.17645 1.17219 2.9292e-19)
(1.144 1.16988 -1.42834e-19)
(1.07897 1.13695 1.10983e-20)
(1.00604 1.09909 -8.41009e-20)
(0.925924 1.05931 0)
(0.836806 1.01528 -4.41566e-19)
(0.736741 0.964703 1.0361e-18)
(0.62884 0.906488 -7.42265e-20)
(0.530254 0.845987 -8.72166e-21)
(0.447395 0.773458 -2.20745e-18)
(0.368027 0.668851 0)
(0.283639 0.520042 8.45382e-19)
(0.1641 0.375998 0)
(0.0567761 0.964854 0)
(0.120277 2.69091 3.35484e-19)
(0.124688 3.26866 7.53924e-19)
(0.118464 3.41528 -6.48543e-19)
(0.248714 0.242725 -1.06172e-19)
(0.831127 0.829007 4.30952e-19)
(1.10445 1.11819 -2.05587e-19)
(1.16655 1.1968 -7.29969e-21)
(1.13241 1.19394 -2.47336e-20)
(1.06743 1.16079 1.82566e-20)
(0.995032 1.12326 0)
(0.914293 1.08388 -3.42622e-19)
(0.824577 1.04062 6.63515e-21)
(0.723149 0.991443 -4.96072e-20)
(0.612544 0.935798 -1.2373e-18)
(0.508934 0.877706 7.36777e-19)
(0.416759 0.804716 -1.33054e-19)
(0.320304 0.684176 -1.70539e-19)
(0.236457 0.574664 1.14582e-18)
(0.126697 1.10202 4.938e-19)
(0.133288 2.67824 1.41131e-20)
(0.168679 3.31319 -6.06773e-19)
(0.161069 3.43378 -3.40556e-19)
(0.139336 3.4565 1.01246e-18)
(0.593101 0.605174 2.11787e-19)
(1.00788 1.03762 -1.7688e-20)
(1.14255 1.19794 4.86077e-20)
(1.14999 1.22676 2.21858e-20)
(1.09252 1.20193 -1.68763e-19)
(1.02234 1.16574 0)
(0.945421 1.12712 1.95934e-20)
(0.860091 1.08682 -4.42311e-19)
(0.763887 1.04235 0)
(0.653487 0.991558 7.601e-20)
(0.541173 0.938367 -1.33587e-18)
(0.439184 0.879167 0)
(0.334616 0.786059 0)
(0.245452 0.667531 0)
(0.159577 1.30402 0)
(0.208873 2.97856 0)
(0.2205 3.36419 -4.77969e-19)
(0.199514 3.44559 0)
(0.175299 3.47066 1.41817e-19)
(0.146627 3.48417 1.22841e-19)
(0.54256 0.550139 -2.5989e-19)
(0.837257 0.861697 -3.83168e-19)
(1.10006 1.15065 0)
(1.15026 1.22917 3.28737e-19)
(1.11835 1.22726 -2.34021e-19)
(1.05422 1.19469 2.43301e-20)
(0.980411 1.15784 3.61618e-20)
(0.899675 1.11909 2.23616e-20)
(0.809231 1.07723 0)
(0.706106 1.03057 9.65818e-19)
(0.59189 0.979386 1.11255e-18)
(0.481372 0.925717 1.05399e-19)
(0.377143 0.855869 0)
(0.259688 0.729823 8.23339e-19)
(0.170641 1.11702 0)
(0.215149 2.78681 0)
(0.250637 3.38348 -3.94815e-19)
(0.234245 3.46722 6.16476e-19)
(0.201906 3.48375 7.02522e-19)
(0.162399 3.50387 0)
(0.555237 0.569557 1.67692e-21)
(0.831941 0.874948 -4.01458e-19)
(1.09076 1.16903 2.96118e-19)
(1.1392 1.25012 7.16452e-21)
(1.10667 1.24837 2.92871e-20)
(1.04242 1.21599 -2.61999e-20)
(0.969049 1.17972 0)
(0.888178 1.14191 2.69854e-19)
(0.797372 1.1012 -6.48851e-21)
(0.693318 1.05653 8.52865e-20)
(0.576813 1.00862 1.14377e-18)
(0.461544 0.957855 -6.90111e-19)
(0.349193 0.886762 1.2197e-19)
(0.244735 0.857423 1.54559e-19)
(0.236467 1.90497 -1.10453e-18)
(0.316389 3.26153 -3.85085e-19)
(0.309826 3.47052 8.47638e-21)
(0.269944 3.51043 3.47477e-19)
(0.233785 3.54058 1.57091e-19)
(0.178942 3.5611 7.10522e-20)
(0.55915 0.590882 -2.54329e-19)
(0.826823 0.892182 0)
(1.08181 1.19036 -3.67374e-19)
(1.12879 1.27336 -3.88272e-19)
(1.09573 1.27213 2.21891e-19)
(1.03126 1.23955 -1.08668e-20)
(0.957905 1.20337 -1.12944e-20)
(0.876847 1.16601 0)
(0.785788 1.12631 3.39433e-19)
(0.680998 1.08359 -8.57831e-19)
(0.562974 1.03934 6.2071e-20)
(0.444779 0.992479 -1.89182e-20)
(0.324554 0.924863 1.89328e-18)
(0.262682 1.14249 0)
(0.327388 2.77163 -6.13801e-19)
(0.391843 3.4425 0)
(0.351008 3.52232 0)
(0.306832 3.55639 -1.30906e-19)
(0.262431 3.58693 -1.98777e-19)
(0.197637 3.63905 0)
(0.560271 0.611978 1.23225e-19)
(0.820239 0.910952 3.04467e-19)
(1.07198 1.2138 -1.52732e-19)
(1.11772 1.29811 -1.03339e-19)
(1.08414 1.29721 -2.21245e-19)
(1.01972 1.26449 1.04078e-20)
(0.946564 1.22839 2.87616e-20)
(0.865684 1.19147 -1.73485e-19)
(0.774661 1.15282 4.41999e-20)
(0.669558 1.11215 -1.59363e-18)
(0.550598 1.07166 -9.43043e-19)
(0.430607 1.02843 0)
(0.322044 0.986752 -1.0517e-19)
(0.313357 1.64321 -6.5192e-19)
(0.41575 3.24211 2.7124e-19)
(0.445289 3.51997 2.08046e-19)
(0.395581 3.56561 5.4777e-20)
(0.35488 3.61355 5.79253e-20)
(0.307745 3.66403 3.32553e-20)
(0.230939 3.65688 -2.50661e-20)
(0.558127 0.631608 2.52693e-19)
(0.812011 0.930998 4.0354e-19)
(1.06068 1.23868 1.40682e-19)
(1.10529 1.324 3.85541e-19)
(1.07131 1.32301 2.39094e-19)
(1.00711 1.29008 2.2202e-19)
(0.93442 1.25403 -3.23909e-21)
(0.853996 1.21755 2.09131e-20)
(0.76329 1.17992 1.9046e-19)
(0.658269 1.14133 -4.78341e-20)
(0.538898 1.10443 -7.55257e-21)
(0.418031 1.06455 6.38311e-19)
(0.324532 1.0885 -7.87066e-19)
(0.383368 2.23992 -4.76788e-19)
(0.498632 3.4303 2.23565e-19)
(0.487544 3.55899 1.70838e-19)
(0.449748 3.61304 0)
(0.425961 3.66926 0)
(0.412561 3.62477 0)
(0.312597 3.44371 -1.64858e-19)
(0.553857 0.650264 4.85457e-19)
(0.802589 0.952113 1.89637e-19)
(1.04797 1.26496 4.31232e-19)
(1.09159 1.35119 4.15924e-19)
(1.05746 1.3499 2.39064e-19)
(0.993692 1.31654 -3.65863e-20)
(0.921669 1.2804 0)
(0.841915 1.24421 -1.45587e-19)
(0.751806 1.2075 -2.25297e-20)
(0.647257 1.17091 6.25272e-19)
(0.528084 1.13729 1.05359e-19)
(0.405834 1.10254 5.10636e-19)
(0.345229 1.26588 -7.43136e-19)
(0.465512 2.8288 -2.83694e-19)
(0.567162 3.50947 7.08886e-20)
(0.530741 3.58133 0)
(0.505307 3.65153 0)
(0.47586 3.62867 6.42514e-20)
(0.46849 3.34206 0)
(0.433959 2.34501 0)
(0.548445 0.668681 0)
(0.792392 0.974339 1.93639e-19)
(1.03392 1.29264 -4.26609e-19)
(1.07665 1.37967 4.02769e-19)
(1.04264 1.37794 -1.03888e-20)
(0.979534 1.34402 -2.91064e-20)
(0.908416 1.30761 -9.5025e-20)
(0.829575 1.27154 -1.9026e-20)
(0.740371 1.2356 0)
(0.636712 1.20084 1.05671e-18)
(0.518363 1.17003 5.80532e-21)
(0.400096 1.1455 -4.92055e-19)
(0.384769 1.53515 5.77217e-19)
(0.544134 3.20859 -1.63324e-19)
(0.61996 3.54892 -3.10927e-19)
(0.574092 3.60689 9.11366e-21)
(0.558818 3.62812 -1.68244e-19)
(0.513126 3.42573 2.98187e-19)
(0.362699 2.30046 1.50402e-19)
(-0.0384741 0.0882983 9.56229e-20)
(0.541752 0.687121 0)
(0.781057 0.997865 0)
(1.01837 1.3219 4.32958e-19)
(1.06019 1.40972 4.02626e-19)
(1.02647 1.40757 1.89027e-19)
(0.964246 1.37311 -7.93385e-20)
(0.894251 1.33643 1.51717e-19)
(0.816574 1.30052 4.94413e-21)
(0.728591 1.26543 0)
(0.626243 1.23262 2.30441e-20)
(0.50929 1.20461 3.48834e-20)
(0.39962 1.20132 -4.102e-19)
(0.441841 1.89893 -5.39074e-19)
(0.618743 3.40134 0)
(0.662199 3.57705 4.08096e-20)
(0.624251 3.60853 0)
(0.581517 3.52421 0)
(0.437314 2.71155 -3.41005e-22)
(0.0473682 0.37476 1.3605e-19)
(-0.101708 -0.161157 7.59467e-20)
(0.533699 0.705484 -2.30158e-19)
(0.768334 1.02227 3.71365e-19)
(1.00121 1.35284 0)
(1.04209 1.44128 -1.25416e-20)
(1.00881 1.43869 -1.19205e-19)
(0.947701 1.40371 2.23177e-19)
(0.879094 1.36679 -1.75082e-19)
(0.802872 1.3311 8.576e-20)
(0.716474 1.29693 -1.72829e-19)
(0.615933 1.26615 2.42253e-20)
(0.501149 1.24113 -6.63274e-20)
(0.407375 1.27994 3.32967e-19)
(0.514108 2.32531 -9.97283e-20)
(0.68644 3.49904 0)
(0.693924 3.5948 -3.52194e-20)
(0.661893 3.57843 7.78069e-21)
(0.552943 3.16887 -1.43931e-19)
(0.191864 1.08053 1.85878e-19)
(-0.0810879 -0.109306 0)
(-0.0868043 -0.138608 0)
(0.523803 0.723682 4.49492e-19)
(0.753933 1.04752 0)
(0.982125 1.38527 -4.72846e-21)
(1.02216 1.4743 -7.91573e-19)
(0.989535 1.47124 1.43278e-19)
(0.92979 1.43577 3.19344e-19)
(0.862855 1.39864 -1.99069e-19)
(0.788433 1.36318 1.96081e-19)
(0.704032 1.33 -3.01166e-20)
(0.605836 1.30125 2.41825e-20)
(0.494318 1.27988 -4.39808e-20)
(0.425992 1.39416 -2.59671e-19)
(0.597092 2.77443 -3.25863e-19)
(0.743932 3.54947 -2.80289e-20)
(0.72885 3.59449 2.56453e-21)
(0.676454 3.45942 8.34142e-20)
(0.423681 2.31134 -3.60936e-21)
(-0.000559086 0.0648279 9.10879e-20)
(-0.0995908 -0.16999 2.11048e-19)
(-0.0713548 -0.112518 -2.5017e-19)
(0.511648 0.741178 2.1428e-19)
(0.737461 1.0731 -3.65904e-19)
(0.960826 1.41891 2.74696e-19)
(1.00021 1.50865 -4.06571e-19)
(0.96848 1.50512 1.59552e-20)
(0.910406 1.46917 0)
(0.845472 1.43185 0)
(0.773227 1.39667 -2.91653e-19)
(0.691293 1.3645 -1.46852e-20)
(0.596042 1.33773 1.47145e-20)
(0.489314 1.32155 2.66669e-19)
(0.456694 1.55546 1.89279e-19)
(0.679383 3.13535 -3.96232e-20)
(0.787102 3.57455 -3.3248e-20)
(0.756352 3.5653 -4.57153e-20)
(0.643255 3.14641 1.8691e-19)
(0.167626 0.764926 0)
(-0.0716053 -0.138356 -4.88454e-19)
(-0.0846467 -0.166279 4.79269e-19)
(-0.0516854 -0.0875031 0)
(0.4967 0.757612 8.61329e-19)
(0.718207 1.09826 -5.34242e-19)
(0.937012 1.45342 -5.3827e-19)
(0.97598 1.54417 -1.8889e-19)
(0.94548 1.54017 -5.32042e-19)
(0.889427 1.50375 3.43944e-19)
(0.826871 1.46628 -1.45028e-19)
(0.757237 1.4314 0)
(0.678281 1.40025 0)
(0.586638 1.37535 6.39926e-20)
(0.486794 1.36773 -2.11537e-19)
(0.499687 1.76526 -3.3085e-20)
(0.750142 3.35283 1.12677e-19)
(0.822919 3.57711 0)
(0.768636 3.48117 2.10866e-19)
(0.52768 2.51133 -9.86491e-20)
(0.00951455 0.0407396 -3.78073e-19)
(-0.101878 -0.185193 0)
(-0.0846003 -0.148783 -3.55951e-19)
(-0.0430937 -0.0715456 0)
(0.478172 0.771809 -6.36489e-19)
(0.695493 1.12211 0)
(0.910396 1.48819 5.46254e-19)
(0.949206 1.58055 1.88589e-19)
(0.920349 1.57614 -1.4122e-19)
(0.866725 1.53928 1.15977e-20)
(0.806983 1.50168 -5.6436e-20)
(0.740447 1.46711 2.24463e-19)
(0.665016 1.43701 2.0715e-20)
(0.57769 1.41378 0)
(0.487486 1.42007 0)
(0.552738 2.01518 1.51791e-21)
(0.810947 3.4717 -5.14836e-20)
(0.853311 3.56912 0)
(0.753937 3.29858 -1.24345e-19)
(0.330613 1.47237 9.43377e-20)
(-0.0991802 -0.115555 5.90133e-20)
(-0.105788 -0.189736 2.77522e-19)
(-0.0762242 -0.139485 2.87442e-19)
(-0.0362576 -0.0633417 0)
(0.455759 0.783027 -2.0143e-19)
(0.668513 1.14348 3.3645e-19)
(0.88062 1.52224 2.59777e-19)
(0.919554 1.61737 -4.61115e-21)
(0.8929 1.61266 -2.64669e-19)
(0.842173 1.57542 0)
(0.785721 1.53774 -1.18499e-19)
(0.722816 1.50348 5.45995e-20)
(0.651514 1.47442 -7.90583e-20)
(0.569233 1.45283 0)
(0.49231 1.48007 3.76938e-20)
(0.614207 2.29099 -2.40689e-20)
(0.859803 3.52819 -4.38459e-20)
(0.872011 3.54065 0)
(0.700818 2.97665 -1.39199e-19)
(0.0888221 0.337198 9.65832e-20)
(-0.10453 -0.165082 5.58002e-20)
(-0.103533 -0.192233 1.94712e-19)
(-0.0676792 -0.130905 6.10234e-19)
(-0.0294623 -0.0550341 0)
(0.428412 0.788189 -5.83433e-19)
(0.636488 1.16052 4.96572e-19)
(0.847032 1.5546 5.22108e-19)
(0.886886 1.65397 1.9513e-19)
(0.862934 1.64925 2.65065e-19)
(0.815641 1.61172 1.84341e-19)
(0.763015 1.57403 -1.23244e-19)
(0.704314 1.54009 -2.03554e-19)
(0.637776 1.51201 3.17596e-20)
(0.561262 1.49234 -1.8935e-20)
(0.501399 1.54844 -7.72793e-21)
(0.682014 2.59493 -5.16036e-20)
(0.897541 3.5495 1.1051e-19)
(0.877295 3.48084 7.92209e-20)
(0.598075 2.48294 0)
(0.016762 0.0174838 -1.85623e-19)
(-0.112042 -0.238829 0)
(-0.0961429 -0.226853 -2.43749e-19)
(-0.0484921 -0.129291 2.84784e-19)
(-0.0178484 -0.042604 -2.91672e-19)
(0.396241 0.784339 1.91812e-19)
(0.59893 1.17029 -1.6239e-19)
(0.809202 1.58395 2.5694e-19)
(0.850903 1.6894 -2.04354e-19)
(0.830305 1.68523 5.35524e-19)
(0.787025 1.64759 -1.79246e-19)
(0.7388 1.60999 -1.17723e-19)
(0.684905 1.57641 -1.52847e-19)
(0.623793 1.54918 -1.79476e-19)
(0.553672 1.53188 1.07436e-19)
(0.513376 1.62598 0)
(0.747472 2.86274 0)
(0.923889 3.55289 -6.34876e-20)
(0.86901 3.37746 -1.13392e-19)
(0.465416 1.87016 2.29747e-19)
(-0.0926197 -0.0755388 4.41745e-19)
(-0.118657 -0.26954 2.02367e-19)
(-0.0814743 -0.24186 -5.72882e-20)
(-0.0205747 -0.100576 3.32919e-20)
(0.00295487 -0.00812643 0)
(0.358416 0.769436 -1.47823e-18)
(0.55493 1.16928 6.25006e-19)
(0.766527 1.6078 -2.43243e-19)
(0.811408 1.72284 -3.59365e-19)
(0.794958 1.71976 -5.2799e-19)
(0.756278 1.68231 -1.86085e-19)
(0.713069 1.64494 0)
(0.664581 1.61179 -1.52427e-19)
(0.609522 1.58533 1.84461e-19)
(0.546392 1.57066 5.33303e-20)
(0.527368 1.71096 1.60359e-19)
(0.805023 3.072 -1.00277e-20)
(0.942233 3.54986 -1.69059e-21)
(0.845627 3.22989 1.12224e-19)
(0.329411 1.20243 1.48242e-19)
(-0.100939 -0.198712 0)
(-0.0767909 -0.366115 -4.15466e-20)
(-0.0255902 -0.274563 -4.3669e-19)
(0.0394706 -0.0543199 -3.12516e-20)
(0.0443536 0.061369 0)
(0.315003 0.739959 1.78644e-19)
(0.504871 1.1524 0)
(0.718884 1.62325 4.78668e-19)
(0.76853 1.75231 3.48554e-19)
(0.756928 1.75179 -5.27978e-19)
(0.723469 1.71504 1.65042e-19)
(0.685851 1.67811 2.52898e-19)
(0.643362 1.6455 9.02566e-20)
(0.594957 1.61981 1.12537e-19)
(0.53954 1.60785 0)
(0.542289 1.79657 0)
(0.848751 3.21411 1.01643e-19)
(0.948306 3.54317 -6.77259e-20)
(0.80716 3.0535 0)
(0.223846 0.569671 6.38808e-20)
(-0.00677477 -0.383277 -7.92099e-20)
(-0.00170297 -0.432193 9.83808e-20)
(0.0573437 -0.219658 -4.64879e-19)
(0.106213 0.0797699 3.24761e-20)
(0.0952051 0.205484 -4.4209e-21)
(0.266371 0.691602 6.7663e-19)
(0.449318 1.11405 -7.25666e-19)
(0.665979 1.62619 2.21915e-19)
(0.722619 1.77573 1.70459e-19)
(0.716587 1.78016 2.47634e-19)
(0.688798 1.7448 3.53414e-19)
(0.657288 1.70864 0)
(0.621285 1.67668 -1.72288e-19)
(0.580149 1.65183 2.18074e-19)
(0.533362 1.64236 -7.69595e-20)
(0.555701 1.87441 -1.13683e-19)
(0.881938 3.30507 5.97024e-20)
(0.943634 3.54749 1.53802e-19)
(0.742496 2.87945 0)
(0.0461606 0.206747 0)
(-0.118764 -0.463822 -1.06183e-19)
(-0.0764083 -0.391994 0)
(0.0141179 0.0167244 0)
(0.0620875 0.271141 3.70385e-20)
(0.0688505 0.239766 7.02083e-19)
(0.216926 0.61928 -1.3297e-18)
(0.384108 1.04928 1.22021e-18)
(0.607457 1.61035 -8.43715e-19)
(0.674337 1.79062 -4.9414e-19)
(0.674376 1.80342 -2.31527e-19)
(0.652741 1.77057 0)
(0.627597 1.7356 0)
(0.598447 1.70448 -1.67253e-19)
(0.565113 1.68038 -6.54204e-20)
(0.528187 1.67264 8.32672e-20)
(0.56455 1.93532 1.28588e-19)
(0.913991 3.35629 -8.88606e-20)
(0.951523 3.57335 -1.07447e-19)
(0.671726 2.79757 -4.24145e-20)
(-0.114305 0.208464 1.62342e-19)
(-0.32265 -0.469632 1.83409e-19)
(-0.224996 -0.334991 -5.27209e-19)
(-0.0713854 0.0645225 0)
(0.00302729 0.198869 -6.04019e-19)
(0.0175765 0.107264 -7.5963e-19)
(0.16178 0.526018 -6.08702e-19)
(0.310994 0.949691 6.27015e-19)
(0.53947 1.56937 0)
(0.623307 1.79324 2.97048e-19)
(0.630803 1.81984 -1.09317e-20)
(0.615955 1.79149 1.72383e-19)
(0.597143 1.75816 2.26726e-21)
(0.574883 1.728 -1.66604e-19)
(0.549674 1.70425 6.13002e-20)
(0.5234 1.69701 0)
(0.568273 1.96316 2.51405e-19)
(0.952901 3.36408 9.34959e-20)
(1.02536 3.59154 -1.62223e-19)
(0.736384 2.85678 0)
(-0.10027 0.452599 0)
(-0.415879 -0.612727 6.39147e-20)
(-0.314671 -0.565845 2.66406e-19)
(-0.0982163 -0.117231 0)
(-0.00776597 0.0638266 6.39607e-19)
(-0.00613513 0.00395173 -1.49434e-18)
(0.107084 0.404491 6.76357e-20)
(0.234105 0.806602 -1.13404e-19)
(0.465771 1.48775 -5.36962e-19)
(0.568526 1.77814 -2.12473e-19)
(0.587284 1.82783 2.13013e-19)
(0.579361 1.80723 1.52211e-22)
(0.566323 1.77576 1.11623e-19)
(0.550435 1.74658 0)
(0.533115 1.72228 1.18816e-19)
(0.51666 1.71323 -8.63817e-20)
(0.564841 1.9404 1.501e-19)
(0.98129 3.30133 -7.67677e-21)
(1.13508 3.55314 1.43375e-19)
(1.07367 2.97803 3.19422e-19)
(0.390486 0.906434 3.85979e-19)
(-0.0478841 -0.712331 5.89718e-20)
(-0.101685 -0.752515 -1.92217e-19)
(-0.0050019 -0.264317 2.4272e-20)
(0.0473243 0.0578058 4.99567e-19)
(0.0173796 0.0406025 2.12925e-20)
(0.0591248 0.262237 -3.16895e-20)
(0.155063 0.607189 1.46044e-21)
(0.38618 1.35044 -1.21555e-19)
(0.511582 1.7347 0)
(0.54556 1.8268 0)
(0.544183 1.81857 7.21952e-20)
(0.535337 1.78867 -1.10735e-19)
(0.524838 1.75991 -1.55368e-19)
(0.513734 1.73447 1.13013e-19)
(0.505604 1.71887 4.19626e-20)
(0.541865 1.89151 4.94148e-22)
(0.940337 3.1547 -6.33636e-21)
(1.06836 3.43358 -1.0702e-19)
(1.04922 2.96255 -3.65706e-20)
(0.598571 1.19264 2.44356e-20)
(0.245664 -0.34268 -1.22145e-20)
(0.036111 -0.481648 1.95824e-20)
(0.069922 -0.122766 0)
(0.105865 0.221457 3.79967e-21)
(0.0545956 0.18939 1.23137e-20)
(0.0244589 0.123081 1.60753e-19)
(0.0827559 0.363304 0)
(0.29818 1.13269 -1.09589e-19)
(0.450478 1.6468 0)
(0.503472 1.81225 -1.30905e-19)
(0.510376 1.82467 -6.64253e-20)
(0.504555 1.79791 5.05197e-20)
(0.497267 1.76944 7.254e-20)
(0.489937 1.74194 -5.50752e-20)
(0.485123 1.71786 -7.72975e-20)
(0.505494 1.83038 6.90708e-20)
(0.803651 3.00092 0)
(0.895228 3.39841 0)
(0.792023 3.11404 -1.27649e-20)
(0.347235 1.45372 -6.05507e-20)
(-0.30821 0.373379 -1.64648e-20)
(-0.545508 -0.364008 -3.6375e-20)
(-0.563354 -0.617884 2.82034e-20)
(-0.259851 -0.158817 -4.64913e-21)
(0.0308121 0.425897 -1.21147e-19)
(0.00780674 0.0202323 1.07147e-19)
(0.0330075 0.138513 2.97906e-20)
(0.191408 0.789466 8.00697e-21)
(0.382023 1.49107 1.28709e-20)
(0.46138 1.77593 0)
(0.477099 1.82336 -1.50885e-20)
(0.474254 1.80613 1.16645e-20)
(0.467577 1.77701 3.0054e-22)
(0.461443 1.74807 0)
(0.455856 1.71852 -9.03368e-21)
(0.468901 1.78739 2.32004e-22)
(0.687097 2.83514 0)
(0.802234 3.4905 -3.23619e-20)
(0.679052 3.45001 -9.12133e-21)
(0.368946 2.22251 -5.66871e-20)
(0.0575374 1.31545 1.41756e-20)
(-0.22285 0.240961 0)
(-0.352563 -0.927737 1.50484e-19)
(-0.372146 -1.48789 -1.41508e-19)
(-0.191883 -1.19918 8.4148e-22)
(-0.000289595 -0.0284998 0)
(0.0102098 0.00162668 3.6598e-33)
(0.0816244 0.358691 0)
(0.280864 1.17921 0)
(0.410674 1.68675 0)
(0.443175 1.8144 0)
(0.444123 1.81545 0)
(0.436731 1.78416 -4.97575e-34)
(0.429964 1.7548 0)
(0.42959 1.7202 -1.11661e-33)
(0.433539 1.75935 0)
(0.640198 2.53564 0)
(0.891983 3.50299 0)
(0.979553 3.64359 0)
(0.906052 3.18609 0)
(0.599619 1.92227 0)
(0.402716 0.736581 0)
(0.216848 -0.399421 0)
(0.0720642 -1.26784 0)
(-0.0417731 -1.80651 0)
(-0.000252774 -0.028207 0)
(0.00260213 -0.0585318 0)
(0.0290546 0.0816322 0)
(0.156001 0.70885 0)
(0.336306 1.48743 0)
(0.404247 1.78202 0)
(0.411034 1.81664 0)
(0.405535 1.79126 0)
(0.402039 1.75683 0)
(0.399933 1.72126 0)
(0.412992 1.72176 0)
(0.564793 2.12728 0)
(0.971206 3.28371 0)
(1.16466 3.52271 0)
(1.23795 3.27719 0)
(1.11721 2.40015 0)
(0.886791 1.25534 0)
(0.603458 0.180344 0)
(0.337856 -0.656516 0)
(0.0978169 -1.27835 0)
(-0.000159363 -0.0271026 0)
(0.000620392 -0.0815752 0)
(0.0119054 -0.027108 0)
(0.0676472 0.317193 0)
(0.247871 1.19709 0)
(0.356116 1.71149 0)
(0.374746 1.81305 0)
(0.37324 1.79852 0)
(0.36786 1.75996 0)
(0.363862 1.71627 0)
(0.386964 1.69221 0)
(0.448913 1.86377 0)
(0.883235 2.87077 0)
(1.13456 3.28689 0)
(1.2305 3.15093 0)
(1.20576 2.62716 0)
(1.01013 1.77777 0)
(0.711307 0.92581 0)
(0.405526 0.198681 0)
(0.135862 -0.413117 0)
(-5.38699e-05 -0.0257731 0)
(-5.63211e-05 -0.0911446 0)
(0.0068941 -0.0821423 0)
(0.03592 0.107407 0)
(0.161123 0.866775 0)
(0.297178 1.59464 0)
(0.334017 1.8002 0)
(0.334699 1.80367 0)
(0.329081 1.76115 0)
(0.325727 1.70792 0)
(0.337952 1.66493 0)
(0.368282 1.73014 0)
(0.655318 2.44514 0)
(0.9473 3.12661 0)
(1.00519 3.11313 0)
(0.977027 2.83764 0)
(0.821452 2.25581 0)
(0.580431 1.62646 0)
(0.327712 1.0297 0)
(0.103241 0.444073 0)
(-0.000486474 -0.0222012 0)
(-0.00599524 -0.0884994 0)
(-0.00622272 -0.117912 0)
(0.0156115 -0.00204729 0)
(0.089553 0.571942 0)
(0.232275 1.43945 0)
(0.288082 1.7742 0)
(0.291171 1.80456 0)
(0.285638 1.76312 0)
(0.279495 1.70632 0)
(0.285036 1.64747 0)
(0.313139 1.6721 0)
(0.406466 2.06224 0)
(0.705561 2.96358 0)
(0.718251 3.10492 0)
(0.686066 3.02642 0)
(0.563269 2.66539 0)
(0.384775 2.19301 0)
(0.204156 1.67018 0)
(0.0553943 1.05223 0)
(-0.00197181 0.00321971 0)
(-0.0171611 -0.0483548 0)
(-0.0205283 -0.128871 0)
(-0.00438082 -0.0768215 0)
(0.0438067 0.343034 0)
(0.174806 1.26592 0)
(0.241739 1.73821 0)
(0.243622 1.80612 0)
(0.235664 1.76925 0)
(0.230886 1.70681 0)
(0.232452 1.63826 0)
(0.253464 1.64573 0)
(0.270307 1.89087 0)
(0.465629 2.82825 0)
(0.478674 3.13777 0)
(0.42726 3.15737 0)
(0.346623 2.97527 0)
(0.220902 2.59563 0)
(0.104882 2.091 0)
(0.0194725 1.39648 0)
(-0.00200439 0.0420894 0)
(0.00138595 -0.0365129 0)
(0.0472137 -0.194141 0)
(0.0965579 -0.145103 0)
(0.097877 0.200272 0)
(0.157759 1.1009 0)
(0.200745 1.7064 0)
(0.190042 1.81108 0)
(0.179635 1.77556 0)
(0.178795 1.70537 0)
(0.18215 1.63252 0)
(0.196772 1.63554 0)
(0.194227 1.82314 0)
(0.288101 2.74578 0)
(0.291281 3.18227 0)
(0.246196 3.26974 0)
(0.193377 3.18644 0)
(0.108712 2.85535 0)
(0.0410123 2.33352 0)
(-0.000287021 1.54583 0)
(0.00203188 0.0238766 0)
(0.0638508 -0.266106 0)
(0.169901 -0.421585 0)
(0.213557 -0.230211 0)
(0.185641 0.271157 0)
(0.135599 1.0411 0)
(0.142011 1.70335 0)
(0.120549 1.82116 0)
(0.113919 1.77755 0)
(0.12136 1.69997 0)
(0.131437 1.62173 0)
(0.146512 1.62768 0)
(0.141005 1.80331 0)
(0.178663 2.7066 0)
(0.165057 3.21871 0)
(0.129811 3.35284 0)
(0.0945458 3.31708 0)
(0.0418885 3.0094 0)
(0.00774098 2.45587 0)
(-0.00917689 1.58019 0)
(0.00950522 -0.118278 0)
(0.0914529 -0.655341 0)
(0.149106 -0.611602 0)
(0.139135 -0.173822 0)
(0.102185 0.392721 0)
(0.0397597 1.10115 0)
(0.0203528 1.728 0)
(0.0193835 1.82637 0)
(0.0352927 1.76933 0)
(0.0594323 1.68716 0)
(0.0819471 1.60831 0)
(0.102571 1.62037 0)
(0.0995459 1.80468 0)
(0.1047 2.70812 0)
(0.0868183 3.25059 0)
(0.0618227 3.40809 0)
(0.038038 3.3951 0)
(0.00767225 3.09198 0)
(-0.00748228 2.51061 0)
(-0.011366 1.55994 0)
(0.0121525 -0.314338 0)
(0.0470831 -0.80718 0)
(0.0316032 -0.572345 0)
(-0.00750915 -0.0868012 0)
(-0.0579061 0.505903 0)
(-0.125706 1.20932 0)
(-0.141417 1.73442 0)
(-0.100048 1.7996 0)
(-0.0486212 1.74073 0)
(-0.00233093 1.66182 0)
(0.0350204 1.58866 0)
(0.0628502 1.60983 0)
(0.0689683 1.81283 0)
(0.0567685 2.73332 0)
(0.0344604 3.28433 0)
(0.0176671 3.44591 0)
(0.00502552 3.4388 0)
(-0.00793376 3.13029 0)
(-0.0133643 2.53106 0)
(-0.0111674 1.51575 0)
(0.00463247 -0.39754 0)
(-0.0209064 -0.735443 0)
(-0.0852337 -0.420541 0)
(-0.160821 0.0660484 0)
(-0.238223 0.661315 0)
(-0.300942 1.31431 0)
(-0.275261 1.66493 0)
(-0.19638 1.72356 0)
(-0.121034 1.68313 0)
(-0.0558904 1.62247 0)
(-0.00775728 1.56199 0)
(0.0244916 1.59176 0)
(0.0398924 1.81442 0)
(0.0196054 2.75898 0)
(-0.000171574 3.30489 0)
(-0.0105022 3.46491 0)
(-0.0160921 3.45732 0)
(-0.019101 3.14052 0)
(-0.0183464 2.53428 0)
(-0.0108118 1.45927 0)
(-0.00598441 -0.336246 0)
(-0.0673991 -0.495859 0)
(-0.161275 -0.172214 0)
(-0.258758 0.283085 0)
(-0.346489 0.821379 0)
(-0.379685 1.31675 0)
(-0.32665 1.55138 0)
(-0.242266 1.61554 0)
(-0.16229 1.60614 0)
(-0.093994 1.57359 0)
(-0.0450968 1.53159 0)
(-0.0128869 1.56554 0)
(0.00389515 1.81656 0)
(-0.0178399 2.78924 0)
(-0.0281284 3.31845 0)
(-0.0297598 3.46929 0)
(-0.0277092 3.45597 0)
(-0.0233242 3.13117 0)
(-0.019703 2.52554 0)
(-0.00950847 1.39703 0)
(-0.00891115 -0.186561 0)
(-0.074686 -0.195928 0)
(-0.168017 0.106602 0)
(-0.263035 0.500779 0)
(-0.336829 0.929418 0)
(-0.350879 1.27388 0)
(-0.302727 1.44544 0)
(-0.238176 1.5177 0)
(-0.171387 1.53257 0)
(-0.113895 1.52568 0)
(-0.0724879 1.50322 0)
(-0.0473995 1.54475 0)
(-0.0446707 1.82381 0)
(-0.0460626 2.80846 0)
(-0.0471303 3.32002 0)
(-0.0416472 3.46441 0)
(-0.0347815 3.44443 0)
(-0.0259235 3.11382 0)
(-0.0203738 2.51 0)
(-0.00840543 1.33514 0)
(-0.00571021 -0.0457574 0)
(-0.0566419 0.0737082 0)
(-0.130371 0.351777 0)
(-0.204079 0.682554 0)
(-0.258908 1.00988 0)
(-0.270433 1.24846 0)
(-0.246049 1.38302 0)
(-0.205004 1.45162 0)
(-0.159157 1.4773 0)
(-0.117039 1.48784 0)
(-0.0873764 1.48145 0)
(-0.0745639 1.53525 0)
(-0.0800792 1.82532 0)
(-0.0607836 2.80814 0)
(-0.0544769 3.30641 0)
(-0.043657 3.44692 0)
(-0.0341813 3.42224 0)
(-0.0243714 3.09139 0)
(-0.0199579 2.48995 0)
(-0.00723014 1.27458 0)
(-0.00307057 0.0439812 0)
(-0.0344519 0.267507 0)
(-0.0846078 0.533525 0)
(-0.136344 0.81901 0)
(-0.176556 1.07492 0)
(-0.190412 1.24756 0)
(-0.184871 1.35513 0)
(-0.164153 1.41387 0)
(-0.136408 1.44163 0)
(-0.109285 1.46144 0)
(-0.0895415 1.46575 0)
(-0.0837866 1.53636 0)
(-0.0912237 1.82242 0)
(-0.0578 2.79034 0)
(-0.0478903 3.29003 0)
(-0.0371129 3.4295 0)
(-0.0282997 3.40117 0)
(-0.0208899 3.07591 0)
(-0.0188042 2.472 0)
(-0.00603206 1.21806 0)
(-0.00126072 0.0900015 0)
(-0.0177567 0.388138 0)
(-0.0490998 0.65602 0)
(-0.0837371 0.914854 0)
(-0.113057 1.12756 0)
(-0.12826 1.26148 0)
(-0.132468 1.34742 0)
(-0.124864 1.39472 0)
(-0.11025 1.42047 0)
(-0.0945751 1.44446 0)
(-0.0817284 1.45735 0)
(-0.0812276 1.54201 0)
(-0.0851596 1.81717 0)
(-0.0484093 2.75188 0)
(-0.0324039 3.27357 0)
(-0.0264177 3.41552 0)
(-0.0218921 3.3859 0)
(-0.019654 3.0708 0)
(-0.0198166 2.4538 0)
(-0.00519139 1.16354 0)
(-0.000380881 0.109368 0)
(-0.00763965 0.454134 0)
(-0.025563 0.733871 0)
(-0.0480251 0.980111 0)
(-0.0690322 1.16938 0)
(-0.0832572 1.28089 0)
(-0.0913256 1.35082 0)
(-0.0911083 1.38825 0)
(-0.0845298 1.4102 0)
(-0.075908 1.43405 0)
(-0.0669096 1.45174 0)
(-0.0641824 1.54758 0)
(-0.0647787 1.80963 0)
(-0.0363916 2.69906 0)
(-0.0170292 3.26223 0)
(-0.0166934 3.41149 0)
(-0.0181576 3.38349 0)
(-0.0199771 3.07517 0)
(-0.0215308 2.43153 0)
(-0.0043456 1.11043 0)
(9.18622e-06 0.115105 0)
(-0.00206059 0.484484 0)
(-0.0109406 0.780265 0)
(-0.0248522 1.02332 0)
(-0.0394453 1.20135 0)
(-0.0515446 1.30031 0)
(-0.0603897 1.35853 0)
(-0.0635721 1.3877 0)
(-0.0616245 1.40545 0)
(-0.0569458 1.42706 0)
(-0.0490828 1.4466 0)
(-0.0421973 1.54788 0)
(-0.0384262 1.80385 0)
(-0.0240886 2.64855 0)
(-0.00628296 3.2592 0)
(-0.0119935 3.42059 0)
(-0.0190855 3.39081 0)
(-0.0262733 3.08932 0)
(-0.0246284 2.39652 0)
(-0.00417712 1.05794 0)
(0.000164121 0.114432 0)
(0.000858286 0.49336 0)
(-0.0023039 0.80504 0)
(-0.0102714 1.05089 0)
(-0.0200658 1.22479 0)
(-0.0297125 1.31741 0)
(-0.0378432 1.3674 0)
(-0.0421468 1.3899 0)
(-0.0424646 1.40369 0)
(-0.0391531 1.42177 0)
(-0.031115 1.44089 0)
(-0.0188246 1.54176 0)
(-0.0105464 1.80187 0)
(-0.0119199 2.61619 0)
(-0.00338662 3.26222 0)
(-0.0133152 3.43855 0)
(-0.0248798 3.40964 0)
(-0.0328999 3.10189 0)
(-0.02642 2.34329 0)
(-0.00408676 1.00525 0)
(0.000202965 0.110902 0)
(0.00200221 0.491057 0)
(0.00235198 0.815363 0)
(-0.00145328 1.06757 0)
(-0.00774253 1.2414 0)
(-0.0150612 1.33152 0)
(-0.0219242 1.37587 0)
(-0.0262205 1.39296 0)
(-0.0273651 1.40286 0)
(-0.0243725 1.41644 0)
(-0.0150167 1.43256 0)
(0.00214029 1.52947 0)
(0.0130094 1.80527 0)
(-0.00432651 2.60905 0)
(-0.00514077 3.27261 0)
(-0.0198009 3.4637 0)
(-0.0328676 3.43191 0)
(-0.0390152 3.10428 0)
(-0.0260003 2.27545 0)
(-0.00398648 0.955276 0)
(0.0002116 0.106445 0)
(0.00252829 0.482332 0)
(0.00481135 0.816335 0)
(0.00359605 1.07672 0)
(-0.000286758 1.25283 0)
(-0.00576825 1.3426 0)
(-0.0113952 1.38314 0)
(-0.0151453 1.39591 0)
(-0.0163688 1.40223 0)
(-0.0132403 1.41091 0)
(-0.00287174 1.42205 0)
(0.0175301 1.5133 0)
(0.0283749 1.81358 0)
(-0.00120954 2.62377 0)
(-0.0143649 3.29411 0)
(-0.0305692 3.49122 0)
(-0.0421174 3.45153 0)
(-0.0431647 3.09425 0)
(-0.0244246 2.19904 0)
(-0.00394118 0.908609 0)
(0.00020559 0.101857 0)
(0.00251651 0.471544 0)
(0.00556555 0.812189 0)
(0.00603219 1.0809 0)
(0.00374839 1.26071 0)
(-0.000417268 1.35129 0)
(-0.00508419 1.38923 0)
(-0.00830171 1.39866 0)
(-0.00973682 1.40172 0)
(-0.00713536 1.40571 0)
(0.00344279 1.41018 0)
(0.0233754 1.49716 0)
(0.0317661 1.82731 0)
(-0.00611748 2.66283 0)
(-0.0289641 3.31899 0)
(-0.0434777 3.51447 0)
(-0.0504987 3.46164 0)
(-0.0451195 3.06528 0)
(-0.0220742 2.12131 0)
(-0.00380264 0.865814 0)
(0.000185375 0.0975829 0)
(0.00223928 0.460789 0)
(0.0053779 0.805342 0)
(0.00668045 1.08205 0)
(0.00540681 1.26631 0)
(0.0020827 1.35829 0)
(-0.00197204 1.39444 0)
(-0.00510066 1.40141 0)
(-0.00703502 1.40182 0)
(-0.00574463 1.40134 0)
(0.00202895 1.39925 0)
(0.0174606 1.48324 0)
(0.0222246 1.84672 0)
(-0.0188985 2.71313 0)
(-0.0448839 3.34428 0)
(-0.0555064 3.52892 0)
(-0.0562286 3.45871 0)
(-0.0439893 3.02071 0)
(-0.0191871 2.04803 0)
(-0.00351996 0.827606 0)
(0.000158094 0.0939036 0)
(0.00182354 0.45139 0)
(0.00453743 0.797956 0)
(0.00623072 1.0814 0)
(0.00544408 1.2704 0)
(0.00259172 1.36421 0)
(-0.00117451 1.39931 0)
(-0.0045279 1.40467 0)
(-0.00739677 1.4029 0)
(-0.00821634 1.39896 0)
(-0.0061616 1.39195 0)
(0.00130764 1.47417 0)
(0.000622138 1.8685 0)
(-0.038027 2.76468 0)
(-0.0618271 3.36534 0)
(-0.0648191 3.53061 0)
(-0.0584494 3.44253 0)
(-0.0403025 2.96483 0)
(-0.0160431 1.98284 0)
(-0.00307014 0.794707 0)
(0.000125922 0.0909606 0)
(0.00133401 0.444075 0)
(0.00335015 0.791441 0)
(0.00490929 1.08 0)
(0.00444499 1.27369 0)
(0.00188244 1.36963 0)
(-0.00177426 1.4043 0)
(-0.00550351 1.40839 0)
(-0.0096445 1.40538 0)
(-0.0137016 1.39989 0)
(-0.0180704 1.3903 0)
(-0.0213954 1.47146 0)
(-0.0290971 1.89041 0)
(-0.0604685 2.81021 0)
(-0.0746448 3.37339 0)
(-0.0692789 3.52034 0)
(-0.0560747 3.41127 0)
(-0.0343665 2.90409 0)
(-0.0128046 1.92832 0)
(-0.00240901 0.767912 0)
(0.00020449 0.259117 0)
(0.000732573 0.614246 0)
(0.00148343 0.940252 0)
(0.00189719 1.19054 0)
(0.000665353 1.33914 0)
(-0.00233927 1.40178 0)
(-0.00626562 1.41769 0)
(-0.0110711 1.41576 0)
(-0.0174322 1.41309 0)
(-0.0270359 1.40603 0)
(-0.0437058 1.43007 0)
(-0.0651549 1.62803 0)
(-0.0716602 2.37572 0)
(-0.0801903 3.16385 0)
(-0.069665 3.45271 0)
(-0.0534037 3.44995 0)
(-0.0336211 3.12448 0)
(-0.0152814 2.38153 0)
(-0.0048077 1.29231 0)
(-0.00155008 0.748139 0)
(-0.088046 0.615378 -2.15711e-19)
(0.169268 3.12004 -1.05902e-19)
(0.201333 3.60388 -6.23866e-20)
(0.178805 3.58511 -7.07323e-20)
(0.161689 3.51992 1.51783e-20)
(0.148244 3.48029 8.02721e-22)
(0.12436 3.45061 -1.29561e-20)
(0.115447 3.43942 -1.61069e-20)
(0.0998217 3.34965 4.07798e-19)
(0.0711259 2.4309 4.63854e-19)
(-0.0312543 1.20854 0)
(0.0730627 3.14294 4.57925e-22)
(0.098007 3.54048 1.24824e-19)
(0.0994012 3.5315 2.60923e-19)
(0.0960459 3.48565 2.92749e-19)
(0.0903271 3.45465 1.17157e-20)
(0.0831092 3.43572 4.03639e-19)
(0.0731795 3.43025 4.39947e-19)
(0.0565373 3.3269 4.41171e-19)
(0.025745 2.24776 -3.59989e-21)
(-0.026195 1.04056 1.04386e-19)
(0.0450406 3.06046 -1.63711e-19)
(0.0573086 3.49414 2.30257e-19)
(0.0602901 3.49403 0)
(0.0602962 3.45832 7.05678e-19)
(0.0589308 3.43454 0)
(0.0563752 3.42219 -1.38263e-20)
(0.0533055 3.42375 4.7126e-19)
(0.0481493 3.34194 7.49657e-21)
(0.0287429 2.31589 5.00044e-19)
(-0.0178039 0.941398 -2.57039e-19)
(0.0188681 3.01843 -2.35064e-21)
(0.028725 3.46152 -4.82663e-21)
(0.0337645 3.46386 0)
(0.0365482 3.43459 -1.23252e-20)
(0.038602 3.41599 -4.27085e-19)
(0.040541 3.40822 4.71961e-19)
(0.0428666 3.4133 0)
(0.0432871 3.34828 4.99385e-19)
(0.0295299 2.37982 2.03434e-21)
(-0.0131675 0.889563 -1.60658e-19)
(0.000107051 3.01055 -1.70968e-19)
(0.0102362 3.4367 1.63674e-19)
(0.0160153 3.43791 1.99672e-19)
(0.0212214 3.41273 2.1106e-19)
(0.0260799 3.39747 2.3012e-19)
(0.031252 3.39228 -2.43306e-19)
(0.0369068 3.39934 -2.70153e-19)
(0.0406362 3.3495 -2.50622e-19)
(0.0314459 2.44196 -2.80018e-19)
(-0.0105451 0.871042 -2.76655e-21)
(-0.00987333 3.02184 -3.20929e-21)
(-0.00227611 3.41624 -2.2662e-19)
(0.00443064 3.41377 -2.20307e-19)
(0.0112451 3.3911 -2.43782e-19)
(0.0182958 3.37779 -2.5625e-19)
(0.0258264 3.37407 -2.68249e-19)
(0.0338767 3.3824 2.78787e-19)
(0.0400683 3.34636 -2.72957e-19)
(0.0350522 2.50488 -2.94577e-19)
(-0.00969412 0.870603 1.99882e-19)
(-0.017268 3.04548 2.21773e-19)
(-0.012118 3.39767 3.31494e-21)
(-0.00377492 3.38979 -2.39973e-19)
(0.00443906 3.36843 0)
(0.013286 3.35615 2.99661e-19)
(0.0228522 3.3532 -4.5235e-20)
(0.0330232 3.36231 2.89506e-19)
(0.041826 3.33878 0)
(0.0404345 2.56961 3.094e-19)
(-0.0106312 0.887946 -3.56982e-21)
(-0.0245174 3.07635 1.4489e-20)
(-0.020511 3.37831 5.05342e-19)
(-0.0105663 3.36424 0)
(-0.000841406 3.34343 -2.3515e-22)
(0.00987072 3.33152 2.86602e-19)
(0.021521 3.32889 -1.91247e-20)
(0.0339445 3.33838 3.21657e-19)
(0.0457028 3.32617 -3.33448e-19)
(0.0475401 2.63789 5.25443e-21)
(-0.0130865 0.924486 -2.40993e-19)
(-0.0336039 3.1098 1.23311e-20)
(-0.0294136 3.35565 -1.72802e-20)
(-0.0172738 3.33526 -2.83578e-19)
(-0.00554243 3.31448 -2.37127e-22)
(0.00737547 3.30262 1.99197e-20)
(0.0213944 3.30015 -2.07237e-20)
(0.0363066 3.30979 -1.07081e-20)
(0.0513269 3.30768 1.10328e-20)
(0.056222 2.71009 3.71467e-19)
(-0.0190488 0.995039 -2.7544e-19)
(-0.0456113 3.14121 -2.94194e-19)
(-0.0395976 3.32683 -2.93032e-19)
(-0.0245051 3.30085 0)
(-0.00994019 3.28003 3.24311e-19)
(0.00567469 3.26836 -3.76167e-19)
(0.0222957 3.26621 3.74982e-19)
(0.0398185 3.27601 0)
(0.0579221 3.28251 -3.65542e-19)
(0.0658495 2.78472 2.08881e-19)
(-0.0290663 1.11887 0)
(-0.0601177 3.1651 4.90182e-21)
(-0.0504676 3.28961 1.55751e-21)
(-0.0317181 3.25981 1.70468e-19)
(-0.0137815 3.23977 -1.86894e-19)
(0.00474347 3.22886 -1.70515e-19)
(0.0239186 3.22722 -1.92826e-19)
(0.0439194 3.23711 0)
(0.0644089 3.25027 -2.14241e-19)
(0.0754515 2.86013 2.16045e-19)
(-0.041173 1.31604 -5.22696e-21)
(-0.07357 3.17531 3.49462e-19)
(-0.0597469 3.24391 1.55296e-19)
(-0.0370756 3.21318 1.88115e-19)
(-0.0162968 3.19521 0)
(0.00415798 3.18564 4.16283e-19)
(0.0250103 3.18454 4.57854e-19)
(0.0469366 3.19408 1.39798e-20)
(0.0693089 3.21161 0)
(0.0842326 2.9307 -7.4312e-21)
(-0.0518549 1.5922 -1.92497e-19)
(-0.0835105 3.17007 2.08666e-19)
(-0.0628107 3.19159 -1.26197e-20)
(-0.038822 3.16328 2.16788e-19)
(-0.0170832 3.1475 4.66284e-19)
(0.00376263 3.13932 1.36147e-22)
(0.0248917 3.13926 -2.30016e-19)
(0.0471281 3.14894 0)
(0.0702288 3.169 2.14196e-20)
(0.0906219 2.99289 0)
(-0.0557724 1.93872 -6.51834e-21)
(-0.0840995 3.14854 -1.98578e-19)
(-0.0611453 3.13638 -1.55763e-19)
(-0.0391465 3.1103 0)
(-0.0175299 3.09595 5.98661e-20)
(0.00396357 3.08928 9.7904e-23)
(0.025591 3.09073 -1.57027e-19)
(0.0466621 3.10164 -1.64914e-20)
(0.0672415 3.12417 1.69287e-20)
(0.0924953 3.04055 0)
(-0.0576229 2.33646 -1.105e-19)
(-0.0828166 3.10644 1.43279e-19)
(-0.0604153 3.0756 1.04627e-19)
(-0.0383296 3.05427 1.23544e-19)
(-0.0163841 3.04466 3.34057e-20)
(0.00422275 3.04093 6.75328e-20)
(0.0246868 3.04251 3.4364e-20)
(0.045335 3.05134 1.22111e-19)
(0.0662359 3.07193 1.25398e-19)
(0.0936775 3.06016 7.97914e-21)
(-0.0539156 2.71475 5.46966e-20)
(-0.0775261 3.03479 -8.95171e-21)
(-0.0426164 3.01691 0)
(-0.022489 3.01006 3.36588e-20)
(-0.0084448 3.00847 -1.01338e-19)
(0.00292343 3.00826 8.67879e-22)
(0.0144626 3.00801 -7.16779e-20)
(0.0277128 3.01094 1.76212e-20)
(0.0481033 3.01814 -2.01079e-20)
(0.0862027 3.0274 0)
(0.773648 -0.0450661 0)
(1.00742 -0.0768869 0)
(0.99918 -0.0411458 0)
(0.999879 -0.0220135 0)
(1.00004 -0.0116859 0)
(1.00008 -0.0066497 0)
(1.00007 -0.00392312 0)
(1.00003 -0.00228396 0)
(1.00001 -0.00120658 0)
(0.999993 -0.000417067 0)
(0.999988 0.000282548 0)
(0.99999 0.000984898 0)
(1 0.00184495 0)
(1.00003 0.0031071 0)
(1.00004 0.00516704 0)
(1.00003 0.00879096 0)
(0.999938 0.015916 0)
(0.999607 0.0305913 0)
(1.00215 0.0568388 0)
(0.985011 0.0884661 0)
(0.842515 -0.0556507 0)
(1.0942 -0.072824 0)
(1.06561 -0.0595466 0)
(1.0346 -0.0453685 0)
(1.01748 -0.0319548 0)
(1.00894 -0.0210573 0)
(1.00482 -0.0132204 0)
(1.00279 -0.00774665 0)
(1.00179 -0.00372165 0)
(1.00138 -0.000331215 0)
(1.00149 0.00287913 0)
(1.00212 0.00639572 0)
(1.00352 0.010917 0)
(1.00637 0.0173092 0)
(1.01225 0.0265646 0)
(1.02442 0.0387665 0)
(1.04757 0.0525886 0)
(1.08697 0.0681022 0)
(1.04534 0.0743528 0)
(0.360737 0.0151904 0)
(0.630815 -0.0168137 0)
(0.943662 -0.0411245 0)
(1.10666 -0.051345 0)
(1.08076 -0.0439999 0)
(1.05102 -0.0365396 0)
(1.03086 -0.0294008 0)
(1.01818 -0.0219726 0)
(1.01081 -0.0148473 0)
(1.00682 -0.00858614 0)
(1.00488 -0.00310099 0)
(1.00447 0.00207621 0)
(1.00552 0.00730399 0)
(1.00829 0.0129242 0)
(1.01371 0.0194388 0)
(1.02343 0.0266318 0)
(1.03959 0.0337768 0)
(1.06422 0.0408018 0)
(1.09938 0.0492228 0)
(1.07525 0.0507272 0)
(0.629789 0.0169055 0)
(0.517044 -0.00691639 0)
(0.830784 -0.0225017 0)
(1.09522 -0.0412246 0)
(1.09457 -0.0393683 0)
(1.06412 -0.0332131 0)
(1.04337 -0.0273477 0)
(1.02896 -0.0216756 0)
(1.0191 -0.0157989 0)
(1.01293 -0.00968414 0)
(1.00963 -0.00350452 0)
(1.00888 0.00274303 0)
(1.0107 0.00888184 0)
(1.01519 0.0147599 0)
(1.02298 0.020478 0)
(1.03489 0.0259259 0)
(1.0521 0.031422 0)
(1.07732 0.0372469 0)
(1.10465 0.0422116 0)
(1.01713 0.0359097 0)
(0.515056 0.00703201 0)
(0.452894 -0.00423716 0)
(0.744768 -0.0140002 0)
(1.07129 -0.0330791 0)
(1.10212 -0.034586 0)
(1.07326 -0.0304309 0)
(1.05154 -0.0256698 0)
(1.03673 -0.0205168 0)
(1.02633 -0.0151447 0)
(1.01921 -0.00945019 0)
(1.01503 -0.00327779 0)
(1.014 0.00327547 0)
(1.0163 0.00956253 0)
(1.02164 0.0151235 0)
(1.03012 0.0202225 0)
(1.04235 0.0251023 0)
(1.06015 0.0297796 0)
(1.08666 0.0340659 0)
(1.1024 0.0362113 0)
(0.954287 0.0262024 0)
(0.449701 0.00438045 0)
(0.409732 -0.00300531 0)
(0.680138 -0.00979416 0)
(1.041 -0.026954 0)
(1.10526 -0.0304604 0)
(1.08138 -0.0274227 0)
(1.05874 -0.0235707 0)
(1.04325 -0.0191667 0)
(1.03245 -0.0141628 0)
(1.02501 -0.0086888 0)
(1.02045 -0.00268174 0)
(1.01921 0.00377928 0)
(1.02163 0.00989274 0)
(1.02717 0.0151578 0)
(1.03587 0.0198749 0)
(1.04855 0.0240969 0)
(1.06712 0.0277826 0)
(1.09406 0.0311806 0)
(1.09358 0.0316352 0)
(0.895264 0.0200284 0)
(0.40504 0.00317889 0)
(0.378067 -0.00226325 0)
(0.630735 -0.00731025 0)
(1.00852 -0.0221198 0)
(1.10565 -0.027094 0)
(1.08837 -0.0248072 0)
(1.06529 -0.0213467 0)
(1.04933 -0.0174547 0)
(1.03812 -0.0129174 0)
(1.03037 -0.00772287 0)
(1.02559 -0.00190504 0)
(1.02418 0.00435088 0)
(1.02654 0.0102107 0)
(1.03213 0.0151477 0)
(1.04105 0.0193545 0)
(1.05406 0.0229244 0)
(1.0731 0.0260467 0)
(1.09873 0.0288915 0)
(1.07947 0.0279621 0)
(0.842819 0.0158531 0)
(0.371532 0.00247284 0)
(0.353865 -0.00174729 0)
(0.59214 -0.00563603 0)
(0.976435 -0.0181969 0)
(1.10364 -0.0241087 0)
(1.09474 -0.0225549 0)
(1.07128 -0.0192781 0)
(1.05498 -0.0156434 0)
(1.04351 -0.01143 0)
(1.03549 -0.00654916 0)
(1.03046 -0.00097494 0)
(1.02885 0.0050401 0)
(1.03109 0.0105942 0)
(1.0367 0.0151237 0)
(1.0457 0.0188384 0)
(1.05886 0.0219592 0)
(1.07827 0.0247324 0)
(1.10088 0.0270137 0)
(1.06175 0.0248744 0)
(0.797063 0.012919 0)
(0.34508 0.00200084 0)
(0.334972 -0.00136544 0)
(0.561475 -0.00442296 0)
(0.946208 -0.0150048 0)
(1.09948 -0.0213915 0)
(1.10022 -0.0204289 0)
(1.07691 -0.0173252 0)
(1.06028 -0.0138523 0)
(1.04861 -0.00982512 0)
(1.04038 -0.00517662 0)
(1.0351 0.000142861 0)
(1.03325 0.00587689 0)
(1.03533 0.0110806 0)
(1.04085 0.0152058 0)
(1.04982 0.0185235 0)
(1.06308 0.021295 0)
(1.08281 0.0237563 0)
(1.10152 0.0255121 0)
(1.04167 0.0223191 0)
(0.757129 0.0108308 0)
(0.323442 0.00167293 0)
(0.320047 -0.00107018 0)
(0.536838 -0.00349762 0)
(0.918589 -0.0123769 0)
(1.0937 -0.018855 0)
(1.1049 -0.018376 0)
(1.08236 -0.0154277 0)
(1.06537 -0.0120522 0)
(1.05349 -0.00813703 0)
(1.04508 -0.00364137 0)
(1.03954 0.00146493 0)
(1.03741 0.00690579 0)
(1.03924 0.0117541 0)
(1.04458 0.0155137 0)
(1.05348 0.018479 0)
(1.06683 0.0209323 0)
(1.08678 0.0231175 0)
(1.1006 0.0243181 0)
(1.02012 0.0202422 0)
(0.721926 0.00933223 0)
(0.305175 0.00144284 0)
(0.308227 -0.000832071 0)
(0.516961 -0.00275925 0)
(0.893919 -0.0101691 0)
(1.08689 -0.0164497 0)
(1.10884 -0.0163465 0)
(1.08771 -0.0135314 0)
(1.07036 -0.0101889 0)
(1.05824 -0.00633015 0)
(1.0496 -0.00192993 0)
(1.0438 0.00301037 0)
(1.04133 0.00818082 0)
(1.04283 0.0126893 0)
(1.04793 0.0161034 0)
(1.05674 0.0187266 0)
(1.07016 0.0208781 0)
(1.0903 0.0228306 0)
(1.09808 0.0234508 0)
(0.997721 0.0186106 0)
(0.690427 0.00826733 0)
(0.289283 0.00128496 0)
(0.298939 -0.000631611 0)
(0.50099 -0.00214393 0)
(0.872318 -0.00826494 0)
(1.07958 -0.0141339 0)
(1.11232 -0.0142828 0)
(1.09303 -0.0115792 0)
(1.07532 -0.008219 0)
(1.06293 -0.00435877 0)
(1.05402 1.73608e-06 0)
(1.0479 0.00482001 0)
(1.04502 0.00976297 0)
(1.04612 0.0139531 0)
(1.05092 0.0170303 0)
(1.05959 0.0193164 0)
(1.07308 0.0211695 0)
(1.09305 0.0228608 0)
(1.09387 0.0229087 0)
(0.974834 0.0173926 0)
(0.661731 0.00753377 0)
(0.275035 0.00118223 0)
(0.291811 -0.000453507 0)
(0.488355 -0.00160436 0)
(0.853802 -0.00656349 0)
(1.07224 -0.0118568 0)
(1.11561 -0.0121522 0)
(1.09839 -0.0095029 0)
(1.08034 -0.00607643 0)
(1.06763 -0.00215504 0)
(1.0584 0.00221894 0)
(1.05186 0.00696441 0)
(1.04848 0.0117177 0)
(1.04909 0.0156042 0)
(1.05355 0.0183431 0)
(1.06206 0.0202884 0)
(1.07559 0.0218349 0)
(1.09491 0.0232119 0)
(1.08804 0.0227128 0)
(0.951599 0.0165629 0)
(0.635052 0.00706082 0)
(0.261865 0.00112276 0)
(0.286629 -0.00028549 0)
(0.478709 -0.00110374 0)
(0.838375 -0.00497624 0)
(1.06533 -0.00956114 0)
(1.11882 -0.00988274 0)
(1.10384 -0.00723043 0)
(1.08548 -0.00368473 0)
(1.0724 0.000356954 0)
(1.06277 0.00479996 0)
(1.05573 0.00952905 0)
(1.05173 0.0141219 0)
(1.05177 0.0177121 0)
(1.05581 0.0201069 0)
(1.06412 0.0216939 0)
(1.07766 0.0229174 0)
(1.0958 0.0239473 0)
(1.08059 0.0228379 0)
(0.927995 0.0160866 0)
(0.609705 0.00680069 0)
(0.249328 0.00109807 0)
(0.283304 -0.000117094 0)
(0.471884 -0.000613245 0)
(0.826076 -0.0034289 0)
(1.05924 -0.00718277 0)
(1.12209 -0.00739908 0)
(1.10948 -0.00468479 0)
(1.09082 -0.000958698 0)
(1.07731 0.00326556 0)
(1.0672 0.00784239 0)
(1.05954 0.0126096 0)
(1.0548 0.0170712 0)
(1.05414 0.0203666 0)
(1.05768 0.0224013 0)
(1.06575 0.0236012 0)
(1.07926 0.0244726 0)
(1.09564 0.0251577 0)
(1.07146 0.023332 0)
(0.903883 0.0159562 0)
(0.585087 0.00672426 0)
(0.237059 0.00110353 0)
(0.281841 6.46186e-05 0)
(0.467852 -0.000107428 0)
(0.817001 -0.00185309 0)
(1.05439 -0.00464958 0)
(1.1256 -0.00461504 0)
(1.1154 -0.00176608 0)
(1.09646 0.00221008 0)
(1.08245 0.00668514 0)
(1.07175 0.0114666 0)
(1.06333 0.0163244 0)
(1.05769 0.0206763 0)
(1.05619 0.0236665 0)
(1.05913 0.0253161 0)
(1.06692 0.0261085 0)
(1.08036 0.0265868 0)
(1.09453 0.026893 0)
(1.06055 0.0242378 0)
(0.879 0.0161707 0)
(0.560623 0.00681736 0)
(0.224729 0.00113659 0)
(0.28231 0.000236034 0)
(0.466778 0.000470846 0)
(0.811324 -0.000189533 0)
(1.05119 -0.00187739 0)
(1.12956 -0.00143927 0)
(1.12169 0.00163429 0)
(1.10249 0.00593539 0)
(1.08791 0.0107466 0)
(1.07648 0.0158078 0)
(1.06715 0.0208114 0)
(1.06042 0.0250756 0)
(1.0579 0.0277426 0)
(1.06013 0.0289719 0)
(1.06757 0.0293318 0)
(1.08087 0.0293737 0)
(1.09237 0.0292193 0)
(1.04768 0.025604 0)
(0.852983 0.0167303 0)
(0.535748 0.00706844 0)
(0.212036 0.00119463 0)
(0.285059 0.000486785 0)
(0.468648 0.00103649 0)
(0.809332 0.00159614 0)
(1.05007 0.00124061 0)
(1.13426 0.00223466 0)
(1.12855 0.00564578 0)
(1.10904 0.0103775 0)
(1.09376 0.0156157 0)
(1.08146 0.0210393 0)
(1.07099 0.0262458 0)
(1.06295 0.0304334 0)
(1.05923 0.0327331 0)
(1.06059 0.0334966 0)
(1.06763 0.0333863 0)
(1.08074 0.0329655 0)
(1.08897 0.0322002 0)
(1.03258 0.0274759 0)
(0.825388 0.0176484 0)
(0.509912 0.00747213 0)
(0.198703 0.00127583 0)
(0.290345 0.000769086 0)
(0.474391 0.00183842 0)
(0.811568 0.00373489 0)
(1.05162 0.00479361 0)
(1.13993 0.00656083 0)
(1.13616 0.010464 0)
(1.11624 0.015738 0)
(1.10014 0.0215098 0)
(1.08675 0.0273834 0)
(1.07489 0.0328416 0)
(1.06526 0.0369398 0)
(1.06012 0.038827 0)
(1.06047 0.0390482 0)
(1.067 0.0384018 0)
(1.07987 0.037442 0)
(1.08406 0.0359298 0)
(1.0149 0.0299382 0)
(0.795672 0.0189429 0)
(0.48255 0.00802633 0)
(0.184464 0.00137843 0)
(0.298627 0.0011166 0)
(0.484172 0.00274266 0)
(0.818367 0.00628861 0)
(1.05627 0.00891444 0)
(1.147 0.0117223 0)
(1.14473 0.016296 0)
(1.12428 0.0222525 0)
(1.10716 0.028686 0)
(1.09242 0.0351099 0)
(1.07887 0.0408548 0)
(1.06731 0.0448203 0)
(1.06047 0.0461947 0)
(1.05967 0.0458016 0)
(1.0656 0.0445396 0)
(1.07796 0.0429242 0)
(1.07726 0.0405039 0)
(0.994164 0.0330475 0)
(0.7632 0.0206214 0)
(0.453082 0.00872102 0)
(0.169071 0.0014983 0)
(0.31059 0.00157362 0)
(0.498863 0.00390335 0)
(0.830411 0.00941822 0)
(1.06472 0.01389 0)
(1.15597 0.0179763 0)
(1.15456 0.023436 0)
(1.13336 0.030251 0)
(1.11497 0.037493 0)
(1.09854 0.0445526 0)
(1.08289 0.0505867 0)
(1.06904 0.0543342 0)
(1.0602 0.0550517 0)
(1.05808 0.053943 0)
(1.06333 0.0519786 0)
(1.07474 0.0496125 0)
(1.06815 0.0460844 0)
(0.96978 0.0368643 0)
(0.727253 0.0226831 0)
(0.420938 0.00953853 0)
(0.152318 0.00162911 0)
(0.327218 0.00219307 0)
(0.519574 0.00544246 0)
(0.848599 0.0134268 0)
(1.07783 0.0200381 0)
(1.16739 0.0256984 0)
(1.16601 0.0323388 0)
(1.14372 0.0402211 0)
(1.12368 0.0484199 0)
(1.10508 0.0561655 0)
(1.08685 0.0624157 0)
(1.07029 0.0657676 0)
(1.0592 0.0656384 0)
(1.05554 0.0636382 0)
(1.06004 0.0608826 0)
(1.06987 0.0576866 0)
(1.05623 0.0527829 0)
(0.940998 0.0414297 0)
(0.68703 0.0251004 0)
(0.385579 0.010444 0)
(0.134065 0.00176105 0)
(0.349809 0.00307478 0)
(0.547732 0.00762557 0)
(0.874196 0.0187524 0)
(1.09666 0.0278564 0)
(1.18196 0.0354698 0)
(1.17955 0.0436534 0)
(1.15562 0.0528282 0)
(1.13335 0.062104 0)
(1.11199 0.0705011 0)
(1.09061 0.0767699 0)
(1.07089 0.0794302 0)
(1.05728 0.0781796 0)
(1.05193 0.07505 0)
(1.05562 0.0714126 0)
(1.06329 0.0673744 0)
(1.04082 0.0607119 0)
(0.906931 0.0467322 0)
(0.641711 0.0278026 0)
(0.346578 0.0113759 0)
(0.114288 0.00187905 0)
(0.380502 0.00443214 0)
(0.585394 0.0108711 0)
(0.909031 0.0260929 0)
(1.12257 0.0381981 0)
(1.20038 0.0481955 0)
(1.19563 0.0584121 0)
(1.16921 0.0690757 0)
(1.14394 0.0794236 0)
(1.11905 0.0882331 0)
(1.0939 0.0941145 0)
(1.07057 0.0956129 0)
(1.05421 0.0928643 0)
(1.04706 0.0883541 0)
(1.04995 0.0836688 0)
(1.05493 0.0786716 0)
(1.02107 0.0698731 0)
(0.866553 0.0526808 0)
(0.590563 0.0306473 0)
(0.303746 0.0122358 0)
(0.0931533 0.0019614 0)
(0.422586 0.00671631 0)
(0.635912 0.0161085 0)
(0.956026 0.03676 0)
(1.15733 0.0527915 0)
(1.2234 0.065176 0)
(1.21458 0.0783345 0)
(1.18442 0.090457 0)
(1.15506 0.101505 0)
(1.12578 0.11012 0)
(1.09622 0.114915 0)
(1.06892 0.114584 0)
(1.04969 0.109835 0)
(1.04076 0.103671 0)
(1.04276 0.097734 0)
(1.0442 0.0914631 0)
(0.995806 0.0801707 0)
(0.818743 0.0590456 0)
(0.533165 0.0334126 0)
(0.25739 0.0128893 0)
(0.0711353 0.00198012 0)
(0.481146 0.0114579 0)
(0.705333 0.025559 0)
(1.01989 0.053972 0)
(1.20208 0.0754391 0)
(1.25191 0.0900649 0)
(1.23598 0.106105 0)
(1.20045 0.118932 0)
(1.16587 0.129624 0)
(1.1314 0.136924 0)
(1.09698 0.139564 0)
(1.06555 0.136503 0)
(1.04345 0.129163 0)
(1.03282 0.121029 0)
(1.03376 0.11372 0)
(1.03031 0.105899 0)
(0.963559 0.0912972 0)
(0.76244 0.0653706 0)
(0.469987 0.0358094 0)
(0.208952 0.0132354 0)
(0.0493231 0.00191268 0)
(0.564813 0.0261544 1.86147e-22)
(0.801732 0.0471829 -8.07753e-20)
(1.10068 0.0849876 -3.11558e-21)
(1.25321 0.111116 -6.71998e-21)
(1.284 0.128312 0)
(1.25734 0.144599 -1.13354e-20)
(1.21555 0.156315 9.12142e-21)
(1.17512 0.165069 -1.93605e-22)
(1.13504 0.169834 0)
(1.09542 0.169408 0)
(1.05956 0.162986 2.28641e-20)
(1.03436 0.152718 0)
(1.02188 0.142517 6.60682e-20)
(1.02171 0.134056 8.83992e-20)
(1.01124 0.125082 0)
(0.920159 0.105728 0)
(0.691665 0.0730735 0)
(0.397331 0.0383251 -4.86117e-21)
(0.157932 0.0137229 -5.7209e-21)
(0.028135 0.00203863 -1.0343e-19)
(0.628862 0.0554859 -2.40325e-21)
(0.879646 0.0847401 -6.98346e-20)
(1.16814 0.131447 -1.31228e-20)
(1.29569 0.15995 0)
(1.31219 0.178357 2.23986e-20)
(1.27586 0.192424 8.3569e-20)
(1.22798 0.20195 1.93873e-20)
(1.18162 0.208304 3.20624e-20)
(1.13571 0.210415 5.59767e-20)
(1.09046 0.206963 0)
(1.04954 0.197241 -2.01112e-19)
(1.02058 0.184093 -6.13005e-20)
(1.00579 0.171741 -3.70258e-20)
(1.00219 0.161227 0)
(0.980144 0.14904 -2.04402e-19)
(0.858203 0.123415 -1.51615e-20)
(0.604373 0.0823133 -2.88318e-19)
(0.317006 0.0412619 -6.79954e-19)
(0.106924 0.013702 4.24674e-19)
(0.00781253 0.00119156 4.61374e-19)
(0.65199 0.0929277 -5.08165e-20)
(0.922245 0.133071 5.90946e-20)
(1.21347 0.190062 1.08568e-20)
(1.32677 0.219749 0)
(1.3339 0.237124 0)
(1.29022 0.247143 8.46086e-20)
(1.23679 0.252891 -3.8163e-20)
(1.18483 0.255636 7.00628e-20)
(1.13337 0.254151 -6.2055e-20)
(1.08275 0.246996 1.02708e-19)
(1.03694 0.233559 0)
(1.00432 0.217328 -1.29593e-19)
(0.987097 0.20273 0)
(0.97982 0.190139 -9.44792e-20)
(0.948503 0.174538 2.80873e-19)
(0.809201 0.141844 -3.16293e-20)
(0.550389 0.0919269 -3.92221e-20)
(0.276763 0.0447688 0)
(0.0846327 0.0138037 4.64431e-19)
(-0.000673357 7.79989e-05 -5.13172e-19)
(0.653659 0.129217 -7.35351e-20)
(0.939382 0.183455 7.5524e-20)
(1.24072 0.2531 8.24596e-20)
(1.34723 0.285336 0)
(1.34799 0.300433 8.52707e-20)
(1.29914 0.305938 -7.97003e-20)
(1.24127 0.307223 -7.25487e-20)
(1.18453 0.305716 3.30367e-21)
(1.12815 0.300073 -2.5417e-19)
(1.07261 0.288754 0)
(1.02224 0.271271 2.70209e-21)
(0.986117 0.251738 -9.3061e-22)
(0.966449 0.234817 8.56133e-20)
(0.955931 0.220127 1.02632e-19)
(0.917789 0.20094 1.8312e-19)
(0.773125 0.161821 -7.33415e-20)
(0.520266 0.104395 -4.26831e-20)
(0.26017 0.0509937 3.52903e-19)
(0.0779772 0.0150998 -2.9658e-20)
(-0.00376369 -0.000854576 5.26061e-19)
(0.646608 0.161885 5.60101e-20)
(0.942362 0.232341 -4.25862e-21)
(1.25503 0.316753 -8.06393e-20)
(1.35855 0.352213 -8.12648e-20)
(1.35498 0.365094 -7.0106e-20)
(1.30246 0.366258 -1.09847e-19)
(1.24122 0.363024 0)
(1.18064 0.357137 0)
(1.1201 0.347154 -1.38582e-19)
(1.06022 0.331479 0)
(1.00567 0.309779 -2.52031e-19)
(0.966237 0.286835 1.5684e-19)
(0.94418 0.267493 2.77105e-21)
(0.930775 0.250622 1.14689e-19)
(0.888475 0.228128 -5.37962e-19)
(0.745581 0.183536 -3.17096e-19)
(0.50446 0.119679 -4.21474e-19)
(0.258504 0.0599962 8.82639e-19)
(0.0814033 0.0183233 1.04283e-18)
(-0.00219348 -0.000905726 -3.81318e-20)
(0.636315 0.191567 0)
(0.937644 0.278315 0)
(1.26053 0.379165 0)
(1.36288 0.41848 6.58479e-20)
(1.35613 0.429367 7.65675e-20)
(1.30093 0.42643 1.59849e-19)
(1.23709 0.418865 -7.88226e-20)
(1.17341 0.408732 2.23765e-19)
(1.10938 0.394482 2.87332e-19)
(1.0457 0.374482 0)
(0.987373 0.348587 -2.70487e-19)
(0.944834 0.322261 1.62068e-19)
(0.920397 0.300494 0)
(0.904377 0.281471 0)
(0.85973 0.255962 -1.47326e-19)
(0.722555 0.206922 2.61929e-19)
(0.495556 0.137161 0)
(0.262869 0.0712997 -9.62309e-19)
(0.0901011 0.0236257 1.14148e-18)
(0.00282759 0.000277604 -1.33909e-18)
(0.625724 0.219028 4.55452e-21)
(0.92923 0.321344 -2.713e-21)
(1.25995 0.439408 3.54134e-20)
(1.36184 0.482955 -3.0611e-20)
(1.35268 0.492172 0)
(1.2955 0.485461 -7.37386e-20)
(1.22961 0.473849 8.38626e-20)
(1.16337 0.459703 3.13594e-19)
(1.09636 0.441383 -1.43682e-19)
(1.02934 0.417214 2.73343e-19)
(0.967618 0.38724 -1.41526e-19)
(0.922211 0.357542 -1.76838e-19)
(0.895487 0.333347 -2.22988e-19)
(0.877156 0.312359 -1.31074e-19)
(0.831451 0.28403 7.97195e-19)
(0.70112 0.231239 4.72409e-19)
(0.488606 0.156144 1.12461e-19)
(0.268841 0.0844093 -5.24052e-19)
(0.10052 0.030694 -7.74432e-20)
(0.00928624 0.00246979 1.45968e-18)
(0.615918 0.244777 -8.45622e-21)
(0.919331 0.361768 0)
(1.25522 0.497041 -8.28554e-21)
(1.35679 0.545027 -2.12063e-20)
(1.3457 0.55281 1.11092e-20)
(1.28699 0.542731 -8.04109e-20)
(1.21949 0.527412 -1.58831e-19)
(1.15113 0.50954 -1.61806e-19)
(1.08153 0.487397 -4.71897e-19)
(1.01154 0.459279 -1.39686e-19)
(0.946726 0.425346 1.52015e-19)
(0.898669 0.392312 -3.89911e-19)
(0.869867 0.365774 1.42167e-21)
(0.849605 0.342958 -2.91305e-19)
(0.803303 0.311992 -1.74868e-19)
(0.679892 0.255519 2.0548e-19)
(0.48063 0.175787 3.63843e-19)
(0.273452 0.0982859 0)
(0.109923 0.0388208 -8.43158e-20)
(0.0157706 0.00538359 -1.43954e-18)
(0.607423 0.269176 0)
(0.909236 0.399873 -2.88205e-20)
(1.24784 0.551879 0)
(1.34882 0.604366 1.9018e-20)
(1.33607 0.610921 7.00821e-20)
(1.27617 0.597839 -3.21086e-21)
(1.20739 0.579179 -1.26053e-20)
(1.13724 0.557902 7.92309e-20)
(1.06538 0.532231 7.84772e-20)
(0.992694 0.500398 8.75028e-20)
(0.924992 0.462655 -7.87045e-22)
(0.874488 0.426403 -2.06018e-19)
(0.843859 0.39768 -2.54723e-19)
(0.821834 0.372946 3.09711e-19)
(0.77506 0.339374 -5.62164e-19)
(0.657686 0.279216 2.23415e-19)
(0.470235 0.19519 -5.28606e-19)
(0.274526 0.11225 1.24723e-18)
(0.116567 0.0471116 -9.15499e-20)
(0.0210667 0.00846147 -1.07392e-19)
(0.600499 0.292616 -2.12374e-20)
(0.899647 0.436136 -1.60611e-20)
(1.23882 0.603872 -2.713e-20)
(1.33886 0.660727 6.38673e-21)
(1.32451 0.666332 4.36256e-20)
(1.26366 0.650551 6.18337e-20)
(1.19385 0.628912 2.53036e-19)
(1.12217 0.604566 3.51242e-19)
(1.0483 0.57568 -9.44684e-20)
(0.973132 0.540403 -3.23955e-19)
(0.902705 0.49904 -3.60792e-19)
(0.849924 0.459735 -4.53554e-19)
(0.817627 0.428839 5.5019e-19)
(0.793978 0.402007 -3.41602e-19)
(0.746689 0.365556 2.06716e-19)
(0.634003 0.301507 -7.27549e-19)
(0.45718 0.213171 5.72592e-19)
(0.271691 0.125041 -6.75585e-19)
(0.119435 0.0545012 9.92274e-20)
(0.0244652 0.0111285 -8.91063e-24)
(0.595007 0.3153 2.94304e-20)
(0.890882 0.470811 -2.27359e-20)
(1.2291 0.652887 3.92336e-20)
(1.32743 0.714118 -3.87313e-21)
(1.31159 0.718952 -7.53397e-20)
(1.24997 0.700756 8.05628e-20)
(1.17934 0.676471 0)
(1.10634 0.649391 1.93301e-19)
(1.03066 0.617618 -8.62854e-20)
(0.95316 0.579186 -2.60455e-19)
(0.880118 0.534437 0)
(0.825158 0.49217 2.50436e-19)
(0.791264 0.458898 -3.01556e-19)
(0.766087 0.429733 -1.09737e-18)
(0.718159 0.390157 -2.19502e-19)
(0.608829 0.321729 -3.91752e-21)
(0.441452 0.228946 0)
(0.26512 0.13594 -5.49068e-19)
(0.118401 0.060285 -1.07042e-19)
(0.0257391 0.0130177 -1.26356e-19)
(0.590884 0.337531 -1.45612e-19)
(0.883029 0.504176 6.00453e-21)
(1.21919 0.699382 2.9862e-20)
(1.315 0.764634 6.899e-21)
(1.2978 0.768754 -3.66771e-20)
(1.23555 0.748415 5.4724e-20)
(1.16423 0.721797 9.26065e-20)
(1.09009 0.692306 1.00818e-19)
(1.01276 0.657968 -1.01894e-19)
(0.933034 0.616689 -9.77112e-20)
(0.857429 0.568806 -2.06334e-19)
(0.800299 0.523547 -5.25823e-19)
(0.764837 0.487637 2.30097e-21)
(0.738232 0.455951 0)
(0.689436 0.412934 -4.71895e-19)
(0.582422 0.339517 2.84963e-19)
(0.423183 0.242227 -1.50929e-18)
(0.255017 0.144299 0)
(0.114241 0.0639736 9.27664e-19)
(0.0252066 0.0139093 0)
(0.587691 0.359273 2.19915e-21)
(0.876112 0.536205 6.51844e-21)
(1.20911 0.743486 -3.7645e-20)
(1.30199 0.812314 0)
(1.28351 0.815779 3.39746e-20)
(1.22072 0.793535 -6.12199e-20)
(1.14884 0.764876 3.73979e-20)
(1.07371 0.733279 -4.72202e-19)
(0.99485 0.696696 9.8393e-20)
(0.91299 0.652891 0)
(0.834817 0.602117 8.74733e-19)
(0.775425 0.553789 2.81573e-19)
(0.73839 0.515075 1.71803e-19)
(0.71039 0.480744 -8.5029e-19)
(0.660333 0.433688 5.11612e-19)
(0.554889 0.35474 0)
(0.402724 0.252628 7.2274e-19)
(0.241874 0.149833 4.25922e-19)
(0.107364 0.065552 1.00048e-18)
(0.0233011 0.0138911 -1.17363e-18)
(0.585602 0.380601 -1.15632e-19)
(0.870161 0.567037 8.65913e-20)
(1.199 0.785335 1.18497e-19)
(1.28872 0.857223 0)
(1.26902 0.860098 -2.14512e-21)
(1.20576 0.836165 -1.32434e-19)
(1.13344 0.805727 1.65576e-19)
(1.05743 0.772308 -4.52409e-20)
(0.977154 0.733786 3.11688e-19)
(0.893226 0.687792 8.32626e-19)
(0.812423 0.634369 -2.34657e-19)
(0.750603 0.582955 -1.54482e-19)
(0.71193 0.541412 2.01887e-21)
(0.682445 0.504159 -2.31433e-19)
(0.630745 0.452166 -2.1717e-21)
(0.526459 0.367118 -2.6983e-21)
(0.380279 0.259977 -1.94798e-19)
(0.226053 0.152383 6.8902e-19)
(0.0980991 0.0649988 1.34733e-19)
(0.0203402 0.0130621 0)
(0.58389 0.401397 7.12774e-20)
(0.864876 0.596542 -5.37809e-20)
(1.18913 0.825164 -6.94586e-20)
(1.27542 0.899447 0)
(1.25454 0.901813 -2.52574e-21)
(1.1909 0.876367 0)
(1.11823 0.84439 3.59298e-20)
(1.04145 0.809414 3.47165e-19)
(0.959859 0.76925 3.19064e-19)
(0.873918 0.721398 -1.26217e-20)
(0.790398 0.665596 -2.73823e-21)
(0.725921 0.611218 6.46603e-19)
(0.685432 0.566879 -4.02969e-19)
(0.654214 0.526092 -4.99622e-19)
(0.600566 0.468055 -5.9827e-19)
(0.497342 0.376536 -2.48487e-21)
(0.356092 0.26417 1.13178e-21)
(0.208104 0.151884 1.2365e-18)
(0.0871797 0.0623572 -1.162e-18)
(0.0166585 0.0114998 0)
(0.582604 0.42159 -2.46397e-19)
(0.860246 0.624878 1.35329e-19)
(1.17939 0.863116 1.75984e-19)
(1.26224 0.939146 -2.01754e-19)
(1.24025 0.941019 -4.08869e-21)
(1.1763 0.914221 -8.65215e-20)
(1.10335 0.880921 2.07637e-19)
(1.0259 0.84463 6.65692e-20)
(0.943099 0.803098 -3.39516e-19)
(0.855204 0.753715 -5.42777e-20)
(0.768876 0.695855 -1.26918e-19)
(0.701486 0.638792 -5.13454e-19)
(0.658853 0.591655 -8.66106e-19)
(0.625459 0.546372 2.69435e-19)
(0.569733 0.481126 3.18086e-19)
(0.467794 0.382838 -7.6378e-19)
(0.331037 0.265021 9.03964e-19)
(0.188816 0.148306 2.65788e-19)
(0.0755944 0.0580209 -3.11787e-19)
(0.0127793 0.00946298 -7.3268e-19)
(0.581583 0.441168 -1.89464e-19)
(0.85608 0.652113 7.95056e-20)
(1.16988 0.899 5.66175e-20)
(1.2493 0.976435 -1.52287e-19)
(1.22627 0.977822 -3.0755e-21)
(1.16208 0.94982 -7.17303e-20)
(1.08894 0.915383 -1.32549e-20)
(1.01091 0.877987 -8.43899e-19)
(0.926993 0.835339 -4.05923e-19)
(0.837219 0.784753 -5.6818e-20)
(0.748008 0.725211 0)
(0.677414 0.665871 7.36288e-19)
(0.632152 0.615852 0)
(0.595971 0.564882 -5.69923e-19)
(0.538127 0.491283 0)
(0.437906 0.385733 0)
(0.305676 0.262049 1.02394e-21)
(0.169571 0.141801 -2.85323e-19)
(0.0644168 0.0524626 1.67711e-18)
(0.00913947 0.00721951 1.5738e-18)
(0.580826 0.460039 1.12669e-19)
(0.852151 0.678199 1.77338e-19)
(1.1606 0.932862 -1.23608e-19)
(1.23666 1.01141 2.3895e-19)
(1.2127 1.01232 4.2946e-20)
(1.14835 0.983248 -2.31343e-20)
(1.07507 0.947846 7.93162e-21)
(0.996542 0.909537 4.71222e-20)
(0.911623 0.86601 -4.93217e-19)
(0.820047 0.81452 5.93276e-20)
(0.727928 0.753724 7.76126e-20)
(0.653839 0.6926 -7.8371e-19)
(0.605333 0.639534 0)
(0.565571 0.581695 -3.10434e-19)
(0.50544 0.498628 0)
(0.407375 0.384606 -4.42067e-19)
(0.280592 0.254338 -1.04433e-18)
(0.152102 0.132015 -3.07217e-19)
(0.0553788 0.046042 3.60551e-19)
(0.00635948 0.00514483 -1.05604e-18)
(0.579912 0.478127 0)
(0.848368 0.7031 0)
(1.15159 0.964758 2.18821e-19)
(1.22439 1.04419 1.66369e-19)
(1.19961 1.04464 0)
(1.13515 1.0146 9.51687e-21)
(1.0618 0.978375 0)
(0.982867 0.93932 -4.84404e-19)
(0.897052 0.895131 -1.09493e-20)
(0.803773 0.843022 1.11981e-18)
(0.708749 0.781421 1.33192e-18)
(0.630904 0.719048 -8.32379e-19)
(0.578462 0.662767 -9.26635e-19)
(0.534197 0.597099 0)
(0.471176 0.503548 -1.205e-18)
(0.375288 0.378874 -9.53726e-19)
(0.25577 0.240057 5.63404e-19)
(0.139052 0.116448 6.58379e-19)
(0.0533993 0.0366315 3.85778e-19)
(0.00845025 0.00356204 -1.13195e-18)
(0.579277 0.495572 1.44651e-19)
(0.844882 0.726772 1.12975e-19)
(1.14282 0.994724 -1.63865e-19)
(1.21249 1.07485 1.54919e-19)
(1.18705 1.07488 0)
(1.12255 1.04397 7.19031e-21)
(1.04916 1.00705 1.43838e-19)
(0.969921 0.967389 -3.95128e-19)
(0.883312 0.922724 0)
(0.788449 0.870258 2.21863e-18)
(0.69059 0.808306 -1.32482e-18)
(0.608772 0.745231 6.61449e-19)
(0.551662 0.685639 6.93662e-22)
(0.501944 0.611548 -1.5877e-18)
(0.434798 0.506832 -2.17e-19)
(0.339743 0.36856 -5.13645e-19)
(0.2287 0.216737 6.04698e-19)
(0.130375 0.0863816 0)
(0.0701016 0.00964994 0)
(0.044322 0.00349578 0)
(0.578375 0.512101 3.29944e-19)
(0.841469 0.749439 4.00163e-19)
(1.13431 1.02292 9.72357e-20)
(1.20093 1.10358 0)
(1.17499 1.10326 1.72261e-19)
(1.1105 1.07163 -5.67039e-21)
(1.03708 1.03415 -1.96917e-20)
(0.957589 0.994064 -8.23349e-19)
(0.870255 0.949132 4.40452e-19)
(0.773882 0.896598 9.96587e-21)
(0.673231 0.83478 -8.34175e-21)
(0.587229 0.771647 0)
(0.524609 0.708823 -1.1017e-18)
(0.468364 0.625807 -3.44007e-19)
(0.395117 0.50974 0)
(0.297342 0.355124 0)
(0.190765 0.184033 0)
(0.108337 0.0324285 -2.15332e-21)
(0.0626253 -0.00444495 -7.95526e-19)
(-0.0218262 0.18618 6.78102e-19)
(0.577505 0.527995 2.75398e-19)
(0.837994 0.771015 2.28998e-19)
(1.12604 1.04959 1.12007e-19)
(1.1896 1.13077 2.491e-19)
(1.16329 1.13031 -2.3136e-20)
(1.09876 1.09821 2.30768e-20)
(1.02527 1.06043 2.72137e-20)
(0.945526 1.02022 4.25538e-19)
(0.857442 0.975386 6.80506e-20)
(0.759526 0.923266 -9.94925e-19)
(0.655922 0.862253 0)
(0.565239 0.799838 8.64949e-19)
(0.495748 0.733941 0)
(0.431605 0.641241 -1.21484e-18)
(0.349479 0.513362 4.20855e-19)
(0.242381 0.341289 1.02108e-18)
(0.126489 0.150354 -5.96009e-19)
(0.0418311 0.174019 -6.9062e-19)
(0.0111001 1.00829 4.04293e-19)
(0.0427825 2.42568 9.08878e-19)
(0.576943 0.543353 2.10152e-19)
(0.834411 0.791612 0)
(1.11812 1.07473 -2.47798e-19)
(1.17849 1.1563 -3.59068e-19)
(1.15206 1.15591 -3.30176e-20)
(1.0875 1.12354 1.73316e-21)
(1.01391 1.08562 -1.22309e-19)
(0.933915 1.04553 -3.87343e-19)
(0.845125 1.00107 2.70829e-20)
(0.745728 0.949757 -1.1353e-18)
(0.639192 0.890152 -1.35998e-18)
(0.543584 0.829153 7.43671e-19)
(0.466044 0.760935 1.10802e-18)
(0.392945 0.65773 -1.77851e-19)
(0.300404 0.517351 -8.55309e-19)
(0.175139 0.333267 4.93564e-19)
(0.0704832 0.39368 5.91153e-19)
(0.0776992 1.78315 3.49063e-19)
(0.105792 2.95808 -3.91903e-19)
(0.10724 3.33277 -5.63456e-19)
(0.577779 0.559021 0)
(0.829876 0.811091 -3.5252e-19)
(1.11032 1.09838 0)
(1.16747 1.1801 -3.66096e-20)
(1.14142 1.18021 3.39421e-20)
(1.0769 1.14773 -2.18389e-20)
(1.00323 1.10983 9.57039e-20)
(0.922799 1.07002 1.82608e-20)
(0.833381 1.02619 5.07476e-19)
(0.732583 0.976048 -2.16054e-18)
(0.62322 0.918458 0)
(0.522587 0.859461 -8.57015e-19)
(0.436187 0.790518 1.10142e-18)
(0.352472 0.675083 0)
(0.243272 0.516881 -1.39165e-18)
(0.126741 0.514074 -4.81622e-19)
(0.116507 1.82821 5.93326e-19)
(0.159623 3.11521 9.7979e-19)
(0.147824 3.3869 3.35816e-19)
(0.130221 3.44298 -4.66521e-19)
(0.563153 0.574057 -1.88323e-19)
(0.787356 0.792129 1.76804e-19)
(1.08984 1.11268 2.98822e-19)
(1.15538 1.20058 2.25224e-19)
(1.12999 1.20193 5.1371e-20)
(1.06577 1.16946 8.54108e-21)
(0.992955 1.13265 -1.25419e-20)
(0.911833 1.09321 5.68317e-19)
(0.821801 1.05018 -4.54351e-19)
(0.719633 1.00148 1.0942e-18)
(0.607623 0.946465 -6.75886e-20)
(0.502086 0.889934 1.06318e-19)
(0.406665 0.821763 -1.47181e-19)
(0.308053 0.690801 -1.77621e-19)
(0.225598 0.561187 -3.78629e-19)
(0.131308 1.11026 -2.34027e-19)
(0.205238 3.09066 6.41078e-19)
(0.210596 3.40457 -4.52017e-20)
(0.185428 3.45271 -4.55818e-19)
(0.152476 3.4709 -5.65222e-19)
(0.273193 0.26542 2.26537e-19)
(0.974955 1.00953 0)
(1.13114 1.19371 5.41594e-20)
(1.14142 1.23139 3.58243e-20)
(1.08896 1.21139 1.18458e-19)
(1.01908 1.1756 0)
(0.942848 1.13792 -8.61965e-21)
(0.857498 1.09778 -2.17145e-20)
(0.761123 1.05376 0)
(0.650093 1.00377 -1.01705e-18)
(0.536123 0.951546 0)
(0.432146 0.893373 -1.02394e-19)
(0.320132 0.796863 0)
(0.223473 0.755441 -1.64761e-19)
(0.194666 1.78794 0)
(0.251411 3.1311 0)
(0.249815 3.42414 3.71303e-19)
(0.222659 3.47265 -4.49991e-19)
(0.194949 3.49243 -5.78432e-19)
(0.17583 3.53252 1.74311e-19)
(0.276772 0.266368 -1.14978e-19)
(0.972828 1.02996 4.91225e-21)
(1.12228 1.21517 -2.50632e-19)
(1.12981 1.25262 -3.00806e-19)
(1.07706 1.23237 1.79682e-19)
(1.007 1.1968 -1.47183e-20)
(0.930689 1.15959 -7.56117e-20)
(0.844992 1.12018 -4.53876e-20)
(0.747852 1.07744 -4.55004e-19)
(0.635192 1.02992 9.63136e-19)
(0.518039 0.981441 1.12986e-18)
(0.408251 0.925314 -9.27483e-19)
(0.28531 0.838151 -1.31465e-19)
(0.23063 1.1365 0)
(0.285801 2.81735 1.87613e-20)
(0.33051 3.40799 0)
(0.290497 3.49055 -2.96615e-19)
(0.254206 3.51995 -5.25061e-19)
(0.212718 3.54812 -1.25238e-19)
(0.192219 3.59809 4.24085e-20)
(0.2588 0.261295 -2.54583e-19)
(0.969669 1.0541 -3.87195e-19)
(1.11397 1.23976 6.88091e-20)
(1.11945 1.27719 0)
(1.0665 1.25659 1.94872e-19)
(0.996563 1.22118 -9.98809e-21)
(0.920067 1.18416 6.43775e-20)
(0.834345 1.14558 2.31474e-20)
(0.736909 1.10438 4.39176e-19)
(0.62331 1.05985 -1.04092e-18)
(0.503811 1.01557 1.16465e-18)
(0.389637 0.961765 7.5625e-19)
(0.282049 0.925824 0)
(0.288117 1.79776 -5.62621e-19)
(0.37462 3.27919 -5.34028e-19)
(0.379887 3.50119 2.82973e-19)
(0.33148 3.53659 0)
(0.288275 3.5647 1.70021e-19)
(0.233511 3.61778 0)
(0.204535 3.66852 0)
(0.245835 0.261581 0)
(0.964664 1.08013 1.94884e-19)
(1.1046 1.26582 3.85641e-19)
(1.10789 1.30251 3.36742e-19)
(1.05481 1.28156 1.42166e-19)
(0.985087 1.24613 -2.29884e-19)
(0.908764 1.20939 3.83601e-20)
(0.823244 1.17155 0)
(0.725745 1.13187 -4.27272e-20)
(0.611607 1.09031 8.91636e-19)
(0.490598 1.05018 1.08602e-18)
(0.369852 0.998408 9.08957e-20)
(0.293188 1.10137 9.15879e-19)
(0.365325 2.55624 -6.25004e-19)
(0.452846 3.44766 -4.23178e-19)
(0.4165 3.54866 0)
(0.381359 3.58639 0)
(0.331944 3.64778 -3.55459e-20)
(0.281822 3.65682 -6.39618e-20)
(0.215265 3.57926 4.48301e-19)
(0.236828 0.264577 -2.52804e-19)
(0.957479 1.10699 3.74721e-19)
(1.09365 1.29302 -1.38602e-19)
(1.09505 1.32873 -3.31916e-19)
(1.04196 1.30722 -1.90987e-19)
(0.972641 1.27169 -1.42052e-19)
(0.896771 1.23521 1.60325e-20)
(0.811664 1.19803 3.352e-20)
(0.714377 1.15979 3.88784e-19)
(0.600109 1.12112 -8.00096e-19)
(0.478359 1.08489 5.81113e-20)
(0.360182 1.04409 8.40503e-20)
(0.329975 1.42467 7.31086e-19)
(0.450356 3.11445 -1.92056e-19)
(0.515618 3.51935 3.11041e-19)
(0.462883 3.57756 0)
(0.434042 3.65572 0)
(0.420675 3.66598 0)
(0.386157 3.55411 3.05335e-19)
(0.186531 2.47534 4.51812e-19)
(0.230277 0.269526 -4.85591e-19)
(0.948496 1.13467 0)
(1.08112 1.32132 2.67117e-19)
(1.08109 1.35613 -2.60147e-19)
(1.02821 1.33387 2.47608e-19)
(0.959509 1.29808 1.83603e-19)
(0.8843 1.2617 -2.63727e-20)
(0.799849 1.22507 1.91008e-19)
(0.703119 1.18821 4.29398e-20)
(0.5892 1.15228 -8.23796e-19)
(0.467306 1.11956 -9.02641e-19)
(0.359902 1.10605 6.29579e-19)
(0.388131 1.86641 1.40149e-18)
(0.529605 3.36546 0)
(0.56352 3.55665 1.46662e-19)
(0.518335 3.61219 0)
(0.494393 3.65719 4.93401e-20)
(0.462481 3.53986 -8.67078e-20)
(0.478923 2.97876 -2.11416e-19)
(0.16866 1.16346 -2.59597e-19)
(0.225684 0.275483 0)
(0.937917 1.16316 5.66058e-19)
(1.06712 1.35076 1.37972e-19)
(1.06603 1.38474 -2.72657e-19)
(1.0136 1.36161 -5.60271e-20)
(0.945765 1.32541 -1.74189e-19)
(0.871446 1.28895 -3.18081e-20)
(0.787922 1.25272 -2.41697e-19)
(0.692118 1.21709 0)
(0.579041 1.18362 5.72774e-19)
(0.458063 1.1541 -8.11483e-19)
(0.367637 1.19747 6.64354e-20)
(0.458832 2.35978 -1.42319e-19)
(0.600179 3.47936 1.01212e-19)
(0.601384 3.579 6.88697e-20)
(0.570594 3.62755 0)
(0.536592 3.57766 -1.61776e-19)
(0.473567 3.07686 -1.21981e-19)
(0.142393 0.967775 0)
(-0.111398 -0.156835 -1.17383e-19)
(0.22186 0.282335 -2.3368e-19)
(0.925654 1.19266 -5.49863e-19)
(1.05144 1.38153 5.26852e-19)
(1.04953 1.41489 8.25876e-20)
(0.997753 1.39096 -1.09208e-19)
(0.93099 1.35434 2.22242e-19)
(0.857794 1.31782 2.54239e-20)
(0.775475 1.28203 8.49399e-20)
(0.680957 1.24776 -2.14332e-19)
(0.569215 1.21683 -7.17394e-20)
(0.450503 1.19149 1.33772e-18)
(0.389185 1.3442 0)
(0.539727 2.84421 4.83877e-19)
(0.661428 3.53407 1.77581e-19)
(0.633896 3.59962 -3.77383e-20)
(0.613398 3.5994 0)
(0.53184 3.28051 0)
(0.262455 1.62576 0)
(-0.0706738 -0.0702842 -5.35244e-19)
(-0.067477 -0.102764 3.16456e-19)
(0.217839 0.289342 -4.25381e-22)
(0.91155 1.22314 3.56454e-19)
(1.03399 1.41372 2.65698e-19)
(1.03144 1.44651 7.05572e-19)
(0.980522 1.42183 5.64101e-21)
(0.915088 1.3848 5.11848e-20)
(0.843291 1.34826 -9.70946e-20)
(0.762503 1.31299 -2.5732e-20)
(0.669685 1.28015 -1.3463e-19)
(0.559854 1.25177 -2.34639e-20)
(0.445454 1.234 6.32873e-19)
(0.42695 1.55986 -2.50027e-19)
(0.620627 3.20039 0)
(0.710559 3.56645 -7.36827e-20)
(0.674678 3.59873 2.85076e-20)
(0.626833 3.48194 -1.65352e-19)
(0.421905 2.43658 -1.65986e-19)
(0.015743 0.152381 0)
(-0.0983465 -0.16521 -1.13286e-19)
(-0.0428243 -0.0643834 0)
(0.213106 0.296232 -6.78939e-19)
(0.895361 1.25438 3.475e-19)
(1.01454 1.44716 -2.64108e-19)
(1.01163 1.47953 0)
(0.961793 1.45414 -1.08522e-19)
(0.897955 1.41672 2.41718e-19)
(0.827875 1.38019 -8.32751e-20)
(0.74898 1.34548 2.25367e-20)
(0.658338 1.31414 -9.14621e-20)
(0.551083 1.28823 -3.34847e-19)
(0.44442 1.28513 4.11111e-19)
(0.482218 1.85593 0)
(0.693277 3.39541 3.1144e-19)
(0.74769 3.58422 -1.95441e-20)
(0.707761 3.56624 6.15094e-20)
(0.589854 3.11789 -1.0772e-19)
(0.167171 0.83228 0)
(-0.0867679 -0.136466 -2.66902e-19)
(-0.0935663 -0.15713 -3.14917e-24)
(-0.0314519 -0.0470745 0)
(0.206916 0.302521 -4.42282e-19)
(0.87681 1.28612 -3.45967e-19)
(0.992883 1.48179 2.57218e-19)
(0.989897 1.51386 -6.61327e-21)
(0.941437 1.48779 -1.01651e-19)
(0.87951 1.45 -2.75318e-19)
(0.811489 1.41351 2.75287e-20)
(0.734907 1.37939 -1.80154e-20)
(0.64697 1.34956 2.6823e-20)
(0.54307 1.32608 -2.13279e-19)
(0.449055 1.34982 0)
(0.549052 2.19866 -1.79249e-19)
(0.757505 3.50038 -8.41868e-20)
(0.782021 3.58461 -5.15404e-21)
(0.721525 3.45829 -1.48188e-19)
(0.460179 2.3389 -1.03195e-19)
(-4.31243e-05 0.0322121 2.72704e-19)
(-0.0876913 -0.17647 -1.58613e-19)
(-0.0727133 -0.133662 4.88668e-20)
(-0.0213426 -0.0340208 -5.56014e-20)
(0.199188 0.307554 -4.31022e-19)
(0.855429 1.318 0)
(0.96874 1.51748 1.1983e-20)
(0.966055 1.54931 1.86741e-19)
(0.919312 1.52262 -2.28683e-19)
(0.859647 1.48448 2.25499e-19)
(0.794095 1.44805 0)
(0.72029 1.41455 0)
(0.635623 1.38619 1.66231e-20)
(0.535999 1.36524 -2.89068e-19)
(0.460955 1.43409 -2.01037e-19)
(0.626238 2.58803 3.18943e-20)
(0.810773 3.54833 -1.80374e-20)
(0.808905 3.56739 6.10137e-20)
(0.694514 3.2024 0)
(0.222828 1.03017 6.14312e-19)
(-0.10216 -0.131991 3.8488e-19)
(-0.100828 -0.17427 2.96972e-19)
(-0.0657962 -0.113104 0)
(-0.0165507 -0.0267421 -5.06319e-20)
(0.189679 0.310603 6.36316e-19)
(0.830853 1.3492 -3.31392e-19)
(0.941767 1.55391 -2.51024e-19)
(0.939875 1.58562 -1.47764e-20)
(0.89526 1.55839 1.20133e-19)
(0.838273 1.51993 4.52933e-19)
(0.775651 1.48358 -1.58993e-19)
(0.705135 1.45071 -1.39725e-19)
(0.624338 1.42378 -2.44395e-20)
(0.530073 1.40566 -4.39959e-20)
(0.480918 1.54441 -1.23498e-19)
(0.704031 2.93452 9.11165e-20)
(0.852399 3.56491 -4.34028e-20)
(0.822383 3.51354 8.59945e-20)
(0.604461 2.69729 1.59251e-19)
(0.0659988 0.131977 1.01477e-19)
(-0.0996929 -0.191985 -2.3263e-19)
(-0.0924841 -0.171998 0)
(-0.057293 -0.102653 -3.2571e-19)
(-0.0135008 -0.0230969 9.37866e-20)
(0.178428 0.310906 2.10638e-19)
(0.802342 1.37868 -3.36223e-19)
(0.911698 1.5905 -1.45338e-20)
(0.911119 1.6224 -1.75545e-19)
(0.869133 1.59475 2.36339e-19)
(0.815283 1.556 1.44942e-19)
(0.756095 1.51977 0)
(0.689426 1.48753 -5.32722e-20)
(0.613134 1.46204 -8.5332e-20)
(0.525511 1.44746 0)
(0.509773 1.68136 6.97753e-20)
(0.776029 3.20335 8.13126e-21)
(0.88416 3.56664 9.51933e-20)
(0.817915 3.39743 0)
(0.45158 1.97111 0)
(-0.106238 -0.0702624 9.1666e-20)
(-0.11699 -0.196141 -2.73835e-19)
(-0.0875875 -0.167225 -2.54883e-19)
(-0.0483898 -0.0928059 -3.78001e-19)
(-0.0104542 -0.0190647 0)
(0.164871 0.307227 -2.08272e-19)
(0.769291 1.40517 -1.64746e-19)
(0.878212 1.62618 -4.94552e-19)
(0.879555 1.65911 0)
(0.840767 1.63123 0)
(0.790578 1.59227 1.50739e-19)
(0.735375 1.5562 -1.30709e-20)
(0.673162 1.52455 -5.50949e-20)
(0.602031 1.5005 -7.45541e-21)
(0.522339 1.49117 1.65805e-19)
(0.546255 1.8402 -5.02462e-20)
(0.832282 3.36144 1.43712e-20)
(0.908794 3.55729 -6.93844e-20)
(0.787583 3.20274 3.29382e-19)
(0.267001 1.04363 2.30939e-19)
(-0.116559 -0.155329 8.98089e-20)
(-0.113981 -0.243886 0)
(-0.07142 -0.182816 1.81998e-19)
(-0.0309277 -0.081116 -3.5819e-20)
(-0.00618408 -0.0132914 2.83565e-19)
(0.148625 0.299381 0)
(0.730991 1.42656 1.55319e-19)
(0.841141 1.65995 7.11161e-19)
(0.845024 1.69496 -1.77261e-19)
(0.810028 1.66722 -2.47318e-19)
(0.764075 1.62817 -1.55208e-19)
(0.713449 1.59232 0)
(0.656312 1.56124 -1.29496e-19)
(0.591008 1.53852 -3.14777e-20)
(0.520165 1.53694 6.09296e-20)
(0.586819 2.01235 0)
(0.876735 3.45057 0)
(0.925131 3.53255 7.57338e-20)
(0.735066 2.92705 1.13215e-19)
(0.104311 0.309077 -3.01606e-19)
(-0.100362 -0.221693 -4.32201e-19)
(-0.10446 -0.274314 0)
(-0.0488105 -0.173879 -5.64568e-20)
(-0.0029669 -0.0419394 0)
(0.00222811 0.00204372 -3.76815e-20)
(0.129959 0.285378 5.79329e-19)
(0.687015 1.43967 0)
(0.800086 1.69018 0)
(0.807481 1.72903 5.23597e-19)
(0.776867 1.70194 2.38517e-19)
(0.735759 1.66301 -1.67921e-19)
(0.6903 1.62749 2.21726e-19)
(0.638859 1.597 1.30812e-19)
(0.580036 1.57535 -1.54531e-19)
(0.518925 1.58437 -5.1172e-20)
(0.628075 2.18423 1.8064e-19)
(0.909202 3.49608 -1.0059e-19)
(0.929091 3.48882 0)
(0.664729 2.57827 -1.1238e-19)
(0.0394672 0.0689264 -7.98334e-20)
(-0.0884032 -0.353254 2.69733e-21)
(-0.05478 -0.343879 3.2641e-19)
(0.0106119 -0.163852 2.69916e-19)
(0.0522176 0.0280789 3.0889e-20)
(0.0219158 0.0404135 -2.49381e-19)
(0.109783 0.263821 0)
(0.636948 1.44063 -7.17361e-19)
(0.755454 1.71468 -2.24904e-19)
(0.766914 1.76009 -1.87948e-20)
(0.741357 1.73449 4.72279e-19)
(0.705663 1.69597 -1.71955e-19)
(0.665958 1.66092 -2.27021e-19)
(0.620792 1.63109 2.94775e-19)
(0.569119 1.61038 2.25156e-19)
(0.51867 1.63175 1.2328e-19)
(0.667421 2.34903 -4.76908e-20)
(0.930934 3.51942 -5.61287e-20)
(0.916622 3.42961 0)
(0.579785 2.2113 0)
(0.0390915 -0.103012 -5.71444e-20)
(-0.013509 -0.454504 1.55466e-19)
(0.0223464 -0.360809 9.98149e-20)
(0.0858335 -0.0616605 1.762e-19)
(0.11306 0.182046 3.20423e-20)
(0.0490349 0.119834 4.09511e-20)
(0.0879939 0.234053 8.83958e-20)
(0.580574 1.4239 1.3858e-19)
(0.706764 1.7308 -2.1426e-19)
(0.723567 1.78652 1.95576e-21)
(0.703768 1.76378 1.17319e-19)
(0.673975 1.72617 -3.3116e-19)
(0.640512 1.69181 0)
(0.602154 1.66269 1.54952e-19)
(0.558312 1.64291 -9.67862e-20)
(0.518952 1.67644 1.27596e-19)
(0.702046 2.48857 1.60281e-19)
(0.946128 3.53783 -7.06342e-20)
(0.881834 3.37889 1.06452e-20)
(0.468974 1.82388 -6.32511e-20)
(-0.102101 -0.279242 -4.87332e-20)
(-0.11984 -0.492954 0)
(-0.0267773 -0.184136 -5.71229e-20)
(0.0424476 0.17895 -6.36076e-20)
(0.0742086 0.294388 0)
(0.0333064 0.108802 -6.87475e-19)
(0.0641413 0.195844 6.60494e-19)
(0.516316 1.38336 -1.11139e-20)
(0.653525 1.73408 9.10028e-19)
(0.677941 1.80671 0)
(0.664712 1.78874 2.2974e-19)
(0.641015 1.75266 -1.61592e-19)
(0.614107 1.71923 0)
(0.583017 1.69091 -8.27389e-20)
(0.547606 1.67195 1.15539e-19)
(0.519655 1.71417 0)
(0.729619 2.57925 -6.30642e-20)
(0.96815 3.56017 1.69228e-19)
(0.866484 3.39123 9.3118e-20)
(0.322605 1.55113 -6.62105e-20)
(-0.295725 -0.300897 0)
(-0.305845 -0.487265 9.96939e-21)
(-0.135842 -0.112429 1.74096e-19)
(-0.0234253 0.169348 -3.48797e-20)
(0.0194594 0.178068 6.02217e-19)
(0.00763603 0.0360785 7.40233e-19)
(0.0424583 0.148924 6.79833e-19)
(0.442206 1.309 -1.21982e-19)
(0.595055 1.71924 0)
(0.631218 1.81852 -1.1903e-20)
(0.625057 1.80865 -4.2184e-19)
(0.607299 1.77458 0)
(0.586967 1.74233 2.30697e-21)
(0.563287 1.71469 -7.55467e-20)
(0.53681 1.69602 0)
(0.521909 1.73908 -1.59647e-19)
(0.754061 2.59321 1.08255e-19)
(1.02168 3.57554 -9.62844e-20)
(0.946859 3.42673 3.16764e-19)
(0.354499 1.6719 1.51346e-19)
(-0.353117 -0.321722 -4.02214e-20)
(-0.390938 -0.6627 -6.7575e-20)
(-0.202148 -0.334546 -2.64029e-19)
(-0.0366151 0.0162171 0)
(0.000310505 0.0533197 -8.17387e-20)
(-0.00907015 -0.0260246 4.5462e-22)
(0.0233818 0.0969286 6.70202e-20)
(0.361598 1.18641 4.39184e-19)
(0.531109 1.67609 6.90559e-19)
(0.583879 1.81976 -1.95522e-19)
(0.585552 1.82259 0)
(0.573483 1.7915 -7.36591e-20)
(0.559193 1.76051 -1.09215e-19)
(0.542491 1.7332 -1.50696e-19)
(0.524963 1.71311 2.1795e-19)
(0.519354 1.74909 -7.53537e-20)
(0.750658 2.51992 -7.19034e-20)
(1.08111 3.54272 2.01257e-19)
(1.14371 3.41384 -1.81294e-19)
(0.798579 2.09474 -1.07415e-19)
(0.105648 -0.152915 -3.16387e-19)
(-0.110707 -0.816204 0)
(-0.0754484 -0.557449 1.99844e-19)
(0.0358877 -0.0490298 -2.36435e-19)
(0.0380692 0.0796581 -4.85802e-19)
(-0.00407432 -0.0246154 2.95632e-19)
(0.00940608 0.0470343 0)
(0.275969 1.00304 -4.89315e-20)
(0.462788 1.59 0)
(0.535732 1.80397 -8.31273e-22)
(0.546557 1.82826 -9.12616e-20)
(0.540265 1.8037 6.64363e-20)
(0.530747 1.77382 0)
(0.519652 1.74649 7.50702e-20)
(0.50967 1.72256 5.30385e-20)
(0.512249 1.74246 0)
(0.694811 2.36954 7.12869e-20)
(1.04149 3.44247 9.3808e-20)
(1.08415 3.30748 3.20551e-20)
(0.898659 2.30612 0)
(0.443896 0.147572 -2.49518e-20)
(0.0987334 -0.492265 -3.28693e-21)
(0.0237039 -0.374445 -9.77717e-21)
(0.103552 0.102069 0)
(0.0879111 0.242712 8.11623e-21)
(0.0146242 0.0572724 9.27663e-21)
(0.00166677 0.00736343 1.75789e-22)
(0.182745 0.73156 1.97056e-19)
(0.388861 1.44272 0)
(0.48597 1.76105 5.51385e-20)
(0.509309 1.82595 1.66491e-19)
(0.508341 1.81274 0)
(0.501372 1.78353 -9.48312e-20)
(0.494044 1.75506 6.62592e-20)
(0.487482 1.7276 0)
(0.490606 1.72861 -3.57785e-20)
(0.599533 2.19864 -3.29777e-20)
(0.901218 3.36481 -2.46969e-20)
(0.84387 3.34217 -5.40305e-21)
(0.604418 2.61148 6.59302e-20)
(-0.0118413 0.808425 0)
(-0.483005 -0.00317908 4.49933e-20)
(-0.584522 -0.545791 -1.33026e-20)
(-0.417222 -0.524846 -2.97728e-20)
(-0.0606097 0.237924 4.87014e-20)
(0.046034 0.334136 1.22249e-19)
(-0.000353453 -0.0173205 -1.81947e-19)
(0.0908934 0.393147 -2.94843e-20)
(0.297661 1.18541 -2.3898e-20)
(0.433793 1.67788 0)
(0.47362 1.81529 -1.96152e-20)
(0.477362 1.82007 1.41849e-20)
(0.471365 1.79131 -2.20582e-20)
(0.46444 1.76248 1.64209e-20)
(0.46053 1.73081 1.13175e-20)
(0.456516 1.72476 -1.68259e-20)
(0.51057 2.05871 -1.50611e-20)
(0.791208 3.33752 1.37663e-20)
(0.755841 3.52489 3.01995e-20)
(0.565146 3.06121 -9.22125e-21)
(0.195764 1.76024 7.59063e-20)
(-0.0902557 0.792337 1.43413e-20)
(-0.320492 -0.36913 -1.40373e-19)
(-0.414443 -1.28997 1.1299e-19)
(-0.313032 -1.52193 -1.96843e-20)
(-0.0599682 -0.314578 1.60492e-19)
(0.00170997 -0.0380284 -2.17818e-33)
(0.0323337 0.119049 3.66333e-33)
(0.174042 0.752623 3.05456e-33)
(0.361389 1.49451 0)
(0.43444 1.77998 0)
(0.444943 1.82002 7.7854e-34)
(0.440587 1.80014 0)
(0.434645 1.76802 0)
(0.429569 1.73693 -7.17149e-34)
(0.430004 1.72036 0)
(0.481245 1.92616 0)
(0.795076 3.19264 0)
(0.958232 3.64358 0)
(0.978676 3.54172 0)
(0.746816 2.51718 0)
(0.484606 1.34266 0)
(0.307566 0.141918 0)
(0.152868 -0.888015 0)
(0.0334411 -1.62556 0)
(-0.0259805 -1.22997 0)
(-6.35588e-05 -0.0569981 0)
(0.0107742 -0.0191772 0)
(0.0701182 0.303884 0)
(0.256739 1.148 0)
(0.382467 1.68598 0)
(0.410715 1.81418 0)
(0.41013 1.80948 0)
(0.403488 1.77351 0)
(0.39914 1.73977 0)
(0.410715 1.70945 0)
(0.440796 1.81036 0)
(0.820224 2.8433 0)
(1.07899 3.50483 0)
(1.21513 3.45011 0)
(1.2172 2.92293 0)
(1.00708 1.83237 0)
(0.745959 0.694523 0)
(0.475334 -0.266799 0)
(0.220832 -1.02144 0)
(0.0324723 -1.05252 0)
(-0.000237411 -0.0628384 0)
(0.00403 -0.0727663 0)
(0.0294093 0.0865429 0)
(0.152042 0.741853 0)
(0.316789 1.52289 0)
(0.37156 1.79225 0)
(0.374889 1.81155 0)
(0.369608 1.77783 0)
(0.367993 1.73687 0)
(0.374678 1.69804 0)
(0.405311 1.72025 0)
(0.649681 2.3348 0)
(1.0258 3.19004 0)
(1.18858 3.25397 0)
(1.22812 2.95324 0)
(1.12964 2.21936 0)
(0.867183 1.34011 0)
(0.555358 0.544397 0)
(0.266138 -0.127461 0)
(0.0349622 -0.44646 0)
(-0.000164348 -0.0639469 0)
(0.00180667 -0.0995284 0)
(0.0178076 -0.0217926 0)
(0.0771511 0.392481 0)
(0.242117 1.30012 0)
(0.324158 1.74419 0)
(0.335503 1.8093 0)
(0.33266 1.78241 0)
(0.328424 1.73701 0)
(0.328677 1.68244 0)
(0.356362 1.66994 0)
(0.437265 1.94696 0)
(0.837836 2.8985 0)
(1.00254 3.14475 0)
(1.00894 3.02066 0)
(0.913073 2.56249 0)
(0.707296 1.93932 0)
(0.451837 1.32352 0)
(0.212365 0.733545 0)
(0.0258758 0.164527 0)
(-0.00257276 -0.0568462 0)
(-0.00782747 -0.111717 0)
(0.0013507 -0.0871089 0)
(0.0375467 0.18716 0)
(0.1672 1.0523 0)
(0.270645 1.66817 0)
(0.292074 1.8045 0)
(0.288996 1.7903 0)
(0.283515 1.73669 0)
(0.280294 1.67223 0)
(0.302522 1.64565 0)
(0.324506 1.77784 0)
(0.586479 2.60529 0)
(0.736319 3.0877 0)
(0.708893 3.08727 0)
(0.639504 2.88368 0)
(0.476396 2.43449 0)
(0.291965 1.94055 0)
(0.12591 1.37797 0)
(0.0107129 0.555265 0)
(-0.00841237 -0.0117348 0)
(-0.0216819 -0.0972025 0)
(-0.0155295 -0.127945 0)
(0.0104622 0.0617781 0)
(0.108692 0.8121 0)
(0.22037 1.57407 0)
(0.246295 1.79797 0)
(0.240263 1.79747 0)
(0.23445 1.73867 0)
(0.231136 1.67116 0)
(0.247022 1.63124 0)
(0.260344 1.70806 0)
(0.363227 2.36324 0)
(0.494853 3.05339 0)
(0.45457 3.16459 0)
(0.398054 3.10619 0)
(0.284442 2.79764 0)
(0.159115 2.3633 0)
(0.0585075 1.78316 0)
(0.000657847 0.725072 0)
(-0.0040167 0.0342027 0)
(0.0201306 -0.130787 0)
(0.0731059 -0.194761 0)
(0.107705 -0.0045337 0)
(0.112167 0.580723 0)
(0.189272 1.48629 0)
(0.197797 1.79469 0)
(0.185321 1.80396 0)
(0.178726 1.74144 0)
(0.180858 1.66818 0)
(0.193328 1.62386 0)
(0.203762 1.68292 0)
(0.226435 2.22872 0)
(0.303591 3.04357 0)
(0.273411 3.24623 0)
(0.224894 3.25535 0)
(0.149416 3.04245 0)
(0.071177 2.62109 0)
(0.017034 2.00159 0)
(-0.00359754 0.752958 0)
(0.0193689 -0.078206 0)
(0.11748 -0.396185 0)
(0.197105 -0.380259 0)
(0.209081 0.0149123 0)
(0.139427 0.581121 0)
(0.145295 1.45271 0)
(0.131019 1.80504 0)
(0.117074 1.81041 0)
(0.11598 1.73935 0)
(0.128582 1.65867 0)
(0.14315 1.6146 0)
(0.152182 1.67448 0)
(0.1494 2.17224 0)
(0.178769 3.0445 0)
(0.150787 3.30848 0)
(0.112714 3.3567 0)
(0.0678419 3.20075 0)
(0.021903 2.76115 0)
(-0.00334775 2.09917 0)
(-0.00459151 0.721266 0)
(0.0445643 -0.428349 0)
(0.12776 -0.681575 0)
(0.149748 -0.425894 0)
(0.123201 0.103982 0)
(0.064716 0.696248 0)
(0.0275807 1.48741 0)
(0.017228 1.82073 0)
(0.0274264 1.80913 0)
(0.047052 1.72793 0)
(0.0744958 1.64453 0)
(0.0964141 1.6051 0)
(0.109428 1.67023 0)
(0.0959673 2.1729 0)
(0.0982768 3.06055 0)
(0.076269 3.35332 0)
(0.0490362 3.42193 0)
(0.022677 3.29215 0)
(-0.00157972 2.82861 0)
(-0.0121065 2.13176 0)
(-0.00436262 0.66505 0)
(0.0296771 -0.687988 0)
(0.0425564 -0.748442 0)
(0.0143492 -0.347168 0)
(-0.0314597 0.199977 0)
(-0.0935869 0.834193 0)
(-0.143295 1.54915 0)
(-0.12437 1.79831 0)
(-0.0724804 1.78031 0)
(-0.023124 1.70033 0)
(0.0208993 1.62252 0)
(0.0514828 1.58994 0)
(0.0734765 1.66609 0)
(0.0623962 2.19947 0)
(0.0451867 3.08984 0)
(0.0265671 3.38985 0)
(0.0102467 3.4624 0)
(-0.00164811 3.33833 0)
(-0.0110961 2.8563 0)
(-0.0152531 2.1319 0)
(-0.0035498 0.610155 0)
(-0.00111002 -0.708911 0)
(-0.0517251 -0.611646 0)
(-0.122142 -0.193137 0)
(-0.199774 0.351365 0)
(-0.275184 0.98787 0)
(-0.301 1.54739 0)
(-0.238852 1.71527 0)
(-0.156327 1.71309 0)
(-0.0844617 1.65282 0)
(-0.0268077 1.59009 0)
(0.0114858 1.56537 0)
(0.0394279 1.65108 0)
(0.0326486 2.23069 0)
(0.00792081 3.11168 0)
(-0.00559629 3.40959 0)
(-0.0140783 3.4819 0)
(-0.0178501 3.35421 0)
(-0.0184631 2.86295 0)
(-0.0171389 2.11588 0)
(-0.00290366 0.558181 0)
(-0.0269965 -0.521164 0)
(-0.11307 -0.356861 0)
(-0.209774 0.0413081 0)
(-0.305225 0.546002 0)
(-0.374294 1.08871 0)
(-0.363758 1.46543 0)
(-0.285743 1.59778 0)
(-0.200719 1.61956 0)
(-0.123863 1.59138 0)
(-0.0637799 1.55049 0)
(-0.0245438 1.53754 0)
(0.00364582 1.63222 0)
(-0.00154386 2.26858 0)
(-0.0238264 3.13279 0)
(-0.029108 3.41797 0)
(-0.0291223 3.48407 0)
(-0.0256913 3.34783 0)
(-0.0209797 2.85555 0)
(-0.0171947 2.08481 0)
(-0.00220484 0.512365 0)
(-0.0330435 -0.25762 0)
(-0.120441 -0.0612589 0)
(-0.21596 0.294911 0)
(-0.304807 0.716106 0)
(-0.352974 1.12156 0)
(-0.330465 1.3724 0)
(-0.272982 1.49033 0)
(-0.204095 1.53297 0)
(-0.139086 1.53114 0)
(-0.0867296 1.5119 0)
(-0.0544348 1.51324 0)
(-0.0365446 1.62077 0)
(-0.0387219 2.29267 0)
(-0.046393 3.14148 0)
(-0.0440981 3.41611 0)
(-0.0384556 3.47708 0)
(-0.0303049 3.33076 0)
(-0.0224169 2.84299 0)
(-0.0166117 2.04657 0)
(-0.00171394 0.472833 0)
(-0.0248651 -0.0168025 0)
(-0.0929525 0.201858 0)
(-0.167975 0.513397 0)
(-0.235169 0.851123 0)
(-0.270678 1.14487 0)
(-0.260016 1.32138 0)
(-0.227656 1.42236 0)
(-0.182508 1.47015 0)
(-0.135699 1.48487 0)
(-0.0965483 1.48281 0)
(-0.074594 1.49897 0)
(-0.0713843 1.61928 0)
(-0.0684845 2.28217 0)
(-0.0572316 3.13329 0)
(-0.0478389 3.4005 0)
(-0.0390773 3.45844 0)
(-0.0288186 3.30498 0)
(-0.0215724 2.82721 0)
(-0.0158331 2.00322 0)
(-0.00124999 0.438989 0)
(-0.0143697 0.149458 0)
(-0.0588307 0.395392 0)
(-0.110789 0.676194 0)
(-0.158695 0.953943 0)
(-0.186667 1.17276 0)
(-0.188752 1.30446 0)
(-0.175963 1.38716 0)
(-0.151134 1.4312 0)
(-0.121438 1.45354 0)
(-0.0949461 1.46229 0)
(-0.0806634 1.49114 0)
(-0.0862241 1.62568 0)
(-0.0815015 2.24288 0)
(-0.0535838 3.11652 0)
(-0.0408681 3.38411 0)
(-0.0327888 3.43993 0)
(-0.0238126 3.28318 0)
(-0.019669 2.81779 0)
(-0.0146191 1.95942 0)
(-0.000742317 0.411576 0)
(-0.00675211 0.244423 0)
(-0.0325436 0.522482 0)
(-0.0664008 0.787701 0)
(-0.0994603 1.02934 0)
(-0.122215 1.20359 0)
(-0.131277 1.3069 0)
(-0.129515 1.37257 0)
(-0.118195 1.40897 0)
(-0.101714 1.43388 0)
(-0.0841954 1.44946 0)
(-0.0758439 1.49055 0)
(-0.0846181 1.63328 0)
(-0.0786306 2.19277 0)
(-0.0397035 3.0936 0)
(-0.0281315 3.36923 0)
(-0.0239767 3.42561 0)
(-0.0200162 3.27046 0)
(-0.0201526 2.81504 0)
(-0.0145873 1.91134 0)
(-0.000472218 0.389363 0)
(-0.00253812 0.290418 0)
(-0.0156428 0.598739 0)
(-0.0365694 0.860902 0)
(-0.0588842 1.08369 0)
(-0.0768333 1.23308 0)
(-0.08796 1.31825 0)
(-0.0917118 1.37084 0)
(-0.0881525 1.39908 0)
(-0.0798148 1.42292 0)
(-0.0680367 1.44062 0)
(-0.0618283 1.49029 0)
(-0.0670633 1.63847 0)
(-0.0621453 2.14894 0)
(-0.0220773 3.06984 0)
(-0.0159052 3.36358 0)
(-0.0173179 3.42247 0)
(-0.0185064 3.27018 0)
(-0.0225518 2.81885 0)
(-0.0141894 1.85485 0)
(-0.000283123 0.371104 0)
(-0.000425661 0.307803 0)
(-0.00563335 0.639673 0)
(-0.0175512 0.907164 0)
(-0.032126 1.12183 0)
(-0.04571 1.25849 0)
(-0.0563945 1.33202 0)
(-0.0622458 1.37452 0)
(-0.0627561 1.39534 0)
(-0.0588813 1.4164 0)
(-0.0499432 1.43346 0)
(-0.0437175 1.48726 0)
(-0.0420586 1.63923 0)
(-0.0386289 2.12042 0)
(-0.00777611 3.04673 0)
(-0.00778536 3.36944 0)
(-0.0159115 3.43075 0)
(-0.0222081 3.28065 0)
(-0.0284932 2.8196 0)
(-0.0144461 1.78741 0)
(-0.00034764 0.35513 0)
(0.000490701 0.309725 0)
(-9.78218e-05 0.657448 0)
(-0.00586241 0.934725 0)
(-0.0149783 1.14774 0)
(-0.0248401 1.27889 0)
(-0.0340283 1.34534 0)
(-0.0402225 1.38039 0)
(-0.042223 1.39502 0)
(-0.0404125 1.41259 0)
(-0.0326276 1.42728 0)
(-0.0242942 1.4803 0)
(-0.0148396 1.63468 0)
(-0.0155208 2.11163 0)
(-0.0027957 3.03092 0)
(-0.00661248 3.38312 0)
(-0.0193684 3.44982 0)
(-0.0292571 3.29824 0)
(-0.0331372 2.80992 0)
(-0.0138541 1.71118 0)
(-0.000447583 0.338734 0)
(0.000958612 0.304491 0)
(0.00277972 0.660774 0)
(0.000895553 0.949458 0)
(-0.0043391 1.16472 0)
(-0.0112181 1.29455 0)
(-0.0186514 1.35704 0)
(-0.024297 1.38657 0)
(-0.0266165 1.39606 0)
(-0.025664 1.40959 0)
(-0.0178618 1.42046 0)
(-0.00606943 1.46856 0)
(0.00959186 1.6262 0)
(0.00307049 2.1232 0)
(-0.00183305 3.02934 0)
(-0.0114251 3.40419 0)
(-0.0267253 3.47501 0)
(-0.0370074 3.31491 0)
(-0.0360331 2.78291 0)
(-0.012803 1.63415 0)
(-0.000526058 0.322493 0)
(0.0010538 0.295914 0)
(0.0039318 0.65639 0)
(0.00458417 0.955452 0)
(0.00193786 1.17538 0)
(-0.00279134 1.30615 0)
(-0.00867364 1.3666 0)
(-0.0134795 1.39187 0)
(-0.0157217 1.39736 0)
(-0.0148865 1.40689 0)
(-0.0071553 1.41299 0)
(0.00800658 1.45409 0)
(0.0260439 1.61663 0)
(0.016084 2.15246 0)
(-0.00569337 3.03985 0)
(-0.0218626 3.43123 0)
(-0.036784 3.5004 0)
(-0.0444674 3.32331 0)
(-0.0370966 2.73694 0)
(-0.0118298 1.56088 0)
(-0.000617268 0.306077 0)
(0.00102191 0.286561 0)
(0.00419972 0.647667 0)
(0.0062015 0.955902 0)
(0.00518855 1.18182 0)
(0.00191813 1.3148 0)
(-0.00279682 1.37439 0)
(-0.00686283 1.39629 0)
(-0.00911763 1.39874 0)
(-0.00851783 1.40414 0)
(-0.00188378 1.40512 0)
(0.0140019 1.43882 0)
(0.0306635 1.60789 0)
(0.0160493 2.19393 0)
(-0.0186515 3.06769 0)
(-0.0362025 3.45728 0)
(-0.0477063 3.51986 0)
(-0.0497269 3.31921 0)
(-0.0356149 2.67638 0)
(-0.010737 1.49415 0)
(-0.00067428 0.289583 0)
(0.000907888 0.277726 0)
(0.00384709 0.637764 0)
(0.00638728 0.953234 0)
(0.00637956 1.18561 0)
(0.00398099 1.32147 0)
(5.93216e-05 1.38085 0)
(-0.00364184 1.4002 0)
(-0.0061519 1.40048 0)
(-0.00664823 1.40236 0)
(-0.00186454 1.39773 0)
(0.00993463 1.42511 0)
(0.0224518 1.60232 0)
(0.00480802 2.24332 0)
(-0.0344218 3.10162 0)
(-0.0512634 3.47864 0)
(-0.0568266 3.52912 0)
(-0.0521282 3.3001 0)
(-0.0323203 2.60761 0)
(-0.00946741 1.43553 0)
(-0.00067837 0.273512 0)
(0.000748287 0.270189 0)
(0.00316082 0.628478 0)
(0.00561274 0.949116 0)
(0.00609645 1.18767 0)
(0.00425718 1.32684 0)
(0.000741883 1.38652 0)
(-0.00289255 1.40422 0)
(-0.00599251 1.40301 0)
(-0.00767497 1.40179 0)
(-0.00702193 1.39316 0)
(-0.00261423 1.4155 0)
(0.00241295 1.60099 0)
(-0.0156725 2.29337 0)
(-0.0534723 3.13444 0)
(-0.0647591 3.48979 0)
(-0.0625357 3.52488 0)
(-0.0511976 3.26543 0)
(-0.0276751 2.5375 0)
(-0.00800377 1.38581 0)
(-0.000618844 0.25864 0)
(0.000563858 0.264334 0)
(0.00230089 0.620955 0)
(0.00428854 0.944878 0)
(0.00492048 1.18891 0)
(0.00339032 1.33154 0)
(0.000120126 1.39198 0)
(-0.00361496 1.40857 0)
(-0.00741249 1.40637 0)
(-0.0112288 1.40332 0)
(-0.0151831 1.3931 0)
(-0.0198475 1.41252 0)
(-0.0257734 1.6047 0)
(-0.0409475 2.33834 0)
(-0.071881 3.1584 0)
(-0.0723699 3.48595 0)
(-0.0635108 3.5082 0)
(-0.0464557 3.21846 0)
(-0.0223016 2.47269 0)
(-0.00636747 1.34541 0)
(-0.000470575 0.246077 0)
(9.03655e-05 0.0888306 0)
(0.00086178 0.439158 0)
(0.00217285 0.786784 0)
(0.00335205 1.07869 0)
(0.00289155 1.27651 0)
(0.000513418 1.37477 0)
(-0.00316125 1.4094 0)
(-0.00726822 1.41292 0)
(-0.0125243 1.40978 0)
(-0.0194277 1.40422 0)
(-0.0299698 1.39532 0)
(-0.0436675 1.4768 0)
(-0.0571584 1.90831 0)
(-0.0765016 2.8415 0)
(-0.0789012 3.3688 0)
(-0.0679761 3.49938 0)
(-0.050031 3.37008 0)
(-0.0273585 2.84602 0)
(-0.00982235 1.88599 0)
(-0.000236965 0.237359 0)
(0.264469 2.30097 0)
(0.208616 3.51916 1.74254e-21)
(0.183386 3.62724 -6.46161e-20)
(0.16635 3.56192 0)
(0.151556 3.50586 -2.37954e-19)
(0.132967 3.46303 -3.86911e-19)
(0.120275 3.44686 4.46311e-19)
(0.108066 3.41956 6.02346e-21)
(0.086084 3.0969 4.40375e-19)
(0.0219314 0.948368 0)
(0.115797 2.43556 -4.65097e-22)
(0.0930191 3.44887 0)
(0.0981675 3.55209 2.89996e-21)
(0.0956394 3.51169 -4.27265e-20)
(0.0914923 3.47194 1.01997e-20)
(0.0861124 3.44334 -3.94505e-19)
(0.0779915 3.4337 4.29019e-19)
(0.0663116 3.41293 4.54795e-19)
(0.0403242 3.02924 4.70231e-19)
(-0.0110105 0.821972 -4.82339e-19)
(0.0640427 2.3118 -5.37096e-20)
(0.0555628 3.3923 1.97615e-19)
(0.0584198 3.50823 0)
(0.0585426 3.47815 -3.13322e-19)
(0.0582281 3.44746 3.73147e-19)
(0.0570623 3.42647 -4.13672e-19)
(0.0541405 3.42298 1.40396e-20)
(0.0515998 3.41326 9.38844e-19)
(0.0377864 3.07076 0)
(-0.0107756 0.863366 -9.02523e-21)
(0.0341912 2.2372 -2.40705e-19)
(0.0282426 3.35863 3.2631e-19)
(0.0310155 3.475 6.91839e-19)
(0.0338811 3.45036 1.23254e-20)
(0.0363954 3.42574 0)
(0.0388442 3.4103 0)
(0.0409478 3.4105 4.59028e-19)
(0.0434596 3.40699 -7.94044e-21)
(0.0355631 3.10393 -7.82022e-19)
(-0.0120763 0.903829 2.73808e-19)
(0.0193763 2.21554 1.20678e-20)
(0.00890578 3.3404 3.59331e-19)
(0.0124107 3.44789 -1.92061e-19)
(0.0176422 3.4258 -2.1926e-19)
(0.0226079 3.40517 2.38604e-19)
(0.027938 3.39319 2.38295e-19)
(0.0333181 3.39526 -7.38258e-21)
(0.0388836 3.39659 2.77902e-19)
(0.0353017 3.13136 0)
(-0.0129719 0.94554 -5.68869e-19)
(0.0115342 2.23363 -7.67271e-23)
(-0.0069916 3.33216 -1.85494e-19)
(0.000396654 3.42414 2.41677e-20)
(0.00693952 3.40242 0)
(0.0138303 3.38424 -2.51564e-19)
(0.0213607 3.37434 2.63797e-19)
(0.0290851 3.37741 2.66751e-19)
(0.0369899 3.38267 2.76965e-19)
(0.037335 3.15495 -4.53436e-21)
(-0.0132324 0.991789 3.0371e-19)
(0.00430727 2.2761 -2.11111e-19)
(-0.0177522 3.3283 1.3693e-22)
(-0.00862352 3.40109 2.45306e-19)
(-0.000462241 3.37872 2.48387e-19)
(0.00800011 3.36188 -1.67376e-20)
(0.0173932 3.35314 2.15046e-22)
(0.0271903 3.35671 -2.77058e-19)
(0.0373757 3.36513 6.10511e-19)
(0.0417486 3.17453 -3.03442e-19)
(-0.0125292 1.04854 -9.78872e-21)
(-0.00345363 2.33953 -5.85899e-23)
(-0.0263081 3.32521 0)
(-0.0164426 3.37709 -2.65244e-19)
(-0.00645964 3.35322 -1.72625e-20)
(0.00370644 3.3369 2.99413e-19)
(0.0150444 3.3287 0)
(0.0270183 3.33241 3.25825e-19)
(0.0397327 3.34338 0)
(0.0483518 3.19001 3.31089e-19)
(-0.0103109 1.12286 0)
(-0.0132925 2.42044 -4.04924e-21)
(-0.0354742 3.31939 5.32302e-19)
(-0.0243384 3.34967 -2.71547e-19)
(-0.0121143 3.32407 -1.87483e-20)
(0.000197428 3.30783 1.93702e-20)
(0.0137782 3.2999 -2.02132e-20)
(0.0281973 3.30363 3.52337e-19)
(0.0438115 3.31664 -6.41983e-23)
(0.0565829 3.20029 -3.60749e-19)
(-0.00580316 1.22145 -3.62519e-19)
(-0.0274656 2.51898 -2.87929e-19)
(-0.046193 3.30685 -2.88475e-19)
(-0.0329428 3.31617 0)
(-0.0178058 3.28946 -3.54455e-19)
(-0.00272974 3.27335 2.11741e-20)
(0.0134723 3.26583 3.62537e-19)
(0.0304828 3.26973 -7.3666e-19)
(0.0490636 3.28431 -7.73525e-19)
(0.0656217 3.20405 -6.00279e-21)
(0.00153393 1.35152 -2.05299e-19)
(-0.0464908 2.63261 -1.4723e-19)
(-0.0578962 3.28389 -1.02667e-20)
(-0.0416129 3.27502 -3.40245e-19)
(-0.0231758 3.24871 0)
(-0.00495784 3.23342 0)
(0.0139225 3.22666 1.74378e-19)
(0.033433 3.23079 0)
(0.0545003 3.24629 -2.02492e-19)
(0.0741977 3.19964 0)
(0.0115533 1.51884 2.21147e-19)
(-0.0675566 2.75534 5.36825e-21)
(-0.0681939 3.24856 -1.74715e-19)
(-0.0481252 3.22685 2.14268e-20)
(-0.0268898 3.20312 0)
(-0.00632399 3.18957 2.56732e-20)
(0.0142347 3.18383 -2.6999e-19)
(0.035559 3.18801 2.15146e-19)
(0.0582704 3.20331 -1.40987e-20)
(0.0802204 3.18536 7.35794e-21)
(0.0234818 1.72247 4.81357e-19)
(-0.085517 2.87578 -6.07828e-21)
(-0.0735092 3.20326 1.24951e-20)
(-0.0504955 3.17537 -2.13584e-19)
(-0.027965 3.1544 1.84076e-19)
(-0.00677974 3.14258 -1.90751e-19)
(0.0140663 3.13809 -2.55426e-19)
(0.0356723 3.14293 2.34542e-19)
(0.0583711 3.15778 2.36219e-19)
(0.0818674 3.162 -1.59814e-20)
(0.0353684 1.96186 2.5747e-19)
(-0.0932426 2.97972 6.68864e-21)
(-0.0729222 3.15284 2.14513e-19)
(-0.0501475 3.12151 2.8481e-20)
(-0.0284145 3.10209 -1.50128e-19)
(-0.00684375 3.09174 1.03484e-22)
(0.0147329 3.08884 -3.14081e-20)
(0.0360853 3.09505 1.59752e-19)
(0.0566759 3.11097 1.67318e-20)
(0.0784616 3.13129 -1.71738e-20)
(0.0438131 2.23468 0)
(-0.0955971 3.04054 -1.13399e-19)
(-0.071297 3.0928 -1.22933e-19)
(-0.0495905 3.06301 -1.21877e-19)
(-0.0272588 3.04852 3.19994e-20)
(-0.00595723 3.04221 -1.62046e-19)
(0.0144135 3.04094 -8.90485e-23)
(0.0349092 3.04598 7.11712e-20)
(0.0555833 3.05934 -1.24391e-19)
(0.079471 3.08819 -1.36872e-19)
(0.0484631 2.5276 0)
(-0.0951292 3.03675 6.33514e-20)
(-0.0566321 3.02332 -1.66856e-20)
(-0.0315001 3.01256 -3.32271e-20)
(-0.014933 3.00887 3.37262e-20)
(-0.00270255 3.00858 0)
(0.0086229 3.00759 -3.50349e-20)
(0.0206905 3.00924 0)
(0.0362936 3.01349 -9.63819e-20)
(0.064668 3.02576 6.17507e-20)
(0.0493402 2.79243 -8.42305e-20)
(0.939316 -0.0855736 0)
(1.06142 -0.0844739 0)
(1.03128 -0.0590039 0)
(1.01438 -0.0382256 0)
(1.00654 -0.0234491 0)
(1.00316 -0.0141177 0)
(1.00166 -0.00847395 0)
(1.00097 -0.00487647 0)
(1.00063 -0.00235122 0)
(1.00049 -0.000260927 0)
(1.00054 0.00171574 0)
(1.00075 0.00394082 0)
(1.00123 0.00690053 0)
(1.00225 0.0113341 0)
(1.00449 0.0185275 0)
(1.00962 0.0303335 0)
(1.02123 0.0479846 0)
(1.04643 0.0727588 0)
(1.0553 0.0889917 0)
(0.533017 0.0342716 0)
(0.723979 -0.03091 0)
(1.09243 -0.0588398 0)
(1.08853 -0.0532835 0)
(1.05268 -0.0434399 0)
(1.02961 -0.0340448 0)
(1.01613 -0.0246047 0)
(1.00899 -0.0164349 0)
(1.00533 -0.00999024 0)
(1.00351 -0.00492176 0)
(1.00277 -0.000484098 0)
(1.00298 0.00377609 0)
(1.00415 0.00835873 0)
(1.0067 0.0139514 0)
(1.01179 0.0211293 0)
(1.02165 0.029922 0)
(1.03949 0.0393214 0)
(1.06851 0.0483705 0)
(1.10325 0.0583912 0)
(1.00576 0.0570726 0)
(0.263185 0.00536502 0)
(0.564559 -0.0100697 0)
(1.04885 -0.0422053 0)
(1.10396 -0.0449096 0)
(1.07237 -0.0379149 0)
(1.04737 -0.0313459 0)
(1.03017 -0.0251753 0)
(1.01888 -0.0188257 0)
(1.01201 -0.0124347 0)
(1.00822 -0.00638085 0)
(1.00661 -0.000498073 0)
(1.00705 0.00526559 0)
(1.00954 0.0110488 0)
(1.01461 0.0171211 0)
(1.02344 0.0233498 0)
(1.03745 0.0293623 0)
(1.05816 0.0354243 0)
(1.08861 0.0423219 0)
(1.10253 0.046598 0)
(0.882594 0.0302867 0)
(0.191271 0.000817099 0)
(0.481339 -0.00525381 0)
(0.987868 -0.0299173 0)
(1.10574 -0.0380921 0)
(1.08317 -0.0344407 0)
(1.05721 -0.0291504 0)
(1.03963 -0.0236774 0)
(1.02746 -0.018253 0)
(1.01911 -0.0126317 0)
(1.0139 -0.00665704 0)
(1.01151 -0.000257089 0)
(1.01212 0.00613494 0)
(1.01565 0.0121122 0)
(1.02218 0.0176616 0)
(1.0322 0.0228725 0)
(1.0467 0.0280119 0)
(1.06794 0.0331465 0)
(1.09832 0.0380093 0)
(1.08303 0.0376201 0)
(0.782057 0.0177553 0)
(0.162625 0.000590109 0)
(0.42954 -0.0035265 0)
(0.928088 -0.0220621 0)
(1.10111 -0.0324677 0)
(1.09245 -0.0308719 0)
(1.06521 -0.0267482 0)
(1.04677 -0.0221995 0)
(1.0342 -0.0172117 0)
(1.02545 -0.011913 0)
(1.01965 -0.00618568 0)
(1.01679 0.00019665 0)
(1.01745 0.00662524 0)
(1.02141 0.0123986 0)
(1.02832 0.0175539 0)
(1.0386 0.0223302 0)
(1.05364 0.0267263 0)
(1.07598 0.0306309 0)
(1.10255 0.0338261 0)
(1.054 0.0308202 0)
(0.705819 0.0119827 0)
(0.144599 0.000441713 0)
(0.392837 -0.00259188 0)
(0.87458 -0.0168398 0)
(1.09085 -0.0280176 0)
(1.09926 -0.0277451 0)
(1.07239 -0.0241642 0)
(1.0533 -0.0202937 0)
(1.04022 -0.0159054 0)
(1.03113 -0.0109369 0)
(1.02508 -0.00540673 0)
(1.02198 0.000798649 0)
(1.02256 0.00703211 0)
(1.02657 0.0125453 0)
(1.0336 0.0173567 0)
(1.04419 0.0215651 0)
(1.05977 0.025176 0)
(1.08275 0.0283823 0)
(1.1033 0.0306282 0)
(1.0203 0.0256995 0)
(0.647248 0.00891179 0)
(0.131533 0.000343649 0)
(0.365255 -0.00197973 0)
(0.828564 -0.0131347 0)
(1.0768 -0.0241865 0)
(1.10375 -0.025007 0)
(1.07883 -0.0218477 0)
(1.05928 -0.0182761 0)
(1.0459 -0.0143025 0)
(1.0365 -0.00972683 0)
(1.03019 -0.00445959 0)
(1.02689 0.00152699 0)
(1.02733 0.00750825 0)
(1.0313 0.012702 0)
(1.03843 0.0170654 0)
(1.0492 0.0207275 0)
(1.06507 0.0238497 0)
(1.08852 0.0267085 0)
(1.10109 0.0280475 0)
(0.985171 0.0216759 0)
(0.600939 0.00700722 0)
(0.121384 0.000278124 0)
(0.343918 -0.00153748 0)
(0.789621 -0.0104041 0)
(1.06055 -0.0208154 0)
(1.10657 -0.0224758 0)
(1.08479 -0.0197287 0)
(1.06482 -0.0163366 0)
(1.05122 -0.0125961 0)
(1.04162 -0.00830524 0)
(1.03507 -0.00332116 0)
(1.03153 0.00240507 0)
(1.0318 0.00809018 0)
(1.03569 0.0129067 0)
(1.04279 0.0168363 0)
(1.05358 0.020094 0)
(1.06968 0.0228609 0)
(1.09322 0.0254085 0)
(1.09604 0.0258974 0)
(0.950464 0.01853 0)
(0.563217 0.0057248 0)
(0.113176 0.000231347 0)
(0.327146 -0.00120295 0)
(0.756858 -0.00832592 0)
(1.04334 -0.0178406 0)
(1.1084 -0.0201289 0)
(1.0904 -0.0177096 0)
(1.07009 -0.0144473 0)
(1.05626 -0.0108559 0)
(1.04651 -0.00674601 0)
(1.03975 -0.00198662 0)
(1.03596 0.00346567 0)
(1.03599 0.00882098 0)
(1.03971 0.0132582 0)
(1.04668 0.0168149 0)
(1.05745 0.0197399 0)
(1.07378 0.0221926 0)
(1.09668 0.0244022 0)
(1.08837 0.0240978 0)
(0.917092 0.0161101 0)
(0.531613 0.00483292 0)
(0.106318 0.000198382 0)
(0.313865 -0.000938433 0)
(0.729376 -0.00668313 0)
(1.02609 -0.0151872 0)
(1.10931 -0.0178921 0)
(1.09581 -0.0157563 0)
(1.07521 -0.0125488 0)
(1.06114 -0.00904738 0)
(1.0512 -0.00505753 0)
(1.04424 -0.000459821 0)
(1.04017 0.00474178 0)
(1.03991 0.00976978 0)
(1.04338 0.0138477 0)
(1.05015 0.017058 0)
(1.06087 0.019673 0)
(1.07742 0.0218415 0)
(1.09878 0.023691 0)
(1.07852 0.0226291 0)
(0.885389 0.0142789 0)
(0.504416 0.00420732 0)
(0.100405 0.00017567 0)
(0.303371 -0.000720572 0)
(0.706439 -0.00533418 0)
(1.00952 -0.0127884 0)
(1.10946 -0.0157081 0)
(1.1011 -0.0138105 0)
(1.08028 -0.0105883 0)
(1.06594 -0.00712402 0)
(1.05579 -0.00320043 0)
(1.04858 0.00128318 0)
(1.04419 0.00627709 0)
(1.04356 0.0110033 0)
(1.0467 0.0147385 0)
(1.05324 0.0176146 0)
(1.06388 0.0199329 0)
(1.08063 0.021822 0)
(1.09969 0.0232916 0)
(1.0668 0.0214916 0)
(0.85533 0.0129313 0)
(0.480378 0.00377687 0)
(0.0951419 0.00016096 0)
(0.295199 -0.000532425 0)
(0.68749 -0.00417928 0)
(0.994152 -0.0105763 0)
(1.10898 -0.0135248 0)
(1.10614 -0.01177 0)
(1.08536 -0.00851317 0)
(1.07073 -0.00503417 0)
(1.06032 -0.00111948 0)
(1.05281 0.00329756 0)
(1.04801 0.00812985 0)
(1.04693 0.0125831 0)
(1.0497 0.0159815 0)
(1.05595 0.0185224 0)
(1.06649 0.020554 0)
(1.08336 0.0221539 0)
(1.09956 0.0232356 0)
(1.05346 0.020685 0)
(0.826682 0.0119876 0)
(0.45855 0.00349554 0)
(0.0903013 0.000152578 0)
(0.289057 -0.000360219 0)
(0.672136 -0.00314026 0)
(0.980392 -0.00847807 0)
(1.10815 -0.0112662 0)
(1.11102 -0.00956827 0)
(1.09053 -0.00625027 0)
(1.07558 -0.00270274 0)
(1.06486 0.00126004 0)
(1.05697 0.00566035 0)
(1.05168 0.0103752 0)
(1.05005 0.0145745 0)
(1.05236 0.0176388 0)
(1.05828 0.0198378 0)
(1.06868 0.0215792 0)
(1.0856 0.022865 0)
(1.09861 0.0234674 0)
(1.03862 0.0202146 0)
(0.799086 0.011383 0)
(0.438177 0.0033328 0)
(0.0857042 0.000149269 0)
(0.284793 -0.000193334 0)
(0.66015 -0.0021568 0)
(0.968567 -0.00642082 0)
(1.1073 -0.00887286 0)
(1.11589 -0.0071419 0)
(1.09587 -0.00372494 0)
(1.08057 -5.11368e-05 0)
(1.06948 0.0040191 0)
(1.06111 0.00846274 0)
(1.05521 0.0131005 0)
(1.05292 0.0170594 0)
(1.05469 0.0197823 0)
(1.0602 0.0216219 0)
(1.07043 0.0230638 0)
(1.08738 0.0240246 0)
(1.09646 0.0240747 0)
(1.02232 0.0200799 0)
(0.772124 0.011073 0)
(0.418648 0.00326703 0)
(0.0812077 0.000150191 0)
(0.282363 -2.61793e-05 0)
(0.651446 -0.00117919 0)
(0.958982 -0.00433274 0)
(1.10675 -0.00627494 0)
(1.12084 -0.00440314 0)
(1.10145 -0.000836898 0)
(1.08577 0.00302416 0)
(1.07423 0.00726268 0)
(1.06529 0.0118116 0)
(1.05863 0.0164128 0)
(1.05555 0.0201411 0)
(1.05666 0.0225081 0)
(1.06169 0.0239556 0)
(1.07168 0.0250606 0)
(1.0885 0.0256577 0)
(1.09296 0.0250728 0)
(1.00451 0.0203158 0)
(0.745338 0.011039 0)
(0.399435 0.00328996 0)
(0.0766875 0.0001551 0)
(0.281881 0.000153932 0)
(0.646067 -0.000160585 0)
(0.951942 -0.00213961 0)
(1.10687 -0.00339664 0)
(1.12609 -0.00125773 0)
(1.10738 0.0025229 0)
(1.09128 0.00663911 0)
(1.07919 0.0111198 0)
(1.06955 0.0158371 0)
(1.06199 0.0204399 0)
(1.05795 0.023937 0)
(1.05827 0.0259195 0)
(1.06271 0.0269387 0)
(1.07238 0.027638 0)
(1.08875 0.0277991 0)
(1.08786 0.0265313 0)
(0.985019 0.0209489 0)
(0.718216 0.0112657 0)
(0.380047 0.00339298 0)
(0.0720296 0.000163457 0)
(0.283311 0.000380365 0)
(0.644213 0.000994815 0)
(0.947783 0.00023352 0)
(1.10803 -0.000149625 0)
(1.13183 0.00239271 0)
(1.11378 0.00647336 0)
(1.0972 0.0109306 0)
(1.08444 0.0157363 0)
(1.07393 0.0206894 0)
(1.06526 0.0253338 0)
(1.06006 0.0286043 0)
(1.05945 0.030153 0)
(1.06321 0.0306769 0)
(1.07247 0.0309049 0)
(1.08798 0.0305195 0)
(1.08085 0.0285535 0)
(0.96358 0.0219943 0)
(0.690217 0.0117445 0)
(0.360028 0.00356988 0)
(0.0671321 0.000174757 0)
(0.286965 0.000609627 0)
(0.64593 0.002199 0)
(0.946915 0.00281977 0)
(1.11071 0.00356951 0)
(1.13825 0.0066831 0)
(1.12078 0.011195 0)
(1.10363 0.0160917 0)
(1.09007 0.0213126 0)
(1.07848 0.0265686 0)
(1.06845 0.0312784 0)
(1.06186 0.0342953 0)
(1.06016 0.0353472 0)
(1.06312 0.0352928 0)
(1.07187 0.0349888 0)
(1.08594 0.0339577 0)
(1.07177 0.0311734 0)
(0.939816 0.0235018 0)
(0.660752 0.0124784 0)
(0.338934 0.00381843 0)
(0.0619014 0.000188698 0)
(0.293295 0.000894472 0)
(0.651766 0.00365115 0)
(0.94993 0.00578633 0)
(1.11543 0.00791737 0)
(1.14557 0.0118081 0)
(1.12855 0.0168954 0)
(1.11073 0.0223476 0)
(1.09615 0.0280895 0)
(1.08324 0.0337178 0)
(1.07155 0.038496 0)
(1.0633 0.0411908 0)
(1.06034 0.0416659 0)
(1.06236 0.0409436 0)
(1.07049 0.040032 0)
(1.08263 0.0382867 0)
(1.06023 0.0344907 0)
(0.913212 0.0254997 0)
(0.629175 0.0134642 0)
(0.316327 0.00413253 0)
(0.0562521 0.000204567 0)
(0.302787 0.00124389 0)
(0.662501 0.00534722 0)
(0.95747 0.00925676 0)
(1.12272 0.013111 0)
(1.15409 0.0179971 0)
(1.13733 0.0238344 0)
(1.11865 0.0299878 0)
(1.10281 0.0363695 0)
(1.08825 0.042428 0)
(1.07456 0.0472526 0)
(1.06433 0.049526 0)
(1.05991 0.049328 0)
(1.06083 0.0478069 0)
(1.06821 0.0461957 0)
(1.07796 0.0436208 0)
(1.04574 0.0385806 0)
(0.883129 0.0280104 0)
(0.594789 0.0146899 0)
(0.291786 0.00450116 0)
(0.0501168 0.000221119 0)
(0.316248 0.00169112 0)
(0.679052 0.00740113 0)
(0.970387 0.0134158 0)
(1.13321 0.0194356 0)
(1.16427 0.0256076 0)
(1.14737 0.0324079 0)
(1.12758 0.0394279 0)
(1.11011 0.0465595 0)
(1.09347 0.0530696 0)
(1.07734 0.0578554 0)
(1.06481 0.0595502 0)
(1.05872 0.0585311 0)
(1.05844 0.0560637 0)
(1.06503 0.0535982 0)
(1.07164 0.0500709 0)
(1.02768 0.0435161 0)
(0.848772 0.0310411 0)
(0.556854 0.016128 0)
(0.264931 0.00490637 0)
(0.0434557 0.000236778 0)
(0.334909 0.00228013 0)
(0.703155 0.00996774 0)
(0.989806 0.0185906 0)
(1.14767 0.0273478 0)
(1.17661 0.0351406 0)
(1.15898 0.0431701 0)
(1.13767 0.0512405 0)
(1.11809 0.0592017 0)
(1.09883 0.0660978 0)
(1.07977 0.0706439 0)
(1.06458 0.0715098 0)
(1.05656 0.0694253 0)
(1.05504 0.0658946 0)
(1.06078 0.0623643 0)
(1.06326 0.0576448 0)
(1.00523 0.0493335 0)
(0.809186 0.0345416 0)
(0.514611 0.0177145 0)
(0.235469 0.00531639 0)
(0.0362709 0.000249193 0)
(0.360884 0.00310962 0)
(0.736923 0.0133236 0)
(1.01724 0.0253358 0)
(1.16706 0.0375816 0)
(1.19176 0.0473747 0)
(1.17252 0.0569328 0)
(1.14904 0.0662165 0)
(1.12666 0.0749868 0)
(1.10415 0.0820537 0)
(1.08162 0.0859965 0)
(1.06343 0.085656 0)
(1.05331 0.0822444 0)
(1.05051 0.0775028 0)
(1.05505 0.0726538 0)
(1.0522 0.066466 0)
(0.977359 0.0559872 0)
(0.763234 0.0383881 0)
(0.467321 0.0193333 0)
(0.203256 0.00568374 0)
(0.0286238 0.000255815 0)
(0.397668 0.00433379 0)
(0.783755 0.0179822 0)
(1.05481 0.0346852 0)
(1.19251 0.0514444 0)
(1.2104 0.0636095 0)
(1.18821 0.0750007 0)
(1.16163 0.0855023 0)
(1.13556 0.0947844 0)
(1.10907 0.101523 0)
(1.08256 0.104286 0)
(1.06107 0.102227 0)
(1.04879 0.0971707 0)
(1.04472 0.0910188 0)
(1.0475 0.0847132 0)
(1.03769 0.0765794 0)
(0.94276 0.0633172 0)
(0.709587 0.0423106 0)
(0.414324 0.0207795 0)
(0.168376 0.00593698 0)
(0.0206528 0.000253833 0)
(0.452111 0.00623194 0)
(0.84899 0.0253885 0)
(1.10595 0.049026 0)
(1.22498 0.0713812 0)
(1.23321 0.086563 0)
(1.20585 0.0993701 0)
(1.1749 0.110588 0)
(1.14414 0.119596 0)
(1.11295 0.125119 0)
(1.08201 0.125822 0)
(1.05711 0.121355 0)
(1.04271 0.114236 0)
(1.03754 0.106478 0)
(1.03788 0.0986662 0)
(1.01867 0.0880331 0)
(0.899833 0.0709432 0)
(0.64672 0.0458146 0)
(0.355021 0.0217018 0)
(0.131146 0.00597356 0)
(0.0125585 0.000240658 0)
(0.540838 0.0102785 0)
(0.944022 0.0412779 4.86568e-34)
(1.17717 0.0749675 0)
(1.26478 0.10219 0)
(1.25923 0.119875 6.72903e-34)
(1.22423 0.132651 -3.0185e-34)
(1.18766 0.143093 0)
(1.15141 0.150338 0)
(1.11508 0.153301 -4.37515e-34)
(1.07957 0.15079 0)
(1.05129 0.143092 0)
(1.0349 0.133452 0)
(1.02886 0.123877 0)
(1.02615 0.114099 0)
(0.993269 0.100395 0)
(0.845914 0.0782116 0)
(0.572963 0.0481595 0)
(0.288459 0.0215204 0)
(0.0914732 0.00564251 0)
(0.00439324 0.000221779 0)
(0.62498 0.0338594 -4.42533e-20)
(1.0356 0.0772415 -1.25863e-20)
(1.24401 0.117987 -1.10066e-20)
(1.30284 0.146251 0)
(1.28422 0.163621 -1.15779e-20)
(1.24135 0.17508 1.07065e-20)
(1.19869 0.183868 -1.81944e-20)
(1.15652 0.188956 1.56408e-20)
(1.11454 0.189244 1.40076e-20)
(1.07378 0.183514 -2.29238e-20)
(1.04142 0.172606 -2.39606e-20)
(1.02251 0.160483 2.81663e-20)
(1.01504 0.149113 4.97828e-20)
(1.00606 0.136353 -2.00174e-20)
(0.950102 0.117462 5.86878e-20)
(0.766247 0.0877149 6.95332e-21)
(0.47743 0.0512685 -8.27783e-20)
(0.212211 0.0217301 7.29611e-20)
(0.0505788 0.00535125 -1.71774e-20)
(-0.00326301 4.05903e-06 1.15109e-19)
(0.660235 0.0672031 -5.48794e-20)
(1.09669 0.130705 6.50157e-20)
(1.29134 0.174433 0)
(1.33304 0.201678 2.34514e-20)
(1.30505 0.216235 9.11728e-20)
(1.25544 0.22469 0)
(1.20669 0.230589 -7.51342e-20)
(1.15856 0.232758 6.9545e-20)
(1.11082 0.229926 0)
(1.06455 0.220784 -5.10549e-20)
(1.02763 0.206661 -1.01753e-19)
(1.00561 0.192078 -6.12798e-20)
(0.995947 0.178953 3.70651e-20)
(0.981205 0.164303 -8.81952e-20)
(0.906876 0.140566 0)
(0.703667 0.102343 -2.15417e-19)
(0.41676 0.0576571 2.8947e-19)
(0.171296 0.0231455 -3.40884e-19)
(0.0302253 0.00457234 4.00412e-19)
(-0.007139 -0.000577256 9.22558e-19)
(0.669889 0.103275 -6.5866e-21)
(1.13116 0.190486 -1.20203e-20)
(1.32154 0.239218 0)
(1.35408 0.264591 1.84786e-21)
(1.31997 0.275025 -4.2408e-20)
(1.26508 0.27933 4.51364e-20)
(1.21102 0.281245 0)
(1.1575 0.279604 6.72622e-20)
(1.10441 0.272955 5.97579e-20)
(1.05295 0.259908 0)
(1.0117 0.242265 1.07565e-19)
(0.986605 0.225053 3.33635e-19)
(0.974492 0.210049 8.00279e-20)
(0.955248 0.193306 0)
(0.870435 0.164491 5.63326e-20)
(0.662521 0.118686 -5.02504e-19)
(0.386651 0.0666798 -4.426e-22)
(0.155487 0.0262834 0)
(0.0225171 0.00427547 2.75415e-20)
(-0.00903432 -0.00125553 3.17172e-20)
(0.665624 0.138456 -9.58513e-21)
(1.14835 0.250768 7.27697e-20)
(1.33857 0.306837 1.47015e-19)
(1.36633 0.330321 -6.63711e-20)
(1.32833 0.336706 0)
(1.26961 0.336611 -4.19557e-20)
(1.21128 0.334171 -7.52597e-20)
(1.15321 0.328318 -1.44142e-19)
(1.09543 0.317478 2.65387e-19)
(1.03925 0.300207 -1.18021e-19)
(0.993947 0.278801 0)
(0.965921 0.258801 2.8671e-19)
(0.951463 0.241764 0)
(0.928859 0.222818 -1.03483e-19)
(0.839497 0.189345 -2.46129e-19)
(0.636297 0.136855 0)
(0.374154 0.0766756 3.01157e-19)
(0.152316 0.0304593 -4.56164e-19)
(0.0220722 0.00442244 -9.57787e-19)
(-0.00947594 -0.00184049 5.86313e-19)
(0.655895 0.170743 4.62197e-20)
(1.15399 0.309537 -1.06707e-20)
(1.34607 0.374322 0)
(1.37143 0.396315 1.17306e-20)
(1.3308 0.398982 -1.5995e-19)
(1.26926 0.3946 0)
(1.20759 0.387849 -4.54122e-21)
(1.14579 0.37775 -7.85697e-20)
(1.08399 0.362646 0)
(1.02359 0.341055 -2.46758e-19)
(0.974544 0.315832 2.57049e-19)
(0.9437 0.293012 -1.53992e-19)
(0.926863 0.273855 3.76389e-19)
(0.901771 0.252617 1.12856e-19)
(0.811954 0.215159 1.33111e-21)
(0.617807 0.156371 -7.9256e-20)
(0.370158 0.0892602 -3.74161e-19)
(0.157102 0.0367263 0)
(0.0273697 0.00595029 -2.16027e-18)
(-0.00845977 -0.0021232 -4.47341e-23)
(0.644217 0.200398 3.9649e-20)
(1.15222 0.365728 1.01399e-20)
(1.34666 0.439931 1.09304e-19)
(1.37091 0.461176 0)
(1.32848 0.460508 7.08652e-20)
(1.26481 0.452058 -8.36871e-20)
(1.20046 0.441204 0)
(1.13556 0.427008 -7.70502e-20)
(1.07029 0.407751 1.36888e-19)
(1.00615 0.381913 0)
(0.953694 0.35293 -1.34693e-19)
(0.920176 0.327275 3.35832e-19)
(0.901029 0.306007 2.02894e-19)
(0.874049 0.282723 -1.24818e-19)
(0.786089 0.242079 0)
(0.60255 0.177645 1.64789e-21)
(0.369984 0.104542 3.06315e-19)
(0.165923 0.0455169 -6.01394e-20)
(0.0360705 0.00940629 1.07186e-18)
(-0.00630902 -0.00195621 1.31613e-18)
(0.632909 0.227944 5.10943e-21)
(1.1459 0.418969 3.66041e-21)
(1.34239 0.502969 -1.5221e-20)
(1.36608 0.523976 2.99131e-21)
(1.32237 0.520433 3.7931e-20)
(1.2571 0.508233 -1.57652e-19)
(1.19056 0.493552 0)
(1.12304 0.475488 1.67225e-19)
(1.05475 0.452273 -1.62006e-19)
(0.987271 0.422351 2.83955e-19)
(0.931704 0.389651 4.52048e-19)
(0.895694 0.361153 -1.86554e-19)
(0.874439 0.337868 -1.56316e-21)
(0.846068 0.312668 -2.67322e-19)
(0.76083 0.269193 -1.61241e-19)
(0.587938 0.199764 0)
(0.369983 0.121456 -1.11249e-19)
(0.175414 0.0562788 -1.32989e-19)
(0.0459307 0.0142948 0)
(-0.00358556 -0.00134257 -1.38878e-18)
(0.622946 0.254025 6.68944e-21)
(1.13691 0.469193 5.14616e-21)
(1.33462 0.562885 -8.20452e-21)
(1.35809 0.584209 1.68341e-20)
(1.31336 0.578216 1.49995e-19)
(1.24686 0.56264 -7.59254e-20)
(1.17854 0.544447 -1.76734e-19)
(1.10878 0.522794 3.49134e-19)
(1.03782 0.495868 4.10205e-19)
(0.967296 0.462039 3.03863e-19)
(0.908844 0.425691 -1.64837e-19)
(0.870582 0.394463 -2.03116e-19)
(0.847506 0.36924 0)
(0.817966 0.342164 0)
(0.735379 0.295821 -1.72897e-19)
(0.572286 0.221951 4.13523e-19)
(0.367973 0.1388 2.44248e-19)
(0.183046 0.0677829 4.31089e-19)
(0.0546272 0.0199193 8.48602e-20)
(-0.000895467 -0.000464576 9.698e-20)
(0.614228 0.278722 -6.14404e-20)
(1.12665 0.516677 0)
(1.32449 0.619494 0)
(1.34782 0.641643 4.97833e-20)
(1.30219 0.633562 6.43494e-20)
(1.23474 0.614958 -8.38221e-20)
(1.16496 0.593594 9.78373e-20)
(1.09326 0.568664 1.81406e-19)
(1.01989 0.538302 -3.50611e-19)
(0.946547 0.500773 -1.6884e-19)
(0.885397 0.46092 8.7001e-19)
(0.845097 0.427099 -4.37373e-19)
(0.820377 0.399971 0)
(0.789695 0.370714 -3.12419e-19)
(0.709469 0.321545 -1.89562e-19)
(0.554942 0.243383 -9.67234e-22)
(0.36282 0.15544 9.25167e-19)
(0.186945 0.0789552 7.79699e-19)
(0.0606744 0.0253986 9.20037e-20)
(0.00127344 0.000476593 -7.38773e-19)
(0.607216 0.302787 2.12052e-20)
(1.116 0.561755 -1.54013e-20)
(1.31309 0.673094 -7.98032e-21)
(1.33588 0.696259 -1.69626e-20)
(1.28947 0.686311 -6.43689e-20)
(1.22128 0.665 -8.94789e-20)
(1.15027 0.640804 0)
(1.07688 0.612924 -1.91826e-19)
(1.00133 0.579425 -9.70881e-20)
(0.925319 0.538437 3.47092e-19)
(0.861611 0.495269 0)
(0.819408 0.458878 0)
(0.793152 0.42964 2.81446e-19)
(0.761382 0.397975 3.37827e-19)
(0.682914 0.34564 -8.17331e-19)
(0.535567 0.26336 -1.21254e-18)
(0.354232 0.170442 0)
(0.186576 0.0886417 -1.68182e-19)
(0.0634103 0.0298889 0)
(0.00263976 0.00122263 -1.13959e-19)
(0.601608 0.32602 -8.93342e-20)
(1.10523 0.604352 2.52752e-20)
(1.301 0.723707 2.89864e-20)
(1.32283 0.74802 0)
(1.27571 0.736389 0)
(1.20693 0.712679 8.9433e-20)
(1.1349 0.685973 -4.31002e-21)
(1.06 0.655471 -1.06892e-19)
(0.982422 0.61915 9.5596e-21)
(0.903857 0.574975 1.57726e-18)
(0.837666 0.528654 -7.9784e-19)
(0.793613 0.489556 2.4395e-19)
(0.765895 0.457921 -3.08377e-19)
(0.733077 0.423687 1.10166e-18)
(0.655725 0.36755 6.64418e-19)
(0.514186 0.280858 2.61688e-19)
(0.342217 0.183322 0)
(0.181931 0.0962429 5.46565e-19)
(0.0628849 0.0329406 -1.07152e-19)
(0.0031539 0.00163403 8.64862e-19)
(0.597304 0.348609 -4.18433e-20)
(1.09498 0.644879 5.89367e-20)
(1.28842 0.771575 1.22914e-20)
(1.30911 0.796944 -2.27762e-21)
(1.26131 0.783796 4.86204e-20)
(1.19207 0.757964 8.8919e-20)
(1.11916 0.729059 0)
(1.04292 0.696247 -9.6721e-20)
(0.96344 0.65742 -5.11042e-19)
(0.88239 0.610366 0)
(0.813698 0.560993 -1.06937e-18)
(0.767767 0.518994 -2.62181e-19)
(0.738665 0.484786 6.55117e-19)
(0.704716 0.447741 0)
(0.627749 0.387176 0)
(0.491192 0.295649 2.83989e-19)
(0.327049 0.193358 -8.35463e-19)
(0.173452 0.10121 -7.86385e-19)
(0.0595458 0.0343292 -1.15105e-18)
(0.00303857 0.00173625 0)
(0.593753 0.370463 -1.48974e-19)
(1.08534 0.683525 6.51749e-20)
(1.27564 0.816807 3.76672e-20)
(1.29506 0.843078 1.35391e-20)
(1.2466 0.828576 1.35695e-20)
(1.17698 0.800877 2.36865e-19)
(1.10333 0.770055 -1.93239e-19)
(1.02588 0.735237 -4.26692e-19)
(0.944601 0.694224 -4.3444e-19)
(0.861104 0.644606 8.39334e-19)
(0.789813 0.592269 1.03312e-18)
(0.741904 0.547238 -7.16739e-19)
(0.711437 0.510394 -5.31457e-19)
(0.676165 0.470077 4.27651e-19)
(0.59894 0.404244 5.1325e-19)
(0.466644 0.307511 3.06223e-19)
(0.309162 0.20032 -7.20872e-19)
(0.161901 0.10342 0)
(0.0544061 0.0341368 -9.95428e-19)
(0.00250692 0.00154886 2.8708e-19)
(0.591278 0.391752 2.42375e-19)
(1.07571 0.720504 0)
(1.26294 0.859483 -4.63934e-21)
(1.28095 0.886527 -1.78643e-20)
(1.23182 0.870798 -3.3381e-20)
(1.16192 0.841453 1.11272e-19)
(1.08763 0.80898 0)
(1.00909 0.772442 0)
(0.926107 0.72956 -4.55899e-19)
(0.840167 0.677704 1.77705e-18)
(0.766118 0.622537 9.78012e-19)
(0.716062 0.574492 -1.50845e-19)
(0.684135 0.534904 1.87261e-19)
(0.647261 0.4905 4.6094e-19)
(0.569401 0.4185 0)
(0.440871 0.316304 1.97462e-18)
(0.289263 0.204103 1.1648e-18)
(0.148209 0.102939 9.14742e-19)
(0.0478322 0.0324886 0)
(0.00170261 0.0011449 -1.54358e-19)
(0.58931 0.412489 7.22693e-20)
(1.06666 0.755638 1.10241e-19)
(1.25041 0.899734 -4.7441e-20)
(1.26693 0.927415 -3.7453e-21)
(1.21716 0.910545 -1.78714e-20)
(1.14706 0.879758 -1.4781e-19)
(1.07224 0.845876 5.49769e-20)
(0.992706 0.807885 -1.1464e-19)
(0.908112 0.763441 -4.68013e-19)
(0.819728 0.709679 9.42848e-19)
(0.742744 0.651915 0)
(0.690281 0.601007 6.61437e-19)
(0.656609 0.558369 4.10401e-19)
(0.617784 0.508719 -4.9822e-19)
(0.53923 0.429747 -5.99073e-19)
(0.414232 0.32193 -3.53392e-19)
(0.267923 0.204568 8.36552e-19)
(0.133289 0.0998894 -4.91738e-19)
(0.0406421 0.0296938 1.45088e-19)
(0.000741725 0.000566579 -1.66584e-19)
(0.587661 0.432747 3.21811e-21)
(1.05814 0.789022 -1.20365e-19)
(1.23821 0.937708 7.26223e-20)
(1.25316 0.965861 0)
(1.20278 0.947911 -1.92902e-20)
(1.13254 0.915869 1.30335e-19)
(1.05727 0.880788 -1.59388e-19)
(0.976855 0.841588 4.5922e-19)
(0.890739 0.795874 4.32107e-19)
(0.799921 0.74056 9.77718e-19)
(0.719812 0.680549 -1.11112e-18)
(0.6646 0.627013 0)
(0.628699 0.580776 -8.80053e-19)
(0.587539 0.524532 8.04653e-19)
(0.508525 0.437854 6.4371e-19)
(0.387075 0.32413 -3.80684e-19)
(0.245824 0.201536 0)
(0.117913 0.094561 -7.92392e-19)
(0.0333581 0.0260504 3.10759e-19)
(-0.000214448 -8.73655e-05 0)
(0.586231 0.452222 -1.01113e-19)
(1.05009 0.820694 -1.53695e-19)
(1.22634 0.973449 -8.84782e-20)
(1.23971 1.00197 -1.54926e-19)
(1.18877 0.983006 2.83206e-21)
(1.11846 0.949857 3.81547e-20)
(1.04282 0.913779 -2.52012e-19)
(0.961623 0.873588 4.14806e-19)
(0.874086 0.826879 5.25909e-19)
(0.780867 0.770372 6.18249e-20)
(0.697466 0.708579 -1.31851e-18)
(0.639081 0.652667 5.63324e-19)
(0.600265 0.602119 0)
(0.556312 0.537943 2.8648e-19)
(0.47714 0.442659 3.47487e-19)
(0.35956 0.322185 -8.20246e-19)
(0.223982 0.194607 -4.83837e-19)
(0.103525 0.0872075 0)
(0.0268837 0.0220445 -3.32999e-19)
(-0.00107821 -0.000717604 0)
(0.584859 0.470794 0)
(1.04244 0.850739 2.54179e-19)
(1.21484 1.00705 -2.1718e-19)
(1.22668 1.03584 -2.01063e-20)
(1.17521 1.01593 1.65864e-20)
(1.10489 0.981815 1.17635e-19)
(1.02894 0.944904 9.55885e-20)
(0.947065 0.903922 -5.47727e-19)
(0.858221 0.856481 6.19772e-19)
(0.762653 0.799136 6.32782e-20)
(0.675844 0.736108 -2.4999e-18)
(0.613803 0.678058 0)
(0.571226 0.622477 -1.01311e-18)
(0.523881 0.549278 -6.21258e-19)
(0.444504 0.44399 3.70348e-19)
(0.331451 0.315012 0)
(0.203782 0.182465 0)
(0.0929279 0.0772433 0)
(0.023489 0.0177677 -1.42882e-18)
(-0.00153767 -0.0012441 8.23698e-19)
(0.583731 0.488877 0)
(1.03512 0.879108 -3.01645e-19)
(1.2038 1.03867 -6.89547e-20)
(1.21413 1.0676 9.47512e-20)
(1.16216 1.04678 1.08636e-20)
(1.09186 1.01183 -9.57802e-20)
(1.01568 0.974239 -1.35306e-19)
(0.933225 0.932647 1.01354e-18)
(0.843177 0.884699 0)
(0.745345 0.826863 -1.08361e-18)
(0.655071 0.76319 1.31869e-18)
(0.588878 0.703236 -1.10569e-19)
(0.5416 0.642027 2.76018e-19)
(0.490082 0.559149 -3.3706e-19)
(0.409638 0.442073 -3.98068e-19)
(0.301306 0.301388 0)
(0.185603 0.16136 -5.57768e-19)
(0.0910847 0.0578758 -3.26468e-19)
(0.0339761 0.00712555 0)
(0.00404379 -0.00108475 -2.21028e-19)
(0.582314 0.505781 1.4911e-19)
(1.02818 0.905762 0)
(1.19318 1.06837 -1.47755e-19)
(1.2021 1.09734 1.03509e-19)
(1.14962 1.07568 -4.08573e-20)
(1.0794 1.03999 8.7545e-20)
(1.00303 1.00184 -1.66974e-19)
(0.920091 0.959799 -5.8972e-19)
(0.828955 0.911554 -7.7879e-20)
(0.728987 0.853563 1.35979e-18)
(0.635262 0.789823 1.38613e-18)
(0.564438 0.72824 -9.10097e-19)
(0.511526 0.660981 -2.16352e-18)
(0.454951 0.568376 0)
(0.371443 0.437919 -6.47639e-19)
(0.265591 0.281406 0)
(0.163615 0.126301 -3.2875e-21)
(0.0963196 0.00807885 -3.5446e-19)
(0.0784794 -0.0317835 -4.06877e-19)
(0.0432811 0.0124826 -2.30434e-19)
(0.581097 0.52209 -1.79614e-21)
(1.02158 0.93114 -2.62861e-19)
(1.18296 1.09655 8.97468e-20)
(1.19045 1.1256 1.83717e-19)
(1.13738 1.10327 5.26183e-20)
(1.06719 1.06705 -5.53307e-20)
(0.99057 1.02863 -1.54673e-19)
(0.907145 0.986446 -6.8354e-20)
(0.814905 0.938289 -6.27315e-19)
(0.712729 0.880665 1.19209e-18)
(0.615322 0.817636 -8.07976e-20)
(0.539024 0.754852 -1.1473e-19)
(0.478922 0.680837 -9.91117e-19)
(0.416182 0.578566 3.53977e-19)
(0.326204 0.43291 -8.44747e-19)
(0.21542 0.256968 0)
(0.117327 0.0793144 0)
(0.0504582 0.072284 0)
(-0.0246594 0.552012 7.68006e-19)
(0.0132637 1.81091 4.88581e-19)
(0.579856 0.537657 9.40612e-20)
(1.01524 0.95524 -1.31142e-19)
(1.17308 1.12322 -2.8022e-19)
(1.17923 1.15245 -2.02842e-19)
(1.12544 1.12959 -5.77752e-20)
(1.05523 1.09304 -7.92441e-20)
(0.978381 1.05463 -1.44055e-19)
(0.894448 1.01257 0)
(0.801138 0.96486 6.42993e-20)
(0.696747 0.908143 -1.15391e-18)
(0.595498 0.846577 -1.34839e-18)
(0.512986 0.783369 -1.15152e-19)
(0.443878 0.701856 -1.13478e-18)
(0.373944 0.590217 8.88986e-19)
(0.27446 0.428911 8.53744e-19)
(0.145635 0.238351 0)
(0.0443803 0.304225 0)
(0.0514784 1.51333 3.35155e-19)
(0.07602 2.76357 -7.61575e-19)
(0.0934009 3.23859 2.27793e-19)
(0.579171 0.553246 -2.09502e-19)
(1.00947 0.978157 3.18459e-19)
(1.16349 1.14838 -5.63803e-20)
(1.1684 1.17781 0)
(1.1136 1.15448 -1.1545e-19)
(1.04339 1.1178 1.02268e-20)
(0.966401 1.07973 -1.46836e-19)
(0.881921 1.03802 -3.27008e-20)
(0.787582 0.991045 -5.47443e-19)
(0.681044 0.935766 1.23007e-18)
(0.575948 0.87638 -1.33965e-18)
(0.48675 0.813795 -8.91604e-19)
(0.406598 0.724182 0)
(0.329285 0.602856 7.08864e-19)
(0.222069 0.424747 8.40886e-19)
(0.0813111 0.479571 -4.90699e-19)
(0.0914337 1.89983 0)
(0.132214 3.05744 -6.41177e-19)
(0.126206 3.36951 0)
(0.115857 3.43285 1.34053e-19)
(0.57952 0.573532 1.86515e-21)
(1.00551 1.00019 -5.11929e-21)
(1.15403 1.17194 2.30754e-19)
(1.15793 1.20163 2.68031e-19)
(1.10161 1.17785 -1.39979e-19)
(1.03151 1.14134 -1.30744e-20)
(0.954264 1.10395 1.10462e-19)
(0.869405 1.06279 5.60209e-20)
(0.774133 1.01685 5.05176e-19)
(0.665609 0.963521 -1.08908e-18)
(0.556772 0.907013 -1.25359e-18)
(0.460597 0.846044 9.87403e-19)
(0.367226 0.749499 1.45392e-19)
(0.282778 0.614291 0)
(0.179616 0.648427 6.0538e-22)
(0.111128 1.64574 0)
(0.170062 3.12077 5.7058e-19)
(0.169888 3.39612 8.82336e-19)
(0.153718 3.44913 -2.77042e-19)
(0.134578 3.46012 -5.15305e-19)
(0.984071 1.14566 0)
(0.903209 1.10635 -1.75152e-19)
(0.812845 1.06387 4.43045e-19)
(0.710054 1.01624 0)
(0.596799 0.963735 1.13909e-18)
(0.488008 0.909559 -8.19941e-19)
(0.386575 0.841128 0)
(0.152542 3.48717 0)
(0.555003 0.562294 2.57864e-19)
(0.837453 0.869181 3.85936e-19)
(1.09685 1.16131 -3.05027e-19)
(1.14503 1.24004 -4.33386e-19)
(1.11231 1.23786 1.53969e-19)
(1.0481 1.20535 -1.38456e-20)
(0.974557 1.16889 -3.51693e-20)
(0.893793 1.13072 -2.70383e-19)
(0.803117 1.08953 -2.25347e-20)
(0.699517 1.04411 -1.91227e-18)
(0.584055 0.995026 -2.42623e-18)
(0.470452 0.943935 7.9256e-19)
(0.359861 0.87577 -7.43673e-21)
(0.2489 0.797014 -4.86947e-19)
(0.192915 1.49098 0)
(0.259408 3.08289 4.28822e-19)
(0.281101 3.44043 1.15198e-20)
(0.252608 3.48939 -2.47682e-19)
(0.216727 3.50658 1.82773e-19)
(0.560704 0.583021 0)
(0.833147 0.886074 3.05322e-19)
(1.08816 1.18162 7.18365e-20)
(1.13429 1.26222 4.50016e-20)
(1.10089 1.26025 0)
(1.0364 1.22761 4.48635e-20)
(0.963034 1.19142 6.18333e-22)
(0.882016 1.15388 -1.07029e-20)
(0.790988 1.11375 -3.88418e-19)
(0.686514 1.07033 1.83062e-18)
(0.569173 1.02486 0)
(0.451864 0.977849 7.50679e-19)
(0.330309 0.908217 -9.49557e-19)
(0.244931 0.993201 0)
(0.27778 2.34945 1.22639e-18)
(0.350856 3.37348 3.54261e-19)
(0.322506 3.5075 5.82694e-21)
(0.28758 3.54035 -4.61609e-19)
(0.247624 3.56103 -1.571e-19)
(0.563815 0.604578 2.55141e-19)
(0.827803 0.904413 0)
(1.07932 1.20467 3.04319e-19)
(1.12383 1.28656 4.80304e-19)
(1.08977 1.28493 7.31674e-20)
(1.02519 1.2521 -2.00127e-20)
(0.951873 1.21597 -3.63768e-20)
(0.87083 1.17884 1.79607e-19)
(0.779685 1.13975 -1.76225e-20)
(0.674701 1.09843 8.49345e-19)
(0.556222 1.0569 1.07856e-18)
(0.436722 1.01443 -6.29715e-19)
(0.317052 0.96067 -9.23717e-19)
(0.280558 1.37379 1.40508e-19)
(0.369389 3.06213 6.02836e-19)
(0.417713 3.48311 -2.84524e-19)
(0.36109 3.54632 -1.8557e-19)
(0.32522 3.58808 -5.80041e-20)
(0.280868 3.64846 8.94966e-20)
(0.563452 0.624744 1.32674e-19)
(0.820831 0.924052 -3.02534e-19)
(1.06921 1.22941 -1.57068e-19)
(1.11217 1.31213 -4.05652e-19)
(1.07747 1.31043 5.321e-20)
(1.01302 1.27738 -2.32184e-19)
(0.940041 1.24133 1.22931e-20)
(0.859323 1.20467 -1.49889e-19)
(0.768361 1.16664 0)
(0.663302 1.12751 7.05266e-19)
(0.544238 1.0899 0)
(0.423019 1.05143 -6.50803e-19)
(0.318904 1.0427 0)
(0.341337 1.9277 8.84686e-19)
(0.454634 3.35537 -2.47135e-19)
(0.46565 3.53843 -3.81029e-19)
(0.416331 3.58197 1.30351e-19)
(0.37177 3.66073 2.31075e-20)
(0.340857 3.67381 -2.8904e-20)
(0.560323 0.643533 -4.99285e-19)
(0.812653 0.944723 -6.10918e-19)
(1.05776 1.25566 -1.61004e-19)
(1.09919 1.33899 9.47196e-20)
(1.06401 1.33687 -4.3363e-19)
(0.999861 1.30344 3.5904e-20)
(0.927454 1.26737 -4.85468e-21)
(0.847285 1.2311 1.93029e-19)
(0.756767 1.19407 -2.31746e-19)
(0.652016 1.15714 -9.22154e-21)
(0.532985 1.12328 7.38122e-21)
(0.409099 1.08871 0)
(0.330785 1.18901 7.91931e-19)
(0.420603 2.56265 2.1035e-19)
(0.530574 3.47627 0)
(0.507326 3.56727 0)
(0.476528 3.63736 0)
(0.447101 3.65974 6.08712e-20)
(0.389774 3.51817 -3.29588e-19)
(0.556071 0.662241 -4.91279e-19)
(0.803541 0.966622 -2.04168e-19)
(1.04505 1.28334 3.05446e-19)
(1.08505 1.36719 -3.06657e-19)
(1.04964 1.3644 0)
(0.986017 1.33037 2.89317e-20)
(0.914412 1.29406 1.01345e-19)
(0.835021 1.25798 5.58522e-20)
(0.745249 1.22178 0)
(0.641233 1.18689 -1.19508e-18)
(0.522893 1.15635 7.89223e-19)
(0.401662 1.12948 -4.37728e-19)
(0.361423 1.41243 3.84546e-20)
(0.501555 3.05067 8.2327e-19)
(0.590416 3.53024 0)
(0.550196 3.58896 4.22386e-20)
(0.533737 3.63956 6.82277e-20)
(0.49957 3.55132 0)
(0.463759 2.99093 0)
(0.0577345 0.739092 0)
(0.550299 0.68038 0)
(0.793344 0.989513 0)
(1.03106 1.31262 -4.571e-19)
(1.06955 1.397 -4.02767e-19)
(1.03406 1.39344 0)
(0.971179 1.35873 3.12078e-20)
(0.900572 1.32211 0)
(0.822191 1.28618 2.24078e-20)
(0.733455 1.25081 1.01799e-20)
(0.630597 1.21806 -5.04222e-19)
(0.513614 1.19083 -7.0373e-19)
(0.398959 1.17976 4.92861e-19)
(0.409554 1.72663 5.7599e-19)
(0.577712 3.32002 0)
(0.637397 3.56023 2.56492e-19)
(0.594869 3.60965 4.35568e-21)
(0.572397 3.58994 9.5022e-20)
(0.495108 3.15975 1.97568e-19)
(0.190149 1.20503 1.37193e-19)
(-0.0828901 -0.122044 -4.63483e-19)
(0.543676 0.699095 -2.40371e-19)
(0.782119 1.01384 -3.97409e-19)
(1.01558 1.34341 1.52683e-19)
(1.05251 1.42843 -7.20834e-19)
(1.01707 1.42406 -2.57283e-19)
(0.955149 1.38869 -6.68364e-20)
(0.88577 1.35175 1.38406e-20)
(0.808679 1.31601 1.11578e-20)
(0.721317 1.28157 9.98543e-20)
(0.620094 1.25107 -2.09751e-20)
(0.505219 1.22733 -3.80317e-20)
(0.402718 1.24917 4.10234e-19)
(0.473471 2.11415 0)
(0.648849 3.45549 7.82169e-20)
(0.671661 3.5845 0)
(0.640351 3.59723 -4.4816e-20)
(0.573977 3.38597 -2.51009e-19)
(0.336892 2.02452 -1.01422e-19)
(-0.0315225 0.0222768 1.3122e-19)
(-0.0959695 -0.153314 -3.88183e-19)
(0.535237 0.717711 -5.00892e-21)
(0.76921 1.03936 -1.94597e-19)
(0.998405 1.37559 -1.50982e-19)
(1.03377 1.46146 6.02788e-19)
(0.998524 1.45622 0)
(0.937806 1.42014 -3.0593e-19)
(0.869932 1.38291 4.53989e-20)
(0.794447 1.34739 -1.68855e-19)
(0.708855 1.31393 6.15528e-20)
(0.609795 1.28576 1.54411e-20)
(0.498001 1.26598 0)
(0.416787 1.34915 -4.13848e-19)
(0.553164 2.57137 8.17162e-20)
(0.71153 3.52507 5.52201e-20)
(0.704757 3.5924 0)
(0.667403 3.52848 0)
(0.504052 2.80037 3.14906e-21)
(0.0675649 0.375189 -9.61457e-20)
(-0.10067 -0.155233 5.70579e-19)
(-0.0810725 -0.124326 5.44685e-19)
(0.524868 0.735892 2.28977e-19)
(0.754265 1.06557 -3.81429e-19)
(0.979237 1.40914 -5.79336e-19)
(1.01314 1.49601 1.01084e-18)
(0.978299 1.48983 -1.21249e-19)
(0.919056 1.45302 -3.19785e-19)
(0.852997 1.41549 1.65439e-19)
(0.779471 1.38023 3.50642e-20)
(0.696088 1.3478 2.50326e-20)
(0.599799 1.3219 1.01518e-20)
(0.492404 1.3071 3.92015e-20)
(0.443475 1.49475 1.98126e-19)
(0.636517 2.97747 2.60115e-19)
(0.761702 3.5614 -2.57497e-20)
(0.736656 3.58044 1.17889e-20)
(0.658338 3.30513 -1.60476e-19)
(0.315652 1.63834 1.30695e-19)
(-0.0679437 -0.0754354 8.70182e-20)
(-0.0935413 -0.171934 2.10804e-19)
(-0.0623078 -0.100726 -2.46143e-19)
(0.512251 0.753221 2.23311e-19)
(0.736909 1.09189 1.87513e-19)
(0.957708 1.44394 2.89769e-19)
(0.990407 1.53197 0)
(0.956246 1.52478 1.49558e-19)
(0.898801 1.48722 0)
(0.834902 1.44937 5.32483e-20)
(0.763745 1.41437 1.36974e-19)
(0.683055 1.38299 1.33946e-20)
(0.590196 1.35929 1.01214e-20)
(0.488979 1.35156 -4.03315e-20)
(0.483345 1.68948 -1.8928e-19)
(0.713087 3.26143 4.22635e-20)
(0.799382 3.57251 -7.3339e-21)
(0.758378 3.52399 -1.22107e-19)
(0.584085 2.81565 -1.36279e-20)
(0.0608752 0.271512 -2.71816e-21)
(-0.0979261 -0.167107 4.02806e-19)
(-0.0878768 -0.1544 -7.63381e-19)
(-0.0472002 -0.0765916 0)
(0.496941 0.769014 4.43417e-19)
(0.716514 1.11748 -3.57303e-19)
(0.933259 1.47947 -5.75793e-19)
(0.965292 1.56909 0)
(0.932185 1.56089 1.40289e-19)
(0.876931 1.52253 -3.56816e-19)
(0.815584 1.48435 1.9847e-19)
(0.747251 1.44964 -2.96132e-20)
(0.669793 1.4193 6.31764e-20)
(0.581049 1.39759 -6.4037e-20)
(0.488426 1.40161 3.70326e-20)
(0.534862 1.92996 2.61218e-20)
(0.778656 3.41986 -3.69915e-20)
(0.832161 3.57063 -2.63154e-20)
(0.756811 3.38508 1.54891e-19)
(0.419067 1.96352 -6.00819e-21)
(-0.0725565 -0.0812537 -6.34031e-20)
(-0.106072 -0.188982 2.23309e-19)
(-0.0815265 -0.14431 4.40887e-20)
(-0.0400777 -0.0670535 0)
(0.478166 0.782022 8.61815e-19)
(0.6924 1.14134 -8.61811e-21)
(0.905482 1.51506 2.70533e-19)
(0.93749 1.60701 0)
(0.905939 1.59785 4.28978e-19)
(0.853316 1.55868 -1.81849e-19)
(0.794975 1.52016 5.98796e-20)
(0.729975 1.48573 -2.91502e-19)
(0.656327 1.45644 5.13587e-20)
(0.572358 1.43652 0)
(0.491558 1.45916 -4.0577e-20)
(0.593714 2.19316 -1.29631e-20)
(0.834122 3.50214 -4.38762e-21)
(0.856883 3.55448 -1.33446e-19)
(0.718919 3.11449 1.47715e-19)
(0.195031 0.753874 0)
(-0.0785563 -0.139386 2.3213e-19)
(-0.0989316 -0.191539 1.37098e-19)
(-0.0709968 -0.13637 -3.2696e-19)
(-0.0330482 -0.0596029 -3.83483e-19)
(0.455609 0.791254 8.33026e-19)
(0.663882 1.16223 -8.01202e-21)
(0.873735 1.54975 -2.75971e-19)
(0.906679 1.64526 -1.97314e-19)
(0.87731 1.63524 -2.83275e-19)
(0.827834 1.59529 1.9642e-19)
(0.772993 1.55642 1.08084e-19)
(0.711901 1.52226 6.05397e-20)
(0.642684 1.49399 -2.87039e-20)
(0.564082 1.47589 -9.20208e-21)
(0.499103 1.52493 -4.56333e-21)
(0.660944 2.49507 9.73439e-21)
(0.878058 3.53701 -2.60773e-20)
(0.869882 3.50726 0)
(0.63654 2.6903 -1.41081e-19)
(0.0168669 0.129215 1.00478e-19)
(-0.127514 -0.198011 -5.05387e-19)
(-0.108242 -0.209759 0)
(-0.0632811 -0.132935 3.05315e-19)
(-0.0262794 -0.0519069 0)
(0.427787 0.795255 1.96629e-19)
(0.630494 1.17809 1.67896e-19)
(0.837333 1.58248 -5.2343e-19)
(0.872679 1.68278 -3.94936e-19)
(0.8461 1.6725 -5.72603e-19)
(0.800375 1.63185 1.8609e-19)
(0.749591 1.59265 0)
(0.692986 1.55876 1.29492e-19)
(0.628887 1.5314 -4.54167e-20)
(0.556171 1.5154 -7.0395e-20)
(0.510308 1.59989 0)
(0.727262 2.77995 1.48011e-20)
(0.911438 3.54703 -1.08203e-19)
(0.870146 3.41785 -3.06121e-19)
(0.516853 2.14236 -8.11545e-20)
(-0.0244558 -0.055792 -8.22868e-22)
(-0.105628 -0.252439 -2.12495e-19)
(-0.0875282 -0.234189 -1.82473e-19)
(-0.0357696 -0.116997 -3.56079e-20)
(-0.00827669 -0.0269394 2.90729e-19)
(0.394929 0.791932 -1.91992e-19)
(0.591314 1.18632 1.62345e-19)
(0.795889 1.61129 5.31729e-19)
(0.835135 1.71854 4.00186e-19)
(0.81225 1.70889 2.94081e-19)
(0.770867 1.66769 1.98648e-19)
(0.724718 1.62826 3.6354e-19)
(0.673211 1.59465 3.15928e-19)
(0.614916 1.56809 -6.14134e-20)
(0.54873 1.55442 -1.1889e-19)
(0.523684 1.68382 -7.76102e-20)
(0.787231 3.01013 -8.78077e-20)
(0.934187 3.5481 1.21694e-19)
(0.858484 3.2817 -1.18219e-19)
(0.369466 1.46811 -8.07131e-20)
(-0.129398 -0.127079 -2.80749e-19)
(-0.115344 -0.30485 2.09121e-19)
(-0.0651241 -0.25851 -2.32246e-19)
(0.00176996 -0.0856446 2.98695e-19)
(0.0196793 0.0167609 -6.06413e-22)
(0.356306 0.778016 0)
(0.544998 1.18419 6.19022e-19)
(0.748959 1.63355 -4.8491e-19)
(0.793922 1.7513 3.88664e-19)
(0.775794 1.74352 -1.31296e-20)
(0.73931 1.70205 -5.53636e-21)
(0.698369 1.6625 1.23885e-20)
(0.652564 1.62924 8.84058e-20)
(0.600689 1.60342 5.60868e-20)
(0.541827 1.59221 2.61706e-20)
(0.538338 1.77126 8.67079e-21)
(0.836303 3.17951 -5.6306e-20)
(0.947386 3.54354 -7.11438e-20)
(0.832216 3.10907 9.90461e-20)
(0.280148 0.830013 -6.22029e-20)
(-0.0433468 -0.293334 8.47244e-20)
(-0.0267642 -0.410977 -1.90727e-19)
(0.0219771 -0.265272 4.54431e-19)
(0.081603 -0.000294519 -3.47321e-20)
(0.0774221 0.125397 -4.0322e-20)
(0.311289 0.748722 -1.78579e-19)
(0.490153 1.16648 0)
(0.696056 1.64614 -2.36731e-19)
(0.748936 1.77912 -1.82744e-19)
(0.73687 1.7752 -2.15244e-20)
(0.705814 1.734 -1.80252e-19)
(0.670636 1.69456 -2.53061e-19)
(0.631075 1.66174 -1.68627e-19)
(0.586173 1.63668 -3.38482e-19)
(0.535556 1.62788 -7.75143e-20)
(0.55282 1.85355 6.53272e-20)
(0.871432 3.28553 -1.33706e-19)
(0.946382 3.54168 -5.25525e-21)
(0.772292 2.91802 0)
(0.11981 0.324624 -5.03595e-20)
(-0.0517511 -0.442336 7.38207e-20)
(-0.0216903 -0.443577 1.46778e-19)
(0.0493501 -0.13265 0)
(0.101913 0.198935 -4.02525e-20)
(0.0948643 0.254568 -6.43597e-19)
(0.259757 0.698247 6.77935e-19)
(0.428195 1.1255 1.99446e-22)
(0.637179 1.64438 4.36785e-19)
(0.700108 1.79995 -1.64311e-19)
(0.695823 1.80249 0)
(0.670716 1.76251 -1.80691e-19)
(0.641678 1.72353 1.23533e-19)
(0.608789 1.69132 3.51279e-19)
(0.571418 1.66702 -1.29175e-19)
(0.52993 1.65998 1.55262e-19)
(0.563971 1.92228 -1.37653e-19)
(0.901558 3.34975 -7.67295e-20)
(0.944256 3.55188 -9.16339e-20)
(0.673424 2.78406 -3.64406e-20)
(-0.0486245 0.138474 2.44583e-19)
(-0.220124 -0.469164 1.81114e-19)
(-0.153953 -0.34472 7.33346e-20)
(-0.0328534 0.0595634 -2.81702e-19)
(0.0391849 0.254218 -4.17233e-20)
(0.0436277 0.172814 7.72795e-19)
(0.202764 0.617719 0)
(0.360778 1.05207 0)
(0.575389 1.62187 0)
(0.647457 1.81017 3.16198e-19)
(0.652986 1.82343 2.34056e-19)
(0.634553 1.78653 3.47872e-19)
(0.611754 1.74849 -1.26531e-19)
(0.585809 1.71706 2.69429e-19)
(0.556421 1.69331 2.38033e-19)
(0.524913 1.68686 0)
(0.568477 1.96569 -1.39074e-19)
(0.941722 3.38099 1.52264e-19)
(0.983357 3.5891 0)
(0.679239 2.78189 0)
(-0.194623 0.231322 -8.68925e-20)
(-0.415207 -0.507595 1.62297e-19)
(-0.302275 -0.416838 0)
(-0.094694 0.000816279 -5.92951e-19)
(-0.00881211 0.127928 6.74287e-19)
(0.000798787 0.0443059 -7.89662e-19)
(0.144111 0.500896 0)
(0.287661 0.934725 -6.37178e-20)
(0.508637 1.56886 -4.79577e-19)
(0.59424 1.80534 -3.79361e-19)
(0.609121 1.83595 -2.30447e-19)
(0.598104 1.80532 -2.54889e-19)
(0.581253 1.76867 0)
(0.562025 1.73809 0)
(0.540884 1.71428 -1.1962e-19)
(0.519698 1.70715 -8.62042e-20)
(0.568252 1.96886 -1.36962e-19)
(0.978229 3.36527 0)
(1.08002 3.59756 2.3504e-20)
(0.892398 2.92573 1.79625e-19)
(0.117525 0.572531 -7.8927e-19)
(-0.281912 -0.669938 -3.80931e-19)
(-0.237861 -0.689385 -3.06903e-19)
(-0.0644524 -0.227631 5.46243e-19)
(0.0178829 0.0340703 6.22904e-19)
(0.00166984 -0.000311882 -2.06484e-20)
(0.0886623 0.358138 -5.36195e-19)
(0.205261 0.752571 4.42538e-19)
(0.436935 1.47139 3.47288e-19)
(0.540809 1.77995 0)
(0.566217 1.83986 2.03777e-19)
(0.56253 1.81908 -1.56166e-19)
(0.550483 1.78383 -5.61276e-21)
(0.53714 1.75396 -1.90148e-21)
(0.523445 1.72907 -2.39775e-19)
(0.512216 1.71809 0)
(0.559867 1.93615 -7.95924e-20)
(0.976793 3.27811 -4.30847e-21)
(1.1343 3.49548 4.29096e-20)
(1.08484 2.94337 3.09813e-20)
(0.58853 0.967808 1.19498e-19)
(0.139793 -0.668468 -5.88517e-20)
(0.0110622 -0.711871 -1.11047e-20)
(0.0489863 -0.257925 1.37974e-19)
(0.0806 0.124044 1.67845e-19)
(0.0374473 0.113791 1.92422e-19)
(0.0430254 0.20549 -2.36098e-19)
(0.123858 0.51528 2.45714e-19)
(0.356861 1.30315 4.02381e-20)
(0.486468 1.72383 0)
(0.52449 1.83281 0)
(0.528508 1.82831 1.40861e-19)
(0.519675 1.79451 -5.40591e-20)
(0.510826 1.76489 0)
(0.502113 1.73869 -5.62872e-20)
(0.496863 1.71921 8.42548e-20)
(0.529591 1.87155 0)
(0.890145 3.13797 -7.72278e-20)
(0.987699 3.4094 0)
(0.934695 2.96028 1.94511e-20)
(0.469663 1.16595 -1.73265e-19)
(-0.0584676 -0.0625063 6.10057e-20)
(-0.291305 -0.379516 6.61418e-21)
(-0.172053 -0.214291 0)
(0.0689842 0.289527 5.47439e-20)
(0.0900342 0.36716 -6.42724e-20)
(0.0144557 0.0731697 1.32398e-20)
(0.0561905 0.258684 -1.94697e-19)
(0.256004 1.01181 -3.58082e-20)
(0.427599 1.61442 0)
(0.484656 1.80891 4.4059e-20)
(0.494375 1.82802 1.29595e-19)
(0.48926 1.80222 2.42586e-20)
(0.482222 1.77297 3.78466e-20)
(0.476486 1.74444 5.49629e-20)
(0.47081 1.71843 0)
(0.486494 1.81183 -1.35688e-19)
(0.756441 2.96995 5.08769e-21)
(0.814647 3.44781 -4.93606e-21)
(0.697021 3.24453 0)
(0.347986 1.90224 -2.45541e-20)
(-0.197897 0.850846 -1.51389e-20)
(-0.56558 -0.210878 -2.16145e-19)
(-0.665749 -0.908064 -5.195e-19)
(-0.511315 -1.0853 2.52264e-19)
(-0.124027 -0.269121 -6.88556e-21)
(0.00312239 -0.0138551 2.62343e-33)
(0.0185096 0.0613773 -9.78395e-21)
(0.134145 0.5821 -7.12912e-20)
(0.340242 1.37332 -1.28692e-20)
(0.439693 1.74633 0)
(0.460951 1.82182 4.47702e-20)
(0.459344 1.81122 1.14863e-20)
(0.452442 1.77966 3.40582e-22)
(0.445353 1.75189 0)
(0.441676 1.71967 9.72064e-34)
(0.448252 1.77473 -1.52766e-20)
(0.642788 2.70646 0)
(0.843441 3.52562 -4.73671e-20)
(0.816638 3.59881 -3.091e-21)
(0.600648 2.71909 0)
(0.301193 1.56785 0)
(0.0919827 0.424199 0)
(-0.080298 -0.672643 -1.0073e-20)
(-0.177939 -1.56256 -1.03394e-20)
(-0.154914 -1.72941 -1.88497e-19)
(-0.00035054 -0.0290675 0)
(0.00477708 -0.0368743 0)
(0.0476204 0.188667 0)
(0.216656 0.946174 0)
(0.37564 1.59962 0)
(0.424704 1.802 0)
(0.428114 1.81494 0)
(0.421598 1.78715 0)
(0.41634 1.75592 0)
(0.416387 1.72098 0)
(0.424106 1.74139 0)
(0.614218 2.31732 0)
(0.935576 3.43248 0)
(1.09575 3.61167 0)
(1.11588 3.30785 0)
(0.884876 2.20659 0)
(0.668511 0.996101 0)
(0.441879 -0.129313 0)
(0.226563 -0.977337 0)
(0.0428134 -1.53766 0)
(-0.000166647 -0.0277084 0)
(0.00162312 -0.0728854 0)
(0.0186964 0.0152923 0)
(0.104669 0.492431 0)
(0.293198 1.35127 0)
(0.381485 1.75007 0)
(0.393929 1.81317 0)
(0.390225 1.79456 0)
(0.385861 1.75818 0)
(0.38145 1.71998 0)
(0.4022 1.70649 0)
(0.508825 1.97873 0)
(0.950472 3.07003 0)
(1.17877 3.39901 0)
(1.26907 3.20046 0)
(1.21237 2.52213 0)
(1.00165 1.52488 0)
(0.693121 0.556268 0)
(0.398746 -0.233595 0)
(0.120133 -0.834239 0)
(-0.000136729 -0.0262775 0)
(0.000104145 -0.0870816 0)
(0.00849712 -0.0577146 0)
(0.0466966 0.191106 0)
(0.203411 1.03281 0)
(0.327725 1.65408 0)
(0.355701 1.80639 0)
(0.354706 1.80206 0)
(0.348681 1.76092 0)
(0.345912 1.71149 0)
(0.36417 1.67768 0)
(0.399679 1.78308 0)
(0.783664 2.66239 0)
(1.05471 3.20389 0)
(1.13404 3.13208 0)
(1.11053 2.72365 0)
(0.939536 2.02415 0)
(0.666625 1.28884 0)
(0.381859 0.633053 0)
(0.124211 0.0486639 0)
(-9.97372e-05 -0.0252698 0)
(-0.00156129 -0.0930811 0)
(0.00278069 -0.102191 0)
(0.0277805 0.0470253 0)
(0.123135 0.710193 0)
(0.26572 1.51649 0)
(0.311325 1.78866 0)
(0.313198 1.80484 0)
(0.308138 1.76154 0)
(0.30329 1.7064 0)
(0.311616 1.65464 0)
(0.341789 1.69505 0)
(0.517369 2.2277 0)
(0.830836 3.04328 0)
(0.862634 3.10056 0)
(0.833667 2.94126 0)
(0.692284 2.47335 0)
(0.481072 1.93086 0)
(0.265205 1.37877 0)
(0.0788673 0.783524 0)
(-0.00125884 -0.0133729 0)
(-0.0123931 -0.0730204 0)
(-0.0166305 -0.125366 0)
(0.000404497 -0.0440642 0)
(0.0613213 0.451133 0)
(0.202138 1.35513 0)
(0.2632 1.75764 0)
(0.267837 1.80503 0)
(0.261396 1.76567 0)
(0.255509 1.70677 0)
(0.258772 1.64236 0)
(0.283255 1.65625 0)
(0.328198 1.95782 0)
(0.580224 2.89063 0)
(0.592942 3.11992 0)
(0.547481 3.09533 0)
(0.446541 2.83297 0)
(0.297543 2.41471 0)
(0.150139 1.90757 0)
(0.0353659 1.25481 0)
(-0.00242318 0.0246716 0)
(-0.0140662 -0.0270284 0)
(-0.00174697 -0.143276 0)
(0.0256979 -0.10476 0)
(0.0494208 0.242394 0)
(0.160388 1.18882 0)
(0.220177 1.7207 0)
(0.218125 1.80773 0)
(0.208517 1.77275 0)
(0.205433 1.70629 0)
(0.20704 1.6355 0)
(0.22473 1.63981 0)
(0.227374 1.84881 0)
(0.367409 2.78025 0)
(0.377653 3.15956 0)
(0.327834 3.21615 0)
(0.262969 3.09329 0)
(0.158488 2.74115 0)
(0.0689363 2.23169 0)
(0.00748993 1.4913 0)
(-0.000617164 0.0454453 0)
(0.0295343 -0.110218 0)
(0.112979 -0.294751 0)
(0.17272 -0.20273 0)
(0.161458 0.217264 0)
(0.155138 1.04555 0)
(0.179176 1.69916 0)
(0.158264 1.8152 0)
(0.148392 1.77753 0)
(0.150927 1.70344 0)
(0.156994 1.62763 0)
(0.170574 1.63117 0)
(0.166439 1.80875 0)
(0.226835 2.72146 0)
(0.220548 3.20228 0)
(0.18095 3.31567 0)
(0.137925 3.25993 0)
(0.0706391 2.94412 0)
(0.0217306 2.40686 0)
(-0.00496431 1.57418 0)
(0.0050564 -0.0312928 0)
(0.0881115 -0.471846 0)
(0.177495 -0.545589 0)
(0.202249 -0.215085 0)
(0.161625 0.334703 0)
(0.102374 1.05702 0)
(0.0896117 1.71602 0)
(0.0737263 1.82585 0)
(0.0763827 1.7753 0)
(0.0906 1.69469 0)
(0.106498 1.61563 0)
(0.124326 1.62427 0)
(0.118222 1.80258 0)
(0.1384 2.70255 0)
(0.12163 3.23371 0)
(0.0911786 3.38269 0)
(0.0620715 3.3613 0)
(0.0216832 3.05761 0)
(-0.00169231 2.48923 0)
(-0.0106367 1.57415 0)
(0.0131323 -0.220262 0)
(0.0719391 -0.761268 0)
(0.0906237 -0.61113 0)
(0.066052 -0.134624 0)
(0.0275813 0.44646 0)
(-0.0399796 1.15451 0)
(-0.0593892 1.73784 0)
(-0.0398357 1.81865 0)
(-0.00673899 1.75831 0)
(0.0279315 1.6765 0)
(0.0579759 1.59928 0)
(0.0822183 1.61572 0)
(0.0838774 1.8092 0)
(0.078137 2.72044 0)
(0.058506 3.26873 0)
(0.0382797 3.42927 0)
(0.0197193 3.42041 0)
(-0.00102915 3.11551 0)
(-0.01056 2.5234 0)
(-0.0110865 1.53923 0)
(0.00678502 -0.374812 0)
(0.0102728 -0.806461 0)
(-0.0293056 -0.510402 0)
(-0.0855202 -0.0219069 0)
(-0.148783 0.57728 0)
(-0.217183 1.27098 0)
(-0.216049 1.70825 0)
(-0.153527 1.76765 0)
(-0.0875866 1.71555 0)
(-0.0305252 1.64363 0)
(0.013328 1.57609 0)
(0.0438022 1.60217 0)
(0.0542206 1.81452 0)
(0.0376189 2.74625 0)
(0.0152749 3.29606 0)
(0.00158577 3.45805 0)
(-0.00674396 3.45146 0)
(-0.0141386 3.1389 0)
(-0.0161488 2.5354 0)
(-0.0111552 1.48912 0)
(-0.00131672 -0.385586 0)
(-0.0496818 -0.631003 0)
(-0.131844 -0.305103 0)
(-0.222765 0.171342 0)
(-0.309924 0.748158 0)
(-0.356992 1.32935 0)
(-0.312518 1.61093 0)
(-0.226077 1.67085 0)
(-0.146069 1.64564 0)
(-0.0771612 1.59871 0)
(-0.0276498 1.54699 0)
(0.00540852 1.57873 0)
(0.0243006 1.81469 0)
(0.000429099 2.77398 0)
(-0.0143422 3.31219 0)
(-0.0206991 3.46774 0)
(-0.0227564 3.45771 0)
(-0.0214505 3.13733 0)
(-0.0189132 2.53125 0)
(-0.0101242 1.42796 0)
(-0.00841554 -0.265675 0)
(-0.07542 -0.347281 0)
(-0.171771 -0.0316677 0)
(-0.271871 0.395716 0)
(-0.353158 0.880533 0)
(-0.37665 1.29624 0)
(-0.321478 1.49427 0)
(-0.245437 1.56328 0)
(-0.170083 1.56769 0)
(-0.10626 1.54883 0)
(-0.0600206 1.51672 0)
(-0.0302645 1.55394 0)
(-0.02067 1.82051 0)
(-0.033185 2.80125 0)
(-0.0393572 3.32166 0)
(-0.0367747 3.469 0)
(-0.0317366 3.45219 0)
(-0.0247009 3.12389 0)
(-0.020128 2.51837 0)
(-0.00891405 1.36579 0)
(-0.00769673 -0.1106 0)
(-0.0671651 -0.0532975 0)
(-0.152317 0.23606 0)
(-0.237536 0.59684 0)
(-0.301765 0.971918 0)
(-0.312785 1.2575 0)
(-0.276084 1.40854 0)
(-0.223356 1.48048 0)
(-0.167116 1.50227 0)
(-0.117219 1.5052 0)
(-0.0816548 1.49159 0)
(-0.0629845 1.5385 0)
(-0.065151 1.82549 0)
(-0.0556705 2.81074 0)
(-0.0522201 3.314 0)
(-0.0439405 3.45608 0)
(-0.0356809 3.43362 0)
(-0.0257773 3.10223 0)
(-0.02025 2.4993 0)
(-0.00788813 1.30399 0)
(-0.00439294 0.00557018 0)
(-0.0452874 0.180555 0)
(-0.106777 0.450777 0)
(-0.169042 0.756366 0)
(-0.215907 1.04401 0)
(-0.228559 1.24546 0)
(-0.214933 1.36605 0)
(-0.184712 1.43012 0)
(-0.148412 1.45744 0)
(-0.114205 1.4734 0)
(-0.0897299 1.47281 0)
(-0.0810327 1.535 0)
(-0.0884757 1.82407 0)
(-0.0607884 2.80171 0)
(-0.0529072 3.29859 0)
(-0.0412613 3.43805 0)
(-0.0314844 3.41134 0)
(-0.0224209 3.08257 0)
(-0.0191343 2.47947 0)
(-0.00656802 1.24524 0)
(-0.00202188 0.0713873 0)
(-0.0252043 0.335945 0)
(-0.0652508 0.601251 0)
(-0.107728 0.871306 0)
(-0.142111 1.10264 0)
(-0.15696 1.25338 0)
(-0.157159 1.34946 0)
(-0.143827 1.40245 0)
(-0.123439 1.42949 0)
(-0.10268 1.45185 0)
(-0.0866595 1.46086 0)
(-0.0841716 1.53897 0)
(-0.0905165 1.82074 0)
(-0.0535292 2.77363 0)
(-0.0408213 3.28137 0)
(-0.0323379 3.42171 0)
(-0.0250669 3.39225 0)
(-0.0199718 3.07186 0)
(-0.0190818 2.46158 0)
(-0.00560357 1.18998 0)
(-0.000733992 0.102041 0)
(-0.0119874 0.426657 0)
(-0.0359959 0.699565 0)
(-0.0640011 0.950689 0)
(-0.0888899 1.14974 0)
(-0.10381 1.27096 0)
(-0.110458 1.34843 0)
(-0.107137 1.39057 0)
(-0.0970922 1.41445 0)
(-0.0853705 1.43876 0)
(-0.0746547 1.45452 0)
(-0.0734009 1.54536 0)
(-0.0757044 1.81306 0)
(-0.0426784 2.72634 0)
(-0.0243905 3.2669 0)
(-0.0211153 3.41195 0)
(-0.0193787 3.38325 0)
(-0.019417 3.07153 0)
(-0.0205693 2.442 0)
(-0.00472137 1.13589 0)
(-0.000144173 0.113372 0)
(-0.00442034 0.472763 0)
(-0.0173173 0.760249 0)
(-0.035109 1.00402 0)
(-0.0527059 1.18654 0)
(-0.065927 1.29092 0)
(-0.0745691 1.35463 0)
(-0.0764105 1.38768 0)
(-0.0725665 1.40744 0)
(-0.0663278 1.43026 0)
(-0.0579449 1.4492 0)
(-0.0530869 1.54803 0)
(-0.0518239 1.80684 0)
(-0.0305041 2.67266 0)
(-0.0111971 3.25959 0)
(-0.0141681 3.41468 0)
(-0.0179322 3.38536 0)
(-0.0223919 3.08171 0)
(-0.0228283 2.41425 0)
(-0.00413407 1.08326 0)
(7.54849e-05 0.115227 0)
(-0.000461841 0.491149 0)
(-0.00600952 0.794829 0)
(-0.016669 1.03874 0)
(-0.0286955 1.21408 0)
(-0.0395547 1.30939 0)
(-0.0481199 1.36318 0)
(-0.0520399 1.38878 0)
(-0.0514859 1.40442 0)
(-0.0477552 1.42433 0)
(-0.0397956 1.4443 0)
(-0.0300265 1.5457 0)
(-0.0243719 1.80313 0)
(-0.0180567 2.62946 0)
(-0.00406264 3.26017 0)
(-0.0122006 3.42868 0)
(-0.0216434 3.39963 0)
(-0.0295698 3.09624 0)
(-0.0259094 2.36984 0)
(-0.0041614 1.03018 0)
(0.000200359 0.112859 0)
(0.00147902 0.493007 0)
(0.000431499 0.811666 0)
(-0.00528414 1.06041 0)
(-0.0131899 1.23397 0)
(-0.0216493 1.32511 0)
(-0.0291535 1.37201 0)
(-0.0335354 1.39163 0)
(-0.034354 1.40331 0)
(-0.0312956 1.41921 0)
(-0.022639 1.43774 0)
(-0.00796113 1.53718 0)
(0.00163594 1.80431 0)
(-0.00735472 2.60977 0)
(-0.00423029 3.26594 0)
(-0.0164575 3.45049 0)
(-0.0286256 3.42065 0)
(-0.0358505 3.10447 0)
(-0.0263022 2.3085 0)
(-0.0039883 0.978435 0)
(0.000207595 0.10871 0)
(0.0023922 0.487033 0)
(0.00388325 0.816805 0)
(0.00144568 1.07299 0)
(-0.00355659 1.24785 0)
(-0.00993477 1.33772 0)
(-0.0161323 1.37996 0)
(-0.0201569 1.39474 0)
(-0.0213163 1.4027 0)
(-0.0182496 1.4137 0)
(-0.00851333 1.42807 0)
(0.00998957 1.52287 0)
(0.0215162 1.80987 0)
(-0.0025217 2.61246 0)
(-0.00851073 3.28243 0)
(-0.024729 3.47773 0)
(-0.0371847 3.44253 0)
(-0.041053 3.10085 0)
(-0.0253237 2.23542 0)
(-0.00396126 0.929952 0)
(0.000210678 0.104124 0)
(0.00257014 0.477003 0)
(0.00531775 0.814807 0)
(0.00505054 1.07945 0)
(0.0019755 1.25741 0)
(-0.00281094 1.34762 0)
(-0.0078735 1.38673 0)
(-0.0112587 1.39767 0)
(-0.0124778 1.40214 0)
(-0.00945533 1.40826 0)
(0.000790133 1.41613 0)
(0.0208519 1.50522 0)
(0.0317148 1.81993 0)
(-0.00220496 2.6407 0)
(-0.0207251 3.30644 0)
(-0.0363613 3.50348 0)
(-0.0459879 3.45808 0)
(-0.0444011 3.08038 0)
(-0.023329 2.15726 0)
(-0.00389481 0.885017 0)
(0.000197666 0.0996485 0)
(0.00240693 0.466024 0)
(0.00558571 0.808945 0)
(0.00657509 1.08191 0)
(0.00470841 1.26408 0)
(0.00104433 1.35551 0)
(-0.00320296 1.39246 0)
(-0.00626178 1.40052 0)
(-0.00784364 1.40181 0)
(-0.00586872 1.40343 0)
(0.00377153 1.40361 0)
(0.0221995 1.4881 0)
(0.0290609 1.83546 0)
(-0.0114587 2.68619 0)
(-0.0355016 3.33183 0)
(-0.0483592 3.52268 0)
(-0.0529171 3.46135 0)
(-0.0448951 3.04203 0)
(-0.0207866 2.08063 0)
(-0.00373544 0.844263 0)
(0.000172483 0.095648 0)
(0.00204667 0.455818 0)
(0.00501912 0.801636 0)
(0.00651762 1.08193 0)
(0.00546738 1.26894 0)
(0.00250385 1.3621 0)
(-0.0011921 1.39767 0)
(-0.00427667 1.40357 0)
(-0.00666152 1.40255 0)
(-0.00615755 1.39992 0)
(-7.07163e-06 1.39413 0)
(0.0128 1.47529 0)
(0.0135652 1.85553 0)
(-0.0279981 2.73852 0)
(-0.0523219 3.35577 0)
(-0.0591949 3.53117 0)
(-0.0569191 3.45074 0)
(-0.0426408 2.98911 0)
(-0.0178488 2.01022 0)
(-0.00341378 0.808379 0)
(0.000141333 0.09233 0)
(0.00158517 0.447434 0)
(0.00397699 0.79461 0)
(0.00555837 1.08098 0)
(0.00489343 1.27268 0)
(0.00232456 1.36788 0)
(-0.00120041 1.40269 0)
(-0.00452155 1.4071 0)
(-0.00766622 1.40449 0)
(-0.00977496 1.39968 0)
(-0.00996972 1.39045 0)
(-0.00632043 1.47084 0)
(-0.0130855 1.87778 0)
(-0.0498445 2.78791 0)
(-0.0685114 3.37112 0)
(-0.0662573 3.52587 0)
(-0.0571707 3.42392 0)
(-0.0375456 2.92717 0)
(-0.0145507 1.94916 0)
(-0.00286135 0.778193 0)
(0.000103376 0.0898254 0)
(0.00106989 0.441443 0)
(0.0026634 0.789044 0)
(0.00386809 1.07956 0)
(0.00346727 1.2757 0)
(0.00113177 1.37318 0)
(-0.00240172 1.40775 0)
(-0.00617727 1.41142 0)
(-0.0106305 1.40831 0)
(-0.0157284 1.40291 0)
(-0.0220376 1.39379 0)
(-0.0293573 1.47578 0)
(-0.0427393 1.89924 0)
(-0.0692891 2.82719 0)
(-0.0769124 3.37162 0)
(-0.0683456 3.5079 0)
(-0.052683 3.38456 0)
(-0.030546 2.86437 0)
(-0.0112483 1.89909 0)
(-0.00213759 0.754328 0)
(0.000379427 0.260304 0)
(0.00146707 0.61583 0)
(0.00289226 0.941606 0)
(0.00330183 1.18976 0)
(0.00192808 1.3358 0)
(-0.00122697 1.39734 0)
(-0.00512082 1.41332 0)
(-0.00964354 1.411 0)
(-0.0153851 1.4077 0)
(-0.0234571 1.39795 0)
(-0.0368714 1.41739 0)
(-0.0526509 1.61275 0)
(-0.0624712 2.37022 0)
(-0.080946 3.1657 0)
(-0.0739555 3.47136 0)
(-0.059493 3.47944 0)
(-0.0391447 3.16597 0)
(-0.0170775 2.41859 0)
(-0.00482045 1.31446 0)
(-0.00184619 0.73428 0)
(-0.140872 1.43141 0)
(0.0629018 3.27767 1.35991e-22)
(0.11424 3.59886 -6.13467e-20)
(0.115468 3.55953 0)
(0.111492 3.507 -2.82733e-19)
(0.103661 3.46828 0)
(0.095356 3.44708 -3.87414e-19)
(0.0859261 3.4295 -7.80043e-21)
(0.0728535 3.30486 -7.66699e-19)
(0.0400254 2.16318 -4.32282e-19)
(-0.0480083 1.08941 -1.04148e-19)
(0.0391823 3.09868 1.70095e-19)
(0.0635956 3.52518 -2.28797e-19)
(0.068491 3.51598 -2.60909e-19)
(0.0690776 3.47595 -3.57826e-19)
(0.067346 3.44697 -1.16363e-20)
(0.0640797 3.43233 1.3476e-20)
(0.0600996 3.42492 0)
(0.0536359 3.33529 -7.39878e-21)
(0.0348151 2.27189 -4.98957e-19)
(-0.0248429 0.97042 1.60575e-21)
(0.0215623 3.03504 -5.67632e-21)
(0.0327731 3.48358 9.28536e-21)
(0.038018 3.48227 0)
(0.0411411 3.44976 -3.69238e-19)
(0.0429385 3.4277 4.13298e-19)
(0.0440762 3.41827 -4.56179e-19)
(0.0462047 3.41691 -4.64909e-19)
(0.0462807 3.34564 -4.90721e-19)
(0.0333027 2.33812 4.01775e-21)
(-0.0161133 0.905944 2.56584e-19)
(0.00642858 3.0115 -7.27938e-21)
(0.0119424 3.45368 -1.7429e-19)
(0.017368 3.45429 -1.99598e-19)
(0.0226899 3.42648 -1.29759e-20)
(0.0274595 3.40909 -2.44363e-19)
(0.032307 3.40294 2.43228e-19)
(0.0383806 3.40486 0)
(0.0417534 3.34919 2.50187e-19)
(0.0331836 2.40142 0)
(-0.0119033 0.876743 1.59065e-19)
(-0.00694579 3.0135 1.81696e-19)
(-0.00157171 3.42966 2.06837e-19)
(0.00356485 3.42923 2.20454e-19)
(0.0108347 3.40437 -2.39162e-19)
(0.017962 3.38983 -1.5308e-20)
(0.0254327 3.38557 -1.60608e-20)
(0.0340769 3.38961 2.71224e-19)
(0.0397683 3.34789 2.90095e-19)
(0.0351158 2.46307 2.83178e-19)
(-0.0100132 0.868585 -1.92222e-19)
(-0.0150986 3.03057 -2.2509e-19)
(-0.0120582 3.40997 2.42113e-19)
(-0.00547891 3.4051 2.40103e-19)
(0.00305142 3.38198 2.44033e-19)
(0.0120416 3.36907 -2.58433e-20)
(0.0215695 3.36585 -9.23442e-21)
(0.0322445 3.37134 -2.79322e-19)
(0.0405256 3.34227 0)
(0.039028 2.52654 -6.43786e-21)
(-0.0105774 0.875964 0)
(-0.0220275 3.05765 2.32627e-19)
(-0.0203434 3.39083 -4.71345e-19)
(-0.0123282 3.38036 -1.58103e-20)
(-0.00251959 3.35806 0)
(0.0081706 3.34591 -2.86558e-19)
(0.019663 3.34317 3.06464e-19)
(0.0323786 3.34959 -2.89449e-19)
(0.043474 3.33209 -9.82547e-21)
(0.0448854 2.59435 5.06797e-21)
(-0.011647 0.901609 2.3963e-19)
(-0.0298987 3.08983 -2.46059e-19)
(-0.0283837 3.36973 -2.6593e-19)
(-0.0185434 3.3532 2.83324e-19)
(-0.00718306 3.33112 0)
(0.00545276 3.31917 0)
(0.0191131 3.31658 0)
(0.0341151 3.32355 -3.11671e-19)
(0.0483732 3.31652 3.34066e-19)
(0.0525378 2.66516 0)
(-0.015742 0.952937 0)
(-0.0402903 3.12254 -1.28763e-20)
(-0.0375202 3.34399 3.11372e-19)
(-0.0251541 3.32162 0)
(-0.0115149 3.29944 -3.24557e-19)
(0.00350294 3.28757 -2.0799e-20)
(0.0196407 3.28514 -3.30541e-19)
(0.0371052 3.29247 1.11113e-20)
(0.0546892 3.2947 3.88444e-19)
(0.0615939 2.73937 -3.72359e-19)
(-0.0236495 1.04713 2.79226e-19)
(-0.0536627 3.15078 2.7875e-19)
(-0.0479068 3.31084 -1.41874e-19)
(-0.0321982 3.28377 -1.70608e-19)
(-0.0155116 3.26192 4.34904e-20)
(0.00233161 3.25048 3.09272e-19)
(0.0211031 3.24846 1.69042e-19)
(0.0410827 3.25618 1.22239e-20)
(0.0614349 3.26597 0)
(0.0711774 2.81526 -4.08747e-19)
(-0.0351614 1.20605 4.93472e-21)
(-0.0686861 3.16928 -1.62336e-19)
(-0.0581278 3.26895 -2.04075e-20)
(-0.0384954 3.23953 -1.88263e-19)
(-0.0186692 3.21921 1.63036e-19)
(0.00173648 3.20883 -8.97714e-21)
(0.0227636 3.20729 -2.10734e-19)
(0.044966 3.21508 1.33739e-20)
(0.0674656 3.23031 2.14507e-19)
(0.0803238 2.8893 0)
(-0.0472406 1.44295 5.53828e-21)
(-0.0808089 3.17322 -1.67337e-19)
(-0.0642506 3.21896 0)
(-0.041867 3.19093 0)
(-0.0201375 3.17305 -2.14684e-19)
(0.0013064 3.16408 -2.3988e-19)
(0.0232184 3.16319 9.49369e-21)
(0.0466858 3.17083 1.45922e-20)
(0.070627 3.18919 -2.29574e-19)
(0.0881581 2.95715 -7.77392e-21)
(-0.0549878 1.75547 1.98282e-19)
(-0.0858122 3.1595 -8.9921e-21)
(-0.0642147 3.16489 0)
(-0.042154 3.13959 -2.16586e-19)
(-0.0204149 3.12345 -1.95555e-19)
(0.00127015 3.11578 -1.18114e-22)
(0.0233267 3.11626 1.25018e-19)
(0.0460617 3.12495 1.58427e-20)
(0.0691185 3.14552 2.73238e-19)
(0.0922541 3.01439 0)
(-0.0562311 2.13198 0)
(-0.0832169 3.1285 7.0623e-21)
(-0.0625324 3.1072 -5.50452e-21)
(-0.0425405 3.08442 -1.23631e-19)
(-0.0205637 3.07077 0)
(0.00176122 3.06517 3.21363e-20)
(0.0242414 3.06668 0)
(0.0461744 3.07576 -1.39756e-19)
(0.0663491 3.09788 -1.61069e-19)
(0.0929625 3.05394 0)
(-0.0582362 2.53333 6.19461e-20)
(-0.0857382 3.07221 -1.36425e-19)
(-0.0582072 3.04389 1.60659e-20)
(-0.0360483 3.03114 0)
(-0.0161517 3.02477 -6.48763e-20)
(0.00151737 3.02245 1.58437e-21)
(0.0193293 3.02331 7.16287e-20)
(0.038903 3.02783 -7.46529e-20)
(0.0622968 3.0415 -1.93177e-20)
(0.0963803 3.05644 0)
(-0.0331706 2.87888 7.63428e-21)
(-0.0355339 2.99877 3.6276e-20)
(-0.0179652 3.00012 1.47996e-20)
(-0.00999046 3.00099 0)
(-0.00475232 3.00041 -2.96496e-20)
(0.000319108 3.00133 1.60248e-22)
(0.00437143 3.00033 -3.10797e-20)
(0.00998124 2.99968 3.2288e-20)
(0.0195374 2.99915 0)
(0.0458924 3.0026 0)
(0.27694 0.296197 -1.24921e-19)
(0.844119 0.858842 -1.8709e-19)
(1.1053 1.14367 -1.18992e-19)
(1.15446 1.21875 -1.93033e-19)
(1.12231 1.21581 -2.69548e-20)
(1.05796 1.18284 2.19627e-20)
(0.268375 0.698782 0)
(0.163043 0.931244 3.98885e-19)
(0.173605 2.47495 -2.21405e-19)
(0.221429 3.32974 -1.17455e-19)
(0.208127 3.44468 6.07241e-20)
(0.180403 3.46768 1.67926e-20)
(0.176955 3.5273 -1.83231e-19)
(0.198352 3.59085 2.98484e-19)
(0.218798 3.66954 2.21469e-20)
(0.255079 3.64947 1.03225e-19)
(0.271503 3.12828 3.46711e-19)
)
;

boundaryField
{
    wall-4
    {
        type            noSlip;
    }
    pressure-outlet-7
    {
        type            zeroGradient;
    }
    velocity-inlet-6
    {
        type            fixedValue;
        value           uniform (0 3 0);
    }
    velocity-inlet-5
    {
        type            fixedValue;
        value           uniform (1 0 0);
    }
    frontAndBackPlanes
    {
        type            empty;
    }
}


// ************************************************************************* //
