/*--------------------------------*- C++ -*----------------------------------*\
| =========                 |                                                 |
| \\      /  F ield         | OpenFOAM: The Open Source CFD Toolbox           |
|  \\    /   O peration     | Version:  v2012                                 |
|   \\  /    A nd           | Website:  www.openfoam.com                      |
|    \\/     M anipulation  |                                                 |
\*---------------------------------------------------------------------------*/
FoamFile
{
    version     2.0;
    format      ascii;
    class       volVectorField;
    location    "24";
    object      U;
}
// * * * * * * * * * * * * * * * * * * * * * * * * * * * * * * * * * * * * * //

dimensions      [0 1 -1 0 0 0 0];


internalField   nonuniform List<vector> 
8800
(
(0.984962 -0.0884511 0)
(1.00213 -0.0568209 0)
(0.999681 -0.0305532 0)
(1.00002 -0.0158557 0)
(1.00005 -0.00870412 0)
(1.00002 -0.00505904 0)
(1.00001 -0.00297584 0)
(1 -0.00169228 0)
(0.999998 -0.000818288 0)
(1.00005 -0.000129483 0)
(0.999996 0.000566931 0)
(0.999997 0.00132282 0)
(1 0.00235383 0)
(1.00001 0.00396211 0)
(1.00003 0.00667944 0)
(1.00006 0.0117161 0)
(0.999922 0.022041 0)
(0.999202 0.0411641 0)
(1.00745 0.0768946 0)
(0.773649 0.0450697 0)
(0.361009 -0.0151708 0)
(1.04557 -0.0741992 0)
(1.08713 -0.0678902 0)
(1.04779 -0.0522984 0)
(1.02458 -0.038389 0)
(1.01234 -0.0261068 0)
(1.00641 -0.0167597 0)
(1.00355 -0.0102778 0)
(1.00215 -0.00568028 0)
(1.00152 -0.00211871 0)
(1.0014 0.00105476 0)
(1.00174 0.0043596 0)
(1.00269 0.00827469 0)
(1.00469 0.0136282 0)
(1.00881 0.0213809 0)
(1.0174 0.032216 0)
(1.03456 0.0455801 0)
(1.06559 0.0597206 0)
(1.09412 0.0729444 0)
(0.842327 0.0556963 0)
(0.217091 -0.00164454 0)
(1.07588 -0.0503352 0)
(1.09985 -0.0486984 0)
(1.06464 -0.0401512 0)
(1.0399 -0.0329861 0)
(1.02367 -0.0256895 0)
(1.01392 -0.0183472 0)
(1.00848 -0.0116856 0)
(1.00564 -0.00595529 0)
(1.00449 -0.000721724 0)
(1.00482 0.00435016 0)
(1.00669 0.0096627 0)
(1.0106 0.0157241 0)
(1.01789 0.0226534 0)
(1.03055 0.0299361 0)
(1.05077 0.0369754 0)
(1.08055 0.044346 0)
(1.10641 0.0516028 0)
(0.943149 0.0412518 0)
(0.216681 0.00165718 0)
(0.175948 -0.00064347 0)
(1.01874 -0.0353657 0)
(1.10561 -0.041365 0)
(1.0781 -0.0361999 0)
(1.05274 -0.0301653 0)
(1.03539 -0.0244467 0)
(1.02337 -0.0187755 0)
(1.01549 -0.0128649 0)
(1.01088 -0.00686701 0)
(1.00887 -0.000723426 0)
(1.00944 0.00537206 0)
(1.01257 0.0112707 0)
(1.01861 0.0170687 0)
(1.02836 0.0226616 0)
(1.04277 0.0281217 0)
(1.0636 0.0338393 0)
(1.09411 0.0398689 0)
(1.09457 0.0415826 0)
(0.829606 0.0226523 0)
(0.175262 0.000657967 0)
(0.154466 -0.000484235 0)
(0.957511 -0.0254537 0)
(1.10409 -0.0349549 0)
(1.08784 -0.0325317 0)
(1.06121 -0.028023 0)
(1.04325 -0.0230646 0)
(1.03085 -0.0178746 0)
(1.0222 -0.012503 0)
(1.01661 -0.00677066 0)
(1.01398 -0.000495892 0)
(1.01469 0.00582506 0)
(1.0186 0.0116186 0)
(1.0255 0.0169025 0)
(1.03575 0.0219101 0)
(1.05052 0.0267768 0)
(1.07231 0.0312972 0)
(1.10118 0.0352293 0)
(1.06999 0.0335043 0)
(0.742804 0.0141622 0)
(0.153438 0.000500561 0)
(0.140061 -0.00035355 0)
(0.900915 -0.0190085 0)
(1.09652 -0.0298343 0)
(1.09587 -0.0289224 0)
(1.0687 -0.0251824 0)
(1.0499 -0.0211732 0)
(1.03695 -0.01664 0)
(1.02796 -0.0116394 0)
(1.02201 -0.00619319 0)
(1.01907 -0.000105502 0)
(1.01979 0.00603293 0)
(1.02395 0.0115284 0)
(1.0311 0.0164213 0)
(1.0417 0.0208657 0)
(1.05712 0.0248208 0)
(1.07988 0.0283713 0)
(1.10374 0.0311736 0)
(1.03889 0.0273966 0)
(0.677368 0.00995083 0)
(0.138619 0.000372834 0)
(0.129606 -0.00026793 0)
(0.85184 -0.014485 0)
(1.0843 -0.0255017 0)
(1.10147 -0.0258312 0)
(1.07534 -0.0226149 0)
(1.0559 -0.0191058 0)
(1.04243 -0.0151382 0)
(1.03306 -0.010547 0)
(1.02688 -0.00537339 0)
(1.02378 0.000389829 0)
(1.02443 0.00615369 0)
(1.02862 0.0113022 0)
(1.03595 0.0157875 0)
(1.04693 0.0196417 0)
(1.06286 0.022972 0)
(1.08617 0.0259984 0)
(1.10334 0.0278957 0)
(1.00541 0.0225315 0)
(0.62721 0.00744528 0)
(0.127662 0.00029133 0)
(0.121799 -0.000201229 0)
(0.810779 -0.0110881 0)
(1.06932 -0.0214694 0)
(1.10471 -0.0227132 0)
(1.0812 -0.0199919 0)
(1.06139 -0.0167999 0)
(1.04764 -0.013232 0)
(1.03791 -0.0091329 0)
(1.03138 -0.00442228 0)
(1.02805 0.000973102 0)
(1.02862 0.00638193 0)
(1.03291 0.0110227 0)
(1.04046 0.0149033 0)
(1.05163 0.0181902 0)
(1.06781 0.0210658 0)
(1.09142 0.0237277 0)
(1.10018 0.0247808 0)
(0.972353 0.0184695 0)
(0.588109 0.0057253 0)
(0.119247 0.000229983 0)
(0.115956 -0.000151021 0)
(0.777177 -0.00841321 0)
(1.05333 -0.0177435 0)
(1.10687 -0.0196144 0)
(1.08656 -0.0172704 0)
(1.0663 -0.0143364 0)
(1.05227 -0.0111649 0)
(1.04238 -0.00751262 0)
(1.03568 -0.00324124 0)
(1.03216 0.00170625 0)
(1.03257 0.00661833 0)
(1.03679 0.0106966 0)
(1.04431 0.0140009 0)
(1.05555 0.0167292 0)
(1.07202 0.0191542 0)
(1.09551 0.0214842 0)
(1.09473 0.0218524 0)
(0.941362 0.0150721 0)
(0.557277 0.00445024 0)
(0.112661 0.000186738 0)
(0.111688 -0.000108329 0)
(0.75043 -0.00620022 0)
(1.0374 -0.014203 0)
(1.10802 -0.0165753 0)
(1.09147 -0.0147586 0)
(1.07082 -0.0121993 0)
(1.05657 -0.00927562 0)
(1.04662 -0.00580406 0)
(1.03981 -0.00183811 0)
(1.03606 0.00261255 0)
(1.0363 0.00692014 0)
(1.04035 0.010466 0)
(1.04769 0.0133589 0)
(1.05885 0.0157051 0)
(1.07566 0.0176806 0)
(1.09841 0.0194323 0)
(1.08737 0.0190223 0)
(0.913344 0.0121522 0)
(0.53303 0.00345736 0)
(0.107486 0.000152722 0)
(0.108702 -7.42888e-05 0)
(0.729969 -0.00427012 0)
(1.02257 -0.0107464 0)
(1.1079 -0.013317 0)
(1.09549 -0.0119916 0)
(1.07476 -0.00967938 0)
(1.06021 -0.00702897 0)
(1.04998 -0.00393215 0)
(1.04294 -0.000337288 0)
(1.03901 0.00368662 0)
(1.03894 0.00750966 0)
(1.04273 0.0104936 0)
(1.05002 0.0127605 0)
(1.06133 0.0145662 0)
(1.07826 0.0161089 0)
(1.09951 0.017282 0)
(1.07848 0.0161482 0)
(0.888874 0.00958159 0)
(0.514131 0.00264095 0)
(0.103381 0.000130256 0)
(0.106945 -3.17586e-05 0)
(0.715594 -0.00244041 0)
(1.00994 -0.00726329 0)
(1.10714 -0.00969452 0)
(1.09909 -0.00868428 0)
(1.07855 -0.00672054 0)
(1.06393 -0.00445485 0)
(1.0536 -0.00171068 0)
(1.04639 0.00144715 0)
(1.04216 0.00499326 0)
(1.04175 0.00824558 0)
(1.04526 0.0105444 0)
(1.05228 0.0121145 0)
(1.06338 0.0132214 0)
(1.08024 0.0141822 0)
(1.09945 0.0148382 0)
(1.06902 0.0132065 0)
(0.868386 0.00720792 0)
(0.500043 0.00190398 0)
(0.100243 0.000102295 0)
(0.106389 6.87067e-06 0)
(0.706722 -0.000938305 0)
(0.999777 -0.00423224 0)
(1.10592 -0.00649312 0)
(1.1019 -0.00586378 0)
(1.08155 -0.00428526 0)
(1.06683 -0.00232413 0)
(1.05646 0.000251932 0)
(1.0492 0.00328144 0)
(1.04473 0.00656321 0)
(1.04385 0.00940765 0)
(1.04677 0.0113186 0)
(1.05337 0.0124832 0)
(1.0642 0.013022 0)
(1.08101 0.01324 0)
(1.09827 0.0131634 0)
(1.0592 0.0108605 0)
(0.851583 0.00538705 0)
(0.48989 0.0013887 0)
(0.0979672 7.61887e-05 0)
(0.106749 4.71067e-05 0)
(0.702354 0.000105358 0)
(0.992154 -0.00177213 0)
(1.1041 -0.00368354 0)
(1.10392 -0.00336647 0)
(1.0842 -0.00204225 0)
(1.06963 -0.000116813 0)
(1.0593 0.0024627 0)
(1.05177 0.00542462 0)
(1.04682 0.0084827 0)
(1.04543 0.0109596 0)
(1.04792 0.0123999 0)
(1.05397 0.0129767 0)
(1.06427 0.0130673 0)
(1.08062 0.0128658 0)
(1.09549 0.0121158 0)
(1.04898 0.00922702 0)
(0.837909 0.00438013 0)
(0.482172 0.00117962 0)
(0.096224 6.24136e-05 0)
(0.107754 6.31937e-05 0)
(0.701236 0.000767765 0)
(0.987472 -2.22391e-05 0)
(1.10251 -0.00119835 0)
(1.10569 -0.000837472 0)
(1.08693 0.000485356 0)
(1.0726 0.00254466 0)
(1.06231 0.00514404 0)
(1.05457 0.00797768 0)
(1.04915 0.010836 0)
(1.04705 0.0129584 0)
(1.04875 0.0138603 0)
(1.05412 0.01393 0)
(1.06385 0.0134802 0)
(1.07955 0.0128805 0)
(1.09174 0.0116642 0)
(1.03905 0.00856925 0)
(0.826332 0.00424763 0)
(0.475184 0.00124588 0)
(0.0945763 6.67816e-05 0)
(0.10916 7.92332e-05 0)
(0.701962 0.00119033 0)
(0.985522 0.00115842 0)
(1.10222 0.000895237 0)
(1.10778 0.00182964 0)
(1.08983 0.00346961 0)
(1.0755 0.00577119 0)
(1.06493 0.0083712 0)
(1.0568 0.0111205 0)
(1.05077 0.0137605 0)
(1.04782 0.0154403 0)
(1.04872 0.0157887 0)
(1.05345 0.0153396 0)
(1.06258 0.0144989 0)
(1.07767 0.0134494 0)
(1.08752 0.0119454 0)
(1.0297 0.0088917 0)
(0.815294 0.00467153 0)
(0.467705 0.00144201 0)
(0.0927042 8.21191e-05 0)
(0.110984 9.63212e-05 0)
(0.704218 0.00170045 0)
(0.985432 0.00216318 0)
(1.10354 0.00237131 0)
(1.1111 0.00381968 0)
(1.09336 0.00592038 0)
(1.07877 0.00862972 0)
(1.06791 0.0116149 0)
(1.05933 0.0146746 0)
(1.0525 0.0173575 0)
(1.0485 0.0188037 0)
(1.04838 0.0187798 0)
(1.05237 0.0178049 0)
(1.06098 0.016529 0)
(1.07533 0.0152215 0)
(1.08309 0.0135629 0)
(1.02012 0.0101081 0)
(0.803334 0.00533312 0)
(0.459219 0.00168626 0)
(0.0904551 0.000103499 0)
(0.113358 0.000119967 0)
(0.708218 0.00241049 0)
(0.986183 0.00339451 0)
(1.10541 0.0036146 0)
(1.11504 0.00502749 0)
(1.09754 0.00742212 0)
(1.08269 0.0107506 0)
(1.07144 0.0145379 0)
(1.06213 0.0184238 0)
(1.05422 0.0217524 0)
(1.04894 0.0235408 0)
(1.04766 0.0235887 0)
(1.05056 0.0225062 0)
(1.05865 0.0207643 0)
(1.07262 0.0188288 0)
(1.07756 0.0164681 0)
(1.0084 0.0116832 0)
(0.789745 0.00597932 0)
(0.449636 0.00194708 0)
(0.0877596 0.000126503 0)
(0.116499 0.000157449 0)
(0.714789 0.00342608 0)
(0.987851 0.00530845 0)
(1.10673 0.00543393 0)
(1.1188 0.00647493 0)
(1.10235 0.00892761 0)
(1.08759 0.0129419 0)
(1.07603 0.017763 0)
(1.06585 0.0227722 0)
(1.05656 0.0271801 0)
(1.04976 0.0296807 0)
(1.04711 0.0300239 0)
(1.04872 0.0289562 0)
(1.05539 0.0269363 0)
(1.06812 0.024111 0)
(1.0688 0.019761 0)
(0.993442 0.013159 0)
(0.774731 0.00665533 0)
(0.438921 0.00225516 0)
(0.0845841 0.000151543 0)
(0.120698 0.000212674 0)
(0.724897 0.00479292 0)
(0.991646 0.00796414 0)
(1.10756 0.00862521 0)
(1.12218 0.00939783 0)
(1.10764 0.0119566 0)
(1.09365 0.0167446 0)
(1.08175 0.0226128 0)
(1.07052 0.0286681 0)
(1.05955 0.0339807 0)
(1.0509 0.0368619 0)
(1.04648 0.0371415 0)
(1.04643 0.0356611 0)
(1.05122 0.0329122 0)
(1.06065 0.0286512 0)
(1.05576 0.0223699 0)
(0.975964 0.0144285 0)
(0.758669 0.00750635 0)
(0.42679 0.00263887 0)
(0.0808472 0.000178744 0)
(0.126372 0.000293968 0)
(0.739515 0.00656672 0)
(0.999147 0.0114327 0)
(1.10956 0.013508 0)
(1.12558 0.014654 0)
(1.11379 0.0179861 0)
(1.10085 0.0235998 0)
(1.08845 0.030306 0)
(1.07586 0.0370128 0)
(1.06276 0.0425391 0)
(1.05179 0.0450001 0)
(1.04529 0.0444492 0)
(1.04313 0.0418377 0)
(1.0453 0.0378044 0)
(1.05015 0.0320554 0)
(1.03996 0.0244316 0)
(0.957583 0.0159949 0)
(0.741427 0.00874337 0)
(0.41272 0.00314296 0)
(0.0764583 0.000210206 0)
(0.134008 0.000408939 0)
(0.759527 0.00887778 0)
(1.01181 0.0157823 0)
(1.11515 0.0197842 0)
(1.1307 0.0225482 0)
(1.12141 0.0274066 0)
(1.10907 0.033982 0)
(1.09576 0.0413145 0)
(1.08131 0.0482224 0)
(1.06554 0.0532077 0)
(1.05178 0.0544032 0)
(1.04278 0.0522251 0)
(1.03804 0.0478785 0)
(1.03711 0.0421086 0)
(1.03762 0.0350907 0)
(1.02324 0.0268974 0)
(0.938954 0.0183717 0)
(0.722216 0.0104842 0)
(0.396061 0.00379428 0)
(0.0712712 0.000246793 0)
(0.144333 0.000584393 0)
(0.786097 0.0121586 0)
(1.03078 0.0214918 0)
(1.12608 0.0278324 0)
(1.13962 0.0330237 0)
(1.13097 0.0398274 0)
(1.11829 0.0476996 0)
(1.10337 0.055678 0)
(1.08633 0.0624691 0)
(1.06729 0.0663302 0)
(1.0502 0.065584 0)
(1.03836 0.0611653 0)
(1.03078 0.0547659 0)
(1.02678 0.0472554 0)
(1.02383 0.0392011 0)
(1.00628 0.0306692 0)
(0.919395 0.0217707 0)
(0.700139 0.0127034 0)
(0.376144 0.00456325 0)
(0.0651114 0.000286984 0)
(0.158608 0.000865691 0)
(0.821044 0.0170194 0)
(1.05734 0.0292811 0)
(1.14298 0.0381625 0)
(1.15321 0.0462752 0)
(1.14325 0.0554853 0)
(1.12879 0.0649813 0)
(1.11114 0.0736265 0)
(1.0906 0.0800072 0)
(1.06757 0.0822966 0)
(1.04667 0.0791699 0)
(1.03169 0.07222 0)
(1.02124 0.0635919 0)
(1.0145 0.0543981 0)
(1.00885 0.0453011 0)
(0.98856 0.0362036 0)
(0.897529 0.0263614 0)
(0.673694 0.0155061 0)
(0.352212 0.00548942 0)
(0.0578971 0.000331251 0)
(0.179031 0.00136455 0)
(0.867501 0.0247181 0)
(1.09314 0.0407916 0)
(1.16658 0.0525054 0)
(1.17193 0.0640648 0)
(1.15861 0.0758504 0)
(1.14057 0.086875 0)
(1.11879 0.0958351 0)
(1.09375 0.101305 0)
(1.06608 0.101511 0)
(1.04099 0.0956105 0)
(1.02262 0.0859545 0)
(1.00941 0.075024 0)
(1.00022 0.0640839 0)
(0.992295 0.0537469 0)
(0.969003 0.0436627 0)
(0.871872 0.0322126 0)
(0.641755 0.0189559 0)
(0.323694 0.00657816 0)
(0.0495423 0.000373568 0)
(0.208911 0.00249472 0)
(0.931169 0.0382095 0)
(1.14019 0.0600329 0)
(1.19744 0.0743187 0)
(1.19546 0.0896753 0)
(1.17646 0.103385 0)
(1.15293 0.115009 0)
(1.12568 0.123306 0)
(1.09526 0.126951 0)
(1.06247 0.124312 0)
(1.03297 0.115131 0)
(1.01112 0.102566 0)
(0.995257 0.0892877 0)
(0.983779 0.0765056 0)
(0.973615 0.0647432 0)
(0.946369 0.0533047 0)
(0.840886 0.0395366 0)
(0.603257 0.0231268 0)
(0.290788 0.00786674 0)
(0.0403385 0.000402105 0)
(0.250066 0.00892832 -2.21293e-20)
(1.01547 0.0656265 -1.7394e-20)
(1.19585 0.0928051 4.75783e-21)
(1.23394 0.109935 0)
(1.22114 0.126962 -8.19744e-36)
(1.19467 0.140605 4.45155e-22)
(1.16442 0.151084 -2.77634e-21)
(1.13082 0.157413 0)
(1.0944 0.15832 1.00443e-34)
(1.05598 0.152258 -7.54644e-21)
(1.02164 0.139536 0)
(0.995916 0.124034 -1.07426e-20)
(0.977038 0.108471 -3.28068e-20)
(0.962923 0.0939476 -1.58508e-20)
(0.950046 0.0809348 -4.97565e-21)
(0.918459 0.0683712 -3.00113e-21)
(0.801008 0.0515584 0)
(0.554634 0.0303711 2.13321e-21)
(0.253135 0.011297 2.51758e-21)
(0.0319328 0.00110187 4.40354e-20)
(0.277191 0.0247822 -4.33411e-20)
(1.08479 0.109421 9.95194e-22)
(1.24257 0.140663 -2.48109e-21)
(1.26688 0.159095 0)
(1.24423 0.174591 3.40565e-21)
(1.21049 0.186599 1.39914e-21)
(1.17342 0.195206 -1.89197e-21)
(1.13328 0.199334 -1.32818e-20)
(1.09041 0.197645 0)
(1.04547 0.188494 3.21471e-20)
(1.00513 0.172652 3.54137e-20)
(0.974329 0.154605 1.1361e-20)
(0.951231 0.137051 4.46985e-20)
(0.933364 0.120828 6.56173e-20)
(0.916176 0.106248 0)
(0.877568 0.0918406 9.69301e-20)
(0.752211 0.0716467 1.40281e-19)
(0.50534 0.0446539 1.55465e-19)
(0.223249 0.0188439 -1.78523e-19)
(0.0262084 0.00225189 -3.26815e-21)
(0.275847 0.040558 0)
(1.12695 0.166324 -1.37897e-20)
(1.27594 0.200459 0)
(1.29232 0.218086 2.19734e-20)
(1.26231 0.230061 0)
(1.22225 0.238737 9.84475e-21)
(1.17895 0.244128 2.34395e-21)
(1.1327 0.245055 -2.02655e-20)
(1.08381 0.240084 -3.13123e-21)
(1.03278 0.227566 1.56711e-20)
(0.986862 0.208684 8.26337e-20)
(0.951515 0.188442 -6.06778e-22)
(0.924632 0.169403 -3.36015e-20)
(0.903444 0.152222 -6.50402e-20)
(0.883213 0.136847 7.86543e-20)
(0.842817 0.121365 -1.41099e-19)
(0.72292 0.0975862 -1.90808e-20)
(0.491433 0.0647845 0)
(0.228915 0.0301363 1.12069e-22)
(0.0300521 0.00422328 0)
(0.268038 0.0541838 -3.40369e-19)
(1.14797 0.226044 1.42589e-19)
(1.29711 0.265292 7.73284e-20)
(1.30904 0.281758 -1.46128e-20)
(1.27397 0.289886 2.22716e-20)
(1.22909 0.294623 -2.4221e-20)
(1.18074 0.296157 3.25202e-21)
(1.12923 0.29335 0)
(1.075 0.284695 -6.24701e-20)
(1.01856 0.268545 0)
(0.967717 0.24662 -4.23354e-20)
(0.928471 0.224331 -5.9243e-20)
(0.898499 0.204077 -3.77598e-20)
(0.874827 0.186188 -4.85642e-20)
(0.852786 0.170278 0)
(0.813181 0.153886 0)
(0.704638 0.127705 -1.28838e-19)
(0.493761 0.0896747 2.55435e-20)
(0.243723 0.0446852 -1.48642e-20)
(0.0362546 0.00706092 -1.71006e-20)
(0.259915 0.0663534 2.53524e-19)
(1.1557 0.285468 0)
(1.309 0.331328 -2.1833e-19)
(1.31805 0.346649 -5.54888e-20)
(1.27941 0.351139 -4.12866e-20)
(1.23097 0.351957 0)
(1.17867 0.349593 -3.74209e-21)
(1.12291 0.342916 1.86841e-20)
(1.06414 0.330449 2.77264e-20)
(1.00303 0.310544 7.95935e-20)
(0.948024 0.285512 0)
(0.905634 0.261135 -1.295e-19)
(0.873318 0.239681 -8.27195e-20)
(0.847837 0.221177 -4.98502e-20)
(0.824712 0.204991 3.25753e-19)
(0.786917 0.187912 3.99272e-20)
(0.689694 0.160257 1.89172e-19)
(0.497528 0.116086 -9.0564e-19)
(0.256544 0.0607938 5.37768e-19)
(0.0415853 0.0102676 -6.38329e-19)
(0.252633 0.0773649 2.68885e-19)
(1.15513 0.342702 -5.06435e-20)
(1.31389 0.396589 3.86591e-20)
(1.32098 0.41099 1.04644e-19)
(1.27973 0.412099 6.34238e-20)
(1.22858 0.409194 3.36748e-21)
(1.17316 0.403101 2.87762e-21)
(1.11391 0.392663 1.47209e-20)
(1.05137 0.376415 -6.10724e-20)
(0.986281 0.352753 0)
(0.927804 0.324515 -5.5743e-20)
(0.882917 0.297941 -3.08385e-21)
(0.848926 0.275135 -9.27214e-20)
(0.82232 0.255947 0)
(0.798765 0.239459 -7.1238e-20)
(0.76303 0.222023 -1.73129e-19)
(0.674593 0.192966 4.75602e-19)
(0.496696 0.142632 -4.69973e-19)
(0.262539 0.0764358 6.64442e-19)
(0.0447658 0.0133117 -6.82875e-19)
(0.246774 0.0876087 -8.18201e-22)
(1.14954 0.397124 6.23336e-20)
(1.31351 0.459771 1.85445e-19)
(1.31919 0.473616 -6.44629e-20)
(1.27601 0.471699 3.63367e-20)
(1.22274 0.465393 0)
(1.16481 0.455815 1.50309e-20)
(1.10267 0.441811 -1.21064e-20)
(1.03693 0.421917 -2.82558e-20)
(0.968427 0.394524 0)
(0.906965 0.362994 -5.47654e-20)
(0.860066 0.334026 -7.65771e-20)
(0.824895 0.309609 1.01609e-19)
(0.797693 0.289466 -6.49226e-20)
(0.774236 0.27238 -3.14521e-19)
(0.740553 0.254307 1.92956e-19)
(0.658754 0.223424 6.03576e-20)
(0.490622 0.166598 0)
(0.262097 0.0897044 -6.44727e-19)
(0.045519 0.0157207 -2.34324e-20)
(0.24227 0.0974014 4.43217e-20)
(1.14104 0.448576 -7.18808e-20)
(1.30926 0.520322 -1.01543e-19)
(1.31389 0.533908 -1.98084e-19)
(1.26923 0.529341 1.77512e-19)
(1.21427 0.519976 -9.23466e-20)
(1.15426 0.507194 -3.14011e-20)
(1.08968 0.489861 -1.79613e-20)
(1.02113 0.466507 2.7214e-20)
(0.94961 0.435464 -1.9567e-19)
(0.885545 0.400545 -6.71808e-20)
(0.836898 0.368941 0)
(0.800812 0.342601 1.11231e-19)
(0.773369 0.321113 1.37406e-19)
(0.750241 0.303011 1.6897e-19)
(0.718331 0.283905 -2.10645e-19)
(0.641353 0.250696 -6.31845e-20)
(0.479897 0.187117 7.42454e-20)
(0.257031 0.100326 0)
(0.0447754 0.0174975 -5.10763e-20)
(0.23892 0.10687 -5.15957e-19)
(1.13105 0.497189 3.29722e-19)
(1.3023 0.577994 1.1187e-19)
(1.30601 0.591506 -1.5159e-19)
(1.26013 0.584652 1.06718e-19)
(1.20381 0.572567 -7.83982e-21)
(1.14209 0.55689 3.00905e-20)
(1.0754 0.536507 -7.62112e-21)
(1.00436 0.509907 -5.09358e-20)
(0.930062 0.475342 3.92844e-22)
(0.863589 0.436987 -2.01164e-19)
(0.81349 0.402528 1.95011e-19)
(0.776684 0.373957 -1.24653e-19)
(0.749109 0.350718 1.54861e-19)
(0.726368 0.331297 0)
(0.695859 0.31072 -1.14392e-19)
(0.622186 0.27452 -2.18628e-21)
(0.465298 0.204387 -3.24932e-19)
(0.248004 0.10827 -4.76335e-20)
(0.0427527 0.0185782 0)
(0.236563 0.116123 0)
(1.12041 0.543205 3.58389e-19)
(1.29337 0.632651 2.6137e-19)
(1.29626 0.646304 1.71371e-19)
(1.24935 0.637439 1.02185e-19)
(1.19191 0.622943 0)
(1.12876 0.604679 3.14409e-20)
(1.06023 0.581541 -2.38507e-21)
(0.986943 0.551963 1.08483e-19)
(0.910062 0.514052 -2.42007e-20)
(0.841291 0.472246 -1.47417e-19)
(0.789755 0.434744 9.78039e-20)
(0.752254 0.403667 -3.94459e-21)
(0.724552 0.378391 1.63123e-19)
(0.702216 0.357279 1.06359e-19)
(0.672784 0.334825 -2.48918e-19)
(0.60119 0.294988 2.99839e-19)
(0.44752 0.218127 8.88661e-20)
(0.235896 0.113741 3.64326e-19)
(0.0397846 0.018951 -9.63299e-19)
(0.235093 0.125296 -1.32909e-19)
(1.1097 0.586791 2.07097e-19)
(1.28328 0.68438 -1.63405e-19)
(1.28516 0.698268 -1.99403e-19)
(1.23741 0.687608 0)
(1.17906 0.670983 8.21867e-20)
(1.11467 0.650433 -8.92744e-20)
(1.04452 0.624838 6.95924e-21)
(0.969182 0.592568 0)
(0.889816 0.551534 -3.7378e-19)
(0.818669 0.506326 4.0195e-19)
(0.765522 0.465635 0)
(0.7273 0.431744 1.47429e-19)
(0.69949 0.404138 -3.93978e-21)
(0.677488 0.381035 -3.36444e-19)
(0.648748 0.356311 1.32151e-19)
(0.578296 0.312293 0)
(0.427137 0.228457 4.81969e-19)
(0.221478 0.116791 0)
(0.036188 0.0187765 -4.58643e-19)
(0.234301 0.134411 1.48346e-19)
(1.09921 0.628138 2.37048e-19)
(1.27237 0.733199 -1.71117e-19)
(1.27318 0.747402 0)
(1.22472 0.735141 1.41632e-19)
(1.16561 0.716647 0)
(1.10017 0.694082 1.19992e-19)
(1.02857 0.666324 1.11041e-20)
(0.951305 0.631665 1.2153e-20)
(0.869459 0.587776 -1.84694e-19)
(0.795817 0.539291 3.91517e-20)
(0.740939 0.495317 0)
(0.701797 0.458411 -3.13503e-19)
(0.673784 0.428178 4.05996e-21)
(0.652009 0.402781 0)
(0.623594 0.375376 4.75873e-21)
(0.553387 0.326538 4.40812e-19)
(0.404164 0.235364 -4.20944e-19)
(0.2051 0.117423 1.23587e-19)
(0.0320969 0.0179972 0)
(0.23386 0.143339 0)
(1.08918 0.667275 2.65591e-19)
(1.26096 0.779271 2.00905e-19)
(1.26067 0.793759 -4.42522e-21)
(1.21162 0.780066 8.92055e-20)
(1.15187 0.759934 1.93578e-19)
(1.08552 0.735609 -3.80701e-20)
(1.01261 0.705968 1.63833e-21)
(0.933526 0.669226 6.89208e-20)
(0.849214 0.622809 -2.88701e-19)
(0.772957 0.57125 -6.40316e-21)
(0.716071 0.523968 -1.28704e-19)
(0.675751 0.483839 5.13302e-19)
(0.64735 0.450712 -4.8184e-21)
(0.625689 0.422698 -2.64555e-19)
(0.597229 0.39213 -4.82351e-19)
(0.526522 0.337791 0)
(0.378856 0.238997 0)
(0.187007 0.115571 1.35243e-19)
(0.0277017 0.0166402 -7.79581e-20)
(0.23398 0.152234 1.84867e-19)
(1.07967 0.704169 -5.82963e-19)
(1.24927 0.822707 -2.15068e-19)
(1.24791 0.83741 0)
(1.19836 0.822438 -3.05238e-21)
(1.13808 0.800872 2.33626e-19)
(1.07095 0.775022 -1.3029e-19)
(0.996872 0.74377 -4.68955e-20)
(0.91607 0.705264 7.40221e-20)
(0.829322 0.656673 -2.2348e-19)
(0.750232 0.60231 -3.40364e-19)
(0.690963 0.55178 3.43112e-19)
(0.649155 0.508253 0)
(0.62014 0.471917 -1.19075e-19)
(0.598451 0.440926 -2.89975e-19)
(0.56959 0.406633 -3.48935e-19)
(0.497653 0.345945 -4.21345e-19)
(0.351326 0.23922 1.25221e-19)
(0.16734 0.11113 -7.31581e-20)
(0.0229826 0.0147089 7.19605e-22)
(0.234096 0.160961 0)
(1.0708 0.739126 0)
(1.23751 0.863565 5.01039e-21)
(1.23509 0.878436 0)
(1.18513 0.86234 -3.35434e-19)
(1.12442 0.839518 -2.07072e-19)
(1.05664 0.81235 0)
(0.981521 0.779745 -1.31672e-20)
(0.899124 0.739782 9.88473e-20)
(0.809929 0.689391 -5.13397e-19)
(0.7278 0.632574 0)
(0.665784 0.578957 -2.19837e-19)
(0.622023 0.531884 -5.90366e-21)
(0.592082 0.491993 -4.85324e-21)
(0.570187 0.457585 3.09192e-19)
(0.540579 0.418888 -8.40081e-22)
(0.466779 0.35095 -9.13523e-19)
(0.321533 0.235854 2.72035e-19)
(0.146285 0.104146 8.02671e-20)
(0.0180925 0.0123091 0)
(0.234243 0.169418 -6.7979e-19)
(1.06231 0.772359 -3.58572e-19)
(1.22581 0.901962 -5.38667e-19)
(1.22238 0.916947 7.51693e-19)
(1.1721 0.899836 -6.29124e-19)
(1.11105 0.87593 0)
(1.04273 0.847638 -1.12172e-19)
(0.966698 0.813913 2.39821e-20)
(0.882805 0.772793 7.49121e-21)
(0.791197 0.720992 4.0328e-20)
(0.70586 0.662135 4.27471e-19)
(0.640685 0.605685 -7.52775e-20)
(0.594438 0.555025 -3.16266e-19)
(0.563087 0.511207 -1.41029e-19)
(0.540749 0.472761 1.71686e-19)
(0.510121 0.428759 -6.26453e-22)
(0.434062 0.352553 2.4959e-19)
(0.289673 0.228726 -5.89034e-19)
(0.124457 0.0948452 6.96502e-19)
(0.0132663 0.00958402 9.95297e-20)
(0.234264 0.177577 2.49637e-19)
(1.05421 0.803905 -1.96322e-19)
(1.21429 0.938016 1.18086e-20)
(1.2099 0.953067 4.24762e-19)
(1.15936 0.935037 1.47261e-19)
(1.09806 0.910175 4.12952e-19)
(1.02932 0.880931 -5.03147e-20)
(0.952494 0.846294 1.16759e-19)
(0.867229 0.804294 -6.66387e-20)
(0.773278 0.751479 -2.82493e-19)
(0.684596 0.691055 0)
(0.615855 0.632133 -3.3811e-19)
(0.566498 0.577984 4.58668e-19)
(0.533056 0.529886 0)
(0.50984 0.486522 -3.67185e-19)
(0.477976 0.435885 2.26244e-19)
(0.399611 0.350177 -2.69308e-19)
(0.256814 0.21774 -3.20971e-19)
(0.102857 0.0837238 -5.65163e-19)
(0.00875457 0.00671951 -4.34211e-19)
(0.234479 0.185501 -2.74148e-19)
(1.04632 0.83375 2.09579e-19)
(1.203 0.971804 5.01783e-19)
(1.19771 0.98688 5.83416e-19)
(1.147 0.968029 -3.07526e-19)
(1.08554 0.942338 2.85165e-19)
(1.01647 0.91228 -1.55923e-19)
(0.938985 0.87693 1.4713e-19)
(0.852478 0.834311 -2.77956e-20)
(0.756287 0.78086 2.72598e-19)
(0.664176 0.719371 9.1016e-19)
(0.591519 0.658435 0)
(0.538387 0.60107 0)
(0.501887 0.548494 -1.62886e-19)
(0.476961 0.499057 0)
(0.443559 0.439644 4.91386e-19)
(0.363495 0.342681 5.86247e-19)
(0.224215 0.202377 0)
(0.0828843 0.0712354 0)
(0.0048732 0.00400328 4.70788e-19)
(0.23439 0.192945 3.02135e-19)
(1.03869 0.861903 2.51341e-19)
(1.19202 1.00345 3.59947e-19)
(1.18588 1.01852 -5.20455e-19)
(1.13508 0.998913 -3.42624e-19)
(1.07353 0.972493 -3.7834e-19)
(1.00425 0.941748 2.31123e-19)
(0.926223 0.905853 6.26115e-22)
(0.838617 0.862846 -9.61428e-21)
(0.740311 0.809118 -1.16165e-20)
(0.644779 0.747092 4.61573e-19)
(0.567906 0.684668 0)
(0.510379 0.624567 4.62928e-19)
(0.469598 0.567631 3.43822e-19)
(0.441413 0.510903 8.72382e-19)
(0.405562 0.439455 2.65079e-19)
(0.325257 0.327852 -3.21419e-19)
(0.194361 0.180513 -1.87789e-19)
(0.0687373 0.0573194 0)
(0.00287871 0.0019255 5.09592e-19)
(0.234496 0.200312 -6.62986e-19)
(1.03129 0.888466 0)
(1.18133 1.03302 4.01685e-19)
(1.17445 1.04805 -4.25713e-19)
(1.12364 1.02778 3.87653e-19)
(1.06207 1.00072 5.52633e-19)
(0.992686 0.969393 -5.36637e-19)
(0.914231 0.933099 4.38503e-21)
(0.82567 0.889909 0)
(0.725416 0.836217 -2.59358e-19)
(0.626549 0.774186 -9.60682e-19)
(0.545264 0.710872 4.63334e-20)
(0.482846 0.648656 6.30234e-19)
(0.436416 0.587973 0)
(0.402485 0.523126 5.89326e-19)
(0.361706 0.435707 0)
(0.281687 0.302685 0)
(0.16859 0.143459 -2.07713e-19)
(0.0767252 0.0311875 0)
(0.0248042 0.00996102 1.37237e-19)
(0.234267 0.207043 -7.24029e-19)
(1.02409 0.913734 0)
(1.17094 1.06071 6.4862e-19)
(1.16338 1.07573 0)
(1.11264 1.05488 -2.09966e-19)
(1.05109 1.02731 0)
(0.981705 0.995518 -4.02941e-20)
(0.902915 0.959 -2.58671e-20)
(0.813525 0.915859 1.37521e-21)
(0.711458 0.862541 -2.57896e-19)
(0.60936 0.801076 2.54329e-20)
(0.523475 0.737601 3.81852e-19)
(0.455635 0.673881 6.09972e-19)
(0.402054 0.610555 8.67729e-20)
(0.358878 0.537748 4.61914e-19)
(0.308308 0.431133 0)
(0.221479 0.268466 6.97737e-19)
(0.11904 0.0807534 -4.07118e-19)
(0.0482009 0.0516948 4.64513e-19)
(-0.0577126 0.408949 -5.4788e-19)
(0.234009 0.213507 5.89476e-19)
(1.01686 0.937615 9.50966e-19)
(1.16076 1.08685 0)
(1.15255 1.10195 9.75316e-21)
(1.10193 1.08078 5.70186e-19)
(1.04036 1.05291 -1.0674e-18)
(0.971025 1.0209 -2.3671e-19)
(0.891905 0.984478 0)
(0.801705 0.94177 -3.46832e-20)
(0.697835 0.889378 -8.47835e-21)
(0.592389 0.829221 0)
(0.501512 0.766632 0)
(0.427543 0.702075 5.36862e-19)
(0.365415 0.637317 -2.71481e-19)
(0.308236 0.558474 -4.63017e-19)
(0.240834 0.43239 0)
(0.125528 0.248162 3.53354e-19)
(0.0194931 0.430789 -4.04531e-19)
(0.0408389 1.82675 -2.13417e-19)
(0.0740384 2.77517 -2.86449e-19)
(0.233552 0.219191 -4.28109e-19)
(1.00973 0.960206 -1.19671e-18)
(1.15081 1.11143 3.72323e-19)
(1.14196 1.12658 3.59639e-19)
(1.09154 1.10527 0)
(1.02993 1.07725 -7.63501e-19)
(0.960825 1.04523 -3.97259e-19)
(0.881365 1.00911 1.75752e-20)
(0.790448 0.967127 -4.27987e-21)
(0.684891 0.916108 2.02944e-19)
(0.576204 0.857899 4.32476e-19)
(0.480325 0.797446 3.9619e-19)
(0.399763 0.732818 5.28485e-19)
(0.328872 0.666534 -6.21168e-19)
(0.256741 0.58802 -6.8741e-19)
(0.162045 0.459772 0)
(0.0652754 0.813987 0)
(0.119391 2.50496 1.82387e-19)
(0.123576 3.17557 0)
(0.125407 3.37777 3.91305e-19)
(0.23602 0.22455 0)
(1.0033 0.981711 0)
(1.14082 1.13432 0)
(1.13139 1.14941 1.00048e-19)
(1.08118 1.12811 5.07044e-19)
(1.01958 1.10018 -5.82491e-19)
(0.951007 1.06842 -2.84462e-19)
(0.871235 1.03278 2.01195e-20)
(0.779703 0.99178 -1.05251e-19)
(0.672633 0.942574 -1.99318e-20)
(0.560918 0.886948 7.87328e-19)
(0.460265 0.829836 -4.64909e-20)
(0.372801 0.766737 5.98765e-20)
(0.294183 0.695153 8.83811e-20)
(0.206022 0.624972 2.62725e-21)
(0.128018 0.926429 3.53703e-21)
(0.165656 2.64529 -9.3061e-19)
(0.181022 3.27638 -3.4789e-19)
(0.165844 3.42453 1.57823e-19)
(0.148916 3.44956 -1.61739e-19)
(0.155088 0.176466 2.35344e-19)
(0.991622 1.00517 0)
(1.1306 1.15568 -7.18127e-19)
(1.12143 1.1709 -9.15328e-19)
(1.07147 1.14997 1.05992e-18)
(1.0101 1.12228 6.19559e-19)
(0.941423 1.09052 3.3042e-19)
(0.861583 1.05558 -3.50035e-19)
(0.76963 1.0158 1.18529e-19)
(0.661395 0.968778 0)
(0.547027 0.91629 3.42992e-19)
(0.442006 0.863283 -2.96721e-19)
(0.347617 0.805906 0)
(0.262716 0.726588 7.57224e-20)
(0.183726 0.833936 1.83805e-19)
(0.180141 2.3594 -2.29639e-19)
(0.250861 3.31318 2.51069e-19)
(0.227331 3.44341 1.22785e-19)
(0.188842 3.46749 1.36276e-19)
(0.163629 3.47876 1.76742e-19)
(0.274776 0.261063 -4.23928e-19)
(0.974327 1.01287 0)
(1.11189 1.17944 7.37786e-19)
(1.10757 1.20268 9.5354e-19)
(1.05592 1.18216 -1.0808e-18)
(0.994294 1.155 -6.55264e-19)
(0.924919 1.12459 -5.13563e-19)
(0.844716 1.09084 -2.59512e-20)
(0.75181 1.05326 -1.80864e-19)
(0.641432 1.01019 4.2533e-20)
(0.522885 0.964124 1.38374e-20)
(0.411194 0.919201 2.31282e-19)
(0.302002 0.875192 4.91839e-20)
(0.235013 0.980859 -7.03557e-20)
(0.256826 2.22016 -1.6297e-19)
(0.325272 3.31609 1.17789e-19)
(0.31246 3.4802 -1.11209e-19)
(0.272401 3.50425 -6.28593e-20)
(0.23229 3.53269 -3.18146e-22)
(0.17567 3.52467 -1.61769e-21)
(0.263178 0.25789 0)
(0.971348 1.03441 1.94011e-19)
(1.10379 1.20181 -1.46997e-19)
(1.09774 1.22502 -1.06968e-19)
(1.04619 1.20448 -7.1308e-19)
(0.984732 1.17754 6.4177e-19)
(0.91518 1.14732 3.47144e-19)
(0.835041 1.11437 -2.74436e-20)
(0.742019 1.07827 2.28075e-19)
(0.631013 1.03803 -2.81179e-20)
(0.510746 0.996765 -4.55788e-19)
(0.396229 0.958065 3.28532e-20)
(0.290291 0.939273 -4.27117e-20)
(0.275806 1.41479 -5.85099e-20)
(0.36212 3.03524 3.57948e-20)
(0.395173 3.47347 2.16265e-21)
(0.348896 3.543 -1.85847e-20)
(0.308796 3.5679 -6.96574e-20)
(0.255484 3.59263 1.28316e-19)
(0.191265 3.58703 3.82903e-20)
(0.246796 0.255184 4.72927e-19)
(0.966665 1.05825 1.31627e-18)
(1.0951 1.22608 -4.21687e-19)
(1.08744 1.24876 -4.0765e-19)
(1.036 1.22807 0)
(0.974765 1.20114 9.44206e-19)
(0.905319 1.17115 5.3198e-19)
(0.825526 1.13895 -2.91056e-20)
(0.732722 1.10439 2.35104e-20)
(0.621622 1.06714 9.11127e-20)
(0.500427 1.03098 -1.46531e-19)
(0.385009 0.99963 -2.26034e-19)
(0.295612 1.05524 -2.80055e-19)
(0.349413 2.04252 3.06945e-19)
(0.455182 3.36322 1.60527e-19)
(0.446045 3.54292 0)
(0.391778 3.59023 0)
(0.352428 3.63575 1.26767e-19)
(0.288337 3.70225 0)
(0.204027 3.67003 2.32137e-19)
(0.235572 0.256035 -6.94366e-19)
(0.959818 1.08279 -1.10046e-18)
(1.08498 1.25143 0)
(1.07594 1.2733 1.12814e-20)
(1.02466 1.2522 -6.99681e-19)
(0.96376 1.22514 1.40805e-18)
(0.894749 1.19538 3.59312e-19)
(0.815527 1.16383 -3.68873e-20)
(0.723208 1.13072 2.64679e-19)
(0.612435 1.09642 -1.24629e-20)
(0.491113 1.06548 0)
(0.377153 1.0437 0)
(0.32378 1.26351 -2.06393e-19)
(0.441217 2.71822 6.82189e-20)
(0.537087 3.49038 6.28945e-21)
(0.493526 3.58341 0)
(0.453058 3.64061 3.05481e-19)
(0.405188 3.71763 -4.65635e-19)
(0.356936 3.71293 -4.05664e-19)
(0.233738 3.69418 3.68155e-20)
(0.22721 0.258579 4.4253e-19)
(0.951068 1.10795 0)
(1.07335 1.27788 -8.09993e-19)
(1.06325 1.29883 -2.01548e-19)
(1.01231 1.27712 2.71565e-19)
(0.951963 1.2498 0)
(0.883634 1.22015 6.35628e-20)
(0.805222 1.18914 6.47577e-20)
(0.713708 1.15743 3.0989e-20)
(0.603727 1.12601 -2.00814e-19)
(0.483092 1.10034 1.50879e-21)
(0.374291 1.09614 -8.52499e-20)
(0.375053 1.57019 -1.4237e-19)
(0.535769 3.18692 -1.19911e-20)
(0.604222 3.54904 1.19912e-19)
(0.552301 3.61171 0)
(0.525576 3.69945 7.95366e-19)
(0.486721 3.67488 -5.3754e-19)
(0.393248 3.43124 8.04285e-19)
(0.277945 3.37177 -2.76564e-19)
(0.221287 0.262849 8.49601e-19)
(0.940526 1.13347 0)
(1.0603 1.30534 -5.17832e-19)
(1.04952 1.32539 5.66426e-19)
(0.999179 1.30288 -5.44083e-19)
(0.939633 1.27507 -8.42652e-19)
(0.872223 1.24531 9.79845e-19)
(0.794899 1.21466 -6.09739e-20)
(0.704555 1.18417 0)
(0.595882 1.15546 -2.39381e-19)
(0.476864 1.1349 -9.40956e-20)
(0.379401 1.1646 -3.97623e-21)
(0.444948 1.95611 -9.04295e-20)
(0.618658 3.39647 0)
(0.657432 3.5825 2.42342e-19)
(0.612988 3.64994 0)
(0.589827 3.67569 0)
(0.568796 3.4522 -3.49265e-19)
(0.444532 2.43237 0)
(-0.187851 0.108664 2.76495e-19)
(0.216331 0.267633 -4.09609e-19)
(0.92836 1.15964 -3.30875e-19)
(1.04573 1.33404 -5.07362e-19)
(1.03451 1.3533 7.4095e-19)
(0.984981 1.32992 5.38402e-19)
(0.926453 1.30154 6.32521e-19)
(0.860202 1.2716 -4.91149e-19)
(0.784254 1.24126 3.19973e-20)
(0.695471 1.212 8.33633e-21)
(0.588636 1.18613 -1.13914e-20)
(0.472398 1.17129 1.36855e-19)
(0.395628 1.26396 0)
(0.530003 2.39621 5.4314e-20)
(0.695667 3.4994 1.49621e-19)
(0.701981 3.6034 6.57966e-19)
(0.67279 3.6477 2.55355e-19)
(0.62452 3.53739 -4.97029e-19)
(0.482548 2.6889 -3.27728e-19)
(0.0543091 0.356902 0)
(-0.0838816 -0.139917 9.37339e-19)
(0.2119 0.273134 3.9286e-19)
(0.914269 1.1864 -3.21902e-19)
(1.02948 1.36393 -4.83634e-19)
(1.01804 1.38258 -9.15574e-19)
(0.969507 1.35834 5.24017e-19)
(0.912227 1.32935 -5.26008e-19)
(0.847424 1.2992 3.72248e-19)
(0.773193 1.2692 -6.15142e-19)
(0.686429 1.24124 -3.80612e-19)
(0.582065 1.21838 3.36264e-19)
(0.470098 1.21049 3.58621e-19)
(0.426683 1.41116 0)
(0.625748 2.83398 0)
(0.764552 3.5496 -1.364e-19)
(0.741061 3.61925 0)
(0.715126 3.60107 6.78458e-19)
(0.590236 3.12755 9.37378e-19)
(0.180507 0.965863 0)
(-0.10364 -0.14475 0)
(-0.0613487 -0.09113 8.30729e-19)
(0.206672 0.278168 -3.78844e-19)
(0.897974 1.21377 3.01858e-19)
(1.01141 1.39495 -6.06672e-21)
(0.999939 1.41317 -6.965e-19)
(0.952613 1.38802 0)
(0.896851 1.35838 -8.85658e-19)
(0.833819 1.328 0)
(0.761698 1.29836 -6.21134e-19)
(0.67749 1.27173 -7.39206e-19)
(0.576329 1.25202 -4.18566e-19)
(0.470798 1.25381 0)
(0.474853 1.60976 -1.3026e-19)
(0.721295 3.1736 2.65318e-19)
(0.822687 3.57952 -1.06272e-19)
(0.787479 3.61245 -4.68671e-19)
(0.723987 3.43755 3.27436e-19)
(0.433109 2.1574 -4.51417e-19)
(-0.0339606 0.00884153 -5.54771e-19)
(-0.107368 -0.181263 -9.68589e-19)
(-0.0407571 -0.0614093 -7.59011e-19)
(0.200726 0.282803 1.08944e-18)
(0.878958 1.24128 5.92607e-19)
(0.991288 1.427 9.11957e-19)
(0.980036 1.44496 -1.36783e-18)
(0.934167 1.41886 9.8631e-19)
(0.880222 1.38849 0)
(0.819319 1.35785 4.65198e-19)
(0.749763 1.32855 -1.5429e-19)
(0.668709 1.30323 -6.06363e-21)
(0.571623 1.28672 5.18554e-20)
(0.475616 1.3039 2.9322e-19)
(0.540658 1.85775 -4.06798e-20)
(0.80578 3.36924 -2.1899e-19)
(0.87071 3.59401 -1.28738e-19)
(0.824872 3.57121 2.52873e-19)
(0.672031 3.04061 -1.39451e-20)
(0.143794 0.5941 8.6489e-19)
(-0.103619 -0.174204 -1.02771e-18)
(-0.0983183 -0.170067 3.04405e-19)
(-0.0297225 -0.0454953 1.75037e-19)
(0.193349 0.286116 0)
(0.857176 1.26856 0)
(0.968824 1.4599 6.63848e-21)
(0.958133 1.47781 0)
(0.914012 1.45071 7.31875e-19)
(0.862218 1.41953 5.08041e-19)
(0.80386 1.38854 0)
(0.737374 1.35955 8.13412e-20)
(0.660154 1.3355 8.0255e-19)
(0.568126 1.32217 -9.10305e-19)
(0.48585 1.36319 0)
(0.619462 2.1341 -1.36719e-19)
(0.882792 3.47979 -1.02819e-19)
(0.915391 3.59289 -2.53307e-20)
(0.840587 3.45121 4.5329e-19)
(0.526967 2.29327 -8.34548e-21)
(-0.0270024 -0.0113153 -1.61594e-18)
(-0.11696 -0.207542 4.75892e-19)
(-0.0842247 -0.145649 1.2627e-18)
(-0.0203422 -0.0323126 0)
(0.184707 0.287966 -3.31091e-19)
(0.832139 1.29504 1.08435e-18)
(0.943618 1.4931 4.29762e-19)
(0.933993 1.51149 0)
(0.891965 1.48334 -3.87122e-21)
(0.842694 1.45124 -8.31489e-19)
(0.787332 1.41981 5.80552e-19)
(0.724508 1.39102 6.34536e-19)
(0.651872 1.36815 5.25533e-19)
(0.565955 1.35803 -4.45269e-19)
(0.502698 1.4332 -3.48835e-19)
(0.710511 2.43762 3.27207e-19)
(0.951752 3.5354 0)
(0.954477 3.5816 -1.77943e-19)
(0.815247 3.20857 -1.01109e-18)
(0.276586 1.16642 -6.41743e-19)
(-0.158751 -0.140255 -7.68716e-19)
(-0.141019 -0.226255 2.25427e-19)
(-0.080228 -0.139657 -1.32149e-19)
(-0.0180867 -0.0294255 2.13344e-22)
(0.173925 0.288246 0)
(0.80316 1.31994 -5.27346e-19)
(0.915408 1.52613 -4.19489e-19)
(0.90734 1.54565 9.0726e-21)
(0.867803 1.51643 -2.372e-19)
(0.82148 1.48328 -6.36e-19)
(0.769614 1.4513 2.21292e-19)
(0.711097 1.42253 -1.50923e-19)
(0.643889 1.40073 4.28624e-19)
(0.56525 1.39376 -6.10241e-19)
(0.526328 1.51449 3.78902e-20)
(0.805627 2.7273 -7.97102e-20)
(1.01501 3.5582 7.07848e-19)
(0.984748 3.54471 -9.9403e-21)
(0.744069 2.83247 -5.20525e-19)
(0.0559608 0.237511 -9.49551e-19)
(-0.124546 -0.283138 0)
(-0.0808389 -0.279473 0)
(-0.00188751 -0.105362 2.24118e-18)
(0.00780744 0.00302266 -1.42407e-19)
(0.161131 0.285929 -3.12104e-19)
(0.769675 1.34207 -5.05294e-19)
(0.883677 1.55857 4.0015e-19)
(0.877896 1.57981 0)
(0.841274 1.54956 -4.31449e-19)
(0.798368 1.5152 0)
(0.75054 1.48254 -6.89191e-19)
(0.697018 1.45354 -1.61911e-19)
(0.636169 1.43255 1.10894e-19)
(0.566114 1.42869 -4.55077e-19)
(0.556227 1.60441 6.44288e-20)
(0.897858 2.96146 0)
(1.07466 3.56247 -5.04983e-19)
(1.01278 3.4708 1.25664e-20)
(0.624085 2.33315 0)
(-0.0907442 -0.0774933 -5.80852e-21)
(-0.137134 -0.424281 9.06393e-19)
(-0.0498738 -0.330339 -8.25263e-19)
(0.0923733 0.0123864 2.42703e-19)
(0.0633182 0.0940805 0)
(0.146506 0.280138 3.01316e-19)
(0.731193 1.3596 -4.78403e-19)
(0.847813 1.58957 3.83807e-19)
(0.845341 1.61333 5.67351e-19)
(0.812076 1.58219 0)
(0.77311 1.54645 -3.19256e-19)
(0.729896 1.51295 6.532e-19)
(0.682051 1.48343 2.96754e-19)
(0.628571 1.46268 0)
(0.568438 1.46223 -9.83256e-19)
(0.591311 1.69435 6.61881e-19)
(0.982159 3.13345 0)
(1.12974 3.55184 5.3894e-19)
(1.047 3.34853 -2.14349e-20)
(0.469319 1.76481 -9.03759e-19)
(-0.20592 -0.47424 3.70965e-19)
(-0.100381 -0.627394 7.53614e-19)
(0.0590212 -0.317614 1.08987e-18)
(0.220802 0.187683 0)
(0.139513 0.247857 -2.16398e-18)
(0.130107 0.270235 0)
(0.686991 1.37077 -9.0412e-19)
(0.807209 1.61751 -7.20184e-19)
(0.809209 1.64543 -5.49092e-19)
(0.779924 1.61367 -4.1044e-19)
(0.745397 1.57639 0)
(0.707406 1.54175 -2.22692e-19)
(0.665891 1.5115 -7.67143e-21)
(0.620802 1.49006 6.57173e-19)
(0.57183 1.49299 -7.93253e-20)
(0.628334 1.77306 -2.87032e-19)
(1.0541 3.23995 1.7422e-19)
(1.17407 3.53947 -1.00334e-20)
(1.0793 3.17916 3.55732e-19)
(0.48944 1.30868 8.46108e-19)
(-0.177077 -0.827641 -6.06586e-19)
(-0.0593989 -0.726744 7.97874e-19)
(0.12849 -0.0361991 2.37592e-19)
(0.260691 0.571368 -1.56006e-19)
(0.131795 0.301922 -2.56609e-18)
(0.112094 0.255583 1.37603e-18)
(0.63624 1.37297 -8.76887e-19)
(0.761055 1.64094 3.69606e-19)
(0.769021 1.67495 5.21817e-19)
(0.744501 1.64322 0)
(0.714851 1.60428 4.28027e-21)
(0.682635 1.56818 -4.06686e-19)
(0.648126 1.53675 -1.47044e-19)
(0.612286 1.51387 -3.29376e-19)
(0.57601 1.51787 -6.41128e-21)
(0.661254 1.83126 -4.24347e-19)
(1.12151 3.29613 4.07118e-19)
(1.2019 3.54143 -2.72307e-19)
(1.02274 3.04611 2.49857e-19)
(0.327317 0.655496 -2.21733e-19)
(-0.38231 -0.563942 -2.43513e-19)
(-0.360621 -0.402816 -8.24154e-20)
(0.101868 0.34785 -9.6237e-19)
(0.1989 0.555765 -1.39503e-19)
(0.0752908 0.177076 0)
(0.0925848 0.235301 -1.31205e-19)
(0.578333 1.3625 2.06131e-19)
(0.709217 1.65765 3.29022e-19)
(0.724595 1.70078 7.51722e-19)
(0.705531 1.66988 -7.65969e-19)
(0.681059 1.6293 5.67404e-19)
(0.654993 1.59146 4.03354e-19)
(0.628152 1.55793 -4.32798e-19)
(0.60221 1.53315 9.93307e-20)
(0.581348 1.5333 -6.18149e-19)
(0.684575 1.86068 -1.37503e-19)
(1.20205 3.31217 0)
(1.23721 3.58902 3.25966e-19)
(0.870246 3.06826 0)
(-0.15945 0.808736 5.35644e-19)
(-0.994166 -0.0917173 -6.23728e-19)
(-1.2562 -0.591559 -1.74813e-19)
(-0.737401 -0.354038 2.7437e-19)
(0.0711375 0.384957 0)
(0.142584 0.306352 -1.63994e-19)
(0.0728683 0.208788 1.02113e-21)
(0.513912 1.33447 -1.96075e-19)
(0.651324 1.66482 -6.23878e-19)
(0.675682 1.72179 2.48134e-19)
(0.66265 1.69281 -1.79857e-19)
(0.643565 1.6505 0)
(0.623792 1.61073 -1.99048e-19)
(0.60488 1.57413 -2.79018e-19)
(0.589702 1.54555 -2.07164e-19)
(0.585447 1.54031 0)
(0.699331 1.84737 0)
(1.29794 3.27657 -1.8487e-19)
(1.4135 3.65045 4.47718e-19)
(1.11038 3.28803 -6.07562e-19)
(0.278884 1.52371 -2.3356e-18)
(-0.467089 0.442278 1.53314e-18)
(-1.06105 -0.813038 2.38215e-19)
(-1.33063 -1.48389 0)
(-1.01954 -1.52194 -3.1277e-18)
(-0.0830208 -0.00520178 -9.78903e-20)
(0.0533318 0.173536 -9.13859e-19)
(0.443933 1.28307 1.84636e-19)
(0.58735 1.65867 -1.43963e-19)
(0.621939 1.73664 -4.5578e-19)
(0.61572 1.71145 -3.46106e-19)
(0.601763 1.66721 -6.01741e-21)
(0.588124 1.62511 -1.80278e-19)
(0.576862 1.58477 2.65485e-19)
(0.572256 1.54934 -3.87926e-19)
(0.584521 1.53502 0)
(0.706869 1.77116 -1.38013e-19)
(1.39299 3.13209 -2.08682e-19)
(1.71911 3.59643 -4.21004e-19)
(1.72058 3.42334 0)
(1.04677 1.90126 -5.96847e-19)
(0.357476 0.613202 -1.6e-18)
(-0.169153 -0.648414 4.08666e-18)
(-0.565609 -1.49739 -3.60197e-18)
(-0.827471 -2.25689 4.39279e-18)
(-0.447391 -1.33822 -4.11897e-18)
(0.0349381 0.13372 -1.05883e-19)
(0.368399 1.20126 0)
(0.51917 1.63438 9.44585e-19)
(0.562866 1.74345 3.05529e-19)
(0.564564 1.72555 3.10522e-19)
(0.554903 1.6791 0)
(0.546758 1.63421 1.72597e-19)
(0.542183 1.58918 2.48211e-19)
(0.545919 1.54538 1.82586e-19)
(0.573639 1.51129 3.91214e-19)
(0.687186 1.64813 0)
(1.38214 2.76245 -1.4887e-19)
(1.85405 3.36193 -2.66451e-19)
(2.04306 3.19187 -2.13924e-19)
(1.89713 2.46574 1.82063e-18)
(1.28521 1.16581 2.70074e-19)
(0.68268 -0.0848142 9.4002e-19)
(0.151503 -1.11484 -3.6578e-18)
(-0.289524 -1.83719 1.57829e-19)
(-0.382636 -1.60316 -2.59752e-20)
(0.0199263 0.0927534 1.44438e-18)
(0.289108 1.08159 -6.37767e-19)
(0.445526 1.58482 -3.78668e-19)
(0.49988 1.73936 9.68259e-20)
(0.508256 1.73384 -1.51889e-19)
(0.502358 1.68626 4.34648e-19)
(0.498438 1.63861 -7.44072e-21)
(0.498312 1.58766 0)
(0.507336 1.53381 -3.23639e-19)
(0.53785 1.47284 0)
(0.62441 1.50662 0)
(1.1055 2.16075 -8.52381e-20)
(1.71481 3.03638 -3.20853e-20)
(1.87926 2.98529 4.99934e-20)
(1.83763 2.5405 0)
(1.5458 1.74165 0)
(1.04313 0.76341 3.43823e-19)
(0.53379 -0.16492 -3.15691e-20)
(0.0932577 -0.913367 8.10172e-19)
(-0.138377 -0.930319 7.05989e-20)
(0.0091053 0.0540934 0)
(0.205993 0.908411 7.31527e-20)
(0.366694 1.50055 0)
(0.432454 1.72073 -1.78594e-19)
(0.445812 1.7333 0)
(0.443611 1.68942 -2.07054e-19)
(0.442383 1.63907 7.32857e-20)
(0.443637 1.58346 -1.03926e-19)
(0.453358 1.51662 5.01345e-21)
(0.465296 1.44081 5.03607e-20)
(0.531454 1.3882 1.37844e-19)
(0.691021 1.65892 -3.84839e-21)
(1.31875 2.69249 2.49087e-21)
(1.46936 2.86832 1.5308e-19)
(1.43462 2.707 -3.4446e-19)
(1.24332 2.22728 6.79401e-19)
(0.930139 1.59162 1.06669e-19)
(0.573128 0.903169 0)
(0.253382 0.280109 -1.54328e-20)
(0.0167895 -0.056186 0)
(0.00265263 0.0209307 2.9716e-19)
(0.126607 0.687357 -4.91721e-22)
(0.282117 1.3632 2.64288e-20)
(0.360475 1.68063 0)
(0.377579 1.72425 -9.08114e-20)
(0.378107 1.69 -9.49948e-20)
(0.377571 1.63771 -3.3639e-20)
(0.380005 1.57757 -9.21334e-20)
(0.381599 1.50915 0)
(0.386095 1.41811 8.03397e-20)
(0.404366 1.34246 3.91197e-21)
(0.44328 1.4403 1.41487e-20)
(0.802098 2.35051 1.06159e-20)
(1.00034 2.89924 -1.55302e-19)
(0.938544 2.9053 0)
(0.841822 2.73207 -5.32403e-19)
(0.651319 2.32033 -8.95816e-19)
(0.440812 1.82345 -1.04472e-18)
(0.248044 1.32848 1.25691e-18)
(0.0604232 0.575996 -1.50136e-18)
(0.00058569 -0.00715783 1.52785e-19)
(0.0653141 0.439969 1.50883e-20)
(0.186379 1.1397 1.09602e-19)
(0.276626 1.59841 0)
(0.301769 1.70748 0)
(0.305639 1.69048 -6.44916e-20)
(0.306471 1.63521 -3.01422e-20)
(0.30778 1.57489 0)
(0.306702 1.50675 8.32769e-34)
(0.301851 1.41978 1.76596e-20)
(0.282116 1.3394 0)
(0.284417 1.37802 9.6306e-21)
(0.344541 1.92155 3.71922e-21)
(0.576107 2.86903 -8.33969e-21)
(0.539971 3.07007 1.43111e-20)
(0.47183 3.06265 1.24769e-20)
(0.365694 2.84994 0)
(0.239599 2.48581 -1.2061e-20)
(0.125911 2.07277 -1.48641e-20)
(0.0252214 0.909369 -2.34287e-19)
(0.00801573 -0.0332902 0)
(0.0364977 0.24191 0)
(0.0992667 0.882991 0)
(0.17967 1.47471 0)
(0.213843 1.67685 0)
(0.225554 1.682 0)
(0.233168 1.62947 0)
(0.24036 1.57199 0)
(0.242365 1.50846 0)
(0.233921 1.43638 0)
(0.20011 1.35702 0)
(0.177423 1.38818 0)
(0.152311 1.734 0)
(0.328064 2.79004 0)
(0.325969 3.15401 0)
(0.276753 3.22625 0)
(0.213416 3.11976 0)
(0.12619 2.82323 0)
(0.0443837 2.43424 0)
(-0.00680108 1.00876 0)
(0.00641898 -0.0941371 0)
(0.0134433 0.168395 0)
(0.0293517 0.746781 0)
(0.0780858 1.36116 0)
(0.118567 1.62822 0)
(0.144354 1.6568 0)
(0.164364 1.61546 0)
(0.18024 1.56364 0)
(0.187826 1.51036 0)
(0.182102 1.45308 0)
(0.147595 1.38633 0)
(0.112708 1.41986 0)
(0.0759835 1.67638 0)
(0.186427 2.70829 0)
(0.192294 3.19818 0)
(0.15559 3.33193 0)
(0.112547 3.28152 0)
(0.0518918 3.02835 0)
(0.000643959 2.63199 0)
(-0.00719204 0.98332 0)
(-0.00253151 -0.0945544 0)
(-0.0191295 0.187287 0)
(-0.0317085 0.713495 0)
(-0.0102084 1.27351 0)
(0.0326843 1.55752 0)
(0.071663 1.6116 0)
(0.104824 1.58521 0)
(0.129556 1.5458 0)
(0.145644 1.50658 0)
(0.143597 1.46762 0)
(0.111811 1.42004 0)
(0.076223 1.44871 0)
(0.0466559 1.67019 0)
(0.102888 2.6356 0)
(0.104567 3.22003 0)
(0.0776316 3.40439 0)
(0.0445888 3.38736 0)
(0.00370859 3.16359 0)
(-0.0284377 2.72277 0)
(-0.00952177 0.870284 0)
(-0.00999769 -0.0263157 0)
(-0.0409002 0.270926 0)
(-0.067495 0.732195 0)
(-0.0586845 1.204 0)
(-0.0200559 1.47268 0)
(0.0246275 1.54664 0)
(0.0652041 1.53931 0)
(0.0966571 1.51924 0)
(0.11602 1.49886 0)
(0.117956 1.47963 0)
(0.0948058 1.45189 0)
(0.0529418 1.47255 0)
(0.046213 1.68239 0)
(0.0566396 2.60695 0)
(0.043348 3.24898 0)
(0.0198263 3.46305 0)
(-0.00621977 3.46107 0)
(-0.0324355 3.24706 0)
(-0.0423394 2.70687 0)
(-0.0063099 0.749874 0)
(-0.0108787 0.0674415 0)
(-0.0410321 0.373731 0)
(-0.0699522 0.772306 0)
(-0.0696543 1.15306 0)
(-0.0369324 1.39278 0)
(0.00584642 1.47895 0)
(0.0475974 1.49228 0)
(0.0842273 1.48893 0)
(0.106158 1.48638 0)
(0.110836 1.48509 0)
(0.0831569 1.48355 0)
(0.0380527 1.48743 0)
(0.0430418 1.68684 0)
(0.0165719 2.62509 0)
(-0.0102523 3.28714 0)
(-0.0333065 3.51336 0)
(-0.0506666 3.51055 0)
(-0.0628875 3.28552 0)
(-0.0512469 2.6158 0)
(-0.00447372 0.638228 0)
(-0.00823147 0.147567 0)
(-0.0309032 0.464329 0)
(-0.0552896 0.821137 0)
(-0.0609634 1.12269 0)
(-0.0361881 1.32393 0)
(0.00429481 1.41332 0)
(0.0468615 1.44332 0)
(0.0853931 1.45629 0)
(0.114021 1.46935 0)
(0.113284 1.49638 0)
(0.0742894 1.52568 0)
(0.0192085 1.51731 0)
(0.00380892 1.69575 0)
(-0.0365988 2.68205 0)
(-0.0653523 3.3208 0)
(-0.0796003 3.54185 0)
(-0.0847461 3.52858 0)
(-0.0820524 3.27206 0)
(-0.0514179 2.45479 0)
(-0.00355958 0.540014 0)
(-0.00545899 0.203375 0)
(-0.0203137 0.530209 0)
(-0.0375518 0.865923 0)
(-0.0444391 1.10912 0)
(-0.0259606 1.26494 0)
(0.0135709 1.34602 0)
(0.0612644 1.38511 0)
(0.106072 1.41581 0)
(0.141247 1.45715 0)
(0.143461 1.51426 0)
(0.0982332 1.57784 0)
(0.0171531 1.57513 0)
(-0.0587264 1.72512 0)
(-0.0909105 2.74316 0)
(-0.11272 3.33998 0)
(-0.113277 3.54536 0)
(-0.103464 3.51486 0)
(-0.0859523 3.21107 0)
(-0.0439231 2.26758 0)
(-0.00262071 0.459987 0)
(-0.003015 0.236809 0)
(-0.0107558 0.570645 0)
(-0.0196587 0.894201 0)
(-0.0206159 1.09835 0)
(-0.00144878 1.21087 0)
(0.0400261 1.27396 0)
(0.0964441 1.31504 0)
(0.158332 1.35964 0)
(0.206839 1.43487 0)
(0.234366 1.52711 0)
(0.18398 1.64495 0)
(0.0655855 1.6814 0)
(-0.0842425 1.79699 0)
(-0.11449 2.78599 0)
(-0.125292 3.34166 0)
(-0.121703 3.52563 0)
(-0.106759 3.47117 0)
(-0.0826761 3.11673 0)
(-0.0384804 2.08669 0)
(-0.00130156 0.398882 0)
(-0.000636701 0.249354 0)
(-0.00198469 0.586919 0)
(-0.00258163 0.898879 0)
(0.00647482 1.07241 0)
(0.0335389 1.15007 0)
(0.0815276 1.19262 0)
(0.148382 1.22992 0)
(0.229752 1.28273 0)
(0.308983 1.37574 0)
(0.364969 1.5246 0)
(0.328544 1.72713 0)
(0.170168 1.84533 0)
(-0.0436454 1.93978 0)
(-0.100126 2.81936 0)
(-0.118774 3.34542 0)
(-0.119835 3.50281 0)
(-0.105295 3.42599 0)
(-0.0793998 3.02015 0)
(-0.0373486 1.91716 0)
(-0.000209294 0.349403 0)
(0.00162974 0.243513 0)
(0.00544882 0.582739 0)
(0.0113817 0.880077 0)
(0.0297126 1.0237 0)
(0.0661028 1.07368 0)
(0.122074 1.09853 0)
(0.199084 1.12708 0)
(0.300191 1.17663 0)
(0.419618 1.2777 0)
(0.51419 1.4964 0)
(0.479718 1.82984 0)
(0.280583 2.05749 0)
(0.0310358 2.15459 0)
(-0.0846933 2.85286 0)
(-0.113761 3.36944 0)
(-0.127452 3.49829 0)
(-0.118177 3.38189 0)
(-0.0958615 2.91405 0)
(-0.0389732 1.71027 0)
(0.00100388 0.320781 0)
(0.00358975 0.22234 0)
(0.0104474 0.564709 0)
(0.0201858 0.844505 0)
(0.0440903 0.957225 0)
(0.0857888 0.984172 0)
(0.146295 0.993572 0)
(0.231314 1.00615 0)
(0.35235 1.03679 0)
(0.504211 1.14594 0)
(0.632795 1.45533 0)
(0.577725 1.96418 0)
(0.354055 2.29905 0)
(0.0829838 2.41781 0)
(-0.086072 2.92055 0)
(-0.137111 3.42904 0)
(-0.161921 3.51184 0)
(-0.165476 3.3509 0)
(-0.131875 2.76104 0)
(-0.0300308 1.43149 0)
(0.00160286 0.310298 0)
(0.00478517 0.192907 0)
(0.0118842 0.541878 0)
(0.021876 0.801974 0)
(0.0460381 0.884605 0)
(0.0862121 0.892192 0)
(0.144061 0.885098 0)
(0.230031 0.872589 0)
(0.358849 0.874238 0)
(0.522979 0.990504 0)
(0.648088 1.43576 0)
(0.595343 2.10721 0)
(0.349229 2.56029 0)
(0.0713964 2.7019 0)
(-0.124468 3.04747 0)
(-0.203288 3.52326 0)
(-0.251517 3.55797 0)
(-0.247896 3.30431 0)
(-0.172774 2.46648 0)
(-0.0253477 1.16408 0)
(0.0017967 0.30626 0)
(0.00477126 0.164172 0)
(0.0090587 0.524812 0)
(0.0151352 0.764925 0)
(0.0332266 0.821296 0)
(0.0634586 0.8133 0)
(0.108307 0.787927 0)
(0.17884 0.746013 0)
(0.286345 0.719482 0)
(0.418742 0.849663 0)
(0.500837 1.41558 0)
(0.446898 2.26939 0)
(0.220795 2.82351 0)
(-0.0202658 2.97068 0)
(-0.217979 3.24433 0)
(-0.321156 3.63885 0)
(-0.374995 3.60835 0)
(-0.349021 3.16515 0)
(-0.144654 1.87082 0)
(-0.0372109 0.939377 0)
(-0.000861832 0.289813 0)
(0.00331203 0.146152 0)
(0.00225093 0.523758 0)
(0.000309265 0.747105 0)
(0.00587695 0.784044 0)
(0.0181155 0.764819 0)
(0.0381223 0.723893 0)
(0.0728398 0.659687 0)
(0.124852 0.617645 0)
(0.179729 0.774457 0)
(0.184011 1.42616 0)
(0.124057 2.39419 0)
(-0.0255192 3.03254 0)
(-0.188384 3.18734 0)
(-0.347977 3.46963 0)
(-0.461149 3.76145 0)
(-0.501719 3.62318 0)
(-0.359961 2.71163 0)
(-0.14094 1.43434 0)
(-0.054598 0.703463 0)
(-0.00602078 0.212881 0)
(0.000775295 0.147172 0)
(-0.00756001 0.54757 0)
(-0.0199035 0.760155 0)
(-0.0311034 0.786159 0)
(-0.0420602 0.761787 0)
(-0.0543967 0.713963 0)
(-0.0685522 0.642302 0)
(-0.0904378 0.599147 0)
(-0.133343 0.783567 0)
(-0.208851 1.47503 0)
(-0.279825 2.47222 0)
(-0.340663 3.14115 0)
(-0.384287 3.3043 0)
(-0.507787 3.70559 0)
(-0.560167 3.83354 0)
(-0.519175 3.46185 0)
(-0.235129 2.08425 0)
(-0.10874 1.14372 0)
(-0.0476199 0.49408 0)
(-0.0075111 0.0904828 0)
(-0.00223532 0.170506 0)
(-0.0173098 0.597874 0)
(-0.0403729 0.809486 0)
(-0.0687825 0.832963 0)
(-0.103254 0.810089 0)
(-0.148604 0.7662 0)
(-0.211625 0.702614 0)
(-0.303709 0.668214 0)
(-0.429738 0.860064 0)
(-0.548399 1.56055 0)
(-0.605722 2.51068 0)
(-0.566404 3.11065 0)
(-0.518009 3.3452 0)
(-0.606784 3.77705 0)
(-0.562538 3.78513 0)
(-0.385709 2.97157 0)
(-0.116723 1.65331 0)
(-0.045174 0.96584 0)
(-0.0219529 0.380342 0)
(-0.00505038 -0.00944523 0)
(-0.00477074 0.213084 0)
(-0.0246476 0.67082 0)
(-0.0561183 0.892698 0)
(-0.0984738 0.920466 0)
(-0.151926 0.904337 0)
(-0.223126 0.873108 0)
(-0.322942 0.829574 0)
(-0.466264 0.812248 0)
(-0.64898 0.985203 0)
(-0.778174 1.63331 0)
(-0.772163 2.48646 0)
(-0.674425 3.01301 0)
(-0.661748 3.41618 0)
(-0.648525 3.70491 0)
(-0.501136 3.51329 0)
(-0.152915 2.34437 0)
(-0.00697478 1.41888 0)
(0.0127041 0.912834 0)
(0.00282801 0.370462 0)
(-0.00141853 -0.0502469 0)
(-0.00621809 0.267628 0)
(-0.0280004 0.757263 0)
(-0.063949 0.999815 0)
(-0.114578 1.03721 0)
(-0.17933 1.03042 0)
(-0.264811 1.01594 0)
(-0.383044 0.998414 0)
(-0.550999 1.00531 0)
(-0.767872 1.14706 0)
(-0.918838 1.68564 0)
(-0.907362 2.416 0)
(-0.822827 2.95486 0)
(-0.779711 3.40088 0)
(-0.617487 3.48687 0)
(-0.288312 2.93638 0)
(0.0117498 1.9121 0)
(0.0656797 1.34633 0)
(0.0462495 0.958295 0)
(0.0178544 0.433226 0)
(0.00126997 -0.0389468 0)
(-0.00645262 0.325147 0)
(-0.0273101 0.846107 0)
(-0.0632673 1.11704 0)
(-0.115932 1.16814 0)
(-0.183754 1.17058 0)
(-0.271615 1.17198 0)
(-0.389974 1.1794 0)
(-0.554306 1.21458 0)
(-0.773696 1.34112 0)
(-0.966825 1.74286 0)
(-0.971874 2.37599 0)
(-0.905418 2.88612 0)
(-0.754319 3.19731 0)
(-0.398487 2.99674 0)
(-0.0448937 2.37407 0)
(0.104665 1.72667 0)
(0.0980307 1.37905 0)
(0.0573634 1.05769 0)
(0.0230476 0.527186 0)
(0.00240873 0.00066233 0)
(-0.00575835 0.377944 0)
(-0.023693 0.927827 0)
(-0.0559097 1.23088 0)
(-0.105332 1.29867 0)
(-0.169478 1.30857 0)
(-0.250543 1.32141 0)
(-0.355661 1.34669 0)
(-0.494726 1.40426 0)
(-0.675861 1.53646 0)
(-0.868532 1.83619 0)
(-0.911602 2.34835 0)
(-0.767578 2.73076 0)
(-0.459683 2.78629 0)
(-0.121775 2.50414 0)
(0.0948123 2.05369 0)
(0.132751 1.70756 0)
(0.0980972 1.47899 0)
(0.052968 1.17123 0)
(0.0215784 0.622951 0)
(0.00255403 0.0485539 0)
(-0.00458873 0.421396 0)
(-0.0186662 0.995896 0)
(-0.0450411 1.33123 0)
(-0.0877502 1.41761 0)
(-0.143944 1.43295 0)
(-0.21311 1.45151 0)
(-0.298798 1.48509 0)
(-0.40436 1.55088 0)
(-0.52716 1.6804 0)
(-0.636608 1.9247 0)
(-0.616307 2.26419 0)
(-0.42623 2.48428 0)
(-0.162315 2.43422 0)
(0.0424102 2.20297 0)
(0.129383 1.94561 0)
(0.121243 1.75097 0)
(0.076609 1.59065 0)
(0.0400119 1.26852 0)
(0.0164999 0.701445 0)
(0.00204949 0.0909238 0)
(-0.00334491 0.454129 0)
(-0.013614 1.04821 0)
(-0.0336668 1.41286 0)
(-0.0681753 1.5185 0)
(-0.114598 1.53804 0)
(-0.170474 1.5575 0)
(-0.236602 1.59144 0)
(-0.312055 1.65302 0)
(-0.387818 1.76362 0)
(-0.432019 1.94766 0)
(-0.372933 2.16101 0)
(-0.203127 2.27411 0)
(-0.0252957 2.21314 0)
(0.0775581 2.06913 0)
(0.102952 1.93186 0)
(0.0816937 1.82449 0)
(0.0495207 1.67834 0)
(0.0257985 1.33636 0)
(0.0108102 0.756066 0)
(0.00137155 0.121748 0)
(-0.00227329 0.477099 0)
(-0.00933665 1.08604 0)
(-0.0237339 1.47496 0)
(-0.0501513 1.59942 0)
(-0.0868044 1.62285 0)
(-0.130299 1.64031 0)
(-0.179787 1.67004 0)
(-0.232532 1.7213 0)
(-0.278496 1.80716 0)
(-0.290818 1.93826 0)
(-0.230508 2.06792 0)
(-0.110816 2.12477 0)
(-0.00329692 2.08866 0)
(0.0504193 2.01317 0)
(0.0595769 1.94272 0)
(0.0457451 1.87459 0)
(0.0276884 1.73149 0)
(0.0148827 1.37629 0)
(0.00637788 0.78948 0)
(0.000816329 0.141154 0)
(-0.00146134 0.49235 0)
(-0.00610298 1.1122 0)
(-0.0160281 1.52012 0)
(-0.035492 1.66203 0)
(-0.0633542 1.68913 0)
(-0.0963367 1.70353 0)
(-0.132789 1.72737 0)
(-0.169674 1.76712 0)
(-0.198527 1.83011 0)
(-0.199704 1.92051 0)
(-0.153289 2.00094 0)
(-0.0788216 2.03155 0)
(-0.0158006 2.01689 0)
(0.0166985 1.98208 0)
(0.0249641 1.9471 0)
(0.0209493 1.89868 0)
(0.0136764 1.75734 0)
(0.00792675 1.3969 0)
(0.00351729 0.808216 0)
(0.000452357 0.152318 0)
(-0.000896128 0.50207 0)
(-0.00382869 1.12989 0)
(-0.0104863 1.55238 0)
(-0.0244339 1.70942 0)
(-0.0449808 1.73986 0)
(-0.0694654 1.75131 0)
(-0.0960335 1.76935 0)
(-0.122037 1.79882 0)
(-0.141195 1.84358 0)
(-0.140337 1.90483 0)
(-0.10897 1.9568 0)
(-0.0647039 1.97548 0)
(-0.0273081 1.9724 0)
(-0.00528902 1.95845 0)
(0.00433108 1.9417 0)
(0.00670367 1.9043 0)
(0.00574587 1.76642 0)
(0.00387506 1.4061 0)
(0.00180506 0.817944 0)
(0.000231736 0.158318 0)
(-0.000110188 0.174287 0)
(-0.0011391 0.841016 0)
(-0.0039299 1.39572 0)
(-0.0106389 1.69012 0)
(-0.0228647 1.77055 0)
(-0.0390487 1.78445 0)
(-0.0572636 1.79444 0)
(-0.0760358 1.811 0)
(-0.0924791 1.8366 0)
(-0.10072 1.87247 0)
(-0.0915363 1.91277 0)
(-0.0675035 1.93564 0)
(-0.0430903 1.94198 0)
(-0.0240039 1.93961 0)
(-0.0113754 1.93375 0)
(-0.00379515 1.9196 0)
(-5.69654e-05 1.85228 0)
(0.00102653 1.61792 0)
(0.000838272 1.13478 0)
(7.50191e-05 0.161244 0)
(0.138226 2.77718 -1.91427e-21)
(0.131104 3.57961 0)
(0.135544 3.60188 -1.14445e-19)
(0.136013 3.53943 -3.03276e-20)
(0.128953 3.48953 7.12384e-20)
(0.118036 3.46037 3.02039e-19)
(0.108163 3.4368 -4.17247e-19)
(0.0950729 3.39561 -2.24942e-19)
(0.062486 2.95338 -2.40018e-19)
(0.0147908 0.714239 1.00587e-21)
(0.0720478 2.43591 8.30872e-20)
(0.0701388 3.45764 2.06328e-20)
(0.0807428 3.54477 0)
(0.0845108 3.49953 1.74565e-19)
(0.0831097 3.46144 -1.47375e-19)
(0.0785546 3.44005 2.00916e-19)
(0.0733087 3.4259 -7.00206e-21)
(0.0663709 3.40566 -2.5633e-19)
(0.0505728 3.03177 -2.80347e-19)
(-0.00518224 0.813539 -6.57373e-21)
(0.0481541 2.30946 6.36571e-21)
(0.0398957 3.39816 6.01781e-22)
(0.0452637 3.50284 -1.2013e-19)
(0.0503128 3.46736 4.94335e-21)
(0.0520529 3.43759 5.57785e-22)
(0.0519815 3.42256 0)
(0.0522187 3.4149 -2.60401e-19)
(0.0527838 3.40518 -2.75986e-19)
(0.0441405 3.07404 2.97641e-19)
(-0.00915092 0.862676 3.04845e-19)
(0.030013 2.25278 5.25505e-20)
(0.0188735 3.36448 -1.76202e-19)
(0.0210047 3.47027 -1.4746e-19)
(0.0271227 3.4404 6.37666e-21)
(0.0315165 3.41618 -1.18858e-19)
(0.0351635 3.40526 -1.24313e-19)
(0.0397332 3.40135 -1.43536e-19)
(0.0446487 3.39804 4.77288e-21)
(0.0404071 3.10814 1.50991e-19)
(-0.0112466 0.908423 5.83041e-21)
(0.018247 2.24064 -6.78607e-20)
(0.00227468 3.34604 1.30315e-20)
(0.0044515 3.44259 2.11358e-19)
(0.0116785 3.41602 1.22206e-19)
(0.0183921 3.39541 0)
(0.0248781 3.38684 8.88583e-21)
(0.0323419 3.38514 1.714e-21)
(0.0400886 3.38678 -1.66534e-19)
(0.0396976 3.13623 -5.33439e-21)
(-0.0124267 0.95461 1.76411e-19)
(0.0100773 2.2643 1.1304e-19)
(-0.0113089 3.33661 3.49312e-21)
(-0.00671721 3.41759 -1.30216e-19)
(0.00140914 3.39235 -1.36244e-19)
(0.00987712 3.37389 1.37325e-19)
(0.0186049 3.36657 -1.47729e-19)
(0.0283001 3.36625 0)
(0.0384176 3.37179 -3.63159e-19)
(0.0419686 3.15972 1.89727e-19)
(-0.0125643 1.00814 -3.92055e-19)
(0.00188131 2.31225 2.02633e-21)
(-0.0216823 3.33086 0)
(-0.0155191 3.39328 -1.43189e-19)
(-0.0060069 3.36782 0)
(0.00405562 3.35044 -1.77155e-19)
(0.0148229 3.34365 0)
(0.0266599 3.34413 -2.26223e-20)
(0.0392016 3.35273 -1.96165e-19)
(0.0469322 3.17899 -3.25561e-21)
(-0.0112943 1.07607 2.1168e-19)
(-0.00723815 2.38118 1.14923e-21)
(-0.0311369 3.32507 -1.70584e-19)
(-0.0234974 3.36724 1.74978e-19)
(-0.0122581 3.34071 0)
(-0.000347825 3.32369 0)
(0.012612 3.31698 0)
(0.0267821 3.31791 -2.22641e-19)
(0.0420578 3.32891 6.90766e-23)
(0.0542014 3.19288 -2.30539e-19)
(-0.00814203 1.163 2.47903e-19)
(-0.0195134 2.46886 2.71246e-21)
(-0.0414969 3.31527 1.31357e-20)
(-0.0318303 3.33664 1.82542e-19)
(-0.0182059 3.30904 0)
(-0.00390313 3.2921 0)
(0.0115603 3.28544 1.44523e-20)
(0.0282977 3.28676 2.28722e-19)
(0.0465844 3.29967 2.61208e-19)
(0.0630513 3.20072 2.43001e-19)
(-0.00229882 1.27777 0)
(-0.0363221 2.57377 3.97591e-19)
(-0.0530841 3.29715 -1.47241e-22)
(-0.040676 3.29914 1.09453e-19)
(-0.0239914 3.27135 2.16391e-19)
(-0.00669182 3.25484 2.18744e-22)
(0.0115684 3.24855 -2.39858e-19)
(0.030886 3.25038 2.84889e-19)
(0.051947 3.26463 4.16057e-19)
(0.0716913 3.20062 -4.61364e-21)
(0.00637435 1.4267 1.48206e-19)
(-0.057089 2.69203 -1.18508e-19)
(-0.0645164 3.2675 1.2033e-19)
(-0.0484743 3.2539 2.75149e-19)
(-0.028798 3.22795 1.72394e-20)
(-0.00859748 3.21277 0)
(0.0120359 3.2072 -1.45351e-19)
(0.0335995 3.20938 -1.60551e-19)
(0.0567038 3.22404 -1.00181e-20)
(0.0787514 3.19098 0)
(0.0174092 1.6129 -3.44472e-19)
(-0.0776751 2.81476 -4.20516e-21)
(-0.0729745 3.22642 -8.77627e-21)
(-0.0529305 3.20355 -1.44381e-19)
(-0.0311027 3.18073 -1.80034e-19)
(-0.00950301 3.16746 1.86911e-19)
(0.0120071 3.16286 3.57782e-19)
(0.0346459 3.16539 -1.79718e-19)
(0.0587923 3.17953 -1.12423e-20)
(0.0826163 3.17183 -5.83434e-21)
(0.0297172 1.83552 -3.87083e-19)
(-0.0912725 2.92832 3.5396e-23)
(-0.0751556 3.17819 -1.56219e-19)
(-0.053175 3.15087 1.63774e-19)
(-0.0314157 3.13041 0)
(-0.00966641 3.11855 -4.53783e-20)
(0.0121505 3.11522 2.34516e-20)
(0.0345015 3.11915 -9.98716e-20)
(0.057335 3.13362 -2.09255e-19)
(0.0812611 3.14464 -1.3044e-20)
(0.040142 2.09267 0)
(-0.0942412 3.01701 5.35769e-21)
(-0.0734079 3.12437 -1.1292e-20)
(-0.0530316 3.09458 9.73635e-20)
(-0.0317808 3.07652 9.5139e-20)
(-0.0094601 3.06705 7.79577e-20)
(0.0129565 3.06529 0)
(0.0352218 3.06985 0)
(0.0563932 3.08466 1.28162e-19)
(0.0780413 3.10953 1.1728e-19)
(0.0469721 2.37988 0)
(-0.0977778 3.04863 3.32458e-20)
(-0.0710108 3.05672 9.9004e-20)
(-0.0469537 3.03645 0)
(-0.0258777 3.02738 2.66707e-20)
(-0.00716913 3.02318 4.32929e-24)
(0.0101653 3.02271 2.80458e-20)
(0.028797 3.02473 -5.74902e-20)
(0.0498465 3.03296 6.23433e-20)
(0.0801994 3.05609 1.5831e-20)
(0.0507475 2.6663 6.92888e-20)
(-0.053519 2.99797 -2.89631e-22)
(-0.0251624 3.00025 -2.44097e-20)
(-0.0134776 3.00085 0)
(-0.00727793 3.00083 2.38869e-20)
(-0.00249891 3.00131 -2.34379e-20)
(0.00232331 3.00078 2.47515e-20)
(0.00692462 2.99986 0)
(0.0138863 2.99945 2.71349e-20)
(0.0297392 2.99959 -2.90193e-20)
(0.0276278 2.90802 0)
(0.533116 -0.0342551 0)
(1.05541 -0.0888862 0)
(1.04643 -0.0725953 0)
(1.02117 -0.0477984 0)
(1.00961 -0.0301222 0)
(1.00453 -0.0182688 0)
(1.00231 -0.0110247 0)
(1.00127 -0.00655631 0)
(1.00077 -0.00356639 0)
(1.00053 -0.00132272 0)
(1.00049 0.000646911 0)
(1.00062 0.00271037 0)
(1.00096 0.00521479 0)
(1.00168 0.00878384 0)
(1.0032 0.0143787 0)
(1.00654 0.0236556 0)
(1.01432 0.0383784 0)
(1.03121 0.059117 0)
(1.06138 0.0845599 0)
(0.939263 0.0856084 0)
(0.263611 -0.00534434 0)
(1.00617 -0.0568956 0)
(1.10343 -0.0580599 0)
(1.0686 -0.0479578 0)
(1.03962 -0.0388135 0)
(1.02183 -0.0293144 0)
(1.01197 -0.020414 0)
(1.00683 -0.0131118 0)
(1.00421 -0.00742211 0)
(1.00297 -0.00280107 0)
(1.00272 0.00143409 0)
(1.00341 0.00578395 0)
(1.00522 0.0107601 0)
(1.00889 0.0171295 0)
(1.01604 0.0251963 0)
(1.02947 0.0345034 0)
(1.05249 0.0437855 0)
(1.08834 0.053541 0)
(1.0922 0.0590269 0)
(0.723554 0.0309663 0)
(0.192107 -0.000794845 0)
(0.883941 -0.0300238 0)
(1.10313 -0.0460366 0)
(1.08897 -0.0415751 0)
(1.05857 -0.0345144 0)
(1.03788 -0.0282648 0)
(1.02383 -0.0220697 0)
(1.0149 -0.0157056 0)
(1.0097 -0.00953292 0)
(1.00709 -0.00367713 0)
(1.00654 0.00206044 0)
(1.008 0.00781844 0)
(1.01172 0.0136722 0)
(1.01858 0.0198471 0)
(1.02987 0.0260071 0)
(1.04701 0.0320075 0)
(1.07194 0.0384358 0)
(1.10349 0.0453107 0)
(1.04816 0.042454 0)
(0.563622 0.010129 0)
(0.163985 -0.000564145 0)
(0.784885 -0.0173859 0)
(1.08446 -0.0367626 0)
(1.09912 -0.0368692 0)
(1.06878 -0.0318096 0)
(1.04752 -0.0264486 0)
(1.03293 -0.0210576 0)
(1.02274 -0.0156051 0)
(1.01601 -0.00986744 0)
(1.01224 -0.00382224 0)
(1.01138 0.00248224 0)
(1.01354 0.00863784 0)
(1.01859 0.0143471 0)
(1.02688 0.0197207 0)
(1.03903 0.0248988 0)
(1.05655 0.0301155 0)
(1.08244 0.0351691 0)
(1.10487 0.0386156 0)
(0.986495 0.0302042 0)
(0.479842 0.00531846 0)
(0.146637 -0.000411978 0)
(0.71073 -0.0114818 0)
(1.05683 -0.0295991 0)
(1.10402 -0.0321348 0)
(1.07726 -0.0286462 0)
(1.05491 -0.0244597 0)
(1.03974 -0.0197672 0)
(1.0292 -0.0147235 0)
(1.02193 -0.00937246 0)
(1.01756 -0.00351539 0)
(1.01649 0.0028146 0)
(1.01897 0.00887741 0)
(1.02453 0.0142048 0)
(1.03318 0.019111 0)
(1.0457 0.0237195 0)
(1.06403 0.0278968 0)
(1.09119 0.031718 0)
(1.09962 0.0330622 0)
(0.925851 0.0223646 0)
(0.427445 0.00359368 0)
(0.134446 -0.000307571 0)
(0.654984 -0.00825117 0)
(1.02537 -0.0240387 0)
(1.10579 -0.0282581 0)
(1.08473 -0.0255961 0)
(1.06162 -0.022023 0)
(1.0458 -0.0180681 0)
(1.0348 -0.0135546 0)
(1.02727 -0.00849648 0)
(1.02267 -0.00290452 0)
(1.02146 0.0030999 0)
(1.02398 0.00884364 0)
(1.02963 0.0138446 0)
(1.03854 0.0182817 0)
(1.05157 0.0221374 0)
(1.07064 0.0255269 0)
(1.09746 0.0287274 0)
(1.0886 0.0286675 0)
(0.871412 0.0171337 0)
(0.390153 0.00265924 0)
(0.125421 -0.000232056 0)
(0.612487 -0.0061284 0)
(0.993459 -0.019385 0)
(1.10486 -0.0247341 0)
(1.09113 -0.0229077 0)
(1.06757 -0.019698 0)
(1.05135 -0.0161461 0)
(1.03997 -0.0120907 0)
(1.03205 -0.00745433 0)
(1.0272 -0.00221035 0)
(1.02583 0.00346991 0)
(1.02833 0.00883056 0)
(1.03414 0.01337 0)
(1.04334 0.0172408 0)
(1.05669 0.0205493 0)
(1.0762 0.0234785 0)
(1.10096 0.0260434 0)
(1.07349 0.024743 0)
(0.824544 0.0133437 0)
(0.362074 0.00203785 0)
(0.11866 -0.000175557 0)
(0.579844 -0.00458775 0)
(0.963429 -0.015479 0)
(1.10181 -0.021341 0)
(1.09667 -0.0200947 0)
(1.07291 -0.0170698 0)
(1.0564 -0.0138335 0)
(1.04482 -0.0102385 0)
(1.03669 -0.00612136 0)
(1.03162 -0.00134633 0)
(1.03008 0.00392603 0)
(1.03248 0.00879295 0)
(1.03831 0.0127297 0)
(1.04757 0.0159837 0)
(1.06109 0.0187836 0)
(1.08097 0.0213329 0)
(1.10257 0.0234007 0)
(1.05617 0.0212129 0)
(0.785059 0.0105129 0)
(0.340394 0.00159037 0)
(0.113644 -0.000127813 0)
(0.554995 -0.00335582 0)
(0.936522 -0.0120401 0)
(1.09712 -0.017976 0)
(1.10134 -0.0172907 0)
(1.07786 -0.0145877 0)
(1.06096 -0.0116686 0)
(1.04926 -0.00838904 0)
(1.04101 -0.00462145 0)
(1.03572 -0.000278398 0)
(1.03397 0.00444787 0)
(1.03627 0.00876657 0)
(1.04201 0.0121928 0)
(1.05122 0.0149733 0)
(1.06485 0.0172819 0)
(1.08513 0.0193787 0)
(1.10298 0.0208671 0)
(1.03793 0.0179198 0)
(0.752265 0.00824217 0)
(0.32354 0.00123951 0)
(0.110045 -9.05521e-05 0)
(0.536575 -0.00234905 0)
(0.913525 -0.00900871 0)
(1.09119 -0.0145962 0)
(1.10484 -0.0144783 0)
(1.08219 -0.0122159 0)
(1.06494 -0.00954921 0)
(1.05309 -0.00649405 0)
(1.04479 -0.00301737 0)
(1.03944 0.000939949 0)
(1.03748 0.0051348 0)
(1.03948 0.00890908 0)
(1.04492 0.011839 0)
(1.05401 0.0141844 0)
(1.0678 0.016099 0)
(1.08834 0.0176797 0)
(1.10182 0.018434 0)
(1.0197 0.0148904 0)
(0.72547 0.00642316 0)
(0.31044 0.000972107 0)
(0.107668 -5.33055e-05 0)
(0.523835 -0.00140864 0)
(0.895048 -0.0061047 0)
(1.08481 -0.0109238 0)
(1.10719 -0.0111417 0)
(1.08602 -0.00919506 0)
(1.06863 -0.00676585 0)
(1.05654 -0.00413363 0)
(1.04792 -0.0011527 0)
(1.04226 0.00230517 0)
(1.04003 0.00604318 0)
(1.04179 0.00921267 0)
(1.04718 0.0114931 0)
(1.05626 0.0131308 0)
(1.07006 0.0144462 0)
(1.09047 0.0155408 0)
(1.09911 0.0156623 0)
(1.0025 0.0118747 0)
(0.704188 0.00478158 0)
(0.3005 0.000730961 0)
(0.106524 -7.50763e-06 0)
(0.51637 -0.000562612 0)
(0.881351 -0.00345455 0)
(1.07886 -0.00735085 0)
(1.10911 -0.0077772 0)
(1.08947 -0.00621663 0)
(1.07198 -0.00417911 0)
(1.05991 -0.00189746 0)
(1.05137 0.00080974 0)
(1.04564 0.00394371 0)
(1.04309 0.00716639 0)
(1.04435 0.00980883 0)
(1.04919 0.0115631 0)
(1.05789 0.0126823 0)
(1.07159 0.0132663 0)
(1.0917 0.0136558 0)
(1.09538 0.0131409 0)
(0.986957 0.00920739 0)
(0.687957 0.00341725 0)
(0.293391 0.000520547 0)
(0.106469 2.36132e-05 0)
(0.513168 3.82679e-05 0)
(0.872045 -0.00135679 0)
(1.07335 -0.0042899 0)
(1.11021 -0.00500292 0)
(1.09209 -0.00380149 0)
(1.07457 -0.00195659 0)
(1.06244 0.000187214 0)
(1.05377 0.00278037 0)
(1.04774 0.00576729 0)
(1.04475 0.00869888 0)
(1.0456 0.0109342 0)
(1.05005 0.012255 0)
(1.05841 0.0128768 0)
(1.07178 0.0129957 0)
(1.09127 0.0126867 0)
(1.09015 0.011348 0)
(0.97286 0.0072448 0)
(0.675679 0.0025819 0)
(0.288271 0.000395496 0)
(0.107208 5.40093e-05 0)
(0.513014 0.000427415 0)
(0.866736 5.93209e-05 0)
(1.06873 -0.00175495 0)
(1.11077 -0.00243699 0)
(1.09448 -0.00139691 0)
(1.0774 0.000444926 0)
(1.06551 0.00260996 0)
(1.05684 0.00518564 0)
(1.05049 0.00800735 0)
(1.04697 0.0106534 0)
(1.04715 0.0123917 0)
(1.05094 0.0132067 0)
(1.05852 0.0133134 0)
(1.07137 0.0129003 0)
(1.08964 0.0121013 0)
(1.08378 0.010226 0)
(0.960377 0.00625204 0)
(0.66581 0.00235206 0)
(0.283985 0.000375238 0)
(0.108443 7.07493e-05 0)
(0.514621 0.000705922 0)
(0.864643 0.000937043 0)
(1.06597 0.000216374 0)
(1.11146 0.000120489 0)
(1.09689 0.00138414 0)
(1.08022 0.00338738 0)
(1.06833 0.00559182 0)
(1.05943 0.00806543 0)
(1.0527 0.0107165 0)
(1.04848 0.0130674 0)
(1.04786 0.0143192 0)
(1.05094 0.0145482 0)
(1.05797 0.0140834 0)
(1.07025 0.0132379 0)
(1.08716 0.0120094 0)
(1.07708 0.00991802 0)
(0.949241 0.00622157 0)
(0.656579 0.00254016 0)
(0.279523 0.000425542 0)
(0.110076 8.80214e-05 0)
(0.517537 0.000966259 0)
(0.864661 0.00163374 0)
(1.0654 0.00163894 0)
(1.11329 0.00226248 0)
(1.09988 0.00417258 0)
(1.08332 0.00649151 0)
(1.07124 0.00883719 0)
(1.06203 0.011412 0)
(1.05481 0.0140172 0)
(1.04976 0.0160821 0)
(1.04817 0.0168569 0)
(1.05046 0.0165338 0)
(1.05686 0.0155979 0)
(1.0685 0.0144155 0)
(1.08415 0.0128502 0)
(1.07052 0.01064 0)
(0.938378 0.00687846 0)
(0.646704 0.00290116 0)
(0.274387 0.000507608 0)
(0.112151 0.000108318 0)
(0.521823 0.00132075 0)
(0.866111 0.00254026 0)
(1.06609 0.0028006 0)
(1.11618 0.0037203 0)
(1.10372 0.00602183 0)
(1.08696 0.0087692 0)
(1.07456 0.0116201 0)
(1.06494 0.0147509 0)
(1.05698 0.0178113 0)
(1.05089 0.020032 0)
(1.04817 0.0206946 0)
(1.04943 0.0200958 0)
(1.05523 0.0185553 0)
(1.06644 0.0169468 0)
(1.08078 0.0151403 0)
(1.06315 0.0124275 0)
(0.926106 0.00783381 0)
(0.635596 0.00329876 0)
(0.268404 0.000605116 0)
(0.114822 0.00013625 0)
(0.528002 0.0018029 0)
(0.869129 0.00383328 0)
(1.0669 0.00438242 0)
(1.11907 0.00513199 0)
(1.10808 0.00738912 0)
(1.09143 0.01049 0)
(1.07874 0.0140936 0)
(1.06857 0.0181831 0)
(1.05959 0.022203 0)
(1.0522 0.0251749 0)
(1.04814 0.0262429 0)
(1.04821 0.0257067 0)
(1.05293 0.0241175 0)
(1.06343 0.0217152 0)
(1.07605 0.018932 0)
(1.05296 0.0145883 0)
(0.911536 0.00869615 0)
(0.6233 0.00370537 0)
(0.261532 0.000707821 0)
(0.118353 0.000176621 0)
(0.536873 0.0024395 0)
(0.874605 0.00552696 0)
(1.06781 0.00689914 0)
(1.1212 0.00752301 0)
(1.11257 0.00957405 0)
(1.09677 0.0129515 0)
(1.08417 0.0174181 0)
(1.07334 0.022597 0)
(1.06313 0.0277174 0)
(1.05411 0.0315513 0)
(1.04835 0.0330415 0)
(1.04701 0.0324859 0)
(1.05017 0.0305084 0)
(1.05899 0.0274372 0)
(1.06777 0.0229789 0)
(1.03869 0.0164571 0)
(0.895048 0.00950283 0)
(0.609886 0.00421248 0)
(0.253626 0.000830299 0)
(0.123077 0.000237096 0)
(0.549288 0.00327226 0)
(0.88402 0.00776088 0)
(1.07043 0.0106514 0)
(1.12278 0.0119375 0)
(1.11717 0.0140038 0)
(1.10312 0.0178502 0)
(1.09079 0.0231684 0)
(1.0791 0.0292082 0)
(1.06737 0.0350497 0)
(1.05627 0.0391813 0)
(1.04853 0.0403868 0)
(1.04534 0.0392404 0)
(1.04649 0.0363795 0)
(1.05232 0.0320463 0)
(1.05602 0.0256625 0)
(1.02146 0.0178138 0)
(0.877528 0.0104875 0)
(0.595074 0.00487927 0)
(0.244433 0.000970973 0)
(0.129445 0.000317072 0)
(0.566225 0.00431445 0)
(0.898575 0.0104433 0)
(1.07688 0.0154312 0)
(1.1256 0.0186086 0)
(1.12268 0.0215502 0)
(1.11062 0.0261654 0)
(1.09829 0.0322327 0)
(1.08543 0.0388082 0)
(1.07175 0.044747 0)
(1.0581 0.0483186 0)
(1.04796 0.0483915 0)
(1.04248 0.0458675 0)
(1.04114 0.0414953 0)
(1.04319 0.0354836 0)
(1.04174 0.0277917 0)
(1.00322 0.0194129 0)
(0.859143 0.0119907 0)
(0.578088 0.00578364 0)
(0.233513 0.00115205 0)
(0.138029 0.000424487 0)
(0.588892 0.00565416 0)
(0.919288 0.0137297 0)
(1.08865 0.0213768 0)
(1.13225 0.0272467 0)
(1.13037 0.0321098 0)
(1.11935 0.037882 0)
(1.1065 0.0447425 0)
(1.09191 0.0516269 0)
(1.07565 0.057103 0)
(1.05891 0.0593401 0)
(1.04592 0.0574915 0)
(1.03776 0.0529779 0)
(1.03357 0.0466998 0)
(1.03202 0.0391135 0)
(1.02631 0.0305676 0)
(0.984699 0.0219618 0)
(0.838955 0.0141455 0)
(0.557776 0.00696014 0)
(0.22025 0.00138505 0)
(0.149862 0.000590195 0)
(0.619507 0.00749117 0)
(0.947662 0.0181166 0)
(1.10703 0.0291194 0)
(1.14389 0.0378825 0)
(1.14124 0.0453157 0)
(1.12981 0.0528378 0)
(1.1154 0.0607018 0)
(1.09822 0.0677511 0)
(1.0786 0.0723688 0)
(1.0582 0.0727273 0)
(1.04191 0.0684488 0)
(1.03087 0.0615898 0)
(1.02377 0.0533257 0)
(1.01919 0.0442754 0)
(1.01014 0.0348985 0)
(0.965244 0.0257808 0)
(0.815517 0.0170152 0)
(0.532853 0.00836732 0)
(0.204215 0.00163351 0)
(0.166817 0.00086647 0)
(0.661869 0.0101267 0)
(0.986013 0.0244357 0)
(1.13283 0.0397543 0)
(1.16146 0.0519119 0)
(1.15602 0.0622037 0)
(1.14233 0.0717557 0)
(1.1249 0.080641 0)
(1.10404 0.0875873 0)
(1.08024 0.0909201 0)
(1.05563 0.0889456 0)
(1.03567 0.0819334 0)
(1.02164 0.0725547 0)
(1.01185 0.0622749 0)
(1.00471 0.0517177 0)
(0.992712 0.0412335 0)
(0.943506 0.0309913 0)
(0.787143 0.0205861 0)
(0.502029 0.0100181 0)
(0.184817 0.00191827 0)
(0.19284 0.00135758 0)
(0.722704 0.0143094 0)
(1.03802 0.0347133 0)
(1.16747 0.0560234 0)
(1.18546 0.0719977 0)
(1.17479 0.0850484 0)
(1.15672 0.0963413 0)
(1.13464 0.1057 0)
(1.10893 0.111852 0)
(1.08018 0.113212 0)
(1.05093 0.108339 0)
(1.02708 0.0982685 0)
(1.01003 0.086267 0)
(0.997732 0.0739108 0)
(0.988281 0.0617045 0)
(0.973222 0.0497342 0)
(0.917943 0.0376702 0)
(0.751892 0.024868 0)
(0.463463 0.0117805 0)
(0.16127 0.00218847 0)
(0.240981 0.00317071 0)
(0.817501 0.0244199 -8.10919e-35)
(1.11283 0.0556085 -2.79771e-35)
(1.21174 0.0836098 0)
(1.2154 0.102995 0)
(1.19642 0.117259 0)
(1.17186 0.128857 0)
(1.14364 0.137233 0)
(1.11213 0.141301 0)
(1.07794 0.139636 0)
(1.04384 0.131092 0)
(1.01605 0.117551 0)
(0.99604 0.10281 2.44806e-34)
(0.98138 0.0883099 0)
(0.969701 0.0743451 0)
(0.950949 0.0605842 0)
(0.886363 0.0461383 0)
(0.706689 0.0300161 0)
(0.414259 0.0135165 0)
(0.131964 0.00229715 0)
(0.279803 0.0115923 -1.50419e-21)
(0.909516 0.0560995 -5.034e-21)
(1.18365 0.0960916 -9.36054e-22)
(1.25461 0.125956 -1.10743e-21)
(1.24502 0.145573 0)
(1.21737 0.159287 -4.9287e-23)
(1.18566 0.169976 2.4126e-22)
(1.1507 0.17682 -2.10551e-22)
(1.11279 0.178679 0)
(1.07242 0.174142 -3.00129e-21)
(1.03238 0.162167 1.61197e-22)
(0.999418 0.145398 0)
(0.975254 0.128135 -2.71472e-20)
(0.957068 0.111632 -4.06849e-21)
(0.941987 0.0959467 -2.04767e-20)
(0.917457 0.0799184 6.27829e-21)
(0.839365 0.0618004 0)
(0.646817 0.041316 3.70917e-20)
(0.361375 0.0199739 -4.40385e-20)
(0.107771 0.00474177 1.63594e-21)
(0.286393 0.0297008 -1.09489e-19)
(0.959326 0.105071 0)
(1.2329 0.152323 2.59564e-20)
(1.28879 0.181363 0)
(1.26985 0.198315 1.46634e-20)
(1.23481 0.209399 5.64205e-21)
(1.19629 0.217664 4.54468e-23)
(1.15475 0.222042 9.49356e-21)
(1.1104 0.221237 -1.0219e-20)
(1.06371 0.213743 -2.78043e-20)
(1.01755 0.198653 3.34185e-20)
(0.979144 0.179198 0)
(0.950624 0.160034 0)
(0.928723 0.142174 1.91908e-20)
(0.910196 0.125647 4.60041e-20)
(0.882384 0.108936 1.44248e-20)
(0.801715 0.0884422 1.58738e-20)
(0.616005 0.062322 1.62088e-19)
(0.346893 0.0318409 -5.90773e-21)
(0.107207 0.00969054 -4.5946e-19)
(0.279775 0.0444999 0)
(0.980841 0.156477 -1.71823e-21)
(1.26282 0.217107 3.45703e-20)
(1.31238 0.244695 0)
(1.28768 0.257784 0)
(1.24707 0.265168 -9.04801e-21)
(1.20287 0.269893 5.85696e-21)
(1.15559 0.270837 -1.36683e-20)
(1.10547 0.266653 2.30014e-20)
(1.05295 0.255775 1.32728e-20)
(1.00117 0.23741 -2.01631e-21)
(0.957951 0.215419 -5.29419e-20)
(0.925627 0.194629 -1.00645e-19)
(0.900616 0.175851 -2.21309e-20)
(0.879565 0.158866 -2.60228e-20)
(0.850708 0.141673 1.29958e-19)
(0.774379 0.118934 1.7407e-19)
(0.602678 0.08714 0)
(0.352414 0.0490722 3.78515e-22)
(0.117874 0.0167814 2.44352e-20)
(0.271079 0.0580236 -2.36148e-20)
(0.985518 0.208123 3.97569e-20)
(1.27871 0.283141 1.75138e-19)
(1.3263 0.310684 6.34726e-20)
(1.29814 0.320089 -5.25392e-20)
(1.25357 0.323686 1.63521e-21)
(1.20503 0.324561 -4.3009e-21)
(1.15308 0.321745 0)
(1.09808 0.313843 2.36827e-20)
(1.04051 0.299316 -2.7858e-20)
(0.983792 0.277549 3.86777e-20)
(0.936473 0.253027 -2.61793e-21)
(0.901079 0.230676 7.634e-20)
(0.873702 0.211018 4.81326e-20)
(0.850869 0.193703 1.48656e-19)
(0.822004 0.176334 3.56968e-20)
(0.751762 0.152623 -1.53605e-19)
(0.596286 0.116548 2.57412e-20)
(0.364352 0.0698563 4.89687e-19)
(0.131084 0.0256608 1.83056e-20)
(0.262608 0.0699938 -2.66241e-19)
(0.980404 0.257414 1.48774e-19)
(1.28491 0.348177 0)
(1.33271 0.376677 -9.27373e-20)
(1.30235 0.38284 1.04284e-20)
(1.25488 0.382794 -3.40711e-20)
(1.20301 0.379913 -4.60987e-21)
(1.14734 0.373355 -3.43526e-21)
(1.0883 0.361719 8.77005e-21)
(1.02647 0.343464 0)
(0.965583 0.318216 1.80885e-19)
(0.914918 0.291051 6.62917e-20)
(0.877132 0.267085 -8.56486e-20)
(0.848021 0.246507 0)
(0.824022 0.228852 0)
(0.795671 0.211552 4.02545e-20)
(0.731496 0.187213 1.94664e-19)
(0.590501 0.147438 0)
(0.373744 0.0922835 5.46864e-19)
(0.141446 0.0352602 -1.70579e-22)
(0.255228 0.0809542 2.79388e-19)
(0.970224 0.303573 -5.13048e-20)
(1.2844 0.410944 3.42839e-19)
(1.33332 0.441101 1.85883e-19)
(1.30159 0.444633 6.8838e-20)
(1.25198 0.441199 0)
(1.19748 0.434797 0)
(1.1388 0.424662 7.66083e-22)
(1.07639 0.409399 -1.52929e-20)
(1.01094 0.387467 3.04625e-20)
(0.946536 0.358677 9.8278e-20)
(0.893131 0.328731 -6.852e-20)
(0.853548 0.302948 -9.40416e-20)
(0.823269 0.281267 -5.83516e-20)
(0.798698 0.263067 1.40871e-19)
(0.771262 0.245598 1.77206e-19)
(0.712453 0.22047 -4.7846e-19)
(0.582628 0.177111 0)
(0.376464 0.113358 -5.62881e-19)
(0.145856 0.0439436 -7.07854e-19)
(0.249457 0.0912766 -4.14489e-20)
(0.957999 0.346679 -2.03595e-19)
(1.27931 0.470835 -1.02528e-19)
(1.32966 0.50326 -7.12692e-20)
(1.29705 0.504602 -9.121e-20)
(1.24578 0.498126 -9.34011e-20)
(1.18917 0.488485 0)
(1.12799 0.475001 3.09727e-21)
(1.06273 0.456287 4.24558e-20)
(0.994126 0.430786 -4.31224e-20)
(0.926631 0.398443 -1.06031e-19)
(0.870939 0.365542 8.01121e-20)
(0.829986 0.337669 1.98305e-19)
(0.798952 0.314578 0)
(0.774226 0.295401 0)
(0.747843 0.277325 -1.44354e-19)
(0.693396 0.251087 0)
(0.571484 0.203752 0)
(0.372336 0.131543 4.11932e-20)
(0.145251 0.0509957 7.4577e-19)
(0.245152 0.1013 0)
(0.94542 0.387106 0)
(1.27117 0.527651 -2.39226e-19)
(1.32289 0.562731 -1.53633e-19)
(1.28967 0.562256 2.14148e-19)
(1.23709 0.553094 -4.87546e-20)
(1.17876 0.540528 -5.31957e-20)
(1.11548 0.523956 -7.90964e-21)
(1.04773 0.50202 2.24784e-20)
(0.976323 0.473095 0)
(0.906018 0.437207 0)
(0.848224 0.40119 1.58622e-19)
(0.806205 0.37095 -1.08822e-19)
(0.774769 0.346096 0)
(0.750101 0.325615 8.83088e-20)
(0.724648 0.306463 -1.053e-19)
(0.673475 0.278777 1.29811e-19)
(0.556988 0.226983 -6.04666e-19)
(0.362727 0.146572 4.48712e-20)
(0.140912 0.0563592 4.81271e-22)
(0.241888 0.110905 5.26147e-19)
(0.933225 0.425108 0)
(1.26081 0.581658 1.34718e-19)
(1.31395 0.619332 1.76809e-19)
(1.28019 0.617331 2.42086e-19)
(1.22654 0.605806 6.92672e-20)
(1.16679 0.590623 -2.79853e-20)
(1.10174 0.571263 1.68484e-20)
(1.0318 0.546359 3.75781e-20)
(0.957824 0.514214 3.39366e-20)
(0.884904 0.474851 2.44228e-19)
(0.825185 0.435576 8.7565e-22)
(0.782149 0.402679 -3.90415e-21)
(0.750394 0.375693 1.53554e-19)
(0.725854 0.353583 1.86997e-19)
(0.701258 0.333053 0)
(0.652485 0.303383 -7.19937e-20)
(0.539562 0.246676 -6.59022e-19)
(0.349179 0.158154 -4.88137e-20)
(0.133792 0.0598529 0)
(0.239733 0.120469 0)
(0.922085 0.461249 9.68083e-20)
(1.24925 0.632802 -1.48354e-19)
(1.30352 0.672874 1.1436e-19)
(1.2692 0.669737 -2.78348e-19)
(1.21468 0.656101 8.45232e-20)
(1.15376 0.638596 3.15018e-20)
(1.08716 0.616744 2.08835e-20)
(1.01527 0.589161 -3.7031e-20)
(0.938928 0.554039 1.01266e-19)
(0.863486 0.511316 0)
(0.801802 0.468701 0)
(0.757649 0.432922 -1.28607e-19)
(0.725539 0.403483 -1.67132e-19)
(0.701158 0.379364 3.08361e-19)
(0.677277 0.357088 6.21014e-19)
(0.630091 0.324975 2.98716e-19)
(0.519315 0.263078 -9.01572e-20)
(0.332659 0.166379 5.31958e-20)
(0.125019 0.0615555 0)
(0.238301 0.129862 1.32814e-19)
(0.911922 0.49558 1.14616e-19)
(1.23708 0.680884 -3.39592e-19)
(1.29203 0.723499 -1.18321e-19)
(1.25719 0.719419 -1.61521e-19)
(1.20196 0.703909 -9.39337e-20)
(1.14005 0.684357 5.66197e-20)
(1.07211 0.660305 3.78238e-20)
(0.998449 0.630332 1.25803e-20)
(0.919852 0.592509 -1.74438e-20)
(0.841832 0.546603 -3.13015e-20)
(0.778018 0.500624 -3.1726e-19)
(0.73271 0.46176 4.20222e-19)
(0.70015 0.429641 1.7097e-19)
(0.675858 0.403219 0)
(0.652482 0.378847 -2.68304e-19)
(0.606163 0.343755 0)
(0.496459 0.276063 -3.91723e-19)
(0.313579 0.171556 4.62205e-19)
(0.114846 0.0615911 -4.72007e-19)
(0.237414 0.139158 -1.48768e-19)
(0.902739 0.5283 -2.43268e-19)
(1.22483 0.726107 -1.84932e-19)
(1.27988 0.771295 7.83731e-21)
(1.24454 0.766384 1.83248e-19)
(1.18873 0.749228 0)
(1.12598 0.727875 6.61704e-20)
(1.05685 0.701893 -1.30856e-20)
(0.981571 0.669824 -1.0138e-20)
(0.900777 0.629601 0)
(0.82012 0.580763 -2.53286e-19)
(0.754022 0.531473 3.94555e-19)
(0.707307 0.489385 -3.02036e-19)
(0.67417 0.454312 0)
(0.649834 0.425296 -2.42121e-19)
(0.626753 0.398465 1.4678e-19)
(0.580677 0.359808 8.87193e-20)
(0.471111 0.285709 3.17345e-19)
(0.291896 0.173735 1.00629e-18)
(0.103725 0.0600855 0)
(0.236791 0.148159 1.69231e-19)
(0.894536 0.559619 0)
(1.21274 0.768492 -4.35987e-19)
(1.26736 0.816353 -1.45601e-19)
(1.23156 0.810692 1.08244e-19)
(1.17526 0.792077 -1.05615e-20)
(1.1118 0.769156 3.84105e-20)
(1.04164 0.741499 -9.6491e-20)
(0.964849 0.707632 5.1673e-21)
(0.881942 0.665338 0)
(0.798595 0.613874 0)
(0.72992 0.561398 6.444e-21)
(0.681453 0.515991 2.43753e-19)
(0.647508 0.477718 0)
(0.622997 0.445783 -2.63376e-19)
(0.600001 0.416085 1.61319e-19)
(0.553613 0.373195 9.75429e-20)
(0.443522 0.292058 4.63184e-19)
(0.268061 0.172786 4.79377e-19)
(0.0916054 0.0570588 0)
(0.236607 0.157066 -3.73283e-19)
(0.887107 0.589515 -1.55013e-19)
(1.20081 0.808406 4.7248e-19)
(1.25472 0.858751 1.63149e-19)
(1.21848 0.852422 4.60037e-19)
(1.16178 0.832519 -2.82332e-19)
(1.09772 0.808231 1.09204e-19)
(1.02665 0.779141 0)
(0.948495 0.743756 0)
(0.863554 0.699735 -1.83324e-19)
(0.777406 0.646003 3.2409e-19)
(0.705828 0.590561 6.76659e-20)
(0.65525 0.541815 -4.43282e-19)
(0.620166 0.500081 0)
(0.595277 0.464855 5.70333e-19)
(0.572141 0.431796 -1.78701e-19)
(0.52491 0.383869 -6.32927e-19)
(0.413977 0.295006 0)
(0.242583 0.168719 -5.96258e-19)
(0.07856 0.052438 0)
(0.236605 0.165802 4.14673e-19)
(0.880298 0.618141 -3.45595e-19)
(1.18921 0.846032 -2.67661e-19)
(1.24214 0.898599 3.99237e-19)
(1.20546 0.891656 -1.41956e-20)
(1.14845 0.870616 0)
(1.0839 0.845147 0)
(1.01205 0.814845 3.14448e-19)
(0.932655 0.778217 4.2985e-21)
(0.84575 0.732804 -1.56351e-20)
(0.756721 0.677202 -3.42111e-19)
(0.681938 0.619117 -2.73706e-19)
(0.628771 0.567086 9.8144e-20)
(0.592135 0.521666 3.66651e-19)
(0.566577 0.482687 -1.57069e-19)
(0.543053 0.44563 3.80296e-19)
(0.494534 0.391739 0)
(0.382509 0.294333 -8.23157e-19)
(0.215909 0.161564 8.1195e-19)
(0.0653025 0.0465624 0)
(0.236528 0.174279 6.86903e-19)
(0.873837 0.645634 3.82784e-19)
(1.17803 0.881539 9.97444e-21)
(1.22974 0.936022 8.44392e-19)
(1.19265 0.928498 -1.48471e-19)
(1.1354 0.906454 -3.6176e-19)
(1.07047 0.879961 2.50669e-19)
(0.997952 0.848643 -3.4973e-19)
(0.917434 0.811021 -2.48109e-20)
(0.828657 0.764557 -2.08689e-20)
(0.736718 0.707523 3.82479e-20)
(0.658427 0.647197 2.90421e-19)
(0.602166 0.592058 4.06971e-19)
(0.563399 0.542802 1.4083e-21)
(0.536733 0.499492 -1.65519e-19)
(0.512537 0.457491 2.06193e-19)
(0.462443 0.396464 2.3576e-21)
(0.349209 0.289686 1.50186e-19)
(0.18826 0.151248 1.75456e-19)
(0.0520972 0.0396089 -4.13905e-19)
(0.236463 0.182418 5.06173e-19)
(0.867724 0.671626 -4.23167e-19)
(1.16718 0.914951 0)
(1.21761 0.971119 -8.91027e-21)
(1.18012 0.963052 1.52785e-19)
(1.12271 0.940111 -2.96549e-19)
(1.05749 0.912744 3.07521e-19)
(0.984424 0.880587 -2.46229e-19)
(0.90291 0.8422 -8.72527e-20)
(0.812385 0.794999 -1.37563e-20)
(0.717543 0.736988 5.12733e-20)
(0.63548 0.674899 -3.06685e-19)
(0.575599 0.616972 1.04318e-19)
(0.534012 0.563885 0)
(0.5055 0.515595 1.79358e-19)
(0.480116 0.467196 3.61109e-21)
(0.428476 0.397314 -2.74187e-19)
(0.314635 0.280415 3.24286e-19)
(0.160722 0.13788 0)
(0.0396146 0.0320121 0)
(0.236333 0.190108 2.78516e-19)
(0.862028 0.696323 0)
(1.15665 0.946324 -5.43584e-19)
(1.20581 1.00402 -5.126e-19)
(1.16796 0.995435 -2.59863e-19)
(1.11044 0.971693 1.23532e-19)
(1.04503 0.943565 -3.26794e-19)
(0.971529 0.910731 -6.49638e-20)
(0.889148 0.871784 0)
(0.796994 0.824136 -5.14629e-21)
(0.699312 0.765602 -1.96437e-20)
(0.613287 0.702292 3.22323e-19)
(0.549291 0.642018 4.62404e-19)
(0.504102 0.585377 0)
(0.472608 0.531553 -2.01203e-19)
(0.44493 0.474651 0)
(0.391984 0.393019 0)
(0.279788 0.265009 -1.62388e-21)
(0.135821 0.121307 2.08191e-19)
(0.0293835 0.0245151 1.21405e-19)
(0.236083 0.197575 0)
(0.856555 0.719811 -2.60747e-19)
(1.14657 0.97586 5.87107e-19)
(1.1944 1.03485 -5.65452e-19)
(1.15619 1.02574 9.60467e-21)
(1.09864 1.00129 6.02958e-20)
(1.03311 0.972502 3.09756e-19)
(0.959279 0.939125 -2.50868e-19)
(0.876166 0.899808 0)
(0.782539 0.851983 -2.66587e-19)
(0.682116 0.793348 -3.0536e-20)
(0.592025 0.729403 3.36634e-19)
(0.523488 0.667328 -4.30917e-19)
(0.473962 0.607741 1.70663e-19)
(0.437911 0.548217 6.35926e-19)
(0.405639 0.48036 4.98144e-21)
(0.350931 0.382095 -6.5088e-19)
(0.244968 0.239368 5.76419e-19)
(0.119472 0.0967 2.24147e-19)
(0.0295035 0.0147949 1.30798e-19)
(0.235765 0.204512 6.66996e-19)
(0.85107 0.741694 -8.40492e-19)
(1.13684 1.00359 -6.42799e-19)
(1.18339 1.06373 -6.31833e-19)
(1.14484 1.0541 -4.39409e-19)
(1.08732 1.029 7.6033e-20)
(1.02175 0.999643 0)
(0.947689 0.965842 -6.70516e-19)
(0.863964 0.926308 -1.93085e-20)
(0.769014 0.878535 -1.29164e-19)
(0.666012 0.820189 -4.66032e-20)
(0.571861 0.75625 -3.08568e-19)
(0.498441 0.692948 5.17153e-19)
(0.444063 0.631336 2.67114e-19)
(0.401705 0.566659 -1.17375e-19)
(0.360891 0.485934 0)
(0.300981 0.365108 0)
(0.203551 0.197309 -6.11154e-22)
(0.115346 0.0379189 0)
(0.0792773 -0.0150942 0)
(0.235389 0.211168 -3.69429e-19)
(0.845961 0.762616 -6.01049e-19)
(1.12741 1.02989 -2.27094e-19)
(1.17268 1.09112 -6.81193e-19)
(1.13372 1.08106 -4.66267e-19)
(1.0762 1.05552 -6.22509e-19)
(1.01061 1.02579 4.25127e-20)
(0.936341 0.991834 1.4778e-20)
(0.85201 0.952397 9.21131e-20)
(0.755755 0.905087 9.66284e-21)
(0.650133 0.847623 8.07302e-21)
(0.551693 0.78458 -3.24278e-19)
(0.472689 0.720787 4.91555e-19)
(0.412915 0.658219 3.3906e-19)
(0.362355 0.589752 -2.17647e-19)
(0.306673 0.495299 -2.85655e-19)
(0.231724 0.347584 0)
(0.121053 0.155968 0)
(0.0153766 0.225866 0)
(-0.0204822 1.08048 1.35882e-19)
(0.234825 0.217324 0)
(0.840874 0.782378 -8.19476e-19)
(1.11822 1.05477 2.5791e-19)
(1.16228 1.11709 1.89235e-19)
(1.12285 1.1067 5.13209e-19)
(1.06532 1.08091 -9.91104e-21)
(0.999732 1.05097 -3.64543e-19)
(0.925302 1.01712 -4.36271e-19)
(0.840407 0.978058 1.40365e-20)
(0.742927 0.931621 1.01116e-19)
(0.634711 0.875606 2.96113e-19)
(0.531894 0.814392 0)
(0.446612 0.751142 5.72802e-20)
(0.380861 0.688308 4.26194e-19)
(0.321763 0.618553 -2.16216e-19)
(0.247068 0.514534 -2.86477e-19)
(0.1372 0.357545 2.55472e-21)
(0.0424128 0.664627 -2.06471e-19)
(0.087771 2.28126 -1.22285e-20)
(0.0986326 3.05721 -1.17754e-19)
(0.234333 0.222287 4.01562e-19)
(0.835305 0.800639 0)
(1.10922 1.07834 6.75402e-19)
(1.15219 1.14177 7.85122e-19)
(1.11229 1.13112 -5.46143e-19)
(1.05476 1.10526 1.03553e-20)
(0.989222 1.07519 5.07626e-19)
(0.914575 1.04164 0)
(0.829217 1.00321 1.7942e-19)
(0.730624 0.958001 -1.3647e-21)
(0.61995 0.903994 -1.38339e-20)
(0.512846 0.845458 -1.0614e-20)
(0.420974 0.784413 -9.40566e-19)
(0.348459 0.720881 0)
(0.284369 0.651035 4.37908e-19)
(0.185037 0.551698 0)
(0.0754234 0.924172 0)
(0.141837 2.62793 1.89502e-19)
(0.151176 3.24159 4.17279e-19)
(0.143096 3.40995 -3.34149e-19)
(0.244844 0.238966 -2.10875e-19)
(0.829874 0.824089 8.76878e-19)
(1.0988 1.10464 -4.50395e-19)
(1.14217 1.16513 -6.97695e-21)
(1.10188 1.15429 -7.71628e-20)
(1.04432 1.12842 1.03123e-19)
(0.979262 1.09857 0)
(0.904114 1.06543 5.25852e-19)
(0.818374 1.02783 6.27259e-21)
(0.718775 0.984131 1.82304e-20)
(0.605883 0.932719 -2.44904e-19)
(0.494789 0.877644 2.4467e-19)
(0.396677 0.821208 -5.25444e-20)
(0.31418 0.754081 -7.69651e-20)
(0.247297 0.717196 5.80568e-19)
(0.163542 1.07313 2.34258e-19)
(0.157466 2.5875 1.57795e-20)
(0.204416 3.30008 -3.06905e-19)
(0.192474 3.43484 -1.69365e-19)
(0.165988 3.46072 4.19793e-19)
(0.587646 0.597687 4.21789e-19)
(1.00652 1.02991 -3.5822e-20)
(1.12661 1.17167 1.18854e-19)
(1.1188 1.18747 7.44288e-20)
(1.06585 1.16417 -7.3356e-19)
(1.0041 1.13669 0)
(0.93369 1.10481 -4.98104e-20)
(0.85337 1.07042 4.29498e-19)
(0.76058 1.03158 0)
(0.650888 0.98611 9.55045e-21)
(0.534428 0.935812 -3.49066e-19)
(0.426488 0.88551 0)
(0.325455 0.829859 0)
(0.256406 0.783178 0)
(0.186466 1.25409 0)
(0.238881 2.93265 0)
(0.259004 3.36125 -2.20206e-19)
(0.234832 3.45209 0)
(0.206452 3.47962 4.76328e-20)
(0.173435 3.49424 3.6836e-20)
(0.536965 0.542951 -5.07367e-19)
(0.834765 0.85504 -7.56516e-19)
(1.09295 1.13516 0)
(1.12765 1.19563 7.93216e-19)
(1.08919 1.186 -7.20435e-19)
(1.03192 1.16061 1.11228e-19)
(0.965936 1.13159 -5.92335e-19)
(0.891038 1.09915 -3.31849e-20)
(0.805071 1.06305 0)
(0.704595 1.02208 -1.16366e-19)
(0.589341 0.975192 1.67897e-19)
(0.473447 0.925788 3.38073e-20)
(0.367684 0.87776 0)
(0.270899 0.823832 3.55096e-19)
(0.200963 1.12386 0)
(0.245711 2.69599 0)
(0.290125 3.38079 -1.43565e-19)
(0.273094 3.47784 1.86247e-19)
(0.235471 3.49569 1.55914e-19)
(0.190432 3.51724 0)
(0.548288 0.561167 1.66068e-21)
(0.828588 0.866916 -7.80861e-19)
(1.08314 1.1524 6.07713e-19)
(1.11704 1.21539 6.69861e-21)
(1.07821 1.20616 8.09028e-20)
(1.02107 1.18102 -1.09809e-19)
(0.955601 1.15257 0)
(0.880739 1.12102 -5.89776e-19)
(0.794718 1.08609 -6.08474e-21)
(0.693807 1.04715 1.91874e-20)
(0.577044 1.00354 1.49135e-19)
(0.458109 0.958506 -1.94599e-19)
(0.347648 0.915428 4.11524e-20)
(0.259431 0.928951 6.08409e-20)
(0.264236 1.78645 -4.47736e-19)
(0.352992 3.23549 -1.48217e-19)
(0.355821 3.48009 1.03348e-20)
(0.310343 3.52734 4.39882e-21)
(0.270676 3.55834 -4.64169e-20)
(0.208156 3.58104 -1.8196e-20)
(0.551114 0.580851 -4.71874e-19)
(0.822253 0.882385 0)
(1.07365 1.17238 -7.36662e-19)
(1.10699 1.23751 -8.70503e-19)
(1.06799 1.22874 6.17412e-19)
(1.01088 1.20353 -1.00822e-20)
(0.945482 1.17515 -5.95922e-19)
(0.870633 1.14404 0)
(0.784682 1.11012 -2.79432e-19)
(0.683551 1.07312 1.81857e-19)
(0.566048 1.03315 1.12598e-21)
(0.445729 0.993693 -1.94608e-20)
(0.334726 0.960519 5.98594e-19)
(0.282521 1.15442 0)
(0.360311 2.61148 -1.90728e-19)
(0.439118 3.44414 0)
(0.399548 3.54458 0)
(0.351444 3.57584 4.56861e-20)
(0.303727 3.6106 2.134e-19)
(0.227944 3.66709 0)
(0.550885 0.600151 2.25602e-19)
(0.814006 0.898971 5.58494e-19)
(1.06325 1.19425 -2.92249e-19)
(1.09632 1.26113 -2.175e-19)
(1.05725 1.25261 -5.98383e-19)
(1.00034 1.22728 9.64893e-21)
(0.935171 1.19894 4.65809e-19)
(0.860703 1.16825 6.29843e-19)
(0.775127 1.13534 -3.63144e-20)
(0.674217 1.10036 5.03504e-19)
(0.556557 1.06415 -3.8443e-20)
(0.435777 1.03042 0)
(0.330752 1.01981 -2.74113e-20)
(0.335364 1.54864 -1.8493e-19)
(0.458774 3.18399 6.84327e-20)
(0.504772 3.53211 -5.06709e-20)
(0.447231 3.59125 6.04391e-20)
(0.40749 3.63795 -1.28659e-19)
(0.345905 3.69911 3.56801e-20)
(0.26294 3.69961 -1.3926e-19)
(0.547103 0.61767 4.43583e-19)
(0.803994 0.916617 7.22547e-19)
(1.05133 1.21732 2.72967e-19)
(1.08431 1.28574 8.20279e-19)
(1.04531 1.27713 5.97454e-19)
(0.988765 1.25157 8.10766e-19)
(0.924106 1.22322 -6.34005e-20)
(0.850301 1.19291 2.01915e-20)
(0.765396 1.16099 -2.75648e-19)
(0.665123 1.12803 1.45319e-20)
(0.547837 1.09548 -6.77798e-21)
(0.427561 1.06768 9.51257e-20)
(0.338172 1.10922 -1.56495e-19)
(0.411622 2.06753 -1.16809e-19)
(0.549378 3.41501 2.00008e-20)
(0.556554 3.57984 -9.21116e-20)
(0.510763 3.63356 0)
(0.479807 3.71294 0)
(0.465776 3.68094 0)
(0.360513 3.52735 -2.9166e-19)
(0.541123 0.633775 8.41942e-19)
(0.792714 0.935012 3.39721e-19)
(1.03793 1.24155 8.06883e-19)
(1.07101 1.31146 8.28546e-19)
(1.03238 1.3026 5.82842e-19)
(0.976401 1.27662 -1.07157e-19)
(0.912474 1.2481 0)
(0.839557 1.21801 1.32447e-18)
(0.755614 1.18694 5.38723e-20)
(0.656382 1.15589 -3.65258e-19)
(0.540078 1.12687 -1.40203e-20)
(0.42179 1.10638 2.54752e-20)
(0.361339 1.25031 -9.49587e-20)
(0.504532 2.63795 -6.84239e-21)
(0.629186 3.5126 -4.06332e-20)
(0.6056 3.60551 0)
(0.577185 3.68567 0)
(0.541463 3.68192 7.53292e-20)
(0.536045 3.42607 0)
(0.515891 2.54784 0)
(0.53389 0.649239 0)
(0.780579 0.953981 3.33797e-19)
(1.02308 1.26685 -7.77888e-19)
(1.05645 1.33825 7.88988e-19)
(1.01847 1.32906 -9.58768e-21)
(0.963309 1.30253 -9.56065e-20)
(0.900356 1.27365 -5.29202e-19)
(0.828579 1.24359 5.99496e-19)
(0.745921 1.21321 0)
(0.648176 1.18394 -7.87236e-19)
(0.533494 1.15814 -4.84859e-20)
(0.419512 1.1481 2.06313e-20)
(0.401757 1.45583 5.137e-20)
(0.597167 3.07883 6.36879e-21)
(0.695689 3.56011 3.09954e-19)
(0.654919 3.62759 1.15568e-20)
(0.641424 3.66982 -7.23564e-19)
(0.593712 3.50693 8.93195e-19)
(0.446596 2.51724 3.93007e-19)
(-0.0280362 0.16252 2.39101e-19)
(0.525295 0.664244 0)
(0.767254 0.973699 0)
(1.00662 1.29336 7.61275e-19)
(1.04036 1.36637 7.63856e-19)
(1.00325 1.3569 4.14065e-19)
(0.949111 1.32982 -2.02419e-19)
(0.887368 1.30057 6.58884e-19)
(0.817011 1.27054 1.70148e-19)
(0.735993 1.2409 0)
(0.640224 1.21353 -3.04812e-20)
(0.527877 1.1911 -1.66964e-20)
(0.421876 1.19876 6.72022e-20)
(0.462031 1.7428 1.85306e-20)
(0.683662 3.3347 0)
(0.751725 3.58823 -1.64183e-19)
(0.708514 3.63794 0)
(0.674681 3.58411 0)
(0.53716 2.93013 -7.11051e-22)
(0.0935509 0.560842 3.61921e-19)
(-0.104994 -0.170313 2.06138e-19)
(0.515203 0.678684 -3.73616e-19)
(0.752447 0.99378 6.13143e-19)
(0.98845 1.32114 0)
(1.02262 1.39574 -1.15576e-20)
(0.986557 1.386 -2.60042e-19)
(0.933672 1.35838 5.6985e-19)
(0.87342 1.32874 -6.48475e-19)
(0.804805 1.29875 7.78366e-19)
(0.725844 1.26988 8.88161e-19)
(0.632624 1.24454 -2.63838e-20)
(0.523472 1.22572 3.12307e-20)
(0.431376 1.2639 -1.11462e-19)
(0.539657 2.08892 2.68788e-20)
(0.763574 3.46704 0)
(0.794296 3.61097 1.48734e-19)
(0.758548 3.61625 1.0054e-20)
(0.661578 3.32396 -4.40776e-19)
(0.309494 1.57003 5.38641e-19)
(-0.074038 -0.0896623 0)
(-0.0987546 -0.15753 0)
(0.503181 0.692484 7.16226e-19)
(0.735743 1.01394 0)
(0.968269 1.34997 -4.72058e-21)
(1.00302 1.42625 -1.42217e-18)
(0.968239 1.41627 2.72752e-19)
(0.916868 1.38811 7.49321e-19)
(0.858411 1.35806 -6.40146e-19)
(0.79192 1.32808 1.27334e-18)
(0.715487 1.3 4.92447e-19)
(0.625457 1.2767 -2.36177e-20)
(0.520575 1.26207 4.57298e-20)
(0.45044 1.35019 1.52819e-19)
(0.633914 2.48786 2.64663e-19)
(0.8363 3.53783 -3.11526e-20)
(0.838162 3.6153 -1.73516e-19)
(0.785914 3.53361 3.08396e-19)
(0.561694 2.6713 -7.03924e-21)
(0.0308476 0.188754 2.58201e-19)
(-0.112953 -0.185762 6.02512e-19)
(-0.0802236 -0.124868 -7.24039e-19)
(0.488611 0.705174 3.38645e-19)
(0.716576 1.03372 -5.72978e-19)
(0.945867 1.37958 4.51811e-19)
(0.981335 1.45779 -6.99697e-19)
(0.948129 1.44757 1.47197e-20)
(0.898568 1.41885 0)
(0.842252 1.38837 0)
(0.778308 1.35836 -1.35993e-18)
(0.704952 1.33103 -2.83956e-19)
(0.618839 1.30977 -7.18848e-20)
(0.519531 1.30024 -4.03393e-19)
(0.480657 1.46461 -1.92259e-19)
(0.734088 2.86116 7.24421e-20)
(0.899328 3.57584 3.49041e-19)
(0.879247 3.6011 -2.22538e-19)
(0.774567 3.31581 6.2552e-19)
(0.339886 1.50077 0)
(-0.100135 -0.117355 -1.45387e-18)
(-0.109537 -0.193666 1.4238e-18)
(-0.0609 -0.101289 0)
(0.471124 0.716261 1.31674e-18)
(0.69437 1.05252 -8.23146e-19)
(0.921001 1.40931 -8.66889e-19)
(0.957293 1.49014 -3.26063e-19)
(0.926035 1.47971 -9.83776e-19)
(0.878612 1.45042 7.15162e-19)
(0.824828 1.41945 -3.73096e-19)
(0.763918 1.38933 0)
(0.694255 1.36269 0)
(0.612874 1.34337 -5.81736e-19)
(0.520743 1.34041 4.12533e-19)
(0.523157 1.60848 5.5843e-20)
(0.831941 3.15596 -4.12892e-19)
(0.951535 3.58987 0)
(0.907694 3.55376 8.713e-19)
(0.698199 2.8723 -3.16039e-19)
(0.0496902 0.258109 -1.13525e-18)
(-0.134601 -0.190216 0)
(-0.113776 -0.184847 -1.05271e-18)
(-0.0519421 -0.0834184 0)
(0.450097 0.724465 -9.3778e-19)
(0.668563 1.06927 0)
(0.893192 1.43855 8.49163e-19)
(0.93065 1.52295 3.15785e-19)
(0.901726 1.51241 -2.45371e-19)
(0.856815 1.48251 1.07552e-20)
(0.806008 1.451 -1.26614e-19)
(0.748676 1.42064 6.81741e-19)
(0.68339 1.39459 1.81126e-20)
(0.607645 1.37708 0)
(0.524742 1.3829 0)
(0.577539 1.77615 2.55798e-21)
(0.917571 3.33697 2.34689e-19)
(1.00181 3.59052 0)
(0.919578 3.45347 -4.5186e-19)
(0.540311 2.17456 3.03666e-19)
(-0.0483227 -0.0469611 1.84582e-19)
(-0.11446 -0.266855 8.56382e-19)
(-0.0752393 -0.210917 8.70686e-19)
(-0.0284946 -0.073157 0)
(0.425347 0.728296 -2.92715e-19)
(0.638549 1.08247 5.01917e-19)
(0.861941 1.46667 3.99767e-19)
(0.90112 1.55574 -4.48995e-21)
(0.874929 1.54528 -4.59009e-19)
(0.832964 1.51475 0)
(0.785617 1.48263 -2.48073e-19)
(0.732446 1.4519 1.6091e-19)
(0.67231 1.42617 -3.36768e-19)
(0.603174 1.41038 0)
(0.531719 1.42736 -4.28981e-19)
(0.64092 1.95696 5.01733e-19)
(0.994348 3.43733 -4.16408e-19)
(1.05192 3.58298 0)
(0.910062 3.28305 -4.84783e-19)
(0.317192 1.2679 3.12534e-19)
(-0.158379 -0.221193 1.82829e-19)
(-0.124438 -0.360715 6.25783e-19)
(-0.00925572 -0.193919 1.91492e-18)
(0.052798 0.0328215 0)
(0.396322 0.725717 -8.49381e-19)
(0.60373 1.09015 7.23735e-19)
(0.826636 1.49259 7.79193e-19)
(0.868324 1.58796 3.02379e-19)
(0.845389 1.57782 4.44465e-19)
(0.806794 1.54664 3.30536e-19)
(0.763455 1.51382 -2.42508e-19)
(0.715051 1.48257 -4.94372e-19)
(0.660902 1.45673 1.10734e-19)
(0.599421 1.44252 -8.18574e-20)
(0.541569 1.47268 -6.86196e-20)
(0.709352 2.13437 -4.69606e-19)
(1.06393 3.48765 6.41221e-19)
(1.09974 3.55629 3.14537e-19)
(0.886815 3.0441 0)
(0.0534243 0.410808 -6.52626e-19)
(-0.153824 -0.485479 0)
(-0.0698485 -0.483212 -8.08484e-19)
(0.0848596 -0.12143 9.5281e-19)
(0.160226 0.209495 -9.62657e-19)
(0.362831 0.715488 2.74003e-19)
(0.563463 1.09026 -2.32835e-19)
(0.786845 1.51448 3.73827e-19)
(0.831876 1.61899 -3.02218e-19)
(0.812771 1.6094 8.64447e-19)
(0.778037 1.5776 -3.14859e-19)
(0.739251 1.54394 -2.26525e-19)
(0.696247 1.51199 -3.29161e-19)
(0.648937 1.48555 -4.63405e-19)
(0.596342 1.47229 3.978e-19)
(0.553901 1.51672 0)
(0.778062 2.294 0)
(1.12476 3.50712 -2.3626e-19)
(1.14432 3.50144 -3.75313e-19)
(0.87524 2.7408 8.53559e-19)
(-0.0401526 -0.156562 1.80232e-18)
(-0.128977 -0.773091 7.60252e-19)
(0.0121504 -0.537694 -2.15621e-19)
(0.184501 0.0632379 1.26601e-19)
(0.259372 0.501183 0)
(0.324733 0.695236 -2.09259e-18)
(0.517316 1.07965 8.89516e-19)
(0.741814 1.53041 -3.51845e-19)
(0.791512 1.64741 -5.43524e-19)
(0.776779 1.63927 -8.29858e-19)
(0.746385 1.60695 -3.0894e-19)
(0.712675 1.57231 0)
(0.675707 1.53927 -3.15007e-19)
(0.636005 1.51191 4.4576e-19)
(0.593754 1.49805 1.58535e-19)
(0.567443 1.55656 5.73154e-19)
(0.843247 2.42334 -1.44343e-20)
(1.17839 3.51484 -9.28769e-21)
(1.16349 3.44023 3.08944e-19)
(0.888967 2.3818 3.73371e-19)
(0.0766734 -0.537789 0)
(-0.174443 -0.799739 -2.36984e-19)
(0.0460906 -0.134571 -1.93683e-18)
(0.174206 0.513903 -1.35566e-19)
(0.201685 0.537912 0)
(0.282381 0.662844 2.50238e-19)
(0.465822 1.05464 0)
(0.691147 1.53779 6.78867e-19)
(0.746983 1.67183 5.18029e-19)
(0.737217 1.66653 -8.03434e-19)
(0.711485 1.63388 2.78872e-19)
(0.68329 1.59812 4.32866e-19)
(0.652931 1.56343 1.61088e-19)
(0.621521 1.53474 2.25357e-19)
(0.590931 1.51856 0)
(0.580873 1.58768 0)
(0.900002 2.49624 3.0586e-19)
(1.23444 3.5249 -2.62176e-19)
(1.12119 3.44317 0)
(0.541532 2.10343 3.55999e-20)
(-0.510356 0.0253086 -1.39285e-19)
(-0.846052 -0.390451 4.22457e-19)
(-0.450621 -0.108121 -1.77236e-18)
(0.128118 0.460316 1.32758e-19)
(0.188319 0.414538 -3.6967e-21)
(0.236423 0.615827 9.46213e-19)
(0.40904 1.01161 -1.01648e-18)
(0.634447 1.53292 3.15896e-19)
(0.698247 1.69063 2.4891e-19)
(0.69378 1.69028 3.75018e-19)
(0.672991 1.65746 5.57958e-19)
(0.650578 1.62056 0)
(0.627212 1.58372 -2.99942e-19)
(0.604675 1.5523 4.2601e-19)
(0.586479 1.53341 -1.55203e-19)
(0.595995 1.59726 -2.78775e-19)
(0.945156 2.48038 1.53327e-19)
(1.32125 3.53867 5.31666e-19)
(1.17099 3.55876 0)
(0.48587 2.24187 0)
(-0.658714 0.797716 -6.66192e-19)
(-1.35119 -0.312078 0)
(-1.46084 -0.960624 0)
(-1.01365 -0.952883 1.41896e-19)
(-0.0467395 0.154175 2.69487e-18)
(0.191045 0.550817 -1.85243e-18)
(0.344118 0.947184 1.70825e-18)
(0.571207 1.51099 -1.19636e-18)
(0.644865 1.70167 -7.11492e-19)
(0.646061 1.70946 -3.47848e-19)
(0.630512 1.67701 0)
(0.613954 1.63871 0)
(0.597532 1.5993 -2.83189e-19)
(0.584063 1.56343 -1.03442e-19)
(0.578726 1.53903 1.51786e-19)
(0.610111 1.58431 2.70609e-19)
(0.981404 2.36747 -1.87437e-19)
(1.48223 3.51187 -3.81243e-19)
(1.54672 3.64166 -3.04159e-19)
(1.11087 2.671 1.16161e-18)
(0.378629 1.3812 1.63999e-18)
(-0.256262 -0.0130385 -4.28849e-18)
(-0.750754 -1.08144 0)
(-1.03384 -1.94929 -3.52424e-18)
(-0.781027 -1.78899 -4.08079e-18)
(0.142878 0.474639 -8.58293e-19)
(0.274631 0.857495 8.85407e-19)
(0.498502 1.46745 0)
(0.585957 1.70181 4.30717e-19)
(0.593556 1.72266 -1.2517e-20)
(0.58362 1.69206 2.56707e-19)
(0.572544 1.65201 3.88988e-21)
(0.562605 1.60936 -2.67696e-19)
(0.557395 1.56797 9.90217e-20)
(0.564554 1.53213 0)
(0.614364 1.55067 5.00377e-19)
(0.967545 2.09933 1.7178e-19)
(1.64543 3.33713 -3.36188e-19)
(1.90748 3.44622 0)
(1.81871 3.0116 0)
(1.14737 1.54288 3.48891e-19)
(0.552124 0.208106 1.51789e-18)
(0.0281192 -0.863803 0)
(-0.375345 -1.80724 3.37454e-18)
(-0.644761 -2.29813 -6.86499e-18)
(0.0973208 0.384008 9.80041e-20)
(0.204088 0.74009 -1.63317e-19)
(0.418655 1.39249 -7.79013e-19)
(0.520706 1.6869 -3.103e-19)
(0.535883 1.72877 3.14211e-19)
(0.531894 1.70257 -3.73063e-22)
(0.52538 1.66046 1.68358e-19)
(0.520662 1.61372 0)
(0.522128 1.56547 1.77195e-19)
(0.536998 1.51592 -1.30252e-19)
(0.597635 1.49263 2.21085e-19)
(0.856602 1.7708 -9.54727e-21)
(1.60646 2.96423 1.98324e-19)
(1.91306 3.1555 3.78282e-19)
(1.98282 2.83299 2.7932e-19)
(1.75503 2.01654 1.94954e-20)
(1.23886 0.887849 -1.39818e-19)
(0.685369 -0.164469 -2.49731e-20)
(0.207653 -0.987643 8.23023e-20)
(-0.188585 -1.60764 6.10228e-20)
(0.0584991 0.283566 -4.59044e-20)
(0.136876 0.594774 1.06042e-21)
(0.332827 1.2776 -1.79765e-19)
(0.447661 1.65119 0)
(0.473708 1.72747 0)
(0.474945 1.70908 1.07877e-19)
(0.471675 1.66452 -1.63432e-19)
(0.470286 1.61379 -2.2726e-19)
(0.475031 1.55685 1.63416e-19)
(0.489703 1.49417 5.81406e-20)
(0.546284 1.41669 6.96732e-21)
(0.661784 1.51549 -1.45626e-20)
(1.28679 2.45085 -1.12137e-19)
(1.63492 2.88993 -2.75068e-20)
(1.68326 2.75417 5.74771e-20)
(1.56937 2.28388 -4.70679e-19)
(1.26464 1.59709 -7.18411e-19)
(0.869431 0.856712 0)
(0.464512 0.214341 2.54177e-20)
(0.0939851 -0.333647 -1.2498e-19)
(0.0293611 0.180866 2.44758e-19)
(0.0796529 0.427684 0)
(0.245393 1.11822 -1.66402e-19)
(0.367578 1.58525 0)
(0.406499 1.71814 -1.97448e-19)
(0.411999 1.71213 -1.00615e-19)
(0.410531 1.66532 7.36071e-20)
(0.411332 1.61067 1.01944e-19)
(0.413336 1.54913 -7.59477e-20)
(0.42676 1.46958 -9.94913e-20)
(0.44461 1.3794 7.63801e-20)
(0.510319 1.37691 0)
(0.739778 1.91067 0)
(1.19032 2.76097 -1.84915e-20)
(1.20223 2.81563 -1.08166e-19)
(1.14216 2.67351 -6.58341e-20)
(0.951748 2.2645 -2.60756e-20)
(0.695034 1.75782 -1.15497e-18)
(0.419676 1.22595 4.24652e-20)
(0.157194 0.740125 3.44104e-18)
(0.0122171 0.0873246 1.663e-19)
(0.0403408 0.260744 4.61912e-20)
(0.159319 0.901222 1.24661e-20)
(0.285372 1.4859 1.98638e-20)
(0.333264 1.69793 0)
(0.342261 1.71012 -2.22768e-20)
(0.342327 1.6643 1.7053e-20)
(0.342639 1.60784 6.09304e-22)
(0.345216 1.54295 0)
(0.347498 1.46485 -1.15112e-20)
(0.337484 1.36581 6.214e-22)
(0.350674 1.3406 0)
(0.379888 1.58807 -1.625e-20)
(0.713608 2.61815 1.2651e-21)
(0.761252 2.95619 5.59722e-20)
(0.688389 2.97097 -2.62555e-20)
(0.58498 2.79559 0)
(0.43048 2.4364 -2.10579e-19)
(0.262073 2.00108 2.76986e-19)
(0.0973925 1.48828 -1.24672e-20)
(0.00099358 -0.0203008 0)
(0.0225187 0.111788 5.7291e-33)
(0.0867144 0.643052 0)
(0.193756 1.32553 0)
(0.24984 1.65351 0)
(0.263778 1.6985 0)
(0.268116 1.66133 0)
(0.271643 1.60431 -6.8938e-34)
(0.274295 1.5415 0)
(0.269354 1.47135 -1.41013e-33)
(0.248381 1.38025 0)
(0.223529 1.34897 0)
(0.205133 1.48469 0)
(0.356083 2.41769 0)
(0.430384 3.02646 0)
(0.385595 3.15925 0)
(0.322606 3.11637 0)
(0.223783 2.8604 0)
(0.123753 2.49886 0)
(0.0310543 1.90262 0)
(0.00208179 -0.0550999 0)
(0.0165157 0.00843479 0)
(0.0392001 0.460625 0)
(0.0978487 1.14596 0)
(0.15206 1.58036 0)
(0.177184 1.67426 0)
(0.191543 1.65181 0)
(0.20348 1.59643 0)
(0.212386 1.54007 0)
(0.210143 1.47926 0)
(0.189533 1.40687 0)
(0.154132 1.37628 0)
(0.133173 1.48202 0)
(0.1718 2.23959 0)
(0.258186 3.03427 0)
(0.234371 3.25724 0)
(0.188154 3.27255 0)
(0.121543 3.08544 0)
(0.0517008 2.76664 0)
(-0.00202029 2.08195 0)
(0.00125586 -0.0842455 0)
(0.000878756 -0.0156025 0)
(-0.00513285 0.41759 0)
(0.0104268 1.04369 0)
(0.0532248 1.50079 0)
(0.090667 1.63103 0)
(0.119414 1.62443 0)
(0.143593 1.57933 0)
(0.160628 1.53372 0)
(0.16289 1.48535 0)
(0.14369 1.43603 0)
(0.106326 1.40555 0)
(0.0860198 1.50204 0)
(0.0798167 2.10862 0)
(0.149543 3.0154 0)
(0.131439 3.31788 0)
(0.0931473 3.37685 0)
(0.0499433 3.23906 0)
(0.00335581 2.94371 0)
(-0.020955 2.09603 0)
(-0.00109355 -0.0758966 0)
(-0.0188372 0.0418234 0)
(-0.046408 0.45525 0)
(-0.0516298 0.995441 0)
(-0.0205085 1.41514 0)
(0.023986 1.56383 0)
(0.0636009 1.57822 0)
(0.0983442 1.55078 0)
(0.12197 1.51941 0)
(0.127688 1.48881 0)
(0.112313 1.46038 0)
(0.0798111 1.43282 0)
(0.0622861 1.52914 0)
(0.0422711 2.04705 0)
(0.0765708 3.00368 0)
(0.0619269 3.36513 0)
(0.0301007 3.45278 0)
(-0.000609627 3.33909 0)
(-0.0281884 3.03803 0)
(-0.0252597 2.01674 0)
(-0.0025043 -0.0328924 0)
(-0.0259543 0.14571 0)
(-0.0601158 0.529482 0)
(-0.0751671 0.974583 0)
(-0.0517599 1.33337 0)
(-0.0102302 1.4877 0)
(0.0326317 1.52009 0)
(0.0706429 1.5118 0)
(0.0998881 1.49962 0)
(0.113446 1.48812 0)
(0.104284 1.47707 0)
(0.0701598 1.46393 0)
(0.0506311 1.53788 0)
(0.0370874 2.04728 0)
(0.0247648 3.01834 0)
(0.00500133 3.41234 0)
(-0.0196745 3.51345 0)
(-0.0403119 3.4029 0)
(-0.0540067 3.06741 0)
(-0.0265186 1.85511 0)
(-0.00227553 0.01604 0)
(-0.022033 0.249166 0)
(-0.0513852 0.610319 0)
(-0.0704113 0.975743 0)
(-0.0549548 1.26728 0)
(-0.0175979 1.41513 0)
(0.0258062 1.45932 0)
(0.0659579 1.46605 0)
(0.096395 1.47593 0)
(0.115179 1.48502 0)
(0.101181 1.49972 0)
(0.0547432 1.50442 0)
(0.023212 1.53153 0)
(0.0132824 2.0945 0)
(-0.0263334 3.05686 0)
(-0.0486978 3.45152 0)
(-0.0652563 3.55227 0)
(-0.0741238 3.43099 0)
(-0.0691991 3.03183 0)
(-0.0236325 1.65862 0)
(-0.00161423 0.0537959 0)
(-0.0152168 0.328139 0)
(-0.0363281 0.680214 0)
(-0.0535344 0.991009 0)
(-0.0464416 1.21779 0)
(-0.0138462 1.3467 0)
(0.0307176 1.39815 0)
(0.076204 1.41938 0)
(0.113311 1.44382 0)
(0.128457 1.48247 0)
(0.107759 1.53071 0)
(0.0486871 1.5538 0)
(-0.0156918 1.54648 0)
(-0.0439147 2.1607 0)
(-0.0869298 3.09692 0)
(-0.0966358 3.477 0)
(-0.099636 3.56239 0)
(-0.0937368 3.41848 0)
(-0.0724287 2.93047 0)
(-0.0189058 1.46653 0)
(-0.00107044 0.0791358 0)
(-0.00922677 0.38002 0)
(-0.0222802 0.729321 0)
(-0.0332209 1.00854 0)
(-0.0277313 1.18122 0)
(0.00211725 1.28064 0)
(0.0493102 1.33184 0)
(0.102781 1.36747 0)
(0.154085 1.40402 0)
(0.179586 1.47596 0)
(0.16463 1.5669 0)
(0.0898153 1.62683 0)
(-0.026762 1.61869 0)
(-0.0940441 2.21441 0)
(-0.124966 3.12114 0)
(-0.123648 3.47828 0)
(-0.1145 3.54608 0)
(-0.0971401 3.3713 0)
(-0.0650927 2.7962 0)
(-0.0148456 1.30472 0)
(-0.000547027 0.0936271 0)
(-0.00365027 0.407083 0)
(-0.00897557 0.754588 0)
(-0.0108221 1.01144 0)
(0.00138472 1.14341 0)
(0.0350594 1.21164 0)
(0.0880801 1.25439 0)
(0.153265 1.29582 0)
(0.222108 1.35016 0)
(0.285015 1.44941 0)
(0.287236 1.60982 0)
(0.195065 1.73537 0)
(0.0195414 1.76817 0)
(-0.107486 2.24416 0)
(-0.125442 3.13371 0)
(-0.124796 3.46739 0)
(-0.114701 3.51355 0)
(-0.0941089 3.30407 0)
(-0.061998 2.65015 0)
(-0.0136196 1.15946 0)
(8.6644e-06 0.0973564 0)
(0.00137893 0.41173 0)
(0.00259301 0.756492 0)
(0.00985649 0.99023 0)
(0.0323976 1.08958 0)
(0.0744359 1.13185 0)
(0.136108 1.16246 0)
(0.215517 1.20177 0)
(0.309787 1.26728 0)
(0.413617 1.39972 0)
(0.449818 1.64772 0)
(0.333616 1.88075 0)
(0.105721 1.98614 0)
(-0.0888318 2.30509 0)
(-0.110465 3.15596 0)
(-0.121336 3.46687 0)
(-0.117001 3.48662 0)
(-0.0999003 3.23638 0)
(-0.0643727 2.50124 0)
(-0.00793037 1.02489 0)
(0.000616865 0.0906143 0)
(0.00568615 0.398491 0)
(0.0114016 0.739795 0)
(0.0252072 0.946653 0)
(0.0557216 1.01694 0)
(0.105048 1.03889 0)
(0.174341 1.05634 0)
(0.26894 1.08476 0)
(0.394236 1.1453 0)
(0.53395 1.31726 0)
(0.593083 1.68791 0)
(0.441628 2.06336 0)
(0.183375 2.2436 0)
(-0.0530425 2.44445 0)
(-0.101621 3.21032 0)
(-0.134373 3.48352 0)
(-0.139942 3.46975 0)
(-0.12729 3.17105 0)
(-0.0837165 2.31238 0)
(-0.00347568 0.89776 0)
(0.00119221 0.0744893 0)
(0.0082147 0.374888 0)
(0.0156562 0.712699 0)
(0.0322212 0.889778 0)
(0.0655983 0.933634 0)
(0.116379 0.938716 0)
(0.188481 0.939066 0)
(0.294359 0.943796 0)
(0.441891 0.990741 0)
(0.609978 1.20744 0)
(0.651449 1.74624 0)
(0.491871 2.26925 0)
(0.213625 2.51978 0)
(-0.0417444 2.65434 0)
(-0.12924 3.30055 0)
(-0.187691 3.53133 0)
(-0.209224 3.47654 0)
(-0.186499 3.07321 0)
(-0.0910129 1.95084 0)
(-0.00331326 0.786266 0)
(0.00156181 0.0520199 0)
(0.0083908 0.3506 0)
(0.0141608 0.685267 0)
(0.0287163 0.832285 0)
(0.0579022 0.853699 0)
(0.101817 0.843362 0)
(0.166937 0.821126 0)
(0.267674 0.793021 0)
(0.409381 0.825473 0)
(0.560308 1.10473 0)
(0.608924 1.80023 0)
(0.430875 2.49647 0)
(0.152294 2.80224 0)
(-0.0809329 2.88976 0)
(-0.211143 3.44775 0)
(-0.288086 3.60925 0)
(-0.3147 3.4774 0)
(-0.260883 2.85399 0)
(-0.069341 1.51093 0)
(-0.00545318 0.683397 0)
(0.00156444 0.0285763 0)
(0.0057773 0.336249 0)
(0.00644584 0.669152 0)
(0.0137949 0.789559 0)
(0.0310604 0.794109 0)
(0.0583325 0.769959 0)
(0.101463 0.724777 0)
(0.170186 0.66774 0)
(0.264412 0.692457 0)
(0.347546 1.03956 0)
(0.349263 1.86893 0)
(0.212815 2.70468 0)
(-0.000940017 3.0536 0)
(-0.202749 3.13631 0)
(-0.336241 3.6231 0)
(-0.421339 3.70146 0)
(-0.434121 3.41746 0)
(-0.247161 2.26372 0)
(-0.087592 1.17819 0)
(-0.0185746 0.536569 0)
(0.00114977 0.0106022 0)
(0.000797766 0.340825 0)
(-0.00632761 0.675573 0)
(-0.0106223 0.776561 0)
(-0.0116809 0.770747 0)
(-0.00933126 0.737457 0)
(-0.0017501 0.6782 0)
(0.0118131 0.607941 0)
(0.0251997 0.636836 0)
(0.0137035 1.03711 0)
(-0.0427409 1.93003 0)
(-0.124528 2.84545 0)
(-0.246162 3.22341 0)
(-0.346395 3.3243 0)
(-0.493558 3.7852 0)
(-0.539838 3.76544 0)
(-0.454614 3.12153 0)
(-0.18777 1.72036 0)
(-0.0885544 0.907921 0)
(-0.0268876 0.337009 0)
(0.000449842 0.00420361 0)
(-0.00541326 0.370089 0)
(-0.0212234 0.711648 0)
(-0.0393644 0.803682 0)
(-0.0612092 0.793911 0)
(-0.0872208 0.759294 0)
(-0.120823 0.699177 0)
(-0.168337 0.63159 0)
(-0.242024 0.669633 0)
(-0.341813 1.09587 0)
(-0.434512 2.00474 0)
(-0.48103 2.89928 0)
(-0.464744 3.2478 0)
(-0.506922 3.51289 0)
(-0.580083 3.83616 0)
(-0.54573 3.6819 0)
(-0.300174 2.5136 0)
(-0.11636 1.38783 0)
(-0.053674 0.721734 0)
(-0.0200613 0.172549 0)
(-0.0004136 0.0119034 0)
(-0.0109661 0.422359 0)
(-0.0343548 0.77816 0)
(-0.0655855 0.871762 0)
(-0.105993 0.863723 0)
(-0.15751 0.835481 0)
(-0.227579 0.787188 0)
(-0.328117 0.735669 0)
(-0.470524 0.778858 0)
(-0.625179 1.19098 0)
(-0.704641 2.06238 0)
(-0.67783 2.85081 0)
(-0.587608 3.1993 0)
(-0.634509 3.63587 0)
(-0.598588 3.77785 0)
(-0.450503 3.3147 0)
(-0.121363 1.97346 0)
(-0.0280785 1.19491 0)
(-0.00963268 0.649694 0)
(-0.00705881 0.104387 0)
(-0.0010746 0.0317464 0)
(-0.0145812 0.4911 0)
(-0.0425715 0.868828 0)
(-0.0830209 0.97277 0)
(-0.136608 0.971058 0)
(-0.205713 0.954268 0)
(-0.299633 0.92579 0)
(-0.4332 0.89983 0)
(-0.618968 0.946416 0)
(-0.811623 1.29586 0)
(-0.870248 2.06908 0)
(-0.785667 2.76018 0)
(-0.724448 3.19206 0)
(-0.716039 3.58319 0)
(-0.554369 3.54522 0)
(-0.214264 2.68887 0)
(0.00922652 1.65834 0)
(0.0386522 1.13952 0)
(0.0221754 0.677252 0)
(0.00359975 0.120989 0)
(-0.00141113 0.0589599 0)
(-0.0156643 0.566479 0)
(-0.0444902 0.972018 0)
(-0.0887365 1.09353 0)
(-0.148688 1.10091 0)
(-0.225456 1.09675 0)
(-0.32801 1.08992 0)
(-0.470891 1.09347 0)
(-0.669891 1.15171 0)
(-0.894032 1.4173 0)
(-0.96231 2.06369 0)
(-0.914832 2.68207 0)
(-0.847798 3.1544 0)
(-0.689986 3.36696 0)
(-0.349507 3.01457 0)
(-0.00723467 2.16743 0)
(0.0875764 1.54089 0)
(0.0722804 1.18733 0)
(0.0365562 0.763242 0)
(0.00910309 0.187217 0)
(-0.00143253 0.087964 0)
(-0.0145151 0.638784 0)
(-0.0408575 1.07445 0)
(-0.0837343 1.2195 0)
(-0.143434 1.23714 0)
(-0.218867 1.24342 0)
(-0.316869 1.25449 0)
(-0.448593 1.28367 0)
(-0.627955 1.36258 0)
(-0.849327 1.57277 0)
(-0.968315 2.06618 0)
(-0.931096 2.61733 0)
(-0.786203 2.98893 0)
(-0.438405 2.908 0)
(-0.0859602 2.47714 0)
(0.108533 1.90323 0)
(0.119302 1.54807 0)
(0.0786057 1.29191 0)
(0.0383936 0.869258 0)
(0.0104779 0.27027 0)
(-0.00124082 0.114296 0)
(-0.0119938 0.700949 0)
(-0.0337793 1.16548 0)
(-0.0716129 1.33817 0)
(-0.125961 1.36627 0)
(-0.193793 1.37901 0)
(-0.278899 1.401 0)
(-0.387488 1.4452 0)
(-0.525226 1.53781 0)
(-0.686217 1.73009 0)
(-0.797407 2.08812 0)
(-0.6997 2.48591 0)
(-0.454771 2.65102 0)
(-0.147583 2.48062 0)
(0.0688398 2.15293 0)
(0.134178 1.84143 0)
(0.112664 1.62863 0)
(0.0659966 1.40833 0)
(0.0317651 0.966581 0)
(0.00903214 0.347041 0)
(-0.000957425 0.135527 0)
(-0.00904107 0.749755 0)
(-0.025681 1.23975 0)
(-0.0566111 1.44112 0)
(-0.102676 1.47957 0)
(-0.159857 1.49492 0)
(-0.229025 1.52075 0)
(-0.312184 1.56833 0)
(-0.407578 1.65785 0)
(-0.49937 1.82174 0)
(-0.52706 2.07677 0)
(-0.398454 2.31938 0)
(-0.182409 2.37132 0)
(0.0106378 2.22254 0)
(0.107879 2.02276 0)
(0.119725 1.85461 0)
(0.0823146 1.72517 0)
(0.0459361 1.50341 0)
(0.0221812 1.03976 0)
(0.00645648 0.405554 0)
(-0.000675437 0.151128 0)
(-0.00632838 0.785338 0)
(-0.0183108 1.29627 0)
(-0.042093 1.52467 0)
(-0.0790083 1.57322 0)
(-0.125046 1.58868 0)
(-0.178981 1.6133 0)
(-0.240288 1.65657 0)
(-0.303845 1.7323 0)
(-0.351413 1.85953 0)
(-0.338375 2.0327 0)
(-0.223675 2.16815 0)
(-0.0702152 2.18325 0)
(0.0386923 2.09274 0)
(0.0797756 1.98521 0)
(0.0741343 1.89683 0)
(0.0494101 1.79706 0)
(0.0274213 1.56524 0)
(0.0135507 1.08666 0)
(0.00400645 0.44399 0)
(-0.000442744 0.161771 0)
(-0.00417578 0.809782 0)
(-0.012446 1.33715 0)
(-0.0298906 1.58882 0)
(-0.0583328 1.64703 0)
(-0.0942426 1.66167 0)
(-0.135355 1.68257 0)
(-0.180011 1.71828 0)
(-0.222578 1.77754 0)
(-0.247465 1.87066 0)
(-0.22437 1.98643 0)
(-0.142101 2.06189 0)
(-0.0463071 2.06994 0)
(0.0162975 2.02547 0)
(0.0391495 1.9725 0)
(0.0370531 1.9233 0)
(0.0253652 1.83715 0)
(0.014738 1.59864 0)
(0.0076132 1.11331 0)
(0.00228751 0.466737 0)
(-0.000269819 0.168591 0)
(-0.00261937 0.82577 0)
(-0.00817052 1.3654 0)
(-0.0206178 1.63583 0)
(-0.0419935 1.70292 0)
(-0.0694749 1.71691 0)
(-0.100531 1.73348 0)
(-0.133214 1.76134 0)
(-0.162655 1.80588 0)
(-0.17724 1.87228 0)
(-0.157097 1.95059 0)
(-0.103108 1.99602 0)
(-0.0457211 2.00362 0)
(-0.0073118 1.98507 0)
(0.00987041 1.9605 0)
(0.0133901 1.93129 0)
(0.0107965 1.85338 0)
(0.00715262 1.61367 0)
(0.00399043 1.12714 0)
(0.00122755 0.479321 0)
(-0.000470152 0.508126 0)
(-0.00222125 1.142 0)
(-0.00662002 1.57611 0)
(-0.0161851 1.74605 0)
(-0.0306267 1.77983 0)
(-0.0479619 1.78884 0)
(-0.0666771 1.80172 0)
(-0.0847886 1.82256 0)
(-0.0981236 1.85325 0)
(-0.0986832 1.89357 0)
(-0.0802793 1.92754 0)
(-0.055019 1.94001 0)
(-0.032708 1.94152 0)
(-0.0169718 1.93702 0)
(-0.00705201 1.92907 0)
(-0.00148963 1.89886 0)
(0.000753178 1.76596 0)
(0.00102551 1.40881 0)
(0.000564085 0.822547 0)
(0.000611136 0.48588 0)
(-0.107764 0.714486 -3.72712e-19)
(0.195401 3.23493 -2.47862e-19)
(0.232432 3.64181 1.78757e-19)
(0.207764 3.60543 6.39876e-20)
(0.18935 3.53381 1.38425e-21)
(0.175063 3.48951 9.33759e-22)
(0.148209 3.4539 -5.92398e-21)
(0.138112 3.43808 -1.5426e-20)
(0.115954 3.33669 2.35561e-19)
(0.0768061 2.39258 2.76678e-19)
(-0.0381158 1.28414 0)
(0.0851141 3.20166 -1.36486e-21)
(0.117371 3.56259 -9.81165e-20)
(0.118913 3.54455 3.55376e-20)
(0.115114 3.49399 6.78983e-20)
(0.108475 3.45906 4.99341e-21)
(0.0995083 3.43642 1.90541e-19)
(0.0866362 3.42804 2.34622e-19)
(0.0663152 3.31716 2.51501e-19)
(0.0293579 2.22218 -2.06496e-21)
(-0.0295723 1.09999 -1.26707e-19)
(0.0556797 3.10224 5.38068e-20)
(0.0708978 3.50859 1.18362e-20)
(0.074081 3.50198 0)
(0.0736885 3.46302 2.8184e-19)
(0.0713092 3.43652 0)
(0.0672635 3.42193 -7.26876e-21)
(0.0621444 3.42195 2.60591e-19)
(0.054693 3.33551 4.24115e-21)
(0.0312743 2.29871 2.88646e-19)
(-0.0197705 0.981223 -4.68775e-20)
(0.0268095 3.04635 -7.49172e-22)
(0.03868 3.47066 -1.55466e-21)
(0.0433529 3.46856 0)
(0.0456327 3.43714 -5.6897e-21)
(0.0468242 3.41676 -2.15538e-19)
(0.047667 3.40769 2.5398e-19)
(0.0485238 3.41182 0)
(0.0476116 3.34406 2.90725e-19)
(0.0312734 2.36849 1.19003e-21)
(-0.0142059 0.915383 -6.07959e-20)
(0.00581129 3.02729 -7.19517e-20)
(0.0167973 3.44241 6.98328e-20)
(0.0224544 3.44063 9.52654e-20)
(0.0272699 3.41407 1.13275e-19)
(0.0315537 3.39768 1.24891e-19)
(0.0359596 3.39175 -1.37316e-19)
(0.0406021 3.3983 -1.59855e-19)
(0.0436308 3.34657 -1.47917e-19)
(0.0326337 2.43455 -1.70771e-19)
(-0.0108395 0.885832 -1.3197e-21)
(-0.00707309 3.03174 -1.63478e-21)
(0.00232059 3.41975 -1.14364e-19)
(0.00868057 3.41541 -1.17435e-19)
(0.0152514 3.39178 -1.40078e-19)
(0.0219207 3.37776 -1.51378e-19)
(0.0289179 3.37363 -1.62013e-19)
(0.0362754 3.38172 1.71667e-19)
(0.0419925 3.34442 -1.67218e-19)
(0.0358752 2.5001 -1.85041e-19)
(-0.00946755 0.880346 9.81707e-20)
(-0.0154908 3.05061 1.18522e-19)
(-0.00906615 3.39974 6.83799e-21)
(-0.000936102 3.39076 -1.38109e-19)
(0.00707572 3.36875 0)
(0.0156748 3.35602 1.81668e-19)
(0.0248765 3.35287 -3.18793e-20)
(0.0345713 3.3619 1.84783e-19)
(0.0430958 3.33753 0)
(0.0410009 2.56658 1.97394e-19)
(-0.010532 0.893189 -2.07394e-21)
(-0.0233577 3.07848 1.3284e-20)
(-0.0185622 3.3795 3.06158e-19)
(-0.00869439 3.36486 0)
(0.000901852 3.34356 -2.44277e-22)
(0.0114425 3.33136 1.81713e-19)
(0.0228425 3.32867 -1.24573e-20)
(0.0349357 3.33816 2.13179e-19)
(0.0465314 3.32537 -2.22647e-19)
(0.0479271 2.636 3.48937e-21)
(-0.0130261 0.927189 -1.4606e-19)
(-0.0328544 3.11019 7.75142e-21)
(-0.0281666 3.35631 -1.11049e-20)
(-0.0160471 3.33569 -1.82374e-19)
(-0.00438835 3.3145 -2.42927e-22)
(0.00840899 3.30246 1.3364e-20)
(0.0222526 3.3 -1.404e-20)
(0.0369326 3.30969 -7.30921e-21)
(0.0518569 3.30716 7.55338e-21)
(0.0564826 2.70894 2.57768e-19)
(-0.0190014 0.996453 -1.81545e-19)
(-0.0450688 3.14063 -1.97178e-19)
(-0.038822 3.32718 -1.94663e-19)
(-0.0237048 3.30113 0)
(-0.00917562 3.27998 2.21423e-19)
(0.0063558 3.26821 -2.64637e-19)
(0.0228515 3.26611 2.61089e-19)
(0.0402044 3.27599 0)
(0.0582507 3.28217 -2.57208e-19)
(0.0660218 2.78405 1.49903e-19)
(-0.0289359 1.1193 0)
(-0.0596787 3.16414 3.40679e-21)
(-0.0499846 3.2897 -1.54011e-21)
(-0.0312169 3.25997 1.20151e-19)
(-0.0132677 3.23969 -1.35511e-19)
(0.00520336 3.22871 -1.24555e-19)
(0.0242831 3.22716 -1.3913e-19)
(0.0441513 3.23715 0)
(0.06463 3.25006 -1.58347e-19)
(0.0755627 2.85975 1.5766e-19)
(-0.0412229 1.31583 -3.77757e-21)
(-0.0740893 3.17503 2.66116e-19)
(-0.0592798 3.24375 1.12801e-19)
(-0.036707 3.21325 1.37916e-19)
(-0.0159362 3.1951 0)
(0.00448092 3.18549 3.11169e-19)
(0.0252579 3.18451 3.43598e-19)
(0.0470723 3.19416 1.05371e-20)
(0.069442 3.21148 0)
(0.0843016 2.93049 -5.62521e-21)
(-0.0518653 1.59201 -1.46375e-19)
(-0.083496 3.16973 1.59346e-19)
(-0.0625174 3.19136 -9.59143e-21)
(-0.0385216 3.16331 1.667e-19)
(-0.0168089 3.14738 3.57225e-19)
(0.00400093 3.13919 1.36772e-22)
(0.0250688 3.13925 -1.76149e-19)
(0.0472073 3.14905 0)
(0.0703071 3.16893 1.43746e-20)
(0.0906623 2.99279 0)
(-0.0557782 1.9385 -5.08395e-21)
(-0.0841555 3.14798 -1.5393e-19)
(-0.0609874 3.13608 -1.22476e-19)
(-0.0389292 3.11032 0)
(-0.0173109 3.09585 4.70451e-20)
(0.00415023 3.08917 9.83188e-23)
(0.0257193 3.09075 -1.23307e-19)
(0.0467062 3.10176 -1.30308e-20)
(0.0672864 3.12414 1.34013e-20)
(0.0925174 3.04051 0)
(-0.0576384 2.33613 -8.91043e-20)
(-0.0827813 3.1058 1.15419e-19)
(-0.0602963 3.07526 8.33455e-20)
(-0.0381476 3.05426 9.85845e-20)
(-0.0161934 3.04459 2.69998e-20)
(0.00436422 3.04085 5.43827e-20)
(0.0247631 3.04255 2.76082e-20)
(0.0453516 3.05147 9.78177e-20)
(0.0662585 3.07192 1.00626e-19)
(0.0936882 3.06014 6.44183e-21)
(-0.0539204 2.71453 4.47592e-20)
(-0.0775171 3.03425 -7.49191e-21)
(-0.0425202 3.01655 0)
(-0.0223189 3.01003 2.74319e-20)
(-0.0083611 3.00852 -8.20791e-20)
(0.00300602 3.0083 8.65978e-22)
(0.0145286 3.00803 -5.8149e-20)
(0.0277115 3.01107 1.41419e-20)
(0.0481103 3.01814 -1.65299e-20)
(0.0862069 3.02739 0)
(0.773651 -0.0450661 0)
(1.00742 -0.0768847 0)
(0.999197 -0.0411388 0)
(0.99992 -0.0220032 0)
(1.00006 -0.0116662 0)
(1.00003 -0.0066176 0)
(1.00001 -0.00388834 0)
(1.00001 -0.00226699 0)
(0.999999 -0.00122236 0)
(0.999997 -0.000457526 0)
(1.00001 0.000233632 0)
(0.999996 0.000925167 0)
(1 0.00178576 0)
(1.00001 0.00305614 0)
(1.00002 0.00512674 0)
(1.00005 0.00876019 0)
(1.00002 0.0158994 0)
(0.999684 0.0305847 0)
(1.00215 0.0568434 0)
(0.984983 0.0884631 0)
(0.842528 -0.0556484 0)
(1.09421 -0.072818 0)
(1.06566 -0.059544 0)
(1.03463 -0.0453551 0)
(1.01746 -0.0319336 0)
(1.00887 -0.0210312 0)
(1.00474 -0.0132138 0)
(1.00273 -0.00779266 0)
(1.00177 -0.00381882 0)
(1.00139 -0.000482962 0)
(1.0015 0.00268159 0)
(1.00212 0.00619403 0)
(1.0035 0.0107259 0)
(1.00635 0.0171419 0)
(1.01227 0.0264222 0)
(1.02452 0.0386416 0)
(1.04772 0.0524984 0)
(1.08706 0.0680412 0)
(1.04542 0.0742919 0)
(0.360836 0.0151855 0)
(0.630853 -0.0168053 0)
(0.943708 -0.0411092 0)
(1.1067 -0.0513188 0)
(1.08078 -0.0439711 0)
(1.051 -0.0365072 0)
(1.03077 -0.0293594 0)
(1.01808 -0.0219557 0)
(1.01076 -0.0148984 0)
(1.00679 -0.00871953 0)
(1.00487 -0.00332413 0)
(1.00448 0.00176969 0)
(1.00556 0.00694797 0)
(1.00834 0.0125723 0)
(1.01375 0.0191093 0)
(1.02347 0.0263244 0)
(1.03968 0.0335074 0)
(1.06441 0.0405691 0)
(1.0996 0.0490259 0)
(1.07549 0.0505591 0)
(0.630179 0.0168648 0)
(0.517168 -0.00690191 0)
(0.830904 -0.0224672 0)
(1.09528 -0.0411613 0)
(1.0946 -0.039295 0)
(1.06408 -0.0331297 0)
(1.04322 -0.0272547 0)
(1.02876 -0.021615 0)
(1.01893 -0.0158355 0)
(1.0128 -0.0098634 0)
(1.00955 -0.00383198 0)
(1.00884 0.002295 0)
(1.0107 0.00834842 0)
(1.01521 0.0141883 0)
(1.02301 0.0199163 0)
(1.03496 0.0254012 0)
(1.05227 0.0309503 0)
(1.07762 0.0368395 0)
(1.10504 0.0418708 0)
(1.01775 0.0356786 0)
(0.515877 0.00697621 0)
(0.453202 -0.0042098 0)
(0.745103 -0.0139297 0)
(1.07139 -0.0329356 0)
(1.10209 -0.0344297 0)
(1.07314 -0.0303043 0)
(1.05131 -0.0255743 0)
(1.03646 -0.0204706 0)
(1.02608 -0.0152111 0)
(1.01901 -0.00968334 0)
(1.01489 -0.00370792 0)
(1.01392 0.00265835 0)
(1.01629 0.00880981 0)
(1.02169 0.0143192 0)
(1.0302 0.0194395 0)
(1.0425 0.0243823 0)
(1.06041 0.029116 0)
(1.08703 0.0334338 0)
(1.10304 0.0356601 0)
(0.955589 0.0258578 0)
(0.451144 0.00430149 0)
(0.410392 -0.00295832 0)
(0.680931 -0.00966433 0)
(1.04133 -0.0266654 0)
(1.10521 -0.0300957 0)
(1.08114 -0.0270393 0)
(1.05834 -0.0232215 0)
(1.04279 -0.0189579 0)
(1.03201 -0.0141802 0)
(1.0246 -0.00897107 0)
(1.02011 -0.00323534 0)
(1.01897 0.00296218 0)
(1.02152 0.00888636 0)
(1.02717 0.0140435 0)
(1.03594 0.0187138 0)
(1.04873 0.0229212 0)
(1.06746 0.0266432 0)
(1.09459 0.0301284 0)
(1.09471 0.030761 0)
(0.897712 0.0195136 0)
(0.407391 0.00306867 0)
(0.379313 -0.00219269 0)
(0.632321 -0.0070979 0)
(1.0093 -0.0216213 0)
(1.10561 -0.0265016 0)
(1.08802 -0.0242613 0)
(1.06464 -0.0208934 0)
(1.04852 -0.0171809 0)
(1.03727 -0.0129092 0)
(1.02957 -0.00802034 0)
(1.02489 -0.00256686 0)
(1.02363 0.00327255 0)
(1.02615 0.00882958 0)
(1.03191 0.0136364 0)
(1.04096 0.0178035 0)
(1.0542 0.0213749 0)
(1.07352 0.024516 0)
(1.09952 0.0273967 0)
(1.0814 0.0266769 0)
(0.846989 0.0151036 0)
(0.375164 0.00232528 0)
(0.356079 -0.00163897 0)
(0.595102 -0.0053047 0)
(0.978123 -0.0173503 0)
(1.10354 -0.0230173 0)
(1.094 -0.0215138 0)
(1.07028 -0.0184219 0)
(1.05387 -0.0150651 0)
(1.04231 -0.0112437 0)
(1.03424 -0.00684908 0)
(1.02926 -0.00181025 0)
(1.02784 0.00369992 0)
(1.03037 0.00882326 0)
(1.03631 0.0130596 0)
(1.04558 0.0166192 0)
(1.05901 0.0196796 0)
(1.07867 0.0224131 0)
(1.10184 0.0247053 0)
(1.06492 0.0229349 0)
(0.803881 0.0118417 0)
(0.35054 0.00179939 0)
(0.338627 -0.00121526 0)
(0.566549 -0.00393952 0)
(0.949533 -0.0137053 0)
(1.09961 -0.0196514 0)
(1.09908 -0.0186866 0)
(1.0754 -0.0158114 0)
(1.05862 -0.0127882 0)
(1.04686 -0.00940002 0)
(1.03863 -0.00544914 0)
(1.03346 -0.000847975 0)
(1.03187 0.0041952 0)
(1.03428 0.00878227 0)
(1.04017 0.0124475 0)
(1.04944 0.0154258 0)
(1.06303 0.0179743 0)
(1.08311 0.0203377 0)
(1.10282 0.0221337 0)
(1.04694 0.0195529 0)
(0.767767 0.00932951 0)
(0.331402 0.00141094 0)
(0.325792 -0.000867919 0)
(0.545057 -0.00283516 0)
(0.92448 -0.0104881 0)
(1.09423 -0.0163083 0)
(1.10327 -0.0159417 0)
(1.08015 -0.0134956 0)
(1.06299 -0.0107929 0)
(1.05112 -0.00759727 0)
(1.04283 -0.00387548 0)
(1.03748 0.000339096 0)
(1.03567 0.00479886 0)
(1.03792 0.00880436 0)
(1.04364 0.0120034 0)
(1.05275 0.0146001 0)
(1.06647 0.0167345 0)
(1.08687 0.0185969 0)
(1.10243 0.0197103 0)
(1.02846 0.0164179 0)
(0.737981 0.00731538 0)
(0.316516 0.00110743 0)
(0.316763 -0.000571898 0)
(0.529499 -0.00188212 0)
(0.903639 -0.00756292 0)
(1.08793 -0.0128253 0)
(1.10609 -0.0129327 0)
(1.0842 -0.0108605 0)
(1.06678 -0.00839883 0)
(1.05461 -0.00553226 0)
(1.04606 -0.00218377 0)
(1.04053 0.00162634 0)
(1.03848 0.00565487 0)
(1.04042 0.00911261 0)
(1.04597 0.0117147 0)
(1.05515 0.0137156 0)
(1.069 0.0153631 0)
(1.08946 0.0168023 0)
(1.10032 0.0171955 0)
(1.01043 0.0134391 0)
(0.713842 0.00562531 0)
(0.304982 0.000866841 0)
(0.311317 -0.000273951 0)
(0.519479 -0.000973052 0)
(0.88755 -0.00474218 0)
(1.0817 -0.00912129 0)
(1.10822 -0.00944495 0)
(1.08801 -0.00771593 0)
(1.07054 -0.00564044 0)
(1.0583 -0.00313545 0)
(1.04961 -0.000172292 0)
(1.04384 0.00318505 0)
(1.04146 0.00669191 0)
(1.04307 0.00952004 0)
(1.04836 0.0114151 0)
(1.05727 0.0126917 0)
(1.07101 0.0137149 0)
(1.09119 0.0146349 0)
(1.09699 0.0144764 0)
(0.993859 0.0105615 0)
(0.695015 0.00409779 0)
(0.296463 0.000638228 0)
(0.309073 -1.90078e-05 0)
(0.514334 -0.000229168 0)
(0.876073 -0.00235695 0)
(1.07596 -0.00583745 0)
(1.10978 -0.00641469 0)
(1.09106 -0.0050997 0)
(1.07346 -0.00337378 0)
(1.06116 -0.00109877 0)
(1.05246 0.00172191 0)
(1.04658 0.00491322 0)
(1.04382 0.00805333 0)
(1.04489 0.0104954 0)
(1.04963 0.0119952 0)
(1.05818 0.0127913 0)
(1.0718 0.0131566 0)
(1.09161 0.0133067 0)
(1.09247 0.0124211 0)
(0.978851 0.00826697 0)
(0.680737 0.00299327 0)
(0.290406 0.000469851 0)
(0.309131 0.00015766 0)
(0.512868 0.000300462 0)
(0.868843 -0.000574067 0)
(1.07075 -0.00301838 0)
(1.11052 -0.00375884 0)
(1.09359 -0.0027566 0)
(1.0762 -0.0011889 0)
(1.06401 0.00112155 0)
(1.0552 0.00391756 0)
(1.04892 0.00695852 0)
(1.04565 0.00982355 0)
(1.04623 0.0118165 0)
(1.0505 0.0127592 0)
(1.05859 0.0131064 0)
(1.07167 0.0129763 0)
(1.0905 0.012618 0)
(1.08648 0.0110077 0)
(0.965382 0.0067958 0)
(0.669717 0.0024792 0)
(0.28577 0.000400198 0)
(0.310677 0.000282404 0)
(0.513538 0.000573336 0)
(0.86532 0.000545765 0)
(1.06695 -0.000761888 0)
(1.11109 -0.00120407 0)
(1.09603 -0.000253608 0)
(1.07907 0.00142098 0)
(1.06704 0.00380872 0)
(1.05813 0.00654684 0)
(1.05153 0.0094279 0)
(1.04765 0.0120295 0)
(1.04745 0.0135517 0)
(1.05101 0.0139922 0)
(1.05836 0.013756 0)
(1.07098 0.0132139 0)
(1.08845 0.0123853 0)
(1.0798 0.0103672 0)
(0.9535 0.00636346 0)
(0.660208 0.00251993 0)
(0.281406 0.000429137 0)
(0.31314 0.000370535 0)
(0.515743 0.000833009 0)
(0.864388 0.0013455 0)
(1.06527 0.00091627 0)
(1.11228 0.00122376 0)
(1.09874 0.00257952 0)
(1.08203 0.00455824 0)
(1.06982 0.00705115 0)
(1.06057 0.00974275 0)
(1.05349 0.0124854 0)
(1.04885 0.0147667 0)
(1.04781 0.0157813 0)
(1.05062 0.015619 0)
(1.05743 0.0149481 0)
(1.06944 0.0139988 0)
(1.08568 0.012762 0)
(1.07311 0.0106338 0)
(0.942499 0.00677638 0)
(0.650587 0.00284814 0)
(0.276552 0.000507882 0)
(0.316562 0.000475783 0)
(0.519217 0.00111355 0)
(0.865083 0.00207869 0)
(1.06547 0.0021499 0)
(1.11485 0.00294515 0)
(1.10229 0.0048079 0)
(1.08543 0.00723092 0)
(1.07296 0.0100922 0)
(1.06336 0.0131568 0)
(1.05567 0.0161036 0)
(1.05008 0.0182707 0)
(1.04796 0.0189487 0)
(1.04988 0.0183813 0)
(1.05604 0.0171411 0)
(1.06752 0.0159097 0)
(1.08252 0.0144719 0)
(1.0663 0.0120944 0)
(0.930913 0.00772095 0)
(0.639909 0.00327328 0)
(0.270902 0.000609649 0)
(0.321306 0.00062111 0)
(0.524464 0.00150656 0)
(0.867074 0.00308755 0)
(1.06621 0.00341349 0)
(1.11795 0.00416209 0)
(1.10654 0.00610873 0)
(1.08949 0.00902091 0)
(1.07669 0.0126057 0)
(1.06659 0.0165006 0)
(1.05797 0.0202019 0)
(1.05118 0.0228637 0)
(1.04783 0.0237371 0)
(1.04858 0.023133 0)
(1.05392 0.0217119 0)
(1.06499 0.0197852 0)
(1.07869 0.0178147 0)
(1.05776 0.0143166 0)
(0.917294 0.00874108 0)
(0.627949 0.00370469 0)
(0.264365 0.000719983 0)
(0.32788 0.000835091 0)
(0.532196 0.00207799 0)
(0.871049 0.00456866 0)
(1.06686 0.00544944 0)
(1.12061 0.00579716 0)
(1.111 0.00747413 0)
(1.09441 0.0107944 0)
(1.08151 0.0152884 0)
(1.07081 0.0202883 0)
(1.06105 0.0251147 0)
(1.05278 0.0286975 0)
(1.0479 0.0300975 0)
(1.04736 0.0296101 0)
(1.05136 0.0280481 0)
(1.06121 0.0256347 0)
(1.07234 0.0222815 0)
(1.04558 0.0166273 0)
(0.901425 0.0096806 0)
(0.614837 0.00420338 0)
(0.256861 0.000847098 0)
(0.336888 0.00112528 0)
(0.543201 0.00282624 0)
(0.878255 0.00660493 0)
(1.06818 0.00866424 0)
(1.12245 0.00882673 0)
(1.11557 0.0103976 0)
(1.10021 0.0141847 0)
(1.08752 0.0196001 0)
(1.07608 0.0256653 0)
(1.06496 0.0315084 0)
(1.05484 0.0357633 0)
(1.04812 0.037304 0)
(1.04593 0.0365984 0)
(1.04815 0.034405 0)
(1.05574 0.0311022 0)
(1.06235 0.0259432 0)
(1.02968 0.0184599 0)
(0.884123 0.0106935 0)
(0.600486 0.00484475 0)
(0.248164 0.000997188 0)
(0.349104 0.0015298 0)
(0.558372 0.00382852 0)
(0.889875 0.00926594 0)
(1.07212 0.0129118 0)
(1.12438 0.0139224 0)
(1.12046 0.0158719 0)
(1.10717 0.0205833 0)
(1.09462 0.0268942 0)
(1.08217 0.0337199 0)
(1.06933 0.0400297 0)
(1.05688 0.0441953 0)
(1.04795 0.0450424 0)
(1.0437 0.0433706 0)
(1.0437 0.0399793 0)
(1.0478 0.0351891 0)
(1.04931 0.0284601 0)
(1.01199 0.0201669 0)
(0.866123 0.0121571 0)
(0.58436 0.00572906 0)
(0.237953 0.00118566 0)
(0.3654 0.00208446 0)
(0.578641 0.00517554 0)
(0.906886 0.0126112 0)
(1.0804 0.0181601 0)
(1.12891 0.0211146 0)
(1.12701 0.0247124 0)
(1.11532 0.0305113 0)
(1.10254 0.0376243 0)
(1.08865 0.0449029 0)
(1.07354 0.0510666 0)
(1.05824 0.0543094 0)
(1.04669 0.0536361 0)
(1.03991 0.0502612 0)
(1.0372 0.045142 0)
(1.03757 0.0387458 0)
(1.03456 0.0310958 0)
(0.993986 0.0225908 0)
(0.847178 0.0143172 0)
(0.565641 0.00691461 0)
(0.225812 0.00142074 0)
(0.387092 0.00290527 0)
(0.605369 0.007136 0)
(0.930322 0.0171576 0)
(1.09449 0.0249798 0)
(1.13803 0.0302829 0)
(1.13626 0.0362977 0)
(1.12489 0.0436746 0)
(1.1111 0.0517431 0)
(1.09507 0.0593199 0)
(1.07699 0.0648746 0)
(1.0583 0.0665443 0)
(1.04366 0.063691 0)
(1.03408 0.0581387 0)
(1.02844 0.0510822 0)
(1.02554 0.0432721 0)
(1.01909 0.0349776 0)
(0.975703 0.0262531 0)
(0.826238 0.0172162 0)
(0.543534 0.00837809 0)
(0.211294 0.00168814 0)
(0.416282 0.00419112 0)
(0.640639 0.0101487 0)
(0.961659 0.0236123 0)
(1.11538 0.0339966 0)
(1.15267 0.041868 0)
(1.14912 0.0508145 0)
(1.13641 0.0602683 0)
(1.12034 0.0694864 0)
(1.10117 0.0772041 0)
(1.0793 0.0817662 0)
(1.05665 0.0813936 0)
(1.03848 0.0759973 0)
(1.02596 0.0680236 0)
(1.01751 0.0589933 0)
(1.0119 0.0498096 0)
(1.00281 0.0407764 0)
(0.956102 0.0314239 0)
(0.801822 0.0209936 0)
(0.516869 0.0101722 0)
(0.194026 0.00200312 0)
(0.456311 0.00644084 0)
(0.687805 0.015202 0)
(1.00345 0.0333953 0)
(1.14383 0.0469099 0)
(1.17363 0.0579158 0)
(1.16609 0.0699808 0)
(1.15006 0.0815485 0)
(1.1301 0.091692 0)
(1.1066 0.0991063 0)
(1.08013 0.102165 0)
(1.053 0.0992712 0)
(1.031 0.0910506 0)
(1.01545 0.0805378 0)
(1.00442 0.0694898 0)
(0.99647 0.0588168 0)
(0.984999 0.0487338 0)
(0.933818 0.0382094 0)
(0.77253 0.0257055 0)
(0.484817 0.01235 0)
(0.173694 0.00235226 0)
(0.512347 0.0112535 0)
(0.752951 0.0246269 0)
(1.06067 0.0502296 0)
(1.18092 0.0676098 0)
(1.20089 0.0821707 0)
(1.18668 0.0966857 0)
(1.16516 0.109553 0)
(1.13971 0.119646 0)
(1.11077 0.125801 0)
(1.07903 0.12651 0)
(1.04711 0.120447 0)
(1.02113 0.109044 0)
(1.00254 0.0959015 0)
(0.989086 0.0827734 0)
(0.978946 0.0704815 0)
(0.964831 0.059101 0)
(0.907452 0.0468392 0)
(0.736914 0.0314919 0)
(0.447014 0.0149671 0)
(0.15072 0.00272932 0)
(0.592977 0.0262987 2.14029e-22)
(0.843888 0.046484 1.8695e-20)
(1.13218 0.0812012 1.73685e-21)
(1.22452 0.101447 1.10891e-21)
(1.23129 0.119092 0)
(1.20845 0.13409 -8.88e-22)
(1.17994 0.146311 7.55611e-22)
(1.14796 0.154843 -1.96839e-22)
(1.11285 0.15863 0)
(1.07529 0.156251 0)
(1.03812 0.146603 7.30666e-21)
(1.00774 0.131879 0)
(0.985754 0.116153 2.57026e-20)
(0.969518 0.101014 3.58296e-20)
(0.956798 0.0872469 0)
(0.939459 0.0747559 0)
(0.873964 0.0607652 0)
(0.691193 0.0411942 -2.14172e-21)
(0.400904 0.0200165 -2.53469e-21)
(0.126841 0.00484652 -4.52079e-20)
(0.653335 0.0566374 4.90936e-21)
(0.916394 0.0854391 4.09739e-20)
(1.1907 0.12833 7.19799e-21)
(1.26347 0.14982 0)
(1.25865 0.167535 -4.88917e-21)
(1.22779 0.180946 -5.13958e-21)
(1.19229 0.191403 1.50923e-21)
(1.15365 0.197918 3.54174e-21)
(1.11207 0.199313 1.07751e-20)
(1.06804 0.194103 0)
(1.02456 0.181253 -6.80589e-20)
(0.988573 0.163626 -2.36999e-20)
(0.961973 0.145672 -1.55366e-20)
(0.941798 0.128715 0)
(0.925288 0.113332 -8.90206e-20)
(0.902319 0.0992129 -6.71801e-21)
(0.82975 0.0829682 -1.31141e-19)
(0.640046 0.0585862 -3.13507e-19)
(0.359524 0.0307851 1.96623e-19)
(0.109688 0.00915357 2.1565e-19)
(0.671187 0.0955492 5.85965e-20)
(0.953045 0.135488 -7.08289e-20)
(1.22919 0.187962 -1.0682e-20)
(1.29331 0.20977 0)
(1.28008 0.224745 0)
(1.24268 0.234753 -1.003e-20)
(1.20091 0.24192 -4.86124e-23)
(1.15609 0.245247 9.16804e-21)
(1.10846 0.24341 -1.38393e-20)
(1.0584 0.234882 2.69372e-20)
(1.009 0.218733 0)
(0.96791 0.198445 -4.95412e-20)
(0.937195 0.178684 0)
(0.913487 0.160538 -4.16273e-20)
(0.893812 0.14433 1.27515e-19)
(0.868032 0.129377 -1.31837e-20)
(0.797179 0.110962 -1.85816e-20)
(0.617278 0.0816394 0)
(0.357055 0.0469297 2.26414e-19)
(0.116867 0.0156944 -2.52679e-19)
(0.668835 0.132025 1.58415e-19)
(0.965251 0.187283 -1.4492e-19)
(1.25195 0.251664 -1.0059e-19)
(1.31288 0.274813 0)
(1.29412 0.286509 -3.87681e-20)
(1.25194 0.292621 2.10346e-20)
(1.20524 0.295869 8.57515e-21)
(1.15525 0.295405 3.21313e-21)
(1.10231 0.289862 -4.82939e-20)
(1.04689 0.277672 0)
(0.992249 0.258105 2.76041e-21)
(0.946693 0.235223 -9.63084e-22)
(0.912523 0.21388 3.6768e-20)
(0.886041 0.194809 4.62459e-20)
(0.864166 0.178038 8.49196e-20)
(0.837367 0.162404 -3.5708e-20)
(0.77107 0.142898 -2.10978e-20)
(0.608664 0.10953 1.77289e-19)
(0.367693 0.0669821 -1.48075e-20)
(0.12988 0.0244808 2.67724e-19)
(0.659215 0.164989 -2.24826e-19)
(0.964613 0.237133 2.49741e-20)
(1.26312 0.315886 1.62597e-19)
(1.32385 0.341004 1.19918e-19)
(1.30127 0.349617 6.14299e-20)
(1.25563 0.351935 5.0949e-20)
(1.20518 0.351246 0)
(1.15108 0.346905 0)
(1.09373 0.337521 -2.85437e-20)
(1.03369 0.321542 0)
(0.974557 0.29845 -9.01251e-20)
(0.925303 0.272935 6.54206e-20)
(0.888439 0.249992 2.69549e-21)
(0.859893 0.230048 5.41822e-20)
(0.836486 0.212866 -2.57183e-19)
(0.809558 0.196958 -1.55817e-19)
(0.748639 0.176633 -2.15372e-19)
(0.602955 0.139721 4.5615e-19)
(0.377945 0.0887781 5.37985e-19)
(0.140977 0.0340292 -1.94676e-20)
(0.647346 0.194929 0)
(0.957257 0.283715 0)
(1.26644 0.378736 0)
(1.32821 0.406425 -1.06005e-19)
(1.30283 0.41234 -6.44339e-20)
(1.25464 0.411039 -6.97397e-20)
(1.20127 0.406626 1.3844e-20)
(1.14386 0.398537 1.33202e-21)
(1.08287 0.385385 5.18365e-20)
(1.01893 0.36563 0)
(0.955988 0.338965 -9.71301e-20)
(0.903711 0.310718 6.38607e-20)
(0.864806 0.286024 0)
(0.834876 0.265096 0)
(0.810622 0.247456 -7.13919e-20)
(0.784112 0.231354 1.32031e-19)
(0.727993 0.210066 0)
(0.595268 0.17007 -4.99927e-19)
(0.381698 0.110411 5.92996e-19)
(0.146883 0.0431408 -7.00269e-19)
(0.635855 0.222671 -3.13726e-19)
(0.946955 0.327224 -2.60747e-21)
(1.26434 0.439251 -1.85735e-19)
(1.32748 0.469945 6.11734e-20)
(1.30005 0.473535 0)
(1.24991 0.46895 4.87382e-20)
(1.19422 0.461095 -1.5365e-20)
(1.1341 0.449476 -3.91751e-21)
(1.07005 0.432724 -1.78114e-20)
(1.00278 0.40928 7.48582e-20)
(0.936554 0.379022 -4.86499e-20)
(0.881753 0.347877 -7.17011e-20)
(0.841278 0.321211 -1.01799e-19)
(0.810483 0.299029 -6.08488e-20)
(0.78592 0.280648 3.88297e-19)
(0.760235 0.264 2.36172e-19)
(0.708248 0.24152 6.01262e-20)
(0.584501 0.197986 -2.73729e-19)
(0.379161 0.129336 -4.03823e-20)
(0.147528 0.0506422 7.63151e-19)
(0.625507 0.248691 -1.35748e-19)
(0.935673 0.368019 0)
(1.25851 0.496968 1.09863e-19)
(1.32296 0.53098 7.64281e-20)
(1.294 0.532584 1.01303e-20)
(1.24233 0.525079 5.0846e-20)
(1.18475 0.514091 5.32183e-20)
(1.12237 0.499208 8.23439e-21)
(1.05569 0.479061 -6.66533e-20)
(0.985477 0.452074 -3.34155e-20)
(0.916363 0.41822 5.23538e-20)
(0.859353 0.384002 -1.63495e-19)
(0.817551 0.355091 1.01401e-21)
(0.786217 0.331278 -1.3964e-19)
(0.76167 0.311772 -8.66502e-20)
(0.73686 0.294142 1.03344e-19)
(0.688035 0.27018 1.86545e-19)
(0.570475 0.222594 0)
(0.37144 0.144967 -4.41207e-20)
(0.144758 0.0564559 -7.55438e-19)
(0.61663 0.273331 0)
(0.924507 0.406389 -3.31446e-19)
(1.25049 0.55144 0)
(1.31568 0.589195 -1.89186e-19)
(1.28549 0.589124 -1.02387e-19)
(1.23259 0.579053 -3.25226e-21)
(1.17348 0.565256 -1.20942e-20)
(1.10919 0.5474 -1.16381e-20)
(1.0402 0.524116 6.18264e-21)
(0.967333 0.493759 3.03177e-20)
(0.895525 0.456359 -5.85509e-22)
(0.836555 0.41893 -8.46511e-20)
(0.793709 0.387491 -1.14644e-19)
(0.761959 0.361699 1.4681e-19)
(0.737532 0.340688 -2.76041e-19)
(0.713513 0.321752 1.12685e-19)
(0.666994 0.295774 -2.74715e-19)
(0.553543 0.243743 6.53253e-19)
(0.359417 0.15752 -4.79993e-20)
(0.139185 0.0604525 -5.63641e-20)
(0.609381 0.296996 -1.1818e-19)
(0.914019 0.442847 -9.68401e-20)
(1.24111 0.603078 -2.97905e-19)
(1.3065 0.644427 -2.15913e-19)
(1.27519 0.643004 -1.38802e-19)
(1.22129 0.630647 -8.74564e-20)
(1.16091 0.614359 -1.11722e-19)
(1.09498 0.593836 -3.8912e-20)
(1.02395 0.567696 -1.72096e-20)
(0.948643 0.534204 -7.94577e-20)
(0.874298 0.493349 -1.30685e-19)
(0.813429 0.452598 -1.92098e-19)
(0.769557 0.418384 2.49181e-19)
(0.737395 0.390341 -1.65759e-19)
(0.713118 0.367479 1.03869e-19)
(0.689802 0.346873 -3.68168e-19)
(0.644858 0.318397 2.96195e-19)
(0.534069 0.26126 -3.54743e-19)
(0.344044 0.166938 5.22404e-20)
(0.131351 0.0627438 1.18812e-22)
(0.603523 0.319806 1.32943e-19)
(0.904444 0.477602 -1.08966e-19)
(1.23095 0.651942 3.28445e-19)
(1.29594 0.696703 2.34003e-19)
(1.26365 0.694153 3.1558e-19)
(1.20893 0.679766 -8.01266e-20)
(1.14748 0.661275 0)
(1.08013 0.638384 -1.62644e-20)
(1.00726 0.609686 -3.20681e-21)
(0.929678 0.573326 -6.37171e-20)
(0.852821 0.52916 0)
(0.789884 0.485038 1.09524e-19)
(0.744869 0.447811 -1.39536e-19)
(0.712326 0.417192 -5.31832e-19)
(0.688181 0.392203 -1.09398e-19)
(0.665386 0.369602 -4.79383e-21)
(0.621328 0.338142 0)
(0.512173 0.275293 -2.92157e-19)
(0.326036 0.173393 -5.69494e-20)
(0.121903 0.0635445 -6.71355e-20)
(0.598928 0.342022 -5.87736e-19)
(0.895808 0.510825 6.13334e-21)
(1.22042 0.698147 1.84484e-19)
(1.28443 0.746087 1.34e-19)
(1.25128 0.742554 1.72659e-19)
(1.1959 0.726374 -1.16169e-19)
(1.13354 0.705946 -4.69815e-20)
(1.06495 0.680975 -1.13878e-20)
(0.990405 0.650015 -1.25103e-20)
(0.910621 0.611078 -2.71687e-20)
(0.831165 0.563824 -7.36552e-20)
(0.766055 0.516333 -2.24043e-19)
(0.719726 0.475938 1.81152e-21)
(0.68665 0.442491 0)
(0.662553 0.415074 -2.35941e-19)
(0.64009 0.390139 1.48108e-19)
(0.596267 0.355155 -7.95286e-19)
(0.487901 0.28601 0)
(0.30565 0.176747 4.98623e-19)
(0.111201 0.0627201 0)
(0.595125 0.363611 2.24559e-21)
(0.887961 0.542626 6.6717e-21)
(1.20987 0.741934 -2.03229e-19)
(1.27236 0.792668 0)
(1.23845 0.788245 -3.01307e-19)
(1.18251 0.770486 1.22223e-19)
(1.11939 0.748365 -3.6903e-20)
(1.04969 0.72158 1.27532e-19)
(0.973603 0.688656 3.4991e-21)
(0.891681 0.64746 0)
(0.809595 0.597402 3.05994e-19)
(0.74208 0.54664 1.19832e-19)
(0.694169 0.502947 7.88316e-20)
(0.660318 0.466422 -4.17548e-19)
(0.63615 0.436282 2.59056e-19)
(0.61382 0.408641 0)
(0.56964 0.369519 3.8257e-19)
(0.461415 0.29349 2.29891e-19)
(0.283116 0.17703 5.44025e-19)
(0.0994044 0.0603341 -6.36575e-19)
(0.592316 0.38467 -3.68482e-19)
(0.881021 0.573116 2.97137e-19)
(1.1993 0.783508 4.71903e-19)
(1.25999 0.836526 0)
(1.22541 0.831294 -1.21387e-19)
(1.16901 0.812147 3.57969e-19)
(1.10525 0.788551 -1.53655e-19)
(1.03459 0.760201 1.88229e-20)
(0.95707 0.725605 4.59922e-21)
(0.873099 0.682495 1.83443e-19)
(0.788295 0.629967 -8.19187e-20)
(0.718054 0.576105 -6.7661e-20)
(0.6682 0.529058 1.51735e-21)
(0.633307 0.489188 -1.15556e-19)
(0.6089 0.455991 -2.3442e-21)
(0.586506 0.425215 -3.39275e-21)
(0.541404 0.381221 -1.04349e-19)
(0.432719 0.2976 3.74735e-19)
(0.25857 0.174178 7.36865e-20)
(0.0865089 0.056277 0)
(0.589799 0.405042 2.06388e-19)
(0.874686 0.602211 -1.664e-19)
(1.18883 0.822766 -2.57858e-19)
(1.24754 0.877729 0)
(1.21236 0.871791 -1.29823e-19)
(1.1556 0.851417 0)
(1.09129 0.826543 -4.91179e-20)
(1.0198 0.796862 -1.34266e-19)
(0.941 0.760878 -1.06393e-20)
(0.855046 0.716194 -1.233e-20)
(0.767417 0.661573 -4.0783e-21)
(0.694156 0.604886 2.73916e-19)
(0.64192 0.554497 -1.89162e-19)
(0.605576 0.511007 -2.51648e-19)
(0.580707 0.474363 -3.10597e-19)
(0.558042 0.439926 -3.58383e-21)
(0.511487 0.390225 2.22872e-21)
(0.401517 0.298166 6.80622e-19)
(0.232098 0.168072 -6.43749e-19)
(0.0730394 0.0506997 0)
(0.587614 0.424668 -6.79358e-19)
(0.868935 0.629877 3.76625e-19)
(1.17847 0.859752 5.78015e-19)
(1.23517 0.916402 -1.02903e-18)
(1.19947 0.909824 2.70315e-19)
(1.14242 0.888365 3.62172e-19)
(1.07769 0.862391 -2.49021e-19)
(1.00548 0.831596 -6.60833e-21)
(0.925507 0.794484 1.39434e-20)
(0.837642 0.748561 -7.77061e-21)
(0.747143 0.69227 -3.90823e-20)
(0.670559 0.633121 -2.13459e-19)
(0.615463 0.579509 -4.07179e-19)
(0.57711 0.532184 1.36695e-19)
(0.551433 0.491589 1.64349e-19)
(0.528303 0.45275 -4.09472e-19)
(0.479912 0.396302 4.9664e-19)
(0.368376 0.295012 1.49158e-19)
(0.204092 0.1587 -1.74665e-19)
(0.059385 0.0439157 -4.10904e-19)
(0.585613 0.44355 -4.97193e-19)
(0.863642 0.656322 2.08333e-19)
(1.16832 0.894609 1.63787e-19)
(1.223 0.952664 -6.81768e-19)
(1.18684 0.945496 -1.49529e-19)
(1.12959 0.923082 4.07566e-19)
(1.06451 0.896156 -1.25852e-20)
(0.991711 0.864432 4.15754e-19)
(0.910691 0.826428 3.52412e-20)
(0.821031 0.779606 -6.97419e-21)
(0.727646 0.722089 0)
(0.647456 0.660914 3.06897e-19)
(0.588973 0.604337 0)
(0.547925 0.553057 -2.86052e-19)
(0.520864 0.507901 0)
(0.496987 0.463556 0)
(0.446546 0.398899 2.51959e-21)
(0.333761 0.287694 -1.60601e-19)
(0.175742 0.146363 9.49964e-19)
(0.0461923 0.0363236 8.91965e-19)
(0.583824 0.461616 2.76816e-19)
(0.858555 0.681486 4.52073e-19)
(1.15839 0.927381 -3.52131e-19)
(1.2111 0.986611 8.96746e-19)
(1.17456 0.978903 3.53963e-19)
(1.11717 0.955641 1.05201e-19)
(1.05185 0.927904 8.15267e-21)
(0.978564 0.895421 -3.67693e-20)
(0.896629 0.85675 4.59094e-20)
(0.805298 0.809332 5.93747e-21)
(0.709066 0.751045 2.69309e-20)
(0.625052 0.688348 -3.22472e-19)
(0.562683 0.629189 0)
(0.51808 0.574036 -1.58357e-19)
(0.488691 0.523708 0)
(0.463482 0.472162 -2.42233e-19)
(0.411027 0.397004 -5.8881e-19)
(0.298355 0.275216 -1.76065e-19)
(0.148583 0.131101 2.07024e-19)
(0.0343541 0.0284958 -6.04737e-19)
(0.581836 0.478803 0)
(0.853587 0.705366 0)
(1.14874 0.958139 5.83722e-19)
(1.19952 1.01836 5.66929e-19)
(1.1627 1.01016 0)
(1.10524 0.986135 -5.89542e-20)
(1.03976 0.957702 0)
(0.96609 0.924608 3.25294e-19)
(0.883375 0.885471 -1.05203e-20)
(0.790513 0.837737 1.44966e-19)
(0.691516 0.779115 4.0807e-19)
(0.603545 0.715453 -3.36881e-19)
(0.536855 0.654225 -4.29957e-19)
(0.487777 0.595553 0)
(0.454621 0.539681 -6.43573e-19)
(0.426688 0.478713 -5.29723e-19)
(0.372107 0.389041 3.23632e-19)
(0.263139 0.255045 3.79083e-19)
(0.126496 0.111833 2.22911e-19)
(0.0270984 0.0210477 -6.54158e-19)
(0.580096 0.495246 3.30597e-19)
(0.848911 0.727911 2.68861e-19)
(1.13934 0.986937 -4.22764e-19)
(1.1883 1.04799 4.74414e-19)
(1.15128 1.03935 0)
(1.09382 1.01466 -6.58209e-20)
(1.02825 0.985629 -3.30646e-19)
(0.95432 0.952049 3.24862e-19)
(0.870951 0.912613 0)
(0.776716 0.864813 2.55293e-19)
(0.675104 0.806268 -3.9446e-19)
(0.583137 0.742237 2.61869e-19)
(0.511772 0.679527 3.36857e-21)
(0.457378 0.617973 -7.93087e-19)
(0.418555 0.55679 -1.17204e-19)
(0.385102 0.48411 -2.87474e-19)
(0.32654 0.37375 3.50045e-19)
(0.22662 0.221328 0)
(0.117147 0.0773363 0)
(0.0489347 0.0128769 0)
(0.578087 0.510714 7.24399e-19)
(0.844307 0.749388 8.94591e-19)
(1.13019 1.01393 2.33169e-19)
(1.17741 1.07571 0)
(1.14031 1.06671 8.14697e-19)
(1.08289 1.04145 -8.03555e-20)
(1.01726 1.01196 4.13173e-20)
(0.943141 0.978054 7.39298e-19)
(0.859213 0.938512 -1.04172e-19)
(0.763733 0.89092 9.55892e-21)
(0.659643 0.832882 -8.01319e-21)
(0.563694 0.76919 0)
(0.487258 0.705651 -4.974e-19)
(0.426677 0.641915 -1.70843e-19)
(0.379936 0.576661 0)
(0.336328 0.490575 0)
(0.267086 0.352029 0)
(0.175279 0.167976 8.67367e-23)
(0.0823148 0.0357763 -4.72948e-19)
(-0.0185794 0.170537 3.97513e-19)
(0.576101 0.525472 5.88963e-19)
(0.839639 0.769691 4.91042e-19)
(1.12128 1.03938 2.55675e-19)
(1.16674 1.10187 7.18902e-19)
(1.12962 1.09272 -1.2005e-19)
(1.07222 1.06714 6.51259e-19)
(1.00651 1.03743 -9.94885e-20)
(0.932242 1.00348 -4.35521e-19)
(0.847765 0.96418 -1.25708e-20)
(0.751067 0.917258 -4.71933e-20)
(0.644445 0.860342 0)
(0.5443 0.797906 3.28998e-19)
(0.462101 0.734448 0)
(0.39456 0.669099 -5.92791e-19)
(0.337576 0.602234 2.17945e-19)
(0.275487 0.501201 5.73608e-19)
(0.18463 0.32458 -3.55569e-19)
(0.0711161 0.244455 -4.13754e-19)
(0.0114305 0.908684 2.44599e-19)
(0.0533819 2.37302 5.41433e-19)
(0.574411 0.539672 4.30907e-19)
(0.834861 0.788941 0)
(1.11274 1.0633 -5.50801e-19)
(1.15631 1.12638 -9.7647e-19)
(1.11935 1.11725 -1.33595e-19)
(1.06198 1.09156 8.40345e-20)
(0.99618 1.06176 5.36065e-19)
(0.921787 1.02801 4.51717e-19)
(0.836835 0.989199 -1.41315e-20)
(0.739032 0.943309 -3.48961e-20)
(0.630003 0.888046 -3.32437e-19)
(0.52572 0.827695 2.63777e-19)
(0.437328 0.765623 4.76245e-19)
(0.362612 0.698527 -8.70221e-20)
(0.295577 0.632623 -4.37998e-19)
(0.204425 0.513251 2.71455e-19)
(0.101374 0.497649 3.45249e-19)
(0.0882551 1.6273 2.0921e-19)
(0.128679 2.9152 -2.27895e-19)
(0.128577 3.31862 -3.02281e-19)
(0.57399 0.55413 0)
(0.829222 0.80706 -7.18171e-19)
(1.10431 1.08576 0)
(1.14604 1.14922 -1.01833e-19)
(1.10966 1.14044 1.40059e-19)
(1.05228 1.11479 -1.9254e-19)
(0.986475 1.08507 -5.19403e-19)
(0.911806 1.05165 -3.56751e-20)
(0.826487 1.01357 -2.16002e-19)
(0.72771 0.969036 2.97675e-20)
(0.616482 0.915964 0)
(0.508269 0.858421 -2.99535e-19)
(0.413624 0.799683 4.61273e-19)
(0.331296 0.729385 0)
(0.258658 0.660546 -7.23867e-19)
(0.143609 0.647762 -2.51233e-19)
(0.143419 1.66413 3.35025e-19)
(0.191754 3.0819 5.31371e-19)
(0.176575 3.37992 1.67992e-19)
(0.155848 3.44375 -2.3549e-19)
(0.558319 0.567414 -3.76352e-19)
(0.785759 0.787246 3.51538e-19)
(1.08502 1.10091 6.55441e-19)
(1.13485 1.16934 5.75402e-19)
(1.09935 1.16111 1.74789e-19)
(1.04197 1.13557 9.72782e-20)
(0.97714 1.10695 6.36469e-20)
(0.901958 1.07395 -9.1843e-19)
(0.816316 1.03675 2.39202e-19)
(0.71664 0.993806 -4.66615e-20)
(0.603468 0.943431 1.34972e-21)
(0.491711 0.88931 2.72103e-20)
(0.391136 0.835783 -5.68281e-20)
(0.298166 0.75986 -8.16463e-20)
(0.240216 0.702471 -1.80004e-19)
(0.16475 0.995511 -1.01116e-19)
(0.234712 3.04574 3.13416e-19)
(0.248651 3.4045 -9.08049e-21)
(0.219455 3.45834 -1.86844e-19)
(0.180344 3.47875 -1.94541e-19)
(0.268552 0.259992 4.51942e-19)
(0.97293 1.00135 0)
(1.11582 1.16869 1.30071e-19)
(1.11361 1.19303 1.01329e-19)
(1.06223 1.17272 4.42166e-19)
(1.00064 1.14545 0)
(0.931183 1.11471 5.99065e-20)
(0.851128 1.08061 3.22215e-20)
(0.758566 1.04237 0)
(0.648889 0.997889 -3.49326e-20)
(0.531781 0.948935 0)
(0.422607 0.899466 -3.28415e-20)
(0.318236 0.847058 0)
(0.243627 0.847323 -7.36454e-20)
(0.220991 1.66313 0)
(0.285979 3.093 0)
(0.288612 3.42792 1.16317e-19)
(0.25926 3.48382 -1.43168e-19)
(0.227174 3.50465 -1.20698e-19)
(0.204801 3.54924 -1.03695e-20)
(0.271422 0.260264 -2.21329e-19)
(0.970004 1.02022 4.77558e-21)
(1.10701 1.18889 -5.58101e-19)
(1.10264 1.21314 -8.04598e-19)
(1.05115 1.19282 6.91803e-19)
(0.98961 1.16581 -1.43564e-20)
(0.920155 1.13551 3.8637e-19)
(0.839992 1.10214 5.92462e-20)
(0.747058 1.06521 1.62118e-19)
(0.636359 1.02319 -5.4028e-22)
(0.517103 0.978397 2.23224e-19)
(0.404438 0.933892 -3.01785e-19)
(0.297052 0.89598 -5.17582e-20)
(0.256061 1.16961 0)
(0.317537 2.6927 2.09102e-20)
(0.373117 3.40798 0)
(0.332991 3.50337 -2.06376e-21)
(0.293618 3.5364 -1.80204e-20)
(0.244979 3.56755 6.244e-20)
(0.222169 3.62135 4.72602e-20)
(0.252669 0.254468 -4.71813e-19)
(0.965664 1.04249 -7.44309e-19)
(1.09862 1.21212 1.41608e-19)
(1.0928 1.23629 0)
(1.04147 1.21598 6.84421e-19)
(0.980142 1.1891 -9.30219e-21)
(0.910616 1.15899 -4.4541e-19)
(0.830673 1.12642 -2.78209e-20)
(0.737836 1.09102 -2.0306e-19)
(0.626797 1.05189 3.10459e-20)
(0.506222 1.01177 2.09819e-19)
(0.391598 0.973311 2.04812e-19)
(0.294286 0.975281 0)
(0.316368 1.73651 -1.92672e-19)
(0.415409 3.24039 -1.31814e-19)
(0.430739 3.51615 3.35964e-20)
(0.379378 3.55638 0)
(0.327575 3.58738 -1.84055e-19)
(0.269299 3.64297 0)
(0.235005 3.70532 0)
(0.239079 0.25387 0)
(0.959376 1.06646 3.63309e-19)
(1.08909 1.23663 8.00838e-19)
(1.08192 1.26028 7.9162e-19)
(1.03074 1.23979 4.21694e-19)
(0.96967 1.21286 -1.37025e-18)
(0.900427 1.18299 -3.91596e-19)
(0.820944 1.15112 0)
(0.72847 1.11722 3.5104e-20)
(0.617525 1.08093 -9.66542e-20)
(0.496425 1.04564 1.44317e-19)
(0.381875 1.01462 2.36459e-20)
(0.310554 1.12102 2.78101e-19)
(0.399705 2.40951 -1.79687e-19)
(0.502266 3.44503 -6.1958e-21)
(0.474404 3.56899 0)
(0.43315 3.61657 0)
(0.376837 3.67671 1.51366e-19)
(0.317511 3.69744 -4.91867e-19)
(0.246361 3.65246 9.03338e-19)
(0.229311 0.255583 -4.44521e-19)
(0.950871 1.09107 6.92794e-19)
(1.07798 1.26212 -2.69155e-19)
(1.0698 1.28509 -7.64656e-19)
(1.01891 1.26421 -5.46542e-19)
(0.958272 1.23712 -7.24375e-19)
(0.8896 1.20743 -3.97531e-19)
(0.8108 1.17617 -6.2e-20)
(0.718984 1.14367 -2.95807e-19)
(0.608569 1.11016 1.68421e-19)
(0.487688 1.07969 5.6775e-22)
(0.375923 1.06073 1.71529e-20)
(0.35002 1.37979 1.83353e-19)
(0.494968 2.99866 -1.74798e-20)
(0.576396 3.53172 -1.18392e-19)
(0.526306 3.60141 0)
(0.492164 3.68886 0)
(0.477166 3.71711 0)
(0.440761 3.61703 7.25094e-19)
(0.185333 2.67258 7.60735e-19)
(0.222079 0.259189 -8.43567e-19)
(0.940482 1.11622 0)
(1.06532 1.28856 5.1544e-19)
(1.05656 1.31091 -5.69998e-19)
(1.00619 1.28948 6.75341e-19)
(0.94622 1.26207 7.46667e-19)
(0.878341 1.2324 -4.28838e-19)
(0.800478 1.20161 -6.51033e-19)
(0.709675 1.17042 -3.30349e-20)
(0.60029 1.13959 2.68946e-19)
(0.480418 1.1139 3.4706e-20)
(0.376425 1.1181 8.64595e-20)
(0.412689 1.74347 2.0592e-19)
(0.583729 3.31318 0)
(0.635633 3.57413 -2.043e-19)
(0.589147 3.63511 0)
(0.564686 3.69902 5.57412e-20)
(0.52629 3.60321 -3.00237e-19)
(0.556461 3.10121 -4.60014e-19)
(0.240721 1.50934 -4.61587e-19)
(0.216571 0.263836 0)
(0.928396 1.14184 9.8482e-19)
(1.05115 1.31595 2.5384e-19)
(1.04221 1.33778 -5.61188e-19)
(0.992634 1.31568 -1.35414e-19)
(0.933564 1.2878 -6.33667e-19)
(0.86672 1.25796 -3.53623e-19)
(0.790077 1.22747 1.15278e-18)
(0.700671 1.19745 0)
(0.592854 1.16909 -2.74059e-19)
(0.474945 1.14803 6.14295e-20)
(0.386086 1.1952 3.22641e-21)
(0.489759 2.15681 4.24446e-21)
(0.664097 3.4602 -6.65637e-20)
(0.68395 3.59865 -1.4672e-19)
(0.648344 3.66267 0)
(0.619348 3.63486 -4.90295e-19)
(0.555764 3.20258 -3.27494e-19)
(0.216517 1.28049 0)
(-0.134965 -0.19198 -2.6615e-19)
(0.211848 0.269041 -3.87897e-19)
(0.914512 1.16801 -9.40519e-19)
(1.03528 1.34444 9.61628e-19)
(1.02643 1.36599 1.73191e-19)
(0.97786 1.34327 -2.58156e-19)
(0.91991 1.3149 7.12837e-19)
(0.854358 1.28487 2.26542e-19)
(0.779247 1.25471 -6.48667e-19)
(0.691645 1.22593 3.77746e-19)
(0.585991 1.20024 -1.71999e-20)
(0.471254 1.18457 -2.94849e-19)
(0.407925 1.30913 0)
(0.582616 2.62518 -5.05567e-20)
(0.73761 3.53186 -1.42657e-19)
(0.725006 3.62075 1.53128e-19)
(0.704159 3.63878 0)
(0.622333 3.39786 0)
(0.36444 1.99273 0)
(-0.051196 -0.022791 -1.44402e-18)
(-0.0755786 -0.11679 8.47842e-19)
(0.206719 0.274223 -4.16422e-22)
(0.898654 1.19466 5.99028e-19)
(1.01762 1.37406 4.68525e-19)
(1.00909 1.39544 1.37955e-18)
(0.961717 1.37214 5.19801e-21)
(0.905154 1.34326 1.66279e-19)
(0.841192 1.31304 -5.66269e-19)
(0.767981 1.28323 5.06913e-19)
(0.682656 1.25575 3.5604e-19)
(0.579842 1.2329 2.5556e-20)
(0.470113 1.22454 -2.22617e-19)
(0.445262 1.47316 7.79221e-20)
(0.679693 3.02407 0)
(0.802155 3.57153 7.44793e-20)
(0.771543 3.62372 2.21567e-19)
(0.729733 3.55088 -6.38098e-19)
(0.529454 2.72497 -4.69666e-19)
(0.0621835 0.30607 0)
(-0.108304 -0.178508 -3.2183e-19)
(-0.0502234 -0.0755046 0)
(0.200861 0.279066 -1.07857e-18)
(0.880655 1.22136 5.73562e-19)
(0.997962 1.40462 -4.53323e-19)
(0.990001 1.42602 0)
(0.944077 1.40216 -2.38627e-19)
(0.889175 1.37279 6.69786e-19)
(0.827148 1.34235 -3.44907e-19)
(0.75625 1.31287 5.89752e-19)
(0.673752 1.28672 3.09697e-19)
(0.57455 1.26686 4.007e-19)
(0.472472 1.26981 -2.93127e-19)
(0.499968 1.68741 0)
(0.769145 3.28777 -2.57672e-19)
(0.855514 3.59398 4.13316e-19)
(0.813828 3.60484 4.28414e-19)
(0.71128 3.28944 -3.40626e-19)
(0.30061 1.44252 0)
(-0.107583 -0.111885 -7.74481e-19)
(-0.108412 -0.173911 -1.71931e-22)
(-0.0343583 -0.0514977 0)
(0.193744 0.282871 -6.89699e-19)
(0.860143 1.24794 -5.54632e-19)
(0.976029 1.43605 4.33635e-19)
(0.968978 1.45763 -6.03369e-21)
(0.924787 1.43322 -2.23677e-19)
(0.871867 1.40332 -6.72025e-19)
(0.812148 1.37261 1.09066e-19)
(0.744047 1.34343 -1.49826e-19)
(0.664997 1.31859 -3.96898e-19)
(0.570289 1.30181 4.69435e-19)
(0.479415 1.32253 0)
(0.56995 1.94589 1.95484e-19)
(0.8504 3.43842 1.22809e-19)
(0.901071 3.60063 -2.7607e-19)
(0.842561 3.53548 -5.05931e-19)
(0.609983 2.70818 -3.22644e-19)
(0.0569902 0.181993 8.09145e-19)
(-0.111572 -0.201574 -4.79353e-19)
(-0.0897882 -0.157347 1.42553e-19)
(-0.0240156 -0.0379881 -1.63675e-19)
(0.185162 0.285209 -6.58166e-19)
(0.836674 1.27384 0)
(0.951532 1.46813 1.11293e-20)
(0.9458 1.49004 3.21999e-19)
(0.903673 1.46511 -4.53898e-19)
(0.853086 1.43465 5.00843e-19)
(0.796115 1.40361 0)
(0.731358 1.37466 0)
(0.65644 1.35105 -3.79647e-19)
(0.567243 1.33742 9.80733e-19)
(0.492087 1.38485 4.03391e-19)
(0.652755 2.22988 -5.44252e-20)
(0.923533 3.5201 8.30731e-20)
(0.945426 3.5956 3.29521e-19)
(0.842639 3.37546 0)
(0.406356 1.76067 1.89345e-18)
(-0.132764 -0.0910485 1.13793e-18)
(-0.136445 -0.208093 8.92135e-19)
(-0.0845809 -0.138021 0)
(-0.0185509 -0.0292902 -1.52172e-19)
(0.175074 0.285134 9.66988e-19)
(0.809767 1.29846 -5.09877e-19)
(0.924182 1.50036 -4.03732e-19)
(0.92021 1.52297 -1.36996e-20)
(0.880521 1.49754 2.24413e-19)
(0.832677 1.46649 9.6453e-19)
(0.778942 1.43503 -4.38665e-19)
(0.718141 1.40618 -5.93714e-19)
(0.648117 1.3837 -3.9138e-19)
(0.565616 1.37326 5.42269e-19)
(0.511416 1.45809 5.03618e-19)
(0.745144 2.53096 -3.1297e-19)
(0.989093 3.55734 -3.542e-19)
(0.983643 3.57219 3.55782e-19)
(0.799674 3.08488 5.1963e-19)
(0.151433 0.574595 3.02453e-19)
(-0.111933 -0.208974 -7.26473e-19)
(-0.100694 -0.258471 0)
(-0.0483341 -0.137873 -9.90332e-19)
(-0.0102113 -0.0227466 2.84399e-19)
(0.163075 0.282781 3.12567e-19)
(0.778673 1.32063 -5.0082e-19)
(0.893649 1.53227 -1.3594e-20)
(0.891934 1.55602 -2.92343e-19)
(0.855101 1.53012 4.29525e-19)
(0.810444 1.49844 3.03426e-19)
(0.760476 1.46647 0)
(0.704294 1.4375 -1.5699e-19)
(0.640029 1.41598 -5.07581e-19)
(0.565473 1.40878 0)
(0.537079 1.54195 -5.74481e-19)
(0.841282 2.80264 -1.40798e-19)
(1.04874 3.56802 4.92168e-19)
(1.01292 3.52353 0)
(0.704506 2.63318 0)
(-0.0270428 0.0526439 3.01811e-19)
(-0.148471 -0.359546 -8.82997e-19)
(-0.0767904 -0.312567 -8.05884e-19)
(0.0417888 -0.0580465 -1.18418e-18)
(0.0313949 0.0426625 0)
(0.149075 0.277167 -3.01085e-19)
(0.742737 1.33871 -2.40238e-19)
(0.859594 1.56298 -7.53924e-19)
(0.860678 1.58861 0)
(0.827124 1.56238 0)
(0.786167 1.53002 2.96606e-19)
(0.740528 1.49741 -1.06299e-20)
(0.689654 1.46806 -1.50073e-19)
(0.63214 1.44706 -6.41441e-21)
(0.566786 1.44335 1.2282e-18)
(0.568158 1.63208 -5.24839e-19)
(0.93322 3.01516 1.53423e-19)
(1.10386 3.55934 -2.80709e-19)
(1.04071 3.43621 1.17233e-18)
(0.575986 2.09971 8.43706e-19)
(-0.147652 -0.218659 3.27646e-19)
(-0.116871 -0.523785 0)
(0.00310625 -0.345785 6.04584e-19)
(0.152545 0.0915148 -1.19738e-19)
(0.0988924 0.159406 9.32872e-19)
(0.133349 0.267451 0)
(0.701854 1.35083 2.25392e-19)
(0.821482 1.5912 1.07029e-18)
(0.826123 1.62012 -2.75122e-19)
(0.79629 1.5937 -4.0985e-19)
(0.759571 1.56061 -2.8896e-19)
(0.71885 1.52718 0)
(0.67395 1.49721 -3.02841e-19)
(0.624306 1.47596 -1.02378e-19)
(0.569592 1.47614 2.91133e-19)
(0.60264 1.719 0)
(1.01504 3.16344 0)
(1.1555 3.54468 2.65421e-19)
(1.07037 3.29685 3.65587e-19)
(0.476718 1.55148 -1.19931e-18)
(-0.20217 -0.728058 -1.67755e-18)
(-0.0750587 -0.702605 0)
(0.112232 -0.250879 -2.37921e-19)
(0.251454 0.357303 0)
(0.149286 0.320988 -1.5403e-19)
(0.115723 0.252958 8.19504e-19)
(0.655007 1.35437 0)
(0.77939 1.61539 0)
(0.787906 1.64967 7.96558e-19)
(0.762332 1.62339 3.89219e-19)
(0.730308 1.58953 -2.88994e-19)
(0.695127 1.55498 4.16917e-19)
(0.656853 1.52413 2.90479e-19)
(0.616101 1.50176 -4.11276e-19)
(0.573688 1.50524 -1.54095e-19)
(0.636934 1.79241 6.89374e-19)
(1.08567 3.24869 -3.68966e-19)
(1.19336 3.53605 0)
(1.07387 3.12783 -3.18202e-19)
(0.489709 1.12613 -2.32729e-19)
(-0.179081 -0.843018 -4.06489e-20)
(-0.1191 -0.558982 1.35795e-18)
(0.11186 0.263625 1.21164e-18)
(0.209028 0.600511 1.33105e-19)
(0.0968342 0.247291 -1.12174e-18)
(0.0972365 0.23295 0)
(0.602022 1.34584 -1.02165e-18)
(0.732377 1.63394 -3.25797e-19)
(0.745827 1.67607 -1.8222e-20)
(0.724944 1.65057 7.46179e-19)
(0.698041 1.61604 -2.82784e-19)
(0.668837 1.58005 -4.03133e-19)
(0.637937 1.54762 5.77261e-19)
(0.606731 1.52373 5.11803e-19)
(0.578813 1.52693 3.05548e-19)
(0.665327 1.84434 -1.41113e-19)
(1.15236 3.2852 -1.82836e-19)
(1.21627 3.55197 0)
(0.925805 3.03953 0)
(0.0674949 0.560645 -5.09134e-20)
(-0.764658 -0.291981 4.22741e-19)
(-0.79016 -0.405864 4.53802e-19)
(-0.032113 0.294032 6.64725e-19)
(0.203714 0.491381 1.32588e-19)
(0.0910549 0.198638 1.57246e-19)
(0.077753 0.207114 1.22668e-19)
(0.542662 1.32094 1.95738e-19)
(0.680045 1.64416 -3.07482e-19)
(0.699474 1.69826 1.44346e-21)
(0.683815 1.67439 1.79733e-19)
(0.662288 1.63918 -5.33206e-19)
(0.639374 1.60156 0)
(0.616391 1.56657 2.78885e-19)
(0.595367 1.54001 -1.97032e-19)
(0.583837 1.53849 2.91504e-19)
(0.686712 1.85182 3.78747e-19)
(1.23038 3.27639 -2.17351e-19)
(1.29455 3.60276 5.61523e-20)
(0.919197 3.19154 -6.26844e-19)
(-0.112063 1.28306 -2.73556e-19)
(-1.00352 0.0853817 0)
(-1.4003 -0.744433 -3.43274e-19)
(-1.30412 -1.09958 -2.51573e-19)
(-0.549497 -0.502779 0)
(0.112251 0.336795 -2.65211e-18)
(0.0572888 0.176073 9.18647e-19)
(0.475362 1.27544 -1.05933e-20)
(0.621836 1.64243 1.30043e-18)
(0.648836 1.71483 0)
(0.638635 1.69407 3.4514e-19)
(0.622599 1.65824 -2.51391e-19)
(0.605933 1.61859 0)
(0.59079 1.58028 -1.35712e-19)
(0.580855 1.54821 1.98511e-19)
(0.584802 1.53912 0)
(0.698454 1.80593 -1.29556e-19)
(1.32782 3.19053 3.88703e-19)
(1.54522 3.62131 3.73948e-19)
(1.42086 3.41575 -5.37744e-19)
(0.755128 1.89456 0)
(0.0696552 0.703585 1.51331e-20)
(-0.499858 -0.602858 1.41055e-18)
(-0.928286 -1.65132 -2.38844e-19)
(-1.01419 -2.0353 3.5214e-18)
(-0.315975 -0.713961 4.17823e-18)
(0.0393707 0.140523 9.57014e-19)
(0.399623 1.20296 -1.72772e-19)
(0.557152 1.62413 0)
(0.593991 1.72421 -1.33582e-20)
(0.589245 1.70934 -6.32227e-19)
(0.578328 1.67267 0)
(0.567577 1.63054 4.08037e-21)
(0.559493 1.58791 -1.22032e-19)
(0.559519 1.54847 0)
(0.579971 1.52571 -2.58247e-19)
(0.693411 1.70815 2.51248e-19)
(1.39802 2.95372 -1.68181e-19)
(1.80042 3.47102 7.25285e-19)
(1.91732 3.32189 2.74355e-19)
(1.55894 2.32333 1.26481e-19)
(0.812677 0.847905 -2.69579e-19)
(0.292579 -0.359573 -1.50135e-18)
(-0.189313 -1.37381 0)
(-0.510917 -2.16495 -5.4915e-19)
(-0.418308 -1.55381 1.77891e-20)
(0.023847 0.102768 9.6996e-20)
(0.318729 1.09533 6.35153e-19)
(0.483369 1.58358 1.0058e-18)
(0.534504 1.72418 -2.87641e-19)
(0.535195 1.71992 0)
(0.528812 1.6823 -1.09938e-19)
(0.523011 1.63736 -1.64717e-19)
(0.520821 1.58914 -2.32002e-19)
(0.527242 1.5411 3.24472e-19)
(0.557989 1.49245 -1.1563e-19)
(0.660507 1.57359 -1.05945e-19)
(1.26079 2.45949 2.6095e-19)
(1.79635 3.15933 -1.92402e-19)
(1.99816 3.03132 -6.95078e-20)
(1.90786 2.5053 -2.56663e-19)
(1.51392 1.46248 0)
(0.961805 0.34582 2.25157e-19)
(0.440203 -0.594022 -2.48753e-20)
(0.00219317 -1.339 1.31513e-20)
(-0.212252 -1.30244 -3.8418e-20)
(0.0120674 0.0654533 0)
(0.236307 0.950486 -7.29539e-20)
(0.402825 1.511 0)
(0.467954 1.71213 -6.57717e-22)
(0.475986 1.72479 -1.34385e-19)
(0.473288 1.68767 9.76023e-20)
(0.471024 1.63933 0)
(0.471887 1.58635 1.09023e-19)
(0.482069 1.52532 7.78461e-20)
(0.504622 1.45654 0)
(0.579356 1.43462 8.36075e-20)
(0.8707 1.83262 9.52889e-20)
(1.51916 2.81106 2.99995e-20)
(1.67673 2.84937 0)
(1.66058 2.56128 -8.01162e-20)
(1.43581 1.95802 9.44917e-19)
(1.07252 1.22404 -3.64385e-20)
(0.664505 0.514154 0)
(0.270624 -0.0759121 -6.10742e-20)
(-0.0195335 -0.380855 -7.23604e-20)
(0.00443291 0.0317322 1.44265e-22)
(0.156413 0.76201 3.00236e-19)
(0.317317 1.39849 0)
(0.394072 1.68197 8.31913e-20)
(0.411164 1.72347 2.49029e-19)
(0.411451 1.68976 0)
(0.41057 1.63889 -1.36292e-19)
(0.412521 1.58042 9.13391e-20)
(0.418796 1.51189 0)
(0.426032 1.42848 -4.09484e-20)
(0.470901 1.35664 -3.46395e-20)
(0.543817 1.51488 -2.67464e-20)
(1.04727 2.46957 -2.19125e-21)
(1.21314 2.82269 9.66193e-20)
(1.18281 2.77338 0)
(1.0598 2.48755 5.94721e-19)
(0.829033 2.01891 -8.64422e-19)
(0.557346 1.49171 1.14312e-18)
(0.288209 0.97862 -1.42799e-18)
(0.0517184 0.364318 -3.30495e-18)
(0.00104174 0.00451381 -2.8247e-19)
(0.0890239 0.541306 -4.57071e-20)
(0.229683 1.23462 -3.69088e-20)
(0.317545 1.63183 0)
(0.339965 1.71404 -2.86886e-20)
(0.34275 1.69057 2.1267e-20)
(0.34291 1.63672 -3.13624e-20)
(0.344499 1.57612 2.26431e-20)
(0.343822 1.50751 1.42409e-20)
(0.344516 1.41522 -2.04926e-20)
(0.341639 1.33627 -1.2867e-20)
(0.365589 1.39232 1.06235e-20)
(0.543866 2.10925 9.29866e-21)
(0.776257 2.86525 1.38018e-20)
(0.727903 2.98311 -6.92821e-20)
(0.648044 2.91581 -1.22515e-20)
(0.510788 2.62988 2.12215e-19)
(0.346893 2.22461 -2.04185e-19)
(0.180355 1.78374 5.0225e-20)
(0.0333601 0.817895 -3.36285e-19)
(0.00746523 0.006865 -3.40637e-33)
(0.0477694 0.326702 5.73749e-33)
(0.140347 1.00401 4.76962e-33)
(0.229605 1.53915 0)
(0.25968 1.69432 0)
(0.26678 1.68843 1.13858e-33)
(0.269579 1.63302 0)
(0.27295 1.57381 0)
(0.27304 1.50738 -9.27993e-34)
(0.265314 1.42795 0)
(0.235605 1.34603 0)
(0.222075 1.37729 0)
(0.22276 1.79512 0)
(0.429631 2.82915 0)
(0.413621 3.11886 0)
(0.356125 3.15813 0)
(0.275792 3.00983 0)
(0.17289 2.68772 0)
(0.0771694 2.294 0)
(-0.000460252 0.985844 0)
(0.00824949 -0.068741 0)
(0.0264248 0.191247 0)
(0.0631949 0.797514 0)
(0.128798 1.41384 0)
(0.16649 1.65482 0)
(0.184656 1.67138 0)
(0.197969 1.62387 0)
(0.209439 1.56878 0)
(0.213642 1.50971 0)
(0.205843 1.44503 0)
(0.171002 1.37147 0)
(0.140921 1.4044 0)
(0.105561 1.69655 0)
(0.246733 2.75141 0)
(0.251911 3.18107 0)
(0.209979 3.28465 0)
(0.159076 3.20986 0)
(0.0864424 2.9353 0)
(0.0202953 2.55323 0)
(-0.00738742 1.00562 0)
(0.00259491 -0.104663 0)
(-0.00270387 0.167269 0)
(-0.0025774 0.720459 0)
(0.0305303 1.31465 0)
(0.0726681 1.59575 0)
(0.105777 1.63734 0)
(0.13283 1.60285 0)
(0.153277 1.556 0)
(0.165271 1.50931 0)
(0.161815 1.46026 0)
(0.127697 1.40221 0)
(0.092463 1.43367 0)
(0.057657 1.66883 0)
(0.140538 2.66779 0)
(0.144396 3.20968 0)
(0.112643 3.37039 0)
(0.0751919 3.33979 0)
(0.0261309 3.10435 0)
(-0.0134346 2.69311 0)
(-0.00979133 0.930801 0)
(-0.00701628 -0.0668635 0)
(-0.0328577 0.22411 0)
(-0.0540434 0.718825 0)
(-0.0400265 1.23669 0)
(0.00110884 1.51551 0)
(0.0443308 1.58051 0)
(0.0820514 1.56333 0)
(0.110406 1.53336 0)
(0.128897 1.50299 0)
(0.128321 1.47454 0)
(0.101085 1.43688 0)
(0.0628528 1.46259 0)
(0.0441338 1.67643 0)
(0.0753224 2.61505 0)
(0.071427 3.23235 0)
(0.0475338 3.43507 0)
(0.0174988 3.42737 0)
(-0.015526 3.21144 0)
(-0.0366597 2.72104 0)
(-0.00765692 0.809441 0)
(-0.0111695 0.0205011 0)
(-0.043194 0.322439 0)
(-0.0721863 0.75048 0)
(-0.0677209 1.17596 0)
(-0.0319027 1.43135 0)
(0.0121742 1.51241 0)
(0.0539407 1.51539 0)
(0.0882669 1.50428 0)
(0.108443 1.49355 0)
(0.112638 1.48246 0)
(0.0894075 1.4661 0)
(0.0455375 1.47925 0)
(0.0464353 1.68572 0)
(0.0388013 2.61019 0)
(0.016536 3.2682 0)
(-0.00696377 3.49009 0)
(-0.0285992 3.48945 0)
(-0.0481729 3.27224 0)
(-0.0469099 2.6741 0)
(-0.00520882 0.692813 0)
(-0.00973211 0.110424 0)
(-0.0365011 0.421751 0)
(-0.063743 0.796295 0)
(-0.0666131 1.13549 0)
(-0.0378143 1.35708 0)
(0.00377595 1.44613 0)
(0.0453805 1.46873 0)
(0.0834098 1.47304 0)
(0.108163 1.4779 0)
(0.111002 1.48922 0)
(0.0767524 1.50324 0)
(0.0285677 1.49979 0)
(0.0306928 1.68917 0)
(-0.00855112 2.65062 0)
(-0.0376612 3.30475 0)
(-0.0574452 3.5307 0)
(-0.0695024 3.52405 0)
(-0.0744975 3.28427 0)
(-0.0530818 2.54139 0)
(-0.00401883 0.587003 0)
(-0.00676826 0.178412 0)
(-0.0253996 0.500502 0)
(-0.046403 0.844933 0)
(-0.0536198 1.11437 0)
(-0.0324974 1.2933 0)
(0.00725928 1.38005 0)
(0.051857 1.41553 0)
(0.0922311 1.43763 0)
(0.124165 1.46253 0)
(0.121691 1.50507 0)
(0.0799598 1.54982 0)
(0.0139401 1.54141 0)
(-0.0290144 1.70696 0)
(-0.0659807 2.71373 0)
(-0.0920056 3.33382 0)
(-0.0992703 3.54696 0)
(-0.096856 3.52507 0)
(-0.0865305 3.24618 0)
(-0.0481072 2.36068 0)
(-0.00318842 0.497634 0)
(-0.00422033 0.222718 0)
(-0.0154611 0.553506 0)
(-0.0286149 0.882709 0)
(-0.0333406 1.10462 0)
(-0.0156461 1.23792 0)
(0.0243748 1.31083 0)
(0.0760214 1.35174 0)
(0.128496 1.39 0)
(0.168363 1.44947 0)
(0.182028 1.52202 0)
(0.133062 1.60874 0)
(0.0332103 1.6211 0)
(-0.0787729 1.75371 0)
(-0.108375 2.76757 0)
(-0.123226 3.34116 0)
(-0.120637 3.53739 0)
(-0.106411 3.49603 0)
(-0.0836301 3.16711 0)
(-0.0399187 2.17736 0)
(-0.00179893 0.427455 0)
(-0.00181025 0.245623 0)
(-0.00620186 0.581624 0)
(-0.0108637 0.899657 0)
(-0.00700866 1.0881 0)
(0.0155133 1.18212 0)
(0.0597282 1.23476 0)
(0.121243 1.27457 0)
(0.193065 1.32425 0)
(0.254844 1.4106 0)
(0.296616 1.5281 0)
(0.251188 1.68404 0)
(0.113281 1.75612 0)
(-0.0719853 1.85845 0)
(-0.109631 2.80289 0)
(-0.123945 3.34232 0)
(-0.120121 3.51288 0)
(-0.104926 3.4479 0)
(-0.0803427 3.06881 0)
(-0.0384077 1.99987 0)
(-0.000970513 0.372461 0)
(0.000457644 0.248743 0)
(0.00193124 0.587076 0)
(0.00487191 0.892115 0)
(0.0189378 1.05081 0)
(0.0508848 1.11392 0)
(0.103003 1.14721 0)
(0.175129 1.18079 0)
(0.265999 1.23386 0)
(0.365387 1.33112 0)
(0.438371 1.51414 0)
(0.407934 1.77445 0)
(0.22802 1.94651 0)
(-0.00657385 2.03926 0)
(-0.091253 2.83402 0)
(-0.114142 3.35427 0)
(-0.122523 3.49793 0)
(-0.109491 3.40247 0)
(-0.0857565 2.96709 0)
(-0.0376461 1.82435 0)
(0.000588016 0.332171 0)
(0.00267951 0.23439 0)
(0.00835749 0.574911 0)
(0.0165774 0.863837 0)
(0.0382391 0.992048 0)
(0.0780014 1.03002 0)
(0.136914 1.04707 0)
(0.218488 1.06886 0)
(0.329789 1.1107 0)
(0.46745 1.21608 0)
(0.583701 1.47474 0)
(0.537478 1.89398 0)
(0.32369 2.17555 0)
(0.062818 2.28225 0)
(-0.082016 2.88056 0)
(-0.121098 3.39552 0)
(-0.138664 3.5018 0)
(-0.137606 3.36602 0)
(-0.108714 2.84709 0)
(-0.0362108 1.57608 0)
(0.00136179 0.313959 0)
(0.00431087 0.208152 0)
(0.0116664 0.553266 0)
(0.0220313 0.823376 0)
(0.0467854 0.920772 0)
(0.0887036 0.93759 0)
(0.148958 0.939012 0)
(0.235888 0.940082 0)
(0.363378 0.95688 0)
(0.525052 1.06951 0)
(0.652567 1.4424 0)
(0.599267 2.03485 0)
(0.365241 2.42697 0)
(0.0866555 2.55828 0)
(-0.0995761 2.9785 0)
(-0.161502 3.46943 0)
(-0.199321 3.53336 0)
(-0.200194 3.33239 0)
(-0.160095 2.6545 0)
(-0.0260402 1.29088 0)
(0.00173367 0.308107 0)
(0.00494916 0.17783 0)
(0.0110345 0.531956 0)
(0.0195649 0.781904 0)
(0.041528 0.850687 0)
(0.0778169 0.849988 0)
(0.130674 0.833847 0)
(0.211257 0.806358 0)
(0.334142 0.793235 0)
(0.48944 0.915191 0)
(0.605136 1.42458 0)
(0.547614 2.18715 0)
(0.301165 2.69597 0)
(0.0350003 2.84218 0)
(-0.163147 3.13373 0)
(-0.260168 3.58268 0)
(-0.308959 3.57813 0)
(-0.301065 3.25684 0)
(-0.16151 2.17468 0)
(-0.0286648 1.05009 0)
(0.00110725 0.302421 0)
(0.00421506 0.153218 0)
(0.00607352 0.521766 0)
(0.00859558 0.752736 0)
(0.0211685 0.798353 0)
(0.04325 0.784138 0)
(0.0769716 0.750155 0)
(0.132012 0.695702 0)
(0.215614 0.659382 0)
(0.313182 0.801432 0)
(0.358926 1.41649 0)
(0.302632 2.33942 0)
(0.110034 2.9351 0)
(-0.0941195 3.08695 0)
(-0.281356 3.35633 0)
(-0.391466 3.69951 0)
(-0.45058 3.6354 0)
(-0.377349 2.98998 0)
(-0.140343 1.62565 0)
(-0.0475882 0.823294 0)
(-0.00358675 0.260274 0)
(0.00213086 0.143974 0)
(-0.00253555 0.53236 0)
(-0.00943694 0.749205 0)
(-0.0119553 0.779511 0)
(-0.0110053 0.756846 0)
(-0.00655525 0.711204 0)
(0.00444876 0.641177 0)
(0.0197354 0.59714 0)
(0.0272543 0.769457 0)
(-0.0117204 1.44415 0)
(-0.0755619 2.43738 0)
(-0.181554 3.10517 0)
(-0.291918 3.26107 0)
(-0.42615 3.59643 0)
(-0.52102 3.81744 0)
(-0.519474 3.57047 0)
(-0.301751 2.38358 0)
(-0.131499 1.2761 0)
(-0.0547224 0.590058 0)
(-0.00742169 0.153107 0)
(-0.000727874 0.156161 0)
(-0.0126008 0.569473 0)
(-0.0304658 0.780119 0)
(-0.0504992 0.803842 0)
(-0.0735387 0.77944 0)
(-0.102897 0.732299 0)
(-0.142381 0.662942 0)
(-0.201066 0.622926 0)
(-0.288914 0.814485 0)
(-0.391514 1.51668 0)
(-0.464275 2.49756 0)
(-0.475615 3.14244 0)
(-0.456076 3.32553 0)
(-0.570385 3.7653 0)
(-0.566922 3.82304 0)
(-0.479014 3.25809 0)
(-0.17465 1.84208 0)
(-0.0781102 1.03929 0)
(-0.0356703 0.423265 0)
(-0.00656466 0.0344406 0)
(-0.00361288 0.189762 0)
(-0.0214205 0.631965 0)
(-0.0491189 0.847166 0)
(-0.0851503 0.871948 0)
(-0.13 0.851941 0)
(-0.189619 0.813579 0)
(-0.273188 0.758925 0)
(-0.393951 0.732308 0)
(-0.551256 0.917915 0)
(-0.676455 1.60057 0)
(-0.701671 2.50778 0)
(-0.622184 3.06065 0)
(-0.586611 3.38189 0)
(-0.6276 3.75469 0)
(-0.547078 3.6965 0)
(-0.26539 2.64738 0)
(-0.0591065 1.51294 0)
(-0.0140445 0.924543 0)
(-0.00834837 0.364292 0)
(-0.00309939 -0.0375886 0)
(-0.00565172 0.239413 0)
(-0.0268724 0.712982 0)
(-0.0611577 0.943844 0)
(-0.108501 0.975713 0)
(-0.168743 0.964111 0)
(-0.24874 0.941118 0)
(-0.360305 0.910359 0)
(-0.519634 0.904434 0)
(-0.722448 1.06177 0)
(-0.858574 1.6608 0)
(-0.839933 2.452 0)
(-0.744164 2.9786 0)
(-0.728381 3.42877 0)
(-0.650038 3.63228 0)
(-0.411905 3.24855 0)
(-0.0612866 2.09654 0)
(0.0356735 1.36615 0)
(0.0328032 0.926197 0)
(0.0118717 0.395849 0)
(0.000171038 -0.0496373 0)
(-0.00647803 0.296534 0)
(-0.0281195 0.801943 0)
(-0.0646463 1.0577 0)
(-0.117121 1.10132 0)
(-0.184493 1.09929 0)
(-0.272666 1.09319 0)
(-0.393175 1.08881 0)
(-0.562786 1.11003 0)
(-0.785871 1.24113 0)
(-0.956814 1.71253 0)
(-0.956151 2.3899 0)
(-0.884178 2.92798 0)
(-0.801301 3.32321 0)
(-0.529793 3.26091 0)
(-0.157825 2.63186 0)
(0.0669055 1.79095 0)
(0.0854131 1.35147 0)
(0.0540431 1.00405 0)
(0.0214372 0.478363 0)
(0.00199963 -0.0213099 0)
(-0.00619466 0.352469 0)
(-0.0257869 0.888176 0)
(-0.060284 1.17464 0)
(-0.111987 1.2335 0)
(-0.178819 1.2399 0)
(-0.264362 1.24779 0)
(-0.377526 1.26542 0)
(-0.531364 1.31349 0)
(-0.736531 1.4422 0)
(-0.944565 1.78069 0)
(-0.96384 2.36865 0)
(-0.879223 2.83294 0)
(-0.627194 2.9982 0)
(-0.253834 2.73385 0)
(0.0395292 2.18216 0)
(0.125787 1.70636 0)
(0.102374 1.42503 0)
(0.0567871 1.11511 0)
(0.0230025 0.576359 0)
(0.00260642 0.024631 0)
(-0.00520467 0.400932 0)
(-0.0212663 0.963551 0)
(-0.0507632 1.28252 0)
(-0.0972619 1.35904 0)
(-0.158005 1.3718 0)
(-0.233738 1.38828 0)
(-0.329723 1.41907 0)
(-0.452396 1.48293 0)
(-0.604423 1.61665 0)
(-0.757081 1.89008 0)
(-0.770297 2.30844 0)
(-0.592902 2.60393 0)
(-0.295045 2.59507 0)
(-0.0216748 2.32829 0)
(0.123284 1.98165 0)
(0.132438 1.71945 0)
(0.088784 1.53667 0)
(0.0470041 1.22326 0)
(0.019254 0.66503 0)
(0.00234389 0.0709702 0)
(-0.0039538 0.438988 0)
(-0.0160842 1.02364 0)
(-0.0393295 1.37361 0)
(-0.078183 1.46903 0)
(-0.129867 1.4864 0)
(-0.192709 1.506 0)
(-0.268716 1.5408 0)
(-0.358708 1.60605 0)
(-0.455964 1.72811 0)
(-0.52822 1.94264 0)
(-0.482463 2.21462 0)
(-0.295702 2.37394 0)
(-0.0743897 2.30962 0)
(0.0721243 2.12245 0)
(0.120079 1.93394 0)
(0.102157 1.79064 0)
(0.0629388 1.63927 0)
(0.0326453 1.30639 0)
(0.013559 0.731714 0)
(0.00170618 0.107883 0)
(-0.00277215 0.466573 0)
(-0.0113512 1.06824 0)
(-0.0285261 1.44497 0)
(-0.0591376 1.55926 0)
(-0.100995 1.58049 0)
(-0.150944 1.59932 0)
(-0.208792 1.63186 0)
(-0.272396 1.68924 0)
(-0.331605 1.78839 0)
(-0.356304 1.94556 0)
(-0.292839 2.11274 0)
(-0.14648 2.19304 0)
(-0.00670678 2.14374 0)
(0.0668012 2.03763 0)
(0.0809249 1.93878 0)
(0.0624 1.85433 0)
(0.0374471 1.70944 0)
(0.0197201 1.3594 0)
(0.00835278 0.77501 0)
(0.00106504 0.132698 0)
(-0.00182088 0.485317 0)
(-0.00758397 1.09956 0)
(-0.0197072 1.49751 0)
(-0.0428376 1.62967 0)
(-0.0755083 1.65456 0)
(-0.114154 1.67072 0)
(-0.157395 1.69807 0)
(-0.202138 1.74431 0)
(-0.23878 1.8194 0)
(-0.243746 1.93008 0)
(-0.188932 2.03303 0)
(-0.0926786 2.07468 0)
(-0.00958679 2.05067 0)
(0.0319307 1.99854 0)
(0.0402047 1.94843 0)
(0.0316478 1.89087 0)
(0.0196024 1.74764 0)
(0.0108834 1.38856 0)
(0.00474455 0.800282 0)
(0.000609196 0.147553 0)
(-0.00112556 0.497378 0)
(-0.00485759 1.12058 0)
(-0.013224 1.53467 0)
(-0.0303099 1.68264 0)
(-0.0551473 1.71092 0)
(-0.0846045 1.7241 0)
(-0.116824 1.74566 0)
(-0.148795 1.78118 0)
(-0.172883 1.83616 0)
(-0.172398 1.91308 0)
(-0.132553 1.97964 0)
(-0.0733455 2.0039 0)
(-0.0236339 1.99602 0)
(0.00353612 1.97289 0)
(0.0128272 1.94779 0)
(0.0125012 1.90449 0)
(0.008963 1.76389 0)
(0.00553967 1.40268 0)
(0.00252987 0.813996 0)
(0.000327309 0.155827 0)
(-0.000148596 0.172686 0)
(-0.00158174 0.835703 0)
(-0.00529112 1.38412 0)
(-0.0141339 1.66891 0)
(-0.0300445 1.74374 0)
(-0.0509454 1.75759 0)
(-0.0744104 1.77028 0)
(-0.0986898 1.79145 0)
(-0.120018 1.82454 0)
(-0.130278 1.87201 0)
(-0.11636 1.92658 0)
(-0.0814011 1.95735 0)
(-0.0459388 1.9647 0)
(-0.0203781 1.95793 0)
(-0.00604664 1.94659 0)
(0.000630202 1.92749 0)
(0.00283294 1.85581 0)
(0.00286889 1.61861 0)
(0.00194457 1.13366 0)
(0.000159494 0.160152 0)
(0.309386 2.47525 0)
(0.239773 3.57742 5.64389e-21)
(0.210752 3.6582 -7.82955e-20)
(0.193871 3.58064 0)
(0.178239 3.5188 -5.84293e-20)
(0.157974 3.46854 -1.52888e-19)
(0.143643 3.44799 2.17501e-19)
(0.128487 3.4135 3.25795e-21)
(0.0993757 3.0724 2.61574e-19)
(0.0204487 0.905102 0)
(0.130818 2.52214 1.37907e-21)
(0.111055 3.48462 0)
(0.11659 3.57143 -7.47394e-22)
(0.114598 3.52301 -4.08991e-20)
(0.109829 3.47896 3.22188e-21)
(0.103463 3.4455 -1.70154e-19)
(0.09301 3.43298 2.16993e-19)
(0.0783309 3.40802 2.53231e-19)
(0.0481165 3.01192 2.69285e-19)
(-0.00917692 0.799687 -2.78622e-19)
(0.0760592 2.37719 -5.9641e-20)
(0.0681385 3.41634 -2.07704e-20)
(0.0714192 3.52039 0)
(0.0720051 3.4849 -1.00109e-19)
(0.0709548 3.45129 1.56374e-19)
(0.0687131 3.427 -2.0046e-19)
(0.0640588 3.42198 7.40973e-21)
(0.0597002 3.40972 5.22047e-19)
(0.0431326 3.05935 0)
(-0.00938933 0.84782 -7.94173e-21)
(0.0419816 2.28108 -2.83401e-20)
(0.0371256 3.37426 1.08895e-19)
(0.0403132 3.48267 2.64763e-19)
(0.0431878 3.45425 5.68989e-21)
(0.0449759 3.42775 0)
(0.0465128 3.41016 0)
(0.0474532 3.40955 2.52757e-19)
(0.0486508 3.40447 -4.58776e-21)
(0.0391814 3.09656 -4.58386e-19)
(-0.0111408 0.893146 1.63774e-19)
(0.0227496 2.24358 1.42232e-20)
(0.0155496 3.3504 1.53782e-19)
(0.0188644 3.45276 -9.43923e-20)
(0.0238787 3.428 -1.14587e-19)
(0.0283442 3.40624 1.2638e-19)
(0.033029 3.39283 1.32019e-19)
(0.0375909 3.39454 -7.27306e-21)
(0.0423197 3.39489 1.66088e-19)
(0.0377398 3.12661 0)
(-0.0123651 0.938246 -3.46874e-19)
(0.0121165 2.24726 -8.26643e-23)
(-0.00214234 3.33808 -9.03048e-20)
(0.00468354 3.42698 1.83475e-20)
(0.0110663 3.40367 0)
(0.0176354 3.38479 -1.46677e-19)
(0.0247159 3.37394 1.5767e-19)
(0.0318739 3.3769 1.59322e-19)
(0.0392449 3.38155 1.71864e-19)
(0.0389948 3.15192 -2.8214e-21)
(-0.0128243 0.986852 1.91959e-19)
(0.00530064 2.2831 -1.1112e-19)
(-0.0149185 3.33165 1.4729e-22)
(-0.00573397 3.4029 1.43763e-19)
(0.00226224 3.37941 1.45002e-19)
(0.0105049 3.36215 -1.02013e-20)
(0.0196002 3.35277 2.26195e-22)
(0.0290014 3.35639 -1.75909e-19)
(0.0388528 3.36442 3.88208e-19)
(0.0428634 3.17262 -1.93081e-19)
(-0.012243 1.04525 -9.62781e-21)
(-0.00280141 2.34249 -6.11588e-23)
(-0.0246371 3.32694 0)
(-0.0145357 3.37826 -1.64778e-19)
(-0.00465497 3.3536 -1.08396e-20)
(0.00535633 3.33702 1.88369e-19)
(0.0164918 3.3284 0)
(0.0281883 3.33224 2.10887e-19)
(0.0406962 3.34294 0)
(0.0490912 3.18881 2.21638e-19)
(-0.0101075 1.12071 0)
(-0.0129198 2.42104 -2.52994e-21)
(-0.0344465 3.32013 3.37346e-19)
(-0.0230735 3.35039 -1.77685e-19)
(-0.0109182 3.32429 -1.23426e-20)
(0.00128513 3.30786 1.28401e-20)
(0.0147243 3.29965 -1.3561e-20)
(0.0289466 3.30356 2.37095e-19)
(0.044435 3.31638 -6.5609e-23)
(0.0570654 3.19953 -2.49967e-19)
(-0.00565705 1.22008 -2.48497e-19)
(-0.0272133 2.51836 -1.91513e-19)
(-0.045551 3.30701 -1.9002e-19)
(-0.032132 3.31664 0)
(-0.0170165 3.28956 -2.45815e-19)
(-0.00201091 3.27333 1.4651e-20)
(0.0140912 3.26562 2.56082e-19)
(0.0309574 3.26973 -5.19251e-19)
(0.0494644 3.28417 -5.48048e-19)
(0.0659135 3.20357 -4.2662e-21)
(0.00163401 1.35069 -1.47914e-19)
(-0.046213 2.63127 -9.77656e-20)
(-0.0574228 3.28361 -7.20998e-21)
(-0.041122 3.27528 -2.4113e-19)
(-0.0226597 3.24873 0)
(-0.00447119 3.23336 0)
(0.0143363 3.22648 1.27778e-19)
(0.0337309 3.23083 0)
(0.054727 3.24623 -1.47093e-19)
(0.0743623 3.19935 0)
(0.0116185 1.51836 1.64373e-19)
(-0.0675475 2.7537 3.87968e-21)
(-0.0677247 3.248 -1.26512e-19)
(-0.0477434 3.22696 1.83329e-20)
(-0.0265258 3.20309 0)
(-0.00598181 3.18949 1.91641e-20)
(0.0145231 3.18368 -2.03376e-19)
(0.0357476 3.18808 1.60608e-19)
(0.0584047 3.20329 -1.06267e-20)
(0.0803175 3.18518 5.56975e-21)
(0.0235215 1.7222 3.65425e-19)
(-0.0855213 2.87428 -4.59807e-21)
(-0.0733298 3.20278 9.49669e-21)
(-0.050197 3.17541 -1.6398e-19)
(-0.0276784 3.15435 1.39623e-19)
(-0.00652424 3.14249 -1.45217e-19)
(0.014277 3.13797 -1.95434e-19)
(0.0357963 3.14303 1.79881e-19)
(0.0584489 3.15779 1.83863e-19)
(0.0819229 3.1619 -1.2391e-20)
(0.0353894 1.96172 1.99212e-19)
(-0.0932732 2.97835 5.21677e-21)
(-0.0728664 3.15234 1.66593e-19)
(-0.0499554 3.1215 2.22968e-20)
(-0.0281933 3.10205 -1.18428e-19)
(-0.00663859 3.09166 1.03856e-22)
(0.0148909 3.08875 -2.47388e-20)
(0.0361679 3.09517 1.25534e-19)
(0.0567163 3.11101 1.32208e-20)
(0.078491 3.13124 -1.35954e-20)
(0.0438224 2.23463 0)
(-0.0956147 3.04054 -9.17875e-20)
(-0.0712347 3.09226 -9.91498e-20)
(-0.0494369 3.06294 -9.72162e-20)
(-0.0270674 3.04848 2.56699e-20)
(-0.00578559 3.04214 -1.29565e-19)
(0.0145161 3.04087 -8.96126e-23)
(0.034953 3.0461 5.7464e-20)
(0.0555998 3.05939 -9.97493e-20)
(0.0794848 3.08816 -1.09942e-19)
(0.0484658 2.52758 0)
(-0.0951229 3.03671 5.18221e-20)
(-0.0565966 3.02277 -1.36933e-20)
(-0.0313586 3.01245 -2.708e-20)
(-0.0147966 3.00887 2.73964e-20)
(-0.00262784 3.00863 0)
(0.00871836 3.00762 -2.83829e-20)
(0.0207183 3.00936 0)
(0.0362922 3.01355 -7.87392e-20)
(0.0646719 3.02574 5.09394e-20)
(0.0493406 2.79242 -6.94571e-20)
(0.939318 -0.0855759 0)
(1.06142 -0.0844804 0)
(1.03124 -0.0590117 0)
(1.01435 -0.0382459 0)
(1.00657 -0.0234895 0)
(1.00322 -0.0141743 0)
(1.0017 -0.00853572 0)
(1.00097 -0.00492367 0)
(1.00063 -0.00238804 0)
(1.00048 -0.000305781 0)
(1.00053 0.00165849 0)
(1.00075 0.00387506 0)
(1.00125 0.00682651 0)
(1.00229 0.0112505 0)
(1.00451 0.0184536 0)
(1.00958 0.0302706 0)
(1.02114 0.0479164 0)
(1.04639 0.0726891 0)
(1.05534 0.0889546 0)
(0.53305 0.0342645 0)
(0.723968 -0.0309107 0)
(1.09244 -0.0588488 0)
(1.08848 -0.0532893 0)
(1.05263 -0.0434675 0)
(1.02961 -0.0341075 0)
(1.01617 -0.0247111 0)
(1.00901 -0.0165468 0)
(1.00531 -0.0100829 0)
(1.00346 -0.00502532 0)
(1.00273 -0.000629287 0)
(1.00294 0.00358626 0)
(1.00413 0.0081434 0)
(1.00673 0.013743 0)
(1.01185 0.0209472 0)
(1.02169 0.0297535 0)
(1.03948 0.0391694 0)
(1.06846 0.0482396 0)
(1.10325 0.0582748 0)
(1.00587 0.0570126 0)
(0.263321 0.00535777 0)
(0.56459 -0.0100625 0)
(1.04881 -0.0421833 0)
(1.10389 -0.0448934 0)
(1.0723 -0.037907 0)
(1.04735 -0.031357 0)
(1.03019 -0.0252162 0)
(1.01886 -0.0189068 0)
(1.01194 -0.0125754 0)
(1.00814 -0.0065825 0)
(1.00656 -0.000755755 0)
(1.00701 0.00496044 0)
(1.00952 0.0107018 0)
(1.01464 0.0167258 0)
(1.02353 0.0229343 0)
(1.03755 0.0289842 0)
(1.05822 0.0351011 0)
(1.08862 0.0420505 0)
(1.10265 0.046391 0)
(0.883042 0.0301888 0)
(0.191566 0.000808461 0)
(0.481497 -0.00523561 0)
(0.987911 -0.0298463 0)
(1.10565 -0.0380114 0)
(1.08309 -0.0343977 0)
(1.05718 -0.0291728 0)
(1.03962 -0.0237619 0)
(1.02741 -0.0183729 0)
(1.01901 -0.0127842 0)
(1.0138 -0.0068947 0)
(1.01142 -0.000634138 0)
(1.01208 0.00563272 0)
(1.01566 0.0115271 0)
(1.02227 0.0170619 0)
(1.03236 0.0222989 0)
(1.0469 0.0274862 0)
(1.06813 0.0326629 0)
(1.09844 0.0375582 0)
(1.08344 0.0372579 0)
(0.783116 0.0175933 0)
(0.163136 0.000579527 0)
(0.429949 -0.00349369 0)
(0.928364 -0.0219124 0)
(1.10101 -0.0322506 0)
(1.09224 -0.0306726 0)
(1.06506 -0.0266303 0)
(1.04667 -0.022188 0)
(1.03404 -0.0172932 0)
(1.02522 -0.012104 0)
(1.0194 -0.00653369 0)
(1.01657 -0.000323481 0)
(1.0173 0.00595096 0)
(1.02136 0.0116035 0)
(1.02841 0.0166858 0)
(1.03882 0.0214403 0)
(1.05391 0.0258539 0)
(1.07621 0.0297983 0)
(1.10284 0.0330686 0)
(1.05496 0.0302461 0)
(0.707836 0.0117397 0)
(0.145413 0.000429348 0)
(0.393694 -0.00253967 0)
(0.875375 -0.0165767 0)
(1.09089 -0.0276228 0)
(1.09905 -0.0273513 0)
(1.07218 -0.0238512 0)
(1.05304 -0.0201259 0)
(1.03985 -0.0158984 0)
(1.03068 -0.0110975 0)
(1.02463 -0.00578346 0)
(1.02159 0.000132646 0)
(1.02227 0.0060762 0)
(1.0264 0.0114122 0)
(1.03361 0.0161239 0)
(1.0444 0.0202649 0)
(1.06012 0.0238626 0)
(1.08317 0.0271219 0)
(1.10395 0.0294888 0)
(1.02228 0.0248538 0)
(0.650695 0.00856471 0)
(0.132767 0.000328329 0)
(0.36687 -0.00189464 0)
(0.830325 -0.0126659 0)
(1.07703 -0.0234352 0)
(1.10336 -0.0242869 0)
(1.07838 -0.0213354 0)
(1.05877 -0.017993 0)
(1.04521 -0.0142001 0)
(1.03565 -0.00985778 0)
(1.02927 -0.00491795 0)
(1.02603 0.000660376 0)
(1.02662 0.00625878 0)
(1.0308 0.0111866 0)
(1.03826 0.0153725 0)
(1.04936 0.0189437 0)
(1.06543 0.0220398 0)
(1.08896 0.0248673 0)
(1.10212 0.0263008 0)
(0.988744 0.0203895 0)
(0.606506 0.00650648 0)
(0.123192 0.000257112 0)
(0.346707 -0.00141766 0)
(0.79307 -0.00969126 0)
(1.06139 -0.019593 0)
(1.10594 -0.0211614 0)
(1.08395 -0.0186004 0)
(1.06394 -0.0155032 0)
(1.05016 -0.0120997 0)
(1.0404 -0.00826385 0)
(1.03379 -0.00382937 0)
(1.03035 0.00131418 0)
(1.0308 0.00648245 0)
(1.03495 0.0108578 0)
(1.04245 0.0144169 0)
(1.05366 0.017417 0)
(1.06998 0.0200656 0)
(1.09367 0.0225828 0)
(1.09783 0.0233041 0)
(0.956631 0.0167061 0)
(0.571818 0.0050438 0)
(0.115764 0.000206134 0)
(0.331688 -0.00103081 0)
(0.762978 -0.00725055 0)
(1.04532 -0.015946 0)
(1.10763 -0.0180829 0)
(1.08912 -0.0159603 0)
(1.06865 -0.0131793 0)
(1.05465 -0.0100889 0)
(1.04479 -0.0065799 0)
(1.03801 -0.00253838 0)
(1.03433 0.00211854 0)
(1.03463 0.00672078 0)
(1.03871 0.0105771 0)
(1.04612 0.0136462 0)
(1.05731 0.0161618 0)
(1.07395 0.0183363 0)
(1.09725 0.0203878 0)
(1.09148 0.0203897 0)
(0.927129 0.0135243 0)
(0.544508 0.00390585 0)
(0.109935 0.00016509 0)
(0.320825 -0.00071613 0)
(0.739444 -0.00521772 0)
(1.02983 -0.0124799 0)
(1.10812 -0.0149799 0)
(1.09357 -0.013408 0)
(1.07278 -0.0109396 0)
(1.05854 -0.00807882 0)
(1.04858 -0.00482233 0)
(1.04177 -0.00110414 0)
(1.03797 0.00307838 0)
(1.03799 0.0071209 0)
(1.04175 0.0104668 0)
(1.04894 0.0130689 0)
(1.06016 0.0151849 0)
(1.07705 0.0169041 0)
(1.09929 0.0183292 0)
(1.08341 0.0175663 0)
(0.900959 0.0108126 0)
(0.523107 0.00301864 0)
(0.105339 0.000137288 0)
(0.313609 -0.00041853 0)
(0.722072 -0.00331893 0)
(1.01601 -0.00895508 0)
(1.10758 -0.0114462 0)
(1.0973 -0.0102772 0)
(1.07656 -0.00802643 0)
(1.06212 -0.00548562 0)
(1.05189 -0.00270904 0)
(1.04474 0.000503285 0)
(1.04065 0.00421752 0)
(1.0404 0.00774816 0)
(1.04403 0.0104466 0)
(1.0512 0.0123633 0)
(1.06239 0.0138051 0)
(1.07931 0.0150111 0)
(1.09972 0.0158654 0)
(1.07428 0.0145307 0)
(0.878652 0.00829007 0)
(0.506775 0.00222274 0)
(0.101735 0.000111098 0)
(0.309836 -0.000131997 0)
(0.710572 -0.00161719 0)
(1.00466 -0.00563956 0)
(1.10664 -0.00794227 0)
(1.10057 -0.00711246 0)
(1.07996 -0.00524133 0)
(1.06546 -0.00308709 0)
(1.05528 -0.00060258 0)
(1.04818 0.00232364 0)
(1.0439 0.00561356 0)
(1.04323 0.00860548 0)
(1.0463 0.010787 0)
(1.05296 0.0121688 0)
(1.06391 0.0130003 0)
(1.08085 0.0134853 0)
(1.09929 0.0136416 0)
(1.06486 0.0117837 0)
(0.860296 0.00612489 0)
(0.494943 0.00156952 0)
(0.0990788 8.10435e-05 0)
(0.308906 8.01567e-05 0)
(0.704074 -0.000348519 0)
(0.995749 -0.0028729 0)
(1.1051 -0.00496561 0)
(1.10285 -0.00455211 0)
(1.08258 -0.00292862 0)
(1.06803 -0.00094552 0)
(1.05778 0.00141501 0)
(1.05046 0.00424017 0)
(1.04578 0.0073144 0)
(1.04467 0.00993352 0)
(1.04735 0.0116952 0)
(1.05367 0.0126585 0)
(1.06428 0.0129998 0)
(1.08089 0.0128987 0)
(1.09729 0.012265 0)
(1.0549 0.00971444 0)
(0.845332 0.00465626 0)
(0.486356 0.00119539 0)
(0.0971465 5.91566e-05 0)
(0.30979 0.000225333 0)
(0.70146 0.000435277 0)
(0.98956 -0.000787726 0)
(1.10328 -0.00233403 0)
(1.10464 -0.00207077 0)
(1.08523 -0.000538116 0)
(1.07099 0.00147813 0)
(1.06089 0.00384365 0)
(1.0534 0.00658006 0)
(1.04828 0.0094218 0)
(1.04656 0.0116614 0)
(1.0486 0.012918 0)
(1.05415 0.0132977 0)
(1.06411 0.0131399 0)
(1.08013 0.0125751 0)
(1.09397 0.0114199 0)
(1.04487 0.00849144 0)
(0.833055 0.00407879 0)
(0.479336 0.0011295 0)
(0.0955335 5.34657e-05 0)
(0.311897 0.000323185 0)
(0.701438 0.000943669 0)
(0.986322 0.000635922 0)
(1.10221 -3.89184e-06 0)
(1.10634 0.000599584 0)
(1.08792 0.00236 0)
(1.07385 0.00445505 0)
(1.06361 0.00678854 0)
(1.05583 0.00937945 0)
(1.05018 0.0120037 0)
(1.04767 0.013847 0)
(1.04892 0.014529 0)
(1.05387 0.0143802 0)
(1.06329 0.0136919 0)
(1.07862 0.0127094 0)
(1.08992 0.0111623 0)
(1.03536 0.00825258 0)
(0.822131 0.00422932 0)
(0.472342 0.00125874 0)
(0.0938307 6.1617e-05 0)
(0.314888 0.000421576 0)
(0.703105 0.00143163 0)
(0.985497 0.00166476 0)
(1.10281 0.00181078 0)
(1.10889 0.00309731 0)
(1.09105 0.00534496 0)
(1.07685 0.00764267 0)
(1.06638 0.0100985 0)
(1.05823 0.0127297 0)
(1.0519 0.0151909 0)
(1.04846 0.0166287 0)
(1.0488 0.0168031 0)
(1.05308 0.0161238 0)
(1.06186 0.0150388 0)
(1.07647 0.0137081 0)
(1.08564 0.0119025 0)
(1.02625 0.00896174 0)
(0.811009 0.00476022 0)
(0.464546 0.00146448 0)
(0.0918156 7.74601e-05 0)
(0.318905 0.000550452 0)
(0.70624 0.00206713 0)
(0.98595 0.00268777 0)
(1.10456 0.00313777 0)
(1.11254 0.00472384 0)
(1.09484 0.0074231 0)
(1.08035 0.0101591 0)
(1.06952 0.0131645 0)
(1.0608 0.0163306 0)
(1.05358 0.0191042 0)
(1.049 0.0205705 0)
(1.04827 0.0205306 0)
(1.05166 0.019414 0)
(1.06009 0.0177536 0)
(1.07404 0.0161087 0)
(1.08089 0.0140505 0)
(1.01596 0.0103196 0)
(0.798492 0.00537963 0)
(0.455683 0.0016982 0)
(0.0893838 9.7406e-05 0)
(0.324339 0.000727399 0)
(0.711291 0.00293845 0)
(0.987149 0.00420853 0)
(1.10628 0.00463996 0)
(1.11635 0.00607148 0)
(1.09933 0.00891057 0)
(1.08469 0.0122104 0)
(1.07348 0.0160977 0)
(1.06397 0.0202543 0)
(1.05555 0.0239228 0)
(1.04959 0.0259626 0)
(1.04763 0.026141 0)
(1.04988 0.0250367 0)
(1.05733 0.0229741 0)
(1.07079 0.0204053 0)
(1.07397 0.0170758 0)
(1.00278 0.0117315 0)
(0.784398 0.00594916 0)
(0.44576 0.00194905 0)
(0.0865006 0.000116873 0)
(0.331768 0.000962361 0)
(0.719219 0.00409497 0)
(0.989919 0.00645217 0)
(1.10727 0.00717445 0)
(1.11981 0.00830559 0)
(1.10441 0.0111462 0)
(1.09016 0.0150578 0)
(1.07867 0.0199667 0)
(1.0682 0.0252141 0)
(1.05828 0.0299259 0)
(1.05067 0.0325933 0)
(1.04716 0.0329366 0)
(1.04796 0.0316736 0)
(1.05375 0.0291232 0)
(1.06491 0.0252867 0)
(1.06289 0.0198697 0)
(0.986436 0.0128879 0)
(0.769107 0.00660784 0)
(0.434637 0.00226025 0)
(0.0831107 0.000138396 0)
(0.341852 0.00128803 0)
(0.731119 0.00558192 0)
(0.995838 0.00945351 0)
(1.10851 0.011489 0)
(1.123 0.0127038 0)
(1.11 0.0157138 0)
(1.09683 0.0203453 0)
(1.08495 0.0261588 0)
(1.07329 0.0322134 0)
(1.06149 0.0374829 0)
(1.05182 0.04013 0)
(1.04639 0.040028 0)
(1.04532 0.0379975 0)
(1.04886 0.0344326 0)
(1.05579 0.0290372 0)
(1.048 0.0218148 0)
(0.968304 0.0139471 0)
(0.752813 0.00749684 0)
(0.421935 0.00264469 0)
(0.079138 0.000159662 0)
(0.355421 0.00170674 0)
(0.748048 0.00737736 0)
(1.00653 0.0131671 0)
(1.11213 0.0172647 0)
(1.12691 0.0198771 0)
(1.11678 0.0236871 0)
(1.1045 0.0290711 0)
(1.09197 0.035521 0)
(1.07875 0.0419408 0)
(1.06459 0.0469833 0)
(1.05239 0.0487499 0)
(1.0447 0.0473991 0)
(1.04127 0.0438718 0)
(1.04186 0.0387242 0)
(1.04408 0.0318221 0)
(1.03127 0.0235915 0)
(0.949612 0.0155187 0)
(0.734928 0.00877311 0)
(0.406969 0.00314899 0)
(0.074439 0.000186578 0)
(0.373549 0.00225721 0)
(0.771119 0.00962571 0)
(1.02315 0.0177421 0)
(1.1204 0.0245633 0)
(1.13366 0.0295369 0)
(1.1252 0.0348312 0)
(1.11315 0.041243 0)
(1.09944 0.0482599 0)
(1.08405 0.0546481 0)
(1.06694 0.0587657 0)
(1.0517 0.0588515 0)
(1.04133 0.0555039 0)
(1.03517 0.0500397 0)
(1.03262 0.043067 0)
(1.03077 0.0349382 0)
(1.01401 0.0262081 0)
(0.930189 0.0179566 0)
(0.714245 0.0104785 0)
(0.388768 0.00380171 0)
(0.0687928 0.000221989 0)
(0.398195 0.00304823 0)
(0.802284 0.0126508 0)
(1.04696 0.0237432 0)
(1.13441 0.033872 0)
(1.14468 0.0416659 0)
(1.13597 0.0489767 0)
(1.12297 0.0567929 0)
(1.10715 0.0644177 0)
(1.08875 0.070487 0)
(1.06803 0.0731903 0)
(1.04924 0.0710444 0)
(1.03588 0.0652491 0)
(1.02684 0.0576102 0)
(1.02136 0.048888 0)
(1.0163 0.0396075 0)
(0.996183 0.030287 0)
(0.908827 0.0213962 0)
(0.689251 0.0126427 0)
(0.366533 0.00453503 0)
(0.0620668 0.000255327 0)
(0.432828 0.00424022 0)
(0.844728 0.0169896 0)
(1.07946 0.0322657 0)
(1.15496 0.0463678 0)
(1.16065 0.0573221 0)
(1.14969 0.0669876 0)
(1.13408 0.0763533 0)
(1.1149 0.0844505 0)
(1.09252 0.0898319 0)
(1.06751 0.0906633 0)
(1.04472 0.0858848 0)
(1.0281 0.0774276 0)
(1.01624 0.0674915 0)
(1.00816 0.0570236 0)
(1.00045 0.0464618 0)
(0.976843 0.0360959 0)
(0.883909 0.0258769 0)
(0.658392 0.0152355 0)
(0.339255 0.00538682 0)
(0.0540812 0.000292539 0)
(0.484399 0.00609964 0)
(0.903626 0.0240716 0)
(1.12322 0.0458023 0)
(1.18296 0.064805 0)
(1.18175 0.0789769 0)
(1.1663 0.0908492 0)
(1.14619 0.101336 0)
(1.12224 0.109267 0)
(1.09493 0.11325 0)
(1.06503 0.111565 0)
(1.03794 0.103703 0)
(1.01791 0.0923904 0)
(1.00335 0.0801007 0)
(0.992886 0.0677927 0)
(0.982731 0.0557158 0)
(0.954846 0.0437405 0)
(0.853629 0.0314496 0)
(0.61971 0.0181911 0)
(0.305515 0.00623845 0)
(0.0446262 0.000324201 0)
(0.570825 0.0102464 0)
(0.991195 0.0397975 -7.53664e-35)
(1.18157 0.0708948 0)
(1.21852 0.0942834 0)
(1.20702 0.110595 7.56056e-36)
(1.18464 0.123393 -2.28121e-35)
(1.15823 0.133503 0)
(1.12831 0.139887 0)
(1.09538 0.141292 -1.11855e-34)
(1.06023 0.136163 0)
(1.02874 0.124631 0)
(1.00529 0.110223 0)
(0.988144 0.0955126 0)
(0.975438 0.0812843 0)
(0.96274 0.0675059 0)
(0.928739 0.0535058 0)
(0.815273 0.0383675 0)
(0.570079 0.021544 0)
(0.262889 0.00683727 0)
(0.0331526 0.000331017 0)
(0.651181 0.0348302 1.75629e-20)
(1.07626 0.0765845 4.7315e-21)
(1.23634 0.113208 3.11119e-21)
(1.25393 0.136826 0)
(1.23192 0.152834 1.05197e-21)
(1.20197 0.165049 4.74445e-22)
(1.16863 0.173933 -1.81382e-21)
(1.13216 0.178452 2.60461e-21)
(1.09296 0.177315 3.71479e-21)
(1.05164 0.16896 -6.87264e-21)
(1.01454 0.154006 -8.89958e-21)
(0.986461 0.136738 1.09923e-20)
(0.965551 0.119783 2.00284e-20)
(0.949473 0.103745 -8.53568e-21)
(0.932796 0.0881311 2.52148e-20)
(0.88954 0.0710454 3.01829e-21)
(0.760798 0.0520145 -3.70655e-20)
(0.509895 0.0303807 3.2698e-20)
(0.222745 0.0109712 -7.79211e-21)
(0.0248633 0.000958116 5.19678e-20)
(0.682462 0.0679292 4.84658e-20)
(1.13128 0.132017 -4.4409e-20)
(1.27756 0.169858 0)
(1.28326 0.191198 -9.41934e-21)
(1.25293 0.20417 -1.65052e-20)
(1.216 0.213938 0)
(1.17596 0.220402 -5.23005e-21)
(1.13298 0.222368 1.3934e-20)
(1.08741 0.218429 0)
(1.03978 0.206966 -1.67889e-20)
(0.996839 0.18905 -3.75442e-20)
(0.963893 0.169516 -2.4769e-20)
(0.939015 0.150942 1.615e-20)
(0.919393 0.133812 -3.95475e-20)
(0.899339 0.11754 0)
(0.853036 0.0990612 -1.00922e-19)
(0.724736 0.0766054 1.35197e-19)
(0.486734 0.0464829 -1.61085e-19)
(0.216556 0.0195899 1.90663e-19)
(0.0261506 0.00238314 4.41832e-19)
(0.68744 0.105417 9.07048e-21)
(1.16038 0.193004 1.37663e-20)
(1.30463 0.234775 0)
(1.30399 0.252725 1.75955e-21)
(1.26799 0.261741 1.48639e-20)
(1.22544 0.267912 -1.42998e-21)
(1.17969 0.270898 0)
(1.13096 0.269469 7.98273e-21)
(1.07957 0.262153 1.30076e-20)
(1.0261 0.247276 0)
(0.977905 0.226423 3.902e-20)
(0.940691 0.204829 1.38961e-19)
(0.912394 0.185005 3.52885e-20)
(0.889944 0.167229 0)
(0.867849 0.15053 2.62991e-20)
(0.822568 0.131554 -2.43222e-19)
(0.703162 0.104928 -5.30636e-22)
(0.482893 0.0675073 0)
(0.227308 0.0318093 1.37993e-20)
(0.0314909 0.00454175 1.60064e-20)
(0.679927 0.141111 2.34771e-20)
(1.17346 0.254393 -1.45485e-19)
(1.31975 0.30195 -2.15296e-19)
(1.31628 0.316937 4.59461e-20)
(1.27654 0.32216 0)
(1.22983 0.324492 7.58773e-21)
(1.17956 0.323674 4.20751e-21)
(1.12604 0.318507 -1.7466e-20)
(1.0697 0.307505 6.54534e-20)
(1.01109 0.289022 -3.99338e-20)
(0.958317 0.265153 0)
(0.917569 0.241565 1.20119e-19)
(0.886594 0.220539 0)
(0.862049 0.202169 -4.80346e-20)
(0.83873 0.18534 -1.17887e-19)
(0.795802 0.16594 0)
(0.687176 0.136718 1.51619e-19)
(0.486984 0.0934567 -2.32018e-19)
(0.2427 0.047096 -4.91924e-19)
(0.0375631 0.00745886 3.01244e-19)
(0.668032 0.173725 -2.33481e-19)
(1.17583 0.314087 4.73693e-20)
(1.32624 0.368413 0)
(1.32174 0.381387 1.1103e-20)
(1.27937 0.38313 1.00467e-19)
(1.22954 0.381711 0)
(1.17574 0.377155 -4.4101e-21)
(1.11833 0.368246 -1.08123e-20)
(1.05782 0.353509 0)
(0.994887 0.33133 -7.95735e-20)
(0.938281 0.304353 1.00001e-19)
(0.894718 0.278684 -6.46817e-20)
(0.861714 0.256413 1.70605e-19)
(0.835693 0.237422 5.32917e-20)
(0.811752 0.220505 1.02489e-21)
(0.771482 0.200882 -3.99093e-20)
(0.672959 0.169634 -1.92222e-19)
(0.489709 0.121058 0)
(0.254949 0.0632842 -1.12509e-18)
(0.0424719 0.0106825 -4.6362e-23)
(0.655059 0.203728 -5.55932e-19)
(1.17151 0.370935 1.05487e-20)
(1.3265 0.432929 -3.54094e-19)
(1.32183 0.444693 0)
(1.27762 0.443274 -6.77503e-20)
(1.22538 0.438361 2.92574e-20)
(1.16874 0.43026 0)
(1.10815 0.417743 -4.66589e-21)
(1.04413 0.399354 2.25428e-20)
(0.977515 0.373475 0)
(0.917713 0.343294 -5.06752e-20)
(0.871939 0.315352 1.43968e-19)
(0.837474 0.291652 9.22212e-20)
(0.810561 0.27184 -6.05763e-20)
(0.786556 0.254614 0)
(0.748956 0.234759 2.99672e-21)
(0.658623 0.201574 1.58671e-19)
(0.487912 0.147422 -3.14329e-20)
(0.259815 0.0782571 5.59259e-19)
(0.0447171 0.0135201 6.90249e-19)
(0.642984 0.231588 3.62278e-19)
(1.16322 0.424621 -6.23387e-20)
(1.32232 0.494908 9.45329e-20)
(1.31789 0.505978 2.93129e-21)
(1.27232 0.501775 -3.63267e-20)
(1.21819 0.493677 8.35395e-20)
(1.15924 0.482287 0)
(1.09596 0.466372 1.2103e-20)
(1.02893 0.444472 -3.92378e-20)
(0.959073 0.414953 9.15161e-20)
(0.896523 0.381462 1.80449e-19)
(0.848968 0.351019 -8.31346e-20)
(0.813458 0.325602 -1.11258e-21)
(0.786081 0.304616 -1.28579e-19)
(0.762352 0.286597 -7.99134e-20)
(0.727122 0.266133 0)
(0.643259 0.230623 -5.79145e-20)
(0.480705 0.170512 -6.93865e-20)
(0.257901 0.0908082 0)
(0.0447956 0.015705 -7.29373e-19)
(0.63255 0.257973 9.14844e-20)
(1.1527 0.475164 3.56941e-19)
(1.31497 0.553994 1.0894e-19)
(1.31098 0.564745 1.58617e-20)
(1.26434 0.558143 -1.6782e-19)
(1.20869 0.547203 5.28588e-20)
(1.14783 0.532803 3.1391e-20)
(1.08226 0.513736 1.675e-20)
(1.01257 0.488523 8.11908e-20)
(0.939807 0.455447 9.77277e-20)
(0.874715 0.418565 -6.7586e-20)
(0.825596 0.385405 -9.15797e-20)
(0.789418 0.357933 0)
(0.761859 0.335432 0)
(0.738506 0.316267 -8.50802e-20)
(0.705135 0.294723 2.12509e-19)
(0.625973 0.256882 1.29508e-19)
(0.468745 0.190091 2.24548e-19)
(0.250731 0.100901 4.44788e-20)
(0.0433284 0.0172433 5.09583e-20)
(0.623457 0.282923 -4.23794e-19)
(1.14117 0.52282 0)
(1.30544 0.609988 0)
(1.30192 0.620745 -2.5953e-19)
(1.25437 0.612094 -1.05369e-19)
(1.19748 0.598632 5.4346e-20)
(1.13503 0.581524 -1.37632e-20)
(1.06747 0.559586 3.12378e-21)
(0.995397 0.531292 -6.81981e-20)
(0.919939 0.49481 -5.82435e-20)
(0.852502 0.454501 3.48126e-19)
(0.801942 0.418393 -1.97851e-19)
(0.765136 0.38853 0)
(0.737485 0.364156 -1.51117e-19)
(0.714543 0.343553 -9.49778e-20)
(0.682681 0.320534 -1.72489e-21)
(0.606695 0.27965 4.83753e-19)
(0.453166 0.206052 4.08571e-19)
(0.239874 0.108132 4.83709e-20)
(0.0407728 0.018066 -3.89612e-19)
(0.616107 0.30717 1.18011e-19)
(1.12945 0.567908 -9.56042e-20)
(1.29463 0.662942 -4.09285e-19)
(1.29128 0.673958 9.34396e-20)
(1.24298 0.663491 1.17054e-19)
(1.18508 0.647787 5.8781e-20)
(1.12128 0.628274 0)
(1.05198 0.603757 -9.56018e-22)
(0.977734 0.572652 -2.13522e-20)
(0.89974 0.532964 1.0918e-19)
(0.829988 0.489239 0)
(0.777896 0.450023 0)
(0.740367 0.417496 1.32955e-19)
(0.712655 0.390886 1.64466e-19)
(0.690108 0.368469 -4.11568e-19)
(0.659357 0.343561 -6.2483e-19)
(0.585355 0.299069 0)
(0.434458 0.21842 -8.89348e-20)
(0.226524 0.112659 0)
(0.0374665 0.0182457 -6.0435e-20)
(0.610082 0.330472 -3.99375e-19)
(1.11779 0.610465 1.1108e-19)
(1.283 0.712902 3.14523e-19)
(1.27957 0.724359 0)
(1.23065 0.712271 0)
(1.1719 0.694594 -6.92757e-20)
(1.10694 0.672955 -4.58891e-21)
(1.03609 0.646152 -4.49723e-21)
(0.959849 0.612529 9.35686e-21)
(0.879355 0.569867 4.93209e-19)
(0.807139 0.52282 -3.17211e-19)
(0.753424 0.48036 1.06481e-19)
(0.715121 0.444945 -1.48518e-19)
(0.687252 0.415848 5.43064e-19)
(0.664996 0.391291 3.38249e-19)
(0.634955 0.364069 1.35594e-19)
(0.561923 0.315388 0)
(0.412795 0.22761 2.91264e-19)
(0.211263 0.114619 -5.71643e-20)
(0.033603 0.0177787 4.62556e-19)
(0.605218 0.352986 -1.52288e-19)
(1.1065 0.650696 2.42553e-19)
(1.27092 0.759966 1.19334e-20)
(1.26719 0.771977 1.24024e-19)
(1.21773 0.758439 -1.59106e-19)
(1.15829 0.739026 -8.09666e-20)
(1.09232 0.715529 0)
(1.02009 0.686718 1.27607e-20)
(0.941949 0.650877 -7.5634e-20)
(0.858952 0.605539 0)
(0.784178 0.555324 -4.23587e-19)
(0.728601 0.509575 -1.14711e-19)
(0.689345 0.471054 3.13335e-19)
(0.661186 0.439181 0)
(0.63909 0.412169 0)
(0.609383 0.38218 1.49065e-19)
(0.53644 0.328632 -4.47185e-19)
(0.388536 0.233367 -4.24396e-19)
(0.194109 0.114155 -6.24074e-19)
(0.029376 0.0167791 0)
(0.600995 0.374655 -5.03354e-19)
(1.09587 0.688912 2.61541e-19)
(1.25857 0.804367 2.00591e-19)
(1.25445 0.816868 1.26848e-20)
(1.20453 0.80204 -9.71769e-20)
(1.14451 0.781108 -3.06949e-19)
(1.07767 0.75599 1.00228e-19)
(1.00418 0.725447 4.38614e-20)
(0.92425 0.6877 -6.06594e-20)
(0.838788 0.640025 2.52528e-19)
(0.761275 0.586876 4.10434e-19)
(0.703503 0.537841 -3.20694e-19)
(0.662972 0.496036 -2.56797e-19)
(0.634373 0.461088 2.14242e-19)
(0.61229 0.431273 2.64425e-19)
(0.582562 0.397998 1.62362e-19)
(0.509032 0.338854 -3.90162e-19)
(0.361912 0.235771 0)
(0.174966 0.111251 -5.43374e-19)
(0.0248535 0.0152312 1.56528e-19)
(0.597687 0.395599 7.47797e-19)
(1.08549 0.725222 0)
(1.24618 0.846167 -4.47749e-21)
(1.24158 0.859124 -1.61626e-19)
(1.19128 0.843137 2.0417e-19)
(1.13076 0.820872 -1.79219e-19)
(1.06318 0.794359 0)
(0.988574 0.762346 0)
(0.906973 0.723006 -5.51617e-20)
(0.819048 0.673358 5.16813e-19)
(0.738558 0.617582 3.84222e-19)
(0.678239 0.565368 -6.60308e-20)
(0.636076 0.520129 8.92973e-20)
(0.606765 0.48177 2.32737e-19)
(0.584521 0.448742 0)
(0.554414 0.411553 1.05549e-18)
(0.479727 0.345953 6.33693e-19)
(0.333334 0.234715 5.0455e-19)
(0.154695 0.105851 0)
(0.0200906 0.0131429 -8.4812e-20)
(0.594846 0.415836 2.07293e-19)
(1.07548 0.759726 3.35197e-19)
(1.23392 0.885493 -2.33429e-19)
(1.22876 0.898835 -3.71912e-21)
(1.17812 0.881807 1.09614e-19)
(1.11723 0.858382 2.66946e-19)
(1.04901 0.830677 -2.92375e-20)
(0.973416 0.79744 2.02235e-20)
(0.890256 0.756808 -3.96861e-20)
(0.799868 0.705564 2.67612e-19)
(0.71623 0.647546 0)
(0.652944 0.592352 2.9747e-19)
(0.608682 0.543589 1.9999e-19)
(0.578298 0.50146 -2.54394e-19)
(0.555664 0.46468 -3.17126e-19)
(0.524854 0.422814 -1.89923e-19)
(0.44849 0.349727 4.62626e-19)
(0.303088 0.230106 -2.74161e-19)
(0.133792 0.098203 8.16055e-20)
(0.0153347 0.0106771 -9.30732e-20)
(0.592241 0.435456 3.26429e-21)
(1.066 0.792361 -3.60589e-19)
(1.22192 0.922485 2.70723e-19)
(1.21612 0.936116 0)
(1.1652 0.918141 1.16746e-19)
(1.10402 0.893709 -3.1328e-19)
(1.03528 0.864987 1.1033e-19)
(0.958817 0.830749 -1.18396e-19)
(0.8742 0.789106 2.9424e-20)
(0.781408 0.736667 2.5199e-19)
(0.694457 0.676851 -4.27214e-19)
(0.627791 0.618984 0)
(0.580863 0.566728 -4.29064e-19)
(0.548876 0.520457 4.13917e-19)
(0.525508 0.479162 3.43371e-19)
(0.493726 0.431538 -2.07701e-19)
(0.415397 0.349804 0)
(0.271336 0.221657 -4.45898e-19)
(0.112452 0.0883855 1.75654e-19)
(0.0107638 0.00797473 0)
(0.589772 0.454175 -2.54772e-19)
(1.05697 0.823159 -4.10001e-19)
(1.2102 0.957215 -2.99785e-19)
(1.20375 0.971076 -8.57116e-19)
(1.15261 0.952243 2.95041e-21)
(1.09122 0.92692 -8.06111e-20)
(1.02205 0.897352 2.28733e-19)
(0.944847 0.86231 -1.25943e-19)
(0.858903 0.819924 3.38741e-20)
(0.763797 0.766677 1.33188e-20)
(0.673411 0.705554 -4.90808e-19)
(0.60297 0.645427 2.48983e-19)
(0.552753 0.589867 0)
(0.518426 0.539173 1.46287e-19)
(0.493678 0.492318 1.88406e-19)
(0.46063 0.437195 -4.54559e-19)
(0.38061 0.345386 -2.76154e-19)
(0.238973 0.209071 0)
(0.0917569 0.0768391 -1.89267e-19)
(0.00659996 0.00522475 0)
(0.587344 0.471885 0)
(1.04832 0.852225 6.6434e-19)
(1.19881 0.989778 -6.67559e-19)
(1.19173 1.00383 -1.14074e-19)
(1.14041 0.984205 1.70467e-19)
(1.07889 0.958106 -3.88009e-19)
(1.00938 0.927828 -1.09881e-19)
(0.931556 0.892163 1.95882e-19)
(0.84443 0.849286 2.6795e-20)
(0.747109 0.795592 9.4362e-21)
(0.653248 0.733686 -9.21745e-19)
(0.578688 0.671791 0)
(0.524529 0.613327 -4.92199e-19)
(0.486921 0.558169 -3.21668e-19)
(0.459602 0.504513 1.98647e-19)
(0.424597 0.439076 0)
(0.344132 0.334825 0)
(0.207994 0.191362 0)
(0.0740608 0.0640571 -8.23007e-19)
(0.00329189 0.00275864 4.73647e-19)
(0.585108 0.489008 0)
(1.03999 0.879533 -7.38869e-19)
(1.18782 1.02034 -1.88698e-19)
(1.18009 1.03449 3.93586e-19)
(1.12865 1.01413 9.27818e-20)
(1.06706 0.987355 3.7656e-19)
(0.997306 0.956497 1.93234e-19)
(0.918977 0.920368 -3.99158e-19)
(0.830797 0.877206 0)
(0.731399 0.823399 -2.47338e-19)
(0.634099 0.761246 4.70568e-19)
(0.555151 0.698145 -4.98338e-20)
(0.496469 0.637362 1.36287e-19)
(0.454543 0.578127 -1.77254e-19)
(0.422639 0.516629 -2.13939e-19)
(0.383664 0.436808 0)
(0.304613 0.315048 -3.24772e-19)
(0.181547 0.163725 -1.89645e-19)
(0.0672015 0.0457841 0)
(0.00500081 0.000526922 -1.2842e-19)
(0.58258 0.504877 3.34802e-19)
(1.03204 0.905112 0)
(1.17722 1.04896 -4.0244e-19)
(1.16888 1.06317 4.21853e-19)
(1.11735 1.04212 -4.78504e-19)
(1.05575 1.01475 -4.85844e-19)
(0.98581 0.983422 2.40359e-19)
(0.907091 0.946964 2.55175e-19)
(0.817992 0.903705 -2.59663e-21)
(0.716691 0.850087 2.89113e-19)
(0.616064 0.788198 4.82601e-19)
(0.532551 0.724531 -3.888e-19)
(0.468904 0.662076 -1.03556e-18)
(0.421807 0.599759 0)
(0.382529 0.53016 -3.56204e-19)
(0.334757 0.431485 0)
(0.256447 0.283627 -2.75795e-21)
(0.157733 0.111677 -2.11505e-19)
(0.0908843 -0.00692076 -2.42395e-19)
(0.0392167 0.00862567 -1.34376e-19)
(0.580249 0.520065 -1.73864e-21)
(1.02442 0.929308 -5.91005e-19)
(1.16695 1.07606 2.23512e-19)
(1.15795 1.09039 6.27159e-19)
(1.1063 1.06882 4.16362e-19)
(1.04468 1.04105 5.37311e-19)
(0.974525 1.00951 2.64006e-19)
(0.895423 0.973003 2.76171e-20)
(0.805423 0.930008 5.60043e-20)
(0.702199 0.877058 2.37665e-19)
(0.598133 0.816149 -2.46394e-20)
(0.509599 0.752827 -5.00805e-20)
(0.440169 0.689314 -4.68131e-19)
(0.387301 0.625488 1.84533e-19)
(0.33692 0.548551 -4.62382e-19)
(0.2699 0.425713 0)
(0.184977 0.241538 0)
(0.0782888 0.130208 0)
(-0.0250268 0.515988 4.59486e-19)
(0.0172269 1.75834 2.90487e-19)
(0.577907 0.534463 1.98322e-19)
(1.01708 0.952171 -3.0469e-19)
(1.15698 1.10167 -7.03802e-19)
(1.14733 1.1162 -6.68436e-19)
(1.09552 1.09427 -3.43161e-19)
(1.03385 1.06628 1.07969e-18)
(0.96351 1.03476 2.90678e-19)
(0.884026 0.998466 0)
(0.793191 0.95606 -1.35563e-20)
(0.688097 0.90426 -1.74561e-19)
(0.580567 0.845011 -4.25899e-19)
(0.486737 0.783247 -4.90329e-20)
(0.410504 0.719143 -5.2372e-19)
(0.352089 0.655509 4.50856e-19)
(0.288142 0.574071 4.62648e-19)
(0.186049 0.419864 0)
(0.076722 0.384893 0)
(0.0577145 1.38211 2.00403e-19)
(0.0926299 2.70888 -4.47721e-19)
(0.110203 3.21619 1.32582e-19)
(0.576093 0.548853 -4.29572e-19)
(1.01033 0.973779 6.8431e-19)
(1.14723 1.12583 -1.30543e-19)
(1.13691 1.14052 0)
(1.08485 1.11832 -6.13727e-19)
(1.0231 1.09028 9.59011e-21)
(0.952716 1.05911 3.68087e-19)
(0.872821 1.02321 1.85287e-20)
(0.781214 0.981642 9.53154e-20)
(0.67436 0.931444 1.64245e-19)
(0.563478 0.874496 -3.97838e-19)
(0.46439 0.815674 -3.54848e-19)
(0.380243 0.751538 0)
(0.318103 0.688333 3.51103e-19)
(0.242212 0.601603 4.48518e-19)
(0.110518 0.596927 -2.70216e-19)
(0.108035 1.74091 0)
(0.161183 3.02777 -3.58499e-19)
(0.151854 3.35935 0)
(0.138898 3.42976 7.01911e-20)
(0.575097 0.567541 1.83026e-21)
(1.00529 0.994364 -4.99651e-21)
(1.13749 1.14845 5.43246e-19)
(1.12662 1.16328 7.7953e-19)
(1.07404 1.14092 -6.60287e-19)
(1.01232 1.11309 -1.28937e-20)
(0.941858 1.08253 -3.54889e-19)
(0.861673 1.0472 -4.9064e-20)
(0.769362 1.0068 -1.12734e-19)
(0.66088 0.958687 -1.29753e-19)
(0.546775 0.904751 -3.56513e-19)
(0.442588 0.850035 3.69187e-19)
(0.349243 0.788024 6.55516e-20)
(0.286026 0.723085 0)
(0.204479 0.777576 1.7817e-21)
(0.147368 1.51659 0)
(0.200672 3.08496 3.18337e-19)
(0.202464 3.39233 4.39079e-19)
(0.183989 3.45222 -1.06493e-19)
(0.160366 3.46501 -2.06513e-19)
(0.969243 1.11994 0)
(0.894154 1.08693 3.13089e-19)
(0.808118 1.0502 -2.37775e-19)
(0.70771 1.00816 0)
(0.593034 0.960038 2.1437e-19)
(0.478391 0.90981 -2.61551e-19)
(0.374024 0.861251 0)
(0.179864 3.49838 0)
(0.548539 0.554414 5.03453e-19)
(0.834498 0.861819 7.61921e-19)
(1.0893 1.14499 -6.3325e-19)
(1.12262 1.20583 -1.0335e-18)
(1.08357 1.19614 4.79967e-19)
(1.02637 1.17088 -1.01834e-19)
(0.960688 1.14223 5.95144e-19)
(0.885834 1.11031 6.16463e-19)
(0.799771 1.07487 2.07814e-20)
(0.698987 1.03505 2.56562e-19)
(0.582794 0.99034 -3.4176e-19)
(0.464825 0.944428 2.19915e-19)
(0.354994 0.901412 -6.48353e-21)
(0.256528 0.87422 -2.09364e-19)
(0.219514 1.44974 0)
(0.291381 3.02913 1.90624e-19)
(0.320288 3.44716 1.29795e-20)
(0.290667 3.5036 -8.61517e-20)
(0.251187 3.52121 -1.65682e-20)
(0.553055 0.573606 0)
(0.829193 0.877204 5.90442e-19)
(1.08008 1.16405 1.49917e-19)
(1.11226 1.2268 1.08658e-19)
(1.07285 1.21745 0)
(1.01568 1.19218 2.12905e-19)
(0.950233 1.16379 6.08263e-19)
(0.875321 1.13249 4.2772e-20)
(0.78922 1.0981 3.32439e-19)
(0.688048 1.06026 -3.62648e-19)
(0.570753 1.01919 0)
(0.450587 0.978785 1.82903e-19)
(0.337474 0.943279 -3.1029e-19)
(0.262298 1.03508 0)
(0.306644 2.22513 4.84119e-19)
(0.39094 3.36266 1.12492e-19)
(0.366797 3.52302 7.2656e-21)
(0.329487 3.56144 6.2028e-20)
(0.281744 3.58339 4.64182e-20)
(0.555078 0.593488 4.73378e-19)
(0.82243 0.893506 0)
(1.07066 1.18559 5.99796e-19)
(1.10216 1.25002 1.08382e-18)
(1.06254 1.24093 1.71149e-19)
(1.00548 1.21554 -1.00918e-19)
(0.940131 1.18718 -6.85823e-19)
(0.865401 1.15627 -6.5207e-19)
(0.779513 1.1229 2.34233e-20)
(0.678318 1.08707 -2.56136e-19)
(0.56065 1.04997 3.59142e-20)
(0.439549 1.01578 -1.392e-19)
(0.329175 0.996072 -2.85581e-19)
(0.302204 1.35754 4.59701e-20)
(0.407273 2.96207 1.89335e-19)
(0.467478 3.4925 -3.45055e-20)
(0.411081 3.56598 1.25195e-19)
(0.368805 3.61819 1.27101e-19)
(0.320313 3.67999 -1.17729e-19)
(0.553307 0.611731 2.34866e-19)
(0.813781 0.910886 -5.5723e-19)
(1.05995 1.20861 -2.96602e-19)
(1.09092 1.27437 -8.63166e-19)
(1.05116 1.2652 1.47966e-19)
(0.994371 1.23959 -8.47891e-19)
(0.929405 1.21125 1.37109e-19)
(0.85521 1.18076 7.53345e-19)
(0.769851 1.14839 0)
(0.669072 1.11464 -2.47779e-19)
(0.551578 1.08154 0)
(0.430409 1.05362 -9.65054e-20)
(0.33034 1.07138 0)
(0.368052 1.83187 2.34294e-19)
(0.500731 3.3182 -4.48754e-20)
(0.525587 3.55527 1.43826e-19)
(0.471275 3.60761 -1.85744e-19)
(0.420227 3.69259 -3.56273e-19)
(0.386431 3.72391 1.70931e-19)
(0.54859 0.628175 -8.82159e-19)
(0.803776 0.92905 -1.08998e-18)
(1.04783 1.23291 -2.92442e-19)
(1.07836 1.29983 2.0365e-19)
(1.03866 1.29031 -1.06145e-18)
(0.982317 1.26431 1.09145e-19)
(0.917983 1.23587 -6.50989e-20)
(0.84456 1.2057 -1.3587e-18)
(0.760011 1.17426 3.1371e-19)
(0.660032 1.14254 -8.46081e-21)
(0.543317 1.11341 6.60331e-21)
(0.423331 1.09251 0)
(0.346029 1.19191 1.59595e-19)
(0.4529 2.37035 3.13779e-20)
(0.586777 3.46972 0)
(0.575816 3.58748 0)
(0.540798 3.6608 0)
(0.510262 3.70618 7.26944e-20)
(0.449485 3.58077 -7.77445e-19)
(0.542563 0.644127 -8.47538e-19)
(0.792718 0.947978 -3.53398e-19)
(1.03436 1.25839 5.54576e-19)
(1.06462 1.32643 -6.15696e-19)
(1.02525 1.31637 0)
(0.969603 1.28975 9.99577e-20)
(0.906141 1.261 5.64407e-19)
(0.833731 1.23093 -6.52119e-19)
(0.750306 1.20023 0)
(0.651544 1.17037 7.75136e-19)
(0.536257 1.14497 -1.60161e-19)
(0.419404 1.13294 -2.40564e-20)
(0.379219 1.37255 3.57864e-20)
(0.54569 2.87673 1.0877e-20)
(0.658359 3.53575 0)
(0.626065 3.60852 -2.37661e-19)
(0.604691 3.6768 3.85791e-19)
(0.571823 3.61389 0)
(0.549027 3.11926 0)
(0.127447 1.017 0)
(0.534903 0.659201 0)
(0.780399 0.967486 0)
(1.01951 1.28514 -8.06851e-19)
(1.04951 1.35441 -7.89016e-19)
(1.01067 1.34375 0)
(0.955931 1.31644 9.76695e-20)
(0.89356 1.28729 0)
(0.822425 1.25725 -7.73227e-19)
(0.740456 1.22726 9.38048e-21)
(0.643351 1.19932 4.17162e-19)
(0.530204 1.17783 1.85156e-19)
(0.419501 1.18003 -2.06418e-20)
(0.430223 1.62066 -1.97986e-20)
(0.63594 3.22729 0)
(0.717949 3.57084 -3.80756e-19)
(0.676257 3.63373 -4.54076e-19)
(0.658989 3.63409 4.26192e-19)
(0.575991 3.27389 5.93986e-19)
(0.284931 1.58189 3.78894e-19)
(-0.0708811 -0.107195 -1.1872e-18)
(0.526134 0.674223 -3.94464e-19)
(0.766808 0.987934 -6.5589e-19)
(1.00304 1.31307 2.6158e-19)
(1.03285 1.38378 -1.3518e-18)
(0.994714 1.37251 -5.57218e-19)
(0.941099 1.34448 -1.91048e-19)
(0.880073 1.31489 1.28661e-20)
(0.810525 1.28489 9.32215e-20)
(0.730408 1.25567 -4.34197e-19)
(0.63549 1.22976 3.25072e-20)
(0.525265 1.21245 1.41765e-20)
(0.425413 1.23968 -6.72104e-20)
(0.499706 1.94042 0)
(0.718667 3.4082 -7.86835e-20)
(0.767602 3.59638 0)
(0.73268 3.62507 -2.74005e-19)
(0.670474 3.47063 -8.56516e-19)
(0.437191 2.33954 -2.94532e-19)
(-0.0117351 0.100423 3.58719e-19)
(-0.109147 -0.168956 -1.053e-18)
(0.515694 0.688566 -4.5217e-21)
(0.751554 1.00877 -3.14361e-19)
(0.984778 1.342 -2.52612e-19)
(1.01449 1.41447 1.10865e-18)
(0.977221 1.40256 0)
(0.924972 1.37376 -7.68028e-19)
(0.86559 1.34371 1.39402e-19)
(0.797985 1.31374 -1.40019e-18)
(0.720179 1.28529 -3.75037e-19)
(0.628055 1.26148 -3.44483e-20)
(0.521734 1.24882 0)
(0.439868 1.31849 1.41764e-19)
(0.584245 2.29815 -4.57009e-20)
(0.794581 3.50323 -8.76662e-20)
(0.808911 3.60948 0)
(0.772086 3.57969 0)
(0.61659 3.01953 7.10748e-21)
(0.13616 0.640598 -2.76951e-19)
(-0.0975384 -0.160817 1.63864e-18)
(-0.0881249 -0.141357 1.55504e-18)
(0.503302 0.702176 3.62181e-19)
(0.734138 1.02948 -6.03714e-19)
(0.964441 1.37184 -9.58687e-19)
(0.994213 1.44639 1.79652e-18)
(0.958041 1.43381 -2.52705e-19)
(0.907432 1.40415 -7.50352e-19)
(0.850023 1.37359 5.18068e-19)
(0.784763 1.34361 1.04958e-19)
(0.709783 1.31594 -3.24012e-19)
(0.621169 1.29421 -3.62871e-20)
(0.519993 1.28695 -5.02791e-20)
(0.465412 1.42361 -1.11244e-19)
(0.682869 2.69336 -2.0964e-19)
(0.862909 3.55369 1.1198e-19)
(0.850881 3.60496 1.90804e-19)
(0.783473 3.43071 -6.09207e-19)
(0.450837 2.10679 4.13873e-19)
(-0.0425343 -0.0274619 2.60579e-19)
(-0.110965 -0.194008 6.05062e-19)
(-0.0713158 -0.115265 -7.20471e-19)
(0.488382 0.714405 3.47233e-19)
(0.714089 1.04977 2.90379e-19)
(0.941649 1.40235 4.6526e-19)
(0.97177 1.47942 0)
(0.937005 1.46609 2.69579e-19)
(0.888348 1.43551 0)
(0.833275 1.40435 1.34611e-19)
(0.770819 1.37431 6.03717e-19)
(0.699248 1.34738 3.37207e-19)
(0.614939 1.32767 8.9546e-21)
(0.520473 1.32676 -3.73896e-20)
(0.503168 1.5597 1.92294e-19)
(0.783443 3.02874 -6.71003e-20)
(0.920212 3.5776 -2.70779e-19)
(0.88575 3.5765 -4.84829e-19)
(0.740995 3.10189 -2.00126e-20)
(0.168577 0.679887 -1.67644e-21)
(-0.0988632 -0.161787 1.20741e-18)
(-0.107882 -0.189408 -2.23998e-18)
(-0.0546372 -0.0906167 0)
(0.470744 0.72444 6.70113e-19)
(0.690814 1.06878 -5.4937e-19)
(0.915817 1.43279 -9.0083e-19)
(0.946883 1.51329 0)
(0.913895 1.49921 2.52784e-19)
(0.867551 1.46759 -7.27527e-19)
(0.815223 1.43573 5.02655e-19)
(0.756084 1.40552 -9.09647e-20)
(0.688584 1.37926 3.61033e-19)
(0.609442 1.36141 5.82137e-19)
(0.523531 1.36857 -1.17796e-19)
(0.553491 1.72207 -6.26704e-20)
(0.876173 3.26472 -3.64799e-20)
(0.970146 3.58153 -1.63591e-19)
(0.905376 3.49835 5.11201e-19)
(0.620572 2.52381 -1.22014e-20)
(-0.0166927 0.05418 -1.95604e-19)
(-0.148674 -0.222222 6.84734e-19)
(-0.112832 -0.194473 1.3344e-19)
(-0.0491311 -0.0828429 0)
(0.449765 0.731354 1.26342e-18)
(0.663807 1.08523 -7.85356e-21)
(0.886361 1.46281 4.21237e-19)
(0.919268 1.5475 0)
(0.888473 1.53282 7.40294e-19)
(0.844843 1.50006 -3.53311e-19)
(0.795717 1.46739 1.2965e-19)
(0.740459 1.43687 -8.62359e-19)
(0.677772 1.41111 1.40186e-19)
(0.60475 1.39494 0)
(0.529462 1.41263 5.29188e-19)
(0.613864 1.90201 6.79911e-20)
(0.958125 3.4015 9.03811e-20)
(1.01959 3.5766 -6.6297e-19)
(0.904663 3.35258 5.11088e-19)
(0.42931 1.69706 0)
(-0.128324 -0.127851 7.51083e-19)
(-0.111589 -0.300925 4.32397e-19)
(-0.0357768 -0.204965 -1.00402e-18)
(0.00908745 -0.030703 -1.17652e-18)
(0.424566 0.734357 1.19166e-18)
(0.632601 1.09774 -7.09242e-21)
(0.852678 1.49151 -4.13969e-19)
(0.88854 1.58149 -3.14279e-19)
(0.860454 1.5665 -4.75121e-19)
(0.819983 1.5325 3.53993e-19)
(0.774572 1.49888 2.37891e-19)
(0.723792 1.46788 1.65969e-19)
(0.666728 1.4423 -1.14096e-19)
(0.600864 1.42768 -7.82923e-20)
(0.538495 1.45805 -1.36283e-19)
(0.68097 2.08463 -2.87282e-19)
(1.03176 3.47481 -3.08023e-20)
(1.06874 3.55967 0)
(0.883215 3.13263 -5.13663e-19)
(0.196151 0.790054 3.28514e-19)
(-0.156497 -0.337875 -1.67693e-18)
(-0.106179 -0.410922 0)
(0.0279519 -0.160773 9.83085e-19)
(0.104675 0.115235 0)
(0.394947 0.731993 2.85063e-19)
(0.596266 1.10487 2.43481e-19)
(0.814441 1.51733 -7.7779e-19)
(0.854215 1.61458 -6.10487e-19)
(0.829552 1.59971 -9.26265e-19)
(0.792708 1.56436 3.30945e-19)
(0.751568 1.52961 0)
(0.705858 1.49796 3.23674e-19)
(0.655257 1.47208 -1.22544e-19)
(0.597683 1.45873 -2.56308e-19)
(0.550599 1.50295 0)
(0.750673 2.25221 1.51847e-19)
(1.09645 3.50838 -4.72426e-19)
(1.12162 3.5207 -1.11011e-18)
(0.860377 2.84917 -2.84445e-19)
(-0.0603632 0.119824 1.93316e-20)
(-0.151099 -0.635895 -7.75747e-19)
(-0.0337213 -0.530882 -6.37589e-19)
(0.148849 -0.0499466 -1.35669e-19)
(0.224372 0.322682 1.04115e-18)
(0.360823 0.722172 -2.74268e-19)
(0.553993 1.10423 2.32859e-19)
(0.771022 1.5385 7.62493e-19)
(0.81605 1.64571 5.97587e-19)
(0.795452 1.6318 4.55428e-19)
(0.762736 1.595 3.31842e-19)
(0.726383 1.55889 6.90663e-19)
(0.686393 1.52635 6.66196e-19)
(0.64302 1.49969 -1.27671e-19)
(0.595044 1.4866 -3.43331e-19)
(0.564407 1.54467 -2.99763e-19)
(0.820384 2.39644 -3.43188e-19)
(1.1524 3.52237 4.55416e-19)
(1.15774 3.46327 -3.65037e-19)
(0.891126 2.51504 -2.27018e-19)
(0.0185684 -0.480643 -1.03516e-18)
(-0.122954 -0.834875 7.56272e-19)
(0.0310461 -0.455121 -9.89957e-19)
(0.208061 0.343651 1.31005e-18)
(0.24196 0.563844 -4.06823e-21)
(0.321907 0.702558 0)
(0.505044 1.09304 8.83872e-19)
(0.721705 1.55312 -7.00411e-19)
(0.773635 1.67367 5.69501e-19)
(0.75796 1.66196 -1.20096e-20)
(0.729687 1.62369 -4.0614e-21)
(0.698645 1.58604 1.20724e-20)
(0.665015 1.55207 1.67453e-19)
(0.629513 1.5243 1.19327e-19)
(0.592598 1.50966 7.9014e-20)
(0.578102 1.57966 6.50289e-21)
(0.883397 2.4915 -1.64545e-19)
(1.2039 3.53279 -2.38755e-19)
(1.14341 3.42542 2.96069e-19)
(0.760866 2.22792 -2.31719e-19)
(-0.165503 -0.509655 1.50966e-19)
(-0.420661 -0.569167 -7.08868e-19)
(-0.0646329 -0.00235964 1.94038e-18)
(0.164768 0.511457 -1.39449e-19)
(0.170172 0.42873 -1.69356e-19)
(0.278288 0.670113 -2.50319e-19)
(0.448894 1.06732 0)
(0.665961 1.55818 -3.368e-19)
(0.726304 1.69713 -2.66696e-19)
(0.716775 1.68923 -2.00611e-20)
(0.693241 1.64949 -2.91639e-19)
(0.667795 1.61017 -4.33152e-19)
(0.641095 1.57427 -3.12253e-19)
(0.614196 1.54445 -6.7688e-19)
(0.589476 1.52744 -1.67211e-19)
(0.591468 1.60055 1.50195e-19)
(0.940532 2.51347 -3.27154e-19)
(1.27453 3.55356 -2.34301e-20)
(1.11407 3.48372 0)
(0.439145 2.07473 -2.19583e-19)
(-0.740113 0.490743 3.88393e-19)
(-1.23688 -0.403021 5.24187e-19)
(-1.16685 -0.638892 0)
(-0.259531 0.1188 -1.53268e-19)
(0.195879 0.453828 -2.33335e-18)
(0.230098 0.622073 9.47624e-19)
(0.386997 1.02211 3.5738e-23)
(0.603521 1.54986 6.25185e-19)
(0.673402 1.71414 -2.41826e-19)
(0.671461 1.71253 0)
(0.652968 1.67155 -2.8274e-19)
(0.633326 1.63043 2.03435e-19)
(0.613613 1.59215 6.0301e-19)
(0.596011 1.55875 -2.23675e-19)
(0.584023 1.5382 3.14409e-19)
(0.605244 1.59662 -2.9044e-19)
(0.982701 2.46393 -1.5694e-19)
(1.41417 3.56369 -3.60271e-19)
(1.33719 3.62824 -2.15001e-19)
(0.736386 2.3897 2.69004e-18)
(-0.149157 1.0164 1.74243e-18)
(-0.882367 -0.165971 4.19579e-19)
(-1.29841 -1.21635 -1.89533e-18)
(-1.26353 -1.60149 -2.40083e-19)
(-0.567369 -0.950331 3.64724e-18)
(0.179025 0.554768 0)
(0.320552 0.952027 0)
(0.535978 1.52327 0)
(0.614497 1.72199 4.6003e-19)
(0.621629 1.73045 3.4952e-19)
(0.608456 1.68917 5.30562e-19)
(0.594479 1.64609 -1.97245e-19)
(0.581446 1.60486 4.33199e-19)
(0.57268 1.56663 4.07691e-19)
(0.574359 1.53654 0)
(0.615379 1.57291 -2.70708e-19)
(0.998311 2.28026 3.32957e-19)
(1.60753 3.48129 0)
(1.76952 3.58295 0)
(1.4929 2.88727 -5.899e-19)
(0.6614 1.27223 1.24001e-18)
(0.0916706 -0.0695051 0)
(-0.397268 -1.12201 -4.2971e-18)
(-0.738172 -1.96159 4.46568e-18)
(-0.782137 -2.20891 -4.21538e-18)
(0.129108 0.464859 0)
(0.251758 0.852623 -8.93793e-20)
(0.462376 1.47141 -6.92337e-19)
(0.550626 1.71741 -5.49223e-19)
(0.567067 1.7412 -3.37026e-19)
(0.559243 1.70183 -3.82256e-19)
(0.550356 1.65685 0)
(0.543323 1.61194 0)
(0.541703 1.56741 -1.87946e-19)
(0.554221 1.52454 -1.35639e-19)
(0.613631 1.52587 -2.48307e-19)
(0.932606 1.94912 0)
(1.68737 3.21416 6.07167e-20)
(1.9795 3.32859 2.79706e-19)
(2.00035 2.93111 -1.18708e-18)
(1.61187 1.82934 -8.48401e-19)
(0.980776 0.521826 -1.02925e-18)
(0.400934 -0.614497 1.93262e-18)
(-0.0835464 -1.49766 2.0713e-18)
(-0.443423 -2.00392 -3.05742e-20)
(0.0837442 0.360808 -7.80705e-19)
(0.180169 0.714667 6.45868e-19)
(0.383333 1.38596 5.10667e-19)
(0.483009 1.69607 0)
(0.508161 1.74418 3.02434e-19)
(0.50484 1.70953 -2.32993e-19)
(0.499963 1.66275 -8.25717e-21)
(0.497299 1.61412 -4.03318e-21)
(0.50095 1.56092 -3.52103e-19)
(0.516284 1.50619 0)
(0.582421 1.45639 -9.96856e-20)
(0.771017 1.63561 -1.54174e-20)
(1.50883 2.77323 4.41934e-20)
(1.82593 3.06611 1.58538e-20)
(1.88532 2.82418 -1.07179e-20)
(1.73085 2.18006 -1.94802e-20)
(1.30463 1.25672 6.67504e-20)
(0.777537 0.278391 -4.8922e-19)
(0.293992 -0.584704 -6.92249e-19)
(-0.092907 -1.09399 -8.38113e-19)
(0.0468524 0.250921 -3.5439e-19)
(0.11396 0.546335 3.68822e-19)
(0.300381 1.25658 6.00099e-20)
(0.410385 1.65123 0)
(0.444239 1.73882 0)
(0.445035 1.71394 2.10072e-19)
(0.442232 1.66504 -7.87556e-20)
(0.442318 1.61193 0)
(0.446272 1.55279 -7.7012e-20)
(0.460398 1.47971 1.10861e-19)
(0.496902 1.39218 0)
(0.583574 1.43771 -7.86295e-20)
(1.04291 2.21747 0)
(1.44034 2.88546 3.12987e-20)
(1.45937 2.82047 -2.83505e-19)
(1.35965 2.49776 -2.82776e-20)
(1.09578 1.92158 1.10748e-19)
(0.752291 1.24757 0)
(0.404884 0.579131 -1.58209e-18)
(0.112354 0.0482658 1.76618e-18)
(0.0209864 0.144853 2.02757e-20)
(0.0611313 0.365409 -3.00011e-19)
(0.209859 1.05659 -5.47791e-20)
(0.333608 1.57235 0)
(0.372817 1.72067 6.64478e-20)
(0.378544 1.71479 1.95403e-19)
(0.377608 1.66467 3.46516e-20)
(0.378053 1.60912 5.35635e-20)
(0.379888 1.54532 7.47779e-20)
(0.389051 1.46448 0)
(0.390486 1.36954 -1.43666e-19)
(0.427801 1.35105 5.28418e-21)
(0.528267 1.73631 -8.25973e-22)
(0.96932 2.76389 0)
(0.970518 2.92212 2.07077e-19)
(0.900973 2.85064 2.79229e-20)
(0.750317 2.54092 7.23356e-19)
(0.545986 2.07708 2.06132e-18)
(0.339801 1.56934 -1.38842e-18)
(0.156379 1.06488 2.27414e-20)
(0.00824679 0.0488669 4.10619e-33)
(0.0288751 0.18958 -1.52413e-20)
(0.121408 0.786437 -1.11091e-19)
(0.24247 1.4244 -1.98456e-20)
(0.294028 1.68292 0)
(0.304282 1.7062 6.57124e-20)
(0.305445 1.66308 1.67566e-20)
(0.306673 1.60619 6.56768e-22)
(0.308862 1.54181 0)
(0.305471 1.46771 1.22626e-33)
(0.287833 1.37055 -1.71133e-20)
(0.27893 1.34292 0)
(0.270518 1.51859 -1.94979e-20)
(0.508325 2.53749 9.36445e-21)
(0.566841 3.01129 0)
(0.505065 3.08572 0)
(0.426992 2.98985 0)
(0.302225 2.679 1.16358e-20)
(0.178835 2.28154 1.47292e-20)
(0.0747894 1.71901 2.42067e-19)
(0.00157225 -0.0365653 0)
(0.0195803 0.0498083 0)
(0.0606727 0.529931 0)
(0.144916 1.22729 0)
(0.201795 1.61833 0)
(0.221533 1.68763 0)
(0.229792 1.65846 0)
(0.237258 1.60127 0)
(0.242348 1.54108 0)
(0.238483 1.47507 0)
(0.216746 1.39216 0)
(0.184112 1.36059 0)
(0.164943 1.47812 0)
(0.251108 2.32293 0)
(0.336045 3.03341 0)
(0.304024 3.21295 0)
(0.250367 3.20201 0)
(0.169492 2.98317 0)
(0.0834693 2.64581 0)
(0.00840667 2.00036 0)
(0.00201992 -0.0729095 0)
(0.0102482 -0.0134148 0)
(0.0178341 0.427026 0)
(0.0526518 1.08661 0)
(0.101295 1.54154 0)
(0.132657 1.65597 0)
(0.154116 1.64073 0)
(0.171848 1.5893 0)
(0.185047 1.53782 0)
(0.184827 1.48291 0)
(0.16564 1.4219 0)
(0.128723 1.39189 0)
(0.106761 1.49055 0)
(0.116882 2.16733 0)
(0.198072 3.0267 0)
(0.177197 3.2911 0)
(0.135157 3.32955 0)
(0.0810633 3.16997 0)
(0.0247738 2.86305 0)
(-0.0151412 2.10396 0)
(0.000194366 -0.085739 0)
(-0.00999546 0.00441966 0)
(-0.028492 0.429534 0)
(-0.0249569 1.01494 0)
(0.0111339 1.45821 0)
(0.0538026 1.59965 0)
(0.0889227 1.60326 0)
(0.119108 1.56644 0)
(0.139481 1.52756 0)
(0.143715 1.48719 0)
(0.124922 1.44912 0)
(0.0900027 1.41954 0)
(0.0713033 1.51587 0)
(0.055878 2.06807 0)
(0.108861 3.00649 0)
(0.0933653 3.34152 0)
(0.0595233 3.4173 0)
(0.0229332 3.29443 0)
(-0.0143121 2.99872 0)
(-0.0243486 2.07052 0)
(-0.00203367 -0.0570121 0)
(-0.0242579 0.0911109 0)
(-0.0569888 0.489987 0)
(-0.0683744 0.982926 0)
(-0.0409302 1.37269 0)
(0.00261692 1.52581 0)
(0.0446201 1.55008 0)
(0.0817295 1.5324 0)
(0.108646 1.50982 0)
(0.117291 1.48924 0)
(0.106295 1.46903 0)
(0.0747356 1.44805 0)
(0.056675 1.53675 0)
(0.0378854 2.04337 0)
(0.0496203 3.00788 0)
(0.0337574 3.3886 0)
(0.00424773 3.48491 0)
(-0.0207192 3.37473 0)
(-0.0416826 3.06393 0)
(-0.0266397 1.94201 0)
(-0.0025014 -0.00757016 0)
(-0.0248193 0.199664 0)
(-0.0573198 0.570259 0)
(-0.0741437 0.973919 0)
(-0.0554742 1.2982 0)
(-0.016096 1.45075 0)
(0.0269595 1.48966 0)
(0.0657581 1.48941 0)
(0.0957405 1.48872 0)
(0.113412 1.48695 0)
(0.103019 1.48702 0)
(0.0634228 1.48378 0)
(0.0401858 1.53473 0)
(0.0309608 2.06381 0)
(-0.000146252 3.0352 0)
(-0.0228684 3.43401 0)
(-0.0438847 3.53627 0)
(-0.0589248 3.42192 0)
(-0.0626265 3.05725 0)
(-0.025425 1.7588 0)
(-0.00194093 0.0366086 0)
(-0.0185804 0.292185 0)
(-0.043889 0.647498 0)
(-0.0627587 0.98179 0)
(-0.0517806 1.24045 0)
(-0.016701 1.3805 0)
(0.0271518 1.42897 0)
(0.0696193 1.44262 0)
(0.10218 1.4609 0)
(0.119977 1.48297 0)
(0.101022 1.51456 0)
(0.0481262 1.5281 0)
(0.00293694 1.53401 0)
(-0.0126735 2.12668 0)
(-0.0562263 3.07882 0)
(-0.0734271 3.46625 0)
(-0.0837415 3.5606 0)
(-0.0855685 3.42988 0)
(-0.0725014 2.98838 0)
(-0.0210838 1.55977 0)
(-0.00133297 0.0678919 0)
(-0.012144 0.357343 0)
(-0.0291964 0.707644 0)
(-0.043762 1.00064 0)
(-0.0385763 1.19858 0)
(-0.00797406 1.31357 0)
(0.0376163 1.36607 0)
(0.0866523 1.39513 0)
(0.130358 1.42499 0)
(0.146072 1.48125 0)
(0.127415 1.548 0)
(0.0615279 1.58672 0)
(-0.0272662 1.57322 0)
(-0.0729946 2.19161 0)
(-0.111689 3.11087 0)
(-0.113757 3.48073 0)
(-0.109724 3.55802 0)
(-0.0969784 3.3994 0)
(-0.069113 2.86569 0)
(-0.016903 1.38198 0)
(-0.000811753 0.0877169 0)
(-0.00642224 0.396621 0)
(-0.015526 0.745025 0)
(-0.0220994 1.01267 0)
(-0.0141243 1.16357 0)
(0.0168232 1.24704 0)
(0.0664266 1.29478 0)
(0.125348 1.33455 0)
(0.184759 1.37964 0)
(0.226793 1.4654 0)
(0.219167 1.58786 0)
(0.13451 1.67729 0)
(-0.0112375 1.68402 0)
(-0.105474 2.23051 0)
(-0.128518 3.1276 0)
(-0.127289 3.47288 0)
(-0.116179 3.52988 0)
(-0.0961639 3.33649 0)
(-0.0633112 2.72081 0)
(-0.0140021 1.2308 0)
(-0.000272836 0.0968176 0)
(-0.000987235 0.411788 0)
(-0.00288012 0.758273 0)
(-2.96781e-06 1.00399 0)
(0.017369 1.11901 0)
(0.0549541 1.17345 0)
(0.112187 1.21026 0)
(0.184324 1.25154 0)
(0.264691 1.31334 0)
(0.34914 1.42769 0)
(0.366132 1.63026 0)
(0.26463 1.80353 0)
(0.0609482 1.86998 0)
(-0.101696 2.26535 0)
(-0.117879 3.14121 0)
(-0.12142 3.46582 0)
(-0.113437 3.49837 0)
(-0.0946895 3.27201 0)
(-0.0609591 2.58275 0)
(-0.0113923 1.09129 0)
(0.000301031 0.095286 0)
(0.00367627 0.407119 0)
(0.007469 0.749967 0)
(0.0184056 0.970772 0)
(0.0454566 1.05529 0)
(0.091658 1.08683 0)
(0.157413 1.1111 0)
(0.244553 1.14641 0)
(0.354241 1.21111 0)
(0.475735 1.36335 0)
(0.528993 1.66561 0)
(0.393637 1.96819 0)
(0.147629 2.112 0)
(-0.0708091 2.36461 0)
(-0.104538 3.18018 0)
(-0.124607 3.47158 0)
(-0.12551 3.47627 0)
(-0.10918 3.20335 0)
(-0.0726365 2.41117 0)
(-0.00507136 0.959889 0)
(0.000920125 0.0835932 0)
(0.00719958 0.387426 0)
(0.0141736 0.726975 0)
(0.02991 0.919172 0)
(0.0626329 0.975865 0)
(0.113659 0.989095 0)
(0.185229 0.99874 0)
(0.286487 1.01688 0)
(0.425336 1.07116 0)
(0.582494 1.26316 0)
(0.634459 1.7166 0)
(0.475577 2.16413 0)
(0.207979 2.37947 0)
(-0.0418489 2.54265 0)
(-0.10923 3.25086 0)
(-0.155408 3.50416 0)
(-0.168916 3.4731 0)
(-0.15503 3.12949 0)
(-0.0935329 2.1637 0)
(-0.00316831 0.839758 0)
(0.00141395 0.0637618 0)
(0.00863834 0.362152 0)
(0.0156665 0.698305 0)
(0.0319165 0.860199 0)
(0.0641551 0.89224 0)
(0.112662 0.889493 0)
(0.182971 0.8791 0)
(0.28905 0.867691 0)
(0.43844 0.907292 0)
(0.60438 1.15393 0)
(0.645257 1.77396 0)
(0.480245 2.3801 0)
(0.194798 2.66281 0)
(-0.0538208 2.77142 0)
(-0.161797 3.36573 0)
(-0.231255 3.56717 0)
(-0.254171 3.476 0)
(-0.223899 2.99424 0)
(-0.0766642 1.71933 0)
(-0.00343295 0.735906 0)
(0.00161572 0.0400034 0)
(0.00744015 0.341529 0)
(0.0110677 0.675054 0)
(0.0226642 0.808129 0)
(0.0468366 0.820349 0)
(0.0837186 0.802751 0)
(0.139656 0.768426 0)
(0.22828 0.724608 0)
(0.351293 0.751644 0)
(0.47408 1.06457 0)
(0.505901 1.83568 0)
(0.340053 2.60836 0)
(0.0875485 2.93278 0)
(-0.130966 3.01178 0)
(-0.272225 3.5379 0)
(-0.354652 3.64937 0)
(-0.384079 3.46592 0)
(-0.270774 2.59827 0)
(-0.0762568 1.33393 0)
(-0.011127 0.619241 0)
(0.001416 0.0184972 0)
(0.00358928 0.33566 0)
(0.00060695 0.668956 0)
(0.00253128 0.778599 0)
(0.011337 0.777127 0)
(0.0268187 0.747571 0)
(0.053628 0.693872 0)
(0.0967485 0.627934 0)
(0.15316 0.652349 0)
(0.190035 1.03064 0)
(0.162779 1.89873 0)
(0.0548908 2.78339 0)
(-0.115255 3.15479 0)
(-0.276074 3.24295 0)
(-0.41318 3.70898 0)
(-0.491984 3.75727 0)
(-0.460781 3.31249 0)
(-0.215126 1.95686 0)
(-0.0930971 1.03557 0)
(-0.0245772 0.43865 0)
(0.000827731 0.00566812 0)
(-0.00230489 0.352425 0)
(-0.0137642 0.689757 0)
(-0.0248259 0.784912 0)
(-0.0362613 0.776413 0)
(-0.0480022 0.741416 0)
(-0.0609005 0.679932 0)
(-0.0778955 0.609125 0)
(-0.109291 0.64328 0)
(-0.168784 1.05921 0)
(-0.247937 1.96653 0)
(-0.313095 2.88608 0)
(-0.368437 3.25402 0)
(-0.42531 3.41399 0)
(-0.547629 3.82501 0)
(-0.549188 3.74307 0)
(-0.394722 2.8381 0)
(-0.156533 1.53617 0)
(-0.0741859 0.80139 0)
(-0.0250269 0.244928 0)
(3.1044e-06 0.00632936 0)
(-0.00835221 0.393639 0)
(-0.0282175 0.741409 0)
(-0.0531873 0.833122 0)
(-0.0847829 0.823583 0)
(-0.124224 0.791284 0)
(-0.177195 0.735689 0)
(-0.253112 0.674582 0)
(-0.364072 0.7156 0)
(-0.495176 1.14105 0)
(-0.587348 2.03914 0)
(-0.602932 2.88541 0)
(-0.533492 3.22207 0)
(-0.58003 3.59632 0)
(-0.597526 3.81833 0)
(-0.521224 3.54964 0)
(-0.205125 2.21549 0)
(-0.0715542 1.27344 0)
(-0.0312013 0.671292 0)
(-0.0138794 0.125848 0)
(-0.000779414 0.0205601 0)
(-0.013072 0.455269 0)
(-0.0391982 0.821239 0)
(-0.0756248 0.919164 0)
(-0.12336 0.913879 0)
(-0.184782 0.890939 0)
(-0.268547 0.851877 0)
(-0.388407 0.812144 0)
(-0.555833 0.856499 0)
(-0.730141 1.2423 0)
(-0.796173 2.07094 0)
(-0.729638 2.80567 0)
(-0.647495 3.1915 0)
(-0.674438 3.63087 0)
(-0.588182 3.70181 0)
(-0.33896 3.01307 0)
(-0.0502002 1.78862 0)
(0.00972246 1.1515 0)
(0.00850034 0.653127 0)
(-0.0012184 0.104112 0)
(-0.00128544 0.0447915 0)
(-0.0154336 0.528644 0)
(-0.0442942 0.919874 0)
(-0.0872923 1.03199 0)
(-0.144852 1.03467 0)
(-0.218922 1.02426 0)
(-0.318903 1.00669 0)
(-0.459913 0.995303 0)
(-0.656352 1.04595 0)
(-0.866742 1.35289 0)
(-0.927473 2.06505 0)
(-0.853598 2.71906 0)
(-0.801935 3.18413 0)
(-0.731962 3.50434 0)
(-0.472437 3.30153 0)
(-0.101349 2.3961 0)
(0.0551378 1.57835 0)
(0.0591922 1.1534 0)
(0.0312442 0.715506 0)
(0.00697934 0.150226 0)
(-0.00145596 0.073568 0)
(-0.0153193 0.603609 0)
(-0.0432322 1.02437 0)
(-0.0873063 1.15727 0)
(-0.147777 1.16984 0)
(-0.224715 1.1713 0)
(-0.326218 1.17406 0)
(-0.465472 1.19127 0)
(-0.658353 1.25921 0)
(-0.888057 1.49016 0)
(-0.973055 2.06421 0)
(-0.942985 2.64747 0)
(-0.849912 3.09327 0)
(-0.58362 3.15074 0)
(-0.210929 2.72617 0)
(0.0637035 2.00486 0)
(0.10896 1.53522 0)
(0.0785782 1.23504 0)
(0.0388223 0.8157 0)
(0.0101877 0.228292 0)
(-0.00135558 0.101679 0)
(-0.0133602 0.671534 0)
(-0.0375652 1.12218 0)
(-0.078196 1.28115 0)
(-0.135579 1.30421 0)
(-0.207597 1.31422 0)
(-0.299634 1.33159 0)
(-0.420427 1.36962 0)
(-0.580215 1.45702 0)
(-0.777133 1.65707 0)
(-0.926627 2.07389 0)
(-0.861285 2.56904 0)
(-0.632138 2.81784 0)
(-0.283149 2.67486 0)
(0.00860112 2.28461 0)
(0.129225 1.85398 0)
(0.120883 1.58165 0)
(0.073865 1.3509 0)
(0.0357801 0.920282 0)
(0.0100038 0.310467 0)
(-0.00110447 0.125643 0)
(-0.0105208 0.72724 0)
(-0.0297018 1.20537 0)
(-0.0641136 1.393 0)
(-0.114347 1.42661 0)
(-0.176786 1.44105 0)
(-0.253731 1.46559 0)
(-0.349114 1.51248 0)
(-0.464474 1.60503 0)
(-0.588294 1.78443 0)
(-0.653061 2.08841 0)
(-0.534753 2.4029 0)
(-0.29724 2.49935 0)
(-0.047955 2.33 0)
(0.100568 2.06903 0)
(0.132124 1.84247 0)
(0.0986992 1.67731 0)
(0.0563276 1.45948 0)
(0.0271013 1.00657 0)
(0.00780892 0.378909 0)
(-0.000814013 0.144043 0)
(-0.00763119 0.769342 0)
(-0.0218093 1.27086 0)
(-0.0489921 1.48687 0)
(-0.0901969 1.53089 0)
(-0.141383 1.54652 0)
(-0.202297 1.57199 0)
(-0.273503 1.6177 0)
(-0.35117 1.70052 0)
(-0.417492 1.84554 0)
(-0.419971 2.05576 0)
(-0.294342 2.23765 0)
(-0.108634 2.26475 0)
(0.036598 2.14471 0)
(0.0986504 1.99621 0)
(0.0966895 1.87548 0)
(0.0651866 1.76447 0)
(0.036141 1.53822 0)
(0.0176148 1.06624 0)
(0.00516932 0.42711 0)
(-0.000555157 0.157057 0)
(-0.00518634 0.799158 0)
(-0.0151506 1.31955 0)
(-0.0354319 1.56122 0)
(-0.0675578 1.61538 0)
(-0.107823 1.6305 0)
(-0.154427 1.65314 0)
(-0.206182 1.69228 0)
(-0.257572 1.75894 0)
(-0.291519 1.86724 0)
(-0.271214 2.00761 0)
(-0.173082 2.10747 0)
(-0.0512097 2.11707 0)
(0.0303104 2.05218 0)
(0.0592396 1.97604 0)
(0.0541933 1.9108 0)
(0.0363214 1.81988 0)
(0.0204709 1.58462 0)
(0.0103017 1.10201 0)
(0.00306664 0.456967 0)
(-0.000355996 0.165677 0)
(-0.00334953 0.819269 0)
(-0.0100733 1.35427 0)
(-0.0245474 1.61748 0)
(-0.0486717 1.68128 0)
(-0.0793778 1.69559 0)
(-0.114286 1.71389 0)
(-0.151573 1.74484 0)
(-0.186052 1.79521 0)
(-0.204404 1.87229 0)
(-0.182445 1.96531 0)
(-0.11668 2.02193 0)
(-0.0436117 2.02926 0)
(0.00419213 2.00016 0)
(0.0230495 1.96426 0)
(0.0237995 1.92733 0)
(0.0172283 1.84676 0)
(0.010528 1.6076 0)
(0.00561098 1.12139 0)
(0.00169861 0.473988 0)
(-0.000216677 0.171083 0)
(-0.00207082 0.832431 0)
(-0.00645249 1.37846 0)
(-0.016455 1.65891 0)
(-0.0340397 1.73136 0)
(-0.0568981 1.74526 0)
(-0.0826353 1.75916 0)
(-0.109424 1.7824 0)
(-0.133139 1.81906 0)
(-0.144464 1.8725 0)
(-0.128044 1.93429 0)
(-0.0868019 1.96921 0)
(-0.0441118 1.97643 0)
(-0.0144243 1.9659 0)
(0.000739193 1.95052 0)
(0.00612995 1.92848 0)
(0.00641558 1.85492 0)
(0.00483532 1.6167 0)
(0.00283276 1.13088 0)
(0.000875361 0.483055 0)
(-0.000653531 0.504708 0)
(-0.00304118 1.13404 0)
(-0.00882501 1.56006 0)
(-0.0213603 1.72107 0)
(-0.0400741 1.75246 0)
(-0.0624159 1.76312 0)
(-0.0865742 1.77958 0)
(-0.110052 1.80632 0)
(-0.127246 1.84642 0)
(-0.126886 1.9005 0)
(-0.100017 1.94651 0)
(-0.0631222 1.96303 0)
(-0.0316404 1.96237 0)
(-0.0120171 1.9526 0)
(-0.00199006 1.93938 0)
(0.00215207 1.90442 0)
(0.00301918 1.76786 0)
(0.00252562 1.40849 0)
(0.00126723 0.820942 0)
(0.000278881 0.487508 0)
(-0.148724 1.54855 0)
(0.0819981 3.35495 1.81016e-21)
(0.134199 3.62649 -6.99229e-20)
(0.136687 3.57719 0)
(0.132496 3.51873 -6.64394e-20)
(0.123927 3.4746 0)
(0.11402 3.44877 -1.8317e-19)
(0.102355 3.42568 -8.42381e-21)
(0.085913 3.29076 -4.40663e-19)
(0.0450873 2.12817 -2.58609e-19)
(-0.0564027 1.15629 1.26817e-19)
(0.0492495 3.15053 -5.46301e-20)
(0.077596 3.54459 -1.24277e-20)
(0.0834921 3.52725 -3.55356e-20)
(0.083988 3.48301 -1.34357e-19)
(0.0814717 3.45027 -4.88654e-21)
(0.0767434 3.43241 6.91527e-21)
(0.0709686 3.42167 0)
(0.0618373 3.32671 -4.16014e-21)
(0.0381506 2.24959 -2.88018e-19)
(-0.0290728 1.01555 -7.99534e-23)
(0.0281659 3.06909 -7.14255e-22)
(0.0429419 3.49587 2.71117e-21)
(0.0486052 3.48916 0)
(0.0515002 3.45392 -1.5523e-19)
(0.0525535 3.42938 2.08673e-19)
(0.0526022 3.41784 -2.44908e-19)
(0.0535965 3.41444 -2.56721e-19)
(0.0516559 3.33995 -2.85677e-19)
(0.0355205 2.32336 2.33989e-21)
(-0.0177466 0.935818 4.67947e-20)
(0.011496 3.03346 -2.49191e-21)
(0.0191475 3.46148 -7.51767e-20)
(0.0246858 3.45854 -9.50817e-20)
(0.0296679 3.42898 -6.38394e-21)
(0.0338055 3.40996 -1.32627e-19)
(0.0379203 3.40238 1.37375e-19)
(0.043258 3.40295 0)
(0.0453037 3.34546 1.49254e-19)
(0.0346665 2.39174 0)
(-0.012432 0.895912 5.99612e-20)
(-0.00319321 3.02791 7.63752e-20)
(0.00300651 3.43469 1.03972e-19)
(0.00837143 3.43181 1.17519e-19)
(0.0153789 3.40588 -1.28357e-19)
(0.0220854 3.39031 -8.75842e-21)
(0.0291031 3.38505 -9.44193e-21)
(0.0372827 3.38817 1.60602e-19)
(0.0421044 3.34564 1.75758e-19)
(0.0361114 2.45676 1.72711e-19)
(-0.00999979 0.882011 -9.68104e-20)
(-0.0126836 3.04021 -1.20056e-19)
(-0.00900542 3.41284 1.34602e-19)
(-0.00242171 3.40664 1.38187e-19)
(0.00593855 3.38294 1.40351e-19)
(0.0146841 3.36935 -1.93495e-20)
(0.0239384 3.36542 -9.18545e-21)
(0.0343805 3.37028 -1.71633e-19)
(0.0420667 3.34084 0)
(0.0397064 2.52249 -7.09918e-21)
(-0.0100171 0.885196 0)
(-0.020374 3.06403 1.35198e-19)
(-0.0185013 3.39254 -2.76725e-19)
(-0.0104147 3.38125 -9.47018e-21)
(-0.000717941 3.35869 0)
(0.00982868 3.3461 -1.81685e-19)
(0.0211758 3.34285 1.93226e-19)
(0.0337792 3.3488 -1.8464e-19)
(0.0444825 3.33118 -6.37447e-21)
(0.0453435 2.59179 3.30903e-21)
(-0.0113964 0.908122 1.45244e-19)
(-0.0287624 3.0942 -1.47783e-19)
(-0.0273145 3.37076 -1.63565e-19)
(-0.0173929 3.3537 1.82304e-19)
(-0.00608806 3.33155 0)
(0.00646651 3.31932 0)
(0.0200619 3.31636 0)
(0.0350269 3.32297 -2.06488e-19)
(0.0490212 3.31595 2.23079e-19)
(0.0528431 2.66358 0)
(-0.0156535 0.95733 0)
(-0.0395107 3.12572 -8.31236e-21)
(-0.0369332 3.34464 2.06692e-19)
(-0.0245024 3.3219 0)
(-0.0108846 3.29975 -2.2167e-19)
(0.0040944 3.2877 -1.42415e-20)
(0.0202198 3.28498 -2.30161e-19)
(0.0376914 3.29203 7.69976e-21)
(0.0550935 3.29434 2.73325e-19)
(0.0617932 2.73843 -2.58386e-19)
(-0.0235662 1.04993 1.84091e-19)
(-0.0530236 3.15321 1.87176e-19)
(-0.0476431 3.31128 -9.8992e-20)
(-0.0318995 3.28392 -1.20249e-19)
(-0.0151858 3.26215 3.06367e-20)
(0.00265331 3.2506 2.17376e-19)
(0.0214442 3.24834 1.22095e-19)
(0.0414529 3.25584 8.79733e-21)
(0.061678 3.26575 0)
(0.0713042 2.81472 -2.95885e-19)
(-0.0350804 1.20736 3.48203e-21)
(-0.0679833 3.17092 -1.20423e-19)
(-0.0579819 3.26921 -1.73966e-20)
(-0.0384082 3.2396 -1.38025e-19)
(-0.0185342 3.21939 1.18089e-19)
(0.00189276 3.20894 -8.97688e-21)
(0.0229577 3.20721 -1.57002e-19)
(0.0451967 3.2148 9.93613e-21)
(0.0676115 3.23017 1.58544e-19)
(0.0804017 2.889 0)
(-0.0472118 1.44391 4.09335e-21)
(-0.0805031 3.17384 -1.25095e-19)
(-0.0641052 3.21923 0)
(-0.0418357 3.19095 0)
(-0.0201147 3.1732 -1.6337e-19)
(0.00136042 3.16419 -1.8076e-19)
(0.023323 3.16313 9.48861e-21)
(0.046829 3.17061 1.11461e-20)
(0.0707124 3.18911 -1.7689e-19)
(0.0882033 2.957 -5.96338e-21)
(-0.0549768 1.75613 1.50821e-19)
(-0.0856836 3.1602 -4.50207e-21)
(-0.06421 3.1652 0)
(-0.0421962 3.13961 -1.66544e-19)
(-0.0204533 3.12359 -1.50669e-19)
(0.00126511 3.11589 -1.18617e-22)
(0.0233743 3.11622 9.80549e-20)
(0.046151 3.12478 1.23871e-20)
(0.0691651 3.14548 2.12955e-19)
(0.0922778 3.01432 0)
(-0.056212 2.13233 0)
(-0.0831603 3.12922 5.59292e-21)
(-0.0625708 3.10752 -5.50657e-21)
(-0.0426304 3.08446 -9.86538e-20)
(-0.0206419 3.07093 0)
(0.00171416 3.06531 2.55602e-20)
(0.024242 3.06666 0)
(0.0462238 3.07563 -1.12035e-19)
(0.066373 3.09787 -1.2927e-19)
(0.0929746 3.05391 0)
(-0.0582179 2.5336 4.91377e-20)
(-0.0857208 3.07279 -1.10086e-19)
(-0.0582552 3.04421 1.30299e-20)
(-0.0361346 3.03118 0)
(-0.0162417 3.02492 -5.20313e-20)
(0.00142943 3.02257 1.58295e-21)
(0.0192852 3.0233 5.81091e-20)
(0.0389203 3.02771 -6.07528e-20)
(0.0623064 3.0415 -1.57453e-20)
(0.0963832 3.05644 0)
(-0.0331735 2.87905 6.39951e-21)
(-0.0355447 2.99922 2.99211e-20)
(-0.0180289 3.00046 1.21838e-20)
(-0.0100843 3.00104 0)
(-0.00481506 3.00039 -2.41659e-20)
(0.0002875 3.00135 1.60022e-22)
(0.00433418 3.00031 -2.53256e-20)
(0.00998027 2.99957 2.63911e-20)
(0.0195373 2.99915 0)
(0.0458919 3.0026 0)
(0.272626 0.291014 -2.43207e-19)
(0.842585 0.853015 -3.70427e-19)
(1.09828 1.12854 -2.46244e-19)
(1.13141 1.1854 -5.18228e-19)
(1.09281 1.17503 -7.94532e-20)
(1.03538 1.14929 1.06937e-19)
(0.27397 0.793028 0)
(0.192122 0.981095 1.91903e-19)
(0.200071 2.35303 -1.04982e-19)
(0.258025 3.32189 -5.59381e-20)
(0.244049 3.45191 2.67872e-20)
(0.212303 3.47697 6.48562e-21)
(0.206236 3.5438 7.63538e-21)
(0.229074 3.61371 -3.10634e-19)
(0.251232 3.70521 1.2296e-19)
(0.295851 3.70691 3.27623e-19)
(0.304765 3.2486 6.02382e-19)
)
;

boundaryField
{
    wall-4
    {
        type            noSlip;
    }
    pressure-outlet-7
    {
        type            zeroGradient;
    }
    velocity-inlet-6
    {
        type            fixedValue;
        value           uniform (0 3 0);
    }
    velocity-inlet-5
    {
        type            fixedValue;
        value           uniform (1 0 0);
    }
    frontAndBackPlanes
    {
        type            empty;
    }
}


// ************************************************************************* //
