/*--------------------------------*- C++ -*----------------------------------*\
| =========                 |                                                 |
| \\      /  F ield         | OpenFOAM: The Open Source CFD Toolbox           |
|  \\    /   O peration     | Version:  v2012                                 |
|   \\  /    A nd           | Website:  www.openfoam.com                      |
|    \\/     M anipulation  |                                                 |
\*---------------------------------------------------------------------------*/
FoamFile
{
    version     2.0;
    format      ascii;
    class       volVectorField;
    location    "42";
    object      U;
}
// * * * * * * * * * * * * * * * * * * * * * * * * * * * * * * * * * * * * * //

dimensions      [0 1 -1 0 0 0 0];


internalField   nonuniform List<vector> 
8800
(
(0.984962 -0.0884523 0)
(1.00213 -0.0568238 0)
(0.999671 -0.0305566 0)
(1.00001 -0.015861 0)
(1.00007 -0.00871612 0)
(1.00006 -0.00507881 0)
(1.00004 -0.00299971 0)
(1.00001 -0.00170011 0)
(0.999997 -0.000800799 0)
(1.00006 -0.000100805 0)
(0.999989 0.000607502 0)
(0.999998 0.00136264 0)
(1.00001 0.00239247 0)
(1.00002 0.00399763 0)
(1.00003 0.0067125 0)
(0.999994 0.0117377 0)
(0.999829 0.0220504 0)
(0.999166 0.0411683 0)
(1.00747 0.0768954 0)
(0.773652 0.0450709 0)
(0.360995 -0.0151724 0)
(1.04556 -0.0742073 0)
(1.08711 -0.0679 0)
(1.04777 -0.0523119 0)
(1.02458 -0.0384074 0)
(1.01237 -0.0261277 0)
(1.00647 -0.016789 0)
(1.00361 -0.0102869 0)
(1.00218 -0.00564672 0)
(1.00151 -0.002045 0)
(1.00138 0.00118179 0)
(1.00174 0.00450454 0)
(1.0027 0.00841257 0)
(1.0047 0.013758 0)
(1.00879 0.0214986 0)
(1.01733 0.0323268 0)
(1.03444 0.0456682 0)
(1.06547 0.0597793 0)
(1.09408 0.0729282 0)
(0.842225 0.0557117 0)
(0.217048 -0.0016474 0)
(1.07584 -0.0503734 0)
(1.09983 -0.048744 0)
(1.06464 -0.0401992 0)
(1.03995 -0.0330388 0)
(1.02374 -0.025746 0)
(1.01397 -0.0183768 0)
(1.0085 -0.0116573 0)
(1.00565 -0.00585872 0)
(1.00448 -0.000546186 0)
(1.0048 0.00458944 0)
(1.00664 0.00991609 0)
(1.01056 0.0159661 0)
(1.01785 0.0228911 0)
(1.0305 0.0301699 0)
(1.05065 0.0371793 0)
(1.08036 0.0445221 0)
(1.1062 0.0517449 0)
(0.942862 0.0413217 0)
(0.216501 0.00166646 0)
(0.175852 -0.000646683 0)
(1.01861 -0.0354396 0)
(1.10555 -0.0414663 0)
(1.07809 -0.0363123 0)
(1.05281 -0.0302939 0)
(1.03552 -0.0245799 0)
(1.02351 -0.0188697 0)
(1.01561 -0.0128577 0)
(1.01096 -0.00672957 0)
(1.00892 -0.000466894 0)
(1.00946 0.00571852 0)
(1.01258 0.0116772 0)
(1.0186 0.0174964 0)
(1.02832 0.0230846 0)
(1.04267 0.0285322 0)
(1.0634 0.0342054 0)
(1.0938 0.0401802 0)
(1.09417 0.0418241 0)
(0.828922 0.0227647 0)
(0.174924 0.000666486 0)
(0.154276 -0.000488716 0)
(0.957165 -0.0255928 0)
(1.10402 -0.0351581 0)
(1.08789 -0.0327331 0)
(1.06134 -0.0281955 0)
(1.04343 -0.02322 0)
(1.03104 -0.0179825 0)
(1.02236 -0.0124937 0)
(1.01675 -0.00660575 0)
(1.01408 -0.000151307 0)
(1.01474 0.00631888 0)
(1.0186 0.0121987 0)
(1.02546 0.0175036 0)
(1.03567 0.0224895 0)
(1.05037 0.0273311 0)
(1.07207 0.0318327 0)
(1.10076 0.0357288 0)
(1.06923 0.0338972 0)
(0.741458 0.014335 0)
(0.152884 0.000510774 0)
(0.139717 -0.000360106 0)
(0.900092 -0.0192553 0)
(1.09631 -0.0302307 0)
(1.09595 -0.0293767 0)
(1.06893 -0.0256471 0)
(1.05021 -0.0215794 0)
(1.03729 -0.0168924 0)
(1.0283 -0.0116727 0)
(1.02233 -0.00598917 0)
(1.01933 0.000334712 0)
(1.01999 0.00668441 0)
(1.02405 0.0123194 0)
(1.03111 0.0173007 0)
(1.04162 0.0218069 0)
(1.05695 0.0257962 0)
(1.07956 0.029313 0)
(1.10308 0.0320109 0)
(1.03743 0.0280116 0)
(0.67499 0.0102087 0)
(0.137757 0.00038591 0)
(0.129029 -0.00027588 0)
(0.850203 -0.014888 0)
(1.08383 -0.0261438 0)
(1.10155 -0.026509 0)
(1.07569 -0.0232346 0)
(1.05646 -0.0196312 0)
(1.0431 -0.0154718 0)
(1.03375 -0.0106386 0)
(1.02754 -0.00518296 0)
(1.02435 0.000938765 0)
(1.0249 0.00705655 0)
(1.02897 0.012405 0)
(1.03617 0.0169765 0)
(1.04699 0.0208826 0)
(1.06271 0.0242481 0)
(1.08577 0.0272869 0)
(1.10235 0.0291184 0)
(1.00286 0.023446 0)
(0.623319 0.00781419 0)
(0.12638 0.000306901 0)
(0.120863 -0.000213529 0)
(0.807697 -0.0117229 0)
(1.06839 -0.0225629 0)
(1.10497 -0.0239131 0)
(1.08185 -0.0210852 0)
(1.06218 -0.0177109 0)
(1.04855 -0.0138551 0)
(1.03894 -0.00936816 0)
(1.03247 -0.0042045 0)
(1.02907 0.00166499 0)
(1.02948 0.00749986 0)
(1.03352 0.0124868 0)
(1.0408 0.0165966 0)
(1.05174 0.0200231 0)
(1.06772 0.0229947 0)
(1.09115 0.0257415 0)
(1.09876 0.026681 0)
(0.967998 0.0198354 0)
(0.581959 0.006246 0)
(0.117378 0.000251088 0)
(0.114519 -0.000165658 0)
(0.771839 -0.00935183 0)
(1.05138 -0.0194061 0)
(1.1072 -0.0215122 0)
(1.08759 -0.0190815 0)
(1.06752 -0.0158768 0)
(1.05366 -0.0121983 0)
(1.04386 -0.00793556 0)
(1.03717 -0.00304091 0)
(1.03353 0.00254223 0)
(1.03376 0.0080512 0)
(1.03771 0.0126449 0)
(1.04495 0.0163504 0)
(1.05591 0.0194064 0)
(1.07213 0.0220449 0)
(1.09529 0.0244614 0)
(1.09244 0.0246158 0)
(0.934215 0.0170136 0)
(0.547929 0.00516062 0)
(0.110016 0.000211309 0)
(0.109556 -0.000127611 0)
(0.741713 -0.00751 0)
(1.03391 -0.0166014 0)
(1.10845 -0.0192433 0)
(1.09301 -0.0171386 0)
(1.07266 -0.0140439 0)
(1.05853 -0.010481 0)
(1.04855 -0.00637657 0)
(1.04166 -0.00169324 0)
(1.03777 0.00360191 0)
(1.03776 0.00875529 0)
(1.04153 0.0129637 0)
(1.04865 0.0162943 0)
(1.05963 0.0190105 0)
(1.07608 0.021357 0)
(1.0982 0.0234285 0)
(1.0838 0.0228559 0)
(0.902138 0.0148237 0)
(0.519218 0.00438759 0)
(0.103816 0.000183018 0)
(0.105686 -9.60786e-05 0)
(0.716513 -0.00602057 0)
(1.01679 -0.0140728 0)
(1.10882 -0.0170422 0)
(1.0983 -0.0152459 0)
(1.07768 -0.0121935 0)
(1.06325 -0.00869614 0)
(1.05307 -0.00469116 0)
(1.04596 -0.000158858 0)
(1.04179 0.0048743 0)
(1.04148 0.00967701 0)
(1.04499 0.0135229 0)
(1.05196 0.0165113 0)
(1.06294 0.0189058 0)
(1.07959 0.020971 0)
(1.09982 0.0226521 0)
(1.07324 0.0213929 0)
(0.871945 0.0131486 0)
(0.494408 0.00383647 0)
(0.0984402 0.000163882 0)
(0.102722 -6.88972e-05 0)
(0.695614 -0.00476721 0)
(1.00065 -0.0117529 0)
(1.10845 -0.0148632 0)
(1.10336 -0.0132976 0)
(1.08263 -0.0102506 0)
(1.0679 -0.00677315 0)
(1.05747 -0.00282536 0)
(1.05008 0.00158728 0)
(1.04557 0.00640515 0)
(1.04489 0.0108958 0)
(1.04809 0.014374 0)
(1.05487 0.0169965 0)
(1.06583 0.0190634 0)
(1.08266 0.0208531 0)
(1.10049 0.0221265 0)
(1.06111 0.0202168 0)
(0.84356 0.0118892 0)
(0.472463 0.00344858 0)
(0.093641 0.000151718 0)
(0.100545 -4.38879e-05 0)
(0.678564 -0.00366009 0)
(0.985964 -0.0095689 0)
(1.10757 -0.0126245 0)
(1.10818 -0.0112096 0)
(1.0876 -0.0081434 0)
(1.07253 -0.00463661 0)
(1.06179 -0.00069504 0)
(1.05405 0.00363663 0)
(1.04912 0.0082636 0)
(1.04797 0.0124397 0)
(1.05081 0.0155495 0)
(1.05737 0.017799 0)
(1.0683 0.0195192 0)
(1.08524 0.0210174 0)
(1.10015 0.0219197 0)
(1.04767 0.0193237 0)
(0.816759 0.0109703 0)
(0.452598 0.0031853 0)
(0.0892266 0.00014511 0)
(0.0990926 -1.91347e-05 0)
(0.665079 -0.00262474 0)
(0.973112 -0.00743623 0)
(1.10646 -0.0102575 0)
(1.11285 -0.00892982 0)
(1.09265 -0.00583251 0)
(1.07719 -0.00224372 0)
(1.06609 0.00175444 0)
(1.05792 0.00605447 0)
(1.05244 0.010524 0)
(1.05074 0.0143928 0)
(1.05314 0.0171139 0)
(1.05944 0.0189779 0)
(1.07034 0.0203309 0)
(1.08733 0.0215141 0)
(1.09874 0.0219805 0)
(1.03305 0.0187016 0)
(0.791239 0.0103321 0)
(0.434192 0.00302138 0)
(0.0850452 0.000143294 0)
(0.0983486 7.14534e-06 0)
(0.655022 -0.00160911 0)
(0.962432 -0.00528692 0)
(1.10546 -0.0076875 0)
(1.1175 -0.00635606 0)
(1.09783 -0.00319174 0)
(1.08198 0.000531045 0)
(1.07046 0.0046257 0)
(1.06178 0.00894495 0)
(1.05565 0.013281 0)
(1.05327 0.0168313 0)
(1.05512 0.0191404 0)
(1.06107 0.0205666 0)
(1.07187 0.0215004 0)
(1.08884 0.0223385 0)
(1.09617 0.0223283 0)
(1.01737 0.018348 0)
(0.766686 0.00993968 0)
(0.416753 0.00294054 0)
(0.0809755 0.000145338 0)
(0.0983369 2.96756e-05 0)
(0.648389 -0.000576992 0)
(0.954245 -0.0030584 0)
(1.10492 -0.00486257 0)
(1.12228 -0.00341904 0)
(1.10324 -0.000131396 0)
(1.08694 0.00377016 0)
(1.0749 0.00801488 0)
(1.06558 0.0124057 0)
(1.05865 0.0166425 0)
(1.05544 0.0198703 0)
(1.05663 0.0217383 0)
(1.06215 0.022679 0)
(1.07285 0.0231316 0)
(1.08961 0.0235459 0)
(1.09227 0.0230137 0)
(1.00063 0.0182969 0)
(0.742739 0.00977553 0)
(0.39984 0.00293826 0)
(0.0769038 0.000151539 0)
(0.0991234 6.8348e-05 0)
(0.645316 0.000495365 0)
(0.948868 -0.000668587 0)
(1.10519 -0.00170666 0)
(1.12739 -5.53828e-05 0)
(1.10894 0.00341445 0)
(1.09214 0.00758153 0)
(1.07948 0.0120591 0)
(1.06938 0.0165798 0)
(1.06146 0.0207456 0)
(1.05724 0.0236388 0)
(1.05762 0.0250139 0)
(1.06264 0.025408 0)
(1.07318 0.0253425 0)
(1.08942 0.0252771 0)
(1.08694 0.0240773 0)
(0.982726 0.0185627 0)
(0.719006 0.00983851 0)
(0.383036 0.00301112 0)
(0.0727238 0.000161346 0)
(0.10087 0.000103684 0)
(0.64619 0.00170535 0)
(0.946686 0.00193817 0)
(1.10669 0.00190421 0)
(1.13296 0.00388663 0)
(1.11507 0.00764369 0)
(1.09771 0.012173 0)
(1.0843 0.0169562 0)
(1.07321 0.0216592 0)
(1.06407 0.0257676 0)
(1.05862 0.0282889 0)
(1.05805 0.0290806 0)
(1.06245 0.0288574 0)
(1.07275 0.0282175 0)
(1.08812 0.0275596 0)
(1.07995 0.025542 0)
(0.96354 0.0191707 0)
(0.695073 0.0101266 0)
(0.365941 0.00315741 0)
(0.0683342 0.000174549 0)
(0.103678 0.000153301 0)
(0.651405 0.00317367 0)
(0.948223 0.00493207 0)
(1.10997 0.00605032 0)
(1.13925 0.0085328 0)
(1.12178 0.0127413 0)
(1.10377 0.0177066 0)
(1.08946 0.022876 0)
(1.07723 0.0278336 0)
(1.06663 0.0319042 0)
(1.05963 0.0340024 0)
(1.05786 0.0341631 0)
(1.06148 0.0332107 0)
(1.07146 0.031891 0)
(1.08552 0.0305231 0)
(1.07114 0.0275658 0)
(0.942841 0.0202115 0)
(0.670463 0.0106745 0)
(0.348133 0.00338353 0)
(0.0636332 0.000191191 0)
(0.107818 0.000219323 0)
(0.661443 0.00489055 0)
(0.953806 0.00838462 0)
(1.11542 0.0108653 0)
(1.1465 0.0140021 0)
(1.12921 0.0188159 0)
(1.1104 0.0243776 0)
(1.09494 0.0300862 0)
(1.08119 0.0353815 0)
(1.06873 0.0394125 0)
(1.05994 0.0410039 0)
(1.05682 0.0403999 0)
(1.05949 0.0386298 0)
(1.06907 0.0365472 0)
(1.08145 0.0343954 0)
(1.06021 0.0302572 0)
(0.920232 0.0217473 0)
(0.644584 0.0115033 0)
(0.329146 0.00368863 0)
(0.0585227 0.000209565 0)
(0.113644 0.000308774 0)
(0.676926 0.00700638 0)
(0.964191 0.0125657 0)
(1.12358 0.0165853 0)
(1.15503 0.0205818 0)
(1.13766 0.026237 0)
(1.1179 0.0325867 0)
(1.10104 0.0389723 0)
(1.08545 0.0446558 0)
(1.07078 0.048583 0)
(1.05978 0.0495232 0)
(1.05496 0.0480161 0)
(1.05648 0.0453298 0)
(1.0655 0.0423778 0)
(1.07579 0.0393064 0)
(1.0468 0.0337904 0)
(0.895239 0.0239288 0)
(0.616714 0.012678 0)
(0.308449 0.00408312 0)
(0.0529218 0.000228714 0)
(0.121634 0.000433246 0)
(0.698728 0.00970726 0)
(0.980073 0.0176486 0)
(1.13509 0.0234787 0)
(1.16538 0.0286508 0)
(1.14747 0.0354783 0)
(1.12642 0.0427968 0)
(1.10768 0.0499505 0)
(1.08973 0.0560215 0)
(1.07232 0.0597642 0)
(1.05876 0.0598818 0)
(1.05201 0.0572559 0)
(1.05223 0.0534999 0)
(1.06055 0.0495806 0)
(1.06831 0.0455254 0)
(1.03053 0.0384334 0)
(0.867192 0.0269218 0)
(0.585918 0.0142718 0)
(0.285396 0.00457578 0)
(0.0467486 0.00024831 0)
(0.132506 0.000615865 0)
(0.728022 0.0133419 0)
(1.00247 0.0240752 0)
(1.15074 0.0320421 0)
(1.17822 0.038747 0)
(1.15898 0.0471368 0)
(1.13609 0.0556358 0)
(1.11491 0.0636494 0)
(1.09401 0.070039 0)
(1.07332 0.0733367 0)
(1.05679 0.0723318 0)
(1.04781 0.0683487 0)
(1.04658 0.0633215 0)
(1.05408 0.0583159 0)
(1.05876 0.0531782 0)
(1.01091 0.0443591 0)
(0.835247 0.0308273 0)
(0.551075 0.0162894 0)
(0.259313 0.00514986 0)
(0.0399299 0.000267353 0)
(0.147455 0.000903769 0)
(0.766648 0.0185599 0)
(1.03287 0.0326713 0)
(1.17143 0.0432147 0)
(1.19437 0.051961 0)
(1.17263 0.0621747 0)
(1.14711 0.0720219 0)
(1.1227 0.0808401 0)
(1.09813 0.0872625 0)
(1.07357 0.0897157 0)
(1.05368 0.087201 0)
(1.04227 0.0815707 0)
(1.03944 0.0751037 0)
(1.04594 0.0687905 0)
(1.04672 0.0624488 0)
(0.987267 0.0516808 0)
(0.7984 0.0356744 0)
(0.511035 0.0186507 0)
(0.229701 0.00575698 0)
(0.0324542 0.000283094 0)
(0.168596 0.00139904 0)
(0.817629 0.0265256 0)
(1.074 0.045051 0)
(1.19815 0.0589068 0)
(1.21436 0.0703999 0)
(1.18854 0.0823621 0)
(1.15925 0.0934333 0)
(1.13057 0.102577 0)
(1.10151 0.10837 0)
(1.07252 0.109275 0)
(1.04898 0.104659 0)
(1.03506 0.0970354 0)
(1.03062 0.0889368 0)
(1.03578 0.0813051 0)
(1.03176 0.0734516 0)
(0.958735 0.0603484 0)
(0.755445 0.0412839 0)
(0.464967 0.0211695 0)
(0.196536 0.00631225 0)
(0.0244351 0.000289724 0)
(0.199287 0.00250719 0)
(0.886617 0.0400299 0)
(1.12882 0.0650751 0)
(1.23135 0.0826597 0)
(1.23809 0.0969604 0)
(1.2062 0.11018 0)
(1.17176 0.121524 0)
(1.13779 0.12986 0)
(1.10359 0.13394 0)
(1.0698 0.1323 0)
(1.04246 0.124841 0)
(1.02601 0.114778 0)
(1.02007 0.104815 0)
(1.02366 0.0958019 0)
(1.01327 0.0862272 0)
(0.924102 0.0701523 0)
(0.705213 0.0472535 0)
(0.413081 0.0236388 0)
(0.160913 0.00675957 0)
(0.0162917 0.000279035 0)
(0.24114 0.00872064 9.3856e-20)
(0.97761 0.067097 8.37763e-20)
(1.19507 0.0990735 -2.93317e-20)
(1.26832 0.118166 0)
(1.26292 0.135203 -7.46269e-34)
(1.22353 0.147859 1.08985e-20)
(1.18306 0.157705 -1.95277e-20)
(1.14322 0.163891 0)
(1.10344 0.165246 3.98134e-34)
(1.06445 0.160347 -2.38926e-20)
(1.03297 0.149632 0)
(1.01371 0.136941 -2.81899e-20)
(1.00604 0.12501 -8.29856e-20)
(1.00783 0.114823 -3.91443e-20)
(0.989162 0.103693 -1.17392e-20)
(0.87914 0.0836253 -6.96477e-21)
(0.642145 0.0550586 0)
(0.352757 0.0267878 4.86646e-21)
(0.123663 0.00785319 5.72733e-21)
(0.00858078 0.000431799 1.01499e-19)
(0.270039 0.024005 7.03442e-20)
(1.05253 0.109647 1.02317e-21)
(1.24917 0.147733 7.88432e-21)
(1.30193 0.166887 0)
(1.28478 0.183647 -3.81833e-20)
(1.23837 0.194206 -4.32924e-20)
(1.19184 0.201855 -1.9809e-20)
(1.14599 0.205707 -7.02378e-20)
(1.10026 0.204424 0)
(1.0554 0.196511 1.02287e-19)
(1.01883 0.182788 1.01209e-19)
(0.995791 0.167644 3.00548e-20)
(0.985361 0.153687 1.09213e-19)
(0.982377 0.141021 1.53013e-19)
(0.952246 0.126513 0)
(0.81901 0.101285 2.1507e-19)
(0.568479 0.0651032 3.0822e-19)
(0.291085 0.031088 3.41551e-19)
(0.0897327 0.00907005 -3.89118e-19)
(0.00189616 0.00025717 -7.19297e-21)
(0.270989 0.0398449 0)
(1.09962 0.165076 1.28366e-20)
(1.28562 0.207636 0)
(1.32804 0.226435 -5.04786e-20)
(1.30191 0.239867 0)
(1.24955 0.24668 -8.55918e-20)
(1.1974 0.250807 4.06362e-20)
(1.14585 0.251329 -1.41977e-19)
(1.09442 0.246656 -3.12799e-21)
(1.04388 0.235142 5.3151e-20)
(1.0023 0.217933 2.23158e-19)
(0.975502 0.199978 -5.94707e-22)
(0.961992 0.184014 -7.95437e-20)
(0.954583 0.169811 -1.44896e-19)
(0.9168 0.152505 1.716e-19)
(0.775147 0.121125 -3.02874e-19)
(0.528503 0.0774414 -3.99017e-20)
(0.267782 0.0375708 0)
(0.0817641 0.0111984 6.63033e-24)
(0.000583927 0.000146138 0)
(0.264632 0.0535248 1.71228e-19)
(1.12478 0.223785 -8.3984e-20)
(1.30819 0.272386 -6.42576e-20)
(1.34513 0.291236 2.40682e-20)
(1.31283 0.30056 -4.05411e-20)
(1.25607 0.303083 1.79882e-19)
(1.19933 0.303082 8.51068e-20)
(1.14282 0.299682 0)
(1.08621 0.291104 -2.67652e-19)
(1.0303 0.275561 0)
(0.983914 0.25474 -1.17538e-19)
(0.953502 0.234217 -1.44733e-19)
(0.937395 0.216719 -8.69151e-20)
(0.926839 0.201256 -1.05543e-19)
(0.883682 0.180801 0)
(0.743308 0.143613 0)
(0.510539 0.0939922 -2.60994e-19)
(0.267719 0.0482305 5.15198e-20)
(0.0873227 0.0155181 -3.01563e-20)
(0.00216972 0.000404282 -3.4723e-20)
(0.257306 0.0656425 -7.2525e-20)
(1.13574 0.282404 0)
(1.32066 0.338166 1.33764e-19)
(1.35429 0.35743 6.84018e-20)
(1.31769 0.362905 9.34726e-20)
(1.25778 0.361188 0)
(1.19744 0.35702 8.36713e-20)
(1.13681 0.349528 1.57834e-19)
(1.07568 0.336858 1.37462e-19)
(1.01497 0.317271 2.51317e-19)
(0.964227 0.293247 0)
(0.930563 0.270777 -3.12869e-19)
(0.911923 0.252032 -1.88282e-19)
(0.897912 0.234593 -1.11162e-19)
(0.851214 0.210159 6.83233e-19)
(0.71822 0.168654 8.11369e-20)
(0.503542 0.114202 3.80703e-19)
(0.276245 0.0620151 -1.79303e-18)
(0.0990244 0.0222524 1.06378e-18)
(0.0057697 0.00134967 -1.26268e-18)
(0.250458 0.0766433 -3.95932e-20)
(1.1378 0.339064 1.35478e-20)
(1.3258 0.403035 -1.49291e-20)
(1.3572 0.423171 -7.09169e-20)
(1.31749 0.425139 -7.99031e-20)
(1.25525 0.419392 3.51802e-21)
(1.19203 0.411209 -9.0649e-20)
(1.12799 0.399688 1.63559e-19)
(1.06304 0.382998 -2.96012e-19)
(0.998226 0.359618 0)
(0.943795 0.332765 -1.41936e-19)
(0.907158 0.308484 -3.22235e-21)
(0.885507 0.288054 -2.06131e-19)
(0.867294 0.267922 0)
(0.818635 0.239816 -1.48134e-19)
(0.696186 0.195218 -3.51301e-19)
(0.499742 0.136457 9.39068e-19)
(0.286282 0.0779735 -9.20509e-19)
(0.111336 0.0305639 1.30626e-18)
(0.0097118 0.00278472 -1.33677e-18)
(0.244819 0.0868639 -8.09874e-22)
(1.13434 0.393081 -5.95916e-21)
(1.32572 0.465964 -4.32688e-20)
(1.35533 0.487265 2.90392e-20)
(1.3133 0.48614 -4.0291e-20)
(1.24928 0.476639 0)
(1.18372 0.464649 -8.47516e-20)
(1.11682 0.449268 -1.71311e-19)
(1.04865 0.428763 -1.53946e-19)
(0.980438 0.401833 0)
(0.922856 0.37214 -1.47368e-19)
(0.883413 0.345551 -1.82268e-19)
(0.858391 0.32259 2.23605e-19)
(0.836112 0.299402 -1.35802e-19)
(0.787097 0.268501 -6.46398e-19)
(0.67507 0.222098 3.85268e-19)
(0.494809 0.159597 1.15075e-19)
(0.293627 0.0946489 0)
(0.121261 0.0394772 -1.26301e-18)
(0.0130474 0.0044078 -4.56099e-20)
(0.240426 0.0966158 5.30485e-22)
(1.12754 0.444245 9.37545e-22)
(1.32184 0.526446 2.05121e-20)
(1.34988 0.548998 1.02581e-19)
(1.30604 0.545169 -1.49356e-19)
(1.24062 0.532251 1.73012e-19)
(1.17312 0.516687 1.82206e-19)
(1.10384 0.49768 -2.73499e-19)
(1.03296 0.473618 9.46485e-20)
(0.961829 0.443265 -6.17728e-19)
(0.901432 0.410412 -1.66477e-19)
(0.859236 0.380816 0)
(0.830877 0.354739 2.42281e-19)
(0.805159 0.328621 2.90008e-19)
(0.756879 0.295765 3.4726e-19)
(0.654184 0.247871 -4.18336e-19)
(0.487227 0.181968 -1.23393e-19)
(0.296359 0.11074 1.4473e-19)
(0.12737 0.0479312 0)
(0.0153728 0.00593745 -9.88606e-20)
(0.237137 0.10603 -4.97705e-20)
(1.1189 0.492666 1.86836e-20)
(1.31541 0.584729 -1.83887e-20)
(1.34182 0.608032 6.23895e-20)
(1.29648 0.6018 -6.7569e-20)
(1.2299 0.585762 -8.08872e-21)
(1.16082 0.566917 -1.98591e-19)
(1.08953 0.544587 -9.87984e-20)
(1.01632 0.517234 -2.66974e-19)
(0.942574 0.483502 4.87875e-22)
(0.87951 0.44711 -5.20691e-19)
(0.834641 0.414015 4.38674e-19)
(0.803269 0.384731 -2.6566e-19)
(0.774968 0.356176 3.19035e-19)
(0.727834 0.321991 0)
(0.632279 0.272486 -2.26323e-19)
(0.476487 0.203137 -9.52686e-22)
(0.294148 0.125311 -6.29194e-19)
(0.128813 0.0550704 -9.2097e-20)
(0.0164956 0.00713966 0)
(0.234822 0.115232 0)
(1.10931 0.538556 2.71884e-20)
(1.30699 0.640125 -1.63736e-20)
(1.33185 0.66419 -5.7058e-20)
(1.2852 0.655822 -8.49285e-20)
(1.2177 0.636934 0)
(1.1473 0.615119 -9.04381e-20)
(1.07431 0.589802 -2.32105e-21)
(0.99904 0.559443 5.71125e-19)
(0.922813 0.522358 -8.46838e-20)
(0.85712 0.482171 -3.75592e-19)
(0.809706 0.44537 2.2803e-19)
(0.775842 0.413002 -4.1953e-21)
(0.745822 0.382372 3.38704e-19)
(0.69982 0.34678 2.0902e-19)
(0.609539 0.295091 -4.88235e-19)
(0.462498 0.221733 5.77393e-19)
(0.287195 0.137195 1.70214e-19)
(0.126387 0.0601847 6.98401e-19)
(0.0165052 0.00785018 -1.8424e-18)
(0.233415 0.124371 -2.6829e-20)
(1.09938 0.582117 3.04464e-20)
(1.29737 0.692567 -1.57604e-20)
(1.32047 0.717469 4.43477e-20)
(1.27273 0.70713 0)
(1.20445 0.685654 -7.94101e-20)
(1.13296 0.6612 3.02465e-19)
(1.05853 0.633246 2.15767e-19)
(0.981367 0.600161 0)
(0.902687 0.559796 -1.21685e-18)
(0.834348 0.51573 1.01376e-18)
(0.784534 0.475215 0)
(0.74864 0.439887 3.0924e-19)
(0.71747 0.407237 -4.11773e-21)
(0.672366 0.369841 -6.65936e-19)
(0.585871 0.315179 2.60643e-19)
(0.445367 0.2372 0)
(0.275914 0.146108 9.16868e-19)
(0.12044 0.0630139 0)
(0.0154589 0.00797055 -8.69573e-19)
(0.232747 0.13349 3.52649e-20)
(1.08959 0.623489 4.83309e-20)
(1.28675 0.742173 -1.34409e-20)
(1.30809 0.767848 0)
(1.25944 0.755704 -7.16226e-20)
(1.19055 0.731914 0)
(1.11816 0.705144 -2.98324e-19)
(1.04245 0.674898 -1.0026e-19)
(0.963515 0.639367 1.00442e-19)
(0.882372 0.595866 -6.012e-19)
(0.811319 0.547987 1.04587e-19)
(0.759201 0.503833 0)
(0.721609 0.465585 -6.59409e-19)
(0.689591 0.430759 4.13926e-21)
(0.64501 0.391089 0)
(0.561072 0.332856 3.9043e-21)
(0.425311 0.249425 8.38689e-19)
(0.260874 0.151584 -7.91636e-19)
(0.111611 0.0637236 2.31845e-19)
(0.0137247 0.00767394 0)
(0.232519 0.142478 0)
(1.08024 0.662748 6.40711e-20)
(1.27548 0.789083 3.30673e-20)
(1.29509 0.81539 -4.76966e-21)
(1.24565 0.801594 -2.40722e-20)
(1.17629 0.775744 -1.76507e-19)
(1.10318 0.746976 1.11298e-19)
(1.02633 0.714765 -1.1782e-19)
(0.945687 0.677057 4.47214e-19)
(0.862036 0.630642 -9.5853e-19)
(0.788168 0.579126 -7.12026e-21)
(0.733753 0.531415 -2.89016e-19)
(0.694649 0.490188 1.06813e-18)
(0.661935 0.452928 -4.84004e-21)
(0.617556 0.410462 -5.14822e-19)
(0.53504 0.347918 -9.19546e-19)
(0.402568 0.258287 0)
(0.242536 0.153668 0)
(0.100472 0.0622606 2.50923e-19)
(0.0115728 0.00694848 -1.44706e-19)
(0.232862 0.151499 5.61921e-20)
(1.0713 0.699813 -1.52479e-19)
(1.26384 0.833362 -3.6064e-20)
(1.28174 0.86016 0)
(1.23163 0.844868 -3.15455e-21)
(1.16193 0.817208 -1.61067e-19)
(1.08823 0.786742 2.68297e-19)
(1.01037 0.752865 4.63335e-19)
(0.928059 0.713251 5.80038e-19)
(0.841863 0.664199 -7.81564e-19)
(0.76505 0.609302 -8.66782e-19)
(0.708241 0.558114 7.72002e-19)
(0.667659 0.513749 0)
(0.634288 0.473671 -2.33639e-19)
(0.589837 0.427799 -5.5657e-19)
(0.507889 0.360115 -6.59543e-19)
(0.377471 0.263473 -7.81569e-19)
(0.221652 0.152313 2.30385e-19)
(0.087595 0.0586138 -1.34907e-19)
(0.0090411 0.00580787 5.21622e-22)
(0.233347 0.1604 0)
(1.06298 0.735151 0)
(1.25207 0.875103 5.16673e-21)
(1.26825 0.902254 0)
(1.21758 0.885622 5.19367e-20)
(1.14766 0.856389 1.08705e-19)
(1.0735 0.82449 0)
(0.994721 0.789219 5.48783e-20)
(0.910798 0.747963 9.65481e-19)
(0.822032 0.696601 -1.79391e-18)
(0.742127 0.638644 0)
(0.682727 0.584072 -4.9567e-19)
(0.640537 0.536333 -5.86437e-21)
(0.606434 0.492936 -4.71451e-21)
(0.561689 0.442938 5.93745e-19)
(0.479658 0.369239 -6.97969e-22)
(0.35011 0.264855 -1.68057e-18)
(0.198709 0.147488 4.95174e-19)
(0.0740619 0.0532802 1.45674e-19)
(0.00646134 0.00442776 0)
(0.23388 0.169158 -2.40504e-19)
(1.05505 0.768827 -1.12963e-19)
(1.24026 0.914387 -1.32602e-19)
(1.25478 0.941783 8.06895e-20)
(1.20366 0.923938 5.9878e-20)
(1.13364 0.893363 0)
(1.05913 0.860277 1.60809e-19)
(0.979519 0.823853 -1.21819e-19)
(0.894042 0.781216 7.70593e-21)
(0.802718 0.727905 1.31844e-19)
(0.719562 0.667257 1.11808e-18)
(0.657288 0.609438 -1.73658e-19)
(0.613197 0.558075 -6.55463e-19)
(0.578137 0.510722 -2.71424e-19)
(0.532904 0.455672 3.22752e-19)
(0.45044 0.374966 -3.30084e-22)
(0.321539 0.262338 4.52566e-19)
(0.175063 0.139689 -1.06414e-18)
(0.0605924 0.0467311 1.25244e-18)
(0.00399197 0.00293511 1.79842e-19)
(0.234286 0.177647 9.38449e-20)
(1.04752 0.800932 -6.55018e-20)
(1.22856 0.951319 1.2279e-20)
(1.24146 0.978876 6.73879e-20)
(1.19001 0.959932 8.12826e-22)
(1.11998 0.92821 -1.87175e-19)
(1.04523 0.894151 4.64618e-20)
(0.964868 0.85678 -5.06416e-19)
(0.877919 0.813012 -1.05881e-18)
(0.784064 0.758126 -1.06496e-18)
(0.697521 0.695219 0)
(0.632018 0.634363 -7.60168e-19)
(0.585574 0.579178 9.42485e-19)
(0.549111 0.527097 0)
(0.503167 0.46573 -6.90024e-19)
(0.420299 0.376785 4.1224e-19)
(0.292474 0.255645 -4.85728e-19)
(0.151961 0.129306 -5.72242e-19)
(0.0480872 0.0395299 -1.00795e-18)
(0.00180327 0.00146752 -7.74066e-19)
(0.235024 0.185992 -1.081e-19)
(1.04026 0.831451 7.00468e-20)
(1.21705 0.985976 1.57057e-19)
(1.2284 1.01362 1.07817e-19)
(1.17672 0.993701 5.5495e-21)
(1.10678 0.961021 -9.88367e-20)
(1.03187 0.926159 1.54456e-19)
(0.950848 0.888035 -5.18481e-19)
(0.862513 0.843371 -6.25152e-19)
(0.766201 0.787287 1.11114e-18)
(0.676154 0.722585 2.44535e-18)
(0.607042 0.658994 0)
(0.557654 0.599898 0)
(0.519027 0.542277 -3.11814e-19)
(0.471913 0.472861 0)
(0.389038 0.373796 8.86358e-19)
(0.263929 0.243974 1.04444e-18)
(0.131282 0.116464 0)
(0.0378089 0.03226 0)
(4.05558e-05 0.00019056 8.31192e-19)
(0.23541 0.193892 1.25638e-19)
(1.03328 0.860378 1.03218e-19)
(1.20581 1.01848 1.15356e-19)
(1.21568 1.04614 -1.15497e-19)
(1.16386 1.02535 -9.04327e-21)
(1.09409 0.991868 9.86145e-20)
(1.0191 0.956354 -2.1061e-19)
(0.937519 0.917636 -2.35292e-23)
(0.847905 0.872297 -9.96773e-21)
(0.749231 0.815381 -1.05436e-20)
(0.655626 0.749389 1.2567e-18)
(0.582524 0.683454 0)
(0.529509 0.620526 9.49272e-19)
(0.487588 0.556654 6.6361e-19)
(0.43825 0.477117 1.6068e-18)
(0.355796 0.364849 4.76415e-19)
(0.236765 0.225166 -5.625e-19)
(0.116718 0.0991826 -3.29241e-19)
(0.0344739 0.024076 0)
(0.000136962 -0.000438056 8.9228e-19)
(0.236088 0.201798 -2.87522e-19)
(1.02657 0.887813 0)
(1.19484 1.0489 1.41814e-19)
(1.20333 1.07653 -1.0247e-19)
(1.15151 1.05498 3.27243e-20)
(1.08195 1.02083 -9.99012e-20)
(1.00698 0.984781 4.04807e-19)
(0.924914 0.945607 -4.27241e-20)
(0.834142 0.899796 0)
(0.733238 0.84238 -1.21944e-18)
(0.63609 0.775629 -2.72319e-18)
(0.558661 0.707847 1.11321e-19)
(0.501326 0.641336 1.30373e-18)
(0.454657 0.570785 0)
(0.401083 0.479199 1.08195e-18)
(0.318284 0.349352 0)
(0.209088 0.194946 0)
(0.111747 0.0656999 -3.56351e-19)
(0.0580898 0.00407716 0)
(0.0265951 0.0105533 2.38853e-19)
(0.236394 0.209093 -3.25899e-19)
(1.02008 0.914086 0)
(1.18414 1.07743 2.40414e-19)
(1.19133 1.10504 0)
(1.13962 1.08285 -2.64283e-20)
(1.0703 1.04819 0)
(0.995431 1.01174 1.95113e-20)
(0.912946 0.972283 7.03028e-20)
(0.821116 0.926233 7.75526e-20)
(0.718079 0.868672 -1.33215e-18)
(0.617406 0.801739 8.1449e-20)
(0.535275 0.732764 8.92455e-19)
(0.472805 0.663003 1.26793e-18)
(0.419542 0.585523 1.71005e-19)
(0.358638 0.480842 8.45825e-19)
(0.271988 0.328805 0)
(0.169817 0.151594 1.18679e-18)
(0.0888599 0.0101062 -6.9097e-19)
(0.0418382 0.0459523 7.92576e-19)
(-0.059884 0.431172 -9.40585e-19)
(0.236667 0.216185 2.72618e-19)
(1.01356 0.938981 4.23222e-19)
(1.17366 1.10439 0)
(1.17955 1.13209 1.01715e-20)
(1.12801 1.10953 9.01378e-20)
(1.05891 1.07463 9.84414e-20)
(0.984164 1.03804 1.37572e-19)
(0.901229 0.998604 0)
(0.808323 0.952702 5.1325e-19)
(0.703104 0.895552 -6.94617e-20)
(0.598678 0.829166 0)
(0.511206 0.759938 0)
(0.442385 0.687241 1.13283e-18)
(0.380404 0.60214 -5.28059e-19)
(0.307978 0.484652 -8.54759e-19)
(0.212226 0.308197 0)
(0.0979873 0.143977 5.91216e-19)
(0.00816284 0.440348 -6.79327e-19)
(0.0329693 1.88603 -3.73977e-19)
(0.0642063 2.80602 -4.93491e-19)
(0.236707 0.222502 -2.06752e-19)
(1.00711 0.96266 -5.47559e-19)
(1.16341 1.12978 1.45961e-19)
(1.168 1.15755 1.12591e-19)
(1.11674 1.13482 0)
(1.04783 1.09985 4.52729e-20)
(0.973371 1.06334 1.83991e-19)
(0.88994 1.02413 -3.37527e-20)
(0.796022 0.978683 7.63593e-20)
(0.688687 0.922411 1.26596e-18)
(0.580505 0.857236 1.36696e-18)
(0.487435 0.789009 9.93773e-19)
(0.411045 0.713848 1.13532e-18)
(0.339046 0.619396 -1.23354e-18)
(0.255298 0.493663 -1.28619e-18)
(0.139358 0.339311 0)
(0.0491805 0.833734 0)
(0.102447 2.54971 3.25955e-19)
(0.105092 3.19827 0)
(0.10753 3.38642 7.24461e-19)
(0.239783 0.228323 0)
(1.00131 0.985377 0)
(1.15312 1.15346 0)
(1.15645 1.18124 3.56908e-20)
(1.10549 1.15845 8.7458e-20)
(1.03684 1.12372 5.47435e-21)
(0.962953 1.08754 1.16368e-19)
(0.879024 1.04874 -3.27578e-20)
(0.784166 1.00402 6.3646e-19)
(0.674845 0.949099 -1.90498e-20)
(0.563015 0.885805 2.69291e-18)
(0.464357 0.819878 -1.1418e-19)
(0.379066 0.743589 1.37155e-19)
(0.297844 0.634818 1.77952e-19)
(0.194259 0.511108 -3.70653e-21)
(0.107918 0.966397 3.48281e-21)
(0.144039 2.71241 -1.70168e-18)
(0.152894 3.29099 -6.36254e-19)
(0.141082 3.42604 3.22674e-19)
(0.127534 3.44824 -3.55055e-19)
(0.159094 0.179886 1.19722e-19)
(0.991018 1.01 0)
(1.14253 1.17564 -2.98032e-19)
(1.14536 1.20354 -3.09984e-19)
(1.09495 1.18113 2.35419e-19)
(1.02679 1.14682 5.05907e-21)
(0.952792 1.11068 -1.16458e-19)
(0.868572 1.07252 3.5742e-19)
(0.772925 1.02881 -5.16763e-19)
(0.661872 0.975722 0)
(0.546589 0.915039 1.31697e-18)
(0.442548 0.852322 -8.05823e-19)
(0.346971 0.779503 0)
(0.252898 0.653397 1.59183e-19)
(0.157518 0.799684 3.87403e-19)
(0.158729 2.4815 -4.62411e-19)
(0.217983 3.32358 5.12135e-19)
(0.197153 3.44035 2.78518e-19)
(0.163193 3.46178 3.0964e-19)
(0.141093 3.47192 4.97898e-19)
(0.280119 0.267159 -2.10467e-19)
(0.97502 1.01988 0)
(1.12404 1.20078 3.31254e-19)
(1.13055 1.23532 3.56371e-19)
(1.07818 1.21436 -2.76965e-19)
(1.0097 1.18083 -5.3621e-20)
(0.934916 1.14637 1.00322e-19)
(0.850173 1.10941 2.80407e-20)
(0.753126 1.06761 4.91568e-19)
(0.639253 1.018 1.08347e-18)
(0.518779 0.962958 7.42252e-20)
(0.405856 0.906829 7.13913e-19)
(0.29054 0.837666 1.26625e-19)
(0.217716 0.969404 -1.6039e-19)
(0.23209 2.33377 -3.63518e-19)
(0.292682 3.32799 3.4327e-19)
(0.276582 3.47114 -3.88242e-19)
(0.240683 3.49263 -2.2647e-19)
(0.203503 3.51967 -1.84175e-19)
(0.152437 3.51277 -1.78251e-20)
(0.269339 0.264765 0)
(0.972902 1.04292 9.94244e-20)
(1.11574 1.22411 -6.98856e-20)
(1.12015 1.25871 -4.40305e-20)
(1.06767 1.23758 -2.00494e-19)
(0.999395 1.20446 6.32163e-20)
(0.924402 1.17031 -4.79991e-20)
(0.839498 1.13412 2.49855e-20)
(0.741952 1.09362 -5.10713e-19)
(0.626881 1.04655 -2.797e-20)
(0.503933 0.995913 -2.37453e-18)
(0.386995 0.944974 1.01527e-19)
(0.279645 0.906762 -1.19014e-19)
(0.256889 1.4945 -1.49139e-19)
(0.33035 3.0979 3.43229e-20)
(0.352098 3.47022 1.82047e-21)
(0.310887 3.52592 5.66872e-19)
(0.273592 3.55134 2.76141e-19)
(0.224829 3.57417 -6.59689e-20)
(0.166979 3.56955 -8.39855e-20)
(0.253578 0.262813 2.53674e-19)
(0.969324 1.06852 6.86841e-19)
(1.10696 1.24951 -2.02127e-19)
(1.10916 1.28348 -1.67239e-19)
(1.05662 1.26219 0)
(0.988667 1.2293 1.52851e-19)
(0.913729 1.1955 -3.9367e-20)
(0.828927 1.16004 2.17123e-20)
(0.731209 1.12092 -5.68517e-20)
(0.615473 1.07663 -9.7539e-19)
(0.490886 1.03075 -1.09303e-18)
(0.371725 0.985852 -8.31121e-19)
(0.280958 1.03828 -9.01296e-19)
(0.32456 2.19517 9.2645e-19)
(0.415689 3.37997 7.59905e-19)
(0.39563 3.52911 0)
(0.348987 3.5724 0)
(0.310709 3.61195 -5.25663e-20)
(0.259797 3.67058 0)
(0.178813 3.64626 -5.23412e-20)
(0.243035 0.264707 -3.8601e-19)
(0.96362 1.09502 -5.91268e-19)
(1.09677 1.27613 0)
(1.09684 1.30903 1.20303e-20)
(1.04433 1.28743 -2.33038e-19)
(0.976839 1.25468 2.70977e-19)
(0.902274 1.22125 -7.29664e-21)
(0.817784 1.1864 1.18393e-20)
(0.720136 1.14859 -3.57886e-19)
(0.604139 1.10703 4.86451e-20)
(0.478737 1.06603 0)
(0.359379 1.0304 0)
(0.307194 1.28932 -8.24006e-19)
(0.406223 2.87229 3.2921e-19)
(0.486773 3.48955 4.19828e-19)
(0.439565 3.56294 0)
(0.399849 3.62398 -1.71807e-20)
(0.363106 3.68084 -8.95093e-20)
(0.316531 3.66477 -2.02447e-19)
(0.204754 3.65111 1.45102e-20)
(0.235201 0.268446 2.4943e-19)
(0.956075 1.12232 0)
(1.08506 1.30398 -4.17272e-19)
(1.0833 1.33568 -9.36135e-20)
(1.03098 1.31356 9.32383e-20)
(0.964162 1.28083 0)
(0.890195 1.24766 4.99649e-21)
(0.806238 1.21333 -3.04217e-20)
(0.708959 1.17679 -4.51615e-20)
(0.593162 1.13795 8.8294e-19)
(0.467781 1.10182 -5.55783e-20)
(0.35433 1.08656 -6.12954e-19)
(0.356213 1.66178 -8.31324e-19)
(0.488617 3.26019 -9.59212e-20)
(0.541117 3.54127 -3.09853e-19)
(0.493701 3.59232 0)
(0.466232 3.66391 1.61816e-19)
(0.428689 3.6255 -1.4981e-19)
(0.341078 3.36056 3.56614e-19)
(0.247413 3.26372 -1.46756e-19)
(0.230073 0.273971 4.90044e-19)
(0.946863 1.15025 0)
(1.07194 1.33297 -2.69442e-19)
(1.06872 1.3635 2.56666e-19)
(1.01684 1.34068 -2.03491e-19)
(0.950913 1.30775 -2.14099e-19)
(0.877762 1.27462 6.82083e-20)
(0.7946 1.24063 -1.61482e-20)
(0.698045 1.20518 0)
(0.582978 1.16889 7.20089e-19)
(0.45862 1.13749 1.69477e-18)
(0.357845 1.16587 -7.02877e-20)
(0.419963 2.10599 -7.85257e-19)
(0.562937 3.43012 0)
(0.582369 3.57061 -2.11461e-19)
(0.544936 3.63019 0)
(0.52163 3.63207 0)
(0.495287 3.37904 -1.31034e-19)
(0.360786 2.2406 0)
(-0.174572 0.0485279 1.21803e-19)
(0.225994 0.28032 -2.43105e-19)
(0.936164 1.17922 -1.90655e-19)
(1.05732 1.36337 -2.75705e-19)
(1.05283 1.39284 3.55157e-19)
(1.00158 1.36927 2.20815e-19)
(0.936761 1.33609 1.74803e-19)
(0.864634 1.30291 -6.55094e-20)
(0.782518 1.26922 3.42825e-20)
(0.68704 1.23491 9.07516e-21)
(0.573225 1.20136 -6.8482e-20)
(0.451113 1.17539 -7.26011e-19)
(0.37387 1.29025 0)
(0.497228 2.60948 -5.11444e-19)
(0.629151 3.50935 -1.84492e-19)
(0.61681 3.59191 -1.83903e-19)
(0.596913 3.61991 1.89448e-20)
(0.546998 3.47829 -1.67595e-19)
(0.397357 2.49431 -1.21287e-19)
(0.0146277 0.23475 0)
(-0.0789944 -0.128301 3.65366e-19)
(0.222492 0.287534 2.38532e-19)
(0.923732 1.20914 -1.92438e-19)
(1.04106 1.39517 -2.66674e-19)
(1.03546 1.42374 -4.66805e-19)
(0.985016 1.39945 2.27793e-19)
(0.921512 1.366 -1.59213e-19)
(0.850665 1.3328 7.49673e-20)
(0.769891 1.29946 2.9951e-20)
(0.675886 1.26637 2.0731e-19)
(0.563927 1.2358 -5.01871e-19)
(0.445846 1.21713 -1.20404e-18)
(0.405543 1.48026 0)
(0.57974 3.03758 0)
(0.685344 3.55109 3.05609e-20)
(0.652636 3.60077 0)
(0.626409 3.55911 1.68748e-19)
(0.496665 2.9661 3.01971e-19)
(0.108553 0.632494 0)
(-0.0925875 -0.152057 0)
(-0.0546155 -0.0822728 2.99037e-19)
(0.21835 0.294441 -2.35068e-19)
(0.909415 1.24009 1.80784e-19)
(1.023 1.42836 -6.19224e-21)
(1.01647 1.45614 -3.60508e-19)
(0.967013 1.43113 0)
(0.905075 1.39743 -3.18255e-19)
(0.835793 1.36419 0)
(0.756704 1.33124 -2.01287e-20)
(0.664634 1.29946 2.32591e-19)
(0.555223 1.27204 3.60928e-19)
(0.443878 1.26577 0)
(0.453506 1.73103 4.09385e-19)
(0.65593 3.30497 -3.41812e-19)
(0.728828 3.57576 4.16739e-20)
(0.689248 3.58931 -6.937e-20)
(0.618805 3.33771 8.92872e-20)
(0.319936 1.79297 -1.47134e-19)
(-0.0733389 -0.0558191 -1.92907e-19)
(-0.101893 -0.165957 -3.37039e-19)
(-0.0368316 -0.0542327 -2.63984e-19)
(0.213426 0.30125 6.90203e-19)
(0.892758 1.27192 3.70044e-19)
(1.00295 1.46285 5.35558e-19)
(0.995689 1.48999 -7.44461e-19)
(0.947462 1.46426 4.71389e-19)
(0.887365 1.43026 0)
(0.819972 1.39699 1.1972e-19)
(0.742964 1.36446 -1.43229e-20)
(0.65333 1.33401 -6.70807e-21)
(0.547258 1.30991 -3.94856e-20)
(0.446707 1.32601 -4.03758e-19)
(0.515646 2.04069 5.93091e-20)
(0.724886 3.45142 1.17433e-19)
(0.762993 3.58639 1.30012e-20)
(0.716038 3.52163 6.38167e-20)
(0.539167 2.79611 -8.16789e-21)
(0.0783358 0.304129 2.91409e-19)
(-0.0974752 -0.17201 -3.44496e-19)
(-0.0896285 -0.151167 1.04048e-19)
(-0.0273032 -0.0413311 5.92793e-20)
(0.206901 0.307001 0)
(0.873138 1.30453 0)
(0.980659 1.49852 7.51228e-21)
(0.972963 1.52517 0)
(0.926233 1.49871 3.74518e-19)
(0.868297 1.46436 2.13374e-19)
(0.80317 1.43104 0)
(0.728682 1.39897 1.67552e-20)
(0.642046 1.36985 -3.57705e-20)
(0.540197 1.34929 3.54756e-19)
(0.456045 1.40317 0)
(0.589333 2.39674 1.37996e-19)
(0.784417 3.52693 8.23597e-21)
(0.794515 3.58155 -2.09039e-20)
(0.713635 3.33966 1.07314e-19)
(0.357199 1.80163 -3.64811e-21)
(-0.102547 -0.0762856 -5.45281e-19)
(-0.106197 -0.180595 1.59157e-19)
(-0.0775683 -0.129617 4.27312e-19)
(-0.0203864 -0.031775 0)
(0.199017 0.311399 -2.17795e-19)
(0.850246 1.3368 7.03892e-19)
(0.95581 1.53499 2.67871e-19)
(0.948078 1.56146 0)
(0.903193 1.53426 -4.52126e-21)
(0.847774 1.49954 -3.76799e-19)
(0.785332 1.46613 2.10881e-19)
(0.713881 1.43453 1.55274e-19)
(0.63084 1.40673 4.16147e-20)
(0.53425 1.39005 1.02536e-19)
(0.473188 1.50329 1.74403e-19)
(0.669372 2.76394 -9.88456e-20)
(0.833526 3.55817 0)
(0.816009 3.54837 -3.60801e-20)
(0.659724 2.9886 -3.10385e-19)
(0.120548 0.458577 -2.11045e-19)
(-0.0947542 -0.185302 -2.53964e-19)
(-0.0931845 -0.192977 7.42904e-20)
(-0.0590311 -0.115036 -4.38649e-20)
(-0.0148229 -0.025143 1.64946e-22)
(0.189262 0.313874 0)
(0.823701 1.36808 -3.51525e-19)
(0.928024 1.57193 -2.69465e-19)
(0.920799 1.59853 9.93512e-21)
(0.878187 1.57064 -1.35931e-19)
(0.825692 1.53548 -2.98551e-19)
(0.766421 1.50197 8.39857e-20)
(0.698574 1.47086 -3.94537e-20)
(0.619766 1.44437 7.16238e-20)
(0.529652 1.43202 4.09891e-20)
(0.498734 1.62981 4.39352e-20)
(0.747969 3.07136 2.49244e-21)
(0.871982 3.56639 1.01542e-19)
(0.821307 3.46179 -6.43398e-21)
(0.541603 2.39865 -1.62667e-19)
(-0.000965468 -0.0111626 -3.01699e-19)
(-0.107974 -0.225537 0)
(-0.0884322 -0.186684 0)
(-0.040608 -0.0870505 7.3545e-19)
(-0.00828902 -0.0148752 -4.7095e-20)
(0.17732 0.313833 -2.10627e-19)
(0.792841 1.39748 -3.43337e-19)
(0.896887 1.60848 2.61798e-19)
(0.890885 1.63592 0)
(0.851042 1.60743 -2.41942e-19)
(0.801949 1.57179 0)
(0.746382 1.53816 -3.13599e-19)
(0.682771 1.50752 -6.05236e-20)
(0.608871 1.48242 2.90868e-20)
(0.526535 1.47525 -5.92782e-20)
(0.532965 1.77865 1.77624e-21)
(0.814797 3.28186 0)
(0.903314 3.56443 -1.07179e-19)
(0.804208 3.3051 6.81446e-22)
(0.351842 1.53872 0)
(-0.161143 -0.101029 -5.6305e-21)
(-0.154284 -0.23148 2.83255e-19)
(-0.104442 -0.185224 -2.58397e-19)
(-0.0397224 -0.0740257 7.56118e-20)
(-0.00801126 -0.013986 0)
(0.162493 0.310599 2.09007e-19)
(0.756895 1.42332 -3.29853e-19)
(0.862027 1.64395 2.54965e-19)
(0.858057 1.67299 3.55322e-19)
(0.821613 1.64407 0)
(0.776445 1.60796 -1.77905e-19)
(0.725163 1.5742 3.0573e-19)
(0.666452 1.54399 1.08454e-19)
(0.598198 1.52031 0)
(0.524653 1.52034 -1.91876e-19)
(0.572701 1.94214 8.07689e-20)
(0.868076 3.40631 0)
(0.92891 3.54928 1.53877e-19)
(0.766618 3.06894 -4.78313e-21)
(0.179018 0.639257 -2.63396e-19)
(-0.082796 -0.22336 1.07314e-19)
(-0.0763581 -0.304079 2.21334e-19)
(-0.0390043 -0.214852 3.03747e-19)
(0.00271674 -0.0597743 0)
(0.00264109 -0.00151647 -5.9387e-19)
(0.145693 0.302352 0)
(0.715336 1.443 -6.28298e-19)
(0.822843 1.67714 -4.85304e-19)
(0.822133 1.70876 -3.55476e-19)
(0.789769 1.67985 -2.5235e-19)
(0.749106 1.64331 0)
(0.70272 1.60947 -1.17948e-19)
(0.649589 1.57969 -1.03387e-20)
(0.587779 1.55727 2.51009e-19)
(0.523514 1.56714 -2.45722e-20)
(0.614779 2.10859 -7.4174e-20)
(0.908428 3.47475 5.22474e-20)
(0.946355 3.51324 -3.78938e-21)
(0.722277 2.75892 1.33913e-19)
(0.0413762 0.122625 2.82963e-19)
(-0.0725705 -0.416885 -1.99548e-19)
(-0.000448629 -0.396403 2.07004e-19)
(0.0784473 -0.166177 5.82345e-20)
(0.11284 0.0746344 -3.85464e-20)
(0.0481364 0.0819089 -6.19656e-19)
(0.126604 0.288364 9.8253e-19)
(0.667426 1.45408 -6.21665e-19)
(0.778848 1.70612 2.64319e-19)
(0.782875 1.74215 3.44493e-19)
(0.755443 1.7139 0)
(0.719895 1.67705 3.64568e-21)
(0.679023 1.64319 -2.14221e-19)
(0.632135 1.6139 -7.03712e-20)
(0.57761 1.5925 -1.49021e-19)
(0.523257 1.61431 -8.28248e-21)
(0.65582 2.26499 -1.30567e-19)
(0.937298 3.51141 1.43613e-19)
(0.939503 3.46399 -8.49667e-20)
(0.671721 2.38499 1.0914e-19)
(0.0830551 -0.201788 -1.45768e-19)
(-0.0488984 -0.579977 -9.42695e-20)
(0.0349726 -0.439688 -1.39129e-20)
(0.157475 -0.00185403 -2.83779e-19)
(0.20051 0.319765 -4.52351e-20)
(0.0887032 0.203043 0)
(0.105226 0.267156 -9.48763e-20)
(0.612225 1.45241 1.46321e-19)
(0.729499 1.72831 2.31404e-19)
(0.740387 1.77168 5.0705e-19)
(0.718707 1.74514 -4.98707e-19)
(0.688837 1.70826 3.5362e-19)
(0.654108 1.67457 2.30052e-19)
(0.614056 1.64577 -2.26177e-19)
(0.567743 1.62529 4.45182e-20)
(0.524012 1.65897 -2.68956e-19)
(0.694018 2.40259 -5.95474e-20)
(0.958243 3.53631 0)
(0.898859 3.42534 8.24267e-20)
(0.485033 2.00524 0)
(-0.187765 -0.260904 8.16032e-20)
(-0.216285 -0.596153 -2.03932e-19)
(-0.0640474 -0.254707 -6.67824e-20)
(0.0901159 0.267796 8.81934e-20)
(0.151521 0.472188 0)
(0.0629169 0.178736 -5.44395e-20)
(0.082803 0.236577 1.19649e-21)
(0.550188 1.43183 -1.3991e-19)
(0.675077 1.74056 -4.42249e-19)
(0.694977 1.79573 1.73303e-19)
(0.679836 1.77236 -1.18603e-19)
(0.656071 1.73589 0)
(0.62792 1.70259 -1.22105e-19)
(0.595414 1.67432 -1.567e-19)
(0.558137 1.65469 -1.12616e-19)
(0.525546 1.69634 0)
(0.728098 2.49681 0)
(0.990331 3.56545 -8.31809e-20)
(0.900641 3.43808 1.39321e-19)
(0.382794 1.77346 -1.61275e-19)
(-0.392881 -0.400893 -4.55563e-19)
(-0.35703 -0.733852 2.58528e-19)
(-0.148133 -0.256105 7.28969e-20)
(0.059665 0.27631 0)
(0.113362 0.381564 -8.50491e-19)
(0.0388097 0.115496 -2.96414e-20)
(0.0595814 0.192345 -6.61435e-19)
(0.483037 1.38423 1.31991e-19)
(0.616935 1.73814 -1.0164e-19)
(0.647009 1.8127 -3.16816e-19)
(0.63953 1.79471 -2.34329e-19)
(0.621787 1.75885 -6.29957e-21)
(0.600553 1.72618 -1.12681e-19)
(0.576042 1.69846 1.58721e-19)
(0.548701 1.6792 -2.25288e-19)
(0.52932 1.72118 0)
(0.757649 2.51996 -8.22782e-20)
(1.05319 3.58685 -1.07298e-19)
(1.01536 3.45511 -1.90382e-19)
(0.570254 1.78883 0)
(-0.13203 -0.540352 -1.45919e-19)
(-0.268779 -0.85484 -3.0551e-19)
(-0.108363 -0.3232 7.4244e-19)
(0.0518775 0.247104 -7.26199e-19)
(0.0867418 0.328332 1.03048e-18)
(0.0250724 0.0899255 -1.05181e-18)
(0.0373516 0.140024 -7.5996e-20)
(0.409526 1.29867 0)
(0.556454 1.71519 6.62078e-19)
(0.597397 1.81988 2.12943e-19)
(0.598409 1.81133 2.09531e-19)
(0.586235 1.77626 0)
(0.571878 1.74437 1.11635e-19)
(0.555529 1.71675 1.60506e-19)
(0.538945 1.69666 1.15692e-19)
(0.535418 1.73089 2.2634e-19)
(0.770873 2.47797 0)
(1.11471 3.56019 -1.09416e-19)
(1.09762 3.41771 -1.24652e-19)
(0.671766 1.9233 -1.093e-19)
(-0.104731 -0.406076 3.68665e-19)
(-0.427371 -0.647439 6.05297e-20)
(-0.289857 -0.398636 3.13867e-19)
(0.0707849 0.242545 -1.58559e-18)
(0.117356 0.340974 5.5867e-20)
(0.0305716 0.104572 -3.33359e-20)
(0.0193453 0.085964 1.01074e-18)
(0.329867 1.16021 -4.45888e-19)
(0.492832 1.66226 -2.62193e-19)
(0.546941 1.81362 6.62624e-20)
(0.556341 1.81975 -1.03378e-19)
(0.549627 1.78768 2.93116e-19)
(0.541436 1.75661 -5.34141e-21)
(0.532823 1.72811 0)
(0.526359 1.70487 -2.18906e-19)
(0.536275 1.72659 0)
(0.743336 2.33263 0)
(1.11956 3.50718 -1.03466e-19)
(1.08793 3.45503 -7.09296e-20)
(0.616846 2.27097 -8.41538e-20)
(-0.304196 0.567798 0)
(-0.829393 -0.382295 0)
(-0.970259 -0.915785 -2.43223e-19)
(-0.741868 -0.905676 4.8622e-20)
(-0.136764 0.0771986 -4.95262e-19)
(0.0686184 0.290712 -3.48226e-20)
(0.00673057 0.0374011 0)
(0.23807 0.934979 5.01458e-20)
(0.424853 1.56404 0)
(0.496585 1.78971 -1.20914e-19)
(0.514089 1.81838 0)
(0.511964 1.79347 -1.40698e-19)
(0.508377 1.76315 5.00372e-20)
(0.506063 1.73251 -7.17751e-20)
(0.507935 1.70386 2.11136e-21)
(0.527952 1.70734 3.77456e-20)
(0.683709 2.13352 1.48823e-19)
(1.13873 3.42854 1.5157e-21)
(1.1911 3.55778 -9.94214e-20)
(1.0098 2.99159 -3.1218e-19)
(0.492767 1.59571 4.72299e-19)
(0.0601867 0.475911 -8.18942e-19)
(-0.35292 -0.614362 -9.57502e-20)
(-0.580523 -1.65382 0)
(-0.536601 -1.85438 -6.00805e-20)
(-0.147319 -0.600995 0)
(0.000734491 0.000748359 1.98354e-19)
(0.142328 0.628248 -5.25898e-22)
(0.345257 1.38344 1.75957e-20)
(0.444667 1.73737 0)
(0.470542 1.80871 -6.1175e-20)
(0.472756 1.79671 -6.38909e-20)
(0.471701 1.76495 -2.31218e-20)
(0.472894 1.73149 -6.44883e-20)
(0.481089 1.69482 0)
(0.509543 1.67992 6.53709e-20)
(0.634991 1.92021 -4.32907e-21)
(1.13154 3.21959 2.18416e-20)
(1.35453 3.49557 1.12715e-19)
(1.36725 3.30146 2.07833e-19)
(1.05874 2.21013 0)
(0.681158 0.851675 4.01514e-19)
(0.359589 -0.253658 5.28882e-19)
(0.0717438 -1.15953 5.58103e-19)
(-0.131789 -1.83948 -5.57342e-19)
(-0.1281 -1.29102 5.51211e-19)
(-0.000584774 -0.0222095 1.00605e-19)
(0.0614658 0.29211 9.95764e-21)
(0.237097 1.05491 7.21711e-20)
(0.379438 1.61917 0)
(0.422812 1.78498 0)
(0.429561 1.79489 -4.25965e-20)
(0.429516 1.76409 -2.05807e-20)
(0.431639 1.72581 0)
(0.439385 1.68232 5.66556e-34)
(0.474371 1.63385 1.30248e-20)
(0.552149 1.71671 0)
(0.971755 2.68791 9.24015e-21)
(1.25685 3.3029 -3.13507e-21)
(1.35766 3.20599 -9.6683e-22)
(1.32124 2.74388 -1.92918e-21)
(1.07646 1.81999 5.32755e-22)
(0.746188 0.799015 0)
(0.450719 -0.136238 -2.97599e-21)
(0.194974 -0.914873 -4.43591e-21)
(0.00864296 -0.90223 -1.6047e-19)
(0.00121736 -0.050286 0)
(0.0232523 0.0654997 0)
(0.121632 0.604604 0)
(0.289593 1.38768 0)
(0.366439 1.73247 0)
(0.380859 1.78606 0)
(0.381755 1.76414 0)
(0.383165 1.71893 0)
(0.391268 1.66499 0)
(0.412783 1.59422 0)
(0.465143 1.59431 0)
(0.694786 2.10102 0)
(1.05828 3.03099 0)
(1.15347 3.10458 0)
(1.16037 2.89832 0)
(1.01478 2.29294 0)
(0.771246 1.51205 0)
(0.498749 0.740995 0)
(0.230966 0.072429 0)
(0.0281355 -0.252877 0)
(0.00094252 -0.0703362 0)
(0.0132872 -0.0394906 0)
(0.0582919 0.278082 0)
(0.196395 1.08639 0)
(0.30122 1.64126 0)
(0.325615 1.77375 0)
(0.32781 1.76531 0)
(0.327518 1.71304 0)
(0.334906 1.6508 0)
(0.342343 1.5699 0)
(0.378929 1.53313 0)
(0.431265 1.7796 0)
(0.822668 2.77008 0)
(0.938272 3.05632 0)
(0.924854 3.00212 0)
(0.839372 2.66701 0)
(0.649124 2.06651 0)
(0.423838 1.43059 0)
(0.20478 0.865493 0)
(0.0222949 0.295894 0)
(0.000473881 -0.0855825 0)
(0.00973939 -0.099219 0)
(0.0368934 0.112857 0)
(0.121144 0.800645 0)
(0.23039 1.52159 0)
(0.263848 1.75476 0)
(0.267239 1.76287 0)
(0.265983 1.71056 0)
(0.272048 1.6442 0)
(0.275224 1.56134 0)
(0.290599 1.51711 0)
(0.300606 1.63829 0)
(0.560069 2.5219 0)
(0.721497 3.04275 0)
(0.681551 3.07597 0)
(0.627207 2.95196 0)
(0.481866 2.51192 0)
(0.309345 1.99217 0)
(0.142513 1.50916 0)
(0.0110272 0.691123 0)
(0.000787383 -0.0982808 0)
(0.0160892 -0.150508 0)
(0.0400742 0.0134496 0)
(0.0798273 0.594759 0)
(0.162534 1.40038 0)
(0.196093 1.73015 0)
(0.200083 1.758 0)
(0.201682 1.70842 0)
(0.208082 1.64161 0)
(0.214362 1.56148 0)
(0.214344 1.51193 0)
(0.226609 1.58045 0)
(0.321109 2.2114 0)
(0.506957 2.9911 0)
(0.481542 3.14067 0)
(0.429116 3.11866 0)
(0.332373 2.85058 0)
(0.205293 2.421 0)
(0.0833676 1.9921 0)
(-0.00026744 0.898811 0)
(0.00782572 -0.151906 0)
(0.0432289 -0.240391 0)
(0.0675289 -0.0437162 0)
(0.0626513 0.500733 0)
(0.0997282 1.31266 0)
(0.120701 1.70599 0)
(0.126668 1.74922 0)
(0.134661 1.70201 0)
(0.145902 1.63515 0)
(0.156292 1.56062 0)
(0.153042 1.5071 0)
(0.156961 1.56482 0)
(0.173999 1.99712 0)
(0.329151 2.9338 0)
(0.317012 3.20902 0)
(0.271506 3.24977 0)
(0.209189 3.09705 0)
(0.117763 2.72964 0)
(0.0350273 2.31687 0)
(-0.00587118 0.937368 0)
(0.018767 -0.282841 0)
(0.0571348 -0.359799 0)
(0.0632553 -0.0418375 0)
(0.0348749 0.52395 0)
(0.0211879 1.28848 0)
(0.030458 1.68623 0)
(0.046587 1.73278 0)
(0.0662592 1.68675 0)
(0.0864384 1.6224 0)
(0.103708 1.55548 0)
(0.105835 1.50676 0)
(0.107791 1.5661 0)
(0.0974788 1.90632 0)
(0.200934 2.87644 0)
(0.189944 3.25461 0)
(0.14979 3.34839 0)
(0.109367 3.2597 0)
(0.047389 2.93631 0)
(-0.00361712 2.49823 0)
(-0.00689294 0.892108 0)
(0.0156384 -0.416401 0)
(0.0235197 -0.390551 0)
(-0.00300812 0.0349444 0)
(-0.0530546 0.633986 0)
(-0.0837369 1.31456 0)
(-0.0701664 1.65886 0)
(-0.0353663 1.701 0)
(0.0011805 1.65927 0)
(0.0330802 1.60318 0)
(0.0590223 1.54762 0)
(0.0691394 1.50593 0)
(0.071367 1.56817 0)
(0.0569954 1.87342 0)
(0.108074 2.84352 0)
(0.0970575 3.28655 0)
(0.0669121 3.41895 0)
(0.0388036 3.36042 0)
(0.000957435 3.06367 0)
(-0.0266503 2.56693 0)
(-0.00647796 0.798077 0)
(-0.00100921 -0.426897 0)
(-0.0360207 -0.2876 0)
(-0.0913111 0.171148 0)
(-0.14898 0.758017 0)
(-0.178403 1.33825 0)
(-0.152593 1.60028 0)
(-0.101807 1.64636 0)
(-0.0522129 1.61763 0)
(-0.0101662 1.57533 0)
(0.0218925 1.53209 0)
(0.0387087 1.49657 0)
(0.0424597 1.56502 0)
(0.0340624 1.86896 0)
(0.0466741 2.83735 0)
(0.0320276 3.31718 0)
(0.010289 3.47127 0)
(-0.00837387 3.42267 0)
(-0.0283547 3.13289 0)
(-0.0338414 2.54914 0)
(-0.00460213 0.704399 0)
(-0.0167425 -0.306902 0)
(-0.0751992 -0.105308 0)
(-0.142338 0.340555 0)
(-0.202251 0.86893 0)
(-0.221977 1.32581 0)
(-0.188778 1.52236 0)
(-0.13676 1.575 0)
(-0.085443 1.56452 0)
(-0.0411532 1.54048 0)
(-0.00614455 1.51126 0)
(0.0142109 1.48674 0)
(0.0205931 1.56213 0)
(0.0145905 1.88351 0)
(0.00591391 2.85099 0)
(-0.0102763 3.34274 0)
(-0.0262207 3.50653 0)
(-0.0370304 3.45598 0)
(-0.0452484 3.15769 0)
(-0.0361961 2.47353 0)
(-0.00339453 0.621874 0)
(-0.0211167 -0.131771 0)
(-0.0817119 0.10181 0)
(-0.146832 0.507261 0)
(-0.199047 0.954036 0)
(-0.211456 1.29967 0)
(-0.18263 1.45285 0)
(-0.141397 1.50911 0)
(-0.0968624 1.51351 0)
(-0.0578686 1.50587 0)
(-0.0246374 1.49014 0)
(-0.00608088 1.47556 0)
(0.0024427 1.55611 0)
(-0.000589104 1.90309 0)
(-0.023217 2.87676 0)
(-0.0362496 3.36517 0)
(-0.0481324 3.52765 0)
(-0.0523025 3.46791 0)
(-0.0514818 3.14789 0)
(-0.0337896 2.36861 0)
(-0.00259318 0.552705 0)
(-0.0169494 0.0349054 0)
(-0.0661692 0.288564 0)
(-0.118654 0.649176 0)
(-0.159229 1.02024 0)
(-0.169811 1.28413 0)
(-0.153168 1.40709 0)
(-0.125731 1.46117 0)
(-0.0933329 1.47319 0)
(-0.0631895 1.4761 0)
(-0.035587 1.46968 0)
(-0.020199 1.46278 0)
(-0.0132256 1.54887 0)
(-0.0196126 1.9259 0)
(-0.0395228 2.90268 0)
(-0.0515652 3.38084 0)
(-0.0588401 3.53632 0)
(-0.0579364 3.46344 0)
(-0.0515665 3.11805 0)
(-0.0291906 2.25642 0)
(-0.00197224 0.496901 0)
(-0.0105791 0.155485 0)
(-0.0443143 0.431708 0)
(-0.0823878 0.758122 0)
(-0.112449 1.07335 0)
(-0.123104 1.28294 0)
(-0.117404 1.38352 0)
(-0.102593 1.43107 0)
(-0.0821579 1.44543 0)
(-0.0615259 1.45413 0)
(-0.0409828 1.45382 0)
(-0.0290551 1.45299 0)
(-0.0253919 1.54617 0)
(-0.0345078 1.94957 0)
(-0.0506373 2.92709 0)
(-0.0590119 3.39204 0)
(-0.0619728 3.53638 0)
(-0.0577256 3.45001 0)
(-0.0483426 3.07697 0)
(-0.0248301 2.14866 0)
(-0.00150144 0.452315 0)
(-0.00553022 0.228867 0)
(-0.0260584 0.529835 0)
(-0.0519158 0.836179 0)
(-0.0736103 1.11519 0)
(-0.0840847 1.29144 0)
(-0.0852025 1.37568 0)
(-0.0790655 1.41506 0)
(-0.0680004 1.42866 0)
(-0.0558679 1.43951 0)
(-0.0422569 1.44249 0)
(-0.0351504 1.4463 0)
(-0.0351085 1.54648 0)
(-0.0458948 1.96991 0)
(-0.0564301 2.94461 0)
(-0.061637 3.3979 0)
(-0.0610079 3.53152 0)
(-0.0546485 3.43157 0)
(-0.0442758 3.03206 0)
(-0.0213063 2.04929 0)
(-0.00114147 0.416365 0)
(-0.00245721 0.267517 0)
(-0.0135644 0.59102 0)
(-0.0300374 0.889619 0)
(-0.0452489 1.14738 0)
(-0.0547181 1.30403 0)
(-0.0592382 1.37678 0)
(-0.058739 1.40869 0)
(-0.0544024 1.42026 0)
(-0.0488013 1.43109 0)
(-0.0414425 1.43584 0)
(-0.0391306 1.44345 0)
(-0.0428843 1.55003 0)
(-0.0540551 1.9861 0)
(-0.0590267 2.95482 0)
(-0.0603351 3.39835 0)
(-0.0576764 3.52253 0)
(-0.050888 3.41145 0)
(-0.0407242 2.98721 0)
(-0.0186973 1.95775 0)
(-0.000849858 0.38694 0)
(-0.000834184 0.284973 0)
(-0.00615298 0.625795 0)
(-0.0160006 0.924527 0)
(-0.0262333 1.17141 0)
(-0.034228 1.31762 0)
(-0.0400768 1.38267 0)
(-0.0425721 1.40829 0)
(-0.0426408 1.41748 0)
(-0.0411785 1.42735 0)
(-0.0386054 1.4332 0)
(-0.0404689 1.44422 0)
(-0.0470298 1.55693 0)
(-0.0575373 1.99802 0)
(-0.0573633 2.95846 0)
(-0.0566892 3.39655 0)
(-0.0539719 3.51277 0)
(-0.0476035 3.39261 0)
(-0.038327 2.94386 0)
(-0.0168816 1.87193 0)
(-0.000612323 0.362573 0)
(-9.4295e-05 0.291291 0)
(-0.00238443 0.644042 0)
(-0.00801312 0.946328 0)
(-0.0145846 1.18852 0)
(-0.0208568 1.33018 0)
(-0.0267081 1.39053 0)
(-0.0305339 1.41114 0)
(-0.0329767 1.41813 0)
(-0.0338964 1.42661 0)
(-0.0339571 1.43322 0)
(-0.0384473 1.4475 0)
(-0.045141 1.56515 0)
(-0.0553525 2.00652 0)
(-0.0528216 2.95741 0)
(-0.0517202 3.39417 0)
(-0.0504505 3.50442 0)
(-0.0457394 3.37682 0)
(-0.0375793 2.90151 0)
(-0.0158345 1.78873 0)
(-0.000441567 0.341991 0)
(0.000143211 0.292828 0)
(-0.00091775 0.653563 0)
(-0.00425542 0.95962 0)
(-0.00832082 1.20007 0)
(-0.0129682 1.34052 0)
(-0.0180845 1.39825 0)
(-0.0220537 1.41532 0)
(-0.0253459 1.42045 0)
(-0.0272034 1.4275 0)
(-0.0280658 1.43396 0)
(-0.0312025 1.45085 0)
(-0.0351186 1.57245 0)
(-0.044984 2.01653 0)
(-0.044504 2.95584 0)
(-0.0465716 3.39505 0)
(-0.0483003 3.50214 0)
(-0.0462314 3.3654 0)
(-0.0389689 2.85822 0)
(-0.0156043 1.70469 0)
(-0.00037063 0.32369 0)
(0.000148889 0.293136 0)
(-0.000671412 0.659554 0)
(-0.00305075 0.967982 0)
(-0.00549824 1.20727 0)
(-0.00849487 1.34845 0)
(-0.0127843 1.40491 0)
(-0.016346 1.41957 0)
(-0.0195398 1.42308 0)
(-0.0213884 1.4287 0)
(-0.0219297 1.4344 0)
(-0.0218491 1.45064 0)
(-0.0202361 1.57622 0)
(-0.0289669 2.03107 0)
(-0.0357431 2.95892 0)
(-0.0432456 3.4033 0)
(-0.0488887 3.50458 0)
(-0.0496101 3.35824 0)
(-0.0421612 2.81025 0)
(-0.0158756 1.61679 0)
(-0.00043557 0.305832 0)
(5.26097e-05 0.293785 0)
(-0.00094098 0.664873 0)
(-0.00312968 0.973953 0)
(-0.0046559 1.2112 0)
(-0.00618525 1.35376 0)
(-0.00918137 1.41049 0)
(-0.012226 1.42344 0)
(-0.0149856 1.42577 0)
(-0.0167927 1.42979 0)
(-0.0167938 1.43333 0)
(-0.0132413 1.44695 0)
(-0.00666903 1.57517 0)
(-0.0144233 2.05267 0)
(-0.0315944 2.97112 0)
(-0.0452489 3.4199 0)
(-0.0541314 3.51458 0)
(-0.0563635 3.35332 0)
(-0.0461576 2.75372 0)
(-0.0160392 1.52478 0)
(-0.000585462 0.286661 0)
(-6.69854e-05 0.295373 0)
(-0.00131336 0.670717 0)
(-0.00367665 0.979331 0)
(-0.00494342 1.21292 0)
(-0.00541156 1.35694 0)
(-0.0074196 1.41437 0)
(-0.00980067 1.42702 0)
(-0.0123379 1.42863 0)
(-0.0142982 1.4309 0)
(-0.0143884 1.43139 0)
(-0.00960631 1.43994 0)
(-0.000236619 1.57046 0)
(-0.00938285 2.08299 0)
(-0.037358 2.99536 0)
(-0.0550952 3.4425 0)
(-0.0641614 3.52705 0)
(-0.0645538 3.34276 0)
(-0.0493781 2.68081 0)
(-0.0158472 1.43128 0)
(-0.000744138 0.265832 0)
(-0.000163998 0.29784 0)
(-0.00158921 0.677171 0)
(-0.00412927 0.985113 0)
(-0.00544538 1.21352 0)
(-0.00506287 1.35818 0)
(-0.00646901 1.4174 0)
(-0.00865352 1.43 0)
(-0.011299 1.43144 0)
(-0.0137042 1.43236 0)
(-0.0151747 1.43048 0)
(-0.0141091 1.43326 0)
(-0.00588315 1.56569 0)
(-0.0178788 2.12017 0)
(-0.0530715 3.02844 0)
(-0.0706951 3.4646 0)
(-0.0759575 3.53493 0)
(-0.0711124 3.32086 0)
(-0.0489485 2.59098 0)
(-0.0148103 1.34085 0)
(-0.000773357 0.244224 0)
(-0.000235481 0.300908 0)
(-0.00176701 0.683688 0)
(-0.00428567 0.991452 0)
(-0.00594152 1.21362 0)
(-0.00510037 1.35776 0)
(-0.00524969 1.41999 0)
(-0.00740257 1.43319 0)
(-0.0102183 1.43465 0)
(-0.013924 1.43529 0)
(-0.0189462 1.43304 0)
(-0.0250189 1.43141 0)
(-0.0244012 1.56441 0)
(-0.0394212 2.1606 0)
(-0.075227 3.06246 0)
(-0.0881504 3.47863 0)
(-0.0867624 3.53144 0)
(-0.0743114 3.28124 0)
(-0.0452676 2.48953 0)
(-0.0130677 1.25761 0)
(-0.000665766 0.224296 0)
(-0.000312949 0.304472 0)
(-0.00185771 0.690068 0)
(-0.00415666 0.998241 0)
(-0.00641637 1.21433 0)
(-0.00523553 1.35555 0)
(-0.00428535 1.42073 0)
(-0.00570668 1.43666 0)
(-0.00871522 1.43861 0)
(-0.0136287 1.44033 0)
(-0.0216954 1.43978 0)
(-0.0366904 1.43761 0)
(-0.0479713 1.57142 0)
(-0.0663724 2.19799 0)
(-0.0967477 3.08959 0)
(-0.100645 3.47814 0)
(-0.0920103 3.51378 0)
(-0.0732342 3.22364 0)
(-0.0403335 2.385 0)
(-0.0111242 1.18266 0)
(-0.000500298 0.207561 0)
(-0.000392129 0.30867 0)
(-0.00199634 0.696473 0)
(-0.00410078 1.00493 0)
(-0.00670013 1.21667 0)
(-0.00620767 1.35164 0)
(-0.00405925 1.41999 0)
(-0.00395575 1.43956 0)
(-0.0068159 1.4433 0)
(-0.0123001 1.44671 0)
(-0.0227357 1.44983 0)
(-0.0426666 1.45371 0)
(-0.0667511 1.58748 0)
(-0.0875669 2.22531 0)
(-0.106834 3.10516 0)
(-0.103343 3.46526 0)
(-0.0900324 3.48354 0)
(-0.0682524 3.15581 0)
(-0.0356183 2.28583 0)
(-0.0088524 1.11559 0)
(-0.000262849 0.19505 0)
(-0.000442401 0.313492 0)
(-0.00221512 0.702662 0)
(-0.00392321 1.01056 0)
(-0.00604013 1.22046 0)
(-0.00644658 1.34842 0)
(-0.00351066 1.41725 0)
(-0.0026261 1.44085 0)
(-0.0043431 1.44817 0)
(-0.00909992 1.45362 0)
(-0.020619 1.46158 0)
(-0.0441283 1.47554 0)
(-0.0728695 1.61222 0)
(-0.0952581 2.23819 0)
(-0.10326 3.10999 0)
(-0.0959328 3.44528 0)
(-0.0831925 3.44718 0)
(-0.0617207 3.08769 0)
(-0.0324369 2.1955 0)
(-0.00682169 1.05662 0)
(8.89643e-05 0.187682 0)
(-0.00013637 0.109465 0)
(-0.00152909 0.524583 0)
(-0.00332022 0.874657 0)
(-0.00420503 1.13258 0)
(-0.00488498 1.29448 0)
(-0.00378363 1.38472 0)
(-0.000248083 1.42896 0)
(0.0020055 1.44579 0)
(0.000986736 1.45576 0)
(-0.00530922 1.46872 0)
(-0.0198667 1.48797 0)
(-0.046499 1.5448 0)
(-0.0766637 1.86701 0)
(-0.0884552 2.7396 0)
(-0.0892042 3.3291 0)
(-0.0804494 3.44417 0)
(-0.0670918 3.27562 0)
(-0.045394 2.61855 0)
(-0.0177926 1.51715 0)
(-0.000614136 0.181626 0)
(0.114754 2.67052 -1.57589e-22)
(0.116714 3.5407 0)
(0.115763 3.58492 1.18924e-19)
(0.117203 3.52755 -2.52448e-19)
(0.110608 3.48233 2.9211e-19)
(0.100982 3.45652 7.35647e-19)
(0.092643 3.43749 -8.49454e-19)
(0.0821438 3.40219 -4.07653e-19)
(0.0535846 2.97483 -4.09069e-19)
(0.0126832 0.739055 1.77803e-21)
(0.063289 2.3696 -1.4806e-19)
(0.0599079 3.43013 -2.06388e-19)
(0.0675302 3.53384 0)
(0.0712204 3.49211 6.24292e-19)
(0.070207 3.45738 -3.53954e-19)
(0.0667525 3.43833 4.18992e-19)
(0.0629017 3.42724 -1.37907e-20)
(0.0579617 3.41015 -4.65595e-19)
(0.0448377 3.04491 -4.96352e-19)
(-0.00690349 0.83066 -7.66312e-21)
(0.041838 2.26534 4.43672e-19)
(0.0325096 3.38049 4.00762e-21)
(0.0361667 3.49625 -3.44376e-19)
(0.0410572 3.46289 1.17448e-20)
(0.0432062 3.4354 4.99804e-22)
(0.0439642 3.42185 0)
(0.0452531 3.4162 -4.77106e-19)
(0.0472047 3.40821 -4.9741e-19)
(0.0403583 3.08258 5.15366e-19)
(-0.0102652 0.87448 5.26658e-19)
(0.0258796 2.22431 1.53183e-19)
(0.0134601 3.35303 -4.95866e-19)
(0.0147325 3.46631 -3.63078e-19)
(0.0208447 3.43765 1.30871e-20)
(0.0256465 3.41501 -2.26712e-19)
(0.0298824 3.40501 -2.26029e-19)
(0.0351405 3.40248 -2.52861e-19)
(0.0409833 3.4002 8.22444e-21)
(0.0379074 3.11362 2.58299e-19)
(-0.0119408 0.916449 6.15655e-21)
(0.0143364 2.22062 -1.79044e-19)
(-0.00200627 3.33913 1.21276e-20)
(0.000304461 3.44033 4.20959e-19)
(0.00759102 3.41433 2.35593e-19)
(0.0145768 3.39477 0)
(0.021452 3.38677 1.56793e-20)
(0.0293426 3.38605 8.48786e-21)
(0.0376865 3.38829 -2.81202e-19)
(0.0380441 3.13972 -8.83151e-21)
(-0.0128703 0.960001 2.90103e-19)
(0.00754605 2.24965 2.16742e-19)
(-0.0140496 3.33232 6.69287e-21)
(-0.00942337 3.41619 -2.41202e-19)
(-0.0011757 3.39131 -2.3533e-19)
(0.00744702 3.37353 2.3779e-19)
(0.0164101 3.36655 -2.49519e-19)
(0.0263577 3.36696 0)
(0.0368582 3.37284 -5.86586e-19)
(0.0408872 3.16191 3.00713e-19)
(-0.0128626 1.01172 -6.20722e-19)
(5.37123e-05 2.30213 3.60239e-21)
(-0.0233334 3.32819 0)
(-0.0172118 3.39256 -2.46628e-19)
(-0.00762278 3.36717 0)
(0.00254012 3.35022 -2.84031e-19)
(0.0134395 3.34363 0)
(0.0254086 3.34467 -2.9595e-20)
(0.0381822 3.35346 -3.08347e-19)
(0.0462357 3.18033 -5.02702e-21)
(-0.011501 1.07841 3.2719e-19)
(-0.0083556 2.37404 1.92946e-21)
(-0.032141 3.32333 -2.75177e-19)
(-0.0245015 3.36688 2.83763e-19)
(-0.0132384 3.3403 0)
(-0.00126976 3.32353 0)
(0.0117616 3.31695 0)
(0.0259853 3.31832 -3.33464e-19)
(0.0413947 3.32941 6.75928e-23)
(0.0537626 3.19368 -3.46998e-19)
(-0.00828806 1.16449 3.64271e-19)
(-0.0201679 2.46373 4.25808e-21)
(-0.0421133 3.314 1.30315e-20)
(-0.0323854 3.33646 2.81457e-19)
(-0.0187685 3.30877 0)
(-0.00443641 3.29198 0)
(0.011058 3.2854 2.12565e-20)
(0.0277997 3.28708 3.29389e-19)
(0.0461565 3.30003 3.74457e-19)
(0.0627822 3.20119 3.53673e-19)
(-0.00240137 1.2787 0)
(-0.0367974 2.5701 5.94054e-19)
(-0.0534852 3.29612 -1.46231e-22)
(-0.0409106 3.29906 1.57043e-19)
(-0.0242692 3.27118 3.14285e-19)
(-0.00697596 3.25475 2.16372e-22)
(0.0112867 3.24851 -3.41905e-19)
(0.030582 3.25063 4.03087e-19)
(0.0516702 3.26489 5.8301e-19)
(0.0715022 3.20089 -6.41698e-21)
(0.00630651 1.42724 2.07013e-19)
(-0.0574568 2.6896 -1.70366e-19)
(-0.0648926 3.26669 1.67053e-19)
(-0.0485482 3.2539 3.82626e-19)
(-0.0288976 3.22784 2.37494e-20)
(-0.00872878 3.21269 0)
(0.0118875 3.20716 -1.99828e-19)
(0.0334183 3.20958 -2.16296e-19)
(0.0565318 3.22423 -1.35627e-20)
(0.0786373 3.19113 0)
(0.0173654 1.6132 -4.6273e-19)
(-0.0778311 2.81262 -5.72244e-21)
(-0.0732525 3.22574 -1.18485e-20)
(-0.0530352 3.20359 -1.95176e-19)
(-0.0311236 3.18066 -2.38521e-19)
(-0.00954018 3.16738 2.46772e-19)
(0.0119398 3.16281 4.73581e-19)
(0.0345389 3.16556 -2.35556e-19)
(0.0586862 3.17966 -1.47965e-20)
(0.082549 3.17191 -7.66692e-21)
(0.0296916 1.83567 -5.05951e-19)
(-0.0913534 2.9266 3.52719e-23)
(-0.0752333 3.17757 -2.02093e-19)
(-0.0531849 3.15086 2.14421e-19)
(-0.0313865 3.13035 0)
(-0.0096542 3.11846 -5.86751e-20)
(0.0121361 3.11516 3.02689e-20)
(0.0344391 3.11928 -1.27836e-19)
(0.0572679 3.13371 -2.70202e-19)
(0.0812226 3.14467 -1.67228e-20)
(0.0401293 2.09273 0)
(-0.0942803 3.01569 6.76396e-21)
(-0.0734507 3.12382 -1.43346e-20)
(-0.0529991 3.09453 1.22614e-19)
(-0.0317143 3.07645 1.21044e-19)
(-0.00941462 3.06694 9.7892e-20)
(0.0129842 3.06521 0)
(0.0351961 3.06995 0)
(0.0563535 3.08473 1.60515e-19)
(0.0780207 3.10954 1.4661e-19)
(0.0469668 2.3799 0)
(-0.0977951 3.0486 4.2327e-20)
(-0.0710237 3.05619 1.23269e-19)
(-0.0469145 3.03638 0)
(-0.0258107 3.02731 3.31483e-20)
(-0.00709878 3.02308 4.73114e-24)
(0.0102332 3.02265 3.48784e-20)
(0.0288031 3.02482 -7.15109e-20)
(0.049827 3.03301 7.67569e-20)
(0.0801905 3.05608 1.95034e-20)
(0.0507454 2.66631 8.4357e-20)
(-0.0535133 2.99789 -2.89629e-22)
(-0.0251447 2.99974 -2.96963e-20)
(-0.0134247 3.00075 0)
(-0.00722439 3.00083 2.94289e-20)
(-0.00246512 3.00129 -2.89443e-20)
(0.00234298 3.00077 3.05289e-20)
(0.00693758 2.99995 0)
(0.0138817 2.99949 3.3237e-20)
(0.0297369 2.99958 -3.52555e-20)
(0.027627 2.90802 0)
(0.533111 -0.0342557 0)
(1.0554 -0.0888912 0)
(1.04643 -0.0725998 0)
(1.02119 -0.0478034 0)
(1.0096 -0.0301208 0)
(1.00449 -0.0182602 0)
(1.00226 -0.0110016 0)
(1.00124 -0.00652464 0)
(1.00076 -0.00354657 0)
(1.00054 -0.00130733 0)
(1.0005 0.000681122 0)
(1.00062 0.00275465 0)
(1.00095 0.00527146 0)
(1.00167 0.00884954 0)
(1.00318 0.0144391 0)
(1.00656 0.0237007 0)
(1.01441 0.0384273 0)
(1.03128 0.0591688 0)
(1.06138 0.0846295 0)
(0.939241 0.0856277 0)
(0.263589 -0.00534546 0)
(1.00615 -0.0569076 0)
(1.10344 -0.0580802 0)
(1.06862 -0.0479713 0)
(1.03963 -0.0388133 0)
(1.0218 -0.0292854 0)
(1.01193 -0.0203558 0)
(1.00683 -0.0130645 0)
(1.00424 -0.00738531 0)
(1.00302 -0.00273536 0)
(1.00277 0.00153988 0)
(1.00344 0.00593361 0)
(1.00522 0.0109292 0)
(1.00888 0.0172808 0)
(1.01602 0.0253227 0)
(1.02948 0.0346192 0)
(1.05255 0.0438919 0)
(1.0884 0.0536394 0)
(1.09209 0.0591081 0)
(0.723413 0.0309857 0)
(0.192048 -0.000796683 0)
(0.883859 -0.0300506 0)
(1.10313 -0.0460826 0)
(1.089 -0.0416285 0)
(1.05858 -0.034571 0)
(1.03786 -0.0283145 0)
(1.02382 -0.0220908 0)
(1.01493 -0.0156784 0)
(1.00977 -0.00945109 0)
(1.00715 -0.00355023 0)
(1.00659 0.0022382 0)
(1.00805 0.00803834 0)
(1.01174 0.013956 0)
(1.01856 0.0201829 0)
(1.02982 0.0263275 0)
(1.04697 0.0322788 0)
(1.07196 0.0386682 0)
(1.1035 0.0455016 0)
(1.04798 0.0425957 0)
(0.563206 0.0101635 0)
(0.163857 -0.00056742 0)
(0.784612 -0.0174451 0)
(1.08441 -0.0368809 0)
(1.09915 -0.0369881 0)
(1.06878 -0.0318916 0)
(1.0475 -0.0264849 0)
(1.03294 -0.0210532 0)
(1.02279 -0.0155845 0)
(1.01608 -0.00981425 0)
(1.01232 -0.00366929 0)
(1.01145 0.00276332 0)
(1.01357 0.00903869 0)
(1.01858 0.0148067 0)
(1.02681 0.0201852 0)
(1.03892 0.0253261 0)
(1.05641 0.0304973 0)
(1.08236 0.0355375 0)
(1.10475 0.0389542 0)
(0.985933 0.0304311 0)
(0.479011 0.00537153 0)
(0.146391 -0.000416034 0)
(0.710076 -0.0115886 0)
(1.05663 -0.0298349 0)
(1.10409 -0.032412 0)
(1.07737 -0.0288937 0)
(1.05497 -0.0246335 0)
(1.03982 -0.0198576 0)
(1.02934 -0.0147413 0)
(1.02212 -0.00928377 0)
(1.01778 -0.00328427 0)
(1.01667 0.00319217 0)
(1.0191 0.0094021 0)
(1.02457 0.0148483 0)
(1.03311 0.0198118 0)
(1.04556 0.0244243 0)
(1.06388 0.0285821 0)
(1.09111 0.0323745 0)
(1.0993 0.0336368 0)
(0.924584 0.0227145 0)
(0.425994 0.0036693 0)
(0.134012 -0.000312878 0)
(0.653656 -0.00842335 0)
(1.02477 -0.0244336 0)
(1.10578 -0.0287365 0)
(1.08485 -0.0260592 0)
(1.06177 -0.0224038 0)
(1.04604 -0.018316 0)
(1.03513 -0.0136728 0)
(1.02764 -0.00846665 0)
(1.02305 -0.00265863 0)
(1.02178 0.00363605 0)
(1.02423 0.00961522 0)
(1.02979 0.0147708 0)
(1.03855 0.019299 0)
(1.05144 0.0232112 0)
(1.07039 0.0265923 0)
(1.09715 0.0297305 0)
(1.08777 0.0295345 0)
(0.868982 0.0176498 0)
(0.387796 0.0027634 0)
(0.124701 -0.000240776 0)
(0.610022 -0.00640695 0)
(0.992175 -0.0200803 0)
(1.10489 -0.0255804 0)
(1.09148 -0.0236507 0)
(1.06792 -0.0202376 0)
(1.05183 -0.0165232 0)
(1.04061 -0.0123213 0)
(1.03282 -0.00745941 0)
(1.02801 -0.00189156 0)
(1.02659 0.00416115 0)
(1.02896 0.00985261 0)
(1.03457 0.0146331 0)
(1.04349 0.0186442 0)
(1.05662 0.022017 0)
(1.07597 0.0249849 0)
(1.10052 0.0275676 0)
(1.07192 0.0261027 0)
(0.820302 0.0141267 0)
(0.358397 0.00218547 0)
(0.117516 -0.000186004 0)
(0.575603 -0.00498888 0)
(0.960802 -0.0165377 0)
(1.10171 -0.0227439 0)
(1.09735 -0.0214683 0)
(1.07359 -0.0182238 0)
(1.05718 -0.0147313 0)
(1.04577 -0.0108059 0)
(1.03776 -0.0062492 0)
(1.03271 -0.000967885 0)
(1.03109 0.00479806 0)
(1.03335 0.0101409 0)
(1.03895 0.0145036 0)
(1.04789 0.0180868 0)
(1.06114 0.0210873 0)
(1.08087 0.023735 0)
(1.10195 0.0257429 0)
(1.05324 0.023207 0)
(0.778051 0.0116148 0)
(0.334858 0.00178546 0)
(0.111909 -0.000143337 0)
(0.548077 -0.00393181 0)
(0.931724 -0.0136365 0)
(1.09658 -0.0201077 0)
(1.10231 -0.0193587 0)
(1.07897 -0.0162812 0)
(1.06224 -0.0129424 0)
(1.05065 -0.00919977 0)
(1.04247 -0.00487058 0)
(1.0372 0.000136068 0)
(1.03534 0.00557969 0)
(1.03743 0.0105406 0)
(1.04291 0.0145081 0)
(1.0518 0.0177264 0)
(1.06515 0.0204151 0)
(1.08515 0.0227721 0)
(1.10193 0.02423 0)
(1.0328 0.0207879 0)
(0.741225 0.00979365 0)
(0.315424 0.00150102 0)
(0.107522 -0.000108897 0)
(0.525895 -0.00310456 0)
(0.905463 -0.0112178 0)
(1.09012 -0.0176192 0)
(1.10646 -0.0172909 0)
(1.08419 -0.014358 0)
(1.06712 -0.0111141 0)
(1.05532 -0.0075001 0)
(1.04697 -0.00333598 0)
(1.04147 0.00143742 0)
(1.03934 0.00654884 0)
(1.04118 0.0111265 0)
(1.04648 0.0147307 0)
(1.05526 0.0176109 0)
(1.06872 0.0199967 0)
(1.08898 0.0221117 0)
(1.10052 0.0230424 0)
(1.0114 0.018802 0)
(0.708789 0.00846293 0)
(0.298926 0.00129837 0)
(0.104124 -7.99137e-05 0)
(0.508029 -0.00242776 0)
(0.882243 -0.00915113 0)
(1.08287 -0.0152315 0)
(1.10993 -0.0152164 0)
(1.0893 -0.0124154 0)
(1.0719 -0.00922044 0)
(1.05988 -0.00568185 0)
(1.05132 -0.00163425 0)
(1.04556 0.00294969 0)
(1.0431 0.00776578 0)
(1.04462 0.0119798 0)
(1.04967 0.0152238 0)
(1.05833 0.0177651 0)
(1.07187 0.0198576 0)
(1.09223 0.0217302 0)
(1.09765 0.0221111 0)
(0.989569 0.017203 0)
(0.679827 0.00749046 0)
(0.284539 0.00115545 0)
(0.101561 -5.41493e-05 0)
(0.49379 -0.00184635 0)
(0.862143 -0.00732664 0)
(1.07537 -0.0128914 0)
(1.11309 -0.0130644 0)
(1.09436 -0.0103398 0)
(1.07665 -0.00715446 0)
(1.06436 -0.00365622 0)
(1.05552 0.000308974 0)
(1.04942 0.00473147 0)
(1.04656 0.00928194 0)
(1.0477 0.0131385 0)
(1.05247 0.0160193 0)
(1.06098 0.0182134 0)
(1.07458 0.0199978 0)
(1.09465 0.0215848 0)
(1.09323 0.0214046 0)
(0.967613 0.0159517 0)
(0.65356 0.00679098 0)
(0.271651 0.00105862 0)
(0.0997448 -2.97816e-05 0)
(0.482741 -0.00131921 0)
(0.845184 -0.00565122 0)
(1.06806 -0.0105489 0)
(1.11607 -0.0107943 0)
(1.09943 -0.00809631 0)
(1.08141 -0.00488126 0)
(1.0688 -0.00136842 0)
(1.05963 0.00256487 0)
(1.05312 0.0068622 0)
(1.04976 0.0111573 0)
(1.05043 0.0146471 0)
(1.05487 0.0171377 0)
(1.06319 0.0189724 0)
(1.07685 0.0204487 0)
(1.0962 0.0217038 0)
(1.08731 0.0209369 0)
(0.945655 0.0150185 0)
(0.62932 0.00630571 0)
(0.25979 0.000998088 0)
(0.0986408 -4.88498e-06 0)
(0.47466 -0.000814377 0)
(0.831421 -0.00404306 0)
(1.06139 -0.00813675 0)
(1.11895 -0.00832458 0)
(1.10454 -0.00560728 0)
(1.08628 -0.00231882 0)
(1.07331 0.00126779 0)
(1.06373 0.00521694 0)
(1.05669 0.00942776 0)
(1.05272 0.0134806 0)
(1.05283 0.0165933 0)
(1.05687 0.0186757 0)
(1.06497 0.0201355 0)
(1.07862 0.0212694 0)
(1.09671 0.0221169 0)
(1.07988 0.0207007 0)
(0.92371 0.01436 0)
(0.606556 0.00599105 0)
(0.248587 0.000966325 0)
(0.0982588 2.04029e-05 0)
(0.469492 -0.000298843 0)
(0.82096 -0.00242436 0)
(1.05581 -0.00558632 0)
(1.1219 -0.00555662 0)
(1.10979 -0.00274618 0)
(1.09131 0.000667653 0)
(1.07793 0.00435836 0)
(1.06786 0.00836132 0)
(1.06021 0.0125263 0)
(1.05549 0.0163448 0)
(1.0549 0.0190544 0)
(1.05843 0.0206793 0)
(1.06622 0.0216842 0)
(1.07985 0.0224499 0)
(1.09613 0.0227544 0)
(1.07097 0.0207275 0)
(0.901696 0.0139838 0)
(0.584773 0.00583187 0)
(0.237731 0.000962082 0)
(0.0986296 5.49512e-05 0)
(0.467263 0.000276528 0)
(0.813955 -0.000734576 0)
(1.05173 -0.00283721 0)
(1.12511 -0.00242782 0)
(1.11526 0.000549332 0)
(1.09655 0.00413495 0)
(1.08269 0.00799368 0)
(1.07202 0.0121257 0)
(1.06359 0.0162846 0)
(1.05795 0.0198782 0)
(1.05652 0.0221526 0)
(1.05945 0.0232913 0)
(1.06687 0.0237828 0)
(1.08038 0.0240781 0)
(1.09464 0.0237327 0)
(1.06055 0.0210701 0)
(0.879434 0.0138784 0)
(0.563507 0.00581623 0)
(0.226933 0.000982659 0)
(0.0998386 8.705e-05 0)
(0.468085 0.000825183 0)
(0.810601 0.00105771 0)
(1.04957 0.00018717 0)
(1.12878 0.00115796 0)
(1.12101 0.00438709 0)
(1.10213 0.00821953 0)
(1.0877 0.012345 0)
(1.07628 0.0166663 0)
(1.06688 0.0208557 0)
(1.06011 0.0242329 0)
(1.05768 0.0260118 0)
(1.05988 0.0265673 0)
(1.06684 0.0264595 0)
(1.08008 0.0261974 0)
(1.09204 0.0251265 0)
(1.04847 0.0217389 0)
(0.856664 0.0140577 0)
(0.54229 0.00594301 0)
(0.215915 0.00102787 0)
(0.102012 0.000119251 0)
(0.47213 0.0015565 0)
(0.811248 0.00310641 0)
(1.04992 0.00353334 0)
(1.13315 0.00535326 0)
(1.12725 0.00898287 0)
(1.10817 0.0131642 0)
(1.09308 0.0176117 0)
(1.08077 0.0221921 0)
(1.0702 0.0264532 0)
(1.06206 0.0295655 0)
(1.05841 0.0307737 0)
(1.05969 0.03066 0)
(1.06606 0.0298368 0)
(1.07892 0.0289137 0)
(1.08807 0.0270433 0)
(1.03459 0.0228128 0)
(0.833072 0.0145482 0)
(0.520648 0.00621815 0)
(0.204408 0.00109781 0)
(0.105315 0.000169788 0)
(0.480067 0.00236166 0)
(0.816355 0.00538899 0)
(1.0534 0.00738969 0)
(1.1386 0.0102658 0)
(1.13418 0.0144443 0)
(1.11479 0.0190695 0)
(1.09889 0.0239485 0)
(1.08546 0.0288792 0)
(1.07344 0.0332683 0)
(1.06362 0.0361195 0)
(1.05848 0.0366902 0)
(1.05868 0.0357551 0)
(1.06435 0.0340951 0)
(1.07674 0.0323621 0)
(1.0825 0.0296391 0)
(1.01862 0.0244053 0)
(0.808185 0.0154052 0)
(0.498032 0.00665514 0)
(0.19212 0.0011926 0)
(0.110056 0.000233209 0)
(0.492447 0.00333244 0)
(0.826556 0.00802058 0)
(1.0605 0.0118889 0)
(1.14551 0.016081 0)
(1.14201 0.0209789 0)
(1.12216 0.0262132 0)
(1.10525 0.0317087 0)
(1.0904 0.0371154 0)
(1.07656 0.0416359 0)
(1.0647 0.0441171 0)
(1.05779 0.0438935 0)
(1.05675 0.0420285 0)
(1.06156 0.0394346 0)
(1.07317 0.0367264 0)
(1.07494 0.033022 0)
(1.00018 0.0266098 0)
(0.781422 0.0166866 0)
(0.473808 0.00726879 0)
(0.178759 0.00130865 0)
(0.116643 0.000316419 0)
(0.510226 0.0045119 0)
(0.842761 0.0111004 0)
(1.07192 0.0172322 0)
(1.15444 0.0231099 0)
(1.15113 0.02899 0)
(1.13064 0.0350333 0)
(1.11245 0.0412899 0)
(1.09581 0.0472258 0)
(1.07974 0.0518634 0)
(1.06543 0.053884 0)
(1.05639 0.0527327 0)
(1.05388 0.0497424 0)
(1.05765 0.0460669 0)
(1.06803 0.0422227 0)
(1.06503 0.0373921 0)
(0.978755 0.0296176 0)
(0.751995 0.0184961 0)
(0.447178 0.00809342 0)
(0.163991 0.00144663 0)
(0.125682 0.00042976 0)
(0.53476 0.00598669 0)
(0.866114 0.0148285 0)
(1.08856 0.023752 0)
(1.1661 0.0317489 0)
(1.16198 0.0389806 0)
(1.14038 0.046071 0)
(1.1204 0.0532407 0)
(1.1014 0.0597468 0)
(1.08252 0.064391 0)
(1.06529 0.0657197 0)
(1.05387 0.063405 0)
(1.04973 0.0591498 0)
(1.0524 0.0542019 0)
(1.06113 0.0490772 0)
(1.0524 0.0429774 0)
(0.953671 0.0335962 0)
(0.718852 0.02092 0)
(0.41715 0.0091398 0)
(0.147443 0.00160564 0)
(0.138173 0.000595732 0)
(0.568217 0.00792175 0)
(0.898231 0.0196155 0)
(1.11156 0.0321169 0)
(1.1813 0.0426974 0)
(1.1751 0.0516747 0)
(1.15171 0.0600674 0)
(1.12932 0.0682808 0)
(1.10732 0.0752912 0)
(1.08505 0.0796893 0)
(1.06441 0.0799683 0)
(1.05025 0.076177 0)
(1.04425 0.0704656 0)
(1.04575 0.0641451 0)
(1.05228 0.0576989 0)
(1.03666 0.0499362 0)
(0.924047 0.0385852 0)
(0.680672 0.0239183 0)
(0.382657 0.010346 0)
(0.128793 0.00177135 0)
(0.155952 0.000868837 0)
(0.614338 0.0106166 0)
(0.941595 0.0262819 0)
(1.14238 0.0435659 0)
(1.20097 0.0573966 0)
(1.19096 0.0684448 0)
(1.16475 0.0783105 0)
(1.139 0.0874917 0)
(1.11313 0.0946402 0)
(1.08676 0.09827 0)
(1.06227 0.0969461 0)
(1.04516 0.0912369 0)
(1.03722 0.0837998 0)
(1.0375 0.0760097 0)
(1.0413 0.0681027 0)
(1.01715 0.0583645 0)
(0.88872 0.0445355 0)
(0.635804 0.027286 0)
(0.3427 0.011571 0)
(0.107874 0.00191961 0)
(0.182855 0.00136139 0)
(0.67974 0.0148396 0)
(1.00024 0.0368931 0)
(1.18293 0.0607692 0)
(1.22595 0.0782297 0)
(1.20967 0.0916021 0)
(1.1792 0.102738 0)
(1.14892 0.112222 0)
(1.11828 0.118647 0)
(1.08723 0.120615 0)
(1.05854 0.116886 0)
(1.03837 0.108687 0)
(1.02852 0.0992244 0)
(1.02755 0.0898169 0)
(1.028 0.0802303 0)
(0.99306 0.0681398 0)
(0.846124 0.0511215 0)
(0.582343 0.0305554 0)
(0.296437 0.0125381 0)
(0.0847154 0.00200741 0)
(0.231377 0.00308854 0)
(0.778887 0.0247545 4.93487e-34)
(1.08307 0.057885 2.12997e-34)
(1.23483 0.0897433 0)
(1.25631 0.109947 0)
(1.23027 0.124411 0)
(1.19387 0.135425 0)
(1.15796 0.143673 0)
(1.12186 0.147985 0)
(1.08577 0.147071 0)
(1.05278 0.139968 0)
(1.02959 0.12868 0)
(1.01799 0.116862 6.40772e-34)
(1.01589 0.105645 0)
(1.01202 0.0939661 0)
(0.962631 0.0789849 0)
(0.793747 0.0577499 0)
(0.518231 0.0330267 0)
(0.242621 0.0127382 0)
(0.058924 0.00196158 0)
(0.271396 0.0116382 2.01878e-21)
(0.875265 0.0551447 1.27661e-20)
(1.16209 0.0981162 3.97441e-21)
(1.28239 0.133411 6.88021e-21)
(1.28652 0.153459 0)
(1.25003 0.167002 -1.07e-20)
(1.20713 0.176752 8.79233e-21)
(1.16511 0.183196 -2.09374e-22)
(1.12306 0.185242 0)
(1.08124 0.181508 -1.14829e-20)
(1.04307 0.171184 1.44369e-22)
(1.01587 0.156974 0)
(1.00169 0.142922 -6.82079e-20)
(0.997546 0.129765 -1.00111e-20)
(0.985615 0.115145 -4.81022e-20)
(0.914493 0.0948821 1.42986e-20)
(0.72006 0.0673716 0)
(0.438238 0.0371925 8.40843e-20)
(0.184194 0.0140852 -9.9143e-20)
(0.0342317 0.00228491 3.49796e-21)
(0.280207 0.0288519 1.33158e-19)
(0.930018 0.103553 0)
(1.21792 0.15371 -3.65322e-20)
(1.31817 0.189296 0)
(1.31137 0.207428 -6.95203e-20)
(1.26676 0.217604 -3.97594e-20)
(1.21757 0.224589 3.6598e-20)
(1.16945 0.22834 6.78654e-20)
(1.1214 0.227611 -5.63916e-20)
(1.07366 0.220883 -1.00271e-19)
(1.02991 0.207332 1.0127e-19)
(0.998133 0.190194 0)
(0.980571 0.173954 0)
(0.9731 0.159053 4.44755e-20)
(0.954858 0.142526 1.04828e-19)
(0.870185 0.118063 3.15008e-20)
(0.667185 0.0834436 3.63466e-20)
(0.395133 0.046148 3.4734e-19)
(0.160564 0.0174076 -1.27366e-20)
(0.0259299 0.00271366 -9.77911e-19)
(0.275425 0.0439704 0)
(0.955431 0.154009 -1.78938e-21)
(1.25214 0.21792 -3.17095e-20)
(1.34216 0.253151 0)
(1.32895 0.268051 0)
(1.27863 0.273961 3.94497e-20)
(1.2242 0.277054 -7.21902e-20)
(1.17067 0.277187 -1.38396e-19)
(1.11709 0.272915 1.21715e-19)
(1.06377 0.262567 5.20172e-20)
(1.01459 0.24528 -1.9856e-21)
(0.978349 0.224916 -1.34866e-19)
(0.9575 0.206455 -2.41188e-19)
(0.947133 0.190308 -4.92033e-20)
(0.924832 0.172575 -5.74606e-20)
(0.834147 0.143408 2.75334e-19)
(0.635948 0.102343 3.63256e-19)
(0.380543 0.0568223 0)
(0.158007 0.0228288 3.72779e-22)
(0.0270608 0.00386545 4.97546e-20)
(0.267866 0.0573299 1.04284e-20)
(0.963578 0.204528 -1.71599e-20)
(1.271 0.283658 -1.07335e-19)
(1.35599 0.319836 -5.31504e-20)
(1.33906 0.331576 7.47142e-20)
(1.28492 0.333311 1.68222e-21)
(1.22651 0.33221 7.92095e-20)
(1.16854 0.328371 0)
(1.11017 0.320164 1.29255e-19)
(1.05177 0.305849 -1.10751e-19)
(0.997565 0.284765 1.16319e-19)
(0.957147 0.261575 -2.65083e-21)
(0.933334 0.241459 1.76855e-19)
(0.92054 0.224178 1.06232e-19)
(0.894897 0.204295 3.17333e-19)
(0.803045 0.170768 7.48025e-20)
(0.616395 0.123446 -3.10098e-19)
(0.378321 0.071365 5.17504e-20)
(0.165727 0.0306501 9.85208e-19)
(0.0335425 0.00622824 3.64955e-20)
(0.260114 0.0693296 5.90283e-20)
(0.961345 0.253123 -3.3068e-20)
(1.27936 0.348472 0)
(1.36208 0.386744 7.33993e-20)
(1.34287 0.395684 1.09786e-20)
(1.28608 0.393492 7.63904e-20)
(1.22466 0.388301 -4.71368e-21)
(1.16308 0.380475 -1.45935e-19)
(1.10067 0.368268 6.52119e-20)
(1.03787 0.349981 0)
(0.979266 0.325408 5.13591e-19)
(0.935201 0.299889 1.60415e-19)
(0.90851 0.278371 -1.93549e-19)
(0.892591 0.259455 0)
(0.863403 0.23664 0)
(0.774384 0.199303 8.26292e-20)
(0.602125 0.147234 3.88197e-19)
(0.381883 0.0894432 0)
(0.178213 0.0415029 1.08314e-18)
(0.0427147 0.0100978 -7.91857e-23)
(0.253093 0.0802588 -2.83536e-20)
(0.953422 0.298813 1.29121e-20)
(1.28053 0.411149 -8.5407e-20)
(1.36232 0.452192 -7.90974e-20)
(1.34172 0.45894 -7.66025e-20)
(1.28303 0.453134 0)
(1.21924 0.444054 0)
(1.1547 0.432362 -1.51615e-19)
(1.08888 0.416267 -7.56806e-20)
(1.02238 0.394204 1.25449e-19)
(0.960113 0.366398 2.76679e-19)
(0.912871 0.338575 -1.69275e-19)
(0.883226 0.315139 -2.10022e-19)
(0.863528 0.29383 -1.2561e-19)
(0.831269 0.268013 2.97151e-19)
(0.74658 0.22822 3.59703e-19)
(0.58947 0.172683 -9.51677e-19)
(0.385725 0.109852 0)
(0.190712 0.0541885 -1.10602e-18)
(0.0518206 0.0149721 -1.3839e-18)
(0.247506 0.0905391 -4.96183e-22)
(0.94294 0.341585 2.74784e-21)
(1.2768 0.471093 1.15986e-20)
(1.35829 0.515315 2.2956e-20)
(1.33676 0.520415 6.35537e-20)
(1.27667 0.511341 1.59101e-19)
(1.21095 0.498628 0)
(1.14396 0.483251 -1.59876e-19)
(1.07529 0.463466 3.01127e-19)
(1.00568 0.437862 -1.44871e-19)
(0.940298 0.406852 -2.9724e-19)
(0.890174 0.376259 1.88716e-19)
(0.857518 0.350131 4.47299e-19)
(0.834047 0.325829 0)
(0.7997 0.297438 0)
(0.720381 0.256028 -2.92042e-19)
(0.576345 0.198009 0)
(0.38696 0.130403 0)
(0.199953 0.0672455 8.04032e-20)
(0.0589364 0.0200493 1.45604e-18)
(0.243286 0.100498 0)
(0.931668 0.381738 0)
(1.26975 0.527945 4.97033e-21)
(1.35119 0.575745 4.79018e-20)
(1.32896 0.579525 -1.16047e-19)
(1.26775 0.567523 8.65418e-20)
(1.20047 0.551467 1.64469e-19)
(1.13144 0.532649 7.91361e-20)
(1.06035 0.509443 1.60831e-19)
(0.988073 0.480494 0)
(0.919901 0.446138 0)
(0.867042 0.412211 3.90998e-19)
(0.83146 0.382839 -2.42348e-19)
(0.804652 0.355548 0)
(0.76903 0.325163 1.79017e-19)
(0.694877 0.282697 -2.11151e-19)
(0.561838 0.222075 2.51426e-19)
(0.384305 0.149801 -1.17623e-18)
(0.204304 0.0793827 8.70775e-20)
(0.0631463 0.0246166 6.08887e-22)
(0.240079 0.110048 6.06743e-20)
(0.92047 0.419521 0)
(1.26061 0.581852 4.48433e-21)
(1.34195 0.633249 -3.81884e-20)
(1.31906 0.636011 -1.10804e-19)
(1.25692 0.621351 -7.46214e-20)
(1.18835 0.602229 8.84962e-20)
(1.11762 0.580282 -1.69577e-19)
(1.04447 0.553954 3.33811e-19)
(0.969806 0.52184 1.50616e-19)
(0.898986 0.483967 6.83082e-19)
(0.843472 0.446308 1.00639e-21)
(0.805203 0.413511 -4.15464e-21)
(0.775795 0.38353 3.20155e-19)
(0.73964 0.351532 3.81221e-19)
(0.669805 0.308087 0)
(0.545277 0.244743 -1.36977e-19)
(0.377268 0.167198 -1.2731e-18)
(0.203326 0.089509 -9.38259e-20)
(0.0639334 0.0280247 0)
(0.23797 0.11956 0)
(0.910099 0.455476 1.35445e-20)
(1.24997 0.633101 -9.19365e-21)
(1.33122 0.687732 2.07181e-22)
(1.30761 0.689743 9.83441e-20)
(1.2447 0.672644 -6.91246e-20)
(1.17508 0.650749 -9.30842e-20)
(1.10293 0.626006 -1.78441e-19)
(1.02799 0.596884 -3.53943e-19)
(0.951085 0.56178 4.13675e-19)
(0.877636 0.520303 0)
(0.819522 0.478739 0)
(0.778886 0.442536 -2.82151e-19)
(0.747571 0.410072 -3.45592e-19)
(0.711268 0.376492 6.20386e-19)
(0.644692 0.331379 1.22801e-18)
(0.526385 0.264958 5.81718e-19)
(0.365641 0.181727 -1.72335e-19)
(0.196811 0.097087 1.01128e-19)
(0.0616098 0.0300577 0)
(0.236624 0.128939 2.681e-20)
(0.900577 0.489725 2.57264e-20)
(1.23838 0.681626 -4.28524e-20)
(1.31937 0.739304 3.75009e-21)
(1.29507 0.740672 3.94335e-20)
(1.23154 0.721343 7.02121e-20)
(1.16105 0.696974 -7.59222e-20)
(1.0877 0.669778 -2.82112e-19)
(1.01115 0.638184 9.7478e-20)
(0.932095 0.600285 -8.42721e-20)
(0.855983 0.555237 -9.42103e-20)
(0.795284 0.509775 -7.4646e-19)
(0.752554 0.470236 9.13662e-19)
(0.719819 0.435333 3.61371e-19)
(0.683475 0.399902 0)
(0.61918 0.352501 -5.27973e-19)
(0.505432 0.282202 0)
(0.350034 0.192891 -7.42337e-19)
(0.186314 0.101485 8.71902e-19)
(0.0571056 0.0305409 -8.93579e-19)
(0.2359 0.138279 -3.58048e-20)
(0.891985 0.522492 -5.41007e-20)
(1.2266 0.727374 -2.64417e-20)
(1.30677 0.788044 8.11081e-21)
(1.28183 0.7888 -3.118e-20)
(1.21778 0.767462 0)
(1.1466 0.740913 -7.54237e-20)
(1.07222 0.711597 1.0108e-19)
(0.994215 0.677843 -2.8238e-19)
(0.913026 0.637368 0)
(0.834176 0.588903 -7.2573e-19)
(0.770859 0.539645 9.30779e-19)
(0.726202 0.496824 -6.54026e-19)
(0.692347 0.459376 0)
(0.655917 0.421732 -4.79474e-19)
(0.593065 0.371431 2.85352e-19)
(0.482341 0.296486 1.69395e-19)
(0.330689 0.200442 5.99113e-19)
(0.172387 0.102882 1.88276e-18)
(0.0511108 0.0296652 0)
(0.235526 0.147375 4.88521e-20)
(0.884465 0.55393 0)
(1.21476 0.7706 -9.76199e-20)
(1.29374 0.834005 -6.44633e-21)
(1.26816 0.834204 -5.80061e-21)
(1.20371 0.811048 -1.11188e-20)
(1.13199 0.782613 -3.72336e-20)
(1.05674 0.751492 3.91003e-19)
(0.977366 0.715875 4.92588e-21)
(0.894062 0.673073 0)
(0.812381 0.621432 0)
(0.746337 0.568535 6.5554e-21)
(0.699801 0.522421 5.26253e-19)
(0.664976 0.482215 0)
(0.628384 0.4419 -5.16681e-19)
(0.566287 0.387996 3.08804e-19)
(0.457375 0.30754 1.83274e-19)
(0.308348 0.204326 8.6251e-19)
(0.155863 0.101409 8.87767e-19)
(0.044056 0.0276341 0)
(0.235589 0.156573 -1.16081e-19)
(0.877768 0.584082 -4.71372e-20)
(1.20302 0.811232 1.11972e-19)
(1.28054 0.87728 1.47947e-20)
(1.2543 0.876967 -2.83849e-20)
(1.18956 0.852188 1.17212e-19)
(1.11744 0.822137 -1.34004e-19)
(1.04144 0.789496 0)
(0.96078 0.752286 0)
(0.875372 0.707433 -8.40155e-19)
(0.790775 0.652933 9.43965e-19)
(0.721833 0.596604 1.55563e-19)
(0.673317 0.547136 -9.46905e-19)
(0.637531 0.503848 0)
(0.600665 0.460303 1.11108e-18)
(0.538801 0.401998 -3.35125e-19)
(0.430796 0.315123 -1.18087e-18)
(0.284071 0.20447 0)
(0.13808 0.0971714 -1.09306e-18)
(0.0363714 0.0245062 0)
(0.235937 0.165574 1.40513e-19)
(0.871638 0.61318 -1.15241e-19)
(1.19156 0.849442 -7.59079e-20)
(1.26734 0.91799 8.47797e-20)
(1.24043 0.917181 -1.51233e-20)
(1.1755 0.890962 0)
(1.1031 0.859549 0)
(1.02647 0.825649 -7.98998e-19)
(0.944595 0.787102 -2.73257e-19)
(0.85712 0.740488 -1.034e-19)
(0.769532 0.683495 -1.00507e-18)
(0.697473 0.623993 -6.50007e-19)
(0.646733 0.571101 2.0593e-19)
(0.609843 0.524324 7.3978e-19)
(0.572552 0.476829 -3.01007e-19)
(0.510511 0.413216 7.14664e-19)
(0.402772 0.319034 0)
(0.258321 0.200861 -1.50005e-18)
(0.119614 0.0906681 1.47046e-18)
(0.0286506 0.0207017 0)
(0.23629 0.174287 2.48796e-19)
(0.866025 0.641202 1.3721e-19)
(1.18053 0.885583 1.00742e-20)
(1.25428 0.956251 1.72498e-19)
(1.2267 0.954959 -1.00968e-20)
(1.16168 0.927471 9.29995e-20)
(1.08911 0.89492 -2.11334e-19)
(1.01194 0.859986 7.65564e-19)
(0.928935 0.820331 5.09674e-19)
(0.839447 0.772264 -6.82224e-20)
(0.748812 0.713188 1.26989e-19)
(0.673381 0.650827 6.93588e-19)
(0.620053 0.59449 8.68556e-19)
(0.581728 0.543773 1.54193e-21)
(0.543767 0.491383 -3.19483e-19)
(0.481343 0.421309 3.84331e-19)
(0.373664 0.318942 1.56774e-21)
(0.231886 0.1936 2.69388e-19)
(0.101319 0.0822728 3.15594e-19)
(0.0213081 0.0164804 -7.41451e-19)
(0.236649 0.182904 1.94613e-19)
(0.860814 0.66788 -1.61612e-19)
(1.16983 0.919684 0)
(1.24147 0.992158 -9.18025e-21)
(1.21322 0.990406 4.28708e-21)
(1.14819 0.961805 6.77284e-20)
(1.07556 0.928325 -1.84673e-19)
(0.997932 0.892551 4.68153e-19)
(0.913884 0.851999 9.92309e-19)
(0.822465 0.802772 -6.42256e-20)
(0.728766 0.742055 1.46594e-19)
(0.649691 0.677215 -7.38698e-19)
(0.593304 0.617502 2.28093e-19)
(0.553015 0.562427 0)
(0.513904 0.50392 3.43786e-19)
(0.450984 0.425749 2.77774e-21)
(0.343892 0.314161 -4.91655e-19)
(0.206073 0.182614 5.7802e-19)
(0.0845226 0.0725341 0)
(0.0148884 0.0122758 0)
(0.237047 0.190947 1.13105e-19)
(0.856074 0.69338 0)
(1.15946 0.951793 -1.96622e-19)
(1.22899 1.02584 -1.31728e-19)
(1.20008 1.02365 -2.31304e-20)
(1.13512 0.994074 -5.12455e-21)
(1.0625 0.959829 1.98831e-19)
(0.984511 0.92339 1.04551e-19)
(0.899511 0.882127 0)
(0.806251 0.832023 -5.88869e-20)
(0.709518 0.770116 -7.05259e-20)
(0.626548 0.703255 7.85558e-19)
(0.566575 0.640345 9.9375e-19)
(0.523581 0.580643 0)
(0.482436 0.514614 -3.75885e-19)
(0.418695 0.425908 0)
(0.313694 0.303337 0)
(0.182963 0.166942 -9.52719e-22)
(0.0719338 0.0615206 3.64922e-19)
(0.0106232 0.00850302 2.13506e-19)
(0.237306 0.198986 0)
(0.851609 0.717785 -1.12926e-19)
(1.14956 0.982118 2.18157e-19)
(1.21694 1.05744 -1.60157e-19)
(1.18732 1.05478 1.02641e-20)
(1.1225 1.02437 -8.73047e-21)
(1.04998 0.989501 -1.37914e-19)
(0.971697 0.952537 3.82553e-19)
(0.885847 0.910742 0)
(0.790881 0.860039 -2.1108e-18)
(0.691168 0.797371 -8.36738e-20)
(0.604112 0.729019 8.33107e-19)
(0.539997 0.663215 -9.30333e-19)
(0.493406 0.598849 3.34675e-19)
(0.448808 0.523985 1.20012e-18)
(0.383049 0.421588 3.7811e-21)
(0.281967 0.284369 -1.14093e-18)
(0.164655 0.141913 1.00256e-18)
(0.0710132 0.0424582 3.90878e-19)
(0.018224 0.00255423 2.28739e-19)
(0.237567 0.206399 2.92526e-19)
(0.847163 0.740672 -3.67946e-19)
(1.14002 1.01067 -2.51089e-19)
(1.20534 1.08705 -2.02322e-19)
(1.175 1.08392 -8.38297e-20)
(1.11036 1.05279 3.34559e-21)
(1.03799 1.01742 0)
(0.959511 0.980053 8.17778e-19)
(0.872911 0.937874 5.74541e-20)
(0.776368 0.886812 -1.11007e-18)
(0.673795 0.823796 -1.62958e-19)
(0.582548 0.754566 -7.72493e-19)
(0.51375 0.686264 1.12577e-18)
(0.462648 0.617472 5.29581e-19)
(0.412754 0.532907 -2.1753e-19)
(0.342144 0.413872 0)
(0.244536 0.256345 0)
(0.145257 0.0976034 -2.03373e-21)
(0.086856 -0.0112872 0)
(0.0797601 -0.0192469 0)
(0.23777 0.213614 -1.71316e-19)
(0.843118 0.762692 -2.67799e-19)
(1.13078 1.03783 -8.95672e-20)
(1.19412 1.11517 -2.31001e-19)
(1.16289 1.11166 -9.54871e-20)
(1.09841 1.08003 -1.80705e-20)
(1.02621 1.0444 -1.88215e-20)
(0.947522 1.00691 1.48738e-20)
(0.86015 0.964653 -3.76479e-19)
(0.762015 0.913652 7.15211e-20)
(0.656481 0.85088 8.3773e-21)
(0.560671 0.781608 -8.51081e-19)
(0.486223 0.711305 1.09229e-18)
(0.429379 0.638325 6.85665e-19)
(0.371871 0.543271 -4.16267e-19)
(0.291219 0.405198 -5.10238e-19)
(0.19178 0.221711 0)
(0.0914386 0.0678688 0)
(0.00562542 0.225107 0)
(-0.0210895 1.14103 2.31448e-19)
(0.23778 0.220355 0)
(0.839123 0.783652 -3.7859e-19)
(1.12177 1.06358 1.13265e-19)
(1.18332 1.14187 7.12579e-20)
(1.15105 1.13806 1.25292e-19)
(1.08669 1.10615 -1.05325e-20)
(1.01467 1.07046 8.00271e-20)
(0.935801 1.03311 3.75876e-19)
(0.847674 0.991066 -6.6703e-20)
(0.747996 0.940554 2.18926e-18)
(0.639462 0.878608 1.18661e-18)
(0.538831 0.810229 0)
(0.45769 0.738779 1.33762e-19)
(0.393605 0.661485 8.65439e-19)
(0.327284 0.556206 -4.18912e-19)
(0.233476 0.400767 -5.12582e-19)
(0.110757 0.243697 2.96325e-22)
(0.0293335 0.682591 -3.50476e-19)
(0.074826 2.32744 -1.26009e-20)
(0.0848375 3.07938 -2.14946e-19)
(0.237859 0.225938 1.93747e-19)
(0.834644 0.803213 0)
(1.11289 1.08801 2.94085e-19)
(1.17299 1.16724 2.88194e-19)
(1.13951 1.16322 -1.3985e-19)
(1.07528 1.13123 1.10095e-20)
(1.00349 1.0956 -8.56162e-20)
(0.924358 1.0586 0)
(0.835558 1.01703 -4.41816e-19)
(0.734426 0.967384 1.0358e-18)
(0.622969 0.906853 -7.41523e-20)
(0.517448 0.840262 -9.32278e-21)
(0.428886 0.769272 -2.18838e-18)
(0.355543 0.686268 0)
(0.28401 0.571317 8.40506e-19)
(0.172328 0.435033 0)
(0.0599009 0.958302 0)
(0.123113 2.68447 3.38992e-19)
(0.128206 3.26454 7.60631e-19)
(0.121831 3.41446 -6.59777e-19)
(0.249119 0.243089 -1.05139e-19)
(0.830219 0.827982 4.26752e-19)
(1.10241 1.11548 -2.03661e-19)
(1.16287 1.19153 -7.27048e-21)
(1.12801 1.1871 -2.43726e-20)
(1.06399 1.15509 1.7913e-20)
(0.992856 1.11993 0)
(0.913153 1.0834 -3.42805e-19)
(0.823745 1.04251 6.62039e-21)
(0.721243 0.994043 -4.89623e-20)
(0.607056 0.935557 -1.23386e-18)
(0.496803 0.871601 7.32081e-19)
(0.40075 0.803641 -1.3176e-19)
(0.313462 0.710159 -1.68338e-19)
(0.237738 0.629214 1.13693e-18)
(0.137611 1.10433 4.53672e-19)
(0.135994 2.66652 1.43781e-20)
(0.174092 3.31193 -6.11114e-19)
(0.16562 3.43414 -3.4384e-19)
(0.142859 3.45715 1.02542e-18)
(0.592988 0.604995 2.09901e-19)
(1.00628 1.03557 -1.75391e-20)
(1.13943 1.19349 4.86015e-20)
(1.14524 1.22072 2.27212e-20)
(1.08855 1.19528 -1.66719e-19)
(1.01982 1.16121 0)
(0.944183 1.12537 1.9517e-20)
(0.859637 1.08787 -4.40644e-19)
(0.763153 1.04496 0)
(0.650662 0.993184 7.57766e-20)
(0.533284 0.934331 -1.33126e-18)
(0.425737 0.873639 0)
(0.323553 0.79932 0)
(0.245613 0.71391 0)
(0.164884 1.30293 0)
(0.212289 2.97476 0)
(0.225793 3.36507 -4.77609e-19)
(0.204123 3.44716 0)
(0.179249 3.47222 1.42898e-19)
(0.150001 3.48567 1.2365e-19)
(0.542501 0.550045 -2.57856e-19)
(0.836201 0.860456 -3.80165e-19)
(1.09779 1.1476 0)
(1.1466 1.22315 3.25954e-19)
(1.11407 1.22008 -2.32101e-19)
(1.05095 1.18883 2.41051e-20)
(0.978685 1.15459 3.62101e-20)
(0.899072 1.11878 2.23049e-20)
(0.808994 1.07923 0)
(0.704898 1.03307 9.62873e-19)
(0.587312 0.978559 1.10761e-18)
(0.471009 0.919507 1.04439e-19)
(0.364686 0.857856 0)
(0.258721 0.766294 8.10478e-19)
(0.176323 1.13248 0)
(0.218488 2.77515 0)
(0.255636 3.38461 -3.93247e-19)
(0.238981 3.46961 6.15471e-19)
(0.205947 3.48583 7.0454e-19)
(0.165741 3.50585 0)
(0.555116 0.569402 1.67354e-21)
(0.830815 0.873638 -3.98711e-19)
(1.08827 1.1657 2.93752e-19)
(1.13533 1.24382 7.10519e-21)
(1.10239 1.24099 2.90827e-20)
(1.03934 1.21013 -2.60592e-20)
(0.967644 1.17663 0)
(0.887946 1.1418 2.68502e-19)
(0.797511 1.10329 -6.47221e-21)
(0.692504 1.05889 8.55008e-20)
(0.572694 1.00725 1.13809e-18)
(0.452296 0.95201 -6.84022e-19)
(0.339499 0.892439 1.20328e-19)
(0.245051 0.889356 1.51997e-19)
(0.239606 1.89475 -1.08701e-18)
(0.319999 3.26026 -3.79989e-19)
(0.314614 3.47313 9.01211e-21)
(0.274325 3.51343 3.46298e-19)
(0.237608 3.54333 1.56464e-19)
(0.182084 3.5638 7.1138e-20)
(0.558975 0.590654 -2.52819e-19)
(0.825625 0.890766 0)
(1.0791 1.18674 -3.65113e-19)
(1.12471 1.26679 -3.86011e-19)
(1.09141 1.26452 2.2104e-19)
(1.02837 1.2337 -1.07766e-20)
(0.956806 1.20045 -1.21201e-20)
(0.876963 1.16609 0)
(0.786274 1.12847 3.37489e-19)
(0.680547 1.08574 -8.53628e-19)
(0.559306 1.03744 6.16989e-20)
(0.43657 0.987281 -1.90585e-20)
(0.318208 0.935947 1.86736e-18)
(0.264265 1.1613 0)
(0.329566 2.75307 -6.03459e-19)
(0.395742 3.44493 0)
(0.35533 3.52633 0)
(0.311033 3.55941 -1.29765e-19)
(0.266439 3.59014 -1.96193e-19)
(0.200604 3.64269 0)
(0.560043 0.611683 1.22576e-19)
(0.818972 0.909419 3.02952e-19)
(1.06904 1.20984 -1.5192e-19)
(1.11345 1.29127 -1.02839e-19)
(1.07981 1.28937 -2.20609e-19)
(1.01703 1.25864 1.03213e-20)
(0.945753 1.22563 2.97715e-20)
(0.866122 1.19173 -1.70752e-19)
(0.775469 1.15502 4.38483e-20)
(0.669448 1.11407 -1.58301e-18)
(0.547365 1.06927 -9.36167e-19)
(0.423215 1.02421 0)
(0.314712 0.999442 -1.04823e-19)
(0.31465 1.64191 -6.40656e-19)
(0.417951 3.23792 2.6694e-19)
(0.449698 3.52335 2.04216e-19)
(0.399537 3.56961 5.47546e-20)
(0.359106 3.61707 5.63308e-20)
(0.311271 3.66808 3.34837e-20)
(0.233892 3.66187 -2.60586e-20)
(0.557845 0.631235 2.51684e-19)
(0.810684 0.929343 4.01875e-19)
(1.05752 1.23437 1.40101e-19)
(1.10081 1.31684 3.84116e-19)
(1.06694 1.31495 2.3905e-19)
(1.0046 1.28425 2.23006e-19)
(0.933887 1.25144 -3.47183e-21)
(0.854737 1.21798 2.12626e-20)
(0.764399 1.18215 1.87984e-19)
(0.658471 1.14297 -4.74435e-20)
(0.536069 1.10161 -7.42936e-21)
(0.411467 1.06187 6.33344e-19)
(0.32037 1.10262 -7.76327e-19)
(0.384085 2.22485 -4.69881e-19)
(0.500815 3.43118 2.1967e-19)
(0.492158 3.56313 1.67608e-19)
(0.453942 3.61633 0)
(0.430051 3.6736 0)
(0.417228 3.63042 0)
(0.3174 3.45327 -1.67297e-19)
(0.553522 0.649807 4.83744e-19)
(0.801205 0.950326 1.88887e-19)
(1.0446 1.26029 4.29753e-19)
(1.08691 1.34366 4.15073e-19)
(1.05306 1.3416 2.39202e-19)
(0.991352 1.31074 -3.67561e-20)
(0.9214 1.278 0)
(0.842941 1.2448 -1.37595e-19)
(0.753193 1.20973 -2.209e-20)
(0.647737 1.17224 6.18641e-19)
(0.525627 1.13416 1.04294e-19)
(0.402519 1.10168 5.0475e-19)
(0.343435 1.28 -7.31195e-19)
(0.466099 2.80939 -2.79046e-19)
(0.56975 3.51213 6.96464e-20)
(0.535149 3.58558 0)
(0.509721 3.6555 0)
(0.480174 3.63405 6.44112e-20)
(0.474162 3.35069 0)
(0.443067 2.36646 0)
(0.548055 0.668133 0)
(0.790955 0.972406 1.9302e-19)
(1.03035 1.28757 -4.25545e-19)
(1.07177 1.37174 4.02495e-19)
(1.0382 1.36939 -1.02756e-20)
(0.977357 1.33825 -2.94102e-20)
(0.908392 1.30539 -9.73531e-20)
(0.830862 1.27228 -1.49171e-20)
(0.742009 1.2378 0)
(0.637439 1.20185 1.04351e-18)
(0.516253 1.16674 5.20734e-21)
(0.397423 1.1462 -4.8673e-19)
(0.383883 1.54289 5.68167e-19)
(0.545314 3.19974 -1.60693e-19)
(0.623287 3.55229 -3.05156e-19)
(0.578187 3.61046 9.16872e-21)
(0.563287 3.63248 -1.7077e-19)
(0.517985 3.43391 2.99428e-19)
(0.369021 2.32245 1.50058e-19)
(-0.0392841 0.0945629 9.53277e-20)
(0.541304 0.686465 0)
(0.779565 0.995771 0)
(1.01461 1.3164 4.32188e-19)
(1.05512 1.40134 4.02762e-19)
(1.02198 1.39874 1.8983e-19)
(0.962221 1.36736 -7.99137e-20)
(0.894458 1.33439 1.55239e-19)
(0.818105 1.30139 6.14548e-21)
(0.730462 1.26757 0)
(0.627192 1.23329 2.26304e-20)
(0.507577 1.20134 3.44257e-20)
(0.397717 1.20357 -4.04884e-19)
(0.441566 1.89829 -5.31314e-19)
(0.62014 3.39846 0)
(0.666158 3.58044 3.99294e-20)
(0.628278 3.6123 0)
(0.585914 3.53049 0)
(0.442873 2.73088 -6.12095e-22)
(0.0498048 0.390558 1.35499e-19)
(-0.10328 -0.16311 7.55351e-20)
(0.533177 0.704702 -2.29814e-19)
(0.76679 1.01999 3.70821e-19)
(0.997288 1.34687 0)
(1.03684 1.43242 -1.27361e-20)
(1.00428 1.42957 -1.19873e-19)
(0.945821 1.39799 2.25627e-19)
(0.879512 1.36493 -1.7863e-19)
(0.804626 1.33206 9.16505e-20)
(0.718562 1.29898 -1.63914e-19)
(0.617088 1.26649 2.37825e-20)
(0.499857 1.23809 -6.53271e-20)
(0.405969 1.2831 3.2809e-19)
(0.513599 2.30954 -9.85232e-20)
(0.688346 3.49948 0)
(0.698042 3.59849 -3.40599e-20)
(0.666052 3.58326 7.6605e-21)
(0.557718 3.18157 -1.42996e-19)
(0.198566 1.12188 1.84358e-19)
(-0.0822551 -0.10918 0)
(-0.0875609 -0.140646 0)
(0.523205 0.72275 4.49164e-19)
(0.752339 1.04504 0)
(0.978064 1.37881 -4.60928e-21)
(1.01675 1.46492 -7.9309e-19)
(0.984962 1.4618 1.43968e-19)
(0.928045 1.43007 3.22786e-19)
(0.863464 1.39693 -2.03115e-19)
(0.790389 1.36421 2.06113e-19)
(0.70632 1.33193 -2.51302e-20)
(0.607203 1.30128 2.37216e-20)
(0.493456 1.27728 -4.30955e-20)
(0.424794 1.39653 -2.55264e-19)
(0.597338 2.75626 -3.2039e-19)
(0.746802 3.55183 -2.80343e-20)
(0.73293 3.59868 1.73314e-21)
(0.680653 3.46738 8.31376e-20)
(0.430046 2.33978 -3.85918e-21)
(-0.002787 0.0692722 9.02746e-20)
(-0.103858 -0.173338 2.09302e-19)
(-0.0722513 -0.113214 -2.48941e-19)
(0.51097 0.740066 2.14256e-19)
(0.735809 1.07039 -3.65943e-19)
(0.956651 1.41198 2.74931e-19)
(0.994661 1.49872 -4.07326e-19)
(0.963874 1.49534 1.57681e-20)
(0.908782 1.46347 0)
(0.846246 1.43027 0)
(0.77536 1.39772 -3.02739e-19)
(0.693766 1.36625 -1.75717e-20)
(0.597649 1.33749 1.38245e-20)
(0.488923 1.31956 2.59293e-19)
(0.455666 1.55472 1.85325e-19)
(0.68068 3.12013 -3.85548e-20)
(0.791313 3.57809 -3.01048e-20)
(0.760795 3.57112 -4.63044e-20)
(0.64797 3.16282 1.87897e-19)
(0.175058 0.820924 0)
(-0.0794255 -0.135461 -4.88153e-19)
(-0.0943543 -0.171264 4.75349e-19)
(-0.0559546 -0.0918193 0)
(0.495917 0.756296 8.61916e-19)
(0.71649 1.09526 -5.34647e-19)
(0.93275 1.44601 -5.3926e-19)
(0.970331 1.53368 -1.89679e-19)
(0.94085 1.53003 -5.35654e-19)
(0.887911 1.49803 3.47881e-19)
(0.827783 1.46478 -1.47706e-19)
(0.759524 1.4324 0)
(0.680922 1.40179 0)
(0.588529 1.37489 5.64952e-20)
(0.486953 1.36633 -2.04421e-19)
(0.49899 1.75887 -3.21002e-20)
(0.752714 3.3451 1.06281e-19)
(0.827601 3.58233 0)
(0.773251 3.4905 2.14256e-19)
(0.532529 2.53248 -9.94084e-20)
(0.0101011 0.0577762 -3.81318e-19)
(-0.106028 -0.195652 0)
(-0.0884644 -0.162153 -3.55479e-19)
(-0.0462106 -0.0782433 0)
(0.477277 0.770273 -6.37288e-19)
(0.693692 1.11881 0)
(0.906091 1.4803 5.4748e-19)
(0.943492 1.56948 1.89504e-19)
(0.915706 1.56561 -1.42116e-19)
(0.865296 1.5335 1.15188e-20)
(0.808003 1.50019 -5.73e-20)
(0.742865 1.468 2.30351e-19)
(0.667813 1.43829 2.08994e-20)
(0.579887 1.4132 0)
(0.488231 1.41901 0)
(0.552627 2.00189 1.57863e-21)
(0.814778 3.46903 -4.79285e-20)
(0.859004 3.57615 0)
(0.758895 3.31499 -1.2698e-19)
(0.335717 1.51553 9.54678e-20)
(-0.108366 -0.124632 5.9862e-20)
(-0.106815 -0.213495 2.76516e-19)
(-0.0668718 -0.146105 2.89489e-19)
(-0.0300335 -0.0577879 0)
(0.454754 0.78123 -2.01653e-19)
(0.666623 1.13985 3.3725e-19)
(0.876287 1.51388 2.60668e-19)
(0.913825 1.60571 -4.46703e-21)
(0.888246 1.60171 -2.66714e-19)
(0.840803 1.56952 0)
(0.786813 1.53618 -1.20256e-19)
(0.725346 1.50418 5.60529e-20)
(0.654464 1.4754 -8.24646e-20)
(0.571711 1.45218 0)
(0.49349 1.47887 3.10468e-20)
(0.614455 2.26853 -1.62866e-20)
(0.865785 3.52965 -5.22299e-20)
(0.880026 3.55056 0)
(0.706307 3.00571 -1.46617e-19)
(0.093769 0.3798 9.88948e-20)
(-0.117954 -0.187548 5.71443e-20)
(-0.124611 -0.218848 1.98352e-19)
(-0.0658544 -0.124756 6.11269e-19)
(-0.0209213 -0.0376277 0)
(0.427331 0.786107 -5.85158e-19)
(0.634521 1.15651 4.98e-19)
(0.842732 1.5458 5.24168e-19)
(0.88115 1.64172 1.96201e-19)
(0.858267 1.63784 2.6723e-19)
(0.814291 1.60562 1.86491e-19)
(0.764135 1.5723 -1.25006e-19)
(0.706935 1.54047 -2.07877e-19)
(0.640905 1.51259 3.29367e-20)
(0.563994 1.49161 -1.98939e-20)
(0.502886 1.54623 -8.74391e-21)
(0.681885 2.55941 -5.98813e-20)
(0.906457 3.55303 1.23981e-19)
(0.889401 3.49574 8.89138e-20)
(0.604051 2.5225 0)
(-0.00660704 0.0376132 -2.0312e-19)
(-0.137355 -0.266422 0)
(-0.117579 -0.25969 -2.46567e-19)
(-0.0544606 -0.136074 2.83641e-19)
(-0.0137289 -0.0356916 -2.90461e-19)
(0.39509 0.782078 1.92575e-19)
(0.59689 1.16589 -1.63089e-19)
(0.804951 1.57476 2.58213e-19)
(0.845176 1.6766 -2.05404e-19)
(0.825608 1.67332 5.40168e-19)
(0.785635 1.6412 -1.81331e-19)
(0.73989 1.60797 -1.19503e-19)
(0.687593 1.57635 -1.55621e-19)
(0.627158 1.54927 -1.83993e-19)
(0.55675 1.53101 1.12294e-19)
(0.515366 1.62125 0)
(0.749198 2.82483 0)
(0.936299 3.5555 -6.90035e-20)
(0.890785 3.39733 -1.2995e-19)
(0.481693 1.94968 2.72093e-19)
(-0.0792255 -0.128763 5.08398e-19)
(-0.0632941 -0.359312 2.20706e-19)
(-0.00990176 -0.2961 -5.82949e-20)
(0.0438478 -0.0935209 3.29525e-20)
(0.0441241 0.0392531 0)
(0.357255 0.767155 -1.4853e-18)
(0.552818 1.16457 6.28495e-19)
(0.762333 1.5983 -2.44567e-19)
(0.805675 1.70952 -3.62012e-19)
(0.79018 1.70729 -5.32767e-19)
(0.754753 1.67549 -1.88214e-19)
(0.714045 1.64248 0)
(0.667292 1.61115 -1.55028e-19)
(0.61318 1.58476 1.88685e-19)
(0.550019 1.5695 5.51541e-20)
(0.529567 1.70223 1.69078e-19)
(0.809697 3.03249 -1.05803e-20)
(0.956236 3.55514 -1.02681e-21)
(0.879888 3.25105 1.18899e-19)
(0.363422 1.32164 1.68225e-19)
(-0.0841929 -0.384228 0)
(-0.0175047 -0.507298 -5.1186e-20)
(0.0893627 -0.277087 -5.11555e-19)
(0.157651 0.058149 -3.43375e-20)
(0.133603 0.228284 0)
(0.313932 0.73797 1.79815e-19)
(0.502668 1.14765 0)
(0.71467 1.61359 4.81937e-19)
(0.762723 1.73857 3.51425e-19)
(0.751961 1.73871 -5.329e-19)
(0.721659 1.70762 1.67059e-19)
(0.68658 1.67503 2.55996e-19)
(0.64603 1.64407 9.13764e-20)
(0.598929 1.61836 1.14244e-19)
(0.543995 1.60612 0)
(0.544053 1.78289 0)
(0.858983 3.17914 1.08705e-19)
(0.962616 3.5549 -8.32795e-20)
(0.827428 3.08597 0)
(0.240586 0.570034 4.97438e-20)
(-0.0766749 -0.52742 -8.10148e-20)
(-0.0618645 -0.54463 1.42496e-19)
(0.0747472 -0.0915247 -6.34595e-19)
(0.161003 0.332931 4.33552e-20)
(0.155372 0.416583 -6.89723e-21)
(0.265484 0.690397 6.82073e-19)
(0.446928 1.10973 -7.3089e-19)
(0.661613 1.61662 2.23738e-19)
(0.716597 1.7617 1.71952e-19)
(0.711189 1.76638 2.50108e-19)
(0.686472 1.73657 3.57256e-19)
(0.657596 1.70469 0)
(0.623745 1.67416 -1.74114e-19)
(0.584421 1.64918 2.21168e-19)
(0.539055 1.63943 -7.84484e-20)
(0.556561 1.85504 -1.18636e-19)
(0.899068 3.27093 6.53626e-20)
(0.964082 3.57099 1.83916e-19)
(0.714563 2.95228 0)
(-0.0885899 0.309165 0)
(-0.324372 -0.578879 -1.38243e-19)
(-0.218956 -0.496293 0)
(-0.00996418 0.0836251 0)
(0.107435 0.419147 4.81299e-20)
(0.104217 0.338573 9.05595e-19)
(0.216374 0.619391 -1.34332e-18)
(0.381981 1.04593 1.23271e-18)
(0.602716 1.60133 -8.51604e-19)
(0.667791 1.77652 -4.99102e-19)
(0.668175 1.78886 -2.34045e-19)
(0.649509 1.76124 0)
(0.627161 1.73043 0)
(0.600492 1.7005 -1.68739e-19)
(0.569651 1.67604 -6.5464e-20)
(0.535324 1.66786 8.41468e-20)
(0.56576 1.90958 1.3571e-19)
(0.941417 3.31835 -1.01392e-19)
(1.01854 3.59516 -1.56568e-19)
(0.762255 2.94938 -9.67002e-20)
(-0.0538353 0.470722 3.69522e-19)
(-0.407938 -0.835381 3.08816e-19)
(-0.262126 -0.627976 -7.25127e-19)
(-0.0369758 0.0241107 0)
(0.0817045 0.35501 -8.11242e-19)
(0.0711308 0.258003 -1.01587e-18)
(0.161934 0.529175 -6.17172e-19)
(0.30901 0.94862 6.35508e-19)
(0.534546 1.56164 0)
(0.615858 1.77931 3.00624e-19)
(0.623233 1.80445 -1.12248e-20)
(0.611178 1.78071 1.74033e-19)
(0.595428 1.75126 2.47092e-21)
(0.576186 1.72184 -1.67333e-19)
(0.554356 1.69755 6.13662e-20)
(0.532406 1.68959 0)
(0.571547 1.92107 2.58995e-19)
(0.987564 3.30608 1.03873e-19)
(1.11003 3.6013 -1.6757e-19)
(0.950628 2.95803 0)
(0.222949 0.561332 0)
(-0.196214 -0.812432 6.96511e-20)
(-0.20973 -0.64553 3.2498e-19)
(0.0249494 0.032236 0)
(0.0933975 0.328824 8.96902e-19)
(0.0615777 0.228172 -2.08039e-18)
(0.108117 0.412791 6.89564e-20)
(0.232763 0.810897 -1.15472e-19)
(0.459962 1.48306 -5.4611e-19)
(0.559498 1.76521 -2.16063e-19)
(0.577469 1.81167 2.15904e-19)
(0.572036 1.79448 8.79224e-23)
(0.562382 1.7665 1.11747e-19)
(0.550362 1.73715 0)
(0.537633 1.71199 1.17292e-19)
(0.528186 1.70122 -8.53232e-20)
(0.570169 1.89097 1.52204e-19)
(1.0048 3.21079 -4.95999e-21)
(1.12009 3.54306 1.11492e-19)
(0.957677 3.03403 1.8714e-19)
(0.215667 0.787239 9.52998e-20)
(-0.542729 -0.25374 5.20281e-20)
(-0.749007 -0.668049 -2.16197e-19)
(-0.474657 -0.39345 5.07453e-20)
(0.00696584 0.279533 8.65973e-19)
(0.101927 0.384797 3.15285e-20)
(0.0611617 0.276723 -3.23207e-20)
(0.155178 0.621129 1.37789e-21)
(0.37914 1.35138 -1.2402e-19)
(0.49988 1.72443 0)
(0.531863 1.80969 0)
(0.532628 1.80298 7.27235e-20)
(0.527777 1.77597 -1.10737e-19)
(0.521963 1.74601 -1.53317e-19)
(0.517424 1.71829 1.10754e-19)
(0.519485 1.70083 4.05207e-20)
(0.559759 1.83363 -7.62042e-22)
(0.97653 3.04116 7.27933e-21)
(1.13628 3.54923 -1.72897e-19)
(1.00601 3.30223 -2.28796e-20)
(0.399117 1.6768 -1.11222e-19)
(-0.317521 0.470078 5.87121e-19)
(-0.787513 -0.657682 7.72784e-19)
(-0.961437 -1.29778 0)
(-0.761705 -1.43532 -1.44199e-20)
(-0.232333 -0.537239 6.12841e-20)
(0.0267434 0.140857 1.6507e-19)
(0.0852172 0.389374 0)
(0.291829 1.1477 -1.12442e-19)
(0.43533 1.64266 0)
(0.484075 1.79517 -1.32653e-19)
(0.492513 1.80598 -6.70806e-20)
(0.491123 1.78023 5.01301e-20)
(0.489464 1.74917 7.04309e-20)
(0.491273 1.71702 -5.3006e-20)
(0.502608 1.68972 -7.3841e-20)
(0.549822 1.76358 6.56258e-20)
(0.907634 2.7541 0)
(1.22298 3.5172 0)
(1.28955 3.5017 6.68358e-20)
(1.04122 2.56169 2.21437e-19)
(0.497957 1.258 8.18799e-20)
(0.205037 0.0181163 1.05022e-19)
(-0.0442222 -0.961526 8.08044e-19)
(-0.23591 -1.81097 -2.23282e-20)
(-0.266188 -1.8734 -1.73461e-18)
(0.00916927 0.0349637 1.10131e-19)
(0.0363101 0.16864 3.06176e-20)
(0.190597 0.833138 8.22659e-21)
(0.364811 1.50219 1.31687e-20)
(0.43508 1.7627 0)
(0.450383 1.80171 -1.50802e-20)
(0.451268 1.78142 1.15986e-20)
(0.451438 1.74771 3.13317e-22)
(0.455724 1.71069 0)
(0.473558 1.6668 -8.30719e-21)
(0.520856 1.68684 1.13362e-21)
(0.777745 2.2562 0)
(1.21926 3.3183 -4.83534e-20)
(1.39789 3.35848 -3.57868e-21)
(1.40057 3.03251 -3.30821e-20)
(1.1706 2.067 1.90582e-20)
(0.84517 0.924016 0)
(0.503654 -0.109025 2.46776e-20)
(0.236478 -0.979997 -2.37801e-20)
(0.0274094 -1.5541 7.01428e-21)
(-0.000119446 -0.027907 0)
(0.0130286 0.0203166 3.75779e-33)
(0.0889066 0.431631 0)
(0.269014 1.23253 0)
(0.377117 1.68692 0)
(0.403682 1.79014 0)
(0.406314 1.78296 0)
(0.406178 1.74398 -4.69169e-34)
(0.411373 1.69922 0)
(0.422639 1.6435 -9.61506e-34)
(0.466754 1.60636 0)
(0.589107 1.81932 0)
(1.04361 2.90377 0)
(1.22978 3.1968 0)
(1.28592 3.04522 0)
(1.17642 2.50266 0)
(0.92191 1.64378 0)
(0.636189 0.762657 0)
(0.375129 0.00792861 0)
(0.123027 -0.520209 0)
(-0.000177454 -0.0316018 0)
(0.00536758 -0.054755 0)
(0.0378893 0.141309 0)
(0.161046 0.839097 0)
(0.301931 1.53223 0)
(0.349007 1.76313 0)
(0.35521 1.77871 0)
(0.355033 1.74081 0)
(0.358823 1.68844 0)
(0.364555 1.6222 0)
(0.394526 1.55271 0)
(0.437557 1.6302 0)
(0.799087 2.47966 0)
(1.02634 3.06106 0)
(1.05035 3.03783 0)
(1.00977 2.77692 0)
(0.838359 2.15506 0)
(0.598963 1.44449 0)
(0.348373 0.778483 0)
(0.11314 0.246547 0)
(-9.85992e-06 -0.0346458 0)
(0.00435753 -0.096436 0)
(0.023558 0.00615732 0)
(0.0860298 0.504756 0)
(0.222577 1.33011 0)
(0.287876 1.71696 0)
(0.297687 1.77125 0)
(0.297141 1.74035 0)
(0.298176 1.68128 0)
(0.30224 1.60906 0)
(0.310208 1.52946 0)
(0.345032 1.55073 0)
(0.482361 2.09626 0)
(0.802005 2.95608 0)
(0.81458 3.06183 0)
(0.77948 2.97882 0)
(0.65557 2.57821 0)
(0.465742 2.01259 0)
(0.268485 1.45443 0)
(0.0806351 0.955006 0)
(-0.000317934 -0.0354202 0)
(0.00326869 -0.126726 0)
(0.0201607 -0.0724791 0)
(0.0551731 0.298237 0)
(0.151508 1.12593 0)
(0.221415 1.6571 0)
(0.233272 1.7634 0)
(0.234242 1.74095 0)
(0.233923 1.6783 0)
(0.239393 1.60632 0)
(0.237367 1.52474 0)
(0.259225 1.52915 0)
(0.286626 1.83013 0)
(0.557642 2.80812 0)
(0.601077 3.09003 0)
(0.54862 3.09575 0)
(0.47345 2.91041 0)
(0.328159 2.45975 0)
(0.18202 1.98873 0)
(0.0439243 1.47337 0)
(-6.53066e-06 -0.0377495 0)
(0.0139331 -0.179945 0)
(0.0422425 -0.146783 0)
(0.0605646 0.189769 0)
(0.101879 0.96834 0)
(0.152312 1.59912 0)
(0.162193 1.75374 0)
(0.166123 1.73868 0)
(0.169766 1.67382 0)
(0.178039 1.60468 0)
(0.176166 1.52227 0)
(0.183052 1.52138 0)
(0.18245 1.70639 0)
(0.352436 2.63264 0)
(0.410686 3.11205 0)
(0.369679 3.19898 0)
(0.317024 3.12988 0)
(0.21114 2.79065 0)
(0.104701 2.38171 0)
(0.0116466 1.79687 0)
(0.00216834 -0.0698743 0)
(0.0352024 -0.302792 0)
(0.0678826 -0.226316 0)
(0.0664579 0.189699 0)
(0.0542694 0.90907 0)
(0.072529 1.56224 0)
(0.0820626 1.74045 0)
(0.0930587 1.72852 0)
(0.105917 1.66334 0)
(0.120091 1.59725 0)
(0.123533 1.52006 0)
(0.125952 1.52095 0)
(0.128162 1.67201 0)
(0.21179 2.49153 0)
(0.258758 3.12476 0)
(0.229276 3.29078 0)
(0.186317 3.27999 0)
(0.115888 3.02381 0)
(0.0457715 2.65564 0)
(-0.007816 1.95692 0)
(0.00571671 -0.152155 0)
(0.0367342 -0.441002 0)
(0.046385 -0.238949 0)
(0.0192242 0.257189 0)
(-0.0234602 0.945974 0)
(-0.0277606 1.54906 0)
(-0.00799595 1.71756 0)
(0.018197 1.70568 0)
(0.0444828 1.64448 0)
(0.0673487 1.58507 0)
(0.0801675 1.51691 0)
(0.0854813 1.52373 0)
(0.0933225 1.6628 0)
(0.116836 2.3962 0)
(0.147424 3.12411 0)
(0.125437 3.35229 0)
(0.0896432 3.37973 0)
(0.0443872 3.17455 0)
(0.000966754 2.82261 0)
(-0.0189059 1.9526 0)
(0.00346093 -0.229417 0)
(0.00585222 -0.469247 0)
(-0.0259066 -0.152288 0)
(-0.0760107 0.38316 0)
(-0.125799 1.03142 0)
(-0.131374 1.53446 0)
(-0.095178 1.67092 0)
(-0.0498527 1.66593 0)
(-0.00912446 1.61559 0)
(0.0232105 1.56754 0)
(0.044396 1.50874 0)
(0.0540216 1.52124 0)
(0.0647037 1.65967 0)
(0.0605852 2.35746 0)
(0.0664768 3.13308 0)
(0.0512598 3.40032 0)
(0.0246781 3.44901 0)
(-0.00316891 3.26589 0)
(-0.0256555 2.90212 0)
(-0.0204544 1.87245 0)
(-0.000917554 -0.231418 0)
(-0.0323546 -0.349306 0)
(-0.0909285 0.00678526 0)
(-0.155702 0.528742 0)
(-0.202816 1.0996 0)
(-0.197513 1.48425 0)
(-0.150767 1.59908 0)
(-0.0977646 1.60807 0)
(-0.0494661 1.57583 0)
(-0.0111782 1.54143 0)
(0.0143878 1.49445 0)
(0.0292839 1.51406 0)
(0.0403493 1.66143 0)
(0.0268726 2.35889 0)
(0.0144535 3.14954 0)
(0.000403425 3.43699 0)
(-0.0176053 3.4957 0)
(-0.0332195 3.31515 0)
(-0.0414292 2.91629 0)
(-0.0191247 1.745 0)
(-0.00473151 -0.158281 0)
(-0.0491048 -0.153827 0)
(-0.116092 0.198507 0)
(-0.181869 0.670505 0)
(-0.221736 1.13944 0)
(-0.21049 1.42168 0)
(-0.166545 1.52239 0)
(-0.118268 1.54404 0)
(-0.0721102 1.53173 0)
(-0.0343462 1.5133 0)
(-0.00727815 1.47955 0)
(0.00985708 1.5048 0)
(0.0200084 1.66342 0)
(0.000800646 2.3856 0)
(-0.0191242 3.17082 0)
(-0.0312526 3.46489 0)
(-0.042529 3.52251 0)
(-0.0494785 3.33349 0)
(-0.0460211 2.89008 0)
(-0.0161393 1.60962 0)
(-0.00447693 -0.0619695 0)
(-0.0457916 0.0519782 0)
(-0.106206 0.38171 0)
(-0.162017 0.79057 0)
(-0.193434 1.16259 0)
(-0.183871 1.37305 0)
(-0.153215 1.46209 0)
(-0.116298 1.49077 0)
(-0.078901 1.49249 0)
(-0.0466247 1.48644 0)
(-0.021833 1.46307 0)
(-0.00540193 1.49545 0)
(0.00197786 1.66467 0)
(-0.0181651 2.41701 0)
(-0.0400615 3.19243 0)
(-0.05043 3.48397 0)
(-0.0555301 3.53349 0)
(-0.0555406 3.32879 0)
(-0.0452793 2.83176 0)
(-0.0129671 1.4844 0)
(-0.0030543 0.0156296 0)
(-0.032769 0.221786 0)
(-0.0783442 0.531859 0)
(-0.120465 0.886192 0)
(-0.144838 1.18498 0)
(-0.142508 1.348 0)
(-0.125998 1.42476 0)
(-0.10212 1.45293 0)
(-0.0757024 1.46224 0)
(-0.0513678 1.46395 0)
(-0.0315056 1.44929 0)
(-0.0176298 1.48732 0)
(-0.0129166 1.66901 0)
(-0.0332128 2.45209 0)
(-0.0524005 3.2098 0)
(-0.0593756 3.4942 0)
(-0.0598421 3.53244 0)
(-0.0554126 3.31175 0)
(-0.041277 2.76048 0)
(-0.0104069 1.3761 0)
(-0.0015776 0.0636633 0)
(-0.0195633 0.339772 0)
(-0.0506073 0.641827 0)
(-0.080705 0.957756 0)
(-0.0998496 1.20837 0)
(-0.103027 1.3404 0)
(-0.0966566 1.40496 0)
(-0.0835841 1.42921 0)
(-0.0671694 1.44165 0)
(-0.050736 1.44783 0)
(-0.0365575 1.43892 0)
(-0.0264269 1.48194 0)
(-0.0252846 1.6763 0)
(-0.043538 2.48144 0)
(-0.0587659 3.22286 0)
(-0.0619597 3.49734 0)
(-0.0591608 3.52432 0)
(-0.0523117 3.2861 0)
(-0.0368173 2.68599 0)
(-0.00847111 1.28399 0)
(-0.000695914 0.0886857 0)
(-0.0101795 0.411917 0)
(-0.0295078 0.716787 0)
(-0.0501304 1.00939 0)
(-0.0649181 1.23073 0)
(-0.0710138 1.34363 0)
(-0.071001 1.3978 0)
(-0.0653865 1.4169 0)
(-0.0567448 1.42926 0)
(-0.0469329 1.43714 0)
(-0.0386681 1.43198 0)
(-0.0338363 1.48003 0)
(-0.0361035 1.68543 0)
(-0.0507726 2.50081 0)
(-0.0607648 3.23002 0)
(-0.0609781 3.49537 0)
(-0.056129 3.5113 0)
(-0.0484847 3.25797 0)
(-0.0330006 2.61323 0)
(-0.00704795 1.20499 0)
(-0.000234458 0.0997 0)
(-0.00453118 0.451014 0)
(-0.0155197 0.764642 0)
(-0.0289966 1.04555 0)
(-0.0400987 1.2506 0)
(-0.0471232 1.35197 0)
(-0.0504695 1.39778 0)
(-0.0496546 1.41234 0)
(-0.0464073 1.42341 0)
(-0.0419238 1.43164 0)
(-0.03854 1.42934 0)
(-0.038505 1.48181 0)
(-0.0445417 1.69665 0)
(-0.0556788 2.50955 0)
(-0.0592352 3.23202 0)
(-0.0573619 3.48956 0)
(-0.0524808 3.49673 0)
(-0.0450671 3.23048 0)
(-0.0301491 2.54316 0)
(-0.00596214 1.13585 0)
(-1.64419e-05 0.103364 0)
(-0.00158423 0.46975 0)
(-0.00735005 0.793307 0)
(-0.0157465 1.06988 0)
(-0.0236644 1.26709 0)
(-0.0303336 1.36222 0)
(-0.0351402 1.40173 0)
(-0.0369651 1.41267 0)
(-0.0371077 1.4218 0)
(-0.036243 1.42981 0)
(-0.0362791 1.43008 0)
(-0.039412 1.48685 0)
(-0.047342 1.70783 0)
(-0.0561523 2.50946 0)
(-0.0552979 3.23144 0)
(-0.0534883 3.48303 0)
(-0.0491971 3.48365 0)
(-0.043021 3.20524 0)
(-0.0285382 2.47441 0)
(-0.00516438 1.07363 0)
(6.71252e-05 0.103664 0)
(-0.000328076 0.477828 0)
(-0.00332681 0.809725 0)
(-0.00840321 1.08551 0)
(-0.0137087 1.27977 0)
(-0.0192628 1.37216 0)
(-0.0241025 1.40732 0)
(-0.0271507 1.41552 0)
(-0.0290959 1.42279 0)
(-0.0302535 1.43016 0)
(-0.0313118 1.4328 0)
(-0.0344927 1.49234 0)
(-0.0416661 1.719 0)
(-0.0517143 2.50354 0)
(-0.0489094 3.23024 0)
(-0.0488515 3.47926 0)
(-0.0475637 3.47399 0)
(-0.0429581 3.18273 0)
(-0.028329 2.40424 0)
(-0.00470147 1.01537 0)
(8.84288e-05 0.102844 0)
(-3.21449e-06 0.481549 0)
(-0.00188543 0.819434 0)
(-0.00502762 1.09512 0)
(-0.00829189 1.28894 0)
(-0.0125806 1.38072 0)
(-0.0167122 1.41305 0)
(-0.0199776 1.41947 0)
(-0.0225034 1.4249 0)
(-0.024227 1.43111 0)
(-0.0248409 1.43462 0)
(-0.0238533 1.49538 0)
(-0.0278984 1.73003 0)
(-0.0418529 2.50053 0)
(-0.0421804 3.23345 0)
(-0.0470523 3.48122 0)
(-0.0486228 3.47087 0)
(-0.0457632 3.16175 0)
(-0.0295385 2.32872 0)
(-0.00461307 0.95802 0)
(7.18508e-05 0.101978 0)
(-0.000113408 0.484378 0)
(-0.00178736 0.826295 0)
(-0.00402179 1.10091 0)
(-0.00579529 1.29479 0)
(-0.00867136 1.3877 0)
(-0.0121588 1.41814 0)
(-0.0151734 1.4234 0)
(-0.017724 1.42714 0)
(-0.0190909 1.43182 0)
(-0.0177158 1.43418 0)
(-0.0123877 1.49385 0)
(-0.0113163 1.73973 0)
(-0.0307884 2.50889 0)
(-0.0380734 3.24482 0)
(-0.0480969 3.49085 0)
(-0.0524977 3.47264 0)
(-0.0509036 3.13981 0)
(-0.031543 2.24338 0)
(-0.00489411 0.899394 0)
(4.75165e-05 0.101528 0)
(-0.000369622 0.487783 0)
(-0.00221121 0.832597 0)
(-0.00422414 1.10457 0)
(-0.0049751 1.29797 0)
(-0.00672206 1.39242 0)
(-0.00924603 1.42233 0)
(-0.0118887 1.42662 0)
(-0.0146456 1.4291 0)
(-0.0158288 1.43188 0)
(-0.0130378 1.43116 0)
(-0.00415692 1.48772 0)
(0.00114764 1.74827 0)
(-0.0250497 2.53285 0)
(-0.0414122 3.26499 0)
(-0.0550992 3.50659 0)
(-0.0613091 3.47797 0)
(-0.0571699 3.11144 0)
(-0.0325106 2.14652 0)
(-0.00516342 0.839588 0)
(2.07826e-05 0.101608 0)
(-0.000608347 0.492024 0)
(-0.00263625 0.839345 0)
(-0.00481895 1.1076 0)
(-0.00509362 1.29883 0)
(-0.00583812 1.39564 0)
(-0.00772269 1.42555 0)
(-0.0100889 1.42979 0)
(-0.013071 1.4313 0)
(-0.0148299 1.43198 0)
(-0.0134675 1.42774 0)
(-0.00520903 1.47866 0)
(0.000590892 1.75782 0)
(-0.0301772 2.57211 0)
(-0.0540696 3.29127 0)
(-0.0674788 3.52263 0)
(-0.071405 3.47935 0)
(-0.0625254 3.06899 0)
(-0.0316889 2.04099 0)
(-0.00524268 0.78045 0)
(-6.06596e-06 0.10215 0)
(-0.000797207 0.496918 0)
(-0.00286951 0.846643 0)
(-0.00536304 1.11089 0)
(-0.00541228 1.29833 0)
(-0.00505322 1.3978 0)
(-0.00668893 1.4286 0)
(-0.00938687 1.43314 0)
(-0.0127191 1.43401 0)
(-0.0163832 1.43359 0)
(-0.0195548 1.42663 0)
(-0.0160472 1.47073 0)
(-0.0151767 1.77077 0)
(-0.0469613 2.62101 0)
(-0.0731633 3.31742 0)
(-0.081577 3.53119 0)
(-0.079781 3.46967 0)
(-0.0640059 3.00679 0)
(-0.0289782 1.93431 0)
(-0.0047467 0.725447 0)
(-3.08635e-05 0.10309 0)
(-0.000964193 0.502333 0)
(-0.00304083 0.854105 0)
(-0.00572852 1.11507 0)
(-0.00582363 1.29633 0)
(-0.00469536 1.39781 0)
(-0.00520413 1.43157 0)
(-0.00810185 1.43684 0)
(-0.0123856 1.43803 0)
(-0.0186064 1.43797 0)
(-0.0271593 1.43033 0)
(-0.0335041 1.46894 0)
(-0.0410629 1.78679 0)
(-0.0713542 2.66898 0)
(-0.0932256 3.33769 0)
(-0.0935383 3.52675 0)
(-0.0842036 3.44473 0)
(-0.0615492 2.92803 0)
(-0.0256685 1.83362 0)
(-0.00393243 0.67729 0)
(-4.21152e-05 0.104366 0)
(-0.00110695 0.507825 0)
(-0.00310682 0.860804 0)
(-0.00553442 1.1202 0)
(-0.00654827 1.29408 0)
(-0.00446555 1.39652 0)
(-0.00389161 1.43349 0)
(-0.0063462 1.44079 0)
(-0.0113566 1.44334 0)
(-0.0189685 1.44433 0)
(-0.0321055 1.44087 0)
(-0.0515904 1.47859 0)
(-0.0689988 1.8072 0)
(-0.0923227 2.70786 0)
(-0.105403 3.34423 0)
(-0.0987275 3.50971 0)
(-0.0827601 3.40519 0)
(-0.0557958 2.8413 0)
(-0.0222873 1.74259 0)
(-0.00286506 0.637139 0)
(-5.73651e-05 0.105914 0)
(-0.00126972 0.513299 0)
(-0.00314163 0.866516 0)
(-0.00519043 1.12607 0)
(-0.00692523 1.29322 0)
(-0.00492435 1.39314 0)
(-0.00317008 1.43353 0)
(-0.00419794 1.44439 0)
(-0.0089747 1.44889 0)
(-0.0173521 1.45285 0)
(-0.0340228 1.45675 0)
(-0.0627316 1.50078 0)
(-0.0890822 1.83036 0)
(-0.100457 2.73142 0)
(-0.106117 3.34096 0)
(-0.096051 3.4853 0)
(-0.0773943 3.35754 0)
(-0.0494104 2.756 0)
(-0.0187771 1.65997 0)
(-0.00172075 0.605645 0)
(-0.000632853 0.319457 0)
(-0.00251412 0.709337 0)
(-0.00384319 1.01465 0)
(-0.00449066 1.22397 0)
(-0.00474 1.34606 0)
(-0.00206335 1.41131 0)
(0.000924331 1.43932 0)
(0.00186181 1.4517 0)
(-0.000946411 1.4616 0)
(-0.0115542 1.47699 0)
(-0.0330273 1.50344 0)
(-0.0601231 1.64753 0)
(-0.0884677 2.24486 0)
(-0.0903322 3.11219 0)
(-0.0850264 3.42428 0)
(-0.0747594 3.41159 0)
(-0.0574675 3.02125 0)
(-0.0318266 2.09799 0)
(-0.00809384 0.997216 0)
(-0.000678731 0.581948 0)
(-0.089758 0.62569 -2.19693e-19)
(0.171748 3.1341 -1.07535e-19)
(0.204383 3.60837 -6.18273e-20)
(0.181773 3.58771 -7.04958e-20)
(0.164873 3.52179 1.52431e-20)
(0.151574 3.48161 8.198e-22)
(0.127442 3.45094 -1.31009e-20)
(0.118392 3.43915 -1.64513e-20)
(0.101551 3.34785 4.13348e-19)
(0.0717088 2.42602 4.69489e-19)
(-0.0320206 1.21753 0)
(0.0743657 3.1503 4.54375e-22)
(0.100273 3.54317 1.25039e-19)
(0.101732 3.53311 2.62953e-19)
(0.0984176 3.48669 2.95069e-19)
(0.0926191 3.45519 1.1836e-20)
(0.0851397 3.43569 4.08142e-19)
(0.0747444 3.42994 4.45268e-19)
(0.0576553 3.32568 4.46698e-19)
(0.0261429 2.24452 -3.64546e-21)
(-0.0265705 1.04795 1.04559e-19)
(0.0464673 3.06597 -1.64779e-19)
(0.0590302 3.4959 2.31959e-19)
(0.0620125 3.49499 0)
(0.0619719 3.45888 7.12538e-19)
(0.06046 3.43476 0)
(0.0576872 3.42209 -1.3976e-20)
(0.0543401 3.42354 4.76025e-19)
(0.0489303 3.34114 7.58439e-21)
(0.029045 2.31367 5.05859e-19)
(-0.0180705 0.946483 -2.59253e-19)
(0.0199084 3.02205 -2.37319e-21)
(0.0300329 3.46265 -4.87029e-21)
(0.0349784 3.46442 0)
(0.037667 3.43489 -1.24486e-20)
(0.0396071 3.41608 -4.31527e-19)
(0.0414011 3.40811 4.76943e-19)
(0.0435367 3.41313 0)
(0.0438194 3.34775 5.05398e-19)
(0.0297468 2.37834 2.05608e-21)
(-0.0132501 0.892867 -1.62254e-19)
(0.000902758 3.01263 -1.72567e-19)
(0.0110214 3.43741 1.65269e-19)
(0.0168464 3.43822 2.0163e-19)
(0.0219768 3.4129 2.13095e-19)
(0.0267511 3.3975 2.32411e-19)
(0.0318288 3.39219 -2.45735e-19)
(0.0373502 3.39922 -2.72763e-19)
(0.0410244 3.34912 -2.52661e-19)
(0.0315986 2.44098 -2.82704e-19)
(-0.0105223 0.873168 -2.79348e-21)
(-0.00939901 3.02315 -3.23871e-21)
(-0.00168067 3.41667 -2.28625e-19)
(0.00497772 3.41395 -2.22385e-19)
(0.0117563 3.39119 -2.46011e-19)
(0.0187468 3.3778 -2.58586e-19)
(0.0262103 3.37399 -2.70685e-19)
(0.0341666 3.38233 2.81595e-19)
(0.0403338 3.34611 -2.75502e-19)
(0.0351599 2.50424 -2.97205e-19)
(-0.00960632 0.871816 2.01677e-19)
(-0.0169494 3.04627 2.2374e-19)
(-0.0117144 3.39792 3.29104e-21)
(-0.00340247 3.38989 -2.4212e-19)
(0.00478067 3.36848 0)
(0.0135877 3.35614 3.02297e-19)
(0.0231063 3.35314 -4.55334e-20)
(0.0332113 3.36227 2.91921e-19)
(0.0420084 3.33862 0)
(0.0405104 2.5692 3.12059e-19)
(-0.0105802 0.888796 -3.60017e-21)
(-0.0242924 3.07681 1.45581e-20)
(-0.0202437 3.37846 5.09565e-19)
(-0.0103134 3.36429 0)
(-0.000611306 3.34346 -2.36234e-22)
(0.0100717 3.3315 2.88952e-19)
(0.0216884 3.32885 -1.92766e-20)
(0.0340655 3.33836 3.24137e-19)
(0.0458272 3.32606 -3.36005e-19)
(0.0475936 2.63763 5.29542e-21)
(-0.0130556 0.925048 -2.42971e-19)
(-0.0334467 3.11008 1.24288e-20)
(-0.0292316 3.35573 -1.74146e-20)
(-0.0171012 3.33528 -2.85792e-19)
(-0.00538671 3.31449 -2.37827e-22)
(0.00750952 3.3026 2.00671e-20)
(0.0215042 3.30011 -2.08752e-20)
(0.0363834 3.30978 -1.07856e-20)
(0.0514108 3.30761 1.11124e-20)
(0.0562595 2.70993 3.74075e-19)
(-0.0190282 0.995393 -2.77472e-19)
(-0.0455054 3.14138 -2.96306e-19)
(-0.039469 3.32687 -2.95186e-19)
(-0.0243828 3.30086 0)
(-0.0098333 3.28003 3.266e-19)
(0.00576432 3.26835 -3.78668e-19)
(0.0223674 3.26618 3.77552e-19)
(0.0398655 3.27601 0)
(0.0579777 3.28246 -3.68011e-19)
(0.0658751 2.78463 2.10224e-19)
(-0.0290532 1.11909 0)
(-0.0600358 3.16519 4.93299e-21)
(-0.0503758 3.28963 1.62216e-21)
(-0.0316279 3.2598 1.71584e-19)
(-0.0137058 3.23977 -1.88041e-19)
(0.0048041 3.22885 -1.71545e-19)
(0.0239652 3.2272 -1.94035e-19)
(0.0439471 3.23712 0)
(0.0644479 3.25024 -2.15504e-19)
(0.0754684 2.86008 2.1737e-19)
(-0.0411609 1.31616 -5.25898e-21)
(-0.0735084 3.17534 3.51026e-19)
(-0.0596815 3.24392 1.56242e-19)
(-0.0370069 3.21317 1.89233e-19)
(-0.0162411 3.1952 0)
(0.00419996 3.18562 4.18639e-19)
(0.0250406 3.18453 4.60422e-19)
(0.046952 3.1941 1.40573e-20)
(0.0693343 3.21159 0)
(0.0842434 2.93067 -7.47196e-21)
(-0.0518502 1.59226 -1.93522e-19)
(-0.0834967 3.17009 2.09764e-19)
(-0.0627616 3.1916 -1.26872e-20)
(-0.0387691 3.16326 2.17906e-19)
(-0.0170409 3.14749 4.68724e-19)
(0.0037929 3.13931 1.36245e-22)
(0.0249123 3.13925 -2.31225e-19)
(0.0471367 3.14896 0)
(0.0702456 3.16899 2.15795e-20)
(0.0906284 2.99287 0)
(-0.0557707 1.93875 -6.55031e-21)
(-0.0840886 3.14856 -1.99573e-19)
(-0.0611061 3.13639 -1.5651e-19)
(-0.0391038 3.11029 0)
(-0.017496 3.09594 6.01529e-20)
(0.00398725 3.08927 9.79581e-23)
(0.0256063 3.09072 -1.57783e-19)
(0.0466665 3.10166 -1.6569e-20)
(0.0672525 3.12417 1.70078e-20)
(0.0924991 3.04054 0)
(-0.0576203 2.33648 -1.10979e-19)
(-0.0828116 3.10645 1.43902e-19)
(-0.0603824 3.07559 1.05102e-19)
(-0.0382896 3.05425 1.24102e-19)
(-0.0163514 3.04466 3.3549e-20)
(0.00424172 3.04092 6.78269e-20)
(0.0246955 3.04251 3.45152e-20)
(0.0453362 3.05136 1.22656e-19)
(0.066243 3.07193 1.25954e-19)
(0.0936788 3.06015 8.01362e-21)
(-0.0539134 2.71476 5.49189e-20)
(-0.0775216 3.0348 -8.98425e-21)
(-0.0425834 3.01691 0)
(-0.0224458 3.01004 3.37982e-20)
(-0.0084272 3.00848 -1.01742e-19)
(0.00293416 3.00827 8.67708e-22)
(0.0144695 3.008 -7.19811e-20)
(0.0277123 3.01096 1.76991e-20)
(0.0481086 3.01814 -2.01882e-20)
(0.0862034 3.0274 0)
(0.77365 -0.0450663 0)
(1.00743 -0.0768858 0)
(0.999193 -0.0411421 0)
(0.999907 -0.0220071 0)
(1.00006 -0.0116744 0)
(1.00007 -0.00663357 0)
(1.00006 -0.00391138 0)
(1.00003 -0.0022858 0)
(1 -0.00121672 0)
(0.999992 -0.00043061 0)
(0.999992 0.000268078 0)
(0.999992 0.000965525 0)
(1 0.00182549 0)
(1.00002 0.00309296 0)
(1.00003 0.00516169 0)
(1.00002 0.00878841 0)
(0.999935 0.0159142 0)
(0.999611 0.0305916 0)
(1.00215 0.0568417 0)
(0.985003 0.088466 0)
(0.842511 -0.0556527 0)
(1.0942 -0.0728286 0)
(1.06564 -0.0595543 0)
(1.03462 -0.0453713 0)
(1.01748 -0.0319529 0)
(1.00892 -0.021057 0)
(1.0048 -0.0132384 0)
(1.00278 -0.00778042 0)
(1.00178 -0.0037653 0)
(1.00138 -0.000385075 0)
(1.00149 0.0028219 0)
(1.00212 0.00633621 0)
(1.00352 0.0108601 0)
(1.00636 0.0172655 0)
(1.01224 0.0265366 0)
(1.02442 0.0387436 0)
(1.04758 0.0525705 0)
(1.08697 0.0680898 0)
(1.04536 0.0743409 0)
(0.360756 0.0151895 0)
(0.630774 -0.0168171 0)
(0.943641 -0.0411337 0)
(1.10667 -0.0513614 0)
(1.08078 -0.0440187 0)
(1.05102 -0.0365565 0)
(1.03084 -0.0294166 0)
(1.01814 -0.0220034 0)
(1.01079 -0.0149018 0)
(1.00681 -0.00865718 0)
(1.00487 -0.00318652 0)
(1.00446 0.00197878 0)
(1.00553 0.00720086 0)
(1.0083 0.0128211 0)
(1.01371 0.0193463 0)
(1.02342 0.0265634 0)
(1.0396 0.0337271 0)
(1.06424 0.0407582 0)
(1.0994 0.0491865 0)
(1.07529 0.0506985 0)
(0.629862 0.0168993 0)
(0.516964 -0.00692125 0)
(0.830709 -0.0225143 0)
(1.0952 -0.0412522 0)
(1.09457 -0.0394026 0)
(1.0641 -0.03325 0)
(1.04333 -0.0273882 0)
(1.0289 -0.0217364 0)
(1.01906 -0.015885 0)
(1.0129 -0.00979132 0)
(1.00961 -0.00363255 0)
(1.00888 0.00259913 0)
(1.01071 0.00873029 0)
(1.01521 0.0146108 0)
(1.02299 0.0203423 0)
(1.03489 0.0258204 0)
(1.05213 0.0313428 0)
(1.07735 0.0371769 0)
(1.10469 0.0421528 0)
(1.01723 0.0358708 0)
(0.515203 0.00702306 0)
(0.452763 -0.00424317 0)
(0.744623 -0.0140155 0)
(1.07121 -0.0331167 0)
(1.10208 -0.0346369 0)
(1.07321 -0.0304903 0)
(1.05147 -0.0257373 0)
(1.03665 -0.02061 0)
(1.02626 -0.0152673 0)
(1.01917 -0.00960013 0)
(1.01501 -0.00345551 0)
(1.01399 0.00307792 0)
(1.01632 0.00935601 0)
(1.02167 0.0149168 0)
(1.03014 0.0200333 0)
(1.04238 0.0249484 0)
(1.06021 0.0296604 0)
(1.08672 0.0339607 0)
(1.10249 0.0361238 0)
(0.954498 0.0261497 0)
(0.449948 0.0043689 0)
(0.409541 -0.00301195 0)
(0.679911 -0.00981144 0)
(1.04085 -0.0269995 0)
(1.10517 -0.0305285 0)
(1.08129 -0.0275055 0)
(1.05862 -0.0236681 0)
(1.04312 -0.0192974 0)
(1.03234 -0.014328 0)
(1.02493 -0.00888672 0)
(1.0204 -0.00291445 0)
(1.0192 0.00351567 0)
(1.02166 0.00961496 0)
(1.02722 0.0148825 0)
(1.03591 0.0196268 0)
(1.04861 0.0238863 0)
(1.06722 0.0276095 0)
(1.09417 0.0310272 0)
(1.09375 0.0315089 0)
(0.895649 0.0199563 0)
(0.40542 0.00316372 0)
(0.377811 -0.00227038 0)
(0.630416 -0.0073286 0)
(1.00827 -0.0221709 0)
(1.10549 -0.0271771 0)
(1.08822 -0.0249126 0)
(1.0651 -0.0214737 0)
(1.04914 -0.0176202 0)
(1.03796 -0.0131256 0)
(1.03025 -0.0079775 0)
(1.02551 -0.00220678 0)
(1.02415 0.00401101 0)
(1.02657 0.00985185 0)
(1.03219 0.014787 0)
(1.04111 0.0190207 0)
(1.05416 0.0226344 0)
(1.07325 0.0258006 0)
(1.09891 0.028671 0)
(1.07977 0.0277842 0)
(0.84345 0.0157555 0)
(0.372089 0.0024532 0)
(0.353542 -0.00175475 0)
(0.591727 -0.00565476 0)
(0.976073 -0.0182515 0)
(1.1034 -0.0242047 0)
(1.09452 -0.022681 0)
(1.07101 -0.0194322 0)
(1.05472 -0.0158443 0)
(1.04328 -0.0116837 0)
(1.03531 -0.0068626 0)
(1.03033 -0.00135359 0)
(1.02879 0.00460541 0)
(1.03111 0.010127 0)
(1.03677 0.0146488 0)
(1.04579 0.0183927 0)
(1.059 0.0215626 0)
(1.0785 0.0243863 0)
(1.10114 0.0267049 0)
(1.06225 0.0246307 0)
(0.798032 0.012789 0)
(0.345868 0.00197572 0)
(0.334584 -0.00137282 0)
(0.560974 -0.0044406 0)
(0.945726 -0.0150575 0)
(1.09913 -0.0214933 0)
(1.0999 -0.0205746 0)
(1.07655 -0.0175141 0)
(1.05993 -0.0140971 0)
(1.0483 -0.0101328 0)
(1.04012 -0.00556173 0)
(1.03491 -0.000330141 0)
(1.03315 0.00533123 0)
(1.03534 0.0104878 0)
(1.04094 0.0146015 0)
(1.04995 0.0179554 0)
(1.06326 0.0207728 0)
(1.0831 0.0232828 0)
(1.10189 0.0250875 0)
(1.04246 0.0219885 0)
(0.75855 0.0106591 0)
(0.324527 0.00164086 0)
(0.319605 -0.00107698 0)
(0.536264 -0.00351254 0)
(0.917994 -0.0124222 0)
(1.09323 -0.0189526 0)
(1.10446 -0.018526 0)
(1.08187 -0.0156296 0)
(1.06491 -0.0123196 0)
(1.05308 -0.00848919 0)
(1.04472 -0.00410229 0)
(1.03928 0.000885032 0)
(1.03727 0.00622311 0)
(1.03924 0.0110002 0)
(1.04469 0.0147275 0)
(1.05364 0.0177234 0)
(1.06707 0.0202241 0)
(1.08714 0.0224633 0)
(1.10116 0.0237425 0)
(1.02133 0.0197987 0)
(0.723954 0.00910667 0)
(0.306648 0.0014019 0)
(0.307745 -0.000837472 0)
(0.516343 -0.00276887 0)
(0.893232 -0.0101978 0)
(1.08629 -0.0165305 0)
(1.10825 -0.0164964 0)
(1.08707 -0.0137549 0)
(1.06976 -0.0104995 0)
(1.0577 -0.00674981 0)
(1.04914 -0.00248456 0)
(1.04345 0.00230493 0)
(1.04113 0.00732977 0)
(1.04282 0.0117381 0)
(1.04806 0.0151118 0)
(1.05691 0.0177751 0)
(1.07045 0.0199709 0)
(1.09075 0.0219549 0)
(1.09888 0.0226777 0)
(0.999519 0.0180249 0)
(0.693257 0.00797509 0)
(0.291253 0.00123363 0)
(0.298441 -0.000635219 0)
(0.500369 -0.00214633 0)
(0.87158 -0.00826884 0)
(1.07883 -0.0141816 0)
(1.11153 -0.0144149 0)
(1.0922 -0.0118089 0)
(1.07455 -0.00856435 0)
(1.06222 -0.00484972 0)
(1.05341 -0.000669188 0)
(1.04741 0.0039572 0)
(1.04473 0.0087176 0)
(1.04606 0.012775 0)
(1.05104 0.015775 0)
(1.05979 0.018093 0)
(1.07342 0.019983 0)
(1.09358 0.0216869 0)
(1.095 0.0218783 0)
(0.977441 0.0166251 0)
(0.665618 0.00715774 0)
(0.277636 0.0011181 0)
(0.29133 -0.000454561 0)
(0.487791 -0.00159675 0)
(0.853074 -0.00653171 0)
(1.07135 -0.0118561 0)
(1.1146 -0.0122517 0)
(1.09732 -0.00972033 0)
(1.07934 -0.00643982 0)
(1.06669 -0.00271077 0)
(1.05755 0.00143254 0)
(1.05118 0.00592768 0)
(1.04804 0.0104343 0)
(1.04895 0.0141361 0)
(1.05363 0.0167611 0)
(1.06225 0.0187177 0)
(1.07596 0.0202896 0)
(1.09556 0.0216629 0)
(1.08959 0.0213381 0)
(0.955323 0.015565 0)
(0.640325 0.00658274 0)
(0.265265 0.0010434 0)
(0.286207 -0.000282565 0)
(0.478276 -0.0010811 0)
(0.83774 -0.00489074 0)
(1.06429 -0.00948456 0)
(1.11752 -0.00993208 0)
(1.10248 -0.00744131 0)
(1.08419 -0.00408801 0)
(1.07118 -0.000282717 0)
(1.06165 0.00387931 0)
(1.05479 0.00828572 0)
(1.05109 0.0125598 0)
(1.05148 0.015898 0)
(1.05581 0.0181302 0)
(1.06427 0.0197083 0)
(1.07805 0.0209361 0)
(1.09661 0.021921 0)
(1.08273 0.021055 0)
(0.933223 0.0148057 0)
(0.616768 0.00620112 0)
(0.253724 0.00100194 0)
(0.282984 -0.000109848 0)
(0.471658 -0.000573349 0)
(0.825645 -0.00327672 0)
(1.05808 -0.00700208 0)
(1.12044 -0.00736003 0)
(1.10774 -0.00485625 0)
(1.08918 -0.00138026 0)
(1.07577 0.00254764 0)
(1.06578 0.00677293 0)
(1.05835 0.0111342 0)
(1.05396 0.0151791 0)
(1.05371 0.0181342 0)
(1.05759 0.019935 0)
(1.06582 0.0210853 0)
(1.0796 0.0219233 0)
(1.09662 0.0225561 0)
(1.07445 0.0210254 0)
(0.911117 0.0143304 0)
(0.594442 0.0059821 0)
(0.242684 0.000988251 0)
(0.281691 6.85092e-05 0)
(0.467918 -7.15323e-05 0)
(0.816909 -0.00163225 0)
(1.05316 -0.00435138 0)
(1.12355 -0.00447379 0)
(1.11321 -0.00187898 0)
(1.09437 0.00177042 0)
(1.08047 0.00586728 0)
(1.06992 0.0102129 0)
(1.06177 0.0145723 0)
(1.05653 0.0184041 0)
(1.05552 0.0209608 0)
(1.05885 0.0222866 0)
(1.06682 0.0229552 0)
(1.08059 0.0233361 0)
(1.09572 0.0235706 0)
(1.06471 0.0213077 0)
(0.888874 0.0141357 0)
(0.572869 0.00591433 0)
(0.231844 0.00100172 0)
(0.282415 0.000261915 0)
(0.467367 0.000514663 0)
(0.811722 0.000116338 0)
(1.04993 -0.00144626 0)
(1.12704 -0.00119872 0)
(1.11895 0.00155228 0)
(1.09984 0.0054481 0)
(1.08537 0.00980385 0)
(1.07413 0.0143393 0)
(1.06509 0.0187438 0)
(1.05883 0.0223772 0)
(1.05688 0.0244945 0)
(1.05955 0.0252878 0)
(1.06718 0.0254222 0)
(1.08086 0.0252968 0)
(1.09378 0.0250402 0)
(1.05342 0.0219369 0)
(0.86627 0.0142284 0)
(0.551586 0.00599316 0)
(0.220926 0.00104059 0)
(0.28551 0.000519343 0)
(0.469879 0.00116933 0)
(0.810448 0.00200327 0)
(1.04885 0.00180819 0)
(1.13115 0.00260622 0)
(1.12511 0.00561987 0)
(1.10572 0.00986089 0)
(1.0906 0.014559 0)
(1.07849 0.01935 0)
(1.06834 0.0238316 0)
(1.0608 0.0272532 0)
(1.05776 0.0288474 0)
(1.05962 0.0290384 0)
(1.06682 0.0285815 0)
(1.0803 0.0278934 0)
(1.09055 0.0269987 0)
(1.04044 0.0229308 0)
(0.843043 0.0146179 0)
(0.530136 0.00621618 0)
(0.209661 0.00110401 0)
(0.29123 0.000797327 0)
(0.476397 0.00195672 0)
(0.813469 0.00420266 0)
(1.05057 0.0054916 0)
(1.13618 0.007056 0)
(1.13189 0.010491 0)
(1.11214 0.0151843 0)
(1.09624 0.020295 0)
(1.08311 0.0254207 0)
(1.07167 0.0300353 0)
(1.0626 0.0332217 0)
(1.05815 0.0342486 0)
(1.05899 0.0337546 0)
(1.06564 0.0325906 0)
(1.07886 0.031223 0)
(1.0859 0.0295708 0)
(1.0256 0.0244238 0)
(0.818824 0.0153615 0)
(0.508022 0.00660005 0)
(0.197771 0.00119364 0)
(0.300049 0.00115461 0)
(0.487125 0.00288789 0)
(0.821261 0.00681305 0)
(1.05537 0.0096978 0)
(1.1425 0.0122658 0)
(1.13948 0.0162762 0)
(1.11922 0.0215596 0)
(1.10233 0.0272491 0)
(1.08788 0.0328362 0)
(1.07473 0.0376217 0)
(1.06377 0.0405324 0)
(1.05771 0.0408707 0)
(1.0574 0.0395825 0)
(1.0634 0.0376242 0)
(1.07627 0.0354386 0)
(1.07952 0.0328379 0)
(1.00856 0.026491 0)
(0.79311 0.0165034 0)
(0.484671 0.00715187 0)
(0.18497 0.0013061 0)
(0.312664 0.00161735 0)
(0.502891 0.0040678 0)
(0.834394 0.00998254 0)
(1.06394 0.0147041 0)
(1.15056 0.018501 0)
(1.14818 0.023306 0)
(1.12725 0.0293777 0)
(1.10918 0.0358219 0)
(1.09311 0.0419645 0)
(1.07793 0.0469162 0)
(1.06469 0.0494384 0)
(1.0566 0.048941 0)
(1.05488 0.0467363 0)
(1.06004 0.0438809 0)
(1.07227 0.0407432 0)
(1.07103 0.0370619 0)
(0.988944 0.0293166 0)
(0.765272 0.0181437 0)
(0.459395 0.00790572 0)
(0.170956 0.00144154 0)
(0.32994 0.00223402 0)
(0.524626 0.00560366 0)
(0.853647 0.0139293 0)
(1.07709 0.0207427 0)
(1.16097 0.0260854 0)
(1.15841 0.0320233 0)
(1.13649 0.0391201 0)
(1.11683 0.046452 0)
(1.09862 0.053195 0)
(1.08087 0.0582737 0)
(1.0649 0.0602773 0)
(1.05454 0.0587648 0)
(1.05121 0.0554036 0)
(1.05538 0.0515632 0)
(1.06662 0.0473717 0)
(1.06013 0.0424951 0)
(0.966254 0.0331183 0)
(0.734463 0.0204047 0)
(0.431332 0.0088931 0)
(0.155383 0.00160083 0)
(0.353133 0.00310606 0)
(0.553622 0.00772651 0)
(0.880105 0.0190644 0)
(1.09579 0.0282751 0)
(1.17448 0.0355448 0)
(1.17066 0.0430178 0)
(1.14717 0.0514011 0)
(1.12535 0.0597731 0)
(1.10442 0.0671351 0)
(1.08353 0.0721691 0)
(1.06435 0.0733575 0)
(1.05136 0.0705471 0)
(1.04621 0.065846 0)
(1.04924 0.0608468 0)
(1.05893 0.0556523 0)
(1.04648 0.0493076 0)
(0.939822 0.0380351 0)
(0.699645 0.02334 0)
(0.399506 0.0100968 0)
(0.137914 0.00177707 0)
(0.384233 0.00443747 0)
(0.591872 0.0108915 0)
(0.915473 0.0261432 0)
(1.1213 0.0381878 0)
(1.19181 0.0476967 0)
(1.1855 0.0572655 0)
(1.15957 0.067163 0)
(1.13482 0.0766459 0)
(1.11041 0.084446 0)
(1.08572 0.089084 0)
(1.06284 0.0890403 0)
(1.04692 0.0845902 0)
(1.03977 0.0783119 0)
(1.04158 0.072003 0)
(1.04937 0.0658039 0)
(1.02957 0.0576875 0)
(0.908848 0.0441405 0)
(0.659641 0.0269084 0)
(0.363053 0.0114405 0)
(0.11836 0.00195225 0)
(0.426436 0.00669057 0)
(0.642555 0.0160281 0)
(0.962486 0.0364875 0)
(1.15504 0.0522772 0)
(1.21383 0.0641053 0)
(1.20323 0.0766144 0)
(1.17366 0.0880658 0)
(1.14487 0.0983396 0)
(1.11604 0.105985 0)
(1.08685 0.109529 0)
(1.05985 0.107588 0)
(1.04084 0.101015 0)
(1.03166 0.0929122 0)
(1.0322 0.0851384 0)
(1.03775 0.0776977 0)
(1.00873 0.0676547 0)
(0.872246 0.0513234 0)
(0.613321 0.0309071 0)
(0.321581 0.0127819 0)
(0.096866 0.00209382 0)
(0.484837 0.0114282 0)
(0.711697 0.0254334 0)
(1.02579 0.0534661 0)
(1.19816 0.0743275 0)
(1.24151 0.0885505 0)
(1.22359 0.103892 0)
(1.18875 0.116166 0)
(1.15472 0.126148 0)
(1.12064 0.132522 0)
(1.08647 0.133923 0)
(1.05509 0.129195 0)
(1.0329 0.1199 0)
(1.02176 0.109651 0)
(1.02107 0.100265 0)
(1.02367 0.0914166 0)
(0.983066 0.0791593 0)
(0.828628 0.0592118 0)
(0.560135 0.0350143 0)
(0.275936 0.0140122 0)
(0.0743437 0.00217501 0)
(0.568123 0.026136 1.89831e-22)
(0.80742 0.0470378 -8.3236e-20)
(1.10529 0.0843612 -3.23225e-21)
(1.24746 0.109501 -6.92462e-21)
(1.2726 0.126458 0)
(1.24417 0.141938 -1.15627e-20)
(1.20303 0.153204 9.3088e-21)
(1.16303 0.161326 -1.97686e-22)
(1.12321 0.165267 0)
(1.08364 0.163665 0)
(1.04755 0.155577 2.31333e-20)
(1.02187 0.143281 0)
(1.00849 0.130744 6.66393e-20)
(1.00637 0.119755 8.90637e-20)
(1.00545 0.109815 0)
(0.949384 0.0949297 0)
(0.772931 0.0699233 0)
(0.495436 0.040172 -4.89949e-21)
(0.225618 0.0158718 -5.77241e-21)
(0.0518712 0.00278293 -1.04249e-19)
(0.631553 0.0555899 -2.60815e-21)
(0.884458 0.0847889 -7.2775e-20)
(1.17171 0.130903 -1.3702e-20)
(1.28861 0.157955 0)
(1.30004 0.176035 2.31578e-20)
(1.26213 0.189303 8.58484e-20)
(1.21482 0.198473 1.98188e-20)
(1.16879 0.204341 3.27269e-20)
(1.12298 0.205811 5.69812e-20)
(1.07749 0.201394 0)
(1.03584 0.190216 -2.03842e-19)
(1.00567 0.175115 -6.2044e-20)
(0.989126 0.160428 -3.74569e-20)
(0.983974 0.147284 0)
(0.974816 0.134392 -2.06928e-19)
(0.901126 0.11579 -1.53061e-20)
(0.703351 0.0837736 -2.91454e-19)
(0.424938 0.0469191 -6.884e-19)
(0.177228 0.0183832 4.30283e-19)
(0.032085 0.00316798 4.6787e-19)
(0.653798 0.0931765 -5.40484e-20)
(0.926021 0.133321 6.29342e-20)
(1.216 0.189693 1.15265e-20)
(1.31944 0.218011 0)
(1.32125 0.234352 0)
(1.27612 0.243615 8.72031e-20)
(1.22318 0.249153 -3.91471e-20)
(1.17149 0.251631 7.15774e-20)
(1.11997 0.249754 -6.32179e-20)
(1.0688 0.241876 1.04471e-19)
(1.02173 0.227072 0)
(0.987104 0.208742 -1.31497e-19)
(0.9673 0.191659 0)
(0.95875 0.176829 -9.57373e-20)
(0.943374 0.16219 2.84772e-19)
(0.860608 0.139389 -3.18149e-20)
(0.659404 0.0996853 -3.97797e-20)
(0.39271 0.0561246 0)
(0.162762 0.0225659 4.71992e-19)
(0.028101 0.00388606 -5.23058e-19)
(0.654892 0.129472 -8.08504e-20)
(0.942348 0.183918 8.26194e-20)
(1.24242 0.252926 8.84552e-20)
(1.33944 0.283295 0)
(1.33497 0.297251 8.91163e-20)
(1.28479 0.302166 -8.26713e-20)
(1.22745 0.303451 -7.48448e-20)
(1.17095 0.301948 3.26494e-21)
(1.11436 0.296165 -2.59489e-19)
(1.05791 0.284337 0)
(1.00564 0.265604 2.7489e-21)
(0.966759 0.244114 -1.02065e-21)
(0.943919 0.22502 8.69077e-20)
(0.932818 0.20896 1.04159e-19)
(0.91303 0.192407 1.85932e-19)
(0.827226 0.164901 -7.47587e-20)
(0.633275 0.118981 -4.34843e-20)
(0.383821 0.070227 3.59493e-19)
(0.167146 0.0298431 -3.02496e-20)
(0.0322904 0.00578821 5.38848e-19)
(0.647624 0.162202 6.53662e-20)
(0.944866 0.232984 -5.26387e-21)
(1.25621 0.316772 -8.90373e-20)
(1.35061 0.350109 -8.82119e-20)
(1.34178 0.361649 -7.44898e-20)
(1.28807 0.362418 -1.14854e-19)
(1.22744 0.359445 0)
(1.16704 0.353846 0)
(1.10612 0.343973 -1.41514e-19)
(1.045 0.328048 0)
(0.988051 0.305577 -2.56439e-19)
(0.945313 0.281498 1.59419e-19)
(0.919685 0.260936 2.8221e-21)
(0.905851 0.243487 1.16554e-19)
(0.881818 0.223983 -5.46997e-19)
(0.797297 0.191877 -3.24515e-19)
(0.616574 0.141627 -4.32006e-19)
(0.386116 0.08749 9.01044e-19)
(0.178904 0.0399195 1.07247e-18)
(0.0409934 0.00933901 -3.90506e-20)
(0.637373 0.191981 0)
(0.939971 0.279107 0)
(1.26145 0.379379 0)
(1.355 0.416369 7.18377e-20)
(1.34298 0.425782 8.11762e-20)
(1.28672 0.422668 1.66879e-19)
(1.22355 0.41563 -8.15015e-20)
(1.15998 0.406028 2.29912e-19)
(1.09542 0.392123 2.93598e-19)
(1.03031 0.372243 0)
(0.969402 0.346374 -2.75201e-19)
(0.923327 0.320023 1.64738e-19)
(0.894858 0.297851 0)
(0.877455 0.278327 0)
(0.849349 0.255488 -1.49607e-19)
(0.768148 0.219714 2.68481e-19)
(0.603415 0.166316 0)
(0.390822 0.106664 -9.87817e-19)
(0.19145 0.0520465 1.17002e-18)
(0.050217 0.0140145 -1.37279e-18)
(0.626942 0.219562 1.55145e-20)
(0.93154 0.322278 -2.72154e-21)
(1.26087 0.439794 4.32623e-20)
(1.35429 0.480818 -3.37623e-20)
(1.33983 0.488494 0)
(1.28168 0.481826 -7.74505e-20)
(1.21647 0.470977 8.66359e-20)
(1.15029 0.457541 3.22103e-19)
(1.08266 0.439786 -1.47018e-19)
(1.01422 0.416192 2.78376e-19)
(0.950005 0.387094 -1.43989e-19)
(0.900981 0.358215 -1.7969e-19)
(0.869554 0.333717 -2.26201e-19)
(0.848249 0.311381 -1.3288e-19)
(0.817067 0.285502 8.08407e-19)
(0.739903 0.247475 4.81725e-19)
(0.590284 0.191874 1.15618e-19)
(0.393039 0.126641 -5.38207e-19)
(0.201245 0.0649441 -7.92543e-20)
(0.0578074 0.0190899 1.49303e-18)
(0.617304 0.245425 -4.14558e-21)
(0.92167 0.362804 0)
(1.25628 0.497538 -1.24198e-20)
(1.34976 0.542819 -2.46073e-20)
(1.33338 0.549039 1.0831e-20)
(1.27376 0.539185 -8.421e-20)
(1.2069 0.524808 -1.64539e-19)
(1.13854 0.507767 -1.66096e-19)
(1.06834 0.486403 -4.8184e-19)
(0.99708 0.459333 -1.42266e-19)
(0.929983 0.426938 1.5452e-19)
(0.878201 0.394977 -3.95548e-19)
(0.843814 0.367441 1.25294e-21)
(0.818835 0.341988 -2.94716e-19)
(0.785622 0.313622 -1.77013e-19)
(0.713144 0.274028 2.08804e-19)
(0.575953 0.216545 3.69974e-19)
(0.39137 0.146031 0)
(0.206564 0.0772774 -8.60316e-20)
(0.0628176 0.0238583 -1.46804e-18)
(0.608915 0.269914 0)
(0.911558 0.400965 -1.87698e-20)
(1.24909 0.552441 0)
(1.34249 0.60205 2.60265e-20)
(1.32448 0.60704 7.51278e-20)
(1.26366 0.594299 -3.31528e-21)
(1.19545 0.576688 -1.24942e-20)
(1.12528 0.556334 8.14529e-20)
(1.0529 0.531661 8.01499e-20)
(0.979162 0.501304 8.87745e-20)
(0.909403 0.465447 -6.83549e-22)
(0.854962 0.429903 -2.08858e-19)
(0.817752 0.398972 -2.57716e-19)
(0.789718 0.370637 3.12881e-19)
(0.755321 0.340379 -5.67082e-19)
(0.686982 0.299608 2.25957e-19)
(0.559892 0.239694 -5.37172e-19)
(0.385466 0.164113 1.26672e-18)
(0.206598 0.0881233 -9.28602e-20)
(0.0646574 0.0277306 -1.08929e-19)
(0.602022 0.293411 -1.82373e-20)
(0.901882 0.437221 -1.35486e-20)
(1.24028 0.604404 -1.84191e-20)
(1.33323 0.658291 1.35227e-20)
(1.31378 0.662294 4.93073e-20)
(1.25195 0.646927 6.59138e-20)
(1.18263 0.626378 2.61625e-19)
(1.11094 0.60304 3.59881e-19)
(1.03669 0.575384 -9.63741e-20)
(0.96069 0.541923 -3.29067e-19)
(0.888333 0.502465 -3.65578e-19)
(0.831289 0.463061 -4.589e-19)
(0.791554 0.428678 5.55888e-19)
(0.761221 0.397738 -3.44176e-19)
(0.726288 0.365839 2.07986e-19)
(0.661168 0.323484 -7.3265e-19)
(0.541571 0.260559 5.7926e-19)
(0.375327 0.179554 -6.8392e-19)
(0.202178 0.0964233 1.0035e-19)
(0.0637486 0.0302667 -8.65486e-24)
(0.596482 0.316107 2.64176e-20)
(0.892944 0.471841 -2.0215e-20)
(1.23068 0.653387 3.05686e-20)
(1.32254 0.711571 -1.10157e-20)
(1.30176 0.714745 -8.63887e-20)
(1.23912 0.696963 8.45688e-20)
(1.16888 0.673776 0)
(1.09592 0.6478 1.97342e-19)
(1.02001 0.617495 -8.78843e-20)
(0.941857 0.581118 -2.64202e-19)
(0.866889 0.538032 0)
(0.807277 0.494695 2.52797e-19)
(0.765308 0.456922 -3.04049e-19)
(0.733267 0.423512 -1.10424e-18)
(0.698087 0.389845 -2.20643e-19)
(0.635259 0.345259 -4.43732e-21)
(0.521121 0.278561 0)
(0.361247 0.191892 -5.55236e-19)
(0.193588 0.101985 -1.08218e-19)
(0.0603843 0.0313014 -1.27385e-19)
(0.592245 0.338304 -1.33403e-19)
(0.884858 0.505085 6.0297e-21)
(1.22075 0.699795 2.54317e-20)
(1.31077 0.761962 3.41814e-21)
(1.28885 0.764357 -4.21528e-20)
(1.22555 0.744393 5.87452e-20)
(1.15456 0.718869 9.5348e-20)
(1.08053 0.6906 1.02822e-19)
(1.00312 0.657969 -1.03395e-19)
(0.922851 0.618883 -9.88726e-20)
(0.84521 0.57227 -2.08519e-19)
(0.783017 0.52506 -5.30516e-19)
(0.739042 0.483973 1.97127e-21)
(0.705674 0.448057 0)
(0.67029 0.412314 -4.73662e-19)
(0.608904 0.364915 2.86633e-19)
(0.49865 0.293738 -1.52201e-18)
(0.343641 0.200718 0)
(0.181451 0.104664 9.37264e-19)
(0.0551576 0.0310681 0)
(0.588889 0.359981 2.20904e-21)
(0.877638 0.536966 6.5449e-21)
(1.21056 0.743775 -3.33367e-20)
(1.29833 0.809523 0)
(1.27539 0.811186 4.20933e-20)
(1.21155 0.78925 -6.50379e-20)
(1.13997 0.76169 3.87998e-20)
(1.06503 0.731455 -4.81791e-19)
(0.986223 0.696805 1.00201e-19)
(0.903862 0.655246 0)
(0.823461 0.605308 8.83349e-19)
(0.758616 0.554362 2.83859e-19)
(0.712739 0.509986 1.72975e-19)
(0.678259 0.471404 -8.53723e-19)
(0.642637 0.433194 5.13011e-19)
(0.581989 0.382364 0)
(0.473953 0.305911 7.27548e-19)
(0.32285 0.206026 4.29861e-19)
(0.166381 0.104421 1.01204e-18)
(0.048598 0.0295301 -1.18491e-18)
(0.586627 0.381233 -1.09689e-19)
(0.871373 0.567629 8.15884e-20)
(1.20027 0.785451 1.10014e-19)
(1.2855 0.854318 0)
(1.26163 0.855306 3.98212e-22)
(1.19738 0.831609 -1.41542e-19)
(1.12536 0.802294 1.70632e-19)
(1.04962 0.770396 -4.6194e-20)
(0.969514 0.734011 3.1594e-19)
(0.885066 0.690249 8.40705e-19)
(0.801812 0.637267 -2.36644e-19)
(0.734181 0.58277 -1.55539e-19)
(0.686376 0.535068 1.69948e-21)
(0.650843 0.49354 -2.32053e-19)
(0.614913 0.45238 -2.03534e-21)
(0.55446 0.397388 -3.0406e-21)
(0.447498 0.314737 -1.96058e-19)
(0.299478 0.207614 6.94852e-19)
(0.14903 0.10126 1.3604e-19)
(0.0408694 0.0267196 0)
(0.584748 0.401931 6.84193e-20)
(0.86577 0.596968 -5.12613e-20)
(1.19014 0.825133 -6.52156e-20)
(1.2725 0.89644 0)
(1.24778 0.896815 1.83758e-22)
(1.18324 0.87155 0)
(1.11089 0.840745 3.72142e-20)
(1.03449 0.807459 3.53024e-19)
(0.953157 0.769608 3.22689e-19)
(0.866638 0.723926 -1.26263e-20)
(0.780449 0.668246 -3.25251e-21)
(0.709836 0.610429 6.50507e-19)
(0.659927 0.559333 -4.04778e-19)
(0.623257 0.514471 -5.00496e-19)
(0.586907 0.469758 -5.99269e-19)
(0.526239 0.409783 -2.97847e-21)
(0.419482 0.320063 1.43874e-21)
(0.273807 0.205373 1.24703e-18)
(0.130324 0.0954455 -1.17293e-18)
(0.0329483 0.0230517 0)
(0.583296 0.42203 -2.37851e-19)
(0.860829 0.625115 1.30531e-19)
(1.18009 0.862835 1.67876e-19)
(1.25949 0.936006 -1.85625e-19)
(1.23402 0.935815 -8.66522e-21)
(1.1693 0.909162 -9.31052e-20)
(1.09674 0.87711 2.13255e-19)
(1.01976 0.842683 6.78161e-20)
(0.937272 0.803606 -3.42822e-19)
(0.848723 0.756302 -5.47267e-20)
(0.759538 0.698319 -1.27771e-19)
(0.685709 0.637468 -5.16061e-19)
(0.633399 0.582934 -8.69e-19)
(0.595319 0.534279 2.69652e-19)
(0.558371 0.485229 3.18464e-19)
(0.497225 0.419254 -7.66446e-19)
(0.390299 0.321624 9.10164e-19)
(0.24697 0.199464 2.68511e-19)
(0.111375 0.0875729 -3.14864e-19)
(0.0251946 0.0188496 -7.39829e-19)
(0.582128 0.441518 -1.83798e-19)
(0.856391 0.652169 7.71596e-20)
(1.17024 0.89845 5.465e-20)
(1.24663 0.973127 -1.4282e-19)
(1.22046 0.97241 -8.25362e-22)
(1.15567 0.944548 -7.79568e-20)
(1.083 0.911457 -1.31579e-20)
(1.00554 0.876098 -8.55694e-19)
(0.921975 0.836012 -4.09444e-19)
(0.831468 0.787397 -5.72245e-20)
(0.739245 0.727536 0)
(0.661936 0.663999 7.39211e-19)
(0.606806 0.606061 0)
(0.566851 0.553126 -5.70488e-19)
(0.528966 0.49871 0)
(0.467246 0.425377 0)
(0.360279 0.318915 1.41518e-21)
(0.220172 0.190004 -2.88063e-19)
(0.0933301 0.0781887 1.69409e-18)
(0.0181425 0.0144903 1.5897e-18)
(0.581242 0.460306 1.09935e-19)
(0.852217 0.678079 1.7265e-19)
(1.1606 0.93203 -1.1978e-19)
(1.234 1.0079 2.28189e-19)
(1.20723 1.0067 3.86087e-20)
(1.14246 0.977792 -2.45723e-20)
(1.06976 0.943855 8.23269e-21)
(0.991891 0.907745 4.78196e-20)
(0.907345 0.866855 -4.97155e-19)
(0.814965 0.817218 5.96874e-20)
(0.719716 0.755929 7.7934e-20)
(0.638672 0.690123 -7.85926e-19)
(0.580222 0.628915 0)
(0.537693 0.571279 -3.10391e-19)
(0.4982 0.510253 0)
(0.4358 0.427518 -4.44251e-19)
(0.329788 0.31097 -1.0535e-18)
(0.194999 0.17662 -3.10498e-19)
(0.0779081 0.0677526 3.64441e-19)
(0.0124398 0.0104547 -1.06717e-18)
(0.580217 0.478317 0)
(0.848221 0.702816 0)
(1.15124 0.963636 2.13138e-19)
(1.22167 1.04045 1.60598e-19)
(1.19441 1.03882 0)
(1.12973 1.00899 1.01825e-20)
(1.05707 0.974362 0)
(0.978876 0.937656 -4.8945e-19)
(0.893446 0.896148 -1.09299e-20)
(0.799306 0.845772 1.12472e-18)
(0.701067 0.783492 1.33613e-18)
(0.61608 0.71591 -8.33723e-19)
(0.553783 0.6517 -9.26949e-19)
(0.507777 0.589095 0)
(0.465477 0.520192 -1.20631e-18)
(0.401817 0.425194 -9.59388e-19)
(0.298524 0.295993 5.69299e-19)
(0.173764 0.157073 6.65596e-19)
(0.069667 0.0547729 3.90361e-19)
(0.0116835 0.00703041 -1.14414e-18)
(0.579488 0.495693 1.4204e-19)
(0.84455 0.726334 1.10695e-19)
(1.14213 0.993311 -1.60157e-19)
(1.20968 1.07086 1.50746e-19)
(1.18204 1.06885 0)
(1.11754 1.03824 7.79937e-21)
(1.04496 1.00305 1.47216e-19)
(0.966533 0.965874 -3.98723e-19)
(0.880316 0.923908 0)
(0.784549 0.873053 2.22661e-18)
(0.68342 0.810213 -1.32832e-18)
(0.594348 0.74141 6.61625e-19)
(0.527665 0.674586 1.62042e-21)
(0.477187 0.60696 -1.58313e-18)
(0.430282 0.529256 -2.17367e-19)
(0.363437 0.418636 -5.16953e-19)
(0.263718 0.271875 6.11432e-19)
(0.156535 0.123687 0)
(0.0794808 0.0249057 0)
(0.0440302 0.00452649 0)
(0.578506 0.51216 3.24856e-19)
(0.840978 0.74886 3.93793e-19)
(1.13329 1.02121 9.53976e-20)
(1.19799 1.09933 0)
(1.17014 1.09703 1.65756e-19)
(1.10585 1.06579 -5.05385e-21)
(1.03336 1.03019 -2.00071e-20)
(0.954754 0.992708 -8.29799e-19)
(0.867817 0.950473 4.42071e-19)
(0.770517 0.899428 9.9492e-21)
(0.666576 0.836481 -8.29367e-21)
(0.5733 0.767152 0)
(0.501582 0.698216 -1.09744e-18)
(0.445474 0.625541 -3.42542e-19)
(0.391569 0.538766 0)
(0.317411 0.409504 0)
(0.216646 0.238349 0)
(0.127073 0.0658971 -1.90938e-21)
(0.0658156 0.00171974 -8.05559e-19)
(-0.0225964 0.18312 6.87116e-19)
(0.577569 0.527998 2.71622e-19)
(0.837369 0.770307 2.25989e-19)
(1.12471 1.04759 1.10316e-19)
(1.18652 1.12623 2.4385e-19)
(1.15855 1.12387 -2.2343e-20)
(1.09443 1.09228 1.89052e-20)
(1.022 1.05654 2.7776e-20)
(0.94321 1.01903 4.2836e-19)
(0.855531 0.976877 6.82187e-20)
(0.756683 0.926114 -9.96227e-19)
(0.649792 0.863677 0)
(0.551937 0.794708 8.63469e-19)
(0.474102 0.724343 0)
(0.411063 0.646397 -1.20632e-18)
(0.34709 0.550304 4.19133e-19)
(0.258037 0.40054 1.02652e-18)
(0.141112 0.199614 -6.01357e-19)
(0.048027 0.189133 -6.99373e-19)
(0.0104124 0.992445 4.10646e-19)
(0.0438881 2.41716 9.23684e-19)
(0.57695 0.543305 2.07779e-19)
(0.833673 0.790785 0)
(1.11651 1.07246 -2.44625e-19)
(1.17524 1.15147 -3.53171e-19)
(1.1474 1.14926 -3.19631e-20)
(1.08346 1.11754 1.35097e-21)
(1.01105 1.0818 -1.24608e-19)
(0.93208 1.04451 -3.89184e-19)
(0.843706 1.0027 2.71387e-20)
(0.743387 0.952602 -1.13618e-18)
(0.633594 0.891239 -1.35927e-18)
(0.531054 0.823506 7.40795e-19)
(0.446194 0.752871 1.09906e-18)
(0.37528 0.668967 -1.76255e-19)
(0.299718 0.563001 -8.49795e-19)
(0.184742 0.394515 4.91818e-19)
(0.0779829 0.4239 5.96438e-19)
(0.0790285 1.75671 3.53882e-19)
(0.108993 2.95118 -3.97323e-19)
(0.110101 3.33075 -5.72446e-19)
(0.577731 0.558921 0)
(0.829045 0.810149 -3.48973e-19)
(1.10847 1.09586 0)
(1.16404 1.17498 -3.60964e-20)
(1.13684 1.17335 3.33195e-20)
(1.0731 1.14167 -2.11423e-20)
(1.00074 1.10609 9.71865e-20)
(0.921402 1.06917 1.83276e-20)
(0.832416 1.02793 5.07785e-19)
(0.730725 0.978864 -2.15934e-18)
(0.618164 0.919165 0)
(0.510996 0.853478 -8.5298e-19)
(0.418565 0.784521 1.09159e-18)
(0.338322 0.692485 0)
(0.246459 0.571269 -1.38565e-18)
(0.127669 0.559541 -4.78663e-19)
(0.121655 1.80217 5.96867e-19)
(0.164605 3.11115 9.86338e-19)
(0.15176 3.38595 3.3972e-19)
(0.133639 3.44305 -4.75062e-19)
(0.563076 0.573917 -1.86709e-19)
(0.786587 0.791295 1.75275e-19)
(1.08793 1.1102 2.95704e-19)
(1.15177 1.19525 2.24253e-19)
(1.12554 1.19487 5.07059e-20)
(1.06217 1.16334 8.31828e-21)
(0.990802 1.129 -1.26111e-20)
(0.910829 1.0925 5.68448e-19)
(0.82125 1.05202 -4.53686e-19)
(0.718232 1.00423 1.09268e-18)
(0.603112 0.946769 -6.65581e-20)
(0.491592 0.883853 1.04826e-19)
(0.391658 0.818451 -1.45598e-19)
(0.297458 0.713847 -1.74218e-19)
(0.22761 0.615965 -3.71588e-19)
(0.14052 1.09494 -2.12624e-19)
(0.209058 3.08592 6.38724e-19)
(0.215615 3.4054 -4.63475e-20)
(0.189906 3.45373 -4.59348e-19)
(0.156027 3.47206 -5.69533e-19)
(0.273509 0.265754 2.24685e-19)
(0.973379 1.00756 0)
(1.1279 1.18933 5.41532e-20)
(1.13698 1.22528 3.54899e-20)
(1.08496 1.20459 1.17523e-19)
(1.01654 1.17087 0)
(0.94166 1.13599 -8.6217e-21)
(0.857172 1.09869 -2.16596e-20)
(0.76064 1.0563 0)
(0.647722 1.0054 -1.01344e-18)
(0.529111 0.947812 0)
(0.420274 0.887974 -1.01454e-19)
(0.311554 0.811882 0)
(0.225622 0.79466 -1.6198e-19)
(0.198073 1.77199 0)
(0.255289 3.12766 0)
(0.254489 3.42594 3.69873e-19)
(0.227095 3.47493 -4.5084e-19)
(0.198771 3.49443 -5.80409e-19)
(0.179098 3.53485 1.74596e-19)
(0.277056 0.266679 -1.14159e-19)
(0.971093 1.02782 4.89512e-21)
(1.11887 1.21043 -2.48641e-19)
(1.12531 1.24619 -2.98453e-19)
(1.07312 1.22547 1.78537e-19)
(1.00473 1.19217 -1.50494e-20)
(0.92985 1.15786 -7.51632e-20)
(0.845036 1.12126 -4.51631e-20)
(0.747741 1.07997 -4.5338e-19)
(0.633208 1.03116 9.58629e-19)
(0.511606 0.977266 1.12192e-18)
(0.398387 0.921584 -9.16647e-19)
(0.282074 0.859627 -1.29377e-19)
(0.233872 1.15975 0)
(0.288485 2.8019 1.90532e-20)
(0.334927 3.40967 0)
(0.294942 3.49339 -2.94175e-19)
(0.258309 3.52268 -5.23586e-19)
(0.216185 3.5509 -1.2475e-19)
(0.195318 3.6011 4.30321e-20)
(0.259079 0.261609 -2.5308e-19)
(0.967794 1.05177 -3.84853e-19)
(1.11034 1.23467 6.83807e-20)
(1.11485 1.27038 0)
(1.06263 1.24959 1.94212e-19)
(0.994544 1.21664 -9.91941e-21)
(0.919556 1.18264 6.33424e-20)
(0.83473 1.1468 2.29842e-20)
(0.737138 1.10687 4.36937e-19)
(0.621686 1.06065 -1.03544e-18)
(0.497979 1.01109 1.15573e-18)
(0.381873 0.960323 7.46633e-19)
(0.280387 0.948029 0)
(0.290745 1.79918 -5.5285e-19)
(0.377265 3.27701 -5.25863e-19)
(0.384658 3.50464 2.79553e-19)
(0.335773 3.53996 0)
(0.292158 3.56791 1.67984e-19)
(0.236957 3.62106 0)
(0.207361 3.67293 0)
(0.246106 0.261889 0)
(0.962647 1.07757 1.94031e-19)
(1.10074 1.26037 3.83662e-19)
(1.10321 1.29535 3.35561e-19)
(1.05102 1.27445 1.42139e-19)
(0.983312 1.2417 -2.32033e-19)
(0.908559 1.20807 3.70839e-20)
(0.823946 1.17291 0)
(0.726299 1.13429 -4.23875e-20)
(0.610339 1.09064 8.8593e-19)
(0.485348 1.0456 1.0765e-18)
(0.366303 1.00083 9.05506e-20)
(0.293497 1.12057 8.98383e-19)
(0.367333 2.54222 -6.15123e-19)
(0.455548 3.44985 -4.15837e-19)
(0.421144 3.55278 0)
(0.385628 3.5901 0)
(0.3358 3.65148 -3.40403e-20)
(0.285245 3.66145 -6.83276e-20)
(0.218222 3.58771 4.52388e-19)
(0.237082 0.264872 -2.51796e-19)
(0.955324 1.10419 3.73009e-19)
(1.08956 1.28717 -1.38032e-19)
(1.09027 1.3212 -3.31021e-19)
(1.03826 1.30001 -1.91366e-19)
(0.971103 1.26737 -1.43572e-19)
(0.896858 1.23409 1.44215e-20)
(0.812664 1.1995 3.30512e-20)
(0.71523 1.16213 3.85274e-19)
(0.599167 1.12096 -7.93354e-19)
(0.473682 1.08045 5.75642e-20)
(0.35758 1.04857 8.31822e-20)
(0.331075 1.4333 7.18511e-19)
(0.452225 3.10363 -1.89325e-19)
(0.519065 3.52287 3.0528e-19)
(0.467034 3.58168 0)
(0.438365 3.65961 0)
(0.425226 3.67102 0)
(0.391126 3.56088 3.09778e-19)
(0.18686 2.49747 4.59766e-19)
(0.230507 0.2698 -4.83942e-19)
(0.946212 1.13161 0)
(1.07683 1.31505 2.66357e-19)
(1.07619 1.3482 -2.60096e-19)
(1.02458 1.32655 2.48554e-19)
(0.958196 1.29389 1.85959e-19)
(0.884661 1.26078 -2.85217e-20)
(0.801126 1.22663 1.86067e-19)
(0.704244 1.19042 4.24631e-20)
(0.588555 1.15164 -8.15651e-19)
(0.463383 1.11558 -8.92678e-19)
(0.355989 1.1122 6.22711e-19)
(0.389159 1.86351 1.37912e-18)
(0.53148 3.36266 0)
(0.567758 3.56024 1.43504e-19)
(0.522269 3.61579 0)
(0.49922 3.6615 4.8622e-20)
(0.467237 3.54631 -8.8483e-20)
(0.486619 2.99156 -2.13461e-19)
(0.176097 1.20046 -2.65611e-19)
(0.225885 0.275731 0)
(0.935512 1.15984 5.64643e-19)
(1.06262 1.34404 1.37678e-19)
(1.061 1.3764 -2.72804e-19)
(1.01004 1.35418 -5.62172e-20)
(0.944663 1.32135 -1.76654e-19)
(0.872061 1.28822 -3.36344e-20)
(0.789453 1.25436 -2.32585e-19)
(0.693485 1.21915 0)
(0.578668 1.18254 5.66062e-19)
(0.454829 1.15082 -8.02934e-19)
(0.364935 1.20474 6.55819e-20)
(0.459437 2.34136 -1.40316e-19)
(0.602181 3.48027 9.95249e-20)
(0.606154 3.58265 6.74144e-20)
(0.57456 3.63153 0)
(0.54166 3.5834 -1.62547e-19)
(0.479512 3.08963 -1.21918e-19)
(0.147299 0.996601 0)
(-0.114972 -0.160351 -1.17852e-19)
(0.222031 0.282545 -2.33182e-19)
(0.923136 1.18905 -5.48948e-19)
(1.04674 1.37434 5.26387e-19)
(1.04438 1.40611 8.27808e-20)
(0.994252 1.38341 -1.09662e-19)
(0.930088 1.35042 2.25372e-19)
(0.858647 1.31727 2.67472e-20)
(0.777243 1.28373 7.96435e-20)
(0.682545 1.24964 -2.09697e-19)
(0.569101 1.21537 -7.1486e-20)
(0.447917 1.18919 1.32018e-18)
(0.387143 1.34995 0)
(0.540602 2.82417 4.76813e-19)
(0.663862 3.53652 1.74928e-19)
(0.638614 3.6033 -3.72278e-20)
(0.617599 3.60378 0)
(0.536829 3.29178 0)
(0.269734 1.66455 0)
(-0.0700547 -0.0677433 -5.32766e-19)
(-0.0690499 -0.104917 3.15119e-19)
(0.217962 0.289505 -4.26004e-22)
(0.908931 1.21923 3.55987e-19)
(1.02911 1.40601 2.65752e-19)
(1.02617 1.43727 7.07347e-19)
(0.97708 1.41415 5.70849e-21)
(0.914373 1.38102 5.20467e-20)
(0.844361 1.34788 -1.00804e-19)
(0.764489 1.3147 -2.14248e-20)
(0.671477 1.28181 -1.30375e-19)
(0.559989 1.25002 -2.30352e-20)
(0.443545 1.23282 6.23763e-19)
(0.425135 1.56117 -2.4623e-19)
(0.622562 3.19001 0)
(0.713897 3.56947 -7.25314e-20)
(0.678654 3.60298 2.8447e-20)
(0.632016 3.48902 -1.6399e-19)
(0.427867 2.46405 -1.64806e-19)
(0.0167243 0.159995 0)
(-0.0989635 -0.167541 -1.12553e-19)
(-0.0433379 -0.0653813 0)
(0.213179 0.296338 -6.78464e-19)
(0.892651 1.25013 3.47424e-19)
(1.00951 1.43891 -2.64376e-19)
(1.00624 1.4698 0)
(0.958409 1.44631 -1.0955e-19)
(0.897411 1.41307 2.45193e-19)
(0.82914 1.37995 -8.57865e-20)
(0.751164 1.34717 2.76898e-20)
(0.660325 1.31556 -8.78267e-20)
(0.551478 1.28633 -3.27948e-19)
(0.443097 1.28496 4.03647e-19)
(0.480378 1.84866 0)
(0.695601 3.39093 3.07727e-19)
(0.751699 3.58783 -1.7119e-20)
(0.711556 3.57159 6.20644e-20)
(0.596943 3.1381 -1.07329e-19)
(0.172946 0.881496 0)
(-0.0942695 -0.138085 -2.65218e-19)
(-0.0963626 -0.159257 7.5934e-23)
(-0.0314223 -0.0469944 0)
(0.206938 0.302557 -4.42286e-19)
(0.874021 1.28153 -3.46004e-19)
(0.987731 1.47298 2.57846e-19)
(0.984408 1.50362 -6.69717e-21)
(0.938107 1.47979 -1.02613e-19)
(0.879118 1.44645 -2.79269e-19)
(0.812927 1.41336 2.83717e-20)
(0.73727 1.38102 -1.93803e-20)
(0.649148 1.3507 2.23639e-20)
(0.543777 1.32414 -2.05982e-19)
(0.448262 1.35025 0)
(0.547614 2.18355 -1.75568e-19)
(0.760487 3.50026 -8.3279e-20)
(0.786432 3.58884 -6.86245e-21)
(0.725586 3.46701 -1.48847e-19)
(0.468806 2.37649 -1.0328e-19)
(0.00279234 0.0442493 2.7192e-19)
(-0.0968359 -0.180381 -1.57841e-19)
(-0.0801537 -0.139451 4.86946e-20)
(-0.0227486 -0.035706 -5.54312e-20)
(0.19916 0.307515 -4.31288e-19)
(0.852586 1.31304 0)
(0.963499 1.50809 1.1944e-20)
(0.96049 1.53855 1.87509e-19)
(0.916033 1.51444 -2.30692e-19)
(0.859384 1.481 2.28601e-19)
(0.795682 1.44794 0)
(0.722814 1.41607 0)
(0.637991 1.38706 1.22521e-20)
(0.537119 1.36341 -2.74498e-19)
(0.460662 1.4341 -1.93852e-19)
(0.625537 2.56543 3.09646e-20)
(0.814548 3.55136 -1.68255e-20)
(0.814389 3.57316 6.4249e-20)
(0.700241 3.22074 0)
(0.232505 1.09992 6.17844e-19)
(-0.109831 -0.132558 3.86756e-19)
(-0.104136 -0.188519 2.98082e-19)
(-0.0695246 -0.123527 0)
(-0.0178633 -0.0291707 -5.05744e-20)
(0.189616 0.310485 6.37288e-19)
(0.827967 1.34385 -3.32041e-19)
(0.936471 1.54391 -2.51806e-19)
(0.934261 1.57431 -1.45784e-20)
(0.892025 1.54999 1.21124e-19)
(0.838108 1.51647 4.5926e-19)
(0.777359 1.48343 -1.62432e-19)
(0.707804 1.45205 -1.45286e-19)
(0.62689 1.42436 -2.88968e-20)
(0.531693 1.40404 -3.62884e-20)
(0.48104 1.54231 -1.15337e-19)
(0.704787 2.91121 8.59003e-20)
(0.857514 3.57015 -4.98594e-20)
(0.828753 3.52263 9.10181e-20)
(0.61354 2.73517 1.6225e-19)
(0.0586756 0.148149 1.01049e-19)
(-0.105786 -0.214812 -2.37577e-19)
(-0.0891039 -0.190686 0)
(-0.0476997 -0.100119 -3.28101e-19)
(-0.0110241 -0.0196776 9.42157e-20)
(0.17834 0.310712 2.11198e-19)
(0.79942 1.37294 -3.37025e-19)
(0.906385 1.57994 -1.43563e-20)
(0.905476 1.61054 -1.76602e-19)
(0.86593 1.58609 2.38606e-19)
(0.81518 1.5525 1.47091e-19)
(0.757894 1.51949 0)
(0.692234 1.48861 -5.46902e-20)
(0.615865 1.46232 -9.10052e-20)
(0.527633 1.44607 0)
(0.509885 1.67544 6.08176e-20)
(0.779206 3.18392 5.7446e-21)
(0.891221 3.57287 1.07077e-19)
(0.826308 3.41348 0)
(0.46245 2.03007 0)
(-0.10674 -0.0814359 9.42363e-20)
(-0.139205 -0.225539 -2.76695e-19)
(-0.0980525 -0.17991 -2.57784e-19)
(-0.0391081 -0.0740945 -3.806e-19)
(-0.0072444 -0.0123234 0)
(0.164754 0.307066 -2.0885e-19)
(0.766344 1.39904 -1.6523e-19)
(0.872923 1.61509 -4.96798e-19)
(0.873905 1.64668 0)
(0.837572 1.62225 0)
(0.790493 1.58863 1.52895e-19)
(0.737229 1.55568 -1.31576e-20)
(0.67611 1.52528 -5.65314e-20)
(0.604967 1.50044 -7.41517e-21)
(0.524925 1.48983 1.82921e-19)
(0.5462 1.82883 -5.95653e-20)
(0.838289 3.3483 1.70047e-20)
(0.919501 3.56469 -7.83361e-20)
(0.800645 3.23058 3.70945e-19)
(0.271302 1.13393 2.56161e-19)
(-0.152531 -0.164311 9.87634e-20)
(-0.139664 -0.276769 0)
(-0.0882723 -0.206814 1.84503e-19)
(-0.0276669 -0.0746335 -3.62062e-20)
(-0.00598352 -0.0133514 2.82306e-19)
(0.148544 0.299284 0)
(0.728009 1.42001 1.55932e-19)
(0.835882 1.6484 7.15077e-19)
(0.839372 1.68196 -1.78572e-19)
(0.806802 1.65784 -2.49837e-19)
(0.763945 1.62428 -1.57337e-19)
(0.715311 1.59145 0)
(0.659403 1.56149 -1.32214e-19)
(0.594247 1.53804 -3.26636e-20)
(0.523272 1.5354 6.49619e-20)
(0.587383 1.99327 0)
(0.885524 3.44317 0)
(0.941214 3.54024 8.22715e-20)
(0.759021 2.97076 1.30227e-19)
(0.112775 0.350485 -3.55195e-19)
(-0.0798917 -0.326359 -4.83513e-19)
(-0.0407325 -0.347747 0)
(0.0221803 -0.199139 -5.82224e-20)
(0.0536674 -0.00523167 0)
(0.0212616 0.0305417 -3.77272e-20)
(0.129957 0.2855 5.81703e-19)
(0.683996 1.4328 0)
(0.79485 1.67825 0)
(0.801793 1.71546 5.27459e-19)
(0.773538 1.69206 2.40967e-19)
(0.735488 1.65871 -1.70004e-19)
(0.692105 1.6261 2.24948e-19)
(0.64208 1.5966 1.33352e-19)
(0.583722 1.57433 -1.58905e-19)
(0.522565 1.58227 -5.34916e-20)
(0.630014 2.15581 1.93858e-19)
(0.920648 3.493 -1.12191e-19)
(0.950141 3.49713 0)
(0.706654 2.6384 -1.18778e-19)
(0.0438378 -0.0763598 -9.2063e-20)
(-0.0492493 -0.51631 9.47773e-22)
(0.0242986 -0.43058 3.65487e-19)
(0.134724 -0.102825 3.19984e-19)
(0.162173 0.185379 3.35875e-20)
(0.0717501 0.146066 -2.83093e-19)
(0.109893 0.264395 0)
(0.63384 1.43359 -7.22328e-19)
(0.750197 1.70249 -2.265e-19)
(0.761118 1.74599 -1.86683e-20)
(0.737779 1.72398 4.773e-19)
(0.705119 1.69109 -1.73946e-19)
(0.667614 1.65881 -2.2993e-19)
(0.624092 1.62985 2.99207e-19)
(0.573407 1.6086 2.3006e-19)
(0.522863 1.6287 1.27842e-19)
(0.67085 2.30566 -5.098e-20)
(0.946431 3.52036 -6.38027e-20)
(0.932352 3.44683 0)
(0.597032 2.27902 0)
(0.00705184 -0.259215 -3.15494e-20)
(-0.101374 -0.601368 1.88524e-19)
(0.00172308 -0.350846 1.44175e-19)
(0.123238 0.138647 2.43545e-19)
(0.183913 0.452436 4.22585e-20)
(0.0792225 0.212859 5.44559e-20)
(0.0883142 0.235278 8.9035e-20)
(0.57732 1.41703 1.39779e-19)
(0.701345 1.71857 -2.16078e-19)
(0.717473 1.77192 2.05406e-21)
(0.699698 1.75247 1.18561e-19)
(0.672948 1.72046 -3.3485e-19)
(0.641852 1.68876 0)
(0.605475 1.66029 1.56628e-19)
(0.563335 1.64002 -9.84895e-20)
(0.523979 1.67183 1.32133e-19)
(0.707405 2.42938 1.67699e-19)
(0.969689 3.54295 -8.28022e-20)
(0.894487 3.43625 2.34647e-20)
(0.384369 1.87952 -1.39153e-19)
(-0.319976 -0.29891 -5.20619e-20)
(-0.29857 -0.634094 0)
(-0.110661 -0.219296 -7.24619e-20)
(0.0664879 0.302096 -8.14223e-20)
(0.122604 0.441707 0)
(0.0457392 0.140155 -8.84795e-19)
(0.0647683 0.198214 6.67349e-19)
(0.513011 1.37707 -1.12568e-20)
(0.647761 1.72217 9.19455e-19)
(0.671211 1.79171 0)
(0.659743 1.77641 2.32207e-19)
(0.639147 1.74578 -1.63114e-19)
(0.61486 1.71482 0)
(0.586234 1.68692 -8.31379e-20)
(0.55345 1.66746 1.16115e-19)
(0.526826 1.70605 0)
(0.736912 2.50216 -6.41518e-20)
(1.01514 3.56434 1.98679e-19)
(0.93959 3.45594 1.52182e-19)
(0.431942 1.81473 -1.56591e-19)
(-0.304396 -0.513122 0)
(-0.341245 -0.825476 -2.18731e-20)
(-0.126623 -0.287431 2.40986e-19)
(0.0404776 0.251894 -4.69135e-20)
(0.0919133 0.356522 8.03558e-19)
(0.0314956 0.109442 9.85381e-19)
(0.0433937 0.152995 6.89336e-19)
(0.438664 1.30467 -1.23519e-19)
(0.588785 1.70808 0)
(0.623316 1.8032 -1.21832e-20)
(0.61851 1.79503 -4.26396e-19)
(0.604 1.76612 0)
(0.586661 1.73597 2.55737e-21)
(0.566117 1.70839 -7.56278e-20)
(0.543617 1.68906 0)
(0.532595 1.72674 -1.60694e-19)
(0.756297 2.48909 1.3094e-19)
(1.08348 3.57398 -1.05698e-19)
(1.09421 3.44702 3.38374e-19)
(0.671791 1.92511 8.70045e-20)
(-0.009091 -0.545735 4.62058e-20)
(-0.220016 -0.787535 -5.99745e-20)
(-0.101306 -0.332845 -3.25953e-19)
(0.0695676 0.242054 0)
(0.0904083 0.320965 -1.12545e-19)
(0.0223644 0.0864943 6.61647e-22)
(0.0245372 0.102876 6.8321e-20)
(0.357633 1.18562 4.46589e-19)
(0.523485 1.66707 7.01842e-19)
(0.57403 1.80418 -1.98039e-19)
(0.576384 1.80735 0)
(0.567782 1.78087 -7.40124e-20)
(0.556994 1.75136 -1.09334e-19)
(0.544473 1.72343 -1.50016e-19)
(0.532753 1.70214 2.14966e-19)
(0.535196 1.72941 -7.3053e-20)
(0.752123 2.3856 -7.37039e-20)
(1.10668 3.52098 1.98459e-19)
(1.09151 3.42759 -9.00945e-20)
(0.663711 2.15834 -5.61217e-20)
(-0.196456 0.22237 -6.64643e-20)
(-0.717546 -0.542494 0)
(-0.730199 -0.684104 2.13635e-19)
(-0.210324 0.000914615 -4.17728e-19)
(0.093853 0.400513 -8.59135e-19)
(0.0524936 0.20193 5.33779e-19)
(0.010537 0.0538258 0)
(0.27248 1.01098 -5.00947e-20)
(0.453221 1.58538 0)
(0.522639 1.78917 -7.86309e-22)
(0.53347 1.81157 -9.22408e-20)
(0.53066 1.79006 6.62285e-20)
(0.525203 1.76078 0)
(0.519801 1.73132 7.38767e-20)
(0.517531 1.7058 5.21045e-20)
(0.531889 1.71664 0)
(0.704469 2.2074 7.17505e-20)
(1.10608 3.45697 1.64412e-19)
(1.10727 3.52047 6.70252e-20)
(0.760101 2.63972 0)
(6.37877e-05 1.11692 1.24759e-19)
(-0.578625 -0.17197 -1.09207e-18)
(-0.961656 -0.994452 2.91203e-20)
(-0.915093 -1.43234 0)
(-0.542549 -1.18287 3.18347e-20)
(-0.0427468 0.0237123 3.61863e-20)
(0.00251333 0.0139324 1.75424e-22)
(0.181857 0.755977 2.02214e-19)
(0.377411 1.44723 0)
(0.468238 1.74935 5.61735e-20)
(0.49048 1.80753 1.68106e-19)
(0.492397 1.79477 0)
(0.490467 1.76467 -9.31953e-20)
(0.489966 1.73299 6.37319e-20)
(0.495304 1.70044 0)
(0.519548 1.69541 -3.42655e-20)
(0.649794 2.01497 -3.51859e-20)
(1.13275 3.3186 -4.97683e-20)
(1.27287 3.55937 4.93901e-20)
(1.21999 3.25459 -1.93137e-19)
(0.716398 1.83376 0)
(0.337211 0.625855 -5.65969e-19)
(0.0769701 -0.526935 7.39627e-19)
(-0.17452 -1.33787 -7.94981e-19)
(-0.309818 -2.00392 7.66467e-19)
(-0.131096 -1.02033 1.71843e-18)
(-1.06571e-05 -0.0130285 -1.87013e-19)
(0.0948803 0.437775 -3.02991e-20)
(0.288292 1.21391 -2.45134e-20)
(0.410934 1.67479 0)
(0.446445 1.79579 -1.97552e-20)
(0.451668 1.79653 1.41386e-20)
(0.451248 1.76471 -2.14823e-20)
(0.453476 1.72904 1.56284e-20)
(0.461642 1.68953 1.02765e-20)
(0.496166 1.65915 -1.58295e-20)
(0.600655 1.80745 -1.45911e-20)
(1.08231 2.99931 1.92823e-20)
(1.33059 3.40013 2.86415e-20)
(1.40102 3.25093 -2.02805e-20)
(1.32143 2.6152 3.75523e-20)
(1.0189 1.48465 -5.26274e-22)
(0.669099 0.391666 -4.21619e-20)
(0.367818 -0.566328 1.16995e-20)
(0.128415 -1.36042 -3.59892e-21)
(-0.02519 -1.22393 -1.51314e-20)
(0.00283795 -0.0312572 -2.23711e-33)
(0.0374377 0.160546 3.76233e-33)
(0.175698 0.831218 3.13435e-33)
(0.336826 1.51806 0)
(0.396239 1.76486 0)
(0.405966 1.79083 7.68557e-34)
(0.406227 1.76347 0)
(0.407981 1.72241 0)
(0.415677 1.67384 -6.31363e-34)
(0.444824 1.61159 0)
(0.504053 1.64589 0)
(0.846578 2.38117 0)
(1.15502 3.16325 0)
(1.26017 3.15601 0)
(1.25783 2.83596 0)
(1.06176 2.09128 0)
(0.776964 1.19584 0)
(0.503196 0.364773 0)
(0.24883 -0.288548 0)
(0.029066 -0.502029 0)
(0.000801588 -0.0611133 0)
(0.0161766 0.00386582 0)
(0.0824669 0.416726 0)
(0.242026 1.24149 0)
(0.334595 1.69268 0)
(0.354057 1.78043 0)
(0.355545 1.76462 0)
(0.356183 1.71548 0)
(0.36403 1.65713 0)
(0.378009 1.58023 0)
(0.42331 1.55626 0)
(0.544542 1.90155 0)
(0.951692 2.90203 0)
(1.04959 3.06657 0)
(1.04489 2.95179 0)
(0.937135 2.48805 0)
(0.723081 1.80156 0)
(0.473288 1.10022 0)
(0.230933 0.491525 0)
(0.027472 0.0439147 0)
(0.000908707 -0.0788358 0)
(0.0114104 -0.0724074 0)
(0.0444892 0.182699 0)
(0.155552 0.938186 0)
(0.26569 1.58397 0)
(0.295705 1.76497 0)
(0.298273 1.76422 0)
(0.297049 1.71134 0)
(0.303743 1.64669 0)
(0.307635 1.56389 0)
(0.334445 1.52225 0)
(0.351677 1.69559 0)
(0.691921 2.65198 0)
(0.830893 3.05487 0)
(0.802714 3.0423 0)
(0.736717 2.83188 0)
(0.564083 2.30069 0)
(0.366516 1.72772 0)
(0.174498 1.20528 0)
(0.0166044 0.516009 0)
(3.99908e-05 -0.0906498 0)
(0.0100507 -0.123168 0)
(0.0346509 0.0590221 0)
(0.0957782 0.686601 0)
(0.195594 1.45856 0)
(0.230878 1.74266 0)
(0.234239 1.76052 0)
(0.233946 1.70964 0)
(0.239703 1.64309 0)
(0.244353 1.56107 0)
(0.250439 1.51492 0)
(0.263976 1.603 0)
(0.431454 2.36085 0)
(0.611963 3.01933 0)
(0.575545 3.10828 0)
(0.521774 3.04279 0)
(0.402312 2.69288 0)
(0.25454 2.2224 0)
(0.111789 1.76688 0)
(0.00503432 0.817211 0)
(0.00351519 -0.116431 0)
(0.0287843 -0.18864 0)
(0.054593 -0.0222968 0)
(0.0724755 0.525549 0)
(0.132458 1.3497 0)
(0.15965 1.71746 0)
(0.16399 1.754 0)
(0.168273 1.70602 0)
(0.176562 1.63933 0)
(0.184879 1.56154 0)
(0.181952 1.50942 0)
(0.189395 1.56881 0)
(0.235624 2.08555 0)
(0.411752 2.9626 0)
(0.39521 3.17567 0)
(0.345922 3.18738 0)
(0.268037 2.98559 0)
(0.157385 2.58755 0)
(0.055045 2.16787 0)
(-0.0041071 0.933251 0)
(0.0132444 -0.208199 0)
(0.0543919 -0.300954 0)
(0.071942 -0.0484738 0)
(0.0547623 0.504513 0)
(0.0633742 1.29379 0)
(0.0774046 1.69586 0)
(0.0872836 1.74208 0)
(0.100158 1.69577 0)
(0.115572 1.6297 0)
(0.12911 1.55851 0)
(0.12797 1.50684 0)
(0.130296 1.5651 0)
(0.130325 1.94203 0)
(0.259583 2.90376 0)
(0.248645 3.23539 0)
(0.205786 3.30382 0)
(0.155947 3.18818 0)
(0.0803602 2.84488 0)
(0.0140074 2.42756 0)
(-0.00600942 0.926873 0)
(0.0205792 -0.361331 0)
(0.0479653 -0.390015 0)
(0.0365361 -0.0126199 0)
(-0.00386382 0.572798 0)
(-0.0297763 1.29808 0)
(-0.0201897 1.67517 0)
(0.00485944 1.7192 0)
(0.0327314 1.67483 0)
(0.0585082 1.61377 0)
(0.0803477 1.55206 0)
(0.0865313 1.50751 0)
(0.088175 1.56781 0)
(0.07397 1.88609 0)
(0.150621 2.856 0)
(0.139877 3.27066 0)
(0.10443 3.38629 0)
(0.0704906 3.31593 0)
(0.0220988 3.00976 0)
(-0.0153386 2.55143 0)
(-0.00752688 0.845659 0)
(0.00894336 -0.438295 0)
(-0.00510726 -0.350792 0)
(-0.0493053 0.0972324 0)
(-0.103593 0.697638 0)
(-0.135646 1.33078 0)
(-0.116464 1.63389 0)
(-0.0721059 1.67638 0)
(-0.0276628 1.64027 0)
(0.00997141 1.59076 0)
(0.0395813 1.5411 0)
(0.0533169 1.50229 0)
(0.0559273 1.56685 0)
(0.0436254 1.8693 0)
(0.0739794 2.83776 0)
(0.0611257 3.30225 0)
(0.0357498 3.44753 0)
(0.0127905 3.39588 0)
(-0.0152839 3.10584 0)
(-0.030663 2.56327 0)
(-0.00532734 0.749955 0)
(-0.0102012 -0.378324 0)
(-0.0603454 -0.202436 0)
(-0.122933 0.25446 0)
(-0.183847 0.816739 0)
(-0.208146 1.3356 0)
(-0.177057 1.56195 0)
(-0.123833 1.6112 0)
(-0.0717838 1.59182 0)
(-0.0276365 1.55849 0)
(0.00658248 1.52176 0)
(0.0255721 1.49155 0)
(0.0312176 1.5637 0)
(0.0234186 1.87557 0)
(0.024922 2.8424 0)
(0.00828332 3.33049 0)
(-0.0101052 3.49081 0)
(-0.0249824 3.44263 0)
(-0.037853 3.1503 0)
(-0.0354251 2.51776 0)
(-0.00387304 0.661659 0)
(-0.0203616 -0.221666 0)
(-0.0819925 -0.00139245 0)
(-0.150003 0.426393 0)
(-0.20677 0.914772 0)
(-0.222759 1.31294 0)
(-0.190627 1.48535 0)
(-0.142728 1.53997 0)
(-0.0935553 1.53785 0)
(-0.0514297 1.52304 0)
(-0.0164117 1.50081 0)
(0.0036635 1.48193 0)
(0.0111525 1.55977 0)
(0.00783574 1.89155 0)
(-0.010743 2.8629 0)
(-0.0243779 3.35449 0)
(-0.0386608 3.51878 0)
(-0.0464531 3.46436 0)
(-0.0497862 3.15565 0)
(-0.0354308 2.42379 0)
(-0.00296241 0.585673 0)
(-0.0198205 -0.0439672 0)
(-0.0758105 0.200054 0)
(-0.135394 0.582543 0)
(-0.182067 0.989347 0)
(-0.193185 1.29007 0)
(-0.170082 1.42675 0)
(-0.135586 1.48233 0)
(-0.0964966 1.49158 0)
(-0.0619005 1.49037 0)
(-0.0309126 1.47952 0)
(-0.0139875 1.46854 0)
(-0.00587786 1.55142 0)
(-0.0100628 1.91243 0)
(-0.0321991 2.88962 0)
(-0.0449111 3.37384 0)
(-0.0547473 3.53296 0)
(-0.0565571 3.46747 0)
(-0.0521467 3.13789 0)
(-0.0315084 2.31334 0)
(-0.00225298 0.523347 0)
(-0.0138866 0.101744 0)
(-0.0552721 0.366587 0)
(-0.100468 0.708637 0)
(-0.135587 1.04881 0)
(-0.146302 1.28212 0)
(-0.135905 1.39304 0)
(-0.115027 1.44388 0)
(-0.08845 1.45746 0)
(-0.0632247 1.46421 0)
(-0.0389177 1.46107 0)
(-0.0251651 1.45737 0)
(-0.0195818 1.54611 0)
(-0.027098 1.93633 0)
(-0.0458874 2.91546 0)
(-0.0560989 3.38708 0)
(-0.0612574 3.53723 0)
(-0.0584767 3.45899 0)
(-0.0502003 3.10204 0)
(-0.0269 2.20292 0)
(-0.00171094 0.473533 0)
(-0.00781139 0.197639 0)
(-0.0345708 0.486608 0)
(-0.0662924 0.801428 0)
(-0.0919932 1.09605 0)
(-0.102779 1.2865 0)
(-0.101179 1.37804 0)
(-0.0910935 1.4212 0)
(-0.0753457 1.43534 0)
(-0.0590622 1.44594 0)
(-0.0419248 1.44759 0)
(-0.0321923 1.44905 0)
(-0.0301992 1.54504 0)
(-0.0402209 1.95925 0)
(-0.0540361 2.93686 0)
(-0.0611437 3.39572 0)
(-0.0617524 3.53478 0)
(-0.0565376 3.44263 0)
(-0.0462975 3.05892 0)
(-0.0229349 2.0996 0)
(-0.00130285 0.433639 0)
(-0.00378897 0.251842 0)
(-0.0191741 0.564932 0)
(-0.0400856 0.866242 0)
(-0.0583863 1.13276 0)
(-0.0685075 1.29754 0)
(-0.0719452 1.37542 0)
(-0.06901 1.41061 0)
(-0.0613024 1.42304 0)
(-0.0522106 1.43432 0)
(-0.0420721 1.43856 0)
(-0.037543 1.44423 0)
(-0.0389726 1.54677 0)
(-0.0504845 1.97769 0)
(-0.0582702 2.95069 0)
(-0.0611273 3.39852 0)
(-0.0594949 3.52738 0)
(-0.0529901 3.42303 0)
(-0.0424182 3.01431 0)
(-0.0198768 2.00482 0)
(-0.000978238 0.40125 0)
(-0.00151625 0.278359 0)
(-0.0093685 0.611482 0)
(-0.0222771 0.909564 0)
(-0.0348656 1.16064 0)
(-0.0437458 1.3109 0)
(-0.0493511 1.37924 0)
(-0.0506233 1.40755 0)
(-0.0485494 1.41778 0)
(-0.0447837 1.42851 0)
(-0.0402298 1.43407 0)
(-0.0399888 1.44343 0)
(-0.0450699 1.55207 0)
(-0.0563195 1.99172 0)
(-0.058382 2.95762 0)
(-0.0587493 3.39778 0)
(-0.0557713 3.51761 0)
(-0.0493353 3.40331 0)
(-0.0393004 2.97079 0)
(-0.0176476 1.91701 0)
(-0.000709185 0.374604 0)
(-0.000389618 0.289214 0)
(-0.00393516 0.636809 0)
(-0.0114526 0.937195 0)
(-0.0197347 1.18095 0)
(-0.0269118 1.32413 0)
(-0.0330647 1.38635 0)
(-0.0363412 1.40919 0)
(-0.0376008 1.41701 0)
(-0.0373839 1.4265 0)
(-0.0364405 1.433 0)
(-0.0399658 1.44528 0)
(-0.0468224 1.56 0)
(-0.057261 2.0017 0)
(-0.0556979 2.95885 0)
(-0.0545239 3.39537 0)
(-0.0521513 3.50825 0)
(-0.0466843 3.38578 0)
(-0.0376212 2.92867 0)
(-0.0162026 1.83345 0)
(-0.000503173 0.352396 0)
(6.62432e-05 0.292533 0)
(-0.00144688 0.649834 0)
(-0.00576995 0.954077 0)
(-0.0109546 1.19498 0)
(-0.0163133 1.33557 0)
(-0.0218265 1.39432 0)
(-0.0257509 1.41307 0)
(-0.028678 1.41892 0)
(-0.030256 1.42685 0)
(-0.0309241 1.43369 0)
(-0.034609 1.4491 0)
(-0.0407205 1.56805 0)
(-0.0510457 2.01064 0)
(-0.0489389 2.95636 0)
(-0.048875 3.39375 0)
(-0.0489839 3.50239 0)
(-0.0459176 3.37221 0)
(-0.037832 2.88685 0)
(-0.0155557 1.75069 0)
(-0.000377956 0.333256 0)
(0.000174697 0.293134 0)
(-0.000684522 0.657018 0)
(-0.00342913 0.964321 0)
(-0.00653078 1.20409 0)
(-0.0101947 1.34475 0)
(-0.0146952 1.40169 0)
(-0.0183693 1.41769 0)
(-0.0218308 1.42196 0)
(-0.0237857 1.4282 0)
(-0.0248088 1.43446 0)
(-0.0260073 1.45101 0)
(-0.0276707 1.57415 0)
(-0.0373567 2.02299 0)
(-0.0399986 2.95589 0)
(-0.0444645 3.39766 0)
(-0.0481524 3.50276 0)
(-0.0478984 3.36277 0)
(-0.0401807 2.84226 0)
(-0.0156632 1.66518 0)
(-0.000381964 0.315474 0)
(0.000114999 0.293464 0)
(-0.000762707 0.662344 0)
(-0.00298347 0.971057 0)
(-0.00479794 1.20945 0)
(-0.00700441 1.35147 0)
(-0.0103805 1.40791 0)
(-0.0136355 1.42203 0)
(-0.0169253 1.42506 0)
(-0.0188567 1.42949 0)
(-0.0190077 1.43428 0)
(-0.0166787 1.44901 0)
(-0.0131057 1.57608 0)
(-0.0212468 2.04102 0)
(-0.0330561 2.96271 0)
(-0.0427917 3.41009 0)
(-0.0511052 3.50896 0)
(-0.0533758 3.35758 0)
(-0.0440809 2.79121 0)
(-0.0160847 1.57485 0)
(-0.000530009 0.297111 0)
(-1.53118e-06 0.294564 0)
(-0.00113053 0.667752 0)
(-0.00336961 0.976487 0)
(-0.00458874 1.21217 0)
(-0.00571689 1.35547 0)
(-0.00790064 1.41256 0)
(-0.0104918 1.42574 0)
(-0.0135306 1.42773 0)
(-0.015476 1.43046 0)
(-0.0151969 1.43256 0)
(-0.0108268 1.44346 0)
(-0.0023538 1.57328 0)
(-0.0104384 2.06659 0)
(-0.0332232 2.98064 0)
(-0.0484186 3.4302 0)
(-0.0590557 3.52093 0)
(-0.0615666 3.35089 0)
(-0.0481096 2.72649 0)
(-0.0160733 1.48133 0)
(-0.000689245 0.277085 0)
(-0.000115018 0.296549 0)
(-0.00147097 0.67379 0)
(-0.0038935 0.982031 0)
(-0.00509342 1.21324 0)
(-0.00510597 1.35792 0)
(-0.00676106 1.41592 0)
(-0.00877304 1.42891 0)
(-0.0117009 1.4305 0)
(-0.0140817 1.43165 0)
(-0.0143952 1.43084 0)
(-0.0121544 1.43647 0)
(-0.00160119 1.56778 0)
(-0.0118301 2.10032 0)
(-0.0440316 3.00993 0)
(-0.0613595 3.4536 0)
(-0.0705514 3.53208 0)
(-0.0693 3.33605 0)
(-0.0499211 2.6445 0)
(-0.0155773 1.38848 0)
(-0.000804743 0.255558 0)
(-0.000216281 0.29927 0)
(-0.00169624 0.680336 0)
(-0.00422056 0.988218 0)
(-0.00567934 1.21361 0)
(-0.00507946 1.35811 0)
(-0.00573554 1.41875 0)
(-0.00787284 1.43206 0)
(-0.0110143 1.43354 0)
(-0.0142982 1.43387 0)
(-0.0181022 1.43123 0)
(-0.0199365 1.43157 0)
(-0.0147685 1.56331 0)
(-0.027508 2.13992 0)
(-0.063867 3.04471 0)
(-0.0780946 3.47236 0)
(-0.0820601 3.53498 0)
(-0.0745356 3.30713 0)
(-0.0477311 2.54798 0)
(-0.0141018 1.30117 0)
(-0.000746059 0.234468 0)
(-0.000306968 0.302656 0)
(-0.00189637 0.687083 0)
(-0.00437493 0.995047 0)
(-0.0063258 1.21389 0)
(-0.0050465 1.35708 0)
(-0.00452904 1.42066 0)
(-0.00637419 1.43544 0)
(-0.00990876 1.43727 0)
(-0.0150558 1.43815 0)
(-0.0223294 1.43573 0)
(-0.0317732 1.43176 0)
(-0.0368411 1.56582 0)
(-0.0529447 2.17905 0)
(-0.0867745 3.07604 0)
(-0.0943528 3.47958 0)
(-0.0903402 3.52488 0)
(-0.0755954 3.25951 0)
(-0.0434685 2.44516 0)
(-0.012142 1.22249 0)
(-0.00058442 0.216052 0)
(-0.000366945 0.306483 0)
(-0.00206385 0.693312 0)
(-0.00425155 1.00179 0)
(-0.00649894 1.21526 0)
(-0.00544511 1.35414 0)
(-0.00402204 1.42054 0)
(-0.00467954 1.43872 0)
(-0.00833904 1.44186 0)
(-0.0147628 1.44406 0)
(-0.0248137 1.44396 0)
(-0.0423088 1.44246 0)
(-0.0599005 1.57852 0)
(-0.0784133 2.21245 0)
(-0.10424 3.09782 0)
(-0.103023 3.47172 0)
(-0.0918249 3.50107 0)
(-0.0713933 3.19784 0)
(-0.0381439 2.3452 0)
(-0.00988613 1.15352 0)
(-0.000336484 0.201505 0)
(-0.000446174 0.310605 0)
(-0.00221982 0.698997 0)
(-0.00408879 1.0079 0)
(-0.00637195 1.21857 0)
(-0.00633417 1.35028 0)
(-0.00387715 1.41918 0)
(-0.00320933 1.44084 0)
(-0.00615292 1.44677 0)
(-0.0123154 1.45077 0)
(-0.0242396 1.45507 0)
(-0.04812 1.46307 0)
(-0.0765206 1.60165 0)
(-0.0930021 2.23321 0)
(-0.106673 3.10805 0)
(-0.102686 3.45501 0)
(-0.0876112 3.46872 0)
(-0.0647952 3.13072 0)
(-0.0333726 2.25285 0)
(-0.00764541 1.0939 0)
(-1.63716e-05 0.191852 0)
(-6.45011e-05 0.107588 0)
(-0.00139803 0.519174 0)
(-0.00329255 0.871235 0)
(-0.00470101 1.13109 0)
(-0.00650839 1.29415 0)
(-0.00541556 1.38844 0)
(-0.00213942 1.43226 0)
(-0.0015163 1.44666 0)
(-0.00507366 1.45377 0)
(-0.0132602 1.46222 0)
(-0.0306552 1.47492 0)
(-0.0613152 1.52728 0)
(-0.0913733 1.85091 0)
(-0.0963589 2.74116 0)
(-0.0994009 3.33447 0)
(-0.0891829 3.46235 0)
(-0.071466 3.3099 0)
(-0.0458649 2.67855 0)
(-0.0159866 1.58177 0)
(0.000258244 0.188378 0)
(0.268877 2.31729 0)
(0.211741 3.5263 1.77643e-21)
(0.186228 3.63068 -6.59005e-20)
(0.169374 3.56436 0)
(0.15474 3.50767 -2.39756e-19)
(0.136152 3.4637 -3.90934e-19)
(0.123232 3.44686 4.51479e-19)
(0.1106 3.41861 6.1159e-21)
(0.0876371 3.09372 4.46124e-19)
(0.021744 0.943207 0)
(0.117372 2.44639 -4.60865e-22)
(0.095004 3.45328 0)
(0.100408 3.55428 2.91443e-21)
(0.0979246 3.51309 -4.3461e-20)
(0.0937741 3.47282 1.02917e-20)
(0.0882973 3.44352 -3.98624e-19)
(0.0798059 3.43351 4.34042e-19)
(0.0677244 3.41226 4.6025e-19)
(0.041214 3.02707 4.75985e-19)
(-0.0108445 0.819155 -4.88233e-19)
(0.0654594 2.32027 -5.4448e-20)
(0.0571082 3.39533 1.98926e-19)
(0.0601285 3.50959 0)
(0.0602099 3.47897 -3.16214e-19)
(0.0597996 3.44792 3.76903e-19)
(0.058484 3.42646 -4.17997e-19)
(0.0553281 3.42282 1.41974e-20)
(0.0525739 3.41281 9.47906e-19)
(0.0384314 3.06931 0)
(-0.0106357 0.861365 -8.91641e-21)
(0.0352195 2.24299 -2.43093e-19)
(0.0292914 3.36063 3.2882e-19)
(0.0323014 3.47584 6.98364e-19)
(0.0350243 3.45082 1.24466e-20)
(0.0374397 3.42598 0)
(0.0397739 3.41023 0)
(0.0417441 3.41038 4.63917e-19)
(0.044104 3.40667 -8.0248e-21)
(0.0360143 3.10298 -7.90361e-19)
(-0.0119755 0.90243 2.76599e-19)
(0.0197836 2.21923 1.22466e-20)
(0.00975443 3.34169 3.62399e-19)
(0.0132755 3.44834 -1.94001e-19)
(0.0184195 3.42605 -2.21369e-19)
(0.0233063 3.40531 2.40972e-19)
(0.0285602 3.39312 2.4066e-19)
(0.0338514 3.39517 -7.36921e-21)
(0.0393217 3.39637 2.806e-19)
(0.0356133 3.13074 0)
(-0.0129035 0.944573 -5.74343e-19)
(0.0117908 2.23591 -7.7274e-23)
(-0.00634642 3.33293 -1.87106e-19)
(0.000970821 3.42443 2.43456e-20)
(0.0074594 3.40258 0)
(0.0143011 3.38433 -2.53861e-19)
(0.0217758 3.37427 2.66198e-19)
(0.0294402 3.37735 2.69248e-19)
(0.037288 3.38252 2.79758e-19)
(0.0375505 3.15455 -4.57576e-21)
(-0.013184 0.991126 3.06379e-19)
(0.00451862 2.27747 -2.12996e-19)
(-0.0173764 3.32874 1.38121e-22)
(-0.00822573 3.40126 2.47445e-19)
(-0.000114454 3.3788 2.50593e-19)
(0.00831437 3.36193 -1.68829e-20)
(0.0176699 3.35307 2.1634e-22)
(0.0274241 3.35667 -2.79383e-19)
(0.0375763 3.36504 6.15686e-19)
(0.0418972 3.17428 -3.06062e-19)
(-0.0124937 1.04809 -9.77036e-21)
(-0.00330536 2.34038 -5.88602e-23)
(-0.0260789 3.32547 0)
(-0.0161723 3.37719 -2.67422e-19)
(-0.00622493 3.35326 -1.74035e-20)
(0.00391639 3.33693 3.01879e-19)
(0.0152276 3.32865 0)
(0.0271714 3.33239 3.28455e-19)
(0.0398673 3.34332 0)
(0.0484534 3.18985 3.33624e-19)
(-0.0102847 1.12257 0)
(-0.0131931 2.42097 -4.08148e-21)
(-0.0353187 3.31954 5.36479e-19)
(-0.0241516 3.34972 -2.73606e-19)
(-0.0119551 3.3241 -1.889e-20)
(0.000338246 3.30784 1.95155e-20)
(0.0138992 3.29986 -2.03628e-20)
(0.0282969 3.30362 3.54957e-19)
(0.0439015 3.3166 -6.43734e-23)
(0.0566516 3.20019 -3.6329e-19)
(-0.00578381 1.22126 -3.65144e-19)
(-0.0274022 2.51931 -2.90022e-19)
(-0.0460847 3.30694 -2.90614e-19)
(-0.0328092 3.31619 0)
(-0.0176952 3.28947 -3.56868e-19)
(-0.00263462 3.27336 2.13196e-20)
(0.0135523 3.26579 3.6493e-19)
(0.0305468 3.26973 -7.41576e-19)
(0.049124 3.28429 -7.78641e-19)
(0.0656654 3.20399 -6.04249e-21)
(0.00154757 1.35141 -2.06605e-19)
(-0.0464511 2.63282 -1.48305e-19)
(-0.0578223 3.28394 -1.03341e-20)
(-0.0415143 3.27503 -3.42445e-19)
(-0.0230959 3.2487 0)
(-0.00489212 3.23343 0)
(0.0139755 3.22662 1.75425e-19)
(0.0334732 3.2308 0)
(0.0545368 3.24628 -2.03745e-19)
(0.0742214 3.1996 0)
(0.0115624 1.51878 2.22433e-19)
(-0.0675291 2.75549 5.40113e-21)
(-0.0681433 3.2486 -1.75783e-19)
(-0.0480506 3.22685 2.14975e-20)
(-0.0268297 3.20311 0)
(-0.00627706 3.18958 2.5819e-20)
(0.0142704 3.1838 -2.71485e-19)
(0.0355837 3.18802 2.16373e-19)
(0.0582936 3.20331 -1.41769e-20)
(0.0802348 3.18533 7.3983e-21)
(0.0234873 1.72243 4.83974e-19)
(-0.0855006 2.87588 -6.11119e-21)
(-0.0734697 3.20328 1.25619e-20)
(-0.050439 3.17536 -2.14691e-19)
(-0.0279189 3.15438 1.85069e-19)
(-0.00674477 3.14258 -1.91771e-19)
(0.0140912 3.13806 -2.56772e-19)
(0.0356879 3.14294 2.35769e-19)
(0.0583863 3.15778 2.37395e-19)
(0.081876 3.16198 -1.60621e-20)
(0.0353712 1.96184 2.58782e-19)
(-0.0932316 2.9798 6.72144e-21)
(-0.0728912 3.15285 2.15586e-19)
(-0.0501023 3.1215 2.86191e-20)
(-0.0283775 3.10208 -1.50837e-19)
(-0.00681573 3.09173 1.03536e-22)
(0.0147519 3.08882 -3.15574e-20)
(0.0360957 3.09506 1.60519e-19)
(0.0566854 3.11097 1.68106e-20)
(0.0784664 3.13128 -1.72542e-20)
(0.0438145 2.23467 0)
(-0.0955909 3.04054 -1.13865e-19)
(-0.0712761 3.09281 -1.23466e-19)
(-0.0495505 3.06299 -1.22429e-19)
(-0.0272228 3.0485 3.21409e-20)
(-0.00593156 3.04221 -1.62773e-19)
(0.0144258 3.04092 -8.91372e-23)
(0.0349144 3.04599 7.14784e-20)
(0.055589 3.05934 -1.24944e-19)
(0.0794736 3.08818 -1.37476e-19)
(0.0484637 2.5276 0)
(-0.0951284 3.03675 6.36093e-20)
(-0.0566137 3.02333 -1.67526e-20)
(-0.0314576 3.01255 -3.33646e-20)
(-0.0148962 3.00885 3.38675e-20)
(-0.00268956 3.00859 0)
(0.00863476 3.00759 -3.51665e-20)
(0.0206931 3.00926 0)
(0.0362974 3.01349 -9.67774e-20)
(0.0646696 3.02575 6.19931e-20)
(0.0493404 2.79243 -8.45618e-20)
(0.939314 -0.0855776 0)
(1.06141 -0.084484 0)
(1.03125 -0.0590173 0)
(1.01436 -0.0382486 0)
(1.00654 -0.0234842 0)
(1.00317 -0.0141598 0)
(1.00166 -0.00850493 0)
(1.00096 -0.00489752 0)
(1.00063 -0.00237168 0)
(1.00049 -0.000281814 0)
(1.00054 0.0016961 0)
(1.00075 0.00392624 0)
(1.00124 0.00688822 0)
(1.00227 0.0113167 0)
(1.00451 0.018505 0)
(1.00964 0.0303158 0)
(1.02124 0.047969 0)
(1.04643 0.0727423 0)
(1.05531 0.0889836 0)
(0.533024 0.0342701 0)
(0.723941 -0.0309161 0)
(1.09242 -0.0588614 0)
(1.0885 -0.0533074 0)
(1.05264 -0.0434755 0)
(1.0296 -0.0340954 0)
(1.01613 -0.0246644 0)
(1.00898 -0.0164898 0)
(1.00532 -0.0100447 0)
(1.0035 -0.00497979 0)
(1.00277 -0.000545101 0)
(1.00298 0.00371656 0)
(1.00415 0.0083065 0)
(1.00672 0.0139071 0)
(1.01183 0.0210842 0)
(1.02168 0.0298734 0)
(1.03952 0.0392808 0)
(1.06853 0.0483402 0)
(1.10327 0.0583669 0)
(1.00579 0.0570588 0)
(0.263216 0.00536302 0)
(0.564481 -0.0100739 0)
(1.04878 -0.0422238 0)
(1.10391 -0.0449436 0)
(1.07232 -0.0379628 0)
(1.04734 -0.031412 0)
(1.03017 -0.0252549 0)
(1.01886 -0.0189053 0)
(1.01199 -0.0125214 0)
(1.00821 -0.00647799 0)
(1.00661 -0.000603003 0)
(1.00705 0.00515856 0)
(1.00955 0.010952 0)
(1.01464 0.0170401 0)
(1.02349 0.0232709 0)
(1.0375 0.0292794 0)
(1.05821 0.0353521 0)
(1.08866 0.042264 0)
(1.10259 0.0465548 0)
(0.882698 0.0302671 0)
(0.191332 0.000815232 0)
(0.481216 -0.00525903 0)
(0.987752 -0.0299412 0)
(1.10566 -0.0381353 0)
(1.0831 -0.0345002 0)
(1.05717 -0.0292317 0)
(1.03961 -0.0237762 0)
(1.02743 -0.0183579 0)
(1.01907 -0.0127537 0)
(1.01388 -0.00680013 0)
(1.01151 -0.000413242 0)
(1.01213 0.0059781 0)
(1.01568 0.0119655 0)
(1.02223 0.0175305 0)
(1.03228 0.0227484 0)
(1.04677 0.0278875 0)
(1.06802 0.0330358 0)
(1.09839 0.0379185 0)
(1.08316 0.0375536 0)
(0.782276 0.0177267 0)
(0.162726 0.000587947 0)
(0.429363 -0.00353228 0)
(0.927902 -0.02209 0)
(1.101 -0.0325206 0)
(1.09236 -0.0309443 0)
(1.06514 -0.0268447 0)
(1.04673 -0.0223187 0)
(1.03415 -0.0173477 0)
(1.02539 -0.0120751 0)
(1.01961 -0.00637508 0)
(1.01677 -1.55107e-05 0)
(1.01745 0.0064055 0)
(1.02144 0.0121924 0)
(1.02839 0.0173663 0)
(1.03871 0.0221493 0)
(1.05375 0.0265499 0)
(1.07609 0.0304708 0)
(1.10268 0.0336925 0)
(1.05423 0.0307259 0)
(0.706197 0.0119441 0)
(0.14475 0.000439266 0)
(0.392601 -0.00259806 0)
(0.874308 -0.0168708 0)
(1.09068 -0.0280795 0)
(1.09915 -0.0278317 0)
(1.0723 -0.0242815 0)
(1.05322 -0.020441 0)
(1.04013 -0.0160802 0)
(1.03104 -0.0111482 0)
(1.025 -0.00565589 0)
(1.02194 0.000519117 0)
(1.02256 0.00674148 0)
(1.02661 0.0122695 0)
(1.0337 0.0170994 0)
(1.04434 0.021317 0)
(1.05992 0.02494 0)
(1.0829 0.028163 0)
(1.1035 0.0304405 0)
(1.02071 0.0255715 0)
(0.647839 0.00886119 0)
(0.131749 0.000340712 0)
(0.364957 -0.00198583 0)
(0.828194 -0.0131658 0)
(1.07656 -0.024252 0)
(1.10358 -0.0251012 0)
(1.0787 -0.0219769 0)
(1.05917 -0.0184414 0)
(1.04576 -0.0145092 0)
(1.03636 -0.00998782 0)
(1.03007 -0.00477412 0)
(1.02682 0.00116767 0)
(1.02731 0.00712822 0)
(1.03134 0.0123365 0)
(1.03855 0.0167175 0)
(1.04939 0.0203861 0)
(1.06526 0.0235237 0)
(1.08872 0.0264028 0)
(1.10139 0.027784 0)
(0.985837 0.0215034 0)
(0.601814 0.0069411 0)
(0.121683 0.000274427 0)
(0.343558 -0.0015434 0)
(0.78915 -0.0104332 0)
(1.06022 -0.020881 0)
(1.10634 -0.0225778 0)
(1.08462 -0.0198729 0)
(1.06465 -0.0165296 0)
(1.05102 -0.0128475 0)
(1.04142 -0.00862445 0)
(1.03489 -0.00371044 0)
(1.03141 0.00194959 0)
(1.03174 0.00759854 0)
(1.03572 0.0124242 0)
(1.04293 0.0163711 0)
(1.05382 0.0196374 0)
(1.06994 0.0224286 0)
(1.09349 0.0249937 0)
(1.09654 0.0255561 0)
(0.951492 0.0183035 0)
(0.564468 0.00564031 0)
(0.113581 0.000226851 0)
(0.32673 -0.00120829 0)
(0.75629 -0.00834967 0)
(1.04289 -0.0178986 0)
(1.10809 -0.0202282 0)
(1.09016 -0.0178599 0)
(1.06985 -0.0146596 0)
(1.05598 -0.0111443 0)
(1.04622 -0.0071251 0)
(1.03949 -0.00246284 0)
(1.03577 0.00289679 0)
(1.0359 0.00819379 0)
(1.03975 0.0126258 0)
(1.04686 0.0161881 0)
(1.05775 0.019118 0)
(1.07411 0.0216125 0)
(1.09702 0.0238408 0)
(1.08912 0.0236351 0)
(0.918624 0.0158082 0)
(0.533361 0.00472283 0)
(0.106859 0.000192704 0)
(0.3134 -0.000943294 0)
(0.728726 -0.00669889 0)
(1.02552 -0.0152324 0)
(1.10891 -0.0179838 0)
(1.09549 -0.015907 0)
(1.07488 -0.0127775 0)
(1.06075 -0.00937573 0)
(1.0508 -0.00550139 0)
(1.04389 -0.00103176 0)
(1.03991 0.00403943 0)
(1.03977 0.00897196 0)
(1.04339 0.0130271 0)
(1.05036 0.0162384 0)
(1.06123 0.0188471 0)
(1.07783 0.0210661 0)
(1.09925 0.0229427 0)
(1.07961 0.0220106 0)
(0.887609 0.0138829 0)
(0.506816 0.00406657 0)
(0.10112 0.000168759 0)
(0.302873 -0.000724619 0)
(0.705738 -0.00533832 0)
(1.00883 -0.0128113 0)
(1.10893 -0.0157841 0)
(1.10067 -0.0139662 0)
(1.07982 -0.0108543 0)
(1.06541 -0.00751565 0)
(1.05526 -0.00373405 0)
(1.04811 0.000589238 0)
(1.04383 0.00541256 0)
(1.04336 0.0100082 0)
(1.0467 0.0136991 0)
(1.05347 0.016559 0)
(1.0643 0.018851 0)
(1.0811 0.0207984 0)
(1.10029 0.0223023 0)
(1.06839 0.0206688 0)
(0.858478 0.012414 0)
(0.483627 0.00359735 0)
(0.0960738 0.000152481 0)
(0.294691 -0.000534917 0)
(0.686787 -0.00416606 0)
(0.993369 -0.0105634 0)
(1.10829 -0.0135607 0)
(1.10555 -0.0118972 0)
(1.08473 -0.00877889 0)
(1.07002 -0.0054652 0)
(1.0596 -0.00174189 0)
(1.05215 0.00246347 0)
(1.0475 0.00707446 0)
(1.04662 0.0113498 0)
(1.04962 0.0146742 0)
(1.05618 0.0171793 0)
(1.06695 0.0191447 0)
(1.0839 0.0207978 0)
(1.10041 0.0218984 0)
(1.05574 0.0195974 0)
(0.831064 0.0113164 0)
(0.462891 0.00326944 0)
(0.0915037 0.000142435 0)
(0.288573 -0.00036079 0)
(0.671505 -0.00310528 0)
(0.979548 -0.00841732 0)
(1.10729 -0.0112479 0)
(1.11024 -0.00966217 0)
(1.08967 -0.0065192 0)
(1.07463 -0.00318088 0)
(1.06389 0.000540027 0)
(1.05607 0.00467 0)
(1.05095 0.00909335 0)
(1.04957 0.0130489 0)
(1.05217 0.0159875 0)
(1.05846 0.0181118 0)
(1.06915 0.019748 0)
(1.08619 0.0210978 0)
(1.09968 0.0217513 0)
(1.04185 0.0188012 0)
(0.805086 0.0105253 0)
(0.443907 0.00305158 0)
(0.0872392 0.000137398 0)
(0.284386 -0.00019119 0)
(0.659707 -0.00209608 0)
(0.967724 -0.00629577 0)
(1.10622 -0.00877554 0)
(1.11483 -0.00718986 0)
(1.09471 -0.00399562 0)
(1.07931 -0.000577747 0)
(1.0682 0.0031943 0)
(1.05992 0.00729575 0)
(1.05421 0.0115581 0)
(1.05223 0.0151902 0)
(1.05435 0.0177302 0)
(1.06033 0.0194561 0)
(1.07089 0.0207421 0)
(1.08795 0.0217384 0)
(1.09785 0.0218441 0)
(1.02683 0.0182518 0)
(0.780232 0.0099861 0)
(0.426126 0.00292065 0)
(0.0831446 0.000136315 0)
(0.282112 -1.84274e-05 0)
(0.651349 -0.00108244 0)
(0.958243 -0.00412151 0)
(1.10544 -0.0060672 0)
(1.11942 -0.00436553 0)
(1.09992 -0.00107026 0)
(1.08414 0.00246521 0)
(1.0726 0.00632012 0)
(1.06377 0.0104352 0)
(1.05737 0.0145656 0)
(1.05463 0.0178654 0)
(1.05614 0.0199628 0)
(1.0617 0.0212257 0)
(1.07209 0.0221097 0)
(1.08909 0.0227308 0)
(1.09479 0.0221922 0)
(1.01074 0.0179841 0)
(0.756159 0.00968172 0)
(0.409082 0.00287031 0)
(0.0791041 0.000139289 0)
(0.281838 0.000162773 0)
(0.646486 -1.47768e-05 0)
(0.951435 -0.00182703 0)
(1.10532 -0.00306219 0)
(1.12422 -0.00113191 0)
(1.10536 0.00231008 0)
(1.08916 0.00601755 0)
(1.07707 0.0100302 0)
(1.06756 0.0142211 0)
(1.06028 0.0182398 0)
(1.05664 0.0211956 0)
(1.05743 0.022818 0)
(1.0625 0.0235771 0)
(1.07265 0.0239663 0)
(1.08932 0.024101 0)
(1.09033 0.0228734 0)
(0.993548 0.0180115 0)
(0.732494 0.00959672 0)
(0.392353 0.00289357 0)
(0.075007 0.000145755 0)
(0.283583 0.000400823 0)
(0.645327 0.00118781 0)
(0.947636 0.000639861 0)
(1.10618 0.000335169 0)
(1.12936 0.00260542 0)
(1.11114 0.00626206 0)
(1.09447 0.0102408 0)
(1.08174 0.0144901 0)
(1.07137 0.0188024 0)
(1.06301 0.0227348 0)
(1.05827 0.0253355 0)
(1.05819 0.0263918 0)
(1.06268 0.0265619 0)
(1.07246 0.0263592 0)
(1.08847 0.0258733 0)
(1.0842 0.0239411 0)
(0.975108 0.0183512 0)
(0.708823 0.00973297 0)
(0.375521 0.00298981 0)
(0.0707487 0.000155718 0)
(0.287677 0.000636923 0)
(0.647813 0.00246585 0)
(0.947298 0.00336583 0)
(1.10854 0.00420632 0)
(1.13503 0.00701304 0)
(1.11739 0.011035 0)
(1.10021 0.0153506 0)
(1.08671 0.0198994 0)
(1.07531 0.0243992 0)
(1.06565 0.0282457 0)
(1.05954 0.0304129 0)
(1.0584 0.0308344 0)
(1.06215 0.0302988 0)
(1.07148 0.0293923 0)
(1.08636 0.028167 0)
(1.07628 0.0254627 0)
(0.955253 0.0190588 0)
(0.684701 0.0101035 0)
(0.358182 0.00316074 0)
(0.0662284 0.000168984 0)
(0.294488 0.000932298 0)
(0.654724 0.00396006 0)
(0.951035 0.00647094 0)
(1.11291 0.0086832 0)
(1.14151 0.0122167 0)
(1.12427 0.0167235 0)
(1.10646 0.0214735 0)
(1.09199 0.0264298 0)
(1.07932 0.0311894 0)
(1.06804 0.0349831 0)
(1.06028 0.0366823 0)
(1.05789 0.036343 0)
(1.06076 0.034977 0)
(1.0695 0.0332454 0)
(1.08276 0.0311837 0)
(1.06636 0.0275683 0)
(0.93362 0.020214 0)
(0.659571 0.0107395 0)
(0.339879 0.00341045 0)
(0.0613412 0.00018508 0)
(0.304573 0.00129828 0)
(0.666742 0.00571435 0)
(0.959276 0.0100295 0)
(1.11971 0.013943 0)
(1.14904 0.0184133 0)
(1.13198 0.0235599 0)
(1.11338 0.0289293 0)
(1.09771 0.0344584 0)
(1.0834 0.0395471 0)
(1.07012 0.0432305 0)
(1.06042 0.044316 0)
(1.05656 0.0431267 0)
(1.05835 0.0407853 0)
(1.06636 0.038131 0)
(1.07762 0.0351279 0)
(1.05406 0.0303716 0)
(0.90975 0.0219042 0)
(0.632767 0.0116731 0)
(0.320115 0.0037405 0)
(0.0559984 0.000202009 0)
(0.318728 0.0017559 0)
(0.684743 0.00779085 0)
(0.972904 0.0142153 0)
(1.12957 0.0202555 0)
(1.15807 0.0259575 0)
(1.14088 0.0319715 0)
(1.12128 0.0381462 0)
(1.10407 0.0443451 0)
(1.08774 0.0497797 0)
(1.07205 0.0533015 0)
(1.06001 0.0536505 0)
(1.05435 0.0514302 0)
(1.05492 0.0479638 0)
(1.06196 0.0442317 0)
(1.07074 0.0401694 0)
(1.03897 0.0340685 0)
(0.883017 0.0242707 0)
(0.603427 0.0129744 0)
(0.298285 0.00416109 0)
(0.0501162 0.00021911 0)
(0.338107 0.00234886 0)
(0.710054 0.0103218 0)
(0.992911 0.0193014 0)
(1.14326 0.0279874 0)
(1.16918 0.0352945 0)
(1.15127 0.042489 0)
(1.13021 0.0496709 0)
(1.1109 0.0566373 0)
(1.09197 0.062389 0)
(1.07332 0.0655666 0)
(1.05857 0.0649238 0)
(1.05093 0.061468 0)
(1.05019 0.0567051 0)
(1.05618 0.0517521 0)
(1.06191 0.0465173 0)
(1.02057 0.0388681 0)
(0.852537 0.0274422 0)
(0.570431 0.0146846 0)
(0.273674 0.0046716 0)
(0.0436068 0.00023646 0)
(0.364603 0.00316225 0)
(0.744658 0.0135744 0)
(1.02063 0.0258359 0)
(1.16169 0.0378551 0)
(1.18312 0.047134 0)
(1.16355 0.0558481 0)
(1.14042 0.064239 0)
(1.11839 0.0720118 0)
(1.09624 0.0779178 0)
(1.07408 0.0804197 0)
(1.0562 0.0784441 0)
(1.04627 0.073486 0)
(1.04406 0.0673423 0)
(1.04895 0.0609252 0)
(1.05085 0.0542637 0)
(0.998207 0.0448825 0)
(0.817195 0.0314224 0)
(0.532452 0.0167358 0)
(0.245597 0.00523324 0)
(0.0364077 0.000251954 0)
(0.401614 0.00436241 0)
(0.791778 0.0180814 0)
(1.058 0.0348818 0)
(1.18589 0.0511733 0)
(1.20055 0.0628084 0)
(1.17803 0.0733773 0)
(1.15187 0.083058 0)
(1.12619 0.0914058 0)
(1.10002 0.0969966 0)
(1.07376 0.0982728 0)
(1.05243 0.0944501 0)
(1.04009 0.087643 0)
(1.03636 0.0799271 0)
(1.03999 0.0719714 0)
(1.03704 0.0635833 0)
(0.971037 0.052125 0)
(0.775496 0.0360702 0)
(0.488026 0.0189307 0)
(0.213538 0.00577065 0)
(0.0285185 0.00026312 0)
(0.455922 0.00624029 0)
(0.856651 0.0253278 0)
(1.10847 0.0489073 0)
(1.21693 0.0705388 0)
(1.2221 0.0852235 0)
(1.19458 0.0972633 0)
(1.16412 0.107771 0)
(1.13374 0.115895 0)
(1.10281 0.120287 0)
(1.07199 0.119459 0)
(1.047 0.113098 0)
(1.03222 0.104018 0)
(1.02701 0.0945204 0)
(1.02901 0.084905 0)
(1.01988 0.0745539 0)
(0.937896 0.060396 0)
(0.725538 0.0409472 0)
(0.435655 0.0208595 0)
(0.177224 0.00614461 0)
(0.0200207 0.000265683 0)
(0.544427 0.0102872 0)
(0.950832 0.0410961 5.00282e-34)
(1.17801 0.074547 0)
(1.25536 0.100923 0)
(1.24697 0.118001 6.88287e-34)
(1.21209 0.130144 -3.07921e-34)
(1.17598 0.139961 0)
(1.14003 0.146387 0)
(1.10383 0.148272 -4.43369e-34)
(1.06821 0.144227 0)
(1.03954 0.134544 0)
(1.02243 0.122751 0)
(1.01593 0.111207 0)
(1.016 0.099925 0)
(0.998229 0.0871439 0)
(0.896483 0.0692075 0)
(0.664995 0.045413 0)
(0.373604 0.0218556 0)
(0.135901 0.00608062 0)
(0.0107872 0.00026173 0)
(0.627958 0.0340155 -4.58508e-20)
(1.04139 0.0770576 -1.30439e-20)
(1.24271 0.117266 -1.13839e-20)
(1.29228 0.144418 0)
(1.27109 0.161193 -1.19044e-20)
(1.2285 0.172182 1.09426e-20)
(1.18619 0.180435 -1.8571e-20)
(1.1442 0.184843 1.59209e-20)
(1.10216 0.184186 1.42129e-20)
(1.06095 0.177043 -2.32627e-20)
(1.02763 0.164213 -2.42631e-20)
(1.00726 0.149863 2.84839e-20)
(0.998725 0.13631 5.02549e-20)
(0.99517 0.122889 -2.02071e-20)
(0.962122 0.105962 5.91791e-20)
(0.834815 0.0820519 7.00306e-21)
(0.584345 0.0520509 -8.35963e-20)
(0.301264 0.0242694 7.37408e-20)
(0.093972 0.00679525 -1.73774e-20)
(0.0025177 0.000181287 1.16366e-19)
(0.662485 0.0672035 -5.78169e-20)
(1.10146 0.130785 6.81689e-20)
(1.28851 0.173526 0)
(1.32199 0.199591 2.44738e-20)
(1.29139 0.213305 9.41465e-20)
(1.24205 0.221389 0)
(1.19359 0.226913 -7.68569e-20)
(1.14554 0.22862 7.08623e-20)
(1.09754 0.225087 0)
(1.05045 0.21478 -5.18177e-20)
(1.01199 0.198812 -1.03226e-19)
(0.987716 0.181913 -6.21146e-20)
(0.976073 0.166444 3.75931e-20)
(0.968202 0.151351 -8.93082e-20)
(0.925406 0.131773 0)
(0.784669 0.101846 -2.18481e-19)
(0.533602 0.0644349 2.9283e-19)
(0.2679 0.0300974 -3.44895e-19)
(0.0788189 0.00842872 4.06784e-19)
(-0.000199204 -4.25281e-05 9.37978e-19)
(0.671416 0.10345 -7.0557e-21)
(1.13503 0.190747 -1.28113e-20)
(1.31788 0.238345 0)
(1.34268 0.262231 1.81877e-21)
(1.30593 0.271686 -4.4131e-20)
(1.25132 0.275775 4.63872e-20)
(1.19755 0.27753 0)
(1.14402 0.275694 6.87883e-20)
(1.09046 0.268599 6.09628e-20)
(1.03774 0.254548 0)
(0.994258 0.235035 1.09284e-19)
(0.966176 0.2154 3.38641e-19)
(0.951581 0.198221 8.12255e-20)
(0.940488 0.182181 0)
(0.892294 0.160075 5.73078e-20)
(0.748782 0.12434 -5.10773e-19)
(0.510335 0.0793299 -5.36096e-22)
(0.260218 0.0380704 0)
(0.0791598 0.0113761 2.81158e-20)
(0.000378785 -1.00611e-05 3.24578e-20)
(0.666741 0.138693 -1.06456e-20)
(1.15161 0.251268 8.00888e-20)
(1.33447 0.306052 1.59349e-19)
(1.35476 0.327715 -7.01772e-20)
(1.31407 0.333104 0)
(1.2557 0.333009 -4.33897e-20)
(1.1977 0.330683 -7.74891e-20)
(1.13954 0.324901 -1.47544e-19)
(1.08105 0.313871 2.70608e-19)
(1.02314 0.295829 -1.20096e-19)
(0.974968 0.272946 0)
(0.943355 0.251117 2.91366e-19)
(0.926239 0.232672 0)
(0.912355 0.215231 -1.05104e-19)
(0.861061 0.189921 -2.5107e-19)
(0.721658 0.148621 0)
(0.499451 0.0969984 3.07581e-19)
(0.264391 0.0492984 -4.65873e-19)
(0.0876673 0.0162015 -9.82523e-19)
(0.00302302 0.000502818 6.01169e-19)
(0.656914 0.171066 5.57238e-20)
(1.15692 0.31031 -1.26793e-20)
(1.34186 0.37355 0)
(1.35988 0.393563 1.16383e-20)
(1.31653 0.395276 -1.68281e-19)
(1.25544 0.391127 0)
(1.19411 0.38478 -4.50713e-21)
(1.13212 0.375001 -8.0398e-20)
(1.06939 0.359971 0)
(1.00696 0.338073 -2.51254e-19)
(0.954702 0.312265 2.6138e-19)
(0.919918 0.288676 -1.5652e-19)
(0.899987 0.268892 3.82357e-19)
(0.882494 0.249223 1.14676e-19)
(0.829645 0.220377 1.29863e-21)
(0.698723 0.17467 -8.11619e-20)
(0.494506 0.118339 -3.84349e-19)
(0.273997 0.0637229 0)
(0.100099 0.0233522 -2.21575e-18)
(0.00681619 0.00159882 -4.10298e-23)
(0.645346 0.200843 6.01923e-20)
(1.15503 0.366721 1.02282e-20)
(1.3426 0.439181 1.25734e-19)
(1.35961 0.458307 0)
(1.31443 0.456788 7.53915e-20)
(1.25129 0.448815 -8.70486e-20)
(1.18727 0.43861 0)
(1.1221 0.424938 -7.90183e-20)
(1.05579 0.406047 1.39919e-19)
(0.98957 0.380543 0)
(0.933864 0.351995 -1.36986e-19)
(0.896159 0.326421 3.41123e-19)
(0.87296 0.304574 2.05959e-19)
(0.851458 0.282114 -1.26767e-19)
(0.798379 0.250324 0)
(0.677572 0.201733 2.32379e-21)
(0.490574 0.141604 3.14761e-19)
(0.28374 0.080345 -6.16044e-20)
(0.112345 0.0320654 1.09762e-18)
(0.0106942 0.00311374 1.34792e-18)
(0.634221 0.22852 -7.16127e-21)
(1.1487 0.420124 5.96197e-21)
(1.33872 0.502229 -1.90695e-20)
(1.35529 0.521002 3.03217e-21)
(1.30877 0.516716 4.02801e-20)
(1.24406 0.505208 -1.6466e-19)
(1.17782 0.491352 0)
(1.10998 0.473976 1.71263e-19)
(1.04068 0.451441 -1.65083e-19)
(0.97127 0.422514 2.88695e-19)
(0.912565 0.391014 4.58849e-19)
(0.872036 0.362795 -1.89177e-19)
(0.845442 0.338089 -1.38724e-21)
(0.820368 0.312689 -2.70842e-19)
(0.768302 0.278842 -1.63241e-19)
(0.657026 0.228784 0)
(0.485033 0.16485 -1.13761e-19)
(0.290282 0.0974193 -1.35134e-19)
(0.121707 0.0410701 0)
(0.0137966 0.00472746 -1.41828e-18)
(0.624413 0.254714 3.82896e-21)
(1.13973 0.470441 -6.88825e-21)
(1.33143 0.561956 -1.22102e-20)
(1.34801 0.581112 1.67106e-20)
(1.30042 0.574453 1.59587e-19)
(1.23444 0.559736 -7.95696e-20)
(1.16637 0.54248 -1.82148e-19)
(1.09629 0.521657 3.57264e-19)
(1.02444 0.495735 4.17814e-19)
(0.952245 0.463446 3.08761e-19)
(0.890779 0.428614 -1.67104e-19)
(0.847506 0.397122 -2.05525e-19)
(0.817718 0.369239 0)
(0.789772 0.341214 0)
(0.739227 0.306034 -1.7453e-19)
(0.636516 0.254802 4.20593e-19)
(0.47673 0.18689 2.49065e-19)
(0.292096 0.113473 4.37373e-19)
(0.126785 0.0492936 8.6332e-20)
(0.0157971 0.00618511 9.88101e-20)
(0.61577 0.279487 -4.97812e-20)
(1.12945 0.517975 0)
(1.32194 0.618556 0)
(1.33856 0.638451 5.98373e-20)
(1.29006 0.629701 6.9172e-20)
(1.22303 0.612046 -8.74838e-20)
(1.15345 0.591684 1.00553e-19)
(1.08148 0.567728 1.85318e-19)
(1.00741 0.538687 -3.56563e-19)
(0.932648 0.503057 -1.71305e-19)
(0.868515 0.464557 8.81079e-19)
(0.82261 0.429449 -4.42067e-19)
(0.790094 0.398443 0)
(0.760168 0.368249 -3.15078e-19)
(0.711254 0.33199 -1.90932e-19)
(0.615198 0.279242 -1.33828e-21)
(0.465195 0.207116 9.381e-19)
(0.288719 0.127448 7.88935e-19)
(0.127076 0.0558377 9.30606e-20)
(0.0163906 0.00718082 -7.49442e-19)
(0.608752 0.303585 1.82094e-20)
(1.1187 0.563016 -1.29508e-20)
(1.31112 0.672168 4.47952e-21)
(1.32754 0.692935 -2.03809e-20)
(1.27823 0.6823 -6.9368e-20)
(1.21034 0.661959 -9.29986e-20)
(1.13951 0.638809 0)
(1.06594 0.612062 -1.95831e-19)
(0.989869 0.580176 -9.85654e-20)
(0.912615 0.541247 3.51567e-19)
(0.845826 0.498909 0)
(0.797445 0.460086 0)
(0.762718 0.426096 2.83869e-19)
(0.731508 0.393927 3.40082e-19)
(0.684009 0.356245 -8.2214e-19)
(0.592891 0.301198 -1.22399e-18)
(0.450137 0.224826 0)
(0.279885 0.138505 -1.70186e-19)
(0.122673 0.0602999 0)
(0.0157918 0.00765936 -1.15297e-19)
(0.603063 0.326805 -8.04006e-20)
(1.10775 0.605547 2.28324e-20)
(1.29947 0.722737 2.05934e-20)
(1.31537 0.744563 0)
(1.26538 0.732185 0)
(1.1968 0.709421 9.28942e-20)
(1.12493 0.683807 -4.561e-21)
(1.04996 0.654612 -1.08852e-19)
(0.972038 0.620159 9.54224e-21)
(0.8923 0.578032 1.5961e-18)
(0.822819 0.531854 -8.06377e-19)
(0.772093 0.489358 2.46221e-19)
(0.735562 0.452465 -3.103e-19)
(0.703477 0.41824 1.10701e-18)
(0.656995 0.378672 6.67425e-19)
(0.569437 0.320617 2.6367e-19)
(0.431926 0.239334 0)
(0.266742 0.146182 5.52162e-19)
(0.114988 0.0622458 -1.0804e-19)
(0.0143938 0.00761543 8.73332e-19)
(0.598615 0.349341 -3.89637e-20)
(1.09721 0.645926 5.39729e-20)
(1.28724 0.770537 1.22713e-20)
(1.30246 0.793348 -5.5016e-21)
(1.25186 0.779368 5.33354e-20)
(1.18274 0.754438 9.22906e-20)
(1.11001 0.726686 0)
(1.03382 0.695373 -9.85704e-20)
(0.954129 0.658623 -5.17715e-19)
(0.871879 0.613483 0)
(0.799617 0.563585 -1.07914e-18)
(0.746603 0.517499 -2.64347e-19)
(0.708536 0.477697 6.59054e-19)
(0.675786 0.441197 0)
(0.629915 0.399231 0)
(0.544679 0.337502 2.85544e-19)
(0.41063 0.250457 -8.43045e-19)
(0.249716 0.150318 -7.94453e-19)
(0.104946 0.061911 -1.16686e-18)
(0.0124158 0.00710129 0)
(0.594886 0.371127 -1.40213e-19)
(1.08723 0.684387 6.0214e-20)
(1.27468 0.81566 3.36469e-20)
(1.28911 0.839345 1.34361e-20)
(1.23797 0.823913 1.58797e-20)
(1.16844 0.797068 2.47082e-19)
(1.09501 0.767483 -1.97856e-19)
(1.01773 0.734364 -4.33356e-19)
(0.93632 0.695585 -4.39443e-19)
(0.851523 0.64768 8.47672e-19)
(0.776364 0.59428 1.04194e-18)
(0.721021 0.544679 -7.21614e-19)
(0.681533 0.501859 -5.34059e-19)
(0.648219 0.462748 4.28853e-19)
(0.602601 0.417802 5.14569e-19)
(0.518695 0.351594 3.07723e-19)
(0.386715 0.258037 -7.27238e-19)
(0.22973 0.151014 0)
(0.0927751 0.0595166 -1.00652e-18)
(0.0101058 0.00622258 2.89753e-19)
(0.59223 0.392333 2.3096e-19)
(1.07728 0.721097 0)
(1.26207 0.858188 -4.54665e-21)
(1.27556 0.882654 -1.46584e-20)
(1.22395 0.865898 -3.78394e-20)
(1.15413 0.837375 1.16313e-19)
(1.08013 0.806245 0)
(1.00186 0.771603 0)
(0.918792 0.731062 -4.60577e-19)
(0.831411 0.680694 1.79229e-18)
(0.753213 0.624081 9.85476e-19)
(0.695395 0.571044 -1.51805e-19)
(0.654442 0.525008 1.88094e-19)
(0.620562 0.482839 4.61889e-19)
(0.574915 0.434239 0)
(0.491555 0.362662 1.98438e-18)
(0.360951 0.261881 1.17397e-18)
(0.208019 0.148268 9.23667e-19)
(0.0797988 0.0552045 0)
(0.00757583 0.00499978 -1.55767e-19)
(0.590087 0.412976 6.95225e-20)
(1.06783 0.755995 1.05623e-19)
(1.24953 0.898259 -4.33481e-20)
(1.26199 0.923373 -3.87164e-21)
(1.20996 0.905412 -1.98836e-20)
(1.13998 0.875444 -1.54107e-19)
(1.06552 0.843028 5.60059e-20)
(0.986356 0.807122 -1.16149e-19)
(0.901689 0.765078 -4.72682e-19)
(0.811715 0.712586 9.50194e-19)
(0.73033 0.653105 0)
(0.669783 0.59674 6.64937e-19)
(0.62716 0.547242 4.11459e-19)
(0.592602 0.50144 -4.98813e-19)
(0.54668 0.448366 -6.00664e-19)
(0.463299 0.370478 -3.54952e-19)
(0.333586 0.261809 8.43741e-19)
(0.185194 0.142372 -4.96468e-19)
(0.0665364 0.0495042 1.46514e-19)
(0.00509126 0.00360524 -1.6817e-19)
(0.588276 0.433141 3.22389e-21)
(1.05892 0.789133 -1.15739e-19)
(1.23724 0.93602 6.86952e-20)
(1.24855 0.961619 0)
(1.19616 0.942557 -2.14432e-20)
(1.12612 0.91136 1.35919e-19)
(1.05131 0.877885 -1.62443e-19)
(0.971337 0.84094 4.64539e-19)
(0.885132 0.797644 4.35526e-19)
(0.792586 0.743401 9.83889e-19)
(0.707856 0.681448 -1.1174e-18)
(0.644257 0.621922 0)
(0.599599 0.568735 -8.81645e-19)
(0.564084 0.518592 8.05428e-19)
(0.517665 0.459949 6.45268e-19)
(0.434037 0.374659 -3.82849e-19)
(0.305217 0.257671 0)
(0.162113 0.133617 -8.00191e-19)
(0.0536665 0.0427601 3.13868e-19)
(0.00278773 0.00214673 0)
(0.586706 0.452529 -9.8439e-20)
(1.0505 0.820552 -1.49298e-19)
(1.22521 0.971524 -8.46563e-20)
(1.23534 0.997496 -1.43483e-19)
(1.18265 0.977445 2.95506e-21)
(1.11265 0.945201 3.94495e-20)
(1.03756 0.910876 -2.56347e-19)
(0.956878 0.873088 4.18951e-19)
(0.869223 0.82878 5.29761e-19)
(0.774159 0.773165 6.2183e-20)
(0.685946 0.709187 -1.32398e-18)
(0.618917 0.646748 5.65275e-19)
(0.571697 0.589718 0)
(0.534719 0.534439 2.86327e-19)
(0.487468 0.46871 3.48801e-19)
(0.403716 0.374477 -8.2578e-19)
(0.276754 0.249009 -4.88985e-19)
(0.14025 0.122319 0)
(0.0421907 0.0355835 -3.36422e-19)
(0.000807074 0.000761581 0)
(0.585214 0.47102 0)
(1.04249 0.850344 2.47494e-19)
(1.2135 1.00486 -2.0992e-19)
(1.22247 1.03113 -1.87758e-20)
(1.16952 1.01018 1.47217e-20)
(1.09963 0.977056 1.22816e-19)
(1.02435 0.94205 9.7065e-20)
(0.943033 0.903593 -5.5249e-19)
(0.854035 0.858509 6.2357e-19)
(0.756528 0.801887 6.29793e-20)
(0.664741 0.736374 -2.50813e-18)
(0.593883 0.671363 0)
(0.543446 0.610477 -1.01242e-18)
(0.5042 0.549325 -6.20843e-19)
(0.45536 0.474473 3.71099e-19)
(0.371859 0.368864 0)
(0.249325 0.234485 0)
(0.122277 0.108031 0)
(0.0342819 0.0283456 -1.44596e-18)
(-0.000580222 -0.000430571 8.32628e-19)
(0.583982 0.48903 0)
(1.03485 0.87846 -2.95149e-19)
(1.20223 1.03621 -6.71804e-20)
(1.21 1.06263 9.06177e-20)
(1.15683 1.04086 9.92576e-21)
(1.08711 1.00701 -9.99264e-20)
(1.01169 0.971474 -1.37368e-19)
(0.929845 0.932504 1.02117e-18)
(0.839605 0.886845 0)
(0.739762 0.829565 -1.08769e-18)
(0.644372 0.763043 1.32121e-18)
(0.56931 0.695898 -1.10526e-19)
(0.514917 0.631302 2.75473e-19)
(0.47233 0.563793 -3.36939e-19)
(0.42034 0.477552 -3.98675e-19)
(0.336852 0.356736 0)
(0.222884 0.21069 -5.64427e-19)
(0.112838 0.0847984 -3.30251e-19)
(0.0398674 0.0150951 0)
(0.00374068 -0.00110381 -2.23561e-19)
(0.582479 0.505869 1.46609e-19)
(1.02762 0.904878 0)
(1.19137 1.06562 -1.44333e-19)
(1.19799 1.09212 9.96543e-20)
(1.1446 1.0696 -3.66463e-20)
(1.0751 1.03514 9.18296e-20)
(0.999596 0.999201 -1.69321e-19)
(0.917304 0.959848 -5.93492e-19)
(0.82594 0.913805 -7.81479e-20)
(0.723906 0.856193 1.36349e-18)
(0.624954 0.789186 1.38815e-18)
(0.545357 0.720467 -9.08694e-19)
(0.486277 0.652419 -2.156e-18)
(0.439184 0.578536 0)
(0.381465 0.479027 -6.49923e-19)
(0.295229 0.338439 0)
(0.191874 0.173343 -3.47628e-21)
(0.109783 0.0323161 -3.59456e-19)
(0.07939 -0.0288953 -4.12263e-19)
(0.0419619 0.0109887 -2.33381e-19)
(0.581188 0.522119 -1.84327e-21)
(1.02075 0.930031 -2.58902e-19)
(1.18088 1.09351 8.80917e-20)
(1.18632 1.12013 1.79182e-19)
(1.13262 1.09704 4.95275e-20)
(1.06331 1.06222 -5.86444e-20)
(0.987669 1.02615 -1.56265e-19)
(0.904917 0.986699 -6.86364e-20)
(0.812416 0.940635 -6.28872e-19)
(0.708128 0.883181 1.19413e-18)
(0.605405 0.816402 -8.08253e-20)
(0.520617 0.746899 -1.14306e-19)
(0.455608 0.675532 -9.84857e-19)
(0.402752 0.5955 3.52925e-19)
(0.335297 0.48076 -8.46668e-19)
(0.237932 0.315892 0)
(0.136441 0.122059 0)
(0.0552536 0.0825269 0)
(-0.0255085 0.546451 7.79457e-19)
(0.0135817 1.80377 4.95055e-19)
(0.579886 0.537631 9.28736e-20)
(1.01419 0.953919 -1.29018e-19)
(1.17072 1.11988 -2.75626e-19)
(1.17503 1.14671 -1.98346e-19)
(1.12092 1.12323 -5.56212e-20)
(1.05175 1.08825 -8.46688e-20)
(0.975979 1.05232 -1.45231e-19)
(0.892743 1.01303 0)
(0.799145 0.967285 6.44203e-20)
(0.692607 0.910497 -1.15418e-18)
(0.585981 0.844651 -1.34617e-18)
(0.495467 0.775529 -1.14502e-19)
(0.423014 0.700857 -1.12508e-18)
(0.363467 0.615115 8.82935e-19)
(0.282726 0.484469 8.54125e-19)
(0.158322 0.295615 0)
(0.052299 0.325365 0)
(0.0518323 1.49264 3.40069e-19)
(0.078009 2.75444 -7.73832e-19)
(0.09556 3.23576 2.32233e-19)
(0.57915 0.553165 -2.07137e-19)
(1.00821 0.976636 3.14583e-19)
(1.16086 1.14475 -5.56241e-20)
(1.16407 1.17181 0)
(1.10929 1.14801 -1.12762e-19)
(1.04026 1.11307 1.01589e-20)
(0.96447 1.07762 -1.47734e-19)
(0.880708 1.03869 -3.27445e-20)
(0.786052 0.993529 -5.47514e-19)
(0.677329 0.937897 1.22899e-18)
(0.566812 0.873683 -1.33576e-18)
(0.470327 0.806375 -8.86261e-19)
(0.388703 0.728459 0)
(0.322739 0.636518 7.02292e-19)
(0.229263 0.487105 8.39165e-19)
(0.0894396 0.516117 -4.90962e-19)
(0.0944648 1.87375 0)
(0.136651 3.05351 -6.49182e-19)
(0.129711 3.36804 0)
(0.118891 3.43229 1.38644e-19)
(0.579455 0.573377 1.8627e-21)
(1.00407 0.998468 -5.09052e-21)
(1.15111 1.16806 2.28098e-19)
(1.15342 1.19535 2.64274e-19)
(1.09751 1.17129 -1.37798e-19)
(1.0287 1.13671 -1.34108e-20)
(0.952818 1.10203 1.10871e-19)
(0.868662 1.06365 5.6035e-20)
(0.773012 1.01941 5.0446e-19)
(0.662251 0.965392 -1.08729e-18)
(0.547962 0.903501 -1.24923e-18)
(0.44542 0.839258 9.78707e-19)
(0.353 0.759793 1.43547e-19)
(0.280993 0.656848 0)
(0.18436 0.698605 3.19446e-23)
(0.12022 1.62104 0)
(0.174981 3.11658 5.73117e-19)
(0.174392 3.39595 8.89128e-19)
(0.157794 3.44964 -2.79112e-19)
(0.137893 3.46083 -5.22225e-19)
(0.982208 1.14235 0)
(0.902441 1.10596 -1.75063e-19)
(0.812432 1.06583 4.42405e-19)
(0.708643 1.01879 0)
(0.591958 0.963172 1.13528e-18)
(0.477073 0.903443 -8.14345e-19)
(0.373473 0.842592 0)
(0.155935 3.48887 0)
(0.554902 0.562165 2.55846e-19)
(0.836353 0.867918 3.82908e-19)
(1.09442 1.15806 -3.0257e-19)
(1.14128 1.23389 -4.29704e-19)
(1.10806 1.2306 1.52708e-19)
(1.04495 1.19952 -1.37489e-20)
(0.973018 1.16574 -3.51814e-20)
(0.893395 1.13052 -2.69014e-19)
(0.80308 1.09157 -2.24548e-20)
(0.69849 1.04651 -1.90588e-18)
(0.579634 0.99391 -2.4148e-18)
(0.460487 0.93795 7.85635e-19)
(0.349812 0.880578 -7.00534e-21)
(0.247281 0.830019 -4.81009e-19)
(0.197299 1.49641 0)
(0.262781 3.0778 4.24821e-19)
(0.285791 3.44265 1.19364e-20)
(0.257098 3.49211 -2.469e-19)
(0.220686 3.50892 1.82705e-19)
(0.560544 0.582818 0)
(0.831967 0.884711 3.03223e-19)
(1.08551 1.17809 7.13323e-20)
(1.13031 1.25577 4.46979e-20)
(1.09662 1.25278 0)
(1.03346 1.22179 4.47523e-20)
(0.961816 1.18845 1.49399e-21)
(0.881988 1.15389 -1.05952e-20)
(0.791321 1.11587 -3.86168e-19)
(0.685862 1.07256 1.82223e-18)
(0.565197 1.02322 0)
(0.443034 0.972312 7.43259e-19)
(0.32398 0.918398 -9.37636e-19)
(0.246127 1.02134 0)
(0.280484 2.33674 1.20877e-18)
(0.354406 3.37476 3.4896e-19)
(0.327119 3.51105 6.45239e-21)
(0.291885 3.54367 -4.58691e-19)
(0.251334 3.56412 -1.56472e-19)
(0.563607 0.604312 2.53626e-19)
(0.826554 0.902936 0)
(1.07643 1.20082 3.02455e-19)
(1.11964 1.27985 4.77577e-19)
(1.08548 1.27725 7.30855e-20)
(1.02245 1.2463 -2.00832e-20)
(0.95096 1.21316 -3.78871e-20)
(0.871144 1.17903 1.76777e-19)
(0.78036 1.14193 -1.74734e-20)
(0.674396 1.10043 8.44013e-19)
(0.552673 1.05475 1.07075e-18)
(0.429008 1.00961 -6.2333e-19)
(0.313383 0.973199 -9.14662e-19)
(0.282202 1.38961 1.38041e-19)
(0.371577 3.05247 5.93617e-19)
(0.421664 3.48644 -2.79942e-19)
(0.365308 3.55037 -1.82209e-19)
(0.32935 3.59192 -5.64073e-20)
(0.28457 3.65229 8.8061e-20)
(0.563189 0.624406 1.32093e-19)
(0.819513 0.92246 -3.00983e-19)
(1.06609 1.2252 -1.56303e-19)
(1.10779 1.30512 -4.0419e-19)
(1.07317 1.30254 5.31789e-20)
(1.01048 1.27161 -2.33216e-19)
(0.939422 1.23869 1.26731e-20)
(0.859962 1.20503 -1.46035e-19)
(0.769362 1.16884 0)
(0.663317 1.12924 7.00315e-19)
(0.541082 1.08729 0)
(0.416697 1.04787 -6.4345e-19)
(0.313255 1.05703 0)
(0.34267 1.92797 8.69754e-19)
(0.456467 3.35394 -2.43119e-19)
(0.47022 3.54228 -3.74231e-19)
(0.420294 3.58593 1.2702e-19)
(0.375786 3.66483 1.96581e-20)
(0.344983 3.67901 -2.74475e-20)
(0.560009 0.643115 -4.97236e-19)
(0.811273 0.943004 -6.08521e-19)
(1.0544 1.25108 -1.60427e-19)
(1.0946 1.33163 9.45124e-20)
(1.0597 1.32877 -4.33662e-19)
(0.997512 1.29771 3.604e-20)
(0.92712 1.26492 -5.1171e-21)
(0.848233 1.23164 1.85307e-19)
(0.758075 1.19627 -2.28892e-19)
(0.652324 1.15856 -9.17442e-21)
(0.530185 1.12031 7.26358e-21)
(0.40593 1.08744 0)
(0.327633 1.20049 7.80905e-19)
(0.42133 2.54761 2.0729e-19)
(0.532563 3.47839 0)
(0.511975 3.57125 0)
(0.480785 3.64082 0)
(0.451688 3.66468 6.11272e-20)
(0.394752 3.52448 -3.3368e-19)
(0.555703 0.661736 -4.89641e-19)
(0.802103 0.964763 -2.0361e-19)
(1.04147 1.27838 3.04625e-19)
(1.08025 1.35944 -3.06015e-19)
(1.04531 1.35608 0)
(0.983854 1.32468 2.92172e-20)
(0.914349 1.2918 1.03828e-19)
(0.836259 1.25867 5.18613e-20)
(0.746842 1.22396 0)
(0.641802 1.18797 -1.18164e-18)
(0.520428 1.15316 7.80659e-19)
(0.399148 1.12964 -4.32773e-19)
(0.359441 1.4187 3.74507e-20)
(0.502612 3.03758 8.11728e-19)
(0.592956 3.53334 0)
(0.554512 3.59269 4.06642e-20)
(0.537993 3.64349 6.97249e-20)
(0.504367 3.55763 0)
(0.471047 3.00418 0)
(0.0636157 0.764305 0)
(0.549874 0.679778 0)
(0.79185 0.987502 0)
(1.02727 1.30725 -4.56212e-19)
(1.06456 1.38881 -4.02488e-19)
(1.0297 1.38489 0)
(0.969196 1.35311 3.15485e-20)
(0.90077 1.32005 0)
(0.823706 1.287 1.71389e-20)
(0.73532 1.25294 1.01645e-20)
(0.63141 1.21879 -4.97497e-19)
(0.511486 1.1876 -6.95571e-19)
(0.396851 1.18154 4.86968e-19)
(0.408092 1.72286 5.677e-19)
(0.579048 3.31473 0)
(0.640622 3.56349 2.51014e-19)
(0.598655 3.61323 2.5981e-21)
(0.577121 3.59472 9.59574e-20)
(0.500029 3.17119 1.97176e-19)
(0.196623 1.24151 1.36673e-19)
(-0.0829809 -0.120973 -4.62332e-19)
(0.543185 0.698378 -2.39932e-19)
(0.780567 1.01166 -3.96834e-19)
(1.0116 1.33762 1.5247e-19)
(1.04733 1.41977 -7.21176e-19)
(1.01268 1.41526 -2.58246e-19)
(0.95334 1.38312 -6.76149e-20)
(0.886216 1.34988 1.40516e-20)
(0.810456 1.31695 1.17877e-20)
(0.723442 1.28361 9.54877e-20)
(0.621143 1.25143 -2.05412e-20)
(0.503468 1.22423 -3.75008e-20)
(0.40147 1.25222 4.04916e-19)
(0.472565 2.10064 0)
(0.650505 3.45455 7.71138e-20)
(0.676214 3.58762 0)
(0.643534 3.60152 -4.49367e-20)
(0.579069 3.39561 -2.5007e-19)
(0.343136 2.05695 -1.01066e-19)
(-0.029722 0.0283076 1.30443e-19)
(-0.0971414 -0.155927 -3.8602e-19)
(0.53467 0.716851 -5.03614e-21)
(0.767599 1.03698 -1.94408e-19)
(0.994252 1.36936 -1.50887e-19)
(1.02841 1.4523 6.03817e-19)
(0.994115 1.44715 0)
(0.936164 1.41463 -3.09057e-19)
(0.87061 1.38122 4.61565e-20)
(0.796469 1.34842 -1.79685e-19)
(0.711223 1.31586 5.77988e-20)
(0.61107 1.28576 1.49959e-20)
(0.496697 1.26322 0)
(0.416161 1.35214 -4.07768e-19)
(0.553013 2.54935 8.07159e-20)
(0.713865 3.52647 5.43554e-20)
(0.709045 3.59629 0)
(0.671099 3.53386 0)
(0.509994 2.82347 3.19643e-21)
(0.0688586 0.391418 -9.54129e-20)
(-0.102322 -0.158264 5.66506e-19)
(-0.0813791 -0.125815 5.41278e-19)
(0.524227 0.734867 2.28953e-19)
(0.752597 1.06298 -3.81315e-19)
(0.974947 1.40244 -5.7971e-19)
(1.00763 1.48632 1.01335e-18)
(0.973874 1.48049 -1.22058e-19)
(0.917571 1.44757 -3.23231e-19)
(0.853885 1.41396 1.68684e-19)
(0.781719 1.3813 3.60526e-20)
(0.698685 1.34956 2.17215e-20)
(0.601284 1.32156 9.69648e-21)
(0.491599 1.30489 3.82861e-20)
(0.443258 1.49525 1.94812e-19)
(0.637625 2.95559 2.55457e-19)
(0.765168 3.56425 -2.49941e-20)
(0.741611 3.58527 1.27259e-20)
(0.663685 3.31659 -1.60205e-19)
(0.321066 1.67721 1.30587e-19)
(-0.0708431 -0.0758749 8.69788e-20)
(-0.100903 -0.175977 2.09118e-19)
(-0.0647711 -0.10284 -2.45213e-19)
(0.511528 0.752002 2.23345e-19)
(0.735171 1.08904 1.8764e-19)
(0.953316 1.43676 2.90212e-19)
(0.984768 1.52172 0)
(0.95181 1.51514 1.50437e-19)
(0.897462 1.4818 0)
(0.835977 1.44796 5.40986e-20)
(0.766199 1.41545 1.4193e-19)
(0.68587 1.38455 1.67902e-20)
(0.591874 1.35865 1.01013e-20)
(0.488693 1.35 -4.06038e-20)
(0.483277 1.68496 -1.85329e-19)
(0.716537 3.24911 4.10754e-20)
(0.803894 3.57654 -9.40972e-21)
(0.763793 3.53122 -1.23507e-19)
(0.592883 2.84581 -1.36981e-20)
(0.0610293 0.29832 -3.06548e-21)
(-0.105681 -0.168381 4.05317e-19)
(-0.0958872 -0.165075 -7.57561e-19)
(-0.0521161 -0.0837346 0)
(0.496116 0.767585 4.43869e-19)
(0.714707 1.11433 -3.57753e-19)
(0.928801 1.47181 -5.76939e-19)
(0.959561 1.55826 0)
(0.927746 1.55092 1.41116e-19)
(0.875718 1.51712 -3.6067e-19)
(0.816817 1.483 2.0199e-19)
(0.749889 1.45064 -3.03512e-20)
(0.672827 1.42062 6.68337e-20)
(0.582935 1.3967 -5.65343e-20)
(0.488609 1.40053 3.51441e-20)
(0.534904 1.91875 2.50391e-20)
(0.783855 3.41394 -3.75436e-20)
(0.837686 3.57551 -2.81565e-20)
(0.763009 3.39721 1.57645e-19)
(0.431422 2.01664 -6.02439e-21)
(-0.0635201 -0.0768265 -6.38955e-20)
(-0.10293 -0.207652 2.23985e-19)
(-0.076407 -0.157833 4.42681e-20)
(-0.038942 -0.0701427 0)
(0.477237 0.780361 8.63161e-19)
(0.690508 1.13789 -8.57782e-21)
(0.90101 1.50689 2.71387e-19)
(0.931716 1.5956 0)
(0.901499 1.58753 4.32132e-19)
(0.852205 1.55324 -1.83937e-19)
(0.796332 1.5188 6.07821e-20)
(0.732777 1.48659 -2.98885e-19)
(0.659593 1.45746 5.27303e-20)
(0.574543 1.43541 0)
(0.492222 1.45816 -3.24274e-20)
(0.594087 2.17505 -1.18872e-20)
(0.841357 3.50105 -2.7809e-21)
(0.864193 3.56209 -1.47435e-19)
(0.726832 3.13633 1.54667e-19)
(0.205784 0.842274 0)
(-0.0953859 -0.156394 2.38949e-19)
(-0.106127 -0.217105 1.38666e-19)
(-0.0622816 -0.135879 -3.28717e-19)
(-0.0237931 -0.0466335 -3.8707e-19)
(0.454576 0.789372 8.34337e-19)
(0.661905 1.15846 -7.9664e-21)
(0.869287 1.54112 -2.77008e-19)
(0.900898 1.63323 -1.98296e-19)
(0.872861 1.62455 -2.85589e-19)
(0.82679 1.58975 1.98503e-19)
(0.774437 1.55496 1.09937e-19)
(0.714843 1.52287 6.20374e-20)
(0.6462 1.49465 -2.99249e-20)
(0.566733 1.47461 -1.02327e-20)
(0.500299 1.52328 -6.64981e-21)
(0.662111 2.46771 5.54677e-21)
(0.887744 3.5389 -2.70263e-20)
(0.880595 3.51981 0)
(0.648979 2.73778 -1.54571e-19)
(0.00663956 0.152226 1.04857e-19)
(-0.151315 -0.204629 -5.21572e-19)
(-0.134799 -0.226063 0)
(-0.0690457 -0.127119 3.06391e-19)
(-0.0209955 -0.0378825 0)
(0.426671 0.793136 1.97232e-19)
(0.62843 1.17395 1.68427e-19)
(0.832933 1.57343 -5.25762e-19)
(0.866901 1.67017 -3.97199e-19)
(0.841626 1.66138 -5.77235e-19)
(0.799346 1.62612 1.88391e-19)
(0.751067 1.59096 0)
(0.69604 1.55901 1.32387e-19)
(0.632667 1.53162 -4.65903e-20)
(0.559438 1.51404 -7.35106e-20)
(0.51205 1.59622 0)
(0.729503 2.7473 1.72971e-20)
(0.924194 3.55036 -1.14979e-19)
(0.886272 3.43674 -3.45609e-19)
(0.537163 2.21805 -9.5636e-20)
(-0.0110074 -0.0414622 3.38124e-21)
(-0.0857135 -0.302206 -2.2478e-19)
(-0.0615737 -0.278072 -1.81732e-19)
(-0.0149862 -0.132396 -3.5231e-20)
(0.00688056 -0.0156985 2.84574e-19)
(0.393738 0.789622 -1.92756e-19)
(0.589132 1.18186 1.63051e-19)
(0.791562 1.60187 5.34494e-19)
(0.82936 1.70542 4.02558e-19)
(0.807708 1.69727 2.96531e-19)
(0.769772 1.66165 2.00794e-19)
(0.726158 1.62617 3.68832e-19)
(0.676342 1.59439 3.21485e-19)
(0.618984 1.56771 -6.25796e-20)
(0.552674 1.55297 -1.22971e-19)
(0.525889 1.67649 -8.22087e-20)
(0.7912 2.97666 -9.68046e-20)
(0.948988 3.5524 1.34219e-19)
(0.882069 3.30403 -1.33549e-19)
(0.413982 1.60773 -9.64853e-20)
(-0.100872 -0.241781 -3.22667e-19)
(-0.0430194 -0.429118 2.30366e-19)
(0.0406372 -0.299447 -2.49625e-19)
(0.103397 -0.033248 3.12553e-19)
(0.0930207 0.121538 -1.96214e-21)
(0.355106 0.775641 0)
(0.542707 1.17947 6.23015e-19)
(0.744701 1.62389 -4.88138e-19)
(0.788115 1.73772 3.91332e-19)
(0.771103 1.73135 -1.31055e-20)
(0.738016 1.69554 -5.57723e-21)
(0.699673 1.65981 1.24259e-20)
(0.655726 1.6283 8.97035e-20)
(0.605082 1.60225 5.71052e-20)
(0.546547 1.59036 2.73812e-20)
(0.540667 1.75917 8.78449e-21)
(0.84281 3.14505 -6.07369e-20)
(0.961889 3.5528 -7.36637e-20)
(0.852585 3.13543 1.01443e-19)
(0.349399 1.01008 -5.98685e-20)
(-0.052603 -0.478548 8.62269e-20)
(-0.0156952 -0.548807 -2.37633e-19)
(0.102207 -0.224775 5.93817e-19)
(0.192683 0.189968 -4.64052e-20)
(0.16979 0.34423 -5.2811e-20)
(0.310247 0.746677 -1.79786e-19)
(0.487861 1.16171 0)
(0.691803 1.63643 -2.38707e-19)
(0.743019 1.76522 -1.84332e-19)
(0.731829 1.76239 -2.15914e-20)
(0.704126 1.7268 -1.82294e-19)
(0.671637 1.69103 -2.56161e-19)
(0.634172 1.65982 -1.70905e-19)
(0.590944 1.6345 -3.43613e-19)
(0.541409 1.62503 -7.9125e-20)
(0.555134 1.83572 6.81144e-20)
(0.883391 3.25374 -1.44661e-19)
(0.962354 3.55714 -1.09094e-20)
(0.760892 2.976 0)
(0.0422626 0.305602 -4.32553e-20)
(-0.207543 -0.532257 8.89072e-20)
(-0.151299 -0.499212 1.79352e-19)
(0.023667 0.026222 0)
(0.131942 0.423342 -5.20419e-20)
(0.134645 0.39384 -8.40682e-19)
(0.258914 0.697377 6.83945e-19)
(0.425841 1.12133 1.95187e-23)
(0.632787 1.63497 4.4112e-19)
(0.693869 1.78591 -1.65908e-19)
(0.690118 1.78895 0)
(0.668319 1.75432 -1.82636e-19)
(0.642121 1.71878 1.24789e-19)
(0.611646 1.68807 3.54695e-19)
(0.576599 1.66341 -1.30067e-19)
(0.537433 1.65547 1.58127e-19)
(0.566366 1.89736 -1.43944e-19)
(0.924013 3.31799 -8.11833e-20)
(0.981942 3.5847 -1.33834e-19)
(0.716739 2.91298 -6.43608e-20)
(-0.159349 0.318437 6.12319e-19)
(-0.418196 -0.698822 3.18952e-19)
(-0.268066 -0.571017 8.16125e-20)
(-0.033833 0.0334789 -3.65045e-19)
(0.103272 0.381684 -5.50025e-20)
(0.0888966 0.275793 1.00856e-18)
(0.202583 0.619779 0)
(0.358271 1.0497 0)
(0.570266 1.61337 0)
(0.640434 1.79639 3.19818e-19)
(0.646148 1.80917 2.36612e-19)
(0.630921 1.77698 3.51218e-19)
(0.61122 1.74202 -1.27444e-19)
(0.588165 1.71192 2.70783e-19)
(0.561927 1.68765 2.393e-19)
(0.53413 1.68023 0)
(0.570917 1.92865 -1.45134e-19)
(0.979834 3.33632 1.66433e-19)
(1.06472 3.60358 0)
(0.856863 2.93148 0)
(0.103682 0.536753 -1.84318e-19)
(-0.272909 -0.862143 2.37696e-19)
(-0.22662 -0.668158 0)
(-0.00766983 0.0261802 -7.98235e-19)
(0.0841126 0.33986 9.23252e-19)
(0.0623936 0.227414 -1.07537e-18)
(0.144809 0.507191 0)
(0.285939 0.937072 -6.45359e-20)
(0.502599 1.56238 -4.86783e-19)
(0.585674 1.79232 -3.84849e-19)
(0.600507 1.82107 -2.33384e-19)
(0.592399 1.7939 -2.57394e-19)
(0.579 1.75987 0)
(0.563408 1.73023 0)
(0.546469 1.70562 -1.19077e-19)
(0.530987 1.69747 -8.5997e-20)
(0.575461 1.92163 -1.41736e-19)
(1.01945 3.29375 0)
(1.13425 3.56805 7.28727e-21)
(0.953081 2.94092 7.20782e-20)
(0.248092 0.525225 -2.82097e-19)
(-0.384533 -0.577844 -1.67493e-19)
(-0.421869 -0.620959 -3.52608e-19)
(-0.0633055 -0.0306817 8.02715e-19)
(0.11325 0.336696 9.25786e-19)
(0.0845927 0.258413 -3.40186e-20)
(0.0904613 0.370232 -5.47126e-19)
(0.204725 0.762498 4.51456e-19)
(0.429724 1.46902 3.53658e-19)
(0.529908 1.76854 0)
(0.55466 1.82425 2.06018e-19)
(0.553407 1.805 -1.57457e-19)
(0.545321 1.77189 -6.08123e-21)
(0.536644 1.74222 -2.29509e-21)
(0.528478 1.71581 -2.35833e-19)
(0.525233 1.70263 0)
(0.570537 1.87543 -7.82867e-20)
(1.01305 3.17931 1.50546e-22)
(1.12154 3.54653 5.68041e-20)
(0.942513 3.1071 9.50554e-20)
(0.135513 1.03586 1.37631e-19)
(-0.624747 0.0917576 -5.23414e-20)
(-0.92791 -0.704249 -6.92563e-20)
(-0.938022 -1.00341 3.6348e-19)
(-0.467101 -0.464501 4.28864e-19)
(0.0265244 0.338079 4.92717e-19)
(0.045547 0.223311 -2.42018e-19)
(0.125434 0.537181 2.51846e-19)
(0.349827 1.31149 4.11531e-20)
(0.47232 1.71585 0)
(0.508645 1.81678 0)
(0.513866 1.81067 1.41395e-19)
(0.509863 1.77832 -5.36411e-20)
(0.506478 1.74813 0)
(0.505699 1.7181 -5.42688e-20)
(0.512777 1.69663 8.02127e-20)
(0.557122 1.80459 0)
(0.972729 2.97406 -8.84556e-20)
(1.18048 3.55953 0)
(1.15642 3.44351 -1.36589e-19)
(0.75882 2.05141 5.99239e-19)
(0.281685 1.07819 -5.02612e-20)
(-0.169924 -0.0784004 -1.05478e-19)
(-0.462825 -1.25765 0)
(-0.602191 -1.82111 8.75663e-19)
(-0.368406 -1.57121 -9.02057e-19)
(0.0165374 0.0906169 1.36008e-20)
(0.059836 0.290384 -2.00097e-19)
(0.251645 1.04065 -3.67448e-20)
(0.410324 1.61494 0)
(0.462462 1.79367 4.47794e-20)
(0.47221 1.807 1.30597e-19)
(0.471848 1.7806 2.37613e-20)
(0.471588 1.74869 3.68089e-20)
(0.47496 1.71455 5.23431e-20)
(0.491199 1.67899 0)
(0.540819 1.72905 -1.26778e-19)
(0.87764 2.59652 -5.01292e-21)
(1.25735 3.45397 -4.53627e-20)
(1.3781 3.45417 0)
(1.30514 2.9143 -3.20275e-19)
(0.83261 1.5112 -2.03313e-20)
(0.539443 0.269889 -5.58626e-19)
(0.187077 -0.706064 -1.16618e-18)
(-0.0581851 -1.48452 6.04242e-19)
(-0.212864 -1.98526 -4.29404e-21)
(0.00440934 -0.00268389 2.69463e-33)
(0.0216943 0.0865313 -1.00557e-20)
(0.13837 0.644989 -7.31947e-20)
(0.323912 1.39984 -1.31674e-20)
(0.409358 1.73676 0)
(0.42828 1.79679 4.45859e-20)
(0.429674 1.78197 1.1278e-20)
(0.429473 1.74601 3.77915e-22)
(0.434618 1.70505 0)
(0.450371 1.65463 8.36086e-34)
(0.496284 1.64404 -1.25255e-20)
(0.681455 1.995 0)
(1.14906 3.14346 -1.95737e-20)
(1.33631 3.28519 9.64677e-21)
(1.36405 3.0419 0)
(1.21484 2.32031 0)
(0.911503 1.30335 0)
(0.591305 0.313041 2.48513e-21)
(0.31718 -0.548577 4.05518e-21)
(0.0642381 -1.13995 1.65179e-19)
(-0.000244373 -0.0307167 0)
(0.00761075 -0.0255403 0)
(0.0558771 0.25822 0)
(0.212478 1.03635 0)
(0.340459 1.61613 0)
(0.377436 1.77831 0)
(0.381755 1.78151 0)
(0.381603 1.74227 0)
(0.386448 1.69369 0)
(0.394533 1.63239 0)
(0.434652 1.57647 0)
(0.507183 1.70981 0)
(0.939544 2.70092 0)
(1.13336 3.11945 0)
(1.16864 3.03924 0)
(1.10341 2.63587 0)
(0.900181 1.90915 0)
(0.635614 1.11747 0)
(0.360152 0.389796 0)
(0.111137 -0.185892 0)
(-5.09968e-05 -0.0329097 0)
(0.00492659 -0.0773636 0)
(0.0289482 0.0620141 0)
(0.118185 0.656753 0)
(0.262221 1.43293 0)
(0.319469 1.74223 0)
(0.32736 1.77514 0)
(0.326894 1.74035 0)
(0.329406 1.68421 0)
(0.333804 1.61411 0)
(0.351361 1.5373 0)
(0.387958 1.57885 0)
(0.641267 2.28999 0)
(0.914918 3.00808 0)
(0.936379 3.04768 0)
(0.898669 2.89131 0)
(0.751856 2.37876 0)
(0.537167 1.7452 0)
(0.311442 1.13322 0)
(0.0978788 0.617215 0)
(-0.000111215 -0.0357299 0)
(0.00340669 -0.112271 0)
(0.0201057 -0.0365789 0)
(0.0655901 0.385168 0)
(0.18536 1.2245 0)
(0.254838 1.68805 0)
(0.266439 1.76773 0)
(0.266449 1.74094 0)
(0.266357 1.67955 0)
(0.270882 1.60681 0)
(0.272121 1.52626 0)
(0.301346 1.53592 0)
(0.364825 1.94052 0)
(0.680021 2.89167 0)
(0.704193 3.0793 0)
(0.659222 3.04282 0)
(0.561602 2.75744 0)
(0.395865 2.25219 0)
(0.224144 1.74054 0)
(0.0616891 1.24119 0)
(-0.000376726 -0.0348363 0)
(0.00635547 -0.146261 0)
(0.027199 -0.107982 0)
(0.0538098 0.23199 0)
(0.123903 1.04058 0)
(0.186561 1.62644 0)
(0.198891 1.75918 0)
(0.200995 1.74065 0)
(0.201979 1.67648 0)
(0.208544 1.60602 0)
(0.205616 1.52348 0)
(0.219324 1.52415 0)
(0.227949 1.75253 0)
(0.445113 2.71591 0)
(0.502998 3.10042 0)
(0.452782 3.14638 0)
(0.392693 3.03184 0)
(0.268124 2.63903 0)
(0.143353 2.20381 0)
(0.0269347 1.66592 0)
(0.000800905 -0.0481985 0)
(0.024202 -0.233001 0)
(0.0580773 -0.189489 0)
(0.0677018 0.18232 0)
(0.0787945 0.925277 0)
(0.114567 1.57631 0)
(0.123842 1.748 0)
(0.130243 1.7351 0)
(0.137954 1.66928 0)
(0.148641 1.60167 0)
(0.148759 1.52117 0)
(0.151714 1.51998 0)
(0.150822 1.68364 0)
(0.276141 2.55973 0)
(0.328776 3.12138 0)
(0.295402 3.24855 0)
(0.248037 3.21173 0)
(0.161488 2.91949 0)
(0.0754238 2.53414 0)
(0.00263772 1.89864 0)
(0.00402222 -0.105628 0)
(0.0416433 -0.379498 0)
(0.0670561 -0.244494 0)
(0.052119 0.210172 0)
(0.0218697 0.915238 0)
(0.0255119 1.55297 0)
(0.0381073 1.73104 0)
(0.0556055 1.71916 0)
(0.0747649 1.65486 0)
(0.0929387 1.59162 0)
(0.100636 1.51854 0)
(0.104261 1.52192 0)
(0.109589 1.66552 0)
(0.158986 2.43514 0)
(0.199154 3.12431 0)
(0.172932 3.32406 0)
(0.133845 3.33477 0)
(0.0762608 3.10793 0)
(0.0199165 2.74813 0)
(-0.0157921 1.96189 0)
(0.00577134 -0.198188 0)
(0.0260694 -0.469069 0)
(0.0141399 -0.20617 0)
(-0.0262178 0.316517 0)
(-0.0745768 0.98791 0)
(-0.0810636 1.54496 0)
(-0.0534542 1.69808 0)
(-0.0172682 1.68838 0)
(0.0163098 1.631 0)
(0.044185 1.57729 0)
(0.0616083 1.51381 0)
(0.0691854 1.52352 0)
(0.0782046 1.66071 0)
(0.0847076 2.37047 0)
(0.103103 3.12737 0)
(0.0851933 3.37719 0)
(0.0540306 3.417 0)
(0.0179182 3.2264 0)
(-0.0146835 2.86942 0)
(-0.0197195 1.92531 0)
(0.00199721 -0.240958 0)
(-0.0147032 -0.42225 0)
(-0.0621995 -0.0803674 0)
(-0.121438 0.453799 0)
(-0.169975 1.06851 0)
(-0.171112 1.51299 0)
(-0.127825 1.63748 0)
(-0.0769513 1.63929 0)
(-0.0311513 1.59652 0)
(0.00477724 1.55519 0)
(0.0283066 1.50154 0)
(0.0408565 1.51736 0)
(0.0514644 1.65954 0)
(0.0423198 2.35352 0)
(0.0372647 3.14088 0)
(0.0234935 3.42007 0)
(0.000874491 3.47524 0)
(-0.019397 3.29515 0)
(-0.0355993 2.91773 0)
(-0.0203852 1.81093 0)
(-0.00333083 -0.201232 0)
(-0.043436 -0.256882 0)
(-0.108699 0.101251 0)
(-0.175174 0.601403 0)
(-0.219352 1.12277 0)
(-0.209688 1.45258 0)
(-0.162665 1.55969 0)
(-0.111155 1.57579 0)
(-0.0630475 1.55313 0)
(-0.0241014 1.52727 0)
(0.00228219 1.4872 0)
(0.0189821 1.51046 0)
(0.0300831 1.663 0)
(0.0126265 2.3708 0)
(-0.00449879 3.15952 0)
(-0.0175773 3.45183 0)
(-0.031691 3.51107 0)
(-0.0422621 3.3273 0)
(-0.0444743 2.90792 0)
(-0.0177561 1.67653 0)
(-0.00503208 -0.109642 0)
(-0.049424 -0.0489131 0)
(-0.114703 0.292805 0)
(-0.17654 0.733203 0)
(-0.211808 1.15138 0)
(-0.199961 1.39415 0)
(-0.162118 1.48952 0)
(-0.119291 1.51598 0)
(-0.0771084 1.51073 0)
(-0.0415461 1.49955 0)
(-0.0151739 1.47134 0)
(0.00198108 1.49969 0)
(0.0106098 1.66389 0)
(-0.00930345 2.40107 0)
(-0.0312493 3.18243 0)
(-0.0422197 3.47541 0)
(-0.0503655 3.52944 0)
(-0.0533657 3.33262 0)
(-0.0463468 2.86187 0)
(-0.0145262 1.54473 0)
(-0.00368118 -0.0194964 0)
(-0.0397524 0.142901 0)
(-0.0929994 0.461216 0)
(-0.141824 0.840884 0)
(-0.16937 1.17332 0)
(-0.1632 1.35785 0)
(-0.139919 1.44097 0)
(-0.109802 1.47035 0)
(-0.078201 1.47582 0)
(-0.0495778 1.47441 0)
(-0.0272931 1.45583 0)
(-0.0121173 1.49144 0)
(-0.00572398 1.66692 0)
(-0.026319 2.43526 0)
(-0.0469069 3.20132 0)
(-0.0559994 3.48993 0)
(-0.0587008 3.53398 0)
(-0.0558387 3.31979 0)
(-0.0434507 2.79488 0)
(-0.0116285 1.4276 0)
(-0.00222379 0.0430089 0)
(-0.0257167 0.286763 0)
(-0.0636904 0.590899 0)
(-0.0993881 0.924042 0)
(-0.120938 1.19637 0)
(-0.121396 1.34229 0)
(-0.110499 1.41309 0)
(-0.0926904 1.43992 0)
(-0.0718922 1.45085 0)
(-0.0514733 1.45516 0)
(-0.0345273 1.44398 0)
(-0.0221769 1.48457 0)
(-0.0193785 1.67323 0)
(-0.0388209 2.46793 0)
(-0.0563024 3.21712 0)
(-0.0615633 3.49704 0)
(-0.0600519 3.52888 0)
(-0.0539644 3.29686 0)
(-0.0390066 2.72046 0)
(-0.00938745 1.32749 0)
(-0.00106773 0.0783923 0)
(-0.0143188 0.38043 0)
(-0.0390095 0.682496 0)
(-0.0639445 0.985132 0)
(-0.0808201 1.21959 0)
(-0.0855365 1.34107 0)
(-0.0826377 1.40036 0)
(-0.0737582 1.42235 0)
(-0.0619819 1.43488 0)
(-0.049079 1.44175 0)
(-0.0380352 1.43504 0)
(-0.0306398 1.48106 0)
(-0.0307758 1.68125 0)
(-0.0471496 2.4923 0)
(-0.06022 3.22714 0)
(-0.0617773 3.4968 0)
(-0.0579893 3.51777 0)
(-0.0502427 3.26932 0)
(-0.0348029 2.64591 0)
(-0.00772774 1.24215 0)
(-0.000421381 0.0953905 0)
(-0.00691018 0.434399 0)
(-0.0215751 0.743025 0)
(-0.0382521 1.02865 0)
(-0.0511553 1.24088 0)
(-0.0576469 1.34737 0)
(-0.0594623 1.39734 0)
(-0.0566451 1.41437 0)
(-0.0514725 1.42613 0)
(-0.0446536 1.43382 0)
(-0.0389769 1.43027 0)
(-0.036895 1.48097 0)
(-0.0406823 1.69141 0)
(-0.0536719 2.50671 0)
(-0.060366 3.2314 0)
(-0.0593967 3.49267 0)
(-0.0544468 3.5036 0)
(-0.0465366 3.241 0)
(-0.0314664 2.57381 0)
(-0.0065011 1.16817 0)
(-0.000101437 0.102091 0)
(-0.0027638 0.461947 0)
(-0.0107436 0.780444 0)
(-0.0213633 1.05857 0)
(-0.0308323 1.2592 0)
(-0.0375991 1.35702 0)
(-0.0417655 1.39965 0)
(-0.0425657 1.41254 0)
(-0.0415685 1.4226 0)
(-0.0391809 1.43034 0)
(-0.0379377 1.4295 0)
(-0.0402011 1.48451 0)
(-0.0465698 1.70312 0)
(-0.0561971 2.51007 0)
(-0.0574594 3.23191 0)
(-0.0554718 3.48626 0)
(-0.0509635 3.48952 0)
(-0.0437623 3.21437 0)
(-0.0292376 2.50394 0)
(-0.00556177 1.10255 0)
(4.02228e-05 0.103716 0)
(-0.000785438 0.474384 0)
(-0.00488609 0.802272 0)
(-0.011351 1.07831 0)
(-0.0179593 1.27387 0)
(-0.0239977 1.36744 0)
(-0.0290397 1.40459 0)
(-0.0316485 1.41418 0)
(-0.033051 1.42244 0)
(-0.0333124 1.42978 0)
(-0.0341331 1.4318 0)
(-0.0386066 1.49021 0)
(-0.0453685 1.71395 0)
(-0.0548674 2.50693 0)
(-0.0522409 3.23062 0)
(-0.051166 3.48046 0)
(-0.0482864 3.47782 0)
(-0.0426422 3.19035 0)
(-0.0283435 2.43425 0)
(-0.00492568 1.04239 0)
(8.14649e-05 0.103277 0)
(-9.40415e-05 0.479713 0)
(-0.00236325 0.814872 0)
(-0.00629071 1.09083 0)
(-0.0106366 1.2848 0)
(-0.0156017 1.37675 0)
(-0.0204541 1.41023 0)
(-0.0236026 1.41741 0)
(-0.0258812 1.424 0)
(-0.0272893 1.43054 0)
(-0.0283431 1.4345 0)
(-0.0304026 1.49475 0)
(-0.0351635 1.72528 0)
(-0.047209 2.50107 0)
(-0.045446 3.23108 0)
(-0.0475351 3.47963 0)
(-0.0481523 3.47126 0)
(-0.0440203 3.16879 0)
(-0.0288696 2.36154 0)
(-0.00463796 0.984742 0)
(7.99698e-05 0.10233 0)
(-3.58243e-05 0.48274 0)
(-0.00173925 0.822935 0)
(-0.00431599 1.09849 0)
(-0.00685732 1.29229 0)
(-0.0106066 1.38449 0)
(-0.0148405 1.41547 0)
(-0.0179034 1.42103 0)
(-0.020156 1.42581 0)
(-0.0216255 1.43147 0)
(-0.0212675 1.43525 0)
(-0.0182933 1.49551 0)
(-0.0189568 1.73565 0)
(-0.0357126 2.50293 0)
(-0.0394075 3.23824 0)
(-0.0469491 3.48512 0)
(-0.0499644 3.47074 0)
(-0.0479892 3.14768 0)
(-0.0305548 2.28161 0)
(-0.0047105 0.926858 0)
(5.8603e-05 0.101645 0)
(-0.000244342 0.485809 0)
(-0.00197727 0.829442 0)
(-0.00407552 1.1031 0)
(-0.00527637 1.29665 0)
(-0.0076516 1.39038 0)
(-0.0108198 1.42016 0)
(-0.0135616 1.4244 0)
(-0.0158047 1.42757 0)
(-0.0172085 1.43185 0)
(-0.0146509 1.43331 0)
(-0.00713576 1.49148 0)
(-0.00363358 1.74463 0)
(-0.0261963 2.51869 0)
(-0.0385828 3.25435 0)
(-0.0506484 3.49845 0)
(-0.0562201 3.47455 0)
(-0.0537247 3.12291 0)
(-0.0321209 2.19097 0)
(-0.00497398 0.867579 0)
(3.10062e-05 0.101476 0)
(-0.00049979 0.489742 0)
(-0.00244701 0.836003 0)
(-0.00461417 1.10622 0)
(-0.00499631 1.29873 0)
(-0.00634066 1.39421 0)
(-0.00862317 1.4239 0)
(-0.0110451 1.42769 0)
(-0.0134232 1.42987 0)
(-0.0149483 1.43192 0)
(-0.0122132 1.42915 0)
(-0.00258627 1.48345 0)
(0.00326546 1.75397 0)
(-0.0257046 2.55123 0)
(-0.046882 3.27807 0)
(-0.0610296 3.51525 0)
(-0.0660174 3.47888 0)
(-0.0598135 3.08693 0)
(-0.0322584 2.08939 0)
(-0.00521391 0.807926 0)
(6.70061e-06 0.101818 0)
(-0.000697631 0.494492 0)
(-0.00278731 0.843075 0)
(-0.00517127 1.10922 0)
(-0.00526129 1.29871 0)
(-0.00551396 1.39699 0)
(-0.00754578 1.4269 0)
(-0.00991387 1.43089 0)
(-0.0125727 1.43214 0)
(-0.0149772 1.43235 0)
(-0.0150303 1.42685 0)
(-0.00861426 1.47388 0)
(-0.00507216 1.76552 0)
(-0.0367586 2.59638 0)
(-0.0632846 3.30507 0)
(-0.0749616 3.52854 0)
(-0.0754193 3.47532 0)
(-0.0632432 3.03456 0)
(-0.0303273 1.98244 0)
(-0.00499164 0.750533 0)
(-9.10408e-06 0.102572 0)
(-0.000848434 0.499605 0)
(-0.00292725 0.850286 0)
(-0.00552591 1.11275 0)
(-0.00551147 1.29747 0)
(-0.00482782 1.39795 0)
(-0.00621385 1.42994 0)
(-0.00885597 1.43428 0)
(-0.0120251 1.43527 0)
(-0.0164207 1.43522 0)
(-0.022161 1.4282 0)
(-0.0238938 1.46905 0)
(-0.0278796 1.78064 0)
(-0.058142 2.64626 0)
(-0.083631 3.32904 0)
(-0.0888792 3.53106 0)
(-0.0822834 3.45768 0)
(-0.0622641 2.96275 0)
(-0.0271638 1.87766 0)
(-0.00432316 0.698801 0)
(-2.90919e-05 0.103687 0)
(-0.000977853 0.504954 0)
(-0.00290294 0.857326 0)
(-0.00551669 1.1174 0)
(-0.00614656 1.29505 0)
(-0.00475391 1.39734 0)
(-0.00475815 1.43263 0)
(-0.00724272 1.43802 0)
(-0.0111019 1.43971 0)
(-0.0171269 1.44066 0)
(-0.0281734 1.43627 0)
(-0.0421413 1.47319 0)
(-0.0561553 1.79932 0)
(-0.082122 2.69066 0)
(-0.100846 3.34361 0)
(-0.0976943 3.52002 0)
(-0.0841402 3.42328 0)
(-0.0580234 2.87681 0)
(-0.0237274 1.77945 0)
(-0.00349497 0.654127 0)
(-5.23329e-05 0.105157 0)
(-0.00111052 0.510824 0)
(-0.00297069 0.863928 0)
(-0.0054192 1.12309 0)
(-0.00689023 1.29344 0)
(-0.00471301 1.39467 0)
(-0.00355123 1.43359 0)
(-0.00511389 1.44187 0)
(-0.00934354 1.44515 0)
(-0.016527 1.44823 0)
(-0.0309172 1.44961 0)
(-0.0551291 1.48814 0)
(-0.0787567 1.81949 0)
(-0.0970846 2.72238 0)
(-0.106218 3.34358 0)
(-0.0978249 3.49839 0)
(-0.0805095 3.37585 0)
(-0.0521548 2.78748 0)
(-0.0204752 1.68934 0)
(-0.00250986 0.616967 0)
(-5.75597e-05 0.107002 0)
(-0.00126538 0.517103 0)
(-0.00309393 0.869675 0)
(-0.00491105 1.12868 0)
(-0.00683002 1.29327 0)
(-0.00513257 1.39019 0)
(-0.00279318 1.43295 0)
(-0.00301373 1.44503 0)
(-0.0063773 1.45073 0)
(-0.0138034 1.45712 0)
(-0.0300399 1.46614 0)
(-0.0588956 1.51356 0)
(-0.0883744 1.83908 0)
(-0.098836 2.73742 0)
(-0.101764 3.33918 0)
(-0.0906114 3.47134 0)
(-0.073753 3.32477 0)
(-0.047219 2.70344 0)
(-0.018324 1.60686 0)
(-0.00134092 0.587549 0)
(-0.000488242 0.315078 0)
(-0.0024285 0.704579 0)
(-0.00400769 1.01255 0)
(-0.00556671 1.22274 0)
(-0.00619819 1.34768 0)
(-0.00363522 1.41563 0)
(-0.00148805 1.44127 0)
(-0.00304609 1.45094 0)
(-0.00805516 1.45762 0)
(-0.0205144 1.46807 0)
(-0.0457431 1.48696 0)
(-0.0768 1.62827 0)
(-0.0956126 2.24173 0)
(-0.100371 3.11197 0)
(-0.0952755 3.43695 0)
(-0.0811118 3.43666 0)
(-0.0598323 3.0678 0)
(-0.0312333 2.16774 0)
(-0.00514244 1.04072 0)
(-0.0028571 0.56031 0)
(-0.141599 1.44472 0)
(0.0645938 3.28716 1.48434e-22)
(0.116418 3.60224 -6.22697e-20)
(0.117867 3.56163 0)
(0.114023 3.50845 -2.851e-19)
(0.106213 3.46903 0)
(0.0977006 3.44725 -3.9181e-19)
(0.0879143 3.42887 -7.77908e-21)
(0.0743032 3.30302 -7.76566e-19)
(0.0405641 2.1588 -4.37779e-19)
(-0.0489498 1.09756 -1.04363e-19)
(0.0402225 3.10515 1.71398e-19)
(0.0653004 3.52751 -2.30393e-19)
(0.0703271 3.51729 -2.62939e-19)
(0.0709324 3.47676 -3.61297e-19)
(0.069108 3.44731 -1.17541e-20)
(0.0656364 3.43232 1.36258e-20)
(0.0613997 3.42446 0)
(0.0545963 3.33422 -7.48813e-21)
(0.035208 2.26904 -5.0476e-19)
(-0.025376 0.976096 1.61799e-21)
(0.0224009 3.03945 -5.73011e-21)
(0.034096 3.48507 9.36896e-21)
(0.0393525 3.48307 0)
(0.0424294 3.45022 -3.72872e-19)
(0.0441262 3.42786 4.1753e-19)
(0.0451215 3.41823 -4.60821e-19)
(0.047111 3.41659 -4.69619e-19)
(0.0469335 3.34493 -4.96629e-19)
(0.0335779 2.3362 4.06183e-21)
(-0.016319 0.909758 2.58795e-19)
(0.00714346 3.01438 -7.34494e-21)
(0.0128517 3.45468 -1.7599e-19)
(0.0183057 3.45477 -2.01514e-19)
(0.0235425 3.42675 -1.31046e-20)
(0.0282455 3.40917 -2.46805e-19)
(0.0330069 3.4029 2.45673e-19)
(0.0389941 3.40462 0)
(0.0421989 3.34873 2.52224e-19)
(0.0333735 2.40014 0)
(-0.0118895 0.879295 1.60752e-19)
(-0.00658035 3.01548 1.83397e-19)
(-0.000969228 3.43029 2.08668e-19)
(0.00417781 3.42953 2.22534e-19)
(0.0114029 3.40453 -2.4147e-19)
(0.0184797 3.38988 -1.54545e-20)
(0.0259012 3.38553 -1.62144e-20)
(0.0344897 3.38943 2.7385e-19)
(0.0400456 3.3476 2.928e-19)
(0.0352465 2.46222 2.85901e-19)
(-0.0099604 0.870484 -1.9393e-19)
(-0.0148855 3.03178 -2.27087e-19)
(-0.0116608 3.41032 2.44275e-19)
(-0.00509083 3.4053 2.42251e-19)
(0.00341746 3.38209 2.46264e-19)
(0.0123829 3.36909 -2.59956e-20)
(0.0218787 3.36582 -9.229e-21)
(0.032535 3.3712 -2.81837e-19)
(0.0407102 3.34209 0)
(0.0391179 2.52599 -6.39331e-21)
(-0.0105596 0.877145 0)
(-0.0218936 3.05835 2.34607e-19)
(-0.020108 3.39104 -4.75386e-19)
(-0.0120861 3.38049 -1.59456e-20)
(-0.00228831 3.35813 0)
(0.00839052 3.34593 -2.88907e-19)
(0.0198658 3.34315 3.09046e-19)
(0.0325742 3.34948 -2.91868e-19)
(0.0435943 3.33197 -9.90566e-21)
(0.0449468 2.594 5.10911e-21)
(-0.0116406 0.902299 2.41596e-19)
(-0.0298171 3.09022 -2.48101e-19)
(-0.028252 3.36986 -2.68112e-19)
(-0.0184022 3.35329 2.85541e-19)
(-0.00704175 3.33117 0)
(0.00559142 3.31919 0)
(0.0192446 3.31657 0)
(0.0342461 3.32347 -3.14076e-19)
(0.0484492 3.31645 3.36627e-19)
(0.0525793 2.66494 0)
(-0.0157358 0.953324 0)
(-0.0402485 3.12273 -1.29746e-20)
(-0.0374521 3.34407 3.13661e-19)
(-0.0250785 3.32168 0)
(-0.0114339 3.29947 -3.26846e-19)
(0.00358723 3.28759 -2.09464e-20)
(0.0197244 3.28514 -3.32806e-19)
(0.0371919 3.29241 1.11885e-20)
(0.0547349 3.29465 3.91067e-19)
(0.0616211 2.73924 -3.74973e-19)
(-0.0236427 1.04733 2.81284e-19)
(-0.0536517 3.15086 2.8065e-19)
(-0.0478788 3.31088 -1.42821e-19)
(-0.0321643 3.28382 -1.71725e-19)
(-0.0154703 3.26195 4.3777e-20)
(0.0023796 3.2505 3.11332e-19)
(0.0211548 3.24846 1.70099e-19)
(0.0411391 3.25614 1.23015e-20)
(0.0614599 3.26595 0)
(0.0711942 2.81518 -4.11313e-19)
(-0.0351578 1.20615 4.96667e-21)
(-0.068706 3.16932 -1.63222e-19)
(-0.0581275 3.26897 -2.04773e-20)
(-0.038489 3.23957 -1.89382e-19)
(-0.0186535 3.21924 1.6404e-19)
(0.00176058 3.20885 -8.97706e-21)
(0.0227941 3.2073 -2.11941e-19)
(0.0450016 3.21504 1.34515e-20)
(0.0674782 3.23029 2.15772e-19)
(0.0803335 2.88927 0)
(-0.0472393 1.44298 5.57029e-21)
(-0.0807945 3.17325 -1.68175e-19)
(-0.0642676 3.21897 0)
(-0.0418807 3.19096 0)
(-0.0201395 3.17307 -2.15832e-19)
(0.00131502 3.1641 -2.41206e-19)
(0.023235 3.1632 9.49314e-21)
(0.0467077 3.1708 1.46697e-20)
(0.0706323 3.18918 -2.30759e-19)
(0.0881632 2.95714 -7.81471e-21)
(-0.0549873 1.75547 1.99337e-19)
(-0.0858063 3.15949 -9.09073e-21)
(-0.0642381 3.16489 0)
(-0.0421805 3.13962 -2.17703e-19)
(-0.0204292 3.12348 -1.9656e-19)
(0.00126897 3.11579 -1.18184e-22)
(0.0233351 3.11627 1.25623e-19)
(0.046075 3.12492 1.59202e-20)
(0.0691191 3.14551 2.74592e-19)
(0.0922562 3.01439 0)
(-0.0562317 2.13197 0)
(-0.0832173 3.12848 7.0951e-21)
(-0.0625615 3.1072 -5.50496e-21)
(-0.0425735 3.08444 -1.24189e-19)
(-0.020584 3.0708 0)
(0.00175384 3.0652 3.22834e-20)
(0.0242435 3.06669 0)
(0.0461812 3.07575 -1.40378e-19)
(0.0663472 3.09789 -1.61783e-19)
(0.0929633 3.05393 0)
(-0.0582371 2.53331 6.22324e-20)
(-0.085742 3.07219 -1.37014e-19)
(-0.0582336 3.04389 1.61338e-20)
(-0.0360785 3.03116 0)
(-0.0161721 3.0248 -6.51462e-20)
(0.00150422 3.02247 1.58424e-21)
(0.0193235 3.02332 7.19316e-20)
(0.0389047 3.02781 -7.49645e-20)
(0.0622941 3.0415 -1.93978e-20)
(0.0963804 3.05644 0)
(-0.0331721 2.87887 7.66187e-21)
(-0.0355409 2.99875 3.6418e-20)
(-0.0179872 3.00012 1.48581e-20)
(-0.0100177 3.00101 0)
(-0.00476842 3.00041 -2.97726e-20)
(0.000312391 3.00134 1.60276e-22)
(0.00436585 3.00034 -3.12087e-20)
(0.00998038 2.99967 3.24202e-20)
(0.0195346 2.99916 0)
(0.0458919 3.0026 0)
(0.27726 0.296476 -1.2385e-19)
(0.843109 0.857646 -1.8544e-19)
(1.10317 1.14077 -1.1734e-19)
(1.15081 1.21272 -1.99435e-19)
(1.11802 1.20874 -2.66547e-20)
(1.05463 1.17701 2.17064e-20)
(0.265466 0.736301 0)
(0.16992 0.961292 3.9329e-19)
(0.177134 2.45746 -2.17799e-19)
(0.226634 3.33024 -1.17183e-19)
(0.212855 3.44655 6.08146e-20)
(0.184455 3.46938 1.68793e-20)
(0.180288 3.52966 -1.83551e-19)
(0.201598 3.59385 2.96078e-19)
(0.221972 3.6737 2.30245e-20)
(0.258652 3.65602 1.05853e-19)
(0.274829 3.14168 3.52204e-19)
)
;

boundaryField
{
    wall-4
    {
        type            noSlip;
    }
    pressure-outlet-7
    {
        type            zeroGradient;
    }
    velocity-inlet-6
    {
        type            fixedValue;
        value           uniform (0 3 0);
    }
    velocity-inlet-5
    {
        type            fixedValue;
        value           uniform (1 0 0);
    }
    frontAndBackPlanes
    {
        type            empty;
    }
}


// ************************************************************************* //
