solid wall1
facet normal 0.000000 0.146736 -0.989176
outer loop
vertex 0.000000 -0.196034 -4.009630
vertex 0.000000 -0.390180 -4.038430
vertex -6.000000 -0.390180 -4.038430
endloop
endfacet
facet normal 0.000000 0.146736 -0.989176
outer loop
vertex 0.000000 -0.196034 -4.009630
vertex -6.000000 -0.390180 -4.038430
vertex -6.000000 -0.196034 -4.009630
endloop
endfacet
facet normal 0.146725 0.989177 -0.000000
outer loop
vertex 5.803966 -1.990370 0.000000
vertex 5.609818 -1.961572 0.000000
vertex 5.609820 -1.961572 6.000000
endloop
endfacet
facet normal 0.146726 0.989177 0.000000
outer loop
vertex 5.803966 -1.990370 0.000000
vertex 5.609820 -1.961572 6.000000
vertex 5.803966 -1.990370 6.000000
endloop
endfacet
facet normal -0.049075 -0.998792 0.002411
outer loop
vertex 6.196034 1.990368 0.000000
vertex 6.000000 2.000000 0.000000
vertex 5.971108 2.000000 -0.588104
endloop
endfacet
facet normal -0.049075 -0.998792 0.002411
outer loop
vertex 6.196034 1.990368 0.000000
vertex 5.971108 2.000000 -0.588104
vertex 6.166198 1.990368 -0.607320
endloop
endfacet
facet normal -0.048602 -0.998792 0.007209
outer loop
vertex 6.166198 1.990368 -0.607320
vertex 5.971108 2.000000 -0.588104
vertex 5.884712 2.000000 -1.170542
endloop
endfacet
facet normal -0.048602 -0.998792 0.007209
outer loop
vertex 6.166198 1.990368 -0.607320
vertex 5.884712 2.000000 -1.170542
vertex 6.076980 1.990368 -1.208786
endloop
endfacet
facet normal -0.047661 -0.998792 0.011939
outer loop
vertex 6.076980 1.990368 -1.208786
vertex 5.884712 2.000000 -1.170542
vertex 5.741642 2.000000 -1.741710
endloop
endfacet
facet normal -0.047662 -0.998792 0.011939
outer loop
vertex 6.076980 1.990368 -1.208786
vertex 5.741642 2.000000 -1.741710
vertex 5.929234 1.990368 -1.798616
endloop
endfacet
facet normal -0.046262 -0.998792 0.016553
outer loop
vertex 5.929234 1.990368 -1.798616
vertex 5.741642 2.000000 -1.741710
vertex 5.543278 2.000000 -2.296102
endloop
endfacet
facet normal -0.046262 -0.998792 0.016553
outer loop
vertex 5.929234 1.990368 -1.798616
vertex 5.543278 2.000000 -2.296102
vertex 5.724390 1.990368 -2.371120
endloop
endfacet
facet normal -0.044417 -0.998792 0.021007
outer loop
vertex 5.724390 1.990368 -2.371120
vertex 5.543278 2.000000 -2.296102
vertex 5.291528 2.000000 -2.828380
endloop
endfacet
facet normal -0.044417 -0.998792 0.021008
outer loop
vertex 5.724390 1.990368 -2.371120
vertex 5.291528 2.000000 -2.828380
vertex 5.464414 1.990368 -2.920790
endloop
endfacet
facet normal -0.042144 -0.998792 0.025260
outer loop
vertex 5.464414 1.990368 -2.920790
vertex 5.291528 2.000000 -2.828380
vertex 4.988816 2.000000 -3.333422
endloop
endfacet
facet normal -0.042143 -0.998792 0.025260
outer loop
vertex 5.464414 1.990368 -2.920790
vertex 4.988816 2.000000 -3.333422
vertex 5.151814 1.990368 -3.442334
endloop
endfacet
facet normal -0.039465 -0.998792 0.029270
outer loop
vertex 5.151814 1.990368 -3.442334
vertex 4.988816 2.000000 -3.333422
vertex 4.638062 2.000000 -3.806360
endloop
endfacet
facet normal -0.039465 -0.998792 0.029268
outer loop
vertex 5.151814 1.990368 -3.442334
vertex 4.638062 2.000000 -3.806360
vertex 4.789600 1.990368 -3.930722
endloop
endfacet
facet normal -0.036406 -0.998792 0.032997
outer loop
vertex 4.789600 1.990368 -3.930722
vertex 4.638062 2.000000 -3.806360
vertex 4.242640 2.000000 -4.242642
endloop
endfacet
facet normal -0.036406 -0.998792 0.032996
outer loop
vertex 4.789600 1.990368 -3.930722
vertex 4.242640 2.000000 -4.242642
vertex 4.381258 1.990368 -4.381260
endloop
endfacet
facet normal -0.032996 -0.998792 0.036407
outer loop
vertex 4.381258 1.990368 -4.381260
vertex 4.242640 2.000000 -4.242642
vertex 3.806360 2.000000 -4.638064
endloop
endfacet
facet normal -0.032997 -0.998792 0.036406
outer loop
vertex 4.381258 1.990368 -4.381260
vertex 3.806360 2.000000 -4.638064
vertex 3.930722 1.990368 -4.789600
endloop
endfacet
facet normal -0.029269 -0.998792 0.039466
outer loop
vertex 3.930722 1.990368 -4.789600
vertex 3.806360 2.000000 -4.638064
vertex 3.333422 2.000000 -4.988818
endloop
endfacet
facet normal -0.029269 -0.998792 0.039465
outer loop
vertex 3.930722 1.990368 -4.789600
vertex 3.333422 2.000000 -4.988818
vertex 3.442332 1.990368 -5.151814
endloop
endfacet
facet normal -0.025260 -0.998792 0.042145
outer loop
vertex 3.442332 1.990368 -5.151814
vertex 3.333422 2.000000 -4.988818
vertex 2.828380 2.000000 -5.291528
endloop
endfacet
facet normal -0.025258 -0.998793 0.042130
outer loop
vertex 3.442332 1.990368 -5.151814
vertex 2.828380 2.000000 -5.291528
vertex 2.920790 1.990370 -5.464416
endloop
endfacet
facet normal -0.021003 -0.998793 0.044409
outer loop
vertex 2.920790 1.990370 -5.464416
vertex 2.828380 2.000000 -5.291528
vertex 2.296102 2.000000 -5.543278
endloop
endfacet
facet normal -0.021003 -0.998793 0.044406
outer loop
vertex 2.920790 1.990370 -5.464416
vertex 2.296102 2.000000 -5.543278
vertex 2.371120 1.990370 -5.724390
endloop
endfacet
facet normal -0.016549 -0.998793 0.046253
outer loop
vertex 2.371120 1.990370 -5.724390
vertex 2.296102 2.000000 -5.543278
vertex 1.741706 2.000000 -5.741642
endloop
endfacet
facet normal -0.016549 -0.998793 0.046251
outer loop
vertex 2.371120 1.990370 -5.724390
vertex 1.741706 2.000000 -5.741642
vertex 1.798612 1.990370 -5.929236
endloop
endfacet
facet normal -0.011936 -0.998793 0.047652
outer loop
vertex 1.798612 1.990370 -5.929236
vertex 1.741706 2.000000 -5.741642
vertex 1.170542 2.000000 -5.884712
endloop
endfacet
facet normal -0.011936 -0.998793 0.047652
outer loop
vertex 1.798612 1.990370 -5.929236
vertex 1.170542 2.000000 -5.884712
vertex 1.208786 1.990370 -6.076980
endloop
endfacet
facet normal -0.007208 -0.998793 0.048591
outer loop
vertex 1.208786 1.990370 -6.076980
vertex 1.170542 2.000000 -5.884712
vertex 0.588100 2.000000 -5.971108
endloop
endfacet
facet normal -0.007208 -0.998793 0.048592
outer loop
vertex 1.208786 1.990370 -6.076980
vertex 0.588100 2.000000 -5.971108
vertex 0.607316 1.990370 -6.166200
endloop
endfacet
facet normal -0.002410 -0.998793 0.049064
outer loop
vertex 0.607316 1.990370 -6.166200
vertex 0.588100 2.000000 -5.971108
vertex 0.000000 2.000000 -6.000000
endloop
endfacet
facet normal -0.002410 -0.998793 0.049064
outer loop
vertex 0.607316 1.990370 -6.166200
vertex 0.000000 2.000000 -6.000000
vertex 0.000000 1.990370 -6.196034
endloop
endfacet
facet normal 0.000000 0.336883 0.941546
outer loop
vertex 0.000000 -0.765366 -7.847760
vertex 0.000000 -0.580570 -7.913880
vertex -6.000000 -0.580570 -7.913880
endloop
endfacet
facet normal 0.000000 0.336884 0.941546
outer loop
vertex 0.000000 -0.765366 -7.847760
vertex -6.000000 -0.580570 -7.913880
vertex -6.000000 -0.765366 -7.847760
endloop
endfacet
facet normal -0.336891 0.941544 0.000000
outer loop
vertex 6.765366 -1.847760 0.000000
vertex 6.580568 -1.913882 0.000000
vertex 6.580570 -1.913882 6.000000
endloop
endfacet
facet normal -0.336891 0.941544 0.000000
outer loop
vertex 6.765366 -1.847760 0.000000
vertex 6.580570 -1.913882 6.000000
vertex 6.765368 -1.847760 6.000000
endloop
endfacet
facet normal -0.146722 -0.989152 0.007208
outer loop
vertex 6.390182 1.961570 0.000000
vertex 6.196034 1.990368 0.000000
vertex 6.166198 1.990368 -0.607320
endloop
endfacet
facet normal -0.146721 -0.989152 0.007209
outer loop
vertex 6.390182 1.961570 0.000000
vertex 6.166198 1.990368 -0.607320
vertex 6.359410 1.961570 -0.626350
endloop
endfacet
facet normal -0.145308 -0.989152 0.021554
outer loop
vertex 6.359410 1.961570 -0.626350
vertex 6.166198 1.990368 -0.607320
vertex 6.076980 1.990368 -1.208786
endloop
endfacet
facet normal -0.145309 -0.989152 0.021555
outer loop
vertex 6.359410 1.961570 -0.626350
vertex 6.076980 1.990368 -1.208786
vertex 6.267396 1.961570 -1.246662
endloop
endfacet
facet normal -0.142497 -0.989151 0.035693
outer loop
vertex 6.267396 1.961570 -1.246662
vertex 6.076980 1.990368 -1.208786
vertex 5.929234 1.990368 -1.798616
endloop
endfacet
facet normal -0.142496 -0.989152 0.035694
outer loop
vertex 6.267396 1.961570 -1.246662
vertex 5.929234 1.990368 -1.798616
vertex 6.115022 1.961570 -1.854974
endloop
endfacet
facet normal -0.138310 -0.989152 0.049488
outer loop
vertex 6.115022 1.961570 -1.854974
vertex 5.929234 1.990368 -1.798616
vertex 5.724390 1.990368 -2.371120
endloop
endfacet
facet normal -0.138312 -0.989152 0.049489
outer loop
vertex 6.115022 1.961570 -1.854974
vertex 5.724390 1.990368 -2.371120
vertex 5.903758 1.961570 -2.445418
endloop
endfacet
facet normal -0.132795 -0.989152 0.062807
outer loop
vertex 5.903758 1.961570 -2.445418
vertex 5.724390 1.990368 -2.371120
vertex 5.464414 1.990368 -2.920790
endloop
endfacet
facet normal -0.132794 -0.989152 0.062808
outer loop
vertex 5.903758 1.961570 -2.445418
vertex 5.464414 1.990368 -2.920790
vertex 5.635636 1.961570 -3.012310
endloop
endfacet
facet normal -0.126000 -0.989152 0.075520
outer loop
vertex 5.635636 1.961570 -3.012310
vertex 5.464414 1.990368 -2.920790
vertex 5.151814 1.990368 -3.442334
endloop
endfacet
facet normal -0.126000 -0.989151 0.075522
outer loop
vertex 5.635636 1.961570 -3.012310
vertex 5.151814 1.990368 -3.442334
vertex 5.313240 1.961570 -3.550196
endloop
endfacet
facet normal -0.117990 -0.989151 0.087509
outer loop
vertex 5.313240 1.961570 -3.550196
vertex 5.151814 1.990368 -3.442334
vertex 4.789600 1.990368 -3.930722
endloop
endfacet
facet normal -0.117991 -0.989151 0.087508
outer loop
vertex 5.313240 1.961570 -3.550196
vertex 4.789600 1.990368 -3.930722
vertex 4.939676 1.961570 -4.053888
endloop
endfacet
facet normal -0.108845 -0.989151 0.098651
outer loop
vertex 4.939676 1.961570 -4.053888
vertex 4.789600 1.990368 -3.930722
vertex 4.381258 1.990368 -4.381260
endloop
endfacet
facet normal -0.108846 -0.989151 0.098654
outer loop
vertex 4.939676 1.961570 -4.053888
vertex 4.381258 1.990368 -4.381260
vertex 4.518538 1.961570 -4.518542
endloop
endfacet
facet normal -0.098652 -0.989151 0.108844
outer loop
vertex 4.518538 1.961570 -4.518542
vertex 4.381258 1.990368 -4.381260
vertex 3.930722 1.990368 -4.789600
endloop
endfacet
facet normal -0.098651 -0.989151 0.108845
outer loop
vertex 4.518538 1.961570 -4.518542
vertex 3.930722 1.990368 -4.789600
vertex 4.053888 1.961570 -4.939678
endloop
endfacet
facet normal -0.087507 -0.989152 0.117989
outer loop
vertex 4.053888 1.961570 -4.939678
vertex 3.930722 1.990368 -4.789600
vertex 3.442332 1.990368 -5.151814
endloop
endfacet
facet normal -0.087507 -0.989151 0.117991
outer loop
vertex 4.053888 1.961570 -4.939678
vertex 3.442332 1.990368 -5.151814
vertex 3.550194 1.961570 -5.313242
endloop
endfacet
facet normal -0.075524 -0.989152 0.125997
outer loop
vertex 3.550194 1.961570 -5.313242
vertex 3.442332 1.990368 -5.151814
vertex 2.920790 1.990370 -5.464416
endloop
endfacet
facet normal -0.075527 -0.989150 0.126010
outer loop
vertex 3.550194 1.961570 -5.313242
vertex 2.920790 1.990370 -5.464416
vertex 3.012310 1.961570 -5.635636
endloop
endfacet
facet normal -0.062812 -0.989150 0.132808
outer loop
vertex 3.012310 1.961570 -5.635636
vertex 2.920790 1.990370 -5.464416
vertex 2.371120 1.990370 -5.724390
endloop
endfacet
facet normal -0.062812 -0.989150 0.132804
outer loop
vertex 3.012310 1.961570 -5.635636
vertex 2.371120 1.990370 -5.724390
vertex 2.445416 1.961570 -5.903758
endloop
endfacet
facet normal -0.049492 -0.989150 0.138320
outer loop
vertex 2.445416 1.961570 -5.903758
vertex 2.371120 1.990370 -5.724390
vertex 1.798612 1.990370 -5.929236
endloop
endfacet
facet normal -0.049492 -0.989150 0.138322
outer loop
vertex 2.445416 1.961570 -5.903758
vertex 1.798612 1.990370 -5.929236
vertex 1.854970 1.961570 -6.115022
endloop
endfacet
facet normal -0.035696 -0.989150 0.142507
outer loop
vertex 1.854970 1.961570 -6.115022
vertex 1.798612 1.990370 -5.929236
vertex 1.208786 1.990370 -6.076980
endloop
endfacet
facet normal -0.035696 -0.989150 0.142508
outer loop
vertex 1.854970 1.961570 -6.115022
vertex 1.208786 1.990370 -6.076980
vertex 1.246662 1.961570 -6.267396
endloop
endfacet
facet normal -0.021556 -0.989150 0.145319
outer loop
vertex 1.246662 1.961570 -6.267396
vertex 1.208786 1.990370 -6.076980
vertex 0.607316 1.990370 -6.166200
endloop
endfacet
facet normal -0.021556 -0.989150 0.145321
outer loop
vertex 1.246662 1.961570 -6.267396
vertex 0.607316 1.990370 -6.166200
vertex 0.626346 1.961570 -6.359410
endloop
endfacet
facet normal -0.007208 -0.989150 0.146735
outer loop
vertex 0.626346 1.961570 -6.359410
vertex 0.607316 1.990370 -6.166200
vertex 0.000000 1.990370 -6.196034
endloop
endfacet
facet normal -0.007209 -0.989150 0.146732
outer loop
vertex 0.626346 1.961570 -6.359410
vertex 0.000000 1.990370 -6.196034
vertex 0.000000 1.961570 -6.390180
endloop
endfacet
facet normal 0.000000 0.242979 -0.970032
outer loop
vertex 0.000000 -0.390180 -4.038430
vertex 0.000000 -0.580570 -4.086120
vertex -6.000000 -0.580570 -4.086120
endloop
endfacet
facet normal 0.000000 0.242979 -0.970032
outer loop
vertex 0.000000 -0.390180 -4.038430
vertex -6.000000 -0.580570 -4.086120
vertex -6.000000 -0.390180 -4.038430
endloop
endfacet
facet normal 0.595698 0.803209 0.000000
outer loop
vertex 4.888860 -1.662940 0.000000
vertex 4.731214 -1.546022 0.000000
vertex 4.731214 -1.546022 6.000000
endloop
endfacet
facet normal 0.595698 0.803209 0.000000
outer loop
vertex 4.888860 -1.662940 0.000000
vertex 4.731214 -1.546022 6.000000
vertex 4.888860 -1.662940 6.000000
endloop
endfacet
facet normal -0.242966 -0.969961 0.011937
outer loop
vertex 6.580570 1.913880 0.000000
vertex 6.390182 1.961570 0.000000
vertex 6.359410 1.961570 -0.626350
endloop
endfacet
facet normal -0.242962 -0.969962 0.011936
outer loop
vertex 6.580570 1.913880 0.000000
vertex 6.359410 1.961570 -0.626350
vertex 6.548882 1.913880 -0.645010
endloop
endfacet
facet normal -0.240624 -0.969962 0.035693
outer loop
vertex 6.548882 1.913880 -0.645010
vertex 6.359410 1.961570 -0.626350
vertex 6.267396 1.961570 -1.246662
endloop
endfacet
facet normal -0.240625 -0.969962 0.035693
outer loop
vertex 6.548882 1.913880 -0.645010
vertex 6.267396 1.961570 -1.246662
vertex 6.454126 1.913880 -1.283806
endloop
endfacet
facet normal -0.235967 -0.969962 0.059107
outer loop
vertex 6.454126 1.913880 -1.283806
vertex 6.267396 1.961570 -1.246662
vertex 6.115022 1.961570 -1.854974
endloop
endfacet
facet normal -0.235967 -0.969962 0.059107
outer loop
vertex 6.454126 1.913880 -1.283806
vertex 6.115022 1.961570 -1.854974
vertex 6.297212 1.913880 -1.910240
endloop
endfacet
facet normal -0.229039 -0.969962 0.081951
outer loop
vertex 6.297212 1.913880 -1.910240
vertex 6.115022 1.961570 -1.854974
vertex 5.903758 1.961570 -2.445418
endloop
endfacet
facet normal -0.229036 -0.969962 0.081950
outer loop
vertex 6.297212 1.913880 -1.910240
vertex 5.903758 1.961570 -2.445418
vertex 6.079654 1.913880 -2.518276
endloop
endfacet
facet normal -0.219903 -0.969962 0.104007
outer loop
vertex 6.079654 1.913880 -2.518276
vertex 5.903758 1.961570 -2.445418
vertex 5.635636 1.961570 -3.012310
endloop
endfacet
facet normal -0.219902 -0.969962 0.104007
outer loop
vertex 6.079654 1.913880 -2.518276
vertex 5.635636 1.961570 -3.012310
vertex 5.803544 1.913880 -3.102058
endloop
endfacet
facet normal -0.208648 -0.969962 0.125059
outer loop
vertex 5.803544 1.913880 -3.102058
vertex 5.635636 1.961570 -3.012310
vertex 5.313240 1.961570 -3.550196
endloop
endfacet
facet normal -0.208649 -0.969962 0.125060
outer loop
vertex 5.803544 1.913880 -3.102058
vertex 5.313240 1.961570 -3.550196
vertex 5.471542 1.913880 -3.655970
endloop
endfacet
facet normal -0.195386 -0.969962 0.144908
outer loop
vertex 5.471542 1.913880 -3.655970
vertex 5.313240 1.961570 -3.550196
vertex 4.939676 1.961570 -4.053888
endloop
endfacet
facet normal -0.195385 -0.969962 0.144906
outer loop
vertex 5.471542 1.913880 -3.655970
vertex 4.939676 1.961570 -4.053888
vertex 5.086850 1.913880 -4.174670
endloop
endfacet
facet normal -0.180240 -0.969963 0.163358
outer loop
vertex 5.086850 1.913880 -4.174670
vertex 4.939676 1.961570 -4.053888
vertex 4.518538 1.961570 -4.518542
endloop
endfacet
facet normal -0.180240 -0.969962 0.163362
outer loop
vertex 5.086850 1.913880 -4.174670
vertex 4.518538 1.961570 -4.518542
vertex 4.653164 1.913880 -4.653166
endloop
endfacet
facet normal -0.163362 -0.969962 0.180241
outer loop
vertex 4.653164 1.913880 -4.653166
vertex 4.518538 1.961570 -4.518542
vertex 4.053888 1.961570 -4.939678
endloop
endfacet
facet normal -0.163363 -0.969961 0.180243
outer loop
vertex 4.653164 1.913880 -4.653166
vertex 4.053888 1.961570 -4.939678
vertex 4.174668 1.913880 -5.086850
endloop
endfacet
facet normal -0.144908 -0.969962 0.195386
outer loop
vertex 4.174668 1.913880 -5.086850
vertex 4.053888 1.961570 -4.939678
vertex 3.550194 1.961570 -5.313242
endloop
endfacet
facet normal -0.144908 -0.969962 0.195386
outer loop
vertex 4.174668 1.913880 -5.086850
vertex 3.550194 1.961570 -5.313242
vertex 3.655970 1.913880 -5.471544
endloop
endfacet
facet normal -0.125058 -0.969962 0.208648
outer loop
vertex 3.655970 1.913880 -5.471544
vertex 3.550194 1.961570 -5.313242
vertex 3.012310 1.961570 -5.635636
endloop
endfacet
facet normal -0.125059 -0.969962 0.208649
outer loop
vertex 3.655970 1.913880 -5.471544
vertex 3.012310 1.961570 -5.635636
vertex 3.102058 1.913880 -5.803544
endloop
endfacet
facet normal -0.104006 -0.969962 0.219902
outer loop
vertex 3.102058 1.913880 -5.803544
vertex 3.012310 1.961570 -5.635636
vertex 2.445416 1.961570 -5.903758
endloop
endfacet
facet normal -0.104006 -0.969962 0.219901
outer loop
vertex 3.102058 1.913880 -5.803544
vertex 2.445416 1.961570 -5.903758
vertex 2.518276 1.913880 -6.079654
endloop
endfacet
facet normal -0.081950 -0.969962 0.229037
outer loop
vertex 2.518276 1.913880 -6.079654
vertex 2.445416 1.961570 -5.903758
vertex 1.854970 1.961570 -6.115022
endloop
endfacet
facet normal -0.081950 -0.969962 0.229038
outer loop
vertex 2.518276 1.913880 -6.079654
vertex 1.854970 1.961570 -6.115022
vertex 1.910236 1.913880 -6.297212
endloop
endfacet
facet normal -0.059107 -0.969962 0.235966
outer loop
vertex 1.910236 1.913880 -6.297212
vertex 1.854970 1.961570 -6.115022
vertex 1.246662 1.961570 -6.267396
endloop
endfacet
facet normal -0.059107 -0.969962 0.235968
outer loop
vertex 1.910236 1.913880 -6.297212
vertex 1.246662 1.961570 -6.267396
vertex 1.283806 1.913880 -6.454126
endloop
endfacet
facet normal -0.035693 -0.969962 0.240623
outer loop
vertex 1.283806 1.913880 -6.454126
vertex 1.246662 1.961570 -6.267396
vertex 0.626346 1.961570 -6.359410
endloop
endfacet
facet normal -0.035693 -0.969962 0.240624
outer loop
vertex 1.283806 1.913880 -6.454126
vertex 0.626346 1.961570 -6.359410
vertex 0.645006 1.913880 -6.548882
endloop
endfacet
facet normal -0.011936 -0.969962 0.242962
outer loop
vertex 0.645006 1.913880 -6.548882
vertex 0.626346 1.961570 -6.359410
vertex 0.000000 1.961570 -6.390180
endloop
endfacet
facet normal -0.011937 -0.969962 0.242963
outer loop
vertex 0.645006 1.913880 -6.548882
vertex 0.000000 1.961570 -6.390180
vertex 0.000000 1.913880 -6.580570
endloop
endfacet
facet normal 0.000000 0.242979 0.970032
outer loop
vertex 0.000000 -0.580570 -7.913880
vertex 0.000000 -0.390180 -7.961570
vertex -6.000000 -0.390180 -7.961570
endloop
endfacet
facet normal 0.000000 0.242979 0.970032
outer loop
vertex 0.000000 -0.580570 -7.913880
vertex -6.000000 -0.390180 -7.961570
vertex -6.000000 -0.580570 -7.913880
endloop
endfacet
facet normal -0.740954 0.671556 0.000000
outer loop
vertex 7.546020 -1.268788 0.000000
vertex 7.414214 -1.414214 0.000000
vertex 7.414214 -1.414214 6.000000
endloop
endfacet
facet normal -0.740951 0.671560 0.000000
outer loop
vertex 7.546020 -1.268788 0.000000
vertex 7.414214 -1.414214 6.000000
vertex 7.546020 -1.268788 6.000000
endloop
endfacet
facet normal -0.336846 -0.941414 0.016549
outer loop
vertex 6.765368 1.847758 0.000000
vertex 6.580570 1.913880 0.000000
vertex 6.548882 1.913880 -0.645010
endloop
endfacet
facet normal -0.336844 -0.941415 0.016548
outer loop
vertex 6.765368 1.847758 0.000000
vertex 6.548882 1.913880 -0.645010
vertex 6.732790 1.847758 -0.663124
endloop
endfacet
facet normal -0.333599 -0.941416 0.049485
outer loop
vertex 6.732790 1.847758 -0.663124
vertex 6.548882 1.913880 -0.645010
vertex 6.454126 1.913880 -1.283806
endloop
endfacet
facet normal -0.333604 -0.941414 0.049485
outer loop
vertex 6.732790 1.847758 -0.663124
vertex 6.454126 1.913880 -1.283806
vertex 6.635372 1.847758 -1.319858
endloop
endfacet
facet normal -0.327144 -0.941415 0.081945
outer loop
vertex 6.635372 1.847758 -1.319858
vertex 6.454126 1.913880 -1.283806
vertex 6.297212 1.913880 -1.910240
endloop
endfacet
facet normal -0.327145 -0.941414 0.081946
outer loop
vertex 6.635372 1.847758 -1.319858
vertex 6.297212 1.913880 -1.910240
vertex 6.474052 1.847758 -1.963884
endloop
endfacet
facet normal -0.317538 -0.941414 0.113616
outer loop
vertex 6.474052 1.847758 -1.963884
vertex 6.297212 1.913880 -1.910240
vertex 6.079654 1.913880 -2.518276
endloop
endfacet
facet normal -0.317538 -0.941414 0.113617
outer loop
vertex 6.474052 1.847758 -1.963884
vertex 6.079654 1.913880 -2.518276
vertex 6.250384 1.847758 -2.588994
endloop
endfacet
facet normal -0.304872 -0.941415 0.144194
outer loop
vertex 6.250384 1.847758 -2.588994
vertex 6.079654 1.913880 -2.518276
vertex 5.803544 1.913880 -3.102058
endloop
endfacet
facet normal -0.304871 -0.941415 0.144192
outer loop
vertex 6.250384 1.847758 -2.588994
vertex 5.803544 1.913880 -3.102058
vertex 5.966522 1.847758 -3.189172
endloop
endfacet
facet normal -0.289267 -0.941416 0.173379
outer loop
vertex 5.966522 1.847758 -3.189172
vertex 5.803544 1.913880 -3.102058
vertex 5.471542 1.913880 -3.655970
endloop
endfacet
facet normal -0.289269 -0.941415 0.173382
outer loop
vertex 5.966522 1.847758 -3.189172
vertex 5.471542 1.913880 -3.655970
vertex 5.625196 1.847758 -3.758638
endloop
endfacet
facet normal -0.270882 -0.941415 0.200899
outer loop
vertex 5.625196 1.847758 -3.758638
vertex 5.471542 1.913880 -3.655970
vertex 5.086850 1.913880 -4.174670
endloop
endfacet
facet normal -0.270883 -0.941415 0.200900
outer loop
vertex 5.625196 1.847758 -3.758638
vertex 5.086850 1.913880 -4.174670
vertex 5.229700 1.847758 -4.291904
endloop
endfacet
facet normal -0.249887 -0.941414 0.226485
outer loop
vertex 5.229700 1.847758 -4.291904
vertex 5.086850 1.913880 -4.174670
vertex 4.653164 1.913880 -4.653166
endloop
endfacet
facet normal -0.249886 -0.941415 0.226484
outer loop
vertex 5.229700 1.847758 -4.291904
vertex 4.653164 1.913880 -4.653166
vertex 4.783836 1.847758 -4.783838
endloop
endfacet
facet normal -0.226483 -0.941415 0.249885
outer loop
vertex 4.783836 1.847758 -4.783838
vertex 4.653164 1.913880 -4.653166
vertex 4.174668 1.913880 -5.086850
endloop
endfacet
facet normal -0.226484 -0.941414 0.249888
outer loop
vertex 4.783836 1.847758 -4.783838
vertex 4.174668 1.913880 -5.086850
vertex 4.291902 1.847758 -5.229700
endloop
endfacet
facet normal -0.200902 -0.941414 0.270883
outer loop
vertex 4.291902 1.847758 -5.229700
vertex 4.174668 1.913880 -5.086850
vertex 3.655970 1.913880 -5.471544
endloop
endfacet
facet normal -0.200902 -0.941414 0.270884
outer loop
vertex 4.291902 1.847758 -5.229700
vertex 3.655970 1.913880 -5.471544
vertex 3.758636 1.847758 -5.625198
endloop
endfacet
facet normal -0.173381 -0.941414 0.289271
outer loop
vertex 3.758636 1.847758 -5.625198
vertex 3.655970 1.913880 -5.471544
vertex 3.102058 1.913880 -5.803544
endloop
endfacet
facet normal -0.173381 -0.941415 0.289270
outer loop
vertex 3.758636 1.847758 -5.625198
vertex 3.102058 1.913880 -5.803544
vertex 3.189170 1.847758 -5.966522
endloop
endfacet
facet normal -0.144194 -0.941416 0.304869
outer loop
vertex 3.189170 1.847758 -5.966522
vertex 3.102058 1.913880 -5.803544
vertex 2.518276 1.913880 -6.079654
endloop
endfacet
facet normal -0.144194 -0.941414 0.304874
outer loop
vertex 3.189170 1.847758 -5.966522
vertex 2.518276 1.913880 -6.079654
vertex 2.588994 1.847758 -6.250384
endloop
endfacet
facet normal -0.113616 -0.941414 0.317539
outer loop
vertex 2.588994 1.847758 -6.250384
vertex 2.518276 1.913880 -6.079654
vertex 1.910236 1.913880 -6.297212
endloop
endfacet
facet normal -0.113616 -0.941414 0.317539
outer loop
vertex 2.588994 1.847758 -6.250384
vertex 1.910236 1.913880 -6.297212
vertex 1.963880 1.847758 -6.474052
endloop
endfacet
facet normal -0.081946 -0.941415 0.327144
outer loop
vertex 1.963880 1.847758 -6.474052
vertex 1.910236 1.913880 -6.297212
vertex 1.283806 1.913880 -6.454126
endloop
endfacet
facet normal -0.081947 -0.941415 0.327142
outer loop
vertex 1.963880 1.847758 -6.474052
vertex 1.283806 1.913880 -6.454126
vertex 1.319858 1.847758 -6.635374
endloop
endfacet
facet normal -0.049483 -0.941415 0.333599
outer loop
vertex 1.319858 1.847758 -6.635374
vertex 1.283806 1.913880 -6.454126
vertex 0.645006 1.913880 -6.548882
endloop
endfacet
facet normal -0.049484 -0.941414 0.333602
outer loop
vertex 1.319858 1.847758 -6.635374
vertex 0.645006 1.913880 -6.548882
vertex 0.663120 1.847758 -6.732790
endloop
endfacet
facet normal -0.016549 -0.941415 0.336843
outer loop
vertex 0.663120 1.847758 -6.732790
vertex 0.645006 1.913880 -6.548882
vertex 0.000000 1.913880 -6.580570
endloop
endfacet
facet normal -0.016550 -0.941417 0.336837
outer loop
vertex 0.663120 1.847758 -6.732790
vertex 0.000000 1.913880 -6.580570
vertex 0.000000 1.847760 -6.765368
endloop
endfacet
facet normal 0.000000 0.336884 -0.941546
outer loop
vertex 0.000000 -0.580570 -4.086120
vertex 0.000000 -0.765366 -4.152240
vertex -6.000000 -0.765366 -4.152240
endloop
endfacet
facet normal 0.000000 0.336883 -0.941546
outer loop
vertex 0.000000 -0.580570 -4.086120
vertex -6.000000 -0.765366 -4.152240
vertex -6.000000 -0.580570 -4.086120
endloop
endfacet
facet normal -0.970031 0.242982 0.000000
outer loop
vertex 7.961570 -0.390182 0.000000
vertex 7.913880 -0.580570 0.000000
vertex 7.913880 -0.580570 6.000000
endloop
endfacet
facet normal -0.970032 0.242976 0.000000
outer loop
vertex 7.961570 -0.390182 0.000000
vertex 7.913880 -0.580570 6.000000
vertex 7.961570 -0.390182 6.000000
endloop
endfacet
facet normal -0.427459 -0.903791 0.021000
outer loop
vertex 6.942794 1.763842 0.000000
vertex 6.765368 1.847758 0.000000
vertex 6.732790 1.847758 -0.663124
endloop
endfacet
facet normal -0.427461 -0.903790 0.021000
outer loop
vertex 6.942794 1.763842 0.000000
vertex 6.732790 1.847758 -0.663124
vertex 6.909362 1.763842 -0.680514
endloop
endfacet
facet normal -0.423343 -0.903790 0.062797
outer loop
vertex 6.909362 1.763842 -0.680514
vertex 6.732790 1.847758 -0.663124
vertex 6.635372 1.847758 -1.319858
endloop
endfacet
facet normal -0.423340 -0.903792 0.062796
outer loop
vertex 6.909362 1.763842 -0.680514
vertex 6.635372 1.847758 -1.319858
vertex 6.809390 1.763842 -1.354472
endloop
endfacet
facet normal -0.415151 -0.903790 0.103990
outer loop
vertex 6.809390 1.763842 -1.354472
vertex 6.635372 1.847758 -1.319858
vertex 6.474052 1.847758 -1.963884
endloop
endfacet
facet normal -0.415150 -0.903790 0.103991
outer loop
vertex 6.809390 1.763842 -1.354472
vertex 6.474052 1.847758 -1.963884
vertex 6.643838 1.763842 -2.015388
endloop
endfacet
facet normal -0.402956 -0.903791 0.144181
outer loop
vertex 6.643838 1.763842 -2.015388
vertex 6.474052 1.847758 -1.963884
vertex 6.250384 1.847758 -2.588994
endloop
endfacet
facet normal -0.402958 -0.903790 0.144180
outer loop
vertex 6.643838 1.763842 -2.015388
vertex 6.250384 1.847758 -2.588994
vertex 6.414304 1.763842 -2.656894
endloop
endfacet
facet normal -0.386884 -0.903791 0.182982
outer loop
vertex 6.414304 1.763842 -2.656894
vertex 6.250384 1.847758 -2.588994
vertex 5.966522 1.847758 -3.189172
endloop
endfacet
facet normal -0.386885 -0.903791 0.182982
outer loop
vertex 6.414304 1.763842 -2.656894
vertex 5.966522 1.847758 -3.189172
vertex 6.122998 1.763842 -3.272810
endloop
endfacet
facet normal -0.367087 -0.903790 0.220025
outer loop
vertex 6.122998 1.763842 -3.272810
vertex 5.966522 1.847758 -3.189172
vertex 5.625196 1.847758 -3.758638
endloop
endfacet
facet normal -0.367087 -0.903790 0.220026
outer loop
vertex 6.122998 1.763842 -3.272810
vertex 5.625196 1.847758 -3.758638
vertex 5.772720 1.763842 -3.857210
endloop
endfacet
facet normal -0.343755 -0.903790 0.254945
outer loop
vertex 5.772720 1.763842 -3.857210
vertex 5.625196 1.847758 -3.758638
vertex 5.229700 1.847758 -4.291904
endloop
endfacet
facet normal -0.343754 -0.903790 0.254944
outer loop
vertex 5.772720 1.763842 -3.857210
vertex 5.229700 1.847758 -4.291904
vertex 5.366852 1.763842 -4.404462
endloop
endfacet
facet normal -0.317109 -0.903790 0.287412
outer loop
vertex 5.366852 1.763842 -4.404462
vertex 5.229700 1.847758 -4.291904
vertex 4.783836 1.847758 -4.783838
endloop
endfacet
facet normal -0.317110 -0.903790 0.287410
outer loop
vertex 5.366852 1.763842 -4.404462
vertex 4.783836 1.847758 -4.783838
vertex 4.909294 1.763842 -4.909298
endloop
endfacet
facet normal -0.287410 -0.903790 0.317110
outer loop
vertex 4.909294 1.763842 -4.909298
vertex 4.783836 1.847758 -4.783838
vertex 4.291902 1.847758 -5.229700
endloop
endfacet
facet normal -0.287411 -0.903790 0.317109
outer loop
vertex 4.909294 1.763842 -4.909298
vertex 4.291902 1.847758 -5.229700
vertex 4.404460 1.763842 -5.366852
endloop
endfacet
facet normal -0.254946 -0.903789 0.343754
outer loop
vertex 4.404460 1.763842 -5.366852
vertex 4.291902 1.847758 -5.229700
vertex 3.758636 1.847758 -5.625198
endloop
endfacet
facet normal -0.254944 -0.903791 0.343751
outer loop
vertex 4.404460 1.763842 -5.366852
vertex 3.758636 1.847758 -5.625198
vertex 3.857210 1.763842 -5.772722
endloop
endfacet
facet normal -0.220023 -0.903790 0.367087
outer loop
vertex 3.857210 1.763842 -5.772722
vertex 3.758636 1.847758 -5.625198
vertex 3.189170 1.847758 -5.966522
endloop
endfacet
facet normal -0.220023 -0.903791 0.367086
outer loop
vertex 3.857210 1.763842 -5.772722
vertex 3.189170 1.847758 -5.966522
vertex 3.272808 1.763842 -6.122998
endloop
endfacet
facet normal -0.182983 -0.903790 0.386887
outer loop
vertex 3.272808 1.763842 -6.122998
vertex 3.189170 1.847758 -5.966522
vertex 2.588994 1.847758 -6.250384
endloop
endfacet
facet normal -0.182983 -0.903791 0.386885
outer loop
vertex 3.272808 1.763842 -6.122998
vertex 2.588994 1.847758 -6.250384
vertex 2.656892 1.763842 -6.414304
endloop
endfacet
facet normal -0.144179 -0.903789 0.402960
outer loop
vertex 2.656892 1.763842 -6.414304
vertex 2.588994 1.847758 -6.250384
vertex 1.963880 1.847758 -6.474052
endloop
endfacet
facet normal -0.144180 -0.903792 0.402953
outer loop
vertex 2.656892 1.763842 -6.414304
vertex 1.963880 1.847758 -6.474052
vertex 2.015384 1.763842 -6.643840
endloop
endfacet
facet normal -0.103992 -0.903792 0.415146
outer loop
vertex 2.015384 1.763842 -6.643840
vertex 1.963880 1.847758 -6.474052
vertex 1.319858 1.847758 -6.635374
endloop
endfacet
facet normal -0.103990 -0.903790 0.415151
outer loop
vertex 2.015384 1.763842 -6.643840
vertex 1.319858 1.847758 -6.635374
vertex 1.354472 1.763842 -6.809390
endloop
endfacet
facet normal -0.062796 -0.903789 0.423346
outer loop
vertex 1.354472 1.763842 -6.809390
vertex 1.319858 1.847758 -6.635374
vertex 0.663120 1.847758 -6.732790
endloop
endfacet
facet normal -0.062796 -0.903791 0.423342
outer loop
vertex 1.354472 1.763842 -6.809390
vertex 0.663120 1.847758 -6.732790
vertex 0.680510 1.763842 -6.909362
endloop
endfacet
facet normal -0.021003 -0.903790 0.427461
outer loop
vertex 0.680510 1.763842 -6.909362
vertex 0.663120 1.847758 -6.732790
vertex 0.000000 1.847760 -6.765368
endloop
endfacet
facet normal -0.021000 -0.903787 0.427467
outer loop
vertex 0.680510 1.763842 -6.909362
vertex 0.000000 1.847760 -6.765368
vertex 0.000000 1.763842 -6.942794
endloop
endfacet
facet normal 0.000000 0.146736 0.989176
outer loop
vertex 0.000000 -0.390180 -7.961570
vertex 0.000000 -0.196034 -7.990370
vertex -6.000000 -0.196034 -7.990370
endloop
endfacet
facet normal 0.000000 0.146736 0.989176
outer loop
vertex 0.000000 -0.390180 -7.961570
vertex -6.000000 -0.196034 -7.990370
vertex -6.000000 -0.390180 -7.961570
endloop
endfacet
facet normal -0.740951 -0.671560 0.000000
outer loop
vertex 7.414214 1.414212 0.000000
vertex 7.546020 1.268786 0.000000
vertex 7.546022 1.268786 6.000000
endloop
endfacet
facet normal -0.740947 -0.671563 0.000000
outer loop
vertex 7.414214 1.414212 0.000000
vertex 7.546022 1.268786 6.000000
vertex 7.414214 1.414212 6.000000
endloop
endfacet
facet normal -0.513943 -0.857453 0.025249
outer loop
vertex 7.111140 1.662938 0.000000
vertex 6.942794 1.763842 0.000000
vertex 6.909362 1.763842 -0.680514
endloop
endfacet
facet normal -0.513940 -0.857455 0.025248
outer loop
vertex 7.111140 1.662938 0.000000
vertex 6.909362 1.763842 -0.680514
vertex 7.076898 1.662938 -0.697016
endloop
endfacet
facet normal -0.508995 -0.857452 0.075502
outer loop
vertex 7.076898 1.662938 -0.697016
vertex 6.909362 1.763842 -0.680514
vertex 6.809390 1.763842 -1.354472
endloop
endfacet
facet normal -0.508990 -0.857455 0.075501
outer loop
vertex 7.076898 1.662938 -0.697016
vertex 6.809390 1.763842 -1.354472
vertex 6.974502 1.662938 -1.387316
endloop
endfacet
facet normal -0.499139 -0.857454 0.125029
outer loop
vertex 6.974502 1.662938 -1.387316
vertex 6.809390 1.763842 -1.354472
vertex 6.643838 1.763842 -2.015388
endloop
endfacet
facet normal -0.499139 -0.857455 0.125028
outer loop
vertex 6.974502 1.662938 -1.387316
vertex 6.643838 1.763842 -2.015388
vertex 6.804936 1.662938 -2.064258
endloop
endfacet
facet normal -0.484480 -0.857455 0.173350
outer loop
vertex 6.804936 1.662938 -2.064258
vertex 6.643838 1.763842 -2.015388
vertex 6.414304 1.763842 -2.656894
endloop
endfacet
facet normal -0.484484 -0.857452 0.173352
outer loop
vertex 6.804936 1.662938 -2.064258
vertex 6.414304 1.763842 -2.656894
vertex 6.569836 1.662938 -2.721316
endloop
endfacet
facet normal -0.465159 -0.857453 0.220003
outer loop
vertex 6.569836 1.662938 -2.721316
vertex 6.414304 1.763842 -2.656894
vertex 6.122998 1.763842 -3.272810
endloop
endfacet
facet normal -0.465162 -0.857451 0.220005
outer loop
vertex 6.569836 1.662938 -2.721316
vertex 6.122998 1.763842 -3.272810
vertex 6.271466 1.662938 -3.352168
endloop
endfacet
facet normal -0.441355 -0.857452 0.264540
outer loop
vertex 6.271466 1.662938 -3.352168
vertex 6.122998 1.763842 -3.272810
vertex 5.772720 1.763842 -3.857210
endloop
endfacet
facet normal -0.441350 -0.857456 0.264535
outer loop
vertex 6.271466 1.662938 -3.352168
vertex 5.772720 1.763842 -3.857210
vertex 5.912696 1.662938 -3.950740
endloop
endfacet
facet normal -0.413297 -0.857455 0.306522
outer loop
vertex 5.912696 1.662938 -3.950740
vertex 5.772720 1.763842 -3.857210
vertex 5.366852 1.763842 -4.404462
endloop
endfacet
facet normal -0.413301 -0.857453 0.306525
outer loop
vertex 5.912696 1.662938 -3.950740
vertex 5.366852 1.763842 -4.404462
vertex 5.496986 1.662938 -4.511260
endloop
endfacet
facet normal -0.381265 -0.857453 0.345559
outer loop
vertex 5.496986 1.662938 -4.511260
vertex 5.366852 1.763842 -4.404462
vertex 4.909294 1.763842 -4.909298
endloop
endfacet
facet normal -0.381263 -0.857455 0.345558
outer loop
vertex 5.496986 1.662938 -4.511260
vertex 4.909294 1.763842 -4.909298
vertex 5.028334 1.662938 -5.028338
endloop
endfacet
facet normal -0.345556 -0.857455 0.381263
outer loop
vertex 5.028334 1.662938 -5.028338
vertex 4.909294 1.763842 -4.909298
vertex 4.404460 1.763842 -5.366852
endloop
endfacet
facet normal -0.345557 -0.857454 0.381265
outer loop
vertex 5.028334 1.662938 -5.028338
vertex 4.404460 1.763842 -5.366852
vertex 4.511258 1.662938 -5.496986
endloop
endfacet
facet normal -0.306524 -0.857454 0.413299
outer loop
vertex 4.511258 1.662938 -5.496986
vertex 4.404460 1.763842 -5.366852
vertex 3.857210 1.763842 -5.772722
endloop
endfacet
facet normal -0.306525 -0.857454 0.413299
outer loop
vertex 4.511258 1.662938 -5.496986
vertex 3.857210 1.763842 -5.772722
vertex 3.950738 1.662938 -5.912698
endloop
endfacet
facet normal -0.264537 -0.857455 0.441352
outer loop
vertex 3.950738 1.662938 -5.912698
vertex 3.857210 1.763842 -5.772722
vertex 3.272808 1.763842 -6.122998
endloop
endfacet
facet normal -0.264537 -0.857452 0.441357
outer loop
vertex 3.950738 1.662938 -5.912698
vertex 3.272808 1.763842 -6.122998
vertex 3.352166 1.662938 -6.271466
endloop
endfacet
facet normal -0.220004 -0.857452 0.465160
outer loop
vertex 3.352166 1.662938 -6.271466
vertex 3.272808 1.763842 -6.122998
vertex 2.656892 1.763842 -6.414304
endloop
endfacet
facet normal -0.220003 -0.857456 0.465154
outer loop
vertex 3.352166 1.662938 -6.271466
vertex 2.656892 1.763842 -6.414304
vertex 2.721316 1.662938 -6.569838
endloop
endfacet
facet normal -0.173350 -0.857456 0.484478
outer loop
vertex 2.721316 1.662938 -6.569838
vertex 2.656892 1.763842 -6.414304
vertex 2.015384 1.763842 -6.643840
endloop
endfacet
facet normal -0.173350 -0.857455 0.484480
outer loop
vertex 2.721316 1.662938 -6.569838
vertex 2.015384 1.763842 -6.643840
vertex 2.064254 1.662938 -6.804938
endloop
endfacet
facet normal -0.125028 -0.857454 0.499140
outer loop
vertex 2.064254 1.662938 -6.804938
vertex 2.015384 1.763842 -6.643840
vertex 1.354472 1.763842 -6.809390
endloop
endfacet
facet normal -0.125027 -0.857454 0.499141
outer loop
vertex 2.064254 1.662938 -6.804938
vertex 1.354472 1.763842 -6.809390
vertex 1.387314 1.662938 -6.974502
endloop
endfacet
facet normal -0.075502 -0.857453 0.508994
outer loop
vertex 1.387314 1.662938 -6.974502
vertex 1.354472 1.763842 -6.809390
vertex 0.680510 1.763842 -6.909362
endloop
endfacet
facet normal -0.075503 -0.857459 0.508983
outer loop
vertex 1.387314 1.662938 -6.974502
vertex 0.680510 1.763842 -6.909362
vertex 0.697012 1.662940 -7.076898
endloop
endfacet
facet normal -0.025248 -0.857458 0.513934
outer loop
vertex 0.697012 1.662940 -7.076898
vertex 0.680510 1.763842 -6.909362
vertex 0.000000 1.763842 -6.942794
endloop
endfacet
facet normal -0.025249 -0.857457 0.513936
outer loop
vertex 0.697012 1.662940 -7.076898
vertex 0.000000 1.763842 -6.942794
vertex 0.000000 1.662940 -7.111140
endloop
endfacet
facet normal 0.000000 0.427559 -0.903987
outer loop
vertex 0.000000 -0.765366 -4.152240
vertex 0.000000 -0.942794 -4.236158
vertex -6.000000 -0.942794 -4.236158
endloop
endfacet
facet normal 0.000000 0.427559 -0.903988
outer loop
vertex 0.000000 -0.765366 -4.152240
vertex -6.000000 -0.942794 -4.236158
vertex -6.000000 -0.765366 -4.152240
endloop
endfacet
facet normal -0.970032 -0.242976 0.000000
outer loop
vertex 7.913880 0.580568 0.000000
vertex 7.961570 0.390180 0.000000
vertex 7.961572 0.390180 6.000000
endloop
endfacet
facet normal -0.970029 -0.242988 0.000000
outer loop
vertex 7.913880 0.580568 0.000000
vertex 7.961572 0.390180 6.000000
vertex 7.913882 0.580568 6.000000
endloop
endfacet
facet normal -0.595445 -0.802863 0.029252
outer loop
vertex 7.268786 1.546020 0.000000
vertex 7.111140 1.662938 0.000000
vertex 7.076898 1.662938 -0.697016
endloop
endfacet
facet normal -0.595441 -0.802866 0.029251
outer loop
vertex 7.268786 1.546020 0.000000
vertex 7.076898 1.662938 -0.697016
vertex 7.233786 1.546020 -0.712468
endloop
endfacet
facet normal -0.589705 -0.802867 0.087474
outer loop
vertex 7.233786 1.546020 -0.712468
vertex 7.076898 1.662938 -0.697016
vertex 6.974502 1.662938 -1.387316
endloop
endfacet
facet normal -0.589711 -0.802863 0.087477
outer loop
vertex 7.233786 1.546020 -0.712468
vertex 6.974502 1.662938 -1.387316
vertex 7.129118 1.546020 -1.418070
endloop
endfacet
facet normal -0.578299 -0.802861 0.144857
outer loop
vertex 7.129118 1.546020 -1.418070
vertex 6.974502 1.662938 -1.387316
vertex 6.804936 1.662938 -2.064258
endloop
endfacet
facet normal -0.578295 -0.802865 0.144855
outer loop
vertex 7.129118 1.546020 -1.418070
vertex 6.804936 1.662938 -2.064258
vertex 6.955794 1.546020 -2.110020
endloop
endfacet
facet normal -0.561314 -0.802863 0.200842
outer loop
vertex 6.955794 1.546020 -2.110020
vertex 6.804936 1.662938 -2.064258
vertex 6.569836 1.662938 -2.721316
endloop
endfacet
facet normal -0.561309 -0.802867 0.200840
outer loop
vertex 6.955794 1.546020 -2.110020
vertex 6.569836 1.662938 -2.721316
vertex 6.715482 1.546020 -2.781646
endloop
endfacet
facet normal -0.538923 -0.802865 0.254891
outer loop
vertex 6.715482 1.546020 -2.781646
vertex 6.569836 1.662938 -2.721316
vertex 6.271466 1.662938 -3.352168
endloop
endfacet
facet normal -0.538923 -0.802865 0.254891
outer loop
vertex 6.715482 1.546020 -2.781646
vertex 6.271466 1.662938 -3.352168
vertex 6.410498 1.546020 -3.426482
endloop
endfacet
facet normal -0.511343 -0.802866 0.306487
outer loop
vertex 6.410498 1.546020 -3.426482
vertex 6.271466 1.662938 -3.352168
vertex 5.912696 1.662938 -3.950740
endloop
endfacet
facet normal -0.511346 -0.802863 0.306491
outer loop
vertex 6.410498 1.546020 -3.426482
vertex 5.912696 1.662938 -3.950740
vertex 6.043774 1.546020 -4.038322
endloop
endfacet
facet normal -0.478841 -0.802864 0.355133
outer loop
vertex 6.043774 1.546020 -4.038322
vertex 5.912696 1.662938 -3.950740
vertex 5.496986 1.662938 -4.511260
endloop
endfacet
facet normal -0.478841 -0.802865 0.355132
outer loop
vertex 6.043774 1.546020 -4.038322
vertex 5.496986 1.662938 -4.511260
vertex 5.618848 1.546020 -4.611270
endloop
endfacet
facet normal -0.441725 -0.802866 0.400356
outer loop
vertex 5.618848 1.546020 -4.611270
vertex 5.496986 1.662938 -4.511260
vertex 5.028334 1.662938 -5.028338
endloop
endfacet
facet normal -0.441727 -0.802863 0.400360
outer loop
vertex 5.618848 1.546020 -4.611270
vertex 5.028334 1.662938 -5.028338
vertex 5.139806 1.546020 -5.139810
endloop
endfacet
facet normal -0.400360 -0.802862 0.441730
outer loop
vertex 5.139806 1.546020 -5.139810
vertex 5.028334 1.662938 -5.028338
vertex 4.511258 1.662938 -5.496986
endloop
endfacet
facet normal -0.400357 -0.802865 0.441727
outer loop
vertex 5.139806 1.546020 -5.139810
vertex 4.511258 1.662938 -5.496986
vertex 4.611268 1.546020 -5.618848
endloop
endfacet
facet normal -0.355135 -0.802864 0.478841
outer loop
vertex 4.611268 1.546020 -5.618848
vertex 4.511258 1.662938 -5.496986
vertex 3.950738 1.662938 -5.912698
endloop
endfacet
facet normal -0.355134 -0.802865 0.478840
outer loop
vertex 4.611268 1.546020 -5.618848
vertex 3.950738 1.662938 -5.912698
vertex 4.038322 1.546020 -6.043776
endloop
endfacet
facet normal -0.306486 -0.802865 0.511345
outer loop
vertex 4.038322 1.546020 -6.043776
vertex 3.950738 1.662938 -5.912698
vertex 3.352166 1.662938 -6.271466
endloop
endfacet
facet normal -0.306486 -0.802867 0.511343
outer loop
vertex 4.038322 1.546020 -6.043776
vertex 3.352166 1.662938 -6.271466
vertex 3.426480 1.546020 -6.410498
endloop
endfacet
facet normal -0.254893 -0.802867 0.538919
outer loop
vertex 3.426480 1.546020 -6.410498
vertex 3.352166 1.662938 -6.271466
vertex 2.721316 1.662938 -6.569838
endloop
endfacet
facet normal -0.254893 -0.802864 0.538924
outer loop
vertex 3.426480 1.546020 -6.410498
vertex 2.721316 1.662938 -6.569838
vertex 2.781644 1.546020 -6.715484
endloop
endfacet
facet normal -0.200840 -0.802865 0.561312
outer loop
vertex 2.781644 1.546020 -6.715484
vertex 2.721316 1.662938 -6.569838
vertex 2.064254 1.662938 -6.804938
endloop
endfacet
facet normal -0.200840 -0.802864 0.561313
outer loop
vertex 2.781644 1.546020 -6.715484
vertex 2.064254 1.662938 -6.804938
vertex 2.110016 1.546020 -6.955796
endloop
endfacet
facet normal -0.144855 -0.802865 0.578295
outer loop
vertex 2.110016 1.546020 -6.955796
vertex 2.064254 1.662938 -6.804938
vertex 1.387314 1.662938 -6.974502
endloop
endfacet
facet normal -0.144856 -0.802866 0.578293
outer loop
vertex 2.110016 1.546020 -6.955796
vertex 1.387314 1.662938 -6.974502
vertex 1.418070 1.546020 -7.129120
endloop
endfacet
facet normal -0.087476 -0.802865 0.589708
outer loop
vertex 1.418070 1.546020 -7.129120
vertex 1.387314 1.662938 -6.974502
vertex 0.697012 1.662940 -7.076898
endloop
endfacet
facet normal -0.087475 -0.802861 0.589714
outer loop
vertex 1.418070 1.546020 -7.129120
vertex 0.697012 1.662940 -7.076898
vertex 0.712462 1.546020 -7.233786
endloop
endfacet
facet normal -0.029252 -0.802861 0.595448
outer loop
vertex 0.712462 1.546020 -7.233786
vertex 0.697012 1.662940 -7.076898
vertex 0.000000 1.662940 -7.111140
endloop
endfacet
facet normal -0.029252 -0.802860 0.595450
outer loop
vertex 0.712462 1.546020 -7.233786
vertex 0.000000 1.662940 -7.111140
vertex 0.000000 1.546020 -7.268786
endloop
endfacet
facet normal 0.000000 0.049066 0.998796
outer loop
vertex 0.000000 -0.196034 -7.990370
vertex 0.000000 0.000000 -8.000000
vertex -6.000000 0.000000 -8.000000
endloop
endfacet
facet normal 0.000000 0.049066 0.998796
outer loop
vertex 0.000000 -0.196034 -7.990370
vertex -6.000000 0.000000 -8.000000
vertex -6.000000 -0.196034 -7.990370
endloop
endfacet
facet normal -0.336889 -0.941545 0.000000
outer loop
vertex 6.580570 1.913880 0.000000
vertex 6.765368 1.847758 0.000000
vertex 6.765368 1.847758 6.000000
endloop
endfacet
facet normal -0.336893 -0.941543 0.000000
outer loop
vertex 6.580570 1.913880 0.000000
vertex 6.765368 1.847758 6.000000
vertex 6.580570 1.913880 6.000000
endloop
endfacet
facet normal -0.671189 -0.740552 0.032972
outer loop
vertex 7.414214 1.414212 0.000000
vertex 7.268786 1.546020 0.000000
vertex 7.233786 1.546020 -0.712468
endloop
endfacet
facet normal -0.671198 -0.740544 0.032974
outer loop
vertex 7.414214 1.414212 0.000000
vertex 7.233786 1.546020 -0.712468
vertex 7.378512 1.414212 -0.726722
endloop
endfacet
facet normal -0.664736 -0.740542 0.098606
outer loop
vertex 7.378512 1.414212 -0.726722
vertex 7.233786 1.546020 -0.712468
vertex 7.129118 1.546020 -1.418070
endloop
endfacet
facet normal -0.664724 -0.740553 0.098602
outer loop
vertex 7.378512 1.414212 -0.726722
vertex 7.129118 1.546020 -1.418070
vertex 7.271752 1.414212 -1.446442
endloop
endfacet
facet normal -0.651863 -0.740549 0.163283
outer loop
vertex 7.271752 1.414212 -1.446442
vertex 7.129118 1.546020 -1.418070
vertex 6.955794 1.546020 -2.110020
endloop
endfacet
facet normal -0.651860 -0.740552 0.163282
outer loop
vertex 7.271752 1.414212 -1.446442
vertex 6.955794 1.546020 -2.110020
vertex 7.094960 1.414212 -2.152236
endloop
endfacet
facet normal -0.632721 -0.740548 0.226391
outer loop
vertex 7.094960 1.414212 -2.152236
vertex 6.955794 1.546020 -2.110020
vertex 6.715482 1.546020 -2.781646
endloop
endfacet
facet normal -0.632719 -0.740549 0.226391
outer loop
vertex 7.094960 1.414212 -2.152236
vertex 6.715482 1.546020 -2.781646
vertex 6.849840 1.414212 -2.837298
endloop
endfacet
facet normal -0.607484 -0.740548 0.287318
outer loop
vertex 6.849840 1.414212 -2.837298
vertex 6.715482 1.546020 -2.781646
vertex 6.410498 1.546020 -3.426482
endloop
endfacet
facet normal -0.607484 -0.740549 0.287317
outer loop
vertex 6.849840 1.414212 -2.837298
vertex 6.410498 1.546020 -3.426482
vertex 6.538754 1.414212 -3.495036
endloop
endfacet
facet normal -0.576398 -0.740547 0.345480
outer loop
vertex 6.538754 1.414212 -3.495036
vertex 6.410498 1.546020 -3.426482
vertex 6.043774 1.546020 -4.038322
endloop
endfacet
facet normal -0.576397 -0.740547 0.345481
outer loop
vertex 6.538754 1.414212 -3.495036
vertex 6.043774 1.546020 -4.038322
vertex 6.164692 1.414212 -4.119118
endloop
endfacet
facet normal -0.539760 -0.740547 0.400311
outer loop
vertex 6.164692 1.414212 -4.119118
vertex 6.043774 1.546020 -4.038322
vertex 5.618848 1.546020 -4.611270
endloop
endfacet
facet normal -0.539761 -0.740545 0.400314
outer loop
vertex 6.164692 1.414212 -4.119118
vertex 5.618848 1.546020 -4.611270
vertex 5.731264 1.414212 -4.703528
endloop
endfacet
facet normal -0.497924 -0.740545 0.451293
outer loop
vertex 5.731264 1.414212 -4.703528
vertex 5.618848 1.546020 -4.611270
vertex 5.139806 1.546020 -5.139810
endloop
endfacet
facet normal -0.497922 -0.740548 0.451290
outer loop
vertex 5.731264 1.414212 -4.703528
vertex 5.139806 1.546020 -5.139810
vertex 5.242640 1.414212 -5.242642
endloop
endfacet
facet normal -0.451289 -0.740549 0.497921
outer loop
vertex 5.242640 1.414212 -5.242642
vertex 5.139806 1.546020 -5.139810
vertex 4.611268 1.546020 -5.618848
endloop
endfacet
facet normal -0.451289 -0.740548 0.497922
outer loop
vertex 5.242640 1.414212 -5.242642
vertex 4.611268 1.546020 -5.618848
vertex 4.703526 1.414212 -5.731266
endloop
endfacet
facet normal -0.400312 -0.740550 0.539756
outer loop
vertex 4.703526 1.414212 -5.731266
vertex 4.611268 1.546020 -5.618848
vertex 4.038322 1.546020 -6.043776
endloop
endfacet
facet normal -0.400315 -0.740544 0.539762
outer loop
vertex 4.703526 1.414212 -5.731266
vertex 4.038322 1.546020 -6.043776
vertex 4.119116 1.414212 -6.164694
endloop
endfacet
facet normal -0.345479 -0.740545 0.576400
outer loop
vertex 4.119116 1.414212 -6.164694
vertex 4.038322 1.546020 -6.043776
vertex 3.426480 1.546020 -6.410498
endloop
endfacet
facet normal -0.345478 -0.740553 0.576390
outer loop
vertex 4.119116 1.414212 -6.164694
vertex 3.426480 1.546020 -6.410498
vertex 3.495034 1.414214 -6.538754
endloop
endfacet
facet normal -0.287317 -0.740554 0.607478
outer loop
vertex 3.495034 1.414214 -6.538754
vertex 3.426480 1.546020 -6.410498
vertex 2.781644 1.546020 -6.715484
endloop
endfacet
facet normal -0.287318 -0.740548 0.607484
outer loop
vertex 3.495034 1.414214 -6.538754
vertex 2.781644 1.546020 -6.715484
vertex 2.837296 1.414214 -6.849840
endloop
endfacet
facet normal -0.226389 -0.740549 0.632720
outer loop
vertex 2.837296 1.414214 -6.849840
vertex 2.781644 1.546020 -6.715484
vertex 2.110016 1.546020 -6.955796
endloop
endfacet
facet normal -0.226391 -0.740549 0.632720
outer loop
vertex 2.837296 1.414214 -6.849840
vertex 2.110016 1.546020 -6.955796
vertex 2.152230 1.414214 -7.094960
endloop
endfacet
facet normal -0.163283 -0.740550 0.651862
outer loop
vertex 2.152230 1.414214 -7.094960
vertex 2.110016 1.546020 -6.955796
vertex 1.418070 1.546020 -7.129120
endloop
endfacet
facet normal -0.163283 -0.740549 0.651863
outer loop
vertex 2.152230 1.414214 -7.094960
vertex 1.418070 1.546020 -7.129120
vertex 1.446440 1.414214 -7.271752
endloop
endfacet
facet normal -0.098603 -0.740550 0.664728
outer loop
vertex 1.446440 1.414214 -7.271752
vertex 1.418070 1.546020 -7.129120
vertex 0.712462 1.546020 -7.233786
endloop
endfacet
facet normal -0.098602 -0.740550 0.664729
outer loop
vertex 1.446440 1.414214 -7.271752
vertex 0.712462 1.546020 -7.233786
vertex 0.726718 1.414214 -7.378512
endloop
endfacet
facet normal -0.032972 -0.740550 0.671192
outer loop
vertex 0.726718 1.414214 -7.378512
vertex 0.712462 1.546020 -7.233786
vertex 0.000000 1.546020 -7.268786
endloop
endfacet
facet normal -0.032975 -0.740554 0.671187
outer loop
vertex 0.726718 1.414214 -7.378512
vertex 0.000000 1.546020 -7.268786
vertex 0.000000 1.414214 -7.414214
endloop
endfacet
facet normal 0.000000 0.514101 -0.857730
outer loop
vertex 0.000000 -0.942794 -4.236158
vertex 0.000000 -1.111140 -4.337060
vertex -6.000000 -1.111140 -4.337060
endloop
endfacet
facet normal 0.000000 0.514100 -0.857730
outer loop
vertex 0.000000 -0.942794 -4.236158
vertex -6.000000 -1.111140 -4.337060
vertex -6.000000 -0.942794 -4.236158
endloop
endfacet
facet normal 0.336890 -0.941544 0.000000
outer loop
vertex 5.234634 1.847758 0.000000
vertex 5.419432 1.913880 0.000000
vertex 5.419432 1.913880 6.000000
endloop
endfacet
facet normal 0.336890 -0.941544 0.000000
outer loop
vertex 5.234634 1.847758 0.000000
vertex 5.419432 1.913880 6.000000
vertex 5.234634 1.847758 6.000000
endloop
endfacet
facet normal -0.740466 -0.671109 0.036377
outer loop
vertex 7.546020 1.268786 0.000000
vertex 7.414214 1.414212 0.000000
vertex 7.378512 1.414212 -0.726722
endloop
endfacet
facet normal -0.740457 -0.671118 0.036376
outer loop
vertex 7.546020 1.268786 0.000000
vertex 7.378512 1.414212 -0.726722
vertex 7.509684 1.268786 -0.739642
endloop
endfacet
facet normal -0.733330 -0.671114 0.108779
outer loop
vertex 7.509684 1.268786 -0.739642
vertex 7.378512 1.414212 -0.726722
vertex 7.271752 1.414212 -1.446442
endloop
endfacet
facet normal -0.733328 -0.671116 0.108779
outer loop
vertex 7.509684 1.268786 -0.739642
vertex 7.271752 1.414212 -1.446442
vertex 7.401026 1.268786 -1.472156
endloop
endfacet
facet normal -0.719139 -0.671112 0.180134
outer loop
vertex 7.401026 1.268786 -1.472156
vertex 7.271752 1.414212 -1.446442
vertex 7.094960 1.414212 -2.152236
endloop
endfacet
facet normal -0.719134 -0.671118 0.180132
outer loop
vertex 7.401026 1.268786 -1.472156
vertex 7.094960 1.414212 -2.152236
vertex 7.221092 1.268786 -2.190498
endloop
endfacet
facet normal -0.698014 -0.671118 0.249754
outer loop
vertex 7.221092 1.268786 -2.190498
vertex 7.094960 1.414212 -2.152236
vertex 6.849840 1.414212 -2.837298
endloop
endfacet
facet normal -0.698016 -0.671115 0.249756
outer loop
vertex 7.221092 1.268786 -2.190498
vertex 6.849840 1.414212 -2.837298
vertex 6.971614 1.268786 -2.887738
endloop
endfacet
facet normal -0.670174 -0.671118 0.316968
outer loop
vertex 6.971614 1.268786 -2.887738
vertex 6.849840 1.414212 -2.837298
vertex 6.538754 1.414212 -3.495036
endloop
endfacet
facet normal -0.670180 -0.671110 0.316971
outer loop
vertex 6.971614 1.268786 -2.887738
vertex 6.538754 1.414212 -3.495036
vertex 6.654996 1.268786 -3.557170
endloop
endfacet
facet normal -0.635879 -0.671115 0.381132
outer loop
vertex 6.654996 1.268786 -3.557170
vertex 6.538754 1.414212 -3.495036
vertex 6.164692 1.414212 -4.119118
endloop
endfacet
facet normal -0.635879 -0.671116 0.381132
outer loop
vertex 6.654996 1.268786 -3.557170
vertex 6.164692 1.414212 -4.119118
vertex 6.274286 1.268786 -4.192346
endloop
endfacet
facet normal -0.595458 -0.671118 0.441622
outer loop
vertex 6.274286 1.268786 -4.192346
vertex 6.164692 1.414212 -4.119118
vertex 5.731264 1.414212 -4.703528
endloop
endfacet
facet normal -0.595461 -0.671115 0.441623
outer loop
vertex 6.274286 1.268786 -4.192346
vertex 5.731264 1.414212 -4.703528
vertex 5.833152 1.268786 -4.787146
endloop
endfacet
facet normal -0.549304 -0.671119 0.497860
outer loop
vertex 5.833152 1.268786 -4.787146
vertex 5.731264 1.414212 -4.703528
vertex 5.242640 1.414212 -5.242642
endloop
endfacet
facet normal -0.549307 -0.671115 0.497863
outer loop
vertex 5.833152 1.268786 -4.787146
vertex 5.242640 1.414212 -5.242642
vertex 5.335840 1.268786 -5.335844
endloop
endfacet
facet normal -0.497863 -0.671114 0.549307
outer loop
vertex 5.335840 1.268786 -5.335844
vertex 5.242640 1.414212 -5.242642
vertex 4.703526 1.414212 -5.731266
endloop
endfacet
facet normal -0.497863 -0.671116 0.549305
outer loop
vertex 5.335840 1.268786 -5.335844
vertex 4.703526 1.414212 -5.731266
vertex 4.787144 1.268786 -5.833154
endloop
endfacet
facet normal -0.441622 -0.671117 0.595459
outer loop
vertex 4.787144 1.268786 -5.833154
vertex 4.703526 1.414212 -5.731266
vertex 4.119116 1.414212 -6.164694
endloop
endfacet
facet normal -0.441621 -0.671122 0.595455
outer loop
vertex 4.787144 1.268786 -5.833154
vertex 4.119116 1.414212 -6.164694
vertex 4.192346 1.268786 -6.274288
endloop
endfacet
facet normal -0.381130 -0.671120 0.635875
outer loop
vertex 4.192346 1.268786 -6.274288
vertex 4.119116 1.414212 -6.164694
vertex 3.495034 1.414214 -6.538754
endloop
endfacet
facet normal -0.381134 -0.671108 0.635886
outer loop
vertex 4.192346 1.268786 -6.274288
vertex 3.495034 1.414214 -6.538754
vertex 3.557168 1.268786 -6.654996
endloop
endfacet
facet normal -0.316970 -0.671109 0.670181
outer loop
vertex 3.557168 1.268786 -6.654996
vertex 3.495034 1.414214 -6.538754
vertex 2.837296 1.414214 -6.849840
endloop
endfacet
facet normal -0.316970 -0.671113 0.670177
outer loop
vertex 3.557168 1.268786 -6.654996
vertex 2.837296 1.414214 -6.849840
vertex 2.887738 1.268786 -6.971614
endloop
endfacet
facet normal -0.249755 -0.671113 0.698019
outer loop
vertex 2.887738 1.268786 -6.971614
vertex 2.837296 1.414214 -6.849840
vertex 2.152230 1.414214 -7.094960
endloop
endfacet
facet normal -0.249754 -0.671112 0.698019
outer loop
vertex 2.887738 1.268786 -6.971614
vertex 2.152230 1.414214 -7.094960
vertex 2.190492 1.268786 -7.221092
endloop
endfacet
facet normal -0.180136 -0.671113 0.719137
outer loop
vertex 2.190492 1.268786 -7.221092
vertex 2.152230 1.414214 -7.094960
vertex 1.446440 1.414214 -7.271752
endloop
endfacet
facet normal -0.180135 -0.671116 0.719135
outer loop
vertex 2.190492 1.268786 -7.221092
vertex 1.446440 1.414214 -7.271752
vertex 1.472154 1.268786 -7.401028
endloop
endfacet
facet normal -0.108780 -0.671117 0.733328
outer loop
vertex 1.472154 1.268786 -7.401028
vertex 1.446440 1.414214 -7.271752
vertex 0.726718 1.414214 -7.378512
endloop
endfacet
facet normal -0.108778 -0.671114 0.733330
outer loop
vertex 1.472154 1.268786 -7.401028
vertex 0.726718 1.414214 -7.378512
vertex 0.739636 1.268786 -7.509686
endloop
endfacet
facet normal -0.036377 -0.671116 0.740459
outer loop
vertex 0.739636 1.268786 -7.509686
vertex 0.726718 1.414214 -7.378512
vertex 0.000000 1.414214 -7.414214
endloop
endfacet
facet normal -0.036374 -0.671108 0.740467
outer loop
vertex 0.739636 1.268786 -7.509686
vertex 0.000000 1.414214 -7.414214
vertex 0.000000 1.268786 -7.546020
endloop
endfacet
facet normal 0.000000 -0.049066 0.998796
outer loop
vertex 0.000000 0.000000 -8.000000
vertex 0.000000 0.196034 -7.990370
vertex -6.000000 0.196034 -7.990370
endloop
endfacet
facet normal 0.000000 -0.049066 0.998796
outer loop
vertex 0.000000 0.000000 -8.000000
vertex -6.000000 0.196034 -7.990370
vertex -6.000000 0.000000 -8.000000
endloop
endfacet
facet normal 0.740954 -0.671556 0.000000
outer loop
vertex 4.453980 1.268786 0.000000
vertex 4.585786 1.414212 0.000000
vertex 4.585786 1.414212 6.000000
endloop
endfacet
facet normal 0.740952 -0.671558 0.000000
outer loop
vertex 4.453980 1.268786 0.000000
vertex 4.585786 1.414212 6.000000
vertex 4.453980 1.268786 6.000000
endloop
endfacet
facet normal -0.802578 -0.595243 0.039428
outer loop
vertex 7.662940 1.111140 0.000000
vertex 7.546020 1.268786 0.000000
vertex 7.509684 1.268786 -0.739642
endloop
endfacet
facet normal -0.802582 -0.595238 0.039429
outer loop
vertex 7.662940 1.111140 0.000000
vertex 7.509684 1.268786 -0.739642
vertex 7.626040 1.111140 -0.751102
endloop
endfacet
facet normal -0.794853 -0.595237 0.117905
outer loop
vertex 7.626040 1.111140 -0.751102
vertex 7.509684 1.268786 -0.739642
vertex 7.401026 1.268786 -1.472156
endloop
endfacet
facet normal -0.794854 -0.595236 0.117906
outer loop
vertex 7.626040 1.111140 -0.751102
vertex 7.401026 1.268786 -1.472156
vertex 7.515698 1.111140 -1.494966
endloop
endfacet
facet normal -0.779468 -0.595239 0.195245
outer loop
vertex 7.515698 1.111140 -1.494966
vertex 7.401026 1.268786 -1.472156
vertex 7.221092 1.268786 -2.190498
endloop
endfacet
facet normal -0.779473 -0.595230 0.195249
outer loop
vertex 7.515698 1.111140 -1.494966
vertex 7.221092 1.268786 -2.190498
vertex 7.332974 1.111140 -2.224436
endloop
endfacet
facet normal -0.756583 -0.595229 0.270712
outer loop
vertex 7.332974 1.111140 -2.224436
vertex 7.221092 1.268786 -2.190498
vertex 6.971614 1.268786 -2.887738
endloop
endfacet
facet normal -0.756580 -0.595235 0.270708
outer loop
vertex 7.332974 1.111140 -2.224436
vertex 6.971614 1.268786 -2.887738
vertex 7.079632 1.111140 -2.932482
endloop
endfacet
facet normal -0.726401 -0.595236 0.343562
outer loop
vertex 7.079632 1.111140 -2.932482
vertex 6.971614 1.268786 -2.887738
vertex 6.654996 1.268786 -3.557170
endloop
endfacet
facet normal -0.726401 -0.595237 0.343561
outer loop
vertex 7.079632 1.111140 -2.932482
vertex 6.654996 1.268786 -3.557170
vertex 6.758110 1.111140 -3.612284
endloop
endfacet
facet normal -0.689226 -0.595239 0.413107
outer loop
vertex 6.758110 1.111140 -3.612284
vertex 6.654996 1.268786 -3.557170
vertex 6.274286 1.268786 -4.192346
endloop
endfacet
facet normal -0.689229 -0.595234 0.413109
outer loop
vertex 6.758110 1.111140 -3.612284
vertex 6.274286 1.268786 -4.192346
vertex 6.371500 1.111140 -4.257302
endloop
endfacet
facet normal -0.645418 -0.595236 0.478675
outer loop
vertex 6.371500 1.111140 -4.257302
vertex 6.274286 1.268786 -4.192346
vertex 5.833152 1.268786 -4.787146
endloop
endfacet
facet normal -0.645416 -0.595240 0.478672
outer loop
vertex 6.371500 1.111140 -4.257302
vertex 5.833152 1.268786 -4.787146
vertex 5.923532 1.111140 -4.861318
endloop
endfacet
facet normal -0.595390 -0.595239 0.539630
outer loop
vertex 5.923532 1.111140 -4.861318
vertex 5.833152 1.268786 -4.787146
vertex 5.335840 1.268786 -5.335844
endloop
endfacet
facet normal -0.595391 -0.595235 0.539634
outer loop
vertex 5.923532 1.111140 -4.861318
vertex 5.335840 1.268786 -5.335844
vertex 5.418514 1.111140 -5.418518
endloop
endfacet
facet normal -0.539631 -0.595238 0.595390
outer loop
vertex 5.418514 1.111140 -5.418518
vertex 5.335840 1.268786 -5.335844
vertex 4.787144 1.268786 -5.833154
endloop
endfacet
facet normal -0.539633 -0.595232 0.595394
outer loop
vertex 5.418514 1.111140 -5.418518
vertex 4.787144 1.268786 -5.833154
vertex 4.861316 1.111140 -5.923532
endloop
endfacet
facet normal -0.478677 -0.595233 0.645419
outer loop
vertex 4.861316 1.111140 -5.923532
vertex 4.787144 1.268786 -5.833154
vertex 4.192346 1.268786 -6.274288
endloop
endfacet
facet normal -0.478677 -0.595234 0.645418
outer loop
vertex 4.861316 1.111140 -5.923532
vertex 4.192346 1.268786 -6.274288
vertex 4.257302 1.111140 -6.371502
endloop
endfacet
facet normal -0.413106 -0.595234 0.689232
outer loop
vertex 4.257302 1.111140 -6.371502
vertex 4.192346 1.268786 -6.274288
vertex 3.557168 1.268786 -6.654996
endloop
endfacet
facet normal -0.413105 -0.595240 0.689227
outer loop
vertex 4.257302 1.111140 -6.371502
vertex 3.557168 1.268786 -6.654996
vertex 3.612282 1.111140 -6.758110
endloop
endfacet
facet normal -0.343562 -0.595240 0.726399
outer loop
vertex 3.612282 1.111140 -6.758110
vertex 3.557168 1.268786 -6.654996
vertex 2.887738 1.268786 -6.971614
endloop
endfacet
facet normal -0.343562 -0.595234 0.726403
outer loop
vertex 3.612282 1.111140 -6.758110
vertex 2.887738 1.268786 -6.971614
vertex 2.932480 1.111140 -7.079632
endloop
endfacet
facet normal -0.270709 -0.595234 0.756580
outer loop
vertex 2.932480 1.111140 -7.079632
vertex 2.887738 1.268786 -6.971614
vertex 2.190492 1.268786 -7.221092
endloop
endfacet
facet normal -0.270709 -0.595237 0.756578
outer loop
vertex 2.932480 1.111140 -7.079632
vertex 2.190492 1.268786 -7.221092
vertex 2.224432 1.111140 -7.332976
endloop
endfacet
facet normal -0.195248 -0.595237 0.779469
outer loop
vertex 2.224432 1.111140 -7.332976
vertex 2.190492 1.268786 -7.221092
vertex 1.472154 1.268786 -7.401028
endloop
endfacet
facet normal -0.195248 -0.595230 0.779473
outer loop
vertex 2.224432 1.111140 -7.332976
vertex 1.472154 1.268786 -7.401028
vertex 1.494964 1.111140 -7.515698
endloop
endfacet
facet normal -0.117905 -0.595230 0.794858
outer loop
vertex 1.494964 1.111140 -7.515698
vertex 1.472154 1.268786 -7.401028
vertex 0.739636 1.268786 -7.509686
endloop
endfacet
facet normal -0.117906 -0.595232 0.794857
outer loop
vertex 1.494964 1.111140 -7.515698
vertex 0.739636 1.268786 -7.509686
vertex 0.751096 1.111140 -7.626040
endloop
endfacet
facet normal -0.039427 -0.595232 0.802586
outer loop
vertex 0.751096 1.111140 -7.626040
vertex 0.739636 1.268786 -7.509686
vertex 0.000000 1.268786 -7.546020
endloop
endfacet
facet normal -0.039428 -0.595242 0.802579
outer loop
vertex 0.751096 1.111140 -7.626040
vertex 0.000000 1.268786 -7.546020
vertex 0.000000 1.111140 -7.662940
endloop
endfacet
facet normal 0.000000 0.595705 -0.803203
outer loop
vertex 0.000000 -1.111140 -4.337060
vertex 0.000000 -1.268786 -4.453980
vertex -6.000000 -1.268786 -4.453980
endloop
endfacet
facet normal 0.000000 0.595705 -0.803203
outer loop
vertex 0.000000 -1.111140 -4.337060
vertex -6.000000 -1.268786 -4.453980
vertex -6.000000 -1.111140 -4.337060
endloop
endfacet
facet normal 0.970031 -0.242982 0.000000
outer loop
vertex 4.038430 0.390180 0.000000
vertex 4.086120 0.580568 0.000000
vertex 4.086120 0.580568 6.000000
endloop
endfacet
facet normal 0.970032 -0.242979 0.000000
outer loop
vertex 4.038430 0.390180 0.000000
vertex 4.086120 0.580568 6.000000
vertex 4.038430 0.390180 6.000000
endloop
endfacet
facet normal -0.856973 -0.513639 0.042101
outer loop
vertex 7.763842 0.942792 0.000000
vertex 7.662940 1.111140 0.000000
vertex 7.626040 1.111140 -0.751102
endloop
endfacet
facet normal -0.856969 -0.513646 0.042099
outer loop
vertex 7.763842 0.942792 0.000000
vertex 7.626040 1.111140 -0.751102
vertex 7.726458 0.942792 -0.760992
endloop
endfacet
facet normal -0.848716 -0.513646 0.125895
outer loop
vertex 7.726458 0.942792 -0.760992
vertex 7.626040 1.111140 -0.751102
vertex 7.515698 1.111140 -1.494966
endloop
endfacet
facet normal -0.848716 -0.513645 0.125896
outer loop
vertex 7.726458 0.942792 -0.760992
vertex 7.515698 1.111140 -1.494966
vertex 7.614662 0.942792 -1.514652
endloop
endfacet
facet normal -0.832290 -0.513644 0.208479
outer loop
vertex 7.614662 0.942792 -1.514652
vertex 7.515698 1.111140 -1.494966
vertex 7.332974 1.111140 -2.224436
endloop
endfacet
facet normal -0.832285 -0.513653 0.208476
outer loop
vertex 7.614662 0.942792 -1.514652
vertex 7.332974 1.111140 -2.224436
vertex 7.429534 0.942792 -2.253728
endloop
endfacet
facet normal -0.807842 -0.513655 0.289050
outer loop
vertex 7.429534 0.942792 -2.253728
vertex 7.332974 1.111140 -2.224436
vertex 7.079632 1.111140 -2.932482
endloop
endfacet
facet normal -0.807847 -0.513646 0.289054
outer loop
vertex 7.429534 0.942792 -2.253728
vertex 7.079632 1.111140 -2.932482
vertex 7.172854 0.942792 -2.971096
endloop
endfacet
facet normal -0.775625 -0.513647 0.366843
outer loop
vertex 7.172854 0.942792 -2.971096
vertex 7.079632 1.111140 -2.932482
vertex 6.758110 1.111140 -3.612284
endloop
endfacet
facet normal -0.775626 -0.513644 0.366843
outer loop
vertex 7.172854 0.942792 -2.971096
vertex 6.758110 1.111140 -3.612284
vertex 6.847098 0.942792 -3.659850
endloop
endfacet
facet normal -0.735933 -0.513644 0.441103
outer loop
vertex 6.847098 0.942792 -3.659850
vertex 6.758110 1.111140 -3.612284
vertex 6.371500 1.111140 -4.257302
endloop
endfacet
facet normal -0.735932 -0.513649 0.441100
outer loop
vertex 6.847098 0.942792 -3.659850
vertex 6.371500 1.111140 -4.257302
vertex 6.455398 0.942792 -4.313362
endloop
endfacet
facet normal -0.689156 -0.513645 0.511110
outer loop
vertex 6.455398 0.942792 -4.313362
vertex 6.371500 1.111140 -4.257302
vertex 5.923532 1.111140 -4.861318
endloop
endfacet
facet normal -0.689152 -0.513648 0.511111
outer loop
vertex 6.455398 0.942792 -4.313362
vertex 5.923532 1.111140 -4.861318
vertex 6.001532 0.942792 -4.925330
endloop
endfacet
facet normal -0.635738 -0.513644 0.576201
outer loop
vertex 6.001532 0.942792 -4.925330
vertex 5.923532 1.111140 -4.861318
vertex 5.418514 1.111140 -5.418518
endloop
endfacet
facet normal -0.635742 -0.513635 0.576204
outer loop
vertex 5.816439 0.980785 -5.095680
vertex 5.941686 0.942792 -4.991360
vertex 6.001532 0.942792 -4.925330
endloop
endfacet
facet normal -0.635737 -0.513646 0.576199
outer loop
vertex 5.418514 1.111140 -5.418518
vertex 5.471858 0.985276 -5.471862
vertex 5.621349 1.000000 -5.293799
endloop
endfacet
facet normal -0.635738 -0.513653 0.576193
outer loop
vertex 5.816439 0.980785 -5.095680
vertex 6.001532 0.942792 -4.925330
vertex 5.418514 1.111140 -5.418518
endloop
endfacet
facet normal -0.635738 -0.513643 0.576201
outer loop
vertex 5.816439 0.980785 -5.095680
vertex 5.418514 1.111140 -5.418518
vertex 5.621349 1.000000 -5.293799
endloop
endfacet
facet normal -0.576185 -0.513656 0.635743
outer loop
vertex 5.426259 0.980785 -5.516819
vertex 5.471858 0.985276 -5.471862
vertex 5.418514 1.111140 -5.418518
endloop
endfacet
facet normal -0.576198 -0.513647 0.635738
outer loop
vertex 5.418514 1.111140 -5.418518
vertex 4.861316 1.111140 -5.923532
vertex 5.389567 0.969655 -5.559067
endloop
endfacet
facet normal -0.576202 -0.513648 0.635733
outer loop
vertex 5.426259 0.980785 -5.516819
vertex 5.418514 1.111140 -5.418518
vertex 5.389567 0.969655 -5.559067
endloop
endfacet
facet normal -0.576198 -0.513648 0.635737
outer loop
vertex 5.389567 0.969655 -5.559067
vertex 4.861316 1.111140 -5.923532
vertex 4.925328 0.942792 -6.001532
endloop
endfacet
facet normal -0.576207 -0.513626 0.635747
outer loop
vertex 5.389567 0.969655 -5.559067
vertex 4.925328 0.942792 -6.001532
vertex 5.301012 0.942792 -5.661033
endloop
endfacet
facet normal -0.511112 -0.513646 0.689153
outer loop
vertex 4.925328 0.942792 -6.001532
vertex 4.861316 1.111140 -5.923532
vertex 4.257302 1.111140 -6.371502
endloop
endfacet
facet normal -0.511114 -0.513643 0.689153
outer loop
vertex 4.925328 0.942792 -6.001532
vertex 4.257302 1.111140 -6.371502
vertex 4.313360 0.942792 -6.455400
endloop
endfacet
facet normal -0.441101 -0.513642 0.735936
outer loop
vertex 4.313360 0.942792 -6.455400
vertex 4.257302 1.111140 -6.371502
vertex 3.612282 1.111140 -6.758110
endloop
endfacet
facet normal -0.441100 -0.513648 0.735933
outer loop
vertex 4.313360 0.942792 -6.455400
vertex 3.612282 1.111140 -6.758110
vertex 3.659848 0.942794 -6.847098
endloop
endfacet
facet normal -0.366842 -0.513647 0.775625
outer loop
vertex 3.659848 0.942794 -6.847098
vertex 3.612282 1.111140 -6.758110
vertex 2.932480 1.111140 -7.079632
endloop
endfacet
facet normal -0.366842 -0.513654 0.775620
outer loop
vertex 3.659848 0.942794 -6.847098
vertex 2.932480 1.111140 -7.079632
vertex 2.971094 0.942794 -7.172856
endloop
endfacet
facet normal -0.289051 -0.513654 0.807842
outer loop
vertex 2.971094 0.942794 -7.172856
vertex 2.932480 1.111140 -7.079632
vertex 2.224432 1.111140 -7.332976
endloop
endfacet
facet normal -0.289052 -0.513646 0.807847
outer loop
vertex 2.971094 0.942794 -7.172856
vertex 2.224432 1.111140 -7.332976
vertex 2.253722 0.942794 -7.429534
endloop
endfacet
facet normal -0.208477 -0.513647 0.832288
outer loop
vertex 2.253722 0.942794 -7.429534
vertex 2.224432 1.111140 -7.332976
vertex 1.494964 1.111140 -7.515698
endloop
endfacet
facet normal -0.208477 -0.513656 0.832283
outer loop
vertex 2.253722 0.942794 -7.429534
vertex 1.494964 1.111140 -7.515698
vertex 1.514650 0.942794 -7.614664
endloop
endfacet
facet normal -0.125894 -0.513656 0.848710
outer loop
vertex 1.514650 0.942794 -7.614664
vertex 1.494964 1.111140 -7.515698
vertex 0.751096 1.111140 -7.626040
endloop
endfacet
facet normal -0.125894 -0.513651 0.848712
outer loop
vertex 1.514650 0.942794 -7.614664
vertex 0.751096 1.111140 -7.626040
vertex 0.760986 0.942794 -7.726458
endloop
endfacet
facet normal -0.042101 -0.513651 0.856965
outer loop
vertex 0.760986 0.942794 -7.726458
vertex 0.751096 1.111140 -7.626040
vertex 0.000000 1.111140 -7.662940
endloop
endfacet
facet normal -0.042098 -0.513645 0.856970
outer loop
vertex 0.760986 0.942794 -7.726458
vertex 0.000000 1.111140 -7.662940
vertex 0.000000 0.942794 -7.763842
endloop
endfacet
facet normal 0.000000 -0.146736 0.989176
outer loop
vertex 0.000000 0.196034 -7.990370
vertex 0.000000 0.390180 -7.961570
vertex -6.000000 0.390180 -7.961570
endloop
endfacet
facet normal 0.000000 -0.146736 0.989176
outer loop
vertex 0.000000 0.196034 -7.990370
vertex -6.000000 0.390180 -7.961570
vertex -6.000000 0.196034 -7.990370
endloop
endfacet
facet normal 0.336890 0.941544 0.000000
outer loop
vertex 5.419430 -1.913882 0.000000
vertex 5.234632 -1.847760 0.000000
vertex 5.234632 -1.847760 6.000000
endloop
endfacet
facet normal 0.336892 0.941543 0.000000
outer loop
vertex 5.419430 -1.913882 0.000000
vertex 5.234632 -1.847760 6.000000
vertex 5.419430 -1.913882 6.000000
endloop
endfacet
facet normal -0.903096 -0.427141 0.044365
outer loop
vertex 7.847760 0.765366 0.000000
vertex 7.763842 0.942792 0.000000
vertex 7.726458 0.942792 -0.760992
endloop
endfacet
facet normal -0.903099 -0.427135 0.044368
outer loop
vertex 7.847760 0.765366 0.000000
vertex 7.726458 0.942792 -0.760992
vertex 7.809970 0.765366 -0.769218
endloop
endfacet
facet normal -0.894403 -0.427132 0.132673
outer loop
vertex 7.809970 0.765366 -0.769218
vertex 7.726458 0.942792 -0.760992
vertex 7.614662 0.942792 -1.514652
endloop
endfacet
facet normal -0.894402 -0.427134 0.132673
outer loop
vertex 7.809970 0.765366 -0.769218
vertex 7.614662 0.942792 -1.514652
vertex 7.696966 0.765366 -1.531022
endloop
endfacet
facet normal -0.877093 -0.427131 0.219700
outer loop
vertex 7.696966 0.765366 -1.531022
vertex 7.614662 0.942792 -1.514652
vertex 7.429534 0.942792 -2.253728
endloop
endfacet
facet normal -0.877092 -0.427132 0.219700
outer loop
vertex 7.696966 0.765366 -1.531022
vertex 7.429534 0.942792 -2.253728
vertex 7.509836 0.765366 -2.278088
endloop
endfacet
facet normal -0.851336 -0.427127 0.304615
outer loop
vertex 7.509836 0.765366 -2.278088
vertex 7.429534 0.942792 -2.253728
vertex 7.172854 0.942792 -2.971096
endloop
endfacet
facet normal -0.851329 -0.427144 0.304610
outer loop
vertex 7.509836 0.765366 -2.278088
vertex 7.172854 0.942792 -2.971096
vertex 7.250384 0.765366 -3.003210
endloop
endfacet
facet normal -0.817375 -0.427138 0.386590
outer loop
vertex 7.250384 0.765366 -3.003210
vertex 7.172854 0.942792 -2.971096
vertex 6.847098 0.942792 -3.659850
endloop
endfacet
facet normal -0.817375 -0.427136 0.386591
outer loop
vertex 7.250384 0.765366 -3.003210
vertex 6.847098 0.942792 -3.659850
vertex 6.921106 0.765366 -3.699408
endloop
endfacet
facet normal -0.775548 -0.427136 0.464845
outer loop
vertex 6.921106 0.765366 -3.699408
vertex 6.847098 0.942792 -3.659850
vertex 6.455398 0.942792 -4.313362
endloop
endfacet
facet normal -0.775549 -0.427134 0.464845
outer loop
vertex 6.921106 0.765366 -3.699408
vertex 6.455398 0.942792 -4.313362
vertex 6.525172 0.765366 -4.359984
endloop
endfacet
facet normal -0.726251 -0.427135 0.538623
outer loop
vertex 6.525172 0.765366 -4.359984
vertex 6.455398 0.942792 -4.313362
vertex 6.001532 0.942792 -4.925330
endloop
endfacet
facet normal -0.726256 -0.427114 0.538634
outer loop
vertex 6.525172 0.765366 -4.359984
vertex 6.001532 0.942792 -4.925330
vertex 6.009519 0.920947 -4.931885
endloop
endfacet
facet normal -0.726252 -0.427133 0.538624
outer loop
vertex 6.176919 0.831470 -4.777128
vertex 6.257466 0.765366 -4.720943
vertex 6.525172 0.765366 -4.359984
endloop
endfacet
facet normal -0.726247 -0.427143 0.538623
outer loop
vertex 6.525172 0.765366 -4.359984
vertex 6.009519 0.920947 -4.931885
vertex 6.176919 0.831470 -4.777128
endloop
endfacet
facet normal -0.669934 -0.427200 0.607198
outer loop
vertex 6.009519 0.920947 -4.931885
vertex 6.001532 0.942792 -4.925330
vertex 6.004032 0.923880 -4.935875
endloop
endfacet
facet normal -0.669956 -0.427148 0.607210
outer loop
vertex 6.001532 0.942792 -4.925330
vertex 5.941686 0.942792 -4.991360
vertex 6.004032 0.923880 -4.935875
endloop
endfacet
facet normal -0.607214 -0.427140 0.669957
outer loop
vertex 5.238666 0.923880 -5.729598
vertex 5.301012 0.942792 -5.661033
vertex 4.925328 0.942792 -6.001532
endloop
endfacet
facet normal -0.607216 -0.427127 0.669963
outer loop
vertex 5.238666 0.923880 -5.729598
vertex 4.925328 0.942792 -6.001532
vertex 5.152943 0.878060 -5.836505
endloop
endfacet
facet normal -0.607214 -0.427137 0.669959
outer loop
vertex 5.065779 0.831470 -5.945209
vertex 5.152943 0.878060 -5.836505
vertex 4.925328 0.942792 -6.001532
endloop
endfacet
facet normal -0.607203 -0.427128 0.669975
outer loop
vertex 4.925328 0.942792 -6.001532
vertex 4.978564 0.765366 -6.066400
vertex 4.985231 0.765366 -6.060357
endloop
endfacet
facet normal -0.607215 -0.427134 0.669961
outer loop
vertex 5.065779 0.831470 -5.945209
vertex 4.925328 0.942792 -6.001532
vertex 4.985231 0.765366 -6.060357
endloop
endfacet
facet normal -0.538625 -0.427134 0.726250
outer loop
vertex 4.925328 0.942792 -6.001532
vertex 4.313360 0.942792 -6.455400
vertex 4.978564 0.765366 -6.066400
endloop
endfacet
facet normal -0.538626 -0.427137 0.726248
outer loop
vertex 4.313360 0.942792 -6.455400
vertex 4.359982 0.765366 -6.525174
vertex 4.978564 0.765366 -6.066400
endloop
endfacet
facet normal -0.464845 -0.427135 0.775548
outer loop
vertex 4.359982 0.765366 -6.525174
vertex 4.313360 0.942792 -6.455400
vertex 3.659848 0.942794 -6.847098
endloop
endfacet
facet normal -0.464844 -0.427133 0.775550
outer loop
vertex 4.359982 0.765366 -6.525174
vertex 3.659848 0.942794 -6.847098
vertex 3.699406 0.765366 -6.921106
endloop
endfacet
facet normal -0.386593 -0.427131 0.817377
outer loop
vertex 3.699406 0.765366 -6.921106
vertex 3.659848 0.942794 -6.847098
vertex 2.971094 0.942794 -7.172856
endloop
endfacet
facet normal -0.386592 -0.427129 0.817379
outer loop
vertex 3.699406 0.765366 -6.921106
vertex 2.971094 0.942794 -7.172856
vertex 3.003208 0.765366 -7.250384
endloop
endfacet
facet normal -0.304611 -0.427129 0.851336
outer loop
vertex 3.003208 0.765366 -7.250384
vertex 2.971094 0.942794 -7.172856
vertex 2.253722 0.942794 -7.429534
endloop
endfacet
facet normal -0.304611 -0.427136 0.851332
outer loop
vertex 3.003208 0.765366 -7.250384
vertex 2.253722 0.942794 -7.429534
vertex 2.278082 0.765366 -7.509838
endloop
endfacet
facet normal -0.219703 -0.427135 0.877089
outer loop
vertex 2.278082 0.765366 -7.509838
vertex 2.253722 0.942794 -7.429534
vertex 1.514650 0.942794 -7.614664
endloop
endfacet
facet normal -0.219701 -0.427130 0.877093
outer loop
vertex 2.278082 0.765366 -7.509838
vertex 1.514650 0.942794 -7.614664
vertex 1.531020 0.765366 -7.696968
endloop
endfacet
facet normal -0.132670 -0.427130 0.894404
outer loop
vertex 1.531020 0.765366 -7.696968
vertex 1.514650 0.942794 -7.614664
vertex 0.760986 0.942794 -7.726458
endloop
endfacet
facet normal -0.132671 -0.427129 0.894404
outer loop
vertex 1.531020 0.765366 -7.696968
vertex 0.760986 0.942794 -7.726458
vertex 0.769212 0.765366 -7.809970
endloop
endfacet
facet normal -0.044366 -0.427129 0.903102
outer loop
vertex 0.769212 0.765366 -7.809970
vertex 0.760986 0.942794 -7.726458
vertex 0.000000 0.942794 -7.763842
endloop
endfacet
facet normal -0.044368 -0.427138 0.903097
outer loop
vertex 0.769212 0.765366 -7.809970
vertex 0.000000 0.942794 -7.763842
vertex 0.000000 0.765366 -7.847760
endloop
endfacet
facet normal 0.000000 0.671552 -0.740957
outer loop
vertex 0.000000 -1.268786 -4.453980
vertex 0.000000 -1.414214 -4.585786
vertex -6.000000 -1.414214 -4.585786
endloop
endfacet
facet normal 0.000000 0.671552 -0.740957
outer loop
vertex 0.000000 -1.268786 -4.453980
vertex -6.000000 -1.414214 -4.585786
vertex -6.000000 -1.268786 -4.453980
endloop
endfacet
facet normal 0.970032 0.242979 0.000000
outer loop
vertex 4.086120 -0.580570 0.000000
vertex 4.038430 -0.390182 0.000000
vertex 4.038430 -0.390182 6.000000
endloop
endfacet
facet normal 0.970031 0.242982 0.000000
outer loop
vertex 4.086120 -0.580570 0.000000
vertex 4.038430 -0.390182 6.000000
vertex 4.086120 -0.580570 6.000000
endloop
endfacet
facet normal -0.940542 -0.336520 0.046207
outer loop
vertex 7.913880 0.580568 0.000000
vertex 7.847760 0.765366 0.000000
vertex 7.809970 0.765366 -0.769218
endloop
endfacet
facet normal -0.940538 -0.336532 0.046204
outer loop
vertex 7.913880 0.580568 0.000000
vertex 7.809970 0.765366 -0.769218
vertex 7.875774 0.580568 -0.775698
endloop
endfacet
facet normal -0.931479 -0.336534 0.138173
outer loop
vertex 7.875774 0.580568 -0.775698
vertex 7.809970 0.765366 -0.769218
vertex 7.696966 0.765366 -1.531022
endloop
endfacet
facet normal -0.931478 -0.336536 0.138173
outer loop
vertex 7.875774 0.580568 -0.775698
vertex 7.696966 0.765366 -1.531022
vertex 7.761818 0.580568 -1.543922
endloop
endfacet
facet normal -0.913452 -0.336531 0.228807
outer loop
vertex 7.761818 0.580568 -1.543922
vertex 7.696966 0.765366 -1.531022
vertex 7.509836 0.765366 -2.278088
endloop
endfacet
facet normal -0.913449 -0.336540 0.228806
outer loop
vertex 7.761818 0.580568 -1.543922
vertex 7.509836 0.765366 -2.278088
vertex 7.573112 0.580568 -2.297282
endloop
endfacet
facet normal -0.886626 -0.336533 0.317239
outer loop
vertex 7.573112 0.580568 -2.297282
vertex 7.509836 0.765366 -2.278088
vertex 7.250384 0.765366 -3.003210
endloop
endfacet
facet normal -0.886626 -0.336528 0.317242
outer loop
vertex 7.573112 0.580568 -2.297282
vertex 7.250384 0.765366 -3.003210
vertex 7.311472 0.580568 -3.028512
endloop
endfacet
facet normal -0.851262 -0.336528 0.402618
outer loop
vertex 7.311472 0.580568 -3.028512
vertex 7.250384 0.765366 -3.003210
vertex 6.921106 0.765366 -3.699408
endloop
endfacet
facet normal -0.851262 -0.336532 0.402616
outer loop
vertex 7.311472 0.580568 -3.028512
vertex 6.921106 0.765366 -3.699408
vertex 6.979420 0.580568 -3.730578
endloop
endfacet
facet normal -0.807698 -0.336537 0.484115
outer loop
vertex 6.979420 0.580568 -3.730578
vertex 6.921106 0.765366 -3.699408
vertex 6.525172 0.765366 -4.359984
endloop
endfacet
facet normal -0.807700 -0.336528 0.484118
outer loop
vertex 6.979420 0.580568 -3.730578
vertex 6.525172 0.765366 -4.359984
vertex 6.580150 0.580568 -4.396718
endloop
endfacet
facet normal -0.756358 -0.336529 0.560955
outer loop
vertex 6.370378 0.656024 -4.634295
vertex 6.580150 0.580568 -4.396718
vertex 6.525172 0.765366 -4.359984
endloop
endfacet
facet normal -0.756356 -0.336538 0.560953
outer loop
vertex 6.525172 0.765366 -4.359984
vertex 6.257466 0.765366 -4.720943
vertex 6.328455 0.707107 -4.660176
endloop
endfacet
facet normal -0.756365 -0.336506 0.560960
outer loop
vertex 6.525172 0.765366 -4.359984
vertex 6.328455 0.707107 -4.660176
vertex 6.370378 0.656024 -4.634295
endloop
endfacet
facet normal -0.756361 -0.336522 0.560955
outer loop
vertex 6.580150 0.580568 -4.396718
vertex 6.370378 0.656024 -4.634295
vertex 6.432303 0.580568 -4.596067
endloop
endfacet
facet normal -0.632395 -0.336655 0.697667
outer loop
vertex 4.978564 0.765366 -6.066400
vertex 4.983449 0.763904 -6.062677
vertex 4.985231 0.765366 -6.060357
endloop
endfacet
facet normal -0.632351 -0.336594 0.697737
outer loop
vertex 4.978564 0.765366 -6.066400
vertex 4.979611 0.760753 -6.067676
vertex 4.983449 0.763904 -6.062677
endloop
endfacet
facet normal -0.560942 -0.336599 0.756336
outer loop
vertex 4.979611 0.760753 -6.067676
vertex 4.978564 0.765366 -6.066400
vertex 4.359982 0.765366 -6.525174
endloop
endfacet
facet normal -0.560954 -0.336539 0.756355
outer loop
vertex 4.359982 0.765366 -6.525174
vertex 4.849630 0.628376 -6.222978
vertex 4.914242 0.707107 -6.140027
endloop
endfacet
facet normal -0.560954 -0.336534 0.756357
outer loop
vertex 4.359982 0.765366 -6.525174
vertex 4.914242 0.707107 -6.140027
vertex 4.979611 0.760753 -6.067676
endloop
endfacet
facet normal -0.560956 -0.336521 0.756361
outer loop
vertex 4.810394 0.580568 -6.273348
vertex 4.849630 0.628376 -6.222978
vertex 4.359982 0.765366 -6.525174
endloop
endfacet
facet normal -0.560953 -0.336527 0.756361
outer loop
vertex 4.810394 0.580568 -6.273348
vertex 4.359982 0.765366 -6.525174
vertex 4.396716 0.580568 -6.580152
endloop
endfacet
facet normal -0.484115 -0.336525 0.807703
outer loop
vertex 4.396716 0.580568 -6.580152
vertex 4.359982 0.765366 -6.525174
vertex 3.699406 0.765366 -6.921106
endloop
endfacet
facet normal -0.484116 -0.336541 0.807696
outer loop
vertex 4.396716 0.580568 -6.580152
vertex 3.699406 0.765366 -6.921106
vertex 3.730576 0.580568 -6.979422
endloop
endfacet
facet normal -0.402616 -0.336539 0.851259
outer loop
vertex 3.730576 0.580568 -6.979422
vertex 3.699406 0.765366 -6.921106
vertex 3.003208 0.765366 -7.250384
endloop
endfacet
facet normal -0.402615 -0.336525 0.851265
outer loop
vertex 3.730576 0.580568 -6.979422
vertex 3.003208 0.765366 -7.250384
vertex 3.028510 0.580568 -7.311472
endloop
endfacet
facet normal -0.317242 -0.336525 0.886627
outer loop
vertex 3.028510 0.580568 -7.311472
vertex 3.003208 0.765366 -7.250384
vertex 2.278082 0.765366 -7.509838
endloop
endfacet
facet normal -0.317241 -0.336530 0.886626
outer loop
vertex 3.028510 0.580568 -7.311472
vertex 2.278082 0.765366 -7.509838
vertex 2.297276 0.580570 -7.573112
endloop
endfacet
facet normal -0.228809 -0.336530 0.913451
outer loop
vertex 2.297276 0.580570 -7.573112
vertex 2.278082 0.765366 -7.509838
vertex 1.531020 0.765366 -7.696968
endloop
endfacet
facet normal -0.228808 -0.336527 0.913453
outer loop
vertex 2.297276 0.580570 -7.573112
vertex 1.531020 0.765366 -7.696968
vertex 1.543920 0.580570 -7.761818
endloop
endfacet
facet normal -0.138171 -0.336527 0.931482
outer loop
vertex 1.543920 0.580570 -7.761818
vertex 1.531020 0.765366 -7.696968
vertex 0.769212 0.765366 -7.809970
endloop
endfacet
facet normal -0.138172 -0.336535 0.931479
outer loop
vertex 1.543920 0.580570 -7.761818
vertex 0.769212 0.765366 -7.809970
vertex 0.775692 0.580570 -7.875774
endloop
endfacet
facet normal -0.046206 -0.336536 0.940536
outer loop
vertex 0.775692 0.580570 -7.875774
vertex 0.769212 0.765366 -7.809970
vertex 0.000000 0.765366 -7.847760
endloop
endfacet
facet normal -0.046206 -0.336524 0.940541
outer loop
vertex 0.775692 0.580570 -7.875774
vertex 0.000000 0.765366 -7.847760
vertex 0.000000 0.580570 -7.913880
endloop
endfacet
facet normal 0.000000 -0.242979 0.970032
outer loop
vertex 0.000000 0.390180 -7.961570
vertex 0.000000 0.580570 -7.913880
vertex -6.000000 0.580570 -7.913880
endloop
endfacet
facet normal 0.000000 -0.242979 0.970032
outer loop
vertex 0.000000 0.390180 -7.961570
vertex -6.000000 0.580570 -7.913880
vertex -6.000000 0.390180 -7.961570
endloop
endfacet
facet normal 0.740952 0.671558 0.000000
outer loop
vertex 4.585786 -1.414214 0.000000
vertex 4.453980 -1.268788 0.000000
vertex 4.453980 -1.268788 6.000000
endloop
endfacet
facet normal 0.740954 0.671556 0.000000
outer loop
vertex 4.585786 -1.414214 0.000000
vertex 4.453980 -1.268788 6.000000
vertex 4.585786 -1.414214 6.000000
endloop
endfacet
facet normal -0.968933 -0.242700 0.047599
outer loop
vertex 7.961570 0.390180 0.000000
vertex 7.913880 0.580568 0.000000
vertex 7.875774 0.580568 -0.775698
endloop
endfacet
facet normal -0.968930 -0.242710 0.047599
outer loop
vertex 7.961570 0.390180 0.000000
vertex 7.875774 0.580568 -0.775698
vertex 7.923234 0.390180 -0.780374
endloop
endfacet
facet normal -0.959600 -0.242707 0.142344
outer loop
vertex 7.923234 0.390180 -0.780374
vertex 7.875774 0.580568 -0.775698
vertex 7.761818 0.580568 -1.543922
endloop
endfacet
facet normal -0.959602 -0.242698 0.142346
outer loop
vertex 7.923234 0.390180 -0.780374
vertex 7.761818 0.580568 -1.543922
vertex 7.808590 0.390180 -1.553226
endloop
endfacet
facet normal -0.941029 -0.242700 0.235714
outer loop
vertex 7.808590 0.390180 -1.553226
vertex 7.761818 0.580568 -1.543922
vertex 7.573112 0.580568 -2.297282
endloop
endfacet
facet normal -0.941030 -0.242698 0.235713
outer loop
vertex 7.808590 0.390180 -1.553226
vertex 7.573112 0.580568 -2.297282
vertex 7.618748 0.390180 -2.311126
endloop
endfacet
facet normal -0.913392 -0.242701 0.326819
outer loop
vertex 7.618748 0.390180 -2.311126
vertex 7.573112 0.580568 -2.297282
vertex 7.311472 0.580568 -3.028512
endloop
endfacet
facet normal -0.913391 -0.242708 0.326818
outer loop
vertex 7.618748 0.390180 -2.311126
vertex 7.311472 0.580568 -3.028512
vertex 7.355532 0.390180 -3.046762
endloop
endfacet
facet normal -0.876960 -0.242707 0.414770
outer loop
vertex 7.355532 0.390180 -3.046762
vertex 7.311472 0.580568 -3.028512
vertex 6.979420 0.580568 -3.730578
endloop
endfacet
facet normal -0.876961 -0.242701 0.414772
outer loop
vertex 7.355532 0.390180 -3.046762
vertex 6.979420 0.580568 -3.730578
vertex 7.021478 0.390180 -3.753058
endloop
endfacet
facet normal -0.832085 -0.242694 0.498733
outer loop
vertex 7.021478 0.390180 -3.753058
vertex 6.979420 0.580568 -3.730578
vertex 6.580150 0.580568 -4.396718
endloop
endfacet
facet normal -0.832082 -0.242706 0.498732
outer loop
vertex 7.021478 0.390180 -3.753058
vertex 6.580150 0.580568 -4.396718
vertex 6.619802 0.390180 -4.423214
endloop
endfacet
facet normal -0.779191 -0.242705 0.577888
outer loop
vertex 6.521256 0.427533 -4.540401
vertex 6.619802 0.390180 -4.423214
vertex 6.580150 0.580568 -4.396718
endloop
endfacet
facet normal -0.779185 -0.242741 0.577882
outer loop
vertex 6.580150 0.580568 -4.396718
vertex 6.432303 0.580568 -4.596067
vertex 6.452818 0.555570 -4.578904
endloop
endfacet
facet normal -0.779193 -0.242702 0.577887
outer loop
vertex 6.580150 0.580568 -4.396718
vertex 6.452818 0.555570 -4.578904
vertex 6.521256 0.427533 -4.540401
endloop
endfacet
facet normal -0.779189 -0.242729 0.577883
outer loop
vertex 6.619802 0.390180 -4.423214
vertex 6.521256 0.427533 -4.540401
vertex 6.541222 0.390180 -4.529168
endloop
endfacet
facet normal -0.577885 -0.242720 0.779189
outer loop
vertex 4.789879 0.555570 -6.296349
vertex 4.810394 0.580568 -6.273348
vertex 4.396716 0.580568 -6.580152
endloop
endfacet
facet normal -0.577889 -0.242698 0.779193
outer loop
vertex 4.789879 0.555570 -6.296349
vertex 4.396716 0.580568 -6.580152
vertex 4.748506 0.478165 -6.351144
endloop
endfacet
facet normal -0.577889 -0.242697 0.779194
outer loop
vertex 4.701476 0.390180 -6.413429
vertex 4.748506 0.478165 -6.351144
vertex 4.396716 0.580568 -6.580152
endloop
endfacet
facet normal -0.577889 -0.242705 0.779191
outer loop
vertex 4.701476 0.390180 -6.413429
vertex 4.396716 0.580568 -6.580152
vertex 4.423212 0.390180 -6.619804
endloop
endfacet
facet normal -0.498732 -0.242702 0.832083
outer loop
vertex 4.423212 0.390180 -6.619804
vertex 4.396716 0.580568 -6.580152
vertex 3.730576 0.580568 -6.979422
endloop
endfacet
facet normal -0.498732 -0.242700 0.832083
outer loop
vertex 4.423212 0.390180 -6.619804
vertex 3.730576 0.580568 -6.979422
vertex 3.753056 0.390180 -7.021480
endloop
endfacet
facet normal -0.414769 -0.242701 0.876962
outer loop
vertex 3.753056 0.390180 -7.021480
vertex 3.730576 0.580568 -6.979422
vertex 3.028510 0.580568 -7.311472
endloop
endfacet
facet normal -0.414769 -0.242712 0.876959
outer loop
vertex 3.753056 0.390180 -7.021480
vertex 3.028510 0.580568 -7.311472
vertex 3.046762 0.390180 -7.355532
endloop
endfacet
facet normal -0.326818 -0.242711 0.913390
outer loop
vertex 3.046762 0.390180 -7.355532
vertex 3.028510 0.580568 -7.311472
vertex 2.297276 0.580570 -7.573112
endloop
endfacet
facet normal -0.326816 -0.242703 0.913393
outer loop
vertex 3.046762 0.390180 -7.355532
vertex 2.297276 0.580570 -7.573112
vertex 2.311120 0.390180 -7.618748
endloop
endfacet
facet normal -0.235716 -0.242703 0.941028
outer loop
vertex 2.311120 0.390180 -7.618748
vertex 2.297276 0.580570 -7.573112
vertex 1.543920 0.580570 -7.761818
endloop
endfacet
facet normal -0.235715 -0.242705 0.941027
outer loop
vertex 2.311120 0.390180 -7.618748
vertex 1.543920 0.580570 -7.761818
vertex 1.553224 0.390180 -7.808592
endloop
endfacet
facet normal -0.142345 -0.242705 0.959600
outer loop
vertex 1.553224 0.390180 -7.808592
vertex 1.543920 0.580570 -7.761818
vertex 0.775692 0.580570 -7.875774
endloop
endfacet
facet normal -0.142342 -0.242703 0.959601
outer loop
vertex 1.553224 0.390180 -7.808592
vertex 0.775692 0.580570 -7.875774
vertex 0.780368 0.390180 -7.923234
endloop
endfacet
facet normal -0.047599 -0.242703 0.968932
outer loop
vertex 0.780368 0.390180 -7.923234
vertex 0.775692 0.580570 -7.875774
vertex 0.000000 0.580570 -7.913880
endloop
endfacet
facet normal -0.047599 -0.242703 0.968932
outer loop
vertex 0.780368 0.390180 -7.923234
vertex 0.000000 0.580570 -7.913880
vertex 0.000000 0.390180 -7.961570
endloop
endfacet
facet normal 0.000000 0.740958 -0.671551
outer loop
vertex 0.000000 -1.414214 -4.585786
vertex 0.000000 -1.546020 -4.731214
vertex -6.000000 -1.546020 -4.731214
endloop
endfacet
facet normal 0.000000 0.740956 -0.671553
outer loop
vertex 0.000000 -1.414214 -4.585786
vertex -6.000000 -1.546020 -4.731214
vertex -6.000000 -1.414214 -4.585786
endloop
endfacet
facet normal -0.146726 0.989177 0.000000
outer loop
vertex 6.390180 -1.961572 0.000000
vertex 6.196034 -1.990370 0.000000
vertex 6.196034 -1.990370 6.000000
endloop
endfacet
facet normal -0.146727 0.989177 0.000000
outer loop
vertex 6.390180 -1.961572 0.000000
vertex 6.196034 -1.990370 6.000000
vertex 6.390180 -1.961572 6.000000
endloop
endfacet
facet normal -0.988009 -0.146566 0.048536
outer loop
vertex 7.990370 0.196034 0.000000
vertex 7.961570 0.390180 0.000000
vertex 7.923234 0.390180 -0.780374
endloop
endfacet
facet normal -0.988011 -0.146556 0.048538
outer loop
vertex 7.990370 0.196034 0.000000
vertex 7.923234 0.390180 -0.780374
vertex 7.951894 0.196034 -0.783196
endloop
endfacet
facet normal -0.978496 -0.146549 0.145149
outer loop
vertex 7.951894 0.196034 -0.783196
vertex 7.923234 0.390180 -0.780374
vertex 7.808590 0.390180 -1.553226
endloop
endfacet
facet normal -0.978495 -0.146558 0.145148
outer loop
vertex 7.951894 0.196034 -0.783196
vertex 7.808590 0.390180 -1.553226
vertex 7.836836 0.196034 -1.558844
endloop
endfacet
facet normal -0.959557 -0.146560 0.240354
outer loop
vertex 7.836836 0.196034 -1.558844
vertex 7.808590 0.390180 -1.553226
vertex 7.618748 0.390180 -2.311126
endloop
endfacet
facet normal -0.959558 -0.146553 0.240356
outer loop
vertex 7.836836 0.196034 -1.558844
vertex 7.618748 0.390180 -2.311126
vertex 7.646306 0.196034 -2.319484
endloop
endfacet
facet normal -0.931377 -0.146555 0.333254
outer loop
vertex 7.646306 0.196034 -2.319484
vertex 7.618748 0.390180 -2.311126
vertex 7.355532 0.390180 -3.046762
endloop
endfacet
facet normal -0.931378 -0.146556 0.333253
outer loop
vertex 7.646306 0.196034 -2.319484
vertex 7.355532 0.390180 -3.046762
vertex 7.382138 0.196034 -3.057784
endloop
endfacet
facet normal -0.894228 -0.146555 0.422940
outer loop
vertex 7.382138 0.196034 -3.057784
vertex 7.355532 0.390180 -3.046762
vertex 7.021478 0.390180 -3.753058
endloop
endfacet
facet normal -0.894227 -0.146560 0.422939
outer loop
vertex 7.382138 0.196034 -3.057784
vertex 7.021478 0.390180 -3.753058
vertex 7.046876 0.196034 -3.766634
endloop
endfacet
facet normal -0.848467 -0.146554 0.508552
outer loop
vertex 7.046876 0.196034 -3.766634
vertex 7.021478 0.390180 -3.753058
vertex 6.619802 0.390180 -4.423214
endloop
endfacet
facet normal -0.848467 -0.146564 0.508550
outer loop
vertex 7.046876 0.196034 -3.766634
vertex 6.619802 0.390180 -4.423214
vertex 6.643748 0.196034 -4.439214
endloop
endfacet
facet normal -0.794531 -0.146563 0.589270
outer loop
vertex 6.596116 0.214931 -4.498739
vertex 6.643748 0.196034 -4.439214
vertex 6.619802 0.390180 -4.423214
endloop
endfacet
facet normal -0.794541 -0.146536 0.589263
outer loop
vertex 6.619802 0.390180 -4.423214
vertex 6.541222 0.390180 -4.529168
vertex 6.545228 0.382683 -4.525630
endloop
endfacet
facet normal -0.794533 -0.146558 0.589269
outer loop
vertex 6.619802 0.390180 -4.423214
vertex 6.545228 0.382683 -4.525630
vertex 6.596116 0.214931 -4.498739
endloop
endfacet
facet normal -0.794531 -0.146608 0.589260
outer loop
vertex 6.596116 0.214931 -4.498739
vertex 6.601848 0.196034 -4.495710
vertex 6.643748 0.196034 -4.439214
endloop
endfacet
facet normal -0.589267 -0.146551 0.794536
outer loop
vertex 4.423212 0.390180 -6.619804
vertex 4.676633 0.313997 -6.445906
vertex 4.697469 0.382683 -6.417784
endloop
endfacet
facet normal -0.589258 -0.146668 0.794521
outer loop
vertex 4.423212 0.390180 -6.619804
vertex 4.697469 0.382683 -6.417784
vertex 4.701476 0.390180 -6.413429
endloop
endfacet
facet normal -0.589269 -0.146559 0.794533
outer loop
vertex 4.676633 0.313997 -6.445906
vertex 4.423212 0.390180 -6.619804
vertex 4.439212 0.196034 -6.643750
endloop
endfacet
facet normal -0.589268 -0.146566 0.794533
outer loop
vertex 4.676633 0.313997 -6.445906
vertex 4.439212 0.196034 -6.643750
vertex 4.640850 0.196034 -6.494205
endloop
endfacet
facet normal -0.508551 -0.146563 0.848466
outer loop
vertex 4.439212 0.196034 -6.643750
vertex 4.423212 0.390180 -6.619804
vertex 3.753056 0.390180 -7.021480
endloop
endfacet
facet normal -0.508550 -0.146556 0.848468
outer loop
vertex 4.439212 0.196034 -6.643750
vertex 3.753056 0.390180 -7.021480
vertex 3.766632 0.196034 -7.046878
endloop
endfacet
facet normal -0.422940 -0.146555 0.894228
outer loop
vertex 3.766632 0.196034 -7.046878
vertex 3.753056 0.390180 -7.021480
vertex 3.046762 0.390180 -7.355532
endloop
endfacet
facet normal -0.422937 -0.146550 0.894230
outer loop
vertex 3.766632 0.196034 -7.046878
vertex 3.046762 0.390180 -7.355532
vertex 3.057782 0.196034 -7.382138
endloop
endfacet
facet normal -0.333252 -0.146552 0.931378
outer loop
vertex 3.057782 0.196034 -7.382138
vertex 3.046762 0.390180 -7.355532
vertex 2.311120 0.390180 -7.618748
endloop
endfacet
facet normal -0.333254 -0.146562 0.931376
outer loop
vertex 3.057782 0.196034 -7.382138
vertex 2.311120 0.390180 -7.618748
vertex 2.319480 0.196034 -7.646308
endloop
endfacet
facet normal -0.240357 -0.146562 0.959556
outer loop
vertex 2.319480 0.196034 -7.646308
vertex 2.311120 0.390180 -7.618748
vertex 1.553224 0.390180 -7.808592
endloop
endfacet
facet normal -0.240357 -0.146559 0.959557
outer loop
vertex 2.319480 0.196034 -7.646308
vertex 1.553224 0.390180 -7.808592
vertex 1.558842 0.196034 -7.836838
endloop
endfacet
facet normal -0.145146 -0.146560 0.978495
outer loop
vertex 1.558842 0.196034 -7.836838
vertex 1.553224 0.390180 -7.808592
vertex 0.780368 0.390180 -7.923234
endloop
endfacet
facet normal -0.145145 -0.146555 0.978496
outer loop
vertex 1.558842 0.196034 -7.836838
vertex 0.780368 0.390180 -7.923234
vertex 0.783190 0.196034 -7.951894
endloop
endfacet
facet normal -0.048536 -0.146556 0.988011
outer loop
vertex 0.783190 0.196034 -7.951894
vertex 0.780368 0.390180 -7.923234
vertex 0.000000 0.390180 -7.961570
endloop
endfacet
facet normal -0.048538 -0.146563 0.988010
outer loop
vertex 0.783190 0.196034 -7.951894
vertex 0.000000 0.390180 -7.961570
vertex 0.000000 0.196034 -7.990370
endloop
endfacet
facet normal 0.000000 -0.336884 0.941546
outer loop
vertex 0.000000 0.580570 -7.913880
vertex 0.000000 0.765366 -7.847760
vertex -6.000000 0.765366 -7.847760
endloop
endfacet
facet normal 0.000000 -0.336883 0.941546
outer loop
vertex 0.000000 0.580570 -7.913880
vertex -6.000000 0.765366 -7.847760
vertex -6.000000 0.580570 -7.913880
endloop
endfacet
facet normal -0.595698 0.803209 0.000000
outer loop
vertex 7.268786 -1.546022 0.000000
vertex 7.111140 -1.662940 0.000000
vertex 7.111140 -1.662940 6.000000
endloop
endfacet
facet normal -0.595698 0.803209 0.000000
outer loop
vertex 7.268786 -1.546022 0.000000
vertex 7.111140 -1.662940 6.000000
vertex 7.268786 -1.546022 6.000000
endloop
endfacet
facet normal -0.997596 -0.049002 0.049009
outer loop
vertex 8.000000 -0.000002 0.000000
vertex 7.990370 0.196034 0.000000
vertex 7.951894 0.196034 -0.783196
endloop
endfacet
facet normal -0.997595 -0.049010 0.049008
outer loop
vertex 8.000000 -0.000002 0.000000
vertex 7.951894 0.196034 -0.783196
vertex 7.961478 -0.000002 -0.784140
endloop
endfacet
facet normal -0.987988 -0.049009 0.146556
outer loop
vertex 7.961478 -0.000002 -0.784140
vertex 7.951894 0.196034 -0.783196
vertex 7.836836 0.196034 -1.558844
endloop
endfacet
facet normal -0.987987 -0.049016 0.146555
outer loop
vertex 7.961478 -0.000002 -0.784140
vertex 7.836836 0.196034 -1.558844
vertex 7.846282 -0.000002 -1.560724
endloop
endfacet
facet normal -0.968866 -0.049008 0.242687
outer loop
vertex 7.846282 -0.000002 -1.560724
vertex 7.836836 0.196034 -1.558844
vertex 7.646306 0.196034 -2.319484
endloop
endfacet
facet normal -0.968865 -0.049010 0.242689
outer loop
vertex 7.846282 -0.000002 -1.560724
vertex 7.646306 0.196034 -2.319484
vertex 7.655522 -0.000002 -2.322280
endloop
endfacet
facet normal -0.940413 -0.049002 0.336485
outer loop
vertex 7.655522 -0.000002 -2.322280
vertex 7.646306 0.196034 -2.319484
vertex 7.382138 0.196034 -3.057784
endloop
endfacet
facet normal -0.940413 -0.049016 0.336484
outer loop
vertex 7.655522 -0.000002 -2.322280
vertex 7.382138 0.196034 -3.057784
vertex 7.391036 0.000000 -3.061470
endloop
endfacet
facet normal -0.902903 -0.049009 0.427042
outer loop
vertex 7.391036 0.000000 -3.061470
vertex 7.382138 0.196034 -3.057784
vertex 7.046876 0.196034 -3.766634
endloop
endfacet
facet normal -0.902902 -0.049007 0.427043
outer loop
vertex 7.391036 0.000000 -3.061470
vertex 7.046876 0.196034 -3.766634
vertex 7.055370 0.000000 -3.771174
endloop
endfacet
facet normal -0.856698 -0.049015 0.513484
outer loop
vertex 7.055370 0.000000 -3.771174
vertex 7.046876 0.196034 -3.766634
vertex 6.643748 0.196034 -4.439214
endloop
endfacet
facet normal -0.856698 -0.049005 0.513485
outer loop
vertex 7.055370 0.000000 -3.771174
vertex 6.643748 0.196034 -4.439214
vertex 6.651756 0.000000 -4.444564
endloop
endfacet
facet normal -0.802246 -0.049005 0.594979
outer loop
vertex 6.620061 0.013077 -4.486223
vertex 6.651756 0.000000 -4.444564
vertex 6.643748 0.196034 -4.439214
endloop
endfacet
facet normal -0.802266 -0.048266 0.595012
outer loop
vertex 6.643748 0.196034 -4.439214
vertex 6.601848 0.196034 -4.495710
vertex 6.602134 0.195090 -4.495401
endloop
endfacet
facet normal -0.802248 -0.049012 0.594975
outer loop
vertex 6.643748 0.196034 -4.439214
vertex 6.602134 0.195090 -4.495401
vertex 6.620061 0.013077 -4.486223
endloop
endfacet
facet normal -0.802247 -0.048962 0.594982
outer loop
vertex 6.620061 0.013077 -4.486223
vertex 6.621349 0.000000 -4.485563
vertex 6.651756 0.000000 -4.444564
endloop
endfacet
facet normal -0.594984 -0.049004 0.802242
outer loop
vertex 4.439212 0.196034 -6.643750
vertex 4.634721 0.135766 -6.502432
vertex 4.640563 0.195090 -6.494475
endloop
endfacet
facet normal -0.594994 -0.048813 0.802246
outer loop
vertex 4.439212 0.196034 -6.643750
vertex 4.640563 0.195090 -6.494475
vertex 4.640850 0.196034 -6.494205
endloop
endfacet
facet normal -0.594986 -0.049012 0.802240
outer loop
vertex 4.634721 0.135766 -6.502432
vertex 4.439212 0.196034 -6.643750
vertex 4.444562 0.000000 -6.651758
endloop
endfacet
facet normal -0.594986 -0.049005 0.802241
outer loop
vertex 4.634721 0.135766 -6.502432
vertex 4.444562 0.000000 -6.651758
vertex 4.621349 0.000000 -6.520643
endloop
endfacet
facet normal -0.513484 -0.049010 0.856699
outer loop
vertex 4.444562 0.000000 -6.651758
vertex 4.439212 0.196034 -6.643750
vertex 3.766632 0.196034 -7.046878
endloop
endfacet
facet normal -0.513484 -0.049015 0.856698
outer loop
vertex 4.444562 0.000000 -6.651758
vertex 3.766632 0.196034 -7.046878
vertex 3.771172 0.000000 -7.055372
endloop
endfacet
facet normal -0.427039 -0.049014 0.902904
outer loop
vertex 3.771172 0.000000 -7.055372
vertex 3.766632 0.196034 -7.046878
vertex 3.057782 0.196034 -7.382138
endloop
endfacet
facet normal -0.427042 -0.049013 0.902903
outer loop
vertex 3.771172 0.000000 -7.055372
vertex 3.057782 0.196034 -7.382138
vertex 3.061468 0.000000 -7.391036
endloop
endfacet
facet normal -0.336486 -0.049013 0.940412
outer loop
vertex 3.061468 0.000000 -7.391036
vertex 3.057782 0.196034 -7.382138
vertex 2.319480 0.196034 -7.646308
endloop
endfacet
facet normal -0.336485 -0.049006 0.940413
outer loop
vertex 3.061468 0.000000 -7.391036
vertex 2.319480 0.196034 -7.646308
vertex 2.322274 0.000000 -7.655524
endloop
endfacet
facet normal -0.242687 -0.049006 0.968866
outer loop
vertex 2.322274 0.000000 -7.655524
vertex 2.319480 0.196034 -7.646308
vertex 1.558842 0.196034 -7.836838
endloop
endfacet
facet normal -0.242688 -0.049004 0.968866
outer loop
vertex 2.322274 0.000000 -7.655524
vertex 1.558842 0.196034 -7.836838
vertex 1.560722 0.000000 -7.846282
endloop
endfacet
facet normal -0.146553 -0.049004 0.987988
outer loop
vertex 1.560722 0.000000 -7.846282
vertex 1.558842 0.196034 -7.836838
vertex 0.783190 0.196034 -7.951894
endloop
endfacet
facet normal -0.146554 -0.049010 0.987988
outer loop
vertex 1.560722 0.000000 -7.846282
vertex 0.783190 0.196034 -7.951894
vertex 0.784134 0.000000 -7.961478
endloop
endfacet
facet normal -0.049009 -0.049010 0.997595
outer loop
vertex 0.784134 0.000000 -7.961478
vertex 0.783190 0.196034 -7.951894
vertex 0.000000 0.196034 -7.990370
endloop
endfacet
facet normal -0.049009 -0.049007 0.997595
outer loop
vertex 0.784134 0.000000 -7.961478
vertex 0.000000 0.196034 -7.990370
vertex 0.000000 0.000000 -8.000000
endloop
endfacet
facet normal 0.000000 0.803204 -0.595704
outer loop
vertex 0.000000 -1.546020 -4.731214
vertex 0.000000 -1.662940 -4.888860
vertex -6.000000 -1.662940 -4.888860
endloop
endfacet
facet normal 0.000000 0.803203 -0.595705
outer loop
vertex 0.000000 -1.546020 -4.731214
vertex -6.000000 -1.662940 -4.888860
vertex -6.000000 -1.546020 -4.731214
endloop
endfacet
facet normal -0.903985 0.427563 0.000000
outer loop
vertex 7.847760 -0.765368 0.000000
vertex 7.763842 -0.942794 0.000000
vertex 7.763842 -0.942794 6.000000
endloop
endfacet
facet normal -0.903985 0.427563 0.000000
outer loop
vertex 7.847760 -0.765368 0.000000
vertex 7.763842 -0.942794 6.000000
vertex 7.847760 -0.765368 6.000000
endloop
endfacet
facet normal -0.997595 0.049006 0.049008
outer loop
vertex 7.990370 -0.196036 0.000000
vertex 8.000000 -0.000002 0.000000
vertex 7.961478 -0.000002 -0.784140
endloop
endfacet
facet normal -0.997595 0.049007 0.049009
outer loop
vertex 7.990370 -0.196036 0.000000
vertex 7.961478 -0.000002 -0.784140
vertex 7.951894 -0.196036 -0.783196
endloop
endfacet
facet normal -0.987988 0.049012 0.146555
outer loop
vertex 7.951894 -0.196036 -0.783196
vertex 7.961478 -0.000002 -0.784140
vertex 7.846282 -0.000002 -1.560724
endloop
endfacet
facet normal -0.987987 0.049013 0.146556
outer loop
vertex 7.951894 -0.196036 -0.783196
vertex 7.846282 -0.000002 -1.560724
vertex 7.836836 -0.196036 -1.558844
endloop
endfacet
facet normal -0.968865 0.049012 0.242689
outer loop
vertex 7.836836 -0.196036 -1.558844
vertex 7.846282 -0.000002 -1.560724
vertex 7.655522 -0.000002 -2.322280
endloop
endfacet
facet normal -0.968866 0.049008 0.242688
outer loop
vertex 7.836836 -0.196036 -1.558844
vertex 7.655522 -0.000002 -2.322280
vertex 7.646306 -0.196036 -2.319484
endloop
endfacet
facet normal -0.940413 0.049012 0.336485
outer loop
vertex 7.646306 -0.196036 -2.319484
vertex 7.655522 -0.000002 -2.322280
vertex 7.391036 0.000000 -3.061470
endloop
endfacet
facet normal -0.940413 0.049006 0.336485
outer loop
vertex 7.646306 -0.196036 -2.319484
vertex 7.391036 0.000000 -3.061470
vertex 7.382138 -0.196036 -3.057784
endloop
endfacet
facet normal -0.902903 0.049005 0.427042
outer loop
vertex 7.382138 -0.196036 -3.057784
vertex 7.391036 0.000000 -3.061470
vertex 7.055370 0.000000 -3.771174
endloop
endfacet
facet normal -0.902902 0.049010 0.427042
outer loop
vertex 7.382138 -0.196036 -3.057784
vertex 7.055370 0.000000 -3.771174
vertex 7.046876 -0.196036 -3.766634
endloop
endfacet
facet normal -0.856698 0.049011 0.513485
outer loop
vertex 7.046876 -0.196036 -3.766634
vertex 7.055370 0.000000 -3.771174
vertex 6.651756 0.000000 -4.444564
endloop
endfacet
facet normal -0.856698 0.049008 0.513484
outer loop
vertex 7.046876 -0.196036 -3.766634
vertex 6.651756 0.000000 -4.444564
vertex 6.643748 -0.196036 -4.439214
endloop
endfacet
facet normal -0.802244 0.049005 0.594981
outer loop
vertex 6.643748 -0.196036 -4.439214
vertex 6.651756 0.000000 -4.444564
vertex 6.621349 0.000000 -4.485563
endloop
endfacet
facet normal -0.802243 0.049009 0.594982
outer loop
vertex 6.643748 -0.196036 -4.439214
vertex 6.621349 0.000000 -4.485563
vertex 6.603722 -0.178966 -4.494588
endloop
endfacet
facet normal -0.802250 0.048966 0.594977
outer loop
vertex 6.643748 -0.196036 -4.439214
vertex 6.603722 -0.178966 -4.494588
vertex 6.602134 -0.195090 -4.495402
endloop
endfacet
facet normal -0.802241 0.049051 0.594982
outer loop
vertex 6.643748 -0.196036 -4.439214
vertex 6.602134 -0.195090 -4.495402
vertex 6.601847 -0.196036 -4.495710
endloop
endfacet
facet normal -0.594985 0.048998 0.802242
outer loop
vertex 4.621349 0.000000 -6.520643
vertex 4.444562 0.000000 -6.651758
vertex 4.626989 -0.057267 -6.512962
endloop
endfacet
facet normal -0.594982 0.049012 0.802243
outer loop
vertex 4.640563 -0.195090 -6.494475
vertex 4.626989 -0.057267 -6.512962
vertex 4.444562 0.000000 -6.651758
endloop
endfacet
facet normal -0.594982 0.049010 0.802244
outer loop
vertex 4.444562 0.000000 -6.651758
vertex 4.439212 -0.196034 -6.643750
vertex 4.640850 -0.196034 -6.494205
endloop
endfacet
facet normal -0.596182 0.048908 0.801358
outer loop
vertex 4.444562 0.000000 -6.651758
vertex 4.640850 -0.196034 -6.494205
vertex 4.640563 -0.195090 -6.494475
endloop
endfacet
facet normal -0.513485 0.049010 0.856698
outer loop
vertex 4.439212 -0.196034 -6.643750
vertex 4.444562 0.000000 -6.651758
vertex 3.771172 0.000000 -7.055372
endloop
endfacet
facet normal -0.513484 0.049015 0.856698
outer loop
vertex 4.439212 -0.196034 -6.643750
vertex 3.771172 0.000000 -7.055372
vertex 3.766632 -0.196034 -7.046878
endloop
endfacet
facet normal -0.427040 0.049012 0.902903
outer loop
vertex 3.766632 -0.196034 -7.046878
vertex 3.771172 0.000000 -7.055372
vertex 3.061468 0.000000 -7.391036
endloop
endfacet
facet normal -0.427041 0.049014 0.902903
outer loop
vertex 3.766632 -0.196034 -7.046878
vertex 3.061468 0.000000 -7.391036
vertex 3.057782 -0.196034 -7.382138
endloop
endfacet
facet normal -0.336484 0.049013 0.940413
outer loop
vertex 3.057782 -0.196034 -7.382138
vertex 3.061468 0.000000 -7.391036
vertex 2.322274 0.000000 -7.655524
endloop
endfacet
facet normal -0.336487 0.049006 0.940412
outer loop
vertex 3.057782 -0.196034 -7.382138
vertex 2.322274 0.000000 -7.655524
vertex 2.319480 -0.196034 -7.646308
endloop
endfacet
facet normal -0.242687 0.049007 0.968866
outer loop
vertex 2.319480 -0.196034 -7.646308
vertex 2.322274 0.000000 -7.655524
vertex 1.560722 0.000000 -7.846282
endloop
endfacet
facet normal -0.242689 0.049004 0.968866
outer loop
vertex 2.319480 -0.196034 -7.646308
vertex 1.560722 0.000000 -7.846282
vertex 1.558842 -0.196034 -7.836838
endloop
endfacet
facet normal -0.146554 0.049003 0.987988
outer loop
vertex 1.558842 -0.196034 -7.836838
vertex 1.560722 0.000000 -7.846282
vertex 0.784134 0.000000 -7.961478
endloop
endfacet
facet normal -0.146553 0.049010 0.987988
outer loop
vertex 1.558842 -0.196034 -7.836838
vertex 0.784134 0.000000 -7.961478
vertex 0.783190 -0.196034 -7.951894
endloop
endfacet
facet normal -0.049009 0.049010 0.997595
outer loop
vertex 0.783190 -0.196034 -7.951894
vertex 0.784134 0.000000 -7.961478
vertex 0.000000 0.000000 -8.000000
endloop
endfacet
facet normal -0.049009 0.049007 0.997595
outer loop
vertex 0.783190 -0.196034 -7.951894
vertex 0.000000 0.000000 -8.000000
vertex 0.000000 -0.196034 -7.990370
endloop
endfacet
facet normal 0.000000 -0.427559 0.903987
outer loop
vertex 0.000000 0.765366 -7.847760
vertex 0.000000 0.942794 -7.763842
vertex -6.000000 0.942794 -7.763842
endloop
endfacet
facet normal 0.000000 -0.427559 0.903988
outer loop
vertex 0.000000 0.765366 -7.847760
vertex -6.000000 0.942794 -7.763842
vertex -6.000000 0.765366 -7.847760
endloop
endfacet
facet normal -0.857735 -0.514093 0.000000
outer loop
vertex 7.662940 1.111140 0.000000
vertex 7.763842 0.942792 0.000000
vertex 7.763844 0.942792 6.000000
endloop
endfacet
facet normal -0.857726 -0.514107 0.000000
outer loop
vertex 7.662940 1.111140 0.000000
vertex 7.763844 0.942792 6.000000
vertex 7.662940 1.111140 6.000000
endloop
endfacet
facet normal -0.988010 0.146565 0.048538
outer loop
vertex 7.961570 -0.390182 0.000000
vertex 7.990370 -0.196036 0.000000
vertex 7.951894 -0.196036 -0.783196
endloop
endfacet
facet normal -0.988011 0.146557 0.048536
outer loop
vertex 7.961570 -0.390182 0.000000
vertex 7.951894 -0.196036 -0.783196
vertex 7.923234 -0.390182 -0.780374
endloop
endfacet
facet normal -0.978497 0.146548 0.145148
outer loop
vertex 7.923234 -0.390182 -0.780374
vertex 7.951894 -0.196036 -0.783196
vertex 7.836836 -0.196036 -1.558844
endloop
endfacet
facet normal -0.978495 0.146560 0.145149
outer loop
vertex 7.923234 -0.390182 -0.780374
vertex 7.836836 -0.196036 -1.558844
vertex 7.808590 -0.390182 -1.553226
endloop
endfacet
facet normal -0.959557 0.146559 0.240356
outer loop
vertex 7.808590 -0.390182 -1.553226
vertex 7.836836 -0.196036 -1.558844
vertex 7.646306 -0.196036 -2.319484
endloop
endfacet
facet normal -0.959558 0.146555 0.240354
outer loop
vertex 7.808590 -0.390182 -1.553226
vertex 7.646306 -0.196036 -2.319484
vertex 7.618748 -0.390182 -2.311126
endloop
endfacet
facet normal -0.931378 0.146553 0.333253
outer loop
vertex 7.618748 -0.390182 -2.311126
vertex 7.646306 -0.196036 -2.319484
vertex 7.382138 -0.196036 -3.057784
endloop
endfacet
facet normal -0.931377 0.146558 0.333253
outer loop
vertex 7.618748 -0.390182 -2.311126
vertex 7.382138 -0.196036 -3.057784
vertex 7.355532 -0.390182 -3.046762
endloop
endfacet
facet normal -0.894227 0.146560 0.422939
outer loop
vertex 7.355532 -0.390182 -3.046762
vertex 7.382138 -0.196036 -3.057784
vertex 7.046876 -0.196036 -3.766634
endloop
endfacet
facet normal -0.894228 0.146555 0.422940
outer loop
vertex 7.355532 -0.390182 -3.046762
vertex 7.046876 -0.196036 -3.766634
vertex 7.021478 -0.390182 -3.753058
endloop
endfacet
facet normal -0.848467 0.146559 0.508551
outer loop
vertex 7.021478 -0.390182 -3.753058
vertex 7.046876 -0.196036 -3.766634
vertex 6.643748 -0.196036 -4.439214
endloop
endfacet
facet normal -0.848467 0.146559 0.508551
outer loop
vertex 7.021478 -0.390182 -3.753058
vertex 6.643748 -0.196036 -4.439214
vertex 6.619802 -0.390182 -4.423214
endloop
endfacet
facet normal -0.794531 0.146562 0.589271
outer loop
vertex 6.619802 -0.390182 -4.423214
vertex 6.643748 -0.196036 -4.439214
vertex 6.601847 -0.196036 -4.495710
endloop
endfacet
facet normal -0.794535 0.146560 0.589266
outer loop
vertex 6.619802 -0.390182 -4.423214
vertex 6.601847 -0.196036 -4.495710
vertex 6.551969 -0.360465 -4.522069
endloop
endfacet
facet normal -0.794537 0.146575 0.589259
outer loop
vertex 6.619802 -0.390182 -4.423214
vertex 6.551969 -0.360465 -4.522069
vertex 6.545228 -0.382683 -4.525630
endloop
endfacet
facet normal -0.794543 0.146495 0.589271
outer loop
vertex 6.619802 -0.390182 -4.423214
vertex 6.545228 -0.382683 -4.525630
vertex 6.541220 -0.390182 -4.529170
endloop
endfacet
facet normal -0.589269 0.146547 0.794535
outer loop
vertex 4.640850 -0.196034 -6.494205
vertex 4.439212 -0.196034 -6.643750
vertex 4.662337 -0.266869 -6.465203
endloop
endfacet
facet normal -0.589266 0.146561 0.794535
outer loop
vertex 4.662337 -0.266869 -6.465203
vertex 4.439212 -0.196034 -6.643750
vertex 4.423212 -0.390182 -6.619804
endloop
endfacet
facet normal -0.589257 0.146640 0.794527
outer loop
vertex 4.423212 -0.390182 -6.619804
vertex 4.701478 -0.390182 -6.413428
vertex 4.697469 -0.382683 -6.417784
endloop
endfacet
facet normal -0.589268 0.146556 0.794534
outer loop
vertex 4.423212 -0.390182 -6.619804
vertex 4.697469 -0.382683 -6.417784
vertex 4.662337 -0.266869 -6.465203
endloop
endfacet
facet normal -0.508550 0.146559 0.848468
outer loop
vertex 4.423212 -0.390182 -6.619804
vertex 4.439212 -0.196034 -6.643750
vertex 3.766632 -0.196034 -7.046878
endloop
endfacet
facet normal -0.508551 0.146557 0.848467
outer loop
vertex 4.423212 -0.390182 -6.619804
vertex 3.766632 -0.196034 -7.046878
vertex 3.753056 -0.390182 -7.021480
endloop
endfacet
facet normal -0.422938 0.146554 0.894229
outer loop
vertex 3.753056 -0.390182 -7.021480
vertex 3.766632 -0.196034 -7.046878
vertex 3.057782 -0.196034 -7.382138
endloop
endfacet
facet normal -0.422939 0.146549 0.894229
outer loop
vertex 3.753056 -0.390182 -7.021480
vertex 3.057782 -0.196034 -7.382138
vertex 3.046762 -0.390182 -7.355532
endloop
endfacet
facet normal -0.333254 0.146550 0.931378
outer loop
vertex 3.046762 -0.390182 -7.355532
vertex 3.057782 -0.196034 -7.382138
vertex 2.319480 -0.196034 -7.646308
endloop
endfacet
facet normal -0.333250 0.146563 0.931377
outer loop
vertex 3.046762 -0.390182 -7.355532
vertex 2.319480 -0.196034 -7.646308
vertex 2.311120 -0.390180 -7.618748
endloop
endfacet
facet normal -0.240355 0.146563 0.959557
outer loop
vertex 2.311120 -0.390180 -7.618748
vertex 2.319480 -0.196034 -7.646308
vertex 1.558842 -0.196034 -7.836838
endloop
endfacet
facet normal -0.240359 0.146559 0.959556
outer loop
vertex 2.311120 -0.390180 -7.618748
vertex 1.558842 -0.196034 -7.836838
vertex 1.553224 -0.390180 -7.808592
endloop
endfacet
facet normal -0.145145 0.146559 0.978495
outer loop
vertex 1.553224 -0.390180 -7.808592
vertex 1.558842 -0.196034 -7.836838
vertex 0.783190 -0.196034 -7.951894
endloop
endfacet
facet normal -0.145146 0.146555 0.978496
outer loop
vertex 1.553224 -0.390180 -7.808592
vertex 0.783190 -0.196034 -7.951894
vertex 0.780368 -0.390180 -7.923234
endloop
endfacet
facet normal -0.048538 0.146556 0.988011
outer loop
vertex 0.780368 -0.390180 -7.923234
vertex 0.783190 -0.196034 -7.951894
vertex 0.000000 -0.196034 -7.990370
endloop
endfacet
facet normal -0.048536 0.146563 0.988010
outer loop
vertex 0.780368 -0.390180 -7.923234
vertex 0.000000 -0.196034 -7.990370
vertex 0.000000 -0.390180 -7.961570
endloop
endfacet
facet normal 0.000000 0.857730 -0.514100
outer loop
vertex 0.000000 -1.662940 -4.888860
vertex 0.000000 -1.763842 -5.057206
vertex -6.000000 -1.763842 -5.057206
endloop
endfacet
facet normal 0.000000 0.857730 -0.514100
outer loop
vertex 0.000000 -1.662940 -4.888860
vertex -6.000000 -1.763842 -5.057206
vertex -6.000000 -1.662940 -4.888860
endloop
endfacet
facet normal -0.998795 -0.049069 0.000000
outer loop
vertex 7.990370 0.196034 0.000000
vertex 8.000000 -0.000002 0.000000
vertex 8.000000 -0.000002 6.000000
endloop
endfacet
facet normal -0.998796 -0.049062 0.000000
outer loop
vertex 7.990370 0.196034 0.000000
vertex 8.000000 -0.000002 6.000000
vertex 7.990370 0.196034 6.000000
endloop
endfacet
facet normal -0.968933 0.242701 0.047599
outer loop
vertex 7.913880 -0.580570 0.000000
vertex 7.961570 -0.390182 0.000000
vertex 7.923234 -0.390182 -0.780374
endloop
endfacet
facet normal -0.968931 0.242709 0.047598
outer loop
vertex 7.913880 -0.580570 0.000000
vertex 7.923234 -0.390182 -0.780374
vertex 7.875774 -0.580570 -0.775698
endloop
endfacet
facet normal -0.959599 0.242709 0.142346
outer loop
vertex 7.875774 -0.580570 -0.775698
vertex 7.923234 -0.390182 -0.780374
vertex 7.808590 -0.390182 -1.553226
endloop
endfacet
facet normal -0.959599 0.242708 0.142346
outer loop
vertex 7.875774 -0.580570 -0.775698
vertex 7.808590 -0.390182 -1.553226
vertex 7.761816 -0.580570 -1.543922
endloop
endfacet
facet normal -0.941028 0.242707 0.235712
outer loop
vertex 7.761816 -0.580570 -1.543922
vertex 7.808590 -0.390182 -1.553226
vertex 7.618748 -0.390182 -2.311126
endloop
endfacet
facet normal -0.941029 0.242702 0.235712
outer loop
vertex 7.761816 -0.580570 -1.543922
vertex 7.618748 -0.390182 -2.311126
vertex 7.573112 -0.580570 -2.297282
endloop
endfacet
facet normal -0.913392 0.242703 0.326819
outer loop
vertex 7.573112 -0.580570 -2.297282
vertex 7.618748 -0.390182 -2.311126
vertex 7.355532 -0.390182 -3.046762
endloop
endfacet
facet normal -0.913391 0.242706 0.326818
outer loop
vertex 7.573112 -0.580570 -2.297282
vertex 7.355532 -0.390182 -3.046762
vertex 7.311472 -0.580570 -3.028512
endloop
endfacet
facet normal -0.876959 0.242709 0.414772
outer loop
vertex 7.311472 -0.580570 -3.028512
vertex 7.355532 -0.390182 -3.046762
vertex 7.021478 -0.390182 -3.753058
endloop
endfacet
facet normal -0.876962 0.242700 0.414771
outer loop
vertex 7.311472 -0.580570 -3.028512
vertex 7.021478 -0.390182 -3.753058
vertex 6.979420 -0.580570 -3.730578
endloop
endfacet
facet normal -0.832083 0.242701 0.498732
outer loop
vertex 6.979420 -0.580570 -3.730578
vertex 7.021478 -0.390182 -3.753058
vertex 6.619802 -0.390182 -4.423214
endloop
endfacet
facet normal -0.832084 0.242699 0.498733
outer loop
vertex 6.979420 -0.580570 -3.730578
vertex 6.619802 -0.390182 -4.423214
vertex 6.580150 -0.580570 -4.396718
endloop
endfacet
facet normal -0.779195 0.242702 0.577884
outer loop
vertex 6.580150 -0.580570 -4.396718
vertex 6.619802 -0.390182 -4.423214
vertex 6.541220 -0.390182 -4.529170
endloop
endfacet
facet normal -0.779192 0.242703 0.577888
outer loop
vertex 6.580150 -0.580570 -4.396718
vertex 6.541220 -0.390182 -4.529170
vertex 6.466597 -0.529793 -4.571154
endloop
endfacet
facet normal -0.779190 0.242720 0.577884
outer loop
vertex 6.580150 -0.580570 -4.396718
vertex 6.466597 -0.529793 -4.571154
vertex 6.452818 -0.555570 -4.578905
endloop
endfacet
facet normal -0.779186 0.242733 0.577884
outer loop
vertex 6.580150 -0.580570 -4.396718
vertex 6.452818 -0.555570 -4.578905
vertex 6.432302 -0.580570 -4.596069
endloop
endfacet
facet normal -0.577890 0.242695 0.779193
outer loop
vertex 4.701478 -0.390182 -6.413428
vertex 4.423212 -0.390182 -6.619804
vertex 4.758623 -0.497093 -6.337746
endloop
endfacet
facet normal -0.577884 0.242710 0.779193
outer loop
vertex 4.758623 -0.497093 -6.337746
vertex 4.423212 -0.390182 -6.619804
vertex 4.396716 -0.580570 -6.580152
endloop
endfacet
facet normal -0.577884 0.242717 0.779190
outer loop
vertex 4.396716 -0.580570 -6.580152
vertex 4.810396 -0.580570 -6.273346
vertex 4.789879 -0.555570 -6.296350
endloop
endfacet
facet normal -0.577890 0.242688 0.779196
outer loop
vertex 4.396716 -0.580570 -6.580152
vertex 4.789879 -0.555570 -6.296350
vertex 4.758623 -0.497093 -6.337746
endloop
endfacet
facet normal -0.498732 0.242701 0.832083
outer loop
vertex 4.396716 -0.580570 -6.580152
vertex 4.423212 -0.390182 -6.619804
vertex 3.753056 -0.390182 -7.021480
endloop
endfacet
facet normal -0.498733 0.242701 0.832083
outer loop
vertex 4.396716 -0.580570 -6.580152
vertex 3.753056 -0.390182 -7.021480
vertex 3.730576 -0.580570 -6.979422
endloop
endfacet
facet normal -0.414772 0.242702 0.876961
outer loop
vertex 3.730576 -0.580570 -6.979422
vertex 3.753056 -0.390182 -7.021480
vertex 3.046762 -0.390182 -7.355532
endloop
endfacet
facet normal -0.414767 0.242711 0.876961
outer loop
vertex 3.730576 -0.580570 -6.979422
vertex 3.046762 -0.390182 -7.355532
vertex 3.028510 -0.580570 -7.311472
endloop
endfacet
facet normal -0.326815 0.242711 0.913391
outer loop
vertex 3.028510 -0.580570 -7.311472
vertex 3.046762 -0.390182 -7.355532
vertex 2.311120 -0.390180 -7.618748
endloop
endfacet
facet normal -0.326818 0.242703 0.913392
outer loop
vertex 3.028510 -0.580570 -7.311472
vertex 2.311120 -0.390180 -7.618748
vertex 2.297276 -0.580570 -7.573112
endloop
endfacet
facet normal -0.235717 0.242703 0.941028
outer loop
vertex 2.297276 -0.580570 -7.573112
vertex 2.311120 -0.390180 -7.618748
vertex 1.553224 -0.390180 -7.808592
endloop
endfacet
facet normal -0.235714 0.242705 0.941028
outer loop
vertex 2.297276 -0.580570 -7.573112
vertex 1.553224 -0.390180 -7.808592
vertex 1.543920 -0.580570 -7.761818
endloop
endfacet
facet normal -0.142343 0.242705 0.959600
outer loop
vertex 1.543920 -0.580570 -7.761818
vertex 1.553224 -0.390180 -7.808592
vertex 0.780368 -0.390180 -7.923234
endloop
endfacet
facet normal -0.142344 0.242703 0.959601
outer loop
vertex 1.543920 -0.580570 -7.761818
vertex 0.780368 -0.390180 -7.923234
vertex 0.775692 -0.580570 -7.875774
endloop
endfacet
facet normal -0.047599 0.242703 0.968932
outer loop
vertex 0.775692 -0.580570 -7.875774
vertex 0.780368 -0.390180 -7.923234
vertex 0.000000 -0.390180 -7.961570
endloop
endfacet
facet normal -0.047599 0.242703 0.968932
outer loop
vertex 0.775692 -0.580570 -7.875774
vertex 0.000000 -0.390180 -7.961570
vertex 0.000000 -0.580570 -7.913880
endloop
endfacet
facet normal 0.000000 -0.998796 -0.049064
outer loop
vertex 0.000000 2.000000 -6.000000
vertex 0.000000 1.990370 -5.803966
vertex -6.000000 1.990370 -5.803966
endloop
endfacet
facet normal 0.000000 -0.998796 -0.049064
outer loop
vertex 0.000000 2.000000 -6.000000
vertex -6.000000 1.990370 -5.803966
vertex -6.000000 2.000000 -6.000000
endloop
endfacet
facet normal -0.514109 -0.857725 0.000000
outer loop
vertex 6.942794 1.763842 0.000000
vertex 7.111140 1.662938 0.000000
vertex 7.111140 1.662938 6.000000
endloop
endfacet
facet normal -0.514104 -0.857728 0.000000
outer loop
vertex 6.942794 1.763842 0.000000
vertex 7.111140 1.662938 6.000000
vertex 6.942794 1.763842 6.000000
endloop
endfacet
facet normal -0.940540 0.336524 0.046204
outer loop
vertex 7.847760 -0.765368 0.000000
vertex 7.913880 -0.580570 0.000000
vertex 7.875774 -0.580570 -0.775698
endloop
endfacet
facet normal -0.940539 0.336527 0.046207
outer loop
vertex 7.847760 -0.765368 0.000000
vertex 7.875774 -0.580570 -0.775698
vertex 7.809970 -0.765368 -0.769218
endloop
endfacet
facet normal -0.931478 0.336537 0.138175
outer loop
vertex 7.809970 -0.765368 -0.769218
vertex 7.875774 -0.580570 -0.775698
vertex 7.761816 -0.580570 -1.543922
endloop
endfacet
facet normal -0.931483 0.336522 0.138173
outer loop
vertex 7.809970 -0.765368 -0.769218
vertex 7.761816 -0.580570 -1.543922
vertex 7.696966 -0.765368 -1.531022
endloop
endfacet
facet normal -0.913455 0.336524 0.228805
outer loop
vertex 7.696966 -0.765368 -1.531022
vertex 7.761816 -0.580570 -1.543922
vertex 7.573112 -0.580570 -2.297282
endloop
endfacet
facet normal -0.913450 0.336536 0.228807
outer loop
vertex 7.696966 -0.765368 -1.531022
vertex 7.573112 -0.580570 -2.297282
vertex 7.509836 -0.765368 -2.278088
endloop
endfacet
facet normal -0.886623 0.336537 0.317241
outer loop
vertex 7.509836 -0.765368 -2.278088
vertex 7.573112 -0.580570 -2.297282
vertex 7.311472 -0.580570 -3.028512
endloop
endfacet
facet normal -0.886628 0.336524 0.317240
outer loop
vertex 7.509836 -0.765368 -2.278088
vertex 7.311472 -0.580570 -3.028512
vertex 7.250384 -0.765368 -3.003210
endloop
endfacet
facet normal -0.851264 0.336525 0.402617
outer loop
vertex 7.250384 -0.765368 -3.003210
vertex 7.311472 -0.580570 -3.028512
vertex 6.979420 -0.580570 -3.730578
endloop
endfacet
facet normal -0.851260 0.336535 0.402617
outer loop
vertex 7.250384 -0.765368 -3.003210
vertex 6.979420 -0.580570 -3.730578
vertex 6.921106 -0.765368 -3.699408
endloop
endfacet
facet normal -0.807698 0.336535 0.484116
outer loop
vertex 6.921106 -0.765368 -3.699408
vertex 6.979420 -0.580570 -3.730578
vertex 6.580150 -0.580570 -4.396718
endloop
endfacet
facet normal -0.807700 0.336530 0.484116
outer loop
vertex 6.921106 -0.765368 -3.699408
vertex 6.580150 -0.580570 -4.396718
vertex 6.525172 -0.765368 -4.359984
endloop
endfacet
facet normal -0.756360 0.336523 0.560957
outer loop
vertex 6.525172 -0.765368 -4.359984
vertex 6.580150 -0.580570 -4.396718
vertex 6.432302 -0.580570 -4.596069
endloop
endfacet
facet normal -0.756360 0.336527 0.560954
outer loop
vertex 6.525172 -0.765368 -4.359984
vertex 6.432302 -0.580570 -4.596069
vertex 6.346946 -0.684576 -4.648763
endloop
endfacet
facet normal -0.756366 0.336496 0.560964
outer loop
vertex 6.525172 -0.765368 -4.359984
vertex 6.346946 -0.684576 -4.648763
vertex 6.328455 -0.707107 -4.660178
endloop
endfacet
facet normal -0.756357 0.336538 0.560952
outer loop
vertex 6.525172 -0.765368 -4.359984
vertex 6.328455 -0.707107 -4.660178
vertex 6.257464 -0.765368 -4.720946
endloop
endfacet
facet normal -0.632408 0.336597 0.697684
outer loop
vertex 4.979611 -0.760754 -6.067677
vertex 4.978564 -0.765368 -6.066400
vertex 4.985234 -0.765368 -6.060355
endloop
endfacet
facet normal -0.560951 0.336533 0.756359
outer loop
vertex 4.914242 -0.707107 -6.140027
vertex 4.810396 -0.580570 -6.273346
vertex 4.396716 -0.580570 -6.580152
endloop
endfacet
facet normal -0.560906 0.336557 0.756382
outer loop
vertex 4.396716 -0.580570 -6.580152
vertex 4.978564 -0.765368 -6.066400
vertex 4.979611 -0.760754 -6.067677
endloop
endfacet
facet normal -0.560960 0.336537 0.756351
outer loop
vertex 4.396716 -0.580570 -6.580152
vertex 4.979611 -0.760754 -6.067677
vertex 4.914242 -0.707107 -6.140027
endloop
endfacet
facet normal -0.560956 0.336528 0.756358
outer loop
vertex 4.396716 -0.580570 -6.580152
vertex 4.359982 -0.765368 -6.525174
vertex 4.978564 -0.765368 -6.066400
endloop
endfacet
facet normal -0.484118 0.336527 0.807700
outer loop
vertex 4.359982 -0.765368 -6.525174
vertex 4.396716 -0.580570 -6.580152
vertex 3.730576 -0.580570 -6.979422
endloop
endfacet
facet normal -0.484112 0.336539 0.807698
outer loop
vertex 4.359982 -0.765368 -6.525174
vertex 3.730576 -0.580570 -6.979422
vertex 3.699406 -0.765368 -6.921106
endloop
endfacet
facet normal -0.402613 0.336540 0.851260
outer loop
vertex 3.699406 -0.765368 -6.921106
vertex 3.730576 -0.580570 -6.979422
vertex 3.028510 -0.580570 -7.311472
endloop
endfacet
facet normal -0.402617 0.336526 0.851264
outer loop
vertex 3.699406 -0.765368 -6.921106
vertex 3.028510 -0.580570 -7.311472
vertex 3.003208 -0.765368 -7.250384
endloop
endfacet
facet normal -0.317242 0.336526 0.886627
outer loop
vertex 3.003208 -0.765368 -7.250384
vertex 3.028510 -0.580570 -7.311472
vertex 2.297276 -0.580570 -7.573112
endloop
endfacet
facet normal -0.317241 0.336526 0.886628
outer loop
vertex 3.003208 -0.765368 -7.250384
vertex 2.297276 -0.580570 -7.573112
vertex 2.278082 -0.765368 -7.509838
endloop
endfacet
facet normal -0.228807 0.336527 0.913453
outer loop
vertex 2.278082 -0.765368 -7.509838
vertex 2.297276 -0.580570 -7.573112
vertex 1.543920 -0.580570 -7.761818
endloop
endfacet
facet normal -0.228810 0.336524 0.913454
outer loop
vertex 2.278082 -0.765368 -7.509838
vertex 1.543920 -0.580570 -7.761818
vertex 1.531020 -0.765368 -7.696968
endloop
endfacet
facet normal -0.138172 0.336524 0.931483
outer loop
vertex 1.531020 -0.765368 -7.696968
vertex 1.543920 -0.580570 -7.761818
vertex 0.775692 -0.580570 -7.875774
endloop
endfacet
facet normal -0.138169 0.336532 0.931480
outer loop
vertex 1.531020 -0.765368 -7.696968
vertex 0.775692 -0.580570 -7.875774
vertex 0.769212 -0.765368 -7.809970
endloop
endfacet
facet normal -0.046206 0.336533 0.940538
outer loop
vertex 0.769212 -0.765368 -7.809970
vertex 0.775692 -0.580570 -7.875774
vertex 0.000000 -0.580570 -7.913880
endloop
endfacet
facet normal -0.046206 0.336524 0.940541
outer loop
vertex 0.769212 -0.765368 -7.809970
vertex 0.000000 -0.580570 -7.913880
vertex 0.000000 -0.765366 -7.847760
endloop
endfacet
facet normal 0.000000 -0.514101 0.857730
outer loop
vertex 0.000000 0.942794 -7.763842
vertex 0.000000 1.111140 -7.662940
vertex -6.000000 1.111140 -7.662940
endloop
endfacet
facet normal 0.000000 -0.514100 0.857730
outer loop
vertex 0.000000 0.942794 -7.763842
vertex -6.000000 1.111140 -7.662940
vertex -6.000000 0.942794 -7.763842
endloop
endfacet
facet normal -0.049075 -0.998795 0.000000
outer loop
vertex 6.000000 2.000000 0.000000
vertex 6.196034 1.990368 0.000000
vertex 6.196034 1.990368 6.000000
endloop
endfacet
facet normal -0.049075 -0.998795 0.000000
outer loop
vertex 6.000000 2.000000 0.000000
vertex 6.196034 1.990368 6.000000
vertex 6.000000 2.000000 6.000000
endloop
endfacet
facet normal -0.903095 0.427142 0.044368
outer loop
vertex 7.763842 -0.942794 0.000000
vertex 7.847760 -0.765368 0.000000
vertex 7.809970 -0.765368 -0.769218
endloop
endfacet
facet normal -0.903099 0.427134 0.044365
outer loop
vertex 7.763842 -0.942794 0.000000
vertex 7.809970 -0.765368 -0.769218
vertex 7.726458 -0.942794 -0.760992
endloop
endfacet
facet normal -0.894402 0.427134 0.132673
outer loop
vertex 7.726458 -0.942794 -0.760992
vertex 7.809970 -0.765368 -0.769218
vertex 7.696966 -0.765368 -1.531022
endloop
endfacet
facet normal -0.894403 0.427132 0.132673
outer loop
vertex 7.726458 -0.942794 -0.760992
vertex 7.696966 -0.765368 -1.531022
vertex 7.614662 -0.942794 -1.514652
endloop
endfacet
facet normal -0.877092 0.427131 0.219700
outer loop
vertex 7.614662 -0.942794 -1.514652
vertex 7.696966 -0.765368 -1.531022
vertex 7.509836 -0.765368 -2.278088
endloop
endfacet
facet normal -0.877092 0.427132 0.219699
outer loop
vertex 7.614662 -0.942794 -1.514652
vertex 7.509836 -0.765368 -2.278088
vertex 7.429534 -0.942794 -2.253728
endloop
endfacet
facet normal -0.851333 0.427134 0.304612
outer loop
vertex 7.429534 -0.942794 -2.253728
vertex 7.509836 -0.765368 -2.278088
vertex 7.250384 -0.765368 -3.003210
endloop
endfacet
facet normal -0.851331 0.427137 0.304613
outer loop
vertex 7.429534 -0.942794 -2.253728
vertex 7.250384 -0.765368 -3.003210
vertex 7.172854 -0.942794 -2.971096
endloop
endfacet
facet normal -0.817374 0.427139 0.386590
outer loop
vertex 7.172854 -0.942794 -2.971096
vertex 7.250384 -0.765368 -3.003210
vertex 6.921106 -0.765368 -3.699408
endloop
endfacet
facet normal -0.817376 0.427135 0.386590
outer loop
vertex 7.172854 -0.942794 -2.971096
vertex 6.921106 -0.765368 -3.699408
vertex 6.847098 -0.942794 -3.659850
endloop
endfacet
facet normal -0.775549 0.427132 0.464846
outer loop
vertex 6.847098 -0.942794 -3.659850
vertex 6.921106 -0.765368 -3.699408
vertex 6.525172 -0.765368 -4.359984
endloop
endfacet
facet normal -0.775547 0.427138 0.464844
outer loop
vertex 6.847098 -0.942794 -3.659850
vertex 6.525172 -0.765368 -4.359984
vertex 6.455398 -0.942794 -4.313362
endloop
endfacet
facet normal -0.726250 0.427135 0.538624
outer loop
vertex 6.455398 -0.942794 -4.313362
vertex 6.525172 -0.765368 -4.359984
vertex 6.257464 -0.765368 -4.720946
endloop
endfacet
facet normal -0.726248 0.427141 0.538622
outer loop
vertex 6.455398 -0.942794 -4.313362
vertex 6.257464 -0.765368 -4.720946
vertex 6.189210 -0.821383 -4.768556
endloop
endfacet
facet normal -0.726250 0.427139 0.538621
outer loop
vertex 6.009520 -0.920946 -4.931885
vertex 6.001532 -0.942794 -4.925330
vertex 6.455398 -0.942794 -4.313362
endloop
endfacet
facet normal -0.726257 0.427117 0.538629
outer loop
vertex 6.455398 -0.942794 -4.313362
vertex 6.189210 -0.821383 -4.768556
vertex 6.176919 -0.831470 -4.777129
endloop
endfacet
facet normal -0.726253 0.427127 0.538627
outer loop
vertex 6.455398 -0.942794 -4.313362
vertex 6.176919 -0.831470 -4.777129
vertex 6.009520 -0.920946 -4.931885
endloop
endfacet
facet normal -0.669963 0.427131 0.607214
outer loop
vertex 6.001532 -0.942794 -4.925330
vertex 6.009520 -0.920946 -4.931885
vertex 6.004032 -0.923880 -4.935877
endloop
endfacet
facet normal -0.669967 0.427106 0.607226
outer loop
vertex 6.001532 -0.942794 -4.925330
vertex 6.004032 -0.923880 -4.935877
vertex 5.975430 -0.932556 -4.961331
endloop
endfacet
facet normal -0.669934 0.427191 0.607203
outer loop
vertex 5.975430 -0.932556 -4.961331
vertex 5.941679 -0.942794 -4.991367
vertex 6.001532 -0.942794 -4.925330
endloop
endfacet
facet normal -0.607280 0.427000 0.669986
outer loop
vertex 4.985234 -0.765368 -6.060355
vertex 4.978564 -0.765368 -6.066400
vertex 4.990120 -0.769378 -6.053370
endloop
endfacet
facet normal -0.607265 0.427104 0.669934
outer loop
vertex 4.990120 -0.769378 -6.053370
vertex 4.978564 -0.765368 -6.066400
vertex 4.925328 -0.942794 -6.001532
endloop
endfacet
facet normal -0.607209 0.427146 0.669958
outer loop
vertex 4.925328 -0.942794 -6.001532
vertex 5.301018 -0.942794 -5.661027
vertex 5.238666 -0.923880 -5.729599
endloop
endfacet
facet normal -0.607216 0.427134 0.669959
outer loop
vertex 5.065779 -0.831470 -5.945210
vertex 4.990120 -0.769378 -6.053370
vertex 4.925328 -0.942794 -6.001532
endloop
endfacet
facet normal -0.607216 0.427134 0.669959
outer loop
vertex 4.925328 -0.942794 -6.001532
vertex 5.238666 -0.923880 -5.729599
vertex 5.065779 -0.831470 -5.945210
endloop
endfacet
facet normal -0.538627 0.427133 0.726250
outer loop
vertex 4.359982 -0.765368 -6.525174
vertex 4.925328 -0.942794 -6.001532
vertex 4.978564 -0.765368 -6.066400
endloop
endfacet
facet normal -0.538624 0.427138 0.726249
outer loop
vertex 4.359982 -0.765368 -6.525174
vertex 4.313360 -0.942794 -6.455400
vertex 4.925328 -0.942794 -6.001532
endloop
endfacet
facet normal -0.464843 0.427136 0.775548
outer loop
vertex 4.313360 -0.942794 -6.455400
vertex 4.359982 -0.765368 -6.525174
vertex 3.699406 -0.765368 -6.921106
endloop
endfacet
facet normal -0.464844 0.427135 0.775548
outer loop
vertex 4.313360 -0.942794 -6.455400
vertex 3.699406 -0.765368 -6.921106
vertex 3.659848 -0.942794 -6.847098
endloop
endfacet
facet normal -0.386590 0.427136 0.817376
outer loop
vertex 3.659848 -0.942794 -6.847098
vertex 3.699406 -0.765368 -6.921106
vertex 3.003208 -0.765368 -7.250384
endloop
endfacet
facet normal -0.386592 0.427133 0.817376
outer loop
vertex 3.659848 -0.942794 -6.847098
vertex 3.003208 -0.765368 -7.250384
vertex 2.971094 -0.942794 -7.172856
endloop
endfacet
facet normal -0.304612 0.427133 0.851334
outer loop
vertex 2.971094 -0.942794 -7.172856
vertex 3.003208 -0.765368 -7.250384
vertex 2.278082 -0.765368 -7.509838
endloop
endfacet
facet normal -0.304610 0.427140 0.851331
outer loop
vertex 2.971094 -0.942794 -7.172856
vertex 2.278082 -0.765368 -7.509838
vertex 2.253722 -0.942794 -7.429534
endloop
endfacet
facet normal -0.219700 0.427140 0.877088
outer loop
vertex 2.253722 -0.942794 -7.429534
vertex 2.278082 -0.765368 -7.509838
vertex 1.531020 -0.765368 -7.696968
endloop
endfacet
facet normal -0.219702 0.427133 0.877091
outer loop
vertex 2.253722 -0.942794 -7.429534
vertex 1.531020 -0.765368 -7.696968
vertex 1.514650 -0.942794 -7.614664
endloop
endfacet
facet normal -0.132671 0.427134 0.894402
outer loop
vertex 1.514650 -0.942794 -7.614664
vertex 1.531020 -0.765368 -7.696968
vertex 0.769212 -0.765368 -7.809970
endloop
endfacet
facet normal -0.132671 0.427133 0.894402
outer loop
vertex 1.514650 -0.942794 -7.614664
vertex 0.769212 -0.765368 -7.809970
vertex 0.760986 -0.942794 -7.726458
endloop
endfacet
facet normal -0.044367 0.427133 0.903100
outer loop
vertex 0.760986 -0.942794 -7.726458
vertex 0.769212 -0.765368 -7.809970
vertex 0.000000 -0.765366 -7.847760
endloop
endfacet
facet normal -0.044366 0.427138 0.903097
outer loop
vertex 0.760986 -0.942794 -7.726458
vertex 0.000000 -0.765366 -7.847760
vertex 0.000000 -0.942794 -7.763842
endloop
endfacet
facet normal 0.000000 0.903986 -0.427562
outer loop
vertex 0.000000 -1.763842 -5.057206
vertex 0.000000 -1.847760 -5.234632
vertex -6.000000 -1.847760 -5.234632
endloop
endfacet
facet normal 0.000000 0.903986 -0.427562
outer loop
vertex 0.000000 -1.763842 -5.057206
vertex -6.000000 -1.847760 -5.234632
vertex -6.000000 -1.763842 -5.057206
endloop
endfacet
facet normal 0.146726 -0.989177 0.000000
outer loop
vertex 5.609820 1.961570 0.000000
vertex 5.803966 1.990368 0.000000
vertex 5.803966 1.990368 6.000000
endloop
endfacet
facet normal 0.146727 -0.989177 0.000000
outer loop
vertex 5.609820 1.961570 0.000000
vertex 5.803966 1.990368 6.000000
vertex 5.609820 1.961570 6.000000
endloop
endfacet
facet normal -0.856974 0.513637 0.042099
outer loop
vertex 7.662940 -1.111142 0.000000
vertex 7.763842 -0.942794 0.000000
vertex 7.726458 -0.942794 -0.760992
endloop
endfacet
facet normal -0.856968 0.513648 0.042101
outer loop
vertex 7.662940 -1.111142 0.000000
vertex 7.726458 -0.942794 -0.760992
vertex 7.626040 -1.111142 -0.751102
endloop
endfacet
facet normal -0.848714 0.513648 0.125896
outer loop
vertex 7.626040 -1.111142 -0.751102
vertex 7.726458 -0.942794 -0.760992
vertex 7.614662 -0.942794 -1.514652
endloop
endfacet
facet normal -0.848717 0.513643 0.125896
outer loop
vertex 7.626040 -1.111142 -0.751102
vertex 7.614662 -0.942794 -1.514652
vertex 7.515698 -1.111142 -1.494966
endloop
endfacet
facet normal -0.832289 0.513647 0.208477
outer loop
vertex 7.515698 -1.111142 -1.494966
vertex 7.614662 -0.942794 -1.514652
vertex 7.429534 -0.942794 -2.253728
endloop
endfacet
facet normal -0.832286 0.513650 0.208478
outer loop
vertex 7.515698 -1.111142 -1.494966
vertex 7.429534 -0.942794 -2.253728
vertex 7.332974 -1.111142 -2.224436
endloop
endfacet
facet normal -0.807840 0.513658 0.289052
outer loop
vertex 7.332974 -1.111142 -2.224436
vertex 7.429534 -0.942794 -2.253728
vertex 7.172854 -0.942794 -2.971096
endloop
endfacet
facet normal -0.807849 0.513642 0.289052
outer loop
vertex 7.332974 -1.111142 -2.224436
vertex 7.172854 -0.942794 -2.971096
vertex 7.079632 -1.111142 -2.932482
endloop
endfacet
facet normal -0.775623 0.513649 0.366842
outer loop
vertex 7.079632 -1.111142 -2.932482
vertex 7.172854 -0.942794 -2.971096
vertex 6.847098 -0.942794 -3.659850
endloop
endfacet
facet normal -0.775624 0.513646 0.366845
outer loop
vertex 7.079632 -1.111142 -2.932482
vertex 6.847098 -0.942794 -3.659850
vertex 6.758108 -1.111142 -3.612284
endloop
endfacet
facet normal -0.735933 0.513646 0.441101
outer loop
vertex 6.758108 -1.111142 -3.612284
vertex 6.847098 -0.942794 -3.659850
vertex 6.455398 -0.942794 -4.313362
endloop
endfacet
facet normal -0.735931 0.513649 0.441100
outer loop
vertex 6.758108 -1.111142 -3.612284
vertex 6.455398 -0.942794 -4.313362
vertex 6.371500 -1.111142 -4.257302
endloop
endfacet
facet normal -0.689153 0.513649 0.511110
outer loop
vertex 6.371500 -1.111142 -4.257302
vertex 6.455398 -0.942794 -4.313362
vertex 6.001532 -0.942794 -4.925330
endloop
endfacet
facet normal -0.689155 0.513645 0.511112
outer loop
vertex 6.371500 -1.111142 -4.257302
vertex 6.001532 -0.942794 -4.925330
vertex 5.923532 -1.111142 -4.861318
endloop
endfacet
facet normal -0.635742 0.513643 0.576197
outer loop
vertex 5.923532 -1.111142 -4.861318
vertex 6.001532 -0.942794 -4.925330
vertex 5.941679 -0.942794 -4.991367
endloop
endfacet
facet normal -0.635739 0.513639 0.576204
outer loop
vertex 5.816439 -0.980785 -5.095682
vertex 5.634014 -0.998753 -5.280940
vertex 5.923532 -1.111142 -4.861318
endloop
endfacet
facet normal -0.635738 0.513645 0.576200
outer loop
vertex 5.923532 -1.111142 -4.861318
vertex 5.941679 -0.942794 -4.991367
vertex 5.816439 -0.980785 -5.095682
endloop
endfacet
facet normal -0.635733 0.513654 0.576198
outer loop
vertex 5.621349 -1.000000 -5.293801
vertex 5.471859 -0.985276 -5.471863
vertex 5.418514 -1.111142 -5.418518
endloop
endfacet
facet normal -0.635734 0.513652 0.576198
outer loop
vertex 5.418514 -1.111142 -5.418518
vertex 5.923532 -1.111142 -4.861318
vertex 5.634014 -0.998753 -5.280940
endloop
endfacet
facet normal -0.635808 0.513568 0.576192
outer loop
vertex 5.418514 -1.111142 -5.418518
vertex 5.634014 -0.998753 -5.280940
vertex 5.621349 -1.000000 -5.293801
endloop
endfacet
facet normal -0.576202 0.513638 0.635742
outer loop
vertex 5.426259 -0.980785 -5.516821
vertex 5.301018 -0.942794 -5.661027
vertex 4.925328 -0.942794 -6.001532
endloop
endfacet
facet normal -0.576196 0.513650 0.635737
outer loop
vertex 4.925328 -0.942794 -6.001532
vertex 5.418514 -1.111142 -5.418518
vertex 5.471859 -0.985276 -5.471863
endloop
endfacet
facet normal -0.576089 0.513800 0.635714
outer loop
vertex 4.925328 -0.942794 -6.001532
vertex 5.471859 -0.985276 -5.471863
vertex 5.426259 -0.980785 -5.516821
endloop
endfacet
facet normal -0.576200 0.513643 0.635739
outer loop
vertex 4.925328 -0.942794 -6.001532
vertex 4.861316 -1.111142 -5.923532
vertex 5.418514 -1.111142 -5.418518
endloop
endfacet
facet normal -0.511113 0.513644 0.689154
outer loop
vertex 4.861316 -1.111142 -5.923532
vertex 4.925328 -0.942794 -6.001532
vertex 4.313360 -0.942794 -6.455400
endloop
endfacet
facet normal -0.511111 0.513650 0.689151
outer loop
vertex 4.861316 -1.111142 -5.923532
vertex 4.313360 -0.942794 -6.455400
vertex 4.257300 -1.111142 -6.371502
endloop
endfacet
facet normal -0.441098 0.513649 0.735933
outer loop
vertex 4.257300 -1.111142 -6.371502
vertex 4.313360 -0.942794 -6.455400
vertex 3.659848 -0.942794 -6.847098
endloop
endfacet
facet normal -0.441101 0.513646 0.735933
outer loop
vertex 4.257300 -1.111142 -6.371502
vertex 3.659848 -0.942794 -6.847098
vertex 3.612282 -1.111140 -6.758110
endloop
endfacet
facet normal -0.366844 0.513647 0.775624
outer loop
vertex 3.612282 -1.111140 -6.758110
vertex 3.659848 -0.942794 -6.847098
vertex 2.971094 -0.942794 -7.172856
endloop
endfacet
facet normal -0.366840 0.513655 0.775621
outer loop
vertex 3.612282 -1.111140 -6.758110
vertex 2.971094 -0.942794 -7.172856
vertex 2.932480 -1.111140 -7.079632
endloop
endfacet
facet normal -0.289050 0.513654 0.807843
outer loop
vertex 2.932480 -1.111140 -7.079632
vertex 2.971094 -0.942794 -7.172856
vertex 2.253722 -0.942794 -7.429534
endloop
endfacet
facet normal -0.289053 0.513647 0.807846
outer loop
vertex 2.932480 -1.111140 -7.079632
vertex 2.253722 -0.942794 -7.429534
vertex 2.224432 -1.111140 -7.332976
endloop
endfacet
facet normal -0.208478 0.513648 0.832288
outer loop
vertex 2.224432 -1.111140 -7.332976
vertex 2.253722 -0.942794 -7.429534
vertex 1.514650 -0.942794 -7.614664
endloop
endfacet
facet normal -0.208476 0.513656 0.832283
outer loop
vertex 2.224432 -1.111140 -7.332976
vertex 1.514650 -0.942794 -7.614664
vertex 1.494964 -1.111140 -7.515698
endloop
endfacet
facet normal -0.125894 0.513655 0.848710
outer loop
vertex 1.494964 -1.111140 -7.515698
vertex 1.514650 -0.942794 -7.614664
vertex 0.760986 -0.942794 -7.726458
endloop
endfacet
facet normal -0.125894 0.513652 0.848712
outer loop
vertex 1.494964 -1.111140 -7.515698
vertex 0.760986 -0.942794 -7.726458
vertex 0.751096 -1.111140 -7.626040
endloop
endfacet
facet normal -0.042098 0.513651 0.856966
outer loop
vertex 0.751096 -1.111140 -7.626040
vertex 0.760986 -0.942794 -7.726458
vertex 0.000000 -0.942794 -7.763842
endloop
endfacet
facet normal -0.042102 0.513645 0.856969
outer loop
vertex 0.751096 -1.111140 -7.626040
vertex 0.000000 -0.942794 -7.763842
vertex 0.000000 -1.111140 -7.662940
endloop
endfacet
facet normal 0.000000 -0.989176 -0.146735
outer loop
vertex 0.000000 1.990370 -5.803966
vertex 0.000000 1.961570 -5.609820
vertex -6.000000 1.961570 -5.609820
endloop
endfacet
facet normal 0.000000 -0.989175 -0.146738
outer loop
vertex 0.000000 1.990370 -5.803966
vertex -6.000000 1.961570 -5.609820
vertex -6.000000 1.990370 -5.803966
endloop
endfacet
facet normal 0.595698 -0.803209 0.000000
outer loop
vertex 4.731214 1.546020 0.000000
vertex 4.888860 1.662938 0.000000
vertex 4.888860 1.662938 6.000000
endloop
endfacet
facet normal 0.595698 -0.803209 0.000000
outer loop
vertex 4.731214 1.546020 0.000000
vertex 4.888860 1.662938 6.000000
vertex 4.731214 1.546020 6.000000
endloop
endfacet
facet normal -0.802578 0.595243 0.039429
outer loop
vertex 7.546020 -1.268788 0.000000
vertex 7.662940 -1.111142 0.000000
vertex 7.626040 -1.111142 -0.751102
endloop
endfacet
facet normal -0.802582 0.595237 0.039428
outer loop
vertex 7.546020 -1.268788 0.000000
vertex 7.626040 -1.111142 -0.751102
vertex 7.509684 -1.268788 -0.739642
endloop
endfacet
facet normal -0.794853 0.595237 0.117905
outer loop
vertex 7.509684 -1.268788 -0.739642
vertex 7.626040 -1.111142 -0.751102
vertex 7.515698 -1.111142 -1.494966
endloop
endfacet
facet normal -0.794853 0.595236 0.117906
outer loop
vertex 7.509684 -1.268788 -0.739642
vertex 7.515698 -1.111142 -1.494966
vertex 7.401026 -1.268788 -1.472156
endloop
endfacet
facet normal -0.779467 0.595239 0.195248
outer loop
vertex 7.401026 -1.268788 -1.472156
vertex 7.515698 -1.111142 -1.494966
vertex 7.332974 -1.111142 -2.224436
endloop
endfacet
facet normal -0.779475 0.595229 0.195246
outer loop
vertex 7.401026 -1.268788 -1.472156
vertex 7.332974 -1.111142 -2.224436
vertex 7.221092 -1.268788 -2.190498
endloop
endfacet
facet normal -0.756584 0.595228 0.270710
outer loop
vertex 7.221092 -1.268788 -2.190498
vertex 7.332974 -1.111142 -2.224436
vertex 7.079632 -1.111142 -2.932482
endloop
endfacet
facet normal -0.756578 0.595236 0.270710
outer loop
vertex 7.221092 -1.268788 -2.190498
vertex 7.079632 -1.111142 -2.932482
vertex 6.971614 -1.268788 -2.887738
endloop
endfacet
facet normal -0.726403 0.595233 0.343564
outer loop
vertex 6.971614 -1.268788 -2.887738
vertex 7.079632 -1.111142 -2.932482
vertex 6.758108 -1.111142 -3.612284
endloop
endfacet
facet normal -0.726401 0.595236 0.343563
outer loop
vertex 6.971614 -1.268788 -2.887738
vertex 6.758108 -1.111142 -3.612284
vertex 6.654996 -1.268788 -3.557170
endloop
endfacet
facet normal -0.689229 0.595235 0.413108
outer loop
vertex 6.654996 -1.268788 -3.557170
vertex 6.758108 -1.111142 -3.612284
vertex 6.371500 -1.111142 -4.257302
endloop
endfacet
facet normal -0.689229 0.595235 0.413108
outer loop
vertex 6.654996 -1.268788 -3.557170
vertex 6.371500 -1.111142 -4.257302
vertex 6.274286 -1.268788 -4.192346
endloop
endfacet
facet normal -0.645418 0.595236 0.478674
outer loop
vertex 6.274286 -1.268788 -4.192346
vertex 6.371500 -1.111142 -4.257302
vertex 5.923532 -1.111142 -4.861318
endloop
endfacet
facet normal -0.645416 0.595240 0.478673
outer loop
vertex 6.274286 -1.268788 -4.192346
vertex 5.923532 -1.111142 -4.861318
vertex 5.833152 -1.268788 -4.787146
endloop
endfacet
facet normal -0.595389 0.595239 0.539632
outer loop
vertex 5.833152 -1.268788 -4.787146
vertex 5.923532 -1.111142 -4.861318
vertex 5.418514 -1.111142 -5.418518
endloop
endfacet
facet normal -0.595392 0.595235 0.539633
outer loop
vertex 5.833152 -1.268788 -4.787146
vertex 5.418514 -1.111142 -5.418518
vertex 5.335840 -1.268788 -5.335844
endloop
endfacet
facet normal -0.539632 0.595235 0.595393
outer loop
vertex 5.335840 -1.268788 -5.335844
vertex 5.418514 -1.111142 -5.418518
vertex 4.861316 -1.111142 -5.923532
endloop
endfacet
facet normal -0.539633 0.595236 0.595391
outer loop
vertex 5.335840 -1.268788 -5.335844
vertex 4.861316 -1.111142 -5.923532
vertex 4.787144 -1.268788 -5.833154
endloop
endfacet
facet normal -0.478677 0.595233 0.645419
outer loop
vertex 4.787144 -1.268788 -5.833154
vertex 4.861316 -1.111142 -5.923532
vertex 4.257300 -1.111142 -6.371502
endloop
endfacet
facet normal -0.478675 0.595234 0.645419
outer loop
vertex 4.787144 -1.268788 -5.833154
vertex 4.257300 -1.111142 -6.371502
vertex 4.192344 -1.268788 -6.274288
endloop
endfacet
facet normal -0.413106 0.595235 0.689231
outer loop
vertex 4.192344 -1.268788 -6.274288
vertex 4.257300 -1.111142 -6.371502
vertex 3.612282 -1.111140 -6.758110
endloop
endfacet
facet normal -0.413107 0.595235 0.689230
outer loop
vertex 4.192344 -1.268788 -6.274288
vertex 3.612282 -1.111140 -6.758110
vertex 3.557168 -1.268788 -6.654996
endloop
endfacet
facet normal -0.343562 0.595234 0.726403
outer loop
vertex 3.557168 -1.268788 -6.654996
vertex 3.612282 -1.111140 -6.758110
vertex 2.932480 -1.111140 -7.079632
endloop
endfacet
facet normal -0.343566 0.595228 0.726406
outer loop
vertex 3.557168 -1.268788 -6.654996
vertex 2.932480 -1.111140 -7.079632
vertex 2.887738 -1.268788 -6.971614
endloop
endfacet
facet normal -0.270710 0.595229 0.756583
outer loop
vertex 2.887738 -1.268788 -6.971614
vertex 2.932480 -1.111140 -7.079632
vertex 2.224432 -1.111140 -7.332976
endloop
endfacet
facet normal -0.270707 0.595237 0.756578
outer loop
vertex 2.887738 -1.268788 -6.971614
vertex 2.224432 -1.111140 -7.332976
vertex 2.190492 -1.268786 -7.221092
endloop
endfacet
facet normal -0.195246 0.595237 0.779469
outer loop
vertex 2.190492 -1.268786 -7.221092
vertex 2.224432 -1.111140 -7.332976
vertex 1.494964 -1.111140 -7.515698
endloop
endfacet
facet normal -0.195251 0.595230 0.779473
outer loop
vertex 2.190492 -1.268786 -7.221092
vertex 1.494964 -1.111140 -7.515698
vertex 1.472154 -1.268786 -7.401028
endloop
endfacet
facet normal -0.117906 0.595230 0.794858
outer loop
vertex 1.472154 -1.268786 -7.401028
vertex 1.494964 -1.111140 -7.515698
vertex 0.751096 -1.111140 -7.626040
endloop
endfacet
facet normal -0.117905 0.595232 0.794857
outer loop
vertex 1.472154 -1.268786 -7.401028
vertex 0.751096 -1.111140 -7.626040
vertex 0.739636 -1.268786 -7.509686
endloop
endfacet
facet normal -0.039430 0.595232 0.802586
outer loop
vertex 0.739636 -1.268786 -7.509686
vertex 0.751096 -1.111140 -7.626040
vertex 0.000000 -1.111140 -7.662940
endloop
endfacet
facet normal -0.039425 0.595242 0.802579
outer loop
vertex 0.739636 -1.268786 -7.509686
vertex 0.000000 -1.111140 -7.662940
vertex 0.000000 -1.268786 -7.546020
endloop
endfacet
facet normal 0.000000 -0.595705 0.803203
outer loop
vertex 0.000000 1.111140 -7.662940
vertex 0.000000 1.268786 -7.546020
vertex -6.000000 1.268786 -7.546020
endloop
endfacet
facet normal 0.000000 -0.595705 0.803203
outer loop
vertex 0.000000 1.111140 -7.662940
vertex -6.000000 1.268786 -7.546020
vertex -6.000000 1.111140 -7.662940
endloop
endfacet
facet normal 0.903985 -0.427563 0.000000
outer loop
vertex 4.152240 0.765366 0.000000
vertex 4.236158 0.942792 0.000000
vertex 4.236158 0.942792 6.000000
endloop
endfacet
facet normal 0.903990 -0.427553 -0.000000
outer loop
vertex 4.152240 0.765366 0.000000
vertex 4.236158 0.942792 6.000000
vertex 4.152242 0.765366 6.000000
endloop
endfacet
facet normal -0.740462 0.671114 0.036376
outer loop
vertex 7.414214 -1.414214 0.000000
vertex 7.546020 -1.268788 0.000000
vertex 7.509684 -1.268788 -0.739642
endloop
endfacet
facet normal -0.740462 0.671113 0.036377
outer loop
vertex 7.414214 -1.414214 0.000000
vertex 7.509684 -1.268788 -0.739642
vertex 7.378512 -1.414214 -0.726722
endloop
endfacet
facet normal -0.733325 0.671120 0.108778
outer loop
vertex 7.378512 -1.414214 -0.726722
vertex 7.509684 -1.268788 -0.739642
vertex 7.401026 -1.268788 -1.472156
endloop
endfacet
facet normal -0.733326 0.671118 0.108780
outer loop
vertex 7.378512 -1.414214 -0.726722
vertex 7.401026 -1.268788 -1.472156
vertex 7.271750 -1.414214 -1.446442
endloop
endfacet
facet normal -0.719131 0.671121 0.180132
outer loop
vertex 7.271750 -1.414214 -1.446442
vertex 7.401026 -1.268788 -1.472156
vertex 7.221092 -1.268788 -2.190498
endloop
endfacet
facet normal -0.719135 0.671117 0.180131
outer loop
vertex 7.271750 -1.414214 -1.446442
vertex 7.221092 -1.268788 -2.190498
vertex 7.094960 -1.414214 -2.152236
endloop
endfacet
facet normal -0.698012 0.671120 0.249755
outer loop
vertex 7.094960 -1.414214 -2.152236
vertex 7.221092 -1.268788 -2.190498
vertex 6.971614 -1.268788 -2.887738
endloop
endfacet
facet normal -0.698017 0.671114 0.249756
outer loop
vertex 7.094960 -1.414214 -2.152236
vertex 6.971614 -1.268788 -2.887738
vertex 6.849840 -1.414214 -2.837298
endloop
endfacet
facet normal -0.670175 0.671115 0.316969
outer loop
vertex 6.849840 -1.414214 -2.837298
vertex 6.971614 -1.268788 -2.887738
vertex 6.654996 -1.268788 -3.557170
endloop
endfacet
facet normal -0.670171 0.671120 0.316969
outer loop
vertex 6.849840 -1.414214 -2.837298
vertex 6.654996 -1.268788 -3.557170
vertex 6.538752 -1.414214 -3.495036
endloop
endfacet
facet normal -0.635878 0.671118 0.381131
outer loop
vertex 6.538752 -1.414214 -3.495036
vertex 6.654996 -1.268788 -3.557170
vertex 6.274286 -1.268788 -4.192346
endloop
endfacet
facet normal -0.635879 0.671116 0.381131
outer loop
vertex 6.538752 -1.414214 -3.495036
vertex 6.274286 -1.268788 -4.192346
vertex 6.164692 -1.414214 -4.119118
endloop
endfacet
facet normal -0.595461 0.671115 0.441624
outer loop
vertex 6.164692 -1.414214 -4.119118
vertex 6.274286 -1.268788 -4.192346
vertex 5.833152 -1.268788 -4.787146
endloop
endfacet
facet normal -0.595458 0.671118 0.441622
outer loop
vertex 6.164692 -1.414214 -4.119118
vertex 5.833152 -1.268788 -4.787146
vertex 5.731264 -1.414214 -4.703528
endloop
endfacet
facet normal -0.549305 0.671116 0.497862
outer loop
vertex 5.731264 -1.414214 -4.703528
vertex 5.833152 -1.268788 -4.787146
vertex 5.335840 -1.268788 -5.335844
endloop
endfacet
facet normal -0.549302 0.671120 0.497860
outer loop
vertex 5.731264 -1.414214 -4.703528
vertex 5.335840 -1.268788 -5.335844
vertex 5.242638 -1.414214 -5.242642
endloop
endfacet
facet normal -0.497862 0.671117 0.549304
outer loop
vertex 5.242638 -1.414214 -5.242642
vertex 5.335840 -1.268788 -5.335844
vertex 4.787144 -1.268788 -5.833154
endloop
endfacet
facet normal -0.497862 0.671117 0.549304
outer loop
vertex 5.242638 -1.414214 -5.242642
vertex 4.787144 -1.268788 -5.833154
vertex 4.703526 -1.414214 -5.731266
endloop
endfacet
facet normal -0.441623 0.671117 0.595459
outer loop
vertex 4.703526 -1.414214 -5.731266
vertex 4.787144 -1.268788 -5.833154
vertex 4.192344 -1.268788 -6.274288
endloop
endfacet
facet normal -0.441621 0.671119 0.595458
outer loop
vertex 4.703526 -1.414214 -5.731266
vertex 4.192344 -1.268788 -6.274288
vertex 4.119116 -1.414214 -6.164694
endloop
endfacet
facet normal -0.381128 0.671119 0.635877
outer loop
vertex 4.119116 -1.414214 -6.164694
vertex 4.192344 -1.268788 -6.274288
vertex 3.557168 -1.268788 -6.654996
endloop
endfacet
facet normal -0.381133 0.671112 0.635882
outer loop
vertex 4.119116 -1.414214 -6.164694
vertex 3.557168 -1.268788 -6.654996
vertex 3.495034 -1.414214 -6.538754
endloop
endfacet
facet normal -0.316971 0.671113 0.670176
outer loop
vertex 3.495034 -1.414214 -6.538754
vertex 3.557168 -1.268788 -6.654996
vertex 2.887738 -1.268788 -6.971614
endloop
endfacet
facet normal -0.316967 0.671118 0.670173
outer loop
vertex 3.495034 -1.414214 -6.538754
vertex 2.887738 -1.268788 -6.971614
vertex 2.837296 -1.414214 -6.849840
endloop
endfacet
facet normal -0.249752 0.671116 0.698016
outer loop
vertex 2.837296 -1.414214 -6.849840
vertex 2.887738 -1.268788 -6.971614
vertex 2.190492 -1.268786 -7.221092
endloop
endfacet
facet normal -0.249753 0.671113 0.698019
outer loop
vertex 2.837296 -1.414214 -6.849840
vertex 2.190492 -1.268786 -7.221092
vertex 2.152230 -1.414214 -7.094960
endloop
endfacet
facet normal -0.180137 0.671112 0.719138
outer loop
vertex 2.152230 -1.414214 -7.094960
vertex 2.190492 -1.268786 -7.221092
vertex 1.472154 -1.268786 -7.401028
endloop
endfacet
facet normal -0.180134 0.671116 0.719135
outer loop
vertex 2.152230 -1.414214 -7.094960
vertex 1.472154 -1.268786 -7.401028
vertex 1.446440 -1.414214 -7.271752
endloop
endfacet
facet normal -0.108778 0.671115 0.733329
outer loop
vertex 1.446440 -1.414214 -7.271752
vertex 1.472154 -1.268786 -7.401028
vertex 0.739636 -1.268786 -7.509686
endloop
endfacet
facet normal -0.108779 0.671116 0.733328
outer loop
vertex 1.446440 -1.414214 -7.271752
vertex 0.739636 -1.268786 -7.509686
vertex 0.726716 -1.414214 -7.378512
endloop
endfacet
facet normal -0.036373 0.671116 0.740460
outer loop
vertex 0.726716 -1.414214 -7.378512
vertex 0.739636 -1.268786 -7.509686
vertex 0.000000 -1.268786 -7.546020
endloop
endfacet
facet normal -0.036377 0.671108 0.740466
outer loop
vertex 0.726716 -1.414214 -7.378512
vertex 0.000000 -1.268786 -7.546020
vertex 0.000000 -1.414214 -7.414214
endloop
endfacet
facet normal 0.000000 0.941547 -0.336883
outer loop
vertex 0.000000 -1.847760 -5.234632
vertex 0.000000 -1.913880 -5.419430
vertex -6.000000 -1.913880 -5.419430
endloop
endfacet
facet normal 0.000000 0.941547 -0.336883
outer loop
vertex 0.000000 -1.847760 -5.234632
vertex -6.000000 -1.913880 -5.419430
vertex -6.000000 -1.847760 -5.234632
endloop
endfacet
facet normal 0.998796 0.049066 0.000000
outer loop
vertex 4.009630 -0.196034 0.000000
vertex 4.000000 0.000000 0.000000
vertex 4.000000 0.000000 6.000000
endloop
endfacet
facet normal 0.998796 0.049066 0.000000
outer loop
vertex 4.009630 -0.196034 0.000000
vertex 4.000000 0.000000 6.000000
vertex 4.009630 -0.196034 6.000000
endloop
endfacet
facet normal -0.671192 0.740550 0.032974
outer loop
vertex 7.268786 -1.546022 0.000000
vertex 7.414214 -1.414214 0.000000
vertex 7.378512 -1.414214 -0.726722
endloop
endfacet
facet normal -0.671192 0.740549 0.032974
outer loop
vertex 7.268786 -1.546022 0.000000
vertex 7.378512 -1.414214 -0.726722
vertex 7.233784 -1.546022 -0.712468
endloop
endfacet
facet normal -0.664729 0.740549 0.098605
outer loop
vertex 7.233784 -1.546022 -0.712468
vertex 7.378512 -1.414214 -0.726722
vertex 7.271750 -1.414214 -1.446442
endloop
endfacet
facet normal -0.664731 0.740547 0.098604
outer loop
vertex 7.233784 -1.546022 -0.712468
vertex 7.271750 -1.414214 -1.446442
vertex 7.129118 -1.546022 -1.418070
endloop
endfacet
facet normal -0.651869 0.740544 0.163282
outer loop
vertex 7.129118 -1.546022 -1.418070
vertex 7.271750 -1.414214 -1.446442
vertex 7.094960 -1.414214 -2.152236
endloop
endfacet
facet normal -0.651861 0.740551 0.163283
outer loop
vertex 7.129118 -1.546022 -1.418070
vertex 7.094960 -1.414214 -2.152236
vertex 6.955794 -1.546022 -2.110020
endloop
endfacet
facet normal -0.632717 0.740552 0.226391
outer loop
vertex 6.955794 -1.546022 -2.110020
vertex 7.094960 -1.414214 -2.152236
vertex 6.849840 -1.414214 -2.837298
endloop
endfacet
facet normal -0.632724 0.740545 0.226392
outer loop
vertex 6.955794 -1.546022 -2.110020
vertex 6.849840 -1.414214 -2.837298
vertex 6.715482 -1.546022 -2.781646
endloop
endfacet
facet normal -0.607486 0.740546 0.287320
outer loop
vertex 6.715482 -1.546022 -2.781646
vertex 6.849840 -1.414214 -2.837298
vertex 6.538752 -1.414214 -3.495036
endloop
endfacet
facet normal -0.607486 0.740546 0.287319
outer loop
vertex 6.715482 -1.546022 -2.781646
vertex 6.538752 -1.414214 -3.495036
vertex 6.410498 -1.546022 -3.426482
endloop
endfacet
facet normal -0.576400 0.740544 0.345481
outer loop
vertex 6.410498 -1.546022 -3.426482
vertex 6.538752 -1.414214 -3.495036
vertex 6.164692 -1.414214 -4.119118
endloop
endfacet
facet normal -0.576398 0.740547 0.345481
outer loop
vertex 6.410498 -1.546022 -3.426482
vertex 6.164692 -1.414214 -4.119118
vertex 6.043774 -1.546022 -4.038322
endloop
endfacet
facet normal -0.539758 0.740549 0.400311
outer loop
vertex 6.043774 -1.546022 -4.038322
vertex 6.164692 -1.414214 -4.119118
vertex 5.731264 -1.414214 -4.703528
endloop
endfacet
facet normal -0.539763 0.740544 0.400314
outer loop
vertex 6.043774 -1.546022 -4.038322
vertex 5.731264 -1.414214 -4.703528
vertex 5.618848 -1.546022 -4.611270
endloop
endfacet
facet normal -0.497925 0.740543 0.451295
outer loop
vertex 5.618848 -1.546022 -4.611270
vertex 5.731264 -1.414214 -4.703528
vertex 5.242638 -1.414214 -5.242642
endloop
endfacet
facet normal -0.497922 0.740546 0.451292
outer loop
vertex 5.618848 -1.546022 -4.611270
vertex 5.242638 -1.414214 -5.242642
vertex 5.139806 -1.546022 -5.139810
endloop
endfacet
facet normal -0.451294 0.740544 0.497925
outer loop
vertex 5.139806 -1.546022 -5.139810
vertex 5.242638 -1.414214 -5.242642
vertex 4.703526 -1.414214 -5.731266
endloop
endfacet
facet normal -0.451287 0.740551 0.497920
outer loop
vertex 5.139806 -1.546022 -5.139810
vertex 4.703526 -1.414214 -5.731266
vertex 4.611268 -1.546022 -5.618848
endloop
endfacet
facet normal -0.400311 0.740550 0.539757
outer loop
vertex 4.611268 -1.546022 -5.618848
vertex 4.703526 -1.414214 -5.731266
vertex 4.119116 -1.414214 -6.164694
endloop
endfacet
facet normal -0.400316 0.740544 0.539760
outer loop
vertex 4.611268 -1.546022 -5.618848
vertex 4.119116 -1.414214 -6.164694
vertex 4.038322 -1.546022 -6.043776
endloop
endfacet
facet normal -0.345480 0.740546 0.576399
outer loop
vertex 4.038322 -1.546022 -6.043776
vertex 4.119116 -1.414214 -6.164694
vertex 3.495034 -1.414214 -6.538754
endloop
endfacet
facet normal -0.345478 0.740547 0.576398
outer loop
vertex 4.038322 -1.546022 -6.043776
vertex 3.495034 -1.414214 -6.538754
vertex 3.426480 -1.546022 -6.410498
endloop
endfacet
facet normal -0.287318 0.740548 0.607484
outer loop
vertex 3.426480 -1.546022 -6.410498
vertex 3.495034 -1.414214 -6.538754
vertex 2.837296 -1.414214 -6.849840
endloop
endfacet
facet normal -0.287323 0.740543 0.607488
outer loop
vertex 3.426480 -1.546022 -6.410498
vertex 2.837296 -1.414214 -6.849840
vertex 2.781644 -1.546022 -6.715484
endloop
endfacet
facet normal -0.226391 0.740544 0.632725
outer loop
vertex 2.781644 -1.546022 -6.715484
vertex 2.837296 -1.414214 -6.849840
vertex 2.152230 -1.414214 -7.094960
endloop
endfacet
facet normal -0.226392 0.740546 0.632723
outer loop
vertex 2.781644 -1.546022 -6.715484
vertex 2.152230 -1.414214 -7.094960
vertex 2.110014 -1.546022 -6.955796
endloop
endfacet
facet normal -0.163284 0.740546 0.651866
outer loop
vertex 2.110014 -1.546022 -6.955796
vertex 2.152230 -1.414214 -7.094960
vertex 1.446440 -1.414214 -7.271752
endloop
endfacet
facet normal -0.163285 0.740545 0.651867
outer loop
vertex 2.110014 -1.546022 -6.955796
vertex 1.446440 -1.414214 -7.271752
vertex 1.418068 -1.546022 -7.129120
endloop
endfacet
facet normal -0.098603 0.740545 0.664734
outer loop
vertex 1.418068 -1.546022 -7.129120
vertex 1.446440 -1.414214 -7.271752
vertex 0.726716 -1.414214 -7.378512
endloop
endfacet
facet normal -0.098601 0.740550 0.664728
outer loop
vertex 1.418068 -1.546022 -7.129120
vertex 0.726716 -1.414214 -7.378512
vertex 0.712462 -1.546020 -7.233786
endloop
endfacet
facet normal -0.032975 0.740549 0.671193
outer loop
vertex 0.712462 -1.546020 -7.233786
vertex 0.726716 -1.414214 -7.378512
vertex 0.000000 -1.414214 -7.414214
endloop
endfacet
facet normal -0.032973 0.740555 0.671187
outer loop
vertex 0.712462 -1.546020 -7.233786
vertex 0.000000 -1.414214 -7.414214
vertex 0.000000 -1.546020 -7.268786
endloop
endfacet
facet normal 0.000000 -0.970031 -0.242979
outer loop
vertex 0.000000 1.961570 -5.609820
vertex 0.000000 1.913880 -5.419430
vertex -6.000000 1.913880 -5.419430
endloop
endfacet
facet normal 0.000000 -0.970031 -0.242979
outer loop
vertex 0.000000 1.961570 -5.609820
vertex -6.000000 1.913880 -5.419430
vertex -6.000000 1.961570 -5.609820
endloop
endfacet
facet normal 0.514108 0.857725 0.000000
outer loop
vertex 5.057206 -1.763844 0.000000
vertex 4.888860 -1.662940 0.000000
vertex 4.888860 -1.662940 6.000000
endloop
endfacet
facet normal 0.514107 0.857726 0.000000
outer loop
vertex 5.057206 -1.763844 0.000000
vertex 4.888860 -1.662940 6.000000
vertex 5.057206 -1.763844 6.000000
endloop
endfacet
facet normal -0.595442 0.802865 0.029252
outer loop
vertex 7.111140 -1.662940 0.000000
vertex 7.268786 -1.546022 0.000000
vertex 7.233784 -1.546022 -0.712468
endloop
endfacet
facet normal -0.595447 0.802862 0.029252
outer loop
vertex 7.111140 -1.662940 0.000000
vertex 7.233784 -1.546022 -0.712468
vertex 7.076898 -1.662940 -0.697016
endloop
endfacet
facet normal -0.589712 0.802862 0.087475
outer loop
vertex 7.076898 -1.662940 -0.697016
vertex 7.233784 -1.546022 -0.712468
vertex 7.129118 -1.546022 -1.418070
endloop
endfacet
facet normal -0.589711 0.802863 0.087475
outer loop
vertex 7.076898 -1.662940 -0.697016
vertex 7.129118 -1.546022 -1.418070
vertex 6.974502 -1.662940 -1.387316
endloop
endfacet
facet normal -0.578301 0.802860 0.144856
outer loop
vertex 6.974502 -1.662940 -1.387316
vertex 7.129118 -1.546022 -1.418070
vertex 6.955794 -1.546022 -2.110020
endloop
endfacet
facet normal -0.578294 0.802866 0.144856
outer loop
vertex 6.974502 -1.662940 -1.387316
vertex 6.955794 -1.546022 -2.110020
vertex 6.804936 -1.662940 -2.064258
endloop
endfacet
facet normal -0.561313 0.802864 0.200840
outer loop
vertex 6.804936 -1.662940 -2.064258
vertex 6.955794 -1.546022 -2.110020
vertex 6.715482 -1.546022 -2.781646
endloop
endfacet
facet normal -0.561310 0.802866 0.200841
outer loop
vertex 6.804936 -1.662940 -2.064258
vertex 6.715482 -1.546022 -2.781646
vertex 6.569836 -1.662940 -2.721316
endloop
endfacet
facet normal -0.538923 0.802865 0.254891
outer loop
vertex 6.569836 -1.662940 -2.721316
vertex 6.715482 -1.546022 -2.781646
vertex 6.410498 -1.546022 -3.426482
endloop
endfacet
facet normal -0.538921 0.802867 0.254890
outer loop
vertex 6.569836 -1.662940 -2.721316
vertex 6.410498 -1.546022 -3.426482
vertex 6.271466 -1.662940 -3.352168
endloop
endfacet
facet normal -0.511342 0.802867 0.306487
outer loop
vertex 6.271466 -1.662940 -3.352168
vertex 6.410498 -1.546022 -3.426482
vertex 6.043774 -1.546022 -4.038322
endloop
endfacet
facet normal -0.511347 0.802862 0.306490
outer loop
vertex 6.271466 -1.662940 -3.352168
vertex 6.043774 -1.546022 -4.038322
vertex 5.912696 -1.662940 -3.950740
endloop
endfacet
facet normal -0.478842 0.802864 0.355133
outer loop
vertex 5.912696 -1.662940 -3.950740
vertex 6.043774 -1.546022 -4.038322
vertex 5.618848 -1.546022 -4.611270
endloop
endfacet
facet normal -0.478840 0.802866 0.355132
outer loop
vertex 5.912696 -1.662940 -3.950740
vertex 5.618848 -1.546022 -4.611270
vertex 5.496986 -1.662940 -4.511260
endloop
endfacet
facet normal -0.441725 0.802866 0.400357
outer loop
vertex 5.496986 -1.662940 -4.511260
vertex 5.618848 -1.546022 -4.611270
vertex 5.139806 -1.546022 -5.139810
endloop
endfacet
facet normal -0.441729 0.802862 0.400359
outer loop
vertex 5.496986 -1.662940 -4.511260
vertex 5.139806 -1.546022 -5.139810
vertex 5.028334 -1.662940 -5.028338
endloop
endfacet
facet normal -0.400360 0.802862 0.441729
outer loop
vertex 5.028334 -1.662940 -5.028338
vertex 5.139806 -1.546022 -5.139810
vertex 4.611268 -1.546022 -5.618848
endloop
endfacet
facet normal -0.400355 0.802865 0.441728
outer loop
vertex 5.028334 -1.662940 -5.028338
vertex 4.611268 -1.546022 -5.618848
vertex 4.511258 -1.662940 -5.496986
endloop
endfacet
facet normal -0.355134 0.802864 0.478841
outer loop
vertex 4.511258 -1.662940 -5.496986
vertex 4.611268 -1.546022 -5.618848
vertex 4.038322 -1.546022 -6.043776
endloop
endfacet
facet normal -0.355134 0.802864 0.478841
outer loop
vertex 4.511258 -1.662940 -5.496986
vertex 4.038322 -1.546022 -6.043776
vertex 3.950738 -1.662940 -5.912698
endloop
endfacet
facet normal -0.306486 0.802866 0.511344
outer loop
vertex 3.950738 -1.662940 -5.912698
vertex 4.038322 -1.546022 -6.043776
vertex 3.426480 -1.546022 -6.410498
endloop
endfacet
facet normal -0.306486 0.802866 0.511343
outer loop
vertex 3.950738 -1.662940 -5.912698
vertex 3.426480 -1.546022 -6.410498
vertex 3.352166 -1.662940 -6.271466
endloop
endfacet
facet normal -0.254892 0.802866 0.538921
outer loop
vertex 3.352166 -1.662940 -6.271466
vertex 3.426480 -1.546022 -6.410498
vertex 2.781644 -1.546022 -6.715484
endloop
endfacet
facet normal -0.254893 0.802864 0.538923
outer loop
vertex 3.352166 -1.662940 -6.271466
vertex 2.781644 -1.546022 -6.715484
vertex 2.721316 -1.662940 -6.569838
endloop
endfacet
facet normal -0.200840 0.802864 0.561314
outer loop
vertex 2.721316 -1.662940 -6.569838
vertex 2.781644 -1.546022 -6.715484
vertex 2.110014 -1.546022 -6.955796
endloop
endfacet
facet normal -0.200839 0.802864 0.561313
outer loop
vertex 2.721316 -1.662940 -6.569838
vertex 2.110014 -1.546022 -6.955796
vertex 2.064252 -1.662940 -6.804938
endloop
endfacet
facet normal -0.144856 0.802866 0.578294
outer loop
vertex 2.064252 -1.662940 -6.804938
vertex 2.110014 -1.546022 -6.955796
vertex 1.418068 -1.546022 -7.129120
endloop
endfacet
facet normal -0.144856 0.802865 0.578294
outer loop
vertex 2.064252 -1.662940 -6.804938
vertex 1.418068 -1.546022 -7.129120
vertex 1.387314 -1.662940 -6.974502
endloop
endfacet
facet normal -0.087471 0.802866 0.589708
outer loop
vertex 1.387314 -1.662940 -6.974502
vertex 1.418068 -1.546022 -7.129120
vertex 0.712462 -1.546020 -7.233786
endloop
endfacet
facet normal -0.087475 0.802862 0.589713
outer loop
vertex 1.387314 -1.662940 -6.974502
vertex 0.712462 -1.546020 -7.233786
vertex 0.697010 -1.662940 -7.076898
endloop
endfacet
facet normal -0.029252 0.802861 0.595448
outer loop
vertex 0.697010 -1.662940 -7.076898
vertex 0.712462 -1.546020 -7.233786
vertex 0.000000 -1.546020 -7.268786
endloop
endfacet
facet normal -0.029252 0.802860 0.595449
outer loop
vertex 0.697010 -1.662940 -7.076898
vertex 0.000000 -1.546020 -7.268786
vertex 0.000000 -1.662940 -7.111140
endloop
endfacet
facet normal 0.000000 -0.671552 0.740957
outer loop
vertex 0.000000 1.268786 -7.546020
vertex 0.000000 1.414214 -7.414214
vertex -6.000000 1.414214 -7.414214
endloop
endfacet
facet normal 0.000000 -0.671552 0.740957
outer loop
vertex 0.000000 1.268786 -7.546020
vertex -6.000000 1.414214 -7.414214
vertex -6.000000 1.268786 -7.546020
endloop
endfacet
facet normal 0.857733 0.514095 0.000000
outer loop
vertex 4.337060 -1.111142 0.000000
vertex 4.236158 -0.942794 0.000000
vertex 4.236158 -0.942794 6.000000
endloop
endfacet
facet normal 0.857732 0.514098 0.000000
outer loop
vertex 4.337060 -1.111142 0.000000
vertex 4.236158 -0.942794 6.000000
vertex 4.337060 -1.111142 6.000000
endloop
endfacet
facet normal -0.513940 0.857455 0.025248
outer loop
vertex 6.942794 -1.763844 0.000000
vertex 7.111140 -1.662940 0.000000
vertex 7.076898 -1.662940 -0.697016
endloop
endfacet
facet normal -0.513943 0.857453 0.025249
outer loop
vertex 6.942794 -1.763844 0.000000
vertex 7.076898 -1.662940 -0.697016
vertex 6.909362 -1.763844 -0.680514
endloop
endfacet
facet normal -0.508992 0.857454 0.075502
outer loop
vertex 6.909362 -1.763844 -0.680514
vertex 7.076898 -1.662940 -0.697016
vertex 6.974502 -1.662940 -1.387316
endloop
endfacet
facet normal -0.508988 0.857456 0.075502
outer loop
vertex 6.909362 -1.763844 -0.680514
vertex 6.974502 -1.662940 -1.387316
vertex 6.809388 -1.763844 -1.354472
endloop
endfacet
facet normal -0.499136 0.857456 0.125028
outer loop
vertex 6.809388 -1.763844 -1.354472
vertex 6.974502 -1.662940 -1.387316
vertex 6.804936 -1.662940 -2.064258
endloop
endfacet
facet normal -0.499139 0.857455 0.125027
outer loop
vertex 6.809388 -1.763844 -1.354472
vertex 6.804936 -1.662940 -2.064258
vertex 6.643838 -1.763844 -2.015388
endloop
endfacet
facet normal -0.484481 0.857454 0.173351
outer loop
vertex 6.643838 -1.763844 -2.015388
vertex 6.804936 -1.662940 -2.064258
vertex 6.569836 -1.662940 -2.721316
endloop
endfacet
facet normal -0.484484 0.857453 0.173351
outer loop
vertex 6.643838 -1.763844 -2.015388
vertex 6.569836 -1.662940 -2.721316
vertex 6.414304 -1.763844 -2.656894
endloop
endfacet
facet normal -0.465160 0.857452 0.220004
outer loop
vertex 6.414304 -1.763844 -2.656894
vertex 6.569836 -1.662940 -2.721316
vertex 6.271466 -1.662940 -3.352168
endloop
endfacet
facet normal -0.465155 0.857455 0.220003
outer loop
vertex 6.414304 -1.763844 -2.656894
vertex 6.271466 -1.662940 -3.352168
vertex 6.122996 -1.763844 -3.272810
endloop
endfacet
facet normal -0.441351 0.857456 0.264535
outer loop
vertex 6.122996 -1.763844 -3.272810
vertex 6.271466 -1.662940 -3.352168
vertex 5.912696 -1.662940 -3.950740
endloop
endfacet
facet normal -0.441351 0.857455 0.264536
outer loop
vertex 6.122996 -1.763844 -3.272810
vertex 5.912696 -1.662940 -3.950740
vertex 5.772720 -1.763844 -3.857210
endloop
endfacet
facet normal -0.413298 0.857455 0.306522
outer loop
vertex 5.772720 -1.763844 -3.857210
vertex 5.912696 -1.662940 -3.950740
vertex 5.496986 -1.662940 -4.511260
endloop
endfacet
facet normal -0.413301 0.857453 0.306524
outer loop
vertex 5.772720 -1.763844 -3.857210
vertex 5.496986 -1.662940 -4.511260
vertex 5.366852 -1.763844 -4.404462
endloop
endfacet
facet normal -0.381264 0.857455 0.345557
outer loop
vertex 5.366852 -1.763844 -4.404462
vertex 5.496986 -1.662940 -4.511260
vertex 5.028334 -1.662940 -5.028338
endloop
endfacet
facet normal -0.381263 0.857454 0.345558
outer loop
vertex 5.366852 -1.763844 -4.404462
vertex 5.028334 -1.662940 -5.028338
vertex 4.909294 -1.763844 -4.909298
endloop
endfacet
facet normal -0.345555 0.857456 0.381263
outer loop
vertex 4.909294 -1.763844 -4.909298
vertex 5.028334 -1.662940 -5.028338
vertex 4.511258 -1.662940 -5.496986
endloop
endfacet
facet normal -0.345558 0.857453 0.381266
outer loop
vertex 4.909294 -1.763844 -4.909298
vertex 4.511258 -1.662940 -5.496986
vertex 4.404460 -1.763844 -5.366852
endloop
endfacet
facet normal -0.306524 0.857454 0.413299
outer loop
vertex 4.404460 -1.763844 -5.366852
vertex 4.511258 -1.662940 -5.496986
vertex 3.950738 -1.662940 -5.912698
endloop
endfacet
facet normal -0.306517 0.857458 0.413295
outer loop
vertex 4.404460 -1.763844 -5.366852
vertex 3.950738 -1.662940 -5.912698
vertex 3.857210 -1.763842 -5.772722
endloop
endfacet
facet normal -0.264532 0.857459 0.441347
outer loop
vertex 3.857210 -1.763842 -5.772722
vertex 3.950738 -1.662940 -5.912698
vertex 3.352166 -1.662940 -6.271466
endloop
endfacet
facet normal -0.264534 0.857457 0.441349
outer loop
vertex 3.857210 -1.763842 -5.772722
vertex 3.352166 -1.662940 -6.271466
vertex 3.272808 -1.763842 -6.122998
endloop
endfacet
facet normal -0.220003 0.857457 0.465153
outer loop
vertex 3.272808 -1.763842 -6.122998
vertex 3.352166 -1.662940 -6.271466
vertex 2.721316 -1.662940 -6.569838
endloop
endfacet
facet normal -0.219997 0.857461 0.465147
outer loop
vertex 3.272808 -1.763842 -6.122998
vertex 2.721316 -1.662940 -6.569838
vertex 2.656892 -1.763842 -6.414304
endloop
endfacet
facet normal -0.173345 0.857461 0.484472
outer loop
vertex 2.656892 -1.763842 -6.414304
vertex 2.721316 -1.662940 -6.569838
vertex 2.064252 -1.662940 -6.804938
endloop
endfacet
facet normal -0.173349 0.857458 0.484475
outer loop
vertex 2.656892 -1.763842 -6.414304
vertex 2.064252 -1.662940 -6.804938
vertex 2.015384 -1.763842 -6.643840
endloop
endfacet
facet normal -0.125026 0.857457 0.499135
outer loop
vertex 2.015384 -1.763842 -6.643840
vertex 2.064252 -1.662940 -6.804938
vertex 1.387314 -1.662940 -6.974502
endloop
endfacet
facet normal -0.125026 0.857459 0.499132
outer loop
vertex 2.015384 -1.763842 -6.643840
vertex 1.387314 -1.662940 -6.974502
vertex 1.354470 -1.763842 -6.809390
endloop
endfacet
facet normal -0.075500 0.857457 0.508986
outer loop
vertex 1.354470 -1.763842 -6.809390
vertex 1.387314 -1.662940 -6.974502
vertex 0.697010 -1.662940 -7.076898
endloop
endfacet
facet normal -0.075500 0.857459 0.508984
outer loop
vertex 1.354470 -1.763842 -6.809390
vertex 0.697010 -1.662940 -7.076898
vertex 0.680510 -1.763842 -6.909362
endloop
endfacet
facet normal -0.025249 0.857457 0.513935
outer loop
vertex 0.680510 -1.763842 -6.909362
vertex 0.697010 -1.662940 -7.076898
vertex 0.000000 -1.662940 -7.111140
endloop
endfacet
facet normal -0.025248 0.857457 0.513936
outer loop
vertex 0.680510 -1.763842 -6.909362
vertex 0.000000 -1.662940 -7.111140
vertex 0.000000 -1.763842 -6.942794
endloop
endfacet
facet normal 0.000000 0.970031 -0.242979
outer loop
vertex 0.000000 -1.913880 -5.419430
vertex 0.000000 -1.961570 -5.609820
vertex -6.000000 -1.961570 -5.609820
endloop
endfacet
facet normal 0.000000 0.970031 -0.242979
outer loop
vertex 0.000000 -1.913880 -5.419430
vertex -6.000000 -1.961570 -5.609820
vertex -6.000000 -1.913880 -5.419430
endloop
endfacet
facet normal 0.049065 0.998796 0.000000
outer loop
vertex 6.000000 -2.000000 0.000000
vertex 5.803966 -1.990370 0.000000
vertex 5.803966 -1.990370 6.000000
endloop
endfacet
facet normal 0.049065 0.998796 0.000000
outer loop
vertex 6.000000 -2.000000 0.000000
vertex 5.803966 -1.990370 6.000000
vertex 6.000000 -2.000000 6.000000
endloop
endfacet
facet normal -0.427457 0.903792 0.021000
outer loop
vertex 6.765366 -1.847760 0.000000
vertex 6.942794 -1.763844 0.000000
vertex 6.909362 -1.763844 -0.680514
endloop
endfacet
facet normal -0.427460 0.903791 0.020999
outer loop
vertex 6.765366 -1.847760 0.000000
vertex 6.909362 -1.763844 -0.680514
vertex 6.732790 -1.847760 -0.663124
endloop
endfacet
facet normal -0.423344 0.903790 0.062798
outer loop
vertex 6.732790 -1.847760 -0.663124
vertex 6.909362 -1.763844 -0.680514
vertex 6.809388 -1.763844 -1.354472
endloop
endfacet
facet normal -0.423344 0.903790 0.062797
outer loop
vertex 6.732790 -1.847760 -0.663124
vertex 6.809388 -1.763844 -1.354472
vertex 6.635372 -1.847760 -1.319858
endloop
endfacet
facet normal -0.415152 0.903789 0.103990
outer loop
vertex 6.635372 -1.847760 -1.319858
vertex 6.809388 -1.763844 -1.354472
vertex 6.643838 -1.763844 -2.015388
endloop
endfacet
facet normal -0.415151 0.903790 0.103990
outer loop
vertex 6.635372 -1.847760 -1.319858
vertex 6.643838 -1.763844 -2.015388
vertex 6.474052 -1.847760 -1.963884
endloop
endfacet
facet normal -0.402957 0.903791 0.144180
outer loop
vertex 6.474052 -1.847760 -1.963884
vertex 6.643838 -1.763844 -2.015388
vertex 6.414304 -1.763844 -2.656894
endloop
endfacet
facet normal -0.402953 0.903793 0.144180
outer loop
vertex 6.474052 -1.847760 -1.963884
vertex 6.414304 -1.763844 -2.656894
vertex 6.250382 -1.847760 -2.588994
endloop
endfacet
facet normal -0.386879 0.903793 0.182981
outer loop
vertex 6.250382 -1.847760 -2.588994
vertex 6.414304 -1.763844 -2.656894
vertex 6.122996 -1.763844 -3.272810
endloop
endfacet
facet normal -0.386886 0.903790 0.182983
outer loop
vertex 6.250382 -1.847760 -2.588994
vertex 6.122996 -1.763844 -3.272810
vertex 5.966520 -1.847760 -3.189172
endloop
endfacet
facet normal -0.367086 0.903791 0.220023
outer loop
vertex 5.966520 -1.847760 -3.189172
vertex 6.122996 -1.763844 -3.272810
vertex 5.772720 -1.763844 -3.857210
endloop
endfacet
facet normal -0.367087 0.903790 0.220023
outer loop
vertex 5.966520 -1.847760 -3.189172
vertex 5.772720 -1.763844 -3.857210
vertex 5.625196 -1.847760 -3.758638
endloop
endfacet
facet normal -0.343755 0.903790 0.254944
outer loop
vertex 5.625196 -1.847760 -3.758638
vertex 5.772720 -1.763844 -3.857210
vertex 5.366852 -1.763844 -4.404462
endloop
endfacet
facet normal -0.343754 0.903790 0.254945
outer loop
vertex 5.625196 -1.847760 -3.758638
vertex 5.366852 -1.763844 -4.404462
vertex 5.229700 -1.847760 -4.291904
endloop
endfacet
facet normal -0.317108 0.903791 0.287411
outer loop
vertex 5.229700 -1.847760 -4.291904
vertex 5.366852 -1.763844 -4.404462
vertex 4.909294 -1.763844 -4.909298
endloop
endfacet
facet normal -0.317109 0.903790 0.287412
outer loop
vertex 5.229700 -1.847760 -4.291904
vertex 4.909294 -1.763844 -4.909298
vertex 4.783836 -1.847760 -4.783838
endloop
endfacet
facet normal -0.287409 0.903791 0.317108
outer loop
vertex 4.783836 -1.847760 -4.783838
vertex 4.909294 -1.763844 -4.909298
vertex 4.404460 -1.763844 -5.366852
endloop
endfacet
facet normal -0.287411 0.903790 0.317109
outer loop
vertex 4.783836 -1.847760 -4.783838
vertex 4.404460 -1.763844 -5.366852
vertex 4.291902 -1.847760 -5.229700
endloop
endfacet
facet normal -0.254943 0.903791 0.343753
outer loop
vertex 4.291902 -1.847760 -5.229700
vertex 4.404460 -1.763844 -5.366852
vertex 3.857210 -1.763842 -5.772722
endloop
endfacet
facet normal -0.254949 0.903787 0.343759
outer loop
vertex 4.291902 -1.847760 -5.229700
vertex 3.857210 -1.763842 -5.772722
vertex 3.758636 -1.847760 -5.625198
endloop
endfacet
facet normal -0.220027 0.903787 0.367093
outer loop
vertex 3.758636 -1.847760 -5.625198
vertex 3.857210 -1.763842 -5.772722
vertex 3.272808 -1.763842 -6.122998
endloop
endfacet
facet normal -0.220027 0.903787 0.367094
outer loop
vertex 3.758636 -1.847760 -5.625198
vertex 3.272808 -1.763842 -6.122998
vertex 3.189170 -1.847760 -5.966522
endloop
endfacet
facet normal -0.182986 0.903787 0.386892
outer loop
vertex 3.189170 -1.847760 -5.966522
vertex 3.272808 -1.763842 -6.122998
vertex 2.656892 -1.763842 -6.414304
endloop
endfacet
facet normal -0.182988 0.903786 0.386893
outer loop
vertex 3.189170 -1.847760 -5.966522
vertex 2.656892 -1.763842 -6.414304
vertex 2.588994 -1.847760 -6.250384
endloop
endfacet
facet normal -0.144184 0.903787 0.402965
outer loop
vertex 2.588994 -1.847760 -6.250384
vertex 2.656892 -1.763842 -6.414304
vertex 2.015384 -1.763842 -6.643840
endloop
endfacet
facet normal -0.144180 0.903788 0.402963
outer loop
vertex 2.588994 -1.847760 -6.250384
vertex 2.015384 -1.763842 -6.643840
vertex 1.963880 -1.847760 -6.474052
endloop
endfacet
facet normal -0.103991 0.903788 0.415154
outer loop
vertex 1.963880 -1.847760 -6.474052
vertex 2.015384 -1.763842 -6.643840
vertex 1.354470 -1.763842 -6.809390
endloop
endfacet
facet normal -0.103994 0.903785 0.415159
outer loop
vertex 1.963880 -1.847760 -6.474052
vertex 1.354470 -1.763842 -6.809390
vertex 1.319856 -1.847760 -6.635374
endloop
endfacet
facet normal -0.062798 0.903786 0.423353
outer loop
vertex 1.319856 -1.847760 -6.635374
vertex 1.354470 -1.763842 -6.809390
vertex 0.680510 -1.763842 -6.909362
endloop
endfacet
facet normal -0.062797 0.903787 0.423351
outer loop
vertex 1.319856 -1.847760 -6.635374
vertex 0.680510 -1.763842 -6.909362
vertex 0.663120 -1.847760 -6.732790
endloop
endfacet
facet normal -0.021001 0.903787 0.427467
outer loop
vertex 0.663120 -1.847760 -6.732790
vertex 0.680510 -1.763842 -6.909362
vertex 0.000000 -1.763842 -6.942794
endloop
endfacet
facet normal -0.021000 0.903787 0.427468
outer loop
vertex 0.663120 -1.847760 -6.732790
vertex 0.000000 -1.763842 -6.942794
vertex 0.000000 -1.847760 -6.765368
endloop
endfacet
facet normal 0.000000 -0.941547 -0.336883
outer loop
vertex 0.000000 1.913880 -5.419430
vertex 0.000000 1.847760 -5.234632
vertex -6.000000 1.847760 -5.234632
endloop
endfacet
facet normal 0.000000 -0.941547 -0.336883
outer loop
vertex 0.000000 1.913880 -5.419430
vertex -6.000000 1.847760 -5.234632
vertex -6.000000 1.913880 -5.419430
endloop
endfacet
facet normal -0.427548 0.903993 0.000000
outer loop
vertex 6.942794 -1.763844 0.000000
vertex 6.765366 -1.847760 0.000000
vertex 6.765368 -1.847760 6.000000
endloop
endfacet
facet normal -0.427558 0.903988 0.000000
outer loop
vertex 6.942794 -1.763844 0.000000
vertex 6.765368 -1.847760 6.000000
vertex 6.942794 -1.763844 6.000000
endloop
endfacet
facet normal -0.336844 0.941415 0.016548
outer loop
vertex 6.580568 -1.913882 0.000000
vertex 6.765366 -1.847760 0.000000
vertex 6.732790 -1.847760 -0.663124
endloop
endfacet
facet normal -0.336845 0.941415 0.016547
outer loop
vertex 6.580568 -1.913882 0.000000
vertex 6.732790 -1.847760 -0.663124
vertex 6.548882 -1.913882 -0.645010
endloop
endfacet
facet normal -0.333601 0.941415 0.049485
outer loop
vertex 6.548882 -1.913882 -0.645010
vertex 6.732790 -1.847760 -0.663124
vertex 6.635372 -1.847760 -1.319858
endloop
endfacet
facet normal -0.333600 0.941415 0.049486
outer loop
vertex 6.548882 -1.913882 -0.645010
vertex 6.635372 -1.847760 -1.319858
vertex 6.454124 -1.913882 -1.283806
endloop
endfacet
facet normal -0.327143 0.941415 0.081945
outer loop
vertex 6.454124 -1.913882 -1.283806
vertex 6.635372 -1.847760 -1.319858
vertex 6.474052 -1.847760 -1.963884
endloop
endfacet
facet normal -0.327146 0.941414 0.081945
outer loop
vertex 6.454124 -1.913882 -1.283806
vertex 6.474052 -1.847760 -1.963884
vertex 6.297212 -1.913882 -1.910240
endloop
endfacet
facet normal -0.317538 0.941414 0.113618
outer loop
vertex 6.297212 -1.913882 -1.910240
vertex 6.474052 -1.847760 -1.963884
vertex 6.250382 -1.847760 -2.588994
endloop
endfacet
facet normal -0.317538 0.941414 0.113618
outer loop
vertex 6.297212 -1.913882 -1.910240
vertex 6.250382 -1.847760 -2.588994
vertex 6.079652 -1.913882 -2.518276
endloop
endfacet
facet normal -0.304873 0.941414 0.144193
outer loop
vertex 6.079652 -1.913882 -2.518276
vertex 6.250382 -1.847760 -2.588994
vertex 5.966520 -1.847760 -3.189172
endloop
endfacet
facet normal -0.304873 0.941414 0.144194
outer loop
vertex 6.079652 -1.913882 -2.518276
vertex 5.966520 -1.847760 -3.189172
vertex 5.803544 -1.913882 -3.102058
endloop
endfacet
facet normal -0.289271 0.941414 0.173382
outer loop
vertex 5.803544 -1.913882 -3.102058
vertex 5.966520 -1.847760 -3.189172
vertex 5.625196 -1.847760 -3.758638
endloop
endfacet
facet normal -0.289271 0.941414 0.173382
outer loop
vertex 5.803544 -1.913882 -3.102058
vertex 5.625196 -1.847760 -3.758638
vertex 5.471542 -1.913882 -3.655970
endloop
endfacet
facet normal -0.270883 0.941415 0.200900
outer loop
vertex 5.471542 -1.913882 -3.655970
vertex 5.625196 -1.847760 -3.758638
vertex 5.229700 -1.847760 -4.291904
endloop
endfacet
facet normal -0.270881 0.941416 0.200898
outer loop
vertex 5.471542 -1.913882 -3.655970
vertex 5.229700 -1.847760 -4.291904
vertex 5.086848 -1.913882 -4.174670
endloop
endfacet
facet normal -0.249885 0.941416 0.226483
outer loop
vertex 5.086848 -1.913882 -4.174670
vertex 5.229700 -1.847760 -4.291904
vertex 4.783836 -1.847760 -4.783838
endloop
endfacet
facet normal -0.249886 0.941415 0.226484
outer loop
vertex 5.086848 -1.913882 -4.174670
vertex 4.783836 -1.847760 -4.783838
vertex 4.653164 -1.913882 -4.653166
endloop
endfacet
facet normal -0.226484 0.941414 0.249887
outer loop
vertex 4.653164 -1.913882 -4.653166
vertex 4.783836 -1.847760 -4.783838
vertex 4.291902 -1.847760 -5.229700
endloop
endfacet
facet normal -0.226484 0.941415 0.249886
outer loop
vertex 4.653164 -1.913882 -4.653166
vertex 4.291902 -1.847760 -5.229700
vertex 4.174668 -1.913882 -5.086850
endloop
endfacet
facet normal -0.200901 0.941414 0.270885
outer loop
vertex 4.174668 -1.913882 -5.086850
vertex 4.291902 -1.847760 -5.229700
vertex 3.758636 -1.847760 -5.625198
endloop
endfacet
facet normal -0.200901 0.941415 0.270883
outer loop
vertex 4.174668 -1.913882 -5.086850
vertex 3.758636 -1.847760 -5.625198
vertex 3.655968 -1.913882 -5.471544
endloop
endfacet
facet normal -0.173381 0.941415 0.289269
outer loop
vertex 3.655968 -1.913882 -5.471544
vertex 3.758636 -1.847760 -5.625198
vertex 3.189170 -1.847760 -5.966522
endloop
endfacet
facet normal -0.173380 0.941416 0.289268
outer loop
vertex 3.655968 -1.913882 -5.471544
vertex 3.189170 -1.847760 -5.966522
vertex 3.102056 -1.913882 -5.803544
endloop
endfacet
facet normal -0.144193 0.941415 0.304871
outer loop
vertex 3.102056 -1.913882 -5.803544
vertex 3.189170 -1.847760 -5.966522
vertex 2.588994 -1.847760 -6.250384
endloop
endfacet
facet normal -0.144195 0.941414 0.304872
outer loop
vertex 3.102056 -1.913882 -5.803544
vertex 2.588994 -1.847760 -6.250384
vertex 2.518274 -1.913882 -6.079654
endloop
endfacet
facet normal -0.113616 0.941414 0.317539
outer loop
vertex 2.518274 -1.913882 -6.079654
vertex 2.588994 -1.847760 -6.250384
vertex 1.963880 -1.847760 -6.474052
endloop
endfacet
facet normal -0.113610 0.941418 0.317530
outer loop
vertex 2.518274 -1.913882 -6.079654
vertex 1.963880 -1.847760 -6.474052
vertex 1.910236 -1.913880 -6.297212
endloop
endfacet
facet normal -0.081945 0.941418 0.327135
outer loop
vertex 1.910236 -1.913880 -6.297212
vertex 1.963880 -1.847760 -6.474052
vertex 1.319856 -1.847760 -6.635374
endloop
endfacet
facet normal -0.081943 0.941418 0.327134
outer loop
vertex 1.910236 -1.913880 -6.297212
vertex 1.319856 -1.847760 -6.635374
vertex 1.283804 -1.913880 -6.454126
endloop
endfacet
facet normal -0.049482 0.941418 0.333592
outer loop
vertex 1.283804 -1.913880 -6.454126
vertex 1.319856 -1.847760 -6.635374
vertex 0.663120 -1.847760 -6.732790
endloop
endfacet
facet normal -0.049483 0.941418 0.333591
outer loop
vertex 1.283804 -1.913880 -6.454126
vertex 0.663120 -1.847760 -6.732790
vertex 0.645006 -1.913880 -6.548882
endloop
endfacet
facet normal -0.016549 0.941418 0.336837
outer loop
vertex 0.645006 -1.913880 -6.548882
vertex 0.663120 -1.847760 -6.732790
vertex 0.000000 -1.847760 -6.765368
endloop
endfacet
facet normal -0.016548 0.941418 0.336835
outer loop
vertex 0.645006 -1.913880 -6.548882
vertex 0.000000 -1.847760 -6.765368
vertex 0.000000 -1.913880 -6.580570
endloop
endfacet
facet normal 0.000000 -0.740958 0.671551
outer loop
vertex 0.000000 1.414214 -7.414214
vertex 0.000000 1.546020 -7.268786
vertex -6.000000 1.546020 -7.268786
endloop
endfacet
facet normal 0.000000 -0.740956 0.671553
outer loop
vertex 0.000000 1.414214 -7.414214
vertex -6.000000 1.546020 -7.268786
vertex -6.000000 1.414214 -7.414214
endloop
endfacet
facet normal -0.803205 0.595703 0.000000
outer loop
vertex 7.662940 -1.111142 0.000000
vertex 7.546020 -1.268788 0.000000
vertex 7.546020 -1.268788 6.000000
endloop
endfacet
facet normal -0.803202 0.595707 0.000000
outer loop
vertex 7.662940 -1.111142 0.000000
vertex 7.546020 -1.268788 6.000000
vertex 7.662940 -1.111142 6.000000
endloop
endfacet
facet normal -0.242965 0.969962 0.011935
outer loop
vertex 6.390180 -1.961572 0.000000
vertex 6.580568 -1.913882 0.000000
vertex 6.548882 -1.913882 -0.645010
endloop
endfacet
facet normal -0.242963 0.969962 0.011936
outer loop
vertex 6.390180 -1.961572 0.000000
vertex 6.548882 -1.913882 -0.645010
vertex 6.359410 -1.961572 -0.626350
endloop
endfacet
facet normal -0.240624 0.969962 0.035694
outer loop
vertex 6.359410 -1.961572 -0.626350
vertex 6.548882 -1.913882 -0.645010
vertex 6.454124 -1.913882 -1.283806
endloop
endfacet
facet normal -0.240624 0.969962 0.035694
outer loop
vertex 6.359410 -1.961572 -0.626350
vertex 6.454124 -1.913882 -1.283806
vertex 6.267394 -1.961572 -1.246662
endloop
endfacet
facet normal -0.235965 0.969962 0.059106
outer loop
vertex 6.267394 -1.961572 -1.246662
vertex 6.454124 -1.913882 -1.283806
vertex 6.297212 -1.913882 -1.910240
endloop
endfacet
facet normal -0.235966 0.969962 0.059106
outer loop
vertex 6.267394 -1.961572 -1.246662
vertex 6.297212 -1.913882 -1.910240
vertex 6.115020 -1.961572 -1.854974
endloop
endfacet
facet normal -0.229035 0.969962 0.081951
outer loop
vertex 6.115020 -1.961572 -1.854974
vertex 6.297212 -1.913882 -1.910240
vertex 6.079652 -1.913882 -2.518276
endloop
endfacet
facet normal -0.229038 0.969962 0.081951
outer loop
vertex 6.115020 -1.961572 -1.854974
vertex 6.079652 -1.913882 -2.518276
vertex 5.903756 -1.961572 -2.445418
endloop
endfacet
facet normal -0.219902 0.969962 0.104006
outer loop
vertex 5.903756 -1.961572 -2.445418
vertex 6.079652 -1.913882 -2.518276
vertex 5.803544 -1.913882 -3.102058
endloop
endfacet
facet normal -0.219902 0.969962 0.104006
outer loop
vertex 5.903756 -1.961572 -2.445418
vertex 5.803544 -1.913882 -3.102058
vertex 5.635636 -1.961572 -3.012310
endloop
endfacet
facet normal -0.208648 0.969962 0.125059
outer loop
vertex 5.635636 -1.961572 -3.012310
vertex 5.803544 -1.913882 -3.102058
vertex 5.471542 -1.913882 -3.655970
endloop
endfacet
facet normal -0.208649 0.969962 0.125059
outer loop
vertex 5.635636 -1.961572 -3.012310
vertex 5.471542 -1.913882 -3.655970
vertex 5.313240 -1.961572 -3.550196
endloop
endfacet
facet normal -0.195385 0.969962 0.144908
outer loop
vertex 5.313240 -1.961572 -3.550196
vertex 5.471542 -1.913882 -3.655970
vertex 5.086848 -1.913882 -4.174670
endloop
endfacet
facet normal -0.195386 0.969962 0.144909
outer loop
vertex 5.313240 -1.961572 -3.550196
vertex 5.086848 -1.913882 -4.174670
vertex 4.939676 -1.961572 -4.053888
endloop
endfacet
facet normal -0.180242 0.969962 0.163362
outer loop
vertex 4.939676 -1.961572 -4.053888
vertex 5.086848 -1.913882 -4.174670
vertex 4.653164 -1.913882 -4.653166
endloop
endfacet
facet normal -0.180240 0.969962 0.163361
outer loop
vertex 4.939676 -1.961572 -4.053888
vertex 4.653164 -1.913882 -4.653166
vertex 4.518538 -1.961572 -4.518542
endloop
endfacet
facet normal -0.163362 0.969962 0.180241
outer loop
vertex 4.518538 -1.961572 -4.518542
vertex 4.653164 -1.913882 -4.653166
vertex 4.174668 -1.913882 -5.086850
endloop
endfacet
facet normal -0.163361 0.969962 0.180242
outer loop
vertex 4.518538 -1.961572 -4.518542
vertex 4.174668 -1.913882 -5.086850
vertex 4.053886 -1.961572 -4.939678
endloop
endfacet
facet normal -0.144908 0.969962 0.195386
outer loop
vertex 4.053886 -1.961572 -4.939678
vertex 4.174668 -1.913882 -5.086850
vertex 3.655968 -1.913882 -5.471544
endloop
endfacet
facet normal -0.144900 0.969964 0.195381
outer loop
vertex 4.053886 -1.961572 -4.939678
vertex 3.655968 -1.913882 -5.471544
vertex 3.550194 -1.961570 -5.313242
endloop
endfacet
facet normal -0.125054 0.969964 0.208642
outer loop
vertex 3.550194 -1.961570 -5.313242
vertex 3.655968 -1.913882 -5.471544
vertex 3.102056 -1.913882 -5.803544
endloop
endfacet
facet normal -0.125053 0.969965 0.208639
outer loop
vertex 3.550194 -1.961570 -5.313242
vertex 3.102056 -1.913882 -5.803544
vertex 3.012308 -1.961570 -5.635636
endloop
endfacet
facet normal -0.104002 0.969964 0.219892
outer loop
vertex 3.012308 -1.961570 -5.635636
vertex 3.102056 -1.913882 -5.803544
vertex 2.518274 -1.913882 -6.079654
endloop
endfacet
facet normal -0.104002 0.969964 0.219893
outer loop
vertex 3.012308 -1.961570 -5.635636
vertex 2.518274 -1.913882 -6.079654
vertex 2.445416 -1.961570 -5.903758
endloop
endfacet
facet normal -0.081944 0.969964 0.229031
outer loop
vertex 2.445416 -1.961570 -5.903758
vertex 2.518274 -1.913882 -6.079654
vertex 1.910236 -1.913880 -6.297212
endloop
endfacet
facet normal -0.081951 0.969962 0.229038
outer loop
vertex 2.445416 -1.961570 -5.903758
vertex 1.910236 -1.913880 -6.297212
vertex 1.854970 -1.961570 -6.115022
endloop
endfacet
facet normal -0.059107 0.969962 0.235967
outer loop
vertex 1.854970 -1.961570 -6.115022
vertex 1.910236 -1.913880 -6.297212
vertex 1.283804 -1.913880 -6.454126
endloop
endfacet
facet normal -0.059107 0.969962 0.235966
outer loop
vertex 1.854970 -1.961570 -6.115022
vertex 1.283804 -1.913880 -6.454126
vertex 1.246662 -1.961570 -6.267396
endloop
endfacet
facet normal -0.035693 0.969962 0.240625
outer loop
vertex 1.246662 -1.961570 -6.267396
vertex 1.283804 -1.913880 -6.454126
vertex 0.645006 -1.913880 -6.548882
endloop
endfacet
facet normal -0.035693 0.969962 0.240623
outer loop
vertex 1.246662 -1.961570 -6.267396
vertex 0.645006 -1.913880 -6.548882
vertex 0.626344 -1.961570 -6.359410
endloop
endfacet
facet normal -0.011936 0.969962 0.242964
outer loop
vertex 0.626344 -1.961570 -6.359410
vertex 0.645006 -1.913880 -6.548882
vertex 0.000000 -1.913880 -6.580570
endloop
endfacet
facet normal -0.011937 0.969963 0.242961
outer loop
vertex 0.626344 -1.961570 -6.359410
vertex 0.000000 -1.913880 -6.580570
vertex 0.000000 -1.961570 -6.390180
endloop
endfacet
facet normal 0.000000 0.989175 -0.146738
outer loop
vertex 0.000000 -1.961570 -5.609820
vertex 0.000000 -1.990370 -5.803966
vertex -6.000000 -1.990370 -5.803966
endloop
endfacet
facet normal 0.000000 0.989176 -0.146735
outer loop
vertex 0.000000 -1.961570 -5.609820
vertex -6.000000 -1.990370 -5.803966
vertex -6.000000 -1.961570 -5.609820
endloop
endfacet
facet normal -0.989175 0.146741 0.000000
outer loop
vertex 7.990370 -0.196036 0.000000
vertex 7.961570 -0.390182 0.000000
vertex 7.961570 -0.390182 6.000000
endloop
endfacet
facet normal -0.989176 0.146735 0.000000
outer loop
vertex 7.990370 -0.196036 0.000000
vertex 7.961570 -0.390182 6.000000
vertex 7.990370 -0.196036 6.000000
endloop
endfacet
facet normal -0.146722 0.989152 0.007208
outer loop
vertex 6.196034 -1.990370 0.000000
vertex 6.390180 -1.961572 0.000000
vertex 6.359410 -1.961572 -0.626350
endloop
endfacet
facet normal -0.146722 0.989151 0.007208
outer loop
vertex 6.196034 -1.990370 0.000000
vertex 6.359410 -1.961572 -0.626350
vertex 6.166198 -1.990370 -0.607320
endloop
endfacet
facet normal -0.145308 0.989152 0.021555
outer loop
vertex 6.166198 -1.990370 -0.607320
vertex 6.359410 -1.961572 -0.626350
vertex 6.267394 -1.961572 -1.246662
endloop
endfacet
facet normal -0.145309 0.989152 0.021554
outer loop
vertex 6.166198 -1.990370 -0.607320
vertex 6.267394 -1.961572 -1.246662
vertex 6.076978 -1.990370 -1.208786
endloop
endfacet
facet normal -0.142496 0.989152 0.035694
outer loop
vertex 6.076978 -1.990370 -1.208786
vertex 6.267394 -1.961572 -1.246662
vertex 6.115020 -1.961572 -1.854974
endloop
endfacet
facet normal -0.142498 0.989151 0.035694
outer loop
vertex 6.076978 -1.990370 -1.208786
vertex 6.115020 -1.961572 -1.854974
vertex 5.929234 -1.990370 -1.798616
endloop
endfacet
facet normal -0.138313 0.989151 0.049489
outer loop
vertex 5.929234 -1.990370 -1.798616
vertex 6.115020 -1.961572 -1.854974
vertex 5.903756 -1.961572 -2.445418
endloop
endfacet
facet normal -0.138311 0.989152 0.049489
outer loop
vertex 5.929234 -1.990370 -1.798616
vertex 5.903756 -1.961572 -2.445418
vertex 5.724388 -1.990370 -2.371120
endloop
endfacet
facet normal -0.132794 0.989152 0.062807
outer loop
vertex 5.724388 -1.990370 -2.371120
vertex 5.903756 -1.961572 -2.445418
vertex 5.635636 -1.961572 -3.012310
endloop
endfacet
facet normal -0.132796 0.989151 0.062808
outer loop
vertex 5.724388 -1.990370 -2.371120
vertex 5.635636 -1.961572 -3.012310
vertex 5.464414 -1.990370 -2.920790
endloop
endfacet
facet normal -0.126000 0.989151 0.075521
outer loop
vertex 5.464414 -1.990370 -2.920790
vertex 5.635636 -1.961572 -3.012310
vertex 5.313240 -1.961572 -3.550196
endloop
endfacet
facet normal -0.126000 0.989151 0.075522
outer loop
vertex 5.464414 -1.990370 -2.920790
vertex 5.313240 -1.961572 -3.550196
vertex 5.151814 -1.990370 -3.442334
endloop
endfacet
facet normal -0.117991 0.989152 0.087507
outer loop
vertex 5.151814 -1.990370 -3.442334
vertex 5.313240 -1.961572 -3.550196
vertex 4.939676 -1.961572 -4.053888
endloop
endfacet
facet normal -0.117991 0.989151 0.087508
outer loop
vertex 5.151814 -1.990370 -3.442334
vertex 4.939676 -1.961572 -4.053888
vertex 4.789600 -1.990370 -3.930722
endloop
endfacet
facet normal -0.108845 0.989152 0.098650
outer loop
vertex 4.789600 -1.990370 -3.930722
vertex 4.939676 -1.961572 -4.053888
vertex 4.518538 -1.961572 -4.518542
endloop
endfacet
facet normal -0.108845 0.989151 0.098652
outer loop
vertex 4.789600 -1.990370 -3.930722
vertex 4.518538 -1.961572 -4.518542
vertex 4.381256 -1.990370 -4.381260
endloop
endfacet
facet normal -0.098652 0.989151 0.108845
outer loop
vertex 4.381256 -1.990370 -4.381260
vertex 4.518538 -1.961572 -4.518542
vertex 4.053886 -1.961572 -4.939678
endloop
endfacet
facet normal -0.098652 0.989151 0.108845
outer loop
vertex 4.381256 -1.990370 -4.381260
vertex 4.053886 -1.961572 -4.939678
vertex 3.930722 -1.990370 -4.789600
endloop
endfacet
facet normal -0.087505 0.989151 0.117993
outer loop
vertex 3.930722 -1.990370 -4.789600
vertex 4.053886 -1.961572 -4.939678
vertex 3.550194 -1.961570 -5.313242
endloop
endfacet
facet normal -0.087513 0.989150 0.117998
outer loop
vertex 3.930722 -1.990370 -4.789600
vertex 3.550194 -1.961570 -5.313242
vertex 3.442332 -1.990370 -5.151814
endloop
endfacet
facet normal -0.075526 0.989150 0.126009
outer loop
vertex 3.442332 -1.990370 -5.151814
vertex 3.550194 -1.961570 -5.313242
vertex 3.012308 -1.961570 -5.635636
endloop
endfacet
facet normal -0.075527 0.989150 0.126010
outer loop
vertex 3.442332 -1.990370 -5.151814
vertex 3.012308 -1.961570 -5.635636
vertex 2.920788 -1.990370 -5.464416
endloop
endfacet
facet normal -0.062813 0.989150 0.132805
outer loop
vertex 2.920788 -1.990370 -5.464416
vertex 3.012308 -1.961570 -5.635636
vertex 2.445416 -1.961570 -5.903758
endloop
endfacet
facet normal -0.062812 0.989150 0.132805
outer loop
vertex 2.920788 -1.990370 -5.464416
vertex 2.445416 -1.961570 -5.903758
vertex 2.371120 -1.990370 -5.724390
endloop
endfacet
facet normal -0.049492 0.989150 0.138323
outer loop
vertex 2.371120 -1.990370 -5.724390
vertex 2.445416 -1.961570 -5.903758
vertex 1.854970 -1.961570 -6.115022
endloop
endfacet
facet normal -0.049492 0.989150 0.138321
outer loop
vertex 2.371120 -1.990370 -5.724390
vertex 1.854970 -1.961570 -6.115022
vertex 1.798612 -1.990370 -5.929236
endloop
endfacet
facet normal -0.035696 0.989150 0.142506
outer loop
vertex 1.798612 -1.990370 -5.929236
vertex 1.854970 -1.961570 -6.115022
vertex 1.246662 -1.961570 -6.267396
endloop
endfacet
facet normal -0.035696 0.989150 0.142507
outer loop
vertex 1.798612 -1.990370 -5.929236
vertex 1.246662 -1.961570 -6.267396
vertex 1.208786 -1.990370 -6.076980
endloop
endfacet
facet normal -0.021556 0.989150 0.145319
outer loop
vertex 1.208786 -1.990370 -6.076980
vertex 1.246662 -1.961570 -6.267396
vertex 0.626344 -1.961570 -6.359410
endloop
endfacet
facet normal -0.021557 0.989150 0.145320
outer loop
vertex 1.208786 -1.990370 -6.076980
vertex 0.626344 -1.961570 -6.359410
vertex 0.607316 -1.990370 -6.166200
endloop
endfacet
facet normal -0.007208 0.989150 0.146732
outer loop
vertex 0.607316 -1.990370 -6.166200
vertex 0.626344 -1.961570 -6.359410
vertex 0.000000 -1.961570 -6.390180
endloop
endfacet
facet normal -0.007208 0.989150 0.146734
outer loop
vertex 0.607316 -1.990370 -6.166200
vertex 0.000000 -1.961570 -6.390180
vertex 0.000000 -1.990370 -6.196034
endloop
endfacet
facet normal 0.000000 -0.903986 -0.427562
outer loop
vertex 0.000000 1.847760 -5.234632
vertex 0.000000 1.763842 -5.057206
vertex -6.000000 1.763842 -5.057206
endloop
endfacet
facet normal 0.000000 -0.903986 -0.427562
outer loop
vertex 0.000000 1.847760 -5.234632
vertex -6.000000 1.763842 -5.057206
vertex -6.000000 1.847760 -5.234632
endloop
endfacet
facet normal -0.671562 -0.740948 0.000000
outer loop
vertex 7.268786 1.546020 0.000000
vertex 7.414214 1.414212 0.000000
vertex 7.414214 1.414212 6.000000
endloop
endfacet
facet normal -0.671556 -0.740954 0.000000
outer loop
vertex 7.268786 1.546020 0.000000
vertex 7.414214 1.414212 6.000000
vertex 7.268786 1.546020 6.000000
endloop
endfacet
facet normal -0.049064 0.998793 0.002411
outer loop
vertex 6.000000 -2.000000 0.000000
vertex 6.196034 -1.990370 0.000000
vertex 6.166198 -1.990370 -0.607320
endloop
endfacet
facet normal -0.049065 0.998793 0.002410
outer loop
vertex 6.000000 -2.000000 0.000000
vertex 6.166198 -1.990370 -0.607320
vertex 5.971108 -2.000000 -0.588104
endloop
endfacet
facet normal -0.048592 0.998793 0.007208
outer loop
vertex 5.971108 -2.000000 -0.588104
vertex 6.166198 -1.990370 -0.607320
vertex 6.076978 -1.990370 -1.208786
endloop
endfacet
facet normal -0.048592 0.998793 0.007208
outer loop
vertex 5.971108 -2.000000 -0.588104
vertex 6.076978 -1.990370 -1.208786
vertex 5.884710 -2.000000 -1.170542
endloop
endfacet
facet normal -0.047652 0.998793 0.011936
outer loop
vertex 5.884710 -2.000000 -1.170542
vertex 6.076978 -1.990370 -1.208786
vertex 5.929234 -1.990370 -1.798616
endloop
endfacet
facet normal -0.047652 0.998793 0.011936
outer loop
vertex 5.884710 -2.000000 -1.170542
vertex 5.929234 -1.990370 -1.798616
vertex 5.741642 -2.000000 -1.741710
endloop
endfacet
facet normal -0.046253 0.998793 0.016549
outer loop
vertex 5.741642 -2.000000 -1.741710
vertex 5.929234 -1.990370 -1.798616
vertex 5.724388 -1.990370 -2.371120
endloop
endfacet
facet normal -0.046252 0.998793 0.016549
outer loop
vertex 5.741642 -2.000000 -1.741710
vertex 5.724388 -1.990370 -2.371120
vertex 5.543276 -2.000000 -2.296102
endloop
endfacet
facet normal -0.044407 0.998793 0.021003
outer loop
vertex 5.543276 -2.000000 -2.296102
vertex 5.724388 -1.990370 -2.371120
vertex 5.464414 -1.990370 -2.920790
endloop
endfacet
facet normal -0.044408 0.998793 0.021003
outer loop
vertex 5.543276 -2.000000 -2.296102
vertex 5.464414 -1.990370 -2.920790
vertex 5.291528 -2.000000 -2.828380
endloop
endfacet
facet normal -0.042135 0.998793 0.025255
outer loop
vertex 5.291528 -2.000000 -2.828380
vertex 5.464414 -1.990370 -2.920790
vertex 5.151814 -1.990370 -3.442334
endloop
endfacet
facet normal -0.042134 0.998793 0.025255
outer loop
vertex 5.291528 -2.000000 -2.828380
vertex 5.151814 -1.990370 -3.442334
vertex 4.988816 -2.000000 -3.333422
endloop
endfacet
facet normal -0.039456 0.998793 0.029263
outer loop
vertex 4.988816 -2.000000 -3.333422
vertex 5.151814 -1.990370 -3.442334
vertex 4.789600 -1.990370 -3.930722
endloop
endfacet
facet normal -0.039457 0.998793 0.029263
outer loop
vertex 4.988816 -2.000000 -3.333422
vertex 4.789600 -1.990370 -3.930722
vertex 4.638062 -2.000000 -3.806360
endloop
endfacet
facet normal -0.036398 0.998793 0.032990
outer loop
vertex 4.638062 -2.000000 -3.806360
vertex 4.789600 -1.990370 -3.930722
vertex 4.381256 -1.990370 -4.381260
endloop
endfacet
facet normal -0.036398 0.998793 0.032989
outer loop
vertex 4.638062 -2.000000 -3.806360
vertex 4.381256 -1.990370 -4.381260
vertex 4.242640 -2.000000 -4.242642
endloop
endfacet
facet normal -0.032989 0.998793 0.036399
outer loop
vertex 4.242640 -2.000000 -4.242642
vertex 4.381256 -1.990370 -4.381260
vertex 3.930722 -1.990370 -4.789600
endloop
endfacet
facet normal -0.032989 0.998793 0.036398
outer loop
vertex 4.242640 -2.000000 -4.242642
vertex 3.930722 -1.990370 -4.789600
vertex 3.806358 -2.000000 -4.638064
endloop
endfacet
facet normal -0.029263 0.998793 0.039456
outer loop
vertex 3.806358 -2.000000 -4.638064
vertex 3.930722 -1.990370 -4.789600
vertex 3.442332 -1.990370 -5.151814
endloop
endfacet
facet normal -0.029263 0.998793 0.039457
outer loop
vertex 3.806358 -2.000000 -4.638064
vertex 3.442332 -1.990370 -5.151814
vertex 3.333422 -2.000000 -4.988818
endloop
endfacet
facet normal -0.025255 0.998793 0.042134
outer loop
vertex 3.333422 -2.000000 -4.988818
vertex 3.442332 -1.990370 -5.151814
vertex 2.920788 -1.990370 -5.464416
endloop
endfacet
facet normal -0.025254 0.998793 0.042134
outer loop
vertex 3.333422 -2.000000 -4.988818
vertex 2.920788 -1.990370 -5.464416
vertex 2.828378 -2.000000 -5.291528
endloop
endfacet
facet normal -0.021003 0.998793 0.044406
outer loop
vertex 2.828378 -2.000000 -5.291528
vertex 2.920788 -1.990370 -5.464416
vertex 2.371120 -1.990370 -5.724390
endloop
endfacet
facet normal -0.021003 0.998793 0.044407
outer loop
vertex 2.828378 -2.000000 -5.291528
vertex 2.371120 -1.990370 -5.724390
vertex 2.296100 -2.000000 -5.543278
endloop
endfacet
facet normal -0.016549 0.998793 0.046252
outer loop
vertex 2.296100 -2.000000 -5.543278
vertex 2.371120 -1.990370 -5.724390
vertex 1.798612 -1.990370 -5.929236
endloop
endfacet
facet normal -0.016549 0.998793 0.046252
outer loop
vertex 2.296100 -2.000000 -5.543278
vertex 1.798612 -1.990370 -5.929236
vertex 1.741706 -2.000000 -5.741642
endloop
endfacet
facet normal -0.011936 0.998793 0.047650
outer loop
vertex 1.741706 -2.000000 -5.741642
vertex 1.798612 -1.990370 -5.929236
vertex 1.208786 -1.990370 -6.076980
endloop
endfacet
facet normal -0.011936 0.998793 0.047651
outer loop
vertex 1.741706 -2.000000 -5.741642
vertex 1.208786 -1.990370 -6.076980
vertex 1.170542 -2.000000 -5.884712
endloop
endfacet
facet normal -0.007208 0.998793 0.048592
outer loop
vertex 1.170542 -2.000000 -5.884712
vertex 1.208786 -1.990370 -6.076980
vertex 0.607316 -1.990370 -6.166200
endloop
endfacet
facet normal -0.007208 0.998793 0.048591
outer loop
vertex 1.170542 -2.000000 -5.884712
vertex 0.607316 -1.990370 -6.166200
vertex 0.588100 -2.000000 -5.971108
endloop
endfacet
facet normal -0.002410 0.998793 0.049064
outer loop
vertex 0.588100 -2.000000 -5.971108
vertex 0.607316 -1.990370 -6.166200
vertex 0.000000 -1.990370 -6.196034
endloop
endfacet
facet normal -0.002410 0.998793 0.049065
outer loop
vertex 0.588100 -2.000000 -5.971108
vertex 0.000000 -1.990370 -6.196034
vertex 0.000000 -2.000000 -6.000000
endloop
endfacet
facet normal 0.000000 -0.803204 0.595704
outer loop
vertex 0.000000 1.546020 -7.268786
vertex 0.000000 1.662940 -7.111140
vertex -6.000000 1.662940 -7.111140
endloop
endfacet
facet normal 0.000000 -0.803203 0.595705
outer loop
vertex 0.000000 1.546020 -7.268786
vertex -6.000000 1.662940 -7.111140
vertex -6.000000 1.546020 -7.268786
endloop
endfacet
facet normal -0.242982 -0.970031 0.000000
outer loop
vertex 6.390182 1.961570 0.000000
vertex 6.580570 1.913880 0.000000
vertex 6.580570 1.913880 6.000000
endloop
endfacet
facet normal -0.242981 -0.970031 0.000000
outer loop
vertex 6.390182 1.961570 0.000000
vertex 6.580570 1.913880 6.000000
vertex 6.390182 1.961570 6.000000
endloop
endfacet
facet normal 0.049065 0.998793 -0.002410
outer loop
vertex 5.803966 -1.990370 0.000000
vertex 6.000000 -2.000000 0.000000
vertex 5.971108 -2.000000 -0.588104
endloop
endfacet
facet normal 0.049065 0.998793 -0.002411
outer loop
vertex 5.803966 -1.990370 0.000000
vertex 5.971108 -2.000000 -0.588104
vertex 5.776018 -1.990370 -0.568890
endloop
endfacet
facet normal 0.048592 0.998793 -0.007208
outer loop
vertex 5.776018 -1.990370 -0.568890
vertex 5.971108 -2.000000 -0.588104
vertex 5.884710 -2.000000 -1.170542
endloop
endfacet
facet normal 0.048592 0.998793 -0.007208
outer loop
vertex 5.776018 -1.990370 -0.568890
vertex 5.884710 -2.000000 -1.170542
vertex 5.692444 -1.990370 -1.132298
endloop
endfacet
facet normal 0.047652 0.998793 -0.011936
outer loop
vertex 5.692444 -1.990370 -1.132298
vertex 5.884710 -2.000000 -1.170542
vertex 5.741642 -2.000000 -1.741710
endloop
endfacet
facet normal 0.047651 0.998793 -0.011937
outer loop
vertex 5.692444 -1.990370 -1.132298
vertex 5.741642 -2.000000 -1.741710
vertex 5.554048 -1.990370 -1.684804
endloop
endfacet
facet normal 0.046252 0.998793 -0.016549
outer loop
vertex 5.554048 -1.990370 -1.684804
vertex 5.741642 -2.000000 -1.741710
vertex 5.543276 -2.000000 -2.296102
endloop
endfacet
facet normal 0.046252 0.998793 -0.016550
outer loop
vertex 5.554048 -1.990370 -1.684804
vertex 5.543276 -2.000000 -2.296102
vertex 5.362164 -1.990370 -2.221082
endloop
endfacet
facet normal 0.044407 0.998793 -0.021002
outer loop
vertex 5.362164 -1.990370 -2.221082
vertex 5.543276 -2.000000 -2.296102
vertex 5.291528 -2.000000 -2.828380
endloop
endfacet
facet normal 0.044407 0.998793 -0.021003
outer loop
vertex 5.362164 -1.990370 -2.221082
vertex 5.291528 -2.000000 -2.828380
vertex 5.118640 -1.990370 -2.735970
endloop
endfacet
facet normal 0.042135 0.998793 -0.025255
outer loop
vertex 5.118640 -1.990370 -2.735970
vertex 5.291528 -2.000000 -2.828380
vertex 4.988816 -2.000000 -3.333422
endloop
endfacet
facet normal 0.042135 0.998793 -0.025255
outer loop
vertex 5.118640 -1.990370 -2.735970
vertex 4.988816 -2.000000 -3.333422
vertex 4.825820 -1.990370 -3.224512
endloop
endfacet
facet normal 0.039457 0.998793 -0.029263
outer loop
vertex 4.825820 -1.990370 -3.224512
vertex 4.988816 -2.000000 -3.333422
vertex 4.638062 -2.000000 -3.806360
endloop
endfacet
facet normal 0.039457 0.998793 -0.029263
outer loop
vertex 4.825820 -1.990370 -3.224512
vertex 4.638062 -2.000000 -3.806360
vertex 4.486526 -1.990370 -3.681998
endloop
endfacet
facet normal 0.036399 0.998793 -0.032990
outer loop
vertex 4.486526 -1.990370 -3.681998
vertex 4.638062 -2.000000 -3.806360
vertex 4.242640 -2.000000 -4.242642
endloop
endfacet
facet normal 0.036398 0.998793 -0.032989
outer loop
vertex 4.486526 -1.990370 -3.681998
vertex 4.242640 -2.000000 -4.242642
vertex 4.104022 -1.990370 -4.104024
endloop
endfacet
facet normal 0.032989 0.998793 -0.036398
outer loop
vertex 4.104022 -1.990370 -4.104024
vertex 4.242640 -2.000000 -4.242642
vertex 3.806358 -2.000000 -4.638064
endloop
endfacet
facet normal 0.032989 0.998793 -0.036398
outer loop
vertex 4.104022 -1.990370 -4.104024
vertex 3.806358 -2.000000 -4.638064
vertex 3.681996 -1.990370 -4.486526
endloop
endfacet
facet normal 0.029263 0.998793 -0.039457
outer loop
vertex 3.681996 -1.990370 -4.486526
vertex 3.806358 -2.000000 -4.638064
vertex 3.333422 -2.000000 -4.988818
endloop
endfacet
facet normal 0.029263 0.998793 -0.039455
outer loop
vertex 3.681996 -1.990370 -4.486526
vertex 3.333422 -2.000000 -4.988818
vertex 3.224510 -1.990370 -4.825820
endloop
endfacet
facet normal 0.025254 0.998793 -0.042134
outer loop
vertex 3.224510 -1.990370 -4.825820
vertex 3.333422 -2.000000 -4.988818
vertex 2.828378 -2.000000 -5.291528
endloop
endfacet
facet normal 0.025255 0.998793 -0.042135
outer loop
vertex 3.224510 -1.990370 -4.825820
vertex 2.828378 -2.000000 -5.291528
vertex 2.735970 -1.990370 -5.118642
endloop
endfacet
facet normal 0.021003 0.998793 -0.044409
outer loop
vertex 2.735970 -1.990370 -5.118642
vertex 2.828378 -2.000000 -5.291528
vertex 2.296100 -2.000000 -5.543278
endloop
endfacet
facet normal 0.021003 0.998793 -0.044407
outer loop
vertex 2.735970 -1.990370 -5.118642
vertex 2.296100 -2.000000 -5.543278
vertex 2.221082 -1.990370 -5.362164
endloop
endfacet
facet normal 0.016549 0.998793 -0.046251
outer loop
vertex 2.221082 -1.990370 -5.362164
vertex 2.296100 -2.000000 -5.543278
vertex 1.741706 -2.000000 -5.741642
endloop
endfacet
facet normal 0.016550 0.998793 -0.046252
outer loop
vertex 2.221082 -1.990370 -5.362164
vertex 1.741706 -2.000000 -5.741642
vertex 1.684800 -1.990370 -5.554050
endloop
endfacet
facet normal 0.011936 0.998793 -0.047652
outer loop
vertex 1.684800 -1.990370 -5.554050
vertex 1.741706 -2.000000 -5.741642
vertex 1.170542 -2.000000 -5.884712
endloop
endfacet
facet normal 0.011936 0.998793 -0.047651
outer loop
vertex 1.684800 -1.990370 -5.554050
vertex 1.170542 -2.000000 -5.884712
vertex 1.132296 -1.990370 -5.692444
endloop
endfacet
facet normal 0.007208 0.998793 -0.048593
outer loop
vertex 1.132296 -1.990370 -5.692444
vertex 1.170542 -2.000000 -5.884712
vertex 0.588100 -2.000000 -5.971108
endloop
endfacet
facet normal 0.007208 0.998793 -0.048591
outer loop
vertex 1.132296 -1.990370 -5.692444
vertex 0.588100 -2.000000 -5.971108
vertex 0.568886 -1.990370 -5.776018
endloop
endfacet
facet normal 0.002410 0.998793 -0.049065
outer loop
vertex 0.568886 -1.990370 -5.776018
vertex 0.588100 -2.000000 -5.971108
vertex 0.000000 -2.000000 -6.000000
endloop
endfacet
facet normal 0.002410 0.998793 -0.049065
outer loop
vertex 0.568886 -1.990370 -5.776018
vertex 0.000000 -2.000000 -6.000000
vertex 0.000000 -1.990370 -5.803966
endloop
endfacet
facet normal 0.000000 0.998796 -0.049064
outer loop
vertex 0.000000 -1.990370 -5.803966
vertex 0.000000 -2.000000 -6.000000
vertex -6.000000 -2.000000 -6.000000
endloop
endfacet
facet normal 0.000000 0.998796 -0.049064
outer loop
vertex 0.000000 -1.990370 -5.803966
vertex -6.000000 -2.000000 -6.000000
vertex -6.000000 -1.990370 -5.803966
endloop
endfacet
facet normal -0.941549 -0.336877 0.000000
outer loop
vertex 7.847760 0.765366 0.000000
vertex 7.913880 0.580568 0.000000
vertex 7.913882 0.580568 6.000000
endloop
endfacet
facet normal -0.941545 -0.336888 0.000000
outer loop
vertex 7.847760 0.765366 0.000000
vertex 7.913882 0.580568 6.000000
vertex 7.847760 0.765366 6.000000
endloop
endfacet
facet normal 0.146720 0.989152 -0.007208
outer loop
vertex 5.609818 -1.961572 0.000000
vertex 5.803966 -1.990370 0.000000
vertex 5.776018 -1.990370 -0.568890
endloop
endfacet
facet normal 0.146722 0.989151 -0.007208
outer loop
vertex 5.609818 -1.961572 0.000000
vertex 5.776018 -1.990370 -0.568890
vertex 5.582806 -1.961572 -0.549860
endloop
endfacet
facet normal 0.145309 0.989152 -0.021555
outer loop
vertex 5.582806 -1.961572 -0.549860
vertex 5.776018 -1.990370 -0.568890
vertex 5.692444 -1.990370 -1.132298
endloop
endfacet
facet normal 0.145309 0.989151 -0.021555
outer loop
vertex 5.582806 -1.961572 -0.549860
vertex 5.692444 -1.990370 -1.132298
vertex 5.502028 -1.961572 -1.094422
endloop
endfacet
facet normal 0.142497 0.989152 -0.035693
outer loop
vertex 5.502028 -1.961572 -1.094422
vertex 5.692444 -1.990370 -1.132298
vertex 5.554048 -1.990370 -1.684804
endloop
endfacet
facet normal 0.142497 0.989151 -0.035694
outer loop
vertex 5.502028 -1.961572 -1.094422
vertex 5.554048 -1.990370 -1.684804
vertex 5.368262 -1.961572 -1.628446
endloop
endfacet
facet normal 0.138312 0.989151 -0.049490
outer loop
vertex 5.368262 -1.961572 -1.628446
vertex 5.554048 -1.990370 -1.684804
vertex 5.362164 -1.990370 -2.221082
endloop
endfacet
facet normal 0.138312 0.989151 -0.049488
outer loop
vertex 5.368262 -1.961572 -1.628446
vertex 5.362164 -1.990370 -2.221082
vertex 5.182796 -1.961572 -2.146786
endloop
endfacet
facet normal 0.132795 0.989152 -0.062807
outer loop
vertex 5.182796 -1.961572 -2.146786
vertex 5.362164 -1.990370 -2.221082
vertex 5.118640 -1.990370 -2.735970
endloop
endfacet
facet normal 0.132796 0.989151 -0.062808
outer loop
vertex 5.182796 -1.961572 -2.146786
vertex 5.118640 -1.990370 -2.735970
vertex 4.947418 -1.961572 -2.644450
endloop
endfacet
facet normal 0.125999 0.989151 -0.075522
outer loop
vertex 4.947418 -1.961572 -2.644450
vertex 5.118640 -1.990370 -2.735970
vertex 4.825820 -1.990370 -3.224512
endloop
endfacet
facet normal 0.125999 0.989152 -0.075521
outer loop
vertex 4.947418 -1.961572 -2.644450
vertex 4.825820 -1.990370 -3.224512
vertex 4.664392 -1.961572 -3.116650
endloop
endfacet
facet normal 0.117990 0.989152 -0.087508
outer loop
vertex 4.664392 -1.961572 -3.116650
vertex 4.825820 -1.990370 -3.224512
vertex 4.486526 -1.990370 -3.681998
endloop
endfacet
facet normal 0.117991 0.989151 -0.087507
outer loop
vertex 4.664392 -1.961572 -3.116650
vertex 4.486526 -1.990370 -3.681998
vertex 4.336450 -1.961572 -3.558832
endloop
endfacet
facet normal 0.108845 0.989152 -0.098651
outer loop
vertex 4.336450 -1.961572 -3.558832
vertex 4.486526 -1.990370 -3.681998
vertex 4.104022 -1.990370 -4.104024
endloop
endfacet
facet normal 0.108856 0.989150 -0.098657
outer loop
vertex 4.336450 -1.961572 -3.558832
vertex 4.104022 -1.990370 -4.104024
vertex 3.966740 -1.961570 -3.966742
endloop
endfacet
facet normal 0.098658 0.989150 -0.108853
outer loop
vertex 3.966740 -1.961570 -3.966742
vertex 4.104022 -1.990370 -4.104024
vertex 3.681996 -1.990370 -4.486526
endloop
endfacet
facet normal 0.098658 0.989150 -0.108853
outer loop
vertex 3.966740 -1.961570 -3.966742
vertex 3.681996 -1.990370 -4.486526
vertex 3.558830 -1.961570 -4.336450
endloop
endfacet
facet normal 0.087514 0.989150 -0.117999
outer loop
vertex 3.558830 -1.961570 -4.336450
vertex 3.681996 -1.990370 -4.486526
vertex 3.224510 -1.990370 -4.825820
endloop
endfacet
facet normal 0.087514 0.989150 -0.117999
outer loop
vertex 3.558830 -1.961570 -4.336450
vertex 3.224510 -1.990370 -4.825820
vertex 3.116648 -1.961570 -4.664394
endloop
endfacet
facet normal 0.075527 0.989150 -0.126009
outer loop
vertex 3.116648 -1.961570 -4.664394
vertex 3.224510 -1.990370 -4.825820
vertex 2.735970 -1.990370 -5.118642
endloop
endfacet
facet normal 0.075527 0.989150 -0.126008
outer loop
vertex 3.116648 -1.961570 -4.664394
vertex 2.735970 -1.990370 -5.118642
vertex 2.644450 -1.961570 -4.947420
endloop
endfacet
facet normal 0.062811 0.989150 -0.132803
outer loop
vertex 2.644450 -1.961570 -4.947420
vertex 2.735970 -1.990370 -5.118642
vertex 2.221082 -1.990370 -5.362164
endloop
endfacet
facet normal 0.062813 0.989150 -0.132806
outer loop
vertex 2.644450 -1.961570 -4.947420
vertex 2.221082 -1.990370 -5.362164
vertex 2.146786 -1.961570 -5.182798
endloop
endfacet
facet normal 0.049493 0.989150 -0.138321
outer loop
vertex 2.146786 -1.961570 -5.182798
vertex 2.221082 -1.990370 -5.362164
vertex 1.684800 -1.990370 -5.554050
endloop
endfacet
facet normal 0.049491 0.989150 -0.138322
outer loop
vertex 2.146786 -1.961570 -5.182798
vertex 1.684800 -1.990370 -5.554050
vertex 1.628442 -1.961570 -5.368262
endloop
endfacet
facet normal 0.035695 0.989150 -0.142505
outer loop
vertex 1.628442 -1.961570 -5.368262
vertex 1.684800 -1.990370 -5.554050
vertex 1.132296 -1.990370 -5.692444
endloop
endfacet
facet normal 0.035696 0.989150 -0.142507
outer loop
vertex 1.628442 -1.961570 -5.368262
vertex 1.132296 -1.990370 -5.692444
vertex 1.094420 -1.961570 -5.502028
endloop
endfacet
facet normal 0.021556 0.989150 -0.145320
outer loop
vertex 1.094420 -1.961570 -5.502028
vertex 1.132296 -1.990370 -5.692444
vertex 0.568886 -1.990370 -5.776018
endloop
endfacet
facet normal 0.021557 0.989150 -0.145320
outer loop
vertex 1.094420 -1.961570 -5.502028
vertex 0.568886 -1.990370 -5.776018
vertex 0.549856 -1.961570 -5.582808
endloop
endfacet
facet normal 0.007209 0.989150 -0.146733
outer loop
vertex 0.549856 -1.961570 -5.582808
vertex 0.568886 -1.990370 -5.776018
vertex 0.000000 -1.990370 -5.803966
endloop
endfacet
facet normal 0.007208 0.989150 -0.146732
outer loop
vertex 0.549856 -1.961570 -5.582808
vertex 0.000000 -1.990370 -5.803966
vertex 0.000000 -1.961570 -5.609820
endloop
endfacet
facet normal 0.000000 -0.857730 -0.514100
outer loop
vertex 0.000000 1.763842 -5.057206
vertex 0.000000 1.662940 -4.888860
vertex -6.000000 1.662940 -4.888860
endloop
endfacet
facet normal 0.000000 -0.857730 -0.514100
outer loop
vertex 0.000000 1.763842 -5.057206
vertex -6.000000 1.662940 -4.888860
vertex -6.000000 1.763842 -5.057206
endloop
endfacet
facet normal 0.427551 -0.903992 0.000000
outer loop
vertex 5.057206 1.763842 0.000000
vertex 5.234634 1.847758 0.000000
vertex 5.234634 1.847758 6.000000
endloop
endfacet
facet normal 0.427556 -0.903989 -0.000000
outer loop
vertex 5.057206 1.763842 0.000000
vertex 5.234634 1.847758 6.000000
vertex 5.057208 1.763842 6.000000
endloop
endfacet
facet normal 0.242963 0.969962 -0.011935
outer loop
vertex 5.419430 -1.913882 0.000000
vertex 5.609818 -1.961572 0.000000
vertex 5.582806 -1.961572 -0.549860
endloop
endfacet
facet normal 0.242963 0.969962 -0.011936
outer loop
vertex 5.419430 -1.913882 0.000000
vertex 5.582806 -1.961572 -0.549860
vertex 5.393334 -1.913882 -0.531198
endloop
endfacet
facet normal 0.240624 0.969962 -0.035693
outer loop
vertex 5.393334 -1.913882 -0.531198
vertex 5.582806 -1.961572 -0.549860
vertex 5.502028 -1.961572 -1.094422
endloop
endfacet
facet normal 0.240623 0.969962 -0.035693
outer loop
vertex 5.393334 -1.913882 -0.531198
vertex 5.502028 -1.961572 -1.094422
vertex 5.315298 -1.913882 -1.057278
endloop
endfacet
facet normal 0.235966 0.969962 -0.059106
outer loop
vertex 5.315298 -1.913882 -1.057278
vertex 5.502028 -1.961572 -1.094422
vertex 5.368262 -1.961572 -1.628446
endloop
endfacet
facet normal 0.235968 0.969961 -0.059107
outer loop
vertex 5.315298 -1.913882 -1.057278
vertex 5.368262 -1.961572 -1.628446
vertex 5.186072 -1.913882 -1.573180
endloop
endfacet
facet normal 0.229039 0.969961 -0.081952
outer loop
vertex 5.186072 -1.913882 -1.573180
vertex 5.368262 -1.961572 -1.628446
vertex 5.182796 -1.961572 -2.146786
endloop
endfacet
facet normal 0.229037 0.969962 -0.081952
outer loop
vertex 5.186072 -1.913882 -1.573180
vertex 5.182796 -1.961572 -2.146786
vertex 5.006900 -1.913882 -2.073928
endloop
endfacet
facet normal 0.219902 0.969962 -0.104006
outer loop
vertex 5.006900 -1.913882 -2.073928
vertex 5.182796 -1.961572 -2.146786
vertex 4.947418 -1.961572 -2.644450
endloop
endfacet
facet normal 0.219901 0.969962 -0.104006
outer loop
vertex 5.006900 -1.913882 -2.073928
vertex 4.947418 -1.961572 -2.644450
vertex 4.779510 -1.913882 -2.554702
endloop
endfacet
facet normal 0.208647 0.969962 -0.125059
outer loop
vertex 4.779510 -1.913882 -2.554702
vertex 4.947418 -1.961572 -2.644450
vertex 4.664392 -1.961572 -3.116650
endloop
endfacet
facet normal 0.208649 0.969962 -0.125058
outer loop
vertex 4.779510 -1.913882 -2.554702
vertex 4.664392 -1.961572 -3.116650
vertex 4.506090 -1.913882 -3.010876
endloop
endfacet
facet normal 0.195386 0.969962 -0.144907
outer loop
vertex 4.506090 -1.913882 -3.010876
vertex 4.664392 -1.961572 -3.116650
vertex 4.336450 -1.961572 -3.558832
endloop
endfacet
facet normal 0.195384 0.969963 -0.144906
outer loop
vertex 4.506090 -1.913882 -3.010876
vertex 4.336450 -1.961572 -3.558832
vertex 4.189276 -1.913882 -3.438050
endloop
endfacet
facet normal 0.180242 0.969962 -0.163358
outer loop
vertex 4.189276 -1.913882 -3.438050
vertex 4.336450 -1.961572 -3.558832
vertex 3.966740 -1.961570 -3.966742
endloop
endfacet
facet normal 0.180234 0.969965 -0.163354
outer loop
vertex 4.189276 -1.913882 -3.438050
vertex 3.966740 -1.961570 -3.966742
vertex 3.832114 -1.913882 -3.832118
endloop
endfacet
facet normal 0.163355 0.969964 -0.180235
outer loop
vertex 3.832114 -1.913882 -3.832118
vertex 3.966740 -1.961570 -3.966742
vertex 3.558830 -1.961570 -4.336450
endloop
endfacet
facet normal 0.163355 0.969965 -0.180233
outer loop
vertex 3.832114 -1.913882 -3.832118
vertex 3.558830 -1.961570 -4.336450
vertex 3.438050 -1.913882 -4.189276
endloop
endfacet
facet normal 0.144901 0.969965 -0.195378
outer loop
vertex 3.438050 -1.913882 -4.189276
vertex 3.558830 -1.961570 -4.336450
vertex 3.116648 -1.961570 -4.664394
endloop
endfacet
facet normal 0.144903 0.969964 -0.195378
outer loop
vertex 3.438050 -1.913882 -4.189276
vertex 3.116648 -1.961570 -4.664394
vertex 3.010874 -1.913882 -4.506092
endloop
endfacet
facet normal 0.125055 0.969964 -0.208640
outer loop
vertex 3.010874 -1.913882 -4.506092
vertex 3.116648 -1.961570 -4.664394
vertex 2.644450 -1.961570 -4.947420
endloop
endfacet
facet normal 0.125053 0.969965 -0.208639
outer loop
vertex 3.010874 -1.913882 -4.506092
vertex 2.644450 -1.961570 -4.947420
vertex 2.554700 -1.913882 -4.779512
endloop
endfacet
facet normal 0.104001 0.969965 -0.219892
outer loop
vertex 2.554700 -1.913882 -4.779512
vertex 2.644450 -1.961570 -4.947420
vertex 2.146786 -1.961570 -5.182798
endloop
endfacet
facet normal 0.104009 0.969962 -0.219898
outer loop
vertex 2.554700 -1.913882 -4.779512
vertex 2.146786 -1.961570 -5.182798
vertex 2.073926 -1.913880 -5.006902
endloop
endfacet
facet normal 0.081950 0.969962 -0.229036
outer loop
vertex 2.073926 -1.913880 -5.006902
vertex 2.146786 -1.961570 -5.182798
vertex 1.628442 -1.961570 -5.368262
endloop
endfacet
facet normal 0.081951 0.969962 -0.229039
outer loop
vertex 2.073926 -1.913880 -5.006902
vertex 1.628442 -1.961570 -5.368262
vertex 1.573176 -1.913880 -5.186072
endloop
endfacet
facet normal 0.059107 0.969962 -0.235966
outer loop
vertex 1.573176 -1.913880 -5.186072
vertex 1.628442 -1.961570 -5.368262
vertex 1.094420 -1.961570 -5.502028
endloop
endfacet
facet normal 0.059107 0.969962 -0.235968
outer loop
vertex 1.573176 -1.913880 -5.186072
vertex 1.094420 -1.961570 -5.502028
vertex 1.057278 -1.913880 -5.315298
endloop
endfacet
facet normal 0.035694 0.969962 -0.240624
outer loop
vertex 1.057278 -1.913880 -5.315298
vertex 1.094420 -1.961570 -5.502028
vertex 0.549856 -1.961570 -5.582808
endloop
endfacet
facet normal 0.035692 0.969963 -0.240620
outer loop
vertex 1.057278 -1.913880 -5.315298
vertex 0.549856 -1.961570 -5.582808
vertex 0.531194 -1.913880 -5.393334
endloop
endfacet
facet normal 0.011935 0.969962 -0.242961
outer loop
vertex 0.531194 -1.913880 -5.393334
vertex 0.549856 -1.961570 -5.582808
vertex 0.000000 -1.961570 -5.609820
endloop
endfacet
facet normal 0.011936 0.969962 -0.242962
outer loop
vertex 0.531194 -1.913880 -5.393334
vertex 0.000000 -1.961570 -5.609820
vertex 0.000000 -1.913880 -5.419430
endloop
endfacet
facet normal 0.000000 -0.857730 0.514100
outer loop
vertex 0.000000 1.662940 -7.111140
vertex 0.000000 1.763842 -6.942794
vertex -6.000000 1.763842 -6.942794
endloop
endfacet
facet normal 0.000000 -0.857730 0.514100
outer loop
vertex 0.000000 1.662940 -7.111140
vertex -6.000000 1.763842 -6.942794
vertex -6.000000 1.662940 -7.111140
endloop
endfacet
facet normal 0.803204 -0.595705 0.000000
outer loop
vertex 4.337060 1.111140 0.000000
vertex 4.453980 1.268786 0.000000
vertex 4.453980 1.268786 6.000000
endloop
endfacet
facet normal 0.803207 -0.595701 -0.000000
outer loop
vertex 4.337060 1.111140 0.000000
vertex 4.453980 1.268786 6.000000
vertex 4.337062 1.111140 6.000000
endloop
endfacet
facet normal 0.336846 0.941414 -0.016548
outer loop
vertex 5.234632 -1.847760 0.000000
vertex 5.419430 -1.913882 0.000000
vertex 5.393334 -1.913882 -0.531198
endloop
endfacet
facet normal 0.336844 0.941415 -0.016548
outer loop
vertex 5.234632 -1.847760 0.000000
vertex 5.393334 -1.913882 -0.531198
vertex 5.209426 -1.847760 -0.513086
endloop
endfacet
facet normal 0.333603 0.941414 -0.049485
outer loop
vertex 5.209426 -1.847760 -0.513086
vertex 5.393334 -1.913882 -0.531198
vertex 5.315298 -1.913882 -1.057278
endloop
endfacet
facet normal 0.333598 0.941416 -0.049484
outer loop
vertex 5.209426 -1.847760 -0.513086
vertex 5.315298 -1.913882 -1.057278
vertex 5.134050 -1.847760 -1.021226
endloop
endfacet
facet normal 0.327142 0.941416 -0.081945
outer loop
vertex 5.134050 -1.847760 -1.021226
vertex 5.315298 -1.913882 -1.057278
vertex 5.186072 -1.913882 -1.573180
endloop
endfacet
facet normal 0.327147 0.941414 -0.081945
outer loop
vertex 5.134050 -1.847760 -1.021226
vertex 5.186072 -1.913882 -1.573180
vertex 5.009232 -1.847760 -1.519536
endloop
endfacet
facet normal 0.317537 0.941415 -0.113617
outer loop
vertex 5.009232 -1.847760 -1.519536
vertex 5.186072 -1.913882 -1.573180
vertex 5.006900 -1.913882 -2.073928
endloop
endfacet
facet normal 0.317537 0.941414 -0.113618
outer loop
vertex 5.009232 -1.847760 -1.519536
vertex 5.006900 -1.913882 -2.073928
vertex 4.836170 -1.847760 -2.003208
endloop
endfacet
facet normal 0.304875 0.941413 -0.144195
outer loop
vertex 4.836170 -1.847760 -2.003208
vertex 5.006900 -1.913882 -2.073928
vertex 4.779510 -1.913882 -2.554702
endloop
endfacet
facet normal 0.304872 0.941415 -0.144194
outer loop
vertex 4.836170 -1.847760 -2.003208
vertex 4.779510 -1.913882 -2.554702
vertex 4.616534 -1.847760 -2.467588
endloop
endfacet
facet normal 0.289272 0.941414 -0.173384
outer loop
vertex 4.616534 -1.847760 -2.467588
vertex 4.779510 -1.913882 -2.554702
vertex 4.506090 -1.913882 -3.010876
endloop
endfacet
facet normal 0.289272 0.941414 -0.173382
outer loop
vertex 4.616534 -1.847760 -2.467588
vertex 4.506090 -1.913882 -3.010876
vertex 4.352438 -1.847760 -2.908208
endloop
endfacet
facet normal 0.270884 0.941414 -0.200902
outer loop
vertex 4.352438 -1.847760 -2.908208
vertex 4.506090 -1.913882 -3.010876
vertex 4.189276 -1.913882 -3.438050
endloop
endfacet
facet normal 0.270884 0.941414 -0.200902
outer loop
vertex 4.352438 -1.847760 -2.908208
vertex 4.189276 -1.913882 -3.438050
vertex 4.046426 -1.847760 -3.320816
endloop
endfacet
facet normal 0.249888 0.941414 -0.226485
outer loop
vertex 4.046426 -1.847760 -3.320816
vertex 4.189276 -1.913882 -3.438050
vertex 3.832114 -1.913882 -3.832118
endloop
endfacet
facet normal 0.249886 0.941415 -0.226483
outer loop
vertex 4.046426 -1.847760 -3.320816
vertex 3.832114 -1.913882 -3.832118
vertex 3.701442 -1.847760 -3.701446
endloop
endfacet
facet normal 0.226484 0.941415 -0.249888
outer loop
vertex 3.701442 -1.847760 -3.701446
vertex 3.832114 -1.913882 -3.832118
vertex 3.438050 -1.913882 -4.189276
endloop
endfacet
facet normal 0.226485 0.941414 -0.249887
outer loop
vertex 3.701442 -1.847760 -3.701446
vertex 3.438050 -1.913882 -4.189276
vertex 3.320816 -1.847760 -4.046426
endloop
endfacet
facet normal 0.200900 0.941414 -0.270884
outer loop
vertex 3.320816 -1.847760 -4.046426
vertex 3.438050 -1.913882 -4.189276
vertex 3.010874 -1.913882 -4.506092
endloop
endfacet
facet normal 0.200901 0.941415 -0.270883
outer loop
vertex 3.320816 -1.847760 -4.046426
vertex 3.010874 -1.913882 -4.506092
vertex 2.908206 -1.847760 -4.352438
endloop
endfacet
facet normal 0.173382 0.941415 -0.289270
outer loop
vertex 2.908206 -1.847760 -4.352438
vertex 3.010874 -1.913882 -4.506092
vertex 2.554700 -1.913882 -4.779512
endloop
endfacet
facet normal 0.173382 0.941415 -0.289270
outer loop
vertex 2.908206 -1.847760 -4.352438
vertex 2.554700 -1.913882 -4.779512
vertex 2.467588 -1.847760 -4.616534
endloop
endfacet
facet normal 0.144197 0.941414 -0.304870
outer loop
vertex 2.467588 -1.847760 -4.616534
vertex 2.554700 -1.913882 -4.779512
vertex 2.073926 -1.913880 -5.006902
endloop
endfacet
facet normal 0.144190 0.941418 -0.304864
outer loop
vertex 2.467588 -1.847760 -4.616534
vertex 2.073926 -1.913880 -5.006902
vertex 2.003208 -1.847760 -4.836170
endloop
endfacet
facet normal 0.113612 0.941419 -0.317526
outer loop
vertex 2.003208 -1.847760 -4.836170
vertex 2.073926 -1.913880 -5.006902
vertex 1.573176 -1.913880 -5.186072
endloop
endfacet
facet normal 0.113614 0.941417 -0.317530
outer loop
vertex 2.003208 -1.847760 -4.836170
vertex 1.573176 -1.913880 -5.186072
vertex 1.519532 -1.847760 -5.009232
endloop
endfacet
facet normal 0.081943 0.941418 -0.327136
outer loop
vertex 1.519532 -1.847760 -5.009232
vertex 1.573176 -1.913880 -5.186072
vertex 1.057278 -1.913880 -5.315298
endloop
endfacet
facet normal 0.081945 0.941417 -0.327138
outer loop
vertex 1.519532 -1.847760 -5.009232
vertex 1.057278 -1.913880 -5.315298
vertex 1.021226 -1.847760 -5.134052
endloop
endfacet
facet normal 0.049483 0.941418 -0.333593
outer loop
vertex 1.021226 -1.847760 -5.134052
vertex 1.057278 -1.913880 -5.315298
vertex 0.531194 -1.913880 -5.393334
endloop
endfacet
facet normal 0.049483 0.941418 -0.333593
outer loop
vertex 1.021226 -1.847760 -5.134052
vertex 0.531194 -1.913880 -5.393334
vertex 0.513082 -1.847760 -5.209426
endloop
endfacet
facet normal 0.016547 0.941418 -0.336836
outer loop
vertex 0.513082 -1.847760 -5.209426
vertex 0.531194 -1.913880 -5.393334
vertex 0.000000 -1.913880 -5.419430
endloop
endfacet
facet normal 0.016548 0.941418 -0.336837
outer loop
vertex 0.513082 -1.847760 -5.209426
vertex 0.000000 -1.913880 -5.419430
vertex 0.000000 -1.847760 -5.234632
endloop
endfacet
facet normal 0.000000 0.998796 0.049064
outer loop
vertex 0.000000 -2.000000 -6.000000
vertex 0.000000 -1.990370 -6.196034
vertex -6.000000 -1.990370 -6.196034
endloop
endfacet
facet normal 0.000000 0.998796 0.049064
outer loop
vertex 0.000000 -2.000000 -6.000000
vertex -6.000000 -1.990370 -6.196034
vertex -6.000000 -2.000000 -6.000000
endloop
endfacet
facet normal 0.989175 -0.146738 0.000000
outer loop
vertex 4.009630 0.196034 0.000000
vertex 4.038430 0.390180 0.000000
vertex 4.038430 0.390180 6.000000
endloop
endfacet
facet normal 0.989177 -0.146725 -0.000000
outer loop
vertex 4.009630 0.196034 0.000000
vertex 4.038430 0.390180 6.000000
vertex 4.009632 0.196034 6.000000
endloop
endfacet
facet normal 0.427461 0.903790 -0.021000
outer loop
vertex 5.057206 -1.763844 0.000000
vertex 5.234632 -1.847760 0.000000
vertex 5.209426 -1.847760 -0.513086
endloop
endfacet
facet normal 0.427460 0.903790 -0.021000
outer loop
vertex 5.057206 -1.763844 0.000000
vertex 5.209426 -1.847760 -0.513086
vertex 5.032854 -1.763844 -0.495694
endloop
endfacet
facet normal 0.423343 0.903790 -0.062797
outer loop
vertex 5.032854 -1.763844 -0.495694
vertex 5.209426 -1.847760 -0.513086
vertex 5.134050 -1.847760 -1.021226
endloop
endfacet
facet normal 0.423343 0.903791 -0.062797
outer loop
vertex 5.032854 -1.763844 -0.495694
vertex 5.134050 -1.847760 -1.021226
vertex 4.960034 -1.763844 -0.986612
endloop
endfacet
facet normal 0.415151 0.903790 -0.103988
outer loop
vertex 4.960034 -1.763844 -0.986612
vertex 5.134050 -1.847760 -1.021226
vertex 5.009232 -1.847760 -1.519536
endloop
endfacet
facet normal 0.415147 0.903792 -0.103990
outer loop
vertex 4.960034 -1.763844 -0.986612
vertex 5.009232 -1.847760 -1.519536
vertex 4.839444 -1.763844 -1.468032
endloop
endfacet
facet normal 0.402955 0.903792 -0.144180
outer loop
vertex 4.839444 -1.763844 -1.468032
vertex 5.009232 -1.847760 -1.519536
vertex 4.836170 -1.847760 -2.003208
endloop
endfacet
facet normal 0.402957 0.903791 -0.144180
outer loop
vertex 4.839444 -1.763844 -1.468032
vertex 4.836170 -1.847760 -2.003208
vertex 4.672250 -1.763844 -1.935310
endloop
endfacet
facet normal 0.386885 0.903790 -0.182984
outer loop
vertex 4.672250 -1.763844 -1.935310
vertex 4.836170 -1.847760 -2.003208
vertex 4.616534 -1.847760 -2.467588
endloop
endfacet
facet normal 0.386884 0.903791 -0.182983
outer loop
vertex 4.672250 -1.763844 -1.935310
vertex 4.616534 -1.847760 -2.467588
vertex 4.460058 -1.763844 -2.383950
endloop
endfacet
facet normal 0.367087 0.903790 -0.220023
outer loop
vertex 4.460058 -1.763844 -2.383950
vertex 4.616534 -1.847760 -2.467588
vertex 4.352438 -1.847760 -2.908208
endloop
endfacet
facet normal 0.367082 0.903793 -0.220021
outer loop
vertex 4.460058 -1.763844 -2.383950
vertex 4.352438 -1.847760 -2.908208
vertex 4.204912 -1.763844 -2.809634
endloop
endfacet
facet normal 0.343750 0.903792 -0.254942
outer loop
vertex 4.204912 -1.763844 -2.809634
vertex 4.352438 -1.847760 -2.908208
vertex 4.046426 -1.847760 -3.320816
endloop
endfacet
facet normal 0.343762 0.903786 -0.254946
outer loop
vertex 4.204912 -1.763844 -2.809634
vertex 4.046426 -1.847760 -3.320816
vertex 3.909274 -1.763842 -3.208258
endloop
endfacet
facet normal 0.317115 0.903786 -0.287417
outer loop
vertex 3.909274 -1.763842 -3.208258
vertex 4.046426 -1.847760 -3.320816
vertex 3.701442 -1.847760 -3.701446
endloop
endfacet
facet normal 0.317115 0.903786 -0.287417
outer loop
vertex 3.909274 -1.763842 -3.208258
vertex 3.701442 -1.847760 -3.701446
vertex 3.575984 -1.763842 -3.575986
endloop
endfacet
facet normal 0.287416 0.903787 -0.317115
outer loop
vertex 3.575984 -1.763842 -3.575986
vertex 3.701442 -1.847760 -3.701446
vertex 3.320816 -1.847760 -4.046426
endloop
endfacet
facet normal 0.287416 0.903787 -0.317114
outer loop
vertex 3.575984 -1.763842 -3.575986
vertex 3.320816 -1.847760 -4.046426
vertex 3.208258 -1.763842 -3.909274
endloop
endfacet
facet normal 0.254949 0.903787 -0.343759
outer loop
vertex 3.208258 -1.763842 -3.909274
vertex 3.320816 -1.847760 -4.046426
vertex 2.908206 -1.847760 -4.352438
endloop
endfacet
facet normal 0.254951 0.903785 -0.343762
outer loop
vertex 3.208258 -1.763842 -3.909274
vertex 2.908206 -1.847760 -4.352438
vertex 2.809634 -1.763842 -4.204914
endloop
endfacet
facet normal 0.220027 0.903787 -0.367094
outer loop
vertex 2.809634 -1.763842 -4.204914
vertex 2.908206 -1.847760 -4.352438
vertex 2.467588 -1.847760 -4.616534
endloop
endfacet
facet normal 0.220027 0.903787 -0.367093
outer loop
vertex 2.809634 -1.763842 -4.204914
vertex 2.467588 -1.847760 -4.616534
vertex 2.383950 -1.763842 -4.460058
endloop
endfacet
facet normal 0.182987 0.903786 -0.386893
outer loop
vertex 2.383950 -1.763842 -4.460058
vertex 2.467588 -1.847760 -4.616534
vertex 2.003208 -1.847760 -4.836170
endloop
endfacet
facet normal 0.182987 0.903786 -0.386892
outer loop
vertex 2.383950 -1.763842 -4.460058
vertex 2.003208 -1.847760 -4.836170
vertex 1.935310 -1.763842 -4.672250
endloop
endfacet
facet normal 0.144183 0.903787 -0.402965
outer loop
vertex 1.935310 -1.763842 -4.672250
vertex 2.003208 -1.847760 -4.836170
vertex 1.519532 -1.847760 -5.009232
endloop
endfacet
facet normal 0.144183 0.903787 -0.402965
outer loop
vertex 1.935310 -1.763842 -4.672250
vertex 1.519532 -1.847760 -5.009232
vertex 1.468028 -1.763842 -4.839446
endloop
endfacet
facet normal 0.103991 0.903787 -0.415158
outer loop
vertex 1.468028 -1.763842 -4.839446
vertex 1.519532 -1.847760 -5.009232
vertex 1.021226 -1.847760 -5.134052
endloop
endfacet
facet normal 0.103991 0.903787 -0.415156
outer loop
vertex 1.468028 -1.763842 -4.839446
vertex 1.021226 -1.847760 -5.134052
vertex 0.986612 -1.763842 -4.960034
endloop
endfacet
facet normal 0.062797 0.903787 -0.423351
outer loop
vertex 0.986612 -1.763842 -4.960034
vertex 1.021226 -1.847760 -5.134052
vertex 0.513082 -1.847760 -5.209426
endloop
endfacet
facet normal 0.062799 0.903785 -0.423353
outer loop
vertex 0.986612 -1.763842 -4.960034
vertex 0.513082 -1.847760 -5.209426
vertex 0.495692 -1.763842 -5.032856
endloop
endfacet
facet normal 0.021001 0.903785 -0.427472
outer loop
vertex 0.495692 -1.763842 -5.032856
vertex 0.513082 -1.847760 -5.209426
vertex 0.000000 -1.847760 -5.234632
endloop
endfacet
facet normal 0.020998 0.903787 -0.427467
outer loop
vertex 0.495692 -1.763842 -5.032856
vertex 0.000000 -1.847760 -5.234632
vertex 0.000000 -1.763842 -5.057206
endloop
endfacet
facet normal 0.000000 -0.803203 -0.595705
outer loop
vertex 0.000000 1.662940 -4.888860
vertex 0.000000 1.546020 -4.731214
vertex -6.000000 1.546020 -4.731214
endloop
endfacet
facet normal 0.000000 -0.803204 -0.595704
outer loop
vertex 0.000000 1.662940 -4.888860
vertex -6.000000 1.546020 -4.731214
vertex -6.000000 1.662940 -4.888860
endloop
endfacet
facet normal 0.941548 0.336880 0.000000
outer loop
vertex 4.152240 -0.765368 0.000000
vertex 4.086120 -0.580570 0.000000
vertex 4.086120 -0.580570 6.000000
endloop
endfacet
facet normal 0.941547 0.336882 0.000000
outer loop
vertex 4.152240 -0.765368 0.000000
vertex 4.086120 -0.580570 6.000000
vertex 4.152240 -0.765368 6.000000
endloop
endfacet
facet normal 0.513944 0.857452 -0.025248
outer loop
vertex 4.888860 -1.662940 0.000000
vertex 5.057206 -1.763844 0.000000
vertex 5.032854 -1.763844 -0.495694
endloop
endfacet
facet normal 0.513939 0.857455 -0.025250
outer loop
vertex 4.888860 -1.662940 0.000000
vertex 5.032854 -1.763844 -0.495694
vertex 4.865318 -1.662940 -0.479194
endloop
endfacet
facet normal 0.508995 0.857452 -0.075502
outer loop
vertex 4.865318 -1.662940 -0.479194
vertex 5.032854 -1.763844 -0.495694
vertex 4.960034 -1.763844 -0.986612
endloop
endfacet
facet normal 0.508987 0.857456 -0.075503
outer loop
vertex 4.865318 -1.662940 -0.479194
vertex 4.960034 -1.763844 -0.986612
vertex 4.794920 -1.662940 -0.953770
endloop
endfacet
facet normal 0.499136 0.857456 -0.125027
outer loop
vertex 4.794920 -1.662940 -0.953770
vertex 4.960034 -1.763844 -0.986612
vertex 4.839444 -1.763844 -1.468032
endloop
endfacet
facet normal 0.499141 0.857453 -0.125028
outer loop
vertex 4.794920 -1.662940 -0.953770
vertex 4.839444 -1.763844 -1.468032
vertex 4.678346 -1.662940 -1.419162
endloop
endfacet
facet normal 0.484481 0.857455 -0.173349
outer loop
vertex 4.678346 -1.662940 -1.419162
vertex 4.839444 -1.763844 -1.468032
vertex 4.672250 -1.763844 -1.935310
endloop
endfacet
facet normal 0.484479 0.857455 -0.173350
outer loop
vertex 4.678346 -1.662940 -1.419162
vertex 4.672250 -1.763844 -1.935310
vertex 4.516716 -1.662940 -1.870886
endloop
endfacet
facet normal 0.465155 0.857456 -0.220002
outer loop
vertex 4.516716 -1.662940 -1.870886
vertex 4.672250 -1.763844 -1.935310
vertex 4.460058 -1.763844 -2.383950
endloop
endfacet
facet normal 0.465160 0.857453 -0.220002
outer loop
vertex 4.516716 -1.662940 -1.870886
vertex 4.460058 -1.763844 -2.383950
vertex 4.311590 -1.662940 -2.304592
endloop
endfacet
facet normal 0.441354 0.857453 -0.264538
outer loop
vertex 4.311590 -1.662940 -2.304592
vertex 4.460058 -1.763844 -2.383950
vertex 4.204912 -1.763844 -2.809634
endloop
endfacet
facet normal 0.441356 0.857452 -0.264539
outer loop
vertex 4.311590 -1.662940 -2.304592
vertex 4.204912 -1.763844 -2.809634
vertex 4.064938 -1.662940 -2.716106
endloop
endfacet
facet normal 0.413305 0.857452 -0.306521
outer loop
vertex 4.064938 -1.662940 -2.716106
vertex 4.204912 -1.763844 -2.809634
vertex 3.909274 -1.763842 -3.208258
endloop
endfacet
facet normal 0.413294 0.857458 -0.306520
outer loop
vertex 4.064938 -1.662940 -2.716106
vertex 3.909274 -1.763842 -3.208258
vertex 3.779140 -1.662940 -3.101460
endloop
endfacet
facet normal 0.381258 0.857458 -0.345553
outer loop
vertex 3.779140 -1.662940 -3.101460
vertex 3.909274 -1.763842 -3.208258
vertex 3.575984 -1.763842 -3.575986
endloop
endfacet
facet normal 0.381260 0.857457 -0.345554
outer loop
vertex 3.779140 -1.662940 -3.101460
vertex 3.575984 -1.763842 -3.575986
vertex 3.456944 -1.662940 -3.456948
endloop
endfacet
facet normal 0.345555 0.857457 -0.381260
outer loop
vertex 3.456944 -1.662940 -3.456948
vertex 3.575984 -1.763842 -3.575986
vertex 3.208258 -1.763842 -3.909274
endloop
endfacet
facet normal 0.345553 0.857458 -0.381259
outer loop
vertex 3.456944 -1.662940 -3.456948
vertex 3.208258 -1.763842 -3.909274
vertex 3.101460 -1.662940 -3.779140
endloop
endfacet
facet normal 0.306519 0.857459 -0.413292
outer loop
vertex 3.101460 -1.662940 -3.779140
vertex 3.208258 -1.763842 -3.909274
vertex 2.809634 -1.763842 -4.204914
endloop
endfacet
facet normal 0.306519 0.857458 -0.413294
outer loop
vertex 3.101460 -1.662940 -3.779140
vertex 2.809634 -1.763842 -4.204914
vertex 2.716106 -1.662940 -4.064938
endloop
endfacet
facet normal 0.264532 0.857459 -0.441348
outer loop
vertex 2.716106 -1.662940 -4.064938
vertex 2.809634 -1.763842 -4.204914
vertex 2.383950 -1.763842 -4.460058
endloop
endfacet
facet normal 0.264535 0.857457 -0.441348
outer loop
vertex 2.716106 -1.662940 -4.064938
vertex 2.383950 -1.763842 -4.460058
vertex 2.304592 -1.662940 -4.311590
endloop
endfacet
facet normal 0.220001 0.857457 -0.465152
outer loop
vertex 2.304592 -1.662940 -4.311590
vertex 2.383950 -1.763842 -4.460058
vertex 1.935310 -1.763842 -4.672250
endloop
endfacet
facet normal 0.220001 0.857457 -0.465152
outer loop
vertex 2.304592 -1.662940 -4.311590
vertex 1.935310 -1.763842 -4.672250
vertex 1.870886 -1.662940 -4.516718
endloop
endfacet
facet normal 0.173348 0.857458 -0.484475
outer loop
vertex 1.870886 -1.662940 -4.516718
vertex 1.935310 -1.763842 -4.672250
vertex 1.468028 -1.763842 -4.839446
endloop
endfacet
facet normal 0.173347 0.857458 -0.484476
outer loop
vertex 1.870886 -1.662940 -4.516718
vertex 1.468028 -1.763842 -4.839446
vertex 1.419160 -1.662940 -4.678348
endloop
endfacet
facet normal 0.125026 0.857459 -0.499132
outer loop
vertex 1.419160 -1.662940 -4.678348
vertex 1.468028 -1.763842 -4.839446
vertex 0.986612 -1.763842 -4.960034
endloop
endfacet
facet normal 0.125025 0.857458 -0.499134
outer loop
vertex 1.419160 -1.662940 -4.678348
vertex 0.986612 -1.763842 -4.960034
vertex 0.953768 -1.662940 -4.794922
endloop
endfacet
facet normal 0.075502 0.857459 -0.508983
outer loop
vertex 0.953768 -1.662940 -4.794922
vertex 0.986612 -1.763842 -4.960034
vertex 0.495692 -1.763842 -5.032856
endloop
endfacet
facet normal 0.075499 0.857460 -0.508981
outer loop
vertex 0.953768 -1.662940 -4.794922
vertex 0.495692 -1.763842 -5.032856
vertex 0.479190 -1.662940 -4.865318
endloop
endfacet
facet normal 0.025245 0.857461 -0.513930
outer loop
vertex 0.479190 -1.662940 -4.865318
vertex 0.495692 -1.763842 -5.032856
vertex 0.000000 -1.763842 -5.057206
endloop
endfacet
facet normal 0.025250 0.857456 -0.513937
outer loop
vertex 0.479190 -1.662940 -4.865318
vertex 0.000000 -1.763842 -5.057206
vertex 0.000000 -1.662940 -4.888860
endloop
endfacet
facet normal 0.000000 -0.903986 0.427562
outer loop
vertex 0.000000 1.763842 -6.942794
vertex 0.000000 1.847760 -6.765368
vertex -6.000000 1.847760 -6.765368
endloop
endfacet
facet normal 0.000000 -0.903986 0.427562
outer loop
vertex 0.000000 1.763842 -6.942794
vertex -6.000000 1.847760 -6.765368
vertex -6.000000 1.763842 -6.942794
endloop
endfacet
facet normal 0.242982 0.970031 0.000000
outer loop
vertex 5.609818 -1.961572 0.000000
vertex 5.419430 -1.913882 0.000000
vertex 5.419430 -1.913882 6.000000
endloop
endfacet
facet normal 0.242979 0.970032 -0.000000
outer loop
vertex 5.609818 -1.961572 0.000000
vertex 5.419430 -1.913882 6.000000
vertex 5.609820 -1.961572 6.000000
endloop
endfacet
facet normal 0.595444 0.802864 -0.029254
outer loop
vertex 4.731214 -1.546022 0.000000
vertex 4.888860 -1.662940 0.000000
vertex 4.865318 -1.662940 -0.479194
endloop
endfacet
facet normal 0.595440 0.802867 -0.029255
outer loop
vertex 4.731214 -1.546022 0.000000
vertex 4.865318 -1.662940 -0.479194
vertex 4.708430 -1.546022 -0.463742
endloop
endfacet
facet normal 0.589705 0.802868 -0.087476
outer loop
vertex 4.708430 -1.546022 -0.463742
vertex 4.865318 -1.662940 -0.479194
vertex 4.794920 -1.662940 -0.953770
endloop
endfacet
facet normal 0.589712 0.802862 -0.087474
outer loop
vertex 4.708430 -1.546022 -0.463742
vertex 4.794920 -1.662940 -0.953770
vertex 4.640304 -1.546022 -0.923014
endloop
endfacet
facet normal 0.578297 0.802864 -0.144855
outer loop
vertex 4.640304 -1.546022 -0.923014
vertex 4.794920 -1.662940 -0.953770
vertex 4.678346 -1.662940 -1.419162
endloop
endfacet
facet normal 0.578294 0.802866 -0.144855
outer loop
vertex 4.640304 -1.546022 -0.923014
vertex 4.678346 -1.662940 -1.419162
vertex 4.527488 -1.546022 -1.373400
endloop
endfacet
facet normal 0.561313 0.802864 -0.200842
outer loop
vertex 4.527488 -1.546022 -1.373400
vertex 4.678346 -1.662940 -1.419162
vertex 4.516716 -1.662940 -1.870886
endloop
endfacet
facet normal 0.561310 0.802867 -0.200840
outer loop
vertex 4.527488 -1.546022 -1.373400
vertex 4.516716 -1.662940 -1.870886
vertex 4.371070 -1.546022 -1.810558
endloop
endfacet
facet normal 0.538926 0.802864 -0.254891
outer loop
vertex 4.371070 -1.546022 -1.810558
vertex 4.516716 -1.662940 -1.870886
vertex 4.311590 -1.662940 -2.304592
endloop
endfacet
facet normal 0.538921 0.802867 -0.254889
outer loop
vertex 4.371070 -1.546022 -1.810558
vertex 4.311590 -1.662940 -2.304592
vertex 4.172558 -1.546022 -2.230278
endloop
endfacet
facet normal 0.511342 0.802867 -0.306487
outer loop
vertex 4.172558 -1.546022 -2.230278
vertex 4.311590 -1.662940 -2.304592
vertex 4.064938 -1.662940 -2.716106
endloop
endfacet
facet normal 0.511346 0.802864 -0.306488
outer loop
vertex 4.172558 -1.546022 -2.230278
vertex 4.064938 -1.662940 -2.716106
vertex 3.933860 -1.546022 -2.628522
endloop
endfacet
facet normal 0.478841 0.802865 -0.355133
outer loop
vertex 3.933860 -1.546022 -2.628522
vertex 4.064938 -1.662940 -2.716106
vertex 3.779140 -1.662940 -3.101460
endloop
endfacet
facet normal 0.478841 0.802865 -0.355132
outer loop
vertex 3.933860 -1.546022 -2.628522
vertex 3.779140 -1.662940 -3.101460
vertex 3.657278 -1.546022 -3.001450
endloop
endfacet
facet normal 0.441726 0.802864 -0.400359
outer loop
vertex 3.657278 -1.546022 -3.001450
vertex 3.779140 -1.662940 -3.101460
vertex 3.456944 -1.662940 -3.456948
endloop
endfacet
facet normal 0.441726 0.802865 -0.400357
outer loop
vertex 3.657278 -1.546022 -3.001450
vertex 3.456944 -1.662940 -3.456948
vertex 3.345472 -1.546022 -3.345474
endloop
endfacet
facet normal 0.400356 0.802866 -0.441726
outer loop
vertex 3.345472 -1.546022 -3.345474
vertex 3.456944 -1.662940 -3.456948
vertex 3.101460 -1.662940 -3.779140
endloop
endfacet
facet normal 0.400359 0.802864 -0.441726
outer loop
vertex 3.345472 -1.546022 -3.345474
vertex 3.101460 -1.662940 -3.779140
vertex 3.001450 -1.546022 -3.657278
endloop
endfacet
facet normal 0.355133 0.802864 -0.478842
outer loop
vertex 3.001450 -1.546022 -3.657278
vertex 3.101460 -1.662940 -3.779140
vertex 2.716106 -1.662940 -4.064938
endloop
endfacet
facet normal 0.355132 0.802866 -0.478840
outer loop
vertex 3.001450 -1.546022 -3.657278
vertex 2.716106 -1.662940 -4.064938
vertex 2.628522 -1.546022 -3.933860
endloop
endfacet
facet normal 0.306487 0.802864 -0.511345
outer loop
vertex 2.628522 -1.546022 -3.933860
vertex 2.716106 -1.662940 -4.064938
vertex 2.304592 -1.662940 -4.311590
endloop
endfacet
facet normal 0.306487 0.802867 -0.511342
outer loop
vertex 2.628522 -1.546022 -3.933860
vertex 2.304592 -1.662940 -4.311590
vertex 2.230278 -1.546022 -4.172558
endloop
endfacet
facet normal 0.254891 0.802866 -0.538922
outer loop
vertex 2.230278 -1.546022 -4.172558
vertex 2.304592 -1.662940 -4.311590
vertex 1.870886 -1.662940 -4.516718
endloop
endfacet
facet normal 0.254894 0.802865 -0.538922
outer loop
vertex 2.230278 -1.546022 -4.172558
vertex 1.870886 -1.662940 -4.516718
vertex 1.810558 -1.546022 -4.371072
endloop
endfacet
facet normal 0.200840 0.802864 -0.561313
outer loop
vertex 1.810558 -1.546022 -4.371072
vertex 1.870886 -1.662940 -4.516718
vertex 1.419160 -1.662940 -4.678348
endloop
endfacet
facet normal 0.200841 0.802865 -0.561311
outer loop
vertex 1.810558 -1.546022 -4.371072
vertex 1.419160 -1.662940 -4.678348
vertex 1.373398 -1.546022 -4.527490
endloop
endfacet
facet normal 0.144854 0.802864 -0.578297
outer loop
vertex 1.373398 -1.546022 -4.527490
vertex 1.419160 -1.662940 -4.678348
vertex 0.953768 -1.662940 -4.794922
endloop
endfacet
facet normal 0.144858 0.802861 -0.578299
outer loop
vertex 1.373398 -1.546022 -4.527490
vertex 0.953768 -1.662940 -4.794922
vertex 0.923014 -1.546020 -4.640304
endloop
endfacet
facet normal 0.087474 0.802861 -0.589714
outer loop
vertex 0.923014 -1.546020 -4.640304
vertex 0.953768 -1.662940 -4.794922
vertex 0.479190 -1.662940 -4.865318
endloop
endfacet
facet normal 0.087477 0.802858 -0.589718
outer loop
vertex 0.923014 -1.546020 -4.640304
vertex 0.479190 -1.662940 -4.865318
vertex 0.463738 -1.546020 -4.708432
endloop
endfacet
facet normal 0.029255 0.802858 -0.595453
outer loop
vertex 0.463738 -1.546020 -4.708432
vertex 0.479190 -1.662940 -4.865318
vertex 0.000000 -1.662940 -4.888860
endloop
endfacet
facet normal 0.029252 0.802859 -0.595450
outer loop
vertex 0.463738 -1.546020 -4.708432
vertex 0.000000 -1.662940 -4.888860
vertex 0.000000 -1.546020 -4.731214
endloop
endfacet
facet normal 0.000000 0.989176 0.146735
outer loop
vertex 0.000000 -1.990370 -6.196034
vertex 0.000000 -1.961570 -6.390180
vertex -6.000000 -1.961570 -6.390180
endloop
endfacet
facet normal 0.000000 0.989175 0.146738
outer loop
vertex 0.000000 -1.990370 -6.196034
vertex -6.000000 -1.961570 -6.390180
vertex -6.000000 -1.990370 -6.196034
endloop
endfacet
facet normal 0.671559 0.740951 0.000000
outer loop
vertex 4.731214 -1.546022 0.000000
vertex 4.585786 -1.414214 0.000000
vertex 4.585786 -1.414214 6.000000
endloop
endfacet
facet normal 0.671558 0.740952 0.000000
outer loop
vertex 4.731214 -1.546022 0.000000
vertex 4.585786 -1.414214 6.000000
vertex 4.731214 -1.546022 6.000000
endloop
endfacet
facet normal 0.671194 0.740548 -0.032977
outer loop
vertex 4.585786 -1.414214 0.000000
vertex 4.731214 -1.546022 0.000000
vertex 4.708430 -1.546022 -0.463742
endloop
endfacet
facet normal 0.671199 0.740543 -0.032974
outer loop
vertex 4.585786 -1.414214 0.000000
vertex 4.708430 -1.546022 -0.463742
vertex 4.563704 -1.414214 -0.449486
endloop
endfacet
facet normal 0.664734 0.740544 -0.098603
outer loop
vertex 4.563704 -1.414214 -0.449486
vertex 4.708430 -1.546022 -0.463742
vertex 4.640304 -1.546022 -0.923014
endloop
endfacet
facet normal 0.664735 0.740544 -0.098603
outer loop
vertex 4.563704 -1.414214 -0.449486
vertex 4.640304 -1.546022 -0.923014
vertex 4.497672 -1.414214 -0.894642
endloop
endfacet
facet normal 0.651866 0.740546 -0.163284
outer loop
vertex 4.497672 -1.414214 -0.894642
vertex 4.640304 -1.546022 -0.923014
vertex 4.527488 -1.546022 -1.373400
endloop
endfacet
facet normal 0.651869 0.740543 -0.163285
outer loop
vertex 4.497672 -1.414214 -0.894642
vertex 4.527488 -1.546022 -1.373400
vertex 4.388324 -1.414214 -1.331184
endloop
endfacet
facet normal 0.632724 0.740545 -0.226393
outer loop
vertex 4.388324 -1.414214 -1.331184
vertex 4.527488 -1.546022 -1.373400
vertex 4.371070 -1.546022 -1.810558
endloop
endfacet
facet normal 0.632723 0.740546 -0.226393
outer loop
vertex 4.388324 -1.414214 -1.331184
vertex 4.371070 -1.546022 -1.810558
vertex 4.236714 -1.414214 -1.754904
endloop
endfacet
facet normal 0.607486 0.740547 -0.287318
outer loop
vertex 4.236714 -1.414214 -1.754904
vertex 4.371070 -1.546022 -1.810558
vertex 4.172558 -1.546022 -2.230278
endloop
endfacet
facet normal 0.607483 0.740548 -0.287319
outer loop
vertex 4.236714 -1.414214 -1.754904
vertex 4.172558 -1.546022 -2.230278
vertex 4.044302 -1.414214 -2.161724
endloop
endfacet
facet normal 0.576397 0.740548 -0.345479
outer loop
vertex 4.044302 -1.414214 -2.161724
vertex 4.172558 -1.546022 -2.230278
vertex 3.933860 -1.546022 -2.628522
endloop
endfacet
facet normal 0.576401 0.740545 -0.345479
outer loop
vertex 4.044302 -1.414214 -2.161724
vertex 3.933860 -1.546022 -2.628522
vertex 3.812942 -1.414214 -2.547728
endloop
endfacet
facet normal 0.539761 0.740546 -0.400313
outer loop
vertex 3.812942 -1.414214 -2.547728
vertex 3.933860 -1.546022 -2.628522
vertex 3.657278 -1.546022 -3.001450
endloop
endfacet
facet normal 0.539756 0.740549 -0.400313
outer loop
vertex 3.812942 -1.414214 -2.547728
vertex 3.657278 -1.546022 -3.001450
vertex 3.544860 -1.414214 -2.909192
endloop
endfacet
facet normal 0.497920 0.740550 -0.451289
outer loop
vertex 3.544860 -1.414214 -2.909192
vertex 3.657278 -1.546022 -3.001450
vertex 3.345472 -1.546022 -3.345474
endloop
endfacet
facet normal 0.497924 0.740546 -0.451290
outer loop
vertex 3.544860 -1.414214 -2.909192
vertex 3.345472 -1.546022 -3.345474
vertex 3.242640 -1.414214 -3.242642
endloop
endfacet
facet normal 0.451292 0.740545 -0.497924
outer loop
vertex 3.242640 -1.414214 -3.242642
vertex 3.345472 -1.546022 -3.345474
vertex 3.001450 -1.546022 -3.657278
endloop
endfacet
facet normal 0.451292 0.740545 -0.497924
outer loop
vertex 3.242640 -1.414214 -3.242642
vertex 3.001450 -1.546022 -3.657278
vertex 2.909192 -1.414214 -3.544862
endloop
endfacet
facet normal 0.400314 0.740545 -0.539761
outer loop
vertex 2.909192 -1.414214 -3.544862
vertex 3.001450 -1.546022 -3.657278
vertex 2.628522 -1.546022 -3.933860
endloop
endfacet
facet normal 0.400311 0.740548 -0.539759
outer loop
vertex 2.909192 -1.414214 -3.544862
vertex 2.628522 -1.546022 -3.933860
vertex 2.547726 -1.414214 -3.812942
endloop
endfacet
facet normal 0.345478 0.740548 -0.576398
outer loop
vertex 2.547726 -1.414214 -3.812942
vertex 2.628522 -1.546022 -3.933860
vertex 2.230278 -1.546022 -4.172558
endloop
endfacet
facet normal 0.345479 0.740547 -0.576397
outer loop
vertex 2.547726 -1.414214 -3.812942
vertex 2.230278 -1.546022 -4.172558
vertex 2.161724 -1.414214 -4.044302
endloop
endfacet
facet normal 0.287320 0.740548 -0.607483
outer loop
vertex 2.161724 -1.414214 -4.044302
vertex 2.230278 -1.546022 -4.172558
vertex 1.810558 -1.546022 -4.371072
endloop
endfacet
facet normal 0.287319 0.740549 -0.607482
outer loop
vertex 2.161724 -1.414214 -4.044302
vertex 1.810558 -1.546022 -4.371072
vertex 1.754904 -1.414214 -4.236714
endloop
endfacet
facet normal 0.226390 0.740549 -0.632720
outer loop
vertex 1.754904 -1.414214 -4.236714
vertex 1.810558 -1.546022 -4.371072
vertex 1.373398 -1.546022 -4.527490
endloop
endfacet
facet normal 0.226389 0.740551 -0.632719
outer loop
vertex 1.754904 -1.414214 -4.236714
vertex 1.373398 -1.546022 -4.527490
vertex 1.331182 -1.414214 -4.388324
endloop
endfacet
facet normal 0.163284 0.740551 -0.651861
outer loop
vertex 1.331182 -1.414214 -4.388324
vertex 1.373398 -1.546022 -4.527490
vertex 0.923014 -1.546020 -4.640304
endloop
endfacet
facet normal 0.163284 0.740550 -0.651862
outer loop
vertex 1.331182 -1.414214 -4.388324
vertex 0.923014 -1.546020 -4.640304
vertex 0.894642 -1.414214 -4.497672
endloop
endfacet
facet normal 0.098605 0.740550 -0.664727
outer loop
vertex 0.894642 -1.414214 -4.497672
vertex 0.923014 -1.546020 -4.640304
vertex 0.463738 -1.546020 -4.708432
endloop
endfacet
facet normal 0.098601 0.740554 -0.664723
outer loop
vertex 0.894642 -1.414214 -4.497672
vertex 0.463738 -1.546020 -4.708432
vertex 0.449484 -1.414214 -4.563704
endloop
endfacet
facet normal 0.032973 0.740555 -0.671186
outer loop
vertex 0.449484 -1.414214 -4.563704
vertex 0.463738 -1.546020 -4.708432
vertex 0.000000 -1.546020 -4.731214
endloop
endfacet
facet normal 0.032972 0.740554 -0.671187
outer loop
vertex 0.449484 -1.414214 -4.563704
vertex 0.000000 -1.546020 -4.731214
vertex 0.000000 -1.414214 -4.585786
endloop
endfacet
facet normal 0.000000 -0.740956 -0.671553
outer loop
vertex 0.000000 1.546020 -4.731214
vertex 0.000000 1.414214 -4.585786
vertex -6.000000 1.414214 -4.585786
endloop
endfacet
facet normal 0.000000 -0.740958 -0.671551
outer loop
vertex 0.000000 1.546020 -4.731214
vertex -6.000000 1.414214 -4.585786
vertex -6.000000 1.546020 -4.731214
endloop
endfacet
facet normal -0.242982 0.970031 0.000000
outer loop
vertex 6.580568 -1.913882 0.000000
vertex 6.390180 -1.961572 0.000000
vertex 6.390180 -1.961572 6.000000
endloop
endfacet
facet normal -0.242979 0.970032 0.000000
outer loop
vertex 6.580568 -1.913882 0.000000
vertex 6.390180 -1.961572 6.000000
vertex 6.580570 -1.913882 6.000000
endloop
endfacet
facet normal 0.740461 0.671114 -0.036377
outer loop
vertex 4.453980 -1.268788 0.000000
vertex 4.585786 -1.414214 0.000000
vertex 4.563704 -1.414214 -0.449486
endloop
endfacet
facet normal 0.740459 0.671116 -0.036378
outer loop
vertex 4.453980 -1.268788 0.000000
vertex 4.563704 -1.414214 -0.449486
vertex 4.432532 -1.268788 -0.436568
endloop
endfacet
facet normal 0.733329 0.671115 -0.108778
outer loop
vertex 4.432532 -1.268788 -0.436568
vertex 4.563704 -1.414214 -0.449486
vertex 4.497672 -1.414214 -0.894642
endloop
endfacet
facet normal 0.733324 0.671120 -0.108781
outer loop
vertex 4.432532 -1.268788 -0.436568
vertex 4.497672 -1.414214 -0.894642
vertex 4.368396 -1.268788 -0.868928
endloop
endfacet
facet normal 0.719131 0.671121 -0.180133
outer loop
vertex 4.368396 -1.268788 -0.868928
vertex 4.497672 -1.414214 -0.894642
vertex 4.388324 -1.414214 -1.331184
endloop
endfacet
facet normal 0.719135 0.671116 -0.180132
outer loop
vertex 4.368396 -1.268788 -0.868928
vertex 4.388324 -1.414214 -1.331184
vertex 4.262192 -1.268788 -1.292924
endloop
endfacet
facet normal 0.698014 0.671118 -0.249754
outer loop
vertex 4.262192 -1.268788 -1.292924
vertex 4.388324 -1.414214 -1.331184
vertex 4.236714 -1.414214 -1.754904
endloop
endfacet
facet normal 0.698018 0.671114 -0.249755
outer loop
vertex 4.262192 -1.268788 -1.292924
vertex 4.236714 -1.414214 -1.754904
vertex 4.114940 -1.268788 -1.704464
endloop
endfacet
facet normal 0.670178 0.671111 -0.316971
outer loop
vertex 4.114940 -1.268788 -1.704464
vertex 4.236714 -1.414214 -1.754904
vertex 4.044302 -1.414214 -2.161724
endloop
endfacet
facet normal 0.670170 0.671121 -0.316969
outer loop
vertex 4.114940 -1.268788 -1.704464
vertex 4.044302 -1.414214 -2.161724
vertex 3.928058 -1.268788 -2.099590
endloop
endfacet
facet normal 0.635879 0.671118 -0.381128
outer loop
vertex 3.928058 -1.268788 -2.099590
vertex 4.044302 -1.414214 -2.161724
vertex 3.812942 -1.414214 -2.547728
endloop
endfacet
facet normal 0.635877 0.671121 -0.381127
outer loop
vertex 3.928058 -1.268788 -2.099590
vertex 3.812942 -1.414214 -2.547728
vertex 3.703348 -1.268788 -2.474498
endloop
endfacet
facet normal 0.595455 0.671120 -0.441624
outer loop
vertex 3.703348 -1.268788 -2.474498
vertex 3.812942 -1.414214 -2.547728
vertex 3.544860 -1.414214 -2.909192
endloop
endfacet
facet normal 0.595459 0.671117 -0.441623
outer loop
vertex 3.703348 -1.268788 -2.474498
vertex 3.544860 -1.414214 -2.909192
vertex 3.442972 -1.268788 -2.825574
endloop
endfacet
facet normal 0.549306 0.671118 -0.497859
outer loop
vertex 3.442972 -1.268788 -2.825574
vertex 3.544860 -1.414214 -2.909192
vertex 3.242640 -1.414214 -3.242642
endloop
endfacet
facet normal 0.549308 0.671115 -0.497861
outer loop
vertex 3.442972 -1.268788 -2.825574
vertex 3.242640 -1.414214 -3.242642
vertex 3.149438 -1.268788 -3.149440
endloop
endfacet
facet normal 0.497861 0.671118 -0.549304
outer loop
vertex 3.149438 -1.268788 -3.149440
vertex 3.242640 -1.414214 -3.242642
vertex 2.909192 -1.414214 -3.544862
endloop
endfacet
facet normal 0.497857 0.671121 -0.549304
outer loop
vertex 3.149438 -1.268788 -3.149440
vertex 2.909192 -1.414214 -3.544862
vertex 2.825574 -1.268788 -3.442972
endloop
endfacet
facet normal 0.441619 0.671121 -0.595457
outer loop
vertex 2.825574 -1.268788 -3.442972
vertex 2.909192 -1.414214 -3.544862
vertex 2.547726 -1.414214 -3.812942
endloop
endfacet
facet normal 0.441622 0.671117 -0.595459
outer loop
vertex 2.825574 -1.268788 -3.442972
vertex 2.547726 -1.414214 -3.812942
vertex 2.474498 -1.268788 -3.703348
endloop
endfacet
facet normal 0.381131 0.671117 -0.635878
outer loop
vertex 2.474498 -1.268788 -3.703348
vertex 2.547726 -1.414214 -3.812942
vertex 2.161724 -1.414214 -4.044302
endloop
endfacet
facet normal 0.381138 0.671107 -0.635885
outer loop
vertex 2.474498 -1.268788 -3.703348
vertex 2.161724 -1.414214 -4.044302
vertex 2.099590 -1.268786 -3.928060
endloop
endfacet
facet normal 0.316973 0.671108 -0.670180
outer loop
vertex 2.099590 -1.268786 -3.928060
vertex 2.161724 -1.414214 -4.044302
vertex 1.754904 -1.414214 -4.236714
endloop
endfacet
facet normal 0.316970 0.671110 -0.670180
outer loop
vertex 2.099590 -1.268786 -3.928060
vertex 1.754904 -1.414214 -4.236714
vertex 1.704464 -1.268786 -4.114940
endloop
endfacet
facet normal 0.249756 0.671110 -0.698021
outer loop
vertex 1.704464 -1.268786 -4.114940
vertex 1.754904 -1.414214 -4.236714
vertex 1.331182 -1.414214 -4.388324
endloop
endfacet
facet normal 0.249753 0.671112 -0.698020
outer loop
vertex 1.704464 -1.268786 -4.114940
vertex 1.331182 -1.414214 -4.388324
vertex 1.292920 -1.268786 -4.262192
endloop
endfacet
facet normal 0.180137 0.671113 -0.719137
outer loop
vertex 1.292920 -1.268786 -4.262192
vertex 1.331182 -1.414214 -4.388324
vertex 0.894642 -1.414214 -4.497672
endloop
endfacet
facet normal 0.180137 0.671109 -0.719141
outer loop
vertex 1.292920 -1.268786 -4.262192
vertex 0.894642 -1.414214 -4.497672
vertex 0.868928 -1.268786 -4.368398
endloop
endfacet
facet normal 0.108780 0.671110 -0.733334
outer loop
vertex 0.868928 -1.268786 -4.368398
vertex 0.894642 -1.414214 -4.497672
vertex 0.449484 -1.414214 -4.563704
endloop
endfacet
facet normal 0.108777 0.671110 -0.733334
outer loop
vertex 0.868928 -1.268786 -4.368398
vertex 0.449484 -1.414214 -4.563704
vertex 0.436564 -1.268786 -4.432532
endloop
endfacet
facet normal 0.036378 0.671111 -0.740464
outer loop
vertex 0.436564 -1.268786 -4.432532
vertex 0.449484 -1.414214 -4.563704
vertex 0.000000 -1.414214 -4.585786
endloop
endfacet
facet normal 0.036378 0.671107 -0.740467
outer loop
vertex 0.436564 -1.268786 -4.432532
vertex 0.000000 -1.414214 -4.585786
vertex 0.000000 -1.268786 -4.453980
endloop
endfacet
facet normal 0.000000 -0.941547 0.336883
outer loop
vertex 0.000000 1.847760 -6.765368
vertex 0.000000 1.913880 -6.580570
vertex -6.000000 1.913880 -6.580570
endloop
endfacet
facet normal 0.000000 -0.941547 0.336883
outer loop
vertex 0.000000 1.847760 -6.765368
vertex -6.000000 1.913880 -6.580570
vertex -6.000000 1.847760 -6.765368
endloop
endfacet
facet normal -0.671556 0.740954 0.000000
outer loop
vertex 7.414214 -1.414214 0.000000
vertex 7.268786 -1.546022 0.000000
vertex 7.268786 -1.546022 6.000000
endloop
endfacet
facet normal -0.671562 0.740948 0.000000
outer loop
vertex 7.414214 -1.414214 0.000000
vertex 7.268786 -1.546022 6.000000
vertex 7.414214 -1.414214 6.000000
endloop
endfacet
facet normal 0.802580 0.595240 -0.039430
outer loop
vertex 4.337060 -1.111142 0.000000
vertex 4.453980 -1.268788 0.000000
vertex 4.432532 -1.268788 -0.436568
endloop
endfacet
facet normal 0.802580 0.595240 -0.039428
outer loop
vertex 4.337060 -1.111142 0.000000
vertex 4.432532 -1.268788 -0.436568
vertex 4.316176 -1.111142 -0.425108
endloop
endfacet
facet normal 0.794851 0.595239 -0.117908
outer loop
vertex 4.316176 -1.111142 -0.425108
vertex 4.432532 -1.268788 -0.436568
vertex 4.368396 -1.268788 -0.868928
endloop
endfacet
facet normal 0.794859 0.595229 -0.117904
outer loop
vertex 4.316176 -1.111142 -0.425108
vertex 4.368396 -1.268788 -0.868928
vertex 4.253726 -1.111142 -0.846118
endloop
endfacet
facet normal 0.779474 0.595231 -0.195245
outer loop
vertex 4.253726 -1.111142 -0.846118
vertex 4.368396 -1.268788 -0.868928
vertex 4.262192 -1.268788 -1.292924
endloop
endfacet
facet normal 0.779468 0.595238 -0.195247
outer loop
vertex 4.253726 -1.111142 -0.846118
vertex 4.262192 -1.268788 -1.292924
vertex 4.150308 -1.111142 -1.258984
endloop
endfacet
facet normal 0.756578 0.595236 -0.270709
outer loop
vertex 4.150308 -1.111142 -1.258984
vertex 4.262192 -1.268788 -1.292924
vertex 4.114940 -1.268788 -1.704464
endloop
endfacet
facet normal 0.756579 0.595236 -0.270709
outer loop
vertex 4.150308 -1.111142 -1.258984
vertex 4.114940 -1.268788 -1.704464
vertex 4.006922 -1.111142 -1.659722
endloop
endfacet
facet normal 0.726400 0.595236 -0.343564
outer loop
vertex 4.006922 -1.111142 -1.659722
vertex 4.114940 -1.268788 -1.704464
vertex 3.928058 -1.268788 -2.099590
endloop
endfacet
facet normal 0.726407 0.595228 -0.343564
outer loop
vertex 4.006922 -1.111142 -1.659722
vertex 3.928058 -1.268788 -2.099590
vertex 3.824946 -1.111140 -2.044476
endloop
endfacet
facet normal 0.689234 0.595229 -0.413108
outer loop
vertex 3.824946 -1.111140 -2.044476
vertex 3.928058 -1.268788 -2.099590
vertex 3.703348 -1.268788 -2.474498
endloop
endfacet
facet normal 0.689233 0.595229 -0.413110
outer loop
vertex 3.824946 -1.111140 -2.044476
vertex 3.703348 -1.268788 -2.474498
vertex 3.606134 -1.111140 -2.409542
endloop
endfacet
facet normal 0.645421 0.595231 -0.478677
outer loop
vertex 3.606134 -1.111140 -2.409542
vertex 3.703348 -1.268788 -2.474498
vertex 3.442972 -1.268788 -2.825574
endloop
endfacet
facet normal 0.645423 0.595229 -0.478677
outer loop
vertex 3.606134 -1.111140 -2.409542
vertex 3.442972 -1.268788 -2.825574
vertex 3.352594 -1.111140 -2.751402
endloop
endfacet
facet normal 0.595396 0.595230 -0.539634
outer loop
vertex 3.352594 -1.111140 -2.751402
vertex 3.442972 -1.268788 -2.825574
vertex 3.149438 -1.268788 -3.149440
endloop
endfacet
facet normal 0.595394 0.595232 -0.539634
outer loop
vertex 3.352594 -1.111140 -2.751402
vertex 3.149438 -1.268788 -3.149440
vertex 3.066764 -1.111140 -3.066766
endloop
endfacet
facet normal 0.539632 0.595234 -0.595394
outer loop
vertex 3.066764 -1.111140 -3.066766
vertex 3.149438 -1.268788 -3.149440
vertex 2.825574 -1.268788 -3.442972
endloop
endfacet
facet normal 0.539636 0.595228 -0.595397
outer loop
vertex 3.066764 -1.111140 -3.066766
vertex 2.825574 -1.268788 -3.442972
vertex 2.751402 -1.111140 -3.352594
endloop
endfacet
facet normal 0.478679 0.595229 -0.645421
outer loop
vertex 2.751402 -1.111140 -3.352594
vertex 2.825574 -1.268788 -3.442972
vertex 2.474498 -1.268788 -3.703348
endloop
endfacet
facet normal 0.478676 0.595230 -0.645423
outer loop
vertex 2.751402 -1.111140 -3.352594
vertex 2.474498 -1.268788 -3.703348
vertex 2.409542 -1.111140 -3.606134
endloop
endfacet
facet normal 0.413114 0.595231 -0.689229
outer loop
vertex 2.409542 -1.111140 -3.606134
vertex 2.474498 -1.268788 -3.703348
vertex 2.099590 -1.268786 -3.928060
endloop
endfacet
facet normal 0.413107 0.595239 -0.689226
outer loop
vertex 2.409542 -1.111140 -3.606134
vertex 2.099590 -1.268786 -3.928060
vertex 2.044476 -1.111140 -3.824946
endloop
endfacet
facet normal 0.343560 0.595240 -0.726399
outer loop
vertex 2.044476 -1.111140 -3.824946
vertex 2.099590 -1.268786 -3.928060
vertex 1.704464 -1.268786 -4.114940
endloop
endfacet
facet normal 0.343564 0.595235 -0.726401
outer loop
vertex 2.044476 -1.111140 -3.824946
vertex 1.704464 -1.268786 -4.114940
vertex 1.659722 -1.111140 -4.006922
endloop
endfacet
facet normal 0.270705 0.595236 -0.756580
outer loop
vertex 1.659722 -1.111140 -4.006922
vertex 1.704464 -1.268786 -4.114940
vertex 1.292920 -1.268786 -4.262192
endloop
endfacet
facet normal 0.270712 0.595228 -0.756583
outer loop
vertex 1.659722 -1.111140 -4.006922
vertex 1.292920 -1.268786 -4.262192
vertex 1.258982 -1.111140 -4.150310
endloop
endfacet
facet normal 0.195251 0.595229 -0.779474
outer loop
vertex 1.258982 -1.111140 -4.150310
vertex 1.292920 -1.268786 -4.262192
vertex 0.868928 -1.268786 -4.368398
endloop
endfacet
facet normal 0.195244 0.595238 -0.779469
outer loop
vertex 1.258982 -1.111140 -4.150310
vertex 0.868928 -1.268786 -4.368398
vertex 0.846118 -1.111140 -4.253726
endloop
endfacet
facet normal 0.117905 0.595238 -0.794852
outer loop
vertex 0.846118 -1.111140 -4.253726
vertex 0.868928 -1.268786 -4.368398
vertex 0.436564 -1.268786 -4.432532
endloop
endfacet
facet normal 0.117901 0.595238 -0.794852
outer loop
vertex 0.846118 -1.111140 -4.253726
vertex 0.436564 -1.268786 -4.432532
vertex 0.425104 -1.111140 -4.316176
endloop
endfacet
facet normal 0.039429 0.595239 -0.802581
outer loop
vertex 0.425104 -1.111140 -4.316176
vertex 0.436564 -1.268786 -4.432532
vertex 0.000000 -1.268786 -4.453980
endloop
endfacet
facet normal 0.039430 0.595242 -0.802578
outer loop
vertex 0.425104 -1.111140 -4.316176
vertex 0.000000 -1.268786 -4.453980
vertex 0.000000 -1.111140 -4.337060
endloop
endfacet
facet normal 0.000000 0.970031 0.242979
outer loop
vertex 0.000000 -1.961570 -6.390180
vertex 0.000000 -1.913880 -6.580570
vertex -6.000000 -1.913880 -6.580570
endloop
endfacet
facet normal 0.000000 0.970031 0.242979
outer loop
vertex 0.000000 -1.961570 -6.390180
vertex -6.000000 -1.913880 -6.580570
vertex -6.000000 -1.961570 -6.390180
endloop
endfacet
facet normal -0.803202 -0.595707 0.000000
outer loop
vertex 7.546020 1.268786 0.000000
vertex 7.662940 1.111140 0.000000
vertex 7.662940 1.111140 6.000000
endloop
endfacet
facet normal -0.803211 -0.595694 0.000000
outer loop
vertex 7.546020 1.268786 0.000000
vertex 7.662940 1.111140 6.000000
vertex 7.546022 1.268786 6.000000
endloop
endfacet
facet normal 0.856972 0.513641 -0.042100
outer loop
vertex 4.236158 -0.942794 0.000000
vertex 4.337060 -1.111142 0.000000
vertex 4.316176 -1.111142 -0.425108
endloop
endfacet
facet normal 0.856973 0.513639 -0.042099
outer loop
vertex 4.236158 -0.942794 0.000000
vertex 4.316176 -1.111142 -0.425108
vertex 4.215760 -0.942794 -0.415216
endloop
endfacet
facet normal 0.848718 0.513642 -0.125894
outer loop
vertex 4.215760 -0.942794 -0.415216
vertex 4.316176 -1.111142 -0.425108
vertex 4.253726 -1.111142 -0.846118
endloop
endfacet
facet normal 0.848711 0.513652 -0.125898
outer loop
vertex 4.215760 -0.942794 -0.415216
vertex 4.253726 -1.111142 -0.846118
vertex 4.154760 -0.942794 -0.826434
endloop
endfacet
facet normal 0.832287 0.513648 -0.208478
outer loop
vertex 4.154760 -0.942794 -0.826434
vertex 4.253726 -1.111142 -0.846118
vertex 4.150308 -1.111142 -1.258984
endloop
endfacet
facet normal 0.832290 0.513646 -0.208475
outer loop
vertex 4.154760 -0.942794 -0.826434
vertex 4.150308 -1.111142 -1.258984
vertex 4.053750 -0.942794 -1.229692
endloop
endfacet
facet normal 0.807847 0.513646 -0.289052
outer loop
vertex 4.053750 -0.942794 -1.229692
vertex 4.150308 -1.111142 -1.258984
vertex 4.006922 -1.111142 -1.659722
endloop
endfacet
facet normal 0.807845 0.513648 -0.289054
outer loop
vertex 4.053750 -0.942794 -1.229692
vertex 4.006922 -1.111142 -1.659722
vertex 3.913698 -0.942794 -1.621108
endloop
endfacet
facet normal 0.775624 0.513649 -0.366841
outer loop
vertex 3.913698 -0.942794 -1.621108
vertex 4.006922 -1.111142 -1.659722
vertex 3.824946 -1.111140 -2.044476
endloop
endfacet
facet normal 0.775626 0.513645 -0.366841
outer loop
vertex 3.913698 -0.942794 -1.621108
vertex 3.824946 -1.111140 -2.044476
vertex 3.735958 -0.942794 -1.996910
endloop
endfacet
facet normal 0.735932 0.513649 -0.441100
outer loop
vertex 3.735958 -0.942794 -1.996910
vertex 3.824946 -1.111140 -2.044476
vertex 3.606134 -1.111140 -2.409542
endloop
endfacet
facet normal 0.735932 0.513648 -0.441100
outer loop
vertex 3.735958 -0.942794 -1.996910
vertex 3.606134 -1.111140 -2.409542
vertex 3.522236 -0.942794 -2.353484
endloop
endfacet
facet normal 0.689154 0.513646 -0.511111
outer loop
vertex 3.522236 -0.942794 -2.353484
vertex 3.606134 -1.111140 -2.409542
vertex 3.352594 -1.111140 -2.751402
endloop
endfacet
facet normal 0.689151 0.513650 -0.511110
outer loop
vertex 3.522236 -0.942794 -2.353484
vertex 3.352594 -1.111140 -2.751402
vertex 3.274594 -0.942794 -2.687390
endloop
endfacet
facet normal 0.635735 0.513651 -0.576198
outer loop
vertex 3.274594 -0.942794 -2.687390
vertex 3.352594 -1.111140 -2.751402
vertex 3.066764 -1.111140 -3.066766
endloop
endfacet
facet normal 0.635733 0.513652 -0.576198
outer loop
vertex 3.274594 -0.942794 -2.687390
vertex 3.066764 -1.111140 -3.066766
vertex 2.995414 -0.942794 -2.995416
endloop
endfacet
facet normal 0.576197 0.513653 -0.635734
outer loop
vertex 2.995414 -0.942794 -2.995416
vertex 3.066764 -1.111140 -3.066766
vertex 2.751402 -1.111140 -3.352594
endloop
endfacet
facet normal 0.576199 0.513648 -0.635736
outer loop
vertex 2.995414 -0.942794 -2.995416
vertex 2.751402 -1.111140 -3.352594
vertex 2.687390 -0.942794 -3.274594
endloop
endfacet
facet normal 0.511111 0.513649 -0.689152
outer loop
vertex 2.687390 -0.942794 -3.274594
vertex 2.751402 -1.111140 -3.352594
vertex 2.409542 -1.111140 -3.606134
endloop
endfacet
facet normal 0.511112 0.513646 -0.689153
outer loop
vertex 2.687390 -0.942794 -3.274594
vertex 2.409542 -1.111140 -3.606134
vertex 2.353484 -0.942794 -3.522236
endloop
endfacet
facet normal 0.441100 0.513648 -0.735933
outer loop
vertex 2.353484 -0.942794 -3.522236
vertex 2.409542 -1.111140 -3.606134
vertex 2.044476 -1.111140 -3.824946
endloop
endfacet
facet normal 0.441101 0.513647 -0.735933
outer loop
vertex 2.353484 -0.942794 -3.522236
vertex 2.044476 -1.111140 -3.824946
vertex 1.996910 -0.942794 -3.735958
endloop
endfacet
facet normal 0.366844 0.513647 -0.775624
outer loop
vertex 1.996910 -0.942794 -3.735958
vertex 2.044476 -1.111140 -3.824946
vertex 1.659722 -1.111140 -4.006922
endloop
endfacet
facet normal 0.366839 0.513653 -0.775622
outer loop
vertex 1.996910 -0.942794 -3.735958
vertex 1.659722 -1.111140 -4.006922
vertex 1.621108 -0.942794 -3.913698
endloop
endfacet
facet normal 0.289052 0.513654 -0.807842
outer loop
vertex 1.621108 -0.942794 -3.913698
vertex 1.659722 -1.111140 -4.006922
vertex 1.258982 -1.111140 -4.150310
endloop
endfacet
facet normal 0.289051 0.513656 -0.807841
outer loop
vertex 1.621108 -0.942794 -3.913698
vertex 1.258982 -1.111140 -4.150310
vertex 1.229690 -0.942794 -4.053750
endloop
endfacet
facet normal 0.208474 0.513656 -0.832284
outer loop
vertex 1.229690 -0.942794 -4.053750
vertex 1.258982 -1.111140 -4.150310
vertex 0.846118 -1.111140 -4.253726
endloop
endfacet
facet normal 0.208474 0.513655 -0.832285
outer loop
vertex 1.229690 -0.942794 -4.053750
vertex 0.846118 -1.111140 -4.253726
vertex 0.826434 -0.942794 -4.154760
endloop
endfacet
facet normal 0.125893 0.513654 -0.848711
outer loop
vertex 0.826434 -0.942794 -4.154760
vertex 0.846118 -1.111140 -4.253726
vertex 0.425104 -1.111140 -4.316176
endloop
endfacet
facet normal 0.125900 0.513642 -0.848717
outer loop
vertex 0.826434 -0.942794 -4.154760
vertex 0.425104 -1.111140 -4.316176
vertex 0.415214 -0.942794 -4.215760
endloop
endfacet
facet normal 0.042099 0.513643 -0.856971
outer loop
vertex 0.415214 -0.942794 -4.215760
vertex 0.425104 -1.111140 -4.316176
vertex 0.000000 -1.111140 -4.337060
endloop
endfacet
facet normal 0.042099 0.513645 -0.856970
outer loop
vertex 0.415214 -0.942794 -4.215760
vertex 0.000000 -1.111140 -4.337060
vertex 0.000000 -0.942794 -4.236158
endloop
endfacet
facet normal 0.000000 -0.671552 -0.740957
outer loop
vertex 0.000000 1.414214 -4.585786
vertex 0.000000 1.268786 -4.453980
vertex -6.000000 1.268786 -4.453980
endloop
endfacet
facet normal 0.000000 -0.671552 -0.740957
outer loop
vertex 0.000000 1.414214 -4.585786
vertex -6.000000 1.268786 -4.453980
vertex -6.000000 1.414214 -4.585786
endloop
endfacet
facet normal -0.941549 0.336877 0.000000
outer loop
vertex 7.913880 -0.580570 0.000000
vertex 7.847760 -0.765368 0.000000
vertex 7.847760 -0.765368 6.000000
endloop
endfacet
facet normal -0.941547 0.336882 0.000000
outer loop
vertex 7.913880 -0.580570 0.000000
vertex 7.847760 -0.765368 6.000000
vertex 7.913880 -0.580570 6.000000
endloop
endfacet
facet normal 0.903097 0.427140 -0.044365
outer loop
vertex 4.152240 -0.765368 0.000000
vertex 4.236158 -0.942794 0.000000
vertex 4.215760 -0.942794 -0.415216
endloop
endfacet
facet normal 0.903095 0.427143 -0.044365
outer loop
vertex 4.152240 -0.765368 0.000000
vertex 4.215760 -0.942794 -0.415216
vertex 4.132246 -0.765368 -0.406992
endloop
endfacet
facet normal 0.894400 0.427136 -0.132676
outer loop
vertex 4.132246 -0.765368 -0.406992
vertex 4.215760 -0.942794 -0.415216
vertex 4.154760 -0.942794 -0.826434
endloop
endfacet
facet normal 0.894401 0.427136 -0.132673
outer loop
vertex 4.132246 -0.765368 -0.406992
vertex 4.154760 -0.942794 -0.826434
vertex 4.072456 -0.765368 -0.810062
endloop
endfacet
facet normal 0.877091 0.427135 -0.219698
outer loop
vertex 4.072456 -0.765368 -0.810062
vertex 4.154760 -0.942794 -0.826434
vertex 4.053750 -0.942794 -1.229692
endloop
endfacet
facet normal 0.877090 0.427135 -0.219700
outer loop
vertex 4.072456 -0.765368 -0.810062
vertex 4.053750 -0.942794 -1.229692
vertex 3.973446 -0.765368 -1.205332
endloop
endfacet
facet normal 0.851330 0.427139 -0.304613
outer loop
vertex 3.973446 -0.765368 -1.205332
vertex 4.053750 -0.942794 -1.229692
vertex 3.913698 -0.942794 -1.621108
endloop
endfacet
facet normal 0.851333 0.427135 -0.304611
outer loop
vertex 3.973446 -0.765368 -1.205332
vertex 3.913698 -0.942794 -1.621108
vertex 3.836170 -0.765368 -1.588994
endloop
endfacet
facet normal 0.817378 0.427134 -0.386588
outer loop
vertex 3.836170 -0.765368 -1.588994
vertex 3.913698 -0.942794 -1.621108
vertex 3.735958 -0.942794 -1.996910
endloop
endfacet
facet normal 0.817376 0.427136 -0.386589
outer loop
vertex 3.836170 -0.765368 -1.588994
vertex 3.735958 -0.942794 -1.996910
vertex 3.661950 -0.765368 -1.957352
endloop
endfacet
facet normal 0.775548 0.427136 -0.464845
outer loop
vertex 3.661950 -0.765368 -1.957352
vertex 3.735958 -0.942794 -1.996910
vertex 3.522236 -0.942794 -2.353484
endloop
endfacet
facet normal 0.775548 0.427135 -0.464845
outer loop
vertex 3.661950 -0.765368 -1.957352
vertex 3.522236 -0.942794 -2.353484
vertex 3.452462 -0.765368 -2.306862
endloop
endfacet
facet normal 0.726250 0.427136 -0.538624
outer loop
vertex 3.452462 -0.765368 -2.306862
vertex 3.522236 -0.942794 -2.353484
vertex 3.274594 -0.942794 -2.687390
endloop
endfacet
facet normal 0.726251 0.427133 -0.538624
outer loop
vertex 3.452462 -0.765368 -2.306862
vertex 3.274594 -0.942794 -2.687390
vertex 3.209726 -0.765368 -2.634154
endloop
endfacet
facet normal 0.669958 0.427134 -0.607218
outer loop
vertex 3.209726 -0.765368 -2.634154
vertex 3.274594 -0.942794 -2.687390
vertex 2.995414 -0.942794 -2.995416
endloop
endfacet
facet normal 0.669956 0.427136 -0.607218
outer loop
vertex 3.209726 -0.765368 -2.634154
vertex 2.995414 -0.942794 -2.995416
vertex 2.936076 -0.765368 -2.936078
endloop
endfacet
facet normal 0.607219 0.427135 -0.669957
outer loop
vertex 2.936076 -0.765368 -2.936078
vertex 2.995414 -0.942794 -2.995416
vertex 2.687390 -0.942794 -3.274594
endloop
endfacet
facet normal 0.607218 0.427134 -0.669958
outer loop
vertex 2.936076 -0.765368 -2.936078
vertex 2.687390 -0.942794 -3.274594
vertex 2.634154 -0.765368 -3.209726
endloop
endfacet
facet normal 0.538624 0.427135 -0.726251
outer loop
vertex 2.634154 -0.765368 -3.209726
vertex 2.687390 -0.942794 -3.274594
vertex 2.353484 -0.942794 -3.522236
endloop
endfacet
facet normal 0.538623 0.427137 -0.726250
outer loop
vertex 2.634154 -0.765368 -3.209726
vertex 2.353484 -0.942794 -3.522236
vertex 2.306862 -0.765368 -3.452462
endloop
endfacet
facet normal 0.464845 0.427136 -0.775547
outer loop
vertex 2.306862 -0.765368 -3.452462
vertex 2.353484 -0.942794 -3.522236
vertex 1.996910 -0.942794 -3.735958
endloop
endfacet
facet normal 0.464844 0.427136 -0.775548
outer loop
vertex 2.306862 -0.765368 -3.452462
vertex 1.996910 -0.942794 -3.735958
vertex 1.957352 -0.765368 -3.661950
endloop
endfacet
facet normal 0.386589 0.427135 -0.817377
outer loop
vertex 1.957352 -0.765368 -3.661950
vertex 1.996910 -0.942794 -3.735958
vertex 1.621108 -0.942794 -3.913698
endloop
endfacet
facet normal 0.386589 0.427134 -0.817377
outer loop
vertex 1.957352 -0.765368 -3.661950
vertex 1.621108 -0.942794 -3.913698
vertex 1.588994 -0.765368 -3.836170
endloop
endfacet
facet normal 0.304614 0.427133 -0.851333
outer loop
vertex 1.588994 -0.765368 -3.836170
vertex 1.621108 -0.942794 -3.913698
vertex 1.229690 -0.942794 -4.053750
endloop
endfacet
facet normal 0.304613 0.427132 -0.851334
outer loop
vertex 1.588994 -0.765368 -3.836170
vertex 1.229690 -0.942794 -4.053750
vertex 1.205330 -0.765368 -3.973448
endloop
endfacet
facet normal 0.219701 0.427131 -0.877092
outer loop
vertex 1.205330 -0.765368 -3.973448
vertex 1.229690 -0.942794 -4.053750
vertex 0.826434 -0.942794 -4.154760
endloop
endfacet
facet normal 0.219695 0.427135 -0.877092
outer loop
vertex 1.205330 -0.765368 -3.973448
vertex 0.826434 -0.942794 -4.154760
vertex 0.810062 -0.765368 -4.072456
endloop
endfacet
facet normal 0.132675 0.427136 -0.894401
outer loop
vertex 0.810062 -0.765368 -4.072456
vertex 0.826434 -0.942794 -4.154760
vertex 0.415214 -0.942794 -4.215760
endloop
endfacet
facet normal 0.132675 0.427138 -0.894400
outer loop
vertex 0.810062 -0.765368 -4.072456
vertex 0.415214 -0.942794 -4.215760
vertex 0.406990 -0.765366 -4.132246
endloop
endfacet
facet normal 0.044368 0.427138 -0.903097
outer loop
vertex 0.406990 -0.765366 -4.132246
vertex 0.415214 -0.942794 -4.215760
vertex 0.000000 -0.942794 -4.236158
endloop
endfacet
facet normal 0.044362 0.427138 -0.903097
outer loop
vertex 0.406990 -0.765366 -4.132246
vertex 0.000000 -0.942794 -4.236158
vertex 0.000000 -0.765366 -4.152240
endloop
endfacet
facet normal 0.000000 -0.970031 0.242979
outer loop
vertex 0.000000 1.913880 -6.580570
vertex 0.000000 1.961570 -6.390180
vertex -6.000000 1.961570 -6.390180
endloop
endfacet
facet normal 0.000000 -0.970031 0.242979
outer loop
vertex 0.000000 1.913880 -6.580570
vertex -6.000000 1.961570 -6.390180
vertex -6.000000 1.913880 -6.580570
endloop
endfacet
facet normal -0.989176 -0.146735 0.000000
outer loop
vertex 7.961570 0.390180 0.000000
vertex 7.990370 0.196034 0.000000
vertex 7.990370 0.196034 6.000000
endloop
endfacet
facet normal -0.989177 -0.146728 0.000000
outer loop
vertex 7.961570 0.390180 0.000000
vertex 7.990370 0.196034 6.000000
vertex 7.961572 0.390180 6.000000
endloop
endfacet
facet normal 0.940542 0.336519 -0.046205
outer loop
vertex 4.086120 -0.580570 0.000000
vertex 4.152240 -0.765368 0.000000
vertex 4.132246 -0.765368 -0.406992
endloop
endfacet
facet normal 0.940540 0.336527 -0.046207
outer loop
vertex 4.086120 -0.580570 0.000000
vertex 4.132246 -0.765368 -0.406992
vertex 4.066444 -0.580570 -0.400510
endloop
endfacet
facet normal 0.931482 0.336526 -0.138173
outer loop
vertex 4.066444 -0.580570 -0.400510
vertex 4.132246 -0.765368 -0.406992
vertex 4.072456 -0.765368 -0.810062
endloop
endfacet
facet normal 0.931482 0.336525 -0.138173
outer loop
vertex 4.066444 -0.580570 -0.400510
vertex 4.072456 -0.765368 -0.810062
vertex 4.007606 -0.580570 -0.797162
endloop
endfacet
facet normal 0.913453 0.336528 -0.228808
outer loop
vertex 4.007606 -0.580570 -0.797162
vertex 4.072456 -0.765368 -0.810062
vertex 3.973446 -0.765368 -1.205332
endloop
endfacet
facet normal 0.913453 0.336527 -0.228809
outer loop
vertex 4.007606 -0.580570 -0.797162
vertex 3.973446 -0.765368 -1.205332
vertex 3.910172 -0.580570 -1.186138
endloop
endfacet
facet normal 0.886627 0.336531 -0.317239
outer loop
vertex 3.910172 -0.580570 -1.186138
vertex 3.973446 -0.765368 -1.205332
vertex 3.836170 -0.765368 -1.588994
endloop
endfacet
facet normal 0.886629 0.336524 -0.317240
outer loop
vertex 3.910172 -0.580570 -1.186138
vertex 3.836170 -0.765368 -1.588994
vertex 3.775082 -0.580570 -1.563690
endloop
endfacet
facet normal 0.851263 0.336529 -0.402616
outer loop
vertex 3.775082 -0.580570 -1.563690
vertex 3.836170 -0.765368 -1.588994
vertex 3.661950 -0.765368 -1.957352
endloop
endfacet
facet normal 0.851262 0.336529 -0.402617
outer loop
vertex 3.775082 -0.580570 -1.563690
vertex 3.661950 -0.765368 -1.957352
vertex 3.603636 -0.580570 -1.926182
endloop
endfacet
facet normal 0.807700 0.336529 -0.484116
outer loop
vertex 3.603636 -0.580570 -1.926182
vertex 3.661950 -0.765368 -1.957352
vertex 3.452462 -0.765368 -2.306862
endloop
endfacet
facet normal 0.807700 0.336530 -0.484116
outer loop
vertex 3.603636 -0.580570 -1.926182
vertex 3.452462 -0.765368 -2.306862
vertex 3.397484 -0.580570 -2.270126
endloop
endfacet
facet normal 0.756359 0.336531 -0.560953
outer loop
vertex 3.397484 -0.580570 -2.270126
vertex 3.452462 -0.765368 -2.306862
vertex 3.209726 -0.765368 -2.634154
endloop
endfacet
facet normal 0.756356 0.336536 -0.560954
outer loop
vertex 3.397484 -0.580570 -2.270126
vertex 3.209726 -0.765368 -2.634154
vertex 3.158612 -0.580570 -2.592206
endloop
endfacet
facet normal 0.697729 0.336536 -0.632390
outer loop
vertex 3.158612 -0.580570 -2.592206
vertex 3.209726 -0.765368 -2.634154
vertex 2.936076 -0.765368 -2.936078
endloop
endfacet
facet normal 0.697738 0.336523 -0.632388
outer loop
vertex 3.158612 -0.580570 -2.592206
vertex 2.936076 -0.765368 -2.936078
vertex 2.889322 -0.580570 -2.889324
endloop
endfacet
facet normal 0.632392 0.336524 -0.697733
outer loop
vertex 2.889322 -0.580570 -2.889324
vertex 2.936076 -0.765368 -2.936078
vertex 2.634154 -0.765368 -3.209726
endloop
endfacet
facet normal 0.632385 0.336536 -0.697734
outer loop
vertex 2.889322 -0.580570 -2.889324
vertex 2.634154 -0.765368 -3.209726
vertex 2.592206 -0.580570 -3.158612
endloop
endfacet
facet normal 0.560952 0.336538 -0.756357
outer loop
vertex 2.592206 -0.580570 -3.158612
vertex 2.634154 -0.765368 -3.209726
vertex 2.306862 -0.765368 -3.452462
endloop
endfacet
facet normal 0.560956 0.336529 -0.756357
outer loop
vertex 2.592206 -0.580570 -3.158612
vertex 2.306862 -0.765368 -3.452462
vertex 2.270126 -0.580570 -3.397484
endloop
endfacet
facet normal 0.484115 0.336531 -0.807700
outer loop
vertex 2.270126 -0.580570 -3.397484
vertex 2.306862 -0.765368 -3.452462
vertex 1.957352 -0.765368 -3.661950
endloop
endfacet
facet normal 0.484117 0.336530 -0.807700
outer loop
vertex 2.270126 -0.580570 -3.397484
vertex 1.957352 -0.765368 -3.661950
vertex 1.926182 -0.580570 -3.603636
endloop
endfacet
facet normal 0.402616 0.336531 -0.851263
outer loop
vertex 1.926182 -0.580570 -3.603636
vertex 1.957352 -0.765368 -3.661950
vertex 1.588994 -0.765368 -3.836170
endloop
endfacet
facet normal 0.402617 0.336528 -0.851263
outer loop
vertex 1.926182 -0.580570 -3.603636
vertex 1.588994 -0.765368 -3.836170
vertex 1.563690 -0.580570 -3.775082
endloop
endfacet
facet normal 0.317243 0.336527 -0.886626
outer loop
vertex 1.563690 -0.580570 -3.775082
vertex 1.588994 -0.765368 -3.836170
vertex 1.205330 -0.765368 -3.973448
endloop
endfacet
facet normal 0.317237 0.336536 -0.886625
outer loop
vertex 1.563690 -0.580570 -3.775082
vertex 1.205330 -0.765368 -3.973448
vertex 1.186136 -0.580570 -3.910172
endloop
endfacet
facet normal 0.228804 0.336537 -0.913450
outer loop
vertex 1.186136 -0.580570 -3.910172
vertex 1.205330 -0.765368 -3.973448
vertex 0.810062 -0.765368 -4.072456
endloop
endfacet
facet normal 0.228811 0.336524 -0.913454
outer loop
vertex 1.186136 -0.580570 -3.910172
vertex 0.810062 -0.765368 -4.072456
vertex 0.797162 -0.580570 -4.007606
endloop
endfacet
facet normal 0.138175 0.336524 -0.931482
outer loop
vertex 0.797162 -0.580570 -4.007606
vertex 0.810062 -0.765368 -4.072456
vertex 0.406990 -0.765366 -4.132246
endloop
endfacet
facet normal 0.138171 0.336528 -0.931481
outer loop
vertex 0.797162 -0.580570 -4.007606
vertex 0.406990 -0.765366 -4.132246
vertex 0.400508 -0.580570 -4.066444
endloop
endfacet
facet normal 0.046203 0.336528 -0.940539
outer loop
vertex 0.400508 -0.580570 -4.066444
vertex 0.406990 -0.765366 -4.132246
vertex 0.000000 -0.765366 -4.152240
endloop
endfacet
facet normal 0.046206 0.336524 -0.940541
outer loop
vertex 0.400508 -0.580570 -4.066444
vertex 0.000000 -0.765366 -4.152240
vertex 0.000000 -0.580570 -4.086120
endloop
endfacet
facet normal 0.000000 0.941547 0.336883
outer loop
vertex 0.000000 -1.913880 -6.580570
vertex 0.000000 -1.847760 -6.765368
vertex -6.000000 -1.847760 -6.765368
endloop
endfacet
facet normal 0.000000 0.941547 0.336883
outer loop
vertex 0.000000 -1.913880 -6.580570
vertex -6.000000 -1.847760 -6.765368
vertex -6.000000 -1.913880 -6.580570
endloop
endfacet
facet normal -0.427558 -0.903988 0.000000
outer loop
vertex 6.765368 1.847758 0.000000
vertex 6.942794 1.763842 0.000000
vertex 6.942794 1.763842 6.000000
endloop
endfacet
facet normal -0.427553 -0.903990 0.000000
outer loop
vertex 6.765368 1.847758 0.000000
vertex 6.942794 1.763842 6.000000
vertex 6.765368 1.847758 6.000000
endloop
endfacet
facet normal 0.968931 0.242707 -0.047602
outer loop
vertex 4.038430 -0.390182 0.000000
vertex 4.086120 -0.580570 0.000000
vertex 4.066444 -0.580570 -0.400510
endloop
endfacet
facet normal 0.968930 0.242711 -0.047606
outer loop
vertex 4.038430 -0.390182 0.000000
vertex 4.066444 -0.580570 -0.400510
vertex 4.018982 -0.390182 -0.395836
endloop
endfacet
facet normal 0.959599 0.242711 -0.142343
outer loop
vertex 4.018982 -0.390182 -0.395836
vertex 4.066444 -0.580570 -0.400510
vertex 4.007606 -0.580570 -0.797162
endloop
endfacet
facet normal 0.959599 0.242710 -0.142340
outer loop
vertex 4.018982 -0.390182 -0.395836
vertex 4.007606 -0.580570 -0.797162
vertex 3.960832 -0.390182 -0.787858
endloop
endfacet
facet normal 0.941027 0.242707 -0.235716
outer loop
vertex 3.960832 -0.390182 -0.787858
vertex 4.007606 -0.580570 -0.797162
vertex 3.910172 -0.580570 -1.186138
endloop
endfacet
facet normal 0.941029 0.242700 -0.235714
outer loop
vertex 3.960832 -0.390182 -0.787858
vertex 3.910172 -0.580570 -1.186138
vertex 3.864536 -0.390182 -1.172296
endloop
endfacet
facet normal 0.913393 0.242702 -0.326816
outer loop
vertex 3.864536 -0.390182 -1.172296
vertex 3.910172 -0.580570 -1.186138
vertex 3.775082 -0.580570 -1.563690
endloop
endfacet
facet normal 0.913391 0.242705 -0.326819
outer loop
vertex 3.864536 -0.390182 -1.172296
vertex 3.775082 -0.580570 -1.563690
vertex 3.731022 -0.390182 -1.545440
endloop
endfacet
facet normal 0.876959 0.242708 -0.414771
outer loop
vertex 3.731022 -0.390182 -1.545440
vertex 3.775082 -0.580570 -1.563690
vertex 3.603636 -0.580570 -1.926182
endloop
endfacet
facet normal 0.876959 0.242709 -0.414772
outer loop
vertex 3.731022 -0.390182 -1.545440
vertex 3.603636 -0.580570 -1.926182
vertex 3.561576 -0.390182 -1.903702
endloop
endfacet
facet normal 0.832082 0.242710 -0.498730
outer loop
vertex 3.561576 -0.390182 -1.903702
vertex 3.603636 -0.580570 -1.926182
vertex 3.397484 -0.580570 -2.270126
endloop
endfacet
facet normal 0.832086 0.242700 -0.498728
outer loop
vertex 3.561576 -0.390182 -1.903702
vertex 3.397484 -0.580570 -2.270126
vertex 3.357832 -0.390182 -2.243632
endloop
endfacet
facet normal 0.779191 0.242702 -0.577890
outer loop
vertex 3.357832 -0.390182 -2.243632
vertex 3.397484 -0.580570 -2.270126
vertex 3.158612 -0.580570 -2.592206
endloop
endfacet
facet normal 0.779190 0.242702 -0.577891
outer loop
vertex 3.357832 -0.390182 -2.243632
vertex 3.158612 -0.580570 -2.592206
vertex 3.121748 -0.390182 -2.561952
endloop
endfacet
facet normal 0.718800 0.242701 -0.651478
outer loop
vertex 3.121748 -0.390182 -2.561952
vertex 3.158612 -0.580570 -2.592206
vertex 2.889322 -0.580570 -2.889324
endloop
endfacet
facet normal 0.718798 0.242706 -0.651478
outer loop
vertex 3.121748 -0.390182 -2.561952
vertex 2.889322 -0.580570 -2.889324
vertex 2.855600 -0.390182 -2.855602
endloop
endfacet
facet normal 0.651477 0.242705 -0.718799
outer loop
vertex 2.855600 -0.390182 -2.855602
vertex 2.889322 -0.580570 -2.889324
vertex 2.592206 -0.580570 -3.158612
endloop
endfacet
facet normal 0.651478 0.242705 -0.718798
outer loop
vertex 2.855600 -0.390182 -2.855602
vertex 2.592206 -0.580570 -3.158612
vertex 2.561952 -0.390182 -3.121748
endloop
endfacet
facet normal 0.577890 0.242703 -0.779191
outer loop
vertex 2.561952 -0.390182 -3.121748
vertex 2.592206 -0.580570 -3.158612
vertex 2.270126 -0.580570 -3.397484
endloop
endfacet
facet normal 0.577892 0.242698 -0.779191
outer loop
vertex 2.561952 -0.390182 -3.121748
vertex 2.270126 -0.580570 -3.397484
vertex 2.243632 -0.390180 -3.357832
endloop
endfacet
facet normal 0.498732 0.242698 -0.832084
outer loop
vertex 2.243632 -0.390180 -3.357832
vertex 2.270126 -0.580570 -3.397484
vertex 1.926182 -0.580570 -3.603636
endloop
endfacet
facet normal 0.498733 0.242698 -0.832084
outer loop
vertex 2.243632 -0.390180 -3.357832
vertex 1.926182 -0.580570 -3.603636
vertex 1.903702 -0.390180 -3.561578
endloop
endfacet
facet normal 0.414773 0.242699 -0.876961
outer loop
vertex 1.903702 -0.390180 -3.561578
vertex 1.926182 -0.580570 -3.603636
vertex 1.563690 -0.580570 -3.775082
endloop
endfacet
facet normal 0.414767 0.242705 -0.876962
outer loop
vertex 1.903702 -0.390180 -3.561578
vertex 1.563690 -0.580570 -3.775082
vertex 1.545440 -0.390180 -3.731022
endloop
endfacet
facet normal 0.326815 0.242705 -0.913393
outer loop
vertex 1.545440 -0.390180 -3.731022
vertex 1.563690 -0.580570 -3.775082
vertex 1.186136 -0.580570 -3.910172
endloop
endfacet
facet normal 0.326818 0.242699 -0.913393
outer loop
vertex 1.545440 -0.390180 -3.731022
vertex 1.186136 -0.580570 -3.910172
vertex 1.172294 -0.390180 -3.864536
endloop
endfacet
facet normal 0.235719 0.242699 -0.941028
outer loop
vertex 1.172294 -0.390180 -3.864536
vertex 1.186136 -0.580570 -3.910172
vertex 0.797162 -0.580570 -4.007606
endloop
endfacet
facet normal 0.235715 0.242705 -0.941028
outer loop
vertex 1.172294 -0.390180 -3.864536
vertex 0.797162 -0.580570 -4.007606
vertex 0.787858 -0.390180 -3.960832
endloop
endfacet
facet normal 0.142344 0.242705 -0.959600
outer loop
vertex 0.787858 -0.390180 -3.960832
vertex 0.797162 -0.580570 -4.007606
vertex 0.400508 -0.580570 -4.066444
endloop
endfacet
facet normal 0.142345 0.242702 -0.959601
outer loop
vertex 0.787858 -0.390180 -3.960832
vertex 0.400508 -0.580570 -4.066444
vertex 0.395834 -0.390180 -4.018984
endloop
endfacet
facet normal 0.047602 0.242702 -0.968932
outer loop
vertex 0.395834 -0.390180 -4.018984
vertex 0.400508 -0.580570 -4.066444
vertex 0.000000 -0.580570 -4.086120
endloop
endfacet
facet normal 0.047598 0.242703 -0.968932
outer loop
vertex 0.395834 -0.390180 -4.018984
vertex 0.000000 -0.580570 -4.086120
vertex 0.000000 -0.390180 -4.038430
endloop
endfacet
facet normal 0.000000 -0.595705 -0.803203
outer loop
vertex 0.000000 1.268786 -4.453980
vertex 0.000000 1.111140 -4.337060
vertex -6.000000 1.111140 -4.337060
endloop
endfacet
facet normal 0.000000 -0.595705 -0.803203
outer loop
vertex 0.000000 1.268786 -4.453980
vertex -6.000000 1.111140 -4.337060
vertex -6.000000 1.268786 -4.453980
endloop
endfacet
facet normal 0.242982 -0.970031 0.000000
outer loop
vertex 5.419432 1.913880 0.000000
vertex 5.609820 1.961570 0.000000
vertex 5.609820 1.961570 6.000000
endloop
endfacet
facet normal 0.242982 -0.970031 0.000000
outer loop
vertex 5.419432 1.913880 0.000000
vertex 5.609820 1.961570 6.000000
vertex 5.419432 1.913880 6.000000
endloop
endfacet
facet normal 0.988009 0.146564 -0.048543
outer loop
vertex 4.009630 -0.196034 0.000000
vertex 4.038430 -0.390182 0.000000
vertex 4.018982 -0.390182 -0.395836
endloop
endfacet
facet normal 0.988013 0.146542 -0.048535
outer loop
vertex 4.009630 -0.196034 0.000000
vertex 4.018982 -0.390182 -0.395836
vertex 3.990324 -0.196034 -0.393014
endloop
endfacet
facet normal 0.978498 0.146543 -0.145144
outer loop
vertex 3.990324 -0.196034 -0.393014
vertex 4.018982 -0.390182 -0.395836
vertex 3.960832 -0.390182 -0.787858
endloop
endfacet
facet normal 0.978495 0.146560 -0.145151
outer loop
vertex 3.990324 -0.196034 -0.393014
vertex 3.960832 -0.390182 -0.787858
vertex 3.932586 -0.196034 -0.782240
endloop
endfacet
facet normal 0.959557 0.146560 -0.240355
outer loop
vertex 3.932586 -0.196034 -0.782240
vertex 3.960832 -0.390182 -0.787858
vertex 3.864536 -0.390182 -1.172296
endloop
endfacet
facet normal 0.959558 0.146555 -0.240352
outer loop
vertex 3.932586 -0.196034 -0.782240
vertex 3.864536 -0.390182 -1.172296
vertex 3.836978 -0.196034 -1.163936
endloop
endfacet
facet normal 0.931377 0.146556 -0.333255
outer loop
vertex 3.836978 -0.196034 -1.163936
vertex 3.864536 -0.390182 -1.172296
vertex 3.731022 -0.390182 -1.545440
endloop
endfacet
facet normal 0.931378 0.146551 -0.333254
outer loop
vertex 3.836978 -0.196034 -1.163936
vertex 3.731022 -0.390182 -1.545440
vertex 3.704416 -0.196034 -1.534420
endloop
endfacet
facet normal 0.894229 0.146549 -0.422940
outer loop
vertex 3.704416 -0.196034 -1.534420
vertex 3.731022 -0.390182 -1.545440
vertex 3.561576 -0.390182 -1.903702
endloop
endfacet
facet normal 0.894227 0.146557 -0.422942
outer loop
vertex 3.704416 -0.196034 -1.534420
vertex 3.561576 -0.390182 -1.903702
vertex 3.536178 -0.196034 -1.890126
endloop
endfacet
facet normal 0.848470 0.146555 -0.508548
outer loop
vertex 3.536178 -0.196034 -1.890126
vertex 3.561576 -0.390182 -1.903702
vertex 3.357832 -0.390182 -2.243632
endloop
endfacet
facet normal 0.848468 0.146559 -0.508550
outer loop
vertex 3.536178 -0.196034 -1.890126
vertex 3.357832 -0.390182 -2.243632
vertex 3.333886 -0.196034 -2.227632
endloop
endfacet
facet normal 0.794533 0.146558 -0.589269
outer loop
vertex 3.333886 -0.196034 -2.227632
vertex 3.357832 -0.390182 -2.243632
vertex 3.121748 -0.390182 -2.561952
endloop
endfacet
facet normal 0.794533 0.146558 -0.589269
outer loop
vertex 3.333886 -0.196034 -2.227632
vertex 3.121748 -0.390182 -2.561952
vertex 3.099486 -0.196034 -2.543682
endloop
endfacet
facet normal 0.732952 0.146557 -0.664306
outer loop
vertex 3.099486 -0.196034 -2.543682
vertex 3.121748 -0.390182 -2.561952
vertex 2.855600 -0.390182 -2.855602
endloop
endfacet
facet normal 0.732951 0.146559 -0.664307
outer loop
vertex 3.099486 -0.196034 -2.543682
vertex 2.855600 -0.390182 -2.855602
vertex 2.835236 -0.196034 -2.835238
endloop
endfacet
facet normal 0.664306 0.146557 -0.732952
outer loop
vertex 2.835236 -0.196034 -2.835238
vertex 2.855600 -0.390182 -2.855602
vertex 2.561952 -0.390182 -3.121748
endloop
endfacet
facet normal 0.664306 0.146557 -0.732952
outer loop
vertex 2.835236 -0.196034 -2.835238
vertex 2.561952 -0.390182 -3.121748
vertex 2.543682 -0.196034 -3.099486
endloop
endfacet
facet normal 0.589271 0.146555 -0.794532
outer loop
vertex 2.543682 -0.196034 -3.099486
vertex 2.561952 -0.390182 -3.121748
vertex 2.243632 -0.390180 -3.357832
endloop
endfacet
facet normal 0.589268 0.146562 -0.794533
outer loop
vertex 2.543682 -0.196034 -3.099486
vertex 2.243632 -0.390180 -3.357832
vertex 2.227632 -0.196034 -3.333886
endloop
endfacet
facet normal 0.508550 0.146560 -0.848467
outer loop
vertex 2.227632 -0.196034 -3.333886
vertex 2.243632 -0.390180 -3.357832
vertex 1.903702 -0.390180 -3.561578
endloop
endfacet
facet normal 0.508550 0.146566 -0.848466
outer loop
vertex 2.227632 -0.196034 -3.333886
vertex 1.903702 -0.390180 -3.561578
vertex 1.890126 -0.196034 -3.536178
endloop
endfacet
facet normal 0.422934 0.146566 -0.894229
outer loop
vertex 1.890126 -0.196034 -3.536178
vertex 1.903702 -0.390180 -3.561578
vertex 1.545440 -0.390180 -3.731022
endloop
endfacet
facet normal 0.422942 0.146552 -0.894227
outer loop
vertex 1.890126 -0.196034 -3.536178
vertex 1.545440 -0.390180 -3.731022
vertex 1.534420 -0.196034 -3.704416
endloop
endfacet
facet normal 0.333253 0.146552 -0.931378
outer loop
vertex 1.534420 -0.196034 -3.704416
vertex 1.545440 -0.390180 -3.731022
vertex 1.172294 -0.390180 -3.864536
endloop
endfacet
facet normal 0.333253 0.146555 -0.931378
outer loop
vertex 1.534420 -0.196034 -3.704416
vertex 1.172294 -0.390180 -3.864536
vertex 1.163934 -0.196034 -3.836978
endloop
endfacet
facet normal 0.240356 0.146554 -0.959558
outer loop
vertex 1.163934 -0.196034 -3.836978
vertex 1.172294 -0.390180 -3.864536
vertex 0.787858 -0.390180 -3.960832
endloop
endfacet
facet normal 0.240354 0.146561 -0.959557
outer loop
vertex 1.163934 -0.196034 -3.836978
vertex 0.787858 -0.390180 -3.960832
vertex 0.782240 -0.196034 -3.932586
endloop
endfacet
facet normal 0.145145 0.146561 -0.978495
outer loop
vertex 0.782240 -0.196034 -3.932586
vertex 0.787858 -0.390180 -3.960832
vertex 0.395834 -0.390180 -4.018984
endloop
endfacet
facet normal 0.145151 0.146555 -0.978495
outer loop
vertex 0.782240 -0.196034 -3.932586
vertex 0.395834 -0.390180 -4.018984
vertex 0.393012 -0.196034 -3.990324
endloop
endfacet
facet normal 0.048539 0.146556 -0.988011
outer loop
vertex 0.393012 -0.196034 -3.990324
vertex 0.395834 -0.390180 -4.018984
vertex 0.000000 -0.390180 -4.038430
endloop
endfacet
facet normal 0.048534 0.146563 -0.988010
outer loop
vertex 0.393012 -0.196034 -3.990324
vertex 0.000000 -0.390180 -4.038430
vertex 0.000000 -0.196034 -4.009630
endloop
endfacet
facet normal 0.000000 -0.989175 0.146738
outer loop
vertex 0.000000 1.961570 -6.390180
vertex 0.000000 1.990370 -6.196034
vertex -6.000000 1.990370 -6.196034
endloop
endfacet
facet normal 0.000000 -0.989176 0.146735
outer loop
vertex 0.000000 1.961570 -6.390180
vertex -6.000000 1.990370 -6.196034
vertex -6.000000 1.961570 -6.390180
endloop
endfacet
facet normal 0.671558 -0.740952 0.000000
outer loop
vertex 4.585786 1.414212 0.000000
vertex 4.731214 1.546020 0.000000
vertex 4.731214 1.546020 6.000000
endloop
endfacet
facet normal 0.671559 -0.740951 0.000000
outer loop
vertex 4.585786 1.414212 0.000000
vertex 4.731214 1.546020 6.000000
vertex 4.585786 1.414212 6.000000
endloop
endfacet
facet normal 0.997595 0.049008 -0.049005
outer loop
vertex 4.000000 0.000000 0.000000
vertex 4.009630 -0.196034 0.000000
vertex 3.990324 -0.196034 -0.393014
endloop
endfacet
facet normal 0.997595 0.049020 -0.049011
outer loop
vertex 4.000000 0.000000 0.000000
vertex 3.990324 -0.196034 -0.393014
vertex 3.980738 0.000000 -0.392070
endloop
endfacet
facet normal 0.987987 0.049018 -0.146559
outer loop
vertex 3.980738 0.000000 -0.392070
vertex 3.990324 -0.196034 -0.393014
vertex 3.932586 -0.196034 -0.782240
endloop
endfacet
facet normal 0.987989 0.048998 -0.146550
outer loop
vertex 3.980738 0.000000 -0.392070
vertex 3.932586 -0.196034 -0.782240
vertex 3.923142 0.000000 -0.780362
endloop
endfacet
facet normal 0.968867 0.048999 -0.242684
outer loop
vertex 3.923142 0.000000 -0.780362
vertex 3.932586 -0.196034 -0.782240
vertex 3.836978 -0.196034 -1.163936
endloop
endfacet
facet normal 0.968864 0.049020 -0.242693
outer loop
vertex 3.923142 0.000000 -0.780362
vertex 3.836978 -0.196034 -1.163936
vertex 3.827760 0.000000 -1.161140
endloop
endfacet
facet normal 0.940412 0.049021 -0.336486
outer loop
vertex 3.827760 0.000000 -1.161140
vertex 3.836978 -0.196034 -1.163936
vertex 3.704416 -0.196034 -1.534420
endloop
endfacet
facet normal 0.940413 0.049010 -0.336483
outer loop
vertex 3.827760 0.000000 -1.161140
vertex 3.704416 -0.196034 -1.534420
vertex 3.695518 0.000000 -1.530734
endloop
endfacet
facet normal 0.902901 0.049012 -0.427045
outer loop
vertex 3.695518 0.000000 -1.530734
vertex 3.704416 -0.196034 -1.534420
vertex 3.536178 -0.196034 -1.890126
endloop
endfacet
facet normal 0.902904 0.049002 -0.427040
outer loop
vertex 3.695518 0.000000 -1.530734
vertex 3.536178 -0.196034 -1.890126
vertex 3.527686 0.000000 -1.885586
endloop
endfacet
facet normal 0.856700 0.049002 -0.513483
outer loop
vertex 3.527686 0.000000 -1.885586
vertex 3.536178 -0.196034 -1.890126
vertex 3.333886 -0.196034 -2.227632
endloop
endfacet
facet normal 0.856697 0.049008 -0.513486
outer loop
vertex 3.527686 0.000000 -1.885586
vertex 3.333886 -0.196034 -2.227632
vertex 3.325878 0.000000 -2.222282
endloop
endfacet
facet normal 0.802241 0.049008 -0.594985
outer loop
vertex 3.325878 0.000000 -2.222282
vertex 3.333886 -0.196034 -2.227632
vertex 3.099486 -0.196034 -2.543682
endloop
endfacet
facet normal 0.802243 0.049000 -0.594983
outer loop
vertex 3.325878 0.000000 -2.222282
vertex 3.099486 -0.196034 -2.543682
vertex 3.092042 0.000000 -2.537574
endloop
endfacet
facet normal 0.740063 0.049002 -0.670750
outer loop
vertex 3.092042 0.000000 -2.537574
vertex 3.099486 -0.196034 -2.543682
vertex 2.835236 -0.196034 -2.835238
endloop
endfacet
facet normal 0.740059 0.049010 -0.670754
outer loop
vertex 3.092042 0.000000 -2.537574
vertex 2.835236 -0.196034 -2.835238
vertex 2.828426 0.000000 -2.828428
endloop
endfacet
facet normal 0.670750 0.049010 -0.740062
outer loop
vertex 2.828426 0.000000 -2.828428
vertex 2.835236 -0.196034 -2.835238
vertex 2.543682 -0.196034 -3.099486
endloop
endfacet
facet normal 0.670751 0.049009 -0.740061
outer loop
vertex 2.828426 0.000000 -2.828428
vertex 2.543682 -0.196034 -3.099486
vertex 2.537572 0.000000 -3.092042
endloop
endfacet
facet normal 0.594986 0.049010 -0.802240
outer loop
vertex 2.537572 0.000000 -3.092042
vertex 2.543682 -0.196034 -3.099486
vertex 2.227632 -0.196034 -3.333886
endloop
endfacet
facet normal 0.594984 0.049010 -0.802242
outer loop
vertex 2.537572 0.000000 -3.092042
vertex 2.227632 -0.196034 -3.333886
vertex 2.222282 0.000000 -3.325878
endloop
endfacet
facet normal 0.513483 0.049010 -0.856699
outer loop
vertex 2.222282 0.000000 -3.325878
vertex 2.227632 -0.196034 -3.333886
vertex 1.890126 -0.196034 -3.536178
endloop
endfacet
facet normal 0.513486 0.049002 -0.856698
outer loop
vertex 2.222282 0.000000 -3.325878
vertex 1.890126 -0.196034 -3.536178
vertex 1.885586 0.000000 -3.527686
endloop
endfacet
facet normal 0.427046 0.049002 -0.902901
outer loop
vertex 1.885586 0.000000 -3.527686
vertex 1.890126 -0.196034 -3.536178
vertex 1.534420 -0.196034 -3.704416
endloop
endfacet
facet normal 0.427039 0.049013 -0.902904
outer loop
vertex 1.885586 0.000000 -3.527686
vertex 1.534420 -0.196034 -3.704416
vertex 1.530734 0.000000 -3.695518
endloop
endfacet
facet normal 0.336485 0.049013 -0.940412
outer loop
vertex 1.530734 0.000000 -3.695518
vertex 1.534420 -0.196034 -3.704416
vertex 1.163934 -0.196034 -3.836978
endloop
endfacet
facet normal 0.336485 0.049010 -0.940413
outer loop
vertex 1.530734 0.000000 -3.695518
vertex 1.163934 -0.196034 -3.836978
vertex 1.161138 0.000000 -3.827762
endloop
endfacet
facet normal 0.242685 0.049010 -0.968866
outer loop
vertex 1.161138 0.000000 -3.827762
vertex 1.163934 -0.196034 -3.836978
vertex 0.782240 -0.196034 -3.932586
endloop
endfacet
facet normal 0.242691 0.049000 -0.968865
outer loop
vertex 1.161138 0.000000 -3.827762
vertex 0.782240 -0.196034 -3.932586
vertex 0.780362 0.000000 -3.923142
endloop
endfacet
facet normal 0.146557 0.049001 -0.987988
outer loop
vertex 0.780362 0.000000 -3.923142
vertex 0.782240 -0.196034 -3.932586
vertex 0.393012 -0.196034 -3.990324
endloop
endfacet
facet normal 0.146554 0.049008 -0.987988
outer loop
vertex 0.780362 0.000000 -3.923142
vertex 0.393012 -0.196034 -3.990324
vertex 0.392068 0.000000 -3.980740
endloop
endfacet
facet normal 0.049005 0.049008 -0.997595
outer loop
vertex 0.392068 0.000000 -3.980740
vertex 0.393012 -0.196034 -3.990324
vertex 0.000000 -0.196034 -4.009630
endloop
endfacet
facet normal 0.049006 0.049007 -0.997596
outer loop
vertex 0.392068 0.000000 -3.980740
vertex 0.000000 -0.196034 -4.009630
vertex 0.000000 0.000000 -4.000000
endloop
endfacet
facet normal 0.000000 0.903986 0.427562
outer loop
vertex 0.000000 -1.847760 -6.765368
vertex 0.000000 -1.763842 -6.942794
vertex -6.000000 -1.763842 -6.942794
endloop
endfacet
facet normal 0.000000 0.903986 0.427562
outer loop
vertex 0.000000 -1.847760 -6.765368
vertex -6.000000 -1.763842 -6.942794
vertex -6.000000 -1.847760 -6.765368
endloop
endfacet
facet normal 0.941549 -0.336877 -0.000000
outer loop
vertex 4.086120 0.580568 0.000000
vertex 4.152240 0.765366 0.000000
vertex 4.152242 0.765366 6.000000
endloop
endfacet
facet normal 0.941543 -0.336894 0.000000
outer loop
vertex 4.086120 0.580568 0.000000
vertex 4.152242 0.765366 6.000000
vertex 4.086120 0.580568 6.000000
endloop
endfacet
facet normal 0.997595 -0.049006 -0.049011
outer loop
vertex 4.009630 0.196034 0.000000
vertex 4.000000 0.000000 0.000000
vertex 3.980738 0.000000 -0.392070
endloop
endfacet
facet normal 0.997595 -0.049022 -0.049005
outer loop
vertex 4.009630 0.196034 0.000000
vertex 3.980738 0.000000 -0.392070
vertex 3.990324 0.196034 -0.393014
endloop
endfacet
facet normal 0.987988 -0.049015 -0.146550
outer loop
vertex 3.990324 0.196034 -0.393014
vertex 3.980738 0.000000 -0.392070
vertex 3.923142 0.000000 -0.780362
endloop
endfacet
facet normal 0.987988 -0.049001 -0.146559
outer loop
vertex 3.990324 0.196034 -0.393014
vertex 3.923142 0.000000 -0.780362
vertex 3.932586 0.196034 -0.782240
endloop
endfacet
facet normal 0.968865 -0.049002 -0.242693
outer loop
vertex 3.932586 0.196034 -0.782240
vertex 3.923142 0.000000 -0.780362
vertex 3.827760 0.000000 -1.161140
endloop
endfacet
facet normal 0.968866 -0.049017 -0.242684
outer loop
vertex 3.932586 0.196034 -0.782240
vertex 3.827760 0.000000 -1.161140
vertex 3.836978 0.196034 -1.163936
endloop
endfacet
facet normal 0.940413 -0.049018 -0.336483
outer loop
vertex 3.836978 0.196034 -1.163936
vertex 3.827760 0.000000 -1.161140
vertex 3.695518 0.000000 -1.530734
endloop
endfacet
facet normal 0.940412 -0.049013 -0.336486
outer loop
vertex 3.836978 0.196034 -1.163936
vertex 3.695518 0.000000 -1.530734
vertex 3.704416 0.196034 -1.534420
endloop
endfacet
facet normal 0.902903 -0.049015 -0.427040
outer loop
vertex 3.704416 0.196034 -1.534420
vertex 3.695518 0.000000 -1.530734
vertex 3.527686 0.000000 -1.885586
endloop
endfacet
facet normal 0.902902 -0.048999 -0.427045
outer loop
vertex 3.704416 0.196034 -1.534420
vertex 3.527686 0.000000 -1.885586
vertex 3.536178 0.196034 -1.890126
endloop
endfacet
facet normal 0.856698 -0.048999 -0.513486
outer loop
vertex 3.536178 0.196034 -1.890126
vertex 3.527686 0.000000 -1.885586
vertex 3.325878 0.000000 -2.222282
endloop
endfacet
facet normal 0.856699 -0.049011 -0.513483
outer loop
vertex 3.536178 0.196034 -1.890126
vertex 3.325878 0.000000 -2.222282
vertex 3.333886 0.196034 -2.227632
endloop
endfacet
facet normal 0.802243 -0.049009 -0.594982
outer loop
vertex 3.333886 0.196034 -2.227632
vertex 3.325878 0.000000 -2.222282
vertex 3.092042 0.000000 -2.537574
endloop
endfacet
facet normal 0.802241 -0.049002 -0.594986
outer loop
vertex 3.333886 0.196034 -2.227632
vertex 3.092042 0.000000 -2.537574
vertex 3.099486 0.196034 -2.543682
endloop
endfacet
facet normal 0.740060 -0.049001 -0.670753
outer loop
vertex 3.099486 0.196034 -2.543682
vertex 3.092042 0.000000 -2.537574
vertex 2.828426 0.000000 -2.828428
endloop
endfacet
facet normal 0.740061 -0.049011 -0.670751
outer loop
vertex 3.099486 0.196034 -2.543682
vertex 2.828426 0.000000 -2.828428
vertex 2.835236 0.196034 -2.835238
endloop
endfacet
facet normal 0.670751 -0.049009 -0.740061
outer loop
vertex 2.835236 0.196034 -2.835238
vertex 2.828426 0.000000 -2.828428
vertex 2.537572 0.000000 -3.092042
endloop
endfacet
facet normal 0.670750 -0.049010 -0.740062
outer loop
vertex 2.835236 0.196034 -2.835238
vertex 2.537572 0.000000 -3.092042
vertex 2.543682 0.196034 -3.099486
endloop
endfacet
facet normal 0.594985 -0.049009 -0.802241
outer loop
vertex 2.543682 0.196034 -3.099486
vertex 2.537572 0.000000 -3.092042
vertex 2.222282 0.000000 -3.325878
endloop
endfacet
facet normal 0.594985 -0.049011 -0.802241
outer loop
vertex 2.543682 0.196034 -3.099486
vertex 2.222282 0.000000 -3.325878
vertex 2.227632 0.196034 -3.333886
endloop
endfacet
facet normal 0.513487 -0.049010 -0.856697
outer loop
vertex 2.227632 0.196034 -3.333886
vertex 2.222282 0.000000 -3.325878
vertex 1.885586 0.000000 -3.527686
endloop
endfacet
facet normal 0.513482 -0.049002 -0.856700
outer loop
vertex 2.227632 0.196034 -3.333886
vertex 1.885586 0.000000 -3.527686
vertex 1.890126 0.196034 -3.536178
endloop
endfacet
facet normal 0.427041 -0.049003 -0.902904
outer loop
vertex 1.890126 0.196034 -3.536178
vertex 1.885586 0.000000 -3.527686
vertex 1.530734 0.000000 -3.695518
endloop
endfacet
facet normal 0.427044 -0.049013 -0.902901
outer loop
vertex 1.890126 0.196034 -3.536178
vertex 1.530734 0.000000 -3.695518
vertex 1.534420 0.196034 -3.704416
endloop
endfacet
facet normal 0.336486 -0.049013 -0.940412
outer loop
vertex 1.534420 0.196034 -3.704416
vertex 1.530734 0.000000 -3.695518
vertex 1.161138 0.000000 -3.827762
endloop
endfacet
facet normal 0.336484 -0.049010 -0.940413
outer loop
vertex 1.534420 0.196034 -3.704416
vertex 1.161138 0.000000 -3.827762
vertex 1.163934 0.196034 -3.836978
endloop
endfacet
facet normal 0.242691 -0.049010 -0.968865
outer loop
vertex 1.163934 0.196034 -3.836978
vertex 1.161138 0.000000 -3.827762
vertex 0.780362 0.000000 -3.923142
endloop
endfacet
facet normal 0.242685 -0.049000 -0.968867
outer loop
vertex 1.163934 0.196034 -3.836978
vertex 0.780362 0.000000 -3.923142
vertex 0.782240 0.196034 -3.932586
endloop
endfacet
facet normal 0.146554 -0.049001 -0.987988
outer loop
vertex 0.782240 0.196034 -3.932586
vertex 0.780362 0.000000 -3.923142
vertex 0.392068 0.000000 -3.980740
endloop
endfacet
facet normal 0.146557 -0.049008 -0.987988
outer loop
vertex 0.782240 0.196034 -3.932586
vertex 0.392068 0.000000 -3.980740
vertex 0.393012 0.196034 -3.990324
endloop
endfacet
facet normal 0.049006 -0.049008 -0.997595
outer loop
vertex 0.393012 0.196034 -3.990324
vertex 0.392068 0.000000 -3.980740
vertex 0.000000 0.000000 -4.000000
endloop
endfacet
facet normal 0.049005 -0.049007 -0.997595
outer loop
vertex 0.393012 0.196034 -3.990324
vertex 0.000000 0.000000 -4.000000
vertex 0.000000 0.196034 -4.009630
endloop
endfacet
facet normal 0.000000 -0.514100 -0.857730
outer loop
vertex 0.000000 1.111140 -4.337060
vertex 0.000000 0.942794 -4.236158
vertex -6.000000 0.942794 -4.236158
endloop
endfacet
facet normal 0.000000 -0.514101 -0.857730
outer loop
vertex 0.000000 1.111140 -4.337060
vertex -6.000000 0.942794 -4.236158
vertex -6.000000 1.111140 -4.337060
endloop
endfacet
facet normal 0.989176 0.146733 0.000000
outer loop
vertex 4.038430 -0.390182 0.000000
vertex 4.009630 -0.196034 0.000000
vertex 4.009630 -0.196034 6.000000
endloop
endfacet
facet normal 0.989176 0.146736 0.000000
outer loop
vertex 4.038430 -0.390182 0.000000
vertex 4.009630 -0.196034 6.000000
vertex 4.038430 -0.390182 6.000000
endloop
endfacet
facet normal 0.988010 -0.146562 -0.048534
outer loop
vertex 4.038430 0.390180 0.000000
vertex 4.009630 0.196034 0.000000
vertex 3.990324 0.196034 -0.393014
endloop
endfacet
facet normal 0.988012 -0.146547 -0.048543
outer loop
vertex 4.038430 0.390180 0.000000
vertex 3.990324 0.196034 -0.393014
vertex 4.018982 0.390180 -0.395836
endloop
endfacet
facet normal 0.978497 -0.146545 -0.145151
outer loop
vertex 4.018982 0.390180 -0.395836
vertex 3.990324 0.196034 -0.393014
vertex 3.932586 0.196034 -0.782240
endloop
endfacet
facet normal 0.978495 -0.146561 -0.145143
outer loop
vertex 4.018982 0.390180 -0.395836
vertex 3.932586 0.196034 -0.782240
vertex 3.960832 0.390180 -0.787858
endloop
endfacet
facet normal 0.959557 -0.146565 -0.240352
outer loop
vertex 3.960832 0.390180 -0.787858
vertex 3.932586 0.196034 -0.782240
vertex 3.836978 0.196034 -1.163936
endloop
endfacet
facet normal 0.959558 -0.146553 -0.240355
outer loop
vertex 3.960832 0.390180 -0.787858
vertex 3.836978 0.196034 -1.163936
vertex 3.864536 0.390180 -1.172296
endloop
endfacet
facet normal 0.931377 -0.146554 -0.333254
outer loop
vertex 3.864536 0.390180 -1.172296
vertex 3.836978 0.196034 -1.163936
vertex 3.704416 0.196034 -1.534420
endloop
endfacet
facet normal 0.931377 -0.146556 -0.333255
outer loop
vertex 3.864536 0.390180 -1.172296
vertex 3.704416 0.196034 -1.534420
vertex 3.731022 0.390180 -1.545440
endloop
endfacet
facet normal 0.894227 -0.146554 -0.422942
outer loop
vertex 3.731022 0.390180 -1.545440
vertex 3.704416 0.196034 -1.534420
vertex 3.536178 0.196034 -1.890126
endloop
endfacet
facet normal 0.894229 -0.146564 -0.422935
outer loop
vertex 3.731022 0.390180 -1.545440
vertex 3.536178 0.196034 -1.890126
vertex 3.561578 0.390180 -1.903702
endloop
endfacet
facet normal 0.848467 -0.146565 -0.508549
outer loop
vertex 3.561578 0.390180 -1.903702
vertex 3.536178 0.196034 -1.890126
vertex 3.333886 0.196034 -2.227632
endloop
endfacet
facet normal 0.848467 -0.146560 -0.508551
outer loop
vertex 3.561578 0.390180 -1.903702
vertex 3.333886 0.196034 -2.227632
vertex 3.357832 0.390180 -2.243632
endloop
endfacet
facet normal 0.794533 -0.146563 -0.589268
outer loop
vertex 3.357832 0.390180 -2.243632
vertex 3.333886 0.196034 -2.227632
vertex 3.099486 0.196034 -2.543682
endloop
endfacet
facet normal 0.794532 -0.146558 -0.589270
outer loop
vertex 3.357832 0.390180 -2.243632
vertex 3.099486 0.196034 -2.543682
vertex 3.121748 0.390180 -2.561952
endloop
endfacet
facet normal 0.732951 -0.146559 -0.664306
outer loop
vertex 3.121748 0.390180 -2.561952
vertex 3.099486 0.196034 -2.543682
vertex 2.835236 0.196034 -2.835238
endloop
endfacet
facet normal 0.732951 -0.146561 -0.664306
outer loop
vertex 3.121748 0.390180 -2.561952
vertex 2.835236 0.196034 -2.835238
vertex 2.855600 0.390180 -2.855602
endloop
endfacet
facet normal 0.664307 -0.146560 -0.732951
outer loop
vertex 2.855600 0.390180 -2.855602
vertex 2.835236 0.196034 -2.835238
vertex 2.543682 0.196034 -3.099486
endloop
endfacet
facet normal 0.664306 -0.146557 -0.732952
outer loop
vertex 2.855600 0.390180 -2.855602
vertex 2.543682 0.196034 -3.099486
vertex 2.561952 0.390180 -3.121748
endloop
endfacet
facet normal 0.589269 -0.146558 -0.794533
outer loop
vertex 2.561952 0.390180 -3.121748
vertex 2.543682 0.196034 -3.099486
vertex 2.227632 0.196034 -3.333886
endloop
endfacet
facet normal 0.589270 -0.146560 -0.794532
outer loop
vertex 2.561952 0.390180 -3.121748
vertex 2.227632 0.196034 -3.333886
vertex 2.243632 0.390180 -3.357832
endloop
endfacet
facet normal 0.508549 -0.146561 -0.848468
outer loop
vertex 2.243632 0.390180 -3.357832
vertex 2.227632 0.196034 -3.333886
vertex 1.890126 0.196034 -3.536178
endloop
endfacet
facet normal 0.508551 -0.146566 -0.848466
outer loop
vertex 2.243632 0.390180 -3.357832
vertex 1.890126 0.196034 -3.536178
vertex 1.903702 0.390180 -3.561578
endloop
endfacet
facet normal 0.422940 -0.146566 -0.894226
outer loop
vertex 1.903702 0.390180 -3.561578
vertex 1.890126 0.196034 -3.536178
vertex 1.534420 0.196034 -3.704416
endloop
endfacet
facet normal 0.422936 -0.146552 -0.894230
outer loop
vertex 1.903702 0.390180 -3.561578
vertex 1.534420 0.196034 -3.704416
vertex 1.545440 0.390180 -3.731022
endloop
endfacet
facet normal 0.333252 -0.146552 -0.931378
outer loop
vertex 1.545440 0.390180 -3.731022
vertex 1.534420 0.196034 -3.704416
vertex 1.163934 0.196034 -3.836978
endloop
endfacet
facet normal 0.333254 -0.146555 -0.931377
outer loop
vertex 1.545440 0.390180 -3.731022
vertex 1.163934 0.196034 -3.836978
vertex 1.172294 0.390180 -3.864536
endloop
endfacet
facet normal 0.240353 -0.146554 -0.959558
outer loop
vertex 1.172294 0.390180 -3.864536
vertex 1.163934 0.196034 -3.836978
vertex 0.782240 0.196034 -3.932586
endloop
endfacet
facet normal 0.240357 -0.146560 -0.959556
outer loop
vertex 1.172294 0.390180 -3.864536
vertex 0.782240 0.196034 -3.932586
vertex 0.787858 0.390180 -3.960832
endloop
endfacet
facet normal 0.145148 -0.146561 -0.978495
outer loop
vertex 0.787858 0.390180 -3.960832
vertex 0.782240 0.196034 -3.932586
vertex 0.393012 0.196034 -3.990324
endloop
endfacet
facet normal 0.145148 -0.146555 -0.978496
outer loop
vertex 0.787858 0.390180 -3.960832
vertex 0.393012 0.196034 -3.990324
vertex 0.395834 0.390180 -4.018984
endloop
endfacet
facet normal 0.048534 -0.146556 -0.988011
outer loop
vertex 0.395834 0.390180 -4.018984
vertex 0.393012 0.196034 -3.990324
vertex 0.000000 0.196034 -4.009630
endloop
endfacet
facet normal 0.048539 -0.146563 -0.988010
outer loop
vertex 0.395834 0.390180 -4.018984
vertex 0.000000 0.196034 -4.009630
vertex 0.000000 0.390180 -4.038430
endloop
endfacet
facet normal 0.000000 -0.998796 0.049064
outer loop
vertex 0.000000 1.990370 -6.196034
vertex 0.000000 2.000000 -6.000000
vertex -6.000000 2.000000 -6.000000
endloop
endfacet
facet normal 0.000000 -0.998796 0.049064
outer loop
vertex 0.000000 1.990370 -6.196034
vertex -6.000000 2.000000 -6.000000
vertex -6.000000 1.990370 -6.196034
endloop
endfacet
facet normal 0.427555 0.903989 0.000000
outer loop
vertex 5.234632 -1.847760 0.000000
vertex 5.057206 -1.763844 0.000000
vertex 5.057206 -1.763844 6.000000
endloop
endfacet
facet normal 0.427554 0.903990 0.000000
outer loop
vertex 5.234632 -1.847760 0.000000
vertex 5.057206 -1.763844 6.000000
vertex 5.234632 -1.847760 6.000000
endloop
endfacet
facet normal 0.968931 -0.242707 -0.047606
outer loop
vertex 4.086120 0.580568 0.000000
vertex 4.038430 0.390180 0.000000
vertex 4.018982 0.390180 -0.395836
endloop
endfacet
facet normal 0.968930 -0.242711 -0.047602
outer loop
vertex 4.086120 0.580568 0.000000
vertex 4.018982 0.390180 -0.395836
vertex 4.066444 0.580568 -0.400510
endloop
endfacet
facet normal 0.959598 -0.242714 -0.142340
outer loop
vertex 4.066444 0.580568 -0.400510
vertex 4.018982 0.390180 -0.395836
vertex 3.960832 0.390180 -0.787858
endloop
endfacet
facet normal 0.959600 -0.242707 -0.142343
outer loop
vertex 4.066444 0.580568 -0.400510
vertex 3.960832 0.390180 -0.787858
vertex 4.007606 0.580568 -0.797162
endloop
endfacet
facet normal 0.941028 -0.242706 -0.235714
outer loop
vertex 4.007606 0.580568 -0.797162
vertex 3.960832 0.390180 -0.787858
vertex 3.864536 0.390180 -1.172296
endloop
endfacet
facet normal 0.941028 -0.242701 -0.235717
outer loop
vertex 4.007606 0.580568 -0.797162
vertex 3.864536 0.390180 -1.172296
vertex 3.910172 0.580568 -1.186138
endloop
endfacet
facet normal 0.913393 -0.242697 -0.326820
outer loop
vertex 3.910172 0.580568 -1.186138
vertex 3.864536 0.390180 -1.172296
vertex 3.731022 0.390180 -1.545440
endloop
endfacet
facet normal 0.913391 -0.242710 -0.326815
outer loop
vertex 3.910172 0.580568 -1.186138
vertex 3.731022 0.390180 -1.545440
vertex 3.775082 0.580568 -1.563690
endloop
endfacet
facet normal 0.876961 -0.242708 -0.414768
outer loop
vertex 3.775082 0.580568 -1.563690
vertex 3.731022 0.390180 -1.545440
vertex 3.561578 0.390180 -1.903702
endloop
endfacet
facet normal 0.876961 -0.242701 -0.414772
outer loop
vertex 3.775082 0.580568 -1.563690
vertex 3.561578 0.390180 -1.903702
vertex 3.603636 0.580568 -1.926182
endloop
endfacet
facet normal 0.832084 -0.242701 -0.498732
outer loop
vertex 3.603636 0.580568 -1.926182
vertex 3.561578 0.390180 -1.903702
vertex 3.357832 0.390180 -2.243632
endloop
endfacet
facet normal 0.832084 -0.242702 -0.498731
outer loop
vertex 3.603636 0.580568 -1.926182
vertex 3.357832 0.390180 -2.243632
vertex 3.397484 0.580568 -2.270126
endloop
endfacet
facet normal 0.779191 -0.242699 -0.577892
outer loop
vertex 3.397484 0.580568 -2.270126
vertex 3.357832 0.390180 -2.243632
vertex 3.121748 0.390180 -2.561952
endloop
endfacet
facet normal 0.779191 -0.242703 -0.577890
outer loop
vertex 3.397484 0.580568 -2.270126
vertex 3.121748 0.390180 -2.561952
vertex 3.158612 0.580568 -2.592206
endloop
endfacet
facet normal 0.718799 -0.242701 -0.651479
outer loop
vertex 3.158612 0.580568 -2.592206
vertex 3.121748 0.390180 -2.561952
vertex 2.855600 0.390180 -2.855602
endloop
endfacet
facet normal 0.718799 -0.242706 -0.651477
outer loop
vertex 3.158612 0.580568 -2.592206
vertex 2.855600 0.390180 -2.855602
vertex 2.889322 0.580568 -2.889324
endloop
endfacet
facet normal 0.651478 -0.242707 -0.718798
outer loop
vertex 2.889322 0.580568 -2.889324
vertex 2.855600 0.390180 -2.855602
vertex 2.561952 0.390180 -3.121748
endloop
endfacet
facet normal 0.651477 -0.242703 -0.718799
outer loop
vertex 2.889322 0.580568 -2.889324
vertex 2.561952 0.390180 -3.121748
vertex 2.592206 0.580568 -3.158612
endloop
endfacet
facet normal 0.577890 -0.242704 -0.779190
outer loop
vertex 2.592206 0.580568 -3.158612
vertex 2.561952 0.390180 -3.121748
vertex 2.243632 0.390180 -3.357832
endloop
endfacet
facet normal 0.577891 -0.242704 -0.779190
outer loop
vertex 2.592206 0.580568 -3.158612
vertex 2.243632 0.390180 -3.357832
vertex 2.270128 0.580570 -3.397484
endloop
endfacet
facet normal 0.498732 -0.242703 -0.832083
outer loop
vertex 2.270128 0.580570 -3.397484
vertex 2.243632 0.390180 -3.357832
vertex 1.903702 0.390180 -3.561578
endloop
endfacet
facet normal 0.498730 -0.242698 -0.832085
outer loop
vertex 2.270128 0.580570 -3.397484
vertex 1.903702 0.390180 -3.561578
vertex 1.926182 0.580570 -3.603636
endloop
endfacet
facet normal 0.414768 -0.242698 -0.876964
outer loop
vertex 1.926182 0.580570 -3.603636
vertex 1.903702 0.390180 -3.561578
vertex 1.545440 0.390180 -3.731022
endloop
endfacet
facet normal 0.414772 -0.242705 -0.876960
outer loop
vertex 1.926182 0.580570 -3.603636
vertex 1.545440 0.390180 -3.731022
vertex 1.563690 0.580570 -3.775082
endloop
endfacet
facet normal 0.326817 -0.242705 -0.913392
outer loop
vertex 1.563690 0.580570 -3.775082
vertex 1.545440 0.390180 -3.731022
vertex 1.172294 0.390180 -3.864536
endloop
endfacet
facet normal 0.326815 -0.242699 -0.913394
outer loop
vertex 1.563690 0.580570 -3.775082
vertex 1.172294 0.390180 -3.864536
vertex 1.186136 0.580570 -3.910172
endloop
endfacet
facet normal 0.235716 -0.242699 -0.941029
outer loop
vertex 1.186136 0.580570 -3.910172
vertex 1.172294 0.390180 -3.864536
vertex 0.787858 0.390180 -3.960832
endloop
endfacet
facet normal 0.235717 -0.242705 -0.941027
outer loop
vertex 1.186136 0.580570 -3.910172
vertex 0.787858 0.390180 -3.960832
vertex 0.797162 0.580570 -4.007606
endloop
endfacet
facet normal 0.142347 -0.242705 -0.959600
outer loop
vertex 0.797162 0.580570 -4.007606
vertex 0.787858 0.390180 -3.960832
vertex 0.395834 0.390180 -4.018984
endloop
endfacet
facet normal 0.142342 -0.242702 -0.959601
outer loop
vertex 0.797162 0.580570 -4.007606
vertex 0.395834 0.390180 -4.018984
vertex 0.400508 0.580570 -4.066444
endloop
endfacet
facet normal 0.047598 -0.242702 -0.968932
outer loop
vertex 0.400508 0.580570 -4.066444
vertex 0.395834 0.390180 -4.018984
vertex 0.000000 0.390180 -4.038430
endloop
endfacet
facet normal 0.047602 -0.242703 -0.968932
outer loop
vertex 0.400508 0.580570 -4.066444
vertex 0.000000 0.390180 -4.038430
vertex 0.000000 0.580570 -4.086120
endloop
endfacet
facet normal 0.000000 0.857730 0.514100
outer loop
vertex 0.000000 -1.763842 -6.942794
vertex 0.000000 -1.662940 -7.111140
vertex -6.000000 -1.662940 -7.111140
endloop
endfacet
facet normal 0.000000 0.857730 0.514100
outer loop
vertex 0.000000 -1.763842 -6.942794
vertex -6.000000 -1.662940 -7.111140
vertex -6.000000 -1.763842 -6.942794
endloop
endfacet
facet normal 0.803202 0.595707 0.000000
outer loop
vertex 4.453980 -1.268788 0.000000
vertex 4.337060 -1.111142 0.000000
vertex 4.337060 -1.111142 6.000000
endloop
endfacet
facet normal 0.803204 0.595705 0.000000
outer loop
vertex 4.453980 -1.268788 0.000000
vertex 4.337060 -1.111142 6.000000
vertex 4.453980 -1.268788 6.000000
endloop
endfacet
facet normal 0.940543 -0.336518 -0.046207
outer loop
vertex 4.152240 0.765366 0.000000
vertex 4.086120 0.580568 0.000000
vertex 4.066444 0.580568 -0.400510
endloop
endfacet
facet normal 0.940539 -0.336528 -0.046205
outer loop
vertex 4.152240 0.765366 0.000000
vertex 4.066444 0.580568 -0.400510
vertex 4.132246 0.765366 -0.406992
endloop
endfacet
facet normal 0.931482 -0.336527 -0.138173
outer loop
vertex 4.132246 0.765366 -0.406992
vertex 4.066444 0.580568 -0.400510
vertex 4.007606 0.580568 -0.797162
endloop
endfacet
facet normal 0.931482 -0.336524 -0.138173
outer loop
vertex 4.132246 0.765366 -0.406992
vertex 4.007606 0.580568 -0.797162
vertex 4.072456 0.765366 -0.810062
endloop
endfacet
facet normal 0.913453 -0.336526 -0.228810
outer loop
vertex 4.072456 0.765366 -0.810062
vertex 4.007606 0.580568 -0.797162
vertex 3.910172 0.580568 -1.186138
endloop
endfacet
facet normal 0.913452 -0.336529 -0.228808
outer loop
vertex 4.072456 0.765366 -0.810062
vertex 3.910172 0.580568 -1.186138
vertex 3.973446 0.765366 -1.205332
endloop
endfacet
facet normal 0.886628 -0.336527 -0.317239
outer loop
vertex 3.973446 0.765366 -1.205332
vertex 3.910172 0.580568 -1.186138
vertex 3.775082 0.580568 -1.563690
endloop
endfacet
facet normal 0.886627 -0.336528 -0.317239
outer loop
vertex 3.973446 0.765366 -1.205332
vertex 3.775082 0.580568 -1.563690
vertex 3.836170 0.765366 -1.588994
endloop
endfacet
facet normal 0.851263 -0.336527 -0.402618
outer loop
vertex 3.836170 0.765366 -1.588994
vertex 3.775082 0.580568 -1.563690
vertex 3.603636 0.580568 -1.926182
endloop
endfacet
facet normal 0.851262 -0.336531 -0.402616
outer loop
vertex 3.836170 0.765366 -1.588994
vertex 3.603636 0.580568 -1.926182
vertex 3.661950 0.765366 -1.957352
endloop
endfacet
facet normal 0.807700 -0.336528 -0.484116
outer loop
vertex 3.661950 0.765366 -1.957352
vertex 3.603636 0.580568 -1.926182
vertex 3.397484 0.580568 -2.270126
endloop
endfacet
facet normal 0.807699 -0.336531 -0.484116
outer loop
vertex 3.661950 0.765366 -1.957352
vertex 3.397484 0.580568 -2.270126
vertex 3.452462 0.765366 -2.306862
endloop
endfacet
facet normal 0.756357 -0.336529 -0.560956
outer loop
vertex 3.452462 0.765366 -2.306862
vertex 3.397484 0.580568 -2.270126
vertex 3.158612 0.580568 -2.592206
endloop
endfacet
facet normal 0.756358 -0.336537 -0.560951
outer loop
vertex 3.452462 0.765366 -2.306862
vertex 3.158612 0.580568 -2.592206
vertex 3.209726 0.765366 -2.634154
endloop
endfacet
facet normal 0.697734 -0.336538 -0.632384
outer loop
vertex 3.209726 0.765366 -2.634154
vertex 3.158612 0.580568 -2.592206
vertex 2.889322 0.580568 -2.889324
endloop
endfacet
facet normal 0.697733 -0.336522 -0.632394
outer loop
vertex 3.209726 0.765366 -2.634154
vertex 2.889322 0.580568 -2.889324
vertex 2.936076 0.765366 -2.936078
endloop
endfacet
facet normal 0.632388 -0.336524 -0.697738
outer loop
vertex 2.936076 0.765366 -2.936078
vertex 2.889322 0.580568 -2.889324
vertex 2.592206 0.580568 -3.158612
endloop
endfacet
facet normal 0.632389 -0.336536 -0.697730
outer loop
vertex 2.936076 0.765366 -2.936078
vertex 2.592206 0.580568 -3.158612
vertex 2.634154 0.765366 -3.209726
endloop
endfacet
facet normal 0.560955 -0.336536 -0.756355
outer loop
vertex 2.634154 0.765366 -3.209726
vertex 2.592206 0.580568 -3.158612
vertex 2.270128 0.580570 -3.397484
endloop
endfacet
facet normal 0.560954 -0.336528 -0.756359
outer loop
vertex 2.634154 0.765366 -3.209726
vertex 2.270128 0.580570 -3.397484
vertex 2.306862 0.765366 -3.452462
endloop
endfacet
facet normal 0.484114 -0.336529 -0.807702
outer loop
vertex 2.306862 0.765366 -3.452462
vertex 2.270128 0.580570 -3.397484
vertex 1.926182 0.580570 -3.603636
endloop
endfacet
facet normal 0.484115 -0.336534 -0.807699
outer loop
vertex 2.306862 0.765366 -3.452462
vertex 1.926182 0.580570 -3.603636
vertex 1.957352 0.765366 -3.661950
endloop
endfacet
facet normal 0.402617 -0.336533 -0.851261
outer loop
vertex 1.957352 0.765366 -3.661950
vertex 1.926182 0.580570 -3.603636
vertex 1.563690 0.580570 -3.775082
endloop
endfacet
facet normal 0.402615 -0.336531 -0.851263
outer loop
vertex 1.957352 0.765366 -3.661950
vertex 1.563690 0.580570 -3.775082
vertex 1.588994 0.765366 -3.836170
endloop
endfacet
facet normal 0.317238 -0.336531 -0.886627
outer loop
vertex 1.588994 0.765366 -3.836170
vertex 1.563690 0.580570 -3.775082
vertex 1.186136 0.580570 -3.910172
endloop
endfacet
facet normal 0.317242 -0.336542 -0.886621
outer loop
vertex 1.588994 0.765366 -3.836170
vertex 1.186136 0.580570 -3.910172
vertex 1.205332 0.765366 -3.973448
endloop
endfacet
facet normal 0.228810 -0.336542 -0.913447
outer loop
vertex 1.205332 0.765366 -3.973448
vertex 1.186136 0.580570 -3.910172
vertex 0.797162 0.580570 -4.007606
endloop
endfacet
facet normal 0.228802 -0.336527 -0.913454
outer loop
vertex 1.205332 0.765366 -3.973448
vertex 0.797162 0.580570 -4.007606
vertex 0.810062 0.765366 -4.072456
endloop
endfacet
facet normal 0.138173 -0.336527 -0.931482
outer loop
vertex 0.810062 0.765366 -4.072456
vertex 0.797162 0.580570 -4.007606
vertex 0.400508 0.580570 -4.066444
endloop
endfacet
facet normal 0.138173 -0.336528 -0.931481
outer loop
vertex 0.810062 0.765366 -4.072456
vertex 0.400508 0.580570 -4.066444
vertex 0.406990 0.765366 -4.132246
endloop
endfacet
facet normal 0.046207 -0.336528 -0.940539
outer loop
vertex 0.406990 0.765366 -4.132246
vertex 0.400508 0.580570 -4.066444
vertex 0.000000 0.580570 -4.086120
endloop
endfacet
facet normal 0.046202 -0.336524 -0.940541
outer loop
vertex 0.406990 0.765366 -4.132246
vertex 0.000000 0.580570 -4.086120
vertex 0.000000 0.765366 -4.152240
endloop
endfacet
facet normal 0.000000 -0.427559 -0.903988
outer loop
vertex 0.000000 0.942794 -4.236158
vertex 0.000000 0.765366 -4.152240
vertex -6.000000 0.765366 -4.152240
endloop
endfacet
facet normal 0.000000 -0.427559 -0.903987
outer loop
vertex 0.000000 0.942794 -4.236158
vertex -6.000000 0.765366 -4.152240
vertex -6.000000 0.942794 -4.236158
endloop
endfacet
facet normal -0.049065 0.998796 0.000000
outer loop
vertex 6.196034 -1.990370 0.000000
vertex 6.000000 -2.000000 0.000000
vertex 6.000000 -2.000000 6.000000
endloop
endfacet
facet normal -0.049065 0.998796 0.000000
outer loop
vertex 6.196034 -1.990370 0.000000
vertex 6.000000 -2.000000 6.000000
vertex 6.196034 -1.990370 6.000000
endloop
endfacet
facet normal 0.903095 -0.427144 -0.044365
outer loop
vertex 4.236158 0.942792 0.000000
vertex 4.152240 0.765366 0.000000
vertex 4.132246 0.765366 -0.406992
endloop
endfacet
facet normal 0.903097 -0.427139 -0.044365
outer loop
vertex 4.236158 0.942792 0.000000
vertex 4.132246 0.765366 -0.406992
vertex 4.215760 0.942792 -0.415216
endloop
endfacet
facet normal 0.894400 -0.427138 -0.132672
outer loop
vertex 4.215760 0.942792 -0.415216
vertex 4.132246 0.765366 -0.406992
vertex 4.072456 0.765366 -0.810062
endloop
endfacet
facet normal 0.894401 -0.427134 -0.132676
outer loop
vertex 4.215760 0.942792 -0.415216
vertex 4.072456 0.765366 -0.810062
vertex 4.154760 0.942792 -0.826434
endloop
endfacet
facet normal 0.877090 -0.427135 -0.219700
outer loop
vertex 4.154760 0.942792 -0.826434
vertex 4.072456 0.765366 -0.810062
vertex 3.973446 0.765366 -1.205332
endloop
endfacet
facet normal 0.877091 -0.427136 -0.219698
outer loop
vertex 4.154760 0.942792 -0.826434
vertex 3.973446 0.765366 -1.205332
vertex 4.053750 0.942792 -1.229692
endloop
endfacet
facet normal 0.851331 -0.427140 -0.304610
outer loop
vertex 4.053750 0.942792 -1.229692
vertex 3.973446 0.765366 -1.205332
vertex 3.836170 0.765366 -1.588994
endloop
endfacet
facet normal 0.851333 -0.427134 -0.304614
outer loop
vertex 4.053750 0.942792 -1.229692
vertex 3.836170 0.765366 -1.588994
vertex 3.913698 0.942792 -1.621108
endloop
endfacet
facet normal 0.817377 -0.427134 -0.386589
outer loop
vertex 3.913698 0.942792 -1.621108
vertex 3.836170 0.765366 -1.588994
vertex 3.661950 0.765366 -1.957352
endloop
endfacet
facet normal 0.817377 -0.427133 -0.386591
outer loop
vertex 3.913698 0.942792 -1.621108
vertex 3.661950 0.765366 -1.957352
vertex 3.735958 0.942794 -1.996910
endloop
endfacet
facet normal 0.775549 -0.427132 -0.464846
outer loop
vertex 3.735958 0.942794 -1.996910
vertex 3.661950 0.765366 -1.957352
vertex 3.452462 0.765366 -2.306862
endloop
endfacet
facet normal 0.775550 -0.427131 -0.464846
outer loop
vertex 3.735958 0.942794 -1.996910
vertex 3.452462 0.765366 -2.306862
vertex 3.522236 0.942794 -2.353484
endloop
endfacet
facet normal 0.726252 -0.427132 -0.538625
outer loop
vertex 3.522236 0.942794 -2.353484
vertex 3.452462 0.765366 -2.306862
vertex 3.209726 0.765366 -2.634154
endloop
endfacet
facet normal 0.726252 -0.427130 -0.538626
outer loop
vertex 3.522236 0.942794 -2.353484
vertex 3.209726 0.765366 -2.634154
vertex 3.274594 0.942794 -2.687390
endloop
endfacet
facet normal 0.669959 -0.427130 -0.607219
outer loop
vertex 3.274594 0.942794 -2.687390
vertex 3.209726 0.765366 -2.634154
vertex 2.936076 0.765366 -2.936078
endloop
endfacet
facet normal 0.669958 -0.427132 -0.607219
outer loop
vertex 3.274594 0.942794 -2.687390
vertex 2.936076 0.765366 -2.936078
vertex 2.995414 0.942794 -2.995416
endloop
endfacet
facet normal 0.607219 -0.427131 -0.669958
outer loop
vertex 2.995414 0.942794 -2.995416
vertex 2.936076 0.765366 -2.936078
vertex 2.634154 0.765366 -3.209726
endloop
endfacet
facet normal 0.607219 -0.427130 -0.669959
outer loop
vertex 2.995414 0.942794 -2.995416
vertex 2.634154 0.765366 -3.209726
vertex 2.687390 0.942794 -3.274594
endloop
endfacet
facet normal 0.538624 -0.427131 -0.726253
outer loop
vertex 2.687390 0.942794 -3.274594
vertex 2.634154 0.765366 -3.209726
vertex 2.306862 0.765366 -3.452462
endloop
endfacet
facet normal 0.538625 -0.427133 -0.726251
outer loop
vertex 2.687390 0.942794 -3.274594
vertex 2.306862 0.765366 -3.452462
vertex 2.353484 0.942794 -3.522236
endloop
endfacet
facet normal 0.464846 -0.427132 -0.775549
outer loop
vertex 2.353484 0.942794 -3.522236
vertex 2.306862 0.765366 -3.452462
vertex 1.957352 0.765366 -3.661950
endloop
endfacet
facet normal 0.464846 -0.427132 -0.775549
outer loop
vertex 2.353484 0.942794 -3.522236
vertex 1.957352 0.765366 -3.661950
vertex 1.996910 0.942794 -3.735958
endloop
endfacet
facet normal 0.386591 -0.427132 -0.817378
outer loop
vertex 1.996910 0.942794 -3.735958
vertex 1.957352 0.765366 -3.661950
vertex 1.588994 0.765366 -3.836170
endloop
endfacet
facet normal 0.386589 -0.427130 -0.817379
outer loop
vertex 1.996910 0.942794 -3.735958
vertex 1.588994 0.765366 -3.836170
vertex 1.621108 0.942794 -3.913698
endloop
endfacet
facet normal 0.304616 -0.427129 -0.851335
outer loop
vertex 1.621108 0.942794 -3.913698
vertex 1.588994 0.765366 -3.836170
vertex 1.205332 0.765366 -3.973448
endloop
endfacet
facet normal 0.304614 -0.427125 -0.851337
outer loop
vertex 1.621108 0.942794 -3.913698
vertex 1.205332 0.765366 -3.973448
vertex 1.229690 0.942794 -4.053750
endloop
endfacet
facet normal 0.219695 -0.427125 -0.877097
outer loop
vertex 1.229690 0.942794 -4.053750
vertex 1.205332 0.765366 -3.973448
vertex 0.810062 0.765366 -4.072456
endloop
endfacet
facet normal 0.219700 -0.427131 -0.877092
outer loop
vertex 1.229690 0.942794 -4.053750
vertex 0.810062 0.765366 -4.072456
vertex 0.826434 0.942794 -4.154760
endloop
endfacet
facet normal 0.132674 -0.427131 -0.894403
outer loop
vertex 0.826434 0.942794 -4.154760
vertex 0.810062 0.765366 -4.072456
vertex 0.406990 0.765366 -4.132246
endloop
endfacet
facet normal 0.132673 -0.427138 -0.894400
outer loop
vertex 0.826434 0.942794 -4.154760
vertex 0.406990 0.765366 -4.132246
vertex 0.415214 0.942794 -4.215760
endloop
endfacet
facet normal 0.044367 -0.427139 -0.903097
outer loop
vertex 0.415214 0.942794 -4.215760
vertex 0.406990 0.765366 -4.132246
vertex 0.000000 0.765366 -4.152240
endloop
endfacet
facet normal 0.044363 -0.427138 -0.903098
outer loop
vertex 0.415214 0.942794 -4.215760
vertex 0.000000 0.765366 -4.152240
vertex 0.000000 0.942794 -4.236158
endloop
endfacet
facet normal 0.000000 0.803203 0.595705
outer loop
vertex 0.000000 -1.662940 -7.111140
vertex 0.000000 -1.546020 -7.268786
vertex -6.000000 -1.546020 -7.268786
endloop
endfacet
facet normal 0.000000 0.803204 0.595704
outer loop
vertex 0.000000 -1.662940 -7.111140
vertex -6.000000 -1.546020 -7.268786
vertex -6.000000 -1.662940 -7.111140
endloop
endfacet
facet normal -0.514104 0.857728 0.000000
outer loop
vertex 7.111140 -1.662940 0.000000
vertex 6.942794 -1.763844 0.000000
vertex 6.942794 -1.763844 6.000000
endloop
endfacet
facet normal -0.514109 0.857725 0.000000
outer loop
vertex 7.111140 -1.662940 0.000000
vertex 6.942794 -1.763844 6.000000
vertex 7.111140 -1.662940 6.000000
endloop
endfacet
facet normal 0.856971 -0.513642 -0.042099
outer loop
vertex 4.337060 1.111140 0.000000
vertex 4.236158 0.942792 0.000000
vertex 4.215760 0.942792 -0.415216
endloop
endfacet
facet normal 0.856973 -0.513639 -0.042100
outer loop
vertex 4.337060 1.111140 0.000000
vertex 4.215760 0.942792 -0.415216
vertex 4.316176 1.111140 -0.425108
endloop
endfacet
facet normal 0.848718 -0.513641 -0.125899
outer loop
vertex 4.316176 1.111140 -0.425108
vertex 4.215760 0.942792 -0.415216
vertex 4.154760 0.942792 -0.826434
endloop
endfacet
facet normal 0.848712 -0.513654 -0.125892
outer loop
vertex 4.316176 1.111140 -0.425108
vertex 4.154760 0.942792 -0.826434
vertex 4.253726 1.111140 -0.846118
endloop
endfacet
facet normal 0.832287 -0.513651 -0.208475
outer loop
vertex 4.253726 1.111140 -0.846118
vertex 4.154760 0.942792 -0.826434
vertex 4.053750 0.942792 -1.229692
endloop
endfacet
facet normal 0.832290 -0.513643 -0.208478
outer loop
vertex 4.253726 1.111140 -0.846118
vertex 4.053750 0.942792 -1.229692
vertex 4.150308 1.111140 -1.258984
endloop
endfacet
facet normal 0.807848 -0.513643 -0.289055
outer loop
vertex 4.150308 1.111140 -1.258984
vertex 4.053750 0.942792 -1.229692
vertex 3.913698 0.942792 -1.621108
endloop
endfacet
facet normal 0.807844 -0.513650 -0.289052
outer loop
vertex 4.150308 1.111140 -1.258984
vertex 3.913698 0.942792 -1.621108
vertex 4.006922 1.111140 -1.659722
endloop
endfacet
facet normal 0.775624 -0.513648 -0.366843
outer loop
vertex 4.006922 1.111140 -1.659722
vertex 3.913698 0.942792 -1.621108
vertex 3.735958 0.942794 -1.996910
endloop
endfacet
facet normal 0.775624 -0.513646 -0.366844
outer loop
vertex 4.006922 1.111140 -1.659722
vertex 3.735958 0.942794 -1.996910
vertex 3.824946 1.111140 -2.044476
endloop
endfacet
facet normal 0.735931 -0.513649 -0.441100
outer loop
vertex 3.824946 1.111140 -2.044476
vertex 3.735958 0.942794 -1.996910
vertex 3.522236 0.942794 -2.353484
endloop
endfacet
facet normal 0.735934 -0.513646 -0.441101
outer loop
vertex 3.824946 1.111140 -2.044476
vertex 3.522236 0.942794 -2.353484
vertex 3.606134 1.111140 -2.409542
endloop
endfacet
facet normal 0.689153 -0.513647 -0.511111
outer loop
vertex 3.606134 1.111140 -2.409542
vertex 3.522236 0.942794 -2.353484
vertex 3.274594 0.942794 -2.687390
endloop
endfacet
facet normal 0.689152 -0.513650 -0.511110
outer loop
vertex 3.606134 1.111140 -2.409542
vertex 3.274594 0.942794 -2.687390
vertex 3.352594 1.111140 -2.751402
endloop
endfacet
facet normal 0.635733 -0.513650 -0.576200
outer loop
vertex 3.352594 1.111140 -2.751402
vertex 3.274594 0.942794 -2.687390
vertex 2.995414 0.942794 -2.995416
endloop
endfacet
facet normal 0.635735 -0.513653 -0.576196
outer loop
vertex 3.352594 1.111140 -2.751402
vertex 2.995414 0.942794 -2.995416
vertex 3.066764 1.111140 -3.066766
endloop
endfacet
facet normal 0.576198 -0.513652 -0.635734
outer loop
vertex 3.066764 1.111140 -3.066766
vertex 2.995414 0.942794 -2.995416
vertex 2.687390 0.942794 -3.274594
endloop
endfacet
facet normal 0.576198 -0.513649 -0.635737
outer loop
vertex 3.066764 1.111140 -3.066766
vertex 2.687390 0.942794 -3.274594
vertex 2.751402 1.111140 -3.352594
endloop
endfacet
facet normal 0.511111 -0.513649 -0.689152
outer loop
vertex 2.751402 1.111140 -3.352594
vertex 2.687390 0.942794 -3.274594
vertex 2.353484 0.942794 -3.522236
endloop
endfacet
facet normal 0.511112 -0.513646 -0.689154
outer loop
vertex 2.751402 1.111140 -3.352594
vertex 2.353484 0.942794 -3.522236
vertex 2.409542 1.111140 -3.606134
endloop
endfacet
facet normal 0.441099 -0.513648 -0.735933
outer loop
vertex 2.409542 1.111140 -3.606134
vertex 2.353484 0.942794 -3.522236
vertex 1.996910 0.942794 -3.735958
endloop
endfacet
facet normal 0.441101 -0.513647 -0.735932
outer loop
vertex 2.409542 1.111140 -3.606134
vertex 1.996910 0.942794 -3.735958
vertex 2.044476 1.111140 -3.824946
endloop
endfacet
facet normal 0.366841 -0.513646 -0.775626
outer loop
vertex 2.044476 1.111140 -3.824946
vertex 1.996910 0.942794 -3.735958
vertex 1.621108 0.942794 -3.913698
endloop
endfacet
facet normal 0.366842 -0.513654 -0.775620
outer loop
vertex 2.044476 1.111140 -3.824946
vertex 1.621108 0.942794 -3.913698
vertex 1.659722 1.111140 -4.006922
endloop
endfacet
facet normal 0.289052 -0.513653 -0.807842
outer loop
vertex 1.659722 1.111140 -4.006922
vertex 1.621108 0.942794 -3.913698
vertex 1.229690 0.942794 -4.053750
endloop
endfacet
facet normal 0.289052 -0.513656 -0.807840
outer loop
vertex 1.659722 1.111140 -4.006922
vertex 1.229690 0.942794 -4.053750
vertex 1.258982 1.111140 -4.150310
endloop
endfacet
facet normal 0.208475 -0.513656 -0.832283
outer loop
vertex 1.258982 1.111140 -4.150310
vertex 1.229690 0.942794 -4.053750
vertex 0.826434 0.942794 -4.154760
endloop
endfacet
facet normal 0.208473 -0.513654 -0.832285
outer loop
vertex 1.258982 1.111140 -4.150310
vertex 0.826434 0.942794 -4.154760
vertex 0.846118 1.111140 -4.253726
endloop
endfacet
facet normal 0.125899 -0.513654 -0.848710
outer loop
vertex 0.846118 1.111140 -4.253726
vertex 0.826434 0.942794 -4.154760
vertex 0.415214 0.942794 -4.215760
endloop
endfacet
facet normal 0.125894 -0.513644 -0.848717
outer loop
vertex 0.846118 1.111140 -4.253726
vertex 0.415214 0.942794 -4.215760
vertex 0.425106 1.111140 -4.316176
endloop
endfacet
facet normal 0.042097 -0.513643 -0.856971
outer loop
vertex 0.425106 1.111140 -4.316176
vertex 0.415214 0.942794 -4.215760
vertex 0.000000 0.942794 -4.236158
endloop
endfacet
facet normal 0.042100 -0.513645 -0.856969
outer loop
vertex 0.425106 1.111140 -4.316176
vertex 0.000000 0.942794 -4.236158
vertex 0.000000 1.111140 -4.337060
endloop
endfacet
facet normal 0.000000 -0.336883 -0.941546
outer loop
vertex 0.000000 0.765366 -4.152240
vertex 0.000000 0.580570 -4.086120
vertex -6.000000 0.580570 -4.086120
endloop
endfacet
facet normal 0.000000 -0.336884 -0.941546
outer loop
vertex 0.000000 0.765366 -4.152240
vertex -6.000000 0.580570 -4.086120
vertex -6.000000 0.765366 -4.152240
endloop
endfacet
facet normal -0.857729 0.514102 0.000000
outer loop
vertex 7.763842 -0.942794 0.000000
vertex 7.662940 -1.111142 0.000000
vertex 7.662940 -1.111142 6.000000
endloop
endfacet
facet normal -0.857735 0.514093 0.000000
outer loop
vertex 7.763842 -0.942794 0.000000
vertex 7.662940 -1.111142 6.000000
vertex 7.763842 -0.942794 6.000000
endloop
endfacet
facet normal 0.802579 -0.595242 -0.039428
outer loop
vertex 4.453980 1.268786 0.000000
vertex 4.337060 1.111140 0.000000
vertex 4.316176 1.111140 -0.425108
endloop
endfacet
facet normal 0.802581 -0.595238 -0.039430
outer loop
vertex 4.453980 1.268786 0.000000
vertex 4.316176 1.111140 -0.425108
vertex 4.432532 1.268786 -0.436568
endloop
endfacet
facet normal 0.794852 -0.595238 -0.117903
outer loop
vertex 4.432532 1.268786 -0.436568
vertex 4.316176 1.111140 -0.425108
vertex 4.253726 1.111140 -0.846118
endloop
endfacet
facet normal 0.794857 -0.595231 -0.117909
outer loop
vertex 4.432532 1.268786 -0.436568
vertex 4.253726 1.111140 -0.846118
vertex 4.368396 1.268786 -0.868928
endloop
endfacet
facet normal 0.779472 -0.595232 -0.195248
outer loop
vertex 4.368396 1.268786 -0.868928
vertex 4.253726 1.111140 -0.846118
vertex 4.150308 1.111140 -1.258984
endloop
endfacet
facet normal 0.779469 -0.595237 -0.195244
outer loop
vertex 4.368396 1.268786 -0.868928
vertex 4.150308 1.111140 -1.258984
vertex 4.262192 1.268786 -1.292924
endloop
endfacet
facet normal 0.756579 -0.595235 -0.270709
outer loop
vertex 4.262192 1.268786 -1.292924
vertex 4.150308 1.111140 -1.258984
vertex 4.006922 1.111140 -1.659722
endloop
endfacet
facet normal 0.756578 -0.595237 -0.270708
outer loop
vertex 4.262192 1.268786 -1.292924
vertex 4.006922 1.111140 -1.659722
vertex 4.114940 1.268786 -1.704464
endloop
endfacet
facet normal 0.726401 -0.595236 -0.343563
outer loop
vertex 4.114940 1.268786 -1.704464
vertex 4.006922 1.111140 -1.659722
vertex 3.824946 1.111140 -2.044476
endloop
endfacet
facet normal 0.726400 -0.595238 -0.343561
outer loop
vertex 4.114940 1.268786 -1.704464
vertex 3.824946 1.111140 -2.044476
vertex 3.928060 1.268786 -2.099590
endloop
endfacet
facet normal 0.689227 -0.595239 -0.413106
outer loop
vertex 3.928060 1.268786 -2.099590
vertex 3.824946 1.111140 -2.044476
vertex 3.606134 1.111140 -2.409542
endloop
endfacet
facet normal 0.689228 -0.595235 -0.413110
outer loop
vertex 3.928060 1.268786 -2.099590
vertex 3.606134 1.111140 -2.409542
vertex 3.703348 1.268786 -2.474498
endloop
endfacet
facet normal 0.645419 -0.595235 -0.478674
outer loop
vertex 3.703348 1.268786 -2.474498
vertex 3.606134 1.111140 -2.409542
vertex 3.352594 1.111140 -2.751402
endloop
endfacet
facet normal 0.645419 -0.595234 -0.478676
outer loop
vertex 3.703348 1.268786 -2.474498
vertex 3.352594 1.111140 -2.751402
vertex 3.442972 1.268786 -2.825574
endloop
endfacet
facet normal 0.595394 -0.595232 -0.539634
outer loop
vertex 3.442972 1.268786 -2.825574
vertex 3.352594 1.111140 -2.751402
vertex 3.066764 1.111140 -3.066766
endloop
endfacet
facet normal 0.595392 -0.595238 -0.539630
outer loop
vertex 3.442972 1.268786 -2.825574
vertex 3.066764 1.111140 -3.066766
vertex 3.149438 1.268786 -3.149440
endloop
endfacet
facet normal 0.539631 -0.595238 -0.595390
outer loop
vertex 3.149438 1.268786 -3.149440
vertex 3.066764 1.111140 -3.066766
vertex 2.751402 1.111140 -3.352594
endloop
endfacet
facet normal 0.539631 -0.595234 -0.595394
outer loop
vertex 3.149438 1.268786 -3.149440
vertex 2.751402 1.111140 -3.352594
vertex 2.825574 1.268786 -3.442972
endloop
endfacet
facet normal 0.478675 -0.595234 -0.645420
outer loop
vertex 2.825574 1.268786 -3.442972
vertex 2.751402 1.111140 -3.352594
vertex 2.409542 1.111140 -3.606134
endloop
endfacet
facet normal 0.478676 -0.595235 -0.645418
outer loop
vertex 2.825574 1.268786 -3.442972
vertex 2.409542 1.111140 -3.606134
vertex 2.474498 1.268786 -3.703348
endloop
endfacet
facet normal 0.413107 -0.595236 -0.689229
outer loop
vertex 2.474498 1.268786 -3.703348
vertex 2.409542 1.111140 -3.606134
vertex 2.044476 1.111140 -3.824946
endloop
endfacet
facet normal 0.413109 -0.595239 -0.689225
outer loop
vertex 2.474498 1.268786 -3.703348
vertex 2.044476 1.111140 -3.824946
vertex 2.099590 1.268786 -3.928060
endloop
endfacet
facet normal 0.343562 -0.595239 -0.726399
outer loop
vertex 2.099590 1.268786 -3.928060
vertex 2.044476 1.111140 -3.824946
vertex 1.659722 1.111140 -4.006922
endloop
endfacet
facet normal 0.343563 -0.595236 -0.726401
outer loop
vertex 2.099590 1.268786 -3.928060
vertex 1.659722 1.111140 -4.006922
vertex 1.704464 1.268786 -4.114940
endloop
endfacet
facet normal 0.270709 -0.595236 -0.756578
outer loop
vertex 1.704464 1.268786 -4.114940
vertex 1.659722 1.111140 -4.006922
vertex 1.258982 1.111140 -4.150310
endloop
endfacet
facet normal 0.270708 -0.595228 -0.756585
outer loop
vertex 1.704464 1.268786 -4.114940
vertex 1.258982 1.111140 -4.150310
vertex 1.292920 1.268786 -4.262192
endloop
endfacet
facet normal 0.195246 -0.595228 -0.779476
outer loop
vertex 1.292920 1.268786 -4.262192
vertex 1.258982 1.111140 -4.150310
vertex 0.846118 1.111140 -4.253726
endloop
endfacet
facet normal 0.195249 -0.595238 -0.779467
outer loop
vertex 1.292920 1.268786 -4.262192
vertex 0.846118 1.111140 -4.253726
vertex 0.868928 1.268786 -4.368398
endloop
endfacet
facet normal 0.117903 -0.595238 -0.794852
outer loop
vertex 0.868928 1.268786 -4.368398
vertex 0.846118 1.111140 -4.253726
vertex 0.425106 1.111140 -4.316176
endloop
endfacet
facet normal 0.117904 -0.595238 -0.794852
outer loop
vertex 0.868928 1.268786 -4.368398
vertex 0.425106 1.111140 -4.316176
vertex 0.436566 1.268786 -4.432532
endloop
endfacet
facet normal 0.039429 -0.595238 -0.802581
outer loop
vertex 0.436566 1.268786 -4.432532
vertex 0.425106 1.111140 -4.316176
vertex 0.000000 1.111140 -4.337060
endloop
endfacet
facet normal 0.039431 -0.595242 -0.802579
outer loop
vertex 0.436566 1.268786 -4.432532
vertex 0.000000 1.111140 -4.337060
vertex 0.000000 1.268786 -4.453980
endloop
endfacet
facet normal 0.000000 0.740956 0.671553
outer loop
vertex 0.000000 -1.546020 -7.268786
vertex 0.000000 -1.414214 -7.414214
vertex -6.000000 -1.414214 -7.414214
endloop
endfacet
facet normal 0.000000 0.740958 0.671551
outer loop
vertex 0.000000 -1.546020 -7.268786
vertex -6.000000 -1.414214 -7.414214
vertex -6.000000 -1.546020 -7.268786
endloop
endfacet
facet normal -0.903985 -0.427563 0.000000
outer loop
vertex 7.763842 0.942792 0.000000
vertex 7.847760 0.765366 0.000000
vertex 7.847760 0.765366 6.000000
endloop
endfacet
facet normal -0.903988 -0.427558 0.000000
outer loop
vertex 7.763842 0.942792 0.000000
vertex 7.847760 0.765366 6.000000
vertex 7.763844 0.942792 6.000000
endloop
endfacet
facet normal 0.740462 -0.671113 -0.036378
outer loop
vertex 4.585786 1.414212 0.000000
vertex 4.453980 1.268786 0.000000
vertex 4.432532 1.268786 -0.436568
endloop
endfacet
facet normal 0.740458 -0.671117 -0.036377
outer loop
vertex 4.585786 1.414212 0.000000
vertex 4.432532 1.268786 -0.436568
vertex 4.563704 1.414212 -0.449486
endloop
endfacet
facet normal 0.733329 -0.671115 -0.108781
outer loop
vertex 4.563704 1.414212 -0.449486
vertex 4.432532 1.268786 -0.436568
vertex 4.368396 1.268786 -0.868928
endloop
endfacet
facet normal 0.733325 -0.671121 -0.108777
outer loop
vertex 4.563704 1.414212 -0.449486
vertex 4.368396 1.268786 -0.868928
vertex 4.497672 1.414212 -0.894642
endloop
endfacet
facet normal 0.719131 -0.671121 -0.180131
outer loop
vertex 4.497672 1.414212 -0.894642
vertex 4.368396 1.268786 -0.868928
vertex 4.262192 1.268786 -1.292924
endloop
endfacet
facet normal 0.719134 -0.671117 -0.180134
outer loop
vertex 4.497672 1.414212 -0.894642
vertex 4.262192 1.268786 -1.292924
vertex 4.388324 1.414212 -1.331184
endloop
endfacet
facet normal 0.698017 -0.671114 -0.249755
outer loop
vertex 4.388324 1.414212 -1.331184
vertex 4.262192 1.268786 -1.292924
vertex 4.114940 1.268786 -1.704464
endloop
endfacet
facet normal 0.698014 -0.671118 -0.249754
outer loop
vertex 4.388324 1.414212 -1.331184
vertex 4.114940 1.268786 -1.704464
vertex 4.236714 1.414212 -1.754904
endloop
endfacet
facet normal 0.670175 -0.671116 -0.316968
outer loop
vertex 4.236714 1.414212 -1.754904
vertex 4.114940 1.268786 -1.704464
vertex 3.928060 1.268786 -2.099590
endloop
endfacet
facet normal 0.670179 -0.671111 -0.316971
outer loop
vertex 4.236714 1.414212 -1.754904
vertex 3.928060 1.268786 -2.099590
vertex 4.044302 1.414212 -2.161724
endloop
endfacet
facet normal 0.635880 -0.671114 -0.381133
outer loop
vertex 4.044302 1.414212 -2.161724
vertex 3.928060 1.268786 -2.099590
vertex 3.703348 1.268786 -2.474498
endloop
endfacet
facet normal 0.635881 -0.671114 -0.381132
outer loop
vertex 4.044302 1.414212 -2.161724
vertex 3.703348 1.268786 -2.474498
vertex 3.812942 1.414214 -2.547728
endloop
endfacet
facet normal 0.595460 -0.671115 -0.441624
outer loop
vertex 3.812942 1.414214 -2.547728
vertex 3.703348 1.268786 -2.474498
vertex 3.442972 1.268786 -2.825574
endloop
endfacet
facet normal 0.595461 -0.671112 -0.441627
outer loop
vertex 3.812942 1.414214 -2.547728
vertex 3.442972 1.268786 -2.825574
vertex 3.544860 1.414214 -2.909192
endloop
endfacet
facet normal 0.549310 -0.671111 -0.497864
outer loop
vertex 3.544860 1.414214 -2.909192
vertex 3.442972 1.268786 -2.825574
vertex 3.149438 1.268786 -3.149440
endloop
endfacet
facet normal 0.549311 -0.671112 -0.497862
outer loop
vertex 3.544860 1.414214 -2.909192
vertex 3.149438 1.268786 -3.149440
vertex 3.242640 1.414214 -3.242642
endloop
endfacet
facet normal 0.497862 -0.671112 -0.549310
outer loop
vertex 3.242640 1.414214 -3.242642
vertex 3.149438 1.268786 -3.149440
vertex 2.825574 1.268786 -3.442972
endloop
endfacet
facet normal 0.497862 -0.671116 -0.549305
outer loop
vertex 3.242640 1.414214 -3.242642
vertex 2.825574 1.268786 -3.442972
vertex 2.909192 1.414214 -3.544862
endloop
endfacet
facet normal 0.441623 -0.671116 -0.595460
outer loop
vertex 2.909192 1.414214 -3.544862
vertex 2.825574 1.268786 -3.442972
vertex 2.474498 1.268786 -3.703348
endloop
endfacet
facet normal 0.441623 -0.671116 -0.595460
outer loop
vertex 2.909192 1.414214 -3.544862
vertex 2.474498 1.268786 -3.703348
vertex 2.547728 1.414214 -3.812942
endloop
endfacet
facet normal 0.381133 -0.671115 -0.635879
outer loop
vertex 2.547728 1.414214 -3.812942
vertex 2.474498 1.268786 -3.703348
vertex 2.099590 1.268786 -3.928060
endloop
endfacet
facet normal 0.381133 -0.671108 -0.635886
outer loop
vertex 2.547728 1.414214 -3.812942
vertex 2.099590 1.268786 -3.928060
vertex 2.161724 1.414214 -4.044302
endloop
endfacet
facet normal 0.316972 -0.671108 -0.670181
outer loop
vertex 2.161724 1.414214 -4.044302
vertex 2.099590 1.268786 -3.928060
vertex 1.704464 1.268786 -4.114940
endloop
endfacet
facet normal 0.316971 -0.671110 -0.670179
outer loop
vertex 2.161724 1.414214 -4.044302
vertex 1.704464 1.268786 -4.114940
vertex 1.754904 1.414214 -4.236714
endloop
endfacet
facet normal 0.249754 -0.671109 -0.698023
outer loop
vertex 1.754904 1.414214 -4.236714
vertex 1.704464 1.268786 -4.114940
vertex 1.292920 1.268786 -4.262192
endloop
endfacet
facet normal 0.249755 -0.671113 -0.698018
outer loop
vertex 1.754904 1.414214 -4.236714
vertex 1.292920 1.268786 -4.262192
vertex 1.331182 1.414214 -4.388324
endloop
endfacet
facet normal 0.180137 -0.671112 -0.719137
outer loop
vertex 1.331182 1.414214 -4.388324
vertex 1.292920 1.268786 -4.262192
vertex 0.868928 1.268786 -4.368398
endloop
endfacet
facet normal 0.180136 -0.671109 -0.719141
outer loop
vertex 1.331182 1.414214 -4.388324
vertex 0.868928 1.268786 -4.368398
vertex 0.894642 1.414214 -4.497672
endloop
endfacet
facet normal 0.108780 -0.671109 -0.733335
outer loop
vertex 0.894642 1.414214 -4.497672
vertex 0.868928 1.268786 -4.368398
vertex 0.436566 1.268786 -4.432532
endloop
endfacet
facet normal 0.108777 -0.671111 -0.733333
outer loop
vertex 0.894642 1.414214 -4.497672
vertex 0.436566 1.268786 -4.432532
vertex 0.449484 1.414214 -4.563704
endloop
endfacet
facet normal 0.036378 -0.671110 -0.740465
outer loop
vertex 0.449484 1.414214 -4.563704
vertex 0.436566 1.268786 -4.432532
vertex 0.000000 1.268786 -4.453980
endloop
endfacet
facet normal 0.036378 -0.671108 -0.740466
outer loop
vertex 0.449484 1.414214 -4.563704
vertex 0.000000 1.268786 -4.453980
vertex 0.000000 1.414214 -4.585786
endloop
endfacet
facet normal 0.000000 -0.242979 -0.970032
outer loop
vertex 0.000000 0.580570 -4.086120
vertex 0.000000 0.390180 -4.038430
vertex -6.000000 0.390180 -4.038430
endloop
endfacet
facet normal 0.000000 -0.242979 -0.970032
outer loop
vertex 0.000000 0.580570 -4.086120
vertex -6.000000 0.390180 -4.038430
vertex -6.000000 0.580570 -4.086120
endloop
endfacet
facet normal -0.998796 0.049063 0.000000
outer loop
vertex 8.000000 -0.000002 0.000000
vertex 7.990370 -0.196036 0.000000
vertex 7.990370 -0.196036 6.000000
endloop
endfacet
facet normal -0.998795 0.049069 0.000000
outer loop
vertex 8.000000 -0.000002 0.000000
vertex 7.990370 -0.196036 6.000000
vertex 8.000000 -0.000002 6.000000
endloop
endfacet
facet normal 0.671194 -0.740548 -0.032974
outer loop
vertex 4.731214 1.546020 0.000000
vertex 4.585786 1.414212 0.000000
vertex 4.563704 1.414212 -0.449486
endloop
endfacet
facet normal 0.671194 -0.740548 -0.032973
outer loop
vertex 4.731214 1.546020 0.000000
vertex 4.563704 1.414212 -0.449486
vertex 4.708432 1.546020 -0.463742
endloop
endfacet
facet normal 0.664729 -0.740549 -0.098602
outer loop
vertex 4.708432 1.546020 -0.463742
vertex 4.563704 1.414212 -0.449486
vertex 4.497672 1.414212 -0.894642
endloop
endfacet
facet normal 0.664734 -0.740544 -0.098606
outer loop
vertex 4.708432 1.546020 -0.463742
vertex 4.497672 1.414212 -0.894642
vertex 4.640304 1.546020 -0.923014
endloop
endfacet
facet normal 0.651869 -0.740544 -0.163285
outer loop
vertex 4.640304 1.546020 -0.923014
vertex 4.497672 1.414212 -0.894642
vertex 4.388324 1.414212 -1.331184
endloop
endfacet
facet normal 0.651862 -0.740551 -0.163280
outer loop
vertex 4.640304 1.546020 -0.923014
vertex 4.388324 1.414212 -1.331184
vertex 4.527490 1.546020 -1.373400
endloop
endfacet
facet normal 0.632720 -0.740549 -0.226391
outer loop
vertex 4.527490 1.546020 -1.373400
vertex 4.388324 1.414212 -1.331184
vertex 4.236714 1.414212 -1.754904
endloop
endfacet
facet normal 0.632719 -0.740549 -0.226392
outer loop
vertex 4.527490 1.546020 -1.373400
vertex 4.236714 1.414212 -1.754904
vertex 4.371072 1.546020 -1.810558
endloop
endfacet
facet normal 0.607481 -0.740551 -0.287318
outer loop
vertex 4.371072 1.546020 -1.810558
vertex 4.236714 1.414212 -1.754904
vertex 4.044302 1.414212 -2.161724
endloop
endfacet
facet normal 0.607483 -0.740548 -0.287320
outer loop
vertex 4.371072 1.546020 -1.810558
vertex 4.044302 1.414212 -2.161724
vertex 4.172558 1.546020 -2.230278
endloop
endfacet
facet normal 0.576396 -0.740548 -0.345480
outer loop
vertex 4.172558 1.546020 -2.230278
vertex 4.044302 1.414212 -2.161724
vertex 3.812942 1.414214 -2.547728
endloop
endfacet
facet normal 0.576396 -0.740549 -0.345478
outer loop
vertex 4.172558 1.546020 -2.230278
vertex 3.812942 1.414214 -2.547728
vertex 3.933860 1.546020 -2.628522
endloop
endfacet
facet normal 0.539755 -0.740550 -0.400312
outer loop
vertex 3.933860 1.546020 -2.628522
vertex 3.812942 1.414214 -2.547728
vertex 3.544860 1.414214 -2.909192
endloop
endfacet
facet normal 0.539753 -0.740554 -0.400307
outer loop
vertex 3.933860 1.546020 -2.628522
vertex 3.544860 1.414214 -2.909192
vertex 3.657278 1.546020 -3.001450
endloop
endfacet
facet normal 0.497917 -0.740555 -0.451284
outer loop
vertex 3.657278 1.546020 -3.001450
vertex 3.544860 1.414214 -2.909192
vertex 3.242640 1.414214 -3.242642
endloop
endfacet
facet normal 0.497918 -0.740552 -0.451288
outer loop
vertex 3.657278 1.546020 -3.001450
vertex 3.242640 1.414214 -3.242642
vertex 3.345472 1.546020 -3.345474
endloop
endfacet
facet normal 0.451288 -0.740550 -0.497920
outer loop
vertex 3.345472 1.546020 -3.345474
vertex 3.242640 1.414214 -3.242642
vertex 2.909192 1.414214 -3.544862
endloop
endfacet
facet normal 0.451289 -0.740550 -0.497919
outer loop
vertex 3.345472 1.546020 -3.345474
vertex 2.909192 1.414214 -3.544862
vertex 3.001450 1.546020 -3.657278
endloop
endfacet
facet normal 0.400310 -0.740551 -0.539755
outer loop
vertex 3.001450 1.546020 -3.657278
vertex 2.909192 1.414214 -3.544862
vertex 2.547728 1.414214 -3.812942
endloop
endfacet
facet normal 0.400310 -0.740550 -0.539757
outer loop
vertex 3.001450 1.546020 -3.657278
vertex 2.547728 1.414214 -3.812942
vertex 2.628522 1.546020 -3.933860
endloop
endfacet
facet normal 0.345475 -0.740550 -0.576396
outer loop
vertex 2.628522 1.546020 -3.933860
vertex 2.547728 1.414214 -3.812942
vertex 2.161724 1.414214 -4.044302
endloop
endfacet
facet normal 0.345476 -0.740553 -0.576391
outer loop
vertex 2.628522 1.546020 -3.933860
vertex 2.161724 1.414214 -4.044302
vertex 2.230278 1.546020 -4.172558
endloop
endfacet
facet normal 0.287316 -0.740553 -0.607479
outer loop
vertex 2.230278 1.546020 -4.172558
vertex 2.161724 1.414214 -4.044302
vertex 1.754904 1.414214 -4.236714
endloop
endfacet
facet normal 0.287317 -0.740555 -0.607476
outer loop
vertex 2.230278 1.546020 -4.172558
vertex 1.754904 1.414214 -4.236714
vertex 1.810558 1.546020 -4.371072
endloop
endfacet
facet normal 0.226388 -0.740555 -0.632715
outer loop
vertex 1.810558 1.546020 -4.371072
vertex 1.754904 1.414214 -4.236714
vertex 1.331182 1.414214 -4.388324
endloop
endfacet
facet normal 0.226389 -0.740556 -0.632713
outer loop
vertex 1.810558 1.546020 -4.371072
vertex 1.331182 1.414214 -4.388324
vertex 1.373398 1.546020 -4.527490
endloop
endfacet
facet normal 0.163283 -0.740555 -0.651857
outer loop
vertex 1.373398 1.546020 -4.527490
vertex 1.331182 1.414214 -4.388324
vertex 0.894642 1.414214 -4.497672
endloop
endfacet
facet normal 0.163280 -0.740551 -0.651862
outer loop
vertex 1.373398 1.546020 -4.527490
vertex 0.894642 1.414214 -4.497672
vertex 0.923014 1.546020 -4.640304
endloop
endfacet
facet normal 0.098602 -0.740550 -0.664728
outer loop
vertex 0.923014 1.546020 -4.640304
vertex 0.894642 1.414214 -4.497672
vertex 0.449484 1.414214 -4.563704
endloop
endfacet
facet normal 0.098605 -0.740555 -0.664722
outer loop
vertex 0.923014 1.546020 -4.640304
vertex 0.449484 1.414214 -4.563704
vertex 0.463738 1.546020 -4.708432
endloop
endfacet
facet normal 0.032973 -0.740555 -0.671187
outer loop
vertex 0.463738 1.546020 -4.708432
vertex 0.449484 1.414214 -4.563704
vertex 0.000000 1.414214 -4.585786
endloop
endfacet
facet normal 0.032972 -0.740555 -0.671187
outer loop
vertex 0.463738 1.546020 -4.708432
vertex 0.000000 1.414214 -4.585786
vertex 0.000000 1.546020 -4.731214
endloop
endfacet
facet normal 0.000000 0.671552 0.740957
outer loop
vertex 0.000000 -1.414214 -7.414214
vertex 0.000000 -1.268786 -7.546020
vertex -6.000000 -1.268786 -7.546020
endloop
endfacet
facet normal 0.000000 0.671552 0.740957
outer loop
vertex 0.000000 -1.414214 -7.414214
vertex -6.000000 -1.268786 -7.546020
vertex -6.000000 -1.414214 -7.414214
endloop
endfacet
facet normal -0.595698 -0.803209 0.000000
outer loop
vertex 7.111140 1.662938 0.000000
vertex 7.268786 1.546020 0.000000
vertex 7.268786 1.546020 6.000000
endloop
endfacet
facet normal -0.595698 -0.803209 0.000000
outer loop
vertex 7.111140 1.662938 0.000000
vertex 7.268786 1.546020 6.000000
vertex 7.111140 1.662938 6.000000
endloop
endfacet
facet normal 0.595443 -0.802865 -0.029252
outer loop
vertex 4.888860 1.662938 0.000000
vertex 4.731214 1.546020 0.000000
vertex 4.708432 1.546020 -0.463742
endloop
endfacet
facet normal 0.595447 -0.802862 -0.029254
outer loop
vertex 4.888860 1.662938 0.000000
vertex 4.708432 1.546020 -0.463742
vertex 4.865318 1.662938 -0.479194
endloop
endfacet
facet normal 0.589710 -0.802864 -0.087477
outer loop
vertex 4.865318 1.662938 -0.479194
vertex 4.708432 1.546020 -0.463742
vertex 4.640304 1.546020 -0.923014
endloop
endfacet
facet normal 0.589707 -0.802866 -0.087473
outer loop
vertex 4.865318 1.662938 -0.479194
vertex 4.640304 1.546020 -0.923014
vertex 4.794922 1.662938 -0.953770
endloop
endfacet
facet normal 0.578292 -0.802868 -0.144852
outer loop
vertex 4.794922 1.662938 -0.953770
vertex 4.640304 1.546020 -0.923014
vertex 4.527490 1.546020 -1.373400
endloop
endfacet
facet normal 0.578296 -0.802865 -0.144854
outer loop
vertex 4.794922 1.662938 -0.953770
vertex 4.527490 1.546020 -1.373400
vertex 4.678348 1.662938 -1.419162
endloop
endfacet
facet normal 0.561312 -0.802864 -0.200841
outer loop
vertex 4.678348 1.662938 -1.419162
vertex 4.527490 1.546020 -1.373400
vertex 4.371072 1.546020 -1.810558
endloop
endfacet
facet normal 0.561310 -0.802866 -0.200841
outer loop
vertex 4.678348 1.662938 -1.419162
vertex 4.371072 1.546020 -1.810558
vertex 4.516718 1.662938 -1.870886
endloop
endfacet
facet normal 0.538923 -0.802864 -0.254893
outer loop
vertex 4.516718 1.662938 -1.870886
vertex 4.371072 1.546020 -1.810558
vertex 4.172558 1.546020 -2.230278
endloop
endfacet
facet normal 0.538922 -0.802866 -0.254891
outer loop
vertex 4.516718 1.662938 -1.870886
vertex 4.172558 1.546020 -2.230278
vertex 4.311590 1.662938 -2.304592
endloop
endfacet
facet normal 0.511342 -0.802867 -0.306487
outer loop
vertex 4.311590 1.662938 -2.304592
vertex 4.172558 1.546020 -2.230278
vertex 3.933860 1.546020 -2.628522
endloop
endfacet
facet normal 0.511344 -0.802865 -0.306487
outer loop
vertex 4.311590 1.662938 -2.304592
vertex 3.933860 1.546020 -2.628522
vertex 4.064938 1.662938 -2.716106
endloop
endfacet
facet normal 0.478840 -0.802866 -0.355132
outer loop
vertex 4.064938 1.662938 -2.716106
vertex 3.933860 1.546020 -2.628522
vertex 3.657278 1.546020 -3.001450
endloop
endfacet
facet normal 0.478841 -0.802865 -0.355133
outer loop
vertex 4.064938 1.662938 -2.716106
vertex 3.657278 1.546020 -3.001450
vertex 3.779140 1.662938 -3.101460
endloop
endfacet
facet normal 0.441726 -0.802864 -0.400359
outer loop
vertex 3.779140 1.662938 -3.101460
vertex 3.657278 1.546020 -3.001450
vertex 3.345472 1.546020 -3.345474
endloop
endfacet
facet normal 0.441726 -0.802866 -0.400356
outer loop
vertex 3.779140 1.662938 -3.101460
vertex 3.345472 1.546020 -3.345474
vertex 3.456944 1.662938 -3.456948
endloop
endfacet
facet normal 0.400357 -0.802865 -0.441726
outer loop
vertex 3.456944 1.662938 -3.456948
vertex 3.345472 1.546020 -3.345474
vertex 3.001450 1.546020 -3.657278
endloop
endfacet
facet normal 0.400357 -0.802865 -0.441725
outer loop
vertex 3.456944 1.662938 -3.456948
vertex 3.001450 1.546020 -3.657278
vertex 3.101460 1.662938 -3.779140
endloop
endfacet
facet normal 0.355132 -0.802865 -0.478842
outer loop
vertex 3.101460 1.662938 -3.779140
vertex 3.001450 1.546020 -3.657278
vertex 2.628522 1.546020 -3.933860
endloop
endfacet
facet normal 0.355133 -0.802865 -0.478840
outer loop
vertex 3.101460 1.662938 -3.779140
vertex 2.628522 1.546020 -3.933860
vertex 2.716106 1.662938 -4.064938
endloop
endfacet
facet normal 0.306486 -0.802865 -0.511345
outer loop
vertex 2.716106 1.662938 -4.064938
vertex 2.628522 1.546020 -3.933860
vertex 2.230278 1.546020 -4.172558
endloop
endfacet
facet normal 0.306488 -0.802866 -0.511343
outer loop
vertex 2.716106 1.662938 -4.064938
vertex 2.230278 1.546020 -4.172558
vertex 2.304592 1.662938 -4.311590
endloop
endfacet
facet normal 0.254893 -0.802866 -0.538921
outer loop
vertex 2.304592 1.662938 -4.311590
vertex 2.230278 1.546020 -4.172558
vertex 1.810558 1.546020 -4.371072
endloop
endfacet
facet normal 0.254892 -0.802865 -0.538923
outer loop
vertex 2.304592 1.662938 -4.311590
vertex 1.810558 1.546020 -4.371072
vertex 1.870886 1.662938 -4.516718
endloop
endfacet
facet normal 0.200841 -0.802864 -0.561313
outer loop
vertex 1.870886 1.662938 -4.516718
vertex 1.810558 1.546020 -4.371072
vertex 1.373398 1.546020 -4.527490
endloop
endfacet
facet normal 0.200840 -0.802865 -0.561312
outer loop
vertex 1.870886 1.662938 -4.516718
vertex 1.373398 1.546020 -4.527490
vertex 1.419160 1.662938 -4.678348
endloop
endfacet
facet normal 0.144853 -0.802865 -0.578296
outer loop
vertex 1.419160 1.662938 -4.678348
vertex 1.373398 1.546020 -4.527490
vertex 0.923014 1.546020 -4.640304
endloop
endfacet
facet normal 0.144853 -0.802862 -0.578300
outer loop
vertex 1.419160 1.662938 -4.678348
vertex 0.923014 1.546020 -4.640304
vertex 0.953770 1.662940 -4.794922
endloop
endfacet
facet normal 0.087477 -0.802861 -0.589713
outer loop
vertex 0.953770 1.662940 -4.794922
vertex 0.923014 1.546020 -4.640304
vertex 0.463738 1.546020 -4.708432
endloop
endfacet
facet normal 0.087474 -0.802858 -0.589719
outer loop
vertex 0.953770 1.662940 -4.794922
vertex 0.463738 1.546020 -4.708432
vertex 0.479190 1.662940 -4.865318
endloop
endfacet
facet normal 0.029253 -0.802857 -0.595453
outer loop
vertex 0.479190 1.662940 -4.865318
vertex 0.463738 1.546020 -4.708432
vertex 0.000000 1.546020 -4.731214
endloop
endfacet
facet normal 0.029254 -0.802860 -0.595450
outer loop
vertex 0.479190 1.662940 -4.865318
vertex 0.000000 1.546020 -4.731214
vertex 0.000000 1.662940 -4.888860
endloop
endfacet
facet normal 0.000000 -0.146736 -0.989176
outer loop
vertex 0.000000 0.390180 -4.038430
vertex 0.000000 0.196034 -4.009630
vertex -6.000000 0.196034 -4.009630
endloop
endfacet
facet normal 0.000000 -0.146736 -0.989176
outer loop
vertex 0.000000 0.390180 -4.038430
vertex -6.000000 0.196034 -4.009630
vertex -6.000000 0.390180 -4.038430
endloop
endfacet
facet normal -0.146725 -0.989177 0.000000
outer loop
vertex 6.196034 1.990368 0.000000
vertex 6.390182 1.961570 0.000000
vertex 6.390182 1.961570 6.000000
endloop
endfacet
facet normal -0.146725 -0.989177 0.000000
outer loop
vertex 6.196034 1.990368 0.000000
vertex 6.390182 1.961570 6.000000
vertex 6.196034 1.990368 6.000000
endloop
endfacet
facet normal 0.513944 -0.857452 -0.025250
outer loop
vertex 5.057206 1.763842 0.000000
vertex 4.888860 1.662938 0.000000
vertex 4.865318 1.662938 -0.479194
endloop
endfacet
facet normal 0.513940 -0.857454 -0.025249
outer loop
vertex 5.057206 1.763842 0.000000
vertex 4.865318 1.662938 -0.479194
vertex 5.032854 1.763842 -0.495694
endloop
endfacet
facet normal 0.508994 -0.857452 -0.075501
outer loop
vertex 5.032854 1.763842 -0.495694
vertex 4.865318 1.662938 -0.479194
vertex 4.794922 1.662938 -0.953770
endloop
endfacet
facet normal 0.508993 -0.857453 -0.075502
outer loop
vertex 5.032854 1.763842 -0.495694
vertex 4.794922 1.662938 -0.953770
vertex 4.960034 1.763842 -0.986612
endloop
endfacet
facet normal 0.499144 -0.857452 -0.125028
outer loop
vertex 4.960034 1.763842 -0.986612
vertex 4.794922 1.662938 -0.953770
vertex 4.678348 1.662938 -1.419162
endloop
endfacet
facet normal 0.499139 -0.857455 -0.125026
outer loop
vertex 4.960034 1.763842 -0.986612
vertex 4.678348 1.662938 -1.419162
vertex 4.839446 1.763842 -1.468032
endloop
endfacet
facet normal 0.484482 -0.857453 -0.173352
outer loop
vertex 4.839446 1.763842 -1.468032
vertex 4.678348 1.662938 -1.419162
vertex 4.516718 1.662938 -1.870886
endloop
endfacet
facet normal 0.484482 -0.857454 -0.173351
outer loop
vertex 4.839446 1.763842 -1.468032
vertex 4.516718 1.662938 -1.870886
vertex 4.672250 1.763842 -1.935310
endloop
endfacet
facet normal 0.465158 -0.857454 -0.220004
outer loop
vertex 4.672250 1.763842 -1.935310
vertex 4.516718 1.662938 -1.870886
vertex 4.311590 1.662938 -2.304592
endloop
endfacet
facet normal 0.465160 -0.857452 -0.220005
outer loop
vertex 4.672250 1.763842 -1.935310
vertex 4.311590 1.662938 -2.304592
vertex 4.460058 1.763842 -2.383950
endloop
endfacet
facet normal 0.441355 -0.857453 -0.264538
outer loop
vertex 4.460058 1.763842 -2.383950
vertex 4.311590 1.662938 -2.304592
vertex 4.064938 1.662938 -2.716106
endloop
endfacet
facet normal 0.441354 -0.857454 -0.264536
outer loop
vertex 4.460058 1.763842 -2.383950
vertex 4.064938 1.662938 -2.716106
vertex 4.204914 1.763842 -2.809634
endloop
endfacet
facet normal 0.413300 -0.857453 -0.306524
outer loop
vertex 4.204914 1.763842 -2.809634
vertex 4.064938 1.662938 -2.716106
vertex 3.779140 1.662938 -3.101460
endloop
endfacet
facet normal 0.413300 -0.857454 -0.306523
outer loop
vertex 4.204914 1.763842 -2.809634
vertex 3.779140 1.662938 -3.101460
vertex 3.909274 1.763842 -3.208258
endloop
endfacet
facet normal 0.381264 -0.857454 -0.345558
outer loop
vertex 3.909274 1.763842 -3.208258
vertex 3.779140 1.662938 -3.101460
vertex 3.456944 1.662938 -3.456948
endloop
endfacet
facet normal 0.381265 -0.857453 -0.345559
outer loop
vertex 3.909274 1.763842 -3.208258
vertex 3.456944 1.662938 -3.456948
vertex 3.575984 1.763842 -3.575986
endloop
endfacet
facet normal 0.345559 -0.857452 -0.381267
outer loop
vertex 3.575984 1.763842 -3.575986
vertex 3.456944 1.662938 -3.456948
vertex 3.101460 1.662938 -3.779140
endloop
endfacet
facet normal 0.345559 -0.857453 -0.381264
outer loop
vertex 3.575984 1.763842 -3.575986
vertex 3.101460 1.662938 -3.779140
vertex 3.208258 1.763842 -3.909274
endloop
endfacet
facet normal 0.306524 -0.857454 -0.413299
outer loop
vertex 3.208258 1.763842 -3.909274
vertex 3.101460 1.662938 -3.779140
vertex 2.716106 1.662938 -4.064938
endloop
endfacet
facet normal 0.306524 -0.857454 -0.413299
outer loop
vertex 3.208258 1.763842 -3.909274
vertex 2.716106 1.662938 -4.064938
vertex 2.809634 1.763842 -4.204914
endloop
endfacet
facet normal 0.264538 -0.857454 -0.441353
outer loop
vertex 2.809634 1.763842 -4.204914
vertex 2.716106 1.662938 -4.064938
vertex 2.304592 1.662938 -4.311590
endloop
endfacet
facet normal 0.264537 -0.857453 -0.441356
outer loop
vertex 2.809634 1.763842 -4.204914
vertex 2.304592 1.662938 -4.311590
vertex 2.383950 1.763842 -4.460058
endloop
endfacet
facet normal 0.220005 -0.857452 -0.465160
outer loop
vertex 2.383950 1.763842 -4.460058
vertex 2.304592 1.662938 -4.311590
vertex 1.870886 1.662938 -4.516718
endloop
endfacet
facet normal 0.220004 -0.857453 -0.465158
outer loop
vertex 2.383950 1.763842 -4.460058
vertex 1.870886 1.662938 -4.516718
vertex 1.935310 1.763842 -4.672250
endloop
endfacet
facet normal 0.173350 -0.857454 -0.484482
outer loop
vertex 1.935310 1.763842 -4.672250
vertex 1.870886 1.662938 -4.516718
vertex 1.419160 1.662938 -4.678348
endloop
endfacet
facet normal 0.173351 -0.857453 -0.484483
outer loop
vertex 1.935310 1.763842 -4.672250
vertex 1.419160 1.662938 -4.678348
vertex 1.468028 1.763842 -4.839446
endloop
endfacet
facet normal 0.125024 -0.857453 -0.499142
outer loop
vertex 1.468028 1.763842 -4.839446
vertex 1.419160 1.662938 -4.678348
vertex 0.953770 1.662940 -4.794922
endloop
endfacet
facet normal 0.125026 -0.857458 -0.499133
outer loop
vertex 1.468028 1.763842 -4.839446
vertex 0.953770 1.662940 -4.794922
vertex 0.986612 1.763842 -4.960034
endloop
endfacet
facet normal 0.075500 -0.857457 -0.508986
outer loop
vertex 0.986612 1.763842 -4.960034
vertex 0.953770 1.662940 -4.794922
vertex 0.479190 1.662940 -4.865318
endloop
endfacet
facet normal 0.075502 -0.857461 -0.508980
outer loop
vertex 0.986612 1.763842 -4.960034
vertex 0.479190 1.662940 -4.865318
vertex 0.495692 1.763842 -5.032856
endloop
endfacet
facet normal 0.025249 -0.857460 -0.513930
outer loop
vertex 0.495692 1.763842 -5.032856
vertex 0.479190 1.662940 -4.865318
vertex 0.000000 1.662940 -4.888860
endloop
endfacet
facet normal 0.025246 -0.857457 -0.513936
outer loop
vertex 0.495692 1.763842 -5.032856
vertex 0.000000 1.662940 -4.888860
vertex 0.000000 1.763842 -5.057206
endloop
endfacet
facet normal 0.000000 0.595705 0.803203
outer loop
vertex 0.000000 -1.268786 -7.546020
vertex 0.000000 -1.111140 -7.662940
vertex -6.000000 -1.111140 -7.662940
endloop
endfacet
facet normal 0.000000 0.595705 0.803203
outer loop
vertex 0.000000 -1.268786 -7.546020
vertex -6.000000 -1.111140 -7.662940
vertex -6.000000 -1.268786 -7.546020
endloop
endfacet
facet normal 0.049075 -0.998795 0.000000
outer loop
vertex 5.803966 1.990368 0.000000
vertex 6.000000 2.000000 0.000000
vertex 6.000000 2.000000 6.000000
endloop
endfacet
facet normal 0.049075 -0.998795 0.000000
outer loop
vertex 5.803966 1.990368 0.000000
vertex 6.000000 2.000000 6.000000
vertex 5.803966 1.990368 6.000000
endloop
endfacet
facet normal 0.427457 -0.903792 -0.021000
outer loop
vertex 5.234634 1.847758 0.000000
vertex 5.057206 1.763842 0.000000
vertex 5.032854 1.763842 -0.495694
endloop
endfacet
facet normal 0.427461 -0.903790 -0.021001
outer loop
vertex 5.234634 1.847758 0.000000
vertex 5.032854 1.763842 -0.495694
vertex 5.209426 1.847758 -0.513086
endloop
endfacet
facet normal 0.423339 -0.903792 -0.062796
outer loop
vertex 5.209426 1.847758 -0.513086
vertex 5.032854 1.763842 -0.495694
vertex 4.960034 1.763842 -0.986612
endloop
endfacet
facet normal 0.423348 -0.903788 -0.062798
outer loop
vertex 5.209426 1.847758 -0.513086
vertex 4.960034 1.763842 -0.986612
vertex 5.134050 1.847758 -1.021226
endloop
endfacet
facet normal 0.415153 -0.903789 -0.103990
outer loop
vertex 5.134050 1.847758 -1.021226
vertex 4.960034 1.763842 -0.986612
vertex 4.839446 1.763842 -1.468032
endloop
endfacet
facet normal 0.415149 -0.903791 -0.103987
outer loop
vertex 5.134050 1.847758 -1.021226
vertex 4.839446 1.763842 -1.468032
vertex 5.009232 1.847758 -1.519536
endloop
endfacet
facet normal 0.402957 -0.903791 -0.144182
outer loop
vertex 5.009232 1.847758 -1.519536
vertex 4.839446 1.763842 -1.468032
vertex 4.672250 1.763842 -1.935310
endloop
endfacet
facet normal 0.402959 -0.903789 -0.144182
outer loop
vertex 5.009232 1.847758 -1.519536
vertex 4.672250 1.763842 -1.935310
vertex 4.836170 1.847758 -2.003208
endloop
endfacet
facet normal 0.386884 -0.903791 -0.182983
outer loop
vertex 4.836170 1.847758 -2.003208
vertex 4.672250 1.763842 -1.935310
vertex 4.460058 1.763842 -2.383950
endloop
endfacet
facet normal 0.386885 -0.903791 -0.182984
outer loop
vertex 4.836170 1.847758 -2.003208
vertex 4.460058 1.763842 -2.383950
vertex 4.616534 1.847758 -2.467588
endloop
endfacet
facet normal 0.367086 -0.903791 -0.220022
outer loop
vertex 4.616534 1.847758 -2.467588
vertex 4.460058 1.763842 -2.383950
vertex 4.204914 1.763842 -2.809634
endloop
endfacet
facet normal 0.367087 -0.903790 -0.220022
outer loop
vertex 4.616534 1.847758 -2.467588
vertex 4.204914 1.763842 -2.809634
vertex 4.352438 1.847758 -2.908208
endloop
endfacet
facet normal 0.343752 -0.903791 -0.254945
outer loop
vertex 4.352438 1.847758 -2.908208
vertex 4.204914 1.763842 -2.809634
vertex 3.909274 1.763842 -3.208258
endloop
endfacet
facet normal 0.343753 -0.903790 -0.254946
outer loop
vertex 4.352438 1.847758 -2.908208
vertex 3.909274 1.763842 -3.208258
vertex 4.046426 1.847758 -3.320816
endloop
endfacet
facet normal 0.317109 -0.903790 -0.287412
outer loop
vertex 4.046426 1.847758 -3.320816
vertex 3.909274 1.763842 -3.208258
vertex 3.575984 1.763842 -3.575986
endloop
endfacet
facet normal 0.317108 -0.903791 -0.287409
outer loop
vertex 4.046426 1.847758 -3.320816
vertex 3.575984 1.763842 -3.575986
vertex 3.701444 1.847758 -3.701446
endloop
endfacet
facet normal 0.287409 -0.903792 -0.317106
outer loop
vertex 3.701444 1.847758 -3.701446
vertex 3.575984 1.763842 -3.575986
vertex 3.208258 1.763842 -3.909274
endloop
endfacet
facet normal 0.287410 -0.903790 -0.317110
outer loop
vertex 3.701444 1.847758 -3.701446
vertex 3.208258 1.763842 -3.909274
vertex 3.320816 1.847758 -4.046426
endloop
endfacet
facet normal 0.254945 -0.903790 -0.343754
outer loop
vertex 3.320816 1.847758 -4.046426
vertex 3.208258 1.763842 -3.909274
vertex 2.809634 1.763842 -4.204914
endloop
endfacet
facet normal 0.254946 -0.903789 -0.343755
outer loop
vertex 3.320816 1.847758 -4.046426
vertex 2.809634 1.763842 -4.204914
vertex 2.908206 1.847758 -4.352438
endloop
endfacet
facet normal 0.220024 -0.903790 -0.367088
outer loop
vertex 2.908206 1.847758 -4.352438
vertex 2.809634 1.763842 -4.204914
vertex 2.383950 1.763842 -4.460058
endloop
endfacet
facet normal 0.220023 -0.903790 -0.367087
outer loop
vertex 2.908206 1.847758 -4.352438
vertex 2.383950 1.763842 -4.460058
vertex 2.467588 1.847758 -4.616534
endloop
endfacet
facet normal 0.182984 -0.903790 -0.386885
outer loop
vertex 2.467588 1.847758 -4.616534
vertex 2.383950 1.763842 -4.460058
vertex 1.935310 1.763842 -4.672250
endloop
endfacet
facet normal 0.182983 -0.903790 -0.386885
outer loop
vertex 2.467588 1.847758 -4.616534
vertex 1.935310 1.763842 -4.672250
vertex 2.003208 1.847758 -4.836170
endloop
endfacet
facet normal 0.144181 -0.903791 -0.402957
outer loop
vertex 2.003208 1.847758 -4.836170
vertex 1.935310 1.763842 -4.672250
vertex 1.468028 1.763842 -4.839446
endloop
endfacet
facet normal 0.144181 -0.903790 -0.402959
outer loop
vertex 2.003208 1.847758 -4.836170
vertex 1.468028 1.763842 -4.839446
vertex 1.519532 1.847758 -5.009232
endloop
endfacet
facet normal 0.103989 -0.903790 -0.415150
outer loop
vertex 1.519532 1.847758 -5.009232
vertex 1.468028 1.763842 -4.839446
vertex 0.986612 1.763842 -4.960034
endloop
endfacet
facet normal 0.103990 -0.903791 -0.415148
outer loop
vertex 1.519532 1.847758 -5.009232
vertex 0.986612 1.763842 -4.960034
vertex 1.021226 1.847758 -5.134052
endloop
endfacet
facet normal 0.062798 -0.903792 -0.423340
outer loop
vertex 1.021226 1.847758 -5.134052
vertex 0.986612 1.763842 -4.960034
vertex 0.495692 1.763842 -5.032856
endloop
endfacet
facet normal 0.062796 -0.903788 -0.423348
outer loop
vertex 1.021226 1.847758 -5.134052
vertex 0.495692 1.763842 -5.032856
vertex 0.513082 1.847758 -5.209426
endloop
endfacet
facet normal 0.020999 -0.903789 -0.427463
outer loop
vertex 0.513082 1.847758 -5.209426
vertex 0.495692 1.763842 -5.032856
vertex 0.000000 1.763842 -5.057206
endloop
endfacet
facet normal 0.020997 -0.903786 -0.427469
outer loop
vertex 0.513082 1.847758 -5.209426
vertex 0.000000 1.763842 -5.057206
vertex 0.000000 1.847760 -5.234632
endloop
endfacet
facet normal 0.000000 -0.049066 -0.998796
outer loop
vertex 0.000000 0.196034 -4.009630
vertex 0.000000 0.000000 -4.000000
vertex -6.000000 0.000000 -4.000000
endloop
endfacet
facet normal 0.000000 -0.049066 -0.998796
outer loop
vertex 0.000000 0.196034 -4.009630
vertex -6.000000 0.000000 -4.000000
vertex -6.000000 0.196034 -4.009630
endloop
endfacet
facet normal 0.514107 -0.857726 -0.000000
outer loop
vertex 4.888860 1.662938 0.000000
vertex 5.057206 1.763842 0.000000
vertex 5.057208 1.763842 6.000000
endloop
endfacet
facet normal 0.514104 -0.857728 0.000000
outer loop
vertex 4.888860 1.662938 0.000000
vertex 5.057208 1.763842 6.000000
vertex 4.888860 1.662938 6.000000
endloop
endfacet
facet normal 0.336842 -0.941416 -0.016549
outer loop
vertex 5.419432 1.913880 0.000000
vertex 5.234634 1.847758 0.000000
vertex 5.209426 1.847758 -0.513086
endloop
endfacet
facet normal 0.336846 -0.941414 -0.016550
outer loop
vertex 5.419432 1.913880 0.000000
vertex 5.209426 1.847758 -0.513086
vertex 5.393334 1.913880 -0.531198
endloop
endfacet
facet normal 0.333601 -0.941415 -0.049486
outer loop
vertex 5.393334 1.913880 -0.531198
vertex 5.209426 1.847758 -0.513086
vertex 5.134050 1.847758 -1.021226
endloop
endfacet
facet normal 0.333600 -0.941415 -0.049484
outer loop
vertex 5.393334 1.913880 -0.531198
vertex 5.134050 1.847758 -1.021226
vertex 5.315298 1.913880 -1.057278
endloop
endfacet
facet normal 0.327143 -0.941415 -0.081944
outer loop
vertex 5.315298 1.913880 -1.057278
vertex 5.134050 1.847758 -1.021226
vertex 5.009232 1.847758 -1.519536
endloop
endfacet
facet normal 0.327145 -0.941414 -0.081945
outer loop
vertex 5.315298 1.913880 -1.057278
vertex 5.009232 1.847758 -1.519536
vertex 5.186072 1.913880 -1.573180
endloop
endfacet
facet normal 0.317537 -0.941414 -0.113618
outer loop
vertex 5.186072 1.913880 -1.573180
vertex 5.009232 1.847758 -1.519536
vertex 4.836170 1.847758 -2.003208
endloop
endfacet
facet normal 0.317533 -0.941416 -0.113615
outer loop
vertex 5.186072 1.913880 -1.573180
vertex 4.836170 1.847758 -2.003208
vertex 5.006902 1.913880 -2.073928
endloop
endfacet
facet normal 0.304870 -0.941415 -0.144194
outer loop
vertex 5.006902 1.913880 -2.073928
vertex 4.836170 1.847758 -2.003208
vertex 4.616534 1.847758 -2.467588
endloop
endfacet
facet normal 0.304868 -0.941416 -0.144192
outer loop
vertex 5.006902 1.913880 -2.073928
vertex 4.616534 1.847758 -2.467588
vertex 4.779512 1.913880 -2.554702
endloop
endfacet
facet normal 0.289269 -0.941415 -0.173380
outer loop
vertex 4.779512 1.913880 -2.554702
vertex 4.616534 1.847758 -2.467588
vertex 4.352438 1.847758 -2.908208
endloop
endfacet
facet normal 0.289269 -0.941415 -0.173381
outer loop
vertex 4.779512 1.913880 -2.554702
vertex 4.352438 1.847758 -2.908208
vertex 4.506092 1.913880 -3.010876
endloop
endfacet
facet normal 0.270882 -0.941415 -0.200900
outer loop
vertex 4.506092 1.913880 -3.010876
vertex 4.352438 1.847758 -2.908208
vertex 4.046426 1.847758 -3.320816
endloop
endfacet
facet normal 0.270882 -0.941415 -0.200899
outer loop
vertex 4.506092 1.913880 -3.010876
vertex 4.046426 1.847758 -3.320816
vertex 4.189278 1.913880 -3.438050
endloop
endfacet
facet normal 0.249884 -0.941416 -0.226481
outer loop
vertex 4.189278 1.913880 -3.438050
vertex 4.046426 1.847758 -3.320816
vertex 3.701444 1.847758 -3.701446
endloop
endfacet
facet normal 0.249887 -0.941415 -0.226483
outer loop
vertex 4.189278 1.913880 -3.438050
vertex 3.701444 1.847758 -3.701446
vertex 3.832116 1.913880 -3.832118
endloop
endfacet
facet normal 0.226483 -0.941415 -0.249887
outer loop
vertex 3.832116 1.913880 -3.832118
vertex 3.701444 1.847758 -3.701446
vertex 3.320816 1.847758 -4.046426
endloop
endfacet
facet normal 0.226484 -0.941415 -0.249887
outer loop
vertex 3.832116 1.913880 -3.832118
vertex 3.320816 1.847758 -4.046426
vertex 3.438050 1.913880 -4.189276
endloop
endfacet
facet normal 0.200900 -0.941415 -0.270883
outer loop
vertex 3.438050 1.913880 -4.189276
vertex 3.320816 1.847758 -4.046426
vertex 2.908206 1.847758 -4.352438
endloop
endfacet
facet normal 0.200900 -0.941415 -0.270882
outer loop
vertex 3.438050 1.913880 -4.189276
vertex 2.908206 1.847758 -4.352438
vertex 3.010874 1.913880 -4.506092
endloop
endfacet
facet normal 0.173382 -0.941415 -0.289270
outer loop
vertex 3.010874 1.913880 -4.506092
vertex 2.908206 1.847758 -4.352438
vertex 2.467588 1.847758 -4.616534
endloop
endfacet
facet normal 0.173381 -0.941415 -0.289268
outer loop
vertex 3.010874 1.913880 -4.506092
vertex 2.467588 1.847758 -4.616534
vertex 2.554702 1.913880 -4.779512
endloop
endfacet
facet normal 0.144194 -0.941415 -0.304870
outer loop
vertex 2.554702 1.913880 -4.779512
vertex 2.467588 1.847758 -4.616534
vertex 2.003208 1.847758 -4.836170
endloop
endfacet
facet normal 0.144193 -0.941415 -0.304871
outer loop
vertex 2.554702 1.913880 -4.779512
vertex 2.003208 1.847758 -4.836170
vertex 2.073926 1.913880 -5.006902
endloop
endfacet
facet normal 0.113615 -0.941415 -0.317535
outer loop
vertex 2.073926 1.913880 -5.006902
vertex 2.003208 1.847758 -4.836170
vertex 1.519532 1.847758 -5.009232
endloop
endfacet
facet normal 0.113616 -0.941415 -0.317537
outer loop
vertex 2.073926 1.913880 -5.006902
vertex 1.519532 1.847758 -5.009232
vertex 1.573176 1.913880 -5.186072
endloop
endfacet
facet normal 0.081946 -0.941414 -0.327145
outer loop
vertex 1.573176 1.913880 -5.186072
vertex 1.519532 1.847758 -5.009232
vertex 1.021226 1.847758 -5.134052
endloop
endfacet
facet normal 0.081946 -0.941414 -0.327146
outer loop
vertex 1.573176 1.913880 -5.186072
vertex 1.021226 1.847758 -5.134052
vertex 1.057278 1.913880 -5.315298
endloop
endfacet
facet normal 0.049484 -0.941414 -0.333603
outer loop
vertex 1.057278 1.913880 -5.315298
vertex 1.021226 1.847758 -5.134052
vertex 0.513082 1.847758 -5.209426
endloop
endfacet
facet normal 0.049485 -0.941415 -0.333599
outer loop
vertex 1.057278 1.913880 -5.315298
vertex 0.513082 1.847758 -5.209426
vertex 0.531196 1.913880 -5.393334
endloop
endfacet
facet normal 0.016545 -0.941415 -0.336845
outer loop
vertex 0.531196 1.913880 -5.393334
vertex 0.513082 1.847758 -5.209426
vertex 0.000000 1.847760 -5.234632
endloop
endfacet
facet normal 0.016548 -0.941418 -0.336837
outer loop
vertex 0.531196 1.913880 -5.393334
vertex 0.000000 1.847760 -5.234632
vertex 0.000000 1.913880 -5.419430
endloop
endfacet
facet normal 0.000000 0.514100 0.857730
outer loop
vertex 0.000000 -1.111140 -7.662940
vertex 0.000000 -0.942794 -7.763842
vertex -6.000000 -0.942794 -7.763842
endloop
endfacet
facet normal 0.000000 0.514101 0.857730
outer loop
vertex 0.000000 -1.111140 -7.662940
vertex -6.000000 -0.942794 -7.763842
vertex -6.000000 -1.111140 -7.662940
endloop
endfacet
facet normal 0.857732 -0.514098 -0.000000
outer loop
vertex 4.236158 0.942792 0.000000
vertex 4.337060 1.111140 0.000000
vertex 4.337062 1.111140 6.000000
endloop
endfacet
facet normal 0.857729 -0.514102 0.000000
outer loop
vertex 4.236158 0.942792 0.000000
vertex 4.337062 1.111140 6.000000
vertex 4.236158 0.942792 6.000000
endloop
endfacet
facet normal 0.242965 -0.969962 -0.011937
outer loop
vertex 5.609820 1.961570 0.000000
vertex 5.419432 1.913880 0.000000
vertex 5.393334 1.913880 -0.531198
endloop
endfacet
facet normal 0.242963 -0.969962 -0.011936
outer loop
vertex 5.609820 1.961570 0.000000
vertex 5.393334 1.913880 -0.531198
vertex 5.582806 1.961570 -0.549860
endloop
endfacet
facet normal 0.240623 -0.969962 -0.035693
outer loop
vertex 5.582806 1.961570 -0.549860
vertex 5.393334 1.913880 -0.531198
vertex 5.315298 1.913880 -1.057278
endloop
endfacet
facet normal 0.240623 -0.969962 -0.035693
outer loop
vertex 5.582806 1.961570 -0.549860
vertex 5.315298 1.913880 -1.057278
vertex 5.502028 1.961570 -1.094422
endloop
endfacet
facet normal 0.235967 -0.969962 -0.059107
outer loop
vertex 5.502028 1.961570 -1.094422
vertex 5.315298 1.913880 -1.057278
vertex 5.186072 1.913880 -1.573180
endloop
endfacet
facet normal 0.235967 -0.969962 -0.059107
outer loop
vertex 5.502028 1.961570 -1.094422
vertex 5.186072 1.913880 -1.573180
vertex 5.368262 1.961570 -1.628446
endloop
endfacet
facet normal 0.229039 -0.969962 -0.081951
outer loop
vertex 5.368262 1.961570 -1.628446
vertex 5.186072 1.913880 -1.573180
vertex 5.006902 1.913880 -2.073928
endloop
endfacet
facet normal 0.229038 -0.969962 -0.081951
outer loop
vertex 5.368262 1.961570 -1.628446
vertex 5.006902 1.913880 -2.073928
vertex 5.182798 1.961570 -2.146786
endloop
endfacet
facet normal 0.219903 -0.969961 -0.104008
outer loop
vertex 5.182798 1.961570 -2.146786
vertex 5.006902 1.913880 -2.073928
vertex 4.779512 1.913880 -2.554702
endloop
endfacet
facet normal 0.219901 -0.969962 -0.104005
outer loop
vertex 5.182798 1.961570 -2.146786
vertex 4.779512 1.913880 -2.554702
vertex 4.947420 1.961570 -2.644450
endloop
endfacet
facet normal 0.208648 -0.969962 -0.125058
outer loop
vertex 4.947420 1.961570 -2.644450
vertex 4.779512 1.913880 -2.554702
vertex 4.506092 1.913880 -3.010876
endloop
endfacet
facet normal 0.208649 -0.969962 -0.125059
outer loop
vertex 4.947420 1.961570 -2.644450
vertex 4.506092 1.913880 -3.010876
vertex 4.664394 1.961570 -3.116650
endloop
endfacet
facet normal 0.195385 -0.969962 -0.144909
outer loop
vertex 4.664394 1.961570 -3.116650
vertex 4.506092 1.913880 -3.010876
vertex 4.189278 1.913880 -3.438050
endloop
endfacet
facet normal 0.195386 -0.969962 -0.144907
outer loop
vertex 4.664394 1.961570 -3.116650
vertex 4.189278 1.913880 -3.438050
vertex 4.336450 1.961570 -3.558832
endloop
endfacet
facet normal 0.180241 -0.969962 -0.163362
outer loop
vertex 4.336450 1.961570 -3.558832
vertex 4.189278 1.913880 -3.438050
vertex 3.832116 1.913880 -3.832118
endloop
endfacet
facet normal 0.180242 -0.969962 -0.163362
outer loop
vertex 4.336450 1.961570 -3.558832
vertex 3.832116 1.913880 -3.832118
vertex 3.966740 1.961570 -3.966742
endloop
endfacet
facet normal 0.163362 -0.969961 -0.180243
outer loop
vertex 3.966740 1.961570 -3.966742
vertex 3.832116 1.913880 -3.832118
vertex 3.438050 1.913880 -4.189276
endloop
endfacet
facet normal 0.163361 -0.969962 -0.180240
outer loop
vertex 3.966740 1.961570 -3.966742
vertex 3.438050 1.913880 -4.189276
vertex 3.558832 1.961570 -4.336450
endloop
endfacet
facet normal 0.144907 -0.969962 -0.195385
outer loop
vertex 3.558832 1.961570 -4.336450
vertex 3.438050 1.913880 -4.189276
vertex 3.010874 1.913880 -4.506092
endloop
endfacet
facet normal 0.144907 -0.969962 -0.195384
outer loop
vertex 3.558832 1.961570 -4.336450
vertex 3.010874 1.913880 -4.506092
vertex 3.116650 1.961570 -4.664394
endloop
endfacet
facet normal 0.125059 -0.969962 -0.208647
outer loop
vertex 3.116650 1.961570 -4.664394
vertex 3.010874 1.913880 -4.506092
vertex 2.554702 1.913880 -4.779512
endloop
endfacet
facet normal 0.125059 -0.969962 -0.208649
outer loop
vertex 3.116650 1.961570 -4.664394
vertex 2.554702 1.913880 -4.779512
vertex 2.644450 1.961570 -4.947420
endloop
endfacet
facet normal 0.104006 -0.969962 -0.219900
outer loop
vertex 2.644450 1.961570 -4.947420
vertex 2.554702 1.913880 -4.779512
vertex 2.073926 1.913880 -5.006902
endloop
endfacet
facet normal 0.104005 -0.969962 -0.219901
outer loop
vertex 2.644450 1.961570 -4.947420
vertex 2.073926 1.913880 -5.006902
vertex 2.146786 1.961570 -5.182798
endloop
endfacet
facet normal 0.081950 -0.969962 -0.229038
outer loop
vertex 2.146786 1.961570 -5.182798
vertex 2.073926 1.913880 -5.006902
vertex 1.573176 1.913880 -5.186072
endloop
endfacet
facet normal 0.081950 -0.969962 -0.229037
outer loop
vertex 2.146786 1.961570 -5.182798
vertex 1.573176 1.913880 -5.186072
vertex 1.628444 1.961570 -5.368262
endloop
endfacet
facet normal 0.059106 -0.969962 -0.235967
outer loop
vertex 1.628444 1.961570 -5.368262
vertex 1.573176 1.913880 -5.186072
vertex 1.057278 1.913880 -5.315298
endloop
endfacet
facet normal 0.059107 -0.969962 -0.235966
outer loop
vertex 1.628444 1.961570 -5.368262
vertex 1.057278 1.913880 -5.315298
vertex 1.094422 1.961570 -5.502028
endloop
endfacet
facet normal 0.035693 -0.969962 -0.240626
outer loop
vertex 1.094422 1.961570 -5.502028
vertex 1.057278 1.913880 -5.315298
vertex 0.531196 1.913880 -5.393334
endloop
endfacet
facet normal 0.035694 -0.969963 -0.240620
outer loop
vertex 1.094422 1.961570 -5.502028
vertex 0.531196 1.913880 -5.393334
vertex 0.549856 1.961570 -5.582808
endloop
endfacet
facet normal 0.011936 -0.969963 -0.242960
outer loop
vertex 0.549856 1.961570 -5.582808
vertex 0.531196 1.913880 -5.393334
vertex 0.000000 1.913880 -5.419430
endloop
endfacet
facet normal 0.011935 -0.969962 -0.242962
outer loop
vertex 0.549856 1.961570 -5.582808
vertex 0.000000 1.913880 -5.419430
vertex 0.000000 1.961570 -5.609820
endloop
endfacet
facet normal 0.000000 0.049066 -0.998796
outer loop
vertex 0.000000 0.000000 -4.000000
vertex 0.000000 -0.196034 -4.009630
vertex -6.000000 -0.196034 -4.009630
endloop
endfacet
facet normal 0.000000 0.049066 -0.998796
outer loop
vertex 0.000000 0.000000 -4.000000
vertex -6.000000 -0.196034 -4.009630
vertex -6.000000 0.000000 -4.000000
endloop
endfacet
facet normal 0.998796 -0.049066 -0.000000
outer loop
vertex 4.000000 0.000000 0.000000
vertex 4.009630 0.196034 0.000000
vertex 4.009632 0.196034 6.000000
endloop
endfacet
facet normal 0.998795 -0.049076 0.000000
outer loop
vertex 4.000000 0.000000 0.000000
vertex 4.009632 0.196034 6.000000
vertex 4.000000 0.000000 6.000000
endloop
endfacet
facet normal 0.146723 -0.989151 -0.007208
outer loop
vertex 5.803966 1.990368 0.000000
vertex 5.609820 1.961570 0.000000
vertex 5.582806 1.961570 -0.549860
endloop
endfacet
facet normal 0.146721 -0.989152 -0.007208
outer loop
vertex 5.803966 1.990368 0.000000
vertex 5.582806 1.961570 -0.549860
vertex 5.776018 1.990368 -0.568890
endloop
endfacet
facet normal 0.145310 -0.989151 -0.021555
outer loop
vertex 5.776018 1.990368 -0.568890
vertex 5.582806 1.961570 -0.549860
vertex 5.502028 1.961570 -1.094422
endloop
endfacet
facet normal 0.145309 -0.989152 -0.021554
outer loop
vertex 5.776018 1.990368 -0.568890
vertex 5.502028 1.961570 -1.094422
vertex 5.692444 1.990368 -1.132298
endloop
endfacet
facet normal 0.142497 -0.989151 -0.035694
outer loop
vertex 5.692444 1.990368 -1.132298
vertex 5.502028 1.961570 -1.094422
vertex 5.368262 1.961570 -1.628446
endloop
endfacet
facet normal 0.142496 -0.989152 -0.035693
outer loop
vertex 5.692444 1.990368 -1.132298
vertex 5.368262 1.961570 -1.628446
vertex 5.554048 1.990368 -1.684804
endloop
endfacet
facet normal 0.138311 -0.989152 -0.049488
outer loop
vertex 5.554048 1.990368 -1.684804
vertex 5.368262 1.961570 -1.628446
vertex 5.182798 1.961570 -2.146786
endloop
endfacet
facet normal 0.138313 -0.989151 -0.049490
outer loop
vertex 5.554048 1.990368 -1.684804
vertex 5.182798 1.961570 -2.146786
vertex 5.362164 1.990368 -2.221082
endloop
endfacet
facet normal 0.132797 -0.989151 -0.062809
outer loop
vertex 5.362164 1.990368 -2.221082
vertex 5.182798 1.961570 -2.146786
vertex 4.947420 1.961570 -2.644450
endloop
endfacet
facet normal 0.132796 -0.989151 -0.062807
outer loop
vertex 5.362164 1.990368 -2.221082
vertex 4.947420 1.961570 -2.644450
vertex 5.118640 1.990368 -2.735970
endloop
endfacet
facet normal 0.126001 -0.989151 -0.075523
outer loop
vertex 5.118640 1.990368 -2.735970
vertex 4.947420 1.961570 -2.644450
vertex 4.664394 1.961570 -3.116650
endloop
endfacet
facet normal 0.126000 -0.989152 -0.075520
outer loop
vertex 5.118640 1.990368 -2.735970
vertex 4.664394 1.961570 -3.116650
vertex 4.825820 1.990368 -3.224512
endloop
endfacet
facet normal 0.117991 -0.989151 -0.087508
outer loop
vertex 4.825820 1.990368 -3.224512
vertex 4.664394 1.961570 -3.116650
vertex 4.336450 1.961570 -3.558832
endloop
endfacet
facet normal 0.117991 -0.989151 -0.087507
outer loop
vertex 4.825820 1.990368 -3.224512
vertex 4.336450 1.961570 -3.558832
vertex 4.486526 1.990368 -3.681998
endloop
endfacet
facet normal 0.108845 -0.989152 -0.098651
outer loop
vertex 4.486526 1.990368 -3.681998
vertex 4.336450 1.961570 -3.558832
vertex 3.966740 1.961570 -3.966742
endloop
endfacet
facet normal 0.108845 -0.989151 -0.098652
outer loop
vertex 4.486526 1.990368 -3.681998
vertex 3.966740 1.961570 -3.966742
vertex 4.104022 1.990368 -4.104024
endloop
endfacet
facet normal 0.098652 -0.989151 -0.108845
outer loop
vertex 4.104022 1.990368 -4.104024
vertex 3.966740 1.961570 -3.966742
vertex 3.558832 1.961570 -4.336450
endloop
endfacet
facet normal 0.098652 -0.989151 -0.108846
outer loop
vertex 4.104022 1.990368 -4.104024
vertex 3.558832 1.961570 -4.336450
vertex 3.681996 1.990368 -4.486526
endloop
endfacet
facet normal 0.087508 -0.989151 -0.117991
outer loop
vertex 3.681996 1.990368 -4.486526
vertex 3.558832 1.961570 -4.336450
vertex 3.116650 1.961570 -4.664394
endloop
endfacet
facet normal 0.087508 -0.989151 -0.117990
outer loop
vertex 3.681996 1.990368 -4.486526
vertex 3.116650 1.961570 -4.664394
vertex 3.224512 1.990368 -4.825820
endloop
endfacet
facet normal 0.075522 -0.989151 -0.126001
outer loop
vertex 3.224512 1.990368 -4.825820
vertex 3.116650 1.961570 -4.664394
vertex 2.644450 1.961570 -4.947420
endloop
endfacet
facet normal 0.075523 -0.989150 -0.126008
outer loop
vertex 3.224512 1.990368 -4.825820
vertex 2.644450 1.961570 -4.947420
vertex 2.735970 1.990370 -5.118642
endloop
endfacet
facet normal 0.062812 -0.989150 -0.132804
outer loop
vertex 2.735970 1.990370 -5.118642
vertex 2.644450 1.961570 -4.947420
vertex 2.146786 1.961570 -5.182798
endloop
endfacet
facet normal 0.062812 -0.989150 -0.132806
outer loop
vertex 2.735970 1.990370 -5.118642
vertex 2.146786 1.961570 -5.182798
vertex 2.221082 1.990370 -5.362164
endloop
endfacet
facet normal 0.049492 -0.989150 -0.138324
outer loop
vertex 2.221082 1.990370 -5.362164
vertex 2.146786 1.961570 -5.182798
vertex 1.628444 1.961570 -5.368262
endloop
endfacet
facet normal 0.049492 -0.989150 -0.138321
outer loop
vertex 2.221082 1.990370 -5.362164
vertex 1.628444 1.961570 -5.368262
vertex 1.684800 1.990370 -5.554050
endloop
endfacet
facet normal 0.035696 -0.989150 -0.142506
outer loop
vertex 1.684800 1.990370 -5.554050
vertex 1.628444 1.961570 -5.368262
vertex 1.094422 1.961570 -5.502028
endloop
endfacet
facet normal 0.035696 -0.989150 -0.142506
outer loop
vertex 1.684800 1.990370 -5.554050
vertex 1.094422 1.961570 -5.502028
vertex 1.132298 1.990370 -5.692444
endloop
endfacet
facet normal 0.021556 -0.989150 -0.145320
outer loop
vertex 1.132298 1.990370 -5.692444
vertex 1.094422 1.961570 -5.502028
vertex 0.549856 1.961570 -5.582808
endloop
endfacet
facet normal 0.021556 -0.989150 -0.145318
outer loop
vertex 1.132298 1.990370 -5.692444
vertex 0.549856 1.961570 -5.582808
vertex 0.568886 1.990370 -5.776018
endloop
endfacet
facet normal 0.007208 -0.989150 -0.146732
outer loop
vertex 0.568886 1.990370 -5.776018
vertex 0.549856 1.961570 -5.582808
vertex 0.000000 1.961570 -5.609820
endloop
endfacet
facet normal 0.007209 -0.989150 -0.146732
outer loop
vertex 0.568886 1.990370 -5.776018
vertex 0.000000 1.961570 -5.609820
vertex 0.000000 1.990370 -5.803966
endloop
endfacet
facet normal 0.000000 0.427559 0.903988
outer loop
vertex 0.000000 -0.942794 -7.763842
vertex 0.000000 -0.765366 -7.847760
vertex -6.000000 -0.765366 -7.847760
endloop
endfacet
facet normal 0.000000 0.427559 0.903987
outer loop
vertex 0.000000 -0.942794 -7.763842
vertex -6.000000 -0.765366 -7.847760
vertex -6.000000 -0.942794 -7.763842
endloop
endfacet
facet normal 0.903987 0.427561 0.000000
outer loop
vertex 4.236158 -0.942794 0.000000
vertex 4.152240 -0.765368 0.000000
vertex 4.152240 -0.765368 6.000000
endloop
endfacet
facet normal 0.903985 0.427563 0.000000
outer loop
vertex 4.236158 -0.942794 0.000000
vertex 4.152240 -0.765368 6.000000
vertex 4.236158 -0.942794 6.000000
endloop
endfacet
facet normal 0.049075 -0.998792 -0.002411
outer loop
vertex 6.000000 2.000000 0.000000
vertex 5.803966 1.990368 0.000000
vertex 5.776018 1.990368 -0.568890
endloop
endfacet
facet normal 0.049075 -0.998792 -0.002410
outer loop
vertex 6.000000 2.000000 0.000000
vertex 5.776018 1.990368 -0.568890
vertex 5.971108 2.000000 -0.588104
endloop
endfacet
facet normal 0.048603 -0.998792 -0.007210
outer loop
vertex 5.971108 2.000000 -0.588104
vertex 5.776018 1.990368 -0.568890
vertex 5.692444 1.990368 -1.132298
endloop
endfacet
facet normal 0.048602 -0.998792 -0.007209
outer loop
vertex 5.971108 2.000000 -0.588104
vertex 5.692444 1.990368 -1.132298
vertex 5.884712 2.000000 -1.170542
endloop
endfacet
facet normal 0.047661 -0.998792 -0.011938
outer loop
vertex 5.884712 2.000000 -1.170542
vertex 5.692444 1.990368 -1.132298
vertex 5.554048 1.990368 -1.684804
endloop
endfacet
facet normal 0.047662 -0.998792 -0.011939
outer loop
vertex 5.884712 2.000000 -1.170542
vertex 5.554048 1.990368 -1.684804
vertex 5.741642 2.000000 -1.741710
endloop
endfacet
facet normal 0.046262 -0.998792 -0.016552
outer loop
vertex 5.741642 2.000000 -1.741710
vertex 5.554048 1.990368 -1.684804
vertex 5.362164 1.990368 -2.221082
endloop
endfacet
facet normal 0.046261 -0.998792 -0.016553
outer loop
vertex 5.741642 2.000000 -1.741710
vertex 5.362164 1.990368 -2.221082
vertex 5.543278 2.000000 -2.296102
endloop
endfacet
facet normal 0.044416 -0.998792 -0.021007
outer loop
vertex 5.543278 2.000000 -2.296102
vertex 5.362164 1.990368 -2.221082
vertex 5.118640 1.990368 -2.735970
endloop
endfacet
facet normal 0.044416 -0.998792 -0.021008
outer loop
vertex 5.543278 2.000000 -2.296102
vertex 5.118640 1.990368 -2.735970
vertex 5.291528 2.000000 -2.828380
endloop
endfacet
facet normal 0.042144 -0.998792 -0.025259
outer loop
vertex 5.291528 2.000000 -2.828380
vertex 5.118640 1.990368 -2.735970
vertex 4.825820 1.990368 -3.224512
endloop
endfacet
facet normal 0.042144 -0.998792 -0.025260
outer loop
vertex 5.291528 2.000000 -2.828380
vertex 4.825820 1.990368 -3.224512
vertex 4.988816 2.000000 -3.333422
endloop
endfacet
facet normal 0.039465 -0.998792 -0.029267
outer loop
vertex 4.988816 2.000000 -3.333422
vertex 4.825820 1.990368 -3.224512
vertex 4.486526 1.990368 -3.681998
endloop
endfacet
facet normal 0.039465 -0.998792 -0.029271
outer loop
vertex 4.988816 2.000000 -3.333422
vertex 4.486526 1.990368 -3.681998
vertex 4.638062 2.000000 -3.806360
endloop
endfacet
facet normal 0.036406 -0.998792 -0.032997
outer loop
vertex 4.638062 2.000000 -3.806360
vertex 4.486526 1.990368 -3.681998
vertex 4.104022 1.990368 -4.104024
endloop
endfacet
facet normal 0.036406 -0.998792 -0.032996
outer loop
vertex 4.638062 2.000000 -3.806360
vertex 4.104022 1.990368 -4.104024
vertex 4.242640 2.000000 -4.242642
endloop
endfacet
facet normal 0.032996 -0.998792 -0.036405
outer loop
vertex 4.242640 2.000000 -4.242642
vertex 4.104022 1.990368 -4.104024
vertex 3.681996 1.990368 -4.486526
endloop
endfacet
facet normal 0.032996 -0.998792 -0.036406
outer loop
vertex 4.242640 2.000000 -4.242642
vertex 3.681996 1.990368 -4.486526
vertex 3.806360 2.000000 -4.638064
endloop
endfacet
facet normal 0.029269 -0.998792 -0.039463
outer loop
vertex 3.806360 2.000000 -4.638064
vertex 3.681996 1.990368 -4.486526
vertex 3.224512 1.990368 -4.825820
endloop
endfacet
facet normal 0.029269 -0.998792 -0.039466
outer loop
vertex 3.806360 2.000000 -4.638064
vertex 3.224512 1.990368 -4.825820
vertex 3.333422 2.000000 -4.988818
endloop
endfacet
facet normal 0.025257 -0.998792 -0.042145
outer loop
vertex 3.333422 2.000000 -4.988818
vertex 3.224512 1.990368 -4.825820
vertex 2.735970 1.990370 -5.118642
endloop
endfacet
facet normal 0.025255 -0.998793 -0.042136
outer loop
vertex 3.333422 2.000000 -4.988818
vertex 2.735970 1.990370 -5.118642
vertex 2.828380 2.000000 -5.291528
endloop
endfacet
facet normal 0.021003 -0.998793 -0.044410
outer loop
vertex 2.828380 2.000000 -5.291528
vertex 2.735970 1.990370 -5.118642
vertex 2.221082 1.990370 -5.362164
endloop
endfacet
facet normal 0.021003 -0.998793 -0.044406
outer loop
vertex 2.828380 2.000000 -5.291528
vertex 2.221082 1.990370 -5.362164
vertex 2.296102 2.000000 -5.543278
endloop
endfacet
facet normal 0.016549 -0.998793 -0.046252
outer loop
vertex 2.296102 2.000000 -5.543278
vertex 2.221082 1.990370 -5.362164
vertex 1.684800 1.990370 -5.554050
endloop
endfacet
facet normal 0.016549 -0.998793 -0.046252
outer loop
vertex 2.296102 2.000000 -5.543278
vertex 1.684800 1.990370 -5.554050
vertex 1.741706 2.000000 -5.741642
endloop
endfacet
facet normal 0.011936 -0.998793 -0.047652
outer loop
vertex 1.741706 2.000000 -5.741642
vertex 1.684800 1.990370 -5.554050
vertex 1.132298 1.990370 -5.692444
endloop
endfacet
facet normal 0.011936 -0.998793 -0.047652
outer loop
vertex 1.741706 2.000000 -5.741642
vertex 1.132298 1.990370 -5.692444
vertex 1.170542 2.000000 -5.884712
endloop
endfacet
facet normal 0.007208 -0.998793 -0.048594
outer loop
vertex 1.170542 2.000000 -5.884712
vertex 1.132298 1.990370 -5.692444
vertex 0.568886 1.990370 -5.776018
endloop
endfacet
facet normal 0.007208 -0.998793 -0.048591
outer loop
vertex 1.170542 2.000000 -5.884712
vertex 0.568886 1.990370 -5.776018
vertex 0.588100 2.000000 -5.971108
endloop
endfacet
facet normal 0.002410 -0.998793 -0.049065
outer loop
vertex 0.588100 2.000000 -5.971108
vertex 0.568886 1.990370 -5.776018
vertex 0.000000 1.990370 -5.803966
endloop
endfacet
facet normal 0.002410 -0.998793 -0.049065
outer loop
vertex 0.588100 2.000000 -5.971108
vertex 0.000000 1.990370 -5.803966
vertex 0.000000 2.000000 -6.000000
endloop
endfacet
endsolid wall1
