/*--------------------------------*- C++ -*----------------------------------*\
| =========                 |                                                 |
| \\      /  F ield         | OpenFOAM: The Open Source CFD Toolbox           |
|  \\    /   O peration     | Version:  v2012                                 |
|   \\  /    A nd           | Website:  www.openfoam.com                      |
|    \\/     M anipulation  |                                                 |
\*---------------------------------------------------------------------------*/
FoamFile
{
    version     2.0;
    format      ascii;
    class       volVectorField;
    location    "31";
    object      U;
}
// * * * * * * * * * * * * * * * * * * * * * * * * * * * * * * * * * * * * * //

dimensions      [0 1 -1 0 0 0 0];


internalField   nonuniform List<vector> 
8800
(
(0.984965 -0.0884521 0)
(1.00213 -0.0568225 0)
(0.999682 -0.0305552 0)
(1.00002 -0.0158579 0)
(1.00005 -0.00870812 0)
(1.00002 -0.005063 0)
(0.999993 -0.00298212 0)
(0.999984 -0.00169647 0)
(0.999982 -0.000816181 0)
(1.00006 -0.000124593 0)
(0.999989 0.00057776 0)
(1 0.00133732 0)
(1.00001 0.00236935 0)
(1.00002 0.00397327 0)
(1.00004 0.00668792 0)
(1.00005 0.0117214 0)
(0.999911 0.022043 0)
(0.999199 0.0411647 0)
(1.00746 0.0768948 0)
(0.773651 0.0450705 0)
(0.360994 -0.0151724 0)
(1.04555 -0.0742081 0)
(1.08712 -0.0679018 0)
(1.04778 -0.0523134 0)
(1.02457 -0.0384085 0)
(1.01232 -0.0261267 0)
(1.0064 -0.0167885 0)
(1.00354 -0.0102998 0)
(1.00213 -0.00568422 0)
(1.00149 -0.00210227 0)
(1.00137 0.00109906 0)
(1.00174 0.00441808 0)
(1.00271 0.00834118 0)
(1.0047 0.0137002 0)
(1.0088 0.0214416 0)
(1.01737 0.0322705 0)
(1.03453 0.0456259 0)
(1.06556 0.0597535 0)
(1.09411 0.072931 0)
(0.842276 0.0557039 0)
(0.217042 -0.00164685 0)
(1.07585 -0.0503698 0)
(1.09984 -0.048742 0)
(1.06464 -0.040196 0)
(1.0399 -0.0330317 0)
(1.02367 -0.025734 0)
(1.01389 -0.0183829 0)
(1.00843 -0.0117097 0)
(1.0056 -0.00594844 0)
(1.00445 -0.000662105 0)
(1.00479 0.00445415 0)
(1.00666 0.00978231 0)
(1.01057 0.0158451 0)
(1.01787 0.0227755 0)
(1.03053 0.030058 0)
(1.05072 0.037083 0)
(1.08048 0.0444479 0)
(1.10632 0.0516871 0)
(0.942995 0.0412943 0)
(0.216573 0.00166255 0)
(0.17585 -0.000646247 0)
(1.01862 -0.0354328 0)
(1.10556 -0.0414582 0)
(1.07808 -0.0363033 0)
(1.05275 -0.0302855 0)
(1.03543 -0.0245786 0)
(1.02341 -0.0188982 0)
(1.01551 -0.0129319 0)
(1.01088 -0.00684966 0)
(1.00887 -0.000631484 0)
(1.00944 0.00552055 0)
(1.01258 0.0114662 0)
(1.01862 0.017311 0)
(1.02835 0.0229209 0)
(1.04272 0.0283705 0)
(1.06349 0.0340565 0)
(1.09395 0.0400582 0)
(1.09436 0.0417338 0)
(0.829207 0.0227241 0)
(0.17506 0.000663281 0)
(0.154284 -0.00048788 0)
(0.957193 -0.0255723 0)
(1.10402 -0.0351277 0)
(1.08785 -0.0327023 0)
(1.06125 -0.0281686 0)
(1.04332 -0.0232019 0)
(1.03092 -0.0180103 0)
(1.02225 -0.0125932 0)
(1.01665 -0.00676693 0)
(1.01401 -0.000367234 0)
(1.01472 0.00606172 0)
(1.01861 0.0119172 0)
(1.02551 0.017232 0)
(1.03573 0.0222363 0)
(1.05045 0.0270912 0)
(1.07217 0.0316088 0)
(1.10095 0.035535 0)
(1.06956 0.0337542 0)
(0.741984 0.0142743 0)
(0.153099 0.000507025 0)
(0.139746 -0.000359066 0)
(0.900178 -0.0192125 0)
(1.09632 -0.030167 0)
(1.09591 -0.0293084 0)
(1.06881 -0.0255793 0)
(1.05006 -0.0215285 0)
(1.03712 -0.0169134 0)
(1.02813 -0.0117783 0)
(1.02218 -0.00617033 0)
(1.01922 6.67852e-05 0)
(1.01992 0.00634136 0)
(1.02404 0.0119322 0)
(1.03114 0.0169177 0)
(1.04169 0.0214368 0)
(1.05706 0.0254484 0)
(1.0797 0.0289859 0)
(1.10335 0.0317203 0)
(1.03799 0.0278009 0)
(0.675866 0.0101224 0)
(0.13808 0.000381563 0)
(0.129099 -0.000274218 0)
(0.850426 -0.0148107 0)
(1.08385 -0.0260221 0)
(1.10147 -0.0263836 0)
(1.07551 -0.0231297 0)
(1.05625 -0.01957 0)
(1.04288 -0.0155059 0)
(1.03352 -0.0107666 0)
(1.02731 -0.00540376 0)
(1.02416 0.000604044 0)
(1.02478 0.00661628 0)
(1.02892 0.0119039 0)
(1.0362 0.0164695 0)
(1.04707 0.0203956 0)
(1.06285 0.0237849 0)
(1.08592 0.02683 0)
(1.10272 0.0286904 0)
(1.00379 0.023142 0)
(0.624696 0.00769424 0)
(0.12685 0.000301353 0)
(0.121002 -0.000210731 0)
(0.808195 -0.0115899 0)
(1.0685 -0.0223404 0)
(1.10485 -0.0236583 0)
(1.08158 -0.0208303 0)
(1.06188 -0.0175143 0)
(1.04823 -0.013807 0)
(1.03858 -0.00947282 0)
(1.0321 -0.00446078 0)
(1.02875 0.0012505 0)
(1.02924 0.0069449 0)
(1.03339 0.0118296 0)
(1.04078 0.0158848 0)
(1.05179 0.0192891 0)
(1.06787 0.0222757 0)
(1.09133 0.025047 0)
(1.09936 0.0260559 0)
(0.969538 0.0193975 0)
(0.584053 0.00607919 0)
(0.118043 0.000243751 0)
(0.114762 -0.000162042 0)
(0.7728 -0.0091457 0)
(1.05168 -0.0190491 0)
(1.10704 -0.021114 0)
(1.08723 -0.0187043 0)
(1.06708 -0.0155938 0)
(1.05317 -0.0120903 0)
(1.04334 -0.00800705 0)
(1.03664 -0.00331721 0)
(1.03305 0.00203133 0)
(1.03339 0.00733044 0)
(1.03748 0.0117728 0)
(1.04486 0.0153928 0)
(1.05593 0.0184171 0)
(1.0723 0.0210797 0)
(1.09553 0.0235098 0)
(1.09338 0.0237356 0)
(0.936654 0.0164008 0)
(0.551028 0.00493595 0)
(0.110943 0.000202406 0)
(0.109952 -0.000122458 0)
(0.743427 -0.00720531 0)
(1.03453 -0.0160426 0)
(1.1082 -0.0185993 0)
(1.09246 -0.016545 0)
(1.07205 -0.0136106 0)
(1.05789 -0.0102736 0)
(1.04789 -0.00639677 0)
(1.04099 -0.00199527 0)
(1.03716 0.00298282 0)
(1.03729 0.00784656 0)
(1.04124 0.0118266 0)
(1.04853 0.0150129 0)
(1.05963 0.0176706 0)
(1.07622 0.0200014 0)
(1.09849 0.0220707 0)
(1.08524 0.0216074 0)
(0.905913 0.0139816 0)
(0.523705 0.0040899 0)
(0.105083 0.000171871 0)
(0.106293 -9.01427e-05 0)
(0.719334 -0.00559834 0)
(1.01798 -0.0132702 0)
(1.10852 -0.0160935 0)
(1.09749 -0.0143405 0)
(1.07678 -0.0115112 0)
(1.0623 -0.00832892 0)
(1.05208 -0.00465586 0)
(1.04498 -0.000496057 0)
(1.04092 0.00413404 0)
(1.04077 0.00854781 0)
(1.04447 0.0120883 0)
(1.05163 0.0148474 0)
(1.06279 0.0170914 0)
(1.07964 0.0190572 0)
(1.1002 0.0207646 0)
(1.07547 0.0196689 0)
(0.877613 0.0120134 0)
(0.500761 0.00345062 0)
(0.100145 0.000150516 0)
(0.103605 -6.18257e-05 0)
(0.699985 -0.00419966 0)
(1.00269 -0.0106441 0)
(1.10812 -0.0135674 0)
(1.10221 -0.0121142 0)
(1.08132 -0.00939962 0)
(1.0665 -0.00630263 0)
(1.05604 -0.00273991 0)
(1.04869 0.00122476 0)
(1.04429 0.00552377 0)
(1.0438 0.00949581 0)
(1.04722 0.0125767 0)
(1.05423 0.0148819 0)
(1.06541 0.0167216 0)
(1.08252 0.0183684 0)
(1.10092 0.0196355 0)
(1.06446 0.0179236 0)
(0.851814 0.0104018 0)
(0.481262 0.00296066 0)
(0.0958888 0.000136371 0)
(0.101793 -3.43428e-05 0)
(0.685046 -0.0029125 0)
(0.989236 -0.00806382 0)
(1.1071 -0.010834 0)
(1.10642 -0.00961873 0)
(1.08571 -0.00701326 0)
(1.07063 -0.00396144 0)
(1.05986 -0.000525854 0)
(1.05213 0.00321553 0)
(1.0473 0.0072068 0)
(1.04639 0.0107659 0)
(1.04954 0.0133369 0)
(1.0564 0.0151404 0)
(1.06751 0.0165434 0)
(1.08462 0.0178075 0)
(1.10057 0.018588 0)
(1.05254 0.0162645 0)
(0.828502 0.00903576 0)
(0.464559 0.00257096 0)
(0.092151 0.000126619 0)
(0.100807 -5.79121e-06 0)
(0.674381 -0.00169495 0)
(0.978171 -0.0055162 0)
(1.106 -0.00790868 0)
(1.11039 -0.00678813 0)
(1.09006 -0.00428731 0)
(1.07467 -0.0013408 0)
(1.06366 0.00198711 0)
(1.05565 0.00558287 0)
(1.05038 0.00927144 0)
(1.04891 0.0123648 0)
(1.05153 0.0144011 0)
(1.05803 0.0156799 0)
(1.06908 0.0165524 0)
(1.08617 0.0172519 0)
(1.09921 0.017565 0)
(1.04016 0.014756 0)
(0.807608 0.00790312 0)
(0.450163 0.00227224 0)
(0.0887948 0.000121464 0)
(0.100648 1.73309e-05 0)
(0.667843 -0.000459049 0)
(0.969742 -0.00293941 0)
(1.10503 -0.00487829 0)
(1.11409 -0.00387418 0)
(1.09414 -0.00147428 0)
(1.07839 0.00147304 0)
(1.06702 0.00477939 0)
(1.05853 0.00829727 0)
(1.05264 0.0117876 0)
(1.05053 0.0145038 0)
(1.05264 0.0160434 0)
(1.05879 0.0167428 0)
(1.06971 0.0170497 0)
(1.08672 0.0172101 0)
(1.0967 0.0169425 0)
(1.02737 0.013542 0)
(0.78883 0.00700518 0)
(0.437603 0.00205486 0)
(0.0857026 0.000120168 0)
(0.101369 6.4508e-05 0)
(0.665404 0.000744384 0)
(0.964199 -0.000347459 0)
(1.10435 -0.00164155 0)
(1.11758 -0.000691074 0)
(1.09831 0.00166921 0)
(1.08238 0.00474158 0)
(1.0707 0.00814911 0)
(1.0617 0.0116441 0)
(1.0551 0.0149047 0)
(1.05216 0.0171448 0)
(1.05353 0.0180789 0)
(1.05911 0.0182219 0)
(1.06968 0.0179934 0)
(1.08633 0.0175538 0)
(1.09278 0.0165706 0)
(1.01418 0.0125706 0)
(0.771911 0.00637539 0)
(0.42646 0.00192411 0)
(0.0828143 0.000115864 0)
(0.103016 8.91109e-05 0)
(0.666668 0.00176767 0)
(0.961918 0.00204939 0)
(1.10454 0.00165259 0)
(1.12114 0.00280041 0)
(1.1026 0.00531681 0)
(1.08643 0.00856485 0)
(1.07427 0.0120733 0)
(1.06462 0.0155891 0)
(1.05713 0.0187176 0)
(1.05315 0.0205682 0)
(1.05364 0.0209306 0)
(1.05861 0.0203941 0)
(1.06872 0.01949 0)
(1.08488 0.0185241 0)
(1.0875 0.0167719 0)
(1.00079 0.0122963 0)
(0.756183 0.00628036 0)
(0.415887 0.00197457 0)
(0.0799778 0.000119307 0)
(0.10555 0.0001301 0)
(0.671599 0.00279945 0)
(0.962962 0.00434839 0)
(1.10618 0.00490108 0)
(1.12517 0.00646585 0)
(1.10717 0.00933527 0)
(1.09068 0.0128773 0)
(1.07796 0.0166542 0)
(1.06749 0.0203624 0)
(1.05887 0.0234163 0)
(1.05365 0.0248549 0)
(1.05307 0.0246506 0)
(1.05718 0.0234414 0)
(1.06677 0.0218816 0)
(1.08229 0.0202576 0)
(1.08105 0.0178492 0)
(0.986956 0.01285 0)
(0.740674 0.0067317 0)
(0.404875 0.00220221 0)
(0.0769427 0.000132331 0)
(0.10901 0.00017244 0)
(0.679924 0.00384758 0)
(0.967021 0.00655987 0)
(1.1095 0.0081619 0)
(1.13005 0.0102064 0)
(1.11236 0.0135694 0)
(1.09549 0.0176267 0)
(1.08214 0.0219496 0)
(1.07069 0.0260833 0)
(1.06064 0.0292274 0)
(1.05386 0.0303246 0)
(1.05196 0.0295332 0)
(1.05503 0.0276738 0)
(1.06394 0.025429 0)
(1.07852 0.0231003 0)
(1.07331 0.0199036 0)
(0.972283 0.0142343 0)
(0.724339 0.0076908 0)
(0.392499 0.00257418 0)
(0.0734634 0.000154267 0)
(0.113542 0.000228301 0)
(0.691795 0.00512235 0)
(0.974461 0.00913601 0)
(1.11471 0.0119245 0)
(1.13585 0.014615 0)
(1.11839 0.0186697 0)
(1.10108 0.0235071 0)
(1.08683 0.0285568 0)
(1.07398 0.0331607 0)
(1.06211 0.0364057 0)
(1.05348 0.0371082 0)
(1.05004 0.0355913 0)
(1.05195 0.0329394 0)
(1.06002 0.029975 0)
(1.0734 0.0268518 0)
(1.06397 0.0227486 0)
(0.956264 0.0163456 0)
(0.706123 0.00903177 0)
(0.378055 0.003046 0)
(0.0693583 0.000182396 0)
(0.119466 0.000306405 0)
(0.707741 0.00679851 0)
(0.985943 0.0123643 0)
(1.12254 0.0165626 0)
(1.14317 0.0203336 0)
(1.12575 0.0254516 0)
(1.10777 0.031262 0)
(1.09223 0.0370724 0)
(1.07759 0.0420953 0)
(1.0635 0.0452647 0)
(1.05258 0.045298 0)
(1.04734 0.0428144 0)
(1.04787 0.0392404 0)
(1.055 0.0353811 0)
(1.0668 0.0314341 0)
(1.05301 0.0264376 0)
(0.938402 0.019127 0)
(0.685076 0.0106392 0)
(0.361086 0.00357946 0)
(0.0645187 0.000213516 0)
(0.127305 0.000422246 0)
(0.728713 0.00912668 0)
(1.00193 0.01654 0)
(1.13383 0.0223444 0)
(1.15291 0.0276338 0)
(1.13483 0.034143 0)
(1.11562 0.0411369 0)
(1.09823 0.0478049 0)
(1.08125 0.0532438 0)
(1.0644 0.0561614 0)
(1.05079 0.0552686 0)
(1.04348 0.0515338 0)
(1.04266 0.0467019 0)
(1.04874 0.042014 0)
(1.05876 0.0373265 0)
(1.04028 0.0313623 0)
(0.917532 0.0226755 0)
(0.660291 0.0124753 0)
(0.34126 0.00417992 0)
(0.0588926 0.00024622 0)
(0.137819 0.000594321 0)
(0.756031 0.0124438 0)
(1.02311 0.0221232 0)
(1.14908 0.0295851 0)
(1.1657 0.0366026 0)
(1.14604 0.0447317 0)
(1.12485 0.0531429 0)
(1.10495 0.0608701 0)
(1.08499 0.0668389 0)
(1.06478 0.0695326 0)
(1.04804 0.0677526 0)
(1.03836 0.0628037 0)
(1.03594 0.0566527 0)
(1.0412 0.0506602 0)
(1.04937 0.0452074 0)
(1.02484 0.0377011 0)
(0.892198 0.0267938 0)
(0.631222 0.0145654 0)
(0.318219 0.00485327 0)
(0.0524083 0.000278986 0)
(0.152223 0.000871696 0)
(0.791671 0.0174087 0)
(1.05066 0.0299893 0)
(1.16846 0.0393305 0)
(1.18171 0.0481089 0)
(1.15965 0.0579859 0)
(1.13568 0.0678888 0)
(1.11253 0.0767772 0)
(1.08886 0.083297 0)
(1.06472 0.085815 0)
(1.04445 0.0832378 0)
(1.03209 0.0772024 0)
(1.02771 0.0698735 0)
(1.03178 0.0625361 0)
(1.03768 0.0552308 0)
(1.00453 0.0452932 0)
(0.861347 0.0314131 0)
(0.597509 0.0170121 0)
(0.291558 0.00561735 0)
(0.0450286 0.000311061 0)
(0.172653 0.00136015 0)
(0.838966 0.0251954 0)
(1.08716 0.0418124 0)
(1.19245 0.0536865 0)
(1.20086 0.0643897 0)
(1.17548 0.0758869 0)
(1.148 0.0871256 0)
(1.1208 0.096822 0)
(1.09274 0.103462 0)
(1.06413 0.105388 0)
(1.04002 0.101621 0)
(1.02471 0.0942515 0)
(1.01797 0.0855368 0)
(1.01979 0.0764783 0)
(1.0213 0.0664917 0)
(0.977884 0.0533587 0)
(0.825089 0.0366691 0)
(0.558775 0.0198986 0)
(0.260954 0.0064452 0)
(0.0367879 0.000336271 0)
(0.202454 0.00246161 0)
(0.90365 0.0386291 0)
(1.13562 0.0613355 0)
(1.22134 0.0761335 0)
(1.22269 0.0890289 0)
(1.19296 0.101638 0)
(1.16114 0.113376 0)
(1.12903 0.122769 0)
(1.096 0.128348 0)
(1.06251 0.12851 0)
(1.0343 0.122546 0)
(1.01579 0.113094 0)
(1.00619 0.102323 0)
(1.00434 0.0909041 0)
(0.999298 0.0780305 0)
(0.945408 0.0620356 0)
(0.783792 0.0429077 0)
(0.514619 0.0233255 0)
(0.226749 0.00736121 0)
(0.0279978 0.000350208 0)
(0.243338 0.00874193 2.96879e-19)
(0.98963 0.0657201 2.61224e-19)
(1.19412 0.0947766 -8.92556e-20)
(1.25368 0.110912 0)
(1.24527 0.126279 -2.03752e-33)
(1.21033 0.138386 2.91529e-20)
(1.17351 0.14889 -4.86654e-20)
(1.13598 0.1564 0)
(1.09755 0.159531 9.14878e-34)
(1.05872 0.156644 -5.2292e-20)
(1.02594 0.147451 0)
(1.00357 0.135111 -5.84996e-20)
(0.990089 0.121657 -1.70105e-19)
(0.982903 0.107626 -7.9508e-20)
(0.970102 0.0926671 -2.3527e-20)
(0.905919 0.0751962 -1.38428e-20)
(0.733242 0.0529364 0)
(0.460793 0.0288204 9.62355e-21)
(0.189423 0.00964582 1.13324e-20)
(0.0199028 0.000759561 2.0157e-19)
(0.270849 0.0242615 2.7078e-19)
(1.06012 0.108424 9.98662e-22)
(1.24153 0.142848 2.62001e-20)
(1.2835 0.159892 0)
(1.26528 0.174636 -1.11112e-19)
(1.2253 0.185081 -1.21491e-19)
(1.18339 0.193599 -5.10429e-20)
(1.14031 0.198784 -1.69388e-19)
(1.09608 0.199117 0)
(1.05111 0.19272 2.2446e-19)
(1.01247 0.179697 2.15924e-19)
(0.984623 0.163814 6.27273e-20)
(0.96532 0.147314 2.21961e-19)
(0.950978 0.13076 3.05366e-19)
(0.928842 0.114003 0)
(0.856199 0.0951211 4.23034e-19)
(0.675802 0.068492 6.04224e-19)
(0.407322 0.0384768 6.67999e-19)
(0.158033 0.0139615 -7.59456e-19)
(0.0137337 0.00120901 -1.41339e-20)
(0.270643 0.0397839 0)
(1.10374 0.164203 6.01507e-20)
(1.27384 0.20242 0)
(1.30641 0.219609 -1.79033e-19)
(1.28086 0.23123 0)
(1.23643 0.238504 -2.5299e-19)
(1.18965 0.243654 1.07478e-19)
(1.14123 0.245374 -3.54183e-19)
(1.09137 0.241926 -3.1418e-21)
(1.04041 0.231363 1.18541e-19)
(0.996032 0.214274 4.68899e-19)
(0.963002 0.195048 -6.24697e-22)
(0.938651 0.176212 -1.60036e-19)
(0.919157 0.158361 -2.84835e-19)
(0.892462 0.141006 3.34741e-19)
(0.819517 0.120526 -5.89472e-19)
(0.644355 0.0887663 -7.69261e-20)
(0.390624 0.0523375 0)
(0.157861 0.0208151 4.67287e-23)
(0.0150186 0.00210325 0)
(0.263685 0.0533236 1.08256e-18)
(1.12658 0.223148 -4.88629e-19)
(1.29402 0.266924 -3.17685e-19)
(1.32113 0.284001 9.29628e-20)
(1.29051 0.292194 -1.52123e-19)
(1.24269 0.295744 5.38034e-19)
(1.19185 0.296945 2.2816e-19)
(1.13875 0.294596 0)
(1.08374 0.286906 -6.25549e-19)
(1.02734 0.271912 0)
(0.977691 0.250877 -2.49016e-19)
(0.940147 0.228752 -2.9451e-19)
(0.91191 0.208105 -1.73072e-19)
(0.889067 0.189297 -2.05365e-19)
(0.86039 0.17115 0)
(0.79148 0.148787 0)
(0.628741 0.113381 -5.00833e-19)
(0.393978 0.0709911 9.80353e-20)
(0.170075 0.0307172 -5.79584e-20)
(0.019504 0.00375498 -6.67279e-20)
(0.256221 0.0654021 -6.57841e-19)
(1.13603 0.281901 0)
(1.30522 0.332299 7.67876e-19)
(1.32866 0.349571 2.89765e-19)
(1.29445 0.354466 3.31936e-19)
(1.24402 0.354316 0)
(1.18991 0.351534 2.36728e-19)
(1.13291 0.345012 4.0075e-19)
(1.07349 0.333001 3.28884e-19)
(1.0123 0.313609 5.50809e-19)
(0.958111 0.288766 0)
(0.916869 0.264019 -6.33259e-19)
(0.885696 0.241767 -3.72498e-19)
(0.860546 0.222109 -2.17874e-19)
(0.831121 0.203354 1.30476e-18)
(0.766275 0.179913 1.54463e-19)
(0.618849 0.14111 7.2221e-19)
(0.401922 0.0922671 -3.38849e-18)
(0.184356 0.0428203 2.01505e-18)
(0.0245386 0.00600326 -2.39187e-18)
(0.24949 0.0763891 -5.96763e-19)
(1.13715 0.338625 1.29619e-19)
(1.30959 0.396717 -1.1218e-19)
(1.33052 0.414428 -3.87447e-19)
(1.29357 0.416271 -3.35466e-19)
(1.24106 0.412597 3.44805e-21)
(1.1843 0.406022 -2.54355e-19)
(1.12405 0.395489 4.23412e-19)
(1.0609 0.379306 -7.05521e-19)
(0.995625 0.355659 0)
(0.937583 0.327141 -2.92423e-19)
(0.893385 0.299843 -3.17013e-21)
(0.86002 0.276031 -4.02981e-19)
(0.833292 0.255448 0)
(0.803737 0.236017 -2.80872e-19)
(0.743352 0.211354 -6.63896e-19)
(0.609509 0.169696 1.76103e-18)
(0.408196 0.114398 -1.72563e-18)
(0.19571 0.0555928 2.44896e-18)
(0.0286976 0.00845896 -2.50598e-18)
(0.244075 0.0866366 -8.01561e-22)
(1.13316 0.392667 -1.30368e-19)
(1.30928 0.459674 -4.59908e-19)
(1.328 0.4775 1.9856e-19)
(1.28893 0.476604 -1.76964e-19)
(1.23469 0.46966 0)
(1.1757 0.459554 -2.59926e-19)
(1.11271 0.445261 -4.49198e-19)
(1.04637 0.425139 -3.72925e-19)
(0.977579 0.39742 0)
(0.916282 0.365309 -3.08156e-19)
(0.869689 0.335447 -3.65251e-19)
(0.834701 0.309949 4.33828e-19)
(0.806949 0.288339 -2.57473e-19)
(0.777572 0.268225 -1.21306e-18)
(0.720965 0.24225 7.18565e-19)
(0.598405 0.198221 2.13319e-19)
(0.409257 0.136228 0)
(0.20155 0.0677766 -2.34699e-18)
(0.0313427 0.0107742 -8.45843e-20)
(0.239947 0.0964575 -7.928e-20)
(1.1261 0.443902 1.34161e-19)
(1.3053 0.520217 2.43264e-19)
(1.32217 0.538204 6.45794e-19)
(1.28137 0.53488 -7.34377e-19)
(1.22569 0.524972 6.4237e-19)
(1.16481 0.511622 5.56816e-19)
(1.09947 0.493852 -7.1925e-19)
(1.03033 0.470055 2.11732e-19)
(0.958443 0.438448 -1.35007e-18)
(0.894333 0.402781 -3.38362e-19)
(0.845755 0.370255 0)
(0.809579 0.342902 4.66805e-19)
(0.781244 0.320026 5.49781e-19)
(0.752344 0.29893 6.49915e-19)
(0.699017 0.271551 -7.7345e-19)
(0.584746 0.224758 -2.27576e-19)
(0.404591 0.155835 2.67198e-19)
(0.201336 0.0779383 0)
(0.0320874 0.0125297 -1.81762e-19)
(0.236943 0.105981 8.04275e-19)
(1.11747 0.492452 -5.51734e-19)
(1.29868 0.577942 -2.56508e-19)
(1.31389 0.596212 4.49676e-19)
(1.27164 0.590755 -3.80599e-19)
(1.21473 0.578184 -7.95631e-21)
(1.15224 0.561912 -5.99046e-19)
(1.08484 0.540975 -2.57666e-19)
(1.01322 0.513771 -6.42544e-19)
(0.938509 0.478473 4.57985e-22)
(0.87185 0.439271 -1.07175e-18)
(0.821598 0.403924 8.56251e-19)
(0.784493 0.374467 -5.05308e-19)
(0.755872 0.35007 5.9632e-19)
(0.727493 0.327611 0)
(0.676758 0.298491 -4.15607e-19)
(0.568495 0.248361 -1.74563e-21)
(0.394867 0.172143 -1.1511e-18)
(0.196733 0.0855685 -1.68846e-19)
(0.0314759 0.0136592 0)
(0.234915 0.11531 0)
(1.10808 0.538495 -5.8287e-19)
(1.29022 0.632762 -5.2599e-19)
(1.30384 0.651422 -4.71154e-19)
(1.26031 0.644062 -4.19048e-19)
(1.20236 0.629116 0)
(1.13848 0.610228 -3.04662e-19)
(1.06927 0.58644 -2.34147e-21)
(0.995388 0.556126 1.37394e-18)
(0.918052 0.517347 -1.89298e-19)
(0.848999 0.474641 -7.68275e-19)
(0.797185 0.436323 4.51383e-19)
(0.759327 0.404492 -4.02358e-21)
(0.730527 0.378252 6.35223e-19)
(0.702634 0.354167 3.81722e-19)
(0.653762 0.32277 -8.93353e-19)
(0.549641 0.268503 1.0542e-18)
(0.380686 0.185165 3.09696e-19)
(0.188036 0.090526 1.26878e-18)
(0.0295457 0.014066 -3.35542e-18)
(0.233773 0.124588 1.68962e-19)
(1.09848 0.582239 -2.96008e-19)
(1.28068 0.684689 2.56993e-19)
(1.29252 0.703832 4.87312e-19)
(1.24789 0.694732 0)
(1.18904 0.677669 -3.66502e-19)
(1.12395 0.656464 9.89091e-19)
(1.05311 0.630138 5.78743e-19)
(0.977158 0.597016 0)
(0.897311 0.554998 -2.66988e-18)
(0.825899 0.50885 2.06212e-18)
(0.772536 0.467428 0)
(0.733906 0.432975 5.82882e-19)
(0.704966 0.404586 -3.99197e-21)
(0.677474 0.378521 -1.2199e-18)
(0.629851 0.344383 4.76775e-19)
(0.528392 0.28522 0)
(0.363008 0.194504 1.66495e-18)
(0.176229 0.0930271 0)
(0.0268011 0.0139037 -1.57858e-18)
(0.233333 0.133845 -1.74084e-19)
(1.08914 0.623783 -3.01302e-19)
(1.27021 0.7338 2.77765e-19)
(1.28034 0.753418 0)
(1.23478 0.742754 -4.53581e-19)
(1.17515 0.723823 0)
(1.109 0.70057 -1.03244e-18)
(1.03669 0.672007 -2.94339e-19)
(0.958796 0.636391 2.53292e-19)
(0.876496 0.591406 -1.31789e-18)
(0.802656 0.541927 2.16658e-19)
(0.74761 0.497293 0)
(0.708125 0.459984 -1.24471e-18)
(0.679015 0.429147 4.08651e-21)
(0.651773 0.400756 0)
(0.60478 0.363376 4.51737e-21)
(0.504696 0.298553 1.51957e-18)
(0.342115 0.200173 -1.43258e-18)
(0.162053 0.0930667 4.20168e-19)
(0.0234981 0.0131848 0)
(0.233272 0.142959 0)
(1.08024 0.663232 -3.10258e-19)
(1.25919 0.780256 -2.78196e-19)
(1.26768 0.800223 -4.51745e-21)
(1.22128 0.788161 -2.2854e-19)
(1.16098 0.767583 -8.31631e-19)
(1.0939 0.742538 3.72563e-19)
(1.02026 0.712024 -3.25031e-19)
(0.940533 0.674222 1.10018e-18)
(0.855784 0.626579 -2.10619e-18)
(0.779366 0.573936 -6.69002e-21)
(0.722439 0.526032 -5.6125e-19)
(0.68196 0.48564 2.00641e-18)
(0.652571 0.452074 -4.80955e-21)
(0.625426 0.420999 -9.37491e-19)
(0.578485 0.379767 -1.6634e-18)
(0.478825 0.308533 0)
(0.318562 0.202351 0)
(0.146042 0.090683 4.52824e-19)
(0.0198719 0.0119475 -2.60801e-19)
(0.233703 0.152076 -1.83262e-19)
(1.07175 0.700437 6.50424e-19)
(1.24793 0.824115 2.96053e-19)
(1.2548 0.844334 0)
(1.20765 0.831013 -3.07832e-21)
(1.14678 0.808985 -8.61107e-19)
(1.07889 0.782382 9.66439e-19)
(1.00404 0.750189 1.34906e-18)
(0.922567 0.710515 1.45186e-18)
(0.835362 0.66055 -1.73503e-18)
(0.75621 0.604982 -1.76101e-18)
(0.697134 0.55381 1.49928e-18)
(0.655376 0.510125 0)
(0.625548 0.473505 -4.27416e-19)
(0.59833 0.439336 -1.00896e-18)
(0.550885 0.393594 -1.19022e-18)
(0.450497 0.315026 -1.40685e-18)
(0.292774 0.201037 4.14325e-19)
(0.128561 0.0859153 -2.42966e-19)
(0.0159544 0.010236 6.30177e-22)
(0.234227 0.161024 0)
(1.06384 0.735914 0)
(1.23661 0.865464 5.09124e-21)
(1.24187 0.885845 0)
(1.19407 0.871395 7.51387e-19)
(1.13273 0.84809 6.69602e-19)
(1.06414 0.820136 0)
(0.988202 0.78652 1.73112e-19)
(0.905075 0.74528 2.45472e-18)
(0.815428 0.693357 -3.97587e-18)
(0.73336 0.635174 0)
(0.671757 0.58081 -9.61596e-19)
(0.628362 0.533632 -5.86754e-21)
(0.597859 0.493581 -4.79377e-21)
(0.570401 0.455799 1.07757e-18)
(0.521998 0.404746 -8.1348e-22)
(0.420143 0.317978 -3.01937e-18)
(0.264806 0.196107 8.89433e-19)
(0.110237 0.0790611 2.61555e-19)
(0.0120367 0.00821734 0)
(0.234732 0.16979 5.74871e-19)
(1.05625 0.769686 3.46184e-19)
(1.22531 0.904372 6.2435e-19)
(1.22906 0.924856 -1.15349e-18)
(1.18071 0.909375 1.30475e-18)
(1.11898 0.884959 0)
(1.04979 0.855848 6.38253e-19)
(0.972878 0.821045 -3.74246e-19)
(0.888206 0.778539 7.62333e-21)
(0.796145 0.725038 2.87026e-19)
(0.710955 0.6646 2.28301e-18)
(0.646431 0.607223 -3.39512e-19)
(0.600937 0.556412 -1.22821e-18)
(0.569382 0.512479 -4.93164e-19)
(0.541472 0.470347 5.81913e-19)
(0.49178 0.412956 -5.17584e-22)
(0.388196 0.317125 8.11399e-19)
(0.235593 0.187681 -1.90837e-18)
(0.0918059 0.0705179 2.24541e-18)
(0.00826764 0.00600939 3.22567e-19)
(0.23506 0.178243 -1.96887e-19)
(1.049 0.80183 1.79707e-19)
(1.21416 0.94096 1.19369e-20)
(1.21648 0.961484 -5.91449e-19)
(1.16766 0.945058 -2.65136e-19)
(1.10562 0.919663 -1.25211e-18)
(1.03595 0.889566 2.16464e-19)
(0.958178 0.853787 -1.58413e-18)
(0.872076 0.810293 -2.75555e-18)
(0.777636 0.755594 -2.39056e-18)
(0.689166 0.693336 0)
(0.621321 0.633229 -1.46789e-18)
(0.573148 0.57876 1.75778e-18)
(0.539948 0.530444 0)
(0.511232 0.482884 -1.24387e-18)
(0.460116 0.41774 7.38244e-19)
(0.355025 0.311992 -8.69553e-19)
(0.206278 0.175934 -1.02463e-18)
(0.0742133 0.0608279 -1.80504e-18)
(0.00488032 0.00379923 -1.38608e-18)
(0.235679 0.18651 2.00378e-19)
(1.04193 0.832323 -1.91505e-19)
(1.20322 0.975303 -4.88569e-19)
(1.2042 0.99581 -7.70509e-19)
(1.15502 0.978531 5.71807e-19)
(1.09275 0.952286 -7.80459e-19)
(1.02269 0.921344 6.98341e-19)
(0.944178 0.884791 -1.66829e-18)
(0.856755 0.840565 -1.6433e-18)
(0.76002 0.785041 2.52436e-18)
(0.668165 0.721437 5.0149e-18)
(0.596604 0.658985 0)
(0.545092 0.600987 0)
(0.509362 0.547853 -5.64987e-19)
(0.479132 0.493374 0)
(0.426568 0.418257 1.58464e-18)
(0.321166 0.301532 1.8669e-18)
(0.178505 0.160699 0)
(0.0588235 0.0505655 0)
(0.0020786 0.0017962 1.4866e-18)
(0.23591 0.194286 -2.04395e-19)
(1.03508 0.861158 -1.76127e-19)
(1.19256 1.00752 -3.4302e-19)
(1.19228 1.02796 6.336e-19)
(1.14283 1.00989 5.95077e-19)
(1.08041 0.982901 9.46577e-19)
(1.01006 0.951243 -9.83857e-19)
(0.930928 0.914084 3.94725e-22)
(0.842316 0.869363 -9.8131e-21)
(0.743393 0.813374 -1.1291e-20)
(0.648116 0.748928 2.58274e-18)
(0.572484 0.684598 0)
(0.516965 0.6234 1.76149e-18)
(0.477498 0.565229 1.20346e-18)
(0.444351 0.502107 2.87308e-18)
(0.389983 0.413564 8.49321e-19)
(0.286858 0.283535 -1.00382e-18)
(0.155389 0.140059 -5.88487e-19)
(0.0499795 0.039423 0)
(0.00115063 0.000480003 1.59392e-18)
(0.236403 0.202033 4.11301e-19)
(1.02842 0.888431 0)
(1.18217 1.03766 -3.46628e-19)
(1.18076 1.05802 4.95797e-19)
(1.13114 1.03924 -6.11429e-19)
(1.06862 1.01159 -1.26238e-18)
(0.998106 0.979319 2.05317e-18)
(0.918457 0.941706 -1.24683e-19)
(0.828791 0.896699 0)
(0.727826 0.840561 -2.82649e-18)
(0.629165 0.775799 -5.64466e-18)
(0.549192 0.710142 2.18621e-19)
(0.489068 0.646238 2.41536e-18)
(0.444415 0.583211 0)
(0.405978 0.509968 1.92596e-18)
(0.348034 0.403517 0)
(0.249536 0.254535 0)
(0.139612 0.104062 -6.34621e-19)
(0.0661424 0.016164 0)
(0.0254095 0.00999243 4.2641e-19)
(0.236503 0.209139 4.19762e-19)
(1.02194 0.914471 0)
(1.17205 1.06593 -5.28157e-19)
(1.1696 1.08621 0)
(1.11991 1.06681 3.07211e-19)
(1.05734 1.03863 0)
(0.986746 1.00588 1.24705e-19)
(0.906668 0.967995 2.35409e-19)
(0.816065 0.922939 2.0628e-19)
(0.713168 0.866991 -3.12475e-18)
(0.61118 0.802488 1.74095e-19)
(0.52658 0.73619 1.73039e-18)
(0.461191 0.670108 2.3481e-18)
(0.409617 0.602791 3.0988e-19)
(0.362448 0.518821 1.49731e-18)
(0.296593 0.390257 0)
(0.197967 0.214671 2.09955e-18)
(0.102375 0.0436789 -1.22171e-18)
(0.0443305 0.0471162 1.41079e-18)
(-0.0589693 0.420716 -1.6785e-18)
(0.236553 0.215999 -3.24899e-19)
(1.01537 0.939108 -5.77133e-19)
(1.16214 1.09266 0)
(1.15867 1.11295 1.00212e-20)
(1.10897 1.09319 -7.84873e-19)
(1.04632 1.06471 2.17927e-18)
(0.97569 1.03172 7.93326e-19)
(0.895178 0.993884 0)
(0.803637 0.949168 1.44079e-18)
(0.698784 0.893962 -1.714e-19)
(0.593299 0.830455 0)
(0.503561 0.764523 0)
(0.431993 0.69678 2.10013e-18)
(0.371711 0.625702 -9.47177e-19)
(0.311124 0.531922 -1.50761e-18)
(0.231286 0.379571 0)
(0.113282 0.197901 1.04192e-18)
(0.0120769 0.432903 -1.19866e-18)
(0.0368048 1.86059 -6.78376e-19)
(0.0688989 2.79231 -8.84912e-19)
(0.236396 0.222071 2.13967e-19)
(1.00886 0.962477 6.85642e-19)
(1.15242 1.11782 -2.81387e-19)
(1.14798 1.13811 -3.47754e-19)
(1.09836 1.11815 0)
(1.0356 1.08953 1.49009e-18)
(0.965123 1.05652 1.20378e-18)
(0.884157 1.01894 -1.21781e-19)
(0.791757 0.974868 2.1213e-19)
(0.685035 0.920858 3.03074e-18)
(0.576103 0.858991 2.89365e-18)
(0.481112 0.794713 1.9547e-18)
(0.402571 0.725852 2.10762e-18)
(0.332845 0.650481 -2.21152e-18)
(0.258141 0.552125 -2.26489e-18)
(0.153533 0.406265 0)
(0.0567319 0.823239 0)
(0.110317 2.53057 5.88851e-19)
(0.113572 3.18728 0)
(0.115881 3.38226 1.35435e-18)
(0.239227 0.227681 0)
(1.00297 0.984796 0)
(1.14265 1.14129 0)
(1.13728 1.16147 -8.50792e-20)
(1.08779 1.14146 -6.76452e-19)
(1.02497 1.11295 1.05736e-18)
(0.954945 1.08018 8.19885e-19)
(0.873545 1.04306 -1.23445e-19)
(0.780375 0.999891 1.88873e-18)
(0.671933 0.947527 -1.97686e-20)
(0.559711 0.887942 5.78136e-18)
(0.459618 0.826608 -2.21731e-19)
(0.373352 0.75801 2.59112e-19)
(0.295164 0.674199 3.1614e-19)
(0.199547 0.578725 5.30384e-22)
(0.118928 0.954988 3.46188e-21)
(0.154642 2.68056 -3.02482e-18)
(0.166329 3.28397 -1.15949e-18)
(0.152866 3.42516 6.13306e-19)
(0.137616 3.44879 -6.87002e-19)
(0.158093 0.179117 -1.00738e-19)
(0.992272 1.00904 0)
(1.13265 1.16326 4.73473e-19)
(1.12711 1.18345 8.05129e-19)
(1.07789 1.16379 -1.27288e-18)
(1.01523 1.13554 -1.09525e-18)
(0.945005 1.10277 -9.00805e-19)
(0.863414 1.06632 1.57656e-18)
(0.769653 1.02432 -1.58832e-18)
(0.659792 0.974021 0)
(0.544575 0.917349 2.88369e-18)
(0.439662 0.859849 -1.61039e-18)
(0.344952 0.796124 0)
(0.259114 0.700637 2.88508e-19)
(0.170339 0.82157 6.90326e-19)
(0.170375 2.43281 -8.38712e-19)
(0.234333 3.31921 9.35018e-19)
(0.211701 3.44201 5.29746e-19)
(0.175316 3.46454 5.98563e-19)
(0.151692 3.47515 1.01939e-18)
(0.279032 0.265762 1.96131e-19)
(0.976009 1.01821 0)
(1.11454 1.188 -4.42522e-19)
(1.11283 1.21586 -7.62498e-19)
(1.06208 1.19678 1.19833e-18)
(0.998959 1.16904 1.02781e-18)
(0.927861 1.13763 1.18269e-18)
(0.845711 1.10236 1.20714e-19)
(0.750754 1.06247 1.62573e-18)
(0.638431 1.01596 2.79845e-18)
(0.518572 0.965399 1.71849e-19)
(0.406248 0.915477 1.47076e-18)
(0.295611 0.862561 2.4965e-19)
(0.22735 0.980726 -2.98517e-19)
(0.243914 2.28042 -6.78112e-19)
(0.308105 3.3242 6.90637e-19)
(0.293789 3.47596 -8.1327e-19)
(0.255587 3.4985 -4.78865e-19)
(0.216775 3.52594 -4.57124e-19)
(0.16328 3.51842 -4.25228e-20)
(0.267887 0.262997 0)
(0.973617 1.04065 -8.28652e-20)
(1.10662 1.21104 7.75246e-20)
(1.10311 1.23885 7.4897e-20)
(1.05215 1.21965 7.43214e-19)
(0.989112 1.19214 -9.77861e-19)
(0.91773 1.16093 -7.45862e-19)
(0.835498 1.12645 1.15048e-19)
(0.740235 1.088 -1.75638e-18)
(0.62702 1.04423 -2.83414e-20)
(0.505124 0.998318 -5.44756e-18)
(0.389545 0.954253 2.08286e-19)
(0.283394 0.929499 -2.40042e-19)
(0.266825 1.45822 -2.87257e-19)
(0.345226 3.07074 3.48363e-20)
(0.371631 3.4732 2.18589e-21)
(0.328895 3.53531 1.42036e-18)
(0.290007 3.55895 7.72164e-19)
(0.238955 3.58278 -3.32673e-19)
(0.178166 3.5778 -2.6036e-19)
(0.251753 0.260604 -1.69508e-19)
(0.969672 1.06555 -5.27181e-19)
(1.09819 1.2361 2.18644e-19)
(1.09287 1.26325 2.86691e-19)
(1.04175 1.24387 0)
(0.978862 1.21636 -1.27907e-18)
(0.907467 1.1854 -1.05157e-18)
(0.82543 1.15167 1.09143e-19)
(0.730189 1.11472 -1.9173e-19)
(0.616603 1.07388 -2.72774e-18)
(0.493478 1.03294 -2.60591e-18)
(0.376551 0.995892 -1.78559e-18)
(0.28742 1.05361 -1.84775e-18)
(0.336207 2.12483 1.88173e-18)
(0.433848 3.3745 1.65475e-18)
(0.41813 3.53688 0)
(0.368287 3.58152 0)
(0.330086 3.62377 -2.93493e-19)
(0.273639 3.68494 0)
(0.190265 3.6575 -4.45223e-19)
(0.240829 0.261941 2.13014e-19)
(0.963571 1.09126 3.95447e-19)
(1.08835 1.26231 0)
(1.08136 1.28848 1.17638e-20)
(1.03019 1.26868 6.33003e-19)
(0.967556 1.24106 -1.79314e-18)
(0.896471 1.21034 -6.58669e-19)
(0.814846 1.17725 9.68268e-20)
(0.719879 1.14174 -1.41093e-18)
(0.606329 1.10378 1.49841e-19)
(0.482779 1.06793 0)
(0.367118 1.04059 0)
(0.315234 1.27892 -1.77066e-18)
(0.421572 2.80378 7.24255e-19)
(0.509367 3.49176 1.02726e-18)
(0.463499 3.57374 0)
(0.423287 3.63274 -4.26668e-19)
(0.381517 3.69755 3.5293e-19)
(0.334939 3.68737 2.20398e-20)
(0.218132 3.67138 -1.60082e-20)
(0.232623 0.265117 -1.26925e-19)
(0.955565 1.11769 0)
(1.077 1.2897 3.42124e-19)
(1.06866 1.31477 1.12805e-19)
(1.01761 1.29435 -2.38232e-19)
(0.955439 1.26647 0)
(0.884905 1.23588 -9.99275e-20)
(0.803919 1.20334 -1.94974e-19)
(0.709536 1.1692 -1.73349e-19)
(0.596475 1.13409 2.66612e-18)
(0.473304 1.10335 -1.47489e-19)
(0.362993 1.09531 -1.43676e-18)
(0.365151 1.61838 -1.89251e-18)
(0.50895 3.23029 -2.24674e-19)
(0.568755 3.54628 -9.20001e-19)
(0.519647 3.60239 0)
(0.492028 3.68064 -6.00465e-19)
(0.454259 3.64828 2.73978e-19)
(0.364719 3.39393 -1.27658e-19)
(0.260988 3.31471 -5.19662e-23)
(0.227025 0.270031 -2.12398e-19)
(0.945807 1.14461 0)
(1.06425 1.31819 2.11933e-19)
(1.05492 1.34218 -3.3414e-19)
(1.00425 1.32093 4.33426e-19)
(0.942777 1.29258 9.3603e-19)
(0.873026 1.26189 -1.56261e-18)
(0.79295 1.22973 6.51329e-20)
(0.699508 1.19678 0)
(0.587452 1.16435 2.3013e-18)
(0.465577 1.13857 4.55796e-18)
(0.367279 1.16972 -1.74436e-19)
(0.431411 2.03436 -1.86538e-18)
(0.586726 3.41802 0)
(0.614661 3.57771 -8.39175e-19)
(0.574445 3.64101 0)
(0.551093 3.65215 0)
(0.527129 3.4143 1.06137e-19)
(0.398245 2.3305 0)
(-0.180402 0.0766975 -3.19298e-20)
(0.222449 0.27557 8.77636e-20)
(0.93448 1.17238 8.56976e-20)
(1.05 1.34803 1.77326e-19)
(1.03989 1.37104 -3.86402e-19)
(0.989822 1.3489 -3.78391e-19)
(0.92925 1.31999 -6.65804e-19)
(0.86051 1.28913 7.01002e-19)
(0.781612 1.2573 3.33047e-20)
(0.689476 1.22557 8.68373e-21)
(0.57895 1.19598 -1.61019e-19)
(0.459534 1.17586 -2.11067e-18)
(0.383538 1.28213 0)
(0.512507 2.51656 -1.39091e-18)
(0.657606 3.50755 -6.70973e-19)
(0.653027 3.59859 -1.3077e-18)
(0.629779 3.63362 -2.78807e-19)
(0.580753 3.50793 2.12738e-19)
(0.433132 2.57612 1.03646e-19)
(0.0303291 0.285919 0)
(-0.0822186 -0.134304 -2.50477e-19)
(0.218508 0.281967 -7.19637e-20)
(0.921328 1.20093 6.75665e-20)
(1.03409 1.37918 1.59139e-19)
(1.02339 1.40138 4.05485e-19)
(0.974112 1.37836 -3.35262e-19)
(0.914664 1.34885 5.1786e-19)
(0.847211 1.31782 -4.65423e-19)
(0.769811 1.28637 1.1694e-18)
(0.679402 1.25594 1.21293e-18)
(0.571028 1.22939 -1.89221e-18)
(0.455677 1.21653 -3.71857e-18)
(0.415004 1.45189 0)
(0.600218 2.95261 0)
(0.719198 3.55281 2.60439e-19)
(0.689486 3.61053 0)
(0.663926 3.58009 -4.40951e-19)
(0.536458 3.04083 -4.24018e-19)
(0.132457 0.735207 0)
(-0.0903268 -0.150701 0)
(-0.0567863 -0.0865313 -2.81657e-19)
(0.213746 0.287905 5.63959e-20)
(0.906173 1.23029 -6.28979e-20)
(1.01636 1.41162 -6.0634e-21)
(1.00527 1.43315 2.95036e-19)
(0.956985 1.4092 0)
(0.898924 1.37908 7.43255e-19)
(0.833066 1.34787 0)
(0.757535 1.31682 1.04981e-18)
(0.669343 1.28776 1.9109e-18)
(0.563833 1.2644 1.66543e-18)
(0.45494 1.26289 0)
(0.463713 1.68227 1.26436e-18)
(0.684049 3.25456 -1.2832e-18)
(0.768541 3.58014 2.52942e-19)
(0.730736 3.60116 4.37222e-19)
(0.661704 3.37887 -1.97325e-19)
(0.366452 1.95453 1.91091e-19)
(-0.0655553 -0.036927 2.06335e-19)
(-0.104467 -0.170857 3.61525e-19)
(-0.0373308 -0.055508 2.80575e-19)
(0.208224 0.293691 -1.29231e-19)
(0.888414 1.26029 -8.7401e-20)
(0.996612 1.44523 -2.17887e-19)
(0.985363 1.46625 4.8816e-19)
(0.938318 1.44135 -5.2372e-19)
(0.881937 1.41056 0)
(0.818021 1.37915 -5.15118e-19)
(0.74479 1.34851 2.36687e-19)
(0.659358 1.32085 -6.35409e-21)
(0.557523 1.30076 -1.92054e-19)
(0.458714 1.31865 -1.53924e-18)
(0.527514 1.96386 2.20729e-19)
(0.75916 3.42286 6.38422e-19)
(0.808252 3.59206 2.08717e-19)
(0.762128 3.54685 -1.61907e-19)
(0.590932 2.88869 -1.07701e-20)
(0.0999948 0.420102 -3.4003e-19)
(-0.105342 -0.176932 3.96409e-19)
(-0.0961749 -0.160694 -1.16541e-19)
(-0.0285347 -0.0431151 -6.79461e-20)
(0.201203 0.298191 0)
(0.867704 1.29047 0)
(0.974564 1.47988 7.12251e-21)
(0.963472 1.50057 0)
(0.917962 1.47467 -3.27092e-19)
(0.8636 1.44314 -3.48423e-19)
(0.802028 1.41148 0)
(0.731578 1.38124 -1.0125e-19)
(0.649533 1.35498 -1.51364e-18)
(0.552275 1.33827 2.50591e-18)
(0.468765 1.38751 0)
(0.602688 2.27581 5.91249e-19)
(0.825583 3.51332 1.65446e-19)
(0.844926 3.58938 -2.16808e-20)
(0.767355 3.39531 -3.24436e-19)
(0.419832 1.98626 -5.08864e-21)
(-0.0791988 -0.0615745 6.43174e-19)
(-0.117189 -0.195872 -1.87585e-19)
(-0.083809 -0.14006 -5.01869e-19)
(-0.0213134 -0.0332834 0)
(0.192871 0.30126 2.06173e-20)
(0.843782 1.31999 -9.68114e-20)
(0.949846 1.51516 -6.52994e-20)
(0.939373 1.53586 0)
(0.895758 1.50893 -4.21243e-21)
(0.843793 1.47659 5.03106e-19)
(0.785008 1.44463 -4.9011e-19)
(0.717899 1.41474 -7.30914e-19)
(0.639944 1.38982 -8.25871e-19)
(0.548309 1.37676 1.044e-18)
(0.486364 1.47281 1.04368e-18)
(0.688185 2.62302 -7.93203e-19)
(0.882296 3.55444 0)
(0.871797 3.56719 1.33869e-19)
(0.72347 3.08405 4.97858e-19)
(0.173227 0.683261 2.66284e-19)
(-0.100731 -0.162055 3.04765e-19)
(-0.113561 -0.212922 -8.84417e-20)
(-0.0703492 -0.131363 5.26901e-20)
(-0.0163981 -0.0275962 1.88386e-22)
(0.182665 0.302483 0)
(0.816067 1.34827 2.37746e-20)
(0.922129 1.5505 4.38877e-20)
(0.912793 1.57179 9.4717e-21)
(0.871521 1.54383 7.10837e-20)
(0.822376 1.51059 3.62321e-19)
(0.766889 1.47827 -1.79015e-19)
(0.703722 1.44865 1.6819e-19)
(0.630634 1.42494 -5.80167e-19)
(0.54583 1.41595 1.17589e-18)
(0.511979 1.57693 4.12533e-20)
(0.775139 2.92979 1.29765e-19)
(0.929998 3.56987 -7.03675e-19)
(0.885408 3.50448 -6.25182e-21)
(0.619354 2.57408 2.15208e-19)
(0.01507 0.0694812 3.43197e-19)
(-0.117688 -0.243891 0)
(-0.0992114 -0.22879 0)
(-0.0450485 -0.110117 -8.88058e-19)
(-0.00803726 -0.0166135 5.69355e-20)
(0.169974 0.301423 7.75135e-22)
(0.783845 1.37427 7.8711e-21)
(0.891009 1.5853 -3.28642e-20)
(0.883419 1.60793 0)
(0.845034 1.57896 1.45745e-19)
(0.79919 1.54473 0)
(0.747557 1.51196 4.30504e-19)
(0.688994 1.4825 1.35433e-19)
(0.621589 1.45982 -1.24336e-19)
(0.544974 1.45535 6.52135e-19)
(0.545708 1.6962 -1.07915e-19)
(0.85845 3.16843 0)
(0.972524 3.57427 3.96123e-19)
(0.881038 3.38834 -9.6341e-22)
(0.455141 1.89368 0)
(-0.118873 -0.137359 -1.07052e-21)
(-0.0931465 -0.323104 -3.09517e-19)
(-0.0210863 -0.242786 2.96183e-19)
(0.0406496 -0.0374112 -8.77266e-20)
(0.0232621 0.0306131 0)
(0.155156 0.296658 7.81181e-21)
(0.746627 1.39614 -1.0084e-21)
(0.85577 1.61892 -2.13073e-20)
(0.851164 1.64351 -9.62768e-20)
(0.816027 1.61376 0)
(0.774059 1.57847 1.15142e-19)
(0.726873 1.54514 -3.92616e-19)
(0.673609 1.51569 -2.5861e-19)
(0.612747 1.49378 0)
(0.545646 1.49442 1.25445e-18)
(0.586451 1.82183 -9.43251e-19)
(0.930712 3.31928 0)
(1.01324 3.57164 -2.84555e-19)
(0.85757 3.22514 2.01861e-21)
(0.255499 1.09809 2.01347e-19)
(-0.202969 -0.306505 -6.7346e-20)
(-0.151396 -0.438888 -1.87873e-19)
(-0.0103378 -0.231329 -2.88263e-19)
(0.115067 0.105658 0)
(0.0629968 0.113225 6.00597e-19)
(0.138426 0.287429 0)
(0.703721 1.41163 -1.27425e-20)
(0.816196 1.64997 3.46001e-20)
(0.815454 1.67774 6.9601e-20)
(0.784339 1.64752 9.16383e-20)
(0.746782 1.61113 0)
(0.704658 1.57715 1.01876e-19)
(0.657412 1.54749 -8.96487e-21)
(0.604 1.52603 -5.6484e-19)
(0.547412 1.53207 8.05643e-20)
(0.629902 1.94288 3.10355e-19)
(0.99379 3.40566 -1.5758e-19)
(1.05777 3.55519 -1.12118e-20)
(0.837422 3.03014 -5.97133e-20)
(0.0420265 0.437635 -4.6381e-20)
(-0.235689 -0.531263 5.7672e-20)
(-0.165753 -0.555511 -1.25736e-19)
(0.0124005 -0.186409 -4.33248e-20)
(0.176246 0.249949 1.97004e-20)
(0.0904729 0.180155 4.36863e-19)
(0.119748 0.272902 9.30279e-20)
(0.654291 1.41842 -4.44437e-20)
(0.771357 1.67646 1.97776e-20)
(0.77599 1.70955 -5.47578e-20)
(0.749763 1.67943 0)
(0.717155 1.64193 3.94061e-21)
(0.680682 1.60721 1.98789e-19)
(0.640137 1.57711 9.32268e-20)
(0.595077 1.55549 2.37655e-19)
(0.549575 1.56672 -7.43167e-21)
(0.670584 2.04587 4.11675e-19)
(1.04727 3.44901 -2.21758e-19)
(1.11071 3.51899 6.96818e-20)
(0.867499 2.80844 3.10425e-20)
(0.0115061 0.133287 -7.35586e-20)
(-0.111157 -0.839391 4.07994e-22)
(-0.0233504 -0.662096 -3.40205e-21)
(0.127849 -0.0626096 5.39126e-20)
(0.247651 0.459705 2.6992e-21)
(0.110843 0.261659 0)
(0.0991491 0.251936 -1.05223e-20)
(0.597586 1.41243 1.10587e-20)
(0.720859 1.69625 3.4729e-21)
(0.732821 1.73748 -5.55969e-20)
(0.712127 1.70851 1.09365e-19)
(0.684963 1.66999 -1.36509e-19)
(0.654687 1.63445 -1.60204e-19)
(0.621417 1.60363 2.37731e-19)
(0.585514 1.58111 -7.63094e-20)
(0.551517 1.59601 4.81001e-19)
(0.702415 2.11804 1.12053e-19)
(1.08805 3.46356 0)
(1.13891 3.47064 -1.02643e-19)
(0.949885 2.55587 0)
(0.138255 -0.425345 -1.15974e-19)
(-0.154463 -0.897343 4.99808e-22)
(-0.0102721 -0.327341 -1.02932e-20)
(0.106298 0.406132 1.12615e-20)
(0.175842 0.594113 0)
(0.0648758 0.191524 -3.15257e-21)
(0.0779889 0.223102 1.11475e-21)
(0.534141 1.3881 -1.19279e-20)
(0.664743 1.70628 -1.87193e-20)
(0.685838 1.76026 -2.60956e-21)
(0.671412 1.73365 2.43985e-20)
(0.650046 1.69434 0)
(0.626328 1.65797 6.28849e-20)
(0.600811 1.626 1.36256e-19)
(0.57459 1.60219 1.18852e-19)
(0.553531 1.61606 0)
(0.718984 2.15025 0)
(1.11827 3.46669 9.66447e-20)
(1.09076 3.45719 -1.23206e-19)
(0.734743 2.41748 1.7655e-19)
(-0.232364 -0.201887 6.20124e-19)
(-0.626795 -0.454007 -1.07228e-19)
(-0.427598 -0.213189 4.83098e-20)
(0.0908864 0.410825 0)
(0.189876 0.460547 -6.89221e-20)
(0.0606899 0.143526 -2.83813e-21)
(0.0565199 0.183156 -6.77064e-20)
(0.465283 1.33848 1.04009e-20)
(0.603576 1.70229 -2.71091e-21)
(0.635071 1.77641 1.17422e-20)
(0.627833 1.75411 3.42835e-20)
(0.612154 1.71405 -6.02522e-21)
(0.595116 1.67673 6.28489e-20)
(0.577687 1.64316 -1.1981e-19)
(0.561813 1.61726 2.15296e-19)
(0.555785 1.62618 0)
(0.727334 2.1379 6.84338e-20)
(1.1606 3.47522 6.64678e-20)
(1.08908 3.56167 -1.20231e-20)
(0.558826 2.5631 0)
(-0.498652 0.863113 -1.42637e-19)
(-1.16452 -0.194544 -2.19267e-19)
(-1.32847 -0.830676 4.78464e-19)
(-1.03606 -0.921836 -3.15955e-19)
(-0.215813 0.0192994 3.14403e-19)
(0.118995 0.369451 -3.32504e-19)
(0.036154 0.136909 -6.69816e-21)
(0.390322 1.25458 0)
(0.539002 1.67895 9.78546e-21)
(0.580401 1.78386 -2.0051e-20)
(0.581591 1.76945 -4.23888e-20)
(0.571011 1.72842 0)
(0.560397 1.69001 -5.41019e-20)
(0.550861 1.6541 -1.07655e-19)
(0.546139 1.6237 -9.60898e-20)
(0.555731 1.62451 -2.33328e-19)
(0.731431 2.0534 0)
(1.25535 3.43718 2.98395e-20)
(1.33357 3.68336 -7.57841e-20)
(1.02509 3.02543 -4.06825e-20)
(0.419719 1.64428 1.70674e-18)
(-0.13551 0.381643 1.9905e-19)
(-0.623677 -0.691963 1.03446e-18)
(-0.901396 -1.74984 -3.57432e-18)
(-0.858548 -1.98664 7.58452e-20)
(-0.230275 -0.603328 -5.89069e-20)
(0.0196855 0.0893025 4.30493e-20)
(0.310469 1.12569 -1.54958e-20)
(0.469868 1.62798 -1.10654e-21)
(0.52334 1.77902 -5.88281e-21)
(0.53203 1.77799 1.29892e-20)
(0.526266 1.73717 -9.69133e-20)
(0.521135 1.69744 -6.45049e-21)
(0.518586 1.65809 0)
(0.523602 1.62042 1.90177e-19)
(0.550255 1.60649 0)
(0.710812 1.88665 0)
(1.34485 3.23235 4.83093e-20)
(1.67593 3.57454 -3.08585e-20)
(1.65406 3.29392 -1.86648e-19)
(1.15002 1.95939 0)
(0.637693 0.585027 0)
(0.197431 -0.550411 -5.82494e-19)
(-0.18875 -1.46489 1.10839e-19)
(-0.45015 -2.21374 -7.97082e-19)
(-0.313876 -1.51614 -3.92271e-20)
(0.00789144 0.0451636 0)
(0.222697 0.926949 -2.97547e-23)
(0.395604 1.53726 0)
(0.463436 1.75816 1.34159e-20)
(0.478491 1.77655 0)
(0.477188 1.74095 4.22363e-20)
(0.475929 1.69926 -2.51592e-20)
(0.478675 1.65488 5.0526e-20)
(0.48895 1.60962 3.63278e-21)
(0.528723 1.56581 -4.10305e-20)
(0.641677 1.69128 -1.75165e-19)
(1.27229 2.75054 -1.68345e-20)
(1.68623 3.29732 5.99412e-20)
(1.83261 3.08891 3.85015e-20)
(1.72952 2.44351 -1.4924e-19)
(1.34305 1.37726 1.88487e-19)
(0.863285 0.268714 7.10129e-21)
(0.419893 -0.690182 0)
(0.0363062 -1.35842 -3.30621e-20)
(-0.134826 -1.2434 0)
(0.00171248 0.00943989 -1.1997e-20)
(0.135816 0.666343 -5.41544e-22)
(0.312923 1.38057 -1.70664e-21)
(0.399926 1.71268 0)
(0.421001 1.76663 1.67428e-20)
(0.422884 1.74135 2.14098e-20)
(0.423015 1.69721 1.24893e-20)
(0.427511 1.64701 5.23626e-20)
(0.440156 1.58954 0)
(0.468928 1.51916 -9.37288e-20)
(0.54294 1.52215 -7.46556e-22)
(0.837899 1.99592 -2.95979e-20)
(1.39589 2.93336 -1.49588e-19)
(1.51341 2.94275 -3.56625e-19)
(1.49081 2.65081 0)
(1.24896 2.00341 -8.39554e-19)
(0.895459 1.2488 -1.30955e-18)
(0.532604 0.503333 -1.49234e-18)
(0.213056 -0.165101 1.75425e-18)
(-0.00234563 -0.355532 -2.06333e-18)
(-5.26758e-05 -0.0172077 -1.13738e-20)
(0.0648341 0.374524 -1.03242e-21)
(0.212069 1.11228 -8.98632e-21)
(0.324029 1.61524 0)
(0.356632 1.74759 0)
(0.361473 1.74144 1.63597e-20)
(0.361674 1.69322 1.3183e-20)
(0.363369 1.63829 0)
(0.373605 1.56938 -7.12614e-34)
(0.379342 1.48482 -2.48622e-20)
(0.41753 1.4232 0)
(0.473193 1.58632 -3.87209e-20)
(0.872385 2.50218 4.079e-20)
(1.02673 2.89472 -8.97806e-20)
(0.963534 2.86994 3.93228e-20)
(0.851571 2.62721 2.89846e-20)
(0.643954 2.18011 0)
(0.410195 1.66719 -2.41642e-20)
(0.202074 1.16413 -2.90878e-20)
(0.0304314 0.492681 -5.12411e-19)
(0.0023545 -0.0372623 0)
(0.0271474 0.153463 0)
(0.115185 0.769126 0)
(0.234006 1.44829 0)
(0.283264 1.71061 0)
(0.292547 1.73326 0)
(0.294231 1.69023 0)
(0.296644 1.63139 0)
(0.300941 1.56222 0)
(0.303111 1.47513 0)
(0.3131 1.40577 0)
(0.333487 1.47649 0)
(0.465377 2.14789 0)
(0.684546 2.88489 0)
(0.631593 3.01804 0)
(0.551555 2.96025 0)
(0.419634 2.67753 0)
(0.265196 2.27676 0)
(0.117223 1.83927 0)
(0.00720517 0.887609 0)
(0.00197597 -0.0660361 0)
(0.0195462 0.0366689 0)
(0.0622174 0.511763 0)
(0.153531 1.26443 0)
(0.206677 1.65683 0)
(0.219838 1.71992 0)
(0.223877 1.68768 0)
(0.229411 1.62685 0)
(0.23267 1.56052 0)
(0.234121 1.47814 0)
(0.225935 1.40228 0)
(0.228319 1.44722 0)
(0.245686 1.90243 0)
(0.428276 2.86257 0)
(0.406882 3.13312 0)
(0.347358 3.16137 0)
(0.261242 2.99035 0)
(0.156169 2.65524 0)
(0.0556092 2.25031 0)
(-0.00541522 1.01986 0)
(0.0079164 -0.118517 0)
(0.0298317 -0.0444014 0)
(0.045309 0.387187 0)
(0.0879395 1.12193 0)
(0.12902 1.60178 0)
(0.143787 1.70296 0)
(0.152721 1.68027 0)
(0.162542 1.62 0)
(0.168936 1.55686 0)
(0.171323 1.48334 0)
(0.155363 1.41245 0)
(0.144426 1.45414 0)
(0.126181 1.79246 0)
(0.256487 2.81131 0)
(0.245046 3.20429 0)
(0.199442 3.29195 0)
(0.145936 3.19209 0)
(0.0769852 2.89873 0)
(0.0143094 2.49817 0)
(-0.00862687 1.0015 0)
(0.0110458 -0.199663 0)
(0.0235827 -0.085557 0)
(0.0176241 0.376301 0)
(0.0178542 1.06325 0)
(0.041054 1.55982 0)
(0.0622746 1.67977 0)
(0.0814925 1.66334 0)
(0.0994009 1.60725 0)
(0.112076 1.55047 0)
(0.118168 1.48823 0)
(0.103255 1.42739 0)
(0.0845084 1.46953 0)
(0.05884 1.74488 0)
(0.14534 2.75585 0)
(0.138412 3.23643 0)
(0.104952 3.37181 0)
(0.0708336 3.31564 0)
(0.0241252 3.05059 0)
(-0.0137646 2.62056 0)
(-0.00878537 0.908786 0)
(0.00304359 -0.232458 0)
(-0.0126962 -0.0482958 0)
(-0.0425274 0.437715 0)
(-0.0618487 1.06875 0)
(-0.0489318 1.52008 0)
(-0.0165125 1.64 0)
(0.0161482 1.63231 0)
(0.0440534 1.58608 0)
(0.0642115 1.53897 0)
(0.0743943 1.49018 0)
(0.0653227 1.43923 0)
(0.0460231 1.48566 0)
(0.0230657 1.73548 0)
(0.0724049 2.71361 0)
(0.0696864 3.25633 0)
(0.0487221 3.42569 0)
(0.0250852 3.39449 0)
(-0.00569054 3.14813 0)
(-0.0284448 2.66357 0)
(-0.00614274 0.806224 0)
(-0.0100525 -0.168883 0)
(-0.0498268 0.0649908 0)
(-0.0945686 0.534427 0)
(-0.121656 1.08912 0)
(-0.10882 1.46681 0)
(-0.0712996 1.57914 0)
(-0.0319373 1.58598 0)
(0.00206802 1.55574 0)
(0.0269981 1.52259 0)
(0.0417968 1.48691 0)
(0.0387394 1.44768 0)
(0.0244372 1.50324 0)
(0.00794862 1.74502 0)
(0.0296549 2.68702 0)
(0.0270577 3.27405 0)
(0.011289 3.46729 0)
(-0.00671727 3.44875 0)
(-0.026631 3.21037 0)
(-0.0343683 2.64544 0)
(-0.00444926 0.712104 0)
(-0.0153613 -0.043974 0)
(-0.0612783 0.215538 0)
(-0.108405 0.638615 0)
(-0.134161 1.10637 0)
(-0.123996 1.41101 0)
(-0.0911869 1.51632 0)
(-0.0554498 1.53581 0)
(-0.0232505 1.52238 0)
(0.00223842 1.50317 0)
(0.0188739 1.48069 0)
(0.0201603 1.451 0)
(0.013485 1.51291 0)
(0.00708724 1.75786 0)
(0.0076842 2.67478 0)
(-0.00132482 3.29184 0)
(-0.0161554 3.50137 0)
(-0.0301302 3.48684 0)
(-0.0428835 3.24324 0)
(-0.0380112 2.57589 0)
(-0.0032591 0.6283 0)
(-0.0130537 0.0823198 0)
(-0.0516257 0.359716 0)
(-0.0911696 0.732526 0)
(-0.11343 1.12442 0)
(-0.107841 1.37346 0)
(-0.0858674 1.46983 0)
(-0.0593872 1.49466 0)
(-0.0337394 1.49319 0)
(-0.0119442 1.48486 0)
(0.0044352 1.472 0)
(0.00878032 1.45015 0)
(0.00886916 1.51486 0)
(0.00967049 1.77069 0)
(-0.00653744 2.68196 0)
(-0.0215748 3.31463 0)
(-0.0383357 3.53103 0)
(-0.0498175 3.5126 0)
(-0.0563684 3.25149 0)
(-0.0401234 2.46516 0)
(-0.00266593 0.553812 0)
(-0.00848718 0.176753 0)
(-0.0358142 0.473888 0)
(-0.0657988 0.807802 0)
(-0.0826315 1.14261 0)
(-0.0812815 1.35362 0)
(-0.0692735 1.44083 0)
(-0.0525048 1.46632 0)
(-0.0345329 1.47057 0)
(-0.0179332 1.46876 0)
(-0.00395633 1.46306 0)
(0.000248442 1.44545 0)
(0.00916169 1.50987 0)
(0.0159111 1.78706 0)
(-0.0193641 2.71422 0)
(-0.042259 3.34378 0)
(-0.0597858 3.55644 0)
(-0.0674407 3.5272 0)
(-0.0670849 3.23399 0)
(-0.0397592 2.32345 0)
(-0.00235111 0.487366 0)
(-0.00506323 0.23805 0)
(-0.0233476 0.555687 0)
(-0.0453324 0.86409 0)
(-0.0572237 1.15799 0)
(-0.0576726 1.34592 0)
(-0.0519235 1.42531 0)
(-0.04207 1.44893 0)
(-0.0317239 1.45586 0)
(-0.0205638 1.45801 0)
(-0.0114341 1.45525 0)
(-0.00836804 1.43925 0)
(0.00425701 1.49611 0)
(0.00926399 1.81241 0)
(-0.0392436 2.76644 0)
(-0.0673627 3.37684 0)
(-0.0816995 3.57544 0)
(-0.0835969 3.52897 0)
(-0.0745138 3.18883 0)
(-0.0375715 2.16242 0)
(-0.00213116 0.428012 0)
(-0.00322943 0.277471 0)
(-0.0158701 0.613562 0)
(-0.0325635 0.906769 0)
(-0.0416026 1.16755 0)
(-0.0405171 1.34259 0)
(-0.0372122 1.4173 0)
(-0.0318424 1.43884 0)
(-0.0257577 1.44675 0)
(-0.0201624 1.45217 0)
(-0.0168821 1.45215 0)
(-0.0161409 1.4345 0)
(-0.0121937 1.4824 0)
(-0.0156406 1.84777 0)
(-0.0663707 2.82988 0)
(-0.0939347 3.40648 0)
(-0.101381 3.58175 0)
(-0.0961518 3.51376 0)
(-0.0786469 3.11552 0)
(-0.0345234 1.99379 0)
(-0.00189001 0.373929 0)
(-0.00241808 0.305086 0)
(-0.011681 0.656143 0)
(-0.0249115 0.942082 0)
(-0.0336315 1.17318 0)
(-0.0306841 1.33657 0)
(-0.0258176 1.41151 0)
(-0.0216446 1.43388 0)
(-0.0175101 1.44251 0)
(-0.0165093 1.44978 0)
(-0.0175988 1.45273 0)
(-0.0277361 1.43935 0)
(-0.0422319 1.47966 0)
(-0.0570039 1.88936 0)
(-0.102317 2.88933 0)
(-0.1209 3.4255 0)
(-0.11815 3.57195 0)
(-0.103871 3.47704 0)
(-0.0780597 3.01565 0)
(-0.0310686 1.82947 0)
(-0.00162551 0.325403 0)
(-0.00207025 0.326323 0)
(-0.00891251 0.687967 0)
(-0.0191034 0.973195 0)
(-0.0284599 1.18097 0)
(-0.0269316 1.32643 0)
(-0.0196192 1.40261 0)
(-0.0136806 1.43009 0)
(-0.0110519 1.44165 0)
(-0.0112421 1.45062 0)
(-0.0204776 1.45958 0)
(-0.0434605 1.45872 0)
(-0.0757308 1.49449 0)
(-0.0982414 1.92956 0)
(-0.130886 2.93166 0)
(-0.136121 3.42514 0)
(-0.12607 3.54436 0)
(-0.104936 3.42151 0)
(-0.0725966 2.90008 0)
(-0.0272443 1.67798 0)
(-0.00107318 0.284846 0)
(-0.00182303 0.34303 0)
(-0.00643105 0.70998 0)
(-0.0130457 0.998401 0)
(-0.0212686 1.19364 0)
(-0.0226496 1.31787 0)
(-0.0151888 1.38991 0)
(-0.00641768 1.42333 0)
(-0.0025012 1.44165 0)
(-0.00257404 1.45571 0)
(-0.0204523 1.47539 0)
(-0.054933 1.48937 0)
(-0.0992502 1.52236 0)
(-0.123637 1.96069 0)
(-0.13844 2.95451 0)
(-0.136732 3.41364 0)
(-0.12254 3.5102 0)
(-0.0994607 3.3592 0)
(-0.0672774 2.78492 0)
(-0.0239409 1.53695 0)
(-0.00032851 0.253746 0)
(-0.00154597 0.355381 0)
(-0.00392719 0.721978 0)
(-0.00659243 1.01353 0)
(-0.0107439 1.20556 0)
(-0.0117528 1.31296 0)
(-0.00410692 1.37492 0)
(0.00845721 1.41087 0)
(0.0173094 1.43839 0)
(0.0194515 1.46445 0)
(0.000313336 1.49719 0)
(-0.0440961 1.52871 0)
(-0.100876 1.55782 0)
(-0.123926 1.98042 0)
(-0.129777 2.96423 0)
(-0.126904 3.39808 0)
(-0.117156 3.47685 0)
(-0.0980831 3.29872 0)
(-0.0704015 2.66842 0)
(-0.0243713 1.39341 0)
(-0.000467059 0.229137 0)
(-0.00123359 0.363198 0)
(-0.00153374 0.724494 0)
(-0.000476517 1.01638 0)
(0.000965549 1.20788 0)
(0.0051883 1.30493 0)
(0.0168593 1.35591 0)
(0.0347387 1.39116 0)
(0.0517776 1.42733 0)
(0.0602483 1.46804 0)
(0.0473282 1.5211 0)
(-0.00440246 1.57772 0)
(-0.0731069 1.60375 0)
(-0.100753 1.99675 0)
(-0.11007 2.96661 0)
(-0.11421 3.39239 0)
(-0.115302 3.45634 0)
(-0.103857 3.2472 0)
(-0.0748471 2.54888 0)
(-0.022137 1.24469 0)
(-0.000415161 0.207085 0)
(-0.000859609 0.366219 0)
(0.00118487 0.717987 0)
(0.00551733 1.00762 0)
(0.0125257 1.19569 0)
(0.0246979 1.28495 0)
(0.0443748 1.32765 0)
(0.0704318 1.36179 0)
(0.0975175 1.40505 0)
(0.119238 1.4578 0)
(0.11442 1.54612 0)
(0.0627067 1.63393 0)
(-0.0230659 1.66439 0)
(-0.0739587 2.02042 0)
(-0.0962666 2.98028 0)
(-0.111896 3.40323 0)
(-0.117975 3.45343 0)
(-0.109274 3.21085 0)
(-0.0787593 2.41448 0)
(-0.0190281 1.10019 0)
(-0.000598189 0.183664 0)
(-0.000251779 0.363306 0)
(0.00431249 0.702767 0)
(0.0118499 0.988272 0)
(0.0243712 1.16802 0)
(0.0454655 1.24798 0)
(0.0758243 1.28476 0)
(0.113839 1.31834 0)
(0.154228 1.36668 0)
(0.195815 1.43453 0)
(0.203661 1.56758 0)
(0.14994 1.7006 0)
(0.0369503 1.75246 0)
(-0.0557752 2.06354 0)
(-0.100537 3.015 0)
(-0.126266 3.42903 0)
(-0.134045 3.4589 0)
(-0.125929 3.16193 0)
(-0.0794798 2.22603 0)
(-0.014195 0.971027 0)
(-0.000566305 0.164968 0)
(0.000698956 0.352326 0)
(0.00814378 0.678353 0)
(0.0190631 0.958151 0)
(0.037371 1.12439 0)
(0.0679275 1.19193 0)
(0.11086 1.22268 0)
(0.164704 1.25453 0)
(0.226201 1.305 0)
(0.28721 1.39807 0)
(0.314992 1.58392 0)
(0.239845 1.78867 0)
(0.0822576 1.87674 0)
(-0.06014 2.15001 0)
(-0.130988 3.07965 0)
(-0.168058 3.46302 0)
(-0.168815 3.45768 0)
(-0.147674 3.06098 0)
(-0.0698117 2.00461 0)
(-0.00550536 0.869802 0)
(3.61076e-05 0.153695 0)
(0.00207915 0.331464 0)
(0.012409 0.644795 0)
(0.0266251 0.9169 0)
(0.0510082 1.06401 0)
(0.0910987 1.11583 0)
(0.147127 1.13824 0)
(0.21931 1.16546 0)
(0.30787 1.21697 0)
(0.391411 1.34049 0)
(0.420863 1.61175 0)
(0.30346 1.91262 0)
(0.0984906 2.0436 0)
(-0.0876606 2.29264 0)
(-0.186693 3.18157 0)
(-0.226697 3.48438 0)
(-0.220034 3.42417 0)
(-0.16276 2.88781 0)
(-0.0471474 1.70943 0)
(0.00552909 0.811903 0)
(0.00218541 0.16699 0)
(0.00367441 0.300271 0)
(0.0160673 0.604341 0)
(0.0327574 0.865675 0)
(0.0624784 0.987764 0)
(0.110331 1.02135 0)
(0.177559 1.0323 0)
(0.266688 1.04944 0)
(0.37796 1.10332 0)
(0.48254 1.26461 0)
(0.48483 1.668 0)
(0.321091 2.07613 0)
(0.0791809 2.24137 0)
(-0.138683 2.47951 0)
(-0.272181 3.31521 0)
(-0.30854 3.49259 0)
(-0.285864 3.33463 0)
(-0.193616 2.61287 0)
(-0.0328822 1.41965 0)
(0.0021399 0.775234 0)
(0.00214533 0.196762 0)
(0.00494291 0.261851 0)
(0.0172301 0.562922 0)
(0.0339793 0.809233 0)
(0.06575 0.901378 0)
(0.116664 0.914979 0)
(0.18887 0.91114 0)
(0.288428 0.91183 0)
(0.410905 0.966139 0)
(0.501128 1.21615 0)
(0.483009 1.7452 0)
(0.278154 2.27584 0)
(0.0125974 2.46247 0)
(-0.225594 2.70926 0)
(-0.375962 3.43115 0)
(-0.40856 3.49951 0)
(-0.353781 3.16907 0)
(-0.171041 2.10869 0)
(-0.0455885 1.22325 0)
(-0.00806746 0.714871 0)
(0.00136892 0.213927 0)
(0.00500721 0.22452 0)
(0.0133225 0.530644 0)
(0.0253343 0.756959 0)
(0.0525848 0.817456 0)
(0.0975137 0.809952 0)
(0.163012 0.787798 0)
(0.25815 0.770532 0)
(0.369104 0.838816 0)
(0.435677 1.18449 0)
(0.368933 1.86066 0)
(0.149748 2.49141 0)
(-0.0945349 2.69695 0)
(-0.349293 3.00043 0)
(-0.488131 3.51378 0)
(-0.498469 3.47647 0)
(-0.390157 2.87137 0)
(-0.127025 1.69849 0)
(-0.0553391 1.06772 0)
(-0.0161455 0.621631 0)
(0.000107399 0.208852 0)
(0.00303474 0.2027 0)
(0.00352054 0.52213 0)
(0.00517625 0.72523 0)
(0.0193969 0.757435 0)
(0.0456698 0.732116 0)
(0.088605 0.688668 0)
(0.155186 0.658865 0)
(0.224251 0.762397 0)
(0.21881 1.2075 0)
(0.142239 1.98872 0)
(-0.0536951 2.69699 0)
(-0.26256 2.91254 0)
(-0.526087 3.31553 0)
(-0.60462 3.55951 0)
(-0.551018 3.32738 0)
(-0.254576 2.17731 0)
(-0.103023 1.4548 0)
(-0.0456331 0.942083 0)
(-0.0134648 0.52616 0)
(0.000542931 0.196704 0)
(-0.000807191 0.21099 0)
(-0.0125315 0.552376 0)
(-0.0255543 0.731627 0)
(-0.0335899 0.74318 0)
(-0.0382359 0.704731 0)
(-0.0382368 0.6453 0)
(-0.0330804 0.612171 0)
(-0.0432429 0.760389 0)
(-0.0807899 1.2611 0)
(-0.152873 2.1101 0)
(-0.298768 2.87398 0)
(-0.459598 3.11486 0)
(-0.684594 3.53471 0)
(-0.724535 3.56495 0)
(-0.500559 2.85665 0)
(-0.147657 1.73323 0)
(-0.0700285 1.27514 0)
(-0.0365656 0.854813 0)
(-0.0120247 0.448169 0)
(0.00063197 0.191191 0)
(-0.0019204 0.0938228 0)
(-0.0206795 0.469174 0)
(-0.0542508 0.767054 0)
(-0.0960564 0.830562 0)
(-0.150527 0.801949 0)
(-0.223637 0.743397 0)
(-0.316309 0.666051 0)
(-0.400627 0.679372 0)
(-0.417316 0.995446 0)
(-0.42427 1.69384 0)
(-0.455781 2.66533 0)
(-0.569732 3.16688 0)
(-0.786222 3.56874 0)
(-0.83722 3.60144 0)
(-0.607485 2.67533 0)
(-0.246219 1.61952 0)
(-0.103886 1.23648 0)
(-0.0348374 0.935084 0)
(-0.0126346 0.573886 0)
(-0.00121071 0.169769 0)
(0.124888 2.71998 2.06173e-21)
(0.123245 3.55925 0)
(0.124884 3.59281 4.49328e-19)
(0.125968 3.53307 -5.96721e-19)
(0.11921 3.48565 6.42241e-19)
(0.108979 3.45828 1.46415e-18)
(0.0998764 3.43711 -1.60317e-18)
(0.0881136 3.39906 -7.42972e-19)
(0.0577066 2.96488 -7.23776e-19)
(0.0136219 0.727491 3.2174e-21)
(0.0672656 2.4007 -4.82317e-19)
(0.0645783 3.44298 -5.46703e-19)
(0.07373 3.53889 0)
(0.0774491 3.49552 1.34641e-18)
(0.0762592 3.45922 -7.00054e-19)
(0.0722621 3.4391 7.94279e-19)
(0.0677354 3.42658 -2.56892e-20)
(0.0618601 3.40805 -8.39097e-19)
(0.0475087 3.03878 -8.9073e-19)
(-0.00612588 0.822661 -7.1555e-21)
(0.0447175 2.28597 1.11141e-18)
(0.0359183 3.38879 9.31879e-21)
(0.0404975 3.49932 -7.10139e-19)
(0.0453885 3.46494 2.3114e-20)
(0.047349 3.43638 5.26752e-22)
(0.0477013 3.42218 0)
(0.0484821 3.41557 -8.59075e-19)
(0.0497946 3.4068 -8.89626e-19)
(0.0421207 3.07859 9.06484e-19)
(-0.00976014 0.868959 9.26699e-19)
(0.0276381 2.23769 3.18572e-19)
(0.0159858 3.35846 -1.01203e-18)
(0.0177644 3.46815 -7.19598e-19)
(0.0237893 3.43889 2.44976e-20)
(0.0283892 3.41552 -4.12823e-19)
(0.0323444 3.40513 -4.03632e-19)
(0.0372729 3.40194 -4.45222e-19)
(0.0426876 3.3992 1.43622e-20)
(0.0390733 3.11106 4.50128e-19)
(-0.0116241 0.91269 6.0049e-21)
(0.0161969 2.22969 -3.42201e-19)
(0.00010269 3.34224 1.251e-20)
(0.00218625 3.44148 7.79128e-19)
(0.00952881 3.41509 4.2975e-19)
(0.0163655 3.39504 0)
(0.0230465 3.38681 2.75284e-20)
(0.0307395 3.38562 2.05898e-20)
(0.0388043 3.3876 -4.84069e-19)
(0.0388163 3.13809 -1.50285e-20)
(-0.0126659 0.957478 4.91754e-19)
(0.00891148 2.25669 3.92575e-19)
(-0.0127685 3.33429 1.21223e-20)
(-0.00818123 3.41703 -4.31305e-19)
(4.26922e-05 3.39177 -4.06759e-19)
(0.00858808 3.37368 4.12394e-19)
(0.0174388 3.36657 -4.27464e-19)
(0.0272604 3.36662 0)
(0.0375759 3.37236 -9.79736e-19)
(0.0413918 3.16089 4.96327e-19)
(-0.0127247 1.01004 -1.02396e-18)
(0.00104009 2.30728 6.3002e-21)
(-0.0225641 3.32942 0)
(-0.016446 3.39308 -4.25173e-19)
(-0.00685835 3.36747 0)
(0.00325232 3.35031 -4.70255e-19)
(0.0140906 3.34365 0)
(0.0259895 3.34442 -4.16637e-20)
(0.0386473 3.35313 -5.05344e-19)
(0.0465591 3.1797 -8.14115e-21)
(-0.0114054 1.07731 5.30375e-19)
(-0.00775678 2.37791 3.27361e-21)
(-0.0316778 3.32417 -4.56171e-19)
(-0.0240527 3.3672 4.72486e-19)
(-0.0127731 3.3405 0)
(-0.000837494 3.32359 0)
(0.0121612 3.31697 0)
(0.0263535 3.31812 -5.27368e-19)
(0.0416928 3.32918 6.82983e-23)
(0.0539638 3.1933 -5.51314e-19)
(-0.00822094 1.16379 5.68289e-19)
(-0.0198175 2.46673 6.93647e-21)
(-0.0418286 3.31467 1.30755e-20)
(-0.0321488 3.33668 4.53355e-19)
(-0.0185034 3.30891 0)
(-0.00418985 3.29203 0)
(0.0112913 3.28543 3.31375e-20)
(0.0280275 3.28693 5.05387e-19)
(0.046345 3.29986 5.72557e-19)
(0.0629033 3.20097 5.46766e-19)
(-0.00235478 1.27827 0)
(-0.0364967 2.57241 9.35509e-19)
(-0.0532807 3.29672 -1.46501e-22)
(-0.0408494 3.29921 2.39937e-19)
(-0.0241498 3.27127 4.84892e-19)
(-0.00684705 3.25478 2.17479e-22)
(0.0114169 3.24853 -5.20128e-19)
(0.03072 3.25051 6.09672e-19)
(0.0517889 3.26477 8.74392e-19)
(0.0715898 3.20076 -9.57892e-21)
(0.00633766 1.42699 3.09915e-19)
(-0.0571878 2.69117 -2.60666e-19)
(-0.0646227 3.26716 2.48547e-19)
(-0.0485565 3.25398 5.70219e-19)
(-0.0288678 3.2279 3.51067e-20)
(-0.00866864 3.21271 0)
(0.0119589 3.20717 -2.94958e-19)
(0.0335015 3.20948 -3.13668e-19)
(0.0566038 3.22414 -1.97558e-20)
(0.0786897 3.19105 0)
(0.017386 1.61306 -6.69454e-19)
(-0.0777219 2.81421 -8.36559e-21)
(-0.0730256 3.22615 -1.72042e-20)
(-0.0529561 3.20363 -2.83792e-19)
(-0.031117 3.18071 -3.40581e-19)
(-0.00952307 3.1674 3.51256e-19)
(0.0119759 3.16283 6.75756e-19)
(0.03459 3.16548 -3.33062e-19)
(0.0587296 3.17959 -2.10039e-20)
(0.0825798 3.17187 -1.08681e-20)
(0.0297037 1.8356 -7.13622e-19)
(-0.0912895 2.92797 3.53307e-23)
(-0.0751639 3.17796 -2.821e-19)
(-0.053161 3.15093 3.02781e-19)
(-0.0313949 3.1304 0)
(-0.00965676 3.11849 -8.18825e-20)
(0.0121478 3.11519 4.21687e-20)
(0.0344705 3.11922 -1.76656e-19)
(0.0572943 3.13366 -3.76614e-19)
(0.0812399 3.14465 -2.31468e-20)
(0.0401353 2.0927 0)
(-0.0942455 3.01679 9.32501e-21)
(-0.0733974 3.12417 -1.96439e-20)
(-0.0530009 3.09462 1.66667e-19)
(-0.0317428 3.07651 1.66244e-19)
(-0.00943274 3.06699 1.32674e-19)
(0.0129756 3.06525 0)
(0.0352101 3.0699 0)
(0.0563678 3.0847 2.16993e-19)
(0.0780293 3.10954 1.97811e-19)
(0.0469693 2.37989 0)
(-0.0977832 3.04863 5.81659e-20)
(-0.0709951 3.05655 1.65602e-19)
(-0.0469227 3.03647 0)
(-0.0258411 3.02737 4.44146e-20)
(-0.00713139 3.02313 4.5253e-24)
(0.0102036 3.02268 4.6728e-20)
(0.0288009 3.02478 -9.59827e-20)
(0.0498326 3.03299 1.01916e-19)
(0.0801935 3.05608 2.59139e-20)
(0.0507463 2.66631 1.10661e-19)
(-0.0535174 2.99795 -2.89633e-22)
(-0.0251408 3.0001 -3.89194e-20)
(-0.0134415 3.00086 0)
(-0.00724658 3.00085 3.91007e-20)
(-0.00248059 3.0013 -3.84879e-20)
(0.00233373 3.00078 4.05565e-20)
(0.00693076 2.99991 0)
(0.013881 2.99947 4.38881e-20)
(0.0297366 2.99958 -4.61413e-20)
(0.0276271 2.90802 0)
(0.533109 -0.0342559 0)
(1.0554 -0.0888932 0)
(1.04642 -0.0726048 0)
(1.02117 -0.0478107 0)
(1.00961 -0.0301338 0)
(1.00454 -0.0182841 0)
(1.00232 -0.0110366 0)
(1.00129 -0.00655486 0)
(1.00079 -0.0035586 0)
(1.00055 -0.00130964 0)
(1.0005 0.00067081 0)
(1.00062 0.00274199 0)
(1.00095 0.00525027 0)
(1.00167 0.00882833 0)
(1.00319 0.0144286 0)
(1.00654 0.0236946 0)
(1.01433 0.0384134 0)
(1.03122 0.0591492 0)
(1.06137 0.0846025 0)
(0.939249 0.0856207 0)
(0.263581 -0.00534636 0)
(1.00614 -0.0569118 0)
(1.10342 -0.0580867 0)
(1.0686 -0.047984 0)
(1.03963 -0.0388351 0)
(1.02184 -0.0293198 0)
(1.01199 -0.0204008 0)
(1.00687 -0.0131049 0)
(1.00426 -0.00741673 0)
(1.00303 -0.00277302 0)
(1.00277 0.00149386 0)
(1.00344 0.00587808 0)
(1.00522 0.0108601 0)
(1.00889 0.0172088 0)
(1.01603 0.0252639 0)
(1.02947 0.0345777 0)
(1.05249 0.0438528 0)
(1.08834 0.0536023 0)
(1.09214 0.0590849 0)
(0.723462 0.0309804 0)
(0.192038 -0.000796866 0)
(0.883832 -0.0300522 0)
(1.10309 -0.0460891 0)
(1.08897 -0.0416423 0)
(1.05858 -0.0345961 0)
(1.0379 -0.0283553 0)
(1.02387 -0.0221432 0)
(1.01497 -0.0157258 0)
(1.00979 -0.00950141 0)
(1.00717 -0.00361988 0)
(1.0066 0.00214609 0)
(1.00806 0.00793367 0)
(1.01174 0.0138288 0)
(1.01858 0.0200472 0)
(1.02986 0.0262114 0)
(1.04699 0.0321877 0)
(1.07194 0.0385863 0)
(1.10347 0.0454289 0)
(1.04803 0.0425387 0)
(0.56336 0.0101496 0)
(0.16385 -0.000567505 0)
(0.784589 -0.0174409 0)
(1.08435 -0.0368768 0)
(1.09909 -0.0369961 0)
(1.06875 -0.0319203 0)
(1.04751 -0.0265405 0)
(1.03295 -0.0211264 0)
(1.02281 -0.0156519 0)
(1.0161 -0.00988724 0)
(1.01233 -0.00377674 0)
(1.01145 0.00261931 0)
(1.01358 0.00887007 0)
(1.0186 0.0146168 0)
(1.02686 0.019991 0)
(1.03897 0.0251506 0)
(1.05648 0.0303489 0)
(1.0824 0.0353998 0)
(1.10478 0.0388284 0)
(0.986129 0.0303471 0)
(0.479318 0.00535204 0)
(0.146398 -0.000415921 0)
(0.710095 -0.0115752 0)
(1.05658 -0.0298116 0)
(1.10401 -0.0323956 0)
(1.0773 -0.0288935 0)
(1.05494 -0.024661 0)
(1.03978 -0.0199072 0)
(1.0293 -0.0148024 0)
(1.02208 -0.0093873 0)
(1.01774 -0.00344581 0)
(1.01665 0.00298317 0)
(1.01909 0.00916017 0)
(1.02458 0.0145639 0)
(1.03317 0.0195083 0)
(1.04564 0.0241265 0)
(1.06399 0.0283165 0)
(1.0912 0.0321402 0)
(1.09944 0.0334358 0)
(0.925046 0.0225922 0)
(0.426522 0.00364224 0)
(0.134048 -0.000312177 0)
(0.653785 -0.0083939 0)
(1.02476 -0.0243705 0)
(1.10568 -0.0286777 0)
(1.08475 -0.0260346 0)
(1.0617 -0.0224319 0)
(1.04593 -0.0183749 0)
(1.03501 -0.013746 0)
(1.02752 -0.00858734 0)
(1.02294 -0.00286148 0)
(1.02171 0.00333452 0)
(1.02419 0.00924984 0)
(1.02979 0.0143764 0)
(1.03862 0.018901 0)
(1.05157 0.0228133 0)
(1.07056 0.0262055 0)
(1.09735 0.0293744 0)
(1.08811 0.0292269 0)
(0.869864 0.0174707 0)
(0.388639 0.00272597 0)
(0.124788 -0.000239827 0)
(0.610357 -0.00635616 0)
(0.992276 -0.0199577 0)
(1.10475 -0.025439 0)
(1.09129 -0.0235441 0)
(1.06775 -0.0201992 0)
(1.05161 -0.0165309 0)
(1.04036 -0.0123782 0)
(1.03255 -0.007614 0)
(1.02775 -0.00216508 0)
(1.02637 0.00376986 0)
(1.0288 0.00937594 0)
(1.0345 0.0140971 0)
(1.04355 0.0180721 0)
(1.05676 0.0214153 0)
(1.07617 0.0243837 0)
(1.10083 0.0270182 0)
(1.07258 0.0256473 0)
(0.821807 0.0138724 0)
(0.359679 0.00213581 0)
(0.117688 -0.000184349 0)
(0.576294 -0.0049078 0)
(0.961142 -0.0163297 0)
(1.10157 -0.0224914 0)
(1.09709 -0.021254 0)
(1.07332 -0.018083 0)
(1.05683 -0.0146377 0)
(1.04535 -0.0108006 0)
(1.03733 -0.00639058 0)
(1.0323 -0.00128709 0)
(1.03075 0.00428671 0)
(1.0331 0.00947688 0)
(1.03881 0.0137383 0)
(1.04792 0.0172583 0)
(1.06129 0.0202169 0)
(1.08113 0.022863 0)
(1.10244 0.0249536 0)
(1.0544 0.0225528 0)
(0.780461 0.0112571 0)
(0.336749 0.00171862 0)
(0.112205 -0.000140954 0)
(0.54933 -0.00380989 0)
(0.93249 -0.0132994 0)
(1.09646 -0.0196772 0)
(1.10191 -0.0190018 0)
(1.07855 -0.01606 0)
(1.06173 -0.0127903 0)
(1.05008 -0.00915235 0)
(1.04187 -0.00501414 0)
(1.0366 -0.000252654 0)
(1.03482 0.00494056 0)
(1.03707 0.00967914 0)
(1.04272 0.0134995 0)
(1.05179 0.0166414 0)
(1.0653 0.0192756 0)
(1.08541 0.0215746 0)
(1.1026 0.0231038 0)
(1.0347 0.0198562 0)
(0.744925 0.00930183 0)
(0.31814 0.00141407 0)
(0.107998 -0.000105328 0)
(0.527987 -0.00293149 0)
(0.906953 -0.0107187 0)
(1.0901 -0.0169398 0)
(1.10586 -0.016666 0)
(1.08353 -0.0138961 0)
(1.06639 -0.0107811 0)
(1.05454 -0.00736847 0)
(1.04619 -0.00348252 0)
(1.04074 0.000974532 0)
(1.03873 0.00575027 0)
(1.04072 0.0100314 0)
(1.04618 0.0134203 0)
(1.05519 0.0161483 0)
(1.06882 0.0184145 0)
(1.08916 0.0204207 0)
(1.10138 0.0214182 0)
(1.01443 0.017521 0)
(0.714277 0.00780438 0)
(0.302735 0.00118677 0)
(0.104839 -7.46965e-05 0)
(0.511315 -0.00219162 0)
(0.88485 -0.00844255 0)
(1.08312 -0.014236 0)
(1.10914 -0.0142748 0)
(1.08832 -0.0116803 0)
(1.07081 -0.008707 0)
(1.0587 -0.00546613 0)
(1.05012 -0.00177239 0)
(1.04443 0.00240069 0)
(1.04211 0.00675889 0)
(1.04382 0.0105802 0)
(1.0491 0.0135423 0)
(1.05804 0.0158741 0)
(1.0718 0.0177695 0)
(1.09237 0.0194503 0)
(1.09887 0.0199148 0)
(0.994259 0.0154866 0)
(0.687754 0.00663048 0)
(0.28977 0.00101566 0)
(0.102596 -4.64722e-05 0)
(0.498718 -0.00153119 0)
(0.866366 -0.00635216 0)
(1.076 -0.011481 0)
(1.11192 -0.0117483 0)
(1.09287 -0.0093467 0)
(1.07507 -0.00646179 0)
(1.06269 -0.00334183 0)
(1.05383 0.00016444 0)
(1.04782 0.00406418 0)
(1.04513 0.00805805 0)
(1.04648 0.0114272 0)
(1.05152 0.0139257 0)
(1.06036 0.0158486 0)
(1.07425 0.0173748 0)
(1.09457 0.0186281 0)
(1.09496 0.0184853 0)
(0.974577 0.013678 0)
(0.664723 0.00568049 0)
(0.278695 0.000883483 0)
(0.101201 -1.96973e-05 0)
(0.489852 -0.000916386 0)
(0.851669 -0.0043601 0)
(1.06932 -0.00860906 0)
(1.11438 -0.00891535 0)
(1.09729 -0.00662402 0)
(1.0793 -0.00384205 0)
(1.06667 -0.000853448 0)
(1.0575 0.00246726 0)
(1.05107 0.00608111 0)
(1.04791 0.00968359 0)
(1.04886 0.0125184 0)
(1.05362 0.014484 0)
(1.06226 0.0158542 0)
(1.07616 0.0169225 0)
(1.09575 0.0178023 0)
(1.08966 0.0170786 0)
(0.955782 0.0120723 0)
(0.644725 0.00490886 0)
(0.269122 0.000785101 0)
(0.100615 6.93697e-06 0)
(0.484491 -0.000322403 0)
(0.840822 -0.00244133 0)
(1.06365 -0.00569897 0)
(1.11675 -0.00592298 0)
(1.10156 -0.00370071 0)
(1.08332 -0.00103789 0)
(1.07037 0.00181428 0)
(1.06091 0.00501964 0)
(1.05412 0.00847411 0)
(1.05041 0.0117303 0)
(1.0507 0.0141097 0)
(1.05495 0.0155884 0)
(1.06335 0.0164248 0)
(1.07726 0.016896 0)
(1.09585 0.0171676 0)
(1.08336 0.0158685 0)
(0.938052 0.01072 0)
(0.627318 0.00429912 0)
(0.260719 0.000713878 0)
(0.10088 4.5485e-05 0)
(0.48278 0.000322868 0)
(0.833896 -0.00049061 0)
(1.05918 -0.00263663 0)
(1.11892 -0.00272153 0)
(1.10562 -0.000624417 0)
(1.08724 0.00200637 0)
(1.07402 0.00489601 0)
(1.06413 0.00808651 0)
(1.05669 0.0113881 0)
(1.05224 0.014298 0)
(1.05193 0.0161607 0)
(1.05569 0.0170367 0)
(1.06369 0.0173245 0)
(1.07737 0.0173334 0)
(1.09479 0.0168442 0)
(1.07577 0.0148591 0)
(0.921244 0.00957505 0)
(0.612063 0.00382745 0)
(0.253218 0.000659322 0)
(0.102119 7.44181e-05 0)
(0.484142 0.000876804 0)
(0.83099 0.00127557 0)
(1.05637 0.000429576 0)
(1.12109 0.000744598 0)
(1.10969 0.00286469 0)
(1.0914 0.00555035 0)
(1.07794 0.00852077 0)
(1.06764 0.0117333 0)
(1.05958 0.0149185 0)
(1.05426 0.017523 0)
(1.05299 0.018842 0)
(1.05598 0.0191093 0)
(1.06346 0.0187094 0)
(1.07665 0.0180185 0)
(1.0924 0.0168575 0)
(1.06705 0.0142551 0)
(0.905338 0.00892851 0)
(0.598343 0.00364054 0)
(0.246262 0.000643823 0)
(0.104179 0.000113368 0)
(0.488778 0.00147191 0)
(0.832064 0.00300049 0)
(1.05584 0.00332859 0)
(1.12368 0.0043706 0)
(1.11392 0.00677174 0)
(1.09563 0.00963204 0)
(1.08173 0.0127399 0)
(1.07077 0.0160373 0)
(1.06184 0.0192096 0)
(1.05541 0.0215418 0)
(1.05312 0.0222843 0)
(1.05532 0.0218595 0)
(1.06224 0.0207482 0)
(1.07496 0.0193453 0)
(1.08872 0.0175854 0)
(1.05738 0.0144276 0)
(0.889876 0.00897049 0)
(0.5851 0.00380245 0)
(0.239204 0.000688437 0)
(0.107122 0.000151956 0)
(0.496057 0.00201612 0)
(0.836678 0.00462727 0)
(1.0579 0.00614986 0)
(1.12717 0.00799294 0)
(1.1187 0.0108345 0)
(1.10031 0.0140098 0)
(1.08598 0.0174669 0)
(1.07437 0.0211227 0)
(1.0644 0.0244516 0)
(1.05661 0.0265563 0)
(1.05299 0.02678 0)
(1.05409 0.0256567 0)
(1.06021 0.023825 0)
(1.07236 0.0217157 0)
(1.08403 0.019274 0)
(1.04666 0.0154775 0)
(0.874144 0.00970854 0)
(0.571188 0.00429626 0)
(0.23138 0.000791776 0)
(0.110993 0.00019451 0)
(0.506112 0.00263109 0)
(0.844794 0.00632978 0)
(1.06264 0.00917902 0)
(1.13171 0.0119053 0)
(1.1242 0.0152499 0)
(1.10565 0.0189579 0)
(1.09079 0.0230445 0)
(1.07823 0.0272527 0)
(1.06685 0.0308628 0)
(1.05737 0.0328407 0)
(1.05216 0.0325109 0)
(1.05206 0.0306376 0)
(1.05724 0.0280138 0)
(1.06868 0.0251385 0)
(1.07792 0.0219743 0)
(1.03448 0.0173606 0)
(0.857263 0.0110697 0)
(0.55549 0.00503637 0)
(0.222237 0.000937792 0)
(0.116022 0.000248662 0)
(0.519422 0.00339795 0)
(0.856736 0.0083129 0)
(1.07051 0.0127245 0)
(1.13771 0.0167271 0)
(1.13075 0.0208944 0)
(1.11204 0.025378 0)
(1.09642 0.0302495 0)
(1.08256 0.0350173 0)
(1.0694 0.0388515 0)
(1.05782 0.0405521 0)
(1.05073 0.0394961 0)
(1.04913 0.0367362 0)
(1.05326 0.0331905 0)
(1.06379 0.0294243 0)
(1.07029 0.0253929 0)
(1.02065 0.0199547 0)
(0.838321 0.0129292 0)
(0.537115 0.00593824 0)
(0.211395 0.00110973 0)
(0.122608 0.000322893 0)
(0.536903 0.00440835 0)
(0.873182 0.0107949 0)
(1.0822 0.0170435 0)
(1.14612 0.0227357 0)
(1.139 0.0282515 0)
(1.11975 0.0337969 0)
(1.1029 0.0395493 0)
(1.08727 0.0448813 0)
(1.07188 0.0488117 0)
(1.05777 0.0499727 0)
(1.04842 0.0478495 0)
(1.04523 0.0439224 0)
(1.04812 0.0394084 0)
(1.05756 0.03465 0)
(1.06107 0.0297209 0)
(1.00482 0.0233968 0)
(0.816248 0.0152009 0)
(0.515433 0.0069385 0)
(0.198634 0.00129229 0)
(0.131391 0.000427151 0)
(0.560028 0.00574612 0)
(0.895168 0.0140001 0)
(1.09842 0.0224826 0)
(1.15775 0.0301454 0)
(1.14956 0.0373486 0)
(1.12904 0.0442507 0)
(1.11033 0.0510648 0)
(1.0923 0.0570758 0)
(1.07409 0.0610738 0)
(1.05693 0.0615513 0)
(1.04497 0.0582212 0)
(1.03998 0.0529701 0)
(1.04181 0.0471108 0)
(1.05009 0.0413128 0)
(1.05011 0.0354898 0)
(0.985826 0.0278232 0)
(0.789744 0.0177879 0)
(0.489902 0.00807416 0)
(0.183715 0.00149622 0)
(0.143379 0.000584995 0)
(0.591166 0.00757157 0)
(0.924361 0.0183482 0)
(1.11965 0.0297114 0)
(1.17304 0.0394821 0)
(1.16284 0.048478 0)
(1.14023 0.0569463 0)
(1.11889 0.0650063 0)
(1.09778 0.0718287 0)
(1.07609 0.0759779 0)
(1.0554 0.075871 0)
(1.04047 0.0714984 0)
(1.03334 0.0650477 0)
(1.03383 0.0578659 0)
(1.04104 0.0505448 0)
(1.03646 0.0430376 0)
(0.961763 0.0330002 0)
(0.757866 0.0206402 0)
(0.459937 0.00934545 0)
(0.166354 0.00171245 0)
(0.160429 0.000849272 0)
(0.634275 0.0101711 0)
(0.963434 0.0246903 0)
(1.14687 0.0401546 0)
(1.19206 0.0524008 0)
(1.17885 0.0631691 0)
(1.15334 0.0731215 0)
(1.12864 0.082438 0)
(1.1037 0.0899311 0)
(1.07788 0.0940619 0)
(1.05323 0.093241 0)
(1.03502 0.0877549 0)
(1.02548 0.0800944 0)
(1.02412 0.0715482 0)
(1.02904 0.0623789 0)
(1.01767 0.0518601 0)
(0.931113 0.0384767 0)
(0.720075 0.0238043 0)
(0.424675 0.0107472 0)
(0.146191 0.00193189 0)
(0.186436 0.00133171 0)
(0.69617 0.0143266 0)
(1.01665 0.0350001 0)
(1.18196 0.056511 0)
(1.21504 0.0717588 0)
(1.19719 0.0841667 0)
(1.16809 0.0952813 0)
(1.13923 0.105282 0)
(1.10968 0.112693 0)
(1.07917 0.116003 0)
(1.05016 0.113682 0)
(1.02844 0.106447 0)
(1.0162 0.0970968 0)
(1.0123 0.08674 0)
(1.01294 0.0750616 0)
(0.992525 0.0609176 0)
(0.89393 0.044305 0)
(0.675528 0.0273023 0)
(0.382745 0.0121362 0)
(0.122849 0.00211554 0)
(0.234042 0.00307483 0)
(0.791826 0.0242482 1.50004e-33)
(1.093 0.0557135 6.36095e-34)
(1.22677 0.0847177 0)
(1.24189 0.102253 0)
(1.21699 0.115487 0)
(1.18337 0.126521 0)
(1.14949 0.13563 0)
(1.11472 0.141378 0)
(1.07915 0.142331 0)
(1.04555 0.137077 0)
(1.02018 0.126967 0)
(1.00486 0.115077 1.3274e-33)
(0.997587 0.102229 0)
(0.992406 0.0877011 0)
(0.961595 0.0704152 0)
(0.850458 0.0510974 0)
(0.622087 0.0310587 0)
(0.331813 0.0130457 0)
(0.095263 0.00211231 0)
(0.272878 0.0113185 8.27228e-21)
(0.884798 0.0551182 4.39723e-20)
(1.16651 0.0959853 1.2605e-20)
(1.26807 0.127651 2.09891e-20)
(1.26839 0.145587 0)
(1.23593 0.15778 -2.93199e-20)
(1.19737 0.167776 2.37244e-20)
(1.15809 0.175239 -2.12485e-22)
(1.11774 0.178793 0)
(1.07645 0.176877 -2.62325e-20)
(1.03724 0.168089 1.59738e-22)
(1.00687 0.154368 0)
(0.986646 0.139227 -1.39789e-19)
(0.973555 0.123388 -2.03327e-20)
(0.95984 0.106164 -9.60979e-20)
(0.916379 0.0860647 2.8345e-20)
(0.791554 0.0632987 0)
(0.555081 0.0387269 1.6598e-19)
(0.276744 0.0169554 -1.95016e-19)
(0.070815 0.00347301 6.83765e-21)
(0.280414 0.0289871 5.60512e-19)
(0.936132 0.103312 0)
(1.21773 0.151875 -1.47113e-19)
(1.29954 0.183261 0)
(1.29014 0.199496 -2.17836e-19)
(1.25179 0.208964 -1.19505e-19)
(1.20828 0.216496 1.00485e-19)
(1.16355 0.221283 1.696e-19)
(1.11746 0.22188 -1.36836e-19)
(1.0702 0.216479 -2.2661e-19)
(1.02492 0.203772 2.19638e-19)
(0.988902 0.186303 0)
(0.963217 0.168155 0)
(0.94432 0.150161 8.87706e-20)
(0.924472 0.13202 2.0777e-19)
(0.875976 0.111399 6.16401e-20)
(0.749132 0.086099 7.11106e-20)
(0.520736 0.0550816 6.75888e-19)
(0.259225 0.0250297 -2.48588e-20)
(0.0666894 0.0062566 -1.9052e-18)
(0.274761 0.0437761 0)
(0.959268 0.15385 -1.72969e-21)
(1.24854 0.215924 -1.50031e-19)
(1.32067 0.246874 0)
(1.30535 0.260054 0)
(1.26273 0.266074 1.24796e-19)
(1.21501 0.270048 -2.08943e-19)
(1.16539 0.271193 -3.56111e-19)
(1.11399 0.26797 2.93888e-19)
(1.06106 0.258498 1.19601e-19)
(1.01004 0.241606 -1.99834e-21)
(0.96877 0.220577 -2.78299e-19)
(0.938439 0.199966 -4.87531e-19)
(0.915189 0.180597 -9.66208e-20)
(0.891883 0.161821 -1.12547e-19)
(0.843501 0.140454 5.33931e-19)
(0.722678 0.111824 7.01359e-19)
(0.508628 0.0733829 0)
(0.262029 0.036561 3.87578e-22)
(0.0732738 0.0103898 9.58941e-20)
(0.266814 0.0571093 7.11886e-20)
(0.96575 0.204595 -1.19069e-19)
(1.26516 0.281463 -6.14671e-19)
(1.33277 0.313014 -2.62435e-19)
(1.31377 0.323329 3.01611e-19)
(1.26814 0.325852 1.64963e-21)
(1.21711 0.326007 2.25466e-19)
(1.16344 0.323183 0)
(1.10744 0.315814 3.13428e-19)
(1.04951 0.302048 -2.55361e-19)
(0.993326 0.280992 2.51895e-19)
(0.947458 0.256652 -2.6672e-21)
(0.913477 0.233918 3.52519e-19)
(0.88716 0.213409 2.0761e-19)
(0.861801 0.194171 6.11892e-19)
(0.814818 0.172264 1.43842e-19)
(0.702965 0.140473 -5.92966e-19)
(0.50597 0.0965884 9.91986e-20)
(0.273725 0.051458 1.87083e-18)
(0.0843095 0.0162486 6.93345e-20)
(0.259018 0.0690509 6.44654e-19)
(0.962513 0.253326 -3.60798e-19)
(1.27219 0.346038 0)
(1.33782 0.379206 3.72074e-19)
(1.31642 0.386844 1.06221e-20)
(1.26853 0.38606 2.71904e-19)
(1.21488 0.382498 -4.66906e-21)
(1.1579 0.375748 -3.95071e-19)
(1.09802 0.364269 1.63719e-19)
(1.0358 0.346271 0)
(0.97521 0.321142 1.09367e-18)
(0.925477 0.293663 3.2448e-19)
(0.888639 0.268921 -3.81301e-19)
(0.860107 0.247263 0)
(0.833565 0.227508 0)
(0.788837 0.204879 1.56194e-19)
(0.686099 0.170908 7.34291e-19)
(0.505933 0.122467 0)
(0.286814 0.069013 2.0326e-18)
(0.09556 0.0234488 -1.24969e-22)
(0.252178 0.0799996 -5.858e-19)
(0.954133 0.299107 1.29992e-19)
(1.27252 0.408445 -8.62729e-19)
(1.33754 0.44374 -5.59372e-19)
(1.3145 0.449272 -3.36319e-19)
(1.26483 0.445382 0)
(1.20902 0.438324 0)
(1.14929 0.427859 -4.18089e-19)
(1.08615 0.412465 -1.81052e-19)
(1.02027 0.390412 2.90883e-19)
(0.955914 0.361337 5.86784e-19)
(0.903016 0.330757 -3.4474e-19)
(0.863941 0.304023 -4.10534e-19)
(0.833819 0.281112 -2.41233e-19)
(0.806576 0.260664 5.65957e-19)
(0.76405 0.23736 6.73782e-19)
(0.669838 0.201323 -1.78316e-18)
(0.504153 0.148806 0)
(0.296443 0.0871733 -2.06225e-18)
(0.104196 0.0309523 -2.58269e-18)
(0.246846 0.0903366 7.41441e-20)
(0.943562 0.341999 3.7848e-19)
(1.26828 0.468053 2.19963e-19)
(1.33332 0.506026 1.94305e-19)
(1.30907 0.5098 3.41697e-19)
(1.25795 0.503083 6.06467e-19)
(1.20032 0.492803 0)
(1.13827 0.478879 -4.44885e-19)
(1.07232 0.459816 7.51781e-19)
(1.00326 0.433925 -3.21795e-19)
(0.935642 0.401026 -6.28775e-19)
(0.880105 0.367323 3.76031e-19)
(0.839298 0.338466 8.7581e-19)
(0.80809 0.31417 0)
(0.780563 0.292844 0)
(0.740103 0.268885 -5.4333e-19)
(0.652794 0.231189 0)
(0.498825 0.174121 0)
(0.299782 0.10401 1.48049e-19)
(0.108135 0.03756 2.69533e-18)
(0.242922 0.100396 0)
(0.932474 0.382356 0)
(1.261 0.524696 4.51506e-19)
(1.32622 0.565636 4.14273e-19)
(1.30097 0.56796 -7.11493e-19)
(1.24865 0.55871 3.2559e-19)
(1.18948 0.545515 5.47511e-19)
(1.12543 0.528418 2.31539e-19)
(1.05703 0.50597 4.0179e-19)
(0.985138 0.476458 0)
(0.914609 0.439845 0)
(0.85677 0.40296 7.9158e-19)
(0.814608 0.371779 -4.71311e-19)
(0.782694 0.345843 0)
(0.755181 0.323308 3.32046e-19)
(0.71654 0.298387 -3.89952e-19)
(0.634873 0.258689 4.62918e-19)
(0.489174 0.196617 -2.16252e-18)
(0.296371 0.118259 1.59052e-19)
(0.107639 0.0426908 5.35897e-22)
(0.240026 0.110069 -7.93368e-19)
(0.921656 0.420408 0)
(1.25169 0.578623 -2.34945e-19)
(1.3171 0.622357 -4.30115e-19)
(1.29092 0.623519 -7.47541e-19)
(1.23756 0.612001 -3.30549e-19)
(1.17707 0.596194 2.93213e-19)
(1.1113 0.576239 -4.95464e-19)
(1.04072 0.550695 8.48961e-19)
(0.966246 0.51781 3.52808e-19)
(0.893021 0.477597 1.44071e-18)
(0.833107 0.437451 9.45638e-22)
(0.789764 0.403732 -3.99676e-21)
(0.757382 0.375855 6.01881e-19)
(0.730013 0.351835 7.08431e-19)
(0.692854 0.325407 0)
(0.615291 0.283317 -2.50053e-19)
(0.47534 0.215746 -2.3281e-18)
(0.287101 0.129391 -1.70838e-19)
(0.103385 0.0460869 0)
(0.238204 0.119727 0)
(0.911765 0.456684 -1.39698e-19)
(1.24088 0.629887 2.47137e-19)
(1.30659 0.676117 -2.09844e-19)
(1.27945 0.676391 7.79339e-19)
(1.2252 0.662828 -3.42869e-19)
(1.16359 0.644695 -3.11899e-19)
(1.0963 0.622186 -5.26806e-19)
(1.02376 0.593856 -9.04736e-19)
(0.946887 0.557863 9.53915e-19)
(0.871087 0.514194 0)
(0.809165 0.470724 0)
(0.764742 0.434259 -5.4353e-19)
(0.731943 0.404144 -6.46727e-19)
(0.704736 0.378306 1.14494e-18)
(0.668755 0.350012 2.24964e-18)
(0.594065 0.304844 1.06189e-18)
(0.45779 0.231395 -3.13279e-19)
(0.273665 0.136916 1.83767e-19)
(0.0966902 0.0476004 0)
(0.237106 0.129249 -1.68842e-19)
(0.902743 0.491251 -1.3815e-19)
(1.2296 0.67818 5.05568e-19)
(1.29504 0.727069 2.27945e-19)
(1.26703 0.726542 4.03486e-19)
(1.21202 0.711143 3.62795e-19)
(1.14943 0.690949 -3.1015e-19)
(1.08079 0.666182 -8.40621e-19)
(1.00647 0.635368 2.44581e-19)
(0.927323 0.596559 -1.99772e-19)
(0.848977 0.549617 -2.02375e-19)
(0.784994 0.502797 -1.47947e-18)
(0.739415 0.463384 1.75144e-18)
(0.706201 0.43077 6.8366e-19)
(0.679127 0.402775 0)
(0.643957 0.372194 -9.64924e-19)
(0.570984 0.323352 0)
(0.436822 0.243358 -1.34585e-18)
(0.257013 0.141099 1.5817e-18)
(0.0882562 0.0474047 -1.61672e-18)
(0.236591 0.138718 1.73322e-19)
(0.894677 0.524364 2.96785e-19)
(1.21823 0.723731 2.66811e-19)
(1.28284 0.775213 7.88011e-21)
(1.25402 0.773971 -4.20232e-19)
(1.19836 0.75695 0)
(1.13491 0.73494 -3.25721e-19)
(1.06507 0.708189 2.99951e-19)
(0.989107 0.675192 -7.54008e-19)
(0.907774 0.633869 0)
(0.826838 0.583887 -1.53428e-18)
(0.760627 0.533739 1.84459e-18)
(0.713741 0.491207 -1.2511e-18)
(0.680059 0.455824 0)
(0.65302 0.425368 -8.79452e-19)
(0.618313 0.392062 5.19124e-19)
(0.546103 0.338832 3.06723e-19)
(0.412839 0.251646 1.08324e-18)
(0.237369 0.142161 3.40225e-18)
(0.0787592 0.0457692 0)
(0.236353 0.14792 -1.74935e-19)
(0.887583 0.556079 0)
(1.20682 0.766619 5.30454e-19)
(1.27034 0.820628 2.49406e-19)
(1.24073 0.818746 -2.13936e-19)
(1.18449 0.800277 -1.07773e-20)
(1.1203 0.776679 -1.70981e-19)
(1.04939 0.748204 1.24136e-18)
(0.971898 0.713321 5.08378e-21)
(0.88844 0.669806 0)
(0.804826 0.617061 0)
(0.736172 0.563673 6.48616e-21)
(0.687774 0.517888 1.00469e-18)
(0.653453 0.479476 0)
(0.626331 0.446216 -9.44692e-19)
(0.591728 0.409685 5.59176e-19)
(0.519478 0.351281 3.30416e-19)
(0.386379 0.256296 1.55404e-18)
(0.215642 0.140162 1.59957e-18)
(0.0683057 0.0427719 0)
(0.236471 0.157182 3.60951e-19)
(0.881203 0.58645 1.53834e-19)
(1.19559 0.806972 -5.59442e-19)
(1.25777 0.863421 -2.58452e-19)
(1.22735 0.860953 -9.16712e-19)
(1.17062 0.841191 8.31036e-19)
(1.1058 0.816206 -5.62048e-19)
(1.03394 0.786245 0)
(0.955033 0.749756 0)
(0.869503 0.70438 -1.96607e-18)
(0.783141 0.649212 1.99802e-18)
(0.711777 0.592754 3.04452e-19)
(0.661504 0.543623 -1.79908e-18)
(0.626324 0.501892 0)
(0.598968 0.465434 2.02694e-18)
(0.564149 0.4251 -6.03566e-19)
(0.491135 0.360602 -2.12595e-18)
(0.357979 0.257334 0)
(0.192663 0.135211 -1.9652e-18)
(0.0573384 0.0384883 0)
(0.236833 0.166183 -3.67988e-19)
(0.875295 0.615705 3.1488e-19)
(1.18466 0.845076 2.82656e-19)
(1.24525 0.903706 -4.99918e-19)
(1.21406 0.900676 -1.44814e-20)
(1.15692 0.879757 0)
(1.09157 0.853568 0)
(1.01887 0.822344 -2.73847e-18)
(0.938661 0.784523 -7.52145e-19)
(0.851138 0.737621 -2.53671e-19)
(0.761953 0.680401 -2.13045e-18)
(0.687555 0.621124 -1.28625e-18)
(0.634988 0.568629 3.87987e-19)
(0.598615 0.523274 1.37084e-18)
(0.570823 0.483102 -5.46035e-19)
(0.535486 0.438207 1.28838e-18)
(0.461142 0.366602 0)
(0.32788 0.254546 -2.69173e-18)
(0.168892 0.12755 2.63851e-18)
(0.0463646 0.0333003 0)
(0.237144 0.174865 -5.67761e-19)
(0.869799 0.643794 -3.22298e-19)
(1.17411 0.881104 9.99061e-21)
(1.23294 0.941584 -1.07423e-18)
(1.20099 0.938013 2.43311e-19)
(1.14352 0.916064 9.06705e-19)
(1.07773 0.888829 -1.02503e-18)
(1.0043 0.856539 2.70648e-18)
(0.922908 0.817638 1.42987e-18)
(0.833476 0.769545 -1.48306e-19)
(0.741398 0.710679 2.77196e-19)
(0.663655 0.648924 1.37274e-18)
(0.608323 0.59315 1.64633e-18)
(0.570271 0.543903 1.47282e-21)
(0.541701 0.499311 -5.81287e-19)
(0.505582 0.448782 6.9136e-19)
(0.429645 0.368896 2.01387e-21)
(0.296526 0.247762 4.82406e-19)
(0.144871 0.117343 5.65614e-19)
(0.0357627 0.0274181 -1.32858e-18)
(0.237405 0.183411 -3.84316e-19)
(0.864603 0.670453 3.29314e-19)
(1.16388 0.915079 0)
(1.22089 0.977156 -9.07774e-21)
(1.18823 0.973065 -2.65558e-19)
(1.13049 0.95019 7.18944e-19)
(1.06436 0.922061 -1.05314e-18)
(0.990309 0.888884 1.71101e-18)
(0.907853 0.849133 2.84678e-18)
(0.816609 0.800157 -1.49722e-19)
(0.72162 0.740083 3.06769e-19)
(0.640253 0.676268 -1.46328e-18)
(0.581622 0.617431 4.35534e-19)
(0.541253 0.564131 0)
(0.511287 0.514227 6.23539e-19)
(0.474022 0.456431 3.30605e-21)
(0.396731 0.366712 -8.79372e-19)
(0.264879 0.236596 1.03395e-18)
(0.121899 0.104979 0)
(0.0261628 0.0213397 0)
(0.237671 0.191345 -1.95895e-19)
(0.859784 0.69585 0)
(1.15393 0.947044 4.56251e-19)
(1.20919 1.01055 5.77176e-19)
(1.17585 1.00595 4.08837e-19)
(1.11792 0.982241 -2.37032e-19)
(1.05151 0.953333 1.12503e-18)
(0.97696 0.919432 3.99237e-19)
(0.893555 0.879037 0)
(0.800601 0.829467 -1.50201e-19)
(0.702745 0.768629 -1.56004e-19)
(0.617513 0.70325 1.55864e-18)
(0.555054 0.641689 1.87843e-18)
(0.51159 0.584399 0)
(0.479181 0.528226 -6.75364e-19)
(0.439965 0.460753 0)
(0.362166 0.35867 0)
(0.23457 0.219809 -1.29706e-21)
(0.102648 0.0905102 6.52182e-19)
(0.0189258 0.0156631 3.81945e-19)
(0.237752 0.199241 0)
(0.855161 0.720079 1.66013e-19)
(1.14441 0.977197 -4.77089e-19)
(1.19789 1.04189 5.95567e-19)
(1.16387 1.03676 9.81901e-21)
(1.10582 1.01231 -1.32098e-19)
(1.03923 0.98272 -9.27939e-19)
(0.964263 0.948233 1.48247e-18)
(0.880034 0.907388 0)
(0.785519 0.857498 -5.22543e-18)
(0.684863 0.796315 -1.75699e-19)
(0.595603 0.729925 1.6571e-18)
(0.528826 0.666102 -1.75578e-18)
(0.48144 0.605183 6.0767e-19)
(0.44502 0.541999 2.1576e-18)
(0.401976 0.461875 4.55843e-21)
(0.324404 0.342927 -2.02959e-18)
(0.206789 0.19322 1.78748e-18)
(0.0937609 0.0682447 6.98094e-19)
(0.0228115 0.00781385 4.08283e-19)
(0.237814 0.206483 -4.07262e-19)
(0.850488 0.74272 5.25187e-19)
(1.1352 1.00556 4.886e-19)
(1.18701 1.07127 6.01517e-19)
(1.15234 1.06562 5.68889e-19)
(1.09421 1.04049 -1.2802e-19)
(1.02751 1.01031 0)
(0.952235 0.975361 3.40273e-18)
(0.867301 0.934222 1.89294e-19)
(0.771362 0.884247 -2.76279e-18)
(0.668036 0.823109 -3.56412e-19)
(0.574692 0.756338 -1.53797e-18)
(0.503167 0.690773 2.12813e-18)
(0.451151 0.626909 9.6514e-19)
(0.408809 0.556521 -3.87616e-19)
(0.358401 0.461125 0)
(0.279297 0.31932 0)
(0.17577 0.149312 -1.53158e-21)
(0.0994419 0.011493 0)
(0.0792517 -0.0176953 0)
(0.2378 0.213486 2.02241e-19)
(0.846165 0.76443 3.62942e-19)
(1.12625 1.0325 1.70285e-19)
(1.17646 1.09918 6.12495e-19)
(1.14104 1.09309 5.85764e-19)
(1.08282 1.06748 1.07034e-18)
(1.01602 1.03692 -1.26743e-19)
(0.940448 1.00178 1.49527e-20)
(0.854802 0.960666 -1.17722e-18)
(0.757436 0.911019 1.75063e-19)
(0.651363 0.850517 8.23207e-21)
(0.553638 0.784242 -1.71189e-18)
(0.476548 0.71758 2.07296e-18)
(0.419082 0.6516 1.24933e-18)
(0.368521 0.574251 -7.44574e-19)
(0.304786 0.461656 -8.9745e-19)
(0.217099 0.292182 0)
(0.107422 0.112788 0)
(0.0092983 0.224579 0)
(-0.0207551 1.11354 4.13021e-19)
(0.237556 0.220042 0)
(0.841839 0.785018 4.57974e-19)
(1.11751 1.05803 -1.61273e-19)
(1.16624 1.12569 -1.50845e-19)
(1.13 1.11924 -5.89599e-19)
(1.07167 1.09335 -1.01599e-20)
(1.0048 1.06257 8.67233e-19)
(0.928969 1.02751 1.78714e-18)
(0.842643 0.986705 -2.03915e-19)
(0.743911 0.937806 5.69025e-18)
(0.635082 0.878508 2.65249e-18)
(0.532809 0.813679 0)
(0.449299 0.74688 2.57222e-19)
(0.385454 0.67925 1.57408e-18)
(0.325684 0.596422 -7.47604e-19)
(0.24472 0.46903 -9.00286e-19)
(0.127862 0.3053 1.28062e-21)
(0.0356837 0.671984 -6.12707e-19)
(0.0811168 2.30825 -1.24326e-20)
(0.0912905 3.06911 -3.9598e-19)
(0.237395 0.225354 -2.00538e-19)
(0.83699 0.804138 0)
(1.10891 1.08225 -4.30104e-19)
(1.1564 1.15089 -6.45899e-19)
(1.11928 1.14418 6.09709e-19)
(1.06085 1.11818 1.062e-20)
(0.993953 1.08727 -1.13734e-18)
(0.917805 1.05249 0)
(0.83089 1.01226 -1.50117e-18)
(0.730891 0.964473 2.77079e-18)
(0.619407 0.906949 -1.73649e-19)
(0.512606 0.844441 -1.01443e-20)
(0.422198 0.779197 -4.1775e-18)
(0.350711 0.709021 0)
(0.28527 0.622051 1.5029e-18)
(0.179474 0.501244 0)
(0.0675899 0.942195 0)
(0.132222 2.65847 6.03283e-19)
(0.139153 3.25306 1.36899e-18)
(0.131974 3.41224 -1.24881e-18)
(0.248395 0.242333 9.62648e-20)
(0.83214 0.828404 -4.32162e-19)
(1.09876 1.10933 2.44424e-19)
(1.14666 1.17481 -7.08303e-21)
(1.10869 1.16787 7.38911e-20)
(1.05017 1.14183 -1.37102e-19)
(0.983671 1.11114 0)
(0.906909 1.07675 -1.85323e-18)
(0.81948 1.0373 6.44905e-21)
(0.718307 0.990921 -1.5927e-19)
(0.604382 0.935779 -2.8505e-18)
(0.493281 0.876385 1.51241e-18)
(0.396207 0.815291 -2.57194e-19)
(0.313211 0.73868 -3.10792e-19)
(0.242238 0.684648 2.04995e-18)
(0.150933 1.08715 7.94921e-19)
(0.146585 2.63034 1.52186e-20)
(0.188814 3.30653 -1.12777e-18)
(0.178535 3.43451 -6.47034e-19)
(0.153736 3.45888 2.02222e-18)
(0.592888 0.604177 -1.94171e-19)
(1.00741 1.03427 1.72045e-20)
(1.12901 1.18006 -7.90553e-20)
(1.12529 1.20072 -6.94443e-20)
(1.07218 1.1784 8.70702e-19)
(1.009 1.15025 0)
(0.936952 1.11733 1.40867e-19)
(0.85483 1.0814 -1.94013e-18)
(0.760196 1.04027 0)
(0.648873 0.991441 1.84142e-19)
(0.531549 0.936812 -2.91015e-18)
(0.423617 0.881861 0)
(0.322805 0.819641 0)
(0.252034 0.758093 0)
(0.175204 1.27995 0)
(0.225433 2.9578 0)
(0.241504 3.36403 -8.91575e-19)
(0.218629 3.44978 0)
(0.19205 3.47583 2.96877e-19)
(0.160997 3.48975 2.6247e-19)
(0.542044 0.548953 2.20336e-19)
(0.837603 0.860156 3.50824e-19)
(1.0938 1.14086 0)
(1.13212 1.20592 -5.56003e-19)
(1.09584 1.20021 6.73904e-19)
(1.03752 1.17476 -1.34968e-19)
(0.969927 1.14494 1.154e-18)
(0.893254 1.11125 1.18512e-19)
(0.805364 1.07327 0)
(0.702979 1.0295 2.76295e-18)
(0.586249 0.978658 2.63683e-18)
(0.469813 0.92455 2.16273e-19)
(0.364058 0.871241 0)
(0.265708 0.802802 1.51627e-18)
(0.188433 1.13305 0)
(0.232097 2.73885 0)
(0.271617 3.38374 -7.81395e-19)
(0.255002 3.474 1.27988e-18)
(0.219785 3.49076 1.55313e-18)
(0.177254 3.51129 0)
(0.554169 0.567794 1.67019e-21)
(0.831913 0.872837 3.34976e-19)
(1.08443 1.15868 -3.07273e-19)
(1.12145 1.22632 6.84664e-21)
(1.08481 1.22085 -6.77261e-20)
(1.02642 1.19568 1.27187e-19)
(0.959269 1.16644 0)
(0.882509 1.13365 1.76448e-18)
(0.7944 1.09681 -6.27548e-21)
(0.69135 1.05499 1.96007e-19)
(0.572781 1.00726 2.74599e-18)
(0.452844 0.957302 -1.45984e-18)
(0.341635 0.907803 2.44741e-19)
(0.25116 0.916488 2.92935e-19)
(0.250773 1.8435 -2.06336e-18)
(0.33562 3.25006 -7.35603e-19)
(0.333196 3.4767 9.82825e-21)
(0.290445 3.52079 8.5131e-19)
(0.252545 3.55052 4.49102e-19)
(0.194056 3.57195 2.0212e-19)
(0.557553 0.58839 1.70218e-19)
(0.826257 0.889313 0)
(1.07542 1.17939 3.4888e-19)
(1.11147 1.2491 5.35242e-19)
(1.0745 1.24402 -5.18923e-19)
(1.016 1.21877 -1.03672e-20)
(0.948829 1.18962 1.03057e-18)
(0.871947 1.15727 0)
(0.783732 1.12141 1.39044e-18)
(0.680219 1.08145 -2.57893e-18)
(0.560587 1.03723 1.60609e-19)
(0.438833 0.992697 -1.94073e-20)
(0.325562 0.953023 3.83335e-18)
(0.272948 1.15995 0)
(0.343039 2.68862 -1.22682e-18)
(0.415489 3.44605 0)
(0.375425 3.53566 0)
(0.328513 3.56676 -3.78728e-19)
(0.282743 3.6 -7.58363e-19)
(0.212939 3.6543 0)
(0.557993 0.608674 -7.70962e-20)
(0.81894 0.907139 -1.92389e-19)
(1.06549 1.2021 1.19086e-19)
(1.10088 1.27343 1.1652e-19)
(1.06363 1.26851 4.85967e-19)
(1.00523 1.24317 9.92445e-21)
(0.938197 1.21407 -7.51298e-19)
(0.861557 1.18214 -1.57243e-18)
(0.773534 1.14729 1.80131e-19)
(0.669987 1.10927 -5.06061e-18)
(0.549871 1.0687 -2.39074e-18)
(0.427225 1.02975 0)
(0.320497 1.01469 -2.26512e-19)
(0.324504 1.59689 -1.33659e-18)
(0.435831 3.21556 5.68914e-19)
(0.474053 3.52863 5.66487e-19)
(0.420939 3.58029 5.72715e-20)
(0.380628 3.62743 3.01517e-19)
(0.325717 3.68187 3.40429e-20)
(0.246065 3.67932 1.09993e-19)
(0.555032 0.627289 -1.24161e-19)
(0.80995 0.92613 -2.22838e-19)
(1.05406 1.22616 -1.16775e-19)
(1.08894 1.2988 -4.49854e-19)
(1.05156 1.29373 -4.35385e-19)
(0.993427 1.26818 -8.56404e-19)
(0.926793 1.23909 1.0368e-19)
(0.850673 1.20755 2.08983e-20)
(0.763128 1.17367 9.83532e-19)
(0.659946 1.1376 -1.50131e-19)
(0.539873 1.1006 -7.1025e-21)
(0.417373 1.06748 1.48419e-18)
(0.327555 1.11125 -1.73551e-18)
(0.396421 2.15076 -1.02044e-18)
(0.522189 3.42608 5.17005e-19)
(0.520116 3.57209 5.31072e-19)
(0.478922 3.62515 0)
(0.452016 3.69119 0)
(0.439082 3.65373 0)
(0.338529 3.48785 -4.15485e-20)
(0.549905 0.644747 -2.2359e-19)
(0.799694 0.945993 -1.05523e-19)
(1.04117 1.2515 -3.03295e-19)
(1.07573 1.32536 -3.8282e-19)
(1.03848 1.31997 -4.0898e-19)
(0.980823 1.294 9.40659e-20)
(0.91481 1.26477 0)
(0.83943 1.23347 -2.71561e-18)
(0.752645 1.20043 -1.5363e-19)
(0.650213 1.16621 2.26334e-18)
(0.530792 1.13264 2.96303e-19)
(0.410122 1.10697 1.26084e-18)
(0.35095 1.27111 -1.71828e-18)
(0.482822 2.73003 -6.90982e-19)
(0.595742 3.51413 2.26762e-19)
(0.565512 3.59594 0)
(0.538625 3.6699 0)
(0.50703 3.65621 6.89694e-20)
(0.501779 3.38636 0)
(0.475963 2.44989 0)
(0.543575 0.661781 0)
(0.788577 0.966703 -8.43046e-20)
(1.02689 1.27807 2.63081e-19)
(1.06128 1.3531 -3.46134e-19)
(1.02444 1.34729 -9.85465e-21)
(0.967494 1.32076 9.27913e-20)
(0.902338 1.29121 6.85208e-19)
(0.827945 1.25996 -1.10376e-18)
(0.742232 1.2276 0)
(0.640973 1.19509 4.11353e-18)
(0.522843 1.16464 9.49966e-20)
(0.406613 1.15034 -1.29045e-18)
(0.392201 1.50804 1.37255e-18)
(0.567889 3.15174 -4.10284e-19)
(0.654686 3.55752 -1.17815e-18)
(0.611229 3.61882 1.01632e-20)
(0.595699 3.64994 6.11103e-19)
(0.550789 3.46836 -3.72128e-19)
(0.40349 2.41257 -1.13434e-19)
(-0.035949 0.122924 -5.889e-20)
(0.535917 0.678591 0)
(0.77624 0.988445 0)
(1.01106 1.30602 -2.16008e-19)
(1.04531 1.38229 -3.01445e-19)
(1.00908 1.37609 -2.38994e-19)
(0.953057 1.34902 1.50427e-19)
(0.888986 1.31913 -7.64406e-19)
(0.815847 1.28795 -2.86002e-19)
(0.73154 1.25635 0)
(0.631898 1.22567 1.12787e-19)
(0.515737 1.19853 1.18469e-19)
(0.408238 1.20463 -1.15545e-18)
(0.451831 1.83241 -1.39188e-18)
(0.647215 3.37463 0)
(0.702903 3.58539 3.18007e-19)
(0.663329 3.62432 0)
(0.623119 3.55628 0)
(0.482288 2.81731 -4.57992e-22)
(0.0699377 0.465161 -1.11789e-19)
(-0.104868 -0.167508 -7.15572e-20)
(0.526703 0.695066 6.21103e-20)
(0.762427 1.01079 -1.17022e-19)
(0.993579 1.33543 0)
(1.02769 1.41284 -1.22476e-20)
(0.992253 1.40629 1.48615e-19)
(0.93738 1.37867 -4.2305e-19)
(0.874669 1.34846 6.85241e-19)
(0.803091 1.31736 -1.14308e-18)
(0.720581 1.28657 -2.00039e-18)
(0.623082 1.25784 1.08009e-19)
(0.509704 1.23436 -2.22366e-19)
(0.417319 1.27735 1.02908e-18)
(0.526393 2.21236 -3.00031e-19)
(0.720416 3.48876 0)
(0.738474 3.60568 -2.82081e-19)
(0.706268 3.59948 8.41828e-21)
(0.601144 3.24393 1.99191e-19)
(0.244285 1.32084 -2.13171e-19)
(-0.0815512 -0.0967097 0)
(-0.0897506 -0.145018 0)
(0.51571 0.711036 -9.65812e-20)
(0.746958 1.03362 0)
(0.974115 1.36611 -4.65579e-21)
(1.00824 1.4447 4.52e-19)
(0.973814 1.43777 -1.0911e-19)
(0.920345 1.40963 -4.89872e-19)
(0.859289 1.37909 6.08607e-19)
(0.789639 1.34807 -1.72544e-18)
(0.709372 1.31814 -9.38063e-19)
(0.614607 1.29141 1.0242e-19)
(0.505084 1.27231 -1.90846e-19)
(0.436513 1.37819 -9.11973e-19)
(0.615507 2.64409 -1.24454e-18)
(0.78514 3.54898 -2.9229e-20)
(0.777593 3.60731 2.33409e-19)
(0.725436 3.49945 -1.86331e-19)
(0.484669 2.48365 -5.67222e-21)
(0.00750906 0.11334 -9.67598e-20)
(-0.111916 -0.179954 -2.28081e-19)
(-0.0759387 -0.116848 2.73458e-19)
(0.502304 0.726109 -4.10384e-20)
(0.729125 1.05631 6.14701e-20)
(0.952393 1.39783 -8.28027e-20)
(0.986739 1.47773 1.7811e-19)
(0.9536 1.47044 1.51478e-20)
(0.901827 1.44176 0)
(0.84277 1.41089 0)
(0.77545 1.37995 1.63212e-18)
(0.697947 1.35086 4.58641e-19)
(0.606593 1.32618 1.62635e-19)
(0.502373 1.31273 1.36553e-18)
(0.467741 1.51612 8.02455e-19)
(0.706817 3.01785 -2.09091e-19)
(0.837705 3.57952 -5.65386e-19)
(0.810263 3.58677 1.68661e-19)
(0.700159 3.22977 -3.27647e-19)
(0.240593 1.11687 0)
(-0.0933249 -0.131138 5.71989e-19)
(-0.104182 -0.183624 -5.52762e-19)
(-0.059922 -0.0975837 0)
(0.485937 0.739844 -9.39688e-20)
(0.708365 1.07825 6.55563e-20)
(0.928182 1.43011 1.3219e-19)
(0.962928 1.51175 8.51933e-20)
(0.931423 1.50411 3.56333e-19)
(0.881685 1.47489 -3.69657e-19)
(0.825016 1.44367 2.82057e-19)
(0.760491 1.41277 0)
(0.686328 1.38451 0)
(0.599146 1.36193 1.17166e-18)
(0.502198 1.35636 -1.24001e-18)
(0.512124 1.69189 -1.76274e-19)
(0.789621 3.27876 8.88215e-19)
(0.879223 3.58767 0)
(0.82931 3.52231 -5.92091e-19)
(0.596607 2.6616 1.39286e-19)
(0.033098 0.135675 4.48955e-19)
(-0.12544 -0.196975 0)
(-0.103009 -0.176545 4.21494e-19)
(-0.0507883 -0.084231 0)
(0.466008 0.751048 3.29498e-20)
(0.683998 1.09855 0)
(0.901122 1.46222 -8.31462e-20)
(0.936522 1.54645 -6.89654e-20)
(0.907068 1.5385 6.76448e-20)
(0.859758 1.50874 1.10664e-20)
(0.805925 1.47714 7.74766e-20)
(0.744717 1.44624 -6.24031e-19)
(0.674528 1.41873 1.96834e-20)
(0.592335 1.39822 0)
(0.50504 1.40397 0)
(0.567987 1.90058 2.45353e-21)
(0.861469 3.42797 -4.83201e-19)
(0.917255 3.58577 0)
(0.826136 3.38078 2.52342e-19)
(0.411027 1.78678 -1.23988e-19)
(-0.105824 -0.0870744 -7.1074e-20)
(-0.125725 -0.226744 -3.35654e-19)
(-0.0864639 -0.174547 -3.47346e-19)
(-0.0356494 -0.0673844 0)
(0.442202 0.758485 4.84848e-21)
(0.655389 1.11588 -1.46391e-20)
(0.870805 1.49332 -3.50455e-20)
(0.907248 1.58141 -4.46652e-21)
(0.880311 1.57325 1.26741e-19)
(0.835867 1.54294 0)
(0.785359 1.51094 1.33069e-19)
(0.728042 1.47998 -1.44167e-19)
(0.662535 1.45311 3.90253e-19)
(0.586215 1.43454 0)
(0.511363 1.45627 8.26633e-19)
(0.633154 2.12637 -9.03068e-19)
(0.925036 3.50955 4.68021e-19)
(0.949927 3.57154 0)
(0.789639 3.13427 2.05646e-19)
(0.172507 0.671378 -1.09632e-19)
(-0.0816789 -0.209743 -6.37764e-20)
(-0.0717106 -0.278024 -2.25877e-19)
(-0.0255856 -0.1683 -7.36087e-19)
(0.00152956 -0.0315447 0)
(0.413858 0.75938 -1.44939e-20)
(0.621728 1.12814 2.93419e-21)
(0.836597 1.52261 -3.01489e-20)
(0.87477 1.61578 -3.26096e-20)
(0.850931 1.60786 -1.02643e-19)
(0.809795 1.57702 -1.11678e-19)
(0.763172 1.54458 1.13267e-19)
(0.710367 1.51347 3.58402e-19)
(0.650287 1.48707 -1.15053e-19)
(0.580805 1.47032 9.58833e-20)
(0.521352 1.51267 9.80103e-20)
(0.705204 2.36038 6.44307e-19)
(0.981631 3.54818 -5.93695e-19)
(0.972969 3.54093 -1.64901e-19)
(0.715222 2.77683 0)
(-0.0207579 0.0979281 1.76752e-19)
(-0.151772 -0.365698 0)
(-0.0775599 -0.341838 2.56172e-19)
(0.0501024 -0.0949672 -3.08744e-19)
(0.077104 0.0938394 3.21068e-19)
(0.380746 0.75213 1.25012e-20)
(0.582728 1.13279 -8.60256e-21)
(0.797717 1.54839 -1.91798e-21)
(0.838959 1.64909 1.00116e-20)
(0.818601 1.64162 -1.55864e-19)
(0.781362 1.61037 9.84981e-20)
(0.73918 1.57748 1.04933e-19)
(0.691542 1.54608 2.00345e-19)
(0.637674 1.51992 3.75948e-19)
(0.576053 1.50479 -4.3064e-19)
(0.53432 1.57136 0)
(0.780426 2.58678 0)
(1.03446 3.56194 1.48373e-19)
(0.997081 3.49089 8.62975e-20)
(0.6071 2.35064 -1.35371e-19)
(-0.121639 -0.092076 -2.68304e-19)
(-0.212446 -0.506306 -1.42297e-19)
(-0.103438 -0.400569 4.94429e-20)
(0.0879787 0.0220168 -3.01065e-20)
(0.135425 0.242608 0)
(0.342522 0.734325 -1.23719e-19)
(0.537387 1.12678 5.04855e-20)
(0.754058 1.56838 -2.14973e-21)
(0.799215 1.68016 4.15209e-20)
(0.783182 1.67376 1.20898e-19)
(0.750355 1.64224 7.59245e-20)
(0.713202 1.60889 0)
(0.671372 1.57707 1.79331e-19)
(0.62449 1.55078 -3.37257e-19)
(0.571736 1.53694 -1.49829e-19)
(0.548346 1.62898 -5.81846e-19)
(0.851053 2.76898 -1.34108e-20)
(1.08352 3.55635 -8.66024e-21)
(1.03334 3.41241 -3.68591e-20)
(0.508184 1.9226 2.50704e-20)
(-0.193009 -0.36863 0)
(-0.135541 -0.70603 3.27701e-20)
(-0.0144662 -0.447689 2.03031e-19)
(0.158798 0.124681 1.94297e-20)
(0.194786 0.386444 0)
(0.299408 0.703192 1.87053e-20)
(0.486388 1.10563 0)
(0.704936 1.57997 2.83916e-20)
(0.755589 1.7072 -2.74047e-20)
(0.744561 1.70335 8.15357e-20)
(0.716586 1.67181 -8.07585e-20)
(0.685012 1.63801 -1.42942e-19)
(0.6496 1.60561 -6.78577e-20)
(0.610406 1.57875 -1.36687e-19)
(0.56751 1.56534 0)
(0.561182 1.68028 0)
(0.910733 2.8929 -2.80912e-19)
(1.12412 3.54437 1.06458e-19)
(1.07965 3.29408 0)
(0.576902 1.62362 5.00387e-20)
(-0.11348 -0.850666 -1.96887e-20)
(-0.0635896 -0.837551 1.28333e-20)
(0.0811652 -0.233752 -8.0188e-20)
(0.188166 0.452117 -1.47205e-21)
(0.185818 0.522511 -7.93927e-21)
(0.251916 0.655488 7.38133e-20)
(0.429919 1.06487 -7.83508e-20)
(0.650021 1.57928 1.18744e-20)
(0.70827 1.72848 -5.45751e-21)
(0.702683 1.72922 -3.76704e-20)
(0.679907 1.69811 -1.11493e-19)
(0.654394 1.66395 0)
(0.6259 1.63075 1.26294e-19)
(0.594967 1.60297 -2.49777e-19)
(0.562959 1.58842 1.07452e-19)
(0.570469 1.71955 2.14835e-19)
(0.953082 2.95591 -1.13214e-19)
(1.14091 3.53186 -1.7649e-19)
(1.04825 3.18577 0)
(0.550834 1.335 0)
(-0.166315 -0.614204 1.16148e-19)
(-0.277371 -0.530832 0)
(0.0482079 0.21284 0)
(0.135938 0.52455 5.73948e-21)
(0.119315 0.369135 9.57042e-20)
(0.20438 0.586944 -1.45459e-19)
(0.364562 1.00039 1.24014e-19)
(0.588857 1.5608 -5.15413e-20)
(0.657407 1.74175 9.82106e-24)
(0.657481 1.75024 3.57915e-20)
(0.640311 1.72021 0)
(0.621071 1.68573 0)
(0.599748 1.65149 1.14128e-19)
(0.577713 1.6222 5.01677e-20)
(0.557354 1.60575 -9.19899e-20)
(0.577153 1.73708 -1.62925e-19)
(0.980408 2.95651 6.96973e-20)
(1.14407 3.54684 7.43254e-20)
(0.902331 3.21299 7.18627e-20)
(0.18558 1.1329 -1.39275e-19)
(-0.80139 0.0172454 -1.41515e-19)
(-1.06696 -0.514871 9.06905e-20)
(-0.704614 -0.373243 0)
(-0.010679 0.326052 -7.73289e-20)
(0.176912 0.464731 -1.13038e-19)
(0.152818 0.503388 -5.65012e-20)
(0.292861 0.906357 5.69102e-20)
(0.518185 1.51926 0)
(0.601914 1.74355 -1.15248e-20)
(0.608792 1.76481 -1.18661e-20)
(0.597733 1.73734 -3.4622e-20)
(0.584637 1.70253 3.28457e-21)
(0.570547 1.66684 1.01334e-19)
(0.557791 1.63493 -4.58952e-20)
(0.549623 1.61581 0)
(0.579168 1.72535 -3.23403e-19)
(0.995238 2.89276 -5.92213e-20)
(1.21795 3.59446 -2.31714e-20)
(1.00625 3.43486 0)
(0.35271 1.83179 0)
(-0.456327 0.65638 1.01756e-19)
(-1.02745 -0.572425 7.31278e-19)
(-1.29266 -1.2846 0)
(-1.07253 -1.48537 9.5501e-19)
(-0.338589 -0.56223 -1.79551e-18)
(0.102969 0.399912 3.68058e-21)
(0.219053 0.778665 -6.76146e-21)
(0.440488 1.44254 -1.73953e-20)
(0.54094 1.72937 1.02152e-21)
(0.556989 1.77144 -2.03882e-20)
(0.552107 1.74915 -3.09335e-22)
(0.544571 1.71384 -4.789e-20)
(0.537252 1.67603 0)
(0.533175 1.64014 -8.9885e-20)
(0.538832 1.61324 7.69319e-20)
(0.58196 1.68943 -1.5099e-19)
(1.01755 2.69139 -2.43293e-20)
(1.43319 3.56916 3.65777e-20)
(1.49894 3.57701 3.64066e-19)
(1.06612 2.39572 8.06819e-19)
(0.429213 1.09395 2.00988e-19)
(-0.00436644 -0.210106 -8.89549e-19)
(-0.353678 -1.26538 1.2248e-19)
(-0.595057 -2.0503 2.08496e-18)
(-0.569686 -2.09694 9.21992e-20)
(0.0601903 0.281813 -1.79549e-21)
(0.146518 0.61158 1.26585e-21)
(0.356308 1.31907 -9.9372e-23)
(0.473933 1.69155 0)
(0.502286 1.76974 0)
(0.503298 1.75625 -1.82599e-20)
(0.500098 1.71954 3.93307e-20)
(0.498223 1.67881 9.12062e-20)
(0.500851 1.63763 -8.53594e-20)
(0.517859 1.59651 -3.79242e-20)
(0.574776 1.62384 2.23683e-21)
(0.952424 2.25821 6.28044e-21)
(1.54504 3.32048 4.18927e-20)
(1.80756 3.35885 -7.38943e-20)
(1.81043 2.88331 -1.42894e-20)
(1.38873 1.70267 3.15343e-19)
(0.895205 0.471894 4.09554e-19)
(0.43082 -0.597971 0)
(0.07104 -1.47886 4.71831e-20)
(-0.213504 -1.99307 9.51578e-21)
(0.0283809 0.161772 -5.11036e-21)
(0.0832602 0.413106 0)
(0.268681 1.13955 4.02361e-21)
(0.400386 1.61851 0)
(0.443427 1.75784 2.54279e-20)
(0.450453 1.75867 1.69902e-20)
(0.449909 1.72072 -2.09425e-20)
(0.451164 1.67608 -4.66604e-20)
(0.458649 1.62661 4.08608e-20)
(0.476416 1.57259 7.86263e-20)
(0.53906 1.5379 -8.77446e-20)
(0.742683 1.77715 0)
(1.38917 2.84743 0)
(1.66737 3.07843 -3.528e-20)
(1.72293 2.82301 -1.52349e-19)
(1.54875 2.1455 -4.43033e-20)
(1.19488 1.27886 4.77117e-22)
(0.783067 0.432629 -1.13124e-18)
(0.396766 -0.271738 5.02203e-20)
(0.0661861 -0.827524 3.37345e-18)
(0.0108448 0.0599302 -9.45646e-21)
(0.0391038 0.217897 -2.5842e-21)
(0.175994 0.879549 -8.88338e-22)
(0.32283 1.50115 -1.8274e-21)
(0.380549 1.73257 0)
(0.392084 1.75468 4.94422e-21)
(0.392979 1.71893 -5.06175e-21)
(0.394089 1.67042 4.76733e-22)
(0.401292 1.61238 0)
(0.414539 1.54371 9.95428e-21)
(0.454 1.45782 1.76752e-21)
(0.53045 1.5078 0)
(0.910418 2.2209 9.93074e-20)
(1.26239 2.8671 2.06917e-20)
(1.25982 2.8453 1.36866e-19)
(1.18444 2.59186 -5.0185e-20)
(0.96451 2.07147 0)
(0.68626 1.48801 -3.97893e-19)
(0.401244 0.927904 4.90991e-19)
(0.127459 0.430409 -1.60097e-20)
(0.000279408 -0.0261242 0)
(0.0161952 0.0658535 -4.80884e-34)
(0.0898017 0.554617 0)
(0.230618 1.29504 0)
(0.308196 1.67565 0)
(0.326268 1.74293 0)
(0.328331 1.71816 0)
(0.328761 1.66427 3.39828e-34)
(0.330663 1.60238 0)
(0.341348 1.522 1.46865e-33)
(0.346997 1.42632 0)
(0.382087 1.42486 0)
(0.445802 1.75079 0)
(0.801326 2.7123 0)
(0.8064 2.94745 0)
(0.728063 2.91738 0)
(0.600632 2.66584 0)
(0.423157 2.25853 0)
(0.238814 1.79876 0)
(0.0726913 1.30444 0)
(-0.000260767 -0.0340163 0)
(0.00742948 -0.0196358 0)
(0.042341 0.293264 0)
(0.140144 1.02385 0)
(0.226929 1.57453 0)
(0.253354 1.72363 0)
(0.258265 1.71646 0)
(0.260423 1.65998 0)
(0.263595 1.59688 0)
(0.273183 1.51959 0)
(0.268367 1.42237 0)
(0.274046 1.41016 0)
(0.282558 1.59895 0)
(0.482455 2.56167 0)
(0.53874 3.02025 0)
(0.475638 3.09519 0)
(0.393463 2.99094 0)
(0.271627 2.67806 0)
(0.145174 2.27863 0)
(0.0295551 1.74798 0)
(0.000318089 -0.0411104 0)
(0.0134402 -0.0801932 0)
(0.0365975 0.161183 0)
(0.0816364 0.810221 0)
(0.151538 1.46791 0)
(0.177316 1.69713 0)
(0.185536 1.70734 0)
(0.190936 1.65494 0)
(0.199157 1.59211 0)
(0.206968 1.51928 0)
(0.197924 1.42848 0)
(0.184258 1.41374 0)
(0.181322 1.55059 0)
(0.280338 2.41972 0)
(0.331096 3.0632 0)
(0.294543 3.22728 0)
(0.238633 3.20044 0)
(0.152997 2.95743 0)
(0.0691488 2.60014 0)
(0.000714465 1.98293 0)
(0.00233931 -0.074554 0)
(0.0217982 -0.159654 0)
(0.0340725 0.111445 0)
(0.0382545 0.71355 0)
(0.0733895 1.39165 0)
(0.0957097 1.66848 0)
(0.110263 1.6913 0)
(0.122974 1.64398 0)
(0.137262 1.58425 0)
(0.146039 1.51904 0)
(0.139338 1.44096 0)
(0.120055 1.42815 0)
(0.115807 1.54506 0)
(0.147395 2.29087 0)
(0.194985 3.06905 0)
(0.169126 3.30606 0)
(0.129474 3.32649 0)
(0.0748048 3.13642 0)
(0.0210391 2.80634 0)
(-0.0171839 2.06048 0)
(0.00297684 -0.125053 0)
(0.0114156 -0.205165 0)
(0.000841632 0.130466 0)
(-0.0202491 0.722341 0)
(-0.015587 1.35487 0)
(0.00774283 1.63408 0)
(0.0347278 1.66468 0)
(0.0593874 1.62389 0)
(0.0812597 1.5712 0)
(0.0944916 1.51622 0)
(0.0926058 1.45283 0)
(0.0761696 1.44317 0)
(0.0665399 1.55431 0)
(0.0662324 2.20225 0)
(0.104182 3.06092 0)
(0.0897752 3.35176 0)
(0.0596617 3.40355 0)
(0.0258126 3.24939 0)
(-0.00885079 2.92826 0)
(-0.0217415 2.03117 0)
(0.000311997 -0.140908 0)
(-0.0166038 -0.153005 0)
(-0.0526719 0.217416 0)
(-0.0882752 0.780766 0)
(-0.0940556 1.33262 0)
(-0.0672716 1.579 0)
(-0.0290044 1.61987 0)
(0.00605299 1.59137 0)
(0.0349742 1.55143 0)
(0.0531078 1.50896 0)
(0.0568325 1.45888 0)
(0.0463944 1.45707 0)
(0.0354112 1.5727 0)
(0.0213066 2.15423 0)
(0.0473954 3.05539 0)
(0.0394709 3.38647 0)
(0.0172387 3.45903 0)
(-0.00618047 3.32314 0)
(-0.0264795 2.9924 0)
(-0.0208447 1.93593 0)
(-0.00284368 -0.0989293 0)
(-0.0345323 -0.019886 0)
(-0.083924 0.34466 0)
(-0.124696 0.847992 0)
(-0.13226 1.30491 0)
(-0.104927 1.51082 0)
(-0.0658628 1.56228 0)
(-0.0286265 1.55052 0)
(0.00230446 1.52645 0)
(0.023319 1.49791 0)
(0.030627 1.46205 0)
(0.0273157 1.46735 0)
(0.0213692 1.58982 0)
(0.00343765 2.1355 0)
(0.0138927 3.05565 0)
(0.00542406 3.4152 0)
(-0.0121176 3.50134 0)
(-0.0280325 3.37173 0)
(-0.0406839 3.01579 0)
(-0.0197611 1.80602 0)
(-0.00324284 -0.0310212 0)
(-0.0347453 0.136018 0)
(-0.0815544 0.476595 0)
(-0.118438 0.909438 0)
(-0.126927 1.28217 0)
(-0.105764 1.45463 0)
(-0.0754462 1.51025 0)
(-0.0435726 1.51136 0)
(-0.016708 1.50105 0)
(0.00249707 1.48526 0)
(0.0130025 1.46082 0)
(0.0166897 1.4702 0)
(0.0160279 1.59909 0)
(-0.000396637 2.13779 0)
(-0.00715387 3.06401 0)
(-0.019688 3.44286 0)
(-0.0354083 3.53463 0)
(-0.0469433 3.4018 0)
(-0.0494311 3.00036 0)
(-0.0181118 1.65843 0)
(-0.00233273 0.027778 0)
(-0.0256129 0.269007 0)
(-0.0621709 0.589754 0)
(-0.090919 0.961469 0)
(-0.0990201 1.27192 0)
(-0.0874483 1.41915 0)
(-0.0681737 1.47273 0)
(-0.045739 1.48071 0)
(-0.0250663 1.47962 0)
(-0.00812284 1.47264 0)
(0.00375679 1.45603 0)
(0.0104261 1.46804 0)
(0.0155246 1.60195 0)
(-0.00187076 2.16372 0)
(-0.0238802 3.08644 0)
(-0.0412238 3.4709 0)
(-0.0553783 3.55935 0)
(-0.0623053 3.41485 0)
(-0.0560525 2.94656 0)
(-0.0161194 1.50617 0)
(-0.00133049 0.0662415 0)
(-0.0163731 0.364267 0)
(-0.0424046 0.676295 0)
(-0.0637381 1.00204 0)
(-0.0703501 1.27026 0)
(-0.0651074 1.40058 0)
(-0.0545679 1.44949 0)
(-0.0403919 1.46003 0)
(-0.0269166 1.46411 0)
(-0.0156373 1.46147 0)
(-0.00547973 1.45193 0)
(0.00272023 1.45895 0)
(0.0167139 1.59669 0)
(-0.00579928 2.21422 0)
(-0.0439447 3.1233 0)
(-0.0637409 3.50104 0)
(-0.0735269 3.57716 0)
(-0.0752527 3.41086 0)
(-0.0594405 2.8582 0)
(-0.0142567 1.35864 0)
(-0.000741015 0.0889774 0)
(-0.0104231 0.428269 0)
(-0.0288207 0.739816 0)
(-0.045068 1.03124 0)
(-0.0490609 1.27169 0)
(-0.0468055 1.39219 0)
(-0.0414095 1.43638 0)
(-0.0331053 1.44818 0)
(-0.0247424 1.45355 0)
(-0.0185974 1.45484 0)
(-0.0141871 1.4488 0)
(-0.00778785 1.44687 0)
(0.00714447 1.59225 0)
(-0.0235078 2.28234 0)
(-0.070058 3.16686 0)
(-0.088646 3.52719 0)
(-0.0925594 3.58365 0)
(-0.0863696 3.38582 0)
(-0.0608268 2.73913 0)
(-0.013053 1.22061 0)
(-0.000493823 0.103238 0)
(-0.00728595 0.472512 0)
(-0.0208125 0.787887 0)
(-0.0344107 1.05358 0)
(-0.0366308 1.27 0)
(-0.033101 1.38731 0)
(-0.0290015 1.42915 0)
(-0.0248621 1.44123 0)
(-0.0206407 1.44828 0)
(-0.0180278 1.45256 0)
(-0.0181736 1.44795 0)
(-0.0237938 1.44088 0)
(-0.0220853 1.59562 0)
(-0.0560035 2.35942 0)
(-0.100769 3.2063 0)
(-0.111891 3.53854 0)
(-0.10782 3.573 0)
(-0.092898 3.33652 0)
(-0.0584634 2.59693 0)
(-0.0116575 1.09363 0)
(-0.000433372 0.113841 0)
(-0.00564565 0.504889 0)
(-0.0157515 0.825905 0)
(-0.0278225 1.07486 0)
(-0.0311543 1.2646 0)
(-0.0252841 1.3792 0)
(-0.0191405 1.42341 0)
(-0.0160013 1.43652 0)
(-0.0148343 1.44734 0)
(-0.0161057 1.45329 0)
(-0.023646 1.45542 0)
(-0.046962 1.4517 0)
(-0.06328 1.61045 0)
(-0.0966733 2.4259 0)
(-0.129399 3.23186 0)
(-0.127304 3.53155 0)
(-0.113967 3.54545 0)
(-0.0917333 3.26715 0)
(-0.0525048 2.44785 0)
(-0.00975201 0.980803 0)
(-0.000441314 0.123022 0)
(-0.00451232 0.528758 0)
(-0.0115111 0.855112 0)
(-0.0213307 1.0974 0)
(-0.0270278 1.2619 0)
(-0.0220502 1.36671 0)
(-0.0135444 1.41493 0)
(-0.00791287 1.43303 0)
(-0.00733608 1.44717 0)
(-0.0130333 1.46048 0)
(-0.0324743 1.4724 0)
(-0.0700557 1.47902 0)
(-0.0986448 1.63484 0)
(-0.124213 2.46661 0)
(-0.140362 3.23622 0)
(-0.131563 3.50849 0)
(-0.113696 3.50223 0)
(-0.0878403 3.18139 0)
(-0.0482961 2.3012 0)
(-0.00804332 0.882151 0)
(-0.000450994 0.131332 0)
(-0.00341329 0.544858 0)
(-0.00724013 0.874026 0)
(-0.0131624 1.11707 0)
(-0.0185837 1.26498 0)
(-0.0156408 1.35411 0)
(-0.00578355 1.40236 0)
(0.00441338 1.42731 0)
(0.00844333 1.44661 0)
(-0.00165312 1.47457 0)
(-0.0295068 1.49862 0)
(-0.0783714 1.51717 0)
(-0.114253 1.65996 0)
(-0.131546 2.48025 0)
(-0.138407 3.23426 0)
(-0.127524 3.47841 0)
(-0.111063 3.45162 0)
(-0.0860636 3.09243 0)
(-0.0472992 2.15553 0)
(-0.00647171 0.793632 0)
(-0.000448764 0.138661 0)
(-0.00225343 0.553251 0)
(-0.00306167 0.881576 0)
(-0.00425618 1.12698 0)
(-0.00534156 1.26718 0)
(-0.000781479 1.3414 0)
(0.0117795 1.38464 0)
(0.0276021 1.4144 0)
(0.0378711 1.44333 0)
(0.0320066 1.49018 0)
(0.00173893 1.53296 0)
(-0.0588556 1.56687 0)
(-0.106432 1.68397 0)
(-0.125629 2.48179 0)
(-0.123404 3.23128 0)
(-0.118138 3.4563 0)
(-0.106884 3.4163 0)
(-0.0869259 3.01927 0)
(-0.0483807 2.00787 0)
(-0.00551556 0.708576 0)
(-0.000454411 0.144899 0)
(-0.00110218 0.554333 0)
(0.000942575 0.87862 0)
(0.0041922 1.12347 0)
(0.0097027 1.25885 0)
(0.0207513 1.32219 0)
(0.0394019 1.35928 0)
(0.0620616 1.39223 0)
(0.0807642 1.43511 0)
(0.0888598 1.50113 0)
(0.0598976 1.57491 0)
(-0.0109933 1.62787 0)
(-0.0741533 1.71141 0)
(-0.0975689 2.49149 0)
(-0.107375 3.24142 0)
(-0.114955 3.45332 0)
(-0.111422 3.38966 0)
(-0.096295 2.93999 0)
(-0.0506779 1.83519 0)
(-0.0061502 0.627158 0)
(-0.000413188 0.149793 0)
(0.000471111 0.547394 0)
(0.00523965 0.866104 0)
(0.0125111 1.1066 0)
(0.0250815 1.23438 0)
(0.0453963 1.28929 0)
(0.0735741 1.32222 0)
(0.106817 1.35877 0)
(0.139921 1.41459 0)
(0.161852 1.50492 0)
(0.140418 1.61844 0)
(0.0569415 1.70217 0)
(-0.0359919 1.76034 0)
(-0.077638 2.52701 0)
(-0.102284 3.27409 0)
(-0.121056 3.46318 0)
(-0.124495 3.37313 0)
(-0.104997 2.84628 0)
(-0.0435684 1.6476 0)
(-0.00424438 0.555931 0)
(-0.000337812 0.152295 0)
(0.00250132 0.531764 0)
(0.0100944 0.844549 0)
(0.0214395 1.07659 0)
(0.0412574 1.19192 0)
(0.0720324 1.23831 0)
(0.112644 1.26825 0)
(0.161485 1.30871 0)
(0.216601 1.37392 0)
(0.253761 1.49856 0)
(0.240532 1.66624 0)
(0.128343 1.79927 0)
(0.00211139 1.84898 0)
(-0.0805644 2.59586 0)
(-0.126032 3.32727 0)
(-0.148674 3.47925 0)
(-0.148276 3.35242 0)
(-0.112151 2.71638 0)
(-0.0346374 1.453 0)
(-0.00273595 0.503073 0)
(-9.70385e-05 0.150859 0)
(0.00504097 0.506272 0)
(0.0154406 0.813736 0)
(0.030963 1.03289 0)
(0.0583544 1.13045 0)
(0.0999836 1.16638 0)
(0.155059 1.19203 0)
(0.222539 1.2332 0)
(0.300664 1.31302 0)
(0.365787 1.47559 0)
(0.340198 1.73321 0)
(0.183366 1.9321 0)
(0.0136018 1.98952 0)
(-0.115239 2.70438 0)
(-0.175991 3.38752 0)
(-0.198254 3.48928 0)
(-0.175456 3.29822 0)
(-0.112997 2.49163 0)
(-0.0136912 1.27046 0)
(0.00254444 0.483304 0)
(0.000291182 0.143486 0)
(0.00774319 0.471129 0)
(0.0202162 0.774371 0)
(0.0393579 0.975181 0)
(0.0738647 1.05006 0)
(0.125618 1.07252 0)
(0.194751 1.09064 0)
(0.281777 1.12736 0)
(0.37943 1.23078 0)
(0.47006 1.45231 0)
(0.40662 1.83204 0)
(0.206815 2.10059 0)
(-0.0022499 2.17364 0)
(-0.166835 2.84473 0)
(-0.256652 3.44279 0)
(-0.259681 3.47978 0)
(-0.225241 3.16653 0)
(-0.114944 2.17773 0)
(-0.004153 1.12055 0)
(0.0059957 0.497651 0)
(0.000785671 0.128905 0)
(0.00976711 0.429481 0)
(0.0224955 0.729383 0)
(0.0434113 0.905634 0)
(0.0822761 0.954728 0)
(0.140626 0.960505 0)
(0.219816 0.965703 0)
(0.322853 0.996086 0)
(0.445656 1.12527 0)
(0.511726 1.4553 0)
(0.423178 1.96625 0)
(0.179277 2.30488 0)
(-0.0520292 2.38594 0)
(-0.261983 3.04787 0)
(-0.354569 3.48394 0)
(-0.34207 3.4469 0)
(-0.268568 2.91761 0)
(-0.0812476 1.7511 0)
(-0.0151514 1.00612 0)
(0.00293037 0.500607 0)
(0.0012294 0.107943 0)
(0.00980577 0.388825 0)
(0.019788 0.685563 0)
(0.0392764 0.83208 0)
(0.0769945 0.854499 0)
(0.134517 0.841588 0)
(0.214953 0.827181 0)
(0.320869 0.85218 0)
(0.437352 1.02629 0)
(0.49137 1.47096 0)
(0.35506 2.13462 0)
(0.081943 2.5269 0)
(-0.158893 2.62655 0)
(-0.391355 3.29133 0)
(-0.462652 3.51516 0)
(-0.439646 3.35565 0)
(-0.284604 2.4974 0)
(-0.0865612 1.45864 0)
(-0.0299828 0.892015 0)
(-0.00251119 0.465534 0)
(0.00123983 0.0857073 0)
(0.00590941 0.362555 0)
(0.00844759 0.65567 0)
(0.0202831 0.769491 0)
(0.0476199 0.766953 0)
(0.0913894 0.733601 0)
(0.157075 0.695299 0)
(0.242606 0.718157 0)
(0.326758 0.946436 0)
(0.326752 1.52931 0)
(0.173213 2.31403 0)
(-0.0768026 2.746 0)
(-0.316678 2.87615 0)
(-0.539413 3.474 0)
(-0.568261 3.53532 0)
(-0.486058 3.10857 0)
(-0.173387 1.90995 0)
(-0.0774491 1.257 0)
(-0.0319568 0.770946 0)
(-0.00402371 0.405074 0)
(0.00068074 0.0710458 0)
(-0.0018026 0.363531 0)
(-0.0108653 0.654206 0)
(-0.0136132 0.737873 0)
(-0.00674275 0.715411 0)
(0.00989788 0.662432 0)
(0.0413563 0.601267 0)
(0.0833578 0.622463 0)
(0.116199 0.917948 0)
(0.0773402 1.58616 0)
(-0.0596751 2.47346 0)
(-0.27848 2.92488 0)
(-0.498242 3.12117 0)
(-0.676359 3.56744 0)
(-0.679504 3.45851 0)
(-0.394897 2.47708 0)
(-0.136999 1.61245 0)
(-0.0577701 1.11084 0)
(-0.0250465 0.669228 0)
(-0.00253492 0.349191 0)
(-0.0086532 0.27057 0)
(-0.0364147 0.648983 0)
(-0.0732092 0.817041 0)
(-0.121417 0.820111 0)
(-0.184566 0.776671 0)
(-0.267865 0.703743 0)
(-0.3631 0.648227 0)
(-0.416221 0.789241 0)
(-0.417596 1.29578 0)
(-0.427246 2.19551 0)
(-0.513084 2.99473 0)
(-0.651352 3.32493 0)
(-0.831891 3.66032 0)
(-0.789188 3.31006 0)
(-0.3638 1.93424 0)
(-0.173316 1.43924 0)
(-0.0633423 1.08309 0)
(-0.0196875 0.766991 0)
(-0.00867137 0.391409 0)
(-0.0050573 0.288812 0)
(-0.0976055 0.665434 -8.41876e-20)
(0.182012 3.18152 5.82641e-20)
(0.217157 3.62406 -3.90949e-19)
(0.19367 3.59613 -2.6076e-19)
(0.176231 3.52745 3.63927e-20)
(0.162583 3.48536 8.73646e-22)
(0.137247 3.45226 -2.53982e-20)
(0.127649 3.43857 -2.25117e-20)
(0.108115 3.34257 7.4078e-19)
(0.0742037 2.41038 8.27728e-19)
(-0.0348729 1.24845 0)
(0.0793724 3.17424 2.90998e-21)
(0.108238 3.55226 4.43184e-19)
(0.10972 3.53847 6.16674e-19)
(0.10624 3.49008 6.54757e-19)
(0.10005 3.45697 2.33534e-20)
(0.0918525 3.43594 7.82493e-19)
(0.0802522 3.42901 8.20715e-19)
(0.0616646 3.32171 8.05402e-19)
(0.027633 2.23409 -6.56477e-21)
(-0.0278395 1.07231 4.28544e-19)
(0.051181 3.08344 -4.86633e-19)
(0.0645349 3.50184 5.6942e-19)
(0.0676577 3.49826 0)
(0.0674603 3.46079 1.427e-18)
(0.0655209 3.43556 0)
(0.0621383 3.42196 -2.5732e-20)
(0.0579631 3.42279 8.57334e-19)
(0.0516089 3.33851 1.36258e-20)
(0.0300776 2.30668 9.01201e-19)
(-0.0187006 0.962676 -5.92482e-19)
(0.0231809 3.03341 -4.99609e-21)
(0.0339869 3.4664 -1.02419e-20)
(0.0388904 3.46634 0)
(0.0413811 3.43592 -2.38561e-20)
(0.0429656 3.41638 -8.03745e-19)
(0.04431 3.40788 8.67142e-19)
(0.0458587 3.4125 0)
(0.04558 3.34603 8.96299e-19)
(0.0304575 2.37373 3.60933e-21)
(-0.0136742 0.903359 -3.30209e-19)
(0.00326686 3.01939 -3.36655e-19)
(0.0134411 3.43977 3.24316e-19)
(0.0194995 3.43934 3.81391e-19)
(0.0244669 3.41344 3.84957e-19)
(0.028978 3.39758 4.18974e-19)
(0.0337518 3.39196 -4.35647e-19)
(0.0388672 3.39878 -4.71849e-19)
(0.0422451 3.34792 -4.38415e-19)
(0.0320847 2.43797 -4.81459e-19)
(-0.0106922 0.879028 -5.30184e-21)
(-0.00821239 3.02694 -5.95476e-21)
(0.00021813 3.4181 -4.2118e-19)
(0.00669815 3.41463 -4.02133e-19)
(0.0134051 3.39146 -4.29482e-19)
(0.0202231 3.37777 -4.45474e-19)
(0.0274695 3.3738 -4.61113e-19)
(0.0351517 3.38203 4.75737e-19)
(0.0411488 3.34534 -4.66969e-19)
(0.0354949 2.50231 -4.95353e-19)
(-0.00952151 0.875442 3.54555e-19)
(-0.0161818 3.04806 4.02457e-19)
(-0.010453 3.39877 -2.08106e-21)
(-0.00224972 3.39026 -4.21652e-19)
(0.00586176 3.3686 0)
(0.0145606 3.35609 5.127e-19)
(0.0239305 3.353 -6.93447e-20)
(0.0338471 3.36209 4.79861e-19)
(0.0425515 3.33812 0)
(0.0407413 2.56798 5.14218e-19)
(-0.0105575 0.890479 -6.21929e-21)
(-0.0238108 3.07731 1.74007e-20)
(-0.0194369 3.37894 8.61153e-19)
(-0.00954991 3.36448 0)
(0.000103357 3.3435 -2.39944e-22)
(0.0107099 3.33144 4.76095e-19)
(0.0222253 3.32875 -3.12119e-20)
(0.0344727 3.33826 5.18465e-19)
(0.0461853 3.32574 -5.34837e-19)
(0.0477516 2.63687 8.46685e-21)
(-0.0130477 0.925708 -4.10033e-19)
(-0.0331494 3.1098 2.0524e-20)
(-0.0287195 3.35599 -2.83697e-20)
(-0.0165953 3.33539 -4.6549e-19)
(-0.00491456 3.31449 -2.40226e-22)
(0.00792509 3.30254 3.17717e-20)
(0.0218502 3.30005 -3.28277e-20)
(0.03664 3.30973 -1.68702e-20)
(0.0516434 3.3074 1.73459e-20)
(0.0563663 2.70946 5.77863e-19)
(-0.0190271 0.995647 -4.43987e-19)
(-0.0452552 3.14065 -4.68508e-19)
(-0.0391728 3.327 -4.69877e-19)
(-0.0240643 3.3009 0)
(-0.00952476 3.28 5.09948e-19)
(0.00603433 3.26828 -5.77734e-19)
(0.0225894 3.26614 5.81068e-19)
(0.0400234 3.27599 0)
(0.0581259 3.28233 -5.61937e-19)
(0.0659465 2.78434 3.1578e-19)
(-0.0289597 1.11889 0)
(-0.0597952 3.16437 7.62901e-21)
(-0.050208 3.28962 7.03645e-21)
(-0.0314547 3.25979 2.61212e-19)
(-0.0135026 3.23972 -2.79691e-19)
(0.00498731 3.22878 -2.53577e-19)
(0.0241116 3.22717 -2.89948e-19)
(0.0440432 3.23713 0)
(0.0645488 3.25015 -3.15404e-19)
(0.0755155 2.85991 3.2181e-19)
(-0.0412377 1.31565 -7.83891e-21)
(-0.074141 3.17532 5.43096e-19)
(-0.0594273 3.24374 2.3193e-19)
(-0.0368664 3.21311 2.78736e-19)
(-0.0160978 3.19514 0)
(0.0043315 3.18555 6.06259e-19)
(0.025143 3.18451 6.64435e-19)
(0.0470105 3.19412 2.02068e-20)
(0.0693984 3.21154 0)
(0.0842736 2.93058 -1.06991e-20)
(-0.0518716 1.59194 -2.75674e-19)
(-0.0835311 3.17005 2.97634e-19)
(-0.0626114 3.1914 -1.80866e-20)
(-0.0386299 3.16319 3.07256e-19)
(-0.0169237 3.14742 6.63315e-19)
(0.00389229 3.13925 1.36459e-22)
(0.0249879 3.13924 -3.27391e-19)
(0.0471728 3.14899 0)
(0.070286 3.16896 3.41816e-20)
(0.0906471 2.99282 0)
(-0.0557778 1.93849 -9.10718e-21)
(-0.0841686 3.14827 -2.79154e-19)
(-0.0610478 3.13616 -2.15935e-19)
(-0.0390071 3.11023 0)
(-0.0173976 3.09588 8.30265e-20)
(0.00406767 3.08922 9.81165e-23)
(0.0256616 3.09073 -2.17967e-19)
(0.0466881 3.1017 -2.27462e-20)
(0.0672777 3.12415 2.33047e-20)
(0.09251 3.04053 0)
(-0.0576365 2.33616 -1.49136e-19)
(-0.0828042 3.10605 1.93592e-19)
(-0.0603459 3.07535 1.43058e-19)
(-0.0382157 3.05419 1.68623e-19)
(-0.0162682 3.04462 4.49773e-20)
(0.00430245 3.04088 9.12877e-20)
(0.0247287 3.04252 4.65694e-20)
(0.0453458 3.05141 1.66014e-19)
(0.0662574 3.07192 1.7017e-19)
(0.0936838 3.06014 1.07576e-20)
(-0.0539214 2.71455 7.26415e-20)
(-0.0775297 3.03444 -1.15877e-20)
(-0.0425647 3.01665 0)
(-0.0223832 3.00998 4.49069e-20)
(-0.00839435 3.0085 -1.35796e-19)
(0.00297014 3.00828 8.66867e-22)
(0.0144976 3.00801 -9.61229e-20)
(0.0277139 3.01101 2.39077e-20)
(0.0481157 3.01814 -2.6574e-20)
(0.0862056 3.0274 0)
(0.773651 -0.0450664 0)
(1.00743 -0.0768854 0)
(0.999199 -0.0411407 0)
(0.999917 -0.0220051 0)
(1.00005 -0.0116693 0)
(1.00003 -0.00662175 0)
(1 -0.00389311 0)
(0.999987 -0.00227332 0)
(0.999983 -0.00122318 0)
(0.999984 -0.000452553 0)
(1 0.000245483 0)
(0.999994 0.000938167 0)
(1.00001 0.0018018 0)
(1.00001 0.00306984 0)
(1.00003 0.0051362 0)
(1.00005 0.00876721 0)
(1.00001 0.0159029 0)
(0.999676 0.0305866 0)
(1.00215 0.0568403 0)
(0.984997 0.0884643 0)
(0.842511 -0.0556528 0)
(1.0942 -0.0728289 0)
(1.06565 -0.0595568 0)
(1.03462 -0.0453727 0)
(1.01745 -0.0319531 0)
(1.00886 -0.0210553 0)
(1.00473 -0.0132423 0)
(1.00272 -0.00780557 0)
(1.00175 -0.00381346 0)
(1.00137 -0.000453736 0)
(1.00149 0.00273493 0)
(1.00213 0.0062555 0)
(1.00352 0.0107963 0)
(1.00635 0.0172098 0)
(1.01225 0.026478 0)
(1.02449 0.0386935 0)
(1.04768 0.0525363 0)
(1.08703 0.0680682 0)
(1.04539 0.0743192 0)
(0.360794 0.0151877 0)
(0.630769 -0.0168157 0)
(0.943644 -0.0411321 0)
(1.10668 -0.0513594 0)
(1.08078 -0.0440167 0)
(1.051 -0.0365517 0)
(1.03077 -0.0294065 0)
(1.01806 -0.0219959 0)
(1.01071 -0.0149296 0)
(1.00675 -0.00873067 0)
(1.00483 -0.00329113 0)
(1.00445 0.00185026 0)
(1.00553 0.00706286 0)
(1.00832 0.0126953 0)
(1.01372 0.0192287 0)
(1.02345 0.0264496 0)
(1.03965 0.033621 0)
(1.06434 0.0406735 0)
(1.09953 0.0491206 0)
(1.07539 0.0506405 0)
(0.629994 0.0168856 0)
(0.516967 -0.00691888 0)
(0.830716 -0.0225095 0)
(1.09521 -0.0412449 0)
(1.09457 -0.039394 0)
(1.06407 -0.0332408 0)
(1.04324 -0.0273816 0)
(1.0288 -0.0217467 0)
(1.01896 -0.0159358 0)
(1.01281 -0.00988909 0)
(1.00955 -0.0037763 0)
(1.00883 0.00241666 0)
(1.0107 0.00852013 0)
(1.01522 0.0144116 0)
(1.02301 0.0201701 0)
(1.03493 0.0256589 0)
(1.0522 0.0311851 0)
(1.07747 0.0370409 0)
(1.10487 0.0420452 0)
(1.01746 0.0357992 0)
(0.515474 0.00700586 0)
(0.452794 -0.00423765 0)
(0.744661 -0.0140023 0)
(1.07123 -0.0330902 0)
(1.10207 -0.0346049 0)
(1.07316 -0.0304615 0)
(1.05136 -0.0257123 0)
(1.03654 -0.0206094 0)
(1.02615 -0.0153306 0)
(1.01906 -0.00973252 0)
(1.01493 -0.00364405 0)
(1.01395 0.00284087 0)
(1.01632 0.00908108 0)
(1.02171 0.01464 0)
(1.03019 0.0197699 0)
(1.04245 0.0247029 0)
(1.0603 0.0294275 0)
(1.08685 0.0337482 0)
(1.10274 0.0359503 0)
(0.95494 0.0260452 0)
(0.450409 0.00434514 0)
(0.409634 -0.00300258 0)
(0.680026 -0.00978543 0)
(1.04089 -0.0269436 0)
(1.10515 -0.0304614 0)
(1.08121 -0.0274371 0)
(1.05847 -0.0236034 0)
(1.04296 -0.0192768 0)
(1.03218 -0.0143932 0)
(1.02477 -0.00902976 0)
(1.02027 -0.0031376 0)
(1.01911 0.00320883 0)
(1.02163 0.00924159 0)
(1.02724 0.0144967 0)
(1.03596 0.019248 0)
(1.0487 0.023527 0)
(1.06735 0.0272726 0)
(1.09434 0.0307144 0)
(1.09414 0.0312517 0)
(0.896419 0.0198059 0)
(0.406146 0.00313221 0)
(0.37802 -0.00225486 0)
(0.630687 -0.00728353 0)
(1.00839 -0.0220665 0)
(1.10545 -0.0270501 0)
(1.0881 -0.0247964 0)
(1.0649 -0.0213849 0)
(1.04893 -0.0176036 0)
(1.03773 -0.0132089 0)
(1.03002 -0.00815029 0)
(1.0253 -0.00248267 0)
(1.024 0.00362287 0)
(1.02648 0.00937311 0)
(1.03219 0.0142793 0)
(1.04116 0.0185194 0)
(1.05427 0.0221601 0)
(1.0734 0.0253447 0)
(1.09913 0.0282221 0)
(1.08038 0.0274084 0)
(0.844717 0.0155425 0)
(0.373183 0.00241088 0)
(0.353953 -0.00172969 0)
(0.592283 -0.00558016 0)
(0.976386 -0.0180664 0)
(1.10337 -0.023961 0)
(1.09432 -0.022423 0)
(1.07072 -0.0191937 0)
(1.05441 -0.0157174 0)
(1.04294 -0.0117139 0)
(1.03494 -0.00704241 0)
(1.02998 -0.00168887 0)
(1.02851 0.00411823 0)
(1.03093 0.00951611 0)
(1.03671 0.0139605 0)
(1.04581 0.0176623 0)
(1.05911 0.0208341 0)
(1.07867 0.0236842 0)
(1.10147 0.0260289 0)
(1.06326 0.0240827 0)
(0.80004 0.0124862 0)
(0.347475 0.00191831 0)
(0.335311 -0.00133699 0)
(0.561989 -0.00432924 0)
(0.946381 -0.0147633 0)
(1.09914 -0.0211034 0)
(1.09962 -0.0201806 0)
(1.07614 -0.0171703 0)
(1.05947 -0.0138999 0)
(1.0478 -0.0101131 0)
(1.03959 -0.00573167 0)
(1.0344 -0.000721691 0)
(1.03272 0.00471276 0)
(1.03504 0.00968308 0)
(1.04078 0.01368 0)
(1.04991 0.0169737 0)
(1.06336 0.0197926 0)
(1.08331 0.0223322 0)
(1.10235 0.0241349 0)
(1.04408 0.0212162 0)
(0.761622 0.0102412 0)
(0.326837 0.00156598 0)
(0.320806 -0.00102618 0)
(0.537992 -0.00335222 0)
(0.919249 -0.011975 0)
(1.09332 -0.0183269 0)
(1.10402 -0.0178924 0)
(1.08128 -0.0151001 0)
(1.06429 -0.0120002 0)
(1.05243 -0.00839125 0)
(1.04405 -0.00425641 0)
(1.03862 0.000427029 0)
(1.03672 0.00545933 0)
(1.03886 0.00996677 0)
(1.04449 0.0135069 0)
(1.05357 0.0164006 0)
(1.06714 0.0188699 0)
(1.08731 0.0211079 0)
(1.10182 0.0224045 0)
(1.02388 0.0187199 0)
(0.728543 0.00854176 0)
(0.309904 0.00130467 0)
(0.309613 -0.000771823 0)
(0.519092 -0.00255366 0)
(0.895413 -0.00956439 0)
(1.08658 -0.0156207 0)
(1.10765 -0.0155505 0)
(1.08621 -0.0129397 0)
(1.06884 -0.00997244 0)
(1.05672 -0.00654387 0)
(1.04815 -0.00263011 0)
(1.04251 0.00177077 0)
(1.04034 0.0063908 0)
(1.04221 0.0104454 0)
(1.04764 0.0135549 0)
(1.05667 0.0160169 0)
(1.07041 0.0180907 0)
(1.09082 0.0200441 0)
(1.09988 0.0208115 0)
(1.00345 0.0165516 0)
(0.699932 0.00722627 0)
(0.295753 0.00111056 0)
(0.301204 -0.000550864 0)
(0.504517 -0.00186334 0)
(0.875091 -0.00740167 0)
(1.07945 -0.0129255 0)
(1.11069 -0.0131543 0)
(1.09095 -0.0107721 0)
(1.07319 -0.00790597 0)
(1.0608 -0.00456704 0)
(1.05198 -0.000798643 0)
(1.04606 0.00334591 0)
(1.04354 0.00756779 0)
(1.04509 0.0111634 0)
(1.0503 0.0138148 0)
(1.05926 0.0158468 0)
(1.07315 0.0175463 0)
(1.09354 0.0191752 0)
(1.09649 0.0193976 0)
(0.983298 0.0146754 0)
(0.675084 0.00619208 0)
(0.283731 0.000966105 0)
(0.295278 -0.000345055 0)
(0.493807 -0.00122846 0)
(0.858452 -0.00537238 0)
(1.07243 -0.0101291 0)
(1.11329 -0.0105284 0)
(1.09545 -0.00835105 0)
(1.07744 -0.00553772 0)
(1.06478 -0.00227843 0)
(1.05562 0.0013163 0)
(1.04929 0.00519043 0)
(1.04633 0.00907066 0)
(1.04752 0.0121801 0)
(1.05253 0.0143133 0)
(1.0614 0.0158819 0)
(1.07523 0.0171745 0)
(1.09518 0.0183325 0)
(1.09169 0.018021 0)
(0.963827 0.0129921 0)
(0.653468 0.00534643 0)
(0.273389 0.000854762 0)
(0.291685 -0.000146797 0)
(0.486741 -0.000626884 0)
(0.845684 -0.00343079 0)
(1.06617 -0.00725158 0)
(1.11573 -0.00763996 0)
(1.09987 -0.00557829 0)
(1.08163 -0.00286283 0)
(1.06869 0.000288019 0)
(1.05929 0.00376671 0)
(1.05262 0.00743074 0)
(1.04914 0.010918 0)
(1.04977 0.013525 0)
(1.05431 0.0151109 0)
(1.06294 0.0161437 0)
(1.07683 0.0169165 0)
(1.096 0.0175334 0)
(1.08577 0.0167139 0)
(0.945375 0.0115323 0)
(0.634669 0.00467134 0)
(0.264373 0.000774469 0)
(0.290396 5.25757e-05 0)
(0.483128 -2.85475e-05 0)
(0.836814 -0.00149213 0)
(1.06101 -0.00429337 0)
(1.11801 -0.00465785 0)
(1.10404 -0.00273931 0)
(1.08553 -5.21276e-05 0)
(1.07224 0.00309597 0)
(1.06242 0.00652889 0)
(1.05521 0.0100747 0)
(1.05108 0.0132638 0)
(1.05109 0.0154159 0)
(1.05522 0.0164685 0)
(1.06362 0.0169338 0)
(1.07749 0.0171735 0)
(1.09549 0.0172141 0)
(1.07875 0.0157525 0)
(0.927888 0.0103482 0)
(0.618202 0.00415453 0)
(0.256372 0.000721498 0)
(0.291285 0.000282506 0)
(0.483065 0.000563805 0)
(0.831887 0.000400968 0)
(1.05724 -0.00121433 0)
(1.12014 -0.00142691 0)
(1.10815 0.000385932 0)
(1.08962 0.00315017 0)
(1.07609 0.00642535 0)
(1.06589 0.00990752 0)
(1.05805 0.0133328 0)
(1.05311 0.0161819 0)
(1.05235 0.0177637 0)
(1.05581 0.0182276 0)
(1.06371 0.0181307 0)
(1.07727 0.0178064 0)
(1.09386 0.0173421 0)
(1.07046 0.0149883 0)
(0.911347 0.00944947 0)
(0.603639 0.00382178 0)
(0.249133 0.000686128 0)
(0.294485 0.000478524 0)
(0.486026 0.00116142 0)
(0.830991 0.00218735 0)
(1.05546 0.00177295 0)
(1.12248 0.0019993 0)
(1.11233 0.00393038 0)
(1.09383 0.00689364 0)
(1.07993 0.0103092 0)
(1.06915 0.0138524 0)
(1.06056 0.0172389 0)
(1.05463 0.0198477 0)
(1.05285 0.0209206 0)
(1.05558 0.0207294 0)
(1.06298 0.0199667 0)
(1.07625 0.0189913 0)
(1.09081 0.0179317 0)
(1.0612 0.0148927 0)
(0.895514 0.0092129 0)
(0.590083 0.00384161 0)
(0.242115 0.000710281 0)
(0.299741 0.000684309 0)
(0.492098 0.0016996 0)
(0.833562 0.00369927 0)
(1.05614 0.00465363 0)
(1.12548 0.00549101 0)
(1.11685 0.00777952 0)
(1.09828 0.0110651 0)
(1.08392 0.0147576 0)
(1.07247 0.0185479 0)
(1.06291 0.022021 0)
(1.05574 0.0243716 0)
(1.05281 0.0249192 0)
(1.05454 0.0241147 0)
(1.06125 0.0226816 0)
(1.07409 0.0210754 0)
(1.0867 0.0193508 0)
(1.05099 0.0156637 0)
(0.879784 0.0096922 0)
(0.576408 0.00421187 0)
(0.234645 0.000795275 0)
(0.307068 0.000906585 0)
(0.501021 0.00226925 0)
(0.839892 0.00534486 0)
(1.05925 0.00748659 0)
(1.12955 0.00903874 0)
(1.12205 0.0117703 0)
(1.10331 0.0155498 0)
(1.08846 0.0197817 0)
(1.07621 0.0240875 0)
(1.06544 0.0278358 0)
(1.05674 0.0300608 0)
(1.05234 0.0301156 0)
(1.05289 0.0286888 0)
(1.05871 0.0265625 0)
(1.071 0.0243012 0)
(1.08149 0.0218359 0)
(1.03962 0.0173471 0)
(0.863423 0.0108707 0)
(0.561508 0.0048809 0)
(0.22611 0.000931219 0)
(0.316759 0.00119315 0)
(0.51309 0.00298837 0)
(0.849887 0.00727416 0)
(1.06506 0.0107076 0)
(1.13475 0.0131703 0)
(1.12811 0.0165112 0)
(1.10918 0.0210325 0)
(1.09366 0.0260454 0)
(1.08025 0.0309674 0)
(1.06786 0.0350251 0)
(1.05727 0.0370985 0)
(1.05113 0.0365468 0)
(1.05033 0.0343512 0)
(1.05516 0.0314603 0)
(1.06674 0.0284694 0)
(1.07485 0.0251494 0)
(1.02674 0.0197986 0)
(0.845585 0.0126317 0)
(0.544433 0.00576267 0)
(0.216067 0.00110201 0)
(0.329443 0.00158435 0)
(0.528983 0.00395633 0)
(0.863974 0.00971985 0)
(1.07421 0.0146311 0)
(1.14186 0.018389 0)
(1.13554 0.0227783 0)
(1.11629 0.0283161 0)
(1.09978 0.0342187 0)
(1.08482 0.039739 0)
(1.07042 0.0439932 0)
(1.05751 0.0456973 0)
(1.04928 0.0442824 0)
(1.0469 0.0410806 0)
(1.05056 0.0373148 0)
(1.06131 0.033435 0)
(1.06672 0.029256 0)
(1.01223 0.0230623 0)
(0.825382 0.0148603 0)
(0.52447 0.00677893 0)
(0.204246 0.00129357 0)
(0.346135 0.00214408 0)
(0.549825 0.00531791 0)
(0.882821 0.0130217 0)
(1.0875 0.019602 0)
(1.15178 0.0248663 0)
(1.14501 0.0308114 0)
(1.12483 0.0376403 0)
(1.10677 0.0445666 0)
(1.08969 0.0507504 0)
(1.07274 0.0551077 0)
(1.05703 0.0562081 0)
(1.04635 0.053629 0)
(1.04229 0.0491591 0)
(1.04482 0.0442854 0)
(1.05452 0.039586 0)
(1.05704 0.034639 0)
(0.995432 0.0273669 0)
(0.801584 0.0175212 0)
(0.501069 0.00792953 0)
(0.190464 0.00150513 0)
(0.368236 0.00295986 0)
(0.577128 0.00728541 0)
(0.907444 0.0176071 0)
(1.10545 0.0260113 0)
(1.16519 0.0327864 0)
(1.15701 0.0405638 0)
(1.13513 0.0489838 0)
(1.11481 0.0571452 0)
(1.09498 0.0641633 0)
(1.07483 0.0686906 0)
(1.05579 0.069192 0)
(1.0423 0.0655108 0)
(1.03626 0.0597758 0)
(1.03764 0.053564 0)
(1.04652 0.0476552 0)
(1.04555 0.0417414 0)
(0.974876 0.0326815 0)
(0.773213 0.0205332 0)
(0.473816 0.00923878 0)
(0.17449 0.00173499 0)
(0.397831 0.00424149 0)
(0.613033 0.0103228 0)
(0.93953 0.0242333 0)
(1.12844 0.0348392 0)
(1.18223 0.0432249 0)
(1.17184 0.0529441 0)
(1.14741 0.0630199 0)
(1.12406 0.0725372 0)
(1.10076 0.0804239 0)
(1.07674 0.0851559 0)
(1.05391 0.0851276 0)
(1.03727 0.080477 0)
(1.02891 0.0736026 0)
(1.02871 0.0661233 0)
(1.03622 0.0587634 0)
(1.03039 0.0506858 0)
(0.948762 0.0386989 0)
(0.739809 0.0239967 0)
(0.442265 0.0107633 0)
(0.156104 0.00198463 0)
(0.438212 0.00646628 0)
(0.660918 0.0153775 0)
(0.98212 0.0342474 0)
(1.15772 0.0479884 0)
(1.20307 0.0582654 0)
(1.18929 0.0700579 0)
(1.16155 0.0816193 0)
(1.1344 0.0922705 0)
(1.10683 0.100616 0)
(1.07837 0.105122 0)
(1.05132 0.104157 0)
(1.03124 0.0982056 0)
(1.02029 0.089975 0)
(1.01791 0.0809964 0)
(1.02239 0.0716267 0)
(1.00944 0.0604305 0)
(0.916606 0.0452344 0)
(0.701344 0.0280695 0)
(0.405936 0.0125083 0)
(0.135217 0.00223387 0)
(0.494533 0.0111896 0)
(0.726867 0.0247349 0)
(1.03998 0.0510331 0)
(1.19488 0.0692111 0)
(1.22809 0.0815996 0)
(1.20877 0.0953435 0)
(1.17695 0.107699 0)
(1.14513 0.118464 0)
(1.11256 0.126126 0)
(1.07916 0.12922 0)
(1.04755 0.126212 0)
(1.02383 0.118065 0)
(1.00994 0.107792 0)
(1.00453 0.0966795 0)
(1.00403 0.0847054 0)
(0.982372 0.0704887 0)
(0.879221 0.0526743 0)
(0.65754 0.0329493 0)
(0.364767 0.0145345 0)
(0.112323 0.00248057 0)
(0.57537 0.0259337 1.9825e-22)
(0.818882 0.0462702 -2.61818e-19)
(1.11309 0.081836 -1.18754e-20)
(1.23748 0.103699 -2.10796e-20)
(1.25545 0.118752 0)
(1.22848 0.132456 -3.01709e-20)
(1.19188 0.143923 2.42148e-20)
(1.15478 0.153103 -2.00161e-22)
(1.11677 0.158607 0)
(1.078 0.158958 0)
(1.04139 0.152733 5.06303e-20)
(1.0135 0.141461 0)
(0.995841 0.12845 1.37737e-19)
(0.986049 0.114683 1.81378e-19)
(0.978895 0.100296 0)
(0.948942 0.0843862 0)
(0.833871 0.0644818 0)
(0.603578 0.0407512 -9.69008e-21)
(0.316835 0.0181184 -1.14178e-20)
(0.089184 0.00383095 -2.07007e-19)
(0.636439 0.0555109 -1.57672e-20)
(0.892563 0.084254 -2.72325e-19)
(1.17418 0.128386 -5.06758e-20)
(1.27372 0.151939 0)
(1.27964 0.168097 7.25918e-20)
(1.24583 0.179994 2.4524e-19)
(1.20438 0.189687 5.1753e-20)
(1.16192 0.196695 8.35872e-20)
(1.11823 0.199672 1.37419e-19)
(1.0735 0.196889 0)
(1.03082 0.186909 -4.40545e-19)
(0.997299 0.171858 -1.28998e-19)
(0.974056 0.155566 -7.5801e-20)
(0.957945 0.139 0)
(0.94249 0.122433 -4.12622e-19)
(0.902909 0.105018 -3.0344e-20)
(0.779659 0.0825603 -5.72584e-19)
(0.545899 0.0533933 -1.34858e-18)
(0.273132 0.0248686 8.3984e-19)
(0.0707784 0.00615256 9.16255e-19)
(0.656104 0.0934601 -2.53404e-19)
(0.93097 0.133182 2.99721e-19)
(1.21436 0.187301 5.1054e-20)
(1.30103 0.211852 0)
(1.29829 0.226368 0)
(1.25915 0.235046 2.57752e-19)
(1.21315 0.241434 -1.07484e-19)
(1.16554 0.245053 1.80421e-19)
(1.11636 0.244421 -1.49293e-19)
(1.06582 0.23767 2.39604e-19)
(1.01722 0.223489 0)
(0.97822 0.204642 -2.74886e-19)
(0.94991 0.185489 0)
(0.928694 0.167135 -1.90562e-19)
(0.908173 0.149707 5.60316e-19)
(0.865361 0.131496 -6.38645e-20)
(0.744521 0.105773 -7.72732e-20)
(0.520898 0.0703777 0)
(0.266268 0.035239 9.12276e-19)
(0.0728384 0.00973118 -1.0148e-18)
(0.655551 0.129527 -5.07245e-19)
(0.945105 0.184001 4.89147e-19)
(1.2379 0.250516 4.2668e-19)
(1.31868 0.276867 0)
(1.31009 0.289111 3.15635e-19)
(1.26714 0.294211 -2.65291e-19)
(1.21747 0.296712 -2.21152e-19)
(1.16544 0.296337 3.24684e-21)
(1.11134 0.291553 -6.27885e-19)
(1.0555 0.280456 0)
(1.00148 0.261978 2.78922e-21)
(0.957526 0.239651 -1.03375e-21)
(0.925049 0.218154 1.74786e-19)
(0.900183 0.198479 2.05636e-19)
(0.876782 0.180292 3.628e-19)
(0.833818 0.161168 -1.43885e-19)
(0.721568 0.132656 -8.38023e-20)
(0.514626 0.0925504 6.91324e-19)
(0.275967 0.0495394 -5.79399e-20)
(0.0829208 0.0153687 1.03219e-18)
(0.647522 0.162194 5.86592e-19)
(0.946321 0.233199 -5.98485e-20)
(1.24989 0.314207 -5.42308e-19)
(1.32831 0.343127 -4.62905e-19)
(1.31557 0.353093 -3.17347e-19)
(1.2698 0.354698 -4.08187e-19)
(1.21725 0.353313 0)
(1.16162 0.348867 0)
(1.10334 0.339827 -3.38578e-19)
(1.04289 0.324362 0)
(0.98413 0.30167 -5.46573e-19)
(0.935977 0.276073 3.2359e-19)
(0.900231 0.252514 2.77263e-21)
(0.872711 0.231632 2.24918e-19)
(0.847548 0.212838 -1.05089e-18)
(0.805681 0.192768 -6.19211e-19)
(0.703483 0.162369 -8.21149e-19)
(0.514444 0.117207 1.71761e-18)
(0.289147 0.0663417 2.02297e-18)
(0.0942457 0.0223826 -7.41321e-20)
(0.637096 0.191966 0)
(0.940788 0.279381 0)
(1.25407 0.376649 0)
(1.33178 0.408639 3.92482e-19)
(1.31588 0.4165 3.4081e-19)
(1.26792 0.414796 5.84975e-19)
(1.21304 0.409726 -2.48919e-19)
(1.15445 0.401376 6.29703e-19)
(1.09265 0.388238 7.15161e-19)
(1.02829 0.368546 0)
(0.965472 0.341789 -5.85496e-19)
(0.913847 0.313024 3.40213e-19)
(0.875585 0.287454 0)
(0.846148 0.265374 0)
(0.819927 0.245854 -2.84024e-19)
(0.779665 0.224861 5.04356e-19)
(0.68672 0.192878 0)
(0.51342 0.142927 -1.85529e-18)
(0.299417 0.0841423 2.19088e-18)
(0.103422 0.029848 -2.57357e-18)
(0.626835 0.219626 6.13757e-19)
(0.932155 0.322639 -2.63266e-21)
(1.25284 0.436838 4.59915e-19)
(1.33054 0.472287 -2.05315e-19)
(1.31217 0.478301 0)
(1.26246 0.473542 -3.01239e-19)
(1.20561 0.465054 2.65704e-19)
(1.14453 0.453053 8.92238e-19)
(1.07976 0.436063 -3.72427e-19)
(1.01202 0.412362 6.32337e-19)
(0.945743 0.381672 -3.09898e-19)
(0.891231 0.349777 -3.67364e-19)
(0.851008 0.322115 -4.40595e-19)
(0.820227 0.298717 -2.56591e-19)
(0.793436 0.278386 1.52627e-18)
(0.754772 0.256577 9.01038e-19)
(0.669175 0.223009 2.1532e-19)
(0.508959 0.168559 -1.0011e-18)
(0.303629 0.10154 -1.47085e-19)
(0.10867 0.0368723 2.77433e-18)
(0.617546 0.245645 2.36176e-19)
(0.922369 0.363333 0)
(1.24786 0.494335 -2.35623e-19)
(1.32575 0.533471 -2.084e-19)
(1.30538 0.537893 1.03673e-20)
(1.25422 0.530379 -3.23422e-19)
(1.19572 0.518772 -5.47743e-19)
(1.13252 0.503412 -4.70955e-19)
(1.06516 0.482841 -1.205e-18)
(0.994454 0.455364 -3.31499e-19)
(0.925134 0.420862 3.31922e-19)
(0.868179 0.385794 -7.96492e-19)
(0.826399 0.355907 1.12181e-21)
(0.794737 0.330981 -5.58715e-19)
(0.767771 0.309541 -3.30301e-19)
(0.730691 0.286803 3.8801e-19)
(0.650677 0.251195 6.86811e-19)
(0.500158 0.1922 0)
(0.301797 0.116515 -1.58202e-19)
(0.10939 0.0424464 -2.69505e-18)
(0.609616 0.270345 0)
(0.912564 0.401727 5.54434e-19)
(1.2406 0.548915 0)
(1.31836 0.591843 4.19817e-19)
(1.29629 0.594943 3.92874e-19)
(1.2439 0.584966 -3.26348e-21)
(1.18401 0.570556 -1.2308e-20)
(1.11897 0.552147 2.44503e-19)
(1.04933 0.528295 2.09031e-19)
(0.975952 0.497279 1.89915e-19)
(0.903857 0.459084 -6.50582e-22)
(0.844751 0.420773 -4.23203e-19)
(0.801697 0.38844 -5.02633e-19)
(0.769433 0.361728 5.95127e-19)
(0.742517 0.338925 -1.05835e-18)
(0.706773 0.31473 4.17298e-19)
(0.630964 0.276697 -9.8807e-19)
(0.487311 0.212701 2.32078e-18)
(0.294766 0.128387 -1.70257e-19)
(0.106956 0.0464114 -1.99764e-19)
(0.603255 0.294118 1.65708e-19)
(0.903325 0.438277 1.39733e-19)
(1.23202 0.600531 4.95136e-19)
(1.30914 0.647285 4.34531e-19)
(1.28551 0.649308 3.9015e-19)
(1.23208 0.63711 3.39984e-19)
(1.17099 0.620209 9.18773e-19)
(1.10435 0.599068 1.05693e-18)
(1.03267 0.572243 -2.34175e-19)
(0.956834 0.537952 -7.61656e-19)
(0.882136 0.496196 -7.70822e-19)
(0.821001 0.454574 -9.1674e-19)
(0.776829 0.419582 1.07923e-18)
(0.744111 0.390769 -6.45491e-19)
(0.717319 0.366305 3.82915e-19)
(0.682615 0.340281 -1.34583e-18)
(0.609805 0.299162 1.05964e-18)
(0.470889 0.229625 -1.24764e-18)
(0.283141 0.137134 1.82801e-19)
(0.101595 0.048495 5.6797e-23)
(0.598226 0.31714 -1.70228e-19)
(0.894879 0.473239 1.43655e-19)
(1.2227 0.649483 -5.18848e-19)
(1.2986 0.699879 -4.60755e-19)
(1.27356 0.700939 -8.15143e-19)
(1.21924 0.686744 3.77028e-19)
(1.15711 0.66763 0)
(1.08906 0.644061 5.69768e-19)
(1.01553 0.614578 -2.35144e-19)
(0.937386 0.577297 -6.10969e-19)
(0.860158 0.532145 0)
(0.79702 0.487167 4.97184e-19)
(0.75171 0.449313 -5.83507e-19)
(0.718553 0.418121 -2.07089e-18)
(0.69189 0.391664 -4.07694e-19)
(0.65796 0.363428 -4.73953e-21)
(0.58707 0.318653 0)
(0.451274 0.242796 -1.00809e-18)
(0.267979 0.142708 -1.96731e-19)
(0.0940745 0.0490911 -2.30668e-19)
(0.594436 0.339668 7.07212e-19)
(0.887297 0.506816 6.05006e-21)
(1.21311 0.695813 -2.68456e-19)
(1.2871 0.749627 -2.36938e-19)
(1.26084 0.749817 -4.31309e-19)
(1.20577 0.733848 3.72036e-19)
(1.14273 0.712781 3.45519e-19)
(1.07342 0.687077 3.01859e-19)
(0.998192 0.655241 -2.60738e-19)
(0.917846 0.615268 -2.2232e-19)
(0.838079 0.566934 -4.39799e-19)
(0.772818 0.518596 -1.05302e-18)
(0.726262 0.477695 1.8602e-21)
(0.692616 0.443857 0)
(0.66603 0.41509 -8.73891e-19)
(0.632532 0.384238 5.20761e-19)
(0.562543 0.33516 -2.75825e-18)
(0.428662 0.252331 0)
(0.249867 0.14507 1.69734e-18)
(0.0850874 0.0480957 0)
(0.591453 0.361613 2.22441e-21)
(0.880553 0.539004 6.57334e-21)
(1.20329 0.739736 2.81151e-19)
(1.27506 0.796583 0)
(1.2477 0.795982 6.66203e-19)
(1.19196 0.778441 -3.99455e-19)
(1.12814 0.755663 1.72635e-19)
(1.0577 0.728093 -1.54524e-18)
(0.980907 0.694206 2.68477e-19)
(0.898428 0.651858 0)
(0.81605 0.600597 1.87169e-18)
(0.748468 0.548956 5.62999e-19)
(0.700493 0.504854 3.32674e-19)
(0.666237 0.468103 -1.59042e-18)
(0.639622 0.436713 9.40965e-19)
(0.606243 0.402798 0)
(0.536279 0.348664 1.31539e-18)
(0.403471 0.258312 7.75666e-19)
(0.229401 0.1443 1.8256e-18)
(0.0749416 0.0456382 -2.1384e-18)
(0.589424 0.383078 3.7159e-19)
(0.87465 0.569913 -3.19719e-19)
(1.19342 0.781559 -5.62864e-19)
(1.26277 0.840834 0)
(1.23437 0.83951 2.22895e-19)
(1.17807 0.820576 -1.03475e-18)
(1.11357 0.796302 7.42063e-19)
(1.04213 0.767117 -1.59856e-19)
(0.963879 0.73147 8.54618e-19)
(0.87932 0.68708 1.96735e-18)
(0.794248 0.6332 -5.00444e-19)
(0.724122 0.578384 -3.04587e-19)
(0.674438 0.530968 1.57359e-21)
(0.639337 0.491025 -4.28943e-19)
(0.612568 0.456653 -2.21592e-21)
(0.578997 0.419171 -3.30017e-21)
(0.508219 0.359129 -3.53469e-19)
(0.376009 0.260644 1.25064e-18)
(0.207027 0.1405 2.44995e-19)
(0.0638553 0.0417129 0)
(0.587666 0.403922 -1.88938e-19)
(0.869314 0.599435 1.63718e-19)
(1.18371 0.821326 2.93986e-19)
(1.2504 0.882475 0)
(1.22106 0.880496 2.37745e-19)
(1.16428 0.860315 0)
(1.0992 0.83474 1.89911e-19)
(1.02688 0.804174 1.20196e-18)
(0.947287 0.767052 8.97765e-19)
(0.860709 0.720954 -1.2519e-20)
(0.772875 0.664814 -3.79825e-21)
(0.699902 0.60703 1.28724e-18)
(0.648113 0.556239 -7.69254e-19)
(0.611868 0.512788 -9.21598e-19)
(0.584776 0.475003 -1.08916e-18)
(0.550751 0.433317 -3.39538e-21)
(0.478493 0.366438 1.90134e-21)
(0.346038 0.259213 2.23961e-18)
(0.182963 0.13364 -2.10668e-18)
(0.0525869 0.0366905 0)
(0.586232 0.424079 5.87589e-19)
(0.86454 0.627693 -3.29391e-19)
(1.17404 0.85885 -5.99043e-19)
(1.23811 0.921608 1.37677e-18)
(1.20792 0.919026 -5.14731e-19)
(1.15075 0.897731 -9.07736e-19)
(1.08518 0.871034 1.02743e-18)
(1.01209 0.839303 1.97379e-19)
(0.931262 0.800966 -9.56738e-19)
(0.842744 0.753495 -1.3502e-19)
(0.752076 0.695488 -2.7816e-19)
(0.675938 0.635031 -1.02567e-18)
(0.621609 0.580896 -1.64717e-18)
(0.583765 0.53363 4.94632e-19)
(0.556083 0.491845 5.803e-19)
(0.521368 0.445066 -1.38033e-18)
(0.447241 0.370286 1.6327e-18)
(0.314515 0.253907 4.81609e-19)
(0.158327 0.124151 -5.64905e-19)
(0.0414734 0.0308679 -1.32665e-18)
(0.584983 0.44354 4.03178e-19)
(0.860162 0.654771 -1.68565e-19)
(1.16456 0.894284 -1.49896e-19)
(1.22602 0.958344 8.57133e-19)
(1.19506 0.955196 2.69219e-19)
(1.13758 0.932916 -9.47464e-19)
(1.07161 0.905246 -1.28609e-20)
(0.997856 0.872537 -3.0672e-18)
(0.915918 0.833226 -1.17375e-18)
(0.825554 0.784713 -1.4293e-19)
(0.732 0.72526 0)
(0.652408 0.662509 1.46429e-18)
(0.595035 0.605185 0)
(0.55497 0.553849 -1.05116e-18)
(0.526228 0.507292 0)
(0.490589 0.454112 0)
(0.414532 0.370086 2.02373e-21)
(0.282274 0.244556 -5.15855e-19)
(0.134184 0.112441 3.03352e-18)
(0.031114 0.0246527 2.84659e-18)
(0.583929 0.462218 -2.03404e-19)
(0.855954 0.680622 -3.51803e-19)
(1.15528 0.927668 3.16239e-19)
(1.21419 0.992781 -1.01643e-18)
(1.18256 0.989102 -5.37942e-19)
(1.12485 0.965943 -2.5617e-19)
(1.05857 0.937444 8.23622e-21)
(0.984255 0.90393 1.95424e-19)
(0.901325 0.863868 -1.42945e-18)
(0.809213 0.814613 1.51129e-19)
(0.712796 0.754158 1.63451e-19)
(0.629497 0.689566 -1.55937e-18)
(0.568546 0.629334 0)
(0.525456 0.573817 -5.67113e-19)
(0.494818 0.5216 0)
(0.457813 0.459997 -7.95816e-19)
(0.38031 0.364772 -1.88265e-18)
(0.250514 0.230439 -5.54931e-19)
(0.112229 0.0988259 6.51621e-19)
(0.0222999 0.0186021 -1.90854e-18)
(0.582661 0.480044 0)
(0.851837 0.705219 0)
(1.14624 0.959059 -4.84053e-19)
(1.20268 1.02503 -5.97124e-19)
(1.17049 1.02086 0)
(1.11261 0.996904 1.33682e-19)
(1.0461 0.967692 0)
(0.971334 0.933524 -1.90451e-18)
(0.887535 0.892915 -1.07485e-20)
(0.793807 0.843201 2.78091e-18)
(0.694579 0.782173 2.88655e-18)
(0.607383 0.716259 -1.65832e-18)
(0.542362 0.653538 -1.75445e-18)
(0.495304 0.59395 0)
(0.46141 0.535296 -2.16559e-18)
(0.421895 0.462503 -1.71179e-18)
(0.343754 0.352579 1.01377e-18)
(0.220899 0.209206 1.18829e-18)
(0.0967568 0.0822416 6.97457e-19)
(0.018328 0.0131702 -2.04434e-18)
(0.581628 0.497165 -2.13775e-19)
(0.847974 0.728524 -1.87458e-19)
(1.13741 0.988506 3.34801e-19)
(1.19151 1.05517 -4.54918e-19)
(1.15888 1.05054 0)
(1.10092 1.02589 1.39449e-19)
(1.03424 0.996069 9.90524e-19)
(0.959126 0.961375 -1.65599e-18)
(0.874579 0.920392 0)
(0.779379 0.870475 5.5516e-18)
(0.677456 0.809284 -2.88522e-18)
(0.586262 0.742622 1.32078e-18)
(0.516729 0.677925 2.64574e-21)
(0.46476 0.614649 -2.89493e-18)
(0.425697 0.549247 -3.88165e-19)
(0.381109 0.462166 -9.18887e-19)
(0.301785 0.331758 1.08659e-18)
(0.192749 0.1742 0)
(0.0968736 0.0496443 0)
(0.0456567 0.00782317 0)
(0.580298 0.51332 -4.31089e-19)
(0.844153 0.750774 -5.535e-19)
(1.12881 1.01616 -1.65142e-19)
(1.18065 1.08339 0)
(1.14773 1.07839 -1.02692e-18)
(1.08971 1.05315 1.31138e-19)
(1.02291 1.02286 -1.27872e-19)
(0.947519 0.987799 -3.55544e-18)
(0.86231 0.94664 1.37488e-18)
(0.765747 0.8968 9.76965e-21)
(0.66123 0.83588 -8.16115e-21)
(0.565983 0.769173 0)
(0.491421 0.703085 -2.07691e-18)
(0.4335 0.636595 -6.24949e-19)
(0.386855 0.564961 0)
(0.33256 0.460843 0)
(0.246254 0.302551 0)
(0.150808 0.117064 -1.11878e-21)
(0.07274 0.0163229 -1.42984e-18)
(-0.0210655 0.176924 1.2312e-18)
(0.578977 0.528793 -3.30221e-19)
(0.840246 0.771878 -2.76973e-19)
(1.12043 1.04228 -1.65113e-19)
(1.17 1.11006 -6.4639e-19)
(1.13687 1.10489 1.56469e-19)
(1.07879 1.07932 -1.11978e-18)
(1.01182 1.04879 2.52849e-19)
(0.936187 1.01367 1.92951e-18)
(0.850313 0.972685 2.05591e-19)
(0.752389 0.923388 -2.58882e-18)
(0.64518 0.86335 0)
(0.545592 0.797513 1.73681e-18)
(0.46512 0.730828 0)
(0.400257 0.661494 -2.19994e-18)
(0.343165 0.584799 7.48698e-19)
(0.270918 0.461255 1.80371e-18)
(0.163969 0.266097 -1.05645e-18)
(0.0601795 0.214744 -1.22495e-18)
(0.0102355 0.948148 7.22483e-19)
(0.0481736 2.39461 1.65624e-18)
(0.577944 0.543701 -2.17125e-19)
(0.836204 0.791947 0)
(1.1124 1.06688 3.36988e-19)
(1.15954 1.13507 8.17708e-19)
(1.12644 1.12991 1.55747e-19)
(1.0683 1.10421 -1.47111e-19)
(1.00116 1.0736 -1.29381e-18)
(0.925303 1.03865 -1.85042e-18)
(0.838825 0.998107 9.79176e-20)
(0.739633 0.949725 -2.98235e-18)
(0.629815 0.891108 -3.05048e-18)
(0.525874 0.827004 1.51253e-18)
(0.438826 0.760966 2.09456e-18)
(0.366526 0.688475 -3.18667e-19)
(0.29808 0.607861 -1.50845e-18)
(0.195793 0.462225 8.67115e-19)
(0.0906116 0.463026 1.04182e-18)
(0.0834337 1.69354 6.19869e-19)
(0.118406 2.93427 -7.07376e-19)
(0.118882 3.32519 -1.06488e-18)
(0.578241 0.55888 0)
(0.831226 0.810873 3.56435e-19)
(1.10448 1.09 0)
(1.14918 1.15839 8.64602e-20)
(1.11658 1.1536 -1.62755e-19)
(1.05838 1.12794 2.88756e-19)
(0.991142 1.0974 1.18917e-18)
(0.914897 1.06277 1.12724e-19)
(0.827916 1.02291 1.74282e-18)
(0.727569 0.97578 -5.82047e-18)
(0.615309 0.919142 0)
(0.507153 0.857524 -1.74526e-18)
(0.413261 0.794186 2.09447e-18)
(0.332612 0.716541 0)
(0.254417 0.627596 -2.52359e-18)
(0.136365 0.611618 -8.46596e-19)
(0.132197 1.73248 1.04934e-18)
(0.177813 3.09758 1.7714e-18)
(0.163593 3.3832 6.37992e-19)
(0.144149 3.44339 -9.08985e-19)
(0.563075 0.573292 1.7296e-19)
(0.788504 0.791887 -1.61593e-19)
(1.08525 1.10521 -3.66914e-19)
(1.13779 1.17888 -4.18593e-19)
(1.10608 1.17471 -1.78781e-19)
(1.04784 1.14918 -1.51947e-19)
(0.981502 1.11978 -1.4736e-19)
(0.904626 1.08556 3.15529e-18)
(0.817176 1.04654 -1.63476e-18)
(0.715732 1.00091 2.99563e-18)
(0.601259 0.946782 -1.74005e-19)
(0.489224 0.888289 2.25631e-19)
(0.388749 0.829673 -2.85286e-19)
(0.2958 0.74342 -3.14521e-19)
(0.234081 0.670149 -6.62775e-19)
(0.152906 1.03636 -3.82014e-19)
(0.222028 3.06821 1.15796e-18)
(0.231366 3.4054 -1.08972e-19)
(0.203903 3.45595 -9.07724e-19)
(0.167474 3.47523 -1.17633e-18)
(0.272561 0.264502 -2.09315e-19)
(0.974454 1.00622 0)
(1.11834 1.17686 -8.3566e-20)
(1.11887 1.20594 -9.00104e-20)
(1.06852 1.18708 -4.79307e-19)
(1.0055 1.15925 0)
(0.93437 1.12751 -1.29913e-19)
(0.852441 1.0919 -1.15077e-19)
(0.757913 1.05137 0)
(0.646408 1.00348 -2.62612e-18)
(0.528216 0.950163 0)
(0.418955 0.895942 -2.10093e-19)
(0.312472 0.83445 0)
(0.235287 0.829257 -2.97976e-19)
(0.2091 1.71908 0)
(0.269331 3.11305 0)
(0.270277 3.42769 7.59509e-19)
(0.24208 3.47949 -9.34693e-19)
(0.212036 3.49936 -1.29262e-18)
(0.191013 3.5417 4.50106e-19)
(0.275845 0.265141 9.01697e-20)
(0.971966 1.02592 4.84392e-21)
(1.1097 1.19769 3.40128e-19)
(1.10796 1.2266 6.4932e-19)
(1.05726 1.20769 -7.63583e-19)
(0.994177 1.18011 -1.47887e-20)
(0.92295 1.14882 -8.88969e-19)
(0.840765 1.11391 -2.25371e-19)
(0.745667 1.07465 -1.49111e-18)
(0.632863 1.02908 2.53542e-18)
(0.512144 0.979745 2.56261e-18)
(0.398972 0.930154 -1.87947e-18)
(0.2889 0.883773 -2.49712e-19)
(0.245878 1.17014 0)
(0.302177 2.75268 2.00134e-20)
(0.352327 3.4095 0)
(0.311702 3.49831 -7.20912e-19)
(0.274411 3.52937 -1.2733e-18)
(0.22951 3.55901 -3.92715e-19)
(0.207649 3.61066 4.486e-20)
(0.257462 0.259662 1.6911e-19)
(0.968329 1.04921 3.07472e-19)
(1.10154 1.22164 -7.18432e-20)
(1.09821 1.25039 0)
(1.04738 1.23143 -7.08609e-19)
(0.984446 1.204 -9.56822e-21)
(0.913037 1.17291 9.61741e-19)
(0.830925 1.13879 1.10318e-19)
(0.735725 1.10102 1.51672e-18)
(0.622308 1.05823 -2.7881e-18)
(0.499903 1.01346 2.66985e-18)
(0.384293 0.969552 1.59243e-18)
(0.285707 0.967803 0)
(0.303636 1.77224 -1.10125e-18)
(0.394508 3.26192 -1.12189e-18)
(0.405747 3.51113 6.42615e-19)
(0.354995 3.54735 0)
(0.307648 3.57747 6.52584e-19)
(0.25152 3.63123 0)
(0.21993 3.6882 0)
(0.244108 0.259427 0)
(0.962793 1.07427 -1.34259e-19)
(1.09229 1.24698 -4.15494e-19)
(1.08736 1.27504 -5.2813e-19)
(1.03645 1.25589 -3.77061e-19)
(0.973705 1.22842 1.82889e-18)
(0.90246 1.19757 7.95463e-19)
(0.820655 1.16416 0)
(0.725601 1.12785 -1.74129e-19)
(0.61199 1.08781 2.50247e-18)
(0.488682 1.04774 2.56652e-18)
(0.372621 1.01108 1.95234e-19)
(0.300845 1.12703 1.84459e-18)
(0.382438 2.4833 -1.28119e-18)
(0.476274 3.44939 -1.0145e-18)
(0.44497 3.56118 0)
(0.406963 3.60232 0)
(0.353791 3.66355 -2.75742e-19)
(0.298184 3.67756 4.39329e-19)
(0.23102 3.61795 -1.54393e-19)
(0.234656 0.261805 1.24233e-19)
(0.955035 1.10007 -2.47918e-19)
(1.08147 1.27337 1.15091e-19)
(1.07525 1.30056 4.91811e-19)
(1.02443 1.281 4.69675e-19)
(0.962026 1.25339 9.11393e-19)
(0.891228 1.22276 7.45514e-19)
(0.809943 1.18995 1.97144e-19)
(0.715316 1.15501 1.53819e-18)
(0.601929 1.11764 -2.37434e-18)
(0.478482 1.08228 1.49296e-19)
(0.365181 1.0583 1.8595e-19)
(0.340068 1.41758 1.54108e-18)
(0.471131 3.05807 -4.48873e-19)
(0.544499 3.52846 9.07434e-19)
(0.492923 3.59143 0)
(0.46214 3.67343 0)
(0.44822 3.69192 0)
(0.414187 3.5871 -1.53579e-19)
(0.185386 2.57946 1.96402e-19)
(0.227641 0.266109 2.17522e-19)
(0.945414 1.12656 0)
(1.0691 1.30078 -2.15972e-19)
(1.06201 1.32719 3.31557e-19)
(1.01151 1.30704 -5.48596e-19)
(0.949681 1.27914 -8.39315e-19)
(0.879548 1.24854 6.87483e-19)
(0.799029 1.21621 1.64447e-18)
(0.705173 1.18255 1.69703e-19)
(0.592494 1.14775 -2.60297e-18)
(0.469748 1.11703 -2.37747e-18)
(0.364841 1.11933 1.45899e-18)
(0.40019 1.81688 3.19018e-18)
(0.554073 3.34315 0)
(0.597829 3.56769 6.20349e-19)
(0.551058 3.62546 0)
(0.528517 3.67832 5.08561e-20)
(0.493403 3.57324 1.5025e-19)
(0.518091 3.04303 4.58444e-20)
(0.203645 1.33727 -1.18531e-19)
(0.222526 0.271401 0)
(0.934127 1.15368 -2.63498e-19)
(1.05526 1.32925 -8.88916e-20)
(1.04766 1.35495 2.82696e-19)
(0.997753 1.3341 9.3336e-20)
(0.936733 1.30573 6.63017e-19)
(0.867502 1.275 5.40281e-19)
(0.788027 1.24298 -2.65554e-18)
(0.695307 1.21046 0)
(0.583849 1.17802 1.955e-18)
(0.46282 1.15183 -2.18664e-18)
(0.374378 1.20475 1.62926e-19)
(0.473243 2.25797 -3.62013e-19)
(0.6286 3.47404 3.40137e-19)
(0.640397 3.59087 3.60934e-19)
(0.606434 3.64611 0)
(0.575135 3.60737 2.17339e-19)
(0.513455 3.14292 1.01112e-19)
(0.176228 1.12182 0)
(-0.124917 -0.174564 3.08295e-20)
(0.218244 0.27741 7.66861e-20)
(0.921093 1.1816 2.29269e-19)
(1.03974 1.35895 -3.26184e-19)
(1.03189 1.38415 -9.10355e-20)
(0.982786 1.36264 1.71484e-19)
(0.922781 1.33382 -6.7672e-19)
(0.854699 1.30293 -3.3243e-19)
(0.77656 1.27126 1.35927e-18)
(0.685355 1.23998 -1.21421e-18)
(0.575658 1.21008 -1.57722e-19)
(0.457656 1.18945 3.91423e-18)
(0.396784 1.33501 0)
(0.559555 2.73855 1.29579e-18)
(0.695151 3.53659 6.39551e-19)
(0.675878 3.61233 -2.98572e-19)
(0.654594 3.62054 0)
(0.573306 3.3389 0)
(0.313339 1.83384 0)
(-0.0612838 -0.0512104 4.6076e-19)
(-0.0728903 -0.111296 -2.63719e-19)
(0.213606 0.283471 -4.1885e-22)
(0.906174 1.21023 -1.30302e-19)
(1.02244 1.38991 -1.35332e-19)
(1.01455 1.41473 -6.01365e-19)
(0.966455 1.39259 5.47839e-21)
(0.907723 1.36331 -1.59426e-19)
(0.841078 1.33228 7.42503e-19)
(0.764625 1.301 -9.55265e-19)
(0.675375 1.27103 -9.68098e-19)
(0.568059 1.24383 -1.04617e-19)
(0.455001 1.23149 1.98917e-18)
(0.434573 1.52391 -7.59293e-19)
(0.648283 3.12408 0)
(0.751602 3.57214 -2.90197e-19)
(0.71836 3.61389 -2.13707e-19)
(0.674468 3.51826 4.08853e-19)
(0.472162 2.5911 1.7307e-19)
(0.0312941 0.209649 0)
(-0.100285 -0.170918 1.17318e-19)
(-0.0445579 -0.0676773 0)
(0.208174 0.289343 1.39336e-19)
(0.889079 1.2393 -1.08908e-19)
(1.00315 1.42198 1.12777e-19)
(0.995475 1.44657 0)
(0.948636 1.42383 1.38481e-19)
(0.891447 1.3941 -5.50386e-19)
(0.826571 1.36293 3.8978e-19)
(0.752197 1.33206 -9.74602e-19)
(0.665419 1.30346 -7.75513e-19)
(0.561201 1.27904 -1.54984e-18)
(0.456047 1.28059 1.53879e-18)
(0.489088 1.77273 0)
(0.727821 3.35187 1.18433e-18)
(0.795319 3.5928 -5.95809e-19)
(0.754715 3.58812 -3.93974e-19)
(0.648629 3.2205 1.6421e-19)
(0.225778 1.13295 0)
(-0.107084 -0.130905 2.93878e-19)
(-0.103884 -0.164902 -2.5924e-23)
(-0.0321809 -0.0478373 0)
(0.201434 0.294384 6.81438e-20)
(0.869581 1.26854 8.1778e-20)
(0.98163 1.45508 -9.66765e-20)
(0.974483 1.47958 -6.41253e-21)
(0.929184 1.45625 1.29995e-19)
(0.873856 1.42606 4.68952e-19)
(0.811112 1.39474 -1.20244e-19)
(0.739272 1.36427 2.15851e-19)
(0.655555 1.33708 7.60635e-19)
(0.555288 1.31552 -1.35184e-18)
(0.462318 1.34016 0)
(0.559182 2.07599 -7.81159e-19)
(0.799311 3.479 -4.08199e-19)
(0.834559 3.59612 3.54304e-19)
(0.774914 3.50018 2.77341e-19)
(0.535355 2.56082 1.52268e-19)
(0.0281281 0.10067 -3.18454e-19)
(-0.106854 -0.19265 1.87565e-19)
(-0.0873248 -0.149302 -5.45837e-20)
(-0.0238189 -0.037261 6.35354e-20)
(0.19318 0.298012 4.46893e-20)
(0.84719 1.29746 0)
(0.957572 1.48903 1.15711e-20)
(0.95136 1.51356 -8.4189e-20)
(0.907935 1.48966 2.07203e-19)
(0.854824 1.45902 -2.98859e-19)
(0.794642 1.42752 0)
(0.725848 1.39742 0)
(0.64584 1.37162 7.03893e-19)
(0.550536 1.35311 -2.42332e-18)
(0.475553 1.41367 -1.18767e-18)
(0.641477 2.42104 1.71012e-19)
(0.86094 3.54367 -1.64447e-19)
(0.869893 3.585 -2.7486e-19)
(0.761255 3.29494 0)
(0.318386 1.45418 -7.95941e-19)
(-0.127482 -0.115503 -4.4479e-19)
(-0.122083 -0.199659 -3.49758e-19)
(-0.0787624 -0.13447 0)
(-0.0190032 -0.0307155 6.05819e-20)
(0.183259 0.299474 -3.20118e-20)
(0.821482 1.32534 4.32978e-20)
(0.930683 1.52347 6.14169e-20)
(0.925859 1.54823 -1.40747e-20)
(0.884699 1.5238 -8.46794e-20)
(0.83422 1.49269 -5.31492e-19)
(0.777084 1.46097 3.62444e-19)
(0.711906 1.43119 6.83893e-19)
(0.636323 1.40669 6.20364e-19)
(0.54711 1.39168 -1.0449e-18)
(0.496402 1.50441 -1.16406e-18)
(0.728996 2.76056 7.34016e-19)
(0.913292 3.5713 3.52305e-19)
(0.891827 3.54754 -2.22575e-19)
(0.69625 2.91623 -2.14764e-19)
(0.0807365 0.285622 -1.21612e-19)
(-0.113137 -0.200375 2.82823e-19)
(-0.111251 -0.216994 0)
(-0.0595162 -0.119306 3.94013e-19)
(-0.0125937 -0.022335 -1.13715e-19)
(0.171661 0.298064 6.99537e-23)
(0.791664 1.35116 1.46018e-20)
(0.900659 1.55778 -1.39454e-20)
(0.897664 1.58319 6.29744e-20)
(0.859294 1.55829 -1.48017e-19)
(0.811888 1.52669 -1.62762e-19)
(0.758331 1.49472 0)
(0.697393 1.46518 1.40659e-19)
(0.627014 1.44182 6.71732e-19)
(0.545157 1.43087 0)
(0.525127 1.61306 1.15451e-18)
(0.815693 3.04108 2.47233e-19)
(0.956363 3.58086 -3.99891e-19)
(0.899397 3.46782 0)
(0.566712 2.32769 0)
(-0.018868 -0.0426104 -1.06693e-19)
(-0.0816235 -0.282477 3.19504e-19)
(-0.0491716 -0.242583 3.07468e-19)
(-0.00699107 -0.0899221 4.56852e-19)
(0.0033353 -0.00159303 0)
(0.157557 0.293463 -7.80588e-21)
(0.757149 1.37354 -6.00735e-22)
(0.867101 1.59102 5.59233e-20)
(0.866661 1.61791 0)
(0.831452 1.59265 0)
(0.787659 1.56057 -1.38536e-19)
(0.738255 1.52826 -1.18956e-20)
(0.682237 1.49885 1.27159e-19)
(0.61789 1.47643 -6.72996e-21)
(0.544754 1.47022 -1.70327e-18)
(0.561281 1.73404 7.60459e-19)
(0.89419 3.23885 -2.06259e-19)
(0.998038 3.58421 1.46522e-19)
(0.888748 3.33674 -4.22297e-19)
(0.384119 1.55838 -2.21059e-19)
(-0.174695 -0.220314 -8.55373e-20)
(-0.125828 -0.37771 0)
(-0.00975165 -0.237038 -1.94876e-19)
(0.0813777 0.0285351 3.70035e-20)
(0.0441427 0.071925 -3.15701e-19)
(0.141528 0.284493 0)
(0.717503 1.39018 1.87466e-21)
(0.82969 1.6223 -6.24399e-20)
(0.832479 1.6516 3.3269e-20)
(0.800943 1.62623 9.27525e-20)
(0.761336 1.59371 1.16961e-19)
(0.716697 1.56101 0)
(0.6663 1.53154 2.14021e-19)
(0.608866 1.5098 1.02178e-19)
(0.545793 1.50916 -3.5172e-19)
(0.602463 1.85833 0)
(0.961651 3.35562 0)
(1.04342 3.5771 -1.10134e-19)
(0.86694 3.16447 -8.80399e-20)
(0.195885 0.815877 1.80295e-19)
(-0.214223 -0.40684 2.81036e-19)
(-0.173077 -0.49825 0)
(-0.00171723 -0.196474 4.33004e-20)
(0.140698 0.19004 0)
(0.0740798 0.147062 3.03053e-20)
(0.123264 0.270153 4.92668e-20)
(0.671996 1.39845 0)
(0.788408 1.64968 0)
(0.794787 1.68346 -6.84643e-20)
(0.767642 1.65829 -8.05853e-20)
(0.732722 1.62539 8.90182e-20)
(0.693462 1.59224 -1.88127e-19)
(0.649388 1.56245 -1.91833e-19)
(0.599762 1.54098 3.50134e-19)
(0.547745 1.54628 1.43159e-19)
(0.644098 1.97402 -7.04781e-19)
(1.02108 3.42014 2.54753e-19)
(1.09174 3.55288 0)
(0.86433 2.96295 3.66298e-20)
(0.0182017 0.30783 1.08701e-21)
(-0.178492 -0.692976 1.14417e-20)
(-0.0804008 -0.634099 -1.31245e-19)
(0.073355 -0.156731 -1.24169e-19)
(0.211929 0.334612 -1.93981e-20)
(0.103144 0.227616 1.30754e-19)
(0.103906 0.249321 0)
(0.620309 1.39466 -4.5081e-20)
(0.742724 1.67135 1.39344e-21)
(0.753696 1.71221 -1.83861e-20)
(0.731315 1.68795 -1.29222e-19)
(0.701611 1.65481 6.97797e-20)
(0.668319 1.6211 1.60117e-19)
(0.631196 1.59076 -3.17637e-19)
(0.590257 1.56878 -3.71946e-19)
(0.550037 1.57961 -2.45412e-19)
(0.681086 2.06735 1.1678e-19)
(1.0701 3.44812 1.09759e-19)
(1.13425 3.50573 0)
(0.930496 2.73794 0)
(0.059383 -0.184617 -4.86801e-20)
(-0.0998678 -0.912933 2.58806e-20)
(0.0185063 -0.612283 1.26087e-20)
(0.125644 0.136826 3.75984e-20)
(0.214509 0.59939 -2.50029e-21)
(0.0931336 0.254324 3.85792e-21)
(0.0832187 0.221617 9.84685e-21)
(0.562203 1.37391 1.19117e-20)
(0.692219 1.68485 -3.24416e-21)
(0.70895 1.73653 1.65482e-21)
(0.691887 1.71416 -2.43818e-20)
(0.667849 1.68102 1.24378e-19)
(0.640991 1.64669 0)
(0.611315 1.61547 -1.36193e-19)
(0.579804 1.59233 1.30203e-19)
(0.552171 1.60566 -2.20203e-19)
(0.70696 2.12736 -3.10907e-19)
(1.1064 3.45463 8.72607e-20)
(1.12484 3.46296 -9.57293e-21)
(0.88632 2.52646 2.0595e-19)
(0.139428 -0.345855 6.32014e-20)
(-0.233937 -0.661676 0)
(-0.113294 -0.189239 -7.98178e-22)
(0.0877196 0.425837 -1.03476e-20)
(0.148549 0.524832 0)
(0.0451186 0.135203 -9.42435e-20)
(0.061091 0.18733 7.36964e-20)
(0.496164 1.33105 -1.10072e-20)
(0.636336 1.68608 2.4709e-20)
(0.660641 1.75497 0)
(0.649444 1.73598 -3.55117e-20)
(0.63127 1.7031 5.44063e-20)
(0.611068 1.66807 0)
(0.589314 1.63551 5.66781e-20)
(0.567733 1.61082 -1.03773e-19)
(0.554782 1.62083 0)
(0.719809 2.13756 7.39306e-20)
(1.13171 3.45937 -1.48479e-19)
(1.0689 3.49343 -7.99221e-20)
(0.581349 2.49437 1.04584e-19)
(-0.416935 0.522405 0)
(-1.02415 -0.340142 7.28063e-20)
(-1.04515 -0.565307 -4.36153e-20)
(-0.324312 0.0542851 -1.39209e-20)
(0.150384 0.475535 6.86609e-20)
(0.105033 0.278013 1.12409e-19)
(0.0413941 0.146834 6.55337e-20)
(0.42071 1.25839 -9.733e-21)
(0.574421 1.6701 0)
(0.609267 1.76564 -1.27477e-20)
(0.604174 1.75288 7.38301e-20)
(0.591627 1.72026 0)
(0.578045 1.68425 3.45189e-21)
(0.564348 1.6498 5.65607e-20)
(0.553475 1.62206 0)
(0.555402 1.62598 1.4767e-19)
(0.719731 2.08665 -1.53843e-19)
(1.18493 3.44507 5.61914e-20)
(1.15987 3.61929 3.40131e-20)
(0.712073 2.78531 1.68564e-19)
(-0.116411 1.29538 -1.59378e-19)
(-0.767544 -0.0177932 -1.98424e-19)
(-1.23043 -0.949115 -7.26797e-19)
(-1.23884 -1.46182 0)
(-0.784921 -1.25765 -2.73701e-19)
(-0.0403194 0.0933619 -3.49915e-22)
(0.0241857 0.102839 3.76526e-21)
(0.339173 1.14478 1.9307e-20)
(0.504489 1.6296 4.80854e-21)
(0.554805 1.76634 2.04092e-20)
(0.555948 1.76437 0)
(0.548675 1.73197 2.30507e-20)
(0.541094 1.69475 4.68548e-20)
(0.535032 1.65735 1.00621e-19)
(0.534753 1.62389 -1.89852e-19)
(0.552324 1.61794 7.78413e-20)
(0.720493 1.9619 7.26439e-20)
(1.2921 3.33904 -7.52599e-20)
(1.49192 3.64361 -2.00577e-19)
(1.3588 3.25184 -1.89023e-19)
(0.684469 1.71399 -6.63159e-19)
(0.203136 0.421697 0)
(-0.189692 -0.813625 8.96076e-19)
(-0.481019 -1.57128 -1.05406e-18)
(-0.641862 -2.23481 -1.87712e-18)
(-0.284723 -1.12706 1.04555e-18)
(0.0113189 0.0593918 0)
(0.254969 0.985556 2.97056e-23)
(0.428374 1.55277 0)
(0.495217 1.75313 -8.12057e-22)
(0.50429 1.7687 1.72702e-20)
(0.501854 1.73841 -2.61283e-20)
(0.499102 1.69932 0)
(0.499271 1.65766 -4.58798e-20)
(0.507023 1.6165 -4.2846e-20)
(0.540809 1.59021 0)
(0.677518 1.7797 -7.55632e-20)
(1.34118 3.01736 -4.83747e-20)
(1.70006 3.41614 3.024e-20)
(1.82558 3.20758 0)
(1.62863 2.33033 1.84584e-20)
(1.14204 1.06748 -5.90774e-19)
(0.655676 -0.0936595 -7.12512e-20)
(0.243215 -1.06229 0)
(-0.0862227 -1.79886 2.35192e-20)
(-0.235552 -1.56528 1.9973e-20)
(0.00345652 0.0220141 1.59956e-22)
(0.16977 0.765594 -8.62738e-21)
(0.346814 1.4286 0)
(0.429747 1.71878 -6.66631e-21)
(0.448815 1.76591 -3.75451e-20)
(0.45036 1.74071 0)
(0.450447 1.69879 4.78287e-20)
(0.45426 1.65167 -5.20848e-20)
(0.465861 1.60109 0)
(0.50249 1.54067 4.38348e-20)
(0.590744 1.59945 3.65549e-20)
(1.0981 2.37642 5.00858e-20)
(1.55696 3.06712 -8.92731e-21)
(1.71005 2.99146 9.83228e-20)
(1.66359 2.52398 0)
(1.38665 1.72019 5.65171e-19)
(0.988575 0.844889 -8.43393e-19)
(0.586522 0.0613003 1.11706e-18)
(0.223968 -0.597846 -1.41498e-18)
(-0.0198868 -0.746439 -3.26146e-18)
(0.000529424 -0.00616566 1.65194e-20)
(0.0936608 0.499457 2.61091e-21)
(0.25823 1.23451 2.55326e-21)
(0.360853 1.65794 0)
(0.388939 1.75537 4.8907e-21)
(0.39309 1.74139 -5.68012e-21)
(0.393407 1.69548 1.17639e-20)
(0.396822 1.64263 -1.1426e-20)
(0.409381 1.57855 -1.23143e-20)
(0.425614 1.50099 1.98808e-20)
(0.483724 1.45684 2.44659e-20)
(0.616101 1.72595 -3.36355e-20)
(1.13912 2.68174 -8.12695e-20)
(1.26196 2.87666 4.40255e-20)
(1.23989 2.75941 -1.83297e-19)
(1.0881 2.34793 -2.86439e-20)
(0.828313 1.78139 3.89025e-19)
(0.542527 1.20156 -3.67211e-19)
(0.266172 0.671397 8.464e-20)
(0.0285106 0.154372 -5.91245e-19)
(0.00433927 -0.0132512 2.84095e-34)
(0.0419609 0.248607 -4.85442e-34)
(0.15978 0.938815 -4.3798e-34)
(0.279857 1.5388 0)
(0.321106 1.73204 0)
(0.328055 1.73844 -3.16882e-34)
(0.328585 1.6915 0)
(0.329816 1.63454 0)
(0.336544 1.56432 7.94132e-34)
(0.338634 1.47673 0)
(0.360943 1.41089 0)
(0.389451 1.51155 0)
(0.631805 2.2954 0)
(0.837927 2.88994 0)
(0.767364 2.95205 0)
(0.678106 2.82786 0)
(0.515012 2.47328 0)
(0.329872 2.03188 0)
(0.154465 1.57253 0)
(0.0156668 0.74393 0)
(0.0013133 -0.0522572 0)
(0.0200273 0.08695 0)
(0.0828301 0.625027 0)
(0.191372 1.35476 0)
(0.245115 1.68521 0)
(0.256459 1.72698 0)
(0.259189 1.68905 0)
(0.263133 1.629 0)
(0.266298 1.56145 0)
(0.268334 1.47633 0)
(0.267956 1.40225 0)
(0.280083 1.45614 0)
(0.339221 2.01375 0)
(0.545708 2.87676 0)
(0.512032 3.08019 0)
(0.440846 3.07054 0)
(0.333356 2.84826 0)
(0.208083 2.48592 0)
(0.085807 2.06671 0)
(-0.000159254 0.982276 0)
(0.00443226 -0.0865441 0)
(0.0242445 -0.00603253 0)
(0.0517019 0.432506 0)
(0.119826 1.18449 0)
(0.168741 1.62836 0)
(0.182041 1.71209 0)
(0.18844 1.68486 0)
(0.195724 1.62401 0)
(0.200063 1.55898 0)
(0.201555 1.48055 0)
(0.188259 1.40611 0)
(0.183075 1.44804 0)
(0.177813 1.83619 0)
(0.333072 2.83919 0)
(0.3179 3.17481 0)
(0.267252 3.23443 0)
(0.197436 3.10194 0)
(0.110309 2.78858 0)
(0.0317099 2.38715 0)
(-0.00721022 1.0175 0)
(0.0104981 -0.159198 0)
(0.0301688 -0.0727745 0)
(0.0342878 0.372406 0)
(0.0542334 1.08345 0)
(0.0859559 1.57947 0)
(0.103665 1.69277 0)
(0.116971 1.67325 0)
(0.130242 1.61452 0)
(0.139491 1.55419 0)
(0.143508 1.486 0)
(0.127196 1.41964 0)
(0.111576 1.46177 0)
(0.0871353 1.76278 0)
(0.195373 2.78268 0)
(0.18618 3.22358 0)
(0.146334 3.33668 0)
(0.104836 3.26211 0)
(0.0475906 2.98385 0)
(-0.00253841 2.57424 0)
(-0.00827112 0.9615 0)
(0.00821278 -0.225162 0)
(0.00847652 -0.077377 0)
(-0.00961833 0.400373 0)
(-0.0222557 1.06219 0)
(-0.00586504 1.54063 0)
(0.0217243 1.66276 0)
(0.0474747 1.64989 0)
(0.0704136 1.59781 0)
(0.0869966 1.54539 0)
(0.0950749 1.48996 0)
(0.0827389 1.43386 0)
(0.0627902 1.47728 0)
(0.0382923 1.73652 0)
(0.1042 2.73284 0)
(0.0999736 3.24683 0)
(0.0733819 3.40081 0)
(0.0453638 3.3592 0)
(0.00814193 3.10566 0)
(-0.0209351 2.65628 0)
(-0.00745159 0.857112 0)
(-0.00398894 -0.211906 0)
(-0.0334977 0.000334907 0)
(-0.0718889 0.483017 0)
(-0.0955511 1.07868 0)
(-0.0837799 1.49495 0)
(-0.0482928 1.61122 0)
(-0.0107888 1.61058 0)
(0.0209748 1.57189 0)
(0.0439922 1.53142 0)
(0.0565788 1.48894 0)
(0.0507533 1.44362 0)
(0.0335132 1.49485 0)
(0.0129182 1.73894 0)
(0.047884 2.69843 0)
(0.045833 3.26525 0)
(0.028214 3.44799 0)
(0.00753562 3.42401 0)
(-0.0169493 3.1827 0)
(-0.0309333 2.65904 0)
(-0.00521775 0.75776 0)
(-0.0139741 -0.110187 0)
(-0.0588917 0.138554 0)
(-0.10676 0.586845 0)
(-0.133773 1.09805 0)
(-0.122142 1.43756 0)
(-0.0853626 1.54653 0)
(-0.0467651 1.56039 0)
(-0.0126461 1.53882 0)
(0.013239 1.51297 0)
(0.0293472 1.48438 0)
(0.0284824 1.4499 0)
(0.0181237 1.50934 0)
(0.00699627 1.75183 0)
(0.0171812 2.67894 0)
(0.011698 3.28288 0)
(-0.00335238 3.4847 0)
(-0.0187464 3.46929 0)
(-0.0350838 3.22964 0)
(-0.0362301 2.61669 0)
(-0.00377362 0.668964 0)
(-0.01478 0.0219558 0)
(-0.0581749 0.290454 0)
(-0.102088 0.687603 0)
(-0.126618 1.11532 0)
(-0.118329 1.38979 0)
(-0.0907511 1.49063 0)
(-0.0592732 1.51364 0)
(-0.0301244 1.50712 0)
(-0.00621794 1.49383 0)
(0.0104938 1.4764 0)
(0.0136065 1.45083 0)
(0.0103608 1.51469 0)
(0.00744908 1.76382 0)
(-4.32483e-06 2.67536 0)
(-0.0120291 3.30256 0)
(-0.0277437 3.51693 0)
(-0.0406349 3.5012 0)
(-0.0501357 3.25079 0)
(-0.0396005 2.52496 0)
(-0.00294981 0.58999 0)
(-0.010746 0.134127 0)
(-0.043665 0.421105 0)
(-0.0784204 0.772691 0)
(-0.0980152 1.13355 0)
(-0.09478 1.36147 0)
(-0.0782167 1.45327 0)
(-0.0569119 1.47886 0)
(-0.0349587 1.48086 0)
(-0.0157126 1.47638 0)
(-0.000236381 1.46782 0)
(0.00469155 1.44819 0)
(0.00901571 1.51371 0)
(0.0132549 1.77843 0)
(-0.0125508 2.69508 0)
(-0.0315802 3.32803 0)
(-0.0493757 3.54389 0)
(-0.0590056 3.52126 0)
(-0.0619964 3.24604 0)
(-0.0401852 2.39744 0)
(-0.00247349 0.519648 0)
(-0.0065619 0.210917 0)
(-0.0289309 0.518418 0)
(-0.0545889 0.838059 0)
(-0.0687914 1.15089 0)
(-0.0687739 1.34871 0)
(-0.0603585 1.43173 0)
(-0.0473898 1.45647 0)
(-0.033484 1.46231 0)
(-0.0197128 1.46265 0)
(-0.00775841 1.45883 0)
(-0.00410213 1.44238 0)
(0.00782041 1.50374 0)
(0.0148663 1.79801 0)
(-0.028301 2.73816 0)
(-0.0538097 3.36025 0)
(-0.0700148 3.56715 0)
(-0.0751635 3.53013 0)
(-0.0708419 3.21543 0)
(-0.0385857 2.24473 0)
(-0.0022001 0.456929 0)
(-0.00397764 0.259761 0)
(-0.0190674 0.586997 0)
(-0.0381038 0.886683 0)
(-0.0482545 1.16346 0)
(-0.0482826 1.34408 0)
(-0.0442919 1.42057 0)
(-0.0370619 1.44302 0)
(-0.0293579 1.45068 0)
(-0.0209953 1.45467 0)
(-0.0149607 1.45314 0)
(-0.012157 1.43663 0)
(-0.00249319 1.48887 0)
(-0.00132306 1.82905 0)
(-0.0516441 2.79761 0)
(-0.0804438 3.39284 0)
(-0.0918932 3.581 0)
(-0.0906491 3.52382 0)
(-0.0773792 3.15567 0)
(-0.0364017 2.07847 0)
(-0.00205549 0.400279 0)
(-0.00273649 0.292314 0)
(-0.0134985 0.636379 0)
(-0.0283246 0.925006 0)
(-0.0369522 1.17041 0)
(-0.0347097 1.3401 0)
(-0.0310533 1.41438 0)
(-0.0267826 1.4358 0)
(-0.0217806 1.44404 0)
(-0.0188579 1.45065 0)
(-0.017346 1.45206 0)
(-0.021262 1.43558 0)
(-0.0257397 1.47958 0)
(-0.0350157 1.86811 0)
(-0.0837412 2.86122 0)
(-0.108223 3.41761 0)
(-0.111273 3.57821 0)
(-0.101734 3.49736 0)
(-0.0792125 3.06731 0)
(-0.0328948 1.91 0)
(-0.00180435 0.348971 0)
(-0.00221621 0.316329 0)
(-0.0102178 0.673289 0)
(-0.0219732 0.958113 0)
(-0.0310906 1.17629 0)
(-0.0284379 1.33152 0)
(-0.0222101 1.40743 0)
(-0.0174388 1.43195 0)
(-0.0143501 1.44168 0)
(-0.0143563 1.45008 0)
(-0.0185271 1.45546 0)
(-0.0352047 1.44774 0)
(-0.0591003 1.48586 0)
(-0.079068 1.90996 0)
(-0.117962 2.91306 0)
(-0.12969 3.42763 0)
(-0.122431 3.5602 0)
(-0.104327 3.45232 0)
(-0.0748107 2.9604 0)
(-0.0286395 1.7522 0)
(-0.00127038 0.304006 0)
(-0.00194939 0.335219 0)
(-0.00767794 0.70022 0)
(-0.0161778 0.986713 0)
(-0.0253749 1.18663 0)
(-0.0254824 1.32128 0)
(-0.0178933 1.39629 0)
(-0.0107164 1.42702 0)
(-0.0080166 1.44164 0)
(-0.00836108 1.45301 0)
(-0.0218946 1.46744 0)
(-0.0502896 1.47362 0)
(-0.0876677 1.50879 0)
(-0.112627 1.94605 0)
(-0.136263 2.94561 0)
(-0.137343 3.4206 0)
(-0.12475 3.52878 0)
(-0.101951 3.39129 0)
(-0.0701872 2.84235 0)
(-0.0258325 1.60732 0)
(-0.000773299 0.267844 0)
(-0.0016926 0.349769 0)
(-0.00519113 0.717236 0)
(-0.00985161 1.00733 0)
(-0.0164118 1.19994 0)
(-0.0183227 1.31477 0)
(-0.011161 1.38224 0)
(-0.000749312 1.41752 0)
(0.00503109 1.44056 0)
(0.005138 1.46083 0)
(-0.0135021 1.48698 0)
(-0.0521678 1.50978 0)
(-0.100906 1.5411 0)
(-0.125177 1.96875 0)
(-0.134387 2.96091 0)
(-0.133572 3.40531 0)
(-0.121724 3.49128 0)
(-0.100285 3.32519 0)
(-0.0684074 2.72378 0)
(-0.0241864 1.46516 0)
(-0.000378019 0.241432 0)
(-0.00139497 0.359875 0)
(-0.00269263 0.724308 0)
(-0.00353215 1.01632 0)
(-0.00502534 1.20782 0)
(-0.00408335 1.30923 0)
(0.00486274 1.36552 0)
(0.019651 1.40147 0)
(0.032024 1.43387 0)
(0.0360239 1.46922 0)
(0.0212137 1.51013 0)
(-0.0265614 1.55587 0)
(-0.0889536 1.58129 0)
(-0.111333 1.98721 0)
(-0.118299 2.96655 0)
(-0.119729 3.39324 0)
(-0.114491 3.46438 0)
(-0.098092 3.27468 0)
(-0.0707435 2.61357 0)
(-0.0225253 1.31981 0)
(-0.000222374 0.217714 0)
(-0.00106662 0.365383 0)
(-0.000307017 0.722552 0)
(0.00242205 1.01308 0)
(0.00656047 1.20287 0)
(0.0143688 1.29574 0)
(0.0293878 1.34218 0)
(0.0506483 1.37702 0)
(0.0721667 1.41767 0)
(0.0850923 1.46781 0)
(0.0786185 1.53473 0)
(0.0281073 1.6107 0)
(-0.0488454 1.63333 0)
(-0.0806189 2.00568 0)
(-0.0993943 2.97262 0)
(-0.110746 3.39693 0)
(-0.115649 3.45485 0)
(-0.105089 3.23001 0)
(-0.0789504 2.48362 0)
(-0.0219298 1.1711 0)
(-0.000753169 0.195303 0)
(-0.000628357 0.365727 0)
(0.00261052 0.711549 0)
(0.00844384 0.998856 0)
(0.0179951 1.18251 0)
(0.034198 1.26703 0)
(0.0585997 1.30666 0)
(0.0896816 1.34093 0)
(0.122143 1.38818 0)
(0.151817 1.45324 0)
(0.15629 1.55873 0)
(0.105852 1.6738 0)
(0.00614433 1.70509 0)
(-0.0554918 2.03745 0)
(-0.0916656 2.99806 0)
(-0.114648 3.41948 0)
(-0.12293 3.45572 0)
(-0.12012 3.18424 0)
(-0.0798064 2.32785 0)
(-0.0163129 1.03314 0)
(-0.000492926 0.173849 0)
(0.000115935 0.359045 0)
(0.00600363 0.691921 0)
(0.0150468 0.974065 0)
(0.0300865 1.14623 0)
(0.0552724 1.21964 0)
(0.0910879 1.25373 0)
(0.135924 1.28733 0)
(0.184906 1.33915 0)
(0.234796 1.42791 0)
(0.257585 1.57748 0)
(0.19432 1.74991 0)
(0.0606842 1.81105 0)
(-0.0497647 2.10552 0)
(-0.10776 3.04995 0)
(-0.141505 3.4506 0)
(-0.152964 3.46059 0)
(-0.13355 3.12293 0)
(-0.074226 2.12146 0)
(-0.0103119 0.916109 0)
(-0.000363532 0.157429 0)
(0.00123861 0.343472 0)
(0.00993716 0.663111 0)
(0.0221413 0.938361 0)
(0.0429006 1.09332 0)
(0.0774328 1.15189 0)
(0.125906 1.17904 0)
(0.187631 1.21035 0)
(0.260938 1.26461 0)
(0.3325 1.38659 0)
(0.372033 1.59706 0)
(0.27142 1.85467 0)
(0.0963949 1.95721 0)
(-0.061894 2.21804 0)
(-0.154624 3.13391 0)
(-0.193347 3.4766 0)
(-0.190543 3.44817 0)
(-0.155618 3.00077 0)
(-0.0620263 1.86714 0)
(0.000339921 0.835431 0)
(0.00109943 0.156247 0)
(0.00265617 0.317535 0)
(0.0136917 0.626079 0)
(0.028322 0.891815 0)
(0.0544057 1.0236 0)
(0.0976174 1.06371 0)
(0.157942 1.08081 0)
(0.236971 1.10597 0)
(0.335618 1.16469 0)
(0.439707 1.31835 0)
(0.459328 1.63975 0)
(0.315776 1.99887 0)
(0.0983727 2.14173 0)
(-0.100799 2.38468 0)
(-0.223547 3.2528 0)
(-0.26807 3.48896 0)
(-0.245437 3.39637 0)
(-0.175929 2.75188 0)
(-0.0342114 1.55557 0)
(0.0061216 0.795039 0)
(0.00242508 0.182365 0)
(0.00406214 0.282191 0)
(0.0158673 0.584398 0)
(0.0311035 0.836671 0)
(0.0603705 0.939969 0)
(0.108998 0.959197 0)
(0.17713 0.962013 0)
(0.268929 0.975494 0)
(0.382675 1.04287 0)
(0.498443 1.24824 0)
(0.49206 1.70896 0)
(0.313061 2.17789 0)
(0.0552217 2.35292 0)
(-0.178015 2.60505 0)
(-0.32469 3.37991 0)
(-0.352527 3.49719 0)
(-0.320868 3.28093 0)
(-0.194507 2.39884 0)
(-0.0373282 1.31431 0)
(-0.00233175 0.750259 0)
(0.00183654 0.207912 0)
(0.00481568 0.242759 0)
(0.01454 0.545484 0)
(0.0274293 0.779756 0)
(0.0556996 0.8515 0)
(0.103062 0.849564 0)
(0.171374 0.833252 0)
(0.265439 0.829759 0)
(0.383138 0.910016 0)
(0.481962 1.21175 0)
(0.439132 1.80592 0)
(0.226227 2.38552 0)
(-0.0448058 2.58502 0)
(-0.286486 2.85183 0)
(-0.447778 3.47946 0)
(-0.45172 3.4877 0)
(-0.378758 3.03059 0)
(-0.139263 1.8703 0)
(-0.0528407 1.14683 0)
(-0.0133665 0.672845 0)
(0.000629312 0.214253 0)
(0.00378074 0.210871 0)
(0.00694547 0.522528 0)
(0.0123413 0.734401 0)
(0.0320245 0.774948 0)
(0.0671495 0.752184 0)
(0.121339 0.713119 0)
(0.198408 0.692137 0)
(0.289077 0.793463 0)
(0.344109 1.19001 0)
(0.267576 1.93178 0)
(0.0491668 2.59489 0)
(-0.192801 2.79572 0)
(-0.448298 3.16026 0)
(-0.566925 3.54108 0)
(-0.552734 3.41343 0)
(-0.351572 2.5361 0)
(-0.117661 1.56112 0)
(-0.0513366 1.00132 0)
(-0.0157033 0.573951 0)
(0.000148311 0.202264 0)
(0.000677391 0.200757 0)
(-0.00645609 0.527769 0)
(-0.013816 0.718086 0)
(-0.0115705 0.732569 0)
(6.16581e-05 0.691695 0)
(0.023724 0.629838 0)
(0.0621712 0.59212 0)
(0.105659 0.722476 0)
(0.11523 1.20634 0)
(0.0238751 2.0443 0)
(-0.166685 2.78014 0)
(-0.377979 2.9798 0)
(-0.628252 3.43741 0)
(-0.688438 3.57895 0)
(-0.592728 3.15572 0)
(-0.197745 1.90024 0)
(-0.0870961 1.34446 0)
(-0.0391558 0.886733 0)
(-0.0124367 0.484657 0)
(0.000648833 0.193672 0)
(-0.000384431 0.0713753 0)
(-0.0126525 0.401579 0)
(-0.0382746 0.691396 0)
(-0.0644425 0.755096 0)
(-0.0911105 0.72166 0)
(-0.116916 0.655806 0)
(-0.138829 0.578929 0)
(-0.152938 0.606602 0)
(-0.173581 0.937964 0)
(-0.206334 1.64644 0)
(-0.289112 2.58933 0)
(-0.455242 3.05539 0)
(-0.675754 3.3748 0)
(-0.808757 3.64162 0)
(-0.6751 3.17831 0)
(-0.243458 1.89345 0)
(-0.124716 1.42314 0)
(-0.0538808 1.01093 0)
(-0.0213043 0.584652 0)
(-0.000640846 0.181729 0)
(0.287089 2.38452 0)
(0.224265 3.5505 -2.98255e-21)
(0.197493 3.64351 -5.9221e-20)
(0.180668 3.57203 0)
(0.165696 3.51294 -5.27351e-19)
(0.146413 3.46593 -7.87906e-19)
(0.132805 3.4473 8.57262e-19)
(0.11892 3.41614 1.1359e-20)
(0.0931065 3.08379 7.89625e-19)
(0.021093 0.925416 0)
(0.123585 2.48179 -2.9386e-21)
(0.102372 3.46798 0)
(0.107984 3.56226 8.31546e-21)
(0.105693 3.51771 -5.68449e-20)
(0.101288 3.47568 2.17449e-20)
(0.0953984 3.44437 -7.84012e-19)
(0.0859463 3.4332 8.14535e-19)
(0.0726365 3.41026 8.37577e-19)
(0.044427 3.02001 8.54954e-19)
(-0.0101042 0.810059 -8.73367e-19)
(0.0703398 2.34713 -6.01779e-20)
(0.0622726 3.40524 5.28541e-19)
(0.065545 3.51463 0)
(0.065719 3.48172 -6.66514e-19)
(0.0650105 3.44947 7.46014e-19)
(0.0632429 3.42666 -7.92213e-19)
(0.0593803 3.4224 2.61415e-20)
(0.0558895 3.41136 1.69838e-18)
(0.0406247 3.06466 0)
(-0.0100779 0.855034 -8.46297e-21)
(0.0382277 2.26082 -5.77935e-19)
(0.0328905 3.36707 6.82359e-19)
(0.0362045 3.47899 1.40965e-18)
(0.0388206 3.45241 2.38484e-20)
(0.0409481 3.4268 0)
(0.0429023 3.41016 0)
(0.0444089 3.40999 8.36089e-19)
(0.0462208 3.40563 -1.41575e-20)
(0.0374928 3.09998 -1.38584e-18)
(-0.0115982 0.898085 4.78231e-19)
(0.020918 2.23074 9.8914e-21)
(0.0125634 3.34575 7.10296e-19)
(0.0160421 3.45033 -3.61969e-19)
(0.0209751 3.42695 -4.04159e-19)
(0.0256484 3.40574 4.38696e-19)
(0.0306312 3.39296 4.29932e-19)
(0.0356035 3.39487 -7.32279e-21)
(0.0407214 3.39567 4.83204e-19)
(0.0366064 3.12881 0)
(-0.0126573 0.941613 -9.78428e-19)
(0.0117423 2.24115 -7.93773e-23)
(-0.00434199 3.3354 -3.50077e-19)
(0.00274355 3.42541 3.58184e-20)
(0.00914307 3.40308 0)
(0.0158551 3.38454 -4.40133e-19)
(0.0231386 3.3741 4.55907e-19)
(0.0305825 3.37714 4.62366e-19)
(0.0382126 3.38206 4.70745e-19)
(0.038224 3.15332 -7.67926e-21)
(-0.0130178 0.989128 5.08338e-19)
(0.0047819 2.27986 -3.85738e-19)
(-0.0162192 3.33014 1.42337e-22)
(-0.00701841 3.40182 4.26422e-19)
(0.00099438 3.37908 4.33284e-19)
(0.00933525 3.36204 -2.85263e-20)
(0.0185678 3.35292 2.20882e-22)
(0.0281647 3.35654 -4.60773e-19)
(0.0381831 3.36474 1.0154e-18)
(0.0423506 3.1735 -5.05197e-19)
(-0.0123775 1.04676 -9.7045e-21)
(-0.00317703 2.34092 -5.99802e-23)
(-0.0253987 3.32617 0)
(-0.0153772 3.37751 -4.45453e-19)
(-0.00548979 3.35341 -2.88171e-20)
(0.00458796 3.33697 4.99654e-19)
(0.0158147 3.32852 0)
(0.027649 3.33232 5.34386e-19)
(0.0402638 3.34314 0)
(0.0487545 3.18936 5.30102e-19)
(-0.0102026 1.1217 0)
(-0.0131628 2.42046 -6.76486e-21)
(-0.0349114 3.3198 8.81379e-19)
(-0.0236269 3.34989 -4.40332e-19)
(-0.0114664 3.32417 -3.02915e-20)
(0.000778153 3.30786 3.11513e-20)
(0.0142794 3.29975 -3.22398e-20)
(0.0286008 3.30359 5.6117e-19)
(0.0441582 3.31649 -6.49507e-23)
(0.056849 3.19988 -5.61763e-19)
(-0.00572544 1.2207 -5.69651e-19)
(-0.0273691 2.5183 -4.61107e-19)
(-0.045837 3.30693 -4.65224e-19)
(-0.032493 3.31628 0)
(-0.0173785 3.28948 -5.50416e-19)
(-0.00234774 3.27335 3.29506e-20)
(0.0137978 3.2657 5.55024e-19)
(0.0307381 3.26972 -1.13021e-18)
(0.0492901 3.28423 -1.18194e-18)
(0.0657874 3.20379 -9.14466e-21)
(0.00158747 1.35106 -3.09305e-19)
(-0.0463096 2.63145 -2.36112e-19)
(-0.0575985 3.28367 -1.57743e-20)
(-0.0413593 3.27504 -5.1899e-19)
(-0.0229015 3.24868 0)
(-0.00469795 3.23339 0)
(0.0141406 3.22654 2.58628e-19)
(0.0335941 3.2308 0)
(0.0546348 3.24625 -3.02777e-19)
(0.0742888 3.19948 0)
(0.0115887 1.51857 3.23942e-19)
(-0.0676057 2.75397 8.0508e-21)
(-0.0678368 3.24814 -2.61715e-19)
(-0.0478952 3.22678 2.70404e-20)
(-0.0266902 3.20305 0)
(-0.00613852 3.18953 3.74358e-20)
(0.0143886 3.18373 -3.90403e-19)
(0.0356627 3.18804 3.1378e-19)
(0.0583549 3.20329 -2.03786e-20)
(0.0802762 3.18526 1.05936e-20)
(0.0235036 1.72231 6.91143e-19)
(-0.0855505 2.87455 -8.74757e-21)
(-0.0733962 3.20295 1.7908e-20)
(-0.0502987 3.17528 -3.03162e-19)
(-0.0277922 3.15432 2.64373e-19)
(-0.00663757 3.14253 -2.73026e-19)
(0.0141799 3.13801 -3.63856e-19)
(0.035742 3.14298 3.33364e-19)
(0.0584246 3.15778 3.30882e-19)
(0.0819013 3.16194 -2.2474e-20)
(0.0353799 1.96178 3.62845e-19)
(-0.0932821 2.97858 9.34512e-21)
(-0.0729055 3.15253 3.01102e-19)
(-0.0500263 3.12142 3.96485e-20)
(-0.0282768 3.10203 -2.07386e-19)
(-0.00672545 3.09169 1.03671e-22)
(0.0148195 3.08878 -4.3458e-20)
(0.0361327 3.09511 2.21594e-19)
(0.0567079 3.11099 2.30778e-20)
(0.0784808 3.13126 -2.36423e-20)
(0.0438187 2.23465 0)
(-0.0956178 3.04054 -1.53951e-19)
(-0.0712713 3.09245 -1.65888e-19)
(-0.0494979 3.0629 -1.66415e-19)
(-0.0271401 3.04846 4.34312e-20)
(-0.00585701 3.04218 -2.20716e-19)
(0.0144698 3.04089 -8.93784e-23)
(0.0349348 3.04604 9.5939e-20)
(0.0556004 3.05936 -1.68926e-19)
(0.0794812 3.08817 -1.85545e-19)
(0.0484653 2.52759 0)
(-0.0951247 3.03672 8.41715e-20)
(-0.056625 3.02296 -2.20899e-20)
(-0.0314165 3.01243 -4.43308e-20)
(-0.0148495 3.00884 4.51226e-20)
(-0.00265694 3.00861 0)
(0.0086751 3.0076 -4.68563e-20)
(0.0207061 3.0093 0)
(0.0363007 3.01352 -1.28263e-19)
(0.0646728 3.02575 8.1288e-20)
(0.0493409 2.79242 -1.10929e-19)
(0.939312 -0.0855792 0)
(1.06141 -0.0844883 0)
(1.03124 -0.0590227 0)
(1.01436 -0.0382582 0)
(1.00657 -0.023502 0)
(1.00323 -0.0141903 0)
(1.00171 -0.00854036 0)
(1.00099 -0.0049186 0)
(1.00065 -0.00237718 0)
(1.00049 -0.000286035 0)
(1.00054 0.00168698 0)
(1.00075 0.00390903 0)
(1.00124 0.00686604 0)
(1.00228 0.0112999 0)
(1.00451 0.0184988 0)
(1.00959 0.0303064 0)
(1.02115 0.0479514 0)
(1.0464 0.072722 0)
(1.05532 0.0889721 0)
(0.533033 0.0342675 0)
(0.723925 -0.0309186 0)
(1.09241 -0.0588711 0)
(1.08847 -0.053317 0)
(1.05263 -0.0434921 0)
(1.02962 -0.0341232 0)
(1.01618 -0.0247053 0)
(1.00904 -0.0165347 0)
(1.00536 -0.0100791 0)
(1.00352 -0.00501294 0)
(1.00278 -0.000585961 0)
(1.00298 0.00366716 0)
(1.00415 0.00824504 0)
(1.00673 0.0138347 0)
(1.01184 0.0210169 0)
(1.02169 0.029825 0)
(1.03948 0.0392414 0)
(1.06846 0.048302 0)
(1.10323 0.058331 0)
(1.00581 0.0570435 0)
(0.263256 0.00536209 0)
(0.56446 -0.0100742 0)
(1.04874 -0.0422265 0)
(1.10387 -0.0449538 0)
(1.0723 -0.0379817 0)
(1.04736 -0.0314442 0)
(1.03021 -0.0253036 0)
(1.01891 -0.0189563 0)
(1.01202 -0.0125676 0)
(1.00823 -0.00653568 0)
(1.00663 -0.000683931 0)
(1.00707 0.00505982 0)
(1.00955 0.0108385 0)
(1.01465 0.0169051 0)
(1.02352 0.0231424 0)
(1.03753 0.0291776 0)
(1.05822 0.0352672 0)
(1.08862 0.042185 0)
(1.10259 0.0464905 0)
(0.882821 0.0302369 0)
(0.191421 0.000812208 0)
(0.481207 -0.0052576 0)
(0.98771 -0.0299354 0)
(1.1056 -0.0381363 0)
(1.08306 -0.0345176 0)
(1.05716 -0.0292732 0)
(1.03962 -0.0238439 0)
(1.02745 -0.0184293 0)
(1.01909 -0.0128201 0)
(1.01389 -0.00688718 0)
(1.01151 -0.000541902 0)
(1.01214 0.00581897 0)
(1.01569 0.011788 0)
(1.02226 0.0173356 0)
(1.03233 0.0225606 0)
(1.04683 0.0277272 0)
(1.06807 0.0328947 0)
(1.09841 0.0377847 0)
(1.08325 0.0374444 0)
(0.782582 0.0176782 0)
(0.162881 0.00058473 0)
(0.429391 -0.00352772 0)
(0.927887 -0.0220696 0)
(1.10093 -0.0324989 0)
(1.09228 -0.0309343 0)
(1.0651 -0.026857 0)
(1.0467 -0.02236 0)
(1.03411 -0.0174015 0)
(1.02535 -0.0121527 0)
(1.01957 -0.00650882 0)
(1.01675 -0.000203584 0)
(1.01744 0.00617762 0)
(1.02144 0.0119321 0)
(1.02843 0.0170688 0)
(1.03878 0.0218447 0)
(1.05385 0.0262666 0)
(1.07621 0.0302222 0)
(1.10279 0.0334736 0)
(1.05451 0.0305587 0)
(0.706789 0.0118726 0)
(0.144997 0.000435345 0)
(0.392713 -0.00258823 0)
(0.874381 -0.0168216 0)
(1.09061 -0.0280128 0)
(1.09904 -0.0277856 0)
(1.07223 -0.0242821 0)
(1.05314 -0.0204902 0)
(1.04002 -0.0161444 0)
(1.03092 -0.0112405 0)
(1.02489 -0.00581346 0)
(1.02185 0.000265497 0)
(1.0225 0.00639929 0)
(1.02659 0.011888 0)
(1.03373 0.0167009 0)
(1.04444 0.0209179 0)
(1.06007 0.0245452 0)
(1.0831 0.0277909 0)
(1.10373 0.0301043 0)
(1.0213 0.0253197 0)
(0.648859 0.00875849 0)
(0.132122 0.000335422 0)
(0.365219 -0.00197001 0)
(0.828454 -0.0130756 0)
(1.07651 -0.0241112 0)
(1.1034 -0.0249724 0)
(1.07854 -0.0219037 0)
(1.05898 -0.0184316 0)
(1.04553 -0.0145362 0)
(1.0361 -0.0100881 0)
(1.0298 -0.00498646 0)
(1.02657 0.000832515 0)
(1.02712 0.00668765 0)
(1.03123 0.0118292 0)
(1.03854 0.0161604 0)
(1.0495 0.019796 0)
(1.06543 0.0229189 0)
(1.08896 0.0258186 0)
(1.10179 0.0272752 0)
(0.986926 0.021139 0)
(0.603443 0.00679905 0)
(0.122226 0.000267909 0)
(0.34407 -0.00151854 0)
(0.789753 -0.0102841 0)
(1.06028 -0.0206375 0)
(1.10612 -0.0223391 0)
(1.08437 -0.0196965 0)
(1.06435 -0.0164152 0)
(1.05063 -0.0127886 0)
(1.04099 -0.00868712 0)
(1.03446 -0.00393695 0)
(1.03103 0.00153148 0)
(1.03145 0.00700264 0)
(1.03553 0.0117063 0)
(1.04287 0.0155684 0)
(1.05392 0.0187853 0)
(1.07014 0.0215531 0)
(1.09383 0.0241497 0)
(1.09719 0.0248051 0)
(0.953336 0.0177839 0)
(0.566959 0.00544469 0)
(0.114354 0.000218342 0)
(0.327624 -0.00117189 0)
(0.757467 -0.0081168 0)
(1.04315 -0.0174916 0)
(1.10778 -0.0198224 0)
(1.08976 -0.0175758 0)
(1.06939 -0.0144794 0)
(1.05544 -0.0110323 0)
(1.04563 -0.00716414 0)
(1.03889 -0.00272447 0)
(1.0352 0.00237672 0)
(1.03545 0.00743413 0)
(1.03946 0.0116809 0)
(1.04676 0.015134 0)
(1.05783 0.0180056 0)
(1.0743 0.0204422 0)
(1.09742 0.0226484 0)
(1.09014 0.0225594 0)
(0.921575 0.0150792 0)
(0.53705 0.00446089 0)
(0.107933 0.000182254 0)
(0.314851 -0.000892074 0)
(0.730794 -0.00636101 0)
(1.0262 -0.0146137 0)
(1.10849 -0.0173097 0)
(1.09484 -0.0153618 0)
(1.07419 -0.0123797 0)
(1.06 -0.00912966 0)
(1.05002 -0.00550218 0)
(1.04312 -0.00133292 0)
(1.03924 0.00340384 0)
(1.03923 0.0080137 0)
(1.043 0.0118162 0)
(1.05017 0.0148435 0)
(1.06126 0.0173116 0)
(1.07796 0.0194302 0)
(1.09974 0.0212575 0)
(1.08124 0.0205141 0)
(0.892156 0.0128923 0)
(0.512125 0.00372292 0)
(0.102583 0.000155925 0)
(0.305094 -0.000654929 0)
(0.709119 -0.00486828 0)
(1.01022 -0.0119182 0)
(1.10845 -0.014782 0)
(1.09971 -0.0131164 0)
(1.0788 -0.0102228 0)
(1.06427 -0.00714167 0)
(1.05406 -0.00368857 0)
(1.04694 0.00025133 0)
(1.04277 0.00463545 0)
(1.04246 0.00878852 0)
(1.04601 0.0121471 0)
(1.05303 0.0147677 0)
(1.06413 0.0168451 0)
(1.0811 0.0186148 0)
(1.1009 0.0200139 0)
(1.07097 0.0186513 0)
(0.865265 0.0111001 0)
(0.491094 0.00315768 0)
(0.0980291 0.000137193 0)
(0.297952 -0.000441488 0)
(0.692017 -0.00353065 0)
(0.995796 -0.00931317 0)
(1.1077 -0.0121389 0)
(1.10409 -0.0107278 0)
(1.0832 -0.00793204 0)
(1.06839 -0.00494945 0)
(1.05792 -0.00164807 0)
(1.0505 0.00206422 0)
(1.04598 0.0061253 0)
(1.04529 0.00986753 0)
(1.04853 0.0127583 0)
(1.05539 0.0149436 0)
(1.06649 0.0166484 0)
(1.08364 0.0179938 0)
(1.10107 0.0188652 0)
(1.05961 0.016909 0)
(0.840888 0.00959477 0)
(0.473164 0.00271052 0)
(0.094069 0.000123858 0)
(0.293206 -0.000242345 0)
(0.679239 -0.0022768 0)
(0.983509 -0.00673197 0)
(1.1066 -0.00925452 0)
(1.1081 -0.00796067 0)
(1.08756 -0.00525482 0)
(1.0725 -0.00239121 0)
(1.06175 0.000758934 0)
(1.05397 0.00423803 0)
(1.04899 0.0079603 0)
(1.04786 0.0112365 0)
(1.05075 0.0135852 0)
(1.05737 0.0152149 0)
(1.06837 0.016407 0)
(1.08549 0.0173657 0)
(1.10022 0.0177502 0)
(1.04757 0.015271 0)
(0.818991 0.00832546 0)
(0.457785 0.00236055 0)
(0.0905596 0.00011569 0)
(0.29071 -4.52222e-05 0)
(0.670594 -0.00108051 0)
(0.973763 -0.00419358 0)
(1.1056 -0.00624818 0)
(1.11192 -0.00499424 0)
(1.09176 -0.00238474 0)
(1.07636 0.000343369 0)
(1.06531 0.00336622 0)
(1.05722 0.00672674 0)
(1.05178 0.0102009 0)
(1.05002 0.0130559 0)
(1.05232 0.0149437 0)
(1.05855 0.0160692 0)
(1.06939 0.0166729 0)
(1.08663 0.017144 0)
(1.09837 0.0168391 0)
(1.0352 0.013861 0)
(0.799406 0.00729103 0)
(0.44448 0.0020934 0)
(0.0873723 0.000111176 0)
(0.290584 0.00014848 0)
(0.666071 0.000110505 0)
(0.966772 -0.0015776 0)
(1.10478 -0.00302761 0)
(1.11544 -0.00184173 0)
(1.0958 0.00065865 0)
(1.08015 0.00340579 0)
(1.06877 0.00645617 0)
(1.06014 0.00973555 0)
(1.05398 0.0129648 0)
(1.05152 0.0153845 0)
(1.05328 0.0166886 0)
(1.05905 0.0172248 0)
(1.06963 0.0173495 0)
(1.08658 0.0172204 0)
(1.09533 0.0161996 0)
(1.02234 0.0126374 0)
(0.781818 0.00645287 0)
(0.432835 0.00189368 0)
(0.0844139 0.000106072 0)
(0.292703 0.000393771 0)
(0.665685 0.00125998 0)
(0.962865 0.000928914 0)
(1.10451 0.000333144 0)
(1.11887 0.0016643 0)
(1.1 0.00416794 0)
(1.08421 0.0069908 0)
(1.07251 0.0101029 0)
(1.06337 0.0133496 0)
(1.05646 0.0163679 0)
(1.05305 0.0183271 0)
(1.05393 0.0190774 0)
(1.05908 0.0189697 0)
(1.06917 0.0183769 0)
(1.08554 0.0175821 0)
(1.0907 0.0158719 0)
(1.00923 0.0118923 0)
(0.765837 0.00604156 0)
(0.422253 0.00183513 0)
(0.0816112 0.000102531 0)
(0.296889 0.000596213 0)
(0.668869 0.00236492 0)
(0.962297 0.00325498 0)
(1.10544 0.00369476 0)
(1.12254 0.00546073 0)
(1.10432 0.00817231 0)
(1.08825 0.0111468 0)
(1.076 0.0143736 0)
(1.06609 0.0176686 0)
(1.05817 0.0205565 0)
(1.05367 0.0221018 0)
(1.05363 0.0221959 0)
(1.0581 0.0213613 0)
(1.06772 0.0200629 0)
(1.08332 0.0186072 0)
(1.08478 0.0163067 0)
(0.995812 0.0119104 0)
(0.750602 0.0061676 0)
(0.411759 0.00195508 0)
(0.0787417 0.000107539 0)
(0.303026 0.000804045 0)
(0.675361 0.00339228 0)
(0.965111 0.00549687 0)
(1.10803 0.00700051 0)
(1.12693 0.00935234 0)
(1.10913 0.0123943 0)
(1.09274 0.0156927 0)
(1.07996 0.0192866 0)
(1.06922 0.0228755 0)
(1.06006 0.0257377 0)
(1.05416 0.02688 0)
(1.05292 0.0263356 0)
(1.05643 0.0248033 0)
(1.06541 0.0227812 0)
(1.08012 0.0205595 0)
(1.07765 0.0176692 0)
(0.981742 0.0127445 0)
(0.735075 0.00682352 0)
(0.400355 0.00224009 0)
(0.0755488 0.000122955 0)
(0.311211 0.00104031 0)
(0.685104 0.00450334 0)
(0.971277 0.00786621 0)
(1.11239 0.0105599 0)
(1.13214 0.0135349 0)
(1.11461 0.0170597 0)
(1.09786 0.0209516 0)
(1.08436 0.0251653 0)
(1.07244 0.0291864 0)
(1.06166 0.0321446 0)
(1.05408 0.0329289 0)
(1.05145 0.0317208 0)
(1.05389 0.0293755 0)
(1.0621 0.0265964 0)
(1.07567 0.0235414 0)
(1.06897 0.0199178 0)
(0.966461 0.0143351 0)
(0.718098 0.00790861 0)
(0.387175 0.00264473 0)
(0.0718101 0.000146066 0)
(0.32189 0.00133929 0)
(0.698497 0.00584108 0)
(0.981097 0.0106003 0)
(1.11894 0.0148166 0)
(1.13847 0.0187839 0)
(1.12116 0.0230693 0)
(1.10393 0.0277791 0)
(1.0894 0.0326897 0)
(1.07593 0.037113 0)
(1.06316 0.0400646 0)
(1.05352 0.0403109 0)
(1.04922 0.0382575 0)
(1.05041 0.0350345 0)
(1.05767 0.0313325 0)
(1.06966 0.0273806 0)
(1.05862 0.0228573 0)
(0.949497 0.0165843 0)
(0.698601 0.00930079 0)
(0.371599 0.00312315 0)
(0.0673725 0.000173785 0)
(0.335857 0.0017398 0)
(0.716361 0.00756549 0)
(0.995256 0.0139487 0)
(1.1286 0.0200744 0)
(1.14675 0.0255158 0)
(1.12924 0.0309713 0)
(1.11111 0.0366748 0)
(1.09506 0.0423154 0)
(1.07959 0.0471022 0)
(1.06436 0.0498321 0)
(1.05226 0.0492237 0)
(1.04604 0.0460252 0)
(1.04584 0.0416969 0)
(1.05203 0.037092 0)
(1.06211 0.032214 0)
(1.04651 0.0267764 0)
(0.930023 0.0194966 0)
(0.675639 0.0108966 0)
(0.353238 0.00364491 0)
(0.0621564 0.00020109 0)
(0.354359 0.00228399 0)
(0.740069 0.00980795 0)
(1.01449 0.0182123 0)
(1.14206 0.0266167 0)
(1.15781 0.0338635 0)
(1.13922 0.0407721 0)
(1.11954 0.0477002 0)
(1.10135 0.0542301 0)
(1.08327 0.0594208 0)
(1.06502 0.0618397 0)
(1.05001 0.0602462 0)
(1.04161 0.0557528 0)
(1.03999 0.0500582 0)
(1.04521 0.0442646 0)
(1.05315 0.038561 0)
(1.03213 0.0319433 0)
(0.906533 0.0230166 0)
(0.648367 0.0126936 0)
(0.331709 0.00423583 0)
(0.056088 0.000230565 0)
(0.379382 0.00305752 0)
(0.771826 0.0128264 0)
(1.03984 0.0240103 0)
(1.1597 0.0350714 0)
(1.17204 0.0442027 0)
(1.15154 0.0527228 0)
(1.12948 0.0610552 0)
(1.10843 0.068656 0)
(1.08704 0.074344 0)
(1.0652 0.0765366 0)
(1.04688 0.0740853 0)
(1.03596 0.0684423 0)
(1.03258 0.0614942 0)
(1.03683 0.0543065 0)
(1.04236 0.0472168 0)
(1.01379 0.0384329 0)
(0.877486 0.0269077 0)
(0.616149 0.0147014 0)
(0.30652 0.00488773 0)
(0.0490948 0.000258471 0)
(0.414442 0.00421981 0)
(0.815109 0.0171482 0)
(1.0731 0.0324796 0)
(1.18182 0.0469981 0)
(1.18946 0.0581106 0)
(1.16614 0.0681854 0)
(1.14099 0.0779014 0)
(1.11633 0.0865057 0)
(1.09092 0.0925293 0)
(1.06491 0.0943395 0)
(1.04293 0.0909165 0)
(1.02923 0.0840879 0)
(1.02374 0.0759029 0)
(1.02629 0.0671616 0)
(1.02811 0.0575247 0)
(0.989242 0.0455278 0)
(0.842131 0.031098 0)
(0.57823 0.0169506 0)
(0.276981 0.00558252 0)
(0.0411004 0.000283538 0)
(0.466462 0.00606379 0)
(0.875402 0.0242332 0)
(1.1178 0.0460287 0)
(1.20917 0.0651595 0)
(1.20984 0.0784323 0)
(1.18272 0.0898098 0)
(1.15373 0.100503 0)
(1.12465 0.1094 0)
(1.09456 0.114968 0)
(1.06391 0.115588 0)
(1.03799 0.110471 0)
(1.02124 0.101933 0)
(1.01321 0.0920438 0)
(1.01279 0.0811976 0)
(1.00836 0.0683966 0)
(0.957961 0.0528011 0)
(0.800385 0.0357222 0)
(0.533178 0.0193361 0)
(0.242183 0.00622034 0)
(0.0320679 0.000299245 0)
(0.55277 0.0101096 0)
(0.964629 0.0398627 1.50968e-33)
(1.17968 0.0712604 0)
(1.24245 0.0947317 0)
(1.2325 0.109643 1.87922e-33)
(1.20029 0.12117 -8.04982e-34)
(1.16657 0.131411 0)
(1.13229 0.139007 0)
(1.09707 0.142557 -1.01883e-33)
(1.06145 0.14047 0)
(1.03143 0.132374 0)
(1.01141 0.12117 0)
(1.00033 0.108802 0)
(0.995672 0.0953078 0)
(0.98332 0.0794211 0)
(0.920757 0.0608881 0)
(0.75122 0.0410798 0)
(0.478516 0.0215095 0)
(0.200311 0.00642297 0)
(0.0216425 0.000294303 0)
(0.633656 0.0341427 -1.57101e-19)
(1.05074 0.075914 -4.42969e-20)
(1.23673 0.113706 -3.69531e-20)
(1.27452 0.137519 0)
(1.2543 0.152343 -3.46365e-20)
(1.2168 0.162997 2.92115e-20)
(1.17794 0.171912 -4.77707e-20)
(1.13813 0.177594 3.90897e-20)
(1.09728 0.178633 3.24688e-20)
(1.05584 0.17328 -5.18118e-20)
(1.02053 0.161534 -5.1074e-20)
(0.995685 0.146927 5.89986e-20)
(0.979436 0.131428 1.02872e-19)
(0.967836 0.115081 -4.05421e-20)
(0.945099 0.0965607 1.18516e-19)
(0.868377 0.074739 1.39212e-20)
(0.686771 0.051133 -1.64914e-19)
(0.413975 0.0270903 1.45349e-19)
(0.1594 0.00895157 -3.41556e-20)
(0.0133502 0.000547711 2.2977e-19)
(0.66602 0.0668825 -2.4521e-19)
(1.10688 0.130115 2.6742e-19)
(1.27742 0.170027 0)
(1.30055 0.192642 8.47141e-20)
(1.27265 0.204716 2.88774e-19)
(1.23025 0.212978 0)
(1.18619 0.219304 -2.01833e-19)
(1.14075 0.222209 1.7005e-19)
(1.09407 0.220047 0)
(1.04648 0.210913 -1.12933e-19)
(1.00529 0.195275 -2.18033e-19)
(0.975013 0.177273 -1.275e-19)
(0.953182 0.159148 7.52307e-20)
(0.935528 0.141237 -1.7648e-19)
(0.907049 0.122271 0)
(0.826162 0.0989869 -4.26645e-19)
(0.646633 0.0713079 5.69427e-19)
(0.387722 0.0388273 -6.7214e-19)
(0.149588 0.0141966 7.92053e-19)
(0.0126253 0.00114316 1.82961e-18)
(0.672861 0.103456 -3.5634e-20)
(1.13785 0.190229 -6.00655e-20)
(1.30346 0.234817 0)
(1.31859 0.254938 1.76999e-21)
(1.28552 0.263486 -1.48323e-19)
(1.23919 0.268328 1.30045e-19)
(1.19054 0.271039 0)
(1.14 0.270232 1.74894e-19)
(1.0878 0.264135 1.446e-19)
(1.03441 0.250781 0)
(0.987661 0.2312 2.32138e-19)
(0.952518 0.210172 6.88551e-19)
(0.926194 0.190156 1.61744e-19)
(0.904462 0.17129 0)
(0.87383 0.151845 1.11669e-19)
(0.795713 0.126765 -9.89109e-19)
(0.626614 0.0937217 -5.51054e-22)
(0.383671 0.0538528 0)
(0.156235 0.0218251 5.39166e-20)
(0.0158521 0.00225246 6.23803e-20)
(0.666993 0.13867 -7.15966e-20)
(1.15262 0.250865 4.8528e-19)
(1.31803 0.302225 8.32278e-19)
(1.32889 0.319906 -2.77001e-19)
(1.29235 0.325023 0)
(1.24306 0.326219 -1.32936e-19)
(1.1907 0.325032 -2.20569e-19)
(1.13581 0.320166 -3.74621e-19)
(1.0788 0.309842 6.28491e-19)
(1.02022 0.292154 -2.60076e-19)
(0.968509 0.268778 0)
(0.929289 0.245052 5.90815e-19)
(0.899628 0.223433 0)
(0.875203 0.203806 -2.04874e-19)
(0.843777 0.183961 -4.83608e-19)
(0.770114 0.157668 0)
(0.614619 0.119955 5.86814e-19)
(0.389604 0.0730906 -8.8437e-19)
(0.169873 0.0322993 -1.87213e-18)
(0.0206894 0.00404215 1.14521e-18)
(0.656663 0.171015 5.77194e-19)
(1.15672 0.309974 -1.21275e-19)
(1.32418 0.36906 0)
(1.33283 0.384961 1.12562e-20)
(1.29383 0.38693 -6.45615e-19)
(1.24224 0.384595 0)
(1.1869 0.379586 -4.46658e-21)
(1.12841 0.370691 -2.01844e-19)
(1.06729 0.35619 0)
(1.00426 0.334236 -5.5067e-19)
(0.948323 0.307196 5.42558e-19)
(0.905769 0.280943 -3.166e-19)
(0.873612 0.257766 7.50357e-19)
(0.847348 0.23735 2.21259e-19)
(0.815962 0.217053 1.1703e-21)
(0.747711 0.189887 -1.54397e-19)
(0.605627 0.14851 -7.25818e-19)
(0.397651 0.0951236 0)
(0.184275 0.0447099 -4.17485e-18)
(0.0255885 0.00635637 -4.65505e-23)
(0.645087 0.200847 1.17719e-18)
(1.15407 0.36638 1.02423e-20)
(1.32414 0.433577 9.96766e-19)
(1.33185 0.448728 0)
(1.29102 0.447868 3.31004e-19)
(1.23754 0.442194 -2.92067e-19)
(1.17973 0.433585 0)
(1.11824 0.420864 -2.08907e-19)
(1.05364 0.402369 3.44601e-19)
(0.986791 0.376314 0)
(0.927314 0.345684 -2.87339e-19)
(0.882089 0.316933 6.83332e-19)
(0.848046 0.292163 4.02589e-19)
(0.82053 0.270793 -2.40485e-19)
(0.789456 0.249985 0)
(0.726226 0.221813 2.79825e-21)
(0.596094 0.177366 5.88047e-19)
(0.402744 0.118045 -1.15197e-19)
(0.195127 0.0575893 2.0481e-18)
(0.0294901 0.00883268 2.51545e-18)
(0.634216 0.228641 -6.80391e-19)
(1.14735 0.419767 1.30393e-19)
(1.31986 0.495486 -2.26487e-19)
(1.32713 0.510407 2.9513e-21)
(1.28487 0.507051 1.76916e-19)
(1.22983 0.49831 -6.03523e-19)
(1.16993 0.486365 0)
(1.10587 0.470073 4.4907e-19)
(1.03826 0.44782 -3.83999e-19)
(0.968099 0.41784 6.30999e-19)
(0.905589 0.383675 9.40796e-19)
(0.858214 0.352331 -3.71902e-19)
(0.822782 0.325841 -1.23588e-21)
(0.794511 0.303354 -5.13848e-19)
(0.763998 0.281868 -3.04642e-19)
(0.705045 0.252543 0)
(0.584742 0.205153 -2.114e-19)
(0.402611 0.139894 -2.49715e-19)
(0.199621 0.0693131 0)
(0.031475 0.0109651 -2.62503e-18)
(0.624835 0.255045 -1.56354e-19)
(1.13827 0.470171 -6.73364e-19)
(1.31254 0.554526 -2.34088e-19)
(1.31963 0.569537 1.60751e-20)
(1.27618 0.564013 7.44049e-19)
(1.21982 0.552509 -3.14276e-19)
(1.15815 0.537521 -5.56637e-19)
(1.09186 0.517946 9.51393e-19)
(1.0216 0.492195 1.00294e-18)
(0.948469 0.458463 6.74761e-19)
(0.883273 0.420784 -3.38786e-19)
(0.834094 0.386716 -4.00662e-19)
(0.797668 0.358257 0)
(0.768993 0.334393 0)
(0.739144 0.311816 -3.25595e-19)
(0.683765 0.281256 7.75267e-19)
(0.570783 0.230413 4.58174e-19)
(0.396532 0.158787 8.0331e-19)
(0.198048 0.078806 1.57509e-19)
(0.0315558 0.0124921 1.81685e-19)
(0.616695 0.28012 6.36878e-19)
(1.1281 0.517841 0)
(1.30321 0.610592 0)
(1.31011 0.625928 6.41645e-19)
(1.26561 0.618499 3.81939e-19)
(1.20813 0.604526 -3.3837e-19)
(1.14494 0.586803 3.00669e-19)
(1.0767 0.564251 5.02916e-19)
(1.00405 0.535275 -8.57005e-19)
(0.928178 0.497987 -3.66914e-19)
(0.86052 0.45681 1.79869e-18)
(0.809732 0.419856 -8.59103e-19)
(0.772516 0.389172 0)
(0.743649 0.363625 -5.92331e-19)
(0.714449 0.33963 -3.52325e-19)
(0.66175 0.307314 -1.61927e-21)
(0.554013 0.252917 1.71785e-18)
(0.385122 0.17414 1.44121e-18)
(0.191039 0.0857586 1.69071e-19)
(0.0301625 0.0133387 -1.36736e-18)
(0.610213 0.304529 -1.65455e-19)
(1.1176 0.563018 1.3965e-19)
(1.29269 0.663713 7.6548e-19)
(1.29913 0.679535 -2.2764e-19)
(1.25371 0.6704 -4.03672e-19)
(1.19526 0.654216 -3.61113e-19)
(1.13075 0.634057 0)
(1.06078 0.60884 -5.35404e-19)
(0.985942 0.57693 -2.32276e-19)
(0.907492 0.536309 7.69613e-19)
(0.837451 0.491673 0)
(0.785145 0.45169 0)
(0.747208 0.418522 5.39875e-19)
(0.718204 0.390969 6.36411e-19)
(0.689567 0.365234 -1.51239e-18)
(0.638836 0.330676 -2.2356e-18)
(0.534592 0.271982 0)
(0.369498 0.185701 -3.09878e-19)
(0.180463 0.0897889 0)
(0.0278232 0.0135525 -2.09905e-19)
(0.605023 0.328054 5.08864e-19)
(1.10704 0.605713 -1.40602e-19)
(1.28141 0.713828 -5.22056e-19)
(1.28715 0.730361 0)
(1.24091 0.719673 0)
(1.18164 0.701525 3.79477e-19)
(1.11597 0.679209 -4.56947e-21)
(1.04443 0.651629 -2.90252e-19)
(0.967574 0.617093 9.49964e-21)
(0.886624 0.573385 3.49458e-18)
(0.814192 0.525377 -1.64473e-18)
(0.760284 0.482236 4.84548e-19)
(0.721593 0.446346 -5.8378e-19)
(0.692454 0.416491 2.05726e-18)
(0.664236 0.388641 1.22109e-18)
(0.614774 0.351333 4.79955e-19)
(0.51248 0.287623 0)
(0.350115 0.193718 1.00076e-18)
(0.167475 0.0911272 -1.95814e-19)
(0.0247417 0.013102 1.58234e-18)
(0.601007 0.350885 1.71146e-19)
(1.09697 0.646265 -2.95993e-19)
(1.26958 0.761218 1.19464e-20)
(1.27454 0.778401 -2.42526e-19)
(1.22758 0.766324 4.35497e-19)
(1.16759 0.74644 3.98556e-19)
(1.1009 0.722233 0)
(1.02795 0.692575 -2.92503e-19)
(0.949191 0.655718 -1.28111e-18)
(0.86577 0.609217 0)
(0.790823 0.557967 -2.19826e-18)
(0.735137 0.511581 -5.19e-19)
(0.695596 0.472744 1.24405e-18)
(0.666269 0.440294 0)
(0.638298 0.409978 0)
(0.589491 0.36935 5.17114e-19)
(0.487856 0.299833 -1.52475e-18)
(0.327629 0.198069 -1.4355e-18)
(0.152311 0.0900709 -2.10862e-18)
(0.0212767 0.0121768 0)
(0.597604 0.372894 5.34384e-19)
(1.08743 0.684902 -3.14819e-19)
(1.25753 0.805963 -2.76183e-19)
(1.26162 0.823721 1.28783e-20)
(1.21399 0.810403 2.2029e-19)
(1.15338 0.78899 1.2295e-18)
(1.0858 0.763131 -7.20213e-19)
(1.01157 0.731674 -1.26177e-18)
(0.930996 0.692805 -1.09188e-18)
(0.845106 0.643829 1.86744e-18)
(0.767482 0.589539 2.11811e-18)
(0.709801 0.539876 -1.40163e-18)
(0.669209 0.497878 -1.00297e-18)
(0.639566 0.462529 7.9102e-19)
(0.611651 0.429356 9.37031e-19)
(0.562908 0.384751 5.55676e-19)
(0.461143 0.30864 -1.31155e-18)
(0.302682 0.198896 0)
(0.135401 0.0867297 -1.81385e-18)
(0.0175458 0.0107821 5.21931e-19)
(0.59513 0.39427 -7.31671e-19)
(1.07787 0.721787 0)
(1.24549 0.848163 -4.43174e-21)
(1.24861 0.866429 2.561e-19)
(1.20037 0.851978 -4.74106e-19)
(1.13924 0.829217 6.40986e-19)
(1.07086 0.80193 0)
(0.995474 0.768933 0)
(0.913184 0.728362 -1.1573e-18)
(0.824823 0.677261 3.96945e-18)
(0.744355 0.620207 2.00713e-18)
(0.684344 0.567301 -2.97096e-19)
(0.642388 0.52194 3.55192e-19)
(0.612265 0.483337 8.49331e-19)
(0.584223 0.446854 0)
(0.53501 0.397523 3.577e-18)
(0.432462 0.313948 2.11125e-18)
(0.276003 0.196261 1.65987e-18)
(0.117786 0.0812055 0)
(0.0136838 0.00898567 -2.80103e-19)
(0.59306 0.415006 -1.87901e-19)
(1.06882 0.756795 -3.23647e-19)
(1.23357 0.887935 3.09476e-19)
(1.23567 0.906618 -3.80762e-21)
(1.18688 0.89113 -2.52533e-19)
(1.12531 0.867185 -9.01206e-19)
(1.05625 0.838674 2.04903e-19)
(0.979813 0.804384 -3.52403e-19)
(0.895913 0.762411 -1.21675e-18)
(0.805098 0.70955 2.11251e-18)
(0.721592 0.650068 0)
(0.658848 0.594046 1.28577e-18)
(0.615131 0.54515 7.68417e-19)
(0.584272 0.502872 -9.1315e-19)
(0.555902 0.462468 -1.08486e-18)
(0.505769 0.407494 -6.3898e-19)
(0.401939 0.315519 1.51407e-18)
(0.247998 0.190133 -8.90998e-19)
(0.099823 0.0739052 2.62606e-19)
(0.00991638 0.00694976 -3.01636e-19)
(0.591214 0.435185 3.2495e-21)
(1.06024 0.789999 3.42821e-19)
(1.2219 0.925406 -3.08175e-19)
(1.22291 0.94439 0)
(1.17364 0.927947 -2.69669e-19)
(1.11172 0.902972 9.33551e-19)
(1.04208 0.873409 -6.39528e-19)
(0.96471 0.838053 1.47334e-18)
(0.879301 0.79496 1.13034e-18)
(0.786064 0.740724 2.22444e-18)
(0.699324 0.679208 -2.28163e-18)
(0.63345 0.620302 0)
(0.587466 0.567794 -1.64432e-18)
(0.555446 0.521349 1.46999e-18)
(0.526471 0.476136 1.16319e-18)
(0.47513 0.414314 -6.87174e-19)
(0.369909 0.313035 0)
(0.219207 0.180542 -1.43389e-18)
(0.082056 0.0650453 5.62233e-19)
(0.00640083 0.00479577 0)
(0.589512 0.454501 1.9477e-19)
(1.05206 0.821421 3.40399e-19)
(1.21051 0.960644 3.17423e-19)
(1.21044 0.979847 1.17269e-18)
(1.16075 0.962531 2.99455e-21)
(1.09856 0.936644 2.51993e-19)
(1.02842 0.906203 -1.10496e-18)
(0.950241 0.86998 1.36057e-18)
(0.863437 0.826032 1.37704e-18)
(0.767837 0.770799 1.4496e-19)
(0.677723 0.707705 -2.72063e-18)
(0.608311 0.646247 1.09574e-18)
(0.559444 0.590184 0)
(0.52563 0.539082 5.22629e-19)
(0.495539 0.487782 6.26218e-19)
(0.442835 0.417292 -1.47787e-18)
(0.336871 0.30581 -8.74327e-19)
(0.190879 0.167512 0)
(0.0655598 0.0552231 -6.02224e-19)
(0.00331347 0.00270371 0)
(0.587806 0.472838 0)
(1.04423 0.851152 -5.36498e-19)
(1.19943 0.993738 6.4746e-19)
(1.19833 1.0131 1.56476e-19)
(1.14827 0.994977 -2.68663e-19)
(1.08589 0.968292 1.03078e-18)
(1.01534 0.937112 4.59241e-19)
(0.936451 0.900202 -1.84453e-18)
(0.848381 0.855651 1.64058e-18)
(0.750504 0.799783 1.50433e-19)
(0.656942 0.735607 -5.15718e-18)
(0.583595 0.672022 0)
(0.531178 0.612648 -1.88087e-18)
(0.494672 0.556553 -1.12591e-18)
(0.462432 0.497492 6.6678e-19)
(0.408102 0.415462 0)
(0.303434 0.292299 0)
(0.165416 0.150386 0)
(0.0526178 0.044948 -2.58479e-18)
(0.000990095 0.000888563 1.48833e-18)
(0.586297 0.490626 0)
(1.03669 0.879156 5.41348e-19)
(1.18875 1.02485 1.61287e-19)
(1.18663 1.04427 -4.70605e-19)
(1.13625 1.02539 -1.41066e-19)
(1.07373 0.998002 -9.46996e-19)
(1.00285 0.966214 -7.16854e-19)
(0.923378 0.928782 3.47081e-18)
(0.83416 0.883839 0)
(0.734126 0.82767 -2.49939e-18)
(0.637102 0.762934 2.73288e-18)
(0.559491 0.697734 -2.11036e-19)
(0.50286 0.635482 5.07191e-19)
(0.462573 0.5744 -6.06842e-19)
(0.426289 0.50585 -7.14189e-19)
(0.369089 0.408033 0)
(0.268937 0.269299 -1.00603e-18)
(0.146897 0.123978 -5.89661e-19)
(0.0519687 0.0290367 0)
(0.00400643 -0.000597074 -3.99077e-19)
(0.58446 0.507175 -2.08961e-19)
(1.02949 0.905422 0)
(1.17845 1.05403 3.41317e-19)
(1.17536 1.07346 -4.96473e-19)
(1.1247 1.05386 7.64579e-19)
(1.06211 1.02586 1.12045e-18)
(0.990959 0.993573 -8.87042e-19)
(0.911005 0.955759 -2.05585e-18)
(0.820769 0.910617 -2.05949e-19)
(0.718728 0.854454 3.16185e-18)
(0.618311 0.789671 2.88774e-18)
(0.536182 0.723462 -1.76187e-18)
(0.474768 0.658875 -3.99976e-18)
(0.429644 0.593355 0)
(0.386459 0.514105 -1.15513e-18)
(0.322511 0.395711 0)
(0.22793 0.233572 -3.30198e-21)
(0.132992 0.0708588 -6.37863e-19)
(0.0838177 -0.0201922 -7.3456e-19)
(0.0405136 0.00960676 -4.18624e-19)
(0.5828 0.523076 -1.80865e-21)
(1.02259 0.930354 3.70358e-19)
(1.16847 1.08169 -1.67524e-19)
(1.16439 1.1012 -6.53447e-19)
(1.11341 1.08105 -6.1729e-19)
(1.05072 1.05263 -1.12168e-18)
(0.979276 1.02011 -8.92248e-19)
(0.898841 0.982199 -2.33827e-19)
(0.807587 0.937224 -1.78947e-18)
(0.703493 0.881546 2.78922e-18)
(0.599521 0.817434 -1.73528e-19)
(0.512323 0.751081 -2.18975e-19)
(0.445138 0.684646 -1.82319e-18)
(0.394222 0.615725 6.31284e-19)
(0.339971 0.524896 -1.49883e-18)
(0.259706 0.380609 0)
(0.163536 0.183808 0)
(0.064239 0.103923 0)
(-0.0257963 0.531725 1.38718e-18)
(0.0151883 1.78185 8.7903e-19)
(0.581109 0.538197 -1.07463e-19)
(1.01595 0.953972 2.03472e-19)
(1.15878 1.10787 5.32391e-19)
(1.15376 1.12752 6.76317e-19)
(1.10241 1.10698 4.6872e-19)
(1.03959 1.07833 -2.16303e-18)
(0.967866 1.04583 -9.09146e-19)
(0.886941 1.00808 0)
(0.794721 0.963609 1.96938e-19)
(0.688598 0.908909 -2.78187e-18)
(0.580991 0.846155 -2.84965e-18)
(0.488329 0.780877 -2.20187e-19)
(0.414138 0.712901 -2.08862e-18)
(0.357127 0.641959 1.57882e-18)
(0.288308 0.540036 1.50644e-18)
(0.173493 0.364661 0)
(0.0644592 0.354617 0)
(0.0538926 1.43952 5.99985e-19)
(0.0846114 2.73186 -1.39019e-18)
(0.10245 3.22702 4.20267e-19)
(0.579947 0.553306 2.16454e-19)
(1.00985 0.976352 -3.88382e-19)
(1.14931 1.13257 8.63586e-20)
(1.14337 1.15236 0)
(1.09153 1.13153 8.00781e-19)
(1.02855 1.10282 9.83978e-21)
(0.956679 1.07065 -1.05306e-18)
(0.875225 1.03326 -1.20669e-19)
(0.782091 0.989551 -1.63346e-18)
(0.674024 0.936297 2.99174e-18)
(0.562843 0.87556 -2.86015e-18)
(0.464637 0.812813 -1.7403e-18)
(0.382048 0.743668 0)
(0.320159 0.670731 1.26028e-18)
(0.236941 0.554966 1.48351e-18)
(0.10135 0.560783 -8.61404e-19)
(0.1009 1.80893 0)
(0.148248 3.04205 -1.1717e-18)
(0.140037 3.36404 0)
(0.128269 3.43101 2.76539e-19)
(0.579726 0.572936 1.86516e-21)
(1.00551 0.997743 -5.04542e-21)
(1.13987 1.15575 -3.69067e-19)
(1.13313 1.17562 -6.99531e-19)
(1.08051 1.15462 8.1655e-19)
(1.01746 1.12612 -1.32303e-20)
(0.945422 1.09455 9.29827e-19)
(0.863558 1.05772 2.37135e-19)
(0.769567 1.01509 1.54575e-18)
(0.659688 0.963756 -2.66927e-18)
(0.545047 0.905734 -2.69496e-18)
(0.441413 0.846696 1.94496e-18)
(0.349094 0.778457 2.64968e-19)
(0.283678 0.700552 0)
(0.195079 0.746753 1.16539e-21)
(0.133676 1.55863 0)
(0.187714 3.10186 1.008e-18)
(0.187748 3.39436 1.65992e-18)
(0.170151 3.45078 -5.64414e-19)
(0.148458 3.46276 -1.03252e-18)
(0.973333 1.13301 0)
(0.896516 1.09875 -1.02523e-18)
(0.808632 1.06015 1.60227e-18)
(0.70643 1.01536 0)
(0.590401 0.963356 2.63768e-18)
(0.475277 0.908518 -1.69745e-18)
(0.371516 0.855303 0)
(0.167158 3.49343 0)
(0.554156 0.560765 -2.18619e-19)
(0.837601 0.867354 -3.5335e-19)
(1.09039 1.15103 3.30166e-19)
(1.12705 1.21646 7.11162e-19)
(1.09018 1.21061 -4.5406e-19)
(1.03181 1.18529 1.45482e-19)
(0.964479 1.15584 -1.15622e-18)
(0.887791 1.12268 -1.81348e-18)
(0.799729 1.08534 -9.66665e-20)
(0.696949 1.04271 -5.51179e-18)
(0.579114 0.993972 -5.7869e-18)
(0.460259 0.94321 1.68295e-18)
(0.350309 0.894709 -6.7306e-21)
(0.250763 0.860359 -9.13984e-19)
(0.208212 1.47704 0)
(0.276833 3.05737 7.92335e-19)
(0.302691 3.44571 1.25079e-20)
(0.272818 3.49782 -4.97583e-19)
(0.23489 3.51481 4.77393e-19)
(0.559328 0.580792 0)
(0.832858 0.883588 -2.48334e-19)
(1.08163 1.17074 -7.90987e-20)
(1.1167 1.2381 -7.60481e-20)
(1.07939 1.23246 0)
(1.02086 1.20713 -2.61672e-19)
(0.953682 1.17796 -1.08072e-18)
(0.876803 1.14541 -1.04323e-19)
(0.788533 1.1091 -1.61366e-18)
(0.685133 1.06838 5.46369e-18)
(0.565879 1.02313 0)
(0.444478 0.977707 1.62887e-18)
(0.329373 0.935514 -1.93589e-18)
(0.253919 1.03824 0)
(0.292462 2.28612 2.33223e-18)
(0.371194 3.37073 7.08656e-19)
(0.345677 3.51808 7.0771e-21)
(0.309819 3.55246 -1.21231e-18)
(0.265573 3.57346 -4.49122e-19)
(0.561915 0.601617 -1.7076e-19)
(0.826906 0.901052 0)
(1.07269 1.19309 -2.70049e-19)
(1.10669 1.26201 -6.74322e-19)
(1.06895 1.25656 -1.12619e-19)
(1.01042 1.23113 1.26871e-19)
(0.943241 1.20198 1.12186e-18)
(0.866404 1.16983 1.62792e-18)
(0.778171 1.13452 -8.7835e-20)
(0.674513 1.09576 2.67838e-18)
(0.554573 1.05436 2.74895e-18)
(0.431969 1.01501 -1.38828e-18)
(0.319872 0.98953 -1.90156e-18)
(0.292229 1.38347 2.78254e-19)
(0.38726 3.01327 1.21182e-18)
(0.442421 3.49098 -6.41544e-19)
(0.385745 3.55842 -6.07535e-19)
(0.3477 3.60486 -3.01473e-19)
(0.301742 3.66545 3.68574e-19)
(0.560812 0.620866 -6.80944e-20)
(0.819186 0.919721 1.95317e-19)
(1.06245 1.21704 1.15343e-19)
(1.09552 1.28709 4.73374e-19)
(1.05742 1.28149 -1.23647e-19)
(0.999059 1.25586 8.95616e-19)
(0.932157 1.22675 -2.10707e-19)
(0.855713 1.19503 -1.72508e-18)
(0.767824 1.16071 0)
(0.664336 1.12398 2.28191e-18)
(0.544244 1.08648 0)
(0.421342 1.05329 -1.50573e-18)
(0.320039 1.06894 0)
(0.355022 1.89095 1.84467e-18)
(0.475492 3.34016 -5.42704e-19)
(0.495151 3.54983 -1.10585e-18)
(0.442851 3.59659 5.48837e-19)
(0.395651 3.67856 4.90459e-19)
(0.363267 3.69991 -2.79372e-19)
(0.556874 0.638532 2.55847e-19)
(0.810199 0.939248 3.30564e-19)
(1.05082 1.24239 9.72603e-20)
(1.08303 1.31337 -1.13924e-19)
(1.04475 1.30735 7.50049e-19)
(0.986738 1.28133 -9.94838e-20)
(0.920354 1.25214 1.02341e-19)
(0.844532 1.22076 2.90325e-18)
(0.757255 1.18736 -1.15878e-18)
(0.654314 1.15263 -8.80824e-21)
(0.534658 1.119 6.93386e-21)
(0.412771 1.09283 0)
(0.335638 1.20154 1.74165e-18)
(0.436129 2.47398 4.78862e-19)
(0.555722 3.47695 0)
(0.540224 3.57989 0)
(0.507147 3.65124 0)
(0.477636 3.68382 6.57413e-20)
(0.419229 3.55066 1.43054e-19)
(0.55174 0.655971 2.18269e-19)
(0.800199 0.959774 9.15079e-20)
(1.03789 1.26905 -1.84243e-19)
(1.06937 1.34086 2.90901e-19)
(1.03118 1.33422 0)
(0.973749 1.3076 -1.01013e-19)
(0.908118 1.27811 -7.30788e-19)
(0.833153 1.24684 1.29506e-18)
(0.746791 1.21418 0)
(0.644813 1.18128 -4.458e-18)
(0.52623 1.15129 2.30943e-18)
(0.407424 1.13439 -1.07785e-18)
(0.367736 1.40087 3.70727e-20)
(0.522306 2.97317 2.03201e-18)
(0.62088 3.53662 0)
(0.585469 3.60104 4.05963e-19)
(0.567844 3.65797 -2.97894e-19)
(0.533439 3.58412 0)
(0.505641 3.05841 0)
(0.0906511 0.873667 0)
(0.544991 0.672654 0)
(0.788981 0.981081 0)
(1.02363 1.29713 2.3398e-19)
(1.05436 1.36984 3.46136e-19)
(1.01643 1.36252 0)
(0.959793 1.33522 -9.08842e-20)
(0.895122 1.30534 0)
(0.821261 1.27412 1.41809e-18)
(0.736122 1.2422 9.74414e-21)
(0.635533 1.21119 -2.03414e-18)
(0.518709 1.18505 -2.1285e-18)
(0.406333 1.18416 1.29109e-18)
(0.41751 1.67784 1.48716e-18)
(0.603557 3.28118 0)
(0.673568 3.56849 1.13071e-18)
(0.631455 3.62358 5.81254e-19)
(0.612192 3.61427 -2.96371e-19)
(0.532987 3.21899 -2.52225e-19)
(0.234123 1.39846 -1.28639e-19)
(-0.0802194 -0.116692 3.11108e-19)
(0.537276 0.689669 7.22829e-20)
(0.776578 1.00357 1.25305e-19)
(1.00783 1.32657 -6.38616e-20)
(1.03782 1.40032 5.11745e-19)
(1.0003 1.39231 3.1426e-19)
(0.94467 1.3643 1.62539e-19)
(0.881201 1.33401 1.35461e-20)
(0.808741 1.30288 -1.34743e-19)
(0.72519 1.27174 1.01803e-18)
(0.626492 1.24277 -1.10827e-19)
(0.512221 1.2208 -1.21322e-19)
(0.411565 1.24971 1.15557e-18)
(0.483943 2.02879 0)
(0.679379 3.43863 3.0726e-19)
(0.716045 3.59282 0)
(0.679954 3.61404 2.65477e-19)
(0.618258 3.43306 4.78467e-19)
(0.384971 2.20398 1.12122e-19)
(-0.0160859 0.0620867 -1.21963e-19)
(-0.0993217 -0.161841 3.59472e-19)
(0.527654 0.706081 -4.811e-21)
(0.762454 1.02692 4.96089e-20)
(0.990291 1.35722 5.25573e-20)
(1.01957 1.43226 -3.89564e-19)
(0.982636 1.42352 0)
(0.928251 1.39476 5.57042e-19)
(0.866274 1.36405 -1.2721e-19)
(0.795553 1.33299 2.01823e-18)
(0.714018 1.3027 8.14962e-19)
(0.61777 1.27582 9.96938e-20)
(0.507077 1.25865 0)
(0.426054 1.3402 -1.28434e-18)
(0.566457 2.43883 2.79346e-19)
(0.747813 3.52016 2.70114e-19)
(0.750795 3.60468 0)
(0.712627 3.55476 0)
(0.556339 2.92437 4.70316e-21)
(0.0929359 0.488957 1.02809e-19)
(-0.104215 -0.15878 -6.08715e-19)
(-0.0832773 -0.130033 -5.75123e-19)
(0.516272 0.721973 -4.43059e-20)
(0.746279 1.05044 7.51493e-20)
(0.970719 1.38899 1.84342e-19)
(0.999434 1.46557 -5.43337e-19)
(0.963298 1.45606 1.30474e-19)
(0.910428 1.42649 4.90546e-19)
(0.850266 1.39532 -4.81395e-19)
(0.781665 1.36433 -9.37514e-20)
(0.702629 1.3349 6.3065e-19)
(0.609475 1.31015 8.91315e-20)
(0.503702 1.29874 1.86218e-19)
(0.452332 1.46556 6.87381e-19)
(0.657443 2.84438 9.90464e-19)
(0.805959 3.5636 -2.19362e-19)
(0.78658 3.59714 -2.29619e-19)
(0.714378 3.37178 3.79662e-19)
(0.375582 1.8804 -1.87149e-19)
(-0.0658313 -0.0643703 -1.00337e-19)
(-0.109442 -0.18573 -2.30523e-19)
(-0.0689541 -0.108945 2.77452e-19)
(0.502427 0.736718 -3.25201e-20)
(0.727543 1.07369 -2.61251e-20)
(0.948727 1.42178 -6.82323e-20)
(0.977164 1.50013 0)
(0.942122 1.48979 -8.7968e-20)
(0.891084 1.45935 0)
(0.833098 1.42767 -9.89205e-20)
(0.767058 1.39672 -7.05507e-19)
(0.69107 1.36813 -5.55058e-19)
(0.601725 1.34554 9.47934e-21)
(0.502602 1.34137 -3.95223e-20)
(0.491821 1.62991 -8.02529e-19)
(0.746563 3.168 2.1089e-19)
(0.851593 3.58156 3.41798e-19)
(0.813604 3.55511 3.04322e-19)
(0.659252 2.98164 -1.67217e-20)
(0.102796 0.448484 -3.55998e-21)
(-0.107662 -0.17208 -4.7928e-19)
(-0.104673 -0.178602 8.95355e-19)
(-0.055693 -0.08964 0)
(0.485802 0.749601 -3.55492e-20)
(0.705665 1.09597 4.20466e-20)
(0.923766 1.45488 9.6007e-20)
(0.95249 1.53568 0)
(0.918906 1.5245 -8.23534e-20)
(0.870077 1.49312 3.58162e-19)
(0.814674 1.46086 -3.7183e-19)
(0.751688 1.4299 8.36589e-20)
(0.679376 1.4021 -4.71089e-19)
(0.594644 1.38162 -1.17247e-18)
(0.504311 1.38759 2.94561e-19)
(0.543914 1.83078 1.69084e-19)
(0.822825 3.36207 -3.8832e-20)
(0.891944 3.58239 1.43e-19)
(0.820461 3.44505 -2.38091e-19)
(0.520455 2.29099 -8.40682e-21)
(-0.0150033 -0.015496 7.59711e-20)
(-0.11714 -0.217183 -2.68951e-19)
(-0.0949124 -0.180879 -5.29319e-20)
(-0.0446248 -0.0788237 0)
(0.465806 0.759457 -3.35467e-20)
(0.679974 1.11613 -8.30102e-21)
(0.8954 1.48768 -4.41623e-20)
(0.925101 1.5719 0)
(0.893431 1.55987 -1.98612e-19)
(0.847238 1.52748 1.53908e-19)
(0.794886 1.49456 -7.43502e-20)
(0.735503 1.46354 7.70175e-19)
(0.667548 1.43643 -1.17152e-19)
(0.588321 1.41791 0)
(0.509433 1.43849 -1.00563e-18)
(0.605694 2.05554 -1.479e-19)
(0.89022 3.471 -1.4559e-19)
(0.926119 3.5759 4.90372e-19)
(0.79592 3.23617 -2.17211e-19)
(0.301333 1.26043 0)
(-0.13005 -0.142148 -2.74475e-19)
(-0.117882 -0.248497 -1.65451e-19)
(-0.0720935 -0.174791 3.97626e-19)
(-0.0245053 -0.0560606 4.67575e-19)
(0.441758 0.765399 2.80175e-21)
(0.649976 1.13286 -7.59083e-21)
(0.862831 1.5195 1.91215e-20)
(0.89463 1.60806 4.4867e-20)
(0.865499 1.59548 1.09704e-19)
(0.822372 1.56202 -1.19578e-19)
(0.773591 1.52837 -1.43472e-19)
(0.718423 1.49718 -1.38824e-19)
(0.655548 1.47061 1.27922e-19)
(0.58276 1.45389 1.12517e-19)
(0.518534 1.4939 2.21285e-19)
(0.674972 2.28716 5.12637e-19)
(0.949129 3.52642 -3.5931e-20)
(0.951768 3.55371 0)
(0.733761 2.91346 1.91573e-19)
(0.061341 0.295405 -1.01481e-19)
(-0.111005 -0.293148 5.66122e-19)
(-0.0646258 -0.306749 0)
(0.019261 -0.136859 -3.52957e-19)
(0.0411234 0.0241109 0)
(0.412818 0.766033 6.69007e-21)
(0.615032 1.14405 3.42187e-21)
(0.825559 1.54902 2.82382e-20)
(0.860839 1.64341 6.08369e-20)
(0.834766 1.63075 1.66426e-19)
(0.79528 1.5962 -1.10796e-19)
(0.750639 1.56172 0)
(0.700318 1.53025 -2.45147e-19)
(0.643298 1.50404 1.02581e-19)
(0.577891 1.48892 2.75149e-19)
(0.531412 1.55235 0)
(0.750766 2.52523 -2.17224e-19)
(1.00325 3.55095 3.47682e-19)
(0.970065 3.50994 4.06307e-19)
(0.632562 2.48955 5.24186e-20)
(-0.0859065 -0.0331779 7.47173e-22)
(-0.185814 -0.436699 1.90387e-19)
(-0.0949057 -0.380318 1.74063e-19)
(0.0687173 -0.0464305 3.22061e-20)
(0.112367 0.170727 -2.86271e-19)
(0.379048 0.759265 -1.25131e-20)
(0.574127 1.14774 8.60348e-21)
(0.783192 1.57401 1.49352e-20)
(0.823277 1.67706 -2.87054e-20)
(0.801033 1.66495 -5.39286e-20)
(0.765785 1.62932 -8.06503e-20)
(0.725835 1.59397 -3.04799e-19)
(0.681019 1.56205 -3.92223e-19)
(0.63067 1.53591 7.97265e-20)
(0.573604 1.52213 3.15404e-19)
(0.546288 1.61107 3.18622e-19)
(0.823942 2.72595 3.41072e-19)
(1.05592 3.55571 -3.17946e-19)
(0.997014 3.44036 5.95422e-20)
(0.519883 2.04844 -5.20813e-22)
(-0.207838 -0.206969 9.62013e-20)
(-0.21584 -0.583889 -9.61274e-20)
(-0.0919511 -0.426704 1.49996e-19)
(0.113631 0.0643609 -2.1258e-19)
(0.168756 0.30165 -1.17587e-21)
(0.340031 0.742256 0)
(0.526203 1.14094 4.46626e-20)
(0.735218 1.5926 -4.43312e-21)
(0.781646 1.70749 -1.39764e-20)
(0.76427 1.6973 -1.24824e-20)
(0.733649 1.66063 -4.72538e-21)
(0.698966 1.62433 1.21078e-20)
(0.660288 1.59182 -7.88428e-20)
(0.617382 1.56531 -7.56532e-20)
(0.569656 1.55241 -7.44673e-20)
(0.560364 1.66555 7.53456e-21)
(0.888826 2.87078 1.49808e-19)
(1.1042 3.54705 1.32482e-19)
(1.04803 3.33261 -8.03211e-20)
(0.514855 1.6999 1.23436e-20)
(-0.127567 -0.674682 2.18014e-20)
(-0.0784933 -0.798986 2.49673e-21)
(0.0545727 -0.395821 -6.58184e-20)
(0.201428 0.24033 1.57674e-21)
(0.221808 0.486429 4.1301e-21)
(0.295478 0.711199 -1.87056e-20)
(0.470405 1.11906 0)
(0.680889 1.60166 -1.26644e-20)
(0.735674 1.7333 5.84985e-21)
(0.724314 1.72666 -2.06134e-20)
(0.698686 1.68913 6.71169e-20)
(0.669796 1.65194 1.43036e-19)
(0.637834 1.61868 1.46529e-19)
(0.602974 1.59137 4.09603e-19)
(0.565748 1.57803 1.16966e-19)
(0.570711 1.71046 -1.11121e-19)
(0.939783 2.95394 2.47776e-19)
(1.13796 3.5352 -1.24206e-21)
(1.08397 3.20175 0)
(0.591968 1.44468 4.9024e-20)
(-0.115099 -0.889441 -5.85339e-20)
(-0.140236 -0.727519 -6.99745e-21)
(0.0691826 0.110932 0)
(0.151062 0.557466 -6.16041e-21)
(0.151682 0.47043 -1.00877e-19)
(0.245418 0.662078 7.49621e-20)
(0.408151 1.07597 8.91996e-23)
(0.620108 1.59697 1.87128e-20)
(0.684834 1.75257 1.20886e-20)
(0.681012 1.75178 0)
(0.660827 1.71387 5.2095e-20)
(0.638058 1.67587 -6.42688e-20)
(0.613209 1.64161 -2.48435e-19)
(0.586948 1.61313 1.10684e-19)
(0.561204 1.59774 -2.12795e-19)
(0.575513 1.7385 1.81263e-19)
(0.974828 2.97748 9.97162e-20)
(1.13904 3.53487 8.46252e-20)
(0.964661 3.14546 7.26011e-20)
(0.280377 1.02315 -8.11321e-19)
(-0.563767 -0.346076 -3.70838e-19)
(-0.630293 -0.449776 6.82348e-20)
(-0.0647367 0.19091 7.57743e-22)
(0.168353 0.468649 -4.23506e-21)
(0.149568 0.356664 8.1447e-20)
(0.19139 0.589165 0)
(0.340754 1.0047 0)
(0.554892 1.57303 0)
(0.628549 1.76201 -1.18546e-20)
(0.634278 1.7711 -3.46196e-20)
(0.61999 1.73389 -9.29725e-20)
(0.603404 1.69513 5.18386e-20)
(0.585839 1.65967 -1.59592e-19)
(0.568724 1.62916 -2.1423e-19)
(0.55482 1.61157 0)
(0.58082 1.73929 1.65607e-19)
(1.00192 2.95763 -1.69451e-19)
(1.16602 3.58374 0)
(0.89802 3.28286 0)
(0.0800524 1.35617 6.12708e-20)
(-0.868691 0.308227 1.16694e-19)
(-1.2657 -0.554902 0)
(-1.27123 -0.976104 -5.13598e-19)
(-0.684801 -0.565142 3.93977e-19)
(0.0561963 0.381298 -3.12688e-19)
(0.137316 0.487499 0)
(0.26987 0.898419 -6.12027e-21)
(0.483901 1.5217 -1.52199e-20)
(0.569013 1.75803 2.32644e-21)
(0.58415 1.78259 2.05324e-20)
(0.576108 1.74847 5.5204e-20)
(0.565335 1.70912 0)
(0.554897 1.67188 0)
(0.546943 1.63817 9.89058e-20)
(0.54591 1.61575 8.54192e-20)
(0.58681 1.71585 1.62285e-19)
(1.03743 2.85053 0)
(1.32996 3.62392 3.97574e-20)
(1.26963 3.56621 2.05907e-19)
(0.720301 2.0646 -1.26076e-18)
(0.155529 1.05024 -8.80959e-19)
(-0.399516 -0.153462 -1.17633e-18)
(-0.747476 -1.31177 1.9922e-18)
(-0.930859 -1.94172 1.95456e-18)
(-0.617095 -1.69733 -6.02644e-20)
(0.0874383 0.366978 -2.49635e-20)
(0.193012 0.741709 1.68697e-20)
(0.407413 1.43241 -5.75692e-22)
(0.506894 1.73586 0)
(0.531317 1.78573 -3.23188e-20)
(0.528999 1.75738 3.8891e-20)
(0.523237 1.71738 -7.25392e-21)
(0.518973 1.67785 -3.40939e-21)
(0.51897 1.63942 1.81246e-19)
(0.531282 1.60609 0)
(0.583911 1.66153 8.11089e-20)
(1.0377 2.56 -1.14236e-20)
(1.54252 3.50019 1.15008e-21)
(1.71017 3.50986 7.30197e-20)
(1.50457 2.75313 3.13187e-19)
(0.861135 1.24528 -2.01461e-19)
(0.424033 -0.0116576 -7.62624e-20)
(-0.0214796 -0.997769 7.82229e-19)
(-0.346809 -1.81862 7.52107e-19)
(-0.526708 -2.27817 6.93435e-19)
(0.0465907 0.238543 1.04149e-21)
(0.120409 0.545691 -1.27068e-21)
(0.325854 1.29059 -5.20682e-22)
(0.440819 1.68755 0)
(0.475547 1.77952 0)
(0.478462 1.76213 -4.27395e-20)
(0.475989 1.72041 2.24082e-20)
(0.476127 1.67778 0)
(0.481907 1.63259 4.64122e-20)
(0.501438 1.58423 -8.10685e-20)
(0.5611 1.58393 0)
(0.866309 2.00386 9.99779e-20)
(1.5363 3.15937 0)
(1.79612 3.24607 3.84936e-20)
(1.80158 2.85071 -7.02449e-20)
(1.56176 1.9381 6.12385e-21)
(1.10423 0.814376 7.35864e-20)
(0.637317 -0.235602 0)
(0.218237 -1.06364 -7.43778e-19)
(-0.125148 -1.56058 8.55348e-19)
(0.0191024 0.11754 -5.60743e-22)
(0.0615658 0.332217 1.28144e-20)
(0.231146 1.05747 2.17898e-21)
(0.370212 1.59889 0)
(0.415436 1.75946 -8.05989e-21)
(0.422514 1.7609 -3.93967e-20)
(0.422288 1.71982 -1.24342e-20)
(0.424201 1.67322 -2.13583e-20)
(0.432488 1.61907 -4.25002e-20)
(0.447632 1.55844 0)
(0.50747 1.4942 1.90193e-19)
(0.62629 1.62706 6.5452e-21)
(1.21624 2.58955 5.42315e-20)
(1.49986 2.97808 0)
(1.53162 2.84111 4.69508e-19)
(1.38993 2.35137 5.41356e-20)
(1.07836 1.62966 1.10935e-18)
(0.710839 0.868777 2.96947e-18)
(0.365177 0.157652 -1.94486e-18)
(0.0744043 -0.397392 3.52784e-20)
(0.00622276 0.0210927 -3.42312e-34)
(0.0253455 0.1385 1.02937e-21)
(0.132121 0.731912 9.02116e-21)
(0.281184 1.42254 1.82658e-21)
(0.346868 1.71333 0)
(0.360421 1.75016 -1.58675e-20)
(0.36138 1.71789 -5.45691e-21)
(0.361812 1.66725 5.3466e-22)
(0.366117 1.60655 0)
(0.377704 1.52978 -1.2771e-33)
(0.395909 1.43554 2.40934e-20)
(0.451033 1.44932 0)
(0.619284 1.9155 9.89691e-20)
(1.01841 2.80232 -4.95977e-21)
(0.993003 2.90252 0)
(0.922754 2.78884 0)
(0.754674 2.41669 0)
(0.526437 1.92635 2.37986e-20)
(0.300545 1.40963 2.91218e-20)
(0.10686 0.914717 5.28911e-19)
(-2.64297e-05 -0.0317898 0)
(0.0100311 0.0148312 0)
(0.0596954 0.404126 0)
(0.18153 1.15612 0)
(0.267308 1.62773 0)
(0.290317 1.73431 0)
(0.293762 1.71799 0)
(0.295012 1.66189 0)
(0.296711 1.59921 0)
(0.307158 1.51951 0)
(0.306755 1.4232 0)
(0.325672 1.41517 0)
(0.352634 1.66043 0)
(0.628528 2.63783 0)
(0.666563 2.98496 0)
(0.59219 3.01067 0)
(0.489961 2.84103 0)
(0.343608 2.48587 0)
(0.18811 2.05708 0)
(0.0495468 1.54759 0)
(-0.000197258 -0.035769 0)
(0.00868656 -0.0485722 0)
(0.0355749 0.214943 0)
(0.106977 0.905924 0)
(0.188186 1.51952 0)
(0.215628 1.71117 0)
(0.222204 1.71273 0)
(0.225598 1.658 0)
(0.23119 1.59473 0)
(0.23961 1.51957 0)
(0.231838 1.42399 0)
(0.226244 1.40971 0)
(0.224685 1.56489 0)
(0.370948 2.49331 0)
(0.425266 3.04719 0)
(0.377954 3.16803 0)
(0.311447 3.1093 0)
(0.20888 2.8342 0)
(0.104 2.45881 0)
(0.0119628 1.8925 0)
(0.00128667 -0.0538103 0)
(0.0193153 -0.118538 0)
(0.0387076 0.126835 0)
(0.0605192 0.744809 0)
(0.113472 1.42353 0)
(0.13804 1.68271 0)
(0.14817 1.70021 0)
(0.156663 1.65039 0)
(0.167729 1.58872 0)
(0.175615 1.51922 0)
(0.167107 1.43465 0)
(0.149004 1.42051 0)
(0.146588 1.54541 0)
(0.206272 2.35107 0)
(0.2556 3.06944 0)
(0.224832 3.27263 0)
(0.17774 3.27175 0)
(0.110047 3.05796 0)
(0.0443409 2.71692 0)
(-0.00823409 2.04898 0)
(0.00323528 -0.100373 0)
(0.0193434 -0.191459 0)
(0.0219263 0.111113 0)
(0.0128584 0.706286 0)
(0.0300359 1.36854 0)
(0.0521368 1.65242 0)
(0.0719984 1.6798 0)
(0.0903443 1.63536 0)
(0.108325 1.57851 0)
(0.118975 1.51811 0)
(0.11455 1.44742 0)
(0.096027 1.43602 0)
(0.0888301 1.54834 0)
(0.101489 2.24069 0)
(0.145184 3.06513 0)
(0.124638 3.33094 0)
(0.0899399 3.36867 0)
(0.0461276 3.19836 0)
(0.003322 2.87351 0)
(-0.0197185 2.05244 0)
(0.00185751 -0.13958 0)
(-0.00211543 -0.192442 0)
(-0.027068 0.167139 0)
(-0.0562214 0.749073 0)
(-0.0581895 1.34401 0)
(-0.0334613 1.60988 0)
(0.000215739 1.64483 0)
(0.0308945 1.60918 0)
(0.0566511 1.56216 0)
(0.072386 1.51314 0)
(0.0733996 1.45656 0)
(0.0597725 1.45004 0)
(0.0488074 1.56275 0)
(0.0399742 2.17422 0)
(0.0720914 3.05768 0)
(0.0619765 3.36999 0)
(0.036654 3.43317 0)
(0.00861806 3.28981 0)
(-0.018696 2.96672 0)
(-0.0208376 1.98973 0)
(-0.00161443 -0.126058 0)
(-0.0279323 -0.0930716 0)
(-0.072881 0.278648 0)
(-0.112543 0.815001 0)
(-0.119204 1.32033 0)
(-0.0915302 1.54483 0)
(-0.0511323 1.59151 0)
(-0.0139729 1.57139 0)
(0.0168461 1.53936 0)
(0.0370007 1.50379 0)
(0.042737 1.46092 0)
(0.0356746 1.46327 0)
(0.0264063 1.58233 0)
(0.00946993 2.14187 0)
(0.0281751 3.05482 0)
(0.0214384 3.40166 0)
(0.000920046 3.48172 0)
(-0.0175984 3.35042 0)
(-0.0335199 3.01108 0)
(-0.0206755 1.87386 0)
(-0.00329206 -0.0655267 0)
(-0.0364988 0.0588389 0)
(-0.0861288 0.411891 0)
(-0.125955 0.87971 0)
(-0.134129 1.29126 0)
(-0.108632 1.48014 0)
(-0.0734878 1.53466 0)
(-0.0380961 1.53014 0)
(-0.00876274 1.51348 0)
(0.0115962 1.4916 0)
(0.0205925 1.46207 0)
(0.0211661 1.46946 0)
(0.0183136 1.59496 0)
(0.000758348 2.13493 0)
(0.0024154 3.05814 0)
(-0.00823317 3.42876 0)
(-0.024107 3.51912 0)
(-0.0378931 3.38897 0)
(-0.0450212 3.01175 0)
(-0.018895 1.73357 0)
(-0.00288892 0.000802179 0)
(-0.03067 0.207016 0)
(-0.0727487 0.536352 0)
(-0.105583 0.936732 0)
(-0.114059 1.27595 0)
(-0.0980744 1.43455 0)
(-0.0732125 1.48969 0)
(-0.0458421 1.49489 0)
(-0.0219018 1.48963 0)
(-0.00371503 1.47886 0)
(0.00773465 1.45876 0)
(0.0133746 1.47001 0)
(0.0149398 1.60175 0)
(-0.00140883 2.14664 0)
(-0.015437 3.0734 0)
(-0.0302007 3.45678 0)
(-0.0453243 3.54801 0)
(-0.0547215 3.41033 0)
(-0.0529745 2.97813 0)
(-0.0170699 1.58234 0)
(-0.00178816 0.0494426 0)
(-0.020656 0.321234 0)
(-0.0516873 0.63631 0)
(-0.0765153 0.983322 0)
(-0.0840119 1.2703 0)
(-0.0759471 1.40817 0)
(-0.0615119 1.45953 0)
(-0.0435476 1.46912 0)
(-0.0265222 1.47116 0)
(-0.0120429 1.46664 0)
(-0.000652791 1.4537 0)
(0.00684664 1.46414 0)
(0.0166614 1.60045 0)
(-0.0026936 2.18648 0)
(-0.0331203 3.10341 0)
(-0.052343 3.48605 0)
(-0.0648224 3.56937 0)
(-0.0694271 3.41497 0)
(-0.0583728 2.90655 0)
(-0.0152365 1.43129 0)
(-0.000982958 0.0790864 0)
(-0.0129676 0.399419 0)
(-0.0347704 0.71046 0)
(-0.0532059 1.01789 0)
(-0.0585695 1.27109 0)
(-0.0553241 1.39561 0)
(-0.0477804 1.44206 0)
(-0.0367351 1.45326 0)
(-0.0260089 1.45825 0)
(-0.0178139 1.4574 0)
(-0.0104283 1.45018 0)
(-0.00211312 1.45286 0)
(0.0140287 1.59329 0)
(-0.0127735 2.2462 0)
(-0.0566275 3.14491 0)
(-0.0766607 3.51495 0)
(-0.0838464 3.58186 0)
(-0.0814055 3.40121 0)
(-0.0604413 2.80168 0)
(-0.013635 1.28831 0)
(-0.000584824 0.0967958 0)
(-0.00858676 0.452247 0)
(-0.0242763 0.765362 0)
(-0.0389436 1.04294 0)
(-0.0417393 1.27159 0)
(-0.0392854 1.38988 0)
(-0.0350187 1.43237 0)
(-0.029054 1.44443 0)
(-0.0227211 1.45018 0)
(-0.0183207 1.45319 0)
(-0.016642 1.44758 0)
(-0.0146827 1.44181 0)
(-0.00484445 1.59261 0)
(-0.0377222 2.32072 0)
(-0.0846674 3.18746 0)
(-0.100083 3.5351 0)
(-0.100199 3.58107 0)
(-0.0898433 3.36519 0)
(-0.0597592 2.6704 0)
(-0.0121932 1.15564 0)
(-0.000447967 0.108804 0)
(-0.00634783 0.489877 0)
(-0.0180612 0.807984 0)
(-0.0308563 1.06414 0)
(-0.0332355 1.26759 0)
(-0.0282798 1.38411 0)
(-0.0233759 1.42659 0)
(-0.0201119 1.43877 0)
(-0.0177552 1.44744 0)
(-0.0171294 1.45221 0)
(-0.0202867 1.45017 0)
(-0.0350196 1.44341 0)
(-0.0420618 1.60096 0)
(-0.0767191 2.39545 0)
(-0.11643 3.22185 0)
(-0.121042 3.5382 0)
(-0.112305 3.56168 0)
(-0.0934008 3.30375 0)
(-0.0561362 2.52289 0)
(-0.0109684 1.03531 0)
(-0.000433988 0.118546 0)
(-0.0050539 0.5178 0)
(-0.0135999 0.841686 0)
(-0.0247149 1.08622 0)
(-0.0292763 1.26274 0)
(-0.0233652 1.37351 0)
(-0.015845 1.41989 0)
(-0.0117625 1.43491 0)
(-0.0112347 1.44722 0)
(-0.0142045 1.4553 0)
(-0.028104 1.46249 0)
(-0.060075 1.46285 0)
(-0.0829428 1.62159 0)
(-0.11316 2.45008 0)
(-0.137784 3.23588 0)
(-0.131946 3.52031 0)
(-0.116279 3.52338 0)
(-0.0907367 3.2234 0)
(-0.0503568 2.37254 0)
(-0.00902808 0.929707 0)
(-0.000446822 0.127285 0)
(-0.0039643 0.537766 0)
(-0.00936486 0.865984 0)
(-0.0174029 1.10824 0)
(-0.023435 1.26329 0)
(-0.019557 1.36061 0)
(-0.0102698 1.40953 0)
(-0.00244453 1.43103 0)
(-0.000560506 1.447 0)
(-0.00900934 1.46576 0)
(-0.0339631 1.48423 0)
(-0.0792562 1.49461 0)
(-0.110118 1.6482 0)
(-0.129903 2.47704 0)
(-0.140333 3.2352 0)
(-0.129577 3.4938 0)
(-0.111152 3.47791 0)
(-0.0851004 3.13916 0)
(-0.0459925 2.2295 0)
(-0.00655178 0.837312 0)
(-0.000450406 0.135128 0)
(-0.00283606 0.550003 0)
(-0.00508237 0.879224 0)
(-0.00861749 1.12389 0)
(-0.0122242 1.26737 0)
(-0.00901926 1.34866 0)
(0.00199022 1.39481 0)
(0.014996 1.42228 0)
(0.0221304 1.44529 0)
(0.0125332 1.48119 0)
(-0.0175027 1.51421 0)
(-0.0756688 1.53636 0)
(-0.113385 1.67355 0)
(-0.130598 2.48289 0)
(-0.133225 3.2313 0)
(-0.122655 3.46592 0)
(-0.107525 3.4329 0)
(-0.08599 3.05468 0)
(-0.0490117 2.08384 0)
(-0.00652768 0.750653 0)
(-0.00044758 0.141904 0)
(-0.0016373 0.554612 0)
(-0.00107854 0.881415 0)
(0.000117081 1.12742 0)
(0.00235483 1.26562 0)
(0.00985476 1.33401 0)
(0.0251708 1.37395 0)
(0.0443361 1.40502 0)
(0.0586774 1.43997 0)
(0.0589954 1.49424 0)
(0.0282467 1.55238 0)
(-0.0422349 1.59075 0)
(-0.093599 1.69751 0)
(-0.114824 2.48443 0)
(-0.114798 3.232 0)
(-0.115833 3.45233 0)
(-0.109533 3.39814 0)
(-0.0922827 2.97513 0)
(-0.049734 1.92297 0)
(-0.00565827 0.667521 0)
(-0.000435459 0.147557 0)
(-0.000350081 0.551906 0)
(0.00314512 0.873519 0)
(0.00849291 1.11738 0)
(0.0177315 1.25007 0)
(0.0335 1.30916 0)
(0.056831 1.34376 0)
(0.0844706 1.37785 0)
(0.109795 1.42672 0)
(0.125009 1.50074 0)
(0.0976236 1.59455 0)
(0.0185373 1.65573 0)
(-0.0566454 1.73261 0)
(-0.090121 2.50885 0)
(-0.105207 3.25147 0)
(-0.117043 3.45453 0)
(-0.115749 3.38206 0)
(-0.0984709 2.90251 0)
(-0.0471765 1.74402 0)
(-0.00512285 0.589354 0)
(-0.000375195 0.151395 0)
(0.00148249 0.540627 0)
(0.00771687 0.856535 0)
(0.0171677 1.09431 0)
(0.033683 1.21751 0)
(0.0596149 1.2685 0)
(0.0942345 1.29964 0)
(0.135272 1.33733 0)
(0.179431 1.39603 0)
(0.207157 1.49864 0)
(0.188587 1.63774 0)
(0.0953299 1.73987 0)
(-0.0187697 1.79784 0)
(-0.0794938 2.5577 0)
(-0.112589 3.29168 0)
(-0.134365 3.46766 0)
(-0.13322 3.36781 0)
(-0.110503 2.78562 0)
(-0.0406757 1.54896 0)
(-0.00393099 0.526691 0)
(-0.000218399 0.152142 0)
(0.00384442 0.520016 0)
(0.0130825 0.830209 0)
(0.026846 1.05799 0)
(0.0509929 1.16682 0)
(0.0879909 1.2086 0)
(0.136571 1.23625 0)
(0.195514 1.27604 0)
(0.26461 1.34282 0)
(0.310153 1.48334 0)
(0.294092 1.69175 0)
(0.166051 1.85367 0)
(0.00364842 1.91002 0)
(-0.0977363 2.63946 0)
(-0.150424 3.35118 0)
(-0.171449 3.48615 0)
(-0.164166 3.33015 0)
(-0.114766 2.60893 0)
(-0.0254233 1.35903 0)
(-0.000684225 0.487735 0)
(0.000128563 0.147876 0)
(0.00671277 0.489226 0)
(0.0187895 0.794616 0)
(0.0370193 1.00765 0)
(0.0689569 1.09741 0)
(0.117183 1.1278 0)
(0.181105 1.14944 0)
(0.260228 1.18574 0)
(0.352051 1.26622 0)
(0.423675 1.45636 0)
(0.380889 1.77389 0)
(0.202817 2.00598 0)
(0.0036722 2.06796 0)
(-0.140996 2.7583 0)
(-0.214923 3.41555 0)
(-0.225075 3.48888 0)
(-0.199919 3.23272 0)
(-0.112629 2.36039 0)
(-0.00489181 1.189 0)
(0.00539027 0.487727 0)
(0.000615305 0.13691 0)
(0.00947912 0.449827 0)
(0.0234433 0.751609 0)
(0.0454921 0.944063 0)
(0.0840602 1.0105 0)
(0.141581 1.02726 0)
(0.219165 1.03858 0)
(0.318688 1.06643 0)
(0.42993 1.16164 0)
(0.500272 1.44803 0)
(0.425678 1.88984 0)
(0.197191 2.19447 0)
(-0.0299073 2.26816 0)
(-0.212802 2.93307 0)
(-0.300974 3.46508 0)
(-0.306637 3.47171 0)
(-0.246551 3.05445 0)
(-0.103488 1.95167 0)
(-0.00975603 1.05981 0)
(0.00456758 0.502566 0)
(0.00112977 0.118849 0)
(0.0109265 0.407359 0)
(0.0244212 0.70649 0)
(0.0475672 0.872192 0)
(0.0889323 0.912511 0)
(0.149946 0.913627 0)
(0.235245 0.909119 0)
(0.347438 0.927502 0)
(0.464536 1.04913 0)
(0.50989 1.45652 0)
(0.40047 2.03922 0)
(0.137674 2.41314 0)
(-0.109505 2.49885 0)
(-0.316867 3.16409 0)
(-0.396339 3.49796 0)
(-0.390233 3.40686 0)
(-0.291204 2.76165 0)
(-0.0780021 1.58509 0)
(-0.0225024 0.948959 0)
(0.000294325 0.487592 0)
(0.00142111 0.0963108 0)
(0.0093629 0.372241 0)
(0.0180652 0.668538 0)
(0.0368193 0.802751 0)
(0.0727873 0.817311 0)
(0.12732 0.7997 0)
(0.206975 0.775286 0)
(0.313131 0.785835 0)
(0.410082 0.965002 0)
(0.421665 1.4889 0)
(0.277338 2.21696 0)
(0.0143051 2.64347 0)
(-0.215348 2.73579 0)
(-0.446226 3.39302 0)
(-0.498445 3.52918 0)
(-0.456176 3.25705 0)
(-0.232168 2.17086 0)
(-0.0883428 1.348 0)
(-0.0335279 0.827297 0)
(-0.00413814 0.435169 0)
(0.00117975 0.0770393 0)
(0.00378163 0.359791 0)
(0.00322321 0.652739 0)
(0.0109071 0.754671 0)
(0.0310619 0.747933 0)
(0.0644759 0.711737 0)
(0.118778 0.667175 0)
(0.193087 0.682104 0)
(0.23163 0.939307 0)
(0.189045 1.56666 0)
(0.054908 2.38814 0)
(-0.165505 2.86331 0)
(-0.378346 2.98605 0)
(-0.5859 3.53159 0)
(-0.605602 3.5226 0)
(-0.455359 2.91155 0)
(-0.144365 1.75345 0)
(-0.0671816 1.18435 0)
(-0.0280755 0.716457 0)
(-0.00286139 0.375139 0)
(0.000355225 0.0712074 0)
(-0.00544717 0.384314 0)
(-0.0196937 0.674128 0)
(-0.0289908 0.748421 0)
(-0.0360163 0.726977 0)
(-0.0390227 0.676986 0)
(-0.0352171 0.619165 0)
(-0.0349512 0.649812 0)
(-0.0635 0.962775 0)
(-0.110672 1.64911 0)
(-0.220413 2.54932 0)
(-0.38107 3.03839 0)
(-0.571081 3.27884 0)
(-0.715168 3.59881 0)
(-0.651473 3.34557 0)
(-0.258917 2.09464 0)
(-0.108765 1.50872 0)
(-0.0514478 1.0697 0)
(-0.024191 0.635293 0)
(-0.00264309 0.32428 0)
(-0.00403436 0.220484 0)
(-0.0247269 0.572752 0)
(-0.0516227 0.743126 0)
(-0.0784702 0.743882 0)
(-0.104387 0.692264 0)
(-0.128671 0.614352 0)
(-0.144924 0.568222 0)
(-0.159202 0.725338 0)
(-0.187493 1.24231 0)
(-0.232266 2.14112 0)
(-0.36834 2.90354 0)
(-0.542153 3.1531 0)
(-0.775983 3.59699 0)
(-0.796891 3.5219 0)
(-0.4206 2.45698 0)
(-0.185926 1.64085 0)
(-0.0834466 1.20847 0)
(-0.0340554 0.800669 0)
(-0.0125671 0.400526 0)
(-0.0046809 0.268292 0)
(-0.144877 1.49225 0)
(0.0721346 3.31911 -1.94612e-21)
(0.124589 3.61364 -6.583e-20)
(0.126559 3.56882 0)
(0.122645 3.51323 -6.3195e-19)
(0.11452 3.47158 0)
(0.105342 3.44792 -7.51747e-19)
(0.094616 3.4273 -8.00888e-21)
(0.0796373 3.29729 -1.39668e-18)
(0.0426902 2.14453 -7.7317e-19)
(-0.0523611 1.12492 -4.28292e-19)
(0.0439779 3.12595 5.0633e-19)
(0.0710061 3.53548 -5.6379e-19)
(0.0764754 3.52185 -6.1664e-19)
(0.077048 3.47964 -7.3553e-19)
(0.0748894 3.44863 -2.32677e-20)
(0.0708175 3.43234 2.53746e-20)
(0.0658422 3.42313 0)
(0.0579545 3.33071 -1.35264e-20)
(0.0365728 2.25996 -8.99243e-19)
(-0.0269729 0.994487 4.18985e-21)
(0.0251509 3.0533 -1.3556e-20)
(0.0381613 3.49013 2.00707e-20)
(0.0436782 3.48585 0)
(0.0466715 3.45191 -7.36241e-19)
(0.0480578 3.42853 7.76954e-19)
(0.0486084 3.41804 -8.37208e-19)
(0.050117 3.41559 -8.45971e-19)
(0.0491241 3.3426 -8.80765e-19)
(0.0344813 2.33019 7.16361e-21)
(-0.0168532 0.921908 5.91435e-19)
(0.00930946 3.02327 -1.5214e-20)
(0.0156114 3.45788 -3.44433e-19)
(0.0213064 3.45647 -3.80881e-19)
(0.0263831 3.42775 -2.45343e-20)
(0.0308344 3.40951 -4.45054e-19)
(0.035303 3.40266 4.3565e-19)
(0.0409729 3.40384 0)
(0.0436402 3.3472 4.3759e-19)
(0.0339789 2.3962 0)
(-0.0119925 0.887062 3.25244e-19)
(-0.00529745 3.02159 3.57956e-19)
(0.000879817 3.43236 3.84869e-19)
(0.00616234 3.43056 4.02412e-19)
(0.013257 3.40513 -4.36224e-19)
(0.020156 3.39006 -2.71337e-20)
(0.0274014 3.38531 -2.81087e-20)
(0.0357874 3.38885 4.73591e-19)
(0.0409551 3.34667 4.96287e-19)
(0.0356527 2.45967 4.8694e-19)
(-0.00993529 0.876125 -3.43465e-19)
(-0.0139635 3.03597 -4.08839e-19)
(-0.0104138 3.41147 4.32149e-19)
(-0.00383066 3.40593 4.21883e-19)
(0.00458963 3.38246 4.29738e-19)
(0.0134613 3.3692 -3.7703e-20)
(0.0228427 3.36564 -9.20812e-21)
(0.0333978 3.37078 -4.7562e-19)
(0.0413057 3.3415 0)
(0.0393924 2.52435 -4.73049e-21)
(-0.0102465 0.881361 0)
(-0.0212128 3.06126 4.05269e-19)
(-0.0193721 3.39174 -8.17595e-19)
(-0.011296 3.38088 -2.71546e-20)
(-0.00155773 3.35838 0)
(0.00906633 3.346 -4.76022e-19)
(0.0204804 3.34302 5.11802e-19)
(0.0331361 3.34917 -4.79986e-19)
(0.0439773 3.33159 -1.61074e-20)
(0.0451307 2.59297 8.27412e-21)
(-0.0115136 0.905438 4.07695e-19)
(-0.0293259 3.09237 -4.20965e-19)
(-0.0278336 3.37028 -4.49024e-19)
(-0.0179282 3.35355 4.65101e-19)
(-0.00659835 3.33134 0)
(0.00600184 3.31924 0)
(0.0196271 3.31648 0)
(0.0346081 3.32324 -5.02513e-19)
(0.0486889 3.31621 5.35796e-19)
(0.0527 2.6643 0)
(-0.0157145 0.955616 0)
(-0.0398726 3.12447 -2.10573e-20)
(-0.0372352 3.34436 4.99539e-19)
(-0.0248162 3.32187 0)
(-0.0111814 3.2996 -5.10201e-19)
(0.00382176 3.28763 -3.26541e-20)
(0.0199538 3.28507 -5.12174e-19)
(0.0374214 3.29223 1.72888e-20)
(0.0548796 3.2945 5.97139e-19)
(0.0616985 2.73886 -5.7925e-19)
(-0.0236068 1.0489 4.50001e-19)
(-0.0532457 3.15233 4.45274e-19)
(-0.0478091 3.3111 -2.19122e-19)
(-0.0320689 3.28394 -2.61426e-19)
(-0.015345 3.26204 6.66955e-20)
(0.00250485 3.25053 4.7535e-19)
(0.0212881 3.2484 2.53954e-19)
(0.0412827 3.256 1.84278e-20)
(0.0615439 3.26585 0)
(0.0712423 2.81497 -6.13256e-19)
(-0.0351091 1.2068 7.55249e-21)
(-0.0681234 3.1703 -2.5073e-19)
(-0.0580601 3.26909 -2.59415e-20)
(-0.0384864 3.23964 -2.78956e-19)
(-0.0186056 3.2193 2.44212e-19)
(0.00182353 3.20888 -8.97695e-21)
(0.0228714 3.20725 -3.07891e-19)
(0.0450916 3.21493 1.95939e-20)
(0.0675269 3.23023 3.15797e-19)
(0.0803629 2.88915 0)
(-0.0472273 1.44363 8.14317e-21)
(-0.0805738 3.17336 -2.51079e-19)
(-0.0641331 3.21912 0)
(-0.0418564 3.19101 0)
(-0.0201319 3.17313 -3.07394e-19)
(0.001339 3.16413 -3.46727e-19)
(0.0232798 3.16316 9.49065e-21)
(0.0467648 3.17071 2.0824e-20)
(0.0706596 3.18915 -3.24844e-19)
(0.0881802 2.95708 -1.1049e-20)
(-0.0549821 1.75599 2.83876e-19)
(-0.0857063 3.15982 -1.70546e-20)
(-0.0642004 3.1651 0)
(-0.042179 3.13967 -3.06969e-19)
(-0.0204377 3.12353 -2.76649e-19)
(0.00127137 3.11583 -1.18354e-22)
(0.0233576 3.11625 1.73747e-19)
(0.0461117 3.12485 2.20893e-20)
(0.0691331 3.1455 3.82217e-19)
(0.0922649 3.01436 0)
(-0.0562174 2.13227 0)
(-0.0831612 3.12892 9.71527e-21)
(-0.0625485 3.10743 -5.50539e-21)
(-0.0425955 3.08451 -1.68741e-19)
(-0.0206088 3.07086 0)
(0.00173929 3.06525 4.40155e-20)
(0.0242464 3.06668 0)
(0.0462019 3.07569 -1.89852e-19)
(0.0663533 3.09788 -2.1854e-19)
(0.092968 3.05392 0)
(-0.0582208 2.53357 8.50742e-20)
(-0.0857154 3.07258 -1.83991e-19)
(-0.0582298 3.04413 2.15491e-20)
(-0.0361014 3.03122 0)
(-0.0162047 3.02486 -8.78646e-20)
(0.00147057 3.02252 1.58359e-21)
(0.0193074 3.02331 9.60569e-20)
(0.0389119 3.02777 -9.97701e-20)
(0.0622955 3.0415 -2.57736e-20)
(0.0963817 3.05644 0)
(-0.0331716 2.87904 9.8642e-21)
(-0.0355359 2.99907 4.77527e-20)
(-0.0179977 3.00037 1.95236e-20)
(-0.0100466 3.00107 0)
(-0.00478898 3.0004 -3.95574e-20)
(0.000301303 3.00134 1.60128e-22)
(0.00435123 3.00033 -4.14769e-20)
(0.00997934 2.99962 4.29437e-20)
(0.0195326 2.99916 0)
(0.0458913 3.0026 0)
(0.27651 0.295488 1.0419e-19)
(0.844786 0.857613 1.69651e-19)
(1.09896 1.13402 1.39225e-19)
(1.13591 1.19544 3.78404e-19)
(1.09946 1.18902 7.16596e-20)
(1.04105 1.16318 -1.33676e-19)
(0.269159 0.773705 0)
(0.181263 0.977232 7.04568e-19)
(0.189684 2.40864 -3.88036e-19)
(0.242281 3.32718 -2.15492e-19)
(0.227745 3.44951 1.15885e-19)
(0.197578 3.47314 3.37048e-20)
(0.192347 3.53645 -4.68701e-19)
(0.214269 3.60318 1.14183e-18)
(0.235621 3.68821 -9.68328e-20)
(0.277049 3.67987 -1.74107e-19)
(0.288403 3.1918 1.15775e-19)
)
;

boundaryField
{
    wall-4
    {
        type            noSlip;
    }
    pressure-outlet-7
    {
        type            zeroGradient;
    }
    velocity-inlet-6
    {
        type            fixedValue;
        value           uniform (0 3 0);
    }
    velocity-inlet-5
    {
        type            fixedValue;
        value           uniform (1 0 0);
    }
    frontAndBackPlanes
    {
        type            empty;
    }
}


// ************************************************************************* //
