/*--------------------------------*- C++ -*----------------------------------*\
| =========                 |                                                 |
| \\      /  F ield         | OpenFOAM: The Open Source CFD Toolbox           |
|  \\    /   O peration     | Version:  v2012                                 |
|   \\  /    A nd           | Website:  www.openfoam.com                      |
|    \\/     M anipulation  |                                                 |
\*---------------------------------------------------------------------------*/
FoamFile
{
    version     2.0;
    format      ascii;
    class       volVectorField;
    location    "59";
    object      U;
}
// * * * * * * * * * * * * * * * * * * * * * * * * * * * * * * * * * * * * * //

dimensions      [0 1 -1 0 0 0 0];


internalField   nonuniform List<vector> 
8800
(
(0.984957 -0.0884523 0)
(1.00213 -0.0568258 0)
(0.999649 -0.0305592 0)
(0.999993 -0.0158672 0)
(1.00007 -0.00872745 0)
(1.00008 -0.00509211 0)
(1.00005 -0.0030027 0)
(1.00002 -0.00169119 0)
(0.999999 -0.000786358 0)
(1.00006 -8.38939e-05 0)
(0.999987 0.000628968 0)
(0.999995 0.00138776 0)
(1.00002 0.00241465 0)
(1.00004 0.00400959 0)
(1.00004 0.00671629 0)
(1.00001 0.0117402 0)
(0.999832 0.0220508 0)
(0.999166 0.0411661 0)
(1.00748 0.0768944 0)
(0.773654 0.0450712 0)
(0.361006 -0.0151712 0)
(1.04557 -0.0742004 0)
(1.0871 -0.0678891 0)
(1.04774 -0.0523013 0)
(1.02458 -0.0383994 0)
(1.0124 -0.0261226 0)
(1.0065 -0.0167737 0)
(1.00362 -0.0102515 0)
(1.00219 -0.00559785 0)
(1.00152 -0.00198361 0)
(1.00139 0.00125051 0)
(1.00173 0.00457745 0)
(1.0027 0.00848611 0)
(1.00472 0.0138216 0)
(1.00881 0.0215417 0)
(1.01734 0.0323561 0)
(1.03444 0.0456932 0)
(1.06547 0.0597986 0)
(1.09407 0.0729199 0)
(0.8422 0.0557157 0)
(0.217084 -0.00164651 0)
(1.07586 -0.0503561 0)
(1.09983 -0.0487179 0)
(1.06464 -0.0401701 0)
(1.03998 -0.0330102 0)
(1.02379 -0.0257128 0)
(1.01401 -0.0183195 0)
(1.00852 -0.0115774 0)
(1.00566 -0.00575978 0)
(1.00448 -0.000429949 0)
(1.00479 0.00471594 0)
(1.00663 0.0100463 0)
(1.01056 0.016089 0)
(1.01786 0.0229894 0)
(1.03049 0.0302393 0)
(1.05063 0.0372349 0)
(1.08034 0.0445709 0)
(1.10617 0.0517826 0)
(0.942795 0.0413388 0)
(0.216446 0.00166828 0)
(0.175911 -0.000645418 0)
(1.01868 -0.035412 0)
(1.10558 -0.0414221 0)
(1.07812 -0.0362602 0)
(1.05287 -0.0302378 0)
(1.0356 -0.0245126 0)
(1.02358 -0.0187741 0)
(1.01565 -0.0127356 0)
(1.01099 -0.00658088 0)
(1.00893 -0.000294572 0)
(1.00945 0.00590525 0)
(1.01255 0.0118668 0)
(1.01859 0.017674 0)
(1.02832 0.0232317 0)
(1.04264 0.0286429 0)
(1.06336 0.0342959 0)
(1.09376 0.0402594 0)
(1.0941 0.0418849 0)
(0.82875 0.0227917 0)
(0.17483 0.000668468 0)
(0.154365 -0.000487305 0)
(0.957323 -0.0255572 0)
(1.1041 -0.0350958 0)
(1.08795 -0.0326562 0)
(1.06144 -0.0281094 0)
(1.04356 -0.0231149 0)
(1.03114 -0.0178422 0)
(1.02243 -0.0123209 0)
(1.01679 -0.0063982 0)
(1.01409 8.55954e-05 0)
(1.01473 0.00657237 0)
(1.01855 0.0124586 0)
(1.02543 0.0177497 0)
(1.03564 0.0226978 0)
(1.05031 0.0274963 0)
(1.07198 0.0319696 0)
(1.10066 0.0358466 0)
(1.06906 0.033986 0)
(0.741129 0.0143722 0)
(0.152736 0.000512959 0)
(0.139839 -0.000358543 0)
(0.900363 -0.0192134 0)
(1.09646 -0.0301522 0)
(1.09607 -0.0292749 0)
(1.06909 -0.0255278 0)
(1.05039 -0.0214301 0)
(1.03744 -0.0166995 0)
(1.02841 -0.0114404 0)
(1.0224 -0.00571572 0)
(1.01936 0.000647352 0)
(1.01997 0.00702312 0)
(1.02399 0.0126663 0)
(1.03105 0.0176257 0)
(1.04156 0.0220838 0)
(1.05684 0.0260315 0)
(1.07942 0.029513 0)
(1.10291 0.0321824 0)
(1.03711 0.0281366 0)
(0.674444 0.0102587 0)
(0.137541 0.000388636 0)
(0.12919 -0.000274054 0)
(0.850612 -0.0148411 0)
(1.08408 -0.0260504 0)
(1.10175 -0.0263817 0)
(1.07593 -0.0230798 0)
(1.05671 -0.0194371 0)
(1.04332 -0.0152263 0)
(1.03392 -0.0103399 0)
(1.02766 -0.00482767 0)
(1.02441 0.00134386 0)
(1.02489 0.00749295 0)
(1.02889 0.012855 0)
(1.03609 0.0174064 0)
(1.04689 0.0212585 0)
(1.06255 0.0245767 0)
(1.08557 0.0275725 0)
(1.10207 0.0293598 0)
(1.00229 0.0236173 0)
(0.622482 0.00788017 0)
(0.126077 0.000310338 0)
(0.121066 -0.000211434 0)
(0.80826 -0.0116723 0)
(1.06877 -0.0224562 0)
(1.10527 -0.0237597 0)
(1.08218 -0.0208947 0)
(1.06252 -0.0174715 0)
(1.04885 -0.0135532 0)
(1.03919 -0.00899872 0)
(1.03265 -0.00376053 0)
(1.02917 0.00218014 0)
(1.02948 0.00806234 0)
(1.03343 0.0130736 0)
(1.04069 0.0171635 0)
(1.05159 0.0205282 0)
(1.06748 0.0234482 0)
(1.09087 0.0261383 0)
(1.09835 0.0270253 0)
(0.967088 0.020066 0)
(0.580736 0.00633201 0)
(0.116962 0.000255373 0)
(0.114766 -0.000163338 0)
(0.772565 -0.00930086 0)
(1.05192 -0.0192925 0)
(1.10762 -0.0213346 0)
(1.08804 -0.0188494 0)
(1.06798 -0.0155822 0)
(1.05406 -0.0118305 0)
(1.04421 -0.00748319 0)
(1.03744 -0.00248922 0)
(1.03369 0.00318946 0)
(1.03379 0.00876178 0)
(1.03761 0.0133927 0)
(1.0448 0.0170744 0)
(1.05572 0.0200594 0)
(1.07183 0.0226547 0)
(1.0949 0.0250042 0)
(1.09182 0.0250851 0)
(0.932827 0.0173196 0)
(0.546207 0.00527152 0)
(0.109458 0.000216568 0)
(0.109847 -0.00012512 0)
(0.742594 -0.00746211 0)
(1.03462 -0.0164882 0)
(1.10901 -0.0190536 0)
(1.0936 -0.0168823 0)
(1.07326 -0.0137146 0)
(1.05906 -0.0100606 0)
(1.04902 -0.00583941 0)
(1.04203 -0.00102087 0)
(1.038 0.00440531 0)
(1.03782 0.00965327 0)
(1.04141 0.0139218 0)
(1.04847 0.0172426 0)
(1.05938 0.0198819 0)
(1.07569 0.0221879 0)
(1.09765 0.0241722 0)
(1.08285 0.0234885 0)
(0.900089 0.0152282 0)
(0.516839 0.00453084 0)
(0.103078 0.000189573 0)
(0.106022 -9.35227e-05 0)
(0.717527 -0.00598106 0)
(1.01769 -0.0139717 0)
(1.10956 -0.0168501 0)
(1.09906 -0.0149626 0)
(1.07844 -0.0118127 0)
(1.06394 -0.00819724 0)
(1.05368 -0.00404664 0)
(1.04645 0.000654258 0)
(1.04211 0.00586577 0)
(1.04157 0.010808 0)
(1.04486 0.0147346 0)
(1.05174 0.0177104 0)
(1.06262 0.0200123 0)
(1.07912 0.0220549 0)
(1.09906 0.0236509 0)
(1.07184 0.0222273 0)
(0.869002 0.0136754 0)
(0.491176 0.00401846 0)
(0.0974764 0.000171727 0)
(0.103101 -6.62338e-05 0)
(0.696721 -0.00474064 0)
(1.00173 -0.0116764 0)
(1.10942 -0.0146878 0)
(1.10435 -0.0130043 0)
(1.08362 -0.00982671 0)
(1.0688 -0.00619371 0)
(1.05827 -0.00205383 0)
(1.05074 0.00257829 0)
(1.04602 0.0076228 0)
(1.04504 0.012291 0)
(1.04798 0.0158903 0)
(1.05463 0.0185287 0)
(1.06546 0.0204956 0)
(1.0821 0.0222803 0)
(1.09948 0.0234596 0)
(1.05906 0.0213125 0)
(0.839413 0.0125718 0)
(0.46813 0.00367881 0)
(0.0923943 0.000161227 0)
(0.100961 -4.11637e-05 0)
(0.679701 -0.00365282 0)
(0.987205 -0.00953155 0)
(1.1088 -0.0124801 0)
(1.10944 -0.0109214 0)
(1.08886 -0.00769501 0)
(1.07369 -0.00398752 0)
(1.06286 0.00020471 0)
(1.05496 0.00481827 0)
(1.04975 0.00974509 0)
(1.04826 0.0141661 0)
(1.05076 0.0174443 0)
(1.05715 0.0197454 0)
(1.06789 0.021373 0)
(1.08459 0.0228836 0)
(1.09891 0.0236536 0)
(1.0447 0.0207651 0)
(0.811007 0.0118489 0)
(0.446851 0.00347435 0)
(0.0876301 0.000156541 0)
(0.099542 -1.64584e-05 0)
(0.666165 -0.00264828 0)
(0.974473 -0.00746275 0)
(1.108 -0.0101677 0)
(1.11447 -0.00865318 0)
(1.09425 -0.00534263 0)
(1.0787 -0.00149875 0)
(1.06749 0.00280367 0)
(1.05914 0.00746103 0)
(1.05335 0.0123155 0)
(1.05122 0.0165091 0)
(1.0532 0.0194688 0)
(1.05928 0.0214236 0)
(1.06991 0.0226892 0)
(1.08663 0.0239369 0)
(1.09712 0.0242547 0)
(1.02883 0.0205559 0)
(0.78338 0.0114444 0)
(0.426654 0.00337727 0)
(0.0830222 0.000156377 0)
(0.0988249 9.97366e-06 0)
(0.655956 -0.00167282 0)
(0.963848 -0.00539774 0)
(1.10736 -0.0076866 0)
(1.11957 -0.00612651 0)
(1.09986 -0.00268403 0)
(1.0839 0.0013603 0)
(1.07224 0.00583764 0)
(1.06333 0.0106039 0)
(1.05683 0.0154324 0)
(1.05394 0.0194163 0)
(1.0553 0.0220525 0)
(1.06099 0.0236422 0)
(1.07149 0.0245228 0)
(1.08814 0.0254743 0)
(1.09404 0.0252909 0)
(1.01142 0.020725 0)
(0.756079 0.0113344 0)
(0.406969 0.00337489 0)
(0.0784387 0.000160389 0)
(0.0988315 3.50037e-05 0)
(0.649046 -0.000679051 0)
(0.955629 -0.00326369 0)
(1.1072 -0.00496388 0)
(1.12489 -0.00325213 0)
(1.1058 0.000383952 0)
(1.08937 0.00469942 0)
(1.07718 0.0094248 0)
(1.0676 0.0143665 0)
(1.06024 0.0192142 0)
(1.05642 0.0229985 0)
(1.05703 0.0252949 0)
(1.06225 0.026494 0)
(1.0726 0.0269709 0)
(1.08889 0.0275589 0)
(1.08948 0.0267903 0)
(0.992357 0.0212956 0)
(0.728596 0.0114993 0)
(0.387274 0.00345785 0)
(0.0737582 0.00016806 0)
(0.099595 7.19476e-05 0)
(0.64551 0.000340439 0)
(0.950134 -0.000984728 0)
(1.10789 -0.00191553 0)
(1.13063 6.56544e-05 0)
(1.11217 0.00397143 0)
(1.09523 0.00864328 0)
(1.08239 0.0137012 0)
(1.07199 0.0188898 0)
(1.06357 0.0238013 0)
(1.05866 0.02739 0)
(1.05837 0.0293189 0)
(1.06304 0.0301019 0)
(1.07319 0.030148 0)
(1.08876 0.0303149 0)
(1.08325 0.028816 0)
(0.971387 0.0222977 0)
(0.700378 0.0119291 0)
(0.367085 0.00361912 0)
(0.0688729 0.000178892 0)
(0.101323 0.000106173 0)
(0.645728 0.00150227 0)
(0.947702 0.0015176 0)
(1.10986 0.00156811 0)
(1.137 0.00392375 0)
(1.1191 0.00822878 0)
(1.10157 0.013355 0)
(1.08796 0.0188368 0)
(1.07655 0.0243463 0)
(1.06686 0.0293623 0)
(1.06061 0.0327547 0)
(1.05927 0.0342652 0)
(1.06328 0.0345955 0)
(1.07317 0.0341724 0)
(1.08753 0.0338518 0)
(1.07505 0.031464 0)
(0.948165 0.0237639 0)
(0.670831 0.0126217 0)
(0.345944 0.00385388 0)
(0.0636855 0.000192501 0)
(0.10408 0.000155533 0)
(0.650081 0.00292988 0)
(0.948838 0.00439877 0)
(1.11359 0.00558249 0)
(1.14422 0.00849791 0)
(1.12676 0.0133455 0)
(1.10854 0.0190396 0)
(1.09397 0.0250497 0)
(1.08132 0.0309579 0)
(1.07008 0.0361029 0)
(1.06224 0.0392611 0)
(1.05967 0.0402865 0)
(1.06289 0.0401217 0)
(1.07248 0.0391644 0)
(1.08499 0.0382988 0)
(1.06458 0.0348232 0)
(0.922221 0.0257392 0)
(0.639317 0.013575 0)
(0.323409 0.0041564 0)
(0.0581105 0.000208118 0)
(0.108138 0.000220906 0)
(0.659109 0.00460625 0)
(0.954001 0.00780878 0)
(1.11959 0.010324 0)
(1.15257 0.0139888 0)
(1.13534 0.0195502 0)
(1.11629 0.0259505 0)
(1.10054 0.0326094 0)
(1.08635 0.038989 0)
(1.07323 0.0442664 0)
(1.06351 0.0471231 0)
(1.05953 0.0475912 0)
(1.0618 0.046851 0)
(1.07103 0.0452861 0)
(1.08118 0.043816 0)
(1.05137 0.0390041 0)
(0.892946 0.0282522 0)
(0.605135 0.014779 0)
(0.29905 0.00451652 0)
(0.052077 0.000224745 0)
(0.113834 0.000309308 0)
(0.67354 0.00669582 0)
(0.963846 0.0119488 0)
(1.12842 0.0160314 0)
(1.16238 0.0206598 0)
(1.1451 0.0271612 0)
(1.125 0.0344334 0)
(1.10775 0.0418653 0)
(1.09166 0.0487679 0)
(1.07626 0.0541349 0)
(1.06434 0.0565698 0)
(1.05869 0.0563507 0)
(1.05991 0.0549605 0)
(1.06868 0.052744 0)
(1.07589 0.0505196 0)
(1.03488 0.0440959 0)
(0.859605 0.0313183 0)
(0.567564 0.0162071 0)
(0.272494 0.00491628 0)
(0.0455437 0.000240756 0)
(0.121681 0.00043618 0)
(0.69432 0.00943209 0)
(0.979243 0.0171227 0)
(1.14074 0.0230465 0)
(1.17416 0.0289123 0)
(1.15634 0.036645 0)
(1.13485 0.0449712 0)
(1.11569 0.0532812 0)
(1.09721 0.0607 0)
(1.07907 0.066032 0)
(1.06459 0.0678568 0)
(1.05701 0.0667741 0)
(1.05711 0.0646095 0)
(1.06539 0.0616373 0)
(1.06879 0.0585515 0)
(1.01438 0.0501656 0)
(0.821331 0.034918 0)
(0.525879 0.0178038 0)
(0.243457 0.00532657 0)
(0.0385103 0.000253881 0)
(0.132396 0.000617513 0)
(0.722732 0.0131891 0)
(1.00135 0.0238033 0)
(1.15736 0.0319181 0)
(1.18848 0.039346 0)
(1.1694 0.0486676 0)
(1.146 0.0582319 0)
(1.12432 0.0674684 0)
(1.10285 0.0752832 0)
(1.08145 0.0803189 0)
(1.06405 0.0812392 0)
(1.05438 0.079079 0)
(1.05326 0.075954 0)
(1.0609 0.0720865 0)
(1.05928 0.0679377 0)
(0.988938 0.0572306 0)
(0.777154 0.0389698 0)
(0.479442 0.0194711 0)
(0.211824 0.00570386 0)
(0.0310379 0.000261293 0)
(0.147241 0.000908853 0)
(0.760786 0.0185923 0)
(1.03183 0.0327824 0)
(1.17919 0.0435879 0)
(1.20612 0.0530371 0)
(1.1846 0.064267 0)
(1.15849 0.0751718 0)
(1.13351 0.0852037 0)
(1.10835 0.0930794 0)
(1.08315 0.0973609 0)
(1.06253 0.0969494 0)
(1.05063 0.0934194 0)
(1.04822 0.0891682 0)
(1.05478 0.0843621 0)
(1.04666 0.0788243 0)
(0.957407 0.0651975 0)
(0.726093 0.0433023 0)
(0.427847 0.0210532 0)
(0.177764 0.00598827 0)
(0.023272 0.000259568 0)
(0.168401 0.00141055 0)
(0.811714 0.026781 0)
(1.0732 0.0455936 0)
(1.20736 0.0598873 0)
(1.22769 0.0721065 0)
(1.20202 0.0850645 0)
(1.17207 0.09711 0)
(1.14281 0.107426 0)
(1.11323 0.114688 0)
(1.08374 0.117498 0)
(1.05967 0.115159 0)
(1.04552 0.10989 0)
(1.04185 0.104328 0)
(1.047 0.0985584 0)
(1.03004 0.0910889 0)
(0.918353 0.0737973 0)
(0.667357 0.0476126 0)
(0.371228 0.0223375 0)
(0.141911 0.00610701 0)
(0.0154676 0.000244604 0)
(0.199237 0.0025211 0)
(0.881225 0.0404144 0)
(1.12917 0.0660668 0)
(1.24232 0.0844144 0)
(1.25292 0.0992594 0)
(1.22104 0.113394 0)
(1.1859 0.125631 0)
(1.1514 0.135109 0)
(1.11678 0.140647 0)
(1.08267 0.140986 0)
(1.05513 0.135963 0)
(1.03883 0.128503 0)
(1.03402 0.121389 0)
(1.03722 0.114487 0)
(1.00812 0.104544 0)
(0.870111 0.0825078 0)
(0.600812 0.0514316 0)
(0.310967 0.0231311 0)
(0.105812 0.00602111 0)
(0.00809807 0.000211809 0)
(0.241289 0.00872672 7.66128e-20)
(0.973373 0.0675211 6.86931e-20)
(1.19744 0.100487 -2.42362e-20)
(1.28093 0.120856 0)
(1.27901 0.138079 -6.38579e-34)
(1.23953 0.151567 9.38377e-21)
(1.19844 0.162244 -1.71407e-20)
(1.15819 0.169483 0)
(1.11816 0.17222 3.56926e-34)
(1.07917 0.169279 -2.16464e-20)
(1.04791 0.161076 0)
(1.02926 0.151215 -2.5863e-20)
(1.02336 0.14261 -7.63615e-20)
(1.02413 0.135236 -3.60716e-20)
(0.977454 0.12184 -1.08542e-20)
(0.807205 0.0930696 -6.45051e-21)
(0.52105 0.0553231 0)
(0.245271 0.0238221 4.49946e-21)
(0.0696146 0.0060702 5.29144e-21)
(0.00120104 0.000198582 9.3901e-20)
(0.270629 0.0239909 5.29297e-20)
(1.04954 0.110065 1.04723e-21)
(1.25378 0.149526 6.29623e-21)
(1.31536 0.170006 0)
(1.30184 0.187161 -3.19227e-20)
(1.2553 0.198447 -3.66262e-20)
(1.2083 0.206792 -1.7194e-20)
(1.1622 0.21151 -6.20016e-20)
(1.1165 0.21142 0)
(1.07212 0.205267 9.23376e-20)
(1.03654 0.193965 9.19282e-20)
(1.01514 0.181697 2.73869e-20)
(1.00714 0.171141 1.00165e-19)
(1.00052 0.161236 1.41042e-19)
(0.929984 0.142676 0)
(0.723328 0.105059 1.98322e-19)
(0.42803 0.0595559 2.83957e-19)
(0.17709 0.0241103 3.14427e-19)
(0.0340793 0.00504018 -3.57802e-19)
(-0.00562229 -0.000446055 -6.6324e-21)
(0.271881 0.0399591 0)
(1.09772 0.165324 8.60734e-21)
(1.29165 0.209794 0)
(1.34207 0.229791 -3.90937e-20)
(1.31968 0.243944 0)
(1.26721 0.251349 -7.10383e-20)
(1.21464 0.255971 3.49301e-20)
(1.16296 0.257097 -1.23972e-19)
(1.11183 0.253344 -3.14747e-21)
(1.0623 0.243378 4.76572e-20)
(1.02257 0.228608 2.02664e-19)
(0.998428 0.213726 -4.95801e-22)
(0.988014 0.201124 -7.28969e-20)
(0.974308 0.188528 -1.33134e-19)
(0.887209 0.164259 1.57304e-19)
(0.664456 0.117244 -2.78161e-19)
(0.375671 0.0639229 -3.66874e-20)
(0.144062 0.0244561 0)
(0.0180232 0.00354175 -1.84901e-23)
(-0.00885227 -0.00125564 0)
(0.265564 0.0536895 8.90166e-20)
(1.1237 0.223818 -4.74111e-20)
(1.31491 0.274595 -4.13254e-20)
(1.35969 0.294801 1.78802e-20)
(1.33114 0.305073 -3.04996e-20)
(1.27421 0.307964 1.48404e-19)
(1.21705 0.308187 7.26817e-20)
(1.16055 0.305085 0)
(1.10456 0.297135 -2.3696e-19)
(1.05026 0.282933 0)
(1.00659 0.264403 -1.06272e-19)
(0.97977 0.246724 -1.31935e-19)
(0.966953 0.23192 -7.95351e-20)
(0.947629 0.216306 -9.68525e-20)
(0.85171 0.186482 0)
(0.626762 0.131431 0)
(0.349678 0.07125 -2.38373e-19)
(0.130541 0.0264736 4.7086e-20)
(0.0111725 0.00241399 -2.74536e-20)
(-0.0107413 -0.00213566 -3.1633e-20)
(0.258015 0.0657736 -1.90457e-20)
(1.13506 0.282177 0)
(1.3276 0.340308 7.56603e-20)
(1.36918 0.36121 4.82846e-20)
(1.33631 0.367676 7.20563e-20)
(1.27613 0.36606 0)
(1.21537 0.361784 7.02066e-20)
(1.15487 0.354284 1.36717e-19)
(1.09466 0.341936 1.20859e-19)
(1.03606 0.323296 2.25346e-19)
(0.988724 0.300845 0)
(0.959285 0.280253 -2.84935e-19)
(0.944082 0.263119 -1.72111e-19)
(0.920628 0.244702 -1.01822e-19)
(0.821759 0.209823 6.23777e-19)
(0.60282 0.147745 7.39246e-20)
(0.339076 0.0813562 3.45594e-19)
(0.12986 0.0304783 -1.63766e-18)
(0.0113015 0.00227866 9.66084e-19)
(-0.0112787 -0.00281723 -1.1468e-18)
(0.250797 0.0766963 1.16208e-20)
(1.13713 0.338574 2.87851e-21)
(1.33265 0.405049 -5.9702e-21)
(1.37214 0.427126 -4.18294e-20)
(1.33613 0.430021 -5.66887e-20)
(1.27351 0.424088 3.58836e-21)
(1.2099 0.415481 -7.62493e-20)
(1.14612 0.40367 1.40868e-19)
(1.08231 0.386963 -2.60414e-19)
(1.0199 0.363886 0)
(0.96918 0.337488 -1.28774e-19)
(0.937199 0.313919 -3.22546e-21)
(0.919679 0.294474 -1.88764e-19)
(0.89326 0.273332 0)
(0.795234 0.233968 -1.35465e-19)
(0.586382 0.166103 -3.20531e-19)
(0.33716 0.0938122 8.49806e-19)
(0.135583 0.036534 -8.38216e-19)
(0.0163957 0.00372133 1.18805e-18)
(-0.0103762 -0.00311342 -1.21581e-18)
(0.244734 0.0867916 -8.11681e-22)
(1.13344 0.392344 5.50219e-21)
(1.33219 0.467826 -4.87615e-21)
(1.37 0.491352 1.33986e-20)
(1.33167 0.491072 -2.79322e-20)
(1.2672 0.481107 0)
(1.2013 0.468424 -6.92904e-20)
(1.13477 0.452512 -1.47142e-19)
(1.06783 0.431619 -1.34958e-19)
(1.002 0.404224 0)
(0.948161 0.373916 -1.33438e-19)
(0.913765 0.347399 -1.6636e-19)
(0.894064 0.325719 2.0517e-19)
(0.865377 0.301983 -1.24839e-19)
(0.770201 0.258576 -5.94484e-19)
(0.572746 0.185925 3.51679e-19)
(0.338368 0.107645 1.04158e-19)
(0.144003 0.0442875 0)
(0.0240407 0.00664315 -1.15246e-18)
(-0.00856354 -0.00300296 -4.16691e-20)
(0.239927 0.0963843 7.85297e-21)
(1.1263 0.443295 -1.12866e-20)
(1.32772 0.528172 -8.62104e-24)
(1.36399 0.553177 5.30169e-20)
(1.32388 0.55016 -9.65886e-20)
(1.258 0.536531 1.31289e-19)
(1.19023 0.520078 1.49536e-19)
(1.12136 0.500333 -2.35051e-19)
(1.05166 0.475489 8.46278e-20)
(0.982738 0.443952 -5.55032e-19)
(0.926013 0.40986 -1.51651e-19)
(0.889367 0.380499 0)
(0.867663 0.356654 2.22981e-19)
(0.837246 0.330417 2.67837e-19)
(0.745248 0.283304 3.20884e-19)
(0.559103 0.206377 -3.83542e-19)
(0.33881 0.122315 -1.13338e-19)
(0.15209 0.0534203 1.32942e-19)
(0.0322553 0.0106631 0)
(-0.0063242 -0.00253565 -9.07149e-20)
(0.23628 0.105624 -1.27413e-19)
(1.11731 0.491527 7.07221e-20)
(1.3205 0.585991 3.2999e-21)
(1.35515 0.612277 2.73672e-20)
(1.31356 0.60689 -3.94766e-20)
(1.2466 0.589964 -8.11802e-21)
(1.17729 0.570091 -1.64157e-19)
(1.10641 0.546826 -8.52444e-20)
(1.03425 0.518296 -2.34978e-19)
(0.962478 0.482839 6.20501e-22)
(0.903067 0.445124 -4.74295e-19)
(0.864337 0.41302 4.03416e-19)
(0.84079 0.386994 -2.45732e-19)
(0.808917 0.358347 2.96137e-19)
(0.719386 0.307773 0)
(0.544096 0.226817 -2.08957e-19)
(0.336539 0.137259 1.80533e-22)
(0.157991 0.0630665 -5.81743e-19)
(0.0394954 0.0152475 -8.49698e-20)
(-0.00404531 -0.00182488 0)
(0.233674 0.114653 0)
(1.10741 0.537271 8.23627e-20)
(1.31138 0.641391 2.97133e-20)
(1.34427 0.668518 -1.98771e-20)
(1.30139 0.661053 -5.53394e-20)
(1.23358 0.641177 0)
(1.16302 0.618235 -7.20613e-20)
(1.09039 0.591778 -2.1167e-21)
(1.01598 0.559864 5.03844e-19)
(0.941547 0.520736 -7.59715e-20)
(0.879595 0.479542 -3.42852e-19)
(0.83892 0.4447 2.0935e-19)
(0.813689 0.416462 -4.4325e-21)
(0.78046 0.38533 3.14949e-19)
(0.692918 0.331153 1.94663e-19)
(0.527265 0.245981 -4.52316e-19)
(0.330959 0.151538 5.34131e-19)
(0.160388 0.0722316 1.58002e-19)
(0.0444709 0.0196464 6.48087e-19)
(-0.00216076 -0.00107949 -1.70447e-18)
(0.232036 0.123631 -4.4159e-20)
(1.09727 0.580714 5.95707e-20)
(1.30109 0.693843 -3.99724e-20)
(1.33194 0.721865 5.16791e-21)
(1.28792 0.712543 0)
(1.21945 0.690039 -5.47002e-20)
(1.14784 0.664374 2.44828e-19)
(1.07366 0.635058 1.85812e-19)
(0.997199 0.600074 0)
(0.920223 0.557544 -1.09801e-18)
(0.85581 0.512983 9.28467e-19)
(0.813271 0.475362 0)
(0.786529 0.444906 2.87699e-19)
(0.751991 0.411102 -4.44326e-21)
(0.66585 0.352988 -6.22804e-19)
(0.508231 0.26334 2.43116e-19)
(0.322183 0.164193 0)
(0.158935 0.0800391 8.5159e-19)
(0.0466571 0.0231788 0)
(-0.000895994 -0.00048121 -8.07564e-19)
(0.231204 0.132606 5.3536e-20)
(1.08734 0.622022 7.9067e-20)
(1.28995 0.743458 -3.91874e-20)
(1.31864 0.772317 0)
(1.27363 0.761334 -3.88922e-20)
(1.20464 0.736508 0)
(1.13213 0.708435 -2.37174e-19)
(1.05657 0.676588 -8.43345e-20)
(0.978189 0.638864 8.8039e-20)
(0.898752 0.59321 -5.43158e-19)
(0.831874 0.545393 9.55799e-20)
(0.787516 0.504989 0)
(0.759361 0.472222 -6.14271e-19)
(0.723435 0.435465 4.37125e-21)
(0.638116 0.372889 0)
(0.487184 0.278383 2.78434e-21)
(0.310195 0.174553 7.82032e-19)
(0.15424 0.085752 -7.36067e-19)
(0.0462134 0.0253913 2.15975e-19)
(-0.000284005 -0.00013817 0)
(0.230863 0.141475 0)
(1.07794 0.661252 9.64752e-20)
(1.27825 0.790396 6.00843e-20)
(1.30478 0.819936 -4.94149e-21)
(1.25886 0.80745 -6.53297e-21)
(1.18945 0.780581 -1.22358e-19)
(1.1162 0.7504 9.00351e-20)
(1.03939 0.716335 -1.01189e-19)
(0.959203 0.676192 3.94993e-19)
(0.877334 0.627718 -8.67918e-19)
(0.807931 0.576788 -7.8069e-21)
(0.761735 0.53363 -2.67797e-19)
(0.732175 0.498334 9.97308e-19)
(0.694765 0.458115 -5.15247e-21)
(0.609795 0.390533 -4.83625e-19)
(0.464249 0.290688 -8.60798e-19)
(0.295487 0.182262 0)
(0.146575 0.0892424 0)
(0.0437782 0.0262043 2.32867e-19)
(-0.000232659 -0.000114014 -1.34948e-19)
(0.231141 0.150386 7.64638e-20)
(1.06904 0.698296 -2.20938e-19)
(1.2663 0.834734 -6.4557e-20)
(1.29067 0.86481 0)
(1.24391 0.850953 -3.02596e-21)
(1.17418 0.822286 -1.03968e-19)
(1.1003 0.790275 2.12038e-19)
(1.02236 0.754291 3.92925e-19)
(0.940455 0.712054 5.11464e-19)
(0.856161 0.661077 -7.07574e-19)
(0.78413 0.607242 -7.97695e-19)
(0.735969 0.561337 7.16002e-19)
(0.704897 0.523147 0)
(0.665862 0.478846 -2.19819e-19)
(0.580786 0.405603 -5.23037e-19)
(0.439526 0.300068 -6.18436e-19)
(0.278456 0.187037 -7.29444e-19)
(0.136407 0.0902885 2.14841e-19)
(0.039681 0.025752 -1.2551e-19)
(-0.000520731 -0.00029791 5.51436e-22)
(0.23158 0.159197 0)
(1.06082 0.733669 0)
(1.25432 0.87657 4.94829e-21)
(1.27652 0.907046 0)
(1.229 0.891931 -5.80728e-21)
(1.15904 0.861685 6.36492e-20)
(1.08463 0.82809 0)
(1.00567 0.790465 4.56303e-20)
(0.92213 0.746452 8.50558e-19)
(0.835409 0.693313 -1.6266e-18)
(0.7606 0.636846 0)
(0.710248 0.588152 -4.60743e-19)
(0.677446 0.546601 -6.07942e-21)
(0.63664 0.497548 -4.77109e-21)
(0.55116 0.417919 5.59055e-19)
(0.413653 0.306388 -3.35496e-22)
(0.259516 0.188794 -1.57104e-18)
(0.124329 0.0889757 4.62076e-19)
(0.0343523 0.0240852 1.3595e-19)
(-0.00102774 -0.000651036 0)
(0.232094 0.167878 -3.07634e-19)
(1.05301 0.767387 -1.51063e-19)
(1.2424 0.915986 -1.95364e-19)
(1.26249 0.946766 1.82131e-19)
(1.21431 0.93046 -4.10328e-20)
(1.14419 0.898839 0)
(1.06934 0.863888 1.23841e-19)
(0.989467 0.824884 -1.02437e-19)
(0.904375 0.779402 7.74192e-21)
(0.815238 0.724466 1.20151e-19)
(0.737474 0.665681 1.03119e-18)
(0.684606 0.614144 -1.61365e-19)
(0.649755 0.568768 -6.14032e-19)
(0.606946 0.514153 -2.55994e-19)
(0.52092 0.427217 3.0364e-19)
(0.38712 0.309413 3.74878e-23)
(0.239286 0.187437 4.22927e-19)
(0.11118 0.0854371 -9.93592e-19)
(0.0285783 0.0214979 1.16915e-18)
(-0.00164369 -0.00111373 1.67913e-19)
(0.232491 0.1763 1.1744e-19)
(1.04563 0.799546 -8.54972e-20)
(1.23067 0.95308 1.22141e-20)
(1.24871 0.984077 1.20494e-19)
(1.19996 0.966651 2.21285e-20)
(1.12974 0.933823 -1.03702e-19)
(1.05456 0.897721 3.33493e-20)
(0.973865 0.857567 -4.24633e-19)
(0.887319 0.810906 -9.31863e-19)
(0.795781 0.754549 -9.66189e-19)
(0.714889 0.693814 0)
(0.659092 0.639432 -7.09421e-19)
(0.621746 0.589846 8.85028e-19)
(0.576511 0.528602 0)
(0.489983 0.433129 -6.49877e-19)
(0.360358 0.30872 3.86604e-19)
(0.218978 0.182767 -4.54359e-19)
(0.0982598 0.0800295 -5.34231e-19)
(0.0230553 0.0183977 -9.40982e-19)
(-0.0022421 -0.00160185 -7.22739e-19)
(0.233227 0.184586 -1.32779e-19)
(1.03851 0.830132 9.13581e-20)
(1.21918 0.987924 2.08989e-19)
(1.23527 1.01905 1.78175e-19)
(1.18606 1.0006 -3.91447e-20)
(1.11581 0.966725 -4.66101e-20)
(1.04037 0.929639 1.13049e-19)
(0.958954 0.888559 -4.32477e-19)
(0.871046 0.840988 -5.50355e-19)
(0.777158 0.783586 1.00838e-18)
(0.692966 0.721291 2.26026e-18)
(0.63379 0.664191 0)
(0.593351 0.61012 0)
(0.544966 0.540914 -2.94391e-19)
(0.458008 0.435302 0)
(0.333501 0.30351 8.30501e-19)
(0.199828 0.174017 9.76196e-19)
(0.0875254 0.0727631 0)
(0.0190118 0.0151965 0)
(-0.00270222 -0.00202531 7.75898e-19)
(0.23362 0.192435 1.51669e-19)
(1.03169 0.859134 1.2523e-19)
(1.208 1.02064 1.51944e-19)
(1.22225 1.0518 -1.74378e-19)
(1.17266 1.03241 -5.60645e-20)
(1.10245 0.997622 3.44203e-20)
(1.02684 0.959706 -1.52687e-19)
(0.944797 0.917888 -7.13748e-22)
(0.855634 0.869657 -1.00245e-20)
(0.759464 0.811576 -9.63637e-21)
(0.671846 0.748151 1.16266e-18)
(0.608826 0.688615 0)
(0.564541 0.629899 8.95271e-19)
(0.511925 0.551263 6.27543e-19)
(0.424295 0.433674 1.51453e-18)
(0.30598 0.292597 4.46962e-19)
(0.183084 0.158749 -5.24998e-19)
(0.0829779 0.0609767 -3.0733e-19)
(0.0219241 0.0107959 0)
(-0.00122244 -0.00171867 8.33095e-19)
(0.234306 0.200293 -3.41841e-19)
(1.02512 0.886642 0)
(1.19711 1.05127 1.80094e-19)
(1.20967 1.08244 -1.48811e-19)
(1.15982 1.06219 8.18848e-20)
(1.08968 1.0266 -1.28562e-20)
(1.014 0.987977 2.83324e-19)
(0.931431 0.945589 -3.6169e-20)
(0.841126 0.896922 0)
(0.742772 0.838492 -1.10623e-18)
(0.651664 0.774406 -2.52144e-18)
(0.58436 0.712897 1.04134e-19)
(0.535383 0.649463 1.23415e-18)
(0.477157 0.560058 0)
(0.38779 0.428884 1.02138e-18)
(0.275543 0.275082 0)
(0.167146 0.13171 0)
(0.0890619 0.0311475 -3.32104e-19)
(0.0528711 -0.00556626 0)
(0.0275456 0.0109223 2.2296e-19)
(0.234626 0.207549 -3.8319e-19)
(1.01878 0.912996 0)
(1.18653 1.08003 3.00257e-19)
(1.19747 1.11118 0)
(1.1475 1.09019 -5.14931e-20)
(1.07747 1.05394 0)
(1.00179 1.01477 1.18212e-20)
(0.918759 0.972002 5.84977e-20)
(0.8274 0.923147 6.84688e-20)
(0.726916 0.864717 -1.20777e-18)
(0.632238 0.800503 7.5134e-20)
(0.560157 0.737714 8.38284e-19)
(0.505463 0.669533 1.202e-18)
(0.439837 0.567967 1.62583e-19)
(0.346655 0.4226 7.99964e-19)
(0.237455 0.251994 0)
(0.140111 0.0889953 1.10592e-18)
(0.0766778 -0.0155179 -6.42702e-19)
(0.041479 0.0465971 7.38571e-19)
(-0.059595 0.43532 -8.75961e-19)
(0.234917 0.214608 3.18123e-19)
(1.01239 0.93797 4.9991e-19)
(1.17616 1.10723 0)
(1.18553 1.13848 9.81618e-21)
(1.1355 1.117 1.55387e-19)
(1.06553 1.08034 -5.38886e-20)
(0.989898 1.04087 9.02345e-20)
(0.906371 0.998064 0)
(0.813925 0.949424 4.48223e-19)
(0.711225 0.891558 -6.24361e-20)
(0.612659 0.827944 0)
(0.53497 0.764804 0)
(0.472863 0.691551 1.07718e-18)
(0.397716 0.575664 -5.03395e-19)
(0.297775 0.416992 -8.10896e-19)
(0.187007 0.226919 0)
(0.0812113 0.0942079 5.5196e-19)
(0.00637421 0.441733 -6.32378e-19)
(0.0317305 1.89416 -3.46759e-19)
(0.0625581 2.81058 -4.58061e-19)
(0.234974 0.2209 -2.3851e-19)
(1.00605 0.961728 -6.41146e-19)
(1.16601 1.13286 1.7857e-19)
(1.17384 1.16422 1.47194e-19)
(1.12386 1.14239 0)
(1.05395 1.1055 -5.94587e-20)
(0.978526 1.06597 1.11288e-19)
(0.894456 1.02334 -2.76076e-20)
(0.800969 0.975235 6.70275e-20)
(0.696077 0.918399 1.14653e-18)
(0.593526 0.85609 1.26809e-18)
(0.509725 0.793795 9.37526e-19)
(0.438403 0.715367 1.08324e-18)
(0.352453 0.582254 -1.18214e-18)
(0.247046 0.415901 -1.22415e-18)
(0.124654 0.267766 0)
(0.0445733 0.833199 0)
(0.0989542 2.55394 3.02989e-19)
(0.101702 3.20213 0)
(0.104265 3.38815 6.65741e-19)
(0.238069 0.226718 0)
(1.00036 0.984539 0)
(1.15583 1.15677 0)
(1.16217 1.18822 4.47171e-20)
(1.11222 1.16611 1.43139e-19)
(1.04252 1.12929 -6.94474e-20)
(0.967574 1.08998 6.67463e-20)
(0.882959 1.04773 -2.65026e-20)
(0.788485 1.00043 5.51111e-19)
(0.681482 0.945093 -1.81691e-20)
(0.574969 0.884839 2.49865e-18)
(0.484731 0.824497 -1.0835e-19)
(0.402199 0.741751 1.30838e-19)
(0.306585 0.585901 1.7119e-19)
(0.185976 0.429464 -6.80701e-21)
(0.100796 0.965165 3.55153e-21)
(0.13941 2.72476 -1.60359e-18)
(0.146761 3.29356 -5.93778e-19)
(0.135876 3.42594 2.97777e-19)
(0.123484 3.44784 -3.26233e-19)
(0.157652 0.178555 1.36127e-19)
(0.990162 1.00931 0)
(1.14533 1.17913 -3.51442e-19)
(1.15096 1.21091 -3.96575e-19)
(1.10133 1.18885 3.43933e-19)
(1.03207 1.15232 8.30813e-20)
(0.95695 1.1129 -6.19587e-20)
(0.871969 1.07131 2.74872e-19)
(0.776609 1.02515 -4.44894e-19)
(0.667712 0.971798 0)
(0.557364 0.914403 1.2193e-18)
(0.460492 0.856582 -7.62084e-19)
(0.365293 0.773483 0)
(0.253642 0.589169 1.53837e-19)
(0.145256 0.75663 3.75632e-19)
(0.15485 2.49942 -4.39047e-19)
(0.210354 3.32347 4.84533e-19)
(0.190978 3.4385 2.60954e-19)
(0.158512 3.45997 2.8725e-19)
(0.137132 3.47018 4.57974e-19)
(0.278358 0.265338 -2.40662e-19)
(0.974235 1.01925 0)
(1.12737 1.20484 3.87722e-19)
(1.13649 1.24181 4.37e-19)
(1.08425 1.22209 -3.81495e-19)
(1.01429 1.18599 -1.28588e-19)
(0.938172 1.14815 2.63676e-20)
(0.8527 1.10783 2.18072e-20)
(0.756063 1.06389 4.1652e-19)
(0.644483 1.01451 9.72989e-19)
(0.529035 0.963744 6.82634e-20)
(0.421799 0.911246 6.74847e-19)
(0.298938 0.813606 1.21016e-19)
(0.213736 0.933738 -1.55045e-19)
(0.228179 2.35148 -3.47508e-19)
(0.287724 3.32662 3.231e-19)
(0.271364 3.46719 -3.62199e-19)
(0.235929 3.48907 -2.09941e-19)
(0.199387 3.51637 -1.65886e-19)
(0.148792 3.51009 -1.60584e-20)
(0.267568 0.262951 0)
(0.972206 1.04239 1.1271e-19)
(1.11918 1.2285 -8.05922e-20)
(1.12607 1.2656 -5.25918e-20)
(1.07357 1.24537 -2.6657e-19)
(1.00358 1.20947 1.35038e-19)
(0.927165 1.17182 -9.3673e-22)
(0.841502 1.13232 1.89935e-20)
(0.74435 1.08987 -4.29168e-19)
(0.631495 1.04333 -2.73733e-20)
(0.51332 0.997596 -2.19386e-18)
(0.400982 0.948755 9.64098e-20)
(0.282994 0.880092 -1.13352e-19)
(0.253848 1.4894 -1.43517e-19)
(0.327292 3.1037 3.47859e-20)
(0.346996 3.46565 1.09004e-21)
(0.306294 3.52072 5.14377e-19)
(0.269394 3.54722 2.44735e-19)
(0.221005 3.57024 -4.8624e-20)
(0.163712 3.56604 -7.20628e-20)
(0.251898 0.261056 2.84265e-19)
(0.968715 1.06812 7.74589e-19)
(1.11056 1.25421 -2.32216e-19)
(1.11503 1.29073 -1.99443e-19)
(1.06229 1.27002 0)
(0.992444 1.23415 2.50096e-19)
(0.916019 1.19676 2.82728e-20)
(0.830435 1.15806 1.5955e-20)
(0.733086 1.11718 -4.81367e-20)
(0.619489 1.07374 -8.65674e-19)
(0.499447 1.03345 -1.00524e-18)
(0.383759 0.987831 -7.80272e-19)
(0.284573 1.00995 -8.61553e-19)
(0.322907 2.21044 8.84985e-19)
(0.413236 3.37735 7.17386e-19)
(0.390877 3.52308 0)
(0.344726 3.5673 0)
(0.306654 3.60706 -3.73121e-20)
(0.256748 3.66532 0)
(0.175898 3.64172 -2.58275e-20)
(0.241452 0.263004 -4.28685e-19)
(0.963112 1.09477 -6.61882e-19)
(1.10051 1.28116 0)
(1.10265 1.31661 1.16717e-20)
(1.04975 1.29529 -2.92696e-19)
(0.980209 1.25936 4.09859e-19)
(0.904101 1.22226 3.56769e-20)
(0.818806 1.18425 6.2648e-21)
(0.721503 1.14489 -2.90242e-19)
(0.607584 1.10457 4.22792e-20)
(0.486582 1.06976 0)
(0.366544 1.02904 0)
(0.307059 1.26723 -7.82908e-19)
(0.405583 2.8894 3.10976e-19)
(0.484292 3.48455 3.89067e-19)
(0.435729 3.55641 0)
(0.395649 3.61897 7.27239e-21)
(0.35943 3.67511 -1.16468e-19)
(0.312802 3.65792 -2.16021e-19)
(0.201924 3.64439 1.65715e-20)
(0.233722 0.266791 2.76069e-19)
(0.955673 1.12222 0)
(1.08893 1.30935 -4.70668e-19)
(1.08907 1.34361 -1.07974e-19)
(1.03617 1.32145 1.15851e-19)
(0.967126 1.28532 0)
(0.891563 1.24842 1.18898e-20)
(0.806783 1.21104 -1.98024e-20)
(0.70983 1.17316 -3.70273e-20)
(0.596075 1.13598 7.72595e-19)
(0.475025 1.10644 -5.01728e-20)
(0.361532 1.08344 -5.64877e-19)
(0.355486 1.65312 -7.81011e-19)
(0.48802 3.26382 -8.96522e-20)
(0.538278 3.53581 -2.7741e-19)
(0.490582 3.5865 0)
(0.462421 3.65801 2.09776e-19)
(0.424409 3.6188 -1.76108e-19)
(0.336446 3.35106 3.88766e-19)
(0.24406 3.24834 -1.55415e-19)
(0.228706 0.272369 5.3911e-19)
(0.946575 1.15033 0)
(1.07593 1.33872 -3.03032e-19)
(1.07445 1.3718 2.97158e-19)
(1.02177 1.34859 -2.46239e-19)
(0.953477 1.31205 -2.89802e-19)
(0.878683 1.27513 1.73751e-19)
(0.794685 1.2382 -2.0947e-20)
(0.698446 1.20166 0)
(0.585416 1.1675 6.22774e-19)
(0.465101 1.14272 1.5293e-18)
(0.36298 1.15993 -6.45422e-20)
(0.419418 2.10973 -7.31214e-19)
(0.562634 3.42857 0)
(0.579213 3.56475 -1.75752e-19)
(0.541972 3.62495 0)
(0.517909 3.62577 0)
(0.490232 3.36948 -1.46532e-19)
(0.352959 2.21824 0)
(-0.173394 0.0371828 1.32531e-19)
(0.224743 0.278801 -2.65981e-19)
(0.935997 1.17949 -2.09884e-19)
(1.06143 1.36953 -3.06735e-19)
(1.05855 1.40152 4.05341e-19)
(1.00626 1.3772 2.60212e-19)
(0.938924 1.34017 2.29395e-19)
(0.86511 1.30319 -1.1437e-19)
(0.782148 1.26669 3.39826e-20)
(0.686979 1.23152 9.15263e-21)
(0.575228 1.20061 -6.26126e-20)
(0.456787 1.18087 -6.45735e-19)
(0.377624 1.28331 0)
(0.496859 2.6205 -4.64927e-19)
(0.628641 3.50522 -1.56808e-19)
(0.613831 3.58624 -1.1684e-19)
(0.594098 3.61446 3.80174e-20)
(0.543601 3.47025 -1.94344e-19)
(0.392351 2.47578 -1.38097e-19)
(0.012601 0.224121 0)
(-0.0782446 -0.12721 4.10531e-19)
(0.221334 0.286087 2.59761e-19)
(0.923688 1.20964 -2.09943e-19)
(1.04527 1.40176 -2.95638e-19)
(1.04114 1.43282 -5.24696e-19)
(0.989433 1.4074 2.64269e-19)
(0.923275 1.36988 -2.02579e-19)
(0.850698 1.33285 1.08958e-19)
(0.769069 1.29684 -4.13074e-20)
(0.675375 1.26316 1.44654e-19)
(0.565523 1.23575 -4.1697e-19)
(0.450608 1.22245 -1.05787e-18)
(0.408474 1.47434 0)
(0.579484 3.04763 0)
(0.684395 3.54623 1.66064e-20)
(0.650378 3.59517 0)
(0.623871 3.55232 2.1069e-19)
(0.492978 2.95051 3.54341e-19)
(0.105979 0.614445 0)
(-0.0927239 -0.150974 0)
(-0.0537471 -0.0807815 3.41834e-19)
(0.217332 0.293096 -2.5474e-19)
(0.909498 1.24085 1.97193e-19)
(1.0273 1.4354 -6.39797e-21)
(1.02211 1.46565 -4.03604e-19)
(0.97116 1.43911 0)
(0.906439 1.4011 -3.84787e-19)
(0.835388 1.36404 0)
(0.755435 1.32858 -8.62917e-20)
(0.663685 1.29647 1.2899e-19)
(0.556442 1.27272 2.8162e-19)
(0.447725 1.2705 0)
(0.455819 1.72899 3.60757e-19)
(0.655539 3.30868 -2.87189e-19)
(0.727418 3.57048 2.90431e-20)
(0.686814 3.58345 -1.02901e-19)
(0.616371 3.32907 1.09888e-19)
(0.315464 1.76504 -1.71728e-19)
(-0.0729404 -0.0552071 -2.22608e-19)
(-0.101535 -0.163974 -3.88824e-19)
(-0.0369831 -0.0541256 -3.0421e-19)
(0.212539 0.300029 7.44785e-19)
(0.892986 1.27299 4.00324e-19)
(1.00731 1.47037 5.85122e-19)
(1.00127 1.49994 -8.23734e-19)
(0.951332 1.47227 5.34055e-19)
(0.888337 1.43375 0)
(0.819135 1.39666 1.58861e-19)
(0.741251 1.36178 -2.97096e-20)
(0.651958 1.33129 -6.74042e-21)
(0.548142 1.31128 -3.02826e-20)
(0.449729 1.32988 -3.36909e-19)
(0.517145 2.04379 4.99866e-20)
(0.724143 3.45089 8.69877e-20)
(0.761204 3.58103 9.2949e-22)
(0.713526 3.51411 7.91326e-20)
(0.535946 2.7801 -8.15264e-21)
(0.0787897 0.289075 3.37741e-19)
(-0.0913813 -0.169279 -3.98318e-19)
(-0.0860551 -0.148581 1.2019e-19)
(-0.0270954 -0.0412082 6.8586e-20)
(0.206164 0.305933 0)
(0.873531 1.30593 0)
(0.985052 1.50653 7.34612e-21)
(0.978471 1.53558 0)
(0.929822 1.50677 4.17893e-19)
(0.868887 1.46769 2.47807e-19)
(0.801909 1.43059 0)
(0.726527 1.39631 2.38979e-20)
(0.640262 1.36743 5.39462e-20)
(0.540792 1.35127 2.24699e-19)
(0.458429 1.40616 0)
(0.590186 2.40954 1.11733e-19)
(0.782866 3.52376 -8.40779e-22)
(0.792267 3.57539 -2.17618e-20)
(0.710649 3.3282 1.35724e-19)
(0.353268 1.77824 -3.58806e-21)
(-0.101132 -0.0775841 -6.30868e-19)
(-0.101969 -0.173608 1.82411e-19)
(-0.0734983 -0.12271 4.95005e-19)
(-0.0195607 -0.0304065 0)
(0.198425 0.31053 -2.33263e-19)
(0.850789 1.33867 7.55203e-19)
(0.960204 1.54349 2.88944e-19)
(0.953482 1.57236 0)
(0.906498 1.54241 -4.39669e-21)
(0.847997 1.50276 -4.29699e-19)
(0.783655 1.46561 2.52552e-19)
(0.711279 1.43195 2.08069e-19)
(0.628642 1.40463 9.36877e-20)
(0.534576 1.39254 4.57274e-20)
(0.475122 1.50609 1.2272e-19)
(0.66864 2.77946 -5.87119e-20)
(0.830655 3.5532 0)
(0.813591 3.53996 -4.67177e-20)
(0.656481 2.97374 -3.6493e-19)
(0.116683 0.431069 -2.45153e-19)
(-0.0969746 -0.173347 -2.93139e-19)
(-0.0973299 -0.177837 8.665e-20)
(-0.0649498 -0.112616 -5.06697e-20)
(-0.0163621 -0.0267518 3.26621e-22)
(0.188816 0.313211 0)
(0.824389 1.37045 -3.75162e-19)
(0.932386 1.58095 -2.88945e-19)
(0.92607 1.60994 9.97287e-21)
(0.881213 1.57891 -1.48195e-19)
(0.825568 1.53866 -3.37558e-19)
(0.764336 1.50146 9.94297e-20)
(0.695509 1.46841 -5.17183e-20)
(0.617124 1.44259 1.10319e-19)
(0.529658 1.43486 -2.71533e-20)
(0.500403 1.63355 4.41848e-20)
(0.745381 3.08692 -4.56506e-21)
(0.866554 3.56 1.42028e-19)
(0.818898 3.44827 -7.94041e-21)
(0.538598 2.37787 -1.87011e-19)
(0.00588759 -0.0195108 -3.43994e-19)
(-0.094543 -0.201587 0)
(-0.0857874 -0.172736 0)
(-0.052412 -0.100845 8.46983e-19)
(-0.0124046 -0.0219643 -5.43024e-20)
(0.177104 0.313294 -2.23329e-19)
(0.793721 1.40037 -3.64885e-19)
(0.901146 1.61805 2.79584e-19)
(0.896011 1.64788 0)
(0.853799 1.6159 -2.645e-19)
(0.801503 1.57503 0)
(0.743894 1.53775 -3.56404e-19)
(0.679212 1.5053 -7.1888e-20)
(0.605729 1.48094 3.8077e-20)
(0.526133 1.47828 -1.01762e-19)
(0.534604 1.78414 8.301e-21)
(0.809118 3.2915 0)
(0.894033 3.5579 -1.28557e-19)
(0.800171 3.282 4.61355e-21)
(0.351225 1.50601 0)
(-0.144409 -0.106836 -5.37476e-21)
(-0.130123 -0.216354 3.19634e-19)
(-0.0870399 -0.173039 -2.98269e-19)
(-0.0445822 -0.0897251 8.7884e-20)
(-0.00932121 -0.0174262 0)
(0.162391 0.310337 2.21226e-19)
(0.757989 1.42684 -3.49569e-19)
(0.866173 1.65404 2.71588e-19)
(0.863017 1.68553 3.81571e-19)
(0.82413 1.65285 0)
(0.77571 1.61139 -1.94519e-19)
(0.722274 1.57401 3.45463e-19)
(0.662342 1.5421 1.29605e-19)
(0.594452 1.51915 0)
(0.52377 1.52332 -2.77828e-19)
(0.574714 1.95123 1.4111e-19)
(0.860287 3.41263 0)
(0.913049 3.54512 1.75645e-19)
(0.753583 3.03316 -3.76268e-21)
(0.188924 0.576462 -2.51937e-19)
(-0.0865714 -0.172066 1.00584e-19)
(-0.109059 -0.247321 2.38487e-19)
(-0.0704728 -0.175527 3.50783e-19)
(-0.0282776 -0.0719169 0)
(-0.00476283 -0.0103922 -7.10561e-19)
(0.145693 0.302288 0)
(0.716678 1.44722 -6.64234e-19)
(0.826858 1.68772 -5.15194e-19)
(0.826948 1.72193 -3.79469e-19)
(0.792093 1.68908 -2.71329e-19)
(0.748138 1.64713 0)
(0.699423 1.60969 -1.30177e-19)
(0.644835 1.57825 -1.0249e-20)
(0.583187 1.55648 2.97408e-19)
(0.522222 1.5698 -3.06965e-20)
(0.617317 2.12283 -9.70006e-20)
(0.900397 3.47889 6.56069e-20)
(0.921475 3.51626 -7.29328e-22)
(0.679275 2.70294 1.31861e-19)
(0.0254513 0.168711 2.53441e-19)
(-0.128074 -0.23531 -2.00369e-19)
(-0.11131 -0.284727 2.27201e-19)
(-0.0511687 -0.177845 6.61603e-20)
(-0.00398239 -0.0449412 -3.94444e-20)
(0.00258022 0.00236208 -7.19225e-19)
(0.126652 0.288397 1.03323e-18)
(0.669069 1.45898 -6.54096e-19)
(0.782807 1.71719 2.78063e-19)
(0.787615 1.75598 3.66646e-19)
(0.757684 1.72377 0)
(0.718786 1.68151 3.68395e-21)
(0.675316 1.64411 -2.36975e-19)
(0.626597 1.61314 -7.94469e-20)
(0.571708 1.59223 -1.70497e-19)
(0.521341 1.61618 -8.30378e-21)
(0.659352 2.28711 -1.63134e-19)
(0.932425 3.51363 1.74184e-19)
(0.921304 3.47303 -1.1554e-19)
(0.585049 2.34363 1.43941e-19)
(-0.0140628 0.0457111 -1.72192e-19)
(-0.0960847 -0.37621 -9.94113e-20)
(-0.0500972 -0.362711 -2.78344e-22)
(0.0136933 -0.160338 -2.63405e-19)
(0.0538542 0.0336422 -4.03986e-20)
(0.0227222 0.0440026 0)
(0.105238 0.267103 -9.94364e-20)
(0.614255 1.45794 1.53665e-19)
(0.733528 1.73975 2.43668e-19)
(0.745209 1.78622 5.37435e-19)
(0.721095 1.75595 -5.31429e-19)
(0.687737 1.71374 3.79864e-19)
(0.650005 1.67654 2.51196e-19)
(0.607548 1.64612 -2.51487e-19)
(0.559829 1.62572 5.10896e-20)
(0.520454 1.65986 -3.09467e-19)
(0.696843 2.43477 -7.07825e-20)
(0.959954 3.53011 0)
(0.925681 3.42275 1.28515e-19)
(0.509143 2.0263 0)
(-0.0798818 -0.179201 1.98149e-19)
(-0.0886398 -0.492863 -2.13455e-19)
(-0.0230396 -0.366472 -6.06376e-20)
(0.0394438 -0.043987 7.48734e-20)
(0.0793781 0.185918 0)
(0.0311895 0.0855262 -4.60729e-20)
(0.0826493 0.23578 1.19935e-21)
(0.55279 1.43768 -1.46603e-19)
(0.679432 1.75216 -4.64086e-19)
(0.700243 1.81102 1.82497e-19)
(0.682779 1.78449 -1.26161e-19)
(0.655284 1.74297 0)
(0.623585 1.70626 -1.32016e-19)
(0.587684 1.67654 -1.72484e-19)
(0.547223 1.65638 -1.24868e-19)
(0.517768 1.6977 0)
(0.722589 2.54063 0)
(0.984021 3.53308 -8.83544e-20)
(0.951718 3.36636 1.35175e-19)
(0.494601 1.81324 -1.0755e-19)
(-0.159739 -0.361088 -4.22076e-19)
(-0.158494 -0.530852 2.09883e-19)
(-0.0748641 -0.194501 5.55665e-20)
(0.00145069 0.112731 0)
(0.0336028 0.173474 -6.2706e-19)
(0.00525891 0.0232652 -2.31293e-20)
(0.0590779 0.190171 -6.90426e-19)
(0.486461 1.38962 1.37879e-19)
(0.622406 1.74949 -1.06694e-19)
(0.653374 1.82872 -3.33609e-19)
(0.643763 1.80868 -2.4827e-19)
(0.621931 1.76829 -6.27393e-21)
(0.596344 1.73256 -1.22221e-19)
(0.56696 1.70389 1.73697e-19)
(0.533637 1.68379 -2.48098e-19)
(0.51108 1.72665 0)
(0.727035 2.5928 -7.08327e-20)
(0.990555 3.52092 -8.41035e-20)
(0.983653 3.29537 -8.53036e-20)
(0.595277 1.7645 0)
(-0.0396432 -0.429533 -7.11025e-20)
(-0.103626 -0.516468 -1.72189e-19)
(-0.00563993 -0.144905 4.05044e-19)
(0.0483615 0.102527 -3.9037e-19)
(0.0455615 0.115046 5.51507e-19)
(0.00463897 0.0080132 -5.66048e-19)
(0.0365517 0.136225 -7.91918e-20)
(0.413855 1.30195 0)
(0.563605 1.72556 6.92825e-19)
(0.606066 1.83643 2.25103e-19)
(0.605143 1.82778 2.22816e-19)
(0.588446 1.78904 0)
(0.568716 1.75485 1.20901e-19)
(0.545543 1.72768 1.75915e-19)
(0.518717 1.70767 1.26887e-19)
(0.499462 1.74855 2.6293e-19)
(0.71231 2.60214 0)
(0.955205 3.5036 -6.15608e-20)
(0.919121 3.23047 -4.28431e-20)
(0.576975 1.69356 -2.0721e-20)
(0.0416306 -0.289416 9.00671e-20)
(-0.0609729 -0.428992 2.45227e-20)
(0.0179274 -0.113536 1.16002e-19)
(0.0844904 0.167438 -6.28315e-19)
(0.073486 0.196956 2.46837e-20)
(0.0229502 0.0767488 -1.40295e-20)
(0.0182709 0.0806606 1.05122e-18)
(0.333945 1.15613 -4.6401e-19)
(0.502551 1.67015 -2.73609e-19)
(0.559035 1.83018 6.96751e-20)
(0.567209 1.83906 -1.09016e-19)
(0.555818 1.80495 3.15916e-19)
(0.541244 1.77302 -5.08563e-21)
(0.524092 1.74743 0)
(0.503006 1.72838 -2.42631e-19)
(0.484761 1.76388 0)
(0.66596 2.57502 0)
(0.866736 3.50123 -5.98948e-20)
(0.753201 3.25601 -1.06751e-20)
(0.348525 1.57801 1.78905e-20)
(-0.212402 -0.0172409 0)
(-0.274013 -0.410748 0)
(-0.159949 -0.247793 -1.01896e-19)
(0.00191678 0.141901 2.03574e-20)
(0.0445815 0.233625 -2.33083e-19)
(0.0285501 0.13721 -1.78746e-20)
(0.00580728 0.0320684 0)
(0.240622 0.916988 5.21826e-20)
(0.437603 1.56571 0)
(0.514121 1.80509 -1.27228e-19)
(0.531238 1.84104 0)
(0.525045 1.81644 -1.51739e-19)
(0.514702 1.78708 5.54752e-20)
(0.502695 1.76356 -8.12605e-20)
(0.488124 1.7456 2.272e-21)
(0.472897 1.77709 4.29233e-20)
(0.627414 2.49359 1.47173e-19)
(0.860196 3.57244 1.0679e-20)
(0.741838 3.51898 -7.63896e-20)
(0.299575 1.96423 -1.10186e-19)
(-0.242203 0.284767 1.74943e-19)
(-0.481272 -0.47989 -2.59227e-19)
(-0.433607 -0.640249 -2.82714e-20)
(-0.190978 -0.266644 0)
(-0.0183722 0.0850407 3.54729e-22)
(0.0110212 0.0975446 0)
(0.000182553 -0.00241977 2.06992e-19)
(0.140101 0.586922 -4.93777e-22)
(0.358381 1.36665 1.84491e-20)
(0.468882 1.74807 0)
(0.49714 1.83451 -6.68159e-20)
(0.497099 1.8266 -6.92142e-20)
(0.489397 1.79751 -2.60991e-20)
(0.481595 1.77521 -7.52575e-20)
(0.474781 1.75654 0)
(0.470654 1.7778 7.42953e-20)
(0.621192 2.27241 -1.53092e-21)
(0.982105 3.54511 2.38083e-20)
(1.03884 3.69332 1.368e-19)
(0.794985 2.92126 3.28201e-19)
(0.0787426 0.878798 0)
(-0.397788 -0.232353 4.39824e-19)
(-0.560467 -0.89304 5.40194e-19)
(-0.519308 -1.16555 5.20365e-19)
(-0.265175 -0.85475 -5.54966e-19)
(-0.0148296 -0.0152253 6.28917e-19)
(-0.000755586 -0.0217658 1.05711e-19)
(0.0554968 0.240174 1.04441e-20)
(0.242798 0.995731 7.59313e-20)
(0.408725 1.61234 0)
(0.462154 1.80945 0)
(0.468555 1.82751 -4.77896e-20)
(0.463996 1.80583 -2.39559e-20)
(0.459493 1.7809 0)
(0.457331 1.75889 7.40478e-34)
(0.474449 1.75683 1.84142e-20)
(0.555177 1.99144 0)
(1.01462 3.20915 2.36859e-20)
(1.23361 3.52184 -2.70269e-20)
(1.29926 3.29579 4.78368e-20)
(1.0864 2.30868 -2.53882e-20)
(0.635181 0.945217 -1.51083e-20)
(0.322038 0.0608088 0)
(0.0280392 -0.997845 8.55832e-21)
(-0.140586 -1.6859 8.39764e-21)
(-0.0499281 -0.896407 1.19494e-19)
(0.000282577 -0.0479602 0)
(0.0176953 0.0309626 0)
(0.111743 0.485683 0)
(0.313436 1.32475 0)
(0.417502 1.74138 0)
(0.438758 1.82279 0)
(0.438385 1.81369 0)
(0.43358 1.78313 0)
(0.436172 1.75311 0)
(0.456508 1.73316 0)
(0.494978 1.83871 0)
(0.874038 2.81356 0)
(1.17711 3.36159 0)
(1.25381 3.25586 0)
(1.20816 2.80261 0)
(0.889214 1.71152 0)
(0.581695 0.638368 0)
(0.342028 -0.271861 0)
(0.140288 -1.06067 0)
(0.00990523 -0.890427 0)
(-0.000152891 -0.0570025 0)
(0.00603615 -0.0503604 0)
(0.0414982 0.160551 0)
(0.201818 0.920409 0)
(0.358339 1.60372 0)
(0.404796 1.8056 0)
(0.407825 1.81588 0)
(0.405377 1.78357 0)
(0.408405 1.74817 0)
(0.423345 1.71439 0)
(0.473477 1.75132 0)
(0.682478 2.38427 0)
(0.992975 3.20763 0)
(1.0432 3.1987 0)
(1.03282 2.96283 0)
(0.862638 2.26189 0)
(0.600379 1.27083 0)
(0.376373 0.374751 0)
(0.175658 -0.442212 0)
(0.0269873 -0.508035 0)
(-0.000584986 -0.0571118 0)
(0.00134834 -0.0814374 0)
(0.0195282 0.0181306 0)
(0.104828 0.510002 0)
(0.286801 1.39222 0)
(0.363625 1.76401 0)
(0.373321 1.81105 0)
(0.37256 1.78376 0)
(0.372266 1.74442 0)
(0.386294 1.68813 0)
(0.42688 1.69159 0)
(0.510818 2.04784 0)
(0.780568 3.04416 0)
(0.801984 3.17193 0)
(0.773095 3.07222 0)
(0.656584 2.62034 0)
(0.467267 1.74824 0)
(0.283706 0.937327 0)
(0.129257 0.136799 0)
(0.0167953 -0.125027 0)
(0.00033554 -0.0585123 0)
(0.00269859 -0.101964 0)
(0.0157193 -0.0589499 0)
(0.0557021 0.225154 0)
(0.211181 1.12861 0)
(0.314471 1.69239 0)
(0.3335 1.80394 0)
(0.332445 1.78807 0)
(0.332002 1.73803 0)
(0.336626 1.66978 0)
(0.361141 1.65548 0)
(0.399749 1.88934 0)
(0.594596 2.91759 0)
(0.602938 3.20358 0)
(0.566593 3.19745 0)
(0.484703 2.95881 0)
(0.315926 2.16835 0)
(0.18088 1.34889 0)
(0.080991 0.52174 0)
(0.00591586 0.0791365 0)
(-0.00221241 -0.055272 0)
(-0.00878436 -0.113417 0)
(-0.00275008 -0.115886 0)
(0.0289755 0.0888838 0)
(0.137088 0.861204 0)
(0.2574 1.59426 0)
(0.287939 1.79441 0)
(0.288197 1.79207 0)
(0.284104 1.73519 0)
(0.278969 1.66215 0)
(0.295354 1.63023 0)
(0.301675 1.81193 0)
(0.451892 2.81084 0)
(0.480007 3.2288 0)
(0.449142 3.2749 0)
(0.416031 3.15806 0)
(0.304866 2.50431 0)
(0.192837 1.65529 0)
(0.0895605 0.844806 0)
(0.00644722 0.221603 0)
(-0.0105405 0.00249254 0)
(-0.0355662 -0.0764503 0)
(-0.039313 -0.139505 0)
(-0.0185532 -0.0218785 0)
(0.0727788 0.624006 0)
(0.201111 1.47914 0)
(0.24225 1.78083 0)
(0.240007 1.79634 0)
(0.230093 1.7389 0)
(0.221196 1.66204 0)
(0.229631 1.62346 0)
(0.223807 1.7618 0)
(0.337095 2.72372 0)
(0.383434 3.23934 0)
(0.367802 3.30283 0)
(0.362693 3.23061 0)
(0.313602 2.74395 0)
(0.216242 1.94941 0)
(0.104651 1.21557 0)
(0.00791845 0.416789 0)
(-0.00734376 0.0851573 0)
(-0.00262492 -0.0493963 0)
(0.0412947 -0.179097 0)
(0.0794355 -0.0851857 0)
(0.0786025 0.373958 0)
(0.177674 1.36383 0)
(0.203848 1.76999 0)
(0.18835 1.80506 0)
(0.17328 1.74708 0)
(0.162722 1.66631 0)
(0.156862 1.62307 0)
(0.142426 1.72622 0)
(0.247471 2.62798 0)
(0.299905 3.21656 0)
(0.289806 3.30837 0)
(0.284652 3.26322 0)
(0.256388 2.90388 0)
(0.178786 2.22708 0)
(0.0805495 1.5946 0)
(0.00302606 0.598055 0)
(0.0134374 0.0222746 0)
(0.11281 -0.2998 0)
(0.221659 -0.386481 0)
(0.24932 -0.116656 0)
(0.187513 0.401146 0)
(0.167698 1.29465 0)
(0.158818 1.78126 0)
(0.126891 1.82081 0)
(0.110825 1.75564 0)
(0.102704 1.67216 0)
(0.092472 1.63097 0)
(0.0843552 1.70984 0)
(0.156713 2.51708 0)
(0.224971 3.19663 0)
(0.219418 3.32137 0)
(0.20964 3.2976 0)
(0.184457 3.02324 0)
(0.123199 2.45717 0)
(0.0461607 1.90047 0)
(-0.0017672 0.685093 0)
(0.0448153 -0.331744 0)
(0.161976 -0.680908 0)
(0.207727 -0.532198 0)
(0.181734 -0.0200572 0)
(0.129581 0.561171 0)
(0.080187 1.32974 0)
(0.0567855 1.81699 0)
(0.0425702 1.83931 0)
(0.0416023 1.76103 0)
(0.0449558 1.67661 0)
(0.0405377 1.63699 0)
(0.0354641 1.70827 0)
(0.079035 2.38391 0)
(0.165042 3.16807 0)
(0.156035 3.33786 0)
(0.145816 3.33612 0)
(0.122513 3.1204 0)
(0.0733934 2.63513 0)
(0.0161816 2.10994 0)
(-0.00260811 0.695596 0)
(0.0418627 -0.68232 0)
(0.0777289 -0.823328 0)
(0.0600349 -0.463672 0)
(0.0239945 0.0674271 0)
(-0.0230062 0.670766 0)
(-0.086051 1.41013 0)
(-0.093159 1.83163 0)
(-0.0639886 1.83424 0)
(-0.0317502 1.75164 0)
(-0.00696041 1.67361 0)
(0.00289952 1.6417 0)
(0.00195941 1.71602 0)
(0.0214532 2.25524 0)
(0.112184 3.12682 0)
(0.10935 3.35136 0)
(0.0942311 3.37074 0)
(0.0723868 3.19922 0)
(0.034139 2.77312 0)
(-0.0058271 2.23708 0)
(-0.00375819 0.658095 0)
(0.0142281 -0.784247 0)
(-0.0182861 -0.744872 0)
(-0.0745483 -0.34621 0)
(-0.138972 0.185467 0)
(-0.208344 0.803157 0)
(-0.267647 1.49599 0)
(-0.237685 1.77321 0)
(-0.163309 1.78287 0)
(-0.0979131 1.71641 0)
(-0.0490504 1.65468 0)
(-0.0218003 1.63581 0)
(-0.0149274 1.71858 0)
(-0.00360031 2.16255 0)
(0.0647171 3.0879 0)
(0.0659187 3.36957 0)
(0.0476018 3.40866 0)
(0.0284015 3.26425 0)
(-0.00126324 2.87745 0)
(-0.0237645 2.26211 0)
(-0.00310467 0.60207 0)
(-0.0203202 -0.6522 0)
(-0.102544 -0.519521 0)
(-0.198676 -0.13131 0)
(-0.295429 0.378264 0)
(-0.378396 0.964959 0)
(-0.395009 1.47465 0)
(-0.321203 1.66317 0)
(-0.2257 1.68847 0)
(-0.141788 1.6557 0)
(-0.0763299 1.61925 0)
(-0.0345676 1.61771 0)
(-0.0191322 1.70824 0)
(-0.0104907 2.1153 0)
(0.0267298 3.05655 0)
(0.0239682 3.38732 0)
(0.00495515 3.44805 0)
(-0.0120176 3.31504 0)
(-0.0314572 2.94608 0)
(-0.0312447 2.22587 0)
(-0.00248227 0.539541 0)
(-0.0357219 -0.385828 0)
(-0.132634 -0.211594 0)
(-0.23857 0.140718 0)
(-0.340526 0.578098 0)
(-0.408714 1.0396 0)
(-0.401016 1.38622 0)
(-0.32552 1.53473 0)
(-0.2387 1.58429 0)
(-0.156196 1.58467 0)
(-0.0879512 1.57319 0)
(-0.0387448 1.59075 0)
(-0.0161523 1.69221 0)
(-0.012361 2.10798 0)
(-0.00632038 3.044 0)
(-0.0110602 3.40548 0)
(-0.0285806 3.48252 0)
(-0.0423095 3.34776 0)
(-0.0523695 2.96646 0)
(-0.0336731 2.11574 0)
(-0.00221749 0.48031 0)
(-0.0317174 -0.106441 0)
(-0.114323 0.0924917 0)
(-0.205959 0.396632 0)
(-0.290501 0.746803 0)
(-0.339439 1.08367 0)
(-0.326551 1.31125 0)
(-0.279902 1.44025 0)
(-0.215048 1.49994 0)
(-0.14801 1.51945 0)
(-0.0853752 1.52577 0)
(-0.0366343 1.55975 0)
(-0.0115585 1.67707 0)
(-0.0131509 2.12574 0)
(-0.0288737 3.05258 0)
(-0.0376077 3.4265 0)
(-0.0518085 3.51064 0)
(-0.0601436 3.36696 0)
(-0.0579095 2.94789 0)
(-0.0282847 1.98618 0)
(-0.00189237 0.429879 0)
(-0.019644 0.106238 0)
(-0.0763368 0.332095 0)
(-0.141733 0.599651 0)
(-0.202442 0.879415 0)
(-0.238812 1.1216 0)
(-0.238306 1.28086 0)
(-0.216845 1.38553 0)
(-0.176546 1.442 0)
(-0.127333 1.46851 0)
(-0.075237 1.48285 0)
(-0.0310194 1.52761 0)
(-0.00420619 1.66092 0)
(-0.0113723 2.15859 0)
(-0.0395393 3.06996 0)
(-0.0512158 3.44474 0)
(-0.0624095 3.52852 0)
(-0.0643471 3.36587 0)
(-0.0548401 2.89283 0)
(-0.0223606 1.86633 0)
(-0.00146581 0.389078 0)
(-0.00925923 0.231644 0)
(-0.042574 0.49308 0)
(-0.0853585 0.740769 0)
(-0.126936 0.97532 0)
(-0.155179 1.15905 0)
(-0.164064 1.27802 0)
(-0.157924 1.35805 0)
(-0.136537 1.405 0)
(-0.103761 1.43079 0)
(-0.0630721 1.44627 0)
(-0.0228422 1.49537 0)
(0.0091541 1.64496 0)
(-0.006265 2.20436 0)
(-0.0430115 3.09623 0)
(-0.0560573 3.4607 0)
(-0.0627825 3.53646 0)
(-0.0614626 3.35412 0)
(-0.0461683 2.82395 0)
(-0.017426 1.76722 0)
(-0.00109918 0.357497 0)
(-0.00341057 0.292678 0)
(-0.0203398 0.590059 0)
(-0.0467421 0.833488 0)
(-0.0748166 1.04337 0)
(-0.0967937 1.19436 0)
(-0.109065 1.28853 0)
(-0.111129 1.34868 0)
(-0.101994 1.3841 0)
(-0.0823967 1.40548 0)
(-0.0528531 1.41756 0)
(-0.0179675 1.46364 0)
(0.0164028 1.62715 0)
(-0.00343073 2.26314 0)
(-0.0466123 3.12913 0)
(-0.0593158 3.47502 0)
(-0.061195 3.53685 0)
(-0.0565981 3.3324 0)
(-0.0386079 2.75519 0)
(-0.0141144 1.68711 0)
(-0.000874192 0.332951 0)
(-0.000592161 0.315791 0)
(-0.00747607 0.642237 0)
(-0.0226342 0.892299 0)
(-0.0413461 1.09142 0)
(-0.0582982 1.22495 0)
(-0.0706406 1.30373 0)
(-0.0768605 1.34969 0)
(-0.0755408 1.37483 0)
(-0.0662797 1.39051 0)
(-0.0478108 1.39636 0)
(-0.0204321 1.43482 0)
(0.00527977 1.61203 0)
(-0.0153612 2.32591 0)
(-0.0574205 3.15994 0)
(-0.0649555 3.48088 0)
(-0.0617834 3.53023 0)
(-0.0522195 3.30195 0)
(-0.0329588 2.69044 0)
(-0.0117654 1.62005 0)
(-0.000768519 0.312481 0)
(0.000559375 0.319166 0)
(-0.000636826 0.665674 0)
(-0.00834843 0.928076 0)
(-0.0206095 1.12534 0)
(-0.0337101 1.25042 0)
(-0.0451459 1.3197 0)
(-0.0532481 1.35603 0)
(-0.056701 1.37278 0)
(-0.0554077 1.38366 0)
(-0.0470752 1.38416 0)
(-0.0333056 1.41689 0)
(-0.0258662 1.60687 0)
(-0.0429343 2.38155 0)
(-0.0752849 3.18021 0)
(-0.0728765 3.47463 0)
(-0.0617566 3.5108 0)
(-0.0467551 3.26393 0)
(-0.0269655 2.63133 0)
(-0.00926518 1.56482 0)
(-0.000593207 0.29546 0)
(0.00103799 0.314202 0)
(0.00273018 0.671705 0)
(-0.000336783 0.948378 0)
(-0.00805346 1.14932 0)
(-0.0182311 1.27172 0)
(-0.0285894 1.33537 0)
(-0.0374388 1.36569 0)
(-0.0439314 1.37645 0)
(-0.0485572 1.38386 0)
(-0.0496568 1.38149 0)
(-0.0510336 1.4147 0)
(-0.0622794 1.61323 0)
(-0.0719803 2.41778 0)
(-0.0866501 3.18164 0)
(-0.0750249 3.45346 0)
(-0.058082 3.47933 0)
(-0.039049 3.21932 0)
(-0.0202869 2.57964 0)
(-0.00671275 1.52169 0)
(-0.000348218 0.282702 0)
(0.00106172 0.30554 0)
(0.00388549 0.668686 0)
(0.00392585 0.958193 0)
(-0.000623297 1.16599 0)
(-0.00849232 1.2895 0)
(-0.0177982 1.35017 0)
(-0.0267891 1.37679 0)
(-0.0349714 1.38367 0)
(-0.0432611 1.38925 0)
(-0.0516759 1.38674 0)
(-0.0665558 1.42623 0)
(-0.0897438 1.62658 0)
(-0.087287 2.42322 0)
(-0.0873919 3.1709 0)
(-0.0682557 3.42158 0)
(-0.0481124 3.43996 0)
(-0.0283452 3.17415 0)
(-0.0133899 2.53976 0)
(-0.00430505 1.49032 0)
(-5.43419e-05 0.275059 0)
(0.000970832 0.296235 0)
(0.00424448 0.660229 0)
(0.00598884 0.961261 0)
(0.00356728 1.17724 0)
(-0.00238573 1.30421 0)
(-0.0106178 1.36389 0)
(-0.0192798 1.38836 0)
(-0.0280943 1.393 0)
(-0.0382817 1.39821 0)
(-0.0514555 1.39883 0)
(-0.0737163 1.44585 0)
(-0.101362 1.64295 0)
(-0.0895204 2.40176 0)
(-0.0754888 3.14707 0)
(-0.0536257 3.38559 0)
(-0.0342301 3.40044 0)
(-0.0176311 3.13667 0)
(-0.00848415 2.51487 0)
(-0.00281102 1.46788 0)
(0.000184854 0.272225 0)
(0.000843648 0.287404 0)
(0.00402363 0.649844 0)
(0.00655018 0.96004 0)
(0.00562214 1.18456 0)
(0.00129546 1.31625 0)
(-0.00572799 1.37642 0)
(-0.0136855 1.39967 0)
(-0.0221636 1.4031 0)
(-0.0325517 1.40881 0)
(-0.0468419 1.413 0)
(-0.0698108 1.46639 0)
(-0.0936447 1.65959 0)
(-0.0792389 2.3526 0)
(-0.0505024 3.11977 0)
(-0.0326582 3.35469 0)
(-0.0184512 3.36863 0)
(-0.00795319 3.11318 0)
(-0.00644109 2.50416 0)
(-0.00218187 1.44968 0)
(0.00034476 0.272612 0)
(0.000709142 0.279589 0)
(0.00353485 0.639199 0)
(0.00628195 0.956091 0)
(0.00650085 1.18892 0)
(0.00333483 1.32577 0)
(-0.00241738 1.3873 0)
(-0.00927382 1.40982 0)
(-0.0166743 1.41262 0)
(-0.0255299 1.41876 0)
(-0.0378011 1.42575 0)
(-0.0551695 1.48185 0)
(-0.0703303 1.67199 0)
(-0.0610227 2.29666 0)
(-0.021937 3.09729 0)
(-0.0119941 3.3351 0)
(-0.00608359 3.35167 0)
(-0.00506301 3.10991 0)
(-0.00676288 2.50255 0)
(-0.00236896 1.43077 0)
(0.000395633 0.274367 0)
(0.000603935 0.272729 0)
(0.00293888 0.628883 0)
(0.00570289 0.950681 0)
(0.00650097 1.19116 0)
(0.00432548 1.33314 0)
(-0.000190399 1.39639 0)
(-0.00563975 1.41833 0)
(-0.0113963 1.42061 0)
(-0.0175532 1.42626 0)
(-0.0250754 1.43403 0)
(-0.0325441 1.48902 0)
(-0.0370112 1.67757 0)
(-0.0346499 2.25151 0)
(0.00449092 3.07824 0)
(0.00332954 3.33224 0)
(-0.0013179 3.35421 0)
(-0.00591138 3.1189 0)
(-0.0105318 2.50139 0)
(-0.00356111 1.40678 0)
(0.000375716 0.275713 0)
(0.00010607 0.0921659 0)
(0.00128789 0.444307 0)
(0.00365698 0.789812 0)
(0.00568499 1.0815 0)
(0.00555019 1.27882 0)
(0.00309041 1.37954 0)
(-0.000740697 1.41866 0)
(-0.00469315 1.42676 0)
(-0.00862419 1.42849 0)
(-0.0108796 1.43361 0)
(-0.00871781 1.44959 0)
(0.000182102 1.55989 0)
(0.00524457 1.88919 0)
(0.00844545 2.70466 0)
(0.0150142 3.25338 0)
(0.00382917 3.38594 0)
(-0.00768124 3.29902 0)
(-0.016915 2.87775 0)
(-0.0116456 1.9539 0)
(-0.000446896 0.272582 0)
(0.112484 2.65486 -3.03094e-22)
(0.115042 3.5342 0)
(0.113216 3.5817 9.59487e-20)
(0.114328 3.52538 -2.26651e-19)
(0.107509 3.48096 2.6564e-19)
(0.0980003 3.4557 6.77013e-19)
(0.0899748 3.43766 -7.86567e-19)
(0.0800415 3.40347 -3.79101e-19)
(0.0522411 2.97843 -3.81829e-19)
(0.012453 0.743089 1.65389e-21)
(0.062163 2.35882 -1.23709e-19)
(0.0584406 3.42563 -1.80966e-19)
(0.0655208 3.53177 0)
(0.0690225 3.49086 5.68205e-19)
(0.0679862 3.45673 -3.26129e-19)
(0.0647479 3.43801 3.88233e-19)
(0.0611876 3.4275 -1.27994e-20)
(0.0566165 3.41092 -4.34559e-19)
(0.0439166 3.04711 -4.62718e-19)
(-0.00715265 0.833543 -7.82858e-21)
(0.0408375 2.25785 3.93164e-19)
(0.0313734 3.37754 3.59925e-21)
(0.0346146 3.49496 -3.15538e-19)
(0.0395015 3.46217 1.08309e-20)
(0.0416953 3.43509 4.89966e-22)
(0.0426237 3.4217 0)
(0.0441228 3.41643 -4.45217e-19)
(0.0463036 3.4087 -4.64669e-19)
(0.0397343 3.08402 4.82355e-19)
(-0.010432 0.876488 4.92815e-19)
(0.0251196 2.21939 1.39439e-19)
(0.0126236 3.35104 -4.56099e-19)
(0.0136089 3.4655 -3.34491e-19)
(0.0197906 3.43723 1.21578e-20)
(0.0246521 3.41486 -2.1139e-19)
(0.0290009 3.40492 -2.11292e-19)
(0.0343897 3.40267 -2.36822e-19)
(0.0403788 3.40054 7.70938e-21)
(0.0374866 3.11455 2.42149e-19)
(-0.0120476 0.91783 6.2062e-21)
(0.0139276 2.21743 -1.65079e-19)
(-0.00273997 3.33799 1.1994e-20)
(-0.000362715 3.43982 3.92028e-19)
(0.00688813 3.41408 2.19688e-19)
(0.0139256 3.39471 0)
(0.0208747 3.38671 1.46971e-20)
(0.028845 3.3862 7.46859e-21)
(0.0372833 3.38853 -2.64233e-19)
(0.0377635 3.14032 -8.31257e-21)
(-0.0129403 0.96094 2.73207e-19)
(0.00721986 2.24769 2.02447e-19)
(-0.0145167 3.33162 6.25503e-21)
(-0.00985675 3.41591 -2.25635e-19)
(-0.00161922 3.39115 -2.21196e-19)
(0.00702466 3.3735 2.23351e-19)
(0.0160325 3.36651 -2.34748e-19)
(0.0260319 3.36707 0)
(0.0366035 3.37301 -5.53811e-19)
(0.0407022 3.16229 2.84384e-19)
(-0.0129109 1.01235 -5.87059e-19)
(-0.000160424 2.30093 3.38159e-21)
(-0.0236153 3.32778 0)
(-0.0174754 3.39238 -2.31936e-19)
(-0.00790025 3.36707 0)
(0.002272 3.35021 -2.68606e-19)
(0.0131958 3.34359 0)
(0.0251958 3.34475 -2.85998e-20)
(0.0380153 3.35358 -2.91946e-19)
(0.0461156 3.18057 -4.76747e-21)
(-0.0115352 1.07882 3.10255e-19)
(-0.00848447 2.37336 1.819e-21)
(-0.0323011 3.3231 -2.60256e-19)
(-0.0246502 3.36677 2.68183e-19)
(-0.0134047 3.34023 0)
(-0.00143611 3.32352 0)
(0.0116069 3.31691 0)
(0.0258471 3.31838 -3.1736e-19)
(0.0412863 3.3295 6.73485e-23)
(0.0536866 3.19382 -3.29992e-19)
(-0.00831269 1.16475 3.47303e-19)
(-0.0202427 2.46339 4.03709e-21)
(-0.0421993 3.31388 1.30133e-20)
(-0.0324619 3.33639 2.67244e-19)
(-0.0188617 3.30872 0)
(-0.00453527 3.29198 0)
(0.0109621 3.28537 2.02711e-20)
(0.0277112 3.28712 3.14781e-19)
(0.0460873 3.30009 3.5801e-19)
(0.062736 3.20127 3.37654e-19)
(-0.00241886 1.27886 0)
(-0.0368367 2.56996 5.65841e-19)
(-0.0535233 3.29607 -1.45975e-22)
(-0.0409419 3.29901 1.50179e-19)
(-0.0243155 3.27113 3.00155e-19)
(-0.00703048 3.25474 2.15987e-22)
(0.0112296 3.24847 -3.27123e-19)
(0.0305266 3.25066 3.85944e-19)
(0.0516271 3.26493 5.58854e-19)
(0.0714686 3.20093 -6.15367e-21)
(0.00629472 1.42733 1.98466e-19)
(-0.0574744 2.68957 -1.62899e-19)
(-0.0648972 3.26667 1.60309e-19)
(-0.0485495 3.25387 3.671e-19)
(-0.0289136 3.22781 2.28082e-20)
(-0.00875449 3.21268 0)
(0.0118558 3.20712 -1.91939e-19)
(0.0333851 3.20961 -2.08219e-19)
(0.0565073 3.22426 -1.30489e-20)
(0.078618 3.19115 0)
(0.0173578 1.61325 -4.45573e-19)
(-0.0778379 2.81266 -5.50356e-21)
(-0.07324 3.22573 -1.1405e-20)
(-0.0530146 3.20357 -1.87836e-19)
(-0.0311184 3.18063 -2.30062e-19)
(-0.009547 3.16737 2.38111e-19)
(0.0119243 3.16278 4.56817e-19)
(0.0345198 3.16557 -2.2747e-19)
(0.0586733 3.17968 -1.42816e-20)
(0.0825383 3.17192 -7.40138e-21)
(0.0296873 1.8357 -4.88721e-19)
(-0.091354 2.92666 3.52566e-23)
(-0.0752174 3.17757 -1.95463e-19)
(-0.0531538 3.15084 2.07099e-19)
(-0.0313667 3.13033 0)
(-0.00964865 3.11845 -5.67511e-20)
(0.0121307 3.11513 2.92822e-20)
(0.0344278 3.1193 -1.23788e-19)
(0.0572619 3.13372 -2.61377e-19)
(0.0812173 3.14467 -1.619e-20)
(0.0401273 2.09274 0)
(-0.0942779 3.01575 6.55776e-21)
(-0.0734318 3.12383 -1.38948e-20)
(-0.0529626 3.09452 1.18962e-19)
(-0.0316872 3.07642 1.17297e-19)
(-0.00940229 3.06693 9.50088e-20)
(0.0129859 3.06518 0)
(0.0351911 3.06996 0)
(0.0563522 3.08474 1.55832e-19)
(0.078019 3.10954 1.42364e-19)
(0.0469661 2.3799 0)
(-0.0977962 3.04861 4.10139e-20)
(-0.0710071 3.05621 1.19759e-19)
(-0.0468815 3.03637 0)
(-0.0257855 3.02728 3.22132e-20)
(-0.00708269 3.02307 4.79963e-24)
(0.0102432 3.02262 3.39046e-20)
(0.0288045 3.02483 -6.94819e-20)
(0.0498283 3.03302 7.46708e-20)
(0.0801907 3.05608 1.89718e-20)
(0.0507453 2.66631 8.21759e-20)
(-0.0535102 2.99789 -2.89625e-22)
(-0.0251292 2.99975 -2.89319e-20)
(-0.0133966 3.00074 0)
(-0.00719807 3.00081 2.86268e-20)
(-0.00245419 3.00129 -2.81582e-20)
(0.00234777 3.00077 2.97005e-20)
(0.00694054 2.99996 0)
(0.0138841 2.9995 3.23538e-20)
(0.0297378 2.99957 -3.43529e-20)
(0.0276271 2.90801 0)
(0.533117 -0.0342549 0)
(1.05541 -0.0888843 0)
(1.04644 -0.072587 0)
(1.02121 -0.0477848 0)
(1.00961 -0.0300914 0)
(1.00448 -0.0182176 0)
(1.00225 -0.0109591 0)
(1.00124 -0.00649458 0)
(1.00076 -0.00351964 0)
(1.00054 -0.00128024 0)
(1.0005 0.000708885 0)
(1.00062 0.00277682 0)
(1.00095 0.00528775 0)
(1.00164 0.00886703 0)
(1.00316 0.0144655 0)
(1.00655 0.0237273 0)
(1.01439 0.0384478 0)
(1.03127 0.0591878 0)
(1.06137 0.0846559 0)
(0.939234 0.0856353 0)
(0.263618 -0.00534334 0)
(1.00619 -0.056894 0)
(1.10347 -0.0580581 0)
(1.06865 -0.0479387 0)
(1.03965 -0.0387662 0)
(1.02179 -0.0292213 0)
(1.01192 -0.0202862 0)
(1.00683 -0.0129968 0)
(1.00424 -0.00731336 0)
(1.00302 -0.00265969 0)
(1.00277 0.00161675 0)
(1.00344 0.0060044 0)
(1.00521 0.0109893 0)
(1.00884 0.017336 0)
(1.01598 0.0253821 0)
(1.02945 0.0346772 0)
(1.05252 0.0439364 0)
(1.08837 0.0536749 0)
(1.09205 0.0591436 0)
(0.723356 0.0309941 0)
(0.1921 -0.000795707 0)
(0.883951 -0.0300356 0)
(1.10319 -0.0460494 0)
(1.08905 -0.0415805 0)
(1.05862 -0.0345057 0)
(1.03786 -0.0282265 0)
(1.02382 -0.0219921 0)
(1.01495 -0.015573 0)
(1.00978 -0.00933283 0)
(1.00716 -0.00342202 0)
(1.00659 0.00237237 0)
(1.00804 0.00816674 0)
(1.01171 0.0140663 0)
(1.01849 0.0202816 0)
(1.02976 0.0264288 0)
(1.04691 0.0323771 0)
(1.07191 0.0387484 0)
(1.10344 0.045565 0)
(1.04789 0.042639 0)
(0.563067 0.0101739 0)
(0.163936 -0.000566185 0)
(0.784782 -0.0174269 0)
(1.08452 -0.0368368 0)
(1.09922 -0.0369244 0)
(1.06884 -0.0318064 0)
(1.04752 -0.0263718 0)
(1.03295 -0.0209247 0)
(1.02283 -0.0154402 0)
(1.01612 -0.00964431 0)
(1.01234 -0.00347863 0)
(1.01145 0.00296244 0)
(1.01356 0.00922917 0)
(1.01854 0.0149785 0)
(1.02672 0.0203434 0)
(1.03882 0.02548 0)
(1.05633 0.0306437 0)
(1.08227 0.0356601 0)
(1.10463 0.039052 0)
(0.985715 0.0304913 0)
(0.478761 0.0053857 0)
(0.146501 -0.000414701 0)
(0.710345 -0.0115674 0)
(1.05681 -0.0297799 0)
(1.1042 -0.03233 0)
(1.07745 -0.0287861 0)
(1.05501 -0.0244942 0)
(1.03987 -0.0196953 0)
(1.02941 -0.0145508 0)
(1.02219 -0.00905858 0)
(1.01782 -0.00302833 0)
(1.01669 0.00346842 0)
(1.01908 0.00967063 0)
(1.02451 0.0150919 0)
(1.03298 0.0200421 0)
(1.04542 0.0246446 0)
(1.06375 0.0287884 0)
(1.09097 0.0325513 0)
(1.09908 0.0337777 0)
(0.924181 0.0227958 0)
(0.425599 0.00368731 0)
(0.134157 -0.000311401 0)
(0.654038 -0.00839986 0)
(1.02506 -0.024369 0)
(1.10595 -0.028635 0)
(1.08497 -0.0259254 0)
(1.06185 -0.0222317 0)
(1.04613 -0.0181114 0)
(1.03524 -0.0134272 0)
(1.02775 -0.00817304 0)
(1.02312 -0.00232187 0)
(1.02182 0.00400082 0)
(1.02421 0.00997375 0)
(1.02971 0.0151027 0)
(1.03838 0.0196159 0)
(1.05125 0.0235103 0)
(1.07021 0.0268704 0)
(1.09694 0.0299736 0)
(1.08741 0.0297283 0)
(0.868316 0.0177577 0)
(0.38721 0.00278616 0)
(0.124885 -0.000239237 0)
(0.610528 -0.00638263 0)
(0.992588 -0.0200105 0)
(1.10513 -0.0254654 0)
(1.09164 -0.023498 0)
(1.06804 -0.0200422 0)
(1.05197 -0.0162834 0)
(1.04077 -0.0120211 0)
(1.03298 -0.00709132 0)
(1.02813 -0.00146226 0)
(1.02665 0.00463339 0)
(1.02895 0.0103243 0)
(1.03447 0.0150775 0)
(1.04328 0.0190741 0)
(1.05636 0.0224281 0)
(1.07574 0.0253678 0)
(1.1002 0.0279013 0)
(1.07134 0.0263664 0)
(0.819272 0.0142693 0)
(0.357561 0.00221445 0)
(0.117743 -0.000184309 0)
(0.576239 -0.00496443 0)
(0.961366 -0.0164656 0)
(1.10205 -0.0226179 0)
(1.09758 -0.021296 0)
(1.07378 -0.0179973 0)
(1.0574 -0.0144414 0)
(1.04602 -0.0104372 0)
(1.038 -0.00579569 0)
(1.0329 -0.00042985 0)
(1.0312 0.00540107 0)
(1.03336 0.0107568 0)
(1.03883 0.0150938 0)
(1.04762 0.0186603 0)
(1.06081 0.0216328 0)
(1.08057 0.0242463 0)
(1.1015 0.0262021 0)
(1.05233 0.0235567 0)
(0.776528 0.0117992 0)
(0.3337 0.00182173 0)
(0.112179 -0.000141495 0)
(0.548841 -0.00390865 0)
(0.932454 -0.0135674 0)
(1.09705 -0.0199801 0)
(1.10263 -0.0191757 0)
(1.07925 -0.0160293 0)
(1.06256 -0.0126083 0)
(1.051 -0.00876309 0)
(1.04281 -0.00431986 0)
(1.03747 0.000803024 0)
(1.03551 0.00633932 0)
(1.03747 0.0113341 0)
(1.04278 0.0152866 0)
(1.05147 0.018499 0)
(1.06474 0.0211467 0)
(1.08476 0.0234569 0)
(1.10131 0.0248533 0)
(1.03142 0.021256 0)
(0.739043 0.010036 0)
(0.313848 0.0015475 0)
(0.107837 -0.00010673 0)
(0.526778 -0.00308343 0)
(0.906365 -0.0111563 0)
(1.09074 -0.0174949 0)
(1.1069 -0.0171004 0)
(1.08458 -0.0140837 0)
(1.06757 -0.0107337 0)
(1.05581 -0.00698864 0)
(1.04743 -0.00267792 0)
(1.04185 0.00225026 0)
(1.03958 0.00749993 0)
(1.04125 0.0121433 0)
(1.04633 0.0157409 0)
(1.05487 0.0186248 0)
(1.06822 0.0209713 0)
(1.0885 0.0230238 0)
(1.09968 0.0238817 0)
(1.00937 0.01942 0)
(0.705733 0.00877663 0)
(0.296811 0.00135672 0)
(0.104484 -7.73916e-05 0)
(0.50901 -0.00241006 0)
(0.883309 -0.00910375 0)
(1.08369 -0.0151202 0)
(1.11052 -0.0150189 0)
(1.08984 -0.0121039 0)
(1.07252 -0.00876898 0)
(1.06053 -0.00506914 0)
(1.05193 -0.000836554 0)
(1.04605 0.00394319 0)
(1.04342 0.00894158 0)
(1.04472 0.0132548 0)
(1.04951 0.0165114 0)
(1.05787 0.0190788 0)
(1.07128 0.0211358 0)
(1.09163 0.0229302 0)
(1.0965 0.0232177 0)
(0.986643 0.0180174 0)
(0.675623 0.00789534 0)
(0.281737 0.00122877 0)
(0.101965 -5.1331e-05 0)
(0.494834 -0.00183463 0)
(0.863341 -0.0073032 0)
(1.0764 -0.0128111 0)
(1.11389 -0.0128876 0)
(1.09511 -0.0100263 0)
(1.07748 -0.00666132 0)
(1.06523 -0.00294794 0)
(1.05635 0.00126093 0)
(1.05012 0.00593854 0)
(1.04704 0.0107287 0)
(1.0479 0.0147304 0)
(1.05234 0.0176468 0)
(1.06047 0.0199039 0)
(1.07391 0.0216735 0)
(1.0939 0.0231643 0)
(1.09159 0.0228524 0)
(0.963477 0.0170151 0)
(0.647863 0.00730708 0)
(0.267982 0.0011491 0)
(0.100188 -2.65943e-05 0)
(0.483795 -0.00131533 0)
(0.846458 -0.00565984 0)
(1.06931 -0.0105136 0)
(1.11712 -0.0106486 0)
(1.10044 -0.00777938 0)
(1.08254 -0.00433688 0)
(1.06998 -0.000552997 0)
(1.06076 0.00368787 0)
(1.05409 0.00831707 0)
(1.05046 0.0129332 0)
(1.05079 0.0166361 0)
(1.05481 0.0192097 0)
(1.06267 0.0211505 0)
(1.07612 0.0226291 0)
(1.09526 0.0237514 0)
(1.08493 0.0228362 0)
(0.939902 0.0163872 0)
(0.621696 0.00695633 0)
(0.255034 0.00110881 0)
(0.0991138 -1.53422e-06 0)
(0.475635 -0.000820524 0)
(0.832677 -0.00409427 0)
(1.06287 -0.00816985 0)
(1.12033 -0.00823058 0)
(1.10591 -0.005288 0)
(1.08776 -0.00171653 0)
(1.07485 0.00219884 0)
(1.06521 0.00653016 0)
(1.05799 0.0111681 0)
(1.05369 0.0156422 0)
(1.05339 0.0190516 0)
(1.05691 0.0212702 0)
(1.06444 0.022882 0)
(1.07787 0.024057 0)
(1.09552 0.0247695 0)
(1.07657 0.0231656 0)
(0.91582 0.0161124 0)
(0.596474 0.00680359 0)
(0.24249 0.00110039 0)
(0.0987445 2.36432e-05 0)
(0.470249 -0.000325559 0)
(0.822061 -0.00253727 0)
(1.05749 -0.00571464 0)
(1.12369 -0.00555192 0)
(1.11162 -0.00246522 0)
(1.09324 0.00129767 0)
(1.07991 0.00540863 0)
(1.06976 0.00989901 0)
(1.06187 0.0145993 0)
(1.05676 0.01896 0)
(1.05569 0.0220748 0)
(1.05862 0.0239174 0)
(1.06574 0.0251695 0)
(1.07909 0.0260082 0)
(1.09479 0.0261971 0)
(1.06642 0.0239029 0)
(0.891 0.0161969 0)
(0.571587 0.00683224 0)
(0.229998 0.00112167 0)
(0.0991213 5.174e-05 0)
(0.467658 0.000178407 0)
(0.814738 -0.000923396 0)
(1.05358 -0.00307666 0)
(1.12739 -0.00252354 0)
(1.11766 0.000799021 0)
(1.09908 0.0048192 0)
(1.08525 0.00920015 0)
(1.07447 0.0139224 0)
(1.06577 0.0187409 0)
(1.05968 0.0230124 0)
(1.05769 0.0258214 0)
(1.05991 0.0272562 0)
(1.06654 0.0280911 0)
(1.0797 0.0285456 0)
(1.09308 0.0281553 0)
(1.05429 0.0250903 0)
(0.865098 0.0166377 0)
(0.546447 0.00702673 0)
(0.217237 0.00116913 0)
(0.100305 9.31307e-05 0)
(0.468134 0.000768445 0)
(0.810899 0.000808752 0)
(1.05156 -0.000172634 0)
(1.13168 0.000950139 0)
(1.12416 0.0046184 0)
(1.10538 0.00898213 0)
(1.09096 0.0137209 0)
(1.07942 0.0187548 0)
(1.06972 0.02375 0)
(1.06245 0.0279539 0)
(1.05937 0.0304309 0)
(1.06074 0.0314147 0)
(1.06677 0.0317633 0)
(1.07968 0.0317769 0)
(1.09018 0.030745 0)
(1.03995 0.0267831 0)
(0.83767 0.0174419 0)
(0.520475 0.00737927 0)
(0.203913 0.00124049 0)
(0.102413 0.000121776 0)
(0.471508 0.00145645 0)
(0.810891 0.00278015 0)
(1.05198 0.00302648 0)
(1.13682 0.00500839 0)
(1.1313 0.00915431 0)
(1.11227 0.0139674 0)
(1.09716 0.0191611 0)
(1.08467 0.0245919 0)
(1.07375 0.0298193 0)
(1.06504 0.0339608 0)
(1.06068 0.0360731 0)
(1.06105 0.0365294 0)
(1.06638 0.0363176 0)
(1.07905 0.0358027 0)
(1.08583 0.0341048 0)
(1.02303 0.029035 0)
(0.808176 0.0186208 0)
(0.493089 0.00788249 0)
(0.189753 0.00133319 0)
(0.105648 0.000171122 0)
(0.478693 0.00223726 0)
(0.814972 0.00492697 0)
(1.05549 0.0067395 0)
(1.14315 0.00982483 0)
(1.13926 0.0146028 0)
(1.11992 0.0199918 0)
(1.10395 0.025758 0)
(1.0903 0.0316801 0)
(1.07786 0.0371833 0)
(1.06743 0.0412378 0)
(1.06154 0.0429208 0)
(1.06078 0.0427594 0)
(1.06529 0.0419095 0)
(1.07748 0.04076 0)
(1.07966 0.0382519 0)
(1.00305 0.0319237 0)
(0.775966 0.0201866 0)
(0.463695 0.00852918 0)
(0.174503 0.00144383 0)
(0.110278 0.000231128 0)
(0.490189 0.0031737 0)
(0.824085 0.00747267 0)
(1.06264 0.0111312 0)
(1.15115 0.0156209 0)
(1.14834 0.0212219 0)
(1.12853 0.0273366 0)
(1.11148 0.0338129 0)
(1.09636 0.040321 0)
(1.08208 0.046123 0)
(1.06957 0.0500311 0)
(1.06186 0.0511728 0)
(1.05983 0.0502899 0)
(1.06343 0.0487134 0)
(1.07473 0.0468035 0)
(1.07124 0.0433539 0)
(0.979392 0.0354873 0)
(0.740288 0.0221283 0)
(0.431697 0.00929784 0)
(0.157944 0.00156571 0)
(0.116704 0.000310003 0)
(0.506958 0.00434721 0)
(0.83922 0.0105327 0)
(1.07419 0.0164424 0)
(1.16134 0.0227129 0)
(1.15889 0.0293913 0)
(1.13831 0.036408 0)
(1.11988 0.043742 0)
(1.1029 0.0509069 0)
(1.08634 0.0569768 0)
(1.07138 0.0606156 0)
(1.06155 0.0610541 0)
(1.05812 0.0593251 0)
(1.06069 0.0569134 0)
(1.07043 0.0541198 0)
(1.06005 0.0495061 0)
(0.951228 0.0397512 0)
(0.700283 0.0244148 0)
(0.396527 0.0101537 0)
(0.139923 0.00168962 0)
(0.125568 0.000418961 0)
(0.53037 0.00582021 0)
(0.86164 0.0143112 0)
(1.09111 0.0230749 0)
(1.17439 0.0315745 0)
(1.17129 0.0396398 0)
(1.14952 0.0477696 0)
(1.12924 0.0561011 0)
(1.10988 0.0639361 0)
(1.09051 0.0701439 0)
(1.07266 0.073282 0)
(1.0605 0.072793 0)
(1.05553 0.0701021 0)
(1.05698 0.0666676 0)
(1.06443 0.0630091 0)
(1.04544 0.0567851 0)
(0.917538 0.0446848 0)
(0.655009 0.0269615 0)
(0.357698 0.0110353 0)
(0.120388 0.00180143 0)
(0.137915 0.000585855 0)
(0.563115 0.00780211 0)
(0.893216 0.0192509 0)
(1.11467 0.0317238 0)
(1.19107 0.0429698 0)
(1.18601 0.0527935 0)
(1.16236 0.062246 0)
(1.13959 0.0716515 0)
(1.11715 0.0800297 0)
(1.09439 0.0860735 0)
(1.07323 0.0883278 0)
(1.0585 0.0865885 0)
(1.0519 0.0827183 0)
(1.05217 0.0781226 0)
(1.05679 0.0734659 0)
(1.0265 0.0652087 0)
(0.877055 0.0501473 0)
(0.603477 0.0296005 0)
(0.314882 0.0118452 0)
(0.0994372 0.00188239 0)
(0.155665 0.000863491 0)
(0.609073 0.0105781 0)
(0.936639 0.026167 0)
(1.14658 0.0436165 0)
(1.21235 0.0583047 0)
(1.20347 0.0701915 0)
(1.17692 0.0810785 0)
(1.15071 0.091403 0)
(1.1244 0.0999146 0)
(1.09761 0.105241 0)
(1.07274 0.106033 0)
(1.05531 0.102615 0)
(1.04706 0.0972989 0)
(1.04623 0.0913676 0)
(1.0471 0.085291 0)
(1.00206 0.0746231 0)
(0.828246 0.0558424 0)
(0.544701 0.032039 0)
(0.26801 0.0124431 0)
(0.0773626 0.00191116 0)
(0.182702 0.00136092 0)
(0.674897 0.0148722 0)
(0.995981 0.037062 0)
(1.18885 0.0613119 0)
(1.23898 0.0798337 0)
(1.22372 0.0939781 0)
(1.19278 0.106025 0)
(1.16202 0.116584 0)
(1.13098 0.124361 0)
(1.09963 0.128074 0)
(1.07079 0.126609 0)
(1.05062 0.12096 0)
(1.04084 0.113913 0)
(1.03902 0.106351 0)
(1.03453 0.098529 0)
(0.970566 0.0846578 0)
(0.769341 0.0612157 0)
(0.477727 0.0337815 0)
(0.217286 0.0126232 0)
(0.0546175 0.00186313 0)
(0.231404 0.00308848 0)
(0.774757 0.0248158 4.08501e-34)
(1.08028 0.058339 1.77239e-34)
(1.24322 0.0908277 0)
(1.27099 0.112256 0)
(1.24568 0.127358 0)
(1.20871 0.139167 0)
(1.17236 0.148436 0)
(1.13597 0.154049 0)
(1.09973 0.154885 0)
(1.0669 0.150135 0)
(1.04416 0.141608 0)
(1.03312 0.13253 5.88858e-34)
(1.03014 0.12323 0)
(1.01784 0.112967 0)
(0.929131 0.0946616 0)
(0.698268 0.0654184 0)
(0.401468 0.0340687 0)
(0.162607 0.0120737 0)
(0.0312896 0.0017216 0)
(0.271777 0.0118067 1.46926e-21)
(0.872099 0.0551101 1.00766e-20)
(1.16065 0.0986824 3.23746e-21)
(1.29289 0.135169 5.67626e-21)
(1.30227 0.156185 0)
(1.26657 0.17053 -9.1358e-21)
(1.22311 0.180965 7.52211e-21)
(1.18077 0.188312 -2.01881e-22)
(1.13863 0.191511 0)
(1.09702 0.189412 -1.02845e-20)
(1.05955 0.181389 1.05818e-22)
(1.03362 0.170024 0)
(1.02096 0.158991 -6.25742e-20)
(1.01529 0.147806 -9.22425e-21)
(0.987596 0.133016 -4.42785e-20)
(0.862946 0.10747 1.32029e-20)
(0.600128 0.0702081 0)
(0.309319 0.0344587 7.76485e-20)
(0.103338 0.0115681 -9.14156e-20)
(0.00809517 0.00143564 3.20936e-21)
(0.280983 0.0288774 9.56243e-20)
(0.928017 0.103603 0)
(1.21763 0.154283 -2.67743e-20)
(1.33012 0.192019 0)
(1.32802 0.210769 -5.66099e-20)
(1.28416 0.221697 -3.28489e-20)
(1.23448 0.229211 3.11152e-20)
(1.18613 0.233656 5.92856e-20)
(1.13814 0.23384 -4.96364e-20)
(1.09094 0.228482 -8.97038e-20)
(1.04848 0.217057 9.15128e-20)
(1.01887 0.202816 0)
(1.00396 0.189765 0)
(0.995196 0.176953 4.08219e-20)
(0.953792 0.15806 9.62528e-20)
(0.804306 0.125046 2.89602e-20)
(0.530837 0.0785864 3.36587e-20)
(0.25511 0.0366027 3.20395e-19)
(0.0716508 0.0108481 -1.17032e-20)
(-0.00416453 0.000286798 -8.96662e-19)
(0.276404 0.0441422 0)
(0.954235 0.154038 -1.83148e-21)
(1.25289 0.218466 -2.10688e-20)
(1.35476 0.256339 0)
(1.34626 0.271947 0)
(1.29667 0.278478 3.19185e-20)
(1.24174 0.281892 -6.02686e-20)
(1.18804 0.28244 -1.19652e-19)
(1.13472 0.278791 1.06962e-19)
(1.08234 0.269539 4.62696e-20)
(1.03517 0.254272 -2.03933e-21)
(1.00202 0.236873 -1.22622e-19)
(0.98474 0.221618 -2.20218e-19)
(0.972807 0.206944 -4.50552e-20)
(0.921837 0.184316 -5.27046e-20)
(0.760845 0.143406 2.52433e-19)
(0.490901 0.088989 3.33877e-19)
(0.230234 0.0409746 0)
(0.0581678 0.0110361 2.88285e-22)
(-0.0101786 -0.000996924 4.53785e-20)
(0.268773 0.0574989 4.92838e-21)
(0.962879 0.204393 -7.90362e-21)
(1.2724 0.284124 -6.11425e-20)
(1.36887 0.323281 -3.40055e-20)
(1.3568 0.335912 5.41751e-20)
(1.30338 0.338059 1.72817e-21)
(1.24441 0.337002 6.63746e-20)
(1.18632 0.333247 0)
(1.12841 0.325357 1.13372e-19)
(1.07137 0.311856 -9.82777e-20)
(1.01984 0.292454 1.04627e-19)
(0.983324 0.271685 -2.57463e-21)
(0.963675 0.254034 1.6151e-19)
(0.948887 0.237196 9.73091e-20)
(0.89258 0.210983 2.90757e-19)
(0.728857 0.163621 6.82838e-20)
(0.469959 0.101318 -2.82746e-19)
(0.221202 0.0462494 4.7457e-20)
(0.0543685 0.0116153 8.987e-19)
(-0.0123918 -0.00221044 3.31531e-20)
(0.260736 0.0694596 5.33601e-21)
(0.960771 0.252815 -3.01332e-21)
(1.28107 0.348826 0)
(1.37492 0.390333 4.5904e-20)
(1.36077 0.400278 1.11591e-20)
(1.30468 0.39829 5.88173e-20)
(1.24262 0.392829 -4.76419e-21)
(1.18099 0.384767 -1.24091e-19)
(1.11921 0.37257 5.66257e-20)
(1.0581 0.354715 0)
(1.00263 0.331078 4.63168e-19)
(0.962945 0.306847 1.46051e-19)
(0.940918 0.286697 -1.77008e-19)
(0.923598 0.267686 0)
(0.864822 0.238161 0)
(0.704558 0.18469 7.52986e-20)
(0.458655 0.115125 3.53229e-19)
(0.220888 0.053549 0)
(0.0574731 0.0134982 9.82336e-19)
(-0.0110748 -0.00282141 -5.93911e-23)
(0.253296 0.0802731 2.29483e-20)
(0.952658 0.298302 2.09947e-21)
(1.28222 0.411358 -1.37687e-20)
(1.37482 0.455861 -3.46889e-20)
(1.35945 0.463713 -5.29974e-20)
(1.30147 0.457869 0)
(1.237 0.448219 0)
(1.17249 0.436021 -1.28276e-19)
(1.10746 0.41964 -6.64648e-20)
(1.04278 0.397512 1.11091e-19)
(0.983739 0.369667 2.49783e-19)
(0.941082 0.341946 -1.53877e-19)
(0.916733 0.31928 -1.92423e-19)
(0.897195 0.298125 -1.15459e-19)
(0.837661 0.265645 2.73042e-19)
(0.683628 0.206828 3.28024e-19)
(0.451829 0.131176 -8.67786e-19)
(0.225371 0.0630087 0)
(0.0650838 0.0174042 -1.00741e-18)
(-0.00699971 -0.00241644 -1.26042e-18)
(0.247258 0.0903909 -7.34678e-21)
(0.94181 0.340846 -3.17819e-20)
(1.27822 0.471137 -7.55859e-21)
(1.37015 0.519033 7.1648e-21)
(1.35405 0.525323 3.82655e-20)
(1.29469 0.516001 1.19063e-19)
(1.22832 0.502457 0)
(1.16141 0.486365 -1.34973e-19)
(1.09357 0.466013 2.62237e-19)
(1.02573 0.439786 -1.29579e-19)
(0.963437 0.407839 -2.68759e-19)
(0.918015 0.376689 1.72649e-19)
(0.891491 0.351582 4.10342e-19)
(0.869994 0.328382 0)
(0.810705 0.293012 0)
(0.663807 0.229638 -2.68115e-19)
(0.446027 0.148764 0)
(0.231317 0.0744097 0)
(0.0746814 0.0231293 7.3626e-20)
(-0.00129153 -0.000929799 1.33165e-18)
(0.242624 0.100171 0)
(0.930132 0.380778 0)
(1.27077 0.527877 -3.5847e-20)
(1.3622 0.579467 1.43806e-20)
(1.34554 0.58458 -6.20043e-20)
(1.28513 0.572163 6.55038e-20)
(1.21725 0.55508 1.30837e-19)
(1.14835 0.535385 6.5859e-20)
(1.07806 0.511332 1.40092e-19)
(1.00738 0.481221 0)
(0.942088 0.445337 0)
(0.894111 0.410894 3.5706e-19)
(0.865564 0.383403 -2.22839e-19)
(0.842321 0.358157 0)
(0.783542 0.320114 1.66099e-19)
(0.643696 0.252415 -1.95174e-19)
(0.439091 0.166801 2.30643e-19)
(0.236009 0.0869474 -1.0803e-18)
(0.0838247 0.030047 8.0105e-20)
(0.00470774 0.00130387 7.7795e-22)
(0.239073 0.109539 1.38018e-19)
(0.918575 0.418352 0)
(1.26117 0.581603 2.61249e-20)
(1.35199 0.637 -2.6785e-21)
(1.33474 0.641217 -5.37227e-20)
(1.2735 0.626046 -5.20093e-20)
(1.20442 0.605776 7.0822e-20)
(1.13383 0.582814 -1.41833e-19)
(1.06139 0.555351 2.9043e-19)
(0.988103 0.521616 1.33753e-19)
(0.920009 0.481988 6.1959e-19)
(0.869651 0.444357 1.16065e-21)
(0.839253 0.414481 -4.33181e-21)
(0.814442 0.387127 2.9722e-19)
(0.756162 0.346447 3.54684e-19)
(0.62245 0.275205 0)
(0.429788 0.184405 -1.2568e-19)
(0.237767 0.0995403 -1.17625e-18)
(0.0906154 0.0372145 -8.69323e-20)
(0.00983171 0.00379454 0)
(0.23669 0.118884 0)
(0.90793 0.45413 2.73212e-20)
(1.25025 0.632652 -3.22701e-20)
(1.34027 0.691504 1.91008e-20)
(1.32228 0.695121 3.79987e-20)
(1.26038 0.677474 -4.53791e-20)
(1.19035 0.654362 -7.43303e-20)
(1.11831 0.628467 -1.48986e-19)
(1.04394 0.597917 -3.07896e-19)
(0.968228 0.560837 3.69125e-19)
(0.897472 0.517675 0)
(0.844845 0.476875 0)
(0.812737 0.444586 -2.60832e-19)
(0.786504 0.415076 -3.21835e-19)
(0.7285 0.371503 5.79357e-19)
(0.600066 0.296508 1.14467e-18)
(0.417773 0.200738 5.40679e-19)
(0.235742 0.111098 -1.59921e-19)
(0.0940125 0.0436555 9.4184e-20)
(0.0133299 0.00602187 0)
(0.235144 0.128106 4.41276e-20)
(0.898229 0.488235 4.02305e-20)
(1.23824 0.681143 -9.1443e-20)
(1.32749 0.743082 -1.61317e-20)
(1.3087 0.74624 7.71155e-21)
(1.24627 0.72637 4.50034e-20)
(1.17545 0.700744 -5.60779e-20)
(1.10216 0.672246 -2.35698e-19)
(1.02604 0.638928 8.54445e-20)
(0.948047 0.598808 -7.48564e-20)
(0.874701 0.552317 -8.5429e-20)
(0.819842 0.508363 -6.87192e-19)
(0.786146 0.473606 8.47249e-19)
(0.758589 0.441853 3.35992e-19)
(0.700483 0.394942 0)
(0.576398 0.315799 -4.94204e-19)
(0.402859 0.21539 0)
(0.229971 0.120776 -6.90077e-19)
(0.0937999 0.0486024 8.11735e-19)
(0.0148757 0.0075603 -8.34115e-19)
(0.234283 0.137317 -5.40481e-20)
(0.889549 0.520902 -8.46851e-20)
(1.22621 0.726889 -5.20459e-20)
(1.31405 0.791848 8.04118e-21)
(1.29443 0.794565 2.22394e-21)
(1.23155 0.772725 0)
(1.16009 0.744886 -5.45351e-20)
(1.08572 0.714095 8.48921e-20)
(1.00799 0.67833 -2.44525e-19)
(0.927807 0.635484 0)
(0.851874 0.585884 -6.61504e-19)
(0.794766 0.538829 8.5818e-19)
(0.759538 0.501561 -6.07318e-19)
(0.730668 0.467267 0)
(0.672178 0.416572 -4.49976e-19)
(0.551476 0.332629 2.67423e-19)
(0.385372 0.227381 1.58019e-19)
(0.22056 0.12799 5.58595e-19)
(0.0902687 0.0517137 1.7494e-18)
(0.0147214 0.00826187 0)
(0.233818 0.146304 6.7936e-20)
(0.881995 0.552266 0)
(1.21423 0.770128 -1.51444e-19)
(1.30029 0.837843 -2.8334e-20)
(1.27981 0.840163 1.19465e-20)
(1.21654 0.816561 -1.12892e-20)
(1.14456 0.786793 -2.62435e-20)
(1.06923 0.754003 3.22376e-19)
(0.990016 0.716109 4.47399e-21)
(0.907725 0.670863 0)
(0.829162 0.618397 0)
(0.769715 0.568348 6.62315e-21)
(0.732915 0.528447 4.89831e-19)
(0.702659 0.491153 0)
(0.643452 0.436018 -4.85644e-19)
(0.525279 0.346647 2.89983e-19)
(0.3657 0.236402 1.71344e-19)
(0.208185 0.132424 8.05138e-19)
(0.0842281 0.0527913 8.2681e-19)
(0.0133935 0.00821397 0)
(0.233829 0.155392 -1.56341e-19)
(0.875309 0.582369 -6.41544e-20)
(1.20245 0.8109 1.68591e-19)
(1.28649 0.881176 3.78293e-20)
(1.26509 0.883118 4.58776e-20)
(1.20148 0.857945 5.84155e-20)
(1.1291 0.826494 -9.94358e-20)
(1.05293 0.79198 0)
(0.972335 0.752256 0)
(0.887986 0.704943 -7.52545e-19)
(0.806735 0.649913 8.62944e-19)
(0.744776 0.597011 1.44202e-19)
(0.706233 0.554238 -8.8284e-19)
(0.674457 0.513392 0)
(0.614264 0.453113 1.0453e-18)
(0.498046 0.357705 -3.14417e-19)
(0.344419 0.242359 -1.10539e-18)
(0.193591 0.13405 0)
(0.0762996 0.0519974 -1.01964e-18)
(0.0112384 0.00748637 0)
(0.234149 0.164317 1.82748e-19)
(0.869229 0.611432 -1.50987e-19)
(1.19103 0.849189 -1.05742e-19)
(1.27282 0.921974 1.33372e-19)
(1.25046 0.923524 -1.53448e-20)
(1.18657 0.896943 0)
(1.11387 0.86404 0)
(1.03697 0.828055 -6.4787e-19)
(0.955104 0.786794 -2.36202e-19)
(0.868759 0.737744 -9.19172e-20)
(0.784742 0.680495 -9.1929e-19)
(0.72004 0.624903 -6.01931e-19)
(0.679448 0.578949 1.92638e-19)
(0.645962 0.533963 6.94513e-19)
(0.584549 0.467679 -2.8342e-19)
(0.469948 0.365617 6.71681e-19)
(0.321918 0.245098 0)
(0.177648 0.132897 -1.40168e-18)
(0.0674485 0.0495407 1.37272e-18)
(0.00862348 0.00623403 0)
(0.234485 0.172964 3.15633e-19)
(0.863676 0.639422 1.74837e-19)
(1.18008 0.885437 9.94139e-21)
(1.25941 0.960339 2.74987e-19)
(1.23607 0.961487 -3.08909e-20)
(1.17197 0.933647 2.79919e-20)
(1.09903 0.899492 -1.47689e-19)
(1.02149 0.862262 6.16635e-19)
(0.938455 0.819733 4.39739e-19)
(0.850179 0.769284 -6.22409e-20)
(0.763326 0.710209 1.15767e-19)
(0.69559 0.652112 6.43266e-19)
(0.652539 0.602699 8.12245e-19)
(0.617013 0.552947 1.86583e-21)
(0.554151 0.479502 -3.01091e-19)
(0.441284 0.370061 3.61299e-19)
(0.29883 0.244376 1.39426e-21)
(0.161121 0.129018 2.51636e-19)
(0.0583021 0.0457566 2.94685e-19)
(0.00591082 0.00464646 -6.92228e-19)
(0.234839 0.181521 2.41242e-19)
(0.858529 0.666077 -2.01134e-19)
(1.16953 0.919668 0)
(1.24635 0.996369 -8.80146e-21)
(1.22203 0.997114 2.57591e-20)
(1.15775 0.968142 1.6497e-20)
(1.08467 0.932921 -1.17998e-19)
(1.00659 0.894652 3.73838e-19)
(0.92248 0.851107 8.5391e-19)
(0.832351 0.799574 -5.79176e-20)
(0.742622 0.739098 1.34892e-19)
(0.671519 0.678733 -6.86143e-19)
(0.625497 0.625702 2.13431e-19)
(0.587391 0.570506 0)
(0.522735 0.488339 3.24348e-19)
(0.41208 0.370543 2.20482e-21)
(0.275822 0.239615 -4.59822e-19)
(0.145325 0.122309 5.4002e-19)
(0.0500751 0.0410128 0)
(0.00353686 0.00301381 0)
(0.235239 0.189511 1.37643e-19)
(0.853851 0.691558 0)
(1.15931 0.951924 -2.48766e-19)
(1.23371 1.03019 -1.88575e-19)
(1.20841 1.03053 -5.72823e-20)
(1.14402 1.00054 1.29074e-20)
(1.07085 0.964398 1.28453e-19)
(0.992324 0.92528 8.25692e-20)
(0.90725 0.880944 0)
(0.815349 0.828628 -5.22187e-20)
(0.722738 0.767183 -6.43549e-20)
(0.647946 0.704883 7.30773e-19)
(0.598356 0.648223 9.33963e-19)
(0.556863 0.586882 0)
(0.48983 0.494151 -3.54596e-19)
(0.381923 0.366449 0)
(0.253441 0.229469 0)
(0.132614 0.111654 -7.98452e-22)
(0.0456064 0.034999 3.4044e-19)
(0.00281704 0.00161507 1.99332e-19)
(0.235507 0.197502 0)
(0.849445 0.715948 -1.34736e-19)
(1.14959 0.982413 2.72998e-19)
(1.22156 1.06194 -2.19959e-19)
(1.19526 1.06183 1.04012e-20)
(1.1308 1.03092 6.3506e-22)
(1.05761 0.993998 -7.89948e-20)
(0.978725 0.954191 3.01374e-19)
(0.892796 0.909278 0)
(0.799247 0.856472 -1.88726e-18)
(0.703766 0.794469 -7.61892e-20)
(0.62501 0.730683 7.7616e-19)
(0.57118 0.670528 -8.76674e-19)
(0.525257 0.602352 3.17529e-19)
(0.454879 0.497304 1.13488e-18)
(0.349563 0.357468 2.86336e-21)
(0.230831 0.211463 -1.06611e-18)
(0.125428 0.0914801 9.35388e-19)
(0.0534957 0.0200454 3.64512e-19)
(0.0147968 -0.00202025 2.13698e-19)
(0.235781 0.204873 3.4676e-19)
(0.845051 0.73882 -4.37283e-19)
(1.14024 1.01114 -3.08754e-19)
(1.20993 1.09174 -2.6521e-19)
(1.1826 1.09115 -1.33778e-19)
(1.11811 1.05939 1.32925e-20)
(1.04497 1.02181 0)
(0.965813 0.981456 6.2998e-19)
(0.879134 0.936143 4.79692e-20)
(0.784053 0.883102 -9.9274e-19)
(0.685778 0.820936 -1.49543e-19)
(0.602873 0.756253 -7.20945e-19)
(0.544078 0.692815 1.06155e-18)
(0.492561 0.6172 5.02323e-19)
(0.417544 0.498663 -2.05759e-19)
(0.312971 0.344496 0)
(0.203541 0.183722 0)
(0.118303 0.0498048 -2.10858e-21)
(0.0783803 -0.0284648 0)
(0.0808522 -0.0193346 0)
(0.235999 0.212052 -1.99731e-19)
(0.841054 0.760826 -3.16462e-19)
(1.13119 1.03847 -1.0963e-19)
(1.19871 1.12006 -2.95786e-19)
(1.17022 1.11905 -1.47308e-19)
(1.10565 1.08666 -9.87439e-20)
(1.03256 1.04864 -1.09803e-20)
(0.953135 1.00804 1.4272e-20)
(0.865683 0.962664 -3.19553e-19)
(0.769041 0.909827 6.43306e-20)
(0.667836 0.848098 8.49776e-21)
(0.580327 0.783384 -7.95613e-19)
(0.515297 0.716801 1.03203e-18)
(0.456438 0.632702 6.53564e-19)
(0.375163 0.499557 -3.95939e-19)
(0.267372 0.329405 -4.80793e-19)
(0.161403 0.147602 0)
(0.0796995 0.031576 0)
(0.00432434 0.224806 0)
(-0.0208223 1.15027 2.15387e-19)
(0.236031 0.218758 0)
(0.837101 0.781774 -4.42416e-19)
(1.12236 1.0644 1.34245e-19)
(1.18795 1.14696 8.82115e-20)
(1.15814 1.14562 1.78737e-19)
(1.09344 1.11277 -1.067e-20)
(1.02043 1.07452 2.34334e-20)
(0.940762 1.03396 2.76065e-19)
(0.852554 0.988832 -5.71392e-20)
(0.754382 0.936646 1.94829e-18)
(0.650163 0.875945 1.08917e-18)
(0.557702 0.812232 0)
(0.485022 0.742993 1.26525e-19)
(0.41666 0.648683 8.26671e-19)
(0.328687 0.501208 -3.99977e-19)
(0.215467 0.317269 -4.84207e-19)
(0.0950502 0.184845 -6.93593e-22)
(0.0264686 0.684187 -3.27642e-19)
(0.0724527 2.3324 -1.26973e-20)
(0.0824482 3.08271 -1.98301e-19)
(0.236134 0.224325 2.23603e-19)
(0.83266 0.801322 0)
(1.11365 1.08898 3.48978e-19)
(1.17771 1.17254 3.58809e-19)
(1.14639 1.17096 -1.95589e-19)
(1.08158 1.1378 1.11482e-20)
(1.0087 1.09945 -1.0804e-20)
(0.928709 1.05916 0)
(0.839829 1.01457 -3.68806e-19)
(0.740201 0.963431 9.18326e-19)
(0.633011 0.904375 -6.75575e-20)
(0.535449 0.842705 -8.41932e-21)
(0.453887 0.771885 -2.08104e-18)
(0.373159 0.664326 0)
(0.283171 0.503879 8.04051e-19)
(0.1611 0.357472 0)
(0.0555905 0.966423 0)
(0.119244 2.69199 3.1718e-19)
(0.123706 3.26934 7.11713e-19)
(0.11763 3.41529 -6.07837e-19)
(0.247373 0.241478 -1.20258e-19)
(0.828328 0.826104 4.91196e-19)
(1.10332 1.11665 -2.36759e-19)
(1.16772 1.1971 -7.28975e-21)
(1.13466 1.19501 -3.16309e-20)
(1.06989 1.16159 2.90871e-20)
(0.997563 1.12356 0)
(0.916939 1.08366 -2.38343e-19)
(0.827449 1.03984 6.67242e-21)
(0.72644 0.990085 -4.23787e-20)
(0.61644 0.933343 -1.13017e-18)
(0.513866 0.874726 6.86552e-19)
(0.42275 0.80426 -1.25143e-19)
(0.323379 0.677164 -1.61674e-19)
(0.235387 0.557754 1.09262e-18)
(0.12436 1.09879 4.70489e-19)
(0.132098 2.68011 1.40276e-20)
(0.167317 3.31298 -5.71739e-19)
(0.159985 3.43338 -3.19809e-19)
(0.138552 3.45608 9.41912e-19)
(0.590399 0.602354 2.40018e-19)
(1.00554 1.03506 -2.01288e-20)
(1.14275 1.19756 5.71326e-20)
(1.1519 1.22702 2.74256e-20)
(1.09481 1.20287 -2.41098e-19)
(1.02471 1.16626 0)
(0.947848 1.12711 1.11805e-20)
(0.862682 1.08627 -3.39139e-19)
(0.766757 1.04121 0)
(0.65684 0.989653 6.88226e-20)
(0.545071 0.934966 -1.23287e-18)
(0.444584 0.878869 0)
(0.33899 0.784644 0)
(0.245371 0.653758 0)
(0.15771 1.30165 0)
(0.207759 2.97846 0)
(0.219339 3.36325 -4.50701e-19)
(0.198569 3.44474 0)
(0.174526 3.46993 1.31267e-19)
(0.146006 3.48354 1.13304e-19)
(0.540212 0.547718 -2.93078e-19)
(0.834442 0.858721 -4.33871e-19)
(1.09885 1.14898 0)
(1.15114 1.22966 3.90131e-19)
(1.12025 1.22828 -2.97033e-19)
(1.0565 1.19546 3.53893e-20)
(0.982724 1.15809 -4.11375e-20)
(0.902097 1.11881 1.57522e-20)
(0.811846 1.07638 0)
(0.709069 1.0291 8.44557e-19)
(0.595292 0.97657 1.01188e-18)
(0.485743 0.923638 9.83183e-20)
(0.382118 0.857152 0)
(0.260206 0.719705 7.82017e-19)
(0.168316 1.10974 0)
(0.214032 2.78783 0)
(0.249609 3.38232 -3.69787e-19)
(0.233337 3.4661 5.72275e-19)
(0.2012 3.48285 6.44742e-19)
(0.161869 3.50309 0)
(0.552788 0.567075 1.66842e-21)
(0.829088 0.871911 -4.5225e-19)
(1.08946 1.16733 3.37915e-19)
(1.13997 1.25055 7.18178e-21)
(1.10845 1.24936 3.60095e-20)
(1.04458 1.21671 -3.68272e-20)
(0.971218 1.17992 0)
(0.890451 1.14157 1.6714e-19)
(0.79982 1.10028 -6.5274e-21)
(0.69607 1.05497 7.77151e-20)
(0.579899 1.00568 1.03807e-18)
(0.465627 0.95693 -6.40811e-19)
(0.353023 0.888243 1.14526e-19)
(0.243992 0.848176 1.46185e-19)
(0.235226 1.9036 -1.04633e-18)
(0.31584 3.26035 -3.63336e-19)
(0.30918 3.46894 8.21608e-21)
(0.269409 3.50911 3.13714e-19)
(0.233359 3.53954 1.37263e-19)
(0.178631 3.56017 6.21394e-20)
(0.556676 0.58832 -2.83448e-19)
(0.82393 0.889062 0)
(1.08041 1.18859 -4.16757e-19)
(1.12947 1.27373 -4.52101e-19)
(1.0974 1.2731 2.73064e-19)
(1.03327 1.24023 -1.09143e-20)
(0.959926 1.20351 -8.30658e-20)
(0.878965 1.16562 0)
(0.788062 1.12534 2.679e-19)
(0.683527 1.08192 -7.4212e-19)
(0.565768 1.03643 5.55507e-20)
(0.448611 0.99293 -1.88191e-20)
(0.325443 0.92492 1.75007e-18)
(0.261375 1.13441 0)
(0.327078 2.77223 -5.76618e-19)
(0.391697 3.44061 0)
(0.350731 3.52052 0)
(0.306594 3.55499 -1.14267e-19)
(0.262251 3.58578 -1.60403e-19)
(0.197534 3.63799 0)
(0.557796 0.60935 1.36928e-19)
(0.817309 0.907744 3.38435e-19)
(1.07051 1.21196 -1.7139e-19)
(1.11828 1.29837 -1.1848e-19)
(1.08568 1.29814 -2.70025e-19)
(1.02159 1.26512 1.04524e-20)
(0.948435 1.22848 8.23657e-20)
(0.867646 1.19103 -7.77906e-20)
(0.776764 1.15179 3.4993e-20)
(0.671873 1.11039 -1.36105e-18)
(0.553141 1.06895 -8.47922e-19)
(0.434244 1.03034 0)
(0.323555 0.986648 -9.78132e-20)
(0.312142 1.63818 -6.10781e-19)
(0.416018 3.24058 2.53258e-19)
(0.445412 3.51797 1.85085e-19)
(0.395697 3.56381 5.47652e-20)
(0.354989 3.61208 4.14334e-20)
(0.307835 3.66282 3.33937e-20)
(0.231029 3.65582 -3.46135e-20)
(0.555673 0.628918 2.78261e-19)
(0.809066 0.927703 4.46145e-19)
(1.05913 1.23676 1.58321e-19)
(1.1057 1.32415 4.42949e-19)
(1.0727 1.3239 2.85366e-19)
(1.00882 1.29066 2.96091e-19)
(0.936137 1.25408 -1.05527e-20)
(0.855796 1.21707 2.08011e-20)
(0.765217 1.17885 1.36732e-19)
(0.660369 1.13949 -4.10094e-20)
(0.541231 1.10211 -7.65588e-21)
(0.421494 1.06772 5.85356e-19)
(0.325506 1.087 -7.28244e-19)
(0.382935 2.23682 -4.44381e-19)
(0.499368 3.42819 2.05463e-19)
(0.487959 3.55694 1.47703e-19)
(0.450203 3.61134 0)
(0.426368 3.66781 0)
(0.412988 3.62357 0)
(0.312907 3.44268 -1.74481e-19)
(0.551446 0.647523 5.33489e-19)
(0.799646 0.948738 2.09718e-19)
(1.04635 1.26296 4.81346e-19)
(1.09187 1.35124 4.70447e-19)
(1.05871 1.35073 2.8344e-19)
(0.995236 1.31707 -4.55245e-20)
(0.923224 1.2804 0)
(0.843547 1.24368 2.92598e-20)
(0.753552 1.20638 -1.36435e-20)
(0.649143 1.169 5.15641e-19)
(0.530266 1.13555 9.28164e-20)
(0.408606 1.10633 4.62854e-19)
(0.345949 1.26275 -6.82394e-19)
(0.465846 2.82634 -2.58761e-19)
(0.568266 3.50727 6.10201e-20)
(0.531483 3.57935 0)
(0.506021 3.65001 0)
(0.476522 3.6274 6.44517e-20)
(0.469007 3.34099 0)
(0.434446 2.34475 0)
(0.546095 0.665909 0)
(0.789475 0.970898 2.12407e-19)
(1.03224 1.29056 -4.73444e-19)
(1.07679 1.37963 4.53677e-19)
(1.04374 1.37871 -1.04205e-20)
(0.98091 1.34449 -3.7409e-20)
(0.909806 1.30756 -1.48152e-19)
(0.831034 1.27097 5.45239e-20)
(0.741935 1.23442 0)
(0.638393 1.19888 8.52051e-19)
(0.520444 1.16901 -1.87277e-22)
(0.402487 1.1496 -4.41733e-19)
(0.385326 1.53074 5.27678e-19)
(0.545083 3.20591 -1.48267e-19)
(0.621385 3.54676 -2.5562e-19)
(0.575166 3.60505 9.17082e-21)
(0.559823 3.6267 -2.21518e-19)
(0.513999 3.4248 3.45362e-19)
(0.363352 2.30091 1.69165e-19)
(-0.0385589 0.0886505 1.06614e-19)
(0.539474 0.68434 0)
(0.778187 0.994375 0)
(1.01662 1.31975 4.76763e-19)
(1.0602 1.40958 4.50251e-19)
(1.02742 1.40828 2.1802e-19)
(0.965444 1.37353 -9.49316e-20)
(0.895467 1.33633 2.13779e-19)
(0.817852 1.2999 2.46353e-20)
(0.729965 1.2642 0)
(0.627724 1.23066 1.70188e-20)
(0.511343 1.20446 2.93447e-20)
(0.401807 1.20527 -3.62352e-19)
(0.442419 1.89359 -4.85707e-19)
(0.620229 3.39876 0)
(0.663904 3.57502 2.32214e-20)
(0.625669 3.60688 0)
(0.58275 3.52316 0)
(0.43837 2.71245 -3.25818e-22)
(0.0476244 0.376242 1.53583e-19)
(-0.101992 -0.161434 8.6342e-20)
(0.531525 0.702717 -2.49705e-19)
(0.765526 1.01875 4.04022e-19)
(0.999417 1.35063 0)
(1.04196 1.44105 -1.24373e-20)
(1.00959 1.43933 -1.3729e-19)
(0.948714 1.40408 2.66763e-19)
(0.880126 1.36665 -2.33238e-19)
(0.803958 1.33042 1.68643e-19)
(0.717655 1.29564 -4.9679e-20)
(0.617225 1.26424 1.86227e-20)
(0.503197 1.24196 -5.60472e-20)
(0.409309 1.28296 2.87843e-19)
(0.514811 2.31875 -8.7218e-20)
(0.688352 3.49669 0)
(0.695798 3.59296 -1.85642e-20)
(0.663686 3.57717 7.7783e-21)
(0.554425 3.16921 -1.67801e-19)
(0.19309 1.08651 2.13845e-19)
(-0.0814469 -0.109172 0)
(-0.0871586 -0.139047 0)
(0.521744 0.720962 4.85749e-19)
(0.751207 1.044 0)
(0.980295 1.38301 -4.72631e-21)
(1.02189 1.47397 -8.74877e-19)
(0.990145 1.47181 1.60169e-19)
(0.930609 1.43608 3.73669e-19)
(0.863693 1.39844 -2.53342e-19)
(0.789319 1.36245 3.25361e-19)
(0.705016 1.32864 3.09708e-20)
(0.606968 1.29944 1.8951e-20)
(0.496358 1.2817 -3.41777e-20)
(0.427577 1.39549 -2.17017e-19)
(0.598138 2.76779 -2.67763e-19)
(0.746217 3.54737 -2.81697e-20)
(0.731024 3.59291 -1.26546e-20)
(0.678479 3.45907 1.02042e-19)
(0.425541 2.3159 -3.73467e-21)
(-0.00101325 0.0659222 1.0433e-19)
(-0.100598 -0.170503 2.42384e-19)
(-0.0719486 -0.113152 -2.87358e-19)
(0.509722 0.738545 2.31173e-19)
(0.734845 1.06963 -3.94059e-19)
(0.958965 1.4166 2.98384e-19)
(0.999794 1.50824 -4.45516e-19)
(0.968913 1.50563 1.599e-20)
(0.911021 1.46943 0)
(0.846105 1.4316 0)
(0.7739 1.39587 -4.20624e-19)
(0.692078 1.36306 -4.64765e-20)
(0.59706 1.3361 4.7588e-21)
(0.491334 1.32421 1.92946e-19)
(0.458043 1.55437 1.489e-19)
(0.680828 3.12919 -2.8804e-20)
(0.789769 3.57283 1.34835e-21)
(0.758922 3.56421 -6.03976e-20)
(0.6455 3.14873 2.23138e-19)
(0.169731 0.778808 0)
(-0.073944 -0.137067 -5.64602e-19)
(-0.0875125 -0.166867 5.5262e-19)
(-0.0533784 -0.0891422 0)
(0.494948 0.755104 9.23916e-19)
(0.71573 1.09489 -5.73518e-19)
(0.935132 1.45107 -5.82387e-19)
(0.975431 1.54368 -2.07027e-19)
(0.945728 1.54062 -5.90961e-19)
(0.889829 1.50397 3.91283e-19)
(0.827283 1.46599 -1.7341e-19)
(0.757683 1.43052 0)
(0.678858 1.39873 0)
(0.587597 1.37396 -1.08892e-20)
(0.488776 1.37094 -1.42355e-19)
(0.500834 1.76132 -2.36238e-20)
(0.752001 3.34806 6.26772e-20)
(0.825857 3.57567 0)
(0.771614 3.48116 2.66979e-19)
(0.530178 2.51662 -1.16082e-19)
(0.0101103 0.0466564 -4.39517e-19)
(-0.103585 -0.184923 0)
(-0.0876826 -0.151829 -4.12009e-19)
(-0.0458449 -0.0753457 0)
(0.476627 0.769476 -6.80128e-19)
(0.693194 1.11888 0)
(0.9085 1.48583 5.87277e-19)
(0.948525 1.58 2.05506e-19)
(0.920406 1.57653 -1.54964e-19)
(0.866901 1.53947 1.16211e-20)
(0.807157 1.50134 -6.52886e-20)
(0.740646 1.46615 2.8076e-19)
(0.665365 1.4354 2.07172e-20)
(0.578623 1.4127 0)
(0.48944 1.42339 0)
(0.55383 2.00859 1.40377e-21)
(0.813145 3.46798 -2.3679e-20)
(0.855871 3.56781 0)
(0.757273 3.30081 -1.50886e-19)
(0.33367 1.48657 1.10792e-19)
(-0.0994826 -0.116306 6.87799e-20)
(-0.104145 -0.192743 3.21796e-19)
(-0.076131 -0.143459 3.33476e-19)
(-0.0378105 -0.0668365 0)
(0.454453 0.780962 -2.15162e-19)
(0.666426 1.14045 3.59121e-19)
(0.878735 1.51992 2.78896e-19)
(0.918746 1.61678 -4.62744e-21)
(0.892758 1.61302 -2.90296e-19)
(0.84211 1.5756 0)
(0.785629 1.53736 -1.35003e-19)
(0.722742 1.50245 6.77525e-20)
(0.651597 1.47273 -1.1036e-19)
(0.570114 1.45203 0)
(0.494178 1.48299 -1.63763e-20)
(0.6153 2.28111 3.73602e-20)
(0.86221 3.52574 -7.97176e-20)
(0.874774 3.53889 0)
(0.70492 2.98269 -1.63993e-19)
(0.0942993 0.3503 1.10851e-19)
(-0.103559 -0.172306 6.44658e-20)
(-0.101571 -0.195037 2.25756e-19)
(-0.0663471 -0.13115 7.08694e-19)
(-0.0291842 -0.0552294 0)
(0.427351 0.786569 -6.19797e-19)
(0.634633 1.15783 5.28381e-19)
(0.845175 1.55235 5.57566e-19)
(0.885947 1.65337 2.09812e-19)
(0.86259 1.6496 2.88942e-19)
(0.815323 1.61191 2.03506e-19)
(0.762622 1.57362 -1.3862e-19)
(0.703928 1.53899 -2.40317e-19)
(0.637537 1.51025 4.15476e-20)
(0.562007 1.49168 -2.66893e-20)
(0.503112 1.55033 -1.50803e-20)
(0.683424 2.58326 -1.03095e-19)
(0.899956 3.54914 1.63948e-19)
(0.879108 3.47947 9.69991e-20)
(0.602067 2.48582 0)
(0.0204337 0.0140264 -2.08996e-19)
(-0.113246 -0.235523 0)
(-0.100297 -0.219962 -2.82057e-19)
(-0.0546295 -0.127548 3.31676e-19)
(-0.0209725 -0.0453746 -3.40104e-19)
(0.395486 0.783168 2.03166e-19)
(0.597336 1.16806 -1.72164e-19)
(0.8074 1.58183 2.73399e-19)
(0.849844 1.68883 -2.18025e-19)
(0.829757 1.68561 5.79911e-19)
(0.786435 1.64784 -1.97138e-19)
(0.738058 1.60961 -1.31972e-19)
(0.684143 1.57526 -1.75622e-19)
(0.623154 1.54735 -2.15862e-19)
(0.554158 1.53108 1.43927e-19)
(0.514808 1.62622 0)
(0.7501 2.85075 0)
(0.926386 3.55658 -8.57409e-20)
(0.868286 3.37971 -1.24399e-19)
(0.467423 1.87697 2.40114e-19)
(-0.0836307 -0.0598055 4.74521e-19)
(-0.122607 -0.250124 2.25557e-19)
(-0.0926271 -0.229795 -6.62159e-20)
(-0.0363835 -0.109935 3.88934e-20)
(-0.00817005 -0.0256429 0)
(0.357966 0.768837 -1.56353e-18)
(0.553648 1.16761 6.61025e-19)
(0.764776 1.60591 -2.5858e-19)
(0.810274 1.72234 -3.84842e-19)
(0.7942 1.72023 -5.69284e-19)
(0.755403 1.68266 -2.0268e-19)
(0.711922 1.64468 0)
(0.66333 1.6107 -1.73655e-19)
(0.608344 1.58343 2.18378e-19)
(0.546533 1.56936 6.6807e-20)
(0.528211 1.70904 2.14153e-19)
(0.81008 3.05919 -1.14336e-20)
(0.947495 3.55933 -1.34366e-21)
(0.840818 3.24509 1.31874e-19)
(0.305925 1.19037 1.57838e-19)
(-0.125859 -0.158427 0)
(-0.112521 -0.336486 -5.39011e-20)
(-0.0565074 -0.268786 -5.15822e-19)
(0.00621095 -0.0859633 -3.72058e-20)
(0.0196679 0.0180609 0)
(0.314853 0.740033 1.88651e-19)
(0.503867 1.15144 0)
(0.717274 1.6217 5.07025e-19)
(0.767324 1.75197 3.72284e-19)
(0.755977 1.75244 -5.6638e-19)
(0.72231 1.71561 1.80485e-19)
(0.684239 1.67808 2.77526e-19)
(0.641454 1.64464 9.99892e-20)
(0.592959 1.61787 1.27938e-19)
(0.539104 1.60573 0)
(0.54226 1.792 0)
(0.858274 3.20146 1.32364e-19)
(0.966688 3.55595 -1.08307e-19)
(0.810707 3.09313 0)
(0.176073 0.681113 8.17894e-20)
(-0.06868 -0.350544 -9.93512e-20)
(-0.0545239 -0.436796 1.13659e-19)
(0.0101788 -0.255205 -5.48128e-19)
(0.0669198 0.0119392 3.82488e-20)
(0.0616464 0.126351 -3.39526e-21)
(0.266473 0.692364 7.14329e-19)
(0.44862 1.11384 -7.65282e-19)
(0.664581 1.62507 2.35097e-19)
(0.721399 1.77566 1.81514e-19)
(0.715502 1.7811 2.65468e-19)
(0.687372 1.74575 3.82172e-19)
(0.655183 1.70908 0)
(0.618531 1.67637 -1.90299e-19)
(0.576814 1.65004 2.46723e-19)
(0.531399 1.6394 -8.79931e-20)
(0.554138 1.86572 -1.37594e-19)
(0.894108 3.28701 7.64293e-20)
(0.987539 3.54663 2.21988e-19)
(0.803462 2.95469 0)
(0.0438895 0.343904 0)
(-0.144391 -0.511252 -1.62266e-19)
(-0.0953504 -0.457194 0)
(-0.0108979 -0.0747164 0)
(0.0358763 0.184102 4.05232e-20)
(0.0412332 0.162715 7.41551e-19)
(0.217261 0.620757 -1.40386e-18)
(0.383952 1.04982 1.28875e-18)
(0.60635 1.60979 -8.93042e-19)
(0.673228 1.79094 -5.25042e-19)
(0.673271 1.8048 -2.48049e-19)
(0.651144 1.77211 0)
(0.625037 1.73688 0)
(0.594693 1.70526 -1.83973e-19)
(0.559746 1.67929 -7.14021e-20)
(0.522359 1.66935 9.31897e-20)
(0.559137 1.92075 1.47053e-19)
(0.916615 3.32845 -8.7527e-20)
(1.0072 3.52201 -1.13985e-19)
(0.850041 2.84657 -8.0473e-20)
(0.0986309 0.239956 2.2509e-19)
(-0.14775 -0.567177 2.05037e-19)
(-0.0998425 -0.368595 -4.94131e-19)
(-0.0158116 0.00616714 0)
(0.024871 0.141953 -5.18149e-19)
(0.016823 0.0669177 -6.48448e-19)
(0.162245 0.528035 -6.43506e-19)
(0.311171 0.951067 6.62965e-19)
(0.538853 1.56944 0)
(0.622555 1.79406 3.16416e-19)
(0.629923 1.82186 -1.09664e-20)
(0.614437 1.79393 1.851e-19)
(0.59435 1.7608 2.32317e-21)
(0.570189 1.73064 -1.82059e-19)
(0.541706 1.70524 6.7162e-20)
(0.510793 1.69476 0)
(0.5505 1.95129 2.97884e-19)
(0.905472 3.32826 6.77211e-20)
(0.990989 3.4751 -7.15377e-20)
(0.874701 2.74023 0)
(0.288539 0.258151 0)
(-0.0155218 -0.518639 3.62769e-20)
(-0.0196178 -0.360307 1.42633e-19)
(0.0688014 0.0381828 0)
(0.0742496 0.153891 4.11804e-19)
(0.03979 0.104924 -9.70713e-19)
(0.107518 0.406712 7.17358e-20)
(0.234434 0.808235 -1.20207e-19)
(0.465695 1.48828 -5.69941e-19)
(0.568386 1.77948 -2.2599e-19)
(0.587047 1.83075 2.27686e-19)
(0.578396 1.81085 2.18963e-22)
(0.563815 1.78043 1.21028e-19)
(0.545432 1.75198 0)
(0.52294 1.72788 1.29526e-19)
(0.497397 1.71668 -9.36766e-20)
(0.527496 1.95594 1.48407e-19)
(0.865715 3.30324 8.59595e-21)
(0.903447 3.44237 4.3588e-20)
(0.716248 2.71956 -2.68789e-20)
(0.186917 0.39738 -6.89781e-20)
(-0.10795 -0.338716 4.35878e-21)
(-0.103053 -0.332546 -8.54879e-20)
(0.0238212 0.0690349 1.94077e-20)
(0.064793 0.225334 3.6128e-19)
(0.0511039 0.202405 1.24395e-20)
(0.0594436 0.264555 -3.36038e-20)
(0.155282 0.608281 1.43546e-21)
(0.386758 1.3509 -1.29418e-19)
(0.51241 1.73625 0)
(0.546556 1.83067 0)
(0.544552 1.82365 7.78315e-20)
(0.534314 1.79572 -1.19969e-19)
(0.520773 1.76925 -1.69403e-19)
(0.504296 1.74626 1.23245e-19)
(0.48388 1.73618 4.55809e-20)
(0.500788 1.9428 1.55549e-21)
(0.813377 3.28048 -2.11614e-21)
(0.797002 3.53006 -8.59063e-20)
(0.510199 2.87224 2.51421e-20)
(-0.0519224 0.949447 -3.07443e-20)
(-0.36118 -0.301304 1.1248e-19)
(-0.374006 -0.496871 1.71106e-19)
(-0.185774 -0.206941 0)
(-0.0223133 0.134293 -5.40776e-21)
(0.0200365 0.18434 2.95689e-20)
(0.0246256 0.125512 1.71859e-19)
(0.0826587 0.363109 0)
(0.298992 1.13109 -1.17138e-19)
(0.452568 1.64773 0)
(0.50626 1.81637 -1.41086e-19)
(0.512906 1.83084 -7.16041e-20)
(0.506442 1.80709 5.50223e-20)
(0.496862 1.78214 7.98117e-20)
(0.486275 1.7607 -6.0741e-20)
(0.47418 1.75259 -8.50261e-20)
(0.493699 1.90973 7.6034e-20)
(0.810974 3.20951 0)
(0.89766 3.68847 0)
(0.737328 3.37275 4.94979e-20)
(0.133521 1.63719 1.69399e-19)
(-0.318235 0.0318669 3.71981e-20)
(-0.531034 -0.652238 5.66889e-20)
(-0.507019 -0.802719 3.85738e-19)
(-0.233724 -0.331328 -1.6522e-20)
(-0.0178113 0.0586141 -1.05563e-18)
(0.00781623 0.0230093 1.15261e-19)
(0.0328005 0.138151 3.20366e-20)
(0.191377 0.782994 8.63276e-21)
(0.384955 1.48922 1.3901e-20)
(0.466224 1.77914 0)
(0.482746 1.83014 -1.64733e-20)
(0.480005 1.81608 1.27057e-20)
(0.473468 1.79026 3.45893e-22)
(0.467815 1.7692 0)
(0.468279 1.75616 -1.01909e-20)
(0.47991 1.85373 -9.35142e-23)
(0.836301 2.88061 0)
(1.1163 3.62139 -8.14132e-20)
(1.17479 3.549 -1.3337e-20)
(0.945419 2.6255 -1.11117e-19)
(0.371356 0.873398 3.27763e-20)
(-0.081044 -0.258485 0)
(-0.337498 -1.15744 1.8189e-19)
(-0.361596 -1.5055 -1.85204e-19)
(-0.168904 -1.17201 5.41611e-21)
(-0.000247282 -0.0256858 0)
(0.0101848 0.00267314 3.95886e-33)
(0.0806242 0.348921 0)
(0.282302 1.16943 0)
(0.416288 1.68603 0)
(0.451861 1.82037 0)
(0.45358 1.8227 0)
(0.448198 1.79554 -5.57562e-34)
(0.447055 1.7699 0)
(0.451679 1.74681 -1.31015e-33)
(0.474657 1.77174 0)
(0.675448 2.32513 0)
(1.12067 3.35597 0)
(1.26797 3.39086 0)
(1.29439 3.05461 0)
(1.0469 2.00826 0)
(0.63944 0.813188 0)
(0.407962 -0.14104 0)
(0.184594 -0.936628 0)
(0.0233481 -1.52898 0)
(-0.00022088 -0.0257265 0)
(0.00247797 -0.0561101 0)
(0.0279667 0.0761992 0)
(0.154335 0.688047 0)
(0.340584 1.47713 0)
(0.413688 1.78255 0)
(0.423495 1.82027 0)
(0.421762 1.79928 0)
(0.420049 1.76891 0)
(0.425299 1.73424 0)
(0.464019 1.7306 0)
(0.551879 2.00727 0)
(0.977594 3.11028 0)
(1.13378 3.28395 0)
(1.16349 3.1015 0)
(1.06111 2.52163 0)
(0.751495 1.48396 0)
(0.492108 0.506544 0)
(0.271794 -0.315619 0)
(0.0785251 -0.969812 0)
(-0.000205904 -0.0242444 0)
(-0.000100911 -0.0762117 0)
(0.00983579 -0.027179 0)
(0.0631849 0.290623 0)
(0.250034 1.17168 0)
(0.365923 1.70186 0)
(0.390072 1.81383 0)
(0.39045 1.80465 0)
(0.388241 1.7663 0)
(0.395996 1.71999 0)
(0.426139 1.69707 0)
(0.479141 1.8206 0)
(0.782744 2.80384 0)
(0.915657 3.18964 0)
(0.919088 3.1283 0)
(0.868723 2.81355 0)
(0.652572 1.99032 0)
(0.453546 1.07656 0)
(0.247438 0.265856 0)
(0.0754259 -0.383124 0)
(-9.91929e-05 -0.0216199 0)
(0.000193855 -0.0830027 0)
(0.00666768 -0.0775664 0)
(0.0343707 0.0895277 0)
(0.161383 0.818181 0)
(0.308905 1.57304 0)
(0.350556 1.79901 0)
(0.353027 1.80542 0)
(0.352519 1.76173 0)
(0.353752 1.71021 0)
(0.375764 1.66234 0)
(0.410868 1.7287 0)
(0.584765 2.53161 0)
(0.702923 3.14969 0)
(0.680005 3.1772 0)
(0.622481 3.02876 0)
(0.46042 2.38944 0)
(0.294301 1.56442 0)
(0.154247 0.733881 0)
(0.0416286 0.0613066 0)
(0.000142066 -0.0231538 0)
(-0.00033432 -0.0906836 0)
(0.00371382 -0.115067 0)
(0.0258772 -0.0156019 0)
(0.0906521 0.500263 0)
(0.244548 1.40685 0)
(0.303544 1.77002 0)
(0.311254 1.80222 0)
(0.308483 1.76193 0)
(0.305898 1.70281 0)
(0.320352 1.639 0)
(0.337155 1.68022 0)
(0.438084 2.32977 0)
(0.542907 3.12328 0)
(0.518272 3.24759 0)
(0.476014 3.20545 0)
(0.373685 2.76754 0)
(0.230017 1.93328 0)
(0.126832 1.07195 0)
(0.0302705 0.368521 0)
(-0.0013298 -0.0129503 0)
(-0.0157329 -0.0654952 0)
(-0.0270246 -0.128499 0)
(-0.0163851 -0.0916651 0)
(0.0352831 0.290193 0)
(0.174563 1.22425 0)
(0.252531 1.72435 0)
(0.26555 1.80043 0)
(0.259354 1.76739 0)
(0.253652 1.69979 0)
(0.254199 1.62973 0)
(0.266268 1.65333 0)
(0.318172 2.2058 0)
(0.421865 3.09507 0)
(0.420863 3.2859 0)
(0.401087 3.27684 0)
(0.368988 3.00948 0)
(0.263514 2.22465 0)
(0.156852 1.38864 0)
(0.043519 0.698293 0)
(-0.00287048 0.0346766 0)
(-0.0245647 0.0192714 0)
(-0.0310091 -0.115754 0)
(-0.0157581 -0.135708 0)
(0.0103203 0.111271 0)
(0.126924 1.02928 0)
(0.211887 1.66767 0)
(0.219134 1.80233 0)
(0.20717 1.7768 0)
(0.196616 1.70431 0)
(0.188775 1.63191 0)
(0.197211 1.63577 0)
(0.219324 2.0934 0)
(0.327588 3.0476 0)
(0.334449 3.29529 0)
(0.324361 3.2971 0)
(0.318381 3.11631 0)
(0.250261 2.46906 0)
(0.152038 1.73057 0)
(0.0396386 1.0746 0)
(-0.00160572 0.0709191 0)
(0.0149054 0.00648448 0)
(0.0937639 -0.234898 0)
(0.171046 -0.232968 0)
(0.177165 0.102284 0)
(0.147843 0.821248 0)
(0.192437 1.62519 0)
(0.170615 1.81326 0)
(0.149686 1.78924 0)
(0.13658 1.71056 0)
(0.126382 1.63486 0)
(0.127129 1.63795 0)
(0.126971 1.99361 0)
(0.23735 2.98464 0)
(0.260735 3.29007 0)
(0.250325 3.31071 0)
(0.238664 3.18395 0)
(0.187421 2.66498 0)
(0.107718 2.04121 0)
(0.0196517 1.37641 0)
(0.00407677 0.0193816 0)
(0.0912638 -0.362023 0)
(0.216569 -0.541482 0)
(0.263062 -0.32772 0)
(0.22879 0.213732 0)
(0.135734 0.847221 0)
(0.132764 1.64122 0)
(0.0977801 1.8394 0)
(0.0805698 1.80147 0)
(0.0747982 1.71682 0)
(0.0694201 1.6406 0)
(0.0630746 1.64652 0)
(0.0504446 1.91894 0)
(0.162679 2.91994 0)
(0.193648 3.29455 0)
(0.180345 3.33497 0)
(0.168871 3.24728 0)
(0.126325 2.82117 0)
(0.0653939 2.28912 0)
(0.00442941 1.56273 0)
(0.0121767 -0.163024 0)
(0.0920261 -0.767307 0)
(0.135532 -0.701027 0)
(0.119417 -0.250415 0)
(0.0863155 0.323634 0)
(0.0214838 0.959864 0)
(-0.00978212 1.68467 0)
(-0.0154078 1.85925 0)
(-0.00358358 1.80403 0)
(0.0116407 1.71621 0)
(0.0182869 1.64441 0)
(0.0155747 1.65702 0)
(0.00182484 1.87701 0)
(0.106299 2.83569 0)
(0.138168 3.28832 0)
(0.123916 3.36087 0)
(0.110494 3.30265 0)
(0.0747616 2.94263 0)
(0.0273063 2.47267 0)
(-0.00853105 1.62763 0)
(0.0116277 -0.362821 0)
(0.0387876 -0.879608 0)
(0.0137455 -0.633668 0)
(-0.030602 -0.160851 0)
(-0.0811184 0.417824 0)
(-0.147371 1.07971 0)
(-0.18238 1.70864 0)
(-0.146719 1.83208 0)
(-0.0917783 1.77918 0)
(-0.0473017 1.70037 0)
(-0.0211043 1.63946 0)
(-0.012673 1.66186 0)
(-0.0119592 1.85345 0)
(0.059502 2.7499 0)
(0.0896938 3.28319 0)
(0.0786866 3.38932 0)
(0.0628152 3.35152 0)
(0.0325703 3.03841 0)
(-0.00213912 2.59765 0)
(-0.0117097 1.61371 0)
(0.00393396 -0.431214 0)
(-0.0306724 -0.770978 0)
(-0.10305 -0.466322 0)
(-0.183455 -0.000993431 0)
(-0.264541 0.575592 0)
(-0.337599 1.22006 0)
(-0.325865 1.65086 0)
(-0.243977 1.7478 0)
(-0.161535 1.71632 0)
(-0.0931213 1.66294 0)
(-0.0475178 1.61958 0)
(-0.0241134 1.65575 0)
(-0.0111454 1.83856 0)
(0.0252191 2.67666 0)
(0.0453328 3.28045 0)
(0.0354726 3.42133 0)
(0.0173378 3.39839 0)
(-0.00465585 3.11451 0)
(-0.0285283 2.66713 0)
(-0.0153965 1.52565 0)
(-0.0074634 -0.346045 0)
(-0.0758018 -0.501722 0)
(-0.177089 -0.197102 0)
(-0.282426 0.231088 0)
(-0.378606 0.744677 0)
(-0.419001 1.24427 0)
(-0.37654 1.53312 0)
(-0.284141 1.62754 0)
(-0.194688 1.6302 0)
(-0.117797 1.61002 0)
(-0.0612627 1.58657 0)
(-0.0267994 1.63853 0)
(-0.00739813 1.82575 0)
(-0.00166689 2.63548 0)
(0.00690958 3.2791 0)
(-0.00349647 3.45095 0)
(-0.0203703 3.43725 0)
(-0.0367184 3.16546 0)
(-0.0442843 2.66318 0)
(-0.0143178 1.40381 0)
(-0.00968078 -0.17919 0)
(-0.0795965 -0.179706 0)
(-0.178521 0.0996612 0)
(-0.27978 0.464468 0)
(-0.360954 0.871131 0)
(-0.389958 1.22982 0)
(-0.338844 1.42148 0)
(-0.267992 1.51785 0)
(-0.192192 1.54636 0)
(-0.121822 1.55143 0)
(-0.0634318 1.54778 0)
(-0.0240637 1.61696 0)
(-0.00489049 1.82047 0)
(-0.0190841 2.63236 0)
(-0.0232519 3.28863 0)
(-0.0344105 3.47955 0)
(-0.047334 3.46571 0)
(-0.0564793 3.18948 0)
(-0.0487839 2.60623 0)
(-0.0116011 1.28213 0)
(-0.00574792 -0.0309193 0)
(-0.0582983 0.103088 0)
(-0.135046 0.359048 0)
(-0.213072 0.661529 0)
(-0.273888 0.968687 0)
(-0.292604 1.2113 0)
(-0.268247 1.35731 0)
(-0.222698 1.44354 0)
(-0.168558 1.48018 0)
(-0.111481 1.49979 0)
(-0.0581845 1.50957 0)
(-0.0191348 1.5922 0)
(-0.00140611 1.82038 0)
(-0.0290268 2.65296 0)
(-0.0426424 3.30319 0)
(-0.0538193 3.50352 0)
(-0.062268 3.48391 0)
(-0.0622664 3.18446 0)
(-0.0441446 2.51141 0)
(-0.00934505 1.17825 0)
(-0.00290399 0.0586461 0)
(-0.0335964 0.300228 0)
(-0.0844001 0.548089 0)
(-0.137993 0.807199 0)
(-0.181393 1.04478 0)
(-0.199789 1.2168 0)
(-0.195938 1.33004 0)
(-0.171703 1.39941 0)
(-0.136997 1.43376 0)
(-0.09522 1.45799 0)
(-0.0496286 1.47449 0)
(-0.0103446 1.56607 0)
(0.00735864 1.82759 0)
(-0.0308837 2.68641 0)
(-0.0501412 3.31936 0)
(-0.0605504 3.51879 0)
(-0.0641357 3.48627 0)
(-0.05972 3.15717 0)
(-0.0358013 2.41116 0)
(-0.00723469 1.09491 0)
(-0.00103053 0.101054 0)
(-0.0159285 0.417292 0)
(-0.0464186 0.672558 0)
(-0.0816856 0.907364 0)
(-0.112629 1.10361 0)
(-0.130525 1.23512 0)
(-0.136346 1.32295 0)
(-0.126432 1.37558 0)
(-0.106514 1.4031 0)
(-0.0784933 1.42579 0)
(-0.0418012 1.4438 0)
(-0.00244455 1.53705 0)
(0.0167893 1.84436 0)
(-0.0304223 2.73185 0)
(-0.053582 3.33895 0)
(-0.0617021 3.52912 0)
(-0.0614298 3.48265 0)
(-0.052559 3.11607 0)
(-0.028638 2.32201 0)
(-0.00563845 1.02966 0)
(-0.000190317 0.116376 0)
(-0.00585808 0.476892 0)
(-0.0222849 0.749263 0)
(-0.044801 0.974708 0)
(-0.0668296 1.14885 0)
(-0.0827137 1.2576 0)
(-0.0922947 1.32746 0)
(-0.0912109 1.36639 0)
(-0.081506 1.38598 0)
(-0.0647434 1.40336 0)
(-0.0379717 1.41668 0)
(-0.00322442 1.50588 0)
(0.0129702 1.86736 0)
(-0.0362187 2.78421 0)
(-0.0592347 3.35756 0)
(-0.0629217 3.53026 0)
(-0.059354 3.46994 0)
(-0.046578 3.06896 0)
(-0.0240252 2.24569 0)
(-0.00470301 0.976707 0)
(0.000105942 0.118899 0)
(-0.000774891 0.501155 0)
(-0.00815727 0.793297 0)
(-0.0219334 1.01939 0)
(-0.037587 1.18328 0)
(-0.0511382 1.27924 0)
(-0.0615794 1.33687 0)
(-0.0656727 1.36533 0)
(-0.0633256 1.37803 0)
(-0.0558952 1.38946 0)
(-0.0402441 1.39626 0)
(-0.0187512 1.48211 0)
(-0.0123534 1.891 0)
(-0.0552402 2.83371 0)
(-0.0703622 3.36715 0)
(-0.0660522 3.52343 0)
(-0.0565158 3.44749 0)
(-0.0404833 3.01865 0)
(-0.0197963 2.17997 0)
(-0.00386367 0.932878 0)
(0.000237605 0.116285 0)
(0.00157402 0.5051 0)
(-0.000427306 0.815758 0)
(-0.00827231 1.04851 0)
(-0.0193674 1.20964 0)
(-0.0308544 1.29884 0)
(-0.0411563 1.34858 0)
(-0.0481174 1.36955 0)
(-0.0509487 1.3773 0)
(-0.0513542 1.384 0)
(-0.0485866 1.38599 0)
(-0.0449609 1.47284 0)
(-0.0497221 1.91368 0)
(-0.0790274 2.86897 0)
(-0.0810038 3.36241 0)
(-0.0677632 3.50156 0)
(-0.0520269 3.4149 0)
(-0.0334051 2.96736 0)
(-0.0152917 2.1249 0)
(-0.00288362 0.89839 0)
(0.000217832 0.111753 0)
(0.00240627 0.500013 0)
(0.00342302 0.824264 0)
(-0.000385882 1.06694 0)
(-0.00811194 1.23002 0)
(-0.0177926 1.31648 0)
(-0.0275715 1.36121 0)
(-0.0360247 1.37738 0)
(-0.0425785 1.38208 0)
(-0.0496595 1.38597 0)
(-0.0574008 1.38724 0)
(-0.0701506 1.47911 0)
(-0.0818124 1.92691 0)
(-0.088677 2.88386 0)
(-0.0821674 3.34381 0)
(-0.0628336 3.46808 0)
(-0.043261 3.37347 0)
(-0.0245666 2.91913 0)
(-0.010698 2.08229 0)
(-0.0017548 0.873515 0)
(0.000196053 0.107134 0)
(0.0025738 0.489949 0)
(0.00521542 0.823965 0)
(0.00397337 1.07772 0)
(-0.00122764 1.24561 0)
(-0.00932812 1.33218 0)
(-0.0184253 1.37381 0)
(-0.0274581 1.38703 0)
(-0.0362178 1.39034 0)
(-0.0471191 1.39382 0)
(-0.0628179 1.39842 0)
(-0.0851186 1.49723 0)
(-0.101227 1.9259 0)
(-0.0875747 2.88387 0)
(-0.0726243 3.31653 0)
(-0.0510033 3.43009 0)
(-0.0312043 3.33093 0)
(-0.0155963 2.88086 0)
(-0.00708223 2.05314 0)
(-0.000763824 0.85739 0)
(0.000166834 0.102904 0)
(0.00240461 0.478602 0)
(0.0057381 0.818947 0)
(0.00615835 1.08318 0)
(0.00279936 1.25743 0)
(-0.00382512 1.34599 0)
(-0.0120652 1.38591 0)
(-0.020925 1.39745 0)
(-0.0304972 1.40037 0)
(-0.0431365 1.40507 0)
(-0.061495 1.41541 0)
(-0.0857075 1.52148 0)
(-0.103811 1.91654 0)
(-0.0703036 2.8694 0)
(-0.0520233 3.28487 0)
(-0.0339611 3.39464 0)
(-0.0184015 3.29541 0)
(-0.0086954 2.85759 0)
(-0.00530578 2.03457 0)
(-0.000143977 0.846648 0)
(0.000136822 0.0992423 0)
(0.00211107 0.467539 0)
(0.00553976 0.811435 0)
(0.00695148 1.08522 0)
(0.00498349 1.26606 0)
(-0.000266988 1.35767 0)
(-0.00738176 1.39692 0)
(-0.0153396 1.40739 0)
(-0.0244504 1.41057 0)
(-0.0361477 1.41687 0)
(-0.0525462 1.43311 0)
(-0.0716272 1.54423 0)
(-0.0854905 1.90205 0)
(-0.0431942 2.83488 0)
(-0.0263942 3.25943 0)
(-0.0150805 3.36947 0)
(-0.0071205 3.27343 0)
(-0.00598266 2.8531 0)
(-0.00531054 2.02045 0)
(0.000102842 0.837878 0)
(0.000114106 0.0961742 0)
(0.00182558 0.457679 0)
(0.00511692 0.803335 0)
(0.00694587 1.08477 0)
(0.00589471 1.27222 0)
(0.00185157 1.3672 0)
(-0.00402306 1.4063 0)
(-0.0105556 1.41594 0)
(-0.018052 1.41928 0)
(-0.0269619 1.42699 0)
(-0.0380438 1.4472 0)
(-0.0480095 1.56063 0)
(-0.0551094 1.89104 0)
(-0.0183008 2.78474 0)
(-0.00293692 3.24459 0)
(-0.00146355 3.36105 0)
(-0.00359137 3.27173 0)
(-0.00717847 2.85753 0)
(-0.00699899 2.00518 0)
(-1.94923e-05 0.828537 0)
(0.000504584 0.266527 0)
(0.0023865 0.619384 0)
(0.00482136 0.944563 0)
(0.00586561 1.19201 0)
(0.00458694 1.33904 0)
(0.00126732 1.40405 0)
(-0.00268307 1.42508 0)
(-0.00648886 1.42649 0)
(-0.00968312 1.43089 0)
(-0.00974015 1.43686 0)
(-0.00447339 1.48838 0)
(0.00379804 1.67869 0)
(-0.000877328 2.22598 0)
(0.0190408 3.06463 0)
(0.00999056 3.3501 0)
(-0.0022242 3.37589 0)
(-0.0127447 3.14207 0)
(-0.0164134 2.48837 0)
(-0.00588849 1.36944 0)
(-0.000274926 0.816435 0)
(-0.0878934 0.615057 -2.26237e-19)
(0.169403 3.119 -1.17815e-19)
(0.201321 3.60306 -3.95284e-20)
(0.178665 3.58442 -5.76706e-20)
(0.161245 3.51927 1.37216e-20)
(0.14763 3.47974 7.97528e-22)
(0.123686 3.4504 -1.20975e-20)
(0.114734 3.43937 -1.56232e-20)
(0.0993414 3.34997 3.84699e-19)
(0.0709564 2.43174 4.38618e-19)
(-0.0311004 1.20763 0)
(0.0730454 3.14196 2.8555e-22)
(0.0978023 3.53988 1.02529e-19)
(0.0990698 3.53107 2.36179e-19)
(0.09563 3.4853 2.67687e-19)
(0.089864 3.45442 1.09092e-20)
(0.0826639 3.43569 3.77416e-19)
(0.0728335 3.4303 4.13537e-19)
(0.0562985 3.32713 4.1595e-19)
(0.0256685 2.24825 -3.39483e-21)
(-0.0260781 1.03968 8.14447e-20)
(0.0449117 3.05967 -1.41066e-19)
(0.0570693 3.49375 2.0654e-19)
(0.0600044 3.49379 0)
(0.0599859 3.45814 6.55543e-19)
(0.0586283 3.43445 0)
(0.0561101 3.42222 -1.29992e-20)
(0.0531023 3.42379 4.44349e-19)
(0.0480054 3.34208 7.07204e-21)
(0.0286922 2.3162 4.72234e-19)
(-0.0177291 0.940708 -2.33546e-19)
(0.0187421 3.01791 -2.16572e-21)
(0.0285174 3.46128 -4.44923e-21)
(0.0335559 3.46374 0)
(0.0363434 3.43451 -1.1523e-20)
(0.0384139 3.41596 -4.00911e-19)
(0.0403843 3.40826 4.44496e-19)
(0.0427489 3.41334 0)
(0.0431994 3.34837 4.7201e-19)
(0.0294974 2.38002 1.9251e-21)
(-0.0131399 0.889097 -1.48925e-19)
(-5.21259e-06 3.01026 -1.59326e-19)
(0.0101127 3.43657 1.52517e-19)
(0.0158711 3.43786 1.87031e-19)
(0.0210897 3.41269 1.98968e-19)
(0.0259624 3.39745 2.16994e-19)
(0.0311557 3.39231 -2.29939e-19)
(0.0368353 3.39936 -2.56144e-19)
(0.0405763 3.34956 -2.37705e-19)
(0.0314251 2.44209 -2.66041e-19)
(-0.0105384 0.870752 -2.58994e-21)
(-0.00993836 3.02166 -3.01812e-21)
(-0.00236787 3.41616 -2.13035e-19)
(0.00433969 3.41375 -2.07663e-19)
(0.0111609 3.39107 -2.30872e-19)
(0.0182228 3.37779 -2.43101e-19)
(0.0257672 3.3741 -2.54853e-19)
(0.0338331 3.38242 2.65183e-19)
(0.0400304 3.3464 -2.59492e-19)
(0.0350385 2.50496 -2.80644e-19)
(-0.00970408 0.870434 1.88065e-19)
(-0.0173093 3.04537 2.09191e-19)
(-0.0121769 3.39763 3.69301e-21)
(-0.00383309 3.38978 -2.27342e-19)
(0.00438643 3.36841 0)
(0.0132407 3.35615 2.84858e-19)
(0.0228158 3.35323 -4.356e-20)
(0.0329967 3.36232 2.76285e-19)
(0.0418021 3.3388 0)
(0.0404255 2.56966 2.95184e-19)
(-0.0106351 0.887836 -3.38544e-21)
(-0.0245446 3.07628 1.42898e-20)
(-0.0205474 3.37829 4.80602e-19)
(-0.0106031 3.36423 0)
(-0.000874369 3.34342 -2.34933e-22)
(0.00984285 3.33152 2.73435e-19)
(0.0214986 3.32891 -1.82851e-20)
(0.0339285 3.33838 3.07986e-19)
(0.0456878 3.32619 -3.19464e-19)
(0.0475342 2.63792 5.03139e-21)
(-0.0130882 0.924421 -2.29233e-19)
(-0.0336211 3.10977 1.17614e-20)
(-0.0294361 3.35564 -1.65093e-20)
(-0.017297 3.33526 -2.70934e-19)
(-0.00556308 3.31447 -2.37e-22)
(0.0073584 3.30262 1.90963e-20)
(0.0213808 3.30016 -1.98829e-20)
(0.0362971 3.30979 -1.02801e-20)
(0.0513176 3.30769 1.05944e-20)
(0.0562182 2.7101 3.57134e-19)
(-0.01905 0.995001 -2.63723e-19)
(-0.0456216 3.14119 -2.82075e-19)
(-0.0396116 3.32682 -2.80738e-19)
(-0.0245198 3.30086 0)
(-0.00995319 3.28002 3.1141e-19)
(0.00566431 3.26836 -3.62163e-19)
(0.0222875 3.26622 3.60665e-19)
(0.039813 3.27601 0)
(0.0579165 3.28251 -3.51902e-19)
(0.0658471 2.78473 2.01456e-19)
(-0.0290673 1.11885 0)
(-0.0601247 3.16509 4.71376e-21)
(-0.0504762 3.28961 1.17531e-21)
(-0.0317275 3.25981 1.64162e-19)
(-0.0137897 3.23977 -1.80446e-19)
(0.00473724 3.22886 -1.64744e-19)
(0.0239138 3.22723 -1.86079e-19)
(0.0439164 3.23711 0)
(0.0644053 3.25028 -2.07214e-19)
(0.07545 2.86014 2.08699e-19)
(-0.0411737 1.31602 -5.04543e-21)
(-0.0735745 3.1753 3.3761e-19)
(-0.0597522 3.24391 1.49969e-19)
(-0.0370816 3.21318 1.81818e-19)
(-0.016302 3.1952 0)
(0.00415435 3.18564 4.03084e-19)
(0.0250074 3.18455 4.43502e-19)
(0.0469352 3.19408 1.35472e-20)
(0.0693069 3.21161 0)
(0.0842318 2.9307 -7.20419e-21)
(-0.0518553 1.59219 -1.86716e-19)
(-0.0835119 3.17007 2.02482e-19)
(-0.062814 3.19159 -1.22398e-20)
(-0.0388257 3.16328 2.10502e-19)
(-0.0170864 3.14749 4.52594e-19)
(0.00376057 3.13932 1.36135e-22)
(0.02489 3.13927 -2.23251e-19)
(0.0471276 3.14894 0)
(0.0702277 3.169 2.05332e-20)
(0.0906214 2.99289 0)
(-0.0557725 1.93871 -6.33843e-21)
(-0.0841004 3.14854 -1.92978e-19)
(-0.0611474 3.13638 -1.51584e-19)
(-0.0391489 3.1103 0)
(-0.0175318 3.09594 5.82568e-20)
(0.00396248 3.08928 9.78969e-23)
(0.0255901 3.09074 -1.52793e-19)
(0.046662 3.10164 -1.60568e-20)
(0.0672408 3.12417 1.64857e-20)
(0.092495 3.04055 0)
(-0.0576231 2.33645 -1.07815e-19)
(-0.0828169 3.10643 1.39783e-19)
(-0.060417 3.0756 1.01956e-19)
(-0.0383314 3.05427 1.20412e-19)
(-0.0163852 3.04466 3.26016e-20)
(0.00422227 3.04092 6.58821e-20)
(0.0246865 3.04251 3.35159e-20)
(0.0453353 3.05134 1.19061e-19)
(0.0662356 3.07193 1.22288e-19)
(0.0936774 3.06016 7.78609e-21)
(-0.0539157 2.71475 5.34495e-20)
(-0.0775262 3.03479 -8.76853e-21)
(-0.0426181 3.01691 0)
(-0.0224908 3.01006 3.28773e-20)
(-0.00844661 3.00847 -9.89329e-20)
(0.00292358 3.00826 8.67856e-22)
(0.0144629 3.00801 -6.99794e-20)
(0.0277134 3.01094 1.71844e-20)
(0.0481031 3.01814 -1.96587e-20)
(0.0862027 3.0274 0)
(0.773648 -0.045066 0)
(1.00742 -0.0768864 0)
(0.999181 -0.0411443 0)
(0.999883 -0.0220113 0)
(1.00005 -0.0116831 0)
(1.00008 -0.00664703 0)
(1.00007 -0.00392092 0)
(1.00004 -0.00228197 0)
(1.00001 -0.00120456 0)
(0.999994 -0.000414671 0)
(0.999988 0.000285656 0)
(0.999989 0.000989015 0)
(1 0.00184993 0)
(1.00003 0.0031108 0)
(1.00004 0.00516859 0)
(1.00003 0.0087912 0)
(0.999942 0.0159161 0)
(0.999612 0.030591 0)
(1.00215 0.0568377 0)
(0.985013 0.088466 0)
(0.842521 -0.0556495 0)
(1.0942 -0.0728208 0)
(1.06562 -0.0595422 0)
(1.0346 -0.0453618 0)
(1.01749 -0.0319467 0)
(1.00895 -0.0210495 0)
(1.00483 -0.0132126 0)
(1.00279 -0.00773769 0)
(1.00179 -0.00371042 0)
(1.00138 -0.000318544 0)
(1.00149 0.00289301 0)
(1.00211 0.00641066 0)
(1.00352 0.0109305 0)
(1.00637 0.0173191 0)
(1.01225 0.0265708 0)
(1.02442 0.0387708 0)
(1.04758 0.052592 0)
(1.08697 0.0681048 0)
(1.04534 0.0743552 0)
(0.360734 0.0151905 0)
(0.63083 -0.0168122 0)
(0.943677 -0.0411212 0)
(1.10667 -0.0513382 0)
(1.08077 -0.0439903 0)
(1.05103 -0.0365272 0)
(1.03088 -0.0293879 0)
(1.01819 -0.0219594 0)
(1.01082 -0.0148323 0)
(1.00683 -0.00856748 0)
(1.00488 -0.00307864 0)
(1.00447 0.00210009 0)
(1.00552 0.00732978 0)
(1.00829 0.0129492 0)
(1.01372 0.019459 0)
(1.02343 0.0266469 0)
(1.03959 0.0337873 0)
(1.06422 0.0408104 0)
(1.09938 0.0492304 0)
(1.07525 0.0507329 0)
(0.629773 0.0169068 0)
(0.517073 -0.00691471 0)
(0.830814 -0.0224975 0)
(1.09524 -0.0412148 0)
(1.09459 -0.039354 0)
(1.06414 -0.0331955 0)
(1.04341 -0.0273291 0)
(1.02898 -0.0216555 0)
(1.01912 -0.0157757 0)
(1.01294 -0.00965597 0)
(1.00963 -0.0034716 0)
(1.00888 0.00277893 0)
(1.0107 0.00891949 0)
(1.01518 0.0147959 0)
(1.02298 0.0205067 0)
(1.03488 0.0259493 0)
(1.05209 0.0314406 0)
(1.07731 0.0372623 0)
(1.10464 0.0422246 0)
(1.01711 0.0359182 0)
(0.515024 0.00703403 0)
(0.45294 -0.00423525 0)
(0.744819 -0.0139952 0)
(1.07132 -0.0330663 0)
(1.10215 -0.0345673 0)
(1.0733 -0.0304086 0)
(1.05159 -0.0256446 0)
(1.03677 -0.0204876 0)
(1.02635 -0.0151105 0)
(1.01922 -0.00941034 0)
(1.01504 -0.00323217 0)
(1.01399 0.00332447 0)
(1.01629 0.00961335 0)
(1.02163 0.0151725 0)
(1.03012 0.0202621 0)
(1.04234 0.0251356 0)
(1.06013 0.0298082 0)
(1.08664 0.0340903 0)
(1.10238 0.0362316 0)
(0.954241 0.0262144 0)
(0.449647 0.00438314 0)
(0.409797 -0.00300308 0)
(0.680215 -0.00978811 0)
(1.04105 -0.026938 0)
(1.10529 -0.030437 0)
(1.08142 -0.0273947 0)
(1.0588 -0.0235369 0)
(1.04329 -0.019126 0)
(1.03248 -0.0141151 0)
(1.02502 -0.00863446 0)
(1.02045 -0.00262079 0)
(1.0192 0.00384449 0)
(1.02162 0.00995941 0)
(1.02716 0.0152221 0)
(1.03586 0.0199281 0)
(1.04853 0.024143 0)
(1.06709 0.0278243 0)
(1.09403 0.0312162 0)
(1.09354 0.0316637 0)
(0.895181 0.0200443 0)
(0.404957 0.0031822 0)
(0.378156 -0.00226055 0)
(0.630844 -0.00730289 0)
(1.0086 -0.0221 0)
(1.1057 -0.0270646 0)
(1.08844 -0.0247712 0)
(1.06536 -0.021302 0)
(1.04938 -0.0174004 0)
(1.03816 -0.0128541 0)
(1.0304 -0.00765084 0)
(1.0256 -0.00182507 0)
(1.02418 0.00443587 0)
(1.02652 0.0102969 0)
(1.03211 0.0152309 0)
(1.04103 0.019425 0)
(1.05403 0.0229868 0)
(1.07305 0.0261045 0)
(1.09869 0.0289411 0)
(1.0794 0.0280005 0)
(0.842684 0.0158736 0)
(0.371412 0.00247694 0)
(0.353983 -0.00174409 0)
(0.592289 -0.00562732 0)
(0.976556 -0.0181731 0)
(1.10371 -0.0240719 0)
(1.09482 -0.0225082 0)
(1.07136 -0.0192203 0)
(1.05505 -0.0155741 0)
(1.04356 -0.0113491 0)
(1.03553 -0.00645648 0)
(1.03047 -0.000872275 0)
(1.02884 0.0051488 0)
(1.03106 0.0107042 0)
(1.03666 0.0152301 0)
(1.04568 0.0189302 0)
(1.05882 0.0220424 0)
(1.07821 0.02481 0)
(1.10082 0.0270802 0)
(1.06164 0.0249262 0)
(0.796859 0.0129458 0)
(0.344913 0.00200603 0)
(0.335122 -0.00136176 0)
(0.561671 -0.00441295 0)
(0.94638 -0.014977 0)
(1.09958 -0.0213463 0)
(1.10031 -0.0203699 0)
(1.07702 -0.0172529 0)
(1.06036 -0.0137666 0)
(1.04868 -0.00972472 0)
(1.04044 -0.00506085 0)
(1.03513 0.00027184 0)
(1.03325 0.00601487 0)
(1.0353 0.0112203 0)
(1.0408 0.0153429 0)
(1.04979 0.018643 0)
(1.06302 0.0214054 0)
(1.08273 0.0238599 0)
(1.10143 0.0256004 0)
(1.0415 0.022386 0)
(0.756838 0.0108645 0)
(0.323216 0.00167926 0)
(0.320236 -0.00106601 0)
(0.537088 -0.00348633 0)
(0.918824 -0.012345 0)
(1.09384 -0.0188007 0)
(1.10502 -0.0183034 0)
(1.08248 -0.0153391 0)
(1.06548 -0.0119471 0)
(1.05358 -0.00801361 0)
(1.04514 -0.00349835 0)
(1.03959 0.00162524 0)
(1.03742 0.00707937 0)
(1.03921 0.0119311 0)
(1.04453 0.0156887 0)
(1.05343 0.0186327 0)
(1.06675 0.0210763 0)
(1.08668 0.0232549 0)
(1.10046 0.0244352 0)
(1.01987 0.0203294 0)
(0.721519 0.00937558 0)
(0.304875 0.00145084 0)
(0.30846 -0.000827332 0)
(0.517273 -0.00274653 0)
(0.894227 -0.0101327 0)
(1.08708 -0.0163859 0)
(1.10899 -0.0162605 0)
(1.08785 -0.0134255 0)
(1.07049 -0.0100625 0)
(1.05835 -0.0061814 0)
(1.04969 -0.00175683 0)
(1.04386 0.00320739 0)
(1.04135 0.00839798 0)
(1.0428 0.0129152 0)
(1.04787 0.0163274 0)
(1.05667 0.0189257 0)
(1.07006 0.0210649 0)
(1.09018 0.0230099 0)
(1.09789 0.0236038 0)
(0.997361 0.0187208 0)
(0.689869 0.00832161 0)
(0.28889 0.0012947 0)
(0.299221 -0.000626277 0)
(0.501372 -0.00212973 0)
(0.87271 -0.0082239 0)
(1.07984 -0.0140607 0)
(1.11251 -0.0141819 0)
(1.09321 -0.0114526 0)
(1.07549 -0.00806645 0)
(1.06307 -0.0041787 0)
(1.05414 0.000211036 0)
(1.04798 0.00506198 0)
(1.04504 0.0100318 0)
(1.04607 0.0142361 0)
(1.05085 0.017313 0)
(1.05951 0.019571 0)
(1.07296 0.0214075 0)
(1.09289 0.0230964 0)
(1.09362 0.0231039 0)
(0.974315 0.0175329 0)
(0.660977 0.00760209 0)
(0.274523 0.00119428 0)
(0.292149 -0.000447532 0)
(0.488814 -0.00158855 0)
(0.854287 -0.00651794 0)
(1.07258 -0.0117748 0)
(1.11585 -0.0120361 0)
(1.0986 -0.00935532 0)
(1.08055 -0.005897 0)
(1.06781 -0.00194254 0)
(1.05855 0.00247146 0)
(1.05197 0.00725885 0)
(1.04852 0.0120473 0)
(1.04905 0.0159536 0)
(1.05348 0.0186972 0)
(1.06197 0.0206109 0)
(1.07544 0.0221439 0)
(1.09472 0.0235128 0)
(1.08772 0.0229684 0)
(0.950869 0.0167466 0)
(0.634047 0.00714775 0)
(0.261205 0.00113776 0)
(0.287029 -0.000278775 0)
(0.479253 -0.00108625 0)
(0.838963 -0.0049265 0)
(1.06575 -0.00947009 0)
(1.11912 -0.00975018 0)
(1.1041 -0.00706166 0)
(1.08574 -0.00347721 0)
(1.07264 0.000607795 0)
(1.06297 0.00510209 0)
(1.05587 0.00988442 0)
(1.05179 0.0145234 0)
(1.05174 0.0181418 0)
(1.05573 0.0205486 0)
(1.06401 0.0221007 0)
(1.07749 0.0233154 0)
(1.09555 0.0243389 0)
(1.08013 0.0231662 0)
(0.926987 0.0163157 0)
(0.608381 0.00690732 0)
(0.248486 0.0011159 0)
(0.283772 -0.000109485 0)
(0.472518 -0.000594348 0)
(0.826776 -0.00337515 0)
(1.05977 -0.00708321 0)
(1.12246 -0.00724905 0)
(1.10981 -0.00449269 0)
(1.09115 -0.00071887 0)
(1.07762 0.00356017 0)
(1.06746 0.00820181 0)
(1.05973 0.013036 0)
(1.0549 0.0175582 0)
(1.05412 0.0208941 0)
(1.0576 0.0229516 0)
(1.06563 0.0241167 0)
(1.07907 0.0249865 0)
(1.09532 0.0256624 0)
(1.07082 0.0237515 0)
(0.902507 0.016246 0)
(0.583359 0.00685644 0)
(0.235993 0.00112503 0)
(0.282387 7.15099e-05 0)
(0.468583 -8.91818e-05 0)
(0.81782 -0.00179572 0)
(1.05504 -0.0045432 0)
(1.12606 -0.00444855 0)
(1.1158 -0.00154969 0)
(1.09686 0.00248445 0)
(1.08284 0.00702913 0)
(1.07209 0.0118899 0)
(1.06359 0.0168336 0)
(1.05784 0.0212671 0)
(1.05619 0.024316 0)
(1.05906 0.0260017 0)
(1.06679 0.0267667 0)
(1.08015 0.0272477 0)
(1.09414 0.0275403 0)
(1.05967 0.0247717 0)
(0.877141 0.0165319 0)
(0.558383 0.00697838 0)
(0.22339 0.00116191 0)
(0.28292 0.00024572 0)
(0.467602 0.000489865 0)
(0.812267 -0.000133211 0)
(1.05197 -0.00176573 0)
(1.13013 -0.00125656 0)
(1.1222 0.0018764 0)
(1.103 0.00625024 0)
(1.08839 0.0111453 0)
(1.07691 0.0163055 0)
(1.06748 0.0214186 0)
(1.06062 0.0257882 0)
(1.05794 0.0285352 0)
(1.06008 0.0298192 0)
(1.06745 0.0301613 0)
(1.08064 0.030217 0)
(1.0919 0.0300343 0)
(1.04646 0.0262747 0)
(0.850497 0.0171792 0)
(0.532872 0.00726198 0)
(0.210372 0.00122385 0)
(0.28576 0.000496963 0)
(0.469588 0.00106359 0)
(0.810407 0.00166126 0)
(1.05099 0.00135718 0)
(1.13496 0.00242791 0)
(1.12918 0.00591689 0)
(1.10967 0.010736 0)
(1.09437 0.0160766 0)
(1.082 0.0216205 0)
(1.07144 0.0269624 0)
(1.06323 0.0312853 0)
(1.05933 0.0336926 0)
(1.06059 0.0345401 0)
(1.06754 0.034419 0)
(1.08051 0.0340315 0)
(1.08839 0.0332043 0)
(1.03091 0.0283207 0)
(0.822092 0.0181981 0)
(0.506248 0.00770123 0)
(0.196655 0.00130878 0)
(0.291133 0.000779547 0)
(0.475435 0.00186282 0)
(0.812772 0.00379462 0)
(1.05269 0.00491163 0)
(1.14079 0.00676742 0)
(1.13694 0.0107603 0)
(1.11702 0.0161386 0)
(1.10089 0.022035 0)
(1.08743 0.0280566 0)
(1.07547 0.0336813 0)
(1.06565 0.0379503 0)
(1.06029 0.0399777 0)
(1.06053 0.0403249 0)
(1.06697 0.0396817 0)
(1.07965 0.0387778 0)
(1.08335 0.0371891 0)
(1.01262 0.0309807 0)
(0.791344 0.0196049 0)
(0.477932 0.00828942 0)
(0.181978 0.00141367 0)
(0.299506 0.00112967 0)
(0.485322 0.00277229 0)
(0.819731 0.00635546 0)
(1.0575 0.00904127 0)
(1.14804 0.011942 0)
(1.1457 0.01662 0)
(1.12523 0.0226993 0)
(1.10809 0.0292839 0)
(1.09328 0.0358836 0)
(1.0796 0.0418312 0)
(1.06785 0.046013 0)
(1.06074 0.0475747 0)
(1.05983 0.0473481 0)
(1.06566 0.0461175 0)
(1.07773 0.0445913 0)
(1.07634 0.0420619 0)
(0.991071 0.0343231 0)
(0.757562 0.0214016 0)
(0.447328 0.00901381 0)
(0.166102 0.00153381 0)
(0.31157 0.00158747 0)
(0.500126 0.00393352 0)
(0.831917 0.00949335 0)
(1.06614 0.0140265 0)
(1.15721 0.0182105 0)
(1.15575 0.0237909 0)
(1.13452 0.0307521 0)
(1.1161 0.0381743 0)
(1.09959 0.0454434 0)
(1.08381 0.0517194 0)
(1.06975 0.0557274 0)
(1.06063 0.0566889 0)
(1.05837 0.0558127 0)
(1.06352 0.0539055 0)
(1.07452 0.0516517 0)
(1.06694 0.0480015 0)
(0.965594 0.0383956 0)
(0.719974 0.0235759 0)
(0.413863 0.00984828 0)
(0.148842 0.00166141 0)
(0.328312 0.00221088 0)
(0.520955 0.00547819 0)
(0.850228 0.0135047 0)
(1.07944 0.0201816 0)
(1.16889 0.0259473 0)
(1.16746 0.0327226 0)
(1.14514 0.0407766 0)
(1.12506 0.049184 0)
(1.10638 0.0571748 0)
(1.08801 0.063712 0)
(1.07123 0.0673801 0)
(1.05984 0.0675556 0)
(1.05605 0.0658399 0)
(1.06047 0.0632089 0)
(1.06969 0.0601733 0)
(1.05459 0.0551051 0)
(0.935368 0.0432223 0)
(0.677738 0.0260806 0)
(0.377028 0.0107467 0)
(0.130098 0.00178459 0)
(0.35101 0.00309332 0)
(0.549213 0.00765712 0)
(0.87593 0.0188341 0)
(1.09848 0.0280077 0)
(1.18373 0.0357393 0)
(1.18128 0.044069 0)
(1.15732 0.0534452 0)
(1.13501 0.0629609 0)
(1.11356 0.0716377 0)
(1.09204 0.0782386 0)
(1.07208 0.0812737 0)
(1.05817 0.0803954 0)
(1.0527 0.0776201 0)
(1.05637 0.0741899 0)
(1.06321 0.0703766 0)
(1.03858 0.0634607 0)
(0.899397 0.0487643 0)
(0.630003 0.0288125 0)
(0.33646 0.0116351 0)
(0.109907 0.00188686 0)
(0.381794 0.0044531 0)
(0.586985 0.0109169 0)
(0.910878 0.0261966 0)
(1.12462 0.0383754 0)
(1.20245 0.0484811 0)
(1.1977 0.0588778 0)
(1.17124 0.0697684 0)
(1.14592 0.0803804 0)
(1.12093 0.0895021 0)
(1.09563 0.0957588 0)
(1.07207 0.0976978 0)
(1.05542 0.0953931 0)
(1.04817 0.0913344 0)
(1.0511 0.0869176 0)
(1.05502 0.0821127 0)
(1.0179 0.073075 0)
(0.856547 0.0548763 0)
(0.576043 0.0315928 0)
(0.292086 0.0124046 0)
(0.0885088 0.00194674 0)
(0.423983 0.00674484 0)
(0.6376 0.0161683 0)
(0.957999 0.0368861 0)
(1.15965 0.0530076 0)
(1.22582 0.0654954 0)
(1.21701 0.078868 0)
(1.18679 0.0912366 0)
(1.15738 0.102572 0)
(1.12801 0.111528 0)
(1.09832 0.116734 0)
(1.07082 0.116896 0)
(1.05132 0.112677 0)
(1.04229 0.10706 0)
(1.04439 0.101524 0)
(1.0444 0.095463 0)
(0.991254 0.0837371 0)
(0.80561 0.0612594 0)
(0.51555 0.0341493 0)
(0.244388 0.0129157 0)
(0.066447 0.0019389 0)
(0.482669 0.0114974 0)
(0.707143 0.0256338 0)
(1.02203 0.0541238 0)
(1.20471 0.0757174 0)
(1.25471 0.090441 0)
(1.23879 0.106716 0)
(1.20322 0.119803 0)
(1.16858 0.130792 0)
(1.13403 0.138452 0)
(1.09948 0.141542 0)
(1.06787 0.139035 0)
(1.04556 0.132296 0)
(1.03491 0.1248 0)
(1.03598 0.118065 0)
(1.03048 0.110436 0)
(0.956981 0.0950649 0)
(0.74555 0.0673562 0)
(0.449283 0.0361571 0)
(0.195008 0.0130732 0)
(0.0448273 0.00184788 0)
(0.566516 0.026227 1.87698e-22)
(0.803723 0.0472933 -6.80643e-20)
(1.10306 0.0851912 -2.49514e-21)
(1.25619 0.111488 -5.71488e-21)
(1.28719 0.12879 0)
(1.26054 0.145322 -1.00272e-20)
(1.21868 0.157303 8.0703e-21)
(1.17818 0.166363 -1.91209e-22)
(1.13803 0.171494 0)
(1.09832 0.171534 0)
(1.06236 0.165691 2.09583e-20)
(1.03703 0.156089 0)
(1.02464 0.146632 6.12025e-20)
(1.02479 0.138933 8.21134e-20)
(1.01095 0.129995 0)
(0.910504 0.109287 0)
(0.670074 0.0742694 0)
(0.373813 0.0380016 -4.53334e-21)
(0.143439 0.0132767 -5.33448e-21)
(0.0238635 0.00188662 -9.64467e-20)
(0.630691 0.0556413 -1.44237e-21)
(0.881779 0.0849356 -5.54294e-20)
(1.17071 0.131729 -1.04632e-20)
(1.29899 0.160441 0)
(1.31572 0.178965 1.8862e-20)
(1.27942 0.193275 7.22198e-20)
(1.23148 0.203046 1.7119e-20)
(1.18509 0.209689 2.84604e-20)
(1.13916 0.212157 5.02993e-20)
(1.0939 0.209182 0)
(1.05299 0.200089 -1.84559e-19)
(1.02411 0.187671 -5.6643e-20)
(1.00959 0.176124 -3.43636e-20)
(1.00607 0.16634 0)
(0.978646 0.154085 -1.90113e-19)
(0.843673 0.125956 -1.41326e-20)
(0.576762 0.0819596 -2.68854e-19)
(0.290757 0.0398004 -6.33973e-19)
(0.0918181 0.0126841 3.95832e-19)
(0.00342524 0.000848075 4.3002e-19)
(0.653821 0.0931712 -3.63725e-20)
(0.924432 0.133347 4.19027e-20)
(1.21618 0.190436 7.98949e-21)
(1.33024 0.220259 0)
(1.33773 0.237849 0)
(1.29409 0.248093 7.23754e-20)
(1.24061 0.254061 -3.32824e-20)
(1.18861 0.257077 6.23105e-20)
(1.13716 0.255934 -5.59467e-20)
(1.0866 0.249228 9.31529e-20)
(1.04096 0.236399 0)
(1.00861 0.220894 -1.19499e-19)
(0.991826 0.207101 0)
(0.984364 0.195184 -8.78317e-20)
(0.94593 0.179055 2.61271e-19)
(0.79072 0.142942 -2.94544e-20)
(0.518543 0.0897219 -3.65771e-20)
(0.247906 0.0418436 0)
(0.0679159 0.0118614 4.33021e-19)
(-0.00592366 -0.000634656 -4.78141e-19)
(0.655371 0.129523 -4.23617e-20)
(0.941507 0.183796 4.58668e-20)
(1.24349 0.253541 5.78934e-20)
(1.35088 0.285954 0)
(1.35205 0.301271 6.88666e-20)
(1.30325 0.306972 -6.65041e-20)
(1.24534 0.308449 -6.20015e-20)
(1.18862 0.307175 3.32637e-21)
(1.1323 0.30183 -2.2782e-19)
(1.07691 0.290916 0)
(1.02682 0.273997 2.68502e-21)
(0.991158 0.255161 -8.84358e-22)
(0.9721 0.238985 7.93907e-20)
(0.961084 0.224714 9.54465e-20)
(0.915242 0.20437 1.70429e-19)
(0.752209 0.161099 -6.84306e-20)
(0.485884 0.100195 -3.9856e-20)
(0.228797 0.0463152 3.29428e-19)
(0.0583075 0.0119459 -2.76526e-20)
(-0.0104681 -0.00209173 4.90098e-19)
(0.648101 0.162213 1.77533e-20)
(0.944317 0.232712 -2.481e-22)
(1.25776 0.317229 -4.75671e-20)
(1.3623 0.352921 -5.39207e-20)
(1.35922 0.366029 -5.24014e-20)
(1.30678 0.367355 -8.84975e-20)
(1.24551 0.364273 0)
(1.18496 0.358573 0)
(1.12451 0.348836 -1.24422e-19)
(1.06484 0.33351 0)
(1.01069 0.312317 -2.31241e-19)
(0.971868 0.290019 1.45093e-19)
(0.95052 0.27133 2.74329e-21)
(0.936384 0.254674 1.06878e-19)
(0.886075 0.230455 -5.01569e-19)
(0.723673 0.180886 -2.95694e-19)
(0.468801 0.11332 -3.92868e-19)
(0.224458 0.0532581 8.23521e-19)
(0.058646 0.0135236 9.72587e-19)
(-0.0109034 -0.00294224 -3.55273e-20)
(0.637519 0.191869 0)
(0.939337 0.278667 0)
(1.26314 0.37965 0)
(1.36667 0.419253 4.23724e-20)
(1.36048 0.430385 5.75918e-20)
(1.30539 0.427576 1.2938e-19)
(1.24153 0.420122 -6.66638e-20)
(1.17788 0.410122 1.94822e-19)
(1.11398 0.396055 2.56916e-19)
(1.05058 0.376334 0)
(0.992764 0.350856 -2.48206e-19)
(0.950965 0.325046 1.4945e-19)
(0.927331 0.303808 0)
(0.910515 0.284827 0)
(0.857634 0.257106 -1.3751e-19)
(0.700936 0.202316 2.44331e-19)
(0.459916 0.128688 0)
(0.227535 0.062286 -8.98584e-19)
(0.0648143 0.0169503 1.06435e-18)
(-0.00784669 -0.00275432 -1.24817e-18)
(0.626591 0.21926 -3.95117e-20)
(0.930591 0.321628 -2.72426e-21)
(1.2624 0.439871 4.87533e-21)
(1.36561 0.483783 -1.80231e-20)
(1.35709 0.493261 0)
(1.30004 0.486647 -5.73736e-20)
(1.23413 0.475096 7.08313e-20)
(1.16795 0.461025 2.72227e-19)
(1.1011 0.442823 -1.27384e-19)
(1.03441 0.418852 2.47822e-19)
(0.97325 0.389173 -1.29588e-19)
(0.92866 0.359869 -1.63333e-19)
(0.902836 0.336127 -2.07506e-19)
(0.883657 0.314946 -1.22129e-19)
(0.829586 0.283898 7.44694e-19)
(0.680499 0.224893 4.41046e-19)
(0.454075 0.145554 1.04833e-19)
(0.23318 0.073182 -4.89802e-19)
(0.0736634 0.0221292 -7.22638e-20)
(-0.0028012 -0.00155155 1.36217e-18)
(0.616428 0.2449 -2.61569e-20)
(0.920316 0.361936 0)
(1.25745 0.497452 8.09002e-21)
(1.36049 0.545898 -7.70167e-21)
(1.35011 0.553958 1.11625e-20)
(1.29157 0.543943 -6.29206e-20)
(1.22405 0.528632 -1.30893e-19)
(1.15576 0.510777 -1.39673e-19)
(1.08635 0.488689 -4.19603e-19)
(1.01671 0.460683 -1.26034e-19)
(0.952493 0.426943 1.39243e-19)
(0.905318 0.394262 -3.61053e-19)
(0.877449 0.368109 1.45371e-21)
(0.856216 0.344779 -2.7219e-19)
(0.801737 0.310621 -1.63595e-19)
(0.660358 0.247829 1.91933e-19)
(0.447783 0.163239 3.40215e-19)
(0.238453 0.0850782 0)
(0.0827019 0.028542 -7.87787e-20)
(0.00294826 0.000451981 -1.34546e-18)
(0.60757 0.269156 0)
(0.909827 0.399888 -7.10361e-20)
(1.24984 0.55222 0)
(1.35241 0.605239 -9.92439e-21)
(1.34045 0.61211 4.67988e-20)
(1.28073 0.599066 -3.20836e-21)
(1.21194 0.580361 -1.26518e-20)
(1.14186 0.559046 6.73856e-20)
(1.07021 0.533367 6.91545e-20)
(0.997909 0.501567 8.02385e-20)
(0.930843 0.463959 -8.1166e-22)
(0.881264 0.428044 -1.90613e-19)
(0.8515 0.399509 -2.37144e-19)
(0.828439 0.374023 2.89414e-19)
(0.773753 0.336908 -5.26624e-19)
(0.639735 0.270165 2.0905e-19)
(0.439385 0.18097 -4.94804e-19)
(0.241064 0.0973646 1.168e-18)
(0.0901057 0.0355482 -8.56684e-20)
(0.00834423 0.00291585 -1.00492e-19)
(0.600298 0.292442 -3.47473e-20)
(0.89984 0.435966 -2.73307e-20)
(1.24052 0.604167 -6.47052e-20)
(1.3423 0.661617 -2.45278e-20)
(1.32882 0.667544 1.86148e-20)
(1.26816 0.651781 4.17846e-20)
(1.19835 0.630048 2.05237e-19)
(1.12677 0.605614 3.00742e-19)
(1.05312 0.576659 -8.44958e-20)
(0.978344 0.541342 -2.92852e-19)
(0.908593 0.500073 -3.31753e-19)
(0.856751 0.46099 -4.20792e-19)
(0.825246 0.430058 5.12813e-19)
(0.800508 0.402359 -3.20041e-19)
(0.745608 0.362248 1.94092e-19)
(0.617597 0.291345 -6.82375e-19)
(0.428271 0.197857 5.36934e-19)
(0.240063 0.109052 -6.33559e-19)
(0.0944972 0.0422175 9.29973e-20)
(0.0124118 0.00532127 -1.13123e-23)
(0.594455 0.314933 4.3849e-20)
(0.890688 0.470425 -3.4753e-20)
(1.23049 0.653045 7.94687e-20)
(1.33074 0.715007 2.90674e-20)
(1.3158 0.720184 -2.19784e-20)
(1.25439 0.70198 5.9226e-20)
(1.18376 0.677556 0)
(1.11087 0.650342 1.66433e-19)
(1.03542 0.618441 -7.56794e-20)
(0.958331 0.579905 -2.35594e-19)
(0.886 0.535184 0)
(0.831959 0.492946 2.33103e-19)
(0.798839 0.45958 -2.81741e-19)
(0.772587 0.429619 -1.02878e-18)
(0.717226 0.386135 -2.06128e-19)
(0.593946 0.310904 -3.6777e-21)
(0.414523 0.212905 0)
(0.235462 0.11923 -5.15491e-19)
(0.0953807 0.047738 -1.00635e-19)
(0.0147133 0.00722645 -1.18827e-19)
(0.590013 0.33695 -2.07117e-19)
(0.882474 0.503548 5.98716e-21)
(1.22024 0.699425 5.13479e-20)
(1.31815 0.76552 2.44555e-20)
(1.30188 0.770003 -8.24335e-21)
(1.23986 0.749626 3.18996e-20)
(1.16854 0.722829 7.45027e-20)
(1.09452 0.693159 8.64902e-20)
(1.01743 0.658636 -9.06281e-20)
(0.938139 0.617195 -8.89163e-20)
(0.863256 0.569234 -1.8991e-19)
(0.80702 0.523875 -4.88899e-19)
(0.772375 0.488037 2.43748e-21)
(0.744657 0.455626 0)
(0.688598 0.408417 -4.43604e-19)
(0.568696 0.328368 2.68023e-19)
(0.397995 0.225612 -1.41923e-18)
(0.2275 0.127192 0)
(0.0931418 0.0514986 8.71609e-19)
(0.0152908 0.00833129 0)
(0.586531 0.358472 2.18716e-21)
(0.875197 0.535346 6.5033e-21)
(1.20989 0.743385 -6.05432e-20)
(1.30496 0.813209 0)
(1.28745 0.817037 -1.15057e-20)
(1.2249 0.794728 -3.69489e-20)
(1.15304 0.765855 2.77165e-20)
(1.07803 0.734034 -3.95822e-19)
(0.999408 0.697211 8.62647e-20)
(0.918002 0.653188 0)
(0.84054 0.602215 8.04791e-19)
(0.782055 0.553821 2.61929e-19)
(0.745897 0.515449 1.60593e-19)
(0.716688 0.480189 -7.98681e-19)
(0.659696 0.428718 4.81451e-19)
(0.542268 0.343254 0)
(0.379164 0.235583 6.80223e-19)
(0.216531 0.13268 4.00754e-19)
(0.0883761 0.0533854 9.40884e-19)
(0.0144808 0.00857984 -1.10467e-18)
(0.584187 0.379596 -1.50597e-19)
(0.868919 0.565951 1.15751e-19)
(1.19952 0.785076 1.6734e-19)
(1.29149 0.858122 0)
(1.27281 0.86136 -1.82854e-20)
(1.20981 0.837336 -6.78334e-20)
(1.13751 0.806653 1.24464e-19)
(1.06162 0.772966 -3.70897e-20)
(0.981586 0.734152 2.73284e-19)
(0.89812 0.687882 7.5304e-19)
(0.818023 0.634166 -2.16112e-19)
(0.75716 0.582868 -1.44064e-19)
(0.719382 0.541795 2.17477e-21)
(0.688566 0.503153 -2.17718e-19)
(0.630392 0.446773 -2.24191e-21)
(0.514772 0.355315 -2.55877e-21)
(0.358439 0.242552 -1.83439e-19)
(0.203035 0.135392 6.48821e-19)
(0.0813843 0.0534021 1.26802e-19)
(0.0126921 0.00812538 0)
(0.58226 0.400186 8.98867e-20)
(0.863349 0.595249 -6.93397e-20)
(1.18941 0.824713 -9.55308e-20)
(1.27798 0.900346 0)
(1.25816 0.903072 -1.97578e-20)
(1.1948 0.877516 0)
(1.12215 0.845262 2.49567e-20)
(1.04549 0.809974 2.86652e-19)
(0.964154 0.769471 2.78332e-19)
(0.878677 0.721286 -1.26682e-20)
(0.795871 0.66515 -2.49072e-21)
(0.732423 0.611102 6.02394e-19)
(0.692788 0.567064 -3.77722e-19)
(0.660201 0.524432 -4.70504e-19)
(0.600646 0.462416 -5.64034e-19)
(0.486443 0.364415 -2.32083e-21)
(0.335873 0.246438 1.07694e-21)
(0.187543 0.135338 1.16517e-18)
(0.0727786 0.0515884 -1.09474e-18)
(0.0101985 0.00703503 0)
(0.580784 0.420188 -3.05854e-19)
(0.858463 0.623363 1.68468e-19)
(1.17944 0.862524 2.31402e-19)
(1.2646 0.939999 -3.14299e-19)
(1.2437 0.942268 3.23515e-20)
(1.18004 0.915344 -2.80237e-20)
(1.10712 0.881737 1.49477e-19)
(1.02979 0.845093 5.72415e-20)
(0.947247 0.803181 -2.9623e-19)
(0.859817 0.753411 -4.86389e-20)
(0.774229 0.695227 -1.1644e-19)
(0.707934 0.638599 -4.78309e-19)
(0.666094 0.591323 -8.12661e-19)
(0.631471 0.544058 2.53995e-19)
(0.570334 0.475462 2.99979e-19)
(0.457502 0.370267 -7.2076e-19)
(0.312401 0.247081 8.52636e-19)
(0.170745 0.132489 2.50478e-19)
(0.0634369 0.0482445 -2.93847e-19)
(0.00742085 0.00551731 -6.90641e-19)
(0.579602 0.439588 -2.31603e-19)
(0.854083 0.650389 9.71375e-20)
(1.16973 0.898272 7.13368e-20)
(1.25147 0.977217 -2.24086e-19)
(1.22955 0.979055 -2.24699e-20)
(1.16567 0.950917 -9.51053e-21)
(1.09255 0.916143 -1.33123e-20)
(1.01464 0.878356 -6.87288e-19)
(0.93099 0.835291 -3.52218e-19)
(0.841678 0.784272 -5.08254e-20)
(0.753246 0.724445 0)
(0.683787 0.66544 6.86621e-19)
(0.639286 0.614752 0)
(0.602199 0.562148 -5.37006e-19)
(0.539218 0.48567 0)
(0.428121 0.372463 0)
(0.288764 0.244078 9.57527e-22)
(0.154029 0.126976 -2.69075e-19)
(0.0543911 0.0438031 1.5816e-18)
(0.00477459 0.00382665 1.48421e-18)
(0.57871 0.458296 1.35049e-19)
(0.84997 0.676279 2.14869e-19)
(1.16026 0.932005 -1.54875e-19)
(1.23865 1.01212 3.28124e-19)
(1.21582 1.01354 8.42012e-20)
(1.15178 0.984317 -6.62534e-21)
(1.07853 0.948548 7.84045e-21)
(1.00012 0.909814 3.66885e-20)
(0.915466 0.865839 -4.27846e-19)
(0.824348 0.813879 5.29611e-20)
(0.733048 0.752836 7.17461e-20)
(0.660096 0.691726 -7.31118e-19)
(0.612395 0.637608 0)
(0.572158 0.57889 -2.92983e-19)
(0.506866 0.492877 0)
(0.398124 0.370415 -4.17533e-19)
(0.265618 0.236553 -9.85738e-19)
(0.13915 0.118386 -2.89888e-19)
(0.0473719 0.0385633 3.40197e-19)
(0.00285516 0.00229023 -9.96385e-19)
(0.577685 0.476233 0)
(0.846031 0.700997 0)
(1.15109 0.963779 2.68661e-19)
(1.22621 1.04483 2.20521e-19)
(1.20257 1.04583 0)
(1.13842 1.01564 7.4396e-22)
(1.0651 0.979019 0)
(0.986295 0.93951 -3.84999e-19)
(0.900738 0.894846 -1.09992e-20)
(0.807915 0.84224 1.00538e-18)
(0.713737 0.780395 1.22607e-18)
(0.636998 0.717558 -7.76735e-19)
(0.585495 0.660182 -8.70903e-19)
(0.541164 0.594528 0)
(0.472709 0.497218 -1.13974e-18)
(0.366733 0.363623 -9.01428e-19)
(0.243019 0.222602 5.32057e-19)
(0.128848 0.10405 6.21389e-19)
(0.047522 0.0302477 3.63797e-19)
(0.00591278 0.00129854 -1.06895e-18)
(0.576959 0.49354 1.69875e-19)
(0.842413 0.724499 1.34174e-19)
(1.14217 0.993631 -1.99136e-19)
(1.21415 1.07542 1.98044e-19)
(1.18985 1.07604 0)
(1.12567 1.04498 -2.12977e-21)
(1.05232 1.00764 8.43232e-20)
(0.973197 0.967498 -3.07086e-19)
(0.886842 0.922336 0)
(0.792431 0.869354 1.98966e-18)
(0.695423 0.80711 -1.21882e-18)
(0.614657 0.743038 6.17347e-19)
(0.558695 0.682731 2.85477e-22)
(0.509173 0.609344 -1.50054e-18)
(0.436208 0.499349 -2.05414e-19)
(0.332101 0.352156 -4.85769e-19)
(0.218444 0.199566 5.71211e-19)
(0.122976 0.0747705 0)
(0.0667436 0.00387755 0)
(0.0434076 0.00195785 0)
(0.575985 0.509945 3.83297e-19)
(0.838889 0.747012 4.67093e-19)
(1.13353 1.02172 1.15744e-19)
(1.20243 1.10409 0)
(1.17764 1.1044 2.5681e-19)
(1.11346 1.07261 -1.53015e-20)
(1.04009 1.03468 -1.21217e-20)
(0.960714 0.994098 -6.32963e-19)
(0.873627 0.94865 3.75884e-19)
(0.777699 0.895587 1.00236e-20)
(0.677879 0.833368 -8.40139e-21)
(0.592857 0.768747 0)
(0.531637 0.706021 -1.03746e-18)
(0.475635 0.623902 -3.25479e-19)
(0.396198 0.500504 0)
(0.290814 0.33746 0)
(0.183273 0.167319 0)
(0.103094 0.0218698 -2.29159e-21)
(0.0616336 -0.00768079 -7.49517e-19)
(-0.0218875 0.186347 6.39782e-19)
(0.575056 0.525726 3.17741e-19)
(0.835321 0.768445 2.64361e-19)
(1.12514 1.04828 1.31458e-19)
(1.19096 1.13122 3.12177e-19)
(1.16579 1.13142 -3.5761e-20)
(1.10157 1.09916 1.03305e-19)
(1.02813 1.0609 1.14464e-20)
(0.948499 1.02018 3.20929e-19)
(0.860651 0.974816 5.85848e-20)
(0.763168 0.922155 -8.86201e-19)
(0.660346 0.860578 0)
(0.570563 0.796322 8.07194e-19)
(0.502722 0.731683 0)
(0.438547 0.639339 -1.15094e-18)
(0.350003 0.501704 3.99385e-19)
(0.237205 0.322358 9.68072e-19)
(0.12224 0.135282 -5.64968e-19)
(0.0400327 0.168491 -6.5354e-19)
(0.0111357 1.01203 3.82235e-19)
(0.0424537 2.42739 8.56822e-19)
(0.574444 0.540983 2.3988e-19)
(0.831661 0.788916 0)
(1.11712 1.07333 -2.88712e-19)
(1.17972 1.1567 -4.41654e-19)
(1.15442 1.157 -4.63251e-20)
(1.09016 1.12445 1.21378e-20)
(1.01662 1.08604 -4.06078e-20)
(0.936737 1.04543 -2.8584e-19)
(0.848171 1.00042 2.21978e-20)
(0.749188 0.948553 -1.0095e-18)
(0.64336 0.888184 -1.24671e-18)
(0.548571 0.825253 6.93274e-19)
(0.472863 0.759595 1.04452e-18)
(0.399079 0.655344 -1.6886e-19)
(0.300184 0.502952 -8.13188e-19)
(0.171925 0.314017 4.69587e-19)
(0.0682515 0.384279 5.60358e-19)
(0.0772721 1.78928 3.30307e-19)
(0.104941 2.95933 -3.70137e-19)
(0.106507 3.33304 -5.28976e-19)
(0.575234 0.556557 0)
(0.827066 0.808275 -4.01752e-19)
(1.10924 1.09688 0)
(1.16859 1.18045 -4.51942e-20)
(1.14362 1.18129 4.76949e-20)
(1.0794 1.14861 -4.35085e-20)
(1.0058 1.1102 1.96358e-20)
(0.925468 1.06986 1.17168e-20)
(0.836261 1.02547 4.22623e-19)
(0.735851 0.974757 -1.9122e-18)
(0.627104 0.916195 0)
(0.52722 0.855534 -7.99023e-19)
(0.442694 0.790259 1.03782e-18)
(0.357257 0.671752 0)
(0.242241 0.499935 -1.32577e-18)
(0.124179 0.499611 -4.58187e-19)
(0.11523 1.83339 5.62688e-19)
(0.158322 3.11563 9.26153e-19)
(0.146813 3.38683 3.15199e-19)
(0.12941 3.44275 -4.36867e-19)
(0.560646 0.571445 -2.13497e-19)
(0.784492 0.789112 2.00442e-19)
(1.08844 1.11088 3.45211e-19)
(1.15635 1.20093 2.67525e-19)
(1.13199 1.20299 6.74271e-20)
(1.06814 1.1703 1.97006e-20)
(0.99538 1.13298 -3.2004e-21)
(0.914355 1.093 3.89786e-19)
(0.824516 1.0494 -3.73584e-19)
(0.7227 1.0001 9.65462e-19)
(0.6112 0.94393 -6.08097e-20)
(0.506373 0.886413 9.88675e-20)
(0.412621 0.82243 -1.38422e-19)
(0.311721 0.686314 -1.69015e-19)
(0.224497 0.544107 -3.61188e-19)
(0.129511 1.11216 -2.22544e-19)
(0.204086 3.09086 6.07473e-19)
(0.209344 3.40385 -4.0682e-20)
(0.184444 3.4521 -4.25005e-19)
(0.151756 3.47034 -5.23316e-19)
(0.271762 0.263932 2.56817e-19)
(0.972516 1.00688 0)
(1.13114 1.19313 6.33973e-20)
(1.14297 1.23164 4.45849e-20)
(1.09112 1.21232 1.59948e-19)
(1.02137 1.17613 0)
(0.945186 1.13792 -2.35192e-22)
(0.859984 1.09723 -1.52965e-20)
(0.763853 1.05261 0)
(0.653233 1.00181 -9.09483e-19)
(0.539787 0.948256 0)
(0.436711 0.89328 -9.55157e-20)
(0.324356 0.794993 0)
(0.22286 0.743529 -1.56776e-19)
(0.19337 1.78925 0)
(0.250531 3.13053 0)
(0.248924 3.423 3.45751e-19)
(0.221851 3.47161 -4.17644e-19)
(0.194329 3.4916 -5.30104e-19)
(0.175414 3.53168 1.5542e-19)
(0.275286 0.264853 -1.29198e-19)
(0.970339 1.02723 4.89514e-21)
(1.12218 1.21456 -2.91572e-19)
(1.13122 1.25285 -3.66696e-19)
(1.07913 1.23327 2.45075e-19)
(1.00914 1.19728 -1.46048e-20)
(0.932879 1.15953 -1.95523e-20)
(0.847315 1.11957 -3.30672e-20)
(0.750393 1.07621 -3.84723e-19)
(0.638057 1.02777 8.58393e-19)
(0.52138 0.978483 1.03677e-18)
(0.412276 0.926441 -8.67608e-19)
(0.288315 0.833954 -1.24442e-19)
(0.229701 1.12878 0)
(0.285297 2.8186 1.86505e-20)
(0.329966 3.40643 0)
(0.289986 3.48904 -2.68786e-19)
(0.253801 3.51883 -4.74861e-19)
(0.212359 3.54715 -1.07028e-19)
(0.192012 3.59712 4.21979e-20)
(0.257357 0.25983 -2.83599e-19)
(0.967117 1.05129 -4.34992e-19)
(1.11379 1.23911 7.85162e-20)
(1.12075 1.27745 0)
(1.06846 1.25745 2.57357e-19)
(0.998563 1.22161 -1.00324e-20)
(0.922112 1.18405 2.69429e-21)
(0.83651 1.14492 1.72039e-20)
(0.739268 1.10309 3.66225e-19)
(0.625917 1.05756 -9.24637e-19)
(0.506908 1.01331 1.067e-18)
(0.393341 0.963964 7.03977e-19)
(0.286224 0.921109 0)
(0.287601 1.79419 -5.30259e-19)
(0.374637 3.27778 -4.9782e-19)
(0.379601 3.49935 2.59931e-19)
(0.331334 3.53499 0)
(0.288114 3.56344 1.37214e-19)
(0.233412 3.61673 0)
(0.20459 3.66749 0)
(0.244482 0.260167 0)
(0.96206 1.07723 2.1738e-19)
(1.10433 1.2651 4.40831e-19)
(1.10905 1.30276 3.96317e-19)
(1.05663 1.28237 1.77913e-19)
(0.986936 1.24652 -3.71443e-19)
(0.910659 1.20924 -1.35512e-20)
(0.825246 1.17084 0)
(0.727921 1.13053 -3.3827e-20)
(0.613969 1.08793 7.84476e-19)
(0.493492 1.0489 9.90038e-19)
(0.37269 1.00092 8.452e-20)
(0.294954 1.09515 8.59313e-19)
(0.365693 2.55494 -5.85546e-19)
(0.453267 3.44562 -3.86049e-19)
(0.4166 3.54664 0)
(0.381484 3.58487 0)
(0.332115 3.64649 -1.90707e-20)
(0.282004 3.65572 -1.00288e-19)
(0.215496 3.57823 4.93023e-19)
(0.235567 0.263205 -2.78345e-19)
(0.954837 1.10401 4.17282e-19)
(1.09327 1.29224 -1.55983e-19)
(1.09606 1.32894 -3.88544e-19)
(1.04363 1.30798 -2.36319e-19)
(0.974334 1.27203 -2.14326e-19)
(0.89851 1.23501 -3.38573e-20)
(0.813497 1.19727 2.24081e-20)
(0.716364 1.1584 3.11198e-19)
(0.602237 1.11871 -6.95634e-19)
(0.481108 1.08475 5.21597e-20)
(0.362384 1.04654 7.78297e-20)
(0.330728 1.41819 6.82052e-19)
(0.451395 3.11276 -1.76443e-19)
(0.516332 3.5172 2.731e-19)
(0.463408 3.57562 0)
(0.434472 3.65419 0)
(0.421139 3.66476 0)
(0.386551 3.55299 3.38987e-19)
(0.186731 2.47454 4.72581e-19)
(0.22911 0.268188 -5.3308e-19)
(0.945831 1.13159 0)
(1.08065 1.32047 3.00104e-19)
(1.08195 1.3563 -3.00565e-19)
(1.02972 1.33457 3.02048e-19)
(0.96104 1.29836 2.5344e-19)
(0.885875 1.26146 -7.49942e-20)
(0.801508 1.22426 9.24131e-20)
(0.704914 1.18676 3.44223e-20)
(0.591123 1.14992 -7.05661e-19)
(0.46999 1.12063 -8.06802e-19)
(0.361993 1.10799 5.77797e-19)
(0.388663 1.86043 1.29178e-18)
(0.530994 3.36322 0)
(0.564535 3.55452 1.16097e-19)
(0.519212 3.61042 0)
(0.495118 3.65573 4.94221e-20)
(0.463055 3.5387 -1.03239e-19)
(0.479429 2.978 -2.30413e-19)
(0.169082 1.16442 -2.71601e-19)
(0.224604 0.274175 0)
(0.935245 1.16001 6.2208e-19)
(1.06654 1.34983 1.53376e-19)
(1.06674 1.38488 -3.10419e-19)
(1.01495 1.36226 -6.62059e-20)
(0.94713 1.32563 -2.31132e-19)
(0.872854 1.28866 -7.0735e-20)
(0.789406 1.25186 -7.81945e-20)
(0.693722 1.21559 0)
(0.580794 1.18142 4.8089e-19)
(0.460758 1.15634 -7.22951e-19)
(0.369372 1.19818 6.04071e-20)
(0.459471 2.35447 -1.28857e-19)
(0.601814 3.47703 8.61419e-20)
(0.602714 3.57692 5.00524e-20)
(0.571712 3.62602 0)
(0.53757 3.57645 -1.88365e-19)
(0.47432 3.07642 -1.37836e-19)
(0.142825 0.969679 0)
(-0.111676 -0.157007 -1.2826e-19)
(0.220846 0.281065 -2.54499e-19)
(0.92299 1.18944 -6.02264e-19)
(1.05076 1.38054 5.84543e-19)
(1.05009 1.41499 9.43612e-20)
(0.998938 1.39155 -1.28304e-19)
(0.93218 1.35451 2.8316e-19)
(0.859026 1.31748 4.97092e-20)
(0.776774 1.28113 -1.24592e-21)
(0.682363 1.2462 -1.47086e-19)
(0.570829 1.21493 -6.61319e-20)
(0.453112 1.19472 1.16965e-18)
(0.390548 1.34305 0)
(0.540718 2.83928 4.33669e-19)
(0.663299 3.53185 1.48365e-19)
(0.63552 3.59775 -2.15046e-20)
(0.614808 3.598 0)
(0.533022 3.28038 0)
(0.263506 1.62976 0)
(-0.07076 -0.0701077 -6.05568e-19)
(-0.0676806 -0.103012 3.57498e-19)
(0.216912 0.288111 -4.19795e-22)
(0.908906 1.21987 3.89086e-19)
(1.03321 1.41265 2.92634e-19)
(1.03185 1.44657 7.93717e-19)
(0.981527 1.42236 5.60191e-21)
(0.916096 1.38492 6.54109e-20)
(0.844337 1.34787 -1.53824e-19)
(0.763611 1.31203 3.70092e-20)
(0.670894 1.27854 -7.85726e-20)
(0.561351 1.2503 -1.80375e-20)
(0.448016 1.23793 5.44258e-19)
(0.427876 1.55646 -2.17093e-19)
(0.622133 3.19651 0)
(0.7127 3.56433 -6.00647e-20)
(0.676557 3.59713 4.53004e-20)
(0.62864 3.48117 -2.04818e-19)
(0.423418 2.44001 -1.89827e-19)
(0.0158549 0.153459 0)
(-0.0986992 -0.165617 -1.29535e-19)
(-0.0429905 -0.0646131 0)
(0.212262 0.295053 -7.33202e-19)
(0.892753 1.25106 3.77918e-19)
(1.01366 1.44602 -2.89269e-19)
(1.01188 1.47955 0)
(0.962611 1.45461 -1.25081e-19)
(0.898771 1.41679 2.95046e-19)
(0.828723 1.37975 -1.15055e-19)
(0.749891 1.34445 8.96789e-20)
(0.659354 1.31248 -4.5447e-20)
(0.552492 1.28734 -2.53565e-19)
(0.446839 1.28938 3.36816e-19)
(0.482799 1.84936 0)
(0.695174 3.3923 2.56751e-19)
(0.750117 3.58238 1.86026e-20)
(0.709959 3.56503 9.20792e-20)
(0.592307 3.12067 -1.26767e-19)
(0.168623 0.84213 0)
(-0.0883096 -0.136459 -3.06538e-19)
(-0.0944199 -0.157762 2.63078e-23)
(-0.0316619 -0.0473434 0)
(0.206163 0.301418 -4.75916e-19)
(0.874258 1.28279 -3.74313e-19)
(0.991897 1.48059 2.80674e-19)
(0.989987 1.51383 -6.55989e-21)
(0.942058 1.4882 -1.17184e-19)
(0.880123 1.45002 -3.25037e-19)
(0.812129 1.41301 3.74316e-20)
(0.735612 1.37829 -3.37133e-20)
(0.647808 1.34786 -2.2559e-20)
(0.544434 1.32585 -1.36638e-19)
(0.451293 1.35376 0)
(0.549825 2.18994 -1.40526e-19)
(0.759737 3.49794 -6.39923e-20)
(0.784739 3.58305 -2.90004e-20)
(0.724219 3.45817 -1.7795e-19)
(0.463288 2.34734 -1.21275e-19)
(0.000584037 0.0354122 3.1517e-19)
(-0.0903834 -0.176628 -1.83095e-19)
(-0.0751687 -0.135061 5.62313e-20)
(-0.0220249 -0.0348597 -6.41254e-20)
(0.198539 0.306552 -4.62291e-19)
(0.852942 1.3147 0)
(0.967655 1.51622 1.19428e-20)
(0.965982 1.54924 2.04668e-19)
(0.919726 1.52298 -2.57674e-19)
(0.860046 1.48446 2.60292e-19)
(0.794512 1.44749 0)
(0.720777 1.41337 0)
(0.636297 1.38448 -2.96496e-20)
(0.537378 1.3657 -1.44786e-19)
(0.462923 1.43695 -1.34729e-19)
(0.627217 2.57758 2.2784e-20)
(0.813279 3.54629 -8.55224e-21)
(0.811727 3.56639 8.43557e-20)
(0.698341 3.20582 0)
(0.226778 1.05111 7.17681e-19)
(-0.104488 -0.129872 4.45877e-19)
(-0.103237 -0.17545 3.4365e-19)
(-0.0691859 -0.117188 0)
(-0.0177885 -0.0285928 -5.86314e-20)
(0.18914 0.309748 6.79938e-19)
(0.828454 1.34599 -3.55852e-19)
(0.940591 1.55261 -2.7149e-19)
(0.939637 1.58552 -1.47954e-20)
(0.895458 1.55871 1.33682e-19)
(0.83844 1.51987 5.1789e-19)
(0.775826 1.48295 -1.93609e-19)
(0.705383 1.44944 -1.94685e-19)
(0.624849 1.42207 -6.78662e-20)
(0.531522 1.40676 2.4291e-20)
(0.482588 1.54542 -5.26952e-20)
(0.7054 2.92437 4.84124e-20)
(0.855066 3.56288 -6.92993e-20)
(0.825608 3.51293 1.07134e-19)
(0.61032 2.70822 1.86519e-19)
(0.0650594 0.138502 1.17355e-19)
(-0.0990447 -0.195048 -2.70067e-19)
(-0.0915787 -0.175314 0)
(-0.0583797 -0.106838 -3.77896e-19)
(-0.0143498 -0.0246858 1.08778e-19)
(0.178005 0.310283 2.23864e-19)
(0.80006 1.3756 -3.58878e-19)
(0.910438 1.58916 -1.45201e-20)
(0.910713 1.62228 -1.9114e-19)
(0.869107 1.59504 2.61534e-19)
(0.815197 1.55592 1.65128e-19)
(0.756002 1.51907 0)
(0.689404 1.48618 -6.61055e-20)
(0.613454 1.46031 -1.3623e-19)
(0.527023 1.44902 0)
(0.511084 1.67985 -4.61639e-21)
(0.77818 3.19642 -8.45461e-21)
(0.886696 3.56455 1.28694e-19)
(0.821489 3.3976 0)
(0.460189 1.99214 0)
(-0.102835 -0.0791691 1.06728e-19)
(-0.115952 -0.202396 -3.16759e-19)
(-0.0857454 -0.1685 -2.94978e-19)
(-0.047552 -0.0928794 -4.39457e-19)
(-0.0103811 -0.0190867 0)
(0.164622 0.306771 -2.21059e-19)
(0.767167 1.40228 -1.75251e-19)
(0.876879 1.62485 -5.30014e-19)
(0.878978 1.659 0)
(0.840507 1.63153 0)
(0.790214 1.5922 1.69546e-19)
(0.734973 1.55545 -1.29929e-20)
(0.672825 1.52312 -6.70723e-20)
(0.602095 1.49873 -7.38459e-21)
(0.523852 1.49286 2.95303e-19)
(0.54735 1.83569 -1.07752e-19)
(0.835164 3.35768 3.06238e-20)
(0.91062 3.55635 -8.34908e-20)
(0.791236 3.20404 3.71391e-19)
(0.279475 1.07604 2.58535e-19)
(-0.117055 -0.158215 1.00333e-19)
(-0.119238 -0.238556 0)
(-0.0772085 -0.177289 2.10647e-19)
(-0.0360604 -0.082643 -4.12632e-20)
(-0.00710594 -0.0145214 3.31052e-19)
(0.148501 0.299225 0)
(0.729062 1.42398 1.65138e-19)
(0.839734 1.65865 7.60643e-19)
(0.844285 1.69491 -1.9074e-19)
(0.809527 1.66757 -2.69105e-19)
(0.763401 1.62815 -1.72714e-19)
(0.712678 1.59157 0)
(0.655588 1.55975 -1.51789e-19)
(0.590717 1.53666 -4.0454e-20)
(0.521596 1.53832 8.96765e-20)
(0.588063 2.00453 0)
(0.881071 3.45018 0)
(0.924845 3.53581 9.41865e-20)
(0.735971 2.92992 1.24424e-19)
(0.114004 0.318102 -3.16913e-19)
(-0.0994371 -0.199317 -4.75225e-19)
(-0.112371 -0.259772 0)
(-0.0627826 -0.172095 -6.61476e-20)
(-0.0182605 -0.0592743 0)
(-0.00185967 -0.0055364 -4.4685e-20)
(0.129972 0.285549 6.12592e-19)
(0.685293 1.43749 0)
(0.798649 1.68902 0)
(0.806586 1.72908 5.61305e-19)
(0.776118 1.7024 2.58856e-19)
(0.734745 1.66309 -1.84185e-19)
(0.689075 1.62683 2.47667e-19)
(0.637615 1.59547 1.51581e-19)
(0.579224 1.57338 -1.87806e-19)
(0.520121 1.58474 -6.49978e-20)
(0.63008 2.17295 2.47529e-19)
(0.917264 3.49907 -1.40039e-19)
(0.928541 3.50283 0)
(0.65267 2.5888 -1.3209e-19)
(0.00974217 0.114824 -8.15371e-20)
(-0.122979 -0.307238 2.00123e-21)
(-0.0881742 -0.32504 3.81316e-19)
(-0.0217606 -0.177619 3.2051e-19)
(0.0207267 -0.0160337 3.68888e-20)
(0.0103944 0.0177836 -3.00483e-19)
(0.109882 0.264355 0)
(0.635479 1.43899 -7.59572e-19)
(0.754026 1.71372 -2.3919e-19)
(0.765886 1.76033 -1.88341e-20)
(0.740379 1.73517 5.10046e-19)
(0.70428 1.69626 -1.87112e-19)
(0.664186 1.66054 -2.51062e-19)
(0.618798 1.62968 3.32961e-19)
(0.567449 1.60827 2.63526e-19)
(0.519449 1.63019 1.48412e-19)
(0.670397 2.33226 -6.15819e-20)
(0.946656 3.52351 -7.77539e-20)
(0.930711 3.45833 0)
(0.563011 2.24586 0)
(-0.0323049 -0.0262373 -8.30915e-20)
(-0.0690465 -0.444707 1.97709e-19)
(-0.0297849 -0.376875 1.13339e-19)
(0.0430203 -0.114276 2.06235e-19)
(0.0749646 0.101157 3.77529e-20)
(0.0308826 0.074711 4.65086e-20)
(0.0882553 0.23492 9.33011e-20)
(0.579416 1.42291 1.46457e-19)
(0.705426 1.73014 -2.27532e-19)
(0.722479 1.78705 1.94358e-21)
(0.702605 1.76481 1.26102e-19)
(0.672212 1.72685 -3.59364e-19)
(0.638102 1.69196 0)
(0.599078 1.6617 1.72405e-19)
(0.555069 1.64073 -1.10719e-19)
(0.518534 1.67182 1.50435e-19)
(0.704702 2.46656 1.97449e-19)
(0.971964 3.53248 -9.425e-20)
(0.944746 3.40967 6.48308e-21)
(0.501803 1.96027 -1.88331e-19)
(-0.127402 -0.307778 -9.08949e-20)
(-0.131447 -0.523041 0)
(-0.0511614 -0.278277 -6.11226e-20)
(0.0158915 0.0852048 -6.98876e-20)
(0.0457845 0.209171 0)
(0.0163457 0.0616544 -7.25938e-19)
(0.0645024 0.197064 6.97218e-19)
(0.515616 1.38306 -1.11239e-20)
(0.652408 1.73385 9.65479e-19)
(0.676916 1.80766 0)
(0.663479 1.79031 2.46113e-19)
(0.638943 1.75399 -1.74715e-19)
(0.611046 1.72039 0)
(0.578467 1.69089 -9.07148e-20)
(0.541627 1.67003 1.2774e-19)
(0.514813 1.70665 0)
(0.725906 2.55441 -7.17821e-20)
(0.989323 3.52755 1.73558e-19)
(0.974844 3.34908 1.10758e-19)
(0.543436 1.81746 -9.50188e-20)
(-0.119458 -0.410535 0)
(-0.145172 -0.527901 -1.4015e-20)
(-0.0496277 -0.155888 1.6336e-19)
(0.0108575 0.105988 -2.76421e-20)
(0.0275341 0.127591 5.18943e-19)
(0.0006507 0.00362988 6.33103e-19)
(0.0428191 0.150389 7.18573e-19)
(0.441909 1.30948 -1.29028e-19)
(0.594326 1.71953 0)
(0.630421 1.82004 -1.19149e-20)
(0.624001 1.81101 -4.52442e-19)
(0.605166 1.77695 0)
(0.583396 1.74514 2.35338e-21)
(0.557062 1.71674 -8.2771e-20)
(0.527086 1.69563 0)
(0.505965 1.73289 -1.72889e-19)
(0.716081 2.58876 1.17612e-19)
(0.975788 3.50307 -7.43475e-20)
(0.963248 3.27866 1.49635e-19)
(0.611017 1.76844 2.14423e-20)
(0.0527986 -0.369519 3.43982e-20)
(-0.0422449 -0.487612 -2.40152e-20)
(0.033416 -0.133008 -1.43123e-19)
(0.078881 0.127041 0)
(0.0617785 0.144243 -5.10146e-20)
(0.0129831 0.0373754 4.53041e-22)
(0.0237053 0.0986115 7.10755e-20)
(0.361762 1.18743 4.65927e-19)
(0.530972 1.67682 7.33904e-19)
(0.58378 1.82194 -2.09162e-19)
(0.585099 1.82591 0)
(0.571811 1.79534 -7.95506e-20)
(0.555637 1.76576 -1.18418e-19)
(0.535196 1.73877 -1.64418e-19)
(0.511578 1.7178 2.36428e-19)
(0.492908 1.7525 -8.33787e-20)
(0.680291 2.56538 -7.06375e-20)
(0.917507 3.48666 1.19663e-19)
(0.838956 3.24093 1.7296e-20)
(0.490698 1.6425 3.64064e-20)
(-0.0344721 -0.126348 5.34208e-20)
(-0.131025 -0.380957 0)
(-0.0434489 -0.131465 8.17759e-20)
(0.055926 0.181713 -1.70725e-19)
(0.06247 0.231247 -3.65701e-19)
(0.0264947 0.113537 2.26254e-19)
(0.00964584 0.0488674 0)
(0.276338 1.0035 -5.21285e-20)
(0.463489 1.59074 0)
(0.536729 1.80661 -7.79847e-22)
(0.547303 1.83254 -9.81131e-20)
(0.53997 1.8094 7.21307e-20)
(0.528425 1.78211 0)
(0.513444 1.7566 8.19098e-20)
(0.495165 1.73744 5.77887e-20)
(0.477943 1.76742 0)
(0.634567 2.50762 7.15176e-20)
(0.839861 3.52919 7.65112e-20)
(0.70797 3.36346 9.91305e-21)
(0.307522 1.81408 0)
(-0.272703 0.0993064 3.40059e-20)
(-0.395248 -0.452651 -2.14089e-19)
(-0.291077 -0.421593 9.83722e-21)
(-0.080773 0.0111146 0)
(0.00637293 0.181193 1.48212e-20)
(0.0186193 0.131531 1.73195e-20)
(0.00185634 0.00973719 1.7831e-22)
(0.182839 0.729727 2.10777e-19)
(0.390456 1.44235 0)
(0.488495 1.76349 5.91494e-20)
(0.512198 1.83117 1.79834e-19)
(0.510605 1.82039 0)
(0.502335 1.79417 -1.03814e-19)
(0.492184 1.77038 7.29774e-20)
(0.481569 1.75181 0)
(0.47056 1.77796 -3.68527e-20)
(0.608171 2.37546 -3.38897e-20)
(0.898136 3.56815 -4.40551e-20)
(0.875351 3.65862 2.21393e-20)
(0.4806 2.49894 -1.1677e-19)
(-0.138267 0.757706 0)
(-0.45504 -0.367798 -2.83321e-19)
(-0.531145 -0.777124 3.48293e-19)
(-0.380363 -0.622684 -4.0334e-19)
(-0.0966236 -0.0833198 4.41053e-19)
(0.00751872 0.0792697 1.01843e-18)
(-0.000281144 -0.0143503 -1.95795e-19)
(0.090374 0.388445 -3.17078e-20)
(0.299085 1.18062 -2.57246e-20)
(0.437824 1.67887 0)
(0.478831 1.82045 -2.12535e-20)
(0.483026 1.82806 1.54947e-20)
(0.47687 1.80244 -2.43023e-20)
(0.471103 1.77863 1.82758e-20)
(0.467076 1.7589 1.28176e-20)
(0.473712 1.76866 -1.85882e-20)
(0.596671 2.11613 -1.68013e-20)
(1.01771 3.40876 2.5934e-20)
(1.16754 3.62783 5.86728e-20)
(1.14659 3.24867 -3.91934e-20)
(0.637579 1.65456 1.35016e-19)
(0.101324 0.339953 1.49506e-20)
(-0.216691 -0.801784 -1.79923e-19)
(-0.391365 -1.3764 1.38704e-19)
(-0.264115 -1.51211 -2.60209e-20)
(-0.0524757 -0.432111 1.95639e-19)
(0.00177551 -0.0349473 -2.35616e-33)
(0.0319815 0.115828 3.96314e-33)
(0.173598 0.740116 3.30677e-33)
(0.365271 1.48964 0)
(0.441721 1.78298 0)
(0.453809 1.82635 8.56421e-34)
(0.451274 1.80865 0)
(0.447238 1.78201 0)
(0.446994 1.75639 -8.2515e-34)
(0.468318 1.74457 0)
(0.518153 1.89735 0)
(0.95535 3.00545 0)
(1.22568 3.42891 0)
(1.29239 3.27966 0)
(1.2115 2.64607 0)
(0.822341 1.38097 0)
(0.502604 0.31751 0)
(0.307474 -0.525784 0)
(0.115142 -1.34836 0)
(-0.0123147 -0.986574 0)
(-2.93276e-05 -0.0536214 0)
(0.0102991 -0.0193913 0)
(0.0678525 0.288541 0)
(0.25792 1.13146 0)
(0.389973 1.68256 0)
(0.421718 1.81648 0)
(0.423745 1.81503 0)
(0.419902 1.78352 0)
(0.423472 1.75021 0)
(0.440604 1.72431 0)
(0.483304 1.79138 0)
(0.781311 2.59754 0)
(1.09753 3.28812 0)
(1.16238 3.22644 0)
(1.13834 2.89517 0)
(0.905275 2.01989 0)
(0.613314 0.973898 0)
(0.386086 0.0751371 0)
(0.175548 -0.735816 0)
(0.0267051 -0.72338 0)
(-0.000490101 -0.0578408 0)
(0.00265637 -0.0689648 0)
(0.0267786 0.077853 0)
(0.149399 0.708981 0)
(0.32385 1.50718 0)
(0.384217 1.78855 0)
(0.390948 1.81441 0)
(0.389505 1.78313 0)
(0.390714 1.74652 0)
(0.405708 1.70167 0)
(0.455541 1.71827 0)
(0.586708 2.19603 0)
(0.884569 3.12236 0)
(0.921452 3.1785 0)
(0.906044 3.0168 0)
(0.769989 2.45217 0)
(0.550413 1.51628 0)
(0.347691 0.672359 0)
(0.159159 -0.13325 0)
(0.024022 -0.308627 0)
(-0.000172124 -0.0569206 0)
(0.00204173 -0.0918319 0)
(0.01661 -0.0253151 0)
(0.073083 0.344621 0)
(0.24867 1.26485 0)
(0.339366 1.73563 0)
(0.353063 1.80983 0)
(0.352613 1.7861 0)
(0.352644 1.7413 0)
(0.363112 1.67684 0)
(0.393591 1.6714 0)
(0.451194 1.95234 0)
(0.678631 2.97751 0)
(0.691233 3.18362 0)
(0.657092 3.13531 0)
(0.55795 2.80144 0)
(0.376701 1.96698 0)
(0.217966 1.16014 0)
(0.096334 0.335908 0)
(0.00852003 -0.00801934 0)
(7.66045e-05 -0.0602012 0)
(0.000271575 -0.11101 0)
(0.0117151 -0.0888459 0)
(0.0445068 0.147258 0)
(0.172842 0.991022 0)
(0.285759 1.6557 0)
(0.309515 1.80211 0)
(0.310351 1.79058 0)
(0.309052 1.73582 0)
(0.30837 1.66533 0)
(0.329003 1.6413 0)
(0.349606 1.84344 0)
(0.520757 2.85944 0)
(0.534947 3.21962 0)
(0.498506 3.24498 0)
(0.440727 3.07896 0)
(0.296475 2.34792 0)
(0.175348 1.50683 0)
(0.0781355 0.677826 0)
(0.00441178 0.143797 0)
(-0.0066469 -0.0356436 0)
(-0.0237025 -0.102295 0)
(-0.0251579 -0.133001 0)
(0.00214721 0.0369826 0)
(0.0999534 0.741893 0)
(0.225054 1.55083 0)
(0.2633 1.78904 0)
(0.26443 1.79374 0)
(0.257459 1.7362 0)
(0.249675 1.6609 0)
(0.262632 1.62535 0)
(0.26283 1.78758 0)
(0.391515 2.77232 0)
(0.429649 3.23639 0)
(0.408809 3.29311 0)
(0.393337 3.20393 0)
(0.317115 2.63516 0)
(0.211425 1.80284 0)
(0.100916 1.02237 0)
(0.00811555 0.312568 0)
(-0.0116602 0.0502173 0)
(-0.0323512 -0.0486926 0)
(-0.0245312 -0.146692 0)
(-0.00263807 -0.0573152 0)
(0.0565123 0.503735 0)
(0.180504 1.42505 0)
(0.222505 1.77393 0)
(0.214283 1.79982 0)
(0.202189 1.74269 0)
(0.192425 1.66415 0)
(0.193389 1.62194 0)
(0.180071 1.73949 0)
(0.291091 2.6739 0)
(0.341002 3.23138 0)
(0.327085 3.30612 0)
(0.324649 3.24815 0)
(0.290861 2.83156 0)
(0.203888 2.0932 0)
(0.0966716 1.41137 0)
(0.00587043 0.516471 0)
(9.95165e-05 0.0829231 0)
(0.0503134 -0.126936 0)
(0.136241 -0.263689 0)
(0.184883 -0.117185 0)
(0.139235 0.354566 0)
(0.18382 1.30533 0)
(0.186829 1.77123 0)
(0.159026 1.81174 0)
(0.142947 1.75142 0)
(0.132425 1.66889 0)
(0.123066 1.62691 0)
(0.112259 1.71714 0)
(0.201057 2.57661 0)
(0.260535 3.20473 0)
(0.254459 3.31299 0)
(0.246078 3.27902 0)
(0.219064 2.96647 0)
(0.150072 2.34819 0)
(0.0622558 1.75758 0)
(0.000208185 0.653794 0)
(0.0302456 -0.119115 0)
(0.156838 -0.516868 0)
(0.242119 -0.488541 0)
(0.249403 -0.0829413 0)
(0.181828 0.485647 0)
(0.137762 1.30313 0)
(0.115334 1.79901 0)
(0.0886781 1.83102 0)
(0.0770094 1.75916 0)
(0.073526 1.67499 0)
(0.064662 1.63379 0)
(0.0582385 1.70668 0)
(0.116618 2.4519 0)
(0.19346 3.18518 0)
(0.185921 3.33029 0)
(0.176241 3.31719 0)
(0.152452 3.07434 0)
(0.0976745 2.55226 0)
(0.0314671 2.01944 0)
(-0.00247116 0.696732 0)
(0.0492143 -0.533398 0)
(0.122149 -0.780684 0)
(0.13275 -0.495475 0)
(0.101479 0.0242438 0)
(0.0598146 0.619519 0)
(0.000569422 1.37053 0)
(-0.0155003 1.83046 0)
(-0.00951638 1.84128 0)
(0.00499477 1.75909 0)
(0.0180178 1.67638 0)
(0.0200324 1.64011 0)
(0.0167322 1.71179 0)
(0.046042 2.31701 0)
(0.138274 3.14735 0)
(0.131677 3.34415 0)
(0.118763 3.35366 0)
(0.0956806 3.162 0)
(0.0525465 2.70867 0)
(0.00339625 2.18135 0)
(-0.00305117 0.682086 0)
(0.026741 -0.759666 0)
(0.0276074 -0.808679 0)
(-0.00665799 -0.414906 0)
(-0.0552987 0.119202 0)
(-0.112099 0.730514 0)
(-0.175672 1.45686 0)
(-0.169981 1.8113 0)
(-0.116644 1.81508 0)
(-0.0666815 1.73766 0)
(-0.0296553 1.66655 0)
(-0.0113276 1.64018 0)
(-0.00851688 1.71874 0)
(0.00501989 2.20295 0)
(0.0873749 3.10699 0)
(0.0875231 3.36032 0)
(0.0705679 3.38933 0)
(0.0503377 3.23332 0)
(0.0156268 2.82929 0)
(-0.0163833 2.26182 0)
(-0.00359366 0.631774 0)
(-0.00588266 -0.745542 0)
(-0.0655307 -0.648266 0)
(-0.142685 -0.249571 0)
(-0.224304 0.275787 0)
(-0.304661 0.892896 0)
(-0.348917 1.50027 0)
(-0.289391 1.72385 0)
(-0.200461 1.73924 0)
(-0.123533 1.68841 0)
(-0.0646763 1.63856 0)
(-0.0293944 1.62846 0)
(-0.0180457 1.71496 0)
(-0.00778298 2.13307 0)
(0.0450981 3.07137 0)
(0.0443682 3.37928 0)
(0.0253097 3.42853 0)
(0.00706881 3.29111 0)
(-0.0168427 2.91604 0)
(-0.0280312 2.25221 0)
(-0.00277616 0.571149 0)
(-0.0311879 -0.527411 0)
(-0.125208 -0.36978 0)
(-0.229522 0.00300332 0)
(-0.333088 0.480682 0)
(-0.409369 1.00651 0)
(-0.411179 1.43208 0)
(-0.331988 1.59712 0)
(-0.238249 1.63523 0)
(-0.152423 1.6204 0)
(-0.0843047 1.59699 0)
(-0.0376749 1.60497 0)
(-0.0184198 1.70009 0)
(-0.0119729 2.10813 0)
(0.00816039 3.04753 0)
(0.00479853 3.3965 0)
(-0.0129116 3.46592 0)
(-0.0289525 3.3336 0)
(-0.0440863 2.96373 0)
(-0.033934 2.17607 0)
(-0.00230441 0.509033 0)
(-0.0354136 -0.241451 0)
(-0.128026 -0.0544332 0)
(-0.229576 0.273288 0)
(-0.324653 0.666491 0)
(-0.383185 1.06438 0)
(-0.369106 1.34392 0)
(-0.306947 1.48189 0)
(-0.229912 1.53865 0)
(-0.154345 1.55047 0)
(-0.0881103 1.54893 0)
(-0.0381645 1.57556 0)
(-0.0138775 1.68457 0)
(-0.0125179 2.1125 0)
(-0.0192944 3.04727 0)
(-0.0264109 3.41649 0)
(-0.041971 3.49781 0)
(-0.0526912 3.35969 0)
(-0.0562457 2.96127 0)
(-0.0313236 2.05152 0)
(-0.00207411 0.453982 0)
(-0.02545 0.0115704 0)
(-0.0959338 0.222499 0)
(-0.174605 0.506284 0)
(-0.247021 0.818 0)
(-0.28893 1.10248 0)
(-0.281528 1.29086 0)
(-0.248725 1.40844 0)
(-0.196666 1.46782 0)
(-0.138553 1.49217 0)
(-0.0809947 1.50344 0)
(-0.0342447 1.54351 0)
(-0.00872923 1.66836 0)
(-0.0129453 2.14107 0)
(-0.0361316 3.06085 0)
(-0.0467226 3.43668 0)
(-0.0587371 3.52101 0)
(-0.0638601 3.36755 0)
(-0.0576943 2.92358 0)
(-0.0252602 1.92445 0)
(-0.00168149 0.40837 0)
(-0.0138275 0.178704 0)
(-0.0580841 0.42177 0)
(-0.111397 0.677237 0)
(-0.161756 0.931318 0)
(-0.193669 1.1402 0)
(-0.198764 1.27692 0)
(-0.186175 1.36895 0)
(-0.156199 1.4212 0)
(-0.115475 1.44811 0)
(-0.0691085 1.46339 0)
(-0.026972 1.51121 0)
(0.00244366 1.6524 0)
(-0.0100746 2.18047 0)
(-0.0419312 3.08233 0)
(-0.054956 3.45339 0)
(-0.0636722 3.53343 0)
(-0.0638199 3.36165 0)
(-0.0508453 2.8593 0)
(-0.0197428 1.81463 0)
(-0.00127159 0.372353 0)
(-0.00584201 0.268395 0)
(-0.0300626 0.548284 0)
(-0.0639155 0.792136 0)
(-0.0981011 1.01212 0)
(-0.123029 1.17691 0)
(-0.134211 1.28197 0)
(-0.13282 1.3513 0)
(-0.118333 1.39252 0)
(-0.0926012 1.41663 0)
(-0.0574188 1.43096 0)
(-0.0194983 1.47945 0)
(0.0145447 1.63619 0)
(-0.00494747 2.2332 0)
(-0.0444248 3.11259 0)
(-0.0582315 3.46899 0)
(-0.0618001 3.53739 0)
(-0.0589277 3.34403 0)
(-0.0421461 2.78961 0)
(-0.0155886 1.72603 0)
(-0.000962489 0.344695 0)
(-0.00172813 0.307564 0)
(-0.0129343 0.620562 0)
(-0.0331571 0.866265 0)
(-0.0561072 1.06928 0)
(-0.0753871 1.20999 0)
(-0.0879487 1.29552 0)
(-0.0925436 1.34802 0)
(-0.0878125 1.37818 0)
(-0.073618 1.39687 0)
(-0.0496848 1.40611 0)
(-0.0178557 1.44902 0)
(0.0133504 1.61975 0)
(-0.00785016 2.29505 0)
(-0.0504605 3.14518 0)
(-0.0623801 3.47979 0)
(-0.0615387 3.53498 0)
(-0.0546483 3.31802 0)
(-0.0359438 2.72273 0)
(-0.0129809 1.65323 0)
(-0.000824193 0.322521 0)
(0.000148093 0.319228 0)
(-0.00347151 0.656795 0)
(-0.0145212 0.91245 0)
(-0.0296682 1.10962 0)
(-0.0445382 1.23786 0)
(-0.0565443 1.31123 0)
(-0.0639743 1.35192 0)
(-0.0653626 1.37273 0)
(-0.0604046 1.38605 0)
(-0.0469039 1.389 0)
(-0.0263453 1.42516 0)
(-0.00910727 1.60966 0)
(-0.0275025 2.35551 0)
(-0.0657237 3.17191 0)
(-0.0693496 3.47959 0)
(-0.0624055 3.52198 0)
(-0.0496795 3.28373 0)
(-0.0301812 2.66076 0)
(-0.0105646 1.5924 0)
(-0.000690977 0.303755 0)
(0.000819593 0.317597 0)
(0.00121299 0.670584 0)
(-0.00376522 0.939765 0)
(-0.0134944 1.13813 0)
(-0.0250465 1.26103 0)
(-0.0360459 1.32701 0)
(-0.044722 1.36013 0)
(-0.049931 1.3738 0)
(-0.0517007 1.38281 0)
(-0.0485535 1.38192 0)
(-0.0432352 1.41461 0)
(-0.0447884 1.60956 0)
(-0.0568786 2.40295 0)
(-0.0817609 3.18292 0)
(-0.074577 3.46499 0)
(-0.0606415 3.4966 0)
(-0.0433023 3.24217 0)
(-0.023892 2.60496 0)
(-0.00804398 1.5435 0)
(-0.000483683 0.288832 0)
(0.00106757 0.310066 0)
(0.00337319 0.670946 0)
(0.00212101 0.954443 0)
(-0.00382291 1.15821 0)
(-0.0127324 1.28047 0)
(-0.0226246 1.34226 0)
(-0.0316901 1.37069 0)
(-0.0393238 1.37954 0)
(-0.0458778 1.38578 0)
(-0.0511604 1.38257 0)
(-0.0607657 1.41836 0)
(-0.0775456 1.61847 0)
(-0.0799192 2.42432 0)
(-0.0875331 3.17721 0)
(-0.0713106 3.43704 0)
(-0.0534934 3.46017 0)
(-0.033782 3.19616 0)
(-0.0168863 2.55855 0)
(-0.00548775 1.50683 0)
(-0.000201116 0.278639 0)
(0.00102516 0.300872 0)
(0.00418523 0.664769 0)
(0.00512519 0.960457 0)
(0.00184446 1.17195 0)
(-0.00495219 1.29666 0)
(-0.0137564 1.35656 0)
(-0.0227359 1.38213 0)
(-0.0314725 1.38792 0)
(-0.0408193 1.39314 0)
(-0.0521078 1.39123 0)
(-0.0717285 1.43326 0)
(-0.0971465 1.63224 0)
(-0.0874147 2.41524 0)
(-0.083348 3.16021 0)
(-0.0600933 3.40256 0)
(-0.0408844 3.41973 0)
(-0.0228615 3.15408 0)
(-0.0107084 2.52598 0)
(-0.00348336 1.48107 0)
(7.84301e-05 0.273614 0)
(0.000917816 0.291687 0)
(0.00419818 0.655034 0)
(0.00645163 0.960905 0)
(0.00493218 1.18111 0)
(-0.000106612 1.31002 0)
(-0.00780367 1.36973 0)
(-0.0162534 1.39368 0)
(-0.0251019 1.39781 0)
(-0.0355304 1.4032 0)
(-0.0494177 1.40478 0)
(-0.0719527 1.45401 0)
(-0.0983715 1.64889 0)
(-0.0832595 2.37577 0)
(-0.0640243 3.13273 0)
(-0.0415301 3.36773 0)
(-0.0257017 3.3834 0)
(-0.012488 3.12253 0)
(-0.00708531 2.50849 0)
(-0.0024249 1.46166 0)
(0.000259854 0.272541 0)
(0.000783506 0.283296 0)
(0.0038326 0.644345 0)
(0.00668583 0.958285 0)
(0.00642603 1.18679 0)
(0.00275095 1.3207 0)
(-0.00367612 1.38135 0)
(-0.0111299 1.40438 0)
(-0.0192408 1.40765 0)
(-0.0291641 1.41383 0)
(-0.0418747 1.41931 0)
(-0.0610192 1.4741 0)
(-0.0815702 1.66493 0)
(-0.0682634 2.32085 0)
(-0.0364413 3.10733 0)
(-0.0203779 3.34196 0)
(-0.0103947 3.35758 0)
(-0.00561108 3.10976 0)
(-0.00630017 2.50301 0)
(-0.00223711 1.44357 0)
(0.000364453 0.273903 0)
(0.000665858 0.276051 0)
(0.00340438 0.634219 0)
(0.00646673 0.953845 0)
(0.00681162 1.19009 0)
(0.00421106 1.32895 0)
(-0.000932012 1.3911 0)
(-0.00711496 1.41346 0)
(-0.0138252 1.41623 0)
(-0.0216637 1.42285 0)
(-0.0308811 1.43164 0)
(-0.0422554 1.48894 0)
(-0.05317 1.67707 0)
(-0.047431 2.26774 0)
(-0.00774406 3.08705 0)
(-0.00189167 3.32981 0)
(-0.00222812 3.35119 0)
(-0.00479747 3.11182 0)
(-0.0087975 2.50302 0)
(-0.00281001 1.42336 0)
(0.000400992 0.275932 0)
(8.87909e-05 0.0936782 0)
(0.00153861 0.449775 0)
(0.00437145 0.795729 0)
(0.00643229 1.0834 0)
(0.005963 1.27631 0)
(0.00284565 1.37449 0)
(-0.00184381 1.41357 0)
(-0.00689106 1.42232 0)
(-0.0123451 1.42531 0)
(-0.017796 1.43334 0)
(-0.021848 1.45408 0)
(-0.0218771 1.5676 0)
(-0.0240709 1.88659 0)
(-0.000305302 2.7347 0)
(0.0135467 3.24446 0)
(0.00505088 3.36936 0)
(-0.00368549 3.28158 0)
(-0.012131 2.87153 0)
(-0.00976738 1.98249 0)
(0.000344553 0.277477 0)
(0.264507 2.30002 0)
(0.208666 3.51817 2.07596e-21)
(0.183243 3.62655 -6.47574e-20)
(0.166048 3.56111 0)
(0.151058 3.50519 -2.18016e-19)
(0.132326 3.46272 -3.59239e-19)
(0.119614 3.44674 4.1779e-19)
(0.107431 3.41969 5.65721e-21)
(0.0857022 3.09747 4.16173e-19)
(0.0219282 0.94925 0)
(0.115707 2.43438 -2.90055e-22)
(0.0929094 3.44811 0)
(0.0978737 3.55163 2.521e-21)
(0.0952967 3.51126 -4.1709e-20)
(0.0910765 3.47162 9.39973e-21)
(0.0856493 3.44325 -3.6755e-19)
(0.0775879 3.43371 4.02303e-19)
(0.0660052 3.41305 4.28295e-19)
(0.0401428 3.0296 4.43595e-19)
(-0.0110597 0.822407 -4.55303e-19)
(0.0638892 2.31076 -5.33464e-20)
(0.0554051 3.39179 1.74305e-19)
(0.0581502 3.50797 0)
(0.0582609 3.47791 -2.88772e-19)
(0.0579372 3.4473 3.47255e-19)
(0.0567764 3.42647 -3.87393e-19)
(0.0539005 3.42301 1.31979e-20)
(0.0514136 3.41335 8.85927e-19)
(0.0376724 3.07099 0)
(-0.010812 0.863654 -9.0628e-21)
(0.0340422 2.23643 -2.17204e-19)
(0.0280892 3.35829 3.01325e-19)
(0.0308021 3.47487 6.41866e-19)
(0.0336845 3.45023 1.15234e-20)
(0.0362082 3.42566 0)
(0.0386727 3.41032 0)
(0.0408019 3.41053 4.32831e-19)
(0.0433508 3.40705 -7.50905e-21)
(0.0354917 3.10407 -7.40145e-19)
(-0.0120994 0.904017 2.59632e-19)
(0.0193057 2.21504 1.22027e-20)
(0.00878044 3.34019 3.34951e-19)
(0.0122714 3.44779 -1.80302e-19)
(0.0175107 3.42573 -2.06398e-19)
(0.0224904 3.40513 2.24694e-19)
(0.0278318 3.39322 2.24971e-19)
(0.0332284 3.39529 -7.38637e-21)
(0.0388167 3.39663 2.63652e-19)
(0.0352567 3.13144 0)
(-0.0129858 0.945662 -5.40455e-19)
(0.0114895 2.23333 -7.65743e-23)
(-0.00708695 3.33204 -1.74027e-19)
(0.000307079 3.42408 2.33682e-20)
(0.00685581 3.40239 0)
(0.0137568 3.38422 -2.38457e-19)
(0.0212954 3.37437 2.50451e-19)
(0.0290296 3.37743 2.53165e-19)
(0.0369487 3.38269 2.63586e-19)
(0.0373061 3.155 -4.31614e-21)
(-0.0132412 0.991868 2.89508e-19)
(0.00427146 2.27592 -1.98951e-19)
(-0.0178055 3.32823 1.36674e-22)
(-0.00868173 3.40106 2.32714e-19)
(-0.000514587 3.3787 2.35531e-19)
(0.00795467 3.36187 -1.59183e-20)
(0.0173528 3.35316 2.14782e-22)
(0.0271561 3.35672 -2.64299e-19)
(0.0373502 3.36515 5.82394e-19)
(0.0417302 3.17457 -2.89439e-19)
(-0.0125348 1.04859 -9.79286e-21)
(-0.00347613 2.33943 -5.85263e-23)
(-0.0263389 3.32517 0)
(-0.0164792 3.37708 -2.52721e-19)
(-0.00649244 3.35321 -1.64594e-20)
(0.00367852 3.33689 2.85497e-19)
(0.0150196 3.32872 0)
(0.0269972 3.33242 3.11339e-19)
(0.0397169 3.34339 0)
(0.0483401 3.19003 3.1727e-19)
(-0.0103146 1.1229 0)
(-0.0133055 2.42038 -3.86037e-21)
(-0.0354934 3.31937 5.08027e-19)
(-0.0243614 3.34966 -2.59816e-19)
(-0.0121348 3.32407 -1.7946e-20)
(0.00018032 3.30782 1.85515e-20)
(0.0137631 3.29992 -1.93777e-20)
(0.0281844 3.30364 3.37831e-19)
(0.0438018 3.31664 -6.41739e-23)
(0.0565757 3.2003 -3.46789e-19)
(-0.00580557 1.22147 -3.48136e-19)
(-0.027473 2.51895 -2.7589e-19)
(-0.0462048 3.30684 -2.76185e-19)
(-0.0329573 3.31617 0)
(-0.0178188 3.28946 -3.40837e-19)
(-0.00274022 3.27335 2.03558e-20)
(0.0134632 3.26584 3.49164e-19)
(0.0304751 3.26974 -7.09322e-19)
(0.0490577 3.28431 -7.45155e-19)
(0.0656177 3.20406 -5.78463e-21)
(0.00153242 1.35154 -1.98076e-19)
(-0.0464951 2.63259 -1.41051e-19)
(-0.0579034 3.28388 -9.88391e-21)
(-0.041622 3.27502 -3.27824e-19)
(-0.0231841 3.2487 0)
(-0.00496423 3.23342 0)
(0.0139171 3.22667 1.68525e-19)
(0.0334286 3.2308 0)
(0.0544971 3.2463 -1.95526e-19)
(0.0741956 3.19964 0)
(0.0115524 1.51885 2.14007e-19)
(-0.067559 2.75533 5.18181e-21)
(-0.0681983 3.24856 -1.6867e-19)
(-0.0481309 3.22685 2.10368e-20)
(-0.026895 3.20311 0)
(-0.00632782 3.18957 2.4856e-20)
(0.0142316 3.18383 -2.61624e-19)
(0.0355566 3.18802 2.08293e-19)
(0.0582686 3.20331 -1.36625e-20)
(0.0802193 3.18536 7.13317e-21)
(0.0234814 1.72247 4.66783e-19)
(-0.0855185 2.87577 -5.89275e-21)
(-0.073512 3.20326 1.21189e-20)
(-0.050499 3.17537 -2.0736e-19)
(-0.0279683 3.1544 1.78497e-19)
(-0.00678193 3.14258 -1.85035e-19)
(0.0140643 3.1381 -2.47892e-19)
(0.035671 3.14294 2.27676e-19)
(0.0583701 3.15778 2.29642e-19)
(0.0818669 3.162 -1.55303e-20)
(0.0353682 1.96186 2.5015e-19)
(-0.0932435 2.97972 6.50403e-21)
(-0.072924 3.15284 2.08499e-19)
(-0.0501498 3.12151 2.7705e-20)
(-0.0284165 3.10209 -1.4615e-19)
(-0.00684492 3.09173 1.03476e-22)
(0.0147319 3.08884 -3.05708e-20)
(0.0360847 3.09505 1.55455e-19)
(0.0566754 3.11097 1.62909e-20)
(0.0784613 3.13129 -1.67244e-20)
(0.0438131 2.23468 0)
(-0.0955976 3.04054 -1.10629e-19)
(-0.0712981 3.0928 -1.19949e-19)
(-0.0495923 3.06301 -1.18782e-19)
(-0.0272601 3.04852 3.1205e-20)
(-0.00595777 3.0422 -1.5797e-19)
(0.0144131 3.04094 -8.90434e-23)
(0.0349091 3.04598 6.94503e-20)
(0.0555831 3.05934 -1.21297e-19)
(0.0794709 3.08819 -1.3349e-19)
(0.0484631 2.5276 0)
(-0.0951292 3.03675 6.19045e-20)
(-0.056633 3.02332 -1.631e-20)
(-0.031502 3.01256 -3.24555e-20)
(-0.0149343 3.00887 3.29332e-20)
(-0.00270333 3.00858 0)
(0.00862284 3.00759 -3.42101e-20)
(0.0206909 3.00925 0)
(0.0362936 3.01349 -9.41667e-20)
(0.0646679 3.02576 6.03932e-20)
(0.0493402 2.79243 -8.23754e-20)
(0.939318 -0.0855732 0)
(1.06142 -0.0844731 0)
(1.03128 -0.0590029 0)
(1.01438 -0.0382251 0)
(1.00654 -0.0234481 0)
(1.00315 -0.0141144 0)
(1.00165 -0.00846897 0)
(1.00096 -0.0048702 0)
(1.00063 -0.0023447 0)
(1.00049 -0.000254317 0)
(1.00054 0.00172163 0)
(1.00075 0.00394459 0)
(1.00122 0.00690374 0)
(1.00224 0.0113388 0)
(1.00449 0.0185334 0)
(1.00962 0.0303388 0)
(1.02123 0.047989 0)
(1.04643 0.0727633 0)
(1.0553 0.0889937 0)
(0.533015 0.0342719 0)
(0.723986 -0.0309092 0)
(1.09244 -0.0588377 0)
(1.08853 -0.0532796 0)
(1.05267 -0.0434362 0)
(1.0296 -0.0340395 0)
(1.01612 -0.0245953 0)
(1.00898 -0.0164218 0)
(1.00533 -0.00997513 0)
(1.00351 -0.00490607 0)
(1.00277 -0.000467523 0)
(1.00298 0.0037916 0)
(1.00415 0.00837132 0)
(1.00669 0.0139632 0)
(1.01178 0.0211413 0)
(1.02165 0.0299341 0)
(1.03949 0.0393323 0)
(1.0685 0.0483788 0)
(1.10324 0.0583972 0)
(1.00575 0.0570764 0)
(0.263177 0.00536569 0)
(0.564577 -0.0100684 0)
(1.04886 -0.0421998 0)
(1.10396 -0.0449026 0)
(1.07237 -0.0379071 0)
(1.04736 -0.0313353 0)
(1.03016 -0.0251594 0)
(1.01887 -0.0188045 0)
(1.01201 -0.0124097 0)
(1.00822 -0.00635433 0)
(1.00662 -0.000470237 0)
(1.00705 0.00529243 0)
(1.00954 0.0110713 0)
(1.0146 0.0171422 0)
(1.02343 0.0233706 0)
(1.03744 0.0293817 0)
(1.05815 0.0354418 0)
(1.0886 0.0423362 0)
(1.10251 0.0466082 0)
(0.882567 0.0302912 0)
(0.191256 0.00081747 0)
(0.481373 -0.00525204 0)
(0.987895 -0.0299097 0)
(1.10575 -0.0380806 0)
(1.08317 -0.0344268 0)
(1.0572 -0.0291324 0)
(1.03962 -0.0236536 0)
(1.02746 -0.0182233 0)
(1.01911 -0.0125969 0)
(1.01391 -0.0066182 0)
(1.01151 -0.000216005 0)
(1.01213 0.00617514 0)
(1.01565 0.0121465 0)
(1.02216 0.0176935 0)
(1.03217 0.0229043 0)
(1.04668 0.02804 0)
(1.06793 0.033171 0)
(1.0983 0.0380296 0)
(1.083 0.0376347 0)
(0.782006 0.0177615 0)
(0.162602 0.000590552 0)
(0.429592 -0.0035243 0)
(0.92814 -0.0220523 0)
(1.10114 -0.0324507 0)
(1.09246 -0.0308503 0)
(1.0652 -0.0267213 0)
(1.04676 -0.022167 0)
(1.03421 -0.017173 0)
(1.02546 -0.0118672 0)
(1.01967 -0.0061333 0)
(1.0168 0.000252939 0)
(1.01746 0.00668121 0)
(1.02141 0.012448 0)
(1.0283 0.0176004 0)
(1.03857 0.022376 0)
(1.05362 0.0267646 0)
(1.07596 0.0306639 0)
(1.10252 0.0338547 0)
(1.05394 0.0308401 0)
(0.705732 0.0119909 0)
(0.144565 0.000442222 0)
(0.392912 -0.00258935 0)
(0.874667 -0.0168277 0)
(1.0909 -0.0279951 0)
(1.09928 -0.0277153 0)
(1.07239 -0.0241285 0)
(1.0533 -0.0202525 0)
(1.04024 -0.0158568 0)
(1.03115 -0.0108787 0)
(1.0251 -0.00533912 0)
(1.02199 0.000872638 0)
(1.02257 0.00710698 0)
(1.02656 0.0126138 0)
(1.03357 0.0174212 0)
(1.04415 0.0216281 0)
(1.05974 0.0252281 0)
(1.08271 0.0284269 0)
(1.10325 0.0306682 0)
(1.0202 0.0257263 0)
(0.647116 0.00892237 0)
(0.131485 0.000344295 0)
(0.365358 -0.00197687 0)
(0.828691 -0.0131205 0)
(1.07687 -0.0241584 0)
(1.10378 -0.0249692 0)
(1.07884 -0.0218032 0)
(1.0593 -0.0182249 0)
(1.04592 -0.0142413 0)
(1.03653 -0.00965343 0)
(1.03022 -0.00437399 0)
(1.02691 0.0016219 0)
(1.02734 0.00760545 0)
(1.03129 0.0127931 0)
(1.03839 0.0171513 0)
(1.04914 0.0208112 0)
(1.06502 0.0239197 0)
(1.08848 0.0267685 0)
(1.10101 0.0281018 0)
(0.985017 0.021711 0)
(0.600747 0.00702063 0)
(0.121318 0.000278911 0)
(0.344053 -0.00153418 0)
(0.789798 -0.0103873 0)
(1.06066 -0.0207811 0)
(1.10662 -0.0224292 0)
(1.08482 -0.0196746 0)
(1.06485 -0.0162734 0)
(1.05126 -0.0125198 0)
(1.04167 -0.00821358 0)
(1.03511 -0.00321413 0)
(1.03156 0.00252475 0)
(1.03181 0.00821539 0)
(1.03568 0.0130252 0)
(1.04274 0.0169485 0)
(1.05351 0.0202036 0)
(1.06962 0.022954 0)
(1.09316 0.0254884 0)
(1.09592 0.0259658 0)
(0.950231 0.0185752 0)
(0.562946 0.00574164 0)
(0.113087 0.000232316 0)
(0.327318 -0.00119916 0)
(0.757092 -0.00830651 0)
(1.04349 -0.0178003 0)
(1.10847 -0.0200733 0)
(1.09045 -0.017644 0)
(1.07014 -0.0143691 0)
(1.05632 -0.0107611 0)
(1.04657 -0.00663222 0)
(1.03981 -0.00185368 0)
(1.03599 0.00361548 0)
(1.03601 0.00897911 0)
(1.0397 0.0134095 0)
(1.04662 0.0169588 0)
(1.05736 0.0198813 0)
(1.0737 0.0223137 0)
(1.09658 0.0245043 0)
(1.08819 0.0241882 0)
(0.916755 0.0161686 0)
(0.531244 0.00485433 0)
(0.106202 0.000199584 0)
(0.314077 -0.000934105 0)
(0.729674 -0.00666096 0)
(1.0263 -0.0151408 0)
(1.10942 -0.0178264 0)
(1.09588 -0.0156769 0)
(1.07529 -0.0124541 0)
(1.06123 -0.00893217 0)
(1.05129 -0.00491825 0)
(1.04431 -0.000297299 0)
(1.04022 0.00492761 0)
(1.03993 0.00996705 0)
(1.04336 0.0140399 0)
(1.05008 0.0172438 0)
(1.06077 0.0198576 0)
(1.07732 0.0220011 0)
(1.09865 0.0238209 0)
(1.07826 0.0227489 0)
(0.884914 0.0143544 0)
(0.50392 0.00423433 0)
(0.100254 0.000177148 0)
(0.303629 -0.000715644 0)
(0.706812 -0.00530924 0)
(1.0098 -0.0127358 0)
(1.10961 -0.0156312 0)
(1.10121 -0.0137162 0)
(1.08039 -0.0104764 0)
(1.06606 -0.00698598 0)
(1.0559 -0.00303224 0)
(1.04867 0.00148304 0)
(1.04425 0.00650565 0)
(1.04358 0.011248 0)
(1.04668 0.0149803 0)
(1.05315 0.0178502 0)
(1.06376 0.0201679 0)
(1.0805 0.0220317 0)
(1.0995 0.0234654 0)
(1.06643 0.0216501 0)
(0.854677 0.0130292 0)
(0.479723 0.00381107 0)
(0.0949486 0.000162779 0)
(0.295509 -0.000526848 0)
(0.687946 -0.00415168 0)
(0.994515 -0.0105176 0)
(1.10919 -0.0134366 0)
(1.10629 -0.0116598 0)
(1.08551 -0.00838074 0)
(1.07089 -0.00486884 0)
(1.06047 -0.000914409 0)
(1.05293 0.00354088 0)
(1.0481 0.00841076 0)
(1.04696 0.0128865 0)
(1.04967 0.0162857 0)
(1.05584 0.0188218 0)
(1.06634 0.0208548 0)
(1.0832 0.0224208 0)
(1.09934 0.0234884 0)
(1.05295 0.0208876 0)
(0.8258 0.0121115 0)
(0.457696 0.00353771 0)
(0.0900558 0.000154674 0)
(0.289425 -0.00035397 0)
(0.672684 -0.00310998 0)
(0.980849 -0.00841293 0)
(1.10843 -0.0111665 0)
(1.11123 -0.00944209 0)
(1.09074 -0.00609506 0)
(1.07579 -0.00250635 0)
(1.06506 0.00150541 0)
(1.05714 0.00595566 0)
(1.05179 0.0107194 0)
(1.0501 0.014951 0)
(1.05234 0.0180212 0)
(1.05814 0.0202165 0)
(1.06851 0.0219608 0)
(1.08541 0.0232117 0)
(1.09833 0.0237882 0)
(1.03791 0.0204769 0)
(0.797902 0.0115393 0)
(0.43707 0.00338515 0)
(0.0853943 0.000151857 0)
(0.285224 -0.000186465 0)
(0.660798 -0.00212403 0)
(0.96913 -0.0063501 0)
(1.10767 -0.0087622 0)
(1.11617 -0.00699752 0)
(1.09613 -0.0035415 0)
(1.08084 0.000182451 0)
(1.06973 0.00430911 0)
(1.06133 0.00881763 0)
(1.05536 0.0135205 0)
(1.053 0.0175255 0)
(1.05467 0.0202618 0)
(1.06005 0.0221002 0)
(1.07024 0.0235454 0)
(1.08716 0.0244705 0)
(1.09608 0.0244879 0)
(1.02135 0.020415 0)
(0.770559 0.0112695 0)
(0.417229 0.00333128 0)
(0.0808208 0.000153192 0)
(0.282862 -1.93549e-05 0)
(0.652201 -0.00114441 0)
(0.959661 -0.00425764 0)
(1.10722 -0.0061548 0)
(1.12121 -0.00424028 0)
(1.10179 -0.000625153 0)
(1.08612 0.00329605 0)
(1.07455 0.0076061 0)
(1.06557 0.0122352 0)
(1.05884 0.0169202 0)
(1.05567 0.0207117 0)
(1.05666 0.0231016 0)
(1.06153 0.0245558 0)
(1.07146 0.0256648 0)
(1.08824 0.0262259 0)
(1.09246 0.0255999 0)
(1.0032 0.0207445 0)
(0.743285 0.0112841 0)
(0.397628 0.00336792 0)
(0.0762083 0.000158544 0)
(0.282453 0.000161324 0)
(0.646935 -0.000123209 0)
(0.952746 -0.00206235 0)
(1.10746 -0.00326778 0)
(1.12655 -0.00107726 0)
(1.10782 0.00276309 0)
(1.09172 0.00695379 0)
(1.0796 0.0115221 0)
(1.0699 0.0163384 0)
(1.06225 0.021047 0)
(1.0581 0.0246304 0)
(1.05828 0.0266523 0)
(1.06254 0.0276863 0)
(1.07214 0.0283962 0)
(1.08845 0.0285201 0)
(1.08713 0.0272298 0)
(0.983261 0.0214853 0)
(0.715547 0.011567 0)
(0.377767 0.00348559 0)
(0.0714425 0.000167279 0)
(0.283967 0.000390092 0)
(0.645202 0.0010366 0)
(0.948716 0.000304795 0)
(1.10875 -7.76604e-06 0)
(1.1324 0.00259169 0)
(1.11433 0.00674788 0)
(1.09774 0.0112968 0)
(1.08496 0.0162092 0)
(1.07439 0.0212832 0)
(1.06561 0.0260581 0)
(1.06028 0.0294385 0)
(1.0595 0.0310521 0)
(1.06305 0.0315976 0)
(1.07222 0.0318516 0)
(1.08761 0.0314342 0)
(1.07989 0.029436 0)
(0.961235 0.0226702 0)
(0.686769 0.012112 0)
(0.357174 0.00367892 0)
(0.066421 0.000178955 0)
(0.287702 0.000618943 0)
(0.647016 0.00223895 0)
(0.947984 0.00289936 0)
(1.1116 0.00371044 0)
(1.13896 0.00689944 0)
(1.12146 0.0115055 0)
(1.10431 0.0165112 0)
(1.09072 0.0218605 0)
(1.07906 0.0272656 0)
(1.06892 0.0321394 0)
(1.06217 0.0352989 0)
(1.06027 0.0364419 0)
(1.06297 0.0364239 0)
(1.07163 0.0361717 0)
(1.0855 0.0351121 0)
(1.0705 0.0322819 0)
(0.936703 0.0243308 0)
(0.656333 0.0129162 0)
(0.335399 0.00394226 0)
(0.0610516 0.000193004 0)
(0.294113 0.000903749 0)
(0.652969 0.0036877 0)
(0.95113 0.00586252 0)
(1.11649 0.00805846 0)
(1.14645 0.0120412 0)
(1.1294 0.0172421 0)
(1.11157 0.0228245 0)
(1.09697 0.0287204 0)
(1.08397 0.034529 0)
(1.07216 0.0395113 0)
(1.06373 0.042392 0)
(1.06054 0.0429942 0)
(1.06225 0.042326 0)
(1.07029 0.041501 0)
(1.08215 0.0397396 0)
(1.05854 0.0358678 0)
(0.909104 0.0265106 0)
(0.623558 0.0139759 0)
(0.312 0.00426902 0)
(0.0552546 0.000208641 0)
(0.303694 0.0012536 0)
(0.663814 0.00538638 0)
(0.958808 0.00932377 0)
(1.12398 0.013252 0)
(1.15518 0.0182521 0)
(1.13837 0.0242251 0)
(1.11969 0.0305298 0)
(1.10381 0.0370931 0)
(1.08916 0.0433667 0)
(1.07532 0.0484387 0)
(1.0649 0.0509469 0)
(1.06023 0.0509137 0)
(1.06081 0.0494836 0)
(1.06811 0.0479808 0)
(1.07744 0.0454251 0)
(1.04347 0.0402778 0)
(0.877735 0.0292176 0)
(0.587718 0.0152699 0)
(0.286567 0.00464407 0)
(0.0489713 0.000224443 0)
(0.31724 0.0017012 0)
(0.680461 0.0074377 0)
(0.971873 0.0134756 0)
(1.13468 0.0195799 0)
(1.1656 0.0258894 0)
(1.14864 0.0328444 0)
(1.12884 0.0400428 0)
(1.11134 0.0473871 0)
(1.09461 0.0541474 0)
(1.07833 0.0592269 0)
(1.06558 0.0612122 0)
(1.05921 0.060399 0)
(1.05854 0.0580769 0)
(1.06509 0.0557842 0)
(1.07106 0.052288 0)
(1.02461 0.0455662 0)
(0.84173 0.0324453 0)
(0.548053 0.0167581 0)
(0.258751 0.00504497 0)
(0.0421766 0.000238655 0)
(0.335991 0.00228836 0)
(0.704603 0.00999061 0)
(0.991455 0.0186365 0)
(1.1494 0.0274938 0)
(1.17822 0.0354484 0)
(1.16053 0.0436517 0)
(1.1392 0.0519296 0)
(1.11958 0.0601358 0)
(1.10023 0.0673238 0)
(1.08101 0.0722177 0)
(1.06559 0.0734384 0)
(1.05729 0.0716332 0)
(1.05534 0.0683188 0)
(1.06102 0.0650115 0)
(1.06256 0.0603254 0)
(1.00106 0.0517623 0)
(0.800051 0.0361267 0)
(0.503811 0.0183592 0)
(0.22832 0.00543506 0)
(0.0348944 0.000248814 0)
(0.362043 0.00311621 0)
(0.738481 0.0133422 0)
(1.01908 0.0253828 0)
(1.16908 0.0377479 0)
(1.19367 0.0477236 0)
(1.17438 0.057475 0)
(1.15088 0.0669934 0)
(1.12845 0.0760377 0)
(1.10584 0.083432 0)
(1.08315 0.0877774 0)
(1.06473 0.0878657 0)
(1.05433 0.0848054 0)
(1.05109 0.0803616 0)
(1.05546 0.0758341 0)
(1.05128 0.0696396 0)
(0.971659 0.058793 0)
(0.751494 0.0400894 0)
(0.454315 0.0199331 0)
(0.195228 0.00576116 0)
(0.0272147 0.000252129 0)
(0.398947 0.00434428 0)
(0.785456 0.0180087 0)
(1.05686 0.0347481 0)
(1.19484 0.0516483 0)
(1.21265 0.0640012 0)
(1.19042 0.0756178 0)
(1.16381 0.0863745 0)
(1.13768 0.0959609 0)
(1.11108 0.103066 0)
(1.0844 0.106273 0)
(1.06272 0.104713 0)
(1.05018 0.100082 0)
(1.04571 0.0943021 0)
(1.04809 0.0885475 0)
(1.03635 0.0803466 0)
(0.93497 0.0664138 0)
(0.694688 0.0440134 0)
(0.399047 0.0212568 0)
(0.159698 0.00595391 0)
(0.0193032 0.000246494 0)
(0.453556 0.00624577 0)
(0.85087 0.0254277 0)
(1.10824 0.0491123 0)
(1.22767 0.071634 0)
(1.23584 0.0870284 0)
(1.20843 0.100073 0)
(1.17744 0.111563 0)
(1.14663 0.120891 0)
(1.11536 0.126808 0)
(1.08429 0.128009 0)
(1.05921 0.124116 0)
(1.0446 0.11752 0)
(1.03907 0.110194 0)
(1.03875 0.103069 0)
(1.01665 0.0922414 0)
(0.889222 0.0741536 0)
(0.628142 0.0473272 0)
(0.337683 0.0219758 0)
(0.122211 0.00592219 0)
(0.0113758 0.000230322 0)
(0.542494 0.010299 0)
(0.946114 0.0413519 4.15014e-34)
(1.17977 0.0751028 0)
(1.26788 0.102507 0)
(1.26227 0.120434 5.88962e-34)
(1.2272 0.133454 -2.66902e-34)
(1.19059 0.144179 0)
(1.15427 0.151758 0)
(1.11784 0.155136 -3.97477e-34)
(1.08221 0.153161 0)
(1.05383 0.146093 0)
(1.03735 0.137073 0)
(1.03104 0.128014 0)
(1.0273 0.118899 0)
(0.990024 0.104829 0)
(0.831544 0.0812048 0)
(0.550326 0.049187 0)
(0.269681 0.0215348 0)
(0.0828765 0.00554936 0)
(0.003493 0.000210575 0)
(0.626809 0.0339563 -3.62834e-20)
(1.03789 0.0774007 -1.03482e-20)
(1.24694 0.11822 -9.18051e-21)
(1.30631 0.146685 0)
(1.28764 0.164303 -9.96069e-21)
(1.24469 0.176006 9.41638e-21)
(1.20199 0.185071 -1.61292e-20)
(1.15979 0.190489 1.401e-20)
(1.11778 0.191194 1.27296e-20)
(1.07701 0.186027 -2.09201e-20)
(1.04465 0.175815 -2.20917e-20)
(1.02583 0.164431 2.60519e-20)
(1.01819 0.153654 4.61672e-20)
(1.00725 0.141111 -1.86197e-20)
(0.944314 0.121668 5.46531e-20)
(0.745931 0.0897522 6.48316e-21)
(0.449869 0.0512164 -7.71867e-20)
(0.192136 0.0211934 6.80182e-20)
(0.0420946 0.00509099 -1.60129e-20)
(-0.00404336 -7.23948e-06 1.07308e-19)
(0.662119 0.0673776 -4.1352e-20)
(1.09911 0.130973 5.06207e-20)
(1.29456 0.174783 0)
(1.33683 0.202233 1.91423e-20)
(1.30882 0.217034 7.72357e-20)
(1.25913 0.225707 0)
(1.21035 0.23186 -6.62412e-20)
(1.16221 0.234345 6.2511e-20)
(1.11447 0.231923 0)
(1.06828 0.223348 -4.67582e-20)
(1.03153 0.209936 -9.36832e-20)
(1.0098 0.196126 -5.66972e-20)
(1.00015 0.183652 3.44159e-20)
(0.982569 0.168957 -8.21073e-20)
(0.898491 0.143788 0)
(0.678389 0.102599 -2.00844e-19)
(0.385533 0.0559448 2.69883e-19)
(0.149171 0.0215778 -3.17739e-19)
(0.0206778 0.00384516 3.73145e-19)
(-0.00815347 -0.000655596 8.59709e-19)
(0.671725 0.103527 -4.50629e-21)
(1.1336 0.190841 -8.58773e-21)
(1.32493 0.239665 0)
(1.35809 0.265255 1.8673e-21)
(1.32401 0.275922 -3.48792e-20)
(1.26905 0.28042 3.91396e-20)
(1.21496 0.282566 0)
(1.16145 0.281212 5.96789e-20)
(1.10845 0.274935 5.37792e-20)
(1.05718 0.262409 0)
(1.01625 0.245443 9.88634e-20)
(0.991658 0.228989 3.08902e-19)
(0.979718 0.214617 7.43275e-20)
(0.956759 0.197498 0)
(0.860091 0.166464 5.25005e-20)
(0.634104 0.11678 -4.69019e-19)
(0.352701 0.0631126 -4.11108e-22)
(0.130879 0.0235278 0)
(0.0110867 0.00289115 2.56602e-20)
(-0.0104618 -0.00146175 2.95549e-20)
(0.667299 0.138757 -5.12402e-21)
(1.15073 0.251178 4.31522e-20)
(1.34204 0.30737 9.79603e-20)
(1.3705 0.331085 -5.13637e-20)
(1.3326 0.337692 0)
(1.27381 0.337753 -3.54856e-20)
(1.21548 0.335504 -6.49329e-20)
(1.15747 0.329892 -1.27804e-19)
(1.09983 0.319376 2.39777e-19)
(1.04392 0.302572 -1.08025e-19)
(0.999073 0.2818 0)
(0.971699 0.262521 2.65336e-19)
(0.957441 0.245984 0)
(0.930645 0.226303 -9.63685e-20)
(0.828028 0.190084 -2.29377e-19)
(0.606091 0.13324 0)
(0.338564 0.0715113 2.80973e-19)
(0.125285 0.026248 -4.25542e-19)
(0.00823672 0.00213364 -8.92803e-19)
(-0.0115709 -0.00225861 5.46309e-19)
(0.657322 0.171048 7.9038e-21)
(1.15622 0.309968 -2.694e-21)
(1.34954 0.374911 0)
(1.3757 0.397157 1.17766e-20)
(1.33524 0.40004 -1.25143e-19)
(1.27364 0.395776 0)
(1.21198 0.38917 -4.56523e-21)
(1.15024 0.379259 -6.98123e-20)
(1.08862 0.364418 0)
(1.02859 0.343223 -2.25289e-19)
(0.980137 0.318554 2.3686e-19)
(0.950074 0.296347 -1.42505e-19)
(0.933492 0.27757 3.49909e-19)
(0.904074 0.255461 1.05172e-19)
(0.800485 0.214282 1.29171e-21)
(0.587624 0.150746 -7.38979e-20)
(0.333674 0.0818383 -3.49358e-19)
(0.127563 0.0305207 0)
(0.0108598 0.00232877 -2.01285e-18)
(-0.01139 -0.00283806 -3.04451e-23)
(0.645329 0.200661 -4.25765e-20)
(1.15422 0.366132 1.01602e-20)
(1.35008 0.440549 4.54711e-20)
(1.3752 0.462095 0)
(1.333 0.461628 5.21597e-20)
(1.2693 0.453256 -6.87493e-20)
(1.20497 0.442495 0)
(1.14016 0.428426 -6.76554e-20)
(1.07513 0.409363 1.22113e-19)
(1.01142 0.383834 0)
(0.959642 0.355263 -1.2389e-19)
(0.926999 0.330095 3.11193e-19)
(0.908194 0.309093 1.88701e-19)
(0.876915 0.284571 -1.16504e-19)
(0.774957 0.239214 0)
(0.573332 0.169893 1.4393e-21)
(0.333468 0.0946389 2.85708e-19)
(0.134668 0.0370447 -5.61545e-20)
(0.0173416 0.00413488 9.99919e-19)
(-0.0100536 -0.00304761 1.22793e-18)
(0.633665 0.228118 5.46988e-20)
(1.14761 0.419304 -5.50555e-21)
(1.34568 0.503597 8.02747e-24)
(1.37035 0.524962 3.00261e-21)
(1.32694 0.521603 2.79247e-20)
(1.26165 0.509441 -1.25586e-19)
(1.19514 0.494794 0)
(1.12774 0.476795 1.471e-19)
(1.05971 0.453704 -1.46208e-19)
(0.9927 0.423987 2.59303e-19)
(0.937853 0.391584 4.17363e-19)
(0.9028 0.363522 -1.73379e-19)
(0.881929 0.340378 -1.58631e-21)
(0.8493 0.313567 -2.49658e-19)
(0.750219 0.264939 -1.50633e-19)
(0.560133 0.190167 0)
(0.334409 0.109324 -1.03602e-19)
(0.143448 0.0455839 -1.2426e-19)
(0.0258032 0.00748664 0)
(-0.00792968 -0.00280887 -1.29727e-18)
(0.623325 0.254073 1.84868e-20)
(1.13829 0.469425 5.42522e-20)
(1.33778 0.563599 8.10739e-21)
(1.36228 0.585244 1.69045e-20)
(1.31793 0.579424 1.07172e-19)
(1.25142 0.563842 -5.87641e-20)
(1.18314 0.545628 -1.49488e-19)
(1.11351 0.523981 3.0609e-19)
(1.04283 0.497107 3.67984e-19)
(0.972807 0.463389 2.77519e-19)
(0.91513 0.427302 -1.52498e-19)
(0.87784 0.396454 -1.89111e-19)
(0.855071 0.37118 0)
(0.82134 0.342114 0)
(0.725608 0.290406 -1.61921e-19)
(0.546227 0.210647 3.86755e-19)
(0.333826 0.12478 2.28204e-19)
(0.151495 0.0552379 4.03226e-19)
(0.0342058 0.0118961 7.94078e-20)
(-0.00550841 -0.00224214 9.06748e-20)
(0.614231 0.278606 -1.11952e-19)
(1.12767 0.516759 0)
(1.32745 0.620175 0)
(1.35191 0.642701 7.209e-21)
(1.30672 0.634795 4.14453e-20)
(1.23926 0.616145 -6.55041e-20)
(1.16952 0.594706 8.33005e-20)
(1.09798 0.569727 1.58438e-19)
(1.02491 0.539347 -3.14577e-19)
(0.952093 0.501861 -1.54789e-19)
(0.891763 0.462239 8.04257e-19)
(0.852414 0.428656 -4.07546e-19)
(0.827913 0.401208 0)
(0.793195 0.369888 -2.92504e-19)
(0.700457 0.315032 -1.77862e-19)
(0.530625 0.230626 -8.38478e-22)
(0.330518 0.139977 8.66763e-19)
(0.156738 0.0650844 7.30479e-19)
(0.040957 0.0165727 8.62258e-20)
(-0.00328107 -0.00151334 -6.92027e-19)
(0.606873 0.302466 3.47006e-20)
(1.11667 0.561665 -2.66178e-20)
(1.31579 0.67373 -6.38999e-20)
(1.33986 0.697313 -1.80756e-21)
(1.29393 0.687559 -3.99044e-20)
(1.22574 0.666162 -6.99577e-20)
(1.15478 0.641845 0)
(1.08155 0.613863 -1.67294e-19)
(1.00631 0.580278 -8.74884e-20)
(0.930858 0.539282 3.17197e-19)
(0.867995 0.496245 0)
(0.8267 0.45989 0)
(0.800632 0.430264 2.63191e-19)
(0.764976 0.396498 3.16701e-19)
(0.674706 0.338319 -7.67535e-19)
(0.512972 0.249701 -1.13809e-18)
(0.32387 0.153917 0)
(0.158141 0.0740275 -1.57986e-19)
(0.0450617 0.0207393 0)
(-0.0015977 -0.000831391 -1.06875e-19)
(0.600917 0.325506 -1.32518e-19)
(1.10555 0.604088 3.72508e-20)
(1.30344 0.724287 6.87912e-20)
(1.32668 0.749061 0)
(1.28006 0.737648 0)
(1.2113 0.713811 6.86136e-20)
(1.13932 0.686942 -4.26376e-21)
(1.06459 0.656285 -9.38295e-20)
(0.987332 0.619815 9.5865e-21)
(0.909357 0.575575 1.4419e-18)
(0.844009 0.529233 -7.38201e-19)
(0.800839 0.490066 2.27048e-19)
(0.773354 0.458219 -2.89033e-19)
(0.736663 0.421791 1.03439e-18)
(0.648099 0.359754 6.24715e-19)
(0.493248 0.266699 2.45902e-19)
(0.313798 0.166158 0)
(0.155733 0.0812277 5.13687e-19)
(0.0461915 0.0237706 -1.01002e-19)
(-0.000636904 -0.00037227 8.12483e-19)
(0.596295 0.347888 -5.7173e-20)
(1.09491 0.644409 8.45262e-20)
(1.29064 0.772061 1.23185e-20)
(1.3128 0.79797 1.49618e-20)
(1.26554 0.785055 2.08132e-20)
(1.19632 0.759063 6.67306e-20)
(1.12347 0.729956 0)
(1.04741 0.696937 -8.27832e-20)
(0.96826 0.657904 -4.56584e-19)
(0.887813 0.610713 0)
(0.819947 0.561182 -9.90341e-19)
(0.774923 0.519219 -2.44223e-19)
(0.746077 0.485 6.13939e-19)
(0.708257 0.445504 0)
(0.620842 0.379049 0)
(0.471585 0.281108 2.67202e-19)
(0.300574 0.175751 -7.85734e-19)
(0.149569 0.086205 -7.39407e-19)
(0.0446911 0.0254456 -1.08238e-18)
(-0.000313248 -0.000203342 0)
(0.592466 0.369542 -1.98069e-19)
(1.08493 0.682852 9.24901e-20)
(1.27763 0.8172 6.02645e-20)
(1.29857 0.844094 1.35758e-20)
(1.25069 0.829828 -1.26064e-21)
(1.1811 0.801941 1.65792e-19)
(1.10752 0.77088 -1.55698e-19)
(1.03025 0.735804 -3.67501e-19)
(0.949308 0.69453 -3.88107e-19)
(0.866417 0.644694 7.67186e-19)
(0.795954 0.592151 9.57374e-19)
(0.74901 0.547402 -6.69159e-19)
(0.718757 0.510523 -4.9865e-19)
(0.679656 0.467363 4.02293e-19)
(0.592777 0.395821 4.83388e-19)
(0.448313 0.292564 2.88498e-19)
(0.284673 0.18244 -6.78563e-19)
(0.140453 0.0887185 0)
(0.0412919 0.0256901 -9.35622e-19)
(-0.000413474 -0.000248137 2.70259e-19)
(0.589738 0.390633 3.12177e-19)
(1.07503 0.719592 0)
(1.2647 0.859783 -4.67009e-21)
(1.28427 0.887532 -3.74606e-20)
(1.23576 0.872039 -1.8317e-21)
(1.16589 0.842481 7.34017e-20)
(1.09168 0.809732 0)
(1.01332 0.772888 0)
(0.930686 0.729694 -4.06628e-19)
(0.845349 0.677542 1.62396e-18)
(0.772163 0.622229 9.06482e-19)
(0.723126 0.574666 -1.4072e-19)
(0.691296 0.534698 1.75658e-19)
(0.650781 0.487239 4.33964e-19)
(0.563983 0.409886 0)
(0.423736 0.300956 1.8612e-18)
(0.266752 0.186137 1.09727e-18)
(0.129171 0.0887729 8.61467e-19)
(0.0365626 0.0246815 0)
(-0.000813813 -0.000487844 -1.4537e-19)
(0.587562 0.411176 9.08468e-20)
(1.06571 0.754521 1.41261e-19)
(1.25196 0.899938 -7.30695e-20)
(1.27008 0.928383 -3.71601e-21)
(1.22095 0.91177 -1.13082e-21)
(1.15089 0.880749 -9.41041e-20)
(1.07614 0.846553 4.43561e-20)
(0.996792 0.808211 -9.78693e-20)
(0.912553 0.76341 -4.15457e-19)
(0.824771 0.709288 8.61417e-19)
(0.74871 0.651506 0)
(0.697292 0.60106 6.18429e-19)
(0.663613 0.557522 3.85873e-19)
(0.621524 0.505046 -4.69599e-19)
(0.534487 0.421037 -5.65084e-19)
(0.398128 0.306116 -3.33329e-19)
(0.247471 0.18674 7.88497e-19)
(0.116707 0.0865376 -4.63397e-19)
(0.0310945 0.02263 1.36782e-19)
(-0.00138515 -0.000879394 -1.57012e-19)
(0.585735 0.431247 3.20153e-21)
(1.05694 0.787703 -1.53418e-19)
(1.23956 0.937822 9.98753e-20)
(1.25613 0.966787 0)
(1.20641 0.949117 -1.4273e-21)
(1.13621 0.916821 7.32989e-20)
(1.06102 0.88139 -1.25409e-19)
(0.980791 0.8418 3.87925e-19)
(0.895033 0.795685 3.83378e-19)
(0.804822 0.739971 8.91416e-19)
(0.725707 0.680063 -1.03056e-18)
(0.671535 0.626684 0)
(0.635623 0.579127 -8.27889e-19)
(0.59168 0.520728 7.58856e-19)
(0.504305 0.428964 6.07726e-19)
(0.371995 0.307759 -3.59174e-19)
(0.227556 0.184115 0)
(0.103795 0.0822638 -7.47089e-19)
(0.0254514 0.0198264 2.93035e-19)
(-0.00199776 -0.00134949 0)
(0.584158 0.45055 -1.221e-19)
(1.04867 0.819183 -1.88807e-19)
(1.2275 0.973476 -1.1745e-19)
(1.24252 1.00285 -2.49466e-19)
(1.19224 0.984189 2.79855e-21)
(1.12198 0.950769 2.30148e-20)
(1.04641 0.914307 -1.91894e-19)
(0.965406 0.873692 3.48528e-19)
(0.878227 0.826542 4.66615e-19)
(0.785629 0.769617 5.6077e-20)
(0.703282 0.707968 -1.22275e-18)
(0.645912 0.651693 5.2706e-19)
(0.607229 0.599744 0)
(0.560941 0.534267 2.70438e-19)
(0.473262 0.433288 3.28187e-19)
(0.345613 0.30526 -7.74334e-19)
(0.208031 0.177857 -4.56436e-19)
(0.0918302 0.0761429 0)
(0.0204983 0.0166927 -3.1407e-19)
(-0.00254154 -0.00181077 0)
(0.582665 0.468964 0)
(1.04082 0.849048 3.10276e-19)
(1.21582 1.00699 -2.78679e-19)
(1.22933 1.03668 -3.26432e-20)
(1.17853 1.01709 3.68003e-20)
(1.10825 0.982684 5.30496e-20)
(1.03238 0.945358 7.00409e-20)
(0.950695 0.903924 -4.57093e-19)
(0.862207 0.856009 5.48914e-19)
(0.767276 0.79824 5.75064e-20)
(0.681555 0.735275 -2.31925e-18)
(0.62051 0.67629 0)
(0.578339 0.61966 -9.54673e-19)
(0.528931 0.545796 -5.87094e-19)
(0.440828 0.433708 3.50063e-19)
(0.318869 0.297619 0)
(0.19034 0.166571 0)
(0.0836675 0.0674739 0)
(0.0185928 0.0132675 -1.34852e-18)
(-0.00274577 -0.00216924 7.77218e-19)
(0.581438 0.486903 0)
(1.03334 0.877247 -3.61245e-19)
(1.20463 1.03853 -8.52811e-20)
(1.21662 1.06841 1.3483e-19)
(1.16532 1.04792 2.16136e-20)
(1.09507 1.01266 -3.57379e-20)
(1.01897 0.974621 -9.45224e-20)
(0.936703 0.932554 8.42203e-19)
(0.847007 0.884104 0)
(0.749827 0.825844 -9.86614e-19)
(0.66064 0.762027 1.22323e-18)
(0.595451 0.700695 -1.0384e-19)
(0.548911 0.639139 2.60532e-19)
(0.495339 0.555657 -3.18859e-19)
(0.406111 0.43043 -3.76529e-19)
(0.290368 0.283592 0)
(0.174931 0.146281 -5.26564e-19)
(0.0844374 0.0491218 -3.08147e-19)
(0.0309506 0.00327965 0)
(0.00330266 -0.00181866 -2.08699e-19)
(0.579941 0.503675 1.74265e-19)
(1.02625 0.903746 0)
(1.19387 1.06815 -1.82348e-19)
(1.20444 1.09812 1.45921e-19)
(1.15264 1.07678 -9.76945e-20)
(1.08246 1.04077 1.48805e-20)
(1.00617 1.00216 -1.16539e-19)
(0.923421 0.95962 -4.87722e-19)
(0.832632 0.910849 -6.90689e-20)
(0.733324 0.852426 1.23685e-18)
(0.640653 0.788244 1.28499e-18)
(0.570877 0.725116 -8.5354e-19)
(0.518994 0.658343 -2.04182e-18)
(0.460112 0.564439 0)
(0.368084 0.424547 -6.13103e-19)
(0.256539 0.263262 0)
(0.155647 0.111688 -3.30137e-21)
(0.0923551 -3.99314e-05 -3.34774e-19)
(0.0775207 -0.0339414 -3.84084e-19)
(0.0433162 0.0125399 -2.17406e-19)
(0.57866 0.519867 -1.77833e-21)
(1.01952 0.928979 -3.07288e-19)
(1.18352 1.09626 1.07885e-19)
(1.19266 1.12636 2.42643e-19)
(1.14025 1.10434 9.97809e-20)
(1.0701 1.06778 1.939e-20)
(0.993561 1.02888 -1.03238e-19)
(0.910325 0.986186 -5.68976e-20)
(0.818425 0.937484 -5.47444e-19)
(0.716908 0.879404 1.08359e-18)
(0.620497 0.815573 -7.45747e-20)
(0.545332 0.751456 -1.07867e-19)
(0.486421 0.678643 -9.36856e-19)
(0.420861 0.573527 3.35684e-19)
(0.323057 0.417457 -8.00717e-19)
(0.208587 0.238418 0)
(0.112051 0.0664545 0)
(0.0491298 0.0678149 0)
(-0.0245995 0.552751 7.24911e-19)
(0.0131581 1.81223 4.61402e-19)
(0.577367 0.535326 1.08126e-19)
(1.01309 0.952946 -1.54657e-19)
(1.17353 1.12285 -3.37357e-19)
(1.18133 1.15317 -2.64645e-19)
(1.12816 1.13064 -9.47598e-20)
(1.058 1.09372 6.64735e-20)
(0.981225 1.05481 -9.08347e-20)
(0.897476 1.01224 0)
(0.8045 0.963963 5.51833e-20)
(0.700751 0.906744 -1.04385e-18)
(0.600411 0.844009 -1.2488e-18)
(0.519163 0.780151 -1.08307e-19)
(0.451169 0.700142 -1.07347e-18)
(0.377688 0.583267 8.44489e-19)
(0.271583 0.411263 8.10316e-19)
(0.141756 0.220695 0)
(0.0420418 0.297467 0)
(0.0512569 1.51815 3.168e-19)
(0.0754684 2.76545 -7.1791e-19)
(0.0928585 3.23909 2.14429e-19)
(0.576638 0.550816 -2.39139e-19)
(1.00722 0.975746 3.67822e-19)
(1.16385 1.14793 -6.63871e-20)
(1.17041 1.17851 0)
(1.11618 1.1555 -1.79508e-19)
(1.04601 1.11842 1.02701e-20)
(0.9691 1.07985 -8.39371e-20)
(0.884799 1.03762 -2.66415e-20)
(0.790784 0.990065 -4.73241e-19)
(0.684854 0.934213 1.11149e-18)
(0.580566 0.873361 -1.23936e-18)
(0.4928 0.811265 -8.36477e-19)
(0.413341 0.722739 0)
(0.331625 0.593278 6.73773e-19)
(0.219731 0.405512 7.99471e-19)
(0.078764 0.46841 -4.6617e-19)
(0.0906226 1.90556 0)
(0.131053 3.05786 -6.04694e-19)
(0.125304 3.36962 0)
(0.115117 3.43282 1.25047e-19)
(0.576933 0.570988 1.85055e-21)
(1.00319 0.997698 -5.1016e-21)
(1.15434 1.17141 2.72708e-19)
(1.1599 1.20231 3.35739e-19)
(1.10404 1.17883 -2.06644e-19)
(1.034 1.14191 -1.29636e-20)
(0.956827 1.104 5.38004e-20)
(0.872147 1.0623 4.35673e-20)
(0.777182 1.01579 4.34273e-19)
(0.669212 0.961802 -9.82795e-19)
(0.561076 0.903678 -1.15862e-18)
(0.466527 0.844662 9.26087e-19)
(0.372783 0.748008 1.37878e-19)
(0.283476 0.601865 0)
(0.176728 0.634118 2.94785e-22)
(0.109487 1.65049 0)
(0.168819 3.12107 5.41335e-19)
(0.168764 3.39576 8.30305e-19)
(0.152787 3.44873 -2.5754e-19)
(0.133867 3.45972 -4.78678e-19)
(0.986448 1.14592 0)
(0.905695 1.10608 -1.16527e-19)
(0.815534 1.06304 3.63715e-19)
(0.713116 1.0148 0)
(0.600328 0.961004 1.03981e-18)
(0.492546 0.907 -7.63262e-19)
(0.391861 0.841589 0)
(0.151924 3.48645 0)
(0.552571 0.559839 2.90805e-19)
(0.834611 0.866177 4.36998e-19)
(1.09562 1.15965 -3.49043e-19)
(1.14585 1.24049 -5.12808e-19)
(1.11415 1.23886 1.9617e-19)
(1.05033 1.20609 -2.48852e-20)
(0.976802 1.16911 4.2343e-20)
(0.896145 1.1304 -1.64318e-19)
(0.805655 1.08864 -1.74631e-20)
(0.702399 1.04259 -1.66954e-18)
(0.587306 0.992142 -2.2044e-18)
(0.474708 0.942401 7.35487e-19)
(0.364696 0.8767 -7.60768e-21)
(0.249255 0.78767 -4.62009e-19)
(0.191152 1.48711 0)
(0.258547 3.08258 4.06342e-19)
(0.280206 3.4391 1.12518e-20)
(0.251831 3.48812 -2.31481e-19)
(0.216155 3.50558 1.62714e-19)
(0.558218 0.580486 0)
(0.830264 0.882997 3.43491e-19)
(1.08684 1.17991 8.22748e-20)
(1.13504 1.26263 5.33848e-20)
(1.10264 1.26123 0)
(1.03849 1.2283 6.60609e-20)
(0.96513 1.19158 7.51024e-20)
(0.884213 1.15351 -4.27103e-21)
(0.793351 1.1128 -3.05004e-19)
(0.689176 1.06872 1.5862e-18)
(0.572122 1.02192 0)
(0.455767 0.977549 6.94637e-19)
(0.3357 0.90906 -8.90312e-19)
(0.244172 0.984749 0)
(0.276979 2.34932 1.15987e-18)
(0.350472 3.37182 3.32387e-19)
(0.321962 3.50583 5.55403e-21)
(0.287152 3.53905 -4.11463e-19)
(0.24724 3.55992 -1.37271e-19)
(0.561317 0.601978 2.84353e-19)
(0.824873 0.901245 0)
(1.07791 1.2029 3.43898e-19)
(1.12446 1.28689 5.60094e-19)
(1.09139 1.2859 8.59209e-20)
(1.02713 1.25275 -3.01343e-20)
(0.95382 1.21608 -1.15959e-19)
(0.872872 1.17843 8.05356e-20)
(0.781875 1.13875 -1.28402e-20)
(0.677145 1.09672 7.26559e-19)
(0.558911 1.05409 9.68733e-19)
(0.440321 1.01552 -5.81298e-19)
(0.318249 0.960786 -8.64227e-19)
(0.278893 1.36721 1.32248e-19)
(0.369296 3.06127 5.66224e-19)
(0.417638 3.48114 -2.62074e-19)
(0.360994 3.54449 -1.57836e-19)
(0.325078 3.58672 -4.14896e-20)
(0.280789 3.64737 7.04196e-20)
(0.560957 0.622078 1.46319e-19)
(0.817872 0.920794 -3.36597e-19)
(1.06774 1.22756 -1.75739e-19)
(1.11267 1.31235 -4.66058e-19)
(1.07895 1.31135 6.53772e-20)
(1.01481 1.27798 -3.09647e-19)
(0.941836 1.24139 2.75812e-20)
(0.861206 1.20421 -4.23861e-20)
(0.770377 1.16559 0)
(0.665526 1.12572 5.99485e-19)
(0.546696 1.08739 0)
(0.426366 1.05383 -5.96259e-19)
(0.320016 1.04178 0)
(0.340263 1.92324 8.26914e-19)
(0.455041 3.35342 -2.29131e-19)
(0.465845 3.53635 -3.34625e-19)
(0.416597 3.58025 1.02693e-19)
(0.371988 3.65931 -8.31941e-21)
(0.341094 3.67266 -1.18058e-20)
(0.557856 0.640811 -5.50591e-19)
(0.809685 0.94138 -6.74902e-19)
(1.05621 1.25373 -1.78599e-19)
(1.09956 1.33911 1.09017e-19)
(1.06535 1.33774 -5.14761e-19)
(1.00148 1.30399 4.5183e-20)
(0.929089 1.26739 -1.21768e-20)
(0.849001 1.2306 8.40984e-21)
(0.758602 1.19297 -1.6895e-19)
(0.654013 1.15528 -9.30346e-21)
(0.535241 1.12127 7.48288e-21)
(0.412524 1.09222 0)
(0.33157 1.18635 7.3313e-19)
(0.420479 2.55993 1.94102e-19)
(0.531315 3.47406 0)
(0.507866 3.56519 0)
(0.477086 3.63574 0)
(0.447626 3.65838 6.11088e-20)
(0.390217 3.51695 -3.64121e-19)
(0.553654 0.659476 -5.39284e-19)
(0.800584 0.963203 -2.24132e-19)
(1.04344 1.28133 3.38717e-19)
(1.08528 1.36722 -3.47471e-19)
(1.05083 1.36522 0)
(0.987473 1.33086 3.77986e-20)
(0.915882 1.29403 1.58006e-19)
(0.836566 1.25743 -2.84123e-20)
(0.746901 1.22063 0)
(0.643008 1.18497 -9.76614e-19)
(0.524985 1.15501 6.89194e-19)
(0.404796 1.13356 -3.96925e-19)
(0.361986 1.40794 3.86089e-20)
(0.502165 3.04805 7.49791e-19)
(0.591443 3.52808 0)
(0.551069 3.58698 1.88703e-20)
(0.534566 3.63802 9.29966e-20)
(0.500308 3.55013 0)
(0.464403 2.99034 0)
(0.0581457 0.74017 0)
(0.547952 0.677591 0)
(0.790422 0.986033 0)
(1.02939 1.31053 -5.03812e-19)
(1.06965 1.39693 -4.5368e-19)
(1.0351 1.3942 0)
(0.972459 1.35917 3.95078e-20)
(0.901868 1.32204 0)
(0.823555 1.28559 -7.22303e-20)
(0.734917 1.24962 1.02331e-20)
(0.632153 1.21611 -4.01751e-19)
(0.515579 1.19032 -6.09885e-19)
(0.401281 1.18387 4.41951e-19)
(0.410029 1.72058 5.18968e-19)
(0.578958 3.31735 0)
(0.638715 3.55821 1.99822e-19)
(0.596022 3.60795 -3.35131e-20)
(0.573493 3.58858 1.2172e-19)
(0.495979 3.15936 2.2916e-19)
(0.190871 1.20816 1.55975e-19)
(-0.0830354 -0.122021 -5.18597e-19)
(0.541419 0.696302 -2.61318e-19)
(0.779255 1.01032 -4.32341e-19)
(1.01386 1.34124 1.67237e-19)
(1.05248 1.42827 -8.04109e-19)
(1.01795 1.42476 -2.96009e-19)
(0.956245 1.38907 -8.23657e-20)
(0.886882 1.35163 1.37675e-20)
(0.80985 1.31537 2.1023e-20)
(0.722582 1.28033 3.79656e-20)
(0.621442 1.24915 -1.4942e-20)
(0.507078 1.22777 -3.25573e-20)
(0.404761 1.25264 3.62384e-19)
(0.474035 2.10698 0)
(0.650598 3.45303 6.37176e-20)
(0.673431 3.58248 0)
(0.641742 3.59577 -6.62505e-20)
(0.575346 3.38557 -3.01372e-19)
(0.338038 2.02809 -1.16436e-19)
(-0.0314394 0.0229148 1.49025e-19)
(-0.0962757 -0.153736 -4.40923e-19)
(0.533089 0.714952 -4.9719e-21)
(0.766428 1.03581 -2.10853e-19)
(0.996641 1.37334 -1.64569e-19)
(1.0336 1.46121 6.69501e-19)
(0.999244 1.45684 0)
(0.93871 1.42046 -3.64159e-19)
(0.87085 1.38275 5.7033e-20)
(0.795413 1.34671 -3.1624e-19)
(0.709912 1.31265 1.07952e-20)
(0.610946 1.28391 9.78084e-21)
(0.499827 1.26743 0)
(0.418446 1.35121 -3.57503e-19)
(0.554016 2.5634 6.93573e-20)
(0.713675 3.52277 4.15916e-20)
(0.706716 3.59073 0)
(0.669155 3.52738 0)
(0.505794 2.80329 3.15698e-21)
(0.0676902 0.377871 -1.10153e-19)
(-0.101181 -0.155562 6.53659e-19)
(-0.0814666 -0.124862 6.23842e-19)
(0.522837 0.733202 2.47061e-19)
(0.751581 1.06204 -4.11637e-19)
(0.977438 1.40683 -6.30041e-19)
(1.01284 1.49568 1.11469e-18)
(0.978848 1.49039 -1.38163e-19)
(0.919759 1.45329 -3.74185e-19)
(0.853708 1.4153 2.08893e-19)
(0.780217 1.37949 4.36002e-20)
(0.696927 1.34645 -1.57186e-20)
(0.600764 1.32022 4.84001e-21)
(0.494281 1.3095 2.93623e-20)
(0.44478 1.49461 1.66078e-19)
(0.63783 2.96988 2.13786e-19)
(0.764266 3.55926 -1.3434e-20)
(0.739007 3.57903 2.79912e-20)
(0.660687 3.30582 -1.97806e-19)
(0.317393 1.64643 1.53219e-19)
(-0.0686732 -0.0752074 1.00586e-19)
(-0.0953197 -0.172691 2.42428e-19)
(-0.0633063 -0.101695 -2.83519e-19)
(0.510358 0.750639 2.40148e-19)
(0.734355 1.08844 2.01528e-19)
(0.955881 1.4416 3.13343e-19)
(0.989964 1.53156 0)
(0.956617 1.52528 1.65305e-19)
(0.899297 1.48743 0)
(0.835395 1.44914 6.3403e-20)
(0.764258 1.41357 1.93406e-19)
(0.683669 1.38158 5.15783e-20)
(0.590986 1.35785 1.01572e-20)
(0.490963 1.35464 -4.06607e-20)
(0.484372 1.68656 -1.48901e-19)
(0.714888 3.25598 3.14426e-20)
(0.802314 3.57049 -3.18108e-20)
(0.761206 3.52331 -1.51721e-19)
(0.58758 2.82195 -1.37732e-20)
(0.0611295 0.278856 -2.81834e-21)
(-0.100058 -0.165707 4.66836e-19)
(-0.0910464 -0.156549 -8.81385e-19)
(-0.0496279 -0.0795625 0)
(0.495221 0.766584 4.74646e-19)
(0.714111 1.11413 -3.83427e-19)
(0.93142 1.47709 -6.19701e-19)
(0.964714 1.56861 0)
(0.93237 1.56133 1.55047e-19)
(0.87721 1.5227 -4.04235e-19)
(0.815844 1.48408 2.36381e-19)
(0.747512 1.44877 -3.71508e-20)
(0.670175 1.41781 9.89307e-20)
(0.581683 1.39646 1.08967e-20)
(0.490497 1.40496 1.96118e-20)
(0.535588 1.92429 1.65867e-20)
(0.780601 3.41602 -3.70252e-20)
(0.835305 3.56857 -3.7955e-20)
(0.760579 3.38584 1.83119e-19)
(0.424227 1.97908 -6.2974e-21)
(-0.0700399 -0.0785854 -7.37181e-20)
(-0.105982 -0.190495 2.59953e-19)
(-0.0832454 -0.148659 5.11112e-20)
(-0.0425931 -0.0714034 0)
(0.476641 0.779814 9.20034e-19)
(0.690185 1.13815 -8.57005e-21)
(0.903634 1.5127 2.91003e-19)
(0.936783 1.60647 0)
(0.905931 1.59824 4.70085e-19)
(0.853369 1.55882 -2.03923e-19)
(0.794985 1.51985 6.87207e-20)
(0.729962 1.48478 -3.61901e-19)
(0.656466 1.45486 6.25093e-20)
(0.572891 1.4357 0)
(0.493707 1.46224 2.56303e-20)
(0.594157 2.18427 -3.71425e-21)
(0.835834 3.49967 5.09253e-21)
(0.860835 3.55253 -1.77074e-19)
(0.724342 3.11809 1.73398e-19)
(0.201394 0.787236 0)
(-0.078858 -0.143726 2.71605e-19)
(-0.0966743 -0.195148 1.59145e-19)
(-0.0694924 -0.138576 -3.79404e-19)
(-0.0334789 -0.061479 -4.45391e-19)
(0.454308 0.789301 8.88089e-19)
(0.661873 1.15929 -7.98888e-21)
(0.8719 1.54743 -2.94957e-19)
(0.905848 1.64468 -2.13061e-19)
(0.8771 1.63561 -3.08792e-19)
(0.827651 1.59543 2.17013e-19)
(0.772731 1.55609 1.2455e-19)
(0.711579 1.52123 7.36859e-20)
(0.64255 1.49233 -3.91742e-20)
(0.564615 1.4753 -1.75435e-20)
(0.501394 1.52712 -2.02091e-20)
(0.661748 2.48393 -2.54087e-20)
(0.879087 3.53592 -2.73951e-20)
(0.872841 3.50566 0)
(0.645809 2.70433 -1.62471e-19)
(0.0216781 0.131566 1.14243e-19)
(-0.126563 -0.201154 -5.7968e-19)
(-0.107994 -0.208227 0)
(-0.0643722 -0.130912 3.5489e-19)
(-0.0267467 -0.0518211 0)
(0.426759 0.793627 2.08749e-19)
(0.628724 1.1755 1.78455e-19)
(0.835562 1.58025 -5.58757e-19)
(0.871718 1.68221 -4.24248e-19)
(0.845688 1.67288 -6.20201e-19)
(0.799943 1.63201 2.05178e-19)
(0.749025 1.59231 0)
(0.692304 1.55763 1.5402e-19)
(0.6284 1.52967 -5.51515e-20)
(0.556832 1.51489 -9.37903e-20)
(0.512754 1.6005 0)
(0.729012 2.76762 3.20163e-20)
(0.911623 3.54805 -1.45892e-19)
(0.868234 3.41849 -3.51353e-19)
(0.527445 2.16118 -8.57951e-20)
(-0.0157492 -0.0574461 -3.63661e-21)
(-0.107975 -0.242392 -2.3862e-19)
(-0.0950431 -0.224507 -2.1164e-19)
(-0.0466193 -0.119736 -4.16003e-20)
(-0.0153071 -0.0362384 3.40516e-19)
(0.394205 0.790748 -2.03356e-19)
(0.589862 1.18412 1.72107e-19)
(0.794192 1.60924 5.64533e-19)
(0.834077 1.71802 4.27486e-19)
(0.811629 1.70931 3.16206e-19)
(0.770168 1.66793 2.16495e-19)
(0.723809 1.62793 4.06386e-19)
(0.672089 1.59344 3.61415e-19)
(0.613932 1.56626 -7.04123e-20)
(0.54938 1.55376 -1.47966e-19)
(0.526318 1.6822 -1.06188e-19)
(0.79125 2.99736 -1.23335e-19)
(0.935443 3.55327 1.6781e-19)
(0.845357 3.29157 -1.31759e-19)
(0.365311 1.46961 -8.20834e-20)
(-0.13236 -0.0942893 -2.94135e-19)
(-0.132211 -0.279339 2.32486e-19)
(-0.0849752 -0.248232 -2.69319e-19)
(-0.0220296 -0.103593 3.54578e-19)
(0.00223724 -0.0107411 -1.3955e-22)
(0.355891 0.777407 0)
(0.543924 1.18254 6.55032e-19)
(0.747377 1.63176 -5.15353e-19)
(0.792784 1.75089 4.1413e-19)
(0.774967 1.74406 -1.31252e-20)
(0.738335 1.70245 -5.48959e-21)
(0.697065 1.66224 1.24131e-20)
(0.650881 1.62803 9.89525e-20)
(0.598989 1.60146 6.44697e-20)
(0.541987 1.59101 3.32819e-20)
(0.540947 1.76705 8.74561e-21)
(0.844345 3.1659 -7.28192e-20)
(0.954365 3.55275 -9.71908e-20)
(0.809038 3.14006 1.38681e-19)
(0.215593 0.831278 -7.83481e-20)
(-0.0980696 -0.240306 1.0627e-19)
(-0.0754466 -0.393071 -2.34751e-19)
(-0.0199296 -0.276716 5.40665e-19)
(0.0408328 -0.0489553 -4.09029e-20)
(0.0453488 0.0657484 -4.75735e-20)
(0.31122 0.748872 -1.88606e-19)
(0.489481 1.16553 0)
(0.694667 1.64471 -2.50814e-19)
(0.747759 1.7789 -1.94594e-19)
(0.735882 1.77595 -2.15409e-20)
(0.70456 1.73469 -1.9566e-19)
(0.66889 1.69451 -2.77705e-19)
(0.628664 1.66068 -1.88171e-19)
(0.583452 1.63467 -3.8471e-19)
(0.534342 1.62568 -8.98069e-20)
(0.554873 1.84586 7.77687e-20)
(0.884324 3.27009 -1.672e-19)
(0.973672 3.54666 -7.55744e-21)
(0.780845 2.98961 0)
(0.083084 0.454662 -9.90846e-20)
(-0.1039 -0.44799 1.14147e-19)
(-0.062084 -0.460322 1.90253e-19)
(0.0104801 -0.207914 0)
(0.0655189 0.0988863 -4.38638e-20)
(0.0658835 0.177849 -7.16648e-19)
(0.259939 0.699173 7.15594e-19)
(0.427868 1.12536 1.98907e-22)
(0.636046 1.64341 4.62929e-19)
(0.699013 1.80002 -1.75343e-19)
(0.694744 1.80355 0)
(0.669223 1.76367 -1.95088e-19)
(0.63945 1.72393 1.34915e-19)
(0.605486 1.69074 3.87184e-19)
(0.567215 1.66527 -1.42886e-19)
(0.526048 1.6567 1.7754e-19)
(0.563798 1.90918 -1.58673e-19)
(0.911522 3.32507 -8.56161e-20)
(0.999962 3.53128 -1.26072e-19)
(0.797729 2.86495 -7.77125e-20)
(0.0322571 0.198188 5.73166e-19)
(-0.166856 -0.535959 2.95499e-19)
(-0.121685 -0.404801 5.29156e-20)
(-0.0342937 -0.0175217 -2.83487e-19)
(0.0236624 0.17056 -3.82669e-20)
(0.0247581 0.107722 7.48578e-19)
(0.20316 0.61923 0)
(0.360775 1.05278 0)
(0.574594 1.62145 0)
(0.64662 1.81068 3.36755e-19)
(0.65197 1.82495 2.50665e-19)
(0.632975 1.78842 3.74778e-19)
(0.60914 1.74972 -1.37187e-19)
(0.58151 1.71757 2.94306e-19)
(0.550102 1.69274 2.63083e-19)
(0.516338 1.6836 0)
(0.56042 1.95046 -1.59449e-19)
(0.920427 3.34104 1.53547e-19)
(1.00989 3.49836 0)
(0.883001 2.76235 0)
(0.169315 0.162079 -1.07357e-19)
(-0.0953584 -0.556399 1.36077e-19)
(-0.0645255 -0.370151 0)
(0.0318243 0.0160411 -4.24677e-19)
(0.0525232 0.130153 4.93847e-19)
(0.0261442 0.0654705 -5.80297e-19)
(0.144557 0.502801 0)
(0.28789 0.935887 -6.73345e-20)
(0.508343 1.56898 -5.0888e-19)
(0.59383 1.80628 -4.03359e-19)
(0.608469 1.83819 -2.46148e-19)
(0.596786 1.80828 -2.73914e-19)
(0.578544 1.77126 0)
(0.557047 1.7406 0)
(0.531954 1.71684 -1.30593e-19)
(0.504385 1.7074 -9.33559e-20)
(0.544912 1.967 -1.52833e-19)
(0.898529 3.33535 0)
(0.957311 3.46013 -2.21365e-21)
(0.820924 2.67385 1.35782e-20)
(0.276712 0.223198 -2.67196e-20)
(-0.0235815 -0.43669 -4.53714e-20)
(-0.0363019 -0.330827 -1.29359e-19)
(0.0690082 0.0719093 3.13101e-19)
(0.0836153 0.2 3.77211e-19)
(0.0535965 0.160928 -1.43747e-20)
(0.0890153 0.360075 -5.69073e-19)
(0.205521 0.753631 4.69866e-19)
(0.437257 1.47175 3.69638e-19)
(0.541203 1.78124 0)
(0.566408 1.84293 2.18627e-19)
(0.562122 1.82343 -1.68164e-19)
(0.548427 1.78828 -5.71362e-21)
(0.532585 1.75967 -1.8849e-21)
(0.51311 1.73755 -2.61435e-19)
(0.490557 1.72728 0)
(0.519929 1.9653 -7.79556e-20)
(0.838739 3.32028 2.63275e-21)
(0.838256 3.47267 2.36697e-20)
(0.564335 2.69947 -1.2858e-21)
(0.0182873 0.505284 -5.1816e-20)
(-0.253185 -0.329179 -4.28655e-21)
(-0.236629 -0.409265 -1.79015e-20)
(-0.0668371 -0.0212992 1.42463e-19)
(0.0324708 0.212612 2.02881e-19)
(0.0456924 0.216723 2.43622e-19)
(0.0432019 0.207555 -2.51702e-19)
(0.123853 0.515356 2.6196e-19)
(0.357584 1.30252 4.28938e-20)
(0.488026 1.72512 0)
(0.526264 1.83648 0)
(0.529851 1.83388 1.52372e-19)
(0.519615 1.80102 -5.88777e-20)
(0.508528 1.77493 0)
(0.494958 1.75412 -6.16405e-20)
(0.47706 1.74618 9.30215e-20)
(0.496806 1.94267 0)
(0.818682 3.28329 -7.46785e-20)
(0.818415 3.62217 0)
(0.531988 3.02996 -7.80946e-20)
(-0.0240848 1.08235 2.29966e-19)
(-0.420341 -0.239606 -4.1668e-20)
(-0.475789 -0.606573 -4.14561e-20)
(-0.326918 -0.539081 0)
(-0.0769578 -0.0298376 3.9424e-19)
(0.00576153 0.117599 -4.35575e-19)
(0.0144899 0.0756172 1.41466e-20)
(0.055919 0.257931 -2.08851e-19)
(0.256481 1.00778 -3.83613e-20)
(0.430331 1.6145 0)
(0.48847 1.81252 4.74883e-20)
(0.498326 1.83406 1.42088e-19)
(0.492525 1.81054 2.65999e-20)
(0.485271 1.78605 4.16718e-20)
(0.47722 1.7659 6.10838e-20)
(0.471532 1.75657 0)
(0.48798 1.89456 -1.53172e-19)
(0.848762 3.13786 -7.58465e-21)
(1.03384 3.7067 -5.39665e-20)
(0.979797 3.52195 0)
(0.374856 1.8308 -4.36502e-19)
(-0.17197 0.16851 -3.49197e-20)
(-0.514025 -0.582367 -5.84646e-19)
(-0.564288 -1.0755 -1.11057e-18)
(-0.421132 -1.12549 6.11622e-19)
(-0.107612 -0.355216 -1.12667e-20)
(0.00324126 -0.0108917 2.83778e-33)
(0.0184455 0.0616829 -1.05455e-20)
(0.133499 0.572794 -7.70082e-20)
(0.342921 1.36824 -1.39e-20)
(0.445364 1.74843 0)
(0.467643 1.82765 5.02938e-20)
(0.467159 1.82014 1.26041e-20)
(0.460934 1.79343 3.72758e-22)
(0.457648 1.77037 0)
(0.462422 1.75297 1.13285e-33)
(0.478963 1.80911 -1.78229e-20)
(0.781797 2.61337 0)
(1.1521 3.49225 -6.13206e-20)
(1.26774 3.46916 5.91494e-21)
(1.24843 2.9545 0)
(0.873669 1.56543 0)
(0.472277 0.449481 0)
(0.15718 -0.380103 -9.20739e-21)
(-0.0706022 -1.50624 -9.33013e-21)
(-0.112695 -1.56384 -1.21257e-19)
(-0.000318678 -0.0264079 0)
(0.00471972 -0.035071 0)
(0.0465912 0.180645 0)
(0.216725 0.93117 0)
(0.38106 1.59521 0)
(0.433684 1.8051 0)
(0.439145 1.82253 0)
(0.434969 1.79766 0)
(0.434381 1.76941 0)
(0.438786 1.7408 0)
(0.470236 1.74833 0)
(0.604689 2.14001 0)
(1.06007 3.24376 0)
(1.2174 3.33782 0)
(1.25598 3.08675 0)
(1.08805 2.29872 0)
(0.719921 1.14557 0)
(0.45769 0.176053 0)
(0.244461 -0.716119 0)
(0.0605693 -1.2029 0)
(-0.00016052 -0.0252439 0)
(0.00121739 -0.0693611 0)
(0.0170274 0.0125518 0)
(0.101159 0.467124 0)
(0.296653 1.33434 0)
(0.391673 1.74794 0)
(0.407703 1.81818 0)
(0.40689 1.80133 0)
(0.404665 1.76806 0)
(0.411951 1.72686 0)
(0.448976 1.71379 0)
(0.510798 1.90227 0)
(0.884278 2.95701 0)
(1.02882 3.22935 0)
(1.04491 3.11569 0)
(0.985652 2.69161 0)
(0.725578 1.76842 0)
(0.490914 0.802987 0)
(0.268847 -0.0516012 0)
(0.0841517 -0.660559 0)
(-0.000213012 -0.0226802 0)
(-0.000524842 -0.0796526 0)
(0.00664826 -0.0555562 0)
(0.0429961 0.170304 0)
(0.204294 0.996429 0)
(0.339549 1.64333 0)
(0.371641 1.80581 0)
(0.372856 1.80482 0)
(0.371624 1.76376 0)
(0.376488 1.71462 0)
(0.401299 1.67886 0)
(0.446676 1.76421 0)
(0.679447 2.65982 0)
(0.804284 3.16627 0)
(0.792317 3.14785 0)
(0.737136 2.91923 0)
(0.556591 2.19654 0)
(0.376455 1.33283 0)
(0.202011 0.525723 0)
(0.0595238 -0.120429 0)
(8.17011e-05 -0.021933 0)
(0.000861749 -0.0873775 0)
(0.00702552 -0.0967137 0)
(0.0315395 0.0308075 0)
(0.123173 0.647045 0)
(0.27878 1.49127 0)
(0.32924 1.78097 0)
(0.333584 1.80316 0)
(0.331749 1.76104 0)
(0.329988 1.70627 0)
(0.349881 1.64988 0)
(0.374642 1.70302 0)
(0.507463 2.41779 0)
(0.61548 3.13836 0)
(0.586174 3.21446 0)
(0.535942 3.13044 0)
(0.397981 2.58827 0)
(0.24283 1.76409 0)
(0.129721 0.916769 0)
(0.0333837 0.230551 0)
(-0.000291622 -0.0218669 0)
(-0.00595489 -0.086101 0)
(-0.00850582 -0.127825 0)
(0.00998615 -0.0556794 0)
(0.0629215 0.380857 0)
(0.210335 1.307 0)
(0.280688 1.74234 0)
(0.28929 1.8008 0)
(0.284409 1.76423 0)
(0.280603 1.70036 0)
(0.287757 1.63163 0)
(0.299727 1.66335 0)
(0.372036 2.26352 0)
(0.48084 3.10761 0)
(0.465439 3.26991 0)
(0.435704 3.25146 0)
(0.371675 2.91009 0)
(0.245046 2.08528 0)
(0.141656 1.22678 0)
(0.0370376 0.526766 0)
(-0.00223631 0.00707199 0)
(-0.0241835 -0.0267894 0)
(-0.0399792 -0.122817 0)
(-0.0331135 -0.11783 0)
(0.00948961 0.185652 0)
(0.145154 1.11102 0)
(0.232651 1.69207 0)
(0.242157 1.8009 0)
(0.233781 1.77157 0)
(0.225532 1.70148 0)
(0.221295 1.63099 0)
(0.233471 1.64381 0)
(0.270007 2.15242 0)
(0.3703 3.07565 0)
(0.377343 3.29527 0)
(0.363598 3.29016 0)
(0.351044 3.07256 0)
(0.266499 2.3523 0)
(0.161726 1.55894 0)
(0.0449683 0.887771 0)
(-0.00241288 0.0588705 0)
(-0.0108928 0.0431541 0)
(0.0163038 -0.142258 0)
(0.0612519 -0.164676 0)
(0.0751637 0.0787796 0)
(0.134853 0.911493 0)
(0.202522 1.64247 0)
(0.195018 1.80634 0)
(0.179572 1.78292 0)
(0.166971 1.70742 0)
(0.156825 1.63262 0)
(0.161147 1.63446 0)
(0.171289 2.03976 0)
(0.283768 3.01556 0)
(0.295287 3.2911 0)
(0.286319 3.30287 0)
(0.27844 3.15179 0)
(0.220771 2.57299 0)
(0.131266 1.89273 0)
(0.0302472 1.24075 0)
(0.000400911 0.0635349 0)
(0.0535028 -0.131933 0)
(0.171576 -0.389242 0)
(0.24133 -0.307912 0)
(0.237451 0.15093 0)
(0.148388 0.82259 0)
(0.172469 1.62725 0)
(0.139297 1.82491 0)
(0.117009 1.79563 0)
(0.105833 1.71388 0)
(0.0975198 1.63797 0)
(0.093981 1.64224 0)
(0.085907 1.95207 0)
(0.196318 2.95416 0)
(0.226501 3.29308 0)
(0.213906 3.32177 0)
(0.202213 3.2161 0)
(0.155975 2.74833 0)
(0.0860845 2.17463 0)
(0.0107413 1.48253 0)
(0.00733903 -0.0576234 0)
(0.10422 -0.599311 0)
(0.188894 -0.654515 0)
(0.201447 -0.294422 0)
(0.16514 0.280437 0)
(0.0919109 0.894635 0)
(0.0710667 1.6626 0)
(0.0447475 1.85221 0)
(0.0399065 1.80501 0)
(0.0433473 1.71793 0)
(0.0427449 1.64291 0)
(0.0368629 1.65176 0)
(0.0218576 1.89472 0)
(0.133391 2.87951 0)
(0.16416 3.29237 0)
(0.150028 3.34823 0)
(0.138209 3.27635 0)
(0.0988352 2.88486 0)
(0.0449379 2.38656 0)
(-0.00209772 1.61252 0)
(0.0145003 -0.271126 0)
(0.0646943 -0.850703 0)
(0.0726408 -0.678232 0)
(0.0439595 -0.211727 0)
(0.00385873 0.365365 0)
(-0.0602025 1.01912 0)
(-0.0957455 1.70471 0)
(-0.0822508 1.85291 0)
(-0.0483626 1.79627 0)
(-0.0189515 1.71088 0)
(-0.0028467 1.64363 0)
(-0.00111072 1.66064 0)
(-0.00872717 1.86373 0)
(0.0818426 2.79207 0)
(0.113565 3.28507 0)
(0.100646 3.37425 0)
(0.0858589 3.32748 0)
(0.0531546 2.99376 0)
(0.0125559 2.54374 0)
(-0.0107742 1.626 0)
(0.00648071 -0.414857 0)
(0.000827913 -0.854931 0)
(-0.0457049 -0.565714 0)
(-0.106279 -0.0936891 0)
(-0.171555 0.484409 0)
(-0.245288 1.15153 0)
(-0.263712 1.68882 0)
(-0.201411 1.79696 0)
(-0.130435 1.75222 0)
(-0.0724194 1.68413 0)
(-0.0359082 1.63151 0)
(-0.0198584 1.66049 0)
(-0.0122568 1.84624 0)
(0.0405902 2.71055 0)
(0.067111 3.28131 0)
(0.0571053 3.40545 0)
(0.0400919 3.37528 0)
(0.0136678 3.07896 0)
(-0.0157651 2.64102 0)
(-0.0135847 1.57818 0)
(-0.00298943 -0.406732 0)
(-0.0590622 -0.650202 0)
(-0.149696 -0.341159 0)
(-0.248014 0.110598 0)
(-0.340529 0.667257 0)
(-0.403937 1.2523 0)
(-0.365557 1.59734 0)
(-0.271829 1.68941 0)
(-0.183117 1.67446 0)
(-0.108237 1.63801 0)
(-0.0558554 1.60431 0)
(-0.0262157 1.64774 0)
(-0.00897368 1.83159 0)
(0.0111725 2.6523 0)
(0.0255126 3.27805 0)
(0.0153173 3.43616 0)
(-0.00257729 3.41891 0)
(-0.0219848 3.14339 0)
(-0.0386002 2.67082 0)
(-0.015374 1.46651 0)
(-0.00958743 -0.265602 0)
(-0.0821121 -0.340959 0)
(-0.185156 -0.0475915 0)
(-0.291729 0.351388 0)
(-0.382409 0.812867 0)
(-0.412315 1.23853 0)
(-0.363686 1.47192 0)
(-0.281596 1.56885 0)
(-0.197049 1.58678 0)
(-0.122074 1.58055 0)
(-0.0635861 1.56752 0)
(-0.0257817 1.62819 0)
(-0.00647113 1.8222 0)
(-0.011129 2.62886 0)
(-0.00855301 3.28162 0)
(-0.019728 3.46531 0)
(-0.0355779 3.45311 0)
(-0.0482868 3.18168 0)
(-0.0474644 2.64276 0)
(-0.0129546 1.34111 0)
(-0.00763013 -0.0981914 0)
(-0.0702416 -0.0291052 0)
(-0.159972 0.237073 0)
(-0.250783 0.568803 0)
(-0.321769 0.922692 0)
(-0.343515 1.21736 0)
(-0.305436 1.38365 0)
(-0.247219 1.47641 0)
(-0.182089 1.51067 0)
(-0.117868 1.52441 0)
(-0.0614212 1.52845 0)
(-0.0218106 1.60502 0)
(-0.0032909 1.81997 0)
(-0.0252581 2.64087 0)
(-0.0339516 3.29474 0)
(-0.0455776 3.49238 0)
(-0.0562678 3.47639 0)
(-0.060518 3.18906 0)
(-0.0473925 2.5606 0)
(-0.0104449 1.22734 0)
(-0.00443704 0.0210812 0)
(-0.0455568 0.212692 0)
(-0.108762 0.462521 0)
(-0.173945 0.740875 0)
(-0.225371 1.00936 0)
(-0.243655 1.21208 0)
(-0.231083 1.34064 0)
(-0.196958 1.41854 0)
(-0.153056 1.4548 0)
(-0.103589 1.47781 0)
(-0.0540894 1.4917 0)
(-0.0152246 1.57997 0)
(0.00193272 1.82268 0)
(-0.0305474 2.66763 0)
(-0.0467659 3.30989 0)
(-0.0584305 3.51213 0)
(-0.0641522 3.48643 0)
(-0.0618827 3.17389 0)
(-0.0399891 2.45998 0)
(-0.0082406 1.13375 0)
(-0.00180219 0.0844662 0)
(-0.0236906 0.367522 0)
(-0.0635133 0.617391 0)
(-0.107158 0.862231 0)
(-0.143844 1.07626 0)
(-0.162217 1.22518 0)
(-0.164178 1.32472 0)
(-0.147943 1.38551 0)
(-0.121271 1.41667 0)
(-0.0866985 1.44069 0)
(-0.0453835 1.4585 0)
(-0.00616347 1.55256 0)
(0.0126167 1.83436 0)
(-0.0303748 2.70728 0)
(-0.051224 3.32786 0)
(-0.0609716 3.52462 0)
(-0.0629997 3.48548 0)
(-0.0561736 3.13766 0)
(-0.0318304 2.36399 0)
(-0.00634916 1.05995 0)
(-0.000519972 0.11102 0)
(-0.0101081 0.452824 0)
(-0.0328607 0.715927 0)
(-0.0611768 0.944556 0)
(-0.0873167 1.12801 0)
(-0.104341 1.24659 0)
(-0.112544 1.32459 0)
(-0.107531 1.36986 0)
(-0.093106 1.39321 0)
(-0.0709926 1.41344 0)
(-0.039172 1.42982 0)
(-0.00140711 1.52098 0)
(0.017499 1.85485 0)
(-0.0320264 2.75747 0)
(-0.0554987 3.34845 0)
(-0.062191 3.53049 0)
(-0.0599564 3.47782 0)
(-0.049278 3.09322 0)
(-0.02602 2.28132 0)
(-0.00509563 1.00145 0)
(2.22381e-05 0.118689 0)
(-0.002839 0.492286 0)
(-0.0142392 0.774656 0)
(-0.0319755 0.999513 0)
(-0.0505719 1.16754 0)
(-0.0652729 1.26909 0)
(-0.0754156 1.33219 0)
(-0.0772305 1.36543 0)
(-0.0715569 1.38116 0)
(-0.0596178 1.39537 0)
(-0.0380573 1.40508 0)
(-0.00865771 1.49114 0)
(0.00304636 1.87868 0)
(-0.0440906 2.81006 0)
(-0.0639481 3.36396 0)
(-0.063629 3.52828 0)
(-0.0579681 3.46003 0)
(-0.0435754 3.04406 0)
(-0.0218877 2.21004 0)
(-0.00429315 0.952914 0)
(0.000185878 0.117978 0)
(0.000623744 0.505053 0)
(-0.00365343 0.806617 0)
(-0.0142031 1.03568 0)
(-0.027442 1.19767 0)
(-0.039874 1.28982 0)
(-0.0502069 1.34302 0)
(-0.0558904 1.36719 0)
(-0.0563734 1.37698 0)
(-0.0529653 1.38566 0)
(-0.043296 1.3896 0)
(-0.0298136 1.47376 0)
(-0.0307149 1.90307 0)
(-0.0681006 2.85387 0)
(-0.0771015 3.36778 0)
(-0.0673347 3.51413 0)
(-0.0545469 3.43261 0)
(-0.0370904 2.99303 0)
(-0.0174814 2.14927 0)
(-0.00337258 0.913498 0)
(0.000240572 0.114088 0)
(0.00203954 0.503561 0)
(0.00187613 0.821211 0)
(-0.00376554 1.05895 0)
(-0.0131119 1.22089 0)
(-0.023615 1.30853 0)
(-0.0335764 1.35541 0)
(-0.041334 1.37349 0)
(-0.0463337 1.37924 0)
(-0.0503795 1.38437 0)
(-0.0521258 1.38538 0)
(-0.0570484 1.47378 0)
(-0.0673132 1.92242 0)
(-0.0860859 2.87915 0)
(-0.0841349 3.35593 0)
(-0.0667949 3.48628 0)
(-0.048423 3.39492 0)
(-0.0292014 2.94244 0)
(-0.0128652 2.09996 0)
(-0.00231613 0.883574 0)
(0.000207738 0.109415 0)
(0.00256961 0.495282 0)
(0.00463253 0.82476 0)
(0.00213846 1.07312 0)
(-0.00432562 1.23878 0)
(-0.0131944 1.32521 0)
(-0.0225834 1.36809 0)
(-0.0312893 1.38236 0)
(-0.0392234 1.38594 0)
(-0.0483955 1.38993 0)
(-0.0602162 1.39309 0)
(-0.0788696 1.48882 0)
(-0.0934396 1.92906 0)
(-0.0887651 2.88497 0)
(-0.0799431 3.33245 0)
(-0.0588781 3.44991 0)
(-0.0375078 3.35174 0)
(-0.0199122 2.89845 0)
(-0.00851667 2.06398 0)
(-0.00120481 0.863023 0)
(0.000180052 0.104961 0)
(0.0025013 0.484362 0)
(0.00555831 0.822099 0)
(0.00525278 1.08105 0)
(0.000950632 1.25232 0)
(-0.00643779 1.33993 0)
(-0.0150534 1.38047 0)
(-0.0239684 1.39254 0)
(-0.0333643 1.39533 0)
(-0.0455023 1.39987 0)
(-0.0632149 1.40836 0)
(-0.08842 1.51213 0)
(-0.105357 1.92238 0)
(-0.0822184 2.88037 0)
(-0.0650007 3.30164 0)
(-0.0446851 3.41178 0)
(-0.0249742 3.31186 0)
(-0.0117915 2.86697 0)
(-0.00585644 2.04058 0)
(-0.000403757 0.849756 0)
(0.000148867 0.101009 0)
(0.00225244 0.473055 0)
(0.00565415 0.815537 0)
(0.00663524 1.08475 0)
(0.00380456 1.2625 0)
(-0.00203766 1.35276 0)
(-0.00969848 1.39217 0)
(-0.0181279 1.40293 0)
(-0.0275486 1.40567 0)
(-0.0402441 1.41162 0)
(-0.0591897 1.4258 0)
(-0.0828327 1.53574 0)
(-0.0976577 1.91092 0)
(-0.0572379 2.8556 0)
(-0.0402218 3.27236 0)
(-0.0261602 3.38088 0)
(-0.0122362 3.28179 0)
(-0.00665837 2.8535 0)
(-0.00499303 2.0251 0)
(6.77089e-05 0.840442 0)
(0.000121294 0.0976604 0)
(0.00193066 0.462518 0)
(0.00515586 0.807313 0)
(0.00688489 1.08515 0)
(0.00528127 1.26985 0)
(0.000675634 1.36351 0)
(-0.00583717 1.40259 0)
(-0.0131033 1.41248 0)
(-0.0213455 1.41538 0)
(-0.0321532 1.42223 0)
(-0.0478188 1.44044 0)
(-0.0637407 1.55274 0)
(-0.0725475 1.898 0)
(-0.0306823 2.81267 0)
(-0.0151698 3.25167 0)
(-0.00876191 3.36323 0)
(-0.00470253 3.27097 0)
(-0.00545095 2.85439 0)
(-0.00582367 2.0111 0)
(0.000129171 0.83165 0)
(0.00010891 0.094782 0)
(0.00160663 0.452958 0)
(0.00440452 0.798426 0)
(0.00648618 1.08417 0)
(0.00569179 1.27505 0)
(0.00226136 1.37226 0)
(-0.00291833 1.41139 0)
(-0.00856066 1.42055 0)
(-0.0147479 1.42311 0)
(-0.0221382 1.42982 0)
(-0.0303442 1.44851 0)
(-0.0351498 1.55976 0)
(-0.0373387 1.89117 0)
(-0.0083526 2.75809 0)
(0.00499566 3.24324 0)
(0.00112166 3.3646 0)
(-0.00335085 3.27614 0)
(-0.0088341 2.86336 0)
(-0.00838767 1.99156 0)
(-0.000220971 0.820019 0)
(0.000548181 0.270242 0)
(0.00289936 0.625772 0)
(0.00564506 0.948811 0)
(0.00643167 1.19174 0)
(0.00471973 1.33499 0)
(0.000621264 1.39871 0)
(-0.00429559 1.42032 0)
(-0.00932617 1.4224 0)
(-0.0145084 1.42894 0)
(-0.0191266 1.43858 0)
(-0.0213482 1.49536 0)
(-0.023854 1.68379 0)
(-0.0239348 2.23194 0)
(0.0149914 3.06994 0)
(0.00959496 3.3359 0)
(0.000340411 3.3591 0)
(-0.00791584 3.12513 0)
(-0.0145931 2.49961 0)
(-0.00379405 1.39769 0)
(-0.00207063 0.799827 0)
(-0.14065 1.4307 0)
(0.0629891 3.27657 2.85308e-22)
(0.114094 3.59803 -6.10919e-20)
(0.11522 3.55888 0)
(0.111102 3.50651 -2.58558e-19)
(0.103168 3.46799 0)
(0.0948485 3.44692 -3.62171e-19)
(0.0854601 3.4296 -7.75516e-21)
(0.0724997 3.3052 -7.23095e-19)
(0.0398997 2.16389 -4.08712e-19)
(-0.0478585 1.08852 -8.12595e-20)
(0.039146 3.0978 1.46684e-19)
(0.0634163 3.52469 -2.0526e-19)
(0.0682352 3.51559 -2.36166e-19)
(0.068759 3.47569 -3.31592e-19)
(0.0670044 3.44685 -1.08291e-20)
(0.0637571 3.43228 1.26506e-20)
(0.0598281 3.42502 0)
(0.0534461 3.33548 -6.97432e-21)
(0.0347433 2.27231 -4.71207e-19)
(-0.0247353 0.969676 1.42434e-21)
(0.0214839 3.03439 -5.12596e-21)
(0.0325915 3.48327 8.53318e-21)
(0.0378114 3.48204 0)
(0.0409134 3.44963 -3.43719e-19)
(0.042716 3.42765 3.88013e-19)
(0.0438752 3.41825 -4.2967e-19)
(0.0460349 3.41698 -4.38351e-19)
(0.0461675 3.34576 -4.63818e-19)
(0.0332582 2.33838 3.79959e-21)
(-0.016065 0.905407 2.33133e-19)
(0.0063373 3.01107 -6.72491e-21)
(0.011807 3.45349 -1.62472e-19)
(0.0172176 3.45415 -1.86975e-19)
(0.0225446 3.42642 -1.21716e-20)
(0.0273213 3.40907 -2.30415e-19)
(0.0321842 3.40293 2.29863e-19)
(0.0382763 3.40491 0)
(0.0416832 3.34927 2.37297e-19)
(0.0331561 2.40158 0)
(-0.0118931 0.876387 1.4743e-19)
(-0.00699499 3.01321 1.69312e-19)
(-0.00166104 3.42955 1.94406e-19)
(0.00347088 3.42915 2.07801e-19)
(0.0107433 3.40434 -2.2546e-19)
(0.017878 3.38982 -1.44864e-20)
(0.0253571 3.38556 -1.52241e-20)
(0.0340122 3.38965 2.57171e-19)
(0.0397293 3.34793 2.75785e-19)
(0.0350984 2.46317 2.69042e-19)
(-0.0100116 0.86833 -1.80859e-19)
(-0.0151306 3.0304 -2.12294e-19)
(-0.0121148 3.40991 2.2889e-19)
(-0.0055343 3.40505 2.27465e-19)
(0.00299672 3.38197 2.31123e-19)
(0.0119905 3.36907 -2.50197e-20)
(0.0215234 3.36584 -9.23604e-21)
(0.0322042 3.37137 -2.65689e-19)
(0.0405018 3.3423 0)
(0.0390169 2.52661 -6.55435e-21)
(-0.0105773 0.875816 0)
(-0.0220481 3.05756 2.20613e-19)
(-0.0203752 3.3908 -4.4726e-19)
(-0.0123601 3.38033 -1.50216e-20)
(-0.0025514 3.35806 0)
(0.00813995 3.34591 -2.73393e-19)
(0.019635 3.34316 2.92201e-19)
(0.0323536 3.3496 -2.76216e-19)
(0.0434596 3.3321 -9.38929e-21)
(0.0448783 2.59439 4.84539e-21)
(-0.0116472 0.901524 2.27937e-19)
(-0.0299116 3.08978 -2.33891e-19)
(-0.0284008 3.36971 -2.53198e-19)
(-0.0185607 3.35318 2.70691e-19)
(-0.00720102 3.33112 0)
(0.00543468 3.31917 0)
(0.0190962 3.31657 0)
(0.0340995 3.32356 -2.98415e-19)
(0.0483646 3.31653 3.20058e-19)
(0.0525334 2.66518 0)
(-0.0157423 0.95289 0)
(-0.0402976 3.12251 -1.23074e-20)
(-0.037529 3.34398 2.98291e-19)
(-0.0251629 3.3216 0)
(-0.0115246 3.29944 -3.11656e-19)
(0.00349244 3.28757 -1.99754e-20)
(0.0196306 3.28513 -3.17923e-19)
(0.0370956 3.29248 1.06821e-20)
(0.0546843 3.2947 3.7395e-19)
(0.0615913 2.73938 -3.57991e-19)
(-0.0236497 1.0471 2.67353e-19)
(-0.0536661 3.15077 2.67259e-19)
(-0.047911 3.31083 -1.36505e-19)
(-0.0322023 3.28376 -1.64297e-19)
(-0.0155166 3.26192 4.18779e-20)
(0.00232565 3.25048 2.97733e-19)
(0.0210972 3.24845 1.63143e-19)
(0.0410768 3.25619 1.1793e-20)
(0.0614323 3.26598 0)
(0.0711759 2.81526 -3.94542e-19)
(-0.0351617 1.20604 4.75281e-21)
(-0.0686865 3.16927 -1.56667e-19)
(-0.0581292 3.26894 -2.00246e-20)
(-0.0384969 3.23953 -1.81962e-19)
(-0.0186714 3.21921 1.57396e-19)
(0.00173324 3.20883 -8.97714e-21)
(0.0227602 3.20729 -2.03984e-19)
(0.0449625 3.21508 1.29418e-20)
(0.0674642 3.23031 2.07471e-19)
(0.080323 2.88931 0)
(-0.0472407 1.44295 5.35723e-21)
(-0.0808104 3.17322 -1.61802e-19)
(-0.0642507 3.21896 0)
(-0.041867 3.19093 0)
(-0.0201382 3.17305 -2.08243e-19)
(0.00130471 3.16408 -2.32457e-19)
(0.0232164 3.16318 9.49374e-21)
(0.0466836 3.17083 1.41592e-20)
(0.0706263 3.18919 -2.22955e-19)
(0.0881577 2.95716 -7.54639e-21)
(-0.0549879 1.75547 1.92333e-19)
(-0.0858129 3.1595 -8.43123e-21)
(-0.064214 3.16489 0)
(-0.0421532 3.13959 -2.10306e-19)
(-0.0204148 3.12345 -1.89921e-19)
(0.00126924 3.11578 -1.18105e-22)
(0.0233254 3.11625 1.21633e-19)
(0.0460602 3.12495 1.54087e-20)
(0.0691182 3.14552 2.65667e-19)
(0.0922539 3.01439 0)
(-0.0562311 2.13198 0)
(-0.083217 3.1285 6.87793e-21)
(-0.0625313 3.1072 -5.50448e-21)
(-0.0425394 3.08442 -1.20496e-19)
(-0.0205632 3.07077 0)
(0.00176076 3.06517 3.13109e-20)
(0.0242406 3.06667 0)
(0.0461734 3.07576 -1.36275e-19)
(0.0663491 3.09788 -1.57076e-19)
(0.0929624 3.05394 0)
(-0.0582362 2.53333 6.03389e-20)
(-0.085738 3.07221 -1.3312e-19)
(-0.0582062 3.04389 1.56848e-20)
(-0.0360473 3.03114 0)
(-0.0161511 3.02478 -6.32722e-20)
(0.00151691 3.02245 1.58436e-21)
(0.0193289 3.0233 6.99313e-20)
(0.0389024 3.02783 -7.29077e-20)
(0.0622968 3.0415 -1.88691e-20)
(0.0963803 3.05644 0)
(-0.0331706 2.87888 7.47933e-21)
(-0.0355336 2.99877 3.54785e-20)
(-0.0179641 3.00012 1.44714e-20)
(-0.00998926 3.00099 0)
(-0.00475119 3.00041 -2.89612e-20)
(0.000319171 3.00133 1.6024e-22)
(0.00437117 3.00033 -3.03573e-20)
(0.00998086 2.99968 3.15476e-20)
(0.0195374 2.99915 0)
(0.0458925 3.0026 0)
(0.27543 0.294559 -1.40764e-19)
(0.841359 0.855904 -2.11888e-19)
(1.10414 1.14203 -1.37556e-19)
(1.15549 1.21937 -2.22615e-19)
(1.12429 1.21685 -3.38278e-20)
(1.06029 1.18362 3.27777e-20)
(0.26957 0.688418 0)
(0.160455 0.920967 3.79906e-19)
(0.172263 2.47781 -2.10666e-19)
(0.220154 3.32881 -1.1106e-19)
(0.207083 3.44369 5.70496e-20)
(0.179598 3.46687 1.56444e-20)
(0.176508 3.52643 -1.63682e-19)
(0.198091 3.58983 2.40041e-19)
(0.218831 3.66849 3.05832e-20)
(0.255274 3.64841 1.23915e-19)
(0.271745 3.12735 3.65094e-19)
)
;

boundaryField
{
    wall-4
    {
        type            noSlip;
    }
    pressure-outlet-7
    {
        type            zeroGradient;
    }
    velocity-inlet-6
    {
        type            fixedValue;
        value           uniform (0 3 0);
    }
    velocity-inlet-5
    {
        type            fixedValue;
        value           uniform (1 0 0);
    }
    frontAndBackPlanes
    {
        type            empty;
    }
}


// ************************************************************************* //
