/*--------------------------------*- C++ -*----------------------------------*\
| =========                 |                                                 |
| \\      /  F ield         | OpenFOAM: The Open Source CFD Toolbox           |
|  \\    /   O peration     | Version:  v2012                                 |
|   \\  /    A nd           | Website:  www.openfoam.com                      |
|    \\/     M anipulation  |                                                 |
\*---------------------------------------------------------------------------*/
FoamFile
{
    version     2.0;
    format      ascii;
    class       volVectorField;
    location    "19";
    object      U;
}
// * * * * * * * * * * * * * * * * * * * * * * * * * * * * * * * * * * * * * //

dimensions      [0 1 -1 0 0 0 0];


internalField   nonuniform List<vector> 
8800
(
(0.984953 -0.0884488 0)
(1.00212 -0.0568193 0)
(0.999688 -0.0305527 0)
(1.00003 -0.01585 0)
(1.00004 -0.00868477 0)
(1.00001 -0.00503493 0)
(1 -0.00296976 0)
(0.999995 -0.00169753 0)
(0.999996 -0.000821239 0)
(1.00005 -0.000132169 0)
(0.999998 0.000560629 0)
(0.999994 0.00132109 0)
(0.999998 0.00235195 0)
(1 0.00394052 0)
(1.00002 0.00664721 0)
(1.00006 0.011702 0)
(0.999931 0.022036 0)
(0.999199 0.0411614 0)
(1.00744 0.0768937 0)
(0.773647 0.0450686 0)
(0.361061 -0.0151656 0)
(1.04561 -0.0741683 0)
(1.08713 -0.0678443 0)
(1.04778 -0.0522437 0)
(1.02458 -0.0383503 0)
(1.01236 -0.0260973 0)
(1.00643 -0.0167655 0)
(1.00357 -0.010254 0)
(1.00218 -0.00563003 0)
(1.00154 -0.00209814 0)
(1.00142 0.00100804 0)
(1.00177 0.00426103 0)
(1.00272 0.00818083 0)
(1.00471 0.0135839 0)
(1.00884 0.021342 0)
(1.01741 0.0321544 0)
(1.03456 0.0455073 0)
(1.0656 0.0596493 0)
(1.09415 0.0728909 0)
(0.842409 0.0556751 0)
(0.217225 -0.00163855 0)
(1.07599 -0.0502373 0)
(1.09991 -0.0485641 0)
(1.06469 -0.039978 0)
(1.03992 -0.0327718 0)
(1.02365 -0.0254683 0)
(1.0139 -0.0181569 0)
(1.00843 -0.011587 0)
(1.00559 -0.0059517 0)
(1.00445 -0.000755477 0)
(1.00477 0.00427661 0)
(1.00663 0.00951937 0)
(1.01057 0.0154848 0)
(1.01788 0.0223643 0)
(1.03057 0.0296469 0)
(1.05082 0.0367213 0)
(1.08063 0.0441519 0)
(1.10651 0.0514501 0)
(0.943393 0.0411708 0)
(0.216862 0.00164967 0)
(0.176215 -0.000637105 0)
(1.01905 -0.0352007 0)
(1.10569 -0.0411547 0)
(1.07814 -0.0360249 0)
(1.05273 -0.0300328 0)
(1.03535 -0.0243106 0)
(1.02332 -0.0186234 0)
(1.0154 -0.0127209 0)
(1.01079 -0.00677862 0)
(1.0088 -0.000768423 0)
(1.00936 0.00517956 0)
(1.01247 0.0109924 0)
(1.01854 0.016775 0)
(1.02834 0.0223923 0)
(1.04277 0.0278972 0)
(1.06366 0.0336159 0)
(1.0942 0.0396008 0)
(1.09481 0.0413317 0)
(0.830254 0.0225248 0)
(0.175607 0.000650002 0)
(0.154949 -0.000474385 0)
(0.958392 -0.0251439 0)
(1.1043 -0.0344595 0)
(1.08781 -0.0319475 0)
(1.06119 -0.0274206 0)
(1.04325 -0.0225224 0)
(1.03084 -0.0174646 0)
(1.02216 -0.0122551 0)
(1.01653 -0.00670221 0)
(1.01388 -0.000572732 0)
(1.01461 0.00562918 0)
(1.01856 0.0112636 0)
(1.02551 0.0163941 0)
(1.03581 0.0212756 0)
(1.05059 0.0260633 0)
(1.07236 0.0305729 0)
(1.10136 0.0345883 0)
(1.07064 0.0330179 0)
(0.744275 0.0139447 0)
(0.154042 0.000488881 0)
(0.140869 -0.00034342 0)
(0.902766 -0.0184986 0)
(1.09706 -0.0290563 0)
(1.09599 -0.0281151 0)
(1.06861 -0.0244232 0)
(1.04959 -0.0205137 0)
(1.03657 -0.0161432 0)
(1.02758 -0.0112951 0)
(1.02165 -0.00601267 0)
(1.01874 -0.000179109 0)
(1.01947 0.00567983 0)
(1.02362 0.0109939 0)
(1.03077 0.0157703 0)
(1.04141 0.0200867 0)
(1.057 0.0239235 0)
(1.08001 0.027426 0)
(1.10416 0.0302242 0)
(1.04028 0.0266144 0)
(0.68014 0.00960853 0)
(0.1396 0.000360371 0)
(0.130891 -0.0002531 0)
(0.855436 -0.0136541 0)
(1.08523 -0.0241705 0)
(1.10127 -0.0244893 0)
(1.075 -0.0215101 0)
(1.05544 -0.0182108 0)
(1.04189 -0.0143753 0)
(1.03245 -0.00999514 0)
(1.02624 -0.00512362 0)
(1.02316 0.000290792 0)
(1.02381 0.00571254 0)
(1.02803 0.0105647 0)
(1.03544 0.0148109 0)
(1.04653 0.018519 0)
(1.06261 0.0217059 0)
(1.08604 0.0245168 0)
(1.10378 0.0263096 0)
(1.00812 0.0212531 0)
(0.632119 0.00692282 0)
(0.129185 0.00027382 0)
(0.123799 -0.000182073 0)
(0.817302 -0.00982162 0)
(1.0712 -0.0193044 0)
(1.10425 -0.0203756 0)
(1.08034 -0.0178633 0)
(1.06055 -0.0149466 0)
(1.04672 -0.0118143 0)
(1.0369 -0.00827914 0)
(1.03034 -0.00409574 0)
(1.02705 0.000850923 0)
(1.02761 0.00586056 0)
(1.0319 0.010037 0)
(1.03956 0.0133971 0)
(1.05089 0.0161934 0)
(1.06715 0.0187425 0)
(1.09079 0.0211508 0)
(1.10085 0.0221804 0)
(0.977419 0.0164898 0)
(0.596328 0.00497295 0)
(0.121561 0.000207917 0)
(0.118878 -0.000130153 0)
(0.788147 -0.00665771 0)
(1.05701 -0.0147035 0)
(1.10622 -0.0163934 0)
(1.08516 -0.0145262 0)
(1.06486 -0.0122932 0)
(1.05097 -0.00968277 0)
(1.04132 -0.00651607 0)
(1.03481 -0.00277926 0)
(1.03139 0.00157675 0)
(1.03179 0.00587291 0)
(1.03589 0.00946028 0)
(1.04322 0.0123035 0)
(1.05434 0.0145327 0)
(1.07087 0.0163042 0)
(1.09451 0.0179916 0)
(1.09614 0.0182086 0)
(0.950242 0.0123139 0)
(0.570278 0.00343857 0)
(0.115989 0.000162847 0)
(0.115954 -5.93121e-05 0)
(0.767595 -0.00371235 0)
(1.04323 -0.00996261 0)
(1.10627 -0.0123729 0)
(1.08825 -0.0115207 0)
(1.06774 -0.00985438 0)
(1.05369 -0.00773503 0)
(1.04395 -0.00499187 0)
(1.03739 -0.00156707 0)
(1.03385 0.00239621 0)
(1.03405 0.00624112 0)
(1.03791 0.00936699 0)
(1.04509 0.0116476 0)
(1.05619 0.0132859 0)
(1.07278 0.0144132 0)
(1.09587 0.0150997 0)
(1.08918 0.0140956 0)
(0.927309 0.00827387 0)
(0.552773 0.00205059 0)
(0.112268 0.000100613 0)
(0.114923 6.64241e-06 0)
(0.75511 -0.00158783 0)
(1.03111 -0.00579921 0)
(1.10444 -0.00833103 0)
(1.09032 -0.00813434 0)
(1.07057 -0.00693227 0)
(1.05703 -0.00522024 0)
(1.04759 -0.00288615 0)
(1.04104 -1.58339e-05 0)
(1.03733 0.00339642 0)
(1.03726 0.00667506 0)
(1.04082 0.00903736 0)
(1.04753 0.0106373 0)
(1.05794 0.0115048 0)
(1.07393 0.0120405 0)
(1.09501 0.0120241 0)
(1.08057 0.0102779 0)
(0.909577 0.0052178 0)
(0.542224 0.00114981 0)
(0.110247 4.45906e-05 0)
(0.114996 3.41647e-05 0)
(0.748167 -0.000621172 0)
(1.02224 -0.00330937 0)
(1.10236 -0.00517523 0)
(1.09156 -0.0050909 0)
(1.07242 -0.00406788 0)
(1.05899 -0.00271051 0)
(1.04966 -0.000844244 0)
(1.04324 0.00159426 0)
(1.0395 0.0045764 0)
(1.03901 0.00734169 0)
(1.04199 0.00914669 0)
(1.04821 0.0100874 0)
(1.0583 0.0104506 0)
(1.07396 0.0103601 0)
(1.09313 0.00989983 0)
(1.07241 0.00804745 0)
(0.896447 0.00392814 0)
(0.535259 0.000881521 0)
(0.109093 2.83684e-05 0)
(0.115493 4.02498e-05 0)
(0.743776 -0.000259609 0)
(1.01591 -0.00231342 0)
(1.10108 -0.00379398 0)
(1.09284 -0.00352184 0)
(1.0743 -0.00250904 0)
(1.06101 -0.00115119 0)
(1.05185 0.000726683 0)
(1.04552 0.00317207 0)
(1.04162 0.0059879 0)
(1.04069 0.00845725 0)
(1.04311 0.00991275 0)
(1.04878 0.0105514 0)
(1.05828 0.0106248 0)
(1.07314 0.0103529 0)
(1.0908 0.00962704 0)
(1.06498 0.00765331 0)
(0.885407 0.00375909 0)
(0.529182 0.00091241 0)
(0.108036 3.69528e-05 0)
(0.116107 4.20045e-05 0)
(0.740538 7.86682e-05 0)
(1.00998 -0.00182395 0)
(1.09966 -0.00385416 0)
(1.09441 -0.00387324 0)
(1.0763 -0.00293022 0)
(1.0633 -0.00128561 0)
(1.05445 0.00119277 0)
(1.04813 0.00430798 0)
(1.04391 0.00764308 0)
(1.04244 0.0105073 0)
(1.04415 0.0122537 0)
(1.049 0.013078 0)
(1.05786 0.0129763 0)
(1.07218 0.0123911 0)
(1.08804 0.0113161 0)
(1.05661 0.00839771 0)
(0.874241 0.00391217 0)
(0.522985 0.00101217 0)
(0.106769 5.48829e-05 0)
(0.116944 4.96306e-05 0)
(0.738486 0.000562571 0)
(1.00347 -0.00093791 0)
(1.09621 -0.00374459 0)
(1.0947 -0.00464538 0)
(1.0786 -0.00402568 0)
(1.06634 -0.00196626 0)
(1.05779 0.00130132 0)
(1.05133 0.00528613 0)
(1.04663 0.00965802 0)
(1.04451 0.0133733 0)
(1.04553 0.0156827 0)
(1.0495 0.0168755 0)
(1.05718 0.0171034 0)
(1.07028 0.016132 0)
(1.08269 0.0137629 0)
(1.04518 0.00901138 0)
(0.86248 0.00390294 0)
(0.516687 0.00108797 0)
(0.105248 7.11692e-05 0)
(0.118154 6.19245e-05 0)
(0.738693 0.00122996 0)
(0.997648 0.000601841 0)
(1.09059 -0.00226466 0)
(1.09435 -0.00416487 0)
(1.08084 -0.00365569 0)
(1.07011 -0.00140807 0)
(1.06207 0.00244885 0)
(1.05554 0.00710958 0)
(1.05026 0.0122764 0)
(1.04731 0.0165645 0)
(1.0473 0.0191826 0)
(1.05032 0.0203854 0)
(1.05617 0.0201836 0)
(1.06676 0.0187139 0)
(1.07376 0.0148092 0)
(1.03136 0.00884536 0)
(0.851171 0.00379202 0)
(0.510489 0.00116581 0)
(0.103529 8.27623e-05 0)
(0.119916 8.66867e-05 0)
(0.741181 0.00192093 0)
(0.994474 0.00251066 0)
(1.08491 0.000671908 0)
(1.09276 -0.00115573 0)
(1.08313 -0.000867617 0)
(1.07429 0.00169222 0)
(1.06671 0.00569008 0)
(1.06007 0.0105206 0)
(1.05407 0.0157182 0)
(1.05005 0.0197541 0)
(1.0489 0.0218926 0)
(1.05036 0.022404 0)
(1.0545 0.0216079 0)
(1.06111 0.0189765 0)
(1.0628 0.014204 0)
(1.01772 0.0083297 0)
(0.841075 0.00384724 0)
(0.504218 0.00130286 0)
(0.1016 9.38159e-05 0)
(0.122389 0.000120807 0)
(0.746685 0.00274862 0)
(0.995186 0.00444589 0)
(1.08186 0.00424365 0)
(1.09175 0.00360559 0)
(1.08558 0.00435143 0)
(1.07839 0.00702744 0)
(1.0713 0.0109469 0)
(1.06441 0.0155585 0)
(1.05749 0.0201566 0)
(1.05214 0.0232712 0)
(1.04966 0.0242786 0)
(1.04936 0.023633 0)
(1.05113 0.0216818 0)
(1.05418 0.0182088 0)
(1.05195 0.0134195 0)
(1.00584 0.00822369 0)
(0.831817 0.00424477 0)
(0.497346 0.0015442 0)
(0.0993547 0.000111178 0)
(0.125705 0.000163173 0)
(0.755233 0.00364991 0)
(0.999237 0.00641646 0)
(1.08247 0.0077373 0)
(1.0929 0.0085928 0)
(1.08865 0.010436 0)
(1.08258 0.0135694 0)
(1.07569 0.0175702 0)
(1.06824 0.0219276 0)
(1.0601 0.0257122 0)
(1.05315 0.0275774 0)
(1.04905 0.0271746 0)
(1.04681 0.0252277 0)
(1.04642 0.02204 0)
(1.04688 0.0180973 0)
(1.04217 0.0135485 0)
(0.995517 0.00892517 0)
(0.822412 0.0050165 0)
(0.489266 0.00188548 0)
(0.096662 0.000134697 0)
(0.129998 0.000215439 0)
(0.766715 0.00477166 0)
(1.00692 0.00868344 0)
(1.08662 0.011425 0)
(1.09662 0.013629 0)
(1.09309 0.0167904 0)
(1.08735 0.0207684 0)
(1.08017 0.0252058 0)
(1.07169 0.0294959 0)
(1.06189 0.0325631 0)
(1.05295 0.0331325 0)
(1.047 0.0311917 0)
(1.04288 0.0279143 0)
(1.04067 0.0238182 0)
(1.03932 0.0194289 0)
(1.03313 0.014928 0)
(0.985685 0.0104205 0)
(0.811837 0.00612412 0)
(0.479397 0.0023374 0)
(0.0933559 0.000166342 0)
(0.135636 0.000291968 0)
(0.781685 0.00630061 0)
(1.01798 0.0114964 0)
(1.09395 0.0155036 0)
(1.10303 0.0191594 0)
(1.0993 0.0237003 0)
(1.09317 0.0288277 0)
(1.08505 0.0339973 0)
(1.07493 0.038453 0)
(1.06294 0.0409956 0)
(1.05162 0.0403723 0)
(1.04352 0.03703 0)
(1.03767 0.0323495 0)
(1.03389 0.0272907 0)
(1.0312 0.0222992 0)
(1.02396 0.0174977 0)
(0.975177 0.0126342 0)
(0.799197 0.00758191 0)
(0.467207 0.00289859 0)
(0.089293 0.000204635 0)
(0.143119 0.000406983 0)
(0.801109 0.00845522 0)
(1.03273 0.0152548 0)
(1.10455 0.0206039 0)
(1.11219 0.0257568 0)
(1.10759 0.0318669 0)
(1.10028 0.0383683 0)
(1.09047 0.0444839 0)
(1.07807 0.0492864 0)
(1.06331 0.0513894 0)
(1.04917 0.049561 0)
(1.03865 0.0447653 0)
(1.03103 0.0386951 0)
(1.02583 0.0324804 0)
(1.02203 0.0266229 0)
(1.01382 0.0211633 0)
(0.963062 0.015563 0)
(0.783693 0.00943392 0)
(0.452125 0.00359134 0)
(0.0843258 0.000251551 0)
(0.153209 0.00057946 0)
(0.826263 0.0115834 0)
(1.05199 0.0204043 0)
(1.11884 0.0272686 0)
(1.12448 0.034182 0)
(1.11822 0.0421357 0)
(1.1089 0.0502367 0)
(1.09657 0.057466 0)
(1.08112 0.062644 0)
(1.06291 0.0641978 0)
(1.04549 0.0609972 0)
(1.0323 0.0545843 0)
(1.0228 0.0469773 0)
(1.01616 0.0393803 0)
(1.01128 0.0323749 0)
(1.00199 0.0259438 0)
(0.948512 0.0192851 0)
(0.764836 0.0117386 0)
(0.433733 0.00440245 0)
(0.0783395 0.000296667 0)
(0.167183 0.000859325 0)
(0.859086 0.0163038 0)
(1.07709 0.0276997 0)
(1.13756 0.0363783 0)
(1.14047 0.0456586 0)
(1.13163 0.0558003 0)
(1.11925 0.0656306 0)
(1.10336 0.0738988 0)
(1.08397 0.0792194 0)
(1.06159 0.0798904 0)
(1.04042 0.0749902 0)
(1.02432 0.0666949 0)
(1.01273 0.0573195 0)
(1.00451 0.0481032 0)
(0.998438 0.03968 0)
(0.987801 0.0319951 0)
(0.930744 0.0239513 0)
(0.741825 0.0145939 0)
(0.411463 0.00539645 0)
(0.0711895 0.000350585 0)
(0.18728 0.00136441 0)
(0.90295 0.0238917 0)
(1.11025 0.0388346 0)
(1.16201 0.0498464 0)
(1.16075 0.0621746 0)
(1.14791 0.0746642 0)
(1.13111 0.086005 0)
(1.11047 0.0948406 0)
(1.08623 0.0997209 0)
(1.05903 0.0989067 0)
(1.03369 0.091817 0)
(1.01447 0.0813035 0)
(1.00058 0.0699129 0)
(0.990593 0.0588673 0)
(0.983086 0.0488029 0)
(0.970658 0.0396033 0)
(0.908857 0.0298547 0)
(0.713539 0.0182277 0)
(0.384524 0.00665362 0)
(0.0627475 0.000408576 0)
(0.216885 0.00250957 0)
(0.963742 0.0374224 0)
(1.15361 0.0576187 0)
(1.19348 0.0715708 0)
(1.18525 0.0869346 0)
(1.16642 0.101199 0)
(1.14363 0.113098 0)
(1.11711 0.121422 0)
(1.08724 0.124802 0)
(1.05474 0.121593 0)
(1.025 0.11168 0)
(1.00251 0.0985844 0)
(0.986172 0.0849759 0)
(0.974207 0.0719809 0)
(0.964953 0.0601754 0)
(0.950047 0.0493456 0)
(0.881827 0.0374668 0)
(0.678819 0.0229114 0)
(0.352841 0.00832394 0)
(0.0532726 0.000449406 0)
(0.257919 0.00913033 -2.76418e-20)
(1.04541 0.0652434 -2.20589e-20)
(1.20533 0.0901708 6.29741e-21)
(1.2295 0.10722 0)
(1.21155 0.123758 2.46054e-35)
(1.18518 0.137789 -2.25878e-23)
(1.15533 0.148532 -2.00144e-21)
(1.1222 0.154965 0)
(1.08616 0.155808 8.62185e-35)
(1.04786 0.149512 -6.74797e-21)
(1.01323 0.136431 0)
(0.986995 0.12065 -9.876e-21)
(0.967677 0.104841 -3.03087e-20)
(0.953155 0.0900311 -1.46906e-20)
(0.941421 0.0767955 -4.63939e-21)
(0.923137 0.0646767 -2.80931e-21)
(0.846954 0.0505978 0)
(0.634311 0.0316752 2.00524e-21)
(0.315307 0.0129654 2.36992e-21)
(0.0445389 0.00148963 4.13801e-20)
(0.284388 0.0253294 -4.90509e-20)
(1.1116 0.110029 9.93454e-22)
(1.24941 0.138203 -2.95236e-21)
(1.2618 0.15629 0)
(1.23514 0.17113 5.27543e-21)
(1.20143 0.183409 3.4216e-21)
(1.16458 0.192254 -1.06328e-21)
(1.12471 0.196546 -1.05688e-20)
(1.0821 0.194929 0)
(1.03721 0.185799 2.86817e-20)
(0.996519 0.169944 3.2132e-20)
(0.965208 0.151917 1.04186e-20)
(0.941599 0.134354 4.14511e-20)
(0.923278 0.118049 6.12793e-20)
(0.907729 0.103505 0)
(0.883931 0.0901881 9.12386e-20)
(0.802357 0.0740419 1.32681e-19)
(0.58844 0.0500276 1.47096e-19)
(0.287684 0.02388 -1.69928e-19)
(0.0397565 0.00339431 -3.09107e-21)
(0.281483 0.0413509 0)
(1.15036 0.167751 -1.50246e-20)
(1.28171 0.198609 0)
(1.2869 0.21515 2.51779e-20)
(1.25354 0.226475 0)
(1.21351 0.235305 1.41695e-20)
(1.17036 0.240896 5.6085e-22)
(1.12429 0.242041 -1.44679e-20)
(1.07556 0.237276 -3.10281e-21)
(1.02459 0.224966 1.3797e-20)
(0.978354 0.206344 7.54621e-20)
(0.942477 0.186413 -5.80071e-22)
(0.915045 0.16769 -3.12568e-20)
(0.893396 0.150781 -6.09803e-20)
(0.874888 0.135894 7.40342e-20)
(0.848972 0.122248 -1.33052e-19)
(0.772593 0.104056 -1.81629e-20)
(0.575062 0.0753348 0)
(0.296336 0.0391824 2.07922e-22)
(0.0455799 0.00645825 0)
(0.272562 0.0550673 -3.6552e-19)
(1.16863 0.22842 1.53264e-19)
(1.30258 0.264336 8.37624e-20)
(1.30342 0.278736 -1.63138e-20)
(1.26538 0.286195 2.50376e-20)
(1.22058 0.290985 -3.35417e-20)
(1.1724 0.292701 -6.08628e-22)
(1.12108 0.29013 0)
(1.06697 0.281793 -5.22396e-20)
(1.01059 0.266035 0)
(0.959562 0.244602 -3.84086e-20)
(0.9199 0.222868 -5.47397e-20)
(0.889476 0.203214 -3.51651e-20)
(0.86542 0.185995 -4.55867e-20)
(0.845083 0.17113 0)
(0.81902 0.157389 0)
(0.749361 0.138767 -1.22793e-19)
(0.573248 0.105151 2.44155e-20)
(0.309993 0.0578352 -1.41969e-20)
(0.0523524 0.0102652 -1.63281e-20)
(0.263622 0.0673197 2.68807e-19)
(1.17418 0.288614 0)
(1.31389 0.330831 -2.33549e-19)
(1.31222 0.343489 -6.08539e-20)
(1.27091 0.347273 -4.72606e-20)
(1.22262 0.3481 0)
(1.17057 0.345906 -7.85232e-21)
(1.11504 0.339486 1.19139e-20)
(1.05647 0.327402 2.22212e-20)
(0.995479 0.308038 7.05282e-20)
(0.940468 0.283684 0)
(0.897844 0.260084 -1.19469e-19)
(0.865303 0.239423 -7.68544e-20)
(0.839733 0.221825 -4.63875e-20)
(0.818432 0.207022 3.05561e-19)
(0.793042 0.193507 3.75424e-20)
(0.730102 0.174493 1.79061e-19)
(0.57016 0.135875 -8.60493e-19)
(0.317196 0.0769161 5.08313e-19)
(0.0566423 0.0140807 -6.07178e-19)
(0.255775 0.0783477 2.82951e-19)
(1.17186 0.346398 -5.35005e-20)
(1.31816 0.396261 4.09035e-20)
(1.31493 0.407615 1.12031e-19)
(1.27129 0.40793 6.9606e-20)
(1.22039 0.405038 3.31635e-21)
(1.16528 0.399138 7.32612e-21)
(1.10635 0.38899 7.38562e-21)
(1.04412 0.373178 -4.90447e-20)
(0.979254 0.350152 0)
(0.920933 0.322716 -5.10382e-20)
(0.876104 0.297025 -3.00948e-21)
(0.842104 0.275092 -8.62129e-20)
(0.815623 0.256835 0)
(0.79399 0.241797 -6.67307e-20)
(0.769728 0.228172 -1.62409e-19)
(0.712331 0.208137 4.48987e-19)
(0.563039 0.164154 -4.44366e-19)
(0.317585 0.0936512 6.26945e-19)
(0.057954 0.0172909 -6.45832e-19)
(0.249459 0.0885788 -8.3401e-22)
(1.16478 0.401182 6.5234e-20)
(1.3172 0.459547 1.94904e-19)
(1.31297 0.469953 -6.83158e-20)
(1.26767 0.467151 3.9619e-20)
(1.2147 0.460888 0)
(1.15715 0.45152 1.96794e-20)
(1.09543 0.437847 -4.20606e-21)
(1.03008 0.418447 -2.17948e-20)
(0.961941 0.391756 0)
(0.900766 0.361077 -4.95694e-20)
(0.854073 0.333018 -7.04728e-20)
(0.818992 0.309473 9.44232e-20)
(0.79207 0.290148 -6.06956e-20)
(0.770554 0.274371 -2.94273e-19)
(0.7475 0.26018 1.81059e-19)
(0.694113 0.238492 5.71719e-20)
(0.551894 0.188982 0)
(0.312909 0.107677 -6.10257e-19)
(0.0573995 0.0198383 -2.21467e-20)
(0.244545 0.0983306 4.61948e-20)
(1.15497 0.452851 -7.48668e-20)
(1.31239 0.520045 -1.06446e-19)
(1.30755 0.529865 -2.10373e-19)
(1.26096 0.524365 1.91259e-19)
(1.20638 0.515069 -1.04129e-19)
(1.14686 0.502522 -4.1475e-20)
(1.08276 0.485566 -5.16438e-21)
(1.01468 0.462761 2.35406e-20)
(0.943584 0.43247 -1.7236e-19)
(0.879887 0.398444 -6.14659e-20)
(0.831692 0.367697 0)
(0.795912 0.342181 1.03354e-19)
(0.768827 0.32141 1.28084e-19)
(0.74757 0.304543 1.57957e-19)
(0.725531 0.289282 -1.976e-19)
(0.674921 0.265638 -5.94133e-20)
(0.537432 0.210478 6.99894e-20)
(0.30443 0.119046 0)
(0.0556807 0.021762 -4.8259e-20)
(0.240811 0.107728 -5.34983e-19)
(1.1438 0.501539 3.423e-19)
(1.30491 0.577544 1.16912e-19)
(1.29957 0.587045 -1.60168e-19)
(1.25197 0.579195 1.13896e-19)
(1.1961 0.567212 -7.72652e-21)
(1.13493 0.551809 4.10168e-20)
(1.0688 0.531851 -2.99387e-21)
(0.998316 0.505862 -3.95559e-20)
(0.92454 0.472116 3.33881e-22)
(0.858587 0.434658 -1.82534e-19)
(0.808969 0.401007 1.80355e-19)
(0.772582 0.37317 -1.16004e-19)
(0.745405 0.350593 1.44655e-19)
(0.724453 0.332276 0)
(0.703224 0.315634 -1.07304e-19)
(0.654415 0.289512 -2.44717e-21)
(0.520316 0.228615 -3.06221e-19)
(0.293087 0.127953 -4.49618e-20)
(0.0529728 0.0230249 0)
(0.238079 0.116867 0)
(1.13205 0.547491 3.71042e-19)
(1.29549 0.631989 2.71909e-19)
(1.28972 0.64135 1.80366e-19)
(1.2413 0.631462 1.10055e-19)
(1.1844 0.617109 0)
(1.12187 0.59916 3.70762e-20)
(1.05399 0.576501 -2.40686e-21)
(0.981357 0.547598 8.37407e-20)
(0.905083 0.51057 -2.08179e-20)
(0.836762 0.469687 -1.3399e-19)
(0.785628 0.432967 9.00005e-20)
(0.74864 0.402496 -3.88571e-21)
(0.721447 0.37777 1.52229e-19)
(0.700805 0.357681 9.98325e-20)
(0.680215 0.339331 -2.33756e-19)
(0.632509 0.310274 2.82469e-19)
(0.500866 0.243474 8.39306e-20)
(0.27943 0.134502 3.44465e-19)
(0.0495093 0.0236012 -9.10618e-19)
(0.236206 0.125899 -1.36867e-19)
(1.12027 0.590871 2.13628e-19)
(1.28478 0.683419 -1.68732e-19)
(1.27859 0.692771 -2.08711e-19)
(1.2295 0.681085 0)
(1.17175 0.664642 8.90812e-20)
(1.10807 0.644447 -1.07721e-19)
(1.03866 0.619387 -3.7493e-21)
(0.964032 0.587861 0)
(0.885261 0.547781 -3.25648e-19)
(0.814558 0.503525 3.65484e-19)
(0.761795 0.463595 0)
(0.723974 0.430224 1.37426e-19)
(0.696717 0.403026 -3.90519e-21)
(0.676371 0.380859 -3.15702e-19)
(0.656277 0.360485 1.24028e-19)
(0.609119 0.32808 0)
(0.479406 0.255203 4.55413e-19)
(0.263888 0.138699 0)
(0.0455155 0.0235894 -4.34088e-19)
(0.235005 0.13482 1.52363e-19)
(1.10871 0.63193 2.43813e-19)
(1.27337 0.731845 -1.76725e-19)
(1.2666 0.741338 0)
(1.21695 0.728055 1.50215e-19)
(1.1585 0.709773 0)
(1.09385 0.687599 1.39368e-19)
(1.02306 0.660435 1.66119e-20)
(0.946561 0.626604 7.45157e-21)
(0.865373 0.583771 -1.60768e-19)
(0.792194 0.536314 3.5263e-20)
(0.737595 0.493067 0)
(0.69868 0.456543 -2.9216e-19)
(0.671156 0.426533 4.04014e-21)
(0.651055 0.402012 0)
(0.631281 0.379298 4.82979e-21)
(0.58415 0.343073 4.15981e-19)
(0.45587 0.263717 -3.98829e-19)
(0.246558 0.140504 1.17035e-19)
(0.0409868 0.0229441 0)
(0.234118 0.143515 0)
(1.09753 0.670767 2.72321e-19)
(1.2615 0.777427 2.06597e-19)
(1.25407 0.787118 -4.35832e-21)
(1.20398 0.772405 9.35332e-20)
(1.14498 0.752509 2.09309e-19)
(1.0795 0.728614 -4.51127e-20)
(1.00748 0.699634 7.76629e-21)
(0.929248 0.663815 4.83476e-20)
(0.84565 0.618575 -2.49656e-19)
(0.769769 0.568143 -6.16866e-21)
(0.713042 0.521611 -1.18866e-19)
(0.672825 0.481779 4.79058e-19)
(0.64474 0.44872 -4.82671e-21)
(0.624738 0.421481 -2.4906e-19)
(0.605085 0.39602 -4.55193e-19)
(0.557504 0.355426 0)
(0.430265 0.269174 0)
(0.227513 0.139817 1.28704e-19)
(0.036113 0.0216597 -7.41028e-20)
(0.233817 0.15209 1.88943e-19)
(1.08695 0.707335 -5.95901e-19)
(1.24934 0.820299 -2.20947e-19)
(1.24128 0.830174 0)
(1.19087 0.81419 -2.98482e-21)
(1.13142 0.792883 2.49924e-19)
(1.06523 0.767508 -1.48655e-19)
(0.992143 0.736983 -7.25598e-20)
(0.912284 0.699497 4.64724e-20)
(0.826257 0.652218 -1.90785e-19)
(0.747486 0.599132 -3.08153e-19)
(0.688218 0.549403 3.16662e-19)
(0.646336 0.506116 0)
(0.617437 0.469719 -1.12055e-19)
(0.597355 0.439435 -2.73613e-19)
(0.577586 0.410778 -3.29939e-19)
(0.529067 0.365095 -4.00025e-19)
(0.402468 0.27141 1.19228e-19)
(0.206674 0.136316 -6.9636e-20)
(0.0308368 0.0196976 7.95228e-22)
(0.233515 0.160504 0)
(1.07708 0.741704 0)
(1.23714 0.860565 4.85473e-21)
(1.22845 0.870596 0)
(1.17779 0.853492 -3.49488e-19)
(1.11799 0.830953 -2.1971e-19)
(1.05124 0.804302 0)
(0.977202 0.772487 -1.64943e-20)
(0.895816 0.733646 5.15614e-20)
(0.807396 0.684729 -4.37744e-19)
(0.72554 0.629379 0)
(0.663315 0.576667 -2.02601e-19)
(0.619204 0.529845 -5.93945e-21)
(0.589123 0.489779 -4.90556e-21)
(0.568765 0.456046 2.91962e-19)
(0.548677 0.42362 -8.28881e-22)
(0.498731 0.372024 -8.6909e-19)
(0.372272 0.270153 2.59936e-19)
(0.184144 0.130037 7.67937e-20)
(0.0251969 0.017084 0)
(0.233241 0.168624 -6.92315e-19)
(1.06764 0.774311 -3.65702e-19)
(1.225 0.898341 -5.50555e-19)
(1.21572 0.908491 7.72804e-19)
(1.16489 0.890382 -6.5324e-19)
(1.10484 0.866778 0)
(1.03764 0.839042 -1.24413e-19)
(0.962784 0.806171 3.12375e-20)
(0.88 0.766281 7.34292e-21)
(0.789238 0.716135 3.48087e-20)
(0.704118 0.658967 3.84348e-19)
(0.638543 0.603594 -6.90926e-20)
(0.591615 0.553284 -2.95144e-19)
(0.559751 0.509263 -1.33109e-19)
(0.538799 0.471506 1.62702e-19)
(0.518158 0.434546 -6.77403e-22)
(0.466345 0.375991 2.38465e-19)
(0.339443 0.265115 -5.63871e-19)
(0.159939 0.120808 6.68329e-19)
(0.0194721 0.0139948 9.53164e-20)
(0.232869 0.176399 2.53707e-19)
(1.05862 0.805173 -1.99784e-19)
(1.21306 0.933745 1.15958e-20)
(1.20322 0.943983 4.3523e-19)
(1.15229 0.924969 1.52067e-19)
(1.09207 0.900431 4.36447e-19)
(1.02454 0.871778 -5.44395e-20)
(0.948996 0.838059 1.47643e-19)
(0.864952 0.797402 -1.22405e-20)
(0.77192 0.746429 -2.35668e-19)
(0.683422 0.687946 0)
(0.6141 0.630352 -3.11065e-19)
(0.563734 0.576773 4.28275e-19)
(0.529289 0.528571 0)
(0.5072 0.486059 -3.48024e-19)
(0.485736 0.443369 2.15774e-19)
(0.431856 0.376514 -2.57639e-19)
(0.304769 0.256035 -3.08773e-19)
(0.135119 0.109079 -5.43882e-19)
(0.0138495 0.0105468 -4.17901e-19)
(0.232657 0.183939 -2.78099e-19)
(1.04985 0.834288 2.13276e-19)
(1.20138 0.966869 5.10509e-19)
(1.19102 0.977161 5.96824e-19)
(1.14006 0.957344 -3.17818e-19)
(1.07976 0.931997 2.99621e-19)
(1.01201 0.902564 -1.69262e-19)
(0.935909 0.868195 1.79852e-19)
(0.850736 0.827027 5.12174e-21)
(0.755561 0.775611 2.21865e-19)
(0.66364 0.716345 8.12012e-19)
(0.590245 0.657059 0)
(0.535773 0.600589 0)
(0.497726 0.548202 -1.53798e-19)
(0.473544 0.500069 0)
(0.450752 0.449738 4.69826e-19)
(0.394946 0.372436 5.63004e-19)
(0.268988 0.24204 0)
(0.110995 0.0950575 0)
(0.00879592 0.00709147 4.54908e-19)
(0.232184 0.190966 3.05952e-19)
(1.04138 0.861677 2.54463e-19)
(1.19002 0.997837 3.65889e-19)
(1.17919 1.00816 -5.30941e-19)
(1.12827 0.987612 -3.53106e-19)
(1.06796 0.961553 -3.95634e-19)
(1.00009 0.931464 2.49902e-19)
(0.923564 0.896607 7.33609e-22)
(0.837415 0.85516 -9.38424e-21)
(0.740246 0.803662 -1.18565e-20)
(0.644946 0.744154 4.10177e-19)
(0.567233 0.683765 0)
(0.508082 0.624995 4.31259e-19)
(0.465219 0.568777 3.23646e-19)
(0.43729 0.514344 8.283e-19)
(0.411864 0.45346 2.53306e-19)
(0.354579 0.361713 -3.10756e-19)
(0.233829 0.220726 -1.81969e-19)
(0.0914938 0.078675 0)
(0.00556048 0.00414977 4.94078e-19)
(0.231895 0.197912 -6.70558e-19)
(1.03317 0.88745 0)
(1.17898 1.02673 4.07242e-19)
(1.16775 1.03706 -4.33562e-19)
(1.11694 1.01587 3.97997e-19)
(1.0567 0.989185 5.75284e-19)
(0.988819 0.958538 -5.75556e-19)
(0.911984 0.923337 6.79893e-21)
(0.825014 0.88181 0)
(0.726035 0.830539 -2.00537e-19)
(0.627486 0.771329 -8.44803e-19)
(0.545322 0.710484 4.19558e-20)
(0.481074 0.650099 5.84525e-19)
(0.432172 0.590933 0)
(0.398032 0.530134 5.58398e-19)
(0.366974 0.455475 0)
(0.30693 0.341923 0)
(0.199435 0.183962 -2.0265e-19)
(0.0905115 0.0499012 0)
(0.024914 0.0105828 1.33373e-19)
(0.231287 0.204221 -7.30628e-19)
(1.02521 0.911885 0)
(1.16826 1.05374 6.56822e-19)
(1.15668 1.0641 0)
(1.10606 1.04236 -2.1495e-19)
(1.04591 1.01517 0)
(0.978126 0.984088 -4.26081e-20)
(0.901075 0.948713 -3.05729e-20)
(0.813421 0.907329 -2.90105e-21)
(0.71279 0.856619 -1.91773e-19)
(0.611142 0.798278 2.17615e-20)
(0.524422 0.737743 3.46677e-19)
(0.454653 0.676411 5.64504e-19)
(0.398471 0.615631 8.09676e-20)
(0.354901 0.549689 4.36267e-19)
(0.312879 0.459167 0)
(0.240661 0.315057 6.78118e-19)
(0.140847 0.11933 -3.98574e-19)
(0.0548975 0.0599918 4.54411e-19)
(-0.0561878 0.396513 -5.36353e-19)
(0.230664 0.210259 5.94258e-19)
(1.01725 0.934932 9.59181e-19)
(1.15779 1.07919 0)
(1.14585 1.08968 9.29252e-21)
(1.09544 1.06764 5.82494e-19)
(1.03537 1.04016 -1.10507e-18)
(0.967734 1.00888 -2.51526e-19)
(0.890482 0.973636 0)
(0.802177 0.932772 -6.45692e-20)
(0.699938 0.883174 -4.82564e-21)
(0.595132 0.826451 0)
(0.503555 0.767312 0)
(0.427686 0.705811 4.94177e-19)
(0.363204 0.644834 -2.5298e-19)
(0.3061 0.576953 -4.34548e-19)
(0.245575 0.472824 0)
(0.133651 0.297153 3.40077e-19)
(0.0267659 0.437582 -3.96815e-19)
(0.0439403 1.78425 -2.0816e-19)
(0.0794218 2.7545 -2.78396e-19)
(0.22986 0.215531 -4.30839e-19)
(1.00947 0.956674 -1.20536e-18)
(1.14755 1.10308 3.761e-19)
(1.13527 1.11367 3.64298e-19)
(1.08515 1.09151 0)
(1.02513 1.06388 -7.8874e-19)
(0.957816 1.0326 -4.19367e-19)
(0.880359 0.997689 2.001e-20)
(0.79151 0.95763 -8.76315e-21)
(0.687806 0.90958 1.37018e-19)
(0.580004 0.855116 3.68573e-19)
(0.483666 0.7986 3.52484e-19)
(0.401396 0.73783 4.8324e-19)
(0.328752 0.67679 -5.74738e-19)
(0.257689 0.613526 -6.40786e-19)
(0.170009 0.505779 0)
(0.0736613 0.809127 0)
(0.128102 2.47355 1.75927e-19)
(0.134146 3.16507 0)
(0.135502 3.37301 3.76298e-19)
(0.231917 0.220621 0)
(1.00245 0.977293 0)
(1.13729 1.12528 0)
(1.12472 1.13586 1.01053e-19)
(1.07489 1.11376 5.17086e-19)
(1.01496 1.0862 -5.99643e-19)
(0.948273 1.05517 -2.9933e-19)
(0.870649 1.02076 2.25799e-20)
(0.781369 0.981755 -1.4493e-19)
(0.676401 0.935677 -1.99916e-20)
(0.565863 0.884102 6.54693e-19)
(0.465094 0.831357 -4.13534e-20)
(0.376324 0.772946 5.38835e-20)
(0.296602 0.708879 8.13919e-20)
(0.215679 0.656378 3.07177e-21)
(0.137772 0.910767 3.36455e-21)
(0.177398 2.60826 -8.76614e-19)
(0.196603 3.26864 -3.27377e-19)
(0.179506 3.42425 1.47449e-19)
(0.161089 3.45055 -1.49017e-19)
(0.15121 0.173077 2.36453e-19)
(0.989724 0.999861 0)
(1.12683 1.14594 -7.29885e-19)
(1.11486 1.15676 -9.3149e-19)
(1.06527 1.13502 1.07713e-18)
(1.00564 1.10768 6.37009e-19)
(0.938961 1.07664 3.46509e-19)
(0.861411 1.04295 -3.80399e-19)
(0.771912 1.0052 1.51834e-19)
(0.66607 0.961401 0)
(0.553256 0.913206 2.74442e-19)
(0.44859 0.864876 -2.58159e-19)
(0.353464 0.812742 0)
(0.267314 0.744537 6.88465e-20)
(0.197821 0.844739 1.67492e-19)
(0.186366 2.27173 -2.10394e-19)
(0.267917 3.30604 2.29481e-19)
(0.2443 3.44487 1.09295e-19)
(0.203558 3.47093 1.21927e-19)
(0.176641 3.48299 1.47242e-19)
(0.269641 0.255416 -4.26263e-19)
(0.971386 1.00599 0)
(1.10743 1.16858 7.4094e-19)
(1.10118 1.18774 9.60724e-19)
(1.04987 1.16619 -1.09542e-18)
(0.990153 1.13938 -6.70244e-19)
(0.922966 1.10968 -5.33418e-19)
(0.845267 1.0772 -2.8309e-20)
(0.7551 1.04168 -2.15114e-19)
(0.647494 1.00198 -2.15128e-20)
(0.531082 0.960574 9.68178e-21)
(0.420316 0.920886 1.9336e-19)
(0.312447 0.883549 4.27418e-20)
(0.244326 0.983519 -6.23876e-20)
(0.273007 2.15796 -1.4515e-19)
(0.345294 3.30546 9.50314e-20)
(0.333633 3.48489 -8.15627e-20)
(0.291025 3.51078 -4.55409e-20)
(0.249242 3.54077 2.2647e-20)
(0.189182 3.53194 2.58354e-22)
(0.257559 0.251812 0)
(0.96776 1.02649 1.94137e-19)
(1.09909 1.19019 -1.47391e-19)
(1.09123 1.20931 -1.07495e-19)
(1.04022 1.18781 -7.21146e-19)
(0.980772 1.16121 6.55658e-19)
(0.913523 1.13169 3.59175e-19)
(0.836047 1.1 -2.96597e-20)
(0.745988 1.06599 2.65031e-19)
(0.638072 1.02919 -2.77564e-20)
(0.520419 0.992761 -3.18451e-19)
(0.407322 0.959688 2.72831e-20)
(0.30182 0.94556 -3.62184e-20)
(0.288674 1.3865 -5.02472e-20)
(0.383082 2.99266 3.68917e-20)
(0.421824 3.47313 2.1668e-21)
(0.372411 3.55132 -9.42751e-20)
(0.330198 3.57925 -1.18448e-19)
(0.272326 3.60514 1.58889e-19)
(0.20541 3.59777 5.51046e-20)
(0.240925 0.248727 4.72616e-19)
(0.962298 1.04918 1.31546e-18)
(1.09009 1.21356 -4.22132e-19)
(1.08085 1.23225 -4.09298e-19)
(1.03013 1.21061 0)
(0.97098 1.184 9.60184e-19)
(0.903959 1.1547 5.48091e-19)
(0.826991 1.12375 -3.11628e-20)
(0.737381 1.09128 2.76213e-20)
(0.629695 1.05753 1.55222e-19)
(0.511608 1.0263 -7.89515e-20)
(0.398092 1.00085 -1.7728e-19)
(0.308285 1.05139 -2.27299e-19)
(0.366494 1.9753 2.50888e-19)
(0.481195 3.34868 9.68752e-20)
(0.47811 3.54922 0)
(0.419284 3.59926 0)
(0.379388 3.65184 1.58995e-19)
(0.303166 3.72545 0)
(0.217216 3.68367 2.39293e-19)
(0.229376 0.249056 -6.92284e-19)
(0.954661 1.07247 -1.09827e-18)
(1.07966 1.2379 0)
(1.06928 1.25593 1.05458e-20)
(1.01889 1.23388 -7.04661e-19)
(0.960162 1.20714 1.42839e-18)
(0.893703 1.17804 3.68707e-19)
(0.817473 1.14773 -3.85227e-20)
(0.728592 1.11671 2.93503e-19)
(0.621588 1.08593 -1.58812e-20)
(0.503922 1.05999 0)
(0.392369 1.04402 0)
(0.337369 1.23662 -1.53689e-19)
(0.464918 2.63541 4.29818e-20)
(0.569816 3.48877 -4.20914e-20)
(0.529351 3.5942 0)
(0.487616 3.65326 3.61529e-19)
(0.43265 3.73847 -5.44183e-19)
(0.378926 3.74478 -4.64014e-19)
(0.2482 3.72936 4.79464e-20)
(0.220823 0.250988 4.40734e-19)
(0.945087 1.09627 0)
(1.06771 1.26326 -8.08115e-19)
(1.05653 1.2805 -2.01417e-19)
(1.00664 1.25786 2.7315e-19)
(0.948566 1.23084 0)
(0.882914 1.20184 6.48195e-20)
(0.807669 1.17204 6.81784e-20)
(0.71985 1.1424 3.46085e-20)
(0.614022 1.11454 -2.63675e-19)
(0.497618 1.0939 5.35023e-21)
(0.391319 1.09352 -4.24802e-20)
(0.390063 1.51749 -8.30242e-20)
(0.567581 3.12741 -3.88116e-21)
(0.645239 3.55358 1.76452e-19)
(0.592429 3.62431 0)
(0.563986 3.72142 8.75202e-19)
(0.523483 3.70687 -6.4981e-19)
(0.422694 3.47215 9.118e-19)
(0.293292 3.43378 -3.06369e-19)
(0.214529 0.254562 8.46073e-19)
(0.933696 1.12027 0)
(1.05432 1.28954 -5.16171e-19)
(1.04275 1.306 5.65891e-19)
(0.993625 1.28258 -5.45643e-19)
(0.936441 1.25509 -8.50331e-19)
(0.871835 1.22594 9.98587e-19)
(0.797853 1.19649 -6.10875e-20)
(0.711464 1.16804 0)
(0.607341 1.14288 -2.93455e-19)
(0.493064 1.12738 -2.18044e-19)
(0.397457 1.15559 1.19782e-21)
(0.463131 1.87293 -3.02924e-20)
(0.657703 3.36591 0)
(0.706603 3.58824 3.09866e-19)
(0.659703 3.66204 0)
(0.637325 3.7026 0)
(0.613747 3.49793 -4.05219e-19)
(0.49525 2.53521 0)
(-0.194341 0.145389 3.2312e-19)
(0.209147 0.258537 -4.06259e-19)
(0.920577 1.14478 -3.28344e-19)
(1.03939 1.31694 -5.0424e-19)
(1.02771 1.33274 7.38304e-19)
(0.979542 1.30847 5.37885e-19)
(0.923472 1.28041 6.36732e-19)
(0.860154 1.25104 -4.97893e-19)
(0.787734 1.22187 3.01875e-20)
(0.703176 1.19461 7.8734e-21)
(0.601332 1.17222 -7.34324e-21)
(0.490264 1.16234 1.95117e-19)
(0.413627 1.24267 0)
(0.552327 2.27295 1.03502e-19)
(0.741994 3.48477 1.89371e-19)
(0.759092 3.60932 8.10059e-19)
(0.727004 3.66483 3.03153e-19)
(0.680008 3.57648 -5.78877e-19)
(0.538073 2.79905 -3.84841e-19)
(0.0814353 0.439515 0)
(-0.0856453 -0.147712 1.09615e-18)
(0.204266 0.263051 3.88173e-19)
(0.905451 1.16965 -3.1774e-19)
(1.02277 1.34538 -4.80167e-19)
(1.0112 1.36071 -9.09078e-19)
(0.964188 1.33558 5.22058e-19)
(0.909464 1.30692 -5.28004e-19)
(0.847723 1.2773 3.75232e-19)
(0.777216 1.24841 -6.29203e-19)
(0.694963 1.2224 -4.02079e-19)
(0.596079 1.20289 3.79191e-19)
(0.489653 1.19953 4.61777e-19)
(0.443922 1.36748 0)
(0.656622 2.70735 0)
(0.819313 3.5424 -1.61058e-19)
(0.803895 3.6283 0)
(0.778871 3.62553 8.13098e-19)
(0.653594 3.20724 1.08764e-18)
(0.244608 1.21632 0)
(-0.108497 -0.131417 0)
(-0.0636701 -0.0935502 9.75727e-19)
(0.198624 0.266986 -3.73603e-19)
(0.887942 1.19458 2.97986e-19)
(1.00434 1.37483 -6.11009e-21)
(0.99307 1.38984 -6.90672e-19)
(0.947418 1.3638 0)
(0.894308 1.3345 -8.8397e-19)
(0.834464 1.30458 0)
(0.766271 1.27595 -6.30999e-19)
(0.686878 1.25121 -7.68358e-19)
(0.591709 1.23461 -4.53603e-19)
(0.491777 1.23971 0)
(0.490453 1.5383 -1.68744e-19)
(0.76355 3.06416 3.27333e-19)
(0.888043 3.57566 -1.26191e-19)
(0.857456 3.62286 -5.28649e-19)
(0.798263 3.48847 3.81564e-19)
(0.511401 2.35457 -5.31051e-19)
(-0.00391282 0.0663681 -6.51462e-19)
(-0.112305 -0.188351 -1.14054e-18)
(-0.0438065 -0.0657094 -8.9308e-19)
(0.192281 0.270448 1.07165e-18)
(0.867967 1.21939 5.82644e-19)
(0.983734 1.40512 9.008e-19)
(0.97315 1.42003 -1.35144e-18)
(0.929097 1.39301 9.77401e-19)
(0.877895 1.363 0)
(0.820304 1.33273 4.66083e-19)
(0.754879 1.30428 -1.55915e-19)
(0.678976 1.28078 -5.664e-21)
(0.588403 1.26703 5.60019e-20)
(0.497682 1.28436 3.35593e-19)
(0.554744 1.74677 -4.72974e-20)
(0.86066 3.29437 -2.49106e-19)
(0.94611 3.59344 -1.49279e-19)
(0.904305 3.59178 2.97961e-19)
(0.762709 3.15827 -1.8608e-20)
(0.22632 0.928578 1.02194e-18)
(-0.119651 -0.163358 -1.21847e-18)
(-0.109821 -0.179831 3.58922e-19)
(-0.0324773 -0.0489019 2.06083e-19)
(0.184527 0.272584 0)
(0.845122 1.2438 0)
(0.960816 1.43596 5.94826e-21)
(0.951222 1.45112 0)
(0.909066 1.42305 7.22343e-19)
(0.860096 1.39223 5.03904e-19)
(0.805163 1.36153 0)
(0.743001 1.33314 8.14198e-20)
(0.671302 1.31079 8.15995e-19)
(0.586278 1.29972 -9.52921e-19)
(0.508028 1.3352 0)
(0.633126 1.98446 -1.52606e-19)
(0.950009 3.42738 -1.17223e-19)
(1.00162 3.59541 -3.16636e-20)
(0.933735 3.50208 5.24843e-19)
(0.643462 2.53573 -1.06481e-20)
(0.022988 0.0668423 -1.90504e-18)
(-0.121445 -0.22831 5.50823e-19)
(-0.0876461 -0.161648 1.49676e-18)
(-0.0216694 -0.0353686 0)
(0.175284 0.273348 -3.28364e-19)
(0.818828 1.26709 1.0629e-18)
(0.935198 1.46681 4.21944e-19)
(0.927078 1.48287 0)
(0.887119 1.45367 -3.41014e-21)
(0.840749 1.42194 -8.20965e-19)
(0.788917 1.39068 5.74333e-19)
(0.730577 1.36222 6.30704e-19)
(0.663849 1.34074 5.27667e-19)
(0.585457 1.33235 -4.59658e-19)
(0.524061 1.39237 -3.75586e-19)
(0.721237 2.22821 3.4777e-19)
(1.03217 3.49768 0)
(1.05586 3.58698 -2.07571e-19)
(0.928287 3.33729 -1.20214e-18)
(0.411077 1.60064 -7.39169e-19)
(-0.156614 -0.107523 -8.88746e-19)
(-0.152528 -0.242467 2.63606e-19)
(-0.0663804 -0.13166 -1.5516e-19)
(-0.0096502 -0.0168309 -5.29936e-22)
(0.164142 0.272313 0)
(0.788527 1.28827 -5.1536e-19)
(0.906562 1.49743 -4.10832e-19)
(0.900449 1.51493 8.57043e-21)
(0.863047 1.48458 -2.32149e-19)
(0.819656 1.45179 -6.25557e-19)
(0.77142 1.41982 2.18024e-19)
(0.717494 1.3911 -1.49321e-19)
(0.656577 1.37002 4.2548e-19)
(0.585997 1.36445 -6.20666e-19)
(0.546187 1.45393 3.29311e-20)
(0.818704 2.47841 -8.31387e-20)
(1.10797 3.52667 7.57095e-19)
(1.11512 3.55497 -2.53975e-20)
(0.889628 3.09096 -6.57994e-19)
(0.0941017 0.613265 -1.21044e-18)
(-0.183532 -0.261627 0)
(-0.133605 -0.335736 0)
(-0.0250973 -0.131878 2.6542e-18)
(0.00828971 0.00179507 -1.68538e-19)
(0.151409 0.268707 -3.04936e-19)
(0.753825 1.30593 -4.91468e-19)
(0.874286 1.52726 3.90642e-19)
(0.871032 1.54687 0)
(0.83652 1.51533 -4.21591e-19)
(0.796589 1.48135 0)
(0.752459 1.44847 -6.73621e-19)
(0.703582 1.41923 -1.58631e-19)
(0.649333 1.39804 1.08959e-19)
(0.58782 1.39485 -4.51965e-19)
(0.572977 1.51691 6.53671e-20)
(0.915212 2.69392 0)
(1.1776 3.5322 -5.14848e-19)
(1.19119 3.48156 5.48789e-20)
(0.906385 2.74395 0)
(-0.065082 0.0316808 -7.54035e-20)
(-0.152394 -0.679195 1.24377e-18)
(0.0351098 -0.483036 -1.00694e-18)
(0.201465 -0.0041388 2.98124e-19)
(0.127779 0.173256 0)
(0.136943 0.26184 2.93517e-19)
(0.714048 1.31899 -4.6506e-19)
(0.837784 1.55508 3.73808e-19)
(0.838405 1.57815 5.52036e-19)
(0.807264 1.54548 0)
(0.771249 1.51009 -3.10657e-19)
(0.731754 1.47608 6.35696e-19)
(0.688584 1.44591 2.89038e-19)
(0.641694 1.42427 0)
(0.590649 1.42174 -9.65324e-19)
(0.600945 1.5773 6.61652e-19)
(1.00507 2.85319 0)
(1.23413 3.52466 5.53937e-19)
(1.24209 3.36244 -2.13858e-20)
(1.04266 2.22736 -8.73729e-19)
(0.2334 -0.532264 3.03819e-19)
(-0.0466037 -0.86151 8.46251e-19)
(0.158844 -0.196067 1.41495e-18)
(0.271557 0.52378 0)
(0.156074 0.338606 -2.7353e-18)
(0.120935 0.251218 0)
(0.668354 1.32514 -8.7824e-19)
(0.796368 1.57976 -6.97426e-19)
(0.802114 1.60776 -5.31608e-19)
(0.774944 1.5744 -3.9711e-19)
(0.743249 1.53745 0)
(0.708884 1.50196 -2.15212e-19)
(0.672113 1.47032 -5.90514e-21)
(0.633226 1.44784 6.29095e-19)
(0.594255 1.4438 -7.60196e-20)
(0.62682 1.62865 -2.81371e-19)
(1.08483 2.95433 1.63734e-19)
(1.26757 3.51709 -1.34105e-20)
(1.13526 3.27987 3.14255e-19)
(0.577013 1.76187 1.48363e-19)
(-0.481051 -0.0981156 -3.25667e-19)
(-0.653157 -0.35922 7.45657e-19)
(0.0178838 0.242935 2.66224e-19)
(0.258612 0.550799 -1.41641e-19)
(0.123374 0.229203 -2.88351e-18)
(0.103641 0.236375 1.33232e-18)
(0.616158 1.32186 -8.50668e-19)
(0.749349 1.59975 3.57025e-19)
(0.761559 1.63487 5.03886e-19)
(0.739114 1.60127 0)
(0.712169 1.56264 4.70539e-21)
(0.683405 1.52553 -3.90221e-19)
(0.653587 1.49178 -1.39822e-19)
(0.623568 1.46746 -3.09985e-19)
(0.597505 1.46098 -5.05147e-21)
(0.648319 1.66271 -3.79821e-19)
(1.16819 2.99447 3.88152e-19)
(1.33157 3.56305 -3.40457e-19)
(1.04536 3.40402 5.01247e-19)
(0.245522 1.78685 -5.94233e-19)
(-0.883177 0.584344 -3.26802e-19)
(-1.41699 -0.411922 -1.04356e-19)
(-1.36815 -0.825351 -1.16125e-18)
(-0.461784 -0.222485 -1.90836e-19)
(0.173327 0.408905 0)
(0.085309 0.216589 -1.26641e-19)
(0.556978 1.30576 2.00164e-19)
(0.69637 1.61278 3.17339e-19)
(0.716408 1.65844 7.2474e-19)
(0.699355 1.62532 -7.37993e-19)
(0.677521 1.58493 5.43996e-19)
(0.654722 1.54581 3.84875e-19)
(0.632096 1.50959 -4.08265e-19)
(0.61185 1.48157 9.13001e-20)
(0.598459 1.47188 -5.64557e-19)
(0.662641 1.65711 -1.32404e-19)
(1.25834 2.95841 0)
(1.53847 3.60522 4.27525e-19)
(1.41097 3.57634 0)
(0.801682 2.20525 1.48589e-18)
(0.000214007 0.988419 -1.94333e-18)
(-0.660898 -0.288076 -4.95662e-19)
(-1.14262 -1.46966 5.97067e-19)
(-1.20934 -1.87285 0)
(-0.35557 -0.633026 -2.06702e-19)
(0.0668982 0.191526 9.25767e-22)
(0.491859 1.27255 -1.90851e-19)
(0.636876 1.61619 -6.02291e-19)
(0.666268 1.67722 2.39407e-19)
(0.655176 1.64571 -1.72757e-19)
(0.638688 1.60344 0)
(0.622046 1.56201 -1.88794e-19)
(0.606691 1.52281 -2.61029e-19)
(0.596185 1.48958 -1.89829e-19)
(0.595487 1.47054 0)
(0.673037 1.60985 0)
(1.34623 2.78105 -1.6252e-19)
(1.83279 3.5053 4.33356e-19)
(1.95238 3.48627 -4.4053e-19)
(1.50373 2.46347 -2.76171e-18)
(0.711031 0.93728 1.88601e-18)
(0.113466 -0.365035 4.76109e-19)
(-0.422387 -1.35573 0)
(-0.8126 -2.22577 -4.62092e-18)
(-0.58317 -1.64139 -1.49583e-19)
(0.0492573 0.160555 -8.8263e-19)
(0.420726 1.21774 1.78902e-19)
(0.570858 1.60649 -1.3945e-19)
(0.610535 1.68967 -4.40126e-19)
(0.606211 1.66186 -3.32157e-19)
(0.594921 1.61741 -6.03784e-21)
(0.584555 1.57345 -1.69003e-19)
(0.576176 1.53081 2.45934e-19)
(0.573494 1.49106 -3.50028e-19)
(0.585345 1.45735 0)
(0.665918 1.52527 -9.19496e-20)
(1.29356 2.35789 -1.38022e-19)
(1.93837 3.20391 -2.01946e-19)
(2.2006 3.15462 0)
(2.13606 2.55244 -1.75615e-19)
(1.64951 1.41414 -7.29657e-19)
(0.975333 0.17221 1.6055e-18)
(0.34042 -0.860079 -1.04452e-18)
(-0.194203 -1.56301 1.21899e-18)
(-0.375796 -1.46095 -1.08687e-18)
(0.0329725 0.126588 -1.02454e-19)
(0.344573 1.13688 0)
(0.498627 1.5792 9.15547e-19)
(0.547992 1.69343 2.94592e-19)
(0.551686 1.67315 2.97227e-19)
(0.545559 1.62577 0)
(0.541454 1.5793 1.6184e-19)
(0.539688 1.53328 2.27713e-19)
(0.541991 1.48737 1.63164e-19)
(0.552758 1.44075 3.24938e-19)
(0.623293 1.42259 0)
(0.952715 1.79907 -7.03911e-20)
(1.74732 2.80373 -6.52479e-20)
(1.96679 2.87455 -9.48675e-20)
(1.98682 2.53658 -3.48869e-19)
(1.70649 1.82225 -4.19813e-20)
(1.21296 0.959891 -6.24384e-19)
(0.675008 0.162306 3.746e-18)
(0.178038 -0.527476 -1.02679e-19)
(-0.120743 -0.668403 1.02935e-19)
(0.019573 0.0911547 1.40414e-18)
(0.265227 1.0278 -6.19398e-19)
(0.418755 1.52855 -3.68803e-19)
(0.478392 1.68516 9.35292e-20)
(0.489408 1.67666 -1.46136e-19)
(0.490078 1.62736 4.112e-19)
(0.492206 1.57913 -8.05615e-21)
(0.496102 1.53121 0)
(0.500633 1.48258 -2.85467e-19)
(0.505771 1.41982 0)
(0.54755 1.35844 0)
(0.640873 1.50091 -4.56715e-20)
(1.2672 2.45185 3.32183e-21)
(1.52717 2.79168 1.42066e-19)
(1.49592 2.68634 0)
(1.32615 2.29203 0)
(1.02451 1.75865 8.4595e-19)
(0.674742 1.19529 -1.65929e-19)
(0.343891 0.665206 1.79728e-18)
(0.0624865 0.201163 1.18703e-19)
(0.00971928 0.0548794 0)
(0.187289 0.88976 7.13293e-20)
(0.3311 1.44875 0)
(0.399566 1.65964 -1.73331e-19)
(0.41815 1.66672 0)
(0.428207 1.62057 -1.96265e-19)
(0.437982 1.57217 6.87366e-20)
(0.448742 1.5242 -9.6285e-20)
(0.45372 1.47526 5.87957e-21)
(0.451819 1.41858 4.28152e-20)
(0.430999 1.35112 9.98591e-20)
(0.458605 1.3873 -1.41797e-21)
(0.732897 2.12004 -2.42535e-21)
(1.02638 2.8315 1.54832e-19)
(0.973892 2.8873 -3.06119e-19)
(0.884888 2.75481 6.37732e-19)
(0.703997 2.40399 1.15265e-19)
(0.512953 1.98844 0)
(0.327259 1.534 -1.91618e-20)
(0.0998762 0.678827 0)
(0.00354566 0.0182405 2.89155e-19)
(0.113332 0.73072 -6.12604e-22)
(0.233642 1.32866 2.54877e-20)
(0.307597 1.60468 0)
(0.339826 1.63954 -8.69738e-20)
(0.360306 1.60059 -8.97967e-20)
(0.381858 1.55205 -3.16652e-20)
(0.401246 1.5083 -8.62221e-20)
(0.411383 1.47482 0)
(0.401309 1.43949 7.00635e-20)
(0.354754 1.3863 5.07774e-21)
(0.302101 1.38831 1.03081e-20)
(0.315959 1.80641 1.12029e-20)
(0.59713 2.8353 -9.42727e-20)
(0.577395 3.04322 0)
(0.526084 3.03858 -3.58487e-19)
(0.423912 2.82715 -6.22e-19)
(0.317891 2.49006 -7.31222e-19)
(0.218204 2.06128 8.91729e-19)
(0.0663733 0.81033 -1.07621e-18)
(0.00115712 -0.0173928 1.45918e-19)
(0.0523622 0.571047 1.44995e-20)
(0.129772 1.16566 1.04211e-19)
(0.203132 1.50796 0)
(0.251083 1.58583 0)
(0.288899 1.55975 -6.08979e-20)
(0.326505 1.51798 -2.84818e-20)
(0.363655 1.486 0)
(0.389642 1.46302 8.11525e-34)
(0.38515 1.46402 1.58681e-20)
(0.310764 1.48193 0)
(0.202431 1.47845 5.34973e-21)
(0.120056 1.69812 2.07627e-21)
(0.284411 2.70665 -5.21014e-21)
(0.30261 3.11947 8.69146e-21)
(0.26404 3.20365 7.86151e-21)
(0.209906 3.10879 0)
(0.137559 2.83026 -7.9642e-21)
(0.0776185 2.40011 -9.97929e-21)
(0.0208901 0.852168 -1.51959e-19)
(0.00108492 0.0292217 0)
(0.0103709 0.462928 0)
(0.0422846 1.01057 0)
(0.0997242 1.37183 0)
(0.161036 1.49126 0)
(0.219593 1.48862 0)
(0.277339 1.46122 0)
(0.333977 1.44307 0)
(0.386974 1.43854 0)
(0.404164 1.4809 0)
(0.363902 1.56609 0)
(0.273971 1.61467 0)
(0.115871 1.72242 0)
(0.153081 2.5617 0)
(0.179118 3.12564 0)
(0.146554 3.28767 0)
(0.104727 3.25363 0)
(0.0513567 3.02317 0)
(0.0040335 2.56089 0)
(-0.00346692 0.86107 0)
(-0.00354958 0.0372922 0)
(-0.0095658 0.445567 0)
(-0.00347992 0.930959 0)
(0.0327955 1.24601 0)
(0.0939139 1.36883 0)
(0.166983 1.38364 0)
(0.247002 1.36832 0)
(0.33296 1.35959 0)
(0.421633 1.38753 0)
(0.506091 1.47194 0)
(0.529907 1.62335 0)
(0.425138 1.77723 0)
(0.184216 1.87136 0)
(0.09634 2.49522 0)
(0.113876 3.15461 0)
(0.0792408 3.36658 0)
(0.0408649 3.36112 0)
(-0.00250396 3.14895 0)
(-0.0269406 2.61369 0)
(-0.007662 0.805289 0)
(-0.00353605 0.0646163 0)
(-0.0122014 0.463792 0)
(-0.0148257 0.900556 0)
(0.00745368 1.14889 0)
(0.0615143 1.2427 0)
(0.138037 1.2569 0)
(0.232249 1.24644 0)
(0.350792 1.23567 0)
(0.500862 1.26267 0)
(0.668204 1.39146 0)
(0.732434 1.6673 0)
(0.568934 1.97255 0)
(0.301735 2.1554 0)
(0.0960557 2.51835 0)
(0.0694482 3.21309 0)
(0.0173398 3.45749 0)
(-0.0227149 3.45832 0)
(-0.0519853 3.23329 0)
(-0.0500514 2.56945 0)
(-0.00643536 0.692025 0)
(-0.00141788 0.0866654 0)
(-0.00868367 0.486739 0)
(-0.0120309 0.887343 0)
(0.00473882 1.0739 0)
(0.0514266 1.12669 0)
(0.122749 1.12642 0)
(0.218802 1.10662 0)
(0.353011 1.0798 0)
(0.547543 1.07581 0)
(0.761165 1.25348 0)
(0.815768 1.73751 0)
(0.647639 2.22273 0)
(0.364571 2.47794 0)
(0.101028 2.67005 0)
(0.00937214 3.31243 0)
(-0.0554343 3.5563 0)
(-0.0972502 3.53447 0)
(-0.110234 3.2513 0)
(-0.0749719 2.39276 0)
(-0.0035948 0.567168 0)
(-0.000444936 0.101377 0)
(-0.00839414 0.511709 0)
(-0.0131239 0.879641 0)
(0.00134835 1.01 0)
(0.038563 1.02838 0)
(0.0952163 1.00998 0)
(0.176256 0.970262 0)
(0.296864 0.912198 0)
(0.475863 0.882289 0)
(0.671842 1.10803 0)
(0.745203 1.79608 0)
(0.58747 2.49243 0)
(0.313941 2.80892 0)
(0.0460663 2.94617 0)
(-0.085117 3.47049 0)
(-0.165435 3.66374 0)
(-0.194807 3.57763 0)
(-0.178796 3.17203 0)
(-0.0839756 2.05573 0)
(-0.00288629 0.457122 0)
(-0.000831461 0.119355 0)
(-0.0116447 0.543518 0)
(-0.0197238 0.87663 0)
(-0.0121663 0.963286 0)
(0.00815145 0.960623 0)
(0.039836 0.928402 0)
(0.0865914 0.869793 0)
(0.159939 0.78075 0)
(0.26292 0.739891 0)
(0.364166 1.01731 0)
(0.35311 1.87083 0)
(0.224742 2.71572 0)
(0.0365142 3.08859 0)
(-0.125667 3.20939 0)
(-0.269649 3.65813 0)
(-0.312382 3.73833 0)
(-0.317443 3.55582 0)
(-0.232114 2.89963 0)
(-0.0749905 1.60382 0)
(-0.00435345 0.357232 0)
(-0.00222345 0.147445 0)
(-0.0171047 0.588051 0)
(-0.0312919 0.890307 0)
(-0.0364803 0.950803 0)
(-0.0380671 0.937247 0)
(-0.0382901 0.899195 0)
(-0.0375886 0.831968 0)
(-0.0354676 0.732174 0)
(-0.0444111 0.694553 0)
(-0.0899256 1.02834 0)
(-0.183885 1.96204 0)
(-0.264993 2.84057 0)
(-0.291446 3.17588 0)
(-0.375984 3.42443 0)
(-0.465935 3.74799 0)
(-0.463374 3.74806 0)
(-0.379938 3.35165 0)
(-0.204557 2.41546 0)
(-0.0603437 1.21468 0)
(-0.00580491 0.24772 0)
(-0.00403275 0.188628 0)
(-0.0229224 0.648712 0)
(-0.0445861 0.930184 0)
(-0.0649373 0.979442 0)
(-0.0883024 0.96351 0)
(-0.119969 0.929826 0)
(-0.165285 0.868667 0)
(-0.235557 0.781716 0)
(-0.354611 0.76116 0)
(-0.530183 1.12363 0)
(-0.648674 2.03749 0)
(-0.622468 2.81748 0)
(-0.58151 3.18272 0)
(-0.649974 3.57976 0)
(-0.628265 3.72234 0)
(-0.516016 3.55111 0)
(-0.304416 2.90037 0)
(-0.123008 1.95734 0)
(-0.036724 0.963998 0)
(-0.00441455 0.147251 0)
(-0.00550924 0.240978 0)
(-0.0270623 0.723524 0)
(-0.0550999 0.997699 0)
(-0.0880608 1.0447 0)
(-0.12899 1.03343 0)
(-0.184725 1.01127 0)
(-0.264359 0.969429 0)
(-0.386716 0.914799 0)
(-0.580826 0.924875 0)
(-0.83408 1.2717 0)
(-0.971966 2.06124 0)
(-0.909443 2.74924 0)
(-0.871789 3.19875 0)
(-0.820741 3.51205 0)
(-0.644748 3.47825 0)
(-0.381844 3.06109 0)
(-0.159357 2.42218 0)
(-0.0440513 1.67795 0)
(-0.010219 0.849702 0)
(-0.00144298 0.0937359 0)
(-0.00621004 0.29918 0)
(-0.0283914 0.80666 0)
(-0.0598122 1.08538 0)
(-0.100317 1.13661 0)
(-0.151849 1.13321 0)
(-0.220533 1.12541 0)
(-0.316246 1.1084 0)
(-0.458593 1.09364 0)
(-0.675024 1.142 0)
(-0.952528 1.4428 0)
(-1.07717 2.09275 0)
(-1.04288 2.67678 0)
(-0.953083 3.09862 0)
(-0.733166 3.21215 0)
(-0.444884 3.00793 0)
(-0.189997 2.57736 0)
(-0.0479255 2.11211 0)
(0.00143111 1.56224 0)
(0.0054808 0.832604 0)
(0.000756812 0.0895481 0)
(-0.00605119 0.356717 0)
(-0.026816 0.89043 0)
(-0.0582375 1.18204 0)
(-0.100923 1.24169 0)
(-0.155631 1.2461 0)
(-0.226564 1.25096 0)
(-0.321617 1.25587 0)
(-0.455735 1.27492 0)
(-0.646867 1.35698 0)
(-0.88569 1.6217 0)
(-1.03249 2.10942 0)
(-0.937321 2.57178 0)
(-0.733689 2.83233 0)
(-0.455021 2.80158 0)
(-0.206174 2.58311 0)
(-0.0537416 2.27988 0)
(0.00766961 1.97603 0)
(0.0185027 1.54346 0)
(0.0111473 0.858521 0)
(0.00153801 0.11039 0)
(-0.00526359 0.40813 0)
(-0.023147 0.967756 0)
(-0.0518428 1.277 0)
(-0.0924165 1.34735 0)
(-0.144545 1.35776 0)
(-0.210154 1.37084 0)
(-0.29419 1.38983 0)
(-0.405159 1.42878 0)
(-0.548951 1.52532 0)
(-0.70464 1.75374 0)
(-0.75623 2.11138 0)
(-0.64127 2.38917 0)
(-0.429943 2.54845 0)
(-0.217199 2.48324 0)
(-0.0679511 2.32582 0)
(0.00332116 2.15041 0)
(0.0219184 1.94155 0)
(0.0191101 1.55741 0)
(0.0101915 0.893839 0)
(0.00152347 0.137162 0)
(-0.00419564 0.450417 0)
(-0.0185891 1.03379 0)
(-0.042998 1.36256 0)
(-0.0787996 1.44459 0)
(-0.125006 1.45894 0)
(-0.181501 1.47546 0)
(-0.25068 1.50031 0)
(-0.33601 1.54578 0)
(-0.435554 1.63822 0)
(-0.524434 1.81932 0)
(-0.520157 2.06822 0)
(-0.411519 2.23549 0)
(-0.250564 2.32277 0)
(-0.109343 2.28539 0)
(-0.0270897 2.19763 0)
(0.00795119 2.10051 0)
(0.015072 1.93912 0)
(0.0122475 1.57536 0)
(0.00700937 0.920898 0)
(0.00111905 0.159547 0)
(-0.00313589 0.483045 0)
(-0.0141633 1.08696 0)
(-0.0338291 1.43482 0)
(-0.0637282 1.52853 0)
(-0.102647 1.54539 0)
(-0.14913 1.56183 0)
(-0.203861 1.58683 0)
(-0.267285 1.63024 0)
(-0.334354 1.70925 0)
(-0.382901 1.84674 0)
(-0.363535 2.014 0)
(-0.275388 2.12146 0)
(-0.170869 2.17175 0)
(-0.0814635 2.16393 0)
(-0.0293281 2.12537 0)
(-0.00442235 2.07 0)
(0.00420208 1.93442 0)
(0.00558697 1.5818 0)
(0.00399712 0.935875 0)
(0.000704532 0.174477 0)
(-0.00224096 0.507108 0)
(-0.0104218 1.12801 0)
(-0.0256594 1.49289 0)
(-0.0496189 1.5976 0)
(-0.0812214 1.6163 0)
(-0.118348 1.63072 0)
(-0.160787 1.65294 0)
(-0.207619 1.69044 0)
(-0.253269 1.7539 0)
(-0.280301 1.85634 0)
(-0.260764 1.97056 0)
(-0.199285 2.04199 0)
(-0.132025 2.07787 0)
(-0.0747178 2.08415 0)
(-0.0368115 2.07177 0)
(-0.0144573 2.03868 0)
(-0.00322114 1.92049 0)
(0.00127538 1.57824 0)
(0.00198049 0.941715 0)
(0.000409933 0.183227 0)
(-0.00155493 0.52435 0)
(-0.00751837 1.1589 0)
(-0.0190701 1.53796 0)
(-0.0377371 1.65264 0)
(-0.0626712 1.67281 0)
(-0.0917743 1.68456 0)
(-0.124375 1.70298 0)
(-0.159151 1.7336 0)
(-0.191181 1.78295 0)
(-0.207577 1.85863 0)
(-0.191184 1.94004 0)
(-0.15078 1.98871 0)
(-0.10611 2.01766 0)
(-0.0674232 2.02844 0)
(-0.0384499 2.02735 0)
(-0.0185084 2.00631 0)
(-0.00662162 1.90124 0)
(-0.000873118 1.56935 0)
(0.00085831 0.942393 0)
(0.000233489 0.18801 0)
(-0.00106019 0.536504 0)
(-0.00537308 1.18188 0)
(-0.0140742 1.57219 0)
(-0.0283853 1.69552 0)
(-0.0476233 1.71694 0)
(-0.0701592 1.72625 0)
(-0.0951431 1.74095 0)
(-0.121222 1.76515 0)
(-0.144404 1.80289 0)
(-0.15553 1.85862 0)
(-0.142797 1.91852 0)
(-0.115562 1.95349 0)
(-0.0850594 1.97677 0)
(-0.0576066 1.98795 0)
(-0.0352878 1.99086 0)
(-0.0184536 1.97634 0)
(-0.00747743 1.88111 0)
(-0.00171402 1.55882 0)
(0.000277746 0.940686 0)
(0.000132391 0.190536 0)
(-0.000713944 0.544993 0)
(-0.00382036 1.19895 0)
(-0.0103908 1.59805 0)
(-0.0212836 1.7284 0)
(-0.035943 1.75093 0)
(-0.0532387 1.75833 0)
(-0.0723608 1.76983 0)
(-0.092077 1.78863 0)
(-0.109263 1.81733 0)
(-0.117462 1.85844 0)
(-0.108186 1.90294 0)
(-0.0888676 1.92954 0)
(-0.0674021 1.94779 0)
(-0.0472925 1.9578 0)
(-0.0301299 1.96169 0)
(-0.0164838 1.95067 0)
(-0.00707538 1.86264 0)
(-0.00188741 1.54863 0)
(5.86889e-06 0.938161 0)
(7.51909e-05 0.191832 0)
(-0.000476042 0.55088 0)
(-0.00270685 1.21163 0)
(-0.00770172 1.61769 0)
(-0.0159936 1.75337 0)
(-0.0271275 1.77686 0)
(-0.0403312 1.78292 0)
(-0.0549436 1.79181 0)
(-0.0699011 1.80626 0)
(-0.082811 1.82802 0)
(-0.0890837 1.85852 0)
(-0.0826438 1.89157 0)
(-0.0685068 1.91251 0)
(-0.0529225 1.92668 0)
(-0.0379152 1.93505 0)
(-0.0247306 1.93877 0)
(-0.0139121 1.92963 0)
(-0.00616749 1.84679 0)
(-0.00175983 1.53965 0)
(-0.000106974 0.935558 0)
(4.38823e-05 0.192471 0)
(-0.000315104 0.554941 0)
(-0.00191171 1.22106 0)
(-0.00572989 1.63277 0)
(-0.0120959 1.77236 0)
(-0.0205659 1.7966 0)
(-0.0306212 1.80172 0)
(-0.0417644 1.80857 0)
(-0.0531232 1.81962 0)
(-0.0628786 1.83609 0)
(-0.0677083 1.85886 0)
(-0.0633356 1.88338 0)
(-0.0529141 1.89996 0)
(-0.0413227 1.91099 0)
(-0.0299843 1.91775 0)
(-0.0198457 1.92093 0)
(-0.0113649 1.91278 0)
(-0.00513849 1.83369 0)
(-0.00151924 1.53211 0)
(-0.000142292 0.9332 0)
(2.57926e-05 0.192764 0)
(-0.000207652 0.557729 0)
(-0.00134604 1.22808 0)
(-0.00426896 1.64446 0)
(-0.00920637 1.78693 0)
(-0.0156836 1.81162 0)
(-0.0233383 1.81605 0)
(-0.0318188 1.82133 0)
(-0.04044 1.82974 0)
(-0.0478301 1.84221 0)
(-0.0515449 1.8593 0)
(-0.0485719 1.87754 0)
(-0.0408971 1.89054 0)
(-0.0321527 1.89914 0)
(-0.0235169 1.9045 0)
(-0.0157104 1.90707 0)
(-0.00910422 1.89946 0)
(-0.00417101 1.8231 0)
(-0.00125835 1.52596 0)
(-0.000142378 0.931196 0)
(1.52561e-05 0.19288 0)
(-0.00013732 0.559642 0)
(-0.000947534 1.23329 0)
(-0.00317786 1.65358 0)
(-0.00703216 1.79822 0)
(-0.0120122 1.8231 0)
(-0.0178481 1.82699 0)
(-0.0242966 1.83105 0)
(-0.0308389 1.83743 0)
(-0.0364451 1.84687 0)
(-0.0392972 1.85974 0)
(-0.0372438 1.87336 0)
(-0.0315918 1.88343 0)
(-0.0249579 1.89012 0)
(-0.018355 1.89431 0)
(-0.0123435 1.89632 0)
(-0.00721734 1.88902 0)
(-0.00333816 1.81465 0)
(-0.00101909 1.52102 0)
(-0.000129212 0.929548 0)
(8.64697e-06 0.192905 0)
(-9.25594e-05 0.560962 0)
(-0.000671246 1.23714 0)
(-0.00236158 1.66069 0)
(-0.00537617 1.80704 0)
(-0.00922297 1.83192 0)
(-0.013681 1.83536 0)
(-0.018588 1.83846 0)
(-0.0235584 1.8433 0)
(-0.0278204 1.85042 0)
(-0.0300117 1.86014 0)
(-0.0285641 1.87035 0)
(-0.0243867 1.87804 0)
(-0.0193501 1.8832 0)
(-0.0142979 1.88646 0)
(-0.0096699 1.88798 0)
(-0.00569628 1.88083 0)
(-0.00265249 1.80794 0)
(-0.000817728 1.51708 0)
(-0.000114261 0.928216 0)
(4.11662e-06 0.192881 0)
(-6.53471e-05 0.56189 0)
(-0.000485045 1.23999 0)
(-0.00175731 1.66623 0)
(-0.0041096 1.81398 0)
(-0.00709394 1.83876 0)
(-0.0105117 1.84178 0)
(-0.014256 1.84414 0)
(-0.018042 1.84779 0)
(-0.0212909 1.85316 0)
(-0.0229757 1.86048 0)
(-0.0219351 1.86813 0)
(-0.0188299 1.87396 0)
(-0.0150071 1.87789 0)
(-0.0111408 1.88038 0)
(-0.00757505 1.88148 0)
(-0.00449017 1.8744 0)
(-0.00210247 1.80261 0)
(-0.000659009 1.51396 0)
(-0.000102793 0.92714 0)
(9.55188e-07 0.192826 0)
(-4.96444e-05 0.562566 0)
(-0.000365256 1.24212 0)
(-0.0013221 1.67053 0)
(-0.00314996 1.81946 0)
(-0.00547485 1.8441 0)
(-0.00810721 1.84676 0)
(-0.0109733 1.84854 0)
(-0.0138633 1.85127 0)
(-0.0163435 1.85528 0)
(-0.0176375 1.86076 0)
(-0.016878 1.86647 0)
(-0.0145574 1.87083 0)
(-0.0116561 1.87379 0)
(-0.00869659 1.87565 0)
(-0.0059458 1.8764 0)
(-0.00354679 1.86932 0)
(-0.00167555 1.79837 0)
(-0.000543033 1.51149 0)
(-9.67707e-05 0.926266 0)
(-7.19288e-07 0.192754 0)
(-1.42432e-05 0.194437 0)
(-0.000151687 0.925673 0)
(-0.000591885 1.50148 0)
(-0.00164301 1.77698 0)
(-0.00326384 1.8429 0)
(-0.00514707 1.85025 0)
(-0.00722384 1.85147 0)
(-0.0094052 1.85305 0)
(-0.0114621 1.85547 0)
(-0.0129687 1.85891 0)
(-0.0132279 1.8631 0)
(-0.011997 1.86684 0)
(-0.00999944 1.86946 0)
(-0.00777444 1.87115 0)
(-0.00561207 1.87211 0)
(-0.00365442 1.87086 0)
(-0.00200964 1.84486 0)
(-0.000848193 1.68706 0)
(-0.000258185 1.24705 0)
(-1.13484e-05 0.192635 0)
(0.154249 2.84056 -2.22963e-21)
(0.141378 3.60197 0)
(0.147045 3.61169 -1.48423e-19)
(0.146935 3.54663 -5.7114e-21)
(0.139495 3.49404 4.87283e-20)
(0.127883 3.46285 2.67512e-19)
(0.117186 3.43658 -3.89706e-19)
(0.102584 3.392 -2.17079e-19)
(0.0677095 2.94105 -2.34205e-19)
(0.0161668 0.700273 9.78679e-22)
(0.0774166 2.47298 1.14979e-19)
(0.0761422 3.47305 4.78681e-20)
(0.0886694 3.55091 0)
(0.092107 3.50405 1.31191e-19)
(0.0904871 3.46401 -1.31042e-19)
(0.0853449 3.4412 1.86147e-19)
(0.0793454 3.4252 -6.5914e-21)
(0.0712506 3.40308 -2.45893e-19)
(0.0538495 3.02437 -2.71243e-19)
(-0.00408482 0.803998 -5.93485e-21)
(0.0518734 2.33408 -4.40264e-20)
(0.0440818 3.40819 2.40523e-22)
(0.0505604 3.50671 -1.00076e-19)
(0.0555826 3.47005 4.40265e-21)
(0.0570846 3.43898 5.92536e-22)
(0.0565609 3.42304 0)
(0.0562295 3.41417 -2.47906e-19)
(0.0559698 3.40341 -2.64489e-19)
(0.046284 3.06927 2.869e-19)
(-0.00845274 0.856136 2.94279e-19)
(0.032658 2.2683 4.38091e-20)
(0.0217629 3.37089 -1.47525e-19)
(0.0244761 3.47287 -1.29481e-19)
(0.0306894 3.44201 5.89385e-21)
(0.0348722 3.41694 -1.11654e-19)
(0.0381556 3.40545 -1.18073e-19)
(0.0423473 3.40071 -1.37211e-19)
(0.0467419 3.39683 4.58214e-21)
(0.0418078 3.1051 1.45484e-19)
(-0.010823 0.904022 5.63761e-21)
(0.0195822 2.25137 -5.99577e-20)
(0.00451692 3.34997 1.36002e-20)
(0.00670613 3.44451 1.95837e-19)
(0.0139937 3.41701 1.14339e-19)
(0.0205631 3.39582 0)
(0.0267991 3.38691 8.46665e-21)
(0.034031 3.38463 1.36253e-21)
(0.0414533 3.38594 -1.60143e-19)
(0.0406122 3.13431 -5.14136e-21)
(-0.0121634 0.951683 1.70198e-19)
(0.0109209 2.27089 1.05467e-19)
(-0.00979048 3.33899 3.2589e-21)
(-0.00529167 3.41901 -1.22526e-19)
(0.00284567 3.39298 -1.29808e-19)
(0.0112595 3.37413 1.30984e-19)
(0.0198232 3.3666 -1.41551e-19)
(0.0293848 3.36585 0)
(0.0393073 3.37122 -3.50226e-19)
(0.0425633 3.15852 1.83349e-19)
(-0.0123917 1.00621 -3.79e-19)
(0.00253331 2.3161 1.91738e-21)
(-0.0207854 3.33227 0)
(-0.0146391 3.39435 -1.36333e-19)
(-0.00513042 3.36825 0)
(0.00491345 3.35059 -1.70531e-19)
(0.0155851 3.34367 0)
(0.0273543 3.34383 -2.2172e-20)
(0.0397834 3.35234 -1.89574e-19)
(0.0473148 3.17825 -3.15195e-21)
(-0.0111768 1.07481 2.04965e-19)
(-0.00682191 2.38341 1.09731e-21)
(-0.0306148 3.32588 -1.63819e-19)
(-0.0229761 3.36803 1.67974e-19)
(-0.0117419 3.34104 0)
(0.000170806 3.3238 0)
(0.0130787 3.317 0)
(0.027224 3.31769 -2.1596e-19)
(0.0424389 3.32863 6.98963e-23)
(0.0544432 3.19243 -2.23617e-19)
(-0.00805964 1.16219 2.40978e-19)
(-0.0192683 2.47009 2.61338e-21)
(-0.0411942 3.31572 1.3201e-20)
(-0.0315334 3.33724 1.76313e-19)
(-0.0179188 3.30932 0)
(-0.00360088 3.29219 0)
(0.0118348 3.28547 1.40366e-20)
(0.028576 3.2866 2.22619e-19)
(0.0468336 3.29948 2.5437e-19)
(0.0632014 3.20047 2.36174e-19)
(-0.00224092 1.27728 0)
(-0.03618 2.5744 3.85189e-19)
(-0.0529179 3.2974 -1.48032e-22)
(-0.0405253 3.29961 1.065e-19)
(-0.0238503 3.27159 2.10335e-19)
(-0.006528 3.25492 2.20056e-22)
(0.0117222 3.24858 -2.33628e-19)
(0.0310566 3.25025 2.77708e-19)
(0.0521098 3.2645 4.05922e-19)
(0.0717931 3.20049 -4.50438e-21)
(0.00641165 1.42641 1.4466e-19)
(-0.0570115 2.69231 -1.15265e-19)
(-0.0644339 3.26763 1.1743e-19)
(-0.0484138 3.25427 2.68488e-19)
(-0.0287469 3.22817 1.68389e-20)
(-0.00852357 3.21284 0)
(0.0121138 3.20724 -1.42021e-19)
(0.0337012 3.20928 -1.5715e-19)
(0.0568077 3.22395 -9.80228e-21)
(0.0788136 3.19091 0)
(0.0174329 1.61273 -3.37295e-19)
(-0.0776382 2.81483 -4.11119e-21)
(-0.0729438 3.22649 -8.58639e-21)
(-0.052925 3.20386 -1.41248e-19)
(-0.0311077 3.18093 -1.76442e-19)
(-0.00948458 3.16753 1.83242e-19)
(0.0120392 3.16289 3.50697e-19)
(0.0347063 3.16532 -1.76305e-19)
(0.0588594 3.17946 -1.10254e-20)
(0.0826536 3.1718 -5.72258e-21)
(0.0297311 1.83543 -3.79842e-19)
(-0.0912602 2.92829 3.54527e-23)
(-0.0751567 3.17821 -1.53396e-19)
(-0.0532023 3.15112 1.60659e-19)
(-0.0314548 3.1306 0)
(-0.00967889 3.11862 -4.45633e-20)
(0.0121569 3.11526 2.30341e-20)
(0.0345387 3.1191 -9.81601e-20)
(0.0573795 3.13357 -2.0553e-19)
(0.0812829 3.14462 -1.28192e-20)
(0.040149 2.09263 0)
(-0.0942412 3.01693 5.26559e-21)
(-0.0734245 3.12435 -1.11047e-20)
(-0.0530741 3.0948 9.5813e-20)
(-0.0318312 3.07671 9.35486e-20)
(-0.00948736 3.06713 7.67338e-20)
(0.0129404 3.06533 0)
(0.0352384 3.0698 0)
(0.0564213 3.08463 1.26182e-19)
(0.0780537 3.10953 1.15486e-19)
(0.0469749 2.37986 0)
(-0.0977739 3.04863 3.26879e-20)
(-0.0710275 3.05668 9.75144e-20)
(-0.0469873 3.03663 0)
(-0.02592 3.02755 2.62395e-20)
(-0.00721431 3.02325 4.13832e-24)
(0.0101252 3.02274 2.76146e-20)
(0.0287972 3.02469 -5.66314e-20)
(0.0498633 3.03294 6.14609e-20)
(0.080206 3.05608 1.56062e-20)
(0.0507488 2.6663 6.83667e-20)
(-0.0535218 2.99796 -2.89628e-22)
(-0.0251788 3.00019 -2.40854e-20)
(-0.0135032 3.001 0)
(-0.00726984 3.00085 2.35475e-20)
(-0.0025112 3.00132 -2.30902e-20)
(0.00231591 3.00079 2.43886e-20)
(0.00692279 2.99983 0)
(0.0138943 2.99942 2.67613e-20)
(0.029743 2.99959 -2.86375e-20)
(0.0276287 2.90801 0)
(0.533131 -0.0342521 0)
(1.05542 -0.0888652 0)
(1.04643 -0.0725682 0)
(1.02117 -0.0477741 0)
(1.00963 -0.030105 0)
(1.00455 -0.0182532 0)
(1.0023 -0.0109828 0)
(1.00125 -0.00650734 0)
(1.00075 -0.00354701 0)
(1.00051 -0.00133029 0)
(1.00048 0.000637048 0)
(1.0006 0.0026716 0)
(1.00094 0.00514453 0)
(1.00166 0.00870095 0)
(1.0032 0.0143335 0)
(1.00657 0.0236241 0)
(1.01433 0.0383402 0)
(1.0312 0.0590755 0)
(1.06139 0.0845272 0)
(0.939279 0.085595 0)
(0.263695 -0.00534009 0)
(1.00624 -0.0568585 0)
(1.10346 -0.057996 0)
(1.0686 -0.0478694 0)
(1.03959 -0.0386872 0)
(1.02179 -0.0291672 0)
(1.01195 -0.0202854 0)
(1.00678 -0.0130471 0)
(1.00414 -0.00741263 0)
(1.00292 -0.00280715 0)
(1.00269 0.00138332 0)
(1.00335 0.00571955 0)
(1.00517 0.0106631 0)
(1.00889 0.0169682 0)
(1.01604 0.0250024 0)
(1.02945 0.0343242 0)
(1.05249 0.0436442 0)
(1.08837 0.0534393 0)
(1.09229 0.0589537 0)
(0.723716 0.0309422 0)
(0.192301 -0.000788217 0)
(0.884261 -0.0299438 0)
(1.10325 -0.0458926 0)
(1.08906 -0.0414198 0)
(1.05865 -0.0343663 0)
(1.03791 -0.0281164 0)
(1.0238 -0.021936 0)
(1.01486 -0.015569 0)
(1.00969 -0.00940859 0)
(1.0071 -0.00364639 0)
(1.00655 0.00195335 0)
(1.00802 0.00760585 0)
(1.01172 0.0134294 0)
(1.01857 0.019627 0)
(1.02991 0.0257857 0)
(1.0471 0.031789 0)
(1.07208 0.0382268 0)
(1.10364 0.0451106 0)
(1.04843 0.0423009 0)
(0.564098 0.0100868 0)
(0.164347 -0.000555695 0)
(0.785686 -0.017239 0)
(1.08471 -0.0364426 0)
(1.09909 -0.0364944 0)
(1.06872 -0.0314688 0)
(1.0475 -0.0261359 0)
(1.03292 -0.0207677 0)
(1.02271 -0.0153745 0)
(1.0159 -0.00975304 0)
(1.01207 -0.0038395 0)
(1.01122 0.0023716 0)
(1.01343 0.00841425 0)
(1.01858 0.0140081 0)
(1.02692 0.0193092 0)
(1.03907 0.0244594 0)
(1.05658 0.0296751 0)
(1.08243 0.0347044 0)
(1.10502 0.0381746 0)
(0.987197 0.0299154 0)
(0.480819 0.00525073 0)
(0.147268 -0.000402499 0)
(0.712405 -0.0112462 0)
(1.05759 -0.0290847 0)
(1.1042 -0.0314776 0)
(1.07724 -0.0279036 0)
(1.05477 -0.0237419 0)
(1.03952 -0.0191953 0)
(1.02895 -0.0143292 0)
(1.02171 -0.00914447 0)
(1.01738 -0.00347542 0)
(1.01633 0.0026393 0)
(1.01881 0.00850741 0)
(1.02438 0.013678 0)
(1.03303 0.0184363 0)
(1.04561 0.022894 0)
(1.06404 0.0270014 0)
(1.09135 0.0308852 0)
(1.10016 0.0323563 0)
(0.927447 0.0219162 0)
(0.429216 0.00349445 0)
(0.135468 -0.00029542 0)
(0.658145 -0.00787306 0)
(1.02693 -0.0231509 0)
(1.10601 -0.0272199 0)
(1.08465 -0.0246941 0)
(1.06136 -0.0212986 0)
(1.04535 -0.0174727 0)
(1.03426 -0.0130879 0)
(1.02668 -0.00819198 0)
(1.02206 -0.0028324 0)
(1.02087 0.00285647 0)
(1.02344 0.00832845 0)
(1.02919 0.0131454 0)
(1.03818 0.0174448 0)
(1.05135 0.0212173 0)
(1.07062 0.024498 0)
(1.0976 0.0275354 0)
(1.08954 0.0275004 0)
(0.87452 0.0163999 0)
(0.393169 0.00251684 0)
(0.127034 -0.000213771 0)
(0.618056 -0.00554757 0)
(0.996531 -0.0179263 0)
(1.10499 -0.0229038 0)
(1.09045 -0.0211588 0)
(1.06685 -0.0181964 0)
(1.0505 -0.0149254 0)
(1.03897 -0.011231 0)
(1.03103 -0.00699261 0)
(1.02626 -0.00213595 0)
(1.02495 0.00320127 0)
(1.02741 0.00818229 0)
(1.03326 0.0123362 0)
(1.04257 0.0158422 0)
(1.05611 0.0188723 0)
(1.07572 0.0215812 0)
(1.10082 0.0239761 0)
(1.0752 0.0228225 0)
(0.830202 0.0121985 0)
(0.366988 0.00183047 0)
(0.121096 -0.000156613 0)
(0.589096 -0.00379357 0)
(0.969228 -0.0133372 0)
(1.10233 -0.018534 0)
(1.09565 -0.0174119 0)
(1.07195 -0.0148236 0)
(1.05543 -0.0120864 0)
(1.04381 -0.0090257 0)
(1.03564 -0.00545634 0)
(1.03055 -0.00120565 0)
(1.02905 0.00354319 0)
(1.03156 0.00787783 0)
(1.03752 0.0112901 0)
(1.04685 0.0140334 0)
(1.06037 0.0163512 0)
(1.08019 0.0184799 0)
(1.10235 0.020252 0)
(1.05951 0.0183523 0)
(0.794769 0.00889355 0)
(0.348048 0.00132645 0)
(0.117157 -9.75297e-05 0)
(0.56945 -0.00224528 0)
(0.946225 -0.00902635 0)
(1.09803 -0.0141637 0)
(1.09934 -0.0139008 0)
(1.0756 -0.0121119 0)
(1.05869 -0.0100289 0)
(1.04708 -0.00737894 0)
(1.0391 -0.00406774 0)
(1.03412 -0.000168761 0)
(1.03249 0.00400813 0)
(1.03465 0.00783797 0)
(1.04016 0.0108261 0)
(1.04919 0.0130932 0)
(1.06284 0.0147364 0)
(1.08322 0.0159592 0)
(1.10231 0.0167494 0)
(1.04361 0.0139806 0)
(0.767697 0.00596886 0)
(0.334975 0.000875981 0)
(0.115237 -2.22742e-05 0)
(0.558231 -0.000931823 0)
(0.928391 -0.00503691 0)
(1.09197 -0.00962311 0)
(1.10085 -0.0103205 0)
(1.07839 -0.00921663 0)
(1.06174 -0.00748929 0)
(1.05029 -0.00528316 0)
(1.04221 -0.00245245 0)
(1.03698 0.000963585 0)
(1.03511 0.0047033 0)
(1.03711 0.00793061 0)
(1.04248 0.0102764 0)
(1.0513 0.0118503 0)
(1.06454 0.0128886 0)
(1.08439 0.0135334 0)
(1.0997 0.013172 0)
(1.02811 0.00969821 0)
(0.748727 0.00351853 0)
(0.327154 0.000471058 0)
(0.114878 2.24148e-05 0)
(0.553006 -0.000226559 0)
(0.916316 -0.0024909 0)
(1.08573 -0.00586734 0)
(1.10115 -0.00671779 0)
(1.0805 -0.00601948 0)
(1.06438 -0.00470702 0)
(1.05328 -0.00286835 0)
(1.0455 -0.000560887 0)
(1.04035 0.00232175 0)
(1.03826 0.00552597 0)
(1.03973 0.00812309 0)
(1.04447 0.00970036 0)
(1.05261 0.0105772 0)
(1.0654 0.0109174 0)
(1.08455 0.0109339 0)
(1.09559 0.0101299 0)
(1.01479 0.00680587 0)
(0.736175 0.00227952 0)
(0.322721 0.000273904 0)
(0.115221 3.85667e-05 0)
(0.550619 3.99154e-05 0)
(0.908578 -0.00139272 0)
(1.08111 -0.00379812 0)
(1.10123 -0.00431504 0)
(1.08204 -0.00353126 0)
(1.06616 -0.00232735 0)
(1.05519 -0.000765072 0)
(1.04743 0.0012382 0)
(1.0423 0.00380032 0)
(1.03992 0.00658861 0)
(1.04086 0.00873967 0)
(1.04506 0.00987552 0)
(1.05288 0.0103716 0)
(1.06518 0.0104074 0)
(1.08364 0.0098677 0)
(1.09139 0.00880058 0)
(1.00394 0.00578936 0)
(0.726732 0.00200886 0)
(0.319373 0.000254276 0)
(0.115776 3.75473e-05 0)
(0.549331 0.000160033 0)
(0.902681 -0.000914562 0)
(1.07743 -0.00318312 0)
(1.10172 -0.00383345 0)
(1.08388 -0.00300703 0)
(1.06822 -0.00166103 0)
(1.05755 0.000114008 0)
(1.05007 0.00247004 0)
(1.04493 0.00527262 0)
(1.04219 0.00809974 0)
(1.0425 0.01024 0)
(1.04595 0.0113084 0)
(1.05306 0.0114241 0)
(1.06481 0.0110901 0)
(1.08234 0.0105627 0)
(1.08703 0.00925847 0)
(0.993714 0.00588984 0)
(0.717947 0.00207266 0)
(0.315979 0.000295537 0)
(0.116503 4.5036e-05 0)
(0.549154 0.00036751 0)
(0.897305 -0.000306905 0)
(1.07256 -0.00278255 0)
(1.10164 -0.0041914 0)
(1.08544 -0.00400835 0)
(1.07048 -0.00244149 0)
(1.06025 -0.000118816 0)
(1.05292 0.00299344 0)
(1.0475 0.00662178 0)
(1.04427 0.0102345 0)
(1.04394 0.0129854 0)
(1.0466 0.014504 0)
(1.05281 0.0149885 0)
(1.06379 0.0144569 0)
(1.08048 0.0132727 0)
(1.08065 0.0107466 0)
(0.982068 0.00614835 0)
(0.709061 0.00212868 0)
(0.312296 0.000343912 0)
(0.117544 5.76725e-05 0)
(0.550274 0.000636362 0)
(0.893234 0.000659872 0)
(1.06593 -0.00152893 0)
(1.09945 -0.00402332 0)
(1.0867 -0.00439403 0)
(1.07335 -0.00278713 0)
(1.06391 1.78646e-05 0)
(1.05675 0.00382136 0)
(1.05103 0.00835476 0)
(1.04714 0.0128831 0)
(1.04604 0.0163386 0)
(1.04785 0.0182156 0)
(1.053 0.0187917 0)
(1.06221 0.0180057 0)
(1.07599 0.0158022 0)
(1.07042 0.0114976 0)
(0.968965 0.00594366 0)
(0.700471 0.00210906 0)
(0.308424 0.000378743 0)
(0.119049 8.09349e-05 0)
(0.553527 0.00105113 0)
(0.891709 0.00191045 0)
(1.05934 0.00074118 0)
(1.0953 -0.00167434 0)
(1.08748 -0.00275839 0)
(1.07652 -0.00109869 0)
(1.06815 0.00199155 0)
(1.06112 0.00613848 0)
(1.05511 0.0110992 0)
(1.05041 0.0159567 0)
(1.04836 0.0194053 0)
(1.04905 0.0211911 0)
(1.05253 0.0211649 0)
(1.05974 0.0198215 0)
(1.06852 0.0163943 0)
(1.05764 0.0110242 0)
(0.956137 0.00553428 0)
(0.692469 0.00216002 0)
(0.304336 0.000423255 0)
(0.121167 0.000113373 0)
(0.558799 0.00149595 0)
(0.893582 0.00321421 0)
(1.05539 0.00349689 0)
(1.09165 0.00228618 0)
(1.08799 0.00177523 0)
(1.07996 0.00336734 0)
(1.07258 0.00633709 0)
(1.06566 0.0104499 0)
(1.05925 0.0152053 0)
(1.05348 0.0195649 0)
(1.05021 0.0221728 0)
(1.04952 0.0230965 0)
(1.05132 0.0221752 0)
(1.05547 0.0197278 0)
(1.05962 0.015539 0)
(1.04497 0.0102093 0)
(0.944807 0.00544034 0)
(0.684706 0.00239282 0)
(0.299786 0.000494412 0)
(0.124016 0.000149105 0)
(0.566203 0.00197108 0)
(0.898847 0.00469082 0)
(1.0555 0.00629848 0)
(1.09043 0.00683185 0)
(1.08935 0.00753051 0)
(1.08342 0.00934748 0)
(1.07695 0.0123929 0)
(1.07007 0.0163732 0)
(1.06295 0.0205988 0)
(1.05586 0.0239762 0)
(1.0511 0.0253242 0)
(1.04878 0.0248557 0)
(1.04863 0.0226659 0)
(1.04995 0.0192113 0)
(1.0507 0.0147733 0)
(1.03383 0.00995226 0)
(0.934807 0.00586161 0)
(0.67647 0.00281972 0)
(0.294427 0.000591768 0)
(0.127706 0.000186959 0)
(0.575907 0.00250238 0)
(0.907226 0.00608984 0)
(1.05937 0.00907581 0)
(1.09243 0.0112411 0)
(1.0923 0.0133336 0)
(1.0875 0.0159632 0)
(1.08146 0.0194432 0)
(1.07424 0.0234439 0)
(1.066 0.0271753 0)
(1.05728 0.0294747 0)
(1.05072 0.0293313 0)
(1.04667 0.0273337 0)
(1.04443 0.0239782 0)
(1.04368 0.0197835 0)
(1.0422 0.0151573 0)
(1.02398 0.0106648 0)
(0.925073 0.00682231 0)
(0.666966 0.00344066 0)
(0.287899 0.000725886 0)
(0.132464 0.000243047 0)
(0.588451 0.00322766 0)
(0.918888 0.00784365 0)
(1.06674 0.0121804 0)
(1.09745 0.0159431 0)
(1.09737 0.0194701 0)
(1.09273 0.0231982 0)
(1.08638 0.0273858 0)
(1.07825 0.0316534 0)
(1.06842 0.0350933 0)
(1.05766 0.0364215 0)
(1.04895 0.0348675 0)
(1.04309 0.0313445 0)
(1.03906 0.0268594 0)
(1.0367 0.0219065 0)
(1.03375 0.0169018 0)
(1.01439 0.0123062 0)
(0.914423 0.00823008 0)
(0.65552 0.00422705 0)
(0.27985 0.000886854 0)
(0.138708 0.000315761 0)
(0.604754 0.00416564 0)
(0.934381 0.0100772 0)
(1.07756 0.015933 0)
(1.10553 0.0213289 0)
(1.10477 0.0263843 0)
(1.09949 0.0314107 0)
(1.09209 0.0365938 0)
(1.08239 0.0414002 0)
(1.07038 0.0447285 0)
(1.05709 0.0451677 0)
(1.04589 0.0422386 0)
(1.03802 0.0372712 0)
(1.03244 0.0315518 0)
(1.02874 0.0256476 0)
(1.02465 0.0199474 0)
(1.00397 0.0147976 0)
(0.901982 0.0100537 0)
(0.641429 0.0051958 0)
(0.269919 0.00107805 0)
(0.147058 0.000419368 0)
(0.626191 0.00542177 0)
(0.954744 0.0130084 0)
(1.09214 0.0208179 0)
(1.11685 0.0281166 0)
(1.1148 0.0348768 0)
(1.10818 0.0414146 0)
(1.09894 0.0478188 0)
(1.08687 0.0532986 0)
(1.07197 0.0565575 0)
(1.05557 0.0560523 0)
(1.04155 0.0516214 0)
(1.03149 0.0451384 0)
(1.02433 0.0380421 0)
(1.01939 0.0309465 0)
(1.01422 0.0242193 0)
(0.99179 0.018106 0)
(0.886646 0.0123052 0)
(0.623956 0.0063435 0)
(0.257617 0.00130781 0)
(0.158563 0.000585585 0)
(0.655133 0.00719673 0)
(0.981677 0.0171425 0)
(1.11133 0.0276605 0)
(1.1319 0.0372723 0)
(1.12784 0.0459973 0)
(1.11901 0.0542826 0)
(1.107 0.0620073 0)
(1.09164 0.0681206 0)
(1.07309 0.0711431 0)
(1.05299 0.0694449 0)
(1.03578 0.0632657 0)
(1.02336 0.0550682 0)
(1.01449 0.0463733 0)
(1.00823 0.0378304 0)
(1.00184 0.029768 0)
(0.977044 0.0223341 0)
(0.867375 0.0151352 0)
(0.601829 0.00773469 0)
(0.242404 0.00158246 0)
(0.17514 0.000864035 0)
(0.695465 0.00977964 0)
(1.01768 0.0232984 0)
(1.1365 0.0376872 0)
(1.15155 0.0502581 0)
(1.14426 0.0612416 0)
(1.132 0.0714192 0)
(1.11608 0.0803572 0)
(1.09644 0.0867741 0)
(1.07344 0.0890853 0)
(1.04907 0.0857165 0)
(1.02836 0.0774216 0)
(1.01337 0.0672332 0)
(1.00261 0.0566991 0)
(0.994868 0.0464662 0)
(0.986978 0.0367883 0)
(0.958939 0.0276598 0)
(0.843108 0.0186439 0)
(0.573734 0.00940899 0)
(0.223612 0.00189358 0)
(0.200866 0.00136546 0)
(0.753999 0.014019 0)
(1.06662 0.0335148 0)
(1.16948 0.0535072 0)
(1.17657 0.0696771 0)
(1.16419 0.082939 0)
(1.1469 0.0947233 0)
(1.1257 0.10424 0)
(1.10076 0.11016 0)
(1.07257 0.110935 0)
(1.04346 0.105188 0)
(1.01901 0.0943038 0)
(1.00129 0.0818303 0)
(0.988426 0.0692643 0)
(0.978986 0.057169 0)
(0.969181 0.0456719 0)
(0.9367 0.0344606 0)
(0.81236 0.0230578 0)
(0.537845 0.0113405 0)
(0.200113 0.00222109 0)
(0.249175 0.00326155 0)
(0.846912 0.0243942 -1.07801e-34)
(1.13619 0.0545358 -3.87915e-35)
(1.21175 0.0810139 0)
(1.20663 0.100039 0)
(1.18664 0.114475 0)
(1.16253 0.126398 0)
(1.13479 0.134981 0)
(1.10372 0.139023 0)
(1.06988 0.137091 0)
(1.03582 0.128057 0)
(1.00753 0.114043 0)
(0.986973 0.099018 2.25152e-34)
(0.971862 0.0843154 0)
(0.960495 0.0703235 0)
(0.948253 0.0569142 0)
(0.909084 0.043337 0)
(0.772223 0.0289289 0)
(0.490569 0.0136684 0)
(0.16922 0.00254471 0)
(0.287756 0.0119332 -1.67537e-21)
(0.937126 0.0570724 -5.87106e-21)
(1.20197 0.0952952 -1.15811e-21)
(1.25329 0.123398 -1.46494e-21)
(1.23628 0.142245 0)
(1.20813 0.15609 4.28727e-22)
(1.1767 0.167024 -1.51708e-22)
(1.14205 0.174071 -2.06146e-22)
(1.10437 0.176032 0)
(1.06413 0.171468 -2.59122e-21)
(1.02405 0.159342 1.548e-22)
(0.990641 0.142423 0)
(0.965902 0.125061 -2.50923e-20)
(0.947183 0.108441 -3.77231e-21)
(0.93256 0.0927669 -1.91113e-20)
(0.916255 0.077516 5.8839e-21)
(0.867426 0.0605578 0)
(0.717267 0.042936 3.48394e-20)
(0.439622 0.0224014 -4.15254e-20)
(0.145765 0.00597242 1.56012e-21)
(0.293067 0.0304923 -1.21686e-19)
(0.984427 0.106771 0)
(1.2485 0.152135 2.88743e-20)
(1.28697 0.179185 0)
(1.26132 0.194771 1.84163e-20)
(1.22596 0.205989 7.68145e-21)
(1.18763 0.214443 -1.63693e-21)
(1.14632 0.219012 6.72993e-21)
(1.10216 0.218376 -8.00763e-21)
(1.05549 0.211047 -2.42159e-20)
(1.0092 0.196105 3.00259e-20)
(0.970394 0.176812 0)
(0.941242 0.157795 0)
(0.918665 0.140076 1.7905e-20)
(0.900473 0.123824 4.30573e-20)
(0.880957 0.108228 1.35773e-20)
(0.830761 0.0901265 1.47412e-20)
(0.68724 0.0683783 1.54023e-19)
(0.42669 0.0383812 -5.6174e-21)
(0.148269 0.0132502 -4.37786e-19)
(0.285194 0.0452921 0)
(1.00361 0.159142 -1.70118e-21)
(1.27653 0.217559 3.76181e-20)
(1.31033 0.242751 0)
(1.27931 0.254082 0)
(1.23845 0.26158 -1.123e-20)
(1.19443 0.266467 9.43171e-21)
(1.14737 0.267622 -7.73e-21)
(1.09745 0.263664 1.81704e-20)
(1.04501 0.253081 1.13436e-20)
(0.993072 0.235114 -2.02652e-21)
(0.949499 0.213593 -4.86444e-20)
(0.916597 0.193258 -9.3278e-20)
(0.8909 0.174921 -2.06757e-20)
(0.870073 0.15862 -2.44151e-20)
(0.848851 0.14326 1.22573e-19)
(0.801347 0.125104 1.65025e-19)
(0.670991 0.0987044 0)
(0.432624 0.0608635 3.53937e-22)
(0.161482 0.0232016 2.33479e-20)
(0.275435 0.058947 -2.52769e-20)
(1.00586 0.211613 4.24353e-20)
(1.29103 0.284286 1.88027e-19)
(1.32407 0.308765 6.87119e-20)
(1.28986 0.316271 -5.80951e-20)
(1.24513 0.319896 1.62583e-21)
(1.19679 0.320921 -8.1872e-21)
(1.14508 0.318335 0)
(1.09032 0.310736 1.84848e-20)
(1.03293 0.296609 -2.36603e-20)
(0.976171 0.275424 3.46179e-20)
(0.928641 0.251591 -2.56236e-21)
(0.892835 0.229992 7.08233e-20)
(0.864949 0.211121 4.49221e-20)
(0.842453 0.194822 1.39485e-19)
(0.820534 0.179861 3.35985e-20)
(0.776657 0.161855 -1.45253e-19)
(0.659505 0.132606 2.44852e-20)
(0.440856 0.0866208 4.67468e-19)
(0.174049 0.0345459 1.73903e-20)
(0.266201 0.0709339 -2.81259e-19)
(0.998568 0.261527 1.57153e-19)
(1.29613 0.34992 0)
(1.33024 0.374552 -9.98517e-20)
(1.29405 0.378835 1.0326e-20)
(1.24653 0.378738 -3.89621e-20)
(1.19495 0.376011 -4.5638e-21)
(1.13957 0.3697 3.41396e-21)
(1.08083 0.35843 5.97955e-21)
(1.01929 0.340685 0)
(0.95852 0.316144 1.6293e-19)
(0.907803 0.289808 6.10454e-20)
(0.86993 0.266732 -7.95319e-20)
(0.840701 0.247118 0)
(0.817332 0.230654 0)
(0.795407 0.216001 3.77551e-20)
(0.755184 0.198058 1.83385e-19)
(0.648737 0.166186 0)
(0.443537 0.111779 5.17821e-19)
(0.180013 0.045415 -2.55834e-22)
(0.258285 0.0819105 2.93138e-19)
(0.986528 0.308085 -5.38903e-20)
(1.29466 0.413072 3.6148e-19)
(1.33064 0.438849 1.96894e-19)
(1.29332 0.440353 7.50677e-20)
(1.24375 0.436803 0)
(1.18959 0.430575 0)
(1.13127 0.42071 8.12469e-21)
(1.06924 0.405859 -1.22544e-20)
(1.00414 0.384523 2.54994e-20)
(0.94001 0.356522 8.83973e-20)
(0.886739 0.327452 -6.28767e-20)
(0.847267 0.30257 -8.72695e-20)
(0.817159 0.28185 -5.43567e-20)
(0.793446 0.264798 1.31612e-19)
(0.771987 0.249942 1.66128e-19)
(0.734938 0.23157 -4.49453e-19)
(0.636243 0.196736 0)
(0.439543 0.134211 -5.31321e-19)
(0.180274 0.0547487 -6.66139e-19)
(0.252051 0.0922075 -4.32008e-20)
(0.972663 0.35141 -2.12521e-19)
(1.28871 0.473185 -1.07332e-19)
(1.32677 0.500786 -7.50705e-20)
(1.28883 0.499959 -9.76407e-20)
(1.23766 0.493338 -1.04523e-19)
(1.18146 0.483892 0)
(1.12073 0.470707 1.09822e-20)
(1.05592 0.452451 2.92364e-20)
(0.987733 0.427599 -3.76283e-20)
(0.92057 0.396085 -9.52843e-20)
(0.865053 0.364086 7.37317e-20)
(0.824352 0.337046 1.83554e-19)
(0.793795 0.314773 0)
(0.77011 0.296682 0)
(0.74926 0.281096 -1.35184e-19)
(0.714713 0.261988 0)
(0.621447 0.223853 0)
(0.430427 0.153343 3.88661e-20)
(0.176712 0.0622871 7.0405e-19)
(0.247328 0.102179 0)
(0.958602 0.391908 0)
(1.27965 0.53018 -2.49397e-19)
(1.31984 0.559949 -1.61682e-19)
(1.2815 0.557186 2.27635e-19)
(1.2291 0.547861 -5.47603e-20)
(1.17126 0.535519 -6.31752e-20)
(1.10849 0.519287 -1.20695e-20)
(1.04126 0.497857 1.53891e-20)
(0.97033 0.46963 0)
(0.900436 0.434623 0)
(0.843006 0.399479 1.4499e-19)
(0.801272 0.369997 -1.00808e-19)
(0.770381 0.345815 0)
(0.74677 0.326279 8.26206e-20)
(0.726503 0.309629 -9.86335e-20)
(0.693846 0.289244 1.22173e-19)
(0.604334 0.247491 -5.70035e-19)
(0.417667 0.169185 4.23437e-20)
(0.170287 0.0682176 4.56197e-22)
(0.243659 0.111689 5.44829e-19)
(0.945048 0.429864 0)
(1.26844 0.584165 1.3981e-19)
(1.31072 0.616172 1.85174e-19)
(1.2721 0.611782 2.56264e-19)
(1.21868 0.600094 7.54377e-20)
(1.15951 0.585164 -3.33813e-20)
(1.09505 0.566188 2.59146e-20)
(1.0257 0.541847 2.22169e-20)
(0.952306 0.510465 2.75827e-20)
(0.879917 0.472006 2.18941e-19)
(0.820554 0.433571 8.35674e-22)
(0.77777 0.401372 -3.83853e-21)
(0.746489 0.374974 1.43243e-19)
(0.723007 0.353615 1.74862e-19)
(0.703314 0.335549 0)
(0.672067 0.313555 -6.79502e-20)
(0.585061 0.267963 -6.21513e-19)
(0.402111 0.181892 -4.61098e-20)
(0.161883 0.0723833 0)
(0.241097 0.121128 0)
(0.932625 0.465828 1.00059e-19)
(1.25619 0.635068 -1.53663e-19)
(1.30008 0.669363 1.18634e-19)
(1.2612 0.663649 -2.9316e-19)
(1.20699 0.649875 9.09797e-20)
(1.14672 0.632661 3.7273e-20)
(1.0808 0.611238 3.05809e-20)
(1.00959 0.584278 -2.05437e-20)
(0.933892 0.549987 8.39825e-20)
(0.858939 0.508217 0)
(0.797611 0.466421 0)
(0.753826 0.431251 -1.19235e-19)
(0.722118 0.40232 -1.56053e-19)
(0.698726 0.378803 2.88795e-19)
(0.679531 0.358964 5.82662e-19)
(0.649218 0.334971 2.8078e-19)
(0.5637 0.28517 -8.514e-20)
(0.384282 0.191505 5.0303e-20)
(0.152171 0.0747969 0)
(0.239254 0.130334 1.36769e-19)
(0.921237 0.499869 1.18044e-19)
(1.24321 0.682784 -3.5053e-19)
(1.28846 0.719516 -1.22776e-19)
(1.24929 0.712772 -1.69193e-19)
(1.19444 0.697149 -1.00778e-19)
(1.13325 0.677916 6.24492e-20)
(1.06607 0.654339 5.34728e-20)
(0.993164 0.625054 8.06617e-21)
(0.915227 0.588141 -1.37795e-20)
(0.837722 0.543266 -2.76546e-20)
(0.774287 0.498153 -2.91317e-19)
(0.729334 0.459856 3.89933e-19)
(0.697143 0.428117 1.59218e-19)
(0.673709 0.402138 0)
(0.654881 0.380201 -2.51976e-19)
(0.62507 0.353754 0)
(0.540338 0.299272 -3.70577e-19)
(0.364361 0.1982 4.37644e-19)
(0.141176 0.0755168 -4.46281e-19)
(0.237959 0.139421 -1.52786e-19)
(0.910917 0.532285 -2.49765e-19)
(1.23019 0.727438 -1.90647e-19)
(1.2762 0.76681 7.74775e-21)
(1.23675 0.759163 1.91212e-19)
(1.18138 0.741913 0)
(1.11943 0.720905 7.23195e-20)
(1.05114 0.695448 -1.87239e-20)
(0.976676 0.664141 4.04549e-21)
(0.896626 0.624929 0)
(0.816517 0.577232 -2.25281e-19)
(0.750679 0.528855 3.61952e-19)
(0.704167 0.48729 -2.80394e-19)
(0.671346 0.452463 0)
(0.647801 0.423768 -2.27392e-19)
(0.629208 0.399399 1.38099e-19)
(0.599591 0.370041 8.36801e-20)
(0.514988 0.310347 3.00258e-19)
(0.342051 0.202058 9.54329e-19)
(0.129166 0.0745734 0)
(0.23686 0.14816 1.73155e-19)
(0.901469 0.563082 0)
(1.21739 0.769374 -4.4694e-19)
(1.26354 0.811341 -1.50388e-19)
(1.22387 0.802886 1.12288e-19)
(1.1681 0.784193 -1.03534e-20)
(1.10551 0.761645 4.1648e-20)
(1.03626 0.734568 -1.19998e-19)
(0.9604 0.701542 5.19985e-21)
(0.878307 0.660372 0)
(0.795467 0.61018 0)
(0.726945 0.558713 6.40244e-21)
(0.678479 0.513785 2.263e-19)
(0.644684 0.475597 0)
(0.620896 0.443853 -2.47781e-19)
(0.602414 0.416736 1.52239e-19)
(0.572679 0.383981 9.23144e-20)
(0.487664 0.318475 4.39676e-19)
(0.31753 0.202776 4.55884e-19)
(0.1161 0.0719477 0)
(0.236243 0.156744 -3.81275e-19)
(0.892897 0.592417 -1.58344e-19)
(1.20479 0.808822 4.83536e-19)
(1.25076 0.85319 1.68052e-19)
(1.21088 0.844017 4.77181e-19)
(1.15481 0.824053 -2.98007e-19)
(1.0917 0.800167 1.19882e-19)
(1.02164 0.771712 0)
(0.944503 0.737247 0)
(0.86042 0.69447 -1.45998e-19)
(0.774779 0.642179 2.86662e-19)
(0.703245 0.587886 6.22257e-20)
(0.65244 0.53964 -4.12109e-19)
(0.617228 0.497912 0)
(0.592904 0.462745 5.37265e-19)
(0.574384 0.432432 -1.69262e-19)
(0.544216 0.395619 -6.00061e-19)
(0.458339 0.323507 0)
(0.290914 0.200273 -5.68187e-19)
(0.101716 0.0674967 0)
(0.235825 0.165156 4.22788e-19)
(0.885061 0.620351 -3.52155e-19)
(1.19251 0.845899 -2.73158e-19)
(1.23802 0.89247 4.08633e-19)
(1.19796 0.882642 -1.39044e-20)
(1.14166 0.861555 0)
(1.07816 0.836517 0)
(1.00741 0.8069 3.67118e-19)
(0.92911 0.771274 1.88145e-20)
(0.843147 0.727242 -1.07264e-20)
(0.754643 0.673282 -3.01888e-19)
(0.679763 0.616532 -2.5028e-19)
(0.626124 0.565107 9.14338e-20)
(0.589041 0.519679 3.43639e-19)
(0.563784 0.480657 -1.48372e-19)
(0.54498 0.446574 3.60327e-19)
(0.514063 0.404898 0)
(0.426874 0.325171 -7.85365e-19)
(0.262663 0.19446 7.76929e-19)
(0.0867038 0.0613724 0)
(0.235313 0.173267 6.98905e-19)
(0.877608 0.64711 3.89468e-19)
(1.18067 0.880797 9.88963e-21)
(1.22546 0.929303 8.64058e-19)
(1.18524 0.918865 -1.52906e-19)
(1.12879 0.89679 -3.78653e-19)
(1.06499 0.870755 2.70151e-19)
(0.99367 0.840171 -4.02015e-19)
(0.914356 0.803636 -5.27193e-20)
(0.826621 0.758698 -1.79767e-20)
(0.735224 0.703526 3.28717e-20)
(0.656716 0.644773 2.6502e-19)
(0.599694 0.590436 3.77929e-19)
(0.560087 0.541258 1.33219e-21)
(0.533357 0.49788 -1.56176e-19)
(0.513946 0.459228 1.95702e-19)
(0.482007 0.41161 2.64096e-21)
(0.393161 0.323136 1.44032e-19)
(0.232759 0.185103 1.68206e-19)
(0.0713141 0.0537919 -3.97722e-19)
(0.234848 0.181027 5.1395e-19)
(0.870484 0.672361 -4.29641e-19)
(1.16917 0.913558 0)
(1.21317 0.963792 -8.58555e-21)
(1.1728 0.952791 1.57552e-19)
(1.11628 0.92984 -3.09844e-19)
(1.05228 0.902955 3.27375e-19)
(0.980512 0.871579 -2.79352e-19)
(0.900314 0.834365 -1.43469e-19)
(0.810929 0.788835 -1.07813e-20)
(0.716674 0.732922 4.5289e-20)
(0.63431 0.672698 -2.79077e-19)
(0.573397 0.615873 9.63718e-20)
(0.530505 0.563075 0)
(0.501466 0.514871 1.69338e-19)
(0.480817 0.470416 3.81819e-21)
(0.447746 0.4152 -2.62763e-19)
(0.357347 0.316617 3.11585e-19)
(0.201847 0.171938 0)
(0.0561557 0.0450029 0)
(0.234285 0.188312 2.82254e-19)
(0.863829 0.696275 0)
(1.15802 0.944254 -5.51559e-19)
(1.2012 0.99607 -5.22609e-19)
(1.16072 0.984544 -2.67042e-19)
(1.10418 0.960811 1.27774e-19)
(1.04008 0.933189 -3.47993e-19)
(0.967985 0.901181 -7.27114e-20)
(0.887034 0.863488 0)
(0.796134 0.817656 -2.12164e-21)
(0.699115 0.761465 -1.65048e-20)
(0.612744 0.700353 2.92236e-19)
(0.547483 0.641569 4.27471e-19)
(0.500522 0.585595 0)
(0.467979 0.532284 -1.90674e-19)
(0.444784 0.480367 0)
(0.410352 0.414626 0)
(0.319771 0.303916 -1.95299e-21)
(0.172129 0.154475 2.01771e-19)
(0.0428128 0.0357461 1.17482e-19)
(0.233654 0.195356 0)
(0.857428 0.718955 -2.63601e-19)
(1.14734 0.973086 5.94876e-19)
(1.18962 1.02627 -5.75369e-19)
(1.14903 1.01422 9.37399e-21)
(1.09255 0.989799 6.26699e-20)
(1.02842 0.961536 3.26981e-19)
(0.956098 0.929025 -2.79681e-19)
(0.874533 0.89104 0)
(0.782292 0.845175 -1.59577e-19)
(0.682628 0.789126 -2.75199e-20)
(0.592202 0.727747 3.03812e-19)
(0.522229 0.667626 -3.97245e-19)
(0.470511 0.60924 1.59774e-19)
(0.432934 0.551078 6.00501e-19)
(0.404667 0.489894 5.24288e-21)
(0.367553 0.408962 -6.26744e-19)
(0.279724 0.281065 5.5853e-19)
(0.148768 0.128198 2.17669e-19)
(0.0387799 0.0240329 1.26964e-19)
(0.232948 0.20188 6.73928e-19)
(0.851052 0.74 -8.48959e-19)
(1.13705 1.00009 -6.50227e-19)
(1.17843 1.05451 -6.41354e-19)
(1.13775 1.04195 -4.48541e-19)
(1.08138 1.0169 7.82182e-20)
(1.01731 0.988087 0)
(0.944863 0.955189 -7.36411e-19)
(0.862812 0.917061 -2.3088e-20)
(0.769387 0.871384 -7.19756e-20)
(0.667265 0.815861 -3.91644e-20)
(0.572846 0.754873 -2.77301e-19)
(0.497911 0.694043 4.7562e-19)
(0.441022 0.634287 2.49518e-19)
(0.396883 0.572368 -1.10909e-19)
(0.359428 0.500876 0)
(0.31508 0.3995 0)
(0.22968 0.242872 7.09826e-22)
(0.135134 0.0689465 0)
(0.0810671 -0.0105383 0)
(0.232193 0.208106 -3.72293e-19)
(0.845096 0.760063 -6.06587e-19)
(1.12709 1.02566 -2.29502e-19)
(1.16753 1.08125 -6.90046e-19)
(1.1267 1.06827 -4.75461e-19)
(1.07042 1.0428 -6.40439e-19)
(1.00642 1.01363 4.48488e-20)
(0.933878 0.980607 1.43904e-20)
(0.851354 0.942642 1.15936e-19)
(0.756781 0.89756 5.96015e-21)
(0.652196 0.843159 7.89211e-21)
(0.553619 0.783469 -2.87754e-19)
(0.47314 0.722742 4.49376e-19)
(0.410663 0.662799 3.14287e-19)
(0.358533 0.599272 -2.03753e-19)
(0.305503 0.517827 -2.7074e-19)
(0.242421 0.392765 0)
(0.134844 0.199644 0)
(0.0244289 0.230088 0)
(-0.0203483 1.04327 1.33404e-19)
(0.231276 0.213844 0)
(0.839186 0.778926 -8.25869e-19)
(1.11742 1.0498 2.60014e-19)
(1.15691 1.10656 1.91276e-19)
(1.11589 1.09326 5.21758e-19)
(1.05971 1.06756 -9.6358e-21)
(0.995785 1.03819 -3.79844e-19)
(0.923201 1.0053 -4.70383e-19)
(0.840258 0.967765 1.82325e-20)
(0.744636 0.92368 -2.00339e-20)
(0.637656 0.870964 2.37768e-19)
(0.534891 0.813503 0)
(0.448345 0.753942 5.17272e-20)
(0.379955 0.694665 3.94019e-19)
(0.32009 0.632628 -2.0119e-19)
(0.247273 0.547243 -2.70547e-19)
(0.143905 0.405813 4.08023e-21)
(0.0524892 0.662178 -1.99523e-19)
(0.0952246 2.24239 -1.17702e-20)
(0.107071 3.04322 -1.13612e-19)
(0.230411 0.218436 4.0453e-19)
(0.832847 0.796261 0)
(1.10798 1.07264 6.80443e-19)
(1.14657 1.13057 7.93395e-19)
(1.10541 1.11703 -5.54718e-19)
(1.0493 1.09128 1.00598e-20)
(0.985518 1.06178 5.27263e-19)
(0.912836 1.02921 0)
(0.829581 0.992356 2.09963e-19)
(0.733039 0.949604 -6.1149e-20)
(0.623838 0.899129 -9.98094e-21)
(0.517023 0.844725 -1.10518e-20)
(0.42424 0.787917 -8.46439e-19)
(0.349593 0.729203 0)
(0.285567 0.66975 4.06088e-19)
(0.193678 0.592423 0)
(0.0827338 0.904004 0)
(0.152654 2.59398 1.80064e-19)
(0.165105 3.23033 3.96349e-19)
(0.155485 3.40754 -3.17519e-19)
(0.24037 0.234769 -2.12026e-19)
(0.826805 0.818836 8.814e-19)
(1.09726 1.09803 -4.61529e-19)
(1.13627 1.15327 -6.82965e-21)
(1.09508 1.13954 -7.80678e-20)
(1.03901 1.1138 1.05112e-19)
(0.975791 1.08452 0)
(0.902738 1.05237 5.60464e-19)
(0.819254 1.01638 6.06109e-21)
(0.721914 0.975239 2.20278e-20)
(0.610773 0.927583 -1.79405e-19)
(0.50025 0.877001 2.08899e-19)
(0.401659 0.825181 -4.64845e-20)
(0.31811 0.764839 -6.95761e-20)
(0.252149 0.737283 5.34884e-19)
(0.177972 1.06659 2.15494e-19)
(0.167025 2.52579 1.55948e-20)
(0.220822 3.29299 -2.83893e-19)
(0.207716 3.43542 -1.5645e-19)
(0.179394 3.46305 3.69855e-19)
(0.581376 0.590128 4.23896e-19)
(1.0043 1.02398 -3.60689e-20)
(1.12248 1.16105 1.21427e-19)
(1.11165 1.17254 7.57968e-20)
(1.05977 1.14873 -7.45116e-19)
(0.999844 1.12165 0)
(0.931521 1.09054 -5.23316e-20)
(0.85354 1.05742 4.66847e-19)
(0.763245 1.02064 0)
(0.655963 0.978487 5.31136e-21)
(0.541096 0.932648 -2.79804e-19)
(0.433516 0.887265 0)
(0.332392 0.838007 0)
(0.262334 0.80069 0)
(0.199301 1.2344 0)
(0.252697 2.89607 0)
(0.277632 3.35729 -1.98637e-19)
(0.252632 3.45459 0)
(0.22226 3.48396 3.84579e-20)
(0.186969 3.49946 2.82905e-20)
(0.530908 0.535933 -5.08585e-19)
(0.831044 0.848823 -7.54932e-19)
(1.09042 1.1274 0)
(1.12167 1.18293 7.98344e-19)
(1.0824 1.17043 -7.27946e-19)
(1.02671 1.14508 1.13016e-19)
(0.962758 1.11658 -6.10897e-19)
(0.890143 1.0851 -3.54017e-20)
(0.806696 1.05062 0)
(0.708858 1.01228 -1.77118e-19)
(0.595914 0.969394 1.05374e-19)
(0.481195 0.924979 2.84405e-20)
(0.375647 0.882337 0)
(0.278837 0.835058 3.15574e-19)
(0.213107 1.11385 0)
(0.260391 2.6455 0)
(0.311017 3.37624 -1.19299e-19)
(0.293614 3.4818 1.42135e-19)
(0.253032 3.50107 9.6202e-20)
(0.204881 3.52408 0)
(0.541391 0.553445 1.64349e-21)
(0.82444 0.859844 -7.82579e-19)
(1.08009 1.144 6.09453e-19)
(1.11102 1.20196 6.52459e-21)
(1.07142 1.18998 8.15437e-20)
(1.01601 1.16484 -1.1137e-19)
(0.952668 1.13689 0)
(0.880221 1.10629 -6.21512e-19)
(0.796906 1.07298 -5.85136e-21)
(0.698895 1.03674 1.49169e-20)
(0.584828 0.997266 8.34634e-20)
(0.467573 0.957571 -1.57607e-19)
(0.358033 0.920427 3.47575e-20)
(0.269078 0.935192 5.27551e-20)
(0.28055 1.74202 -3.88893e-19)
(0.372847 3.21779 -1.26121e-19)
(0.381393 3.48385 1.06784e-20)
(0.333233 3.5347 -3.94127e-20)
(0.291312 3.56795 -7.52478e-20)
(0.22372 3.59153 -3.03271e-20)
(0.543647 0.57216 -4.71586e-19)
(0.817395 0.874203 0)
(1.07008 1.16319 -7.37221e-19)
(1.10085 1.22333 -8.7328e-19)
(1.06121 1.21185 6.21605e-19)
(1.00596 1.18662 -9.7617e-21)
(0.942784 1.15873 -6.11199e-19)
(0.870499 1.12855 0)
(0.78745 1.09625 -3.07027e-19)
(0.689499 1.06201 2.38954e-19)
(0.575087 1.02628 -2.71513e-21)
(0.456876 0.992402 -1.96024e-20)
(0.3477 0.964968 4.93694e-19)
(0.293931 1.14115 0)
(0.38081 2.53449 -1.51174e-19)
(0.46523 3.44155 0)
(0.427403 3.55423 0)
(0.377815 3.5864 7.00724e-20)
(0.326783 3.62478 2.84138e-19)
(0.244969 3.68311 0)
(0.54271 0.590343 2.25266e-19)
(0.808241 0.889469 5.5778e-19)
(1.05915 1.18409 -2.9201e-19)
(1.09005 1.24614 -2.17755e-19)
(1.0505 1.23493 -6.0185e-19)
(0.995543 1.20956 9.33677e-21)
(0.93271 1.18169 4.76233e-19)
(0.860955 1.15191 6.56193e-19)
(0.778482 1.1206 -3.99219e-20)
(0.681038 1.08842 6.15432e-19)
(0.566867 1.05654 2.07529e-20)
(0.448537 1.02859 0)
(0.345057 1.02164 -2.10221e-20)
(0.349137 1.5035 -1.44384e-19)
(0.486176 3.14088 4.92804e-20)
(0.538496 3.53639 -8.49047e-20)
(0.477566 3.60344 6.54392e-20)
(0.439459 3.65336 -1.58471e-19)
(0.368919 3.71987 4.21019e-20)
(0.276426 3.73146 -1.88772e-19)
(0.538133 0.606625 4.41369e-19)
(0.797259 0.905666 7.20612e-19)
(1.04671 1.20607 2.72455e-19)
(1.07788 1.26985 8.20735e-19)
(1.0386 1.25861 5.99055e-19)
(0.984105 1.23298 8.18652e-19)
(0.921896 1.20507 -6.47764e-20)
(0.850956 1.17565 1.91238e-20)
(0.769367 1.1453 -2.93877e-19)
(0.672862 1.11516 1.7951e-20)
(0.559478 1.08704 -6.37232e-21)
(0.441969 1.06512 5.38753e-20)
(0.353038 1.10294 -1.04622e-19)
(0.429796 1.99308 -8.50507e-20)
(0.582783 3.39769 -7.17751e-22)
(0.597669 3.58846 -1.29666e-19)
(0.547114 3.6477 0)
(0.511279 3.73729 0)
(0.496055 3.71272 0)
(0.380661 3.57371 -3.23436e-19)
(0.531299 0.621263 8.36031e-19)
(0.784904 0.922454 3.38258e-19)
(1.03275 1.22906 8.03988e-19)
(1.06443 1.29456 8.26337e-19)
(1.0257 1.28316 5.83772e-19)
(0.971881 1.25708 -1.07665e-19)
(0.910524 1.22898 0)
(0.840629 1.19974 1.36403e-18)
(0.760226 1.1702 5.64996e-20)
(0.665074 1.14199 -4.14222e-19)
(0.553107 1.11749 -2.15285e-20)
(0.437806 1.10256 -1.09952e-20)
(0.375792 1.22772 -4.23953e-20)
(0.528243 2.53253 1.92808e-20)
(0.669617 3.50929 -5.50309e-20)
(0.65278 3.61571 0)
(0.620862 3.70519 0)
(0.584871 3.71287 8.28446e-20)
(0.574684 3.47019 0)
(0.55854 2.64929 0)
(0.52318 0.635027 0)
(0.771791 0.939559 3.3191e-19)
(1.01732 1.25296 -7.73671e-19)
(1.0497 1.32026 7.85537e-19)
(1.01182 1.30861 -9.28129e-21)
(0.958926 1.28196 -9.61178e-20)
(0.898667 1.25347 -5.35737e-19)
(0.830077 1.22423 6.13663e-19)
(0.751192 1.19532 0)
(0.657849 1.16888 -8.7404e-19)
(0.547957 1.14771 -5.07855e-20)
(0.436968 1.14201 5.85094e-20)
(0.415077 1.40717 8.79236e-21)
(0.629531 2.98602 2.42031e-20)
(0.744103 3.56227 3.92965e-19)
(0.70777 3.63801 1.34756e-20)
(0.692766 3.69255 -8.5305e-19)
(0.643897 3.55218 1.04363e-18)
(0.49838 2.62254 4.58771e-19)
(-0.0174957 0.208694 2.79229e-19)
(0.513623 0.64819 0)
(0.757348 0.957112 0)
(1.00021 1.27787 7.555e-19)
(1.03344 1.34715 7.58852e-19)
(0.996629 1.33533 4.12323e-19)
(0.944861 1.30811 -2.02302e-19)
(0.885942 1.2792 6.63709e-19)
(0.818947 1.24995 1.73393e-19)
(0.741958 1.22169 0)
(0.650947 1.19712 -3.26298e-20)
(0.543879 1.1794 -1.95539e-20)
(0.440538 1.18864 1.01715e-19)
(0.47569 1.65834 6.39308e-20)
(0.72597 3.28088 0)
(0.808802 3.59222 -1.96202e-19)
(0.765532 3.65442 0)
(0.734849 3.61726 0)
(0.596499 3.03393 -7.33727e-22)
(0.129063 0.677659 4.24153e-19)
(-0.100974 -0.170371 2.41666e-19)
(0.502443 0.660588 -3.68807e-19)
(0.741322 0.974732 6.05898e-19)
(0.98134 1.30385 0)
(1.01551 1.37514 -1.05776e-20)
(0.979949 1.3632 -2.58641e-19)
(0.929549 1.3354 5.68165e-19)
(0.872249 1.30605 -6.51157e-19)
(0.807182 1.27677 7.87662e-19)
(0.732527 1.24917 9.15826e-19)
(0.644458 1.22652 -2.86056e-20)
(0.541094 1.21242 3.70857e-20)
(0.450279 1.24628 -1.42505e-19)
(0.555686 1.97101 3.63223e-20)
(0.814718 3.43607 0)
(0.862209 3.61581 1.76667e-19)
(0.824501 3.63562 1.22465e-20)
(0.729968 3.39266 -5.17276e-19)
(0.381059 1.81331 6.32545e-19)
(-0.0681323 -0.0692266 0)
(-0.104892 -0.164854 0)
(0.489223 0.672115 7.05384e-19)
(0.723241 0.99219 0)
(0.960602 1.33069 -4.76051e-21)
(0.995698 1.40413 -1.40699e-18)
(0.961635 1.3921 2.69723e-19)
(0.912858 1.36373 7.44504e-19)
(0.857477 1.3339 -6.39524e-19)
(0.794726 1.30454 1.28306e-18)
(0.722891 1.27756 5.02373e-19)
(0.638448 1.25682 -2.58624e-20)
(0.539918 1.2467 5.00026e-20)
(0.468995 1.31969 1.80357e-19)
(0.651358 2.30845 3.09258e-19)
(0.897053 3.52023 -3.35916e-20)
(0.911367 3.62365 -2.02691e-19)
(0.862805 3.56725 3.5419e-19)
(0.645878 2.82672 -9.72071e-21)
(0.0676659 0.314067 3.02601e-19)
(-0.119559 -0.19066 7.19474e-19)
(-0.0851114 -0.133605 -8.52107e-19)
(0.4735 0.682205 3.3281e-19)
(0.702642 1.00902 -5.63833e-19)
(0.937514 1.35778 4.4527e-19)
(0.973814 1.43397 -6.90628e-19)
(0.941506 1.42189 1.42266e-20)
(0.894643 1.39292 0)
(0.841521 1.36255 0)
(0.781505 1.33306 -1.36214e-18)
(0.713054 1.30661 -2.8665e-19)
(0.633006 1.28773 -7.39778e-20)
(0.54057 1.28202 -4.33483e-19)
(0.497504 1.41314 -2.1501e-19)
(0.760201 2.66862 8.16071e-20)
(0.972668 3.56576 4.07362e-19)
(0.961866 3.61464 -2.64582e-19)
(0.864734 3.39654 7.16454e-19)
(0.445695 1.82788 0)
(-0.0862612 -0.0974366 -1.71504e-18)
(-0.11925 -0.210498 1.67969e-18)
(-0.0672382 -0.112212 0)
(0.454816 0.690333 1.28138e-18)
(0.678955 1.0244 -8.08448e-19)
(0.911893 1.38473 -8.5137e-19)
(0.949576 1.46439 -3.2083e-19)
(0.919376 1.45237 -9.69003e-19)
(0.874729 1.42279 7.05391e-19)
(0.824245 1.3918 -3.69126e-19)
(0.767435 1.36208 0)
(0.702998 1.33599 0)
(0.628207 1.31884 -5.93202e-19)
(0.543342 1.31816 4.38503e-19)
(0.536895 1.52881 6.03674e-20)
(0.870543 2.97064 -4.5346e-19)
(1.04047 3.58514 0)
(1.00313 3.58441 1.03152e-18)
(0.805809 3.05195 -3.65379e-19)
(0.153217 0.524522 -1.30815e-18)
(-0.0999996 -0.195644 0)
(-0.101756 -0.210689 -1.21198e-18)
(-0.042046 -0.0826303 0)
(0.432649 0.695028 -9.08794e-19)
(0.651699 1.03713 0)
(0.883327 1.41103 8.31869e-19)
(0.922784 1.49503 3.09542e-19)
(0.894981 1.48323 -2.40799e-19)
(0.852916 1.45304 1.04025e-20)
(0.805494 1.4213 -1.24721e-19)
(0.7524 1.39123 6.73418e-19)
(0.692643 1.36532 1.58991e-20)
(0.624073 1.34955 0)
(0.548456 1.3548 0)
(0.586798 1.66073 2.50616e-21)
(0.974367 3.19255 2.55477e-19)
(1.10504 3.58076 0)
(1.03828 3.52453 -5.40399e-19)
(0.655301 2.50782 3.60122e-19)
(-0.0797083 0.0663109 2.10375e-19)
(-0.197345 -0.267223 1.00623e-18)
(-0.121266 -0.226317 1.03405e-18)
(-0.0227409 -0.0527757 0)
(0.406916 0.695095 -2.85437e-19)
(0.620293 1.04566 4.89735e-19)
(0.851257 1.43593 3.9056e-19)
(0.893064 1.52555 -4.56396e-21)
(0.868084 1.51411 -4.49462e-19)
(0.828948 1.48327 0)
(0.785051 1.45068 -2.43185e-19)
(0.736224 1.42005 1.58257e-19)
(0.681834 1.3941 -3.3303e-19)
(0.620537 1.37901 0)
(0.556009 1.39189 -4.38308e-19)
(0.64477 1.79829 5.20866e-19)
(1.06381 3.32156 -4.35916e-19)
(1.17096 3.56182 0)
(1.08705 3.41023 -5.89155e-19)
(0.471411 1.88283 4.83663e-19)
(-0.220087 -0.220039 2.5275e-19)
(-0.111046 -0.461163 7.97919e-19)
(0.0162901 -0.276522 2.2886e-18)
(0.0846002 0.045651 0)
(0.377104 0.688885 -8.29099e-19)
(0.58397 1.04849 7.05917e-19)
(0.815067 1.45791 7.56541e-19)
(0.86 1.55544 2.94308e-19)
(0.838337 1.54452 4.33673e-19)
(0.80257 1.51302 3.22017e-19)
(0.76265 1.47942 -2.36532e-19)
(0.718678 1.44796 -4.8173e-19)
(0.670354 1.42169 1.0821e-19)
(0.617471 1.40632 -8.0158e-20)
(0.565474 1.42833 -6.83972e-20)
(0.705689 1.92818 -4.72514e-19)
(1.14371 3.3903 6.69608e-19)
(1.22757 3.53228 3.18986e-19)
(1.16869 3.19577 0)
(0.556595 1.40907 -9.24688e-19)
(-0.137805 -0.810823 0)
(-0.0182489 -0.716818 -1.04407e-18)
(0.171065 -0.183238 1.24296e-18)
(0.277055 0.420588 -1.24022e-18)
(0.343192 0.675209 2.66633e-19)
(0.542492 1.04329 -2.26735e-19)
(0.774245 1.47555 3.62332e-19)
(0.823363 1.58364 -2.93169e-19)
(0.805395 1.5739 8.39673e-19)
(0.773469 1.54177 -3.06104e-19)
(0.737978 1.50695 -2.18961e-19)
(0.699417 1.47428 -3.17958e-19)
(0.657849 1.44729 -4.46666e-19)
(0.614515 1.43081 3.85276e-19)
(0.57612 1.46119 0)
(0.76493 2.03552 0)
(1.21149 3.41898 -2.41093e-19)
(1.24366 3.49003 -3.11316e-19)
(1.11048 2.92336 4.89482e-19)
(0.472624 0.518543 6.68909e-19)
(-0.119984 -0.699391 5.41985e-19)
(-0.0496628 -0.289613 -2.63845e-19)
(0.176439 0.45549 1.57272e-19)
(0.234596 0.558205 0)
(0.305141 0.651997 -2.03294e-18)
(0.495478 1.02727 8.66647e-19)
(0.727996 1.48692 -3.40893e-19)
(0.782587 1.60924 -5.26429e-19)
(0.769067 1.60146 -8.03088e-19)
(0.741205 1.56878 -2.984e-19)
(0.710615 1.53262 0)
(0.678002 1.49834 -3.03056e-19)
(0.643868 1.46983 4.27161e-19)
(0.610723 1.45189 1.51928e-19)
(0.587737 1.48505 5.49309e-19)
(0.817764 2.10818 -1.56352e-20)
(1.2739 3.43615 -1.31863e-20)
(1.21317 3.51958 3.14444e-19)
(0.742617 2.76356 3.57305e-19)
(-0.289921 0.718259 0)
(-1.05307 -0.187696 -3.44864e-19)
(-1.09587 -0.44453 -1.87042e-18)
(-0.162532 0.243095 -1.43623e-19)
(0.2582 0.515329 0)
(0.263543 0.617833 2.42565e-19)
(0.443283 0.997505 0)
(0.675908 1.48928 6.56733e-19)
(0.737494 1.63081 5.00462e-19)
(0.728893 1.62648 -7.75248e-19)
(0.705384 1.59327 2.68312e-19)
(0.680124 1.55555 4.14393e-19)
(0.653799 1.51935 1.5311e-19)
(0.627853 1.48814 2.1083e-19)
(0.60514 1.46814 0)
(0.601154 1.49626 0)
(0.863331 2.11962 2.7421e-19)
(1.37031 3.44589 -2.91003e-19)
(1.32959 3.61829 0)
(0.857138 2.99494 4.47233e-19)
(-0.104864 1.47282 -5.47522e-19)
(-0.875055 0.0991204 8.62359e-19)
(-1.44262 -0.933631 -3.62863e-18)
(-1.39448 -1.34789 1.92549e-19)
(-0.534619 -0.657238 -6.63973e-20)
(0.219339 0.570878 9.16687e-19)
(0.385072 0.951641 -9.82706e-19)
(0.617395 1.47919 3.06086e-19)
(0.687794 1.64672 2.40307e-19)
(0.684325 1.64807 3.61253e-19)
(0.665557 1.61442 5.34611e-19)
(0.645905 1.57497 0)
(0.626169 1.53635 -2.8264e-19)
(0.608492 1.50182 3.97436e-19)
(0.5972 1.47649 -1.38517e-19)
(0.611572 1.49367 -2.51764e-19)
(0.896058 2.0438 1.51674e-19)
(1.53666 3.3934 5.6237e-19)
(1.71636 3.64116 0)
(1.47909 3.17906 0)
(0.681171 1.67248 -1.36225e-18)
(0.0141219 0.222253 0)
(-0.563258 -1.0504 0)
(-0.947689 -1.91376 3.03448e-19)
(-0.944473 -2.12913 4.85419e-18)
(0.176094 0.51037 -1.78999e-18)
(0.320772 0.886111 1.65329e-18)
(0.551838 1.45261 -1.15972e-18)
(0.632254 1.65463 -6.85875e-19)
(0.634722 1.66508 -3.33566e-19)
(0.621148 1.63147 0)
(0.607272 1.59002 0)
(0.594216 1.54858 -2.65801e-19)
(0.584201 1.5099 -9.23894e-20)
(0.583826 1.47631 1.36398e-19)
(0.612795 1.47546 2.3155e-19)
(0.880461 1.85232 -1.30437e-19)
(1.68125 3.15891 -2.97815e-19)
(2.03975 3.39584 -2.85805e-19)
(2.11874 3.09605 6.77966e-19)
(1.68321 1.97204 1.38741e-18)
(1.00208 0.572247 -3.6913e-18)
(0.348913 -0.634245 0)
(-0.186493 -1.61704 -3.0306e-18)
(-0.573339 -2.16665 -3.40086e-18)
(0.131563 0.440957 -8.3019e-19)
(0.253735 0.799899 8.57753e-19)
(0.476275 1.40544 0)
(0.569838 1.65123 4.1573e-19)
(0.57901 1.67595 -1.2954e-20)
(0.571577 1.64353 2.45182e-19)
(0.563565 1.60003 4.38362e-21)
(0.557044 1.55553 -2.49519e-19)
(0.553481 1.51244 9.05749e-20)
(0.559969 1.46908 0)
(0.598544 1.43121 3.93768e-19)
(0.762966 1.62169 9.76405e-20)
(1.61359 2.71012 -1.32608e-19)
(2.01004 3.03084 0)
(2.15428 2.7784 0)
(1.94725 2.08817 1.03913e-19)
(1.48615 1.06421 -4.50396e-20)
(0.891722 0.0965338 0)
(0.319682 -0.664986 -8.58678e-19)
(-0.146157 -1.22674 2.25091e-18)
(0.0905244 0.361455 9.52035e-20)
(0.187134 0.692995 -1.58493e-19)
(0.393541 1.3306 -7.56864e-19)
(0.497614 1.63342 -3.00901e-19)
(0.516532 1.67916 3.02629e-19)
(0.516044 1.6498 -4.35917e-22)
(0.514243 1.60416 1.58132e-19)
(0.514261 1.55671 0)
(0.516197 1.50926 1.59849e-19)
(0.52447 1.45553 -1.12826e-19)
(0.545063 1.39814 1.6486e-19)
(0.636322 1.43799 7.38863e-23)
(1.16312 2.13129 5.68171e-20)
(1.67742 2.74802 -3.80599e-20)
(1.74319 2.65971 -3.63863e-19)
(1.66601 2.2838 -1.45882e-19)
(1.3726 1.69667 8.32646e-19)
(0.976619 1.07278 -1.60587e-19)
(0.552274 0.527543 -3.0996e-18)
(0.159266 0.0600521 -8.62342e-20)
(0.0562783 0.276291 -4.46033e-20)
(0.126457 0.571258 9.11388e-22)
(0.304608 1.2252 -1.75118e-19)
(0.41496 1.59486 0)
(0.446659 1.67134 0)
(0.454004 1.64859 1.02936e-19)
(0.459273 1.60092 -1.54347e-19)
(0.465813 1.552 -2.10484e-19)
(0.471244 1.50345 1.47796e-19)
(0.477088 1.45089 5.07602e-20)
(0.46933 1.37816 7.7228e-21)
(0.510755 1.34622 -8.83517e-21)
(0.65654 1.67684 -5.16255e-20)
(1.19374 2.62111 2.14634e-20)
(1.23723 2.75283 6.70921e-20)
(1.18802 2.6619 -6.14849e-19)
(1.00588 2.3329 -9.739e-19)
(0.75273 1.92764 0)
(0.475339 1.48459 -6.52809e-21)
(0.218991 1.00747 -1.71682e-19)
(0.0303683 0.187539 2.38766e-19)
(0.0763938 0.443424 0)
(0.214749 1.09427 -1.62241e-19)
(0.323573 1.53089 0)
(0.366928 1.64924 -1.8833e-19)
(0.38516 1.63592 -9.62826e-20)
(0.40007 1.58771 6.92876e-20)
(0.415571 1.54109 9.50803e-20)
(0.429133 1.49733 -7.03573e-20)
(0.428782 1.45213 -8.76241e-20)
(0.405149 1.39335 6.27329e-20)
(0.372264 1.34555 0)
(0.369962 1.48854 0)
(0.707487 2.48431 -1.21151e-20)
(0.783273 2.88598 -8.42905e-20)
(0.731996 2.93761 -5.57191e-20)
(0.639818 2.80205 -2.51642e-20)
(0.492885 2.50992 -8.95634e-19)
(0.328026 2.13086 3.16563e-20)
(0.167613 1.57901 2.71881e-18)
(0.0140796 0.106671 1.60797e-19)
(0.0396743 0.327681 4.46993e-20)
(0.127199 0.948547 1.19522e-20)
(0.222328 1.4364 1.88386e-20)
(0.277433 1.60336 0)
(0.309154 1.6044 -2.13466e-20)
(0.336676 1.56143 1.60643e-20)
(0.363904 1.51961 6.1388e-22)
(0.38732 1.48365 0)
(0.397228 1.45957 -1.07824e-20)
(0.36377 1.43962 5.78106e-23)
(0.273678 1.41695 0)
(0.213759 1.4826 -9.62183e-21)
(0.310427 2.29407 5.69608e-22)
(0.431889 2.97604 3.3656e-20)
(0.405034 3.12284 -1.72788e-20)
(0.35695 3.09044 0)
(0.270138 2.86103 -1.3809e-19)
(0.17257 2.52408 1.86219e-19)
(0.0722598 1.8403 -8.97449e-21)
(0.000884723 -0.0304307 0)
(0.0136157 0.23443 5.42789e-33)
(0.051871 0.804123 0)
(0.117012 1.30164 0)
(0.178967 1.51663 0)
(0.229214 1.54307 0)
(0.276447 1.50863 0)
(0.325431 1.469 -6.56021e-34)
(0.372335 1.4501 0)
(0.397768 1.46154 -1.24707e-33)
(0.371279 1.50673 0)
(0.287213 1.54178 0)
(0.150566 1.56563 0)
(0.10581 2.05807 0)
(0.226291 2.95302 0)
(0.213539 3.2141 0)
(0.170929 3.24672 0)
(0.114 3.08268 0)
(0.0596438 2.77482 0)
(0.0113199 1.92417 0)
(-0.000551393 -0.035404 0)
(-0.00297243 0.199436 0)
(0.00268885 0.716721 0)
(0.0344425 1.16592 0)
(0.0912012 1.39138 0)
(0.156339 1.44359 0)
(0.224961 1.42674 0)
(0.298719 1.40006 0)
(0.374806 1.39331 0)
(0.427767 1.4353 0)
(0.445403 1.53774 0)
(0.397046 1.64269 0)
(0.239694 1.71936 0)
(0.0849073 2.02405 0)
(0.139286 2.90415 0)
(0.130927 3.26217 0)
(0.0894087 3.33815 0)
(0.0460695 3.21881 0)
(0.000788241 2.91634 0)
(-0.0127217 1.93541 0)
(-0.00101396 -0.019866 0)
(-0.0082814 0.218105 0)
(-0.0145193 0.700266 0)
(-0.00244645 1.07966 0)
(0.0418892 1.26728 0)
(0.109728 1.32008 0)
(0.191887 1.31552 0)
(0.285584 1.30291 0)
(0.394395 1.30799 0)
(0.516373 1.35077 0)
(0.625634 1.51202 0)
(0.601191 1.75989 0)
(0.390564 1.96636 0)
(0.113963 2.12182 0)
(0.0990943 2.91412 0)
(0.0704433 3.3317 0)
(0.0267771 3.43415 0)
(-0.0103836 3.32737 0)
(-0.0359119 2.99352 0)
(-0.02409 1.86195 0)
(-0.000520319 -0.00379729 0)
(-0.00633625 0.246743 0)
(-0.0137551 0.707807 0)
(-0.00838789 1.02663 0)
(0.0265584 1.15909 0)
(0.090084 1.19151 0)
(0.175885 1.18532 0)
(0.286017 1.16939 0)
(0.42878 1.1667 0)
(0.61481 1.2072 0)
(0.787952 1.4564 0)
(0.746938 1.93025 0)
(0.47842 2.24513 0)
(0.174741 2.36404 0)
(0.0736557 2.97162 0)
(0.00867183 3.42023 0)
(-0.0407985 3.5281 0)
(-0.0735199 3.40503 0)
(-0.08013 2.98368 0)
(-0.032004 1.66945 0)
(0.000149441 0.00245068 0)
(-0.00380556 0.272077 0)
(-0.0112171 0.719574 0)
(-0.00733903 0.986999 0)
(0.0224586 1.06686 0)
(0.0768408 1.07306 0)
(0.154035 1.05274 0)
(0.262863 1.01616 0)
(0.419928 0.977064 0)
(0.621304 1.03255 0)
(0.805073 1.41946 0)
(0.776595 2.10806 0)
(0.498507 2.54825 0)
(0.198986 2.66231 0)
(0.0189949 3.11979 0)
(-0.0709089 3.53962 0)
(-0.127758 3.61617 0)
(-0.148086 3.43432 0)
(-0.122411 2.85508 0)
(-0.0289218 1.38847 0)
(0.000413608 0.00286176 0)
(-0.00443086 0.299546 0)
(-0.0141538 0.73591 0)
(-0.0123592 0.952574 0)
(0.00897111 0.99335 0)
(0.0466322 0.979434 0)
(0.101333 0.941794 0)
(0.182362 0.878678 0)
(0.305918 0.802805 0)
(0.459263 0.869379 0)
(0.573841 1.37961 0)
(0.543384 2.27859 0)
(0.317922 2.84601 0)
(0.0717712 2.98801 0)
(-0.10359 3.33689 0)
(-0.217241 3.68365 0)
(-0.252341 3.67967 0)
(-0.245241 3.38981 0)
(-0.153862 2.53578 0)
(-0.0248449 1.08654 0)
(0.000275697 0.0043818 0)
(-0.00691876 0.336863 0)
(-0.0209132 0.761888 0)
(-0.0256048 0.935658 0)
(-0.0195896 0.952723 0)
(-0.00589597 0.927529 0)
(0.0136387 0.878483 0)
(0.0445971 0.795805 0)
(0.0907286 0.704007 0)
(0.134114 0.784471 0)
(0.121031 1.39896 0)
(0.0344205 2.41255 0)
(-0.0917081 3.04813 0)
(-0.189967 3.18452 0)
(-0.323689 3.57504 0)
(-0.385934 3.75709 0)
(-0.393537 3.67452 0)
(-0.308932 3.1574 0)
(-0.139724 2.03791 0)
(-0.0254918 0.812545 0)
(-0.000179333 0.0120647 0)
(-0.0105119 0.388193 0)
(-0.0299233 0.804168 0)
(-0.0443985 0.949404 0)
(-0.0574514 0.955783 0)
(-0.0711745 0.928634 0)
(-0.0904518 0.879001 0)
(-0.118119 0.794541 0)
(-0.165667 0.708582 0)
(-0.25952 0.813111 0)
(-0.387173 1.48238 0)
(-0.4509 2.49405 0)
(-0.44144 3.0636 0)
(-0.455031 3.29726 0)
(-0.55659 3.69263 0)
(-0.540994 3.76051 0)
(-0.449278 3.47736 0)
(-0.259401 2.69587 0)
(-0.0952672 1.60017 0)
(-0.0218239 0.593035 0)
(-0.000706072 0.0281594 0)
(-0.0137355 0.453259 0)
(-0.0379464 0.866308 0)
(-0.0626096 0.998821 0)
(-0.0929783 1.00288 0)
(-0.131154 0.981639 0)
(-0.184553 0.942611 0)
(-0.26394 0.876061 0)
(-0.391444 0.817044 0)
(-0.593496 0.939085 0)
(-0.787439 1.58797 0)
(-0.807158 2.47427 0)
(-0.73928 3.00983 0)
(-0.75528 3.40397 0)
(-0.724433 3.64334 0)
(-0.582303 3.54818 0)
(-0.34295 3.01167 0)
(-0.143224 2.23033 0)
(-0.0434148 1.33881 0)
(-0.0105561 0.462844 0)
(-0.00110746 0.051488 0)
(-0.0155641 0.527556 0)
(-0.0426217 0.946015 0)
(-0.0750954 1.07829 0)
(-0.117592 1.0855 0)
(-0.172245 1.07444 0)
(-0.247351 1.05306 0)
(-0.357288 1.017 0)
(-0.52806 0.999635 0)
(-0.783146 1.13219 0)
(-1.00657 1.69653 0)
(-1.04627 2.41381 0)
(-0.977477 2.95673 0)
(-0.898813 3.32739 0)
(-0.694311 3.36173 0)
(-0.416423 3.05268 0)
(-0.174425 2.5262 0)
(-0.0449444 1.93422 0)
(-0.00491378 1.23152 0)
(-0.000410282 0.4265 0)
(-0.0012805 0.0786413 0)
(-0.0155659 0.604125 0)
(-0.0428231 1.03517 0)
(-0.0788421 1.17567 0)
(-0.127167 1.18931 0)
(-0.188962 1.18889 0)
(-0.271438 1.18587 0)
(-0.387762 1.18121 0)
(-0.559881 1.20627 0)
(-0.806349 1.35176 0)
(-1.03871 1.7954 0)
(-1.07157 2.38894 0)
(-0.972312 2.85491 0)
(-0.748808 3.04087 0)
(-0.454254 2.91432 0)
(-0.200888 2.59103 0)
(-0.0513835 2.21683 0)
(0.00568564 1.80629 0)
(0.0125927 1.2182 0)
(0.00485221 0.445002 0)
(-0.00123407 0.105636 0)
(-0.0139928 0.675883 0)
(-0.0390317 1.12403 0)
(-0.0745233 1.27839 0)
(-0.122921 1.29952 0)
(-0.183936 1.30728 0)
(-0.262531 1.3182 0)
(-0.367807 1.33676 0)
(-0.512909 1.39073 0)
(-0.702568 1.5443 0)
(-0.867756 1.89954 0)
(-0.87153 2.30967 0)
(-0.686869 2.6206 0)
(-0.441357 2.68407 0)
(-0.21207 2.5355 0)
(-0.0584597 2.31667 0)
(0.00706453 2.08253 0)
(0.0213861 1.77837 0)
(0.0162568 1.24016 0)
(0.00573103 0.482704 0)
(-0.00104741 0.129429 0)
(-0.0115324 0.737749 0)
(-0.0328173 1.20496 0)
(-0.0649113 1.37626 0)
(-0.10936 1.40468 0)
(-0.164516 1.41699 0)
(-0.232964 1.43543 0)
(-0.319634 1.46594 0)
(-0.429545 1.53064 0)
(-0.555519 1.67233 0)
(-0.637657 1.94106 0)
(-0.583871 2.21454 0)
(-0.421851 2.39041 0)
(-0.227291 2.41538 0)
(-0.0851 2.31137 0)
(-0.00802837 2.18839 0)
(0.0174771 2.04214 0)
(0.0189962 1.78489 0)
(0.0125013 1.26695 0)
(0.00463087 0.517662 0)
(-0.000810795 0.148553 0)
(-0.00889572 0.7876 0)
(-0.0259565 1.27372 0)
(-0.0531884 1.46286 0)
(-0.0915151 1.49795 0)
(-0.13855 1.51169 0)
(-0.194926 1.53217 0)
(-0.262597 1.56548 0)
(-0.341733 1.62786 0)
(-0.420736 1.74609 0)
(-0.455192 1.93842 0)
(-0.388204 2.11953 0)
(-0.269505 2.21632 0)
(-0.139535 2.23732 0)
(-0.0520787 2.18828 0)
(-0.008411 2.12564 0)
(0.0073002 2.02676 0)
(0.00951298 1.79266 0)
(0.00729708 1.28326 0)
(0.00300504 0.541706 0)
(-0.000587251 0.162909 0)
(-0.00654701 0.825813 0)
(-0.0196764 1.32915 0)
(-0.0417426 1.53548 0)
(-0.0732565 1.57653 0)
(-0.111774 1.58972 0)
(-0.1567 1.60886 0)
(-0.208327 1.63971 0)
(-0.264566 1.69357 0)
(-0.314054 1.78662 0)
(-0.326104 1.92353 0)
(-0.272628 2.04174 0)
(-0.19045 2.10437 0)
(-0.109658 2.12431 0)
(-0.0522046 2.10996 0)
(-0.0198631 2.08073 0)
(-0.00397199 2.0084 0)
(0.00202574 1.78933 0)
(0.00335449 1.28831 0)
(0.00171952 0.555298 0)
(-0.00040604 0.173179 0)
(-0.00467557 0.854157 0)
(-0.0145434 1.37224 0)
(-0.0318055 1.59386 0)
(-0.0568533 1.64025 0)
(-0.0875244 1.65207 0)
(-0.122633 1.66832 0)
(-0.161753 1.69453 0)
(-0.20214 1.73842 0)
(-0.234374 1.80941 0)
(-0.237239 1.90832 0)
(-0.199862 1.98733 0)
(-0.145036 2.03252 0)
(-0.0932155 2.05157 0)
(-0.0531747 2.05261 0)
(-0.0264976 2.04016 0)
(-0.0102532 1.98411 0)
(-0.00210512 1.77785 0)
(0.00106949 1.28624 0)
(0.000914832 0.561871 0)
(-0.000271969 0.180293 0)
(-0.00328072 0.874808 0)
(-0.0106345 1.40507 0)
(-0.0238265 1.63933 0)
(-0.0432529 1.69044 0)
(-0.0672085 1.70097 0)
(-0.09438 1.714 0)
(-0.12404 1.7352 0)
(-0.153562 1.76978 0)
(-0.175771 1.82315 0)
(-0.175817 1.89544 0)
(-0.149547 1.95156 0)
(-0.113331 1.98484 0)
(-0.0781271 2.00236 0)
(-0.0490591 2.00856 0)
(-0.0272099 2.00379 0)
(-0.0122385 1.95823 0)
(-0.00378136 1.76304 0)
(-5.09533e-05 1.28094 0)
(0.00046638 0.564531 0)
(-0.000178459 0.185124 0)
(-0.00228006 0.889737 0)
(-0.00775198 1.42992 0)
(-0.017728 1.67406 0)
(-0.0325515 1.72912 0)
(-0.0510279 1.73886 0)
(-0.0719477 1.74901 0)
(-0.0945167 1.76574 0)
(-0.116473 1.79252 0)
(-0.132508 1.83249 0)
(-0.132273 1.88548 0)
(-0.11325 1.92747 0)
(-0.0886358 1.95229 0)
(-0.0637081 1.96741 0)
(-0.0420847 1.97454 0)
(-0.0246435 1.97302 0)
(-0.0118526 1.93424 0)
(-0.00411548 1.74815 0)
(-0.000514993 1.27478 0)
(0.000225602 0.565225 0)
(-0.000115063 0.188359 0)
(-0.00157255 0.900489 0)
(-0.00564402 1.44871 0)
(-0.013216 1.70035 0)
(-0.0244554 1.75861 0)
(-0.0385856 1.76795 0)
(-0.0546288 1.77579 0)
(-0.0718268 1.7888 0)
(-0.0883448 1.80934 0)
(-0.100275 1.83933 0)
(-0.100425 1.87825 0)
(-0.0865756 1.91037 0)
(-0.0690574 1.92938 0)
(-0.0509114 1.94179 0)
(-0.0346106 1.94835 0)
(-0.0209261 1.94803 0)
(-0.0104571 1.91364 0)
(-0.00382789 1.73474 0)
(-0.000657462 1.26891 0)
(9.88602e-05 0.565017 0)
(-7.31598e-05 0.190501 0)
(-0.00107819 0.90821 0)
(-0.00410944 1.46298 0)
(-0.00991985 1.72032 0)
(-0.0184686 1.78104 0)
(-0.029228 1.79016 0)
(-0.041493 1.79626 0)
(-0.0546005 1.80628 0)
(-0.0670966 1.82195 0)
(-0.0760926 1.84453 0)
(-0.0765599 1.87323 0)
(-0.0665907 1.89783 0)
(-0.0536774 1.91275 0)
(-0.0401961 1.92267 0)
(-0.0278026 1.92821 0)
(-0.0171507 1.9282 0)
(-0.00877601 1.89666 0)
(-0.00330424 1.72333 0)
(-0.000647046 1.26378 0)
(3.82737e-05 0.564455 0)
(-4.59411e-05 0.191907 0)
(-0.000735643 0.913734 0)
(-0.00298916 1.47388 0)
(-0.00749415 1.73563 0)
(-0.0140549 1.79812 0)
(-0.0222515 1.80708 0)
(-0.0316089 1.81185 0)
(-0.0415909 1.81956 0)
(-0.0510691 1.83148 0)
(-0.0578932 1.84853 0)
(-0.0584848 1.86985 0)
(-0.0513728 1.88858 0)
(-0.0416884 1.9004 0)
(-0.0315191 1.90821 0)
(-0.0220351 1.91272 0)
(-0.0137684 1.91265 0)
(-0.00715477 1.88299 0)
(-0.00273903 1.71397 0)
(-0.0005734 1.2595 0)
(7.86181e-06 0.563809 0)
(-2.86331e-05 0.192826 0)
(-0.000501154 0.91767 0)
(-0.00217043 1.48222 0)
(-0.00568443 1.7475 0)
(-0.0107785 1.8112 0)
(-0.0170373 1.81994 0)
(-0.0241743 1.82372 0)
(-0.0317742 1.82962 0)
(-0.0389742 1.83868 0)
(-0.0441675 1.85159 0)
(-0.0447563 1.86755 0)
(-0.0396759 1.88176 0)
(-0.032369 1.89108 0)
(-0.0246241 1.8972 0)
(-0.0173339 1.90079 0)
(-0.0109253 1.90053 0)
(-0.0057398 1.87216 0)
(-0.00221978 1.70643 0)
(-0.000482469 1.25604 0)
(-6.28269e-06 0.563197 0)
(-1.78572e-05 0.193425 0)
(-0.000342825 0.920468 0)
(-0.00157406 1.48857 0)
(-0.0043178 1.75676 0)
(-0.00830477 1.82127 0)
(-0.0131091 1.82974 0)
(-0.0185618 1.83274 0)
(-0.024358 1.83725 0)
(-0.0298429 1.84415 0)
(-0.0338108 1.85394 0)
(-0.0343404 1.86596 0)
(-0.0306724 1.87674 0)
(-0.0251465 1.88402 0)
(-0.0192189 1.88879 0)
(-0.0136004 1.89161 0)
(-0.00863056 1.89113 0)
(-0.00457149 1.86364 0)
(-0.0017772 1.70043 0)
(-0.000396169 1.25328 0)
(-1.32283e-05 0.562661 0)
(-1.13568e-05 0.193821 0)
(-0.00023811 0.922459 0)
(-0.00114485 1.49338 0)
(-0.00328116 1.76401 0)
(-0.00641948 1.82904 0)
(-0.0101351 1.83721 0)
(-0.0143222 1.83959 0)
(-0.0187644 1.84304 0)
(-0.0229665 1.84829 0)
(-0.026018 1.85574 0)
(-0.0264726 1.86485 0)
(-0.0237802 1.87302 0)
(-0.0195865 1.87866 0)
(-0.0150336 1.88235 0)
(-0.0106895 1.88454 0)
(-0.0068227 1.88384 0)
(-0.00363448 1.85696 0)
(-0.00141578 1.69569 0)
(-0.000323735 1.2511 0)
(-1.6797e-05 0.562203 0)
(-7.4477e-06 0.194093 0)
(-0.000170146 0.92389 0)
(-0.00084276 1.49699 0)
(-0.00250263 1.76965 0)
(-0.00498802 1.83506 0)
(-0.00789262 1.84292 0)
(-0.0111386 1.84481 0)
(-0.014573 1.84744 0)
(-0.0178209 1.85144 0)
(-0.0201892 1.85713 0)
(-0.0205684 1.86406 0)
(-0.0185525 1.87027 0)
(-0.0153458 1.8746 0)
(-0.0118274 1.87743 0)
(-0.00844727 1.87911 0)
(-0.00541748 1.8782 0)
(-0.00289694 1.85173 0)
(-0.00113161 1.69197 0)
(-0.000267039 1.24938 0)
(-1.8729e-05 0.561807 0)
(-5.98314e-05 0.563138 0)
(-0.000316341 1.24385 0)
(-0.00102864 1.67407 0)
(-0.00240546 1.82409 0)
(-0.00417452 1.84858 0)
(-0.00616077 1.8509 0)
(-0.00831102 1.85217 0)
(-0.0104739 1.85413 0)
(-0.0123307 1.85704 0)
(-0.0133059 1.86101 0)
(-0.012758 1.86513 0)
(-0.0110503 1.86828 0)
(-0.00889243 1.87041 0)
(-0.00667617 1.87172 0)
(-0.00460419 1.87215 0)
(-0.00278576 1.86503 0)
(-0.00135813 1.79478 0)
(-0.000486909 1.50937 0)
(-0.000121581 0.92545 0)
(-1.81824e-05 0.561456 0)
(-0.121896 0.769973 -4.17785e-19)
(0.208989 3.2863 -2.80397e-19)
(0.246963 3.66146 2.16832e-19)
(0.22275 3.61588 8.29278e-20)
(0.203641 3.54135 -2.20781e-22)
(0.188717 3.49435 1.00263e-21)
(0.160329 3.4559 -5.40561e-21)
(0.14952 3.43753 -1.61803e-20)
(0.124917 3.33042 2.28189e-19)
(0.0794351 2.37376 2.70061e-19)
(-0.0415762 1.3235 0)
(0.0918005 3.23043 -1.65659e-21)
(0.127013 3.5742 -1.29678e-19)
(0.12865 3.55145 1.0778e-20)
(0.12472 3.49853 4.47474e-20)
(0.117607 3.4615 4.46399e-21)
(0.10784 3.43705 1.75601e-19)
(0.0936291 3.42696 2.23242e-19)
(0.0713572 3.31227 2.43534e-19)
(0.0312164 2.20968 -2.00399e-21)
(-0.0314747 1.12923 -1.6083e-19)
(0.0605161 3.12172 8.24366e-20)
(0.0776494 3.51601 -1.30688e-20)
(0.0809859 3.50616 0)
(0.0803697 3.46562 2.46251e-19)
(0.0775433 3.43764 0)
(0.0727889 3.42195 -6.87348e-21)
(0.0666853 3.42102 2.48672e-19)
(0.0579973 3.33232 4.08012e-21)
(0.0325573 2.2904 2.79139e-19)
(-0.0210748 1.00058 -2.4795e-20)
(0.0308462 3.05984 -5.98943e-22)
(0.0435258 3.47533 -1.24551e-21)
(0.0481026 3.47102 0)
(0.0501579 3.43856 -5.17926e-21)
(0.050955 3.41719 -2.0107e-19)
(0.0512597 3.40749 2.40541e-19)
(0.0514152 3.41106 0)
(0.0497656 3.34198 2.80342e-19)
(0.0321397 2.36307 1.14675e-21)
(-0.0145848 0.92791 -5.17411e-20)
(0.00857241 3.03541 -6.34544e-20)
(0.0200808 3.44532 6.17507e-20)
(0.0256318 3.44203 8.72603e-20)
(0.0302469 3.41481 1.06573e-19)
(0.034283 3.3978 1.18017e-19)
(0.0383073 3.39152 -1.3081e-19)
(0.0424614 3.39774 -1.53423e-19)
(0.0450704 3.34517 -1.41951e-19)
(0.0332117 2.43103 -1.64711e-19)
(-0.0109135 0.893163 -1.20908e-21)
(-0.00584009 3.03699 -1.51692e-21)
(0.00439844 3.42149 -1.05802e-19)
(0.0107468 3.41617 -1.1009e-19)
(0.0172054 3.39216 -1.33241e-19)
(0.0237085 3.37774 -1.44745e-19)
(0.0304462 3.37343 -1.55525e-19)
(0.0374698 3.38134 1.65243e-19)
(0.0428654 3.34352 -1.61159e-19)
(0.0362663 2.49784 -1.78717e-19)
(-0.00939587 0.885659 9.10524e-20)
(-0.0146727 3.05372 1.10911e-19)
(-0.00766232 3.4007 7.2547e-21)
(0.000421699 3.39109 -1.31232e-19)
(0.00834313 3.36892 0)
(0.0168416 3.35595 1.74237e-19)
(0.0258689 3.35273 -3.10392e-20)
(0.035333 3.36166 1.78443e-19)
(0.0436576 3.33696 0)
(0.0412646 2.56516 1.90836e-19)
(-0.0104849 0.896409 -1.97011e-21)
(-0.0227987 3.08027 1.33538e-20)
(-0.0176736 3.38 2.92874e-19)
(-0.0077957 3.36491 0)
(0.00173097 3.34362 -2.48938e-22)
(0.0122016 3.33127 1.75135e-19)
(0.0234867 3.32857 -1.20471e-20)
(0.0354183 3.33802 2.06538e-19)
(0.0468887 3.32502 -2.15926e-19)
(0.0481036 2.63513 3.3831e-21)
(-0.0129983 0.929068 -1.39643e-19)
(-0.0324826 3.11119 7.44917e-21)
(-0.0276002 3.35654 -1.0705e-20)
(-0.0154469 3.33557 -1.75897e-19)
(-0.00384001 3.31449 -2.45791e-22)
(0.00890488 3.30237 1.29546e-20)
(0.0226707 3.29993 -1.36264e-20)
(0.0372336 3.30962 -7.10017e-21)
(0.0520797 3.30694 7.34021e-21)
(0.0565983 2.70842 2.50818e-19)
(-0.0189755 0.997567 -1.75447e-19)
(-0.0448293 3.14118 -1.90922e-19)
(-0.0384578 3.32725 -1.88341e-19)
(-0.0233055 3.30094 0)
(-0.00880788 3.27994 2.14928e-19)
(0.00668385 3.26813 -2.57655e-19)
(0.0231219 3.26608 2.54006e-19)
(0.0403867 3.27596 0)
(0.0583845 3.28204 -2.50539e-19)
(0.066096 2.78375 1.46268e-19)
(-0.0289099 1.11994 0)
(-0.0595287 3.16446 3.31031e-21)
(-0.0497498 3.28969 -1.74763e-21)
(-0.0309489 3.25975 1.16967e-19)
(-0.0130168 3.23962 -1.32281e-19)
(0.00542337 3.22864 -1.21677e-19)
(0.0244586 3.22715 -1.35783e-19)
(0.0442558 3.23715 0)
(0.0647095 3.24999 -1.54876e-19)
(0.0756095 2.85959 1.54049e-19)
(-0.0412014 1.31618 -3.6855e-21)
(-0.0739979 3.17523 2.59835e-19)
(-0.0591268 3.2437 1.10116e-19)
(-0.0365242 3.21302 1.34752e-19)
(-0.0157611 3.19502 0)
(0.00463122 3.18542 3.04588e-19)
(0.0253739 3.18451 3.36461e-19)
(0.0471287 3.19418 1.03226e-20)
(0.0694841 3.21144 0)
(0.0843295 2.93042 -5.51287e-21)
(-0.051854 1.5922 -1.43465e-19)
(-0.0834399 3.16987 1.56238e-19)
(-0.0624194 3.1913 -9.40078e-21)
(-0.0383955 3.16307 1.63554e-19)
(-0.0166804 3.14729 3.50385e-19)
(0.00410874 3.13913 1.37081e-22)
(0.0251493 3.13926 -1.72781e-19)
(0.0472359 3.14908 0)
(0.0703268 3.16891 1.39386e-20)
(0.0906776 2.99276 0)
(-0.0557765 1.9386 -4.99368e-21)
(-0.0841185 3.1481 -1.5112e-19)
(-0.0609243 3.13602 -1.20389e-19)
(-0.0388421 3.1101 0)
(-0.0172092 3.09576 4.62408e-20)
(0.00423438 3.08913 9.85204e-23)
(0.0257771 3.09077 -1.21196e-19)
(0.0467168 3.1018 -1.28143e-20)
(0.0672923 3.12414 1.31808e-20)
(0.0925241 3.04049 0)
(-0.0576365 2.33619 -8.77612e-20)
(-0.0827614 3.1059 1.13671e-19)
(-0.0602461 3.07521 8.20094e-20)
(-0.0380691 3.05406 9.70175e-20)
(-0.0161019 3.04451 2.65983e-20)
(0.00442195 3.04081 5.35582e-20)
(0.0247922 3.04257 2.71848e-20)
(0.0453491 3.05151 9.62971e-20)
(0.0662569 3.07192 9.9076e-20)
(0.0936922 3.06013 6.34568e-21)
(-0.0539169 2.71456 4.41358e-20)
(-0.0775006 3.03434 -7.40029e-21)
(-0.0424726 3.01651 0)
(-0.0222534 3.00984 2.70414e-20)
(-0.00834568 3.00853 -8.07926e-20)
(0.00303992 3.00831 8.65015e-22)
(0.0145552 3.00805 -5.73019e-20)
(0.0277012 3.01111 1.3924e-20)
(0.0481026 3.01814 -1.63059e-20)
(0.0862079 3.02739 0)
(0.773649 -0.0450653 0)
(1.00741 -0.0768846 0)
(0.999195 -0.041138 0)
(0.999929 -0.0220008 0)
(1.00006 -0.0116548 0)
(1.00002 -0.00659198 0)
(1 -0.00387189 0)
(0.999999 -0.00226929 0)
(0.999994 -0.0012266 0)
(0.999998 -0.000460623 0)
(1.00001 0.000225639 0)
(0.999995 0.000919727 0)
(0.999995 0.00178644 0)
(0.999999 0.00304552 0)
(1.00001 0.00509491 0)
(1.00004 0.00873734 0)
(1.00003 0.0158909 0)
(0.99969 0.030582 0)
(1.00213 0.05684 0)
(0.984971 0.0884597 0)
(0.842587 -0.0556323 0)
(1.09422 -0.0727776 0)
(1.06566 -0.0594919 0)
(1.03463 -0.0453074 0)
(1.01747 -0.0319072 0)
(1.0089 -0.0210328 0)
(1.00476 -0.013211 0)
(1.00276 -0.00774874 0)
(1.0018 -0.00377799 0)
(1.00141 -0.000499126 0)
(1.00153 0.00259866 0)
(1.00215 0.00608902 0)
(1.00352 0.0106559 0)
(1.00638 0.0171073 0)
(1.0123 0.0263737 0)
(1.02452 0.0385738 0)
(1.04772 0.0524215 0)
(1.08707 0.0679788 0)
(1.04548 0.0742505 0)
(0.360907 0.0151787 0)
(0.631084 -0.0167776 0)
(0.943889 -0.041045 0)
(1.10677 -0.0511992 0)
(1.08084 -0.0438213 0)
(1.05103 -0.0363098 0)
(1.03076 -0.0291369 0)
(1.01806 -0.021744 0)
(1.01072 -0.0147481 0)
(1.00674 -0.00867203 0)
(1.00482 -0.00334164 0)
(1.00444 0.00170753 0)
(1.00551 0.00684533 0)
(1.0083 0.0123799 0)
(1.01373 0.0188364 0)
(1.02347 0.0260317 0)
(1.03972 0.0332311 0)
(1.06448 0.0403461 0)
(1.09969 0.0488532 0)
(1.07565 0.050435 0)
(0.630487 0.01683 0)
(0.517703 -0.00686002 0)
(0.831403 -0.0223619 0)
(1.09544 -0.0409602 0)
(1.09465 -0.0390905 0)
(1.06409 -0.0329801 0)
(1.04319 -0.0271256 0)
(1.02872 -0.0214694 0)
(1.01886 -0.0156832 0)
(1.0127 -0.00973875 0)
(1.00948 -0.00380683 0)
(1.00877 0.00217067 0)
(1.01061 0.00810339 0)
(1.01512 0.013896 0)
(1.02297 0.0196299 0)
(1.03495 0.0251556 0)
(1.0523 0.0307353 0)
(1.07771 0.0365959 0)
(1.10518 0.0416023 0)
(1.01817 0.0354764 0)
(0.516561 0.00692552 0)
(0.45429 -0.00413704 0)
(0.746298 -0.0137422 0)
(1.07188 -0.0325202 0)
(1.10217 -0.0338868 0)
(1.0731 -0.0297001 0)
(1.0513 -0.0249928 0)
(1.03646 -0.0199889 0)
(1.02607 -0.0148793 0)
(1.01896 -0.00952836 0)
(1.01479 -0.00371916 0)
(1.01382 0.00252923 0)
(1.01623 0.00853776 0)
(1.02168 0.0138817 0)
(1.03023 0.0188633 0)
(1.04257 0.0237012 0)
(1.06046 0.028386 0)
(1.08708 0.0327388 0)
(1.10337 0.0350778 0)
(0.956698 0.0254964 0)
(0.45248 0.00421715 0)
(0.412348 -0.00285383 0)
(0.68325 -0.0093628 0)
(1.04243 -0.0259857 0)
(1.10549 -0.0292885 0)
(1.08116 -0.026253 0)
(1.05812 -0.0225 0)
(1.04244 -0.0183761 0)
(1.03162 -0.0137626 0)
(1.02423 -0.00870085 0)
(1.01977 -0.00316857 0)
(1.01865 0.00274072 0)
(1.02118 0.00842632 0)
(1.02684 0.0134519 0)
(1.03563 0.0180011 0)
(1.04851 0.022075 0)
(1.06747 0.0257171 0)
(1.09481 0.0291685 0)
(1.09546 0.0298553 0)
(0.899965 0.0189322 0)
(0.409722 0.00294898 0)
(0.382648 -0.00203697 0)
(0.636544 -0.00662771 0)
(1.01149 -0.02048 0)
(1.10579 -0.0251211 0)
(1.08771 -0.0230281 0)
(1.06424 -0.019908 0)
(1.04801 -0.0163494 0)
(1.0367 -0.0122375 0)
(1.02894 -0.00760978 0)
(1.02426 -0.00248611 0)
(1.02301 0.00300896 0)
(1.02554 0.00823294 0)
(1.03135 0.0127653 0)
(1.0405 0.0167475 0)
(1.05387 0.0201869 0)
(1.07334 0.0231475 0)
(1.09952 0.0258249 0)
(1.08269 0.0251708 0)
(0.851241 0.0141788 0)
(0.379039 0.00215082 0)
(0.361526 -0.00142167 0)
(0.60233 -0.00461776 0)
(0.982368 -0.0155505 0)
(1.10381 -0.0206907 0)
(1.09313 -0.0192508 0)
(1.06945 -0.0164225 0)
(1.053 -0.0134019 0)
(1.04134 -0.0101077 0)
(1.0332 -0.00626726 0)
(1.02823 -0.0017173 0)
(1.02684 0.0033881 0)
(1.02935 0.00807506 0)
(1.03533 0.0118154 0)
(1.04476 0.0148573 0)
(1.05833 0.0174997 0)
(1.07801 0.0199591 0)
(1.10168 0.0220741 0)
(1.06739 0.0205362 0)
(0.811401 0.0104546 0)
(0.356732 0.00155954 0)
(0.347027 -0.00093586 0)
(0.578158 -0.00301193 0)
(0.957145 -0.011189 0)
(1.10038 -0.0163868 0)
(1.09775 -0.0156323 0)
(1.07399 -0.0134231 0)
(1.05723 -0.0110476 0)
(1.04567 -0.00815229 0)
(1.03767 -0.00471573 0)
(1.03266 -0.000668158 0)
(1.0311 0.00373903 0)
(1.03345 0.00778659 0)
(1.03917 0.0109682 0)
(1.04828 0.0134996 0)
(1.06183 0.0154482 0)
(1.08199 0.0171505 0)
(1.10261 0.0184918 0)
(1.05157 0.0161942 0)
(0.780202 0.00741448 0)
(0.340806 0.00110389 0)
(0.338428 -0.000450764 0)
(0.562891 -0.00152876 0)
(0.936592 -0.00691873 0)
(1.09512 -0.0118746 0)
(1.10029 -0.0121468 0)
(1.07699 -0.010745 0)
(1.06 -0.00884933 0)
(1.04835 -0.00645639 0)
(1.04028 -0.00334608 0)
(1.03519 0.000358266 0)
(1.03347 0.00434747 0)
(1.03558 0.00791683 0)
(1.04112 0.0106206 0)
(1.05012 0.0125389 0)
(1.06371 0.0139293 0)
(1.08395 0.0148174 0)
(1.1013 0.0149854 0)
(1.03569 0.0117637 0)
(0.757226 0.00463068 0)
(0.330481 0.000657685 0)
(0.334765 -8.70473e-05 0)
(0.555106 -0.000495168 0)
(0.921683 -0.00353651 0)
(1.08864 -0.00755889 0)
(1.10106 -0.00845563 0)
(1.07954 -0.00760264 0)
(1.06311 -0.00614552 0)
(1.05185 -0.00410423 0)
(1.04396 -0.00151816 0)
(1.03877 0.00163192 0)
(1.03682 0.00510085 0)
(1.03865 0.00798397 0)
(1.0438 0.00993859 0)
(1.05222 0.0111466 0)
(1.06516 0.0118001 0)
(1.08458 0.0121558 0)
(1.09768 0.0114897 0)
(1.02104 0.00800945 0)
(0.741815 0.00274197 0)
(0.324666 0.000344888 0)
(0.333776 6.50042e-05 0)
(0.551627 -5.71233e-05 0)
(0.912091 -0.00179069 0)
(1.08311 -0.00458325 0)
(1.10111 -0.0052722 0)
(1.08117 -0.00462743 0)
(1.06504 -0.00348044 0)
(1.05389 -0.00182939 0)
(1.04609 0.000309205 0)
(1.041 0.00303527 0)
(1.03883 0.00603391 0)
(1.0401 0.00838822 0)
(1.04471 0.00969535 0)
(1.05275 0.010337 0)
(1.06533 0.0104689 0)
(1.08421 0.0102112 0)
(1.09342 0.00925748 0)
(1.00903 0.00611747 0)
(0.731179 0.00208176 0)
(0.320984 0.000256774 0)
(0.333807 0.000116884 0)
(0.549899 0.000106236 0)
(0.905513 -0.00112052 0)
(1.07917 -0.00335348 0)
(1.10145 -0.00388386 0)
(1.08292 -0.00301721 0)
(1.06699 -0.00188635 0)
(1.05599 -0.000280564 0)
(1.04835 0.00189225 0)
(1.04324 0.00454951 0)
(1.04077 0.00729835 0)
(1.04151 0.00932412 0)
(1.04559 0.0103798 0)
(1.05302 0.0106573 0)
(1.06498 0.0105644 0)
(1.08292 0.0100605 0)
(1.08916 0.00889224 0)
(0.998661 0.0057965 0)
(0.722169 0.00205391 0)
(0.317649 0.000283582 0)
(0.334334 0.000156379 0)
(0.549111 0.000284825 0)
(0.899908 -0.00063357 0)
(1.07513 -0.0030668 0)
(1.10182 -0.0040416 0)
(1.08469 -0.00346926 0)
(1.06914 -0.00223483 0)
(1.05845 -0.000150985 0)
(1.05101 0.00269695 0)
(1.04571 0.00596135 0)
(1.04282 0.00916049 0)
(1.04293 0.0115045 0)
(1.04618 0.0127882 0)
(1.05282 0.0131053 0)
(1.06435 0.0126797 0)
(1.08158 0.0119604 0)
(1.08406 0.0101503 0)
(0.987707 0.0061477 0)
(0.713162 0.00216605 0)
(0.314045 0.00034361 0)
(0.335572 0.000232965 0)
(0.549432 0.000486933 0)
(0.895 0.000150084 0)
(1.06929 -0.00238912 0)
(1.10092 -0.00457613 0)
(1.08629 -0.00445565 0)
(1.07181 -0.00314769 0)
(1.06169 -0.000457365 0)
(1.05433 0.00322202 0)
(1.04872 0.00746449 0)
(1.04523 0.0116376 0)
(1.04464 0.0147178 0)
(1.04719 0.0164047 0)
(1.05286 0.0171253 0)
(1.06288 0.0167318 0)
(1.0785 0.0151511 0)
(1.07568 0.0116035 0)
(0.974905 0.00627298 0)
(0.704095 0.00220713 0)
(0.310154 0.000396083 0)
(0.337854 0.000340683 0)
(0.551366 0.000813886 0)
(0.891955 0.00124851 0)
(1.06242 -0.000718443 0)
(1.09782 -0.00360586 0)
(1.08743 -0.00402184 0)
(1.07503 -0.00277712 0)
(1.06583 0.00040227 0)
(1.05862 0.00469134 0)
(1.05271 0.00969365 0)
(1.04844 0.0145735 0)
(1.04697 0.0181164 0)
(1.04849 0.0199047 0)
(1.05283 0.0204597 0)
(1.06099 0.0196831 0)
(1.07237 0.0169278 0)
(1.06372 0.0118648 0)
(0.961462 0.00601841 0)
(0.695525 0.00224335 0)
(0.306066 0.000441896 0)
(0.341501 0.000477776 0)
(0.55538 0.00119849 0)
(0.892093 0.00252072 0)
(1.05688 0.00179647 0)
(1.09373 -0.000421596 0)
(1.08821 -0.00137741 0)
(1.07847 0.000157587 0)
(1.07037 0.00355605 0)
(1.06324 0.0080258 0)
(1.05697 0.0131402 0)
(1.05174 0.0179452 0)
(1.04914 0.0210604 0)
(1.04936 0.0223674 0)
(1.05202 0.0221201 0)
(1.05762 0.0205614 0)
(1.06391 0.0168024 0)
(1.05062 0.0112319 0)
(0.949169 0.0057986 0)
(0.687522 0.0024061 0)
(0.301658 0.000501667 0)
(0.346757 0.000646926 0)
(0.561705 0.00162975 0)
(0.895247 0.00372809 0)
(1.05485 0.00462272 0)
(1.09124 0.00380271 0)
(1.08909 0.00364024 0)
(1.08194 0.00547902 0)
(1.07483 0.00886347 0)
(1.06778 0.0132034 0)
(1.06094 0.0179221 0)
(1.05451 0.0219573 0)
(1.05056 0.0240029 0)
(1.04925 0.0241566 0)
(1.05008 0.0228624 0)
(1.05261 0.0200895 0)
(1.05488 0.0159348 0)
(1.03867 0.0107509 0)
(0.938481 0.00603076 0)
(0.679468 0.00277763 0)
(0.296603 0.000597857 0)
(0.35385 0.000854941 0)
(0.570523 0.0021359 0)
(0.901905 0.00515863 0)
(1.05668 0.00727232 0)
(1.09171 0.00813473 0)
(1.09123 0.0093045 0)
(1.08571 0.0118594 0)
(1.07923 0.0154854 0)
(1.07199 0.0197559 0)
(1.06425 0.0239498 0)
(1.05636 0.0269355 0)
(1.05077 0.0276226 0)
(1.04773 0.0263263 0)
(1.04644 0.0237443 0)
(1.04666 0.020142 0)
(1.0462 0.015871 0)
(1.02831 0.011181 0)
(0.928615 0.00686055 0)
(0.670497 0.00335438 0)
(0.290543 0.000730568 0)
(0.363033 0.00111761 0)
(0.582026 0.00278498 0)
(0.911855 0.00681605 0)
(1.06213 0.0102262 0)
(1.09531 0.0124641 0)
(1.09533 0.0151104 0)
(1.09039 0.0186943 0)
(1.08394 0.0229574 0)
(1.07606 0.027429 0)
(1.06692 0.0312443 0)
(1.05719 0.0331968 0)
(1.04962 0.0324073 0)
(1.04476 0.0296682 0)
(1.04157 0.0259168 0)
(1.04 0.0216319 0)
(1.03782 0.0171823 0)
(1.01883 0.0126552 0)
(0.918417 0.00822666 0)
(0.65983 0.00413844 0)
(0.283086 0.00090494 0)
(0.375014 0.00148847 0)
(0.596963 0.00368269 0)
(0.925145 0.00899766 0)
(1.0709 0.0136506 0)
(1.10188 0.0172044 0)
(1.10163 0.0213369 0)
(1.09647 0.0262263 0)
(1.08936 0.0314476 0)
(1.08021 0.0363787 0)
(1.06913 0.0400376 0)
(1.05707 0.0411019 0)
(1.04716 0.038959 0)
(1.04036 0.0347803 0)
(1.03556 0.0298307 0)
(1.03251 0.0247597 0)
(1.02915 0.0198796 0)
(1.00911 0.0150858 0)
(0.906805 0.0101111 0)
(0.646753 0.00513672 0)
(0.273878 0.00111903 0)
(0.390762 0.00202807 0)
(0.616428 0.0049666 0)
(0.942496 0.0120081 0)
(1.0831 0.0180759 0)
(1.11157 0.022975 0)
(1.11035 0.02872 0)
(1.10423 0.0351228 0)
(1.0957 0.0415256 0)
(1.08457 0.0471226 0)
(1.07093 0.0507633 0)
(1.05601 0.0509723 0)
(1.04343 0.0474282 0)
(1.03452 0.0417929 0)
(1.02818 0.035563 0)
(1.02386 0.0294818 0)
(1.01952 0.0238611 0)
(0.998218 0.0184162 0)
(0.892987 0.0125383 0)
(0.630568 0.00637857 0)
(0.262544 0.00138317 0)
(0.411654 0.00282739 0)
(0.641864 0.00685901 0)
(0.965027 0.0162626 0)
(1.09932 0.0239889 0)
(1.12477 0.0304352 0)
(1.12182 0.0380809 0)
(1.11391 0.04624 0)
(1.10312 0.0540272 0)
(1.08921 0.0603967 0)
(1.07229 0.0639711 0)
(1.05394 0.0631759 0)
(1.03834 0.0580502 0)
(1.02715 0.0508259 0)
(1.01918 0.0431244 0)
(1.0136 0.0357774 0)
(1.00828 0.0291158 0)
(0.985347 0.0227009 0)
(0.876239 0.0155928 0)
(0.610797 0.00789698 0)
(0.24879 0.00167154 0)
(0.439803 0.00409969 0)
(0.675376 0.00981951 0)
(0.994479 0.0224465 0)
(1.12048 0.0322353 0)
(1.14218 0.0407628 0)
(1.13656 0.0506791 0)
(1.12586 0.0608451 0)
(1.11174 0.0700405 0)
(1.09406 0.0770209 0)
(1.07307 0.0802379 0)
(1.05067 0.0780941 0)
(1.0317 0.0710872 0)
(1.01803 0.0620354 0)
(1.00827 0.0526311 0)
(1.00133 0.0437635 0)
(0.994872 0.035783 0)
(0.9698 0.0281071 0)
(0.855719 0.0193972 0)
(0.586769 0.00977072 0)
(0.232212 0.00202325 0)
(0.478622 0.00637288 0)
(0.720454 0.0148698 0)
(1.03378 0.0320431 0)
(1.14808 0.0446286 0)
(1.16463 0.056004 0)
(1.15487 0.0684561 0)
(1.13998 0.0805772 0)
(1.12124 0.0908208 0)
(1.09874 0.0978691 0)
(1.0729 0.100127 0)
(1.04594 0.0960716 0)
(1.02329 0.0867742 0)
(1.00695 0.0756108 0)
(0.995179 0.064284 0)
(0.986666 0.053682 0)
(0.97877 0.0441415 0)
(0.950826 0.0349377 0)
(0.830397 0.0242158 0)
(0.557471 0.0121647 0)
(0.21236 0.00244843 0)
(0.533464 0.0112478 0)
(0.783416 0.0243523 0)
(1.08755 0.0488381 0)
(1.1835 0.0646757 0)
(1.19237 0.0795128 0)
(1.17636 0.094275 0)
(1.15549 0.107527 0)
(1.13079 0.117787 0)
(1.10252 0.123817 0)
(1.0712 0.124117 0)
(1.03933 0.117367 0)
(1.01284 0.105288 0)
(0.993693 0.0917415 0)
(0.97973 0.0783397 0)
(0.969403 0.0659005 0)
(0.959615 0.0546929 0)
(0.927552 0.0437652 0)
(0.799062 0.0304303 0)
(0.52218 0.0152906 0)
(0.189529 0.00295567 0)
(0.613117 0.02665 2.32277e-22)
(0.872265 0.0465194 2.34764e-20)
(1.15363 0.0799811 1.9953e-21)
(1.22537 0.0979888 1.46881e-21)
(1.22288 0.115953 0)
(1.19879 0.131129 -4.06333e-22)
(1.17063 0.143645 3.64917e-22)
(1.1391 0.152363 -1.92128e-22)
(1.10444 0.156169 0)
(1.06715 0.153646 0)
(1.0299 0.143684 6.53358e-21)
(0.999078 0.128615 0)
(0.976619 0.112653 2.36678e-20)
(0.95992 0.0972446 3.31784e-20)
(0.947136 0.0831904 0)
(0.934596 0.0706756 0)
(0.897995 0.0584279 0)
(0.75847 0.0415306 -2.0114e-21)
(0.478233 0.0217935 -2.3846e-21)
(0.165121 0.00583284 -4.23563e-20)
(0.672265 0.0578549 5.34459e-21)
(0.9427 0.0865607 4.64405e-20)
(1.20794 0.127526 8.16363e-21)
(1.26353 0.146821 0)
(1.25037 0.164173 -6.13673e-21)
(1.21864 0.177652 -9.24066e-21)
(1.18333 0.188334 6.59501e-22)
(1.14494 0.19506 2.18228e-21)
(1.10364 0.196569 8.57414e-21)
(1.05981 0.191402 0)
(1.01616 0.178552 -6.13014e-20)
(0.979706 0.160922 -2.17725e-20)
(0.952605 0.142992 -1.44318e-20)
(0.931894 0.125982 0)
(0.915415 0.110521 -8.31579e-20)
(0.898474 0.0968192 -6.29598e-21)
(0.855368 0.083193 -1.23769e-19)
(0.711547 0.0628536 -2.96423e-19)
(0.439169 0.036404 1.86741e-19)
(0.149969 0.0123044 2.05164e-19)
(0.687637 0.0978143 6.41254e-20)
(0.976597 0.137926 -7.73698e-20)
(1.244 0.18779 -1.17162e-20)
(1.29282 0.207329 0)
(1.27195 0.221219 0)
(1.23385 0.23128 -1.4436e-20)
(1.19223 0.238585 1.75095e-21)
(1.14759 0.242123 6.20173e-21)
(1.10013 0.240501 -1.14304e-20)
(1.05022 0.232176 2.31222e-20)
(1.0007 0.216254 0)
(0.959141 0.196254 -4.53424e-20)
(0.927887 0.17682 0)
(0.90362 0.158963 -3.88542e-20)
(0.884005 0.143062 1.19517e-19)
(0.864325 0.129084 -1.21771e-20)
(0.821063 0.11483 -1.7637e-20)
(0.688457 0.0907349 0)
(0.438009 0.0579577 2.15811e-19)
(0.160472 0.0217785 -2.41534e-19)
(0.682881 0.134572 1.69883e-19)
(0.986198 0.190549 -1.55599e-19)
(1.26499 0.252248 -1.09215e-19)
(1.312 0.272829 0)
(1.28605 0.282912 -4.44317e-20)
(1.24334 0.288958 2.5696e-20)
(1.1968 0.292321 1.23969e-20)
(1.14702 0.292056 3.18952e-21)
(1.09423 0.286791 -3.79267e-20)
(1.03891 0.274951 0)
(0.984232 0.255824 2.71707e-21)
(0.938338 0.233477 -8.86343e-22)
(0.903731 0.212713 3.41216e-20)
(0.87678 0.194269 4.31939e-20)
(0.855026 0.178269 7.95839e-20)
(0.834037 0.164317 -3.36092e-20)
(0.79314 0.149598 -1.99837e-20)
(0.675379 0.123309 1.68421e-19)
(0.446318 0.0827604 -1.41714e-20)
(0.173629 0.0331373 2.55738e-19)
(0.671352 0.167884 -2.38259e-19)
(0.98323 0.241067 2.63504e-20)
(1.27488 0.31712 1.7386e-19)
(1.32254 0.339225 1.28863e-19)
(1.29319 0.345881 6.73145e-20)
(1.24718 0.348046 5.83041e-20)
(1.19695 0.347473 0)
(1.1431 0.343333 0)
(1.08598 0.334261 -2.28762e-20)
(1.02609 0.318742 0)
(0.967039 0.296262 -8.12023e-20)
(0.917641 0.271494 6.02674e-20)
(0.880531 0.24933 2.61607e-21)
(0.851786 0.230223 5.0642e-20)
(0.82877 0.214086 -2.40888e-19)
(0.807345 0.200338 -1.46288e-19)
(0.769451 0.185527 -2.03209e-19)
(0.6638 0.157501 4.332e-19)
(0.449997 0.1083 5.1033e-19)
(0.181277 0.0444134 -1.84137e-20)
(0.657976 0.19801 0)
(0.973933 0.288069 0)
(1.27721 0.380459 0)
(1.32647 0.404578 -1.13489e-19)
(1.29472 0.408338 -7.07147e-20)
(1.2463 0.406838 -8.02878e-20)
(1.19323 0.40256 1.8243e-20)
(1.13614 0.394705 -9.61656e-21)
(1.07548 0.381904 3.95966e-20)
(1.01181 0.362677 0)
(0.949047 0.336739 -8.74639e-20)
(0.896891 0.309359 5.82209e-20)
(0.857986 0.285544 0)
(0.828073 0.265496 0)
(0.804402 0.24894 -6.67468e-20)
(0.78317 0.235066 1.23861e-19)
(0.748187 0.219813 0)
(0.65106 0.189421 -4.71683e-19)
(0.447565 0.131382 5.60445e-19)
(0.182893 0.0541539 -6.60027e-19)
(0.645246 0.225839 -3.28015e-19)
(0.961968 0.331829 -2.55416e-21)
(1.27422 0.441262 -1.95494e-19)
(1.32539 0.4679 6.50847e-20)
(1.29194 0.469203 0)
(1.24169 0.464378 5.42692e-20)
(1.18636 0.456689 -2.01167e-20)
(1.12666 0.445328 -1.96761e-20)
(1.06302 0.428983 -1.13591e-20)
(0.996131 0.406126 6.39808e-20)
(0.930227 0.376657 -4.34388e-20)
(0.875677 0.346421 -6.55905e-20)
(0.835332 0.320647 -9.44658e-20)
(0.804669 0.299287 -5.65583e-20)
(0.780834 0.281857 3.62867e-19)
(0.760133 0.267344 2.21116e-19)
(0.727522 0.251268 5.67624e-20)
(0.636229 0.217919 -2.57884e-19)
(0.439918 0.151069 -3.81578e-20)
(0.180479 0.062159 7.2121e-19)
(0.633804 0.251855 -1.4123e-19)
(0.949207 0.372732 0)
(1.26765 0.498987 1.15069e-19)
(1.32054 0.528621 8.04927e-20)
(1.2859 0.527838 1.00041e-20)
(1.23423 0.520089 5.67989e-20)
(1.1771 0.509292 6.32021e-20)
(1.11521 0.494706 1.66924e-20)
(1.04901 0.475016 -4.53912e-20)
(0.979257 0.448672 -2.7627e-20)
(0.910525 0.415659 4.66844e-20)
(0.853921 0.382342 -1.5001e-19)
(0.812532 0.35426 9.34829e-22)
(0.781448 0.331224 -1.30166e-19)
(0.757674 0.312542 -8.10477e-20)
(0.737512 0.297007 9.67755e-20)
(0.706721 0.279666 1.74958e-19)
(0.619183 0.243054 0)
(0.428309 0.167613 -4.16038e-20)
(0.17539 0.0684909 -7.1446e-19)
(0.623929 0.276413 0)
(0.936691 0.411091 -3.44109e-19)
(1.25894 0.553441 0)
(1.313 0.586474 -1.97551e-19)
(1.27744 0.583919 -1.09753e-19)
(1.22463 0.5736 -3.21355e-21)
(1.16604 0.560024 -1.19062e-20)
(1.10231 0.542511 -1.60861e-20)
(1.03389 0.519738 2.42879e-21)
(0.961558 0.490094 2.69993e-20)
(0.890274 0.453578 -5.27736e-22)
(0.831797 0.417027 -7.73859e-20)
(0.789431 0.386341 -1.06015e-19)
(0.758018 0.361261 1.36624e-19)
(0.734363 0.340966 -2.57923e-19)
(0.714713 0.324081 1.05551e-19)
(0.685167 0.305038 -2.58127e-19)
(0.600232 0.264601 6.16159e-19)
(0.413692 0.181271 -4.52904e-20)
(0.16818 0.0730444 -5.32025e-20)
(0.615754 0.299947 -1.22003e-19)
(0.924951 0.447431 -1.00099e-19)
(1.24887 0.60501 -3.08962e-19)
(1.30352 0.641329 -2.24609e-19)
(1.2672 0.637274 -1.46241e-19)
(1.21348 0.624696 -9.38543e-20)
(1.1537 0.608667 -1.28771e-19)
(1.08842 0.588533 -5.831e-20)
(1.01804 0.562967 -1.30867e-20)
(0.943383 0.530253 -6.58217e-20)
(0.869564 0.490328 -1.1711e-19)
(0.809098 0.450459 -1.7618e-19)
(0.765688 0.416935 2.30561e-19)
(0.734022 0.389446 -1.5469e-19)
(0.710527 0.367215 9.73109e-20)
(0.691339 0.348664 -3.45155e-19)
(0.662646 0.327551 2.78235e-19)
(0.579303 0.282802 -3.34449e-19)
(0.39658 0.191958 4.93455e-20)
(0.159225 0.0759718 1.95068e-22)
(0.608948 0.322501 1.36923e-19)
(0.914185 0.481935 -1.12293e-19)
(1.23793 0.653686 3.39687e-19)
(1.29272 0.693158 2.4301e-19)
(1.25574 0.687862 3.31113e-19)
(1.20129 0.673289 -8.72059e-20)
(1.14052 0.655093 0)
(1.0739 0.632639 -2.68473e-20)
(1.00177 0.604578 1.13201e-21)
(0.924853 0.569071 -5.26425e-20)
(0.848502 0.52589 0)
(0.78598 0.482647 1.00814e-19)
(0.74133 0.446069 -1.29449e-19)
(0.709258 0.41587 -4.96358e-19)
(0.685916 0.391393 -1.02435e-19)
(0.667143 0.370877 -4.76855e-21)
(0.638971 0.347313 0)
(0.556565 0.297836 -2.76282e-19)
(0.377398 0.199864 -5.3845e-20)
(0.148907 0.0774201 -6.34631e-20)
(0.603446 0.344382 -6.04088e-19)
(0.904401 0.51483 6.229e-21)
(1.22658 0.699696 1.90481e-19)
(1.28105 0.742037 1.38616e-19)
(1.24347 0.735688 1.80859e-19)
(1.18843 0.719352 -1.2321e-19)
(1.12683 0.699247 -5.34781e-20)
(1.05904 0.674761 -1.70362e-20)
(0.985298 0.644509 -7.67059e-21)
(0.906229 0.606518 -2.30983e-20)
(0.827344 0.560346 -6.57199e-20)
(0.762587 0.513763 -2.05428e-19)
(0.716488 0.473922 1.77722e-21)
(0.683734 0.440724 0)
(0.660447 0.413678 -2.21145e-19)
(0.642007 0.390911 1.39381e-19)
(0.614014 0.364517 -7.49834e-19)
(0.531966 0.309838 0)
(0.356215 0.204783 4.72246e-19)
(0.137349 0.0772196 0)
(0.598762 0.365499 2.24494e-21)
(0.895418 0.546219 6.76725e-21)
(1.21527 0.74338 -2.08947e-19)
(1.26881 0.788086 0)
(1.23072 0.780794 -3.13938e-19)
(1.17521 0.762902 1.29776e-19)
(1.11293 0.74113 -4.01675e-20)
(1.04412 0.714884 1.56784e-19)
(0.968912 0.682748 -1.43829e-21)
(0.887798 0.642608 0)
(0.806265 0.593748 2.71825e-19)
(0.738986 0.543968 1.09827e-19)
(0.691195 0.500789 7.30406e-20)
(0.657492 0.464391 -3.90604e-19)
(0.634029 0.434457 2.43297e-19)
(0.615805 0.409082 0)
(0.587646 0.379371 3.61186e-19)
(0.505365 0.318927 2.18048e-19)
(0.332996 0.206685 5.16791e-19)
(0.124686 0.0753594 -6.03364e-19)
(0.595019 0.386071 -3.76806e-19)
(0.88731 0.576181 3.03935e-19)
(1.20394 0.784475 4.83638e-19)
(1.25627 0.831385 0)
(1.21777 0.823246 -1.25552e-19)
(1.1619 0.803988 3.77486e-19)
(1.09905 0.780771 -1.67746e-19)
(1.02937 0.753016 2.1866e-20)
(0.952838 0.719288 -1.16379e-20)
(0.869723 0.677349 1.46093e-19)
(0.785446 0.62617 -7.26581e-20)
(0.715336 0.573401 -6.22441e-20)
(0.665419 0.526863 1.45022e-21)
(0.630488 0.487021 -1.08383e-19)
(0.606628 0.453902 -2.43668e-21)
(0.588435 0.425529 -3.42596e-21)
(0.559777 0.391939 -9.87564e-20)
(0.47664 0.324968 3.55771e-19)
(0.307635 0.205451 7.01041e-20)
(0.110708 0.0716652 0)
(0.591625 0.405898 2.1047e-19)
(0.879915 0.604712 -1.69804e-19)
(1.19273 0.823175 -2.63798e-19)
(1.24366 0.872018 0)
(1.20481 0.863136 -1.34258e-19)
(1.14868 0.84267 0)
(1.08537 0.818204 -5.27182e-20)
(1.01495 0.789171 -1.57361e-19)
(0.937216 0.754135 -2.80062e-20)
(0.85218 0.71075 -1.21206e-20)
(0.7651 0.657665 -4.3227e-21)
(0.69183 0.602231 2.50471e-19)
(0.639272 0.552407 -1.75767e-19)
(0.602626 0.508893 -2.36364e-19)
(0.5781 0.472206 -2.93025e-19)
(0.559788 0.440383 -3.67482e-21)
(0.530281 0.402208 2.45765e-21)
(0.445728 0.327798 6.48332e-19)
(0.280176 0.200878 -6.14784e-19)
(0.095698 0.0660649 0)
(0.588583 0.424921 -6.91644e-19)
(0.873103 0.631747 3.83342e-19)
(1.18164 0.859542 5.89738e-19)
(1.23113 0.910104 -1.05453e-18)
(1.192 0.900553 2.7975e-19)
(1.13568 0.879021 3.79086e-19)
(1.07203 0.853483 -2.68551e-19)
(1.00098 0.823384 -1.03653e-20)
(0.922176 0.787303 3.26373e-20)
(0.835326 0.742821 -5.13998e-21)
(0.745394 0.688274 -3.37336e-20)
(0.668669 0.630586 -1.94381e-19)
(0.612991 0.577677 -3.78122e-19)
(0.573965 0.530371 1.28498e-19)
(0.548318 0.489676 1.54991e-19)
(0.529669 0.453736 -3.88346e-19)
(0.498976 0.410053 4.7298e-19)
(0.412508 0.327172 1.42996e-19)
(0.25024 0.192605 -1.67555e-19)
(0.0800475 0.0588069 -3.94151e-19)
(0.585753 0.443141 -5.05418e-19)
(0.866794 0.657461 2.11804e-19)
(1.17079 0.893732 1.66705e-19)
(1.2188 0.945762 -6.97188e-19)
(1.17946 0.935603 -1.54409e-19)
(1.12302 0.913134 4.25026e-19)
(1.05912 0.886669 -1.22925e-20)
(0.98758 0.855689 4.75124e-19)
(0.907835 0.818803 5.8374e-20)
(0.81929 0.773565 -4.15125e-21)
(0.726503 0.718018 0)
(0.646061 0.658566 2.79269e-19)
(0.586741 0.602932 0)
(0.544608 0.551844 -2.68396e-19)
(0.517118 0.506656 0)
(0.49778 0.465648 0)
(0.465631 0.415087 2.92383e-21)
(0.377212 0.322609 -1.54021e-19)
(0.219016 0.180819 9.13985e-19)
(0.0643174 0.0502161 8.58721e-19)
(0.58314 0.460506 2.80771e-19)
(0.860743 0.681863 4.58973e-19)
(1.16019 0.925807 -3.57902e-19)
(1.20675 0.979095 9.14513e-19)
(1.16726 0.968382 3.63362e-19)
(1.11078 0.945088 1.09913e-19)
(1.04672 0.917835 7.9454e-21)
(0.9748 0.886142 -4.05334e-20)
(0.894254 0.848671 7.42084e-20)
(0.804145 0.80298 2.9133e-21)
(0.708579 0.746903 2.3709e-20)
(0.624234 0.686237 -2.92371e-19)
(0.560786 0.628353 0)
(0.51468 0.573708 -1.48838e-19)
(0.484281 0.523661 0)
(0.463539 0.476193 -2.30625e-19)
(0.429656 0.416467 -5.64481e-19)
(0.340027 0.312922 -1.6988e-19)
(0.1877 0.165166 2.00226e-19)
(0.0494985 0.0408224 -5.84468e-19)
(0.580374 0.476967 0)
(0.854846 0.704945 0)
(1.14989 0.955845 5.92228e-19)
(1.19504 1.01022 5.76867e-19)
(1.15546 0.999012 0)
(1.09901 0.974975 -6.13776e-20)
(1.03488 0.947048 0)
(0.96269 0.914785 3.62292e-19)
(0.881479 0.876926 -1.02588e-20)
(0.789967 0.831063 8.82392e-20)
(0.691732 0.774894 3.49308e-19)
(0.603402 0.713613 -3.04034e-19)
(0.535441 0.654073 -3.9729e-19)
(0.484482 0.596381 0)
(0.449671 0.541473 -6.08748e-19)
(0.425967 0.48589 -5.0518e-19)
(0.389534 0.412953 3.11446e-19)
(0.301188 0.295504 3.66098e-19)
(0.159607 0.14435 2.15919e-19)
(0.038673 0.0313495 -6.34978e-19)
(0.577865 0.492649 3.34235e-19)
(0.849281 0.726658 2.72148e-19)
(1.13986 0.983905 -4.28294e-19)
(1.18369 1.03924 4.81568e-19)
(1.14412 1.02758 0)
(1.08775 1.00289 -6.83036e-20)
(1.02362 0.974388 -3.49032e-19)
(0.951274 0.941676 3.56912e-19)
(0.869535 0.903594 0)
(0.77679 0.857804 1.40829e-19)
(0.676062 0.80195 -3.3506e-19)
(0.583768 0.740674 2.34888e-19)
(0.511006 0.680123 4.02413e-21)
(0.454481 0.62016 -7.40311e-19)
(0.413438 0.561094 -1.10892e-19)
(0.383911 0.496059 -2.741e-19)
(0.341928 0.40392 3.37261e-19)
(0.258467 0.265188 0)
(0.140675 0.108763 0)
(0.0543606 0.0200872 0)
(0.575114 0.507352 7.31089e-19)
(0.843828 0.747286 9.03236e-19)
(1.13012 1.01015 2.35788e-19)
(1.17268 1.06634 0)
(1.1332 1.05432 8.30953e-19)
(1.07696 1.02909 -8.25606e-20)
(1.01287 1.00013 4.369e-20)
(0.940445 0.967125 8.07985e-19)
(0.858279 0.929004 -1.32046e-19)
(0.764445 0.883553 9.31095e-21)
(0.661395 0.828439 -7.84432e-21)
(0.565217 0.767889 0)
(0.487349 0.707033 -4.55243e-19)
(0.424566 0.645595 -1.58967e-19)
(0.375325 0.584146 0)
(0.335612 0.509511 0)
(0.280278 0.390921 0)
(0.199889 0.218605 1.71435e-21)
(0.0950832 0.0608039 -4.64144e-19)
(-0.0148515 0.164886 3.88872e-19)
(0.572409 0.521339 5.93628e-19)
(0.838342 0.766717 4.94887e-19)
(1.12063 1.03484 2.57997e-19)
(1.16192 1.09188 7.28251e-19)
(1.12257 1.07971 -1.22479e-19)
(1.06643 1.05416 6.70016e-19)
(1.00236 1.02499 -1.04033e-19)
(0.929901 0.991969 -4.72601e-19)
(0.847331 0.954148 -1.67913e-20)
(0.752456 0.90949 7.732e-21)
(0.647075 0.855732 0)
(0.546878 0.796832 2.91944e-19)
(0.463325 0.736674 0)
(0.393688 0.674458 -5.48439e-19)
(0.334581 0.613603 2.03446e-19)
(0.277444 0.530462 5.42685e-19)
(0.198385 0.376362 -3.42655e-19)
(0.0887759 0.280254 -3.96628e-19)
(0.0157452 0.885575 2.39481e-19)
(0.0592436 2.35476 5.30149e-19)
(0.569999 0.534776 4.33266e-19)
(0.832775 0.785087 0)
(1.11152 1.05799 -5.54885e-19)
(1.15143 1.11579 -9.87058e-19)
(1.11235 1.10362 -1.36011e-19)
(1.05632 1.07796 8.64554e-20)
(0.992265 1.04871 5.58953e-19)
(0.919798 1.01589 4.87036e-19)
(0.836907 0.978614 -1.60893e-20)
(0.741124 0.935095 2.87348e-20)
(0.633578 0.883218 -2.65385e-19)
(0.529497 0.826772 2.29803e-19)
(0.439981 0.768645 4.29609e-19)
(0.363408 0.705739 -8.0263e-20)
(0.295544 0.648154 -4.06173e-19)
(0.214154 0.555641 2.57226e-19)
(0.112438 0.53211 3.30132e-19)
(0.09472 1.55737 2.02408e-19)
(0.140634 2.89232 -2.19603e-19)
(0.13965 3.31113 -2.9053e-19)
(0.568794 0.548455 0)
(0.826444 0.802338 -7.21163e-19)
(1.10254 1.0797 0)
(1.14114 1.13807 -1.02901e-19)
(1.10271 1.12621 1.42324e-19)
(1.04675 1.10059 -1.96986e-19)
(0.982782 1.07139 -5.40019e-19)
(0.910167 1.03892 -3.77496e-20)
(0.827069 1.0024 -2.51382e-19)
(0.730528 0.960325 1.55592e-19)
(0.621061 0.910849 0)
(0.513377 0.857551 -2.5972e-19)
(0.418004 0.803315 4.13525e-19)
(0.334157 0.738755 0)
(0.262974 0.681165 -6.68681e-19)
(0.155643 0.677122 -2.32985e-19)
(0.154951 1.60621 3.15948e-19)
(0.206516 3.06485 4.99105e-19)
(0.19154 3.37648 1.56409e-19)
(0.16897 3.44428 -2.19972e-19)
(0.552593 0.560539 -3.79081e-19)
(0.782314 0.781773 3.53079e-19)
(1.08319 1.09474 6.6766e-19)
(1.13005 1.15767 5.84229e-19)
(1.09247 1.14629 1.7703e-19)
(1.03656 1.12076 9.95968e-20)
(0.973663 1.09265 6.6175e-20)
(0.900673 1.0606 -9.77123e-19)
(0.81742 1.02498 2.7236e-19)
(0.720211 0.984565 -1.11899e-19)
(0.609107 0.937969 6.1732e-21)
(0.498247 0.888418 2.10342e-20)
(0.397419 0.839839 -4.98742e-20)
(0.303742 0.771615 -7.383e-20)
(0.244978 0.723918 -1.64851e-19)
(0.178378 0.99254 -9.21976e-20)
(0.249035 3.01596 2.8627e-19)
(0.267983 3.40304 -5.4472e-21)
(0.236447 3.46112 -1.63006e-19)
(0.194455 3.48297 -1.59489e-19)
(0.263668 0.254544 4.53852e-19)
(0.970154 0.994982 0)
(1.11153 1.15829 1.32842e-19)
(1.10723 1.17846 1.0148e-19)
(1.0561 1.15708 4.47925e-19)
(0.996373 1.13015 0)
(0.92905 1.10013 6.20689e-20)
(0.851414 1.06726 3.43718e-20)
(0.761479 1.03108 0)
(0.654442 0.989904 2.5115e-20)
(0.539153 0.945518 0)
(0.430675 0.901075 -2.76285e-20)
(0.326397 0.854502 0)
(0.251356 0.86058 -6.61175e-20)
(0.233749 1.60581 0)
(0.304588 3.06647 0)
(0.309804 3.42734 9.02066e-20)
(0.278898 3.48849 -1.1178e-19)
(0.244069 3.51074 -7.01936e-20)
(0.219903 3.55815 -3.34754e-20)
(0.266103 0.254435 -2.22296e-19)
(0.96677 1.01293 4.68673e-21)
(1.10247 1.17775 -5.60527e-19)
(1.09618 1.1979 -8.10751e-19)
(1.04512 1.17657 7.00949e-19)
(0.985549 1.14987 -1.36576e-20)
(0.918345 1.12027 4.01283e-19)
(0.840763 1.08814 6.35084e-20)
(0.750687 1.05332 1.93583e-19)
(0.64297 1.01471 -5.94325e-20)
(0.525979 0.974738 1.59046e-19)
(0.414462 0.93566 -2.53254e-19)
(0.308489 0.903728 -4.50059e-20)
(0.267446 1.15189 0)
(0.334925 2.62405 2.19625e-20)
(0.397224 3.40599 0)
(0.358087 3.50887 3.49535e-20)
(0.315665 3.54503 4.5968e-20)
(0.263038 3.57753 8.96811e-20)
(0.237853 3.63467 4.95089e-20)
(0.246969 0.248265 -4.71501e-19)
(0.961679 1.03408 -7.44224e-19)
(1.09381 1.20017 1.41867e-19)
(1.08622 1.22028 0)
(1.03552 1.19899 6.92012e-19)
(0.976253 1.17242 -8.99816e-21)
(0.9091 1.14299 -4.6098e-19)
(0.831898 1.11163 -2.99251e-20)
(0.742144 1.07837 -2.34875e-19)
(0.634419 1.04271 9.61152e-20)
(0.516522 1.00757 1.42098e-19)
(0.403519 0.974914 1.61335e-19)
(0.306795 0.97872 0)
(0.331017 1.67679 -1.60319e-19)
(0.439008 3.21476 -9.14265e-20)
(0.460075 3.52121 4.66078e-21)
(0.407293 3.56728 0)
(0.351859 3.59903 -2.40595e-19)
(0.289828 3.66041 0)
(0.249906 3.7262 0)
(0.233111 0.247242 0)
(0.954593 1.05683 3.62371e-19)
(1.08396 1.22373 8.01765e-19)
(1.07527 1.24348 7.93687e-19)
(1.02488 1.22201 4.2459e-19)
(0.965957 1.19535 -1.39246e-18)
(0.899218 1.16615 -4.03924e-19)
(0.822644 1.13547 0)
(0.733489 1.1037 3.85909e-20)
(0.626205 1.07096 -1.5517e-19)
(0.508165 1.04075 7.77584e-20)
(0.395437 1.01577 1.81026e-20)
(0.323864 1.11054 2.25964e-19)
(0.419738 2.31669 -1.39341e-19)
(0.532249 3.43823 4.14273e-20)
(0.50845 3.57859 0)
(0.46417 3.63136 0)
(0.40615 3.68722 1.83088e-19)
(0.335773 3.72451 -5.91515e-19)
(0.260095 3.69556 1.01008e-18)
(0.222983 0.248306 -4.42534e-19)
(0.945273 1.08016 6.90934e-19)
(1.07253 1.24818 -2.68775e-19)
(1.06307 1.26742 -7.65926e-19)
(1.01314 1.24556 -5.494e-19)
(0.95475 1.21872 -7.34428e-19)
(0.888715 1.18968 -4.08344e-19)
(0.812998 1.15957 -6.55373e-20)
(0.724754 1.1292 -3.27088e-19)
(0.618375 1.09932 2.24634e-19)
(0.500925 1.07401 -3.29336e-21)
(0.391063 1.06021 1.16716e-20)
(0.364351 1.34284 1.36984e-19)
(0.522195 2.91612 6.27403e-22)
(0.614379 3.53345 -1.74669e-19)
(0.56482 3.61442 0)
(0.528181 3.70305 0)
(0.509152 3.74626 0)
(0.468129 3.65211 8.23112e-19)
(0.181692 2.76607 8.50634e-19)
(0.215518 0.251154 -8.4046e-19)
(0.934054 1.10385 0)
(1.05953 1.27348 5.13988e-19)
(1.04976 1.29229 -5.69239e-19)
(1.00052 1.2699 6.775e-19)
(0.942893 1.24271 7.53666e-19)
(0.877788 1.21366 -4.37211e-19)
(0.80319 1.18399 -6.77568e-19)
(0.716225 1.1549 -3.65374e-20)
(0.611265 1.12775 3.3012e-19)
(0.495199 1.10726 9.89679e-20)
(0.392626 1.11366 4.30813e-20)
(0.42815 1.66899 1.05537e-19)
(0.619452 3.27228 0)
(0.681739 3.57964 -2.56257e-19)
(0.633197 3.64802 0)
(0.606866 3.72396 6.19627e-20)
(0.564764 3.63856 -3.50685e-19)
(0.597637 3.16303 -5.2151e-19)
(0.281742 1.6951 -5.285e-19)
(0.209548 0.25513 0)
(0.92109 1.12784 9.77147e-19)
(1.04501 1.29963 2.52572e-19)
(1.03533 1.31811 -5.58944e-19)
(0.987045 1.29509 -1.35393e-19)
(0.930433 1.26739 -6.37737e-19)
(0.866505 1.23815 -3.59789e-19)
(0.793315 1.20873 1.19288e-18)
(0.708025 1.18076 0)
(0.60504 1.15615 -3.19325e-19)
(0.49127 1.14026 1.21156e-19)
(0.402521 1.18261 -1.81756e-21)
(0.508344 2.04908 1.79934e-20)
(0.706587 3.44056 -8.74313e-20)
(0.73803 3.60656 -1.80072e-19)
(0.698593 3.68088 0)
(0.672814 3.66679 -5.70391e-19)
(0.605004 3.26704 -3.83701e-19)
(0.266383 1.45924 0)
(-0.146899 -0.210311 -3.10202e-19)
(0.204381 0.259484 -3.83684e-19)
(0.906327 1.15215 -9.30893e-19)
(1.02877 1.32674 9.5522e-19)
(1.01948 1.34515 1.72397e-19)
(0.972351 1.32156 -2.57813e-19)
(0.916974 1.29333 7.14949e-19)
(0.854485 1.26384 2.29928e-19)
(0.783033 1.23469 -6.67449e-19)
(0.699854 1.20789 3.99324e-19)
(0.599479 1.18598 -1.28264e-20)
(0.48916 1.17527 -4.03069e-19)
(0.424322 1.28114 0)
(0.606551 2.48711 -9.61764e-20)
(0.788163 3.52465 -1.79696e-19)
(0.787242 3.62833 1.85089e-19)
(0.76221 3.65924 0)
(0.683922 3.45682 0)
(0.427432 2.17137 0)
(-0.0318917 0.0161167 -1.6932e-18)
(-0.0774146 -0.122518 9.92934e-19)
(0.198847 0.26361 -4.03901e-22)
(0.889616 1.17655 5.93095e-19)
(1.01076 1.35482 4.6415e-19)
(1.00205 1.3733 1.36888e-18)
(0.956279 1.34919 4.80523e-21)
(0.902403 1.32039 1.66581e-19)
(0.841657 1.29066 -5.71588e-19)
(0.772328 1.26177 5.18315e-19)
(0.691763 1.23615 3.71469e-19)
(0.594721 1.21703 2.77092e-20)
(0.489471 1.21277 -2.77704e-19)
(0.460733 1.42049 1.00897e-19)
(0.712253 2.88962 0)
(0.86203 3.56888 9.14891e-20)
(0.836998 3.63628 2.59424e-19)
(0.798902 3.58404 -7.44618e-19)
(0.60503 2.87755 -5.50348e-19)
(0.0953339 0.422977 0)
(-0.113678 -0.181117 -3.79078e-19)
(-0.0537246 -0.0802952 0)
(0.19258 0.267288 -1.06184e-18)
(0.870689 1.20069 5.65351e-19)
(0.99067 1.38374 -4.48048e-19)
(0.982869 1.40246 0)
(0.938695 1.37786 -2.36665e-19)
(0.886594 1.34847 6.68216e-19)
(0.827932 1.31845 -3.45638e-19)
(0.761152 1.28978 5.98585e-19)
(0.683782 1.26533 3.21154e-19)
(0.590913 1.24903 4.32654e-19)
(0.4932 1.25418 -3.35475e-19)
(0.514845 1.60243 0)
(0.816199 3.19574 -3.14656e-19)
(0.926184 3.59529 4.8606e-19)
(0.887751 3.62145 5.0819e-19)
(0.797241 3.3736 -3.97062e-19)
(0.395741 1.75235 0)
(-0.0998935 -0.0942838 -9.13504e-19)
(-0.113823 -0.184698 2.8323e-23)
(-0.0367296 -0.0553394 0)
(0.18509 0.269798 -6.78805e-19)
(0.849205 1.22442 -5.45422e-19)
(0.968271 1.41328 4.27254e-19)
(0.96175 1.43248 -5.49593e-21)
(0.919441 1.40742 -2.21849e-19)
(0.869424 1.3774 -6.66536e-19)
(0.813217 1.34702 1.09041e-19)
(0.749471 1.31849 -1.50867e-19)
(0.675957 1.29513 -4.04129e-19)
(0.588184 1.28162 4.93357e-19)
(0.500865 1.30057 0)
(0.585128 1.82004 2.17059e-19)
(0.90895 3.37314 1.41607e-19)
(0.981703 3.60582 -3.27363e-19)
(0.925119 3.56708 -5.82711e-19)
(0.72426 2.90375 -3.73678e-19)
(0.108256 0.351834 9.55498e-19)
(-0.118545 -0.210205 -5.63136e-19)
(-0.0989327 -0.174215 1.67927e-19)
(-0.0271463 -0.0429688 -1.92705e-19)
(0.176212 0.27061 -6.53134e-19)
(0.824558 1.24725 0)
(0.943429 1.44315 1.05206e-20)
(0.938434 1.46314 3.16746e-19)
(0.898323 1.43768 -4.47955e-19)
(0.850734 1.40695 4.94385e-19)
(0.797409 1.37613 0)
(0.737225 1.34765 0)
(0.668312 1.32515 -3.85457e-19)
(0.586637 1.31438 1.01716e-18)
(0.513532 1.35315 4.33239e-19)
(0.668523 2.05986 -5.90088e-20)
(0.995144 3.47234 9.22744e-20)
(1.03769 3.60381 3.86523e-19)
(0.93623 3.45005 0)
(0.553085 2.12899 2.19361e-18)
(-0.0544656 -0.0568461 1.32357e-18)
(-0.116375 -0.233782 1.03514e-18)
(-0.0698016 -0.149254 0)
(-0.0147822 -0.0264684 -1.79076e-19)
(0.165692 0.269358 9.50472e-19)
(0.796438 1.26836 -4.99529e-19)
(0.915718 1.47296 -3.95788e-19)
(0.912728 1.49414 -1.32453e-20)
(0.875124 1.46835 2.20808e-19)
(0.830334 1.43683 9.48823e-19)
(0.780369 1.40544 -4.33759e-19)
(0.724317 1.37689 -5.90125e-19)
(0.660824 1.35489 -3.93026e-19)
(0.586332 1.34695 5.51418e-19)
(0.531587 1.41158 5.29483e-19)
(0.760814 2.30456 -3.29723e-19)
(1.07443 3.51902 -3.78003e-19)
(1.09688 3.58937 4.01217e-19)
(0.910295 3.24868 6.57138e-19)
(0.253794 1.05921 3.49552e-19)
(-0.195955 -0.168034 -8.52913e-19)
(-0.173592 -0.282256 0)
(-0.0600305 -0.129917 -1.17291e-18)
(-0.00564209 -0.0122361 3.36505e-19)
(0.153528 0.26584 3.05359e-19)
(0.763874 1.28632 -4.87898e-19)
(0.884838 1.50231 -1.31724e-20)
(0.884316 1.52507 -2.85888e-19)
(0.849581 1.49903 4.20867e-19)
(0.808022 1.46666 2.97443e-19)
(0.761902 1.43451 0)
(0.710589 1.40572 -1.54398e-19)
(0.65333 1.38382 -5.03346e-19)
(0.587303 1.37867 0)
(0.554787 1.47369 -5.95628e-19)
(0.858525 2.54396 -1.46656e-19)
(1.14756 3.53374 5.16127e-19)
(1.16286 3.54309 0)
(0.88093 2.96766 0)
(-0.0459379 0.336668 3.98179e-19)
(-0.169348 -0.438408 -1.12786e-18)
(-0.0473575 -0.407862 -9.69661e-19)
(0.0668179 -0.0943935 -1.40658e-18)
(0.0534261 0.0595971 0)
(0.139646 0.259084 -2.93291e-19)
(0.726857 1.29973 -2.3367e-19)
(0.850231 1.53007 -7.34474e-19)
(0.852896 1.55546 0)
(0.821377 1.52926 0)
(0.783538 1.49596 2.89294e-19)
(0.741753 1.46283 -8.98353e-21)
(0.695847 1.4335 -1.45861e-19)
(0.645591 1.41127 -6.0608e-21)
(0.589495 1.40804 1.21596e-18)
(0.580962 1.53632 -5.25428e-19)
(0.953155 2.7403 1.55387e-19)
(1.21222 3.52748 -2.84485e-19)
(1.2305 3.44769 1.17875e-18)
(0.983198 2.59037 1.08055e-18)
(0.0807619 -0.403535 4.3535e-19)
(-0.0975686 -0.814264 0)
(0.106615 -0.503615 7.98163e-19)
(0.240554 0.146387 -1.69322e-19)
(0.179226 0.34594 1.16233e-18)
(0.124246 0.248602 0)
(0.684572 1.30681 2.19194e-19)
(0.811819 1.55494 1.0396e-18)
(0.817986 1.58464 -2.66834e-19)
(0.790265 1.55854 -3.97776e-19)
(0.756482 1.52411 -2.80361e-19)
(0.719601 1.48981 0)
(0.679781 1.45943 -2.92182e-19)
(0.63728 1.43651 -9.884e-20)
(0.592587 1.43322 2.8412e-19)
(0.607107 1.59473 0)
(1.03818 2.87943 0)
(1.25685 3.51149 2.76921e-19)
(1.21258 3.33005 3.24682e-19)
(0.872863 2.13404 -5.13901e-19)
(0.0384064 -0.634866 -9.36557e-19)
(-0.158784 -0.5757 0)
(0.148606 0.156354 -2.66828e-19)
(0.24191 0.580006 0)
(0.114118 0.258376 -1.78853e-19)
(0.107298 0.233905 7.9436e-19)
(0.636364 1.3048 0)
(0.76898 1.57574 0)
(0.779411 1.61164 7.71307e-19)
(0.755802 1.58608 3.77049e-19)
(0.726555 1.55048 -2.7875e-19)
(0.694981 1.51472 4.00566e-19)
(0.661858 1.48263 2.78858e-19)
(0.627877 1.45857 -3.93271e-19)
(0.595932 1.45296 -1.44122e-19)
(0.630054 1.64248 6.70248e-19)
(1.11327 2.95821 -3.63282e-19)
(1.29005 3.52371 0)
(1.03873 3.32618 -3.34988e-19)
(0.293696 1.68656 -7.55756e-20)
(-0.806451 0.312162 3.10279e-20)
(-1.15997 -0.355197 1.11632e-18)
(-0.692476 -0.233081 1.25188e-18)
(0.150683 0.474267 1.42815e-19)
(0.179323 0.340142 -1.19465e-18)
(0.0897457 0.21463 0)
(0.581989 1.29051 -9.91506e-19)
(0.720914 1.59059 -3.14723e-19)
(0.736653 1.63553 -1.79602e-20)
(0.717637 1.61109 7.18992e-19)
(0.693266 1.5743 -2.72015e-19)
(0.66744 1.53682 -3.84665e-19)
(0.641362 1.50248 5.463e-19)
(0.616681 1.47568 4.81837e-19)
(0.598633 1.46682 2.81031e-19)
(0.651856 1.65863 -1.23083e-19)
(1.19453 2.96091 -1.75039e-19)
(1.4004 3.56273 0)
(1.15123 3.50174 0)
(0.432187 2.02238 -3.73439e-19)
(-0.519272 0.847121 1.50748e-18)
(-1.24264 -0.492295 7.64506e-19)
(-1.48333 -1.22217 1.43254e-18)
(-1.08697 -1.24608 1.77375e-19)
(-0.052786 0.115208 2.57934e-19)
(0.0715081 0.190874 1.18401e-19)
(0.521149 1.26037 1.90278e-19)
(0.666994 1.59677 -2.96774e-19)
(0.689256 1.6552 1.20608e-21)
(0.675302 1.63284 1.72669e-19)
(0.656111 1.5947 -5.10692e-19)
(0.636331 1.55513 0)
(0.617449 1.51822 2.60904e-19)
(0.602321 1.48649 -1.80417e-19)
(0.597289 1.47209 2.55863e-19)
(0.666468 1.63259 3.75883e-19)
(1.28971 2.86971 -2.23437e-19)
(1.66481 3.54352 1.49346e-20)
(1.69492 3.57352 -8.34407e-19)
(1.09116 2.2992 -7.04405e-19)
(0.338534 0.966694 0)
(-0.30598 -0.448742 -5.53744e-19)
(-0.757829 -1.46567 -5.72329e-19)
(-1.00437 -2.16871 0)
(-0.50374 -1.21454 -5.05309e-18)
(0.0528916 0.163011 8.86605e-19)
(0.451547 1.21113 -9.98151e-21)
(0.606353 1.59083 1.25701e-18)
(0.636748 1.66938 0)
(0.628301 1.65044 3.31012e-19)
(0.614469 1.61089 -2.39311e-19)
(0.600887 1.56894 0)
(0.589185 1.52858 -1.2605e-19)
(0.5827 1.49149 1.81348e-19)
(0.591669 1.4651 0)
(0.673149 1.56518 -1.04469e-19)
(1.32595 2.56717 2.78959e-19)
(1.88977 3.33983 2.92485e-19)
(2.13457 3.30503 -3.53567e-19)
(1.99771 2.66955 0)
(1.34072 1.25639 6.72641e-21)
(0.660322 -0.0663205 1.28973e-18)
(0.0636712 -1.16993 -1.37402e-19)
(-0.404894 -1.95027 3.12249e-18)
(-0.532832 -1.72959 3.10908e-18)
(0.0368236 0.132 9.25414e-19)
(0.375617 1.13725 -1.67394e-19)
(0.537846 1.56903 0)
(0.57838 1.67626 -1.38745e-20)
(0.576138 1.6633 -6.03964e-19)
(0.567627 1.62212 0)
(0.560377 1.57744 4.53385e-21)
(0.555307 1.53317 -1.11621e-19)
(0.556005 1.48931 0)
(0.570879 1.44873 -2.14874e-19)
(0.642771 1.46659 1.90116e-19)
(1.12054 2.01749 -9.59381e-20)
(1.86221 2.95346 3.19046e-19)
(2.09727 2.95997 3.60197e-20)
(2.09464 2.49824 1.65795e-19)
(1.74475 1.58429 4.20189e-20)
(1.19567 0.562029 4.4529e-20)
(0.599737 -0.318022 0)
(0.0782971 -0.982387 4.57024e-21)
(-0.206678 -1.07117 2.34258e-20)
(0.0229023 0.0988782 9.42012e-20)
(0.295346 1.03535 6.17131e-19)
(0.459122 1.5257 9.75881e-19)
(0.51225 1.67316 -2.76728e-19)
(0.517494 1.66979 0)
(0.515243 1.62727 -1.0417e-19)
(0.514147 1.58024 -1.54707e-19)
(0.515017 1.53277 -2.12847e-19)
(0.518225 1.48423 2.8338e-19)
(0.529904 1.42861 -9.01654e-20)
(0.594611 1.3779 -7.46576e-20)
(0.787008 1.60264 1.30584e-19)
(1.50678 2.56603 2.57456e-20)
(1.74607 2.72606 7.48524e-20)
(1.74173 2.52271 2.96398e-19)
(1.53867 2.00451 0)
(1.18256 1.37991 -7.8439e-19)
(0.763403 0.786122 1.45576e-18)
(0.358158 0.300941 3.12777e-18)
(0.0089533 -0.127755 -1.92251e-18)
(0.0122099 0.0648384 0)
(0.214948 0.907593 -7.10388e-20)
(0.371179 1.45496 0)
(0.435943 1.65594 -6.667e-22)
(0.451431 1.66719 -1.29067e-19)
(0.456915 1.62486 9.19245e-20)
(0.462679 1.5766 0)
(0.470406 1.52787 1.00761e-19)
(0.474724 1.47757 6.95655e-20)
(0.479535 1.41322 0)
(0.488845 1.34131 6.16861e-20)
(0.547769 1.41214 4.82509e-20)
(0.986786 2.22865 -3.08896e-21)
(1.25497 2.74097 0)
(1.22212 2.73148 -8.78465e-20)
(1.11176 2.51602 1.26188e-18)
(0.886167 2.13644 7.84054e-21)
(0.614003 1.7092 0)
(0.345911 1.26291 -9.81493e-20)
(0.0915078 0.53047 -1.14142e-19)
(0.00498947 0.0297969 1.11056e-22)
(0.140589 0.763571 2.92714e-19)
(0.277121 1.35584 0)
(0.350445 1.6192 8.06372e-20)
(0.377365 1.65093 2.39195e-19)
(0.392242 1.61244 0)
(0.407224 1.5642 -1.27915e-19)
(0.421097 1.51654 8.40039e-20)
(0.428826 1.47241 0)
(0.424364 1.42565 -3.39129e-20)
(0.388669 1.35911 -2.54454e-20)
(0.383989 1.36177 -1.62544e-20)
(0.494733 1.89169 -5.33247e-23)
(0.788793 2.76865 7.83727e-20)
(0.759831 2.93276 0)
(0.698969 2.90109 4.4881e-19)
(0.570211 2.66791 -6.63915e-19)
(0.411382 2.32936 8.87143e-19)
(0.250489 1.92407 -1.1257e-18)
(0.0718061 0.809509 -2.617e-18)
(0.00177608 -0.00343906 -2.72889e-19)
(0.0776116 0.62381 -4.42211e-20)
(0.177307 1.22934 -3.54747e-20)
(0.253866 1.55264 0)
(0.294632 1.6149 -2.7588e-20)
(0.323665 1.58311 2.00885e-20)
(0.353106 1.53662 -2.94879e-20)
(0.381087 1.49786 2.13999e-20)
(0.397174 1.4706 1.33392e-20)
(0.388603 1.44964 -1.8387e-20)
(0.325311 1.42138 -9.45505e-21)
(0.23738 1.42456 6.95075e-21)
(0.179346 1.70938 5.35486e-21)
(0.412547 2.75674 7.5469e-21)
(0.426344 3.07776 -4.17449e-20)
(0.383847 3.12613 -7.6787e-21)
(0.315764 2.99493 1.39358e-19)
(0.222537 2.70147 -1.36812e-19)
(0.122173 2.30289 3.45881e-20)
(0.023587 0.865045 -2.26251e-19)
(0.00477425 0.0454677 -3.22766e-33)
(0.02872 0.503412 5.42871e-33)
(0.0820059 1.07955 4.47546e-33)
(0.149092 1.44203 0)
(0.204957 1.54394 0)
(0.2531 1.52881 1.07843e-33)
(0.300052 1.49379 0)
(0.34675 1.46812 0)
(0.386198 1.45092 -9.04239e-34)
(0.390047 1.47326 0)
(0.32711 1.52961 0)
(0.220905 1.53994 0)
(0.11314 1.70206 0)
(0.205678 2.62502 0)
(0.224956 3.12442 0)
(0.191788 3.25196 0)
(0.146034 3.19405 0)
(0.0862033 2.94414 0)
(0.0331 2.50579 0)
(-0.00390568 0.864843 0)
(-0.00180299 0.028283 0)
(-0.00182495 0.445841 0)
(0.0140793 0.962277 0)
(0.0605369 1.30563 0)
(0.123349 1.43193 0)
(0.190487 1.43985 0)
(0.259683 1.41915 0)
(0.329441 1.40722 0)
(0.396742 1.42091 0)
(0.438048 1.4845 0)
(0.432152 1.59841 0)
(0.346159 1.69547 0)
(0.132779 1.77213 0)
(0.113867 2.51142 0)
(0.144366 3.13498 0)
(0.11038 3.3249 0)
(0.0715708 3.30859 0)
(0.0219409 3.09066 0)
(-0.0111062 2.6043 0)
(-0.00478093 0.844009 0)
(-0.00395287 0.0506761 0)
(-0.0121361 0.45209 0)
(-0.0122266 0.911917 0)
(0.0158393 1.19394 0)
(0.0736441 1.30503 0)
(0.149682 1.32185 0)
(0.238204 1.31026 0)
(0.341213 1.30196 0)
(0.458883 1.33476 0)
(0.586948 1.44068 0)
(0.638 1.64307 0)
(0.503962 1.86652 0)
(0.247958 2.00407 0)
(0.0948345 2.49834 0)
(0.0900714 3.18039 0)
(0.0495292 3.41134 0)
(0.00924141 3.41148 0)
(-0.0255218 3.19806 0)
(-0.037438 2.6022 0)
(-0.0079146 0.751733 0)
(-0.0025545 0.0770097 0)
(-0.0104426 0.4751 0)
(-0.0136723 0.89273 0)
(0.00494403 1.10939 0)
(0.0551726 1.18297 0)
(0.130182 1.19103 0)
(0.227153 1.17797 0)
(0.356544 1.16128 0)
(0.534885 1.17414 0)
(0.732142 1.32642 0)
(0.793958 1.70053 0)
(0.615571 2.09452 0)
(0.340188 2.31477 0)
(0.100044 2.57452 0)
(0.0430961 3.25674 0)
(-0.0161948 3.50593 0)
(-0.0578307 3.49943 0)
(-0.0806258 3.2523 0)
(-0.0637283 2.49924 0)
(-0.00481625 0.629107 0)
(-0.000727119 0.0942174 0)
(-0.00795252 0.498799 0)
(-0.0118425 0.883396 0)
(0.00402097 1.04083 0)
(0.0466834 1.0747 0)
(0.112008 1.0652 0)
(0.202923 1.03597 0)
(0.334552 0.994856 0)
(0.529391 0.976066 0)
(0.742673 1.17913 0)
(0.802169 1.76976 0)
(0.648573 2.35697 0)
(0.36353 2.64388 0)
(0.0874049 2.79688 0)
(-0.0298268 3.38127 0)
(-0.104433 3.60978 0)
(-0.142122 3.56196 0)
(-0.14266 3.22714 0)
(-0.0820698 2.24617 0)
(-0.00294106 0.509623 0)
(-0.000500537 0.10946 0)
(-0.0096933 0.526357 0)
(-0.0157184 0.876803 0)
(-0.00395058 0.983317 0)
(0.0257881 0.98975 0)
(0.0711599 0.9636 0)
(0.137213 0.913679 0)
(0.238244 0.838514 0)
(0.385846 0.801414 0)
(0.543906 1.05052 0)
(0.587293 1.83257 0)
(0.44321 2.6142 0)
(0.19968 2.96419 0)
(-0.0267802 3.0891 0)
(-0.168435 3.57226 0)
(-0.236025 3.70755 0)
(-0.25571 3.57852 0)
(-0.212567 3.06831 0)
(-0.0808555 1.83273 0)
(-0.00340221 0.407534 0)
(-0.00141442 0.131832 0)
(-0.0141694 0.563881 0)
(-0.0250062 0.880654 0)
(-0.0232858 0.952023 0)
(-0.0134576 0.942736 0)
(0.00257244 0.906345 0)
(0.027129 0.841745 0)
(0.0663225 0.744526 0)
(0.115293 0.702697 0)
(0.146534 1.01116 0)
(0.0851744 1.91289 0)
(-0.0278592 2.79597 0)
(-0.137116 3.15808 0)
(-0.242209 3.31559 0)
(-0.371099 3.71681 0)
(-0.391977 3.75846 0)
(-0.364273 3.48761 0)
(-0.22902 2.67166 0)
(-0.0682859 1.39353 0)
(-0.00532226 0.303662 0)
(-0.00313097 0.166413 0)
(-0.0201218 0.616353 0)
(-0.0380013 0.906624 0)
(-0.0507496 0.960061 0)
(-0.0636099 0.944343 0)
(-0.0800871 0.907384 0)
(-0.103156 0.841229 0)
(-0.138467 0.745085 0)
(-0.204955 0.714068 0)
(-0.321614 1.06723 0)
(-0.431303 2.00857 0)
(-0.46024 2.84311 0)
(-0.43223 3.17465 0)
(-0.517592 3.52393 0)
(-0.556551 3.74855 0)
(-0.510986 3.68619 0)
(-0.358038 3.14765 0)
(-0.16652 2.16846 0)
(-0.0498746 1.07096 0)
(-0.00550017 0.19358 0)
(-0.00484745 0.21368 0)
(-0.0252916 0.684637 0)
(-0.0504416 0.960811 0)
(-0.0776603 1.008 0)
(-0.110523 0.993735 0)
(-0.155479 0.965153 0)
(-0.220019 0.912394 0)
(-0.319983 0.83977 0)
(-0.482545 0.83314 0)
(-0.703606 1.19314 0)
(-0.832481 2.0512 0)
(-0.772653 2.78245 0)
(-0.738371 3.19887 0)
(-0.758315 3.57281 0)
(-0.664602 3.64258 0)
(-0.467883 3.32467 0)
(-0.232774 2.64753 0)
(-0.0804946 1.79364 0)
(-0.0228067 0.891154 0)
(-0.00292693 0.113393 0)
(-0.00597113 0.269753 0)
(-0.0281111 0.76452 0)
(-0.0582673 1.03969 0)
(-0.0956898 1.08814 0)
(-0.142887 1.08065 0)
(-0.206551 1.06562 0)
(-0.29658 1.03608 0)
(-0.433038 1.00135 0)
(-0.64515 1.03015 0)
(-0.917477 1.35555 0)
(-1.05225 2.0764 0)
(-1.00671 2.71527 0)
(-0.946069 3.16314 0)
(-0.81456 3.39843 0)
(-0.563554 3.25243 0)
(-0.283291 2.80173 0)
(-0.0962231 2.24239 0)
(-0.016717 1.60394 0)
(-0.000618819 0.83328 0)
(-0.000201936 0.0869629 0)
(-0.00622898 0.328419 0)
(-0.0279305 0.848943 0)
(-0.0597546 1.13331 0)
(-0.101979 1.18836 0)
(-0.155958 1.18902 0)
(-0.226945 1.18799 0)
(-0.32408 1.18272 0)
(-0.465112 1.18631 0)
(-0.673608 1.2532 0)
(-0.940489 1.53303 0)
(-1.07381 2.10029 0)
(-1.0268 2.64262 0)
(-0.881782 2.98739 0)
(-0.602436 3.00373 0)
(-0.317862 2.77741 0)
(-0.111884 2.40307 0)
(-0.0138014 2.02639 0)
(0.0130111 1.5447 0)
(0.00925308 0.841767 0)
(0.00125167 0.098338 0)
(-0.0057146 0.38344 0)
(-0.0251718 0.930285 0)
(-0.0555018 1.23031 0)
(-0.0975703 1.29511 0)
(-0.151557 1.30279 0)
(-0.220537 1.3124 0)
(-0.310929 1.32545 0)
(-0.434431 1.35632 0)
(-0.602701 1.44841 0)
(-0.800605 1.69738 0)
(-0.901553 2.11687 0)
(-0.787414 2.47609 0)
(-0.571163 2.6849 0)
(-0.320765 2.62576 0)
(-0.122287 2.43355 0)
(-0.0163049 2.19964 0)
(0.0187458 1.95098 0)
(0.0201672 1.54754 0)
(0.0111229 0.876523 0)
(0.00161298 0.123854 0)
(-0.00474404 0.430499 0)
(-0.0209056 1.00236 0)
(-0.0475787 1.32129 0)
(-0.0859985 1.39742 0)
(-0.135448 1.41003 0)
(-0.196761 1.42536 0)
(-0.273523 1.4482 0)
(-0.371455 1.49181 0)
(-0.491857 1.58805 0)
(-0.610627 1.79302 0)
(-0.627431 2.09349 0)
(-0.514099 2.30782 0)
(-0.323626 2.42643 0)
(-0.148579 2.37178 0)
(-0.0386563 2.25072 0)
(0.00979289 2.1204 0)
(0.0198363 1.93937 0)
(0.0159422 1.56756 0)
(0.00871305 0.908886 0)
(0.00134233 0.149247 0)
(-0.00365238 0.467898 0)
(-0.0163156 1.06199 0)
(-0.0383554 1.40047 0)
(-0.071271 1.48839 0)
(-0.113911 1.50411 0)
(-0.165392 1.52094 0)
(-0.227137 1.54639 0)
(-0.30087 1.59157 0)
(-0.382639 1.67793 0)
(-0.448433 1.83626 0)
(-0.433399 2.04055 0)
(-0.333336 2.17362 0)
(-0.202594 2.2385 0)
(-0.0899791 2.21779 0)
(-0.025926 2.15779 0)
(0.00216812 2.08483 0)
(0.00944348 1.93792 0)
(0.00869037 1.58007 0)
(0.0053989 0.92978 0)
(0.00090063 0.167914 0)
(-0.00266345 0.496048 0)
(-0.0121916 1.1089 0)
(-0.0295718 1.46559 0)
(-0.056459 1.5649 0)
(-0.0916746 1.58273 0)
(-0.133343 1.59832 0)
(-0.181626 1.62216 0)
(-0.236112 1.66287 0)
(-0.291279 1.73407 0)
(-0.327264 1.85293 0)
(-0.306998 1.99051 0)
(-0.232338 2.07794 0)
(-0.148787 2.11932 0)
(-0.0775645 2.12023 0)
(-0.0335973 2.0972 0)
(-0.0102011 2.05468 0)
(-7.84903e-05 1.92845 0)
(0.00311205 1.58097 0)
(0.00286013 0.93967 0)
(0.000540166 0.179482 0)
(-0.00187272 0.516473 0)
(-0.00886898 1.14459 0)
(-0.0221625 1.51692 0)
(-0.0433772 1.62675 0)
(-0.0715449 1.64621 0)
(-0.104481 1.65932 0)
(-0.141704 1.67968 0)
(-0.182023 1.71376 0)
(-0.220104 1.76989 0)
(-0.240863 1.85801 0)
(-0.222752 1.95393 0)
(-0.172859 2.01261 0)
(-0.118247 2.04469 0)
(-0.0714928 2.05399 0)
(-0.0384292 2.04857 0)
(-0.0171694 2.02242 0)
(-0.00534828 1.91123 0)
(-1.87461e-05 1.57418 0)
(0.00132785 0.942481 0)
(0.000308891 0.185987 0)
(-0.00128662 0.530971 0)
(-0.00636332 1.17125 0)
(-0.0163964 1.55627 0)
(-0.0327686 1.67542 0)
(-0.0547288 1.69624 0)
(-0.0803798 1.70672 0)
(-0.10893 1.72323 0)
(-0.139012 1.75054 0)
(-0.166169 1.79376 0)
(-0.179503 1.85872 0)
(-0.164931 1.92839 0)
(-0.131961 1.96934 0)
(-0.0951672 1.99541 0)
(-0.062737 2.0067 0)
(-0.0373007 2.00818 0)
(-0.0188558 1.9909 0)
(-0.00728473 1.8911 0)
(-0.001414 1.56413 0)
(0.000511766 0.941701 0)
(0.000175372 0.189476 0)
(-0.000871712 0.541138 0)
(-0.00453593 1.19105 0)
(-0.0120982 1.58599 0)
(-0.0246006 1.71302 0)
(-0.0414165 1.73501 0)
(-0.0611869 1.74329 0)
(-0.0830594 1.75633 0)
(-0.105729 1.77771 0)
(-0.12565 1.81065 0)
(-0.135131 1.8585 0)
(-0.124179 1.91014 0)
(-0.101365 1.94047 0)
(-0.0758713 1.96114 0)
(-0.0524338 1.97185 0)
(-0.0328468 1.97548 0)
(-0.0176248 1.96298 0)
(-0.00738754 1.87163 0)
(-0.00186048 1.55362 0)
(0.000114694 0.939459 0)
(9.96444e-05 0.191292 0)
(-0.000583882 0.54821 0)
(-0.00322004 1.20574 0)
(-0.00895087 1.60848 0)
(-0.0184588 1.74166 0)
(-0.0312487 1.76469 0)
(-0.0463822 1.77136 0)
(-0.0631169 1.7815 0)
(-0.0802991 1.79801 0)
(-0.0951896 1.82303 0)
(-0.102351 1.85844 0)
(-0.0945824 1.89682 0)
(-0.0780804 1.9204 0)
(-0.0598425 1.9365 0)
(-0.0424875 1.94572 0)
(-0.0274308 1.94961 0)
(-0.0152448 1.93967 0)
(-0.00666758 1.85444 0)
(-0.00185209 1.54399 0)
(-6.63719e-05 0.93684 0)
(5.76913e-05 0.192208 0)
(-0.000387769 0.553098 0)
(-0.00227893 1.21667 0)
(-0.00665164 1.62564 0)
(-0.0139205 1.76339 0)
(-0.0236449 1.78728 0)
(-0.0351893 1.79284 0)
(-0.0479743 1.80067 0)
(-0.0610286 1.81333 0)
(-0.072261 1.83229 0)
(-0.077772 1.85866 0)
(-0.0724536 1.88717 0)
(-0.0603008 1.90584 0)
(-0.0468733 1.91836 0)
(-0.0338252 1.92593 0)
(-0.0222462 1.92941 0)
(-0.0126404 1.92083 0)
(-0.00566734 1.84 0)
(-0.00165202 1.53575 0)
(-0.000131772 0.934347 0)
(3.36738e-05 0.192647 0)
(-0.000255788 0.556456 0)
(-0.00160757 1.22478 0)
(-0.00495742 1.63886 0)
(-0.0105758 1.77995 0)
(-0.0180013 1.80445 0)
(-0.0268 1.80921 0)
(-0.0365511 1.81525 0)
(-0.0464757 1.82492 0)
(-0.0549881 1.8393 0)
(-0.0592359 1.85907 0)
(-0.0556272 1.88027 0)
(-0.0466599 1.89501 0)
(-0.0365756 1.90479 0)
(-0.0266596 1.91084 0)
(-0.017738 1.91372 0)
(-0.0102248 1.90588 0)
(-0.00465684 1.82824 0)
(-0.00139377 1.52895 0)
(-0.000145843 0.932175 0)
(1.99464e-05 0.192839 0)
(-0.000168346 0.558754 0)
(-0.00113176 1.2308 0)
(-0.00369761 1.64913 0)
(-0.00808232 1.79269 0)
(-0.0137901 1.81751 0)
(-0.0205073 1.82167 0)
(-0.0279408 1.82633 0)
(-0.0354896 1.8337 0)
(-0.0419578 1.84461 0)
(-0.0452296 1.85951 0)
(-0.0427542 1.87535 0)
(-0.0361381 1.88687 0)
(-0.0284849 1.89451 0)
(-0.0208961 1.89929 0)
(-0.0140096 1.90158 0)
(-0.00815719 1.89415 0)
(-0.00375543 1.81883 0)
(-0.00114025 1.52346 0)
(-0.000137032 0.930372 0)
(1.19062e-05 0.192905 0)
(-0.000111353 0.560327 0)
(-0.00079785 1.23524 0)
(-0.00275514 1.65711 0)
(-0.00619784 1.80257 0)
(-0.0106147 1.82747 0)
(-0.0157608 1.83115 0)
(-0.0214369 1.83474 0)
(-0.0271914 1.84036 0)
(-0.0321242 1.84864 0)
(-0.0346478 1.85993 0)
(-0.0329139 1.87184 0)
(-0.028014 1.88074 0)
(-0.0221794 1.88668 0)
(-0.01635 1.89042 0)
(-0.0110265 1.8922 0)
(-0.00647071 1.88499 0)
(-0.00300034 1.81137 0)
(-0.00091767 1.5191 0)
(-0.000121131 0.928914 0)
(6.57573e-06 0.192906 0)
(-7.51408e-05 0.56141 0)
(-0.000567335 1.2385 0)
(-0.00205284 1.66329 0)
(-0.0047633 1.81026 0)
(-0.00820698 1.83511 0)
(-0.0121722 1.83836 0)
(-0.0165276 1.84112 0)
(-0.0209377 1.8454 0)
(-0.0247225 1.8517 0)
(-0.0266783 1.86029 0)
(-0.0254342 1.86929 0)
(-0.021774 1.87612 0)
(-0.0173113 1.88072 0)
(-0.0128185 1.88362 0)
(-0.00869027 1.88496 0)
(-0.00513132 1.87785 0)
(-0.00238839 1.80549 0)
(-0.000734739 1.51566 0)
(-0.000105734 0.927749 0)
(3.14197e-06 0.192871 0)
(-5.25272e-05 0.562174 0)
(-0.000411576 1.24089 0)
(-0.00153863 1.66803 0)
(-0.00367653 1.81625 0)
(-0.00638754 1.84098 0)
(-0.00947312 1.84386 0)
(-0.0128456 1.84598 0)
(-0.0162552 1.84924 0)
(-0.0191848 1.85404 0)
(-0.0207108 1.86059 0)
(-0.0197946 1.86743 0)
(-0.0170248 1.87265 0)
(-0.0135902 1.87618 0)
(-0.0101064 1.87841 0)
(-0.00688372 1.87937 0)
(-0.00408349 1.8723 0)
(-0.00190526 1.80086 0)
(-0.000592089 1.51296 0)
(-9.28975e-05 0.92681 0)
(9.05469e-07 0.192812 0)
(-4.17553e-06 0.19428 0)
(-0.000126135 0.924939 0)
(-0.000639561 1.49967 0)
(-0.00193786 1.774 0)
(-0.00392512 1.8397 0)
(-0.00622682 1.84727 0)
(-0.00877471 1.84876 0)
(-0.0114617 1.85077 0)
(-0.0140015 1.85383 0)
(-0.0158603 1.85818 0)
(-0.016171 1.86348 0)
(-0.0146273 1.86823 0)
(-0.0121436 1.87154 0)
(-0.00939735 1.8737 0)
(-0.00674245 1.87495 0)
(-0.00434649 1.87385 0)
(-0.00233684 1.84767 0)
(-0.000923057 1.68908 0)
(-0.000227732 1.24802 0)
(1.96576e-07 0.192745 0)
(0.333785 2.56795 0)
(0.254634 3.6014 6.40487e-21)
(0.223471 3.67604 -7.48748e-20)
(0.207928 3.59082 0)
(0.191892 3.52563 -3.99476e-20)
(0.170649 3.47167 -1.33111e-19)
(0.155574 3.44899 2.02037e-19)
(0.139026 3.41055 3.10872e-21)
(0.106203 3.0602 2.54693e-19)
(0.0199005 0.883667 0)
(0.139551 2.56531 1.67832e-21)
(0.119906 3.50187 0)
(0.125254 3.5822 -1.21488e-21)
(0.124113 3.52919 -4.29597e-20)
(0.119056 3.48276 2.56557e-21)
(0.112224 3.44686 -1.52651e-19)
(0.100696 3.43284 2.03746e-19)
(0.0845328 3.40564 2.43872e-19)
(0.0520757 3.00333 2.60761e-19)
(-0.00807227 0.788812 -2.70043e-19)
(0.0821869 2.4085 -6.37259e-20)
(0.0743418 3.42814 -4.72838e-20)
(0.0777086 3.52716 0)
(0.0786682 3.4886 -8.01648e-20)
(0.0773426 3.45338 1.38881e-19)
(0.0746075 3.42744 -1.85819e-19)
(0.0691017 3.42157 6.99851e-21)
(0.0637876 3.40797 5.00078e-19)
(0.0457992 3.05377 0)
(-0.00857803 0.840289 -7.36638e-21)
(0.0460818 2.30232 -4.79944e-21)
(0.0415343 3.38192 8.86978e-20)
(0.0448945 3.48664 2.27309e-19)
(0.0477749 3.4564 5.18145e-21)
(0.0492759 3.42885 0)
(0.0503767 3.41017 0)
(0.0506986 3.40911 2.40664e-19)
(0.0512303 3.40325 -4.40286e-21)
(0.0409635 3.09298 -4.41798e-19)
(-0.0106172 0.88803 1.57956e-19)
(0.0246856 2.2564 1.5431e-20)
(0.0185393 3.35526 1.3642e-19)
(0.0220364 3.4549 -8.68996e-20)
(0.0269506 3.42922 -1.07165e-19)
(0.0311713 3.40679 1.18777e-19)
(0.0355725 3.39269 1.25259e-19)
(0.0396966 3.39419 -7.22036e-21)
(0.043976 3.39405 1.59709e-19)
(0.0389244 3.12434 0)
(-0.0120381 0.93479 -3.34594e-19)
(0.013115 2.25456 -8.59982e-23)
(0.000206801 3.34089 -8.2886e-20)
(0.00677971 3.42796 1.81647e-20)
(0.0130913 3.40434 0)
(0.0194877 3.38506 -1.39909e-19)
(0.0263771 3.37376 1.5108e-19)
(0.0332311 3.37666 1.52879e-19)
(0.040304 3.381 1.6565e-19)
(0.0397888 3.15048 -2.7233e-21)
(-0.0126134 0.984533 1.85471e-19)
(0.00613945 2.28763 -1.03681e-19)
(-0.0135458 3.33328 1.52701e-22)
(-0.00430843 3.40322 1.36924e-19)
(0.00358676 3.37974 1.38144e-19)
(0.0117065 3.36227 -9.78739e-21)
(0.0206844 3.35261 2.31909e-22)
(0.029874 3.35623 -1.69752e-19)
(0.0395294 3.36406 3.74907e-19)
(0.043387 3.17171 -1.86588e-19)
(-0.0120996 1.04372 -9.54451e-21)
(-0.00224466 2.34524 -6.23637e-23)
(-0.0238271 3.32785 0)
(-0.0136025 3.37824 -1.58252e-19)
(-0.00377716 3.35373 -1.04274e-20)
(0.00613668 3.33706 1.81334e-19)
(0.0171975 3.32826 0)
(0.0287477 3.33215 2.03852e-19)
(0.0411258 3.34272 0)
(0.049431 3.18824 2.14992e-19)
(-0.0100079 1.11972 0)
(-0.0125832 2.42263 -2.42922e-21)
(-0.033937 3.32062 3.24545e-19)
(-0.02247 3.35024 -1.7169e-19)
(-0.0103321 3.32429 -1.19356e-20)
(0.00179667 3.30786 1.24278e-20)
(0.015184 3.29954 -1.31455e-20)
(0.029303 3.30352 2.29988e-19)
(0.044704 3.31625 -6.63011e-23)
(0.057281 3.19918 -2.43146e-19)
(-0.00558625 1.21946 -2.41556e-19)
(-0.02701 2.51927 -1.85273e-19)
(-0.0452279 3.30727 -1.83653e-19)
(-0.0317367 3.31642 0)
(-0.0166217 3.28949 -2.38947e-19)
(-0.0016705 3.27331 1.42405e-20)
(0.0143926 3.26553 2.49434e-19)
(0.0311809 3.26972 -5.0576e-19)
(0.0496292 3.2841 -5.34109e-19)
(0.0660369 3.20334 -4.15537e-21)
(0.0016816 1.35032 -1.44375e-19)
(-0.0460899 2.63178 -9.457e-20)
(-0.0572185 3.28374 -7.01546e-21)
(-0.0408622 3.27505 -2.34853e-19)
(-0.0223901 3.24862 0)
(-0.00424123 3.23332 0)
(0.0145369 3.22641 1.24866e-19)
(0.0338673 3.23085 0)
(0.054818 3.24619 -1.43656e-19)
(0.0744362 3.19922 0)
(0.0116486 1.51815 1.60852e-19)
(-0.0674737 2.75399 3.78512e-21)
(-0.0675961 3.24807 -1.23456e-19)
(-0.0475681 3.22673 1.8144e-20)
(-0.0263384 3.20296 0)
(-0.00582303 3.18944 1.87563e-20)
(0.014659 3.18362 -1.9921e-19)
(0.0358303 3.18812 1.57206e-19)
(0.0584523 3.20328 -1.04102e-20)
(0.0803592 3.18511 5.45852e-21)
(0.0235398 1.72209 3.58216e-19)
(-0.085478 2.87446 -4.5047e-21)
(-0.0732489 3.20282 9.30793e-21)
(-0.0500801 3.17518 -1.60861e-19)
(-0.027544 3.1542 1.36831e-19)
(-0.00640857 3.14243 -1.42364e-19)
(0.0143739 3.13792 -1.91681e-19)
(0.0358476 3.14307 1.76465e-19)
(0.058471 3.1578 1.80592e-19)
(0.0819445 3.16186 -1.21669e-20)
(0.0353995 1.96167 1.9558e-19)
(-0.0932489 2.97848 5.12414e-21)
(-0.0728135 3.15237 1.63585e-19)
(-0.0498781 3.12129 2.19083e-20)
(-0.028093 3.1019 -1.16439e-19)
(-0.00654584 3.09161 1.04011e-22)
(0.0149638 3.08872 -2.43208e-20)
(0.0361991 3.09522 1.23393e-19)
(0.0567216 3.11103 1.30012e-20)
(0.0785004 3.13122 -1.33717e-20)
(0.0438261 2.23461 0)
(-0.0956011 3.04055 -9.03491e-20)
(-0.0712005 3.0923 -9.76575e-20)
(-0.049371 3.06276 -9.5668e-20)
(-0.0269752 3.04835 2.52724e-20)
(-0.00570972 3.0421 -1.27527e-19)
(0.0145568 3.04085 -8.99165e-23)
(0.0349646 3.04615 5.66057e-20)
(0.0555956 3.05941 -9.82075e-20)
(0.0794873 3.08815 -1.08257e-19)
(0.048466 2.52758 0)
(-0.0951186 3.03671 5.1099e-20)
(-0.0565665 3.02282 -1.35057e-20)
(-0.0312969 3.01229 -2.66945e-20)
(-0.0148156 3.00887 2.69649e-20)
(-0.00260038 3.00865 0)
(0.00875843 3.00763 -2.79427e-20)
(0.0207239 3.00941 0)
(0.0362801 3.01357 -7.76349e-20)
(0.0646701 3.02574 5.02628e-20)
(0.0493401 2.79242 -6.85327e-20)
(0.939328 -0.0855664 0)
(1.06142 -0.0844574 0)
(1.03123 -0.0589835 0)
(1.01436 -0.0382241 0)
(1.00659 -0.0234765 0)
(1.00322 -0.0141472 0)
(1.00168 -0.00848429 0)
(1.00095 -0.00488785 0)
(1.00061 -0.00238118 0)
(1.00048 -0.000324236 0)
(1.00051 0.00163174 0)
(1.00074 0.0038218 0)
(1.00123 0.00674435 0)
(1.00228 0.0111824 0)
(1.00453 0.0184217 0)
(1.0096 0.0302345 0)
(1.02114 0.0478773 0)
(1.0464 0.0726504 0)
(1.05536 0.0889257 0)
(0.533072 0.0342605 0)
(0.724084 -0.0308928 0)
(1.0925 -0.0587962 0)
(1.08849 -0.0532154 0)
(1.05261 -0.0433598 0)
(1.02958 -0.0339675 0)
(1.01615 -0.0245682 0)
(1.00898 -0.0164458 0)
(1.00524 -0.0100508 0)
(1.00339 -0.00503056 0)
(1.00269 -0.000654682 0)
(1.00288 0.00352601 0)
(1.00408 0.00806675 0)
(1.0067 0.0136151 0)
(1.01185 0.0207624 0)
(1.02167 0.0295616 0)
(1.03947 0.0390069 0)
(1.06847 0.0481208 0)
(1.10331 0.0581871 0)
(1.00598 0.0569627 0)
(0.263438 0.00535198 0)
(0.564956 -0.0100282 0)
(1.04901 -0.042062 0)
(1.10399 -0.0447406 0)
(1.07238 -0.0377564 0)
(1.0474 -0.0312079 0)
(1.03019 -0.0250724 0)
(1.01881 -0.0187755 0)
(1.01191 -0.012438 0)
(1.00815 -0.00649457 0)
(1.00657 -0.000785667 0)
(1.00702 0.00479641 0)
(1.00953 0.0104645 0)
(1.01464 0.0164922 0)
(1.02354 0.022718 0)
(1.03761 0.0287624 0)
(1.05834 0.0348896 0)
(1.08875 0.0418416 0)
(1.10283 0.046206 0)
(0.883464 0.0300892 0)
(0.191822 0.000800251 0)
(0.482279 -0.00517841 0)
(0.988448 -0.0296029 0)
(1.10573 -0.0376481 0)
(1.08302 -0.0340313 0)
(1.05715 -0.0288502 0)
(1.0396 -0.0234591 0)
(1.02739 -0.018106 0)
(1.01894 -0.0126052 0)
(1.01365 -0.00684644 0)
(1.01126 -0.000701655 0)
(1.01193 0.00546509 0)
(1.0156 0.0112441 0)
(1.02229 0.0166792 0)
(1.03241 0.0218691 0)
(1.04695 0.0270459 0)
(1.06814 0.0322138 0)
(1.09848 0.0370946 0)
(1.08381 0.036875 0)
(0.784126 0.0174199 0)
(0.163597 0.000569245 0)
(0.431416 -0.00340716 0)
(0.929659 -0.0215244 0)
(1.1014 -0.0316489 0)
(1.09228 -0.0299657 0)
(1.06497 -0.0258808 0)
(1.04648 -0.0215352 0)
(1.0338 -0.0168095 0)
(1.02499 -0.0117921 0)
(1.0192 -0.00639386 0)
(1.01641 -0.00039211 0)
(1.01714 0.005675 0)
(1.0212 0.011151 0)
(1.02826 0.0160875 0)
(1.03869 0.0206865 0)
(1.05386 0.0249767 0)
(1.0763 0.0289205 0)
(1.10316 0.0322952 0)
(1.05594 0.0296465 0)
(0.709864 0.0114697 0)
(0.146188 0.000418043 0)
(0.396265 -0.00241233 0)
(0.877982 -0.0159208 0)
(1.09159 -0.0266028 0)
(1.09905 -0.026349 0)
(1.07201 -0.0230458 0)
(1.05267 -0.0194663 0)
(1.03934 -0.0153621 0)
(1.03012 -0.0107081 0)
(1.02402 -0.00558532 0)
(1.02099 4.90387e-05 0)
(1.0217 0.00568193 0)
(1.0259 0.0107926 0)
(1.03321 0.0153503 0)
(1.0441 0.0193836 0)
(1.06 0.0228966 0)
(1.08324 0.0260122 0)
(1.10436 0.0282767 0)
(1.02421 0.0238518 0)
(0.654405 0.00814344 0)
(0.133991 0.00031429 0)
(0.371163 -0.001705 0)
(0.835213 -0.0116205 0)
(1.07833 -0.0217074 0)
(1.10298 -0.022464 0)
(1.07769 -0.0197116 0)
(1.058 -0.0166188 0)
(1.04427 -0.0131521 0)
(1.03462 -0.00919719 0)
(1.02827 -0.0046547 0)
(1.02513 0.000551349 0)
(1.02571 0.0058032 0)
(1.0299 0.0103403 0)
(1.03742 0.0141505 0)
(1.04868 0.0173947 0)
(1.06491 0.0202543 0)
(1.08847 0.0228557 0)
(1.10254 0.0242446 0)
(0.992413 0.0187815 0)
(0.612875 0.00587209 0)
(0.125075 0.000236941 0)
(0.353523 -0.00117436 0)
(0.80165 -0.00820046 0)
(1.0641 -0.0169928 0)
(1.10543 -0.0183631 0)
(1.08294 -0.0161333 0)
(1.06299 -0.013496 0)
(1.04917 -0.0106231 0)
(1.03936 -0.00732329 0)
(1.03273 -0.0034324 0)
(1.0293 0.00119461 0)
(1.02981 0.00583814 0)
(1.0341 0.00967284 0)
(1.0417 0.0127191 0)
(1.05294 0.0152186 0)
(1.06923 0.0174073 0)
(1.09288 0.0195289 0)
(1.09874 0.0201833 0)
(0.963346 0.014368 0)
(0.582193 0.00418288 0)
(0.118549 0.000185645 0)
(0.342011 -0.000691394 0)
(0.776791 -0.00514089 0)
(1.05005 -0.0123446 0)
(1.10659 -0.0144062 0)
(1.08693 -0.0130288 0)
(1.06639 -0.0111359 0)
(1.05238 -0.00878907 0)
(1.04273 -0.00581473 0)
(1.03627 -0.00219442 0)
(1.03283 0.00196715 0)
(1.0331 0.006023 0)
(1.03698 0.00942446 0)
(1.04417 0.0120381 0)
(1.05526 0.013966 0)
(1.07198 0.0153796 0)
(1.09552 0.0165334 0)
(1.09298 0.0161786 0)
(0.938196 0.0102566 0)
(0.560512 0.00271312 0)
(0.113892 0.000133742 0)
(0.336103 -0.000242349 0)
(0.760444 -0.00249835 0)
(1.03686 -0.00771935 0)
(1.10559 -0.0103232 0)
(1.08941 -0.00987635 0)
(1.06932 -0.00843153 0)
(1.05557 -0.00647646 0)
(1.04591 -0.00394567 0)
(1.03926 -0.000817303 0)
(1.03556 0.00286633 0)
(1.03564 0.00644348 0)
(1.03935 0.00920506 0)
(1.04641 0.0111471 0)
(1.05722 0.0124221 0)
(1.07345 0.013268 0)
(1.09565 0.0135612 0)
(1.08497 0.0120553 0)
(0.917797 0.00653135 0)
(0.546835 0.00151061 0)
(0.111088 6.79896e-05 0)
(0.33406 5.20108e-06 0)
(0.751121 -0.000999313 0)
(1.02627 -0.00434557 0)
(1.10343 -0.00656959 0)
(1.0911 -0.0064595 0)
(1.07169 -0.00542601 0)
(1.05838 -0.00386019 0)
(1.04908 -0.00179256 0)
(1.04261 0.000802836 0)
(1.03887 0.00395533 0)
(1.03854 0.00695365 0)
(1.04168 0.00902343 0)
(1.04804 0.0102093 0)
(1.05823 0.0107827 0)
(1.07408 0.010979 0)
(1.09418 0.0107017 0)
(1.07643 0.00890288 0)
(0.902645 0.00436404 0)
(0.538539 0.000947919 0)
(0.109628 3.04647e-05 0)
(0.333725 0.000100789 0)
(0.745769 -0.000408974 0)
(1.01892 -0.0027008 0)
(1.10175 -0.00426574 0)
(1.0922 -0.00404633 0)
(1.07342 -0.00300714 0)
(1.06023 -0.00157428 0)
(1.05099 0.000160244 0)
(1.04458 0.00244746 0)
(1.04071 0.00524088 0)
(1.03995 0.00779026 0)
(1.04251 0.00944016 0)
(1.04847 0.0101693 0)
(1.05831 0.0104452 0)
(1.07363 0.010186 0)
(1.09203 0.00948467 0)
(1.06881 0.00762092 0)
(0.890988 0.00373739 0)
(0.532283 0.000864761 0)
(0.108594 2.80406e-05 0)
(0.333983 0.000129113 0)
(0.74201 -0.00012351 0)
(1.01309 -0.00209038 0)
(1.10059 -0.00368219 0)
(1.09378 -0.00339864 0)
(1.07531 -0.00238647 0)
(1.06244 -0.000828165 0)
(1.05351 0.0012144 0)
(1.04725 0.00383571 0)
(1.0432 0.00675346 0)
(1.04193 0.00930103 0)
(1.0438 0.0109157 0)
(1.04898 0.0114721 0)
(1.05822 0.0112566 0)
(1.07275 0.0108938 0)
(1.08967 0.0100753 0)
(1.06134 0.00787007 0)
(0.880235 0.00378785 0)
(0.526276 0.000933025 0)
(0.107465 3.97758e-05 0)
(0.334888 0.000188798 0)
(0.739288 0.000271923 0)
(1.00684 -0.00145102 0)
(1.09829 -0.00381225 0)
(1.09477 -0.0043365 0)
(1.07734 -0.00336188 0)
(1.06495 -0.00137062 0)
(1.05633 0.00136017 0)
(1.04999 0.00476383 0)
(1.04554 0.00851499 0)
(1.04369 0.0117628 0)
(1.04489 0.0139 0)
(1.04915 0.0148774 0)
(1.05763 0.0148898 0)
(1.07147 0.0139428 0)
(1.08597 0.0123269 0)
(1.05175 0.0086252 0)
(0.868953 0.0038461 0)
(0.520142 0.0010055 0)
(0.106091 5.45662e-05 0)
(0.336697 0.000290657 0)
(0.738384 0.000897659 0)
(1.00046 -0.000173081 0)
(1.09347 -0.00292426 0)
(1.09465 -0.00454199 0)
(1.07949 -0.00382081 0)
(1.06831 -0.0015491 0)
(1.06014 0.00182576 0)
(1.05373 0.0059999 0)
(1.04876 0.0107343 0)
(1.04621 0.0147848 0)
(1.04655 0.0174748 0)
(1.04997 0.0186677 0)
(1.05687 0.0185291 0)
(1.06893 0.0172129 0)
(1.07882 0.0140656 0)
(1.03905 0.00869826 0)
(0.857571 0.00368553 0)
(0.514098 0.00105121 0)
(0.104503 6.45447e-05 0)
(0.339769 0.000430342 0)
(0.739804 0.00159017 0)
(0.995732 0.00159583 0)
(1.08735 -0.000518294 0)
(1.09334 -0.00259586 0)
(1.08159 -0.00211187 0)
(1.07214 0.00029069 0)
(1.06452 0.00395172 0)
(1.05804 0.00852781 0)
(1.05247 0.0136784 0)
(1.049 0.0178887 0)
(1.0483 0.0205099 0)
(1.05041 0.0214112 0)
(1.05555 0.0206766 0)
(1.06437 0.018458 0)
(1.06869 0.0139662 0)
(1.02517 0.00811765 0)
(0.847074 0.00355804 0)
(0.508124 0.00113754 0)
(0.102728 7.3815e-05 0)
(0.344252 0.000596747 0)
(0.744175 0.00247355 0)
(0.994549 0.00363672 0)
(1.08269 0.00296515 0)
(1.09141 0.00185643 0)
(1.08392 0.00244909 0)
(1.07621 0.00469215 0)
(1.06908 0.00827979 0)
(1.06247 0.0127802 0)
(1.05611 0.0175687 0)
(1.05147 0.0211235 0)
(1.04959 0.0228495 0)
(1.05002 0.0228042 0)
(1.05324 0.021195 0)
(1.05794 0.0178561 0)
(1.05757 0.0129574 0)
(1.01242 0.00762954 0)
(0.837633 0.0037268 0)
(0.501816 0.00131016 0)
(0.100709 8.60219e-05 0)
(0.350306 0.000783955 0)
(0.751188 0.00337349 0)
(0.997237 0.00564535 0)
(1.08142 0.00666055 0)
(1.09131 0.00704055 0)
(1.08652 0.00830584 0)
(1.08025 0.0107297 0)
(1.07356 0.0142993 0)
(1.06661 0.0185113 0)
(1.0592 0.0225168 0)
(1.05308 0.0249297 0)
(1.04973 0.0253332 0)
(1.0484 0.0239398 0)
(1.04914 0.0210849 0)
(1.05077 0.0171149 0)
(1.0472 0.0123538 0)
(1.00148 0.00775795 0)
(0.828601 0.00424271 0)
(0.494621 0.00156675 0)
(0.0983142 0.000101807 0)
(0.358122 0.000992889 0)
(0.76085 0.00428999 0)
(1.0035 0.00770247 0)
(1.08387 0.010235 0)
(1.09361 0.0122365 0)
(1.09009 0.01455 0)
(1.08463 0.0176119 0)
(1.07799 0.0214128 0)
(1.07029 0.0254138 0)
(1.06147 0.0286166 0)
(1.05358 0.0297146 0)
(1.04849 0.0285462 0)
(1.04527 0.0258266 0)
(1.04393 0.0219731 0)
(1.04338 0.0175065 0)
(1.03782 0.0128564 0)
(0.991591 0.00865634 0)
(0.818877 0.00510232 0)
(0.485971 0.00192455 0)
(0.0954027 0.000123693 0)
(0.368176 0.00128544 0)
(0.773633 0.0055163 0)
(1.01324 0.0100832 0)
(1.08965 0.0141354 0)
(1.09858 0.0176957 0)
(1.09528 0.0212659 0)
(1.08978 0.0252489 0)
(1.08254 0.0295489 0)
(1.07358 0.0335597 0)
(1.06291 0.0361257 0)
(1.05284 0.0359727 0)
(1.04581 0.0332681 0)
(1.04079 0.0291917 0)
(1.03775 0.0244262 0)
(1.03564 0.0193906 0)
(1.02874 0.014534 0)
(0.981533 0.0102231 0)
(0.807641 0.00623368 0)
(0.475343 0.00236418 0)
(0.0918224 0.000149113 0)
(0.381273 0.00166643 0)
(0.790337 0.00708633 0)
(1.02659 0.0130523 0)
(1.09869 0.0187183 0)
(1.10626 0.0239078 0)
(1.1024 0.0288632 0)
(1.09607 0.0340008 0)
(1.08754 0.0390972 0)
(1.07669 0.0433427 0)
(1.0636 0.0454029 0)
(1.05098 0.0440439 0)
(1.04168 0.0399148 0)
(1.03493 0.0344586 0)
(1.03042 0.028607 0)
(1.0271 0.0227549 0)
(1.01905 0.0172991 0)
(0.970175 0.0124138 0)
(0.794046 0.00765953 0)
(0.462202 0.00289468 0)
(0.087432 0.000178594 0)
(0.398598 0.00219119 0)
(0.812253 0.00914965 0)
(1.04419 0.0169529 0)
(1.11118 0.024586 0)
(1.11689 0.0315975 0)
(1.11181 0.0381317 0)
(1.1039 0.0446668 0)
(1.09327 0.0507421 0)
(1.07978 0.0553099 0)
(1.06362 0.0568575 0)
(1.04798 0.0541982 0)
(1.03614 0.0485314 0)
(1.02757 0.0416214 0)
(1.02166 0.034478 0)
(1.01722 0.0275247 0)
(1.0079 0.0210926 0)
(0.956565 0.015214 0)
(0.777258 0.00934184 0)
(0.445899 0.00353074 0)
(0.0820308 0.000213236 0)
(0.422179 0.00296931 0)
(0.841556 0.0120286 0)
(1.06727 0.0224831 0)
(1.12772 0.0326471 0)
(1.13089 0.0417925 0)
(1.12382 0.0501542 0)
(1.11342 0.0582652 0)
(1.09975 0.0653467 0)
(1.08276 0.0701332 0)
(1.06283 0.0709484 0)
(1.0437 0.0667357 0)
(1.02908 0.0593061 0)
(1.01853 0.0507385 0)
(1.01111 0.0420686 0)
(1.00549 0.0337336 0)
(0.994596 0.0259886 0)
(0.939816 0.0187574 0)
(0.755828 0.0114395 0)
(0.425418 0.00429547 0)
(0.0754634 0.00025515 0)
(0.455572 0.00415225 0)
(0.881521 0.0162601 0)
(1.09763 0.0306935 0)
(1.14941 0.0442453 0)
(1.14887 0.0559519 0)
(1.13859 0.0664128 0)
(1.12452 0.0761104 0)
(1.10673 0.0839718 0)
(1.08535 0.0885611 0)
(1.06094 0.0881447 0)
(1.03789 0.0819529 0)
(1.02027 0.0724475 0)
(1.00753 0.0619674 0)
(0.998446 0.0515355 0)
(0.99146 0.0415619 0)
(0.978483 0.0321859 0)
(0.918985 0.0231937 0)
(0.728622 0.0140072 0)
(0.399764 0.00519029 0)
(0.0674842 0.000298254 0)
(0.50591 0.00603655 0)
(0.937333 0.0233589 0)
(1.13801 0.0440457 0)
(1.17754 0.062013 0)
(1.17124 0.076523 0)
(1.15605 0.089038 0)
(1.13681 0.0998382 0)
(1.1137 0.10774 0)
(1.08706 0.111303 0)
(1.05757 0.108864 0)
(1.03026 0.100102 0)
(1.00945 0.0881536 0)
(0.994342 0.0755247 0)
(0.983383 0.0631573 0)
(0.974746 0.0513632 0)
(0.958965 0.0400916 0)
(0.892947 0.0288489 0)
(0.693904 0.0171381 0)
(0.367187 0.00616337 0)
(0.057739 0.000340056 0)
(0.591691 0.0102835 0)
(1.02231 0.0395358 -1.01693e-34)
(1.19182 0.0691046 0)
(1.21258 0.0912176 0)
(1.19727 0.107536 -2.26938e-35)
(1.17508 0.120779 -9.94622e-36)
(1.14913 0.131173 0)
(1.11968 0.137651 0)
(1.08715 0.138909 -9.6015e-35)
(1.05225 0.133384 0)
(1.02053 0.121335 0)
(0.996459 0.10656 0)
(0.978849 0.091606 0)
(0.965838 0.0772466 0)
(0.955235 0.0635879 0)
(0.935602 0.0502445 0)
(0.859518 0.0363701 0)
(0.648246 0.0212292 0)
(0.324333 0.00705194 0)
(0.0453193 0.000328345 0)
(0.670935 0.0355133 2.05956e-20)
(1.10485 0.0773086 5.54904e-21)
(1.24319 0.111479 3.76632e-21)
(1.24772 0.133866 0)
(1.22266 0.149449 1.63094e-21)
(1.19287 0.161971 6.6064e-25)
(1.15983 0.171089 -1.03827e-21)
(1.12363 0.175767 1.97968e-21)
(1.08461 0.174671 3.20723e-21)
(1.04337 0.166216 -6.0654e-21)
(1.00604 0.151097 -8.12843e-21)
(0.977388 0.133716 1.01156e-20)
(0.955916 0.11665 1.85193e-20)
(0.939512 0.100521 -7.95448e-21)
(0.925566 0.0851826 2.35287e-20)
(0.89994 0.0695144 2.82546e-21)
(0.810294 0.052354 -3.48752e-20)
(0.591788 0.0328252 3.07751e-20)
(0.284842 0.0126066 -7.38514e-21)
(0.0372662 0.00137205 4.91053e-20)
(0.70067 0.0689845 5.38036e-20)
(1.15618 0.133413 -4.95424e-20)
(1.28253 0.168239 0)
(1.27679 0.1881 -1.0921e-20)
(1.24407 0.200595 -2.14595e-20)
(1.20724 0.21061 0)
(1.16741 0.217281 -1.89966e-21)
(1.12466 0.219419 1.11852e-20)
(1.0792 0.215651 0)
(1.03151 0.204345 -1.50371e-20)
(0.98833 0.186584 -3.42052e-20)
(0.954846 0.167208 -2.28592e-20)
(0.929283 0.148773 1.50435e-20)
(0.909186 0.131809 -3.7041e-20)
(0.891803 0.11609 0)
(0.863566 0.0999417 -9.52723e-20)
(0.775352 0.0804255 1.28152e-19)
(0.569365 0.053589 -1.52935e-19)
(0.281445 0.0251213 1.8143e-19)
(0.0404856 0.00367006 4.21473e-19)
(0.703148 0.107416 9.8465e-21)
(1.18254 0.195171 1.50007e-20)
(1.30833 0.233316 0)
(1.29748 0.249454 1.75107e-21)
(1.25935 0.258056 1.74912e-20)
(1.21692 0.264377 -3.63273e-21)
(1.17136 0.267576 0)
(1.12285 0.266359 5.07999e-21)
(1.07163 0.259298 1.06314e-20)
(1.0181 0.244771 0)
(0.969654 0.224358 3.53992e-20)
(0.93198 0.203236 1.28512e-19)
(0.903014 0.183851 3.28637e-20)
(0.880047 0.166573 0)
(0.860339 0.150985 2.47248e-20)
(0.831855 0.134915 -2.29663e-19)
(0.750767 0.113247 -4.96639e-22)
(0.563799 0.0804304 0)
(0.294094 0.0417231 1.31966e-20)
(0.0472947 0.00689189 1.52926e-20)
(0.693491 0.143608 2.50924e-20)
(1.19324 0.257432 -1.55653e-19)
(1.32279 0.300581 -2.3245e-19)
(1.30974 0.313543 5.10296e-20)
(1.26804 0.318333 0)
(1.22149 0.320748 9.90732e-21)
(1.17144 0.320138 8.00942e-21)
(1.11816 0.315236 -1.11371e-20)
(1.06205 0.304571 5.51251e-20)
(1.00353 0.286589 -3.57421e-20)
(0.950609 0.263368 0)
(0.909561 0.240497 1.1083e-19)
(0.878086 0.220243 0)
(0.8532 0.202711 -4.4961e-20)
(0.832145 0.187362 -1.10625e-19)
(0.804404 0.171682 0)
(0.731236 0.148943 1.43861e-19)
(0.56279 0.111481 -2.21818e-19)
(0.307595 0.0608106 -4.68627e-19)
(0.0535109 0.0107293 2.87072e-19)
(0.679813 0.176527 -2.4648e-19)
(1.19365 0.317802 5.00321e-20)
(1.32889 0.367382 0)
(1.3151 0.377795 1.10237e-20)
(1.27092 0.379062 1.12228e-19)
(1.22133 0.377712 0)
(1.16782 0.37336 -4.36884e-21)
(1.11071 0.364756 -7.37198e-21)
(1.0505 0.350445 0)
(0.987803 0.328881 -7.05105e-20)
(0.931198 0.302694 9.11021e-20)
(0.887572 0.277871 -5.95626e-20)
(0.854439 0.256533 1.58527e-19)
(0.82846 0.238557 4.98058e-20)
(0.806814 0.223296 9.02582e-22)
(0.780315 0.208001 -3.75254e-20)
(0.714252 0.184296 -1.81644e-19)
(0.559335 0.141918 0)
(0.31386 0.0791233 -1.06027e-18)
(0.0566067 0.0143465 -3.8473e-23)
(0.665428 0.206723 -5.82952e-19)
(1.18768 0.375097 1.08311e-20)
(1.32879 0.432093 -3.74132e-19)
(1.31515 0.440858 0)
(1.26924 0.438881 -7.38817e-20)
(1.21732 0.434034 3.45069e-20)
(1.16104 0.426156 0)
(1.10082 0.413973 -1.04793e-21)
(1.03717 0.396081 1.66236e-20)
(0.970874 0.370904 0)
(0.911278 0.341578 -4.5925e-20)
(0.865597 0.314516 1.32684e-19)
(0.831261 0.291738 8.55799e-20)
(0.804679 0.272938 -5.66368e-20)
(0.782994 0.257292 0)
(0.757913 0.241883 3.02674e-21)
(0.697327 0.2171 1.49236e-19)
(0.551393 0.169273 -2.96677e-20)
(0.312711 0.0951625 5.26438e-19)
(0.0571535 0.0173536 6.51709e-19)
(0.65213 0.23465 3.77869e-19)
(1.17797 0.429072 -6.52292e-20)
(1.32426 0.494099 9.90932e-20)
(1.31116 0.501855 2.88605e-21)
(1.26402 0.496981 -3.9608e-20)
(1.21026 0.488974 9.45831e-20)
(1.15176 0.477821 0)
(1.08893 0.462281 4.20486e-21)
(1.02234 0.44093 -3.2581e-20)
(0.952877 0.412164 8.06593e-20)
(0.890576 0.379561 1.64493e-19)
(0.843175 0.349988 -7.68837e-20)
(0.808046 0.325366 -1.02442e-21)
(0.781276 0.305285 -1.19973e-19)
(0.759849 0.288787 -7.47519e-20)
(0.736019 0.272799 0)
(0.67951 0.246546 -5.44653e-20)
(0.539537 0.193097 -6.54294e-20)
(0.30637 0.108628 0)
(0.0560454 0.0197251 -6.88934e-19)
(0.640605 0.261016 9.51129e-20)
(1.16616 0.479762 3.71597e-19)
(1.31658 0.553074 1.13666e-19)
(1.30422 0.560252 1.56861e-20)
(1.25614 0.552892 -1.81711e-19)
(1.20093 0.542072 5.86695e-20)
(1.14059 0.527941 4.14615e-20)
(1.07553 0.509293 -2.43948e-22)
(1.00635 0.484677 6.34271e-20)
(0.934037 0.452413 8.60366e-20)
(0.86934 0.416432 -6.17721e-20)
(0.820514 0.384087 -8.46991e-20)
(0.784731 0.357305 0)
(0.757852 0.33555 0)
(0.736706 0.317832 -7.95067e-20)
(0.713949 0.30077 1.99376e-19)
(0.660327 0.272644 1.22143e-19)
(0.524489 0.213441 2.11479e-19)
(0.296369 0.119507 4.20061e-20)
(0.0537482 0.021404 4.81182e-20)
(0.630494 0.285844 -4.3862e-19)
(1.15345 0.527413 0)
(1.30678 0.608878 0)
(1.29511 0.615835 -2.71918e-19)
(1.24628 0.606348 -1.12568e-19)
(1.1899 0.593036 6.06185e-20)
(1.12804 0.576234 -1.92342e-20)
(1.06108 0.554764 -6.0282e-21)
(0.989595 0.527132 -5.27838e-20)
(0.914717 0.49151 -5.18309e-20)
(0.847724 0.4521 3.16791e-19)
(0.797445 0.416751 -1.83043e-19)
(0.760952 0.387527 0)
(0.733971 0.363744 -1.4097e-19)
(0.713154 0.344418 -8.89421e-20)
(0.691315 0.326003 -1.76182e-21)
(0.639678 0.29549 4.55157e-19)
(0.506881 0.230308 3.85283e-19)
(0.283785 0.127745 4.5713e-20)
(0.0506158 0.0224167 -3.68022e-19)
(0.622216 0.309847 1.21872e-19)
(1.14061 0.572367 -9.86865e-20)
(1.29555 0.661577 -4.24549e-19)
(1.28447 0.66855 9.78038e-20)
(1.23502 0.657211 1.24678e-19)
(1.1777 0.641697 6.55247e-20)
(1.11457 0.62253 0)
(1.04596 0.598534 8.85152e-21)
(0.972394 0.568155 -1.71415e-20)
(0.894982 0.529392 9.53603e-20)
(0.82563 0.486584 0)
(0.773898 0.448062 0)
(0.736722 0.416097 1.23676e-19)
(0.709581 0.389953 1.53564e-19)
(0.689073 0.368686 -3.85736e-19)
(0.667927 0.348543 -5.86903e-19)
(0.617503 0.315229 0)
(0.486855 0.243961 -8.39968e-20)
(0.26922 0.133462 0)
(0.0468847 0.0228075 -5.71372e-20)
(0.615229 0.33288 -4.11131e-19)
(1.12784 0.614658 1.14283e-19)
(1.2835 0.711252 3.24977e-19)
(1.2728 0.718412 0)
(1.22283 0.70544 0)
(1.16473 0.687983 -7.64078e-20)
(1.10052 0.666725 -4.55319e-21)
(1.03044 0.640499 8.61611e-22)
(0.954913 0.607676 9.20959e-21)
(0.875016 0.566022 4.29929e-19)
(0.803246 0.519951 -2.88084e-19)
(0.749863 0.478201 9.79979e-20)
(0.711931 0.443252 -1.38512e-19)
(0.68452 0.414477 5.08002e-19)
(0.664199 0.390948 3.17557e-19)
(0.643516 0.368694 1.27503e-19)
(0.593666 0.332106 0)
(0.464505 0.254688 2.75326e-19)
(0.252967 0.13666 -5.39458e-20)
(0.0426146 0.0225186 4.38001e-19)
(0.609448 0.355042 -1.56225e-19)
(1.11546 0.654587 2.49017e-19)
(1.27107 0.757919 1.18895e-20)
(1.26043 0.765479 1.28644e-19)
(1.21005 0.75104 -1.67347e-19)
(1.15132 0.731871 -8.84903e-20)
(1.08619 0.708792 0)
(1.01479 0.680619 1.82591e-20)
(0.937444 0.645666 -5.1684e-20)
(0.855121 0.601451 0)
(0.780741 0.552292 -3.84073e-19)
(0.725347 0.507261 -1.05577e-19)
(0.686354 0.469101 2.92004e-19)
(0.658608 0.437421 0)
(0.63838 0.411341 0)
(0.617978 0.386605 1.40555e-19)
(0.56818 0.346193 -4.22868e-19)
(0.439958 0.262208 -4.02485e-19)
(0.235036 0.137339 -5.91912e-19)
(0.0379338 0.0216183 0)
(0.604307 0.376247 -5.15293e-19)
(1.10369 0.69239 2.67817e-19)
(1.25838 0.801838 2.06029e-19)
(1.24769 0.809803 1.24754e-20)
(1.197 0.794061 -1.01323e-19)
(1.13777 0.773394 -3.30207e-19)
(1.07184 0.748736 1.13908e-19)
(0.999278 0.718897 6.78654e-20)
(0.920235 0.682134 -3.99587e-20)
(0.835466 0.635706 2.17873e-19)
(0.758269 0.58374 3.72164e-19)
(0.700533 0.535456 -2.95988e-19)
(0.660044 0.4939 -2.39686e-19)
(0.631755 0.458972 2.00987e-19)
(0.611503 0.430052 2.48937e-19)
(0.591203 0.40244 1.53432e-19)
(0.541008 0.35763 -3.69928e-19)
(0.413155 0.26658 0)
(0.21483 0.135516 -5.16619e-19)
(0.032889 0.0201018 1.48887e-19)
(0.600032 0.396694 7.63809e-19)
(1.09243 0.728078 0)
(1.24564 0.843123 -4.53642e-21)
(1.23482 0.851473 -1.6644e-19)
(1.18388 0.834565 2.13051e-19)
(1.12425 0.812587 -1.91343e-19)
(1.05766 0.786577 0)
(0.984087 0.755333 0)
(0.903442 0.717075 -3.2942e-20)
(0.816232 0.668821 4.41837e-19)
(0.736021 0.614398 3.47488e-19)
(0.675558 0.563018 -6.0722e-20)
(0.633172 0.517995 8.31827e-20)
(0.60394 0.479538 2.18661e-19)
(0.583466 0.447342 0)
(0.56308 0.416355 9.99279e-19)
(0.512029 0.366347 6.01728e-19)
(0.384178 0.267629 4.81188e-19)
(0.193007 0.13094 0)
(0.0274448 0.0178982 -8.0848e-20)
(0.596306 0.41635 2.11196e-19)
(1.08142 0.76199 3.41805e-19)
(1.233 0.881894 -2.39353e-19)
(1.222 0.890585 -3.57754e-21)
(1.17087 0.872632 1.14302e-19)
(1.11094 0.849514 2.83974e-19)
(1.04381 0.822351 -3.31682e-20)
(0.969337 0.789946 2.70305e-20)
(0.887217 0.750501 -1.61767e-20)
(0.797612 0.700825 2.2725e-19)
(0.714191 0.644368 0)
(0.650556 0.590153 2.74534e-19)
(0.605795 0.541658 1.86804e-19)
(0.575163 0.499361 -2.39462e-19)
(0.554168 0.463387 -3.00062e-19)
(0.533462 0.428367 -1.80109e-19)
(0.481089 0.372157 4.41241e-19)
(0.353208 0.265143 -2.62397e-19)
(0.170083 0.123677 7.83427e-20)
(0.0218574 0.0151376 -8.91373e-20)
(0.592842 0.435339 3.26899e-21)
(1.07098 0.793971 -3.67277e-19)
(1.22062 0.91829 2.76513e-19)
(1.20935 0.927253 0)
(1.1581 0.908355 1.21759e-19)
(1.09795 0.88425 -3.30785e-19)
(1.03039 0.856106 1.22597e-19)
(0.955153 0.822763 -1.47099e-19)
(0.871683 0.782421 7.16201e-21)
(0.779743 0.731732 2.08373e-19)
(0.692964 0.673716 -3.84118e-19)
(0.625746 0.617049 0)
(0.577965 0.565217 -4.00633e-19)
(0.545332 0.518792 3.9005e-19)
(0.523367 0.478369 3.25453e-19)
(0.502096 0.438399 -1.97547e-19)
(0.448044 0.374772 0)
(0.320148 0.258753 -4.27903e-19)
(0.146082 0.113744 1.68948e-19)
(0.0163289 0.012008 0)
(0.589532 0.453377 -2.58644e-19)
(1.06104 0.824062 -4.16452e-19)
(1.20852 0.952397 -3.05572e-19)
(1.19697 0.961587 -8.77718e-19)
(1.14565 0.941839 2.84901e-21)
(1.08537 0.916863 -8.53385e-20)
(1.01748 0.887908 2.49911e-19)
(0.941609 0.853826 -1.5262e-19)
(0.856924 0.812851 6.6038e-21)
(0.762748 0.761544 1.04387e-20)
(0.672526 0.702492 -4.3783e-19)
(0.601358 0.643864 2.28728e-19)
(0.549912 0.589002 0)
(0.514455 0.538317 1.37507e-19)
(0.490741 0.492598 1.79056e-19)
(0.468539 0.446154 -4.33812e-19)
(0.412782 0.373419 -2.65938e-19)
(0.285401 0.247885 0)
(0.121821 0.101244 -1.82387e-19)
(0.0110507 0.00862412 0)
(0.586284 0.470377 0)
(1.0515 0.852381 6.7414e-19)
(1.19677 0.98432 -6.7881e-19)
(1.18493 0.993708 -1.16761e-19)
(1.13358 0.973181 1.7512e-19)
(1.07325 0.947449 -4.07069e-19)
(1.00513 0.917816 -1.1864e-19)
(0.928744 0.88317 2.32194e-19)
(0.842992 0.841811 -6.09161e-21)
(0.746709 0.790251 5.95657e-21)
(0.653034 0.730706 -8.19641e-19)
(0.577615 0.670677 0)
(0.521884 0.613308 -4.58276e-19)
(0.482624 0.558538 -3.02794e-19)
(0.455849 0.506633 1.88251e-19)
(0.431745 0.451273 0)
(0.374836 0.366481 0)
(0.250388 0.231222 0)
(0.0995761 0.0865134 -7.96798e-19)
(0.00663911 0.00543326 4.58486e-19)
(0.583268 0.486759 0)
(1.04233 0.878911 -7.4834e-19)
(1.18544 1.01422 -1.91414e-19)
(1.17327 1.02374 4.01366e-19)
(1.12195 1.00249 9.51884e-20)
(1.06164 0.976095 3.93881e-19)
(0.993363 0.945911 2.06794e-19)
(0.916587 0.910858 -4.67693e-19)
(0.829908 0.869318 0)
(0.731674 0.817836 -1.96227e-19)
(0.634619 0.758343 4.14819e-19)
(0.554743 0.697532 -4.57722e-20)
(0.494203 0.638338 1.27097e-19)
(0.450144 0.580153 -1.67097e-19)
(0.418258 0.521557 -2.02581e-19)
(0.389801 0.453906 0)
(0.332254 0.351273 -3.14661e-19)
(0.217228 0.204085 -1.84109e-19)
(0.0863836 0.0660493 0)
(0.00691228 0.00242409 -1.24794e-19)
(0.579975 0.501863 3.38203e-19)
(1.03357 0.903702 0)
(1.17449 1.04218 -4.07758e-19)
(1.16203 1.05178 4.29783e-19)
(1.11076 1.02986 -4.9147e-19)
(1.05054 1.00289 -5.0598e-19)
(0.98217 0.972259 2.57128e-19)
(0.905119 0.93693 2.9588e-19)
(0.817657 0.895392 1.64963e-21)
(0.71766 0.844281 2.23295e-19)
(0.617374 0.78535 4.2294e-19)
(0.53294 0.724433 -3.52985e-19)
(0.467251 0.664139 -9.5876e-19)
(0.417685 0.603805 0)
(0.378045 0.539021 -3.3797e-19)
(0.339967 0.455631 0)
(0.279501 0.326287 -2.00419e-21)
(0.183198 0.15507 -2.06279e-19)
(0.100062 0.0106363 -2.36812e-19)
(0.0380061 0.00823843 -1.31316e-19)
(0.576914 0.516275 -1.62744e-21)
(1.02517 0.927078 -5.9634e-19)
(1.16388 1.0686 2.25988e-19)
(1.15106 1.07837 6.36691e-19)
(1.09982 1.05594 4.26463e-19)
(1.03966 1.02858 5.56844e-19)
(0.971194 0.997749 2.80682e-19)
(0.893883 0.962421 3.22946e-20)
(0.805665 0.921236 9.30292e-20)
(0.703914 0.870971 1.78573e-19)
(0.600332 0.813322 -2.09347e-20)
(0.510975 0.753244 -4.55513e-20)
(0.439456 0.692589 -4.31065e-19)
(0.383995 0.631922 1.72753e-19)
(0.333415 0.563013 -4.36706e-19)
(0.275074 0.45993 0)
(0.203921 0.294745 0)
(0.0912466 0.15967 0)
(-0.0228962 0.500641 4.50133e-19)
(0.0196369 1.73509 2.84501e-19)
(0.573874 0.529893 1.99703e-19)
(1.01709 0.949105 -3.07662e-19)
(1.15358 1.09354 -7.10884e-19)
(1.14038 1.10353 -6.77983e-19)
(1.08915 1.08075 -3.50497e-19)
(1.02903 1.05318 1.11669e-18)
(0.960487 1.02239 3.07449e-19)
(0.882923 0.987309 0)
(0.794031 0.946792 -1.76088e-20)
(0.690611 0.897848 -1.14135e-19)
(0.583757 0.842154 -3.62967e-19)
(0.489303 0.784118 -4.42794e-20)
(0.411163 0.723703 -4.78882e-19)
(0.350338 0.664488 4.18546e-19)
(0.28777 0.596275 4.34197e-19)
(0.196508 0.466884 0)
(0.0869871 0.419756 0)
(0.0606514 1.32335 1.95226e-19)
(0.100867 2.68715 -4.38287e-19)
(0.118514 3.20492 1.28534e-19)
(0.57135 0.543509 -4.3192e-19)
(1.00964 0.969859 6.88985e-19)
(1.14349 1.11704 -1.31596e-19)
(1.12988 1.1272 0)
(1.07859 1.10417 -6.25535e-19)
(1.01849 1.07655 9.30981e-21)
(0.950001 1.04612 3.87155e-19)
(0.872164 1.01145 2.09382e-20)
(0.782674 0.971845 1.29587e-19)
(0.677722 0.924659 9.80893e-20)
(0.567763 0.871555 -3.32847e-19)
(0.46832 0.816876 -3.15902e-19)
(0.382745 0.757352 0)
(0.318661 0.699993 3.24155e-19)
(0.248449 0.633398 4.19735e-19)
(0.12092 0.627608 -2.52909e-19)
(0.11577 1.6712 0)
(0.17447 3.01122 -3.424e-19)
(0.164494 3.3545 0)
(0.150373 3.42843 6.56498e-20)
(0.569525 0.561165 1.78675e-21)
(1.00383 0.989551 -4.93697e-21)
(1.13339 1.139 5.47079e-19)
(1.11949 1.14934 7.87587e-19)
(1.0679 1.12614 -6.71677e-19)
(1.00791 1.09873 -1.23224e-20)
(0.939459 1.0689 -3.71332e-19)
(0.861474 1.03484 -5.36919e-20)
(0.771458 0.996452 -1.45314e-19)
(0.665111 0.951518 -7.02201e-20)
(0.552194 0.901757 -2.94299e-19)
(0.447935 0.851573 3.2282e-19)
(0.353902 0.795056 5.92369e-20)
(0.289417 0.738216 0)
(0.214843 0.79561 2.56135e-21)
(0.160199 1.49406 0)
(0.213961 3.06618 2.97987e-19)
(0.218773 3.39035 4.03797e-19)
(0.198832 3.45409 -9.06526e-20)
(0.173235 3.46776 -1.80964e-19)
(0.965995 1.10526 0)
(0.893135 1.07325 3.32016e-19)
(0.809541 1.03814 -2.70249e-19)
(0.711657 0.998716 0)
(0.599111 0.954503 1.53068e-19)
(0.485481 0.909081 -2.20736e-19)
(0.38108 0.865812 0)
(0.19378 3.50414 0)
(0.541878 0.546988 5.04707e-19)
(0.830495 0.855191 7.6028e-19)
(1.08648 1.13684 -6.35121e-19)
(1.11663 1.19272 -1.03993e-18)
(1.07678 1.18023 4.85061e-19)
(1.02125 1.15501 -1.03888e-19)
(0.957639 1.12686 6.137e-19)
(0.885129 1.09592 6.48952e-19)
(0.801672 1.0621 2.26695e-20)
(0.703648 1.02493 3.77929e-19)
(0.589927 0.984272 -2.03981e-19)
(0.473466 0.943517 1.77284e-19)
(0.364094 0.906143 -6.23135e-21)
(0.265494 0.886582 -1.8579e-19)
(0.232956 1.40783 0)
(0.308176 2.99464 1.70103e-19)
(0.34096 3.4485 1.41841e-20)
(0.311097 3.51036 -6.99819e-20)
(0.269072 3.52903 -4.22357e-20)
(0.545769 0.565313 0)
(0.824646 0.869644 5.91675e-19)
(1.07674 1.15519 1.50252e-19)
(1.10618 1.21294 1.09246e-19)
(1.06608 1.20085 0)
(1.01071 1.17561 2.16169e-19)
(0.947429 1.14773 6.24501e-19)
(0.875003 1.11738 4.45381e-20)
(0.791702 1.08463 3.6434e-19)
(0.693565 1.04949 -4.83431e-19)
(0.579125 1.01258 0)
(0.460982 0.977609 1.40239e-19)
(0.349574 0.948119 -2.58056e-19)
(0.273197 1.03491 0)
(0.323664 2.15038 4.18095e-19)
(0.414103 3.35237 8.84443e-20)
(0.392356 3.52763 7.42356e-21)
(0.352285 3.57257 1.32736e-19)
(0.300583 3.59581 7.52485e-20)
(0.547157 0.584165 4.7309e-19)
(0.817028 0.884719 0)
(1.06679 1.17585 6.00026e-19)
(1.09596 1.23537 1.0874e-18)
(1.0558 1.22355 1.71402e-19)
(1.00064 1.19819 -1.0244e-19)
(0.937561 1.17031 -7.01529e-19)
(0.865461 1.14035 -6.79351e-19)
(0.782568 1.10861 2.5079e-20)
(0.684697 1.07552 -3.15279e-19)
(0.570274 1.04264 -3.19452e-20)
(0.451748 1.01406 -1.02386e-19)
(0.343098 0.99942 -2.32991e-19)
(0.313929 1.32418 3.78011e-20)
(0.430276 2.89682 1.50154e-19)
(0.49762 3.49324 -6.74909e-21)
(0.440669 3.57462 1.70206e-19)
(0.394942 3.63085 1.55781e-19)
(0.344091 3.69638 -1.53457e-19)
(0.54465 0.60123 2.34064e-19)
(0.807449 0.900751 -5.5668e-19)
(1.05556 1.19784 -2.96086e-19)
(1.08458 1.25885 -8.63649e-19)
(1.04447 1.24696 1.4879e-19)
(0.989673 1.22137 -8.5614e-19)
(0.927078 1.1935 1.39863e-19)
(0.85566 1.16393 7.80841e-19)
(0.773499 1.1332 0)
(0.676347 1.10218 -2.98023e-19)
(0.562518 1.07337 0)
(0.444555 1.05122 -5.46566e-20)
(0.346061 1.06912 0)
(0.383033 1.75915 1.78155e-19)
(0.530323 3.29086 -2.51653e-20)
(0.56289 3.56166 2.16296e-19)
(0.505065 3.62067 -2.35911e-19)
(0.451109 3.70198 -4.28237e-19)
(0.411813 3.75181 2.03125e-19)
(0.539236 0.616402 -8.78028e-19)
(0.796437 0.917412 -1.08662e-18)
(1.04289 1.22098 -2.91145e-19)
(1.07188 1.28335 2.0363e-19)
(1.03202 1.27114 -1.06353e-18)
(0.977768 1.24515 1.09799e-19)
(0.915915 1.21717 -6.63872e-20)
(0.845416 1.18789 -1.40262e-18)
(0.764276 1.15807 3.3542e-19)
(0.668249 1.12908 -8.00595e-21)
(0.555649 1.10429 6.18574e-21)
(0.439427 1.08906 0)
(0.362579 1.17661 1.07399e-19)
(0.472546 2.26503 1.5197e-20)
(0.623126 3.45998 0)
(0.619462 3.59718 0)
(0.580628 3.67443 0)
(0.550912 3.73256 7.22084e-20)
(0.48397 3.61588 -8.84515e-19)
(0.53224 0.630731 -8.41197e-19)
(0.784294 0.93468 -3.50922e-19)
(1.02885 1.24516 5.51548e-19)
(1.05798 1.30889 -6.14245e-19)
(1.01867 1.29615 0)
(0.965207 1.26957 1.0064e-19)
(0.904336 1.24126 5.7138e-19)
(0.834999 1.21205 -6.70512e-19)
(0.755196 1.18296 0)
(0.660721 1.15577 8.70497e-19)
(0.549996 1.13478 -2.18828e-19)
(0.437181 1.12778 6.93739e-21)
(0.396414 1.33635 3.50982e-20)
(0.572881 2.76815 -6.65084e-20)
(0.702332 3.53385 0)
(0.675352 3.61908 -2.87295e-19)
(0.65049 3.69942 4.49563e-19)
(0.619236 3.65023 0)
(0.598312 3.184 0)
(0.171822 1.17658 0)
(0.52372 0.644062 0)
(0.770835 0.952227 0)
(1.01338 1.27043 -8.00938e-19)
(1.04271 1.3357 -7.85593e-19)
(1.00416 1.32237 0)
(0.951693 1.29511 9.80435e-20)
(0.892027 1.26638 0)
(0.824117 1.23716 -7.91407e-19)
(0.745994 1.20877 8.9121e-21)
(0.653539 1.18341 4.5945e-19)
(0.545427 1.16636 2.39246e-19)
(0.438556 1.17163 -5.85401e-20)
(0.448543 1.55714 -6.81624e-20)
(0.67383 3.15435 0)
(0.770972 3.57231 -4.71055e-19)
(0.730899 3.64514 -5.50233e-19)
(0.713889 3.65961 5.00804e-19)
(0.629767 3.33815 6.95483e-19)
(0.347042 1.78325 4.44374e-19)
(-0.0594269 -0.0924416 -1.39215e-18)
(0.51398 0.657156 -3.89839e-19)
(0.756023 0.970376 -6.48333e-19)
(0.996223 1.29669 2.59174e-19)
(1.0259 1.36376 -1.34212e-18)
(0.988275 1.34983 -5.54822e-19)
(0.937024 1.32186 -1.91173e-19)
(0.878816 1.29268 1.18922e-20)
(0.812652 1.26342 9.44239e-20)
(0.736618 1.23577 -4.48895e-19)
(0.646741 1.21232 3.45486e-20)
(0.542084 1.1994 1.73874e-20)
(0.445375 1.22509 -1.0173e-19)
(0.519635 1.83949 0)
(0.765607 3.36513 -9.73093e-20)
(0.830227 3.59751 0)
(0.792748 3.63913 -3.20127e-19)
(0.735664 3.5178 -9.97357e-19)
(0.504429 2.50337 -3.44988e-19)
(0.00147039 0.153424 4.19003e-19)
(-0.111636 -0.170834 -1.23688e-18)
(0.502476 0.669332 -4.19687e-21)
(0.739517 0.988604 -3.1005e-19)
(0.97727 1.3238 -2.49735e-19)
(1.00736 1.39301 1.09836e-18)
(0.970862 1.37843 0)
(0.921064 1.34969 -7.65647e-19)
(0.864611 1.32002 1.3939e-19)
(0.800547 1.29069 -1.4152e-18)
(0.727081 1.26376 -3.85831e-19)
(0.640408 1.24225 -3.61186e-20)
(0.540175 1.23376 0)
(0.459576 1.29326 1.8061e-19)
(0.607167 2.16157 -5.69783e-20)
(0.850433 3.47672 -1.03083e-19)
(0.879602 3.61323 0)
(0.840845 3.60282 0)
(0.698066 3.14588 8.84182e-21)
(0.204457 0.904523 -3.25466e-19)
(-0.100939 -0.154511 1.93644e-18)
(-0.0933047 -0.149167 1.82978e-18)
(0.488971 0.680526 3.56284e-19)
(0.720733 1.00659 -5.94496e-19)
(0.956252 1.35136 -9.45759e-19)
(0.986883 1.42335 1.77527e-18)
(0.951769 1.40806 -2.5062e-19)
(0.90369 1.37847 -7.45528e-19)
(0.849318 1.34825 5.17288e-19)
(0.787749 1.31879 1.03661e-19)
(0.717389 1.29251 -3.30892e-19)
(0.634659 1.27292 -3.757e-20)
(0.540079 1.26926 -5.42989e-20)
(0.483978 1.38012 -1.31868e-19)
(0.711454 2.52491 -2.4373e-19)
(0.929583 3.53772 1.32047e-19)
(0.928988 3.6108 2.18269e-19)
(0.867669 3.48111 -6.98813e-19)
(0.560296 2.38053 4.85964e-19)
(-0.0129423 0.0380655 3.07496e-19)
(-0.123042 -0.203987 7.19775e-19)
(-0.0780844 -0.122279 -8.48704e-19)
(0.47298 0.689974 3.40664e-19)
(0.699257 1.02377 2.85343e-19)
(0.932617 1.37923 4.57382e-19)
(0.96428 1.45463 0)
(0.930818 1.43858 2.65413e-19)
(0.884759 1.40803 0)
(0.832828 1.37717 1.33502e-19)
(0.7742 1.34749 6.03909e-19)
(0.707542 1.32172 3.40918e-19)
(0.629573 1.30402 8.18919e-21)
(0.542038 1.30554 -3.48035e-20)
(0.518825 1.48992 2.15069e-19)
(0.820635 2.85616 -7.43616e-20)
(1.00133 3.56791 -3.16556e-19)
(0.971753 3.59579 -5.80915e-19)
(0.848555 3.215 -2.28249e-20)
(0.304906 1.15219 8.39801e-21)
(-0.114241 -0.157149 1.41324e-18)
(-0.112884 -0.211387 -2.63294e-18)
(-0.056467 -0.0980892 0)
(0.454269 0.69704 6.51597e-19)
(0.67457 1.03916 -5.38867e-19)
(0.905858 1.40697 -8.83125e-19)
(0.939214 1.48645 0)
(0.907801 1.46975 2.48869e-19)
(0.864097 1.43812 -7.17353e-19)
(0.815004 1.40651 4.97336e-19)
(0.759807 1.37649 -9.01704e-20)
(0.697497 1.35099 3.59715e-19)
(0.625184 1.33506 5.93613e-19)
(0.546382 1.34211 -1.23218e-19)
(0.564911 1.61942 -6.68285e-20)
(0.927089 3.11555 -3.42693e-20)
(1.06694 3.57402 -1.87353e-19)
(1.00556 3.55098 6.19319e-19)
(0.758465 2.77814 -1.31034e-20)
(0.0204828 0.194534 -2.23865e-19)
(-0.161428 -0.221994 7.87525e-19)
(-0.112502 -0.206204 1.55565e-19)
(-0.0327974 -0.0627155 0)
(0.432004 0.700825 1.22125e-18)
(0.64624 1.05141 -7.31749e-21)
(0.8753 1.43401 4.12068e-19)
(0.911409 1.51843 0)
(0.882458 1.50126 7.25081e-19)
(0.841469 1.46841 -3.46752e-19)
(0.795676 1.43592 1.27406e-19)
(0.74445 1.4054 -8.51373e-19)
(0.687167 1.3799 1.36566e-19)
(0.621525 1.36529 0)
(0.553168 1.37887 5.39645e-19)
(0.621404 1.75794 7.14195e-20)
(1.02149 3.28373 9.56596e-20)
(1.13227 3.56256 -7.34315e-19)
(1.03895 3.4586 6.22171e-19)
(0.585802 2.17847 0)
(-0.143296 -0.0123251 9.29659e-19)
(-0.168397 -0.340107 5.25991e-19)
(-0.0851847 -0.262388 -1.18823e-18)
(0.00799779 -0.0334968 -1.39185e-18)
(0.40578 0.700643 1.15967e-18)
(0.613466 1.05962 -6.71335e-21)
(0.840741 1.45913 -4.02717e-19)
(0.880395 1.55008 -3.07247e-19)
(0.854495 1.53273 -4.63669e-19)
(0.816633 1.49849 3.45909e-19)
(0.7746 1.46495 2.32724e-19)
(0.727945 1.43368 1.62611e-19)
(0.676368 1.40795 -1.12108e-19)
(0.618552 1.39374 -7.77797e-20)
(0.562065 1.41546 -1.37544e-19)
(0.684234 1.89258 -2.97798e-19)
(1.10433 3.37948 -3.10737e-20)
(1.19995 3.53615 0)
(1.10811 3.28206 -5.7267e-19)
(0.487567 1.584 5.50746e-19)
(-0.251451 -0.565158 -2.41804e-18)
(-0.0716046 -0.638609 0)
(0.127098 -0.236653 1.2255e-18)
(0.201459 0.161027 0)
(0.37541 0.694797 2.78098e-19)
(0.575476 1.06211 2.37246e-19)
(0.801583 1.48085 -7.54891e-19)
(0.845849 1.5807 -5.93983e-19)
(0.823527 1.56366 -9.01204e-19)
(0.789335 1.52785 3.21359e-19)
(0.751461 1.49308 0)
(0.710002 1.46071 3.15154e-19)
(0.664836 1.43444 -1.1909e-19)
(0.615839 1.4196 -2.4783e-19)
(0.572294 1.45008 0)
(0.747354 2.00886 1.53394e-19)
(1.17735 3.42608 -4.91848e-19)
(1.2501 3.5023 -1.10828e-18)
(1.18088 3.00316 -2.08691e-19)
(0.619533 1.13109 -7.41539e-20)
(-0.036632 -0.898209 -8.72859e-19)
(0.0128726 -0.665623 -8.40239e-19)
(0.217098 0.231922 -1.68426e-19)
(0.268792 0.584251 1.31661e-18)
(0.340838 0.681469 -2.66895e-19)
(0.531671 1.05636 2.26793e-19)
(0.757027 1.49785 7.38182e-19)
(0.807358 1.60897 5.79397e-19)
(0.789351 1.59344 4.40957e-19)
(0.759106 1.55591 3.21675e-19)
(0.725969 1.5197 6.68423e-19)
(0.690232 1.48587 6.42206e-19)
(0.652265 1.4583 -1.19977e-19)
(0.61274 1.44235 -3.27403e-19)
(0.583192 1.47893 -2.89883e-19)
(0.80474 2.09295 -3.30081e-19)
(1.23842 3.4466 4.57423e-19)
(1.22305 3.49061 -2.89455e-19)
(0.947568 2.76805 -1.37685e-19)
(0.0301221 0.241267 -1.57991e-19)
(-0.610042 -0.337479 3.71726e-19)
(-0.435078 -0.198737 -9.17824e-19)
(0.186192 0.476128 1.39038e-18)
(0.252968 0.496431 3.40847e-21)
(0.301964 0.658682 0)
(0.481539 1.03985 8.6104e-19)
(0.706483 1.50786 -6.77864e-19)
(0.764379 1.6343 5.50698e-19)
(0.751616 1.62127 -1.1447e-20)
(0.725586 1.58196 -3.2906e-21)
(0.697605 1.54405 1.20987e-20)
(0.668071 1.50845 1.60392e-19)
(0.638042 1.47848 1.13469e-19)
(0.608649 1.46098 7.37222e-20)
(0.595161 1.4963 5.35551e-21)
(0.855237 2.13606 -1.46009e-19)
(1.32087 3.47068 -2.34871e-19)
(1.23872 3.58069 4.01102e-19)
(0.718844 2.82694 -1.98191e-19)
(-0.422581 1.10329 5.85095e-19)
(-1.25701 -0.0341341 -1.33454e-18)
(-1.4604 -0.714474 2.44104e-18)
(-1.01267 -0.703008 -2.06708e-19)
(0.0503614 0.324397 -2.13431e-19)
(0.259125 0.624155 -2.42727e-19)
(0.425308 1.00905 0)
(0.649366 1.50805 -3.2586e-19)
(0.716018 1.65505 -2.57424e-19)
(0.709751 1.6463 -1.93804e-20)
(0.68833 1.60511 -2.7993e-19)
(0.665844 1.56534 -4.14665e-19)
(0.642808 1.52765 -2.96711e-19)
(0.621134 1.49434 -6.33502e-19)
(0.602714 1.47358 -1.54868e-19)
(0.607952 1.49879 1.33394e-19)
(0.89327 2.11235 -3.12858e-19)
(1.47475 3.46141 -2.05558e-20)
(1.52478 3.67364 0)
(1.13522 3.04886 -8.13635e-19)
(0.379281 1.70627 9.62787e-19)
(-0.34823 0.253413 1.78918e-18)
(-0.925352 -0.853772 0)
(-1.23932 -1.77856 -3.06336e-19)
(-0.9362 -1.71267 -4.31139e-18)
(0.212963 0.575772 9.1857e-19)
(0.363902 0.960153 2.97957e-23)
(0.585499 1.49486 6.06342e-19)
(0.661375 1.66924 -2.32593e-19)
(0.663151 1.66734 0)
(0.646777 1.62462 -2.70975e-19)
(0.629996 1.58274 1.92958e-19)
(0.613695 1.5424 5.67095e-19)
(0.600164 1.50553 -2.06615e-19)
(0.592646 1.47764 2.84367e-19)
(0.61673 1.48745 -2.483e-19)
(0.908019 1.97903 -1.2665e-19)
(1.65569 3.33649 -3.63689e-19)
(1.94396 3.55884 -2.69215e-19)
(1.82931 3.20334 2.89927e-18)
(1.0527 1.66244 2.21434e-18)
(0.432751 0.253361 4.82461e-19)
(-0.178263 -0.883708 -2.51535e-18)
(-0.646099 -1.80673 -2.75376e-19)
(-0.909273 -2.31258 5.01881e-18)
(0.164731 0.512473 0)
(0.298634 0.890166 0)
(0.515699 1.46417 0)
(0.600107 1.67418 4.42889e-19)
(0.610973 1.68266 3.35366e-19)
(0.600353 1.63962 5.06084e-19)
(0.589325 1.59543 -1.86515e-19)
(0.57974 1.55219 4.04567e-19)
(0.573797 1.51094 3.70903e-19)
(0.574849 1.47476 0)
(0.610419 1.45778 -2.16617e-19)
(0.841054 1.74394 2.50639e-19)
(1.69778 2.9772 0)
(2.09582 3.25743 0)
(2.22834 2.93898 -3.65135e-19)
(1.94178 2.02572 6.25382e-19)
(1.31024 0.782367 0)
(0.644723 -0.382934 -1.57371e-18)
(0.0592447 -1.24841 1.40174e-18)
(-0.417219 -1.77993 -1.26053e-18)
(0.119476 0.434138 0)
(0.232208 0.797251 -8.63519e-20)
(0.439211 1.40991 -6.71702e-19)
(0.533221 1.66676 -5.33093e-19)
(0.55275 1.68994 -3.24956e-19)
(0.548222 1.64895 -3.65091e-19)
(0.542973 1.60278 0)
(0.53981 1.55666 0)
(0.539499 1.51114 -1.67953e-19)
(0.546007 1.46319 -1.13599e-19)
(0.576918 1.41415 -1.92097e-19)
(0.692366 1.54026 0)
(1.44089 2.46108 5.0066e-21)
(1.90759 2.91871 1.02199e-20)
(1.98396 2.75772 2.06349e-19)
(1.88052 2.21036 2.61349e-19)
(1.47507 1.39428 7.2573e-19)
(0.940792 0.545023 -1.83564e-18)
(0.419642 -0.185072 -2.29188e-18)
(-0.0452698 -0.755434 1.0509e-19)
(0.0793503 0.347232 -7.58809e-19)
(0.166437 0.680702 6.27963e-19)
(0.356072 1.32761 4.96735e-19)
(0.458645 1.64232 0)
(0.487454 1.68783 2.90112e-19)
(0.48949 1.65138 -2.21914e-19)
(0.490702 1.60364 -8.81332e-21)
(0.494117 1.55539 -4.24385e-21)
(0.498416 1.50646 -3.18034e-19)
(0.502597 1.45334 0)
(0.507936 1.38835 -7.62449e-20)
(0.572041 1.38411 -8.23462e-21)
(0.870588 1.8912 1.55376e-20)
(1.46947 2.75227 -4.11647e-20)
(1.51903 2.76521 -1.79942e-19)
(1.43842 2.52662 1.45479e-19)
(1.18443 2.03424 1.22389e-19)
(0.850882 1.47446 -1.15028e-18)
(0.502295 0.921939 -1.6055e-18)
(0.193653 0.448815 -1.91372e-18)
(0.0473065 0.255795 -3.4566e-19)
(0.108356 0.547983 3.59734e-19)
(0.268914 1.21391 5.84064e-20)
(0.375079 1.59457 0)
(0.413042 1.67278 0)
(0.423738 1.64539 1.99424e-19)
(0.432843 1.5957 -7.41324e-20)
(0.443338 1.54738 0)
(0.452352 1.50193 -6.97237e-20)
(0.453478 1.45277 9.95359e-20)
(0.435236 1.38433 0)
(0.435123 1.35019 -5.48623e-20)
(0.491392 1.58551 0)
(0.94722 2.62029 2.99562e-20)
(1.00678 2.88862 -2.90684e-19)
(0.940265 2.84954 -3.12096e-20)
(0.793934 2.58808 9.37149e-20)
(0.60875 2.20165 0)
(0.41811 1.76077 -1.4772e-18)
(0.226571 1.25635 1.65322e-18)
(0.0236814 0.164007 1.99422e-20)
(0.0611543 0.414112 -2.91907e-19)
(0.176448 1.06109 -5.32875e-20)
(0.279341 1.51163 0)
(0.326662 1.63791 6.33802e-20)
(0.350195 1.62426 1.86795e-19)
(0.37067 1.57706 3.25904e-20)
(0.391282 1.53367 5.03373e-20)
(0.408759 1.49274 6.99799e-20)
(0.409199 1.45649 0)
(0.378019 1.41618 -1.1886e-19)
(0.315778 1.37758 5.53896e-21)
(0.281483 1.47745 -3.18409e-21)
(0.515759 2.47054 0)
(0.594202 2.98353 1.28356e-19)
(0.550099 3.05864 1.83484e-20)
(0.48206 2.96485 4.91241e-19)
(0.370151 2.66961 1.43735e-18)
(0.266781 2.28857 -9.8447e-19)
(0.156751 1.65213 1.59336e-20)
(0.00893182 0.0778508 3.88775e-33)
(0.0260466 0.286234 -1.46561e-20)
(0.0887939 0.885576 -1.05614e-19)
(0.170819 1.38094 -1.88188e-20)
(0.229883 1.56842 0)
(0.270062 1.57861 6.29411e-20)
(0.306148 1.53868 1.57152e-20)
(0.342662 1.49758 5.79621e-22)
(0.37605 1.471 0)
(0.395261 1.46257 1.11825e-33)
(0.362038 1.47837 -1.55435e-20)
(0.261287 1.48311 0)
(0.162514 1.5222 -9.85071e-21)
(0.1736 2.17256 4.84109e-21)
(0.307391 2.9852 0)
(0.286373 3.18507 0)
(0.243484 3.18491 0)
(0.171976 2.98122 7.6054e-21)
(0.104349 2.6542 9.81054e-21)
(0.0532672 1.85573 1.60347e-19)
(0.00010101 -0.0367036 0)
(0.00399077 0.206457 0)
(0.0225664 0.748182 0)
(0.0698743 1.22747 0)
(0.131074 1.45546 0)
(0.190347 1.49737 0)
(0.249015 1.47132 0)
(0.311137 1.43672 0)
(0.372528 1.42383 0)
(0.406058 1.45402 0)
(0.393905 1.52752 0)
(0.329323 1.59155 0)
(0.172259 1.61968 0)
(0.0845179 2.0225 0)
(0.174611 2.92251 0)
(0.168425 3.23597 0)
(0.125459 3.2924 0)
(0.0770756 3.15452 0)
(0.026171 2.85386 0)
(-0.00658781 1.94069 0)
(-0.000934581 -0.028716 0)
(-0.00678273 0.205452 0)
(-0.00906165 0.703056 0)
(0.010778 1.1171 0)
(0.0613554 1.32779 0)
(0.12914 1.38361 0)
(0.205665 1.37448 0)
(0.289664 1.3562 0)
(0.381432 1.35607 0)
(0.46523 1.40194 0)
(0.52717 1.53216 0)
(0.493523 1.69698 0)
(0.320436 1.83707 0)
(0.093691 2.04882 0)
(0.114081 2.90318 0)
(0.0983654 3.29392 0)
(0.058499 3.38555 0)
(0.0169107 3.27615 0)
(-0.0172995 2.96228 0)
(-0.0176946 1.913 0)
(-0.000858374 -0.0110084 0)
(-0.00777717 0.232777 0)
(-0.0152709 0.703069 0)
(-0.00791407 1.05058 0)
(0.0311861 1.21105 0)
(0.0974031 1.25538 0)
(0.18272 1.25177 0)
(0.285859 1.24023 0)
(0.412223 1.24548 0)
(0.570671 1.28468 0)
(0.719926 1.48407 0)
(0.690775 1.83841 0)
(0.44222 2.10362 0)
(0.143688 2.23761 0)
(0.0885051 2.93674 0)
(0.0411261 3.37404 0)
(-0.00658572 3.48261 0)
(-0.0402713 3.37124 0)
(-0.0584653 3.00045 0)
(-0.0295864 1.77894 0)
(-0.000126938 0.000602681 0)
(-0.00467592 0.259791 0)
(-0.0117006 0.712983 0)
(-0.00740161 1.00607 0)
(0.0247642 1.11112 0)
(0.0844344 1.13019 0)
(0.167613 1.11808 0)
(0.280203 1.09313 0)
(0.434639 1.07457 0)
(0.635328 1.12148 0)
(0.814936 1.43357 0)
(0.776754 2.02267 0)
(0.501465 2.39251 0)
(0.198165 2.50515 0)
(0.0509733 3.03041 0)
(-0.0253549 3.47332 0)
(-0.079527 3.57198 0)
(-0.108682 3.42668 0)
(-0.1012 2.93778 0)
(-0.0314523 1.53631 0)
(0.000337833 0.00286971 0)
(-0.00382459 0.284949 0)
(-0.0121569 0.727027 0)
(-0.00889883 0.968682 0)
(0.0174876 1.02695 0)
(0.0646283 1.02206 0)
(0.132445 0.992796 0)
(0.230642 0.943043 0)
(0.377628 0.883683 0)
(0.563749 0.945771 0)
(0.730589 1.39671 0)
(0.706788 2.19398 0)
(0.444281 2.70337 0)
(0.160119 2.82957 0)
(-0.0292254 3.22515 0)
(-0.136877 3.6154 0)
(-0.185698 3.65437 0)
(-0.194485 3.4252 0)
(-0.142021 2.72508 0)
(-0.0262011 1.23598 0)
(0.000387206 0.00313327 0)
(-0.00547192 0.316636 0)
(-0.0170951 0.747223 0)
(-0.0179796 0.940926 0)
(-0.00343773 0.96804 0)
(0.022779 0.947386 0)
(0.0611129 0.902867 0)
(0.119109 0.828259 0)
(0.208118 0.74118 0)
(0.312405 0.812423 0)
(0.367018 1.38093 0)
(0.306302 2.34918 0)
(0.124954 2.96658 0)
(-0.0552845 3.10926 0)
(-0.204483 3.45948 0)
(-0.301645 3.73119 0)
(-0.325216 3.69 0)
(-0.288597 3.30701 0)
(-0.15272 2.29567 0)
(-0.0249899 0.944545 0)
(7.27071e-05 0.00722396 0)
(-0.00867307 0.36068 0)
(-0.0253427 0.780692 0)
(-0.0347028 0.938164 0)
(-0.0381417 0.948533 0)
(-0.0381407 0.921147 0)
(-0.0379312 0.870341 0)
(-0.0360319 0.784183 0)
(-0.0366148 0.693228 0)
(-0.0624916 0.785473 0)
(-0.139596 1.4336 0)
(-0.225885 2.46449 0)
(-0.285642 3.07725 0)
(-0.31817 3.23846 0)
(-0.444969 3.653 0)
(-0.469748 3.7719 0)
(-0.440053 3.6127 0)
(-0.297962 2.94444 0)
(-0.119457 1.79916 0)
(-0.0247603 0.693906 0)
(-0.000447895 0.0190669 0)
(-0.0122459 0.419217 0)
(-0.0342306 0.832718 0)
(-0.0538897 0.969719 0)
(-0.0761177 0.974168 0)
(-0.102829 0.949203 0)
(-0.140358 0.903646 0)
(-0.195865 0.82592 0)
(-0.286832 0.750938 0)
(-0.440681 0.865364 0)
(-0.606605 1.53501 0)
(-0.640314 2.49548 0)
(-0.585534 3.03454 0)
(-0.609373 3.36195 0)
(-0.654726 3.68751 0)
(-0.586366 3.69302 0)
(-0.413784 3.26613 0)
(-0.203779 2.4481 0)
(-0.0691448 1.44746 0)
(-0.0167138 0.515288 0)
(-0.000931513 0.0390985 0)
(-0.0148678 0.489659 0)
(-0.040812 0.904385 0)
(-0.0698595 1.03551 0)
(-0.107041 1.04056 0)
(-0.154616 1.02412 0)
(-0.220684 0.993425 0)
(-0.318464 0.941271 0)
(-0.473022 0.902005 0)
(-0.709237 1.02966 0)
(-0.92156 1.64244 0)
(-0.950455 2.44278 0)
(-0.883193 2.98845 0)
(-0.857924 3.39285 0)
(-0.743516 3.54117 0)
(-0.517686 3.31536 0)
(-0.257159 2.75385 0)
(-0.0882192 2.05816 0)
(-0.0212038 1.26988 0)
(-0.00479721 0.434834 0)
(-0.00122431 0.0648438 0)
(-0.015792 0.566027 0)
(-0.0432852 0.990028 0)
(-0.0780878 1.12555 0)
(-0.124291 1.13572 0)
(-0.183642 1.13014 0)
(-0.264118 1.11823 0)
(-0.380008 1.09846 0)
(-0.556186 1.1032 0)
(-0.814458 1.24158 0)
(-1.04553 1.74691 0)
(-1.0779 2.39671 0)
(-1.00463 2.91089 0)
(-0.865362 3.21961 0)
(-0.58805 3.14292 0)
(-0.304711 2.8017 0)
(-0.104763 2.34617 0)
(-0.0143426 1.85315 0)
(0.00615852 1.21748 0)
(0.00275583 0.430605 0)
(-0.00128067 0.0923842 0)
(-0.0149389 0.64099 0)
(-0.0413464 1.08021 0)
(-0.0775456 1.22708 0)
(-0.126531 1.24443 0)
(-0.188765 1.24853 0)
(-0.270399 1.25324 0)
(-0.382745 1.26156 0)
(-0.543593 1.30337 0)
(-0.765488 1.45505 0)
(-0.975678 1.84992 0)
(-1.01689 2.36252 0)
(-0.84887 2.74413 0)
(-0.594419 2.85484 0)
(-0.322129 2.70586 0)
(-0.117057 2.43053 0)
(-0.0145209 2.13236 0)
(0.0172674 1.78362 0)
(0.0157191 1.22644 0)
(0.00562139 0.463264 0)
(-0.0011522 0.118062 0)
(-0.0128249 0.708253 0)
(-0.0361075 1.16582 0)
(-0.0701698 1.32842 0)
(-0.116971 1.35326 0)
(-0.175494 1.36375 0)
(-0.249492 1.37923 0)
(-0.345862 1.40512 0)
(-0.473334 1.46653 0)
(-0.6297 1.61641 0)
(-0.749368 1.92887 0)
(-0.71935 2.26264 0)
(-0.539784 2.50155 0)
(-0.315942 2.53725 0)
(-0.13324 2.40619 0)
(-0.0238197 2.23969 0)
(0.016521 2.05591 0)
(0.0216778 1.78008 0)
(0.0148143 1.25438 0)
(0.00533347 0.501297 0)
(-0.000930418 0.139606 0)
(-0.0101992 0.764196 0)
(-0.0293736 1.24099 0)
(-0.0591339 1.42121 0)
(-0.100686 1.45306 0)
(-0.151922 1.46641 0)
(-0.214366 1.48641 0)
(-0.291295 1.51923 0)
(-0.384897 1.58395 0)
(-0.48498 1.7146 0)
(-0.539161 1.94268 0)
(-0.473583 2.16582 0)
(-0.333419 2.29454 0)
(-0.171682 2.31647 0)
(-0.0609386 2.24154 0)
(-0.00484693 2.15282 0)
(0.0133911 2.03389 0)
(0.0142295 1.79011 0)
(0.0098274 1.27669 0)
(0.00380193 0.531155 0)
(-0.000694668 0.156295 0)
(-0.00766686 0.808064 0)
(-0.0226908 1.30307 0)
(-0.0473216 1.50098 0)
(-0.0822462 1.53914 0)
(-0.124986 1.55278 0)
(-0.175469 1.57288 0)
(-0.234663 1.60538 0)
(-0.30136 1.66391 0)
(-0.363718 1.76936 0)
(-0.38471 1.9314 0)
(-0.323008 2.07775 0)
(-0.223728 2.15395 0)
(-0.121149 2.17438 0)
(-0.0508632 2.1456 0)
(-0.0142522 2.10233 0)
(0.00117725 2.01848 0)
(0.00535161 1.79233 0)
(0.00510949 1.28697 0)
(0.00230054 0.549612 0)
(-0.000490481 0.168496 0)
(-0.00554763 0.841075 0)
(-0.0169509 1.35212 0)
(-0.0365341 1.56641 0)
(-0.0647231 1.6102 0)
(-0.0991874 1.62275 0)
(-0.138967 1.64054 0)
(-0.183919 1.6692 0)
(-0.231476 1.71808 0)
(-0.271148 1.79957 0)
(-0.277474 1.9157 0)
(-0.232548 2.01175 0)
(-0.165188 2.06463 0)
(-0.10096 2.08414 0)
(-0.0532987 2.07931 0)
(-0.0240182 2.06 0)
(-0.00775448 1.99673 0)
(-0.00041984 1.78429 0)
(0.00203038 1.2879 0)
(0.00126206 0.559246 0)
(-0.000333149 0.177071 0)
(-0.00392124 0.865303 0)
(-0.0124387 1.38979 0)
(-0.0275556 1.6181 0)
(-0.0496624 1.66695 0)
(-0.0768167 1.67808 0)
(-0.107721 1.6927 0)
(-0.141764 1.71636 0)
(-0.17621 1.75544 0)
(-0.202783 1.81705 0)
(-0.203738 1.90153 0)
(-0.172542 1.96757 0)
(-0.128044 2.00632 0)
(-0.0856107 2.02472 0)
(-0.0516363 2.02913 0)
(-0.0274198 2.0213 0)
(-0.0116437 1.97107 0)
(-0.003166 1.7706 0)
(0.000398868 1.28382 0)
(0.000654336 0.563547 0)
(-0.000220687 0.182944 0)
(-0.00273661 0.882873 0)
(-0.00907695 1.41837 0)
(-0.0205451 1.65793 0)
(-0.0375329 1.71113 0)
(-0.0585878 1.72119 0)
(-0.0824336 1.73271 0)
(-0.108289 1.75158 0)
(-0.133692 1.78204 0)
(-0.152468 1.82821 0)
(-0.152209 1.89008 0)
(-0.129913 1.93839 0)
(-0.100226 1.96705 0)
(-0.0707324 1.98344 0)
(-0.0457251 1.9904 0)
(-0.0261554 1.98761 0)
(-0.0122243 1.94582 0)
(-0.00405383 1.75546 0)
(-0.000336408 1.27788 0)
(0.000326267 0.565045 0)
(-0.000143508 0.186904 0)
(-0.00189394 0.895552 0)
(-0.00660866 1.43998 0)
(-0.0152818 1.68818 0)
(-0.0281804 1.74495 0)
(-0.0443404 1.75445 0)
(-0.0626555 1.76336 0)
(-0.0823429 1.77812 0)
(-0.101358 1.80158 0)
(-0.115148 1.83617 0)
(-0.115087 1.88155 0)
(-0.0988487 1.9182 0)
(-0.0782083 1.93983 0)
(-0.0570137 1.95359 0)
(-0.0382754 1.96052 0)
(-0.0228147 1.95975 0)
(-0.0112074 1.92342 0)
(-0.00401058 1.74117 0)
(-0.000611063 1.27177 0)
(0.000153726 0.565197 0)
(-9.18927e-05 0.18954 0)
(-0.00130187 0.904675 0)
(-0.00480984 1.45637 0)
(-0.0114235 1.7111 0)
(-0.0212039 1.7707 0)
(-0.0335198 1.77991 0)
(-0.0475344 1.7868 0)
(-0.0625319 1.79821 0)
(-0.0768769 1.81613 0)
(-0.0872166 1.84212 0)
(-0.0875498 1.87549 0)
(-0.0757901 1.90358 0)
(-0.0608122 1.92036 0)
(-0.0452233 1.93146 0)
(-0.03104 1.93753 0)
(-0.0189758 1.93742 0)
(-0.009606 1.90462 0)
(-0.00357082 1.72871 0)
(-0.000661845 1.26622 0)
(6.39147e-05 0.56476 0)
(-5.81343e-05 0.19128 0)
(-0.000890065 0.911221 0)
(-0.00349915 1.46887 0)
(-0.00859846 1.7286 0)
(-0.0160584 1.79031 0)
(-0.0254252 1.79934 0)
(-0.036116 1.80471 0)
(-0.0475315 1.81348 0)
(-0.0583909 1.82712 0)
(-0.066207 1.84669 0)
(-0.066756 1.87136 0)
(-0.0583451 1.89279 0)
(-0.0471983 1.90604 0)
(-0.0355318 1.91482 0)
(-0.024721 1.91983 0)
(-0.0153568 1.9198 0)
(-0.00792381 1.88931 0)
(-0.00300985 1.71831 0)
(-0.000611648 1.2615 0)
(2.02778e-05 0.564128 0)
(-3.64578e-05 0.192419 0)
(-0.000606372 0.915904 0)
(-0.00254113 1.47844 0)
(-0.0065028 1.74212 0)
(-0.0122511 1.8053 0)
(-0.0193811 1.81414 0)
(-0.0275211 1.81837 0)
(-0.036197 1.82508 0)
(-0.0444249 1.83543 0)
(-0.050354 1.8502 0)
(-0.0509524 1.86856 0)
(-0.0449657 1.88482 0)
(-0.0365876 1.89528 0)
(-0.0277546 1.90217 0)
(-0.019475 1.90618 0)
(-0.0122246 1.90601 0)
(-0.00638976 1.87708 0)
(-0.00246018 1.70986 0)
(-0.000525592 1.25761 0)
(-8.18157e-07 0.563482 0)
(-2.29237e-05 0.193165 0)
(-0.000413924 0.919247 0)
(-0.00184196 1.48577 0)
(-0.0049269 1.75267 0)
(-0.00939588 1.81685 0)
(-0.0148365 1.82544 0)
(-0.0210298 1.82878 0)
(-0.0276186 1.8339 0)
(-0.0338564 1.84175 0)
(-0.038361 1.85291 0)
(-0.0389193 1.86664 0)
(-0.0346372 1.87893 0)
(-0.0283276 1.88712 0)
(-0.0216016 1.89248 0)
(-0.0152478 1.89564 0)
(-0.00964456 1.89526 0)
(-0.00509071 1.8674 0)
(-0.00197697 1.70308 0)
(-0.000435993 1.25448 0)
(-1.10257e-05 0.562893 0)
(-1.48121e-05 0.193656 0)
(-0.000286184 0.921636 0)
(-0.0013361 1.49137 0)
(-0.00372992 1.76097 0)
(-0.00721854 1.8258 0)
(-0.011387 1.83409 0)
(-0.016103 1.83673 0)
(-0.0211105 1.84063 0)
(-0.0258467 1.84656 0)
(-0.029278 1.85499 0)
(-0.0297636 1.86531 0)
(-0.0266657 1.87457 0)
(-0.0219145 1.88089 0)
(-0.0167866 1.88503 0)
(-0.0119093 1.88749 0)
(-0.00758213 1.88688 0)
(-0.00403302 1.85976 0)
(-0.00157512 1.69767 0)
(-0.000357978 1.25199 0)
(-1.65784e-05 0.562381 0)
(-1.02526e-05 0.19399 0)
(-0.00020451 0.923359 0)
(-0.000977436 1.49562 0)
(-0.00282142 1.76751 0)
(-0.00554882 1.83278 0)
(-0.0087582 1.84076 0)
(-0.0123607 1.84284 0)
(-0.0161757 1.84578 0)
(-0.0197813 1.85026 0)
(-0.022403 1.85661 0)
(-0.0228087 1.86435 0)
(-0.020538 1.8713 0)
(-0.0169589 1.87613 0)
(-0.0130491 1.87929 0)
(-0.00930341 1.88116 0)
(-0.00595771 1.88033 0)
(-0.00318845 1.85371 0)
(-0.00125394 1.69337 0)
(-0.000297632 1.25001 0)
(-2.04113e-05 0.561937 0)
(-7.55898e-06 0.194227 0)
(-0.00015547 0.924626 0)
(-0.000732261 1.49885 0)
(-0.00214376 1.77266 0)
(-0.00427612 1.83828 0)
(-0.00676063 1.84594 0)
(-0.00952339 1.84756 0)
(-0.0124372 1.84976 0)
(-0.0151871 1.85311 0)
(-0.017193 1.85787 0)
(-0.0175226 1.86365 0)
(-0.0158403 1.86884 0)
(-0.0131414 1.87246 0)
(-0.0101605 1.87484 0)
(-0.00728182 1.87622 0)
(-0.0046906 1.87518 0)
(-0.00252805 1.84892 0)
(-0.00100979 1.68996 0)
(-0.00025659 1.24843 0)
(-2.32058e-05 0.56155 0)
(-3.64667e-05 0.562728 0)
(-0.000310542 1.24265 0)
(-0.00117753 1.67162 0)
(-0.00287527 1.82089 0)
(-0.00503699 1.84548 0)
(-0.00746912 1.84804 0)
(-0.010112 1.84965 0)
(-0.0127792 1.85214 0)
(-0.0150727 1.85581 0)
(-0.016274 1.86084 0)
(-0.0155801 1.86606 0)
(-0.0134474 1.87005 0)
(-0.0107753 1.87275 0)
(-0.00804765 1.87444 0)
(-0.00550835 1.87509 0)
(-0.00328487 1.868 0)
(-0.00154249 1.79727 0)
(-0.000490808 1.51085 0)
(-8.30459e-05 0.926038 0)
(-4.71604e-05 0.561144 0)
(-0.152732 1.61285 0)
(0.0933236 3.39393 2.10985e-21)
(0.143744 3.64106 -7.47433e-20)
(0.147545 3.58684 0)
(0.143118 3.52501 -4.41939e-20)
(0.134134 3.47815 0)
(0.123477 3.44986 -1.68873e-19)
(0.110738 3.4241 -8.97624e-21)
(0.0928079 3.28382 -4.27321e-19)
(0.0476365 2.11088 -2.52655e-19)
(-0.0608167 1.19 1.61218e-19)
(0.0550014 3.17642 -8.37822e-20)
(0.0845643 3.55456 1.23129e-20)
(0.0909381 3.53346 -1.07774e-20)
(0.0914392 3.48684 -1.14939e-19)
(0.0885612 3.45219 -4.34563e-21)
(0.0831582 3.43257 6.50871e-21)
(0.0764905 3.42016 0)
(0.0660284 3.32244 -4.00546e-21)
(0.0398513 2.23874 -2.78533e-19)
(-0.0314347 1.03766 -2.79835e-22)
(0.0314847 3.08559 -1.69004e-22)
(0.0479202 3.50212 2.07704e-21)
(0.0538365 3.49295 0)
(0.056643 3.45615 -1.37841e-19)
(0.0573626 3.43038 1.94655e-19)
(0.0568798 3.41766 -2.31983e-19)
(0.0572589 3.41326 -2.44969e-19)
(0.0543571 3.33713 -2.75478e-19)
(0.0366312 2.31626 2.25707e-21)
(-0.0187831 0.950329 2.47513e-20)
(0.0138786 3.04395 -2.05214e-21)
(0.0226516 3.46546 -6.68104e-20)
(0.0282731 3.46086 -8.70535e-20)
(0.0331494 3.4303 -5.89816e-21)
(0.0369565 3.41048 -1.25351e-19)
(0.040698 3.4021 1.30944e-19)
(0.0456459 3.40204 0)
(0.0470516 3.34363 1.44422e-19)
(0.0353952 2.38713 0)
(-0.0127361 0.90515 5.12244e-20)
(-0.00112148 3.0343 6.73352e-20)
(0.00525658 3.4373 9.58563e-20)
(0.0107259 3.4333 1.10161e-19)
(0.0176348 3.40668 -1.20763e-19)
(0.0241096 3.3906 -8.34525e-21)
(0.0308947 3.38478 -9.04365e-21)
(0.0388337 3.3875 1.54152e-19)
(0.0433123 3.34451 1.67937e-19)
(0.0365909 2.45379 1.66584e-19)
(-0.0100392 0.888054 -9.02389e-20)
(-0.0114995 3.04416 -1.12303e-19)
(-0.00747902 3.41432 1.27037e-19)
(-0.000946794 3.40761 1.31307e-19)
(0.00736001 3.38343 1.33523e-19)
(0.0159687 3.36952 -1.89712e-20)
(0.0250795 3.36521 -9.16208e-21)
(0.0353912 3.36979 -1.65222e-19)
(0.0428611 3.34011 0)
(0.0400306 2.52059 -7.0406e-21)
(-0.00981757 0.888676 0)
(-0.0196175 3.06633 1.28442e-19)
(-0.0175729 3.39347 -2.63486e-19)
(-0.00949893 3.38195 -9.04839e-21)
(0.00015559 3.35902 0)
(0.0106272 3.34622 -1.75108e-19)
(0.0218954 3.34269 1.86268e-19)
(0.0344367 3.34845 -1.78298e-19)
(0.0450046 3.33071 -6.167e-21)
(0.045562 2.5906 3.20406e-21)
(-0.0112892 0.910409 1.38864e-19)
(-0.0282694 3.09548 -1.41118e-19)
(-0.0267714 3.37136 -1.56792e-19)
(-0.0168586 3.35427 1.75768e-19)
(-0.00556516 3.33179 0)
(0.00695019 3.31941 0)
(0.0205092 3.31624 0)
(0.0354545 3.32271 -2.0005e-19)
(0.0493613 3.31565 2.16348e-19)
(0.0529891 2.66284 0)
(-0.0156053 0.958705 0)
(-0.0392033 3.12639 -8.01457e-21)
(-0.0366245 3.34505 1.99962e-19)
(-0.0242106 3.32238 0)
(-0.0105854 3.29994 -2.15177e-19)
(0.00437561 3.28778 -1.38318e-20)
(0.0204901 3.2849 -2.23919e-19)
(0.0379689 3.29184 7.48864e-21)
(0.055312 3.29414 2.66238e-19)
(0.0618891 2.73799 -2.5142e-19)
(-0.0235321 1.05072 1.77913e-19)
(-0.0528417 3.15353 1.81223e-19)
(-0.0474809 3.31157 -9.62639e-20)
(-0.0317547 3.28432 -1.17063e-19)
(-0.0150312 3.26231 2.98274e-20)
(0.00280748 3.25067 2.11623e-19)
(0.021601 3.24828 1.19168e-19)
(0.0416299 3.2557 8.58487e-21)
(0.0618163 3.26563 0)
(0.0713666 2.81446 -2.88917e-19)
(-0.035061 1.20775 3.38932e-21)
(-0.0678818 3.17105 -1.17463e-19)
(-0.0579092 3.26942 -1.72138e-20)
(-0.0383537 3.23994 -1.34858e-19)
(-0.0184712 3.21953 1.15264e-19)
(0.00196455 3.209 -8.97687e-21)
(0.0230443 3.20717 -1.53646e-19)
(0.0453085 3.2147 9.72217e-21)
(0.067699 3.23009 1.55069e-19)
(0.0804412 2.88886 0)
(-0.0472014 1.44406 4.00188e-21)
(-0.0804535 3.17385 -1.22249e-19)
(-0.0640836 3.21938 0)
(-0.0418363 3.19125 0)
(-0.0201091 3.17333 -1.60151e-19)
(0.00138273 3.16425 -1.77059e-19)
(0.0233671 3.1631 9.48631e-21)
(0.0469009 3.17054 1.09311e-20)
(0.0707679 3.18906 -1.73602e-19)
(0.0882275 2.95692 -5.85057e-21)
(-0.0549697 1.75616 1.47826e-19)
(-0.0856677 3.16014 -4.21567e-21)
(-0.064221 3.1653 0)
(-0.0422313 3.13988 -1.63401e-19)
(-0.0204811 3.12371 -1.47854e-19)
(0.00126042 3.11595 -1.18841e-22)
(0.0233951 3.11621 9.6367e-20)
(0.0461988 3.12472 1.21711e-20)
(0.0692004 3.14545 2.09189e-19)
(0.0922914 3.01428 0)
(-0.05621 2.13231 0)
(-0.0831629 3.12913 5.50063e-21)
(-0.0626033 3.1076 -5.50737e-21)
(-0.0426792 3.08471 -9.70856e-20)
(-0.020681 3.07106 0)
(0.00169076 3.06539 2.51476e-20)
(0.0242408 3.06666 0)
(0.0462523 3.07558 -1.103e-19)
(0.0663948 3.09785 -1.27281e-19)
(0.0929812 3.0539 0)
(-0.0582182 2.53356 4.83333e-20)
(-0.0857271 3.07269 -1.08433e-19)
(-0.0582853 3.04427 1.28394e-20)
(-0.0361691 3.03141 0)
(-0.0162885 3.02503 -5.11744e-20)
(0.0013833 3.02263 1.58259e-21)
(0.019264 3.02329 5.72625e-20)
(0.0389349 3.02768 -5.98825e-20)
(0.0623196 3.04149 -1.55218e-20)
(0.0963846 3.05644 0)
(-0.0331748 2.87902 6.32204e-21)
(-0.0355556 2.99913 2.95225e-20)
(-0.0180518 3.00049 1.20198e-20)
(-0.010122 3.00122 0)
(-0.00483059 3.00038 -2.38225e-20)
(0.000278763 3.00135 1.5983e-22)
(0.00432104 3.0003 -2.49654e-20)
(0.00998625 2.99953 2.6022e-20)
(0.0195444 2.99915 0)
(0.045893 3.0026 0)
(0.267838 0.285619 -2.44099e-19)
(0.839531 0.84741 -3.71143e-19)
(1.09591 1.12101 -2.44485e-19)
(1.12546 1.17299 -5.22029e-19)
(1.08604 1.15973 -8.02846e-20)
(1.03015 1.13407 1.08783e-19)
(0.280705 0.807488 0)
(0.202895 0.982977 1.76273e-19)
(0.209426 2.28895 -9.70536e-20)
(0.274899 3.31425 -5.09262e-20)
(0.262006 3.45443 2.387e-20)
(0.228456 3.48129 5.53218e-21)
(0.221489 3.55255 3.13852e-20)
(0.244855 3.62694 -3.96091e-19)
(0.263636 3.72843 1.71213e-19)
(0.313474 3.74373 3.78612e-19)
(0.320187 3.30865 6.69341e-19)
)
;

boundaryField
{
    wall-4
    {
        type            noSlip;
    }
    pressure-outlet-7
    {
        type            zeroGradient;
    }
    velocity-inlet-6
    {
        type            fixedValue;
        value           uniform (0 3 0);
    }
    velocity-inlet-5
    {
        type            fixedValue;
        value           uniform (1 0 0);
    }
    frontAndBackPlanes
    {
        type            empty;
    }
}


// ************************************************************************* //
