/*--------------------------------*- C++ -*----------------------------------*\
| =========                 |                                                 |
| \\      /  F ield         | OpenFOAM: The Open Source CFD Toolbox           |
|  \\    /   O peration     | Version:  v2012                                 |
|   \\  /    A nd           | Website:  www.openfoam.com                      |
|    \\/     M anipulation  |                                                 |
\*---------------------------------------------------------------------------*/
FoamFile
{
    version     2.0;
    format      ascii;
    class       surfaceScalarField;
    location    "54";
    object      phi;
}
// * * * * * * * * * * * * * * * * * * * * * * * * * * * * * * * * * * * * * //

dimensions      [0 3 -1 0 0 0 0];
oriented        oriented;


internalField   nonuniform List<scalar> 
17370
(
-0.091099
0.0935457
0.286564
-0.0749553
0.0569557
0.364775
-0.0409395
0.0299562
0.427151
-0.0212025
0.0156034
0.504851
-0.0113546
0.00865572
0.602101
-0.00652346
0.00507057
0.72051
-0.00385132
0.00297956
0.863778
-0.00221148
0.00163584
1.03603
-0.00110605
0.000686192
1.24292
-0.000276137
-0.000116769
1.49158
0.000502307
-0.000914726
1.4916
0.00131725
-0.00181962
1.24319
0.00236758
-0.00310616
1.03638
0.00395559
-0.00515788
0.864109
0.00660157
-0.00872705
0.721183
0.0114194
-0.0156597
0.603455
0.0212502
-0.0299941
0.508183
0.040968
-0.056976
0.432176
0.0749713
-0.0935549
0.365359
0.0911118
0.197899
-0.127347
0.0881434
0.0392032
-0.364737
0.353789
-0.0726305
0.0835783
-0.446565
0.454368
-0.0817134
0.0739106
-0.520971
0.529524
-0.0658025
0.0572503
-0.61285
0.621016
-0.0494999
0.0413343
-0.727001
0.73379
-0.034407
0.0276181
-0.867514
0.872452
-0.0222751
0.0173376
-1.03855
1.0419
-0.0136168
0.010263
-1.24471
1.24713
-0.00770695
0.00529467
-1.49284
1.49485
-0.00332691
0.00130967
-1.49269
1.49451
0.000511494
-0.00233286
-1.2441
1.24602
0.00430908
-0.00622392
-1.0376
1.04008
0.00856668
-0.0110527
-0.866159
0.86981
0.0143265
-0.0179776
-0.72448
0.729773
0.0228487
-0.0281418
-0.608887
0.615774
0.0348837
-0.0417701
-0.51499
0.522697
0.0498903
-0.0575976
-0.439772
0.44783
0.0660973
-0.074155
-0.375156
0.377
0.0818965
-0.0837405
-0.256917
0.22342
0.0727435
-0.0392467
-0.0686524
0.0589221
0.00973033
-0.0520788
0.0587757
-0.374542
0.367845
-0.0578905
0.0540645
-0.453829
0.457655
-0.0487073
0.0443689
-0.527744
0.532083
-0.0401463
0.036364
-0.621105
0.624887
-0.0321398
0.0280668
-0.734878
0.738951
-0.0235917
0.0195964
-0.87405
0.878045
-0.0154568
0.0119383
-1.0434
1.04692
-0.00836884
0.0053027
-1.24866
1.25173
-0.00206542
-0.000937252
-1.49695
1.49995
0.00391865
-0.007095
-1.49743
1.50061
0.0100729
-0.013524
-1.2501
1.25355
0.0169237
-0.0209276
-1.04572
1.04973
0.0248028
-0.0291578
-0.877318
0.881673
0.0331343
-0.0372648
-0.739312
0.743442
0.0409686
-0.045112
-0.626342
0.630485
0.0493833
-0.0546753
-0.534936
0.540228
0.0584299
-0.0592248
-0.457919
0.458714
0.0524144
-0.0320389
-0.336395
0.31602
0.00978667
-0.0685025
0.0587158
-0.053163
0.0491132
0.00404974
-0.0331691
0.0436628
-0.358374
0.34788
-0.0473808
0.0467946
-0.459513
0.460099
-0.0438184
0.040549
-0.536027
0.539296
-0.0368381
0.0335017
-0.628448
0.631784
-0.0299345
0.0267809
-0.742262
0.745416
-0.023427
0.0202553
-0.881582
0.884753
-0.0166534
0.0132707
-1.0504
1.05379
-0.00953141
0.00608912
-1.25503
1.25847
-0.00225921
-0.00139311
-1.50333
1.50698
0.00501461
-0.00875443
-1.50414
1.50788
0.0120741
-0.0156478
-1.25716
1.26073
0.0188623
-0.0222708
-1.05349
1.0569
0.0252699
-0.0284503
-0.885284
0.888464
0.0314638
-0.0348942
-0.746934
0.750364
0.0381164
-0.0417096
-0.6345
0.638093
0.0448774
-0.0477389
-0.544456
0.547318
0.0482053
-0.0443189
-0.456882
0.452996
0.033623
-0.016262
-0.296649
0.279288
0.00411794
-0.0528956
0.0487777
-0.0459915
0.0434661
0.00252535
-0.0229283
0.033296
-0.33724
0.326873
-0.0390784
0.0400642
-0.459812
0.458826
-0.0388472
0.0365473
-0.541971
0.544271
-0.0339057
0.0313421
-0.634782
0.637345
-0.0283339
0.0254733
-0.748481
0.751342
-0.0222364
0.019238
-0.887755
0.890754
-0.0159174
0.0128048
-1.05696
1.06007
-0.00925519
0.00584539
-1.26189
1.2653
-0.00191408
-0.00190887
-1.51075
1.51457
0.00569233
-0.00950267
-1.51169
1.5155
0.0127498
-0.0160812
-1.26421
1.26754
0.0189734
-0.0220416
-1.06007
1.06313
0.0248129
-0.027817
-0.89161
0.894614
0.0304857
-0.0333054
-0.753552
0.756372
0.0357122
-0.0381957
-0.641096
0.643579
0.0403604
-0.0413988
-0.549135
0.550173
0.0402275
-0.0341738
-0.447798
0.441745
0.0235096
-0.0102899
-0.264105
0.250886
0.00260918
-0.0455801
0.0429709
-0.0413678
0.0395813
0.00178652
-0.016863
0.0261409
-0.317005
0.307727
-0.0327525
0.0348889
-0.457243
0.455107
-0.034466
0.0327828
-0.546275
0.547958
-0.0305804
0.0284743
-0.639647
0.641753
-0.0260497
0.0236688
-0.753958
0.756339
-0.0208386
0.01808
-0.893613
0.896371
-0.0148863
0.0118502
-1.0631
1.06614
-0.00838847
0.00507739
-1.26862
1.27193
-0.00124027
-0.00251021
-1.51835
1.5221
0.00620944
-0.00989513
-1.51925
1.52294
0.0130011
-0.0161865
-1.27079
1.27398
0.0189424
-0.0218135
-1.06615
1.06902
0.024279
-0.0268065
-0.897414
0.899942
0.0289384
-0.0311205
-0.758824
0.761006
0.0330271
-0.0350266
-0.645773
0.647772
0.0365125
-0.0366926
-0.550731
0.550911
0.0342708
-0.027263
-0.435125
0.428117
0.0175872
-0.00743203
-0.239344
0.229189
0.00188893
-0.0407802
0.0388913
-0.038042
0.036698
0.00134394
-0.0128904
0.0208754
-0.2991
0.291115
-0.0276478
0.0305793
-0.452542
0.449611
-0.0307924
0.0296752
-0.549389
0.550506
-0.0276842
0.0257682
-0.643797
0.645713
-0.0235693
0.0214382
-0.758572
0.760703
-0.0189373
0.016469
-0.898926
0.901394
-0.0135431
0.0106818
-1.06904
1.0719
-0.0073466
0.00412843
-1.27516
1.27838
-0.000397891
-0.0032277
-1.52576
1.52939
0.00678948
-0.0103302
-1.52654
1.53009
0.0132923
-0.0162825
-1.2771
1.28009
0.018792
-0.0213119
-1.07175
1.07427
0.0234123
-0.0255333
-0.902253
0.904375
0.0273502
-0.0292406
-0.763031
0.764921
0.030905
-0.0326535
-0.649623
0.651371
0.0334828
-0.0329304
-0.550727
0.550175
0.0295912
-0.0222768
-0.420899
0.413585
0.0137813
-0.0057489
-0.220197
0.212164
0.00146857
-0.0372394
0.0357708
-0.0355235
0.0344869
0.00103653
-0.0100833
0.0168428
-0.283767
0.277008
-0.0233599
0.0267515
-0.446429
0.443037
-0.0275448
0.0268577
-0.551401
0.552088
-0.0251034
0.0233285
-0.647603
0.649378
-0.0212732
0.0192719
-0.762769
0.76477
-0.0169165
0.0146043
-0.903715
0.906027
-0.0118829
0.00921112
-1.0746
1.07727
-0.00606405
0.00299078
-1.28148
1.28456
0.000599352
-0.00408985
-1.53292
1.53641
0.0075022
-0.0108576
-1.53353
1.53688
0.0136143
-0.016335
-1.28296
1.28568
0.0185735
-0.0207945
-1.07665
1.07887
0.022651
-0.0245343
-0.906391
0.908274
0.0261447
-0.0278163
-0.766704
0.768376
0.0292792
-0.030699
-0.652971
0.654391
0.0310278
-0.0297551
-0.549273
0.548001
0.0258026
-0.0185734
-0.406288
0.399059
0.0111736
-0.00463006
-0.204946
0.198403
0.00118796
-0.0344596
0.0332716
-0.033576
0.0327672
0.000808861
-0.00800312
0.0136918
-0.270813
0.265124
-0.0197316
0.0233285
-0.439533
0.435936
-0.0246065
0.024171
-0.552685
0.55312
-0.0226906
0.0210284
-0.651151
0.652814
-0.0190721
0.017162
-0.766723
0.768633
-0.0149077
0.012691
-0.908225
0.910441
-0.0100799
0.00752689
-1.0798
1.08236
-0.00453392
0.0016097
-1.2875
1.29043
0.00180969
-0.00513278
-1.53979
1.54311
0.00836111
-0.0114943
-1.54012
1.54325
0.0140309
-0.0165043
-1.28829
1.29076
0.0185275
-0.0205238
-1.08102
1.08301
0.0221793
-0.0238516
-0.910076
0.911749
0.0252802
-0.0267628
-0.769958
0.771441
0.0280358
-0.0290852
-0.6556
0.65665
0.0290475
-0.027115
-0.5464
0.544468
0.022771
-0.0158192
-0.391964
0.385012
0.00933583
-0.00385363
-0.192441
0.186959
0.000993014
-0.0321946
0.0312016
-0.0320558
0.0314229
0.000632903
-0.00640069
0.0111751
-0.259921
0.255146
-0.0166318
0.0202375
-0.432335
0.428729
-0.0218479
0.0216441
-0.55348
0.553684
-0.0204027
0.018804
-0.654496
0.656095
-0.0169078
0.0150513
-0.770511
0.772367
-0.0128616
0.0107103
-0.912548
0.914699
-0.00817728
0.00570408
-1.08479
1.08726
-0.00281443
1.32352e-05
-1.29323
1.29603
0.00325458
-0.00640356
-1.54631
1.54946
0.00943415
-0.0123463
-1.54625
1.54916
0.0146839
-0.0169429
-1.29314
1.2954
0.0187707
-0.0205534
-1.08495
1.08673
0.0220176
-0.0234941
-0.913351
0.914828
0.0247599
-0.0260727
-0.772845
0.774158
0.0272026
-0.0278446
-0.657476
0.658118
0.0274442
-0.0249626
-0.542274
0.539792
0.0203856
-0.0137804
-0.378245
0.371639
0.00802631
-0.00330781
-0.181899
0.17718
0.000856608
-0.0302886
0.029432
-0.0308694
0.0303786
0.000490737
-0.00511323
0.00910029
-0.250791
0.246804
-0.0139295
0.0173958
-0.425202
0.421736
-0.0191994
0.0191935
-0.553836
0.553842
-0.0181544
0.0165952
-0.657744
0.659303
-0.0147272
0.0128918
-0.774203
0.776038
-0.0107279
0.00860774
-0.916746
0.918866
-0.00612071
0.00370191
-1.08962
1.09204
-0.000884211
-0.00183202
-1.29873
1.30145
0.00496359
-0.00795289
-1.55248
1.55547
0.0107996
-0.0135061
-1.55195
1.55466
0.0156548
-0.0177058
-1.29757
1.29962
0.0193433
-0.0209188
-1.08846
1.09004
0.022201
-0.0234963
-0.916246
0.917542
0.0246138
-0.0257693
-0.775399
0.776555
0.0267109
-0.0269883
-0.658555
0.658832
0.0262015
-0.0232599
-0.537092
0.534151
0.0185521
-0.0122899
-0.365227
0.358964
0.00709805
-0.00292758
-0.172771
0.1686
0.000763074
-0.0286335
0.0278704
-0.0299553
0.0295845
0.000370828
-0.00403688
0.00733317
-0.243187
0.239891
-0.0115234
0.0147405
-0.418411
0.415194
-0.0166118
0.0167686
-0.553822
0.553665
-0.015819
0.0143402
-0.660901
0.662379
-0.0124752
0.0106301
-0.777863
0.779708
-0.00845537
0.00633273
-0.920886
0.923008
-0.00385621
0.00146025
-1.09434
1.09674
0.00130698
-0.00395796
-1.30406
1.30672
0.00698697
-0.00984326
-1.55835
1.5612
0.0125263
-0.0150377
-1.55724
1.55975
0.0169996
-0.0188417
-1.30158
1.30342
0.0202896
-0.0216609
-1.09158
1.09295
0.0227655
-0.0238856
-0.918788
0.919908
0.0248579
-0.0258483
-0.77764
0.77863
0.026544
-0.0265218
-0.658967
0.658945
0.0253348
-0.0219913
-0.53102
0.527677
0.0172024
-0.0112343
-0.352878
0.34691
0.00645906
-0.00267237
-0.164654
0.160867
0.000702276
-0.0271493
0.026447
-0.0292738
0.0290097
0.000264148
-0.00309538
0.00576899
-0.236928
0.234255
-0.00932063
0.0122059
-0.412166
0.40928
-0.0140318
0.0142799
-0.553524
0.553276
-0.0133821
0.0119543
-0.663919
0.665347
-0.0100705
0.00818814
-0.781548
0.783431
-0.00597003
0.00381344
-0.925031
0.927188
-0.00131061
-0.00108878
-1.09902
1.10142
0.00384484
-0.00646034
-1.30927
1.31189
0.00941175
-0.0121548
-1.56395
1.5667
0.0146882
-0.0170133
-1.56214
1.56447
0.0187941
-0.0204312
-1.30517
1.30681
0.0216903
-0.0228534
-1.0943
1.09546
0.0237726
-0.0247124
-0.920986
0.921926
0.0255395
-0.0263597
-0.779537
0.780357
0.0267799
-0.0265029
-0.65879
0.658513
0.0248749
-0.0211505
-0.524164
0.52044
0.016288
-0.0105375
-0.341089
0.335339
0.00605042
-0.00251613
-0.157239
0.153705
0.000667557
-0.0257745
0.025107
-0.0288024
0.0286394
0.000163034
-0.00222461
0.00431404
-0.231895
0.229805
-0.00722234
0.0097063
-0.406623
0.404139
-0.0113806
0.0116436
-0.553094
0.552831
-0.0107669
0.00935448
-0.66687
0.668282
-0.00742677
0.0054795
-0.785311
0.787258
-0.00318428
0.000962043
-0.929242
0.931464
0.00160133
-0.00404392
-1.10373
1.10617
0.00682215
-0.00942857
-1.31441
1.31702
0.0123284
-0.0149753
-1.56933
1.57198
0.0173684
-0.0195107
-1.56667
1.56881
0.0211095
-0.0225375
-1.30835
1.30978
0.0236018
-0.0245457
-1.09662
1.09756
0.0252642
-0.0260054
-0.922822
0.923564
0.0266761
-0.0273484
-0.781083
0.781755
0.0274667
-0.0268357
-0.65801
0.657379
0.0247897
-0.0207018
-0.516576
0.512489
0.0157507
-0.0101339
-0.329703
0.324087
0.00582502
-0.00243798
-0.150279
0.146892
0.000653392
-0.0244602
0.0238068
-0.0285328
0.0284718
6.09642e-05
-0.00137558
0.00289554
-0.22802
0.226501
-0.00514668
0.00716581
-0.401917
0.399898
-0.00858523
0.00878177
-0.55269
0.552494
-0.0078806
0.0064482
-0.669824
0.671257
-0.0044382
0.00239602
-0.789205
0.791247
9.52387e-06
-0.00233441
-0.933582
0.935907
0.0049963
-0.00751494
-1.10852
1.11104
0.01035
-0.0129766
-1.31954
1.32216
0.0158511
-0.0184181
-1.57452
1.57709
0.0206782
-0.0226372
-1.57082
1.57278
0.024048
-0.025256
-1.3111
1.31231
0.0261123
-0.026819
-1.09851
1.09922
0.027321
-0.0278456
-0.924274
0.924798
0.0283517
-0.028827
-0.782267
0.782742
0.0286632
-0.0276233
-0.656495
0.655455
0.0251297
-0.020655
-0.508276
0.503801
0.0155697
-0.0099902
-0.318549
0.31297
0.00575804
-0.00242717
-0.143572
0.140241
0.000657133
-0.0231671
0.02251
-0.0284677
0.0285155
-4.78447e-05
-0.00050222
0.00144716
-0.225287
0.224342
-0.0030134
0.00450316
-0.398175
0.396685
-0.00556576
0.00561238
-0.552481
0.552435
-0.00463105
0.00312445
-0.672865
0.674372
-0.0010015
-0.00117464
-0.793291
0.795467
0.00373886
-0.0061994
-0.938129
0.940589
0.00900239
-0.0116331
-1.11347
1.1161
0.0145634
-0.0172401
-1.3247
1.32738
0.0201134
-0.0226131
-1.57955
1.58205
0.0247427
-0.026511
-1.5746
1.57637
0.0277204
-0.0286915
-1.3134
1.31437
0.0293253
-0.0297832
-1.09995
1.10041
0.0300555
-0.0303468
-0.925301
0.925593
0.0306628
-0.0308723
-0.782941
0.78315
0.0304408
-0.0289083
-0.654143
0.652611
0.025922
-0.0210198
-0.499218
0.494316
0.0157362
-0.0100902
-0.307431
0.301785
0.00583711
-0.00247819
-0.13694
0.133581
0.000677295
-0.0218601
0.0211828
-0.0286187
0.0287819
-0.000163251
0.000419295
-8.10053e-05
-0.223717
0.223379
-0.000751308
0.0016296
-0.395523
0.394645
-0.0022314
0.00204375
-0.552643
0.55283
-0.000925267
-0.000718757
-0.676106
0.67775
0.00300565
-0.00535995
-0.797648
0.800002
0.00812893
-0.0107731
-0.942952
0.945596
0.0137666
-0.0165518
-1.11864
1.12143
0.0196183
-0.0223759
-1.32998
1.33274
0.0252743
-0.0277206
-1.58444
1.58689
0.0297207
-0.0312854
-1.57799
1.57955
0.0322792
-0.0329868
-1.3152
1.31591
0.0333735
-0.0335621
-1.10088
1.10107
0.0335893
-0.0336266
-0.925858
0.925895
0.0337353
-0.0336167
-0.782988
0.782869
0.0328487
-0.0307259
-0.650841
0.648719
0.0271998
-0.0218082
-0.489311
0.48392
0.0162439
-0.0104202
-0.296136
0.290312
0.00605087
-0.00258531
-0.130217
0.126751
0.000712131
-0.020507
0.0197948
-0.0290245
0.0293278
-0.000303288
0.00141383
-0.00172364
-0.223398
0.223708
0.00173112
-0.00156922
-0.394088
0.393926
0.00156059
-0.00209113
-0.553385
0.553915
0.00343115
-0.00526303
-0.679681
0.681513
0.00777053
-0.0103522
-0.802355
0.804937
0.0133813
-0.0162598
-0.948143
0.951022
0.0194968
-0.0224812
-1.12414
1.12712
0.0257264
-0.0285949
-1.33542
1.33829
0.0315365
-0.0339301
-1.58922
1.59162
0.0357859
-0.0371173
-1.58094
1.58227
0.0378711
-0.0382835
-1.31645
1.31686
0.0383985
-0.0382934
-1.10123
1.10113
0.0380498
-0.0378076
-0.925878
0.925636
0.0377025
-0.0371485
-0.782285
0.781731
0.0359463
-0.033169
-0.646423
0.643646
0.0290224
-0.0230477
-0.478418
0.472443
0.0170999
-0.0109771
-0.28444
0.278317
0.00639497
-0.00274592
-0.123247
0.119598
0.00076077
-0.0190793
0.0183185
-0.0297035
0.0301823
-0.000478878
0.0026929
-0.00374638
-0.224403
0.225457
0.00462003
-0.0052506
-0.394101
0.394731
0.00596221
-0.00694394
-0.554945
0.555927
0.00858762
-0.0106769
-0.68369
0.68578
0.0134827
-0.0163589
-0.807518
0.810394
0.0197176
-0.0228909
-0.953808
0.956982
0.0264334
-0.0296675
-1.13003
1.13327
0.0331361
-0.0361428
-1.34108
1.34409
0.0391392
-0.041471
-1.59389
1.59622
0.0431559
-0.0442193
-1.5834
1.58447
0.0446749
-0.0447644
-1.31708
1.31716
0.0445745
-0.0441389
-1.10093
1.1005
0.0435922
-0.0430372
-0.925287
0.924732
0.0426218
-0.0416186
-0.780677
0.779674
0.0398693
-0.036326
-0.640738
0.637194
0.031452
-0.0247698
-0.466341
0.459658
0.0183149
-0.0117604
-0.272096
0.265541
0.0068657
-0.00295704
-0.115879
0.111971
0.000821978
-0.0175502
0.0167282
-0.0307337
0.0314289
-0.000695231
0.00417255
-0.0061098
-0.226934
0.228871
0.00805207
-0.00957886
-0.395771
0.397298
0.0111104
-0.0126694
-0.557575
0.559134
0.0147585
-0.0171977
-0.688294
0.690733
0.020403
-0.0236528
-0.813274
0.816524
0.0274257
-0.0309673
-0.960073
0.963615
0.0348876
-0.0384251
-1.13644
1.13997
0.0421588
-0.0453228
-1.34701
1.35017
0.0483715
-0.0506164
-1.5984
1.60065
0.0520877
-0.0528309
-1.5853
1.58605
0.0529291
-0.052646
-1.31699
1.31671
0.0521027
-0.0512886
-1.09989
1.09908
0.0504003
-0.0494832
-0.924007
0.92309
0.0486621
-0.0471617
-0.778144
0.776643
0.044729
-0.0402839
-0.633552
0.629107
0.0345457
-0.0269993
-0.452823
0.445276
0.019893
-0.0127632
-0.258836
0.251707
0.00745426
-0.00321258
-0.107962
0.103721
0.000893322
-0.0158956
0.0150023
-0.0321932
0.0331751
-0.000981864
0.00604901
-0.00904299
-0.231244
0.234238
0.012231
-0.0148145
-0.399363
0.401947
0.0173147
-0.0195793
-0.561552
0.563817
0.0222553
-0.025171
-0.693683
0.696599
0.0289008
-0.0326262
-0.819788
0.823514
0.0369128
-0.0409012
-0.967086
0.971075
0.0452696
-0.0491565
-1.14345
1.14733
0.053181
-0.0565004
-1.35324
1.35656
0.0595704
-0.0616729
-1.60271
1.60481
0.0628586
-0.0631935
-1.58651
1.58685
0.0628799
-0.0621364
-1.31607
1.31533
0.0611833
-0.0599299
-1.09801
1.09675
0.0586496
-0.0573605
-0.921933
0.920643
0.0560188
-0.053918
-0.774581
0.772481
0.0506715
-0.0451428
-0.624576
0.619047
0.0383599
-0.0297533
-0.437545
0.428939
0.021829
-0.0139697
-0.244375
0.236515
0.00814483
-0.00350261
-0.0993538
0.0947116
0.000971123
-0.0140974
0.0131263
-0.0342131
0.0355881
-0.00137503
0.00849615
-0.0128433
-0.23766
0.242008
0.017515
-0.0213284
-0.405249
0.409062
0.0249586
-0.0280782
-0.567209
0.570328
0.031521
-0.0350722
-0.700133
0.703684
0.039487
-0.0438145
-0.827261
0.831588
0.0487284
-0.0532464
-0.975005
0.979523
0.0581268
-0.0623905
-1.15115
1.15542
0.0666975
-0.0701286
-1.35974
1.36317
0.073133
-0.0749832
-1.60666
1.60851
0.0757627
-0.0755659
-1.58684
1.58664
0.0747516
-0.0734273
-1.3141
1.31278
0.07201
-0.0702643
-1.09513
1.09339
0.0685582
-0.0668222
-0.919
0.917264
0.0648777
-0.0620522
-0.769786
0.766961
0.0578043
-0.0509586
-0.613435
0.606589
0.0429106
-0.0330131
-0.42012
0.410222
0.0240861
-0.0153397
-0.228408
0.219662
0.00890497
-0.00380908
-0.0899266
0.0848307
0.0010492
-0.0121455
0.0110963
-0.0369881
0.038924
-0.00193592
0.0119146
-0.0179636
-0.246709
0.252758
0.0244291
-0.0296848
-0.413916
0.419171
0.0346533
-0.038814
-0.574934
0.579095
0.0432337
-0.047619
-0.707975
0.712361
0.0529146
-0.0579851
-0.83594
0.84101
0.0636438
-0.0687602
-0.983992
0.989108
0.0741791
-0.0787955
-1.15958
1.1642
0.0833074
-0.0867372
-1.3664
1.36983
0.0895129
-0.0909351
-1.61002
1.61144
0.09113
-0.0902301
-1.58601
1.58511
0.0887678
-0.0867591
-1.31088
1.30888
0.0847739
-0.082493
-1.09112
1.08884
0.0803314
-0.0779897
-0.915035
0.912694
0.0754642
-0.0716855
-0.763417
0.759638
0.066209
-0.0577609
-0.599648
0.5912
0.048178
-0.0367187
-0.400092
0.388632
0.0265883
-0.0168015
-0.210637
0.20085
0.00968143
-0.00410451
-0.0795901
0.0740132
0.00111877
-0.0100439
0.00892512
-0.0408404
0.0436485
-0.00280816
0.0168597
-0.0251603
-0.259098
0.267399
0.0338532
-0.0408458
-0.426032
0.433025
0.0474467
-0.0528839
-0.585206
0.590644
0.0585452
-0.0640133
-0.717623
0.723091
0.0704152
-0.0763555
-0.846093
0.852034
0.0828157
-0.0885105
-0.994155
0.999849
0.0943735
-0.0991984
-1.16863
1.17346
0.103703
-0.106902
-1.37293
1.37613
0.10917
-0.109897
-1.61237
1.6131
0.109262
-0.10744
-1.58366
1.58184
0.105162
-0.102327
-1.30622
1.30338
0.0996601
-0.0967569
-1.08585
1.08294
0.0940887
-0.0910689
-0.909669
0.906649
0.0878737
-0.0828979
-0.755
0.750024
0.0758883
-0.0654812
-0.582608
0.572201
0.0540474
-0.0407271
-0.376947
0.363627
0.0291884
-0.0182305
-0.190794
0.179836
0.0103864
-0.00434543
-0.0683179
0.0622769
0.00116618
-0.00781557
0.00664939
-0.0463414
0.050619
-0.00427757
0.024529
-0.0358893
-0.275998
0.287358
0.0474632
-0.0567637
-0.44262
0.451921
0.0653683
-0.0722924
-0.598632
0.605556
0.079485
-0.0864241
-0.729477
0.736417
0.0939822
-0.100711
-0.857921
0.86465
0.107802
-0.113852
-1.00537
1.01142
0.119844
-0.124543
-1.17793
1.18263
0.128635
-0.131213
-1.37879
1.38137
0.132536
-0.132179
-1.61312
1.61277
0.130378
-0.127354
-1.57931
1.57629
0.124073
-0.120247
-1.2998
1.29598
0.116798
-0.113189
-1.07913
1.07553
0.109977
-0.106174
-0.902703
0.8989
0.102111
-0.0955723
-0.743996
0.737457
0.0866636
-0.0738828
-0.561545
0.548764
0.060262
-0.0447891
-0.350129
0.334656
0.0316606
-0.0194507
-0.168701
0.156491
0.0109002
-0.00447451
-0.0561928
0.049767
0.00117334
-0.0055109
0.00433756
-0.0545524
0.061895
-0.00734261
0.0379686
-0.0537947
-0.299544
0.31537
0.0694125
-0.0819002
-0.465328
0.477816
0.0926712
-0.100956
-0.615648
0.623933
0.109664
-0.117843
-0.743909
0.752088
0.126277
-0.133376
-0.871133
0.878232
0.140523
-0.146337
-1.01702
1.02284
0.151794
-0.155739
-1.18666
1.1906
0.158756
-0.160103
-1.38309
1.38444
0.159895
-0.157974
-1.61143
1.60951
0.154627
-0.150106
-1.5724
1.56788
0.145595
-0.140594
-1.29131
1.28631
0.136239
-0.131849
-1.0708
1.06641
0.127981
-0.123356
-0.893908
0.889282
0.118025
-0.10947
-0.729596
0.721041
0.0981617
-0.0824821
-0.535482
0.519802
0.0663413
-0.0485405
-0.319095
0.301294
0.0337478
-0.0203172
-0.144362
0.130931
0.0111403
-0.00445605
-0.0434689
0.0367846
0.00112271
-0.00321591
0.00209319
-0.0687445
0.0728207
-0.00407616
0.0290443
-0.0427964
-0.333711
0.347464
0.0566614
-0.0681258
-0.495579
0.507044
0.0783234
-0.0878165
-0.635831
0.645324
0.0983464
-0.107943
-0.759788
0.769384
0.118544
-0.127926
-0.884432
0.893814
0.137854
-0.146607
-1.0277
1.03646
0.155628
-0.163208
-1.19343
1.20101
0.170508
-0.17604
-1.38458
1.39011
0.180497
-0.182746
-1.60633
1.60858
0.182741
-0.181032
-1.56227
1.56056
0.178286
-0.174541
-1.28038
1.27663
0.171131
-0.167147
-1.06061
1.05663
0.163703
-0.159025
-0.882832
0.878155
0.151897
-0.139528
-0.710716
0.698348
0.122881
-0.100679
-0.503339
0.481137
0.078863
-0.0556699
-0.283374
0.260181
0.0374115
-0.0216983
-0.118106
0.102393
0.0114817
-0.00444392
-0.030642
0.0236043
0.00110426
-0.00104632
-5.794e-05
-0.0800933
0.0781281
0.00196526
0.007425
-0.0164973
-0.36397
0.373042
0.0270417
-0.0351569
-0.523178
0.531293
0.0432949
-0.0512678
-0.657279
0.665252
0.0609613
-0.0699345
-0.778588
0.787561
0.0794369
-0.0880642
-0.902634
0.911262
0.0971548
-0.10482
-1.04491
1.05257
0.112885
-0.119277
-1.20837
1.21476
0.125335
-0.129577
-1.39527
1.39951
0.132312
-0.132995
-1.60989
1.61057
0.131417
-0.1281
-1.55796
1.55465
0.123752
-0.118318
-1.27219
1.26676
0.113276
-0.107698
-1.05087
1.0453
0.102515
-0.096286
-0.86867
0.862441
0.0889615
-0.0781797
-0.682089
0.671307
0.0657197
-0.050784
-0.457451
0.442515
0.0375186
-0.0250065
-0.237226
0.224714
0.0160913
-0.00902104
-0.0875361
0.0804658
0.00468153
-0.00179692
-0.016949
0.0140644
0.00039528
0.0011409
-0.00153618
-0.0815129
0.0786048
0.00290814
-0.00167996
-0.00356735
-0.384429
0.389676
0.0107325
-0.0166182
-0.543539
0.549425
0.0226561
-0.0296248
-0.675374
0.682342
0.0380168
-0.0458091
-0.795633
0.803426
0.0542757
-0.0617974
-0.919139
0.926661
0.0694671
-0.0762821
-1.06005
1.06686
0.0832252
-0.0887867
-1.22068
1.22624
0.0935633
-0.0966133
-1.40302
1.40607
0.0983433
-0.0978791
-1.61045
1.60998
0.0951699
-0.0907252
-1.55059
1.54614
0.085481
-0.0792879
-1.26097
1.25477
0.073143
-0.0665298
-1.03832
1.03171
0.0603492
-0.0532739
-0.852933
0.845858
0.0464384
-0.0375488
-0.657071
0.648181
0.0285944
-0.0192162
-0.425769
0.416391
0.0124347
-0.00731187
-0.211486
0.206364
0.00436411
-0.0024649
-0.0732317
0.0713325
0.00139782
-0.000656885
-0.0110706
0.0103297
9.22779e-05
0.00211541
-0.00220768
-0.0802699
0.077527
0.00274283
-0.00526693
0.00274162
-0.398091
0.400616
0.00186844
-0.00633608
-0.55859
0.563058
0.0114621
-0.0173123
-0.69031
0.696161
0.0244929
-0.031169
-0.810564
0.81724
0.0384024
-0.0448512
-0.93365
0.940099
0.0518005
-0.057564
-1.07324
1.079
0.0636036
-0.0679616
-1.23137
1.23573
0.0719363
-0.0742919
-1.40885
1.41121
0.0751209
-0.073667
-1.60899
1.60754
0.0704148
-0.0654732
-1.54105
1.53611
0.0598044
-0.0528127
-1.24821
1.24122
0.0462594
-0.0391236
-1.0241
1.01697
0.0323207
-0.025177
-0.83626
0.829117
0.0186148
-0.0115008
-0.636187
0.629073
0.00537343
-0.000566572
-0.405736
0.40093
-0.00170726
0.00244341
-0.199395
0.198659
-0.00224196
0.00144844
-0.0683477
0.0691412
-0.000787115
0.00025712
-0.00917585
0.00970584
-0.000139783
0.00259169
-0.00245191
-0.0787888
0.0763696
0.0024192
-0.00635682
0.00542479
-0.407208
0.40814
-0.00205544
-0.00116488
-0.570689
0.57391
0.00535829
-0.0106877
-0.702842
0.708171
0.0167351
-0.0226012
-0.823202
0.829069
0.0288712
-0.0344749
-0.946095
0.951698
0.0404316
-0.0455531
-1.08462
1.08975
0.0506376
-0.0546044
-1.23993
1.24389
0.0579179
-0.0597302
-1.41317
1.41498
0.0600337
-0.0581678
-1.60586
1.604
0.0546018
-0.0492179
-1.53045
1.52506
0.04338
-0.0363695
-1.23411
1.2271
0.0296468
-0.0221037
-1.00908
1.00154
0.0151873
-0.00787325
-0.819797
0.812483
0.00178842
0.00378766
-0.619215
0.613639
-0.0077837
0.0099112
-0.393703
0.391576
-0.00984156
0.00835821
-0.195482
0.196965
-0.00646141
0.00423366
-0.0690139
0.0712417
-0.0024467
0.000956351
-0.00993413
0.0114245
-0.000320657
0.00256745
-0.00224679
-0.0774273
0.0753603
0.002067
-0.0062189
0.00578069
-0.413476
0.413914
-0.00377689
0.0011992
-0.580014
0.582592
0.00289184
-0.00745825
-0.713477
0.718043
0.0126674
-0.0177671
-0.834132
0.839232
0.0233541
-0.0283726
-0.956952
0.961971
0.0338301
-0.0383149
-1.09459
1.09907
0.0428789
-0.046425
-1.24756
1.25111
0.0492856
-0.0507508
-1.41651
1.41797
0.0507374
-0.049045
-1.60202
1.60033
0.0453558
-0.040111
-1.51926
1.51401
0.0342964
-0.0273218
-1.2199
1.21293
0.0208684
-0.0132689
-0.993618
0.986019
0.00638705
0.000614052
-0.803844
0.796843
-0.00611906
0.0107411
-0.605228
0.600606
-0.0137236
0.014912
-0.386491
0.385302
-0.0137296
0.0112578
-0.196031
0.198503
-0.00874651
0.00585454
-0.0726363
0.0755282
-0.00347742
0.00147462
-0.0126023
0.0146051
-0.000426535
0.00207988
-0.00165334
-0.0764038
0.0747964
0.00160742
-0.00533557
0.00522245
-0.418158
0.418272
-0.0036065
0.001659
-0.58814
0.590088
0.00217103
-0.00630586
-0.722688
0.726822
0.0112547
-0.015653
-0.843921
0.848319
0.0205712
-0.0250298
-0.966954
0.971413
0.0302187
-0.0342997
-1.10359
1.10767
0.0383548
-0.0417095
-1.25446
1.25782
0.0447201
-0.0460331
-1.41945
1.42076
0.0460749
-0.0443308
-1.59825
1.5965
0.0410414
-0.0357224
-1.50857
1.50326
0.0302812
-0.023752
-1.20584
1.19931
0.0174811
-0.0104805
-0.978423
0.971422
0.00395755
0.00276475
-0.788724
0.782002
-0.00778354
0.0120444
-0.592963
0.588702
-0.0146686
0.0155486
-0.381386
0.380506
-0.0145217
0.012097
-0.19844
0.200865
-0.00948251
0.00643222
-0.0775962
0.0806465
-0.00388605
0.00170423
-0.0161869
0.0183688
-0.000482904
0.0013362
-0.000853301
-0.0758855
0.0746282
0.00125732
-0.00426386
0.0042727
-0.421899
0.421891
-0.0028452
0.000991556
-0.595226
0.59708
0.00271303
-0.00641439
-0.730967
0.734669
0.0106619
-0.0149083
-0.852647
0.856893
0.0194574
-0.0240572
-0.975673
0.980273
0.0285265
-0.0324315
-1.11185
1.11575
0.0366229
-0.0397465
-1.26105
1.26418
0.0422992
-0.0440412
-1.42199
1.42373
0.0442837
-0.0428424
-1.59482
1.59338
0.0397412
-0.0350432
-1.49817
1.49347
0.0300008
-0.0239328
-1.19257
1.1865
0.0182011
-0.0116901
-0.964336
0.957825
0.005614
0.000622643
-0.774671
0.768434
-0.00560653
0.00967542
-0.581579
0.57751
-0.0119563
0.0131395
-0.377171
0.375988
-0.0126644
0.0106864
-0.200788
0.202766
-0.00849648
0.00584017
-0.0825302
0.0851865
-0.00358198
0.00159538
-0.0199304
0.021917
-0.000442176
0.000480277
-3.81015e-05
-0.0758919
0.0748509
0.00104105
-0.00299965
0.00277565
-0.425272
0.425496
-0.00158133
-0.000278333
-0.601727
0.603586
0.0037864
-0.0073711
-0.738677
0.742261
0.011449
-0.0152938
-0.86091
0.864754
0.0199602
-0.0237767
-0.98429
0.988107
0.0282192
-0.0319519
-1.11981
1.12354
0.0360401
-0.0393716
-1.26728
1.27062
0.0422301
-0.0437817
-1.42524
1.42679
0.0443966
-0.0433944
-1.59189
1.59088
0.0409925
-0.036714
-1.48873
1.48446
0.0322355
-0.0267268
-1.18066
1.17515
0.021529
-0.0154874
-0.951174
0.945132
0.00999071
-0.00407026
-0.761595
0.755674
-0.000893623
0.00503987
-0.571075
0.566929
-0.0074848
0.00873221
-0.372529
0.371282
-0.00892432
0.00781574
-0.202268
0.203376
-0.00638011
0.00447723
-0.0865281
0.088431
-0.00279931
0.00129737
-0.023117
0.0246189
-0.000384562
-0.000299572
0.000684134
-0.076181
0.0754656
0.000715486
-0.00186404
0.00122115
-0.428746
0.429389
-0.000233267
-0.00197646
-0.607389
0.609599
0.00508098
-0.00851023
-0.745882
0.749311
0.0124186
-0.016393
-0.868444
0.872418
0.0204463
-0.0244259
-0.992123
0.996102
0.0288374
-0.0323725
-1.12769
1.13123
0.0365654
-0.03987
-1.27375
1.27705
0.0428125
-0.0449203
-1.42875
1.43086
0.0460647
-0.0454085
-1.58995
1.58929
0.0433451
-0.0399055
-1.48044
1.477
0.0360905
-0.0310705
-1.16964
1.16462
0.0262237
-0.0208413
-0.939073
0.933691
0.0154012
-0.0100333
-0.749219
0.743851
0.00530522
-0.000783201
-0.561132
0.55661
-0.00196984
0.00377762
-0.367271
0.365463
-0.00448151
0.00434599
-0.202425
0.202561
-0.00366653
0.00265551
-0.0889607
0.0899717
-0.00174313
0.000851518
-0.0253075
0.0261991
-0.000271716
-0.000887264
0.00115898
-0.0768914
0.0763389
0.000552526
-0.00090553
0.00037453
-0.432451
0.432982
0.00137082
-0.00338293
-0.613337
0.615349
0.00662399
-0.00992503
-0.752571
0.755872
0.0136851
-0.017261
-0.876045
0.879621
0.0214401
-0.025111
-1.00008
1.00375
0.0294807
-0.033461
-1.13521
1.13919
0.0373134
-0.0409657
-1.2804
1.28406
0.0443552
-0.0465879
-1.43288
1.43511
0.0481544
-0.0483441
-1.58889
1.58908
0.0468106
-0.0440803
-1.47351
1.47078
0.0405459
-0.0360529
-1.15972
1.15523
0.031696
-0.0266069
-0.927958
0.922869
0.0216986
-0.016559
-0.737748
0.732608
0.0119345
-0.00718234
-0.550855
0.546102
0.00378958
-0.0013897
-0.361178
0.358778
-1.06951e-05
0.000727812
-0.200929
0.200212
-0.000931428
0.00084112
-0.0896449
0.0897352
-0.000640515
0.000369108
-0.0263024
0.0265738
-0.000139154
-0.00123772
0.00137687
-0.0778741
0.0775141
0.000359948
0.000117295
-0.000951083
-0.436242
0.437076
0.00254645
-0.00486833
-0.618859
0.621181
0.00803486
-0.0111775
-0.75903
0.762173
0.0150227
-0.0184508
-0.88316
0.886588
0.022477
-0.0262759
-1.00789
1.01169
0.0305603
-0.0345188
-1.14302
1.14698
0.0386099
-0.0423094
-1.28763
1.29133
0.0459122
-0.0489206
-1.43763
1.44064
0.050975
-0.0515141
-1.58923
1.58977
0.0507162
-0.0483375
-1.46798
1.4656
0.0453732
-0.0414566
-1.15074
1.14682
0.0372577
-0.0325639
-0.917581
0.912887
0.0280066
-0.0229301
-0.726893
0.721817
0.0183644
-0.0132848
-0.540476
0.535397
0.00942053
-0.00617709
-0.354127
0.350883
0.00409765
-0.00254346
-0.197711
0.196157
0.00145008
-0.00066754
-0.0885751
0.0877925
0.000210916
3.14447e-05
-0.0261368
0.0258944
-5.79401e-05
-0.00132356
0.0013815
-0.079091
0.0788734
0.000217616
0.00107601
-0.00197948
-0.440306
0.44121
0.00363335
-0.00601119
-0.62445
0.626828
0.00903515
-0.0122691
-0.765472
0.768706
0.0159337
-0.0194347
-0.890014
0.893515
0.0232942
-0.027206
-1.01531
1.01922
0.0313593
-0.035597
-1.151
1.15524
0.0396276
-0.0436921
-1.29498
1.29905
0.0477387
-0.0508315
-1.4434
1.44649
0.0534579
-0.0548849
-1.5906
1.59202
0.0544324
-0.0528729
-1.46336
1.4618
0.0503436
-0.0466023
-1.1428
1.13906
0.0428729
-0.0385766
-0.908064
0.903768
0.0343038
-0.0293446
-0.716334
0.711375
0.0244684
-0.0191696
-0.529359
0.524061
0.0146667
-0.0106414
-0.345791
0.341765
0.00776357
-0.0052782
-0.19288
0.190394
0.00347674
-0.00188731
-0.0858419
0.0842525
0.000885662
-0.000242004
-0.0250024
0.0243587
1.44322e-05
-0.00122906
0.00121463
-0.0804217
0.0804273
-5.66426e-06
0.00143335
-0.00258136
-0.44446
0.445608
0.00455818
-0.00718422
-0.630104
0.63273
0.0103174
-0.0133904
-0.771854
0.774927
0.0166222
-0.0199589
-0.897038
0.900375
0.0240855
-0.0278231
-1.02315
1.02688
0.0323451
-0.0364092
-1.15911
1.16317
0.0409568
-0.0449276
-1.30306
1.30703
0.0491262
-0.0528004
-1.44972
1.4534
0.055866
-0.0579118
-1.59321
1.59526
0.0583482
-0.0571296
-1.46015
1.45893
0.0551249
-0.0520546
-1.13534
1.13227
0.0485913
-0.0444677
-0.899119
0.894996
0.0402416
-0.0350303
-0.705806
0.700594
0.0298489
-0.0241287
-0.517714
0.511994
0.0192237
-0.0145551
-0.336337
0.331668
0.0109784
-0.00763658
-0.186458
0.183116
0.00517049
-0.00294162
-0.0816192
0.0793903
0.00146545
-0.000484891
-0.0230597
0.0220791
7.94591e-05
-0.0010101
0.000930639
-0.0818966
0.0820126
-0.000116017
0.00196982
-0.00323269
-0.448819
0.450082
0.00529967
-0.00787143
-0.635547
0.638119
0.0110712
-0.0139601
-0.778165
0.781054
0.0172484
-0.0207719
-0.903804
0.907327
0.0244066
-0.0283034
-1.03075
1.03465
0.0326524
-0.0368027
-1.16735
1.1715
0.0415913
-0.0460369
-1.31131
1.31576
0.0504867
-0.0544118
-1.45725
1.46117
0.0582464
-0.0606411
-1.59741
1.5998
0.0619333
-0.0613958
-1.4581
1.45756
0.0598464
-0.0570675
-1.12922
1.12644
0.0540874
-0.0500101
-0.890658
0.886581
0.0456458
-0.0401721
-0.694622
0.689148
0.0345513
-0.0284061
-0.505185
0.499039
0.0230948
-0.017801
-0.325855
0.320561
0.0136335
-0.00957163
-0.178484
0.174422
0.0064253
-0.00367828
-0.0761645
0.0734174
0.00185969
-0.000646624
-0.0205238
0.0193108
0.00012822
-0.000700538
0.000572318
-0.0834646
0.0836175
-0.000152909
0.00227227
-0.00384577
-0.453103
0.454676
0.00617191
-0.00860328
-0.640996
0.643428
0.0116573
-0.0143617
-0.78427
0.786974
0.0177119
-0.0211472
-0.910468
0.913903
0.024946
-0.0288647
-1.03823
1.04215
0.0327857
-0.0370952
-1.17576
1.18007
0.0420588
-0.0466872
-1.32
1.32463
0.0515482
-0.0557996
-1.46519
1.46945
0.0600539
-0.0631757
-1.60263
1.60575
0.0648108
-0.0653438
-1.45712
1.45765
0.0643517
-0.0621688
-1.12382
1.12164
0.0593144
-0.055193
-0.882189
0.878067
0.0505883
-0.0444861
-0.682726
0.676624
0.0383867
-0.0317824
-0.491901
0.485297
0.0259094
-0.0201891
-0.314212
0.308492
0.0153685
-0.0107604
-0.169189
0.164581
0.00713608
-0.00403918
-0.0697875
0.0666906
0.00204183
-0.000722209
-0.0176474
0.0163278
0.000147894
-0.000339986
0.000192092
-0.0850213
0.0852301
-0.000208844
0.00254895
-0.00420493
-0.457715
0.459371
0.00644266
-0.00906067
-0.646258
0.648876
0.0116717
-0.0148026
-0.789835
0.792966
0.0179429
-0.0212112
-0.917148
0.920416
0.024985
-0.0286472
-1.04597
1.04964
0.0331439
-0.0373558
-1.18432
1.18854
0.0421805
-0.0470658
-1.3291
1.33398
0.0518733
-0.0566758
-1.47412
1.47892
0.0614351
-0.0651424
-1.60916
1.61286
0.0676158
-0.0687989
-1.45805
1.45923
0.068463
-0.0668236
-1.1196
1.11796
0.0642195
-0.0600329
-0.873701
0.869515
0.0549697
-0.0483121
-0.669783
0.663126
0.0416218
-0.0341601
-0.477725
0.470263
0.0278805
-0.021424
-0.301656
0.295199
0.0160016
-0.0109444
-0.15883
0.153773
0.00708412
-0.00391311
-0.0629274
0.0597564
0.00194398
-0.000682711
-0.0147058
0.0134445
0.000149632
1.26615e-05
-0.000162294
-0.0866787
0.0868625
-0.000183841
0.00281414
-0.00420075
-0.462468
0.463855
0.0066436
-0.00899105
-0.651536
0.653884
0.0119841
-0.0146138
-0.79588
0.79851
0.017932
-0.0210224
-0.923763
0.926854
0.0250512
-0.0286021
-1.05358
1.05713
0.0330571
-0.0368917
-1.19323
1.19706
0.0421829
-0.0468981
-1.33872
1.34344
0.0520502
-0.0571126
-1.48363
1.4887
0.0623817
-0.0667355
-1.61705
1.6214
0.0701198
-0.0720249
-1.46058
1.46249
0.0721957
-0.0710313
-1.11635
1.11518
0.0686409
-0.0642374
-0.864738
0.860335
0.0588114
-0.0515743
-0.655572
0.648335
0.0442484
-0.0359735
-0.461857
0.453582
0.0286733
-0.0211637
-0.287501
0.279991
0.0150305
-0.00951812
-0.147736
0.142224
0.00566758
-0.00283499
-0.0561831
0.0533505
0.00126136
-0.00040698
-0.0120692
0.0112148
8.19901e-05
0.000334917
-0.000416907
-0.0881766
0.0884058
-0.000229209
0.00263866
-0.00457475
-0.466683
0.468619
0.00698474
-0.0094532
-0.656646
0.659115
0.0119052
-0.0146847
-0.801337
0.804117
0.0177428
-0.0209757
-0.930158
0.933391
0.0243579
-0.0281331
-1.06075
1.06453
0.0322952
-0.0366052
-1.20155
1.20586
0.0415556
-0.0465279
-1.34832
1.35329
0.0519111
-0.0571237
-1.49385
1.49906
0.0627941
-0.067829
-1.62596
1.63099
0.071907
-0.0743717
-1.46489
1.46736
0.0755175
-0.0750482
-1.11406
1.11359
0.0725248
-0.0680645
-0.85561
0.85115
0.062569
-0.0548117
-0.640251
0.632494
0.0466713
-0.0372609
-0.444065
0.434654
0.0284469
-0.0192573
-0.2711
0.26191
0.0118129
-0.00522003
-0.135677
0.129085
0.00109667
0.00150587
-0.0503369
0.0477343
-0.00228458
0.00176506
-0.0106541
0.0111736
-0.000733843
0.000349264
0.000384578
-0.0897682
0.0900262
-0.000258076
0.00273519
-0.00461216
-0.471056
0.472933
0.00694707
-0.0092693
-0.661523
0.663845
0.0118057
-0.0142318
-0.807065
0.809491
0.0176068
-0.0203354
-0.936466
0.939195
0.0240734
-0.0275981
-1.06815
1.07167
0.0315762
-0.0359173
-1.2101
1.21444
0.0408172
-0.0456021
-1.35808
1.36287
0.0514534
-0.056706
-1.5045
1.50976
0.0629615
-0.0684177
-1.63624
1.6417
0.0729378
-0.0765437
-1.47061
1.47422
0.0781526
-0.0781591
-1.11294
1.11295
0.0762357
-0.0718309
-0.84659
0.842185
0.0661109
-0.0582312
-0.623885
0.616005
0.0494551
-0.0384843
-0.423934
0.412963
0.0279756
-0.0161569
-0.250851
0.239032
0.00599592
0.00382304
-0.120664
0.110845
-0.0110668
0.0166311
-0.0440135
0.0384493
-0.0184182
0.0155065
-0.0125542
0.0154659
-0.00850949
-0.00388293
0.0123924
-0.0912013
0.0914884
-0.000287187
0.00291271
-0.00465749
-0.475381
0.477126
0.00719113
-0.00935082
-0.666494
0.668654
0.0119121
-0.0143838
-0.8123
0.814772
0.0173887
-0.0206503
-0.942162
0.945423
0.024336
-0.027673
-1.07564
1.07898
0.0320941
-0.0367685
-1.21869
1.22337
0.0419349
-0.0472627
-1.36798
1.37331
0.0538419
-0.059932
-1.51559
1.52168
0.0668615
-0.0737998
-1.64738
1.65432
0.0796222
-0.0845192
-1.47823
1.48313
0.0875277
-0.088615
-1.11303
1.11411
0.0871265
-0.08276
-0.837702
0.833336
0.0767431
-0.0682752
-0.606969
0.598501
0.0584357
-0.0453422
-0.401102
0.388008
0.0318379
-0.0158798
-0.22504
0.209082
0.000727619
0.0161537
-0.0974582
0.0805769
-0.0262153
0.0261231
-0.0284761
0.0285683
-0.00800868
-0.0424814
-0.0170377
0.0675277
0.13161
-0.286074
-0.0368197
0.191284
-0.0926145
0.0929098
-0.000295258
0.00292614
-0.00467929
-0.479694
0.481447
0.00684014
-0.00907094
-0.67111
0.673341
0.0117219
-0.0140564
-0.817691
0.820025
0.0173432
-0.0203669
-0.948557
0.95158
0.0240064
-0.0275867
-1.08299
1.08657
0.0320417
-0.0366922
-1.22764
1.23229
0.0423079
-0.0476194
-1.37903
1.38434
0.0545409
-0.0613063
-1.52812
1.53489
0.0691823
-0.0768437
-1.6613
1.66896
0.0841539
-0.0904324
-1.48885
1.49513
0.0947891
-0.0972068
-1.11534
1.11776
0.0965298
-0.0924289
-0.829339
0.825238
0.0866056
-0.0782525
-0.588801
0.580448
0.0682755
-0.0545887
-0.374238
0.360552
0.0393653
-0.0218387
-0.190974
0.173447
0.0142666
-0.0344491
-0.0700491
0.0902316
0.108009
-0.296028
-0.0805063
0.268525
0.554393
-0.830085
-0.270528
0.546221
1.02275
-1.16072
-0.452057
0.590031
-0.093946
0.0941648
-0.000218887
0.00277311
-0.0045653
-0.483775
0.485567
0.00655758
-0.0090589
-0.675611
0.678113
0.011626
-0.0137546
-0.822871
0.824999
0.0168465
-0.0198791
-0.954678
0.957711
0.0234962
-0.0271559
-1.09061
1.09427
0.0317594
-0.0365545
-1.23716
1.24195
0.0425059
-0.0480722
-1.39042
1.39599
0.0553333
-0.0624542
-1.54195
1.54908
0.0715377
-0.0801162
-1.6771
1.68568
0.0887646
-0.0965567
-1.50228
1.51007
0.102227
-0.106389
-1.12057
1.12473
0.107173
-0.103541
-0.821605
0.817973
0.0978346
-0.0895989
-0.570177
0.561941
0.0804095
-0.0687711
-0.347377
0.335738
0.0631007
-0.0942095
-0.16768
0.198789
0.210854
-0.489932
-0.203389
0.482467
0.790299
-1.01935
-0.584847
0.813901
1.14194
-1.22724
-0.702683
0.787984
1.2697
-1.2974
-0.652754
0.680463
-0.0949537
0.0948464
0.000107334
0.00248049
-0.00470695
-0.488212
0.490439
0.00641462
-0.00849295
-0.680077
0.682155
0.0114961
-0.0129392
-0.827886
0.829329
0.0167601
-0.0186184
-0.960392
0.962251
0.0236294
-0.0262221
-1.09757
1.10016
0.0316628
-0.0360893
-1.2466
1.25103
0.0424275
-0.0478676
-1.402
1.40744
0.0562534
-0.0633294
-1.55654
1.56362
0.0737375
-0.0828553
-1.69471
1.70383
0.0934347
-0.102339
-1.51828
1.52718
0.110117
-0.115225
-1.12877
1.13387
0.119098
-0.11633
-0.815232
0.812464
0.109589
-0.101527
-0.550895
0.542833
0.0978437
-0.116784
-0.330699
0.34964
0.229623
-0.478885
-0.333492
0.582754
0.788171
-1.0276
-0.816553
1.05598
1.13541
-1.20109
-0.933877
0.999558
1.23475
-1.25754
-0.828296
0.851085
1.27135
-1.28511
-0.695634
0.709396
-0.095909
0.046511
-0.00401165
0.0534097
0.494006
0.00420737
-0.0047013
-0.493512
0.684942
0.00698472
-0.00789606
-0.68403
0.83452
0.0102311
-0.0132193
-0.831532
0.967569
0.0151901
-0.018703
-0.964056
1.10695
0.0219453
-0.0262824
-1.10261
1.43456
-0.144078
-0.0355429
-1.25494
1.59367
-0.13262
-0.0479702
-1.41308
1.75204
-0.116805
-0.0644805
-1.57076
1.89357
-0.0943851
-0.0858122
-1.71337
1.72069
-0.0759782
-0.108425
-1.53628
1.32314
-0.0596116
-0.12456
-1.13897
0.984843
-0.0390574
-0.13278
-0.813005
0.526215
0.123741
-0.111553
-0.538404
0.578924
0.168284
-0.278016
-0.469191
1.25252
0.585085
-0.930421
-0.907181
1.2498
1.07392
-1.14202
-1.1817
1.06299
1.17711
-1.20119
-1.03892
0.886442
1.21782
-1.23558
-0.868686
0.732111
1.24947
-1.26107
-0.720514
-0.1138
0.11195
0.00185033
-0.488133
0.491224
0.00301189
-0.00610284
-0.68617
0.688408
0.00818139
-0.0104192
-0.841108
0.842523
0.0136294
-0.0150441
-0.97874
0.980226
0.0197706
-0.0212563
-1.12081
1.12305
0.0267244
-0.0289716
-1.27486
1.27845
0.0356113
-0.039203
-1.43821
1.44353
0.0475002
-0.0528221
-1.60355
1.61064
0.0635949
-0.0706867
-1.75581
1.76626
0.0848473
-0.0952945
-1.58137
1.59252
0.111597
-0.122741
-1.17287
1.18135
0.137675
-0.146156
-0.825208
0.832304
0.156909
-0.164005
-0.664895
0.793457
0.21034
-0.338902
-1.17736
1.47294
0.561048
-0.856626
-1.49366
1.58733
0.986402
-1.08008
-1.32027
1.35127
1.11272
-1.14372
-1.10211
1.12411
1.16379
-1.18579
-0.916222
0.935163
1.20063
-1.21957
0.902633
-0.332708
1.42445
-1.24682
-0.74755
-0.109211
0.107701
0.0015101
-0.493859
0.496997
0.00317714
-0.00631468
-0.690417
0.693051
0.00859222
-0.0112255
-0.844173
0.847006
0.0138385
-0.0166716
-0.982379
0.985529
0.0200168
-0.0231666
-1.12594
1.12992
0.0273393
-0.0313244
-1.28285
1.28773
0.0368961
-0.0417787
-1.44906
1.45587
0.0494278
-0.0562363
-1.61865
1.62776
0.0661865
-0.0752952
-1.77729
1.79015
0.0890585
-0.101916
-1.60494
1.61967
0.117957
-0.132694
-1.19129
1.20467
0.147304
-0.160683
-0.852307
0.88948
0.172895
-0.210068
-0.976896
1.20277
0.313906
-0.539778
-1.70294
1.86755
0.793259
-0.957867
-1.64545
1.68996
1.02725
-1.07176
-1.38056
1.40779
1.09989
-1.12711
-1.14885
1.16914
1.1507
-1.17099
-0.953492
0.972786
1.18435
-1.20364
0.90745
-0.317913
-0.77679
1.42348
-1.23623
-0.105725
0.104988
0.000736904
-0.499576
0.502467
0.0037656
-0.00665629
-0.695904
0.698485
0.0092038
-0.0117848
-0.849413
0.85262
0.0145887
-0.0177958
-0.988906
0.992313
0.0210493
-0.0244557
-1.13429
1.13884
0.0288083
-0.0333679
-1.29349
1.29927
0.0386935
-0.0444703
-1.4632
1.47129
0.0515553
-0.059644
-1.6377
1.6484
0.069393
-0.0800902
-1.80404
1.81919
0.0934966
-0.108648
-1.63591
1.65366
0.124663
-0.142419
-1.21805
1.23336
0.157604
-0.172916
-0.943036
1.02312
0.200477
-0.280565
-1.46787
1.74436
0.458808
-0.735305
-1.97466
2.05261
0.898568
-0.97652
-1.72344
1.75595
1.01771
-1.05021
-1.43625
1.46491
1.07786
-1.10652
-1.19563
1.22378
1.13137
-1.15952
-0.997327
1.01732
1.18195
-1.20195
0.913461
-0.301233
-0.812776
1.42653
-1.22598
-0.103571
0.103527
4.32178e-05
-0.504941
0.507935
0.00406467
-0.00705863
-0.701302
0.704302
0.00972318
-0.0127228
-0.855534
0.858759
0.0156726
-0.0188983
-0.995974
0.999706
0.0221173
-0.0258496
-1.1432
1.14806
0.0303179
-0.0351808
-1.30526
1.31127
0.0409101
-0.0469199
-1.47906
1.48749
0.0545553
-0.0629885
-1.65926
1.67046
0.0730963
-0.0842914
-1.83465
1.85069
0.0987424
-0.114787
-1.67149
1.69073
0.131977
-0.15122
-1.25007
1.27345
0.167576
-0.190956
-1.13773
1.28387
0.24048
-0.386618
-1.99977
2.2171
0.617173
-0.83451
-2.11264
2.16032
0.916546
-0.96423
-1.78407
1.81219
0.993306
-1.02142
-1.49344
1.52684
1.05147
-1.08487
-1.25505
1.27394
1.11022
-1.12912
-1.0294
1.03952
1.13893
-1.14905
0.892239
-0.266627
-0.836097
1.38704
-1.17656
-0.102681
0.103081
-0.000400756
-0.510227
0.513314
0.00455475
-0.00764159
-0.707098
0.710298
0.0101694
-0.0133688
-0.861744
0.865007
0.0166668
-0.01993
-1.00347
1.00706
0.0236963
-0.0272904
-1.15262
1.15784
0.0320081
-0.0372309
-1.31786
1.32393
0.043269
-0.0493296
-1.4956
1.50408
0.0575326
-0.0660131
-1.68195
1.69368
0.0766376
-0.0883596
-1.86711
1.88364
0.103877
-0.120401
-1.70963
1.73015
0.138991
-0.159506
-1.30088
1.3376
0.178381
-0.215097
-1.45871
1.66047
0.302998
-0.504757
-2.38296
2.50489
0.733299
-0.855234
-2.19981
2.23386
0.905481
-0.939527
-1.83939
1.86821
0.962401
-0.991224
-1.55102
1.57159
1.01714
-1.03771
-1.2814
1.27954
1.05088
-1.04903
-1.00481
0.94039
1.02661
-0.962185
0.778103
-0.16044
-0.808627
1.07834
-0.887378
-0.102777
0.10351
-0.000732554
-0.515745
0.51873
0.00513556
-0.00812079
-0.712985
0.716111
0.0110825
-0.0142078
-0.868195
0.87164
0.0176605
-0.0211054
-1.01107
1.01527
0.0245851
-0.0287852
-1.1624
1.16741
0.0334725
-0.0384827
-1.33035
1.33668
0.0449017
-0.0512315
-1.5124
1.52107
0.0593996
-0.0680747
-1.70507
1.71709
0.0788187
-0.090838
-1.90017
1.91706
0.106067
-0.122958
-1.74949
1.7699
0.141485
-0.161895
-1.37861
1.43306
0.18562
-0.240074
-1.87648
2.10609
0.364618
-0.59423
-2.59082
2.65724
0.751934
-0.81836
-2.26159
2.28623
0.850433
-0.875073
-1.89585
1.91793
0.897445
-0.919517
-1.58217
1.57729
0.930453
-0.925579
-1.24682
1.17389
0.898065
-0.82514
-0.783672
0.492703
0.679534
-0.388565
-0.102018
-0.0284169
0.130435
-0.103305
0.104252
-0.000946357
-0.52129
0.524272
0.00559501
-0.00857733
-0.719258
0.722462
0.0117584
-0.0149626
-0.874979
0.878372
0.0188317
-0.0222243
-1.01955
1.02361
0.0264339
-0.0304941
-1.17285
1.17806
0.0360354
-0.0412403
-1.34367
1.35064
0.0480804
-0.0550515
-1.53053
1.53974
0.0639729
-0.0731796
-1.72981
1.7429
0.0854317
-0.09852
-1.93542
1.95404
0.115694
-0.134319
-1.79176
1.81584
0.154878
-0.178957
-1.50277
1.59187
0.212333
-0.301424
-2.35173
2.58295
0.471753
-0.702975
-2.71379
2.76107
0.799718
-0.846993
-2.31051
2.33343
0.874295
-0.897214
-1.93422
1.94371
0.915061
-0.924552
-1.55735
1.50659
0.915546
-0.86479
-1.02494
0.763606
0.744861
-0.483524
-0.184236
0.0166497
0.194293
-0.0267062
0.045851
-0.0380023
-0.00784869
-0.104226
0.105293
-0.00106709
-0.526483
0.530153
0.00552721
-0.00919637
-0.72542
0.729006
0.0125875
-0.0161743
-0.882139
0.886042
0.0197654
-0.0236679
-1.02805
1.03264
0.0280061
-0.0325938
-1.184
1.18995
0.0378213
-0.0437708
-1.35807
1.36615
0.0509257
-0.0589994
-1.54996
1.56023
0.0682701
-0.0785398
-1.75697
1.77119
0.0920366
-0.106259
-1.97445
1.99521
0.12514
-0.1459
-1.84169
1.87091
0.168743
-0.197963
-1.70388
1.83492
0.247847
-0.378886
-2.80025
2.98236
0.587474
-0.769589
-2.80278
2.8389
0.831147
-0.86727
-2.35584
2.37444
0.889765
-0.908366
-1.94418
1.92722
0.916324
-0.899359
-1.40497
1.23058
0.83341
-0.659011
-0.422018
0.148403
0.359042
-0.085427
0.0473707
-0.0636304
0.00638042
0.0098793
0.0309659
-0.0247079
-0.00625806
-0.105095
0.106129
-0.00103474
-0.53217
0.535488
0.00573714
-0.00905471
-0.732241
0.735784
0.0128898
-0.0164322
-0.889996
0.893631
0.0207811
-0.024416
-1.0374
1.04217
0.0293008
-0.0340749
-1.19601
1.20231
0.0400519
-0.0463572
-1.37393
1.38217
0.0540394
-0.0622864
-1.57126
1.58214
0.0727632
-0.0836356
-1.78683
1.80226
0.098452
-0.113879
-2.01726
2.03996
0.134539
-0.15724
-1.90347
1.941
0.18305
-0.220573
-1.98805
2.16108
0.294305
-0.46734
-3.13542
3.2535
0.686945
-0.805028
-2.87134
2.89946
0.849699
-0.877813
-2.3903
2.39816
0.896329
-0.904186
-1.88277
1.79491
0.883975
-0.79611
-0.954747
0.600823
0.617275
-0.263351
-0.00863994
-0.0516736
0.0637267
-0.00341321
0.0660623
-0.0648064
-0.00832282
0.00706689
0.0203272
-0.017431
-0.00289618
-0.105809
0.106808
-0.000998656
-0.537666
0.540888
0.00573631
-0.00895842
-0.738938
0.742935
0.0127806
-0.0167776
-0.897956
0.902362
0.0209426
-0.0253487
-1.04745
1.05235
0.030336
-0.0352363
-1.20896
1.21539
0.0416583
-0.0480954
-1.391
1.39971
0.0569317
-0.0656361
-1.59422
1.60601
0.0766664
-0.0884632
-1.81879
1.83582
0.104013
-0.121044
-2.06422
2.08874
0.143398
-0.167927
-1.98324
2.03297
0.197223
-0.246953
-2.3567
2.5682
0.351619
-0.563119
-3.34931
3.42554
0.74875
-0.824982
-2.92427
2.94635
0.856326
-0.878404
-2.39635
2.37281
0.884901
-0.861362
-1.65041
1.45207
0.783365
-0.585025
-0.272069
0.0730668
0.237788
-0.0387852
0.0724448
-0.0816
-0.00479722
0.0139524
0.0612084
-0.0558074
-0.0125606
0.00715971
0.0152341
-0.0127334
-0.00250074
-0.106151
0.107004
-0.000853058
-0.543131
0.546475
0.00542779
-0.00877169
-0.746105
0.75013
0.0127634
-0.0167891
-0.906511
0.910948
0.0210576
-0.0254946
-1.0581
1.06319
0.0308857
-0.0359751
-1.22275
1.22959
0.0429367
-0.049778
-1.40906
1.41841
0.0586164
-0.0679653
-1.61906
1.63166
0.0798425
-0.0924516
-1.85386
1.87198
0.109246
-0.127362
-2.11493
2.14166
0.150944
-0.177673
-2.08872
2.15593
0.211425
-0.278631
-2.79971
3.03522
0.412104
-0.647616
-3.48886
3.53982
0.775852
-0.826813
-2.96479
2.97575
0.849729
-0.860687
-2.33055
2.25427
0.844885
-0.768606
-1.15672
0.792748
0.60193
-0.237955
0.0230457
-0.0727439
0.0561075
-0.00640938
0.0813444
-0.0833784
-0.00766796
0.00970195
0.0499934
-0.0464484
-0.00736934
0.0038243
0.010565
-0.00933109
-0.00123394
-0.106025
0.106648
-0.000623504
-0.548213
0.551384
0.00487321
-0.00804402
-0.753422
0.757402
0.0119052
-0.0158859
-0.915275
0.919676
0.0204559
-0.0248566
-1.06889
1.07447
0.0305687
-0.0361425
-1.23699
1.24432
0.0428163
-0.0501428
-1.42828
1.43812
0.0591381
-0.0689817
-1.64516
1.65882
0.0815819
-0.0952391
-1.89088
1.90978
0.113011
-0.131907
-2.16975
2.19788
0.157116
-0.185253
-2.23038
2.32024
0.225927
-0.315783
-3.27234
3.49239
0.475988
-0.696033
-3.5806
3.61391
0.778274
-0.81158
-2.98209
2.97553
0.827335
-0.820779
-2.14536
1.97996
0.770582
-0.605181
-0.429433
0.17759
0.299235
-0.0473913
0.0900238
-0.102642
0.00447136
0.00814706
0.0835781
-0.0823441
-0.0082567
0.00702269
0.0440373
-0.0416164
-0.00481448
0.00239356
0.0086104
-0.00784212
-0.000768277
-0.105141
0.105515
-0.000374244
-0.552602
0.555621
0.00340756
-0.00642688
-0.760194
0.764425
0.0102928
-0.0145241
-0.924227
0.928541
0.0192952
-0.0236089
-1.08029
1.08582
0.0289681
-0.034497
-1.25189
1.25922
0.0417152
-0.0490426
-1.44866
1.45855
0.0587501
-0.0686413
-1.67299
1.68683
0.0821798
-0.0960201
-1.92992
1.94994
0.114281
-0.134301
-2.22816
2.2583
0.160593
-0.190733
-2.41848
2.53023
0.239141
-0.350886
-3.69867
3.87472
0.532857
-0.708903
-3.64018
3.66388
0.760021
-0.783719
-2.95711
2.91755
0.786889
-0.74733
-1.79003
1.53022
0.635826
-0.376015
-0.0323961
-0.0392213
0.0676382
0.00397926
0.111795
-0.111574
-0.0105743
0.0103528
0.0812158
-0.0791803
-0.00944114
0.00740562
0.0398934
-0.0374469
-0.00505323
0.00260675
0.00737503
-0.00647133
-0.000903693
-0.103397
0.103254
0.000142187
-0.556151
0.558667
0.00171523
-0.00423073
-0.766884
0.770904
0.00762118
-0.0116411
-0.932985
0.937387
0.01632
-0.0207217
-1.09189
1.09758
0.025893
-0.0315829
-1.26734
1.27489
0.038666
-0.0462142
-1.46905
1.47935
0.0558679
-0.0661689
-1.70158
1.71592
0.0797025
-0.0940358
-1.97079
1.99095
0.112856
-0.133016
-2.29034
2.32332
0.16026
-0.193234
-2.64597
2.77395
0.249134
-0.377119
-4.0232
4.14138
0.571211
-0.689383
-3.68213
3.69668
0.723191
-0.737741
-2.86688
2.79312
0.723968
-0.650203
-1.22675
0.899952
0.488026
-0.16123
0.0772553
-0.108587
0.0622868
-0.0309546
0.118463
-0.130612
0.01056
0.00158892
0.0803186
-0.0816685
-0.00822666
0.00957658
0.0359091
-0.0323717
-0.00750018
0.00396281
0.00598429
-0.00470012
-0.00128418
-0.100414
0.0998647
0.000549207
-0.558083
0.559845
-0.00061935
-0.00114276
-0.77303
0.776835
0.00352977
-0.00733524
-0.941857
0.946011
0.0118517
-0.0160053
-1.10352
1.10891
0.0211931
-0.0265855
-1.28232
1.28997
0.0334039
-0.0410488
-1.49005
1.5002
0.0504772
-0.0606231
-1.73062
1.74477
0.0742938
-0.0884466
-2.0118
2.03249
0.107148
-0.127831
-2.35757
2.39249
0.155229
-0.190152
-2.90384
3.04437
0.255229
-0.395755
-4.23759
4.3134
0.571673
-0.647484
-3.70653
3.71161
0.669672
-0.674745
-2.70285
2.57913
0.637057
-0.513337
-0.584169
0.325805
0.284426
-0.0260614
0.120285
-0.133684
-0.00829685
0.0216963
0.138067
-0.142606
-0.0260397
0.0305785
0.0798624
-0.0751959
-0.031212
0.0265456
0.0254163
-0.0161472
-0.0190864
0.00981734
0.0023471
0.000797194
-0.0031443
-0.0960947
0.0948565
0.00123823
-0.557935
0.558407
-0.0039812
0.00350924
-0.778384
0.780868
-0.00185218
-0.000631298
-0.949952
0.953835
0.00498359
-0.00886736
-1.11463
1.11927
0.0136689
-0.0183112
-1.29742
1.30439
0.0249791
-0.0319496
-1.51036
1.52072
0.0409684
-0.051333
-1.75926
1.7733
0.0639955
-0.0780376
-2.05318
2.07303
0.096527
-0.116375
-2.42821
2.46512
0.143272
-0.180176
-3.18155
3.32393
0.251686
-0.394064
-4.37328
4.42225
0.53632
-0.585288
-3.71
3.70065
0.601036
-0.591691
-2.45054
2.30085
0.534547
-0.384855
-0.169721
0.0820576
0.137179
-0.0495152
0.157115
-0.191379
0.0146308
0.0196335
0.151522
-0.163308
-0.0381137
0.0499003
0.0716059
-0.0645744
-0.051766
0.0447345
0.00546244
0.00950651
-0.032974
0.0180051
-0.00476415
0.0111553
-0.00639112
-0.0898766
0.0880884
0.00178824
-0.554061
0.553316
-0.00829229
0.00903715
-0.781953
0.783204
-0.00908577
0.00783425
-0.956746
0.959923
-0.00503193
0.00185525
-1.12454
1.12901
0.00231661
-0.00678926
-1.31137
1.31803
0.0121533
-0.0188129
-1.53003
1.53943
0.0271665
-0.0365683
-1.78719
1.80016
0.0484972
-0.061469
-2.09241
2.11162
0.0787146
-0.0979184
-2.50103
2.53744
0.123991
-0.1604
-3.45621
3.59161
0.230933
-0.366328
-4.46166
4.49606
0.468992
-0.503394
-3.68652
3.66802
0.515086
-0.496591
-2.15459
1.9779
0.41986
-0.243167
-0.025254
-0.0318668
0.0255392
0.0315815
0.225424
-0.254368
-0.081196
0.11014
0.172112
-0.171997
-0.124281
0.124166
0.0506366
-0.0271942
-0.108719
0.0852768
-0.0319459
0.0599601
-0.0612284
0.0332142
-0.0210261
0.0327682
-0.0117421
-0.0815256
0.0790549
0.00247072
-0.546191
0.542905
-0.0133978
0.0166837
-0.782421
0.781915
-0.0192725
0.0197778
-0.96168
0.963853
-0.0188506
0.0166783
-1.13326
1.1366
-0.0134328
0.0100867
-1.32436
1.32938
-0.00515923
0.000138795
-1.54804
1.55615
0.00713327
-0.0152449
-1.81271
1.82451
0.0256933
-0.0374891
-2.1297
2.14635
0.0532279
-0.0698789
-2.57122
2.60505
0.093505
-0.127334
-3.70768
3.81954
0.190692
-0.302556
-4.52535
4.55217
0.370163
-0.396986
-3.65641
3.64405
0.411755
-0.399401
-1.81528
1.65577
0.334084
-0.174577
0.107395
-0.186878
0.0548425
0.0246404
0.279045
-0.313628
-0.0664688
0.101052
0.164553
-0.144674
-0.113835
0.0939565
-0.00284714
0.0395326
-0.0624759
0.0257904
-0.0884969
0.0990255
-0.00328816
-0.00724044
-0.0388526
0.0328992
0.00595338
-0.0707371
0.0674846
0.00325255
-0.532222
0.525146
-0.0206379
0.027714
-0.779026
0.77615
-0.0334298
0.0363052
-0.964679
0.964993
-0.0378761
0.0375625
-1.1397
1.14211
-0.036203
0.0337961
-1.33442
1.33862
-0.0303122
0.0261097
-1.56331
1.57
-0.0208652
0.0141721
-1.83514
1.84463
-0.00519596
-0.00429496
-2.16205
2.17628
0.0166349
-0.0308587
-2.63258
2.65926
0.0500674
-0.0767473
-3.89969
3.96923
0.124569
-0.194108
-4.57449
4.59814
0.232965
-0.256612
-3.65084
3.65398
0.267509
-0.270654
-1.56299
1.50563
0.24499
-0.187626
0.248053
-0.299076
0.180297
-0.129273
0.348523
-0.379519
0.0836954
-0.0526994
0.12571
-0.119086
0.0457122
-0.0523359
-0.0577937
0.0565768
0.0558638
-0.0546469
-0.0867862
0.0701589
0.0450565
-0.0284293
-0.0208716
0.0100346
0.010837
-0.0571089
0.0523791
0.00472975
-0.509199
0.496797
-0.0313553
0.0437576
-0.770176
0.764046
-0.0533516
0.0594819
-0.964494
0.962484
-0.0638125
0.0658228
-1.14397
1.14471
-0.0662564
0.0655186
-1.34159
1.34399
-0.0638856
0.0614837
-1.57506
1.57958
-0.058024
0.0535018
-1.85268
1.85951
-0.0474335
0.0405993
-2.18786
2.19794
-0.031387
0.021304
-2.67602
2.69091
-0.00751107
-0.00738401
-3.99806
4.01359
0.0245652
-0.0400938
-4.60444
4.60195
0.0454924
-0.0430031
-3.66852
3.67197
0.0383105
-0.0417572
-1.54183
1.58914
0.055522
-0.102836
0.313019
-0.316903
0.179925
-0.176041
0.414706
-0.443715
0.141015
-0.112006
0.134146
-0.158276
0.0826782
-0.0585485
-0.0426651
0.0302725
0.0450293
-0.0326367
-0.05112
0.0407912
0.0224606
-0.0121318
-0.000860086
-0.00435719
0.00521728
-0.0416473
0.0356514
0.00599593
-0.473228
0.453579
-0.044718
0.0643674
-0.752899
0.74245
-0.0811885
0.0916371
-0.959973
0.95523
-0.0988876
0.103631
-1.14537
1.14416
-0.106789
0.107999
-1.34531
1.34592
-0.108202
0.107591
-1.58238
1.58432
-0.106221
0.104282
-1.86431
1.86792
-0.1013
0.0976815
-2.20454
2.20903
-0.0929745
0.0884767
-2.69578
2.69965
-0.0833269
0.0794553
-3.98361
3.94284
-0.0900392
0.130812
-4.57161
4.52335
-0.171443
0.219697
-3.63142
3.56337
-0.277627
0.345678
-1.71007
1.76683
-0.378701
0.32194
0.270134
-0.210962
-0.24542
0.186247
0.444192
-0.413352
-0.153044
0.122204
0.181327
-0.177737
-0.106613
0.103023
-0.0285334
0.0485202
-0.0889459
0.0689591
-0.045363
0.0667976
-0.0491641
0.0277295
0.00233664
0.00735587
-0.00969251
-0.0254735
0.0194528
0.00602072
-0.420358
0.39004
-0.0581668
0.0884848
-0.723219
0.705253
-0.115426
0.133391
-0.948414
0.940962
-0.14627
0.153722
-1.14217
1.13843
-0.159822
0.163559
-1.34498
1.34363
-0.16538
0.166729
-1.58425
1.58384
-0.167972
0.168388
-1.86912
1.8696
-0.16888
0.168405
-2.21001
2.20969
-0.168119
0.168433
-2.68982
2.68279
-0.170141
0.177175
-3.85212
3.76902
-0.208762
0.291871
-4.46686
4.42654
-0.350964
0.391279
-3.52004
3.48107
-0.429906
0.468877
-1.8294
1.84499
-0.493289
0.477697
0.146859
-0.044431
-0.461407
0.358979
0.349722
-0.278878
-0.267496
0.196652
0.154238
-0.129922
-0.153494
0.129178
-0.0814878
0.104822
-0.111513
0.0881785
-0.0999632
0.127751
-0.0644214
0.0366334
-0.0229248
0.0375621
-0.0146373
-0.0109994
0.00611151
0.00488792
-0.341801
0.295957
-0.0639615
0.109805
-0.675208
0.645192
-0.15379
0.183806
-0.928219
0.915307
-0.206051
0.218963
-1.13303
1.12665
-0.228134
0.234518
-1.34045
1.33764
-0.238885
0.241693
-1.58124
1.57825
-0.2447
0.247697
-1.86705
1.86403
-0.251002
0.254026
-2.20604
2.20228
-0.257402
0.261154
-2.66716
2.65755
-0.266148
0.275764
-3.6542
3.56185
-0.311096
0.403449
-4.37999
4.37347
-0.455048
0.461568
-3.49902
3.56622
-0.43171
0.364502
-1.89447
2.00732
-0.267538
0.154682
-0.174252
0.510275
0.0976535
-0.433676
0.188316
-0.0781706
0.637914
-0.74806
0.175046
-0.2789
0.748904
-0.64505
-0.049366
-0.182303
0.467556
-0.235886
-0.138026
0.0434234
0.0687705
0.0258316
-0.0587775
0.090139
-0.0313615
-0.000447856
-0.00275253
0.00320039
-0.233355
0.176365
-0.054353
0.111342
-0.595793
0.542497
-0.181726
0.235023
-0.892768
0.869646
-0.274987
0.298109
-1.11805
1.10893
-0.31378
0.322904
-1.33365
1.32892
-0.330403
0.335135
-1.57302
1.56816
-0.340048
0.344909
-1.85891
1.85318
-0.351096
0.356822
-2.19598
2.18945
-0.363158
0.369695
-2.64766
2.63725
-0.376933
0.387343
-3.42967
3.30525
-0.420301
0.544721
-4.36429
4.35154
-0.655903
0.668658
-3.70563
3.8399
-0.593497
0.459229
-2.25729
2.52424
-0.281382
0.0144292
-0.880799
1.11863
0.238631
-0.476462
-0.102981
0.293644
0.689189
-0.879851
0.311055
-0.256995
0.984403
-1.03846
0.424081
-0.561642
1.00246
-0.864895
0.242953
-0.513739
0.678085
-0.4073
-0.0499974
-0.0978132
0.147811
-0.00730551
0.00587935
0.00142616
-0.112262
0.0664885
-0.0322406
0.0780144
-0.459829
0.371874
-0.164343
0.252298
-0.829154
0.780025
-0.330452
0.379581
-1.09393
1.07704
-0.411742
0.428634
-1.32082
1.31179
-0.440637
0.449666
-1.56083
1.55412
-0.456313
0.46303
-1.8441
1.83495
-0.471837
0.48098
-2.17915
2.16833
-0.492579
0.503395
-2.61609
2.59008
-0.520811
0.546825
-3.12423
2.94089
-0.607575
0.79092
-4.24103
3.99733
-1.11345
1.35716
-3.85855
3.73664
-1.50843
1.63034
-2.84271
2.91894
-1.7104
1.63417
-1.38067
1.67193
-1.34983
1.05856
-0.451353
0.665638
-0.833904
0.61962
0.172099
-0.00789995
-0.46175
0.297551
0.538121
-0.399679
-0.166937
0.0284948
0.641092
-0.585834
0.0463623
-0.10162
0.283538
-0.371916
0.0883773
0.0124254
-0.0152412
2.37973e-05
0.00279198
-0.0273578
0.00322675
-0.0133281
0.0374591
-0.263227
0.170487
-0.0951788
0.187919
-0.708633
0.622599
-0.304309
0.390343
-1.05816
1.02982
-0.449966
0.478302
-1.31049
1.30799
-0.490435
0.492938
-1.55856
1.56224
-0.492648
0.488971
-1.83767
1.83967
-0.485983
0.483984
-2.16869
2.16668
-0.482975
0.484987
-2.57898
2.56612
-0.49012
0.502979
-2.82044
2.71998
-0.537018
0.637481
-3.75284
3.45749
-0.919268
1.21462
-3.63534
3.51716
-1.3846
1.50278
-2.90419
2.86697
-1.57795
1.61516
-1.85021
1.9636
-1.61061
1.49722
-0.850102
1.0299
-1.35327
1.17347
-0.152863
0.34124
-0.997314
0.808937
0.263115
-0.0857812
-0.643237
0.465903
0.472846
-0.332212
-0.311855
0.171221
0.360002
-0.295347
-0.064655
0.0167674
-0.0177502
9.38424e-05
0.000888954
0.0116787
-0.0212871
-0.00513667
0.014745
-0.101617
0.0556831
-0.0379019
0.0838355
-0.526367
0.426098
-0.181335
0.281604
-0.991664
0.942788
-0.367743
0.416619
-1.30284
1.29423
-0.442541
0.45115
-1.56453
1.56487
-0.453579
0.453241
-1.84068
1.84141
-0.449906
0.449174
-2.16376
2.16133
-0.449393
0.451827
-2.55124
2.53513
-0.461395
0.47751
-2.63395
2.56878
-0.508477
0.57364
-3.12716
2.80889
-0.716458
1.03473
-3.3947
3.25979
-1.24126
1.37616
-2.81136
2.75024
-1.45749
1.51861
-2.0298
2.08064
-1.52836
1.47752
-1.19633
1.34373
-1.38116
1.23376
-0.54164
0.72955
-1.07451
0.886603
-0.0984268
0.281168
-0.714028
0.531287
0.178541
-0.0201189
-0.375948
0.217526
0.20251
-0.110665
-0.0918454
0.0182275
-0.0183836
0.000209259
-5.31725e-05
0.0276741
-0.0323849
-0.00162359
0.00633448
-0.0247993
0.00209393
-0.0178521
0.0405575
-0.329147
0.243122
-0.0933952
0.17942
-0.884323
0.818442
-0.276392
0.342274
-1.28151
1.26383
-0.384323
0.402006
-1.56394
1.56211
-0.408275
0.410112
-1.84215
1.84395
-0.408565
0.406761
-2.15927
2.15725
-0.407984
0.409997
-2.51962
2.50583
-0.415759
0.429548
-2.52188
2.48596
-0.451248
0.487167
-2.54671
2.36794
-0.555542
0.734314
-3.1178
2.97292
-0.961474
1.10635
-2.70313
2.67547
-1.16268
1.19034
-2.12584
2.16239
-1.1906
1.15405
-1.46887
1.57871
-1.07827
0.968426
-0.896635
1.04015
-0.849114
0.705596
-0.448495
0.593405
-0.570673
0.425763
-0.125522
0.251677
-0.301444
0.175289
0.0262845
0.0449989
-0.0712834
0.0182815
-0.0170233
0.000667719
-0.001926
0.0361175
-0.0383073
0.00249707
-0.00030731
0.0151955
-0.029378
-0.00751562
0.0216981
-0.173764
0.121108
-0.0498354
0.102491
-0.747207
0.674179
-0.190397
0.263426
-1.24167
1.2146
-0.318326
0.345398
-1.55947
1.55684
-0.35659
0.359223
-1.84636
1.84924
-0.359758
0.356877
-2.15524
2.15352
-0.356326
0.358051
-2.49486
2.48668
-0.361636
0.369815
-2.45751
2.43621
-0.385853
0.40715
-2.25367
2.18226
-0.438289
0.509692
-2.83366
2.70362
-0.654983
0.785024
-2.66388
2.66014
-0.840625
0.844364
-2.19481
2.22541
-0.829479
0.798874
-1.67566
1.75937
-0.749123
0.66541
-1.16335
1.26711
-0.578049
0.474294
-0.715924
0.816637
-0.37867
0.277957
-0.356613
0.442085
-0.192956
0.107483
-0.100337
0.140875
-0.0405386
0.0133568
-0.00694307
0.00395301
-0.0103667
0.0383565
-0.0369318
0.0164496
-0.0178744
0.0412561
-0.050965
0.0139948
-0.00428594
-0.0804698
0.0476981
-0.0157227
0.0484944
-0.600639
0.52833
-0.119968
0.192278
-1.18383
1.15192
-0.25315
0.285055
-1.55359
1.55044
-0.299245
0.302401
-1.85228
1.8549
-0.302677
0.300057
-2.15245
2.15182
-0.298206
0.298838
-2.4803
2.47469
-0.302999
0.308616
-2.42088
2.40944
-0.318653
0.330094
-2.13601
2.10738
-0.343765
0.372397
-2.5881
2.49636
-0.43281
0.524558
-2.65609
2.65293
-0.563796
0.56695
-2.25858
2.29077
-0.548788
0.516599
-1.82596
1.87827
-0.480302
0.427988
-1.35264
1.42284
-0.365702
0.295502
-0.898105
0.962986
-0.232542
0.167661
-0.510906
0.565851
-0.113052
0.0581076
-0.168946
0.187216
-0.0182706
-0.000610268
0.00423895
0.00468692
-0.0083156
0.0377134
-0.0495352
0.00492693
0.0068949
0.0611071
-0.0782439
-0.0251488
0.0422856
-0.0242651
0.0116749
-0.0606803
0.0732705
-0.460676
0.403555
-0.106022
0.163143
-1.12041
1.09777
-0.209749
0.232389
-1.54881
1.54895
-0.241413
0.241276
-1.85745
1.86024
-0.238763
0.235969
-2.15138
2.15049
-0.234024
0.234909
-2.46876
2.4622
-0.238829
0.245381
-2.40028
2.39279
-0.25222
0.259708
-2.09011
2.07903
-0.266404
0.277479
-2.43063
2.38664
-0.299494
0.343483
-2.65053
2.65102
-0.363164
0.362668
-2.31924
2.34344
-0.348574
0.324379
-1.9213
1.95618
-0.297046
0.26217
-1.48077
1.52784
-0.223725
0.176652
-1.01424
1.0547
-0.136623
0.0961643
-0.60942
0.643854
-0.0617709
0.0273364
-0.197925
0.203305
-0.00537967
0.00188245
-0.0235574
-0.0052302
0.0269051
0.0798914
-0.127331
-0.072451
0.119891
0.108618
-0.141741
-0.166427
0.19955
-0.0115711
0.0223833
-0.209196
0.198383
-0.376371
0.382552
-0.17194
0.165759
-1.085
1.0807
-0.177226
0.181534
-1.55375
1.56098
-0.177046
0.169822
-1.86319
1.86588
-0.163929
0.161238
-2.14865
2.14529
-0.161566
0.164928
-2.45528
2.44766
-0.170573
0.178192
-2.38637
2.3799
-0.186453
0.192927
-2.07111
2.06508
-0.198307
0.204338
-2.35859
2.34222
-0.21111
0.227486
-2.6557
2.66297
-0.233138
0.22587
-2.36404
2.38236
-0.212096
0.193776
-1.98411
2.00644
-0.174692
0.152362
-1.56493
1.59296
-0.129491
0.101467
-1.08636
1.11121
-0.0772323
0.0523887
-0.67121
0.692908
-0.0303403
0.00864169
-0.204438
0.202655
0.00178258
0.0632983
-0.113623
-0.0224996
0.0728246
0.178976
-0.220688
-0.133572
0.175284
0.162448
-0.16352
-0.205244
0.206316
-0.0411731
0.0636495
-0.190808
0.168332
-0.406311
0.4388
-0.135017
0.102527
-1.08626
1.09726
-0.0811852
0.0701784
-1.5665
1.56815
-0.0636483
0.0620054
-1.86652
1.86171
-0.0646384
0.0694552
-2.1396
2.13
-0.0779207
0.0875202
-2.4385
2.42727
-0.0993262
0.110557
-2.37256
2.36386
-0.121669
0.130376
-2.06063
2.05633
-0.135703
0.140003
-2.33475
2.33417
-0.141327
0.141901
-2.67037
2.677
-0.141134
0.134511
-2.39834
2.41134
-0.124422
0.111418
-2.02432
2.03853
-0.0989423
0.0847287
-1.61419
1.63008
-0.0710583
0.0551776
-1.13095
1.14626
-0.0408095
0.0255009
-0.709613
0.722632
-0.0112688
-0.00175045
-0.198896
0.194159
0.00473715
0.159184
-0.189601
-0.0265523
0.0569694
0.244877
-0.250665
-0.076765
0.0825532
0.152788
-0.135949
-0.0697961
0.0529569
-0.0858282
0.110735
-0.0296627
0.00475579
-0.475158
0.514987
0.0300608
-0.0698896
-1.10864
1.11914
0.102427
-0.112929
-1.56114
1.54008
0.100713
-0.0796563
-1.84947
1.82819
0.0565958
-0.0353129
-2.11495
2.09551
0.0127264
0.00671763
-2.41359
2.3968
-0.0275248
0.0443164
-2.35344
2.34086
-0.057702
0.0702864
-2.05085
2.04377
-0.0779534
0.0850367
-2.33825
2.34487
-0.0861813
0.0795649
-2.68381
2.69126
-0.0741981
0.0667497
-2.42162
2.42949
-0.0593965
0.0515327
-2.04938
2.0567
-0.0446354
0.0373154
-1.64113
1.64826
-0.0308964
0.0237621
-1.15814
1.16754
-0.0165033
0.00711029
-0.732567
0.739253
0.00224273
-0.00892845
-0.188198
0.181505
0.00669346
0.203542
-0.200357
-0.00816453
0.00497949
0.236971
-0.209753
0.0137132
-0.0409304
0.110878
-0.0754815
0.075831
-0.111228
-0.141612
0.181041
0.151547
-0.190976
-0.556077
0.596866
0.23708
-0.277869
-1.12183
1.10979
0.303028
-0.290986
-1.50835
1.46859
0.253892
-0.214127
-1.79722
1.75883
0.170451
-0.132058
-2.07025
2.04011
0.0940575
-0.0639175
-2.37788
2.35664
0.0362598
-0.0150254
-2.32699
2.3138
-6.2382e-05
0.0132572
-2.03544
2.02829
-0.0231263
0.0302742
-2.35255
2.35882
-0.0318564
0.0255837
-2.69761
2.70121
-0.0219154
0.0183123
-2.43514
2.43863
-0.0153006
0.0118127
-2.06174
2.06526
-0.00865668
0.00513394
-1.65268
1.65461
-0.00263255
0.000708085
-1.17437
1.17891
0.00170455
-0.00624592
-0.742982
0.744303
0.0111339
-0.0124556
-0.174687
0.168138
0.00654861
0.181298
-0.150814
0.0128809
-0.0433653
0.171228
-0.124296
0.0887615
-0.135693
0.0302879
0.0198354
0.190418
-0.240541
-0.226852
0.275571
0.295388
-0.344107
-0.631901
0.657106
0.390087
-0.415292
-1.08528
1.05518
0.41103
-0.380932
-1.4236
1.37703
0.335232
-0.288663
-1.71632
1.67283
0.238407
-0.194913
-2.00689
1.9727
0.151907
-0.117716
-2.33363
2.30988
0.0863934
-0.0626414
-2.30113
2.28977
0.0471848
-0.0358267
-2.02428
2.023
0.0291625
-0.0278841
-2.35888
2.35169
0.0285254
-0.021343
-2.70224
2.70003
0.0195081
-0.0172943
-2.43976
2.43821
0.0153373
-0.0137871
-2.06663
2.06578
0.0127184
-0.0118713
-1.65458
1.65337
0.0108487
-0.00963668
-1.18239
1.18525
0.0101154
-0.0129762
-0.743902
0.742169
0.0156945
-0.0139612
-0.161406
0.155067
0.00633852
0.114391
-0.0761062
0.022307
-0.060592
0.0735684
-0.0226439
0.112593
-0.163518
-0.0721723
0.124602
0.220431
-0.27286
-0.321888
0.363801
0.32694
-0.368853
-0.673565
0.683386
0.400386
-0.410207
-1.02534
0.998445
0.39727
-0.370379
-1.33304
1.29468
0.333202
-0.294836
-1.63089
1.59254
0.25224
-0.213887
-1.93926
1.90807
0.175032
-0.143837
-2.28682
2.26563
0.114758
-0.0935617
-2.28035
2.27296
0.0792595
-0.071873
-2.02425
2.02699
0.070305
-0.0730427
-2.33562
2.31254
0.071755
-0.0486804
-2.69534
2.68821
0.0381955
-0.0310672
-2.43547
2.43251
0.0269427
-0.0239849
-2.0639
2.06187
0.0217909
-0.0197648
-1.65144
1.64933
0.017674
-0.0155665
-1.1874
1.18933
0.0154008
-0.0173332
-0.739055
0.734732
0.0183099
-0.0139872
-0.149368
0.143924
0.00544362
0.0396564
-0.00764228
0.0185321
-0.0505463
-0.0253408
0.0680588
0.0942649
-0.136983
-0.172838
0.21525
0.184669
-0.22708
-0.400262
0.431291
0.269259
-0.300288
-0.69027
0.696641
0.322183
-0.328554
-0.976616
0.961056
0.320839
-0.305279
-1.26299
1.2378
0.28221
-0.257021
-1.55919
1.53112
0.22762
-0.199551
-1.87988
1.85527
0.170119
-0.14551
-2.2464
2.22886
0.121695
-0.104154
-2.26688
2.26114
0.0913793
-0.0856416
-2.0303
2.03355
0.0860005
-0.0892525
-2.28529
2.25701
0.0871462
-0.0588711
-2.67939
2.66934
0.0405426
-0.0304965
-2.42926
2.42608
0.0255522
-0.0223768
-2.05978
2.05807
0.020506
-0.0187938
-1.64788
1.64716
0.017329
-0.0166067
-1.19162
1.19438
0.0177635
-0.0205237
-0.729246
0.722883
0.0208159
-0.0144529
-0.138543
0.133581
0.00496218
-0.0194668
0.0406451
0.0113964
-0.0325747
-0.104439
0.134566
0.0626062
-0.092733
-0.251399
0.281634
0.12661
-0.156845
-0.457793
0.480462
0.18714
-0.209808
-0.70326
0.710476
0.2268
-0.234016
-0.951355
0.946262
0.233856
-0.228762
-1.219
1.20565
0.218191
-0.204845
-1.50813
1.48988
0.187333
-0.169081
-1.83411
1.81638
0.149173
-0.131449
-2.213
2.19862
0.113214
-0.0988343
-2.25569
2.25096
0.0879974
-0.0832637
-2.03629
2.0373
0.0835867
-0.084594
-2.22996
2.20645
0.0808461
-0.0573304
-2.65834
2.6468
0.0332858
-0.0217528
-2.42381
2.42285
0.0181722
-0.0172152
-2.05721
2.0574
0.0172089
-0.0173971
-1.64724
1.64835
0.0176247
-0.0187301
-1.19736
1.20047
0.0215641
-0.0246738
-0.715246
0.706128
0.0232826
-0.0141649
-0.12911
0.124916
0.00419389
-0.0567161
0.0684259
0.00551004
-0.0172199
-0.159011
0.17843
0.0354377
-0.0548567
-0.306596
0.327002
0.0773481
-0.0977539
-0.499834
0.516317
0.118726
-0.135208
-0.718284
0.726384
0.149
-0.1571
-0.944603
0.945424
0.161543
-0.162365
-1.19673
1.19107
0.159215
-0.153564
-1.47584
1.46523
0.14447
-0.133858
-1.80159
1.78944
0.121544
-0.109391
-2.18541
2.17313
0.0957297
-0.0834469
-2.24547
2.23917
0.073682
-0.0673849
-2.03728
2.03634
0.0653858
-0.0644403
-2.18714
2.17217
0.0610797
-0.0461155
-2.63523
2.62406
0.0237467
-0.012583
-2.42356
2.42556
0.0104135
-0.012409
-2.05901
2.0626
0.0155419
-0.0191326
-1.65097
1.65442
0.0221347
-0.025584
-1.20354
1.20579
0.0292246
-0.0314689
-0.695059
0.682311
0.0271033
-0.0143545
-0.120795
0.116896
0.00389868
-0.0766399
0.0821406
0.0022137
-0.00771445
-0.193553
0.205061
0.0174736
-0.0289814
-0.343582
0.356934
0.0431963
-0.0565477
-0.530316
0.54212
0.0707592
-0.0825629
-0.734411
0.742105
0.0934554
-0.101149
-0.947885
0.951309
0.107186
-0.110609
-1.18797
1.18664
0.111402
-0.11007
-1.45731
1.45155
0.106065
-0.100308
-1.77931
1.77098
0.0929039
-0.0845779
-2.16186
2.15135
0.0742635
-0.063748
-2.23203
2.22412
0.0546811
-0.0467753
-2.03414
2.03059
0.0418264
-0.0382775
-2.16225
2.15728
0.0360584
-0.031088
-2.61392
2.60604
0.0178209
-0.00994466
-2.42872
2.43317
0.01022
-0.0146695
-2.06758
2.07341
0.0200275
-0.0258574
-1.65867
1.66307
0.03053
-0.0349352
-1.20657
1.20575
0.0382206
-0.0374025
-0.668076
0.652756
0.0288538
-0.0135336
-0.113264
0.109813
0.00345084
-0.0855885
0.0875144
0.000547876
-0.00247379
-0.213569
0.219619
0.00678965
-0.012839
-0.367595
0.375998
0.0212299
-0.0296328
-0.552015
0.560242
0.0390043
-0.0472313
-0.749286
0.755852
0.0554783
-0.0620449
-0.95528
0.959456
0.0680487
-0.0722248
-1.18661
1.18746
0.0747406
-0.0755936
-1.44748
1.44476
0.0743964
-0.0716758
-1.76408
1.75832
0.0673617
-0.0616048
-2.14154
2.13224
0.0533301
-0.0440391
-2.21501
2.20483
0.0350905
-0.0249113
-2.02573
2.01956
0.0167369
-0.0105678
-2.15752
2.1629
0.0112654
-0.0166365
-2.60133
2.60017
0.01397
-0.0128002
-2.43867
2.44519
0.0159281
-0.0224512
-2.07995
2.08689
0.0292921
-0.0362338
-1.66748
1.67127
0.041328
-0.0451191
-1.20319
1.1987
0.0460192
-0.0415276
-0.636632
0.620269
0.0291868
-0.0128237
-0.106429
0.103135
0.00329423
-0.088317
0.0883615
-0.000216605
0.000172067
-0.223704
0.226207
0.000891042
-0.00339352
-0.382533
0.387513
0.00779532
-0.0127754
-0.567039
0.572631
0.0187592
-0.0243514
-0.761775
0.767041
0.0303934
-0.0356597
-0.963693
0.96777
0.0409546
-0.0450311
-1.18892
1.19071
0.0481006
-0.0498954
-1.44299
1.442
0.050119
-0.049133
-1.75348
1.74942
0.0466178
-0.042559
-2.1236
2.11528
0.0356662
-0.0273415
-2.19355
2.18109
0.0178237
-0.00536562
-2.01269
2.00571
-0.00541182
0.0123919
-2.17336
2.18828
-0.00910259
-0.0058176
-2.60167
2.60681
0.0125208
-0.0176552
-2.45303
2.46152
0.0244988
-0.0329888
-2.09412
2.10084
0.0403344
-0.047054
-1.67439
1.67608
0.0513365
-0.0530214
-1.1916
1.18233
0.0511199
-0.0418503
-0.604079
0.58847
0.027278
-0.0116699
-0.0999401
0.0968558
0.00308437
-0.0878835
0.0870317
-0.000562987
0.00141479
-0.227497
0.227792
-0.00198636
0.0016915
-0.391213
0.393861
4.22746e-05
-0.00269043
-0.577199
0.580919
0.00634209
-0.0100621
-0.771708
0.775809
0.0144128
-0.0185134
-0.971684
0.975323
0.0229399
-0.0265787
-1.19271
1.19474
0.0296671
-0.0317046
-1.44154
1.44153
0.0326813
-0.0326708
-1.74604
1.74324
0.0313207
-0.0285255
-2.10754
2.10017
0.0227091
-0.015332
-2.16842
2.15553
0.00537687
0.0075122
-1.99823
1.99141
-0.0190756
0.0258899
-2.20613
2.22721
-0.0196663
-0.00140592
-2.61573
2.62744
0.0181597
-0.0298661
-2.47003
2.47829
0.0379824
-0.0462376
-2.10696
2.11189
0.0522631
-0.0571872
-1.67634
1.67505
0.0590661
-0.0577822
-1.17126
1.15859
0.0519745
-0.039308
-0.573619
0.559693
0.0242689
-0.0103432
-0.093894
0.0910561
0.00283789
-0.0859561
0.0847514
-0.000650257
0.00185491
-0.227472
0.226654
-0.00333511
0.00415329
-0.395617
0.39672
-0.00407758
0.00297455
-0.583927
0.586384
-0.00087997
-0.00157669
-0.779429
0.782642
0.0047424
-0.00795636
-0.978749
0.981951
0.0116407
-0.0148423
-1.19681
1.19886
0.0177668
-0.0198216
-1.44188
1.44256
0.0212849
-0.0219605
-1.74089
1.73904
0.0215137
-0.0196704
-2.09349
2.08739
0.0156333
-0.00953573
-2.14314
2.13168
0.000421992
0.0110322
-1.98509
1.98015
-0.02086
0.0257929
-2.25078
2.27574
-0.0168786
-0.00808761
-2.64077
2.65508
0.0291804
-0.043486
-2.48612
2.49324
0.0519595
-0.0590735
-2.11573
2.11774
0.0628146
-0.0648259
-1.67198
1.66694
0.0638968
-0.0588554
-1.14478
1.13017
0.049838
-0.0352244
-0.546704
0.53473
0.0210168
-0.00904269
-0.0883321
0.0857391
0.00259303
-0.0835137
0.0822697
-0.000634571
0.00187858
-0.225474
0.224078
-0.00359249
0.00498876
-0.397246
0.397353
-0.00579838
0.00569096
-0.588354
0.589981
-0.00463001
0.00300388
-0.785507
0.788109
-0.000606259
-0.00199548
-0.98497
0.987819
0.00513231
-0.00798196
-1.20095
1.20309
0.0107608
-0.0128986
-1.44361
1.44497
0.0148063
-0.0161721
-1.73786
1.73747
0.0167971
-0.0164131
-2.08214
2.07815
0.0143755
-0.0103875
-2.12152
2.11375
0.00417831
0.00360061
-1.97651
1.9745
-0.00983145
0.0118386
-2.30154
2.32675
-0.00176327
-0.0234469
-2.66933
2.68332
0.0451148
-0.0591038
-2.49907
2.50304
0.0664128
-0.0703857
-2.1183
2.11697
0.0706657
-0.0693329
-1.66018
1.65171
0.06499
-0.0565162
-1.11518
1.10016
0.0451679
-0.0301523
-0.523767
0.513836
0.0175932
-0.0076617
-0.0832815
0.0809943
0.00228716
-0.0810709
0.0799478
-0.000568259
0.00169135
-0.222596
0.221102
-0.00331599
0.00481021
-0.397148
0.396743
-0.00603435
0.00643925
-0.591261
0.592343
-0.00602305
0.0049408
-0.790475
0.792672
-0.00307585
0.000879507
-0.990562
0.993181
0.0018747
-0.00449418
-1.20535
1.20768
0.00724135
-0.00957014
-1.44673
1.44877
0.0119108
-0.0139548
-1.7378
1.7388
0.0156959
-0.0166958
-2.07558
2.07531
0.0170846
-0.0168153
-2.10824
2.10601
0.0154224
-0.0131912
-1.97468
1.97632
0.0112588
-0.0129041
-2.35103
2.37338
0.0232557
-0.0456086
-2.69591
2.70652
0.0650802
-0.0756845
-2.50451
2.50375
0.078743
-0.0779812
-2.11411
2.109
0.0747916
-0.0696816
-1.64181
1.63066
0.0621267
-0.0509768
-1.08546
1.07142
0.0385813
-0.024542
-0.504907
0.496985
0.0140735
-0.00615171
-0.0788969
0.0770211
0.00187579
-0.0789298
0.0780232
-0.000463964
0.00137059
-0.21967
0.218357
-0.00270874
0.00402213
-0.396181
0.395557
-0.00525115
0.00587465
-0.593178
0.593916
-0.00580386
0.00506629
-0.794697
0.796588
-0.00356805
0.00167781
-0.995752
0.998229
0.000818088
-0.00329587
-1.21011
1.21262
0.00604813
-0.00855124
-1.45119
1.45386
0.0112903
-0.0139625
-1.74059
1.74318
0.016801
-0.0193887
-2.07671
2.08029
0.0226358
-0.0262141
-2.1066
2.11038
0.0298312
-0.0336182
-1.98081
1.98692
0.0372893
-0.0434023
-2.3928
2.40855
0.0522798
-0.0680316
-2.71363
2.71688
0.0821767
-0.0854284
-2.50077
2.49596
0.08434
-0.0795288
-2.10237
2.09408
0.0732727
-0.0649797
-1.61875
1.60641
0.0552541
-0.0429203
-1.05827
1.04631
0.0309815
-0.0190209
-0.489978
0.483847
0.0107713
-0.00464052
-0.0753892
0.0739982
0.00139106
-0.0772471
0.0765935
-0.000347776
0.00100138
-0.217204
0.21623
-0.00195971
0.00293352
-0.394896
0.394309
-0.0039242
0.00451188
-0.594472
0.595
-0.00457933
0.00405203
-0.798381
0.800009
-0.00283514
0.00120695
-1.00071
1.00305
0.00104343
-0.0033741
-1.21523
1.2178
0.00607825
-0.00865376
-1.45691
1.46004
0.0116612
-0.0147981
-1.74671
1.75061
0.018527
-0.0224257
-2.08552
2.09208
0.0276415
-0.0341997
-2.11759
2.12683
0.0421668
-0.051406
-1.99466
2.00465
0.0603531
-0.0703484
-2.41886
2.42411
0.0766808
-0.0819319
-2.71786
2.71644
0.0880435
-0.0866248
-2.48897
2.48099
0.0818326
-0.0738481
-2.08456
2.0747
0.0657987
-0.0559335
-1.59411
1.58242
0.0456765
-0.033983
-1.03557
1.02622
0.0237694
-0.0144186
-0.478466
0.473678
0.00813694
-0.00334818
-0.0728877
0.0719736
0.000914121
-0.0760785
-0.000228051
0.0006273
0.0756792
-0.215463
-0.00118165
0.00174329
0.214902
-0.393764
-0.00234462
0.00273628
0.393372
-0.595389
-0.00280635
0.00242938
0.595766
-0.801598
-0.00145285
5.11165e-05
0.802999
-1.0054
0.00197804
-0.00413135
1.00755
-1.2205
0.00670713
-0.00924326
1.22304
-1.46352
0.012318
-0.0156053
1.46681
-1.75532
0.0197144
-0.0241835
1.75979
-2.10027
0.0303595
-0.0384942
2.10841
-2.13897
0.0488969
-0.0618218
2.1519
-2.01423
0.0750412
-0.0876971
2.02689
-2.42373
0.0910679
-0.0867116
2.41937
-2.7144
0.0869346
-0.081366
2.70884
-2.47172
0.0732218
-0.0626959
2.46119
-2.06361
0.0536445
-0.0439174
2.05388
-1.57134
0.0351154
-0.0258267
1.56205
-1.01815
0.0182945
-0.0115732
1.01143
-0.469397
0.0065726
-0.00239646
0.465221
-0.0713717
0.0709221
0.00044966
7.14994e-05
-0.0253135
-0.000164994
0.000278449
-0.153059
-0.000392214
0.000537342
-0.32859
-0.000674231
0.000718574
-0.540363
-0.0004914
-0.000238657
-0.768063
0.00140052
-0.00317207
-0.993357
0.00510301
-0.00743652
-1.2221
0.00976424
-0.0126407
-1.47111
0.0156715
-0.0194753
-1.76478
0.0236408
-0.029334
-2.11773
0.0364992
-0.0458743
-2.12295
0.0577016
-0.0707471
-1.88377
0.0842841
-0.0871799
-1.96279
0.0794421
-0.0742834
-2.44168
0.0663749
-0.0576342
-2.38469
0.0486633
-0.0407772
-2.05791
0.0323833
-0.0254804
-1.64869
0.0195086
-0.0151346
-1.17143
0.0107374
-0.00666289
-0.659068
-0.0707238
0.000833337
0.84634
-0.803746
0.00982479
-0.0524184
1.19259
-1.18684
0.0813594
-0.0871092
1.2348
-1.24194
0.0885351
-0.0813955
1.24163
-1.24854
0.0826932
-0.0757807
1.25176
-1.25834
0.0733962
-0.0668168
1.26964
-1.27334
0.062952
-0.0592595
1.28982
-1.2926
0.0567226
-0.05394
1.29976
-1.30481
0.0520595
-0.0470152
1.16747
-1.18032
0.0384084
-0.0255552
0.309486
-0.327588
0.0181026
0.802152
-0.787822
0.0169664
-0.0312955
1.18863
-1.18612
0.0411665
-0.0436752
1.2458
-1.24664
0.0431756
-0.0423371
1.25422
-1.2552
0.0419609
-0.0409808
1.26231
-1.26439
0.0389705
-0.0368856
1.2767
-1.27845
0.0363527
-0.0346052
1.29522
-1.29617
0.0334765
-0.0325286
1.31136
-1.31271
0.031334
-0.0299772
1.19092
-1.19681
0.0272006
-0.0213133
0.333063
-0.343491
0.0104285
0.778889
-0.774268
0.0138665
-0.0184872
1.18727
-1.18817
0.0181855
-0.0172899
1.24891
-1.24875
0.0165039
-0.0166589
1.25727
-1.25691
0.0167147
-0.0170732
1.26611
-1.26577
0.0169208
-0.017263
1.27932
-1.27877
0.0172395
-0.0177919
1.29699
-1.29566
0.0183741
-0.0197062
1.31317
-1.31199
0.0218156
-0.0229994
1.20296
-1.20726
0.0244851
-0.0201896
0.35001
-0.358533
0.0085228
0.772767
-0.774199
0.00785439
-0.00642211
1.19022
-1.19201
0.00153258
0.00025123
1.24941
-1.24943
-0.00132188
0.001343
1.25755
-1.25673
-0.000304081
-0.000516502
1.26595
-1.26428
0.00230648
-0.00397734
1.27848
-1.2763
0.00544939
-0.00762753
1.29474
-1.29163
0.00994855
-0.013053
1.30942
-1.30608
0.0168218
-0.0201606
1.21186
-1.21547
0.0220333
-0.0184147
0.365316
-0.373368
0.00805197
0.777575
-0.784036
0.00224941
0.00421191
1.19356
-1.19853
-0.00934569
0.0143218
1.24854
-1.24843
-0.0139225
0.0138076
1.25546
-1.25379
-0.0114176
0.00974262
1.26319
-1.26044
-0.00694348
0.00419409
1.27395
-1.27123
-0.00154919
-0.00116896
1.28862
-1.28507
0.00591156
-0.009459
1.30355
-1.29931
0.0142096
-0.0184547
1.21881
-1.22096
0.0214695
-0.019322
0.380412
-0.389067
0.00865488
0.79243
-0.803589
-0.000689529
0.0118483
1.2009
-1.20437
-0.0191785
0.0226451
1.24644
-1.24474
-0.0230524
0.0213512
1.25167
-1.24919
-0.0189709
0.0164912
1.25836
-1.25476
-0.0128636
0.00927167
1.26784
-1.26362
-0.00574389
0.00152277
1.2811
-1.27607
0.00280862
-0.00784029
1.29506
-1.29057
0.0134282
-0.0179217
1.22316
-1.22494
0.022633
-0.0208582
0.397653
-0.408086
0.0104334
0.815801
-0.830343
-0.00391871
0.0184615
1.20641
-1.20948
-0.0269329
0.0299971
1.24359
-1.24137
-0.0296293
0.0274064
1.24693
-1.24321
-0.0244644
0.020742
1.25186
-1.24812
-0.0170184
0.0132746
1.26001
-1.25498
-0.00829049
0.00325973
1.27187
-1.2654
0.00188175
-0.00834957
1.2854
-1.27933
0.0141672
-0.0202393
1.22556
-1.22649
0.025395
-0.0244724
0.419705
-0.433217
0.013512
0.846077
-0.864363
-0.00742998
0.0257155
1.21057
-1.213
-0.0348563
0.0372851
1.23954
-1.23651
-0.0360818
0.0330503
1.24019
-1.23572
-0.0293867
0.024915
1.24376
-1.23854
-0.0209907
0.0157718
1.24989
-1.24459
-0.00990718
0.00460303
1.2603
-1.25356
0.00205057
-0.0087965
1.27318
-1.2661
0.0161674
-0.0232478
1.22662
-1.22601
0.0295186
-0.0301286
0.448329
-0.466258
0.0179292
0.88363
-0.90506
-0.0141446
0.0355744
1.21393
-1.21509
-0.0445589
0.0457213
1.23247
-1.22952
-0.0426462
0.0396977
1.23174
-1.22625
-0.0344318
0.0289483
1.23323
-1.2276
-0.0233678
0.0177406
1.23853
-1.2316
-0.0108507
0.0039209
1.24687
-1.23978
0.00370864
-0.0107921
1.25894
-1.25142
0.0191568
-0.0266731
1.22499
-1.22386
0.0347883
-0.0359174
0.486599
-0.510326
0.0237267
0.927668
-0.95218
-0.0242518
0.0487644
1.21449
-1.21363
-0.056456
0.0555888
1.22412
-1.21895
-0.0507717
0.0455997
1.22103
-1.21486
-0.0395891
0.0334242
1.22114
-1.2143
-0.025963
0.0191209
1.22572
-1.21773
-0.0110887
0.00309292
1.2321
-1.22413
0.00552358
-0.0134999
1.24327
-1.23426
0.0226994
-0.0317074
1.22154
-1.21855
0.0402538
-0.0432454
0.537072
-0.567937
0.0308654
0.977392
-1.00381
-0.0378766
0.064292
1.21
-1.20704
-0.0684156
0.0654557
1.21242
-1.20489
-0.0591803
0.0516524
1.20758
-1.20003
-0.0441355
0.0365874
1.20657
-1.19859
-0.0278757
0.019893
1.20957
-1.20064
-0.0108276
0.00189882
1.2156
-1.20627
0.00693725
-0.0162655
1.22592
-1.21623
0.0261312
-0.0358244
1.21488
-1.21105
0.0452478
-0.0490719
0.601682
-0.639105
0.0374227
1.02925
-1.05433
-0.0525614
0.077634
1.20146
-1.19496
-0.0789697
0.0724626
1.1968
-1.18846
-0.0639568
0.0556127
1.19147
-1.18302
-0.0462785
0.0378315
1.19059
-1.18158
-0.0285065
0.0194928
1.19242
-1.18322
-0.0107204
0.0015206
1.19768
-1.18729
0.00768786
-0.0180767
1.20661
-1.19629
0.0279356
-0.0382511
1.20519
-1.19955
0.0484634
-0.0541007
0.679845
-0.723968
0.0441226
1.07766
-1.09822
-0.0647161
0.0852743
1.18682
-1.17838
-0.0818538
0.0734225
1.1791
-1.16971
-0.0638297
0.0544412
1.1746
-1.16569
-0.0456568
0.0367378
1.17351
-1.16456
-0.0281114
0.0191557
1.17441
-1.16589
-0.0104165
0.00189066
1.17861
-1.16919
0.00767737
-0.0170961
1.18613
-1.17641
0.0271248
-0.0368514
1.19235
-1.18415
0.0482663
-0.0564718
0.770844
-0.819883
0.0490391
1.11514
-1.12808
-0.0721974
0.0851335
1.16862
-1.16032
-0.0786289
0.0703314
1.16112
-1.15359
-0.0618619
0.0543312
1.15754
-1.14859
-0.0460858
0.0371363
1.15625
-1.14683
-0.0281783
0.0187608
1.15692
-1.1475
-0.00957749
0.000157903
1.16046
-1.15171
0.00950362
-0.0182548
1.16733
-1.1585
0.0277098
-0.0365465
1.17497
-1.16664
0.0453727
-0.0537029
0.870674
-0.922345
0.0516706
1.13641
-1.1414
-0.0797694
0.0847602
1.15214
-1.14321
-0.0788214
0.0698838
1.14491
-1.13561
-0.0592543
0.0499528
1.13999
-1.13147
-0.0410693
0.032546
1.13859
-1.13109
-0.0249543
0.0174611
1.13956
-1.13198
-0.0104101
0.00283179
1.14265
-1.13452
0.00541401
-0.0135502
1.14973
-1.1392
0.0234377
-0.0339688
1.16005
-1.14907
0.0444399
-0.0554253
0.975542
-1.03182
0.0562729
1.14081
-0.0593875
0.0438649
1.13073
-0.0334725
0.0280318
1.127
-0.0248281
0.0231147
1.12637
-0.0210428
0.0199536
1.12671
-0.0179969
0.0165746
1.1269
-0.0141626
0.0125504
1.12839
-0.00972286
0.00662017
1.13025
-0.00306748
-0.00189541
1.13594
0.00914178
-0.019792
1.08886
0.0364273
-0.197912
0.0705653
-0.365366
-0.100152
0.100781
-0.432184
-0.0903606
0.0759796
-0.508193
-0.0633376
0.0505591
-0.603463
-0.0403876
0.0310007
-0.72119
-0.0241734
0.0183621
-0.864126
-0.0143495
0.0109612
-1.03641
-0.00854149
0.00639673
-1.24322
-0.00478982
0.00329654
-1.4916
-0.00209375
0.000857041
-1.49158
0.000243044
-0.00135593
-1.24291
0.00257417
-0.00377096
-1.036
0.00525747
-0.00685716
-0.863756
0.00899128
-0.0113945
-0.720501
0.0147548
-0.0187333
-0.602095
0.0245041
-0.0312968
-0.504842
0.0406515
-0.0507988
-0.427142
0.0635571
-0.0761872
-0.364771
0.0905551
-0.10094
-0.286568
0.100258
-0.0706067
0.019491
0.336617
-0.0484643
0.0656361
0.458062
-0.0681549
0.0644607
0.535078
-0.058533
0.0529792
0.626511
-0.0480076
0.0425129
0.739495
-0.0372641
0.0315594
0.877504
-0.0265471
0.0214943
1.0459
-0.0173635
0.0133653
1.25025
-0.0101525
0.00703056
1.49751
-0.00445935
0.00180146
1.49694
0.000640949
-0.00307128
1.24855
0.00570304
-0.0082379
1.04325
0.011313
-0.0144758
0.873882
0.0184155
-0.0224868
0.734708
0.0274649
-0.0324004
0.620943
0.0380166
-0.0431862
0.527602
0.0485985
-0.0535033
0.453711
0.058998
-0.0648787
0.374392
0.0685125
-0.0659051
0.194343
0.0486205
-0.0195432
0.00575913
-0.316398
0.297223
-0.0219467
0.0411214
-0.458948
0.457247
-0.0505926
0.0522934
-0.540435
0.544763
-0.0504357
0.0461069
-0.630733
0.634863
-0.0421625
0.0380321
-0.743719
0.747344
-0.0344711
0.0308458
-0.881979
0.885714
-0.0275352
0.0238005
-1.05004
1.05392
-0.0202638
0.0163897
-1.25382
1.25752
-0.0129057
0.00920144
-1.50075
1.50434
-0.00590137
0.00231541
-1.49992
1.50328
0.00106675
-0.00442774
-1.25153
1.25476
0.00796124
-0.0111916
-1.04665
1.05004
0.0148043
-0.0181963
-0.877757
0.881189
0.0219633
-0.0253957
-0.738685
0.741874
0.0290063
-0.0321959
-0.624647
0.628092
0.0356873
-0.0391324
-0.531873
0.535721
0.0431469
-0.0469952
-0.457465
0.459221
0.0512238
-0.0529792
-0.367582
0.35795
0.0511472
-0.0415151
-0.17209
0.155766
0.0221448
-0.0058202
0.00312175
-0.280095
0.265183
-0.0123946
0.027307
-0.453529
0.448553
-0.0379467
0.0429222
-0.54774
0.549716
-0.0432097
0.0412329
-0.638574
0.64174
-0.0385585
0.0353928
-0.750911
0.754283
-0.0323953
0.0290233
-0.889068
0.892387
-0.0259576
0.0226392
-1.05752
1.06084
-0.0196373
0.0163196
-1.26126
1.26487
-0.0131485
0.0095419
-1.50817
1.51206
-0.00612205
0.00222742
-1.5069
1.51064
0.00153675
-0.00527236
-1.25808
1.2614
0.00908554
-0.0124008
-1.05325
1.05629
0.0158714
-0.0189065
-0.884188
0.887041
0.0220691
-0.0249221
-0.744888
0.747788
0.0280675
-0.0309675
-0.631314
0.63415
0.0341559
-0.0369911
-0.538889
0.541436
0.0399935
-0.0425408
-0.459687
0.459243
0.0443574
-0.0439135
-0.347254
0.336364
0.0387161
-0.0278257
-0.143622
0.134176
0.0126428
-0.00319758
0.0020983
-0.252269
0.241072
-0.00833094
0.0195271
-0.442771
0.436488
-0.0293947
0.0356777
-0.550933
0.551708
-0.0372604
0.0364859
-0.644382
0.646786
-0.0344818
0.0320778
-0.757292
0.759984
-0.0297765
0.0270839
-0.895623
0.898653
-0.0244678
0.0214378
-1.06416
1.06738
-0.0185785
0.015351
-1.26842
1.27186
-0.0123208
0.00888008
-1.51599
1.51985
-0.00556288
0.00170277
-1.51442
1.51817
0.00207679
-0.00581789
-1.26464
1.26782
0.00956746
-0.0127431
-1.05918
1.06203
0.0160014
-0.0188477
-0.889813
0.892472
0.0218648
-0.024524
-0.750456
0.752854
0.0273245
-0.029722
-0.636556
0.638648
0.0321742
-0.0342656
-0.543601
0.545425
0.0364591
-0.0382827
-0.458072
0.456247
0.0388401
-0.037015
-0.325699
0.315483
0.0303954
-0.0201789
-0.126496
0.120049
0.00863739
-0.00219076
0.00153933
-0.231302
0.222739
-0.00611375
0.0146768
-0.429876
0.42313
-0.023304
0.0300506
-0.552131
0.552249
-0.0326152
0.0324968
-0.648988
0.651106
-0.031066
0.0289483
-0.762409
0.764735
-0.0269038
0.0245779
-0.901484
0.90409
-0.0223448
0.0197384
-1.07058
1.07358
-0.017184
0.0141838
-1.27532
1.27868
-0.0112815
0.00792487
-1.52369
1.52744
-0.00469386
0.00094505
-1.52186
1.52548
0.00271685
-0.00632943
-1.27092
1.27397
0.00993608
-0.0129818
-1.06478
1.06744
0.0160987
-0.0187608
-0.894937
0.897232
0.0214859
-0.0237804
-0.754986
0.756942
0.026092
-0.0280484
-0.640554
0.642335
0.0300725
-0.0318526
-0.54691
0.548089
0.0337036
-0.0348822
-0.453825
0.450909
0.0346987
-0.0317829
-0.305807
0.296724
0.0245646
-0.0154819
-0.114506
0.109669
0.00648928
-0.00165187
0.00117457
-0.215182
0.208493
-0.00467043
0.0113598
-0.416357
0.409688
-0.0187071
0.0253759
-0.552036
0.551552
-0.0285577
0.0290418
-0.653097
0.655036
-0.0281465
0.0262077
-0.766933
0.769093
-0.0243176
0.0221577
-0.906591
0.908976
-0.0200919
0.0177072
-1.0765
1.07924
-0.0153864
0.0126527
-1.28201
1.28519
-0.00995648
0.0067758
-1.53117
1.5348
-0.0036719
4.50768e-05
-1.52904
1.53251
0.00348601
-0.0069555
-1.27693
1.2798
0.0103986
-0.0132654
-1.06995
1.07234
0.0161381
-0.0185271
-0.899332
0.901327
0.0209122
-0.0229067
-0.758759
0.760479
0.0249227
-0.0266428
-0.643999
0.645558
0.0284262
-0.0299852
-0.548918
0.549469
0.031585
-0.0321355
-0.44757
0.443901
0.0312341
-0.0275653
-0.288229
0.280306
0.0202685
-0.0123458
-0.105388
0.101571
0.00512814
-0.00131123
0.000910896
-0.202533
0.197219
-0.00363932
0.00895338
-0.403171
0.396888
-0.0151483
0.0214313
-0.550759
0.549735
-0.0249358
0.0259593
-0.65679
0.658454
-0.0253628
0.0236987
-0.771149
0.77319
-0.0219254
0.0198837
-0.911331
0.91359
-0.0179305
0.0156717
-1.08196
1.08454
-0.0134742
0.0108961
-1.28834
1.29133
-0.00836214
0.00536865
-1.53839
1.54185
-0.00242487
-0.0010357
-1.53592
1.53922
0.00441462
-0.00771487
-1.28256
1.2852
0.0109469
-0.0135914
-1.07458
1.07673
0.0161971
-0.0183457
-0.903183
0.904974
0.0204874
-0.0222779
-0.76209
0.763618
0.0240804
-0.0256089
-0.647021
0.648384
0.0271913
-0.0285542
-0.549798
0.54996
0.0297633
-0.0299257
-0.439949
0.435788
0.0283254
-0.0241647
-0.272906
0.265995
0.0170698
-0.0101585
-0.0981292
0.0950093
0.00419691
-0.001077
0.000711384
-0.192453
0.188184
-0.00286594
0.0071346
-0.390849
0.385109
-0.0123383
0.0180781
-0.548457
0.547032
-0.0216795
0.0231045
-0.659935
0.661364
-0.0227448
0.0213158
-0.775147
0.777114
-0.0196331
0.0176659
-0.915844
0.918009
-0.0157884
0.0136234
-1.08715
1.08962
-0.0115167
0.00904096
-1.29433
1.29719
-0.00660838
0.0037442
-1.54527
1.54855
-0.000935769
-0.00234636
-1.54245
1.54555
0.00554421
-0.008646
-1.28774
1.29017
0.0116493
-0.0140822
-1.07875
1.08071
0.0164628
-0.0184147
-0.906629
0.908233
0.0203487
-0.0219525
-0.765047
0.766402
0.0235549
-0.0249096
-0.649657
0.650851
0.0263139
-0.0275076
-0.549922
0.549702
0.0283339
-0.0281141
-0.431444
0.426984
0.02592
-0.0214601
-0.259512
0.253423
0.0146928
-0.00860451
-0.0921487
0.0895174
0.00354427
-0.000913009
0.000553512
-0.184341
0.180898
-0.00225929
0.00570223
-0.379652
0.374527
-0.0100568
0.015182
-0.545422
0.543742
-0.0187086
0.0203885
-0.662605
0.663815
-0.0202363
0.0190267
-0.77901
0.780938
-0.0173775
0.01545
-0.920199
0.922307
-0.0136146
0.0115069
-1.09216
1.09456
-0.00946061
0.00705961
-1.30008
1.30285
-0.00470277
0.00193375
-1.55182
1.55495
0.000761238
-0.00389831
-1.54858
1.55149
0.00692251
-0.00982685
-1.29251
1.29474
0.0126128
-0.0148503
-1.08253
1.08429
0.0170202
-0.0187819
-0.909697
0.911127
0.020515
-0.0219446
-0.767667
0.768862
0.0233632
-0.0245584
-0.65198
0.653043
0.0257997
-0.0268622
-0.549302
0.548687
0.0272994
-0.0266847
-0.422407
0.417772
0.0239848
-0.0193501
-0.247669
0.242227
0.0129374
-0.00749454
-0.0870662
0.08478
0.00308476
-0.000798497
0.000423307
-0.177797
0.175032
-0.00176318
0.00452891
-0.369698
0.365211
-0.00814638
0.0126328
-0.541938
0.540136
-0.0159574
0.0177598
-0.664854
0.665926
-0.0177803
0.0167077
-0.782806
0.784723
-0.0151105
0.0131929
-0.924471
0.926558
-0.0113683
0.00928062
-1.09704
1.09941
-0.00726085
0.00489986
-1.30567
1.30836
-0.00259318
-9.75096e-05
-1.55808
1.5611
0.00271604
-0.00573326
-1.55433
1.55706
0.00860841
-0.0113371
-1.29689
1.29894
0.0139205
-0.0159667
-1.08593
1.08751
0.0179267
-0.019502
-0.912409
0.913675
0.0210429
-0.0223091
-0.76998
0.771025
0.0235554
-0.0246007
-0.653984
0.654817
0.0256855
-0.0265179
-0.547901
0.546865
0.0266526
-0.0256171
-0.413065
0.408332
0.0224868
-0.0177539
-0.237035
0.232081
0.0116677
-0.00671443
-0.0826154
0.0805685
0.00276811
-0.00072114
0.000310664
-0.172552
0.170365
-0.00133839
0.0035257
-0.361021
0.357177
-0.00648792
0.0103323
-0.538265
0.536457
-0.0133608
0.015168
-0.666876
0.667901
-0.0153087
0.0142833
-0.786588
0.788518
-0.0127433
0.0108136
-0.928733
0.930832
-0.00897301
0.00687426
-1.10188
1.10424
-0.00485151
0.00249843
-1.31112
1.31379
-0.000214493
-0.0024466
-1.56413
1.56705
0.00500185
-0.0079208
-1.55974
1.56231
0.0106689
-0.0132383
-1.3009
1.30276
0.0156277
-0.0174851
-1.08896
1.09034
0.0192357
-0.020625
-0.91478
0.915887
0.0219766
-0.0230838
-0.771997
0.772892
0.0241619
-0.0250564
-0.655513
0.656076
0.0259634
-0.0265263
-0.545678
0.544226
0.0263711
-0.0249191
-0.403543
0.398744
0.0214064
-0.0166079
-0.227306
0.222708
0.0107873
-0.0061889
-0.0785984
0.0767098
0.00256109
-0.000672494
0.000207265
-0.168427
0.166758
-0.000953917
0.00262308
-0.353625
0.350423
-0.00498304
0.00818475
-0.534632
0.532931
-0.0108424
0.0125433
-0.668799
0.669807
-0.012725
0.0117166
-0.790402
0.792365
-0.0101939
0.00823061
-0.93305
0.935189
-0.00635014
0.00421127
-1.10674
1.10911
-0.00215717
-0.000219333
-1.31654
1.31919
0.00252627
-0.00517893
-1.57
1.57285
0.00770231
-0.0105491
-1.56485
1.56727
0.013187
-0.0156069
-1.30454
1.30621
0.0178075
-0.0194784
-1.0916
1.0928
0.0210194
-0.0222193
-0.916806
0.917749
0.0233757
-0.0243183
-0.773719
0.774442
0.0252146
-0.0259373
-0.656496
0.656766
0.0266633
-0.0269332
-0.542598
0.540762
0.0264305
-0.0245943
-0.393882
0.389015
0.0207309
-0.0158645
-0.218221
0.213859
0.010229
-0.00586734
-0.0748612
0.0730667
0.00244132
-0.000646779
0.000106595
-0.165319
0.164138
-0.000585649
0.00176678
-0.347515
0.344964
-0.00355175
0.00610324
-0.531256
0.529767
-0.00832484
0.00981461
-0.670684
0.671718
-0.00995564
0.00892139
-0.794293
0.796319
-0.00737967
0.00535342
-0.937484
0.939697
-0.0034069
0.00119401
-1.11168
1.11413
0.000924486
-0.00337407
-1.32197
1.32465
0.00572224
-0.00840134
-1.57575
1.57855
0.0109204
-0.0137199
-1.56966
1.57194
0.0162635
-0.018542
-1.30781
1.30929
0.020555
-0.0220352
-1.09387
1.09487
0.023358
-0.0243586
-0.918467
0.919237
0.0253093
-0.0260794
-0.775112
0.775654
0.0267896
-0.0273308
-0.656884
0.656822
0.0278424
-0.0277802
-0.538716
0.536472
0.026896
-0.0246519
-0.384064
0.379103
0.020439
-0.0154781
-0.20955
0.205322
0.00994061
-0.0057123
-0.0712821
0.0695295
0.00239226
-0.000639684
4.16984e-06
-0.163179
0.162483
-0.00021536
0.000912084
-0.342712
0.340831
-0.00212573
0.00400665
-0.528347
0.527172
-0.00572956
0.00690498
-0.672619
0.673737
-0.00691725
0.00579933
-0.798329
0.800449
-0.00419092
0.00207072
-0.942102
0.944427
-2.72379e-05
-0.00229762
-1.11679
1.11934
0.00451897
-0.0070674
-1.32749
1.33023
0.00949511
-0.0122365
-1.58142
1.5842
0.0147794
-0.0175543
-1.5742
1.57634
0.0200154
-0.0221551
-1.3107
1.31198
0.0239746
-0.0252531
-1.09573
1.09651
0.0263417
-0.0271271
-0.919739
0.920323
0.0278562
-0.0284396
-0.77616
0.776489
0.0289426
-0.0292721
-0.656658
0.656293
0.0294703
-0.0291048
-0.533978
0.531317
0.0277933
-0.0251317
-0.374018
0.36891
0.0205492
-0.0154416
-0.20109
0.196896
0.00990283
-0.00570905
-0.0677595
0.0660015
0.00240786
-0.0006499
-0.000103186
-0.162005
0.161826
0.000166904
1.20702e-05
-0.339265
0.338087
-0.000636531
0.00181463
-0.526109
0.52535
-0.00297698
0.00373645
-0.674719
0.675989
-0.00352864
0.00225813
-0.802572
0.804824
-0.000523525
-0.00172817
-0.946991
0.949468
0.00390911
-0.00638608
-1.12214
1.12484
0.00874849
-0.0114439
-1.33316
1.336
0.01399
-0.0168328
-1.58707
1.58985
0.0194301
-0.0222065
-1.57847
1.58047
0.0245994
-0.0266033
-1.31319
1.31425
0.028221
-0.0292826
-1.09714
1.09769
0.0301152
-0.0306597
-0.920595
0.920956
0.0311298
-0.0314912
-0.776805
0.776889
0.0317561
-0.0318403
-0.655861
0.655164
0.0316783
-0.0309814
-0.52833
0.525205
0.0292119
-0.0260868
-0.363627
0.358298
0.021082
-0.015753
-0.192643
0.188386
0.0101039
-0.00584732
-0.0642006
0.0623935
0.00248292
-0.000675802
-0.000242523
-0.161877
0.162205
0.000635728
-0.000962987
-0.337255
0.336816
0.000982237
-0.000543795
-0.524748
0.524515
-1.27249e-05
0.000245181
-0.677108
0.678637
0.000309415
-0.00183884
-0.807111
0.809551
0.0037694
-0.00620954
-0.952237
0.954913
0.00856276
-0.0112379
-1.12783
1.13072
0.0137854
-0.016676
-1.33907
1.34205
0.0193825
-0.0223671
-1.59274
1.59554
0.0250488
-0.0278496
-1.58247
1.58433
0.0301826
-0.0320447
-1.31524
1.31607
0.0334361
-0.0342594
-1.09808
1.09834
0.0348005
-0.0350671
-0.920984
0.921082
0.0352308
-0.0353296
-0.776998
0.776825
0.0353128
-0.0351401
-0.654396
0.653332
0.0345555
-0.0334909
-0.521679
0.518027
0.0311953
-0.0275429
-0.352733
0.347094
0.0220412
-0.0164012
-0.184017
0.179604
0.0105286
-0.00611525
-0.0605203
0.0586243
0.00261152
-0.000715556
-0.000375716
-0.162779
0.163737
0.00111405
-0.00207143
-0.336824
0.337235
0.00276629
-0.00317735
-0.524507
0.524964
0.0033518
-0.00380881
-0.679977
0.681818
0.00483885
-0.00667963
-0.812058
0.81475
0.00885742
-0.0115489
-0.957942
0.960876
0.0141304
-0.0170652
-1.13396
1.1371
0.0198518
-0.0229929
-1.3453
1.34846
0.0259048
-0.0290716
-1.59849
1.60132
0.0318638
-0.0347019
-1.58619
1.58789
0.0369707
-0.0386695
-1.31682
1.31736
0.0398003
-0.0403437
-1.09846
1.0984
0.0405556
-0.0404997
-0.920839
0.920629
0.0403058
-0.0400958
-0.77672
0.776255
0.0397471
-0.0392814
-0.652129
0.650638
0.0382279
-0.0367366
-0.51388
0.509613
0.0338286
-0.0295619
-0.341146
0.335085
0.0234592
-0.0173982
-0.175021
0.170354
0.0111772
-0.00651033
-0.0566392
0.0546159
0.0027916
-0.000768337
-0.000551323
-0.165008
0.166638
0.00170395
-0.00333417
-0.338109
0.339451
0.00481147
-0.0061535
-0.525675
0.526969
0.00719353
-0.0084873
-0.683462
0.685762
0.0101352
-0.0124359
-0.817556
0.820574
0.0149501
-0.0179689
-0.964235
0.967504
0.0208487
-0.0241172
-1.14064
1.1441
0.0272089
-0.0306674
-1.35193
1.35532
0.033837
-0.0372295
-1.60432
1.6072
0.0401544
-0.0430319
-1.58957
1.59107
0.0452166
-0.0467176
-1.31782
1.31802
0.0475522
-0.0477528
-1.09821
1.09778
0.0475818
-0.0471474
-0.920082
0.919521
0.0465438
-0.045983
-0.775839
0.774982
0.045258
-0.0444011
-0.648889
0.646857
0.0428705
-0.040839
-0.504739
0.499743
0.0371963
-0.0322002
-0.32863
0.322019
0.0253642
-0.018753
-0.16546
0.160439
0.012048
-0.00702768
-0.0524809
0.0502941
0.00301937
-0.000832584
-0.000764328
-0.168692
0.171124
0.00241441
-0.00484615
-0.341393
0.343821
0.00721942
-0.00964762
-0.528501
0.530843
0.0117126
-0.0140546
-0.687852
0.690761
0.0164726
-0.0193817
-0.82378
0.827229
0.0223315
-0.0257808
-0.971277
0.974969
0.0290448
-0.0327368
-1.14802
1.15187
0.0362084
-0.0400539
-1.35906
1.36271
0.0435286
-0.0471779
-1.61025
1.61315
0.0502427
-0.0531423
-1.59255
1.59379
0.0552026
-0.0564479
-1.31812
1.31792
0.0569148
-0.0567186
-1.09723
1.09636
0.0560805
-0.0552032
-0.918633
0.917674
0.0541319
-0.0531738
-0.774161
0.772795
0.0520162
-0.0506498
-0.644425
0.641733
0.0485881
-0.0458961
-0.494005
0.488136
0.0413654
-0.035496
-0.314912
0.307604
0.0277653
-0.0204574
-0.15513
0.149658
0.0131256
-0.00765284
-0.0479748
0.0455939
0.00328585
-0.000904913
-0.001038
-0.174151
0.177552
0.00330765
-0.00670856
-0.347009
0.350719
0.0101305
-0.0138409
-0.533343
0.537002
0.0171432
-0.0208019
-0.693437
0.697148
0.0241941
-0.027905
-0.830959
0.834962
0.0314393
-0.0354422
-0.979255
0.983471
0.0391893
-0.0434049
-1.15623
1.16053
0.0473351
-0.051634
-1.36673
1.37065
0.0554514
-0.0593686
-1.61622
1.61908
0.0625526
-0.0654163
-1.59498
1.59587
0.0672687
-0.0681615
-1.31761
1.31696
0.0681529
-0.0675036
-1.0954
1.09401
0.0662761
-0.0648785
-0.916394
0.914967
0.0632576
-0.0618299
-0.771453
0.76947
0.0601861
-0.0582026
-0.638486
0.634992
0.0555083
-0.0520145
-0.481353
0.474428
0.0464022
-0.0394772
-0.29968
0.291512
0.0306579
-0.02249
-0.143833
0.137813
0.0143827
-0.00836279
-0.0430624
0.0404653
0.00357781
-0.00098074
-0.00139999
-0.181819
0.186414
0.00445462
-0.00904948
-0.355391
0.360691
0.0137506
-0.0190505
-0.540632
0.545958
0.0239038
-0.02923
-0.70059
0.705317
0.0338358
-0.0385629
-0.839376
0.844077
0.0428541
-0.047555
-0.988385
0.993241
0.0519064
-0.0567622
-1.16541
1.17022
0.0612311
-0.0660328
-1.37496
1.3791
0.0701976
-0.0743417
-1.62208
1.62479
0.0775685
-0.080274
-1.59665
1.59704
0.0817793
-0.0821716
-1.31614
1.3149
0.0815416
-0.0803017
-1.09259
1.09059
0.0784083
-0.0764093
-0.91326
0.911288
0.0741445
-0.0721724
-0.767525
0.764874
0.0699441
-0.067293
-0.630744
0.626253
0.063749
-0.0592577
-0.46638
0.458176
0.0523159
-0.0441124
-0.282585
0.273386
0.0339821
-0.0247824
-0.131378
0.124733
0.0157578
-0.00911231
-0.0377055
0.0348862
0.00387171
-0.00105242
-0.00191634
-0.192399
0.198518
0.00602745
-0.012146
-0.367157
0.374511
0.0184865
-0.0258409
-0.550927
0.558384
0.0327017
-0.0401592
-0.709737
0.715726
0.0462705
-0.0522589
-0.849373
0.854934
0.0575218
-0.0630825
-0.998899
1.0045
0.0681658
-0.0737643
-1.17563
1.18092
0.0788106
-0.0840925
-1.38361
1.38784
0.0885271
-0.0927568
-1.62757
1.62989
0.0958541
-0.0981756
-1.59724
1.59691
0.0991048
-0.0987786
-1.31344
1.31146
0.0973273
-0.0953455
-1.0886
1.08591
0.0926867
-0.0899972
-0.909127
0.906526
0.087002
-0.0844012
-0.762349
0.758984
0.0813761
-0.0780112
-0.620777
0.615025
0.0733732
-0.0676214
-0.448593
0.438842
0.05903
-0.0492786
-0.263255
0.252859
0.0375934
-0.0271974
-0.117613
0.110299
0.0171415
-0.00982742
-0.0319004
0.0288779
0.00413207
-0.00110955
-0.00269289
-0.20689
0.21509
0.00827889
-0.0164791
-0.383204
0.393398
0.025078
-0.0352723
-0.564985
0.575208
0.0448679
-0.0550913
-0.721387
0.728917
0.0630796
-0.0706101
-0.861335
0.867911
0.076996
-0.0835718
-1.01096
1.01728
0.0894589
-0.0957766
-1.18678
1.19235
0.101294
-0.106861
-1.39235
1.39636
0.111331
-0.11534
-1.63216
1.63374
0.118
-0.119581
-1.59628
1.59494
0.119608
-0.118271
-1.30918
1.30629
0.115746
-0.112849
-1.08325
1.07978
0.10927
-0.105805
-0.903858
0.900514
0.101996
-0.0986526
-0.755788
0.751467
0.0947062
-0.0903851
-0.608015
0.600646
0.0843565
-0.0769874
-0.427408
0.415783
0.0663309
-0.0547059
-0.24132
0.229597
0.0412077
-0.0294838
-0.102454
0.094498
0.018348
-0.0103916
-0.0256987
0.0225298
0.00430737
-0.00113849
-0.00393341
-0.226968
0.238511
0.0117642
-0.0233074
-0.404972
0.419461
0.0354937
-0.0499823
-0.583813
0.59734
0.0633897
-0.0769171
-0.73611
0.745545
0.0870086
-0.0964442
-0.875469
0.882925
0.103936
-0.111392
-1.02437
1.03107
0.117875
-0.12458
-1.19834
1.20371
0.130187
-0.135559
-1.40045
1.4037
0.139593
-0.142844
-1.63506
1.63537
0.144569
-0.144876
-1.59314
1.59042
0.143539
-0.140818
-1.30301
1.29899
0.136932
-0.132921
-1.07633
1.07199
0.128258
-0.123914
-0.897302
0.893065
0.119186
-0.114949
-0.747403
0.741836
0.109957
-0.104389
-0.591737
0.58223
0.0965278
-0.0870199
-0.402162
0.388275
0.0737378
-0.0598505
-0.216468
0.203369
0.0442898
-0.0311911
-0.0859476
0.0775069
0.0190622
-0.0106215
-0.0192286
0.0160269
0.00432333
-0.00112166
-0.00684949
-0.255889
0.274482
0.0201183
-0.0387117
-0.435079
0.45559
0.0570529
-0.0775646
-0.608111
0.624616
0.0953281
-0.111832
-0.754253
0.765209
0.12373
-0.134687
-0.891359
0.898694
0.142387
-0.149722
-1.03822
1.04438
0.155923
-0.162082
-1.20917
1.21347
0.166948
-0.171254
-1.40672
1.40844
0.174084
-0.17581
-1.63516
1.63359
0.175955
-0.174382
-1.58707
1.58255
0.171204
-0.166685
-1.29448
1.28911
0.161073
-0.155697
-1.06763
1.06228
0.149762
-0.144407
-0.889197
0.88385
0.13861
-0.133262
-0.736505
0.729243
0.126813
-0.11955
-0.570922
0.558654
0.109226
-0.0969576
-0.372134
0.355563
0.0804941
-0.0639229
-0.188577
0.174163
0.0460023
-0.0315886
-0.06833
0.059795
0.0187635
-0.0102284
-0.0126936
0.00965463
0.00408584
-0.00104688
-0.00727267
-0.28934
0.306021
0.0196065
-0.0362877
-0.469455
0.48764
0.0527941
-0.0709787
-0.634813
0.650366
0.0871129
-0.102666
-0.775739
0.787492
0.114622
-0.126374
-0.909295
0.91921
0.135578
-0.145493
-1.05431
1.06393
0.154313
-0.163937
-1.22249
1.23087
0.172387
-0.180763
-1.41574
1.42224
0.188117
-0.19462
-1.63804
1.64173
0.199775
-0.203466
-1.58254
1.58221
0.204773
-0.204439
-1.28636
1.28326
0.201841
-0.198739
-1.05887
1.05413
0.194302
-0.189559
-0.880406
0.873932
0.183806
-0.177333
-0.722114
0.71119
0.167848
-0.156924
-0.542006
0.523332
0.140665
-0.121991
-0.333747
0.311248
0.0983049
-0.0758064
-0.155905
0.13836
0.0528518
-0.0353072
-0.0495783
0.0400881
0.0204503
-0.0109601
-0.00631496
0.00309318
0.00430474
-0.00108296
-0.00338484
-0.313271
0.324413
0.0105319
-0.0216739
-0.498184
0.511131
0.0330606
-0.046007
-0.658504
0.671115
0.0582527
-0.0708629
-0.797185
0.806723
0.0809842
-0.0905215
-0.928713
0.937619
0.0985934
-0.1075
-1.07302
1.08163
0.115377
-0.123986
-1.23894
1.24629
0.13146
-0.138817
-1.4283
1.43402
0.144739
-0.150455
-1.64447
1.64657
0.153965
-0.156061
-1.58063
1.57866
0.155936
-0.153961
-1.27891
1.2743
0.149901
-0.145282
-1.04909
1.0434
0.139491
-0.133809
-0.868749
0.861379
0.126835
-0.119464
-0.703866
0.692833
0.109957
-0.0989242
-0.510872
0.496095
0.0846878
-0.0699108
-0.297983
0.283854
0.0531648
-0.0390354
-0.129445
0.12021
0.0258079
-0.0165735
-0.0357486
0.0313425
0.00933947
-0.00493341
-0.00169154
0.000331081
0.00193968
-0.000579227
-0.00166507
-0.326714
0.33476
0.00557325
-0.01362
-0.518296
0.528211
0.0220346
-0.0319495
-0.677153
0.687391
0.0411146
-0.0513526
-0.815115
0.823224
0.0593209
-0.0674302
-0.946086
0.953501
0.0745686
-0.0819833
-1.0893
1.09668
0.0889729
-0.0963531
-1.25324
1.25946
0.102729
-0.10895
-1.43879
1.44306
0.114075
-0.118343
-1.64829
1.64927
0.121123
-0.122096
-1.57595
1.57275
0.121107
-0.11791
-1.26905
1.26365
0.112821
-0.107417
-1.03726
1.03072
0.100851
-0.0943081
-0.855199
0.847638
0.0867017
-0.0791409
-0.685997
0.675831
0.0695431
-0.0593764
-0.48714
0.476552
0.0473828
-0.0367945
-0.277072
0.268893
0.0261399
-0.0179602
-0.117263
0.112955
0.0109921
-0.00668449
-0.0302755
0.0286233
0.00369964
-0.00204753
0.000233524
-0.000743191
0.000893674
-0.000384007
-0.00126174
-0.334492
0.340106
0.0035608
-0.00917486
-0.532821
0.540448
0.0157663
-0.0233938
-0.692517
0.700627
0.0310256
-0.0391365
-0.830405
0.837065
0.0458176
-0.052478
-0.960734
0.967301
0.0584404
-0.0650076
-1.10363
1.1099
0.0710031
-0.0772783
-1.2655
1.27089
0.0829015
-0.0882985
-1.44704
1.45059
0.0924983
-0.0960467
-1.6501
1.65048
0.0980068
-0.0983942
-1.5695
1.56586
0.0967179
-0.0930791
-1.25798
1.25205
0.0874132
-0.0814899
-1.02416
1.0173
0.0743865
-0.0675235
-0.840835
0.833246
0.0596384
-0.0520494
-0.669268
0.660014
0.0427299
-0.0334755
-0.470425
0.462554
0.0236172
-0.0157467
-0.266619
0.261872
0.00852033
-0.00377402
-0.113156
0.112138
0.000596832
0.000421218
-0.0292847
0.0295167
-0.000548535
0.000316544
0.000625852
-0.000422044
-8.82632e-05
-0.000115544
-0.0010577
-0.338579
0.342705
0.00282879
-0.0069544
-0.543818
0.550255
0.0122904
-0.0187281
-0.704821
0.711626
0.0248326
-0.0316375
-0.843112
0.848919
0.0369432
-0.0427496
-0.973571
0.979564
0.0478134
-0.0538059
-1.11586
1.12148
0.0590597
-0.0646852
-1.27598
1.28074
0.0695275
-0.0742936
-1.4539
1.4569
0.0779634
-0.0809601
-1.65079
1.65076
0.0824888
-0.0824655
-1.56229
1.55845
0.08049
-0.0766429
-1.24622
1.24018
0.070837
-0.0648013
-1.01058
1.00365
0.0575994
-0.0506726
-0.826329
0.818809
0.0427532
-0.0352323
-0.653929
0.64558
0.0265935
-0.0182441
-0.458558
0.452215
0.00983281
-0.00348975
-0.261942
0.258972
-0.00159526
0.00456566
-0.114035
0.114681
-0.00550017
0.00485392
-0.0313036
0.0326839
-0.00345932
0.00207905
-0.000213651
0.000947924
-0.000901186
0.000166913
-0.00104356
-0.340826
0.344352
0.00260808
-0.00613361
-0.552259
0.557866
0.0103782
-0.0159852
-0.715717
0.721045
0.0215335
-0.0268616
-0.854128
0.859173
0.0315058
-0.0365511
-0.985151
0.990325
0.0412397
-0.0464139
-1.12694
1.1317
0.0513975
-0.0561528
-1.28531
1.28965
0.0606703
-0.065016
-1.45976
1.4624
0.0683724
-0.0710209
-1.65075
1.6505
0.0724976
-0.0722503
-1.55476
1.55088
0.0701684
-0.0662889
-1.23437
1.22842
0.0608524
-0.0549077
-0.997196
0.990467
0.0478178
-0.0410881
-0.811927
0.804903
0.0334921
-0.0264682
-0.640075
0.632594
0.0183492
-0.0108682
-0.449233
0.443963
0.00322539
0.00204415
-0.260154
0.25817
-0.00596065
0.00794506
-0.117193
0.118523
-0.00800767
0.00667722
-0.035061
0.0368557
-0.00460927
0.00281457
-0.00199601
0.00291165
-0.00123278
0.00031714
-0.00108912
-0.342555
0.345808
0.00262244
-0.00587559
-0.559482
0.564277
0.00950347
-0.0142988
-0.724875
0.729376
0.0194373
-0.023938
-0.864122
0.868772
0.0280829
-0.0327326
-0.995243
1.00011
0.0370604
-0.0419295
-1.13689
1.14146
0.0461896
-0.0507644
-1.29371
1.29785
0.05494
-0.0590809
-1.46542
1.4679
0.0623151
-0.0647994
-1.65055
1.65064
0.0660234
-0.0661198
-1.54759
1.54382
0.0644405
-0.0606727
-1.22298
1.21747
0.0555878
-0.0500735
-0.984196
0.977761
0.0433364
-0.036902
-0.79838
0.791809
0.0298155
-0.0232441
-0.627575
0.620701
0.0159134
-0.00903936
-0.441339
0.436566
0.00191654
0.00285646
-0.259197
0.257723
-0.00619087
0.00766431
-0.121138
0.122427
-0.00774107
0.00645216
-0.0394019
0.0411117
-0.00456843
0.00285862
-0.00413297
0.00505687
-0.00129692
0.000373031
-0.00126374
-0.344247
0.347231
0.00286726
-0.00585136
-0.565705
0.570275
0.00923237
-0.013802
-0.73308
0.736877
0.0184489
-0.0222451
-0.873019
0.877298
0.0262532
-0.0305319
-1.00466
1.00898
0.0345484
-0.0388621
-1.14593
1.15057
0.0428797
-0.0475153
-1.30204
1.30573
0.0515717
-0.0552633
-1.47045
1.47336
0.0583694
-0.0612727
-1.65088
1.65109
0.0627807
-0.0629849
-1.54072
1.53757
0.0614895
-0.0583447
-1.21242
1.20734
0.0536068
-0.0485235
-0.97203
0.966005
0.0426832
-0.0366581
-0.785733
0.779657
0.0300076
-0.0239321
-0.615717
0.60958
0.0170924
-0.0109556
-0.434285
0.429551
0.00452051
0.000213331
-0.258198
0.256695
-0.0036722
0.00517494
-0.124617
0.125373
-0.00567335
0.00491677
-0.0433699
0.0446702
-0.00357517
0.00227487
-0.00621006
0.00694732
-0.00107494
0.000337681
-0.00133016
-0.346319
0.349112
0.00312258
-0.00591485
-0.571469
0.575865
0.00916524
-0.0135614
-0.740385
0.744517
0.0173643
-0.021497
-0.881376
0.885311
0.0251175
-0.0290522
-1.01364
1.01793
0.0327418
-0.0370319
-1.15501
1.1592
0.0410479
-0.0452442
-1.30982
1.31371
0.0493986
-0.0532829
-1.47621
1.4791
0.0564174
-0.0593066
-1.6517
1.65215
0.0612711
-0.0617183
-1.53517
1.53256
0.0607849
-0.0581744
-1.20286
1.19832
0.0541597
-0.0496152
-0.960807
0.955444
0.0441061
-0.0387434
-0.77416
0.768557
0.032684
-0.0270807
-0.604616
0.598933
0.0206257
-0.014942
-0.427106
0.422297
0.00914531
-0.00433572
-0.256503
0.254564
0.000325085
0.00161444
-0.126809
0.126849
-0.00256565
0.00252556
-0.0463481
0.0470056
-0.00199586
0.00133836
-0.00786013
0.0083068
-0.000649798
0.00020312
-0.00142586
-0.348566
0.351543
0.00336595
-0.00634274
-0.576853
0.581027
0.00940475
-0.0135794
-0.747622
0.751386
0.0173175
-0.0210817
-0.889219
0.893043
0.024341
-0.0281651
-1.02198
1.0262
0.0317919
-0.0360047
-1.16362
1.16785
0.0399815
-0.0442157
-1.3179
1.32193
0.0481984
-0.0522346
-1.48205
1.48528
0.0555844
-0.0588202
-1.6533
1.65432
0.060835
-0.0618601
-1.5305
1.52865
0.0614564
-0.0596106
-1.1945
1.19044
0.0561184
-0.0520521
-0.950597
0.945707
0.047152
-0.0422616
-0.763117
0.757938
0.0365292
-0.0313497
-0.594205
0.588914
0.0252463
-0.0199555
-0.419544
0.414674
0.0141999
-0.00933057
-0.25386
0.251203
0.00504462
-0.00238747
-0.127528
0.126816
0.000755859
-4.37438e-05
-0.047918
0.047899
-0.000283043
0.000302081
-0.00888663
0.00900669
-0.000198776
7.87175e-05
-0.00153516
-0.351435
0.35429
0.00363237
-0.00648734
-0.582773
0.586528
0.00974723
-0.0135027
-0.754627
0.7582
0.0170126
-0.0205854
-0.896803
0.900773
0.0237443
-0.0277141
-1.03038
1.03428
0.0312532
-0.0351517
-1.17222
1.17643
0.0392937
-0.0435025
-1.32579
1.33014
0.0473328
-0.0516862
-1.48867
1.492
0.0552598
-0.0585871
-1.65589
1.65759
0.0611128
-0.0628124
-1.52712
1.52583
0.0629657
-0.0616755
-1.1869
1.18336
0.0588762
-0.055339
-0.94135
0.93678
0.0508476
-0.0462775
-0.753029
0.748282
0.0409895
-0.0362425
-0.584289
0.578858
0.0305277
-0.0250964
-0.411282
0.406168
0.0194703
-0.0143572
-0.249802
0.246678
0.0097064
-0.00658234
-0.126613
0.125059
0.00408184
-0.0025284
-0.0480996
0.0474162
0.00136822
-0.000684848
-0.00923665
0.00904215
0.000247804
-5.33022e-05
-0.00157689
-0.354713
0.357532
0.00375018
-0.00656898
-0.588124
0.591979
0.00979956
-0.0136552
-0.761366
0.764802
0.0169241
-0.0203597
-0.904618
0.908192
0.0236585
-0.0272321
-1.0383
1.04256
0.0306576
-0.0349166
-1.18071
1.18511
0.0385368
-0.0429306
-1.33423
1.33896
0.046952
-0.0516831
-1.4956
1.49936
0.0553354
-0.0590913
-1.65964
1.66189
0.0618452
-0.0640992
-1.52503
1.5245
0.0649239
-0.0643943
-1.1804
1.1772
0.0621492
-0.0589531
-0.932581
0.928469
0.0549307
-0.0508189
-0.743725
0.738932
0.0459959
-0.0412028
-0.574292
0.568911
0.0357203
-0.0303386
-0.402304
0.397161
0.0243013
-0.0191584
-0.244599
0.240838
0.0140657
-0.0103046
-0.123966
0.121654
0.0070272
-0.00471543
-0.0469596
0.0456845
0.00276486
-0.00148981
-0.00901564
0.00857029
0.000597792
-0.000152438
-0.0015483
-0.358566
0.361345
0.00386997
-0.00664868
-0.593633
0.597329
0.00989944
-0.0135954
-0.767826
0.771091
0.0168715
-0.0201361
-0.911856
0.915533
0.023284
-0.0269607
-1.04642
1.05031
0.0304839
-0.034376
-1.18926
1.19368
0.0382995
-0.0427237
-1.34299
1.3477
0.0465895
-0.0512919
-1.5034
1.50769
0.055308
-0.0595972
-1.66452
1.66754
0.0628322
-0.0658491
-1.52405
1.52416
0.0670368
-0.0671468
-1.17468
1.17204
0.0655034
-0.0628729
-0.92474
0.92109
0.059157
-0.0555073
-0.734659
0.730146
0.0508583
-0.0463451
-0.564034
0.558405
0.0407755
-0.0351465
-0.392658
0.387159
0.0288003
-0.0233008
-0.23796
0.23367
0.0178723
-0.0135827
-0.119853
0.11676
0.00964597
-0.00655323
-0.0446829
0.0428936
0.00391988
-0.00213058
-0.00834273
0.00771577
0.000831504
-0.000204541
-0.00146925
-0.362227
0.365344
0.00370949
-0.00682676
-0.599306
0.60299
0.010037
-0.0137213
-0.774224
0.777322
0.0165383
-0.019637
-0.918765
0.922501
0.0228754
-0.0266111
-1.05444
1.0584
0.0300401
-0.0340022
-1.19821
1.20249
0.0378685
-0.0421509
-1.35224
1.35699
0.0463325
-0.0510823
-1.51189
1.51634
0.0553594
-0.0598073
-1.6706
1.67405
0.0636579
-0.0671069
-1.5246
1.52511
0.0692567
-0.069768
-1.17004
1.1679
0.0689325
-0.066795
-0.917627
0.914192
0.0637459
-0.0603111
-0.72592
0.721255
0.0559737
-0.0513092
-0.553224
0.54731
0.0453366
-0.0394223
-0.382254
0.376464
0.0326127
-0.0268222
-0.230094
0.225277
0.0210088
-0.0161922
-0.114294
0.110639
0.0115599
-0.00790513
-0.0414174
0.0392612
0.00467929
-0.00252305
-0.00731033
0.00657264
0.000967768
-0.000230087
-0.00145195
-0.366508
0.369596
0.0036726
-0.00676122
-0.605057
0.608471
0.00978223
-0.0131964
-0.780522
0.783682
0.0160742
-0.0192338
-0.925789
0.929399
0.0224497
-0.02606
-1.06204
1.06633
0.0292003
-0.0334901
-1.20684
1.21169
0.0370751
-0.0419229
-1.36178
1.36641
0.0461826
-0.0508087
-1.52079
1.52593
0.0550525
-0.0601953
-1.67789
1.68197
0.0642152
-0.0682944
-1.5264
1.52777
0.0711191
-0.0724946
-1.16635
1.16499
0.072052
-0.070685
-0.911212
0.908114
0.0680619
-0.064964
-0.716891
0.711976
0.0605717
-0.0556568
-0.541689
0.535406
0.0492351
-0.0429528
-0.371152
0.364985
0.0358145
-0.0296476
-0.221109
0.215796
0.0232983
-0.0179854
-0.107493
0.103399
0.0127529
-0.00865901
-0.0374426
0.035085
0.00502911
-0.00267153
-0.00605424
0.00527837
0.00100821
-0.000232336
-0.00140381
-0.37084
0.37384
0.0036699
-0.00666934
-0.610797
0.614051
0.00970833
-0.0129614
-0.786736
0.789979
0.015792
-0.0190347
-0.932749
0.936356
0.0218952
-0.0255021
-1.07012
1.07402
0.028747
-0.0326467
-1.21561
1.2202
0.0364696
-0.0410654
-1.37137
1.37629
0.0453183
-0.0502393
-1.53079
1.53604
0.0547091
-0.0599518
-1.68622
1.69079
0.0646206
-0.0691895
-1.52941
1.5316
0.0725963
-0.0747853
-1.16399
1.16325
0.0751811
-0.0744405
-0.90526
0.902041
0.0724021
-0.0691837
-0.707371
0.702037
0.0648178
-0.0594839
-0.529307
0.522438
0.0526427
-0.0457734
-0.359112
0.352331
0.0382015
-0.0314199
-0.210976
0.205244
0.0245839
-0.0188519
-0.0997745
0.0954095
0.0131003
-0.00873533
-0.0330877
0.030681
0.00497215
-0.00256551
-0.00470405
0.00396531
0.000943484
-0.000204746
-0.00144857
-0.375279
0.378103
0.00354651
-0.00637099
-0.616288
0.619349
0.00946803
-0.0125292
-0.79259
0.795725
0.0151892
-0.0183248
-0.939496
0.942918
0.0212389
-0.0246606
-1.0778
1.08155
0.0280078
-0.0317566
-1.2247
1.229
0.0357008
-0.0399975
-1.38112
1.38588
0.0446903
-0.0494497
-1.54084
1.54654
0.0541916
-0.0598856
-1.69555
1.70062
0.0646024
-0.0696739
-1.53407
1.53687
0.0738557
-0.0766564
-1.16292
1.16275
0.0780104
-0.0778445
-0.899437
0.896705
0.0762293
-0.0734976
-0.696974
0.691351
0.068721
-0.0630977
-0.515747
0.508312
0.0555445
-0.048109
-0.346051
0.338635
0.0397025
-0.0322865
-0.199821
0.193556
0.024588
-0.0183225
-0.0915492
0.0871267
0.0122859
-0.00786336
-0.0287119
0.0265691
0.00428999
-0.00214721
-0.00343223
0.00283291
0.000771937
-0.000172621
-0.00131407
-0.379684
0.382648
0.00331315
-0.00627712
-0.621792
0.624675
0.00910513
-0.0119879
-0.798718
0.801812
0.01475
-0.0178443
-0.946236
0.949471
0.0206721
-0.0239071
-1.08558
1.08923
0.0272115
-0.0308647
-1.23345
1.23809
0.0344848
-0.0391207
-1.39117
1.39607
0.0436063
-0.0485073
-1.55169
1.5574
0.0533887
-0.0590954
-1.70589
1.71162
0.0642452
-0.0699778
-1.54026
1.54373
0.0745341
-0.0780052
-1.16292
1.16355
0.0804099
-0.081036
-0.894315
0.891694
0.0799096
-0.0772889
-0.685925
0.67983
0.0725644
-0.0664699
-0.500986
0.492654
0.0583861
-0.0500538
-0.331335
0.322713
0.0405365
-0.0319143
-0.187423
0.180189
0.0230228
-0.0157895
-0.0832761
0.0789625
0.00924337
-0.00492972
-0.0249955
0.0235949
0.00191615
-0.00051559
-0.00250792
0.00248547
-4.52005e-05
6.76447e-05
-0.00136236
-0.383936
0.386647
0.00340562
-0.00611603
-0.627085
0.629989
0.00855295
-0.0114573
-0.804265
0.807266
0.013866
-0.0168677
-0.952529
0.955687
0.0198155
-0.0229727
-1.09261
1.09647
0.0260478
-0.0299079
-1.24225
1.24676
0.0335281
-0.0380345
-1.40102
1.40628
0.0422742
-0.0475328
-1.56278
1.56871
0.0523214
-0.0582525
-1.71729
1.72313
0.0636961
-0.0695322
-1.54781
1.55214
0.0747833
-0.0791176
-1.16469
1.16595
0.0823691
-0.0836292
-0.889171
0.88692
0.0829822
-0.0807311
-0.674335
0.66789
0.076171
-0.0697265
-0.484513
0.475448
0.0611174
-0.0520523
-0.313899
0.303538
0.0413325
-0.0309724
-0.172745
0.163482
0.0199134
-0.0106504
-0.0748391
0.0691919
0.00222999
0.00341723
-0.0228162
0.0217218
-0.00713804
0.00823251
-0.00351669
0.00687019
-0.00685186
0.00349835
-0.00117501
-0.388296
0.391084
0.0030878
-0.00587483
-0.632324
0.63485
0.00832334
-0.0108486
-0.809803
0.812674
0.0134974
-0.0163683
-0.959062
0.961938
0.0191776
-0.0220544
-1.10021
1.10382
0.0250214
-0.0286296
-1.25073
1.25506
0.0326025
-0.0369302
-1.41118
1.4162
0.0411836
-0.0462067
-1.57456
1.5801
0.0513241
-0.0568631
-1.72938
1.73564
0.0626951
-0.06895
-1.55666
1.56173
0.0746302
-0.0796983
-1.16756
1.16955
0.0837111
-0.0856998
-0.884996
0.882949
0.0857806
-0.0837338
-0.66217
0.65611
0.0792511
-0.073191
-0.466672
0.457061
0.0641548
-0.0545435
-0.29303
0.28095
0.0426816
-0.0306014
-0.153321
0.140549
0.0166095
-0.00383726
-0.0619481
0.0504174
-0.00954977
0.0210805
-0.0199347
0.0158731
-0.0310536
0.0351152
-0.0138672
0.0229833
-0.0335434
0.0244273
-0.00112606
-0.392693
0.395121
0.00298224
-0.0054099
-0.637383
0.639911
0.00797771
-0.0105055
-0.815235
0.818137
0.0129613
-0.0158635
-0.964943
0.967915
0.0187825
-0.0217538
-1.1075
1.11127
0.0248869
-0.0286547
-1.25948
1.26412
0.0326682
-0.0373015
-1.42137
1.42707
0.0415709
-0.047272
-1.58668
1.59299
0.0529909
-0.0592979
-1.74257
1.75021
0.0657432
-0.0733886
-1.56755
1.57419
0.0803705
-0.0870043
-1.17256
1.17574
0.0927298
-0.0959121
-0.881461
0.880028
0.0971428
-0.0957102
-0.650093
0.643553
0.091713
-0.0851727
-0.447221
0.436586
0.0754722
-0.0648373
-0.267445
0.252964
0.0510677
-0.0365867
-0.125396
0.107786
0.0184782
-0.000867334
-0.0403558
0.0504654
-0.00966042
-0.000449145
-0.0339875
0.135475
0.0523871
-0.153874
-0.112112
0.340317
0.356875
-0.58508
-0.0010362
-0.396828
0.399211
0.00289841
-0.00528149
-0.642072
0.644887
0.0076094
-0.0104246
-0.820788
0.823322
0.0126955
-0.0152298
-0.971201
0.974335
0.0180752
-0.021209
-1.11491
1.11868
0.0243068
-0.0280739
-1.26857
1.27311
0.0321087
-0.0366523
-1.43268
1.4383
0.0415201
-0.0471347
-1.59991
1.60698
0.0532156
-0.06029
-1.75809
1.7665
0.0673562
-0.0757638
-1.5815
1.58935
0.0839047
-0.0917586
-1.1801
1.18474
0.0989042
-0.103541
-0.879351
0.878974
0.106346
-0.105969
-0.63773
0.63176
0.102336
-0.0963663
-0.426609
0.415377
0.0860959
-0.0748635
-0.237741
0.223797
0.0616886
-0.0477444
-0.100214
0.130885
0.0419775
-0.0726488
-0.124026
0.353677
0.185806
-0.415457
-0.39384
0.626148
0.731779
-0.964088
-0.53298
0.631238
1.12055
-1.21881
-0.000788857
-0.400709
0.402175
0.00317437
-0.00464053
-0.646879
0.649447
0.00728575
-0.00985312
-0.825889
0.828696
0.0118172
-0.0146237
-0.977427
0.98083
0.0175101
-0.020913
-1.12229
1.1267
0.0235947
-0.028
-1.27772
1.28278
0.0313024
-0.0363685
-1.44425
1.4506
0.041017
-0.0473681
-1.61424
1.62187
0.0533803
-0.0610096
-1.77558
1.78514
0.0684754
-0.0780346
-1.598
1.60771
0.087066
-0.0967801
-1.19041
1.19711
0.104992
-0.111697
-0.879758
0.881458
0.115735
-0.117434
-0.626053
0.6205
0.114693
-0.10914
-0.406188
0.39372
0.0980932
-0.0856253
-0.218126
0.254645
0.0805862
-0.117105
-0.24753
0.502819
0.251807
-0.507097
-0.654043
0.856481
0.841183
-1.04362
-0.748734
0.813953
1.1636
-1.22881
-0.673693
0.695429
1.26913
-1.29086
-0.00106264
-0.403196
0.403267
0.00400851
-0.0040796
-0.651154
0.653552
0.00715286
-0.00955093
-0.831699
0.834388
0.011426
-0.0141145
-0.984651
0.989197
0.0163175
-0.0208641
-1.13171
1.13658
0.0226694
-0.0275434
-1.28822
1.2946
0.0299926
-0.0363641
-1.45694
1.46404
0.040279
-0.04738
-1.63026
1.63928
0.0530218
-0.0620403
-1.79555
1.80678
0.0691794
-0.0804112
-1.61829
1.63034
0.0899531
-0.101997
-1.20489
1.21394
0.111095
-0.120148
-0.885331
0.889716
0.125245
-0.12963
-0.613759
0.604759
0.130172
-0.121172
-0.390037
0.421165
0.116742
-0.14787
-0.367483
0.537724
0.267422
-0.437662
-0.812105
1.05369
0.762089
-1.00368
-0.964296
1.01981
1.1294
-1.18492
-0.847612
0.865303
1.22428
-1.24197
-0.709239
0.721468
1.25957
-1.2718
0.16177
-0.234419
0.12149
-0.00233019
-0.1195
0.354616
0.265016
-0.00612605
-0.156755
0.513344
0.33961
-0.0112576
-0.171067
0.650846
0.371317
-0.0165763
-0.175613
0.779127
0.387026
-0.0229706
-0.176505
0.91336
-0.0307766
0.400873
1.05757
0.417394
-0.0403996
1.21088
0.436443
-0.0536527
1.36532
0.45783
-0.0711096
1.50717
0.480579
-0.0941785
1.33888
0.500655
-0.118848
0.95224
0.508771
-0.137868
0.63682
0.491084
-0.143061
-0.143758
0.427249
0.443869
-0.201145
-0.171916
0.60183
0.757338
-0.608328
-0.376297
0.824275
1.85545
-1.05091
-0.588419
0.641092
2.35353
-1.1564
-0.632756
0.418764
2.48121
-1.20423
-0.646978
0.228296
-1.23571
2.54083
-1.26285
-0.735361
2.73032
-0.00184466
-0.0018455
0.224714
-0.0592539
-0.00189117
0.418624
-0.418578
0.00475069
-0.00621441
0.663436
-0.661972
0.00844816
-0.0106646
0.83981
-0.837594
0.0128049
-0.016338
0.992382
-0.988849
0.0187955
-0.022978
1.14167
-1.13749
0.0266881
-0.0315744
-1.29897
1.30385
0.0369774
-0.04327
-1.47147
1.47776
0.0501371
-0.0581104
-1.64984
1.65781
0.0674923
-0.0784957
-1.82124
1.83224
0.0909897
-0.10329
-1.64604
1.65834
0.116799
-0.127077
-1.22471
1.23498
0.136582
-0.143544
-0.891538
0.8985
0.144155
-0.16566
0.618381
-0.596876
0.247412
-0.415577
0.77193
-0.603764
0.732697
-0.912446
1.36883
-1.18908
1.05529
-1.10188
1.3157
-1.26911
1.13877
-1.162
1.10775
-1.08452
1.18291
-1.20262
0.920923
-0.901211
0.889589
-0.663491
-0.747063
1.4236
-0.000186856
-0.00273886
-0.228785
0.231711
-0.00178079
-0.419416
0.42101
0.00441614
-0.00621088
-0.665515
0.667309
0.00822025
-0.0115199
-0.84302
0.84632
0.01317
-0.0171599
-0.997108
1.0011
0.0193133
-0.0247898
-1.14714
1.15262
0.0276755
-0.0338346
-1.31049
1.31665
0.0382328
-0.0462959
-1.48606
1.49412
0.0518318
-0.0623523
-1.66858
1.6791
0.0703671
-0.0845959
-1.8464
1.86063
0.0956329
-0.111784
-1.67464
1.69079
0.124207
-0.139012
-1.24992
1.26472
0.148952
-0.158754
-0.909253
0.919054
0.178757
-0.241873
-0.664716
0.727832
0.425312
-0.683516
-0.994076
1.25228
0.913521
-1.00359
-1.49861
1.58868
1.06171
-1.09354
-1.34834
1.38017
1.12284
-1.14471
-1.12782
1.1497
1.16946
-1.19187
-0.935771
0.95818
0.896529
-0.634253
-0.777265
1.42244
-1.34681e-05
-0.00197534
-0.235116
0.237105
-0.00157239
-0.422292
0.423851
0.00415178
-0.00616681
-0.669587
0.671602
0.00901996
-0.0117207
-0.848933
0.851634
0.0141279
-0.0177033
-1.00444
1.00802
0.0210809
-0.0251833
-1.15679
1.16089
0.0295451
-0.0350476
-1.32222
1.32773
0.0408105
-0.0478379
-1.50177
1.5088
0.0551682
-0.0649838
-1.68905
1.69887
0.0749265
-0.0884573
-1.87439
1.88792
0.10235
-0.11793
-1.70683
1.72241
0.134164
-0.148259
-1.27933
1.29343
0.16164
-0.179541
-0.931266
0.949167
0.233096
-0.369373
-0.831671
0.967948
0.634472
-0.85557
-1.50576
1.72686
0.96268
-1.01311
-1.65806
1.70849
1.04659
-1.07327
-1.4083
1.43498
1.10173
-1.12481
-1.17329
1.19637
1.1513
-1.17894
-0.971539
0.999181
0.903329
-0.607103
-0.811443
1.42868
-0.000273157
-0.00141773
-0.239712
0.241403
-0.00172911
-0.425746
0.427202
0.00420327
-0.00627705
-0.674149
0.676223
0.0090946
-0.0121926
-0.854438
0.857536
0.015106
-0.0186932
-1.01127
1.01486
0.0223544
-0.0267483
-1.16524
1.16964
0.0311049
-0.0369087
-1.33305
1.33885
0.0428989
-0.0504114
-1.51588
1.52339
0.0581802
-0.0681699
-1.70862
1.71861
0.079031
-0.0929902
-1.90133
1.91529
0.108441
-0.124941
-1.73843
1.75493
0.142768
-0.158404
-1.30861
1.32425
0.175117
-0.209127
-0.976728
1.01074
0.323735
-0.529979
-1.14619
1.35244
0.785382
-0.90283
-1.89012
2.00757
0.962861
-0.996322
-1.74968
1.78314
1.02444
-1.0492
-1.46262
1.48738
1.07774
-1.10725
-1.22122
1.25074
1.13852
-1.15995
-1.02162
1.04305
0.891655
-0.559517
-0.841553
1.40165
-0.000597531
-0.000846797
-0.243628
0.245073
-0.00211369
-0.429084
0.430601
0.00440582
-0.00693452
-0.678888
0.681416
0.00973066
-0.0126601
-0.860486
0.863415
0.015645
-0.0196827
-1.01808
1.02212
0.0234427
-0.0280557
-1.17411
1.17872
0.032612
-0.0385671
-1.34458
1.35054
0.045162
-0.0528243
-1.53103
1.53869
0.0609271
-0.0717939
-1.72872
1.73958
0.0832917
-0.0979814
-1.92974
1.94443
0.114405
-0.131913
-1.77212
1.78962
0.150809
-0.167808
-1.34061
1.35761
0.19524
-0.258691
-1.06026
1.12371
0.433537
-0.674553
-1.58299
1.82401
0.840407
-0.902711
-2.08961
2.15191
0.9422
-0.96948
-1.81221
1.83949
0.996681
-1.02342
-1.51743
1.54416
1.04759
-1.0621
-1.27609
1.2906
1.06955
-1.06163
-1.05286
1.04494
0.801223
-0.419148
-0.847878
1.24391
-0.000885602
-0.000304038
-0.247096
0.248286
-0.00214263
-0.432731
0.433988
0.00457333
-0.00722752
-0.683944
0.686598
0.0099153
-0.0130107
-0.866713
0.869808
0.0161988
-0.0203973
-1.02588
1.03008
0.0244111
-0.0292142
-1.18344
1.18824
0.0337723
-0.0399773
-1.35658
1.36278
0.0464005
-0.0545528
-1.54689
1.55505
0.0628725
-0.0740192
-1.75021
1.76135
0.0854153
-0.100608
-1.95995
1.97514
0.11714
-0.135019
-1.80821
1.82609
0.154365
-0.174083
-1.37648
1.3962
0.215089
-0.319361
-1.21161
1.31589
0.535368
-0.727228
-2.05255
2.24441
0.813152
-0.85244
-2.20216
2.24145
0.880166
-0.901364
-1.86237
1.88357
0.929008
-0.945974
-1.57008
1.58704
0.956552
-0.950675
-1.30377
1.29789
0.917952
-0.849395
-1.02252
0.953964
0.692676
-0.373747
0.366834
-0.685763
-0.000765684
-0.000204405
-0.250521
0.251491
-0.00232383
-0.436156
0.437714
0.00488343
-0.00735577
-0.68956
0.692033
0.0105027
-0.0137758
-0.873261
0.876534
0.0171146
-0.0214063
-1.03356
1.03785
0.0256823
-0.0307249
-1.19293
1.19797
0.0361655
-0.0427908
-1.3692
1.37583
0.0497791
-0.0584403
-1.56321
1.57188
0.0678983
-0.0796603
-1.7721
1.78386
0.0923765
-0.109373
-1.99037
2.00737
0.127728
-0.147684
-1.84462
1.86458
0.169542
-0.196563
-1.41992
1.44695
0.266277
-0.416301
-1.44043
1.59045
0.661937
-0.791452
-2.40211
2.53163
0.848001
-0.877808
-2.27352
2.30333
0.902091
-0.92535
-1.90594
1.9292
0.941643
-0.9438
-1.59798
1.60013
0.923855
-0.865867
-1.27038
1.21239
0.716918
-0.448109
-0.808358
0.539549
0.139642
-0.0174341
-0.108704
-0.0135044
-0.000980854
-2.5822e-05
-0.253399
0.254406
-0.00240096
-0.440455
0.441875
0.00461246
-0.00733989
-0.695214
0.697941
0.0102977
-0.0137829
-0.880403
0.883889
0.0175506
-0.0221133
-1.04206
1.04662
0.0265528
-0.0323311
-1.20351
1.20929
0.0382732
-0.0453002
-1.38267
1.38969
0.0527345
-0.0624653
-1.5808
1.59053
0.0726918
-0.0855982
-1.79611
1.80902
0.0996736
-0.118032
-2.02454
2.0429
0.138442
-0.160795
-1.88514
1.90749
0.186651
-0.225232
-1.48032
1.5189
0.337244
-0.532656
-1.76078
1.95619
0.749952
-0.828091
-2.62837
2.70651
0.869801
-0.895969
-2.33063
2.3568
0.918376
-0.933116
-1.94704
1.96178
0.933589
-0.902298
-1.59113
1.55984
0.800681
-0.597975
-1.09246
0.889756
0.256387
-0.0617564
-0.250318
0.0556876
-0.00226389
0.00703635
0.0480592
-0.0528317
-0.000577833
-0.000198384
-0.256352
0.257128
-0.00226434
-0.444389
0.446075
0.00428179
-0.00702056
-0.701332
0.704071
0.0102556
-0.0139744
-0.88748
0.891199
0.0179283
-0.0226699
-1.05096
1.0557
0.0274297
-0.0336302
-1.21452
1.22072
0.0396903
-0.0476745
-1.39685
1.40483
0.0554563
-0.0661952
-1.5998
1.61054
0.077228
-0.091081
-1.82252
1.83637
0.106719
-0.126866
-2.06178
2.08193
0.148912
-0.173843
-1.93033
1.95526
0.206403
-0.264444
-1.56879
1.62683
0.417573
-0.645439
-2.16478
2.39265
0.7985
-0.852017
-2.76807
2.82158
0.884458
-0.904129
-2.37929
2.39896
0.919997
-0.91953
-1.96974
1.96928
0.875087
-0.748089
-1.49389
1.36689
0.472261
-0.164573
-0.589787
0.282099
0.0248098
0.00648192
0.023359
-0.0546507
-0.00891382
0.00438072
0.0492105
-0.0446774
1.1372e-06
-0.000320595
-0.259193
0.259512
-0.00151249
-0.448713
0.450227
0.00369097
-0.00642137
-0.707906
0.710636
0.00957535
-0.0134082
-0.895547
0.89938
0.0177331
-0.0226158
-1.06059
1.06547
0.0278973
-0.034314
-1.22669
1.23311
0.0409563
-0.0492018
-1.41251
1.42076
0.0580291
-0.0692465
-1.62101
1.63223
0.0813264
-0.0965602
-1.85119
1.86642
0.11309
-0.134952
-2.10259
2.12445
0.15921
-0.186785
-1.98107
2.00865
0.229025
-0.316393
-1.70056
1.78793
0.512017
-0.726533
-2.61225
2.82677
0.822333
-0.861142
-2.86626
2.90506
0.885959
-0.900346
-2.41748
2.43186
0.898532
-0.854622
-1.94906
1.90515
0.710124
-0.434388
-1.18806
0.912319
0.105634
-0.0122795
-0.0824749
-0.0108792
-0.00849168
0.00990687
0.0663868
-0.067802
-0.00630889
0.00219687
0.0405067
-0.0363946
0.000530552
-0.000656565
-0.261409
0.261535
-0.000504503
-0.453067
0.454102
0.00274728
-0.00547686
-0.714459
0.717188
0.00864687
-0.0127675
-0.903545
0.907666
0.0169174
-0.0221155
-1.07046
1.07566
0.0278635
-0.0342466
-1.23953
1.24592
0.0416048
-0.0500528
-1.4296
1.43804
0.0594051
-0.0715311
-1.64326
1.65539
0.0845725
-0.100714
-1.88197
1.89811
0.118758
-0.142234
-2.1468
2.17028
0.168423
-0.199941
-2.03794
2.06946
0.255694
-0.37428
-1.89259
2.01118
0.605782
-0.767238
-3.0124
3.17386
0.830556
-0.855853
-2.93641
2.9617
0.874296
-0.875028
-2.43836
2.43909
0.832766
-0.701154
-1.82716
1.69555
0.405807
-0.0957218
-0.565082
0.254997
-0.000390741
0.0163846
0.0544616
-0.0704554
-0.0161291
0.012283
0.0664102
-0.0625641
-0.00646894
0.00216833
0.0317357
-0.0274351
0.00132944
-0.000979229
-0.263297
0.262947
0.000914304
-0.456915
0.45733
0.000823461
-0.00341542
-0.72118
0.723772
0.00670646
-0.011024
-0.911935
0.916252
0.0153505
-0.0206578
-1.08105
1.08636
0.0263617
-0.0335014
-1.25288
1.26002
0.0408976
-0.0504078
-1.44688
1.45639
0.0602814
-0.0727545
-1.66727
1.67974
0.0862502
-0.103807
-1.91491
1.93246
0.122712
-0.147669
-2.19386
2.21882
0.175753
-0.212769
-2.10321
2.14023
0.287223
-0.435087
-2.14465
2.29252
0.672208
-0.776721
-3.30209
3.4066
0.817508
-0.83656
-2.98462
3.00367
0.842895
-0.812979
-2.42329
2.39338
0.70407
-0.473108
-1.52887
1.29791
0.109793
-0.0164721
-0.0731496
-0.0201709
-0.000807822
0.00652783
0.0845327
-0.0902527
-0.00672749
0.00482777
0.0602315
-0.0583318
-0.00241667
0.000720698
0.0248447
-0.0231487
0.00255661
-0.0015074
-0.264331
0.263282
0.00258836
-0.460196
0.460164
-0.00137005
-0.00108397
-0.727633
0.730087
0.00387517
-0.00802431
-0.920822
0.924971
0.0125755
-0.0181467
-1.09207
1.09764
0.0239673
-0.0314614
-1.26669
1.27418
0.0390354
-0.0487199
-1.46539
1.47507
0.0592577
-0.0721755
-1.69234
1.70526
0.0863462
-0.104501
-1.95023
1.96839
0.12464
-0.150528
-2.24403
2.26991
0.180807
-0.223809
-2.1809
2.22391
0.322057
-0.492938
-2.45272
2.6236
0.699225
-0.764143
-3.48885
3.55376
0.790417
-0.801886
-3.01943
3.0309
0.783463
-0.705951
-2.34318
2.26567
0.516022
-0.166722
-0.99196
0.642661
0.0215287
-0.00389764
0.0630908
-0.0807219
-0.00525512
0.00603726
0.0903624
-0.0911445
-0.00490903
0.00331506
0.0561236
-0.0545296
-0.00159207
0.000467099
0.0215234
-0.0203985
0.00379444
-0.00211844
-0.264173
0.262497
0.00502169
-0.462307
0.461079
-0.00449136
0.00255762
-0.733953
0.735887
-9.80376e-05
-0.00386891
-0.929742
0.933709
0.00831354
-0.0141058
-1.103
1.10879
0.0201754
-0.0273707
-1.2814
1.2886
0.0354918
-0.0453534
-1.48478
1.49464
0.0558495
-0.0688705
-1.71879
1.73182
0.0836266
-0.10264
-1.98665
2.00566
0.123492
-0.150837
-2.29621
2.32355
0.182876
-0.232409
-2.27231
2.32185
0.348151
-0.541076
-2.80557
2.9985
0.689562
-0.729297
-3.60488
3.64462
0.747545
-0.746599
-3.03407
3.03312
0.695935
-0.558566
-2.15416
2.01679
0.255095
-0.0635269
-0.334285
0.142716
0.0254929
-0.00812333
0.0873169
-0.104686
0.00123348
0.0027753
0.0902329
-0.0942417
-0.00391352
0.00318799
0.0521772
-0.0514517
-0.00165016
0.000487046
0.0186954
-0.0175323
0.005601
-0.00284062
-0.26242
0.25966
0.00837554
-0.463014
0.460239
-0.00895949
0.00741121
-0.739277
0.740825
-0.00528561
0.00202597
-0.938388
0.941648
0.00244425
-0.00771308
-1.11396
1.11923
0.0136576
-0.0213282
-1.29568
1.30335
0.0287659
-0.038826
-1.5043
1.51436
0.0495277
-0.062905
-1.74535
1.75873
0.0776036
-0.09694
-2.02448
2.04382
0.117792
-0.145701
-2.3508
2.3787
0.17995
-0.23719
-2.37775
2.43499
0.36708
-0.556411
-3.19259
3.38192
0.65262
-0.677234
-3.67842
3.70304
0.687087
-0.664161
-3.01935
2.99642
0.573888
-0.390021
-1.85462
1.67075
0.0742392
-0.0136501
-0.043773
-0.0168161
0.00195288
0.0112265
0.125081
-0.13826
-0.0186816
0.0213044
0.100879
-0.103502
-0.0194982
0.0143523
0.0493753
-0.0442293
-0.00739692
0.00235301
0.0148537
-0.00980975
0.0080282
-0.00376997
-0.25847
0.254212
0.0129173
-0.461358
0.456469
-0.0148273
0.0145586
-0.743212
0.743481
-0.0130098
0.0103509
-0.946164
0.948823
-0.00640999
0.00119263
-1.12442
1.12964
0.00451876
-0.0115818
-1.31017
1.31723
0.0190312
-0.0287976
-1.52378
1.53355
0.0389553
-0.0523289
-1.7724
1.78577
0.0668222
-0.085514
-2.06252
2.08121
0.106211
-0.134132
-2.4061
2.43402
0.169856
-0.234155
-2.50006
2.56436
0.371339
-0.531696
-3.55784
3.7182
0.591578
-0.608203
-3.72523
3.74185
0.606595
-0.564168
-2.95873
2.91631
0.435583
-0.19497
-1.44184
1.20123
0.0388867
-0.012007
0.0511743
-0.0780541
-0.0114237
0.0220219
0.142604
-0.153202
-0.0309376
0.0341134
0.104136
-0.107311
-0.0305234
0.0226851
0.0367702
-0.0289319
-0.0120004
0.00396695
0.00313672
0.00489668
0.0112985
-0.00497985
-0.25174
0.245421
0.0185756
-0.456198
0.448921
-0.0229219
0.0241405
-0.745138
0.743919
-0.0230553
0.0214514
-0.953175
0.954779
-0.0185405
0.0138626
-1.13444
1.13912
-0.00858894
0.00191056
-1.3239
1.33058
0.00506759
-0.0142831
-1.54257
1.55178
0.0235923
-0.0363802
-1.79843
1.81122
0.050264
-0.0682344
-2.0997
2.11767
0.0876184
-0.114736
-2.46092
2.48804
0.150651
-0.216945
-2.63587
2.70217
0.349224
-0.469886
-3.86045
3.98111
0.5093
-0.522954
-3.7576
3.77125
0.508818
-0.449128
-2.85916
2.79947
0.30287
-0.0689133
-0.953552
0.719595
0.0121097
0.0247441
0.112938
-0.149792
-0.058789
0.0772192
0.171682
-0.190112
-0.0860228
0.0823895
0.109177
-0.105544
-0.0684518
0.0496852
0.0171715
0.00159509
-0.0272458
0.0098708
-0.0165106
0.0338856
0.0156411
-0.00656279
-0.241374
0.232296
0.0266842
-0.446464
0.435421
-0.0338088
0.0373108
-0.743871
0.740369
-0.0380945
0.0365983
-0.957582
0.959078
-0.0348407
0.0312103
-1.14329
1.14692
-0.026968
0.0210429
-1.33594
1.34187
-0.014711
0.00676753
-1.56014
1.56808
0.00183826
-0.0135992
-1.82315
1.83491
0.0261541
-0.0422699
-2.13492
2.15104
0.0603493
-0.0852119
-2.51411
2.53897
0.118992
-0.179467
-2.7727
2.83317
0.295535
-0.374922
-4.08378
4.16316
0.40421
-0.418344
-3.78294
3.79708
0.40673
-0.34809
-2.72274
2.6641
0.185474
-0.0168491
-0.501967
0.333342
-0.058679
0.105925
0.199407
-0.246652
-0.130602
0.141926
0.204254
-0.215578
-0.134481
0.111544
0.0900967
-0.0671598
-0.0815026
0.0509266
-0.0256435
0.0562195
-0.0223898
0.00608439
-0.0553576
0.0716631
0.02109
-0.00831774
-0.226218
0.213446
0.0374013
-0.430572
0.414261
-0.0480845
0.0546082
-0.73778
0.731256
-0.0574978
0.0574914
-0.960005
0.960011
-0.0566651
0.0542979
-1.15016
1.15253
-0.0511987
0.0469028
-1.3468
1.35109
-0.0418637
0.035069
-1.57535
1.58215
-0.0279124
0.0183412
-1.84536
1.85493
-0.00771324
-0.00660418
-2.16677
2.18109
0.0223075
-0.0430053
-2.5626
2.5833
0.0705337
-0.118175
-2.89653
2.94417
0.198328
-0.245049
-4.23077
4.27749
0.267369
-0.2859
-3.81185
3.83038
0.292685
-0.272908
-2.59878
2.57901
0.180122
-0.121895
-0.213607
0.15538
0.0607202
-0.0207801
0.288481
-0.328421
-0.0141147
0.0211413
0.228361
-0.235387
-0.00217678
-0.020756
0.0356792
-0.0127464
0.039017
-0.04073
-0.0787217
0.0804347
0.0284907
-0.0120276
-0.070376
0.0539129
0.0282373
-0.0103757
-0.204871
0.18701
0.049628
-0.40545
0.384059
-0.0655748
0.0773794
-0.725541
0.713736
-0.0833533
0.0856418
-0.958441
0.956152
-0.08614
0.0853609
-1.15389
1.15467
-0.0834989
0.0806781
-1.35458
1.3574
-0.0777075
0.072673
-1.58739
1.59243
-0.0676153
0.0604597
-1.86391
1.87106
-0.0524115
0.0416186
-2.19343
2.20422
-0.0300359
0.0141899
-2.60251
2.61835
0.00256768
-0.025898
-2.99199
3.01533
0.0547272
-0.068327
-4.31635
4.32995
0.0746215
-0.0827248
-3.84127
3.84938
0.0972637
-0.114224
-2.55334
2.5703
0.150425
-0.20298
-0.148052
0.200607
0.189038
-0.157023
0.373999
-0.406014
0.121836
-0.0955895
0.242374
-0.268621
0.0805289
-0.0724618
0.00921854
-0.0172857
0.0585501
-0.04285
-0.0708443
0.0551442
0.023811
-0.00917456
-0.0363205
0.0216841
0.0329072
-0.0107318
-0.175728
0.153553
0.0611158
-0.368715
0.340506
-0.0846845
0.104107
-0.704142
0.68472
-0.115254
0.122299
-0.951822
0.944777
-0.124809
0.126347
-1.15424
1.1527
-0.125683
0.125169
-1.35903
1.35954
-0.123853
0.121676
-1.59589
1.59807
-0.118878
0.11472
-1.87713
1.88129
-0.109925
0.103638
-2.21344
2.21972
-0.0970436
0.089186
-2.63214
2.64
-0.0843197
0.0942885
-3.03251
3.02254
-0.124268
0.157972
-4.33535
4.30164
-0.188309
0.227541
-3.84469
3.80545
-0.268088
0.253174
-2.58407
2.59898
-0.132244
0.0179108
-0.277696
0.39203
0.028858
-0.0372097
0.44104
-0.432688
0.0367323
-0.0202955
0.297949
-0.314385
-0.0027556
0.0122762
0.0308048
-0.0403254
-0.0140153
0.011861
-0.0449681
0.0471223
-0.00728917
0.00202056
-0.0147695
0.0200381
0.0349206
-0.0101779
-0.13765
0.112907
0.0735508
-0.317687
0.279057
-0.106772
0.136148
-0.667899
0.638522
-0.15538
0.168367
-0.937527
0.92454
-0.175182
0.179181
-1.14954
1.14554
-0.181175
0.182291
-1.35934
1.35822
-0.183233
0.183556
-1.59944
1.59911
-0.18362
0.182857
-1.88427
1.88503
-0.181662
0.180043
-2.22443
2.22605
-0.179071
0.179477
-2.64515
2.64475
-0.189305
0.23004
-3.01195
2.97122
-0.320752
0.391762
-4.26101
4.19
-0.448256
0.503941
-3.74752
3.69184
-0.547276
0.562086
-2.56596
2.55115
-0.499514
0.426868
-0.46855
0.541195
-0.362765
0.29026
0.399484
-0.32698
-0.22663
0.185639
0.298794
-0.257803
-0.162139
0.139299
0.0262489
-0.0034084
-0.106331
0.0750993
-0.0669173
0.0981493
-0.0419337
0.015569
-0.0380751
0.0644398
0.0336387
-0.00845334
-0.0938834
0.068698
0.0806178
-0.245935
0.198956
-0.128857
0.173227
-0.611581
0.567211
-0.203272
0.225898
-0.911661
0.889035
-0.238641
0.246714
-1.13944
1.13137
-0.252113
0.255034
-1.3564
1.35348
-0.258216
0.2614
-1.59787
1.59469
-0.263992
0.266379
-1.88454
1.88215
-0.268921
0.271532
-2.22634
2.22372
-0.275188
0.281261
-2.64304
2.63697
-0.296883
0.347038
-2.93963
2.88948
-0.461856
0.541196
-4.13091
4.05157
-0.587748
0.600052
-3.65321
3.64091
-0.582102
0.524313
-2.52674
2.58453
-0.47484
0.376473
-0.557486
0.655854
-0.157789
-0.0333102
0.235497
-0.0443973
0.123871
-0.14307
0.214645
-0.195447
0.0979459
-0.0187822
-0.0142575
-0.0649062
-0.0366736
0.0544787
-0.121906
0.104101
-0.0442045
0.0212154
-0.0864359
0.109425
0.0268447
-0.00566366
-0.0500536
0.0288726
0.0756473
-0.158527
0.109724
-0.13825
0.207057
-0.523226
0.454419
-0.256455
0.293436
-0.86679
0.82981
-0.315975
0.330902
-1.1222
1.10727
-0.339498
0.347262
-1.34912
1.34135
-0.35125
0.356813
-1.59168
1.58612
-0.362042
0.3676
-1.87885
1.87329
-0.372723
0.379031
-2.22035
2.21404
-0.385332
0.392991
-2.63197
2.62431
-0.402882
0.445302
-2.85414
2.81172
-0.577478
0.675493
-3.99997
3.90196
-0.684671
0.627746
-3.67077
3.72769
-0.488336
0.277274
-2.68149
2.89255
-0.027307
-0.326791
-0.908189
1.26229
0.697315
-0.952832
-0.15984
0.415357
1.13398
-1.17431
0.194602
-0.154277
1.14215
-1.02011
0.2424
-0.36444
0.778337
-0.508961
0.0630147
-0.332391
0.222584
-0.0401417
-0.103895
-0.0785473
0.0165916
-0.00312682
-0.0149963
0.00153158
0.0532804
-0.0724476
0.0357588
-0.117383
0.213097
-0.384035
0.288322
-0.295765
0.364208
-0.789845
0.721402
-0.4047
0.432002
-1.0916
1.0643
-0.447002
0.458632
-1.33385
1.32222
-0.466728
0.47325
-1.5812
1.57468
-0.480574
0.488837
-1.8671
1.85884
-0.497921
0.507681
-2.2077
2.19794
-0.517982
0.531841
-2.61707
2.60321
-0.553
0.606128
-2.77877
2.72564
-0.787148
1.01274
-3.79077
3.56518
-1.12325
1.1585
-3.80285
3.76761
-1.13985
1.03796
-3.0704
3.17229
-0.7195
0.381169
-1.51535
1.85368
-0.119131
-0.0562858
-0.628084
0.803501
0.213996
-0.362668
0.049725
0.0989473
0.447564
-0.486016
0.400448
-0.361996
0.509537
-0.484631
0.5192
-0.544106
0.357278
-0.185725
0.338036
-0.50959
0.00075485
-0.00806036
-0.00669169
0.0250182
-0.0129645
-0.00536199
-0.0641489
0.150284
-0.201993
0.115858
-0.258931
0.368953
-0.643249
0.533226
-0.440345
0.48512
-1.03214
0.987361
-0.503999
0.510723
-1.31022
1.3035
-0.512023
0.510022
-1.56803
1.57003
-0.505575
0.501968
-1.85003
1.85364
-0.49925
0.497757
-2.18634
2.18784
-0.497393
0.499532
-2.5858
2.58366
-0.510626
0.550465
-2.66489
2.62505
-0.670905
0.977101
-3.24265
2.93645
-1.22159
1.35979
-3.61633
3.47813
-1.4611
1.52849
-3.09223
3.02483
-1.54323
1.45101
-2.13802
2.23025
-1.27273
1.10095
-1.02816
1.19994
-0.916491
0.754938
-0.256817
0.41837
-0.594175
0.434932
0.231381
-0.0721384
-0.298368
0.187124
0.469249
-0.358005
-0.0741352
0.011913
0.522832
-0.46061
-0.000131653
0.00803656
-0.00790491
-0.00139456
0.00786843
0.0158981
-0.022372
-0.0227739
0.0593409
-0.0581379
0.0215709
-0.128211
0.240651
-0.416837
0.304397
-0.336883
0.410654
-0.927738
0.853967
-0.448812
0.467243
-1.29136
1.27293
-0.472394
0.473556
-1.57032
1.56916
-0.471266
0.468151
-1.85663
1.85974
-0.467143
0.46677
-2.18885
2.18922
-0.469687
0.47737
-2.57853
2.57084
-0.49225
0.525432
-2.59101
2.55783
-0.611466
0.82139
-2.65466
2.44474
-1.15171
1.34195
-3.30815
3.11791
-1.46442
1.54566
-2.94966
2.86842
-1.60128
1.60857
-2.2348
2.22751
-1.54237
1.42657
-1.34389
1.45969
-1.26015
1.08644
-0.594523
0.768227
-0.886042
0.710055
-0.093562
0.269549
-0.525848
0.371864
0.203957
-0.0499736
-0.218193
0.0928374
0.354044
-0.228688
-0.000178858
0.00781107
-0.00763221
-0.000298433
0.00293693
0.0266197
-0.0292582
-0.00932392
0.0247896
0.00158594
-0.0170516
-0.0556735
0.13097
-0.206897
0.1316
-0.227921
0.321917
-0.767828
0.673832
-0.380382
0.414774
-1.24701
1.21262
-0.427494
0.431299
-1.56673
1.56293
-0.432225
0.429581
-1.86308
1.86572
-0.428841
0.430063
-2.189
2.18778
-0.432127
0.440553
-2.56127
2.55285
-0.45606
0.482304
-2.52686
2.50062
-0.529209
0.624994
-2.30192
2.20614
-0.88717
1.1149
-2.91139
2.68366
-1.25689
1.31935
-2.78708
2.72462
-1.36646
1.37291
-2.21776
2.21131
-1.32771
1.24592
-1.55605
1.63785
-1.12078
0.982374
-0.927471
1.06588
-0.815289
0.658838
-0.442124
0.598575
-0.491512
0.347259
-0.105365
0.249617
-0.201619
0.0843802
0.103007
0.0142314
-0.000183116
0.00742295
-0.00723984
0.000285181
0.000742542
0.030935
-0.0319627
-0.00447511
0.0139788
0.0285692
-0.038073
-0.0312683
0.0677367
-0.0787623
0.0422939
-0.137094
0.231425
-0.576861
0.482529
-0.30266
0.351548
-1.17057
1.12168
-0.373703
0.382679
-1.55666
1.54768
-0.385312
0.385285
-1.86727
1.8673
-0.382879
0.383326
-2.18655
2.18611
-0.38534
0.389167
-2.54709
2.54326
-0.400142
0.418876
-2.47892
2.46018
-0.447326
0.49395
-2.13776
2.09114
-0.608219
0.801001
-2.4565
2.26372
-0.940257
1.0009
-2.66829
2.60765
-1.0125
1.00618
-2.21105
2.21737
-0.973762
0.908882
-1.71363
1.77851
-0.811932
0.70892
-1.18519
1.2882
-0.58572
0.47081
-0.733498
0.848407
-0.348291
0.243994
-0.373936
0.478233
-0.139058
0.0553379
-0.118237
0.201957
-0.00199275
0.00657212
-0.00457937
0.00565921
-0.00922032
0.0313916
-0.0278305
0.00917111
-0.00365793
0.0458959
-0.0514091
-0.00822023
0.031927
-0.0141566
-0.00955015
-0.0725656
0.151646
-0.394623
0.315543
-0.225186
0.283667
-1.06678
1.0083
-0.314437
0.328677
-1.53649
1.52225
-0.331923
0.332384
-1.86676
1.8663
-0.32935
0.327955
-2.18666
2.18805
-0.329024
0.333092
-2.53967
2.5356
-0.339467
0.352439
-2.44414
2.43117
-0.367767
0.388764
-2.06
2.039
-0.435014
0.530744
-2.11843
2.0227
-0.646264
0.693245
-2.55205
2.50507
-0.697292
0.677077
-2.23225
2.25247
-0.643912
0.60321
-1.82826
1.86896
-0.536625
0.462683
-1.37556
1.4495
-0.377149
0.298953
-0.944031
1.02223
-0.217486
0.149045
-0.563234
0.631675
-0.0802244
0.0280704
-0.268902
0.321056
-0.00513817
0.000626368
0.0045118
0.0126915
-0.0180504
0.0217476
-0.0163887
0.0172688
-0.0102031
0.0552887
-0.0623544
6.09553e-05
0.016772
0.0295588
-0.0463918
-0.040205
0.101167
-0.244069
0.183106
-0.168821
0.226296
-0.947428
0.889952
-0.257808
0.2712
-1.50806
1.49467
-0.272832
0.271574
-1.86602
1.86728
-0.269024
0.266922
-2.1899
2.19201
-0.267362
0.271228
-2.53144
2.52758
-0.277159
0.285136
-2.42113
2.41316
-0.294303
0.303321
-2.02533
2.01631
-0.320593
0.357542
-1.96229
1.92534
-0.423272
0.453569
-2.46583
2.43553
-0.455975
0.440251
-2.27063
2.28635
-0.411779
0.379655
-1.90526
1.93738
-0.336622
0.286941
-1.51179
1.56147
-0.229011
0.178709
-1.08519
1.13549
-0.127452
0.0840927
-0.686284
0.729643
-0.0405235
0.010709
-0.360893
0.390707
-0.00125825
-0.00919872
0.010457
-0.00486315
0.026993
0.0197774
-0.0419072
-0.0573492
0.0922763
0.0806083
-0.115535
-0.122651
0.14299
0.0647864
-0.0851261
-0.143094
0.140208
-0.150355
0.153241
-0.167392
0.199601
-0.843346
0.811137
-0.212372
0.212676
-1.48565
1.48534
-0.207866
0.203145
-1.86979
1.87451
-0.2002
0.199034
-2.19395
2.19512
-0.200875
0.205266
-2.52366
2.51927
-0.212191
0.219154
-2.40632
2.39935
-0.225575
0.231387
-2.00962
2.00381
-0.23931
0.25211
-1.90332
1.89052
-0.280154
0.291233
-2.41585
2.40477
-0.286553
0.272779
-2.30045
2.31422
-0.25218
0.229452
-1.96471
1.98744
-0.201517
0.171674
-1.59992
1.62976
-0.134585
0.103202
-1.17552
1.2069
-0.0715402
0.0441973
-0.764037
0.79138
-0.0168419
0.00113303
-0.412664
0.428373
0.0135992
-0.00522678
-0.00837241
-0.0533401
0.115223
0.0874531
-0.149336
-0.166867
0.212148
0.162072
-0.207353
-0.232855
0.227678
0.0947718
-0.0895947
-0.208888
0.172422
-0.179684
0.21615
-0.148663
0.139698
-0.79967
0.808635
-0.134138
0.127582
-1.48983
1.49638
-0.122055
0.118606
-1.88041
1.88386
-0.117962
0.121153
-2.19479
2.1916
-0.126837
0.135032
-2.51362
2.50543
-0.144198
0.154085
-2.39109
2.38121
-0.161417
0.166477
-1.99843
1.99337
-0.170928
0.174097
-1.88375
1.88058
-0.181566
0.183619
-2.39912
2.39707
-0.176217
0.163788
-2.32799
2.34042
-0.147807
0.132123
-2.00653
2.02221
-0.114246
0.0966285
-1.65263
1.67025
-0.0753905
0.0563553
-1.23114
1.25017
-0.036611
0.018896
-0.813428
0.831143
-0.00219132
-0.00375895
-0.438797
0.444748
0.0277011
0.030872
-0.0585731
-0.0732613
0.114189
0.210083
-0.251011
-0.138378
0.144293
0.237313
-0.243228
-0.133562
0.114381
0.0740872
-0.0549058
-0.0922021
0.0608183
-0.249465
0.280849
-0.0244604
-0.00195522
-0.829977
0.856393
0.0133298
-0.0134292
-1.50292
1.50301
0.00642063
0.00420386
-1.88122
1.8706
-0.0164373
0.0321141
-2.18313
2.16745
-0.0471642
0.0633202
-2.49362
2.47746
-0.0769984
0.0892627
-2.37009
2.35783
-0.0996755
0.105983
-1.98804
1.98173
-0.111457
0.11262
-1.87926
1.8781
-0.108545
0.105074
-2.39783
2.4013
-0.0982576
0.0898434
-2.35051
2.35893
-0.0795591
0.069838
-2.03469
2.04441
-0.0589942
0.0490154
-1.68392
1.6939
-0.0379636
0.0276812
-1.26454
1.27482
-0.0157982
0.00415327
-0.845375
0.85702
0.00578165
-0.00596082
-0.447734
0.447913
0.0188393
0.0851254
-0.103965
-0.0327806
0.0335432
0.270807
-0.271569
-0.019849
-0.00377761
0.230471
-0.206844
0.0288488
-0.0604231
0.0316116
-3.73152e-05
0.0912995
-0.131327
-0.315666
0.355693
0.172417
-0.206014
-0.88893
0.922527
0.208707
-0.183679
-1.4908
1.46577
0.151947
-0.117256
-1.84754
1.81285
0.0862893
-0.0551092
-2.14487
2.11369
0.0298486
-0.00585331
-2.45666
2.43266
-0.0130649
0.0275865
-2.34444
2.32992
-0.0414536
0.0505862
-1.97406
1.96493
-0.0589196
0.060254
-1.87695
1.87562
-0.0525745
0.0468656
-2.40667
2.41238
-0.0405211
0.0349758
-2.36628
2.37183
-0.0293234
0.0245756
-2.0513
2.05605
-0.0195376
0.015321
-1.70032
1.70453
-0.0109007
0.00620733
-1.28208
1.28677
0.000622101
-0.00750479
-0.866373
0.873256
0.0112334
-0.00681818
-0.445678
0.441263
-0.00268968
0.112129
-0.109439
0.0217488
-0.0562912
0.252877
-0.218334
0.094817
-0.141287
0.171944
-0.125473
0.186481
-0.23543
-0.040282
0.0892307
0.281241
-0.329477
-0.401796
0.450032
0.364512
-0.373912
-0.947687
0.957087
0.349403
-0.305589
-1.42868
1.38486
0.260604
-0.211593
-1.76917
1.72016
0.169084
-0.127158
-2.07569
2.03376
0.093941
-0.0636089
-2.405
2.37467
0.0405999
-0.0251635
-2.31484
2.2994
0.0124938
-0.00412215
-1.95506
1.94669
0.000107568
0.000436893
-1.87403
1.87349
-0.00037861
0.000140669
-2.41605
2.41629
0.000888702
-0.00183248
-2.37484
2.37578
0.00296928
-0.00417504
-2.05921
2.06041
0.00554578
-0.00612962
-1.70703
1.70762
0.00610427
-0.00719993
-1.28919
1.29028
0.0106789
-0.014275
-0.878144
0.88174
0.0138739
-0.00673236
-0.435356
0.428215
-0.0195739
0.0965585
-0.0769846
0.0559962
-0.106836
0.172938
-0.122098
0.157563
-0.215902
0.0707489
-0.0124104
0.268239
-0.324543
-0.144078
0.200382
0.370859
-0.410133
-0.496012
0.535286
0.426593
-0.416332
-0.952825
0.942564
0.386484
-0.343404
-1.33916
1.29608
0.299416
-0.251627
-1.66991
1.62212
0.209695
-0.167761
-1.99076
1.94882
0.134321
-0.10356
-2.34335
2.31259
0.0805022
-0.0655643
-2.28394
2.269
0.0561432
-0.0521383
-1.94003
1.93602
0.0533939
-0.0533863
-1.87413
1.87412
0.0373107
-0.0314294
-2.41445
2.40857
0.0267417
-0.0233727
-2.37382
2.37046
0.0206257
-0.0186371
-2.05934
2.05736
0.0167515
-0.0148724
-1.7066
1.70472
0.012944
-0.012874
-1.29076
1.29069
0.0150288
-0.0167695
-0.884458
0.886199
0.0136558
-0.00569983
-0.420592
0.412636
-0.0215867
0.0546776
-0.0330909
0.0580365
-0.106914
0.070097
-0.0212193
0.154899
-0.20871
-0.0445028
0.0983142
0.256947
-0.305561
-0.254461
0.303075
0.342021
-0.368104
-0.566819
0.592902
0.374988
-0.36303
-0.929627
0.917669
0.341201
-0.310921
-1.2589
1.22862
0.279228
-0.243316
-1.57952
1.54361
0.209966
-0.175497
-1.90997
1.8755
0.147308
-0.120657
-2.28351
2.25686
0.101427
-0.0878757
-2.2547
2.24115
0.0817938
-0.0815522
-1.93445
1.93421
0.0848607
-0.0826232
-1.87284
1.8706
0.0553668
-0.0411252
-2.39808
2.38384
0.0323014
-0.0276194
-2.36633
2.36165
0.0243679
-0.0220992
-2.05516
2.05289
0.0200091
-0.018122
-1.70263
1.70074
0.0166692
-0.0171914
-1.29052
1.29105
0.0194747
-0.020102
-0.887176
0.887803
0.0146159
-0.0053805
-0.404092
0.394857
-0.0145651
0.0145588
6.30169e-06
0.0416742
-0.0786574
-0.0224993
0.0594826
0.115038
-0.155695
-0.146
0.186657
0.191844
-0.227802
-0.345254
0.381212
0.254304
-0.273361
-0.614797
0.633853
0.279979
-0.276388
-0.909954
0.906362
0.266687
-0.250545
-1.20556
1.18941
0.231744
-0.208629
-1.51421
1.49109
0.185638
-0.161044
-1.84607
1.82147
0.139881
-0.118894
-2.23304
2.21206
0.10304
-0.0913609
-2.22838
2.2167
0.085912
-0.0862661
-1.93457
1.93492
0.089006
-0.0863301
-1.86849
1.86582
0.0592815
-0.0376119
-2.36551
2.34384
0.02661
-0.0221657
-2.3567
2.35226
0.0198917
-0.0186994
-2.05102
2.04983
0.0178452
-0.0172563
-1.69927
1.69869
0.0173418
-0.0193608
-1.2922
1.29422
0.0223421
-0.0217902
-0.888095
0.887543
0.0141531
-0.00447127
-0.385366
0.375685
-0.00806702
-0.0114027
0.0194698
0.024138
-0.0478945
-0.0895141
0.113271
0.0723399
-0.100129
-0.220534
0.248323
0.125091
-0.150391
-0.411506
0.436806
0.169763
-0.185098
-0.650844
0.66618
0.192907
-0.195447
-0.906202
0.908743
0.193789
-0.187479
-1.17884
1.17253
0.178555
-0.165835
-1.47358
1.46086
0.1518
-0.13598
-1.80157
1.78575
0.121188
-0.105365
-2.19382
2.178
0.0921505
-0.0819814
-2.20586
2.19569
0.0764932
-0.0758881
-1.93525
1.93464
0.0758727
-0.0720512
-1.86207
1.85825
0.0527403
-0.0283617
-2.3198
2.29542
0.0167841
-0.0138465
-2.34868
2.34574
0.0145552
-0.0160425
-2.04982
2.05131
0.017652
-0.0191634
-1.69891
1.70042
0.0217832
-0.0253798
-1.29706
1.30065
0.0284537
-0.0255851
-0.886152
0.883284
0.0145161
-0.00412126
-0.365713
0.355319
-0.00359892
-0.0249798
0.0285787
0.0118129
-0.0253783
-0.131488
0.145054
0.040501
-0.0585046
-0.270815
0.288818
0.075085
-0.0924151
-0.457778
0.475108
0.106414
-0.118735
-0.679972
0.692292
0.126762
-0.132297
-0.913186
0.918721
0.134758
-0.133976
-1.16938
1.1686
0.130873
-0.124674
-1.45177
1.44557
0.116751
-0.107104
-1.77343
1.76378
0.096976
-0.0851097
-2.16434
2.15247
0.0738461
-0.0645722
-2.18593
2.17665
0.0574291
-0.0538544
-1.93264
1.92907
0.0516545
-0.0488808
-1.85489
1.85211
0.0389561
-0.0203674
-2.27305
2.25446
0.0102213
-0.00929495
-2.34357
2.34265
0.012459
-0.0168758
-2.05444
2.05886
0.0218529
-0.0259628
-1.70343
1.70754
0.0302138
-0.0339313
-1.30429
1.30801
0.0347104
-0.0281842
-0.878918
0.872392
0.0139496
-0.00363243
-0.344863
0.334546
-0.001234
-0.0307924
0.0320264
0.00468189
-0.0113951
-0.154813
0.161526
0.0199037
-0.0309447
-0.303033
0.314074
0.0416063
-0.0532025
-0.48932
0.500916
0.0630971
-0.0726209
-0.703185
0.712709
0.0798013
-0.0859622
-0.924757
0.930918
0.0899335
-0.0918103
-1.16939
1.17127
0.0917772
-0.0894074
-1.44156
1.43919
0.0853339
-0.0796486
-1.75638
1.75069
0.0727474
-0.0636398
-2.14216
2.13305
0.0538284
-0.0448364
-2.16759
2.15859
0.0357248
-0.0291956
-1.92412
1.91759
0.0243412
-0.0234931
-1.84989
1.84905
0.0237396
-0.0157606
-2.2412
2.23322
0.0110546
-0.0123998
-2.34292
2.34427
0.0179003
-0.0241159
-2.06422
2.07043
0.0306535
-0.0357369
-1.71221
1.71729
0.040138
-0.0425721
-1.3113
1.31373
0.0400128
-0.0293857
-0.863843
0.853216
0.0132613
-0.00338353
-0.324463
0.314585
-8.51949e-05
-0.0325743
0.0326595
0.000887748
-0.00338907
-0.165842
0.168343
0.00747456
-0.0136762
-0.322465
0.328667
0.0202109
-0.0277365
-0.510287
0.517813
0.0345337
-0.0416108
-0.720956
0.728033
0.0475337
-0.0532619
-0.936922
0.94265
0.057499
-0.0604331
-1.17379
1.17672
0.0618917
-0.061507
-1.438
1.43761
0.059741
-0.0564058
-1.74638
1.74305
0.0515644
-0.0440829
-2.12477
2.11729
0.0354384
-0.0262635
-2.14964
2.14047
0.0149748
-0.00541327
-1.90942
1.89985
-0.00146175
-0.000348478
-1.84974
1.85155
0.0108091
-0.012569
-2.23055
2.23231
0.0140747
-0.0190406
-2.34739
2.35236
0.0268747
-0.0343972
-2.07728
2.0848
0.0416273
-0.0466164
-1.72239
1.72738
0.0497424
-0.0492893
-1.31463
1.31418
0.0421948
-0.0284909
-0.840875
0.827171
0.0123009
-0.00319495
-0.305056
0.29595
0.000429928
-0.0324429
0.032013
-0.000907921
0.000854187
-0.169406
0.16946
0.000436217
-0.00338133
-0.333068
0.336014
0.00708127
-0.0117917
-0.523797
0.528507
0.0163602
-0.0214886
-0.734075
0.739203
0.0261555
-0.0310511
-0.947945
0.952841
0.034966
-0.0381099
-1.17979
1.18293
0.0401018
-0.0407513
-1.43784
1.43848
0.0402918
-0.038368
-1.74053
1.73861
0.0349818
-0.028723
-2.1104
2.10414
0.0209918
-0.0112466
-2.13095
2.12121
-0.00142385
0.0130617
-1.88908
1.87744
-0.0205452
0.0165356
-1.85484
1.85885
0.00132143
-0.0141247
-2.23901
2.25182
0.0230541
-0.0305357
-2.3592
2.36669
0.0390485
-0.0460377
-2.09214
2.09913
0.0521621
-0.0555322
-1.73166
1.73503
0.0557908
-0.0519572
-1.31228
1.30844
0.0408842
-0.0258737
-0.812599
0.797588
0.0110219
-0.00296176
-0.287364
0.279304
0.000613659
-0.03145
0.0308363
-0.00168932
0.00278252
-0.168889
0.167795
-0.00310192
0.00228781
-0.337747
0.338561
-0.000532174
-0.00222988
-0.532159
0.534921
0.00523741
-0.00892626
-0.743554
0.747243
0.0125459
-0.0165897
-0.957267
0.961311
0.0200159
-0.0230509
-1.18602
1.18906
0.0251144
-0.0263662
-1.43946
1.44071
0.0267142
-0.0257692
-1.73726
1.73631
0.0234122
-0.0184766
-2.09832
2.09339
0.0117971
-0.00221058
-2.11125
2.10167
-0.0101796
0.0214167
-1.86588
1.85464
-0.0277419
0.0207436
-1.86508
1.87207
0.00282935
-0.022861
-2.26857
2.2886
0.0361913
-0.0443531
-2.3748
2.38296
0.0521919
-0.0574725
-2.10516
2.11044
0.0613144
-0.0617945
-1.73691
1.73739
0.0587269
-0.0512807
-1.30263
1.29519
0.0374726
-0.0227064
-0.782549
0.767783
0.00971763
-0.00272403
-0.271799
0.264805
0.000644288
-0.030186
0.0295418
-0.00188194
0.00350781
-0.166315
0.164689
-0.00468785
0.0050993
-0.338637
0.338226
-0.00457356
0.00309149
-0.537015
0.538497
-0.00112061
-0.00157589
-0.750408
0.753105
0.00444085
-0.00782267
-0.964995
0.968377
0.0108412
-0.0136881
-1.19198
1.19483
0.0157806
-0.0174989
-1.44218
1.4439
0.0185474
-0.0186098
-1.73586
1.73593
0.0174248
-0.014411
-2.08935
2.08634
0.00916406
-0.00115941
-2.09255
2.08455
-0.00899998
0.0174889
-1.84481
1.83632
-0.0211356
0.0117752
-1.88099
1.89035
0.0140193
-0.036426
-2.3097
2.3321
0.050677
-0.058575
-2.39144
2.39934
0.0644023
-0.0666796
-2.11418
2.11646
0.0672422
-0.0648636
-1.73646
1.73408
0.0581038
-0.0478098
-1.28617
1.27588
0.032818
-0.0193441
-0.753576
0.740102
0.0083815
-0.00245756
-0.258355
0.252432
0.000607456
-0.0289072
0.0282997
-0.00180631
0.00350404
-0.162975
0.161278
-0.00498573
0.00606982
-0.337416
0.336332
-0.00627448
0.0056162
-0.539558
0.540217
-0.00433617
0.00228449
-0.755503
0.757554
8.16391e-05
-0.00301934
-0.971514
0.974452
0.005762
-0.00854081
-1.19761
1.20039
0.0107974
-0.0129712
-1.4458
1.44798
0.0147295
-0.0159564
-1.73655
1.73778
0.0162838
-0.0152394
-2.0843
2.08325
0.0126656
-0.00836883
-2.07834
2.07404
0.00286527
0.00119666
-1.83009
1.82603
-0.00101753
-0.00925647
-1.90042
1.9107
0.033534
-0.054704
-2.35377
2.37494
0.0672995
-0.0725523
-2.40664
2.4119
0.0740279
-0.0728219
-2.11674
2.11553
0.0699604
-0.0640782
-1.72974
1.72385
0.0541772
-0.0421446
-1.26453
1.2525
0.0274395
-0.0158519
-0.727543
0.715955
0.00692334
-0.00209749
-0.247057
0.242231
0.000515499
-0.0277315
0.027216
-0.0015335
0.00302829
-0.159653
0.158158
-0.00446044
0.00573608
-0.335108
0.333832
-0.00629869
0.00612874
-0.540633
0.540803
-0.00529328
0.00367735
-0.759419
0.761035
-0.00165164
-0.000994912
-0.977206
0.979852
0.00356529
-0.00633438
-1.20313
1.2059
0.00877045
-0.0113452
-1.45032
1.45289
0.013762
-0.0161181
-1.73952
1.74188
0.0179098
-0.0196362
-2.08364
2.08537
0.0210351
-0.0217369
-2.07265
2.07335
0.0223222
-0.0236498
-1.8241
1.82542
0.0281329
-0.0383858
-1.92105
1.9313
0.0578063
-0.0747604
-2.39441
2.41137
0.0818699
-0.0822697
-2.41496
2.41536
0.0792895
-0.0745586
-2.11234
2.10761
0.0679299
-0.0592189
-1.7163
1.70759
0.0473092
-0.0349506
-1.2401
1.22774
0.0217979
-0.0123827
-0.705487
0.696071
0.00537485
-0.00163182
-0.237955
0.234212
0.000403155
-0.026752
0.0263488
-0.00117922
0.00232572
-0.15682
0.155674
-0.00347845
0.00462014
-0.332603
0.331462
-0.00528101
0.00536346
-0.540874
0.540791
-0.00480708
0.00348555
-0.762533
0.763855
-0.00169193
-0.000758659
-0.982348
0.984799
0.00324409
-0.00605491
-1.20865
1.21147
0.00866866
-0.0116457
-1.45563
1.45861
0.0146886
-0.0182127
-1.74471
1.74824
0.0217445
-0.0261682
-2.08862
2.09304
0.0314039
-0.037451
-2.07697
2.08301
0.0446603
-0.0518839
-1.8291
1.83632
0.0596191
-0.0669304
-1.94018
1.94749
0.0772403
-0.0869482
-2.42551
2.43522
0.0879307
-0.0852215
-2.41427
2.41156
0.0782343
-0.0706196
-2.10135
2.09374
0.0611054
-0.050792
-1.69786
1.68755
0.0384912
-0.0272579
-1.2158
1.20457
0.0165259
-0.00926115
-0.687822
0.680557
0.00388069
-0.00111046
-0.230963
0.228192
0.000284786
-0.0260011
0.0257163
-0.0007998
0.00154241
-0.154715
0.153973
-0.00230918
0.00313136
-0.330471
0.329649
-0.00367627
0.003838
-0.540724
0.540562
-0.00344829
0.00234491
-0.765072
0.766175
-0.000756755
-0.00149418
-0.987049
0.9893
0.00385025
-0.0066182
-1.21417
1.21694
0.00931398
-0.0125578
-1.46162
1.46486
0.0160385
-0.0203727
-1.75197
1.7563
0.0250845
-0.0314754
-2.09826
2.10465
0.0396641
-0.0497972
-2.09098
2.10111
0.0619364
-0.0734007
-1.84527
1.85673
0.0829791
-0.0864473
-1.95382
1.95729
0.0860645
-0.0885538
-2.44133
2.44382
0.0865162
-0.0810429
-2.40677
2.40129
0.0717747
-0.0622081
-2.08569
2.07612
0.0511185
-0.0406545
-1.67729
1.66683
0.0295697
-0.0204999
-1.19436
1.18529
0.0124236
-0.00690902
-0.674275
0.668761
0.00262882
-0.00060186
-0.225758
0.223731
-0.0754061
-0.214529
-0.39301
-0.596073
-0.804378
-1.00971
-1.22561
-1.47025
-1.76468
-2.11748
-2.16594
-2.0385
-2.41174
-2.70298
-2.45097
-2.04362
-1.55304
-1.00593
-0.461187
-0.00282969
-0.000198305
-0.221785
0.00185765
0.220125
0.446315
-0.133062
-0.473693
0.856758
0.1741
-0.17526
-1.12222
0.931641
0.159224
-0.147521
-1.24458
0.929863
0.138701
-0.126033
-1.26044
0.919677
0.120633
-0.109649
-1.26337
0.104712
-0.0945056
-1.27306
0.0859327
-0.0782444
1.28292
-1.29061
0.0735375
-0.0708816
1.30603
-1.30869
0.0685214
-0.0644672
1.28153
-1.28558
0.0577232
-0.0234115
0.845854
-0.880165
-0.0632865
0.463868
-0.400582
0.0648812
-0.0744729
1.09328
-1.08369
0.0726833
-0.0731913
1.24315
-1.24264
0.0693339
-0.067575
1.25915
-1.2609
0.061895
-0.0597574
1.26575
-1.26789
0.0557866
-0.0526866
1.27692
-1.28002
0.0493228
-0.0473573
1.29314
-1.29511
0.0447355
-0.04098
1.31057
-1.31433
0.0344333
-0.027431
1.29419
-1.30119
0.0168282
-0.00547454
0.887618
-0.898972
-0.0281673
0.383616
-0.355448
0.037101
-0.0406835
1.07382
-1.07024
0.0395317
-0.03838
1.24314
-1.24429
0.0361098
-0.0342203
1.26128
-1.26317
0.032151
-0.0314173
1.2699
-1.27063
0.0296993
-0.0293002
1.28056
-1.28096
0.0284264
-0.0279524
1.29624
-1.29671
0.0271336
-0.0263684
1.31552
-1.31629
0.0259113
-0.0235906
1.30397
-1.30629
0.0174394
-0.00651913
0.909857
-0.920777
-0.0134757
0.341582
-0.328106
0.0149764
-0.0154258
1.07054
-1.07009
0.0133722
-0.0131966
1.24508
-1.24526
0.0125404
-0.0127142
1.26311
-1.26294
0.0120792
-0.0128196
1.27079
-1.27005
0.0126365
-0.0137876
1.28098
-1.27983
0.0140789
-0.0162613
1.29613
-1.29395
0.0171825
-0.0189242
1.31418
-1.31243
0.0214883
-0.0213079
1.30481
-1.30499
0.0167076
-0.0067834
0.932444
-0.942368
-0.00547652
0.320252
-0.314775
0.00210086
0.00254661
1.07498
-1.07963
-0.00409542
0.0032486
1.24633
-1.24548
-0.00235846
0.0016682
1.2619
-1.26121
-0.000403633
-0.000862048
1.26826
-1.26699
0.00195908
-0.00443333
1.27836
-1.27588
0.00678359
-0.00915284
1.29163
-1.28926
0.0121648
-0.0158405
1.30867
-1.30499
0.0183733
-0.0201986
1.30311
-1.30129
0.0168615
-0.00704402
0.952731
-0.962548
-0.00130284
0.312526
-0.311223
-0.00709088
0.0132586
1.08476
-1.09093
-0.0156264
0.0147234
1.24508
-1.24418
-0.012738
0.0109997
1.25882
-1.25708
-0.00887904
0.00673534
1.26419
-1.26205
-0.00465606
0.00120085
1.27324
-1.26978
0.0021845
-0.00556217
1.28452
-1.28114
0.00953486
-0.0141614
1.30024
-1.29561
0.0184044
-0.0206857
1.29827
-1.29599
0.0184846
-0.00858572
0.973215
-0.983114
0.0020118
0.311912
-0.313924
-0.0142235
0.0218574
1.09826
-1.10589
-0.0239032
0.0218631
1.24458
-1.24254
-0.0207128
0.0176476
1.2547
-1.25164
-0.0153937
0.0118237
1.25842
-1.25485
-0.00892225
0.00465669
1.26625
-1.26199
-0.00104638
-0.00443885
1.27681
-1.27132
0.00864081
-0.0141219
1.29002
-1.28454
0.0192913
-0.0227016
1.29128
-1.28787
0.0220722
-0.0116184
0.993539
-1.00399
0.0052803
0.317843
-0.323123
-0.0210139
0.0294667
1.11436
-1.12282
-0.0305602
0.0286677
1.24218
-1.24028
-0.0268443
0.0230164
1.2487
-1.24487
-0.0199952
0.0156586
1.25113
-1.24679
-0.0113018
0.00683268
1.257
-1.25254
-0.00174159
-0.00399349
1.26618
-1.26044
0.00909087
-0.01487
1.27873
-1.27295
0.0210183
-0.0261911
1.28271
-1.27754
0.0260616
-0.0151119
1.01495
-1.0259
0.0102341
0.330553
-0.340787
-0.0295016
0.0381697
1.13196
-1.14063
-0.0391007
0.0363696
1.23908
-1.23635
-0.032332
0.0282321
1.2412
-1.2371
-0.0242504
0.0189595
1.24287
-1.23758
-0.0136457
0.00822895
1.24667
-1.24125
-0.00217429
-0.00391717
1.25379
-1.2477
0.0106058
-0.0179977
1.26558
-1.25818
0.025159
-0.030868
1.27127
-1.26556
0.0318891
-0.0203414
1.0381
-1.04965
0.0184797
0.354932
-0.373412
-0.0410876
0.0490532
1.14961
-1.15758
-0.0484527
0.0443628
1.23327
-1.22918
-0.0389572
0.0336103
1.23184
-1.22649
-0.0283873
0.0219115
1.23199
-1.22552
-0.0154482
0.00831107
1.23436
-1.22723
-0.00242949
-0.00527483
1.24007
-1.23237
0.0129553
-0.0212618
1.24982
-1.24151
0.0294141
-0.036342
1.25745
-1.25052
0.0386559
-0.026746
1.06184
-1.07375
0.0305819
0.397663
-0.428245
-0.0557934
0.0617973
1.16527
-1.17127
-0.0581674
0.0528427
1.22437
-1.21904
-0.0463122
0.038828
1.22048
-1.213
-0.0315452
0.0243313
1.21806
-1.21084
-0.0166034
0.00893037
1.21919
-1.21152
-0.000776541
-0.00726077
1.22375
-1.21571
0.0157869
-0.0248651
1.23231
-1.22324
0.0332022
-0.0417822
1.24197
-1.23339
0.0454584
-0.0337447
1.08613
-1.09784
0.044951
0.466122
-0.511073
-0.0703976
0.0732233
1.1754
-1.17822
-0.0676521
0.0590551
1.21277
-1.20417
-0.0509669
0.0426027
1.20548
-1.19712
-0.0340385
0.0257641
1.20213
-1.19386
-0.0177678
0.00876598
1.20246
-1.19345
-0.000542019
-0.00936218
1.20688
-1.19697
0.0179551
-0.0270722
1.21337
-1.20425
0.0366973
-0.0461686
1.22397
-1.2145
0.0520296
-0.0407403
1.10949
-1.12078
0.0585288
0.563634
-0.622163
-0.081861
0.0802841
1.17956
-1.17798
-0.0721429
0.0617516
1.19567
-1.18527
-0.0523957
0.0432563
1.18778
-1.17864
-0.0348385
0.0257783
1.18453
-1.17547
-0.0177133
0.00871778
1.18468
-1.17569
8.90605e-05
-0.00934463
1.18776
-1.17851
0.0180248
-0.0280441
1.19439
-1.18437
0.0382002
-0.0480012
1.20429
-1.19448
0.0551993
-0.046876
1.13076
-1.13908
0.0684113
0.686879
-0.755291
-0.085336
0.0795805
1.17456
-1.1688
-0.069812
0.0606348
1.17568
-1.1665
-0.0520474
0.0429343
1.16986
-1.16074
-0.0347885
0.0257144
1.16685
-1.15777
-0.0174085
0.00814885
1.16695
-1.15769
0.000814927
-0.00937682
1.16894
-1.16038
0.0181054
-0.0271606
1.17435
-1.16529
0.0362345
-0.0457867
1.18307
-1.17352
0.0549642
-0.0507917
1.14652
-1.15069
0.0756183
0.827488
-0.903106
-0.0839483
0.0776722
1.1623
-1.15602
-0.0694966
0.0611999
1.15803
-1.14974
-0.0525195
0.0428218
1.1525
-1.1428
-0.0342204
0.0250141
1.14881
-1.13961
-0.0167671
0.00778868
1.1485
-1.13953
0.000157363
-0.009254
1.15072
-1.14162
0.0183142
-0.0278985
1.15584
-1.14625
0.0366631
-0.0465758
1.16469
-1.15478
0.0531652
-0.0531973
1.15272
-1.15269
0.0830225
0.982876
-1.0659
-0.0824322
0.0680261
1.15008
-1.13568
-0.0555472
0.0449287
1.13911
-1.12849
-0.0363159
0.0297562
1.13392
-1.12736
-0.0246656
0.0198918
1.13202
-1.12724
-0.0155078
0.0107303
1.13248
-1.1277
-0.00564922
0.000388696
1.13337
-1.12811
0.0057391
-0.0132647
1.13636
-1.12884
0.0222167
-0.0339918
1.14431
-1.13253
0.0471225
-0.0570431
1.15184
-1.14192
-0.256978
0.22355
-0.375196
0.37706
-0.439793
0.447901
-0.515022
0.522773
-0.608928
0.615856
-0.724523
0.729866
-0.866198
0.869919
-1.03763
1.04019
-1.24413
1.24609
-1.49268
1.49451
-1.49282
1.4948
-1.24468
1.24702
-1.03851
1.04178
-0.867469
0.87234
-0.726954
0.733696
-0.61281
0.62093
-0.520941
0.529441
-0.446544
0.454286
-0.364677
0.35368
-0.127292
0.0880457
0.0318601
-0.194577
0.172447
0.0160406
-0.15626
0.144269
0.0100143
-0.134996
0.127507
0.00709236
-0.121275
0.115969
0.00533361
-0.111394
0.107405
0.00412393
-0.103909
0.100821
0.00323682
-0.0980929
0.095665
0.00255719
-0.0935104
0.0915861
0.00201264
-0.0898803
0.0883584
0.0015575
-0.0870186
0.0858319
0.00115783
-0.0848042
0.0839105
0.000785209
-0.0831638
0.0825417
0.000417254
-0.0820626
0.0817063
2.44559e-05
-0.0814951
0.0814228
-0.000367657
-0.0814865
0.0816909
-0.000839086
-0.0820841
0.0826199
-0.0014217
-0.0833583
0.0843011
-0.00211897
-0.0854537
0.0868775
-0.00302115
-0.0885276
0.0905668
-0.00422958
-0.0928365
0.095691
-0.00592896
-0.0987457
0.102739
-0.00848736
-0.10685
0.112529
-0.0126517
-0.118115
0.126489
-0.020591
-0.13432
0.147568
-0.0141866
-0.160837
0.170948
-0.000175087
-0.183281
0.185422
0.00398081
-0.192569
0.191496
0.00499863
-0.195404
0.193149
0.00482993
-0.195448
0.193037
0.00434046
-0.194808
0.192535
0.00353824
-0.194099
0.192168
0.00270312
-0.193702
0.192256
0.00208798
-0.193859
0.192812
0.00131812
-0.194605
0.194002
0.000798003
-0.195942
0.195697
0.000305726
-0.197794
0.197848
-4.1778e-05
-0.200022
0.200281
-0.000551611
-0.202603
0.203149
-0.000805929
-0.205389
0.206079
-0.00102838
-0.208299
0.209175
-0.00110997
-0.211441
0.212342
-0.00123285
-0.21444
0.215489
-0.00135055
-0.217488
0.218609
-0.0010856
-0.220653
0.22148
-0.00130315
-0.223393
0.224409
-0.00121893
-0.226265
0.227189
-0.00127483
-0.229051
0.230107
-0.00145965
-0.232492
0.234059
-0.00142498
-0.237005
0.28655
0.499081
0.665655
0.815555
0.963321
1.12424
1.29588
1.4745
1.64791
1.46854
1.04591
0.726099
0.451962
0.30598
0.468496
0.608778
0.42215
0.234961
-0.115645
-0.130658
-0.170593
-0.188121
-0.197156
-0.203735
-0.211887
-0.220455
-0.228842
-0.236148
-0.228984
-0.211122
-0.187777
-0.155894
-0.258408
-0.526536
-0.642283
-0.662442
-0.670357
-0.330603
0.903844
-0.313669
0.906314
-0.300152
0.914973
-0.280374
0.875653
-0.225701
0.475765
0.629743
0.0064886
-0.0254882
0.000174703
-0.153418
-0.000447857
0.000807371
-0.329047
-0.00117988
0.00163756
-0.540492
-0.00200016
0.00212854
-0.767152
-0.00182188
0.000910472
-0.991329
0.000468209
-0.00249546
-1.21951
0.00465192
-0.00724094
-1.46793
0.00981859
-0.0129969
-1.76041
0.0164372
-0.0208036
-2.11082
0.0256947
-0.0326015
-2.11152
0.041673
-0.0531035
-1.86995
0.0671479
-0.0809633
-1.96066
0.0925816
-0.0947117
-2.44404
0.0870758
-0.0847129
-2.39315
0.0788603
-0.0704001
-2.06707
0.0601724
-0.0510112
-1.65803
0.0407451
-0.0314115
-1.17775
0.0224048
-0.0160793
-0.66376
0.0105843
-0.00589212
-0.00222048
-0.00189518
-0.00187051
-0.00218201
-0.00242411
-0.00296756
-0.00285439
-0.00301346
-0.00309947
-0.00289553
-0.00261534
-0.00200736
-0.00126508
0.000218943
0.00173833
0.00371075
0.00583491
0.00854899
0.0118267
0.0160112
0.0218992
0.0250444
0.0235323
0.0170766
0.00944634
)
;

boundaryField
{
    wall-4
    {
        type            calculated;
        value           uniform 0;
    }
    pressure-outlet-7
    {
        type            calculated;
        value           nonuniform List<scalar> 
40
(
0.0753126
0.214415
0.392873
0.5963
0.80554
1.01164
1.22794
1.47328
1.76885
2.12464
2.17777
2.05204
2.404
2.69507
2.442
2.03522
1.54707
1.00153
0.457354
0.218129
0.025242
0.152945
0.328445
0.540319
0.768793
0.995128
1.22444
1.47399
1.76858
2.12342
2.13232
1.89681
1.96569
2.43652
2.37595
2.05003
1.64179
1.16705
0.654993
0.0698904
)
;
    }
    velocity-inlet-6
    {
        type            calculated;
        value           nonuniform List<scalar> 
20
(
-1.12529
-1.12529
-1.12529
-1.12529
-1.12529
-1.12529
-1.12529
-1.12529
-1.12529
-1.12529
-1.12529
-1.12529
-1.12529
-1.12529
-1.12529
-1.12529
-1.12529
-1.12529
-1.12529
-1.12529
)
;
    }
    velocity-inlet-5
    {
        type            calculated;
        value           nonuniform List<scalar> 
40
(
-0.289011
-0.346776
-0.416168
-0.499439
-0.599215
-0.719057
-0.862907
-1.03564
-1.24269
-1.49119
-1.49119
-1.2425
-1.03545
-0.862907
-0.719057
-0.599402
-0.499252
-0.416168
-0.346776
-0.289011
-0.289011
-0.346776
-0.416168
-0.499252
-0.599402
-0.719057
-0.862907
-1.03545
-1.2425
-1.49119
-1.49119
-1.24269
-1.03564
-0.862907
-0.719057
-0.599215
-0.499439
-0.416168
-0.346776
-0.289011
)
;
    }
    frontAndBackPlanes
    {
        type            empty;
        value           nonuniform List<scalar> 0();
    }
}


// ************************************************************************* //
