solid pipewall
facet normal 0.000000 -1.000000 0.000000
outer loop
vertex 0.002475 0.050000 -0.010000
vertex 0.004951 0.050000 -0.010000
vertex 0.004951 0.050000 0.010000
endloop
endfacet
facet normal 0.000000 -1.000000 0.000000
outer loop
vertex 0.002475 0.050000 -0.010000
vertex 0.004951 0.050000 0.010000
vertex 0.002475 0.050000 0.010000
endloop
endfacet
facet normal 0.000000 1.000000 0.000000
outer loop
vertex -0.457921 -0.050000 -0.010000
vertex -0.460396 -0.050000 -0.010000
vertex -0.460396 -0.050000 0.010000
endloop
endfacet
facet normal 0.000000 1.000000 0.000000
outer loop
vertex -0.457921 -0.050000 -0.010000
vertex -0.460396 -0.050000 0.010000
vertex -0.457921 -0.050000 0.010000
endloop
endfacet
facet normal 0.000000 -1.000000 0.000000
outer loop
vertex 0.009901 0.050000 -0.010000
vertex 0.012376 0.050000 -0.010000
vertex 0.012376 0.050000 0.010000
endloop
endfacet
facet normal 0.000000 -1.000000 0.000000
outer loop
vertex 0.009901 0.050000 -0.010000
vertex 0.012376 0.050000 0.010000
vertex 0.009901 0.050000 0.010000
endloop
endfacet
facet normal 0.000000 1.000000 0.000000
outer loop
vertex -0.448020 -0.050000 -0.010000
vertex -0.450495 -0.050000 -0.010000
vertex -0.450495 -0.050000 0.010000
endloop
endfacet
facet normal 0.000000 1.000000 0.000000
outer loop
vertex -0.448020 -0.050000 -0.010000
vertex -0.450495 -0.050000 0.010000
vertex -0.448020 -0.050000 0.010000
endloop
endfacet
facet normal 0.000000 -1.000000 0.000000
outer loop
vertex 0.019802 0.050000 -0.010000
vertex 0.022277 0.050000 -0.010000
vertex 0.022277 0.050000 0.010000
endloop
endfacet
facet normal 0.000000 -1.000000 0.000000
outer loop
vertex 0.019802 0.050000 -0.010000
vertex 0.022277 0.050000 0.010000
vertex 0.019802 0.050000 0.010000
endloop
endfacet
facet normal 0.000000 1.000000 0.000000
outer loop
vertex -0.477723 -0.050000 -0.010000
vertex -0.480198 -0.050000 -0.010000
vertex -0.480198 -0.050000 0.010000
endloop
endfacet
facet normal 0.000000 1.000000 0.000000
outer loop
vertex -0.477723 -0.050000 -0.010000
vertex -0.480198 -0.050000 0.010000
vertex -0.477723 -0.050000 0.010000
endloop
endfacet
facet normal 0.000000 -1.000000 0.000000
outer loop
vertex 0.029703 0.050000 -0.010000
vertex 0.032178 0.050000 -0.010000
vertex 0.032178 0.050000 0.010000
endloop
endfacet
facet normal 0.000000 -1.000000 0.000000
outer loop
vertex 0.029703 0.050000 -0.010000
vertex 0.032178 0.050000 0.010000
vertex 0.029703 0.050000 0.010000
endloop
endfacet
facet normal 0.000000 1.000000 0.000000
outer loop
vertex -0.467822 -0.050000 -0.010000
vertex -0.470297 -0.050000 -0.010000
vertex -0.470297 -0.050000 0.010000
endloop
endfacet
facet normal 0.000000 1.000000 0.000000
outer loop
vertex -0.467822 -0.050000 -0.010000
vertex -0.470297 -0.050000 0.010000
vertex -0.467822 -0.050000 0.010000
endloop
endfacet
facet normal 0.000000 -1.000000 0.000000
outer loop
vertex 0.039604 0.050000 -0.010000
vertex 0.042079 0.050000 -0.010000
vertex 0.042079 0.050000 0.010000
endloop
endfacet
facet normal 0.000000 -1.000000 0.000000
outer loop
vertex 0.039604 0.050000 -0.010000
vertex 0.042079 0.050000 0.010000
vertex 0.039604 0.050000 0.010000
endloop
endfacet
facet normal 0.000000 1.000000 0.000000
outer loop
vertex -0.497525 -0.050000 -0.010000
vertex -0.500000 -0.050000 -0.010000
vertex -0.500000 -0.050000 0.010000
endloop
endfacet
facet normal 0.000000 1.000000 0.000000
outer loop
vertex -0.497525 -0.050000 -0.010000
vertex -0.500000 -0.050000 0.010000
vertex -0.497525 -0.050000 0.010000
endloop
endfacet
facet normal 0.000000 -1.000000 0.000000
outer loop
vertex 0.049505 0.050000 -0.010000
vertex 0.051980 0.050000 -0.010000
vertex 0.051980 0.050000 0.010000
endloop
endfacet
facet normal 0.000000 -1.000000 0.000000
outer loop
vertex 0.049505 0.050000 -0.010000
vertex 0.051980 0.050000 0.010000
vertex 0.049505 0.050000 0.010000
endloop
endfacet
facet normal 0.000000 1.000000 0.000000
outer loop
vertex -0.487624 -0.050000 -0.010000
vertex -0.490099 -0.050000 -0.010000
vertex -0.490099 -0.050000 0.010000
endloop
endfacet
facet normal 0.000000 1.000000 0.000000
outer loop
vertex -0.487624 -0.050000 -0.010000
vertex -0.490099 -0.050000 0.010000
vertex -0.487624 -0.050000 0.010000
endloop
endfacet
facet normal 0.000000 -1.000000 0.000000
outer loop
vertex 0.059406 0.050000 -0.010000
vertex 0.061881 0.050000 -0.010000
vertex 0.061881 0.050000 0.010000
endloop
endfacet
facet normal 0.000000 -1.000000 0.000000
outer loop
vertex 0.059406 0.050000 -0.010000
vertex 0.061881 0.050000 0.010000
vertex 0.059406 0.050000 0.010000
endloop
endfacet
facet normal 0.000000 1.000000 0.000000
outer loop
vertex 0.004951 -0.050000 -0.010000
vertex 0.002475 -0.050000 -0.010000
vertex 0.002475 -0.050000 0.010000
endloop
endfacet
facet normal 0.000000 1.000000 0.000000
outer loop
vertex 0.004951 -0.050000 -0.010000
vertex 0.002475 -0.050000 0.010000
vertex 0.004951 -0.050000 0.010000
endloop
endfacet
facet normal 0.000000 -1.000000 0.000000
outer loop
vertex 0.069307 0.050000 -0.010000
vertex 0.071782 0.050000 -0.010000
vertex 0.071782 0.050000 0.010000
endloop
endfacet
facet normal 0.000000 -1.000000 0.000000
outer loop
vertex 0.069307 0.050000 -0.010000
vertex 0.071782 0.050000 0.010000
vertex 0.069307 0.050000 0.010000
endloop
endfacet
facet normal 0.000000 1.000000 0.000000
outer loop
vertex 0.012376 -0.050000 -0.010000
vertex 0.009901 -0.050000 -0.010000
vertex 0.009901 -0.050000 0.010000
endloop
endfacet
facet normal 0.000000 1.000000 0.000000
outer loop
vertex 0.012376 -0.050000 -0.010000
vertex 0.009901 -0.050000 0.010000
vertex 0.012376 -0.050000 0.010000
endloop
endfacet
facet normal 0.000000 -1.000000 0.000000
outer loop
vertex 0.079208 0.050000 -0.010000
vertex 0.081683 0.050000 -0.010000
vertex 0.081683 0.050000 0.010000
endloop
endfacet
facet normal 0.000000 -1.000000 0.000000
outer loop
vertex 0.079208 0.050000 -0.010000
vertex 0.081683 0.050000 0.010000
vertex 0.079208 0.050000 0.010000
endloop
endfacet
facet normal 0.000000 1.000000 0.000000
outer loop
vertex 0.022277 -0.050000 -0.010000
vertex 0.019802 -0.050000 -0.010000
vertex 0.019802 -0.050000 0.010000
endloop
endfacet
facet normal 0.000000 1.000000 0.000000
outer loop
vertex 0.022277 -0.050000 -0.010000
vertex 0.019802 -0.050000 0.010000
vertex 0.022277 -0.050000 0.010000
endloop
endfacet
facet normal 0.000000 -1.000000 0.000000
outer loop
vertex 0.089109 0.050000 -0.010000
vertex 0.091584 0.050000 -0.010000
vertex 0.091584 0.050000 0.010000
endloop
endfacet
facet normal 0.000000 -1.000000 0.000000
outer loop
vertex 0.089109 0.050000 -0.010000
vertex 0.091584 0.050000 0.010000
vertex 0.089109 0.050000 0.010000
endloop
endfacet
facet normal 0.000000 1.000000 0.000000
outer loop
vertex 0.032178 -0.050000 -0.010000
vertex 0.029703 -0.050000 -0.010000
vertex 0.029703 -0.050000 0.010000
endloop
endfacet
facet normal 0.000000 1.000000 0.000000
outer loop
vertex 0.032178 -0.050000 -0.010000
vertex 0.029703 -0.050000 0.010000
vertex 0.032178 -0.050000 0.010000
endloop
endfacet
facet normal 0.000000 -1.000000 0.000000
outer loop
vertex 0.099010 0.050000 -0.010000
vertex 0.101485 0.050000 -0.010000
vertex 0.101485 0.050000 0.010000
endloop
endfacet
facet normal 0.000000 -1.000000 0.000000
outer loop
vertex 0.099010 0.050000 -0.010000
vertex 0.101485 0.050000 0.010000
vertex 0.099010 0.050000 0.010000
endloop
endfacet
facet normal 0.000000 1.000000 0.000000
outer loop
vertex 0.042079 -0.050000 -0.010000
vertex 0.039604 -0.050000 -0.010000
vertex 0.039604 -0.050000 0.010000
endloop
endfacet
facet normal 0.000000 1.000000 0.000000
outer loop
vertex 0.042079 -0.050000 -0.010000
vertex 0.039604 -0.050000 0.010000
vertex 0.042079 -0.050000 0.010000
endloop
endfacet
facet normal 0.000000 -1.000000 0.000000
outer loop
vertex 0.108911 0.050000 -0.010000
vertex 0.111386 0.050000 -0.010000
vertex 0.111386 0.050000 0.010000
endloop
endfacet
facet normal 0.000000 -1.000000 0.000000
outer loop
vertex 0.108911 0.050000 -0.010000
vertex 0.111386 0.050000 0.010000
vertex 0.108911 0.050000 0.010000
endloop
endfacet
facet normal 0.000000 1.000000 0.000000
outer loop
vertex 0.051980 -0.050000 -0.010000
vertex 0.049505 -0.050000 -0.010000
vertex 0.049505 -0.050000 0.010000
endloop
endfacet
facet normal 0.000000 1.000000 0.000000
outer loop
vertex 0.051980 -0.050000 -0.010000
vertex 0.049505 -0.050000 0.010000
vertex 0.051980 -0.050000 0.010000
endloop
endfacet
facet normal 0.000000 -1.000000 0.000000
outer loop
vertex 0.118812 0.050000 -0.010000
vertex 0.121287 0.050000 -0.010000
vertex 0.121287 0.050000 0.010000
endloop
endfacet
facet normal 0.000000 -1.000000 0.000000
outer loop
vertex 0.118812 0.050000 -0.010000
vertex 0.121287 0.050000 0.010000
vertex 0.118812 0.050000 0.010000
endloop
endfacet
facet normal 0.000000 1.000000 0.000000
outer loop
vertex 0.061881 -0.050000 -0.010000
vertex 0.059406 -0.050000 -0.010000
vertex 0.059406 -0.050000 0.010000
endloop
endfacet
facet normal 0.000000 1.000000 0.000000
outer loop
vertex 0.061881 -0.050000 -0.010000
vertex 0.059406 -0.050000 0.010000
vertex 0.061881 -0.050000 0.010000
endloop
endfacet
facet normal 0.000000 -1.000000 0.000000
outer loop
vertex 0.128713 0.050000 -0.010000
vertex 0.131188 0.050000 -0.010000
vertex 0.131188 0.050000 0.010000
endloop
endfacet
facet normal 0.000000 -1.000000 0.000000
outer loop
vertex 0.128713 0.050000 -0.010000
vertex 0.131188 0.050000 0.010000
vertex 0.128713 0.050000 0.010000
endloop
endfacet
facet normal 0.000000 1.000000 0.000000
outer loop
vertex 0.071782 -0.050000 -0.010000
vertex 0.069307 -0.050000 -0.010000
vertex 0.069307 -0.050000 0.010000
endloop
endfacet
facet normal 0.000000 1.000000 0.000000
outer loop
vertex 0.071782 -0.050000 -0.010000
vertex 0.069307 -0.050000 0.010000
vertex 0.071782 -0.050000 0.010000
endloop
endfacet
facet normal 0.000000 -1.000000 0.000000
outer loop
vertex 0.138614 0.050000 -0.010000
vertex 0.141089 0.050000 -0.010000
vertex 0.141089 0.050000 0.010000
endloop
endfacet
facet normal 0.000000 -1.000000 0.000000
outer loop
vertex 0.138614 0.050000 -0.010000
vertex 0.141089 0.050000 0.010000
vertex 0.138614 0.050000 0.010000
endloop
endfacet
facet normal 0.000000 1.000000 0.000000
outer loop
vertex 0.081683 -0.050000 -0.010000
vertex 0.079208 -0.050000 -0.010000
vertex 0.079208 -0.050000 0.010000
endloop
endfacet
facet normal 0.000000 1.000000 0.000000
outer loop
vertex 0.081683 -0.050000 -0.010000
vertex 0.079208 -0.050000 0.010000
vertex 0.081683 -0.050000 0.010000
endloop
endfacet
facet normal 0.000000 -1.000000 0.000000
outer loop
vertex 0.148515 0.050000 -0.010000
vertex 0.150990 0.050000 -0.010000
vertex 0.150990 0.050000 0.010000
endloop
endfacet
facet normal 0.000000 -1.000000 0.000000
outer loop
vertex 0.148515 0.050000 -0.010000
vertex 0.150990 0.050000 0.010000
vertex 0.148515 0.050000 0.010000
endloop
endfacet
facet normal 0.000000 1.000000 0.000000
outer loop
vertex 0.091584 -0.050000 -0.010000
vertex 0.089109 -0.050000 -0.010000
vertex 0.089109 -0.050000 0.010000
endloop
endfacet
facet normal 0.000000 1.000000 0.000000
outer loop
vertex 0.091584 -0.050000 -0.010000
vertex 0.089109 -0.050000 0.010000
vertex 0.091584 -0.050000 0.010000
endloop
endfacet
facet normal 0.000000 -1.000000 0.000000
outer loop
vertex 0.158416 0.050000 -0.010000
vertex 0.160891 0.050000 -0.010000
vertex 0.160891 0.050000 0.010000
endloop
endfacet
facet normal 0.000000 -1.000000 0.000000
outer loop
vertex 0.158416 0.050000 -0.010000
vertex 0.160891 0.050000 0.010000
vertex 0.158416 0.050000 0.010000
endloop
endfacet
facet normal 0.000000 1.000000 0.000000
outer loop
vertex 0.101485 -0.050000 -0.010000
vertex 0.099010 -0.050000 -0.010000
vertex 0.099010 -0.050000 0.010000
endloop
endfacet
facet normal 0.000000 1.000000 0.000000
outer loop
vertex 0.101485 -0.050000 -0.010000
vertex 0.099010 -0.050000 0.010000
vertex 0.101485 -0.050000 0.010000
endloop
endfacet
facet normal 0.000000 -1.000000 0.000000
outer loop
vertex 0.168317 0.050000 -0.010000
vertex 0.170792 0.050000 -0.010000
vertex 0.170792 0.050000 0.010000
endloop
endfacet
facet normal 0.000000 -1.000000 0.000000
outer loop
vertex 0.168317 0.050000 -0.010000
vertex 0.170792 0.050000 0.010000
vertex 0.168317 0.050000 0.010000
endloop
endfacet
facet normal 0.000000 1.000000 0.000000
outer loop
vertex 0.111386 -0.050000 -0.010000
vertex 0.108911 -0.050000 -0.010000
vertex 0.108911 -0.050000 0.010000
endloop
endfacet
facet normal 0.000000 1.000000 0.000000
outer loop
vertex 0.111386 -0.050000 -0.010000
vertex 0.108911 -0.050000 0.010000
vertex 0.111386 -0.050000 0.010000
endloop
endfacet
facet normal 0.000000 -1.000000 0.000000
outer loop
vertex 0.178218 0.050000 -0.010000
vertex 0.180693 0.050000 -0.010000
vertex 0.180693 0.050000 0.010000
endloop
endfacet
facet normal 0.000000 -1.000000 0.000000
outer loop
vertex 0.178218 0.050000 -0.010000
vertex 0.180693 0.050000 0.010000
vertex 0.178218 0.050000 0.010000
endloop
endfacet
facet normal 0.000000 1.000000 0.000000
outer loop
vertex 0.121287 -0.050000 -0.010000
vertex 0.118812 -0.050000 -0.010000
vertex 0.118812 -0.050000 0.010000
endloop
endfacet
facet normal 0.000000 1.000000 0.000000
outer loop
vertex 0.121287 -0.050000 -0.010000
vertex 0.118812 -0.050000 0.010000
vertex 0.121287 -0.050000 0.010000
endloop
endfacet
facet normal 0.000000 -1.000000 0.000000
outer loop
vertex 0.188119 0.050000 -0.010000
vertex 0.190594 0.050000 -0.010000
vertex 0.190594 0.050000 0.010000
endloop
endfacet
facet normal 0.000000 -1.000000 0.000000
outer loop
vertex 0.188119 0.050000 -0.010000
vertex 0.190594 0.050000 0.010000
vertex 0.188119 0.050000 0.010000
endloop
endfacet
facet normal 0.000000 1.000000 0.000000
outer loop
vertex 0.131188 -0.050000 -0.010000
vertex 0.128713 -0.050000 -0.010000
vertex 0.128713 -0.050000 0.010000
endloop
endfacet
facet normal 0.000000 1.000000 0.000000
outer loop
vertex 0.131188 -0.050000 -0.010000
vertex 0.128713 -0.050000 0.010000
vertex 0.131188 -0.050000 0.010000
endloop
endfacet
facet normal 0.000000 -1.000000 0.000000
outer loop
vertex 0.198020 0.050000 -0.010000
vertex 0.200495 0.050000 -0.010000
vertex 0.200495 0.050000 0.010000
endloop
endfacet
facet normal 0.000000 -1.000000 0.000000
outer loop
vertex 0.198020 0.050000 -0.010000
vertex 0.200495 0.050000 0.010000
vertex 0.198020 0.050000 0.010000
endloop
endfacet
facet normal 0.000000 1.000000 0.000000
outer loop
vertex 0.141089 -0.050000 -0.010000
vertex 0.138614 -0.050000 -0.010000
vertex 0.138614 -0.050000 0.010000
endloop
endfacet
facet normal 0.000000 1.000000 0.000000
outer loop
vertex 0.141089 -0.050000 -0.010000
vertex 0.138614 -0.050000 0.010000
vertex 0.141089 -0.050000 0.010000
endloop
endfacet
facet normal 0.000000 -1.000000 0.000000
outer loop
vertex 0.207921 0.050000 -0.010000
vertex 0.210396 0.050000 -0.010000
vertex 0.210396 0.050000 0.010000
endloop
endfacet
facet normal 0.000000 -1.000000 0.000000
outer loop
vertex 0.207921 0.050000 -0.010000
vertex 0.210396 0.050000 0.010000
vertex 0.207921 0.050000 0.010000
endloop
endfacet
facet normal 0.000000 1.000000 0.000000
outer loop
vertex 0.150990 -0.050000 -0.010000
vertex 0.148515 -0.050000 -0.010000
vertex 0.148515 -0.050000 0.010000
endloop
endfacet
facet normal 0.000000 1.000000 0.000000
outer loop
vertex 0.150990 -0.050000 -0.010000
vertex 0.148515 -0.050000 0.010000
vertex 0.150990 -0.050000 0.010000
endloop
endfacet
facet normal 0.000000 -1.000000 0.000000
outer loop
vertex 0.217822 0.050000 -0.010000
vertex 0.220297 0.050000 -0.010000
vertex 0.220297 0.050000 0.010000
endloop
endfacet
facet normal 0.000000 -1.000000 0.000000
outer loop
vertex 0.217822 0.050000 -0.010000
vertex 0.220297 0.050000 0.010000
vertex 0.217822 0.050000 0.010000
endloop
endfacet
facet normal 0.000000 1.000000 0.000000
outer loop
vertex 0.160891 -0.050000 -0.010000
vertex 0.158416 -0.050000 -0.010000
vertex 0.158416 -0.050000 0.010000
endloop
endfacet
facet normal 0.000000 1.000000 0.000000
outer loop
vertex 0.160891 -0.050000 -0.010000
vertex 0.158416 -0.050000 0.010000
vertex 0.160891 -0.050000 0.010000
endloop
endfacet
facet normal 0.000000 -1.000000 0.000000
outer loop
vertex 0.227723 0.050000 -0.010000
vertex 0.230198 0.050000 -0.010000
vertex 0.230198 0.050000 0.010000
endloop
endfacet
facet normal 0.000000 -1.000000 0.000000
outer loop
vertex 0.227723 0.050000 -0.010000
vertex 0.230198 0.050000 0.010000
vertex 0.227723 0.050000 0.010000
endloop
endfacet
facet normal 0.000000 1.000000 0.000000
outer loop
vertex 0.170792 -0.050000 -0.010000
vertex 0.168317 -0.050000 -0.010000
vertex 0.168317 -0.050000 0.010000
endloop
endfacet
facet normal 0.000000 1.000000 0.000000
outer loop
vertex 0.170792 -0.050000 -0.010000
vertex 0.168317 -0.050000 0.010000
vertex 0.170792 -0.050000 0.010000
endloop
endfacet
facet normal 0.000000 -1.000000 0.000000
outer loop
vertex 0.237624 0.050000 -0.010000
vertex 0.240099 0.050000 -0.010000
vertex 0.240099 0.050000 0.010000
endloop
endfacet
facet normal 0.000000 -1.000000 0.000000
outer loop
vertex 0.237624 0.050000 -0.010000
vertex 0.240099 0.050000 0.010000
vertex 0.237624 0.050000 0.010000
endloop
endfacet
facet normal 0.000000 1.000000 0.000000
outer loop
vertex 0.180693 -0.050000 -0.010000
vertex 0.178218 -0.050000 -0.010000
vertex 0.178218 -0.050000 0.010000
endloop
endfacet
facet normal 0.000000 1.000000 0.000000
outer loop
vertex 0.180693 -0.050000 -0.010000
vertex 0.178218 -0.050000 0.010000
vertex 0.180693 -0.050000 0.010000
endloop
endfacet
facet normal 0.000000 -1.000000 0.000000
outer loop
vertex 0.247525 0.050000 -0.010000
vertex 0.250000 0.050000 -0.010000
vertex 0.250000 0.050000 0.010000
endloop
endfacet
facet normal 0.000000 -1.000000 0.000000
outer loop
vertex 0.247525 0.050000 -0.010000
vertex 0.250000 0.050000 0.010000
vertex 0.247525 0.050000 0.010000
endloop
endfacet
facet normal 0.000000 1.000000 0.000000
outer loop
vertex 0.190594 -0.050000 -0.010000
vertex 0.188119 -0.050000 -0.010000
vertex 0.188119 -0.050000 0.010000
endloop
endfacet
facet normal 0.000000 1.000000 0.000000
outer loop
vertex 0.190594 -0.050000 -0.010000
vertex 0.188119 -0.050000 0.010000
vertex 0.190594 -0.050000 0.010000
endloop
endfacet
facet normal 0.000000 -1.000000 0.000000
outer loop
vertex 0.257426 0.050000 -0.010000
vertex 0.259901 0.050000 -0.010000
vertex 0.259901 0.050000 0.010000
endloop
endfacet
facet normal 0.000000 -1.000000 0.000000
outer loop
vertex 0.257426 0.050000 -0.010000
vertex 0.259901 0.050000 0.010000
vertex 0.257426 0.050000 0.010000
endloop
endfacet
facet normal 0.000000 1.000000 0.000000
outer loop
vertex 0.200495 -0.050000 -0.010000
vertex 0.198020 -0.050000 -0.010000
vertex 0.198020 -0.050000 0.010000
endloop
endfacet
facet normal 0.000000 1.000000 0.000000
outer loop
vertex 0.200495 -0.050000 -0.010000
vertex 0.198020 -0.050000 0.010000
vertex 0.200495 -0.050000 0.010000
endloop
endfacet
facet normal 0.000000 -1.000000 0.000000
outer loop
vertex 0.267327 0.050000 -0.010000
vertex 0.269802 0.050000 -0.010000
vertex 0.269802 0.050000 0.010000
endloop
endfacet
facet normal 0.000000 -1.000000 0.000000
outer loop
vertex 0.267327 0.050000 -0.010000
vertex 0.269802 0.050000 0.010000
vertex 0.267327 0.050000 0.010000
endloop
endfacet
facet normal 0.000000 1.000000 0.000000
outer loop
vertex 0.210396 -0.050000 -0.010000
vertex 0.207921 -0.050000 -0.010000
vertex 0.207921 -0.050000 0.010000
endloop
endfacet
facet normal 0.000000 1.000000 0.000000
outer loop
vertex 0.210396 -0.050000 -0.010000
vertex 0.207921 -0.050000 0.010000
vertex 0.210396 -0.050000 0.010000
endloop
endfacet
facet normal 0.000000 -1.000000 0.000000
outer loop
vertex 0.277228 0.050000 -0.010000
vertex 0.279703 0.050000 -0.010000
vertex 0.279703 0.050000 0.010000
endloop
endfacet
facet normal 0.000000 -1.000000 0.000000
outer loop
vertex 0.277228 0.050000 -0.010000
vertex 0.279703 0.050000 0.010000
vertex 0.277228 0.050000 0.010000
endloop
endfacet
facet normal 0.000000 1.000000 0.000000
outer loop
vertex 0.220297 -0.050000 -0.010000
vertex 0.217822 -0.050000 -0.010000
vertex 0.217822 -0.050000 0.010000
endloop
endfacet
facet normal 0.000000 1.000000 0.000000
outer loop
vertex 0.220297 -0.050000 -0.010000
vertex 0.217822 -0.050000 0.010000
vertex 0.220297 -0.050000 0.010000
endloop
endfacet
facet normal 0.000000 -1.000000 0.000000
outer loop
vertex 0.287129 0.050000 -0.010000
vertex 0.289604 0.050000 -0.010000
vertex 0.289604 0.050000 0.010000
endloop
endfacet
facet normal 0.000000 -1.000000 0.000000
outer loop
vertex 0.287129 0.050000 -0.010000
vertex 0.289604 0.050000 0.010000
vertex 0.287129 0.050000 0.010000
endloop
endfacet
facet normal 0.000000 1.000000 0.000000
outer loop
vertex 0.230198 -0.050000 -0.010000
vertex 0.227723 -0.050000 -0.010000
vertex 0.227723 -0.050000 0.010000
endloop
endfacet
facet normal 0.000000 1.000000 0.000000
outer loop
vertex 0.230198 -0.050000 -0.010000
vertex 0.227723 -0.050000 0.010000
vertex 0.230198 -0.050000 0.010000
endloop
endfacet
facet normal 0.000000 -1.000000 0.000000
outer loop
vertex 0.297030 0.050000 -0.010000
vertex 0.299505 0.050000 -0.010000
vertex 0.299505 0.050000 0.010000
endloop
endfacet
facet normal 0.000000 -1.000000 0.000000
outer loop
vertex 0.297030 0.050000 -0.010000
vertex 0.299505 0.050000 0.010000
vertex 0.297030 0.050000 0.010000
endloop
endfacet
facet normal 0.000000 1.000000 0.000000
outer loop
vertex 0.240099 -0.050000 -0.010000
vertex 0.237624 -0.050000 -0.010000
vertex 0.237624 -0.050000 0.010000
endloop
endfacet
facet normal 0.000000 1.000000 0.000000
outer loop
vertex 0.240099 -0.050000 -0.010000
vertex 0.237624 -0.050000 0.010000
vertex 0.240099 -0.050000 0.010000
endloop
endfacet
facet normal 0.000000 -1.000000 0.000000
outer loop
vertex 0.306931 0.050000 -0.010000
vertex 0.309406 0.050000 -0.010000
vertex 0.309406 0.050000 0.010000
endloop
endfacet
facet normal 0.000000 -1.000000 0.000000
outer loop
vertex 0.306931 0.050000 -0.010000
vertex 0.309406 0.050000 0.010000
vertex 0.306931 0.050000 0.010000
endloop
endfacet
facet normal 0.000000 1.000000 0.000000
outer loop
vertex 0.250000 -0.050000 -0.010000
vertex 0.247525 -0.050000 -0.010000
vertex 0.247525 -0.050000 0.010000
endloop
endfacet
facet normal 0.000000 1.000000 0.000000
outer loop
vertex 0.250000 -0.050000 -0.010000
vertex 0.247525 -0.050000 0.010000
vertex 0.250000 -0.050000 0.010000
endloop
endfacet
facet normal 0.000000 -1.000000 0.000000
outer loop
vertex 0.316832 0.050000 -0.010000
vertex 0.319307 0.050000 -0.010000
vertex 0.319307 0.050000 0.010000
endloop
endfacet
facet normal 0.000000 -1.000000 0.000000
outer loop
vertex 0.316832 0.050000 -0.010000
vertex 0.319307 0.050000 0.010000
vertex 0.316832 0.050000 0.010000
endloop
endfacet
facet normal 0.000000 1.000000 0.000000
outer loop
vertex 0.259901 -0.050000 -0.010000
vertex 0.257426 -0.050000 -0.010000
vertex 0.257426 -0.050000 0.010000
endloop
endfacet
facet normal 0.000000 1.000000 0.000000
outer loop
vertex 0.259901 -0.050000 -0.010000
vertex 0.257426 -0.050000 0.010000
vertex 0.259901 -0.050000 0.010000
endloop
endfacet
facet normal 0.000000 -1.000000 0.000000
outer loop
vertex 0.326733 0.050000 -0.010000
vertex 0.329208 0.050000 -0.010000
vertex 0.329208 0.050000 0.010000
endloop
endfacet
facet normal 0.000000 -1.000000 0.000000
outer loop
vertex 0.326733 0.050000 -0.010000
vertex 0.329208 0.050000 0.010000
vertex 0.326733 0.050000 0.010000
endloop
endfacet
facet normal 0.000000 1.000000 0.000000
outer loop
vertex 0.269802 -0.050000 -0.010000
vertex 0.267327 -0.050000 -0.010000
vertex 0.267327 -0.050000 0.010000
endloop
endfacet
facet normal 0.000000 1.000000 0.000000
outer loop
vertex 0.269802 -0.050000 -0.010000
vertex 0.267327 -0.050000 0.010000
vertex 0.269802 -0.050000 0.010000
endloop
endfacet
facet normal 0.000000 -1.000000 0.000000
outer loop
vertex 0.336634 0.050000 -0.010000
vertex 0.339109 0.050000 -0.010000
vertex 0.339109 0.050000 0.010000
endloop
endfacet
facet normal 0.000000 -1.000000 0.000000
outer loop
vertex 0.336634 0.050000 -0.010000
vertex 0.339109 0.050000 0.010000
vertex 0.336634 0.050000 0.010000
endloop
endfacet
facet normal 0.000000 1.000000 0.000000
outer loop
vertex 0.279703 -0.050000 -0.010000
vertex 0.277228 -0.050000 -0.010000
vertex 0.277228 -0.050000 0.010000
endloop
endfacet
facet normal 0.000000 1.000000 0.000000
outer loop
vertex 0.279703 -0.050000 -0.010000
vertex 0.277228 -0.050000 0.010000
vertex 0.279703 -0.050000 0.010000
endloop
endfacet
facet normal 0.000000 -1.000000 0.000000
outer loop
vertex 0.346535 0.050000 -0.010000
vertex 0.349010 0.050000 -0.010000
vertex 0.349010 0.050000 0.010000
endloop
endfacet
facet normal 0.000000 -1.000000 0.000000
outer loop
vertex 0.346535 0.050000 -0.010000
vertex 0.349010 0.050000 0.010000
vertex 0.346535 0.050000 0.010000
endloop
endfacet
facet normal 0.000000 1.000000 0.000000
outer loop
vertex 0.289604 -0.050000 -0.010000
vertex 0.287129 -0.050000 -0.010000
vertex 0.287129 -0.050000 0.010000
endloop
endfacet
facet normal 0.000000 1.000000 0.000000
outer loop
vertex 0.289604 -0.050000 -0.010000
vertex 0.287129 -0.050000 0.010000
vertex 0.289604 -0.050000 0.010000
endloop
endfacet
facet normal 0.000000 -1.000000 0.000000
outer loop
vertex 0.356436 0.050000 -0.010000
vertex 0.358911 0.050000 -0.010000
vertex 0.358911 0.050000 0.010000
endloop
endfacet
facet normal 0.000000 -1.000000 0.000000
outer loop
vertex 0.356436 0.050000 -0.010000
vertex 0.358911 0.050000 0.010000
vertex 0.356436 0.050000 0.010000
endloop
endfacet
facet normal 0.000000 1.000000 0.000000
outer loop
vertex 0.299505 -0.050000 -0.010000
vertex 0.297030 -0.050000 -0.010000
vertex 0.297030 -0.050000 0.010000
endloop
endfacet
facet normal 0.000000 1.000000 0.000000
outer loop
vertex 0.299505 -0.050000 -0.010000
vertex 0.297030 -0.050000 0.010000
vertex 0.299505 -0.050000 0.010000
endloop
endfacet
facet normal 0.000000 -1.000000 0.000000
outer loop
vertex 0.366337 0.050000 -0.010000
vertex 0.368812 0.050000 -0.010000
vertex 0.368812 0.050000 0.010000
endloop
endfacet
facet normal 0.000000 -1.000000 0.000000
outer loop
vertex 0.366337 0.050000 -0.010000
vertex 0.368812 0.050000 0.010000
vertex 0.366337 0.050000 0.010000
endloop
endfacet
facet normal 0.000000 1.000000 0.000000
outer loop
vertex 0.309406 -0.050000 -0.010000
vertex 0.306931 -0.050000 -0.010000
vertex 0.306931 -0.050000 0.010000
endloop
endfacet
facet normal 0.000000 1.000000 0.000000
outer loop
vertex 0.309406 -0.050000 -0.010000
vertex 0.306931 -0.050000 0.010000
vertex 0.309406 -0.050000 0.010000
endloop
endfacet
facet normal 0.000000 -1.000000 0.000000
outer loop
vertex 0.376238 0.050000 -0.010000
vertex 0.378713 0.050000 -0.010000
vertex 0.378713 0.050000 0.010000
endloop
endfacet
facet normal 0.000000 -1.000000 0.000000
outer loop
vertex 0.376238 0.050000 -0.010000
vertex 0.378713 0.050000 0.010000
vertex 0.376238 0.050000 0.010000
endloop
endfacet
facet normal 0.000000 1.000000 0.000000
outer loop
vertex 0.319307 -0.050000 -0.010000
vertex 0.316832 -0.050000 -0.010000
vertex 0.316832 -0.050000 0.010000
endloop
endfacet
facet normal 0.000000 1.000000 0.000000
outer loop
vertex 0.319307 -0.050000 -0.010000
vertex 0.316832 -0.050000 0.010000
vertex 0.319307 -0.050000 0.010000
endloop
endfacet
facet normal 0.000000 -1.000000 0.000000
outer loop
vertex 0.386139 0.050000 -0.010000
vertex 0.388614 0.050000 -0.010000
vertex 0.388614 0.050000 0.010000
endloop
endfacet
facet normal 0.000000 -1.000000 0.000000
outer loop
vertex 0.386139 0.050000 -0.010000
vertex 0.388614 0.050000 0.010000
vertex 0.386139 0.050000 0.010000
endloop
endfacet
facet normal 0.000000 1.000000 0.000000
outer loop
vertex 0.329208 -0.050000 -0.010000
vertex 0.326733 -0.050000 -0.010000
vertex 0.326733 -0.050000 0.010000
endloop
endfacet
facet normal 0.000000 1.000000 0.000000
outer loop
vertex 0.329208 -0.050000 -0.010000
vertex 0.326733 -0.050000 0.010000
vertex 0.329208 -0.050000 0.010000
endloop
endfacet
facet normal 0.000000 -1.000000 0.000000
outer loop
vertex 0.490099 0.050000 -0.010000
vertex 0.492574 0.050000 -0.010000
vertex 0.492574 0.050000 0.010000
endloop
endfacet
facet normal 0.000000 -1.000000 0.000000
outer loop
vertex 0.490099 0.050000 -0.010000
vertex 0.492574 0.050000 0.010000
vertex 0.490099 0.050000 0.010000
endloop
endfacet
facet normal 0.000000 1.000000 0.000000
outer loop
vertex 0.339109 -0.050000 -0.010000
vertex 0.336634 -0.050000 -0.010000
vertex 0.336634 -0.050000 0.010000
endloop
endfacet
facet normal 0.000000 1.000000 0.000000
outer loop
vertex 0.339109 -0.050000 -0.010000
vertex 0.336634 -0.050000 0.010000
vertex 0.339109 -0.050000 0.010000
endloop
endfacet
facet normal 0.000000 -1.000000 0.000000
outer loop
vertex 0.480198 0.050000 -0.010000
vertex 0.482673 0.050000 -0.010000
vertex 0.482673 0.050000 0.010000
endloop
endfacet
facet normal 0.000000 -1.000000 0.000000
outer loop
vertex 0.480198 0.050000 -0.010000
vertex 0.482673 0.050000 0.010000
vertex 0.480198 0.050000 0.010000
endloop
endfacet
facet normal 0.000000 1.000000 0.000000
outer loop
vertex 0.349010 -0.050000 -0.010000
vertex 0.346535 -0.050000 -0.010000
vertex 0.346535 -0.050000 0.010000
endloop
endfacet
facet normal 0.000000 1.000000 0.000000
outer loop
vertex 0.349010 -0.050000 -0.010000
vertex 0.346535 -0.050000 0.010000
vertex 0.349010 -0.050000 0.010000
endloop
endfacet
facet normal 0.000000 -1.000000 0.000000
outer loop
vertex 0.470297 0.050000 -0.010000
vertex 0.472772 0.050000 -0.010000
vertex 0.472772 0.050000 0.010000
endloop
endfacet
facet normal 0.000000 -1.000000 0.000000
outer loop
vertex 0.470297 0.050000 -0.010000
vertex 0.472772 0.050000 0.010000
vertex 0.470297 0.050000 0.010000
endloop
endfacet
facet normal 0.000000 1.000000 0.000000
outer loop
vertex 0.358911 -0.050000 -0.010000
vertex 0.356436 -0.050000 -0.010000
vertex 0.356436 -0.050000 0.010000
endloop
endfacet
facet normal 0.000000 1.000000 0.000000
outer loop
vertex 0.358911 -0.050000 -0.010000
vertex 0.356436 -0.050000 0.010000
vertex 0.358911 -0.050000 0.010000
endloop
endfacet
facet normal 0.000000 -1.000000 0.000000
outer loop
vertex 0.460396 0.050000 -0.010000
vertex 0.462871 0.050000 -0.010000
vertex 0.462871 0.050000 0.010000
endloop
endfacet
facet normal 0.000000 -1.000000 0.000000
outer loop
vertex 0.460396 0.050000 -0.010000
vertex 0.462871 0.050000 0.010000
vertex 0.460396 0.050000 0.010000
endloop
endfacet
facet normal 0.000000 1.000000 0.000000
outer loop
vertex 0.368812 -0.050000 -0.010000
vertex 0.366337 -0.050000 -0.010000
vertex 0.366337 -0.050000 0.010000
endloop
endfacet
facet normal 0.000000 1.000000 0.000000
outer loop
vertex 0.368812 -0.050000 -0.010000
vertex 0.366337 -0.050000 0.010000
vertex 0.368812 -0.050000 0.010000
endloop
endfacet
facet normal 0.000000 -1.000000 0.000000
outer loop
vertex 0.450495 0.050000 -0.010000
vertex 0.452970 0.050000 -0.010000
vertex 0.452970 0.050000 0.010000
endloop
endfacet
facet normal 0.000000 -1.000000 0.000000
outer loop
vertex 0.450495 0.050000 -0.010000
vertex 0.452970 0.050000 0.010000
vertex 0.450495 0.050000 0.010000
endloop
endfacet
facet normal 0.000000 1.000000 0.000000
outer loop
vertex 0.378713 -0.050000 -0.010000
vertex 0.376238 -0.050000 -0.010000
vertex 0.376238 -0.050000 0.010000
endloop
endfacet
facet normal 0.000000 1.000000 0.000000
outer loop
vertex 0.378713 -0.050000 -0.010000
vertex 0.376238 -0.050000 0.010000
vertex 0.378713 -0.050000 0.010000
endloop
endfacet
facet normal 0.000000 -1.000000 0.000000
outer loop
vertex 0.440594 0.050000 -0.010000
vertex 0.443069 0.050000 -0.010000
vertex 0.443069 0.050000 0.010000
endloop
endfacet
facet normal 0.000000 -1.000000 0.000000
outer loop
vertex 0.440594 0.050000 -0.010000
vertex 0.443069 0.050000 0.010000
vertex 0.440594 0.050000 0.010000
endloop
endfacet
facet normal 0.000000 1.000000 0.000000
outer loop
vertex 0.388614 -0.050000 -0.010000
vertex 0.386139 -0.050000 -0.010000
vertex 0.386139 -0.050000 0.010000
endloop
endfacet
facet normal 0.000000 1.000000 0.000000
outer loop
vertex 0.388614 -0.050000 -0.010000
vertex 0.386139 -0.050000 0.010000
vertex 0.388614 -0.050000 0.010000
endloop
endfacet
facet normal 0.000000 -1.000000 0.000000
outer loop
vertex 0.430693 0.050000 -0.010000
vertex 0.433168 0.050000 -0.010000
vertex 0.433168 0.050000 0.010000
endloop
endfacet
facet normal 0.000000 -1.000000 0.000000
outer loop
vertex 0.430693 0.050000 -0.010000
vertex 0.433168 0.050000 0.010000
vertex 0.430693 0.050000 0.010000
endloop
endfacet
facet normal 0.000000 1.000000 0.000000
outer loop
vertex 0.492574 -0.050000 -0.010000
vertex 0.490099 -0.050000 -0.010000
vertex 0.490099 -0.050000 0.010000
endloop
endfacet
facet normal 0.000000 1.000000 0.000000
outer loop
vertex 0.492574 -0.050000 -0.010000
vertex 0.490099 -0.050000 0.010000
vertex 0.492574 -0.050000 0.010000
endloop
endfacet
facet normal 0.000000 -1.000000 0.000000
outer loop
vertex 0.420792 0.050000 -0.010000
vertex 0.423267 0.050000 -0.010000
vertex 0.423267 0.050000 0.010000
endloop
endfacet
facet normal 0.000000 -1.000000 0.000000
outer loop
vertex 0.420792 0.050000 -0.010000
vertex 0.423267 0.050000 0.010000
vertex 0.420792 0.050000 0.010000
endloop
endfacet
facet normal 0.000000 1.000000 0.000000
outer loop
vertex 0.482673 -0.050000 -0.010000
vertex 0.480198 -0.050000 -0.010000
vertex 0.480198 -0.050000 0.010000
endloop
endfacet
facet normal 0.000000 1.000000 0.000000
outer loop
vertex 0.482673 -0.050000 -0.010000
vertex 0.480198 -0.050000 0.010000
vertex 0.482673 -0.050000 0.010000
endloop
endfacet
facet normal 0.000000 -1.000000 0.000000
outer loop
vertex 0.410891 0.050000 -0.010000
vertex 0.413366 0.050000 -0.010000
vertex 0.413366 0.050000 0.010000
endloop
endfacet
facet normal 0.000000 -1.000000 0.000000
outer loop
vertex 0.410891 0.050000 -0.010000
vertex 0.413366 0.050000 0.010000
vertex 0.410891 0.050000 0.010000
endloop
endfacet
facet normal 0.000000 1.000000 0.000000
outer loop
vertex 0.472772 -0.050000 -0.010000
vertex 0.470297 -0.050000 -0.010000
vertex 0.470297 -0.050000 0.010000
endloop
endfacet
facet normal 0.000000 1.000000 0.000000
outer loop
vertex 0.472772 -0.050000 -0.010000
vertex 0.470297 -0.050000 0.010000
vertex 0.472772 -0.050000 0.010000
endloop
endfacet
facet normal 0.000000 -1.000000 0.000000
outer loop
vertex 0.400990 0.050000 -0.010000
vertex 0.403465 0.050000 -0.010000
vertex 0.403465 0.050000 0.010000
endloop
endfacet
facet normal 0.000000 -1.000000 0.000000
outer loop
vertex 0.400990 0.050000 -0.010000
vertex 0.403465 0.050000 0.010000
vertex 0.400990 0.050000 0.010000
endloop
endfacet
facet normal 0.000000 1.000000 0.000000
outer loop
vertex 0.462871 -0.050000 -0.010000
vertex 0.460396 -0.050000 -0.010000
vertex 0.460396 -0.050000 0.010000
endloop
endfacet
facet normal 0.000000 1.000000 0.000000
outer loop
vertex 0.462871 -0.050000 -0.010000
vertex 0.460396 -0.050000 0.010000
vertex 0.462871 -0.050000 0.010000
endloop
endfacet
facet normal 0.000000 -1.000000 0.000000
outer loop
vertex 0.391089 0.050000 -0.010000
vertex 0.393564 0.050000 -0.010000
vertex 0.393564 0.050000 0.010000
endloop
endfacet
facet normal 0.000000 -1.000000 0.000000
outer loop
vertex 0.391089 0.050000 -0.010000
vertex 0.393564 0.050000 0.010000
vertex 0.391089 0.050000 0.010000
endloop
endfacet
facet normal 0.000000 1.000000 0.000000
outer loop
vertex 0.452970 -0.050000 -0.010000
vertex 0.450495 -0.050000 -0.010000
vertex 0.450495 -0.050000 0.010000
endloop
endfacet
facet normal 0.000000 1.000000 0.000000
outer loop
vertex 0.452970 -0.050000 -0.010000
vertex 0.450495 -0.050000 0.010000
vertex 0.452970 -0.050000 0.010000
endloop
endfacet
facet normal 0.000000 -1.000000 0.000000
outer loop
vertex 0.381188 0.050000 -0.010000
vertex 0.383663 0.050000 -0.010000
vertex 0.383663 0.050000 0.010000
endloop
endfacet
facet normal 0.000000 -1.000000 0.000000
outer loop
vertex 0.381188 0.050000 -0.010000
vertex 0.383663 0.050000 0.010000
vertex 0.381188 0.050000 0.010000
endloop
endfacet
facet normal 0.000000 1.000000 0.000000
outer loop
vertex 0.443069 -0.050000 -0.010000
vertex 0.440594 -0.050000 -0.010000
vertex 0.440594 -0.050000 0.010000
endloop
endfacet
facet normal 0.000000 1.000000 0.000000
outer loop
vertex 0.443069 -0.050000 -0.010000
vertex 0.440594 -0.050000 0.010000
vertex 0.443069 -0.050000 0.010000
endloop
endfacet
facet normal 0.000000 -1.000000 0.000000
outer loop
vertex 0.371287 0.050000 -0.010000
vertex 0.373762 0.050000 -0.010000
vertex 0.373762 0.050000 0.010000
endloop
endfacet
facet normal 0.000000 -1.000000 0.000000
outer loop
vertex 0.371287 0.050000 -0.010000
vertex 0.373762 0.050000 0.010000
vertex 0.371287 0.050000 0.010000
endloop
endfacet
facet normal 0.000000 1.000000 0.000000
outer loop
vertex 0.433168 -0.050000 -0.010000
vertex 0.430693 -0.050000 -0.010000
vertex 0.430693 -0.050000 0.010000
endloop
endfacet
facet normal 0.000000 1.000000 0.000000
outer loop
vertex 0.433168 -0.050000 -0.010000
vertex 0.430693 -0.050000 0.010000
vertex 0.433168 -0.050000 0.010000
endloop
endfacet
facet normal 0.000000 -1.000000 0.000000
outer loop
vertex 0.361386 0.050000 -0.010000
vertex 0.363861 0.050000 -0.010000
vertex 0.363861 0.050000 0.010000
endloop
endfacet
facet normal 0.000000 -1.000000 0.000000
outer loop
vertex 0.361386 0.050000 -0.010000
vertex 0.363861 0.050000 0.010000
vertex 0.361386 0.050000 0.010000
endloop
endfacet
facet normal 0.000000 1.000000 0.000000
outer loop
vertex 0.423267 -0.050000 -0.010000
vertex 0.420792 -0.050000 -0.010000
vertex 0.420792 -0.050000 0.010000
endloop
endfacet
facet normal 0.000000 1.000000 0.000000
outer loop
vertex 0.423267 -0.050000 -0.010000
vertex 0.420792 -0.050000 0.010000
vertex 0.423267 -0.050000 0.010000
endloop
endfacet
facet normal 0.000000 -1.000000 0.000000
outer loop
vertex 0.351485 0.050000 -0.010000
vertex 0.353960 0.050000 -0.010000
vertex 0.353960 0.050000 0.010000
endloop
endfacet
facet normal 0.000000 -1.000000 0.000000
outer loop
vertex 0.351485 0.050000 -0.010000
vertex 0.353960 0.050000 0.010000
vertex 0.351485 0.050000 0.010000
endloop
endfacet
facet normal 0.000000 1.000000 0.000000
outer loop
vertex 0.413366 -0.050000 -0.010000
vertex 0.410891 -0.050000 -0.010000
vertex 0.410891 -0.050000 0.010000
endloop
endfacet
facet normal 0.000000 1.000000 0.000000
outer loop
vertex 0.413366 -0.050000 -0.010000
vertex 0.410891 -0.050000 0.010000
vertex 0.413366 -0.050000 0.010000
endloop
endfacet
facet normal 0.000000 -1.000000 0.000000
outer loop
vertex 0.341584 0.050000 -0.010000
vertex 0.344059 0.050000 -0.010000
vertex 0.344059 0.050000 0.010000
endloop
endfacet
facet normal 0.000000 -1.000000 0.000000
outer loop
vertex 0.341584 0.050000 -0.010000
vertex 0.344059 0.050000 0.010000
vertex 0.341584 0.050000 0.010000
endloop
endfacet
facet normal 0.000000 1.000000 0.000000
outer loop
vertex 0.403465 -0.050000 -0.010000
vertex 0.400990 -0.050000 -0.010000
vertex 0.400990 -0.050000 0.010000
endloop
endfacet
facet normal 0.000000 1.000000 0.000000
outer loop
vertex 0.403465 -0.050000 -0.010000
vertex 0.400990 -0.050000 0.010000
vertex 0.403465 -0.050000 0.010000
endloop
endfacet
facet normal 0.000000 -1.000000 0.000000
outer loop
vertex 0.331683 0.050000 -0.010000
vertex 0.334158 0.050000 -0.010000
vertex 0.334158 0.050000 0.010000
endloop
endfacet
facet normal 0.000000 -1.000000 0.000000
outer loop
vertex 0.331683 0.050000 -0.010000
vertex 0.334158 0.050000 0.010000
vertex 0.331683 0.050000 0.010000
endloop
endfacet
facet normal 0.000000 1.000000 0.000000
outer loop
vertex 0.393564 -0.050000 -0.010000
vertex 0.391089 -0.050000 -0.010000
vertex 0.391089 -0.050000 0.010000
endloop
endfacet
facet normal 0.000000 1.000000 0.000000
outer loop
vertex 0.393564 -0.050000 -0.010000
vertex 0.391089 -0.050000 0.010000
vertex 0.393564 -0.050000 0.010000
endloop
endfacet
facet normal 0.000000 -1.000000 0.000000
outer loop
vertex 0.321782 0.050000 -0.010000
vertex 0.324257 0.050000 -0.010000
vertex 0.324257 0.050000 0.010000
endloop
endfacet
facet normal 0.000000 -1.000000 0.000000
outer loop
vertex 0.321782 0.050000 -0.010000
vertex 0.324257 0.050000 0.010000
vertex 0.321782 0.050000 0.010000
endloop
endfacet
facet normal 0.000000 1.000000 0.000000
outer loop
vertex 0.383663 -0.050000 -0.010000
vertex 0.381188 -0.050000 -0.010000
vertex 0.381188 -0.050000 0.010000
endloop
endfacet
facet normal 0.000000 1.000000 0.000000
outer loop
vertex 0.383663 -0.050000 -0.010000
vertex 0.381188 -0.050000 0.010000
vertex 0.383663 -0.050000 0.010000
endloop
endfacet
facet normal 0.000000 -1.000000 0.000000
outer loop
vertex 0.311881 0.050000 -0.010000
vertex 0.314356 0.050000 -0.010000
vertex 0.314356 0.050000 0.010000
endloop
endfacet
facet normal 0.000000 -1.000000 0.000000
outer loop
vertex 0.311881 0.050000 -0.010000
vertex 0.314356 0.050000 0.010000
vertex 0.311881 0.050000 0.010000
endloop
endfacet
facet normal 0.000000 1.000000 0.000000
outer loop
vertex 0.373762 -0.050000 -0.010000
vertex 0.371287 -0.050000 -0.010000
vertex 0.371287 -0.050000 0.010000
endloop
endfacet
facet normal 0.000000 1.000000 0.000000
outer loop
vertex 0.373762 -0.050000 -0.010000
vertex 0.371287 -0.050000 0.010000
vertex 0.373762 -0.050000 0.010000
endloop
endfacet
facet normal 0.000000 -1.000000 0.000000
outer loop
vertex 0.301980 0.050000 -0.010000
vertex 0.304455 0.050000 -0.010000
vertex 0.304455 0.050000 0.010000
endloop
endfacet
facet normal 0.000000 -1.000000 0.000000
outer loop
vertex 0.301980 0.050000 -0.010000
vertex 0.304455 0.050000 0.010000
vertex 0.301980 0.050000 0.010000
endloop
endfacet
facet normal 0.000000 1.000000 0.000000
outer loop
vertex 0.363861 -0.050000 -0.010000
vertex 0.361386 -0.050000 -0.010000
vertex 0.361386 -0.050000 0.010000
endloop
endfacet
facet normal 0.000000 1.000000 0.000000
outer loop
vertex 0.363861 -0.050000 -0.010000
vertex 0.361386 -0.050000 0.010000
vertex 0.363861 -0.050000 0.010000
endloop
endfacet
facet normal 0.000000 -1.000000 0.000000
outer loop
vertex 0.292079 0.050000 -0.010000
vertex 0.294554 0.050000 -0.010000
vertex 0.294554 0.050000 0.010000
endloop
endfacet
facet normal 0.000000 -1.000000 0.000000
outer loop
vertex 0.292079 0.050000 -0.010000
vertex 0.294554 0.050000 0.010000
vertex 0.292079 0.050000 0.010000
endloop
endfacet
facet normal 0.000000 1.000000 0.000000
outer loop
vertex 0.353960 -0.050000 -0.010000
vertex 0.351485 -0.050000 -0.010000
vertex 0.351485 -0.050000 0.010000
endloop
endfacet
facet normal 0.000000 1.000000 0.000000
outer loop
vertex 0.353960 -0.050000 -0.010000
vertex 0.351485 -0.050000 0.010000
vertex 0.353960 -0.050000 0.010000
endloop
endfacet
facet normal 0.000000 -1.000000 0.000000
outer loop
vertex 0.282178 0.050000 -0.010000
vertex 0.284653 0.050000 -0.010000
vertex 0.284653 0.050000 0.010000
endloop
endfacet
facet normal 0.000000 -1.000000 0.000000
outer loop
vertex 0.282178 0.050000 -0.010000
vertex 0.284653 0.050000 0.010000
vertex 0.282178 0.050000 0.010000
endloop
endfacet
facet normal 0.000000 1.000000 0.000000
outer loop
vertex 0.344059 -0.050000 -0.010000
vertex 0.341584 -0.050000 -0.010000
vertex 0.341584 -0.050000 0.010000
endloop
endfacet
facet normal 0.000000 1.000000 0.000000
outer loop
vertex 0.344059 -0.050000 -0.010000
vertex 0.341584 -0.050000 0.010000
vertex 0.344059 -0.050000 0.010000
endloop
endfacet
facet normal 0.000000 -1.000000 0.000000
outer loop
vertex 0.272277 0.050000 -0.010000
vertex 0.274752 0.050000 -0.010000
vertex 0.274752 0.050000 0.010000
endloop
endfacet
facet normal 0.000000 -1.000000 0.000000
outer loop
vertex 0.272277 0.050000 -0.010000
vertex 0.274752 0.050000 0.010000
vertex 0.272277 0.050000 0.010000
endloop
endfacet
facet normal 0.000000 1.000000 0.000000
outer loop
vertex 0.334158 -0.050000 -0.010000
vertex 0.331683 -0.050000 -0.010000
vertex 0.331683 -0.050000 0.010000
endloop
endfacet
facet normal 0.000000 1.000000 0.000000
outer loop
vertex 0.334158 -0.050000 -0.010000
vertex 0.331683 -0.050000 0.010000
vertex 0.334158 -0.050000 0.010000
endloop
endfacet
facet normal 0.000000 -1.000000 0.000000
outer loop
vertex 0.262376 0.050000 -0.010000
vertex 0.264852 0.050000 -0.010000
vertex 0.264852 0.050000 0.010000
endloop
endfacet
facet normal 0.000000 -1.000000 0.000000
outer loop
vertex 0.262376 0.050000 -0.010000
vertex 0.264852 0.050000 0.010000
vertex 0.262376 0.050000 0.010000
endloop
endfacet
facet normal 0.000000 1.000000 0.000000
outer loop
vertex 0.324257 -0.050000 -0.010000
vertex 0.321782 -0.050000 -0.010000
vertex 0.321782 -0.050000 0.010000
endloop
endfacet
facet normal 0.000000 1.000000 0.000000
outer loop
vertex 0.324257 -0.050000 -0.010000
vertex 0.321782 -0.050000 0.010000
vertex 0.324257 -0.050000 0.010000
endloop
endfacet
facet normal 0.000000 -1.000000 0.000000
outer loop
vertex 0.252475 0.050000 -0.010000
vertex 0.254951 0.050000 -0.010000
vertex 0.254951 0.050000 0.010000
endloop
endfacet
facet normal 0.000000 -1.000000 0.000000
outer loop
vertex 0.252475 0.050000 -0.010000
vertex 0.254951 0.050000 0.010000
vertex 0.252475 0.050000 0.010000
endloop
endfacet
facet normal 0.000000 1.000000 0.000000
outer loop
vertex 0.314356 -0.050000 -0.010000
vertex 0.311881 -0.050000 -0.010000
vertex 0.311881 -0.050000 0.010000
endloop
endfacet
facet normal 0.000000 1.000000 0.000000
outer loop
vertex 0.314356 -0.050000 -0.010000
vertex 0.311881 -0.050000 0.010000
vertex 0.314356 -0.050000 0.010000
endloop
endfacet
facet normal 0.000000 -1.000000 0.000000
outer loop
vertex 0.242574 0.050000 -0.010000
vertex 0.245050 0.050000 -0.010000
vertex 0.245050 0.050000 0.010000
endloop
endfacet
facet normal 0.000000 -1.000000 0.000000
outer loop
vertex 0.242574 0.050000 -0.010000
vertex 0.245050 0.050000 0.010000
vertex 0.242574 0.050000 0.010000
endloop
endfacet
facet normal 0.000000 1.000000 0.000000
outer loop
vertex 0.304455 -0.050000 -0.010000
vertex 0.301980 -0.050000 -0.010000
vertex 0.301980 -0.050000 0.010000
endloop
endfacet
facet normal 0.000000 1.000000 0.000000
outer loop
vertex 0.304455 -0.050000 -0.010000
vertex 0.301980 -0.050000 0.010000
vertex 0.304455 -0.050000 0.010000
endloop
endfacet
facet normal 0.000000 -1.000000 0.000000
outer loop
vertex 0.232673 0.050000 -0.010000
vertex 0.235149 0.050000 -0.010000
vertex 0.235149 0.050000 0.010000
endloop
endfacet
facet normal 0.000000 -1.000000 0.000000
outer loop
vertex 0.232673 0.050000 -0.010000
vertex 0.235149 0.050000 0.010000
vertex 0.232673 0.050000 0.010000
endloop
endfacet
facet normal 0.000000 1.000000 0.000000
outer loop
vertex 0.294554 -0.050000 -0.010000
vertex 0.292079 -0.050000 -0.010000
vertex 0.292079 -0.050000 0.010000
endloop
endfacet
facet normal 0.000000 1.000000 0.000000
outer loop
vertex 0.294554 -0.050000 -0.010000
vertex 0.292079 -0.050000 0.010000
vertex 0.294554 -0.050000 0.010000
endloop
endfacet
facet normal 0.000000 -1.000000 0.000000
outer loop
vertex 0.222772 0.050000 -0.010000
vertex 0.225248 0.050000 -0.010000
vertex 0.225248 0.050000 0.010000
endloop
endfacet
facet normal 0.000000 -1.000000 0.000000
outer loop
vertex 0.222772 0.050000 -0.010000
vertex 0.225248 0.050000 0.010000
vertex 0.222772 0.050000 0.010000
endloop
endfacet
facet normal 0.000000 1.000000 0.000000
outer loop
vertex 0.284653 -0.050000 -0.010000
vertex 0.282178 -0.050000 -0.010000
vertex 0.282178 -0.050000 0.010000
endloop
endfacet
facet normal 0.000000 1.000000 0.000000
outer loop
vertex 0.284653 -0.050000 -0.010000
vertex 0.282178 -0.050000 0.010000
vertex 0.284653 -0.050000 0.010000
endloop
endfacet
facet normal 0.000000 -1.000000 0.000000
outer loop
vertex 0.212871 0.050000 -0.010000
vertex 0.215347 0.050000 -0.010000
vertex 0.215347 0.050000 0.010000
endloop
endfacet
facet normal 0.000000 -1.000000 0.000000
outer loop
vertex 0.212871 0.050000 -0.010000
vertex 0.215347 0.050000 0.010000
vertex 0.212871 0.050000 0.010000
endloop
endfacet
facet normal 0.000000 1.000000 0.000000
outer loop
vertex 0.274752 -0.050000 -0.010000
vertex 0.272277 -0.050000 -0.010000
vertex 0.272277 -0.050000 0.010000
endloop
endfacet
facet normal 0.000000 1.000000 0.000000
outer loop
vertex 0.274752 -0.050000 -0.010000
vertex 0.272277 -0.050000 0.010000
vertex 0.274752 -0.050000 0.010000
endloop
endfacet
facet normal 0.000000 -1.000000 0.000000
outer loop
vertex 0.202970 0.050000 -0.010000
vertex 0.205446 0.050000 -0.010000
vertex 0.205446 0.050000 0.010000
endloop
endfacet
facet normal 0.000000 -1.000000 0.000000
outer loop
vertex 0.202970 0.050000 -0.010000
vertex 0.205446 0.050000 0.010000
vertex 0.202970 0.050000 0.010000
endloop
endfacet
facet normal 0.000000 1.000000 0.000000
outer loop
vertex 0.264852 -0.050000 -0.010000
vertex 0.262376 -0.050000 -0.010000
vertex 0.262376 -0.050000 0.010000
endloop
endfacet
facet normal 0.000000 1.000000 0.000000
outer loop
vertex 0.264852 -0.050000 -0.010000
vertex 0.262376 -0.050000 0.010000
vertex 0.264852 -0.050000 0.010000
endloop
endfacet
facet normal 0.000000 -1.000000 0.000000
outer loop
vertex 0.193069 0.050000 -0.010000
vertex 0.195545 0.050000 -0.010000
vertex 0.195545 0.050000 0.010000
endloop
endfacet
facet normal 0.000000 -1.000000 0.000000
outer loop
vertex 0.193069 0.050000 -0.010000
vertex 0.195545 0.050000 0.010000
vertex 0.193069 0.050000 0.010000
endloop
endfacet
facet normal 0.000000 1.000000 0.000000
outer loop
vertex 0.254951 -0.050000 -0.010000
vertex 0.252475 -0.050000 -0.010000
vertex 0.252475 -0.050000 0.010000
endloop
endfacet
facet normal 0.000000 1.000000 0.000000
outer loop
vertex 0.254951 -0.050000 -0.010000
vertex 0.252475 -0.050000 0.010000
vertex 0.254951 -0.050000 0.010000
endloop
endfacet
facet normal 0.000000 -1.000000 0.000000
outer loop
vertex 0.183168 0.050000 -0.010000
vertex 0.185644 0.050000 -0.010000
vertex 0.185644 0.050000 0.010000
endloop
endfacet
facet normal 0.000000 -1.000000 0.000000
outer loop
vertex 0.183168 0.050000 -0.010000
vertex 0.185644 0.050000 0.010000
vertex 0.183168 0.050000 0.010000
endloop
endfacet
facet normal 0.000000 1.000000 0.000000
outer loop
vertex 0.245050 -0.050000 -0.010000
vertex 0.242574 -0.050000 -0.010000
vertex 0.242574 -0.050000 0.010000
endloop
endfacet
facet normal 0.000000 1.000000 0.000000
outer loop
vertex 0.245050 -0.050000 -0.010000
vertex 0.242574 -0.050000 0.010000
vertex 0.245050 -0.050000 0.010000
endloop
endfacet
facet normal 0.000000 -1.000000 0.000000
outer loop
vertex 0.173267 0.050000 -0.010000
vertex 0.175743 0.050000 -0.010000
vertex 0.175743 0.050000 0.010000
endloop
endfacet
facet normal 0.000000 -1.000000 0.000000
outer loop
vertex 0.173267 0.050000 -0.010000
vertex 0.175743 0.050000 0.010000
vertex 0.173267 0.050000 0.010000
endloop
endfacet
facet normal 0.000000 1.000000 0.000000
outer loop
vertex 0.235149 -0.050000 -0.010000
vertex 0.232673 -0.050000 -0.010000
vertex 0.232673 -0.050000 0.010000
endloop
endfacet
facet normal 0.000000 1.000000 0.000000
outer loop
vertex 0.235149 -0.050000 -0.010000
vertex 0.232673 -0.050000 0.010000
vertex 0.235149 -0.050000 0.010000
endloop
endfacet
facet normal 0.000000 -1.000000 0.000000
outer loop
vertex 0.163366 0.050000 -0.010000
vertex 0.165842 0.050000 -0.010000
vertex 0.165842 0.050000 0.010000
endloop
endfacet
facet normal 0.000000 -1.000000 0.000000
outer loop
vertex 0.163366 0.050000 -0.010000
vertex 0.165842 0.050000 0.010000
vertex 0.163366 0.050000 0.010000
endloop
endfacet
facet normal 0.000000 1.000000 0.000000
outer loop
vertex 0.225248 -0.050000 -0.010000
vertex 0.222772 -0.050000 -0.010000
vertex 0.222772 -0.050000 0.010000
endloop
endfacet
facet normal 0.000000 1.000000 0.000000
outer loop
vertex 0.225248 -0.050000 -0.010000
vertex 0.222772 -0.050000 0.010000
vertex 0.225248 -0.050000 0.010000
endloop
endfacet
facet normal 0.000000 -1.000000 0.000000
outer loop
vertex 0.153465 0.050000 -0.010000
vertex 0.155941 0.050000 -0.010000
vertex 0.155941 0.050000 0.010000
endloop
endfacet
facet normal 0.000000 -1.000000 0.000000
outer loop
vertex 0.153465 0.050000 -0.010000
vertex 0.155941 0.050000 0.010000
vertex 0.153465 0.050000 0.010000
endloop
endfacet
facet normal 0.000000 1.000000 0.000000
outer loop
vertex 0.215347 -0.050000 -0.010000
vertex 0.212871 -0.050000 -0.010000
vertex 0.212871 -0.050000 0.010000
endloop
endfacet
facet normal 0.000000 1.000000 0.000000
outer loop
vertex 0.215347 -0.050000 -0.010000
vertex 0.212871 -0.050000 0.010000
vertex 0.215347 -0.050000 0.010000
endloop
endfacet
facet normal 0.000000 -1.000000 0.000000
outer loop
vertex 0.143564 0.050000 -0.010000
vertex 0.146040 0.050000 -0.010000
vertex 0.146040 0.050000 0.010000
endloop
endfacet
facet normal 0.000000 -1.000000 0.000000
outer loop
vertex 0.143564 0.050000 -0.010000
vertex 0.146040 0.050000 0.010000
vertex 0.143564 0.050000 0.010000
endloop
endfacet
facet normal 0.000000 1.000000 0.000000
outer loop
vertex 0.205446 -0.050000 -0.010000
vertex 0.202970 -0.050000 -0.010000
vertex 0.202970 -0.050000 0.010000
endloop
endfacet
facet normal 0.000000 1.000000 0.000000
outer loop
vertex 0.205446 -0.050000 -0.010000
vertex 0.202970 -0.050000 0.010000
vertex 0.205446 -0.050000 0.010000
endloop
endfacet
facet normal 0.000000 -1.000000 0.000000
outer loop
vertex 0.133663 0.050000 -0.010000
vertex 0.136139 0.050000 -0.010000
vertex 0.136139 0.050000 0.010000
endloop
endfacet
facet normal 0.000000 -1.000000 0.000000
outer loop
vertex 0.133663 0.050000 -0.010000
vertex 0.136139 0.050000 0.010000
vertex 0.133663 0.050000 0.010000
endloop
endfacet
facet normal 0.000000 1.000000 0.000000
outer loop
vertex 0.195545 -0.050000 -0.010000
vertex 0.193069 -0.050000 -0.010000
vertex 0.193069 -0.050000 0.010000
endloop
endfacet
facet normal 0.000000 1.000000 0.000000
outer loop
vertex 0.195545 -0.050000 -0.010000
vertex 0.193069 -0.050000 0.010000
vertex 0.195545 -0.050000 0.010000
endloop
endfacet
facet normal 0.000000 -1.000000 0.000000
outer loop
vertex 0.123762 0.050000 -0.010000
vertex 0.126238 0.050000 -0.010000
vertex 0.126238 0.050000 0.010000
endloop
endfacet
facet normal 0.000000 -1.000000 0.000000
outer loop
vertex 0.123762 0.050000 -0.010000
vertex 0.126238 0.050000 0.010000
vertex 0.123762 0.050000 0.010000
endloop
endfacet
facet normal 0.000000 1.000000 0.000000
outer loop
vertex 0.185644 -0.050000 -0.010000
vertex 0.183168 -0.050000 -0.010000
vertex 0.183168 -0.050000 0.010000
endloop
endfacet
facet normal 0.000000 1.000000 0.000000
outer loop
vertex 0.185644 -0.050000 -0.010000
vertex 0.183168 -0.050000 0.010000
vertex 0.185644 -0.050000 0.010000
endloop
endfacet
facet normal 0.000000 -1.000000 0.000000
outer loop
vertex 0.113861 0.050000 -0.010000
vertex 0.116337 0.050000 -0.010000
vertex 0.116337 0.050000 0.010000
endloop
endfacet
facet normal 0.000000 -1.000000 0.000000
outer loop
vertex 0.113861 0.050000 -0.010000
vertex 0.116337 0.050000 0.010000
vertex 0.113861 0.050000 0.010000
endloop
endfacet
facet normal 0.000000 1.000000 0.000000
outer loop
vertex 0.175743 -0.050000 -0.010000
vertex 0.173267 -0.050000 -0.010000
vertex 0.173267 -0.050000 0.010000
endloop
endfacet
facet normal 0.000000 1.000000 0.000000
outer loop
vertex 0.175743 -0.050000 -0.010000
vertex 0.173267 -0.050000 0.010000
vertex 0.175743 -0.050000 0.010000
endloop
endfacet
facet normal 0.000000 -1.000000 0.000000
outer loop
vertex 0.103960 0.050000 -0.010000
vertex 0.106436 0.050000 -0.010000
vertex 0.106436 0.050000 0.010000
endloop
endfacet
facet normal 0.000000 -1.000000 0.000000
outer loop
vertex 0.103960 0.050000 -0.010000
vertex 0.106436 0.050000 0.010000
vertex 0.103960 0.050000 0.010000
endloop
endfacet
facet normal 0.000000 1.000000 0.000000
outer loop
vertex 0.165842 -0.050000 -0.010000
vertex 0.163366 -0.050000 -0.010000
vertex 0.163366 -0.050000 0.010000
endloop
endfacet
facet normal 0.000000 1.000000 0.000000
outer loop
vertex 0.165842 -0.050000 -0.010000
vertex 0.163366 -0.050000 0.010000
vertex 0.165842 -0.050000 0.010000
endloop
endfacet
facet normal 0.000000 -1.000000 0.000000
outer loop
vertex 0.094059 0.050000 -0.010000
vertex 0.096535 0.050000 -0.010000
vertex 0.096535 0.050000 0.010000
endloop
endfacet
facet normal 0.000000 -1.000000 0.000000
outer loop
vertex 0.094059 0.050000 -0.010000
vertex 0.096535 0.050000 0.010000
vertex 0.094059 0.050000 0.010000
endloop
endfacet
facet normal 0.000000 1.000000 0.000000
outer loop
vertex 0.155941 -0.050000 -0.010000
vertex 0.153465 -0.050000 -0.010000
vertex 0.153465 -0.050000 0.010000
endloop
endfacet
facet normal 0.000000 1.000000 0.000000
outer loop
vertex 0.155941 -0.050000 -0.010000
vertex 0.153465 -0.050000 0.010000
vertex 0.155941 -0.050000 0.010000
endloop
endfacet
facet normal 0.000000 -1.000000 0.000000
outer loop
vertex 0.084159 0.050000 -0.010000
vertex 0.086634 0.050000 -0.010000
vertex 0.086634 0.050000 0.010000
endloop
endfacet
facet normal 0.000000 -1.000000 0.000000
outer loop
vertex 0.084159 0.050000 -0.010000
vertex 0.086634 0.050000 0.010000
vertex 0.084159 0.050000 0.010000
endloop
endfacet
facet normal 0.000000 1.000000 0.000000
outer loop
vertex 0.146040 -0.050000 -0.010000
vertex 0.143564 -0.050000 -0.010000
vertex 0.143564 -0.050000 0.010000
endloop
endfacet
facet normal 0.000000 1.000000 0.000000
outer loop
vertex 0.146040 -0.050000 -0.010000
vertex 0.143564 -0.050000 0.010000
vertex 0.146040 -0.050000 0.010000
endloop
endfacet
facet normal 0.000000 -1.000000 0.000000
outer loop
vertex 0.074258 0.050000 -0.010000
vertex 0.076733 0.050000 -0.010000
vertex 0.076733 0.050000 0.010000
endloop
endfacet
facet normal 0.000000 -1.000000 0.000000
outer loop
vertex 0.074258 0.050000 -0.010000
vertex 0.076733 0.050000 0.010000
vertex 0.074258 0.050000 0.010000
endloop
endfacet
facet normal 0.000000 1.000000 0.000000
outer loop
vertex 0.136139 -0.050000 -0.010000
vertex 0.133663 -0.050000 -0.010000
vertex 0.133663 -0.050000 0.010000
endloop
endfacet
facet normal 0.000000 1.000000 0.000000
outer loop
vertex 0.136139 -0.050000 -0.010000
vertex 0.133663 -0.050000 0.010000
vertex 0.136139 -0.050000 0.010000
endloop
endfacet
facet normal 0.000000 -1.000000 0.000000
outer loop
vertex 0.064357 0.050000 -0.010000
vertex 0.066832 0.050000 -0.010000
vertex 0.066832 0.050000 0.010000
endloop
endfacet
facet normal 0.000000 -1.000000 0.000000
outer loop
vertex 0.064357 0.050000 -0.010000
vertex 0.066832 0.050000 0.010000
vertex 0.064357 0.050000 0.010000
endloop
endfacet
facet normal 0.000000 1.000000 0.000000
outer loop
vertex 0.126238 -0.050000 -0.010000
vertex 0.123762 -0.050000 -0.010000
vertex 0.123762 -0.050000 0.010000
endloop
endfacet
facet normal 0.000000 1.000000 0.000000
outer loop
vertex 0.126238 -0.050000 -0.010000
vertex 0.123762 -0.050000 0.010000
vertex 0.126238 -0.050000 0.010000
endloop
endfacet
facet normal 0.000000 -1.000000 0.000000
outer loop
vertex 0.054456 0.050000 -0.010000
vertex 0.056931 0.050000 -0.010000
vertex 0.056931 0.050000 0.010000
endloop
endfacet
facet normal 0.000000 -1.000000 0.000000
outer loop
vertex 0.054456 0.050000 -0.010000
vertex 0.056931 0.050000 0.010000
vertex 0.054456 0.050000 0.010000
endloop
endfacet
facet normal 0.000000 1.000000 0.000000
outer loop
vertex 0.116337 -0.050000 -0.010000
vertex 0.113861 -0.050000 -0.010000
vertex 0.113861 -0.050000 0.010000
endloop
endfacet
facet normal 0.000000 1.000000 0.000000
outer loop
vertex 0.116337 -0.050000 -0.010000
vertex 0.113861 -0.050000 0.010000
vertex 0.116337 -0.050000 0.010000
endloop
endfacet
facet normal 0.000000 -1.000000 0.000000
outer loop
vertex 0.044555 0.050000 -0.010000
vertex 0.047030 0.050000 -0.010000
vertex 0.047030 0.050000 0.010000
endloop
endfacet
facet normal 0.000000 -1.000000 0.000000
outer loop
vertex 0.044555 0.050000 -0.010000
vertex 0.047030 0.050000 0.010000
vertex 0.044555 0.050000 0.010000
endloop
endfacet
facet normal 0.000000 1.000000 0.000000
outer loop
vertex 0.106436 -0.050000 -0.010000
vertex 0.103960 -0.050000 -0.010000
vertex 0.103960 -0.050000 0.010000
endloop
endfacet
facet normal 0.000000 1.000000 0.000000
outer loop
vertex 0.106436 -0.050000 -0.010000
vertex 0.103960 -0.050000 0.010000
vertex 0.106436 -0.050000 0.010000
endloop
endfacet
facet normal 0.000000 -1.000000 0.000000
outer loop
vertex 0.034654 0.050000 -0.010000
vertex 0.037129 0.050000 -0.010000
vertex 0.037129 0.050000 0.010000
endloop
endfacet
facet normal 0.000000 -1.000000 0.000000
outer loop
vertex 0.034654 0.050000 -0.010000
vertex 0.037129 0.050000 0.010000
vertex 0.034654 0.050000 0.010000
endloop
endfacet
facet normal 0.000000 1.000000 0.000000
outer loop
vertex 0.096535 -0.050000 -0.010000
vertex 0.094059 -0.050000 -0.010000
vertex 0.094059 -0.050000 0.010000
endloop
endfacet
facet normal 0.000000 1.000000 0.000000
outer loop
vertex 0.096535 -0.050000 -0.010000
vertex 0.094059 -0.050000 0.010000
vertex 0.096535 -0.050000 0.010000
endloop
endfacet
facet normal 0.000000 -1.000000 0.000000
outer loop
vertex 0.024753 0.050000 -0.010000
vertex 0.027228 0.050000 -0.010000
vertex 0.027228 0.050000 0.010000
endloop
endfacet
facet normal 0.000000 -1.000000 0.000000
outer loop
vertex 0.024753 0.050000 -0.010000
vertex 0.027228 0.050000 0.010000
vertex 0.024753 0.050000 0.010000
endloop
endfacet
facet normal 0.000000 1.000000 0.000000
outer loop
vertex 0.086634 -0.050000 -0.010000
vertex 0.084159 -0.050000 -0.010000
vertex 0.084159 -0.050000 0.010000
endloop
endfacet
facet normal 0.000000 1.000000 0.000000
outer loop
vertex 0.086634 -0.050000 -0.010000
vertex 0.084159 -0.050000 0.010000
vertex 0.086634 -0.050000 0.010000
endloop
endfacet
facet normal 0.000000 -1.000000 0.000000
outer loop
vertex 0.014852 0.050000 -0.010000
vertex 0.017327 0.050000 -0.010000
vertex 0.017327 0.050000 0.010000
endloop
endfacet
facet normal 0.000000 -1.000000 0.000000
outer loop
vertex 0.014852 0.050000 -0.010000
vertex 0.017327 0.050000 0.010000
vertex 0.014852 0.050000 0.010000
endloop
endfacet
facet normal 0.000000 1.000000 0.000000
outer loop
vertex 0.076733 -0.050000 -0.010000
vertex 0.074258 -0.050000 -0.010000
vertex 0.074258 -0.050000 0.010000
endloop
endfacet
facet normal 0.000000 1.000000 0.000000
outer loop
vertex 0.076733 -0.050000 -0.010000
vertex 0.074258 -0.050000 0.010000
vertex 0.076733 -0.050000 0.010000
endloop
endfacet
facet normal 0.000000 -1.000000 0.000000
outer loop
vertex 0.004951 0.050000 -0.010000
vertex 0.007426 0.050000 -0.010000
vertex 0.007426 0.050000 0.010000
endloop
endfacet
facet normal 0.000000 -1.000000 0.000000
outer loop
vertex 0.004951 0.050000 -0.010000
vertex 0.007426 0.050000 0.010000
vertex 0.004951 0.050000 0.010000
endloop
endfacet
facet normal 0.000000 1.000000 0.000000
outer loop
vertex 0.066832 -0.050000 -0.010000
vertex 0.064357 -0.050000 -0.010000
vertex 0.064357 -0.050000 0.010000
endloop
endfacet
facet normal 0.000000 1.000000 0.000000
outer loop
vertex 0.066832 -0.050000 -0.010000
vertex 0.064357 -0.050000 0.010000
vertex 0.066832 -0.050000 0.010000
endloop
endfacet
facet normal 0.000000 -1.000000 0.000000
outer loop
vertex 0.396040 0.050000 -0.010000
vertex 0.398515 0.050000 -0.010000
vertex 0.398515 0.050000 0.010000
endloop
endfacet
facet normal 0.000000 -1.000000 0.000000
outer loop
vertex 0.396040 0.050000 -0.010000
vertex 0.398515 0.050000 0.010000
vertex 0.396040 0.050000 0.010000
endloop
endfacet
facet normal 0.000000 1.000000 0.000000
outer loop
vertex 0.056931 -0.050000 -0.010000
vertex 0.054456 -0.050000 -0.010000
vertex 0.054456 -0.050000 0.010000
endloop
endfacet
facet normal 0.000000 1.000000 0.000000
outer loop
vertex 0.056931 -0.050000 -0.010000
vertex 0.054456 -0.050000 0.010000
vertex 0.056931 -0.050000 0.010000
endloop
endfacet
facet normal 0.000000 -1.000000 0.000000
outer loop
vertex 0.405941 0.050000 -0.010000
vertex 0.408416 0.050000 -0.010000
vertex 0.408416 0.050000 0.010000
endloop
endfacet
facet normal 0.000000 -1.000000 0.000000
outer loop
vertex 0.405941 0.050000 -0.010000
vertex 0.408416 0.050000 0.010000
vertex 0.405941 0.050000 0.010000
endloop
endfacet
facet normal 0.000000 1.000000 0.000000
outer loop
vertex 0.047030 -0.050000 -0.010000
vertex 0.044555 -0.050000 -0.010000
vertex 0.044555 -0.050000 0.010000
endloop
endfacet
facet normal 0.000000 1.000000 0.000000
outer loop
vertex 0.047030 -0.050000 -0.010000
vertex 0.044555 -0.050000 0.010000
vertex 0.047030 -0.050000 0.010000
endloop
endfacet
facet normal 0.000000 -1.000000 0.000000
outer loop
vertex 0.415842 0.050000 -0.010000
vertex 0.418317 0.050000 -0.010000
vertex 0.418317 0.050000 0.010000
endloop
endfacet
facet normal 0.000000 -1.000000 0.000000
outer loop
vertex 0.415842 0.050000 -0.010000
vertex 0.418317 0.050000 0.010000
vertex 0.415842 0.050000 0.010000
endloop
endfacet
facet normal 0.000000 1.000000 0.000000
outer loop
vertex 0.037129 -0.050000 -0.010000
vertex 0.034654 -0.050000 -0.010000
vertex 0.034654 -0.050000 0.010000
endloop
endfacet
facet normal 0.000000 1.000000 0.000000
outer loop
vertex 0.037129 -0.050000 -0.010000
vertex 0.034654 -0.050000 0.010000
vertex 0.037129 -0.050000 0.010000
endloop
endfacet
facet normal 0.000000 -1.000000 0.000000
outer loop
vertex 0.425743 0.050000 -0.010000
vertex 0.428218 0.050000 -0.010000
vertex 0.428218 0.050000 0.010000
endloop
endfacet
facet normal 0.000000 -1.000000 0.000000
outer loop
vertex 0.425743 0.050000 -0.010000
vertex 0.428218 0.050000 0.010000
vertex 0.425743 0.050000 0.010000
endloop
endfacet
facet normal 0.000000 1.000000 0.000000
outer loop
vertex 0.027228 -0.050000 -0.010000
vertex 0.024753 -0.050000 -0.010000
vertex 0.024753 -0.050000 0.010000
endloop
endfacet
facet normal 0.000000 1.000000 0.000000
outer loop
vertex 0.027228 -0.050000 -0.010000
vertex 0.024753 -0.050000 0.010000
vertex 0.027228 -0.050000 0.010000
endloop
endfacet
facet normal 0.000000 -1.000000 0.000000
outer loop
vertex 0.435644 0.050000 -0.010000
vertex 0.438119 0.050000 -0.010000
vertex 0.438119 0.050000 0.010000
endloop
endfacet
facet normal 0.000000 -1.000000 0.000000
outer loop
vertex 0.435644 0.050000 -0.010000
vertex 0.438119 0.050000 0.010000
vertex 0.435644 0.050000 0.010000
endloop
endfacet
facet normal 0.000000 1.000000 0.000000
outer loop
vertex 0.017327 -0.050000 -0.010000
vertex 0.014852 -0.050000 -0.010000
vertex 0.014852 -0.050000 0.010000
endloop
endfacet
facet normal 0.000000 1.000000 0.000000
outer loop
vertex 0.017327 -0.050000 -0.010000
vertex 0.014852 -0.050000 0.010000
vertex 0.017327 -0.050000 0.010000
endloop
endfacet
facet normal 0.000000 -1.000000 0.000000
outer loop
vertex 0.445545 0.050000 -0.010000
vertex 0.448020 0.050000 -0.010000
vertex 0.448020 0.050000 0.010000
endloop
endfacet
facet normal 0.000000 -1.000000 0.000000
outer loop
vertex 0.445545 0.050000 -0.010000
vertex 0.448020 0.050000 0.010000
vertex 0.445545 0.050000 0.010000
endloop
endfacet
facet normal 0.000000 1.000000 0.000000
outer loop
vertex 0.007426 -0.050000 -0.010000
vertex 0.004951 -0.050000 -0.010000
vertex 0.004951 -0.050000 0.010000
endloop
endfacet
facet normal 0.000000 1.000000 0.000000
outer loop
vertex 0.007426 -0.050000 -0.010000
vertex 0.004951 -0.050000 0.010000
vertex 0.007426 -0.050000 0.010000
endloop
endfacet
facet normal 0.000000 -1.000000 0.000000
outer loop
vertex 0.455446 0.050000 -0.010000
vertex 0.457921 0.050000 -0.010000
vertex 0.457921 0.050000 0.010000
endloop
endfacet
facet normal 0.000000 -1.000000 0.000000
outer loop
vertex 0.455446 0.050000 -0.010000
vertex 0.457921 0.050000 0.010000
vertex 0.455446 0.050000 0.010000
endloop
endfacet
facet normal 0.000000 1.000000 0.000000
outer loop
vertex 0.398515 -0.050000 -0.010000
vertex 0.396040 -0.050000 -0.010000
vertex 0.396040 -0.050000 0.010000
endloop
endfacet
facet normal 0.000000 1.000000 0.000000
outer loop
vertex 0.398515 -0.050000 -0.010000
vertex 0.396040 -0.050000 0.010000
vertex 0.398515 -0.050000 0.010000
endloop
endfacet
facet normal 0.000000 -1.000000 0.000000
outer loop
vertex 0.465347 0.050000 -0.010000
vertex 0.467822 0.050000 -0.010000
vertex 0.467822 0.050000 0.010000
endloop
endfacet
facet normal 0.000000 -1.000000 0.000000
outer loop
vertex 0.465347 0.050000 -0.010000
vertex 0.467822 0.050000 0.010000
vertex 0.465347 0.050000 0.010000
endloop
endfacet
facet normal 0.000000 1.000000 0.000000
outer loop
vertex 0.408416 -0.050000 -0.010000
vertex 0.405941 -0.050000 -0.010000
vertex 0.405941 -0.050000 0.010000
endloop
endfacet
facet normal 0.000000 1.000000 0.000000
outer loop
vertex 0.408416 -0.050000 -0.010000
vertex 0.405941 -0.050000 0.010000
vertex 0.408416 -0.050000 0.010000
endloop
endfacet
facet normal 0.000000 -1.000000 0.000000
outer loop
vertex 0.475248 0.050000 -0.010000
vertex 0.477723 0.050000 -0.010000
vertex 0.477723 0.050000 0.010000
endloop
endfacet
facet normal 0.000000 -1.000000 0.000000
outer loop
vertex 0.475248 0.050000 -0.010000
vertex 0.477723 0.050000 0.010000
vertex 0.475248 0.050000 0.010000
endloop
endfacet
facet normal 0.000000 1.000000 0.000000
outer loop
vertex 0.418317 -0.050000 -0.010000
vertex 0.415842 -0.050000 -0.010000
vertex 0.415842 -0.050000 0.010000
endloop
endfacet
facet normal 0.000000 1.000000 0.000000
outer loop
vertex 0.418317 -0.050000 -0.010000
vertex 0.415842 -0.050000 0.010000
vertex 0.418317 -0.050000 0.010000
endloop
endfacet
facet normal 0.000000 -1.000000 0.000000
outer loop
vertex 0.485149 0.050000 -0.010000
vertex 0.487624 0.050000 -0.010000
vertex 0.487624 0.050000 0.010000
endloop
endfacet
facet normal 0.000000 -1.000000 0.000000
outer loop
vertex 0.485149 0.050000 -0.010000
vertex 0.487624 0.050000 0.010000
vertex 0.485149 0.050000 0.010000
endloop
endfacet
facet normal 0.000000 1.000000 0.000000
outer loop
vertex 0.428218 -0.050000 -0.010000
vertex 0.425743 -0.050000 -0.010000
vertex 0.425743 -0.050000 0.010000
endloop
endfacet
facet normal 0.000000 1.000000 0.000000
outer loop
vertex 0.428218 -0.050000 -0.010000
vertex 0.425743 -0.050000 0.010000
vertex 0.428218 -0.050000 0.010000
endloop
endfacet
facet normal 0.000000 -1.000000 0.000000
outer loop
vertex 0.495050 0.050000 -0.010000
vertex 0.497525 0.050000 -0.010000
vertex 0.497525 0.050000 0.010000
endloop
endfacet
facet normal 0.000000 -1.000000 0.000000
outer loop
vertex 0.495050 0.050000 -0.010000
vertex 0.497525 0.050000 0.010000
vertex 0.495050 0.050000 0.010000
endloop
endfacet
facet normal 0.000000 1.000000 0.000000
outer loop
vertex 0.438119 -0.050000 -0.010000
vertex 0.435644 -0.050000 -0.010000
vertex 0.435644 -0.050000 0.010000
endloop
endfacet
facet normal 0.000000 1.000000 0.000000
outer loop
vertex 0.438119 -0.050000 -0.010000
vertex 0.435644 -0.050000 0.010000
vertex 0.438119 -0.050000 0.010000
endloop
endfacet
facet normal 0.000000 -1.000000 0.000000
outer loop
vertex 0.000000 0.050000 -0.010000
vertex 0.002475 0.050000 -0.010000
vertex 0.002475 0.050000 0.010000
endloop
endfacet
facet normal 0.000000 -1.000000 0.000000
outer loop
vertex 0.000000 0.050000 -0.010000
vertex 0.002475 0.050000 0.010000
vertex 0.000000 0.050000 0.010000
endloop
endfacet
facet normal 0.000000 1.000000 0.000000
outer loop
vertex 0.448020 -0.050000 -0.010000
vertex 0.445545 -0.050000 -0.010000
vertex 0.445545 -0.050000 0.010000
endloop
endfacet
facet normal 0.000000 1.000000 0.000000
outer loop
vertex 0.448020 -0.050000 -0.010000
vertex 0.445545 -0.050000 0.010000
vertex 0.448020 -0.050000 0.010000
endloop
endfacet
facet normal 0.000000 -1.000000 0.000000
outer loop
vertex 0.022277 0.050000 -0.010000
vertex 0.024753 0.050000 -0.010000
vertex 0.024753 0.050000 0.010000
endloop
endfacet
facet normal 0.000000 -1.000000 0.000000
outer loop
vertex 0.022277 0.050000 -0.010000
vertex 0.024753 0.050000 0.010000
vertex 0.022277 0.050000 0.010000
endloop
endfacet
facet normal 0.000000 1.000000 0.000000
outer loop
vertex 0.457921 -0.050000 -0.010000
vertex 0.455446 -0.050000 -0.010000
vertex 0.455446 -0.050000 0.010000
endloop
endfacet
facet normal 0.000000 1.000000 0.000000
outer loop
vertex 0.457921 -0.050000 -0.010000
vertex 0.455446 -0.050000 0.010000
vertex 0.457921 -0.050000 0.010000
endloop
endfacet
facet normal 0.000000 -1.000000 0.000000
outer loop
vertex 0.012376 0.050000 -0.010000
vertex 0.014852 0.050000 -0.010000
vertex 0.014852 0.050000 0.010000
endloop
endfacet
facet normal 0.000000 -1.000000 0.000000
outer loop
vertex 0.012376 0.050000 -0.010000
vertex 0.014852 0.050000 0.010000
vertex 0.012376 0.050000 0.010000
endloop
endfacet
facet normal 0.000000 1.000000 0.000000
outer loop
vertex 0.467822 -0.050000 -0.010000
vertex 0.465347 -0.050000 -0.010000
vertex 0.465347 -0.050000 0.010000
endloop
endfacet
facet normal 0.000000 1.000000 0.000000
outer loop
vertex 0.467822 -0.050000 -0.010000
vertex 0.465347 -0.050000 0.010000
vertex 0.467822 -0.050000 0.010000
endloop
endfacet
facet normal 0.000000 -1.000000 0.000000
outer loop
vertex 0.042079 0.050000 -0.010000
vertex 0.044555 0.050000 -0.010000
vertex 0.044555 0.050000 0.010000
endloop
endfacet
facet normal 0.000000 -1.000000 0.000000
outer loop
vertex 0.042079 0.050000 -0.010000
vertex 0.044555 0.050000 0.010000
vertex 0.042079 0.050000 0.010000
endloop
endfacet
facet normal 0.000000 1.000000 0.000000
outer loop
vertex 0.477723 -0.050000 -0.010000
vertex 0.475248 -0.050000 -0.010000
vertex 0.475248 -0.050000 0.010000
endloop
endfacet
facet normal 0.000000 1.000000 0.000000
outer loop
vertex 0.477723 -0.050000 -0.010000
vertex 0.475248 -0.050000 0.010000
vertex 0.477723 -0.050000 0.010000
endloop
endfacet
facet normal 0.000000 -1.000000 0.000000
outer loop
vertex 0.032178 0.050000 -0.010000
vertex 0.034654 0.050000 -0.010000
vertex 0.034654 0.050000 0.010000
endloop
endfacet
facet normal 0.000000 -1.000000 0.000000
outer loop
vertex 0.032178 0.050000 -0.010000
vertex 0.034654 0.050000 0.010000
vertex 0.032178 0.050000 0.010000
endloop
endfacet
facet normal 0.000000 1.000000 0.000000
outer loop
vertex 0.487624 -0.050000 -0.010000
vertex 0.485149 -0.050000 -0.010000
vertex 0.485149 -0.050000 0.010000
endloop
endfacet
facet normal 0.000000 1.000000 0.000000
outer loop
vertex 0.487624 -0.050000 -0.010000
vertex 0.485149 -0.050000 0.010000
vertex 0.487624 -0.050000 0.010000
endloop
endfacet
facet normal 0.000000 -1.000000 0.000000
outer loop
vertex 0.061881 0.050000 -0.010000
vertex 0.064357 0.050000 -0.010000
vertex 0.064357 0.050000 0.010000
endloop
endfacet
facet normal 0.000000 -1.000000 0.000000
outer loop
vertex 0.061881 0.050000 -0.010000
vertex 0.064357 0.050000 0.010000
vertex 0.061881 0.050000 0.010000
endloop
endfacet
facet normal 0.000000 1.000000 0.000000
outer loop
vertex 0.497525 -0.050000 -0.010000
vertex 0.495050 -0.050000 -0.010000
vertex 0.495050 -0.050000 0.010000
endloop
endfacet
facet normal 0.000000 1.000000 0.000000
outer loop
vertex 0.497525 -0.050000 -0.010000
vertex 0.495050 -0.050000 0.010000
vertex 0.497525 -0.050000 0.010000
endloop
endfacet
facet normal 0.000000 -1.000000 0.000000
outer loop
vertex 0.051980 0.050000 -0.010000
vertex 0.054456 0.050000 -0.010000
vertex 0.054456 0.050000 0.010000
endloop
endfacet
facet normal 0.000000 -1.000000 0.000000
outer loop
vertex 0.051980 0.050000 -0.010000
vertex 0.054456 0.050000 0.010000
vertex 0.051980 0.050000 0.010000
endloop
endfacet
facet normal 0.000000 1.000000 0.000000
outer loop
vertex 0.002475 -0.050000 -0.010000
vertex 0.000000 -0.050000 -0.010000
vertex 0.000000 -0.050000 0.010000
endloop
endfacet
facet normal 0.000000 1.000000 0.000000
outer loop
vertex 0.002475 -0.050000 -0.010000
vertex 0.000000 -0.050000 0.010000
vertex 0.002475 -0.050000 0.010000
endloop
endfacet
facet normal 0.000000 -1.000000 0.000000
outer loop
vertex 0.081683 0.050000 -0.010000
vertex 0.084159 0.050000 -0.010000
vertex 0.084159 0.050000 0.010000
endloop
endfacet
facet normal 0.000000 -1.000000 0.000000
outer loop
vertex 0.081683 0.050000 -0.010000
vertex 0.084159 0.050000 0.010000
vertex 0.081683 0.050000 0.010000
endloop
endfacet
facet normal 0.000000 1.000000 0.000000
outer loop
vertex 0.024753 -0.050000 -0.010000
vertex 0.022277 -0.050000 -0.010000
vertex 0.022277 -0.050000 0.010000
endloop
endfacet
facet normal 0.000000 1.000000 0.000000
outer loop
vertex 0.024753 -0.050000 -0.010000
vertex 0.022277 -0.050000 0.010000
vertex 0.024753 -0.050000 0.010000
endloop
endfacet
facet normal 0.000000 -1.000000 0.000000
outer loop
vertex 0.071782 0.050000 -0.010000
vertex 0.074258 0.050000 -0.010000
vertex 0.074258 0.050000 0.010000
endloop
endfacet
facet normal 0.000000 -1.000000 0.000000
outer loop
vertex 0.071782 0.050000 -0.010000
vertex 0.074258 0.050000 0.010000
vertex 0.071782 0.050000 0.010000
endloop
endfacet
facet normal 0.000000 1.000000 0.000000
outer loop
vertex 0.014852 -0.050000 -0.010000
vertex 0.012376 -0.050000 -0.010000
vertex 0.012376 -0.050000 0.010000
endloop
endfacet
facet normal 0.000000 1.000000 0.000000
outer loop
vertex 0.014852 -0.050000 -0.010000
vertex 0.012376 -0.050000 0.010000
vertex 0.014852 -0.050000 0.010000
endloop
endfacet
facet normal 0.000000 -1.000000 0.000000
outer loop
vertex 0.101485 0.050000 -0.010000
vertex 0.103960 0.050000 -0.010000
vertex 0.103960 0.050000 0.010000
endloop
endfacet
facet normal 0.000000 -1.000000 0.000000
outer loop
vertex 0.101485 0.050000 -0.010000
vertex 0.103960 0.050000 0.010000
vertex 0.101485 0.050000 0.010000
endloop
endfacet
facet normal 0.000000 1.000000 0.000000
outer loop
vertex 0.044555 -0.050000 -0.010000
vertex 0.042079 -0.050000 -0.010000
vertex 0.042079 -0.050000 0.010000
endloop
endfacet
facet normal 0.000000 1.000000 0.000000
outer loop
vertex 0.044555 -0.050000 -0.010000
vertex 0.042079 -0.050000 0.010000
vertex 0.044555 -0.050000 0.010000
endloop
endfacet
facet normal 0.000000 -1.000000 0.000000
outer loop
vertex 0.091584 0.050000 -0.010000
vertex 0.094059 0.050000 -0.010000
vertex 0.094059 0.050000 0.010000
endloop
endfacet
facet normal 0.000000 -1.000000 0.000000
outer loop
vertex 0.091584 0.050000 -0.010000
vertex 0.094059 0.050000 0.010000
vertex 0.091584 0.050000 0.010000
endloop
endfacet
facet normal 0.000000 1.000000 0.000000
outer loop
vertex 0.034654 -0.050000 -0.010000
vertex 0.032178 -0.050000 -0.010000
vertex 0.032178 -0.050000 0.010000
endloop
endfacet
facet normal 0.000000 1.000000 0.000000
outer loop
vertex 0.034654 -0.050000 -0.010000
vertex 0.032178 -0.050000 0.010000
vertex 0.034654 -0.050000 0.010000
endloop
endfacet
facet normal 0.000000 -1.000000 0.000000
outer loop
vertex 0.121287 0.050000 -0.010000
vertex 0.123762 0.050000 -0.010000
vertex 0.123762 0.050000 0.010000
endloop
endfacet
facet normal 0.000000 -1.000000 0.000000
outer loop
vertex 0.121287 0.050000 -0.010000
vertex 0.123762 0.050000 0.010000
vertex 0.121287 0.050000 0.010000
endloop
endfacet
facet normal 0.000000 1.000000 0.000000
outer loop
vertex 0.064357 -0.050000 -0.010000
vertex 0.061881 -0.050000 -0.010000
vertex 0.061881 -0.050000 0.010000
endloop
endfacet
facet normal 0.000000 1.000000 0.000000
outer loop
vertex 0.064357 -0.050000 -0.010000
vertex 0.061881 -0.050000 0.010000
vertex 0.064357 -0.050000 0.010000
endloop
endfacet
facet normal 0.000000 -1.000000 0.000000
outer loop
vertex 0.111386 0.050000 -0.010000
vertex 0.113861 0.050000 -0.010000
vertex 0.113861 0.050000 0.010000
endloop
endfacet
facet normal 0.000000 -1.000000 0.000000
outer loop
vertex 0.111386 0.050000 -0.010000
vertex 0.113861 0.050000 0.010000
vertex 0.111386 0.050000 0.010000
endloop
endfacet
facet normal 0.000000 1.000000 0.000000
outer loop
vertex 0.054456 -0.050000 -0.010000
vertex 0.051980 -0.050000 -0.010000
vertex 0.051980 -0.050000 0.010000
endloop
endfacet
facet normal 0.000000 1.000000 0.000000
outer loop
vertex 0.054456 -0.050000 -0.010000
vertex 0.051980 -0.050000 0.010000
vertex 0.054456 -0.050000 0.010000
endloop
endfacet
facet normal 0.000000 -1.000000 0.000000
outer loop
vertex 0.141089 0.050000 -0.010000
vertex 0.143564 0.050000 -0.010000
vertex 0.143564 0.050000 0.010000
endloop
endfacet
facet normal 0.000000 -1.000000 0.000000
outer loop
vertex 0.141089 0.050000 -0.010000
vertex 0.143564 0.050000 0.010000
vertex 0.141089 0.050000 0.010000
endloop
endfacet
facet normal 0.000000 1.000000 0.000000
outer loop
vertex 0.084159 -0.050000 -0.010000
vertex 0.081683 -0.050000 -0.010000
vertex 0.081683 -0.050000 0.010000
endloop
endfacet
facet normal 0.000000 1.000000 0.000000
outer loop
vertex 0.084159 -0.050000 -0.010000
vertex 0.081683 -0.050000 0.010000
vertex 0.084159 -0.050000 0.010000
endloop
endfacet
facet normal 0.000000 -1.000000 0.000000
outer loop
vertex 0.131188 0.050000 -0.010000
vertex 0.133663 0.050000 -0.010000
vertex 0.133663 0.050000 0.010000
endloop
endfacet
facet normal 0.000000 -1.000000 0.000000
outer loop
vertex 0.131188 0.050000 -0.010000
vertex 0.133663 0.050000 0.010000
vertex 0.131188 0.050000 0.010000
endloop
endfacet
facet normal 0.000000 1.000000 0.000000
outer loop
vertex 0.074258 -0.050000 -0.010000
vertex 0.071782 -0.050000 -0.010000
vertex 0.071782 -0.050000 0.010000
endloop
endfacet
facet normal 0.000000 1.000000 0.000000
outer loop
vertex 0.074258 -0.050000 -0.010000
vertex 0.071782 -0.050000 0.010000
vertex 0.074258 -0.050000 0.010000
endloop
endfacet
facet normal 0.000000 -1.000000 0.000000
outer loop
vertex 0.160891 0.050000 -0.010000
vertex 0.163366 0.050000 -0.010000
vertex 0.163366 0.050000 0.010000
endloop
endfacet
facet normal 0.000000 -1.000000 0.000000
outer loop
vertex 0.160891 0.050000 -0.010000
vertex 0.163366 0.050000 0.010000
vertex 0.160891 0.050000 0.010000
endloop
endfacet
facet normal 0.000000 1.000000 0.000000
outer loop
vertex 0.103960 -0.050000 -0.010000
vertex 0.101485 -0.050000 -0.010000
vertex 0.101485 -0.050000 0.010000
endloop
endfacet
facet normal 0.000000 1.000000 0.000000
outer loop
vertex 0.103960 -0.050000 -0.010000
vertex 0.101485 -0.050000 0.010000
vertex 0.103960 -0.050000 0.010000
endloop
endfacet
facet normal 0.000000 -1.000000 0.000000
outer loop
vertex 0.150990 0.050000 -0.010000
vertex 0.153465 0.050000 -0.010000
vertex 0.153465 0.050000 0.010000
endloop
endfacet
facet normal 0.000000 -1.000000 0.000000
outer loop
vertex 0.150990 0.050000 -0.010000
vertex 0.153465 0.050000 0.010000
vertex 0.150990 0.050000 0.010000
endloop
endfacet
facet normal 0.000000 1.000000 0.000000
outer loop
vertex 0.094059 -0.050000 -0.010000
vertex 0.091584 -0.050000 -0.010000
vertex 0.091584 -0.050000 0.010000
endloop
endfacet
facet normal 0.000000 1.000000 0.000000
outer loop
vertex 0.094059 -0.050000 -0.010000
vertex 0.091584 -0.050000 0.010000
vertex 0.094059 -0.050000 0.010000
endloop
endfacet
facet normal 0.000000 -1.000000 0.000000
outer loop
vertex 0.180693 0.050000 -0.010000
vertex 0.183168 0.050000 -0.010000
vertex 0.183168 0.050000 0.010000
endloop
endfacet
facet normal 0.000000 -1.000000 0.000000
outer loop
vertex 0.180693 0.050000 -0.010000
vertex 0.183168 0.050000 0.010000
vertex 0.180693 0.050000 0.010000
endloop
endfacet
facet normal 0.000000 1.000000 0.000000
outer loop
vertex 0.123762 -0.050000 -0.010000
vertex 0.121287 -0.050000 -0.010000
vertex 0.121287 -0.050000 0.010000
endloop
endfacet
facet normal 0.000000 1.000000 0.000000
outer loop
vertex 0.123762 -0.050000 -0.010000
vertex 0.121287 -0.050000 0.010000
vertex 0.123762 -0.050000 0.010000
endloop
endfacet
facet normal 0.000000 -1.000000 0.000000
outer loop
vertex 0.170792 0.050000 -0.010000
vertex 0.173267 0.050000 -0.010000
vertex 0.173267 0.050000 0.010000
endloop
endfacet
facet normal 0.000000 -1.000000 0.000000
outer loop
vertex 0.170792 0.050000 -0.010000
vertex 0.173267 0.050000 0.010000
vertex 0.170792 0.050000 0.010000
endloop
endfacet
facet normal 0.000000 1.000000 0.000000
outer loop
vertex 0.113861 -0.050000 -0.010000
vertex 0.111386 -0.050000 -0.010000
vertex 0.111386 -0.050000 0.010000
endloop
endfacet
facet normal 0.000000 1.000000 0.000000
outer loop
vertex 0.113861 -0.050000 -0.010000
vertex 0.111386 -0.050000 0.010000
vertex 0.113861 -0.050000 0.010000
endloop
endfacet
facet normal 0.000000 -1.000000 0.000000
outer loop
vertex 0.200495 0.050000 -0.010000
vertex 0.202970 0.050000 -0.010000
vertex 0.202970 0.050000 0.010000
endloop
endfacet
facet normal 0.000000 -1.000000 0.000000
outer loop
vertex 0.200495 0.050000 -0.010000
vertex 0.202970 0.050000 0.010000
vertex 0.200495 0.050000 0.010000
endloop
endfacet
facet normal 0.000000 1.000000 0.000000
outer loop
vertex 0.143564 -0.050000 -0.010000
vertex 0.141089 -0.050000 -0.010000
vertex 0.141089 -0.050000 0.010000
endloop
endfacet
facet normal 0.000000 1.000000 0.000000
outer loop
vertex 0.143564 -0.050000 -0.010000
vertex 0.141089 -0.050000 0.010000
vertex 0.143564 -0.050000 0.010000
endloop
endfacet
facet normal 0.000000 -1.000000 0.000000
outer loop
vertex 0.190594 0.050000 -0.010000
vertex 0.193069 0.050000 -0.010000
vertex 0.193069 0.050000 0.010000
endloop
endfacet
facet normal 0.000000 -1.000000 0.000000
outer loop
vertex 0.190594 0.050000 -0.010000
vertex 0.193069 0.050000 0.010000
vertex 0.190594 0.050000 0.010000
endloop
endfacet
facet normal 0.000000 1.000000 0.000000
outer loop
vertex 0.133663 -0.050000 -0.010000
vertex 0.131188 -0.050000 -0.010000
vertex 0.131188 -0.050000 0.010000
endloop
endfacet
facet normal 0.000000 1.000000 0.000000
outer loop
vertex 0.133663 -0.050000 -0.010000
vertex 0.131188 -0.050000 0.010000
vertex 0.133663 -0.050000 0.010000
endloop
endfacet
facet normal 0.000000 -1.000000 0.000000
outer loop
vertex 0.220297 0.050000 -0.010000
vertex 0.222772 0.050000 -0.010000
vertex 0.222772 0.050000 0.010000
endloop
endfacet
facet normal 0.000000 -1.000000 0.000000
outer loop
vertex 0.220297 0.050000 -0.010000
vertex 0.222772 0.050000 0.010000
vertex 0.220297 0.050000 0.010000
endloop
endfacet
facet normal 0.000000 1.000000 0.000000
outer loop
vertex 0.163366 -0.050000 -0.010000
vertex 0.160891 -0.050000 -0.010000
vertex 0.160891 -0.050000 0.010000
endloop
endfacet
facet normal 0.000000 1.000000 0.000000
outer loop
vertex 0.163366 -0.050000 -0.010000
vertex 0.160891 -0.050000 0.010000
vertex 0.163366 -0.050000 0.010000
endloop
endfacet
facet normal 0.000000 -1.000000 0.000000
outer loop
vertex 0.210396 0.050000 -0.010000
vertex 0.212871 0.050000 -0.010000
vertex 0.212871 0.050000 0.010000
endloop
endfacet
facet normal 0.000000 -1.000000 0.000000
outer loop
vertex 0.210396 0.050000 -0.010000
vertex 0.212871 0.050000 0.010000
vertex 0.210396 0.050000 0.010000
endloop
endfacet
facet normal 0.000000 1.000000 0.000000
outer loop
vertex 0.153465 -0.050000 -0.010000
vertex 0.150990 -0.050000 -0.010000
vertex 0.150990 -0.050000 0.010000
endloop
endfacet
facet normal 0.000000 1.000000 0.000000
outer loop
vertex 0.153465 -0.050000 -0.010000
vertex 0.150990 -0.050000 0.010000
vertex 0.153465 -0.050000 0.010000
endloop
endfacet
facet normal 0.000000 -1.000000 0.000000
outer loop
vertex 0.240099 0.050000 -0.010000
vertex 0.242574 0.050000 -0.010000
vertex 0.242574 0.050000 0.010000
endloop
endfacet
facet normal 0.000000 -1.000000 0.000000
outer loop
vertex 0.240099 0.050000 -0.010000
vertex 0.242574 0.050000 0.010000
vertex 0.240099 0.050000 0.010000
endloop
endfacet
facet normal 0.000000 1.000000 0.000000
outer loop
vertex 0.183168 -0.050000 -0.010000
vertex 0.180693 -0.050000 -0.010000
vertex 0.180693 -0.050000 0.010000
endloop
endfacet
facet normal 0.000000 1.000000 0.000000
outer loop
vertex 0.183168 -0.050000 -0.010000
vertex 0.180693 -0.050000 0.010000
vertex 0.183168 -0.050000 0.010000
endloop
endfacet
facet normal 0.000000 -1.000000 0.000000
outer loop
vertex 0.230198 0.050000 -0.010000
vertex 0.232673 0.050000 -0.010000
vertex 0.232673 0.050000 0.010000
endloop
endfacet
facet normal 0.000000 -1.000000 0.000000
outer loop
vertex 0.230198 0.050000 -0.010000
vertex 0.232673 0.050000 0.010000
vertex 0.230198 0.050000 0.010000
endloop
endfacet
facet normal 0.000000 1.000000 0.000000
outer loop
vertex 0.173267 -0.050000 -0.010000
vertex 0.170792 -0.050000 -0.010000
vertex 0.170792 -0.050000 0.010000
endloop
endfacet
facet normal 0.000000 1.000000 0.000000
outer loop
vertex 0.173267 -0.050000 -0.010000
vertex 0.170792 -0.050000 0.010000
vertex 0.173267 -0.050000 0.010000
endloop
endfacet
facet normal 0.000000 -1.000000 0.000000
outer loop
vertex 0.259901 0.050000 -0.010000
vertex 0.262376 0.050000 -0.010000
vertex 0.262376 0.050000 0.010000
endloop
endfacet
facet normal 0.000000 -1.000000 0.000000
outer loop
vertex 0.259901 0.050000 -0.010000
vertex 0.262376 0.050000 0.010000
vertex 0.259901 0.050000 0.010000
endloop
endfacet
facet normal 0.000000 1.000000 0.000000
outer loop
vertex 0.202970 -0.050000 -0.010000
vertex 0.200495 -0.050000 -0.010000
vertex 0.200495 -0.050000 0.010000
endloop
endfacet
facet normal 0.000000 1.000000 0.000000
outer loop
vertex 0.202970 -0.050000 -0.010000
vertex 0.200495 -0.050000 0.010000
vertex 0.202970 -0.050000 0.010000
endloop
endfacet
facet normal 0.000000 -1.000000 0.000000
outer loop
vertex 0.250000 0.050000 -0.010000
vertex 0.252475 0.050000 -0.010000
vertex 0.252475 0.050000 0.010000
endloop
endfacet
facet normal 0.000000 -1.000000 0.000000
outer loop
vertex 0.250000 0.050000 -0.010000
vertex 0.252475 0.050000 0.010000
vertex 0.250000 0.050000 0.010000
endloop
endfacet
facet normal 0.000000 1.000000 0.000000
outer loop
vertex 0.193069 -0.050000 -0.010000
vertex 0.190594 -0.050000 -0.010000
vertex 0.190594 -0.050000 0.010000
endloop
endfacet
facet normal 0.000000 1.000000 0.000000
outer loop
vertex 0.193069 -0.050000 -0.010000
vertex 0.190594 -0.050000 0.010000
vertex 0.193069 -0.050000 0.010000
endloop
endfacet
facet normal 0.000000 -1.000000 0.000000
outer loop
vertex 0.279703 0.050000 -0.010000
vertex 0.282178 0.050000 -0.010000
vertex 0.282178 0.050000 0.010000
endloop
endfacet
facet normal 0.000000 -1.000000 0.000000
outer loop
vertex 0.279703 0.050000 -0.010000
vertex 0.282178 0.050000 0.010000
vertex 0.279703 0.050000 0.010000
endloop
endfacet
facet normal 0.000000 1.000000 0.000000
outer loop
vertex 0.222772 -0.050000 -0.010000
vertex 0.220297 -0.050000 -0.010000
vertex 0.220297 -0.050000 0.010000
endloop
endfacet
facet normal 0.000000 1.000000 0.000000
outer loop
vertex 0.222772 -0.050000 -0.010000
vertex 0.220297 -0.050000 0.010000
vertex 0.222772 -0.050000 0.010000
endloop
endfacet
facet normal 0.000000 -1.000000 0.000000
outer loop
vertex 0.269802 0.050000 -0.010000
vertex 0.272277 0.050000 -0.010000
vertex 0.272277 0.050000 0.010000
endloop
endfacet
facet normal 0.000000 -1.000000 0.000000
outer loop
vertex 0.269802 0.050000 -0.010000
vertex 0.272277 0.050000 0.010000
vertex 0.269802 0.050000 0.010000
endloop
endfacet
facet normal 0.000000 1.000000 0.000000
outer loop
vertex 0.212871 -0.050000 -0.010000
vertex 0.210396 -0.050000 -0.010000
vertex 0.210396 -0.050000 0.010000
endloop
endfacet
facet normal 0.000000 1.000000 0.000000
outer loop
vertex 0.212871 -0.050000 -0.010000
vertex 0.210396 -0.050000 0.010000
vertex 0.212871 -0.050000 0.010000
endloop
endfacet
facet normal 0.000000 -1.000000 0.000000
outer loop
vertex 0.299505 0.050000 -0.010000
vertex 0.301980 0.050000 -0.010000
vertex 0.301980 0.050000 0.010000
endloop
endfacet
facet normal 0.000000 -1.000000 0.000000
outer loop
vertex 0.299505 0.050000 -0.010000
vertex 0.301980 0.050000 0.010000
vertex 0.299505 0.050000 0.010000
endloop
endfacet
facet normal 0.000000 1.000000 0.000000
outer loop
vertex 0.242574 -0.050000 -0.010000
vertex 0.240099 -0.050000 -0.010000
vertex 0.240099 -0.050000 0.010000
endloop
endfacet
facet normal 0.000000 1.000000 0.000000
outer loop
vertex 0.242574 -0.050000 -0.010000
vertex 0.240099 -0.050000 0.010000
vertex 0.242574 -0.050000 0.010000
endloop
endfacet
facet normal 0.000000 -1.000000 0.000000
outer loop
vertex 0.289604 0.050000 -0.010000
vertex 0.292079 0.050000 -0.010000
vertex 0.292079 0.050000 0.010000
endloop
endfacet
facet normal 0.000000 -1.000000 0.000000
outer loop
vertex 0.289604 0.050000 -0.010000
vertex 0.292079 0.050000 0.010000
vertex 0.289604 0.050000 0.010000
endloop
endfacet
facet normal 0.000000 1.000000 0.000000
outer loop
vertex 0.232673 -0.050000 -0.010000
vertex 0.230198 -0.050000 -0.010000
vertex 0.230198 -0.050000 0.010000
endloop
endfacet
facet normal 0.000000 1.000000 0.000000
outer loop
vertex 0.232673 -0.050000 -0.010000
vertex 0.230198 -0.050000 0.010000
vertex 0.232673 -0.050000 0.010000
endloop
endfacet
facet normal 0.000000 -1.000000 0.000000
outer loop
vertex 0.319307 0.050000 -0.010000
vertex 0.321782 0.050000 -0.010000
vertex 0.321782 0.050000 0.010000
endloop
endfacet
facet normal 0.000000 -1.000000 0.000000
outer loop
vertex 0.319307 0.050000 -0.010000
vertex 0.321782 0.050000 0.010000
vertex 0.319307 0.050000 0.010000
endloop
endfacet
facet normal 0.000000 1.000000 0.000000
outer loop
vertex 0.262376 -0.050000 -0.010000
vertex 0.259901 -0.050000 -0.010000
vertex 0.259901 -0.050000 0.010000
endloop
endfacet
facet normal 0.000000 1.000000 0.000000
outer loop
vertex 0.262376 -0.050000 -0.010000
vertex 0.259901 -0.050000 0.010000
vertex 0.262376 -0.050000 0.010000
endloop
endfacet
facet normal 0.000000 -1.000000 0.000000
outer loop
vertex 0.309406 0.050000 -0.010000
vertex 0.311881 0.050000 -0.010000
vertex 0.311881 0.050000 0.010000
endloop
endfacet
facet normal 0.000000 -1.000000 0.000000
outer loop
vertex 0.309406 0.050000 -0.010000
vertex 0.311881 0.050000 0.010000
vertex 0.309406 0.050000 0.010000
endloop
endfacet
facet normal 0.000000 1.000000 0.000000
outer loop
vertex 0.252475 -0.050000 -0.010000
vertex 0.250000 -0.050000 -0.010000
vertex 0.250000 -0.050000 0.010000
endloop
endfacet
facet normal 0.000000 1.000000 0.000000
outer loop
vertex 0.252475 -0.050000 -0.010000
vertex 0.250000 -0.050000 0.010000
vertex 0.252475 -0.050000 0.010000
endloop
endfacet
facet normal 0.000000 -1.000000 0.000000
outer loop
vertex 0.339109 0.050000 -0.010000
vertex 0.341584 0.050000 -0.010000
vertex 0.341584 0.050000 0.010000
endloop
endfacet
facet normal 0.000000 -1.000000 0.000000
outer loop
vertex 0.339109 0.050000 -0.010000
vertex 0.341584 0.050000 0.010000
vertex 0.339109 0.050000 0.010000
endloop
endfacet
facet normal 0.000000 1.000000 0.000000
outer loop
vertex 0.282178 -0.050000 -0.010000
vertex 0.279703 -0.050000 -0.010000
vertex 0.279703 -0.050000 0.010000
endloop
endfacet
facet normal 0.000000 1.000000 0.000000
outer loop
vertex 0.282178 -0.050000 -0.010000
vertex 0.279703 -0.050000 0.010000
vertex 0.282178 -0.050000 0.010000
endloop
endfacet
facet normal 0.000000 -1.000000 0.000000
outer loop
vertex 0.329208 0.050000 -0.010000
vertex 0.331683 0.050000 -0.010000
vertex 0.331683 0.050000 0.010000
endloop
endfacet
facet normal 0.000000 -1.000000 0.000000
outer loop
vertex 0.329208 0.050000 -0.010000
vertex 0.331683 0.050000 0.010000
vertex 0.329208 0.050000 0.010000
endloop
endfacet
facet normal 0.000000 1.000000 0.000000
outer loop
vertex 0.272277 -0.050000 -0.010000
vertex 0.269802 -0.050000 -0.010000
vertex 0.269802 -0.050000 0.010000
endloop
endfacet
facet normal 0.000000 1.000000 0.000000
outer loop
vertex 0.272277 -0.050000 -0.010000
vertex 0.269802 -0.050000 0.010000
vertex 0.272277 -0.050000 0.010000
endloop
endfacet
facet normal 0.000000 -1.000000 0.000000
outer loop
vertex 0.358911 0.050000 -0.010000
vertex 0.361386 0.050000 -0.010000
vertex 0.361386 0.050000 0.010000
endloop
endfacet
facet normal 0.000000 -1.000000 0.000000
outer loop
vertex 0.358911 0.050000 -0.010000
vertex 0.361386 0.050000 0.010000
vertex 0.358911 0.050000 0.010000
endloop
endfacet
facet normal 0.000000 1.000000 0.000000
outer loop
vertex 0.301980 -0.050000 -0.010000
vertex 0.299505 -0.050000 -0.010000
vertex 0.299505 -0.050000 0.010000
endloop
endfacet
facet normal 0.000000 1.000000 0.000000
outer loop
vertex 0.301980 -0.050000 -0.010000
vertex 0.299505 -0.050000 0.010000
vertex 0.301980 -0.050000 0.010000
endloop
endfacet
facet normal 0.000000 -1.000000 0.000000
outer loop
vertex 0.349010 0.050000 -0.010000
vertex 0.351485 0.050000 -0.010000
vertex 0.351485 0.050000 0.010000
endloop
endfacet
facet normal 0.000000 -1.000000 0.000000
outer loop
vertex 0.349010 0.050000 -0.010000
vertex 0.351485 0.050000 0.010000
vertex 0.349010 0.050000 0.010000
endloop
endfacet
facet normal 0.000000 1.000000 0.000000
outer loop
vertex 0.292079 -0.050000 -0.010000
vertex 0.289604 -0.050000 -0.010000
vertex 0.289604 -0.050000 0.010000
endloop
endfacet
facet normal 0.000000 1.000000 0.000000
outer loop
vertex 0.292079 -0.050000 -0.010000
vertex 0.289604 -0.050000 0.010000
vertex 0.292079 -0.050000 0.010000
endloop
endfacet
facet normal 0.000000 -1.000000 0.000000
outer loop
vertex 0.378713 0.050000 -0.010000
vertex 0.381188 0.050000 -0.010000
vertex 0.381188 0.050000 0.010000
endloop
endfacet
facet normal 0.000000 -1.000000 0.000000
outer loop
vertex 0.378713 0.050000 -0.010000
vertex 0.381188 0.050000 0.010000
vertex 0.378713 0.050000 0.010000
endloop
endfacet
facet normal 0.000000 1.000000 0.000000
outer loop
vertex 0.321782 -0.050000 -0.010000
vertex 0.319307 -0.050000 -0.010000
vertex 0.319307 -0.050000 0.010000
endloop
endfacet
facet normal 0.000000 1.000000 0.000000
outer loop
vertex 0.321782 -0.050000 -0.010000
vertex 0.319307 -0.050000 0.010000
vertex 0.321782 -0.050000 0.010000
endloop
endfacet
facet normal 0.000000 -1.000000 0.000000
outer loop
vertex 0.368812 0.050000 -0.010000
vertex 0.371287 0.050000 -0.010000
vertex 0.371287 0.050000 0.010000
endloop
endfacet
facet normal 0.000000 -1.000000 0.000000
outer loop
vertex 0.368812 0.050000 -0.010000
vertex 0.371287 0.050000 0.010000
vertex 0.368812 0.050000 0.010000
endloop
endfacet
facet normal 0.000000 1.000000 0.000000
outer loop
vertex 0.311881 -0.050000 -0.010000
vertex 0.309406 -0.050000 -0.010000
vertex 0.309406 -0.050000 0.010000
endloop
endfacet
facet normal 0.000000 1.000000 0.000000
outer loop
vertex 0.311881 -0.050000 -0.010000
vertex 0.309406 -0.050000 0.010000
vertex 0.311881 -0.050000 0.010000
endloop
endfacet
facet normal 0.000000 -1.000000 0.000000
outer loop
vertex 0.492574 0.050000 -0.010000
vertex 0.495050 0.050000 -0.010000
vertex 0.495050 0.050000 0.010000
endloop
endfacet
facet normal 0.000000 -1.000000 0.000000
outer loop
vertex 0.492574 0.050000 -0.010000
vertex 0.495050 0.050000 0.010000
vertex 0.492574 0.050000 0.010000
endloop
endfacet
facet normal 0.000000 1.000000 0.000000
outer loop
vertex 0.341584 -0.050000 -0.010000
vertex 0.339109 -0.050000 -0.010000
vertex 0.339109 -0.050000 0.010000
endloop
endfacet
facet normal 0.000000 1.000000 0.000000
outer loop
vertex 0.341584 -0.050000 -0.010000
vertex 0.339109 -0.050000 0.010000
vertex 0.341584 -0.050000 0.010000
endloop
endfacet
facet normal 0.000000 -1.000000 0.000000
outer loop
vertex 0.388614 0.050000 -0.010000
vertex 0.391089 0.050000 -0.010000
vertex 0.391089 0.050000 0.010000
endloop
endfacet
facet normal 0.000000 -1.000000 0.000000
outer loop
vertex 0.388614 0.050000 -0.010000
vertex 0.391089 0.050000 0.010000
vertex 0.388614 0.050000 0.010000
endloop
endfacet
facet normal 0.000000 1.000000 0.000000
outer loop
vertex 0.331683 -0.050000 -0.010000
vertex 0.329208 -0.050000 -0.010000
vertex 0.329208 -0.050000 0.010000
endloop
endfacet
facet normal 0.000000 1.000000 0.000000
outer loop
vertex 0.331683 -0.050000 -0.010000
vertex 0.329208 -0.050000 0.010000
vertex 0.331683 -0.050000 0.010000
endloop
endfacet
facet normal 0.000000 -1.000000 0.000000
outer loop
vertex 0.472772 0.050000 -0.010000
vertex 0.475248 0.050000 -0.010000
vertex 0.475248 0.050000 0.010000
endloop
endfacet
facet normal 0.000000 -1.000000 0.000000
outer loop
vertex 0.472772 0.050000 -0.010000
vertex 0.475248 0.050000 0.010000
vertex 0.472772 0.050000 0.010000
endloop
endfacet
facet normal 0.000000 1.000000 0.000000
outer loop
vertex 0.361386 -0.050000 -0.010000
vertex 0.358911 -0.050000 -0.010000
vertex 0.358911 -0.050000 0.010000
endloop
endfacet
facet normal 0.000000 1.000000 0.000000
outer loop
vertex 0.361386 -0.050000 -0.010000
vertex 0.358911 -0.050000 0.010000
vertex 0.361386 -0.050000 0.010000
endloop
endfacet
facet normal 0.000000 -1.000000 0.000000
outer loop
vertex 0.482673 0.050000 -0.010000
vertex 0.485149 0.050000 -0.010000
vertex 0.485149 0.050000 0.010000
endloop
endfacet
facet normal 0.000000 -1.000000 0.000000
outer loop
vertex 0.482673 0.050000 -0.010000
vertex 0.485149 0.050000 0.010000
vertex 0.482673 0.050000 0.010000
endloop
endfacet
facet normal 0.000000 1.000000 0.000000
outer loop
vertex 0.351485 -0.050000 -0.010000
vertex 0.349010 -0.050000 -0.010000
vertex 0.349010 -0.050000 0.010000
endloop
endfacet
facet normal 0.000000 1.000000 0.000000
outer loop
vertex 0.351485 -0.050000 -0.010000
vertex 0.349010 -0.050000 0.010000
vertex 0.351485 -0.050000 0.010000
endloop
endfacet
facet normal 0.000000 -1.000000 0.000000
outer loop
vertex 0.452970 0.050000 -0.010000
vertex 0.455446 0.050000 -0.010000
vertex 0.455446 0.050000 0.010000
endloop
endfacet
facet normal 0.000000 -1.000000 0.000000
outer loop
vertex 0.452970 0.050000 -0.010000
vertex 0.455446 0.050000 0.010000
vertex 0.452970 0.050000 0.010000
endloop
endfacet
facet normal 0.000000 1.000000 0.000000
outer loop
vertex 0.381188 -0.050000 -0.010000
vertex 0.378713 -0.050000 -0.010000
vertex 0.378713 -0.050000 0.010000
endloop
endfacet
facet normal 0.000000 1.000000 0.000000
outer loop
vertex 0.381188 -0.050000 -0.010000
vertex 0.378713 -0.050000 0.010000
vertex 0.381188 -0.050000 0.010000
endloop
endfacet
facet normal 0.000000 -1.000000 0.000000
outer loop
vertex 0.462871 0.050000 -0.010000
vertex 0.465347 0.050000 -0.010000
vertex 0.465347 0.050000 0.010000
endloop
endfacet
facet normal 0.000000 -1.000000 0.000000
outer loop
vertex 0.462871 0.050000 -0.010000
vertex 0.465347 0.050000 0.010000
vertex 0.462871 0.050000 0.010000
endloop
endfacet
facet normal 0.000000 1.000000 0.000000
outer loop
vertex 0.371287 -0.050000 -0.010000
vertex 0.368812 -0.050000 -0.010000
vertex 0.368812 -0.050000 0.010000
endloop
endfacet
facet normal 0.000000 1.000000 0.000000
outer loop
vertex 0.371287 -0.050000 -0.010000
vertex 0.368812 -0.050000 0.010000
vertex 0.371287 -0.050000 0.010000
endloop
endfacet
facet normal 0.000000 -1.000000 0.000000
outer loop
vertex 0.433168 0.050000 -0.010000
vertex 0.435644 0.050000 -0.010000
vertex 0.435644 0.050000 0.010000
endloop
endfacet
facet normal 0.000000 -1.000000 0.000000
outer loop
vertex 0.433168 0.050000 -0.010000
vertex 0.435644 0.050000 0.010000
vertex 0.433168 0.050000 0.010000
endloop
endfacet
facet normal 0.000000 1.000000 0.000000
outer loop
vertex 0.495050 -0.050000 -0.010000
vertex 0.492574 -0.050000 -0.010000
vertex 0.492574 -0.050000 0.010000
endloop
endfacet
facet normal 0.000000 1.000000 0.000000
outer loop
vertex 0.495050 -0.050000 -0.010000
vertex 0.492574 -0.050000 0.010000
vertex 0.495050 -0.050000 0.010000
endloop
endfacet
facet normal 0.000000 -1.000000 0.000000
outer loop
vertex 0.443069 0.050000 -0.010000
vertex 0.445545 0.050000 -0.010000
vertex 0.445545 0.050000 0.010000
endloop
endfacet
facet normal 0.000000 -1.000000 0.000000
outer loop
vertex 0.443069 0.050000 -0.010000
vertex 0.445545 0.050000 0.010000
vertex 0.443069 0.050000 0.010000
endloop
endfacet
facet normal 0.000000 1.000000 0.000000
outer loop
vertex 0.391089 -0.050000 -0.010000
vertex 0.388614 -0.050000 -0.010000
vertex 0.388614 -0.050000 0.010000
endloop
endfacet
facet normal 0.000000 1.000000 0.000000
outer loop
vertex 0.391089 -0.050000 -0.010000
vertex 0.388614 -0.050000 0.010000
vertex 0.391089 -0.050000 0.010000
endloop
endfacet
facet normal 0.000000 -1.000000 0.000000
outer loop
vertex 0.413366 0.050000 -0.010000
vertex 0.415842 0.050000 -0.010000
vertex 0.415842 0.050000 0.010000
endloop
endfacet
facet normal 0.000000 -1.000000 0.000000
outer loop
vertex 0.413366 0.050000 -0.010000
vertex 0.415842 0.050000 0.010000
vertex 0.413366 0.050000 0.010000
endloop
endfacet
facet normal 0.000000 1.000000 0.000000
outer loop
vertex 0.475248 -0.050000 -0.010000
vertex 0.472772 -0.050000 -0.010000
vertex 0.472772 -0.050000 0.010000
endloop
endfacet
facet normal 0.000000 1.000000 0.000000
outer loop
vertex 0.475248 -0.050000 -0.010000
vertex 0.472772 -0.050000 0.010000
vertex 0.475248 -0.050000 0.010000
endloop
endfacet
facet normal 0.000000 -1.000000 0.000000
outer loop
vertex 0.423267 0.050000 -0.010000
vertex 0.425743 0.050000 -0.010000
vertex 0.425743 0.050000 0.010000
endloop
endfacet
facet normal 0.000000 -1.000000 0.000000
outer loop
vertex 0.423267 0.050000 -0.010000
vertex 0.425743 0.050000 0.010000
vertex 0.423267 0.050000 0.010000
endloop
endfacet
facet normal 0.000000 1.000000 0.000000
outer loop
vertex 0.485149 -0.050000 -0.010000
vertex 0.482673 -0.050000 -0.010000
vertex 0.482673 -0.050000 0.010000
endloop
endfacet
facet normal 0.000000 1.000000 0.000000
outer loop
vertex 0.485149 -0.050000 -0.010000
vertex 0.482673 -0.050000 0.010000
vertex 0.485149 -0.050000 0.010000
endloop
endfacet
facet normal 0.000000 -1.000000 0.000000
outer loop
vertex 0.393564 0.050000 -0.010000
vertex 0.396040 0.050000 -0.010000
vertex 0.396040 0.050000 0.010000
endloop
endfacet
facet normal 0.000000 -1.000000 0.000000
outer loop
vertex 0.393564 0.050000 -0.010000
vertex 0.396040 0.050000 0.010000
vertex 0.393564 0.050000 0.010000
endloop
endfacet
facet normal 0.000000 1.000000 0.000000
outer loop
vertex 0.455446 -0.050000 -0.010000
vertex 0.452970 -0.050000 -0.010000
vertex 0.452970 -0.050000 0.010000
endloop
endfacet
facet normal 0.000000 1.000000 0.000000
outer loop
vertex 0.455446 -0.050000 -0.010000
vertex 0.452970 -0.050000 0.010000
vertex 0.455446 -0.050000 0.010000
endloop
endfacet
facet normal 0.000000 -1.000000 0.000000
outer loop
vertex 0.403465 0.050000 -0.010000
vertex 0.405941 0.050000 -0.010000
vertex 0.405941 0.050000 0.010000
endloop
endfacet
facet normal 0.000000 -1.000000 0.000000
outer loop
vertex 0.403465 0.050000 -0.010000
vertex 0.405941 0.050000 0.010000
vertex 0.403465 0.050000 0.010000
endloop
endfacet
facet normal 0.000000 1.000000 0.000000
outer loop
vertex 0.465347 -0.050000 -0.010000
vertex 0.462871 -0.050000 -0.010000
vertex 0.462871 -0.050000 0.010000
endloop
endfacet
facet normal 0.000000 1.000000 0.000000
outer loop
vertex 0.465347 -0.050000 -0.010000
vertex 0.462871 -0.050000 0.010000
vertex 0.465347 -0.050000 0.010000
endloop
endfacet
facet normal 0.000000 -1.000000 0.000000
outer loop
vertex 0.373762 0.050000 -0.010000
vertex 0.376238 0.050000 -0.010000
vertex 0.376238 0.050000 0.010000
endloop
endfacet
facet normal 0.000000 -1.000000 0.000000
outer loop
vertex 0.373762 0.050000 -0.010000
vertex 0.376238 0.050000 0.010000
vertex 0.373762 0.050000 0.010000
endloop
endfacet
facet normal 0.000000 1.000000 0.000000
outer loop
vertex 0.435644 -0.050000 -0.010000
vertex 0.433168 -0.050000 -0.010000
vertex 0.433168 -0.050000 0.010000
endloop
endfacet
facet normal 0.000000 1.000000 0.000000
outer loop
vertex 0.435644 -0.050000 -0.010000
vertex 0.433168 -0.050000 0.010000
vertex 0.435644 -0.050000 0.010000
endloop
endfacet
facet normal 0.000000 -1.000000 0.000000
outer loop
vertex 0.383663 0.050000 -0.010000
vertex 0.386139 0.050000 -0.010000
vertex 0.386139 0.050000 0.010000
endloop
endfacet
facet normal 0.000000 -1.000000 0.000000
outer loop
vertex 0.383663 0.050000 -0.010000
vertex 0.386139 0.050000 0.010000
vertex 0.383663 0.050000 0.010000
endloop
endfacet
facet normal 0.000000 1.000000 0.000000
outer loop
vertex 0.445545 -0.050000 -0.010000
vertex 0.443069 -0.050000 -0.010000
vertex 0.443069 -0.050000 0.010000
endloop
endfacet
facet normal 0.000000 1.000000 0.000000
outer loop
vertex 0.445545 -0.050000 -0.010000
vertex 0.443069 -0.050000 0.010000
vertex 0.445545 -0.050000 0.010000
endloop
endfacet
facet normal 0.000000 -1.000000 0.000000
outer loop
vertex 0.353960 0.050000 -0.010000
vertex 0.356436 0.050000 -0.010000
vertex 0.356436 0.050000 0.010000
endloop
endfacet
facet normal 0.000000 -1.000000 0.000000
outer loop
vertex 0.353960 0.050000 -0.010000
vertex 0.356436 0.050000 0.010000
vertex 0.353960 0.050000 0.010000
endloop
endfacet
facet normal 0.000000 1.000000 0.000000
outer loop
vertex 0.415842 -0.050000 -0.010000
vertex 0.413366 -0.050000 -0.010000
vertex 0.413366 -0.050000 0.010000
endloop
endfacet
facet normal 0.000000 1.000000 0.000000
outer loop
vertex 0.415842 -0.050000 -0.010000
vertex 0.413366 -0.050000 0.010000
vertex 0.415842 -0.050000 0.010000
endloop
endfacet
facet normal 0.000000 -1.000000 0.000000
outer loop
vertex 0.363861 0.050000 -0.010000
vertex 0.366337 0.050000 -0.010000
vertex 0.366337 0.050000 0.010000
endloop
endfacet
facet normal 0.000000 -1.000000 0.000000
outer loop
vertex 0.363861 0.050000 -0.010000
vertex 0.366337 0.050000 0.010000
vertex 0.363861 0.050000 0.010000
endloop
endfacet
facet normal 0.000000 1.000000 0.000000
outer loop
vertex 0.425743 -0.050000 -0.010000
vertex 0.423267 -0.050000 -0.010000
vertex 0.423267 -0.050000 0.010000
endloop
endfacet
facet normal 0.000000 1.000000 0.000000
outer loop
vertex 0.425743 -0.050000 -0.010000
vertex 0.423267 -0.050000 0.010000
vertex 0.425743 -0.050000 0.010000
endloop
endfacet
facet normal 0.000000 -1.000000 0.000000
outer loop
vertex 0.334158 0.050000 -0.010000
vertex 0.336634 0.050000 -0.010000
vertex 0.336634 0.050000 0.010000
endloop
endfacet
facet normal 0.000000 -1.000000 0.000000
outer loop
vertex 0.334158 0.050000 -0.010000
vertex 0.336634 0.050000 0.010000
vertex 0.334158 0.050000 0.010000
endloop
endfacet
facet normal 0.000000 1.000000 0.000000
outer loop
vertex 0.396040 -0.050000 -0.010000
vertex 0.393564 -0.050000 -0.010000
vertex 0.393564 -0.050000 0.010000
endloop
endfacet
facet normal 0.000000 1.000000 0.000000
outer loop
vertex 0.396040 -0.050000 -0.010000
vertex 0.393564 -0.050000 0.010000
vertex 0.396040 -0.050000 0.010000
endloop
endfacet
facet normal 0.000000 -1.000000 0.000000
outer loop
vertex 0.344059 0.050000 -0.010000
vertex 0.346535 0.050000 -0.010000
vertex 0.346535 0.050000 0.010000
endloop
endfacet
facet normal 0.000000 -1.000000 0.000000
outer loop
vertex 0.344059 0.050000 -0.010000
vertex 0.346535 0.050000 0.010000
vertex 0.344059 0.050000 0.010000
endloop
endfacet
facet normal 0.000000 1.000000 0.000000
outer loop
vertex 0.405941 -0.050000 -0.010000
vertex 0.403465 -0.050000 -0.010000
vertex 0.403465 -0.050000 0.010000
endloop
endfacet
facet normal 0.000000 1.000000 0.000000
outer loop
vertex 0.405941 -0.050000 -0.010000
vertex 0.403465 -0.050000 0.010000
vertex 0.405941 -0.050000 0.010000
endloop
endfacet
facet normal 0.000000 -1.000000 0.000000
outer loop
vertex 0.314356 0.050000 -0.010000
vertex 0.316832 0.050000 -0.010000
vertex 0.316832 0.050000 0.010000
endloop
endfacet
facet normal 0.000000 -1.000000 0.000000
outer loop
vertex 0.314356 0.050000 -0.010000
vertex 0.316832 0.050000 0.010000
vertex 0.314356 0.050000 0.010000
endloop
endfacet
facet normal 0.000000 1.000000 0.000000
outer loop
vertex 0.376238 -0.050000 -0.010000
vertex 0.373762 -0.050000 -0.010000
vertex 0.373762 -0.050000 0.010000
endloop
endfacet
facet normal 0.000000 1.000000 0.000000
outer loop
vertex 0.376238 -0.050000 -0.010000
vertex 0.373762 -0.050000 0.010000
vertex 0.376238 -0.050000 0.010000
endloop
endfacet
facet normal 0.000000 -1.000000 0.000000
outer loop
vertex 0.324257 0.050000 -0.010000
vertex 0.326733 0.050000 -0.010000
vertex 0.326733 0.050000 0.010000
endloop
endfacet
facet normal 0.000000 -1.000000 0.000000
outer loop
vertex 0.324257 0.050000 -0.010000
vertex 0.326733 0.050000 0.010000
vertex 0.324257 0.050000 0.010000
endloop
endfacet
facet normal 0.000000 1.000000 0.000000
outer loop
vertex 0.386139 -0.050000 -0.010000
vertex 0.383663 -0.050000 -0.010000
vertex 0.383663 -0.050000 0.010000
endloop
endfacet
facet normal 0.000000 1.000000 0.000000
outer loop
vertex 0.386139 -0.050000 -0.010000
vertex 0.383663 -0.050000 0.010000
vertex 0.386139 -0.050000 0.010000
endloop
endfacet
facet normal 0.000000 -1.000000 0.000000
outer loop
vertex 0.294554 0.050000 -0.010000
vertex 0.297030 0.050000 -0.010000
vertex 0.297030 0.050000 0.010000
endloop
endfacet
facet normal 0.000000 -1.000000 0.000000
outer loop
vertex 0.294554 0.050000 -0.010000
vertex 0.297030 0.050000 0.010000
vertex 0.294554 0.050000 0.010000
endloop
endfacet
facet normal 0.000000 1.000000 0.000000
outer loop
vertex 0.356436 -0.050000 -0.010000
vertex 0.353960 -0.050000 -0.010000
vertex 0.353960 -0.050000 0.010000
endloop
endfacet
facet normal 0.000000 1.000000 0.000000
outer loop
vertex 0.356436 -0.050000 -0.010000
vertex 0.353960 -0.050000 0.010000
vertex 0.356436 -0.050000 0.010000
endloop
endfacet
facet normal 0.000000 -1.000000 0.000000
outer loop
vertex 0.304455 0.050000 -0.010000
vertex 0.306931 0.050000 -0.010000
vertex 0.306931 0.050000 0.010000
endloop
endfacet
facet normal 0.000000 -1.000000 0.000000
outer loop
vertex 0.304455 0.050000 -0.010000
vertex 0.306931 0.050000 0.010000
vertex 0.304455 0.050000 0.010000
endloop
endfacet
facet normal 0.000000 1.000000 0.000000
outer loop
vertex 0.366337 -0.050000 -0.010000
vertex 0.363861 -0.050000 -0.010000
vertex 0.363861 -0.050000 0.010000
endloop
endfacet
facet normal 0.000000 1.000000 0.000000
outer loop
vertex 0.366337 -0.050000 -0.010000
vertex 0.363861 -0.050000 0.010000
vertex 0.366337 -0.050000 0.010000
endloop
endfacet
facet normal 0.000000 -1.000000 0.000000
outer loop
vertex 0.274752 0.050000 -0.010000
vertex 0.277228 0.050000 -0.010000
vertex 0.277228 0.050000 0.010000
endloop
endfacet
facet normal 0.000000 -1.000000 0.000000
outer loop
vertex 0.274752 0.050000 -0.010000
vertex 0.277228 0.050000 0.010000
vertex 0.274752 0.050000 0.010000
endloop
endfacet
facet normal 0.000000 1.000000 0.000000
outer loop
vertex 0.336634 -0.050000 -0.010000
vertex 0.334158 -0.050000 -0.010000
vertex 0.334158 -0.050000 0.010000
endloop
endfacet
facet normal 0.000000 1.000000 0.000000
outer loop
vertex 0.336634 -0.050000 -0.010000
vertex 0.334158 -0.050000 0.010000
vertex 0.336634 -0.050000 0.010000
endloop
endfacet
facet normal 0.000000 -1.000000 0.000000
outer loop
vertex 0.284653 0.050000 -0.010000
vertex 0.287129 0.050000 -0.010000
vertex 0.287129 0.050000 0.010000
endloop
endfacet
facet normal 0.000000 -1.000000 0.000000
outer loop
vertex 0.284653 0.050000 -0.010000
vertex 0.287129 0.050000 0.010000
vertex 0.284653 0.050000 0.010000
endloop
endfacet
facet normal 0.000000 1.000000 0.000000
outer loop
vertex 0.346535 -0.050000 -0.010000
vertex 0.344059 -0.050000 -0.010000
vertex 0.344059 -0.050000 0.010000
endloop
endfacet
facet normal 0.000000 1.000000 0.000000
outer loop
vertex 0.346535 -0.050000 -0.010000
vertex 0.344059 -0.050000 0.010000
vertex 0.346535 -0.050000 0.010000
endloop
endfacet
facet normal 0.000000 -1.000000 0.000000
outer loop
vertex 0.254951 0.050000 -0.010000
vertex 0.257426 0.050000 -0.010000
vertex 0.257426 0.050000 0.010000
endloop
endfacet
facet normal 0.000000 -1.000000 0.000000
outer loop
vertex 0.254951 0.050000 -0.010000
vertex 0.257426 0.050000 0.010000
vertex 0.254951 0.050000 0.010000
endloop
endfacet
facet normal 0.000000 1.000000 0.000000
outer loop
vertex 0.316832 -0.050000 -0.010000
vertex 0.314356 -0.050000 -0.010000
vertex 0.314356 -0.050000 0.010000
endloop
endfacet
facet normal 0.000000 1.000000 0.000000
outer loop
vertex 0.316832 -0.050000 -0.010000
vertex 0.314356 -0.050000 0.010000
vertex 0.316832 -0.050000 0.010000
endloop
endfacet
facet normal 0.000000 -1.000000 0.000000
outer loop
vertex 0.264852 0.050000 -0.010000
vertex 0.267327 0.050000 -0.010000
vertex 0.267327 0.050000 0.010000
endloop
endfacet
facet normal 0.000000 -1.000000 0.000000
outer loop
vertex 0.264852 0.050000 -0.010000
vertex 0.267327 0.050000 0.010000
vertex 0.264852 0.050000 0.010000
endloop
endfacet
facet normal 0.000000 1.000000 0.000000
outer loop
vertex 0.326733 -0.050000 -0.010000
vertex 0.324257 -0.050000 -0.010000
vertex 0.324257 -0.050000 0.010000
endloop
endfacet
facet normal 0.000000 1.000000 0.000000
outer loop
vertex 0.326733 -0.050000 -0.010000
vertex 0.324257 -0.050000 0.010000
vertex 0.326733 -0.050000 0.010000
endloop
endfacet
facet normal 0.000000 -1.000000 0.000000
outer loop
vertex 0.235149 0.050000 -0.010000
vertex 0.237624 0.050000 -0.010000
vertex 0.237624 0.050000 0.010000
endloop
endfacet
facet normal 0.000000 -1.000000 0.000000
outer loop
vertex 0.235149 0.050000 -0.010000
vertex 0.237624 0.050000 0.010000
vertex 0.235149 0.050000 0.010000
endloop
endfacet
facet normal 0.000000 1.000000 0.000000
outer loop
vertex 0.297030 -0.050000 -0.010000
vertex 0.294554 -0.050000 -0.010000
vertex 0.294554 -0.050000 0.010000
endloop
endfacet
facet normal 0.000000 1.000000 0.000000
outer loop
vertex 0.297030 -0.050000 -0.010000
vertex 0.294554 -0.050000 0.010000
vertex 0.297030 -0.050000 0.010000
endloop
endfacet
facet normal 0.000000 -1.000000 0.000000
outer loop
vertex 0.245050 0.050000 -0.010000
vertex 0.247525 0.050000 -0.010000
vertex 0.247525 0.050000 0.010000
endloop
endfacet
facet normal 0.000000 -1.000000 0.000000
outer loop
vertex 0.245050 0.050000 -0.010000
vertex 0.247525 0.050000 0.010000
vertex 0.245050 0.050000 0.010000
endloop
endfacet
facet normal 0.000000 1.000000 0.000000
outer loop
vertex 0.306931 -0.050000 -0.010000
vertex 0.304455 -0.050000 -0.010000
vertex 0.304455 -0.050000 0.010000
endloop
endfacet
facet normal 0.000000 1.000000 0.000000
outer loop
vertex 0.306931 -0.050000 -0.010000
vertex 0.304455 -0.050000 0.010000
vertex 0.306931 -0.050000 0.010000
endloop
endfacet
facet normal 0.000000 -1.000000 0.000000
outer loop
vertex 0.215347 0.050000 -0.010000
vertex 0.217822 0.050000 -0.010000
vertex 0.217822 0.050000 0.010000
endloop
endfacet
facet normal 0.000000 -1.000000 0.000000
outer loop
vertex 0.215347 0.050000 -0.010000
vertex 0.217822 0.050000 0.010000
vertex 0.215347 0.050000 0.010000
endloop
endfacet
facet normal 0.000000 1.000000 0.000000
outer loop
vertex 0.277228 -0.050000 -0.010000
vertex 0.274752 -0.050000 -0.010000
vertex 0.274752 -0.050000 0.010000
endloop
endfacet
facet normal 0.000000 1.000000 0.000000
outer loop
vertex 0.277228 -0.050000 -0.010000
vertex 0.274752 -0.050000 0.010000
vertex 0.277228 -0.050000 0.010000
endloop
endfacet
facet normal 0.000000 -1.000000 0.000000
outer loop
vertex 0.225248 0.050000 -0.010000
vertex 0.227723 0.050000 -0.010000
vertex 0.227723 0.050000 0.010000
endloop
endfacet
facet normal 0.000000 -1.000000 0.000000
outer loop
vertex 0.225248 0.050000 -0.010000
vertex 0.227723 0.050000 0.010000
vertex 0.225248 0.050000 0.010000
endloop
endfacet
facet normal 0.000000 1.000000 0.000000
outer loop
vertex 0.287129 -0.050000 -0.010000
vertex 0.284653 -0.050000 -0.010000
vertex 0.284653 -0.050000 0.010000
endloop
endfacet
facet normal 0.000000 1.000000 0.000000
outer loop
vertex 0.287129 -0.050000 -0.010000
vertex 0.284653 -0.050000 0.010000
vertex 0.287129 -0.050000 0.010000
endloop
endfacet
facet normal 0.000000 -1.000000 0.000000
outer loop
vertex 0.195545 0.050000 -0.010000
vertex 0.198020 0.050000 -0.010000
vertex 0.198020 0.050000 0.010000
endloop
endfacet
facet normal 0.000000 -1.000000 0.000000
outer loop
vertex 0.195545 0.050000 -0.010000
vertex 0.198020 0.050000 0.010000
vertex 0.195545 0.050000 0.010000
endloop
endfacet
facet normal 0.000000 1.000000 0.000000
outer loop
vertex 0.257426 -0.050000 -0.010000
vertex 0.254951 -0.050000 -0.010000
vertex 0.254951 -0.050000 0.010000
endloop
endfacet
facet normal 0.000000 1.000000 0.000000
outer loop
vertex 0.257426 -0.050000 -0.010000
vertex 0.254951 -0.050000 0.010000
vertex 0.257426 -0.050000 0.010000
endloop
endfacet
facet normal 0.000000 -1.000000 0.000000
outer loop
vertex 0.205446 0.050000 -0.010000
vertex 0.207921 0.050000 -0.010000
vertex 0.207921 0.050000 0.010000
endloop
endfacet
facet normal 0.000000 -1.000000 0.000000
outer loop
vertex 0.205446 0.050000 -0.010000
vertex 0.207921 0.050000 0.010000
vertex 0.205446 0.050000 0.010000
endloop
endfacet
facet normal 0.000000 1.000000 0.000000
outer loop
vertex 0.267327 -0.050000 -0.010000
vertex 0.264852 -0.050000 -0.010000
vertex 0.264852 -0.050000 0.010000
endloop
endfacet
facet normal 0.000000 1.000000 0.000000
outer loop
vertex 0.267327 -0.050000 -0.010000
vertex 0.264852 -0.050000 0.010000
vertex 0.267327 -0.050000 0.010000
endloop
endfacet
facet normal 0.000000 -1.000000 0.000000
outer loop
vertex 0.175743 0.050000 -0.010000
vertex 0.178218 0.050000 -0.010000
vertex 0.178218 0.050000 0.010000
endloop
endfacet
facet normal 0.000000 -1.000000 0.000000
outer loop
vertex 0.175743 0.050000 -0.010000
vertex 0.178218 0.050000 0.010000
vertex 0.175743 0.050000 0.010000
endloop
endfacet
facet normal 0.000000 1.000000 0.000000
outer loop
vertex 0.237624 -0.050000 -0.010000
vertex 0.235149 -0.050000 -0.010000
vertex 0.235149 -0.050000 0.010000
endloop
endfacet
facet normal 0.000000 1.000000 0.000000
outer loop
vertex 0.237624 -0.050000 -0.010000
vertex 0.235149 -0.050000 0.010000
vertex 0.237624 -0.050000 0.010000
endloop
endfacet
facet normal 0.000000 -1.000000 0.000000
outer loop
vertex 0.185644 0.050000 -0.010000
vertex 0.188119 0.050000 -0.010000
vertex 0.188119 0.050000 0.010000
endloop
endfacet
facet normal 0.000000 -1.000000 0.000000
outer loop
vertex 0.185644 0.050000 -0.010000
vertex 0.188119 0.050000 0.010000
vertex 0.185644 0.050000 0.010000
endloop
endfacet
facet normal 0.000000 1.000000 0.000000
outer loop
vertex 0.247525 -0.050000 -0.010000
vertex 0.245050 -0.050000 -0.010000
vertex 0.245050 -0.050000 0.010000
endloop
endfacet
facet normal 0.000000 1.000000 0.000000
outer loop
vertex 0.247525 -0.050000 -0.010000
vertex 0.245050 -0.050000 0.010000
vertex 0.247525 -0.050000 0.010000
endloop
endfacet
facet normal 0.000000 -1.000000 0.000000
outer loop
vertex 0.155941 0.050000 -0.010000
vertex 0.158416 0.050000 -0.010000
vertex 0.158416 0.050000 0.010000
endloop
endfacet
facet normal 0.000000 -1.000000 0.000000
outer loop
vertex 0.155941 0.050000 -0.010000
vertex 0.158416 0.050000 0.010000
vertex 0.155941 0.050000 0.010000
endloop
endfacet
facet normal 0.000000 1.000000 0.000000
outer loop
vertex 0.217822 -0.050000 -0.010000
vertex 0.215347 -0.050000 -0.010000
vertex 0.215347 -0.050000 0.010000
endloop
endfacet
facet normal 0.000000 1.000000 0.000000
outer loop
vertex 0.217822 -0.050000 -0.010000
vertex 0.215347 -0.050000 0.010000
vertex 0.217822 -0.050000 0.010000
endloop
endfacet
facet normal 0.000000 -1.000000 0.000000
outer loop
vertex 0.165842 0.050000 -0.010000
vertex 0.168317 0.050000 -0.010000
vertex 0.168317 0.050000 0.010000
endloop
endfacet
facet normal 0.000000 -1.000000 0.000000
outer loop
vertex 0.165842 0.050000 -0.010000
vertex 0.168317 0.050000 0.010000
vertex 0.165842 0.050000 0.010000
endloop
endfacet
facet normal 0.000000 1.000000 0.000000
outer loop
vertex 0.227723 -0.050000 -0.010000
vertex 0.225248 -0.050000 -0.010000
vertex 0.225248 -0.050000 0.010000
endloop
endfacet
facet normal 0.000000 1.000000 0.000000
outer loop
vertex 0.227723 -0.050000 -0.010000
vertex 0.225248 -0.050000 0.010000
vertex 0.227723 -0.050000 0.010000
endloop
endfacet
facet normal 0.000000 -1.000000 0.000000
outer loop
vertex 0.136139 0.050000 -0.010000
vertex 0.138614 0.050000 -0.010000
vertex 0.138614 0.050000 0.010000
endloop
endfacet
facet normal 0.000000 -1.000000 0.000000
outer loop
vertex 0.136139 0.050000 -0.010000
vertex 0.138614 0.050000 0.010000
vertex 0.136139 0.050000 0.010000
endloop
endfacet
facet normal 0.000000 1.000000 0.000000
outer loop
vertex 0.198020 -0.050000 -0.010000
vertex 0.195545 -0.050000 -0.010000
vertex 0.195545 -0.050000 0.010000
endloop
endfacet
facet normal 0.000000 1.000000 0.000000
outer loop
vertex 0.198020 -0.050000 -0.010000
vertex 0.195545 -0.050000 0.010000
vertex 0.198020 -0.050000 0.010000
endloop
endfacet
facet normal 0.000000 -1.000000 0.000000
outer loop
vertex 0.146040 0.050000 -0.010000
vertex 0.148515 0.050000 -0.010000
vertex 0.148515 0.050000 0.010000
endloop
endfacet
facet normal 0.000000 -1.000000 0.000000
outer loop
vertex 0.146040 0.050000 -0.010000
vertex 0.148515 0.050000 0.010000
vertex 0.146040 0.050000 0.010000
endloop
endfacet
facet normal 0.000000 1.000000 0.000000
outer loop
vertex 0.207921 -0.050000 -0.010000
vertex 0.205446 -0.050000 -0.010000
vertex 0.205446 -0.050000 0.010000
endloop
endfacet
facet normal 0.000000 1.000000 0.000000
outer loop
vertex 0.207921 -0.050000 -0.010000
vertex 0.205446 -0.050000 0.010000
vertex 0.207921 -0.050000 0.010000
endloop
endfacet
facet normal 0.000000 -1.000000 0.000000
outer loop
vertex 0.116337 0.050000 -0.010000
vertex 0.118812 0.050000 -0.010000
vertex 0.118812 0.050000 0.010000
endloop
endfacet
facet normal 0.000000 -1.000000 0.000000
outer loop
vertex 0.116337 0.050000 -0.010000
vertex 0.118812 0.050000 0.010000
vertex 0.116337 0.050000 0.010000
endloop
endfacet
facet normal 0.000000 1.000000 0.000000
outer loop
vertex 0.178218 -0.050000 -0.010000
vertex 0.175743 -0.050000 -0.010000
vertex 0.175743 -0.050000 0.010000
endloop
endfacet
facet normal 0.000000 1.000000 0.000000
outer loop
vertex 0.178218 -0.050000 -0.010000
vertex 0.175743 -0.050000 0.010000
vertex 0.178218 -0.050000 0.010000
endloop
endfacet
facet normal 0.000000 -1.000000 0.000000
outer loop
vertex 0.126238 0.050000 -0.010000
vertex 0.128713 0.050000 -0.010000
vertex 0.128713 0.050000 0.010000
endloop
endfacet
facet normal 0.000000 -1.000000 0.000000
outer loop
vertex 0.126238 0.050000 -0.010000
vertex 0.128713 0.050000 0.010000
vertex 0.126238 0.050000 0.010000
endloop
endfacet
facet normal 0.000000 1.000000 0.000000
outer loop
vertex 0.188119 -0.050000 -0.010000
vertex 0.185644 -0.050000 -0.010000
vertex 0.185644 -0.050000 0.010000
endloop
endfacet
facet normal 0.000000 1.000000 0.000000
outer loop
vertex 0.188119 -0.050000 -0.010000
vertex 0.185644 -0.050000 0.010000
vertex 0.188119 -0.050000 0.010000
endloop
endfacet
facet normal 0.000000 -1.000000 0.000000
outer loop
vertex 0.096535 0.050000 -0.010000
vertex 0.099010 0.050000 -0.010000
vertex 0.099010 0.050000 0.010000
endloop
endfacet
facet normal 0.000000 -1.000000 0.000000
outer loop
vertex 0.096535 0.050000 -0.010000
vertex 0.099010 0.050000 0.010000
vertex 0.096535 0.050000 0.010000
endloop
endfacet
facet normal 0.000000 1.000000 0.000000
outer loop
vertex 0.158416 -0.050000 -0.010000
vertex 0.155941 -0.050000 -0.010000
vertex 0.155941 -0.050000 0.010000
endloop
endfacet
facet normal 0.000000 1.000000 0.000000
outer loop
vertex 0.158416 -0.050000 -0.010000
vertex 0.155941 -0.050000 0.010000
vertex 0.158416 -0.050000 0.010000
endloop
endfacet
facet normal 0.000000 -1.000000 0.000000
outer loop
vertex 0.106436 0.050000 -0.010000
vertex 0.108911 0.050000 -0.010000
vertex 0.108911 0.050000 0.010000
endloop
endfacet
facet normal 0.000000 -1.000000 0.000000
outer loop
vertex 0.106436 0.050000 -0.010000
vertex 0.108911 0.050000 0.010000
vertex 0.106436 0.050000 0.010000
endloop
endfacet
facet normal 0.000000 1.000000 0.000000
outer loop
vertex 0.168317 -0.050000 -0.010000
vertex 0.165842 -0.050000 -0.010000
vertex 0.165842 -0.050000 0.010000
endloop
endfacet
facet normal 0.000000 1.000000 0.000000
outer loop
vertex 0.168317 -0.050000 -0.010000
vertex 0.165842 -0.050000 0.010000
vertex 0.168317 -0.050000 0.010000
endloop
endfacet
facet normal 0.000000 -1.000000 0.000000
outer loop
vertex 0.076733 0.050000 -0.010000
vertex 0.079208 0.050000 -0.010000
vertex 0.079208 0.050000 0.010000
endloop
endfacet
facet normal 0.000000 -1.000000 0.000000
outer loop
vertex 0.076733 0.050000 -0.010000
vertex 0.079208 0.050000 0.010000
vertex 0.076733 0.050000 0.010000
endloop
endfacet
facet normal 0.000000 1.000000 0.000000
outer loop
vertex 0.138614 -0.050000 -0.010000
vertex 0.136139 -0.050000 -0.010000
vertex 0.136139 -0.050000 0.010000
endloop
endfacet
facet normal 0.000000 1.000000 0.000000
outer loop
vertex 0.138614 -0.050000 -0.010000
vertex 0.136139 -0.050000 0.010000
vertex 0.138614 -0.050000 0.010000
endloop
endfacet
facet normal 0.000000 -1.000000 0.000000
outer loop
vertex 0.086634 0.050000 -0.010000
vertex 0.089109 0.050000 -0.010000
vertex 0.089109 0.050000 0.010000
endloop
endfacet
facet normal 0.000000 -1.000000 0.000000
outer loop
vertex 0.086634 0.050000 -0.010000
vertex 0.089109 0.050000 0.010000
vertex 0.086634 0.050000 0.010000
endloop
endfacet
facet normal 0.000000 1.000000 0.000000
outer loop
vertex 0.148515 -0.050000 -0.010000
vertex 0.146040 -0.050000 -0.010000
vertex 0.146040 -0.050000 0.010000
endloop
endfacet
facet normal 0.000000 1.000000 0.000000
outer loop
vertex 0.148515 -0.050000 -0.010000
vertex 0.146040 -0.050000 0.010000
vertex 0.148515 -0.050000 0.010000
endloop
endfacet
facet normal 0.000000 -1.000000 0.000000
outer loop
vertex 0.056931 0.050000 -0.010000
vertex 0.059406 0.050000 -0.010000
vertex 0.059406 0.050000 0.010000
endloop
endfacet
facet normal 0.000000 -1.000000 0.000000
outer loop
vertex 0.056931 0.050000 -0.010000
vertex 0.059406 0.050000 0.010000
vertex 0.056931 0.050000 0.010000
endloop
endfacet
facet normal 0.000000 1.000000 0.000000
outer loop
vertex 0.118812 -0.050000 -0.010000
vertex 0.116337 -0.050000 -0.010000
vertex 0.116337 -0.050000 0.010000
endloop
endfacet
facet normal 0.000000 1.000000 0.000000
outer loop
vertex 0.118812 -0.050000 -0.010000
vertex 0.116337 -0.050000 0.010000
vertex 0.118812 -0.050000 0.010000
endloop
endfacet
facet normal 0.000000 -1.000000 0.000000
outer loop
vertex 0.066832 0.050000 -0.010000
vertex 0.069307 0.050000 -0.010000
vertex 0.069307 0.050000 0.010000
endloop
endfacet
facet normal 0.000000 -1.000000 0.000000
outer loop
vertex 0.066832 0.050000 -0.010000
vertex 0.069307 0.050000 0.010000
vertex 0.066832 0.050000 0.010000
endloop
endfacet
facet normal 0.000000 1.000000 0.000000
outer loop
vertex 0.128713 -0.050000 -0.010000
vertex 0.126238 -0.050000 -0.010000
vertex 0.126238 -0.050000 0.010000
endloop
endfacet
facet normal 0.000000 1.000000 0.000000
outer loop
vertex 0.128713 -0.050000 -0.010000
vertex 0.126238 -0.050000 0.010000
vertex 0.128713 -0.050000 0.010000
endloop
endfacet
facet normal 0.000000 -1.000000 0.000000
outer loop
vertex 0.037129 0.050000 -0.010000
vertex 0.039604 0.050000 -0.010000
vertex 0.039604 0.050000 0.010000
endloop
endfacet
facet normal 0.000000 -1.000000 0.000000
outer loop
vertex 0.037129 0.050000 -0.010000
vertex 0.039604 0.050000 0.010000
vertex 0.037129 0.050000 0.010000
endloop
endfacet
facet normal 0.000000 1.000000 0.000000
outer loop
vertex 0.099010 -0.050000 -0.010000
vertex 0.096535 -0.050000 -0.010000
vertex 0.096535 -0.050000 0.010000
endloop
endfacet
facet normal 0.000000 1.000000 0.000000
outer loop
vertex 0.099010 -0.050000 -0.010000
vertex 0.096535 -0.050000 0.010000
vertex 0.099010 -0.050000 0.010000
endloop
endfacet
facet normal 0.000000 -1.000000 0.000000
outer loop
vertex 0.047030 0.050000 -0.010000
vertex 0.049505 0.050000 -0.010000
vertex 0.049505 0.050000 0.010000
endloop
endfacet
facet normal 0.000000 -1.000000 0.000000
outer loop
vertex 0.047030 0.050000 -0.010000
vertex 0.049505 0.050000 0.010000
vertex 0.047030 0.050000 0.010000
endloop
endfacet
facet normal 0.000000 1.000000 0.000000
outer loop
vertex 0.108911 -0.050000 -0.010000
vertex 0.106436 -0.050000 -0.010000
vertex 0.106436 -0.050000 0.010000
endloop
endfacet
facet normal 0.000000 1.000000 0.000000
outer loop
vertex 0.108911 -0.050000 -0.010000
vertex 0.106436 -0.050000 0.010000
vertex 0.108911 -0.050000 0.010000
endloop
endfacet
facet normal 0.000000 -1.000000 0.000000
outer loop
vertex 0.017327 0.050000 -0.010000
vertex 0.019802 0.050000 -0.010000
vertex 0.019802 0.050000 0.010000
endloop
endfacet
facet normal 0.000000 -1.000000 0.000000
outer loop
vertex 0.017327 0.050000 -0.010000
vertex 0.019802 0.050000 0.010000
vertex 0.017327 0.050000 0.010000
endloop
endfacet
facet normal 0.000000 1.000000 0.000000
outer loop
vertex 0.079208 -0.050000 -0.010000
vertex 0.076733 -0.050000 -0.010000
vertex 0.076733 -0.050000 0.010000
endloop
endfacet
facet normal 0.000000 1.000000 0.000000
outer loop
vertex 0.079208 -0.050000 -0.010000
vertex 0.076733 -0.050000 0.010000
vertex 0.079208 -0.050000 0.010000
endloop
endfacet
facet normal 0.000000 -1.000000 0.000000
outer loop
vertex 0.027228 0.050000 -0.010000
vertex 0.029703 0.050000 -0.010000
vertex 0.029703 0.050000 0.010000
endloop
endfacet
facet normal 0.000000 -1.000000 0.000000
outer loop
vertex 0.027228 0.050000 -0.010000
vertex 0.029703 0.050000 0.010000
vertex 0.027228 0.050000 0.010000
endloop
endfacet
facet normal 0.000000 1.000000 0.000000
outer loop
vertex 0.089109 -0.050000 -0.010000
vertex 0.086634 -0.050000 -0.010000
vertex 0.086634 -0.050000 0.010000
endloop
endfacet
facet normal 0.000000 1.000000 0.000000
outer loop
vertex 0.089109 -0.050000 -0.010000
vertex 0.086634 -0.050000 0.010000
vertex 0.089109 -0.050000 0.010000
endloop
endfacet
facet normal 0.000000 -1.000000 0.000000
outer loop
vertex 0.398515 0.050000 -0.010000
vertex 0.400990 0.050000 -0.010000
vertex 0.400990 0.050000 0.010000
endloop
endfacet
facet normal 0.000000 -1.000000 0.000000
outer loop
vertex 0.398515 0.050000 -0.010000
vertex 0.400990 0.050000 0.010000
vertex 0.398515 0.050000 0.010000
endloop
endfacet
facet normal 0.000000 1.000000 0.000000
outer loop
vertex 0.059406 -0.050000 -0.010000
vertex 0.056931 -0.050000 -0.010000
vertex 0.056931 -0.050000 0.010000
endloop
endfacet
facet normal 0.000000 1.000000 0.000000
outer loop
vertex 0.059406 -0.050000 -0.010000
vertex 0.056931 -0.050000 0.010000
vertex 0.059406 -0.050000 0.010000
endloop
endfacet
facet normal 0.000000 -1.000000 0.000000
outer loop
vertex 0.007426 0.050000 -0.010000
vertex 0.009901 0.050000 -0.010000
vertex 0.009901 0.050000 0.010000
endloop
endfacet
facet normal 0.000000 -1.000000 0.000000
outer loop
vertex 0.007426 0.050000 -0.010000
vertex 0.009901 0.050000 0.010000
vertex 0.007426 0.050000 0.010000
endloop
endfacet
facet normal 0.000000 1.000000 0.000000
outer loop
vertex 0.069307 -0.050000 -0.010000
vertex 0.066832 -0.050000 -0.010000
vertex 0.066832 -0.050000 0.010000
endloop
endfacet
facet normal 0.000000 1.000000 0.000000
outer loop
vertex 0.069307 -0.050000 -0.010000
vertex 0.066832 -0.050000 0.010000
vertex 0.069307 -0.050000 0.010000
endloop
endfacet
facet normal 0.000000 -1.000000 0.000000
outer loop
vertex 0.418317 0.050000 -0.010000
vertex 0.420792 0.050000 -0.010000
vertex 0.420792 0.050000 0.010000
endloop
endfacet
facet normal 0.000000 -1.000000 0.000000
outer loop
vertex 0.418317 0.050000 -0.010000
vertex 0.420792 0.050000 0.010000
vertex 0.418317 0.050000 0.010000
endloop
endfacet
facet normal 0.000000 1.000000 0.000000
outer loop
vertex 0.039604 -0.050000 -0.010000
vertex 0.037129 -0.050000 -0.010000
vertex 0.037129 -0.050000 0.010000
endloop
endfacet
facet normal 0.000000 1.000000 0.000000
outer loop
vertex 0.039604 -0.050000 -0.010000
vertex 0.037129 -0.050000 0.010000
vertex 0.039604 -0.050000 0.010000
endloop
endfacet
facet normal 0.000000 -1.000000 0.000000
outer loop
vertex 0.408416 0.050000 -0.010000
vertex 0.410891 0.050000 -0.010000
vertex 0.410891 0.050000 0.010000
endloop
endfacet
facet normal 0.000000 -1.000000 0.000000
outer loop
vertex 0.408416 0.050000 -0.010000
vertex 0.410891 0.050000 0.010000
vertex 0.408416 0.050000 0.010000
endloop
endfacet
facet normal 0.000000 1.000000 0.000000
outer loop
vertex 0.049505 -0.050000 -0.010000
vertex 0.047030 -0.050000 -0.010000
vertex 0.047030 -0.050000 0.010000
endloop
endfacet
facet normal 0.000000 1.000000 0.000000
outer loop
vertex 0.049505 -0.050000 -0.010000
vertex 0.047030 -0.050000 0.010000
vertex 0.049505 -0.050000 0.010000
endloop
endfacet
facet normal 0.000000 -1.000000 0.000000
outer loop
vertex 0.438119 0.050000 -0.010000
vertex 0.440594 0.050000 -0.010000
vertex 0.440594 0.050000 0.010000
endloop
endfacet
facet normal 0.000000 -1.000000 0.000000
outer loop
vertex 0.438119 0.050000 -0.010000
vertex 0.440594 0.050000 0.010000
vertex 0.438119 0.050000 0.010000
endloop
endfacet
facet normal 0.000000 1.000000 0.000000
outer loop
vertex 0.019802 -0.050000 -0.010000
vertex 0.017327 -0.050000 -0.010000
vertex 0.017327 -0.050000 0.010000
endloop
endfacet
facet normal 0.000000 1.000000 0.000000
outer loop
vertex 0.019802 -0.050000 -0.010000
vertex 0.017327 -0.050000 0.010000
vertex 0.019802 -0.050000 0.010000
endloop
endfacet
facet normal 0.000000 -1.000000 0.000000
outer loop
vertex 0.428218 0.050000 -0.010000
vertex 0.430693 0.050000 -0.010000
vertex 0.430693 0.050000 0.010000
endloop
endfacet
facet normal 0.000000 -1.000000 0.000000
outer loop
vertex 0.428218 0.050000 -0.010000
vertex 0.430693 0.050000 0.010000
vertex 0.428218 0.050000 0.010000
endloop
endfacet
facet normal 0.000000 1.000000 0.000000
outer loop
vertex 0.029703 -0.050000 -0.010000
vertex 0.027228 -0.050000 -0.010000
vertex 0.027228 -0.050000 0.010000
endloop
endfacet
facet normal 0.000000 1.000000 0.000000
outer loop
vertex 0.029703 -0.050000 -0.010000
vertex 0.027228 -0.050000 0.010000
vertex 0.029703 -0.050000 0.010000
endloop
endfacet
facet normal 0.000000 -1.000000 0.000000
outer loop
vertex 0.457921 0.050000 -0.010000
vertex 0.460396 0.050000 -0.010000
vertex 0.460396 0.050000 0.010000
endloop
endfacet
facet normal 0.000000 -1.000000 0.000000
outer loop
vertex 0.457921 0.050000 -0.010000
vertex 0.460396 0.050000 0.010000
vertex 0.457921 0.050000 0.010000
endloop
endfacet
facet normal 0.000000 1.000000 0.000000
outer loop
vertex 0.400990 -0.050000 -0.010000
vertex 0.398515 -0.050000 -0.010000
vertex 0.398515 -0.050000 0.010000
endloop
endfacet
facet normal 0.000000 1.000000 0.000000
outer loop
vertex 0.400990 -0.050000 -0.010000
vertex 0.398515 -0.050000 0.010000
vertex 0.400990 -0.050000 0.010000
endloop
endfacet
facet normal 0.000000 -1.000000 0.000000
outer loop
vertex 0.448020 0.050000 -0.010000
vertex 0.450495 0.050000 -0.010000
vertex 0.450495 0.050000 0.010000
endloop
endfacet
facet normal 0.000000 -1.000000 0.000000
outer loop
vertex 0.448020 0.050000 -0.010000
vertex 0.450495 0.050000 0.010000
vertex 0.448020 0.050000 0.010000
endloop
endfacet
facet normal 0.000000 1.000000 0.000000
outer loop
vertex 0.009901 -0.050000 -0.010000
vertex 0.007426 -0.050000 -0.010000
vertex 0.007426 -0.050000 0.010000
endloop
endfacet
facet normal 0.000000 1.000000 0.000000
outer loop
vertex 0.009901 -0.050000 -0.010000
vertex 0.007426 -0.050000 0.010000
vertex 0.009901 -0.050000 0.010000
endloop
endfacet
facet normal 0.000000 -1.000000 0.000000
outer loop
vertex 0.477723 0.050000 -0.010000
vertex 0.480198 0.050000 -0.010000
vertex 0.480198 0.050000 0.010000
endloop
endfacet
facet normal 0.000000 -1.000000 0.000000
outer loop
vertex 0.477723 0.050000 -0.010000
vertex 0.480198 0.050000 0.010000
vertex 0.477723 0.050000 0.010000
endloop
endfacet
facet normal 0.000000 1.000000 0.000000
outer loop
vertex 0.420792 -0.050000 -0.010000
vertex 0.418317 -0.050000 -0.010000
vertex 0.418317 -0.050000 0.010000
endloop
endfacet
facet normal 0.000000 1.000000 0.000000
outer loop
vertex 0.420792 -0.050000 -0.010000
vertex 0.418317 -0.050000 0.010000
vertex 0.420792 -0.050000 0.010000
endloop
endfacet
facet normal 0.000000 -1.000000 0.000000
outer loop
vertex 0.467822 0.050000 -0.010000
vertex 0.470297 0.050000 -0.010000
vertex 0.470297 0.050000 0.010000
endloop
endfacet
facet normal 0.000000 -1.000000 0.000000
outer loop
vertex 0.467822 0.050000 -0.010000
vertex 0.470297 0.050000 0.010000
vertex 0.467822 0.050000 0.010000
endloop
endfacet
facet normal 0.000000 1.000000 0.000000
outer loop
vertex 0.410891 -0.050000 -0.010000
vertex 0.408416 -0.050000 -0.010000
vertex 0.408416 -0.050000 0.010000
endloop
endfacet
facet normal 0.000000 1.000000 0.000000
outer loop
vertex 0.410891 -0.050000 -0.010000
vertex 0.408416 -0.050000 0.010000
vertex 0.410891 -0.050000 0.010000
endloop
endfacet
facet normal 0.000000 -1.000000 0.000000
outer loop
vertex 0.497525 0.050000 -0.010000
vertex 0.500000 0.050000 -0.010000
vertex 0.500000 0.050000 0.010000
endloop
endfacet
facet normal 0.000000 -1.000000 0.000000
outer loop
vertex 0.497525 0.050000 -0.010000
vertex 0.500000 0.050000 0.010000
vertex 0.497525 0.050000 0.010000
endloop
endfacet
facet normal 0.000000 1.000000 0.000000
outer loop
vertex 0.440594 -0.050000 -0.010000
vertex 0.438119 -0.050000 -0.010000
vertex 0.438119 -0.050000 0.010000
endloop
endfacet
facet normal 0.000000 1.000000 0.000000
outer loop
vertex 0.440594 -0.050000 -0.010000
vertex 0.438119 -0.050000 0.010000
vertex 0.440594 -0.050000 0.010000
endloop
endfacet
facet normal 0.000000 -1.000000 0.000000
outer loop
vertex 0.487624 0.050000 -0.010000
vertex 0.490099 0.050000 -0.010000
vertex 0.490099 0.050000 0.010000
endloop
endfacet
facet normal 0.000000 -1.000000 0.000000
outer loop
vertex 0.487624 0.050000 -0.010000
vertex 0.490099 0.050000 0.010000
vertex 0.487624 0.050000 0.010000
endloop
endfacet
facet normal 0.000000 1.000000 0.000000
outer loop
vertex 0.430693 -0.050000 -0.010000
vertex 0.428218 -0.050000 -0.010000
vertex 0.428218 -0.050000 0.010000
endloop
endfacet
facet normal 0.000000 1.000000 0.000000
outer loop
vertex 0.430693 -0.050000 -0.010000
vertex 0.428218 -0.050000 0.010000
vertex 0.430693 -0.050000 0.010000
endloop
endfacet
facet normal 0.000000 1.000000 0.000000
outer loop
vertex 0.460396 -0.050000 -0.010000
vertex 0.457921 -0.050000 -0.010000
vertex 0.457921 -0.050000 0.010000
endloop
endfacet
facet normal 0.000000 1.000000 0.000000
outer loop
vertex 0.460396 -0.050000 -0.010000
vertex 0.457921 -0.050000 0.010000
vertex 0.460396 -0.050000 0.010000
endloop
endfacet
facet normal 0.000000 1.000000 0.000000
outer loop
vertex 0.450495 -0.050000 -0.010000
vertex 0.448020 -0.050000 -0.010000
vertex 0.448020 -0.050000 0.010000
endloop
endfacet
facet normal 0.000000 1.000000 0.000000
outer loop
vertex 0.450495 -0.050000 -0.010000
vertex 0.448020 -0.050000 0.010000
vertex 0.450495 -0.050000 0.010000
endloop
endfacet
facet normal 0.000000 1.000000 0.000000
outer loop
vertex 0.480198 -0.050000 -0.010000
vertex 0.477723 -0.050000 -0.010000
vertex 0.477723 -0.050000 0.010000
endloop
endfacet
facet normal 0.000000 1.000000 0.000000
outer loop
vertex 0.480198 -0.050000 -0.010000
vertex 0.477723 -0.050000 0.010000
vertex 0.480198 -0.050000 0.010000
endloop
endfacet
facet normal 0.000000 1.000000 0.000000
outer loop
vertex 0.470297 -0.050000 -0.010000
vertex 0.467822 -0.050000 -0.010000
vertex 0.467822 -0.050000 0.010000
endloop
endfacet
facet normal 0.000000 1.000000 0.000000
outer loop
vertex 0.470297 -0.050000 -0.010000
vertex 0.467822 -0.050000 0.010000
vertex 0.470297 -0.050000 0.010000
endloop
endfacet
facet normal 0.000000 1.000000 0.000000
outer loop
vertex 0.500000 -0.050000 -0.010000
vertex 0.497525 -0.050000 -0.010000
vertex 0.497525 -0.050000 0.010000
endloop
endfacet
facet normal 0.000000 1.000000 0.000000
outer loop
vertex 0.500000 -0.050000 -0.010000
vertex 0.497525 -0.050000 0.010000
vertex 0.500000 -0.050000 0.010000
endloop
endfacet
facet normal 0.000000 1.000000 0.000000
outer loop
vertex 0.490099 -0.050000 -0.010000
vertex 0.487624 -0.050000 -0.010000
vertex 0.487624 -0.050000 0.010000
endloop
endfacet
facet normal 0.000000 1.000000 0.000000
outer loop
vertex 0.490099 -0.050000 -0.010000
vertex 0.487624 -0.050000 0.010000
vertex 0.490099 -0.050000 0.010000
endloop
endfacet
facet normal 0.000000 -1.000000 0.000000
outer loop
vertex -0.004951 0.050000 -0.010000
vertex -0.002475 0.050000 -0.010000
vertex -0.002475 0.050000 0.010000
endloop
endfacet
facet normal 0.000000 -1.000000 0.000000
outer loop
vertex -0.004951 0.050000 -0.010000
vertex -0.002475 0.050000 0.010000
vertex -0.004951 0.050000 0.010000
endloop
endfacet
facet normal 0.000000 -1.000000 0.000000
outer loop
vertex -0.012376 0.050000 -0.010000
vertex -0.009901 0.050000 -0.010000
vertex -0.009901 0.050000 0.010000
endloop
endfacet
facet normal 0.000000 -1.000000 0.000000
outer loop
vertex -0.012376 0.050000 -0.010000
vertex -0.009901 0.050000 0.010000
vertex -0.012376 0.050000 0.010000
endloop
endfacet
facet normal 0.000000 -1.000000 0.000000
outer loop
vertex -0.022277 0.050000 -0.010000
vertex -0.019802 0.050000 -0.010000
vertex -0.019802 0.050000 0.010000
endloop
endfacet
facet normal 0.000000 -1.000000 0.000000
outer loop
vertex -0.022277 0.050000 -0.010000
vertex -0.019802 0.050000 0.010000
vertex -0.022277 0.050000 0.010000
endloop
endfacet
facet normal 0.000000 -1.000000 0.000000
outer loop
vertex -0.032178 0.050000 -0.010000
vertex -0.029703 0.050000 -0.010000
vertex -0.029703 0.050000 0.010000
endloop
endfacet
facet normal 0.000000 -1.000000 0.000000
outer loop
vertex -0.032178 0.050000 -0.010000
vertex -0.029703 0.050000 0.010000
vertex -0.032178 0.050000 0.010000
endloop
endfacet
facet normal 0.000000 -1.000000 0.000000
outer loop
vertex -0.042079 0.050000 -0.010000
vertex -0.039604 0.050000 -0.010000
vertex -0.039604 0.050000 0.010000
endloop
endfacet
facet normal 0.000000 -1.000000 0.000000
outer loop
vertex -0.042079 0.050000 -0.010000
vertex -0.039604 0.050000 0.010000
vertex -0.042079 0.050000 0.010000
endloop
endfacet
facet normal 0.000000 -1.000000 0.000000
outer loop
vertex -0.051980 0.050000 -0.010000
vertex -0.049505 0.050000 -0.010000
vertex -0.049505 0.050000 0.010000
endloop
endfacet
facet normal 0.000000 -1.000000 0.000000
outer loop
vertex -0.051980 0.050000 -0.010000
vertex -0.049505 0.050000 0.010000
vertex -0.051980 0.050000 0.010000
endloop
endfacet
facet normal 0.000000 -1.000000 0.000000
outer loop
vertex -0.061881 0.050000 -0.010000
vertex -0.059406 0.050000 -0.010000
vertex -0.059406 0.050000 0.010000
endloop
endfacet
facet normal 0.000000 -1.000000 0.000000
outer loop
vertex -0.061881 0.050000 -0.010000
vertex -0.059406 0.050000 0.010000
vertex -0.061881 0.050000 0.010000
endloop
endfacet
facet normal 0.000000 1.000000 0.000000
outer loop
vertex -0.002475 -0.050000 -0.010000
vertex -0.004951 -0.050000 -0.010000
vertex -0.004951 -0.050000 0.010000
endloop
endfacet
facet normal 0.000000 1.000000 0.000000
outer loop
vertex -0.002475 -0.050000 -0.010000
vertex -0.004951 -0.050000 0.010000
vertex -0.002475 -0.050000 0.010000
endloop
endfacet
facet normal 0.000000 -1.000000 0.000000
outer loop
vertex -0.071782 0.050000 -0.010000
vertex -0.069307 0.050000 -0.010000
vertex -0.069307 0.050000 0.010000
endloop
endfacet
facet normal 0.000000 -1.000000 0.000000
outer loop
vertex -0.071782 0.050000 -0.010000
vertex -0.069307 0.050000 0.010000
vertex -0.071782 0.050000 0.010000
endloop
endfacet
facet normal 0.000000 1.000000 0.000000
outer loop
vertex -0.009901 -0.050000 -0.010000
vertex -0.012376 -0.050000 -0.010000
vertex -0.012376 -0.050000 0.010000
endloop
endfacet
facet normal 0.000000 1.000000 0.000000
outer loop
vertex -0.009901 -0.050000 -0.010000
vertex -0.012376 -0.050000 0.010000
vertex -0.009901 -0.050000 0.010000
endloop
endfacet
facet normal 0.000000 -1.000000 0.000000
outer loop
vertex -0.081683 0.050000 -0.010000
vertex -0.079208 0.050000 -0.010000
vertex -0.079208 0.050000 0.010000
endloop
endfacet
facet normal 0.000000 -1.000000 0.000000
outer loop
vertex -0.081683 0.050000 -0.010000
vertex -0.079208 0.050000 0.010000
vertex -0.081683 0.050000 0.010000
endloop
endfacet
facet normal 0.000000 1.000000 0.000000
outer loop
vertex -0.019802 -0.050000 -0.010000
vertex -0.022277 -0.050000 -0.010000
vertex -0.022277 -0.050000 0.010000
endloop
endfacet
facet normal 0.000000 1.000000 0.000000
outer loop
vertex -0.019802 -0.050000 -0.010000
vertex -0.022277 -0.050000 0.010000
vertex -0.019802 -0.050000 0.010000
endloop
endfacet
facet normal 0.000000 -1.000000 0.000000
outer loop
vertex -0.091584 0.050000 -0.010000
vertex -0.089109 0.050000 -0.010000
vertex -0.089109 0.050000 0.010000
endloop
endfacet
facet normal 0.000000 -1.000000 0.000000
outer loop
vertex -0.091584 0.050000 -0.010000
vertex -0.089109 0.050000 0.010000
vertex -0.091584 0.050000 0.010000
endloop
endfacet
facet normal 0.000000 1.000000 0.000000
outer loop
vertex -0.029703 -0.050000 -0.010000
vertex -0.032178 -0.050000 -0.010000
vertex -0.032178 -0.050000 0.010000
endloop
endfacet
facet normal 0.000000 1.000000 0.000000
outer loop
vertex -0.029703 -0.050000 -0.010000
vertex -0.032178 -0.050000 0.010000
vertex -0.029703 -0.050000 0.010000
endloop
endfacet
facet normal 0.000000 -1.000000 0.000000
outer loop
vertex -0.101485 0.050000 -0.010000
vertex -0.099010 0.050000 -0.010000
vertex -0.099010 0.050000 0.010000
endloop
endfacet
facet normal 0.000000 -1.000000 0.000000
outer loop
vertex -0.101485 0.050000 -0.010000
vertex -0.099010 0.050000 0.010000
vertex -0.101485 0.050000 0.010000
endloop
endfacet
facet normal 0.000000 1.000000 0.000000
outer loop
vertex -0.039604 -0.050000 -0.010000
vertex -0.042079 -0.050000 -0.010000
vertex -0.042079 -0.050000 0.010000
endloop
endfacet
facet normal 0.000000 1.000000 0.000000
outer loop
vertex -0.039604 -0.050000 -0.010000
vertex -0.042079 -0.050000 0.010000
vertex -0.039604 -0.050000 0.010000
endloop
endfacet
facet normal 0.000000 -1.000000 0.000000
outer loop
vertex -0.111386 0.050000 -0.010000
vertex -0.108911 0.050000 -0.010000
vertex -0.108911 0.050000 0.010000
endloop
endfacet
facet normal 0.000000 -1.000000 0.000000
outer loop
vertex -0.111386 0.050000 -0.010000
vertex -0.108911 0.050000 0.010000
vertex -0.111386 0.050000 0.010000
endloop
endfacet
facet normal 0.000000 1.000000 0.000000
outer loop
vertex -0.049505 -0.050000 -0.010000
vertex -0.051980 -0.050000 -0.010000
vertex -0.051980 -0.050000 0.010000
endloop
endfacet
facet normal 0.000000 1.000000 0.000000
outer loop
vertex -0.049505 -0.050000 -0.010000
vertex -0.051980 -0.050000 0.010000
vertex -0.049505 -0.050000 0.010000
endloop
endfacet
facet normal 0.000000 -1.000000 0.000000
outer loop
vertex -0.121287 0.050000 -0.010000
vertex -0.118812 0.050000 -0.010000
vertex -0.118812 0.050000 0.010000
endloop
endfacet
facet normal 0.000000 -1.000000 0.000000
outer loop
vertex -0.121287 0.050000 -0.010000
vertex -0.118812 0.050000 0.010000
vertex -0.121287 0.050000 0.010000
endloop
endfacet
facet normal 0.000000 1.000000 0.000000
outer loop
vertex -0.059406 -0.050000 -0.010000
vertex -0.061881 -0.050000 -0.010000
vertex -0.061881 -0.050000 0.010000
endloop
endfacet
facet normal 0.000000 1.000000 0.000000
outer loop
vertex -0.059406 -0.050000 -0.010000
vertex -0.061881 -0.050000 0.010000
vertex -0.059406 -0.050000 0.010000
endloop
endfacet
facet normal 0.000000 -1.000000 0.000000
outer loop
vertex -0.131188 0.050000 -0.010000
vertex -0.128713 0.050000 -0.010000
vertex -0.128713 0.050000 0.010000
endloop
endfacet
facet normal 0.000000 -1.000000 0.000000
outer loop
vertex -0.131188 0.050000 -0.010000
vertex -0.128713 0.050000 0.010000
vertex -0.131188 0.050000 0.010000
endloop
endfacet
facet normal 0.000000 1.000000 0.000000
outer loop
vertex -0.069307 -0.050000 -0.010000
vertex -0.071782 -0.050000 -0.010000
vertex -0.071782 -0.050000 0.010000
endloop
endfacet
facet normal 0.000000 1.000000 0.000000
outer loop
vertex -0.069307 -0.050000 -0.010000
vertex -0.071782 -0.050000 0.010000
vertex -0.069307 -0.050000 0.010000
endloop
endfacet
facet normal 0.000000 -1.000000 0.000000
outer loop
vertex -0.141089 0.050000 -0.010000
vertex -0.138614 0.050000 -0.010000
vertex -0.138614 0.050000 0.010000
endloop
endfacet
facet normal 0.000000 -1.000000 0.000000
outer loop
vertex -0.141089 0.050000 -0.010000
vertex -0.138614 0.050000 0.010000
vertex -0.141089 0.050000 0.010000
endloop
endfacet
facet normal 0.000000 1.000000 0.000000
outer loop
vertex -0.079208 -0.050000 -0.010000
vertex -0.081683 -0.050000 -0.010000
vertex -0.081683 -0.050000 0.010000
endloop
endfacet
facet normal 0.000000 1.000000 0.000000
outer loop
vertex -0.079208 -0.050000 -0.010000
vertex -0.081683 -0.050000 0.010000
vertex -0.079208 -0.050000 0.010000
endloop
endfacet
facet normal 0.000000 -1.000000 0.000000
outer loop
vertex -0.150990 0.050000 -0.010000
vertex -0.148515 0.050000 -0.010000
vertex -0.148515 0.050000 0.010000
endloop
endfacet
facet normal 0.000000 -1.000000 0.000000
outer loop
vertex -0.150990 0.050000 -0.010000
vertex -0.148515 0.050000 0.010000
vertex -0.150990 0.050000 0.010000
endloop
endfacet
facet normal 0.000000 1.000000 0.000000
outer loop
vertex -0.089109 -0.050000 -0.010000
vertex -0.091584 -0.050000 -0.010000
vertex -0.091584 -0.050000 0.010000
endloop
endfacet
facet normal 0.000000 1.000000 0.000000
outer loop
vertex -0.089109 -0.050000 -0.010000
vertex -0.091584 -0.050000 0.010000
vertex -0.089109 -0.050000 0.010000
endloop
endfacet
facet normal 0.000000 -1.000000 0.000000
outer loop
vertex -0.160891 0.050000 -0.010000
vertex -0.158416 0.050000 -0.010000
vertex -0.158416 0.050000 0.010000
endloop
endfacet
facet normal 0.000000 -1.000000 0.000000
outer loop
vertex -0.160891 0.050000 -0.010000
vertex -0.158416 0.050000 0.010000
vertex -0.160891 0.050000 0.010000
endloop
endfacet
facet normal 0.000000 1.000000 0.000000
outer loop
vertex -0.099010 -0.050000 -0.010000
vertex -0.101485 -0.050000 -0.010000
vertex -0.101485 -0.050000 0.010000
endloop
endfacet
facet normal 0.000000 1.000000 0.000000
outer loop
vertex -0.099010 -0.050000 -0.010000
vertex -0.101485 -0.050000 0.010000
vertex -0.099010 -0.050000 0.010000
endloop
endfacet
facet normal 0.000000 -1.000000 0.000000
outer loop
vertex -0.170792 0.050000 -0.010000
vertex -0.168317 0.050000 -0.010000
vertex -0.168317 0.050000 0.010000
endloop
endfacet
facet normal 0.000000 -1.000000 0.000000
outer loop
vertex -0.170792 0.050000 -0.010000
vertex -0.168317 0.050000 0.010000
vertex -0.170792 0.050000 0.010000
endloop
endfacet
facet normal 0.000000 1.000000 0.000000
outer loop
vertex -0.108911 -0.050000 -0.010000
vertex -0.111386 -0.050000 -0.010000
vertex -0.111386 -0.050000 0.010000
endloop
endfacet
facet normal 0.000000 1.000000 0.000000
outer loop
vertex -0.108911 -0.050000 -0.010000
vertex -0.111386 -0.050000 0.010000
vertex -0.108911 -0.050000 0.010000
endloop
endfacet
facet normal 0.000000 -1.000000 0.000000
outer loop
vertex -0.180693 0.050000 -0.010000
vertex -0.178218 0.050000 -0.010000
vertex -0.178218 0.050000 0.010000
endloop
endfacet
facet normal 0.000000 -1.000000 0.000000
outer loop
vertex -0.180693 0.050000 -0.010000
vertex -0.178218 0.050000 0.010000
vertex -0.180693 0.050000 0.010000
endloop
endfacet
facet normal 0.000000 1.000000 0.000000
outer loop
vertex -0.118812 -0.050000 -0.010000
vertex -0.121287 -0.050000 -0.010000
vertex -0.121287 -0.050000 0.010000
endloop
endfacet
facet normal 0.000000 1.000000 0.000000
outer loop
vertex -0.118812 -0.050000 -0.010000
vertex -0.121287 -0.050000 0.010000
vertex -0.118812 -0.050000 0.010000
endloop
endfacet
facet normal 0.000000 -1.000000 0.000000
outer loop
vertex -0.190594 0.050000 -0.010000
vertex -0.188119 0.050000 -0.010000
vertex -0.188119 0.050000 0.010000
endloop
endfacet
facet normal 0.000000 -1.000000 0.000000
outer loop
vertex -0.190594 0.050000 -0.010000
vertex -0.188119 0.050000 0.010000
vertex -0.190594 0.050000 0.010000
endloop
endfacet
facet normal 0.000000 1.000000 0.000000
outer loop
vertex -0.128713 -0.050000 -0.010000
vertex -0.131188 -0.050000 -0.010000
vertex -0.131188 -0.050000 0.010000
endloop
endfacet
facet normal 0.000000 1.000000 0.000000
outer loop
vertex -0.128713 -0.050000 -0.010000
vertex -0.131188 -0.050000 0.010000
vertex -0.128713 -0.050000 0.010000
endloop
endfacet
facet normal 0.000000 -1.000000 0.000000
outer loop
vertex -0.200495 0.050000 -0.010000
vertex -0.198020 0.050000 -0.010000
vertex -0.198020 0.050000 0.010000
endloop
endfacet
facet normal 0.000000 -1.000000 0.000000
outer loop
vertex -0.200495 0.050000 -0.010000
vertex -0.198020 0.050000 0.010000
vertex -0.200495 0.050000 0.010000
endloop
endfacet
facet normal 0.000000 1.000000 0.000000
outer loop
vertex -0.138614 -0.050000 -0.010000
vertex -0.141089 -0.050000 -0.010000
vertex -0.141089 -0.050000 0.010000
endloop
endfacet
facet normal 0.000000 1.000000 0.000000
outer loop
vertex -0.138614 -0.050000 -0.010000
vertex -0.141089 -0.050000 0.010000
vertex -0.138614 -0.050000 0.010000
endloop
endfacet
facet normal 0.000000 -1.000000 0.000000
outer loop
vertex -0.210396 0.050000 -0.010000
vertex -0.207921 0.050000 -0.010000
vertex -0.207921 0.050000 0.010000
endloop
endfacet
facet normal 0.000000 -1.000000 0.000000
outer loop
vertex -0.210396 0.050000 -0.010000
vertex -0.207921 0.050000 0.010000
vertex -0.210396 0.050000 0.010000
endloop
endfacet
facet normal 0.000000 1.000000 0.000000
outer loop
vertex -0.148515 -0.050000 -0.010000
vertex -0.150990 -0.050000 -0.010000
vertex -0.150990 -0.050000 0.010000
endloop
endfacet
facet normal 0.000000 1.000000 0.000000
outer loop
vertex -0.148515 -0.050000 -0.010000
vertex -0.150990 -0.050000 0.010000
vertex -0.148515 -0.050000 0.010000
endloop
endfacet
facet normal 0.000000 -1.000000 0.000000
outer loop
vertex -0.220297 0.050000 -0.010000
vertex -0.217822 0.050000 -0.010000
vertex -0.217822 0.050000 0.010000
endloop
endfacet
facet normal 0.000000 -1.000000 0.000000
outer loop
vertex -0.220297 0.050000 -0.010000
vertex -0.217822 0.050000 0.010000
vertex -0.220297 0.050000 0.010000
endloop
endfacet
facet normal 0.000000 1.000000 0.000000
outer loop
vertex -0.158416 -0.050000 -0.010000
vertex -0.160891 -0.050000 -0.010000
vertex -0.160891 -0.050000 0.010000
endloop
endfacet
facet normal 0.000000 1.000000 0.000000
outer loop
vertex -0.158416 -0.050000 -0.010000
vertex -0.160891 -0.050000 0.010000
vertex -0.158416 -0.050000 0.010000
endloop
endfacet
facet normal 0.000000 -1.000000 0.000000
outer loop
vertex -0.230198 0.050000 -0.010000
vertex -0.227723 0.050000 -0.010000
vertex -0.227723 0.050000 0.010000
endloop
endfacet
facet normal 0.000000 -1.000000 0.000000
outer loop
vertex -0.230198 0.050000 -0.010000
vertex -0.227723 0.050000 0.010000
vertex -0.230198 0.050000 0.010000
endloop
endfacet
facet normal 0.000000 1.000000 0.000000
outer loop
vertex -0.168317 -0.050000 -0.010000
vertex -0.170792 -0.050000 -0.010000
vertex -0.170792 -0.050000 0.010000
endloop
endfacet
facet normal 0.000000 1.000000 0.000000
outer loop
vertex -0.168317 -0.050000 -0.010000
vertex -0.170792 -0.050000 0.010000
vertex -0.168317 -0.050000 0.010000
endloop
endfacet
facet normal 0.000000 -1.000000 0.000000
outer loop
vertex -0.240099 0.050000 -0.010000
vertex -0.237624 0.050000 -0.010000
vertex -0.237624 0.050000 0.010000
endloop
endfacet
facet normal 0.000000 -1.000000 0.000000
outer loop
vertex -0.240099 0.050000 -0.010000
vertex -0.237624 0.050000 0.010000
vertex -0.240099 0.050000 0.010000
endloop
endfacet
facet normal 0.000000 1.000000 0.000000
outer loop
vertex -0.178218 -0.050000 -0.010000
vertex -0.180693 -0.050000 -0.010000
vertex -0.180693 -0.050000 0.010000
endloop
endfacet
facet normal 0.000000 1.000000 0.000000
outer loop
vertex -0.178218 -0.050000 -0.010000
vertex -0.180693 -0.050000 0.010000
vertex -0.178218 -0.050000 0.010000
endloop
endfacet
facet normal 0.000000 -1.000000 0.000000
outer loop
vertex -0.250000 0.050000 -0.010000
vertex -0.247525 0.050000 -0.010000
vertex -0.247525 0.050000 0.010000
endloop
endfacet
facet normal 0.000000 -1.000000 0.000000
outer loop
vertex -0.250000 0.050000 -0.010000
vertex -0.247525 0.050000 0.010000
vertex -0.250000 0.050000 0.010000
endloop
endfacet
facet normal 0.000000 1.000000 0.000000
outer loop
vertex -0.188119 -0.050000 -0.010000
vertex -0.190594 -0.050000 -0.010000
vertex -0.190594 -0.050000 0.010000
endloop
endfacet
facet normal 0.000000 1.000000 0.000000
outer loop
vertex -0.188119 -0.050000 -0.010000
vertex -0.190594 -0.050000 0.010000
vertex -0.188119 -0.050000 0.010000
endloop
endfacet
facet normal 0.000000 -1.000000 0.000000
outer loop
vertex -0.259901 0.050000 -0.010000
vertex -0.257426 0.050000 -0.010000
vertex -0.257426 0.050000 0.010000
endloop
endfacet
facet normal 0.000000 -1.000000 0.000000
outer loop
vertex -0.259901 0.050000 -0.010000
vertex -0.257426 0.050000 0.010000
vertex -0.259901 0.050000 0.010000
endloop
endfacet
facet normal 0.000000 1.000000 0.000000
outer loop
vertex -0.198020 -0.050000 -0.010000
vertex -0.200495 -0.050000 -0.010000
vertex -0.200495 -0.050000 0.010000
endloop
endfacet
facet normal 0.000000 1.000000 0.000000
outer loop
vertex -0.198020 -0.050000 -0.010000
vertex -0.200495 -0.050000 0.010000
vertex -0.198020 -0.050000 0.010000
endloop
endfacet
facet normal 0.000000 -1.000000 0.000000
outer loop
vertex -0.269802 0.050000 -0.010000
vertex -0.267327 0.050000 -0.010000
vertex -0.267327 0.050000 0.010000
endloop
endfacet
facet normal 0.000000 -1.000000 0.000000
outer loop
vertex -0.269802 0.050000 -0.010000
vertex -0.267327 0.050000 0.010000
vertex -0.269802 0.050000 0.010000
endloop
endfacet
facet normal 0.000000 1.000000 0.000000
outer loop
vertex -0.207921 -0.050000 -0.010000
vertex -0.210396 -0.050000 -0.010000
vertex -0.210396 -0.050000 0.010000
endloop
endfacet
facet normal 0.000000 1.000000 0.000000
outer loop
vertex -0.207921 -0.050000 -0.010000
vertex -0.210396 -0.050000 0.010000
vertex -0.207921 -0.050000 0.010000
endloop
endfacet
facet normal 0.000000 -1.000000 0.000000
outer loop
vertex -0.279703 0.050000 -0.010000
vertex -0.277228 0.050000 -0.010000
vertex -0.277228 0.050000 0.010000
endloop
endfacet
facet normal 0.000000 -1.000000 0.000000
outer loop
vertex -0.279703 0.050000 -0.010000
vertex -0.277228 0.050000 0.010000
vertex -0.279703 0.050000 0.010000
endloop
endfacet
facet normal 0.000000 1.000000 0.000000
outer loop
vertex -0.217822 -0.050000 -0.010000
vertex -0.220297 -0.050000 -0.010000
vertex -0.220297 -0.050000 0.010000
endloop
endfacet
facet normal 0.000000 1.000000 0.000000
outer loop
vertex -0.217822 -0.050000 -0.010000
vertex -0.220297 -0.050000 0.010000
vertex -0.217822 -0.050000 0.010000
endloop
endfacet
facet normal 0.000000 -1.000000 0.000000
outer loop
vertex -0.289604 0.050000 -0.010000
vertex -0.287129 0.050000 -0.010000
vertex -0.287129 0.050000 0.010000
endloop
endfacet
facet normal 0.000000 -1.000000 0.000000
outer loop
vertex -0.289604 0.050000 -0.010000
vertex -0.287129 0.050000 0.010000
vertex -0.289604 0.050000 0.010000
endloop
endfacet
facet normal 0.000000 1.000000 0.000000
outer loop
vertex -0.227723 -0.050000 -0.010000
vertex -0.230198 -0.050000 -0.010000
vertex -0.230198 -0.050000 0.010000
endloop
endfacet
facet normal 0.000000 1.000000 0.000000
outer loop
vertex -0.227723 -0.050000 -0.010000
vertex -0.230198 -0.050000 0.010000
vertex -0.227723 -0.050000 0.010000
endloop
endfacet
facet normal 0.000000 -1.000000 0.000000
outer loop
vertex -0.299505 0.050000 -0.010000
vertex -0.297030 0.050000 -0.010000
vertex -0.297030 0.050000 0.010000
endloop
endfacet
facet normal 0.000000 -1.000000 0.000000
outer loop
vertex -0.299505 0.050000 -0.010000
vertex -0.297030 0.050000 0.010000
vertex -0.299505 0.050000 0.010000
endloop
endfacet
facet normal 0.000000 1.000000 0.000000
outer loop
vertex -0.237624 -0.050000 -0.010000
vertex -0.240099 -0.050000 -0.010000
vertex -0.240099 -0.050000 0.010000
endloop
endfacet
facet normal 0.000000 1.000000 0.000000
outer loop
vertex -0.237624 -0.050000 -0.010000
vertex -0.240099 -0.050000 0.010000
vertex -0.237624 -0.050000 0.010000
endloop
endfacet
facet normal 0.000000 -1.000000 0.000000
outer loop
vertex -0.309406 0.050000 -0.010000
vertex -0.306931 0.050000 -0.010000
vertex -0.306931 0.050000 0.010000
endloop
endfacet
facet normal 0.000000 -1.000000 0.000000
outer loop
vertex -0.309406 0.050000 -0.010000
vertex -0.306931 0.050000 0.010000
vertex -0.309406 0.050000 0.010000
endloop
endfacet
facet normal 0.000000 1.000000 0.000000
outer loop
vertex -0.247525 -0.050000 -0.010000
vertex -0.250000 -0.050000 -0.010000
vertex -0.250000 -0.050000 0.010000
endloop
endfacet
facet normal 0.000000 1.000000 0.000000
outer loop
vertex -0.247525 -0.050000 -0.010000
vertex -0.250000 -0.050000 0.010000
vertex -0.247525 -0.050000 0.010000
endloop
endfacet
facet normal 0.000000 -1.000000 0.000000
outer loop
vertex -0.319307 0.050000 -0.010000
vertex -0.316832 0.050000 -0.010000
vertex -0.316832 0.050000 0.010000
endloop
endfacet
facet normal 0.000000 -1.000000 0.000000
outer loop
vertex -0.319307 0.050000 -0.010000
vertex -0.316832 0.050000 0.010000
vertex -0.319307 0.050000 0.010000
endloop
endfacet
facet normal 0.000000 1.000000 0.000000
outer loop
vertex -0.257426 -0.050000 -0.010000
vertex -0.259901 -0.050000 -0.010000
vertex -0.259901 -0.050000 0.010000
endloop
endfacet
facet normal 0.000000 1.000000 0.000000
outer loop
vertex -0.257426 -0.050000 -0.010000
vertex -0.259901 -0.050000 0.010000
vertex -0.257426 -0.050000 0.010000
endloop
endfacet
facet normal 0.000000 -1.000000 0.000000
outer loop
vertex -0.329208 0.050000 -0.010000
vertex -0.326733 0.050000 -0.010000
vertex -0.326733 0.050000 0.010000
endloop
endfacet
facet normal 0.000000 -1.000000 0.000000
outer loop
vertex -0.329208 0.050000 -0.010000
vertex -0.326733 0.050000 0.010000
vertex -0.329208 0.050000 0.010000
endloop
endfacet
facet normal 0.000000 1.000000 0.000000
outer loop
vertex -0.267327 -0.050000 -0.010000
vertex -0.269802 -0.050000 -0.010000
vertex -0.269802 -0.050000 0.010000
endloop
endfacet
facet normal 0.000000 1.000000 0.000000
outer loop
vertex -0.267327 -0.050000 -0.010000
vertex -0.269802 -0.050000 0.010000
vertex -0.267327 -0.050000 0.010000
endloop
endfacet
facet normal 0.000000 -1.000000 0.000000
outer loop
vertex -0.339109 0.050000 -0.010000
vertex -0.336634 0.050000 -0.010000
vertex -0.336634 0.050000 0.010000
endloop
endfacet
facet normal 0.000000 -1.000000 0.000000
outer loop
vertex -0.339109 0.050000 -0.010000
vertex -0.336634 0.050000 0.010000
vertex -0.339109 0.050000 0.010000
endloop
endfacet
facet normal 0.000000 1.000000 0.000000
outer loop
vertex -0.277228 -0.050000 -0.010000
vertex -0.279703 -0.050000 -0.010000
vertex -0.279703 -0.050000 0.010000
endloop
endfacet
facet normal 0.000000 1.000000 0.000000
outer loop
vertex -0.277228 -0.050000 -0.010000
vertex -0.279703 -0.050000 0.010000
vertex -0.277228 -0.050000 0.010000
endloop
endfacet
facet normal 0.000000 -1.000000 0.000000
outer loop
vertex -0.349010 0.050000 -0.010000
vertex -0.346535 0.050000 -0.010000
vertex -0.346535 0.050000 0.010000
endloop
endfacet
facet normal 0.000000 -1.000000 0.000000
outer loop
vertex -0.349010 0.050000 -0.010000
vertex -0.346535 0.050000 0.010000
vertex -0.349010 0.050000 0.010000
endloop
endfacet
facet normal 0.000000 1.000000 0.000000
outer loop
vertex -0.287129 -0.050000 -0.010000
vertex -0.289604 -0.050000 -0.010000
vertex -0.289604 -0.050000 0.010000
endloop
endfacet
facet normal 0.000000 1.000000 0.000000
outer loop
vertex -0.287129 -0.050000 -0.010000
vertex -0.289604 -0.050000 0.010000
vertex -0.287129 -0.050000 0.010000
endloop
endfacet
facet normal 0.000000 -1.000000 0.000000
outer loop
vertex -0.358911 0.050000 -0.010000
vertex -0.356436 0.050000 -0.010000
vertex -0.356436 0.050000 0.010000
endloop
endfacet
facet normal 0.000000 -1.000000 0.000000
outer loop
vertex -0.358911 0.050000 -0.010000
vertex -0.356436 0.050000 0.010000
vertex -0.358911 0.050000 0.010000
endloop
endfacet
facet normal 0.000000 1.000000 0.000000
outer loop
vertex -0.297030 -0.050000 -0.010000
vertex -0.299505 -0.050000 -0.010000
vertex -0.299505 -0.050000 0.010000
endloop
endfacet
facet normal 0.000000 1.000000 0.000000
outer loop
vertex -0.297030 -0.050000 -0.010000
vertex -0.299505 -0.050000 0.010000
vertex -0.297030 -0.050000 0.010000
endloop
endfacet
facet normal 0.000000 -1.000000 0.000000
outer loop
vertex -0.368812 0.050000 -0.010000
vertex -0.366337 0.050000 -0.010000
vertex -0.366337 0.050000 0.010000
endloop
endfacet
facet normal 0.000000 -1.000000 0.000000
outer loop
vertex -0.368812 0.050000 -0.010000
vertex -0.366337 0.050000 0.010000
vertex -0.368812 0.050000 0.010000
endloop
endfacet
facet normal 0.000000 1.000000 0.000000
outer loop
vertex -0.306931 -0.050000 -0.010000
vertex -0.309406 -0.050000 -0.010000
vertex -0.309406 -0.050000 0.010000
endloop
endfacet
facet normal 0.000000 1.000000 0.000000
outer loop
vertex -0.306931 -0.050000 -0.010000
vertex -0.309406 -0.050000 0.010000
vertex -0.306931 -0.050000 0.010000
endloop
endfacet
facet normal 0.000000 -1.000000 0.000000
outer loop
vertex -0.378713 0.050000 -0.010000
vertex -0.376238 0.050000 -0.010000
vertex -0.376238 0.050000 0.010000
endloop
endfacet
facet normal 0.000000 -1.000000 0.000000
outer loop
vertex -0.378713 0.050000 -0.010000
vertex -0.376238 0.050000 0.010000
vertex -0.378713 0.050000 0.010000
endloop
endfacet
facet normal 0.000000 1.000000 0.000000
outer loop
vertex -0.316832 -0.050000 -0.010000
vertex -0.319307 -0.050000 -0.010000
vertex -0.319307 -0.050000 0.010000
endloop
endfacet
facet normal 0.000000 1.000000 0.000000
outer loop
vertex -0.316832 -0.050000 -0.010000
vertex -0.319307 -0.050000 0.010000
vertex -0.316832 -0.050000 0.010000
endloop
endfacet
facet normal 0.000000 -1.000000 0.000000
outer loop
vertex -0.388614 0.050000 -0.010000
vertex -0.386139 0.050000 -0.010000
vertex -0.386139 0.050000 0.010000
endloop
endfacet
facet normal 0.000000 -1.000000 0.000000
outer loop
vertex -0.388614 0.050000 -0.010000
vertex -0.386139 0.050000 0.010000
vertex -0.388614 0.050000 0.010000
endloop
endfacet
facet normal 0.000000 1.000000 0.000000
outer loop
vertex -0.326733 -0.050000 -0.010000
vertex -0.329208 -0.050000 -0.010000
vertex -0.329208 -0.050000 0.010000
endloop
endfacet
facet normal 0.000000 1.000000 0.000000
outer loop
vertex -0.326733 -0.050000 -0.010000
vertex -0.329208 -0.050000 0.010000
vertex -0.326733 -0.050000 0.010000
endloop
endfacet
facet normal 0.000000 -1.000000 0.000000
outer loop
vertex -0.492574 0.050000 -0.010000
vertex -0.490099 0.050000 -0.010000
vertex -0.490099 0.050000 0.010000
endloop
endfacet
facet normal 0.000000 -1.000000 0.000000
outer loop
vertex -0.492574 0.050000 -0.010000
vertex -0.490099 0.050000 0.010000
vertex -0.492574 0.050000 0.010000
endloop
endfacet
facet normal 0.000000 1.000000 0.000000
outer loop
vertex -0.336634 -0.050000 -0.010000
vertex -0.339109 -0.050000 -0.010000
vertex -0.339109 -0.050000 0.010000
endloop
endfacet
facet normal 0.000000 1.000000 0.000000
outer loop
vertex -0.336634 -0.050000 -0.010000
vertex -0.339109 -0.050000 0.010000
vertex -0.336634 -0.050000 0.010000
endloop
endfacet
facet normal 0.000000 -1.000000 0.000000
outer loop
vertex -0.482673 0.050000 -0.010000
vertex -0.480198 0.050000 -0.010000
vertex -0.480198 0.050000 0.010000
endloop
endfacet
facet normal 0.000000 -1.000000 0.000000
outer loop
vertex -0.482673 0.050000 -0.010000
vertex -0.480198 0.050000 0.010000
vertex -0.482673 0.050000 0.010000
endloop
endfacet
facet normal 0.000000 1.000000 0.000000
outer loop
vertex -0.346535 -0.050000 -0.010000
vertex -0.349010 -0.050000 -0.010000
vertex -0.349010 -0.050000 0.010000
endloop
endfacet
facet normal 0.000000 1.000000 0.000000
outer loop
vertex -0.346535 -0.050000 -0.010000
vertex -0.349010 -0.050000 0.010000
vertex -0.346535 -0.050000 0.010000
endloop
endfacet
facet normal 0.000000 -1.000000 0.000000
outer loop
vertex -0.472772 0.050000 -0.010000
vertex -0.470297 0.050000 -0.010000
vertex -0.470297 0.050000 0.010000
endloop
endfacet
facet normal 0.000000 -1.000000 0.000000
outer loop
vertex -0.472772 0.050000 -0.010000
vertex -0.470297 0.050000 0.010000
vertex -0.472772 0.050000 0.010000
endloop
endfacet
facet normal 0.000000 1.000000 0.000000
outer loop
vertex -0.356436 -0.050000 -0.010000
vertex -0.358911 -0.050000 -0.010000
vertex -0.358911 -0.050000 0.010000
endloop
endfacet
facet normal 0.000000 1.000000 0.000000
outer loop
vertex -0.356436 -0.050000 -0.010000
vertex -0.358911 -0.050000 0.010000
vertex -0.356436 -0.050000 0.010000
endloop
endfacet
facet normal 0.000000 -1.000000 0.000000
outer loop
vertex -0.462871 0.050000 -0.010000
vertex -0.460396 0.050000 -0.010000
vertex -0.460396 0.050000 0.010000
endloop
endfacet
facet normal 0.000000 -1.000000 0.000000
outer loop
vertex -0.462871 0.050000 -0.010000
vertex -0.460396 0.050000 0.010000
vertex -0.462871 0.050000 0.010000
endloop
endfacet
facet normal 0.000000 1.000000 0.000000
outer loop
vertex -0.366337 -0.050000 -0.010000
vertex -0.368812 -0.050000 -0.010000
vertex -0.368812 -0.050000 0.010000
endloop
endfacet
facet normal 0.000000 1.000000 0.000000
outer loop
vertex -0.366337 -0.050000 -0.010000
vertex -0.368812 -0.050000 0.010000
vertex -0.366337 -0.050000 0.010000
endloop
endfacet
facet normal 0.000000 -1.000000 0.000000
outer loop
vertex -0.452970 0.050000 -0.010000
vertex -0.450495 0.050000 -0.010000
vertex -0.450495 0.050000 0.010000
endloop
endfacet
facet normal 0.000000 -1.000000 0.000000
outer loop
vertex -0.452970 0.050000 -0.010000
vertex -0.450495 0.050000 0.010000
vertex -0.452970 0.050000 0.010000
endloop
endfacet
facet normal 0.000000 1.000000 0.000000
outer loop
vertex -0.376238 -0.050000 -0.010000
vertex -0.378713 -0.050000 -0.010000
vertex -0.378713 -0.050000 0.010000
endloop
endfacet
facet normal 0.000000 1.000000 0.000000
outer loop
vertex -0.376238 -0.050000 -0.010000
vertex -0.378713 -0.050000 0.010000
vertex -0.376238 -0.050000 0.010000
endloop
endfacet
facet normal 0.000000 -1.000000 0.000000
outer loop
vertex -0.443069 0.050000 -0.010000
vertex -0.440594 0.050000 -0.010000
vertex -0.440594 0.050000 0.010000
endloop
endfacet
facet normal 0.000000 -1.000000 0.000000
outer loop
vertex -0.443069 0.050000 -0.010000
vertex -0.440594 0.050000 0.010000
vertex -0.443069 0.050000 0.010000
endloop
endfacet
facet normal 0.000000 1.000000 0.000000
outer loop
vertex -0.386139 -0.050000 -0.010000
vertex -0.388614 -0.050000 -0.010000
vertex -0.388614 -0.050000 0.010000
endloop
endfacet
facet normal 0.000000 1.000000 0.000000
outer loop
vertex -0.386139 -0.050000 -0.010000
vertex -0.388614 -0.050000 0.010000
vertex -0.386139 -0.050000 0.010000
endloop
endfacet
facet normal 0.000000 -1.000000 0.000000
outer loop
vertex -0.433168 0.050000 -0.010000
vertex -0.430693 0.050000 -0.010000
vertex -0.430693 0.050000 0.010000
endloop
endfacet
facet normal 0.000000 -1.000000 0.000000
outer loop
vertex -0.433168 0.050000 -0.010000
vertex -0.430693 0.050000 0.010000
vertex -0.433168 0.050000 0.010000
endloop
endfacet
facet normal 0.000000 1.000000 0.000000
outer loop
vertex -0.490099 -0.050000 -0.010000
vertex -0.492574 -0.050000 -0.010000
vertex -0.492574 -0.050000 0.010000
endloop
endfacet
facet normal 0.000000 1.000000 0.000000
outer loop
vertex -0.490099 -0.050000 -0.010000
vertex -0.492574 -0.050000 0.010000
vertex -0.490099 -0.050000 0.010000
endloop
endfacet
facet normal 0.000000 -1.000000 0.000000
outer loop
vertex -0.423267 0.050000 -0.010000
vertex -0.420792 0.050000 -0.010000
vertex -0.420792 0.050000 0.010000
endloop
endfacet
facet normal 0.000000 -1.000000 0.000000
outer loop
vertex -0.423267 0.050000 -0.010000
vertex -0.420792 0.050000 0.010000
vertex -0.423267 0.050000 0.010000
endloop
endfacet
facet normal 0.000000 1.000000 0.000000
outer loop
vertex -0.480198 -0.050000 -0.010000
vertex -0.482673 -0.050000 -0.010000
vertex -0.482673 -0.050000 0.010000
endloop
endfacet
facet normal 0.000000 1.000000 0.000000
outer loop
vertex -0.480198 -0.050000 -0.010000
vertex -0.482673 -0.050000 0.010000
vertex -0.480198 -0.050000 0.010000
endloop
endfacet
facet normal 0.000000 -1.000000 0.000000
outer loop
vertex -0.413366 0.050000 -0.010000
vertex -0.410891 0.050000 -0.010000
vertex -0.410891 0.050000 0.010000
endloop
endfacet
facet normal 0.000000 -1.000000 0.000000
outer loop
vertex -0.413366 0.050000 -0.010000
vertex -0.410891 0.050000 0.010000
vertex -0.413366 0.050000 0.010000
endloop
endfacet
facet normal 0.000000 1.000000 0.000000
outer loop
vertex -0.470297 -0.050000 -0.010000
vertex -0.472772 -0.050000 -0.010000
vertex -0.472772 -0.050000 0.010000
endloop
endfacet
facet normal 0.000000 1.000000 0.000000
outer loop
vertex -0.470297 -0.050000 -0.010000
vertex -0.472772 -0.050000 0.010000
vertex -0.470297 -0.050000 0.010000
endloop
endfacet
facet normal 0.000000 -1.000000 0.000000
outer loop
vertex -0.403465 0.050000 -0.010000
vertex -0.400990 0.050000 -0.010000
vertex -0.400990 0.050000 0.010000
endloop
endfacet
facet normal 0.000000 -1.000000 0.000000
outer loop
vertex -0.403465 0.050000 -0.010000
vertex -0.400990 0.050000 0.010000
vertex -0.403465 0.050000 0.010000
endloop
endfacet
facet normal 0.000000 1.000000 0.000000
outer loop
vertex -0.460396 -0.050000 -0.010000
vertex -0.462871 -0.050000 -0.010000
vertex -0.462871 -0.050000 0.010000
endloop
endfacet
facet normal 0.000000 1.000000 0.000000
outer loop
vertex -0.460396 -0.050000 -0.010000
vertex -0.462871 -0.050000 0.010000
vertex -0.460396 -0.050000 0.010000
endloop
endfacet
facet normal 0.000000 -1.000000 0.000000
outer loop
vertex -0.393564 0.050000 -0.010000
vertex -0.391089 0.050000 -0.010000
vertex -0.391089 0.050000 0.010000
endloop
endfacet
facet normal 0.000000 -1.000000 0.000000
outer loop
vertex -0.393564 0.050000 -0.010000
vertex -0.391089 0.050000 0.010000
vertex -0.393564 0.050000 0.010000
endloop
endfacet
facet normal 0.000000 1.000000 0.000000
outer loop
vertex -0.450495 -0.050000 -0.010000
vertex -0.452970 -0.050000 -0.010000
vertex -0.452970 -0.050000 0.010000
endloop
endfacet
facet normal 0.000000 1.000000 0.000000
outer loop
vertex -0.450495 -0.050000 -0.010000
vertex -0.452970 -0.050000 0.010000
vertex -0.450495 -0.050000 0.010000
endloop
endfacet
facet normal 0.000000 -1.000000 0.000000
outer loop
vertex -0.383663 0.050000 -0.010000
vertex -0.381188 0.050000 -0.010000
vertex -0.381188 0.050000 0.010000
endloop
endfacet
facet normal 0.000000 -1.000000 0.000000
outer loop
vertex -0.383663 0.050000 -0.010000
vertex -0.381188 0.050000 0.010000
vertex -0.383663 0.050000 0.010000
endloop
endfacet
facet normal 0.000000 1.000000 0.000000
outer loop
vertex -0.440594 -0.050000 -0.010000
vertex -0.443069 -0.050000 -0.010000
vertex -0.443069 -0.050000 0.010000
endloop
endfacet
facet normal 0.000000 1.000000 0.000000
outer loop
vertex -0.440594 -0.050000 -0.010000
vertex -0.443069 -0.050000 0.010000
vertex -0.440594 -0.050000 0.010000
endloop
endfacet
facet normal 0.000000 -1.000000 0.000000
outer loop
vertex -0.373762 0.050000 -0.010000
vertex -0.371287 0.050000 -0.010000
vertex -0.371287 0.050000 0.010000
endloop
endfacet
facet normal 0.000000 -1.000000 0.000000
outer loop
vertex -0.373762 0.050000 -0.010000
vertex -0.371287 0.050000 0.010000
vertex -0.373762 0.050000 0.010000
endloop
endfacet
facet normal 0.000000 1.000000 0.000000
outer loop
vertex -0.430693 -0.050000 -0.010000
vertex -0.433168 -0.050000 -0.010000
vertex -0.433168 -0.050000 0.010000
endloop
endfacet
facet normal 0.000000 1.000000 0.000000
outer loop
vertex -0.430693 -0.050000 -0.010000
vertex -0.433168 -0.050000 0.010000
vertex -0.430693 -0.050000 0.010000
endloop
endfacet
facet normal 0.000000 -1.000000 0.000000
outer loop
vertex -0.363861 0.050000 -0.010000
vertex -0.361386 0.050000 -0.010000
vertex -0.361386 0.050000 0.010000
endloop
endfacet
facet normal 0.000000 -1.000000 0.000000
outer loop
vertex -0.363861 0.050000 -0.010000
vertex -0.361386 0.050000 0.010000
vertex -0.363861 0.050000 0.010000
endloop
endfacet
facet normal 0.000000 1.000000 0.000000
outer loop
vertex -0.420792 -0.050000 -0.010000
vertex -0.423267 -0.050000 -0.010000
vertex -0.423267 -0.050000 0.010000
endloop
endfacet
facet normal 0.000000 1.000000 0.000000
outer loop
vertex -0.420792 -0.050000 -0.010000
vertex -0.423267 -0.050000 0.010000
vertex -0.420792 -0.050000 0.010000
endloop
endfacet
facet normal 0.000000 -1.000000 0.000000
outer loop
vertex -0.353960 0.050000 -0.010000
vertex -0.351485 0.050000 -0.010000
vertex -0.351485 0.050000 0.010000
endloop
endfacet
facet normal 0.000000 -1.000000 0.000000
outer loop
vertex -0.353960 0.050000 -0.010000
vertex -0.351485 0.050000 0.010000
vertex -0.353960 0.050000 0.010000
endloop
endfacet
facet normal 0.000000 1.000000 0.000000
outer loop
vertex -0.410891 -0.050000 -0.010000
vertex -0.413366 -0.050000 -0.010000
vertex -0.413366 -0.050000 0.010000
endloop
endfacet
facet normal 0.000000 1.000000 0.000000
outer loop
vertex -0.410891 -0.050000 -0.010000
vertex -0.413366 -0.050000 0.010000
vertex -0.410891 -0.050000 0.010000
endloop
endfacet
facet normal 0.000000 -1.000000 0.000000
outer loop
vertex -0.344059 0.050000 -0.010000
vertex -0.341584 0.050000 -0.010000
vertex -0.341584 0.050000 0.010000
endloop
endfacet
facet normal 0.000000 -1.000000 0.000000
outer loop
vertex -0.344059 0.050000 -0.010000
vertex -0.341584 0.050000 0.010000
vertex -0.344059 0.050000 0.010000
endloop
endfacet
facet normal 0.000000 1.000000 0.000000
outer loop
vertex -0.400990 -0.050000 -0.010000
vertex -0.403465 -0.050000 -0.010000
vertex -0.403465 -0.050000 0.010000
endloop
endfacet
facet normal 0.000000 1.000000 0.000000
outer loop
vertex -0.400990 -0.050000 -0.010000
vertex -0.403465 -0.050000 0.010000
vertex -0.400990 -0.050000 0.010000
endloop
endfacet
facet normal 0.000000 -1.000000 0.000000
outer loop
vertex -0.334158 0.050000 -0.010000
vertex -0.331683 0.050000 -0.010000
vertex -0.331683 0.050000 0.010000
endloop
endfacet
facet normal 0.000000 -1.000000 0.000000
outer loop
vertex -0.334158 0.050000 -0.010000
vertex -0.331683 0.050000 0.010000
vertex -0.334158 0.050000 0.010000
endloop
endfacet
facet normal 0.000000 1.000000 0.000000
outer loop
vertex -0.391089 -0.050000 -0.010000
vertex -0.393564 -0.050000 -0.010000
vertex -0.393564 -0.050000 0.010000
endloop
endfacet
facet normal 0.000000 1.000000 0.000000
outer loop
vertex -0.391089 -0.050000 -0.010000
vertex -0.393564 -0.050000 0.010000
vertex -0.391089 -0.050000 0.010000
endloop
endfacet
facet normal 0.000000 -1.000000 0.000000
outer loop
vertex -0.324257 0.050000 -0.010000
vertex -0.321782 0.050000 -0.010000
vertex -0.321782 0.050000 0.010000
endloop
endfacet
facet normal 0.000000 -1.000000 0.000000
outer loop
vertex -0.324257 0.050000 -0.010000
vertex -0.321782 0.050000 0.010000
vertex -0.324257 0.050000 0.010000
endloop
endfacet
facet normal 0.000000 1.000000 0.000000
outer loop
vertex -0.381188 -0.050000 -0.010000
vertex -0.383663 -0.050000 -0.010000
vertex -0.383663 -0.050000 0.010000
endloop
endfacet
facet normal 0.000000 1.000000 0.000000
outer loop
vertex -0.381188 -0.050000 -0.010000
vertex -0.383663 -0.050000 0.010000
vertex -0.381188 -0.050000 0.010000
endloop
endfacet
facet normal 0.000000 -1.000000 0.000000
outer loop
vertex -0.314356 0.050000 -0.010000
vertex -0.311881 0.050000 -0.010000
vertex -0.311881 0.050000 0.010000
endloop
endfacet
facet normal 0.000000 -1.000000 0.000000
outer loop
vertex -0.314356 0.050000 -0.010000
vertex -0.311881 0.050000 0.010000
vertex -0.314356 0.050000 0.010000
endloop
endfacet
facet normal 0.000000 1.000000 0.000000
outer loop
vertex -0.371287 -0.050000 -0.010000
vertex -0.373762 -0.050000 -0.010000
vertex -0.373762 -0.050000 0.010000
endloop
endfacet
facet normal 0.000000 1.000000 0.000000
outer loop
vertex -0.371287 -0.050000 -0.010000
vertex -0.373762 -0.050000 0.010000
vertex -0.371287 -0.050000 0.010000
endloop
endfacet
facet normal 0.000000 -1.000000 0.000000
outer loop
vertex -0.304455 0.050000 -0.010000
vertex -0.301980 0.050000 -0.010000
vertex -0.301980 0.050000 0.010000
endloop
endfacet
facet normal 0.000000 -1.000000 0.000000
outer loop
vertex -0.304455 0.050000 -0.010000
vertex -0.301980 0.050000 0.010000
vertex -0.304455 0.050000 0.010000
endloop
endfacet
facet normal 0.000000 1.000000 0.000000
outer loop
vertex -0.361386 -0.050000 -0.010000
vertex -0.363861 -0.050000 -0.010000
vertex -0.363861 -0.050000 0.010000
endloop
endfacet
facet normal 0.000000 1.000000 0.000000
outer loop
vertex -0.361386 -0.050000 -0.010000
vertex -0.363861 -0.050000 0.010000
vertex -0.361386 -0.050000 0.010000
endloop
endfacet
facet normal 0.000000 -1.000000 0.000000
outer loop
vertex -0.294554 0.050000 -0.010000
vertex -0.292079 0.050000 -0.010000
vertex -0.292079 0.050000 0.010000
endloop
endfacet
facet normal 0.000000 -1.000000 0.000000
outer loop
vertex -0.294554 0.050000 -0.010000
vertex -0.292079 0.050000 0.010000
vertex -0.294554 0.050000 0.010000
endloop
endfacet
facet normal 0.000000 1.000000 0.000000
outer loop
vertex -0.351485 -0.050000 -0.010000
vertex -0.353960 -0.050000 -0.010000
vertex -0.353960 -0.050000 0.010000
endloop
endfacet
facet normal 0.000000 1.000000 0.000000
outer loop
vertex -0.351485 -0.050000 -0.010000
vertex -0.353960 -0.050000 0.010000
vertex -0.351485 -0.050000 0.010000
endloop
endfacet
facet normal 0.000000 -1.000000 0.000000
outer loop
vertex -0.284653 0.050000 -0.010000
vertex -0.282178 0.050000 -0.010000
vertex -0.282178 0.050000 0.010000
endloop
endfacet
facet normal 0.000000 -1.000000 0.000000
outer loop
vertex -0.284653 0.050000 -0.010000
vertex -0.282178 0.050000 0.010000
vertex -0.284653 0.050000 0.010000
endloop
endfacet
facet normal 0.000000 1.000000 0.000000
outer loop
vertex -0.341584 -0.050000 -0.010000
vertex -0.344059 -0.050000 -0.010000
vertex -0.344059 -0.050000 0.010000
endloop
endfacet
facet normal 0.000000 1.000000 0.000000
outer loop
vertex -0.341584 -0.050000 -0.010000
vertex -0.344059 -0.050000 0.010000
vertex -0.341584 -0.050000 0.010000
endloop
endfacet
facet normal 0.000000 -1.000000 0.000000
outer loop
vertex -0.274752 0.050000 -0.010000
vertex -0.272277 0.050000 -0.010000
vertex -0.272277 0.050000 0.010000
endloop
endfacet
facet normal 0.000000 -1.000000 0.000000
outer loop
vertex -0.274752 0.050000 -0.010000
vertex -0.272277 0.050000 0.010000
vertex -0.274752 0.050000 0.010000
endloop
endfacet
facet normal 0.000000 1.000000 0.000000
outer loop
vertex -0.331683 -0.050000 -0.010000
vertex -0.334158 -0.050000 -0.010000
vertex -0.334158 -0.050000 0.010000
endloop
endfacet
facet normal 0.000000 1.000000 0.000000
outer loop
vertex -0.331683 -0.050000 -0.010000
vertex -0.334158 -0.050000 0.010000
vertex -0.331683 -0.050000 0.010000
endloop
endfacet
facet normal 0.000000 -1.000000 0.000000
outer loop
vertex -0.264852 0.050000 -0.010000
vertex -0.262376 0.050000 -0.010000
vertex -0.262376 0.050000 0.010000
endloop
endfacet
facet normal 0.000000 -1.000000 0.000000
outer loop
vertex -0.264852 0.050000 -0.010000
vertex -0.262376 0.050000 0.010000
vertex -0.264852 0.050000 0.010000
endloop
endfacet
facet normal 0.000000 1.000000 0.000000
outer loop
vertex -0.321782 -0.050000 -0.010000
vertex -0.324257 -0.050000 -0.010000
vertex -0.324257 -0.050000 0.010000
endloop
endfacet
facet normal 0.000000 1.000000 0.000000
outer loop
vertex -0.321782 -0.050000 -0.010000
vertex -0.324257 -0.050000 0.010000
vertex -0.321782 -0.050000 0.010000
endloop
endfacet
facet normal 0.000000 -1.000000 0.000000
outer loop
vertex -0.254951 0.050000 -0.010000
vertex -0.252475 0.050000 -0.010000
vertex -0.252475 0.050000 0.010000
endloop
endfacet
facet normal 0.000000 -1.000000 0.000000
outer loop
vertex -0.254951 0.050000 -0.010000
vertex -0.252475 0.050000 0.010000
vertex -0.254951 0.050000 0.010000
endloop
endfacet
facet normal 0.000000 1.000000 0.000000
outer loop
vertex -0.311881 -0.050000 -0.010000
vertex -0.314356 -0.050000 -0.010000
vertex -0.314356 -0.050000 0.010000
endloop
endfacet
facet normal 0.000000 1.000000 0.000000
outer loop
vertex -0.311881 -0.050000 -0.010000
vertex -0.314356 -0.050000 0.010000
vertex -0.311881 -0.050000 0.010000
endloop
endfacet
facet normal 0.000000 -1.000000 0.000000
outer loop
vertex -0.245050 0.050000 -0.010000
vertex -0.242574 0.050000 -0.010000
vertex -0.242574 0.050000 0.010000
endloop
endfacet
facet normal 0.000000 -1.000000 0.000000
outer loop
vertex -0.245050 0.050000 -0.010000
vertex -0.242574 0.050000 0.010000
vertex -0.245050 0.050000 0.010000
endloop
endfacet
facet normal 0.000000 1.000000 0.000000
outer loop
vertex -0.301980 -0.050000 -0.010000
vertex -0.304455 -0.050000 -0.010000
vertex -0.304455 -0.050000 0.010000
endloop
endfacet
facet normal 0.000000 1.000000 0.000000
outer loop
vertex -0.301980 -0.050000 -0.010000
vertex -0.304455 -0.050000 0.010000
vertex -0.301980 -0.050000 0.010000
endloop
endfacet
facet normal 0.000000 -1.000000 0.000000
outer loop
vertex -0.235149 0.050000 -0.010000
vertex -0.232673 0.050000 -0.010000
vertex -0.232673 0.050000 0.010000
endloop
endfacet
facet normal 0.000000 -1.000000 0.000000
outer loop
vertex -0.235149 0.050000 -0.010000
vertex -0.232673 0.050000 0.010000
vertex -0.235149 0.050000 0.010000
endloop
endfacet
facet normal 0.000000 1.000000 0.000000
outer loop
vertex -0.292079 -0.050000 -0.010000
vertex -0.294554 -0.050000 -0.010000
vertex -0.294554 -0.050000 0.010000
endloop
endfacet
facet normal 0.000000 1.000000 0.000000
outer loop
vertex -0.292079 -0.050000 -0.010000
vertex -0.294554 -0.050000 0.010000
vertex -0.292079 -0.050000 0.010000
endloop
endfacet
facet normal 0.000000 -1.000000 0.000000
outer loop
vertex -0.225248 0.050000 -0.010000
vertex -0.222772 0.050000 -0.010000
vertex -0.222772 0.050000 0.010000
endloop
endfacet
facet normal 0.000000 -1.000000 0.000000
outer loop
vertex -0.225248 0.050000 -0.010000
vertex -0.222772 0.050000 0.010000
vertex -0.225248 0.050000 0.010000
endloop
endfacet
facet normal 0.000000 1.000000 0.000000
outer loop
vertex -0.282178 -0.050000 -0.010000
vertex -0.284653 -0.050000 -0.010000
vertex -0.284653 -0.050000 0.010000
endloop
endfacet
facet normal 0.000000 1.000000 0.000000
outer loop
vertex -0.282178 -0.050000 -0.010000
vertex -0.284653 -0.050000 0.010000
vertex -0.282178 -0.050000 0.010000
endloop
endfacet
facet normal 0.000000 -1.000000 0.000000
outer loop
vertex -0.215347 0.050000 -0.010000
vertex -0.212871 0.050000 -0.010000
vertex -0.212871 0.050000 0.010000
endloop
endfacet
facet normal 0.000000 -1.000000 0.000000
outer loop
vertex -0.215347 0.050000 -0.010000
vertex -0.212871 0.050000 0.010000
vertex -0.215347 0.050000 0.010000
endloop
endfacet
facet normal 0.000000 1.000000 0.000000
outer loop
vertex -0.272277 -0.050000 -0.010000
vertex -0.274752 -0.050000 -0.010000
vertex -0.274752 -0.050000 0.010000
endloop
endfacet
facet normal 0.000000 1.000000 0.000000
outer loop
vertex -0.272277 -0.050000 -0.010000
vertex -0.274752 -0.050000 0.010000
vertex -0.272277 -0.050000 0.010000
endloop
endfacet
facet normal 0.000000 -1.000000 0.000000
outer loop
vertex -0.205446 0.050000 -0.010000
vertex -0.202970 0.050000 -0.010000
vertex -0.202970 0.050000 0.010000
endloop
endfacet
facet normal 0.000000 -1.000000 0.000000
outer loop
vertex -0.205446 0.050000 -0.010000
vertex -0.202970 0.050000 0.010000
vertex -0.205446 0.050000 0.010000
endloop
endfacet
facet normal 0.000000 1.000000 0.000000
outer loop
vertex -0.262376 -0.050000 -0.010000
vertex -0.264852 -0.050000 -0.010000
vertex -0.264852 -0.050000 0.010000
endloop
endfacet
facet normal 0.000000 1.000000 0.000000
outer loop
vertex -0.262376 -0.050000 -0.010000
vertex -0.264852 -0.050000 0.010000
vertex -0.262376 -0.050000 0.010000
endloop
endfacet
facet normal 0.000000 -1.000000 0.000000
outer loop
vertex -0.195545 0.050000 -0.010000
vertex -0.193069 0.050000 -0.010000
vertex -0.193069 0.050000 0.010000
endloop
endfacet
facet normal 0.000000 -1.000000 0.000000
outer loop
vertex -0.195545 0.050000 -0.010000
vertex -0.193069 0.050000 0.010000
vertex -0.195545 0.050000 0.010000
endloop
endfacet
facet normal 0.000000 1.000000 0.000000
outer loop
vertex -0.252475 -0.050000 -0.010000
vertex -0.254951 -0.050000 -0.010000
vertex -0.254951 -0.050000 0.010000
endloop
endfacet
facet normal 0.000000 1.000000 0.000000
outer loop
vertex -0.252475 -0.050000 -0.010000
vertex -0.254951 -0.050000 0.010000
vertex -0.252475 -0.050000 0.010000
endloop
endfacet
facet normal 0.000000 -1.000000 0.000000
outer loop
vertex -0.185644 0.050000 -0.010000
vertex -0.183168 0.050000 -0.010000
vertex -0.183168 0.050000 0.010000
endloop
endfacet
facet normal 0.000000 -1.000000 0.000000
outer loop
vertex -0.185644 0.050000 -0.010000
vertex -0.183168 0.050000 0.010000
vertex -0.185644 0.050000 0.010000
endloop
endfacet
facet normal 0.000000 1.000000 0.000000
outer loop
vertex -0.242574 -0.050000 -0.010000
vertex -0.245050 -0.050000 -0.010000
vertex -0.245050 -0.050000 0.010000
endloop
endfacet
facet normal 0.000000 1.000000 0.000000
outer loop
vertex -0.242574 -0.050000 -0.010000
vertex -0.245050 -0.050000 0.010000
vertex -0.242574 -0.050000 0.010000
endloop
endfacet
facet normal 0.000000 -1.000000 0.000000
outer loop
vertex -0.175743 0.050000 -0.010000
vertex -0.173267 0.050000 -0.010000
vertex -0.173267 0.050000 0.010000
endloop
endfacet
facet normal 0.000000 -1.000000 0.000000
outer loop
vertex -0.175743 0.050000 -0.010000
vertex -0.173267 0.050000 0.010000
vertex -0.175743 0.050000 0.010000
endloop
endfacet
facet normal 0.000000 1.000000 0.000000
outer loop
vertex -0.232673 -0.050000 -0.010000
vertex -0.235149 -0.050000 -0.010000
vertex -0.235149 -0.050000 0.010000
endloop
endfacet
facet normal 0.000000 1.000000 0.000000
outer loop
vertex -0.232673 -0.050000 -0.010000
vertex -0.235149 -0.050000 0.010000
vertex -0.232673 -0.050000 0.010000
endloop
endfacet
facet normal 0.000000 -1.000000 0.000000
outer loop
vertex -0.165842 0.050000 -0.010000
vertex -0.163366 0.050000 -0.010000
vertex -0.163366 0.050000 0.010000
endloop
endfacet
facet normal 0.000000 -1.000000 0.000000
outer loop
vertex -0.165842 0.050000 -0.010000
vertex -0.163366 0.050000 0.010000
vertex -0.165842 0.050000 0.010000
endloop
endfacet
facet normal 0.000000 1.000000 0.000000
outer loop
vertex -0.222772 -0.050000 -0.010000
vertex -0.225248 -0.050000 -0.010000
vertex -0.225248 -0.050000 0.010000
endloop
endfacet
facet normal 0.000000 1.000000 0.000000
outer loop
vertex -0.222772 -0.050000 -0.010000
vertex -0.225248 -0.050000 0.010000
vertex -0.222772 -0.050000 0.010000
endloop
endfacet
facet normal 0.000000 -1.000000 0.000000
outer loop
vertex -0.155941 0.050000 -0.010000
vertex -0.153465 0.050000 -0.010000
vertex -0.153465 0.050000 0.010000
endloop
endfacet
facet normal 0.000000 -1.000000 0.000000
outer loop
vertex -0.155941 0.050000 -0.010000
vertex -0.153465 0.050000 0.010000
vertex -0.155941 0.050000 0.010000
endloop
endfacet
facet normal 0.000000 1.000000 0.000000
outer loop
vertex -0.212871 -0.050000 -0.010000
vertex -0.215347 -0.050000 -0.010000
vertex -0.215347 -0.050000 0.010000
endloop
endfacet
facet normal 0.000000 1.000000 0.000000
outer loop
vertex -0.212871 -0.050000 -0.010000
vertex -0.215347 -0.050000 0.010000
vertex -0.212871 -0.050000 0.010000
endloop
endfacet
facet normal 0.000000 -1.000000 0.000000
outer loop
vertex -0.146040 0.050000 -0.010000
vertex -0.143564 0.050000 -0.010000
vertex -0.143564 0.050000 0.010000
endloop
endfacet
facet normal 0.000000 -1.000000 0.000000
outer loop
vertex -0.146040 0.050000 -0.010000
vertex -0.143564 0.050000 0.010000
vertex -0.146040 0.050000 0.010000
endloop
endfacet
facet normal 0.000000 1.000000 0.000000
outer loop
vertex -0.202970 -0.050000 -0.010000
vertex -0.205446 -0.050000 -0.010000
vertex -0.205446 -0.050000 0.010000
endloop
endfacet
facet normal 0.000000 1.000000 0.000000
outer loop
vertex -0.202970 -0.050000 -0.010000
vertex -0.205446 -0.050000 0.010000
vertex -0.202970 -0.050000 0.010000
endloop
endfacet
facet normal 0.000000 -1.000000 0.000000
outer loop
vertex -0.136139 0.050000 -0.010000
vertex -0.133663 0.050000 -0.010000
vertex -0.133663 0.050000 0.010000
endloop
endfacet
facet normal 0.000000 -1.000000 0.000000
outer loop
vertex -0.136139 0.050000 -0.010000
vertex -0.133663 0.050000 0.010000
vertex -0.136139 0.050000 0.010000
endloop
endfacet
facet normal 0.000000 1.000000 0.000000
outer loop
vertex -0.193069 -0.050000 -0.010000
vertex -0.195545 -0.050000 -0.010000
vertex -0.195545 -0.050000 0.010000
endloop
endfacet
facet normal 0.000000 1.000000 0.000000
outer loop
vertex -0.193069 -0.050000 -0.010000
vertex -0.195545 -0.050000 0.010000
vertex -0.193069 -0.050000 0.010000
endloop
endfacet
facet normal 0.000000 -1.000000 0.000000
outer loop
vertex -0.126238 0.050000 -0.010000
vertex -0.123762 0.050000 -0.010000
vertex -0.123762 0.050000 0.010000
endloop
endfacet
facet normal 0.000000 -1.000000 0.000000
outer loop
vertex -0.126238 0.050000 -0.010000
vertex -0.123762 0.050000 0.010000
vertex -0.126238 0.050000 0.010000
endloop
endfacet
facet normal 0.000000 1.000000 0.000000
outer loop
vertex -0.183168 -0.050000 -0.010000
vertex -0.185644 -0.050000 -0.010000
vertex -0.185644 -0.050000 0.010000
endloop
endfacet
facet normal 0.000000 1.000000 0.000000
outer loop
vertex -0.183168 -0.050000 -0.010000
vertex -0.185644 -0.050000 0.010000
vertex -0.183168 -0.050000 0.010000
endloop
endfacet
facet normal 0.000000 -1.000000 0.000000
outer loop
vertex -0.116337 0.050000 -0.010000
vertex -0.113861 0.050000 -0.010000
vertex -0.113861 0.050000 0.010000
endloop
endfacet
facet normal 0.000000 -1.000000 0.000000
outer loop
vertex -0.116337 0.050000 -0.010000
vertex -0.113861 0.050000 0.010000
vertex -0.116337 0.050000 0.010000
endloop
endfacet
facet normal 0.000000 1.000000 0.000000
outer loop
vertex -0.173267 -0.050000 -0.010000
vertex -0.175743 -0.050000 -0.010000
vertex -0.175743 -0.050000 0.010000
endloop
endfacet
facet normal 0.000000 1.000000 0.000000
outer loop
vertex -0.173267 -0.050000 -0.010000
vertex -0.175743 -0.050000 0.010000
vertex -0.173267 -0.050000 0.010000
endloop
endfacet
facet normal 0.000000 -1.000000 0.000000
outer loop
vertex -0.106436 0.050000 -0.010000
vertex -0.103960 0.050000 -0.010000
vertex -0.103960 0.050000 0.010000
endloop
endfacet
facet normal 0.000000 -1.000000 0.000000
outer loop
vertex -0.106436 0.050000 -0.010000
vertex -0.103960 0.050000 0.010000
vertex -0.106436 0.050000 0.010000
endloop
endfacet
facet normal 0.000000 1.000000 0.000000
outer loop
vertex -0.163366 -0.050000 -0.010000
vertex -0.165842 -0.050000 -0.010000
vertex -0.165842 -0.050000 0.010000
endloop
endfacet
facet normal 0.000000 1.000000 0.000000
outer loop
vertex -0.163366 -0.050000 -0.010000
vertex -0.165842 -0.050000 0.010000
vertex -0.163366 -0.050000 0.010000
endloop
endfacet
facet normal 0.000000 -1.000000 0.000000
outer loop
vertex -0.096535 0.050000 -0.010000
vertex -0.094059 0.050000 -0.010000
vertex -0.094059 0.050000 0.010000
endloop
endfacet
facet normal 0.000000 -1.000000 0.000000
outer loop
vertex -0.096535 0.050000 -0.010000
vertex -0.094059 0.050000 0.010000
vertex -0.096535 0.050000 0.010000
endloop
endfacet
facet normal 0.000000 1.000000 0.000000
outer loop
vertex -0.153465 -0.050000 -0.010000
vertex -0.155941 -0.050000 -0.010000
vertex -0.155941 -0.050000 0.010000
endloop
endfacet
facet normal 0.000000 1.000000 0.000000
outer loop
vertex -0.153465 -0.050000 -0.010000
vertex -0.155941 -0.050000 0.010000
vertex -0.153465 -0.050000 0.010000
endloop
endfacet
facet normal 0.000000 -1.000000 0.000000
outer loop
vertex -0.086634 0.050000 -0.010000
vertex -0.084159 0.050000 -0.010000
vertex -0.084159 0.050000 0.010000
endloop
endfacet
facet normal 0.000000 -1.000000 0.000000
outer loop
vertex -0.086634 0.050000 -0.010000
vertex -0.084159 0.050000 0.010000
vertex -0.086634 0.050000 0.010000
endloop
endfacet
facet normal 0.000000 1.000000 0.000000
outer loop
vertex -0.143564 -0.050000 -0.010000
vertex -0.146040 -0.050000 -0.010000
vertex -0.146040 -0.050000 0.010000
endloop
endfacet
facet normal 0.000000 1.000000 0.000000
outer loop
vertex -0.143564 -0.050000 -0.010000
vertex -0.146040 -0.050000 0.010000
vertex -0.143564 -0.050000 0.010000
endloop
endfacet
facet normal 0.000000 -1.000000 0.000000
outer loop
vertex -0.076733 0.050000 -0.010000
vertex -0.074258 0.050000 -0.010000
vertex -0.074258 0.050000 0.010000
endloop
endfacet
facet normal 0.000000 -1.000000 0.000000
outer loop
vertex -0.076733 0.050000 -0.010000
vertex -0.074258 0.050000 0.010000
vertex -0.076733 0.050000 0.010000
endloop
endfacet
facet normal 0.000000 1.000000 0.000000
outer loop
vertex -0.133663 -0.050000 -0.010000
vertex -0.136139 -0.050000 -0.010000
vertex -0.136139 -0.050000 0.010000
endloop
endfacet
facet normal 0.000000 1.000000 0.000000
outer loop
vertex -0.133663 -0.050000 -0.010000
vertex -0.136139 -0.050000 0.010000
vertex -0.133663 -0.050000 0.010000
endloop
endfacet
facet normal 0.000000 -1.000000 0.000000
outer loop
vertex -0.066832 0.050000 -0.010000
vertex -0.064357 0.050000 -0.010000
vertex -0.064357 0.050000 0.010000
endloop
endfacet
facet normal 0.000000 -1.000000 0.000000
outer loop
vertex -0.066832 0.050000 -0.010000
vertex -0.064357 0.050000 0.010000
vertex -0.066832 0.050000 0.010000
endloop
endfacet
facet normal 0.000000 1.000000 0.000000
outer loop
vertex -0.123762 -0.050000 -0.010000
vertex -0.126238 -0.050000 -0.010000
vertex -0.126238 -0.050000 0.010000
endloop
endfacet
facet normal 0.000000 1.000000 0.000000
outer loop
vertex -0.123762 -0.050000 -0.010000
vertex -0.126238 -0.050000 0.010000
vertex -0.123762 -0.050000 0.010000
endloop
endfacet
facet normal 0.000000 -1.000000 0.000000
outer loop
vertex -0.056931 0.050000 -0.010000
vertex -0.054456 0.050000 -0.010000
vertex -0.054456 0.050000 0.010000
endloop
endfacet
facet normal 0.000000 -1.000000 0.000000
outer loop
vertex -0.056931 0.050000 -0.010000
vertex -0.054456 0.050000 0.010000
vertex -0.056931 0.050000 0.010000
endloop
endfacet
facet normal 0.000000 1.000000 0.000000
outer loop
vertex -0.113861 -0.050000 -0.010000
vertex -0.116337 -0.050000 -0.010000
vertex -0.116337 -0.050000 0.010000
endloop
endfacet
facet normal 0.000000 1.000000 0.000000
outer loop
vertex -0.113861 -0.050000 -0.010000
vertex -0.116337 -0.050000 0.010000
vertex -0.113861 -0.050000 0.010000
endloop
endfacet
facet normal 0.000000 -1.000000 0.000000
outer loop
vertex -0.047030 0.050000 -0.010000
vertex -0.044555 0.050000 -0.010000
vertex -0.044555 0.050000 0.010000
endloop
endfacet
facet normal 0.000000 -1.000000 0.000000
outer loop
vertex -0.047030 0.050000 -0.010000
vertex -0.044555 0.050000 0.010000
vertex -0.047030 0.050000 0.010000
endloop
endfacet
facet normal 0.000000 1.000000 0.000000
outer loop
vertex -0.103960 -0.050000 -0.010000
vertex -0.106436 -0.050000 -0.010000
vertex -0.106436 -0.050000 0.010000
endloop
endfacet
facet normal 0.000000 1.000000 0.000000
outer loop
vertex -0.103960 -0.050000 -0.010000
vertex -0.106436 -0.050000 0.010000
vertex -0.103960 -0.050000 0.010000
endloop
endfacet
facet normal 0.000000 -1.000000 0.000000
outer loop
vertex -0.037129 0.050000 -0.010000
vertex -0.034654 0.050000 -0.010000
vertex -0.034654 0.050000 0.010000
endloop
endfacet
facet normal 0.000000 -1.000000 0.000000
outer loop
vertex -0.037129 0.050000 -0.010000
vertex -0.034654 0.050000 0.010000
vertex -0.037129 0.050000 0.010000
endloop
endfacet
facet normal 0.000000 1.000000 0.000000
outer loop
vertex -0.094059 -0.050000 -0.010000
vertex -0.096535 -0.050000 -0.010000
vertex -0.096535 -0.050000 0.010000
endloop
endfacet
facet normal 0.000000 1.000000 0.000000
outer loop
vertex -0.094059 -0.050000 -0.010000
vertex -0.096535 -0.050000 0.010000
vertex -0.094059 -0.050000 0.010000
endloop
endfacet
facet normal 0.000000 -1.000000 0.000000
outer loop
vertex -0.027228 0.050000 -0.010000
vertex -0.024753 0.050000 -0.010000
vertex -0.024753 0.050000 0.010000
endloop
endfacet
facet normal 0.000000 -1.000000 0.000000
outer loop
vertex -0.027228 0.050000 -0.010000
vertex -0.024753 0.050000 0.010000
vertex -0.027228 0.050000 0.010000
endloop
endfacet
facet normal 0.000000 1.000000 0.000000
outer loop
vertex -0.084159 -0.050000 -0.010000
vertex -0.086634 -0.050000 -0.010000
vertex -0.086634 -0.050000 0.010000
endloop
endfacet
facet normal 0.000000 1.000000 0.000000
outer loop
vertex -0.084159 -0.050000 -0.010000
vertex -0.086634 -0.050000 0.010000
vertex -0.084159 -0.050000 0.010000
endloop
endfacet
facet normal 0.000000 -1.000000 0.000000
outer loop
vertex -0.017327 0.050000 -0.010000
vertex -0.014852 0.050000 -0.010000
vertex -0.014852 0.050000 0.010000
endloop
endfacet
facet normal 0.000000 -1.000000 0.000000
outer loop
vertex -0.017327 0.050000 -0.010000
vertex -0.014852 0.050000 0.010000
vertex -0.017327 0.050000 0.010000
endloop
endfacet
facet normal 0.000000 1.000000 0.000000
outer loop
vertex -0.074258 -0.050000 -0.010000
vertex -0.076733 -0.050000 -0.010000
vertex -0.076733 -0.050000 0.010000
endloop
endfacet
facet normal 0.000000 1.000000 0.000000
outer loop
vertex -0.074258 -0.050000 -0.010000
vertex -0.076733 -0.050000 0.010000
vertex -0.074258 -0.050000 0.010000
endloop
endfacet
facet normal 0.000000 -1.000000 0.000000
outer loop
vertex -0.007426 0.050000 -0.010000
vertex -0.004951 0.050000 -0.010000
vertex -0.004951 0.050000 0.010000
endloop
endfacet
facet normal 0.000000 -1.000000 0.000000
outer loop
vertex -0.007426 0.050000 -0.010000
vertex -0.004951 0.050000 0.010000
vertex -0.007426 0.050000 0.010000
endloop
endfacet
facet normal 0.000000 1.000000 0.000000
outer loop
vertex -0.064357 -0.050000 -0.010000
vertex -0.066832 -0.050000 -0.010000
vertex -0.066832 -0.050000 0.010000
endloop
endfacet
facet normal 0.000000 1.000000 0.000000
outer loop
vertex -0.064357 -0.050000 -0.010000
vertex -0.066832 -0.050000 0.010000
vertex -0.064357 -0.050000 0.010000
endloop
endfacet
facet normal 0.000000 -1.000000 0.000000
outer loop
vertex -0.398515 0.050000 -0.010000
vertex -0.396040 0.050000 -0.010000
vertex -0.396040 0.050000 0.010000
endloop
endfacet
facet normal 0.000000 -1.000000 0.000000
outer loop
vertex -0.398515 0.050000 -0.010000
vertex -0.396040 0.050000 0.010000
vertex -0.398515 0.050000 0.010000
endloop
endfacet
facet normal 0.000000 1.000000 0.000000
outer loop
vertex -0.054456 -0.050000 -0.010000
vertex -0.056931 -0.050000 -0.010000
vertex -0.056931 -0.050000 0.010000
endloop
endfacet
facet normal 0.000000 1.000000 0.000000
outer loop
vertex -0.054456 -0.050000 -0.010000
vertex -0.056931 -0.050000 0.010000
vertex -0.054456 -0.050000 0.010000
endloop
endfacet
facet normal 0.000000 -1.000000 0.000000
outer loop
vertex -0.408416 0.050000 -0.010000
vertex -0.405941 0.050000 -0.010000
vertex -0.405941 0.050000 0.010000
endloop
endfacet
facet normal 0.000000 -1.000000 0.000000
outer loop
vertex -0.408416 0.050000 -0.010000
vertex -0.405941 0.050000 0.010000
vertex -0.408416 0.050000 0.010000
endloop
endfacet
facet normal 0.000000 1.000000 0.000000
outer loop
vertex -0.044555 -0.050000 -0.010000
vertex -0.047030 -0.050000 -0.010000
vertex -0.047030 -0.050000 0.010000
endloop
endfacet
facet normal 0.000000 1.000000 0.000000
outer loop
vertex -0.044555 -0.050000 -0.010000
vertex -0.047030 -0.050000 0.010000
vertex -0.044555 -0.050000 0.010000
endloop
endfacet
facet normal 0.000000 -1.000000 0.000000
outer loop
vertex -0.418317 0.050000 -0.010000
vertex -0.415842 0.050000 -0.010000
vertex -0.415842 0.050000 0.010000
endloop
endfacet
facet normal 0.000000 -1.000000 0.000000
outer loop
vertex -0.418317 0.050000 -0.010000
vertex -0.415842 0.050000 0.010000
vertex -0.418317 0.050000 0.010000
endloop
endfacet
facet normal 0.000000 1.000000 0.000000
outer loop
vertex -0.034654 -0.050000 -0.010000
vertex -0.037129 -0.050000 -0.010000
vertex -0.037129 -0.050000 0.010000
endloop
endfacet
facet normal 0.000000 1.000000 0.000000
outer loop
vertex -0.034654 -0.050000 -0.010000
vertex -0.037129 -0.050000 0.010000
vertex -0.034654 -0.050000 0.010000
endloop
endfacet
facet normal 0.000000 -1.000000 0.000000
outer loop
vertex -0.428218 0.050000 -0.010000
vertex -0.425743 0.050000 -0.010000
vertex -0.425743 0.050000 0.010000
endloop
endfacet
facet normal 0.000000 -1.000000 0.000000
outer loop
vertex -0.428218 0.050000 -0.010000
vertex -0.425743 0.050000 0.010000
vertex -0.428218 0.050000 0.010000
endloop
endfacet
facet normal 0.000000 1.000000 0.000000
outer loop
vertex -0.024753 -0.050000 -0.010000
vertex -0.027228 -0.050000 -0.010000
vertex -0.027228 -0.050000 0.010000
endloop
endfacet
facet normal 0.000000 1.000000 0.000000
outer loop
vertex -0.024753 -0.050000 -0.010000
vertex -0.027228 -0.050000 0.010000
vertex -0.024753 -0.050000 0.010000
endloop
endfacet
facet normal 0.000000 -1.000000 0.000000
outer loop
vertex -0.438119 0.050000 -0.010000
vertex -0.435644 0.050000 -0.010000
vertex -0.435644 0.050000 0.010000
endloop
endfacet
facet normal 0.000000 -1.000000 0.000000
outer loop
vertex -0.438119 0.050000 -0.010000
vertex -0.435644 0.050000 0.010000
vertex -0.438119 0.050000 0.010000
endloop
endfacet
facet normal 0.000000 1.000000 0.000000
outer loop
vertex -0.014852 -0.050000 -0.010000
vertex -0.017327 -0.050000 -0.010000
vertex -0.017327 -0.050000 0.010000
endloop
endfacet
facet normal 0.000000 1.000000 0.000000
outer loop
vertex -0.014852 -0.050000 -0.010000
vertex -0.017327 -0.050000 0.010000
vertex -0.014852 -0.050000 0.010000
endloop
endfacet
facet normal 0.000000 -1.000000 0.000000
outer loop
vertex -0.448020 0.050000 -0.010000
vertex -0.445545 0.050000 -0.010000
vertex -0.445545 0.050000 0.010000
endloop
endfacet
facet normal 0.000000 -1.000000 0.000000
outer loop
vertex -0.448020 0.050000 -0.010000
vertex -0.445545 0.050000 0.010000
vertex -0.448020 0.050000 0.010000
endloop
endfacet
facet normal 0.000000 1.000000 0.000000
outer loop
vertex -0.004951 -0.050000 -0.010000
vertex -0.007426 -0.050000 -0.010000
vertex -0.007426 -0.050000 0.010000
endloop
endfacet
facet normal 0.000000 1.000000 0.000000
outer loop
vertex -0.004951 -0.050000 -0.010000
vertex -0.007426 -0.050000 0.010000
vertex -0.004951 -0.050000 0.010000
endloop
endfacet
facet normal 0.000000 -1.000000 0.000000
outer loop
vertex -0.457921 0.050000 -0.010000
vertex -0.455446 0.050000 -0.010000
vertex -0.455446 0.050000 0.010000
endloop
endfacet
facet normal 0.000000 -1.000000 0.000000
outer loop
vertex -0.457921 0.050000 -0.010000
vertex -0.455446 0.050000 0.010000
vertex -0.457921 0.050000 0.010000
endloop
endfacet
facet normal 0.000000 1.000000 0.000000
outer loop
vertex -0.396040 -0.050000 -0.010000
vertex -0.398515 -0.050000 -0.010000
vertex -0.398515 -0.050000 0.010000
endloop
endfacet
facet normal 0.000000 1.000000 0.000000
outer loop
vertex -0.396040 -0.050000 -0.010000
vertex -0.398515 -0.050000 0.010000
vertex -0.396040 -0.050000 0.010000
endloop
endfacet
facet normal 0.000000 -1.000000 0.000000
outer loop
vertex -0.467822 0.050000 -0.010000
vertex -0.465347 0.050000 -0.010000
vertex -0.465347 0.050000 0.010000
endloop
endfacet
facet normal 0.000000 -1.000000 0.000000
outer loop
vertex -0.467822 0.050000 -0.010000
vertex -0.465347 0.050000 0.010000
vertex -0.467822 0.050000 0.010000
endloop
endfacet
facet normal 0.000000 1.000000 0.000000
outer loop
vertex -0.405941 -0.050000 -0.010000
vertex -0.408416 -0.050000 -0.010000
vertex -0.408416 -0.050000 0.010000
endloop
endfacet
facet normal 0.000000 1.000000 0.000000
outer loop
vertex -0.405941 -0.050000 -0.010000
vertex -0.408416 -0.050000 0.010000
vertex -0.405941 -0.050000 0.010000
endloop
endfacet
facet normal 0.000000 -1.000000 0.000000
outer loop
vertex -0.477723 0.050000 -0.010000
vertex -0.475248 0.050000 -0.010000
vertex -0.475248 0.050000 0.010000
endloop
endfacet
facet normal 0.000000 -1.000000 0.000000
outer loop
vertex -0.477723 0.050000 -0.010000
vertex -0.475248 0.050000 0.010000
vertex -0.477723 0.050000 0.010000
endloop
endfacet
facet normal 0.000000 1.000000 0.000000
outer loop
vertex -0.415842 -0.050000 -0.010000
vertex -0.418317 -0.050000 -0.010000
vertex -0.418317 -0.050000 0.010000
endloop
endfacet
facet normal 0.000000 1.000000 0.000000
outer loop
vertex -0.415842 -0.050000 -0.010000
vertex -0.418317 -0.050000 0.010000
vertex -0.415842 -0.050000 0.010000
endloop
endfacet
facet normal 0.000000 -1.000000 0.000000
outer loop
vertex -0.487624 0.050000 -0.010000
vertex -0.485149 0.050000 -0.010000
vertex -0.485149 0.050000 0.010000
endloop
endfacet
facet normal 0.000000 -1.000000 0.000000
outer loop
vertex -0.487624 0.050000 -0.010000
vertex -0.485149 0.050000 0.010000
vertex -0.487624 0.050000 0.010000
endloop
endfacet
facet normal 0.000000 1.000000 0.000000
outer loop
vertex -0.425743 -0.050000 -0.010000
vertex -0.428218 -0.050000 -0.010000
vertex -0.428218 -0.050000 0.010000
endloop
endfacet
facet normal 0.000000 1.000000 0.000000
outer loop
vertex -0.425743 -0.050000 -0.010000
vertex -0.428218 -0.050000 0.010000
vertex -0.425743 -0.050000 0.010000
endloop
endfacet
facet normal 0.000000 -1.000000 0.000000
outer loop
vertex -0.497525 0.050000 -0.010000
vertex -0.495050 0.050000 -0.010000
vertex -0.495050 0.050000 0.010000
endloop
endfacet
facet normal 0.000000 -1.000000 0.000000
outer loop
vertex -0.497525 0.050000 -0.010000
vertex -0.495050 0.050000 0.010000
vertex -0.497525 0.050000 0.010000
endloop
endfacet
facet normal 0.000000 1.000000 0.000000
outer loop
vertex -0.435644 -0.050000 -0.010000
vertex -0.438119 -0.050000 -0.010000
vertex -0.438119 -0.050000 0.010000
endloop
endfacet
facet normal 0.000000 1.000000 0.000000
outer loop
vertex -0.435644 -0.050000 -0.010000
vertex -0.438119 -0.050000 0.010000
vertex -0.435644 -0.050000 0.010000
endloop
endfacet
facet normal 0.000000 -1.000000 0.000000
outer loop
vertex -0.002475 0.050000 -0.010000
vertex 0.000000 0.050000 -0.010000
vertex 0.000000 0.050000 0.010000
endloop
endfacet
facet normal 0.000000 -1.000000 0.000000
outer loop
vertex -0.002475 0.050000 -0.010000
vertex 0.000000 0.050000 0.010000
vertex -0.002475 0.050000 0.010000
endloop
endfacet
facet normal 0.000000 1.000000 0.000000
outer loop
vertex -0.445545 -0.050000 -0.010000
vertex -0.448020 -0.050000 -0.010000
vertex -0.448020 -0.050000 0.010000
endloop
endfacet
facet normal 0.000000 1.000000 0.000000
outer loop
vertex -0.445545 -0.050000 -0.010000
vertex -0.448020 -0.050000 0.010000
vertex -0.445545 -0.050000 0.010000
endloop
endfacet
facet normal 0.000000 -1.000000 0.000000
outer loop
vertex -0.024753 0.050000 -0.010000
vertex -0.022277 0.050000 -0.010000
vertex -0.022277 0.050000 0.010000
endloop
endfacet
facet normal 0.000000 -1.000000 0.000000
outer loop
vertex -0.024753 0.050000 -0.010000
vertex -0.022277 0.050000 0.010000
vertex -0.024753 0.050000 0.010000
endloop
endfacet
facet normal 0.000000 1.000000 0.000000
outer loop
vertex -0.455446 -0.050000 -0.010000
vertex -0.457921 -0.050000 -0.010000
vertex -0.457921 -0.050000 0.010000
endloop
endfacet
facet normal 0.000000 1.000000 0.000000
outer loop
vertex -0.455446 -0.050000 -0.010000
vertex -0.457921 -0.050000 0.010000
vertex -0.455446 -0.050000 0.010000
endloop
endfacet
facet normal 0.000000 -1.000000 0.000000
outer loop
vertex -0.014852 0.050000 -0.010000
vertex -0.012376 0.050000 -0.010000
vertex -0.012376 0.050000 0.010000
endloop
endfacet
facet normal 0.000000 -1.000000 0.000000
outer loop
vertex -0.014852 0.050000 -0.010000
vertex -0.012376 0.050000 0.010000
vertex -0.014852 0.050000 0.010000
endloop
endfacet
facet normal 0.000000 1.000000 0.000000
outer loop
vertex -0.465347 -0.050000 -0.010000
vertex -0.467822 -0.050000 -0.010000
vertex -0.467822 -0.050000 0.010000
endloop
endfacet
facet normal 0.000000 1.000000 0.000000
outer loop
vertex -0.465347 -0.050000 -0.010000
vertex -0.467822 -0.050000 0.010000
vertex -0.465347 -0.050000 0.010000
endloop
endfacet
facet normal 0.000000 -1.000000 0.000000
outer loop
vertex -0.044555 0.050000 -0.010000
vertex -0.042079 0.050000 -0.010000
vertex -0.042079 0.050000 0.010000
endloop
endfacet
facet normal 0.000000 -1.000000 0.000000
outer loop
vertex -0.044555 0.050000 -0.010000
vertex -0.042079 0.050000 0.010000
vertex -0.044555 0.050000 0.010000
endloop
endfacet
facet normal 0.000000 1.000000 0.000000
outer loop
vertex -0.475248 -0.050000 -0.010000
vertex -0.477723 -0.050000 -0.010000
vertex -0.477723 -0.050000 0.010000
endloop
endfacet
facet normal 0.000000 1.000000 0.000000
outer loop
vertex -0.475248 -0.050000 -0.010000
vertex -0.477723 -0.050000 0.010000
vertex -0.475248 -0.050000 0.010000
endloop
endfacet
facet normal 0.000000 -1.000000 0.000000
outer loop
vertex -0.034654 0.050000 -0.010000
vertex -0.032178 0.050000 -0.010000
vertex -0.032178 0.050000 0.010000
endloop
endfacet
facet normal 0.000000 -1.000000 0.000000
outer loop
vertex -0.034654 0.050000 -0.010000
vertex -0.032178 0.050000 0.010000
vertex -0.034654 0.050000 0.010000
endloop
endfacet
facet normal 0.000000 1.000000 0.000000
outer loop
vertex -0.485149 -0.050000 -0.010000
vertex -0.487624 -0.050000 -0.010000
vertex -0.487624 -0.050000 0.010000
endloop
endfacet
facet normal 0.000000 1.000000 0.000000
outer loop
vertex -0.485149 -0.050000 -0.010000
vertex -0.487624 -0.050000 0.010000
vertex -0.485149 -0.050000 0.010000
endloop
endfacet
facet normal 0.000000 -1.000000 0.000000
outer loop
vertex -0.064357 0.050000 -0.010000
vertex -0.061881 0.050000 -0.010000
vertex -0.061881 0.050000 0.010000
endloop
endfacet
facet normal 0.000000 -1.000000 0.000000
outer loop
vertex -0.064357 0.050000 -0.010000
vertex -0.061881 0.050000 0.010000
vertex -0.064357 0.050000 0.010000
endloop
endfacet
facet normal 0.000000 1.000000 0.000000
outer loop
vertex -0.495050 -0.050000 -0.010000
vertex -0.497525 -0.050000 -0.010000
vertex -0.497525 -0.050000 0.010000
endloop
endfacet
facet normal 0.000000 1.000000 0.000000
outer loop
vertex -0.495050 -0.050000 -0.010000
vertex -0.497525 -0.050000 0.010000
vertex -0.495050 -0.050000 0.010000
endloop
endfacet
facet normal 0.000000 -1.000000 0.000000
outer loop
vertex -0.054456 0.050000 -0.010000
vertex -0.051980 0.050000 -0.010000
vertex -0.051980 0.050000 0.010000
endloop
endfacet
facet normal 0.000000 -1.000000 0.000000
outer loop
vertex -0.054456 0.050000 -0.010000
vertex -0.051980 0.050000 0.010000
vertex -0.054456 0.050000 0.010000
endloop
endfacet
facet normal 0.000000 1.000000 0.000000
outer loop
vertex 0.000000 -0.050000 -0.010000
vertex -0.002475 -0.050000 -0.010000
vertex -0.002475 -0.050000 0.010000
endloop
endfacet
facet normal 0.000000 1.000000 0.000000
outer loop
vertex 0.000000 -0.050000 -0.010000
vertex -0.002475 -0.050000 0.010000
vertex 0.000000 -0.050000 0.010000
endloop
endfacet
facet normal 0.000000 -1.000000 0.000000
outer loop
vertex -0.084159 0.050000 -0.010000
vertex -0.081683 0.050000 -0.010000
vertex -0.081683 0.050000 0.010000
endloop
endfacet
facet normal 0.000000 -1.000000 0.000000
outer loop
vertex -0.084159 0.050000 -0.010000
vertex -0.081683 0.050000 0.010000
vertex -0.084159 0.050000 0.010000
endloop
endfacet
facet normal 0.000000 1.000000 0.000000
outer loop
vertex -0.022277 -0.050000 -0.010000
vertex -0.024753 -0.050000 -0.010000
vertex -0.024753 -0.050000 0.010000
endloop
endfacet
facet normal 0.000000 1.000000 0.000000
outer loop
vertex -0.022277 -0.050000 -0.010000
vertex -0.024753 -0.050000 0.010000
vertex -0.022277 -0.050000 0.010000
endloop
endfacet
facet normal 0.000000 -1.000000 0.000000
outer loop
vertex -0.074258 0.050000 -0.010000
vertex -0.071782 0.050000 -0.010000
vertex -0.071782 0.050000 0.010000
endloop
endfacet
facet normal 0.000000 -1.000000 0.000000
outer loop
vertex -0.074258 0.050000 -0.010000
vertex -0.071782 0.050000 0.010000
vertex -0.074258 0.050000 0.010000
endloop
endfacet
facet normal 0.000000 1.000000 0.000000
outer loop
vertex -0.012376 -0.050000 -0.010000
vertex -0.014852 -0.050000 -0.010000
vertex -0.014852 -0.050000 0.010000
endloop
endfacet
facet normal 0.000000 1.000000 0.000000
outer loop
vertex -0.012376 -0.050000 -0.010000
vertex -0.014852 -0.050000 0.010000
vertex -0.012376 -0.050000 0.010000
endloop
endfacet
facet normal 0.000000 -1.000000 0.000000
outer loop
vertex -0.103960 0.050000 -0.010000
vertex -0.101485 0.050000 -0.010000
vertex -0.101485 0.050000 0.010000
endloop
endfacet
facet normal 0.000000 -1.000000 0.000000
outer loop
vertex -0.103960 0.050000 -0.010000
vertex -0.101485 0.050000 0.010000
vertex -0.103960 0.050000 0.010000
endloop
endfacet
facet normal 0.000000 1.000000 0.000000
outer loop
vertex -0.042079 -0.050000 -0.010000
vertex -0.044555 -0.050000 -0.010000
vertex -0.044555 -0.050000 0.010000
endloop
endfacet
facet normal 0.000000 1.000000 0.000000
outer loop
vertex -0.042079 -0.050000 -0.010000
vertex -0.044555 -0.050000 0.010000
vertex -0.042079 -0.050000 0.010000
endloop
endfacet
facet normal 0.000000 -1.000000 0.000000
outer loop
vertex -0.094059 0.050000 -0.010000
vertex -0.091584 0.050000 -0.010000
vertex -0.091584 0.050000 0.010000
endloop
endfacet
facet normal 0.000000 -1.000000 0.000000
outer loop
vertex -0.094059 0.050000 -0.010000
vertex -0.091584 0.050000 0.010000
vertex -0.094059 0.050000 0.010000
endloop
endfacet
facet normal 0.000000 1.000000 0.000000
outer loop
vertex -0.032178 -0.050000 -0.010000
vertex -0.034654 -0.050000 -0.010000
vertex -0.034654 -0.050000 0.010000
endloop
endfacet
facet normal 0.000000 1.000000 0.000000
outer loop
vertex -0.032178 -0.050000 -0.010000
vertex -0.034654 -0.050000 0.010000
vertex -0.032178 -0.050000 0.010000
endloop
endfacet
facet normal 0.000000 -1.000000 0.000000
outer loop
vertex -0.123762 0.050000 -0.010000
vertex -0.121287 0.050000 -0.010000
vertex -0.121287 0.050000 0.010000
endloop
endfacet
facet normal 0.000000 -1.000000 0.000000
outer loop
vertex -0.123762 0.050000 -0.010000
vertex -0.121287 0.050000 0.010000
vertex -0.123762 0.050000 0.010000
endloop
endfacet
facet normal 0.000000 1.000000 0.000000
outer loop
vertex -0.061881 -0.050000 -0.010000
vertex -0.064357 -0.050000 -0.010000
vertex -0.064357 -0.050000 0.010000
endloop
endfacet
facet normal 0.000000 1.000000 0.000000
outer loop
vertex -0.061881 -0.050000 -0.010000
vertex -0.064357 -0.050000 0.010000
vertex -0.061881 -0.050000 0.010000
endloop
endfacet
facet normal 0.000000 -1.000000 0.000000
outer loop
vertex -0.113861 0.050000 -0.010000
vertex -0.111386 0.050000 -0.010000
vertex -0.111386 0.050000 0.010000
endloop
endfacet
facet normal 0.000000 -1.000000 0.000000
outer loop
vertex -0.113861 0.050000 -0.010000
vertex -0.111386 0.050000 0.010000
vertex -0.113861 0.050000 0.010000
endloop
endfacet
facet normal 0.000000 1.000000 0.000000
outer loop
vertex -0.051980 -0.050000 -0.010000
vertex -0.054456 -0.050000 -0.010000
vertex -0.054456 -0.050000 0.010000
endloop
endfacet
facet normal 0.000000 1.000000 0.000000
outer loop
vertex -0.051980 -0.050000 -0.010000
vertex -0.054456 -0.050000 0.010000
vertex -0.051980 -0.050000 0.010000
endloop
endfacet
facet normal 0.000000 -1.000000 0.000000
outer loop
vertex -0.143564 0.050000 -0.010000
vertex -0.141089 0.050000 -0.010000
vertex -0.141089 0.050000 0.010000
endloop
endfacet
facet normal 0.000000 -1.000000 0.000000
outer loop
vertex -0.143564 0.050000 -0.010000
vertex -0.141089 0.050000 0.010000
vertex -0.143564 0.050000 0.010000
endloop
endfacet
facet normal 0.000000 1.000000 0.000000
outer loop
vertex -0.081683 -0.050000 -0.010000
vertex -0.084159 -0.050000 -0.010000
vertex -0.084159 -0.050000 0.010000
endloop
endfacet
facet normal 0.000000 1.000000 0.000000
outer loop
vertex -0.081683 -0.050000 -0.010000
vertex -0.084159 -0.050000 0.010000
vertex -0.081683 -0.050000 0.010000
endloop
endfacet
facet normal 0.000000 -1.000000 0.000000
outer loop
vertex -0.133663 0.050000 -0.010000
vertex -0.131188 0.050000 -0.010000
vertex -0.131188 0.050000 0.010000
endloop
endfacet
facet normal 0.000000 -1.000000 0.000000
outer loop
vertex -0.133663 0.050000 -0.010000
vertex -0.131188 0.050000 0.010000
vertex -0.133663 0.050000 0.010000
endloop
endfacet
facet normal 0.000000 1.000000 0.000000
outer loop
vertex -0.071782 -0.050000 -0.010000
vertex -0.074258 -0.050000 -0.010000
vertex -0.074258 -0.050000 0.010000
endloop
endfacet
facet normal 0.000000 1.000000 0.000000
outer loop
vertex -0.071782 -0.050000 -0.010000
vertex -0.074258 -0.050000 0.010000
vertex -0.071782 -0.050000 0.010000
endloop
endfacet
facet normal 0.000000 -1.000000 0.000000
outer loop
vertex -0.163366 0.050000 -0.010000
vertex -0.160891 0.050000 -0.010000
vertex -0.160891 0.050000 0.010000
endloop
endfacet
facet normal 0.000000 -1.000000 0.000000
outer loop
vertex -0.163366 0.050000 -0.010000
vertex -0.160891 0.050000 0.010000
vertex -0.163366 0.050000 0.010000
endloop
endfacet
facet normal 0.000000 1.000000 0.000000
outer loop
vertex -0.101485 -0.050000 -0.010000
vertex -0.103960 -0.050000 -0.010000
vertex -0.103960 -0.050000 0.010000
endloop
endfacet
facet normal 0.000000 1.000000 0.000000
outer loop
vertex -0.101485 -0.050000 -0.010000
vertex -0.103960 -0.050000 0.010000
vertex -0.101485 -0.050000 0.010000
endloop
endfacet
facet normal 0.000000 -1.000000 0.000000
outer loop
vertex -0.153465 0.050000 -0.010000
vertex -0.150990 0.050000 -0.010000
vertex -0.150990 0.050000 0.010000
endloop
endfacet
facet normal 0.000000 -1.000000 0.000000
outer loop
vertex -0.153465 0.050000 -0.010000
vertex -0.150990 0.050000 0.010000
vertex -0.153465 0.050000 0.010000
endloop
endfacet
facet normal 0.000000 1.000000 0.000000
outer loop
vertex -0.091584 -0.050000 -0.010000
vertex -0.094059 -0.050000 -0.010000
vertex -0.094059 -0.050000 0.010000
endloop
endfacet
facet normal 0.000000 1.000000 0.000000
outer loop
vertex -0.091584 -0.050000 -0.010000
vertex -0.094059 -0.050000 0.010000
vertex -0.091584 -0.050000 0.010000
endloop
endfacet
facet normal 0.000000 -1.000000 0.000000
outer loop
vertex -0.183168 0.050000 -0.010000
vertex -0.180693 0.050000 -0.010000
vertex -0.180693 0.050000 0.010000
endloop
endfacet
facet normal 0.000000 -1.000000 0.000000
outer loop
vertex -0.183168 0.050000 -0.010000
vertex -0.180693 0.050000 0.010000
vertex -0.183168 0.050000 0.010000
endloop
endfacet
facet normal 0.000000 1.000000 0.000000
outer loop
vertex -0.121287 -0.050000 -0.010000
vertex -0.123762 -0.050000 -0.010000
vertex -0.123762 -0.050000 0.010000
endloop
endfacet
facet normal 0.000000 1.000000 0.000000
outer loop
vertex -0.121287 -0.050000 -0.010000
vertex -0.123762 -0.050000 0.010000
vertex -0.121287 -0.050000 0.010000
endloop
endfacet
facet normal 0.000000 -1.000000 0.000000
outer loop
vertex -0.173267 0.050000 -0.010000
vertex -0.170792 0.050000 -0.010000
vertex -0.170792 0.050000 0.010000
endloop
endfacet
facet normal 0.000000 -1.000000 0.000000
outer loop
vertex -0.173267 0.050000 -0.010000
vertex -0.170792 0.050000 0.010000
vertex -0.173267 0.050000 0.010000
endloop
endfacet
facet normal 0.000000 1.000000 0.000000
outer loop
vertex -0.111386 -0.050000 -0.010000
vertex -0.113861 -0.050000 -0.010000
vertex -0.113861 -0.050000 0.010000
endloop
endfacet
facet normal 0.000000 1.000000 0.000000
outer loop
vertex -0.111386 -0.050000 -0.010000
vertex -0.113861 -0.050000 0.010000
vertex -0.111386 -0.050000 0.010000
endloop
endfacet
facet normal 0.000000 -1.000000 0.000000
outer loop
vertex -0.202970 0.050000 -0.010000
vertex -0.200495 0.050000 -0.010000
vertex -0.200495 0.050000 0.010000
endloop
endfacet
facet normal 0.000000 -1.000000 0.000000
outer loop
vertex -0.202970 0.050000 -0.010000
vertex -0.200495 0.050000 0.010000
vertex -0.202970 0.050000 0.010000
endloop
endfacet
facet normal 0.000000 1.000000 0.000000
outer loop
vertex -0.141089 -0.050000 -0.010000
vertex -0.143564 -0.050000 -0.010000
vertex -0.143564 -0.050000 0.010000
endloop
endfacet
facet normal 0.000000 1.000000 0.000000
outer loop
vertex -0.141089 -0.050000 -0.010000
vertex -0.143564 -0.050000 0.010000
vertex -0.141089 -0.050000 0.010000
endloop
endfacet
facet normal 0.000000 -1.000000 0.000000
outer loop
vertex -0.193069 0.050000 -0.010000
vertex -0.190594 0.050000 -0.010000
vertex -0.190594 0.050000 0.010000
endloop
endfacet
facet normal 0.000000 -1.000000 0.000000
outer loop
vertex -0.193069 0.050000 -0.010000
vertex -0.190594 0.050000 0.010000
vertex -0.193069 0.050000 0.010000
endloop
endfacet
facet normal 0.000000 1.000000 0.000000
outer loop
vertex -0.131188 -0.050000 -0.010000
vertex -0.133663 -0.050000 -0.010000
vertex -0.133663 -0.050000 0.010000
endloop
endfacet
facet normal 0.000000 1.000000 0.000000
outer loop
vertex -0.131188 -0.050000 -0.010000
vertex -0.133663 -0.050000 0.010000
vertex -0.131188 -0.050000 0.010000
endloop
endfacet
facet normal 0.000000 -1.000000 0.000000
outer loop
vertex -0.222772 0.050000 -0.010000
vertex -0.220297 0.050000 -0.010000
vertex -0.220297 0.050000 0.010000
endloop
endfacet
facet normal 0.000000 -1.000000 0.000000
outer loop
vertex -0.222772 0.050000 -0.010000
vertex -0.220297 0.050000 0.010000
vertex -0.222772 0.050000 0.010000
endloop
endfacet
facet normal 0.000000 1.000000 0.000000
outer loop
vertex -0.160891 -0.050000 -0.010000
vertex -0.163366 -0.050000 -0.010000
vertex -0.163366 -0.050000 0.010000
endloop
endfacet
facet normal 0.000000 1.000000 0.000000
outer loop
vertex -0.160891 -0.050000 -0.010000
vertex -0.163366 -0.050000 0.010000
vertex -0.160891 -0.050000 0.010000
endloop
endfacet
facet normal 0.000000 -1.000000 0.000000
outer loop
vertex -0.212871 0.050000 -0.010000
vertex -0.210396 0.050000 -0.010000
vertex -0.210396 0.050000 0.010000
endloop
endfacet
facet normal 0.000000 -1.000000 0.000000
outer loop
vertex -0.212871 0.050000 -0.010000
vertex -0.210396 0.050000 0.010000
vertex -0.212871 0.050000 0.010000
endloop
endfacet
facet normal 0.000000 1.000000 0.000000
outer loop
vertex -0.150990 -0.050000 -0.010000
vertex -0.153465 -0.050000 -0.010000
vertex -0.153465 -0.050000 0.010000
endloop
endfacet
facet normal 0.000000 1.000000 0.000000
outer loop
vertex -0.150990 -0.050000 -0.010000
vertex -0.153465 -0.050000 0.010000
vertex -0.150990 -0.050000 0.010000
endloop
endfacet
facet normal 0.000000 -1.000000 0.000000
outer loop
vertex -0.242574 0.050000 -0.010000
vertex -0.240099 0.050000 -0.010000
vertex -0.240099 0.050000 0.010000
endloop
endfacet
facet normal 0.000000 -1.000000 0.000000
outer loop
vertex -0.242574 0.050000 -0.010000
vertex -0.240099 0.050000 0.010000
vertex -0.242574 0.050000 0.010000
endloop
endfacet
facet normal 0.000000 1.000000 0.000000
outer loop
vertex -0.180693 -0.050000 -0.010000
vertex -0.183168 -0.050000 -0.010000
vertex -0.183168 -0.050000 0.010000
endloop
endfacet
facet normal 0.000000 1.000000 0.000000
outer loop
vertex -0.180693 -0.050000 -0.010000
vertex -0.183168 -0.050000 0.010000
vertex -0.180693 -0.050000 0.010000
endloop
endfacet
facet normal 0.000000 -1.000000 0.000000
outer loop
vertex -0.232673 0.050000 -0.010000
vertex -0.230198 0.050000 -0.010000
vertex -0.230198 0.050000 0.010000
endloop
endfacet
facet normal 0.000000 -1.000000 0.000000
outer loop
vertex -0.232673 0.050000 -0.010000
vertex -0.230198 0.050000 0.010000
vertex -0.232673 0.050000 0.010000
endloop
endfacet
facet normal 0.000000 1.000000 0.000000
outer loop
vertex -0.170792 -0.050000 -0.010000
vertex -0.173267 -0.050000 -0.010000
vertex -0.173267 -0.050000 0.010000
endloop
endfacet
facet normal 0.000000 1.000000 0.000000
outer loop
vertex -0.170792 -0.050000 -0.010000
vertex -0.173267 -0.050000 0.010000
vertex -0.170792 -0.050000 0.010000
endloop
endfacet
facet normal 0.000000 -1.000000 0.000000
outer loop
vertex -0.262376 0.050000 -0.010000
vertex -0.259901 0.050000 -0.010000
vertex -0.259901 0.050000 0.010000
endloop
endfacet
facet normal 0.000000 -1.000000 0.000000
outer loop
vertex -0.262376 0.050000 -0.010000
vertex -0.259901 0.050000 0.010000
vertex -0.262376 0.050000 0.010000
endloop
endfacet
facet normal 0.000000 1.000000 0.000000
outer loop
vertex -0.200495 -0.050000 -0.010000
vertex -0.202970 -0.050000 -0.010000
vertex -0.202970 -0.050000 0.010000
endloop
endfacet
facet normal 0.000000 1.000000 0.000000
outer loop
vertex -0.200495 -0.050000 -0.010000
vertex -0.202970 -0.050000 0.010000
vertex -0.200495 -0.050000 0.010000
endloop
endfacet
facet normal 0.000000 -1.000000 0.000000
outer loop
vertex -0.252475 0.050000 -0.010000
vertex -0.250000 0.050000 -0.010000
vertex -0.250000 0.050000 0.010000
endloop
endfacet
facet normal 0.000000 -1.000000 0.000000
outer loop
vertex -0.252475 0.050000 -0.010000
vertex -0.250000 0.050000 0.010000
vertex -0.252475 0.050000 0.010000
endloop
endfacet
facet normal 0.000000 1.000000 0.000000
outer loop
vertex -0.190594 -0.050000 -0.010000
vertex -0.193069 -0.050000 -0.010000
vertex -0.193069 -0.050000 0.010000
endloop
endfacet
facet normal 0.000000 1.000000 0.000000
outer loop
vertex -0.190594 -0.050000 -0.010000
vertex -0.193069 -0.050000 0.010000
vertex -0.190594 -0.050000 0.010000
endloop
endfacet
facet normal 0.000000 -1.000000 0.000000
outer loop
vertex -0.282178 0.050000 -0.010000
vertex -0.279703 0.050000 -0.010000
vertex -0.279703 0.050000 0.010000
endloop
endfacet
facet normal 0.000000 -1.000000 0.000000
outer loop
vertex -0.282178 0.050000 -0.010000
vertex -0.279703 0.050000 0.010000
vertex -0.282178 0.050000 0.010000
endloop
endfacet
facet normal 0.000000 1.000000 0.000000
outer loop
vertex -0.220297 -0.050000 -0.010000
vertex -0.222772 -0.050000 -0.010000
vertex -0.222772 -0.050000 0.010000
endloop
endfacet
facet normal 0.000000 1.000000 0.000000
outer loop
vertex -0.220297 -0.050000 -0.010000
vertex -0.222772 -0.050000 0.010000
vertex -0.220297 -0.050000 0.010000
endloop
endfacet
facet normal 0.000000 -1.000000 0.000000
outer loop
vertex -0.272277 0.050000 -0.010000
vertex -0.269802 0.050000 -0.010000
vertex -0.269802 0.050000 0.010000
endloop
endfacet
facet normal 0.000000 -1.000000 0.000000
outer loop
vertex -0.272277 0.050000 -0.010000
vertex -0.269802 0.050000 0.010000
vertex -0.272277 0.050000 0.010000
endloop
endfacet
facet normal 0.000000 1.000000 0.000000
outer loop
vertex -0.210396 -0.050000 -0.010000
vertex -0.212871 -0.050000 -0.010000
vertex -0.212871 -0.050000 0.010000
endloop
endfacet
facet normal 0.000000 1.000000 0.000000
outer loop
vertex -0.210396 -0.050000 -0.010000
vertex -0.212871 -0.050000 0.010000
vertex -0.210396 -0.050000 0.010000
endloop
endfacet
facet normal 0.000000 -1.000000 0.000000
outer loop
vertex -0.301980 0.050000 -0.010000
vertex -0.299505 0.050000 -0.010000
vertex -0.299505 0.050000 0.010000
endloop
endfacet
facet normal 0.000000 -1.000000 0.000000
outer loop
vertex -0.301980 0.050000 -0.010000
vertex -0.299505 0.050000 0.010000
vertex -0.301980 0.050000 0.010000
endloop
endfacet
facet normal 0.000000 1.000000 0.000000
outer loop
vertex -0.240099 -0.050000 -0.010000
vertex -0.242574 -0.050000 -0.010000
vertex -0.242574 -0.050000 0.010000
endloop
endfacet
facet normal 0.000000 1.000000 0.000000
outer loop
vertex -0.240099 -0.050000 -0.010000
vertex -0.242574 -0.050000 0.010000
vertex -0.240099 -0.050000 0.010000
endloop
endfacet
facet normal 0.000000 -1.000000 0.000000
outer loop
vertex -0.292079 0.050000 -0.010000
vertex -0.289604 0.050000 -0.010000
vertex -0.289604 0.050000 0.010000
endloop
endfacet
facet normal 0.000000 -1.000000 0.000000
outer loop
vertex -0.292079 0.050000 -0.010000
vertex -0.289604 0.050000 0.010000
vertex -0.292079 0.050000 0.010000
endloop
endfacet
facet normal 0.000000 1.000000 0.000000
outer loop
vertex -0.230198 -0.050000 -0.010000
vertex -0.232673 -0.050000 -0.010000
vertex -0.232673 -0.050000 0.010000
endloop
endfacet
facet normal 0.000000 1.000000 0.000000
outer loop
vertex -0.230198 -0.050000 -0.010000
vertex -0.232673 -0.050000 0.010000
vertex -0.230198 -0.050000 0.010000
endloop
endfacet
facet normal 0.000000 -1.000000 0.000000
outer loop
vertex -0.321782 0.050000 -0.010000
vertex -0.319307 0.050000 -0.010000
vertex -0.319307 0.050000 0.010000
endloop
endfacet
facet normal 0.000000 -1.000000 0.000000
outer loop
vertex -0.321782 0.050000 -0.010000
vertex -0.319307 0.050000 0.010000
vertex -0.321782 0.050000 0.010000
endloop
endfacet
facet normal 0.000000 1.000000 0.000000
outer loop
vertex -0.259901 -0.050000 -0.010000
vertex -0.262376 -0.050000 -0.010000
vertex -0.262376 -0.050000 0.010000
endloop
endfacet
facet normal 0.000000 1.000000 0.000000
outer loop
vertex -0.259901 -0.050000 -0.010000
vertex -0.262376 -0.050000 0.010000
vertex -0.259901 -0.050000 0.010000
endloop
endfacet
facet normal 0.000000 -1.000000 0.000000
outer loop
vertex -0.311881 0.050000 -0.010000
vertex -0.309406 0.050000 -0.010000
vertex -0.309406 0.050000 0.010000
endloop
endfacet
facet normal 0.000000 -1.000000 0.000000
outer loop
vertex -0.311881 0.050000 -0.010000
vertex -0.309406 0.050000 0.010000
vertex -0.311881 0.050000 0.010000
endloop
endfacet
facet normal 0.000000 1.000000 0.000000
outer loop
vertex -0.250000 -0.050000 -0.010000
vertex -0.252475 -0.050000 -0.010000
vertex -0.252475 -0.050000 0.010000
endloop
endfacet
facet normal 0.000000 1.000000 0.000000
outer loop
vertex -0.250000 -0.050000 -0.010000
vertex -0.252475 -0.050000 0.010000
vertex -0.250000 -0.050000 0.010000
endloop
endfacet
facet normal 0.000000 -1.000000 0.000000
outer loop
vertex -0.341584 0.050000 -0.010000
vertex -0.339109 0.050000 -0.010000
vertex -0.339109 0.050000 0.010000
endloop
endfacet
facet normal 0.000000 -1.000000 0.000000
outer loop
vertex -0.341584 0.050000 -0.010000
vertex -0.339109 0.050000 0.010000
vertex -0.341584 0.050000 0.010000
endloop
endfacet
facet normal 0.000000 1.000000 0.000000
outer loop
vertex -0.279703 -0.050000 -0.010000
vertex -0.282178 -0.050000 -0.010000
vertex -0.282178 -0.050000 0.010000
endloop
endfacet
facet normal 0.000000 1.000000 0.000000
outer loop
vertex -0.279703 -0.050000 -0.010000
vertex -0.282178 -0.050000 0.010000
vertex -0.279703 -0.050000 0.010000
endloop
endfacet
facet normal 0.000000 -1.000000 0.000000
outer loop
vertex -0.331683 0.050000 -0.010000
vertex -0.329208 0.050000 -0.010000
vertex -0.329208 0.050000 0.010000
endloop
endfacet
facet normal 0.000000 -1.000000 0.000000
outer loop
vertex -0.331683 0.050000 -0.010000
vertex -0.329208 0.050000 0.010000
vertex -0.331683 0.050000 0.010000
endloop
endfacet
facet normal 0.000000 1.000000 0.000000
outer loop
vertex -0.269802 -0.050000 -0.010000
vertex -0.272277 -0.050000 -0.010000
vertex -0.272277 -0.050000 0.010000
endloop
endfacet
facet normal 0.000000 1.000000 0.000000
outer loop
vertex -0.269802 -0.050000 -0.010000
vertex -0.272277 -0.050000 0.010000
vertex -0.269802 -0.050000 0.010000
endloop
endfacet
facet normal 0.000000 -1.000000 0.000000
outer loop
vertex -0.361386 0.050000 -0.010000
vertex -0.358911 0.050000 -0.010000
vertex -0.358911 0.050000 0.010000
endloop
endfacet
facet normal 0.000000 -1.000000 0.000000
outer loop
vertex -0.361386 0.050000 -0.010000
vertex -0.358911 0.050000 0.010000
vertex -0.361386 0.050000 0.010000
endloop
endfacet
facet normal 0.000000 1.000000 0.000000
outer loop
vertex -0.299505 -0.050000 -0.010000
vertex -0.301980 -0.050000 -0.010000
vertex -0.301980 -0.050000 0.010000
endloop
endfacet
facet normal 0.000000 1.000000 0.000000
outer loop
vertex -0.299505 -0.050000 -0.010000
vertex -0.301980 -0.050000 0.010000
vertex -0.299505 -0.050000 0.010000
endloop
endfacet
facet normal 0.000000 -1.000000 0.000000
outer loop
vertex -0.351485 0.050000 -0.010000
vertex -0.349010 0.050000 -0.010000
vertex -0.349010 0.050000 0.010000
endloop
endfacet
facet normal 0.000000 -1.000000 0.000000
outer loop
vertex -0.351485 0.050000 -0.010000
vertex -0.349010 0.050000 0.010000
vertex -0.351485 0.050000 0.010000
endloop
endfacet
facet normal 0.000000 1.000000 0.000000
outer loop
vertex -0.289604 -0.050000 -0.010000
vertex -0.292079 -0.050000 -0.010000
vertex -0.292079 -0.050000 0.010000
endloop
endfacet
facet normal 0.000000 1.000000 0.000000
outer loop
vertex -0.289604 -0.050000 -0.010000
vertex -0.292079 -0.050000 0.010000
vertex -0.289604 -0.050000 0.010000
endloop
endfacet
facet normal 0.000000 -1.000000 0.000000
outer loop
vertex -0.381188 0.050000 -0.010000
vertex -0.378713 0.050000 -0.010000
vertex -0.378713 0.050000 0.010000
endloop
endfacet
facet normal 0.000000 -1.000000 0.000000
outer loop
vertex -0.381188 0.050000 -0.010000
vertex -0.378713 0.050000 0.010000
vertex -0.381188 0.050000 0.010000
endloop
endfacet
facet normal 0.000000 1.000000 0.000000
outer loop
vertex -0.319307 -0.050000 -0.010000
vertex -0.321782 -0.050000 -0.010000
vertex -0.321782 -0.050000 0.010000
endloop
endfacet
facet normal 0.000000 1.000000 0.000000
outer loop
vertex -0.319307 -0.050000 -0.010000
vertex -0.321782 -0.050000 0.010000
vertex -0.319307 -0.050000 0.010000
endloop
endfacet
facet normal 0.000000 -1.000000 0.000000
outer loop
vertex -0.371287 0.050000 -0.010000
vertex -0.368812 0.050000 -0.010000
vertex -0.368812 0.050000 0.010000
endloop
endfacet
facet normal 0.000000 -1.000000 0.000000
outer loop
vertex -0.371287 0.050000 -0.010000
vertex -0.368812 0.050000 0.010000
vertex -0.371287 0.050000 0.010000
endloop
endfacet
facet normal 0.000000 1.000000 0.000000
outer loop
vertex -0.309406 -0.050000 -0.010000
vertex -0.311881 -0.050000 -0.010000
vertex -0.311881 -0.050000 0.010000
endloop
endfacet
facet normal 0.000000 1.000000 0.000000
outer loop
vertex -0.309406 -0.050000 -0.010000
vertex -0.311881 -0.050000 0.010000
vertex -0.309406 -0.050000 0.010000
endloop
endfacet
facet normal 0.000000 -1.000000 0.000000
outer loop
vertex -0.495050 0.050000 -0.010000
vertex -0.492574 0.050000 -0.010000
vertex -0.492574 0.050000 0.010000
endloop
endfacet
facet normal 0.000000 -1.000000 0.000000
outer loop
vertex -0.495050 0.050000 -0.010000
vertex -0.492574 0.050000 0.010000
vertex -0.495050 0.050000 0.010000
endloop
endfacet
facet normal 0.000000 1.000000 0.000000
outer loop
vertex -0.339109 -0.050000 -0.010000
vertex -0.341584 -0.050000 -0.010000
vertex -0.341584 -0.050000 0.010000
endloop
endfacet
facet normal 0.000000 1.000000 0.000000
outer loop
vertex -0.339109 -0.050000 -0.010000
vertex -0.341584 -0.050000 0.010000
vertex -0.339109 -0.050000 0.010000
endloop
endfacet
facet normal 0.000000 -1.000000 0.000000
outer loop
vertex -0.391089 0.050000 -0.010000
vertex -0.388614 0.050000 -0.010000
vertex -0.388614 0.050000 0.010000
endloop
endfacet
facet normal 0.000000 -1.000000 0.000000
outer loop
vertex -0.391089 0.050000 -0.010000
vertex -0.388614 0.050000 0.010000
vertex -0.391089 0.050000 0.010000
endloop
endfacet
facet normal 0.000000 1.000000 0.000000
outer loop
vertex -0.329208 -0.050000 -0.010000
vertex -0.331683 -0.050000 -0.010000
vertex -0.331683 -0.050000 0.010000
endloop
endfacet
facet normal 0.000000 1.000000 0.000000
outer loop
vertex -0.329208 -0.050000 -0.010000
vertex -0.331683 -0.050000 0.010000
vertex -0.329208 -0.050000 0.010000
endloop
endfacet
facet normal 0.000000 -1.000000 0.000000
outer loop
vertex -0.475248 0.050000 -0.010000
vertex -0.472772 0.050000 -0.010000
vertex -0.472772 0.050000 0.010000
endloop
endfacet
facet normal 0.000000 -1.000000 0.000000
outer loop
vertex -0.475248 0.050000 -0.010000
vertex -0.472772 0.050000 0.010000
vertex -0.475248 0.050000 0.010000
endloop
endfacet
facet normal 0.000000 1.000000 0.000000
outer loop
vertex -0.358911 -0.050000 -0.010000
vertex -0.361386 -0.050000 -0.010000
vertex -0.361386 -0.050000 0.010000
endloop
endfacet
facet normal 0.000000 1.000000 0.000000
outer loop
vertex -0.358911 -0.050000 -0.010000
vertex -0.361386 -0.050000 0.010000
vertex -0.358911 -0.050000 0.010000
endloop
endfacet
facet normal 0.000000 -1.000000 0.000000
outer loop
vertex -0.485149 0.050000 -0.010000
vertex -0.482673 0.050000 -0.010000
vertex -0.482673 0.050000 0.010000
endloop
endfacet
facet normal 0.000000 -1.000000 0.000000
outer loop
vertex -0.485149 0.050000 -0.010000
vertex -0.482673 0.050000 0.010000
vertex -0.485149 0.050000 0.010000
endloop
endfacet
facet normal 0.000000 1.000000 0.000000
outer loop
vertex -0.349010 -0.050000 -0.010000
vertex -0.351485 -0.050000 -0.010000
vertex -0.351485 -0.050000 0.010000
endloop
endfacet
facet normal 0.000000 1.000000 0.000000
outer loop
vertex -0.349010 -0.050000 -0.010000
vertex -0.351485 -0.050000 0.010000
vertex -0.349010 -0.050000 0.010000
endloop
endfacet
facet normal 0.000000 -1.000000 0.000000
outer loop
vertex -0.455446 0.050000 -0.010000
vertex -0.452970 0.050000 -0.010000
vertex -0.452970 0.050000 0.010000
endloop
endfacet
facet normal 0.000000 -1.000000 0.000000
outer loop
vertex -0.455446 0.050000 -0.010000
vertex -0.452970 0.050000 0.010000
vertex -0.455446 0.050000 0.010000
endloop
endfacet
facet normal 0.000000 1.000000 0.000000
outer loop
vertex -0.378713 -0.050000 -0.010000
vertex -0.381188 -0.050000 -0.010000
vertex -0.381188 -0.050000 0.010000
endloop
endfacet
facet normal 0.000000 1.000000 0.000000
outer loop
vertex -0.378713 -0.050000 -0.010000
vertex -0.381188 -0.050000 0.010000
vertex -0.378713 -0.050000 0.010000
endloop
endfacet
facet normal 0.000000 -1.000000 0.000000
outer loop
vertex -0.465347 0.050000 -0.010000
vertex -0.462871 0.050000 -0.010000
vertex -0.462871 0.050000 0.010000
endloop
endfacet
facet normal 0.000000 -1.000000 0.000000
outer loop
vertex -0.465347 0.050000 -0.010000
vertex -0.462871 0.050000 0.010000
vertex -0.465347 0.050000 0.010000
endloop
endfacet
facet normal 0.000000 1.000000 0.000000
outer loop
vertex -0.368812 -0.050000 -0.010000
vertex -0.371287 -0.050000 -0.010000
vertex -0.371287 -0.050000 0.010000
endloop
endfacet
facet normal 0.000000 1.000000 0.000000
outer loop
vertex -0.368812 -0.050000 -0.010000
vertex -0.371287 -0.050000 0.010000
vertex -0.368812 -0.050000 0.010000
endloop
endfacet
facet normal 0.000000 -1.000000 0.000000
outer loop
vertex -0.435644 0.050000 -0.010000
vertex -0.433168 0.050000 -0.010000
vertex -0.433168 0.050000 0.010000
endloop
endfacet
facet normal 0.000000 -1.000000 0.000000
outer loop
vertex -0.435644 0.050000 -0.010000
vertex -0.433168 0.050000 0.010000
vertex -0.435644 0.050000 0.010000
endloop
endfacet
facet normal 0.000000 1.000000 0.000000
outer loop
vertex -0.492574 -0.050000 -0.010000
vertex -0.495050 -0.050000 -0.010000
vertex -0.495050 -0.050000 0.010000
endloop
endfacet
facet normal 0.000000 1.000000 0.000000
outer loop
vertex -0.492574 -0.050000 -0.010000
vertex -0.495050 -0.050000 0.010000
vertex -0.492574 -0.050000 0.010000
endloop
endfacet
facet normal 0.000000 -1.000000 0.000000
outer loop
vertex -0.445545 0.050000 -0.010000
vertex -0.443069 0.050000 -0.010000
vertex -0.443069 0.050000 0.010000
endloop
endfacet
facet normal 0.000000 -1.000000 0.000000
outer loop
vertex -0.445545 0.050000 -0.010000
vertex -0.443069 0.050000 0.010000
vertex -0.445545 0.050000 0.010000
endloop
endfacet
facet normal 0.000000 1.000000 0.000000
outer loop
vertex -0.388614 -0.050000 -0.010000
vertex -0.391089 -0.050000 -0.010000
vertex -0.391089 -0.050000 0.010000
endloop
endfacet
facet normal 0.000000 1.000000 0.000000
outer loop
vertex -0.388614 -0.050000 -0.010000
vertex -0.391089 -0.050000 0.010000
vertex -0.388614 -0.050000 0.010000
endloop
endfacet
facet normal 0.000000 -1.000000 0.000000
outer loop
vertex -0.415842 0.050000 -0.010000
vertex -0.413366 0.050000 -0.010000
vertex -0.413366 0.050000 0.010000
endloop
endfacet
facet normal 0.000000 -1.000000 0.000000
outer loop
vertex -0.415842 0.050000 -0.010000
vertex -0.413366 0.050000 0.010000
vertex -0.415842 0.050000 0.010000
endloop
endfacet
facet normal 0.000000 1.000000 0.000000
outer loop
vertex -0.472772 -0.050000 -0.010000
vertex -0.475248 -0.050000 -0.010000
vertex -0.475248 -0.050000 0.010000
endloop
endfacet
facet normal 0.000000 1.000000 0.000000
outer loop
vertex -0.472772 -0.050000 -0.010000
vertex -0.475248 -0.050000 0.010000
vertex -0.472772 -0.050000 0.010000
endloop
endfacet
facet normal 0.000000 -1.000000 0.000000
outer loop
vertex -0.425743 0.050000 -0.010000
vertex -0.423267 0.050000 -0.010000
vertex -0.423267 0.050000 0.010000
endloop
endfacet
facet normal 0.000000 -1.000000 0.000000
outer loop
vertex -0.425743 0.050000 -0.010000
vertex -0.423267 0.050000 0.010000
vertex -0.425743 0.050000 0.010000
endloop
endfacet
facet normal 0.000000 1.000000 0.000000
outer loop
vertex -0.482673 -0.050000 -0.010000
vertex -0.485149 -0.050000 -0.010000
vertex -0.485149 -0.050000 0.010000
endloop
endfacet
facet normal 0.000000 1.000000 0.000000
outer loop
vertex -0.482673 -0.050000 -0.010000
vertex -0.485149 -0.050000 0.010000
vertex -0.482673 -0.050000 0.010000
endloop
endfacet
facet normal 0.000000 -1.000000 0.000000
outer loop
vertex -0.396040 0.050000 -0.010000
vertex -0.393564 0.050000 -0.010000
vertex -0.393564 0.050000 0.010000
endloop
endfacet
facet normal 0.000000 -1.000000 0.000000
outer loop
vertex -0.396040 0.050000 -0.010000
vertex -0.393564 0.050000 0.010000
vertex -0.396040 0.050000 0.010000
endloop
endfacet
facet normal 0.000000 1.000000 0.000000
outer loop
vertex -0.452970 -0.050000 -0.010000
vertex -0.455446 -0.050000 -0.010000
vertex -0.455446 -0.050000 0.010000
endloop
endfacet
facet normal 0.000000 1.000000 0.000000
outer loop
vertex -0.452970 -0.050000 -0.010000
vertex -0.455446 -0.050000 0.010000
vertex -0.452970 -0.050000 0.010000
endloop
endfacet
facet normal 0.000000 -1.000000 0.000000
outer loop
vertex -0.405941 0.050000 -0.010000
vertex -0.403465 0.050000 -0.010000
vertex -0.403465 0.050000 0.010000
endloop
endfacet
facet normal 0.000000 -1.000000 0.000000
outer loop
vertex -0.405941 0.050000 -0.010000
vertex -0.403465 0.050000 0.010000
vertex -0.405941 0.050000 0.010000
endloop
endfacet
facet normal 0.000000 1.000000 0.000000
outer loop
vertex -0.462871 -0.050000 -0.010000
vertex -0.465347 -0.050000 -0.010000
vertex -0.465347 -0.050000 0.010000
endloop
endfacet
facet normal 0.000000 1.000000 0.000000
outer loop
vertex -0.462871 -0.050000 -0.010000
vertex -0.465347 -0.050000 0.010000
vertex -0.462871 -0.050000 0.010000
endloop
endfacet
facet normal 0.000000 -1.000000 0.000000
outer loop
vertex -0.376238 0.050000 -0.010000
vertex -0.373762 0.050000 -0.010000
vertex -0.373762 0.050000 0.010000
endloop
endfacet
facet normal 0.000000 -1.000000 0.000000
outer loop
vertex -0.376238 0.050000 -0.010000
vertex -0.373762 0.050000 0.010000
vertex -0.376238 0.050000 0.010000
endloop
endfacet
facet normal 0.000000 1.000000 0.000000
outer loop
vertex -0.433168 -0.050000 -0.010000
vertex -0.435644 -0.050000 -0.010000
vertex -0.435644 -0.050000 0.010000
endloop
endfacet
facet normal 0.000000 1.000000 0.000000
outer loop
vertex -0.433168 -0.050000 -0.010000
vertex -0.435644 -0.050000 0.010000
vertex -0.433168 -0.050000 0.010000
endloop
endfacet
facet normal 0.000000 -1.000000 0.000000
outer loop
vertex -0.386139 0.050000 -0.010000
vertex -0.383663 0.050000 -0.010000
vertex -0.383663 0.050000 0.010000
endloop
endfacet
facet normal 0.000000 -1.000000 0.000000
outer loop
vertex -0.386139 0.050000 -0.010000
vertex -0.383663 0.050000 0.010000
vertex -0.386139 0.050000 0.010000
endloop
endfacet
facet normal 0.000000 1.000000 0.000000
outer loop
vertex -0.443069 -0.050000 -0.010000
vertex -0.445545 -0.050000 -0.010000
vertex -0.445545 -0.050000 0.010000
endloop
endfacet
facet normal 0.000000 1.000000 0.000000
outer loop
vertex -0.443069 -0.050000 -0.010000
vertex -0.445545 -0.050000 0.010000
vertex -0.443069 -0.050000 0.010000
endloop
endfacet
facet normal 0.000000 -1.000000 0.000000
outer loop
vertex -0.356436 0.050000 -0.010000
vertex -0.353960 0.050000 -0.010000
vertex -0.353960 0.050000 0.010000
endloop
endfacet
facet normal 0.000000 -1.000000 0.000000
outer loop
vertex -0.356436 0.050000 -0.010000
vertex -0.353960 0.050000 0.010000
vertex -0.356436 0.050000 0.010000
endloop
endfacet
facet normal 0.000000 1.000000 0.000000
outer loop
vertex -0.413366 -0.050000 -0.010000
vertex -0.415842 -0.050000 -0.010000
vertex -0.415842 -0.050000 0.010000
endloop
endfacet
facet normal 0.000000 1.000000 0.000000
outer loop
vertex -0.413366 -0.050000 -0.010000
vertex -0.415842 -0.050000 0.010000
vertex -0.413366 -0.050000 0.010000
endloop
endfacet
facet normal 0.000000 -1.000000 0.000000
outer loop
vertex -0.366337 0.050000 -0.010000
vertex -0.363861 0.050000 -0.010000
vertex -0.363861 0.050000 0.010000
endloop
endfacet
facet normal 0.000000 -1.000000 0.000000
outer loop
vertex -0.366337 0.050000 -0.010000
vertex -0.363861 0.050000 0.010000
vertex -0.366337 0.050000 0.010000
endloop
endfacet
facet normal 0.000000 1.000000 0.000000
outer loop
vertex -0.423267 -0.050000 -0.010000
vertex -0.425743 -0.050000 -0.010000
vertex -0.425743 -0.050000 0.010000
endloop
endfacet
facet normal 0.000000 1.000000 0.000000
outer loop
vertex -0.423267 -0.050000 -0.010000
vertex -0.425743 -0.050000 0.010000
vertex -0.423267 -0.050000 0.010000
endloop
endfacet
facet normal 0.000000 -1.000000 0.000000
outer loop
vertex -0.336634 0.050000 -0.010000
vertex -0.334158 0.050000 -0.010000
vertex -0.334158 0.050000 0.010000
endloop
endfacet
facet normal 0.000000 -1.000000 0.000000
outer loop
vertex -0.336634 0.050000 -0.010000
vertex -0.334158 0.050000 0.010000
vertex -0.336634 0.050000 0.010000
endloop
endfacet
facet normal 0.000000 1.000000 0.000000
outer loop
vertex -0.393564 -0.050000 -0.010000
vertex -0.396040 -0.050000 -0.010000
vertex -0.396040 -0.050000 0.010000
endloop
endfacet
facet normal 0.000000 1.000000 0.000000
outer loop
vertex -0.393564 -0.050000 -0.010000
vertex -0.396040 -0.050000 0.010000
vertex -0.393564 -0.050000 0.010000
endloop
endfacet
facet normal 0.000000 -1.000000 0.000000
outer loop
vertex -0.346535 0.050000 -0.010000
vertex -0.344059 0.050000 -0.010000
vertex -0.344059 0.050000 0.010000
endloop
endfacet
facet normal 0.000000 -1.000000 0.000000
outer loop
vertex -0.346535 0.050000 -0.010000
vertex -0.344059 0.050000 0.010000
vertex -0.346535 0.050000 0.010000
endloop
endfacet
facet normal 0.000000 1.000000 0.000000
outer loop
vertex -0.403465 -0.050000 -0.010000
vertex -0.405941 -0.050000 -0.010000
vertex -0.405941 -0.050000 0.010000
endloop
endfacet
facet normal 0.000000 1.000000 0.000000
outer loop
vertex -0.403465 -0.050000 -0.010000
vertex -0.405941 -0.050000 0.010000
vertex -0.403465 -0.050000 0.010000
endloop
endfacet
facet normal 0.000000 -1.000000 0.000000
outer loop
vertex -0.316832 0.050000 -0.010000
vertex -0.314356 0.050000 -0.010000
vertex -0.314356 0.050000 0.010000
endloop
endfacet
facet normal 0.000000 -1.000000 0.000000
outer loop
vertex -0.316832 0.050000 -0.010000
vertex -0.314356 0.050000 0.010000
vertex -0.316832 0.050000 0.010000
endloop
endfacet
facet normal 0.000000 1.000000 0.000000
outer loop
vertex -0.373762 -0.050000 -0.010000
vertex -0.376238 -0.050000 -0.010000
vertex -0.376238 -0.050000 0.010000
endloop
endfacet
facet normal 0.000000 1.000000 0.000000
outer loop
vertex -0.373762 -0.050000 -0.010000
vertex -0.376238 -0.050000 0.010000
vertex -0.373762 -0.050000 0.010000
endloop
endfacet
facet normal 0.000000 -1.000000 0.000000
outer loop
vertex -0.326733 0.050000 -0.010000
vertex -0.324257 0.050000 -0.010000
vertex -0.324257 0.050000 0.010000
endloop
endfacet
facet normal 0.000000 -1.000000 0.000000
outer loop
vertex -0.326733 0.050000 -0.010000
vertex -0.324257 0.050000 0.010000
vertex -0.326733 0.050000 0.010000
endloop
endfacet
facet normal 0.000000 1.000000 0.000000
outer loop
vertex -0.383663 -0.050000 -0.010000
vertex -0.386139 -0.050000 -0.010000
vertex -0.386139 -0.050000 0.010000
endloop
endfacet
facet normal 0.000000 1.000000 0.000000
outer loop
vertex -0.383663 -0.050000 -0.010000
vertex -0.386139 -0.050000 0.010000
vertex -0.383663 -0.050000 0.010000
endloop
endfacet
facet normal 0.000000 -1.000000 0.000000
outer loop
vertex -0.297030 0.050000 -0.010000
vertex -0.294554 0.050000 -0.010000
vertex -0.294554 0.050000 0.010000
endloop
endfacet
facet normal 0.000000 -1.000000 0.000000
outer loop
vertex -0.297030 0.050000 -0.010000
vertex -0.294554 0.050000 0.010000
vertex -0.297030 0.050000 0.010000
endloop
endfacet
facet normal 0.000000 1.000000 0.000000
outer loop
vertex -0.353960 -0.050000 -0.010000
vertex -0.356436 -0.050000 -0.010000
vertex -0.356436 -0.050000 0.010000
endloop
endfacet
facet normal 0.000000 1.000000 0.000000
outer loop
vertex -0.353960 -0.050000 -0.010000
vertex -0.356436 -0.050000 0.010000
vertex -0.353960 -0.050000 0.010000
endloop
endfacet
facet normal 0.000000 -1.000000 0.000000
outer loop
vertex -0.306931 0.050000 -0.010000
vertex -0.304455 0.050000 -0.010000
vertex -0.304455 0.050000 0.010000
endloop
endfacet
facet normal 0.000000 -1.000000 0.000000
outer loop
vertex -0.306931 0.050000 -0.010000
vertex -0.304455 0.050000 0.010000
vertex -0.306931 0.050000 0.010000
endloop
endfacet
facet normal 0.000000 1.000000 0.000000
outer loop
vertex -0.363861 -0.050000 -0.010000
vertex -0.366337 -0.050000 -0.010000
vertex -0.366337 -0.050000 0.010000
endloop
endfacet
facet normal 0.000000 1.000000 0.000000
outer loop
vertex -0.363861 -0.050000 -0.010000
vertex -0.366337 -0.050000 0.010000
vertex -0.363861 -0.050000 0.010000
endloop
endfacet
facet normal 0.000000 -1.000000 0.000000
outer loop
vertex -0.277228 0.050000 -0.010000
vertex -0.274752 0.050000 -0.010000
vertex -0.274752 0.050000 0.010000
endloop
endfacet
facet normal 0.000000 -1.000000 0.000000
outer loop
vertex -0.277228 0.050000 -0.010000
vertex -0.274752 0.050000 0.010000
vertex -0.277228 0.050000 0.010000
endloop
endfacet
facet normal 0.000000 1.000000 0.000000
outer loop
vertex -0.334158 -0.050000 -0.010000
vertex -0.336634 -0.050000 -0.010000
vertex -0.336634 -0.050000 0.010000
endloop
endfacet
facet normal 0.000000 1.000000 0.000000
outer loop
vertex -0.334158 -0.050000 -0.010000
vertex -0.336634 -0.050000 0.010000
vertex -0.334158 -0.050000 0.010000
endloop
endfacet
facet normal 0.000000 -1.000000 0.000000
outer loop
vertex -0.287129 0.050000 -0.010000
vertex -0.284653 0.050000 -0.010000
vertex -0.284653 0.050000 0.010000
endloop
endfacet
facet normal 0.000000 -1.000000 0.000000
outer loop
vertex -0.287129 0.050000 -0.010000
vertex -0.284653 0.050000 0.010000
vertex -0.287129 0.050000 0.010000
endloop
endfacet
facet normal 0.000000 1.000000 0.000000
outer loop
vertex -0.344059 -0.050000 -0.010000
vertex -0.346535 -0.050000 -0.010000
vertex -0.346535 -0.050000 0.010000
endloop
endfacet
facet normal 0.000000 1.000000 0.000000
outer loop
vertex -0.344059 -0.050000 -0.010000
vertex -0.346535 -0.050000 0.010000
vertex -0.344059 -0.050000 0.010000
endloop
endfacet
facet normal 0.000000 -1.000000 0.000000
outer loop
vertex -0.257426 0.050000 -0.010000
vertex -0.254951 0.050000 -0.010000
vertex -0.254951 0.050000 0.010000
endloop
endfacet
facet normal 0.000000 -1.000000 0.000000
outer loop
vertex -0.257426 0.050000 -0.010000
vertex -0.254951 0.050000 0.010000
vertex -0.257426 0.050000 0.010000
endloop
endfacet
facet normal 0.000000 1.000000 0.000000
outer loop
vertex -0.314356 -0.050000 -0.010000
vertex -0.316832 -0.050000 -0.010000
vertex -0.316832 -0.050000 0.010000
endloop
endfacet
facet normal 0.000000 1.000000 0.000000
outer loop
vertex -0.314356 -0.050000 -0.010000
vertex -0.316832 -0.050000 0.010000
vertex -0.314356 -0.050000 0.010000
endloop
endfacet
facet normal 0.000000 -1.000000 0.000000
outer loop
vertex -0.267327 0.050000 -0.010000
vertex -0.264852 0.050000 -0.010000
vertex -0.264852 0.050000 0.010000
endloop
endfacet
facet normal 0.000000 -1.000000 0.000000
outer loop
vertex -0.267327 0.050000 -0.010000
vertex -0.264852 0.050000 0.010000
vertex -0.267327 0.050000 0.010000
endloop
endfacet
facet normal 0.000000 1.000000 0.000000
outer loop
vertex -0.324257 -0.050000 -0.010000
vertex -0.326733 -0.050000 -0.010000
vertex -0.326733 -0.050000 0.010000
endloop
endfacet
facet normal 0.000000 1.000000 0.000000
outer loop
vertex -0.324257 -0.050000 -0.010000
vertex -0.326733 -0.050000 0.010000
vertex -0.324257 -0.050000 0.010000
endloop
endfacet
facet normal 0.000000 -1.000000 0.000000
outer loop
vertex -0.237624 0.050000 -0.010000
vertex -0.235149 0.050000 -0.010000
vertex -0.235149 0.050000 0.010000
endloop
endfacet
facet normal 0.000000 -1.000000 0.000000
outer loop
vertex -0.237624 0.050000 -0.010000
vertex -0.235149 0.050000 0.010000
vertex -0.237624 0.050000 0.010000
endloop
endfacet
facet normal 0.000000 1.000000 0.000000
outer loop
vertex -0.294554 -0.050000 -0.010000
vertex -0.297030 -0.050000 -0.010000
vertex -0.297030 -0.050000 0.010000
endloop
endfacet
facet normal 0.000000 1.000000 0.000000
outer loop
vertex -0.294554 -0.050000 -0.010000
vertex -0.297030 -0.050000 0.010000
vertex -0.294554 -0.050000 0.010000
endloop
endfacet
facet normal 0.000000 -1.000000 0.000000
outer loop
vertex -0.247525 0.050000 -0.010000
vertex -0.245050 0.050000 -0.010000
vertex -0.245050 0.050000 0.010000
endloop
endfacet
facet normal 0.000000 -1.000000 0.000000
outer loop
vertex -0.247525 0.050000 -0.010000
vertex -0.245050 0.050000 0.010000
vertex -0.247525 0.050000 0.010000
endloop
endfacet
facet normal 0.000000 1.000000 0.000000
outer loop
vertex -0.304455 -0.050000 -0.010000
vertex -0.306931 -0.050000 -0.010000
vertex -0.306931 -0.050000 0.010000
endloop
endfacet
facet normal 0.000000 1.000000 0.000000
outer loop
vertex -0.304455 -0.050000 -0.010000
vertex -0.306931 -0.050000 0.010000
vertex -0.304455 -0.050000 0.010000
endloop
endfacet
facet normal 0.000000 -1.000000 0.000000
outer loop
vertex -0.217822 0.050000 -0.010000
vertex -0.215347 0.050000 -0.010000
vertex -0.215347 0.050000 0.010000
endloop
endfacet
facet normal 0.000000 -1.000000 0.000000
outer loop
vertex -0.217822 0.050000 -0.010000
vertex -0.215347 0.050000 0.010000
vertex -0.217822 0.050000 0.010000
endloop
endfacet
facet normal 0.000000 1.000000 0.000000
outer loop
vertex -0.274752 -0.050000 -0.010000
vertex -0.277228 -0.050000 -0.010000
vertex -0.277228 -0.050000 0.010000
endloop
endfacet
facet normal 0.000000 1.000000 0.000000
outer loop
vertex -0.274752 -0.050000 -0.010000
vertex -0.277228 -0.050000 0.010000
vertex -0.274752 -0.050000 0.010000
endloop
endfacet
facet normal 0.000000 -1.000000 0.000000
outer loop
vertex -0.227723 0.050000 -0.010000
vertex -0.225248 0.050000 -0.010000
vertex -0.225248 0.050000 0.010000
endloop
endfacet
facet normal 0.000000 -1.000000 0.000000
outer loop
vertex -0.227723 0.050000 -0.010000
vertex -0.225248 0.050000 0.010000
vertex -0.227723 0.050000 0.010000
endloop
endfacet
facet normal 0.000000 1.000000 0.000000
outer loop
vertex -0.284653 -0.050000 -0.010000
vertex -0.287129 -0.050000 -0.010000
vertex -0.287129 -0.050000 0.010000
endloop
endfacet
facet normal 0.000000 1.000000 0.000000
outer loop
vertex -0.284653 -0.050000 -0.010000
vertex -0.287129 -0.050000 0.010000
vertex -0.284653 -0.050000 0.010000
endloop
endfacet
facet normal 0.000000 -1.000000 0.000000
outer loop
vertex -0.198020 0.050000 -0.010000
vertex -0.195545 0.050000 -0.010000
vertex -0.195545 0.050000 0.010000
endloop
endfacet
facet normal 0.000000 -1.000000 0.000000
outer loop
vertex -0.198020 0.050000 -0.010000
vertex -0.195545 0.050000 0.010000
vertex -0.198020 0.050000 0.010000
endloop
endfacet
facet normal 0.000000 1.000000 0.000000
outer loop
vertex -0.254951 -0.050000 -0.010000
vertex -0.257426 -0.050000 -0.010000
vertex -0.257426 -0.050000 0.010000
endloop
endfacet
facet normal 0.000000 1.000000 0.000000
outer loop
vertex -0.254951 -0.050000 -0.010000
vertex -0.257426 -0.050000 0.010000
vertex -0.254951 -0.050000 0.010000
endloop
endfacet
facet normal 0.000000 -1.000000 0.000000
outer loop
vertex -0.207921 0.050000 -0.010000
vertex -0.205446 0.050000 -0.010000
vertex -0.205446 0.050000 0.010000
endloop
endfacet
facet normal 0.000000 -1.000000 0.000000
outer loop
vertex -0.207921 0.050000 -0.010000
vertex -0.205446 0.050000 0.010000
vertex -0.207921 0.050000 0.010000
endloop
endfacet
facet normal 0.000000 1.000000 0.000000
outer loop
vertex -0.264852 -0.050000 -0.010000
vertex -0.267327 -0.050000 -0.010000
vertex -0.267327 -0.050000 0.010000
endloop
endfacet
facet normal 0.000000 1.000000 0.000000
outer loop
vertex -0.264852 -0.050000 -0.010000
vertex -0.267327 -0.050000 0.010000
vertex -0.264852 -0.050000 0.010000
endloop
endfacet
facet normal 0.000000 -1.000000 0.000000
outer loop
vertex -0.178218 0.050000 -0.010000
vertex -0.175743 0.050000 -0.010000
vertex -0.175743 0.050000 0.010000
endloop
endfacet
facet normal 0.000000 -1.000000 0.000000
outer loop
vertex -0.178218 0.050000 -0.010000
vertex -0.175743 0.050000 0.010000
vertex -0.178218 0.050000 0.010000
endloop
endfacet
facet normal 0.000000 1.000000 0.000000
outer loop
vertex -0.235149 -0.050000 -0.010000
vertex -0.237624 -0.050000 -0.010000
vertex -0.237624 -0.050000 0.010000
endloop
endfacet
facet normal 0.000000 1.000000 0.000000
outer loop
vertex -0.235149 -0.050000 -0.010000
vertex -0.237624 -0.050000 0.010000
vertex -0.235149 -0.050000 0.010000
endloop
endfacet
facet normal 0.000000 -1.000000 0.000000
outer loop
vertex -0.188119 0.050000 -0.010000
vertex -0.185644 0.050000 -0.010000
vertex -0.185644 0.050000 0.010000
endloop
endfacet
facet normal 0.000000 -1.000000 0.000000
outer loop
vertex -0.188119 0.050000 -0.010000
vertex -0.185644 0.050000 0.010000
vertex -0.188119 0.050000 0.010000
endloop
endfacet
facet normal 0.000000 1.000000 0.000000
outer loop
vertex -0.245050 -0.050000 -0.010000
vertex -0.247525 -0.050000 -0.010000
vertex -0.247525 -0.050000 0.010000
endloop
endfacet
facet normal 0.000000 1.000000 0.000000
outer loop
vertex -0.245050 -0.050000 -0.010000
vertex -0.247525 -0.050000 0.010000
vertex -0.245050 -0.050000 0.010000
endloop
endfacet
facet normal 0.000000 -1.000000 0.000000
outer loop
vertex -0.158416 0.050000 -0.010000
vertex -0.155941 0.050000 -0.010000
vertex -0.155941 0.050000 0.010000
endloop
endfacet
facet normal 0.000000 -1.000000 0.000000
outer loop
vertex -0.158416 0.050000 -0.010000
vertex -0.155941 0.050000 0.010000
vertex -0.158416 0.050000 0.010000
endloop
endfacet
facet normal 0.000000 1.000000 0.000000
outer loop
vertex -0.215347 -0.050000 -0.010000
vertex -0.217822 -0.050000 -0.010000
vertex -0.217822 -0.050000 0.010000
endloop
endfacet
facet normal 0.000000 1.000000 0.000000
outer loop
vertex -0.215347 -0.050000 -0.010000
vertex -0.217822 -0.050000 0.010000
vertex -0.215347 -0.050000 0.010000
endloop
endfacet
facet normal 0.000000 -1.000000 0.000000
outer loop
vertex -0.168317 0.050000 -0.010000
vertex -0.165842 0.050000 -0.010000
vertex -0.165842 0.050000 0.010000
endloop
endfacet
facet normal 0.000000 -1.000000 0.000000
outer loop
vertex -0.168317 0.050000 -0.010000
vertex -0.165842 0.050000 0.010000
vertex -0.168317 0.050000 0.010000
endloop
endfacet
facet normal 0.000000 1.000000 0.000000
outer loop
vertex -0.225248 -0.050000 -0.010000
vertex -0.227723 -0.050000 -0.010000
vertex -0.227723 -0.050000 0.010000
endloop
endfacet
facet normal 0.000000 1.000000 0.000000
outer loop
vertex -0.225248 -0.050000 -0.010000
vertex -0.227723 -0.050000 0.010000
vertex -0.225248 -0.050000 0.010000
endloop
endfacet
facet normal 0.000000 -1.000000 0.000000
outer loop
vertex -0.138614 0.050000 -0.010000
vertex -0.136139 0.050000 -0.010000
vertex -0.136139 0.050000 0.010000
endloop
endfacet
facet normal 0.000000 -1.000000 0.000000
outer loop
vertex -0.138614 0.050000 -0.010000
vertex -0.136139 0.050000 0.010000
vertex -0.138614 0.050000 0.010000
endloop
endfacet
facet normal 0.000000 1.000000 0.000000
outer loop
vertex -0.195545 -0.050000 -0.010000
vertex -0.198020 -0.050000 -0.010000
vertex -0.198020 -0.050000 0.010000
endloop
endfacet
facet normal 0.000000 1.000000 0.000000
outer loop
vertex -0.195545 -0.050000 -0.010000
vertex -0.198020 -0.050000 0.010000
vertex -0.195545 -0.050000 0.010000
endloop
endfacet
facet normal 0.000000 -1.000000 0.000000
outer loop
vertex -0.148515 0.050000 -0.010000
vertex -0.146040 0.050000 -0.010000
vertex -0.146040 0.050000 0.010000
endloop
endfacet
facet normal 0.000000 -1.000000 0.000000
outer loop
vertex -0.148515 0.050000 -0.010000
vertex -0.146040 0.050000 0.010000
vertex -0.148515 0.050000 0.010000
endloop
endfacet
facet normal 0.000000 1.000000 0.000000
outer loop
vertex -0.205446 -0.050000 -0.010000
vertex -0.207921 -0.050000 -0.010000
vertex -0.207921 -0.050000 0.010000
endloop
endfacet
facet normal 0.000000 1.000000 0.000000
outer loop
vertex -0.205446 -0.050000 -0.010000
vertex -0.207921 -0.050000 0.010000
vertex -0.205446 -0.050000 0.010000
endloop
endfacet
facet normal 0.000000 -1.000000 0.000000
outer loop
vertex -0.118812 0.050000 -0.010000
vertex -0.116337 0.050000 -0.010000
vertex -0.116337 0.050000 0.010000
endloop
endfacet
facet normal 0.000000 -1.000000 0.000000
outer loop
vertex -0.118812 0.050000 -0.010000
vertex -0.116337 0.050000 0.010000
vertex -0.118812 0.050000 0.010000
endloop
endfacet
facet normal 0.000000 1.000000 0.000000
outer loop
vertex -0.175743 -0.050000 -0.010000
vertex -0.178218 -0.050000 -0.010000
vertex -0.178218 -0.050000 0.010000
endloop
endfacet
facet normal 0.000000 1.000000 0.000000
outer loop
vertex -0.175743 -0.050000 -0.010000
vertex -0.178218 -0.050000 0.010000
vertex -0.175743 -0.050000 0.010000
endloop
endfacet
facet normal 0.000000 -1.000000 0.000000
outer loop
vertex -0.128713 0.050000 -0.010000
vertex -0.126238 0.050000 -0.010000
vertex -0.126238 0.050000 0.010000
endloop
endfacet
facet normal 0.000000 -1.000000 0.000000
outer loop
vertex -0.128713 0.050000 -0.010000
vertex -0.126238 0.050000 0.010000
vertex -0.128713 0.050000 0.010000
endloop
endfacet
facet normal 0.000000 1.000000 0.000000
outer loop
vertex -0.185644 -0.050000 -0.010000
vertex -0.188119 -0.050000 -0.010000
vertex -0.188119 -0.050000 0.010000
endloop
endfacet
facet normal 0.000000 1.000000 0.000000
outer loop
vertex -0.185644 -0.050000 -0.010000
vertex -0.188119 -0.050000 0.010000
vertex -0.185644 -0.050000 0.010000
endloop
endfacet
facet normal 0.000000 -1.000000 0.000000
outer loop
vertex -0.099010 0.050000 -0.010000
vertex -0.096535 0.050000 -0.010000
vertex -0.096535 0.050000 0.010000
endloop
endfacet
facet normal 0.000000 -1.000000 0.000000
outer loop
vertex -0.099010 0.050000 -0.010000
vertex -0.096535 0.050000 0.010000
vertex -0.099010 0.050000 0.010000
endloop
endfacet
facet normal 0.000000 1.000000 0.000000
outer loop
vertex -0.155941 -0.050000 -0.010000
vertex -0.158416 -0.050000 -0.010000
vertex -0.158416 -0.050000 0.010000
endloop
endfacet
facet normal 0.000000 1.000000 0.000000
outer loop
vertex -0.155941 -0.050000 -0.010000
vertex -0.158416 -0.050000 0.010000
vertex -0.155941 -0.050000 0.010000
endloop
endfacet
facet normal 0.000000 -1.000000 0.000000
outer loop
vertex -0.108911 0.050000 -0.010000
vertex -0.106436 0.050000 -0.010000
vertex -0.106436 0.050000 0.010000
endloop
endfacet
facet normal 0.000000 -1.000000 0.000000
outer loop
vertex -0.108911 0.050000 -0.010000
vertex -0.106436 0.050000 0.010000
vertex -0.108911 0.050000 0.010000
endloop
endfacet
facet normal 0.000000 1.000000 0.000000
outer loop
vertex -0.165842 -0.050000 -0.010000
vertex -0.168317 -0.050000 -0.010000
vertex -0.168317 -0.050000 0.010000
endloop
endfacet
facet normal 0.000000 1.000000 0.000000
outer loop
vertex -0.165842 -0.050000 -0.010000
vertex -0.168317 -0.050000 0.010000
vertex -0.165842 -0.050000 0.010000
endloop
endfacet
facet normal 0.000000 -1.000000 0.000000
outer loop
vertex -0.079208 0.050000 -0.010000
vertex -0.076733 0.050000 -0.010000
vertex -0.076733 0.050000 0.010000
endloop
endfacet
facet normal 0.000000 -1.000000 0.000000
outer loop
vertex -0.079208 0.050000 -0.010000
vertex -0.076733 0.050000 0.010000
vertex -0.079208 0.050000 0.010000
endloop
endfacet
facet normal 0.000000 1.000000 0.000000
outer loop
vertex -0.136139 -0.050000 -0.010000
vertex -0.138614 -0.050000 -0.010000
vertex -0.138614 -0.050000 0.010000
endloop
endfacet
facet normal 0.000000 1.000000 0.000000
outer loop
vertex -0.136139 -0.050000 -0.010000
vertex -0.138614 -0.050000 0.010000
vertex -0.136139 -0.050000 0.010000
endloop
endfacet
facet normal 0.000000 -1.000000 0.000000
outer loop
vertex -0.089109 0.050000 -0.010000
vertex -0.086634 0.050000 -0.010000
vertex -0.086634 0.050000 0.010000
endloop
endfacet
facet normal 0.000000 -1.000000 0.000000
outer loop
vertex -0.089109 0.050000 -0.010000
vertex -0.086634 0.050000 0.010000
vertex -0.089109 0.050000 0.010000
endloop
endfacet
facet normal 0.000000 1.000000 0.000000
outer loop
vertex -0.146040 -0.050000 -0.010000
vertex -0.148515 -0.050000 -0.010000
vertex -0.148515 -0.050000 0.010000
endloop
endfacet
facet normal 0.000000 1.000000 0.000000
outer loop
vertex -0.146040 -0.050000 -0.010000
vertex -0.148515 -0.050000 0.010000
vertex -0.146040 -0.050000 0.010000
endloop
endfacet
facet normal 0.000000 -1.000000 0.000000
outer loop
vertex -0.059406 0.050000 -0.010000
vertex -0.056931 0.050000 -0.010000
vertex -0.056931 0.050000 0.010000
endloop
endfacet
facet normal 0.000000 -1.000000 0.000000
outer loop
vertex -0.059406 0.050000 -0.010000
vertex -0.056931 0.050000 0.010000
vertex -0.059406 0.050000 0.010000
endloop
endfacet
facet normal 0.000000 1.000000 0.000000
outer loop
vertex -0.116337 -0.050000 -0.010000
vertex -0.118812 -0.050000 -0.010000
vertex -0.118812 -0.050000 0.010000
endloop
endfacet
facet normal 0.000000 1.000000 0.000000
outer loop
vertex -0.116337 -0.050000 -0.010000
vertex -0.118812 -0.050000 0.010000
vertex -0.116337 -0.050000 0.010000
endloop
endfacet
facet normal 0.000000 -1.000000 0.000000
outer loop
vertex -0.069307 0.050000 -0.010000
vertex -0.066832 0.050000 -0.010000
vertex -0.066832 0.050000 0.010000
endloop
endfacet
facet normal 0.000000 -1.000000 0.000000
outer loop
vertex -0.069307 0.050000 -0.010000
vertex -0.066832 0.050000 0.010000
vertex -0.069307 0.050000 0.010000
endloop
endfacet
facet normal 0.000000 1.000000 0.000000
outer loop
vertex -0.126238 -0.050000 -0.010000
vertex -0.128713 -0.050000 -0.010000
vertex -0.128713 -0.050000 0.010000
endloop
endfacet
facet normal 0.000000 1.000000 0.000000
outer loop
vertex -0.126238 -0.050000 -0.010000
vertex -0.128713 -0.050000 0.010000
vertex -0.126238 -0.050000 0.010000
endloop
endfacet
facet normal 0.000000 -1.000000 0.000000
outer loop
vertex -0.039604 0.050000 -0.010000
vertex -0.037129 0.050000 -0.010000
vertex -0.037129 0.050000 0.010000
endloop
endfacet
facet normal 0.000000 -1.000000 0.000000
outer loop
vertex -0.039604 0.050000 -0.010000
vertex -0.037129 0.050000 0.010000
vertex -0.039604 0.050000 0.010000
endloop
endfacet
facet normal 0.000000 1.000000 0.000000
outer loop
vertex -0.096535 -0.050000 -0.010000
vertex -0.099010 -0.050000 -0.010000
vertex -0.099010 -0.050000 0.010000
endloop
endfacet
facet normal 0.000000 1.000000 0.000000
outer loop
vertex -0.096535 -0.050000 -0.010000
vertex -0.099010 -0.050000 0.010000
vertex -0.096535 -0.050000 0.010000
endloop
endfacet
facet normal 0.000000 -1.000000 0.000000
outer loop
vertex -0.049505 0.050000 -0.010000
vertex -0.047030 0.050000 -0.010000
vertex -0.047030 0.050000 0.010000
endloop
endfacet
facet normal 0.000000 -1.000000 0.000000
outer loop
vertex -0.049505 0.050000 -0.010000
vertex -0.047030 0.050000 0.010000
vertex -0.049505 0.050000 0.010000
endloop
endfacet
facet normal 0.000000 1.000000 0.000000
outer loop
vertex -0.106436 -0.050000 -0.010000
vertex -0.108911 -0.050000 -0.010000
vertex -0.108911 -0.050000 0.010000
endloop
endfacet
facet normal 0.000000 1.000000 0.000000
outer loop
vertex -0.106436 -0.050000 -0.010000
vertex -0.108911 -0.050000 0.010000
vertex -0.106436 -0.050000 0.010000
endloop
endfacet
facet normal 0.000000 -1.000000 0.000000
outer loop
vertex -0.019802 0.050000 -0.010000
vertex -0.017327 0.050000 -0.010000
vertex -0.017327 0.050000 0.010000
endloop
endfacet
facet normal 0.000000 -1.000000 0.000000
outer loop
vertex -0.019802 0.050000 -0.010000
vertex -0.017327 0.050000 0.010000
vertex -0.019802 0.050000 0.010000
endloop
endfacet
facet normal 0.000000 1.000000 0.000000
outer loop
vertex -0.076733 -0.050000 -0.010000
vertex -0.079208 -0.050000 -0.010000
vertex -0.079208 -0.050000 0.010000
endloop
endfacet
facet normal 0.000000 1.000000 0.000000
outer loop
vertex -0.076733 -0.050000 -0.010000
vertex -0.079208 -0.050000 0.010000
vertex -0.076733 -0.050000 0.010000
endloop
endfacet
facet normal 0.000000 -1.000000 0.000000
outer loop
vertex -0.029703 0.050000 -0.010000
vertex -0.027228 0.050000 -0.010000
vertex -0.027228 0.050000 0.010000
endloop
endfacet
facet normal 0.000000 -1.000000 0.000000
outer loop
vertex -0.029703 0.050000 -0.010000
vertex -0.027228 0.050000 0.010000
vertex -0.029703 0.050000 0.010000
endloop
endfacet
facet normal 0.000000 1.000000 0.000000
outer loop
vertex -0.086634 -0.050000 -0.010000
vertex -0.089109 -0.050000 -0.010000
vertex -0.089109 -0.050000 0.010000
endloop
endfacet
facet normal 0.000000 1.000000 0.000000
outer loop
vertex -0.086634 -0.050000 -0.010000
vertex -0.089109 -0.050000 0.010000
vertex -0.086634 -0.050000 0.010000
endloop
endfacet
facet normal 0.000000 -1.000000 0.000000
outer loop
vertex -0.400990 0.050000 -0.010000
vertex -0.398515 0.050000 -0.010000
vertex -0.398515 0.050000 0.010000
endloop
endfacet
facet normal 0.000000 -1.000000 0.000000
outer loop
vertex -0.400990 0.050000 -0.010000
vertex -0.398515 0.050000 0.010000
vertex -0.400990 0.050000 0.010000
endloop
endfacet
facet normal 0.000000 1.000000 0.000000
outer loop
vertex -0.056931 -0.050000 -0.010000
vertex -0.059406 -0.050000 -0.010000
vertex -0.059406 -0.050000 0.010000
endloop
endfacet
facet normal 0.000000 1.000000 0.000000
outer loop
vertex -0.056931 -0.050000 -0.010000
vertex -0.059406 -0.050000 0.010000
vertex -0.056931 -0.050000 0.010000
endloop
endfacet
facet normal 0.000000 -1.000000 0.000000
outer loop
vertex -0.009901 0.050000 -0.010000
vertex -0.007426 0.050000 -0.010000
vertex -0.007426 0.050000 0.010000
endloop
endfacet
facet normal 0.000000 -1.000000 0.000000
outer loop
vertex -0.009901 0.050000 -0.010000
vertex -0.007426 0.050000 0.010000
vertex -0.009901 0.050000 0.010000
endloop
endfacet
facet normal 0.000000 1.000000 0.000000
outer loop
vertex -0.066832 -0.050000 -0.010000
vertex -0.069307 -0.050000 -0.010000
vertex -0.069307 -0.050000 0.010000
endloop
endfacet
facet normal 0.000000 1.000000 0.000000
outer loop
vertex -0.066832 -0.050000 -0.010000
vertex -0.069307 -0.050000 0.010000
vertex -0.066832 -0.050000 0.010000
endloop
endfacet
facet normal 0.000000 -1.000000 0.000000
outer loop
vertex -0.420792 0.050000 -0.010000
vertex -0.418317 0.050000 -0.010000
vertex -0.418317 0.050000 0.010000
endloop
endfacet
facet normal 0.000000 -1.000000 0.000000
outer loop
vertex -0.420792 0.050000 -0.010000
vertex -0.418317 0.050000 0.010000
vertex -0.420792 0.050000 0.010000
endloop
endfacet
facet normal 0.000000 1.000000 0.000000
outer loop
vertex -0.037129 -0.050000 -0.010000
vertex -0.039604 -0.050000 -0.010000
vertex -0.039604 -0.050000 0.010000
endloop
endfacet
facet normal 0.000000 1.000000 0.000000
outer loop
vertex -0.037129 -0.050000 -0.010000
vertex -0.039604 -0.050000 0.010000
vertex -0.037129 -0.050000 0.010000
endloop
endfacet
facet normal 0.000000 -1.000000 0.000000
outer loop
vertex -0.410891 0.050000 -0.010000
vertex -0.408416 0.050000 -0.010000
vertex -0.408416 0.050000 0.010000
endloop
endfacet
facet normal 0.000000 -1.000000 0.000000
outer loop
vertex -0.410891 0.050000 -0.010000
vertex -0.408416 0.050000 0.010000
vertex -0.410891 0.050000 0.010000
endloop
endfacet
facet normal 0.000000 1.000000 0.000000
outer loop
vertex -0.047030 -0.050000 -0.010000
vertex -0.049505 -0.050000 -0.010000
vertex -0.049505 -0.050000 0.010000
endloop
endfacet
facet normal 0.000000 1.000000 0.000000
outer loop
vertex -0.047030 -0.050000 -0.010000
vertex -0.049505 -0.050000 0.010000
vertex -0.047030 -0.050000 0.010000
endloop
endfacet
facet normal 0.000000 -1.000000 0.000000
outer loop
vertex -0.440594 0.050000 -0.010000
vertex -0.438119 0.050000 -0.010000
vertex -0.438119 0.050000 0.010000
endloop
endfacet
facet normal 0.000000 -1.000000 0.000000
outer loop
vertex -0.440594 0.050000 -0.010000
vertex -0.438119 0.050000 0.010000
vertex -0.440594 0.050000 0.010000
endloop
endfacet
facet normal 0.000000 1.000000 0.000000
outer loop
vertex -0.017327 -0.050000 -0.010000
vertex -0.019802 -0.050000 -0.010000
vertex -0.019802 -0.050000 0.010000
endloop
endfacet
facet normal 0.000000 1.000000 0.000000
outer loop
vertex -0.017327 -0.050000 -0.010000
vertex -0.019802 -0.050000 0.010000
vertex -0.017327 -0.050000 0.010000
endloop
endfacet
facet normal 0.000000 -1.000000 0.000000
outer loop
vertex -0.430693 0.050000 -0.010000
vertex -0.428218 0.050000 -0.010000
vertex -0.428218 0.050000 0.010000
endloop
endfacet
facet normal 0.000000 -1.000000 0.000000
outer loop
vertex -0.430693 0.050000 -0.010000
vertex -0.428218 0.050000 0.010000
vertex -0.430693 0.050000 0.010000
endloop
endfacet
facet normal 0.000000 1.000000 0.000000
outer loop
vertex -0.027228 -0.050000 -0.010000
vertex -0.029703 -0.050000 -0.010000
vertex -0.029703 -0.050000 0.010000
endloop
endfacet
facet normal 0.000000 1.000000 0.000000
outer loop
vertex -0.027228 -0.050000 -0.010000
vertex -0.029703 -0.050000 0.010000
vertex -0.027228 -0.050000 0.010000
endloop
endfacet
facet normal 0.000000 -1.000000 0.000000
outer loop
vertex -0.460396 0.050000 -0.010000
vertex -0.457921 0.050000 -0.010000
vertex -0.457921 0.050000 0.010000
endloop
endfacet
facet normal 0.000000 -1.000000 0.000000
outer loop
vertex -0.460396 0.050000 -0.010000
vertex -0.457921 0.050000 0.010000
vertex -0.460396 0.050000 0.010000
endloop
endfacet
facet normal 0.000000 1.000000 0.000000
outer loop
vertex -0.398515 -0.050000 -0.010000
vertex -0.400990 -0.050000 -0.010000
vertex -0.400990 -0.050000 0.010000
endloop
endfacet
facet normal 0.000000 1.000000 0.000000
outer loop
vertex -0.398515 -0.050000 -0.010000
vertex -0.400990 -0.050000 0.010000
vertex -0.398515 -0.050000 0.010000
endloop
endfacet
facet normal 0.000000 -1.000000 0.000000
outer loop
vertex -0.450495 0.050000 -0.010000
vertex -0.448020 0.050000 -0.010000
vertex -0.448020 0.050000 0.010000
endloop
endfacet
facet normal 0.000000 -1.000000 0.000000
outer loop
vertex -0.450495 0.050000 -0.010000
vertex -0.448020 0.050000 0.010000
vertex -0.450495 0.050000 0.010000
endloop
endfacet
facet normal 0.000000 1.000000 0.000000
outer loop
vertex -0.007426 -0.050000 -0.010000
vertex -0.009901 -0.050000 -0.010000
vertex -0.009901 -0.050000 0.010000
endloop
endfacet
facet normal 0.000000 1.000000 0.000000
outer loop
vertex -0.007426 -0.050000 -0.010000
vertex -0.009901 -0.050000 0.010000
vertex -0.007426 -0.050000 0.010000
endloop
endfacet
facet normal 0.000000 -1.000000 0.000000
outer loop
vertex -0.480198 0.050000 -0.010000
vertex -0.477723 0.050000 -0.010000
vertex -0.477723 0.050000 0.010000
endloop
endfacet
facet normal 0.000000 -1.000000 0.000000
outer loop
vertex -0.480198 0.050000 -0.010000
vertex -0.477723 0.050000 0.010000
vertex -0.480198 0.050000 0.010000
endloop
endfacet
facet normal 0.000000 1.000000 0.000000
outer loop
vertex -0.418317 -0.050000 -0.010000
vertex -0.420792 -0.050000 -0.010000
vertex -0.420792 -0.050000 0.010000
endloop
endfacet
facet normal 0.000000 1.000000 0.000000
outer loop
vertex -0.418317 -0.050000 -0.010000
vertex -0.420792 -0.050000 0.010000
vertex -0.418317 -0.050000 0.010000
endloop
endfacet
facet normal 0.000000 -1.000000 0.000000
outer loop
vertex -0.470297 0.050000 -0.010000
vertex -0.467822 0.050000 -0.010000
vertex -0.467822 0.050000 0.010000
endloop
endfacet
facet normal 0.000000 -1.000000 0.000000
outer loop
vertex -0.470297 0.050000 -0.010000
vertex -0.467822 0.050000 0.010000
vertex -0.470297 0.050000 0.010000
endloop
endfacet
facet normal 0.000000 1.000000 0.000000
outer loop
vertex -0.408416 -0.050000 -0.010000
vertex -0.410891 -0.050000 -0.010000
vertex -0.410891 -0.050000 0.010000
endloop
endfacet
facet normal 0.000000 1.000000 0.000000
outer loop
vertex -0.408416 -0.050000 -0.010000
vertex -0.410891 -0.050000 0.010000
vertex -0.408416 -0.050000 0.010000
endloop
endfacet
facet normal 0.000000 -1.000000 0.000000
outer loop
vertex -0.500000 0.050000 -0.010000
vertex -0.497525 0.050000 -0.010000
vertex -0.497525 0.050000 0.010000
endloop
endfacet
facet normal 0.000000 -1.000000 0.000000
outer loop
vertex -0.500000 0.050000 -0.010000
vertex -0.497525 0.050000 0.010000
vertex -0.500000 0.050000 0.010000
endloop
endfacet
facet normal 0.000000 1.000000 0.000000
outer loop
vertex -0.438119 -0.050000 -0.010000
vertex -0.440594 -0.050000 -0.010000
vertex -0.440594 -0.050000 0.010000
endloop
endfacet
facet normal 0.000000 1.000000 0.000000
outer loop
vertex -0.438119 -0.050000 -0.010000
vertex -0.440594 -0.050000 0.010000
vertex -0.438119 -0.050000 0.010000
endloop
endfacet
facet normal 0.000000 -1.000000 0.000000
outer loop
vertex -0.490099 0.050000 -0.010000
vertex -0.487624 0.050000 -0.010000
vertex -0.487624 0.050000 0.010000
endloop
endfacet
facet normal 0.000000 -1.000000 0.000000
outer loop
vertex -0.490099 0.050000 -0.010000
vertex -0.487624 0.050000 0.010000
vertex -0.490099 0.050000 0.010000
endloop
endfacet
facet normal 0.000000 1.000000 0.000000
outer loop
vertex -0.428218 -0.050000 -0.010000
vertex -0.430693 -0.050000 -0.010000
vertex -0.430693 -0.050000 0.010000
endloop
endfacet
facet normal 0.000000 1.000000 0.000000
outer loop
vertex -0.428218 -0.050000 -0.010000
vertex -0.430693 -0.050000 0.010000
vertex -0.428218 -0.050000 0.010000
endloop
endfacet
endsolid pipewall
