/*--------------------------------*- C++ -*----------------------------------*\
| =========                 |                                                 |
| \\      /  F ield         | OpenFOAM: The Open Source CFD Toolbox           |
|  \\    /   O peration     | Version:  v2012                                 |
|   \\  /    A nd           | Website:  www.openfoam.com                      |
|    \\/     M anipulation  |                                                 |
\*---------------------------------------------------------------------------*/
FoamFile
{
    version     2.0;
    format      ascii;
    class       surfaceScalarField;
    location    "13";
    object      phi;
}
// * * * * * * * * * * * * * * * * * * * * * * * * * * * * * * * * * * * * * //

dimensions      [0 3 -1 0 0 0 0];
oriented        oriented;


internalField   nonuniform List<scalar> 
17370
(
-0.0910832
0.093525
0.286569
-0.0749229
0.0569111
0.364787
-0.0408869
0.0299072
0.427148
-0.0211623
0.0155704
0.504844
-0.0113214
0.00861538
0.602108
-0.00647789
0.00502331
0.720512
-0.0038027
0.00292863
0.863781
-0.0021597
0.00159267
1.03602
-0.00108231
0.000689058
1.2429
-0.000312876
-4.76738e-05
1.49155
0.000398308
-0.000784652
1.49158
0.00117691
-0.00168315
1.2432
0.00224382
-0.00300411
1.0364
0.00386978
-0.00508294
0.86412
0.00653289
-0.00866942
0.721194
0.0113731
-0.0156158
0.603457
0.0212018
-0.0299402
0.508178
0.0409142
-0.0569327
0.432187
0.0749395
-0.0935349
0.365371
0.0910911
0.19792
-0.127398
0.0882482
0.0391502
-0.36479
0.353891
-0.0724981
0.0833973
-0.446605
0.45443
-0.0814957
0.0736711
-0.521011
0.529641
-0.065517
0.0568874
-0.612853
0.621073
-0.0490698
0.0408492
-0.726958
0.733731
-0.0339025
0.0271296
-0.867463
0.872341
-0.0218167
0.0169387
-1.03851
1.04176
-0.0132858
0.0100333
-1.24467
1.24697
-0.0075807
0.00528166
-1.49277
1.49472
-0.00339426
0.00144644
-1.49263
1.49435
0.000253296
-0.00198084
-1.24407
1.24593
0.00390214
-0.00576138
-1.03757
1.04
0.00802943
-0.0104553
-0.866126
0.869747
0.0136755
-0.0172957
-0.724455
0.729732
0.0221364
-0.0274135
-0.608882
0.615808
0.0341574
-0.0410837
-0.515029
0.522824
0.0492785
-0.0570729
-0.43982
0.447955
0.0656786
-0.0738137
-0.375211
0.377086
0.0816157
-0.0834909
-0.257004
0.223617
0.0725612
-0.0391742
-0.0688262
0.0592011
0.00962512
-0.0514676
0.0580199
-0.374665
0.368112
-0.0570661
0.0532568
-0.453859
0.457668
-0.0480117
0.0437722
-0.527814
0.532054
-0.0396088
0.035818
-0.621156
0.624947
-0.0315477
0.0274359
-0.734801
0.738913
-0.0229553
0.0189888
-0.873908
0.877875
-0.0149489
0.0115488
-1.04322
1.04662
-0.00815698
0.00529408
-1.24844
1.2513
-0.00231592
-0.000467769
-1.49664
1.49942
0.00322616
-0.00617845
-1.49717
1.50012
0.00900513
-0.012347
-1.2499
1.25325
0.0156931
-0.019666
-1.0456
1.04957
0.0235715
-0.0279918
-0.877262
0.881682
0.0320491
-0.0362662
-0.739389
0.743606
0.0400168
-0.0441392
-0.626492
0.630614
0.0483422
-0.0535507
-0.535054
0.540262
0.0573221
-0.0582306
-0.458047
0.458956
0.0516259
-0.0316065
-0.336735
0.316716
0.00965104
-0.0687509
0.0590998
-0.0535537
0.0496447
0.00390899
-0.0321492
0.0422723
-0.358892
0.348769
-0.0457203
0.0449459
-0.459619
0.460393
-0.0417889
0.038411
-0.535961
0.539339
-0.0346525
0.0313613
-0.628424
0.631715
-0.0279157
0.0249274
-0.742195
0.745184
-0.0217903
0.0189203
-0.881323
0.884193
-0.0157001
0.0126777
-1.04992
1.05294
-0.00931428
0.00619078
-1.25436
1.25749
-0.0026711
-0.000729131
-1.50259
1.50599
0.00410826
-0.00757125
-1.50339
1.50686
0.0106268
-0.0139008
-1.25664
1.25991
0.0168419
-0.0199724
-1.05322
1.05635
0.02276
-0.0258046
-0.885269
0.888314
0.0287082
-0.0320761
-0.7471
0.750468
0.0352936
-0.0389762
-0.634619
0.638302
0.0422962
-0.0453936
-0.544569
0.547667
0.0461077
-0.042577
-0.457373
0.453842
0.0323588
-0.0156304
-0.297783
0.281054
0.0039413
-0.0534233
0.049482
-0.0467257
0.0444581
0.00226768
-0.021006
0.0305774
-0.338703
0.329131
-0.0358918
0.0367878
-0.460252
0.459356
-0.0356379
0.033496
-0.542039
0.544181
-0.0310013
0.0286145
-0.634546
0.636933
-0.0258986
0.0233551
-0.747976
0.75052
-0.0204532
0.0177607
-0.886905
0.889598
-0.0147397
0.0119259
-1.05578
1.05859
-0.00874945
0.00574956
-1.26057
1.26357
-0.00231935
-0.000965062
-1.5094
1.51268
0.00423391
-0.00760654
-1.51033
1.51371
0.01052
-0.0135946
-1.26306
1.26614
0.0163053
-0.0192019
-1.05927
1.06216
0.0217785
-0.0245437
-0.891225
0.89399
0.0269643
-0.0295848
-0.753473
0.756094
0.0318954
-0.0342951
-0.641322
0.643721
0.0363507
-0.0373986
-0.549669
0.550717
0.0364054
-0.0309634
-0.449102
0.44366
0.0212611
-0.00921688
-0.266796
0.254751
0.00230606
-0.046528
0.044222
-0.0426461
0.0412108
0.00143534
-0.0136942
0.0215169
-0.32031
0.312487
-0.02715
0.0290206
-0.457908
0.456037
-0.0288117
0.0275841
-0.545818
0.547045
-0.0259916
0.0243984
-0.638903
0.640496
-0.0224989
0.0205995
-0.752799
0.754698
-0.0183085
0.0160158
-0.892171
0.894464
-0.0133396
0.0107723
-1.06134
1.06391
-0.00785
0.00506139
-1.26647
1.26926
-0.00184348
-0.00130241
-1.51587
1.51902
0.0044176
-0.00755227
-1.51696
1.52009
0.0102325
-0.0129974
-1.26909
1.27186
0.0154031
-0.0179038
-1.06493
1.06744
0.0200299
-0.0221391
-0.896529
0.898638
0.0239008
-0.0256532
-0.758326
0.760078
0.0271102
-0.0285786
-0.645579
0.647048
0.029705
-0.0297936
-0.551182
0.551271
0.0277921
-0.0219884
-0.437898
0.432095
0.0140008
-0.00579975
-0.244668
0.236467
0.00148317
-0.0423682
0.040885
-0.0401476
0.0394459
0.000701709
-0.00734833
0.0126881
-0.305869
0.300529
-0.0176213
0.0200144
-0.45383
0.451437
-0.0205598
0.0200859
-0.547921
0.548395
-0.0189915
0.0178461
-0.641879
0.643025
-0.0165143
0.0152106
-0.756257
0.75756
-0.0137168
0.012256
-0.896293
0.897754
-0.010481
0.00864955
-1.06612
1.06795
-0.00637376
0.00404085
-1.27186
1.27419
-0.00119045
-0.00168405
-1.52208
1.52495
0.00451361
-0.00723328
-1.52306
1.52578
0.00940638
-0.0114901
-1.27431
1.27639
0.0131274
-0.014674
-1.06943
1.07098
0.0159383
-0.0172239
-0.900264
0.901549
0.0183072
-0.0194526
-0.761515
0.76266
0.0204348
-0.0213616
-0.648307
0.649233
0.0216777
-0.0209546
-0.550943
0.550219
0.0183798
-0.0132306
-0.426497
0.421348
0.00770025
-0.00299839
-0.230107
0.225406
0.000757199
-0.0397694
0.0390122
-0.039038
0.0388288
0.000209127
-0.00331559
0.00656339
-0.296354
0.293106
-0.0103396
0.0127117
-0.449022
0.44665
-0.0137695
0.0139519
-0.548504
0.548322
-0.0136874
0.0133461
-0.643755
0.644097
-0.0127896
0.0121023
-0.758552
0.759239
-0.0111002
0.00997414
-0.899032
0.900159
-0.00849844
0.00694525
-1.06957
1.07112
-0.00498332
0.00294215
-1.27632
1.27836
-0.000426299
-0.0020817
-1.52761
1.53012
0.00454005
-0.00691842
-1.52827
1.53065
0.00878287
-0.0105154
-1.27823
1.27996
0.011845
-0.01306
-1.07232
1.07353
0.0139354
-0.0146632
-0.902546
0.903274
0.0151281
-0.015393
-0.763326
0.763591
0.0155055
-0.0155617
-0.649701
0.649757
0.0151671
-0.0138731
-0.549201
0.547907
0.0112692
-0.0072314
-0.416774
0.412736
0.00375421
-0.00129132
-0.222014
0.219552
0.000279538
-0.0385423
0.0382628
-0.0387397
0.0387112
2.85728e-05
-0.00160311
0.00375319
-0.290521
0.288371
-0.00684989
0.00935811
-0.444258
0.44175
-0.0111082
0.0119919
-0.547822
0.546938
-0.0122566
0.0122466
-0.644215
0.644225
-0.011945
0.0114332
-0.759792
0.760304
-0.0106328
0.00963455
-0.90115
0.902149
-0.00821926
0.00661313
-1.07266
1.07427
-0.00453769
0.00240647
-1.28042
1.28255
0.000144988
-0.00266999
-1.53259
1.53511
0.00514693
-0.00753672
-1.53302
1.53541
0.00942911
-0.0111645
-1.28167
1.2834
0.012429
-0.0134712
-1.07462
1.07567
0.0141426
-0.0146212
-0.903846
0.904325
0.0148412
-0.0147966
-0.763644
0.763599
0.014534
-0.0139681
-0.649458
0.648892
0.0128298
-0.0107869
-0.546277
0.544234
0.00799402
-0.00457612
-0.409086
0.405668
0.00214327
-0.000654769
-0.217695
0.216207
0.000114265
-0.0380948
0.0379806
-0.0387037
0.038703
6.99151e-07
-0.000966681
0.00257407
-0.286518
0.28491
-0.00535496
0.00818286
-0.439075
0.436247
-0.0108335
0.0125482
-0.545688
0.543973
-0.0135479
0.0138697
-0.644089
0.643767
-0.0137987
0.0132778
-0.760762
0.761283
-0.0122979
0.0110204
-0.903285
0.904562
-0.00923402
0.00728838
-1.07604
1.07799
-0.0048509
0.00238135
-1.28482
1.28729
0.000569658
-0.00347123
-1.53778
1.54068
0.00630272
-0.00902027
-1.53791
1.54063
0.0111716
-0.0131908
-1.28528
1.2873
0.0147232
-0.0160388
-1.07682
1.07814
0.0168921
-0.0174408
-0.90474
0.905289
0.0174916
-0.0171356
-0.763382
0.763026
0.0164877
-0.0151005
-0.648034
0.646647
0.0130331
-0.00999337
-0.541713
0.538674
0.00679962
-0.00361498
-0.402374
0.39919
0.00165154
-0.000530094
-0.214934
0.213812
0.000108504
-0.0378783
0.0377698
-0.0387131
0.0387384
-2.5355e-05
-0.000434854
0.00150012
-0.283559
0.282494
-0.00370248
0.00639528
-0.433395
0.430702
-0.00946261
0.0118051
-0.54186
0.539517
-0.013585
0.0142832
-0.64332
0.642622
-0.0142817
0.013886
-0.761744
0.76214
-0.0128596
0.0115
-0.905909
0.907269
-0.00959929
0.00753616
-1.08003
1.0821
-0.00492845
0.0021785
-1.28994
1.29269
0.00116874
-0.00445128
-1.54382
1.5471
0.00761722
-0.0106576
-1.54356
1.5466
0.0130263
-0.0151339
-1.2894
1.2915
0.0166885
-0.0180017
-1.07951
1.08082
0.0187913
-0.0191487
-0.905802
0.906159
0.0190965
-0.0186121
-0.762629
0.762145
0.0173448
-0.0150269
-0.644752
0.642434
0.0122155
-0.00863733
-0.535246
0.531668
0.00548428
-0.00278303
-0.396195
0.393494
0.00127774
-0.000444597
-0.212835
0.212002
0.000108394
-0.0376585
0.0375501
-0.0387816
0.0388469
-6.5347e-05
8.00825e-05
0.000429416
-0.281719
0.28121
-0.00176364
0.00367876
-0.42834
0.426425
-0.00617648
0.0083075
-0.537172
0.535041
-0.0101443
0.0111825
-0.641617
0.640579
-0.0115588
0.0112784
-0.76255
0.762831
-0.0104858
0.00933892
-0.908571
0.909718
-0.00765625
0.00577563
-1.0841
1.08598
-0.00333447
0.000730811
-1.29542
1.29803
0.0024842
-0.00561948
-1.55039
1.55352
0.00859779
-0.0114077
-1.5496
1.55241
0.0135399
-0.0154407
-1.29356
1.29546
0.0167655
-0.0177385
-1.08201
1.08298
0.0182409
-0.0183362
-0.90639
0.906486
0.0178879
-0.0166563
-0.761329
0.760097
0.0149151
-0.0123445
-0.639865
0.637294
0.00959012
-0.00644646
-0.528199
0.525055
0.0039603
-0.00201249
-0.391158
0.38921
0.000968849
-0.000370804
-0.211298
0.2107
0.000101336
-0.0374455
0.0373442
-0.0389335
0.0390414
-0.000107966
0.000471958
-0.000425805
-0.280959
0.280913
-0.000121727
0.00112441
-0.424983
0.42398
-0.00261251
0.00400609
-0.533251
0.531857
-0.00528982
0.00609535
-0.639632
0.638826
-0.00650714
0.00645961
-0.762947
0.762995
-0.00596134
0.00512102
-0.910697
0.911538
-0.00380032
0.00225449
-1.0877
1.08925
-0.00021546
-0.00194297
-1.30043
1.30259
0.00455602
-0.00708717
-1.55639
1.55892
0.00944614
-0.0115409
-1.55491
1.557
0.0130969
-0.0144584
-1.29712
1.29848
0.0152236
-0.015558
-1.08364
1.08397
0.0154563
-0.0149495
-0.906256
0.905749
0.0140825
-0.0127
-0.758746
0.757363
0.0110662
-0.0089262
-0.63491
0.63277
0.00679459
-0.00453865
-0.52235
0.520094
0.00285199
-0.001558
-0.387622
0.386328
0.000828303
-0.000351863
-0.210179
0.209703
0.000103168
-0.0372441
0.0371409
-0.0391662
0.0393103
-0.000144173
0.00080224
-0.00104038
-0.280997
0.281235
0.00105949
-0.000764063
-0.423363
0.423067
0.000147681
0.000492517
-0.530857
0.530217
-0.00111048
0.00150063
-0.638217
0.637826
-0.00166428
0.00154333
-0.763052
0.763173
-0.00109527
0.000400093
-0.912282
0.912977
0.000673294
-0.00192322
-1.09063
1.09188
0.00354957
-0.0051896
-1.30447
1.30611
0.00711581
-0.00892798
-1.56109
1.5629
0.010544
-0.0118597
-1.55868
1.56
0.0126722
-0.0132239
-1.29947
1.30002
0.0134158
-0.0132364
-1.08402
1.08384
0.0127608
-0.0119414
-0.905053
0.904233
0.0109474
-0.00962817
-0.755998
0.754679
0.00824623
-0.00660328
-0.630889
0.629246
0.00508361
-0.00354732
-0.518239
0.516702
0.00240296
-0.00147233
-0.385252
0.384321
0.000868941
-0.000400027
-0.209242
0.208773
0.00012267
-0.0370304
0.0369077
-0.039473
0.039655
-0.000181968
0.00108281
-0.00155907
-0.281596
0.282072
0.00195275
-0.00212996
-0.423035
0.423212
0.00214083
-0.00207781
-0.529899
0.529836
0.00203574
-0.00208728
-0.637669
0.63772
0.00228563
-0.00262982
-0.7634
0.763744
0.0032072
-0.00392106
-0.913663
0.914377
0.00490806
-0.00598428
-1.09302
1.09409
0.00731757
-0.00858823
-1.30754
1.30882
0.00999364
-0.0112255
-1.5644
1.56563
0.0122112
-0.0128728
-1.56099
1.56165
0.0131189
-0.0130431
-1.3002
1.30012
0.0127013
-0.0120893
-1.08342
1.08281
0.011346
-0.0103574
-0.903319
0.90233
0.00933101
-0.00810995
-0.753414
0.752193
0.00693997
-0.00564289
-0.627805
0.626508
0.00449821
-0.00335264
-0.515404
0.514259
0.00245772
-0.00164504
-0.383475
0.382663
0.00103367
-0.000495896
-0.208278
0.20774
0.000155717
-0.0367709
0.0366152
-0.0398627
0.0400937
-0.000231007
0.00140679
-0.00208162
-0.282638
0.283313
0.00275998
-0.00327641
-0.423532
0.424048
0.0037199
-0.00408119
-0.53003
0.530392
0.00448432
-0.004913
-0.637993
0.638422
0.00547764
-0.0061007
-0.764237
0.76486
0.00691156
-0.00776927
-0.915142
0.916
0.00882893
-0.00988508
-1.09513
1.09618
0.0110964
-0.0121741
-1.30996
1.31104
0.0132597
-0.0140817
-1.56663
1.56745
0.0145872
-0.0147144
-1.56202
1.56215
0.0144648
-0.0139142
-1.29981
1.29926
0.0131974
-0.0122908
-1.08204
1.08114
0.0113508
-0.0102311
-0.901271
0.900152
0.0091586
-0.00796217
-0.750996
0.7498
0.00687518
-0.00571662
-0.625314
0.624155
0.00471203
-0.00368986
-0.513212
0.51219
0.0028386
-0.00198748
-0.381849
0.380998
0.00128458
-0.000627354
-0.207151
0.206494
0.000199357
-0.036442
0.0362426
-0.0403569
0.0406503
-0.000293392
0.00180205
-0.00269362
-0.284085
0.284977
0.00363795
-0.00442438
-0.424685
0.425471
0.00520306
-0.00588867
-0.530949
0.531635
0.00666008
-0.00742061
-0.63909
0.639851
0.00834174
-0.00927663
-0.765653
0.766588
0.0103972
-0.0114942
-0.91694
0.918037
0.0127524
-0.0139221
-1.09724
1.09841
0.0151702
-0.0162028
-1.31205
1.31308
0.0171317
-0.0176911
-1.56812
1.56867
0.0178484
-0.0175742
-1.56206
1.56178
0.01698
-0.0160149
-1.29847
1.29751
0.0149868
-0.0137794
-1.08007
1.07886
0.0126207
-0.0113192
-0.898933
0.897631
0.010129
-0.00884655
-0.74857
0.747287
0.00771043
-0.00651688
-0.623016
0.621823
0.00548091
-0.00440287
-0.511182
0.510104
0.00346316
-0.00247148
-0.380095
0.379104
0.00161657
-0.000796009
-0.205767
0.204947
0.000254956
-0.036025
0.0357701
-0.0409862
0.0413614
-0.000375262
0.00230696
-0.00345625
-0.285991
0.28714
0.00468933
-0.00573918
-0.426401
0.42745
0.00680646
-0.00776827
-0.53255
0.533511
0.00887848
-0.00999211
-0.640868
0.641982
0.0113254
-0.012642
-0.767693
0.76901
0.0141639
-0.0155862
-0.919221
0.920643
0.0171311
-0.0185021
-1.0996
1.10097
0.0199038
-0.0209973
-1.31408
1.31517
0.0218779
-0.0222654
-1.56911
1.5695
0.0221436
-0.0215047
-1.56131
1.56067
0.0205683
-0.0192539
-1.29635
1.29504
0.017916
-0.0163827
-1.07747
1.07594
0.0149578
-0.0134048
-0.896175
0.894622
0.0120178
-0.0105475
-0.745903
0.744433
0.00925614
-0.00790012
-0.620593
0.619237
0.00671228
-0.00545218
-0.509006
0.507746
0.00432605
-0.00310885
-0.378035
0.376818
0.00204353
-0.00101072
-0.204044
0.203012
0.000326
-0.0355011
0.0351751
-0.0417948
0.0422779
-0.000483109
0.00296233
-0.00443557
-0.28846
0.289933
0.00601811
-0.0073651
-0.428725
0.430072
0.00873922
-0.00999829
-0.534822
0.536082
0.0114737
-0.0129716
-0.643365
0.644863
0.0147783
-0.01654
-0.770432
0.772193
0.0185384
-0.0203744
-0.922118
0.923954
0.0223387
-0.0240246
-1.10241
1.10409
0.0256818
-0.0269132
-1.31625
1.31748
0.0278114
-0.0280706
-1.56977
1.57002
0.027692
-0.0266869
-1.55982
1.55882
0.0253841
-0.0236714
-1.29351
1.2918
0.0219699
-0.0200445
-1.07417
1.07224
0.018285
-0.0163986
-0.892836
0.89095
0.0147361
-0.0129901
-0.742778
0.741032
0.0114609
-0.00984851
-0.6178
0.616187
0.00841872
-0.00687433
-0.506468
0.504924
0.00547097
-0.00393491
-0.375527
0.37399
0.00258805
-0.00128171
-0.201894
0.200588
0.000415404
-0.0348473
0.0344319
-0.0428467
0.0434756
-0.000628887
0.00382867
-0.00572546
-0.291654
0.293551
0.0077626
-0.00949693
-0.431761
0.433496
0.0112662
-0.0128911
-0.537839
0.539464
0.0148102
-0.0167684
-0.646672
0.648631
0.0191388
-0.0214316
-0.77401
0.776303
0.0240073
-0.0263522
-0.925804
0.928149
0.0288323
-0.0309287
-1.1058
1.10789
0.032921
-0.0343373
-1.31868
1.3201
0.0352806
-0.0354117
-1.57016
1.57029
0.0347515
-0.0333311
-1.55758
1.55616
0.031598
-0.029394
-1.28982
1.28762
0.027237
-0.024819
-1.07002
1.0676
0.0226313
-0.0203094
-0.888733
0.886412
0.0182829
-0.0161726
-0.738987
0.736877
0.0143317
-0.0123871
-0.61443
0.612485
0.010645
-0.00873248
-0.503384
0.501472
0.00696657
-0.00499083
-0.372427
0.370451
0.00325946
-0.00160514
-0.199212
0.197557
0.000518474
-0.0340334
0.0335149
-0.044224
0.0450674
-0.00084332
0.00505414
-0.00753958
-0.295786
0.298271
0.0101929
-0.0124314
-0.435692
0.43793
0.0146976
-0.016796
-0.541761
0.54386
0.0192984
-0.0218547
-0.650964
0.65352
0.0249144
-0.0278575
-0.778611
0.781554
0.0311412
-0.0340836
-0.930452
0.933394
0.0371447
-0.0396825
-1.10997
1.11251
0.0420445
-0.0436661
-1.32147
1.3231
0.0446509
-0.0446176
-1.57026
1.57023
0.0436112
-0.0416844
-1.55446
1.55253
0.0394227
-0.036606
-1.28509
1.28228
0.0338774
-0.0308383
-1.06482
1.06178
0.0281031
-0.0252161
-0.883655
0.880768
0.0227124
-0.0201247
-0.734326
0.731738
0.0178796
-0.0155119
-0.610286
0.607919
0.0133743
-0.0109929
-0.499575
0.497193
0.00875967
-0.00628559
-0.36855
0.366076
0.00411378
-0.00201213
-0.195866
0.193765
0.000646224
-0.0330222
0.032376
-0.0460494
0.0472213
-0.00117197
0.00687498
-0.0101979
-0.301163
0.304486
0.0136798
-0.0165669
-0.440796
0.443683
0.0194604
-0.0221635
-0.546866
0.549569
0.0254096
-0.0287213
-0.656491
0.659803
0.032652
-0.0363725
-0.78448
0.7882
0.0404545
-0.0440643
-0.936296
0.939906
0.0477784
-0.0508149
-1.11504
1.11807
0.053578
-0.0553938
-1.32464
1.32646
0.0563649
-0.056081
-1.56998
1.56969
0.0546182
-0.052054
-1.55026
1.54769
0.0491391
-0.0455683
-1.27907
1.2755
0.0421378
-0.0383334
-1.05831
1.0545
0.0349172
-0.0313172
-0.877354
0.873754
0.0282028
-0.0249996
-0.728564
0.725361
0.0222359
-0.0193353
-0.605159
0.602259
0.016711
-0.0137661
-0.494829
0.491884
0.010975
-0.00786732
-0.363702
0.360594
0.00514518
-0.00252193
-0.191677
0.189054
0.000808219
-0.0317738
0.0309656
-0.0485204
0.0501985
-0.00167814
0.00963535
-0.0141515
-0.308235
0.312752
0.0187373
-0.0224684
-0.447454
0.451185
0.0261874
-0.0297081
-0.553498
0.557018
0.0339597
-0.0382508
-0.663601
0.667892
0.0432456
-0.047882
-0.791949
0.796586
0.0528908
-0.0572615
-0.94353
0.947901
0.0616841
-0.0652122
-1.12108
1.1246
0.0683055
-0.0702064
-1.32812
1.33002
0.0710044
-0.0702981
-1.56908
1.56837
0.0682009
-0.0648192
-1.54467
1.54129
0.0610982
-0.0566136
-1.27145
1.26697
0.0523418
-0.0476239
-1.05019
1.04547
0.0433925
-0.0389317
-0.869544
0.865083
0.0350717
-0.0311079
-0.721435
0.717472
0.0277001
-0.0241417
-0.598799
0.595241
0.020926
-0.0173086
-0.488889
0.485272
0.0138434
-0.00990532
-0.357644
0.353706
0.00645776
-0.00315153
-0.186464
0.183158
0.00100315
-0.0302309
0.0292278
-0.0519741
0.0544671
-0.00249299
0.0139028
-0.0200828
-0.317723
0.323903
0.0260835
-0.0308961
-0.456246
0.461059
0.0357177
-0.0403544
-0.562173
0.56681
0.0459568
-0.0515041
-0.672738
0.678285
0.0578178
-0.0635519
-0.801306
0.80704
0.0696201
-0.0747928
-0.952294
0.957466
0.0798764
-0.0837837
-1.12804
1.13194
0.0870242
-0.0888037
-1.33166
1.33344
0.0891694
-0.0877827
-1.5672
1.56581
0.0848049
-0.0803743
-1.53731
1.53288
0.075665
-0.0700904
-1.2619
1.25633
0.0648321
-0.0590522
-1.04016
1.03438
0.0538768
-0.0484161
-0.859916
0.854455
0.0436849
-0.0388207
-0.712638
0.707774
0.0346405
-0.0302855
-0.590922
0.586567
0.0263461
-0.021887
-0.481472
0.477013
0.017569
-0.0126105
-0.349995
0.345037
0.00819062
-0.00395556
-0.179972
0.175737
0.00124408
-0.0283312
0.0270871
-0.0569956
0.0609754
-0.00397978
0.0210962
-0.0297462
-0.330773
0.339423
0.0377099
-0.043957
-0.468014
0.474261
0.0502742
-0.056428
-0.573566
0.57972
0.0637618
-0.0707983
-0.684408
0.691444
0.0785397
-0.0853507
-0.812815
0.819626
0.0923399
-0.0981
-0.962548
0.968308
0.103541
-0.107511
-1.13559
1.13956
0.110527
-0.111831
-1.33478
1.33608
0.111376
-0.108964
-1.56377
1.56136
0.104804
-0.099062
-1.52772
1.52197
0.093173
-0.0863364
-1.25007
1.24323
0.0799585
-0.0729871
-1.02791
1.02094
0.0667591
-0.0601841
-0.848185
0.84161
0.0544746
-0.0485867
-0.701871
0.695983
0.0435227
-0.0382528
-0.581193
0.575923
0.0334639
-0.027955
-0.472193
0.466684
0.0225328
-0.0162047
-0.340345
0.334017
0.010508
-0.00504063
-0.171775
0.166308
0.00156309
-0.0259847
0.0244216
-0.0647347
0.0719937
-0.00725895
0.034895
-0.0475657
-0.349586
0.362256
0.0582692
-0.0660701
-0.484014
0.491815
0.0740927
-0.0820217
-0.588399
0.596328
0.0911895
-0.099551
-0.698894
0.707256
0.108352
-0.115787
-0.826289
0.833724
0.123122
-0.128896
-0.973728
0.979502
0.134047
-0.137469
-1.14298
1.1464
0.139621
-0.139879
-1.33663
1.33689
0.138055
-0.134165
-1.55803
1.55414
0.128465
-0.121145
-1.51534
1.50802
0.113894
-0.105663
-1.23563
1.2274
0.0980753
-0.0898466
-1.01323
1.005
0.0825185
-0.0747876
-0.83416
0.826429
0.0680588
-0.0610948
-0.688911
0.681947
0.0550858
-0.0488243
-0.569297
0.563035
0.0431164
-0.03643
-0.460542
0.453856
0.0295804
-0.0213958
-0.327929
0.319745
0.0138406
-0.00649979
-0.161301
0.15396
0.00191732
-0.023077
0.0211597
-0.0789861
0.0822744
-0.00328835
0.0239238
-0.034652
-0.377878
0.388606
0.0443698
-0.0522196
-0.505022
0.512872
0.0612436
-0.0709116
-0.606386
0.616054
0.0816221
-0.0911993
-0.715303
0.72488
0.101866
-0.111299
-0.840447
0.84988
0.121099
-0.129497
-0.984397
0.992795
0.137832
-0.144483
-1.1488
1.15545
0.150371
-0.154184
-1.33601
1.33982
0.156149
-0.155401
-1.54904
1.54829
0.151806
-0.145759
-1.49962
1.49358
0.138671
-0.129678
-1.21832
1.20933
0.12088
-0.110326
-0.996027
0.985473
0.100641
-0.0899909
-0.817836
0.807186
0.0804675
-0.0703623
-0.673774
0.663669
0.0612242
-0.0518168
-0.555133
0.545726
0.0435254
-0.0337626
-0.445985
0.436222
0.0244911
-0.0150586
-0.311567
0.302135
0.00793595
-0.00274918
-0.14734
0.142153
0.00039649
-0.0194842
0.0190877
-0.0896549
0.0862033
0.00345164
0.000702319
-0.00700215
-0.402097
0.408397
0.0149089
-0.0216037
-0.525382
0.532076
0.0301675
-0.0385732
-0.626047
0.634452
0.0482158
-0.0570273
-0.734415
0.743226
0.0664342
-0.074969
-0.858855
0.86739
0.0838538
-0.0911991
-1.00093
1.00827
0.0987196
-0.104422
-1.16201
1.16771
0.109452
-0.112448
-1.34348
1.34648
0.113397
-0.111935
-1.54686
1.5454
0.107791
-0.101374
-1.48684
1.48042
0.0939367
-0.0847929
-1.19995
1.1908
0.0759973
-0.0659513
-0.974731
0.964685
0.0565499
-0.0461294
-0.795803
0.785382
0.0368119
-0.0272576
-0.651711
0.642157
0.0190989
-0.0107425
-0.533664
0.525307
0.00364758
0.00293135
-0.424378
0.417799
-0.00712141
0.00878598
-0.291334
0.28967
-0.00788773
0.00500587
-0.135467
0.138349
-0.00206156
-0.0176353
0.0196969
-0.0886991
0.0850991
0.00359993
-0.00698908
0.00426978
-0.417851
0.42057
0.00057696
-0.00613258
-0.542172
0.547728
0.0132712
-0.0204876
-0.643259
0.650476
0.0286963
-0.0362421
-0.751555
0.7591
0.0445153
-0.0518808
-0.875282
0.882648
0.0593474
-0.0658958
-1.01547
1.02202
0.0724495
-0.0775583
-1.17307
1.17818
0.0817208
-0.084059
-1.34898
1.35132
0.0847869
-0.0831656
-1.54351
1.54189
0.0791204
-0.0731137
-1.47375
1.46775
0.0663603
-0.0583773
-1.18195
1.17396
0.0504741
-0.0418055
-0.954769
0.9461
0.0338131
-0.0251002
-0.775539
0.766826
0.0176206
-0.00997578
-0.63214
0.624495
0.00368876
0.00263735
-0.515205
0.508878
-0.0074347
0.0113641
-0.409126
0.405197
-0.0130536
0.0118955
-0.283961
0.285119
-0.00885255
0.00502149
-0.13784
0.141671
-0.00186534
-0.0199985
0.0218639
-0.0861295
0.0827342
0.00339537
-0.00944542
0.00870244
-0.427603
0.428346
-0.00558548
0.00128896
-0.555512
0.559808
0.00481664
-0.0108192
-0.657525
0.663527
0.0177994
-0.0242345
-0.766389
0.772824
0.0312558
-0.0375468
-0.889601
0.895892
0.0443252
-0.0499248
-1.02821
1.03381
0.0557535
-0.0599192
-1.18299
1.18716
0.0636604
-0.0657975
-1.3536
1.35574
0.0663844
-0.0647298
-1.54014
1.53848
0.0613103
-0.0562415
-1.46166
1.45659
0.0505231
-0.0435286
-1.1663
1.15931
0.0370086
-0.0299807
-0.937791
0.930763
0.0234516
-0.0167099
-0.758787
0.752045
0.0106455
-0.00471033
-0.616587
0.610652
-9.09215e-05
0.00446023
-0.501408
0.497038
-0.00746433
0.00965293
-0.398806
0.396618
-0.0102734
0.00849492
-0.281105
0.282883
-0.0060847
0.00331729
-0.141592
0.144359
-0.00123562
-0.0219824
0.023218
-0.0836471
0.080848
0.00279913
-0.00952038
0.0100034
-0.433828
0.433345
-0.00756815
0.00419154
-0.566461
0.569838
0.000733976
-0.00610209
-0.669546
0.674914
0.0119574
-0.0176068
-0.778879
0.784528
0.0236812
-0.0291564
-0.901866
0.907342
0.0350098
-0.0400561
-1.03936
1.04441
0.0450984
-0.0490765
-1.1913
1.19528
0.0524853
-0.0544815
-1.35769
1.35969
0.0551361
-0.0537835
-1.53692
1.53557
0.0508998
-0.04643
-1.45125
1.44678
0.0415812
-0.0358221
-1.15273
1.14697
0.0304021
-0.0244791
-0.923958
0.918035
0.0192189
-0.0137275
-0.745551
0.740059
0.00901538
-0.00434419
-0.6047
0.600029
0.000692347
0.00254189
-0.491405
0.488171
-0.00483637
0.00629471
-0.391926
0.390468
-0.00650081
0.0054109
-0.279576
0.280666
-0.00391284
0.00207605
-0.143331
0.145168
-0.000858194
-0.0228824
0.0237406
-0.0816732
0.0793593
0.0023139
-0.008669
0.0093504
-0.437812
0.437131
-0.00796945
0.00508416
-0.575004
0.577889
-0.000490757
-0.00407997
-0.679811
0.684382
0.00913574
-0.0140658
-0.789666
0.794596
0.0194941
-0.0244312
-0.912588
0.917525
0.0298571
-0.0343648
-1.04928
1.05379
0.0390188
-0.0427322
-1.1991
1.20281
0.0459156
-0.0478305
-1.36157
1.36348
0.0485486
-0.0478126
-1.53431
1.53357
0.0453585
-0.0416768
-1.44218
1.43849
0.0374894
-0.0325113
-1.14136
1.13638
0.0280561
-0.0228697
-0.912334
0.907147
0.0183418
-0.0137799
-0.734796
0.730234
0.00981153
-0.00586968
-0.595411
0.591469
0.00274051
0.000195142
-0.483781
0.480845
-0.0019643
0.00320329
-0.386562
0.385323
-0.00380353
0.00334057
-0.277436
0.277899
-0.00245804
0.00138426
-0.143339
0.144413
-0.000611791
-0.0231113
0.0237231
-0.0802609
0.0784848
0.00177608
-0.00726908
0.00814158
-0.440648
0.439775
-0.00694796
0.0046165
-0.582539
0.58487
-0.000471813
-0.00365501
-0.688747
0.692874
0.00846925
-0.0127456
-0.79935
0.803627
0.0175505
-0.021972
-0.922523
0.926944
0.027177
-0.0313517
-1.05841
1.06259
0.0356056
-0.0392465
-1.20646
1.2101
0.0427263
-0.0446726
-1.36556
1.36751
0.0456798
-0.0451529
-1.53262
1.53209
0.0433692
-0.0399354
-1.43475
1.43132
0.036371
-0.0320561
-1.1314
1.12709
0.0279461
-0.0234513
-0.902146
0.897652
0.0193324
-0.0150426
-0.725549
0.721259
0.0116691
-0.00800394
-0.587356
0.583691
0.00501666
-0.00242452
-0.477059
0.474467
0.000545881
0.000931877
-0.38185
0.380372
-0.00166766
0.00176955
-0.274855
0.274753
-0.00144073
0.000909653
-0.14222
0.142751
-0.000460679
-0.0229312
0.0233918
-0.0794827
0.0780927
0.00138995
-0.00586251
0.0067961
-0.44286
0.441926
-0.00561446
0.00329739
-0.589058
0.591375
0.000462688
-0.00415102
-0.696793
0.700481
0.00829743
-0.01243
-0.80801
0.812142
0.0168927
-0.0214655
-0.931256
0.935828
0.0260095
-0.0300564
-1.06692
1.07096
0.0345082
-0.0380088
-1.21373
1.21723
0.0411497
-0.0436114
-1.36949
1.37195
0.0449327
-0.0448151
-1.53174
1.53162
0.0433046
-0.0405059
-1.42811
1.42531
0.0372877
-0.0332876
-1.12249
1.11849
0.0295098
-0.0252594
-0.893052
0.888801
0.0213795
-0.0174537
-0.717011
0.713086
0.0139427
-0.0104724
-0.579809
0.576338
0.00764854
-0.00485868
-0.471007
0.468217
0.00277795
-0.00128397
-0.376979
0.375485
0.000207348
0.000415482
-0.271594
0.270971
-0.000614808
0.000525657
-0.140372
0.140461
-0.000344716
-0.0225234
0.0228681
-0.0792882
0.0781127
0.00117553
-0.00442196
0.00509482
-0.444919
0.444246
-0.00409529
0.00175333
-0.594991
0.597333
0.00168654
-0.00521357
-0.704261
0.707788
0.00918638
-0.0129446
-0.816208
0.819966
0.0175303
-0.0213635
-0.939914
0.943747
0.0258968
-0.0297994
-1.07521
1.07911
0.0341846
-0.0379275
-1.22077
1.22451
0.0414308
-0.0437857
-1.37429
1.37665
0.045549
-0.0459
-1.53156
1.53191
0.0450331
-0.0424887
-1.42242
1.41988
0.0395895
-0.0358128
-1.11453
1.11075
0.0322158
-0.0280229
-0.884286
0.880093
0.024307
-0.0203002
-0.708862
0.704855
0.0168068
-0.0132446
-0.572563
0.569001
0.0102297
-0.00751101
-0.464765
0.462046
0.00519979
-0.0033961
-0.371916
0.370113
0.00198256
-0.000949369
-0.267741
0.266707
0.000280472
0.000195699
-0.13788
0.137404
-0.00024481
-0.0218833
0.0221281
-0.079355
0.078512
0.000842984
-0.00318676
0.00335274
-0.447155
0.446989
-0.00249647
0.000217128
-0.600247
0.602526
0.00290551
-0.00629043
-0.711196
0.714581
0.0100831
-0.0139551
-0.823698
0.82757
0.0179532
-0.0219387
-0.947828
0.951813
0.0264426
-0.0301635
-1.08346
1.08718
0.0346692
-0.0384124
-1.22812
1.23186
0.0420389
-0.0449802
-1.37947
1.38241
0.0473087
-0.0480027
-1.53241
1.5331
0.0473856
-0.0454602
-1.41753
1.41561
0.0429508
-0.0393193
-1.10678
1.10314
0.0357363
-0.0317663
-0.875727
0.871757
0.0277007
-0.0237648
-0.700506
0.69657
0.0201842
-0.0164225
-0.565295
0.561533
0.0133915
-0.0103289
-0.458334
0.455271
0.00785359
-0.00552906
-0.366662
0.364338
0.00387402
-0.00240518
-0.263321
0.261852
0.0011352
-0.000176236
-0.13477
0.133811
-0.000155542
-0.0210217
0.0211772
-0.0798142
0.0791315
0.000682707
-0.00218348
0.00231663
-0.449636
0.449503
-0.000951729
-0.00113857
-0.605437
0.607528
0.00430198
-0.00750765
-0.717617
0.720822
0.0111272
-0.0146092
-0.831209
0.834691
0.0187201
-0.0224034
-0.955848
0.959532
0.0268587
-0.0310026
-1.09138
1.09552
0.0351804
-0.0392675
-1.23569
1.23977
0.0433442
-0.046432
-1.38531
1.3884
0.0491956
-0.0507115
-1.53411
1.53562
0.0505678
-0.0492311
-1.41362
1.41228
0.0468354
-0.0434704
-1.09948
1.09611
0.0400811
-0.0360125
-0.867271
0.863203
0.0320347
-0.0278897
-0.692044
0.6879
0.024145
-0.0201206
-0.557439
0.553415
0.0167669
-0.013504
-0.451544
0.448282
0.0105887
-0.00790901
-0.360736
0.358057
0.00579521
-0.00382482
-0.258158
0.256188
0.00213118
-0.000661855
-0.131021
0.129552
-2.01803e-06
-0.0199908
0.0199928
-0.0805241
0.0799959
0.000528181
-0.00116726
0.00106923
-0.452289
0.452387
5.63031e-05
-0.00243675
-0.610162
0.612542
0.00546455
-0.00848557
-0.723743
0.726764
0.012158
-0.0154819
-0.838208
0.841532
0.0194339
-0.0232243
-0.96371
0.9675
0.0275786
-0.0316848
-1.09956
1.10367
0.0360789
-0.0402074
-1.24382
1.24795
0.0445006
-0.0483614
-1.39182
1.39568
0.0516266
-0.0535098
-1.53718
1.53907
0.0541127
-0.053127
-1.41089
1.40991
0.0512285
-0.0482537
-1.09266
1.08968
0.0447812
-0.040745
-0.858686
0.85465
0.0367364
-0.0323105
-0.683263
0.678837
0.0284213
-0.0240531
-0.54929
0.544922
0.0204479
-0.0166976
-0.444287
0.440537
0.013566
-0.010507
-0.354166
0.351107
0.00782132
-0.00532282
-0.252199
0.2497
0.00317541
-0.00120808
-0.126487
0.12452
0.000155743
-0.018749
0.0185932
-0.0814053
0.0809746
0.000430729
-0.000407215
0.000200771
-0.45511
0.455317
0.0012146
-0.0033881
-0.615038
0.617212
0.00618474
-0.00925179
-0.729772
0.732839
0.0127286
-0.0161027
-0.844911
0.848285
0.0198736
-0.0237475
-0.971153
0.975027
0.0279479
-0.032298
-1.10787
1.11222
0.0366137
-0.0410852
-1.25207
1.25654
0.0458105
-0.0497703
-1.39935
1.40331
0.0536311
-0.0564415
-1.54133
1.54414
0.0574718
-0.0573699
-1.40913
1.40903
0.0559147
-0.0530145
-1.0866
1.0837
0.0497847
-0.0458427
-0.85017
0.846228
0.0418347
-0.0373318
-0.674044
0.669541
0.0330998
-0.0285616
-0.540317
0.535779
0.0244662
-0.0202797
-0.436224
0.432037
0.0167099
-0.0130572
-0.346904
0.343252
0.0100512
-0.00686411
-0.245338
0.242151
0.00423076
-0.00174924
-0.121112
0.11863
0.000361717
-0.0173103
0.0169486
-0.0823335
0.0821049
0.000228647
-0.000102628
-0.000498035
-0.457936
0.458537
0.00205538
-0.00431841
-0.619824
0.622087
0.00716943
-0.0100335
-0.735667
0.738531
0.01307
-0.0162595
-0.851724
0.854913
0.0202538
-0.0239287
-0.978938
0.982613
0.0284479
-0.0326002
-1.11624
1.12039
0.037387
-0.0417528
-1.26101
1.26537
0.0466182
-0.0511531
-1.40747
1.412
0.0554839
-0.0589809
-1.54684
1.55034
0.0610012
-0.0613824
-1.40899
1.40937
0.0605287
-0.0582858
-1.08091
1.07867
0.0552154
-0.0512883
-0.841703
0.837776
0.047248
-0.0425159
-0.664523
0.659791
0.0380845
-0.0332677
-0.530822
0.526005
0.0289053
-0.024322
-0.427401
0.422818
0.0203452
-0.0160514
-0.33875
0.334456
0.0125152
-0.00864646
-0.237376
0.233507
0.00532347
-0.00233507
-0.114689
0.1117
0.000595775
-0.0156614
0.0150656
-0.0833367
0.0832286
0.000108162
0.000446053
-0.00111776
-0.461004
0.461676
0.00266247
-0.00478523
-0.624277
0.626399
0.00764855
-0.0102909
-0.74142
0.744062
0.013351
-0.0166862
-0.858221
0.861557
0.0201728
-0.0239606
-0.986429
0.990217
0.0282707
-0.0324683
-1.12468
1.12888
0.0374517
-0.0422532
-1.27007
1.27487
0.0473496
-0.0521364
-1.41678
1.42156
0.0572609
-0.0612005
-1.55409
1.55803
0.0642074
-0.0654389
-1.4103
1.41154
0.0651915
-0.0634028
-1.07657
1.07478
0.060913
-0.0571625
-0.833595
0.829845
0.0531602
-0.0484116
-0.654487
0.649739
0.0437061
-0.0385565
-0.520554
0.515405
0.0338576
-0.028745
-0.417787
0.412674
0.0243493
-0.0194825
-0.329416
0.324549
0.015119
-0.0104931
-0.228095
0.223469
0.00647373
-0.00288195
-0.107194
0.103602
0.000792754
-0.0137316
0.0129389
-0.0844006
0.0843236
7.69988e-05
0.000735246
-0.00164511
-0.46396
0.46487
0.00337032
-0.00530569
-0.628648
0.630583
0.00797678
-0.0104022
-0.746899
0.749324
0.0134901
-0.0167044
-0.864546
0.867761
0.0203032
-0.0240701
-0.993717
0.997484
0.027925
-0.0322332
-1.1332
1.13751
0.0373455
-0.0422916
-1.2795
1.28445
0.0477643
-0.0528669
-1.42651
1.43161
0.0584407
-0.0631887
-1.56254
1.56729
0.0666921
-0.0691659
-1.41305
1.41552
0.0696703
-0.0687421
-1.07325
1.07232
0.0667192
-0.0633752
-0.825939
0.822595
0.0595751
-0.0546447
-0.644366
0.639436
0.0497455
-0.0442647
-0.509699
0.504218
0.0390179
-0.0335657
-0.40704
0.401588
0.0285337
-0.02314
-0.318911
0.313517
0.0180207
-0.0125039
-0.217382
0.211866
0.00774321
-0.00347593
-0.0985051
0.0942379
0.000936972
-0.0115472
0.0106102
-0.0854187
0.0853855
3.31964e-05
0.000946126
-0.00190651
-0.467188
0.468148
0.003492
-0.00557534
-0.632768
0.634851
0.00777759
-0.0105751
-0.751784
0.754582
0.0134284
-0.0164434
-0.870804
0.873819
0.0199756
-0.023452
-1.00117
1.00464
0.0278089
-0.0319801
-1.14178
1.14595
0.0369137
-0.0420669
-1.28927
1.29442
0.0474535
-0.053081
-1.43718
1.44281
0.0591682
-0.0645621
-1.57246
1.57785
0.0690114
-0.0723021
-1.41804
1.42133
0.073681
-0.0736611
-1.07169
1.07167
0.0724039
-0.0697395
-0.819316
0.816652
0.0662229
-0.0614415
-0.634313
0.629532
0.0564286
-0.0504364
-0.498222
0.49223
0.0449806
-0.0388219
-0.39546
0.389301
0.0330303
-0.0268273
-0.307016
0.300813
0.02088
-0.0144399
-0.204984
0.198544
0.00886682
-0.00388736
-0.0886339
0.0836544
0.00103685
-0.00916949
0.00813264
-0.0864905
0.0864087
8.18318e-05
0.00115571
-0.00180346
-0.470501
0.471148
0.00356669
-0.00535648
-0.636865
0.638655
0.00788558
-0.0101763
-0.75706
0.759351
0.0131632
-0.0159704
-0.876916
0.879724
0.0197008
-0.0230275
-1.00839
1.01172
0.0272947
-0.0310569
-1.15059
1.15435
0.0363872
-0.0413314
-1.29946
1.30441
0.0470081
-0.0528624
-1.44841
1.45426
0.0594501
-0.0655173
-1.58384
1.5899
0.0709428
-0.0751046
-1.42498
1.42915
0.0772379
-0.078148
-1.07193
1.07285
0.0777638
-0.0758603
-0.813816
0.811913
0.0729448
-0.0685814
-0.624592
0.620229
0.0636925
-0.0575694
-0.485869
0.479746
0.0515417
-0.0445349
-0.382242
0.375236
0.037815
-0.0303272
-0.293461
0.285973
0.0232558
-0.0158004
-0.190699
0.183244
0.00943836
-0.00403771
-0.0775333
0.0721326
0.00103249
-0.00671978
0.00568729
-0.0873725
0.0873291
4.33956e-05
0.000910567
-0.0021176
-0.473202
0.474409
0.00380939
-0.00567891
-0.640767
0.642637
0.00764505
-0.0100554
-0.761707
0.764118
0.0127677
-0.0156706
-0.882735
0.885638
0.0187348
-0.0222319
-1.01511
1.01861
0.0261711
-0.0303417
-1.15875
1.16292
0.035286
-0.0404283
-1.30953
1.31467
0.046276
-0.0522364
-1.46026
1.46622
0.0591953
-0.0659382
-1.59629
1.60303
0.0720857
-0.0769284
-1.43399
1.43883
0.0802964
-0.0823809
-1.07416
1.07624
0.0825806
-0.0816753
-0.810133
0.809228
0.0798089
-0.076205
-0.615924
0.612321
0.0717012
-0.0657478
-0.473278
0.467325
0.059188
-0.0511576
-0.367292
0.359261
0.0430837
-0.0334168
-0.27701
0.267343
0.0243983
-0.015239
-0.174078
0.164919
0.00819396
-0.00290619
-0.0659417
0.0606539
0.000514967
-0.00451967
0.0040047
-0.0883151
0.0882886
2.64874e-05
0.000965229
-0.00210368
-0.476043
0.477181
0.00369933
-0.00540019
-0.644413
0.646114
0.00741309
-0.00946773
-0.766552
0.768607
0.0124548
-0.0148444
-0.888392
0.890782
0.0182032
-0.0214174
-1.02195
1.02517
0.0251341
-0.0292857
-1.16703
1.17118
0.0341256
-0.0390286
-1.31965
1.32455
0.0452692
-0.0512145
-1.47245
1.47839
0.0586996
-0.0658293
-1.61009
1.61722
0.0724129
-0.0784652
-1.44463
1.45069
0.082529
-0.0856023
-1.0786
1.08167
0.0870912
-0.0872817
-0.808679
0.80887
0.0863429
-0.0840956
-0.608911
0.606664
0.0805186
-0.0748495
-0.461309
0.45564
0.0684258
-0.0594393
-0.350236
0.341249
0.0496031
-0.0366954
-0.255609
0.242701
0.0235659
-0.0101691
-0.152982
0.139586
0.000149844
0.006642
-0.0549117
0.0481199
-0.00556567
-0.0051901
0.0107558
-0.0890883
0.0890865
1.80693e-06
0.00110952
-0.00209002
-0.47881
0.47979
0.00385696
-0.00535127
-0.648134
0.649628
0.00732969
-0.00939794
-0.77087
0.772938
0.0119932
-0.0148268
-0.893387
0.896221
0.0180704
-0.0210409
-1.02881
1.03178
0.0251062
-0.0295076
-1.17525
1.17965
0.0345173
-0.0398703
-1.3298
1.33515
0.0467434
-0.0534621
-1.48494
1.49166
0.0615953
-0.0702247
-1.62465
1.63328
0.0782145
-0.0857947
-1.45733
1.46491
0.0916712
-0.0965838
-1.0853
1.09022
0.0995599
-0.101337
-0.809361
0.811138
0.101894
-0.101392
-0.604427
0.603926
0.099382
-0.0949375
-0.450765
0.44632
0.0887365
-0.0790219
-0.331591
0.321876
0.0670057
-0.0488133
-0.227169
0.208976
0.0270283
-0.00820065
-0.118247
0.0994189
0.00610377
-0.0379073
-0.037711
0.0695145
0.110949
-0.255007
-0.0323208
0.176379
-0.089833
0.0898355
-2.5313e-06
0.0010811
-0.00208066
-0.481518
0.482518
0.00346406
-0.00498952
-0.651466
0.652991
0.00699925
-0.00891686
-0.775243
0.77716
0.0117464
-0.0142982
-0.89893
0.901481
0.0174535
-0.0205858
-1.03539
1.03852
0.024617
-0.0289133
-1.18366
1.18795
0.0342652
-0.0395156
-1.34089
1.34614
0.0466341
-0.0539259
-1.49876
1.50605
0.0629215
-0.072222
-1.64205
1.65135
0.0817252
-0.0908205
-1.47352
1.48261
0.0983317
-0.105138
-1.09586
1.10267
0.109852
-0.113432
-0.81361
0.81719
0.115824
-0.117844
-0.603664
0.605684
0.118681
-0.117819
-0.44346
0.442598
0.114078
-0.105709
-0.312968
0.304599
0.0961127
-0.0934664
-0.189146
0.1865
0.129984
-0.257201
-0.116112
0.243329
0.491249
-0.769294
-0.244885
0.52293
0.975124
-1.11926
-0.439619
0.58376
-0.090497
0.0904184
7.86069e-05
0.000882228
-0.00194834
-0.484028
0.485094
0.00316356
-0.00490424
-0.654669
0.65641
0.00678569
-0.0084512
-0.779328
0.780994
0.0110735
-0.0136143
-0.904107
0.906648
0.0166854
-0.0198184
-1.04209
1.04522
0.0239177
-0.0282661
-1.19244
1.19679
0.0338433
-0.039246
-1.35214
1.35754
0.0465704
-0.054125
-1.51367
1.52123
0.064176
-0.0743066
-1.66122
1.67135
0.0851113
-0.0958488
-1.4928
1.50354
0.104903
-0.113818
-1.11049
1.11941
0.120601
-0.126411
-0.821495
0.827305
0.130785
-0.135172
-0.607319
0.611706
0.139589
-0.144083
-0.445185
0.449679
0.146852
-0.161282
-0.300872
0.315303
0.223536
-0.414985
-0.248344
0.439792
0.697358
-0.962172
-0.539499
0.804313
1.09618
-1.19262
-0.696837
0.793279
1.24143
-1.2742
-0.655304
0.688076
-0.0908895
0.0904589
0.000430584
0.00079744
-0.00194831
-0.486862
0.488013
0.00310147
-0.00421983
-0.657787
0.658905
0.00660138
-0.0075669
-0.783045
0.784011
0.0107838
-0.0122976
-0.908893
0.910407
0.0164628
-0.0186489
-1.04806
1.05025
0.0233644
-0.0273396
-1.201
1.20497
0.033116
-0.0383576
-1.3634
1.36865
0.0465531
-0.0540329
-1.52918
1.53666
0.0651323
-0.0757657
-1.68209
1.69272
0.0882613
-0.100304
-1.515
1.52705
0.111521
-0.121869
-1.129
1.13935
0.131606
-0.139309
-0.834009
0.841712
0.145831
-0.151337
-0.614928
0.620435
0.160115
-0.180022
-0.457035
0.476941
0.240008
-0.40558
-0.38939
0.554962
0.687165
-0.963357
-0.753058
1.02925
1.09216
-1.16779
-0.939673
1.01531
1.20852
-1.2353
-0.840745
0.867523
1.25133
-1.2671
-0.706569
0.722338
-0.0912517
0.0448293
-0.00384986
0.0502723
0.489576
0.00255025
-0.00237071
-0.489755
0.660377
0.00352289
-0.00383365
-0.660066
0.787307
0.00537648
-0.00750088
-0.785183
0.914747
0.00928707
-0.0121172
-0.911917
1.05597
0.0147235
-0.018324
-1.05237
1.38056
-0.14569
-0.0263686
-1.2085
1.54906
-0.137152
-0.0377616
-1.37414
1.72237
-0.123905
-0.0541844
-1.54428
1.88416
-0.102838
-0.0773393
-1.70398
1.72753
-0.0831284
-0.104761
-1.53964
1.34218
-0.0616801
-0.129906
-1.15059
1.03925
-0.0339106
-0.153516
-0.85182
0.632175
0.160914
-0.16452
-0.628568
0.604335
0.198847
-0.246232
-0.55695
1.17284
0.496298
-0.83259
-0.836549
1.2718
1.02215
-1.10833
-1.18562
1.08857
1.14996
-1.17784
-1.06069
0.908355
1.19696
-1.2174
-0.887916
0.747824
1.23323
-1.24598
-0.735073
-0.107762
0.105486
0.00227654
-0.48179
0.483916
0.00112065
-0.00324685
-0.661003
0.662257
0.00449265
-0.00574747
-0.794095
0.795047
0.0082467
-0.00919888
-0.923532
0.924596
0.0128269
-0.0138916
-1.06729
1.06904
0.0182795
-0.0200367
-1.22547
1.22852
0.0255541
-0.0286025
-1.39689
1.40183
0.035896
-0.0408378
-1.57631
1.58354
0.0509801
-0.0582138
-1.74892
1.76063
0.0725992
-0.0843048
-1.5929
1.60718
0.102206
-0.11648
-1.20002
1.21439
0.134786
-0.149154
-0.898659
0.914507
0.167861
-0.183708
-0.73894
0.823915
0.220666
-0.305641
-1.0756
1.36382
0.479226
-0.767445
-1.4964
1.61437
0.927739
-1.04572
-1.35535
1.3916
1.08483
-1.12108
-1.13364
1.15792
1.14382
-1.1681
-0.940878
0.962388
1.18433
-1.20584
0.893453
-0.329911
1.4378
-1.23559
-0.765749
-0.102397
0.100488
0.00190859
-0.485395
0.487553
0.000952589
-0.00311058
-0.663323
0.665031
0.00436061
-0.00606837
-0.796173
0.798242
0.00786356
-0.00993228
-0.926155
0.92853
0.0124236
-0.0147986
-1.07129
1.07445
0.018031
-0.0211848
-1.23224
1.23629
0.0257125
-0.0297586
-1.40689
1.41303
0.0364156
-0.0425539
-1.5916
1.60056
0.0518731
-0.0608417
-1.77278
1.78661
0.0748288
-0.088662
-1.62265
1.64019
0.106397
-0.123936
-1.22969
1.24855
0.142144
-0.160998
-0.935521
0.968279
0.181252
-0.214009
-0.956855
1.12445
0.284798
-0.452397
-1.61861
1.8289
0.685665
-0.895946
-1.68653
1.74385
0.981292
-1.0386
-1.42617
1.45834
1.07478
-1.10695
-1.18624
1.20904
1.1332
-1.156
-0.983572
1.00477
1.16966
-1.19086
0.900772
-0.316175
-0.798206
1.44207
-1.22846
-0.0981257
0.0968967
0.001229
-0.489
0.490822
0.00122264
-0.0030452
-0.666955
0.66857
0.00443133
-0.00604612
-0.799836
0.802116
0.00793317
-0.0102136
-0.931042
0.933573
0.0125356
-0.0150664
-1.07785
1.0814
0.0183898
-0.021934
-1.24106
1.2458
0.0261344
-0.030871
-1.41955
1.42673
0.0368743
-0.0440532
-1.61023
1.62057
0.053072
-0.0634035
-1.80135
1.81732
0.0769327
-0.0929077
-1.65923
1.67972
0.110558
-0.131052
-1.26866
1.29044
0.149756
-0.171535
-1.00829
1.06576
0.1972
-0.254677
-1.32967
1.55982
0.382014
-0.612157
-1.97897
2.08536
0.817553
-0.92395
-1.78578
1.8248
0.976738
-1.01575
-1.48911
1.52564
1.04835
-1.08487
-1.2405
1.27077
1.11495
-1.14522
-1.03331
1.05802
1.16755
-1.19226
0.90928
-0.301318
-0.840502
1.45206
-1.21953
-0.0950459
0.0943987
0.000647242
-0.491973
0.493806
0.00118528
-0.0030181
-0.670398
0.672301
0.00437882
-0.00628205
-0.804091
0.806299
0.00819095
-0.0103995
-0.936268
0.93899
0.0125773
-0.0152994
-1.08468
1.08839
0.0185935
-0.022305
-1.25064
1.25545
0.0267307
-0.0315411
-1.43351
1.44087
0.0378885
-0.0452514
-1.63099
1.64164
0.0544225
-0.0650729
-1.83346
1.85018
0.0794665
-0.0961778
-1.70033
1.72217
0.114996
-0.136831
-1.31319
1.33818
0.157
-0.181985
-1.13981
1.2379
0.218703
-0.316791
-1.80386
2.04221
0.491489
-0.729837
-2.16357
2.22704
0.850521
-0.913994
-1.86065
1.89319
0.951234
-0.983774
-1.55769
1.59748
1.01701
-1.0568
-1.31088
1.3421
1.09214
-1.12337
-1.08138
1.10054
1.14015
-1.15931
0.901786
-0.275534
-0.873434
1.44182
-1.19464
-0.0930581
0.0929625
9.55359e-05
-0.494682
0.496462
0.00131268
-0.0030931
-0.673996
0.675957
0.00419649
-0.00615788
-0.808244
0.810383
0.00824433
-0.0103829
-0.941651
0.94412
0.0129542
-0.0154231
-1.09171
1.09562
0.0187862
-0.0226914
-1.26072
1.2654
0.0272276
-0.0319109
-1.44781
1.45503
0.0386059
-0.0458205
-1.6525
1.66348
0.0552715
-0.0662475
-1.86709
1.88414
0.081523
-0.0985674
-1.74382
1.76684
0.118807
-0.141819
-1.36496
1.39576
0.163951
-0.194758
-1.35816
1.4978
0.251023
-0.390658
-2.25388
2.43303
0.591549
-0.770697
-2.27992
2.32591
0.839791
-0.885779
-1.92631
1.95615
0.914696
-0.944532
-1.63022
1.66111
0.977615
-1.0085
-1.35976
1.37254
1.03103
-1.04381
-1.08009
1.04039
1.0338
-0.994093
0.800012
-0.177479
-0.868477
1.21037
-0.964428
-0.0920011
0.0922091
-0.000207982
-0.497371
0.498844
0.00155687
-0.0030296
-0.677455
0.679181
0.00443371
-0.00615984
-0.812415
0.814603
0.00825811
-0.0104463
-0.946888
0.949802
0.0126204
-0.0155342
-1.0988
1.10235
0.0187201
-0.0222728
-1.27035
1.27512
0.0270094
-0.0317775
-1.46203
1.46927
0.0382643
-0.0455063
-1.67408
1.68517
0.054923
-0.0660143
-1.90105
1.91839
0.0808587
-0.098203
-1.78885
1.81192
0.118353
-0.141421
-1.42833
1.46669
0.164968
-0.203324
-1.64667
1.80973
0.280071
-0.44313
-2.56739
2.67229
0.631404
-0.736307
-2.36211
2.39539
0.782525
-0.81581
-1.98847
2.01935
0.8398
-0.870676
-1.68148
1.68862
0.889339
-0.896476
-1.35313
1.30148
0.87868
-0.827023
-0.918415
0.692831
0.723888
-0.498305
-0.190608
-0.0238731
0.214481
-0.0913115
0.0916328
-0.000321325
-0.4997
0.500952
0.0016002
-0.00285136
-0.681056
0.682686
0.00425959
-0.00588981
-0.816608
0.818552
0.0081461
-0.0100907
-0.952608
0.955169
0.0127291
-0.01529
-1.10611
1.10958
0.0190113
-0.0224802
-1.28032
1.28538
0.0272816
-0.0323399
-1.47704
1.48445
0.039158
-0.0465638
-1.69676
1.70856
0.0570573
-0.0688562
-1.93691
1.95583
0.085318
-0.104236
-1.83632
1.86251
0.126349
-0.152531
-1.51166
1.56502
0.180455
-0.233809
-1.9925
2.18374
0.340475
-0.531711
-2.7583
2.82739
0.686368
-0.755456
-2.42539
2.45428
0.791524
-0.820413
-2.04589
2.06395
0.846593
-0.864648
-1.68232
1.65783
0.867764
-0.843276
-1.20321
1.03517
0.774161
-0.606118
-0.364216
0.0993604
0.320699
-0.055843
0.0582872
-0.0485321
-0.00975506
-0.0908482
0.091203
-0.000354865
-0.501335
0.502986
0.00114304
-0.00279345
-0.684129
0.685943
0.00411223
-0.00592549
-0.820763
0.822933
0.00765696
-0.0098266
-0.957857
0.960643
0.0123088
-0.0150953
-1.11349
1.11732
0.0182066
-0.0220312
-1.29061
1.29632
0.0267046
-0.0324094
-1.49252
1.5005
0.0390808
-0.0470583
-1.72107
1.73354
0.0582567
-0.0707182
-1.97615
1.99698
0.088492
-0.10932
-1.88966
1.91848
0.13349
-0.162307
-1.62713
1.7004
0.197285
-0.270552
-2.39099
2.59197
0.402221
-0.6032
-2.88636
2.93736
0.707419
-0.758424
-2.48333
2.51083
0.788914
-0.816422
-2.07786
2.08322
0.835323
-0.840686
-1.60723
1.50965
0.814172
-0.716585
-0.765121
0.437981
0.53271
-0.205569
0.0210193
-0.0664078
0.0404437
0.00494483
0.0394112
-0.0326067
-0.00680444
-0.0902048
0.0904452
-0.000240384
-0.502941
0.503998
0.000919263
-0.00197691
-0.687435
0.688937
0.0033968
-0.00489823
-0.825092
0.826729
0.00706547
-0.00870205
-0.963314
0.965935
0.0113621
-0.013983
-1.12094
1.12467
0.0173788
-0.0211069
-1.3014
1.30675
0.0257539
-0.0311005
-1.50883
1.51679
0.0383165
-0.0462704
-1.74702
1.76007
0.0581145
-0.0711642
-2.01856
2.04106
0.0901923
-0.112694
-1.94892
1.98095
0.139331
-0.171356
-1.78367
1.87907
0.214284
-0.309686
-2.79212
2.97019
0.46014
-0.638205
-2.98353
3.02403
0.707527
-0.748033
-2.53408
2.55523
0.774372
-0.795524
-2.07819
2.05304
0.802749
-0.777591
-1.3583
1.14668
0.690787
-0.479165
-0.160652
0.0136012
0.17269
-0.0256385
0.0766714
-0.0804048
-0.00687314
0.0106065
0.0263376
-0.0212367
-0.00510091
-0.0893142
0.0894251
-0.000110949
-0.503818
0.50456
0.000414374
-0.00115664
-0.690137
0.691759
0.00221635
-0.00383791
-0.828924
0.83095
0.00548376
-0.00750934
-0.968673
0.971006
0.00985382
-0.0121872
-1.12834
1.13166
0.0154609
-0.0187821
-1.31223
1.31733
0.0238629
-0.0289708
-1.52541
1.5335
0.0359194
-0.0440118
-1.77378
1.78766
0.055742
-0.0696231
-2.06433
2.08817
0.0895807
-0.113417
-2.01496
2.05097
0.142265
-0.178275
-1.98278
2.09573
0.229847
-0.34279
-3.13535
3.2738
0.502856
-0.641301
-3.06062
3.09089
0.692892
-0.723162
-2.57034
2.57837
0.740582
-0.748617
-2.00814
1.9321
0.734796
-0.658762
-0.867436
0.571478
0.496259
-0.200301
0.0613507
-0.110449
0.0684605
-0.0193618
0.0813654
-0.0861283
0.000595165
0.00416769
0.0172888
-0.0161926
-0.00109624
-0.0879518
0.087892
5.98013e-05
-0.50412
0.504557
-0.000335154
-0.000102366
-0.692705
0.694022
0.00108367
-0.00240122
-0.832619
0.834275
0.00369658
-0.00535293
-0.973671
0.975674
0.0075713
-0.00957435
-1.13535
1.13838
0.012703
-0.0157321
-1.32251
1.32736
0.0199702
-0.0248264
-1.54209
1.54998
0.0315436
-0.0394322
-1.80198
1.81597
0.0512382
-0.0652197
-2.11244
2.13768
0.0854572
-0.110693
-2.08887
2.12945
0.140698
-0.181277
-2.21136
2.334
0.240523
-0.363159
-3.39522
3.49293
0.522372
-0.620084
-3.11664
3.13575
0.657716
-0.67683
-2.57756
2.5597
0.682623
-0.664766
-1.82902
1.67791
0.606847
-0.455739
-0.297558
0.0925962
0.235673
-0.0307112
0.139426
-0.155281
-0.0175497
0.0334043
0.0866652
-0.075848
-0.0340491
0.0232319
0.0136158
-0.00469046
-0.00892537
-0.0861392
0.0858649
0.000274315
-0.503396
0.503491
-0.00107855
0.000982862
-0.694781
0.695494
-0.000705559
-7.35114e-06
-0.835643
0.83683
0.0011094
-0.00229646
-0.977694
0.979483
0.00422652
-0.00601498
-1.14131
1.14393
0.00807088
-0.0106925
-1.33202
1.33622
0.0140213
-0.0182166
-1.55782
1.56544
0.0242899
-0.0319086
-1.83004
1.84364
0.0430014
-0.0565981
-2.1626
2.18806
0.077091
-0.102554
-2.17053
2.21402
0.133813
-0.177311
-2.45469
2.57767
0.241835
-0.36482
-3.57787
3.64706
0.505633
-0.574823
-3.15357
3.17027
0.602738
-0.619432
-2.52495
2.46577
0.61174
-0.552558
-1.5082
1.29578
0.428539
-0.216126
0.0477203
-0.107692
-0.0647659
0.124737
0.154836
-0.145644
-0.128858
0.119666
0.0518944
-0.015783
-0.100989
0.0648772
-0.0130099
0.0409083
-0.0278985
-0.0836829
0.083299
0.000383844
-0.501429
0.501251
-0.00241581
0.00259342
-0.695438
0.695773
-0.00275606
0.00242134
-0.837848
0.838308
-0.00183519
0.00137564
-0.980814
0.981805
-0.000525005
-0.000465322
-1.14602
1.14754
0.00200097
-0.00351999
-1.3403
1.34313
0.00610355
-0.00892888
-1.57238
1.57848
0.0140986
-0.0202021
-1.8574
1.87022
0.0296488
-0.0424653
-2.21359
2.23884
0.0619365
-0.0871815
-2.25752
2.30127
0.118972
-0.162723
-2.69223
2.80501
0.227637
-0.340412
-3.71231
3.76734
0.452325
-0.507357
-3.19087
3.22202
0.539956
-0.571105
-2.41015
2.34813
0.571531
-0.509506
-0.992282
0.670924
0.354779
-0.0334217
0.122597
-0.135083
-0.0230906
0.0355764
0.143682
-0.170851
-0.0586699
0.0858387
-0.0233757
0.0473591
-0.0915833
0.0675999
-0.0749969
0.105867
-0.0308702
-0.0806084
0.0800001
0.00060838
-0.498167
0.497407
-0.00356781
0.00432813
-0.695254
0.694712
-0.00532497
0.00586735
-0.838538
0.838336
-0.00623701
0.0064397
-0.982371
0.982451
-0.00671331
0.00663322
-1.14882
1.14914
-0.00653444
0.00621001
-1.34543
1.34678
-0.00544331
0.0040947
-1.58401
1.58825
-0.00121653
-0.00302667
-1.88225
1.89254
0.0102456
-0.0205317
-2.26302
2.28753
0.0379169
-0.0624258
-2.34449
2.38465
0.0927146
-0.132882
-2.89916
2.98608
0.18973
-0.276648
-3.82326
3.87899
0.355639
-0.411366
-3.27413
3.34409
0.46667
-0.536629
-2.31271
2.31085
0.597994
-0.596131
-0.476155
0.473749
0.479668
-0.477262
0.167892
-0.221097
0.523658
-0.470453
0.240725
-0.360076
0.37377
-0.254419
-0.0279854
-0.0801641
0.137835
-0.0296859
-0.128728
0.130773
-0.00204502
-0.0768652
0.076058
0.000807215
-0.493071
0.49171
-0.00469108
0.00605205
-0.693312
0.691919
-0.00832298
0.00971538
-0.837817
0.836418
-0.0112651
0.0126636
-0.981683
0.980269
-0.0140896
0.0155037
-1.14814
1.14677
-0.0172869
0.0186609
-1.34707
1.34586
-0.0204376
0.0216439
-1.59085
1.59189
-0.0219629
0.020924
-1.90122
1.90792
-0.0172035
0.0105033
-2.30956
2.3307
0.00314244
-0.0242856
-2.42097
2.4512
0.0530144
-0.0832528
-3.04418
3.0828
0.118994
-0.157614
-3.93854
3.9852
0.187104
-0.233766
-3.42827
3.50409
0.293433
-0.369255
-2.35321
2.42401
0.43849
-0.509284
-0.57388
0.697469
0.590553
-0.714141
0.207347
-0.15142
0.78352
-0.839447
0.50417
-0.610362
0.824558
-0.718366
0.301001
-0.537091
0.564968
-0.328878
-0.0984937
0.00513217
0.0933616
-0.0725143
0.0714482
0.00106615
-0.486228
0.483946
-0.0060258
0.00830759
-0.689398
0.686425
-0.0111729
0.0141451
-0.834564
0.831671
-0.016948
0.0198408
-0.977764
0.974148
-0.0230934
0.0267088
-1.1437
1.13949
-0.0306581
0.0348713
-1.34284
1.33858
-0.0399897
0.0442448
-1.59031
1.58622
-0.0494856
0.0535721
-1.91149
1.91172
-0.055855
0.0556206
-2.34796
2.36422
-0.0483155
0.0320511
-2.47981
2.50013
-0.00666279
-0.0136499
-3.07018
3.0345
0.0034127
0.0322724
-3.99852
3.98295
-0.0731704
0.0887454
-3.56048
3.55563
-0.0898741
0.0947207
-2.52323
2.60449
-0.0854283
0.00417066
-0.816262
0.919429
0.129386
-0.232553
0.0812642
-0.00810629
0.280719
-0.353877
0.620904
-0.598481
0.393389
-0.415811
0.712448
-0.802743
0.390509
-0.300214
0.176634
-0.346452
0.169819
-0.067492
0.0664217
0.0010703
-0.476812
0.474147
-0.00701824
0.00968347
-0.682804
0.678442
-0.0139915
0.0183541
-0.827835
0.823115
-0.0232092
0.0279299
-0.969429
0.963707
-0.0334884
0.0392104
-1.1334
1.12609
-0.0468026
0.0541082
-1.33096
1.3215
-0.0635909
0.0730435
-1.57818
1.56708
-0.0847736
0.0958708
-1.90748
1.89955
-0.107823
0.115759
-2.37398
2.37883
-0.121503
0.116654
-2.51457
2.53097
-0.0986124
0.0822068
-2.93347
2.8079
-0.106426
0.231999
-3.90799
3.78535
-0.381384
0.50403
-3.47685
3.35167
-0.613757
0.738939
-2.62115
2.54339
-0.858746
0.936509
-1.10827
1.2936
-0.855569
0.670239
-0.079143
0.213325
-0.516099
0.381917
0.528557
-0.399607
-0.251864
0.122914
0.811132
-0.745966
-0.0314344
-0.0337319
0.471549
-0.522453
0.0509039
-0.0621686
0.0609612
0.00120737
-0.465763
0.462709
-0.0074433
0.0104976
-0.672558
0.666741
-0.016203
0.02202
-0.816887
0.810111
-0.0290726
0.0358491
-0.955974
0.947085
-0.044144
0.0530329
-1.11615
1.10395
-0.0640746
0.0762795
-1.30807
1.29224
-0.091282
0.107112
-1.55095
1.53071
-0.128162
0.148393
-1.88414
1.86181
-0.175853
0.198187
-2.37119
2.35364
-0.227902
0.245451
-2.54799
2.56788
-0.258297
0.238407
-2.65467
2.54164
-0.254844
0.367873
-3.613
3.43412
-0.61299
0.791873
-3.20014
3.05604
-0.925079
1.06918
-2.43529
2.34005
-1.18469
1.27992
-1.4261
1.48922
-1.31595
1.25284
-0.420111
0.60796
-1.11621
0.928358
0.218791
-0.022022
-0.756343
0.559575
0.609672
-0.436503
-0.388515
0.215346
0.489559
-0.401869
-0.0876891
-0.0567289
0.0554589
0.00126999
-0.453301
0.449988
-0.00750781
0.0108209
-0.658794
0.651684
-0.0172649
0.0243753
-0.801456
0.792202
-0.0336098
0.0428643
-0.935974
0.923964
-0.0546238
0.0666346
-1.08926
1.07271
-0.0820129
0.0985644
-1.27152
1.24777
-0.120696
0.144446
-1.50202
1.46639
-0.175777
0.211414
-1.82807
1.78242
-0.259456
0.3051
-2.31543
2.25941
-0.37703
0.433044
-2.57832
2.56264
-0.483395
0.499077
-2.46853
2.44762
-0.451814
0.472723
-3.21395
2.9912
-0.639864
0.862616
-2.9305
2.83535
-0.974132
1.06929
-2.26093
2.22443
-1.13741
1.17391
-1.54973
1.58735
-1.1876
1.14998
-0.803616
0.940638
-1.06575
0.928724
-0.173489
0.34836
-0.781315
0.606444
0.251117
-0.0756879
-0.448975
0.273546
0.285091
-0.165202
-0.119889
-0.0514604
0.0502754
0.00118495
-0.439868
0.436748
-0.00663279
0.00975242
-0.641962
0.633558
-0.0162592
0.0246633
-0.780902
0.769439
-0.035764
0.047227
-0.909437
0.894065
-0.0615892
0.0769612
-1.0525
1.03107
-0.0966212
0.11805
-1.21819
1.18582
-0.146713
0.179078
-1.4201
1.36706
-0.223889
0.276922
-1.71331
1.62272
-0.349908
0.4405
-2.16725
2.0439
-0.564086
0.687436
-2.5185
2.47934
-0.782636
0.821796
-2.48764
2.59558
-0.763794
0.65585
-2.77729
2.65174
-0.635136
0.760685
-2.75916
2.71875
-0.840482
0.880896
-2.22138
2.22698
-0.897519
0.891924
-1.63515
1.67623
-0.867748
0.826665
-1.06802
1.15664
-0.768112
0.679495
-0.513363
0.632042
-0.582705
0.464025
-0.0879177
0.224599
-0.347889
0.211208
0.0556852
0.0314848
-0.08717
-0.0465176
0.0451685
0.00134904
-0.42634
0.42439
-0.00603153
0.00798209
-0.622771
0.614363
-0.0143092
0.0227178
-0.756159
0.743257
-0.0342939
0.0471953
-0.876996
0.859725
-0.0633333
0.0806044
-1.00689
0.982546
-0.10267
0.127012
-1.14823
1.10942
-0.160157
0.198964
-1.303
1.2335
-0.255232
0.324729
-1.49926
1.35761
-0.429178
0.570835
-1.87859
1.7018
-0.752805
0.929598
-2.46873
2.48016
-1.02639
1.01496
-2.74
2.89646
-0.949322
0.792869
-2.61462
2.66706
-0.672499
0.620056
-2.69671
2.70375
-0.629874
0.62283
-2.24309
2.27082
-0.602822
0.57509
-1.73006
1.77189
-0.539869
0.498045
-1.24045
1.2922
-0.456483
0.404736
-0.739933
0.804613
-0.350016
0.285336
-0.350126
0.442772
-0.213972
0.121326
-0.10177
0.145651
-0.0438809
-0.0414138
0.0401022
0.00131157
-0.413906
0.413254
-0.00669444
0.00734645
-0.602779
0.595558
-0.0114699
0.0186905
-0.729215
0.717304
-0.0295698
0.0414811
-0.841948
0.826016
-0.0567774
0.0727098
-0.957341
0.934802
-0.0930989
0.115637
-1.06828
1.03101
-0.146809
0.18408
-1.15604
1.08292
-0.240086
0.313208
-1.19817
1.05364
-0.426729
0.57126
-1.50615
1.33758
-0.747609
0.916184
-2.50083
2.52114
-1.02047
1.00016
-3.03694
3.19813
-0.895832
0.734649
-2.78422
2.92778
-0.570641
0.427083
-2.73416
2.78153
-0.342631
0.295261
-2.30594
2.34382
-0.257572
0.219689
-1.81649
1.84787
-0.192272
0.160885
-1.34619
1.35993
-0.137189
0.123446
-0.861031
0.879964
-0.11716
0.0982274
-0.523509
0.565861
-0.0604049
0.0180531
-0.169055
0.169616
-0.000560832
-0.0356845
0.0340348
0.00164971
-0.40331
0.403046
-0.00915707
0.00942147
-0.585526
0.581233
-0.0111381
0.0154312
-0.705688
0.697376
-0.0226743
0.0309861
-0.811671
0.801766
-0.0410996
0.0510053
-0.915351
0.902796
-0.063014
0.0755685
-0.999294
0.980027
-0.0918364
0.111103
-1.02163
0.989766
-0.138438
0.170305
-0.947205
0.915715
-0.210162
0.241652
-1.22554
1.23802
-0.263728
0.251247
-2.55517
2.6289
-0.203898
0.13017
-3.31524
3.36405
-0.0651612
0.0163465
-3.04533
3.14657
0.0290115
-0.130247
-2.83309
2.87027
0.19303
-0.230214
-2.3772
2.36997
0.243981
-0.23676
-1.86596
1.83019
0.215963
-0.180194
-1.35288
1.30012
0.131016
-0.07826
-0.904134
0.898615
0.0511407
-0.0456219
-0.587527
0.57754
0.0449298
-0.0349428
-0.16687
0.148731
0.0181387
-0.028263
0.0261309
0.00213205
-0.393373
0.390732
-0.0140499
0.016691
-0.573653
0.57292
-0.0165974
0.0173301
-0.691277
0.6896
-0.0194925
0.0211691
-0.79657
0.797306
-0.0220652
0.0213292
-0.89872
0.904223
-0.0181641
0.0126609
-0.977404
0.993967
-0.00181245
-0.0147501
-0.996087
1.04175
0.0447678
-0.0904316
-0.961207
1.07448
0.170179
-0.283456
-1.35378
1.55969
0.463354
-0.669256
-2.71634
2.80553
0.86853
-0.957724
-3.32608
3.28875
0.943626
-0.906295
-3.19925
3.17793
0.908066
-0.88674
-2.84325
2.73182
0.812007
-0.700574
-2.29948
2.17508
0.593154
-0.468753
-1.74996
1.64554
0.36257
-0.258145
-1.25506
1.20375
0.184789
-0.133481
-0.900288
0.879269
0.106004
-0.0849854
-0.566236
0.540532
0.0658427
-0.0401393
-0.144355
0.127876
0.0164793
0.0139658
-0.0180077
0.00404188
-0.376862
0.369108
-0.0281677
0.0359223
-0.571013
0.572353
-0.0388734
0.0375334
-0.692109
0.697924
-0.0329548
0.02714
-0.804304
0.816975
-0.0173064
0.00463449
-0.920606
0.944476
0.0140628
-0.0379331
-1.02971
1.07754
0.0747653
-0.122595
-1.12257
1.22048
0.197955
-0.295859
-1.24206
1.42582
0.445377
-0.629133
-1.80724
2.05288
0.87974
-1.12538
-2.87333
2.93967
1.30339
-1.36974
-3.21692
3.11863
1.32426
-1.22596
-3.0558
2.88536
1.12139
-0.950945
-2.5487
2.36051
0.770387
-0.582193
-2.02778
1.89358
0.432876
-0.298676
-1.55177
1.48057
0.205125
-0.133931
-1.17669
1.15457
0.0946089
-0.0724875
-0.880298
0.865039
0.0590179
-0.0437586
-0.540349
0.525574
0.0287311
-0.0139559
-0.131504
0.125582
0.00592207
-0.0801998
0.0719753
-0.00216272
0.0103872
-0.354562
0.343809
-0.0257261
0.0364791
-0.575089
0.579982
-0.0390909
0.0341983
-0.708349
0.721001
-0.0236317
0.0109799
-0.834647
0.854154
0.00631788
-0.0258248
-0.973741
1.00454
0.0525502
-0.0833489
-1.12836
1.17918
0.12645
-0.177269
-1.30948
1.39321
0.249143
-0.332873
-1.56769
1.69418
0.447999
-0.574487
-2.20648
2.33641
0.726612
-0.856545
-2.94255
2.93698
0.934187
-0.928623
-2.99973
2.88349
0.858221
-0.741975
-2.74145
2.60608
0.61616
-0.48079
-2.23895
2.136
0.37101
-0.26806
-1.81607
1.75012
0.188167
-0.12221
-1.4433
1.41118
0.0786904
-0.0465712
-1.14244
1.13047
0.0283907
-0.0164278
-0.862003
0.857673
0.00983286
-0.00550323
-0.53031
0.529508
0.0034691
-0.00266642
-0.128975
0.127509
0.0014659
-0.0689043
0.0691947
0.00110743
-0.00139788
-0.336773
0.333345
-0.0017307
0.00515916
-0.586309
0.593604
-0.00364614
-0.00364876
-0.73522
0.750112
0.0166943
-0.0315857
-0.874857
0.895717
0.0509
-0.0717597
-1.03538
1.06535
0.0989329
-0.128896
-1.22775
1.27268
0.168999
-0.213928
-1.4686
1.53458
0.273925
-0.339905
-1.80229
1.89187
0.425752
-0.515329
-2.43687
2.51153
0.615678
-0.69033
-2.92662
2.91337
0.722711
-0.709459
-2.78047
2.69499
0.667604
-0.582119
-2.48579
2.38395
0.479651
-0.377811
-2.05182
1.98332
0.302468
-0.233969
-1.69485
1.64837
0.179569
-0.133093
-1.38293
1.35706
0.100973
-0.0751098
-1.11786
1.10377
0.057984
-0.0438915
-0.850434
0.841347
0.0337321
-0.0246446
-0.524616
0.518035
0.0179411
-0.0113602
-0.123876
0.118706
0.00517038
-0.0721852
0.0774465
0.00300003
-0.00826128
-0.333622
0.337227
0.0133604
-0.0169656
-0.601379
0.609244
0.0223119
-0.0301774
-0.764737
0.778584
0.0423491
-0.0561962
-0.915872
0.934874
0.0741862
-0.0931885
-1.09353
1.11956
0.117493
-0.143519
-1.31327
1.34922
0.177125
-0.213075
-1.59109
1.63883
0.258773
-0.306504
-1.96473
2.02335
0.365534
-0.424152
-2.56666
2.60774
0.485947
-0.527029
-2.8979
2.88126
0.537418
-0.520771
-2.62625
2.57138
0.489622
-0.434749
-2.3008
2.23452
0.370682
-0.30441
-1.92708
1.88038
0.253921
-0.207216
-1.60874
1.57444
0.169574
-0.135276
-1.33269
1.30957
0.109488
-0.08637
-1.08865
1.07314
0.0691245
-0.0536209
-0.831456
0.820971
0.0420528
-0.0315679
-0.509798
0.500376
0.0230741
-0.0136517
-0.113243
0.108075
0.00516746
-0.0846325
0.0931685
0.0042796
-0.0128157
-0.343198
0.351239
0.0235527
-0.0315932
-0.617118
0.624727
0.039113
-0.046722
-0.791294
0.802802
0.0570365
-0.068545
-0.952377
0.968183
0.0835997
-0.099406
-1.14316
1.16425
0.119413
-0.140505
-1.38062
1.40772
0.166956
-0.194054
-1.67873
1.71179
0.226952
-0.260019
-2.07
2.107
0.299151
-0.336156
-2.63848
2.66177
0.373536
-0.396823
-2.86526
2.85122
0.400607
-0.386566
-2.5272
2.49122
0.362968
-0.326988
-2.18219
2.14059
0.288219
-0.24662
-1.84117
1.80801
0.212478
-0.179314
-1.54439
1.51793
0.151927
-0.125469
-1.2878
1.26757
0.104266
-0.0840337
-1.05775
1.04288
0.0680955
-0.0532267
-0.810216
0.799545
0.0418324
-0.0311622
-0.490461
0.480504
0.0220891
-0.0121327
-0.103395
0.0992212
0.00417421
-0.10265
0.112603
0.00502302
-0.0149765
-0.360671
0.370853
0.0279071
-0.0380891
-0.632041
0.63912
0.0466857
-0.0537643
-0.813078
0.822317
0.0622685
-0.071507
-0.982351
0.994971
0.0834707
-0.09609
-1.18291
1.19925
0.111873
-0.128208
-1.43089
1.45061
0.148125
-0.167835
-1.73915
1.76179
0.190992
-0.213631
-2.13637
2.15972
0.239518
-0.26287
-2.67926
2.69245
0.285315
-0.298509
-2.8396
2.82999
0.300122
-0.290509
-2.46177
2.43768
0.274277
-0.250193
-2.10701
2.07945
0.225025
-0.197473
-1.77974
1.75551
0.173636
-0.149409
-1.49461
1.47409
0.12891
-0.108391
-1.24903
1.23226
0.0913762
-0.0746103
-1.02888
1.01597
0.061049
-0.0481391
-0.789231
0.779428
0.0380346
-0.0282314
-0.470767
0.461412
0.0195731
-0.0102184
-0.095495
0.0921609
0.00333405
-0.122479
0.131833
0.00466053
-0.0140145
-0.381257
0.39149
0.0265635
-0.0367957
-0.645985
0.652607
0.0452851
-0.0519068
-0.830771
0.838586
0.0594109
-0.0672252
-1.00626
1.01642
0.0770312
-0.0871912
-1.21343
1.22574
0.0995133
-0.111823
-1.4673
1.48148
0.126397
-0.140575
-1.78061
1.79635
0.156971
-0.172716
-2.1785
2.19382
0.190319
-0.205635
-2.70238
2.70992
0.2196
-0.227141
-2.82184
2.81457
0.227298
-0.220027
-2.41799
2.40179
0.208692
-0.192497
-2.05649
2.0372
0.175446
-0.15616
-1.73468
1.7167
0.138951
-0.120979
-1.45606
1.44027
0.105501
-0.08971
-1.21726
1.20395
0.0763975
-0.0630841
-1.00424
0.99368
0.0521687
-0.0416064
-0.770212
0.761616
0.033108
-0.0245123
-0.452558
0.444273
0.0166894
-0.00840447
-0.0891827
0.0865236
0.00265909
-0.140384
0.147972
0.0036579
-0.0112453
-0.40127
0.41041
0.0219331
-0.0310729
-0.65892
0.664907
0.0388469
-0.0448338
-0.845827
0.852529
0.051455
-0.0581574
-1.02557
1.03379
0.0663114
-0.0745331
-1.23647
1.24589
0.0842403
-0.0936592
-1.49365
1.5042
0.104577
-0.115125
-1.80968
1.82111
0.12724
-0.138672
-2.20646
2.21708
0.151204
-0.161826
-2.71581
2.72055
0.171226
-0.175966
-2.80777
2.8013
0.175219
-0.168746
-2.38828
2.37679
0.159879
-0.148389
-2.02088
2.007
0.136436
-0.122561
-1.70117
1.68775
0.109926
-0.0964986
-1.42647
1.41442
0.0848117
-0.0727608
-1.1922
1.18186
0.0625123
-0.0521726
-0.984227
0.975799
0.0436035
-0.0351751
-0.753641
0.746271
0.0281784
-0.0208085
-0.436579
0.429478
0.0139624
-0.00686134
-0.0841445
0.0820128
0.0021317
-0.15454
0.160124
0.00257815
-0.00816193
-0.418805
0.426412
0.0165143
-0.0241213
-0.670567
0.675885
0.0309424
-0.0362611
-0.858705
0.864367
0.0420397
-0.047702
-1.04116
1.04775
0.0543965
-0.060991
-1.2542
1.26158
0.0686619
-0.0760353
-1.51345
1.52164
0.0845111
-0.0926965
-1.83104
1.83976
0.102089
-0.110808
-2.2261
2.23388
0.120188
-0.127968
-2.72447
2.72779
0.134758
-0.138075
-2.79514
2.78939
0.137047
-0.131293
-2.36682
2.35806
0.123881
-0.115116
-1.99513
1.98491
0.106362
-0.0961409
-1.67611
1.66596
0.0867021
-0.0765538
-1.40388
1.39466
0.0676587
-0.0584324
-1.17277
1.16479
0.0505519
-0.0425683
-0.968301
0.961634
0.0358983
-0.0292311
-0.739484
0.733255
0.0235204
-0.0172912
-0.422968
0.417042
0.0114478
-0.00552216
-0.0801071
0.0784114
0.00169574
-0.164813
0.168725
0.0017282
-0.0056404
-0.433234
0.439306
0.011856
-0.0179285
-0.680848
0.685447
0.0237327
-0.0283315
-0.869534
0.874217
0.0332435
-0.0379273
-1.05366
1.05896
0.0433702
-0.0486726
-1.26816
1.27407
0.054828
-0.0607424
-1.52893
1.53544
0.0675219
-0.0740355
-1.84746
1.85426
0.0814586
-0.0882647
-2.24062
2.24649
0.0954715
-0.101346
-2.73062
2.73304
0.106411
-0.108836
-2.78414
2.77945
0.107932
-0.103236
-2.35025
2.34325
0.0971614
-0.0901633
-1.976
1.96817
0.0833914
-0.0755594
-1.65709
1.64932
0.0683348
-0.0605614
-1.38657
1.37948
0.0537336
-0.0466392
-1.15777
1.15158
0.0405608
-0.0343758
-0.955702
0.950412
0.029167
-0.0238774
-0.727556
0.72235
0.0192191
-0.0140138
-0.411689
0.406884
0.00914629
-0.00434121
-0.0769116
0.0755906
0.00132097
-0.171989
0.174726
0.00116356
-0.00390127
-0.444687
0.449443
0.00846452
-0.0132211
-0.68969
0.693592
0.018068
-0.0219695
-0.87844
0.882233
0.0260518
-0.0298447
-1.06372
1.06798
0.0342114
-0.0384742
-1.27941
1.28423
0.0434602
-0.048279
-1.54129
1.54653
0.0538062
-0.0590553
-1.86028
1.8656
0.0649483
-0.0702713
-2.25161
2.25606
0.075813
-0.0802607
-2.7351
2.73683
0.0840101
-0.0857366
-2.7753
2.77169
0.0849862
-0.0813726
-2.33698
2.33139
0.0765936
-0.0710061
-1.96127
1.95518
0.0656632
-0.0595748
-1.64249
1.63647
0.0539811
-0.0479587
-1.37323
1.36771
0.0426573
-0.037138
-1.14612
1.14128
0.0323993
-0.027561
-0.945688
0.941458
0.0234565
-0.0192269
-0.71761
0.713303
0.0154174
-0.0111105
-0.402599
0.3988
0.00714601
-0.00334711
-0.0744326
0.073421
0.00101161
-0.177045
0.17903
0.000823781
-0.00280914
-0.453651
0.457381
0.00621746
-0.00994763
-0.697174
0.700464
0.0139633
-0.0172528
-0.885634
0.888688
0.0206265
-0.0236799
-1.07179
1.07518
0.0271557
-0.030548
-1.28856
1.29243
0.0345307
-0.0383992
-1.55124
1.55544
0.0428426
-0.0470416
-1.87032
1.8745
0.0517124
-0.0558893
-2.25993
2.26329
0.0601645
-0.0635327
-2.73826
2.73944
0.0662831
-0.0674626
-2.76856
2.76586
0.0668159
-0.0641161
-2.32644
2.32205
0.0605029
-0.0561137
-1.94979
1.94499
0.0518771
-0.0470815
-1.63113
1.62641
0.0426847
-0.0379596
-1.36282
1.3585
0.0338041
-0.0294761
-1.13699
1.13318
0.0257546
-0.0219421
-0.937667
0.934267
0.0186844
-0.0152849
-0.709406
0.705891
0.0121767
-0.00866143
-0.395448
0.392499
0.00549808
-0.0025487
-0.0725401
0.0717747
0.000765381
-0.180745
0.182234
0.000611718
-0.00210065
-0.460697
0.46365
0.00470353
-0.00765722
-0.703483
0.70626
0.0109822
-0.0137593
-0.89143
0.893902
0.0165617
-0.0190341
-1.0782
1.0809
0.021808
-0.0245015
-1.29588
1.29894
0.027661
-0.0307266
-1.55917
1.56247
0.0342376
-0.0375368
-1.87818
1.88141
0.0411787
-0.0444118
-2.26624
2.2688
0.0476975
-0.0502605
-2.74041
2.74122
0.0522977
-0.0531034
-2.76352
2.76149
0.052541
-0.0505021
-2.31816
2.31473
0.0477658
-0.0443351
-1.94073
1.93695
0.0409865
-0.037201
-1.62222
1.61849
0.033734
-0.0300097
-1.35465
1.35123
0.0267316
-0.0233132
-1.12978
1.12676
0.0203701
-0.0173492
-0.931218
0.92849
0.0147563
-0.0120281
-0.702734
0.699907
0.00951438
-0.00668801
-0.389911
0.387641
0.00420083
-0.00193159
-0.0711098
0.0705335
0.000576299
-0.183527
0.18465
0.000459054
-0.00158204
-0.466279
0.468616
0.00357555
-0.00591228
-0.708809
0.711151
0.00865226
-0.0109938
-0.896134
0.898153
0.0133351
-0.0153543
-1.0833
1.08544
0.0175801
-0.0197207
-1.30167
1.30408
0.0222204
-0.0246375
-1.56539
1.56797
0.0273995
-0.0299841
-1.88425
1.88676
0.0328178
-0.0353228
-2.27103
2.27296
0.0378412
-0.0397777
-2.74188
2.74242
0.0412776
-0.0418186
-2.7597
2.75814
0.0413319
-0.0397693
-2.31171
2.30904
0.0376833
-0.0350122
-1.93358
1.93059
0.0323747
-0.029381
-1.61518
1.61223
0.0266366
-0.0236879
-1.34819
1.34549
0.0210922
-0.0183854
-1.12407
1.12168
0.0160547
-0.0136617
-0.926048
0.923867
0.0116016
-0.00942052
-0.697381
0.695129
0.0074019
-0.00514997
-0.385653
0.38391
0.0032073
-0.00146493
-0.0700327
0.0695983
0.000434379
-0.185623
0.186464
0.000342328
-0.0011834
-0.470684
0.47251
0.00269553
-0.00452159
-0.713295
0.715254
0.00675149
-0.00871043
-0.899982
0.90164
0.0106671
-0.0123244
-1.08735
1.08905
0.0141185
-0.0158238
-1.30623
1.30813
0.0178008
-0.0197024
-1.57026
1.57228
0.0218669
-0.0238866
-1.88896
1.8909
0.0260906
-0.0280303
-2.27466
2.27614
0.0299724
-0.0314545
-2.74287
2.74324
0.0325798
-0.0329533
-2.75677
2.75555
0.0325367
-0.0313178
-2.30668
2.30459
0.0297077
-0.0276179
-1.92793
1.92557
0.0255394
-0.0231762
-1.60961
1.60729
0.0210105
-0.0186831
-1.34308
1.34094
0.0166339
-0.0144963
-1.11955
1.11766
0.0126542
-0.0107598
-0.921915
0.920168
0.00912132
-0.00737462
-0.693119
0.691329
0.00575419
-0.0039651
-0.382382
0.381044
0.00245125
-0.00111341
-0.0692203
0.0688918
0.000328483
-0.187189
0.187815
0.000253318
-0.000878433
-0.474113
0.475513
0.00201117
-0.00341107
-0.717036
0.718647
0.00518766
-0.00679945
-0.903141
0.904501
0.00842311
-0.00978291
-1.09058
1.09194
0.0112327
-0.0125963
-1.30982
1.31132
0.014167
-0.0156704
-1.57406
1.57565
0.0173764
-0.0189627
-1.89261
1.89412
0.0206873
-0.0221999
-2.27744
2.27858
0.0237051
-0.0248489
-2.74356
2.74382
0.0257033
-0.0259669
-2.75446
2.7535
0.0256191
-0.0246557
-2.30274
2.3011
0.023401
-0.021765
-1.92347
1.92161
0.0201342
-0.0182774
-1.60522
1.60339
0.0165742
-0.0147416
-1.33904
1.33736
0.013126
-0.0114382
-1.11597
1.11446
0.00998008
-0.0084747
-0.918603
0.917198
0.0071645
-0.00575987
-0.689736
0.688321
0.00446019
-0.00304542
-0.379872
0.378847
0.00187064
-0.000845554
-0.0686063
0.0683581
0.000248262
-0.188353
0.188816
0.000186741
-0.000650098
-0.47673
0.477784
0.00149194
-0.00254573
-0.720098
0.721393
0.00392544
-0.00522074
-0.905732
0.906846
0.00655107
-0.00766492
-1.09317
1.09426
0.00884244
-0.00994104
-1.31266
1.31386
0.0111991
-0.0123991
-1.57706
1.57832
0.013756
-0.0150142
-1.89546
1.89666
0.016378
-0.0175723
-2.27959
2.28048
0.0187556
-0.019647
-2.74404
2.74423
0.0203052
-0.0204946
-2.75264
2.75187
0.0202043
-0.0194353
-2.29965
2.29837
0.0184474
-0.0171609
-1.91997
1.91851
0.0158782
-0.0144159
-1.60176
1.60031
0.0130729
-0.0116256
-1.33585
1.33452
0.0103478
-0.00900979
-1.11312
1.11192
0.00785094
-0.00665006
-0.91594
0.914814
0.00560078
-0.00447504
-0.687067
0.685958
0.00344149
-0.00233288
-0.37795
0.377166
0.00142586
-0.000641614
-0.0681429
0.0679555
0.000187407
-0.189215
0.18956
0.000137988
-0.000482596
-0.478694
0.479478
0.00110789
-0.00189199
-0.722542
0.723555
0.00293793
-0.00395059
-0.907852
0.908759
0.00501961
-0.00592607
-1.09525
1.09615
0.00688557
-0.0077775
-1.31494
1.31591
0.00879502
-0.00976226
-1.57944
1.58045
0.0108521
-0.0118593
-1.89772
1.89867
0.012948
-0.0138986
-2.28128
2.28198
0.0148353
-0.0155403
-2.74439
2.74453
0.0160502
-0.0161844
-2.75118
2.75056
0.0159427
-0.0153217
-2.29722
2.2962
0.0145366
-0.0135166
-1.9172
1.91605
0.0124999
-0.0113419
-1.59902
1.59788
0.0102773
-0.00912939
-1.33332
1.33226
0.00811431
-0.00705073
-1.11084
1.10989
0.00612898
-0.00517351
-0.91381
0.91292
0.0043396
-0.00344897
-0.684982
0.684123
0.00263916
-0.00178034
-0.37648
0.375882
0.00108394
-0.000485264
-0.0677934
0.0676527
0.000140683
-0.189857
0.190115
0.000102208
-0.000359814
-0.480153
0.480734
0.000826346
-0.00140794
-0.724441
0.725214
0.00218789
-0.00296004
-0.909573
0.9103
0.00379931
-0.00452674
-1.09695
1.09768
0.00530509
-0.00602997
-1.31678
1.31756
0.00685561
-0.00763839
-1.58136
1.58217
0.00851771
-0.00932813
-1.89952
1.90028
0.0102016
-0.0109611
-2.28261
2.28317
0.0117058
-0.0122642
-2.74464
2.74474
0.0126616
-0.0127568
-2.75
2.7495
0.0125549
-0.0120541
-2.29529
2.29448
0.0114247
-0.0106115
-1.91501
1.91409
0.00980349
-0.00888254
-1.59685
1.59594
0.00803656
-0.00712451
-1.33131
1.33047
0.00631916
-0.00547622
-1.10904
1.10829
0.00474726
-0.00399409
-0.912131
0.911437
0.00333977
-0.00264523
-0.68337
0.682709
0.00201827
-0.00135748
-0.375359
0.374902
0.000823848
-0.000366884
-0.0675306
0.067425
0.000105522
-0.190339
0.190532
7.61339e-05
-0.000269908
-0.481236
0.481669
0.000620496
-0.00105385
-0.725884
0.726464
0.00163264
-0.00221247
-0.910948
0.911521
0.00285816
-0.00343159
-1.09833
1.09891
0.00405508
-0.00463928
-1.31827
1.3189
0.00530534
-0.00593626
-1.5829
1.58355
0.00664426
-0.00729585
-1.90096
1.90157
0.00799576
-0.00860228
-2.28366
2.28411
0.00919507
-0.00963667
-2.74482
2.74489
0.0099487
-0.0100189
-2.74905
2.74865
0.00985294
-0.00945097
-2.29375
2.2931
0.00894845
-0.00830101
-1.91327
1.91254
0.00765856
-0.00692717
-1.59513
1.59441
0.0062563
-0.0055345
-1.32972
1.32905
0.0048985
-0.00423464
-1.10762
1.10703
0.00366253
-0.00307381
-0.910824
0.910287
0.00256475
-0.00202695
-0.68213
0.681622
0.00154341
-0.00103535
-0.374503
0.374154
0.000626295
-0.000277478
-0.0673334
0.0672541
7.92239e-05
-0.190701
0.190847
5.6987e-05
-0.000203364
-0.482045
0.48237
0.000468379
-0.000793721
-0.726966
0.727399
0.00122505
-0.00165867
-0.912028
0.912473
0.00214944
-0.00259456
-1.09943
1.0999
0.00308643
-0.00355084
-1.31946
1.31997
0.00408179
-0.00458517
-1.58413
1.58465
0.0051502
-0.00566963
-1.90211
1.9026
0.00622759
-0.00671076
-2.2845
2.28485
0.00718098
-0.00753066
-2.74495
2.74501
0.00777725
-0.00783233
-2.74829
2.74797
0.00769994
-0.00738139
-2.29252
2.29201
0.00698354
-0.0064704
-1.91189
1.91131
0.00596139
-0.00538362
-1.59376
1.5932
0.00485471
-0.00428678
-1.32847
1.32795
0.00378791
-0.00326884
-1.10651
1.10605
0.00282283
-0.00236532
-0.909813
0.909397
0.00197085
-0.00155498
-0.681175
0.680784
0.00118159
-0.000789986
-0.373849
0.373583
0.000475914
-0.000209673
-0.0671855
0.0671261
5.94369e-05
-0.190975
0.191085
4.25598e-05
-0.00015302
-0.482653
0.482899
0.000353629
-0.000599137
-0.727776
0.728101
0.000922695
-0.00124788
-0.912865
0.913207
0.00161947
-0.00196174
-1.10031
1.10068
0.00234496
-0.00270945
-1.32041
1.32081
0.00312772
-0.00352528
-1.58511
1.58553
0.00397238
-0.00438387
-1.90303
1.90341
0.00482598
-0.00520811
-2.28516
2.28544
0.00558114
-0.0058578
-2.74506
2.7451
0.00605372
-0.00609943
-2.74769
2.74744
0.00599652
-0.00574666
-2.29155
2.29115
0.00543418
-0.00503107
-1.9108
1.91034
0.00463118
-0.00417761
-1.59269
1.59225
0.00376282
-0.00331829
-1.32749
1.32708
0.00292822
-0.00252296
-1.10565
1.10529
0.00217543
-0.00181961
-0.909029
0.908707
0.00151334
-0.00119103
-0.680439
0.680137
0.00090234
-0.000600592
-0.37335
0.373148
0.000359878
-0.000157319
-0.0670747
0.0670305
4.41185e-05
-0.191182
0.191265
3.17178e-05
-0.000114746
-0.483115
0.4833
0.000266209
-0.000451679
-0.728386
0.728631
0.000695678
-0.000940948
-0.913509
0.913771
0.00122283
-0.00148509
-1.101
1.10128
0.00178153
-0.00206525
-1.32117
1.32148
0.00239212
-0.00270356
-1.58589
1.58622
0.00305447
-0.00337792
-1.90375
1.90405
0.00372612
-0.00402712
-2.28568
2.2859
0.00432178
-0.00454001
-2.74514
2.74518
0.00469548
-0.00473353
-2.74722
2.74702
0.00465475
-0.00446097
-2.29079
2.29048
0.00421771
-0.0039033
-1.90994
1.90959
0.00359128
-0.00323703
-1.59185
1.59151
0.00291332
-0.00256643
-1.32672
1.32641
0.00226203
-0.0019458
-1.10497
1.1047
0.00167452
-0.00139686
-0.90842
0.908169
0.00115816
-0.000907783
-0.67987
0.679639
0.000684847
-0.000453587
-0.372971
0.372818
0.000270431
-0.00011741
-0.0669919
0.0669593
3.26153e-05
-0.191338
0.1914
2.37095e-05
-8.58114e-05
-0.483465
0.483605
0.00019958
-0.000339572
-0.728849
0.729035
0.000524427
-0.00071066
-0.914004
0.914205
0.000925476
-0.00112642
-1.10154
1.10175
0.00135486
-0.00157437
-1.32175
1.322
0.00182783
-0.0020697
-1.5865
1.58675
0.00234259
-0.0025945
-1.90432
1.90455
0.00286619
-0.00310111
-2.2861
2.28627
0.00333169
-0.00350263
-2.74522
2.74525
0.00362564
-0.00365712
-2.74685
2.74671
0.0035972
-0.00344932
-2.2902
2.28996
0.0032615
-0.00301796
-1.90927
1.909
0.0027759
-0.00250091
-1.5912
1.59093
0.00224943
-0.00197996
-1.32612
1.32588
0.00174351
-0.00149765
-1.10445
1.10423
0.00128651
-0.00107002
-0.907944
0.907749
0.00088378
-0.000688848
-0.679431
0.679254
0.000516493
-0.000339749
-0.372683
0.372568
0.000201616
-8.73021e-05
-0.0669304
0.0669062
2.42449e-05
-0.191455
0.191501
1.77355e-05
-6.38921e-05
-0.48373
0.483836
0.000149013
-0.000254724
-0.729202
0.729344
0.000395203
-0.000537235
-0.914385
0.914539
0.000701489
-0.0008554
-1.10195
1.10212
0.00103067
-0.0011991
-1.32221
1.3224
0.00139358
-0.00157925
-1.58698
1.58717
0.00178904
-0.00198294
-1.90476
1.90494
0.00219224
-0.0023738
-2.28642
2.28655
0.00255194
-0.00268425
-2.74528
2.7453
0.00277986
-0.00280571
-2.74657
2.74646
0.00276174
-0.00264898
-2.28974
2.28955
0.00250522
-0.00231827
-1.90875
1.90854
0.00213225
-0.00192075
-1.59069
1.59048
0.00172732
-0.00151987
-1.32566
1.32547
0.0013378
-0.00114828
-1.10404
1.10387
0.000985269
-0.000817613
-0.907574
0.907422
0.000672965
-0.000521456
-0.679094
0.678959
0.00038809
-0.000252756
-0.372466
0.372382
0.000148684
-6.41862e-05
-0.066885
0.066867
1.79756e-05
-0.191543
1.34681e-05
-4.80396e-05
0.191578
-0.483931
0.000112355
-0.000192406
0.484011
-0.729472
0.000299086
-0.000406885
0.72958
-0.914679
0.000531684
-0.000648728
0.914796
-1.10227
0.000781779
-0.000909616
1.1024
-1.32256
0.00105691
-0.00119747
1.3227
-1.58735
0.00135597
-0.00150234
1.58749
-1.9051
0.0016603
-0.00179741
1.90524
-2.28667
0.00193223
-0.00203229
2.28677
-2.74533
0.00210505
-0.00212509
2.74535
-2.74636
0.00209274
-0.00200769
2.74628
-2.28939
0.00189982
-0.001759
2.28925
-1.90835
0.00161875
-0.00145951
1.90819
-1.5903
0.00131346
-0.00115633
1.59014
-1.3253
0.00101789
-0.000873537
1.32515
-1.10372
0.000749014
-0.000620714
1.10359
-0.907285
0.000509887
-0.000393843
0.907169
-0.678837
0.00029216
-0.000189212
0.678734
-0.372305
0.000110548
-4.72077e-05
0.372241
-0.0668513
0.0668379
1.33483e-05
-1.40419e-05
-0.0666423
4.2563e-05
-9.15652e-05
-0.37117
0.00015111
-0.000230038
-0.67706
0.000309458
-0.00040106
-0.905269
0.000486457
-0.00058296
-1.10149
0.000674773
-0.000779788
-1.32277
0.000879185
-0.000990882
-1.58754
0.00109342
-0.00120383
-1.90555
0.0012989
-0.00139217
-2.28694
0.00146108
-0.00151051
-2.74495
0.0015248
-0.00150144
-2.74579
0.00144335
-0.00136842
-2.28852
0.00127083
-0.00117354
-1.90755
0.00106219
-0.000959645
-1.58991
0.000848584
-0.000750165
-1.32499
0.000646542
-0.000556469
-1.10445
0.00046288
-0.000381684
-0.916616
0.000296371
-0.000221742
-0.73124
0.000146263
-8.84954e-05
-0.485313
-0.0668264
1.33114e-05
0.916638
-0.864
0.0390096
-0.091647
1.20558
-1.20417
0.124046
-0.125454
1.2292
-1.23927
0.128762
-0.118694
1.23472
-1.24285
0.121856
-0.113719
1.24126
-1.24953
0.111103
-0.102833
1.25675
-1.26206
0.0976172
-0.0923079
1.27386
-1.27897
0.088382
-0.0832683
1.28052
-1.28891
0.0789072
-0.0705164
1.13644
-1.1562
0.057303
-0.0375397
0.280414
-0.303494
0.0230803
0.856105
-0.830311
0.0229221
-0.0487161
1.20163
-1.19747
0.0656703
-0.0698255
1.24542
-1.24559
0.0702084
-0.0700353
1.24926
-1.25054
0.0693649
-0.0680863
1.25481
-1.25774
0.0654829
-0.0625564
1.26696
-1.2702
0.0607678
-0.0575285
1.2842
-1.28697
0.0547811
-0.052006
1.29909
-1.30281
0.0485815
-0.0448684
1.17172
-1.18138
0.0391215
-0.0294594
0.313192
-0.327152
0.0139604
0.815093
-0.803905
0.0193766
-0.0305643
1.19659
-1.19541
0.034256
-0.0354365
1.24823
-1.24765
0.0358201
-0.0363945
1.25342
-1.25347
0.0362306
-0.0361842
1.26054
-1.26101
0.0353634
-0.0348932
1.27258
-1.27322
0.0338124
-0.0331732
1.28974
-1.2897
0.0325248
-0.032573
1.30523
-1.3057
0.0332465
-0.0327684
1.1907
-1.19749
0.0324682
-0.0256762
0.336494
-0.347481
0.010987
0.796435
-0.793984
0.0128598
-0.0153115
1.19569
-1.19653
0.0133641
-0.012521
1.24885
-1.24876
0.0123535
-0.0124359
1.25482
-1.25439
0.0130884
-0.01352
1.26217
-1.26121
0.0147245
-0.015683
1.27408
-1.27274
0.0163387
-0.0176751
1.29012
-1.28779
0.0192042
-0.0215389
1.30431
-1.30216
0.0243844
-0.0265361
1.20411
-1.20935
0.0272547
-0.0220184
0.356262
-0.365986
0.00972452
0.794013
-0.797317
0.00660667
-0.00330186
1.19757
-1.20079
-0.00211182
0.00533535
1.24801
-1.24806
-0.00471864
0.00476948
1.25373
-1.25238
-0.0026705
0.0013157
1.2608
-1.25852
0.00110428
-0.0033778
1.27117
-1.26899
0.00548608
-0.00766594
1.2857
-1.28264
0.0119302
-0.0149941
1.30032
-1.2968
0.019146
-0.0226627
1.21398
-1.2171
0.0248043
-0.0216881
0.374395
-0.384165
0.00977049
0.802469
-0.811199
0.00147299
0.00725687
1.2022
-1.2061
-0.0134873
0.0173892
1.24634
-1.24445
-0.017473
0.0155777
1.25061
-1.2484
-0.0133099
0.011105
1.25689
-1.25359
-0.00774115
0.00444657
1.26613
-1.26223
-0.00124658
-0.00265451
1.27928
-1.27453
0.00670453
-0.0114585
1.29304
-1.28902
0.0166706
-0.0206968
1.22012
-1.22256
0.0248631
-0.0224187
0.393675
-0.404861
0.0111859
0.821855
-0.835038
-0.00235034
0.0155335
1.20756
-1.21058
-0.0233206
0.026344
1.2434
-1.24122
-0.0260512
0.0238786
1.24636
-1.24275
-0.0210259
0.0174181
1.25101
-1.24743
-0.0138216
0.0102461
1.25898
-1.25413
-0.00546382
0.000620095
1.27076
-1.26444
0.00437594
-0.0106947
1.28414
-1.27837
0.0162841
-0.0220519
1.2237
-1.22504
0.0268456
-0.0254979
0.417102
-0.431123
0.0140207
0.849658
-0.867141
-0.00639402
0.0238771
1.21121
-1.21364
-0.0326412
0.0350672
1.23947
-1.23647
-0.033912
0.0309116
1.23987
-1.23547
-0.0273151
0.0229165
1.24328
-1.23814
-0.0190595
0.0139232
1.24929
-1.24408
-0.00816257
0.00295251
1.25964
-1.25296
0.00363673
-0.0103155
1.27239
-1.26551
0.0175485
-0.0244276
1.22549
-1.22514
0.0304572
-0.0307998
0.446661
-0.464933
0.0182729
0.885706
-0.906638
-0.0135076
0.0344397
1.21427
-1.21547
-0.0432293
0.0444276
1.23245
-1.22953
-0.0414056
0.0384844
1.23159
-1.22614
-0.0332492
0.0277991
1.23297
-1.22738
-0.0222444
0.0166506
1.23819
-1.2313
-0.00980819
0.00291605
1.24649
-1.23942
0.00470063
-0.0117667
1.25845
-1.25107
0.0200533
-0.0274377
1.22432
-1.22335
0.0353977
-0.0363639
0.485564
-0.509523
0.023959
0.928798
-0.95302
-0.0238668
0.0480891
1.21468
-1.21385
-0.0557231
0.0548888
1.22413
-1.21898
-0.0501151
0.0449654
1.22097
-1.21482
-0.0389721
0.0328192
1.22101
-1.21417
-0.0253587
0.0185192
1.22554
-1.21755
-0.0105004
0.00251071
1.23189
-1.2239
0.00612831
-0.0141189
1.24297
-1.23405
0.02328
-0.0321993
1.22114
-1.21827
0.0406508
-0.0435246
0.536462
-0.567477
0.031015
0.977969
-1.0042
-0.0376072
0.063839
1.21007
-1.20719
-0.0679924
0.0651136
1.21243
-1.20493
-0.0588932
0.0513892
1.20757
-1.20002
-0.0438804
0.036331
1.20652
-1.19852
-0.0276046
0.0196049
1.20948
-1.20053
-0.0105281
0.00158193
1.2155
-1.20614
0.00728972
-0.016647
1.22575
-1.21611
0.0264973
-0.0361309
1.21466
-1.2109
0.0454888
-0.0492473
0.601342
-0.638856
0.0375148
1.02952
-1.05452
-0.0524409
0.0774496
1.20148
-1.19505
-0.0787609
0.0723388
1.19681
-1.18849
-0.0638853
0.0555657
1.19148
-1.18303
-0.0462388
0.0377871
1.19058
-1.18154
-0.028442
0.0193997
1.19239
-1.18315
-0.0105969
0.0013575
1.19764
-1.18721
0.00788484
-0.0183069
1.20651
-1.19623
0.0281636
-0.0384416
1.20507
-1.19948
0.0486104
-0.054205
0.679668
-0.723845
0.0441774
1.07776
-1.0983
-0.0646657
0.0852101
1.18681
-1.17844
-0.0818151
0.0734446
1.1791
-1.16974
-0.0638995
0.0545383
1.17462
-1.16569
-0.0457602
0.0368305
1.17353
-1.16453
-0.0281756
0.0191796
1.17442
-1.16584
-0.0103979
0.00182423
1.1786
-1.16915
0.00778365
-0.0172407
1.18608
-1.17638
0.0272732
-0.0369714
1.19229
-1.18412
0.0483519
-0.0565262
0.770763
-0.819832
0.0490691
1.11516
-1.1281
-0.0721899
0.0851302
1.16859
-1.16036
-0.0786675
0.0704365
1.16112
-1.15362
-0.0620218
0.0545226
1.15756
-1.14858
-0.046288
0.0373151
1.15626
-1.14679
-0.0283106
0.0188431
1.15693
-1.14748
-0.009618
0.000163394
1.16048
-1.1517
0.00954081
-0.0183292
1.16731
-1.15849
0.0277948
-0.0366136
1.17494
-1.16663
0.0454199
-0.0537304
0.870642
-0.922329
0.051687
1.13641
-1.14141
-0.0797657
0.0847603
1.15211
-1.14324
-0.078874
0.0700037
1.14491
-1.13562
-0.059431
0.0501432
1.13995
-1.1314
-0.0412143
0.0326679
1.13861
-1.13113
-0.0250773
0.017602
1.13957
-1.13195
-0.0105577
0.00293173
1.14268
-1.13449
0.00539072
-0.0135808
1.14972
-1.1392
0.0234885
-0.0340088
1.16004
-1.14907
0.0444633
-0.0554366
0.975534
-1.03181
0.0562765
1.14078
-0.059402
0.0439044
1.13069
-0.0335444
0.0281433
1.127
-0.0249687
0.0232588
1.12641
-0.0211638
0.0200362
1.12673
-0.018062
0.0166212
1.12691
-0.0141997
0.0125791
1.12841
-0.00974258
0.00661811
1.13025
-0.00305124
-0.00191198
1.13593
0.00915306
-0.0197976
1.08886
0.0364294
-0.197928
0.0705293
-0.365378
-0.100067
0.100654
-0.432192
-0.0902156
0.0758026
-0.508184
-0.0631156
0.0502885
-0.603464
-0.0400846
0.0306956
-0.721195
-0.0238963
0.0181332
-0.864127
-0.0141705
0.0108344
-1.03641
-0.0084674
0.00636645
-1.2432
-0.00478817
0.00331493
-1.49157
-0.0021341
0.000932785
-1.49154
0.000151214
-0.00123585
-1.2429
0.0024223
-0.0035931
-1.03601
0.00504866
-0.0066078
-0.863772
0.00869198
-0.0110462
-0.720507
0.0143675
-0.0183148
-0.602106
0.0240528
-0.030829
-0.504838
0.0402015
-0.0503932
-0.427142
0.0632092
-0.0758871
-0.364782
0.0902902
-0.100719
-0.286567
0.10011
-0.070547
0.019422
0.336846
-0.0482503
0.0652954
0.458121
-0.0677586
0.0640675
0.535128
-0.0581977
0.0527108
0.626581
-0.0477616
0.0422535
0.739483
-0.0369512
0.0311989
0.877363
-0.0261857
0.0211641
1.04571
-0.0170566
0.0131078
1.25
-0.00993841
0.0069129
1.49722
-0.00443562
0.00193555
1.49665
0.000368183
-0.00266775
1.24837
0.00514841
-0.00759183
1.04312
0.0105758
-0.0136956
0.873808
0.0175936
-0.0216554
0.734712
0.0266352
-0.031615
0.621072
0.0373283
-0.0425917
0.52774
0.0480593
-0.0529753
0.453796
0.0584299
-0.0642711
0.374583
0.0679267
-0.0654239
0.194738
0.0483263
-0.0194477
0.0056474
-0.316902
0.298062
-0.0215735
0.0404129
-0.459075
0.457556
-0.0496334
0.0511526
-0.540373
0.544729
-0.0492018
0.0448455
-0.630745
0.634807
-0.0409382
0.0368761
-0.743754
0.747318
-0.0333996
0.0298354
-0.881843
0.885512
-0.0265525
0.0228842
-1.04975
1.05347
-0.0194355
0.0157102
-1.25339
1.25685
-0.0124093
0.00894795
-1.50019
1.50352
-0.00589083
0.00256981
-1.49941
1.50255
0.000600188
-0.00374138
-1.2512
1.25421
0.00701686
-0.0100269
-1.04646
1.0497
0.0134217
-0.0166618
-0.877714
0.881095
0.0203109
-0.0236919
-0.738769
0.741986
0.0272791
-0.0304967
-0.624822
0.628241
0.0339906
-0.0374086
-0.531943
0.535801
0.0414133
-0.0452715
-0.457568
0.459469
0.0495785
-0.05148
-0.367979
0.358681
0.0498974
-0.0406003
-0.172783
0.156792
0.0216672
-0.00567654
0.00291896
-0.281441
0.267302
-0.01166
0.0257985
-0.454108
0.449475
-0.0358646
0.0404972
-0.547886
0.549972
-0.0406383
0.0385525
-0.638565
0.641669
-0.0358525
0.0327488
-0.750763
0.753888
-0.0299174
0.0267928
-0.888649
0.891654
-0.0240004
0.0209951
-1.05669
1.0597
-0.0182831
0.0152733
-1.26022
1.26346
-0.0124338
0.00918553
-1.50704
1.51057
-0.00609781
0.0025618
-1.50593
1.50932
0.000844906
-0.00423573
-1.25726
1.26027
0.0077127
-0.0107232
-1.05264
1.05539
0.0138727
-0.016622
-0.883882
0.886503
0.0195366
-0.0221574
-0.74489
0.747598
0.0250688
-0.0277765
-0.631458
0.634193
0.0307815
-0.033516
-0.539121
0.541755
0.036536
-0.0391702
-0.460183
0.459962
0.0411725
-0.0409509
-0.348463
0.338283
0.036211
-0.0260306
-0.145103
0.136285
0.0117719
-0.00295397
0.00181192
-0.255391
0.24545
-0.00723449
0.0171747
-0.444161
0.438541
-0.0259964
0.031616
-0.551122
0.55169
-0.0330646
0.0324966
-0.644164
0.646138
-0.0308596
0.0288858
-0.756604
0.758934
-0.0269158
0.024586
-0.894556
0.897242
-0.0223066
0.0196203
-1.06273
1.06566
-0.0170469
0.0141133
-1.26664
1.26972
-0.0113686
0.00828719
-1.514
1.51732
-0.00538545
0.00207127
-1.51259
1.51576
0.00111513
-0.00428085
-1.26318
1.26599
0.00753186
-0.0103369
-1.0581
1.06071
0.0132898
-0.0158987
-0.88908
0.891503
0.0186692
-0.0210921
-0.750018
0.752177
0.023631
-0.0257893
-0.636503
0.63835
0.0280212
-0.0298677
-0.543811
0.545355
0.0317257
-0.03327
-0.458969
0.457413
0.0337353
-0.0321795
-0.32858
0.319614
0.0264172
-0.0174509
-0.129374
0.12386
0.00736748
-0.0018538
0.00106316
-0.237407
0.231215
-0.00416171
0.0103533
-0.432908
0.427509
-0.016971
0.0223701
-0.551899
0.551727
-0.0245772
0.0247486
-0.64773
0.649129
-0.0238734
0.0224745
-0.760833
0.762438
-0.0210914
0.0194863
-0.899534
0.901358
-0.0179282
0.0161041
-1.06833
1.07053
-0.014275
0.0120785
-1.27264
1.27527
-0.00986772
0.00723806
-1.52053
1.52361
-0.00464047
0.00156578
-1.51887
1.5219
0.00149832
-0.00452462
-1.26867
1.27113
0.00748902
-0.00995307
-1.06312
1.06515
0.0124034
-0.0144321
-0.893629
0.895277
0.0164262
-0.0180746
-0.753938
0.755324
0.0197
-0.0210858
-0.639807
0.641061
0.0225224
-0.0237769
-0.546481
0.547221
0.0250357
-0.0257752
-0.455411
0.453043
0.0254468
-0.0230782
-0.311627
0.304829
0.0174811
-0.0106833
-0.119544
0.116336
0.00432365
-0.00111563
0.000407984
-0.226692
0.223498
-0.00178357
0.00497822
-0.422576
0.418235
-0.00915377
0.0134946
-0.551182
0.550359
-0.0159094
0.0167328
-0.650223
0.65089
-0.0166234
0.0159565
-0.76377
0.764691
-0.0152261
0.014305
-0.902851
0.904101
-0.0133135
0.0120639
-1.07231
1.07389
-0.0107852
0.00920254
-1.27755
1.27959
-0.00757954
0.00553865
-1.52646
1.52909
-0.00341612
0.000782273
-1.52473
1.52733
0.00187037
-0.00447177
-1.27331
1.27526
0.00696937
-0.00892216
-1.06678
1.06821
0.0107587
-0.0121824
-0.896541
0.897589
0.0135239
-0.0145718
-0.756408
0.757183
0.0155682
-0.0163441
-0.642043
0.642584
0.01701
-0.0175502
-0.547537
0.547475
0.0180179
-0.0179559
-0.450468
0.447853
0.0169377
-0.0143227
-0.299298
0.294917
0.0097482
-0.00536722
-0.114095
0.112588
0.00197614
-0.000469869
8.91018e-05
-0.221255
0.219647
-0.000631073
0.00223913
-0.414459
0.411104
-0.00482393
0.00817866
-0.549301
0.547949
-0.0105701
0.0119214
-0.651155
0.651096
-0.0124211
0.0124801
-0.765248
0.765654
-0.012362
0.0119557
-0.905103
0.905939
-0.0114023
0.0105664
-1.07536
1.07674
-0.00957468
0.00819538
-1.28155
1.28353
-0.00665902
0.00467906
-1.53161
1.5341
-0.0026205
0.00012509
-1.52979
1.53222
0.0023459
-0.00477574
-1.27712
1.27899
0.00714003
-0.00900832
-1.06954
1.0708
0.0107151
-0.0119821
-0.898465
0.899209
0.0130728
-0.0138174
-0.757648
0.757948
0.0143898
-0.0146896
-0.642696
0.642523
0.0147425
-0.0145694
-0.54708
0.546322
0.0142705
-0.0135119
-0.445249
0.442593
0.0118811
-0.00922456
-0.29144
0.288597
0.00557478
-0.00273165
-0.111577
0.110869
0.000875141
-0.000167925
7.42997e-06
-0.218432
0.217465
-0.000267435
0.00123426
-0.408007
0.405072
-0.00308786
0.00602271
-0.546199
0.544011
-0.00869809
0.0108865
-0.650831
0.650327
-0.0121367
0.0126408
-0.765955
0.766033
-0.0127765
0.0126989
-0.906739
0.907613
-0.0122414
0.0113676
-1.07816
1.07976
-0.0102315
0.00863084
-1.28561
1.28786
-0.00685431
0.00460443
-1.53666
1.53936
-0.00233293
-0.000375445
-1.5347
1.53731
0.00304723
-0.00566222
-1.28089
1.28289
0.00817057
-0.0101719
-1.07207
1.07346
0.0120523
-0.0134434
-0.899881
0.900602
0.0146022
-0.0153241
-0.758168
0.758221
0.0157397
-0.0157923
-0.64226
0.641908
0.0155754
-0.0152229
-0.545183
0.543637
0.0143648
-0.0128179
-0.4398
0.436804
0.0102976
-0.00730224
-0.286164
0.283994
0.00400824
-0.00183818
-0.110329
0.109866
0.000565322
-0.000102321
-1.00247e-05
-0.216691
0.216099
-0.000112048
0.000703808
-0.402291
0.399746
-0.00205464
0.0046001
-0.54136
0.538382
-0.00745209
0.0104308
-0.649327
0.647891
-0.0125443
0.0139806
-0.766104
0.766173
-0.0144275
0.0143585
-0.908593
0.909601
-0.0138972
0.0128893
-1.08155
1.08343
-0.0115421
0.00965655
-1.29029
1.29286
-0.00761173
0.00504499
-1.54231
1.54551
-0.00239231
-0.000805119
-1.54014
1.54319
0.00394076
-0.00698631
-1.28504
1.28733
0.00991781
-0.0122116
-1.07499
1.07658
0.0143054
-0.0158921
-0.901456
0.902323
0.0172608
-0.0181285
-0.758271
0.758272
0.0186411
-0.018642
-0.64126
0.640335
0.0182454
-0.01732
-0.541569
0.539044
0.0154245
-0.0128997
-0.43361
0.430346
0.0094722
-0.00620759
-0.282031
0.280286
0.00321317
-0.00146818
-0.109444
0.109064
0.000491414
-0.000111308
-4.3168e-05
-0.215689
0.215466
5.49434e-05
0.000167728
-0.397544
0.395761
-0.000942771
0.00272592
-0.535314
0.532421
-0.00508816
0.00798124
-0.646111
0.644173
-0.0103269
0.0122652
-0.766175
0.765967
-0.01327
0.0134778
-0.910627
0.911625
-0.0130668
0.0120691
-1.08533
1.08717
-0.0107668
0.00893233
-1.29547
1.29803
-0.00692763
0.00436388
-1.54886
1.55221
-0.00163061
-0.00172181
-1.54635
1.5495
0.00500495
-0.00814822
-1.2897
1.29201
0.0111452
-0.0134583
-1.07813
1.07961
0.0155109
-0.0169896
-0.903113
0.903786
0.0181729
-0.0188457
-0.75822
0.758065
0.0190769
-0.0189217
-0.639067
0.637471
0.0181053
-0.0165089
-0.536233
0.533344
0.0139398
-0.0110513
-0.427193
0.424318
0.00758198
-0.00470732
-0.27878
0.277516
0.0023711
-0.00110671
-0.108728
0.10843
0.000402737
-0.00010456
-8.65419e-05
-0.215403
0.215451
0.000225445
-0.000273228
-0.394426
0.393518
2.22955e-05
0.000885946
-0.529923
0.527924
-0.00232822
0.00432754
-0.642336
0.640743
-0.00611748
0.00771039
-0.765591
0.765147
-0.00865802
0.0091012
-0.912418
0.913035
-0.00898473
0.00836746
-1.08885
1.09035
-0.00738832
0.00588968
-1.30047
1.30273
-0.0041724
0.00191338
-1.55543
1.55838
0.00049065
-0.00343923
-1.55247
1.55518
0.00631051
-0.00901559
-1.29415
1.29603
0.011514
-0.0133956
-1.08094
1.08199
0.0150582
-0.0161153
-0.904288
0.904465
0.016773
-0.0169501
-0.757617
0.756906
0.0167205
-0.0160102
-0.63573
0.634021
0.0146589
-0.01295
-0.53059
0.528121
0.0105657
-0.00809715
-0.421832
0.419764
0.00539218
-0.00332422
-0.276472
0.27561
0.00173577
-0.000873712
-0.10816
0.107908
0.0003524
-0.000100083
-0.000124743
-0.215621
0.215902
0.000363801
-0.000644248
-0.392971
0.392749
0.000728565
-0.000506879
-0.526436
0.52542
-0.000110221
0.00112605
-0.639459
0.63851
-0.00212622
0.00307519
-0.764736
0.764425
-0.00368461
0.00399528
-0.913533
0.913982
-0.00393827
0.00348932
-1.09167
1.09284
-0.00274524
0.00157262
-1.30477
1.30661
-0.000191102
-0.00164528
-1.56099
1.56325
0.00353011
-0.0057871
-1.55754
1.55952
0.00794998
-0.00993175
-1.29758
1.29875
0.011611
-0.0127766
-1.08276
1.08326
0.0137638
-0.0142616
-0.904364
0.904045
0.0143103
-0.0139917
-0.756039
0.755087
0.0132951
-0.0123423
-0.632387
0.630873
0.010977
-0.00946257
-0.52599
0.524189
0.00758136
-0.00577998
-0.418077
0.416702
0.00392448
-0.00254943
-0.274881
0.274235
0.00147376
-0.000828259
-0.107659
0.107402
0.000367901
-0.000110509
-0.000162643
-0.216275
0.216721
0.000489902
-0.000936417
-0.392768
0.392951
0.00129707
-0.0014797
-0.524804
0.524545
0.00144754
-0.00118862
-0.637892
0.637585
0.00087054
-0.000563462
-0.764261
0.764282
0.000405865
-0.000426293
-0.91443
0.914931
0.000653692
-0.00115437
-1.09392
1.09492
0.00184078
-0.00284512
-1.30823
1.30969
0.00398458
-0.00544045
-1.56517
1.56681
0.00687036
-0.00850883
-1.56114
1.56242
0.0100092
-0.0112936
-1.29956
1.30011
0.0122838
-0.0128296
-1.08345
1.08333
0.0130094
-0.012886
-0.90357
0.902951
0.0124698
-0.0118507
-0.754093
0.753078
0.0109361
-0.00992188
-0.629491
0.628231
0.00865694
-0.00739666
-0.522669
0.521373
0.00595614
-0.00466019
-0.415558
0.414572
0.0033622
-0.0023761
-0.273632
0.273038
0.00153008
-0.000936232
-0.107125
0.10682
0.000441175
-0.000136788
-0.000207707
-0.217249
0.217858
0.000633243
-0.00124236
-0.393344
0.393864
0.00180885
-0.00232885
-0.524556
0.524795
0.00264847
-0.0028882
-0.637543
0.637774
0.00308292
-0.00331388
-0.76448
0.764887
0.00358683
-0.00399353
-0.915508
0.916196
0.00448604
-0.00517385
-1.09591
1.0969
0.0059392
-0.00693035
-1.31102
1.31226
0.0079628
-0.00919904
-1.56822
1.56943
0.0103419
-0.0115559
-1.56341
1.56413
0.0125562
-0.0132781
-1.30035
1.30034
0.013646
-0.0136303
-1.08298
1.08242
0.0133198
-0.0127571
-0.902207
0.901356
0.0119896
-0.0111387
-0.752052
0.751005
0.0100803
-0.00903355
-0.627061
0.625954
0.00783738
-0.00673035
-0.520228
0.519189
0.00553599
-0.00449658
-0.413677
0.412829
0.00344965
-0.00260189
-0.272427
0.271779
0.00178802
-0.0011409
-0.10648
0.106102
0.000551553
-0.000173252
-0.000263201
-0.218555
0.219348
0.000807016
-0.0015996
-0.394543
0.395335
0.00237152
-0.00316403
-0.525239
0.525855
0.00380012
-0.00441589
-0.638177
0.638841
0.00497328
-0.00563685
-0.765451
0.766246
0.0063048
-0.00709969
-0.917007
0.917957
0.00789307
-0.00884336
-1.09796
1.09906
0.00978341
-0.0108875
-1.31347
1.31465
0.0119446
-0.0131185
-1.57051
1.57148
0.0141307
-0.0150993
-1.56463
1.56494
0.0157611
-0.0160716
-1.30009
1.29966
0.0159848
-0.0155606
-1.0817
1.08082
0.0147689
-0.0138838
-0.900416
0.899357
0.0128139
-0.0117546
-0.749933
0.7488
0.0105357
-0.00940258
-0.624867
0.623776
0.0081724
-0.00708215
-0.518184
0.517204
0.00594323
-0.00496347
-0.411978
0.41111
0.00395607
-0.00308818
-0.271077
0.270309
0.00218587
-0.00141806
-0.105674
0.1052
0.000691384
-0.000217599
-0.000335912
-0.220245
0.221267
0.00103189
-0.0020534
-0.396279
0.397366
0.00306777
-0.0041539
-0.526633
0.527612
0.00508343
-0.00606175
-0.639612
0.640672
0.00697667
-0.00803601
-0.767167
0.768335
0.00905376
-0.0102216
-0.919078
0.920331
0.0113263
-0.0125796
-1.10032
1.10165
0.013763
-0.0150891
-1.31589
1.31713
0.0162838
-0.0175249
-1.57241
1.57326
0.0185236
-0.0193721
-1.5651
1.56509
0.0198059
-0.0197962
-1.29907
1.29829
0.0193204
-0.018543
-1.07979
1.07859
0.017391
-0.0161926
-0.898198
0.896881
0.014801
-0.0134838
-0.747609
0.746299
0.0120269
-0.0107163
-0.62264
0.621442
0.00933179
-0.00813337
-0.516168
0.515116
0.00690361
-0.0058511
-0.41017
0.409186
0.00475266
-0.00376871
-0.269454
0.268515
0.00270051
-0.00176121
-0.104659
0.104069
0.000858983
-0.000268916
-0.000433345
-0.222417
0.223735
0.00133039
-0.00264912
-0.398599
0.400037
0.00396859
-0.00540641
-0.528679
0.530071
0.00668151
-0.00807367
-0.641782
0.643275
0.00938478
-0.0108781
-0.769669
0.771202
0.0122608
-0.0137941
-0.921853
0.923441
0.0152162
-0.0168036
-1.10319
1.10482
0.0182784
-0.019904
-1.31854
1.31995
0.0213364
-0.0227532
-1.57414
1.57495
0.023825
-0.0246369
-1.56497
1.56468
0.0249066
-0.0246207
-1.29736
1.29622
0.0237745
-0.0226399
-1.07725
1.07571
0.0211109
-0.0195703
-0.895456
0.893816
0.0178049
-0.0161643
-0.744912
0.743327
0.0143791
-0.0127943
-0.62015
0.618734
0.0111392
-0.00972309
-0.513928
0.512707
0.00828613
-0.00706493
-0.40806
0.406895
0.00578732
-0.00462224
-0.267449
0.266293
0.00333067
-0.00217441
-0.103384
0.102655
0.00105718
-0.000327796
-0.000568806
-0.22521
0.226929
0.00174041
-0.00345943
-0.401619
0.403502
0.00518025
-0.00706335
-0.531445
0.533311
0.00875238
-0.010618
-0.64475
0.646742
0.0123759
-0.0143675
-0.773009
0.774979
0.0161773
-0.018148
-0.925439
0.927457
0.0199649
-0.0219832
-1.10678
1.10876
0.0238334
-0.0258136
-1.32161
1.32327
0.0275179
-0.0291731
-1.57585
1.57668
0.0303765
-0.0312017
-1.56431
1.56375
0.0313337
-0.0307738
-1.29492
1.29338
0.0295354
-0.0280017
-1.07401
1.07206
0.0260261
-0.0240698
-0.892056
0.890008
0.021847
-0.019799
-0.741664
0.739703
0.0175824
-0.0156212
-0.617205
0.615463
0.0135771
-0.0118348
-0.511277
0.509796
0.0100772
-0.00859586
-0.405492
0.404085
0.00705653
-0.00565005
-0.264946
0.263532
0.00408675
-0.00267248
-0.101788
0.100891
0.0012962
-0.000398576
-0.000748463
-0.228828
0.231073
0.00228696
-0.00453272
-0.405539
0.407977
0.00676783
-0.00920536
-0.53508
0.537524
0.0114015
-0.0138457
-0.648661
0.651238
0.0161428
-0.0187193
-0.77735
0.779869
0.0210521
-0.0235718
-0.930033
0.932569
0.0258799
-0.0284155
-1.11124
1.11369
0.0307185
-0.033164
-1.32526
1.32723
0.0352417
-0.0372162
-1.57762
1.57847
0.0385945
-0.0394464
-1.56309
1.56221
0.0394233
-0.0385456
-1.29165
1.28964
0.0368465
-0.0348363
-1.0699
1.06743
0.0323126
-0.0298443
-0.88782
0.885268
0.0270603
-0.0245085
-0.737677
0.735236
0.021752
-0.0193113
-0.613622
0.611442
0.0167597
-0.0145802
-0.508054
0.50621
0.0123814
-0.0105381
-0.402319
0.400601
0.00864104
-0.00692227
-0.2618
0.260073
0.00502114
-0.00329326
-0.0998041
0.0986946
0.00160211
-0.000492664
-0.000982002
-0.233566
0.236489
0.00300155
-0.00592454
-0.41063
0.413785
0.00881615
-0.0119712
-0.539791
0.543002
0.0148368
-0.018048
-0.65374
0.657056
0.0210539
-0.0243704
-0.782929
0.786133
0.0273416
-0.0305457
-0.935852
0.939061
0.0334714
-0.0366805
-1.11675
1.11979
0.039582
-0.0426231
-1.32959
1.33192
0.0451521
-0.0474793
-1.57946
1.58029
0.0490241
-0.0498553
-1.5612
1.55991
0.0496011
-0.0483066
-1.28738
1.28478
0.0460281
-0.0434264
-1.0647
1.0616
0.0402218
-0.0371218
-0.882533
0.879366
0.0336496
-0.0304827
-0.732732
0.729708
0.027069
-0.0240447
-0.609197
0.606474
0.0208712
-0.0181482
-0.504073
0.501762
0.0153889
-0.0130784
-0.398367
0.396242
0.0107144
-0.00858934
-0.257901
0.25574
0.00621498
-0.00405464
-0.0973287
0.0959642
0.00196677
-0.000602225
-0.00129903
-0.239855
0.24365
0.00395576
-0.00775165
-0.417267
0.421388
0.0115013
-0.0156224
-0.545895
0.550128
0.0193934
-0.0236256
-0.660303
0.664564
0.0275546
-0.0318164
-0.790064
0.794165
0.0356145
-0.0397162
-0.943143
0.947223
0.0434652
-0.047545
-1.1235
1.12722
0.0511697
-0.0548834
-1.33468
1.33735
0.0578864
-0.0605501
-1.58126
1.58197
0.0622105
-0.0629234
-1.55844
1.55658
0.0623083
-0.060447
-1.28186
1.27852
0.0574229
-0.0540792
-1.05817
1.0543
0.0500319
-0.0461563
-0.87595
0.872035
0.0418436
-0.037928
-0.726594
0.722865
0.0337179
-0.029989
-0.603711
0.600324
0.0260634
-0.0226767
-0.499138
0.496224
0.0192171
-0.0163028
-0.393451
0.390771
0.0133076
-0.0106272
-0.253018
0.250344
0.00767701
-0.00500269
-0.0942505
0.092572
0.00241307
-0.000734644
-0.00177562
-0.248322
0.253322
0.00533177
-0.0103314
-0.425974
0.43151
0.0153028
-0.0208384
-0.553847
0.559477
0.0258994
-0.0315297
-0.668816
0.674291
0.0366846
-0.0421596
-0.79916
0.804373
0.0470054
-0.0522184
-0.952232
0.957286
0.0569388
-0.0619931
-1.13164
1.13602
0.0663857
-0.0707687
-1.34044
1.34335
0.0742003
-0.0771052
-1.58277
1.58318
0.0787502
-0.0791595
-1.55449
1.55186
0.0779856
-0.0753562
-1.2748
1.27054
0.0713833
-0.0671263
-1.05002
1.04522
0.0620599
-0.057255
-0.867803
0.86299
0.0519369
-0.047124
-0.719005
0.714427
0.0419566
-0.0373787
-0.596916
0.592725
0.0325452
-0.028354
-0.493008
0.489339
0.0240347
-0.0203656
-0.387306
0.383906
0.0165662
-0.0131664
-0.246896
0.24358
0.00945609
-0.0061397
-0.0904237
0.0883658
0.00295446
-0.000896577
-0.0025285
-0.259954
0.26676
0.00742932
-0.0142354
-0.43751
0.445256
0.0211054
-0.0288517
-0.564299
0.571879
0.0358068
-0.0433876
-0.679893
0.686895
0.050144
-0.0571458
-0.810687
0.817193
0.0632683
-0.069774
-0.963355
0.969382
0.0755485
-0.081576
-1.14111
1.14599
0.0866578
-0.0915467
-1.34659
1.34944
0.095196
-0.0980518
-1.58355
1.58331
0.0993856
-0.0991502
-1.54888
1.54521
0.0971097
-0.0934365
-1.26583
1.26048
0.0882715
-0.082918
-1.03996
1.03409
0.0766602
-0.0707866
-0.857815
0.851976
0.0643206
-0.058482
-0.709696
0.704129
0.0522113
-0.0466444
-0.588545
0.58339
0.0407414
-0.0355872
-0.485399
0.480782
0.0302131
-0.0255953
-0.379588
0.375268
0.020775
-0.0164547
-0.23916
0.23501
0.0117628
-0.00761236
-0.0856543
0.0831065
0.00365016
-0.00110241
-0.00375933
-0.276515
0.286492
0.010847
-0.0208241
-0.45322
0.464444
0.0309868
-0.0422105
-0.578197
0.588463
0.0519632
-0.0622291
-0.694229
0.702951
0.0709079
-0.0796297
-0.824934
0.832669
0.0870797
-0.0948144
-0.976371
0.983078
0.101478
-0.108185
-1.15144
1.15638
0.113604
-0.118548
-1.35246
1.35475
0.121964
-0.124257
-1.58285
1.58148
0.124807
-0.123436
-1.54104
1.53598
0.12011
-0.115044
-1.25459
1.24795
0.108407
-0.101764
-1.02771
1.02066
0.0941575
-0.0871069
-0.845748
0.838811
0.0793997
-0.0724628
-0.698419
0.691791
0.0650134
-0.0583851
-0.578326
0.572082
0.0513126
-0.0450687
-0.475993
0.470195
0.0384428
-0.0326452
-0.369846
0.36425
0.0265037
-0.0209079
-0.229313
0.223998
0.0148201
-0.00950475
-0.079629
0.0764761
0.00449752
-0.00134461
-0.00699237
-0.301686
0.318877
0.019923
-0.0371138
-0.475147
0.490958
0.0527354
-0.0685461
-0.596485
0.609681
0.0817539
-0.0949496
-0.712118
0.721762
0.105007
-0.114651
-0.84147
0.849586
0.122698
-0.130815
-0.990413
0.996857
0.137538
-0.143982
-1.16153
1.16562
0.148876
-0.152967
-1.3569
1.35786
0.155369
-0.156325
-1.57966
1.57653
0.155444
-0.152311
-1.53028
1.52344
0.147207
-0.140368
-1.2407
1.23259
0.131975
-0.123865
-1.01307
1.00478
0.114788
-0.106495
-0.831483
0.823454
0.0975199
-0.0894903
-0.685062
0.67742
0.0808971
-0.073255
-0.566073
0.558782
0.0650827
-0.0577916
-0.464487
0.45732
0.0498897
-0.0427225
-0.3574
0.350135
0.0348516
-0.0275864
-0.216442
0.209319
0.0194091
-0.0122857
-0.0718936
0.0679034
0.00566578
-0.00167551
-0.00738049
-0.331195
0.346687
0.0195093
-0.0350007
-0.500676
0.514583
0.0484912
-0.0623986
-0.618705
0.631201
0.0749078
-0.0874043
-0.732472
0.743319
0.0973972
-0.108244
-0.860253
0.87061
0.117779
-0.128135
-1.00666
1.01617
0.137111
-0.146619
-1.17396
1.18175
0.154749
-0.162541
-1.36375
1.36906
0.169099
-0.174411
-1.57849
1.57996
0.17807
-0.179542
-1.51985
1.51614
0.178111
-0.174402
-1.2255
1.21821
0.167666
-0.160378
-0.99598
0.986517
0.150999
-0.141536
-0.813769
0.803648
0.130794
-0.120673
-0.667897
0.657369
0.10929
-0.0987616
-0.549644
0.538664
0.0868037
-0.0758238
-0.449029
0.437858
0.0637614
-0.0525906
-0.340864
0.330798
0.0407461
-0.0306807
-0.202196
0.193738
0.0198802
-0.0114216
-0.0655507
0.0622675
0.00473551
-0.00145233
-0.00249581
-0.350641
0.360511
0.00837023
-0.0182395
-0.52249
0.533141
0.0276936
-0.0383441
-0.639765
0.64983
0.0484398
-0.0585042
-0.752962
0.762166
0.0673113
-0.0765158
-0.880017
0.889131
0.0848442
-0.0939581
-1.02505
1.0335
0.101851
-0.1103
-1.18927
1.19618
0.117502
-0.124414
-1.37409
1.37895
0.129766
-0.134626
-1.58091
1.58155
0.13713
-0.137768
-1.51199
1.50786
0.135878
-0.131748
-1.21077
1.20354
0.125076
-0.117843
-0.977721
0.96914
0.108984
-0.100403
-0.794247
0.784989
0.0904866
-0.0812287
-0.648051
0.638762
0.0713854
-0.062096
-0.530506
0.521098
0.0520788
-0.0426712
-0.430763
0.422058
0.0325686
-0.0238641
-0.326608
0.319679
0.0151915
-0.0082627
-0.194636
0.191811
0.00255353
0.000271826
-0.0652118
0.0656912
-0.000781082
0.000301665
-0.0010304
-0.359952
0.366793
0.00352463
-0.0103655
-0.537987
0.546655
0.0173982
-0.0260653
-0.656968
0.665016
0.0338493
-0.041897
-0.770375
0.778288
0.0489458
-0.0568595
-0.897404
0.90493
0.0641482
-0.0716741
-1.04097
1.04821
0.0786276
-0.085875
-1.20273
1.2087
0.0920694
-0.0980316
-1.38311
1.38695
0.102848
-0.106688
-1.58228
1.58259
0.108974
-0.109283
-1.50382
1.49976
0.107535
-0.103476
-1.19679
1.19043
0.0973926
-0.0910314
-0.961236
0.953756
0.0833707
-0.0758901
-0.776997
0.769547
0.0675809
-0.0601315
-0.631282
0.624275
0.0520921
-0.0450855
-0.514811
0.50778
0.0371774
-0.0301462
-0.417261
0.410701
0.0226754
-0.016115
-0.31799
0.313428
0.0097244
-0.00516251
-0.194854
0.193308
0.00114843
0.000396823
-0.0688474
0.0692043
-0.000475415
0.000118511
-0.000912954
-0.36427
0.368826
0.00214719
-0.00670401
-0.549771
0.556391
0.0121865
-0.0188055
-0.671121
0.677658
0.0254585
-0.0319947
-0.785269
0.791795
0.0380137
-0.0445402
-0.911951
0.918581
0.050595
-0.0572251
-1.05499
1.06121
0.0631991
-0.069413
-1.21453
1.21985
0.0749618
-0.0802861
-1.39069
1.3942
0.0844285
-0.0879303
-1.58318
1.5836
0.08988
-0.0903083
-1.49634
1.49291
0.0887483
-0.0853205
-1.18471
1.17917
0.0799804
-0.0744429
-0.947236
0.941026
0.0678693
-0.0616594
-0.763018
0.757041
0.0548537
-0.0488766
-0.618211
0.612585
0.0423823
-0.0367563
-0.502978
0.497725
0.0308044
-0.0255513
-0.407697
0.402927
0.0199179
-0.0151486
-0.312807
0.309277
0.0104571
-0.0069269
-0.195719
0.193878
0.00361992
-0.00177934
-0.0712859
0.0708708
0.00075081
-0.000335646
-0.000825215
-0.365466
0.368765
0.0018671
-0.00516622
-0.558826
0.564387
0.00963311
-0.0151945
-0.682583
0.688295
0.020361
-0.0260728
-0.797651
0.803387
0.0309693
-0.036706
-0.924655
0.930682
0.0418432
-0.0478695
-1.06706
1.07268
0.0531156
-0.0587332
-1.22489
1.22976
0.0636086
-0.0684716
-1.3976
1.40087
0.0722934
-0.0755544
-1.58426
1.58479
0.0774365
-0.0779732
-1.49003
1.48711
0.0767121
-0.0737912
-1.17432
1.16955
0.0691837
-0.0644126
-0.935606
0.930364
0.0588
-0.0535584
-0.751781
0.746748
0.0478575
-0.0428248
-0.607873
0.603304
0.0375617
-0.0329934
-0.494074
0.489826
0.0283754
-0.0241282
-0.400633
0.396677
0.0197381
-0.0157826
-0.309071
0.306038
0.0118769
-0.00884388
-0.195376
0.193178
0.0056139
-0.00341571
-0.0720886
0.0711304
0.00158754
-0.000629328
-0.000901595
-0.365426
0.368305
0.0019725
-0.00485214
-0.565768
0.57053
0.00836926
-0.0131315
-0.692888
0.697469
0.0177806
-0.0223611
-0.808443
0.813461
0.0267264
-0.031744
-0.93611
0.941346
0.0364987
-0.0417341
-1.0781
1.08292
0.0467319
-0.051548
-1.23441
1.23896
0.0561659
-0.0607182
-1.40405
1.40717
0.0643685
-0.067493
-1.58551
1.58618
0.0695678
-0.0702375
-1.48465
1.48215
0.0692798
-0.0667813
-1.16536
1.16116
0.0630385
-0.0588333
-0.925909
0.921299
0.0538496
-0.0492403
-0.74222
0.737877
0.0442394
-0.039896
-0.599336
0.595371
0.0352105
-0.031246
-0.486697
0.483151
0.0271328
-0.0235867
-0.394908
0.391407
0.0198006
-0.0162991
-0.305438
0.302544
0.0128257
-0.00993223
-0.19406
0.191465
0.00688834
-0.00429315
-0.0719029
0.0705947
0.00210005
-0.00079191
-0.000997829
-0.365321
0.368087
0.00218219
-0.00494756
-0.571724
0.575659
0.00803224
-0.0119673
-0.701614
0.705638
0.0161555
-0.0201802
-0.818275
0.822893
0.0240992
-0.0287174
-0.94615
0.95108
0.0331006
-0.0380301
-1.08812
1.09279
0.0423417
-0.0470093
-1.24322
1.24764
0.0513398
-0.0557622
-1.41065
1.41375
0.0593836
-0.0624828
-1.58719
1.58839
0.06447
-0.0656721
-1.48037
1.47821
0.0653258
-0.0631628
-1.15759
1.15392
0.0599566
-0.0562852
-0.917189
0.912841
0.0516929
-0.0473448
-0.733758
0.729703
0.0427447
-0.0386899
-0.591998
0.588229
0.0344423
-0.0306729
-0.480164
0.476915
0.0267911
-0.0235419
-0.389528
0.386418
0.0200822
-0.0169719
-0.301809
0.298892
0.0135784
-0.0106615
-0.191794
0.189102
0.00750245
-0.00481041
-0.0710437
0.0694813
0.00243092
-0.000868461
-0.00119549
-0.365525
0.368109
0.00252538
-0.00510856
-0.576841
0.580536
0.00810147
-0.0117971
-0.709398
0.712912
0.015413
-0.0189263
-0.827039
0.831274
0.0227061
-0.0269407
-0.955543
0.959933
0.0310062
-0.035397
-1.09734
1.10208
0.0394828
-0.0442288
-1.25209
1.25612
0.0484749
-0.0525077
-1.41689
1.42046
0.0560512
-0.0596144
-1.58971
1.59112
0.0619503
-0.0633604
-1.4767
1.4752
0.0632951
-0.0617983
-1.1507
1.14732
0.0589059
-0.0555229
-0.909064
0.904842
0.0515572
-0.0473356
-0.725823
0.721902
0.0428206
-0.0388994
-0.584718
0.581083
0.0346756
-0.0310408
-0.474091
0.470888
0.0272652
-0.0240621
-0.384337
0.381393
0.02061
-0.0176663
-0.297815
0.294859
0.0140978
-0.0111415
-0.188903
0.186248
0.0079107
-0.00525563
-0.0696622
0.0679722
0.00267487
-0.000984826
-0.00124232
-0.366329
0.368737
0.00278725
-0.00519518
-0.581536
0.585075
0.00810332
-0.011643
-0.716352
0.72012
0.0145568
-0.0183254
-0.835247
0.839149
0.0217338
-0.0256358
-0.964519
0.968866
0.0293678
-0.0337151
-1.10661
1.11095
0.0377955
-0.0421271
-1.26051
1.26475
0.04648
-0.050721
-1.42396
1.42755
0.0543235
-0.0579174
-1.59289
1.59458
0.0607374
-0.0624292
-1.47433
1.47331
0.0629276
-0.0619036
-1.14442
1.14132
0.059559
-0.0564617
-0.901245
0.897308
0.0524871
-0.0485499
-0.718186
0.714309
0.0441834
-0.0403064
-0.577589
0.573837
0.0359576
-0.0322049
-0.467873
0.464535
0.0284991
-0.0251614
-0.379082
0.376036
0.0214489
-0.0184025
-0.293445
0.290296
0.0149523
-0.0118031
-0.185579
0.182786
0.0084166
-0.00562349
-0.0679231
0.0660395
0.00298996
-0.0011064
-0.00130223
-0.367384
0.370003
0.00298121
-0.00559969
-0.585932
0.58935
0.00824728
-0.011666
-0.723243
0.726594
0.0145769
-0.0179283
-0.842942
0.846709
0.0209639
-0.024731
-0.972864
0.977113
0.0283695
-0.0326183
-1.11545
1.11982
0.0366532
-0.0410217
-1.26925
1.27365
0.0452153
-0.0496137
-1.43118
1.43514
0.0534411
-0.0574001
-1.59691
1.59919
0.0603021
-0.062581
-1.47269
1.47234
0.0635835
-0.0632305
-1.13881
1.13598
0.0612403
-0.0584053
-0.893725
0.889913
0.0547356
-0.050924
-0.710243
0.706318
0.0464384
-0.0425127
-0.570256
0.566502
0.0379869
-0.0342328
-0.461504
0.457948
0.0301389
-0.0265824
-0.37356
0.370221
0.0228557
-0.0195164
-0.288641
0.285346
0.0159148
-0.0126201
-0.181516
0.17861
0.00892616
-0.00602051
-0.0657077
0.0636637
0.00323042
-0.0011864
-0.00139257
-0.369145
0.37158
0.00321181
-0.00564684
-0.590715
0.593773
0.00843313
-0.0114913
-0.729758
0.732979
0.0141253
-0.0173469
-0.850328
0.854187
0.0202672
-0.0241262
-0.981224
0.985146
0.0276441
-0.0315663
-1.12427
1.12861
0.0357444
-0.0400758
-1.27783
1.28253
0.0441133
-0.0488131
-1.43922
1.44328
0.0528622
-0.0569259
-1.60195
1.60492
0.0603502
-0.0633219
-1.47219
1.47236
0.064884
-0.0650488
-1.13358
1.13117
0.0636651
-0.0612511
-0.886524
0.88273
0.0577963
-0.0540024
-0.70234
0.69835
0.0494862
-0.0454958
-0.562757
0.55856
0.0408593
-0.036662
-0.454594
0.450652
0.0325375
-0.028596
-0.367306
0.363936
0.0246018
-0.0212324
-0.283232
0.279649
0.0173421
-0.0137588
-0.176916
0.173609
0.00977006
-0.00646291
-0.0629998
0.0608458
0.00339794
-0.00124388
-0.00140936
-0.371297
0.373699
0.00324483
-0.00564695
-0.594899
0.59792
0.00836996
-0.0113908
-0.736007
0.739078
0.0138868
-0.0169582
-0.85786
0.8613
0.0199659
-0.0234065
-0.989098
0.993335
0.0267854
-0.0310223
-1.13296
1.13744
0.0346756
-0.0391566
-1.28692
1.29197
0.0433564
-0.0484048
-1.44757
1.45206
0.0525277
-0.0570176
-1.60819
1.61174
0.0606858
-0.0642389
-1.47296
1.47392
0.0665019
-0.067464
-1.12927
1.12721
0.0666826
-0.0646185
-0.879257
0.875678
0.0615387
-0.0579592
-0.694341
0.689909
0.0534786
-0.0490465
-0.55467
0.550335
0.0442532
-0.0399176
-0.447047
0.443075
0.0353129
-0.0313409
-0.360805
0.35698
0.0270276
-0.0232027
-0.276964
0.273066
0.0189999
-0.0151022
-0.171462
0.167725
0.0107401
-0.00700292
-0.0597934
0.0574812
0.00359514
-0.00128295
-0.00135896
-0.373889
0.376231
0.00331397
-0.00565578
-0.599335
0.6021
0.00827534
-0.0110403
-0.741875
0.744744
0.0136523
-0.016521
-0.864777
0.868273
0.0193493
-0.0228449
-0.997106
1.00096
0.026283
-0.0301336
-1.14164
1.14611
0.0340447
-0.0385179
-1.29629
1.30128
0.042539
-0.0475334
-1.45679
1.4618
0.0519958
-0.0570074
-1.6156
1.61994
0.0611649
-0.0655096
-1.47495
1.47667
0.0682139
-0.0699333
-1.12575
1.12432
0.0698944
-0.0684642
-0.872448
0.8692
0.0656779
-0.0624297
-0.685901
0.681535
0.0579055
-0.0535399
-0.546103
0.541438
0.0485218
-0.0438571
-0.43898
0.434631
0.0388994
-0.0345502
-0.35341
0.349219
0.029914
-0.0257228
-0.27006
0.265586
0.0212207
-0.0167466
-0.165091
0.160918
0.0119714
-0.00779843
-0.0560937
0.0535243
0.00385654
-0.00128715
-0.00123188
-0.376315
0.378857
0.0031089
-0.00565051
-0.603657
0.606486
0.00811772
-0.0109458
-0.747595
0.750264
0.0131358
-0.0158054
-0.871309
0.874813
0.0186945
-0.0221989
-1.00495
1.00882
0.0255071
-0.0293792
-1.15063
1.15493
0.0331946
-0.0374882
-1.30607
1.31108
0.0417764
-0.0467846
-1.46666
1.47182
0.0514793
-0.0566392
-1.62428
1.6291
0.0614122
-0.066232
-1.47869
1.48097
0.0699821
-0.0722616
-1.12347
1.12264
0.0731983
-0.0723727
-0.866129
0.863112
0.0702727
-0.0672551
-0.677495
0.673063
0.0630737
-0.0586412
-0.537007
0.53213
0.053338
-0.0484609
-0.430268
0.425567
0.0430105
-0.0383099
-0.345242
0.340644
0.0332786
-0.0286804
-0.262049
0.257187
0.0236403
-0.0187778
-0.157595
0.152942
0.0133656
-0.00871191
-0.051785
0.0489131
0.00420596
-0.00133401
-0.00117204
-0.379294
0.381742
0.00297666
-0.00542403
-0.60803
0.610573
0.00770843
-0.0102516
-0.753128
0.755821
0.0125003
-0.0151933
-0.877873
0.881208
0.0180295
-0.0213639
-1.01231
1.01644
0.0243537
-0.0284884
-1.15924
1.16402
0.0319892
-0.0367753
-1.31606
1.32091
0.0410975
-0.0459475
-1.47692
1.48274
0.0505824
-0.0564003
-1.63422
1.6397
0.0613452
-0.0668254
-1.48398
1.48726
0.0713364
-0.074615
-1.12239
1.12248
0.0761237
-0.076206
-0.860622
0.85812
0.074671
-0.0721689
-0.66906
0.66476
0.0682637
-0.063964
-0.527424
0.522404
0.0585913
-0.053571
-0.420869
0.41575
0.0478649
-0.0427468
-0.336248
0.331146
0.0371129
-0.0320109
-0.252824
0.247524
0.0263729
-0.021073
-0.148922
0.143634
0.0149862
-0.00969762
-0.0468239
0.0436152
0.00460032
-0.00139165
-0.0010951
-0.382221
0.384534
0.00286477
-0.00517813
-0.612299
0.614673
0.00749575
-0.00987015
-0.758492
0.761231
0.0120548
-0.0147943
-0.884296
0.887577
0.0172545
-0.0205353
-1.02004
1.02375
0.0235792
-0.0272904
-1.16788
1.17237
0.0309724
-0.0354633
-1.32602
1.33111
0.0397327
-0.0448208
-1.48821
1.4941
0.0496398
-0.0555288
-1.64527
1.65127
0.0611004
-0.0670936
-1.49076
1.49498
0.0722599
-0.0764735
-1.12298
1.12389
0.0789979
-0.0799093
-0.856097
0.853902
0.0792783
-0.0770833
-0.66096
0.656891
0.0738044
-0.0697353
-0.517505
0.512259
0.0646127
-0.0593674
-0.410504
0.404777
0.0533711
-0.0476448
-0.326114
0.320535
0.0415165
-0.0359377
-0.242404
0.236374
0.0294365
-0.0234066
-0.138873
0.132811
0.0165247
-0.0104628
-0.0410762
0.0376582
0.00485877
-0.00144075
-0.00110502
-0.385187
0.387283
0.00268127
-0.004777
-0.616259
0.618438
0.00712941
-0.00930841
-0.763433
0.766041
0.0113221
-0.0139292
-0.89043
0.893485
0.0164079
-0.0194631
-1.02729
1.0308
0.0225601
-0.0260702
-1.17673
1.18088
0.0298199
-0.0339708
-1.33605
1.34093
0.038615
-0.043495
-1.49949
1.50578
0.0485351
-0.0548251
-1.65735
1.66386
0.0604257
-0.0669282
-1.49943
1.50435
0.0729148
-0.0778403
-1.12527
1.12702
0.0814906
-0.0832384
-0.852644
0.85152
0.0835044
-0.0823804
-0.653375
0.649877
0.0795447
-0.0760471
-0.507246
0.502103
0.0711076
-0.0659643
-0.399322
0.39318
0.0596039
-0.0534619
-0.314744
0.308359
0.0464034
-0.0400185
-0.230427
0.223443
0.0326663
-0.0256823
-0.127238
0.120503
0.017838
-0.0111035
-0.0348077
0.0312382
0.00498234
-0.00141286
-0.000963766
-0.388063
0.390272
0.00239867
-0.00460729
-0.620201
0.622201
0.00666064
-0.00866096
-0.76857
0.77111
0.0107734
-0.0133142
-0.896472
0.899302
0.0156705
-0.0185008
-1.03453
1.0379
0.0215123
-0.0248839
-1.18514
1.18956
0.0282751
-0.0326957
-1.34626
1.35122
0.0370901
-0.0420549
-1.51145
1.51771
0.0471765
-0.0534298
-1.67044
1.67758
0.0594213
-0.0665613
-1.50978
1.51543
0.0729435
-0.0785967
-1.12915
1.13198
0.0834373
-0.0862643
-0.851136
0.850862
0.0875772
-0.0873026
-0.646962
0.644037
0.0855228
-0.0825985
-0.497214
0.492157
0.078294
-0.0732364
-0.387152
0.380503
0.0667686
-0.06012
-0.301639
0.293866
0.0521762
-0.0444029
-0.216372
0.208045
0.0354395
-0.0271127
-0.114141
0.10687
0.0179469
-0.0106759
-0.028233
0.0249157
0.00448494
-0.00116762
-0.000986039
-0.390716
0.39264
0.00246084
-0.00438514
-0.623893
0.625921
0.00601901
-0.00804759
-0.773077
0.775513
0.00982353
-0.0122601
-0.902015
0.904719
0.0146946
-0.0173993
-1.04096
1.04448
0.0201532
-0.0236738
-1.1935
1.19774
0.0270198
-0.0312591
-1.35616
1.36141
0.0353718
-0.0406186
-1.52355
1.52997
0.0455994
-0.0520097
-1.68454
1.69175
0.0582438
-0.0654508
-1.52158
1.52811
0.0725075
-0.0790367
-1.13535
1.13909
0.0848415
-0.0885889
-0.851061
0.851929
0.0909417
-0.0918091
-0.642171
0.640056
0.0912603
-0.0891453
-0.487653
0.483294
0.0857359
-0.0813772
-0.373944
0.366945
0.075361
-0.0683625
-0.285792
0.276147
0.0593367
-0.0496921
-0.199026
0.187761
0.0379586
-0.0266928
-0.0998254
0.0911726
0.0147563
-0.00610347
-0.0225244
0.0209777
0.000361315
0.0011854
-0.000799628
-0.393461
0.395439
0.00212345
-0.00410191
-0.627517
0.629174
0.00573073
-0.00738798
-0.777526
0.779823
0.00940803
-0.0117046
-0.907706
0.910096
0.0139677
-0.0163575
-1.04784
1.05108
0.0189633
-0.0221987
-1.20146
1.20548
0.0258404
-0.0298567
-1.36625
1.37121
0.0339276
-0.0388872
-1.53621
1.54217
0.0441292
-0.0500948
-1.69924
1.7068
0.0566443
-0.0642043
-1.53469
1.54193
0.0716405
-0.0788788
-1.14316
1.14787
0.0855213
-0.0902375
-0.853418
0.855233
0.0938733
-0.0956888
-0.639117
0.638523
0.0961797
-0.0955858
-0.479717
0.476564
0.0933492
-0.0901964
-0.360521
0.354069
0.0853217
-0.0788698
-0.266311
0.254583
0.0692113
-0.0574833
-0.174631
0.158379
0.0419505
-0.0256988
-0.0811533
0.0638859
0.00435974
0.0129076
-0.0220541
0.0238055
-0.0233165
0.0215651
-0.000746529
-0.396186
0.397781
0.00199777
-0.00359264
-0.630941
0.632596
0.0053207
-0.00697513
-0.781801
0.784088
0.00881266
-0.0110994
-0.912691
0.915087
0.0134037
-0.0157991
-1.05432
1.05764
0.0185077
-0.021829
-1.20954
1.21376
0.0254399
-0.0296637
-1.37622
1.38175
0.0336661
-0.0391938
-1.54904
1.55569
0.0449362
-0.0515775
-1.71493
1.72384
0.0586722
-0.0675825
-1.54992
1.55884
0.0763484
-0.0852679
-1.15375
1.1601
0.0938747
-0.100225
-0.858209
0.861803
0.105872
-0.109465
-0.63908
0.639717
0.111938
-0.112575
-0.474554
0.473585
0.112313
-0.111344
-0.347868
0.342857
0.108483
-0.103471
-0.242567
0.228914
0.094564
-0.0809107
-0.136594
0.127183
0.0610805
-0.0516696
-0.0617891
0.128904
0.0683627
-0.135477
-0.0968471
0.319606
0.310848
-0.533607
-0.000661514
-0.39859
0.40008
0.00192312
-0.00341325
-0.633979
0.635914
0.00492284
-0.00685755
-0.786098
0.787994
0.00853599
-0.0104322
-0.917916
0.920388
0.0126004
-0.0150721
-1.0608
1.06406
0.0176977
-0.0209642
-1.2178
1.22185
0.0245268
-0.0285852
-1.3871
1.39246
0.0330707
-0.0384295
-1.5628
1.5701
0.044427
-0.0517212
-1.73283
1.74241
0.0593437
-0.0689154
-1.56834
1.5785
0.0787904
-0.0889466
-1.16761
1.1757
0.0991386
-0.107228
-0.866517
0.872181
0.115052
-0.120716
-0.642109
0.64473
0.125021
-0.127642
-0.474422
0.476128
0.129277
-0.130983
-0.339115
0.338106
0.133571
-0.132561
-0.219318
0.226842
0.128835
-0.136359
-0.163701
0.319316
0.198204
-0.353819
-0.362951
0.613094
0.649989
-0.900131
-0.525436
0.631846
1.07404
-1.18045
-0.000471047
-0.40065
0.401279
0.00214618
-0.00277493
-0.637129
0.638888
0.00454304
-0.00630169
-0.789875
0.792105
0.00767818
-0.00990752
-0.92301
0.925633
0.011959
-0.0145815
-1.06714
1.07088
0.0168267
-0.0205707
-1.22595
1.23039
0.023415
-0.0278544
-1.39804
1.40397
0.0320633
-0.0380013
-1.57742
1.5851
0.0438627
-0.0515441
-1.75246
1.76298
0.0594966
-0.0700183
-1.5893
1.6012
0.0807528
-0.0926538
-1.18476
1.19509
0.104118
-0.114449
-0.878964
0.887293
0.124041
-0.132371
-0.649104
0.653873
0.139075
-0.143844
-0.480545
0.483636
0.147066
-0.150158
-0.340875
0.367218
0.157513
-0.183856
-0.289097
0.462847
0.257943
-0.431694
-0.60169
0.841917
0.744959
-0.985187
-0.747101
0.821408
1.12055
-1.19485
-0.680651
0.706384
1.24232
-1.26805
-0.000792852
-0.401703
0.401288
0.00285586
-0.00244105
-0.640041
0.641891
0.00418342
-0.00603353
-0.794486
0.796861
0.00719453
-0.00956976
-0.92885
0.93242
0.0107418
-0.0143115
-1.07504
1.07901
0.0158214
-0.0197826
-1.23511
1.24054
0.0219013
-0.0273335
-1.40975
1.4162
0.030866
-0.0373145
-1.5933
1.60208
0.0428124
-0.0515964
-1.77408
1.78599
0.0592213
-0.0711293
-1.6137
1.62769
0.0823882
-0.0963816
-1.2063
1.21896
0.108973
-0.121632
-0.89703
0.908513
0.132873
-0.144356
-0.660394
0.666471
0.154464
-0.16054
-0.492415
0.51631
0.168674
-0.192569
-0.427204
0.538935
0.272578
-0.384308
-0.744432
1.00808
0.665895
-0.929541
-0.970717
1.0379
1.08591
-1.1531
-0.862144
0.883419
1.19849
-1.21976
-0.722414
0.736593
1.24016
-1.25433
0.157475
-0.228455
0.117173
-0.00136379
-0.118311
0.35057
0.260783
-0.00346618
-0.152666
0.494164
0.325756
-0.00687646
-0.162898
0.614066
0.347098
-0.0109592
-0.165555
0.735907
0.360117
-0.0157222
-0.16774
0.870732
-0.0221213
0.375097
1.01778
0.393193
-0.0304065
1.17726
0.414343
-0.0425489
1.34305
0.439187
-0.0598629
1.50146
0.467504
-0.0848047
1.3471
0.494892
-0.114465
0.970964
0.51428
-0.143068
0.686118
0.522084
-0.168956
-0.166885
0.496931
0.527078
-0.224949
-0.185902
0.562324
0.750028
-0.522114
-0.358411
0.815193
1.71615
-1.00009
-0.590858
0.655194
2.33654
-1.12907
-0.647484
0.429726
2.4902
-1.18387
-0.662104
0.233983
-1.21843
2.55491
-1.24877
-0.752418
2.74901
-0.000566606
-0.00236515
0.217724
-0.0573178
-0.000275051
0.41445
-0.414741
0.00197679
-0.00272923
0.647918
-0.647166
0.00406753
-0.00573004
0.798779
-0.797117
0.00714726
-0.00987853
0.934761
-0.932029
0.0117242
-0.0151077
1.08304
-1.07965
0.0180695
-0.0221963
-1.24447
1.2486
0.0267662
-0.032451
-1.42319
1.42887
0.0386454
-0.0464195
-1.61303
1.62081
0.0556567
-0.0673363
-1.80261
1.81429
0.0808028
-0.0950618
-1.64797
1.66223
0.111525
-0.125525
-1.23858
1.25258
0.140829
-0.154124
-0.924889
0.938185
0.167843
-0.190342
0.705396
-0.682896
0.250142
-0.363195
0.756599
-0.643547
0.630208
-0.833716
1.32248
-1.11898
1.00927
-1.06721
1.34641
-1.28848
1.1126
-1.13937
1.13999
-1.11323
1.16333
-1.18606
0.947132
-0.924399
0.878907
-0.657382
-0.76483
1.43676
0.000672621
-0.00308884
-0.221095
0.223511
0.000198027
-0.414477
0.414951
0.00128139
-0.00223747
-0.649164
0.65012
0.00330276
-0.0058375
-0.801279
0.803813
0.00696394
-0.00995012
-0.938389
0.941375
0.0115091
-0.0158973
-1.08743
1.09181
0.0181465
-0.0231851
-1.25411
1.25915
0.0269026
-0.0339186
-1.43616
1.44318
0.0389833
-0.0488251
-1.63095
1.64079
0.0568806
-0.0712932
-1.82867
1.84308
0.0834439
-0.101181
-1.68013
1.69787
0.116653
-0.135112
-1.27089
1.28935
0.150416
-0.168905
-0.956891
0.975381
0.18992
-0.238143
-0.742354
0.790577
0.371084
-0.579518
-0.930185
1.13862
0.834311
-0.954398
-1.48278
1.60286
1.02656
-1.06363
-1.38552
1.42259
1.0982
-1.12395
-1.16273
1.18847
1.15227
-1.17857
-0.963368
0.989665
0.889091
-0.630932
-0.799084
1.4417
0.00103511
-0.00236276
-0.22604
0.227368
0.000886498
-0.415283
0.415432
0.000559926
-0.0016768
-0.65137
0.652487
0.00360115
-0.0054482
-0.805609
0.807456
0.00704214
-0.00971733
-0.943866
0.946541
0.0122292
-0.0153452
-1.09505
1.09816
0.0187518
-0.0231665
-1.26368
1.2681
0.0279439
-0.0339531
-1.44984
1.45585
0.0404714
-0.0496337
-1.65011
1.65927
0.0593041
-0.073048
-1.85707
1.87082
0.0877854
-0.105001
-1.71561
1.73282
0.124042
-0.141798
-1.30756
1.32531
0.161909
-0.182596
-0.995635
1.01632
0.222604
-0.316457
-0.861366
0.955219
0.521676
-0.757388
-1.37189
1.6076
0.907458
-0.973338
-1.68821
1.75409
1.01527
-1.04516
-1.45877
1.48865
1.07593
-1.10263
-1.21473
1.24142
1.1341
-1.16787
-1.00333
1.03711
0.898248
-0.607504
-0.838032
1.45657
0.00099627
-0.00185073
-0.228977
0.229831
0.00105268
-0.416274
0.416218
9.82164e-05
-0.00122276
-0.653873
0.654998
0.00305084
-0.00518809
-0.809343
0.81148
0.00716257
-0.00972509
-0.948863
0.951426
0.0124199
-0.0156787
-1.10149
1.10474
0.0189622
-0.023516
-1.2723
1.27685
0.0283592
-0.0346904
-1.46185
1.46818
0.0414717
-0.0506186
-1.66829
1.67744
0.0610447
-0.0750207
-1.88434
1.89832
0.0911604
-0.109217
-1.75047
1.76853
0.129826
-0.149088
-1.34402
1.36328
0.171842
-0.201016
-1.04199
1.07116
0.275063
-0.424574
-1.08256
1.23207
0.66862
-0.832439
-1.813
1.97682
0.910646
-0.955097
-1.80688
1.85133
0.990953
-1.02075
-1.52125
1.55104
1.05279
-1.08363
-1.2715
1.30234
1.12375
-1.15956
-1.05944
1.09526
0.898996
-0.571084
-0.875943
1.44982
0.000889406
-0.00134063
-0.231036
0.231488
0.00101452
-0.416845
0.41672
-0.000138872
-0.00126191
-0.656358
0.657759
0.0029568
-0.00482187
-0.813389
0.815254
0.00676664
-0.00961963
-0.953604
0.956457
0.0122811
-0.0156023
-1.10804
1.11136
0.0189232
-0.0234495
-1.28128
1.2858
0.0287149
-0.0349851
-1.47453
1.4808
0.0419248
-0.0517234
-1.68661
1.69641
0.0625826
-0.0771148
-1.91271
1.92725
0.0940327
-0.113072
-1.78735
1.80639
0.134729
-0.155769
-1.38345
1.40449
0.182545
-0.227144
-1.10788
1.15248
0.347408
-0.534671
-1.40676
1.59403
0.746344
-0.835851
-2.0975
2.18701
0.888731
-0.923276
-1.88857
1.92312
0.956395
-0.988449
-1.58428
1.61633
1.02119
-1.04611
-1.33769
1.3626
1.06376
-1.06734
-1.11204
1.11562
0.814077
-0.447989
-0.900548
1.33447
0.000820457
-0.000961402
-0.232239
0.23238
0.0013316
-0.417377
0.416866
-0.000422619
-0.000876663
-0.658863
0.660162
0.00237441
-0.00428758
-0.81734
0.819254
0.00632022
-0.00920997
-0.959028
0.961918
0.011978
-0.0153382
-1.11472
1.11808
0.0185214
-0.023125
-1.29034
1.29494
0.0280729
-0.0346346
-1.48749
1.49406
0.0416338
-0.0515459
-1.70586
1.71577
0.0621435
-0.0770506
-1.94252
1.95743
0.0939616
-0.113282
-1.82663
1.84595
0.135301
-0.157162
-1.42662
1.44848
0.189728
-0.25433
-1.20874
1.27335
0.403204
-0.59847
-1.79492
1.99018
0.732825
-0.786424
-2.2561
2.3097
0.822621
-0.847826
-1.95203
1.97724
0.88015
-0.907425
-1.64941
1.67669
0.927794
-0.936254
-1.38512
1.39358
0.916846
-0.868244
-1.10561
1.05701
0.746272
-0.462878
0.512409
-0.795802
0.00112193
-0.000897647
-0.233195
0.23297
0.00157768
-0.4174
0.416945
-0.000721145
-0.000101532
-0.661566
0.662389
0.00197592
-0.00389676
-0.821352
0.823273
0.00590123
-0.00866034
-0.964092
0.966851
0.0114659
-0.0147873
-1.12127
1.12459
0.0185466
-0.0232395
-1.29968
1.30437
0.0284453
-0.0351425
-1.50054
1.50724
0.0429153
-0.0530587
-1.72519
1.73533
0.0646488
-0.0810189
-1.97227
1.98864
0.0995401
-0.120856
-1.8661
1.88741
0.145256
-0.17086
-1.47202
1.49763
0.215838
-0.309914
-1.35009
1.44417
0.492684
-0.673256
-2.17846
2.35903
0.75927
-0.800378
-2.35592
2.39703
0.830374
-0.857757
-2.00123
2.02861
0.884304
-0.895681
-1.69535
1.70673
0.889386
-0.854772
-1.37579
1.34117
0.756507
-0.56805
-0.953874
0.765417
0.239435
-0.0344141
-0.228585
0.0235641
0.00117301
-0.000784618
-0.233345
0.232956
0.00198782
-0.417849
0.417034
-0.00160402
0.000744095
-0.663797
0.664657
0.000699444
-0.00263322
-0.825529
0.827463
0.00484391
-0.00760936
-0.969489
0.972255
0.0102978
-0.0139857
-1.12831
1.132
0.0178977
-0.0225986
-1.30917
1.31387
0.0278279
-0.0351322
-1.51406
1.52136
0.0432068
-0.0540201
-1.74583
1.75664
0.0665392
-0.0838838
-2.00511
2.02245
0.104199
-0.127667
-1.90953
1.93299
0.154826
-0.185695
-1.52555
1.55642
0.24781
-0.369703
-1.55084
1.67273
0.576957
-0.709139
-2.51369
2.64587
0.768108
-0.80117
-2.43309
2.46616
0.830218
-0.852827
-2.05479
2.0774
0.866736
-0.859739
-1.70984
1.70285
0.809139
-0.680037
-1.27206
1.14296
0.409991
-0.128985
-0.479998
0.198991
0.0086049
0.009121
0.042034
-0.0597599
0.00170881
-0.000998253
-0.233232
0.232521
0.00260915
-0.417547
0.416647
-0.00265423
0.00200236
-0.665976
0.666627
-0.00050958
-0.00138087
-0.829194
0.831085
0.00354026
-0.00615474
-0.974737
0.977351
0.00882536
-0.0124958
-1.13511
1.13878
0.0161173
-0.0212412
-1.31855
1.32367
0.0263293
-0.034012
-1.52803
1.53572
0.0423461
-0.0534977
-1.76784
1.77899
0.0669851
-0.0856758
-2.04022
2.05891
0.107259
-0.132774
-1.95716
1.98268
0.163214
-0.201269
-1.5914
1.62945
0.284537
-0.429933
-1.8044
1.94979
0.630088
-0.716403
-2.75009
2.8364
0.762565
-0.790333
-2.49664
2.52441
0.813577
-0.82811
-2.0963
2.11083
0.823084
-0.770961
-1.67633
1.62421
0.619614
-0.345231
-0.959082
0.684698
0.0679025
0.00102068
-0.0338663
-0.0350568
-0.0112843
0.00626913
0.0616195
-0.0566043
0.00232572
-0.00113098
-0.232687
0.231493
0.00378969
-0.417159
0.415695
-0.00397026
0.00358715
-0.668047
0.66843
-0.00238657
0.000708498
-0.833252
0.83493
0.00148688
-0.00385648
-0.980012
0.982381
0.00659416
-0.0099903
-1.14218
1.14557
0.0136592
-0.0184022
-1.32832
1.33306
0.0238768
-0.0313133
-1.54293
1.55037
0.0399332
-0.0516837
-1.79083
1.80258
0.0653901
-0.0850681
-2.07794
2.09762
0.108342
-0.135694
-2.00931
2.03667
0.169706
-0.215567
-1.67238
1.71824
0.319279
-0.47907
-2.10025
2.26004
0.644232
-0.705109
-2.90572
2.9666
0.741696
-0.762155
-2.55075
2.57121
0.777263
-0.777275
-2.11806
2.11807
0.732378
-0.602707
-1.5374
1.40773
0.323464
-0.084817
-0.378222
0.139576
0.00986516
0.00881282
0.0675685
-0.0862465
-0.00977347
0.00394786
0.0510987
-0.0452731
0.00303022
-0.00147336
-0.231294
0.229737
0.00513258
-0.416197
0.414095
-0.00557286
0.00554635
-0.66949
0.669517
-0.00460049
0.00299563
-0.836576
0.838181
-0.00132674
-0.00088134
-0.984726
0.986934
0.00354589
-0.00627865
-1.14885
1.15158
0.0099735
-0.0141381
-1.33814
1.34231
0.0193128
-0.0267214
-1.55732
1.56473
0.03531
-0.0469375
-1.81431
1.82594
0.0612604
-0.0816769
-2.11758
2.13799
0.105947
-0.135234
-2.06551
2.0948
0.173131
-0.227022
-1.76981
1.8237
0.342658
-0.508254
-2.4201
2.5857
0.629678
-0.675843
-3.01819
3.06436
0.70159
-0.714187
-2.58863
2.60123
0.713373
-0.677892
-2.10425
2.06877
0.57481
-0.388285
-1.24523
1.05871
0.114366
-0.0316863
-0.00773502
-0.0749443
0.00270964
0.0078068
0.105013
-0.11553
-0.00834374
0.00257674
0.0422017
-0.0364347
0.00391883
-0.00175273
-0.229319
0.227153
0.00679637
-0.414238
0.41136
-0.0079581
0.00850754
-0.670498
0.669948
-0.0077491
0.00640349
-0.839476
0.840822
-0.00503516
0.00332897
-0.989152
0.990858
-0.00130834
-0.00139223
-1.15471
1.15741
0.00431502
-0.00849917
-1.34654
1.35073
0.0131544
-0.0196963
-1.57144
1.57798
0.0275401
-0.0391281
-1.83775
1.84934
0.0532042
-0.0739076
-2.15823
2.17894
0.0988281
-0.129444
-2.12481
2.15542
0.170524
-0.231649
-1.88295
1.94408
0.352341
-0.505723
-2.74491
2.89829
0.590658
-0.622888
-3.10199
3.13422
0.640713
-0.643835
-2.60702
2.61014
0.609084
-0.521385
-2.01085
1.92315
0.351668
-0.0877507
-0.83864
0.574723
-0.0525658
0.0782777
0.123205
-0.148917
-0.0778328
0.0680456
0.116174
-0.106387
-0.0440919
0.0177003
0.0221281
0.00426347
0.00507359
-0.00218202
-0.226355
0.223463
0.00859823
-0.411354
0.407829
-0.0106608
0.0115806
-0.670226
0.669306
-0.0116359
0.0109209
-0.841924
0.842639
-0.00990316
0.00870322
-0.992788
0.993988
-0.00737146
0.00536886
-1.15947
1.16147
-0.0032717
0.000177891
-1.35406
1.35715
0.00390924
-0.00923676
-1.58406
1.58939
0.0161741
-0.0263791
-1.86043
1.87063
0.0401427
-0.0599717
-2.19943
2.21926
0.0855013
-0.116111
-2.18668
2.21729
0.159608
-0.224287
-2.0086
2.07328
0.338845
-0.463243
-3.03911
3.16351
0.528491
-0.55749
-3.16214
3.19113
0.578093
-0.573577
-2.60245
2.59793
0.51796
-0.383613
-1.79913
1.66479
0.0801112
0.120848
-0.293831
0.0928717
-0.135754
0.134898
0.153038
-0.152182
-0.132936
0.116746
0.0877096
-0.0715195
-0.0775875
0.0340886
-0.0412422
0.0847411
0.00617579
-0.0026906
-0.222234
0.218749
0.0107869
-0.407027
0.402416
-0.013871
0.0156767
-0.669143
0.667338
-0.0161954
0.0162854
-0.843225
0.843135
-0.0160547
0.0155661
-0.994839
0.995328
-0.0150003
0.0145112
-1.163
1.16349
-0.0132388
0.0116289
-1.35973
1.36134
-0.00932394
0.00599358
-1.59456
1.59789
-0.000464409
-0.00808739
-1.88008
1.88863
0.020123
-0.0387476
-2.23873
2.25735
0.0629369
-0.0927292
-2.24908
2.27887
0.135944
-0.197463
-2.13819
2.19971
0.291612
-0.381656
-3.27542
3.36546
0.437579
-0.48398
-3.22373
3.27013
0.536091
-0.568456
-2.59836
2.63073
0.533043
-0.349425
-1.51006
1.32644
0.154656
-0.189231
-0.0363594
0.0709343
0.156423
-0.103569
0.175276
-0.228129
0.033695
0.0193912
0.077264
-0.13035
-0.0387649
0.022861
-0.121471
0.137375
0.00743685
-0.00313488
-0.216964
0.212662
0.0132494
-0.401241
0.395428
-0.0175849
0.0202428
-0.666341
0.663683
-0.0216432
0.0227858
-0.842765
0.841623
-0.0233047
0.0243868
-0.995054
0.993972
-0.0251544
0.0258031
-1.16359
1.16294
-0.0268
0.0271329
-1.36211
1.36178
-0.026843
0.0260026
-1.60076
1.6016
-0.0234034
0.0178477
-1.89585
1.90141
-0.00916995
-0.00626628
-2.27474
2.29017
0.0282893
-0.0563811
-2.30916
2.33725
0.0926925
-0.140046
-2.25656
2.30391
0.198153
-0.246752
-3.44445
3.49305
0.306302
-0.37462
-3.32544
3.39376
0.458799
-0.532379
-2.69209
2.76567
0.574741
-0.597268
-1.20998
1.23251
0.697399
-0.763316
-0.11733
0.183246
0.777066
-0.703212
0.324811
-0.398665
0.559118
-0.38661
0.246934
-0.419443
0.165772
-0.0322794
-0.105644
-0.0278492
0.00863981
-0.00354365
-0.210402
0.205306
0.0158505
-0.393804
0.386594
-0.0213329
0.0255265
-0.661412
0.657218
-0.0280481
0.0305236
-0.840073
0.837597
-0.0323782
0.0348436
-0.992546
0.99008
-0.0373486
0.0404733
-1.16116
1.15804
-0.0435404
0.0468933
-1.36
1.35665
-0.0499197
0.0527958
-1.60129
1.59841
-0.0543778
0.0542575
-1.90513
1.90525
-0.0506857
0.0397475
-2.30382
2.31476
-0.0224916
-0.00184158
-2.36598
2.39031
0.0304505
-0.0423016
-2.33965
2.3515
0.0296813
-0.0329603
-3.52254
3.52582
0.0462825
-0.0750553
-3.45342
3.4822
0.13144
-0.20554
-2.8349
2.909
0.304765
-0.426576
-1.31378
1.43559
0.545369
-0.588314
-0.252626
0.295571
0.658469
-0.721894
0.413554
-0.350129
0.711353
-0.6129
0.572841
-0.671293
0.437544
-0.181766
0.263365
-0.519143
0.00975821
-0.00395619
-0.202631
0.196829
0.0178981
-0.384309
0.37617
-0.0250319
0.0306717
-0.654353
0.648713
-0.0342928
0.0387119
-0.834794
0.830375
-0.0425474
0.0471247
-0.986828
0.982251
-0.0518437
0.0578226
-1.15409
1.14811
-0.063911
0.0711612
-1.35153
1.34428
-0.0787871
0.0872204
-1.59317
1.58474
-0.0952615
0.103026
-1.90297
1.8952
-0.107265
0.10667
-2.32206
2.32266
-0.0969133
0.0742998
-2.4157
2.43832
-0.0598588
0.0813811
-2.34127
2.31975
-0.182407
0.285982
-3.48492
3.38135
-0.360934
0.426381
-3.48107
3.41562
-0.505164
0.574846
-2.9183
2.84861
-0.558188
0.380303
-1.56914
1.74703
-0.191465
0.0678406
-0.343737
0.467361
0.0194087
-0.0715517
0.310617
-0.258474
0.141477
-0.196554
0.696596
-0.641519
0.188165
-0.125096
0.649538
-0.712607
0.0105109
-0.00425313
-0.193887
0.187629
0.0195485
-0.373163
0.364126
-0.0279325
0.0351312
-0.644405
0.637206
-0.0410153
0.0469954
-0.82552
0.81954
-0.0532229
0.0606543
-0.976692
0.969261
-0.0683874
0.0778547
-1.14051
1.13105
-0.0877968
0.100724
-1.3348
1.32187
-0.114156
0.130493
-1.57301
1.55667
-0.146631
0.16768
-1.88325
1.8622
-0.183086
0.20053
-2.31692
2.29947
-0.20817
0.204411
-2.45636
2.46012
-0.187397
0.221133
-2.29553
2.26179
-0.374358
0.591421
-3.23196
3.0149
-0.763765
0.900588
-3.30589
3.16907
-1.05212
1.17964
-2.72881
2.60129
-1.28774
1.29364
-1.82797
1.82207
-1.16113
0.979764
-0.621501
0.802867
-0.772977
0.581245
0.128421
0.0633112
-0.400429
0.262125
0.550039
-0.411734
-0.125831
0.0328941
0.695435
-0.602498
0.0106858
-0.0042323
-0.184615
0.178162
0.0201515
-0.360904
0.351438
-0.0295594
0.0382538
-0.631501
0.622806
-0.0462006
0.0548737
-0.812488
0.803814
-0.063528
0.0741677
-0.960966
0.950326
-0.0852787
0.0993476
-1.12001
1.10594
-0.114039
0.133051
-1.30687
1.28786
-0.153774
0.181101
-1.53562
1.50829
-0.209792
0.248912
-1.83474
1.79562
-0.282653
0.336067
-2.26976
2.21634
-0.374276
0.411677
-2.44727
2.40987
-0.401232
0.393493
-2.24535
2.25309
-0.46661
0.727015
-2.76978
2.50938
-0.947184
1.07688
-3.03586
2.90617
-1.20242
1.29974
-2.48578
2.38845
-1.37885
1.41665
-1.78604
1.74824
-1.35614
1.22151
-0.939499
1.07413
-1.02586
0.836209
-0.235325
0.424972
-0.640698
0.457463
0.240675
-0.0574392
-0.272077
0.116778
0.474841
-0.319543
0.0102301
-0.00399852
-0.17532
0.169088
0.0196449
-0.348042
0.338627
-0.0297645
0.0401928
-0.616363
0.605934
-0.049914
0.0611341
-0.79458
0.78336
-0.072434
0.0862898
-0.938567
0.924711
-0.100817
0.119262
-1.09056
1.07211
-0.139465
0.165337
-1.26572
1.23985
-0.194919
0.234533
-1.47696
1.43735
-0.280822
0.343209
-1.74758
1.68519
-0.412324
0.514311
-2.14441
2.04243
-0.606475
0.683079
-2.35952
2.28291
-0.72722
0.670647
-2.30036
2.35693
-0.630623
0.691715
-2.34224
2.28115
-0.905624
1.02198
-2.79465
2.6783
-1.09816
1.13993
-2.32033
2.27856
-1.14299
1.12755
-1.73455
1.74999
-1.07975
1.00003
-1.15837
1.23808
-0.872653
0.732518
-0.572381
0.712516
-0.567514
0.416708
-0.10003
0.250837
-0.253102
0.109516
0.165886
-0.0223005
0.00958984
-0.00375784
-0.166488
0.160656
0.0186035
-0.33578
0.326766
-0.0290116
0.0402645
-0.599427
0.588175
-0.0510516
0.0645949
-0.772259
0.758716
-0.077875
0.0944293
-0.910349
0.893794
-0.111498
0.133803
-1.05245
1.03015
-0.157988
0.190585
-1.21119
1.17859
-0.228179
0.281348
-1.39254
1.33937
-0.345415
0.437515
-1.6122
1.5201
-0.560967
0.723116
-1.91884
1.75669
-0.888421
1.00126
-2.18771
2.07488
-1.01186
0.956519
-2.41493
2.47027
-0.812099
0.735601
-2.30186
2.37836
-0.772725
0.839837
-2.5985
2.53139
-0.861878
0.862093
-2.26194
2.26173
-0.84598
0.807917
-1.77416
1.81223
-0.754082
0.690451
-1.29664
1.36027
-0.606633
0.516599
-0.809307
0.899341
-0.408708
0.30454
-0.366974
0.471142
-0.179012
0.070285
-0.101737
0.210465
0.00916332
-0.00375472
-0.157981
0.152572
0.01726
-0.324759
0.316662
-0.0277435
0.0391374
-0.581847
0.570454
-0.0507211
0.0644572
-0.74714
0.733404
-0.0784992
0.0955309
-0.877656
0.860625
-0.113307
0.13612
-1.00808
0.98527
-0.161325
0.195775
-1.14545
1.111
-0.236917
0.297225
-1.2831
1.22279
-0.374683
0.495709
-1.41566
1.29463
-0.655145
0.858543
-1.57472
1.37132
-1.05419
1.16115
-1.97809
1.87113
-1.14048
1.06074
-2.53591
2.61565
-0.920258
0.771345
-2.49873
2.64764
-0.654187
0.607148
-2.52157
2.56861
-0.576742
0.545236
-2.28173
2.31324
-0.510122
0.473101
-1.84745
1.88447
-0.428501
0.384204
-1.40183
1.44613
-0.330216
0.281153
-0.954061
1.00312
-0.224735
0.15845
-0.542505
0.60879
-0.0777136
0.0234045
-0.28791
0.342219
0.0108816
-0.00441775
-0.149727
0.143263
0.0191104
-0.314124
0.305896
-0.0290543
0.0399484
-0.56633
0.555436
-0.0499802
0.0617713
-0.722524
0.710733
-0.0733873
0.0874782
-0.845328
0.831237
-0.101823
0.119415
-0.964881
0.947289
-0.138866
0.165356
-1.07983
1.05334
-0.197069
0.244651
-1.16679
1.1192
-0.305938
0.397956
-1.18111
1.08909
-0.50439
0.631197
-1.19497
1.06817
-0.743232
0.798186
-1.76685
1.7119
-0.764153
0.658995
-2.71998
2.82513
-0.541885
0.434405
-2.81165
2.91913
-0.31685
0.235708
-2.65306
2.7342
-0.184148
0.145927
-2.35093
2.38915
-0.11255
0.0930277
-1.91188
1.93141
-0.0749447
0.0711578
-1.46982
1.47361
-0.078209
0.0777882
-1.00941
1.00983
-0.0536182
0.0208753
-0.646613
0.679355
0.000790916
-0.00274591
-0.359711
0.361666
0.0155409
-0.00577182
-0.139368
0.129599
0.0263858
-0.302284
0.291439
-0.0360581
0.0456798
-0.553719
0.544098
-0.0532601
0.0600654
-0.70349
0.696685
-0.0661648
0.0721778
-0.821124
0.815111
-0.0773731
0.082739
-0.93528
0.929914
-0.086815
0.0907662
-1.03707
1.03312
-0.0933889
0.0934425
-1.09187
1.09182
-0.0871209
0.0655988
-1.04923
1.07076
-0.0201068
-0.0664452
-1.04609
1.13264
0.182208
-0.314461
-1.75924
1.8915
0.401897
-0.418196
-2.89014
2.90644
0.380223
-0.387363
-2.96449
2.97163
0.44005
-0.445728
-2.79699
2.80267
0.418709
-0.371677
-2.40292
2.35588
0.301183
-0.232489
-1.91061
1.84191
0.152262
-0.0863939
-1.42443
1.35856
0.0413278
-0.0290422
-0.982712
0.970426
0.0307154
-0.027348
-0.678663
0.675296
0.0160441
-0.00437664
-0.344862
0.333195
0.0253237
-0.00812318
-0.123979
0.106778
0.0458716
-0.285141
0.264593
-0.0597415
0.0675917
-0.544191
0.536341
-0.0694991
0.068818
-0.694523
0.695204
-0.0663091
0.0619284
-0.814215
0.818596
-0.0549311
0.0431441
-0.933079
0.944866
-0.0267613
0.000607908
-1.04397
1.07012
0.0351319
-0.0944385
-1.12183
1.18114
0.175259
-0.30535
-1.1505
1.28059
0.47293
-0.713398
-1.31254
1.55301
0.960954
-1.15972
-2.09077
2.28953
1.22752
-1.17243
-2.89234
2.83726
1.1006
-1.04725
-2.9734
2.92004
0.925116
-0.766554
-2.72793
2.56937
0.58344
-0.43346
-2.24847
2.09848
0.286162
-0.174515
-1.73573
1.62409
0.0807438
-0.0277162
-1.28521
1.23218
0.000655133
0.00583613
-0.94295
0.936459
-0.00480707
0.00492399
-0.656153
0.656036
-0.00510729
0.00362833
-0.309535
0.311014
0.00554888
0.00841696
-0.02135
0.0439697
-0.251245
0.228625
-0.0585151
0.0637239
-0.53339
0.528181
-0.0609875
0.052863
-0.699782
0.707907
-0.0424374
0.0273841
-0.828429
0.843482
-0.0097124
-0.0151192
-0.963564
0.988395
0.0443836
-0.0863271
-1.10695
1.1489
0.137151
-0.211366
-1.2565
1.33071
0.30037
-0.426141
-1.43011
1.55588
0.568008
-0.743566
-1.80362
1.97917
0.897168
-0.982262
-2.46755
2.55265
0.985133
-0.917325
-2.79178
2.72397
0.798433
-0.678987
-2.81547
2.69602
0.535079
-0.408583
-2.38881
2.26232
0.287025
-0.1938
-1.94917
1.85594
0.116291
-0.064995
-1.53053
1.47924
0.0277238
-0.00763869
-1.19286
1.17277
-0.00449261
0.0105852
-0.922989
0.916897
-0.0136213
0.0128079
-0.641009
0.641822
-0.00807164
0.00339331
-0.30298
0.307658
7.44026e-05
-0.00625423
0.00617983
-0.00314538
0.0121428
-0.213286
0.204288
-0.0191793
0.0195127
-0.52557
0.525236
-0.0131856
0.00103606
-0.718473
0.730623
0.0131833
-0.0319807
-0.86078
0.879578
0.0526837
-0.0801595
-1.01512
1.0426
0.111002
-0.15324
-1.192
1.23423
0.201812
-0.268443
-1.40259
1.46922
0.343836
-0.444672
-1.67101
1.77184
0.552788
-0.678295
-2.1313
2.25681
0.778758
-0.83261
-2.63029
2.68414
0.822254
-0.768018
-2.65357
2.59933
0.665003
-0.545834
-2.57021
2.45104
0.425545
-0.333852
-2.15254
2.06084
0.249674
-0.18341
-1.77605
1.70979
0.128143
-0.0911128
-1.43572
1.39869
0.0628587
-0.0457238
-1.15459
1.13746
0.0331109
-0.024766
-0.910302
0.901957
0.0175272
-0.0122571
-0.639788
0.634518
0.00736583
-0.00363312
-0.306458
0.302725
-0.00210407
-0.00728726
0.00939133
0.00509456
-0.00692249
-0.20116
0.202988
0.00719996
-0.0107229
-0.526749
0.530272
0.0184978
-0.0312769
-0.743669
0.756448
0.0459017
-0.0648448
-0.898892
0.917835
0.0849996
-0.110992
-1.06977
1.09576
0.139181
-0.176251
-1.27434
1.31141
0.216841
-0.269595
-1.52922
1.58197
0.326107
-0.397792
-1.85769
1.92938
0.470652
-0.549779
-2.35715
2.43628
0.60491
-0.623408
-2.71652
2.73502
0.607939
-0.572568
-2.55748
2.52211
0.503835
-0.421376
-2.34857
2.26611
0.338224
-0.276545
-1.9855
1.92382
0.220302
-0.175349
-1.65539
1.61043
0.135712
-0.107165
-1.36657
1.33802
0.0827869
-0.0654483
-1.12033
1.10299
0.0503292
-0.0392193
-0.891797
0.880687
0.0293281
-0.0217144
-0.627815
0.620201
0.0134773
-0.00546283
-0.296535
0.288521
-0.0037042
-0.0123914
0.0160956
0.0108902
-0.0191455
-0.208087
0.216342
0.0251164
-0.0317205
-0.535618
0.542222
0.0395938
-0.0509113
-0.768619
0.779937
0.0636217
-0.0802327
-0.935825
0.952436
0.0977355
-0.119968
-1.12007
1.1423
0.143568
-0.173602
-1.34501
1.37505
0.205
-0.243944
-1.62767
1.66661
0.283846
-0.331996
-1.98841
2.03656
0.378646
-0.426894
-2.49808
2.54632
0.457634
-0.463691
-2.74541
2.75147
0.447692
-0.420293
-2.49096
2.46356
0.376114
-0.326594
-2.20204
2.15252
0.274261
-0.232867
-1.87333
1.83194
0.19366
-0.161729
-1.57279
1.54086
0.131676
-0.108263
-1.31223
1.28882
0.0864979
-0.0697331
-1.08575
1.06898
0.0543388
-0.0426792
-0.869119
0.85746
0.0319241
-0.0229569
-0.611707
0.60274
0.0130416
-0.00468005
-0.280037
0.271675
-0.00476124
-0.0203752
0.0251364
0.0142425
-0.0264393
-0.227079
0.239276
0.0358718
-0.0441067
-0.549742
0.557977
0.0514214
-0.0607168
-0.790251
0.799547
0.0709927
-0.0844336
-0.967491
0.980932
0.0986021
-0.116473
-1.16231
1.18018
0.135133
-0.158188
-1.4015
1.42455
0.181366
-0.209022
-1.69951
1.72717
0.23638
-0.268102
-2.07569
2.10741
0.297465
-0.326403
-2.5837
2.61264
0.343894
-0.346392
-2.75525
2.75775
0.334778
-0.315058
-2.43996
2.42024
0.285602
-0.254633
-2.11375
2.08278
0.221046
-0.192672
-1.7978
1.76942
0.164406
-0.140764
-1.51347
1.48983
0.117444
-0.09838
-1.26762
1.24855
0.0798388
-0.0650021
-1.05304
1.03821
0.0510016
-0.0401614
-0.846065
0.835225
0.0298469
-0.020907
-0.593667
0.584727
0.0111693
-0.00372621
-0.263716
0.256273
-0.00497328
-0.0301594
0.0351327
0.0148486
-0.0278516
-0.252207
0.26521
0.0382561
-0.0469049
-0.566574
0.575223
0.0537705
-0.0617211
-0.808051
0.816002
0.0701757
-0.0809574
-0.992895
1.00368
0.0922514
-0.106172
-1.19596
1.20988
0.120351
-0.137387
-1.44447
1.46151
0.154084
-0.173495
-1.75032
1.76973
0.192309
-0.213567
-2.1333
2.15456
0.232352
-0.249905
-2.63509
2.65264
0.259837
-0.260674
-2.75936
2.7602
0.252526
-0.239111
-2.40401
2.39059
0.219416
-0.198781
-2.05762
2.03698
0.175814
-0.155642
-1.74559
1.72541
0.134805
-0.117006
-1.46933
1.45153
0.0989799
-0.0838841
-1.23154
1.21644
0.0688839
-0.0566603
-1.02464
1.01242
0.0449315
-0.0356302
-0.825121
0.815819
0.0264147
-0.0181404
-0.576069
0.567794
0.00928616
-0.0029782
-0.249389
0.243081
-0.00419787
-0.0397932
0.0439911
0.0127496
-0.0244846
-0.277759
0.289494
0.0342651
-0.0424493
-0.583712
0.591896
0.0487625
-0.0558188
-0.823506
0.830562
0.0630599
-0.0720064
-1.01348
1.02243
0.0811474
-0.0920749
-1.2222
1.23313
0.102812
-0.115367
-1.47608
1.48864
0.127538
-0.14154
-1.78613
1.80013
0.154868
-0.169641
-2.17216
2.18693
0.182285
-0.193611
-2.66661
2.67793
0.199493
-0.199118
-2.76036
2.75998
0.192322
-0.182446
-2.37926
2.36938
0.168932
-0.154726
-2.01993
2.00573
0.138401
-0.123692
-1.70821
1.6935
0.108162
-0.0947125
-1.43605
1.4226
0.0809125
-0.0692219
-1.20313
1.19144
0.0574722
-0.0477842
-1.00151
0.991817
0.0383308
-0.0306062
-0.807321
0.799596
0.0226309
-0.015291
-0.559971
0.552632
0.0075979
-0.00237908
-0.237336
0.232117
-0.00310074
-0.047649
0.0507497
0.00966904
-0.0191959
-0.300181
0.309708
0.0275907
-0.034904
-0.59967
0.606983
0.0405634
-0.0467648
-0.837183
0.843385
0.0529406
-0.0603415
-1.03058
1.03798
0.0677124
-0.0763368
-1.24284
1.25146
0.0846495
-0.0942211
-1.49955
1.50913
0.103474
-0.11408
-1.81225
1.82285
0.124011
-0.134819
-2.19947
2.21027
0.143834
-0.151792
-2.68733
2.69529
0.155719
-0.154761
-2.75923
2.75828
0.148605
-0.140505
-2.36052
2.35242
0.130542
-0.120383
-1.99377
1.98361
0.108516
-0.097634
-1.68086
1.66998
0.0859961
-0.0758128
-1.41092
1.40073
0.0652746
-0.0562883
-1.18119
1.1722
0.0471999
-0.0396374
-0.983248
0.975686
0.0321399
-0.0258161
-0.7926
0.786276
0.0190293
-0.0126836
-0.545786
0.53944
0.00617277
-0.00190571
-0.227387
0.22312
-0.00211767
-0.0533279
0.0554456
0.00680684
-0.0140406
-0.318061
0.325294
0.0208625
-0.0271749
-0.613805
0.620117
0.0321377
-0.0374865
-0.849163
0.854512
0.0426527
-0.0486967
-1.04468
1.05072
0.0546033
-0.0614553
-1.25913
1.26598
0.0680338
-0.0755847
-1.5176
1.52515
0.0828774
-0.0912133
-1.83225
1.84058
0.0989093
-0.107137
-2.21965
2.22788
0.113878
-0.119726
-2.70208
2.70793
0.122553
-0.121561
-2.75725
2.75626
0.116315
-0.109578
-2.345
2.33827
0.101771
-0.0941172
-1.97486
1.96721
0.0852028
-0.0769615
-1.66054
1.6523
0.0680911
-0.0602999
-1.39184
1.38405
0.0522158
-0.0453019
-1.16432
1.15741
0.0382826
-0.0323952
-0.969016
0.963128
0.0264633
-0.0213087
-0.780565
0.77541
0.0156092
-0.0102619
-0.533596
0.528249
0.0049086
-0.00149982
-0.219294
0.215885
-0.00141198
-0.0571738
0.0585857
0.00467541
-0.00999839
-0.33151
0.336833
0.015379
-0.0206932
-0.625921
0.631235
0.0249363
-0.0294226
-0.859424
0.863911
0.0336453
-0.0385285
-1.05617
1.06105
0.043288
-0.0488334
-1.27214
1.27769
0.0541737
-0.060288
-1.53193
1.53805
0.0661291
-0.0727355
-1.848
1.85461
0.0787512
-0.0850685
-2.23509
2.24141
0.0901902
-0.094565
-2.71299
2.71737
0.0966261
-0.0958069
-2.75535
2.75453
0.0916624
-0.0862428
-2.33219
2.32677
0.0799687
-0.0739534
-1.96043
1.95442
0.0670599
-0.0607115
-1.64508
1.63873
0.0538832
-0.0478778
-1.37722
1.37121
0.041628
-0.0362674
-1.15133
1.14597
0.0308017
-0.0261828
-0.95792
0.953301
0.0214583
-0.0172479
-0.770752
0.766542
0.0125078
-0.00810361
-0.523382
0.518977
0.00381941
-0.00115802
-0.212865
0.210203
-0.000971534
-0.0597493
0.0607208
0.00329027
-0.00722111
-0.341396
0.345327
0.0114286
-0.0158419
-0.636082
0.640496
0.0194243
-0.0231336
-0.867993
0.871702
0.0265348
-0.0304304
-1.06542
1.06931
0.0342359
-0.0387012
-1.28267
1.28714
0.0430326
-0.0480061
-1.54357
1.54855
0.0527145
-0.0579722
-1.8605
1.86576
0.0626899
-0.0675566
-2.24695
2.25181
0.0714216
-0.0746229
-2.72112
2.72432
0.0760507
-0.07536
-2.75378
2.75309
0.0722316
-0.0680658
-2.32199
2.31783
0.0631083
-0.0583601
-1.94908
1.94433
0.0529658
-0.0480105
-1.63313
1.62818
0.0426785
-0.0379866
-1.36591
1.36122
0.0331011
-0.0289041
-1.14123
1.13703
0.0246116
-0.0209564
-0.949196
0.945541
0.0171649
-0.0137216
-0.762732
0.759289
0.00982429
-0.00627592
-0.515013
0.511465
0.00292366
-0.000880925
-0.207868
0.205825
-0.000706497
-0.0615446
0.0622511
0.00242078
-0.00539327
-0.348735
0.351708
0.00870897
-0.0123617
-0.644511
0.648164
0.0153812
-0.0184502
-0.875076
0.878145
0.0211926
-0.0242942
-1.07279
1.07589
0.0273165
-0.0308648
-1.29112
1.29467
0.0343117
-0.0382667
-1.55299
1.55694
0.0419921
-0.0461213
-1.87043
1.87456
0.0498031
-0.0535552
-2.25609
2.25984
0.0564988
-0.058869
-2.72707
2.72944
0.0598464
-0.0592404
-2.75244
2.75184
0.0569012
-0.0537613
-2.31421
2.31107
0.0498775
-0.0461071
-1.94009
1.93632
0.0418471
-0.0379466
-1.62378
1.61988
0.0337576
-0.0300724
-1.35707
1.35338
0.0262304
-0.0229231
-1.13331
1.13
0.01953
-0.016622
-0.942283
0.939375
0.0135731
-0.0107735
-0.756181
0.753381
0.0076163
-0.00480824
-0.508301
0.505493
0.00221999
-0.000664851
-0.204042
0.202487
-0.00052973
-0.0628628
0.0633926
0.0018231
-0.00410204
-0.354311
0.35659
0.00673054
-0.00974993
-0.651489
0.654508
0.0122992
-0.0148579
-0.880947
0.883506
0.0170895
-0.0195725
-1.07866
1.08115
0.0219739
-0.024786
-1.29783
1.30064
0.0275111
-0.0306301
-1.56046
1.56357
0.0335519
-0.0367647
-1.8782
1.88142
0.0396073
-0.042484
-2.26313
2.266
0.0447101
-0.046456
-2.73148
2.73322
0.0471163
-0.0465939
-2.75128
2.75075
0.044813
-0.0424289
-2.30834
2.30595
0.0394042
-0.0364343
-1.93297
1.93
0.0330706
-0.0299882
-1.61641
1.61333
0.0266763
-0.0237604
-1.3501
1.34719
0.020719
-0.0180993
-1.12706
1.12444
0.0154093
-0.0130961
-0.936782
0.934469
0.0106538
-0.00839777
-0.750867
0.748611
0.00587142
-0.00367172
-0.503006
0.500806
0.00168292
-0.000500861
-0.201131
0.199949
-0.000396733
-0.0638516
0.0642483
0.00136931
-0.00310741
-0.358583
0.360321
0.00517616
-0.00765159
-0.657248
0.659724
0.00979562
-0.0119367
-0.885847
0.887988
0.0137658
-0.0157634
-1.08337
1.08537
0.0176733
-0.0198959
-1.30314
1.30536
0.0220392
-0.0244838
-1.56634
1.56878
0.026768
-0.0292711
-1.88425
1.88675
0.0314723
-0.0336836
-2.26852
2.27073
0.0353781
-0.0366727
-2.73472
2.73602
0.0371215
-0.03667
-2.75027
2.74982
0.0352943
-0.0334656
-2.30387
2.30204
0.0311047
-0.0287625
-1.92736
1.92502
0.0261014
-0.0236626
-1.61059
1.60815
0.0210426
-0.0187362
-1.34459
1.34228
0.0163309
-0.0142594
-1.12211
1.12004
0.0121312
-0.010295
-0.932409
0.930573
0.00834337
-0.00653322
-0.746593
0.744783
0.00452283
-0.00280575
-0.498864
0.497147
0.00127789
-0.000378034
-0.198919
0.198019
-0.000295067
-0.0645907
0.0648857
0.00102087
-0.00233125
-0.361833
0.363144
0.00393378
-0.00593019
-0.661954
0.66395
0.00771201
-0.00949714
-0.889945
0.89173
0.0109989
-0.0126114
-1.08716
1.08878
0.0141357
-0.0158969
-1.30734
1.3091
0.0175865
-0.0195062
-1.57095
1.57287
0.0212928
-0.0232424
-1.88896
1.89091
0.0249523
-0.02666
-2.27267
2.27438
0.0279565
-0.0289379
-2.73714
2.73813
0.0292515
-0.0288715
-2.7494
2.74902
0.0277891
-0.0263701
-2.30043
2.29901
0.0245217
-0.0226809
-1.92294
1.9211
0.0205856
-0.0186645
-1.60598
1.60406
0.0165989
-0.0147792
-1.34024
1.33842
0.0128798
-0.0112415
-1.1182
1.11656
0.00955419
-0.0080905
-0.928934
0.927471
0.00652484
-0.00507245
-0.743162
0.74171
0.00347853
-0.00214265
-0.495633
0.494297
0.000970338
-0.000285425
-0.197234
0.196549
-0.000217608
-0.0651391
0.0653567
0.000755749
-0.0017327
-0.364277
0.365254
0.0029498
-0.00452099
-0.665727
0.667298
0.00597106
-0.00744386
-0.893354
0.894826
0.00867502
-0.00998069
-1.09023
1.09153
0.0112035
-0.0126078
-1.31067
1.31207
0.0139498
-0.0154693
-1.57457
1.57609
0.0168804
-0.0184138
-1.89263
1.89416
0.0197565
-0.0210885
-2.27589
2.27722
0.0220978
-0.0228452
-2.73898
2.73973
0.0230686
-0.0227512
-2.74867
2.74835
0.0218915
-0.0207795
-2.29776
2.29664
0.01933
-0.0178852
-1.91947
1.91803
0.0162385
-0.0147266
-1.60236
1.60085
0.0130985
-0.0116616
-1.3368
1.33536
0.0101586
-0.00885826
-1.1151
1.1138
0.00751308
-0.00633988
-0.92616
0.924987
0.00508128
-0.00392087
-0.74041
0.73925
0.00266677
-0.0016333
-0.493122
0.492089
0.000735976
-0.000215199
-0.195952
0.195431
-0.000160286
-0.0655434
0.0657037
0.000559444
-0.00128466
-0.366095
0.366821
0.00219457
-0.00339913
-0.668678
0.669882
0.00454835
-0.00574407
-0.896157
0.897352
0.00675004
-0.00781283
-1.09271
1.09377
0.0088023
-0.00993329
-1.31333
1.31446
0.0110097
-0.0122244
-1.57745
1.57866
0.0133502
-0.0145685
-1.89553
1.89675
0.0156331
-0.0166837
-2.2784
2.27945
0.0174776
-0.0180566
-2.74039
2.74096
0.0182149
-0.0179504
-2.74806
2.7478
0.0172609
-0.0163814
-2.29566
2.29478
0.0152369
-0.0140962
-1.91674
1.9156
0.0127958
-0.011601
-1.5995
1.59831
0.0103123
-0.00917304
-1.33409
1.33295
0.00797908
-0.00694392
-1.11264
1.11161
0.00587048
-0.00493274
-0.923938
0.923
0.00392912
-0.00301301
-0.738216
0.7373
0.00203706
-0.00124254
-0.491182
0.490387
0.000557525
-0.000162106
-0.194977
0.194581
-0.000118614
-0.0658417
0.0659603
0.000416238
-0.000955841
-0.367446
0.367986
0.00163095
-0.00253527
-0.670928
0.671832
0.00342191
-0.00437198
-0.898422
0.899372
0.00518599
-0.00605162
-1.09473
1.0956
0.00685668
-0.00777391
-1.31548
1.3164
0.00864426
-0.00962371
-1.57975
1.58073
0.0105288
-0.0115046
-1.89784
1.89881
0.0123544
-0.0131892
-2.28039
2.28123
0.0138162
-0.0142661
-2.74147
2.74192
0.0143805
-0.0141587
-2.74756
2.74734
0.0136012
-0.0128989
-2.29399
2.29329
0.0119885
-0.0110816
-1.91459
1.91368
0.0100488
-0.0090993
-1.59724
1.59629
0.00807527
-0.00717021
-1.33193
1.33103
0.00622199
-0.00540076
-1.11069
1.10986
0.00455039
-0.00380969
-0.922166
0.921426
0.00302127
-0.00230784
-0.73649
0.735777
0.00155461
-0.000945407
-0.489691
0.489081
0.000422485
-0.00012213
-0.194237
0.193936
-8.83453e-05
-0.0660625
0.0661508
0.000311762
-0.00071589
-0.368452
0.368856
0.00121752
-0.00188953
-0.672612
0.673284
0.00255978
-0.00329798
-0.900211
0.900949
0.00394584
-0.00464444
-1.09637
1.09707
0.00529671
-0.00603981
-1.31722
1.31797
0.00674397
-0.0075345
-1.58161
1.5824
0.00826261
-0.0090457
-1.89968
1.90047
0.00972579
-0.0103901
-2.28197
2.28263
0.0108874
-0.0112401
-2.74232
2.74267
0.0113228
-0.0111392
-2.74713
2.74695
0.0106877
-0.0101255
-2.29266
2.2921
0.00939806
-0.00867498
-1.91287
1.91215
0.00785309
-0.00709849
-1.59545
1.59469
0.00628608
-0.00556926
-1.33022
1.3295
0.00482015
-0.00417354
-1.10914
1.10849
0.00350667
-0.00292865
-0.920771
0.920193
0.00231651
-0.00176537
-0.73515
0.734599
0.00118577
-0.000718646
-0.488548
0.488081
0.000319475
-9.16758e-05
-0.193675
0.193447
-6.6029e-05
-0.066227
0.066293
0.000234552
-0.000539344
-0.369207
0.369512
0.000914734
-0.00141444
-0.673863
0.674363
0.00191643
-0.00248064
-0.901595
0.902159
0.00298735
-0.00354278
-1.0977
1.09825
0.00406508
-0.00466147
-1.31863
1.31923
0.00522681
-0.00586113
-1.58311
1.58374
0.0064446
-0.00707122
-1.90117
1.90179
0.0076138
-0.00814364
-2.28323
2.28376
0.0085376
-0.00881524
-2.74299
2.74326
0.00887815
-0.00872916
-2.74678
2.74664
0.00836898
-0.00792091
-2.29159
2.29115
0.00734253
-0.00676846
-1.91151
1.91093
0.00611645
-0.0055191
-1.59402
1.59343
0.00487756
-0.00431292
-1.32887
1.3283
0.00372464
-0.00321864
-1.10792
1.10741
0.00269884
-0.0022501
-0.919684
0.919236
0.00177649
-0.00135114
-0.734115
0.73369
0.000904728
-0.000546098
-0.487672
0.487313
0.000241235
-6.86147e-05
-0.193249
0.193076
-4.95536e-05
-0.06635
0.0663995
0.000177089
-0.000408262
-0.369777
0.370008
0.000691642
-0.00106631
-0.674794
0.675169
0.001443
-0.00187149
-0.90265
0.903078
0.00226313
-0.00269872
-1.09874
1.09918
0.00311156
-0.00358474
-1.31976
1.32023
0.00403404
-0.00453875
-1.58431
1.58481
0.00500298
-0.00550142
-1.90235
1.90285
0.00593214
-0.00635324
-2.28423
2.28465
0.00666523
-0.00688581
-2.74351
2.74373
0.00693652
-0.0068189
-2.7465
2.74639
0.00653546
-0.00618111
-2.29075
2.29039
0.00572447
-0.00527213
-1.91042
1.90997
0.00475805
-0.0042882
-1.5929
1.59243
0.00378431
-0.00334178
-1.3278
1.32736
0.00288156
-0.00248637
-1.10696
1.10657
0.00208108
-0.00173185
-0.918841
0.918492
0.00136394
-0.00103432
-0.733316
0.732987
0.000689729
-0.000414459
-0.486999
0.486724
0.000182018
-5.1414e-05
-0.192926
0.192796
-3.73039e-05
-0.0664421
0.0664794
0.000133961
-0.000309907
-0.370208
0.370384
0.000525485
-0.000809431
-0.675492
0.675776
0.00109455
-0.00142084
-0.90345
0.903776
0.00172252
-0.00206163
-1.09956
1.0999
0.00238503
-0.00275667
-1.32065
1.32102
0.00311016
-0.00350792
-1.58526
1.58566
0.00387409
-0.00426792
-1.90329
1.90369
0.00460874
-0.00494172
-2.28502
2.28535
0.00518863
-0.00536416
-2.74393
2.7441
0.00540547
-0.00531488
-2.74628
2.74619
0.00509431
-0.00481678
-2.29008
2.2898
0.00445878
-0.0041039
-1.90957
1.90922
0.00370162
-0.00333395
-1.59201
1.59164
0.00293997
-0.00259437
-1.32697
1.32663
0.00223515
-0.00192674
-1.10622
1.10591
0.00161035
-0.00133754
-0.918186
0.917913
0.00105017
-0.000793283
-0.732698
0.732441
0.000526066
-0.000314447
-0.486483
0.486271
0.000137388
-3.86677e-05
-0.192682
0.192584
-2.79644e-05
-0.0665111
0.0665391
0.000101059
-0.000235049
-0.370536
0.37067
0.000399706
-0.000616447
-0.67602
0.676237
0.000833995
-0.00108388
-0.904058
0.904308
0.00131668
-0.00158013
-1.1002
1.10046
0.00183224
-0.00212244
-1.32135
1.32164
0.00239887
-0.00271056
-1.58601
1.58632
0.0029978
-0.00330702
-1.90403
1.90434
0.00357478
-0.00383695
-2.28565
2.28591
0.00403133
-0.00417035
-2.74426
2.7444
0.00420566
-0.00413637
-2.74611
2.74604
0.00396582
-0.00375093
-2.28956
2.28935
0.0034726
-0.00319621
-1.9089
1.90863
0.00288242
-0.00259522
-1.59132
1.59103
0.00228773
-0.00201787
-1.32632
1.32605
0.00173731
-0.00149624
-1.10564
1.1054
0.00124868
-0.00103497
-0.917674
0.91746
0.000809892
-0.000609142
-0.732218
0.732018
0.000401328
-0.000238155
-0.486088
0.485925
0.000103195
-2.88303e-05
-0.192499
0.192424
-2.09535e-05
-0.0665628
0.0665837
7.61458e-05
-0.000177946
-0.370783
0.370885
0.000303454
-0.000468941
-0.676422
0.676587
0.000635433
-0.0008275
-0.904523
0.904715
0.00100761
-0.00121235
-1.10069
1.1009
0.0014088
-0.00163529
-1.32189
1.32212
0.00185105
-0.00209431
-1.58659
1.58684
0.00231835
-0.00255992
-1.90462
1.90486
0.00276885
-0.00297383
-2.28614
2.28635
0.00312617
-0.00323586
-2.74452
2.74463
0.00326482
-0.00321294
-2.74598
2.74593
0.00308232
-0.00291589
-2.28916
2.28899
0.0027004
-0.00248583
-1.90839
1.90817
0.00224151
-0.00201791
-1.59078
1.59056
0.00177777
-0.00156659
-1.32582
1.3256
0.00134653
-0.00115717
-1.10519
1.105
0.000962685
-0.000795153
-0.917274
0.917107
0.000619589
-0.000464037
-0.731845
0.73169
0.000304131
-0.000179295
-0.485787
0.485662
7.68579e-05
-2.12034e-05
-0.192361
0.192306
-1.58125e-05
-0.0666015
0.0666173
5.75445e-05
-0.000134469
-0.37097
0.371047
0.000229829
-0.000356396
-0.676728
0.676854
0.000484588
-0.000633208
-0.904879
0.905028
0.000772896
-0.000932047
-1.10107
1.10123
0.00108494
-0.00126091
-1.32232
1.32249
0.00142843
-0.00161701
-1.58705
1.58724
0.00179071
-0.00197767
-1.90507
1.90525
0.00213947
-0.00229822
-2.28652
2.28668
0.00241606
-0.00250136
-2.74473
2.74481
0.00252465
-0.00248594
-2.74589
2.74585
0.00238631
-0.00225881
-2.28885
2.28872
0.00209289
-0.00192725
-1.90798
1.90782
0.00173876
-0.00156571
-1.59037
1.59019
0.00137912
-0.00121434
-1.32542
1.32526
0.00104198
-0.000893176
-1.10484
1.10469
0.000739948
-0.000608036
-0.916962
0.91683
0.000470541
-0.000350215
-0.731556
0.731436
0.000228303
-0.000134213
-0.485558
0.485464
5.74269e-05
-1.57402e-05
-0.19226
0.192218
-0.191609
-0.484085
-0.72968
-0.914904
-1.10252
-1.32283
-1.58763
-1.90537
-2.28686
-2.74536
-2.7462
-2.28912
-1.90805
-1.59
-1.32502
-1.10347
-0.907061
-0.678639
-0.372184
-4.09572e-05
-1.15184e-05
-0.192184
4.25155e-05
0.192153
0.579345
-0.175866
-0.580958
0.89171
0.223656
-0.222923
-1.16798
0.938675
0.211979
-0.202343
-1.24963
0.927221
0.192664
-0.177825
-1.25823
0.912931
0.171567
-0.158104
-1.2563
0.15244
-0.139279
-1.26193
0.12851
-0.11893
1.26707
-1.27665
0.112176
-0.106769
1.28655
-1.29195
0.100443
-0.0902803
1.25199
-1.26216
0.0731077
-0.025407
0.796847
-0.844548
-0.0808712
0.541948
-0.461077
0.088766
-0.108305
1.13558
-1.11604
0.110848
-0.110991
1.24632
-1.24618
0.104845
-0.102442
1.25507
-1.25747
0.0960368
-0.0932692
1.25892
-1.26169
0.0879839
-0.0837778
1.26715
-1.27135
0.0788746
-0.0747285
1.28058
-1.28472
0.0695018
-0.0629911
1.29631
-1.30282
0.052812
-0.0414565
1.27537
-1.28672
0.0259387
-0.00969737
0.859007
-0.875248
-0.0417676
0.438155
-0.396387
0.0569861
-0.0643482
1.09908
-1.09172
0.0652311
-0.0644919
1.2458
-1.24653
0.0618597
-0.059501
1.25815
-1.2605
0.0566161
-0.0550029
1.26429
-1.2659
0.0521983
-0.0505956
1.27314
-1.27475
0.0482127
-0.0459625
1.28747
-1.28972
0.04319
-0.0405505
1.30625
-1.30889
0.0381312
-0.0333457
1.29247
-1.29726
0.0240248
-0.00934155
0.890747
-0.905431
-0.0220142
0.377011
-0.354996
0.0294842
-0.0326099
1.08803
-1.08491
0.0323316
-0.0318131
1.24615
-1.24667
0.0306186
-0.0302986
1.26067
-1.26099
0.0289466
-0.0288899
1.26673
-1.26678
0.0277303
-0.0278542
1.27583
-1.2757
0.0269955
-0.0279148
1.29037
-1.28945
0.0274882
-0.0280184
1.30822
-1.30769
0.0294142
-0.0277655
1.29756
-1.29921
0.0211491
-0.00878128
0.92012
-0.932488
-0.0099726
0.342137
-0.332164
0.00994363
-0.00978725
1.08685
-1.08701
0.00874842
-0.00906887
1.24684
-1.24652
0.0098217
-0.0102166
1.26034
-1.25994
0.0108752
-0.0115145
1.26558
-1.26494
0.0119321
-0.0137034
1.27505
-1.27327
0.0152772
-0.0167767
1.28792
-1.28642
0.018862
-0.0217325
1.30484
-1.30197
0.0235678
-0.0244651
1.29849
-1.29759
0.0198273
-0.00840825
0.944781
-0.9562
-0.00341724
0.325557
-0.32214
-0.00173474
0.00618352
1.09242
-1.09687
-0.00758578
0.00635686
1.2459
-1.24467
-0.00464056
0.00322841
1.25784
-1.25643
-0.00146257
-0.000265143
1.26252
-1.26079
0.00189925
-0.00488735
1.27117
-1.26818
0.00774566
-0.0105213
1.28216
-1.27938
0.0138747
-0.0179742
1.29782
-1.29372
0.0217357
-0.0234866
1.29545
-1.2937
0.0204689
-0.00950958
0.968118
-0.979077
0.000254748
0.320667
-0.320922
-0.0109101
0.0171103
1.1031
-1.1093
-0.0185737
0.0165323
1.24475
-1.24271
-0.0154797
0.0125245
1.25416
-1.25121
-0.0104796
0.00720122
1.25743
-1.25415
-0.00461441
0.000660263
1.26498
-1.26102
0.00259048
-0.0076594
1.27533
-1.27026
0.0114305
-0.0165656
1.28851
-1.28337
0.0214474
-0.0245377
1.28953
-1.28644
0.0234028
-0.0122413
0.99031
-1.00147
0.00425995
0.323272
-0.327532
-0.0188797
0.0264871
1.11709
-1.1247
-0.0271157
0.0251253
1.24242
-1.24043
-0.0233723
0.0196649
1.24835
-1.24465
-0.0167861
0.0126316
1.25055
-1.2464
-0.00847766
0.00421591
1.25624
-1.25198
0.000630872
-0.00607519
1.26526
-1.25982
0.0108745
-0.0164282
1.27778
-1.27223
0.0224041
-0.0273899
1.28165
-1.27666
0.0269488
-0.0155378
1.01295
-1.02436
0.00952574
0.333926
-0.343452
-0.0280913
0.0362633
1.13346
-1.14163
-0.0368928
0.0340629
1.23927
-1.23644
-0.0300467
0.0260144
1.24105
-1.23702
-0.0221254
0.0169607
1.24254
-1.23738
-0.0117878
0.00651209
1.24622
-1.24094
-0.000625998
-0.00525939
1.25323
-1.24735
0.0117361
-0.0189793
1.26499
-1.25775
0.0260401
-0.0316459
1.27063
-1.26503
0.0324721
-0.0206309
1.03689
-1.04873
0.0179849
0.35696
-0.374945
-0.0401442
0.0478148
1.15042
-1.15809
-0.0470309
0.0428614
1.23342
-1.22925
-0.0374539
0.0321349
1.23178
-1.22646
-0.0269673
0.020577
1.23182
-1.22543
-0.0142133
0.00717652
1.2341
-1.22706
-0.00141529
-0.00613533
1.23973
-1.23218
0.0136613
-0.0218657
1.24946
-1.24126
0.0299612
-0.0368287
1.25707
-1.2502
0.0390347
-0.0269385
1.06113
-1.07323
0.0302763
0.398811
-0.429088
-0.0552259
0.0610242
1.16573
-1.17153
-0.0572453
0.0518452
1.22448
-1.21908
-0.0452996
0.0378287
1.22047
-1.213
-0.0305823
0.0234292
1.21797
-1.21082
-0.0157737
0.0081729
1.21905
-1.21145
-0.000104806
-0.00781042
1.22354
-1.21562
0.0162154
-0.0252179
1.2321
-1.2231
0.0335221
-0.0420674
1.24175
-1.2332
0.0456793
-0.0338647
1.08574
-1.09755
0.0447744
0.466695
-0.511469
-0.0700885
0.0727843
1.17568
-1.17837
-0.0670687
0.0583853
1.21286
-1.20418
-0.0502675
0.0419039
1.20549
-1.19713
-0.0333628
0.0251356
1.20209
-1.19386
-0.0172003
0.00826502
1.20237
-1.19343
-0.000120872
-0.0096962
1.20675
-1.19694
0.0182018
-0.0272673
1.21325
-1.20418
0.0368754
-0.0463307
1.22384
-1.21439
0.0521592
-0.0408116
1.10929
-1.12063
0.0584183
0.56391
-0.622328
-0.0816511
0.0799828
1.17969
-1.17802
-0.0717425
0.0612839
1.19572
-1.18526
-0.0518945
0.0427479
1.1878
-1.17865
-0.0343454
0.0253226
1.18452
-1.1755
-0.0173098
0.00837406
1.18463
-1.17569
0.000361386
-0.0095531
1.18769
-1.1785
0.0181644
-0.0281453
1.19432
-1.18434
0.0382924
-0.0480871
1.20422
-1.19442
0.055271
-0.0469178
1.13066
-1.13901
0.0683519
0.686994
-0.755346
-0.085215
0.0793955
1.17462
-1.1688
-0.069545
0.0603093
1.17572
-1.16648
-0.0516875
0.0425624
1.16988
-1.16075
-0.0344239
0.0253739
1.16684
-1.15779
-0.0171021
0.00788298
1.16691
-1.15769
0.00102745
-0.00952231
1.16889
-1.1604
0.018183
-0.0272008
1.17431
-1.16529
0.036271
-0.0458239
1.18304
-1.17349
0.0549988
-0.0508098
1.14647
-1.15066
0.0755785
0.827536
-0.903114
-0.0838846
0.0775413
1.16234
-1.156
-0.069291
0.0609317
1.15807
-1.14971
-0.0522193
0.042531
1.15252
-1.14283
-0.0338964
0.0247011
1.14879
-1.13959
-0.016517
0.00760049
1.14847
-1.13955
0.000302761
-0.00932318
1.15069
-1.14167
0.0183343
-0.0278992
1.15583
-1.14626
0.0366686
-0.0465876
1.16469
-1.15477
0.0531806
-0.0532051
1.1527
-1.15268
0.0830034
0.98288
-1.06588
-0.0823813
0.0679161
1.15011
-1.13565
-0.0553624
0.0446864
1.13914
-1.12846
-0.0360647
0.0295468
1.1339
-1.12738
-0.024558
0.019818
1.132
-1.12726
-0.0154125
0.0106118
1.13251
-1.12771
-0.00557073
0.000341344
1.13335
-1.12812
0.00574346
-0.0132459
1.13635
-1.12885
0.0222014
-0.0339865
1.14431
-1.13253
0.0471237
-0.0570453
1.15184
-1.14192
-0.257031
0.223683
-0.375226
0.377128
-0.439835
0.447989
-0.515048
0.522865
-0.608907
0.615854
-0.724475
0.729788
-0.866148
0.869801
-1.0376
1.04005
-1.24408
1.24596
-1.49264
1.49434
-1.49276
1.49469
-1.24465
1.24692
-1.03848
1.0417
-0.867441
0.872282
-0.726932
0.733676
-0.61283
0.621025
-0.520994
0.529599
-0.44659
0.454392
-0.364763
0.353833
-0.127373
0.0881985
0.0315232
-0.194855
0.172957
0.0155279
-0.157031
0.145412
0.00909441
-0.136671
0.129844
0.00565071
-0.124422
0.120206
0.00282529
-0.117108
0.114984
0.00107347
-0.113609
0.112744
0.000387584
-0.112202
0.111843
0.000192253
-0.111583
0.111392
2.48323e-05
-0.11127
0.111219
-0.000142759
-0.111231
0.111309
-0.000301886
-0.111447
0.111641
-0.000429347
-0.11188
0.112166
-0.000554945
-0.112493
0.112866
-0.000709953
-0.113291
0.11377
-0.000904427
-0.114314
0.114925
-0.00115711
-0.115621
0.116403
-0.00148814
-0.1173
0.118305
-0.00192957
-0.119477
0.120777
-0.00256115
-0.122316
0.124034
-0.00350984
-0.126053
0.128391
-0.0049635
-0.131048
0.134333
-0.00727054
-0.137889
0.142667
-0.0113414
-0.147568
0.154929
-0.0197006
-0.162017
0.174459
-0.0116059
-0.187389
0.195707
0.00325255
-0.207836
0.208035
0.00643013
-0.213909
0.211079
0.00692234
-0.213573
0.210046
0.00616008
-0.21128
0.20792
0.00532944
-0.208961
0.205946
0.00428508
-0.207017
0.204508
0.00330123
-0.205692
0.203781
0.00264246
-0.205111
0.203644
0.00183385
-0.205189
0.204198
0.00132576
-0.205877
0.205234
0.000884513
-0.207053
0.206697
0.000596806
-0.208532
0.208366
0.000187308
-0.210321
0.210362
-8.51477e-06
-0.21224
0.212356
-0.000256435
-0.214161
0.214494
-0.000293278
-0.216264
0.21659
-0.000375233
-0.218167
0.218624
-0.000466547
-0.220059
0.220569
-0.000144495
-0.222043
0.222214
-0.000362429
-0.223538
0.223902
-0.000272115
-0.225154
0.225423
-0.000312642
-0.226685
0.227076
-0.000373161
-0.228751
0.229555
-0.000686664
-0.231618
0.28484
0.490377
0.635507
0.76865
0.913873
1.07653
1.25268
1.44042
1.62896
1.46722
1.05252
0.744696
0.506984
0.364734
0.43059
0.606779
0.43205
0.24044
-0.110128
-0.129518
-0.165501
-0.178611
-0.185779
-0.193593
-0.203129
-0.213429
-0.224019
-0.233998
-0.229338
-0.213756
-0.198823
-0.18221
-0.246266
-0.505646
-0.654756
-0.679944
-0.687079
-0.326973
0.895142
-0.310662
0.897854
-0.298164
0.909801
-0.28393
0.893967
-0.232818
0.653486
0.688242
-0.0960009
-0.0666308
-1.15249e-05
-0.371112
4.29002e-05
-0.000101458
-0.676961
0.000174977
-0.000273523
-0.905152
0.000373728
-0.000489843
-1.10136
0.000598724
-0.000722062
-1.32264
0.000840179
-0.000975542
-1.58739
0.00110417
-0.00124853
-1.90541
0.00138136
-0.00152394
-2.28682
0.00164709
-0.00176758
-2.74488
0.00185697
-0.00192159
-2.74582
0.00193929
-0.00191059
-2.28861
0.00183493
-0.00173844
-1.90768
0.00161267
-0.00148673
-1.59005
0.00134299
-0.00121044
-1.32512
0.00106726
-0.00094034
-1.10456
0.000807212
-0.000691725
-0.916719
0.000572264
-0.000468823
-0.731334
0.000360821
-0.000266487
-0.485385
0.000171795
-9.99274e-05
-0.00109401
-0.00062024
-0.000380428
-0.000557768
-0.000656255
-0.00102206
-0.000695643
-0.000630476
-0.000406452
8.7491e-05
0.00047791
0.00107255
0.00161297
0.00239303
0.00306716
0.00374165
0.00401183
0.00422172
0.00411166
0.0037855
0.00402389
0.00415691
0.00554499
0.00775208
0.0148192
)
;

boundaryField
{
    wall-4
    {
        type            calculated;
        value           uniform 0;
    }
    pressure-outlet-7
    {
        type            calculated;
        value           nonuniform List<scalar> 
40
(
0.191638
0.484144
0.729759
0.91499
1.10261
1.32293
1.58773
1.90546
2.28693
2.74538
2.74614
2.28902
1.90794
1.58989
1.32492
1.10338
0.906975
0.678564
0.372136
0.192125
0.0666563
0.371219
0.677139
0.90536
1.10158
1.32288
1.58765
1.90566
2.28703
2.745
2.74576
2.28844
1.90746
1.58981
1.32489
1.10436
0.916535
0.731165
0.485256
0.0668131
)
;
    }
    velocity-inlet-6
    {
        type            calculated;
        value           nonuniform List<scalar> 
20
(
-1.12529
-1.12529
-1.12529
-1.12529
-1.12529
-1.12529
-1.12529
-1.12529
-1.12529
-1.12529
-1.12529
-1.12529
-1.12529
-1.12529
-1.12529
-1.12529
-1.12529
-1.12529
-1.12529
-1.12529
)
;
    }
    velocity-inlet-5
    {
        type            calculated;
        value           nonuniform List<scalar> 
40
(
-0.289011
-0.346776
-0.416168
-0.499439
-0.599215
-0.719057
-0.862907
-1.03564
-1.24269
-1.49119
-1.49119
-1.2425
-1.03545
-0.862907
-0.719057
-0.599402
-0.499252
-0.416168
-0.346776
-0.289011
-0.289011
-0.346776
-0.416168
-0.499252
-0.599402
-0.719057
-0.862907
-1.03545
-1.2425
-1.49119
-1.49119
-1.24269
-1.03564
-0.862907
-0.719057
-0.599215
-0.499439
-0.416168
-0.346776
-0.289011
)
;
    }
    frontAndBackPlanes
    {
        type            empty;
        value           nonuniform List<scalar> 0();
    }
}


// ************************************************************************* //
