/*--------------------------------*- C++ -*----------------------------------*\
| =========                 |                                                 |
| \\      /  F ield         | OpenFOAM: The Open Source CFD Toolbox           |
|  \\    /   O peration     | Version:  v2012                                 |
|   \\  /    A nd           | Website:  www.openfoam.com                      |
|    \\/     M anipulation  |                                                 |
\*---------------------------------------------------------------------------*/
FoamFile
{
    version     2.0;
    format      ascii;
    class       volVectorField;
    location    "36";
    object      U;
}
// * * * * * * * * * * * * * * * * * * * * * * * * * * * * * * * * * * * * * //

dimensions      [0 1 -1 0 0 0 0];


internalField   nonuniform List<vector> 
8800
(
(0.984963 -0.0884524 0)
(1.00213 -0.0568235 0)
(0.999676 -0.0305561 0)
(1.00002 -0.015859 0)
(1.00006 -0.00871179 0)
(1.00004 -0.00507215 0)
(1.00001 -0.0029958 0)
(0.999984 -0.00170608 0)
(0.999971 -0.000814303 0)
(1.00006 -0.000119773 0)
(0.999978 0.000586337 0)
(0.999996 0.00134286 0)
(1.00001 0.00237973 0)
(1.00002 0.00398577 0)
(1.00003 0.00669815 0)
(1.00001 0.0117271 0)
(0.999865 0.0220466 0)
(0.999181 0.0411673 0)
(1.00747 0.0768955 0)
(0.773651 0.0450708 0)
(0.360992 -0.0151727 0)
(1.04555 -0.0742091 0)
(1.08711 -0.0679034 0)
(1.04777 -0.052316 0)
(1.02458 -0.0384121 0)
(1.01235 -0.0261318 0)
(1.00644 -0.0167948 0)
(1.00357 -0.0103037 0)
(1.00215 -0.00567321 0)
(1.00149 -0.00207359 0)
(1.00137 0.00114003 0)
(1.00173 0.00445965 0)
(1.0027 0.00837551 0)
(1.0047 0.0137313 0)
(1.00879 0.0214738 0)
(1.01734 0.0323008 0)
(1.03446 0.0456491 0)
(1.0655 0.0597683 0)
(1.09409 0.0729299 0)
(0.842247 0.0557085 0)
(0.217039 -0.0016474 0)
(1.07584 -0.0503763 0)
(1.09983 -0.0487495 0)
(1.06464 -0.040207 0)
(1.03993 -0.0330477 0)
(1.02371 -0.0257556 0)
(1.01395 -0.0183976 0)
(1.00847 -0.0116961 0)
(1.00563 -0.00590641 0)
(1.00447 -0.000599521 0)
(1.0048 0.00452717 0)
(1.00665 0.00985111 0)
(1.01057 0.0159129 0)
(1.01786 0.0228483 0)
(1.03051 0.0301306 0)
(1.05066 0.0371435 0)
(1.08039 0.0444931 0)
(1.10624 0.051722 0)
(0.942918 0.0413113 0)
(0.216533 0.00166504 0)
(0.175841 -0.000646541 0)
(1.0186 -0.0354409 0)
(1.10555 -0.0414693 0)
(1.07808 -0.036316 0)
(1.05278 -0.0302973 0)
(1.03549 -0.0245862 0)
(1.02349 -0.0188959 0)
(1.01558 -0.012909 0)
(1.01094 -0.00679611 0)
(1.00891 -0.000545725 0)
(1.00947 0.00563001 0)
(1.01259 0.0115806 0)
(1.01861 0.0174082 0)
(1.02834 0.02301 0)
(1.0427 0.0284655 0)
(1.06342 0.034144 0)
(1.09385 0.0401281 0)
(1.09424 0.0417849 0)
(0.829044 0.0227472 0)
(0.174983 0.000665037 0)
(0.154263 -0.000488405 0)
(0.95715 -0.0255906 0)
(1.10402 -0.0351568 0)
(1.08787 -0.0327332 0)
(1.06129 -0.0281964 0)
(1.04339 -0.0232299 0)
(1.031 -0.0180217 0)
(1.02233 -0.012559 0)
(1.01672 -0.00669242 0)
(1.01406 -0.000260415 0)
(1.01474 0.00619468 0)
(1.01861 0.012068 0)
(1.02549 0.0173864 0)
(1.03569 0.0223886 0)
(1.05041 0.0272407 0)
(1.0721 0.0317458 0)
(1.10082 0.0356489 0)
(1.06936 0.0338369 0)
(0.741681 0.0143094 0)
(0.152977 0.000509146 0)
(0.139704 -0.000359653 0)
(0.900082 -0.0192466 0)
(1.09631 -0.0302181 0)
(1.09593 -0.0293608 0)
(1.06887 -0.025628 0)
(1.05015 -0.0215693 0)
(1.03723 -0.0169228 0)
(1.02824 -0.0117463 0)
(1.02228 -0.00610048 0)
(1.0193 0.00019124 0)
(1.01998 0.00652307 0)
(1.02406 0.0121477 0)
(1.03114 0.0171252 0)
(1.04166 0.0216372 0)
(1.057 0.0256492 0)
(1.07961 0.0291786 0)
(1.10318 0.031887 0)
(1.03767 0.0279237 0)
(0.675358 0.0101731 0)
(0.137895 0.000384015 0)
(0.129023 -0.000275369 0)
(0.850215 -0.0148701 0)
(1.08383 -0.0261176 0)
(1.10152 -0.0264781 0)
(1.07562 -0.0232017 0)
(1.05636 -0.0196177 0)
(1.043 -0.0155099 0)
(1.03365 -0.0107201 0)
(1.02744 -0.00530963 0)
(1.02428 0.000758636 0)
(1.02486 0.00683612 0)
(1.02896 0.0121671 0)
(1.03619 0.0167394 0)
(1.04703 0.020658 0)
(1.06279 0.0240433 0)
(1.08585 0.0270987 0)
(1.10251 0.0289433 0)
(1.00325 0.0233242 0)
(0.623887 0.0077663 0)
(0.126578 0.000304673 0)
(0.12087 -0.000212789 0)
(0.807767 -0.01169 0)
(1.06839 -0.0225084 0)
(1.10492 -0.0238513 0)
(1.08173 -0.0210302 0)
(1.06204 -0.0176875 0)
(1.04842 -0.0138914 0)
(1.0388 -0.00946264 0)
(1.03232 -0.00436311 0)
(1.02895 0.0014419 0)
(1.02941 0.00722946 0)
(1.03349 0.0121891 0)
(1.04082 0.0162834 0)
(1.05179 0.0197128 0)
(1.0678 0.0227072 0)
(1.09124 0.0254686 0)
(1.09902 0.0264343 0)
(0.96863 0.0196646 0)
(0.582809 0.00618109 0)
(0.117655 0.00024815 0)
(0.11455 -0.00016481 0)
(0.772019 -0.009298 0)
(1.05142 -0.019313 0)
(1.10712 -0.0214026 0)
(1.08744 -0.0189701 0)
(1.06733 -0.0158025 0)
(1.05345 -0.0122004 0)
(1.04365 -0.00801949 0)
(1.03695 -0.00321453 0)
(1.03334 0.00227262 0)
(1.03363 0.00769901 0)
(1.03764 0.0122358 0)
(1.04495 0.0158955 0)
(1.05596 0.0189456 0)
(1.07223 0.0216243 0)
(1.09543 0.0240733 0)
(1.09286 0.0242665 0)
(0.93521 0.0167753 0)
(0.549174 0.00507313 0)
(0.110398 0.000207617 0)
(0.109624 -0.000126542 0)
(0.742078 -0.00742686 0)
(1.03399 -0.0164521 0)
(1.10832 -0.0190798 0)
(1.0928 -0.0170014 0)
(1.07239 -0.0139772 0)
(1.05824 -0.0104976 0)
(1.04827 -0.00647362 0)
(1.04139 -0.00189466 0)
(1.03753 0.0032729 0)
(1.0376 0.00830661 0)
(1.04144 0.0124376 0)
(1.04864 0.0157329 0)
(1.05967 0.0184546 0)
(1.07618 0.0208182 0)
(1.09839 0.0229007 0)
(1.08443 0.0223758 0)
(0.903655 0.0145008 0)
(0.520998 0.00427289 0)
(0.104334 0.000178523 0)
(0.10581 -9.47398e-05 0)
(0.717174 -0.0059008 0)
(1.017 -0.0138476 0)
(1.10863 -0.016781 0)
(1.09796 -0.0150091 0)
(1.07729 -0.012051 0)
(1.06286 -0.00866788 0)
(1.05268 -0.00478297 0)
(1.04558 -0.000396969 0)
(1.04146 0.0044759 0)
(1.04123 0.00912744 0)
(1.04485 0.0128527 0)
(1.05191 0.0157598 0)
(1.06297 0.0181278 0)
(1.0797 0.0201847 0)
(1.10007 0.0219065 0)
(1.0742 0.0207149 0)
(0.874205 0.0127088 0)
(0.496909 0.00368527 0)
(0.0991343 0.000157993 0)
(0.102922 -6.73259e-05 0)
(0.696712 -0.00460266 0)
(1.00108 -0.0114358 0)
(1.10823 -0.0144989 0)
(1.1029 -0.0129686 0)
(1.08209 -0.0100385 0)
(1.06733 -0.0067073 0)
(1.0569 -0.00291505 0)
(1.04954 0.0013166 0)
(1.0451 0.00592297 0)
(1.04451 0.0102042 0)
(1.04784 0.0135257 0)
(1.05473 0.0160396 0)
(1.06579 0.0180437 0)
(1.08273 0.0198068 0)
(1.10082 0.0211434 0)
(1.06255 0.019315 0)
(0.846827 0.0113133 0)
(0.475906 0.00325797 0)
(0.0945541 0.000145154 0)
(0.100848 -4.18978e-05 0)
(0.680283 -0.00343755 0)
(0.986734 -0.00912433 0)
(1.10728 -0.0121169 0)
(1.1075 -0.0107828 0)
(1.08683 -0.00788378 0)
(1.07173 -0.00454196 0)
(1.06099 -0.000783699 0)
(1.05327 0.00331889 0)
(1.0484 0.00768209 0)
(1.04739 0.0116036 0)
(1.05039 0.0145001 0)
(1.0571 0.0166101 0)
(1.06815 0.0182414 0)
(1.08524 0.0196636 0)
(1.10056 0.0205632 0)
(1.04975 0.0181236 0)
(0.821376 0.0102198 0)
(0.457255 0.00294514 0)
(0.0904104 0.000137407 0)
(0.0995339 -1.63743e-05 0)
(0.667648 -0.00233679 0)
(0.974406 -0.00684622 0)
(1.10612 -0.0095521 0)
(1.11188 -0.00831299 0)
(1.0916 -0.00540989 0)
(1.07616 -0.00203506 0)
(1.06506 0.00169402 0)
(1.05693 0.00568878 0)
(1.05155 0.00983168 0)
(1.05 0.0133776 0)
(1.05258 0.0158107 0)
(1.05903 0.0174436 0)
(1.07002 0.0186345 0)
(1.0871 0.019689 0)
(1.09926 0.0201761 0)
(1.03605 0.0171261 0)
(0.797656 0.00937434 0)
(0.440399 0.00272401 0)
(0.0865609 0.000134267 0)
(0.0989717 1.32938e-05 0)
(0.658748 -0.00124949 0)
(0.964479 -0.0045234 0)
(1.10514 -0.00677016 0)
(1.11623 -0.00555345 0)
(1.09643 -0.00263401 0)
(1.08058 0.00079279 0)
(1.0691 0.00455809 0)
(1.06052 0.00852434 0)
(1.05452 0.0124594 0)
(1.0523 0.015605 0)
(1.05432 0.0175716 0)
(1.0604 0.0187266 0)
(1.07132 0.0194541 0)
(1.08839 0.0200734 0)
(1.09683 0.0200183 0)
(1.02165 0.0163779 0)
(0.775429 0.0087592 0)
(0.424888 0.00258731 0)
(0.0828877 0.00013567 0)
(0.0991808 4.15613e-05 0)
(0.653579 -0.000125943 0)
(0.957237 -0.00209942 0)
(1.10457 -0.00373578 0)
(1.12054 -0.00250196 0)
(1.10131 0.000463591 0)
(1.08506 0.00404038 0)
(1.07308 0.00791119 0)
(1.06386 0.0118868 0)
(1.05707 0.0156701 0)
(1.05404 0.0184475 0)
(1.05542 0.0198945 0)
(1.06111 0.0204727 0)
(1.07189 0.0206699 0)
(1.08876 0.0208209 0)
(1.09313 0.0201702 0)
(1.00654 0.0158694 0)
(0.754403 0.0083527 0)
(0.410297 0.00252328 0)
(0.0792723 0.000140749 0)
(0.100252 7.68935e-05 0)
(0.652307 0.0010868 0)
(0.95303 0.00045653 0)
(1.10478 -0.000331193 0)
(1.12499 0.00108462 0)
(1.10643 0.00417785 0)
(1.08979 0.00795246 0)
(1.07726 0.0119819 0)
(1.06728 0.016003 0)
(1.05953 0.0196205 0)
(1.05551 0.0219581 0)
(1.05608 0.0228196 0)
(1.06121 0.0227897 0)
(1.07174 0.0223962 0)
(1.08808 0.0219075 0)
(1.088 0.0205743 0)
(0.9908 0.0156272 0)
(0.734279 0.0081616 0)
(0.396254 0.00252915 0)
(0.0756213 0.000148065 0)
(0.102304 0.000110576 0)
(0.654864 0.00230866 0)
(0.952266 0.00321539 0)
(1.10636 0.0033729 0)
(1.12989 0.00512897 0)
(1.11186 0.00847977 0)
(1.09477 0.012499 0)
(1.08157 0.0167467 0)
(1.07072 0.0209144 0)
(1.06184 0.0244622 0)
(1.05654 0.026407 0)
(1.05606 0.0266684 0)
(1.0605 0.0259235 0)
(1.07068 0.0248375 0)
(1.08629 0.0236471 0)
(1.08139 0.021507 0)
(0.9743 0.0158271 0)
(0.714581 0.00826046 0)
(0.382317 0.00262552 0)
(0.0718508 0.00015706 0)
(0.105492 0.00016557 0)
(0.661975 0.00372305 0)
(0.955062 0.00608362 0)
(1.10953 0.00743047 0)
(1.13535 0.00964691 0)
(1.11769 0.0133841 0)
(1.10006 0.0178299 0)
(1.08606 0.022501 0)
(1.07407 0.0269394 0)
(1.06369 0.0304185 0)
(1.0569 0.0318937 0)
(1.05524 0.0314652 0)
(1.05879 0.0299713 0)
(1.06846 0.0281554 0)
(1.08316 0.0262265 0)
(1.07311 0.023117 0)
(0.956715 0.0166174 0)
(0.694667 0.0087564 0)
(0.367859 0.00284703 0)
(0.0678429 0.000169264 0)
(0.11002 0.0002316 0)
(0.673697 0.00529486 0)
(0.961798 0.00927356 0)
(1.11476 0.011976 0)
(1.14169 0.0148384 0)
(1.12432 0.0191811 0)
(1.10612 0.0242736 0)
(1.09115 0.0295191 0)
(1.07778 0.034304 0)
(1.06562 0.0377447 0)
(1.05696 0.0386975 0)
(1.05378 0.0374837 0)
(1.05619 0.0351605 0)
(1.06519 0.0325604 0)
(1.07853 0.0298191 0)
(1.06295 0.0256178 0)
(0.937757 0.018227 0)
(0.673627 0.00976507 0)
(0.352041 0.00322226 0)
(0.0634273 0.000187861 0)
(0.116116 0.000316105 0)
(0.69036 0.00715944 0)
(0.973235 0.0129986 0)
(1.12272 0.0172288 0)
(1.14943 0.0210621 0)
(1.13204 0.0263377 0)
(1.11298 0.0322678 0)
(1.09662 0.0381931 0)
(1.08141 0.0433691 0)
(1.06702 0.0467347 0)
(1.05616 0.0470383 0)
(1.05127 0.0448688 0)
(1.05248 0.0415735 0)
(1.06067 0.0381455 0)
(1.07227 0.0345769 0)
(1.05086 0.0292403 0)
(0.916882 0.02077 0)
(0.650305 0.0112817 0)
(0.333967 0.00373956 0)
(0.0584017 0.000213265 0)
(0.12421 0.000434607 0)
(0.71264 0.00960841 0)
(0.989703 0.0175665 0)
(1.13409 0.023504 0)
(1.15931 0.0286048 0)
(1.14127 0.0351403 0)
(1.12096 0.0421084 0)
(1.10279 0.048879 0)
(1.0853 0.054528 0)
(1.06819 0.0577444 0)
(1.0547 0.0572465 0)
(1.04778 0.0539587 0)
(1.0476 0.0495611 0)
(1.05493 0.0451381 0)
(1.06442 0.0407352 0)
(1.0365 0.0341323 0)
(0.893221 0.0242298 0)
(0.623508 0.0132388 0)
(0.312873 0.00436624 0)
(0.0526014 0.000244002 0)
(0.135024 0.000611448 0)
(0.741716 0.0130442 0)
(1.01204 0.0235565 0)
(1.14945 0.031418 0)
(1.17188 0.0380047 0)
(1.15237 0.0460854 0)
(1.13024 0.0543583 0)
(1.10968 0.0621468 0)
(1.08924 0.0682703 0)
(1.06881 0.0711903 0)
(1.05227 0.069678 0)
(1.04305 0.065107 0)
(1.04131 0.0593913 0)
(1.0477 0.053816 0)
(1.05479 0.0483945 0)
(1.01925 0.0402103 0)
(0.865808 0.0284923 0)
(0.592159 0.0155153 0)
(0.288231 0.00504609 0)
(0.0459391 0.000274468 0)
(0.149781 0.000893836 0)
(0.779448 0.0181309 0)
(1.0419 0.0318391 0)
(1.16954 0.0420964 0)
(1.18765 0.0507456 0)
(1.16571 0.0605047 0)
(1.14102 0.0702904 0)
(1.11726 0.0790176 0)
(1.09309 0.0853021 0)
(1.0687 0.0874866 0)
(1.04871 0.084532 0)
(1.03694 0.0783564 0)
(1.03343 0.0711798 0)
(1.03871 0.0642264 0)
(1.04291 0.0573545 0)
(0.998325 0.047504 0)
(0.833608 0.0335472 0)
(0.555341 0.0180297 0)
(0.259777 0.00574066 0)
(0.038439 0.000300429 0)
(0.170648 0.00138684 0)
(0.829052 0.0260252 0)
(1.08205 0.0439975 0)
(1.19543 0.0574646 0)
(1.2072 0.0687857 0)
(1.18147 0.0804737 0)
(1.15311 0.091564 0)
(1.12507 0.100686 0)
(1.09636 0.10638 0)
(1.06742 0.107007 0)
(1.0436 0.101847 0)
(1.02916 0.0935278 0)
(1.02385 0.084622 0)
(1.02763 0.076259 0)
(1.0282 0.0678915 0)
(0.973065 0.0561115 0)
(0.795342 0.0393022 0)
(0.512466 0.0207148 0)
(0.227565 0.00641074 0)
(0.030239 0.000316281 0)
(0.201041 0.00249396 0)
(0.896448 0.0394822 0)
(1.13532 0.0638077 0)
(1.22775 0.0807419 0)
(1.23071 0.0951453 0)
(1.19914 0.108327 0)
(1.16563 0.119757 0)
(1.1322 0.128132 0)
(1.09824 0.132089 0)
(1.06431 0.130094 0)
(1.03645 0.121949 0)
(1.01931 0.111 0)
(1.01233 0.100005 0)
(1.01459 0.0901758 0)
(1.01057 0.0804523 0)
(0.942364 0.0662151 0)
(0.749572 0.0454916 0)
(0.463799 0.0235666 0)
(0.192483 0.00706433 0)
(0.0217434 0.000316165 0)
(0.242571 0.00875043 1.2136e-19)
(0.985535 0.0664853 1.07842e-19)
(1.19942 0.0975176 -3.74733e-20)
(1.26448 0.11572 0)
(1.25569 0.133117 -9.21826e-34)
(1.21675 0.145937 1.33784e-20)
(1.17704 0.15597 -2.34751e-20)
(1.13759 0.16226 0)
(1.0979 0.163561 4.68012e-34)
(1.05859 0.158425 -2.77346e-20)
(1.02632 0.147215 0)
(1.00608 0.133743 -3.22868e-20)
(0.997176 0.120797 -9.47538e-20)
(0.997938 0.109616 -4.45873e-20)
(0.988127 0.0985063 -1.33435e-20)
(0.901567 0.0803785 -7.89039e-21)
(0.691689 0.054267 0)
(0.406454 0.0278154 5.5122e-21)
(0.155196 0.00873295 6.48958e-21)
(0.0137823 0.000583503 1.1505e-19)
(0.270619 0.0241973 9.76281e-20)
(1.05839 0.10889 1.0197e-21)
(1.25137 0.145808 1.03711e-20)
(1.29833 0.164344 0)
(1.27804 0.180996 -4.80906e-20)
(1.23201 0.191852 -5.39085e-20)
(1.18604 0.199733 -2.40429e-20)
(1.14047 0.203818 -8.36613e-20)
(1.09474 0.202793 0)
(1.04947 0.195253 1.18847e-19)
(1.01184 0.181948 1.16774e-19)
(0.987373 0.166891 3.4499e-20)
(0.975163 0.152455 1.24553e-19)
(0.97111 0.138624 1.73726e-19)
(0.948876 0.122483 0)
(0.844214 0.0990217 2.43556e-19)
(0.624771 0.0665655 3.48897e-19)
(0.349265 0.034628 3.865e-19)
(0.123059 0.0113929 -4.4003e-19)
(0.00752027 0.000693734 -8.14465e-21)
(0.270644 0.0397539 0)
(1.1032 0.164177 1.92416e-20)
(1.28623 0.205289 0)
(1.32443 0.223576 -6.79597e-20)
(1.29566 0.236417 0)
(1.24364 0.243438 -1.08302e-19)
(1.19196 0.247854 4.96892e-20)
(1.14077 0.248809 -1.70698e-19)
(1.08948 0.244914 -3.13584e-21)
(1.03874 0.234691 6.20159e-20)
(0.996116 0.219066 2.56586e-19)
(0.967247 0.202096 -6.09638e-22)
(0.950303 0.185568 -9.05351e-20)
(0.939009 0.168729 -1.64066e-19)
(0.90741 0.14878 1.93994e-19)
(0.800525 0.12103 -3.42501e-19)
(0.589422 0.083091 -4.49766e-20)
(0.330068 0.0449467 0)
(0.11937 0.015872 1.78736e-23)
(0.0076207 0.00107313 0)
(0.263472 0.0532079 2.95027e-19)
(1.12587 0.222573 -1.38792e-19)
(1.3072 0.269562 -9.86325e-20)
(1.34105 0.287585 3.34359e-20)
(1.30686 0.296081 -5.56993e-20)
(1.25058 0.298669 2.28412e-19)
(1.19444 0.299042 1.04462e-19)
(1.13854 0.296364 0)
(1.08243 0.289087 -3.16087e-19)
(1.02665 0.27554 0)
(0.97927 0.256772 -1.35412e-19)
(0.945864 0.236983 -1.65181e-19)
(0.923706 0.217802 -9.87084e-20)
(0.905855 0.198373 -1.19221e-19)
(0.869792 0.176349 0)
(0.769096 0.146337 0)
(0.573352 0.104276 -2.94714e-19)
(0.332416 0.0598436 5.79594e-20)
(0.12853 0.023078 -3.40514e-20)
(0.0107175 0.00204433 -3.92056e-20)
(0.255573 0.0651656 -1.52218e-19)
(1.13444 0.280829 0)
(1.31788 0.334705 2.19878e-19)
(1.34928 0.352972 9.84889e-20)
(1.31167 0.357357 1.25831e-19)
(1.25264 0.3556 0)
(1.19324 0.35194 1.04377e-19)
(1.13358 0.345478 1.90677e-19)
(1.07333 0.334483 1.63354e-19)
(1.01298 0.317003 2.9193e-19)
(0.961119 0.294392 0)
(0.923384 0.27131 -3.56598e-19)
(0.896577 0.249469 -2.13459e-19)
(0.873968 0.228307 -1.25741e-19)
(0.836561 0.205372 7.67812e-19)
(0.744326 0.174323 9.12944e-20)
(0.565184 0.128345 4.28078e-19)
(0.34083 0.0775512 -2.01195e-18)
(0.141758 0.0325211 1.19661e-18)
(0.0150476 0.00364539 -1.42036e-18)
(0.248393 0.075998 -1.15741e-19)
(1.13436 0.337087 2.93618e-20)
(1.32095 0.398922 -2.81667e-20)
(1.35075 0.417929 -1.14012e-19)
(1.31106 0.418647 -1.1463e-19)
(1.25034 0.41287 3.49858e-21)
(1.18855 0.405387 -1.12795e-19)
(1.12586 0.395171 1.98706e-19)
(1.06206 0.38029 -3.51436e-19)
(0.997568 0.358559 0)
(0.941623 0.331823 -1.62425e-19)
(0.900089 0.305437 -3.21887e-21)
(0.869548 0.281332 -2.32976e-19)
(0.843764 0.259042 0)
(0.806428 0.235499 -1.66106e-19)
(0.722702 0.203314 -3.94827e-19)
(0.558919 0.153882 1.05227e-18)
(0.349406 0.0967116 -1.03092e-18)
(0.153987 0.0431472 1.46497e-18)
(0.0191412 0.00559812 -1.49918e-18)
(0.242649 0.086096 -7.9664e-22)
(1.12918 0.390752 -2.3036e-20)
(1.31871 0.461289 -1.00303e-19)
(1.34709 0.481258 5.21808e-20)
(1.30611 0.478904 -5.88808e-20)
(1.24443 0.469558 0)
(1.18085 0.458514 -1.08478e-19)
(1.11566 0.444651 -2.08934e-19)
(1.04872 0.425859 -1.83606e-19)
(0.980527 0.399807 0)
(0.920916 0.368964 -1.69251e-19)
(0.876259 0.339441 -2.07201e-19)
(0.843016 0.313341 2.52156e-19)
(0.815357 0.290053 -1.52221e-19)
(0.778701 0.266088 -7.22624e-19)
(0.700935 0.232705 4.31198e-19)
(0.550988 0.179966 1.28806e-19)
(0.353943 0.116104 0)
(0.162355 0.0538366 -1.41273e-18)
(0.02221 0.00759294 -5.09851e-20)
(0.238349 0.0957928 -1.04854e-20)
(1.12118 0.441659 1.93429e-20)
(1.3129 0.521764 5.10895e-20)
(1.3397 0.542244 1.76816e-19)
(1.29784 0.537421 -2.29091e-19)
(1.23566 0.524981 2.36749e-19)
(1.17072 0.510672 2.32993e-19)
(1.1034 0.493328 -3.33926e-19)
(1.03366 0.470715 1.10562e-19)
(0.962121 0.440429 -7.17359e-19)
(0.89926 0.405596 -1.89901e-19)
(0.852036 0.373049 0)
(0.816882 0.344983 2.72694e-19)
(0.788096 0.320502 3.24977e-19)
(0.752266 0.295664 3.87834e-19)
(0.679475 0.260548 -4.66507e-19)
(0.540303 0.204807 -1.37577e-19)
(0.353214 0.134235 1.61502e-19)
(0.165567 0.0633665 0)
(0.0238626 0.00928901 -1.10274e-19)
(0.235301 0.105234 6.91645e-20)
(1.11189 0.489956 -6.05884e-20)
(1.30464 0.579577 -5.12603e-20)
(1.32969 0.60055 1.15462e-19)
(1.28713 0.593736 -1.10344e-19)
(1.22471 0.57863 -8.04261e-21)
(1.15869 0.56138 -2.52933e-19)
(1.08952 0.54078 -1.20365e-19)
(1.01726 0.514522 -3.17994e-19)
(0.942678 0.480185 5.06169e-22)
(0.876891 0.441486 -5.95832e-19)
(0.827523 0.405943 4.95386e-19)
(0.790965 0.375801 -2.97952e-19)
(0.761482 0.349888 3.56146e-19)
(0.726347 0.323791 0)
(0.65739 0.286777 -2.51738e-19)
(0.526718 0.227526 -1.36847e-21)
(0.347356 0.150013 -7.00412e-19)
(0.164031 0.0708926 -1.02447e-19)
(0.0241796 0.0104899 0)
(0.233332 0.114527 0)
(1.10213 0.535873 -5.80494e-20)
(1.29469 0.634353 -8.70975e-20)
(1.31791 0.656049 -1.1397e-19)
(1.2747 0.647564 -1.30514e-19)
(1.21217 0.630175 0)
(1.14527 0.610298 -1.19545e-19)
(1.07447 0.586707 -2.30031e-21)
(0.999906 0.557063 6.80389e-19)
(0.922516 0.518911 -9.89472e-20)
(0.854027 0.47646 -4.29142e-19)
(0.802788 0.437881 2.58432e-19)
(0.765141 0.405461 -4.09681e-21)
(0.735247 0.377889 3.78456e-19)
(0.700722 0.350145 2.32108e-19)
(0.634631 0.31063 -5.42737e-19)
(0.510041 0.247304 6.4242e-19)
(0.336485 0.162626 1.89124e-19)
(0.158359 0.0759167 7.7582e-19)
(0.0231859 0.0110375 -2.04965e-18)
(0.23233 0.123817 8.2846e-22)
(1.09245 0.579544 -1.54968e-20)
(1.28403 0.68627 2.25476e-20)
(1.30496 0.7087 1.05508e-19)
(1.26116 0.698755 0)
(1.19855 0.679405 -1.1857e-19)
(1.13088 0.65721 3.95812e-19)
(1.05862 0.63092 2.6515e-19)
(0.981948 0.59819 0)
(0.901912 0.5565 -1.41512e-18)
(0.830852 0.510414 1.15661e-18)
(0.777854 0.468725 0)
(0.739268 0.433804 3.46027e-19)
(0.709079 0.40424 -4.04117e-21)
(0.675021 0.374476 -7.39968e-19)
(0.61091 0.33194 2.8955e-19)
(0.490442 0.263601 0)
(0.321542 0.17174 1.0189e-18)
(0.14911 0.0785165 0)
(0.0212215 0.0109903 -9.66453e-19)
(0.232097 0.133126 5.54746e-21)
(1.08325 0.621043 -1.19809e-21)
(1.27269 0.735384 2.74326e-20)
(1.29135 0.758506 0)
(1.24697 0.747272 -1.23972e-19)
(1.18426 0.726235 0)
(1.11592 0.701996 -3.98178e-19)
(1.04233 0.673307 -1.26659e-19)
(0.963697 0.637824 1.21262e-19)
(0.881122 0.592902 -6.98988e-19)
(0.807503 0.543325 1.19859e-19)
(0.752736 0.498441 0)
(0.71323 0.460789 -7.38215e-19)
(0.682774 0.428911 4.10827e-21)
(0.648989 0.396717 0)
(0.586023 0.350592 4.25847e-21)
(0.468141 0.276429 9.31155e-19)
(0.30299 0.177145 -8.79394e-19)
(0.137164 0.078705 2.57826e-19)
(0.0186115 0.010435 0)
(0.232264 0.14234 0)
(1.07462 0.660524 1.08012e-20)
(1.26102 0.781864 -1.10125e-20)
(1.27746 0.805496 -4.64845e-21)
(1.23247 0.793132 -5.2236e-20)
(1.16966 0.770637 -2.65848e-19)
(1.1007 0.74461 1.46835e-19)
(1.02589 0.713819 -1.46016e-19)
(0.945424 0.675917 5.36165e-19)
(0.860355 0.628102 -1.11488e-18)
(0.784106 0.575213 -6.93161e-21)
(0.727442 0.527064 -3.25867e-19)
(0.686934 0.486444 1.19441e-18)
(0.656173 0.451942 -4.81206e-21)
(0.622449 0.416899 -5.7155e-19)
(0.559864 0.366514 -1.02013e-18)
(0.443429 0.285783 0)
(0.281481 0.179013 0)
(0.123147 0.0765347 2.78719e-19)
(0.0156249 0.00939422 -1.60651e-19)
(0.232934 0.151576 2.18868e-20)
(1.06651 0.697854 -3.78986e-20)
(1.24929 0.825775 1.10129e-20)
(1.26354 0.849767 0)
(1.21793 0.83639 -3.09379e-21)
(1.15499 0.812626 -2.56631e-19)
(1.08549 0.785051 3.63258e-19)
(1.00956 0.752445 5.83784e-19)
(0.927356 0.712465 6.98689e-19)
(0.839813 0.662114 -9.11232e-19)
(0.760808 0.606147 -9.8809e-19)
(0.702023 0.554707 8.70388e-19)
(0.66034 0.510879 0)
(0.629167 0.473398 -2.59677e-19)
(0.59531 0.435039 -6.17554e-19)
(0.532458 0.379667 -7.31539e-19)
(0.416375 0.291506 -8.67418e-19)
(0.257621 0.177355 2.55772e-19)
(0.107573 0.0720564 -1.49807e-19)
(0.0123171 0.00791328 5.78257e-22)
(0.233696 0.160666 0)
(1.05903 0.733539 0)
(1.23766 0.867232 5.08149e-21)
(1.24975 0.891432 0)
(1.20354 0.877138 1.48502e-19)
(1.14048 0.852261 1.85322e-19)
(1.07049 0.823345 0)
(0.993538 0.789197 7.09421e-20)
(0.90969 0.747469 1.16782e-18)
(0.819689 0.694961 -2.09016e-18)
(0.73777 0.636214 0)
(0.676567 0.581525 -5.58541e-19)
(0.633406 0.534243 -5.84226e-21)
(0.601637 0.493364 -4.74365e-21)
(0.567465 0.4511 6.59056e-19)
(0.503816 0.389895 -7.61811e-22)
(0.387126 0.293476 -1.8651e-18)
(0.231688 0.172109 5.49888e-19)
(0.0913855 0.0657338 1.6178e-19)
(0.00902303 0.00617425 0)
(0.234445 0.169589 -1.22981e-19)
(1.05189 0.767555 -4.70167e-20)
(1.22617 0.906277 -2.45556e-20)
(1.23623 0.930602 -9.25806e-20)
(1.18947 0.915451 2.31851e-19)
(1.12628 0.889608 0)
(1.05585 0.859544 2.25662e-19)
(0.977979 0.824107 -1.56074e-19)
(0.892586 0.780952 7.69e-21)
(0.80016 0.726678 1.52848e-19)
(0.715154 0.665502 1.27529e-18)
(0.651161 0.607691 -1.96012e-19)
(0.606097 0.556752 -7.32547e-19)
(0.573422 0.51195 -3.01386e-19)
(0.538743 0.464966 3.58008e-19)
(0.473967 0.396898 -4.24665e-22)
(0.356457 0.291532 5.0244e-19)
(0.204881 0.163643 -1.18177e-18)
(0.0752799 0.0580167 1.39113e-18)
(0.00589581 0.00430749 1.99723e-19)
(0.235008 0.178218 5.19187e-20)
(1.04508 0.799986 -3.02279e-20)
(1.21491 0.943027 1.20071e-20)
(1.22305 0.967395 -2.52985e-20)
(1.17579 0.951441 -3.60796e-20)
(1.1125 0.924745 -3.32545e-19)
(1.0417 0.893705 6.95748e-20)
(0.963009 0.857202 -6.52511e-19)
(0.876179 0.812918 -1.28844e-18)
(0.781366 0.757271 -1.24411e-18)
(0.693115 0.694083 0)
(0.625921 0.633379 -8.55142e-19)
(0.578428 0.578676 1.05207e-18)
(0.544315 0.529329 0)
(0.508841 0.47646 -7.65378e-19)
(0.442887 0.400175 4.57332e-19)
(0.324924 0.285307 -5.39206e-19)
(0.178377 0.152241 -6.35738e-19)
(0.0601658 0.0494533 -1.11978e-18)
(0.00311964 0.00246862 -8.59945e-19)
(0.235854 0.186676 -6.36009e-20)
(1.03847 0.830799 3.24056e-20)
(1.20392 0.977557 6.44596e-20)
(1.21028 1.00189 -1.59464e-20)
(1.1626 0.9852 8.38006e-20)
(1.09923 0.957762 -1.9182e-19)
(1.02813 0.925886 2.28307e-19)
(0.948715 0.888532 -6.74126e-19)
(0.860555 0.843394 -7.62539e-19)
(0.76343 0.786755 1.30125e-18)
(0.671805 0.722014 2.78998e-18)
(0.601017 0.658755 0)
(0.550448 0.600315 0)
(0.514062 0.545813 -3.46028e-19)
(0.477202 0.485432 0)
(0.410262 0.398834 9.83517e-19)
(0.293341 0.273864 1.15988e-18)
(0.153962 0.137894 0)
(0.047356 0.0406324 0)
(0.000870974 0.00084518 9.23655e-19)
(0.23631 0.194653 7.80544e-20)
(1.03206 0.859982 6.28544e-20)
(1.19325 1.00998 4.96258e-20)
(1.19796 1.03423 -9.89733e-21)
(1.14993 1.01683 7.44787e-20)
(1.08652 0.98874 2.14331e-19)
(1.01519 0.956156 -3.15493e-19)
(0.935159 0.918132 1.87981e-22)
(0.845791 0.872389 -9.92172e-21)
(0.746447 0.815125 -1.09715e-20)
(0.651396 0.74933 1.43402e-18)
(0.576631 0.683943 0)
(0.522295 0.621979 1.05779e-18)
(0.482457 0.56187 7.36289e-19)
(0.442958 0.492048 1.78022e-18)
(0.375074 0.391801 5.28306e-19)
(0.262293 0.255004 -6.25091e-19)
(0.135075 0.118706 -3.65961e-19)
(0.0413411 0.0309543 0)
(0.000453927 -9.80279e-05 9.91694e-19)
(0.23702 0.202609 -1.86859e-19)
(1.02583 0.887626 0)
(1.18287 1.04035 7.1689e-20)
(1.18609 1.06448 -1.82031e-20)
(1.13782 1.04644 -5.63789e-20)
(1.07439 1.01777 -2.5863e-19)
(1.00292 0.984577 6.28185e-19)
(0.922378 0.946044 -5.39213e-20)
(0.831927 0.899917 0)
(0.730497 0.842355 -1.43419e-18)
(0.632039 0.776032 -3.11181e-18)
(0.552978 0.70904 1.25553e-19)
(0.494221 0.643936 1.45102e-18)
(0.449461 0.578106 0)
(0.40509 0.497102 1.19727e-18)
(0.335004 0.378676 0)
(0.229561 0.224878 0)
(0.124804 0.0837982 -3.9623e-19)
(0.0615316 0.00939295 0)
(0.0259177 0.0101802 2.65521e-19)
(0.237328 0.209927 -2.18579e-19)
(1.01976 0.914074 0)
(1.17279 1.06886 1.29945e-19)
(1.17464 1.09287 0)
(1.12621 1.07426 1.97097e-20)
(1.06279 1.04513 0)
(0.991263 1.01147 3.37806e-20)
(0.910276 0.972613 9.25197e-20)
(0.81885 0.92635 9.47891e-20)
(0.715431 0.868839 -1.57091e-18)
(0.613592 0.802561 9.37386e-20)
(0.529896 0.73463 1.00306e-18)
(0.465974 0.666832 1.4105e-18)
(0.414483 0.595455 1.89414e-19)
(0.361916 0.502402 9.3448e-19)
(0.285698 0.361287 0)
(0.184104 0.18281 1.31796e-18)
(0.0951428 0.0254364 -7.67231e-19)
(0.0427015 0.0461051 8.81287e-19)
(-0.0596313 0.426854 -1.04647e-18)
(0.237581 0.217014 1.86708e-19)
(1.01358 0.939112 2.78747e-19)
(1.16291 1.09583 0)
(1.16345 1.11983 1.0119e-20)
(1.11493 1.10089 -3.10807e-20)
(1.05146 1.07152 3.82454e-19)
(0.97991 1.03762 2.26327e-19)
(0.898463 0.998784 0)
(0.80605 0.952785 6.37357e-19)
(0.700599 0.895881 -8.30272e-20)
(0.595175 0.830382 0)
(0.506261 0.762485 0)
(0.436106 0.692433 1.25939e-18)
(0.375897 0.615446 -5.83368e-19)
(0.310622 0.510871 -9.42695e-19)
(0.222602 0.344996 0)
(0.10576 0.170197 6.56391e-19)
(0.00973975 0.437356 -7.54404e-19)
(0.0344708 1.87591 -4.17915e-19)
(0.0660989 2.80044 -5.50092e-19)
(0.23759 0.223304 -1.46108e-19)
(1.00742 0.962896 -3.69513e-19)
(1.15325 1.12125 8.45996e-20)
(1.15253 1.14522 4.75592e-20)
(1.10402 1.1261 0)
(1.04046 1.09664 2.42449e-19)
(0.969053 1.06274 3.21963e-19)
(0.887116 1.02413 -4.55594e-20)
(0.793784 0.978703 9.4445e-20)
(0.686372 0.922867 1.49973e-18)
(0.577381 0.858803 1.56741e-18)
(0.483058 0.792215 1.11849e-18)
(0.405659 0.720433 1.26126e-18)
(0.335677 0.63673 -1.36033e-18)
(0.257409 0.525394 -1.41639e-18)
(0.146508 0.37323 0)
(0.0524563 0.830106 0)
(0.105707 2.54242 3.63466e-19)
(0.108561 3.19379 0)
(0.110936 3.3847 8.15238e-19)
(0.240618 0.229078 0)
(1.00184 0.98566 0)
(1.14355 1.14497 0)
(1.14163 1.16883 1.85413e-20)
(1.09315 1.14964 -1.80061e-20)
(1.02955 1.12035 1.48939e-19)
(0.958593 1.0867 2.11511e-19)
(0.876178 1.04853 -4.49084e-20)
(0.782004 1.00395 8.03257e-19)
(0.672764 0.949648 -1.95139e-20)
(0.560333 0.887677 3.09534e-18)
(0.460684 0.823706 -1.28023e-19)
(0.375001 0.751554 1.52777e-19)
(0.296111 0.656616 1.95275e-19)
(0.19718 0.546678 -1.69147e-21)
(0.113005 0.962421 3.49412e-21)
(0.148506 2.69941 -1.88377e-18)
(0.158487 3.28815 -7.11665e-19)
(0.145976 3.42569 3.63298e-19)
(0.131664 3.4485 -4.00591e-19)
(0.159502 0.18036 8.7955e-20)
(0.991695 1.01032 0)
(1.13361 1.16723 -1.90462e-19)
(1.13122 1.19102 -1.52265e-19)
(1.08299 1.1722 2.68226e-20)
(1.01956 1.14324 -1.45028e-19)
(0.948376 1.1096 -2.22382e-19)
(0.865721 1.07208 5.20934e-19)
(0.770873 1.02863 -6.59395e-19)
(0.660083 0.976305 0)
(0.544454 0.917095 1.51991e-18)
(0.439699 0.856703 -9.0863e-19)
(0.344692 0.788784 0)
(0.255587 0.679553 1.75292e-19)
(0.163487 0.8131 4.24941e-19)
(0.163742 2.46201 -5.12163e-19)
(0.224791 3.32212 5.68345e-19)
(0.203129 3.44121 3.11773e-19)
(0.168113 3.46301 3.48915e-19)
(0.145371 3.47331 5.68166e-19)
(0.280982 0.26795 -1.51781e-19)
(0.975985 1.02021 0)
(1.1158 1.19248 2.20464e-19)
(1.11672 1.22363 1.98642e-19)
(1.06688 1.2056 -7.28731e-20)
(1.00289 1.17718 9.38836e-20)
(0.930764 1.14495 2.46508e-19)
(0.847461 1.10859 4.04125e-20)
(0.751296 1.06719 6.41748e-19)
(0.637853 1.01854 1.30817e-18)
(0.517295 0.965212 8.687e-20)
(0.40452 0.911995 8.09891e-19)
(0.291999 0.851849 1.42625e-19)
(0.221953 0.978393 -1.77637e-19)
(0.236873 2.31255 -4.0375e-19)
(0.298626 3.32705 3.87916e-19)
(0.283153 3.4735 -4.4308e-19)
(0.246528 3.49521 -2.59346e-19)
(0.208657 3.52235 -2.19386e-19)
(0.156748 3.51514 -2.10543e-20)
(0.270094 0.265423 0)
(0.973947 1.04315 7.31544e-20)
(1.10796 1.21584 -4.87314e-20)
(1.10693 1.24693 -2.71635e-20)
(1.05673 1.22875 -6.98219e-20)
(0.992797 1.2006 -7.88063e-20)
(0.920339 1.16858 -1.42207e-19)
(0.836883 1.133 3.69958e-20)
(0.740312 1.09301 -6.7535e-19)
(0.625823 1.04703 -2.82838e-20)
(0.503005 0.998242 -2.76945e-18)
(0.386539 0.950559 1.14969e-19)
(0.280194 0.920306 -1.34615e-19)
(0.260926 1.48216 -1.66308e-19)
(0.336103 3.08782 3.44441e-20)
(0.359509 3.47201 2.09405e-21)
(0.317513 3.52997 6.75053e-19)
(0.279661 3.55466 3.38774e-19)
(0.230331 3.57778 -9.90393e-20)
(0.171325 3.57297 -1.06426e-19)
(0.254129 0.263248 1.92806e-19)
(0.97042 1.06861 5.11981e-19)
(1.09964 1.2413 -1.41899e-19)
(1.09659 1.27166 -1.03123e-19)
(1.04612 1.25328 0)
(0.9823 1.22518 -4.27663e-20)
(0.909778 1.19342 -1.76073e-19)
(0.826442 1.15859 3.33618e-20)
(0.729788 1.12008 -7.46122e-20)
(0.614779 1.07698 -1.20348e-18)
(0.490523 1.03308 -1.28667e-18)
(0.372159 0.992028 -9.52973e-19)
(0.282951 1.04914 -1.01782e-18)
(0.328881 2.16844 1.04586e-18)
(0.42243 3.37853 8.715e-19)
(0.403917 3.53297 0)
(0.356165 3.57625 0)
(0.317636 3.61667 -8.21774e-20)
(0.264853 3.67644 0)
(0.183189 3.65095 -1.01631e-19)
(0.243373 0.264893 -2.9995e-19)
(0.964739 1.09495 -4.4925e-19)
(1.08994 1.26796 0)
(1.085 1.29723 1.2001e-20)
(1.03434 1.27845 -1.12793e-19)
(0.970738 1.25027 -1.11616e-20)
(0.898471 1.21876 -9.52589e-20)
(0.815466 1.18459 2.32188e-20)
(0.718974 1.14749 -4.96743e-19)
(0.60385 1.10722 6.18509e-20)
(0.478962 1.06834 0)
(0.361737 1.03692 0)
(0.310101 1.28991 -9.40867e-19)
(0.411618 2.84638 3.78277e-19)
(0.494881 3.49119 4.95194e-19)
(0.44816 3.56779 0)
(0.40836 3.62799 -6.57743e-20)
(0.37024 3.68729 -3.83099e-20)
(0.323432 3.67312 -1.77834e-19)
(0.209518 3.65918 1.07688e-20)
(0.235318 0.268408 1.95381e-19)
(0.957161 1.12206 0)
(1.07873 1.29584 -3.08504e-19)
(1.0722 1.32391 -6.43404e-20)
(1.02154 1.30449 4.72519e-20)
(0.958358 1.2761 0)
(0.886578 1.24475 -9.21963e-21)
(0.804127 1.21112 -5.23243e-20)
(0.708093 1.17539 -6.19975e-20)
(0.593307 1.13793 1.11444e-18)
(0.468609 1.10407 -6.73515e-20)
(0.356789 1.09261 -7.16914e-19)
(0.359531 1.64843 -9.63464e-19)
(0.495672 3.24982 -1.11987e-19)
(0.55077 3.54405 -3.84599e-19)
(0.50289 3.59674 0)
(0.475586 3.6705 7.28243e-20)
(0.438121 3.63411 -1.02113e-19)
(0.349662 3.37352 3.02485e-19)
(0.252862 3.28433 -1.30809e-19)
(0.22994 0.273681 3.89307e-19)
(0.947858 1.14974 0)
(1.06613 1.32487 -2.00523e-19)
(1.05838 1.35175 1.73309e-19)
(1.00796 1.33149 -1.15032e-19)
(0.945432 1.30265 -5.66579e-20)
(0.874366 1.27123 -1.52208e-19)
(0.792731 1.23799 -5.24868e-21)
(0.697508 1.20345 0)
(0.583573 1.16864 9.251e-19)
(0.460016 1.13965 2.05941e-18)
(0.36083 1.17021 -8.34944e-20)
(0.424018 2.08038 -9.2125e-19)
(0.571086 3.42657 0)
(0.593449 3.57429 -2.88103e-19)
(0.555257 3.63484 0)
(0.532285 3.63986 0)
(0.506714 3.39272 -1.04613e-19)
(0.374802 2.27575 0)
(-0.176097 0.0618953 1.05276e-19)
(0.225602 0.279687 -1.95497e-19)
(0.937021 1.17838 -1.50907e-19)
(1.05205 1.35531 -2.10832e-19)
(1.04327 1.38111 2.50347e-19)
(0.993313 1.35994 1.37468e-19)
(0.931635 1.33058 5.97202e-20)
(0.861501 1.29901 3.82072e-20)
(0.78094 1.26612 3.39774e-20)
(0.686878 1.2328 8.90977e-21)
(0.574298 1.20082 -8.05852e-20)
(0.453049 1.17742 -9.0212e-19)
(0.376975 1.28996 0)
(0.502748 2.57711 -6.21388e-19)
(0.638917 3.50959 -2.44758e-19)
(0.629105 3.59549 -3.18897e-19)
(0.608474 3.62538 -1.6461e-20)
(0.558684 3.48972 -1.2376e-19)
(0.409927 2.52503 -9.55182e-20)
(0.0196978 0.253353 0)
(-0.0801727 -0.130205 2.95808e-19)
(0.221894 0.286574 1.93772e-19)
(0.924401 1.2079 -1.55053e-19)
(1.03631 1.38714 -2.05684e-19)
(1.02671 1.41201 -3.43311e-19)
(0.977391 1.38993 1.49369e-19)
(0.916776 1.36002 -6.64568e-20)
(0.84784 1.32833 1.66136e-21)
(0.768654 1.29582 1.82274e-19)
(0.676155 1.26381 3.39679e-19)
(0.565516 1.23492 -6.81849e-19)
(0.448261 1.21888 -1.52375e-18)
(0.408659 1.47228 0)
(0.587096 3.0088 0)
(0.697052 3.55275 5.83602e-20)
(0.664995 3.60522 0)
(0.639195 3.56771 9.7406e-20)
(0.510146 2.99383 2.17966e-19)
(0.117076 0.668921 0)
(-0.0912377 -0.152267 0)
(-0.055384 -0.0839525 2.32994e-19)
(0.217436 0.293082 -1.93029e-19)
(0.909837 1.23835 1.45702e-19)
(1.01878 1.42033 -6.06344e-21)
(1.00853 1.4444 -2.67712e-19)
(0.960059 1.42139 0)
(0.900762 1.39092 -1.7232e-19)
(0.833323 1.35908 0)
(0.755866 1.32702 1.23122e-19)
(0.665399 1.29638 4.53939e-19)
(0.557379 1.27076 5.29838e-19)
(0.446702 1.26681 0)
(0.457084 1.71488 5.17121e-19)
(0.665592 3.28855 -4.59923e-19)
(0.74269 3.57843 6.74727e-20)
(0.703553 3.59476 -9.6854e-21)
(0.632942 3.35177 5.5036e-20)
(0.335735 1.85254 -1.08423e-19)
(-0.0717261 -0.0511638 -1.47373e-19)
(-0.102597 -0.167897 -2.57633e-19)
(-0.0365285 -0.0541166 -2.02228e-19)
(0.212224 0.299469 5.7194e-19)
(0.892802 1.26956 3.04082e-19)
(0.999233 1.45478 4.27518e-19)
(0.988568 1.47822 -5.69658e-19)
(0.941199 1.45424 3.32316e-19)
(0.883508 1.42315 0)
(0.817903 1.39117 3.34221e-20)
(0.742582 1.35958 1.93429e-20)
(0.654667 1.33034 -6.55895e-21)
(0.550069 1.30813 -5.91632e-20)
(0.449876 1.32553 -5.48202e-19)
(0.519868 2.01377 7.97592e-20)
(0.736634 3.44313 1.82128e-19)
(0.778748 3.58978 3.63345e-20)
(0.731987 3.53232 3.80318e-20)
(0.556196 2.83189 -8.94187e-21)
(0.0841259 0.342992 2.19426e-19)
(-0.101312 -0.1752 -2.64119e-19)
(-0.0912356 -0.154534 7.92554e-20)
(-0.0270022 -0.0410102 4.51474e-20)
(0.205422 0.304674 0)
(0.872713 1.30141 0)
(0.977418 1.49037 7.42081e-21)
(0.966653 1.51332 0)
(0.92067 1.48835 2.76045e-19)
(0.864919 1.45659 1.357e-19)
(0.801543 1.42444 0)
(0.728814 1.39332 8.21989e-22)
(0.644043 1.36552 -2.31549e-19)
(0.543789 1.34685 6.34154e-19)
(0.459513 1.39966 0)
(0.593672 2.34992 1.95551e-19)
(0.798653 3.52421 2.69494e-20)
(0.812222 3.58594 -2.07286e-20)
(0.732244 3.36388 5.85619e-20)
(0.377431 1.86932 -4.35354e-21)
(-0.0990902 -0.0715807 -4.14919e-19)
(-0.116703 -0.187545 1.21058e-19)
(-0.0826096 -0.133663 3.25188e-19)
(-0.0204271 -0.0315701 0)
(0.197284 0.308462 -1.83187e-19)
(0.849382 1.33257 5.88075e-19)
(0.953 1.5267 2.19943e-19)
(0.942558 1.5495 0)
(0.898323 1.5235 -4.43128e-21)
(0.844889 1.49102 -2.54671e-19)
(0.784179 1.45867 1.14768e-19)
(0.714581 1.42802 3.54061e-20)
(0.633591 1.40162 -7.37637e-20)
(0.538774 1.38684 2.25228e-19)
(0.477197 1.49397 2.8487e-19)
(0.676017 2.71126 -1.84688e-19)
(0.850347 3.55897 0)
(0.835976 3.55725 -1.66947e-20)
(0.682582 3.03069 -2.23977e-19)
(0.138645 0.543872 -1.60738e-19)
(-0.0960459 -0.169928 -1.95516e-19)
(-0.107283 -0.203343 5.71739e-20)
(-0.07166 -0.128523 -3.34168e-20)
(-0.0173845 -0.0287029 1.81657e-22)
(0.187289 0.31036 0)
(0.822378 1.36262 -2.96984e-19)
(0.925543 1.56338 -2.24347e-19)
(0.916029 1.58641 9.74476e-21)
(0.873981 1.5594 -1.06562e-19)
(0.823303 1.52614 -2.06602e-19)
(0.765759 1.49354 4.7851e-20)
(0.699883 1.46335 -1.13486e-20)
(0.623358 1.43829 -1.54914e-20)
(0.535209 1.4279 1.89227e-19)
(0.503336 1.61143 4.2887e-20)
(0.757863 3.0193 1.75467e-20)
(0.892124 3.56968 8.3003e-21)
(0.844484 3.48002 -6.09272e-21)
(0.571471 2.47153 -1.23413e-19)
(0.0105011 0.0179056 -2.39601e-19)
(-0.100621 -0.244449 0)
(-0.0763499 -0.216063 0)
(-0.0369567 -0.105745 5.63728e-19)
(-0.00817613 -0.0173456 -3.58948e-20)
(0.174919 0.309905 -1.80872e-19)
(0.790916 1.39069 -2.92398e-19)
(0.894749 1.59951 2.19242e-19)
(0.886772 1.62358 0)
(0.847451 1.59563 -1.87074e-19)
(0.800032 1.56154 0)
(0.746205 1.52866 -2.10096e-19)
(0.684707 1.49885 -3.35977e-20)
(0.613367 1.47512 8.35778e-21)
(0.533147 1.46983 3.42446e-20)
(0.538098 1.74776 -1.24163e-20)
(0.831757 3.24578 0)
(0.92756 3.57019 -5.43344e-20)
(0.83156 3.33837 -8.76472e-23)
(0.390335 1.6863 0)
(-0.16302 -0.132859 -2.51937e-21)
(-0.151625 -0.283575 2.27869e-19)
(-0.0742003 -0.212916 -2.06343e-19)
(0.00291335 -0.041605 6.1164e-20)
(0.00822357 0.0121047 0)
(0.160009 0.305904 1.7984e-19)
(0.754305 1.41491 -2.8205e-19)
(0.860077 1.63449 2.15002e-19)
(0.854559 1.66033 2.90404e-19)
(0.818548 1.63163 0)
(0.774942 1.59668 -1.36367e-19)
(0.725431 1.56351 2.08201e-19)
(0.669001 1.53396 5.80041e-20)
(0.603639 1.51151 0)
(0.532329 1.51265 -9.32213e-22)
(0.579356 1.89504 -5.02545e-20)
(0.892306 3.38071 0)
(0.95778 3.56148 1.20163e-19)
(0.799006 3.12882 -2.09172e-21)
(0.205991 0.837818 -2.34553e-19)
(-0.149586 -0.257276 1.01094e-19)
(-0.128139 -0.362583 1.94321e-19)
(-0.0537611 -0.229312 2.59904e-19)
(0.0412725 0.0129458 0)
(0.0238321 0.0392354 -5.07515e-19)
(0.143132 0.297111 0)
(0.712063 1.43268 -5.38315e-19)
(0.820955 1.6671 -4.09762e-19)
(0.819092 1.69577 -2.93952e-19)
(0.787104 1.66669 -2.02803e-19)
(0.747906 1.63089 0)
(0.703342 1.59742 -8.67706e-20)
(0.652677 1.56806 -9.80305e-21)
(0.594193 1.54659 1.38328e-19)
(0.53244 1.55587 -1.04429e-20)
(0.623616 2.04172 -2.39504e-20)
(0.943137 3.45745 2.88792e-20)
(0.986568 3.53969 -5.21394e-21)
(0.763275 2.86482 1.33283e-19)
(0.0612086 0.210879 2.62508e-19)
(-0.0960271 -0.46074 -1.90816e-19)
(-0.0286007 -0.453283 1.92483e-19)
(0.0698152 -0.18788 5.23572e-20)
(0.143502 0.137002 -3.61169e-20)
(0.0680393 0.122067 -5.73857e-19)
(0.124117 0.282769 8.52796e-19)
(0.663425 1.44183 -5.37328e-19)
(0.77678 1.69527 2.28359e-19)
(0.780126 1.72878 2.86378e-19)
(0.752979 1.69997 0)
(0.718811 1.66337 3.74578e-21)
(0.679836 1.62963 -1.55286e-19)
(0.635605 1.60041 -4.71417e-20)
(0.584941 1.57947 -9.41917e-20)
(0.53331 1.59794 -7.86739e-21)
(0.666159 2.17374 -5.8856e-20)
(0.984926 3.49571 1.14573e-19)
(1.00611 3.50142 -1.00249e-19)
(0.715996 2.56098 1.55398e-19)
(-0.0709123 -0.156817 -1.93618e-19)
(-0.10285 -0.683141 -1.01211e-19)
(0.0136574 -0.516616 -1.42425e-20)
(0.162806 -0.0177219 -2.88909e-19)
(0.238793 0.373051 -4.81063e-20)
(0.114108 0.258831 0)
(0.102949 0.261495 -8.25602e-20)
(0.607408 1.43809 1.26618e-19)
(0.727051 1.71662 1.97827e-19)
(0.737638 1.75788 4.24528e-19)
(0.716172 1.73039 -4.09889e-19)
(0.687577 1.69322 2.81915e-19)
(0.654811 1.65922 1.73389e-19)
(0.617639 1.6301 -1.59088e-19)
(0.57568 1.60937 2.73008e-20)
(0.534832 1.63578 -1.64488e-19)
(0.701917 2.27837 -3.54834e-20)
(1.01703 3.51314 0)
(1.01082 3.4552 8.51238e-20)
(0.646147 2.2854 0)
(-0.121126 -0.480663 1.76734e-19)
(-0.156863 -0.818197 -2.55285e-19)
(-0.0143687 -0.355531 -7.86839e-20)
(0.132173 0.323398 1.01618e-19)
(0.192103 0.602738 0)
(0.0816832 0.236528 -5.86999e-20)
(0.0809559 0.231386 1.16762e-21)
(0.544592 1.41554 -1.2132e-19)
(0.671953 1.728 -3.79955e-19)
(0.691824 1.78159 1.47369e-19)
(0.6768 1.75677 -9.75747e-20)
(0.654183 1.71941 0)
(0.628119 1.68525 -9.46262e-20)
(0.598666 1.65604 -1.13387e-19)
(0.56615 1.63538 -7.81976e-20)
(0.537344 1.66563 0)
(0.728258 2.34325 0)
(1.04731 3.52998 -5.60431e-20)
(1.01532 3.43866 7.81702e-20)
(0.625937 2.08574 -3.62035e-20)
(-0.123377 -0.629978 -2.8725e-19)
(-0.254767 -0.723674 2.54049e-19)
(-0.0520464 -0.116126 9.12719e-20)
(0.090602 0.437425 0)
(0.130787 0.484128 -9.1762e-19)
(0.0415467 0.125244 -3.26371e-20)
(0.0583975 0.188864 -5.74389e-19)
(0.476437 1.36653 1.14274e-19)
(0.612501 1.72487 -8.70871e-20)
(0.64285 1.79834 -2.68307e-19)
(0.635305 1.77829 -1.94487e-19)
(0.618672 1.74082 -6.20754e-21)
(0.599526 1.70664 -8.59417e-20)
(0.578368 1.677 1.16345e-19)
(0.556015 1.656 -1.57749e-19)
(0.542025 1.68411 0)
(0.745367 2.3498 -5.6369e-20)
(1.09414 3.55053 -7.26813e-20)
(1.01617 3.47781 -1.21242e-19)
(0.527099 2.03486 0)
(-0.467489 -0.224767 -5.08615e-20)
(-0.716764 -0.487713 -1.54003e-19)
(-0.47097 -0.263291 7.52272e-19)
(0.0486611 0.359503 -7.48406e-19)
(0.149395 0.413986 1.05546e-18)
(0.0506451 0.147108 -1.09355e-18)
(0.0369273 0.139054 -6.59036e-20)
(0.401894 1.28095 0)
(0.550117 1.70154 5.66903e-19)
(0.591096 1.80576 1.7802e-19)
(0.592197 1.79435 1.71537e-19)
(0.580984 1.75663 0)
(0.568675 1.72238 8.59793e-20)
(0.555992 1.69168 1.17618e-19)
(0.544907 1.66899 8.18239e-20)
(0.547899 1.68916 1.63492e-19)
(0.756613 2.28533 0)
(1.16256 3.53985 -9.98228e-20)
(1.09912 3.58313 -1.6204e-19)
(0.534586 2.30013 -6.9186e-20)
(-0.4859 0.676365 9.55388e-19)
(-1.09703 -0.332757 1.01571e-19)
(-1.2432 -0.951433 5.94594e-19)
(-0.994317 -1.08613 -2.26309e-18)
(-0.287078 -0.196735 6.47108e-20)
(0.0837873 0.318827 -5.04008e-20)
(0.0195937 0.0877965 8.72126e-19)
(0.321843 1.14603 -3.84206e-19)
(0.483771 1.64901 -2.24627e-19)
(0.537732 1.80008 5.56433e-20)
(0.546993 1.80271 -8.61661e-20)
(0.540994 1.76641 2.32212e-19)
(0.534736 1.73196 -5.83869e-21)
(0.529966 1.69898 0)
(0.530363 1.67105 -1.50136e-19)
(0.549325 1.67841 0)
(0.741103 2.12244 0)
(1.25916 3.45979 -1.0883e-19)
(1.36144 3.64186 -1.32475e-19)
(1.12764 2.98463 -3.48301e-19)
(0.512839 1.50093 0)
(0.026385 0.365434 0)
(-0.438521 -0.680786 -8.10677e-19)
(-0.687632 -1.77438 1.23498e-19)
(-0.696778 -2.04154 -1.11524e-18)
(-0.213062 -0.719856 -8.90187e-20)
(0.00728164 0.0411003 0)
(0.231273 0.931444 4.30283e-20)
(0.412528 1.55341 0)
(0.482842 1.77733 -1.01245e-19)
(0.499797 1.80056 0)
(0.498127 1.77062 -1.12042e-19)
(0.496541 1.73532 3.75733e-20)
(0.497839 1.69884 -5.06976e-20)
(0.507234 1.66277 2.6618e-21)
(0.543189 1.64897 2.38957e-20)
(0.698719 1.908 9.20627e-20)
(1.30697 3.21959 -1.01563e-20)
(1.59386 3.50312 -7.8197e-20)
(1.61554 3.24595 -3.09845e-19)
(1.24782 2.07152 3.83537e-19)
(0.739545 0.693447 -7.45127e-19)
(0.339834 -0.443641 -1.06299e-19)
(-0.0268324 -1.30218 0)
(-0.269164 -2.06763 -5.63681e-20)
(-0.226086 -1.44681 0)
(0.00120367 0.00461407 1.68832e-19)
(0.139647 0.645479 -5.2486e-22)
(0.331046 1.38283 1.48559e-20)
(0.425225 1.72768 0)
(0.44916 1.79029 -4.90959e-20)
(0.451446 1.7718 -5.04522e-20)
(0.452182 1.73363 -1.7046e-20)
(0.456858 1.69202 -4.34342e-20)
(0.469982 1.64647 0)
(0.512573 1.59906 3.25312e-20)
(0.617383 1.69433 -3.46829e-21)
(1.15283 2.70218 1.01159e-20)
(1.50101 3.26273 3.04785e-20)
(1.61656 3.10797 -5.30461e-20)
(1.55122 2.56747 0)
(1.23569 1.60359 -2.15602e-19)
(0.828524 0.540302 -3.74774e-19)
(0.457447 -0.434599 -4.41184e-19)
(0.123762 -1.16255 5.59356e-19)
(-0.0593767 -1.08503 -7.02315e-19)
(-0.000374757 -0.0201789 8.48301e-20)
(0.06409 0.329038 8.4124e-21)
(0.226356 1.08241 6.07012e-20)
(0.354096 1.61857 0)
(0.392461 1.76879 0)
(0.398679 1.7704 -3.33597e-20)
(0.399098 1.72979 -1.46349e-20)
(0.403765 1.68122 0)
(0.415784 1.62405 3.10072e-34)
(0.442406 1.54699 4.33557e-21)
(0.505031 1.53341 0)
(0.703073 1.93933 -8.45715e-21)
(1.16741 2.90524 2.00868e-20)
(1.25955 2.98531 -4.45598e-20)
(1.23843 2.78744 2.24388e-20)
(1.06861 2.258 1.80656e-20)
(0.790661 1.57313 0)
(0.483379 0.849241 -1.63514e-20)
(0.221273 0.193662 -1.99885e-20)
(0.0239271 -0.134209 -3.98827e-19)
(0.00254995 -0.0499732 0)
(0.027238 0.0998817 0)
(0.121419 0.684889 0)
(0.263587 1.41991 0)
(0.325755 1.72448 0)
(0.337654 1.76024 0)
(0.339989 1.72601 0)
(0.342342 1.67214 0)
(0.353871 1.60514 0)
(0.362743 1.51918 0)
(0.399743 1.46422 0)
(0.436176 1.64325 0)
(0.807209 2.582 0)
(0.937651 2.96318 0)
(0.889063 2.94319 0)
(0.802779 2.69746 0)
(0.618202 2.21376 0)
(0.402883 1.66449 0)
(0.192398 1.13286 0)
(0.0192495 0.483573 0)
(0.00128449 -0.0773899 0)
(0.0150041 -0.0124913 0)
(0.0614151 0.393627 0)
(0.175827 1.18484 0)
(0.252374 1.65383 0)
(0.270644 1.74648 0)
(0.275052 1.72416 0)
(0.27753 1.6652 0)
(0.285976 1.59629 0)
(0.291456 1.50946 0)
(0.303731 1.44996 0)
(0.317726 1.54159 0)
(0.491969 2.31472 0)
(0.67784 2.95829 0)
(0.627414 3.05522 0)
(0.560903 2.98256 0)
(0.429329 2.65041 0)
(0.272775 2.19847 0)
(0.120842 1.73131 0)
(0.00715383 0.825133 0)
(0.0013678 -0.0964316 0)
(0.015766 -0.0800292 0)
(0.0412903 0.233761 0)
(0.108978 0.978932 0)
(0.178141 1.57115 0)
(0.199445 1.72871 0)
(0.205493 1.72004 0)
(0.211438 1.65899 0)
(0.219196 1.5923 0)
(0.225518 1.51162 0)
(0.222455 1.44638 0)
(0.229096 1.50388 0)
(0.273615 2.05754 0)
(0.444908 2.93313 0)
(0.421939 3.14523 0)
(0.364727 3.15358 0)
(0.277247 2.95353 0)
(0.167264 2.57582 0)
(0.0622886 2.15263 0)
(-0.00367612 0.969795 0)
(0.00728082 -0.145585 0)
(0.0326301 -0.152625 0)
(0.0467071 0.166094 0)
(0.0640877 0.846196 0)
(0.106258 1.5006 0)
(0.124068 1.70722 0)
(0.133681 1.70877 0)
(0.145217 1.64984 0)
(0.156041 1.58525 0)
(0.16352 1.51087 0)
(0.155135 1.44723 0)
(0.150604 1.49839 0)
(0.145803 1.89858 0)
(0.280526 2.88392 0)
(0.26333 3.21244 0)
(0.217831 3.27938 0)
(0.163917 3.16262 0)
(0.0899321 2.83292 0)
(0.0217028 2.41952 0)
(-0.0070516 0.967957 0)
(0.0139008 -0.243542 0)
(0.0364715 -0.218711 0)
(0.0324744 0.173385 0)
(0.0139661 0.823581 0)
(0.0237145 1.46355 0)
(0.041249 1.68344 0)
(0.0604085 1.68919 0)
(0.0807995 1.63372 0)
(0.0975164 1.57457 0)
(0.109691 1.51104 0)
(0.105188 1.45573 0)
(0.0959114 1.51053 0)
(0.0719116 1.83529 0)
(0.165244 2.835 0)
(0.156018 3.24966 0)
(0.119344 3.36449 0)
(0.0838071 3.29556 0)
(0.0327235 2.99984 0)
(-0.00953517 2.5611 0)
(-0.00796201 0.89577 0)
(0.00895562 -0.316043 0)
(0.00451081 -0.2057 0)
(-0.0258231 0.250669 0)
(-0.0632994 0.880869 0)
(-0.0684771 1.44962 0)
(-0.0434664 1.64735 0)
(-0.00945986 1.65732 0)
(0.0223359 1.60951 0)
(0.0470759 1.55965 0)
(0.0649164 1.50748 0)
(0.066281 1.45917 0)
(0.0557902 1.519 0)
(0.0349137 1.81301 0)
(0.0891213 2.80103 0)
(0.0815005 3.27873 0)
(0.05595 3.42593 0)
(0.0310793 3.38041 0)
(-0.00170146 3.1075 0)
(-0.0265427 2.61631 0)
(-0.00611562 0.800895 0)
(-0.0057642 -0.288895 0)
(-0.0433551 -0.0982961 0)
(-0.0929758 0.3715 0)
(-0.136266 0.953093 0)
(-0.142149 1.42641 0)
(-0.108491 1.58712 0)
(-0.0644085 1.6083 0)
(-0.0243559 1.57471 0)
(0.00651543 1.53802 0)
(0.028499 1.49838 0)
(0.0353053 1.45932 0)
(0.0296529 1.52678 0)
(0.0179015 1.81549 0)
(0.0410913 2.78492 0)
(0.0313111 3.30485 0)
(0.0118756 3.47259 0)
(-0.00597089 3.43651 0)
(-0.0255969 3.17311 0)
(-0.0332566 2.60043 0)
(-0.00448336 0.709289 0)
(-0.0164174 -0.165967 0)
(-0.0688236 0.068354 0)
(-0.126248 0.510112 0)
(-0.168976 1.01331 0)
(-0.169973 1.38274 0)
(-0.135275 1.51782 0)
(-0.093161 1.54941 0)
(-0.0532109 1.53387 0)
(-0.0216784 1.51266 0)
(0.00203068 1.48635 0)
(0.0110559 1.45756 0)
(0.0102576 1.5281 0)
(0.00952178 1.82296 0)
(0.007692 2.78653 0)
(-0.00506581 3.32842 0)
(-0.0201664 3.5067 0)
(-0.0319982 3.47129 0)
(-0.0424036 3.20327 0)
(-0.036543 2.53237 0)
(-0.00330227 0.626966 0)
(-0.0171266 -0.0133764 0)
(-0.0666427 0.243673 0)
(-0.118509 0.63887 0)
(-0.154638 1.05989 0)
(-0.155799 1.34708 0)
(-0.130122 1.46131 0)
(-0.0973632 1.49846 0)
(-0.0648155 1.49655 0)
(-0.0376925 1.48814 0)
(-0.0164739 1.47303 0)
(-0.00829201 1.45172 0)
(-0.0041959 1.52253 0)
(-0.00216923 1.83461 0)
(-0.0182783 2.80361 0)
(-0.031502 3.34928 0)
(-0.0440697 3.52933 0)
(-0.0505285 3.48867 0)
(-0.053174 3.20397 0)
(-0.0365369 2.42716 0)
(-0.00263583 0.555522 0)
(-0.0122716 0.11534 0)
(-0.0493749 0.392324 0)
(-0.0893142 0.745446 0)
(-0.117242 1.09941 0)
(-0.120882 1.32731 0)
(-0.107711 1.4256 0)
(-0.0872386 1.46226 0)
(-0.0647334 1.46818 0)
(-0.0446457 1.46837 0)
(-0.0282054 1.46098 0)
(-0.021132 1.44519 0)
(-0.0178337 1.51704 0)
(-0.0216602 1.8533 0)
(-0.039646 2.82981 0)
(-0.0526578 3.36599 0)
(-0.0605625 3.54108 0)
(-0.0615255 3.49121 0)
(-0.0573804 3.18076 0)
(-0.0332348 2.30349 0)
(-0.00211703 0.495183 0)
(-0.00706861 0.201027 0)
(-0.031198 0.500192 0)
(-0.0592196 0.824674 0)
(-0.0797271 1.13323 0)
(-0.0857716 1.32414 0)
(-0.081556 1.40858 0)
(-0.0711131 1.44073 0)
(-0.058243 1.44963 0)
(-0.045409 1.45418 0)
(-0.0349301 1.45215 0)
(-0.0317951 1.44091 0)
(-0.0320873 1.51586 0)
(-0.0421376 1.87446 0)
(-0.0578023 2.85575 0)
(-0.067817 3.37771 0)
(-0.0704702 3.54332 0)
(-0.0667287 3.48108 0)
(-0.0569791 3.13836 0)
(-0.0288558 2.17686 0)
(-0.00168295 0.445385 0)
(-0.00363995 0.250761 0)
(-0.018177 0.571478 0)
(-0.0369967 0.879946 0)
(-0.0512884 1.16022 0)
(-0.0578483 1.32962 0)
(-0.0588273 1.40368 0)
(-0.0550717 1.43047 0)
(-0.0495556 1.43964 0)
(-0.0429153 1.44634 0)
(-0.0383513 1.44779 0)
(-0.0405373 1.44034 0)
(-0.0460799 1.52024 0)
(-0.0597257 1.89444 0)
(-0.0705652 2.8753 0)
(-0.0765562 3.38253 0)
(-0.0750559 3.5362 0)
(-0.0673179 3.46056 0)
(-0.0541126 3.0835 0)
(-0.0250205 2.05629 0)
(-0.00129503 0.404405 0)
(-0.00180649 0.277981 0)
(-0.0105317 0.616826 0)
(-0.0231302 0.917346 0)
(-0.0325899 1.17998 0)
(-0.0380386 1.33821 0)
(-0.0410511 1.40526 0)
(-0.0412367 1.42725 0)
(-0.0400976 1.43573 0)
(-0.0380543 1.44313 0)
(-0.0384235 1.44784 0)
(-0.0452336 1.44457 0)
(-0.0564041 1.52988 0)
(-0.0718574 1.91193 0)
(-0.0754434 2.886 0)
(-0.0769531 3.38167 0)
(-0.0733685 3.5239 0)
(-0.0644441 3.43453 0)
(-0.0501282 3.02407 0)
(-0.0220144 1.94481 0)
(-0.000866176 0.370827 0)
(-0.000977437 0.293481 0)
(-0.00667917 0.646608 0)
(-0.0156116 0.942764 0)
(-0.0216765 1.19278 0)
(-0.0252841 1.34587 0)
(-0.0280685 1.40935 0)
(-0.0298163 1.42806 0)
(-0.031172 1.43578 0)
(-0.0318776 1.44311 0)
(-0.0349878 1.45089 0)
(-0.0468095 1.45316 0)
(-0.0606272 1.54456 0)
(-0.0745609 1.92258 0)
(-0.0737283 2.88743 0)
(-0.0730824 3.37876 0)
(-0.0696747 3.51051 0)
(-0.0612015 3.40846 0)
(-0.0478118 2.96511 0)
(-0.0203536 1.83962 0)
(-0.000500244 0.343354 0)
(-0.000667228 0.303742 0)
(-0.00491532 0.668176 0)
(-0.0119083 0.961311 0)
(-0.0159593 1.19961 0)
(-0.0173835 1.35115 0)
(-0.0193607 1.413 0)
(-0.0211253 1.43028 0)
(-0.0235385 1.43759 0)
(-0.0249518 1.44518 0)
(-0.02933 1.45588 0)
(-0.0413165 1.46373 0)
(-0.0528698 1.56018 0)
(-0.0660763 1.93115 0)
(-0.0660351 2.88293 0)
(-0.065515 3.37598 0)
(-0.0657968 3.50151 0)
(-0.0610797 3.38695 0)
(-0.0490089 2.90622 0)
(-0.0201588 1.73315 0)
(-0.000253289 0.320782 0)
(-0.000586694 0.311902 0)
(-0.00405804 0.685482 0)
(-0.00997382 0.976952 0)
(-0.0134409 1.20207 0)
(-0.0123667 1.3524 0)
(-0.0123031 1.41583 0)
(-0.0136856 1.43229 0)
(-0.0153108 1.43942 0)
(-0.0167987 1.44764 0)
(-0.0199841 1.46053 0)
(-0.0274485 1.47214 0)
(-0.0321348 1.57205 0)
(-0.0460288 1.94522 0)
(-0.0534689 2.87943 0)
(-0.0585135 3.38145 0)
(-0.0642962 3.50245 0)
(-0.063909 3.37328 0)
(-0.0535235 2.84476 0)
(-0.0203628 1.61828 0)
(-6.84684e-05 0.30125 0)
(-0.000589867 0.319096 0)
(-0.00351152 0.699739 0)
(-0.00847064 0.991543 0)
(-0.012338 1.20349 0)
(-0.0101328 1.34894 0)
(-0.00713169 1.4153 0)
(-0.00645146 1.43355 0)
(-0.00692973 1.44039 0)
(-0.00752537 1.44864 0)
(-0.00737935 1.46226 0)
(-0.00843071 1.47642 0)
(-0.005971 1.5764 0)
(-0.0175825 1.97233 0)
(-0.0399896 2.88738 0)
(-0.0538906 3.40128 0)
(-0.0671079 3.51365 0)
(-0.0731534 3.36873 0)
(-0.0617915 2.77271 0)
(-0.0209841 1.49156 0)
(-0.000215958 0.281854 0)
(-0.000614582 0.325703 0)
(-0.00301984 0.710943 0)
(-0.00676282 1.00501 0)
(-0.011186 1.20668 0)
(-0.0100638 1.34164 0)
(-0.00465949 1.41094 0)
(-0.00190947 1.43254 0)
(-0.000977557 1.44069 0)
(0.000548907 1.44766 0)
(0.0031138 1.45981 0)
(0.00801265 1.47471 0)
(0.0177513 1.57309 0)
(0.00910367 2.01474 0)
(-0.0336219 2.9161 0)
(-0.0605432 3.4373 0)
(-0.0798438 3.53925 0)
(-0.0879774 3.36488 0)
(-0.0703604 2.67412 0)
(-0.0211205 1.35697 0)
(-0.000570422 0.260393 0)
(-0.000678524 0.331993 0)
(-0.00266689 0.719065 0)
(-0.00500783 1.01564 0)
(-0.00873571 1.21344 0)
(-0.00942254 1.33585 0)
(-0.00380652 1.40335 0)
(0.00102967 1.42914 0)
(0.00375029 1.43944 0)
(0.00641014 1.44624 0)
(0.00791228 1.45584 0)
(0.0135645 1.46707 0)
(0.029855 1.55957 0)
(0.0209724 2.0705 0)
(-0.0408233 2.97286 0)
(-0.0777576 3.48581 0)
(-0.0976364 3.56882 0)
(-0.102812 3.34944 0)
(-0.0729042 2.5417 0)
(-0.019508 1.22455 0)
(-0.000764824 0.236766 0)
(-0.000755812 0.33827 0)
(-0.0023815 0.724324 0)
(-0.00325464 1.02164 0)
(-0.00493494 1.22029 0)
(-0.00614466 1.3326 0)
(-0.00125196 1.39416 0)
(0.0053934 1.42279 0)
(0.00975171 1.43718 0)
(0.0123366 1.44621 0)
(0.0106237 1.45548 0)
(0.00794029 1.46048 0)
(0.020495 1.54327 0)
(0.00545394 2.13561 0)
(-0.065677 3.04881 0)
(-0.103603 3.53313 0)
(-0.117389 3.59261 0)
(-0.111237 3.30868 0)
(-0.0679015 2.38229 0)
(-0.0172135 1.10411 0)
(-0.000913217 0.21213 0)
(-0.000835598 0.344521 0)
(-0.00217915 0.72712 0)
(-0.00202825 1.02247 0)
(-0.00141162 1.22236 0)
(-0.000232319 1.32984 0)
(0.00481087 1.38467 0)
(0.0128768 1.41397 0)
(0.021116 1.43319 0)
(0.0243695 1.44738 0)
(0.0173969 1.46041 0)
(0.00168678 1.46631 0)
(-0.0118227 1.53527 0)
(-0.0335941 2.20885 0)
(-0.102637 3.12396 0)
(-0.13093 3.56348 0)
(-0.129377 3.59105 0)
(-0.112158 3.23047 0)
(-0.0574006 2.21235 0)
(-0.0142917 1.00201 0)
(-0.0010622 0.188895 0)
(-0.00105106 0.351576 0)
(-0.00255256 0.728632 0)
(-0.00156141 1.02036 0)
(0.000778465 1.21967 0)
(0.00470677 1.32419 0)
(0.0123639 1.37267 0)
(0.0245534 1.39993 0)
(0.0377916 1.42317 0)
(0.0469134 1.44729 0)
(0.0410833 1.47356 0)
(-0.000555748 1.49324 0)
(-0.0479916 1.55466 0)
(-0.0756872 2.27808 0)
(-0.132942 3.18182 0)
(-0.138327 3.56126 0)
(-0.124599 3.5637 0)
(-0.0945014 3.1257 0)
(-0.0408802 2.06275 0)
(-0.00852132 0.925386 0)
(-0.000731241 0.169683 0)
(-0.00132857 0.360173 0)
(-0.00314523 0.730304 0)
(-0.00217571 1.01529 0)
(0.00178897 1.21002 0)
(0.00972274 1.30914 0)
(0.0230969 1.35156 0)
(0.0419348 1.37703 0)
(0.0624071 1.40462 0)
(0.079793 1.44041 0)
(0.0770127 1.49311 0)
(0.0147942 1.54388 0)
(-0.0658171 1.60576 0)
(-0.0979729 2.32809 0)
(-0.135016 3.21204 0)
(-0.126756 3.5398 0)
(-0.102114 3.51262 0)
(-0.0675203 3.01567 0)
(-0.0240809 1.94747 0)
(-0.00248015 0.879686 0)
(-0.000506137 0.158132 0)
(-0.00152342 0.36985 0)
(-0.00404731 0.732806 0)
(-0.00414582 1.0085 0)
(-0.000247125 1.19125 0)
(0.0121836 1.28016 0)
(0.034391 1.31659 0)
(0.0641439 1.34036 0)
(0.0980229 1.37365 0)
(0.129695 1.42268 0)
(0.137431 1.51587 0)
(0.0675509 1.61976 0)
(-0.0520072 1.68496 0)
(-0.0907162 2.35863 0)
(-0.11459 3.22425 0)
(-0.0983025 3.50316 0)
(-0.0706175 3.4482 0)
(-0.035682 2.91771 0)
(-0.00283616 1.86735 0)
(0.0104881 0.873734 0)
(0.000972038 0.163809 0)
(-0.00147611 0.381481 0)
(-0.00517809 0.738516 0)
(-0.00672944 1.00018 0)
(-0.00115993 1.16334 0)
(0.0179717 1.23717 0)
(0.0499486 1.26528 0)
(0.0932806 1.28502 0)
(0.146649 1.31592 0)
(0.20076 1.38712 0)
(0.230031 1.53312 0)
(0.158195 1.71099 0)
(0.00520444 1.80057 0)
(-0.0695902 2.37521 0)
(-0.0799894 3.23001 0)
(-0.0696943 3.46797 0)
(-0.0507531 3.38872 0)
(-0.0211797 2.83617 0)
(0.0102908 1.79224 0)
(0.0176268 0.901735 0)
(0.00203104 0.19464 0)
(-0.000489665 0.155212 0)
(-0.00478581 0.597507 0)
(-0.00962206 0.888279 0)
(-0.00542493 1.06961 0)
(0.0147271 1.14878 0)
(0.0517889 1.17291 0)
(0.105108 1.18202 0)
(0.177173 1.20226 0)
(0.267874 1.26768 0)
(0.361322 1.41843 0)
(0.340817 1.6955 0)
(0.194187 1.92306 0)
(0.0167962 2.07405 0)
(-0.0399843 2.90755 0)
(-0.0598343 3.41174 0)
(-0.0603526 3.43881 0)
(-0.0436809 3.10941 0)
(-0.0095588 2.23072 0)
(0.0183199 1.2829 0)
(0.00158789 0.240049 0)
(0.118577 2.69031 1.08557e-22)
(0.119194 3.54821 0)
(0.119241 3.58823 1.60817e-19)
(0.120674 3.52979 -2.98052e-19)
(0.114066 3.48369 3.38925e-19)
(0.104211 3.45726 8.35713e-19)
(0.0955567 3.43734 -9.54643e-19)
(0.0845344 3.40091 -4.55273e-19)
(0.0552268 2.9708 -4.54024e-19)
(0.0130326 0.734377 1.98371e-21)
(0.064824 2.38213 -1.91084e-19)
(0.0617155 3.43527 -2.50965e-19)
(0.0699676 3.53598 0)
(0.073731 3.49349 7.21562e-19)
(0.0726466 3.45813 -4.01436e-19)
(0.0689682 3.43865 4.71044e-19)
(0.064839 3.42698 -1.54538e-20)
(0.0595224 3.40931 -5.1803e-19)
(0.0459117 3.04242 -5.523e-19)
(-0.00660286 0.827402 -7.46611e-21)
(0.0430148 2.27374 5.31751e-19)
(0.0338956 3.38385 4.71378e-21)
(0.0378996 3.49759 -3.9394e-19)
(0.0428077 3.46372 1.33031e-20)
(0.0448679 3.43579 5.1077e-22)
(0.045463 3.422 0)
(0.0465412 3.41595 -5.30606e-19)
(0.0482464 3.40765 -5.52376e-19)
(0.0410713 3.08096 5.70531e-19)
(-0.0100687 0.872223 5.83162e-19)
(0.0266714 2.22973 1.76492e-19)
(0.0144696 3.35526 -5.65206e-19)
(0.0159443 3.46711 -4.11807e-19)
(0.0220336 3.43814 1.46623e-20)
(0.0267432 3.4152 -2.52566e-19)
(0.03087 3.40506 -2.50814e-19)
(0.0359929 3.40226 -2.79785e-19)
(0.0416745 3.3998 9.08693e-21)
(0.038382 3.11257 2.85308e-19)
(-0.0118165 0.914905 6.09742e-21)
(0.0147864 2.22417 -2.02943e-19)
(-0.00116602 3.34042 1.22836e-20)
(0.00104566 3.4408 4.70591e-19)
(0.0083701 3.41463 2.62486e-19)
(0.0153001 3.39487 0)
(0.0220952 3.38679 1.73323e-20)
(0.0299027 3.38588 1.01913e-20)
(0.0381442 3.38802 -3.09655e-19)
(0.0383596 3.13906 -9.70124e-21)
(-0.0127894 0.95896 3.18413e-19)
(0.00791356 2.25191 2.40996e-19)
(-0.0135225 3.33312 7.43748e-21)
(-0.00893722 3.41651 -2.67534e-19)
(-0.000685596 3.39148 -2.5917e-19)
(0.00791166 3.37358 2.62115e-19)
(0.0168294 3.36657 -2.74363e-19)
(0.0267209 3.36682 0)
(0.0371467 3.37265 -6.41616e-19)
(0.0410942 3.16149 3.28114e-19)
(-0.0128074 1.01102 -6.77211e-19)
(0.000336747 2.30358 3.97598e-21)
(-0.0230185 3.32865 0)
(-0.0169127 3.39276 -2.71431e-19)
(-0.00731286 3.36728 0)
(0.00283236 3.35025 -3.09997e-19)
(0.0137069 3.34364 0)
(0.0256434 3.34457 -3.12735e-20)
(0.0383697 3.35333 -3.35899e-19)
(0.046369 3.18008 -5.46282e-21)
(-0.0114625 1.07795 3.55627e-19)
(-0.00816589 2.3751 2.11605e-21)
(-0.0319613 3.32361 -3.00344e-19)
(-0.0243288 3.367 3.1003e-19)
(-0.013048 3.34038 0)
(-0.00109112 3.32355 0)
(0.0119264 3.31696 0)
(0.0261345 3.31824 -3.60546e-19)
(0.0415152 3.32932 6.78764e-23)
(0.0538462 3.19353 -3.7557e-19)
(-0.00826081 1.1642 3.92788e-19)
(-0.0200291 2.46459 4.63069e-21)
(-0.0420037 3.31419 1.30513e-20)
(-0.0323062 3.33654 3.05397e-19)
(-0.0186628 3.30882 0)
(-0.00433253 3.29199 0)
(0.0111555 3.28542 2.29146e-20)
(0.0278924 3.28702 3.53963e-19)
(0.0462328 3.29997 4.02122e-19)
(0.0628329 3.2011 3.80624e-19)
(-0.00238228 1.27852 0)
(-0.0366623 2.57077 6.41612e-19)
(-0.0533991 3.29626 -1.46345e-22)
(-0.0408978 3.29911 1.68599e-19)
(-0.0242263 3.27121 3.38075e-19)
(-0.00692006 3.25476 2.16841e-22)
(0.0113427 3.24852 -3.66779e-19)
(0.0306379 3.25058 4.31928e-19)
(0.0517175 3.26485 6.23669e-19)
(0.071539 3.20084 -6.85927e-21)
(0.00631936 1.42714 2.21386e-19)
(-0.0573844 2.69017 -1.82949e-19)
(-0.0648038 3.26679 1.78416e-19)
(-0.0485427 3.25393 4.08786e-19)
(-0.0288909 3.22787 2.53337e-20)
(-0.00870672 3.2127 0)
(0.0119175 3.20717 -2.13104e-19)
(0.0334513 3.20954 -2.29887e-19)
(0.0565591 3.22419 -1.44272e-20)
(0.0786589 3.1911 0)
(0.0173738 1.61314 -4.91594e-19)
(-0.0777899 2.81319 -6.091e-21)
(-0.0731884 3.22584 -1.25955e-20)
(-0.0530254 3.20361 -2.07538e-19)
(-0.0311276 3.18068 -2.52761e-19)
(-0.00953774 3.16739 2.61352e-19)
(0.0119531 3.16282 5.01795e-19)
(0.0345579 3.16552 -2.49165e-19)
(0.0587012 3.17963 -1.56629e-20)
(0.0825613 3.17189 -8.11375e-21)
(0.0296964 1.83565 -5.3494e-19)
(-0.0913292 2.92715 3.52979e-23)
(-0.0752174 3.17767 -2.13254e-19)
(-0.0531911 3.15088 2.26749e-19)
(-0.0313985 3.13037 0)
(-0.00965982 3.11847 -6.19135e-20)
(0.0121392 3.11518 3.19294e-20)
(0.0344498 3.11926 -1.34649e-19)
(0.0572756 3.13369 -2.85053e-19)
(0.081229 3.14466 -1.76193e-20)
(0.0401317 2.09272 0)
(-0.0942622 3.01618 7.1308e-21)
(-0.07344 3.12392 -1.50757e-20)
(-0.053011 3.09456 1.2876e-19)
(-0.0317332 3.07647 1.27351e-19)
(-0.00942672 3.06696 1.02745e-19)
(0.0129789 3.06523 0)
(0.0351999 3.06993 0)
(0.0563562 3.08472 1.68397e-19)
(0.0780234 3.10954 1.53755e-19)
(0.0469678 2.3799 0)
(-0.0977905 3.04861 4.45366e-20)
(-0.071021 3.05631 1.29175e-19)
(-0.0469265 3.03641 0)
(-0.0258293 3.02733 3.4722e-20)
(-0.00711559 3.0231 4.65318e-24)
(0.0102193 3.02266 3.65267e-20)
(0.0288004 3.0248 -7.49257e-20)
(0.0498266 3.033 8.02678e-20)
(0.0801909 3.05608 2.03979e-20)
(0.0507457 2.66631 8.80276e-20)
(-0.0535166 2.99792 -2.89629e-22)
(-0.0251493 2.99987 -3.09831e-20)
(-0.0134367 3.00079 0)
(-0.00724204 3.00085 3.07785e-20)
(-0.00247411 3.0013 -3.02704e-20)
(0.00233806 3.00078 3.19241e-20)
(0.0069332 2.99993 0)
(0.0138792 2.99949 3.47233e-20)
(0.0297359 2.99958 -3.67746e-20)
(0.0276269 2.90802 0)
(0.53311 -0.0342559 0)
(1.0554 -0.0888928 0)
(1.04643 -0.0726023 0)
(1.02118 -0.0478072 0)
(1.00961 -0.0301275 0)
(1.00451 -0.0182713 0)
(1.00229 -0.0110161 0)
(1.00127 -0.00653326 0)
(1.00079 -0.00354888 0)
(1.00056 -0.00130884 0)
(1.00051 0.00067595 0)
(1.00063 0.00275837 0)
(1.00095 0.00526532 0)
(1.00167 0.00883666 0)
(1.00319 0.0144315 0)
(1.00656 0.0236991 0)
(1.01439 0.0384216 0)
(1.03126 0.0591588 0)
(1.06137 0.0846164 0)
(0.939245 0.0856242 0)
(0.263582 -0.005346 0)
(1.00615 -0.056911 0)
(1.10343 -0.0580857 0)
(1.06861 -0.0479794 0)
(1.03963 -0.0388252 0)
(1.02181 -0.0293041 0)
(1.01195 -0.0203793 0)
(1.00684 -0.013081 0)
(1.00424 -0.0073987 0)
(1.00303 -0.00275547 0)
(1.00278 0.00150704 0)
(1.00344 0.00590423 0)
(1.00522 0.0108971 0)
(1.00888 0.017246 0)
(1.01603 0.025291 0)
(1.02949 0.0345959 0)
(1.05255 0.0438711 0)
(1.08838 0.0536203 0)
(1.09211 0.059095 0)
(0.723439 0.0309827 0)
(0.192035 -0.00079708 0)
(0.883833 -0.0300545 0)
(1.10311 -0.0460915 0)
(1.08898 -0.0416417 0)
(1.05858 -0.0345903 0)
(1.03787 -0.0283408 0)
(1.02382 -0.0221183 0)
(1.01493 -0.0157006 0)
(1.00976 -0.00948222 0)
(1.00715 -0.00359723 0)
(1.00659 0.00218293 0)
(1.00805 0.00798611 0)
(1.01174 0.0138958 0)
(1.01857 0.0201153 0)
(1.02984 0.0262648 0)
(1.04699 0.0322305 0)
(1.07198 0.0386275 0)
(1.1035 0.0454666 0)
(1.04801 0.0425698 0)
(0.563276 0.0101573 0)
(0.16384 -0.000567965 0)
(0.78457 -0.0174489 0)
(1.08437 -0.0368915 0)
(1.09911 -0.0370064 0)
(1.06876 -0.0319199 0)
(1.0475 -0.0265268 0)
(1.03292 -0.0211005 0)
(1.02277 -0.0156246 0)
(1.01607 -0.00985851 0)
(1.01231 -0.00373102 0)
(1.01144 0.00267809 0)
(1.01357 0.00894578 0)
(1.01858 0.0147128 0)
(1.02684 0.0200918 0)
(1.03895 0.0252343 0)
(1.05646 0.0304181 0)
(1.08241 0.0354723 0)
(1.10478 0.0388994 0)
(0.98603 0.0303957 0)
(0.479147 0.00536331 0)
(0.146372 -0.000416594 0)
(0.710024 -0.0115906 0)
(1.05656 -0.0298424 0)
(1.10403 -0.0324313 0)
(1.07733 -0.0289307 0)
(1.05494 -0.0246921 0)
(1.03978 -0.019919 0)
(1.0293 -0.0147992 0)
(1.02209 -0.00935589 0)
(1.01775 -0.00337817 0)
(1.01665 0.00307962 0)
(1.0191 0.00927584 0)
(1.02458 0.0147133 0)
(1.03315 0.0196801 0)
(1.0456 0.0242979 0)
(1.06394 0.0284655 0)
(1.09117 0.0322742 0)
(1.09938 0.0335522 0)
(0.924793 0.0226638 0)
(0.426224 0.00365811 0)
(0.133994 -0.00031335 0)
(0.65361 -0.0084217 0)
(1.02469 -0.0244332 0)
(1.10569 -0.028748 0)
(1.08478 -0.0260889 0)
(1.06173 -0.0224562 0)
(1.04598 -0.0183748 0)
(1.03506 -0.0137401 0)
(1.02758 -0.008558 0)
(1.023 -0.00277931 0)
(1.02176 0.00348203 0)
(1.02422 0.00943783 0)
(1.02981 0.0145859 0)
(1.0386 0.0191152 0)
(1.05152 0.0230251 0)
(1.07048 0.02641 0)
(1.09726 0.0295747 0)
(1.08794 0.0294081 0)
(0.869367 0.0175777 0)
(0.388156 0.00274817 0)
(0.12469 -0.000241052 0)
(0.610009 -0.00639853 0)
(0.992093 -0.0200622 0)
(1.10477 -0.0255752 0)
(1.09137 -0.0236767 0)
(1.06783 -0.0203033 0)
(1.05172 -0.0166038 0)
(1.04049 -0.0124145 0)
(1.03271 -0.00757852 0)
(1.02791 -0.00205038 0)
(1.02652 0.00395803 0)
(1.02892 0.00961572 0)
(1.03458 0.0143872 0)
(1.04355 0.0184072 0)
(1.05671 0.021783 0)
(1.0761 0.0247414 0)
(1.10068 0.0273431 0)
(1.07222 0.0259169 0)
(0.820941 0.0140239 0)
(0.358935 0.00216497 0)
(0.117522 -0.00018596 0)
(0.575668 -0.00497078 0)
(0.96076 -0.0164936 0)
(1.10156 -0.0227011 0)
(1.09719 -0.0214512 0)
(1.07344 -0.0182404 0)
(1.05702 -0.0147638 0)
(1.04559 -0.0108779 0)
(1.03758 -0.00638633 0)
(1.03255 -0.00117086 0)
(1.03097 0.0045376 0)
(1.03327 0.00983249 0)
(1.03893 0.014163 0)
(1.04795 0.0177319 0)
(1.06125 0.0207239 0)
(1.08102 0.023363 0)
(1.10217 0.0254123 0)
(1.05375 0.0229419 0)
(0.779049 0.011472 0)
(0.335638 0.00175825 0)
(0.111944 -0.000142949 0)
(0.548284 -0.00390083 0)
(0.931784 -0.0135549 0)
(1.09643 -0.0200164 0)
(1.10211 -0.0193006 0)
(1.07878 -0.016266 0)
(1.06201 -0.0129524 0)
(1.05039 -0.00926015 0)
(1.04221 -0.00500769 0)
(1.03696 -9.82207e-05 0)
(1.03516 0.00524069 0)
(1.03732 0.0101201 0)
(1.04287 0.0140534 0)
(1.05185 0.0172598 0)
(1.0653 0.0199294 0)
(1.08534 0.0222704 0)
(1.10226 0.0237661 0)
(1.03362 0.0204199 0)
(0.74273 0.00960058 0)
(0.316528 0.0014658 0)
(0.107604 -0.000107997 0)
(0.526333 -0.00305655 0)
(0.905715 -0.0110819 0)
(1.08997 -0.0174448 0)
(1.10617 -0.017157 0)
(1.0839 -0.0142936 0)
(1.06681 -0.0110989 0)
(1.05499 -0.00755734 0)
(1.04663 -0.00350318 0)
(1.04115 0.00114402 0)
(1.03909 0.00613142 0)
(1.04102 0.0106062 0)
(1.04642 0.0141439 0)
(1.05532 0.0169831 0)
(1.06886 0.0193426 0)
(1.08915 0.0214333 0)
(1.10095 0.0223956 0)
(1.01267 0.0182998 0)
(0.710985 0.00820653 0)
(0.300455 0.00125387 0)
(0.104273 -7.84603e-05 0)
(0.508812 -0.00235901 0)
(0.882816 -0.00894682 0)
(1.08279 -0.0149498 0)
(1.10956 -0.0149581 0)
(1.08889 -0.0122215 0)
(1.07147 -0.00910385 0)
(1.05942 -0.00569566 0)
(1.05085 -0.00180554 0)
(1.04513 0.00260784 0)
(1.04276 0.00724177 0)
(1.04437 0.0113112 0)
(1.04954 0.0144727 0)
(1.05834 0.0169495 0)
(1.07197 0.0189695 0)
(1.0924 0.020804 0)
(1.09825 0.0212375 0)
(0.991509 0.0165369 0)
(0.682962 0.00715719 0)
(0.286623 0.0010996 0)
(0.101802 -5.19663e-05 0)
(0.49506 -0.00175143 0)
(0.86319 -0.00703381 0)
(1.0754 -0.0124738 0)
(1.11261 -0.0126797 0)
(1.09379 -0.0100611 0)
(1.07603 -0.00700044 0)
(1.06369 -0.00366282 0)
(1.05484 0.000115884 0)
(1.04877 0.00431984 0)
(1.04601 0.00864062 0)
(1.04727 0.0123088 0)
(1.05219 0.0150514 0)
(1.06088 0.0171536 0)
(1.07464 0.0188555 0)
(1.09479 0.0203885 0)
(1.09409 0.020248 0)
(0.970477 0.0150705 0)
(0.657946 0.00636002 0)
(0.274442 0.000988527 0)
(0.10011 -2.63614e-05 0)
(0.484681 -0.00119183 0)
(0.846923 -0.00524813 0)
(1.06826 -0.00994165 0)
(1.11539 -0.0102146 0)
(1.09861 -0.00767264 0)
(1.08057 -0.00462733 0)
(1.06794 -0.00132226 0)
(1.05875 0.00236282 0)
(1.05228 0.00637768 0)
(1.04903 0.0103842 0)
(1.04986 0.0136276 0)
(1.05447 0.0159348 0)
(1.06299 0.0176362 0)
(1.0768 0.0189985 0)
(1.09625 0.0201409 0)
(1.08852 0.019414 0)
(0.949798 0.013866 0)
(0.635355 0.00575778 0)
(0.263477 0.000911883 0)
(0.0991657 -8.33391e-07 0)
(0.477469 -0.000653424 0)
(0.834098 -0.00351145 0)
(1.06189 -0.00731581 0)
(1.11807 -0.00750015 0)
(1.10342 -0.00495827 0)
(1.08515 -0.0019145 0)
(1.07216 0.00137566 0)
(1.06259 0.00500422 0)
(1.05562 0.00886487 0)
(1.05178 0.0125491 0)
(1.05205 0.0153265 0)
(1.05627 0.0171489 0)
(1.06459 0.0183739 0)
(1.07841 0.0193253 0)
(1.0967 0.0200624 0)
(1.08163 0.0186991 0)
(0.929595 0.0128907 0)
(0.614713 0.00530994 0)
(0.253389 0.000862213 0)
(0.0989816 1.99563e-05 0)
(0.473327 -0.000126863 0)
(0.824817 -0.00178318 0)
(1.0567 -0.00457353 0)
(1.12079 -0.00455304 0)
(1.10829 -0.00199163 0)
(1.08976 0.00109185 0)
(1.07638 0.00443819 0)
(1.06637 0.00808935 0)
(1.05884 0.0118587 0)
(1.05427 0.0152443 0)
(1.05383 0.0175674 0)
(1.05752 0.0189131 0)
(1.06553 0.0196203 0)
(1.07932 0.0200761 0)
(1.0961 0.0201688 0)
(1.07348 0.0182432 0)
(0.909824 0.0121702 0)
(0.595582 0.00501627 0)
(0.243869 0.000841541 0)
(0.0995955 6.17233e-05 0)
(0.472575 0.000473258 0)
(0.819286 4.27923e-05 0)
(1.05311 -0.00159037 0)
(1.12361 -0.00118943 0)
(1.11319 0.00143506 0)
(1.09451 0.00462315 0)
(1.08068 0.00810665 0)
(1.07005 0.0118138 0)
(1.0617 0.0154978 0)
(1.05621 0.0186032 0)
(1.05499 0.020401 0)
(1.05813 0.0211297 0)
(1.06577 0.0212657 0)
(1.07936 0.0211788 0)
(1.09439 0.0205259 0)
(1.06397 0.017992 0)
(0.890384 0.0116815 0)
(0.577538 0.00485605 0)
(0.234645 0.000844018 0)
(0.101154 8.97251e-05 0)
(0.474817 0.0011277 0)
(0.81771 0.00194207 0)
(1.05158 0.00159549 0)
(1.1269 0.00262261 0)
(1.11836 0.00546588 0)
(1.09957 0.00882713 0)
(1.08526 0.0124561 0)
(1.074 0.0162756 0)
(1.0648 0.0199393 0)
(1.05821 0.022746 0)
(1.0559 0.0239878 0)
(1.05821 0.0240843 0)
(1.06533 0.0234924 0)
(1.07848 0.0227057 0)
(1.09146 0.0213113 0)
(1.05316 0.0180912 0)
(0.871089 0.0114995 0)
(0.560119 0.00484795 0)
(0.225461 0.000867943 0)
(0.103685 0.00013575 0)
(0.480772 0.00186294 0)
(0.820404 0.00404585 0)
(1.05271 0.00501947 0)
(1.13084 0.00683685 0)
(1.12387 0.0100182 0)
(1.10487 0.0136512 0)
(1.08995 0.0175503 0)
(1.07782 0.0216054 0)
(1.06745 0.0253406 0)
(1.05948 0.0278974 0)
(1.05598 0.0285529 0)
(1.05736 0.0278702 0)
(1.06387 0.0264832 0)
(1.07648 0.0249208 0)
(1.08711 0.0227713 0)
(1.04085 0.0187433 0)
(0.851492 0.0117515 0)
(0.542705 0.00505319 0)
(0.215985 0.000922579 0)
(0.10741 0.000188832 0)
(0.490378 0.00264429 0)
(0.827406 0.00626534 0)
(1.05682 0.00877757 0)
(1.13573 0.0115663 0)
(1.12999 0.0152302 0)
(1.11076 0.0193112 0)
(1.09518 0.0237008 0)
(1.08205 0.0281449 0)
(1.07029 0.0319939 0)
(1.06063 0.0342386 0)
(1.05558 0.0342114 0)
(1.05577 0.0326895 0)
(1.06144 0.0304652 0)
(1.07341 0.0280276 0)
(1.08114 0.0250738 0)
(1.02679 0.0201003 0)
(0.831083 0.0125931 0)
(0.524441 0.00554132 0)
(0.205752 0.00101893 0)
(0.112512 0.000249528 0)
(0.504039 0.00351611 0)
(0.839158 0.00862825 0)
(1.06448 0.0129328 0)
(1.14208 0.0170166 0)
(1.13706 0.0214574 0)
(1.11753 0.0262198 0)
(1.10105 0.0312581 0)
(1.08655 0.0361611 0)
(1.073 0.0401466 0)
(1.06129 0.0420636 0)
(1.05437 0.0412446 0)
(1.05325 0.0387564 0)
(1.05796 0.0355757 0)
(1.06911 0.0321776 0)
(1.0734 0.0282922 0)
(1.0108 0.0223919 0)
(0.809053 0.0141491 0)
(0.504224 0.00634071 0)
(0.194187 0.00116468 0)
(0.119292 0.000325941 0)
(0.522378 0.00457268 0)
(0.856251 0.0113375 0)
(1.07631 0.0177135 0)
(1.15064 0.0235063 0)
(1.14555 0.0291129 0)
(1.1254 0.0347765 0)
(1.10764 0.040612 0)
(1.09135 0.0460786 0)
(1.07557 0.0502002 0)
(1.06138 0.0516298 0)
(1.05229 0.0498598 0)
(1.04961 0.0462901 0)
(1.05327 0.0419977 0)
(1.06336 0.0375586 0)
(1.06377 0.0326813 0)
(0.992449 0.0257044 0)
(0.784292 0.0163726 0)
(0.48092 0.00739929 0)
(0.180761 0.00134885 0)
(0.128326 0.000430809 0)
(0.546703 0.00593175 0)
(0.879671 0.0146971 0)
(1.09303 0.0236004 0)
(1.16212 0.0314462 0)
(1.15599 0.0384906 0)
(1.13469 0.04528 0)
(1.1152 0.0521298 0)
(1.09663 0.0582988 0)
(1.07807 0.0625415 0)
(1.0609 0.0633384 0)
(1.04929 0.0604416 0)
(1.04482 0.0556052 0)
(1.0473 0.050114 0)
(1.05613 0.044357 0)
(1.05198 0.0383796 0)
(0.970928 0.0299907 0)
(0.755565 0.0191582 0)
(0.453521 0.00863817 0)
(0.165071 0.00155551 0)
(0.140638 0.000590559 0)
(0.579336 0.00777624 0)
(0.911103 0.0191624 0)
(1.11552 0.0313964 0)
(1.17701 0.0416979 0)
(1.16876 0.0504691 0)
(1.14569 0.0586508 0)
(1.12382 0.0667037 0)
(1.10224 0.0735329 0)
(1.0802 0.0776724 0)
(1.05955 0.0775457 0)
(1.04509 0.0732262 0)
(1.03861 0.0669389 0)
(1.03977 0.0600501 0)
(1.04695 0.0528323 0)
(1.03747 0.045316 0)
(0.945294 0.0351394 0)
(0.721552 0.0223598 0)
(0.421184 0.00995802 0)
(0.146904 0.00175932 0)
(0.15813 0.000862089 0)
(0.62429 0.0104223 0)
(0.953281 0.0256287 0)
(1.14526 0.0424867 0)
(1.19614 0.0557722 0)
(1.18432 0.0667532 0)
(1.15858 0.0765696 0)
(1.13341 0.0856752 0)
(1.10793 0.0927351 0)
(1.08174 0.096177 0)
(1.05711 0.0944765 0)
(1.03952 0.0881887 0)
(1.03089 0.0801172 0)
(1.03052 0.0717056 0)
(1.03547 0.0629679 0)
(1.01953 0.0535169 0)
(0.914487 0.0411411 0)
(0.680743 0.0257968 0)
(0.383175 0.0112621 0)
(0.126176 0.00193906 0)
(0.184736 0.00135723 0)
(0.688387 0.0146561 0)
(1.01038 0.0361863 0)
(1.18432 0.0594716 0)
(1.22073 0.0764507 0)
(1.20289 0.0897961 0)
(1.17302 0.101002 0)
(1.14332 0.110462 0)
(1.11299 0.116827 0)
(1.08198 0.118576 0)
(1.05296 0.114359 0)
(1.0321 0.105391 0)
(1.02138 0.0950798 0)
(1.01954 0.0849135 0)
(1.02164 0.0746681 0)
(0.997697 0.0631308 0)
(0.876941 0.0479166 0)
(0.631406 0.029168 0)
(0.338703 0.0123735 0)
(0.102843 0.00206294 0)
(0.232999 0.00309306 0)
(0.78618 0.024603 6.30009e-34)
(1.09116 0.0570586 2.70474e-34)
(1.23442 0.0881403 0)
(1.25089 0.107883 0)
(1.2236 0.122551 0)
(1.18784 0.133777 0)
(1.15237 0.142084 0)
(1.11645 0.146345 0)
(1.08022 0.145199 0)
(1.04666 0.137585 0)
(1.02251 0.125478 0)
(1.00981 0.112706 7.33417e-34)
(1.00678 0.100583 0)
(1.00573 0.0887071 0)
(0.970334 0.0745491 0)
(0.829548 0.0549674 0)
(0.571788 0.0321234 0)
(0.286145 0.0128678 0)
(0.0761619 0.00203939 0)
(0.272409 0.0113802 2.87574e-21)
(0.880917 0.0551678 1.69897e-20)
(1.16838 0.0972515 5.1444e-21)
(1.28081 0.131297 8.80383e-21)
(1.28122 0.151324 0)
(1.24378 0.164849 -1.32294e-20)
(1.20136 0.174916 1.08169e-20)
(1.1596 0.181521 -2.09367e-22)
(1.1176 0.183633 0)
(1.0755 0.179916 -1.34795e-20)
(1.03651 0.169516 1.51585e-22)
(1.00795 0.154995 0)
(0.992154 0.140395 -7.79182e-20)
(0.987014 0.126585 -1.14064e-20)
(0.979942 0.111885 -5.46041e-20)
(0.924359 0.0919543 1.61989e-20)
(0.761135 0.0658084 0)
(0.497702 0.0378077 9.52391e-20)
(0.229678 0.0152644 -1.12323e-19)
(0.051612 0.00283787 3.95667e-21)
(0.28038 0.0289662 1.91013e-19)
(0.933421 0.103282 0)
(1.22216 0.152838 -5.15042e-20)
(1.31605 0.186671 0)
(1.30634 0.204593 -8.96836e-20)
(1.26101 0.214825 -5.05908e-20)
(1.21213 0.222074 4.52561e-20)
(1.16419 0.226105 8.16389e-20)
(1.11619 0.225723 -6.72814e-20)
(1.06824 0.219612 -1.1739e-19)
(1.02367 0.207 1.17333e-19)
(0.990259 0.190733 0)
(0.970357 0.174655 0)
(0.960522 0.1589 5.05289e-20)
(0.945165 0.140827 1.18894e-19)
(0.878165 0.116086 3.56387e-20)
(0.7115 0.0846313 4.10268e-20)
(0.459666 0.0504983 3.92504e-19)
(0.209679 0.0211188 -1.44087e-20)
(0.0457633 0.00443927 -1.10642e-18)
(0.274757 0.0437643 0)
(0.95668 0.153354 -1.77599e-21)
(1.2541 0.216737 -4.77293e-20)
(1.33944 0.250107 0)
(1.32403 0.264324 0)
(1.27329 0.270202 5.10284e-20)
(1.21915 0.273487 -9.07221e-20)
(1.16594 0.274033 -1.67851e-19)
(1.11263 0.270517 1.45008e-19)
(1.0594 0.261487 6.11691e-20)
(1.00968 0.246091 -2.00176e-21)
(0.971512 0.227379 -1.54417e-19)
(0.946916 0.209003 -2.74849e-19)
(0.931016 0.190729 -5.5702e-20)
(0.908623 0.170077 -6.50077e-20)
(0.839242 0.142389 3.11674e-19)
(0.682525 0.107137 4.10094e-19)
(0.44711 0.0652015 0)
(0.2102 0.029696 3.78058e-22)
(0.0497948 0.00709245 5.61696e-20)
(0.266482 0.057003 1.8687e-20)
(0.962605 0.203586 -3.09992e-20)
(1.27056 0.281969 -1.7611e-19)
(1.35228 0.316203 -8.15957e-20)
(1.33391 0.326889 1.05544e-19)
(1.27982 0.328393 1.67877e-21)
(1.22193 0.327474 9.90038e-20)
(1.16458 0.324228 0)
(1.10685 0.317174 1.54164e-19)
(1.0489 0.304675 -1.30325e-19)
(0.994379 0.285702 1.34719e-19)
(0.951639 0.263667 -2.672e-21)
(0.922325 0.242457 2.00868e-19)
(0.901004 0.2218 1.20089e-19)
(0.87418 0.199603 3.57582e-19)
(0.807344 0.171131 8.44108e-20)
(0.662964 0.132437 -3.49568e-19)
(0.445027 0.0843073 5.83722e-20)
(0.220119 0.0411046 1.10803e-18)
(0.0585475 0.0111692 4.10788e-20)
(0.258194 0.0687792 1.38888e-19)
(0.958387 0.2518 -7.77432e-20)
(1.27659 0.346274 0)
(1.35685 0.382452 1.14036e-19)
(1.33702 0.390081 1.09051e-20)
(1.28101 0.3875 1.0292e-19)
(1.22056 0.382551 -4.69825e-21)
(1.16001 0.375544 -1.79627e-19)
(1.09863 0.364794 7.85319e-20)
(1.03653 0.348426 0)
(0.97757 0.325363 5.92391e-19)
(0.93063 0.299605 1.82791e-19)
(0.897167 0.27552 -2.1918e-19)
(0.871625 0.253001 0)
(0.842365 0.230083 0)
(0.779909 0.201263 9.26829e-20)
(0.647762 0.159794 4.36103e-19)
(0.447084 0.106541 0)
(0.233196 0.0553411 1.21275e-18)
(0.0688877 0.016704 -1.00639e-22)
(0.250908 0.0795442 -1.04705e-19)
(0.948977 0.297114 2.89154e-20)
(1.27551 0.408461 -1.91423e-19)
(1.35513 0.447183 -1.4465e-19)
(1.33472 0.452511 -1.11915e-19)
(1.27774 0.446318 0)
(1.21554 0.43765 0)
(1.15249 0.427018 -1.87675e-19)
(1.08802 0.412547 -8.99239e-20)
(1.02222 0.392142 1.47861e-19)
(0.959265 0.364809 3.18845e-19)
(0.908604 0.33532 -1.93183e-19)
(0.871821 0.308617 -2.37318e-19)
(0.843343 0.284616 -1.41278e-19)
(0.812926 0.261279 3.33502e-19)
(0.754473 0.231994 4.02207e-19)
(0.633706 0.187938 -1.06536e-18)
(0.448338 0.130164 0)
(0.244724 0.0709359 -1.23865e-18)
(0.0780383 0.0229577 -1.54984e-18)
(0.245294 0.0897294 9.80631e-21)
(0.937615 0.339612 5.4521e-20)
(1.26976 0.467872 4.02081e-20)
(1.34894 0.509588 4.64314e-20)
(1.3283 0.513269 1.01491e-19)
(1.27091 0.504014 2.19853e-19)
(1.20753 0.491991 0)
(1.14247 0.477924 -1.98462e-19)
(1.07531 0.459797 3.6221e-19)
(1.00622 0.435359 -1.68883e-19)
(0.939658 0.403794 -3.42376e-19)
(0.885803 0.370688 2.1424e-19)
(0.846489 0.341519 5.05555e-19)
(0.816105 0.316073 0)
(0.785296 0.29205 0)
(0.730407 0.261986 -3.2581e-19)
(0.618626 0.215627 0)
(0.446472 0.153257 0)
(0.251548 0.0861182 8.97558e-20)
(0.0840273 0.0289563 1.62673e-18)
(0.24125 0.0996811 0)
(0.926079 0.379662 0)
(1.2611 0.524253 6.66029e-20)
(1.33974 0.569339 9.81916e-20)
(1.31886 0.57182 -1.9745e-19)
(1.26136 0.559978 1.19018e-19)
(1.19716 0.544988 2.16433e-19)
(1.13044 0.52772 9.97848e-20)
(1.06091 0.506091 1.93501e-19)
(0.988846 0.477742 0)
(0.919035 0.442076 0)
(0.862403 0.405451 4.45596e-19)
(0.821152 0.373822 -2.73425e-19)
(0.789491 0.346786 0)
(0.758596 0.321674 1.99466e-19)
(0.70657 0.290546 -2.35089e-19)
(0.602278 0.241716 2.80589e-19)
(0.440371 0.174532 -1.31092e-18)
(0.252478 0.0995004 9.67407e-20)
(0.0860826 0.0338771 5.79897e-22)
(0.238364 0.109302 -5.85623e-20)
(0.91514 0.417523 0)
(1.25082 0.577791 -2.88283e-20)
(1.32861 0.626233 -9.22102e-20)
(1.3073 0.627821 -1.98066e-19)
(1.24979 0.613811 -1.09481e-19)
(1.18502 0.596213 1.16297e-19)
(1.11689 0.576021 -2.13827e-19)
(1.04524 0.551104 4.03842e-19)
(0.970463 0.519062 1.78158e-19)
(0.897673 0.479464 7.8642e-19)
(0.838572 0.439374 1.00381e-21)
(0.795772 0.405186 -4.07317e-21)
(0.763255 0.376365 3.57949e-19)
(0.73243 0.349869 4.24943e-19)
(0.682623 0.317304 0)
(0.584006 0.266042 -1.52658e-19)
(0.429785 0.19316 -1.4167e-18)
(0.247227 0.110416 -1.04196e-19)
(0.0843732 0.0373826 0)
(0.236648 0.118956 0)
(0.905396 0.453709 -7.94516e-21)
(1.23922 0.62894 2.66043e-20)
(1.31631 0.679994 -2.90525e-20)
(1.29431 0.681127 1.9196e-19)
(1.23683 0.665261 -1.06496e-19)
(1.17161 0.645388 -1.22801e-19)
(1.10225 0.622556 -2.25766e-19)
(1.02869 0.59463 -4.28861e-19)
(0.95141 0.559169 4.8733e-19)
(0.875825 0.515833 0)
(0.814444 0.472294 0)
(0.770303 0.435409 -3.17518e-19)
(0.737163 0.404512 -3.85953e-19)
(0.706484 0.376337 6.90431e-19)
(0.658367 0.341831 1.3647e-18)
(0.563803 0.287222 6.46755e-19)
(0.414824 0.208473 -1.91507e-19)
(0.236777 0.117966 1.12388e-19)
(0.0796369 0.0390968 0)
(0.235719 0.128519 -8.27872e-22)
(0.896691 0.488259 2.55276e-21)
(1.22735 0.677203 3.42915e-20)
(1.30321 0.730956 3.49777e-20)
(1.28046 0.731666 8.96596e-20)
(1.22297 0.714203 1.10182e-19)
(1.15736 0.692352 -1.07825e-19)
(1.08692 0.667171 -3.5805e-19)
(1.01161 0.636534 1.17514e-19)
(0.931988 0.597968 -1.00017e-19)
(0.853712 0.55112 -1.08967e-19)
(0.790093 0.504147 -8.46096e-19)
(0.744682 0.464395 1.02687e-18)
(0.711012 0.431144 4.04753e-19)
(0.680451 0.40092 0)
(0.633516 0.363974 -5.86431e-19)
(0.541641 0.305344 0)
(0.396019 0.220028 -8.24626e-19)
(0.222723 0.122076 9.69495e-19)
(0.0728885 0.0391176 -9.92096e-19)
(0.235435 0.13806 -6.10479e-21)
(0.889121 0.521506 -4.27867e-21)
(1.21567 0.722747 1.49442e-20)
(1.28972 0.779119 7.93436e-21)
(1.26617 0.779442 -8.49924e-20)
(1.20861 0.760609 0)
(1.14264 0.737033 -1.09536e-19)
(1.07122 0.70978 1.28132e-19)
(0.994317 0.676747 -3.46573e-19)
(0.91246 0.63541 0)
(0.83151 0.585312 -8.35888e-19)
(0.765596 0.534941 1.05488e-18)
(0.718845 0.492149 -7.34672e-19)
(0.684658 0.45627 0)
(0.654132 0.423632 -5.33038e-19)
(0.607871 0.38372 3.16711e-19)
(0.517479 0.320329 1.87976e-19)
(0.373802 0.227815 6.6509e-19)
(0.205325 0.123059 2.09136e-18)
(0.0648667 0.0377203 0)
(0.23544 0.147426 1.68671e-20)
(0.882569 0.553402 0)
(1.20414 0.765806 -8.30408e-21)
(1.27616 0.824546 2.94078e-20)
(1.25173 0.824519 -3.47593e-20)
(1.19405 0.804485 -1.09681e-20)
(1.12775 0.779417 -5.54692e-20)
(1.05545 0.75036 5.06643e-19)
(0.977056 0.715248 4.98219e-21)
(0.893056 0.67149 0)
(0.809394 0.618434 0)
(0.741019 0.564741 6.50777e-21)
(0.692775 0.518754 5.90843e-19)
(0.657995 0.479956 0)
(0.627388 0.444518 -5.74143e-19)
(0.581351 0.401072 3.42575e-19)
(0.491507 0.332119 2.03313e-19)
(0.348894 0.231875 9.57255e-19)
(0.185708 0.121033 9.85725e-19)
(0.0558516 0.0350461 0)
(0.235778 0.15686 -4.75989e-20)
(0.876753 0.584022 -1.83835e-20)
(1.19291 0.806249 1.63025e-20)
(1.26276 0.867362 -2.361e-20)
(1.23737 0.866994 -1.51709e-19)
(1.17954 0.845894 2.15023e-19)
(1.11293 0.81953 -1.9227e-19)
(1.03983 0.788918 0)
(0.960053 0.752029 0)
(0.873974 0.706208 -9.93326e-19)
(0.787544 0.650534 1.08702e-18)
(0.716479 0.593667 1.757e-19)
(0.66648 0.544355 -1.06185e-18)
(0.630942 0.502319 0)
(0.60012 0.463632 1.2343e-18)
(0.553924 0.415996 -3.71674e-19)
(0.463829 0.340565 -1.31004e-18)
(0.322092 0.232185 0)
(0.164938 0.116122 -1.21366e-18)
(0.0463526 0.0312039 0)
(0.236372 0.16601 6.73144e-20)
(0.871372 0.613617 -5.34759e-20)
(1.18208 0.844495 -2.44911e-20)
(1.2496 0.907698 1.66187e-21)
(1.22323 0.906966 -1.47471e-20)
(1.16524 0.884905 0)
(1.09836 0.857422 0)
(1.02453 0.825487 -1.06243e-18)
(0.943477 0.787117 -3.3831e-19)
(0.855396 0.739586 -1.23797e-19)
(0.766134 0.681668 -1.15762e-18)
(0.692113 0.621852 -7.35984e-19)
(0.639976 0.569139 2.30447e-19)
(0.603401 0.523514 8.24713e-19)
(0.572184 0.480981 -3.34121e-19)
(0.525498 0.428333 7.92729e-19)
(0.434574 0.345441 0)
(0.293733 0.228661 -1.66522e-18)
(0.143497 0.108745 1.63298e-18)
(0.0369057 0.0266071 0)
(0.236924 0.174849 1.31144e-19)
(0.866447 0.642024 7.10928e-20)
(1.17171 0.88071 9.96303e-21)
(1.23679 0.945654 -4.2776e-21)
(1.20944 0.944539 2.53082e-20)
(1.1513 0.921614 2.04609e-19)
(1.08416 0.89316 -3.22081e-19)
(1.00969 0.860108 1.02895e-18)
(0.927471 0.820529 6.34452e-19)
(0.837471 0.771641 -7.90497e-20)
(0.745323 0.711889 1.4729e-19)
(0.66804 0.649427 7.85108e-19)
(0.613308 0.593332 9.73188e-19)
(0.575276 0.543769 1.51834e-21)
(0.543367 0.496582 -3.54851e-19)
(0.495961 0.437801 4.26261e-19)
(0.40398 0.346403 1.80059e-21)
(0.264436 0.221289 2.99183e-19)
(0.122118 0.0991928 3.50511e-19)
(0.0278924 0.0214924 -8.23621e-19)
(0.237428 0.183572 1.11142e-19)
(0.861798 0.669038 -9.0853e-20)
(1.16169 0.914908 0)
(1.22437 0.981328 -9.0969e-21)
(1.19606 0.979819 -3.31609e-20)
(1.13778 0.956107 1.5696e-19)
(1.07044 0.926825 -3.02881e-19)
(0.995409 0.892842 6.36689e-19)
(0.91213 0.852302 1.24322e-18)
(0.820305 0.80238 -7.57622e-20)
(0.725248 0.741231 1.68138e-19)
(0.644406 0.676508 -8.36018e-19)
(0.586566 0.617173 2.55907e-19)
(0.546476 0.563395 0)
(0.513317 0.510503 3.81624e-19)
(0.464948 0.443926 3.06382e-21)
(0.372315 0.342711 -5.45855e-19)
(0.235363 0.209833 6.4201e-19)
(0.102113 0.0879409 0)
(0.0199001 0.0163328 0)
(0.237921 0.191693 6.85572e-20)
(0.857505 0.694815 0)
(1.15197 0.947126 -1.02502e-19)
(1.21238 1.01485 -3.09487e-20)
(1.18315 1.01293 3.69981e-20)
(1.12475 0.988496 -3.70782e-20)
(1.05726 0.958492 3.24787e-19)
(0.981755 0.92375 1.4446e-19)
(0.897524 0.882469 0)
(0.803971 0.831817 -7.11928e-20)
(0.70603 0.769714 -8.20034e-20)
(0.621376 0.703201 8.8899e-19)
(0.559886 0.640889 1.11176e-18)
(0.516963 0.582807 0)
(0.481575 0.523026 -4.16677e-19)
(0.431662 0.446175 0)
(0.339592 0.33296 0)
(0.208402 0.193204 -1.11954e-21)
(0.086181 0.0750792 4.05609e-19)
(0.0142108 0.0116018 2.37412e-19)
(0.238235 0.199783 0)
(0.853386 0.71944 -7.26752e-20)
(1.1427 0.977559 1.17974e-19)
(1.20088 1.04633 -5.26178e-20)
(1.17072 1.04396 9.98466e-21)
(1.11225 1.01888 -2.56178e-20)
(1.04464 0.988245 -2.45314e-19)
(0.968751 0.952885 5.31344e-19)
(0.883684 0.911071 0)
(0.78854 0.859975 -2.529e-18)
(0.687766 0.797341 -9.63626e-20)
(0.599115 0.729575 9.42867e-19)
(0.533436 0.664678 -1.03984e-18)
(0.486813 0.602467 3.71077e-19)
(0.447679 0.534762 1.32969e-18)
(0.394654 0.444499 4.20296e-21)
(0.304506 0.315145 -1.26663e-18)
(0.185246 0.167 1.11423e-18)
(0.0813761 0.054414 4.34511e-19)
(0.0200585 0.00475042 2.54161e-19)
(0.238514 0.207224 1.9178e-19)
(0.849194 0.742492 -2.39063e-19)
(1.13374 1.00622 -1.44454e-19)
(1.18986 1.07589 -8.7612e-20)
(1.1588 1.07304 7.3268e-21)
(1.10027 1.04735 -1.47635e-20)
(1.03261 1.01618 0)
(0.956417 0.980326 1.16701e-18)
(0.870623 0.938147 7.52095e-20)
(0.774015 0.886851 -1.33148e-18)
(0.670527 0.824087 -1.88714e-19)
(0.577787 0.755687 -8.73982e-19)
(0.507428 0.688676 1.2584e-18)
(0.456284 0.622816 5.87541e-19)
(0.411494 0.546647 -2.40623e-19)
(0.352127 0.440108 0)
(0.262861 0.28872 0)
(0.160075 0.122557 -1.87048e-21)
(0.0925763 -0.00103037 0)
(0.0793936 -0.0188082 0)
(0.238709 0.214442 -1.17602e-19)
(0.845328 0.764626 -1.76772e-19)
(1.12503 1.03348 -5.21578e-20)
(1.17922 1.10398 -1.10808e-19)
(1.14716 1.10074 -3.23439e-22)
(1.08854 1.07463 1.31353e-19)
(1.02081 1.04311 -3.34571e-20)
(0.944317 1.00705 1.49816e-20)
(0.85778 0.964833 -4.8405e-19)
(0.759694 0.91376 8.53222e-20)
(0.653396 0.851457 8.31261e-21)
(0.556222 0.783282 -9.64281e-19)
(0.480295 0.714747 1.22117e-18)
(0.423603 0.6458 7.59589e-19)
(0.370792 0.560874 -4.59982e-19)
(0.299428 0.435777 -5.63673e-19)
(0.205013 0.257126 0)
(0.099015 0.0889993 0)
(0.00704258 0.224819 0)
(-0.0210111 1.13006 2.57617e-19)
(0.238682 0.221178 0)
(0.841443 0.785653 -2.57884e-19)
(1.11651 1.05933 7.36181e-20)
(1.16898 1.13067 3.9478e-20)
(1.13583 1.12713 2.53614e-20)
(1.07708 1.10078 -1.0336e-20)
(1.00929 1.06908 1.86958e-19)
(0.932524 1.03308 5.66106e-19)
(0.845264 0.99112 -8.50614e-20)
(0.745749 0.940698 2.6553e-18)
(0.636605 0.87943 1.37995e-18)
(0.534778 0.812424 0)
(0.45234 0.743288 1.49844e-19)
(0.388894 0.671475 9.57834e-19)
(0.326897 0.578623 -4.62111e-19)
(0.239981 0.43683 -5.65801e-19)
(0.119213 0.273996 7.82075e-22)
(0.0320558 0.678463 -3.87856e-19)
(0.0773789 2.31992 -1.25231e-20)
(0.0874633 3.07516 -2.41414e-19)
(0.238713 0.226711 1.36888e-19)
(0.837016 0.805243 0)
(1.1081 1.08386 1.89653e-19)
(1.15917 1.15607 1.55016e-19)
(1.12485 1.15231 -3.50457e-20)
(1.06598 1.12589 1.08052e-20)
(0.998159 1.09409 -2.28459e-19)
(0.921045 1.05836 0)
(0.833148 1.01693 -5.8344e-19)
(0.732289 0.967531 1.26596e-18)
(0.620381 0.907874 -8.72696e-20)
(0.513871 0.842926 -9.77821e-21)
(0.424326 0.774859 -2.44484e-18)
(0.352502 0.699089 0)
(0.284821 0.599201 9.27873e-19)
(0.176077 0.469399 0)
(0.0633956 0.951308 0)
(0.126984 2.67418 3.76073e-19)
(0.13275 3.25969 8.47279e-19)
(0.126022 3.41353 -7.4266e-19)
(0.249958 0.243848 -7.60886e-20)
(0.832529 0.829965 3.02792e-19)
(1.09809 1.11132 -1.39651e-19)
(1.14952 1.18035 -7.12744e-21)
(1.11401 1.17624 -1.05415e-20)
(1.05502 1.1498 -3.45764e-21)
(0.987604 1.11826 0)
(0.909838 1.08292 -5.45994e-19)
(0.82137 1.04223 6.55682e-21)
(0.719251 0.99416 -6.32158e-20)
(0.604773 0.936736 -1.44542e-18)
(0.493766 0.874661 8.32818e-19)
(0.397223 0.810287 -1.47827e-19)
(0.312761 0.726227 -1.86396e-19)
(0.239793 0.659166 1.25784e-18)
(0.14359 1.09859 4.97275e-19)
(0.140493 2.65189 1.47041e-20)
(0.18028 3.30999 -6.81796e-19)
(0.170977 3.43445 -3.86605e-19)
(0.147266 3.45795 1.16232e-18)
(0.595021 0.606969 1.51603e-19)
(1.00687 1.03571 -1.25194e-20)
(1.1302 1.18451 3.08509e-20)
(1.12991 1.20874 1.05556e-20)
(1.07724 1.18704 -2.32423e-20)
(1.01317 1.15809 0)
(0.940112 1.12431 3.58741e-20)
(0.856904 1.08729 -6.41791e-19)
(0.761166 1.04468 0)
(0.648897 0.993757 8.99609e-20)
(0.53115 0.936479 -1.53569e-18)
(0.423266 0.878469 0)
(0.321986 0.810746 0)
(0.248402 0.73858 0)
(0.169452 1.29537 0)
(0.217664 2.96838 0)
(0.232276 3.36503 -5.32399e-19)
(0.210006 3.44847 0)
(0.184415 3.47385 1.6363e-19)
(0.154421 3.48742 1.4224e-19)
(0.544189 0.551605 -1.88936e-19)
(0.838372 0.862208 -2.74756e-19)
(1.09366 1.14337 0)
(1.1347 1.21178 2.00504e-19)
(1.1008 1.20887 -1.05538e-19)
(1.04207 1.18315 2.16266e-21)
(0.973489 1.15254 1.87905e-19)
(0.895754 1.1179 3.52124e-20)
(0.806715 1.07865 0)
(0.703212 1.03309 1.2002e-18)
(0.585671 0.979831 1.30658e-18)
(0.46903 0.922818 1.18736e-19)
(0.362833 0.865437 0)
(0.261864 0.786711 8.99406e-19)
(0.181571 1.13661 0)
(0.224063 2.76083 0)
(0.262164 3.38472 -4.43539e-19)
(0.245396 3.47175 7.02154e-19)
(0.211456 3.48802 8.15893e-19)
(0.170314 3.50816 0)
(0.556739 0.570803 1.67557e-21)
(0.832971 0.875301 -2.93069e-19)
(1.08452 1.16151 2.0723e-19)
(1.12399 1.23247 6.93167e-21)
(1.08961 1.22976 1.54891e-20)
(1.03073 1.20434 -4.91188e-21)
(0.962564 1.17435 0)
(0.88469 1.14062 4.69496e-19)
(0.795351 1.10249 -6.39499e-21)
(0.691062 1.05882 1.00266e-19)
(0.571505 1.00857 1.34697e-18)
(0.451095 0.955532 -7.83205e-19)
(0.338873 0.90117 1.36111e-19)
(0.247093 0.905616 1.69486e-19)
(0.24391 1.87535 -1.20885e-18)
(0.325998 3.25685 -4.24811e-19)
(0.32194 3.47502 9.41049e-21)
(0.28075 3.51659 4.10938e-19)
(0.243333 3.54644 1.93602e-19)
(0.186737 3.56722 8.7983e-20)
(0.560444 0.591883 -1.91881e-19)
(0.827711 0.892296 0)
(1.07575 1.1826 -2.6249e-19)
(1.11398 1.25555 -2.54769e-19)
(1.07914 1.25321 1.17574e-19)
(1.02007 1.22775 -1.05611e-20)
(0.951858 1.19786 1.29452e-19)
(0.873799 1.16458 0)
(0.784267 1.12742 4.77444e-19)
(0.679383 1.08555 -1.08033e-18)
(0.558587 1.03875 7.45467e-20)
(0.436117 0.990973 -1.92917e-20)
(0.320328 0.946023 2.1148e-18)
(0.267554 1.1637 0)
(0.334495 2.72815 -6.80824e-19)
(0.403022 3.446 0)
(0.362768 3.53054 0)
(0.317887 3.56258 -1.61072e-19)
(0.272918 3.59419 -2.66127e-19)
(0.205265 3.64754 0)
(0.561272 0.612689 9.382e-20)
(0.820911 0.910765 2.31609e-19)
(1.06608 1.20576 -1.12928e-19)
(1.10339 1.28019 -7.15064e-20)
(1.06811 1.27801 -1.21775e-19)
(1.00908 1.25251 1.01123e-20)
(0.940959 1.2227 -7.63135e-20)
(0.863077 1.18985 -3.58974e-19)
(0.773645 1.15368 6.18892e-20)
(0.668588 1.11371 -2.03887e-18)
(0.54713 1.07049 -1.12395e-18)
(0.423493 1.02812 0)
(0.315702 1.00899 -1.20491e-19)
(0.318286 1.62574 -7.26891e-19)
(0.424387 3.23004 3.04555e-19)
(0.458442 3.52624 2.48685e-19)
(0.407257 3.57413 5.56458e-20)
(0.366979 3.62149 8.61847e-20)
(0.317461 3.67365 3.39406e-20)
(0.238746 3.66892 -9.93272e-21)
(0.55877 0.631925 1.97598e-19)
(0.812461 0.930457 3.1209e-19)
(1.05493 1.23034 1.03244e-19)
(1.09145 1.30594 2.65377e-19)
(1.05586 1.30358 1.44657e-19)
(0.997035 1.27789 7.44286e-20)
(0.92928 1.24813 1.10424e-20)
(0.851846 1.21569 2.12083e-20)
(0.762794 1.18048 2.93513e-19)
(0.657952 1.14241 -6.08336e-20)
(0.536345 1.1027 -7.27945e-21)
(0.412586 1.06601 7.41891e-19)
(0.322377 1.10991 -8.97772e-19)
(0.388426 2.19658 -5.38868e-19)
(0.508414 3.43004 2.56452e-19)
(0.50198 3.56744 2.12155e-19)
(0.46284 3.62023 0)
(0.438186 3.68033 0)
(0.42552 3.63905 0)
(0.324792 3.46722 -1.54337e-19)
(0.554117 0.650114 3.81843e-19)
(0.802744 0.95111 1.46542e-19)
(1.04234 1.25627 3.2449e-19)
(1.07826 1.33292 3.0128e-19)
(1.04262 1.3302 1.48457e-19)
(0.984198 1.30414 -1.8654e-20)
(0.917011 1.27426 0)
(0.840242 1.24207 -4.83782e-19)
(0.751843 1.2077 -3.95969e-20)
(0.647597 1.17144 8.33523e-19)
(0.526436 1.13509 1.28982e-19)
(0.404282 1.10584 6.00285e-19)
(0.34611 1.28252 -8.54466e-19)
(0.471772 2.77869 -3.29964e-19)
(0.578843 3.51372 8.89669e-20)
(0.545677 3.59035 0)
(0.519905 3.66133 0)
(0.489884 3.64258 6.57144e-20)
(0.484374 3.36439 0)
(0.456082 2.39886 0)
(0.548272 0.667976 0)
(0.792181 0.972753 1.53154e-19)
(1.02839 1.28351 -3.26692e-19)
(1.06383 1.36114 2.95884e-19)
(1.02842 1.35795 -1.00305e-20)
(0.970639 1.33135 -1.26177e-20)
(0.904253 1.30119 9.09127e-21)
(0.828388 1.26907 -1.61166e-19)
(0.74095 1.23538 0)
(0.637718 1.20078 1.4446e-18)
(0.517636 1.16748 1.66962e-20)
(0.399852 1.15011 -5.88331e-19)
(0.386792 1.53525 6.68801e-19)
(0.553028 3.18359 -1.91452e-19)
(0.634145 3.55517 -4.1215e-19)
(0.589409 3.61466 9.47185e-21)
(0.574768 3.6392 -7.9751e-20)
(0.529347 3.44731 2.22686e-19)
(0.381501 2.35742 1.20252e-19)
(-0.0385114 0.105153 7.79199e-20)
(0.541117 0.685734 0)
(0.780413 0.99557 0)
(1.01291 1.31224 3.39104e-19)
(1.04791 1.39087 3.0245e-19)
(1.01291 1.38725 1.29757e-19)
(0.955973 1.36013 -4.79752e-20)
(0.890606 1.32968 3.00028e-20)
(0.815901 1.29764 -3.31454e-20)
(0.729741 1.26471 0)
(0.627957 1.2319 3.44575e-20)
(0.509625 1.20186 4.52589e-20)
(0.400771 1.20653 -4.99699e-19)
(0.445292 1.87893 -6.39434e-19)
(0.629218 3.39102 0)
(0.678748 3.58348 7.35637e-20)
(0.640475 3.61728 0)
(0.598576 3.54056 0)
(0.456252 2.76287 -6.10417e-22)
(0.0565632 0.4178 1.07557e-19)
(-0.104345 -0.164981 5.88472e-20)
(0.532482 0.703282 -1.8758e-19)
(0.767226 1.01909 3.00577e-19)
(0.995811 1.34253 0)
(1.03035 1.42205 -1.26363e-20)
(0.995937 1.41801 -8.23169e-20)
(0.940071 1.39038 1.35982e-19)
(0.875988 1.35964 -6.07114e-20)
(0.802738 1.32773 -7.47372e-20)
(0.71823 1.29562 -4.07784e-19)
(0.618404 1.26471 3.4735e-20)
(0.502651 1.23833 -8.5386e-20)
(0.409553 1.28357 4.16633e-19)
(0.518141 2.27451 -1.23995e-19)
(0.699134 3.49691 0)
(0.711856 3.6023 -6.42156e-20)
(0.679534 3.59022 7.74249e-21)
(0.572135 3.20411 -1.03374e-19)
(0.214459 1.19449 1.38409e-19)
(-0.0822652 -0.105644 0)
(-0.087891 -0.142188 0)
(0.522026 0.7205 3.70376e-19)
(0.752341 1.04331 0)
(0.976755 1.37421 -4.61075e-21)
(1.01098 1.45462 -6.15534e-19)
(0.977364 1.45014 1.08212e-19)
(0.922818 1.42201 2.10094e-19)
(0.860307 1.39099 -9.21235e-20)
(0.788866 1.35922 -5.45475e-20)
(0.706431 1.32799 -1.46612e-19)
(0.609128 1.29902 3.38642e-20)
(0.497048 1.27716 -6.21411e-20)
(0.428713 1.39207 -3.38402e-19)
(0.604077 2.71726 -4.36067e-19)
(0.760002 3.55211 -2.85979e-20)
(0.747764 3.60326 2.93297e-20)
(0.69528 3.48031 5.17447e-20)
(0.447912 2.39259 -4.56214e-21)
(-0.000295147 0.0827789 6.87619e-20)
(-0.106737 -0.176579 1.57746e-19)
(-0.0729562 -0.113882 -1.90037e-19)
(0.509252 0.736867 1.77416e-19)
(0.735209 1.06763 -3.04178e-19)
(0.955465 1.40705 2.23578e-19)
(0.989579 1.48846 -3.23562e-19)
(0.957032 1.48355 1.54338e-20)
(0.904096 1.45491 0)
(0.843494 1.42362 0)
(0.774251 1.392 -4.08489e-20)
(0.694378 1.36166 4.59998e-20)
(0.600228 1.33467 3.3416e-20)
(0.493313 1.31884 4.01412e-19)
(0.459805 1.54228 2.63637e-19)
(0.690561 3.08582 -5.95885e-20)
(0.807685 3.57993 -9.40629e-20)
(0.777304 3.57867 -2.19002e-20)
(0.664518 3.19065 1.30004e-19)
(0.195299 0.92708 0)
(-0.0877819 -0.134728 -3.69932e-19)
(-0.0997729 -0.176116 3.59755e-19)
(-0.0566768 -0.0926617 0)
(0.493531 0.752024 7.23762e-19)
(0.715256 1.09125 -4.4793e-19)
(0.931603 1.44065 -4.42731e-19)
(0.965907 1.52338 -1.50489e-19)
(0.934761 1.51805 -4.09631e-19)
(0.883773 1.48891 2.47752e-19)
(0.825463 1.45735 -8.85318e-20)
(0.758873 1.42587 0)
(0.6821 1.39644 0)
(0.591806 1.37144 2.031e-19)
(0.492057 1.3645 -3.37617e-19)
(0.503556 1.73513 -5.02522e-20)
(0.766491 3.32357 2.01501e-19)
(0.845451 3.58579 0)
(0.792043 3.50457 1.227e-19)
(0.5528 2.58194 -7.37383e-20)
(0.013955 0.0856203 -2.94255e-19)
(-0.122628 -0.192401 0)
(-0.10206 -0.169556 -2.71914e-19)
(-0.0510465 -0.0824785 0)
(0.474205 0.764812 -5.39223e-19)
(0.691707 1.11341 0)
(0.905002 1.47436 4.56723e-19)
(0.93968 1.55909 1.52579e-19)
(0.910349 1.55338 -1.12289e-19)
(0.861701 1.52374 1.13047e-20)
(0.806132 1.49191 -3.8598e-20)
(0.742705 1.46055 1.13579e-19)
(0.669626 1.43203 2.04773e-20)
(0.583949 1.40903 0)
(0.493973 1.41522 0)
(0.558278 1.9648 1.99414e-21)
(0.832196 3.4567 -1.00898e-19)
(0.879717 3.58145 0)
(0.782004 3.34202 -8.49176e-20)
(0.361201 1.61702 7.35015e-20)
(-0.112425 -0.111303 4.63811e-20)
(-0.114057 -0.221414 2.17327e-19)
(-0.0781566 -0.165276 2.20491e-19)
(-0.0375557 -0.0707424 0)
(0.451005 0.77422 -1.70746e-19)
(0.663855 1.13288 2.86361e-19)
(0.875123 1.50711 2.17946e-19)
(0.910584 1.59516 -4.43081e-21)
(0.883568 1.58917 -2.10788e-19)
(0.837728 1.55905 0)
(0.785388 1.52695 -8.49053e-20)
(0.725692 1.49569 2.86517e-20)
(0.656972 1.46805 -1.86032e-20)
(0.576708 1.44706 0)
(0.499739 1.47202 1.34252e-19)
(0.621693 2.21483 -1.26394e-19)
(0.888048 3.5252 4.42537e-21)
(0.905997 3.55988 0)
(0.735607 3.05606 -1.09243e-19)
(0.123394 0.48395 7.61272e-20)
(-0.0927485 -0.211902 4.51859e-20)
(-0.0917667 -0.25408 1.54389e-19)
(-0.0323053 -0.142795 4.8407e-19)
(-0.00329951 -0.0271816 0)
(0.423051 0.777257 -5.02605e-19)
(0.630993 1.14761 4.25793e-19)
(0.841397 1.53811 4.43651e-19)
(0.878372 1.63085 1.63111e-19)
(0.854207 1.62491 2.14408e-19)
(0.811686 1.59436 1.44205e-19)
(0.763126 1.56202 -9.15223e-20)
(0.707775 1.53082 -1.29404e-19)
(0.644137 1.50396 1.28469e-20)
(0.570108 1.48514 -4.34231e-21)
(0.50956 1.53484 5.21411e-21)
(0.691631 2.48405 2.52806e-20)
(0.934793 3.5544 5.32381e-20)
(0.920099 3.51583 6.75268e-20)
(0.645753 2.63652 0)
(-0.0304569 0.0529607 -1.68979e-19)
(-0.166147 -0.305962 0)
(-0.126123 -0.29686 -2.06101e-19)
(-0.0199175 -0.105457 2.36543e-19)
(0.0257827 0.0321328 -2.40832e-19)
(0.390224 0.771649 1.66417e-19)
(0.592636 1.15476 -1.40558e-19)
(0.803293 1.56596 2.20326e-19)
(0.842776 1.66541 -1.74093e-19)
(0.822067 1.65991 4.40083e-19)
(0.783417 1.62905 -1.41501e-19)
(0.739226 1.59653 -8.7683e-20)
(0.688864 1.56536 -1.05643e-19)
(0.631093 1.53909 -1.06397e-19)
(0.564073 1.52278 3.91119e-20)
(0.52242 1.60291 0)
(0.763492 2.73547 0)
(0.973748 3.56237 -5.42234e-20)
(0.928015 3.43724 -1.19356e-19)
(0.536881 2.12678 2.48341e-19)
(-0.0537729 -0.12658 4.70284e-19)
(-0.0874775 -0.411424 2.01131e-19)
(-0.0355545 -0.3425 -5.06387e-20)
(0.0533702 -0.0610337 2.85027e-20)
(0.0791798 0.113268 0)
(0.352004 0.755249 -1.28706e-18)
(0.547808 1.15123 5.44825e-19)
(0.760336 1.58813 -2.09037e-19)
(0.803449 1.6979 -3.03339e-19)
(0.78701 1.69335 -4.38255e-19)
(0.752778 1.66238 -1.50121e-19)
(0.7136 1.62974 0)
(0.668867 1.59861 -1.0778e-19)
(0.61774 1.5727 1.15237e-19)
(0.558606 1.55892 2.70399e-20)
(0.536704 1.67388 6.99865e-20)
(0.830336 2.93511 -1.22353e-20)
(1.0077 3.56236 -4.86079e-21)
(0.931023 3.32397 1.33098e-19)
(0.40591 1.55013 1.83279e-19)
(-0.128429 -0.398871 0)
(-0.044702 -0.565627 -5.40301e-20)
(0.0679128 -0.334895 -5.00928e-19)
(0.171507 0.0882859 -3.26283e-20)
(0.16899 0.301239 0)
(0.308546 0.724878 1.56283e-19)
(0.497109 1.13214 0)
(0.712074 1.60184 4.15305e-19)
(0.760499 1.7264 2.96004e-19)
(0.748953 1.72418 -4.43112e-19)
(0.719696 1.69348 1.312e-19)
(0.68615 1.66082 1.97975e-19)
(0.647689 1.62973 6.81636e-20)
(0.603912 1.60404 7.79054e-20)
(0.553756 1.5922 0)
(0.55047 1.742 0)
(0.886496 3.07612 5.77758e-20)
(1.03377 3.55405 -7.7238e-20)
(0.920234 3.19302 0)
(0.305523 1.00864 9.32771e-20)
(-0.162802 -0.758212 -1.08257e-19)
(-0.0605829 -0.689061 1.47086e-19)
(0.0958437 -0.188987 -7.11487e-19)
(0.197881 0.353631 4.62985e-20)
(0.200573 0.529329 -1.00412e-20)
(0.260278 0.676844 5.93155e-19)
(0.440834 1.09256 -6.36496e-19)
(0.658177 1.60318 1.92679e-19)
(0.714079 1.74898 1.45902e-19)
(0.708043 1.75127 2.07893e-19)
(0.684182 1.72133 2.88255e-19)
(0.656783 1.68884 0)
(0.625209 1.65771 -1.29667e-19)
(0.58945 1.6322 1.52568e-19)
(0.549647 1.62134 -5.10204e-20)
(0.560996 1.79966 -7.29611e-20)
(0.929702 3.16167 4.22584e-20)
(1.0512 3.5487 1.42138e-19)
(0.890636 3.07626 0)
(0.194883 0.645173 0)
(-0.23001 -0.847572 -1.60413e-19)
(-0.14676 -0.561731 0)
(0.0262132 0.165277 0)
(0.130546 0.551125 5.41313e-20)
(0.130653 0.446158 1.00883e-18)
(0.211614 0.606449 -1.16751e-18)
(0.375225 1.02796 1.07047e-18)
(0.598199 1.58628 -7.34532e-19)
(0.664547 1.7633 -4.25682e-19)
(0.664394 1.77327 -1.94257e-19)
(0.646393 1.74486 0)
(0.625442 1.71281 0)
(0.601237 1.68154 -1.26384e-19)
(0.574204 1.65592 -4.71444e-20)
(0.546058 1.64496 5.74537e-20)
(0.566441 1.83805 8.87256e-20)
(0.968946 3.1919 -6.61111e-20)
(1.07099 3.56504 -8.74052e-20)
(0.875011 3.03258 -3.69348e-20)
(0.156943 0.488383 3.2844e-20)
(-0.335118 -0.593067 1.72508e-19)
(-0.329175 -0.467074 -6.51614e-19)
(0.0366277 0.239946 0)
(0.124124 0.453219 -8.46226e-19)
(0.0971302 0.305414 -1.05057e-18)
(0.158206 0.518666 -5.35376e-19)
(0.302435 0.931241 5.51225e-19)
(0.528652 1.54536 0)
(0.611136 1.76571 2.54232e-19)
(0.618073 1.78844 -1.14553e-20)
(0.606483 1.76322 1.42494e-19)
(0.592012 1.73167 2.8191e-21)
(0.575386 1.70005 -1.26014e-19)
(0.557772 1.67355 4.46159e-20)
(0.542341 1.66187 0)
(0.571514 1.83817 1.90016e-19)
(0.999898 3.16352 7.5714e-20)
(1.11283 3.5985 -1.24126e-19)
(0.840897 3.14374 0)
(-0.0024204 0.845945 0)
(-0.838417 -0.149616 4.17966e-20)
(-1.04756 -0.631854 3.05271e-19)
(-0.735483 -0.511566 0)
(-0.0811787 0.228994 9.3696e-19)
(0.134985 0.432837 -2.21871e-18)
(0.105958 0.407685 5.95756e-20)
(0.226932 0.797292 -9.97964e-20)
(0.452345 1.46688 -4.69657e-19)
(0.552711 1.75142 -1.84425e-19)
(0.569846 1.79531 1.80831e-19)
(0.564655 1.77592 -7.05292e-23)
(0.556182 1.74478 8.67031e-20)
(0.546888 1.71219 0)
(0.539059 1.68324 8.31631e-20)
(0.536821 1.66821 -5.86526e-20)
(0.577829 1.80556 1.04621e-19)
(1.02805 3.03836 -1.41974e-20)
(1.22105 3.6212 1.52846e-19)
(1.06645 3.41081 4.61357e-19)
(0.385401 1.70204 8.22091e-19)
(-0.330709 0.543584 2.35134e-19)
(-0.839677 -0.676224 -8.70203e-19)
(-1.1249 -1.39931 1.33511e-19)
(-0.948648 -1.62388 1.82614e-18)
(-0.35304 -0.785235 7.51047e-20)
(0.0608438 0.279496 -2.79367e-20)
(0.151335 0.617093 1.31067e-21)
(0.369539 1.33791 -1.06262e-19)
(0.489541 1.71159 0)
(0.520159 1.79319 0)
(0.521025 1.78348 5.87472e-20)
(0.517386 1.75184 -8.69897e-20)
(0.514272 1.71757 -1.13057e-19)
(0.514971 1.68419 7.77583e-20)
(0.527315 1.65927 2.72036e-20)
(0.578073 1.74238 -1.14763e-21)
(1.01998 2.75767 1.63176e-20)
(1.40959 3.55216 -2.47178e-19)
(1.50833 3.5124 -1.08209e-19)
(1.17944 2.45982 -1.42446e-19)
(0.51941 1.07132 8.71274e-19)
(0.152314 -0.164902 1.15914e-18)
(-0.155908 -1.22041 0)
(-0.387507 -1.96552 1.017e-20)
(-0.41914 -2.0742 9.45615e-20)
(0.0275819 0.150356 1.41158e-19)
(0.0845221 0.400161 0)
(0.281661 1.14421 -9.60253e-20)
(0.420425 1.63311 0)
(0.466507 1.77967 -1.08904e-19)
(0.47485 1.78566 -5.45499e-20)
(0.47449 1.75358 3.85839e-20)
(0.47562 1.71644 5.02392e-20)
(0.481978 1.67687 -3.64977e-20)
(0.502762 1.6356 -4.62643e-20)
(0.563653 1.65738 3.55365e-20)
(0.892508 2.25914 0)
(1.43939 3.28898 0)
(1.66091 3.30426 5.31114e-20)
(1.64945 2.90303 9.22864e-20)
(1.34383 1.87324 5.47462e-20)
(0.920279 0.709783 9.88624e-20)
(0.500891 -0.328018 1.58191e-19)
(0.179276 -1.24585 7.3842e-21)
(-0.0772768 -1.79723 -7.82815e-20)
(0.00995788 0.0457384 9.33387e-20)
(0.0379141 0.190247 2.5954e-20)
(0.184398 0.854319 6.9429e-21)
(0.346103 1.5026 1.1016e-20)
(0.410722 1.75062 0)
(0.424501 1.78033 -1.19236e-20)
(0.425764 1.75221 8.90048e-21)
(0.428313 1.71043 3.82687e-22)
(0.436788 1.66255 0)
(0.455112 1.60539 -4.7152e-21)
(0.511892 1.56433 1.98602e-21)
(0.664687 1.76729 0)
(1.22387 2.82895 7.01232e-21)
(1.44069 3.09338 7.95315e-21)
(1.48992 2.9081 6.40151e-20)
(1.36034 2.36741 -1.70434e-20)
(1.07842 1.57197 0)
(0.743909 0.744013 -2.29073e-19)
(0.422743 0.0287499 2.80963e-19)
(0.124686 -0.537104 -3.912e-21)
(0.000125252 -0.0277617 0)
(0.0154197 0.0371008 3.1597e-33)
(0.0913957 0.488357 0)
(0.252137 1.26407 0)
(0.344748 1.6836 0)
(0.367161 1.76774 0)
(0.370126 1.75125 0)
(0.37071 1.70361 -3.23614e-34)
(0.377858 1.64657 0)
(0.387773 1.57732 -4.55785e-34)
(0.418453 1.49244 0)
(0.475807 1.53941 0)
(0.782099 2.2422 0)
(1.07619 2.92959 0)
(1.06383 2.94215 0)
(1.00463 2.73651 0)
(0.820036 2.23145 0)
(0.577361 1.63454 0)
(0.334029 1.0363 0)
(0.108119 0.526081 0)
(7.09546e-05 -0.037064 0)
(0.00752989 -0.0478826 0)
(0.042163 0.20922 0)
(0.153276 0.935586 0)
(0.264732 1.5565 0)
(0.300688 1.74462 0)
(0.306879 1.74748 0)
(0.308552 1.69757 0)
(0.312613 1.6364 0)
(0.322461 1.55959 0)
(0.329308 1.46734 0)
(0.366964 1.47317 0)
(0.444366 1.87312 0)
(0.784168 2.81655 0)
(0.779094 3.00446 0)
(0.720143 2.96361 0)
(0.606427 2.67318 0)
(0.432131 2.20759 0)
(0.245655 1.69837 0)
(0.0697385 1.19548 0)
(-0.00013698 -0.041197 0)
(0.00523545 -0.0938849 0)
(0.0264384 0.0702335 0)
(0.0858954 0.666687 0)
(0.186491 1.40827 0)
(0.229701 1.70974 0)
(0.238144 1.73774 0)
(0.24226 1.6927 0)
(0.245812 1.63013 0)
(0.255924 1.55527 0)
(0.254653 1.46314 0)
(0.269208 1.45983 0)
(0.282924 1.69585 0)
(0.504646 2.68533 0)
(0.546127 3.05892 0)
(0.486613 3.10679 0)
(0.410277 2.98403 0)
(0.28019 2.61691 0)
(0.151459 2.18093 0)
(0.0318871 1.64936 0)
(0.000174257 -0.046371 0)
(0.0129786 -0.144462 0)
(0.0342613 -0.0114504 0)
(0.0559022 0.496985 0)
(0.119751 1.27797 0)
(0.155753 1.66951 0)
(0.166292 1.72444 0)
(0.173476 1.68665 0)
(0.181304 1.6235 0)
(0.19235 1.55264 0)
(0.188745 1.4632 0)
(0.185745 1.45519 0)
(0.183512 1.61715 0)
(0.3118 2.54335 0)
(0.350138 3.09581 0)
(0.311413 3.22226 0)
(0.258271 3.18153 0)
(0.167963 2.90131 0)
(0.0791186 2.51567 0)
(0.00394016 1.90356 0)
(0.00213612 -0.0770633 0)
(0.0262518 -0.234159 0)
(0.0446991 -0.0556328 0)
(0.0377742 0.454922 0)
(0.0547313 1.2039 0)
(0.076444 1.63495 0)
(0.091005 1.70667 0)
(0.104215 1.67399 0)
(0.118806 1.61225 0)
(0.132654 1.54594 0)
(0.131985 1.46696 0)
(0.123469 1.4641 0)
(0.122472 1.60404 0)
(0.178492 2.41701 0)
(0.215469 3.10333 0)
(0.18608 3.30258 0)
(0.146286 3.31186 0)
(0.0882636 3.09375 0)
(0.0300282 2.74079 0)
(-0.0135979 2.00952 0)
(0.00421325 -0.139022 0)
(0.0220618 -0.313358 0)
(0.0189653 -0.0415192 0)
(-0.00769091 0.501125 0)
(-0.0254551 1.19423 0)
(-0.0127025 1.60687 0)
(0.0117405 1.68028 0)
(0.0369947 1.6515 0)
(0.061387 1.59552 0)
(0.0807996 1.53824 0)
(0.086149 1.47085 0)
(0.0804819 1.47278 0)
(0.0800819 1.60512 0)
(0.0909207 2.33062 0)
(0.121381 3.1033 0)
(0.103153 3.35579 0)
(0.0710273 3.39571 0)
(0.0335843 3.21693 0)
(-0.00367135 2.87705 0)
(-0.0198398 1.99095 0)
(0.00204074 -0.181716 0)
(-0.00608675 -0.298846 0)
(-0.0401826 0.0477802 0)
(-0.0850463 0.602835 0)
(-0.111101 1.21736 0)
(-0.097445 1.5662 0)
(-0.0596098 1.63623 0)
(-0.0212821 1.61587 0)
(0.0127327 1.57119 0)
(0.0380579 1.52505 0)
(0.0485742 1.46937 0)
(0.0486435 1.47752 0)
(0.049817 1.61482 0)
(0.0440755 2.28353 0)
(0.0586019 3.10699 0)
(0.0453238 3.39831 0)
(0.0212457 3.45637 0)
(-0.0034635 3.29585 0)
(-0.0247162 2.94744 0)
(-0.0200881 1.90632 0)
(-0.0021547 -0.160804 0)
(-0.0339156 -0.173361 0)
(-0.0877594 0.191752 0)
(-0.1415 0.712864 0)
(-0.168609 1.23168 0)
(-0.147209 1.5028 0)
(-0.10394 1.57372 0)
(-0.0615147 1.56791 0)
(-0.0231801 1.54013 0)
(0.00501687 1.50772 0)
(0.019906 1.46473 0)
(0.0256854 1.4798 0)
(0.0304983 1.62201 0)
(0.0184624 2.27128 0)
(0.0160787 3.11823 0)
(0.00423972 3.43197 0)
(-0.0135662 3.49972 0)
(-0.0287692 3.34423 0)
(-0.0399839 2.96973 0)
(-0.0192933 1.78102 0)
(-0.00389909 -0.0882034 0)
(-0.0422228 0.00316309 0)
(-0.0992443 0.353401 0)
(-0.150326 0.812148 0)
(-0.170199 1.22973 0)
(-0.15252 1.44174 0)
(-0.116864 1.51183 0)
(-0.0789633 1.51921 0)
(-0.0441846 1.5078 0)
(-0.0173215 1.48886 0)
(-0.000748073 1.45746 0)
(0.00772915 1.47632 0)
(0.0136648 1.6231 0)
(-7.33109e-07 2.28224 0)
(-0.0144341 3.13499 0)
(-0.0261302 3.4593 0)
(-0.0382298 3.52818 0)
(-0.0467057 3.36862 0)
(-0.0469818 2.95132 0)
(-0.0170147 1.64143 0)
(-0.00331188 -0.011087 0)
(-0.0351803 0.172603 0)
(-0.0828575 0.49999 0)
(-0.124329 0.895707 0)
(-0.143407 1.23215 0)
(-0.131276 1.40015 0)
(-0.107434 1.46615 0)
(-0.0794912 1.48044 0)
(-0.0528528 1.48007 0)
(-0.0311133 1.47132 0)
(-0.0160798 1.44964 0)
(-0.00724423 1.47188 0)
(-0.00115557 1.62106 0)
(-0.0180285 2.30884 0)
(-0.0374046 3.15456 0)
(-0.0486023 3.47891 0)
(-0.0556378 3.54292 0)
(-0.057928 3.37233 0)
(-0.0496012 2.8973 0)
(-0.014261 1.50468 0)
(-0.0020096 0.044527 0)
(-0.0230479 0.301549 0)
(-0.0572485 0.614829 0)
(-0.0877854 0.962094 0)
(-0.10329 1.24103 0)
(-0.0999618 1.37934 0)
(-0.087989 1.43803 0)
(-0.0708207 1.4541 0)
(-0.0530866 1.46001 0)
(-0.0375564 1.45828 0)
(-0.0267507 1.44317 0)
(-0.0205322 1.46718 0)
(-0.0183876 1.62314 0)
(-0.0379163 2.34387 0)
(-0.0576731 3.17344 0)
(-0.0646792 3.4918 0)
(-0.0660766 3.5462 0)
(-0.062641 3.35957 0)
(-0.0478686 2.81976 0)
(-0.0117267 1.38135 0)
(-0.00100006 0.0765996 0)
(-0.0131996 0.386007 0)
(-0.0357661 0.696129 0)
(-0.0569435 1.01098 0)
(-0.0693326 1.25474 0)
(-0.0714625 1.37393 0)
(-0.0676152 1.42433 0)
(-0.0586027 1.43903 0)
(-0.0489235 1.44753 0)
(-0.040465 1.44988 0)
(-0.0351849 1.44001 0)
(-0.0337549 1.46606 0)
(-0.0370763 1.63068 0)
(-0.0558205 2.37308 0)
(-0.0713013 3.18678 0)
(-0.0739345 3.4969 0)
(-0.0709313 3.53924 0)
(-0.0628075 3.3328 0)
(-0.0439293 2.73018 0)
(-0.00970563 1.27459 0)
(-0.000441118 0.0929352 0)
(-0.00714781 0.43699 0)
(-0.0215403 0.750858 0)
(-0.0358227 1.0452 0)
(-0.0449249 1.26894 0)
(-0.0492754 1.37665 0)
(-0.0500646 1.41972 0)
(-0.0466824 1.43236 0)
(-0.0425967 1.4413 0)
(-0.0394735 1.44648 0)
(-0.0395144 1.44088 0)
(-0.0441366 1.47003 0)
(-0.0537856 1.64424 0)
(-0.0702822 2.39138 0)
(-0.0781186 3.19309 0)
(-0.0766125 3.49253 0)
(-0.0703962 3.52379 0)
(-0.0599841 3.29716 0)
(-0.0395996 2.63762 0)
(-0.008155 1.18229 0)
(-0.000181947 0.100874 0)
(-0.00404052 0.467616 0)
(-0.0135395 0.787514 0)
(-0.0232554 1.06806 0)
(-0.0291054 1.2805 0)
(-0.0333471 1.38261 0)
(-0.0359472 1.42056 0)
(-0.0358498 1.43079 0)
(-0.0355888 1.43985 0)
(-0.0360212 1.44671 0)
(-0.0397711 1.44549 0)
(-0.05016 1.47978 0)
(-0.0647163 1.66082 0)
(-0.0765474 2.39583 0)
(-0.0774092 3.19354 0)
(-0.0742114 3.48453 0)
(-0.0677256 3.50483 0)
(-0.0568233 3.25873 0)
(-0.0366391 2.5465 0)
(-0.00698299 1.10077 0)
(-8.66031e-05 0.105037 0)
(-0.0026808 0.487664 0)
(-0.00960299 0.813512 0)
(-0.0167774 1.08292 0)
(-0.0197903 1.28804 0)
(-0.0229957 1.38809 0)
(-0.0254769 1.42333 0)
(-0.0267529 1.43204 0)
(-0.0280583 1.44106 0)
(-0.030977 1.4491 0)
(-0.0372399 1.45412 0)
(-0.0500619 1.49222 0)
(-0.0649417 1.67719 0)
(-0.0753896 2.39267 0)
(-0.0721294 3.19227 0)
(-0.06878 3.47615 0)
(-0.0641565 3.48748 0)
(-0.0552655 3.22311 0)
(-0.0355938 2.45644 0)
(-0.00593946 1.02587 0)
(-6.78422e-05 0.107823 0)
(-0.00215298 0.50266 0)
(-0.0077281 0.833925 0)
(-0.0138883 1.09303 0)
(-0.0148054 1.29102 0)
(-0.0158572 1.39217 0)
(-0.0178353 1.42589 0)
(-0.0191357 1.43455 0)
(-0.0203757 1.44293 0)
(-0.0238211 1.45259 0)
(-0.029527 1.46281 0)
(-0.0392765 1.50212 0)
(-0.0500294 1.69376 0)
(-0.0657778 2.38772 0)
(-0.0613518 3.19188 0)
(-0.0634313 3.47455 0)
(-0.0644287 3.47767 0)
(-0.0578841 3.19136 0)
(-0.0376767 2.36098 0)
(-0.00535601 0.953048 0)
(-7.3351e-05 0.11026 0)
(-0.00189896 0.514923 0)
(-0.00646218 0.851195 0)
(-0.012304 1.10177 0)
(-0.0125863 1.28877 0)
(-0.010829 1.39265 0)
(-0.0106 1.42775 0)
(-0.0114361 1.43623 0)
(-0.0119068 1.44473 0)
(-0.0133903 1.45478 0)
(-0.0151525 1.46805 0)
(-0.0195906 1.50606 0)
(-0.0231286 1.71008 0)
(-0.0474216 2.39177 0)
(-0.0512087 3.20049 0)
(-0.0632518 3.48337 0)
(-0.0679706 3.47773 0)
(-0.0660125 3.16109 0)
(-0.0420737 2.24943 0)
(-0.00545158 0.878523 0)
(-9.39073e-05 0.112738 0)
(-0.00176543 0.525239 0)
(-0.00535723 0.865757 0)
(-0.0107881 1.1115 0)
(-0.0119701 1.28425 0)
(-0.00839815 1.38809 0)
(-0.00562155 1.42669 0)
(-0.00467542 1.43641 0)
(-0.00419784 1.44527 0)
(-0.00308535 1.45428 0)
(0.000648817 1.46816 0)
(0.00411339 1.50459 0)
(0.00881528 1.72248 0)
(-0.0246799 2.41508 0)
(-0.0441579 3.22559 0)
(-0.0669185 3.50702 0)
(-0.0792917 3.4893 0)
(-0.077599 3.12843 0)
(-0.0450709 2.11467 0)
(-0.0056582 0.801308 0)
(-0.000119179 0.115398 0)
(-0.00170159 0.533823 0)
(-0.0042887 0.876845 0)
(-0.00853396 1.12242 0)
(-0.0113074 1.28214 0)
(-0.00847354 1.37966 0)
(-0.00344198 1.42255 0)
(2.82409e-05 1.43462 0)
(0.00193399 1.44317 0)
(0.00434515 1.45206 0)
(0.0104929 1.46353 0)
(0.0202319 1.49568 0)
(0.032629 1.7323 0)
(-0.00904765 2.46671 0)
(-0.0497188 3.26978 0)
(-0.0803546 3.54249 0)
(-0.0952989 3.50643 0)
(-0.0889647 3.0795 0)
(-0.0448444 1.95763 0)
(-0.00589615 0.7236 0)
(-0.000158311 0.118417 0)
(-0.0017386 0.54097 0)
(-0.00342128 0.883831 0)
(-0.00591229 1.13199 0)
(-0.00937365 1.28325 0)
(-0.00775887 1.3709 0)
(-0.00161328 1.41456 0)
(0.00430693 1.43046 0)
(0.00740547 1.4389 0)
(0.00927267 1.45012 0)
(0.0104859 1.45961 0)
(0.0205755 1.48021 0)
(0.0357068 1.74254 0)
(-0.0161606 2.5486 0)
(-0.0727511 3.32912 0)
(-0.102782 3.57823 0)
(-0.114036 3.51494 0)
(-0.0964314 2.99548 0)
(-0.0413138 1.79134 0)
(-0.0060264 0.64985 0)
(-0.000188589 0.121834 0)
(-0.00174648 0.546798 0)
(-0.00262899 0.886506 0)
(-0.00308492 1.13657 0)
(-0.0044173 1.28582 0)
(-0.00345927 1.36397 0)
(0.00271132 1.40431 0)
(0.0106185 1.42372 0)
(0.0157982 1.43537 0)
(0.0161379 1.45025 0)
(0.0117056 1.46061 0)
(0.00560824 1.46803 0)
(0.0142315 1.7617 0)
(-0.0463155 2.64498 0)
(-0.103196 3.39097 0)
(-0.124007 3.60139 0)
(-0.123517 3.50133 0)
(-0.0932052 2.87676 0)
(-0.0343758 1.63606 0)
(-0.00520163 0.584708 0)
(-0.000245207 0.125736 0)
(-0.00202468 0.551817 0)
(-0.00251403 0.886316 0)
(-0.00185019 1.13574 0)
(-0.000612443 1.28424 0)
(0.00251957 1.35633 0)
(0.0111933 1.39187 0)
(0.0217917 1.4124 0)
(0.0318647 1.43058 0)
(0.0333367 1.4538 0)
(0.0194022 1.47045 0)
(-0.0092699 1.47546 0)
(-0.0307394 1.78832 0)
(-0.0875061 2.73513 0)
(-0.133683 3.43811 0)
(-0.135123 3.59983 0)
(-0.121599 3.46131 0)
(-0.0785229 2.73764 0)
(-0.0260327 1.50584 0)
(-0.00414845 0.532259 0)
(-0.000327564 0.130665 0)
(-0.00245913 0.557022 0)
(-0.00315867 0.884454 0)
(-0.00115702 1.12983 0)
(0.00376866 1.276 0)
(0.0127674 1.34252 0)
(0.0269107 1.37384 0)
(0.0439496 1.39551 0)
(0.0590104 1.42226 0)
(0.0663443 1.45959 0)
(0.0412843 1.49751 0)
(-0.015318 1.5111 0)
(-0.0681822 1.82514 0)
(-0.114001 2.80434 0)
(-0.1365 3.44947 0)
(-0.127151 3.57773 0)
(-0.102497 3.38704 0)
(-0.0563177 2.59958 0)
(-0.0153191 1.40588 0)
(-0.00221866 0.499357 0)
(-0.00034164 0.136585 0)
(-0.00259844 0.562851 0)
(-0.003344 0.881503 0)
(-1.23839e-05 1.11904 0)
(0.00991567 1.25865 0)
(0.0263437 1.32049 0)
(0.0484738 1.3485 0)
(0.0749306 1.37225 0)
(0.100916 1.40626 0)
(0.114731 1.46376 0)
(0.0895625 1.53842 0)
(7.05446e-05 1.57548 0)
(-0.0806058 1.86587 0)
(-0.112879 2.84629 0)
(-0.123163 3.44142 0)
(-0.101732 3.53661 0)
(-0.0706057 3.30413 0)
(-0.0288582 2.49221 0)
(-0.000457316 1.34376 0)
(0.00141021 0.49272 0)
(-0.000336809 0.143051 0)
(-0.00308055 0.570469 0)
(-0.00502098 0.880674 0)
(0.000211625 1.10638 0)
(0.0149849 1.23181 0)
(0.039451 1.28465 0)
(0.0733366 1.30944 0)
(0.112998 1.33566 0)
(0.159218 1.37988 0)
(0.184793 1.46621 0)
(0.161966 1.58409 0)
(0.0498646 1.67375 0)
(-0.0656461 1.90696 0)
(-0.0874267 2.8727 0)
(-0.091437 3.42087 0)
(-0.0724472 3.48794 0)
(-0.0426583 3.22258 0)
(-0.00741371 2.40411 0)
(0.0168877 1.30925 0)
(0.00755463 0.529722 0)
(-0.00210585 0.399398 0)
(-0.0075248 0.755446 0)
(-0.00920285 0.991733 0)
(0.00249376 1.11881 0)
(0.031251 1.16457 0)
(0.0765701 1.17798 0)
(0.139849 1.18888 0)
(0.22361 1.22247 0)
(0.317238 1.32428 0)
(0.371951 1.55676 0)
(0.278947 1.82738 0)
(0.100046 1.97454 0)
(-0.0269723 2.41464 0)
(-0.0525459 3.25168 0)
(-0.0609361 3.45492 0)
(-0.0528774 3.34092 0)
(-0.0292131 2.74173 0)
(0.0115203 1.6934 0)
(0.0135386 0.960681 0)
(0.0106543 0.595564 0)
(-0.0929306 0.641122 -2.07373e-19)
(0.175646 3.15301 -8.85659e-20)
(0.209209 3.61458 -1.02773e-19)
(0.186296 3.59115 -9.44558e-20)
(0.169345 3.52414 1.80161e-20)
(0.155989 3.48321 8.41769e-22)
(0.131421 3.45149 -1.48024e-20)
(0.122162 3.43893 -1.75444e-20)
(0.104172 3.34567 4.6006e-19)
(0.0727097 2.41967 5.2061e-19)
(-0.0331466 1.22981 0)
(0.0762942 3.15997 7.59075e-22)
(0.10343 3.54682 1.65551e-19)
(0.10492 3.53527 3.09931e-19)
(0.101554 3.48808 3.43177e-19)
(0.0956187 3.45594 1.34189e-20)
(0.0878454 3.43578 4.60095e-19)
(0.0769419 3.42958 4.98109e-19)
(0.0592556 3.32408 4.97701e-19)
(0.0267373 2.24028 -4.06134e-21)
(-0.0271026 1.05764 1.45636e-19)
(0.0483558 3.07306 -2.06554e-19)
(0.0612747 3.4983 2.76478e-19)
(0.0643007 3.49632 0)
(0.0641792 3.45967 8.10131e-19)
(0.0624922 3.4351 0)
(0.0594725 3.42203 -1.56155e-20)
(0.0557853 3.42325 5.29335e-19)
(0.0500053 3.34008 8.43853e-21)
(0.029461 2.31082 5.61883e-19)
(-0.0184162 0.952963 -3.03738e-19)
(0.0212486 3.02669 -2.7267e-21)
(0.0316853 3.46418 -5.59695e-21)
(0.0365588 3.4652 0)
(0.0391517 3.43531 -1.40202e-20)
(0.0409484 3.4162 -4.83199e-19)
(0.0425668 3.40801 5.31447e-19)
(0.0444642 3.41289 0)
(0.0445295 3.34706 5.60887e-19)
(0.0300351 2.37645 2.27503e-21)
(-0.0133378 0.897087 -1.85029e-19)
(0.00190324 3.01535 -1.95159e-19)
(0.0120121 3.43836 1.87053e-19)
(0.0179236 3.43867 2.26403e-19)
(0.0229864 3.41312 2.36951e-19)
(0.0276418 3.39753 2.58384e-19)
(0.0326019 3.39209 -2.72276e-19)
(0.0379568 3.39905 -3.00651e-19)
(0.0415244 3.34863 -2.78545e-19)
(0.031797 2.43974 -3.10618e-19)
(-0.0105441 0.875831 -3.13808e-21)
(-0.00880067 3.02485 -3.61308e-21)
(-0.000914424 3.41724 -2.55137e-19)
(0.00568749 3.41422 -2.47283e-19)
(0.0124273 3.3913 -2.71536e-19)
(0.019343 3.37779 -2.84652e-19)
(0.0267201 3.37391 -2.97296e-19)
(0.0345602 3.38221 3.09031e-19)
(0.0406696 3.3458 -3.02351e-19)
(0.0352976 2.50344 -3.24983e-19)
(-0.00956168 0.873343 2.24801e-19)
(-0.0165251 3.04729 2.4841e-19)
(-0.0112017 3.39826 2.58615e-21)
(-0.00292266 3.39003 -2.67065e-19)
(0.0052252 3.36853 0)
(0.0139831 3.35612 3.31648e-19)
(0.0234427 3.35308 -4.88546e-20)
(0.0334663 3.3622 3.18196e-19)
(0.0422343 3.33841 0)
(0.0406059 2.5687 3.40377e-19)
(-0.010563 0.889603 -3.96326e-21)
(-0.0240114 3.07736 1.49861e-20)
(-0.0199037 3.37865 5.58439e-19)
(-0.00998921 3.36437 0)
(-0.000312387 3.34348 -2.37697e-22)
(0.0103318 3.33148 3.15062e-19)
(0.0219088 3.32881 -2.09437e-20)
(0.0342297 3.33832 3.51288e-19)
(0.0459776 3.32593 -3.63802e-19)
(0.0476595 2.63732 5.73899e-21)
(-0.0130566 0.925424 -2.66169e-19)
(-0.0332643 3.11031 1.35544e-20)
(-0.0290062 3.35585 -1.89398e-20)
(-0.0168842 3.33533 -3.10824e-19)
(-0.00518463 3.3145 -2.38796e-22)
(0.00767988 3.30258 2.17005e-20)
(0.0216466 3.30008 -2.25442e-20)
(0.0364879 3.30976 -1.16355e-20)
(0.05151 3.30752 1.19834e-20)
(0.0563044 2.70974 4.02554e-19)
(-0.0190057 0.995532 -3.00655e-19)
(-0.0453553 3.14137 -3.20291e-19)
(-0.0393311 3.32694 -3.19515e-19)
(-0.0242504 3.30088 0)
(-0.00969783 3.28002 3.5217e-19)
(0.00587838 3.26832 -4.06446e-19)
(0.0224594 3.26616 4.05962e-19)
(0.0399304 3.276 0)
(0.058042 3.28241 -3.95099e-19)
(0.0659054 2.78451 2.24968e-19)
(-0.0290329 1.11896 0)
(-0.0600287 3.16523 5.32111e-21)
(-0.0502617 3.28964 2.37329e-21)
(-0.0315457 3.25981 1.84081e-19)
(-0.013617 3.23976 -2.00826e-19)
(0.00488209 3.22882 -1.82992e-19)
(0.0240261 3.22719 -2.07423e-19)
(0.0439866 3.23713 0)
(0.0644923 3.25021 -2.29451e-19)
(0.0754884 2.86001 2.31956e-19)
(-0.0411637 1.316 -5.61867e-21)
(-0.0736262 3.1754 3.77553e-19)
(-0.0595809 3.2439 1.66801e-19)
(-0.0369353 3.21315 2.01717e-19)
(-0.0161798 3.19518 0)
(0.00425378 3.1856 4.44821e-19)
(0.0250828 3.18452 4.88895e-19)
(0.046976 3.19411 1.49157e-20)
(0.0693628 3.21157 0)
(0.0842561 2.93063 -7.92248e-21)
(-0.0518537 1.59212 -2.04979e-19)
(-0.083473 3.1701 2.22019e-19)
(-0.062699 3.19155 -1.34405e-20)
(-0.0387058 3.16324 2.30373e-19)
(-0.0169898 3.14747 4.95876e-19)
(0.003833 3.13929 1.36333e-22)
(0.024943 3.13925 -2.44646e-19)
(0.0471518 3.14897 0)
(0.0702641 3.16898 2.33394e-20)
(0.0906362 2.99285 0)
(-0.0557711 1.93861 -6.90701e-21)
(-0.0840907 3.14848 -2.10674e-19)
(-0.0610738 3.13632 -1.64801e-19)
(-0.0390559 3.11026 0)
(-0.0174516 3.09592 6.33445e-20)
(0.00402064 3.08925 9.80199e-23)
(0.0256287 3.09072 -1.66182e-19)
(0.0466759 3.10168 -1.74311e-20)
(0.0672647 3.12416 1.78866e-20)
(0.0925037 3.04054 0)
(-0.0576245 2.33631 -1.16302e-19)
(-0.0827879 3.10631 1.50835e-19)
(-0.0603615 3.07552 1.10398e-19)
(-0.0382518 3.05422 1.30314e-19)
(-0.0163124 3.04464 3.51435e-20)
(0.00426839 3.04091 7.11004e-20)
(0.0247097 3.04251 3.61972e-20)
(0.0453412 3.05138 1.28707e-19)
(0.0662508 3.07193 1.32124e-19)
(0.0936808 3.06015 8.39654e-21)
(-0.0539136 2.71465 5.73914e-20)
(-0.0775077 3.03467 -9.34742e-21)
(-0.04257 3.01682 0)
(-0.0224139 3.01001 3.53481e-20)
(-0.00840895 3.00849 -1.06476e-19)
(0.00295079 3.00827 8.6734e-22)
(0.014482 3.008 -7.53498e-20)
(0.0277147 3.01098 1.85655e-20)
(0.0481138 3.01814 -2.10793e-20)
(0.0862042 3.0274 0)
(0.77365 -0.0450664 0)
(1.00743 -0.0768857 0)
(0.999196 -0.0411418 0)
(0.999912 -0.0220059 0)
(1.00006 -0.0116713 0)
(1.00005 -0.00662788 0)
(1.00002 -0.00390503 0)
(0.999994 -0.00228642 0)
(0.999976 -0.00122726 0)
(0.99997 -0.000446625 0)
(0.999995 0.000261448 0)
(0.999986 0.000943718 0)
(1 0.00181005 0)
(1.00002 0.00308166 0)
(1.00003 0.00514826 0)
(1.00003 0.00877499 0)
(0.999966 0.0159074 0)
(0.999641 0.0305898 0)
(1.00215 0.0568416 0)
(0.985 0.0884654 0)
(0.842508 -0.0556537 0)
(1.0942 -0.072831 0)
(1.06564 -0.0595584 0)
(1.03462 -0.0453758 0)
(1.01747 -0.0319575 0)
(1.00889 -0.021061 0)
(1.00477 -0.0132487 0)
(1.00274 -0.00780309 0)
(1.00176 -0.00379368 0)
(1.00136 -0.000417381 0)
(1.00148 0.00277884 0)
(1.00212 0.00629278 0)
(1.00352 0.0108288 0)
(1.00636 0.0172411 0)
(1.01224 0.0265104 0)
(1.02443 0.0387203 0)
(1.04761 0.0525557 0)
(1.08699 0.0680808 0)
(1.04537 0.0743314 0)
(0.360772 0.0151887 0)
(0.630762 -0.0168177 0)
(0.943634 -0.0411358 0)
(1.10667 -0.0513659 0)
(1.08077 -0.0440255 0)
(1.05101 -0.0365652 0)
(1.03081 -0.0294255 0)
(1.01812 -0.0220168 0)
(1.01077 -0.0149323 0)
(1.00678 -0.00870131 0)
(1.00486 -0.00323678 0)
(1.00446 0.00191797 0)
(1.00553 0.00713501 0)
(1.00831 0.0127619 0)
(1.01372 0.0192985 0)
(1.02343 0.0265236 0)
(1.03961 0.0336889 0)
(1.06426 0.0407258 0)
(1.09944 0.0491606 0)
(1.07533 0.0506759 0)
(0.629919 0.0168942 0)
(0.516946 -0.00692103 0)
(0.830693 -0.0225147 0)
(1.0952 -0.0412545 0)
(1.09456 -0.0394062 0)
(1.06408 -0.0332536 0)
(1.04329 -0.027392 0)
(1.02888 -0.0217504 0)
(1.01904 -0.015925 0)
(1.01288 -0.00985055 0)
(1.0096 -0.00370625 0)
(1.00887 0.00251329 0)
(1.01072 0.00863545 0)
(1.01522 0.0145174 0)
(1.023 0.0202601 0)
(1.03492 0.0257515 0)
(1.05215 0.0312787 0)
(1.07738 0.0371194 0)
(1.10476 0.0421066 0)
(1.01732 0.0358399 0)
(0.51532 0.00701557 0)
(0.452742 -0.00424197 0)
(0.744603 -0.0140134 0)
(1.0712 -0.0331147 0)
(1.10207 -0.034636 0)
(1.07319 -0.0304907 0)
(1.05142 -0.0257403 0)
(1.03661 -0.0206333 0)
(1.02623 -0.0153208 0)
(1.01913 -0.0096759 0)
(1.01499 -0.00355442 0)
(1.01398 0.00295977 0)
(1.01633 0.0092258 0)
(1.02169 0.0147917 0)
(1.03016 0.0199235 0)
(1.04242 0.0248546 0)
(1.06025 0.0295728 0)
(1.08677 0.033875 0)
(1.10259 0.0360517 0)
(0.954684 0.0261056 0)
(0.450145 0.00435886 0)
(0.409526 -0.00300945 0)
(0.679898 -0.00980558 0)
(1.04084 -0.0269887 0)
(1.10516 -0.030514 0)
(1.08124 -0.027488 0)
(1.05855 -0.0236497 0)
(1.04306 -0.0193052 0)
(1.03229 -0.0143807 0)
(1.02488 -0.00898013 0)
(1.02036 -0.00304353 0)
(1.01918 0.0033617 0)
(1.02166 0.00944713 0)
(1.02724 0.0147086 0)
(1.03595 0.0194507 0)
(1.04866 0.0237272 0)
(1.06728 0.0274719 0)
(1.09423 0.0308964 0)
(1.09391 0.0314009 0)
(0.895971 0.019894 0)
(0.405727 0.0031506 0)
(0.377816 -0.00226642 0)
(0.630431 -0.00731768 0)
(1.00828 -0.022148 0)
(1.10548 -0.0271487 0)
(1.08817 -0.0248807 0)
(1.06501 -0.0214449 0)
(1.04905 -0.0176316 0)
(1.03787 -0.0131866 0)
(1.03016 -0.00808089 0)
(1.02543 -0.00236031 0)
(1.02409 0.00380981 0)
(1.02654 0.00961953 0)
(1.0322 0.0145484 0)
(1.04114 0.0187872 0)
(1.05422 0.0224168 0)
(1.07333 0.0256076 0)
(1.09901 0.0284893 0)
(1.08003 0.0276336 0)
(0.843972 0.0156702 0)
(0.372543 0.00243633 0)
(0.353592 -0.00174833 0)
(0.591805 -0.00563593 0)
(0.976112 -0.0182062 0)
(1.10337 -0.0241452 0)
(1.09444 -0.0226215 0)
(1.07088 -0.0193874 0)
(1.05459 -0.0158505 0)
(1.04315 -0.0117488 0)
(1.03516 -0.00698879 0)
(1.0302 -0.0015451 0)
(1.02869 0.00435883 0)
(1.03106 0.00984065 0)
(1.03677 0.0143419 0)
(1.04583 0.0180773 0)
(1.05907 0.0212585 0)
(1.07858 0.0241119 0)
(1.10129 0.0264385 0)
(1.06268 0.0244155 0)
(0.798849 0.0126713 0)
(0.346525 0.00195322 0)
(0.334711 -0.00136358 0)
(0.561165 -0.00441145 0)
(0.945839 -0.014981 0)
(1.0991 -0.0213897 0)
(1.09978 -0.0204625 0)
(1.07637 -0.0174137 0)
(1.05973 -0.0140597 0)
(1.04809 -0.0101751 0)
(1.03991 -0.00568977 0)
(1.0347 -0.000550851 0)
(1.03298 0.00501936 0)
(1.03524 0.0101054 0)
(1.04091 0.0141663 0)
(1.04997 0.0174918 0)
(1.06333 0.0203251 0)
(1.08321 0.0228828 0)
(1.10213 0.0247093 0)
(1.04314 0.0216859 0)
(0.759788 0.010497 0)
(0.325462 0.00161129 0)
(0.319854 -0.00106378 0)
(0.536638 -0.00346918 0)
(0.918239 -0.0123008 0)
(1.09319 -0.0187891 0)
(1.10429 -0.0183703 0)
(1.08162 -0.0155221 0)
(1.06463 -0.0122961 0)
(1.05279 -0.00854467 0)
(1.04444 -0.00424767 0)
(1.03902 0.000622242 0)
(1.03706 0.00583281 0)
(1.03912 0.0105073 0)
(1.04465 0.014178 0)
(1.05365 0.0171612 0)
(1.06713 0.0196741 0)
(1.08727 0.0219257 0)
(1.1015 0.0232285 0)
(1.02238 0.0193847 0)
(0.725777 0.00888989 0)
(0.307951 0.00136403 0)
(0.308176 -0.000819435 0)
(0.516994 -0.00270801 0)
(0.893713 -0.010019 0)
(1.08626 -0.0162768 0)
(1.10798 -0.01624 0)
(1.0867 -0.0135587 0)
(1.06937 -0.0104147 0)
(1.05731 -0.00677922 0)
(1.04875 -0.00264646 0)
(1.04309 0.00198783 0)
(1.04084 0.00685368 0)
(1.04263 0.0111255 0)
(1.04797 0.0143933 0)
(1.05691 0.017003 0)
(1.07052 0.0191882 0)
(1.09087 0.0211792 0)
(1.09938 0.0219397 0)
(1.00112 0.017451 0)
(0.695889 0.00768471 0)
(0.293041 0.00118416 0)
(0.299126 -0.000611619 0)
(0.501419 -0.00206465 0)
(0.872427 -0.00801879 0)
(1.07887 -0.0138253 0)
(1.11116 -0.0140614 0)
(1.09169 -0.0115303 0)
(1.07399 -0.0084245 0)
(1.06164 -0.00485989 0)
(1.05284 -0.000845552 0)
(1.0469 0.00358491 0)
(1.0443 0.00812631 0)
(1.04575 0.0119979 0)
(1.05086 0.0148708 0)
(1.0597 0.017093 0)
(1.07344 0.0189465 0)
(1.09373 0.0206407 0)
(1.09574 0.0208902 0)
(0.97982 0.0158671 0)
(0.669324 0.00678334 0)
(0.280046 0.00105762 0)
(0.292362 -0.000423726 0)
(0.489393 -0.00148849 0)
(0.854459 -0.00618634 0)
(1.07149 -0.0113542 0)
(1.11406 -0.0117755 0)
(1.09658 -0.00937257 0)
(1.07855 -0.006264 0)
(1.06589 -0.00270282 0)
(1.05676 0.00123492 0)
(1.05042 0.00548069 0)
(1.04738 0.00972532 0)
(1.04844 0.0131848 0)
(1.0533 0.0156369 0)
(1.06205 0.0174777 0)
(1.07587 0.0189669 0)
(1.0957 0.0202748 0)
(1.09065 0.0200173 0)
(0.958752 0.0145627 0)
(0.645441 0.00610293 0)
(0.268463 0.000968585 0)
(0.2877 -0.000242827 0)
(0.480617 -0.000941629 0)
(0.839895 -0.00443751 0)
(1.06464 -0.00880482 0)
(1.11677 -0.00925648 0)
(1.10144 -0.00691568 0)
(1.08315 -0.00376793 0)
(1.07015 -0.000202449 0)
(1.06064 0.00366915 0)
(1.05385 0.0077601 0)
(1.05027 0.0117058 0)
(1.05083 0.0147384 0)
(1.05533 0.0167059 0)
(1.06392 0.018079 0)
(1.07777 0.019178 0)
(1.0967 0.0200745 0)
(1.08421 0.0192989 0)
(0.938095 0.0135106 0)
(0.623721 0.00559712 0)
(0.257911 0.00091082 0)
(0.285088 -5.67542e-05 0)
(0.475007 -0.00039298 0)
(0.828858 -0.00269436 0)
(1.05879 -0.00612084 0)
(1.11949 -0.0064815 0)
(1.10635 -0.00416194 0)
(1.08777 -0.000965109 0)
(1.07438 0.00264582 0)
(1.06447 0.00653425 0)
(1.05714 0.0105207 0)
(1.05289 0.0141515 0)
(1.05282 0.0167328 0)
(1.05686 0.0182268 0)
(1.06521 0.0191327 0)
(1.07912 0.0197708 0)
(1.09655 0.0201944 0)
(1.07657 0.0188204 0)
(0.917911 0.0127163 0)
(0.603721 0.00525056 0)
(0.248076 0.000882475 0)
(0.28459 0.000125874 0)
(0.47252 0.000193409 0)
(0.82146 -0.000905225 0)
(1.0543 -0.00325262 0)
(1.12227 -0.00342686 0)
(1.11128 -0.00111612 0)
(1.09246 0.00220442 0)
(1.07862 0.00595758 0)
(1.06814 0.0099058 0)
(1.06011 0.0138296 0)
(1.05504 0.0172088 0)
(1.05422 0.0193322 0)
(1.05774 0.0202526 0)
(1.06582 0.0206057 0)
(1.07969 0.0207318 0)
(1.09551 0.020706 0)
(1.06764 0.0185921 0)
(0.898111 0.0121642 0)
(0.58501 0.00504394 0)
(0.238662 0.000879022 0)
(0.286144 0.000364398 0)
(0.473224 0.000753543 0)
(0.817872 0.000923438 0)
(1.0516 -0.000125493 0)
(1.1253 9.19202e-05 0)
(1.11636 0.00250626 0)
(1.09742 0.00602154 0)
(1.0831 0.00995715 0)
(1.07197 0.0140178 0)
(1.06308 0.0178996 0)
(1.05699 0.0209812 0)
(1.05525 0.0225545 0)
(1.05808 0.0228731 0)
(1.06575 0.022626 0)
(1.07939 0.0221785 0)
(1.09332 0.0215604 0)
(1.05742 0.0186046 0)
(0.878627 0.011878 0)
(0.567183 0.00497733 0)
(0.229418 0.000897276 0)
(0.290227 0.000596804 0)
(0.477453 0.00147003 0)
(0.818398 0.00294309 0)
(1.0513 0.00322331 0)
(1.12891 0.00399519 0)
(1.1218 0.00667533 0)
(1.10265 0.0104508 0)
(1.08776 0.0146154 0)
(1.07587 0.0188736 0)
(1.06598 0.0228127 0)
(1.05865 0.0256655 0)
(1.05572 0.0267041 0)
(1.05768 0.0263704 0)
(1.06482 0.0254025 0)
(1.07818 0.0242572 0)
(1.0898 0.0229737 0)
(1.0459 0.0191141 0)
(0.859127 0.0119692 0)
(0.549727 0.00509551 0)
(0.220071 0.000941651 0)
(0.297001 0.000885241 0)
(0.485532 0.00222266 0)
(0.823128 0.00505839 0)
(1.05365 0.00683718 0)
(1.13328 0.00834826 0)
(1.12768 0.0113853 0)
(1.10825 0.0155647 0)
(1.09269 0.0201667 0)
(1.07984 0.0247925 0)
(1.06861 0.0288543 0)
(1.05975 0.0314369 0)
(1.05549 0.0318571 0)
(1.05636 0.0307925 0)
(1.06281 0.0290786 0)
(1.07591 0.0271871 0)
(1.08486 0.025111 0)
(1.03279 0.0202497 0)
(0.839148 0.0125758 0)
(0.531925 0.00546782 0)
(0.210232 0.00102353 0)
(0.306791 0.00122506 0)
(0.4977 0.00308808 0)
(0.832603 0.00746938 0)
(1.05905 0.0107878 0)
(1.13886 0.0132919 0)
(1.13437 0.0168829 0)
(1.11465 0.0216838 0)
(1.09831 0.0269167 0)
(1.08429 0.0320211 0)
(1.07149 0.0362584 0)
(1.06073 0.0385621 0)
(1.05472 0.0382748 0)
(1.05428 0.036388 0)
(1.05983 0.0338608 0)
(1.07247 0.0311544 0)
(1.0783 0.0281417 0)
(1.01795 0.0222682 0)
(0.818075 0.0138755 0)
(0.51279 0.00615592 0)
(0.199373 0.00115473 0)
(0.320008 0.0016471 0)
(0.514372 0.00414108 0)
(0.847029 0.0102585 0)
(1.06812 0.0153049 0)
(1.14628 0.0191069 0)
(1.14225 0.0236006 0)
(1.12201 0.0292699 0)
(1.10454 0.0352795 0)
(1.08889 0.040935 0)
(1.07404 0.0453576 0)
(1.06101 0.0472944 0)
(1.05299 0.0461591 0)
(1.05111 0.0432753 0)
(1.05566 0.0398515 0)
(1.06759 0.0362951 0)
(1.06997 0.0322782 0)
(1.00115 0.0253459 0)
(0.794978 0.0159127 0)
(0.491196 0.00714249 0)
(0.186932 0.00133246 0)
(0.337444 0.00222202 0)
(0.536375 0.00555059 0)
(0.866935 0.0138096 0)
(1.08157 0.0207486 0)
(1.15633 0.0260814 0)
(1.15191 0.031828 0)
(1.13069 0.0386118 0)
(1.11168 0.0455752 0)
(1.09398 0.051917 0)
(1.07662 0.0565369 0)
(1.06082 0.0579616 0)
(1.05043 0.0558318 0)
(1.04685 0.0518054 0)
(1.0503 0.0473121 0)
(1.06127 0.0427824 0)
(1.05968 0.0377785 0)
(0.981829 0.0295356 0)
(0.768745 0.0186255 0)
(0.466109 0.00837235 0)
(0.172451 0.00154547 0)
(0.360411 0.00305915 0)
(0.565071 0.00757236 0)
(0.893317 0.018634 0)
(1.10015 0.0277259 0)
(1.16952 0.0347909 0)
(1.16377 0.0420917 0)
(1.14095 0.0502291 0)
(1.11983 0.0583865 0)
(1.09945 0.065507 0)
(1.07892 0.0702302 0)
(1.05986 0.0709739 0)
(1.04675 0.0676293 0)
(1.04125 0.0622825 0)
(1.04349 0.0565504 0)
(1.05324 0.050824 0)
(1.047 0.0446104 0)
(0.959167 0.0347419 0)
(0.738263 0.0218984 0)
(0.436699 0.00975107 0)
(0.155655 0.00176947 0)
(0.390963 0.00436511 0)
(0.602509 0.0106721 0)
(0.927882 0.0254908 0)
(1.12493 0.0372379 0)
(1.18639 0.0461368 0)
(1.17822 0.0556805 0)
(1.15309 0.0654572 0)
(1.12908 0.0748702 0)
(1.1052 0.0825655 0)
(1.08081 0.0870063 0)
(1.05795 0.0866166 0)
(1.04181 0.0816704 0)
(1.03418 0.074786 0)
(1.035 0.06765 0)
(1.04311 0.0607117 0)
(1.03131 0.0528211 0)
(0.932308 0.0409627 0)
(0.702432 0.0256591 0)
(0.402395 0.011219 0)
(0.136484 0.00198673 0)
(0.43239 0.0066105 0)
(0.652007 0.0157839 0)
(0.973578 0.0356764 0)
(1.15735 0.0510296 0)
(1.20813 0.0623398 0)
(1.19571 0.0747163 0)
(1.16709 0.0861968 0)
(1.13909 0.0964585 0)
(1.11074 0.104061 0)
(1.08178 0.10743 0)
(1.05465 0.105085 0)
(1.03522 0.0978711 0)
(1.02541 0.0890321 0)
(1.02471 0.0803688 0)
(1.03072 0.0721001 0)
(1.01206 0.0625489 0)
(0.900187 0.0482377 0)
(0.660203 0.0298063 0)
(0.363002 0.0127244 0)
(0.115113 0.00217643 0)
(0.489949 0.0113443 0)
(0.719834 0.0251567 0)
(1.03522 0.0525375 0)
(1.19894 0.0727269 0)
(1.23581 0.0868252 0)
(1.216 0.101908 0)
(1.18221 0.114376 0)
(1.14891 0.12441 0)
(1.11521 0.130751 0)
(1.0811 0.131936 0)
(1.04939 0.126691 0)
(1.02656 0.116575 0)
(1.01462 0.105388 0)
(1.01255 0.0949376 0)
(1.0161 0.0853924 0)
(0.988941 0.0741062 0)
(0.861139 0.0564083 0)
(0.611094 0.0342042 0)
(0.31923 0.0142963 0)
(0.0923294 0.00233017 0)
(0.572205 0.0260261 1.9572e-22)
(0.813996 0.0466307 -1.07442e-19)
(1.11264 0.0832764 -4.39537e-21)
(1.24683 0.107512 -8.84885e-21)
(1.26685 0.124534 0)
(1.23688 0.139784 -1.40884e-20)
(1.19669 0.151388 1.13303e-20)
(1.15725 0.159665 -1.97111e-22)
(1.11767 0.16362 0)
(1.07801 0.161887 0)
(1.04134 0.153452 2.68533e-20)
(1.01474 0.14049 0)
(1.00029 0.127085 7.62465e-20)
(0.996752 0.114957 1.01521e-19)
(0.997573 0.104289 0)
(0.958194 0.0906317 0)
(0.810372 0.0678278 0)
(0.550861 0.0405269 -5.54893e-21)
(0.270073 0.0169908 -6.53957e-21)
(0.0694876 0.00328589 -1.18168e-19)
(0.634249 0.055487 -4.39478e-21)
(0.889228 0.0843714 -9.97575e-20)
(1.17716 0.129629 -1.87147e-20)
(1.28721 0.155567 0)
(1.29448 0.173567 2.98811e-20)
(1.25539 0.186701 1.07496e-19)
(1.20879 0.196217 2.41455e-20)
(1.16315 0.20235 3.96168e-20)
(1.11749 0.204037 6.78712e-20)
(1.07185 0.199926 0)
(1.02947 0.189171 -2.35951e-19)
(0.997993 0.174377 -7.11424e-20)
(0.97984 0.159527 -4.26791e-20)
(0.97291 0.145534 0)
(0.965435 0.131093 -2.34918e-19)
(0.910703 0.111967 -1.73524e-20)
(0.745973 0.0832227 -3.29958e-19)
(0.486628 0.0499369 -7.79097e-19)
(0.224513 0.0215221 4.86949e-19)
(0.0507843 0.00455076 5.28996e-19)
(0.654428 0.0931625 -8.10569e-20)
(0.928446 0.132846 9.49674e-20)
(1.21927 0.188206 1.68802e-20)
(1.31761 0.215228 0)
(1.31594 0.231085 0)
(1.2699 0.240205 1.10341e-19)
(1.21754 0.246007 -4.84082e-20)
(1.16624 0.248873 8.63088e-20)
(1.11499 0.247571 -7.48702e-20)
(1.06384 0.240703 1.22773e-19)
(1.0162 0.227402 0)
(0.980011 0.210509 -1.51013e-19)
(0.957489 0.193747 0)
(0.944873 0.177286 -1.08707e-19)
(0.92847 0.159322 3.22506e-19)
(0.867314 0.136197 -3.61734e-20)
(0.705195 0.102718 -4.49538e-20)
(0.458809 0.0632807 0)
(0.214545 0.028798 5.33132e-19)
(0.050032 0.00669126 -5.9132e-19)
(0.653596 0.129013 -1.38604e-19)
(0.942335 0.183219 1.37739e-19)
(1.24336 0.251013 1.34252e-19)
(1.33678 0.279991 0)
(1.32962 0.29303 1.19881e-19)
(1.27895 0.297654 -1.07444e-19)
(1.22227 0.29916 -9.46659e-20)
(1.16638 0.298202 3.26073e-21)
(1.11035 0.293418 -3.0932e-19)
(1.05428 0.283235 0)
(1.00171 0.26666 2.77137e-21)
(0.960908 0.246763 -1.026e-21)
(0.933652 0.227292 9.89228e-20)
(0.915085 0.208196 1.18058e-19)
(0.892349 0.187873 2.10162e-19)
(0.830484 0.162775 -8.44357e-20)
(0.680764 0.126124 -4.90983e-20)
(0.451893 0.0819697 4.05799e-19)
(0.222042 0.0397693 -3.40971e-20)
(0.057296 0.0104987 6.07981e-19)
(0.644795 0.161328 1.3623e-19)
(0.942675 0.23193 -1.27038e-20)
(1.25473 0.314362 -1.50504e-19)
(1.34665 0.34618 -1.39161e-19)
(1.33598 0.356471 -1.07492e-19)
(1.28242 0.356761 -1.54652e-19)
(1.22276 0.354033 0)
(1.16334 0.349189 0)
(1.10337 0.34068 -1.68168e-19)
(1.04293 0.326718 0)
(0.985797 0.306178 -2.95848e-19)
(0.940602 0.282652 1.81817e-19)
(0.908907 0.260188 2.80916e-21)
(0.885465 0.238873 1.31317e-19)
(0.858968 0.21731 -6.15611e-19)
(0.799831 0.191335 -3.64961e-19)
(0.663607 0.152571 -4.86116e-19)
(0.453448 0.102993 1.01767e-18)
(0.23478 0.0532478 1.20257e-18)
(0.0674361 0.0158045 -4.39278e-20)
(0.633543 0.190723 0)
(0.936075 0.27762 0)
(1.25762 0.376516 0)
(1.34926 0.411763 1.15494e-19)
(1.33625 0.419717 1.16457e-19)
(1.28103 0.416044 2.2358e-19)
(1.21935 0.409372 -1.04168e-19)
(1.15719 0.400765 2.83984e-19)
(1.09393 0.388465 3.50634e-19)
(1.02964 0.370455 0)
(0.968326 0.345637 -3.17357e-19)
(0.919193 0.318298 1.88627e-19)
(0.883728 0.293046 0)
(0.856672 0.270035 0)
(0.828123 0.2478 -1.67763e-19)
(0.772361 0.221238 3.00469e-19)
(0.649055 0.180393 0)
(0.455555 0.125472 -1.10858e-18)
(0.24671 0.0682748 1.31193e-18)
(0.0768529 0.0219162 -1.53956e-18)
(0.622674 0.218049 9.76952e-20)
(0.92654 0.320455 -2.66215e-21)
(1.25489 0.436516 1.00178e-19)
(1.34643 0.475567 -5.71899e-20)
(1.33181 0.481643 0)
(1.2757 0.474534 -1.07845e-19)
(1.21265 0.464283 1.1089e-19)
(1.14832 0.45209 3.99272e-19)
(1.08224 0.436041 -1.77509e-19)
(1.0145 0.413917 3.26408e-19)
(0.949425 0.38478 -1.66528e-19)
(0.896862 0.353721 -2.05268e-19)
(0.858491 0.325915 -2.55345e-19)
(0.829028 0.301442 -1.49655e-19)
(0.79957 0.278596 9.05046e-19)
(0.746871 0.251205 5.38151e-19)
(0.63412 0.208497 1.29508e-19)
(0.454557 0.148496 -6.01871e-19)
(0.254203 0.0835847 -8.86786e-20)
(0.0835864 0.0280649 1.66999e-18)
(0.613076 0.243807 2.90896e-20)
(0.916182 0.360802 0)
(1.24847 0.493855 -4.30601e-20)
(1.33974 0.536942 -4.97783e-20)
(1.32383 0.541539 1.07221e-20)
(1.26727 0.531535 -1.1671e-19)
(1.20332 0.51809 -2.16525e-19)
(1.13721 0.502546 -2.07418e-19)
(1.06864 0.482859 -5.79894e-19)
(0.997817 0.456706 -1.67962e-19)
(0.929354 0.42335 1.78657e-19)
(0.873828 0.3887 -4.50179e-19)
(0.833242 0.358421 1.20495e-21)
(0.802185 0.332414 -3.30257e-19)
(0.772369 0.308601 -1.97551e-19)
(0.722313 0.280061 2.32869e-19)
(0.617799 0.23523 4.13195e-19)
(0.449426 0.170263 0)
(0.256021 0.0975869 -9.5759e-20)
(0.0867191 0.0333871 -1.6384e-18)
(0.605097 0.268336 0)
(0.90613 0.398966 6.08758e-20)
(1.23991 0.548375 0)
(1.33035 0.595517 8.03502e-20)
(1.3133 0.599002 1.18501e-19)
(1.25652 0.58656 -3.28253e-21)
(1.19194 0.570304 -1.24426e-20)
(1.12434 0.551669 1.03576e-19)
(1.05358 0.528544 9.7646e-20)
(0.979939 0.498539 1.02563e-19)
(0.908398 0.461127 -6.99019e-22)
(0.85028 0.422965 -2.38087e-19)
(0.807947 0.390172 -2.90959e-19)
(0.775813 0.36247 3.50914e-19)
(0.745856 0.337342 -6.32806e-19)
(0.697846 0.307374 2.51574e-19)
(0.599817 0.25995 -5.9918e-19)
(0.440037 0.189922 1.41e-18)
(0.252702 0.109158 -1.03379e-19)
(0.086483 0.0373706 -1.21284e-19)
(0.59889 0.292031 7.57875e-21)
(0.896931 0.435385 7.94739e-21)
(1.2303 0.599839 5.30688e-20)
(1.31935 0.651029 7.19465e-20)
(1.30101 0.653808 9.61254e-20)
(1.24412 0.639283 1.03347e-19)
(1.17906 0.620578 3.50944e-19)
(1.11018 0.599139 4.54553e-19)
(1.03744 0.572831 -1.15082e-19)
(0.961225 0.53923 -3.87988e-19)
(0.886828 0.497949 -4.20862e-19)
(0.826359 0.456315 -5.21241e-19)
(0.782593 0.420882 6.26844e-19)
(0.749692 0.391243 -3.84573e-19)
(0.719764 0.364557 2.31331e-19)
(0.673297 0.332677 -8.14611e-19)
(0.579697 0.282046 6.44307e-19)
(0.42644 0.206491 -7.60486e-19)
(0.244451 0.117746 1.11536e-19)
(0.0832649 0.0396572 1.55076e-23)
(0.594168 0.315069 -1.35341e-21)
(0.888734 0.470305 2.91178e-21)
(1.22032 0.648699 -4.64568e-20)
(1.30721 0.703625 -7.35914e-20)
(1.28758 0.705842 -1.86829e-19)
(1.2306 0.689534 1.24434e-19)
(1.16514 0.668695 0)
(1.09514 0.644746 2.47977e-19)
(1.0206 0.615553 -1.07918e-19)
(0.941995 0.578659 -3.11479e-19)
(0.864889 0.53372 0)
(0.802188 0.488629 2.85996e-19)
(0.757107 0.450406 -3.41823e-19)
(0.723594 0.418536 -1.23399e-18)
(0.693718 0.389952 -2.45625e-19)
(0.648349 0.355713 -4.62627e-21)
(0.557807 0.301117 0)
(0.409153 0.219313 -6.16979e-19)
(0.232131 0.123245 -1.20287e-19)
(0.0775948 0.0404254 -1.41446e-19)
(0.590772 0.337718 -1.41752e-20)
(0.881544 0.503952 5.98381e-21)
(1.21037 0.694969 -1.59511e-20)
(1.29434 0.753408 -3.02187e-20)
(1.27352 0.755086 -9.58425e-20)
(1.21641 0.737244 1.01683e-19)
(1.1506 0.714547 1.29387e-19)
(1.07959 0.688377 1.29895e-19)
(1.0034 0.65661 -1.24827e-19)
(0.922532 0.616753 -1.1571e-19)
(0.842773 0.568406 -2.40049e-19)
(0.777827 0.51988 -6.01499e-19)
(0.73144 0.478693 1.93128e-21)
(0.697349 0.444323 0)
(0.667489 0.41348 -5.27212e-19)
(0.62275 0.376374 3.1811e-19)
(0.534019 0.317144 -1.68917e-18)
(0.388505 0.228422 0)
(0.216449 0.125578 1.04197e-18)
(0.0702175 0.0396758 0)
(0.588278 0.35982 2.20191e-21)
(0.87532 0.536293 6.51016e-21)
(1.20037 0.738875 1.11163e-20)
(1.28117 0.800391 0)
(1.25918 0.801572 1.28549e-19)
(1.2019 0.782405 -1.10838e-19)
(1.13576 0.758096 5.70441e-20)
(1.06384 0.729979 -6.26416e-19)
(0.986112 0.695959 1.23122e-19)
(0.903085 0.653483 0)
(0.820659 0.602008 1.01801e-18)
(0.753357 0.550104 3.21738e-19)
(0.705543 0.505786 1.94563e-19)
(0.670832 0.468634 -9.52685e-19)
(0.640898 0.435172 5.70321e-19)
(0.59635 0.394676 0)
(0.508348 0.330039 8.07139e-19)
(0.364997 0.233879 4.77186e-19)
(0.198151 0.124779 1.1238e-18)
(0.0615768 0.0375141 -1.3165e-18)
(0.586718 0.381516 -4.08288e-20)
(0.869938 0.567426 2.42407e-20)
(1.19046 0.780579 1.42266e-20)
(1.26796 0.844671 0)
(1.24481 0.845383 3.13926e-20)
(1.18734 0.825054 -2.64002e-19)
(1.12089 0.799349 2.48451e-19)
(1.04813 0.769544 -6.1651e-20)
(0.968985 0.733584 3.89225e-19)
(0.883868 0.688851 9.93975e-19)
(0.798724 0.634564 -2.72503e-19)
(0.728872 0.579392 -1.75714e-19)
(0.679425 0.531803 1.64848e-21)
(0.643953 0.491554 -2.5851e-19)
(0.613836 0.455081 -2.14413e-21)
(0.569103 0.410608 -3.18936e-21)
(0.480889 0.339696 -2.17497e-19)
(0.339085 0.235599 7.71162e-19)
(0.177788 0.120969 1.51057e-19)
(0.0519316 0.0339797 0)
(0.585427 0.402629 3.14635e-20)
(0.865177 0.597164 -2.04644e-20)
(1.18087 0.820499 -1.38791e-20)
(1.25489 0.886362 0)
(1.23059 0.886626 3.32878e-20)
(1.17292 0.865257 0)
(1.10618 0.838342 5.80379e-20)
(1.03268 0.807094 4.68351e-19)
(0.95222 0.769499 4.00782e-19)
(0.865077 0.722865 -1.26052e-20)
(0.777153 0.666127 -3.51626e-21)
(0.704504 0.607872 7.3655e-19)
(0.653103 0.556903 -4.53912e-19)
(0.61662 0.513208 -5.57158e-19)
(0.586183 0.473233 -6.65286e-19)
(0.540944 0.424074 -3.2103e-21)
(0.451772 0.345959 1.67974e-21)
(0.310803 0.233446 1.38419e-18)
(0.156027 0.114312 -1.30243e-18)
(0.0421942 0.0295083 0)
(0.584478 0.42308 -1.19147e-19)
(0.860979 0.625737 6.44086e-20)
(1.17138 0.858218 5.78689e-20)
(1.24204 0.925571 3.55064e-20)
(1.21667 0.925398 -7.87876e-20)
(1.15882 0.903092 -2.04841e-19)
(1.09181 0.875137 3.24072e-19)
(1.01763 0.84267 8.54658e-20)
(0.935964 0.803722 -4.26058e-19)
(0.846871 0.75554 -6.56136e-20)
(0.756112 0.696747 -1.48126e-19)
(0.680384 0.635672 -5.8473e-19)
(0.62661 0.581293 -9.73686e-19)
(0.588728 0.533775 2.99939e-19)
(0.557749 0.489637 3.53802e-19)
(0.511768 0.434839 -8.50127e-19)
(0.421265 0.348542 1.00986e-18)
(0.281189 0.227491 2.98278e-19)
(0.133964 0.105357 -3.49742e-19)
(0.0326942 0.0244159 -8.2173e-19)
(0.583696 0.44286 -9.92793e-20)
(0.857145 0.653154 4.17748e-20)
(1.16213 0.893882 2.52113e-20)
(1.22951 0.96241 -1.0951e-21)
(1.20314 0.961798 3.66354e-20)
(1.14512 0.938657 -1.97254e-19)
(1.07789 0.909801 -1.30501e-20)
(1.00312 0.876311 -1.15564e-18)
(0.920348 0.836268 -5.12899e-19)
(0.829398 0.786888 -6.88183e-20)
(0.735759 0.726462 0)
(0.656647 0.66291 8.36598e-19)
(0.600018 0.60521 0)
(0.560179 0.553506 -6.35172e-19)
(0.52825 0.504323 0)
(0.481362 0.442534 0)
(0.389573 0.346907 1.71995e-21)
(0.251284 0.217712 -3.19926e-19)
(0.112699 0.0945814 1.88204e-18)
(0.0239819 0.0190907 1.76609e-18)
(0.583094 0.461879 6.477e-20)
(0.853463 0.679372 9.70573e-20)
(1.15311 0.927529 -5.70557e-20)
(1.21734 0.996974 5.11691e-20)
(1.19008 0.995927 -4.17972e-20)
(1.13192 0.972034 -5.62734e-20)
(1.0645 0.942411 8.25347e-21)
(0.989217 0.908077 6.78364e-20)
(0.905457 0.867181 -6.23231e-19)
(0.812744 0.816916 7.20264e-20)
(0.716231 0.755299 8.94153e-20)
(0.633467 0.689695 -8.89406e-19)
(0.573458 0.628883 0)
(0.530887 0.57274 -3.44938e-19)
(0.49725 0.517449 0)
(0.449174 0.446596 -4.92645e-19)
(0.356864 0.340014 -1.1695e-18)
(0.222511 0.203561 -3.45018e-19)
(0.0939488 0.0823891 4.05025e-19)
(0.0167727 0.0140512 -1.18588e-18)
(0.582264 0.48006 0)
(0.849853 0.704359 0)
(1.14434 0.959208 1.12648e-19)
(1.20557 1.02937 5.27555e-20)
(1.17752 1.0279 0)
(1.11926 1.00332 2.70877e-20)
(1.0517 0.973038 0)
(0.975991 0.938017 -6.80888e-19)
(0.891353 0.896486 -1.08788e-20)
(0.796997 0.845632 1.34728e-18)
(0.697645 0.783255 1.54352e-18)
(0.611024 0.716098 -9.43562e-19)
(0.547103 0.652521 -1.03734e-18)
(0.500863 0.591875 0)
(0.464226 0.529451 -1.33654e-18)
(0.41408 0.44665 -1.06355e-18)
(0.322598 0.32606 6.32063e-19)
(0.19689 0.182765 7.39586e-19)
(0.0821138 0.0675276 4.3389e-19)
(0.0144569 0.0096754 -1.27211e-18)
(0.581653 0.497553 9.06928e-20)
(0.846473 0.728071 6.76597e-20)
(1.13579 0.988959 -8.87944e-20)
(1.19419 1.05968 6.43411e-20)
(1.1655 1.05781 0)
(1.10719 1.03261 2.58204e-20)
(1.03952 1.00177 2.6186e-19)
(0.963477 0.966193 -5.68645e-19)
(0.878073 0.92421 0)
(0.782206 0.873033 2.67243e-18)
(0.680118 0.810317 -1.53618e-18)
(0.589503 0.742168 7.48969e-19)
(0.521171 0.676282 2.14713e-21)
(0.470282 0.611313 -1.75774e-18)
(0.428765 0.54113 -2.40602e-19)
(0.374267 0.443071 -5.72702e-19)
(0.283847 0.303093 6.78759e-19)
(0.174148 0.148204 0)
(0.0873442 0.0362554 0)
(0.044548 0.00580692 0)
(0.580726 0.514087 2.15785e-19)
(0.843112 0.750737 2.57066e-19)
(1.12747 1.01694 5.77303e-20)
(1.18316 1.08809 0)
(1.15398 1.08587 -9.39376e-22)
(1.09564 1.06016 1.37222e-20)
(1.02788 1.02889 -3.46387e-20)
(0.951565 0.992927 -1.19786e-18)
(0.86547 0.950703 5.67335e-19)
(0.768192 0.899495 9.88432e-21)
(0.66345 0.83688 -8.23481e-21)
(0.568743 0.768433 0)
(0.49541 0.700785 -1.22616e-18)
(0.438754 0.63174 -3.79896e-19)
(0.389932 0.553905 0)
(0.32664 0.437605 0)
(0.232085 0.271136 0)
(0.138691 0.09013 -1.60861e-21)
(0.06883 0.00798167 -8.94939e-19)
(-0.0222038 0.180388 7.65119e-19)
(0.579792 0.529947 1.84782e-19)
(0.839646 0.772272 1.53406e-19)
(1.11936 1.04339 7.05513e-20)
(1.17235 1.11497 1.16945e-19)
(1.14281 1.1126 2.52403e-21)
(1.0844 1.08661 -1.3742e-19)
(1.0165 1.05515 5.83589e-20)
(0.939923 1.0191 6.30926e-19)
(0.853125 0.977001 8.66178e-20)
(0.754422 0.926235 -1.20841e-18)
(0.6469 0.864337 0)
(0.547766 0.796496 9.78317e-19)
(0.468444 0.727824 0)
(0.404864 0.654819 -1.3362e-18)
(0.345735 0.56974 4.62754e-19)
(0.265634 0.432958 1.1335e-18)
(0.151946 0.232235 -6.65605e-19)
(0.0535822 0.20107 -7.74495e-19)
(0.0102201 0.97406 4.55718e-19)
(0.0455626 2.40762 1.03005e-18)
(0.579137 0.545241 1.46498e-19)
(0.836034 0.792787 0)
(1.1116 1.06832 -1.60684e-19)
(1.16176 1.14021 -1.86297e-19)
(1.13209 1.13784 -5.59588e-21)
(1.07362 1.11179 -1.89697e-20)
(1.00555 1.08027 -2.83396e-19)
(0.928729 1.04439 -5.8615e-19)
(0.841279 1.00268 3.66318e-20)
(0.741234 0.952744 -1.38179e-18)
(0.630989 0.892113 -1.58239e-18)
(0.527369 0.825752 8.41381e-19)
(0.441255 0.757253 1.2277e-18)
(0.370027 0.679827 -1.94684e-19)
(0.299343 0.587682 -9.35631e-19)
(0.19055 0.42976 5.42381e-19)
(0.0839502 0.443474 6.58954e-19)
(0.0808468 1.72959 3.91986e-19)
(0.112852 2.94405 -4.416e-19)
(0.113717 3.3286 -6.4253e-19)
(0.579838 0.56081 0)
(0.831449 0.812156 -2.47319e-19)
(1.10396 1.09178 0)
(1.15125 1.16375 -1.87843e-20)
(1.12196 1.16176 6.04339e-21)
(1.06343 1.1358 2.14298e-20)
(0.995254 1.10439 2.45416e-19)
(0.918017 1.06882 3.10644e-20)
(0.830006 1.02776 6.72936e-19)
(0.728718 0.978994 -2.64474e-18)
(0.615896 0.920202 0)
(0.507886 0.85611 -9.68915e-19)
(0.41456 0.78979 1.22067e-18)
(0.334532 0.705874 0)
(0.250302 0.601763 -1.53966e-18)
(0.132017 0.586761 -5.27027e-19)
(0.126141 1.77309 6.59403e-19)
(0.170151 3.1058 1.09504e-18)
(0.156654 3.38501 3.80588e-19)
(0.137939 3.44326 -5.37621e-19)
(0.564983 0.575794 -1.34916e-19)
(0.789207 0.793667 1.26559e-19)
(1.08467 1.10691 2.00854e-19)
(1.13966 1.18424 1.34795e-19)
(1.11117 1.18309 1.86186e-20)
(1.05265 1.15731 -1.36182e-20)
(0.985353 1.12707 -3.08629e-20)
(0.907442 1.09192 9.16452e-19)
(0.818897 1.05167 -6.11184e-19)
(0.71641 1.00433 1.34446e-18)
(0.601225 0.947929 -8.0112e-20)
(0.489132 0.886777 1.20012e-19)
(0.388757 0.824632 -1.6343e-19)
(0.295547 0.730188 -1.91492e-19)
(0.230387 0.645406 -4.07608e-19)
(0.145978 1.07182 -2.33852e-19)
(0.214356 3.07916 7.06673e-19)
(0.222055 3.40571 -5.50712e-20)
(0.195602 3.4548 -5.19947e-19)
(0.160645 3.47345 -6.51172e-19)
(0.27438 0.266584 1.62064e-19)
(0.974313 1.00796 0)
(1.11953 1.18113 3.494e-20)
(1.12281 1.21356 1.78276e-20)
(1.07344 1.19579 3.48447e-20)
(1.00959 1.16726 0)
(0.937445 1.13468 -2.50478e-20)
(0.854397 1.09799 -3.41931e-20)
(0.758705 1.05597 0)
(0.646168 1.00596 -1.22477e-18)
(0.527404 0.949975 0)
(0.41814 0.892643 -1.15343e-19)
(0.310624 0.824529 0)
(0.229671 0.814715 -1.79003e-19)
(0.202702 1.75102 0)
(0.260993 3.12224 0)
(0.260945 3.42706 4.20312e-19)
(0.233062 3.47708 -5.14538e-19)
(0.204068 3.4966 -6.74006e-19)
(0.183779 3.53772 2.10187e-19)
(0.277888 0.267429 -8.47254e-20)
(0.97212 1.02812 4.87183e-21)
(1.11096 1.20226 -1.64384e-19)
(1.1118 1.23448 -1.64931e-19)
(1.06196 1.21664 4.82265e-20)
(0.997999 1.1884 -1.49871e-20)
(0.925723 1.15629 -1.85078e-19)
(0.842351 1.1203 -6.92631e-20)
(0.745987 1.07949 -5.9077e-19)
(0.632 1.03172 1.16456e-18)
(0.510485 0.979584 1.30726e-18)
(0.397148 0.926639 -1.0386e-18)
(0.284607 0.873476 -1.44439e-19)
(0.239101 1.16871 0)
(0.29365 2.7825 1.94682e-20)
(0.341702 3.41017 0)
(0.301709 3.49577 -3.48129e-19)
(0.264708 3.52563 -6.19757e-19)
(0.221389 3.55432 -1.58666e-19)
(0.200043 3.60505 4.38732e-20)
(0.259734 0.262162 -1.92353e-19)
(0.968886 1.05196 -2.85146e-19)
(1.1029 1.22656 4.826e-20)
(1.10197 1.2586 0)
(1.05187 1.24068 6.91905e-20)
(0.988027 1.21263 -9.74941e-21)
(0.915521 1.18073 1.8463e-19)
(0.832151 1.14553 3.46254e-20)
(0.73558 1.10619 5.79687e-19)
(0.620824 1.06112 -1.26406e-18)
(0.497413 1.01345 1.35014e-18)
(0.381525 0.965829 8.53441e-19)
(0.281762 0.960323 0)
(0.29597 1.79069 -6.2086e-19)
(0.383515 3.27182 -6.00476e-19)
(0.392706 3.50771 3.25259e-19)
(0.343233 3.54332 0)
(0.298525 3.57171 2.28278e-19)
(0.24254 3.62529 0)
(0.211941 3.6791 0)
(0.246548 0.262192 0)
(0.963771 1.0776 1.46845e-19)
(1.09378 1.25233 2.69288e-19)
(1.09103 1.28357 2.13563e-19)
(1.04073 1.26547 7.00242e-20)
(0.977041 1.23742 4.94706e-20)
(0.904647 1.20579 1.39435e-19)
(0.821507 1.17128 0)
(0.724972 1.13337 -5.98271e-20)
(0.609854 1.09099 1.09649e-18)
(0.485345 1.04796 1.26722e-18)
(0.368066 1.00712 1.03986e-19)
(0.295985 1.12754 1.01494e-18)
(0.372947 2.51987 -6.98225e-19)
(0.462985 3.45061 -4.89713e-19)
(0.430096 3.5567 0)
(0.393554 3.59487 0)
(0.34272 3.65638 -6.33472e-20)
(0.291256 3.66792 -6.85319e-21)
(0.223021 3.59975 3.79335e-19)
(0.23728 0.264929 -1.97798e-19)
(0.956439 1.10405 2.8369e-19)
(1.08311 1.27918 -1.01728e-19)
(1.07883 1.30945 -2.148e-19)
(1.02849 1.29094 -9.96173e-20)
(0.965108 1.26279 6.2289e-22)
(0.893105 1.2314 1.1311e-19)
(0.810402 1.19749 5.48961e-20)
(0.714175 1.16094 5.3735e-19)
(0.599096 1.12116 -9.98511e-19)
(0.474249 1.08276 6.93243e-20)
(0.359678 1.05499 9.62213e-20)
(0.334236 1.42979 8.20689e-19)
(0.458863 3.08668 -2.21714e-19)
(0.528276 3.52581 3.79309e-19)
(0.476472 3.58604 0)
(0.44699 3.66516 0)
(0.433889 3.67884 0)
(0.399435 3.5709 2.57418e-19)
(0.186957 2.52966 4.3583e-19)
(0.230457 0.269606 -3.83336e-19)
(0.947259 1.13125 0)
(1.07089 1.30711 1.97272e-19)
(1.06551 1.33649 -1.76613e-19)
(1.01536 1.31738 1.37918e-19)
(0.952506 1.28897 4.56632e-20)
(0.881104 1.25764 6.8277e-20)
(0.799079 1.22422 3.80676e-19)
(0.703498 1.18892 5.91674e-20)
(0.588931 1.15165 -1.04739e-18)
(0.464582 1.11783 -1.08191e-18)
(0.358676 1.11783 7.28565e-19)
(0.392979 1.84771 1.60506e-18)
(0.539198 3.35628 0)
(0.578732 3.56362 2.01572e-19)
(0.532421 3.62014 0)
(0.509726 3.66804 4.90385e-20)
(0.47691 3.55661 -6.15077e-20)
(0.498532 3.01163 -1.85075e-19)
(0.187062 1.25271 -2.54486e-19)
(0.225579 0.275273 0)
(0.936438 1.15919 4.45612e-19)
(1.05721 1.33614 1.05186e-19)
(1.05109 1.3647 -1.94189e-19)
(1.0014 1.34488 -3.53469e-20)
(0.939302 1.31604 -6.169e-20)
(0.868733 1.2846 4.4016e-20)
(0.787654 1.2515 -5.56064e-19)
(0.693083 1.21732 0)
(0.579536 1.18234 7.46013e-19)
(0.456723 1.15299 -9.7908e-19)
(0.367708 1.20785 7.78766e-20)
(0.463937 2.30839 -1.67997e-19)
(0.611078 3.47917 1.29178e-19)
(0.61864 3.58628 1.0326e-19)
(0.585619 3.63731 0)
(0.553515 3.59268 -1.18916e-19)
(0.491756 3.11024 -9.66024e-20)
(0.1573 1.0429 0)
(-0.118932 -0.165277 -1.01794e-19)
(0.221517 0.281756 -1.88525e-19)
(0.923897 1.18804 -4.37064e-19)
(1.04187 1.36648 4.04327e-19)
(1.03525 1.39443 5.8294e-20)
(0.986231 1.37394 -7.04315e-20)
(0.92509 1.34467 1.01629e-19)
(0.85559 1.3131 -2.18312e-20)
(0.775739 1.28037 2.50614e-19)
(0.68254 1.24742 -3.41918e-19)
(0.570545 1.2149 -8.26435e-20)
(0.450614 1.19117 1.65007e-18)
(0.38984 1.34742 0)
(0.546931 2.79099 5.79078e-19)
(0.674395 3.53775 2.32539e-19)
(0.651831 3.60749 -6.91815e-20)
(0.630082 3.61035 0)
(0.54978 3.31064 0)
(0.285147 1.72926 0)
(-0.0673121 -0.0623157 -4.20316e-19)
(-0.070676 -0.107405 2.49644e-19)
(0.217155 0.288353 -4.29904e-22)
(0.909483 1.21775 2.85991e-19)
(1.02477 1.39816 2.08315e-19)
(1.01785 1.4256 5.22139e-19)
(0.969706 1.40446 5.62931e-21)
(0.909772 1.37477 2.30864e-20)
(0.84162 1.3431 1.34054e-20)
(0.763331 1.3108 -1.46315e-19)
(0.671922 1.27913 -2.40773e-19)
(0.562098 1.24923 -3.36436e-20)
(0.447093 1.23431 7.97416e-19)
(0.427701 1.54981 -3.1084e-19)
(0.631584 3.16774 0)
(0.726753 3.57167 -9.95365e-20)
(0.692017 3.60819 -1.23691e-21)
(0.646715 3.50046 -9.54253e-20)
(0.443637 2.51255 -1.26103e-19)
(0.0216384 0.176445 0)
(-0.0990283 -0.169297 -8.65163e-20)
(-0.0434335 -0.0659088 0)
(0.212056 0.294793 -5.60487e-19)
(0.892919 1.24806 2.81733e-19)
(1.00569 1.43103 -2.10342e-19)
(0.998733 1.45811 0)
(0.951703 1.43636 -7.5017e-20)
(0.893239 1.40626 1.3574e-19)
(0.826758 1.37451 -2.11975e-20)
(0.750405 1.34265 -1.06622e-19)
(0.661271 1.31235 -1.78554e-19)
(0.554331 1.28511 -4.86351e-19)
(0.447389 1.28541 5.4805e-19)
(0.482708 1.82158 0)
(0.706857 3.37824 4.17816e-19)
(0.766524 3.59106 -8.5936e-20)
(0.725781 3.57894 8.6816e-21)
(0.615357 3.17245 -7.59287e-20)
(0.189753 0.970948 0)
(-0.0999917 -0.137182 -2.02162e-19)
(-0.0987054 -0.161371 1.17019e-22)
(-0.0311269 -0.0465812 0)
(0.205556 0.300504 -3.68607e-19)
(0.873952 1.2787 -2.84292e-19)
(0.984397 1.46503 2.07092e-19)
(0.977716 1.49188 -6.6279e-21)
(0.932084 1.46953 -7.02234e-20)
(0.875401 1.43902 -1.75893e-19)
(0.810945 1.40719 8.18889e-21)
(0.736965 1.37579 1.22126e-20)
(0.650651 1.3469 1.20195e-19)
(0.547413 1.32238 -3.54746e-19)
(0.453077 1.34864 0)
(0.551208 2.14372 -2.52268e-19)
(0.774272 3.49408 -1.24172e-19)
(0.802896 3.59305 3.58055e-20)
(0.741573 3.48113 -1.01692e-19)
(0.49075 2.44352 -7.44489e-20)
(0.0107232 0.0633589 2.05946e-19)
(-0.102827 -0.186601 -1.21682e-19)
(-0.0828799 -0.142277 3.69818e-20)
(-0.0223461 -0.0350493 -4.22019e-20)
(0.197501 0.30488 -3.62221e-19)
(0.852171 1.30931 0)
(0.960613 1.49999 1.18096e-20)
(0.954593 1.52672 1.48762e-19)
(0.910695 1.5038 -1.69288e-19)
(0.856143 1.47288 1.55357e-19)
(0.794136 1.44096 0)
(0.723018 1.41004 0)
(0.640118 1.38256 1.03845e-19)
(0.541531 1.36093 -5.54126e-19)
(0.465769 1.42861 -3.20272e-19)
(0.631386 2.51371 4.85588e-20)
(0.831286 3.55029 -3.47239e-20)
(0.834174 3.57913 2.5425e-20)
(0.720143 3.24883 0)
(0.259636 1.22869 4.67006e-19)
(-0.125412 -0.123853 2.97961e-19)
(-0.119982 -0.192109 2.27647e-19)
(-0.0790995 -0.130291 0)
(-0.019072 -0.0303627 -3.85842e-20)
(0.18773 0.307176 5.40491e-19)
(0.827126 1.33892 -2.77701e-19)
(0.933944 1.53559 -2.06881e-19)
(0.929132 1.56234 -1.43139e-20)
(0.887354 1.5389 9.21123e-20)
(0.835352 1.50758 3.21272e-19)
(0.776272 1.47555 -9.04028e-20)
(0.708565 1.4451 -3.31285e-20)
(0.629732 1.41903 5.73973e-20)
(0.536911 1.40071 -1.68086e-19)
(0.486377 1.52991 -2.49233e-19)
(0.714125 2.85877 1.65943e-19)
(0.878015 3.57267 -5.04109e-21)
(0.851248 3.53405 5.67899e-20)
(0.641529 2.79758 1.23121e-19)
(0.060709 0.198297 7.73632e-20)
(-0.111437 -0.212381 -1.83672e-19)
(-0.0976169 -0.205862 0)
(-0.0582659 -0.118088 -2.50053e-19)
(-0.0140133 -0.02484 7.17762e-20)
(0.176252 0.30661 1.81506e-19)
(0.798045 1.36668 -2.85973e-19)
(0.904204 1.57129 -1.41785e-20)
(0.901041 1.59837 -1.42361e-19)
(0.861888 1.57446 1.83966e-19)
(0.812899 1.54276 1.03852e-19)
(0.757272 1.51062 0)
(0.693582 1.4806 -2.79549e-20)
(0.619532 1.4559 1.10766e-20)
(0.533752 1.44166 0)
(0.515356 1.65311 2.01098e-19)
(0.7937 3.1359 3.49612e-20)
(0.915646 3.57771 5.48124e-20)
(0.852207 3.43667 0)
(0.496833 2.13069 0)
(-0.0677154 -0.0799322 7.5102e-20)
(-0.106746 -0.260842 -2.18189e-19)
(-0.0669962 -0.214308 -1.99987e-19)
(-0.0119751 -0.0749714 -2.99116e-19)
(0.000856525 -0.00236794 0)
(0.162352 0.302523 -1.79704e-19)
(0.764345 1.39128 -1.41364e-19)
(0.871013 1.60596 -4.1682e-19)
(0.870096 1.63422 0)
(0.834096 1.61 0)
(0.788647 1.57796 1.11941e-19)
(0.737048 1.5457 -1.26955e-20)
(0.678047 1.51603 -3.12176e-20)
(0.609552 1.49269 -7.11926e-21)
(0.532106 1.48374 -6.51085e-20)
(0.552079 1.79282 4.59425e-20)
(0.860372 3.31305 -8.91579e-21)
(0.949298 3.57495 -5.83452e-20)
(0.831719 3.27385 2.98537e-19)
(0.294682 1.26686 2.15669e-19)
(-0.183656 -0.189892 8.51311e-20)
(-0.161036 -0.319917 0)
(-0.075918 -0.217043 1.52032e-19)
(0.017257 -0.0119575 -3.03647e-20)
(0.0140795 0.0240034 2.33214e-19)
(0.146104 0.294091 0)
(0.725247 1.41038 1.33439e-19)
(0.834151 1.63869 6.02275e-19)
(0.836093 1.66914 -1.47943e-19)
(0.803793 1.64488 -2.00682e-19)
(0.762456 1.61258 -1.18457e-19)
(0.715508 1.58022 0)
(0.661882 1.5508 -8.38795e-20)
(0.599784 1.52865 -1.43384e-20)
(0.531692 1.52667 9.87693e-21)
(0.593729 1.94021 0)
(0.916945 3.41791 0)
(0.979461 3.55958 7.53729e-20)
(0.797976 3.04622 1.19218e-19)
(0.153487 0.499354 -3.27704e-19)
(-0.0893318 -0.357197 -4.44565e-19)
(-0.0676257 -0.401056 0)
(0.00712201 -0.215735 -5.22801e-20)
(0.0849874 0.0656324 0)
(0.0404885 0.0704819 -3.40689e-20)
(0.127547 0.27994 5.04197e-19)
(0.680582 1.42113 0)
(0.793142 1.66778 0)
(0.798872 1.70225 4.41042e-19)
(0.770844 1.67832 1.94659e-19)
(0.734218 1.64588 -1.32743e-19)
(0.692557 1.61345 1.65911e-19)
(0.644984 1.58422 8.76345e-20)
(0.590188 1.56287 -8.84849e-20)
(0.532228 1.56977 -2.7213e-20)
(0.636454 2.08274 7.70922e-20)
(0.963871 3.47258 -8.40415e-20)
(1.00284 3.52984 0)
(0.756971 2.76871 -1.32757e-19)
(-0.0223731 0.0344546 -8.66763e-20)
(-0.0875651 -0.566812 5.27034e-21)
(0.0017271 -0.495243 3.58355e-19)
(0.128868 -0.12136 3.15563e-19)
(0.195464 0.255024 3.1947e-20)
(0.0929818 0.190907 -2.77585e-19)
(0.107707 0.258777 0)
(0.629663 1.41976 -6.23519e-19)
(0.748219 1.69114 -1.93072e-19)
(0.758331 1.7323 -1.85468e-20)
(0.735168 1.7094 3.88961e-19)
(0.703844 1.67702 -1.38554e-19)
(0.668095 1.64453 -1.73296e-19)
(0.627226 1.61549 2.10353e-19)
(0.580608 1.59449 1.44863e-19)
(0.533427 1.61133 7.63543e-20)
(0.675542 2.20601 -2.9367e-20)
(1.00162 3.49772 -4.94699e-20)
(1.01427 3.48779 0)
(0.70652 2.47213 0)
(-0.0675981 -0.299334 -8.59619e-20)
(-0.117842 -0.779679 2.3135e-19)
(0.0256699 -0.472756 1.53808e-19)
(0.147865 0.088934 2.73655e-19)
(0.23301 0.54287 4.49158e-20)
(0.105178 0.279927 6.01504e-20)
(0.0864078 0.230103 7.7381e-20)
(0.572279 1.40107 1.21168e-19)
(0.69877 1.70625 -1.84745e-19)
(0.714505 1.75778 1.92891e-21)
(0.696847 1.737 9.75119e-20)
(0.671279 1.70508 -2.67451e-19)
(0.642045 1.67257 0)
(0.608502 1.64359 1.13336e-19)
(0.570846 1.62275 -6.51506e-20)
(0.535176 1.64747 8.23845e-20)
(0.70721 2.29818 1.01061e-19)
(1.03144 3.51292 -6.05015e-20)
(1.01383 3.44988 2.20341e-22)
(0.644149 2.22564 -1.06235e-19)
(-0.120516 -0.612406 -8.32472e-20)
(-0.192788 -0.80653 0)
(-0.0306184 -0.17206 -8.17532e-20)
(0.0917728 0.42452 -9.48079e-20)
(0.152866 0.579098 0)
(0.0555525 0.177984 -9.90359e-19)
(0.0633417 0.194046 5.80102e-19)
(0.506894 1.35945 -1.11804e-20)
(0.644229 1.70885 7.87602e-19)
(0.667604 1.77718 0)
(0.656098 1.76004 1.92741e-19)
(0.636595 1.72898 -1.30518e-19)
(0.614192 1.69651 0)
(0.588688 1.66735 -6.17086e-20)
(0.560703 1.64659 8.25612e-20)
(0.538283 1.67359 0)
(0.732962 2.34055 -3.77551e-20)
(1.06559 3.52877 1.33421e-19)
(1.01868 3.45432 8.15282e-20)
(0.600986 2.08047 -1.04584e-20)
(-0.137439 -0.477012 0)
(-0.364871 -0.618138 5.41412e-20)
(-0.133021 -0.113018 2.23802e-19)
(0.0888006 0.403067 -4.81491e-20)
(0.127566 0.422386 8.38327e-19)
(0.0399569 0.126347 1.02639e-18)
(0.0426481 0.150777 5.9828e-19)
(0.431736 1.28622 -1.06938e-19)
(0.5839 1.69377 0)
(0.618355 1.78842 -1.23709e-20)
(0.613355 1.77788 -3.51802e-19)
(0.599798 1.7478 0)
(0.584318 1.7153 2.94516e-21)
(0.567264 1.6854 -5.49844e-20)
(0.549947 1.66404 0)
(0.543537 1.68767 -1.08428e-19)
(0.73823 2.30572 9.08101e-20)
(1.114 3.53381 -7.49405e-20)
(1.03359 3.52114 2.3461e-19)
(0.504627 2.19463 9.55599e-20)
(-0.515398 0.392084 -8.94801e-20)
(-1.01588 -0.467151 -9.80695e-20)
(-1.02505 -0.679854 -3.10413e-19)
(-0.397345 -0.0904942 0)
(0.0915993 0.418168 -1.16418e-19)
(0.0809399 0.260463 -9.7511e-22)
(0.024466 0.103276 5.9037e-20)
(0.350019 1.16859 3.84861e-19)
(0.516346 1.65259 6.0049e-19)
(0.56687 1.78925 -1.65444e-19)
(0.568681 1.78976 0)
(0.560851 1.76097 -5.89683e-20)
(0.551895 1.72811 -8.48298e-20)
(0.543126 1.69663 -1.09932e-19)
(0.537376 1.67176 1.48153e-19)
(0.548025 1.68527 -5.27687e-20)
(0.740422 2.18962 -5.16829e-20)
(1.1824 3.48946 1.83286e-19)
(1.19711 3.62314 -2.64873e-19)
(0.772306 2.64252 -2.51567e-19)
(-0.0163364 1.15234 -6.41576e-19)
(-0.629072 -0.114545 0)
(-1.04109 -1.06214 8.33692e-19)
(-1.08037 -1.58223 -9.34338e-19)
(-0.711783 -1.42632 -1.63626e-18)
(-0.0626154 -0.0141577 9.33953e-19)
(0.0109322 0.0565421 0)
(0.264853 0.999999 -4.29815e-20)
(0.443092 1.57236 0)
(0.511744 1.77488 -7.75934e-22)
(0.521761 1.79386 -7.5625e-20)
(0.519481 1.76846 5.14417e-20)
(0.515967 1.73459 0)
(0.514297 1.70024 5.39988e-20)
(0.519202 1.66871 3.62193e-20)
(0.545653 1.66602 0)
(0.716261 2.00501 4.80531e-20)
(1.27253 3.33146 1.9587e-19)
(1.49221 3.58358 1.21998e-19)
(1.42228 3.21636 0)
(0.785837 1.66605 1.53094e-19)
(0.321677 0.444126 -1.63053e-18)
(-0.00667558 -0.742789 -2.09333e-20)
(-0.285668 -1.49764 0)
(-0.459688 -2.20409 6.28848e-20)
(-0.214526 -1.15502 6.6305e-20)
(0.00296803 0.0176908 1.69452e-22)
(0.176527 0.760191 1.72498e-19)
(0.36413 1.43959 0)
(0.452047 1.73712 4.69758e-20)
(0.472895 1.78983 1.3677e-19)
(0.474875 1.77131 0)
(0.475074 1.73517 -6.96438e-20)
(0.478213 1.69653 4.33782e-20)
(0.490088 1.65586 0)
(0.530221 1.62691 -1.95709e-20)
(0.66209 1.78828 -2.40169e-20)
(1.24386 2.96492 -3.58004e-20)
(1.57201 3.36819 5.74338e-20)
(1.66954 3.16038 -1.23824e-19)
(1.54086 2.43756 0)
(1.13603 1.28068 -2.12874e-19)
(0.707022 0.174869 2.1538e-19)
(0.332418 -0.80863 -1.56315e-19)
(0.04987 -1.61623 4.23741e-20)
(-0.114597 -1.41513 1.7267e-20)
(0.000203262 -0.010024 -1.58412e-19)
(0.0949509 0.465663 -2.56745e-20)
(0.274949 1.22355 -2.06739e-20)
(0.388662 1.66846 0)
(0.420735 1.77819 -1.59605e-20)
(0.425706 1.77183 1.09834e-20)
(0.426695 1.73202 -1.58125e-20)
(0.431977 1.68696 1.0774e-20)
(0.444575 1.63607 5.833e-21)
(0.482267 1.57056 -8.94815e-21)
(0.561897 1.60364 -5.4795e-21)
(0.949938 2.29403 2.88942e-21)
(1.35113 3.07561 -1.66176e-20)
(1.47079 3.03661 9.14159e-21)
(1.44807 2.67849 -8.79263e-20)
(1.23245 1.98811 -1.78124e-20)
(0.911792 1.15108 2.10272e-19)
(0.581228 0.36639 -2.16102e-19)
(0.26526 -0.286567 4.60146e-20)
(0.0155684 -0.544684 -3.60417e-19)
(0.00394598 -0.0256198 -1.88064e-33)
(0.0409698 0.197216 3.16334e-33)
(0.170163 0.883388 2.62823e-33)
(0.310496 1.53007 0)
(0.360357 1.7505 0)
(0.369063 1.76603 5.80797e-34)
(0.370309 1.72767 0)
(0.37353 1.67631 0)
(0.385305 1.61344 -3.45546e-34)
(0.400881 1.53074 0)
(0.450224 1.48831 0)
(0.538147 1.74579 0)
(0.975287 2.72004 0)
(1.07179 2.96135 0)
(1.04428 2.87691 0)
(0.923943 2.49804 0)
(0.702257 1.94042 0)
(0.453166 1.32994 0)
(0.222031 0.7664 0)
(0.0255853 0.252399 0)
(0.00184726 -0.0657706 0)
(0.0195371 0.0344781 0)
(0.0854407 0.520103 0)
(0.218189 1.30266 0)
(0.289372 1.69133 0)
(0.305118 1.75353 0)
(0.308253 1.72492 0)
(0.310097 1.66845 0)
(0.320291 1.59953 0)
(0.326178 1.51203 0)
(0.350042 1.45329 0)
(0.366485 1.57914 0)
(0.643781 2.45468 0)
(0.806733 2.96213 0)
(0.748138 3.00193 0)
(0.679388 2.8636 0)
(0.522786 2.45062 0)
(0.338731 1.9541 0)
(0.15716 1.45597 0)
(0.0132061 0.681175 0)
(0.000871452 -0.0862875 0)
(0.0133131 -0.0483025 0)
(0.0472496 0.300618 0)
(0.13896 1.07411 0)
(0.21529 1.61232 0)
(0.235587 1.73801 0)
(0.240471 1.72282 0)
(0.24453 1.66219 0)
(0.251998 1.59429 0)
(0.258001 1.5103 0)
(0.26137 1.44838 0)
(0.27413 1.51884 0)
(0.368404 2.17957 0)
(0.554513 2.94874 0)
(0.520105 3.10182 0)
(0.455789 3.07509 0)
(0.345239 2.81334 0)
(0.21533 2.40339 0)
(0.0904364 1.96031 0)
(0.0010043 0.92113 0)
(0.00364348 -0.114343 0)
(0.0233403 -0.114081 0)
(0.0434638 0.187658 0)
(0.0856052 0.899104 0)
(0.142774 1.53347 0)
(0.161995 1.71837 0)
(0.16968 1.7154 0)
(0.178196 1.65509 0)
(0.187209 1.58942 0)
(0.193738 1.51168 0)
(0.186734 1.44524 0)
(0.186494 1.49688 0)
(0.20128 1.95805 0)
(0.354669 2.91099 0)
(0.335434 3.18334 0)
(0.285347 3.22208 0)
(0.215961 3.06844 0)
(0.122999 2.71499 0)
(0.03827 2.29833 0)
(-0.00595643 0.975453 0)
(0.0110336 -0.190439 0)
(0.0376416 -0.192261 0)
(0.0441445 0.164225 0)
(0.0411767 0.824472 0)
(0.0664986 1.47894 0)
(0.0835661 1.69596 0)
(0.0971967 1.70012 0)
(0.112499 1.64262 0)
(0.125817 1.5802 0)
(0.135326 1.51089 0)
(0.128298 1.45166 0)
(0.121088 1.50463 0)
(0.102814 1.86093 0)
(0.218104 2.8575 0)
(0.204711 3.23316 0)
(0.163055 3.32609 0)
(0.120731 3.23793 0)
(0.0589954 2.92663 0)
(0.00398171 2.50712 0)
(-0.00691269 0.941925 0)
(0.0130291 -0.291642 0)
(0.0245886 -0.226838 0)
(0.00857391 0.204344 0)
(-0.0223211 0.845424 0)
(-0.022451 1.4546 0)
(-0.00171604 1.6679 0)
(0.024372 1.67509 0)
(0.0504257 1.62286 0)
(0.0710828 1.56806 0)
(0.0862618 1.5101 0)
(0.084765 1.45821 0)
(0.0742755 1.51515 0)
(0.0501642 1.81927 0)
(0.12266 2.81547 0)
(0.11568 3.26445 0)
(0.0848808 3.39725 0)
(0.0551843 3.34269 0)
(0.0145789 3.06125 0)
(-0.017491 2.60361 0)
(-0.00721823 0.848934 0)
(0.00197328 -0.319057 0)
(-0.0208719 -0.161869 0)
(-0.0618799 0.307316 0)
(-0.103187 0.917651 0)
(-0.109423 1.44111 0)
(-0.080326 1.61999 0)
(-0.0399124 1.63495 0)
(-0.00298545 1.59334 0)
(0.025233 1.54969 0)
(0.0456061 1.50345 0)
(0.0497989 1.45958 0)
(0.0417279 1.52364 0)
(0.0255818 1.81112 0)
(0.0631259 2.78948 0)
(0.0542136 3.29178 0)
(0.0319755 3.45118 0)
(0.0108331 3.41196 0)
(-0.0146084 3.14478 0)
(-0.0297192 2.61293 0)
(-0.00516394 0.754011 0)
(-0.0124472 -0.235339 0)
(-0.0599606 -0.0191749 0)
(-0.115596 0.440757 0)
(-0.159806 0.986264 0)
(-0.162365 1.40584 0)
(-0.126951 1.55203 0)
(-0.0823654 1.57873 0)
(-0.0413973 1.55443 0)
(-0.00952111 1.52571 0)
(0.0140914 1.49255 0)
(0.0226479 1.45886 0)
(0.0199202 1.5286 0)
(0.0132274 1.81715 0)
(0.0242334 2.78386 0)
(0.0112976 3.31695 0)
(-0.00547557 3.49091 0)
(-0.0203084 3.45662 0)
(-0.0350126 3.19124 0)
(-0.0351806 2.5729 0)
(-0.00383352 0.666894 0)
(-0.01796 -0.0895007 0)
(-0.0705015 0.157592 0)
(-0.126319 0.576646 0)
(-0.166401 1.03764 0)
(-0.167213 1.36269 0)
(-0.135756 1.48679 0)
(-0.0979681 1.52204 0)
(-0.0611277 1.51424 0)
(-0.0313182 1.5003 0)
(-0.00812996 1.4799 0)
(0.000745461 1.45555 0)
(0.0037216 1.52604 0)
(0.00548619 1.8258 0)
(-0.00638976 2.79347 0)
(-0.0191862 3.33961 0)
(-0.0330828 3.51964 0)
(-0.0421333 3.48252 0)
(-0.04878 3.20706 0)
(-0.0371036 2.48314 0)
(-0.00294586 0.589889 0)
(-0.0150017 0.0560777 0)
(-0.0588914 0.322802 0)
(-0.105171 0.695452 0)
(-0.137078 1.08014 0)
(-0.139485 1.3346 0)
(-0.120423 1.44063 0)
(-0.0937922 1.47821 0)
(-0.0662379 1.48105 0)
(-0.0426474 1.4779 0)
(-0.0231654 1.46678 0)
(-0.0150127 1.44884 0)
(-0.0100988 1.51935 0)
(-0.0101538 1.84065 0)
(-0.0287018 2.81591 0)
(-0.0426523 3.35805 0)
(-0.0531634 3.53646 0)
(-0.056868 3.49237 0)
(-0.0559101 3.19557 0)
(-0.0351457 2.36665 0)
(-0.00235999 0.523964 0)
(-0.00949159 0.163456 0)
(-0.0398251 0.451373 0)
(-0.0735574 0.788339 0)
(-0.0977214 1.11696 0)
(-0.102838 1.32384 0)
(-0.0947637 1.4147 0)
(-0.0798624 1.44942 0)
(-0.0623394 1.45768 0)
(-0.0460423 1.4609 0)
(-0.0318392 1.45602 0)
(-0.0263633 1.44335 0)
(-0.0242824 1.5159 0)
(-0.0310182 1.86157 0)
(-0.0497461 2.84341 0)
(-0.0610708 3.37241 0)
(-0.0662891 3.54343 0)
(-0.064905 3.48837 0)
(-0.0576361 3.16206 0)
(-0.0310531 2.23991 0)
(-0.00189309 0.469077 0)
(-0.00512611 0.229554 0)
(-0.0239695 0.539801 0)
(-0.0470299 0.854841 0)
(-0.0643218 1.14736 0)
(-0.0710699 1.32578 0)
(-0.0700379 1.40461 0)
(-0.0633743 1.43402 0)
(-0.0544189 1.4437 0)
(-0.0450437 1.44987 0)
(-0.0372441 1.44933 0)
(-0.03638 1.44076 0)
(-0.0391344 1.5177 0)
(-0.0502116 1.88269 0)
(-0.0646739 2.86633 0)
(-0.0732328 3.3814 0)
(-0.0734444 3.54089 0)
(-0.0674032 3.47297 0)
(-0.055708 3.11296 0)
(-0.0267648 2.11575 0)
(-0.00147426 0.423966 0)
(-0.00256901 0.266436 0)
(-0.0137888 0.596741 0)
(-0.0291597 0.900429 0)
(-0.0409224 1.17071 0)
(-0.0473465 1.33338 0)
(-0.0499387 1.40352 0)
(-0.04855 1.42763 0)
(-0.0452409 1.437 0)
(-0.0411194 1.44464 0)
(-0.0385754 1.44757 0)
(-0.0430965 1.4427 0)
(-0.0521472 1.5249 0)
(-0.0654961 1.90325 0)
(-0.0741471 2.88213 0)
(-0.0772428 3.38224 0)
(-0.0744297 3.53038 0)
(-0.0657461 3.44898 0)
(-0.0519617 3.05534 0)
(-0.0232973 2.00011 0)
(-0.00105992 0.386798 0)
(-0.00131802 0.286755 0)
(-0.00829343 0.633247 0)
(-0.0188223 0.93124 0)
(-0.0264334 1.18694 0)
(-0.03122 1.34194 0)
(-0.0347824 1.40697 0)
(-0.0359997 1.4269 0)
(-0.0357488 1.43522 0)
(-0.0355285 1.44321 0)
(-0.0372408 1.44899 0)
(-0.0464405 1.44919 0)
(-0.059831 1.53833 0)
(-0.0741208 1.9191 0)
(-0.0748387 2.88769 0)
(-0.0757941 3.38063 0)
(-0.0718321 3.51718 0)
(-0.0629597 3.42203 0)
(-0.0486963 2.99551 0)
(-0.0211079 1.8923 0)
(-0.000701203 0.356485 0)
(-0.000810428 0.299117 0)
(-0.00571808 0.658349 0)
(-0.0136088 0.952854 0)
(-0.0185235 1.19682 0)
(-0.0212063 1.34844 0)
(-0.0242728 1.41117 0)
(-0.0260004 1.42872 0)
(-0.0274723 1.43616 0)
(-0.0289654 1.44444 0)
(-0.0323096 1.45342 0)
(-0.0451848 1.45946 0)
(-0.0586064 1.55413 0)
(-0.0735446 1.93016 0)
(-0.0712573 2.88683 0)
(-0.0695374 3.37741 0)
(-0.0675219 3.50476 0)
(-0.0603595 3.39812 0)
(-0.0476954 2.9372 0)
(-0.0199422 1.78753 0)
(-0.000329179 0.33171 0)
(-0.000652248 0.308126 0)
(-0.00456937 0.677571 0)
(-0.0111535 0.969711 0)
(-0.0149193 1.20138 0)
(-0.0148972 1.35213 0)
(-0.0169238 1.41447 0)
(-0.018257 1.43096 0)
(-0.0197947 1.43785 0)
(-0.0214746 1.44712 0)
(-0.0251236 1.45852 0)
(-0.035429 1.4691 0)
(-0.0446936 1.56756 0)
(-0.0602222 1.94258 0)
(-0.0614597 2.88238 0)
(-0.0616278 3.37804 0)
(-0.0644828 3.5013 0)
(-0.0614741 3.38032 0)
(-0.0507298 2.87838 0)
(-0.0201692 1.67807 0)
(-0.000124106 0.310791 0)
(-0.000609198 0.315726 0)
(-0.00387106 0.693274 0)
(-0.00951583 0.984715 0)
(-0.0133096 1.2029 0)
(-0.0112502 1.35075 0)
(-0.0104511 1.41603 0)
(-0.0108125 1.43269 0)
(-0.0112062 1.43909 0)
(-0.0126075 1.44915 0)
(-0.0138932 1.46195 0)
(-0.0181484 1.47464 0)
(-0.0210114 1.57548 0)
(-0.0334563 1.96191 0)
(-0.0477588 2.88297 0)
(-0.0562976 3.39003 0)
(-0.0664694 3.50591 0)
(-0.0687882 3.37014 0)
(-0.0579872 2.81145 0)
(-0.0210889 1.5567 0)
(-0.000192446 0.29182 0)
(-0.000625107 0.322654 0)
(-0.00333913 0.706043 0)
(-0.00792363 0.998835 0)
(-0.0125515 1.20472 0)
(-0.0103155 1.34474 0)
(-0.00699649 1.41334 0)
(-0.00481426 1.43301 0)
(-0.00405406 1.43969 0)
(-0.00358633 1.44932 0)
(-0.00142119 1.46146 0)
(0.0013336 1.47506 0)
(0.00664736 1.57435 0)
(-0.00277513 1.99158 0)
(-0.0353205 2.89816 0)
(-0.0555779 3.41759 0)
(-0.074184 3.52516 0)
(-0.0811711 3.3685 0)
(-0.066287 2.72734 0)
(-0.0210546 1.42494 0)
(-0.000359299 0.271658 0)
(-0.000667288 0.329177 0)
(-0.00290217 0.715736 0)
(-0.00616951 1.01107 0)
(-0.0109377 1.20986 0)
(-0.0104511 1.33736 0)
(-0.00573122 1.40663 0)
(-0.00160614 1.43052 0)
(0.000896545 1.43909 0)
(0.00355516 1.44738 0)
(0.00620934 1.45743 0)
(0.0138045 1.47055 0)
(0.027979 1.56368 0)
(0.0204027 2.03228 0)
(-0.0333062 2.93886 0)
(-0.0666273 3.461 0)
(-0.0890978 3.55485 0)
(-0.0963936 3.36195 0)
(-0.0721761 2.61451 0)
(-0.0202007 1.29068 0)
(-0.000622102 0.248802 0)
(-0.000758166 0.335584 0)
(-0.00264036 0.722441 0)
(-0.00441312 1.01956 0)
(-0.00771188 1.21724 0)
(-0.00876242 1.333 0)
(-0.00510135 1.3972 0)
(0.00122121 1.42489 0)
(0.00555207 1.43679 0)
(0.00923481 1.44436 0)
(0.00987592 1.45478 0)
(0.0127999 1.4624 0)
(0.0304024 1.54909 0)
(0.018166 2.09174 0)
(-0.0500888 3.00675 0)
(-0.09008 3.51083 0)
(-0.1096 3.58235 0)
(-0.109012 3.3369 0)
(-0.0718519 2.4667 0)
(-0.0187511 1.16323 0)
(-0.000910795 0.224553 0)
(-0.000828529 0.341925 0)
(-0.00237062 0.72635 0)
(-0.00275864 1.02268 0)
(-0.00367888 1.22224 0)
(-0.00463402 1.33056 0)
(-0.00100918 1.38741 0)
(0.00631449 1.41629 0)
(0.0128978 1.43258 0)
(0.0167521 1.44317 0)
(0.0136977 1.45509 0)
(0.00716116 1.46071 0)
(0.0115308 1.53512 0)
(-0.00934476 2.16328 0)
(-0.0815365 3.08408 0)
(-0.11765 3.55228 0)
(-0.126674 3.59493 0)
(-0.114208 3.28196 0)
(-0.0624466 2.30022 0)
(-0.015499 1.05142 0)
(-0.000923698 0.200589 0)
(-0.00101468 0.34853 0)
(-0.00248885 0.728279 0)
(-0.00228799 1.02186 0)
(-0.00128108 1.22138 0)
(0.000451457 1.32651 0)
(0.00627683 1.37665 0)
(0.0163622 1.40405 0)
(0.0270304 1.42443 0)
(0.0336801 1.44165 0)
(0.026807 1.46271 0)
(0.00570419 1.47319 0)
(-0.0232013 1.5393 0)
(-0.0530871 2.23546 0)
(-0.117421 3.15241 0)
(-0.136742 3.56499 0)
(-0.130017 3.58308 0)
(-0.105106 3.19185 0)
(-0.049391 2.14256 0)
(-0.0113177 0.961724 0)
(-0.000889883 0.178406 0)
(-0.00128155 0.356181 0)
(-0.00296415 0.729537 0)
(-0.00253536 1.01737 0)
(0.000942729 1.2145 0)
(0.00760379 1.31589 0)
(0.0191851 1.36042 0)
(0.034882 1.38596 0)
(0.0515347 1.41068 0)
(0.0619058 1.43648 0)
(0.0576351 1.48327 0)
(0.0157627 1.50635 0)
(-0.0466481 1.57199 0)
(-0.0872237 2.29697 0)
(-0.136092 3.19647 0)
(-0.135644 3.55402 0)
(-0.117325 3.54613 0)
(-0.0810445 3.0799 0)
(-0.0329906 2.01151 0)
(-0.00585199 0.899301 0)
(-0.000672666 0.162937 0)
(-0.0013541 0.364907 0)
(-0.00324224 0.731142 0)
(-0.00227687 1.01066 0)
(0.00406261 1.20008 0)
(0.0173841 1.29612 0)
(0.0365634 1.33664 0)
(0.0602033 1.36091 0)
(0.0852569 1.38946 0)
(0.109597 1.42837 0)
(0.106331 1.50896 0)
(0.0482654 1.56039 0)
(-0.0492815 1.62924 0)
(-0.0945645 2.33778 0)
(-0.123578 3.21579 0)
(-0.112564 3.52249 0)
(-0.0880195 3.48807 0)
(-0.0491747 2.97754 0)
(-0.0124288 1.91923 0)
(0.0034266 0.872787 0)
(0.000162713 0.157754 0)
(-0.0015007 0.37482 0)
(-0.00418811 0.73477 0)
(-0.00326301 1.00408 0)
(0.0063927 1.18021 0)
(0.0259918 1.264 0)
(0.0551891 1.29865 0)
(0.0928771 1.32183 0)
(0.135189 1.35478 0)
(0.174291 1.41763 0)
(0.183196 1.53069 0)
(0.115747 1.63926 0)
(-0.0192427 1.71594 0)
(-0.076764 2.36035 0)
(-0.0948484 3.22487 0)
(-0.0821654 3.48421 0)
(-0.0571984 3.42196 0)
(-0.0258013 2.88767 0)
(0.00718362 1.84348 0)
(0.0152063 0.886904 0)
(0.00172088 0.177974 0)
(-0.000269348 0.148745 0)
(-0.00409639 0.581873 0)
(-0.00877519 0.882764 0)
(-0.00526772 1.08936 0)
(0.0125433 1.19404 0)
(0.046333 1.23397 0)
(0.0943881 1.25314 0)
(0.155016 1.28051 0)
(0.225204 1.33993 0)
(0.277028 1.46161 0)
(0.254594 1.63881 0)
(0.127644 1.80083 0)
(-0.0254136 1.97701 0)
(-0.0539027 2.88393 0)
(-0.0624063 3.40674 0)
(-0.0541116 3.45287 0)
(-0.0337148 3.15829 0)
(-0.00335629 2.31977 0)
(0.025607 1.29333 0)
(0.00226535 0.217967 0)
(0.275849 2.34024 0)
(0.216708 3.53601 1.21855e-21)
(0.190577 3.63559 -6.63183e-20)
(0.173771 3.56753 0)
(0.159092 3.50988 -2.78215e-19)
(0.140297 3.46464 -4.45275e-19)
(0.127104 3.44704 5.07988e-19)
(0.113953 3.4176 6.86502e-21)
(0.0898387 3.08969 4.95256e-19)
(0.0214745 0.936026 0)
(0.119833 2.46061 -7.68588e-22)
(0.0978946 3.45918 0)
(0.10346 3.55735 3.61467e-21)
(0.101023 3.51497 -4.58359e-20)
(0.0967923 3.47401 1.18398e-20)
(0.0911653 3.44386 -4.5166e-19)
(0.0822723 3.43338 4.87244e-19)
(0.0696908 3.41146 5.13699e-19)
(0.0424981 3.02421 5.29824e-19)
(-0.0105642 0.815458 -5.42994e-19)
(0.0674046 2.33112 -5.59817e-20)
(0.0592192 3.39937 2.4201e-19)
(0.0623416 3.51153 0)
(0.0624351 3.48009 -3.63596e-19)
(0.0618879 3.44856 4.27515e-19)
(0.060393 3.42653 -4.69764e-19)
(0.0569531 3.42265 1.58709e-20)
(0.0539057 3.41223 1.05271e-18)
(0.0393145 3.06743 0)
(-0.0104218 0.858782 -8.74055e-21)
(0.0365105 2.25027 -2.87878e-19)
(0.0307533 3.36325 3.76384e-19)
(0.0338933 3.47706 7.95129e-19)
(0.0365535 3.45147 1.40153e-20)
(0.0388348 3.42632 0)
(0.0410248 3.4102 0)
(0.0428223 3.41023 5.16042e-19)
(0.0449601 3.40625 -8.88763e-21)
(0.0366129 3.10176 -8.74303e-19)
(-0.011829 0.900649 3.04985e-19)
(0.0202647 2.22382 1.2193e-20)
(0.0108713 3.34336 4.09722e-19)
(0.0143785 3.44909 -2.1722e-19)
(0.019454 3.42641 -2.46684e-19)
(0.0242423 3.40548 2.68438e-19)
(0.02939 3.39305 2.67058e-19)
(0.0345638 3.39506 -7.35139e-21)
(0.0398924 3.39609 3.09017e-19)
(0.0360177 3.12995 0)
(-0.012807 0.943355 -6.31106e-19)
(0.0121009 2.23872 -7.81038e-23)
(-0.00551735 3.33394 -2.09395e-19)
(0.00171459 3.42483 2.59961e-20)
(0.00814549 3.40278 0)
(0.0149264 3.38442 -2.7981e-19)
(0.0223262 3.37419 2.92684e-19)
(0.0299085 3.37727 2.96264e-19)
(0.0376698 3.38233 3.06775e-19)
(0.037826 3.15405 -5.01106e-21)
(-0.013118 0.990301 3.34681e-19)
(0.00475379 2.27916 -2.36823e-19)
(-0.0168924 3.32934 1.39819e-22)
(-0.00771835 3.40149 2.72313e-19)
(0.000343332 3.37892 2.75999e-19)
(0.00872824 3.36198 -1.85065e-20)
(0.0180352 3.35301 2.18143e-22)
(0.0277305 3.35662 -3.04736e-19)
(0.0378287 3.36492 6.71604e-19)
(0.042084 3.17396 -3.33957e-19)
(-0.0124471 1.04754 -9.74437e-21)
(-0.00318098 2.34122 -5.92559e-23)
(-0.0257862 3.32581 0)
(-0.0158304 3.37733 -2.92206e-19)
(-0.0059155 3.35333 -1.89937e-20)
(0.00419093 3.33695 3.29455e-19)
(0.0154672 3.32859 0)
(0.027371 3.33236 3.57229e-19)
(0.0400338 3.34325 0)
(0.0485784 3.18965 3.61099e-19)
(-0.0102515 1.12221 0)
(-0.0131434 2.42123 -4.45456e-21)
(-0.0351252 3.31973 5.84451e-19)
(-0.0239226 3.3498 -2.96833e-19)
(-0.0117458 3.32413 -2.04794e-20)
(0.000520748 3.30785 2.11382e-20)
(0.0140545 3.29981 -2.20203e-20)
(0.0284252 3.30361 3.83757e-19)
(0.0440109 3.31656 -6.46067e-23)
(0.0567344 3.20006 -3.91027e-19)
(-0.00575997 1.22103 -3.9373e-19)
(-0.0273477 2.51919 -3.13846e-19)
(-0.0459505 3.30703 -3.14921e-19)
(-0.0326729 3.31624 0)
(-0.0175605 3.28948 -3.83857e-19)
(-0.00251128 3.27336 2.29421e-20)
(0.0136543 3.26575 3.9146e-19)
(0.0306283 3.26973 -7.95837e-19)
(0.0491961 3.28427 -8.34961e-19)
(0.0657173 3.20391 -6.47591e-21)
(0.00156401 1.35127 -2.2095e-19)
(-0.046423 2.63243 -1.60534e-19)
(-0.0576958 3.28392 -1.10927e-20)
(-0.0414208 3.27504 -3.67064e-19)
(-0.0230122 3.2487 0)
(-0.00480862 3.23342 0)
(0.0140447 3.22659 1.87036e-19)
(0.0335249 3.2308 0)
(0.05458 3.24627 -2.17572e-19)
(0.0742498 3.19956 0)
(0.0115733 1.51869 2.36607e-19)
(-0.0675407 2.755 5.77054e-21)
(-0.0680625 3.24853 -1.87766e-19)
(-0.0479654 3.22683 2.22728e-20)
(-0.0267671 3.20309 0)
(-0.00622009 3.18956 2.744e-20)
(0.0143188 3.18377 -2.8808e-19)
(0.0356173 3.18803 2.29969e-19)
(0.058321 3.2033 -1.50425e-20)
(0.0802521 3.18531 7.84438e-21)
(0.023494 1.72238 5.12896e-19)
(-0.0855216 2.87537 -6.47887e-21)
(-0.0734406 3.20321 1.33078e-20)
(-0.0503729 3.17534 -2.27034e-19)
(-0.0278634 3.15436 1.96134e-19)
(-0.00670015 3.14256 -2.03109e-19)
(0.0141266 3.13804 -2.71715e-19)
(0.0357108 3.14296 2.4939e-19)
(0.0584041 3.15778 2.50443e-19)
(0.0818865 3.16197 -1.69571e-20)
(0.0353746 1.96181 2.73308e-19)
(-0.0932577 2.97929 7.08746e-21)
(-0.0728881 3.15277 2.27517e-19)
(-0.0500598 3.12147 3.01579e-20)
(-0.0283311 3.10206 -1.58727e-19)
(-0.00677673 3.09172 1.03586e-22)
(0.0147792 3.0888 -3.3218e-20)
(0.0361114 3.09508 1.69042e-19)
(0.0566968 3.11098 1.76852e-20)
(0.0784725 3.13127 -1.81457e-20)
(0.0438162 2.23466 0)
(-0.0956063 3.04054 -1.19598e-19)
(-0.071265 3.0927 -1.29385e-19)
(-0.0495202 3.06296 -1.28566e-19)
(-0.0271834 3.04849 3.37162e-20)
(-0.00589771 3.0422 -1.70857e-19)
(0.0144446 3.04091 -8.92326e-23)
(0.0349236 3.04601 7.48916e-20)
(0.055596 3.05935 -1.31082e-19)
(0.0794771 3.08818 -1.44184e-19)
(0.0484645 2.5276 0)
(-0.0951252 3.03673 6.64781e-20)
(-0.0566081 3.0232 -1.74972e-20)
(-0.0314346 3.0125 -3.48947e-20)
(-0.014863 3.00884 3.54397e-20)
(-0.00267312 3.0086 0)
(0.00865261 3.0076 -3.67872e-20)
(0.0206997 3.00928 0)
(0.0363017 3.0135 -1.01171e-19)
(0.0646714 3.02575 6.46856e-20)
(0.0493407 2.79243 -8.82413e-20)
(0.939313 -0.0855784 0)
(1.06141 -0.0844861 0)
(1.03125 -0.05902 0)
(1.01436 -0.0382537 0)
(1.00656 -0.023493 0)
(1.00319 -0.0141733 0)
(1.00169 -0.00851775 0)
(1.00099 -0.00490195 0)
(1.00065 -0.00237391 0)
(1.0005 -0.000284262 0)
(1.00055 0.00169621 0)
(1.00075 0.00392659 0)
(1.00124 0.0068776 0)
(1.00227 0.011305 0)
(1.00451 0.0185016 0)
(1.00963 0.0303129 0)
(1.02121 0.0479605 0)
(1.04642 0.0727319 0)
(1.05531 0.088978 0)
(0.533028 0.0342689 0)
(0.72393 -0.0309179 0)
(1.09241 -0.0588676 0)
(1.08849 -0.0533143 0)
(1.05264 -0.0434851 0)
(1.02961 -0.0341103 0)
(1.01615 -0.0246866 0)
(1.009 -0.0165109 0)
(1.00533 -0.0100579 0)
(1.00351 -0.00499643 0)
(1.00278 -0.000569529 0)
(1.00298 0.00368473 0)
(1.00415 0.00827717 0)
(1.00672 0.0138731 0)
(1.01183 0.0210498 0)
(1.02169 0.0298463 0)
(1.03953 0.0392594 0)
(1.06852 0.0483202 0)
(1.10327 0.0583492 0)
(1.0058 0.0570509 0)
(0.263235 0.00536236 0)
(0.564456 -0.0100754 0)
(1.04876 -0.04223 0)
(1.10389 -0.0449547 0)
(1.07231 -0.0379787 0)
(1.04735 -0.0314349 0)
(1.03017 -0.0252833 0)
(1.01886 -0.0189298 0)
(1.01199 -0.0125457 0)
(1.00821 -0.00651804 0)
(1.00661 -0.000653443 0)
(1.00705 0.00510616 0)
(1.00955 0.0108976 0)
(1.01465 0.0169746 0)
(1.02351 0.0232038 0)
(1.03752 0.0292244 0)
(1.05823 0.0353086 0)
(1.08866 0.0422254 0)
(1.1026 0.0465245 0)
(0.882757 0.0302533 0)
(0.191372 0.000813852 0)
(0.481182 -0.00526081 0)
(0.98771 -0.029948 0)
(1.10562 -0.0381499 0)
(1.08308 -0.0345231 0)
(1.05716 -0.0292665 0)
(1.0396 -0.0238234 0)
(1.02742 -0.0184015 0)
(1.01906 -0.012794 0)
(1.01387 -0.00685132 0)
(1.0115 -0.000486247 0)
(1.01213 0.00588757 0)
(1.01567 0.0118735 0)
(1.02224 0.0174359 0)
(1.03231 0.0226548 0)
(1.04681 0.0278017 0)
(1.06807 0.0329641 0)
(1.09843 0.0378584 0)
(1.08321 0.0375071 0)
(0.782415 0.0177063 0)
(0.162795 0.000586588 0)
(0.429325 -0.00353354 0)
(0.927841 -0.0220941 0)
(1.10094 -0.0325332 0)
(1.09231 -0.030971 0)
(1.06511 -0.0268931 0)
(1.0467 -0.0223821 0)
(1.03411 -0.0174056 0)
(1.02536 -0.0121381 0)
(1.01958 -0.00645754 0)
(1.01675 -0.000119142 0)
(1.01745 0.00628546 0)
(1.02145 0.0120621 0)
(1.02842 0.0172309 0)
(1.03875 0.0220202 0)
(1.0538 0.0264279 0)
(1.07616 0.0303626 0)
(1.10275 0.0336007 0)
(1.05437 0.0306561 0)
(0.706457 0.0119147 0)
(0.144858 0.000437601 0)
(0.39257 -0.00259813 0)
(0.874244 -0.0168686 0)
(1.0906 -0.0280837 0)
(1.09906 -0.0278511 0)
(1.07225 -0.0243229 0)
(1.05317 -0.0204992 0)
(1.04006 -0.0161404 0)
(1.03097 -0.0112265 0)
(1.02495 -0.00576055 0)
(1.0219 0.00038161 0)
(1.02254 0.00657336 0)
(1.02661 0.0120873 0)
(1.03373 0.0169145 0)
(1.04441 0.0211311 0)
(1.06 0.0247534 0)
(1.08301 0.0279928 0)
(1.10363 0.0303007 0)
(1.02098 0.0254695 0)
(0.648276 0.00881983 0)
(0.13191 0.000338476 0)
(0.364951 -0.00198381 0)
(0.828152 -0.0131509 0)
(1.07644 -0.0242367 0)
(1.10347 -0.02511 0)
(1.07861 -0.0220236 0)
(1.05908 -0.0185177 0)
(1.04565 -0.0145939 0)
(1.03625 -0.0100925 0)
(1.02996 -0.00491074 0)
(1.02673 0.000984955 0)
(1.02726 0.00690504 0)
(1.03133 0.0120922 0)
(1.03858 0.0164753 0)
(1.04947 0.0201495 0)
(1.06537 0.0232841 0)
(1.08886 0.026165 0)
(1.10159 0.0275791 0)
(0.98631 0.0213551 0)
(0.602499 0.00688365 0)
(0.121914 0.000271508 0)
(0.343607 -0.00153831 0)
(0.789177 -0.0104001 0)
(1.06011 -0.0208334 0)
(1.10618 -0.0225463 0)
(1.08447 -0.0198744 0)
(1.06451 -0.0165547 0)
(1.05085 -0.0128949 0)
(1.04123 -0.00872761 0)
(1.03471 -0.0038811 0)
(1.03127 0.00171491 0)
(1.03164 0.00731322 0)
(1.03568 0.0120961 0)
(1.04296 0.0160221 0)
(1.05391 0.0192769 0)
(1.07007 0.0220562 0)
(1.09366 0.0246369 0)
(1.09684 0.0252483 0)
(0.952271 0.018095 0)
(0.565492 0.00556205 0)
(0.113905 0.000223148 0)
(0.326874 -0.00119931 0)
(0.75646 -0.00829125 0)
(1.04283 -0.0178054 0)
(1.1079 -0.0201511 0)
(1.08997 -0.017826 0)
(1.06965 -0.0146563 0)
(1.05574 -0.0111754 0)
(1.04596 -0.00722101 0)
(1.03924 -0.00264641 0)
(1.03556 0.00260733 0)
(1.03575 0.0078089 0)
(1.03967 0.0121818 0)
(1.04686 0.0157284 0)
(1.05785 0.0186418 0)
(1.07428 0.0211119 0)
(1.09726 0.0233495 0)
(1.0896 0.0232053 0)
(0.919848 0.015522 0)
(0.534853 0.00461921 0)
(0.107305 0.0001881 0)
(0.313696 -0.000929166 0)
(0.729141 -0.00660578 0)
(1.02556 -0.0150674 0)
(1.10866 -0.0178223 0)
(1.09519 -0.0158102 0)
(1.07459 -0.0127377 0)
(1.06043 -0.00939212 0)
(1.05047 -0.00560929 0)
(1.04355 -0.00126152 0)
(1.03962 0.00368091 0)
(1.03957 0.00849836 0)
(1.04328 0.0124686 0)
(1.05036 0.0156286 0)
(1.06133 0.0182034 0)
(1.07798 0.0204 0)
(1.09954 0.0222622 0)
(1.08034 0.0214199 0)
(0.889456 0.0134966 0)
(0.508933 0.00393196 0)
(0.10172 0.000163313 0)
(0.30339 -0.000704416 0)
(0.706532 -0.00520188 0)
(1.00907 -0.0125562 0)
(1.10864 -0.0155031 0)
(1.10025 -0.0137387 0)
(1.07941 -0.0106931 0)
(1.06497 -0.00745886 0)
(1.05479 -0.00382438 0)
(1.04766 0.000333725 0)
(1.04345 0.00497882 0)
(1.04307 0.00940356 0)
(1.0465 0.0129844 0)
(1.05341 0.0157755 0)
(1.06436 0.0179937 0)
(1.08124 0.0198905 0)
(1.10065 0.0213652 0)
(1.06953 0.0198781 0)
(0.861201 0.0119062 0)
(0.486573 0.0034253 0)
(0.0968728 0.000145917 0)
(0.295515 -0.000507009 0)
(0.688127 -0.00397447 0)
(0.993908 -0.0101906 0)
(1.10797 -0.0131408 0)
(1.10499 -0.0115599 0)
(1.08414 -0.00855743 0)
(1.06938 -0.00538796 0)
(1.05893 -0.00183817 0)
(1.05148 0.002165 0)
(1.04689 0.00654472 0)
(1.04613 0.0106037 0)
(1.04927 0.0137732 0)
(1.05599 0.016162 0)
(1.06693 0.0180365 0)
(1.08399 0.0196196 0)
(1.10086 0.0206539 0)
(1.05744 0.0185491 0)
(0.834978 0.01065 0)
(0.46692 0.00305048 0)
(0.0925481 0.00013441 0)
(0.289813 -0.00032278 0)
(0.673616 -0.00284569 0)
(0.980545 -0.00789017 0)
(1.1069 -0.0106243 0)
(1.10942 -0.00914917 0)
(1.08885 -0.00617631 0)
(1.07377 -0.00302563 0)
(1.06301 0.000466896 0)
(1.05521 0.0043298 0)
(1.05016 0.00846034 0)
(1.04892 0.012143 0)
(1.05168 0.014874 0)
(1.05816 0.0168356 0)
(1.06903 0.0183529 0)
(1.08614 0.0195833 0)
(1.10016 0.020146 0)
(1.04435 0.0174148 0)
(0.810606 0.0096661 0)
(0.449333 0.00277749 0)
(0.0885875 0.000127956 0)
(0.286167 -0.000144427 0)
(0.662833 -0.00175538 0)
(0.969381 -0.00559242 0)
(1.10583 -0.00791714 0)
(1.11373 -0.00643027 0)
(1.09359 -0.00346005 0)
(1.07817 -0.000317734 0)
(1.06706 0.00314555 0)
(1.05881 0.00691041 0)
(1.05321 0.0108079 0)
(1.05137 0.0140827 0)
(1.05366 0.0163354 0)
(1.05983 0.0178083 0)
(1.0706 0.0188723 0)
(1.08778 0.0197423 0)
(1.09841 0.019729 0)
(1.03047 0.0164631 0)
(0.78787 0.00890198 0)
(0.43332 0.00258551 0)
(0.0848637 0.000125108 0)
(0.284544 3.99561e-05 0)
(0.65572 -0.000671577 0)
(0.960739 -0.00326104 0)
(1.10507 -0.0050135 0)
(1.118 -0.00345355 0)
(1.0984 -0.000477928 0)
(1.08259 0.00271856 0)
(1.07107 0.00622627 0)
(1.06233 0.00997303 0)
(1.05607 0.0136794 0)
(1.05349 0.0165609 0)
(1.05514 0.0183324 0)
(1.06089 0.0193206 0)
(1.07149 0.0198654 0)
(1.08866 0.0202722 0)
(1.09552 0.0195922 0)
(1.01589 0.0157612 0)
(0.766487 0.00836265 0)
(0.418442 0.00247521 0)
(0.0812557 0.000127007 0)
(0.285055 0.000232125 0)
(0.652384 0.000440757 0)
(0.954987 -0.000784326 0)
(1.1049 -0.0017575 0)
(1.12227 -3.09259e-05 0)
(1.1033 0.00298426 0)
(1.08713 0.00632259 0)
(1.07509 0.00993769 0)
(1.06563 0.0136779 0)
(1.05845 0.0172018 0)
(1.055 0.019669 0)
(1.05601 0.0208582 0)
(1.0613 0.0212461 0)
(1.07161 0.021243 0)
(1.08836 0.0210616 0)
(1.09124 0.0196544 0)
(1.00059 0.0152776 0)
(0.746153 0.00802254 0)
(0.404299 0.00243406 0)
(0.0776577 0.000132047 0)
(0.287867 0.000482551 0)
(0.653045 0.0016791 0)
(0.952445 0.00178547 0)
(1.10581 0.00185435 0)
(1.12686 0.00391451 0)
(1.10852 0.00710683 0)
(1.09197 0.0106026 0)
(1.07938 0.0143522 0)
(1.06919 0.018154 0)
(1.06103 0.0215304 0)
(1.05644 0.02356 0)
(1.05646 0.0241525 0)
(1.06108 0.0238412 0)
(1.07098 0.023094 0)
(1.08698 0.022169 0)
(1.08536 0.0201111 0)
(0.984612 0.0151399 0)
(0.72647 0.0079203 0)
(0.39049 0.00246718 0)
(0.0739832 0.000138495 0)
(0.293092 0.000739737 0)
(0.657756 0.00306883 0)
(0.953626 0.00460766 0)
(1.10827 0.00577884 0)
(1.13192 0.00830902 0)
(1.11402 0.0117975 0)
(1.09699 0.0155619 0)
(1.08366 0.0195736 0)
(1.07246 0.0235525 0)
(1.06298 0.0268532 0)
(1.05706 0.0284497 0)
(1.05602 0.0283208 0)
(1.05989 0.0272355 0)
(1.06929 0.0256848 0)
(1.08431 0.0239521 0)
(1.07784 0.0211786 0)
(0.96764 0.0155008 0)
(0.706863 0.00815171 0)
(0.376477 0.00260541 0)
(0.0701332 0.000147049 0)
(0.301018 0.00103562 0)
(0.666697 0.00451382 0)
(0.958752 0.00764066 0)
(1.11258 0.0101274 0)
(1.13765 0.0132883 0)
(1.12012 0.0172262 0)
(1.10259 0.0214667 0)
(1.08844 0.0259426 0)
(1.07604 0.0301965 0)
(1.06498 0.0334034 0)
(1.05737 0.0344748 0)
(1.05498 0.0335851 0)
(1.05784 0.0316387 0)
(1.06653 0.0292431 0)
(1.08015 0.0266143 0)
(1.06846 0.0229501 0)
(0.94938 0.0165377 0)
(0.686574 0.00883338 0)
(0.361517 0.00288096 0)
(0.0659627 0.000159719 0)
(0.31197 0.00137082 0)
(0.680253 0.00607679 0)
(0.968195 0.0108957 0)
(1.11927 0.0150249 0)
(1.14446 0.0191437 0)
(1.12714 0.0237924 0)
(1.10898 0.0287119 0)
(1.09368 0.0337625 0)
(1.0797 0.0383296 0)
(1.06666 0.0414603 0)
(1.05703 0.0419355 0)
(1.05308 0.0401647 0)
(1.0548 0.0372102 0)
(1.06266 0.0339123 0)
(1.07439 0.0303394 0)
(1.05708 0.0256888 0)
(0.929409 0.0184341 0)
(0.66452 0.0100304 0)
(0.344698 0.00330718 0)
(0.0612739 0.000179453 0)
(0.326507 0.00178559 0)
(0.699014 0.00791517 0)
(0.982611 0.0145987 0)
(1.12906 0.0207512 0)
(1.15295 0.0262351 0)
(1.13541 0.0319047 0)
(1.11627 0.0376868 0)
(1.09943 0.0434394 0)
(1.08344 0.0483836 0)
(1.06797 0.0513453 0)
(1.05596 0.0510646 0)
(1.05014 0.0482291 0)
(1.05059 0.0441936 0)
(1.05752 0.0398485 0)
(1.067 0.0353378 0)
(1.04353 0.0295531 0)
(0.906934 0.0212029 0)
(0.639452 0.0116771 0)
(0.32516 0.00385354 0)
(0.0558758 0.000204605 0)
(0.345752 0.00233553 0)
(0.724203 0.0102196 0)
(1.0028 0.0191683 0)
(1.14261 0.0277773 0)
(1.16377 0.0348813 0)
(1.14535 0.0418537 0)
(1.12478 0.0487215 0)
(1.10593 0.0553619 0)
(1.08739 0.060756 0)
(1.06894 0.0634596 0)
(1.05412 0.0622423 0)
(1.04616 0.0581773 0)
(1.04515 0.052898 0)
(1.05108 0.0473512 0)
(1.05798 0.0417369 0)
(1.02729 0.0345617 0)
(0.8809 0.024749 0)
(0.610137 0.0136738 0)
(0.302202 0.00447539 0)
(0.0496258 0.000232672 0)
(0.371689 0.00311745 0)
(0.757963 0.013279 0)
(1.03007 0.0252665 0)
(1.16055 0.0369787 0)
(1.17741 0.0460138 0)
(1.15728 0.0545292 0)
(1.13467 0.062747 0)
(1.11312 0.0703482 0)
(1.0913 0.0760475 0)
(1.06926 0.0782183 0)
(1.05123 0.0757576 0)
(1.04086 0.0702367 0)
(1.03819 0.0635181 0)
(1.04298 0.0565969 0)
(1.04683 0.0496117 0)
(1.0076 0.0406522 0)
(0.850132 0.0289446 0)
(0.575378 0.0158775 0)
(0.275339 0.00511502 0)
(0.0424787 0.000257702 0)
(0.407904 0.00430432 0)
(0.803794 0.0176691 0)
(1.0665 0.0340553 0)
(1.18386 0.0498301 0)
(1.19455 0.0614596 0)
(1.17156 0.0716595 0)
(1.146 0.0812858 0)
(1.12083 0.0895505 0)
(1.09494 0.0950171 0)
(1.0687 0.0960192 0)
(1.04707 0.0916986 0)
(1.03412 0.0842642 0)
(1.02965 0.0759249 0)
(1.03299 0.0674881 0)
(1.03307 0.0587004 0)
(0.983709 0.0478143 0)
(0.813204 0.0336836 0)
(0.533981 0.0181399 0)
(0.244224 0.0057187 0)
(0.0344658 0.00027558 0)
(0.461366 0.00618793 0)
(0.867113 0.0249049 0)
(1.11562 0.0479707 0)
(1.21397 0.068923 0)
(1.21573 0.0836877 0)
(1.18806 0.0955071 0)
(1.15825 0.106022 0)
(1.12832 0.114124 0)
(1.09759 0.11838 0)
(1.06662 0.117213 0)
(1.04111 0.110202 0)
(1.02554 0.100297 0)
(1.01938 0.0899491 0)
(1.02103 0.079901 0)
(1.01633 0.0693273 0)
(0.954628 0.0561604 0)
(0.768195 0.0386988 0)
(0.484696 0.0202046 0)
(0.20849 0.0061913 0)
(0.0256635 0.000282606 0)
(0.549061 0.0102421 0)
(0.959499 0.0406153 6.37276e-34)
(1.18304 0.0733966 0)
(1.25173 0.0991968 0)
(1.24047 0.11625 8.50205e-34)
(1.20574 0.128447 -3.75379e-34)
(1.17021 0.138342 0)
(1.13455 0.144799 0)
(1.0984 0.146547 -5.21187e-34)
(1.06244 0.142133 0)
(1.03298 0.131782 0)
(1.01482 0.119089 0)
(1.00719 0.10654 0)
(1.00732 0.0947736 0)
(0.99616 0.0822646 0)
(0.917611 0.065525 0)
(0.712642 0.0435551 0)
(0.42585 0.0216661 0)
(0.166857 0.00624306 0)
(0.0158277 0.000279793 0)
(0.631162 0.0341268 -6.09197e-20)
(1.04823 0.0764856 -1.72824e-20)
(1.24541 0.115793 -1.48557e-20)
(1.28838 0.142144 0)
(1.26484 0.158987 -1.49948e-20)
(1.22251 0.170271 1.34222e-20)
(1.18058 0.17868 -2.25277e-20)
(1.13875 0.183211 1.90582e-20)
(1.09661 0.182599 1.66841e-20)
(1.05487 0.175431 -2.71319e-20)
(1.02042 0.162431 -2.79041e-20)
(0.998556 0.147636 3.26266e-20)
(0.98846 0.133422 5.73816e-20)
(0.98573 0.119664 -2.29679e-20)
(0.962382 0.10287 6.72759e-20)
(0.859657 0.0793903 7.93481e-21)
(0.638357 0.0516091 -9.46816e-20)
(0.357545 0.0254326 8.35427e-20)
(0.125548 0.00775413 -1.96749e-20)
(0.00755466 0.000337062 1.3186e-19)
(0.664203 0.0668165 -8.32135e-20)
(1.10608 0.130402 9.5146e-20)
(1.2896 0.171748 0)
(1.31813 0.196879 3.27032e-20)
(1.28564 0.210413 1.20591e-19)
(1.23647 0.21881 0)
(1.18824 0.224537 -9.37862e-20)
(1.14034 0.226529 8.42857e-20)
(1.09227 0.223468 0)
(1.04471 0.213959 -6.01109e-20)
(1.00502 0.198982 -1.18836e-19)
(0.978784 0.182636 -7.1026e-20)
(0.964551 0.166854 4.27465e-20)
(0.955722 0.150485 -1.01239e-19)
(0.922002 0.129536 0)
(0.809722 0.100724 -2.47195e-19)
(0.592741 0.0677839 3.30599e-19)
(0.328403 0.0343235 -3.90339e-19)
(0.113644 0.0112332 4.60073e-19)
(0.00595003 0.000531135 1.06175e-18)
(0.671177 0.103166 -1.09237e-20)
(1.13725 0.190021 -1.92096e-20)
(1.31749 0.236244 0)
(1.33866 0.258744 1.81441e-21)
(1.30053 0.267867 -5.82785e-20)
(1.24614 0.272133 5.77213e-20)
(1.19264 0.274158 0)
(1.13944 0.272855 8.31443e-20)
(1.08608 0.266777 7.22774e-20)
(1.03322 0.254388 0)
(0.988573 0.236799 1.25984e-19)
(0.957766 0.218156 3.86418e-19)
(0.938345 0.199986 9.22468e-20)
(0.922583 0.181003 0)
(0.883442 0.157483 6.47602e-20)
(0.774042 0.125491 -5.77281e-19)
(0.571959 0.0866589 -5.4074e-22)
(0.323168 0.0460697 0)
(0.117369 0.016547 3.17123e-20)
(0.00798094 0.00111642 3.66508e-20)
(0.664758 0.138067 -1.89071e-20)
(1.15149 0.250139 1.35092e-19)
(1.33232 0.303538 2.50731e-19)
(1.35015 0.323405 -9.82771e-20)
(1.30875 0.328216 0)
(1.25087 0.328156 -5.55244e-20)
(1.19341 0.326206 -9.68536e-20)
(1.1359 0.32126 -1.78246e-19)
(1.078 0.311704 3.19043e-19)
(1.02026 0.295755 -1.39094e-19)
(0.970953 0.274684 0)
(0.935597 0.252988 3.3224e-19)
(0.911148 0.23218 0)
(0.889921 0.211149 -1.18757e-19)
(0.849085 0.186632 -2.82841e-19)
(0.747027 0.152988 0)
(0.560768 0.109108 3.46368e-19)
(0.328501 0.0614384 -5.23788e-19)
(0.128521 0.0241752 -1.10698e-18)
(0.0116943 0.00224533 6.77286e-19)
(0.653578 0.170038 1.26726e-19)
(1.15456 0.308751 -2.74754e-20)
(1.33764 0.370444 0)
(1.35413 0.388468 1.15702e-20)
(1.31093 0.389378 -2.33088e-19)
(1.25086 0.385195 0)
(1.19051 0.37938 -4.49388e-21)
(1.12957 0.37073 -9.68195e-20)
(1.06778 0.357427 0)
(1.00563 0.337423 -2.91858e-19)
(0.951985 0.312387 2.99645e-19)
(0.91254 0.287384 -1.78352e-19)
(0.883857 0.264166 4.32568e-19)
(0.858845 0.241865 1.2919e-19)
(0.818286 0.216878 1.22564e-21)
(0.724745 0.181873 -9.13222e-20)
(0.554097 0.134189 -4.31552e-19)
(0.337712 0.0796917 0)
(0.142171 0.0339853 -2.48838e-18)
(0.0160531 0.00393917 -4.40894e-23)
(0.641204 0.199494 2.13094e-19)
(1.15071 0.364714 1.01842e-20)
(1.33615 0.435479 2.4445e-19)
(1.35225 0.452479 0)
(1.30819 0.450049 1.10145e-19)
(1.24683 0.442127 -1.14836e-19)
(1.18432 0.432668 0)
(1.12058 0.420366 -9.6582e-20)
(1.05541 0.403213 1.67607e-19)
(0.989298 0.378957 0)
(0.931742 0.349835 -1.57437e-19)
(0.888821 0.321651 3.87779e-19)
(0.856964 0.29638 2.32727e-19)
(0.82958 0.27315 -1.42122e-19)
(0.789971 0.247934 0)
(0.703963 0.212134 2.592e-21)
(0.547609 0.160457 3.52132e-19)
(0.34557 0.099641 -6.89317e-20)
(0.154162 0.0448918 1.22911e-18)
(0.0200178 0.00594693 1.50952e-18)
(0.629816 0.226973 -9.98759e-20)
(1.14289 0.417721 2.3047e-20)
(1.32991 0.49753 -4.75603e-20)
(1.34604 0.51445 2.98855e-21)
(1.30158 0.509352 5.88647e-20)
(1.23953 0.498145 -2.24237e-19)
(1.1754 0.485311 0)
(1.1093 0.469481 2.08875e-19)
(1.04112 0.448498 -1.94784e-19)
(0.971462 0.420006 3.35244e-19)
(0.910435 0.386868 5.24516e-19)
(0.864681 0.355646 -2.14035e-19)
(0.830579 0.328445 -1.32235e-21)
(0.801841 0.30419 -3.0359e-19)
(0.763407 0.278492 -1.82191e-19)
(0.683638 0.241417 0)
(0.539121 0.186264 -1.27143e-19)
(0.349099 0.119277 -1.50737e-19)
(0.161706 0.0554678 0)
(0.0227291 0.00787794 -1.58446e-18)
(0.620227 0.253151 -1.83474e-20)
(1.13297 0.467776 -9.90475e-20)
(1.32066 0.556631 -4.28308e-20)
(1.33678 0.573908 1.64861e-20)
(1.29209 0.56669 2.39208e-19)
(1.22969 0.552649 -1.11478e-19)
(1.16429 0.536741 -2.32919e-19)
(1.09617 0.51757 4.37828e-19)
(1.02531 0.492889 4.97311e-19)
(0.952429 0.460287 3.58573e-19)
(0.888303 0.423256 -1.905e-19)
(0.840221 0.389053 -2.32034e-19)
(0.804514 0.359869 0)
(0.774947 0.334306 0)
(0.737587 0.307705 -1.94736e-19)
(0.662938 0.269046 4.68628e-19)
(0.527937 0.21023 2.77778e-19)
(0.347244 0.137092 4.87292e-19)
(0.163738 0.0644974 9.60539e-20)
(0.0238611 0.00939989 1.10219e-19)
(0.612135 0.278101 4.61194e-20)
(1.1223 0.515218 0)
(1.30944 0.612693 0)
(1.32545 0.630554 1.39998e-19)
(1.28051 0.621687 1.11924e-19)
(1.21795 0.605218 -1.21596e-19)
(1.15153 0.586549 1.27698e-19)
(1.08164 0.564277 2.28459e-19)
(1.00835 0.536108 -4.24666e-19)
(0.932524 0.499605 -1.9797e-19)
(0.865581 0.458791 1.00619e-18)
(0.815509 0.421594 -4.98636e-19)
(0.778623 0.390254 0)
(0.748573 0.363184 -3.5227e-19)
(0.71211 0.335236 -2.1248e-19)
(0.64136 0.294766 -1.502e-21)
(0.513681 0.231873 1.04404e-18)
(0.339662 0.152179 8.77379e-19)
(0.160404 0.0714232 1.03177e-19)
(0.0234576 0.0103429 -8.34006e-19)
(0.605886 0.302489 -7.56641e-21)
(1.11157 0.560287 8.49715e-21)
(1.29741 0.665711 1.10506e-19)
(1.31271 0.684419 -4.89775e-20)
(1.2675 0.674131 -1.15113e-19)
(1.20487 0.655574 -1.29483e-19)
(1.13759 0.634453 0)
(1.06613 0.60936 -2.41982e-19)
(0.99061 0.577977 -1.16785e-19)
(0.912047 0.537825 4.0861e-19)
(0.842464 0.493338 0)
(0.790603 0.453081 0)
(0.752754 0.419369 3.18376e-19)
(0.722422 0.390483 3.79797e-19)
(0.68672 0.360809 -9.1434e-19)
(0.618844 0.317853 -1.35982e-18)
(0.496079 0.250629 0)
(0.327016 0.163538 -1.89212e-19)
(0.152483 0.0756046 0)
(0.0219582 0.0106836 -1.28184e-19)
(0.60106 0.32608 2.88774e-21)
(1.10102 0.602888 -3.11318e-22)
(1.28498 0.715781 -5.54782e-20)
(1.29913 0.735466 0)
(1.25361 0.723925 0)
(1.19091 0.703574 1.31927e-19)
(1.12288 0.680289 -4.54634e-21)
(1.05 0.652667 -1.33527e-19)
(0.972429 0.618389 9.55337e-21)
(0.891255 0.57487 1.85513e-18)
(0.819108 0.52684 -9.20629e-19)
(0.765501 0.483435 2.78581e-19)
(0.726785 0.447122 -3.47061e-19)
(0.696226 0.416088 1.23425e-18)
(0.661078 0.38428 7.41455e-19)
(0.595158 0.338288 2.92724e-19)
(0.475525 0.265838 0)
(0.310175 0.171287 6.13329e-19)
(0.141754 0.0770799 -1.20084e-19)
(0.0196087 0.0103834 9.70261e-19)
(0.597478 0.349047 -9.0612e-21)
(1.09118 0.643449 4.26955e-21)
(1.27226 0.763141 1.20266e-20)
(1.28515 0.783697 -3.85152e-20)
(1.23925 0.771061 1.0588e-19)
(1.17645 0.749158 1.3403e-19)
(1.10775 0.723981 0)
(1.03358 0.694122 -1.2495e-19)
(0.954092 0.657276 -6.21705e-19)
(0.870384 0.610715 0)
(0.795634 0.559293 -1.2314e-18)
(0.74021 0.51266 -2.98885e-19)
(0.700599 0.473517 7.37818e-19)
(0.669816 0.440015 0)
(0.634985 0.405653 0)
(0.570165 0.355979 3.16783e-19)
(0.452129 0.277497 -9.36063e-19)
(0.289815 0.175304 -8.82337e-19)
(0.12868 0.0761602 -1.29616e-18)
(0.0167922 0.00961414 0)
(0.594603 0.371234 -4.3921e-20)
(1.08193 0.682241 6.80908e-21)
(1.25952 0.807882 -1.02749e-20)
(1.27105 0.829175 1.31031e-20)
(1.22471 0.815577 4.41025e-20)
(1.1618 0.792329 3.81164e-19)
(1.09248 0.765503 -2.68909e-19)
(1.01713 0.733699 -5.46011e-19)
(0.935838 0.694621 -5.28244e-19)
(0.849631 0.645363 9.86595e-19)
(0.772175 0.590753 1.18822e-18)
(0.714755 0.540837 -8.13622e-19)
(0.67413 0.498631 -5.97175e-19)
(0.643059 0.462318 4.7743e-19)
(0.608303 0.424957 5.71269e-19)
(0.543873 0.370894 3.41319e-19)
(0.426441 0.285605 -8.07351e-19)
(0.2668 0.17578 0)
(0.113742 0.0730459 -1.11767e-18)
(0.0136838 0.00842121 3.21686e-19)
(0.592628 0.392853 9.3029e-20)
(1.07273 0.719324 0)
(1.24702 0.85011 -4.45165e-21)
(1.25707 0.872027 2.3397e-20)
(1.21023 0.857543 -9.79888e-20)
(1.14719 0.833119 1.87963e-19)
(1.07732 0.804872 0)
(1.00089 0.7714 0)
(0.917886 0.730426 -5.55276e-19)
(0.829192 0.678835 2.08823e-18)
(0.748881 0.621302 1.12409e-18)
(0.689205 0.568106 -1.71455e-19)
(0.647341 0.522599 2.10613e-19)
(0.615855 0.483087 5.13951e-19)
(0.580967 0.4422 0)
(0.516302 0.382937 2.20104e-18)
(0.398846 0.290034 1.30263e-18)
(0.242142 0.172745 1.02554e-18)
(0.0981585 0.0678904 0)
(0.010427 0.00686662 -1.72934e-19)
(0.591045 0.413873 3.25259e-20)
(1.06414 0.754549 4.39594e-20)
(1.23479 0.889962 6.71574e-21)
(1.24332 0.912362 -3.83713e-21)
(1.19598 0.897048 -5.18715e-20)
(1.13282 0.871594 -2.56117e-19)
(1.06243 0.84213 7.62393e-20)
(0.98502 0.807253 -1.48229e-19)
(0.900407 0.764706 -5.73738e-19)
(0.809245 0.711162 1.10792e-18)
(0.725918 0.65103 0)
(0.663637 0.594636 7.48703e-19)
(0.620174 0.545604 4.59485e-19)
(0.588071 0.502412 -5.54636e-19)
(0.55284 0.457305 -6.66278e-19)
(0.48746 0.391899 -3.937e-19)
(0.36952 0.290564 9.36604e-19)
(0.216321 0.166381 -5.5137e-19)
(0.0823407 0.061191 1.62743e-19)
(0.007275 0.00512352 -1.86763e-19)
(0.589683 0.434362 3.23233e-21)
(1.05602 0.788016 -4.98273e-20)
(1.22293 0.927548 1.48661e-20)
(1.22991 0.950287 0)
(1.18207 0.934188 -5.55636e-20)
(1.11879 0.907838 2.44833e-19)
(1.04796 0.877332 -2.27253e-19)
(0.969662 0.841291 6.01302e-19)
(0.883536 0.797474 5.29601e-19)
(0.789944 0.742374 1.15157e-18)
(0.703424 0.680025 -1.27452e-18)
(0.638137 0.620606 0)
(0.592617 0.567899 -9.84158e-19)
(0.559534 0.520442 8.95078e-19)
(0.523712 0.470131 7.15735e-19)
(0.457367 0.397412 -4.24675e-19)
(0.33892 0.286982 0)
(0.190052 0.156868 -8.88813e-19)
(0.0669091 0.0532422 3.48677e-19)
(0.00436722 0.00330934 0)
(0.588447 0.454009 -5.61935e-20)
(1.0483 0.819742 -7.87021e-20)
(1.21142 0.962933 -2.71147e-20)
(1.21689 0.985904 4.17362e-20)
(1.1686 0.969072 2.99595e-21)
(1.10522 0.941924 6.84253e-20)
(1.03399 0.910549 -3.71526e-19)
(0.954907 0.873558 5.46412e-19)
(0.867379 0.828755 6.44358e-19)
(0.771414 0.772486 7.33524e-20)
(0.681546 0.708359 -1.51152e-18)
(0.612841 0.646198 6.36483e-19)
(0.564682 0.589773 0)
(0.530033 0.537424 3.18104e-19)
(0.493191 0.480502 3.86803e-19)
(0.425872 0.398747 -9.16122e-19)
(0.307778 0.27871 -5.43304e-19)
(0.16471 0.14438 0)
(0.0528989 0.0446543 -3.73783e-19)
(0.00185055 0.00157628 0)
(0.587192 0.472698 0)
(1.04093 0.849807 1.34429e-19)
(1.20029 0.996201 -8.7015e-20)
(1.20434 1.01933 5.80312e-21)
(1.1556 1.0018 -2.45894e-20)
(1.09216 0.973951 2.46782e-19)
(1.02059 0.941846 1.4617e-19)
(0.940815 0.904098 -7.27144e-19)
(0.852006 0.858577 7.60784e-19)
(0.753741 0.801509 7.44085e-20)
(0.66043 0.736088 -2.86273e-18)
(0.587907 0.671567 0)
(0.536423 0.61155 -1.12842e-18)
(0.499348 0.553783 -6.88841e-19)
(0.460575 0.488363 4.11377e-19)
(0.392339 0.394862 0)
(0.276998 0.264285 0)
(0.142861 0.128399 0)
(0.0425303 0.0358722 -1.60705e-18)
(1.86268e-05 6.05232e-05 9.25328e-19)
(0.586113 0.490849 0)
(1.03384 0.878167 -1.74366e-19)
(1.18961 1.02751 -3.4317e-20)
(1.19227 1.05068 1.13877e-20)
(1.14313 1.03248 -1.10524e-20)
(1.07965 1.00401 -2.15521e-19)
(1.00779 0.971307 -2.15932e-19)
(0.927429 0.932977 1.35189e-18)
(0.83745 0.886961 0)
(0.73699 0.829439 -1.27699e-18)
(0.640209 0.763245 1.50919e-18)
(0.563501 0.696841 -1.23884e-19)
(0.507979 0.633534 3.06367e-19)
(0.467385 0.570121 -3.73355e-19)
(0.424922 0.49416 -4.41575e-19)
(0.355022 0.384784 0)
(0.246235 0.240388 -6.27289e-19)
(0.12888 0.10344 -3.67134e-19)
(0.0451746 0.0213146 0)
(0.0037262 -0.000982481 -2.48515e-19)
(0.584692 0.507775 9.52971e-20)
(1.02707 0.904785 0)
(1.17934 1.05691 -7.45868e-20)
(1.1807 1.08006 1.57005e-20)
(1.13119 1.06121 7.41061e-20)
(1.06769 1.0322 2.32235e-19)
(0.995588 0.999001 -2.66584e-19)
(0.914739 0.960238 -7.90668e-19)
(0.823711 0.913932 -9.52826e-20)
(0.721199 0.856274 1.60379e-18)
(0.620992 0.789822 1.58745e-18)
(0.539797 0.722122 -1.02131e-18)
(0.47958 0.655942 -2.39976e-18)
(0.434339 0.587163 0)
(0.385427 0.499051 -7.19155e-19)
(0.310532 0.369046 0)
(0.209933 0.20324 -3.4731e-21)
(0.120593 0.0503366 -3.99538e-19)
(0.0810489 -0.025284 -4.5847e-19)
(0.0412585 0.0102227 -2.59868e-19)
(0.583428 0.524065 -1.83617e-21)
(1.02059 0.9301 -1.68016e-19)
(1.16942 1.08482 5.12985e-20)
(1.1695 1.108 6.1634e-20)
(1.11955 1.08865 -4.2737e-20)
(1.05598 1.05928 -2.03721e-19)
(0.983596 1.02586 -2.55852e-19)
(0.902246 0.98696 -9.08462e-20)
(0.810157 0.94074 -7.84215e-19)
(0.705531 0.883433 1.40653e-18)
(0.601704 0.817436 -9.3095e-20)
(0.515418 0.749275 -1.28045e-19)
(0.449391 0.680561 -1.09451e-18)
(0.398376 0.607059 3.89991e-19)
(0.338859 0.505273 -9.35426e-19)
(0.24994 0.349669 0)
(0.149614 0.151529 0)
(0.0592282 0.0919465 0)
(-0.0257934 0.540308 8.67254e-19)
(0.0141863 1.79481 5.50132e-19)
(0.58211 0.539578 6.39682e-20)
(1.01434 0.954112 -8.10207e-20)
(1.15981 1.11124 -1.59706e-19)
(1.15868 1.13452 -7.48323e-20)
(1.10822 1.11485 1.70343e-20)
(1.04455 1.08529 -3.68233e-19)
(0.971879 1.0519 -2.48532e-19)
(0.890007 1.01313 0)
(0.7969 0.967337 8.21505e-20)
(0.690165 0.910878 -1.36989e-18)
(0.582603 0.846035 -1.54358e-18)
(0.490757 0.778608 -1.28269e-19)
(0.417554 0.707555 -1.24988e-18)
(0.360148 0.630253 9.73832e-19)
(0.286413 0.514564 9.41981e-19)
(0.166105 0.330663 0)
(0.0579551 0.339764 0)
(0.052564 1.47012 3.77453e-19)
(0.0806268 2.74482 -8.62947e-19)
(0.0983951 3.23246 2.59968e-19)
(0.581323 0.555081 -1.46045e-19)
(1.00862 0.976899 2.13078e-19)
(1.15044 1.13619 -3.51904e-20)
(1.14816 1.15958 0)
(1.09705 1.13965 1.35557e-20)
(1.03322 1.11008 1.00105e-20)
(0.960386 1.07704 -2.70123e-19)
(0.877946 1.03859 -4.45284e-20)
(0.783861 0.993499 -6.92165e-19)
(0.675082 0.938369 1.46172e-18)
(0.563814 0.875352 -1.53492e-18)
(0.466245 0.810118 -9.97056e-19)
(0.384313 0.73697 0)
(0.321274 0.655643 7.74328e-19)
(0.233493 0.522962 9.25281e-19)
(0.0952131 0.538851 -5.41021e-19)
(0.0971748 1.84623 0)
(0.141443 3.04897 -7.23137e-19)
(0.133949 3.36657 0)
(0.122719 3.43178 1.5971e-19)
(0.581537 0.5752 1.87661e-21)
(1.00466 0.998721 -5.07664e-21)
(1.14113 1.1596 1.42521e-19)
(1.13784 1.18307 1.27981e-19)
(1.08576 1.16299 -5.89029e-21)
(1.02186 1.13366 -1.33733e-20)
(0.948823 1.10124 2.21582e-19)
(0.865925 1.06333 8.03255e-20)
(0.770912 1.01926 6.42872e-19)
(0.660219 0.965935 -1.29568e-18)
(0.545347 0.905439 -1.43745e-18)
(0.442105 0.843588 1.1027e-18)
(0.349984 0.770253 1.58944e-19)
(0.281867 0.681187 0)
(0.189707 0.724035 6.68201e-22)
(0.126146 1.59491 0)
(0.180347 3.11077 6.32902e-19)
(0.17989 3.39542 9.96046e-19)
(0.162844 3.45017 -3.18918e-19)
(0.142186 3.46167 -5.89661e-19)
(0.976995 1.14044 0)
(0.899132 1.10523 -2.89437e-19)
(0.810135 1.06537 5.971e-19)
(0.706868 1.01884 0)
(0.5901 0.964441 1.33147e-18)
(0.47477 0.906749 -9.28107e-19)
(0.371276 0.849907 0)
(0.160431 3.49083 0)
(0.556576 0.563623 1.87457e-19)
(0.838517 0.869621 2.7674e-19)
(1.09038 1.15374 -2.11539e-19)
(1.12962 1.22249 -2.67268e-19)
(1.09506 1.2194 6.80173e-20)
(1.03623 1.19382 8.05866e-21)
(0.967896 1.16359 -1.87314e-19)
(0.89012 1.12949 -4.76588e-19)
(0.800872 1.09087 -3.23619e-20)
(0.696919 1.04646 -2.38102e-18)
(0.578165 0.99522 -2.85323e-18)
(0.458821 0.941428 9.0039e-19)
(0.348865 0.888819 -6.86302e-21)
(0.247902 0.847513 -5.38121e-19)
(0.20206 1.49112 0)
(0.268245 3.0702 4.7176e-19)
(0.292347 3.44438 1.22496e-20)
(0.263276 3.49475 -2.79446e-19)
(0.226398 3.5115 2.20616e-19)
(0.562108 0.584107 0)
(0.834102 0.886299 2.23811e-19)
(1.08186 1.1738 4.97336e-20)
(1.11923 1.24443 2.75747e-20)
(1.08411 1.24151 0)
(1.02503 1.21596 2.61096e-21)
(0.956824 1.18603 -1.45345e-19)
(0.878797 1.15255 -2.32206e-20)
(0.789257 1.11494 -5.4938e-19)
(0.684564 1.07239 2.30101e-18)
(0.564195 1.02455 0)
(0.442047 0.975941 8.56039e-19)
(0.325546 0.92846 -1.06701e-18)
(0.249048 1.03466 0)
(0.28507 2.3173 1.35008e-18)
(0.360767 3.37394 3.94186e-19)
(0.334253 3.51434 6.81266e-21)
(0.298631 3.54748 -5.54098e-19)
(0.256911 3.56796 -1.93611e-19)
(0.565008 0.605421 1.92492e-19)
(0.828604 0.904366 0)
(1.07317 1.19658 2.20059e-19)
(1.10921 1.26865 3.13623e-19)
(1.0735 1.26592 4.69336e-20)
(1.01436 1.24029 5.96341e-23)
(0.946114 1.21041 1.19576e-19)
(0.868064 1.17734 3.71641e-19)
(0.77847 1.14072 -2.68485e-20)
(0.673392 1.10008 1.08465e-18)
(0.552146 1.05604 1.28751e-18)
(0.428619 1.01335 -7.20637e-19)
(0.315417 0.983073 -1.04058e-18)
(0.286107 1.39222 1.55407e-19)
(0.377129 3.03771 6.70933e-19)
(0.429475 3.48897 -3.24916e-19)
(0.373081 3.5542 -2.34439e-19)
(0.336254 3.59688 -8.63014e-20)
(0.290627 3.65751 1.22791e-19)
(0.5643 0.625228 1.03297e-19)
(0.821402 0.923697 -2.29495e-19)
(1.0632 1.22101 -1.17218e-19)
(1.09803 1.29408 -2.79252e-19)
(1.0618 1.29118 2.85415e-20)
(1.00276 1.26539 -7.78364e-20)
(0.934751 1.23558 -1.7674e-20)
(0.857025 1.20295 -3.58059e-19)
(0.76768 1.16732 0)
(0.662642 1.12868 9.0763e-19)
(0.541054 1.08847 0)
(0.417015 1.05176 -7.52655e-19)
(0.314505 1.06566 0)
(0.347313 1.91671 9.90801e-19)
(0.462983 3.34961 -2.80337e-19)
(0.479599 3.54579 -4.64166e-19)
(0.428593 3.59048 1.78237e-19)
(0.383218 3.67039 7.53987e-20)
(0.35232 3.68672 -5.78163e-20)
(0.560824 0.643586 -3.88836e-19)
(0.812965 0.943961 -4.73562e-19)
(1.05185 1.24692 -1.23329e-19)
(1.08555 1.32075 6.49608e-20)
(1.04896 1.3174 -2.67867e-19)
(0.990198 1.29126 1.72941e-20)
(0.922659 1.26141 9.44224e-21)
(0.845479 1.22912 5.50279e-19)
(0.756641 1.1944 -3.52193e-19)
(0.652011 1.15776 -9.01978e-21)
(0.530675 1.12133 7.11283e-21)
(0.407493 1.09157 0)
(0.3296 1.20317 9.02469e-19)
(0.426646 2.52139 2.41265e-19)
(0.540447 3.47899 0)
(0.522434 3.57512 0)
(0.49019 3.64541 0)
(0.461189 3.67207 6.24259e-20)
(0.403912 3.53437 -2.80838e-19)
(0.556167 0.661796 -3.87665e-19)
(0.803523 0.965339 -1.61185e-19)
(1.03923 1.27421 2.34378e-19)
(1.07191 1.34869 -2.20932e-19)
(1.03522 1.34468 0)
(0.97697 1.31797 1.13308e-20)
(0.910128 1.28785 -9.69599e-21)
(0.833724 1.2557 2.18864e-19)
(0.74569 1.22172 0)
(0.641875 1.18689 -1.60983e-18)
(0.52144 1.15401 9.77065e-19)
(0.401364 1.1337 -5.1432e-19)
(0.361489 1.41346 3.71376e-20)
(0.509566 3.01534 9.64371e-19)
(0.602539 3.53561 0)
(0.565628 3.59653 8.41927e-20)
(0.54853 3.64917 2.72617e-20)
(0.514945 3.56788 0)
(0.483889 3.02522 0)
(0.0736785 0.804435 0)
(0.549927 0.67934 0)
(0.792916 0.987604 0)
(1.02531 1.30301 -3.57043e-19)
(1.05693 1.37819 -2.95881e-19)
(1.02031 1.37345 0)
(0.962773 1.34608 1.4714e-20)
(0.896827 1.31561 0)
(0.821435 1.28353 2.05334e-19)
(0.7345 1.25028 9.98849e-21)
(0.631908 1.21736 -6.98331e-19)
(0.513044 1.18824 -8.7957e-19)
(0.399553 1.18501 5.88619e-19)
(0.41036 1.70529 6.83222e-19)
(0.587416 3.3037 0)
(0.65205 3.5662 3.58619e-19)
(0.609922 3.61782 7.12235e-20)
(0.589271 3.60221 5.04967e-20)
(0.511894 3.19027 1.45457e-19)
(0.209793 1.30072 1.06517e-19)
(-0.0823812 -0.119191 -3.7542e-19)
(0.542773 0.697335 -1.94798e-19)
(0.781197 1.01118 -3.21711e-19)
(1.00988 1.33328 1.21382e-19)
(1.04043 1.40926 -5.45417e-19)
(1.00401 1.40377 -1.77931e-19)
(0.947411 1.37573 -3.59218e-20)
(0.882593 1.34488 1.39003e-20)
(0.808497 1.31291 -7.99984e-21)
(0.723006 1.28047 2.1793e-19)
(0.622115 1.2496 -3.23871e-20)
(0.505599 1.22461 -4.82077e-20)
(0.404359 1.25395 4.99742e-19)
(0.475504 2.07149 0)
(0.660281 3.45006 1.05642e-19)
(0.690346 3.59034 0)
(0.655279 3.60721 -7.01466e-21)
(0.59279 3.41114 -1.64915e-19)
(0.35804 2.1129 -7.69372e-20)
(-0.0243036 0.0404309 1.01709e-19)
(-0.0976175 -0.158359 -3.01284e-19)
(0.533735 0.714984 -4.98485e-21)
(0.767719 1.03578 -1.59178e-19)
(0.992732 1.36485 -1.21649e-19)
(1.02223 1.44187 4.62297e-19)
(0.986194 1.43558 0)
(0.930756 1.40683 -1.89219e-19)
(0.867348 1.37561 2.239e-20)
(0.794873 1.34376 1.16531e-19)
(0.711232 1.31217 1.58399e-19)
(0.612579 1.28343 2.61177e-20)
(0.499434 1.26326 0)
(0.418915 1.35031 -5.18484e-19)
(0.556966 2.50756 1.05683e-19)
(0.725453 3.52555 8.11761e-20)
(0.723371 3.6005 0)
(0.684661 3.54206 0)
(0.526314 2.86351 3.65495e-21)
(0.0757384 0.424439 -7.28041e-20)
(-0.103443 -0.159453 4.33279e-19)
(-0.0815354 -0.126861 4.14588e-19)
(0.522848 0.732142 1.89524e-19)
(0.752206 1.06087 -3.15352e-19)
(0.973577 1.39766 -4.70039e-19)
(1.00217 1.47593 7.91301e-19)
(0.966716 1.4688 -8.66841e-20)
(0.912707 1.43928 -2.10383e-19)
(0.851025 1.40767 7.97242e-20)
(0.780536 1.37594 1.83928e-20)
(0.699203 1.34525 1.02699e-19)
(0.603414 1.31866 2.01437e-20)
(0.495012 1.30444 5.73656e-20)
(0.44568 1.48644 2.57191e-19)
(0.643825 2.91411 3.47276e-19)
(0.779222 3.56565 -4.85006e-20)
(0.757573 3.59105 -1.57654e-20)
(0.680845 3.33819 -9.74567e-20)
(0.338237 1.7505 9.46917e-20)
(-0.0698642 -0.0739296 6.6449e-20)
(-0.103955 -0.18 1.5697e-19)
(-0.065345 -0.104187 -1.86777e-19)
(0.5096 0.748236 1.8642e-19)
(0.734145 1.08576 1.56765e-19)
(0.952057 1.4316 2.38669e-19)
(0.979987 1.51134 0)
(0.945421 1.50329 1.16642e-19)
(0.893155 1.47297 0)
(0.833552 1.44091 3.30015e-20)
(0.765479 1.40931 2.71407e-20)
(0.686969 1.37953 -5.95448e-20)
(0.594733 1.35509 9.83304e-21)
(0.492891 1.34869 -4.02937e-20)
(0.485457 1.66587 -2.63649e-19)
(0.726925 3.22254 6.21254e-20)
(0.820298 3.58044 3.22371e-20)
(0.781538 3.54219 -7.59047e-20)
(0.615639 2.8976 -1.45553e-20)
(0.0720999 0.349755 -3.66621e-21)
(-0.113573 -0.169329 3.08258e-19)
(-0.103488 -0.170625 -5.7596e-19)
(-0.054158 -0.0854427 0)
(0.49356 0.762667 3.74552e-19)
(0.71305 1.10974 -2.99921e-19)
(0.92754 1.46622 -4.80002e-19)
(0.955424 1.54783 0)
(0.922117 1.53887 1.09443e-19)
(0.871969 1.50768 -2.60194e-19)
(0.814852 1.47513 1.22916e-19)
(0.749674 1.44363 -1.47742e-20)
(0.674574 1.41476 -5.45718e-21)
(0.586642 1.39243 -2.0324e-19)
(0.493754 1.39759 6.85763e-20)
(0.537615 1.88676 4.30577e-20)
(0.7974 3.39789 -3.84968e-20)
(0.856469 3.58025 -8.70468e-21)
(0.783385 3.41792 1.15219e-19)
(0.462418 2.11713 -7.16791e-21)
(-0.0446422 -0.0483581 -4.95603e-20)
(-0.112369 -0.209291 1.73371e-19)
(-0.0926276 -0.172659 3.37266e-20)
(-0.0464591 -0.0794578 0)
(0.474082 0.774156 7.3196e-19)
(0.68812 1.13189 -8.51202e-21)
(0.899693 1.50055 2.25944e-19)
(0.928198 1.58506 0)
(0.896593 1.57521 3.42417e-19)
(0.849 1.54309 -1.36521e-19)
(0.794837 1.51001 4.19808e-20)
(0.733095 1.47858 -1.52618e-19)
(0.66205 1.4506 2.94427e-20)
(0.579198 1.4303 0)
(0.498271 1.45248 -1.58786e-19)
(0.598414 2.13171 -2.91561e-20)
(0.858696 3.49341 -1.95935e-20)
(0.885588 3.57033 -7.55412e-20)
(0.751479 3.17637 1.15997e-19)
(0.239703 1.00302 0)
(-0.104561 -0.157526 1.90122e-19)
(-0.0960304 -0.242721 1.0829e-19)
(-0.0541005 -0.161828 -2.53114e-19)
(-0.0232034 -0.0569595 -2.95901e-19)
(0.450711 0.781825 7.09025e-19)
(0.658811 1.15081 -7.83396e-21)
(0.867791 1.53397 -2.34039e-19)
(0.897915 1.62245 -1.63339e-19)
(0.868622 1.61189 -2.29138e-19)
(0.824091 1.57882 1.53486e-19)
(0.773397 1.54516 7.46681e-20)
(0.715697 1.51375 3.44384e-20)
(0.649403 1.48659 -8.59869e-21)
(0.572408 1.46833 5.97784e-21)
(0.507053 1.51357 2.29746e-20)
(0.667488 2.39873 6.88084e-20)
(0.909787 3.53778 -3.14991e-20)
(0.903906 3.53618 0)
(0.675703 2.79807 -1.20584e-19)
(0.0105138 0.183887 8.28845e-20)
(-0.154282 -0.255372 -4.15853e-19)
(-0.11929 -0.272083 0)
(-0.0280043 -0.121567 2.49954e-19)
(0.0124681 0.00432952 0)
(0.422227 0.784131 1.69643e-19)
(0.624619 1.16433 1.44365e-19)
(0.831145 1.56531 -4.45338e-19)
(0.864345 1.65908 -3.31048e-19)
(0.837978 1.6483 -4.70388e-19)
(0.79708 1.61431 1.45828e-19)
(0.750436 1.58004 0)
(0.6974 1.54861 8.01353e-20)
(0.636627 1.52212 -2.60361e-20)
(0.566264 1.5061 -2.64533e-20)
(0.51952 1.58038 0)
(0.73954 2.665 -1.09159e-20)
(0.95327 3.55592 -7.52738e-20)
(0.915133 3.46834 -2.86272e-19)
(0.563902 2.30818 -8.58785e-20)
(-0.035247 -0.040816 3.06826e-21)
(-0.138576 -0.362991 -1.97018e-19)
(-0.0998659 -0.325508 -1.55381e-19)
(0.00173569 -0.0975979 -3.04742e-20)
(0.0465383 0.0605187 2.43437e-19)
(0.388703 0.779051 -1.66574e-19)
(0.584421 1.17033 1.4057e-19)
(0.789445 1.59252 4.58298e-19)
(0.827104 1.69398 3.39914e-19)
(0.804524 1.68371 2.45718e-19)
(0.767818 1.64888 1.60405e-19)
(0.725841 1.614 2.73324e-19)
(0.678118 1.58253 2.20955e-19)
(0.623668 1.55647 -4.2279e-20)
(0.560751 1.54283 -6.29228e-20)
(0.533855 1.65145 -2.95046e-20)
(0.808205 2.88491 -4.44028e-20)
(0.988826 3.55998 9.81178e-20)
(0.922163 3.36423 -1.3337e-19)
(0.456356 1.77337 -9.53987e-20)
(-0.10452 -0.237602 -2.98076e-19)
(-0.0652616 -0.482733 2.15678e-19)
(0.0173771 -0.357642 -2.31286e-19)
(0.114741 -0.00873471 2.88932e-19)
(0.127623 0.190817 -1.6515e-21)
(0.349705 0.763536 0)
(0.537095 1.16585 5.39257e-19)
(0.742155 1.61313 -4.17152e-19)
(0.785998 1.72583 3.32142e-19)
(0.768178 1.71727 -1.28675e-20)
(0.736181 1.68172 -5.26711e-21)
(0.699498 1.64624 1.22886e-20)
(0.657746 1.61473 6.55685e-20)
(0.610362 1.58892 3.8255e-20)
(0.555924 1.57726 1.368e-20)
(0.547595 1.7224 8.19749e-21)
(0.868456 3.04467 -3.2186e-20)
(1.01881 3.55765 -6.57293e-20)
(0.917253 3.23374 1.19012e-19)
(0.342681 1.22158 -8.41221e-20)
(-0.169932 -0.60493 1.16369e-19)
(-0.0558829 -0.649949 -2.57951e-19)
(0.0930636 -0.274989 6.17116e-19)
(0.216517 0.209133 -4.95448e-20)
(0.210784 0.42016 -5.59206e-20)
(0.304699 0.733262 -1.56256e-19)
(0.48154 1.14597 0)
(0.688615 1.62416 -2.05529e-19)
(0.740773 1.75287 -1.56408e-19)
(0.728945 1.74779 -2.1239e-20)
(0.702122 1.71186 -1.45866e-19)
(0.671304 1.67589 -1.98103e-19)
(0.636187 1.64429 -1.24926e-19)
(0.596509 1.61869 -2.34531e-19)
(0.551831 1.60814 -5.09959e-20)
(0.559247 1.7853 4.35503e-20)
(0.916141 3.14809 -9.21559e-20)
(1.04014 3.5504 -3.15849e-21)
(0.898041 3.10237 0)
(0.212174 0.709705 -9.29063e-20)
(-0.196321 -0.826917 1.15345e-19)
(-0.111693 -0.677047 2.3249e-19)
(0.0690101 0.0139156 0)
(0.176275 0.535773 -5.93522e-20)
(0.172089 0.509838 -9.40735e-19)
(0.253689 0.683543 5.95016e-19)
(0.419173 1.1039 1.53892e-23)
(0.62875 1.62119 3.79361e-19)
(0.691093 1.77317 -1.3969e-19)
(0.68685 1.77391 0)
(0.665715 1.73817 -1.48036e-19)
(0.641189 1.70198 9.6707e-20)
(0.613244 1.67019 2.64919e-19)
(0.581961 1.64474 -9.37019e-20)
(0.548318 1.63427 1.03724e-19)
(0.567719 1.83143 -9.47051e-20)
(0.955599 3.20093 -4.74996e-20)
(1.05609 3.55854 -8.12827e-20)
(0.883946 3.01824 -4.59843e-20)
(0.168233 0.505762 3.09507e-19)
(-0.275283 -0.78576 2.38927e-19)
(-0.212319 -0.491655 1.01453e-19)
(0.0353858 0.236331 -3.90346e-19)
(0.121094 0.514451 -5.75438e-20)
(0.100631 0.328327 1.09176e-18)
(0.19806 0.607436 0)
(0.351373 1.03176 0)
(0.56495 1.5983 0)
(0.636542 1.78335 2.7083e-19)
(0.641922 1.79391 1.9638e-19)
(0.627112 1.75961 2.84532e-19)
(0.609028 1.72342 -1.00202e-19)
(0.588663 1.69136 2.04802e-19)
(0.566503 1.66548 1.6985e-19)
(0.544743 1.65455 0)
(0.571869 1.84784 -9.9624e-20)
(0.999676 3.20248 1.07674e-19)
(1.0866 3.59163 0)
(0.844974 3.03085 0)
(0.0165415 0.439619 -1.81214e-20)
(-0.675567 -0.399905 1.13152e-19)
(-0.68863 -0.495405 0)
(-0.137915 0.115042 -7.9019e-19)
(0.129456 0.420101 9.41839e-19)
(0.118359 0.322711 -1.11023e-18)
(0.141702 0.499135 0)
(0.279384 0.921323 -5.59899e-20)
(0.495554 1.54666 -4.18223e-19)
(0.57968 1.77931 -3.27753e-19)
(0.594422 1.8056 -1.95695e-19)
(0.586504 1.77533 -2.10288e-19)
(0.574636 1.73934 0)
(0.561787 1.70669 0)
(0.549521 1.67911 -8.42197e-20)
(0.541233 1.66667 -5.84335e-20)
(0.579115 1.83539 -1.03431e-19)
(1.03536 3.14755 0)
(1.16537 3.63062 1.08417e-21)
(0.89705 3.22729 1.07979e-19)
(-0.00105998 1.10976 -7.32715e-19)
(-0.836968 0.142783 -5.18243e-19)
(-1.18571 -0.699731 -7.27568e-19)
(-1.18194 -1.11216 1.12517e-18)
(-0.699688 -0.779393 1.2797e-18)
(-0.00173356 0.264946 -5.05259e-20)
(0.0892406 0.369156 -4.72269e-19)
(0.199649 0.753522 3.89128e-19)
(0.420671 1.45433 3.0252e-19)
(0.520971 1.75606 0)
(0.545451 1.80874 1.70162e-19)
(0.544074 1.78511 -1.27466e-19)
(0.537553 1.74925 -6.61717e-21)
(0.531549 1.71539 -2.79401e-21)
(0.528632 1.68439 -1.66389e-19)
(0.534142 1.66534 0)
(0.58355 1.78208 -5.18691e-20)
(1.05498 2.97044 -7.66025e-22)
(1.33828 3.62648 9.76645e-20)
(1.32409 3.51245 2.07747e-19)
(0.793687 1.97117 5.47919e-19)
(0.270021 0.98698 -2.36152e-19)
(-0.211571 -0.183501 -1.41686e-19)
(-0.534527 -1.27196 1.13359e-18)
(-0.744909 -1.98589 1.00492e-18)
(-0.508096 -1.77391 1.04722e-18)
(0.0461059 0.230444 -2.0768e-19)
(0.123253 0.541115 2.16076e-19)
(0.339529 1.30289 3.52135e-20)
(0.459262 1.70489 0)
(0.494855 1.80183 0)
(0.499426 1.79014 1.12986e-19)
(0.496908 1.75336 -4.12853e-20)
(0.496195 1.71738 0)
(0.500538 1.6811 -3.6591e-20)
(0.518547 1.64854 5.12716e-20)
(0.577311 1.70405 0)
(1.00124 2.58848 -5.82702e-20)
(1.47524 3.46766 0)
(1.64396 3.43028 -1.39669e-19)
(1.53894 2.81275 5.93618e-19)
(0.958355 1.3617 -3.79236e-20)
(0.559677 0.106898 -6.49687e-20)
(0.12934 -0.86474 0)
(-0.172612 -1.67513 8.29777e-19)
(-0.363195 -2.19859 -8.0359e-19)
(0.0177688 0.102364 1.16167e-20)
(0.060875 0.309121 -1.70208e-19)
(0.242619 1.04841 -3.12503e-20)
(0.39277 1.60892 0)
(0.442264 1.78001 3.69516e-20)
(0.450641 1.78697 1.0428e-19)
(0.451211 1.75332 1.76577e-20)
(0.453489 1.71346 2.6835e-20)
(0.461518 1.67015 3.5254e-20)
(0.483632 1.61989 0)
(0.542434 1.61305 -5.99408e-20)
(0.789379 1.98891 7.24811e-22)
(1.37441 3.11835 -1.27234e-20)
(1.59887 3.22139 0)
(1.60772 2.90428 2.94765e-20)
(1.4163 2.11999 1.82217e-20)
(1.03341 1.06698 2.52685e-19)
(0.640129 0.0404352 8.52041e-19)
(0.28654 -0.845275 -6.29831e-19)
(-0.0240012 -1.36826 1.67502e-20)
(0.00535675 0.00672074 2.26628e-33)
(0.0237965 0.107495 -8.49786e-21)
(0.136715 0.685767 -6.15707e-20)
(0.30464 1.41145 -1.1013e-20)
(0.380579 1.72734 0)
(0.397062 1.77557 3.49501e-20)
(0.398774 1.75159 8.52553e-21)
(0.400236 1.70685 4.57392e-22)
(0.40849 1.65398 0)
(0.421431 1.59043 3.96331e-34)
(0.467859 1.52144 -4.19356e-21)
(0.553895 1.62557 0)
(1.01241 2.52437 2.83062e-20)
(1.24813 3.00258 6.23599e-21)
(1.25917 2.92143 0)
(1.1697 2.54529 0)
(0.938193 1.92819 0)
(0.635228 1.20793 1.59018e-20)
(0.344502 0.50812 1.98965e-20)
(0.105503 -0.0568681 4.11198e-19)
(5.03248e-05 -0.0334034 0)
(0.0103177 -0.0138163 0)
(0.0603664 0.323911 0)
(0.19971 1.09711 0)
(0.305311 1.62469 0)
(0.334616 1.75798 0)
(0.339198 1.75063 0)
(0.340158 1.70054 0)
(0.346005 1.64078 0)
(0.355578 1.56668 0)
(0.372517 1.47597 0)
(0.419833 1.49512 0)
(0.591944 2.02966 0)
(0.932856 2.87208 0)
(0.909489 2.97076 0)
(0.85964 2.86579 0)
(0.716936 2.46675 0)
(0.511686 1.94209 0)
(0.294965 1.39052 0)
(0.0901806 0.882651 0)
(8.22101e-06 -0.0397677 0)
(0.00580565 -0.0733122 0)
(0.0315813 0.128991 0)
(0.11476 0.789488 0)
(0.224897 1.48365 0)
(0.265271 1.72873 0)
(0.27301 1.74347 0)
(0.275933 1.6951 0)
(0.279035 1.63305 0)
(0.288975 1.55629 0)
(0.29025 1.46379 0)
(0.316326 1.46395 0)
(0.347543 1.7709 0)
(0.638077 2.75483 0)
(0.659325 3.03382 0)
(0.595 3.04083 0)
(0.502298 2.84482 0)
(0.351676 2.43116 0)
(0.19472 1.96083 0)
(0.0495379 1.44707 0)
(-0.000192984 -0.0423351 0)
(0.00721889 -0.115338 0)
(0.0271315 0.0252759 0)
(0.0667833 0.569233 0)
(0.151134 1.33957 0)
(0.192793 1.68956 0)
(0.202742 1.73148 0)
(0.208148 1.69009 0)
(0.21329 1.62713 0)
(0.223773 1.55455 0)
(0.22099 1.46317 0)
(0.225495 1.45653 0)
(0.229518 1.64465 0)
(0.395619 2.6113 0)
(0.440985 3.08071 0)
(0.392843 3.16764 0)
(0.329962 3.09284 0)
(0.22137 2.77344 0)
(0.113662 2.36712 0)
(0.0153119 1.80464 0)
(0.00101605 -0.0572277 0)
(0.0205139 -0.185153 0)
(0.0430143 -0.0393326 0)
(0.0494633 0.459288 0)
(0.0882121 1.23086 0)
(0.117954 1.65055 0)
(0.129147 1.7163 0)
(0.13882 1.68146 0)
(0.149794 1.61863 0)
(0.161836 1.54937 0)
(0.158776 1.46426 0)
(0.151572 1.4582 0)
(0.14875 1.60676 0)
(0.240571 2.47597 0)
(0.276345 3.10218 0)
(0.24213 3.26716 0)
(0.196503 3.25379 0)
(0.124979 3.00811 0)
(0.0549376 2.64168 0)
(-0.00356129 1.98062 0)
(0.00344836 -0.105914 0)
(0.0275865 -0.282552 0)
(0.0373023 -0.0577352 0)
(0.0213642 0.466622 0)
(0.0170134 1.19168 0)
(0.0328998 1.62109 0)
(0.051376 1.69522 0)
(0.0700937 1.66414 0)
(0.0892996 1.60461 0)
(0.105649 1.54249 0)
(0.107923 1.46951 0)
(0.100335 1.46935 0)
(0.0998654 1.60361 0)
(0.128232 2.36908 0)
(0.164237 3.10301 0)
(0.140426 3.33088 0)
(0.104492 3.35734 0)
(0.0566001 3.1612 0)
(0.0100073 2.81503 0)
(-0.01725 2.00602 0)
(0.00331344 -0.167333 0)
(0.0106785 -0.323495 0)
(-0.0086862 -0.00548904 0)
(-0.046311 0.549794 0)
(-0.0696558 1.20659 0)
(-0.0575751 1.5899 0)
(-0.0260572 1.66105 0)
(0.00631797 1.63558 0)
(0.0358936 1.58442 0)
(0.0584168 1.53228 0)
(0.0663134 1.47057 0)
(0.0630811 1.47521 0)
(0.0630865 1.60919 0)
(0.0639643 2.30308 0)
(0.0863673 3.10488 0)
(0.0713542 3.37821 0)
(0.0438122 3.42814 0)
(0.0133239 3.26043 0)
(-0.0156838 2.91909 0)
(-0.0197999 1.95717 0)
(8.1916e-05 -0.180427 0)
(-0.0218278 -0.246686 0)
(-0.0678047 0.114837 0)
(-0.117743 0.657532 0)
(-0.143803 1.22642 0)
(-0.127371 1.53605 0)
(-0.0857779 1.60645 0)
(-0.0440878 1.59302 0)
(-0.00688303 1.55613 0)
(0.0202555 1.51666 0)
(0.0331596 1.46726 0)
(0.0360054 1.47907 0)
(0.0390404 1.61979 0)
(0.029164 2.27532 0)
(0.0353113 3.11246 0)
(0.0236094 3.41646 0)
(0.00213578 3.48008 0)
(-0.0166811 3.32331 0)
(-0.0327807 2.96684 0)
(-0.0201454 1.84641 0)
(-0.00355618 -0.127837 0)
(-0.0405868 -0.0874301 0)
(-0.0979565 0.272949 0)
(-0.151965 0.764504 0)
(-0.173318 1.22983 0)
(-0.154744 1.47041 0)
(-0.113845 1.54153 0)
(-0.0726957 1.54287 0)
(-0.0352495 1.52357 0)
(-0.00718504 1.49834 0)
(0.00864531 1.46127 0)
(0.0157233 1.47794 0)
(0.0220228 1.62438 0)
(0.00853592 2.27573 0)
(-0.000453963 3.12558 0)
(-0.0120622 3.44647 0)
(-0.0266488 3.51555 0)
(-0.0384932 3.35905 0)
(-0.0438238 2.96453 0)
(-0.0181765 1.71181 0)
(-0.00377896 -0.0479968 0)
(-0.0400337 0.0915777 0)
(-0.0934834 0.429909 0)
(-0.140102 0.855974 0)
(-0.161354 1.23074 0)
(-0.144081 1.41863 0)
(-0.113926 1.4869 0)
(-0.0804748 1.49844 0)
(-0.0495193 1.49297 0)
(-0.025047 1.47965 0)
(-0.00919143 1.45334 0)
(-0.00072446 1.47355 0)
(0.00603811 1.62313 0)
(-0.00884887 2.29417 0)
(-0.0263015 3.14479 0)
(-0.0381333 3.46991 0)
(-0.0478783 3.53688 0)
(-0.0531079 3.37274 0)
(-0.0489285 2.92788 0)
(-0.0156553 1.57186 0)
(-0.0026801 0.0199743 0)
(-0.0291237 0.242937 0)
(-0.0700448 0.561834 0)
(-0.105986 0.931285 0)
(-0.123068 1.23582 0)
(-0.115592 1.38759 0)
(-0.0979671 1.45036 0)
(-0.0755855 1.466 0)
(-0.0533552 1.46886 0)
(-0.0347756 1.46428 0)
(-0.0216222 1.44608 0)
(-0.0143507 1.46816 0)
(-0.00941814 1.62261 0)
(-0.0281173 2.32693 0)
(-0.0482218 3.16425 0)
(-0.0573112 3.48636 0)
(-0.0615506 3.54572 0)
(-0.0608351 3.36734 0)
(-0.0491569 2.86051 0)
(-0.0129404 1.44091 0)
(-0.00144172 0.0630721 0)
(-0.017641 0.348795 0)
(-0.0456189 0.659341 0)
(-0.0711356 0.988734 0)
(-0.0850583 1.24784 0)
(-0.0847143 1.37569 0)
(-0.0771446 1.43014 0)
(-0.06436 1.44563 0)
(-0.0509833 1.45264 0)
(-0.0392721 1.45338 0)
(-0.0315015 1.44094 0)
(-0.0274638 1.4648 0)
(-0.0278453 1.62714 0)
(-0.0471186 2.35975 0)
(-0.0651304 3.18103 0)
(-0.0701093 3.49561 0)
(-0.0692972 3.54373 0)
(-0.0631238 3.34652 0)
(-0.046048 2.77552 0)
(-0.0106543 1.3259 0)
(-0.000671106 0.0862068 0)
(-0.00972018 0.414791 0)
(-0.0277384 0.726286 0)
(-0.045127 1.02992 0)
(-0.0558564 1.2623 0)
(-0.0591031 1.37506 0)
(-0.0578013 1.42159 0)
(-0.0520039 1.43537 0)
(-0.0455346 1.44334 0)
(-0.0401777 1.44768 0)
(-0.0380414 1.4397 0)
(-0.0394661 1.46588 0)
(-0.0458285 1.63727 0)
(-0.0639066 2.38382 0)
(-0.0762527 3.19079 0)
(-0.0765032 3.49544 0)
(-0.0716386 3.53195 0)
(-0.061914 3.31413 0)
(-0.0418943 2.683 0)
(-0.00896774 1.22662 0)
(-0.000279907 0.0975878 0)
(-0.00528198 0.454066 0)
(-0.0168457 0.770877 0)
(-0.0285256 1.05803 0)
(-0.0359866 1.27548 0)
(-0.039953 1.37985 0)
(-0.0417016 1.42002 0)
(-0.0405793 1.43179 0)
(-0.0388921 1.43952 0)
(-0.0378055 1.44606 0)
(-0.0401069 1.44235 0)
(-0.0470929 1.47268 0)
(-0.0603224 1.65212 0)
(-0.074603 2.39534 0)
(-0.0781141 3.19337 0)
(-0.0757785 3.48885 0)
(-0.0692325 3.51417 0)
(-0.0584772 3.27637 0)
(-0.037845 2.59081 0)
(-0.00750065 1.14016 0)
(-0.000113198 0.103206 0)
(-0.00316537 0.478385 0)
(-0.0111069 0.801268 0)
(-0.0192712 1.07633 0)
(-0.0237848 1.285 0)
(-0.0267881 1.38582 0)
(-0.029194 1.42206 0)
(-0.0305214 1.432 0)
(-0.0317126 1.4395 0)
(-0.0333984 1.4476 0)
(-0.0390325 1.44894 0)
(-0.0507511 1.48423 0)
(-0.0666519 1.66792 0)
(-0.0766878 2.39463 0)
(-0.075719 3.19295 0)
(-0.0718551 3.47997 0)
(-0.0656951 3.49566 0)
(-0.0555584 3.23893 0)
(-0.0357908 2.50101 0)
(-0.00641859 1.06253 0)
(-5.99757e-05 0.10647 0)
(-0.00228035 0.495367 0)
(-0.00832818 0.823839 0)
(-0.0146897 1.08816 0)
(-0.0167208 1.29024 0)
(-0.0183892 1.39061 0)
(-0.0203852 1.42479 0)
(-0.022312 1.43414 0)
(-0.0243036 1.44103 0)
(-0.0274741 1.4507 0)
(-0.0343505 1.4582 0)
(-0.0457405 1.49661 0)
(-0.0597798 1.68403 0)
(-0.0705533 2.38684 0)
(-0.0671316 3.19044 0)
(-0.0659858 3.4741 0)
(-0.0643029 3.48074 0)
(-0.0563995 3.20447 0)
(-0.0365742 2.40865 0)
(-0.00573205 0.989095 0)
(-5.87345e-05 0.109011 0)
(-0.00193053 0.508825 0)
(-0.00685163 0.842512 0)
(-0.0125271 1.09711 0)
(-0.0132483 1.29041 0)
(-0.0121044 1.39334 0)
(-0.0129962 1.42715 0)
(-0.0145904 1.43642 0)
(-0.016278 1.44287 0)
(-0.018488 1.45382 0)
(-0.0230158 1.4656 0)
(-0.0298168 1.50552 0)
(-0.0383329 1.70043 0)
(-0.0556384 2.38447 0)
(-0.0562873 3.19447 0)
(-0.0624952 3.47709 0)
(-0.0656212 3.47668 0)
(-0.0612074 3.17465 0)
(-0.0393991 2.30658 0)
(-0.00515943 0.915839 0)
(-7.5998e-05 0.111427 0)
(-0.00177495 0.520059 0)
(-0.005762 0.858523 0)
(-0.0111028 1.10613 0)
(-0.0119508 1.28641 0)
(-0.00837292 1.39128 0)
(-0.00653802 1.42793 0)
(-0.00696874 1.43741 0)
(-0.00795012 1.44418 0)
(-0.00739757 1.45463 0)
(-0.00702056 1.46891 0)
(-0.00810304 1.50862 0)
(-0.00766174 1.71548 0)
(-0.0358394 2.39904 0)
(-0.0464842 3.21103 0)
(-0.0624538 3.49273 0)
(-0.0710451 3.48161 0)
(-0.0708347 3.14635 0)
(-0.0435607 2.18518 0)
(-0.00541329 0.839971 0)
(-9.69362e-05 0.11395 0)
(-0.00167009 0.529381 0)
(-0.0046717 0.871496 0)
(-0.00915814 1.11667 0)
(-0.011553 1.28267 0)
(-0.00710536 1.38522 0)
(-0.00300689 1.42525 0)
(-0.00117498 1.43672 0)
(-0.000948066 1.44378 0)
(0.00159883 1.45289 0)
(0.00679837 1.46719 0)
(0.011721 1.5028 0)
(0.0217007 1.72858 0)
(-0.0182823 2.44311 0)
(-0.04626 3.2455 0)
(-0.0728664 3.52341 0)
(-0.0863046 3.49682 0)
(-0.0840581 3.10444 0)
(-0.0459718 2.03762 0)
(-0.00604387 0.761903 0)
(-0.000128814 0.116707 0)
(-0.00165053 0.537067 0)
(-0.00369481 0.880614 0)
(-0.00680383 1.12735 0)
(-0.0104009 1.28223 0)
(-0.00718281 1.37653 0)
(-0.000783606 1.42001 0)
(0.00318991 1.43407 0)
(0.00470738 1.44223 0)
(0.00731447 1.45073 0)
(0.0102752 1.46131 0)
(0.0201985 1.48949 0)
(0.0378446 1.74037 0)
(-0.0141325 2.51428 0)
(-0.0597465 3.29821 0)
(-0.0909451 3.56056 0)
(-0.103493 3.51226 0)
(-0.0934604 3.03705 0)
(-0.0433566 1.87261 0)
(-0.00596385 0.685565 0)
(-0.000165655 0.119892 0)
(-0.00165206 0.543457 0)
(-0.00285563 0.88547 0)
(-0.00396103 1.13489 0)
(-0.00611308 1.28486 0)
(-0.00423705 1.36894 0)
(0.00251813 1.41147 0)
(0.00876503 1.42945 0)
(0.0115062 1.43993 0)
(0.0111255 1.45202 0)
(0.010178 1.46003 0)
(0.0109393 1.47282 0)
(0.0267893 1.75539 0)
(-0.031546 2.60379 0)
(-0.0867997 3.36064 0)
(-0.11379 3.5915 0)
(-0.118098 3.5097 0)
(-0.0957345 2.93495 0)
(-0.0379428 1.71014 0)
(-0.00562634 0.615435 0)
(-0.000197933 0.123443 0)
(-0.00167965 0.548651 0)
(-0.00225793 0.886471 0)
(-0.00174379 1.13647 0)
(-0.0010088 1.28592 0)
(0.00174204 1.36201 0)
(0.00889492 1.40137 0)
(0.0183094 1.4222 0)
(0.0241063 1.43786 0)
(0.0222722 1.45658 0)
(0.011076 1.46661 0)
(-0.00716413 1.46882 0)
(-0.0133105 1.78048 0)
(-0.0714557 2.69975 0)
(-0.121424 3.41811 0)
(-0.133004 3.60318 0)
(-0.124552 3.48028 0)
(-0.0877383 2.79739 0)
(-0.0315936 1.56448 0)
(-0.00517285 0.555868 0)
(-0.000270745 0.1278 0)
(-0.00200335 0.55369 0)
(-0.00227169 0.885378 0)
(-0.000535159 1.13407 0)
(0.0023861 1.28242 0)
(0.00793529 1.35308 0)
(0.0180216 1.3874 0)
(0.0319207 1.40968 0)
(0.0440703 1.43328 0)
(0.0476089 1.46381 0)
(0.020652 1.48608 0)
(-0.0250083 1.49344 0)
(-0.0584818 1.81297 0)
(-0.108856 2.78109 0)
(-0.137525 3.44798 0)
(-0.133986 3.59056 0)
(-0.113566 3.41926 0)
(-0.06727 2.65354 0)
(-0.0208771 1.44687 0)
(-0.00310744 0.512733 0)
(-0.000353311 0.133445 0)
(-0.00250115 0.559639 0)
(-0.00292104 0.883548 0)
(-0.000677889 1.12648 0)
(0.00516366 1.27039 0)
(0.0156551 1.33458 0)
(0.0321472 1.36427 0)
(0.0532065 1.38749 0)
(0.0744484 1.42117 0)
(0.0837311 1.46814 0)
(0.0514484 1.52386 0)
(-0.0275541 1.55123 0)
(-0.0861646 1.85222 0)
(-0.12184 2.83473 0)
(-0.133578 3.44731 0)
(-0.116526 3.5577 0)
(-0.0863383 3.33714 0)
(-0.0438755 2.52838 0)
(-0.00949279 1.36361 0)
(-0.00102578 0.491914 0)
(-0.000395752 0.139789 0)
(-0.00299865 0.566712 0)
(-0.0043169 0.881537 0)
(-0.00296872 1.11401 0)
(0.00466762 1.2459 0)
(0.0222075 1.30204 0)
(0.0489513 1.32768 0)
(0.0820195 1.35302 0)
(0.117746 1.39376 0)
(0.138983 1.46859 0)
(0.11479 1.57494 0)
(0.00814612 1.6422 0)
(-0.0858507 1.89487 0)
(-0.106428 2.86728 0)
(-0.109727 3.43095 0)
(-0.0873479 3.51141 0)
(-0.0529373 3.2526 0)
(-0.018911 2.43229 0)
(0.00895957 1.31601 0)
(0.00470301 0.503964 0)
(-0.000286241 0.146613 0)
(-0.00344789 0.576875 0)
(-0.0059702 0.881187 0)
(-0.00548743 1.09559 0)
(0.00664319 1.20953 0)
(0.0325259 1.2541 0)
(0.0700844 1.27417 0)
(0.117651 1.29866 0)
(0.177443 1.34573 0)
(0.222683 1.45078 0)
(0.211267 1.63213 0)
(0.0858594 1.76272 0)
(-0.0546013 1.95082 0)
(-0.076183 2.88403 0)
(-0.0774226 3.41044 0)
(-0.062407 3.46824 0)
(-0.0346599 3.17845 0)
(-0.00678311 2.34809 0)
(0.0228111 1.29363 0)
(0.00878007 0.555649 0)
(-0.00160464 0.385862 0)
(-0.00684482 0.742572 0)
(-0.00832084 0.998571 0)
(0.00165294 1.15202 0)
(0.0275207 1.21885 0)
(0.0687917 1.24432 0)
(0.124493 1.26447 0)
(0.192056 1.30123 0)
(0.253434 1.39173 0)
(0.273121 1.54278 0)
(0.202227 1.73448 0)
(0.0429919 1.84237 0)
(-0.0489059 2.37742 0)
(-0.0597807 3.23159 0)
(-0.0614137 3.45663 0)
(-0.0437095 3.37185 0)
(-0.021212 2.81135 0)
(0.0211821 1.7662 0)
(0.023629 0.933557 0)
(0.0066014 0.63351 0)
(-0.142725 1.46378 0)
(0.0672406 3.29996 -1.02331e-22)
(0.119593 3.60689 -6.37055e-20)
(0.121271 3.56453 0)
(0.117453 3.51041 -3.31552e-19)
(0.109561 3.47008 0)
(0.100787 3.44755 -4.4176e-19)
(0.090609 3.42822 -7.84804e-21)
(0.0764208 3.3007 -8.64897e-19)
(0.0414079 2.15301 -4.85781e-19)
(-0.0502974 1.10843 -1.45441e-19)
(0.0416757 3.11356 2.14946e-19)
(0.0675943 3.5307 -2.74338e-19)
(0.0728017 3.51912 -3.09913e-19)
(0.0733869 3.47793 -4.1229e-19)
(0.0714341 3.44784 -1.33339e-20)
(0.0677213 3.43235 1.52666e-20)
(0.0631801 3.42392 0)
(0.0559401 3.33281 -8.34314e-21)
(0.0357562 2.26534 -5.60662e-19)
(-0.0260654 0.983428 1.95612e-21)
(0.0235164 3.04509 -6.77141e-21)
(0.0357788 3.48713 1.08104e-20)
(0.0411034 3.4842 0)
(0.0441281 3.45091 -4.22645e-19)
(0.0457001 3.42812 4.67393e-19)
(0.0465224 3.41817 -5.13271e-19)
(0.0483204 3.41619 -5.22243e-19)
(0.0478145 3.34399 -5.51158e-19)
(0.0339436 2.33374 4.49976e-21)
(-0.0165809 0.914635 3.03201e-19)
(0.00805365 3.01802 -8.4074e-21)
(0.0139974 3.45599 -1.9912e-19)
(0.0195157 3.45545 -2.26196e-19)
(0.0246717 3.42714 -1.46847e-20)
(0.0292794 3.4093 -2.74412e-19)
(0.033931 3.40281 2.72232e-19)
(0.0397927 3.40431 0)
(0.0427827 3.34811 2.78055e-19)
(0.0336198 2.39852 0)
(-0.011871 0.882525 1.83388e-19)
(-0.00612227 3.01798 2.07429e-19)
(-0.000199793 3.43112 2.32925e-19)
(0.00497098 3.42994 2.4745e-19)
(0.0121448 3.40476 -2.68503e-19)
(0.0191545 3.38994 -1.70838e-20)
(0.0265077 3.38545 -1.7878e-20)
(0.0350143 3.38919 3.01835e-19)
(0.0404109 3.34723 3.21334e-19)
(0.0354128 2.46117 3.14141e-19)
(-0.00994116 0.872878 -2.16141e-19)
(-0.0145906 3.03328 -2.52174e-19)
(-0.0111482 3.41079 2.703e-19)
(-0.0045894 3.40554 2.67209e-19)
(0.00388882 3.38223 2.71792e-19)
(0.0128213 3.36913 -2.76342e-20)
(0.0222713 3.36575 -9.22092e-21)
(0.0328927 3.37103 -3.08954e-19)
(0.0409508 3.34185 0)
(0.0392307 2.52532 -6.13828e-21)
(-0.0104617 0.878776 0)
(-0.0217131 3.05922 2.58268e-19)
(-0.0198098 3.39132 -5.22894e-19)
(-0.0117706 3.38064 -1.75044e-20)
(-0.00199234 3.35822 0)
(0.00866735 3.34595 -3.15014e-19)
(0.020118 3.3431 3.3737e-19)
(0.0328089 3.34935 -3.18169e-19)
(0.0437493 3.33182 -1.07731e-20)
(0.0450228 2.59357 5.552e-21)
(-0.0116006 0.903486 2.6466e-19)
(-0.0296894 3.09077 -2.72101e-19)
(-0.0280878 3.37002 -2.9327e-19)
(-0.0182129 3.35338 3.10556e-19)
(-0.00686104 3.33123 0)
(0.00576032 3.31921 0)
(0.0194023 3.31654 0)
(0.0343984 3.32337 -3.40405e-19)
(0.0485464 3.31636 3.64471e-19)
(0.0526296 2.66468 0)
(-0.015731 0.954222 0)
(-0.0401346 3.12315 -1.40992e-20)
(-0.0373756 3.34418 3.39546e-19)
(-0.0249823 3.32175 0)
(-0.0113309 3.29952 -3.52418e-19)
(0.00368549 3.2876 -2.25802e-20)
(0.0198201 3.28511 -3.57845e-19)
(0.0372892 3.29234 1.20402e-20)
(0.0547934 3.29459 4.19852e-19)
(0.0616536 2.73908 -4.0352e-19)
(-0.0236175 1.0479 3.04774e-19)
(-0.0535175 3.15121 3.04287e-19)
(-0.0478509 3.31094 -1.53458e-19)
(-0.032138 3.28386 -1.84232e-19)
(-0.0154207 3.26198 4.69738e-20)
(0.00243425 3.25051 3.34219e-19)
(0.0212111 3.24844 1.81803e-19)
(0.0411998 3.25608 1.31569e-20)
(0.061493 3.26591 0)
(0.0712144 2.8151 -4.39518e-19)
(-0.0351636 1.20647 5.32702e-21)
(-0.0685228 3.16947 -1.75215e-19)
(-0.0580899 3.26901 -2.12414e-20)
(-0.0384888 3.2396 -2.01876e-19)
(-0.0186405 3.21927 1.75224e-19)
(0.00178612 3.20886 -8.97714e-21)
(0.0228264 3.20728 -2.25333e-19)
(0.0450387 3.215 1.43089e-20)
(0.067496 3.23027 2.29737e-19)
(0.0803455 2.88922 0)
(-0.0472375 1.44325 5.92905e-21)
(-0.0807649 3.17327 -1.79849e-19)
(-0.0642386 3.21901 0)
(-0.041882 3.19098 0)
(-0.0201431 3.17309 -2.28608e-19)
(0.00132206 3.16411 -2.55931e-19)
(0.0232523 3.16318 9.4924e-21)
(0.0467301 3.17076 1.55287e-20)
(0.0706409 3.18917 -2.43891e-19)
(0.0881699 2.95712 -8.26619e-21)
(-0.0549892 1.75569 2.11127e-19)
(-0.0858062 3.15959 -1.01999e-20)
(-0.0642359 3.16495 0)
(-0.0421916 3.13964 -2.30158e-19)
(-0.02044 3.12349 -2.07735e-19)
(0.00126732 3.11581 -1.18246e-22)
(0.0233428 3.11626 1.32339e-19)
(0.0460883 3.1249 1.67812e-20)
(0.0691221 3.14551 2.89613e-19)
(0.0922593 3.01438 0)
(-0.0562286 2.13211 0)
(-0.0832205 3.12863 7.46062e-21)
(-0.0625645 3.10726 -5.5052e-21)
(-0.0425914 3.08447 -1.30405e-19)
(-0.0206009 3.07082 0)
(0.00174498 3.06522 3.39204e-20)
(0.0242433 3.06668 0)
(0.0461876 3.07572 -1.47281e-19)
(0.0663471 3.09788 -1.69703e-19)
(0.0929649 3.05393 0)
(-0.0582335 2.53344 6.54192e-20)
(-0.0857475 3.07233 -1.43568e-19)
(-0.058239 3.04397 1.68893e-20)
(-0.0360957 3.03119 0)
(-0.0161902 3.02482 -6.8305e-20)
(0.00148805 3.02249 1.58396e-21)
(0.0193154 3.02331 7.52981e-20)
(0.0389057 3.02779 -7.84259e-20)
(0.0622924 3.0415 -2.02875e-20)
(0.0963808 3.05644 0)
(-0.0331748 2.87896 7.9691e-21)
(-0.0355496 2.99887 3.79993e-20)
(-0.0179966 3.00021 1.5509e-20)
(-0.0100334 3.00104 0)
(-0.00478049 3.0004 -3.11379e-20)
(0.000306128 3.00134 1.60229e-22)
(0.00435831 3.00033 -3.26415e-20)
(0.00997827 2.99965 3.38886e-20)
(0.0195319 2.99916 0)
(0.0458913 3.0026 0)
(0.278233 0.297508 -9.10039e-20)
(0.845235 0.859418 -1.34154e-19)
(1.09875 1.13643 -7.95151e-20)
(1.13854 1.2012 -1.25064e-19)
(1.10451 1.19758 -1.28252e-20)
(1.04569 1.17143 2.81073e-22)
(0.266536 0.75725 0)
(0.175214 0.972494 4.32467e-19)
(0.182323 2.43783 -2.39062e-19)
(0.232965 3.32946 -1.30116e-19)
(0.218893 3.44805 6.81647e-20)
(0.189745 3.47109 1.91443e-20)
(0.185041 3.53253 -2.20553e-19)
(0.206497 3.59773 4.02164e-19)
(0.227099 3.67954 8.77691e-21)
(0.264448 3.66551 7.23016e-20)
(0.279867 3.16165 3.29251e-19)
)
;

boundaryField
{
    wall-4
    {
        type            noSlip;
    }
    pressure-outlet-7
    {
        type            zeroGradient;
    }
    velocity-inlet-6
    {
        type            fixedValue;
        value           uniform (0 3 0);
    }
    velocity-inlet-5
    {
        type            fixedValue;
        value           uniform (1 0 0);
    }
    frontAndBackPlanes
    {
        type            empty;
    }
}


// ************************************************************************* //
