/*--------------------------------*- C++ -*----------------------------------*\
| =========                 |                                                 |
| \\      /  F ield         | OpenFOAM: The Open Source CFD Toolbox           |
|  \\    /   O peration     | Version:  v2012                                 |
|   \\  /    A nd           | Website:  www.openfoam.com                      |
|    \\/     M anipulation  |                                                 |
\*---------------------------------------------------------------------------*/
FoamFile
{
    version     2.0;
    format      ascii;
    class       volVectorField;
    location    "63";
    object      U;
}
// * * * * * * * * * * * * * * * * * * * * * * * * * * * * * * * * * * * * * //

dimensions      [0 1 -1 0 0 0 0];


internalField   nonuniform List<vector> 
8800
(
(0.984957 -0.0884519 0)
(1.00213 -0.056825 0)
(0.999651 -0.0305578 0)
(0.999997 -0.0158647 0)
(1.00008 -0.00872496 0)
(1.0001 -0.00509096 0)
(1.00006 -0.00300244 0)
(1.00002 -0.0016908 0)
(0.999999 -0.000784929 0)
(1.00006 -8.14856e-05 0)
(0.999985 0.000632379 0)
(0.999993 0.00139272 0)
(1.00002 0.00241846 0)
(1.00005 0.00401121 0)
(1.00004 0.00671665 0)
(1.00001 0.0117401 0)
(0.999836 0.0220504 0)
(0.999168 0.0411654 0)
(1.00748 0.0768942 0)
(0.773654 0.0450713 0)
(0.361009 -0.0151709 0)
(1.04557 -0.0741985 0)
(1.0871 -0.0678859 0)
(1.04775 -0.0522966 0)
(1.02459 -0.0383938 0)
(1.01241 -0.0261168 0)
(1.00651 -0.0167672 0)
(1.00363 -0.010244 0)
(1.00219 -0.00558913 0)
(1.00152 -0.00197345 0)
(1.00138 0.00126172 0)
(1.00173 0.00459013 0)
(1.0027 0.00849868 0)
(1.00472 0.0138303 0)
(1.00881 0.0215483 0)
(1.01734 0.0323614 0)
(1.03444 0.0456975 0)
(1.06548 0.059802 0)
(1.09407 0.0729182 0)
(0.842196 0.0557163 0)
(0.217092 -0.00164628 0)
(1.07587 -0.0503517 0)
(1.09983 -0.0487113 0)
(1.06465 -0.040162 0)
(1.04 -0.0330004 0)
(1.02382 -0.0257003 0)
(1.01403 -0.0183043 0)
(1.00853 -0.0115604 0)
(1.00567 -0.0057413 0)
(1.00448 -0.000409809 0)
(1.00479 0.0047368 0)
(1.00663 0.0100683 0)
(1.01056 0.0161076 0)
(1.01786 0.023003 0)
(1.03049 0.0302517 0)
(1.05063 0.0372456 0)
(1.08034 0.0445798 0)
(1.10617 0.0517892 0)
(0.942785 0.0413418 0)
(0.216437 0.00166859 0)
(0.175925 -0.000645126 0)
(1.0187 -0.0354055 0)
(1.10559 -0.041412 0)
(1.07814 -0.0362478 0)
(1.0529 -0.0302224 0)
(1.03563 -0.0244928 0)
(1.0236 -0.0187501 0)
(1.01566 -0.0127086 0)
(1.01099 -0.00655158 0)
(1.00892 -0.000263472 0)
(1.00944 0.00593675 0)
(1.01254 0.0118987 0)
(1.01858 0.0177017 0)
(1.02832 0.0232531 0)
(1.04263 0.0286629 0)
(1.06335 0.0343133 0)
(1.09375 0.0402734 0)
(1.09409 0.0418951 0)
(0.828723 0.0227962 0)
(0.174814 0.000668787 0)
(0.154385 -0.000486977 0)
(0.957362 -0.0255487 0)
(1.10412 -0.0350814 0)
(1.08798 -0.0326381 0)
(1.06148 -0.0280869 0)
(1.04359 -0.0230865 0)
(1.03116 -0.0178085 0)
(1.02245 -0.012283 0)
(1.0168 -0.00635661 0)
(1.01409 0.000129601 0)
(1.01471 0.00661671 0)
(1.01854 0.0125024 0)
(1.02542 0.0177884 0)
(1.03564 0.0227288 0)
(1.05029 0.0275253 0)
(1.07197 0.0319952 0)
(1.10065 0.0358671 0)
(1.06904 0.0340007 0)
(0.741076 0.0143782 0)
(0.152712 0.000513324 0)
(0.139868 -0.000358168 0)
(0.900428 -0.0192027 0)
(1.0965 -0.0301329 0)
(1.0961 -0.0292501 0)
(1.06913 -0.025497 0)
(1.05043 -0.0213922 0)
(1.03747 -0.0166552 0)
(1.02843 -0.0113902 0)
(1.02241 -0.00566014 0)
(1.01936 0.000706418 0)
(1.01995 0.00708252 0)
(1.02396 0.012725 0)
(1.03104 0.0176777 0)
(1.04155 0.0221264 0)
(1.05681 0.026072 0)
(1.0794 0.029549 0)
(1.10289 0.032212 0)
(1.03706 0.028157 0)
(0.674358 0.0102667 0)
(0.137507 0.000389091 0)
(0.129229 -0.000273614 0)
(0.850712 -0.014828 0)
(1.08414 -0.0260257 0)
(1.10179 -0.0263488 0)
(1.07598 -0.0230392 0)
(1.05676 -0.0193882 0)
(1.04335 -0.0151697 0)
(1.03395 -0.0102754 0)
(1.02767 -0.00475579 0)
(1.02441 0.00142097 0)
(1.02487 0.00757081 0)
(1.02886 0.012932 0)
(1.03607 0.0174749 0)
(1.04687 0.0213152 0)
(1.06251 0.0246313 0)
(1.08554 0.0276223 0)
(1.10204 0.0294007 0)
(1.00221 0.0236444 0)
(0.622352 0.00789036 0)
(0.126029 0.000310889 0)
(0.121116 -0.000210913 0)
(0.808403 -0.0116567 0)
(1.06886 -0.0224254 0)
(1.10533 -0.0237175 0)
(1.08224 -0.0208428 0)
(1.06258 -0.0174096 0)
(1.0489 -0.0134817 0)
(1.03923 -0.00891731 0)
(1.03268 -0.00366929 0)
(1.02917 0.00227886 0)
(1.02946 0.00816301 0)
(1.03339 0.0131734 0)
(1.04066 0.0172527 0)
(1.05156 0.0206024 0)
(1.06743 0.0235194 0)
(1.09082 0.0262047 0)
(1.0983 0.0270786 0)
(0.966955 0.0201003 0)
(0.580552 0.00634457 0)
(0.116898 0.000255997 0)
(0.11483 -0.000162732 0)
(0.772761 -0.00928236 0)
(1.05205 -0.0192552 0)
(1.1077 -0.0212821 0)
(1.08812 -0.0187849 0)
(1.06806 -0.015505 0)
(1.05413 -0.0117414 0)
(1.04426 -0.00738198 0)
(1.03747 -0.00237564 0)
(1.0337 0.00331369 0)
(1.03377 0.00889034 0)
(1.03757 0.0135205 0)
(1.04477 0.0171903 0)
(1.05567 0.0201574 0)
(1.07176 0.0227475 0)
(1.09483 0.025089 0)
(1.09173 0.0251528 0)
(0.932624 0.0173629 0)
(0.545951 0.00528703 0)
(0.109373 0.000217308 0)
(0.109927 -0.000124407 0)
(0.742853 -0.00744045 0)
(1.0348 -0.0164435 0)
(1.10912 -0.0189895 0)
(1.0937 -0.0168031 0)
(1.07335 -0.0136201 0)
(1.05914 -0.00995163 0)
(1.04908 -0.00571527 0)
(1.04208 -0.000880702 0)
(1.03802 0.0045596 0)
(1.0378 0.00981401 0)
(1.04137 0.0140826 0)
(1.04843 0.0173911 0)
(1.05932 0.02001 0)
(1.07561 0.0223093 0)
(1.09756 0.0242784 0)
(1.08271 0.0235753 0)
(0.899792 0.0152829 0)
(0.516493 0.00455017 0)
(0.102967 0.000190493 0)
(0.106122 -9.26861e-05 0)
(0.71786 -0.00595591 0)
(1.01793 -0.013919 0)
(1.10971 -0.0167732 0)
(1.09917 -0.0148668 0)
(1.07856 -0.0116995 0)
(1.06405 -0.00806621 0)
(1.05377 -0.00389509 0)
(1.04651 0.000826069 0)
(1.04213 0.0060558 0)
(1.04155 0.0110073 0)
(1.04481 0.0149356 0)
(1.05169 0.0178993 0)
(1.06254 0.0201798 0)
(1.07902 0.022216 0)
(1.09894 0.0237862 0)
(1.07163 0.0223423 0)
(0.868578 0.013746 0)
(0.490713 0.00404307 0)
(0.0973332 0.000172923 0)
(0.103222 -6.52448e-05 0)
(0.697139 -0.00471155 0)
(1.00205 -0.0116148 0)
(1.10961 -0.0145961 0)
(1.10449 -0.0128894 0)
(1.08376 -0.00969131 0)
(1.06893 -0.00603563 0)
(1.05839 -0.00186986 0)
(1.05083 0.00278837 0)
(1.04605 0.00785664 0)
(1.04502 0.0125379 0)
(1.04792 0.0161406 0)
(1.05457 0.0187661 0)
(1.06535 0.020711 0)
(1.08197 0.0224899 0)
(1.09931 0.0236515 0)
(1.05876 0.0214624 0)
(0.838826 0.0126624 0)
(0.467521 0.00370949 0)
(0.0922115 0.00016263 0)
(0.101108 -4.00059e-05 0)
(0.680218 -0.0036196 0)
(0.987621 -0.00946074 0)
(1.10905 -0.0123725 0)
(1.10963 -0.0107854 0)
(1.08904 -0.00753424 0)
(1.07387 -0.00379737 0)
(1.063 0.000426216 0)
(1.05507 0.00507445 0)
(1.04981 0.0100319 0)
(1.04824 0.0144718 0)
(1.05069 0.0177567 0)
(1.05708 0.0200447 0)
(1.06777 0.0216473 0)
(1.08444 0.0231565 0)
(1.09868 0.0238986 0)
(1.04427 0.0209533 0)
(0.810211 0.0119613 0)
(0.44606 0.00351165 0)
(0.0873994 0.000158158 0)
(0.099718 -1.51187e-05 0)
(0.666793 -0.00261079 0)
(0.974998 -0.00738228 0)
(1.10832 -0.0100434 0)
(1.11471 -0.00849431 0)
(1.09448 -0.00515296 0)
(1.07892 -0.00127388 0)
(1.06768 0.00306859 0)
(1.05929 0.00776979 0)
(1.05343 0.0126652 0)
(1.05122 0.0168862 0)
(1.05314 0.0198576 0)
(1.05919 0.0217995 0)
(1.06976 0.0230408 0)
(1.08644 0.0242849 0)
(1.09681 0.0245702 0)
(1.02822 0.0207971 0)
(0.78231 0.0115861 0)
(0.425635 0.00342342 0)
(0.0827332 0.000158309 0)
(0.0990344 1.16697e-05 0)
(0.656708 -0.00163106 0)
(0.964497 -0.00530733 0)
(1.10776 -0.00754531 0)
(1.11987 -0.00594278 0)
(1.10015 -0.00246287 0)
(1.08417 0.00162483 0)
(1.07248 0.00615177 0)
(1.06353 0.0109733 0)
(1.05695 0.015856 0)
(1.05395 0.0198774 0)
(1.05523 0.0225303 0)
(1.0609 0.0241118 0)
(1.07132 0.0249728 0)
(1.08792 0.0259174 0)
(1.09364 0.0256961 0)
(1.01058 0.0210293 0)
(0.75466 0.0115101 0)
(0.405664 0.00343078 0)
(0.0780791 0.000162593 0)
(0.0990785 3.64851e-05 0)
(0.649934 -0.000633203 0)
(0.95642 -0.00316294 0)
(1.10771 -0.00480547 0)
(1.12526 -0.00304242 0)
(1.10615 0.000637137 0)
(1.08971 0.00500565 0)
(1.07749 0.00979458 0)
(1.06785 0.0148059 0)
(1.06039 0.0197237 0)
(1.05646 0.0235608 0)
(1.05697 0.0258828 0)
(1.06217 0.0270818 0)
(1.07241 0.0275467 0)
(1.08863 0.028124 0)
(1.089 0.0272875 0)
(0.991188 0.0216789 0)
(0.726728 0.0117155 0)
(0.385616 0.00352479 0)
(0.0733147 0.000170554 0)
(0.0998838 7.32498e-05 0)
(0.646543 0.000391347 0)
(0.951082 -0.000875973 0)
(1.10852 -0.00173883 0)
(1.1311 0.000303547 0)
(1.11261 0.00425996 0)
(1.09565 0.00899925 0)
(1.08278 0.0141355 0)
(1.07231 0.0194111 0)
(1.06379 0.0244125 0)
(1.05872 0.0280742 0)
(1.05833 0.0300428 0)
(1.06296 0.0308386 0)
(1.07298 0.0308764 0)
(1.08845 0.031034 0)
(1.0826 0.029445 0)
(0.969796 0.0227725 0)
(0.697943 0.0121921 0)
(0.365 0.0036975 0)
(0.0683324 0.000181551 0)
(0.101662 0.000108551 0)
(0.64692 0.00155543 0)
(0.948828 0.00163503 0)
(1.11064 0.00176749 0)
(1.13759 0.00418595 0)
(1.11965 0.00855763 0)
(1.1021 0.013766 0)
(1.08844 0.0193443 0)
(1.07696 0.0249629 0)
(1.06714 0.0300923 0)
(1.06073 0.0335805 0)
(1.05926 0.0351552 0)
(1.06322 0.0355122 0)
(1.07296 0.0350861 0)
(1.08714 0.0347595 0)
(1.07418 0.0322518 0)
(0.946015 0.0243558 0)
(0.667683 0.0129392 0)
(0.343345 0.00394469 0)
(0.0630352 0.000195233 0)
(0.104474 0.000158394 0)
(0.651477 0.00299593 0)
(0.950158 0.00453205 0)
(1.11454 0.00579901 0)
(1.14494 0.00878744 0)
(1.12743 0.0137155 0)
(1.1092 0.019509 0)
(1.09458 0.0256373 0)
(1.08185 0.0316792 0)
(1.07047 0.0369681 0)
(1.06243 0.0402509 0)
(1.05972 0.0413709 0)
(1.06288 0.0412565 0)
(1.07227 0.0403136 0)
(1.08451 0.0394423 0)
(1.06339 0.035811 0)
(0.919337 0.0264639 0)
(0.635278 0.0139499 0)
(0.320201 0.0042578 0)
(0.0573392 0.000210716 0)
(0.108595 0.000224326 0)
(0.660694 0.004677 0)
(0.955527 0.00795515 0)
(1.12072 0.010557 0)
(1.15344 0.0143011 0)
(1.13616 0.0199632 0)
(1.1171 0.0264834 0)
(1.1013 0.0332846 0)
(1.08702 0.0398282 0)
(1.07374 0.0452858 0)
(1.06381 0.0483013 0)
(1.05966 0.0488977 0)
(1.06185 0.0482465 0)
(1.07082 0.046718 0)
(1.08065 0.0452372 0)
(1.04976 0.0402278 0)
(0.889107 0.029125 0)
(0.600001 0.0152089 0)
(0.295145 0.00462438 0)
(0.0511803 0.000226748 0)
(0.114362 0.000313097 0)
(0.675321 0.0067713 0)
(0.965582 0.0121069 0)
(1.12975 0.0162798 0)
(1.16344 0.0209968 0)
(1.1461 0.0276228 0)
(1.12598 0.0350373 0)
(1.10869 0.0426386 0)
(1.0925 0.0497375 0)
(1.07693 0.0553267 0)
(1.06476 0.0579684 0)
(1.0589 0.0579044 0)
(1.06006 0.0566582 0)
(1.06855 0.0544873 0)
(1.07528 0.0522865 0)
(1.03268 0.0455876 0)
(0.854528 0.0323433 0)
(0.561105 0.0166803 0)
(0.267819 0.00502263 0)
(0.0445273 0.000241569 0)
(0.122289 0.000441041 0)
(0.696326 0.00951669 0)
(0.981197 0.017294 0)
(1.1423 0.0233103 0)
(1.17544 0.0292726 0)
(1.15756 0.0371549 0)
(1.13605 0.0456507 0)
(1.11684 0.0541622 0)
(1.09825 0.0618151 0)
(1.07992 0.0674139 0)
(1.06517 0.0695003 0)
(1.05735 0.0686219 0)
(1.05741 0.0666421 0)
(1.06539 0.0637442 0)
(1.06808 0.0606721 0)
(1.01137 0.0519524 0)
(0.814662 0.0360841 0)
(0.517862 0.0182948 0)
(0.237979 0.00541889 0)
(0.0373966 0.000252761 0)
(0.133102 0.00062416 0)
(0.72496 0.0132863 0)
(1.00353 0.0239889 0)
(1.15916 0.0321968 0)
(1.19003 0.0397301 0)
(1.17088 0.0492318 0)
(1.14745 0.0589933 0)
(1.12573 0.068462 0)
(1.10414 0.0765504 0)
(1.08254 0.0819061 0)
(1.06486 0.0831503 0)
(1.05492 0.081255 0)
(1.05376 0.0783987 0)
(1.06103 0.0746188 0)
(1.05837 0.0705278 0)
(0.984794 0.0593208 0)
(0.768464 0.0402365 0)
(0.469649 0.0199324 0)
(0.205581 0.00576395 0)
(0.0298715 0.000257368 0)
(0.148048 0.000915618 0)
(0.763218 0.0187035 0)
(1.03424 0.0329792 0)
(1.18126 0.0438807 0)
(1.20798 0.0534806 0)
(1.18637 0.0648936 0)
(1.16024 0.0760246 0)
(1.13519 0.0863223 0)
(1.10992 0.0945113 0)
(1.0845 0.0991675 0)
(1.06359 0.0991439 0)
(1.05143 0.0959503 0)
(1.049 0.0920598 0)
(1.05511 0.087426 0)
(1.04545 0.0818284 0)
(0.951675 0.0675602 0)
(0.714887 0.0445783 0)
(0.416137 0.0214111 0)
(0.170901 0.00599278 0)
(0.0221232 0.000251999 0)
(0.169322 0.00141979 0)
(0.814362 0.0269116 0)
(1.07589 0.0458161 0)
(1.20974 0.0602199 0)
(1.22989 0.0726071 0)
(1.20413 0.0857631 0)
(1.17414 0.0980622 0)
(1.14482 0.108675 0)
(1.11512 0.11629 0)
(1.08542 0.119529 0)
(1.06107 0.117652 0)
(1.04667 0.112803 0)
(1.043 0.107693 0)
(1.04761 0.102155 0)
(1.02826 0.0945764 0)
(0.910435 0.0763491 0)
(0.653132 0.048754 0)
(0.357612 0.0224961 0)
(0.134708 0.00603324 0)
(0.0144337 0.00023281 0)
(0.200311 0.00253604 0)
(0.884128 0.0405785 0)
(1.13217 0.0663366 0)
(1.24502 0.0848092 0)
(1.25549 0.0998242 0)
(1.22352 0.114183 0)
(1.18833 0.126696 0)
(1.15377 0.136493 0)
(1.11902 0.142418 0)
(1.08474 0.143232 0)
(1.05694 0.138747 0)
(1.04041 0.131811 0)
(1.03563 0.125245 0)
(1.03814 0.118614 0)
(1.00538 0.108476 0)
(0.859229 0.085071 0)
(0.583188 0.0522472 0)
(0.295686 0.0229975 0)
(0.0986485 0.0058584 0)
(0.00728284 0.000196894 0)
(0.242563 0.00877238 9.74551e-20)
(0.976584 0.067759 8.69316e-20)
(1.20075 0.100847 -3.03948e-20)
(1.28398 0.121307 0)
(1.28195 0.138738 -7.72111e-34)
(1.24239 0.152469 1.12734e-20)
(1.20125 0.163427 -2.01634e-20)
(1.16094 0.170997 0)
(1.12081 0.174147 4.10875e-34)
(1.08166 0.171733 -2.46184e-20)
(1.05021 0.164145 0)
(1.03142 0.154925 -2.90613e-20)
(1.0257 0.147029 -8.55806e-20)
(1.02535 0.140116 -4.03181e-20)
(0.973011 0.126052 -1.21023e-20)
(0.792221 0.0952701 -7.18366e-21)
(0.499804 0.0555008 0)
(0.228686 0.0233107 5.00552e-21)
(0.0627538 0.00578582 5.88612e-21)
(0.000650494 0.000168674 1.04564e-19)
(0.272021 0.0241152 7.31311e-20)
(1.05301 0.110431 1.05726e-21)
(1.25736 0.150014 8.1621e-21)
(1.31877 0.170595 0)
(1.30513 0.187933 -3.93918e-20)
(1.25852 0.199467 -4.46508e-20)
(1.21148 0.208093 -2.04153e-20)
(1.16534 0.213152 -7.22416e-20)
(1.11959 0.213486 0)
(1.07516 0.207895 1.05026e-19)
(1.03952 0.197285 1.03866e-19)
(1.01816 0.185774 3.07793e-20)
(1.01037 0.176026 1.11938e-19)
(1.00217 0.166535 1.56958e-19)
(0.922426 0.146658 0)
(0.702204 0.106196 2.20111e-19)
(0.402119 0.0585531 3.14948e-19)
(0.159213 0.0229622 3.48612e-19)
(0.0270417 0.0044956 -3.96666e-19)
(-0.00608514 -0.000483642 -7.35819e-21)
(0.273237 0.0401564 0)
(1.10136 0.165842 1.33615e-20)
(1.29546 0.210441 0)
(1.34578 0.230519 -5.20897e-20)
(1.32328 0.244833 0)
(1.27076 0.252466 -8.80903e-20)
(1.21818 0.257351 4.17762e-20)
(1.1665 0.2588 -1.45735e-19)
(1.11539 0.255465 -3.15684e-21)
(1.0659 0.246079 5.43824e-20)
(1.02627 0.232031 2.28012e-19)
(1.00238 0.217955 -4.63801e-22)
(0.992218 0.206173 -8.12358e-20)
(0.976032 0.193836 -1.47591e-19)
(0.876812 0.167339 1.74094e-19)
(0.638367 0.116768 -3.07654e-19)
(0.346034 0.0614961 -4.05029e-20)
(0.124169 0.0224403 0)
(0.00980705 0.00255979 -2.13903e-23)
(-0.00956359 -0.00134634 0)
(0.266807 0.0539337 1.79625e-19)
(1.1274 0.224466 -8.77021e-20)
(1.31887 0.275387 -6.65503e-20)
(1.36364 0.295656 2.48005e-20)
(1.33502 0.306056 -4.17066e-20)
(1.27805 0.30915 1.84701e-19)
(1.22089 0.309613 8.72324e-20)
(1.16441 0.306811 0)
(1.10848 0.299253 -2.73508e-19)
(1.05435 0.285598 0)
(1.01095 0.267775 -1.19712e-19)
(0.984581 0.250899 -1.47278e-19)
(0.972026 0.236827 -8.83659e-20)
(0.949406 0.221114 -1.0707e-19)
(0.8394 0.18808 0)
(0.597523 0.128823 0)
(0.317426 0.0669622 -2.62892e-19)
(0.107957 0.0231311 5.17429e-20)
(0.000911296 0.000705821 -3.02448e-20)
(-0.0119133 -0.00234316 -3.48292e-20)
(0.259103 0.066039 -7.6822e-20)
(1.13871 0.282925 0)
(1.33164 0.341212 1.38329e-19)
(1.3733 0.362174 7.03622e-20)
(1.3404 0.368743 9.59954e-20)
(1.28019 0.3673 0)
(1.21945 0.36323 8.56719e-20)
(1.15902 0.355987 1.61382e-19)
(1.09895 0.343985 1.40299e-19)
(1.04062 0.325842 2.55758e-19)
(0.993703 0.304047 0)
(0.964886 0.284196 -3.17492e-19)
(0.949981 0.267705 -1.90809e-19)
(0.922534 0.248709 -1.1266e-19)
(0.80831 0.209912 6.86021e-19)
(0.57181 0.143103 8.1137e-20)
(0.304679 0.0748796 3.79644e-19)
(0.103914 0.0253353 -1.7969e-18)
(-0.00162007 -0.000505008 1.05933e-18)
(-0.0131199 -0.0032588 -1.25661e-18)
(0.2517 0.0769589 -4.30153e-20)
(1.14064 0.339383 1.42922e-20)
(1.33668 0.406035 -1.55063e-20)
(1.37638 0.428182 -7.31401e-20)
(1.34038 0.431157 -8.21484e-20)
(1.27775 0.425358 3.59077e-21)
(1.21418 0.416914 -9.27559e-20)
(1.1505 0.405313 1.67112e-19)
(1.08686 0.388898 -3.01855e-19)
(1.02479 0.366243 0)
(0.974618 0.340406 -1.44044e-19)
(0.943408 0.317494 -3.20824e-21)
(0.926208 0.298508 -2.08679e-19)
(0.895397 0.276365 0)
(0.781512 0.232601 -1.48595e-19)
(0.555063 0.159363 -3.50943e-19)
(0.301589 0.0851248 9.30216e-19)
(0.107187 0.0293812 -9.1722e-19)
(0.000808898 -0.000487172 1.29858e-18)
(-0.0130686 -0.00390155 -1.32895e-18)
(0.245436 0.0870275 -8.17225e-22)
(1.13671 0.393161 -6.64862e-21)
(1.33616 0.468857 -4.55711e-20)
(1.37429 0.492477 3.00813e-20)
(1.33603 0.492257 -4.15128e-20)
(1.27157 0.482388 0)
(1.20571 0.469824 -8.68782e-20)
(1.1393 0.454072 -1.75155e-19)
(1.07259 0.433405 -1.57076e-19)
(1.00718 0.406346 0)
(0.953973 0.376516 -1.49691e-19)
(0.920445 0.350575 -1.84848e-19)
(0.901065 0.329157 2.26392e-19)
(0.867885 0.304104 -1.37052e-19)
(0.756941 0.255709 -6.49733e-19)
(0.542197 0.177137 3.83798e-19)
(0.302252 0.0969181 1.13162e-19)
(0.114035 0.035119 0)
(0.00648819 0.000981961 -1.2568e-18)
(-0.0119578 -0.00414493 -4.54205e-20)
(0.240421 0.0965707 8.63834e-23)
(1.12926 0.444074 1.68931e-21)
(1.33157 0.529218 2.17409e-20)
(1.3683 0.55436 1.06542e-19)
(1.3283 0.551381 -1.54554e-19)
(1.26243 0.53781 1.78132e-19)
(1.19472 0.521428 1.87127e-19)
(1.126 0.501788 -2.79958e-19)
(1.05656 0.477104 9.64615e-20)
(0.988103 0.445822 -6.29058e-19)
(0.93208 0.412124 -1.69023e-19)
(0.896346 0.383225 0)
(0.874914 0.359439 2.45683e-19)
(0.839973 0.331521 2.94089e-19)
(0.732911 0.278977 3.50718e-19)
(0.53004 0.195705 -4.17763e-19)
(0.303624 0.109672 -1.23158e-19)
(0.121568 0.0422893 1.4479e-19)
(0.0135132 0.00365651 0)
(-0.0102259 -0.0040281 -9.87278e-20)
(0.236567 0.105741 -4.45084e-20)
(1.11993 0.492227 1.52512e-20)
(1.32418 0.586949 -1.99865e-20)
(1.35942 0.613503 6.54712e-20)
(1.318 0.608134 -7.0422e-20)
(1.25106 0.591226 -8.14003e-21)
(1.18183 0.571379 -2.04379e-19)
(1.11111 0.548163 -1.01258e-19)
(1.03923 0.519726 -2.72899e-19)
(0.96796 0.484447 6.3749e-22)
(0.909297 0.44703 -5.30128e-19)
(0.871493 0.415242 4.45743e-19)
(0.848189 0.389122 -2.70062e-19)
(0.811838 0.358468 3.24198e-19)
(0.708447 0.301921 0)
(0.516687 0.214404 -2.27498e-19)
(0.302897 0.12278 3.71262e-22)
(0.128003 0.0502563 -6.32608e-19)
(0.0205089 0.00713279 -9.24227e-20)
(-0.00820135 -0.00361661 0)
(0.233762 0.114683 0)
(1.10966 0.537849 2.30526e-20)
(1.31487 0.642347 -2.00269e-20)
(1.34846 0.669764 -6.05825e-20)
(1.30581 0.662306 -8.84828e-20)
(1.23803 0.642414 0)
(1.16755 0.619451 -9.35325e-20)
(1.09509 0.592989 -2.0964e-21)
(1.021 0.561106 5.85032e-19)
(0.947098 0.522079 -8.65729e-20)
(0.885914 0.481074 -3.82707e-19)
(0.846154 0.446455 2.32027e-19)
(0.821122 0.41803 -4.45781e-21)
(0.783428 0.384559 3.45184e-19)
(0.682751 0.324201 2.11863e-19)
(0.501545 0.232363 -4.9172e-19)
(0.299122 0.135587 5.80578e-19)
(0.131767 0.0582212 1.7168e-19)
(0.0261348 0.0108405 7.04219e-19)
(-0.00628288 -0.00305158 -1.85246e-18)
(0.231924 0.123563 -2.51623e-20)
(1.09914 0.581126 2.78613e-20)
(1.30432 0.694776 -1.34217e-20)
(1.33604 0.723116 4.86853e-20)
(1.2923 0.713797 0)
(1.22387 0.691244 -8.33085e-20)
(1.15234 0.665513 3.13871e-19)
(1.07835 0.636141 2.22529e-19)
(1.00222 0.601128 0)
(0.925789 0.558622 -1.24581e-18)
(0.86215 0.514156 1.03545e-18)
(0.820534 0.476765 0)
(0.793897 0.446013 3.15755e-19)
(0.754883 0.409595 -4.45513e-21)
(0.656372 0.345097 -6.7895e-19)
(0.484319 0.248765 2.64753e-19)
(0.292277 0.14726 0)
(0.132186 0.0653656 9.25727e-19)
(0.0296325 0.0141039 0)
(-0.00474698 -0.00249759 -8.77188e-19)
(0.230902 0.132427 3.32015e-20)
(1.08881 0.62226 4.51069e-20)
(1.29297 0.744337 -1.07952e-20)
(1.32261 0.773569 0)
(1.27793 0.762584 -7.68283e-20)
(1.20898 0.737676 0)
(1.13657 0.709494 -3.11007e-19)
(1.06121 0.677542 -1.03954e-19)
(0.983167 0.639731 1.03565e-19)
(0.904294 0.59403 -6.1622e-19)
(0.838207 0.54626 1.07046e-19)
(0.794767 0.50611 0)
(0.766625 0.472903 -6.74608e-19)
(0.726259 0.433269 4.34542e-21)
(0.629202 0.364195 0)
(0.464899 0.263131 2.48663e-21)
(0.282344 0.156943 8.49514e-19)
(0.129375 0.07085 -7.98996e-19)
(0.0306868 0.016401 2.34671e-19)
(-0.00377084 -0.00211179 0)
(0.230381 0.141183 0)
(1.07898 0.661313 6.00635e-20)
(1.28107 0.791195 2.97525e-20)
(1.30861 0.821173 -4.97968e-21)
(1.26307 0.808693 -2.67673e-20)
(1.19372 0.781708 -1.88056e-19)
(1.12056 0.751378 1.1643e-19)
(1.04396 0.717161 -1.22248e-19)
(0.964119 0.676879 4.61558e-19)
(0.882824 0.628292 -9.8567e-19)
(0.81424 0.577396 -8.01894e-21)
(0.768953 0.534453 -2.95887e-19)
(0.739315 0.498551 1.09443e-18)
(0.697512 0.455326 -5.15668e-21)
(0.601417 0.381176 -5.26919e-19)
(0.44366 0.274989 -9.35173e-19)
(0.269681 0.164391 0)
(0.123889 0.0743902 0)
(0.0298258 0.0175201 2.53212e-19)
(-0.00327527 -0.00195482 -1.46387e-19)
(0.230523 0.149969 5.31268e-20)
(1.06971 0.698187 -1.42677e-19)
(1.2689 0.835448 -3.21287e-20)
(1.29435 0.865997 0)
(1.24801 0.852181 -3.00774e-21)
(1.17835 0.82337 -1.74249e-19)
(1.10457 0.791171 2.8263e-19)
(1.02684 0.754993 4.83035e-19)
(0.945289 0.712568 6.00657e-19)
(0.861578 0.661422 -8.05861e-19)
(0.790395 0.6076 -8.90307e-19)
(0.743139 0.561793 7.91336e-19)
(0.711959 0.522901 0)
(0.668609 0.475539 -2.39908e-19)
(0.572996 0.395745 -5.69248e-19)
(0.420579 0.28408 -6.72004e-19)
(0.254685 0.169096 -7.91402e-19)
(0.116009 0.0758217 2.32999e-19)
(0.0274081 0.0175289 -1.36094e-19)
(-0.00316736 -0.00200688 5.69186e-22)
(0.230801 0.158669 0)
(1.06113 0.73333 0)
(1.2567 0.877193 4.91125e-21)
(1.28005 0.908171 0)
(1.23297 0.893139 6.37751e-20)
(1.16309 0.862721 1.20065e-19)
(1.08879 0.828904 0)
(1.01005 0.791048 5.76858e-20)
(0.926865 0.746801 1.00363e-18)
(0.840737 0.693446 -1.85237e-18)
(0.766802 0.636932 0)
(0.717364 0.588185 -5.09406e-19)
(0.684477 0.545957 -6.06755e-21)
(0.639411 0.49376 -4.69326e-21)
(0.543982 0.407628 6.08917e-19)
(0.39615 0.290124 -2.33065e-22)
(0.237895 0.170976 -1.70436e-18)
(0.106291 0.075152 5.01083e-19)
(0.0237837 0.0165152 1.47327e-19)
(-0.00329276 -0.00219367 0)
(0.231206 0.167229 -2.2811e-19)
(1.05301 0.766827 -1.06199e-19)
(1.24457 0.916515 -1.2116e-19)
(1.26587 0.947817 6.04795e-20)
(1.21815 0.931643 8.31526e-20)
(1.14812 0.899827 0)
(1.07339 0.864621 1.72471e-19)
(0.99373 0.825352 -1.28305e-19)
(0.909 0.779596 7.76871e-21)
(0.820463 0.724402 1.36312e-19)
(0.743583 0.665465 1.1532e-18)
(0.691656 0.613762 -1.7875e-19)
(0.656767 0.567799 -6.73998e-19)
(0.609773 0.50984 -2.7908e-19)
(0.51441 0.416492 3.30124e-19)
(0.37099 0.292878 1.2965e-22)
(0.21982 0.169924 4.58569e-19)
(0.0955124 0.0724919 -1.0772e-18)
(0.0195979 0.0146743 1.2674e-18)
(-0.00355534 -0.00247395 1.82059e-19)
(0.2315 0.175541 8.90385e-20)
(1.04533 0.798764 -6.14682e-20)
(1.23264 0.953514 1.22167e-20)
(1.25194 0.985066 5.53146e-20)
(1.20367 0.967806 -4.4006e-21)
(1.13355 0.934761 -2.11313e-19)
(1.05849 0.898375 5.06469e-20)
(0.97801 0.857929 -5.3537e-19)
(0.891825 0.810956 -1.10773e-18)
(0.800889 0.7543 -1.10457e-18)
(0.720876 0.693282 0)
(0.666059 0.638704 -7.8426e-19)
(0.628719 0.588561 9.70859e-19)
(0.57942 0.523654 0)
(0.484182 0.421959 -7.06747e-19)
(0.345647 0.291938 4.19404e-19)
(0.201769 0.165805 -4.92592e-19)
(0.0849374 0.068175 -5.78971e-19)
(0.0155476 0.0123882 -1.01984e-18)
(-0.00384121 -0.00279738 -7.83337e-19)
(0.232147 0.18372 -1.02599e-19)
(1.03795 0.829132 6.57283e-20)
(1.22096 0.988262 1.45432e-19)
(1.23835 1.01999 9.11415e-20)
(1.18963 1.00172 1.75922e-20)
(1.11949 0.967612 -1.15772e-19)
(1.04417 0.930218 1.68579e-19)
(0.962978 0.88882 -5.51018e-19)
(0.875427 0.840905 -6.56464e-19)
(0.782136 0.783159 1.15705e-18)
(0.698808 0.720463 2.53241e-18)
(0.640646 0.663206 0)
(0.600225 0.608432 0)
(0.547993 0.535221 -3.20815e-19)
(0.452956 0.423649 0)
(0.320302 0.286473 9.00508e-19)
(0.185049 0.157826 1.05785e-18)
(0.0765422 0.0621516 0)
(0.0128383 0.0100007 0)
(-0.00406572 -0.00308943 8.40639e-19)
(0.232462 0.191467 1.19295e-19)
(1.03089 0.857922 9.76916e-20)
(1.2096 1.02088 1.06746e-19)
(1.22517 1.05271 -9.98329e-20)
(1.1761 1.0335 4.59973e-21)
(1.10599 0.998457 1.20613e-19)
(1.03051 0.960212 -2.31923e-19)
(0.948698 0.918054 -9.39007e-22)
(0.859887 0.869451 -1.00679e-20)
(0.764299 0.810979 -9.32231e-21)
(0.677524 0.747074 1.3038e-18)
(0.615528 0.687431 0)
(0.571245 0.62766 9.81994e-19)
(0.515105 0.544763 6.84472e-19)
(0.419995 0.421406 1.64493e-18)
(0.294462 0.275241 4.84569e-19)
(0.171048 0.143384 -5.68561e-19)
(0.0744906 0.0514849 -3.32889e-19)
(0.0172668 0.00631062 0)
(-0.00232844 -0.00269672 9.02583e-19)
(0.233081 0.19923 -2.73114e-19)
(1.02411 0.885224 0)
(1.19854 1.05142 1.31778e-19)
(1.21243 1.0833 -8.91283e-20)
(1.16312 1.06324 1.69952e-20)
(1.0931 1.02738 -1.31193e-19)
(1.01755 0.988413 4.52783e-19)
(0.935208 0.945668 -4.44583e-20)
(0.845249 0.896605 0)
(0.747457 0.837736 -1.27698e-18)
(0.657165 0.773144 -2.83488e-18)
(0.590856 0.711518 1.15714e-19)
(0.54185 0.646534 1.35454e-18)
(0.480488 0.552754 0)
(0.384168 0.415704 1.10895e-18)
(0.265864 0.257291 0)
(0.157861 0.116831 0)
(0.0836582 0.022098 -3.59419e-19)
(0.0503303 -0.00910522 0)
(0.0270992 0.0104923 2.41558e-19)
(0.233344 0.206398 -3.0963e-19)
(1.01758 0.911383 0)
(1.18779 1.08009 2.24158e-19)
(1.20009 1.112 0)
(1.15067 1.0912 -1.77963e-20)
(1.08076 1.05468 0)
(1.00522 1.01513 2.26336e-20)
(0.922413 0.971998 7.57319e-20)
(0.831391 0.922728 8.20586e-20)
(0.731441 0.863814 -1.39909e-18)
(0.637546 0.799116 8.5106e-20)
(0.566387 0.736089 9.29413e-19)
(0.511632 0.665855 1.31968e-18)
(0.443255 0.559855 1.77624e-19)
(0.343591 0.408071 8.68238e-19)
(0.229641 0.233554 0)
(0.133548 0.0741516 1.19559e-18)
(0.0728405 -0.0219281 -6.91992e-19)
(0.0410467 0.0454337 7.99342e-19)
(-0.0595655 0.435821 -9.48428e-19)
(0.233585 0.213372 2.59051e-19)
(1.01101 0.936167 4.00723e-19)
(1.17727 1.10721 0)
(1.188 1.13926 9.72045e-21)
(1.13854 1.11797 6.69499e-20)
(1.06869 1.08102 1.58778e-19)
(0.993209 1.04117 1.57924e-19)
(0.909898 0.99798 0)
(0.817776 0.948906 5.46178e-19)
(0.715579 0.890517 -7.33173e-20)
(0.617754 0.82648 0)
(0.540865 0.762832 0)
(0.478643 0.687113 1.18392e-18)
(0.401039 0.566624 -5.49135e-19)
(0.295126 0.400519 -8.80415e-19)
(0.181061 0.20757 0)
(0.0774733 0.0821249 5.96661e-19)
(0.00582234 0.440642 -6.83316e-19)
(0.0314614 1.89531 -3.76483e-19)
(0.0622588 2.81112 -4.95976e-19)
(0.233603 0.219593 -1.96577e-19)
(1.00453 0.959743 -5.18606e-19)
(1.16698 1.13275 1.36072e-19)
(1.17618 1.16495 1.01081e-19)
(1.12677 1.14332 0)
(1.05699 1.10613 8.84736e-20)
(0.981717 1.06621 2.16788e-19)
(0.897855 1.02318 -3.68507e-20)
(0.804678 0.974624 8.14689e-20)
(0.700251 0.91724 1.3363e-18)
(0.598384 0.854575 1.43488e-18)
(0.515227 0.791383 1.04454e-18)
(0.443695 0.710338 1.19206e-18)
(0.355354 0.572012 -1.29142e-18)
(0.244653 0.397017 -1.3302e-18)
(0.121408 0.250634 0)
(0.04354 0.832387 0)
(0.0981882 2.55421 3.2909e-19)
(0.101065 3.2026 0)
(0.103727 3.38832 7.25719e-19)
(0.23665 0.225374 0)
(0.998717 0.982386 0)
(1.15665 1.15658 0)
(1.16439 1.18892 3.26275e-20)
(1.11499 1.16699 6.55176e-20)
(1.04544 1.12987 3.86177e-20)
(0.970643 1.09015 1.39654e-19)
(0.88623 1.04749 -3.60526e-20)
(0.792046 0.999731 6.84346e-19)
(0.685472 0.943835 -1.78609e-20)
(0.579565 0.883269 2.83918e-18)
(0.489795 0.821606 -1.20484e-19)
(0.406873 0.736422 1.4458e-19)
(0.308637 0.57395 1.87083e-19)
(0.183658 0.40982 -7.36954e-21)
(0.0993287 0.96406 3.55979e-21)
(0.138427 2.72623 -1.7419e-18)
(0.145728 3.29364 -6.45751e-19)
(0.135057 3.42573 3.26732e-19)
(0.12288 3.44764 -3.59682e-19)
(0.156588 0.177546 1.141e-19)
(0.988367 1.007 0)
(1.14599 1.17884 -2.7502e-19)
(1.15308 1.2116 -2.84858e-19)
(1.10395 1.18969 1.90431e-19)
(1.03487 1.15285 -3.0054e-20)
(0.959887 1.11303 -1.44011e-19)
(0.875104 1.07102 4.03845e-19)
(0.780021 1.02437 -5.59585e-19)
(0.671513 0.970466 0)
(0.561676 0.912743 1.39345e-18)
(0.465098 0.85327 -8.53946e-19)
(0.36945 0.768085 0)
(0.254271 0.574043 1.68995e-19)
(0.143095 0.745458 4.11058e-19)
(0.153945 2.50128 -4.79783e-19)
(0.209234 3.32291 5.30455e-19)
(0.190088 3.43787 2.87869e-19)
(0.157896 3.45944 3.17146e-19)
(0.136641 3.46973 5.1231e-19)
(0.276675 0.263583 -2.00183e-19)
(0.972247 1.01671 0)
(1.12795 1.20444 3.10216e-19)
(1.13841 1.24211 3.24043e-19)
(1.08674 1.22285 -2.31067e-19)
(1.01695 1.18642 -1.7022e-20)
(0.94096 1.14819 1.39234e-19)
(0.855684 1.10744 3.16227e-20)
(0.759312 1.06301 5.38132e-19)
(0.648103 1.01312 1.15995e-18)
(0.533052 0.961948 7.90931e-20)
(0.425945 0.907705 7.61613e-19)
(0.301245 0.807278 1.35091e-19)
(0.213143 0.923733 -1.71319e-19)
(0.227624 2.35254 -3.83312e-19)
(0.287376 3.32557 3.62069e-19)
(0.270961 3.46607 -4.09044e-19)
(0.235575 3.48815 -2.37458e-19)
(0.19911 3.51563 -1.95682e-19)
(0.148459 3.50952 -1.87065e-20)
(0.265823 0.261151 0)
(0.970101 1.03971 9.4426e-20)
(1.11965 1.22802 -6.58198e-20)
(1.12788 1.26586 -4.0605e-20)
(1.07597 1.24607 -1.70173e-19)
(1.00612 1.20984 2.75585e-20)
(0.929835 1.1718 -7.38834e-20)
(0.844362 1.13186 2.85555e-20)
(0.747463 1.08892 -5.63129e-19)
(0.63496 1.04192 -2.71473e-20)
(0.517074 0.995654 -2.53833e-18)
(0.404784 0.945498 1.08784e-19)
(0.283619 0.873059 -1.27169e-19)
(0.253697 1.48466 -1.59797e-19)
(0.327477 3.10314 3.49433e-20)
(0.346957 3.46417 8.68141e-22)
(0.306238 3.5195 6.09444e-19)
(0.269328 3.54629 2.99734e-19)
(0.220935 3.56947 -7.8148e-20)
(0.163569 3.5654 -9.12481e-20)
(0.250201 0.259268 2.41681e-19)
(0.966489 1.06528 6.52671e-19)
(1.11092 1.25364 -1.89906e-19)
(1.11672 1.29096 -1.53522e-19)
(1.06458 1.27067 0)
(0.994862 1.23447 1.01991e-19)
(0.918572 1.19668 -7.76519e-20)
(0.833172 1.15753 2.52573e-20)
(0.736066 1.11617 -6.27215e-20)
(0.622805 1.07232 -1.05825e-18)
(0.502953 1.03136 -1.17547e-18)
(0.38717 0.985014 -8.89223e-19)
(0.28647 1.00277 -9.73956e-19)
(0.323285 2.20908 9.96239e-19)
(0.41396 3.37573 8.21802e-19)
(0.39113 3.52153 0)
(0.344983 3.56608 0)
(0.306886 3.60615 -6.41551e-20)
(0.256912 3.66464 0)
(0.175933 3.641 -6.95914e-20)
(0.239803 0.261199 -3.68162e-19)
(0.960778 1.09175 -5.62536e-19)
(1.10076 1.28048 0)
(1.10421 1.31678 1.1551e-20)
(1.05193 1.29587 -2.04099e-19)
(0.982502 1.25961 1.96118e-19)
(0.906531 1.22211 -3.26396e-20)
(0.821415 1.18366 1.52628e-20)
(0.724346 1.14382 -4.03961e-19)
(0.610751 1.10313 5.33599e-20)
(0.489867 1.06757 0)
(0.369446 1.02658 0)
(0.308575 1.26033 -8.94408e-19)
(0.406641 2.88875 3.57126e-19)
(0.485363 3.48274 4.59296e-19)
(0.436419 3.55486 0)
(0.39623 3.61782 -3.9324e-20)
(0.359923 3.67431 -6.59442e-20)
(0.313224 3.65724 -1.90015e-19)
(0.202131 3.64374 1.3034e-20)
(0.232123 0.264968 2.37983e-19)
(0.95324 1.11902 0)
(1.08907 1.30856 -3.94024e-19)
(1.09049 1.3437 -8.70479e-20)
(1.03821 1.32195 8.18814e-20)
(0.96929 1.28551 0)
(0.893866 1.2482 9.0697e-22)
(0.80926 1.21037 -3.73784e-20)
(0.712539 1.17203 -5.095e-20)
(0.5991 1.13451 9.692e-19)
(0.478142 1.10422 -6.04849e-20)
(0.363515 1.08119 -6.59553e-19)
(0.356872 1.64717 -9.04957e-19)
(0.489611 3.26218 -1.04546e-19)
(0.539608 3.53406 -3.48312e-19)
(0.491718 3.58506 0)
(0.463333 3.65713 1.21127e-19)
(0.425277 3.61813 -1.2756e-19)
(0.336977 3.35052 3.31647e-19)
(0.244321 3.24776 -1.38082e-19)
(0.227147 0.270515 4.67873e-19)
(0.944051 1.14694 0)
(1.07595 1.3378 -2.54379e-19)
(1.07574 1.37181 2.37037e-19)
(1.02369 1.34901 -1.80828e-19)
(0.955511 1.31216 -1.70384e-19)
(0.880856 1.27483 2.26031e-21)
(0.797029 1.23747 -1.22032e-20)
(0.701022 1.20047 0)
(0.588309 1.16597 7.9741e-19)
(0.468109 1.14059 1.8527e-18)
(0.364802 1.15765 -7.64849e-20)
(0.420928 2.10488 -8.55632e-19)
(0.564626 3.4267 0)
(0.580786 3.56305 -2.47962e-19)
(0.543454 3.62378 0)
(0.519222 3.62502 0)
(0.49131 3.36906 -1.19077e-19)
(0.353809 2.21896 0)
(-0.173017 0.0377746 1.14499e-19)
(0.223214 0.276901 -2.32309e-19)
(0.933393 1.1759 -1.81869e-19)
(1.06133 1.36847 -2.60801e-19)
(1.05969 1.40145 3.29768e-19)
(1.00804 1.37753 1.98526e-19)
(0.940824 1.3402 1.41932e-19)
(0.867148 1.3028 -3.36238e-20)
(0.784354 1.26588 3.39011e-20)
(0.689418 1.23029 9.21893e-21)
(0.577991 1.19902 -7.26948e-20)
(0.459731 1.17898 -8.02164e-19)
(0.37923 1.28056 0)
(0.498512 2.61666 -5.65645e-19)
(0.630948 3.50325 -2.13275e-19)
(0.615739 3.58457 -2.44342e-19)
(0.595941 3.61338 3.98284e-21)
(0.545251 3.4698 -1.50521e-19)
(0.393703 2.4769 -1.12328e-19)
(0.0131351 0.225215 0)
(-0.0782542 -0.127185 3.39666e-19)
(0.219829 0.28413 2.28089e-19)
(0.921011 1.20584 -1.83459e-19)
(1.04505 1.40055 -2.52421e-19)
(1.04215 1.43265 -4.35596e-19)
(0.99107 1.40763 2.06218e-19)
(0.925035 1.36982 -1.32004e-19)
(0.852596 1.33237 5.20169e-20)
(0.771131 1.29595 8.05643e-20)
(0.677667 1.26188 2.53968e-19)
(0.568154 1.23407 -5.70946e-19)
(0.453522 1.22096 -1.34183e-18)
(0.410033 1.47078 0)
(0.581368 3.04426 0)
(0.687008 3.54429 4.29336e-20)
(0.652497 3.59369 0)
(0.62608 3.5516 1.41435e-19)
(0.49501 2.95177 2.71451e-19)
(0.107087 0.617369 0)
(-0.0924315 -0.150677 0)
(-0.0537895 -0.0808501 2.75454e-19)
(0.215843 0.291078 -2.24943e-19)
(0.906754 1.23683 1.72366e-19)
(1.02696 1.43402 -6.43682e-21)
(1.02298 1.46537 -3.36559e-19)
(0.97265 1.43924 0)
(0.908056 1.40094 -2.74002e-19)
(0.837141 1.36345 0)
(0.757348 1.3276 2.82634e-20)
(0.665816 1.29513 3.11514e-19)
(0.558926 1.27095 4.26284e-19)
(0.45058 1.26945 0)
(0.457492 1.7242 4.58846e-19)
(0.657764 3.3058 -3.93402e-19)
(0.730233 3.56861 5.3174e-20)
(0.689566 3.58208 -4.4978e-20)
(0.618945 3.32903 7.68056e-20)
(0.317931 1.77086 -1.33103e-19)
(-0.0723965 -0.0544089 -1.76843e-19)
(-0.101309 -0.163782 -3.08743e-19)
(-0.0369215 -0.0540737 -2.41802e-19)
(0.211071 0.297947 6.60893e-19)
(0.890181 1.26873 3.5357e-19)
(1.00684 1.4688 5.08338e-19)
(1.00201 1.49954 -6.97404e-19)
(0.952672 1.47229 4.3125e-19)
(0.889807 1.43348 0)
(0.82074 1.39596 9.182e-20)
(0.743014 1.36072 -2.82002e-21)
(0.653915 1.32988 -6.79137e-21)
(0.550456 1.30944 -4.72831e-20)
(0.452412 1.32921 -4.64867e-19)
(0.518876 2.03804 6.82908e-20)
(0.726723 3.44833 1.45567e-19)
(0.764189 3.57927 2.29442e-20)
(0.716833 3.5133 5.34139e-20)
(0.539137 2.78305 -8.35111e-21)
(0.0802199 0.294128 2.65316e-19)
(-0.0919618 -0.168556 -3.13475e-19)
(-0.0866609 -0.148601 9.48398e-20)
(-0.0272008 -0.0413005 5.39012e-20)
(0.204725 0.303789 0)
(0.87067 1.30143 0)
(0.984464 1.50474 7.28312e-21)
(0.979071 1.53505 0)
(0.931012 1.50666 3.45406e-19)
(0.870209 1.46731 1.89204e-19)
(0.803363 1.42976 0)
(0.728137 1.39516 1.12996e-20)
(0.642036 1.36594 -1.06981e-19)
(0.542913 1.34943 4.6358e-19)
(0.460794 1.40567 0)
(0.591982 2.40254 1.62591e-19)
(0.785797 3.52138 1.69168e-20)
(0.795533 3.57363 -2.1798e-20)
(0.714749 3.32896 8.62474e-20)
(0.357171 1.78644 -3.69514e-21)
(-0.0996472 -0.0755664 -4.93076e-19)
(-0.101747 -0.173543 1.42519e-19)
(-0.0742727 -0.123809 3.87308e-19)
(-0.0198579 -0.0308736 0)
(0.197027 0.308324 -2.08808e-19)
(0.847904 1.3339 6.73135e-19)
(0.959498 1.54146 2.54902e-19)
(0.953952 1.57168 0)
(0.907543 1.54216 -4.37054e-21)
(0.84917 1.50226 -3.37894e-19)
(0.784956 1.46466 1.78504e-19)
(0.712736 1.43072 1.13153e-19)
(0.630231 1.40307 -8.45184e-22)
(0.536493 1.39077 1.50228e-19)
(0.477104 1.50528 2.20664e-19)
(0.670623 2.77231 -1.37e-19)
(0.83388 3.55096 0)
(0.817013 3.5386 -2.68552e-20)
(0.661426 2.97698 -2.6939e-19)
(0.120654 0.441785 -1.89864e-19)
(-0.0943631 -0.173683 -2.27871e-19)
(-0.0951595 -0.178748 6.74514e-20)
(-0.0642078 -0.113283 -3.93489e-20)
(-0.0163021 -0.0268092 3.67331e-22)
(0.187469 0.310956 0)
(0.821502 1.36539 -3.36616e-19)
(0.931558 1.57868 -2.56892e-19)
(0.926418 1.60909 9.96374e-21)
(0.88212 1.57852 -1.26856e-19)
(0.826598 1.53803 -2.68551e-19)
(0.765485 1.50038 7.16103e-20)
(0.696809 1.4671 -2.94084e-20)
(0.618519 1.44098 3.92301e-20)
(0.531351 1.43325 9.90973e-20)
(0.501829 1.63188 4.3769e-20)
(0.747621 3.07965 9.93977e-21)
(0.870119 3.55796 4.60788e-20)
(0.822685 3.44818 -7.81109e-21)
(0.544477 2.38509 -1.41448e-19)
(0.00911784 -0.017638 -2.65077e-19)
(-0.0928485 -0.202655 0)
(-0.0840072 -0.171305 0)
(-0.0506867 -0.0986492 6.55689e-19)
(-0.0118675 -0.0210754 -4.20697e-20)
(0.175809 0.311016 -2.01727e-19)
(0.790842 1.39501 -3.28825e-19)
(0.90021 1.61547 2.49446e-19)
(0.89625 1.64684 0)
(0.854583 1.61536 -2.24427e-19)
(0.802402 1.57427 0)
(0.7449 1.53657 -2.78269e-19)
(0.680353 1.50392 -5.10512e-20)
(0.606889 1.47934 2.14506e-20)
(0.52754 1.4769 -2.2321e-20)
(0.535299 1.78136 -4.09148e-21)
(0.812146 3.28536 0)
(0.898289 3.55612 -6.92061e-20)
(0.804624 3.28468 3.44907e-21)
(0.356459 1.51971 0)
(-0.142024 -0.104886 -4.58361e-21)
(-0.130079 -0.210336 2.45721e-19)
(-0.088611 -0.167132 -2.28629e-19)
(-0.046397 -0.0884176 6.78456e-20)
(-0.00970252 -0.0177054 0)
(0.161185 0.308021 2.00552e-19)
(0.755143 1.42116 -3.15829e-19)
(0.865136 1.65114 2.43307e-19)
(0.863166 1.68428 3.35276e-19)
(0.82481 1.65213 0)
(0.776501 1.6105 -1.64203e-19)
(0.723155 1.57277 2.72198e-19)
(0.663335 1.5407 9.03589e-20)
(0.59532 1.51763 0)
(0.524779 1.52224 -1.16141e-19)
(0.574354 1.94691 2.33669e-20)
(0.864077 3.40613 0)
(0.918815 3.54296 1.19734e-19)
(0.759279 3.04196 -2.89583e-21)
(0.186979 0.593483 -1.93775e-19)
(-0.0919946 -0.165099 7.85397e-20)
(-0.113536 -0.239323 1.85254e-19)
(-0.0764309 -0.173785 2.70068e-19)
(-0.035155 -0.0790619 0)
(-0.0072519 -0.0146272 -5.45334e-19)
(0.144577 0.299955 0)
(0.713893 1.44119 -6.01195e-19)
(0.825738 1.68447 -4.62098e-19)
(0.827015 1.72042 -3.36061e-19)
(0.792704 1.68818 -2.36123e-19)
(0.748858 1.64608 0)
(0.700223 1.60841 -1.07371e-19)
(0.64571 1.5769 -1.02577e-20)
(0.583746 1.55513 2.09223e-19)
(0.522621 1.56914 -1.90044e-20)
(0.615381 2.11698 -5.18628e-20)
(0.904258 3.47085 3.68152e-20)
(0.932799 3.51146 -3.11213e-21)
(0.691015 2.72491 1.08717e-19)
(0.0207966 0.183413 2.12384e-19)
(-0.131535 -0.231188 -1.60627e-19)
(-0.11349 -0.279612 1.75365e-19)
(-0.0568668 -0.181005 5.05693e-20)
(-0.0132308 -0.0594876 -3.0086e-20)
(-0.00180425 -0.00625198 -5.42656e-19)
(0.125632 0.286068 9.42056e-19)
(0.666363 1.45259 -5.95061e-19)
(0.78159 1.71347 2.53001e-19)
(0.787638 1.75418 3.2599e-19)
(0.758272 1.72266 0)
(0.719493 1.68029 3.69149e-21)
(0.676114 1.64283 -1.94227e-19)
(0.627414 1.61195 -6.22637e-20)
(0.572058 1.59118 -1.29329e-19)
(0.520956 1.61629 -8.20614e-21)
(0.654741 2.2798 -9.91869e-20)
(0.933437 3.50231 1.11329e-19)
(0.940999 3.45926 -8.67466e-20)
(0.621719 2.37804 1.30366e-19)
(0.012746 0.0260372 -1.59225e-19)
(-0.0774631 -0.390588 -8.04744e-20)
(-0.0388893 -0.354999 4.99577e-21)
(0.0147176 -0.16317 -1.95795e-19)
(0.0453295 0.0157875 -2.90428e-20)
(0.0172319 0.0316602 0)
(0.104316 0.264779 -9.08516e-20)
(0.611642 1.45113 1.39883e-19)
(0.732277 1.73552 2.20429e-19)
(0.745225 1.78406 4.80498e-19)
(0.721714 1.75458 -4.69902e-19)
(0.68852 1.71232 3.3039e-19)
(0.650928 1.67528 2.11428e-19)
(0.608421 1.64521 -2.03601e-19)
(0.560162 1.62526 3.7966e-20)
(0.519254 1.6614 -2.25532e-19)
(0.688777 2.42805 -4.86132e-20)
(0.951003 3.51497 0)
(0.942562 3.38906 6.88874e-20)
(0.56746 2.05935 0)
(0.00955581 -0.199399 1.18506e-19)
(-0.0284902 -0.468057 -1.44492e-19)
(0.00549793 -0.327078 -4.29598e-20)
(0.0432713 -0.0249944 5.10681e-20)
(0.0722782 0.168569 0)
(0.0272824 0.0731893 -3.22828e-20)
(0.0818491 0.233368 1.1842e-21)
(0.550357 1.43039 -1.33636e-19)
(0.678174 1.74731 -4.20989e-19)
(0.700273 1.80841 1.6477e-19)
(0.68354 1.78282 -1.11794e-19)
(0.656252 1.7413 0)
(0.624832 1.70498 -1.13607e-19)
(0.588866 1.67595 -1.42955e-19)
(0.547965 1.65684 -1.01353e-19)
(0.515983 1.70211 0)
(0.710914 2.53952 0)
(0.954076 3.52044 -5.24808e-20)
(0.918507 3.3173 5.12854e-20)
(0.501371 1.77287 -1.69886e-20)
(-0.0681571 -0.310978 -1.70626e-19)
(-0.105532 -0.400597 1.20216e-19)
(-0.0493276 -0.111995 4.20396e-20)
(0.00554637 0.10873 0)
(0.0294057 0.139789 -4.24171e-19)
(0.0094841 0.0297192 -1.5697e-20)
(0.0584024 0.187837 -6.29883e-19)
(0.484221 1.38177 1.25551e-19)
(0.621251 1.74387 -9.67448e-20)
(0.653447 1.82551 -3.00695e-19)
(0.644728 1.80662 -2.2155e-19)
(0.623187 1.7662 -6.29277e-21)
(0.598157 1.73111 -1.05227e-19)
(0.568963 1.70331 1.46572e-19)
(0.535504 1.6854 -2.04915e-19)
(0.509811 1.73505 0)
(0.717655 2.60154 -5.54872e-20)
(0.948296 3.53001 -5.87213e-20)
(0.863164 3.29247 -4.86454e-20)
(0.417767 1.52948 0)
(-0.150393 -0.229858 -2.70825e-20)
(-0.185285 -0.36979 -8.82506e-20)
(-0.0618619 -0.0955627 3.08508e-19)
(0.0111947 0.0750218 -3.18022e-19)
(0.0221437 0.0772588 4.57858e-19)
(0.00972063 0.030063 -4.69382e-19)
(0.0360299 0.13402 -7.21271e-20)
(0.411797 1.29357 0)
(0.56247 1.71904 6.27393e-19)
(0.606097 1.83234 2.01918e-19)
(0.606202 1.82499 1.98313e-19)
(0.590066 1.78632 0)
(0.571282 1.75291 1.05205e-19)
(0.548966 1.72636 1.51552e-19)
(0.523272 1.70985 1.07749e-19)
(0.503402 1.75862 2.18248e-19)
(0.717095 2.61193 0)
(0.9508 3.55533 -7.332e-20)
(0.838475 3.34934 -8.1875e-20)
(0.322748 1.5178 -2.74346e-20)
(-0.2969 -0.135659 2.52278e-19)
(-0.324776 -0.451399 3.01389e-20)
(-0.179674 -0.272798 1.69557e-19)
(-0.0412273 -0.00158386 -7.98873e-19)
(-0.00334965 0.0461358 2.76421e-20)
(0.0030995 0.0215611 -1.80464e-20)
(0.0178583 0.0785666 9.52633e-19)
(0.332031 1.14712 -4.20269e-19)
(0.501361 1.66261 -2.47374e-19)
(0.559043 1.82504 6.25767e-20)
(0.56821 1.8351 -9.76021e-20)
(0.55775 1.8013 2.79386e-19)
(0.54457 1.76982 -4.9275e-21)
(0.528807 1.74441 0)
(0.511619 1.72813 -2.09082e-19)
(0.501429 1.77084 0)
(0.710131 2.55602 0)
(0.995283 3.57467 -8.83723e-20)
(0.95181 3.48601 -7.7724e-20)
(0.487106 1.88375 -1.58146e-19)
(-0.164463 -0.0372048 0)
(-0.299185 -0.673754 0)
(-0.200186 -0.58509 -1.60293e-19)
(-0.0614741 -0.190232 2.79823e-20)
(-0.0122986 -0.0336432 -2.8066e-19)
(-0.0098056 -0.0381783 -1.85916e-20)
(0.0055624 0.0300962 0)
(0.239082 0.908099 4.7091e-20)
(0.436298 1.5571 0)
(0.513849 1.79869 -1.14115e-19)
(0.532151 1.83581 0)
(0.526977 1.81164 -1.34613e-19)
(0.518184 1.78161 4.88251e-20)
(0.508058 1.75694 -7.10866e-20)
(0.498926 1.73924 1.94496e-21)
(0.4996 1.76803 3.76246e-20)
(0.686412 2.38722 1.37422e-19)
(1.03015 3.51549 -3.51837e-21)
(1.10381 3.44987 -4.12776e-20)
(0.919464 2.44217 -1.31016e-19)
(0.344997 0.365766 1.01682e-19)
(0.0326522 -0.622455 -1.82871e-19)
(-0.0558305 -0.64043 -2.09185e-20)
(0.0204964 -0.256538 0)
(0.0411881 0.0244926 -2.96167e-21)
(0.000398723 -0.0274883 0)
(5.51787e-05 -0.00451931 1.85647e-19)
(0.138979 0.578983 -4.94654e-22)
(0.356758 1.35703 1.65106e-20)
(0.468097 1.7402 0)
(0.497492 1.82801 -6.00222e-20)
(0.498464 1.8204 -6.12672e-20)
(0.491543 1.78936 -2.29976e-20)
(0.485722 1.7641 -6.57702e-20)
(0.481401 1.7428 0)
(0.488709 1.74942 6.89828e-20)
(0.589027 2.14627 1.5967e-21)
(0.957725 3.38217 1.70083e-20)
(0.995767 3.40286 3.02106e-20)
(0.884584 2.79395 -4.224e-20)
(0.329134 0.876505 0)
(-0.144078 0.00715014 -4.00548e-20)
(-0.314583 -0.585442 3.69138e-21)
(-0.257345 -0.591749 2.55676e-20)
(-0.0092591 0.150333 -5.40387e-20)
(0.0283194 0.208273 7.06328e-20)
(-0.00082291 -0.0236345 9.43123e-20)
(0.0544045 0.234458 9.3296e-21)
(0.241293 0.986486 6.77164e-20)
(0.407398 1.60283 0)
(0.46159 1.80112 0)
(0.46895 1.82018 -4.12669e-20)
(0.464579 1.79492 -2.10271e-20)
(0.459327 1.76964 0)
(0.45694 1.74273 6.42059e-34)
(0.462136 1.7341 1.55799e-20)
(0.496474 1.95884 0)
(0.825662 3.20141 1.25295e-20)
(0.838722 3.43642 -2.21033e-21)
(0.76639 3.23485 9.84298e-21)
(0.476177 1.97406 -1.25849e-21)
(0.139459 0.971037 -2.50452e-21)
(-0.191829 -0.0885033 0)
(-0.358927 -1.04363 2.5791e-21)
(-0.275542 -1.2649 2.59555e-21)
(-0.0451909 -0.215061 6.89614e-20)
(4.83098e-05 -0.0488342 0)
(0.0166553 0.0283591 0)
(0.109567 0.474859 0)
(0.312742 1.31383 0)
(0.417735 1.73209 0)
(0.438523 1.81463 0)
(0.437854 1.80427 0)
(0.432454 1.77476 0)
(0.429354 1.74439 0)
(0.432153 1.7263 0)
(0.463138 1.86035 0)
(0.728097 3.02659 0)
(0.819128 3.48825 0)
(0.7922 3.47182 0)
(0.574276 2.57092 0)
(0.327882 1.53706 0)
(0.168977 0.445468 0)
(0.0208154 -0.670538 0)
(-0.0622326 -1.43555 0)
(-0.0323058 -0.9065 0)
(-0.00021117 -0.0565176 0)
(0.00531069 -0.0500783 0)
(0.0395795 0.153652 0)
(0.200319 0.902909 0)
(0.360368 1.59345 0)
(0.405692 1.79699 0)
(0.409321 1.81016 0)
(0.40396 1.77967 0)
(0.398275 1.74764 0)
(0.404878 1.71474 0)
(0.425903 1.79358 0)
(0.673482 2.76356 0)
(0.8488 3.45423 0)
(0.901665 3.51625 0)
(0.858314 3.15871 0)
(0.596409 2.0121 0)
(0.428056 0.869244 0)
(0.261494 -0.257749 0)
(0.113189 -1.11474 0)
(0.000349448 -1.01542 0)
(-0.000913308 -0.0547531 0)
(-0.000413844 -0.0776708 0)
(0.0159692 0.0151176 0)
(0.0995613 0.485255 0)
(0.288199 1.37506 0)
(0.36796 1.75744 0)
(0.376996 1.81207 0)
(0.370688 1.78731 0)
(0.36626 1.7477 0)
(0.369037 1.70594 0)
(0.384347 1.73533 0)
(0.586284 2.40716 0)
(0.859367 3.27233 0)
(0.976414 3.40584 0)
(1.0272 3.19194 0)
(0.947578 2.43113 0)
(0.733288 1.36834 0)
(0.470083 0.353342 0)
(0.22885 -0.436171 0)
(0.0314983 -0.649625 0)
(-0.000431934 -0.0501929 0)
(0.000707425 -0.0900957 0)
(0.0108486 -0.0537256 0)
(0.0473833 0.201465 0)
(0.210118 1.0934 0)
(0.32333 1.68846 0)
(0.34012 1.81132 0)
(0.336661 1.7953 0)
(0.331339 1.74935 0)
(0.325034 1.70369 0)
(0.339756 1.69234 0)
(0.424957 2.04433 0)
(0.759168 3.04554 0)
(0.899348 3.26712 0)
(0.943845 3.14191 0)
(0.911981 2.65403 0)
(0.743471 1.86335 0)
(0.496051 1.06455 0)
(0.243375 0.415619 0)
(0.030241 -0.052705 0)
(0.000193584 -0.0534876 0)
(0.000275779 -0.106188 0)
(0.00992353 -0.103442 0)
(0.0390253 0.0717406 0)
(0.140191 0.794757 0)
(0.270157 1.58776 0)
(0.299318 1.80287 0)
(0.299795 1.80236 0)
(0.290065 1.75604 0)
(0.279474 1.69848 0)
(0.288377 1.67753 0)
(0.297388 1.85538 0)
(0.591443 2.78385 0)
(0.72589 3.18697 0)
(0.723514 3.1449 0)
(0.687622 2.86546 0)
(0.553443 2.30987 0)
(0.360975 1.70706 0)
(0.167692 1.16163 0)
(0.0161609 0.442159 0)
(-0.00716594 -0.0267812 0)
(-0.0276255 -0.0913559 0)
(-0.0326312 -0.141078 0)
(-0.00368255 -0.0318736 0)
(0.0751667 0.556548 0)
(0.20688 1.46028 0)
(0.255763 1.78441 0)
(0.258412 1.80863 0)
(0.247305 1.76442 0)
(0.233232 1.70227 0)
(0.233371 1.67566 0)
(0.230033 1.77277 0)
(0.392699 2.55029 0)
(0.528472 3.14081 0)
(0.497927 3.18428 0)
(0.459624 3.06644 0)
(0.347749 2.66156 0)
(0.211779 2.18888 0)
(0.0842107 1.68587 0)
(0.00259187 0.698042 0)
(-0.0129717 0.0725053 0)
(-0.046575 -0.00933367 0)
(-0.0552028 -0.143154 0)
(-0.0403246 -0.121492 0)
(0.0124344 0.333198 0)
(0.154742 1.30676 0)
(0.217263 1.75842 0)
(0.215868 1.81568 0)
(0.202612 1.77459 0)
(0.18725 1.71017 0)
(0.184868 1.67745 0)
(0.184572 1.74363 0)
(0.233924 2.36185 0)
(0.338233 3.1148 0)
(0.305005 3.24849 0)
(0.264357 3.21102 0)
(0.182107 2.91734 0)
(0.091899 2.50554 0)
(0.0210504 1.97868 0)
(-0.00246335 0.752683 0)
(-0.00259081 0.137348 0)
(0.0218784 -0.00706903 0)
(0.0982387 -0.22165 0)
(0.158521 -0.171708 0)
(0.122741 0.201213 0)
(0.173127 1.14612 0)
(0.194912 1.73936 0)
(0.170753 1.82646 0)
(0.153611 1.78633 0)
(0.141811 1.71677 0)
(0.141371 1.68071 0)
(0.141156 1.73966 0)
(0.139074 2.27394 0)
(0.186895 3.10808 0)
(0.158533 3.31519 0)
(0.117358 3.32325 0)
(0.0591551 3.08995 0)
(0.00718775 2.68192 0)
(-0.0203595 2.0708 0)
(-0.00593785 0.709277 0)
(0.0224192 0.00263304 0)
(0.153254 -0.397201 0)
(0.274684 -0.490252 0)
(0.306502 -0.203984 0)
(0.245797 0.36056 0)
(0.162018 1.1288 0)
(0.149768 1.76134 0)
(0.111503 1.84687 0)
(0.0958642 1.79469 0)
(0.0946985 1.7157 0)
(0.101028 1.68021 0)
(0.10316 1.7454 0)
(0.0834155 2.2599 0)
(0.0867406 3.12066 0)
(0.0594522 3.37511 0)
(0.0204465 3.41099 0)
(-0.0206968 3.20017 0)
(-0.0436105 2.75093 0)
(-0.0336915 2.036 0)
(-0.00488059 0.625213 0)
(0.0508727 -0.425012 0)
(0.157609 -0.77461 0)
(0.189881 -0.591863 0)
(0.162538 -0.0891704 0)
(0.124104 0.511837 0)
(0.056051 1.19929 0)
(0.0293956 1.80386 0)
(0.0180876 1.86755 0)
(0.0258508 1.79519 0)
(0.0456353 1.709 0)
(0.0640278 1.67569 0)
(0.0742402 1.74975 0)
(0.0503447 2.28916 0)
(0.0287916 3.15087 0)
(0.00517334 3.42694 0)
(-0.0246386 3.47844 0)
(-0.0528279 3.26115 0)
(-0.0536177 2.73755 0)
(-0.0295408 1.93255 0)
(-0.00422075 0.544905 0)
(0.0377593 -0.744099 0)
(0.0616556 -0.877607 0)
(0.0386738 -0.51813 0)
(-0.000974728 -0.000503635 0)
(-0.0457272 0.597371 0)
(-0.113229 1.29617 0)
(-0.132832 1.82004 0)
(-0.0982753 1.8546 0)
(-0.051483 1.77512 0)
(-0.00647976 1.68908 0)
(0.026545 1.66041 0)
(0.0500626 1.74693 0)
(0.0344375 2.3331 0)
(0.00495924 3.18384 0)
(-0.0129663 3.46877 0)
(-0.0312173 3.52762 0)
(-0.0458828 3.28188 0)
(-0.0370417 2.69076 0)
(-0.0181522 1.85135 0)
(-0.00312865 0.482275 0)
(0.0101281 -0.816763 0)
(-0.0304461 -0.775818 0)
(-0.0890315 -0.393231 0)
(-0.154963 0.121389 0)
(-0.225112 0.718029 0)
(-0.297918 1.4101 0)
(-0.278876 1.7583 0)
(-0.199777 1.78977 0)
(-0.122907 1.72424 0)
(-0.0553103 1.65288 0)
(-0.00765912 1.63153 0)
(0.0269902 1.73113 0)
(0.0185548 2.37738 0)
(-0.00744076 3.20593 0)
(-0.0146915 3.48543 0)
(-0.0149017 3.54102 0)
(-0.0162168 3.28753 0)
(-0.010985 2.65316 0)
(-0.00686444 1.82016 0)
(-0.00164628 0.44421 0)
(-0.0229622 -0.659752 0)
(-0.109285 -0.537988 0)
(-0.208953 -0.172963 0)
(-0.306331 0.317319 0)
(-0.396444 0.892768 0)
(-0.428971 1.43075 0)
(-0.362261 1.64977 0)
(-0.262288 1.68496 0)
(-0.170311 1.65069 0)
(-0.0941268 1.60375 0)
(-0.0401758 1.59519 0)
(0.000193267 1.70592 0)
(-0.00327728 2.419 0)
(-0.0226401 3.21816 0)
(-0.017894 3.48324 0)
(-0.00895992 3.52713 0)
(-9.17423e-05 3.28153 0)
(0.00186014 2.64656 0)
(-0.00403204 1.82574 0)
(-0.00117863 0.423054 0)
(-0.0367783 -0.382461 0)
(-0.136352 -0.220865 0)
(-0.24544 0.107062 0)
(-0.352432 0.526442 0)
(-0.428114 0.987288 0)
(-0.433306 1.3556 0)
(-0.361135 1.52173 0)
(-0.273873 1.57425 0)
(-0.188375 1.57376 0)
(-0.118869 1.5524 0)
(-0.0694006 1.55774 0)
(-0.0363767 1.68244 0)
(-0.0345 2.45206 0)
(-0.0436879 3.21316 0)
(-0.0323628 3.46217 0)
(-0.0142055 3.49725 0)
(-0.000391324 3.2682 0)
(0.000962327 2.6566 0)
(-0.00630218 1.8369 0)
(-0.000633468 0.406414 0)
(-0.0325387 -0.0950837 0)
(-0.118243 0.0929751 0)
(-0.213827 0.373976 0)
(-0.302805 0.710417 0)
(-0.359953 1.05205 0)
(-0.354803 1.29569 0)
(-0.310836 1.43223 0)
(-0.246531 1.48924 0)
(-0.183077 1.50881 0)
(-0.128984 1.50958 0)
(-0.09295 1.53065 0)
(-0.078067 1.66908 0)
(-0.0683262 2.45787 0)
(-0.0616209 3.19676 0)
(-0.0467335 3.43049 0)
(-0.0258122 3.45899 0)
(-0.00984058 3.24463 0)
(-0.00718446 2.66883 0)
(-0.0108462 1.83064 0)
(-0.000753905 0.387764 0)
(-0.0203576 0.125682 0)
(-0.0801915 0.344555 0)
(-0.150156 0.589245 0)
(-0.215912 0.855021 0)
(-0.257534 1.10028 0)
(-0.259359 1.26697 0)
(-0.242603 1.38255 0)
(-0.205121 1.43596 0)
(-0.163372 1.46514 0)
(-0.125951 1.47971 0)
(-0.103351 1.51649 0)
(-0.103578 1.66996 0)
(-0.0868654 2.42214 0)
(-0.0638646 3.17339 0)
(-0.0486358 3.39996 0)
(-0.031181 3.42545 0)
(-0.0173429 3.21935 0)
(-0.0140669 2.67567 0)
(-0.0129274 1.8024 0)
(-0.000503797 0.366968 0)
(-0.00956212 0.256723 0)
(-0.0445564 0.51633 0)
(-0.0908329 0.742612 0)
(-0.136661 0.961079 0)
(-0.168696 1.14421 0)
(-0.179622 1.26812 0)
(-0.177805 1.35967 0)
(-0.160752 1.40591 0)
(-0.136349 1.43756 0)
(-0.112195 1.45991 0)
(-0.0994748 1.51288 0)
(-0.106497 1.67593 0)
(-0.0865404 2.35677 0)
(-0.0513559 3.14876 0)
(-0.0385845 3.37462 0)
(-0.028764 3.39906 0)
(-0.0196388 3.19875 0)
(-0.0192217 2.67909 0)
(-0.013734 1.75622 0)
(-0.000375951 0.348021 0)
(-0.00331205 0.318614 0)
(-0.0202776 0.61888 0)
(-0.0485171 0.844085 0)
(-0.0796141 1.03735 0)
(-0.104763 1.18483 0)
(-0.119437 1.283 0)
(-0.124601 1.35381 0)
(-0.11995 1.39219 0)
(-0.106722 1.42168 0)
(-0.0910209 1.44755 0)
(-0.0821734 1.51339 0)
(-0.0868688 1.67863 0)
(-0.0719124 2.28948 0)
(-0.0317095 3.12845 0)
(-0.0239565 3.36204 0)
(-0.022071 3.38821 0)
(-0.020785 3.19094 0)
(-0.0231049 2.68132 0)
(-0.0129689 1.69696 0)
(-0.000265601 0.332161 0)
(-0.000299896 0.339316 0)
(-0.00604543 0.67144 0)
(-0.0215139 0.907607 0)
(-0.0418146 1.09119 0)
(-0.0610214 1.22019 0)
(-0.075532 1.30212 0)
(-0.0834511 1.3571 0)
(-0.0849268 1.38797 0)
(-0.0783742 1.41302 0)
(-0.0673051 1.43824 0)
(-0.0595441 1.50977 0)
(-0.0577421 1.67683 0)
(-0.0472297 2.24027 0)
(-0.0125568 3.11249 0)
(-0.0123537 3.36401 0)
(-0.018322 3.39079 0)
(-0.0214702 3.19428 0)
(-0.0269579 2.67911 0)
(-0.0119699 1.63068 0)
(-0.000316521 0.318333 0)
(0.00089207 0.33898 0)
(0.0012571 0.691437 0)
(-0.00541872 0.944427 0)
(-0.0179337 1.12798 0)
(-0.0319497 1.24877 0)
(-0.0444377 1.32051 0)
(-0.0527398 1.36381 0)
(-0.0563844 1.38757 0)
(-0.0534078 1.40766 0)
(-0.044537 1.43034 0)
(-0.0357215 1.50274 0)
(-0.0287081 1.67128 0)
(-0.0237904 2.21443 0)
(-0.00175328 3.09952 0)
(-0.0059611 3.37688 0)
(-0.0176661 3.40617 0)
(-0.0263195 3.20808 0)
(-0.0289791 2.66573 0)
(-0.0103941 1.56426 0)
(-0.000335697 0.305295 0)
(0.00141952 0.329066 0)
(0.00476928 0.691655 0)
(0.003581 0.962702 0)
(-0.00346849 1.15196 0)
(-0.0132033 1.2706 0)
(-0.0230434 1.33647 0)
(-0.0305359 1.37164 0)
(-0.0344153 1.3892 0)
(-0.032902 1.40423 0)
(-0.0242156 1.4225 0)
(-0.0115747 1.49171 0)
(0.000143424 1.66572 0)
(-0.00540952 2.20983 0)
(0.00102678 3.09523 0)
(-0.00617139 3.39632 0)
(-0.0207663 3.42938 0)
(-0.0300463 3.22232 0)
(-0.0290391 2.63564 0)
(-0.00890068 1.50374 0)
(-0.00030969 0.29366 0)
(0.00146591 0.315896 0)
(0.00610045 0.68188 0)
(0.00809066 0.968689 0)
(0.00484327 1.16672 0)
(-0.00162276 1.2865 0)
(-0.00904359 1.34925 0)
(-0.0152674 1.37882 0)
(-0.0185144 1.39072 0)
(-0.0174677 1.40094 0)
(-0.00741698 1.41346 0)
(0.0111193 1.47692 0)
(0.0275072 1.66242 0)
(0.00997612 2.22715 0)
(0.00200094 3.09805 0)
(-0.0105079 3.42069 0)
(-0.026337 3.4542 0)
(-0.0342665 3.22931 0)
(-0.0279104 2.59171 0)
(-0.00806785 1.45018 0)
(-0.000305695 0.283373 0)
(0.00136249 0.302334 0)
(0.00614048 0.667114 0)
(0.00976753 0.966755 0)
(0.00903431 1.17504 0)
(0.00476378 1.29797 0)
(-0.000868292 1.35913 0)
(-0.00597984 1.38479 0)
(-0.00855026 1.39172 0)
(-0.00714477 1.39711 0)
(0.00330686 1.40304 0)
(0.0270004 1.45848 0)
(0.0469938 1.65786 0)
(0.0241122 2.2651 0)
(-0.00145495 3.11443 0)
(-0.0191854 3.44799 0)
(-0.0339828 3.47693 0)
(-0.0387286 3.22747 0)
(-0.0273187 2.53803 0)
(-0.00811048 1.40061 0)
(-0.000425697 0.272916 0)
(0.00118515 0.289753 0)
(0.00555489 0.650995 0)
(0.00987124 0.960307 0)
(0.0105976 1.17914 0)
(0.00768075 1.30643 0)
(0.00310815 1.36696 0)
(-0.00120742 1.38992 0)
(-0.00372667 1.39271 0)
(-0.00334314 1.39342 0)
(0.00709438 1.39119 0)
(0.0310464 1.43778 0)
(0.0533533 1.65251 0)
(0.0261399 2.32116 0)
(-0.0118462 3.14535 0)
(-0.0315165 3.47478 0)
(-0.0431154 3.49435 0)
(-0.0431228 3.21438 0)
(-0.0270081 2.47835 0)
(-0.00829847 1.35266 0)
(-0.000587646 0.260746 0)
(0.000969525 0.278672 0)
(0.00468964 0.635433 0)
(0.00896789 0.951868 0)
(0.0105669 1.18057 0)
(0.00844532 1.31305 0)
(0.00427901 1.37383 0)
(-0.000141376 1.39496 0)
(-0.00350592 1.39468 0)
(-0.00455662 1.39109 0)
(0.00150468 1.38073 0)
(0.0184175 1.41812 0)
(0.0389761 1.64804 0)
(0.00889412 2.38936 0)
(-0.0332019 3.18364 0)
(-0.047588 3.49605 0)
(-0.0524337 3.50106 0)
(-0.0462998 3.18673 0)
(-0.0257286 2.41565 0)
(-0.00785985 1.30666 0)
(-0.000701162 0.246837 0)
(0.000170878 0.0962115 0)
(0.00210184 0.446023 0)
(0.00575008 0.79033 0)
(0.0087698 1.07494 0)
(0.00877708 1.26297 0)
(0.00557075 1.35805 0)
(0.000747094 1.39631 0)
(-0.00449004 1.40248 0)
(-0.0094675 1.39616 0)
(-0.0144407 1.38574 0)
(-0.0182237 1.37673 0)
(-0.015322 1.47376 0)
(-0.0123769 1.99159 0)
(-0.0516637 2.89249 0)
(-0.0661057 3.41287 0)
(-0.0619814 3.52127 0)
(-0.0531786 3.36237 0)
(-0.0334012 2.79178 0)
(-0.0132949 1.81792 0)
(-0.000749445 0.232333 0)
(0.112622 2.65393 -5.4945e-23)
(0.115048 3.53353 0)
(0.11314 3.58117 1.31729e-19)
(0.114091 3.525 -2.62866e-19)
(0.107156 3.48068 3.0232e-19)
(0.0976095 3.45549 7.51366e-19)
(0.0895926 3.43763 -8.62496e-19)
(0.0797273 3.40363 -4.12181e-19)
(0.0520477 2.97889 -4.12786e-19)
(0.0124234 0.743577 1.79534e-21)
(0.0621229 2.35783 -1.59282e-19)
(0.0583326 3.42512 -2.171e-19)
(0.0653624 3.53143 0)
(0.068787 3.49065 6.43144e-19)
(0.0677082 3.45661 -3.61527e-19)
(0.064483 3.43791 4.26297e-19)
(0.0609543 3.42752 -1.39968e-20)
(0.0564345 3.41103 -4.72162e-19)
(0.043797 3.04737 -5.01873e-19)
(-0.00718757 0.833889 -7.85925e-21)
(0.0407538 2.25705 4.63331e-19)
(0.0312857 3.37719 4.15411e-21)
(0.034445 3.49474 -3.53255e-19)
(0.0393161 3.46207 1.19936e-20)
(0.0415002 3.43504 4.88369e-22)
(0.0424487 3.42165 0)
(0.043977 3.41646 -4.83683e-19)
(0.0461892 3.40876 -5.04193e-19)
(0.0396567 3.08419 5.21396e-19)
(-0.0104549 0.876724 5.32696e-19)
(0.0250313 2.21884 1.56149e-19)
(0.0125487 3.3508 -5.10054e-19)
(0.0134682 3.46537 -3.71067e-19)
(0.0196617 3.43717 1.33175e-20)
(0.0245239 3.41485 -2.30204e-19)
(0.0288889 3.40489 -2.29179e-19)
(0.0342962 3.40269 -2.56157e-19)
(0.0403046 3.40059 8.32406e-21)
(0.0374354 3.11466 2.61329e-19)
(-0.0120619 0.917989 6.21398e-21)
(0.0138804 2.21707 -1.83088e-19)
(-0.00282066 3.33785 1.19765e-20)
(-0.000442524 3.43974 4.28387e-19)
(0.00680178 3.41406 2.39363e-19)
(0.0138427 3.3947 0)
(0.0208029 3.38669 1.58909e-20)
(0.0287843 3.38622 8.6786e-21)
(0.037235 3.38856 -2.84582e-19)
(0.03773 3.14039 -8.93381e-21)
(-0.0129494 0.961048 2.9342e-19)
(0.00718245 2.24747 2.20318e-19)
(-0.0145701 3.33153 6.80773e-21)
(-0.00990936 3.41587 -2.44892e-19)
(-0.00167254 3.39113 -2.38511e-19)
(0.00697158 3.3735 2.40961e-19)
(0.0159864 3.3665 -2.52663e-19)
(0.0259927 3.36708 0)
(0.036572 3.37303 -5.93321e-19)
(0.0406803 3.16233 3.04027e-19)
(-0.012917 1.01242 -6.2755e-19)
(-0.000185226 2.3008 3.65499e-21)
(-0.0236478 3.32773 0)
(-0.0175076 3.39236 -2.49982e-19)
(-0.00793296 3.36706 0)
(0.00223859 3.35021 -2.87374e-19)
(0.0131664 3.34358 0)
(0.0251704 3.34476 -2.98187e-20)
(0.0379948 3.35359 -3.11755e-19)
(0.0461015 3.18059 -5.08045e-21)
(-0.0115394 1.07887 3.30673e-19)
(-0.00849922 2.37329 1.95494e-21)
(-0.0323196 3.32308 -2.78536e-19)
(-0.0246685 3.36676 2.87226e-19)
(-0.0134241 3.34023 0)
(-0.00145689 3.32353 0)
(0.0115882 3.3169 0)
(0.0258307 3.31838 -3.36878e-19)
(0.0412729 3.32951 6.73172e-23)
(0.0536777 3.19384 -3.50538e-19)
(-0.00831561 1.16478 3.67826e-19)
(-0.0202511 2.46335 4.30748e-21)
(-0.0422091 3.31387 1.30109e-20)
(-0.0324713 3.33638 2.84582e-19)
(-0.0188725 3.30872 0)
(-0.00454786 3.29198 0)
(0.0109504 3.28536 2.14678e-20)
(0.0277006 3.28713 3.325e-19)
(0.0460786 3.3001 3.77954e-19)
(0.0627306 3.20128 3.57114e-19)
(-0.00242091 1.27887 0)
(-0.0368411 2.56994 6.0028e-19)
(-0.0535275 3.29606 -1.45942e-22)
(-0.0409458 3.299 1.58534e-19)
(-0.0243207 3.27113 3.17348e-19)
(-0.00703771 3.25475 2.15938e-22)
(0.0112224 3.24846 -3.45072e-19)
(0.0305198 3.25066 4.06745e-19)
(0.0516216 3.26494 5.88216e-19)
(0.0714646 3.20094 -6.47141e-21)
(0.00629333 1.42734 2.08824e-19)
(-0.0574762 2.68957 -1.72001e-19)
(-0.0648976 3.26667 1.6852e-19)
(-0.0485497 3.25387 3.85995e-19)
(-0.0289152 3.22781 2.39524e-20)
(-0.00875818 3.21269 0)
(0.0118514 3.20712 -2.0152e-19)
(0.0333809 3.20961 -2.18025e-19)
(0.0565039 3.22426 -1.36725e-20)
(0.0786156 3.19115 0)
(0.0173569 1.61325 -4.66387e-19)
(-0.0778386 2.81267 -5.76997e-21)
(-0.0732384 3.22573 -1.19447e-20)
(-0.0530121 3.20356 -1.96764e-19)
(-0.0311176 3.18063 -2.40344e-19)
(-0.00954835 3.16737 2.48636e-19)
(0.011922 3.16277 4.7718e-19)
(0.0345172 3.16557 -2.3729e-19)
(0.0586714 3.17968 -1.49068e-20)
(0.0825369 3.17192 -7.72376e-21)
(0.0296867 1.8357 -5.09635e-19)
(-0.091354 2.92667 3.52548e-23)
(-0.0752156 3.17757 -2.03524e-19)
(-0.0531501 3.15084 2.16001e-19)
(-0.0313641 3.13032 0)
(-0.00964834 3.11845 -5.90889e-20)
(0.0121297 3.11512 3.04809e-20)
(0.0344263 3.1193 -1.28705e-19)
(0.0572608 3.13372 -2.72095e-19)
(0.0812166 3.14467 -1.6837e-20)
(0.040127 2.09274 0)
(-0.0942775 3.01575 6.8112e-21)
(-0.0734298 3.12383 -1.44296e-20)
(-0.0529582 3.09452 1.23401e-19)
(-0.0316836 3.07641 1.21851e-19)
(-0.00940095 3.06693 9.85129e-20)
(0.0129856 3.06517 0)
(0.0351902 3.06996 0)
(0.0563517 3.08474 1.61521e-19)
(0.0780187 3.10953 1.47521e-19)
(0.046966 2.3799 0)
(-0.0977963 3.04861 4.26098e-20)
(-0.0710053 3.05621 1.24024e-19)
(-0.0468775 3.03636 0)
(-0.025782 3.02728 3.33496e-20)
(-0.00708114 3.02307 4.80646e-24)
(0.010244 3.02261 3.5104e-20)
(0.0288046 3.02483 -7.1947e-20)
(0.0498282 3.03302 7.72051e-20)
(0.0801907 3.05608 1.96175e-20)
(0.0507453 2.66631 8.48254e-20)
(-0.0535098 2.99789 -2.89625e-22)
(-0.0251275 2.99975 -2.98611e-20)
(-0.0133935 3.00073 0)
(-0.00719477 3.00081 2.96011e-20)
(-0.00245272 3.00129 -2.9123e-20)
(0.0023485 3.00077 3.07131e-20)
(0.00694094 2.99996 0)
(0.0138842 2.9995 3.34267e-20)
(0.0297378 2.99957 -3.54494e-20)
(0.0276271 2.90801 0)
(0.533119 -0.0342548 0)
(1.05541 -0.088883 0)
(1.04644 -0.0725855 0)
(1.02121 -0.0477835 0)
(1.0096 -0.0300899 0)
(1.00446 -0.0182144 0)
(1.00223 -0.0109541 0)
(1.00124 -0.00648824 0)
(1.00076 -0.00351281 0)
(1.00054 -0.00127346 0)
(1.00051 0.000715012 0)
(1.00063 0.00278089 0)
(1.00095 0.00529046 0)
(1.00163 0.00887143 0)
(1.00316 0.0144705 0)
(1.00655 0.0237321 0)
(1.01439 0.0384518 0)
(1.03127 0.0591912 0)
(1.06137 0.0846606 0)
(0.939233 0.0856367 0)
(0.263624 -0.00534313 0)
(1.00619 -0.0568919 0)
(1.10348 -0.0580542 0)
(1.06866 -0.0479338 0)
(1.03964 -0.0387598 0)
(1.02177 -0.0292128 0)
(1.01191 -0.0202758 0)
(1.00683 -0.0129844 0)
(1.00424 -0.00729891 0)
(1.00302 -0.00264386 0)
(1.00278 0.00163253 0)
(1.00344 0.00601784 0)
(1.00521 0.0110005 0)
(1.00883 0.0173484 0)
(1.01598 0.0253933 0)
(1.02945 0.0346863 0)
(1.05252 0.0439435 0)
(1.08836 0.0536807 0)
(1.09205 0.0591503 0)
(0.723346 0.0309956 0)
(0.192111 -0.000795414 0)
(0.883969 -0.0300322 0)
(1.1032 -0.0460422 0)
(1.08906 -0.0415711 0)
(1.05861 -0.0344941 0)
(1.03785 -0.0282128 0)
(1.02381 -0.0219763 0)
(1.01494 -0.0155542 0)
(1.00979 -0.00931045 0)
(1.00716 -0.00339673 0)
(1.0066 0.00239869 0)
(1.00805 0.00819096 0)
(1.01171 0.0140875 0)
(1.01848 0.0203034 0)
(1.02975 0.0264473 0)
(1.04691 0.0323917 0)
(1.0719 0.0387606 0)
(1.10342 0.0455749 0)
(1.04787 0.0426458 0)
(0.563043 0.0101755 0)
(0.163952 -0.000565895 0)
(0.784818 -0.0174227 0)
(1.08454 -0.0368268 0)
(1.09923 -0.0369106 0)
(1.06883 -0.0317895 0)
(1.04751 -0.0263527 0)
(1.03295 -0.0209027 0)
(1.02283 -0.0154136 0)
(1.01612 -0.00961261 0)
(1.01235 -0.0034426 0)
(1.01146 0.00300068 0)
(1.01356 0.00926561 0)
(1.01853 0.015011 0)
(1.02671 0.0203755 0)
(1.0388 0.0255073 0)
(1.05632 0.0306654 0)
(1.08225 0.0356785 0)
(1.1046 0.0390673 0)
(0.985676 0.0305008 0)
(0.478719 0.00538793 0)
(0.146525 -0.000414384 0)
(0.710404 -0.0115622 0)
(1.05685 -0.0297667 0)
(1.10422 -0.0323111 0)
(1.07745 -0.0287635 0)
(1.05501 -0.0244686 0)
(1.03987 -0.0196652 0)
(1.02942 -0.0145145 0)
(1.0222 -0.00901569 0)
(1.01783 -0.00297939 0)
(1.0167 0.00352039 0)
(1.01909 0.00972086 0)
(1.0245 0.0151374 0)
(1.03296 0.0200866 0)
(1.04539 0.0246824 0)
(1.06373 0.028819 0)
(1.09094 0.0325778 0)
(1.09904 0.0337993 0)
(0.924112 0.0228083 0)
(0.425533 0.00369008 0)
(0.134191 -0.000311027 0)
(0.654127 -0.00839348 0)
(1.02512 -0.0243521 0)
(1.10598 -0.0286101 0)
(1.08498 -0.025896 0)
(1.06186 -0.0221983 0)
(1.04614 -0.0180716 0)
(1.03526 -0.013379 0)
(1.02776 -0.00811649 0)
(1.02313 -0.00225772 0)
(1.02183 0.00406913 0)
(1.02421 0.0100401 0)
(1.0297 0.0151631 0)
(1.03835 0.0196751 0)
(1.05122 0.0235611 0)
(1.07018 0.026912 0)
(1.0969 0.0300099 0)
(1.08734 0.029757 0)
(0.868205 0.0177737 0)
(0.387115 0.00278954 0)
(0.124929 -0.000238798 0)
(0.610652 -0.00637501 0)
(0.992683 -0.0199897 0)
(1.10518 -0.0254337 0)
(1.09167 -0.0234602 0)
(1.06807 -0.0199991 0)
(1.052 -0.016232 0)
(1.0408 -0.0119591 0)
(1.03301 -0.00701839 0)
(1.02815 -0.00137983 0)
(1.02666 0.00472078 0)
(1.02895 0.0104093 0)
(1.03445 0.0151555 0)
(1.04323 0.019152 0)
(1.05632 0.0224957 0)
(1.0757 0.0254239 0)
(1.10014 0.0279506 0)
(1.07123 0.0264047 0)
(0.819103 0.0142899 0)
(0.357428 0.00221873 0)
(0.1178 -0.00018379 0)
(0.576407 -0.00495543 0)
(0.961504 -0.0164405 0)
(1.10212 -0.0225785 0)
(1.09762 -0.0212484 0)
(1.07382 -0.0179427 0)
(1.05744 -0.0143768 0)
(1.04606 -0.0103593 0)
(1.03804 -0.00570364 0)
(1.03293 -0.000325765 0)
(1.03122 0.00551167 0)
(1.03336 0.010865 0)
(1.03881 0.0151946 0)
(1.04757 0.0187619 0)
(1.06075 0.0217229 0)
(1.08051 0.0243219 0)
(1.10142 0.0262702 0)
(1.05217 0.0236085 0)
(0.776284 0.0118264 0)
(0.333518 0.00182724 0)
(0.112251 -0.000140877 0)
(0.549059 -0.00389804 0)
(0.932648 -0.0135374 0)
(1.09715 -0.0199318 0)
(1.10269 -0.0191163 0)
(1.07931 -0.0159611 0)
(1.06262 -0.0125279 0)
(1.05106 -0.00866606 0)
(1.04286 -0.00420491 0)
(1.03751 0.000933387 0)
(1.03553 0.00647933 0)
(1.03747 0.0114725 0)
(1.04274 0.0154167 0)
(1.05139 0.0186301 0)
(1.06466 0.0212646 0)
(1.08469 0.0235582 0)
(1.10121 0.0249465 0)
(1.03119 0.0213246 0)
(0.738702 0.0100707 0)
(0.313605 0.00155436 0)
(0.107927 -0.000106011 0)
(0.527055 -0.00307117 0)
(0.906625 -0.0111213 0)
(1.09089 -0.017437 0)
(1.10699 -0.0170281 0)
(1.08466 -0.0139998 0)
(1.06765 -0.0106344 0)
(1.05589 -0.0068686 0)
(1.0475 -0.00253609 0)
(1.0419 0.00241257 0)
(1.03961 0.00767644 0)
(1.04125 0.0123207 0)
(1.04628 0.015909 0)
(1.05478 0.0187939 0)
(1.06812 0.0211239 0)
(1.0884 0.0231577 0)
(1.09954 0.0240019 0)
(1.00904 0.0195082 0)
(0.70527 0.00882034 0)
(0.296494 0.00136508 0)
(0.104594 -7.65555e-05 0)
(0.509355 -0.00239598 0)
(0.883648 -0.00906321 0)
(1.08389 -0.0150517 0)
(1.11065 -0.0149321 0)
(1.08996 -0.0120011 0)
(1.07263 -0.00864647 0)
(1.06064 -0.00492162 0)
(1.05202 -0.000662574 0)
(1.04612 0.00414311 0)
(1.04346 0.00916222 0)
(1.04472 0.0134792 0)
(1.04945 0.0167244 0)
(1.05776 0.0192935 0)
(1.07116 0.0213297 0)
(1.09151 0.0231024 0)
(1.0963 0.0233697 0)
(0.986183 0.018128 0)
(0.675006 0.00794965 0)
(0.281327 0.00123891 0)
(0.102098 -5.03612e-05 0)
(0.495259 -0.0018186 0)
(0.863773 -0.00725678 0)
(1.07667 -0.0127312 0)
(1.11406 -0.0127844 0)
(1.09526 -0.00990184 0)
(1.07763 -0.00651193 0)
(1.06537 -0.00276883 0)
(1.05647 0.00147304 0)
(1.05021 0.00618455 0)
(1.04709 0.0110007 0)
(1.0479 0.0150089 0)
(1.05226 0.0179148 0)
(1.06034 0.0201772 0)
(1.07377 0.0219213 0)
(1.09374 0.0233862 0)
(1.09127 0.0230503 0)
(0.962846 0.0171553 0)
(0.647047 0.00737482 0)
(0.267455 0.00116158 0)
(0.100348 -2.54569e-05 0)
(0.484309 -0.00129714 0)
(0.846997 -0.00560715 0)
(1.06967 -0.0104217 0)
(1.11734 -0.0105278 0)
(1.10063 -0.00763144 0)
(1.08273 -0.00415895 0)
(1.07016 -0.0003367 0)
(1.06091 0.00394407 0)
(1.0542 0.00861587 0)
(1.05052 0.0132664 0)
(1.05079 0.0169798 0)
(1.05471 0.0195426 0)
(1.06251 0.0214975 0)
(1.07595 0.0229422 0)
(1.09505 0.0240362 0)
(1.0845 0.0230907 0)
(0.939049 0.0165666 0)
(0.620633 0.00704123 0)
(0.254364 0.001124 0)
(0.0993051 -1.66992e-07 0)
(0.47625 -0.000799819 0)
(0.833338 -0.0040349 0)
(1.06333 -0.00806495 0)
(1.12062 -0.00809023 0)
(1.10615 -0.0051137 0)
(1.088 -0.00150496 0)
(1.07508 0.00245659 0)
(1.06541 0.00683915 0)
(1.05814 0.0115298 0)
(1.05378 0.0160493 0)
(1.0534 0.0194776 0)
(1.0568 0.0216859 0)
(1.06426 0.0233184 0)
(1.07766 0.0244551 0)
(1.09525 0.0251328 0)
(1.07599 0.0234943 0)
(0.91468 0.0163397 0)
(0.595098 0.00690901 0)
(0.241645 0.00111886 0)
(0.0989717 2.55421e-05 0)
(0.470978 -0.000301846 0)
(0.822859 -0.00247138 0)
(1.05806 -0.00559688 0)
(1.12406 -0.00539153 0)
(1.11192 -0.00226198 0)
(1.09355 0.00154684 0)
(1.0802 0.00571326 0)
(1.07002 0.0102673 0)
(1.06207 0.0150352 0)
(1.05688 0.0194566 0)
(1.05572 0.0226032 0)
(1.0585 0.0244361 0)
(1.06553 0.0257138 0)
(1.07885 0.0265073 0)
(1.09444 0.0266602 0)
(1.06564 0.0243256 0)
(0.889488 0.0164835 0)
(0.569819 0.00696169 0)
(0.22894 0.00114374 0)
(0.0993898 5.43628e-05 0)
(0.468516 0.000206472 0)
(0.815687 -0.00085261 0)
(1.05428 -0.00294669 0)
(1.12785 -0.00234299 0)
(1.11804 0.00103351 0)
(1.09946 0.00510868 0)
(1.08562 0.00955854 0)
(1.0748 0.0143596 0)
(1.06603 0.0192637 0)
(1.05984 0.023614 0)
(1.05774 0.026471 0)
(1.05979 0.0279004 0)
(1.0663 0.0287707 0)
(1.07944 0.0291714 0)
(1.09265 0.0287459 0)
(1.05324 0.0256233 0)
(0.863107 0.0169912 0)
(0.544194 0.00718246 0)
(0.215924 0.00119466 0)
(0.100616 9.46106e-05 0)
(0.469118 0.000802008 0)
(0.812012 0.000888084 0)
(1.05243 -3.20516e-05 0)
(1.13226 0.00115483 0)
(1.12464 0.00488488 0)
(1.10585 0.00931993 0)
(1.09143 0.0141409 0)
(1.07984 0.0192709 0)
(1.07006 0.0243729 0)
(1.06267 0.0286773 0)
(1.05945 0.0312191 0)
(1.06062 0.0322083 0)
(1.06651 0.0326068 0)
(1.07941 0.0325646 0)
(1.08962 0.0315401 0)
(1.03855 0.0274525 0)
(0.835069 0.0178783 0)
(0.517625 0.00756496 0)
(0.202301 0.00126975 0)
(0.102774 0.00012412 0)
(0.472641 0.00148698 0)
(0.812183 0.00286747 0)
(1.05303 0.00318317 0)
(1.13754 0.00523208 0)
(1.13189 0.00945772 0)
(1.11286 0.0143568 0)
(1.09773 0.0196495 0)
(1.0852 0.025198 0)
(1.07418 0.0305569 0)
(1.06534 0.0348268 0)
(1.06081 0.0370314 0)
(1.06095 0.0375001 0)
(1.06611 0.0373599 0)
(1.07877 0.0367986 0)
(1.08513 0.0351021 0)
(1.02116 0.0298741 0)
(0.804796 0.0191526 0)
(0.489511 0.00810034 0)
(0.187794 0.0013657 0)
(0.106065 0.000173576 0)
(0.479986 0.00226957 0)
(0.816447 0.00501979 0)
(1.05673 0.00690464 0)
(1.14402 0.0100715 0)
(1.14 0.0149441 0)
(1.12066 0.0204352 0)
(1.10467 0.0263203 0)
(1.09096 0.0323843 0)
(1.07842 0.0380495 0)
(1.06783 0.0422705 0)
(1.06174 0.0440796 0)
(1.06071 0.0439441 0)
(1.06502 0.0431945 0)
(1.07717 0.0420137 0)
(1.07876 0.0395041 0)
(1.00056 0.0329572 0)
(0.7716 0.0208211 0)
(0.459243 0.0087763 0)
(0.172154 0.00147816 0)
(0.110761 0.000233953 0)
(0.491658 0.0032103 0)
(0.825734 0.007563 0)
(1.0641 0.0113017 0)
(1.1522 0.0158897 0)
(1.14925 0.0216057 0)
(1.12943 0.0278408 0)
(1.11236 0.0344594 0)
(1.09718 0.0411372 0)
(1.08278 0.0471343 0)
(1.0701 0.0512504 0)
(1.06216 0.0525615 0)
(1.05983 0.0517272 0)
(1.06318 0.0502936 0)
(1.0744 0.0483543 0)
(1.07007 0.0449097 0)
(0.976058 0.0367438 0)
(0.734682 0.0228684 0)
(0.426219 0.0095677 0)
(0.155177 0.0015996 0)
(0.117255 0.000312962 0)
(0.50861 0.00438434 0)
(0.841078 0.0106265 0)
(1.07588 0.0166195 0)
(1.16261 0.0230039 0)
(1.16 0.0298184 0)
(1.13941 0.0369752 0)
(1.12095 0.0444787 0)
(1.10391 0.0518457 0)
(1.08722 0.0581507 0)
(1.07206 0.0620422 0)
(1.06199 0.062696 0)
(1.05821 0.0610868 0)
(1.06049 0.0588354 0)
(1.07006 0.0560635 0)
(1.05852 0.0514109 0)
(0.946784 0.0412472 0)
(0.693146 0.0252487 0)
(0.389885 0.0104305 0)
(0.136738 0.001719 0)
(0.1262 0.00042241 0)
(0.532218 0.00586425 0)
(0.863722 0.014407 0)
(1.09304 0.0232613 0)
(1.17591 0.0318895 0)
(1.17264 0.0401128 0)
(1.15085 0.0484051 0)
(1.13055 0.0569361 0)
(1.11112 0.0650073 0)
(1.09162 0.0714939 0)
(1.07356 0.0749397 0)
(1.06111 0.0747207 0)
(1.05579 0.072202 0)
(1.05688 0.0689928 0)
(1.0641 0.065374 0)
(1.04338 0.0590858 0)
(0.911624 0.0464206 0)
(0.646016 0.0278585 0)
(0.349797 0.0112931 0)
(0.11683 0.00182104 0)
(0.138643 0.000589713 0)
(0.565141 0.0078411 0)
(0.895543 0.0193461 0)
(1.11687 0.0319232 0)
(1.19286 0.04331 0)
(1.18763 0.0533179 0)
(1.16398 0.0629575 0)
(1.14117 0.0725908 0)
(1.11866 0.081241 0)
(1.09576 0.0876124 0)
(1.07437 0.0902359 0)
(1.05935 0.0888421 0)
(1.05239 0.0852081 0)
(1.05223 0.0808974 0)
(1.05653 0.0762828 0)
(1.02367 0.0679171 0)
(0.869198 0.0520907 0)
(0.592298 0.0304982 0)
(0.305715 0.0120465 0)
(0.0956183 0.0018858 0)
(0.156504 0.000868427 0)
(0.611353 0.0106201 0)
(0.93923 0.0262718 0)
(1.14907 0.0438343 0)
(1.21446 0.0587056 0)
(1.20542 0.0707761 0)
(1.17884 0.0818771 0)
(1.1526 0.0924596 0)
(1.12621 0.101277 0)
(1.09928 0.106974 0)
(1.07418 0.108202 0)
(1.05645 0.105204 0)
(1.04787 0.100216 0)
(1.04656 0.0945872 0)
(1.04684 0.0886023 0)
(0.998093 0.0777148 0)
(0.817848 0.0578934 0)
(0.531064 0.0328351 0)
(0.257728 0.0125394 0)
(0.0734799 0.00189132 0)
(0.18369 0.00136863 0)
(0.677466 0.0149277 0)
(0.998858 0.0371969 0)
(1.19164 0.0615668 0)
(1.24146 0.0802866 0)
(1.22603 0.0946341 0)
(1.19505 0.106921 0)
(1.16425 0.117765 0)
(1.13313 0.125882 0)
(1.10164 0.130007 0)
(1.07259 0.129038 0)
(1.05215 0.123892 0)
(1.04205 0.117263 0)
(1.03968 0.11008 0)
(1.03414 0.102357 0)
(0.964918 0.0880471 0)
(0.755671 0.0632073 0)
(0.461522 0.0343484 0)
(0.206273 0.012577 0)
(0.0509587 0.00181675 0)
(0.232638 0.00310702 0)
(0.777674 0.0249089 5.12134e-34)
(1.08347 0.058541 2.20828e-34)
(1.24633 0.0911568 0)
(1.27386 0.112818 0)
(1.24837 0.128112 0)
(1.21136 0.140179 0)
(1.17497 0.149747 0)
(1.13849 0.155721 0)
(1.10214 0.157006 0)
(1.06913 0.152816 0)
(1.04616 0.144885 0)
(1.03486 0.136328 6.61572e-34)
(1.03121 0.12745 0)
(1.01713 0.117238 0)
(0.920933 0.098138 0)
(0.680599 0.0670719 0)
(0.382872 0.0342691 0)
(0.151521 0.0118982 0)
(0.0282196 0.00165645 0)
(0.273183 0.0118618 2.09753e-21)
(0.875341 0.0553097 1.32715e-20)
(1.16414 0.0990042 4.1238e-21)
(1.29631 0.135609 7.11795e-21)
(1.30551 0.156853 0)
(1.26963 0.171391 -1.10561e-20)
(1.22613 0.18209 9.05461e-21)
(1.18376 0.189746 -1.9949e-22)
(1.14155 0.193327 0)
(1.09986 0.191716 -1.18173e-20)
(1.06231 0.184313 9.37812e-23)
(1.0363 0.173663 0)
(1.02354 0.163304 -7.00856e-20)
(1.01688 0.152423 -1.03166e-20)
(0.985958 0.137588 -4.93366e-20)
(0.850151 0.110613 1.46789e-20)
(0.576597 0.0710327 0)
(0.287951 0.0340502 8.63018e-20)
(0.0921144 0.0112056 -1.01562e-19)
(0.00549739 0.00134265 3.55431e-21)
(0.282419 0.0290233 1.3876e-19)
(0.931459 0.103977 0)
(1.22136 0.154747 -3.79675e-20)
(1.33388 0.192622 0)
(1.33159 0.211549 -7.17263e-20)
(1.28756 0.222667 -4.09876e-20)
(1.23785 0.230432 3.76497e-20)
(1.18949 0.235179 6.97429e-20)
(1.14149 0.235739 -5.79142e-20)
(1.09431 0.230878 -1.02715e-19)
(1.05188 0.220119 1.03761e-19)
(1.02236 0.206656 0)
(1.00755 0.194383 0)
(0.997632 0.18195 4.54153e-20)
(0.950999 0.162357 1.06939e-19)
(0.787062 0.127004 3.20688e-20)
(0.502406 0.0778113 3.73389e-20)
(0.230757 0.0351098 3.54598e-19)
(0.0589788 0.00996621 -1.29621e-20)
(-0.00731476 6.08493e-05 -9.92052e-19)
(0.277762 0.0443562 0)
(0.957738 0.154567 -1.84864e-21)
(1.25676 0.219094 -3.2914e-20)
(1.35876 0.257085 0)
(1.35012 0.272832 0)
(1.30039 0.279535 4.05598e-20)
(1.24545 0.283175 -7.41742e-20)
(1.19176 0.284005 -1.41865e-19)
(1.13845 0.280714 1.24552e-19)
(1.08614 0.271949 5.31931e-20)
(1.03914 0.257337 -2.06607e-21)
(1.00628 0.240726 -1.37312e-19)
(0.989311 0.226267 -2.45495e-19)
(0.976014 0.211825 -4.98896e-20)
(0.918055 0.187776 -5.83552e-20)
(0.740361 0.143639 2.78669e-19)
(0.459248 0.0860639 3.68932e-19)
(0.203063 0.0380254 0)
(0.0431128 0.00924404 2.63148e-22)
(-0.0144402 -0.00152712 4.99958e-20)
(0.270002 0.0577563 1.09563e-20)
(0.966319 0.205044 -1.79989e-20)
(1.27632 0.284882 -1.11464e-19)
(1.37305 0.324156 -5.48218e-20)
(1.36089 0.33689 7.68907e-20)
(1.30735 0.339185 1.75062e-21)
(1.24837 0.338328 8.1191e-20)
(1.19031 0.334825 0)
(1.13247 0.327257 1.32139e-19)
(1.0756 0.314199 -1.13008e-19)
(1.02437 0.295413 1.18443e-19)
(0.988326 0.275404 -2.54678e-21)
(0.969145 0.2585 1.79369e-19)
(0.95281 0.241765 1.07613e-19)
(0.887674 0.213464 3.20331e-19)
(0.70637 0.162091 7.52485e-20)
(0.435951 0.0967711 -3.10997e-19)
(0.191739 0.041915 5.22348e-20)
(0.0369105 0.00874676 9.87991e-19)
(-0.0180758 -0.00319845 3.63673e-20)
(0.261793 0.0697316 6.2975e-20)
(0.964028 0.253546 -3.52242e-20)
(1.28495 0.349678 0)
(1.37921 0.391325 7.5501e-20)
(1.36501 0.40134 1.12042e-20)
(1.30884 0.399473 7.84407e-20)
(1.2468 0.394175 -4.7892e-21)
(1.18522 0.386319 -1.49255e-19)
(1.12357 0.374398 6.66006e-20)
(1.06269 0.356932 0)
(1.00763 0.333838 5.22014e-19)
(0.968556 0.31028 1.62675e-19)
(0.947142 0.290777 -1.96021e-19)
(0.928192 0.271666 0)
(0.859729 0.239486 0)
(0.68136 0.181384 8.25517e-20)
(0.423895 0.108496 3.87042e-19)
(0.189376 0.0472348 0)
(0.037234 0.00915815 1.07601e-18)
(-0.0186255 -0.00450596 -5.22971e-23)
(0.254154 0.0805299 -3.15944e-20)
(0.95563 0.299063 1.35777e-20)
(1.286 0.412277 -8.98587e-20)
(1.37915 0.456933 -8.18688e-20)
(1.36382 0.464844 -7.88184e-20)
(1.30578 0.459088 0)
(1.24134 0.449561 0)
(1.17689 0.437522 -1.55121e-19)
(1.11201 0.421363 -7.71458e-20)
(1.04763 0.399552 1.27825e-19)
(0.989084 0.372161 2.81145e-19)
(0.947162 0.345018 -1.71634e-19)
(0.923528 0.322895 -2.12679e-19)
(0.902284 0.301399 -1.27129e-19)
(0.832863 0.265769 3.00099e-19)
(0.660863 0.201578 3.58603e-19)
(0.417162 0.122297 -9.47645e-19)
(0.192395 0.0545209 0)
(0.0423999 0.0112991 -1.0981e-18)
(-0.0162993 -0.00502837 -1.37553e-18)
(0.2479 0.0906049 -8.08225e-23)
(0.944416 0.341576 4.82698e-21)
(1.28182 0.472077 1.27329e-20)
(1.37446 0.520165 2.39371e-20)
(1.35848 0.526506 6.57667e-20)
(1.29909 0.517241 1.63686e-19)
(1.23274 0.50378 0)
(1.16593 0.487798 -1.63661e-19)
(1.09828 0.467607 3.07698e-19)
(1.03079 0.441623 -1.4747e-19)
(0.969055 0.410045 -3.02271e-19)
(0.924448 0.379388 1.91587e-19)
(0.898679 0.354679 4.53656e-19)
(0.875473 0.330862 0)
(0.80639 0.291978 0)
(0.642072 0.22264 -2.92676e-19)
(0.412312 0.137736 0)
(0.19774 0.0637207 0)
(0.0502908 0.0151882 8.01852e-20)
(-0.0120371 -0.00452847 1.45036e-18)
(0.243046 0.100321 0)
(0.932317 0.381424 0)
(1.27414 0.528809 7.50775e-21)
(1.36644 0.580634 5.02483e-20)
(1.34999 0.585803 -1.20739e-19)
(1.28958 0.573414 8.93659e-20)
(1.22174 0.556369 1.69184e-19)
(1.15294 0.536734 8.11724e-20)
(1.08287 0.51278 1.64398e-19)
(1.01256 0.482839 0)
(0.94788 0.447245 0)
(0.900759 0.413178 3.97623e-19)
(0.87297 0.385931 -2.46016e-19)
(0.84805 0.359875 0)
(0.779724 0.317857 1.8144e-19)
(0.623148 0.243864 -2.12665e-19)
(0.406797 0.153932 2.50745e-19)
(0.202881 0.0741512 -1.17458e-18)
(0.0587805 0.0203922 8.71314e-20)
(-0.00688131 -0.00318479 7.88674e-22)
(0.239279 0.109607 5.51424e-20)
(0.920309 0.418866 0)
(1.26428 0.582473 2.92226e-21)
(1.35611 0.638177 -4.09925e-20)
(1.33916 0.642463 -1.16515e-19)
(1.27796 0.627294 -7.74548e-20)
(1.20892 0.60702 9.13346e-20)
(1.13845 0.584069 -1.74616e-19)
(1.06624 0.556645 3.42448e-19)
(0.993349 0.523008 1.54224e-19)
(0.925912 0.483588 6.96374e-19)
(0.876427 0.446201 1.19153e-21)
(0.846764 0.416451 -4.35383e-21)
(0.82027 0.388125 3.25873e-19)
(0.75276 0.34313 3.87829e-19)
(0.603321 0.264848 0)
(0.39928 0.16996 -1.36367e-19)
(0.205833 0.0850724 -1.2791e-18)
(0.0660164 0.0262684 -9.44808e-20)
(-0.00183335 -0.00131048 0)
(0.236685 0.118858 0)
(0.909206 0.454469 1.24481e-20)
(1.25315 0.633402 -7.39754e-21)
(1.34424 0.69271 -1.30255e-21)
(1.32666 0.696376 1.0513e-19)
(1.26482 0.678711 -7.26013e-20)
(1.19482 0.655555 -9.62715e-20)
(1.12292 0.629623 -1.84049e-19)
(1.04879 0.599054 -3.63556e-19)
(0.973507 0.562005 4.2393e-19)
(0.903422 0.518957 0)
(0.851673 0.478322 0)
(0.820277 0.446104 -2.87497e-19)
(0.792314 0.415474 -3.52624e-19)
(0.72538 0.3673 6.32724e-19)
(0.582108 0.285109 1.24633e-18)
(0.389086 0.185026 5.87839e-19)
(0.205557 0.0954492 -1.73765e-19)
(0.0706675 0.0319553 1.02307e-19)
(0.00220334 0.000623829 0)
(0.23494 0.127965 2.51444e-20)
(0.899051 0.48835 2.43291e-20)
(1.2408 0.681792 -3.81775e-20)
(1.33132 0.744268 5.72148e-21)
(1.313 0.747497 4.36155e-20)
(1.25065 0.727591 7.41107e-20)
(1.17987 0.701881 -7.95142e-20)
(1.10673 0.673299 -2.92031e-19)
(1.03086 0.639907 1.00365e-19)
(0.953312 0.599754 -8.65919e-20)
(0.880647 0.553293 -9.64557e-20)
(0.826679 0.509486 -7.62141e-19)
(0.793656 0.474786 9.33244e-19)
(0.764296 0.441702 3.69087e-19)
(0.697661 0.389971 0)
(0.55957 0.303618 -5.38149e-19)
(0.376058 0.198782 0)
(0.201785 0.104431 -7.49341e-19)
(0.072147 0.0366493 8.82386e-19)
(0.00469314 0.00216058 -9.05763e-19)
(0.233898 0.137061 -3.37364e-20)
(0.889955 0.52078 -5.05871e-20)
(1.22842 0.72745 -2.35139e-20)
(1.31772 0.793012 8.05506e-21)
(1.29862 0.795823 -3.6183e-20)
(1.23585 0.773926 0)
(1.16444 0.745963 -7.96192e-20)
(1.09021 0.715044 1.05022e-19)
(1.01275 0.679155 -2.92486e-19)
(0.933027 0.636214 0)
(0.857789 0.586581 -7.44439e-19)
(0.801593 0.53969 9.52044e-19)
(0.766989 0.50239 -6.68793e-19)
(0.73626 0.466588 0)
(0.669549 0.410912 -4.91129e-19)
(0.535757 0.319826 2.91129e-19)
(0.360514 0.21021 1.71681e-19)
(0.194555 0.111336 6.06557e-19)
(0.0707106 0.0397849 1.9007e-18)
(0.00562562 0.00304149 0)
(0.233257 0.145933 4.61457e-20)
(0.881969 0.551911 0)
(1.21615 0.770538 -9.03738e-20)
(1.30377 0.838985 -3.28246e-21)
(1.28388 0.841414 -8.56437e-21)
(1.22074 0.817737 -1.13356e-20)
(1.14882 0.787808 -3.96739e-20)
(1.07364 0.754848 4.08496e-19)
(0.994705 0.716785 4.37245e-21)
(0.912876 0.671384 0)
(0.835028 0.618844 0)
(0.776518 0.568947 6.6361e-21)
(0.740293 0.528857 5.39452e-19)
(0.708168 0.489977 0)
(0.641068 0.429799 -5.29792e-19)
(0.51071 0.333437 3.15458e-19)
(0.342623 0.21896 1.86044e-19)
(0.184426 0.115814 8.73806e-19)
(0.0666863 0.0412472 8.96124e-19)
(0.00535829 0.0032831 0)
(0.233143 0.154851 -1.09933e-19)
(0.87489 0.581773 -4.45553e-20)
(1.20407 0.811178 1.03146e-19)
(1.28978 0.882276 1.10005e-20)
(1.26902 0.884357 -4.2055e-20)
(1.20557 0.859091 1.29763e-19)
(1.13325 0.827447 -1.42614e-19)
(1.05724 0.792724 0)
(0.976931 0.752789 0)
(0.893048 0.705267 -8.68292e-19)
(0.812533 0.650126 9.72135e-19)
(0.751536 0.597296 1.59672e-19)
(0.713561 0.554197 -9.71431e-19)
(0.679947 0.511784 0)
(0.612142 0.446397 1.1399e-18)
(0.484566 0.344189 -3.41536e-19)
(0.323047 0.224704 -1.19978e-18)
(0.172065 0.117692 0)
(0.0608888 0.041037 -1.10553e-18)
(0.00429051 0.0029187 0)
(0.233328 0.163677 1.33209e-19)
(0.868489 0.610563 -1.08956e-19)
(1.19235 0.849307 -7.0677e-20)
(1.27592 0.923015 7.59561e-20)
(1.25425 0.924745 -1.54127e-20)
(1.19054 0.898056 0)
(1.11791 0.864929 0)
(1.04118 0.8287 -8.45536e-19)
(0.959592 0.78719 -2.85289e-19)
(0.873717 0.737883 -1.07424e-19)
(0.790456 0.680479 -1.03618e-18)
(0.726733 0.624822 -6.68283e-19)
(0.686742 0.578493 2.11677e-19)
(0.651453 0.531966 7.60364e-19)
(0.582736 0.460469 -3.08676e-19)
(0.457559 0.351778 7.30071e-19)
(0.302289 0.227343 0)
(0.158403 0.117024 -1.52008e-18)
(0.0540644 0.0393313 1.48838e-18)
(0.00271152 0.00208999 0)
(0.233555 0.172215 2.35947e-19)
(0.862618 0.638306 1.29829e-19)
(1.18114 0.885392 9.92117e-21)
(1.26232 0.961331 1.52135e-19)
(1.23971 0.962686 -5.80301e-21)
(1.17581 0.934722 1.09678e-19)
(1.10295 0.900316 -2.30187e-19)
(1.02558 0.862812 8.15081e-19)
(0.942828 0.82 5.3448e-19)
(0.855023 0.769254 -7.06062e-20)
(0.768933 0.709958 1.31452e-19)
(0.702191 0.651655 7.14528e-19)
(0.659796 0.601908 8.93952e-19)
(0.622498 0.550515 1.96886e-21)
(0.552706 0.471753 -3.28297e-19)
(0.429952 0.355875 3.92535e-19)
(0.281012 0.226642 1.40286e-21)
(0.144259 0.113913 2.7275e-19)
(0.0469296 0.0364748 3.19445e-19)
(0.000941382 0.000966851 -7.50345e-19)
(0.233807 0.180669 1.84647e-19)
(0.857191 0.664718 -1.52913e-19)
(1.17033 0.919462 0)
(1.24907 0.997297 -8.72078e-21)
(1.22553 0.998288 -1.18828e-21)
(1.16147 0.969178 8.20732e-20)
(1.08847 0.933681 -2.06289e-19)
(1.01055 0.895113 5.01197e-19)
(0.926732 0.851254 1.04573e-18)
(0.837072 0.799386 -6.6857e-20)
(0.7481 0.738608 1.5177e-19)
(0.678005 0.677941 -7.62675e-19)
(0.632688 0.624636 2.35406e-19)
(0.592837 0.567498 0)
(0.521722 0.480007 3.53499e-19)
(0.401825 0.355973 2.08797e-21)
(0.259929 0.222043 -4.98415e-19)
(0.130915 0.108221 5.85219e-19)
(0.0406291 0.0327731 0)
(-0.000605242 -0.000202827 0)
(0.234122 0.188563 1.0736e-19)
(0.852267 0.689966 0)
(1.15989 0.951561 -1.84521e-19)
(1.23625 1.03106 -1.18541e-19)
(1.21176 1.03167 -1.41579e-20)
(1.1476 1.00153 -1.0424e-20)
(1.07452 0.965094 2.22849e-19)
(0.996168 0.925655 1.12882e-19)
(0.911379 0.880978 0)
(0.819941 0.828296 -6.17644e-20)
(0.728071 0.766461 -7.33787e-20)
(0.654295 0.703832 8.13002e-19)
(0.605421 0.646871 1.02862e-18)
(0.562238 0.583126 0)
(0.4893 0.485202 -3.85589e-19)
(0.37278 0.351372 0)
(0.239693 0.212168 0)
(0.120821 0.0987364 -8.00091e-22)
(0.0381107 0.0277541 3.68725e-19)
(-0.000604859 -0.00117956 2.16013e-19)
(0.234313 0.196461 0)
(0.847643 0.714132 -1.07165e-19)
(1.14997 0.981898 2.04409e-19)
(1.22393 1.06275 -1.45144e-19)
(1.19847 1.06294 1.04462e-20)
(1.13425 1.03187 -1.18741e-20)
(1.06115 0.994632 -1.59766e-19)
(0.982447 0.954486 4.14807e-19)
(0.896801 0.909208 0)
(0.803706 0.856008 -2.21515e-18)
(0.70894 0.793534 -8.55099e-20)
(0.631199 0.729452 8.64447e-19)
(0.578046 0.668806 -9.65832e-19)
(0.530535 0.59772 3.46815e-19)
(0.454818 0.487667 1.23522e-18)
(0.341588 0.341657 2.69849e-21)
(0.219511 0.194382 -1.15428e-18)
(0.116406 0.0795174 1.0128e-18)
(0.0483785 0.0135102 3.94862e-19)
(0.0124698 -0.00437248 2.31576e-19)
(0.234522 0.203746 2.77834e-19)
(0.843056 0.736792 -3.48888e-19)
(1.14042 1.01048 -2.3562e-19)
(1.21213 1.09247 -1.85545e-19)
(1.18568 1.09222 -6.833e-20)
(1.12144 1.0603 2.0061e-23)
(1.04839 1.02238 0)
(0.969417 0.981675 8.97408e-19)
(0.883017 0.935978 6.17099e-20)
(0.788378 0.882518 -1.16732e-18)
(0.690787 0.81982 -1.70239e-19)
(0.608882 0.754898 -8.03558e-19)
(0.550676 0.690606 1.17024e-18)
(0.497709 0.611652 5.49193e-19)
(0.417834 0.48818 -2.23583e-19)
(0.306191 0.327641 0)
(0.194669 0.166748 0)
(0.112325 0.0377617 -2.14959e-21)
(0.0762217 -0.0338167 0)
(0.0802921 -0.0205043 0)
(0.234686 0.210841 -1.62793e-19)
(0.838889 0.758594 -2.53957e-19)
(1.13121 1.03767 -8.38788e-20)
(1.20077 1.12071 -2.11857e-19)
(1.17317 1.12009 -7.89301e-20)
(1.10885 1.08752 1.18556e-20)
(1.03586 1.04915 -2.20868e-20)
(0.95662 1.00818 1.40943e-20)
(0.869443 0.962408 -4.03437e-19)
(0.773228 0.909127 7.5358e-20)
(0.672671 0.846833 8.55174e-21)
(0.586123 0.781911 -8.89628e-19)
(0.521542 0.713969 1.13948e-18)
(0.461378 0.626197 7.15555e-19)
(0.375603 0.487865 -4.31325e-19)
(0.26182 0.311133 -5.20779e-19)
(0.154803 0.130321 0)
(0.0770601 0.0218597 0)
(0.0038671 0.223228 0)
(-0.0207736 1.15168 2.33126e-19)
(0.234669 0.217477 0)
(0.834785 0.779346 -3.59308e-19)
(1.12223 1.06345 1.06996e-19)
(1.18987 1.14753 6.61157e-20)
(1.16097 1.14661 1.06784e-19)
(1.09652 1.11358 -1.07175e-20)
(1.02361 1.07497 1.04434e-19)
(0.94413 1.03403 4.22911e-19)
(0.856191 0.988489 -7.1618e-20)
(0.758428 0.935837 2.32143e-18)
(0.654819 0.874575 1.24804e-18)
(0.563247 0.810605 0)
(0.490843 0.73948 1.40221e-19)
(0.421255 0.641248 9.05253e-19)
(0.328958 0.487707 -4.36063e-19)
(0.211176 0.297241 -5.24689e-19)
(0.0915928 0.170687 -1.01717e-21)
(0.0257835 0.683132 -3.53961e-19)
(0.0719573 2.3328 -1.2736e-20)
(0.0820065 3.08303 -2.15815e-19)
(0.234733 0.222983 1.84357e-19)
(0.830215 0.798701 0)
(1.11337 1.0879 2.76976e-19)
(1.17949 1.17304 2.65626e-19)
(1.14911 1.17192 -1.20083e-19)
(1.08453 1.13856 1.11972e-20)
(1.01178 1.09984 -1.19229e-19)
(0.931962 1.05916 0)
(0.843345 1.01415 -4.80682e-19)
(0.744106 0.962521 1.1041e-18)
(0.637489 0.902946 -7.8334e-20)
(0.54071 0.84085 -8.1237e-21)
(0.459234 0.767771 -2.30485e-18)
(0.377155 0.655911 0)
(0.282929 0.487832 8.76667e-19)
(0.15841 0.338655 0)
(0.0545508 0.967406 0)
(0.118402 2.69289 3.44042e-19)
(0.122917 3.26996 7.74174e-19)
(0.116959 3.41528 -6.66002e-19)
(0.245861 0.240073 -1.0017e-19)
(0.825817 0.8233 4.05648e-19)
(1.10289 1.11544 -1.92535e-19)
(1.1694 1.19753 -7.28114e-21)
(1.13726 1.19593 -2.17451e-20)
(1.07273 1.16229 1.32943e-20)
(1.00053 1.12389 0)
(0.920082 1.0836 -3.96301e-19)
(0.830848 1.03934 6.70856e-21)
(0.730206 0.989082 -5.46139e-20)
(0.620745 0.931891 -1.3071e-18)
(0.51882 0.872568 7.73897e-19)
(0.427582 0.799751 -1.39363e-19)
(0.326048 0.667483 -1.77943e-19)
(0.234679 0.54065 1.19481e-18)
(0.122348 1.09519 5.12366e-19)
(0.131154 2.68163 1.39845e-20)
(0.166232 3.31273 -6.25444e-19)
(0.159133 3.43301 -3.50626e-19)
(0.13795 3.45573 1.04317e-18)
(0.587583 0.599327 1.99722e-19)
(1.00379 1.03276 -1.66784e-20)
(1.14358 1.19737 4.45469e-20)
(1.15405 1.22741 1.85633e-20)
(1.09748 1.20366 -1.35448e-19)
(1.0275 1.16673 0)
(0.950777 1.12719 2.3931e-20)
(0.865821 1.08593 -4.9782e-19)
(0.770189 1.04039 0)
(0.66069 0.988313 8.07038e-20)
(0.549449 0.933329 -1.40849e-18)
(0.44929 0.875306 0)
(0.342369 0.77919 0)
(0.24553 0.639379 0)
(0.156268 1.29891 0)
(0.207 2.97821 0)
(0.218493 3.36238 -4.95705e-19)
(0.197893 3.44398 0)
(0.173977 3.46931 1.47286e-19)
(0.145557 3.48303 1.27887e-19)
(0.537715 0.545076 -2.45235e-19)
(0.831852 0.855765 -3.60483e-19)
(1.09831 1.14761 0)
(1.15263 1.23015 3.01574e-19)
(1.12257 1.22913 -2.05221e-19)
(1.05917 1.1961 1.91494e-20)
(0.985512 1.15835 7.46724e-20)
(0.905058 1.11867 2.58638e-20)
(0.815044 1.07578 0)
(0.712598 1.02799 1.03887e-18)
(0.599295 0.975095 1.18034e-18)
(0.490131 0.92109 1.10999e-19)
(0.386079 0.853087 0)
(0.260627 0.708399 8.64907e-19)
(0.166586 1.10228 0)
(0.213325 2.78859 0)
(0.248936 3.38125 -4.12784e-19)
(0.232732 3.46511 6.45064e-19)
(0.200736 3.48209 7.35375e-19)
(0.161518 3.50246 0)
(0.550131 0.564317 1.66077e-21)
(0.826413 0.868835 -3.78763e-19)
(1.0888 1.16587 2.77806e-19)
(1.14134 1.25095 7.20078e-21)
(1.11066 1.25016 2.62109e-20)
(1.04715 1.2173 -2.11571e-20)
(0.973888 1.18012 0)
(0.893292 1.14136 3.24196e-19)
(0.802886 1.09961 -6.56597e-21)
(0.699446 1.05379 8.94298e-20)
(0.583701 1.00417 1.2155e-18)
(0.469687 0.954121 -7.28685e-19)
(0.356427 0.884597 1.28989e-19)
(0.243723 0.837788 1.62716e-19)
(0.234541 1.90198 -1.16096e-18)
(0.315747 3.25927 -4.04608e-19)
(0.308914 3.46759 7.99173e-21)
(0.269171 3.50803 3.69268e-19)
(0.233183 3.53871 1.69399e-19)
(0.178489 3.55948 7.62635e-20)
(0.553941 0.585414 -2.40888e-19)
(0.821146 0.885831 0)
(1.07962 1.18703 -3.45107e-19)
(1.13072 1.27405 -3.59387e-19)
(1.0995 1.27386 1.97841e-19)
(1.03572 1.24076 -1.09626e-20)
(0.962475 1.20366 2.52198e-20)
(0.881681 1.16534 0)
(0.790994 1.12459 3.80223e-19)
(0.686751 1.08068 -9.29236e-19)
(0.569373 1.03486 6.6456e-20)
(0.45243 0.990033 -1.8701e-20)
(0.327673 0.92089 1.96851e-18)
(0.261157 1.126 0)
(0.327258 2.77277 -6.49756e-19)
(0.392025 3.43898 0)
(0.350839 3.51908 0)
(0.306659 3.55388 -1.42106e-19)
(0.262313 3.58493 -2.2333e-19)
(0.197576 3.63725 0)
(0.554994 0.606296 1.16805e-19)
(0.814406 0.904331 2.88514e-19)
(1.06959 1.21027 -1.44142e-19)
(1.11939 1.29858 -9.63967e-20)
(1.08766 1.29885 -1.98143e-19)
(1.02391 1.26559 1.04986e-20)
(0.950862 1.22857 1.13088e-21)
(0.870239 1.1907 -2.25482e-19)
(0.779562 1.15098 4.96265e-20)
(0.674948 1.1091 -1.73948e-18)
(0.556562 1.06732 -1.00959e-18)
(0.437885 1.02757 0)
(0.325381 0.982657 -1.11693e-19)
(0.311966 1.63302 -6.92833e-19)
(0.416816 3.23929 2.88435e-19)
(0.445985 3.51636 2.27021e-19)
(0.39623 3.56242 5.48893e-20)
(0.355418 3.61103 6.91984e-20)
(0.308153 3.66202 3.35194e-20)
(0.231236 3.65515 -1.92507e-20)
(0.552815 0.625697 2.40188e-19)
(0.806066 0.9241 3.83043e-19)
(1.05809 1.23491 1.32431e-19)
(1.10667 1.32423 3.58743e-19)
(1.07455 1.32453 2.16566e-19)
(1.01101 1.29106 1.84895e-19)
(0.938436 1.2541 6.53914e-22)
(0.858259 1.21666 2.06374e-20)
(0.767878 1.17797 2.22036e-19)
(0.663293 1.13816 -5.22654e-20)
(0.544473 1.10038 -7.7429e-21)
(0.424984 1.06529 6.82635e-19)
(0.326962 1.08274 -8.39256e-19)
(0.383154 2.23393 -5.08092e-19)
(0.500662 3.42645 2.40295e-19)
(0.488822 3.55536 1.89505e-19)
(0.451086 3.61008 0)
(0.427099 3.66697 0)
(0.413604 3.6229 0)
(0.313272 3.4421 -1.59134e-19)
(0.548553 0.644134 4.61739e-19)
(0.796563 0.944933 1.79973e-19)
(1.04519 1.26096 4.07348e-19)
(1.09269 1.35119 3.89674e-19)
(1.06042 1.35127 2.17257e-19)
(0.997285 1.31741 -3.20601e-20)
(0.925392 1.28035 0)
(0.845879 1.24321 -2.43475e-19)
(0.756074 1.20543 -2.77059e-20)
(0.651917 1.16763 6.95547e-19)
(0.533332 1.13371 1.14251e-19)
(0.411985 1.10442 5.48856e-19)
(0.347244 1.2578 -7.96911e-19)
(0.466701 2.82456 -3.06571e-19)
(0.56991 3.50548 7.91248e-20)
(0.532721 3.57784 0)
(0.507201 3.64907 0)
(0.477598 3.62674 6.48488e-20)
(0.469731 3.34057 0)
(0.434875 2.34496 0)
(0.543177 0.662351 0)
(0.786322 0.966881 1.8427e-19)
(1.03096 1.28839 -4.03776e-19)
(1.07746 1.37943 3.77677e-19)
(1.04532 1.37917 -1.04537e-20)
(0.982819 1.34475 -2.4739e-20)
(0.91184 1.30744 -6.63392e-20)
(0.833231 1.27043 -6.09369e-20)
(0.744316 1.23341 0)
(0.641014 1.19747 1.18807e-18)
(0.523338 1.16707 9.87138e-21)
(0.405644 1.14813 -5.33419e-19)
(0.386752 1.5256 6.20771e-19)
(0.546458 3.20387 -1.77045e-19)
(0.623309 3.54502 -3.56408e-19)
(0.576815 3.60369 9.28013e-21)
(0.561408 3.62585 -1.31835e-19)
(0.515373 3.42448 2.67842e-19)
(0.364423 2.30201 1.38901e-19)
(-0.0383128 0.0892481 8.8899e-20)
(0.536541 0.680612 0)
(0.774981 0.990142 0)
(1.01523 1.31741 4.11034e-19)
(1.06072 1.40923 3.78618e-19)
(1.02886 1.40863 1.7401e-19)
(0.967209 1.3737 -7.1151e-20)
(0.89736 1.33614 1.17386e-19)
(0.819908 1.29929 -6.35709e-21)
(0.732201 1.26312 0)
(0.630186 1.22919 2.68519e-20)
(0.514076 1.20247 3.86962e-20)
(0.40461 1.20415 -4.47805e-19)
(0.443955 1.88842 -5.8471e-19)
(0.622121 3.39669 0)
(0.66609 3.57338 5.44839e-20)
(0.627783 3.60565 0)
(0.58471 3.52263 0)
(0.44009 2.71393 -2.68881e-22)
(0.0484414 0.378148 1.25306e-19)
(-0.101943 -0.161306 6.95541e-20)
(0.528583 0.698818 -2.19864e-19)
(0.762282 1.0143 3.54282e-19)
(0.997916 1.3481 0)
(1.04234 1.44054 -1.23233e-20)
(1.0109 1.43958 -1.09665e-19)
(0.95033 1.40416 1.9942e-19)
(0.881873 1.36638 -1.42742e-19)
(0.805865 1.32974 3.75231e-20)
(0.71974 1.2945 -2.47666e-19)
(0.619528 1.2627 2.7912e-20)
(0.505795 1.23999 -7.36932e-20)
(0.411719 1.28197 3.67621e-19)
(0.516461 2.31342 -1.09935e-19)
(0.690728 3.49467 0)
(0.69815 3.5914 -4.77771e-20)
(0.66628 3.57619 7.87171e-21)
(0.556814 3.16998 -1.28785e-19)
(0.195143 1.09313 1.68356e-19)
(-0.0811381 -0.10857 0)
(-0.0869989 -0.138942 0)
(0.518807 0.716888 4.29934e-19)
(0.747937 1.03932 0)
(0.97869 1.38027 -4.72492e-21)
(1.02212 1.47328 -7.47825e-19)
(0.991306 1.47194 1.34197e-19)
(0.932076 1.43607 2.89309e-19)
(0.865291 1.39809 -1.68101e-19)
(0.791071 1.3617 1.20082e-19)
(0.706943 1.32744 -6.75517e-20)
(0.609113 1.29783 2.77231e-20)
(0.498861 1.27983 -5.06379e-20)
(0.429614 1.39409 -2.91694e-19)
(0.599964 2.76282 -3.71961e-19)
(0.74899 3.54537 -2.83134e-20)
(0.73372 3.59136 1.36285e-20)
(0.681475 3.4588 7.10363e-20)
(0.428639 2.32085 -3.8244e-21)
(-0.000238713 0.0679285 8.28047e-20)
(-0.100877 -0.170193 1.91741e-19)
(-0.0719064 -0.112914 -2.27359e-19)
(0.506805 0.734297 2.05067e-19)
(0.73156 1.06471 -3.50258e-19)
(0.957265 1.41363 2.61861e-19)
(0.999882 1.50736 -3.85772e-19)
(0.96993 1.50562 1.60278e-20)
(0.912338 1.4693 0)
(0.847552 1.43117 0)
(0.775492 1.39506 -2.14944e-19)
(0.693835 1.3618 4.93692e-21)
(0.599039 1.33441 2.10402e-20)
(0.493764 1.32257 3.16769e-19)
(0.45964 1.55214 2.1878e-19)
(0.682966 3.12469 -4.79913e-20)
(0.792896 3.57087 -5.92779e-20)
(0.76201 3.56291 -3.58091e-20)
(0.649068 3.15073 1.6413e-19)
(0.173512 0.792155 0)
(-0.0737266 -0.134932 -4.42291e-19)
(-0.0884248 -0.166863 4.33412e-19)
(-0.0539645 -0.0896909 0)
(0.49206 0.750686 8.25936e-19)
(0.712447 1.08973 -5.11973e-19)
(0.933349 1.44786 -5.1369e-19)
(0.975379 1.54261 -1.78871e-19)
(0.946603 1.54046 -4.99113e-19)
(0.891 1.50373 3.1675e-19)
(0.828584 1.46546 -1.28258e-19)
(0.759113 1.42965 0)
(0.680428 1.39742 0)
(0.589382 1.3722 1.1186e-19)
(0.491135 1.36964 -2.58212e-19)
(0.502333 1.75778 -3.99361e-20)
(0.754551 3.34442 1.50825e-19)
(0.829078 3.57383 0)
(0.775185 3.48056 1.72136e-19)
(0.534406 2.5218 -8.85064e-20)
(0.0124836 0.0518732 -3.42635e-19)
(-0.102407 -0.184738 0)
(-0.0875454 -0.152774 -3.21256e-19)
(-0.0461746 -0.0761651 0)
(0.473788 0.764895 -6.11206e-19)
(0.689926 1.11347 0)
(0.906657 1.48233 5.2268e-19)
(0.94834 1.57871 1.79016e-19)
(0.921145 1.57621 -1.33399e-19)
(0.867935 1.5391 1.16577e-20)
(0.808319 1.50072 -5.1193e-20)
(0.741917 1.46523 1.9001e-19)
(0.666736 1.43404 2.06153e-20)
(0.580175 1.41088 0)
(0.491647 1.42246 0)
(0.555498 2.00315 1.45742e-21)
(0.816204 3.46488 -7.25191e-20)
(0.859345 3.56619 0)
(0.76166 3.30194 -1.05542e-19)
(0.338651 1.5002 8.48477e-20)
(-0.0975054 -0.116637 5.35083e-20)
(-0.101626 -0.19315 2.4997e-19)
(-0.0739129 -0.142831 2.58665e-19)
(-0.036844 -0.0658694 0)
(0.451689 0.776194 -1.93834e-19)
(0.663197 1.1348 3.23031e-19)
(0.876849 1.5161 2.48598e-19)
(0.91844 1.61526 -4.63606e-21)
(0.893369 1.61252 -2.49795e-19)
(0.843017 1.5751 0)
(0.786669 1.53664 -1.08555e-19)
(0.723863 1.50148 4.64338e-20)
(0.652769 1.47133 -5.94232e-20)
(0.571408 1.45015 0)
(0.496103 1.48242 7.27073e-20)
(0.617069 2.27315 -6.43811e-20)
(0.866014 3.52297 -1.92704e-20)
(0.878471 3.53805 0)
(0.709903 2.98726 -1.20786e-19)
(0.0991148 0.360538 8.51134e-20)
(-0.102234 -0.173942 4.95474e-20)
(-0.101215 -0.192607 1.73842e-19)
(-0.0663258 -0.128204 5.43139e-19)
(-0.0286305 -0.0533365 0)
(0.424699 0.781612 -5.61421e-19)
(0.631473 1.15191 4.77476e-19)
(0.843239 1.54821 5.00655e-19)
(0.885537 1.65159 1.86395e-19)
(0.863086 1.6489 2.50917e-19)
(0.816122 1.61126 1.72692e-19)
(0.763562 1.5728 -1.1382e-19)
(0.704914 1.53797 -1.80426e-19)
(0.63853 1.50884 2.55305e-20)
(0.563062 1.48979 -1.40052e-20)
(0.504578 1.55004 -3.12229e-21)
(0.684543 2.57087 -1.98461e-20)
(0.90479 3.54609 7.79341e-20)
(0.883548 3.48075 6.59779e-20)
(0.606226 2.49603 0)
(0.0186001 0.0203387 -1.60983e-19)
(-0.117597 -0.227725 0)
(-0.104277 -0.213436 -2.17622e-19)
(-0.0599786 -0.127366 2.5555e-19)
(-0.0240849 -0.0486635 -2.62098e-19)
(0.392954 0.778071 1.84756e-19)
(0.594273 1.16186 -1.56311e-19)
(0.805428 1.57731 2.4673e-19)
(0.849357 1.68677 -1.96013e-19)
(0.830158 1.6847 5.08545e-19)
(0.787153 1.64703 -1.68277e-19)
(0.738937 1.60868 -1.08692e-19)
(0.685017 1.5742 -1.38276e-19)
(0.623998 1.54598 -1.55984e-19)
(0.555012 1.52941 8.41334e-20)
(0.515683 1.62585 0)
(0.750587 2.8374 0)
(0.932371 3.55122 -5.51719e-20)
(0.875778 3.38439 -9.89659e-20)
(0.467891 1.894 1.92381e-19)
(-0.0871714 -0.051071 3.75754e-19)
(-0.12549 -0.244106 1.76077e-19)
(-0.0967183 -0.225831 -5.10247e-20)
(-0.0443003 -0.11765 2.98181e-20)
(-0.0147384 -0.0365199 0)
(0.355586 0.763602 -1.42447e-18)
(0.550702 1.16113 6.01844e-19)
(0.762807 1.60096 -2.33727e-19)
(0.809719 1.71996 -3.43666e-19)
(0.794539 1.71906 -5.02561e-19)
(0.75608 1.68168 -1.7568e-19)
(0.712791 1.64363 0)
(0.664142 1.60958 -1.38727e-19)
(0.609074 1.58214 1.62345e-19)
(0.547099 1.56829 4.45134e-20)
(0.528188 1.70825 1.27798e-19)
(0.808686 3.04543 -1.04171e-20)
(0.953865 3.54869 -2.55373e-21)
(0.857093 3.25047 1.10736e-19)
(0.308968 1.23219 1.43776e-19)
(-0.135585 -0.159051 0)
(-0.110383 -0.33543 -3.72068e-20)
(-0.0558225 -0.266832 -3.92392e-19)
(-0.000570038 -0.0978038 -2.80097e-20)
(0.0114207 0.00128652 0)
(0.312654 0.73467 1.7223e-19)
(0.5011 1.14464 0)
(0.715313 1.61624 4.6066e-19)
(0.76676 1.74919 3.33763e-19)
(0.756295 1.75099 -5.04059e-19)
(0.722994 1.71442 1.55225e-19)
(0.685171 1.67692 2.37011e-19)
(0.642306 1.64345 8.38205e-20)
(0.593652 1.61674 1.01881e-19)
(0.539161 1.60563 0)
(0.540836 1.79096 0)
(0.852763 3.18909 8.36401e-20)
(0.968567 3.53647 -6.76129e-20)
(0.839724 3.08899 0)
(0.243246 0.739557 7.55523e-20)
(-0.0230898 -0.366612 -8.06586e-20)
(-0.0282034 -0.425017 7.92654e-20)
(0.0233887 -0.237549 -3.95455e-19)
(0.0643182 0.00669429 2.75922e-20)
(0.0541383 0.108368 -1.64992e-21)
(0.264505 0.686932 6.52424e-19)
(0.446093 1.10676 -6.99205e-19)
(0.66265 1.61904 2.13546e-19)
(0.720864 1.77238 1.63518e-19)
(0.715836 1.77928 2.36336e-19)
(0.68813 1.74431 3.35166e-19)
(0.656263 1.70773 0)
(0.619604 1.67506 -1.60172e-19)
(0.577705 1.64925 1.98076e-19)
(0.530976 1.64053 -6.82453e-20)
(0.550986 1.86567 -9.83215e-20)
(0.880307 3.27736 4.85131e-20)
(0.969201 3.52017 1.24672e-19)
(0.815674 2.91926 0)
(0.137552 0.291918 0)
(-0.0525009 -0.453988 -9.58535e-20)
(-0.0474944 -0.357989 0)
(-3.5915e-05 -0.0225565 0)
(0.0285261 0.163939 2.77487e-20)
(0.0371128 0.14076 5.04987e-19)
(0.215508 0.615369 -1.28172e-18)
(0.381523 1.04254 1.17595e-18)
(0.604469 1.60311 -8.12288e-19)
(0.672754 1.78703 -4.74833e-19)
(0.673642 1.80249 -2.21016e-19)
(0.652066 1.7703 0)
(0.626353 1.73525 0)
(0.596253 1.7037 -1.55975e-19)
(0.561351 1.67904 -6.05697e-20)
(0.522421 1.67201 7.52969e-20)
(0.554874 1.92472 1.10644e-19)
(0.892661 3.32752 -6.37882e-20)
(0.949906 3.51396 -5.21369e-20)
(0.763316 2.77508 -2.26891e-20)
(0.102444 0.158311 3.1182e-20)
(-0.117753 -0.378061 9.44381e-20)
(-0.0848561 -0.235407 -2.84098e-19)
(-0.0122235 0.0402645 0)
(0.015604 0.107164 -3.67217e-19)
(0.0175255 0.05957 -4.65386e-19)
(0.160754 0.522637 -5.86365e-19)
(0.309042 0.943585 6.04096e-19)
(0.536935 1.56198 0)
(0.621969 1.78936 2.85138e-19)
(0.630356 1.81888 -1.08724e-20)
(0.615579 1.7916 1.64835e-19)
(0.595999 1.75864 2.24141e-21)
(0.572521 1.72862 -1.56325e-19)
(0.54487 1.70527 5.70761e-20)
(0.513999 1.69956 0)
(0.550509 1.96221 2.46708e-19)
(0.898627 3.35106 5.36402e-20)
(0.919741 3.5295 -5.92548e-20)
(0.649519 2.74685 0)
(-0.0304843 0.304203 0)
(-0.2419 -0.347838 2.01599e-20)
(-0.18264 -0.31366 1.38364e-19)
(-0.0436554 -0.0224774 0)
(0.00623541 0.0705592 4.16127e-19)
(0.010682 0.0504578 -9.83431e-19)
(0.106353 0.401398 6.50843e-20)
(0.232647 0.800647 -1.0914e-19)
(0.463864 1.48001 -5.16641e-19)
(0.567712 1.77368 -2.04234e-19)
(0.58756 1.82694 2.04421e-19)
(0.579755 1.80776 2.56319e-22)
(0.56584 1.77731 1.0617e-19)
(0.548652 1.7492 0)
(0.528476 1.72673 1.11614e-19)
(0.506391 1.7223 -7.99352e-20)
(0.540274 1.96556 1.20492e-19)
(0.903943 3.33529 1.5096e-21)
(0.946683 3.5779 8.78114e-20)
(0.657769 2.86667 2.01059e-19)
(-0.067653 0.712189 2.55986e-19)
(-0.362685 -0.461035 6.19474e-20)
(-0.305375 -0.548533 -1.81623e-19)
(-0.135953 -0.22932 2.93728e-20)
(-0.0337402 -0.0185818 5.04493e-19)
(-0.0116539 -0.00796559 1.77667e-20)
(0.0585727 0.259362 -3.0491e-20)
(0.153958 0.600904 1.42115e-21)
(0.385065 1.34205 -1.16921e-19)
(0.511553 1.72917 0)
(0.546973 1.82568 0)
(0.54594 1.8195 6.91985e-20)
(0.536458 1.79113 -1.06098e-19)
(0.524808 1.76507 -1.48036e-19)
(0.511604 1.74268 1.06839e-19)
(0.498983 1.73679 3.9589e-20)
(0.533101 1.93319 -8.30694e-22)
(0.913555 3.25337 8.04865e-21)
(1.06241 3.60227 -1.75639e-19)
(0.997172 3.15614 -6.06001e-20)
(0.417709 1.29651 -6.05607e-20)
(-0.032101 -0.429818 2.555e-19)
(-0.136962 -0.75042 2.74966e-19)
(-0.075259 -0.465436 0)
(0.000356796 -0.0889527 2.35125e-21)
(-0.00197745 -0.0262231 2.49138e-20)
(0.0240724 0.120691 1.54559e-19)
(0.0817604 0.356422 0)
(0.297409 1.12196 -1.0535e-19)
(0.451402 1.63934 0)
(0.506232 1.80993 -1.25908e-19)
(0.514 1.82515 -6.49142e-20)
(0.508008 1.8009 4.85962e-20)
(0.500707 1.77614 6.99419e-20)
(0.492874 1.75256 -5.31238e-20)
(0.489559 1.74061 -7.40533e-20)
(0.513876 1.87023 6.71432e-20)
(0.882259 3.04219 0)
(1.05361 3.47896 0)
(1.04338 3.17991 2.11318e-20)
(0.675529 1.77621 1.46937e-20)
(0.217159 0.000884127 1.02104e-20)
(-0.0681473 -0.469334 -8.23156e-21)
(-0.0806466 -0.482059 7.1856e-20)
(0.0507845 -0.0246355 -2.42674e-21)
(0.0484924 0.168781 -2.44475e-19)
(0.00761976 0.0190472 1.03121e-19)
(0.0322205 0.132833 2.86673e-20)
(0.19009 0.774573 7.70974e-21)
(0.383406 1.47964 1.24024e-20)
(0.465652 1.77099 0)
(0.483058 1.82291 -1.45968e-20)
(0.480872 1.80879 1.12181e-20)
(0.474704 1.78404 3.21723e-22)
(0.470088 1.75665 0)
(0.469659 1.73558 -8.88231e-21)
(0.486167 1.7982 2.8546e-22)
(0.735349 2.72877 0)
(0.916991 3.40838 -2.0402e-20)
(0.889212 3.31042 -1.52025e-21)
(0.631944 2.42546 7.4903e-21)
(0.0952621 0.902267 -2.90736e-21)
(-0.287835 -0.110399 0)
(-0.420848 -0.790752 2.29404e-20)
(-0.339758 -0.883961 -2.48829e-20)
(-0.0664748 -0.0517276 -1.78766e-22)
(-0.000290245 -0.0271082 0)
(0.00948593 -7.27109e-05 3.52723e-33)
(0.0788934 0.341397 0)
(0.280965 1.15919 0)
(0.415689 1.67648 0)
(0.45161 1.81176 0)
(0.453728 1.81666 0)
(0.447377 1.78934 -4.88414e-34)
(0.44231 1.76032 0)
(0.442419 1.72957 -1.12279e-33)
(0.457941 1.75738 0)
(0.591288 2.41814 0)
(0.82158 3.38741 0)
(0.804167 3.46457 0)
(0.687868 3.01968 0)
(0.41836 1.80393 0)
(0.149819 0.83353 0)
(-0.0294714 -0.287265 0)
(-0.136126 -1.26674 0)
(-0.108821 -1.35341 0)
(-0.000239802 -0.026208 0)
(0.00210496 -0.0562149 0)
(0.0266863 0.0721743 0)
(0.152176 0.672882 0)
(0.341185 1.46598 0)
(0.414967 1.77396 0)
(0.424432 1.81643 0)
(0.419562 1.79494 0)
(0.41393 1.76377 0)
(0.414897 1.72619 0)
(0.424587 1.73647 0)
(0.526943 2.16045 0)
(0.795151 3.3176 0)
(0.848499 3.53828 0)
(0.810996 3.37963 0)
(0.519548 2.23394 0)
(0.338448 1.21764 0)
(0.20874 0.103228 0)
(0.0807273 -0.880931 0)
(-0.0114604 -1.49231 0)
(-0.000194659 -0.0245225 0)
(-0.00056 -0.0739716 0)
(0.00829847 -0.0274683 0)
(0.0598253 0.274286 0)
(0.249868 1.15368 0)
(0.370111 1.69408 0)
(0.393002 1.80995 0)
(0.390489 1.80207 0)
(0.38532 1.76512 0)
(0.381252 1.7261 0)
(0.393405 1.71078 0)
(0.463313 1.96081 0)
(0.788203 3.116 0)
(0.917811 3.48326 0)
(0.984757 3.41251 0)
(0.929507 2.82216 0)
(0.709138 1.68971 0)
(0.500149 0.551709 0)
(0.287476 -0.394105 0)
(0.0778065 -1.02191 0)
(-0.000259106 -0.0203028 0)
(-0.00143043 -0.0753959 0)
(0.00247822 -0.0720077 0)
(0.0278958 0.0811651 0)
(0.156741 0.787127 0)
(0.314521 1.56014 0)
(0.357983 1.79203 0)
(0.359155 1.80528 0)
(0.351417 1.7704 0)
(0.343379 1.72695 0)
(0.35768 1.69451 0)
(0.38346 1.81341 0)
(0.699394 2.80595 0)
(0.902588 3.31485 0)
(0.986581 3.27635 0)
(1.00599 2.93315 0)
(0.888474 2.10068 0)
(0.647916 1.14645 0)
(0.382184 0.327939 0)
(0.124708 -0.270541 0)
(4.24513e-05 -0.0185256 0)
(0.000754319 -0.0797676 0)
(0.00583081 -0.101283 0)
(0.024672 -0.0156995 0)
(0.0849703 0.444114 0)
(0.252252 1.3758 0)
(0.318804 1.75928 0)
(0.322217 1.8075 0)
(0.313336 1.7773 0)
(0.305421 1.72442 0)
(0.305739 1.68211 0)
(0.317085 1.72955 0)
(0.536867 2.44635 0)
(0.773297 3.17498 0)
(0.827725 3.2035 0)
(0.836338 3.00541 0)
(0.743398 2.44208 0)
(0.551871 1.73951 0)
(0.321805 1.09302 0)
(0.101092 0.541171 0)
(-0.000294275 -0.0188916 0)
(-0.00654042 -0.0779952 0)
(-0.0106718 -0.126834 0)
(0.00514407 -0.0861921 0)
(0.049618 0.237789 0)
(0.184025 1.16514 0)
(0.272371 1.71131 0)
(0.280684 1.8087 0)
(0.274162 1.78526 0)
(0.261721 1.72949 0)
(0.253826 1.67749 0)
(0.263437 1.69514 0)
(0.331647 2.11326 0)
(0.597367 3.02973 0)
(0.613721 3.1773 0)
(0.597949 3.1069 0)
(0.514104 2.74942 0)
(0.366961 2.23281 0)
(0.202021 1.71179 0)
(0.0525073 1.14892 0)
(-0.00243939 0.0122025 0)
(-0.0273471 -0.00727732 0)
(-0.0531403 -0.114428 0)
(-0.050896 -0.14582 0)
(-0.0136153 0.0859453 0)
(0.111784 0.961154 0)
(0.220974 1.64915 0)
(0.239043 1.80929 0)
(0.231927 1.79757 0)
(0.216744 1.73925 0)
(0.206102 1.67911 0)
(0.210204 1.68999 0)
(0.215866 1.95024 0)
(0.399109 2.90907 0)
(0.413382 3.19928 0)
(0.379569 3.20271 0)
(0.312535 2.999 0)
(0.203715 2.58937 0)
(0.0958737 2.12615 0)
(0.0131857 1.47687 0)
(-0.00220661 0.0688477 0)
(-0.0184863 0.10237 0)
(-0.0167757 -0.0812286 0)
(0.0151397 -0.170994 0)
(0.0324247 -0.0140417 0)
(0.0911517 0.741747 0)
(0.191914 1.57712 0)
(0.202385 1.81067 0)
(0.186115 1.81001 0)
(0.170694 1.74787 0)
(0.161431 1.68307 0)
(0.161739 1.69197 0)
(0.149672 1.88603 0)
(0.24138 2.8248 0)
(0.242866 3.23174 0)
(0.203822 3.29416 0)
(0.153569 3.17592 0)
(0.0783063 2.82632 0)
(0.0180818 2.35618 0)
(-0.00947623 1.56322 0)
(-0.00137251 0.0882442 0)
(0.0336651 0.0189083 0)
(0.152187 -0.297339 0)
(0.252099 -0.322396 0)
(0.26199 0.0259772 0)
(0.165036 0.617654 0)
(0.184171 1.5318 0)
(0.163018 1.82498 0)
(0.134051 1.8235 0)
(0.121753 1.75404 0)
(0.118372 1.68408 0)
(0.119314 1.6939 0)
(0.106217 1.87453 0)
(0.133925 2.79039 0)
(0.117101 3.26976 0)
(0.079345 3.37799 0)
(0.0406931 3.29758 0)
(-0.00618694 2.9649 0)
(-0.0307985 2.43647 0)
(-0.0178629 1.51545 0)
(0.00586839 0.000689025 0)
(0.109641 -0.4758 0)
(0.232141 -0.647002 0)
(0.270265 -0.403465 0)
(0.229118 0.146985 0)
(0.141434 0.735751 0)
(0.118219 1.56087 0)
(0.0815337 1.86011 0)
(0.0651849 1.83712 0)
(0.0656977 1.75452 0)
(0.0750746 1.6808 0)
(0.0847256 1.69548 0)
(0.0740379 1.88894 0)
(0.0657632 2.79873 0)
(0.0410149 3.30901 0)
(0.00719858 3.44663 0)
(-0.0258065 3.38193 0)
(-0.0521953 3.02593 0)
(-0.0471976 2.40986 0)
(-0.0172885 1.39184 0)
(0.014088 -0.206928 0)
(0.0863163 -0.845265 0)
(0.116619 -0.758518 0)
(0.0960306 -0.316786 0)
(0.0562934 0.247102 0)
(0.00214151 0.861789 0)
(-0.0417292 1.61658 0)
(-0.0460495 1.87956 0)
(-0.0258633 1.83519 0)
(0.00325349 1.74397 0)
(0.0313906 1.66805 0)
(0.0542247 1.68812 0)
(0.0547495 1.9077 0)
(0.0293333 2.83101 0)
(0.0027366 3.35026 0)
(-0.021452 3.50151 0)
(-0.0446597 3.43687 0)
(-0.0531054 3.0266 0)
(-0.0362977 2.3355 0)
(-0.0128868 1.28778 0)
(0.0100407 -0.395042 0)
(0.0265398 -0.92598 0)
(-0.00353756 -0.677648 0)
(-0.0503977 -0.21997 0)
(-0.104853 0.341232 0)
(-0.171226 0.97807 0)
(-0.218438 1.65839 0)
(-0.186336 1.83772 0)
(-0.120313 1.7977 0)
(-0.0599095 1.71121 0)
(-0.00989632 1.64349 0)
(0.0258717 1.67335 0)
(0.0380121 1.92285 0)
(0.0109037 2.86552 0)
(-0.00841185 3.37717 0)
(-0.0205236 3.53431 0)
(-0.0269875 3.468 0)
(-0.0291206 3.00785 0)
(-0.0164547 2.27756 0)
(-0.00750778 1.22777 0)
(0.00301667 -0.447266 0)
(-0.037029 -0.788665 0)
(-0.113239 -0.500372 0)
(-0.196324 -0.0552432 0)
(-0.280435 0.503382 0)
(-0.359789 1.13462 0)
(-0.365902 1.61923 0)
(-0.284982 1.74503 0)
(-0.193366 1.72004 0)
(-0.111555 1.65856 0)
(-0.0488462 1.60811 0)
(-0.00462341 1.64373 0)
(0.0210536 1.92798 0)
(-0.00859707 2.89482 0)
(-0.0150961 3.38812 0)
(-0.0146939 3.53411 0)
(-0.0073516 3.46671 0)
(-0.00467051 2.99108 0)
(-0.00247472 2.26359 0)
(-0.0041925 1.20294 0)
(-0.00805274 -0.348596 0)
(-0.0789053 -0.505948 0)
(-0.183131 -0.223104 0)
(-0.292111 0.181852 0)
(-0.392239 0.682034 0)
(-0.444564 1.19436 0)
(-0.41545 1.50963 0)
(-0.323273 1.62076 0)
(-0.228362 1.62515 0)
(-0.143987 1.59593 0)
(-0.0810107 1.56634 0)
(-0.0360066 1.60803 0)
(-0.0141258 1.93214 0)
(-0.0331098 2.91514 0)
(-0.0301753 3.38219 0)
(-0.0181182 3.51828 0)
(-0.0021435 3.44816 0)
(0.00290775 2.98734 0)
(-4.64034e-05 2.28295 0)
(-0.00375496 1.19037 0)
(-0.00986831 -0.175997 0)
(-0.0816304 -0.174979 0)
(-0.183627 0.0826329 0)
(-0.288371 0.426338 0)
(-0.376667 0.82604 0)
(-0.415558 1.19622 0)
(-0.369741 1.40181 0)
(-0.302262 1.50837 0)
(-0.225509 1.53882 0)
(-0.1565 1.53668 0)
(-0.104531 1.52733 0)
(-0.071228 1.57871 0)
(-0.0622071 1.93412 0)
(-0.0617171 2.91803 0)
(-0.0480926 3.3606 0)
(-0.0303515 3.482 0)
(-0.0121304 3.41489 0)
(-0.00276658 2.98199 0)
(-0.00666501 2.30214 0)
(-0.00479194 1.16572 0)
(-0.0059971 -0.0237606 0)
(-0.0607465 0.117741 0)
(-0.141335 0.353277 0)
(-0.224156 0.635713 0)
(-0.29018 0.938328 0)
(-0.31605 1.19126 0)
(-0.293946 1.34272 0)
(-0.252171 1.43648 0)
(-0.20115 1.47616 0)
(-0.151996 1.49174 0)
(-0.114769 1.4982 0)
(-0.0985657 1.56507 0)
(-0.102257 1.92885 0)
(-0.0766062 2.90578 0)
(-0.0588505 3.33484 0)
(-0.0387365 3.44576 0)
(-0.0213497 3.38165 0)
(-0.0106944 2.97464 0)
(-0.0134056 2.31247 0)
(-0.00525018 1.12564 0)
(-0.00301581 0.069627 0)
(-0.0351325 0.325235 0)
(-0.0893849 0.555443 0)
(-0.14758 0.793555 0)
(-0.195472 1.02427 0)
(-0.21792 1.2022 0)
(-0.216309 1.32045 0)
(-0.195515 1.39548 0)
(-0.167176 1.43643 0)
(-0.136109 1.4614 0)
(-0.111825 1.47964 0)
(-0.106917 1.56559 0)
(-0.112853 1.91409 0)
(-0.0678462 2.88066 0)
(-0.0532875 3.30935 0)
(-0.0376756 3.41404 0)
(-0.0247744 3.35215 0)
(-0.0166903 2.96598 0)
(-0.0177635 2.30692 0)
(-0.0048933 1.07739 0)
(-0.0010591 0.113588 0)
(-0.0162048 0.448066 0)
(-0.0484941 0.690288 0)
(-0.087048 0.904278 0)
(-0.121628 1.09058 0)
(-0.142745 1.22484 0)
(-0.151574 1.31918 0)
(-0.144522 1.37747 0)
(-0.131036 1.41316 0)
(-0.113188 1.4417 0)
(-0.0973108 1.46932 0)
(-0.0968415 1.57033 0)
(-0.0973371 1.89436 0)
(-0.0493378 2.84391 0)
(-0.0360346 3.29135 0)
(-0.0286354 3.39481 0)
(-0.022998 3.33251 0)
(-0.0199452 2.96374 0)
(-0.0205854 2.2876 0)
(-0.00404371 1.02727 0)
(-0.000161701 0.128711 0)
(-0.00523329 0.507737 0)
(-0.0218019 0.772456 0)
(-0.0460538 0.978948 0)
(-0.0706656 1.14215 0)
(-0.0893641 1.25182 0)
(-0.101586 1.32785 0)
(-0.102375 1.37344 0)
(-0.0971697 1.40179 0)
(-0.0874264 1.42984 0)
(-0.0755323 1.4626 0)
(-0.0710549 1.5743 0)
(-0.0681343 1.87801 0)
(-0.0314281 2.79695 0)
(-0.0187846 3.28351 0)
(-0.0199812 3.39119 0)
(-0.0211327 3.32955 0)
(-0.0229623 2.96919 0)
(-0.0222444 2.25495 0)
(-0.00349653 0.979301 0)
(0.000138388 0.130159 0)
(0.000314572 0.528067 0)
(-0.00594894 0.81723 0)
(-0.0200669 1.02744 0)
(-0.0369716 1.18103 0)
(-0.0522999 1.27718 0)
(-0.0643753 1.33965 0)
(-0.0687516 1.3754 0)
(-0.067925 1.39658 0)
(-0.0626844 1.42183 0)
(-0.052307 1.45653 0)
(-0.0438894 1.57335 0)
(-0.0380241 1.86587 0)
(-0.0179654 2.75157 0)
(-0.00661635 3.28521 0)
(-0.0144225 3.40178 0)
(-0.02166 3.33695 0)
(-0.0274518 2.98152 0)
(-0.0225551 2.20781 0)
(-0.00323409 0.934533 0)
(0.000269525 0.126017 0)
(0.00259978 0.526947 0)
(0.00246829 0.836744 0)
(-0.00447556 1.05727 0)
(-0.0155155 1.20913 0)
(-0.0273104 1.29855 0)
(-0.0378191 1.3517 0)
(-0.043212 1.37959 0)
(-0.0440653 1.39446 0)
(-0.0406666 1.41586 0)
(-0.0306917 1.45039 0)
(-0.017999 1.56835 0)
(-0.0121897 1.8604 0)
(-0.00794365 2.72086 0)
(-0.00292458 3.29272 0)
(-0.0139131 3.42144 0)
(-0.0250743 3.35505 0)
(-0.0310746 2.98571 0)
(-0.0205662 2.14923 0)
(-0.0028582 0.894826 0)
(0.000273115 0.119984 0)
(0.00365695 0.514915 0)
(0.00684721 0.839992 0)
(0.00439001 1.07392 0)
(-0.00238179 1.22861 0)
(-0.0111141 1.31534 0)
(-0.0195755 1.36248 0)
(-0.0248097 1.38419 0)
(-0.0258777 1.39372 0)
(-0.0228161 1.40998 0)
(-0.0115884 1.44076 0)
(0.00631066 1.55801 0)
(0.0121608 1.86614 0)
(-0.00131242 2.71081 0)
(-0.00340181 3.30549 0)
(-0.0176573 3.44654 0)
(-0.0297153 3.37441 0)
(-0.0327547 2.98225 0)
(-0.0179676 2.087 0)
(-0.00251652 0.860653 0)
(0.000262127 0.113684 0)
(0.00368416 0.498888 0)
(0.00837468 0.834344 0)
(0.0089258 1.0815 0)
(0.00505551 1.24163 0)
(-0.00126103 1.32788 0)
(-0.00787046 1.37127 0)
(-0.0123981 1.38793 0)
(-0.013104 1.39306 0)
(-0.00928873 1.40293 0)
(0.00400413 1.42666 0)
(0.0276583 1.54117 0)
(0.0353295 1.8833 0)
(0.00280594 2.71903 0)
(-0.00837772 3.32585 0)
(-0.0246992 3.47345 0)
(-0.0357387 3.39069 0)
(-0.0349537 2.96535 0)
(-0.0166989 2.02617 0)
(-0.00252178 0.829812 0)
(0.000231254 0.107834 0)
(0.00337743 0.482396 0)
(0.00851984 0.82374 0)
(0.0107715 1.08309 0)
(0.00880205 1.25026 0)
(0.00410179 1.33752 0)
(-0.00110563 1.37858 0)
(-0.00510727 1.39116 0)
(-0.00566862 1.39226 0)
(-0.00206622 1.3954 0)
(0.0132385 1.40819 0)
(0.0411594 1.5191 0)
(0.0503358 1.90906 0)
(0.00344473 2.75277 0)
(-0.018065 3.35222 0)
(-0.0342212 3.49854 0)
(-0.0425305 3.39962 0)
(-0.0370717 2.93416 0)
(-0.0165352 1.96732 0)
(-0.00283934 0.799343 0)
(0.000194419 0.102779 0)
(0.00293356 0.467365 0)
(0.00783239 0.81145 0)
(0.0108939 1.08162 0)
(0.0101084 1.25609 0)
(0.00635731 1.3454 0)
(0.00174321 1.38481 0)
(-0.00235011 1.39434 0)
(-0.00427909 1.39207 0)
(-0.00171672 1.3877 0)
(0.0120939 1.38921 0)
(0.0393456 1.49409 0)
(0.0497062 1.93815 0)
(-0.00533741 2.80116 0)
(-0.0330226 3.38153 0)
(-0.0461734 3.51867 0)
(-0.0493104 3.39806 0)
(-0.038005 2.89177 0)
(-0.0162098 1.91021 0)
(-0.00311754 0.768625 0)
(0.000827778 0.269084 0)
(0.00382176 0.620974 0)
(0.0075061 0.942296 0)
(0.00922423 1.18073 0)
(0.00751971 1.31975 0)
(0.0032736 1.38185 0)
(-0.00178519 1.40185 0)
(-0.00677179 1.39924 0)
(-0.011266 1.39262 0)
(-0.0153511 1.37647 0)
(-0.0170582 1.40419 0)
(-0.0121385 1.64402 0)
(-0.028177 2.45408 0)
(-0.0615281 3.2192 0)
(-0.0647715 3.5004 0)
(-0.0586049 3.48809 0)
(-0.0446771 3.13716 0)
(-0.0220858 2.34712 0)
(-0.00720057 1.26467 0)
(-0.00296944 0.740668 0)
(-0.0879353 0.614978 -2.09497e-19)
(0.169576 3.11812 -9.88469e-20)
(0.201424 3.6025 -7.53472e-20)
(0.178648 3.58391 -7.84275e-20)
(0.160969 3.51878 1.59786e-20)
(0.147192 3.4793 7.93747e-22)
(0.12317 3.45022 -1.33463e-20)
(0.114168 3.43931 -1.59963e-20)
(0.0989781 3.35024 4.16918e-19)
(0.07083 2.43249 4.73937e-19)
(-0.0310132 1.20692 0)
(0.0730468 3.14115 5.50999e-22)
(0.0976713 3.53945 1.36844e-19)
(0.098839 3.53075 2.73298e-19)
(0.0953187 3.48504 3.05317e-19)
(0.0895058 3.45424 1.20874e-20)
(0.0823153 3.43567 4.15419e-19)
(0.0725652 3.43033 4.51092e-19)
(0.0561113 3.32731 4.51409e-19)
(0.0256092 2.24871 -3.68295e-21)
(-0.0260106 1.03894 1.1641e-19)
(0.0447964 3.05899 -1.75226e-19)
(0.0568885 3.49346 2.42089e-19)
(0.0597845 3.49361 0)
(0.0597412 3.45801 7.28897e-19)
(0.0583872 3.43438 0)
(0.0558985 3.42224 -1.41842e-20)
(0.0529401 3.42382 4.82883e-19)
(0.0478866 3.3422 7.67263e-21)
(0.0286489 2.3165 5.11531e-19)
(-0.017679 0.940086 -2.68294e-19)
(0.0186188 3.01743 -2.43634e-21)
(0.0283622 3.46109 -5.00425e-21)
(0.0333813 3.46364 0)
(0.0361761 3.43444 -1.26849e-20)
(0.0382595 3.41593 -4.38578e-19)
(0.0402542 3.40829 4.83789e-19)
(0.0426511 3.41336 0)
(0.0431227 3.34845 5.10586e-19)
(0.0294677 2.38022 2.08025e-21)
(-0.0131223 0.888672 -1.66018e-19)
(-0.000106062 3.00999 -1.76262e-19)
(0.0100155 3.43645 1.68745e-19)
(0.015748 3.43781 2.05315e-19)
(0.0209779 3.41265 2.16353e-19)
(0.0258627 3.39745 2.35825e-19)
(0.0310722 3.39234 -2.49053e-19)
(0.0367732 3.39938 -2.76141e-19)
(0.040521 3.34961 -2.56419e-19)
(0.0314049 2.44222 -2.85959e-19)
(-0.0105381 0.870476 -2.84536e-21)
(-0.00999956 3.02148 -3.29436e-21)
(-0.00244621 3.4161 -2.32689e-19)
(0.00426028 3.41373 -2.25869e-19)
(0.0110869 3.39105 -2.49397e-19)
(0.0181583 3.37779 -2.61932e-19)
(0.0257135 3.37412 -2.74011e-19)
(0.0337936 3.38243 2.84625e-19)
(0.0399936 3.34643 -2.78702e-19)
(0.0350245 2.50504 -3.0053e-19)
(-0.00971405 0.870273 2.05147e-19)
(-0.0173511 3.04527 2.27346e-19)
(-0.0122299 3.39759 3.12636e-21)
(-0.00388589 3.38977 -2.45484e-19)
(0.00433857 3.3684 0)
(0.013199 3.35615 3.06055e-19)
(0.0227814 3.35325 -4.59593e-20)
(0.032972 3.36233 2.9519e-19)
(0.0417775 3.33883 0)
(0.0404157 2.56971 3.15485e-19)
(-0.0106411 0.887725 -3.65064e-21)
(-0.0245739 3.07622 1.4557e-20)
(-0.0205818 3.37827 5.16118e-19)
(-0.0106382 3.36423 0)
(-0.000905698 3.34341 -2.34758e-22)
(0.00981604 3.33152 2.92287e-19)
(0.0214767 3.32893 -1.94864e-20)
(0.0339132 3.33839 3.27542e-19)
(0.0456714 3.3262 -3.39462e-19)
(0.0475275 2.63795 5.35026e-21)
(-0.0130917 0.924348 -2.46126e-19)
(-0.0336412 3.10973 1.25789e-20)
(-0.0294591 3.35563 -1.76145e-20)
(-0.0173205 3.33526 -2.89057e-19)
(-0.00558383 3.31446 -2.36893e-22)
(0.00734111 3.30262 2.02752e-20)
(0.0213669 3.30018 -2.10862e-20)
(0.0362878 3.30979 -1.08925e-20)
(0.0513067 3.3077 1.12216e-20)
(0.0562135 2.71012 3.77638e-19)
(-0.0190523 0.994955 -2.80524e-19)
(-0.0456349 3.14116 -2.99446e-19)
(-0.0396277 3.32682 -2.98358e-19)
(-0.0245362 3.30086 0)
(-0.00996721 3.28002 3.29886e-19)
(0.00565313 3.26836 -3.82214e-19)
(0.0222788 3.26623 3.81158e-19)
(0.0398077 3.27601 0)
(0.0579094 3.28252 -3.7142e-19)
(0.0658439 2.78474 2.12081e-19)
(-0.0290689 1.11882 0)
(-0.0601353 3.16508 4.98372e-21)
(-0.0504877 3.2896 1.72412e-21)
(-0.0317396 3.25982 1.73194e-19)
(-0.0137995 3.23977 -1.89679e-19)
(0.00472995 3.22886 -1.73007e-19)
(0.0239084 3.22724 -1.95738e-19)
(0.0439135 3.23711 0)
(0.0644003 3.25028 -2.17273e-19)
(0.0754479 2.86014 2.19212e-19)
(-0.0411753 1.31601 -5.30548e-21)
(-0.0735826 3.1753 3.54701e-19)
(-0.0597604 3.24391 1.57598e-19)
(-0.0370909 3.21319 1.90836e-19)
(-0.0163092 3.1952 0)
(0.00414949 3.18564 4.21982e-19)
(0.0250041 3.18456 4.6405e-19)
(0.0469338 3.19408 1.41664e-20)
(0.0693037 3.21162 0)
(0.0842304 2.93071 -7.52914e-21)
(-0.0518559 1.59218 -1.94996e-19)
(-0.0835137 3.17007 2.11338e-19)
(-0.0628203 3.19159 -1.27838e-20)
(-0.038833 3.16329 2.19503e-19)
(-0.0170919 3.14749 4.72196e-19)
(0.00375726 3.13932 1.36121e-22)
(0.0248879 3.13927 -2.32937e-19)
(0.047127 3.14894 0)
(0.0702256 3.169 2.18018e-20)
(0.0906206 2.99289 0)
(-0.0557727 1.93871 -6.59607e-21)
(-0.0841019 3.14853 -2.00997e-19)
(-0.0611526 3.13638 -1.57568e-19)
(-0.0391549 3.11031 0)
(-0.0175362 3.09594 6.05611e-20)
(0.00396011 3.08928 9.78895e-23)
(0.0255886 3.09074 -1.58855e-19)
(0.0466618 3.10164 -1.6679e-20)
(0.0672395 3.12417 1.71199e-20)
(0.0924946 3.04055 0)
(-0.0576234 2.33645 -1.1166e-19)
(-0.0828176 3.10643 1.44789e-19)
(-0.0604212 3.0756 1.0578e-19)
(-0.0383367 3.05427 1.24897e-19)
(-0.0163895 3.04466 3.37529e-20)
(0.00422021 3.04093 6.82456e-20)
(0.0246857 3.04252 3.47302e-20)
(0.0453354 3.05134 1.23428e-19)
(0.0662348 3.07194 1.26741e-19)
(0.0936772 3.06016 8.06248e-21)
(-0.053916 2.71475 5.52351e-20)
(-0.0775269 3.03479 -9.03084e-21)
(-0.042622 3.01691 0)
(-0.0224963 3.01006 3.39964e-20)
(-0.00844966 3.00847 -1.02375e-19)
(0.00292248 3.00826 8.67867e-22)
(0.0144621 3.00802 -7.24113e-20)
(0.0277138 3.01094 1.78098e-20)
(0.0481026 3.01814 -2.03019e-20)
(0.0862026 3.0274 0)
(0.773649 -0.0450659 0)
(1.00742 -0.076886 0)
(0.999182 -0.0411433 0)
(0.999885 -0.0220093 0)
(1.00005 -0.0116804 0)
(1.00009 -0.00664515 0)
(1.00008 -0.00392034 0)
(1.00004 -0.0022818 0)
(1.00001 -0.0012037 0)
(0.999993 -0.000412779 0)
(0.999986 0.000288433 0)
(0.999987 0.000993329 0)
(1.00001 0.00185456 0)
(1.00004 0.0031134 0)
(1.00005 0.00516951 0)
(1.00003 0.00879121 0)
(0.999944 0.0159159 0)
(0.999616 0.0305906 0)
(1.00215 0.0568367 0)
(0.985015 0.088466 0)
(0.842525 -0.0556485 0)
(1.09421 -0.0728181 0)
(1.06562 -0.0595383 0)
(1.03461 -0.0453566 0)
(1.0175 -0.031941 0)
(1.00897 -0.0210433 0)
(1.00484 -0.0132056 0)
(1.00279 -0.00772958 0)
(1.00179 -0.00370105 0)
(1.00138 -0.000307845 0)
(1.00149 0.00290485 0)
(1.00211 0.00642392 0)
(1.00353 0.0109414 0)
(1.00638 0.0173263 0)
(1.01225 0.0265768 0)
(1.02442 0.0387756 0)
(1.04758 0.0525957 0)
(1.08697 0.0681073 0)
(1.04534 0.0743575 0)
(0.360731 0.0151907 0)
(0.630843 -0.0168111 0)
(0.943688 -0.0411185 0)
(1.10668 -0.0513325 0)
(1.08078 -0.0439828 0)
(1.05105 -0.0365184 0)
(1.0309 -0.0293769 0)
(1.01821 -0.0219456 0)
(1.01083 -0.0148161 0)
(1.00683 -0.00854974 0)
(1.00488 -0.00305925 0)
(1.00446 0.00212063 0)
(1.00551 0.00735128 0)
(1.00829 0.0129701 0)
(1.01372 0.0194745 0)
(1.02343 0.0266598 0)
(1.03958 0.0337988 0)
(1.06422 0.0408201 0)
(1.09938 0.0492382 0)
(1.07524 0.0507386 0)
(0.629759 0.0169081 0)
(0.517099 -0.00691318 0)
(0.83084 -0.0224937 0)
(1.09526 -0.0412062 0)
(1.0946 -0.0393426 0)
(1.06417 -0.0331818 0)
(1.04343 -0.0273115 0)
(1.029 -0.0216335 0)
(1.01913 -0.01575 0)
(1.01295 -0.00962778 0)
(1.00963 -0.00344129 0)
(1.00887 0.00281034 0)
(1.01069 0.00895133 0)
(1.01518 0.0148264 0)
(1.02299 0.0205306 0)
(1.03488 0.02597 0)
(1.05208 0.0314593 0)
(1.0773 0.0372779 0)
(1.10464 0.042237 0)
(1.01709 0.035926 0)
(0.514995 0.0070358 0)
(0.452981 -0.00423334 0)
(0.744865 -0.0139903 0)
(1.07135 -0.0330544 0)
(1.10217 -0.0345512 0)
(1.07333 -0.0303887 0)
(1.05162 -0.0256191 0)
(1.03679 -0.0204563 0)
(1.02636 -0.0150746 0)
(1.01923 -0.0093705 0)
(1.01504 -0.00318923 0)
(1.01399 0.00336892 0)
(1.01627 0.00965753 0)
(1.02162 0.0152145 0)
(1.03011 0.0202961 0)
(1.04233 0.0251656 0)
(1.06011 0.0298355 0)
(1.08663 0.0341134 0)
(1.10237 0.0362498 0)
(0.954201 0.026225 0)
(0.449599 0.00438545 0)
(0.409858 -0.00300081 0)
(0.680288 -0.00978208 0)
(1.0411 -0.0269227 0)
(1.10533 -0.0304148 0)
(1.08146 -0.0273672 0)
(1.05884 -0.0235025 0)
(1.04333 -0.0190849 0)
(1.0325 -0.0140678 0)
(1.02504 -0.00858137 0)
(1.02046 -0.00256324 0)
(1.0192 0.00390404 0)
(1.0216 0.0100185 0)
(1.02714 0.0152783 0)
(1.03585 0.0199742 0)
(1.04851 0.0241846 0)
(1.06706 0.0278626 0)
(1.09401 0.0312487 0)
(1.09351 0.0316894 0)
(0.895108 0.0200584 0)
(0.404883 0.00318515 0)
(0.378241 -0.00225787 0)
(0.63095 -0.00729565 0)
(1.00868 -0.0220808 0)
(1.10575 -0.0270353 0)
(1.08849 -0.0247345 0)
(1.06541 -0.0212572 0)
(1.04943 -0.0173477 0)
(1.03819 -0.0127934 0)
(1.03042 -0.00758238 0)
(1.02561 -0.00175025 0)
(1.02417 0.00451385 0)
(1.02649 0.0103744 0)
(1.03208 0.015305 0)
(1.04101 0.0194859 0)
(1.054 0.0230427 0)
(1.07302 0.0261568 0)
(1.09866 0.0289855 0)
(1.07935 0.0280354 0)
(0.842567 0.0158921 0)
(0.371306 0.00248062 0)
(0.354096 -0.00174094 0)
(0.592434 -0.00561875 0)
(0.976674 -0.0181497 0)
(1.10378 -0.0240348 0)
(1.09488 -0.022461 0)
(1.07142 -0.0191634 0)
(1.0551 -0.0155074 0)
(1.0436 -0.0112726 0)
(1.03556 -0.00637015 0)
(1.03049 -0.000776797 0)
(1.02884 0.00524919 0)
(1.03104 0.0108047 0)
(1.03663 0.0153262 0)
(1.04565 0.0190097 0)
(1.05878 0.0221153 0)
(1.07817 0.0248789 0)
(1.10076 0.0271388 0)
(1.06156 0.0249709 0)
(0.796684 0.0129689 0)
(0.344767 0.00201045 0)
(0.335268 -0.0013581 0)
(0.561863 -0.00440292 0)
(0.946549 -0.0149489 0)
(1.09968 -0.0213006 0)
(1.10039 -0.0203114 0)
(1.07709 -0.0171822 0)
(1.06043 -0.0136835 0)
(1.04874 -0.00962958 0)
(1.04048 -0.00495358 0)
(1.03515 0.000391418 0)
(1.03325 0.00614188 0)
(1.03527 0.0113493 0)
(1.04077 0.0154669 0)
(1.04975 0.0187472 0)
(1.06297 0.0215005 0)
(1.08266 0.0239497 0)
(1.10134 0.0256753 0)
(1.04137 0.0224428 0)
(0.756585 0.0108934 0)
(0.32302 0.00168463 0)
(0.320422 -0.00106175 0)
(0.537336 -0.00347467 0)
(0.919054 -0.0123119 0)
(1.09398 -0.0187455 0)
(1.10512 -0.0182318 0)
(1.08257 -0.0152524 0)
(1.06557 -0.0118454 0)
(1.05365 -0.0078973 0)
(1.0452 -0.00336604 0)
(1.03962 0.00177311 0)
(1.03742 0.00723771 0)
(1.03917 0.0120926 0)
(1.04449 0.015846 0)
(1.05338 0.0187672 0)
(1.06668 0.0211998 0)
(1.0866 0.0233716 0)
(1.10034 0.0245336 0)
(1.01966 0.0204013 0)
(0.721166 0.00941178 0)
(0.304615 0.00145751 0)
(0.308691 -0.000822396 0)
(0.517586 -0.00273305 0)
(0.894531 -0.010094 0)
(1.08727 -0.0163202 0)
(1.10912 -0.0161742 0)
(1.08797 -0.0133214 0)
(1.07061 -0.00994038 0)
(1.05845 -0.00604066 0)
(1.04977 -0.00159458 0)
(1.04391 0.00338872 0)
(1.04135 0.00859407 0)
(1.04276 0.0131157 0)
(1.04782 0.0165257 0)
(1.0566 0.0190987 0)
(1.06997 0.0212273 0)
(1.09007 0.0231622 0)
(1.09772 0.0237348 0)
(0.997048 0.0188148 0)
(0.689384 0.00836809 0)
(0.288548 0.00130319 0)
(0.299506 -0.000620545 0)
(0.501759 -0.00211415 0)
(0.873101 -0.008179 0)
(1.08008 -0.0139832 0)
(1.11267 -0.014078 0)
(1.09335 -0.0113281 0)
(1.07563 -0.00791973 0)
(1.0632 -0.00400844 0)
(1.05424 0.000408806 0)
(1.04804 0.00528454 0)
(1.04505 0.0102736 0)
(1.04603 0.0144857 0)
(1.05079 0.0175616 0)
(1.05943 0.0197891 0)
(1.07284 0.0216196 0)
(1.09275 0.0232949 0)
(1.09342 0.0232755 0)
(0.973866 0.0176552 0)
(0.660325 0.00766081 0)
(0.27408 0.00120468 0)
(0.292494 -0.000440939 0)
(0.489286 -0.00157074 0)
(0.85478 -0.00646658 0)
(1.0729 -0.0116847 0)
(1.11606 -0.0119131 0)
(1.09878 -0.00920757 0)
(1.08073 -0.00572233 0)
(1.06798 -0.00173615 0)
(1.05868 0.00270988 0)
(1.05205 0.00753126 0)
(1.04854 0.0123448 0)
(1.04901 0.0162648 0)
(1.05341 0.0190093 0)
(1.06187 0.0208881 0)
(1.0753 0.0224148 0)
(1.09454 0.0237759 0)
(1.08743 0.0231862 0)
(0.950241 0.0168988 0)
(0.633185 0.00721998 0)
(0.260638 0.00115023 0)
(0.287443 -0.000271289 0)
(0.479821 -0.00106616 0)
(0.839572 -0.0048684 0)
(1.06616 -0.00936699 0)
(1.11938 -0.00960683 0)
(1.10433 -0.00688826 0)
(1.08597 -0.00327061 0)
(1.07284 0.000852817 0)
(1.06314 0.00538872 0)
(1.05599 0.0102142 0)
(1.05183 0.0148883 0)
(1.05169 0.0185279 0)
(1.05566 0.0209411 0)
(1.0639 0.0224509 0)
(1.07732 0.0236646 0)
(1.09532 0.0246758 0)
(1.07972 0.0234447 0)
(0.92612 0.0165098 0)
(0.60725 0.00699745 0)
(0.247764 0.00113115 0)
(0.284264 -0.000101016 0)
(0.473194 -0.000572134 0)
(0.827515 -0.0033101 0)
(1.06029 -0.00696696 0)
(1.1228 -0.00708431 0)
(1.11009 -0.00429095 0)
(1.09143 -0.000476631 0)
(1.07788 0.00384883 0)
(1.06768 0.00854322 0)
(1.05989 0.0134334 0)
(1.05496 0.0180024 0)
(1.05408 0.0213669 0)
(1.05753 0.0234412 0)
(1.0655 0.0245623 0)
(1.07887 0.025437 0)
(1.09503 0.026096 0)
(1.07027 0.0241043 0)
(0.901328 0.0164888 0)
(0.581888 0.00696703 0)
(0.235082 0.0011432 0)
(0.282973 8.19132e-05 0)
(0.469379 -6.36455e-05 0)
(0.818704 -0.00172343 0)
(1.05568 -0.00441396 0)
(1.12648 -0.00426162 0)
(1.11616 -0.00131889 0)
(1.09721 0.00276303 0)
(1.08317 0.0073658 0)
(1.07237 0.0122941 0)
(1.0638 0.0173088 0)
(1.05793 0.0218052 0)
(1.05617 0.0248938 0)
(1.05899 0.0266106 0)
(1.06666 0.0273319 0)
(1.07992 0.0278277 0)
(1.09379 0.0280937 0)
(1.0589 0.0252208 0)
(0.875553 0.0168342 0)
(0.556485 0.00711277 0)
(0.22225 0.00118333 0)
(0.283587 0.000257259 0)
(0.468522 0.000513877 0)
(0.813309 -5.7264e-05 0)
(1.05276 -0.00162354 0)
(1.13066 -0.00104729 0)
(1.12264 0.00213872 0)
(1.10343 0.00657082 0)
(1.0888 0.0115392 0)
(1.07727 0.0167826 0)
(1.06776 0.0219853 0)
(1.06076 0.0264381 0)
(1.05794 0.0292421 0)
(1.06002 0.0305709 0)
(1.06732 0.0308727 0)
(1.08037 0.0309583 0)
(1.09147 0.0307132 0)
(1.04541 0.0268352 0)
(0.848384 0.0175512 0)
(0.530444 0.00742254 0)
(0.208959 0.00124836 0)
(0.286548 0.000509224 0)
(0.47067 0.00109945 0)
(0.811626 0.00174934 0)
(1.05193 0.00151366 0)
(1.1356 0.00265894 0)
(1.12973 0.00621219 0)
(1.1102 0.0111038 0)
(1.09488 0.0165341 0)
(1.08246 0.0221816 0)
(1.07179 0.0276358 0)
(1.06344 0.0320657 0)
(1.05937 0.034555 0)
(1.06056 0.0354666 0)
(1.06741 0.0353103 0)
(1.08023 0.0349638 0)
(1.08786 0.0340536 0)
(1.02946 0.0290242 0)
(0.819301 0.0186553 0)
(0.503169 0.0078914 0)
(0.194922 0.00133635 0)
(0.292041 0.000793422 0)
(0.476672 0.00189732 0)
(0.81418 0.00388881 0)
(1.05382 0.00508043 0)
(1.14157 0.00702011 0)
(1.13762 0.0110901 0)
(1.11768 0.0165554 0)
(1.10153 0.0225613 0)
(1.08801 0.0287097 0)
(1.07593 0.0344741 0)
(1.06595 0.0388813 0)
(1.06039 0.0410214 0)
(1.06054 0.0414623 0)
(1.06687 0.0407913 0)
(1.07937 0.0399332 0)
(1.08268 0.0382513 0)
(1.01065 0.0318552 0)
(0.787685 0.0201552 0)
(0.47406 0.00850839 0)
(0.179879 0.00144332 0)
(0.300546 0.00114646 0)
(0.486732 0.00281332 0)
(0.821358 0.00646072 0)
(1.05883 0.00922563 0)
(1.14899 0.0122165 0)
(1.14654 0.0169829 0)
(1.12605 0.0231691 0)
(1.10888 0.0298853 0)
(1.094 0.0366386 0)
(1.0802 0.0427591 0)
(1.06825 0.0471163 0)
(1.0609 0.048825 0)
(1.0599 0.0487318 0)
(1.06562 0.0474881 0)
(1.07744 0.046025 0)
(1.07547 0.043382 0)
(0.988391 0.0353924 0)
(0.752806 0.0220506 0)
(0.442511 0.00925672 0)
(0.163599 0.00156354 0)
(0.312758 0.00160549 0)
(0.501719 0.00397739 0)
(0.833754 0.00960838 0)
(1.06768 0.0142261 0)
(1.15836 0.0185067 0)
(1.15676 0.0241908 0)
(1.13552 0.0312818 0)
(1.11707 0.0388596 0)
(1.10049 0.0463116 0)
(1.08457 0.0527972 0)
(1.07029 0.0570275 0)
(1.06091 0.0581808 0)
(1.05856 0.0574729 0)
(1.06359 0.0555786 0)
(1.0742 0.0534136 0)
(1.06578 0.0496212 0)
(0.961969 0.0396799 0)
(0.713844 0.0243171 0)
(0.407953 0.0101035 0)
(0.145918 0.00168794 0)
(0.329663 0.00223289 0)
(0.522748 0.00552837 0)
(0.852281 0.0136313 0)
(1.08122 0.0203966 0)
(1.17026 0.0262656 0)
(1.1687 0.0331594 0)
(1.14635 0.0413676 0)
(1.12624 0.0499604 0)
(1.10748 0.0581688 0)
(1.08897 0.0649567 0)
(1.07195 0.0688955 0)
(1.06028 0.0693203 0)
(1.0564 0.0678253 0)
(1.06069 0.0652464 0)
(1.06933 0.0623667 0)
(1.05303 0.0570841 0)
(0.93048 0.0447265 0)
(0.669914 0.0268914 0)
(0.369898 0.0109934 0)
(0.126772 0.00180327 0)
(0.352552 0.00311982 0)
(0.551227 0.00771397 0)
(0.878194 0.0189756 0)
(1.1005 0.0282381 0)
(1.18536 0.0360821 0)
(1.18278 0.0445475 0)
(1.15879 0.0541041 0)
(1.13645 0.0638339 0)
(1.11492 0.0727627 0)
(1.09324 0.0796604 0)
(1.07304 0.0830234 0)
(1.05882 0.0824578 0)
(1.05323 0.0799809 0)
(1.05682 0.076641 0)
(1.0629 0.0730072 0)
(1.03641 0.065824 0)
(0.892835 0.050469 0)
(0.620134 0.0296425 0)
(0.328041 0.0118397 0)
(0.106251 0.00189142 0)
(0.383515 0.00448234 0)
(0.589208 0.0109842 0)
(0.913357 0.0263512 0)
(1.12692 0.0386205 0)
(1.20437 0.0488195 0)
(1.19949 0.0594036 0)
(1.173 0.0705039 0)
(1.14764 0.081361 0)
(1.12256 0.0907708 0)
(1.0971 0.0973704 0)
(1.0733 0.0996968 0)
(1.05633 0.0977744 0)
(1.04897 0.0940904 0)
(1.05185 0.0898514 0)
(1.0548 0.0852077 0)
(1.01482 0.0758346 0)
(0.847785 0.0567154 0)
(0.563786 0.0323495 0)
(0.282422 0.0125198 0)
(0.0846682 0.00192991 0)
(0.425894 0.0067832 0)
(0.640031 0.0162521 0)
(0.960714 0.0370618 0)
(1.16223 0.0532869 0)
(1.22807 0.0658531 0)
(1.21914 0.0794548 0)
(1.18888 0.0920579 0)
(1.15943 0.103666 0)
(1.12997 0.112946 0)
(1.10012 0.118538 0)
(1.07237 0.119156 0)
(1.05256 0.115394 0)
(1.04344 0.110239 0)
(1.04552 0.104961 0)
(1.04412 0.0991081 0)
(0.986828 0.0868549 0)
(0.794038 0.0631093 0)
(0.500643 0.034699 0)
(0.233686 0.0128882 0)
(0.0626478 0.0018944 0)
(0.484819 0.0115564 0)
(0.70983 0.025747 0)
(1.02501 0.0543371 0)
(1.20758 0.0760533 0)
(1.25735 0.0908591 0)
(1.24129 0.107381 0)
(1.20567 0.120726 0)
(1.17098 0.132011 0)
(1.13634 0.140021 0)
(1.10165 0.143537 0)
(1.06981 0.141542 0)
(1.04723 0.13535 0)
(1.03649 0.128415 0)
(1.03758 0.122125 0)
(1.03004 0.11462 0)
(0.950544 0.0984299 0)
(0.730534 0.0690162 0)
(0.431675 0.0363467 0)
(0.183654 0.0128623 0)
(0.0413329 0.0017756 0)
(0.568996 0.02634 1.89718e-22)
(0.806741 0.0474747 -8.64133e-20)
(1.10635 0.0854841 -3.37876e-21)
(1.25937 0.111913 -7.16624e-21)
(1.29021 0.12936 0)
(1.26343 0.146095 -1.19558e-20)
(1.22152 0.158342 9.61123e-21)
(1.18097 0.167704 -1.88823e-22)
(1.14073 0.173203 0)
(1.1009 0.173707 0)
(1.06476 0.168442 2.38359e-20)
(1.03923 0.159475 0)
(1.02686 0.150719 6.87131e-20)
(1.02711 0.143715 9.18868e-20)
(1.00994 0.134688 0)
(0.901026 0.112606 0)
(0.650641 0.0753344 0)
(0.353566 0.0376471 -5.04368e-21)
(0.131809 0.0128414 -5.93415e-21)
(0.0208163 0.00175465 -1.074e-19)
(0.633415 0.0558753 -2.75906e-21)
(0.885061 0.0852462 -7.57749e-20)
(1.17427 0.132149 -1.42145e-20)
(1.30248 0.160989 0)
(1.31908 0.179651 2.39042e-20)
(1.28266 0.194166 8.85632e-20)
(1.23468 0.2042 2.04014e-20)
(1.18825 0.211152 3.37e-20)
(1.14227 0.213999 5.86064e-20)
(1.09697 0.211508 0)
(1.05601 0.203044 -2.0914e-19)
(1.02708 0.191365 -6.36191e-20)
(1.01271 0.180625 -3.83622e-20)
(1.0091 0.171607 0)
(0.976306 0.159118 -2.11625e-19)
(0.829198 0.128586 -1.57139e-20)
(0.55137 0.081776 -2.98369e-19)
(0.268064 0.0385622 -7.03068e-19)
(0.0796024 0.0118256 4.38847e-19)
(0.000419583 0.000602052 4.76729e-19)
(0.656605 0.0935501 -5.63707e-20)
(0.927856 0.133809 6.56791e-20)
(1.21994 0.191003 1.19613e-20)
(1.33396 0.220897 0)
(1.34139 0.238653 0)
(1.29766 0.249093 8.97483e-20)
(1.24415 0.255303 -4.0272e-20)
(1.19215 0.25861 7.34607e-20)
(1.14071 0.25783 -6.47835e-20)
(1.09017 0.251615 1.07064e-19)
(1.0446 0.239443 0)
(1.01241 0.224709 -1.34276e-19)
(0.995961 0.211774 0)
(0.988081 0.200557 -9.76358e-20)
(0.942371 0.183728 2.89571e-19)
(0.771968 0.144193 -3.28499e-20)
(0.488559 0.0879047 -4.04698e-20)
(0.222303 0.0394566 0)
(0.0541384 0.0103613 4.78215e-19)
(-0.00966351 -0.00111187 -5.27898e-19)
(0.658061 0.130025 -8.47867e-20)
(0.944931 0.184394 8.62915e-20)
(1.24735 0.254234 9.16274e-20)
(1.35481 0.286717 0)
(1.35598 0.302178 9.16837e-20)
(1.3071 0.308054 -8.49663e-20)
(1.24918 0.309748 -7.68343e-20)
(1.19246 0.308743 3.34943e-21)
(1.13618 0.303738 -2.65407e-19)
(1.0809 0.293282 0)
(1.03103 0.276993 2.6659e-21)
(0.995719 0.258929 -8.2679e-22)
(0.97715 0.243575 8.8395e-20)
(0.965377 0.229792 1.0585e-19)
(0.910779 0.20819 1.88333e-19)
(0.730602 0.160481 -7.53736e-20)
(0.452974 0.0963554 -4.40124e-20)
(0.200621 0.0423568 3.6311e-19)
(0.0419585 0.00945418 -3.04359e-20)
(-0.0155054 -0.00299844 5.38965e-19)
(0.650578 0.162788 6.91604e-20)
(0.947606 0.233411 -5.60675e-21)
(1.26164 0.318016 -9.23531e-20)
(1.36636 0.353795 -9.10999e-20)
(1.36334 0.367029 -7.66392e-20)
(1.31085 0.368507 -1.17923e-19)
(1.24958 0.36561 0)
(1.18906 0.36014 0)
(1.12872 0.3507 -1.44434e-19)
(1.06924 0.335783 0)
(1.01543 0.315169 -2.607e-19)
(0.97714 0.293588 1.61764e-19)
(0.956415 0.275646 2.70746e-21)
(0.941276 0.259268 1.17849e-19)
(0.881519 0.233169 -5.51987e-19)
(0.700491 0.178429 -3.2519e-19)
(0.43404 0.10729 -4.31039e-19)
(0.193294 0.0472534 9.03772e-19)
(0.0391017 0.00956403 1.0669e-18)
(-0.0177105 -0.00452363 -3.89726e-20)
(0.639696 0.192464 0)
(0.942381 0.279416 0)
(1.26695 0.380506 0)
(1.37081 0.420216 7.40896e-20)
(1.36474 0.431465 8.34571e-20)
(1.30964 0.428778 1.71272e-19)
(1.24578 0.421469 -8.35152e-20)
(1.1822 0.411653 2.35178e-19)
(1.11844 0.397833 2.9956e-19)
(1.05528 0.378458 0)
(0.9979 0.353474 -2.79656e-19)
(0.95677 0.328288 1.67205e-19)
(0.933883 0.307682 0)
(0.915861 0.288688 0)
(0.853696 0.258441 -1.51023e-19)
(0.677513 0.19777 2.67369e-19)
(0.424511 0.120571 0)
(0.194567 0.0541521 -9.83555e-19)
(0.0425087 0.0112113 1.16158e-18)
(-0.0166373 -0.00525062 -1.36393e-18)
(0.628412 0.219822 1.88497e-20)
(0.933303 0.322366 -2.73877e-21)
(1.26608 0.440758 4.55625e-20)
(1.36978 0.484814 -3.49353e-20)
(1.36144 0.494404 0)
(1.3044 0.48788 -7.96855e-20)
(1.23851 0.476434 8.88101e-20)
(1.17241 0.462498 3.2964e-19)
(1.10573 0.444487 -1.50153e-19)
(1.03935 0.420789 2.83595e-19)
(0.978707 0.391513 -1.46375e-19)
(0.934892 0.362754 -1.82308e-19)
(0.909884 0.339529 -2.29161e-19)
(0.889408 0.318025 -1.34621e-19)
(0.826001 0.284001 8.16762e-19)
(0.657789 0.218467 4.82165e-19)
(0.419127 0.135367 1.14147e-19)
(0.199297 0.0628195 -5.34986e-19)
(0.049421 0.0145414 -7.88466e-20)
(-0.0131622 -0.00498332 1.48491e-18)
(0.617859 0.245383 -2.78329e-21)
(0.922634 0.36261 0)
(1.26092 0.498335 -1.36272e-20)
(1.36463 0.54697 -2.57301e-20)
(1.3545 0.55515 1.12069e-20)
(1.29599 0.545194 -8.67718e-20)
(1.22851 0.529945 -1.69256e-19)
(1.16031 0.512175 -1.70328e-19)
(1.0911 0.490216 -4.92553e-19)
(1.02182 0.46241 -1.45145e-19)
(0.958172 0.428989 1.57173e-19)
(0.911834 0.396763 -4.01582e-19)
(0.884786 0.370968 1.46672e-21)
(0.862176 0.347073 -2.9887e-19)
(0.798472 0.309436 -1.7892e-19)
(0.638834 0.239776 2.09407e-19)
(0.414223 0.151033 3.70775e-19)
(0.204593 0.0727606 0)
(0.0574605 0.0192496 -8.57967e-20)
(-0.00844288 -0.00386965 -1.46412e-18)
(0.608601 0.269519 0)
(0.911717 0.400447 -1.53193e-20)
(1.25307 0.553074 0)
(1.35648 0.606332 2.85333e-20)
(1.34484 0.613337 7.82745e-20)
(1.28519 0.600322 -3.21217e-21)
(1.21643 0.581635 -1.26926e-20)
(1.14647 0.560356 8.3759e-20)
(1.07503 0.534744 8.21459e-20)
(1.00311 0.503072 9.0477e-20)
(0.936664 0.4657 -8.2923e-22)
(0.887956 0.430113 -2.12302e-19)
(0.859008 0.401795 -2.61989e-19)
(0.834526 0.375534 3.18068e-19)
(0.770845 0.33452 -5.76329e-19)
(0.619356 0.260766 2.27749e-19)
(0.407532 0.166968 -5.38433e-19)
(0.208275 0.0832434 1.27058e-18)
(0.0649494 0.0248122 -9.31824e-20)
(-0.00341531 -0.00213292 -1.09283e-19)
(0.600936 0.292667 -1.68984e-20)
(0.90129 0.43637 -1.24526e-20)
(1.24347 0.605011 -1.50344e-20)
(1.34625 0.662733 1.65328e-20)
(1.33318 0.668785 5.21442e-20)
(1.27261 0.65303 6.89694e-20)
(1.20283 0.631274 2.7105e-19)
(1.13137 0.606826 3.70882e-19)
(1.05796 0.577881 -9.83823e-20)
(0.983594 0.542625 -3.36632e-19)
(0.914495 0.501498 -3.7285e-19)
(0.86353 0.462635 -4.67302e-19)
(0.832815 0.431837 5.66119e-19)
(0.806598 0.403196 -3.50767e-19)
(0.742961 0.358813 2.118e-19)
(0.59874 0.280767 -7.43425e-19)
(0.398304 0.182466 5.83943e-19)
(0.208854 0.0935992 -6.88757e-19)
(0.0703659 0.0305288 1.01072e-19)
(0.000948925 -0.000163082 -1.08128e-23)
(0.594687 0.314967 2.47617e-20)
(0.891703 0.470625 -1.8851e-20)
(1.2331 0.653787 2.61283e-20)
(1.33456 0.716117 -1.4864e-20)
(1.3201 0.72143 -9.3731e-20)
(1.25879 0.703217 8.83584e-20)
(1.1882 0.678729 0)
(1.11545 0.651453 2.04026e-19)
(1.04025 0.619504 -9.05658e-20)
(0.963589 0.580967 -2.70767e-19)
(0.891921 0.536292 0)
(0.838768 0.494228 2.58118e-19)
(0.806407 0.460982 -3.10382e-19)
(0.778553 0.429872 -1.12793e-18)
(0.71473 0.381821 -2.25208e-19)
(0.576548 0.299336 -3.39388e-21)
(0.386457 0.196513 0)
(0.206135 0.102917 -5.59825e-19)
(0.0729402 0.0355868 -1.09427e-19)
(0.00406567 0.00160938 -1.29048e-19)
(0.589866 0.33677 -1.25477e-19)
(0.883073 0.503497 5.98143e-21)
(1.22248 0.700074 2.28125e-20)
(1.32185 0.766599 9.82163e-22)
(1.30609 0.771252 -4.66233e-20)
(1.24419 0.750845 6.30151e-20)
(1.17293 0.723944 9.96442e-20)
(1.09905 0.694167 1.06611e-19)
(1.02221 0.659544 -1.0661e-19)
(0.943366 0.618037 -1.01504e-19)
(0.869158 0.570048 -2.13552e-19)
(0.813826 0.524863 -5.42536e-19)
(0.779898 0.489119 2.56417e-21)
(0.750491 0.455321 0)
(0.686257 0.403312 -4.84724e-19)
(0.552672 0.316008 2.91549e-19)
(0.371891 0.20852 -1.54212e-18)
(0.20018 0.110432 0)
(0.0724451 0.0393162 9.4618e-19)
(0.00563428 0.00281611 0)
(0.58604 0.358057 2.17947e-21)
(0.875374 0.535065 6.50613e-21)
(1.21184 0.743905 -2.99726e-20)
(1.30849 0.814266 0)
(1.29155 0.818284 5.00565e-20)
(1.22915 0.795924 -7.02875e-20)
(1.15735 0.766909 4.1142e-20)
(1.08248 0.734937 -5.03473e-19)
(1.00412 0.697967 1.03258e-19)
(0.923171 0.653817 0)
(0.846403 0.602767 9.06141e-19)
(0.788844 0.554548 2.90689e-19)
(0.753346 0.516158 1.77084e-19)
(0.722385 0.479353 -8.74867e-19)
(0.657483 0.422955 5.25483e-19)
(0.527352 0.330346 0)
(0.354955 0.218138 7.39071e-19)
(0.191397 0.115785 4.34982e-19)
(0.0696305 0.0414274 1.02199e-18)
(0.0059185 0.0033384 -1.20031e-18)
(0.583376 0.378954 -1.03713e-19)
(0.868689 0.565442 7.66697e-20)
(1.20119 0.785428 1.01912e-19)
(1.29484 0.859176 0)
(1.27678 0.862598 3.68159e-21)
(1.21395 0.838505 -1.57053e-19)
(1.14171 0.807645 1.82074e-19)
(1.06597 0.773767 -4.86028e-20)
(0.986218 0.734761 3.28209e-19)
(0.90321 0.688307 8.68864e-19)
(0.823827 0.634481 -2.43329e-19)
(0.763912 0.583299 -1.59509e-19)
(0.726766 0.542076 2.32577e-21)
(0.6942 0.501838 -2.38142e-19)
(0.628378 0.440454 -2.30671e-21)
(0.500937 0.342043 -2.3945e-21)
(0.335992 0.224896 -1.99149e-19)
(0.180142 0.118668 7.03954e-19)
(0.0647572 0.041923 1.3738e-19)
(0.00519738 0.00321705 0)
(0.581164 0.399313 6.47533e-20)
(0.862761 0.594519 -4.83569e-20)
(1.19078 0.82487 -6.04815e-20)
(1.28114 0.901387 0)
(1.262 0.904295 3.6957e-21)
(1.19882 0.878652 0)
(1.12624 0.84619 4.03431e-20)
(1.04974 0.810674 3.73116e-19)
(0.968685 0.76994 3.37314e-19)
(0.88367 0.721519 -1.27066e-20)
(0.801601 0.66524 -2.23784e-21)
(0.739116 0.611176 6.68798e-19)
(0.700131 0.566918 -4.15739e-19)
(0.665817 0.522706 -5.14381e-19)
(0.598856 0.45558 -6.14518e-19)
(0.473665 0.350811 -2.13854e-21)
(0.315343 0.228646 1.02593e-21)
(0.166992 0.119029 1.26382e-18)
(0.0582677 0.0408406 -1.1872e-18)
(0.00377649 0.00257393 0)
(0.579436 0.419089 -2.2508e-19)
(0.857543 0.622381 1.23477e-19)
(1.18055 0.862523 1.56392e-19)
(1.26756 0.941025 -1.60787e-19)
(1.24739 0.943472 -1.80555e-20)
(1.18394 0.916446 -1.09802e-19)
(1.1111 0.882601 2.32002e-19)
(1.03393 0.845697 7.03349e-20)
(0.951667 0.803517 -3.59468e-19)
(0.8647 0.753467 -5.69426e-20)
(0.779864 0.695091 -1.32102e-19)
(0.714539 0.638282 -5.31801e-19)
(0.673403 0.590817 -8.9441e-19)
(0.637081 0.541932 2.77556e-19)
(0.568843 0.468086 3.2716e-19)
(0.445751 0.356309 -7.83343e-19)
(0.293639 0.229249 9.25061e-19)
(0.152579 0.116841 2.71515e-19)
(0.0510009 0.0383898 -3.18577e-19)
(0.00199792 0.00155223 -7.48698e-19)
(0.578023 0.438269 -1.74045e-19)
(0.852872 0.649163 7.30397e-20)
(1.17059 0.898113 5.12919e-20)
(1.25424 0.978204 -1.25536e-19)
(1.2331 0.980237 4.46848e-21)
(1.16944 0.951981 -9.69992e-20)
(1.09641 0.916942 -1.33664e-20)
(1.01866 0.878867 -9.13779e-19)
(0.935292 0.835502 -4.31201e-19)
(0.846443 0.784164 -5.97274e-20)
(0.758762 0.724078 0)
(0.690279 0.664752 7.63207e-19)
(0.64655 0.613966 0)
(0.607787 0.559533 -5.87458e-19)
(0.53809 0.477709 0)
(0.417405 0.358133 0)
(0.271868 0.226348 8.97191e-22)
(0.1383 0.112252 -2.91651e-19)
(0.0439394 0.034973 1.71411e-18)
(0.00024378 0.000357258 1.60863e-18)
(0.576931 0.456769 1.04227e-19)
(0.8485 0.674815 1.63356e-19)
(1.1609 0.931692 -1.12026e-19)
(1.24124 1.01303 2.05183e-19)
(1.21921 1.01469 2.66905e-20)
(1.15542 0.985341 -3.00277e-20)
(1.08225 0.949284 7.74583e-21)
(1.00402 0.910239 5.18136e-20)
(0.919645 0.865935 -5.24385e-19)
(0.828986 0.81362 6.25001e-20)
(0.738424 0.752238 8.07848e-20)
(0.66645 0.690734 -8.13386e-19)
(0.61957 0.636569 0)
(0.577693 0.575634 -3.20027e-19)
(0.506172 0.4843 0)
(0.388475 0.355643 -4.53242e-19)
(0.25076 0.219062 -1.06841e-18)
(0.125956 0.104804 -3.1405e-19)
(0.0388137 0.0308206 3.6858e-19)
(-0.000918482 -0.000719616 -1.07963e-18)
(0.57573 0.47451 0)
(0.844331 0.699305 0)
(1.15151 0.963316 2.00044e-19)
(1.22863 1.04567 1.45398e-19)
(1.20582 1.04695 0)
(1.14194 1.01662 1.32524e-20)
(1.0687 0.979693 0)
(0.990068 0.939853 -5.30919e-19)
(0.904791 0.894835 -1.10457e-20)
(0.812421 0.841842 1.17951e-18)
(0.718958 0.779578 1.39083e-18)
(0.643189 0.716351 -8.65089e-19)
(0.592514 0.658836 -9.5943e-19)
(0.546623 0.590496 0)
(0.472477 0.487982 -1.23976e-18)
(0.358204 0.348241 -9.77811e-19)
(0.230475 0.205405 5.7618e-19)
(0.118348 0.091582 6.73041e-19)
(0.0410489 0.0234845 3.93987e-19)
(0.00300198 -0.00133337 -1.15857e-18)
(0.574849 0.491629 1.34709e-19)
(0.840512 0.722589 1.0477e-19)
(1.14241 0.993023 -1.50321e-19)
(1.2164 1.07618 1.37948e-19)
(1.19296 1.07713 0)
(1.12905 1.04592 1.12343e-20)
(1.05579 1.00825 1.70543e-19)
(0.976848 0.967765 -4.37054e-19)
(0.89077 0.922227 0)
(0.796801 0.86883 2.34044e-18)
(0.700478 0.806097 -1.38474e-18)
(0.62066 0.741694 6.88553e-19)
(0.565485 0.680965 -1.18993e-22)
(0.514535 0.604491 -1.64164e-18)
(0.436372 0.489346 -2.23227e-19)
(0.324748 0.335903 -5.26617e-19)
(0.2085 0.182512 6.18315e-19)
(0.115516 0.0628973 0)
(0.0630307 -0.00237185 0)
(0.0421701 7.62975e-05 0)
(0.573741 0.507859 3.08372e-19)
(0.83681 0.744893 3.73293e-19)
(1.13359 1.02097 9.00263e-20)
(1.20454 1.10477 0)
(1.18061 1.10545 1.37209e-19)
(1.11672 1.07351 -1.52711e-21)
(1.04344 1.03524 -2.3209e-20)
(0.964243 0.994292 -9.15296e-19)
(0.877428 0.948449 4.73676e-19)
(0.781928 0.894946 1.00759e-20)
(0.682757 0.83219 -8.45157e-21)
(0.598637 0.767309 0)
(0.53813 0.703715 -1.14479e-18)
(0.480861 0.618302 -3.56158e-19)
(0.396599 0.489513 0)
(0.284654 0.320028 0)
(0.17592 0.15039 0)
(0.0980208 0.0107236 -2.42495e-21)
(0.0610117 -0.0116305 -8.06997e-19)
(-0.0219677 0.186246 6.93283e-19)
(0.572694 0.523474 2.57965e-19)
(0.833083 0.766129 2.14406e-19)
(1.12505 1.0474 1.04154e-19)
(1.19293 1.13182 2.23587e-19)
(1.16863 1.13243 -1.77366e-20)
(1.10469 1.10001 -1.24033e-20)
(1.03135 1.0614 3.4572e-20)
(0.951903 1.02031 4.76714e-19)
(0.864321 0.974528 7.30568e-20)
(0.767248 0.921401 -1.05573e-18)
(0.665035 0.859265 0)
(0.57608 0.794795 9.02577e-19)
(0.508835 0.728703 0)
(0.443511 0.633122 -1.26072e-18)
(0.350357 0.48926 4.35216e-19)
(0.232358 0.303542 1.04866e-18)
(0.118309 0.119792 -6.11143e-19)
(0.0383134 0.162409 -7.06212e-19)
(0.0112523 1.0154 4.12749e-19)
(0.0422136 2.42893 9.27808e-19)
(0.571975 0.538576 1.97524e-19)
(0.82928 0.786416 0)
(1.11689 1.07231 -2.30914e-19)
(1.18156 1.15723 -3.24757e-19)
(1.15713 1.15797 -2.75435e-20)
(1.09315 1.12526 -3.02859e-21)
(1.01972 1.08648 -1.60961e-19)
(0.940017 1.04549 -4.37886e-19)
(0.851709 1.00005 2.96297e-20)
(0.753113 0.947696 -1.20641e-18)
(0.647853 0.886775 -1.42992e-18)
(0.553786 0.823603 7.7857e-19)
(0.47854 0.755939 1.1562e-18)
(0.40354 0.648742 -1.84814e-19)
(0.300121 0.488511 -8.86291e-19)
(0.169018 0.29457 5.10627e-19)
(0.0662083 0.374533 6.0603e-19)
(0.0769473 1.79477 3.56705e-19)
(0.10426 2.96038 -4.00912e-19)
(0.105927 3.33327 -5.77651e-19)
(0.572655 0.554004 0)
(0.824565 0.805596 -3.31329e-19)
(1.10887 1.09574 0)
(1.17031 1.18091 -3.29776e-20)
(1.14619 1.18223 2.78535e-20)
(1.08227 1.14937 -1.1879e-20)
(1.00878 1.11059 1.32296e-19)
(0.928625 1.06986 2.1537e-20)
(0.839666 1.02502 5.52996e-19)
(0.739619 0.973806 -2.30452e-18)
(0.631397 0.914726 0)
(0.532099 0.853697 -8.98056e-19)
(0.447898 0.7861 1.15089e-18)
(0.360794 0.664962 0)
(0.241547 0.48308 -1.44891e-18)
(0.121956 0.484731 -4.99074e-19)
(0.114215 1.8379 6.09665e-19)
(0.157287 3.11583 1.00762e-18)
(0.146023 3.38674 3.45417e-19)
(0.128777 3.44255 -4.78988e-19)
(0.558047 0.568655 -1.77718e-19)
(0.781832 0.786122 1.66921e-19)
(1.08773 1.10944 2.79624e-19)
(1.15788 1.20138 2.03405e-19)
(1.13438 1.20389 4.42233e-20)
(1.07088 1.17102 3.26741e-21)
(0.998248 1.13331 -1.71676e-20)
(0.91739 1.09293 6.60329e-19)
(0.827788 1.04888 -4.98827e-19)
(0.726308 0.999062 1.16995e-18)
(0.615286 0.942422 -7.30967e-20)
(0.510895 0.88432 1.12855e-19)
(0.417281 0.818104 -1.54359e-19)
(0.314332 0.679453 -1.85547e-19)
(0.223843 0.526629 -3.96471e-19)
(0.128108 1.11325 -2.43452e-19)
(0.20329 3.09092 6.6458e-19)
(0.208417 3.40319 -4.69193e-20)
(0.183717 3.45156 -4.71611e-19)
(0.15123 3.46988 -5.86624e-19)
(0.270137 0.262209 2.13535e-19)
(0.97057 1.00442 0)
(1.13175 1.19273 4.98163e-20)
(1.14495 1.23198 3.18102e-20)
(1.09367 1.2131 9.91498e-20)
(1.02408 1.1766 0)
(0.948035 1.138 -1.283e-20)
(0.863033 1.09688 -2.51157e-20)
(0.767178 1.05177 0)
(0.656942 1.00045 -1.08525e-18)
(0.543966 0.946538 0)
(0.440875 0.889745 -1.07836e-19)
(0.327721 0.789331 0)
(0.222558 0.730901 -1.72824e-19)
(0.192502 1.78998 0)
(0.250025 3.12992 0)
(0.248367 3.42197 3.88911e-19)
(0.221325 3.4707 -4.69321e-19)
(0.193935 3.49093 -6.06016e-19)
(0.175179 3.53104 1.85183e-19)
(0.273576 0.263071 -1.08805e-19)
(0.968296 1.02463 4.88063e-21)
(1.12266 1.21409 -2.32579e-19)
(1.13307 1.25313 -2.70978e-19)
(1.08158 1.234 1.48942e-19)
(1.01174 1.19769 -1.44763e-20)
(0.935607 1.15954 -1.04408e-19)
(0.850236 1.11914 -5.21156e-20)
(0.753574 1.07529 -4.9602e-19)
(0.641592 1.02636 1.03098e-18)
(0.525305 0.976604 1.19806e-18)
(0.416002 0.922873 -9.78167e-19)
(0.290543 0.827176 -1.38617e-19)
(0.229315 1.12003 0)
(0.285241 2.81961 1.85908e-20)
(0.329851 3.40507 0)
(0.289802 3.48776 -3.16637e-19)
(0.253656 3.51793 -5.57153e-19)
(0.212214 3.54642 -1.36321e-19)
(0.191963 3.59643 4.20614e-20)
(0.255646 0.258052 -2.41115e-19)
(0.964948 1.04853 -3.65509e-19)
(1.11416 1.23855 6.44504e-20)
(1.12249 1.27769 0)
(1.07081 1.25813 1.65123e-19)
(1.00104 1.22196 -1.00785e-20)
(0.924724 1.184 9.65865e-20)
(0.839308 1.14442 2.64863e-20)
(0.742315 1.1021 4.82305e-19)
(0.6293 1.05613 -1.11675e-18)
(0.510621 1.01127 1.23688e-18)
(0.396829 0.960772 8.01516e-19)
(0.288414 0.914178 0)
(0.287665 1.79011 -5.95007e-19)
(0.375143 3.2765 -5.6702e-19)
(0.379768 3.49783 3.01385e-19)
(0.331519 3.53372 0)
(0.288212 3.56248 1.91081e-19)
(0.233498 3.61598 0)
(0.20475 3.66682 0)
(0.242824 0.258385 0)
(0.959778 1.07432 1.84293e-19)
(1.10459 1.26444 3.60457e-19)
(1.11066 1.30294 3.08828e-19)
(1.05886 1.28299 1.24814e-19)
(0.989286 1.24681 -1.58128e-19)
(0.91315 1.20913 6.58716e-20)
(0.827919 1.17028 0)
(0.73083 1.12948 -4.79728e-20)
(0.617193 1.08648 9.61959e-19)
(0.497016 1.04671 1.1577e-18)
(0.37575 0.998085 9.64879e-20)
(0.296771 1.08806 9.71034e-19)
(0.366427 2.55362 -6.63207e-19)
(0.454206 3.44394 -4.55813e-19)
(0.41714 3.54501 0)
(0.381964 3.5838 0)
(0.332535 3.6456 -4.6384e-20)
(0.282355 3.655 -4.14011e-20)
(0.215762 3.57758 4.21695e-19)
(0.233958 0.261405 -2.4027e-19)
(0.952452 1.10092 3.54715e-19)
(1.09342 1.29146 -1.30481e-19)
(1.09752 1.32905 -3.05106e-19)
(1.04573 1.30852 -1.68545e-19)
(0.976555 1.27226 -1.05019e-19)
(0.900876 1.23484 4.28376e-20)
(0.816039 1.19664 3.99185e-20)
(0.719129 1.15729 4.35653e-19)
(0.605301 1.11723 -8.70048e-19)
(0.484462 1.08247 6.24435e-20)
(0.365043 1.04411 8.97711e-20)
(0.332212 1.41134 7.78736e-19)
(0.452831 3.11146 -2.06262e-19)
(0.517567 3.51549 3.42914e-19)
(0.464379 3.57413 0)
(0.435277 3.65316 0)
(0.421899 3.66408 0)
(0.387094 3.55233 2.84695e-19)
(0.186776 2.47423 4.39598e-19)
(0.227548 0.266358 -4.61985e-19)
(0.943352 1.12832 0)
(1.08067 1.31956 2.51391e-19)
(1.08328 1.35634 -2.40336e-19)
(1.03169 1.33504 2.20142e-19)
(0.963129 1.29852 1.46952e-19)
(0.888112 1.26122 2.45055e-22)
(0.803918 1.22357 2.47897e-19)
(0.707535 1.18559 4.82551e-20)
(0.594025 1.14841 -9.0306e-19)
(0.473221 1.11837 -9.74392e-19)
(0.364101 1.10574 6.73806e-19)
(0.390117 1.85462 1.50283e-18)
(0.532881 3.36143 0)
(0.566063 3.55283 1.70922e-19)
(0.520589 3.60914 0)
(0.496337 3.65487 4.96313e-20)
(0.464015 3.53811 -7.57648e-20)
(0.480033 2.97785 -1.99838e-19)
(0.169536 1.16491 -2.52594e-19)
(0.223077 0.272306 0)
(0.932684 1.15654 5.38107e-19)
(1.06644 1.34879 1.30448e-19)
(1.06792 1.38483 -2.53837e-19)
(1.01679 1.36265 -5.08652e-20)
(0.949084 1.32572 -1.43757e-19)
(0.874958 1.28836 -1.04302e-20)
(0.79168 1.2511 -3.36721e-19)
(0.696198 1.21436 0)
(0.583529 1.17985 6.34471e-19)
(0.463852 1.15423 -8.79293e-19)
(0.371084 1.19578 7.16276e-20)
(0.461064 2.3501 -1.543e-19)
(0.604015 3.47514 1.13863e-19)
(0.604584 3.57524 8.3659e-20)
(0.573401 3.62502 0)
(0.539143 3.57584 -1.44442e-19)
(0.475588 3.07658 -1.12131e-19)
(0.143633 0.971696 0)
(-0.111716 -0.156953 -1.10809e-19)
(0.219347 0.279144 -2.22918e-19)
(0.920354 1.18576 -5.23196e-19)
(1.05053 1.37935 4.98047e-19)
(1.05113 1.41484 7.6588e-20)
(1.00063 1.39184 -9.9442e-20)
(0.933993 1.35451 1.89206e-19)
(0.86099 1.3171 1.18839e-20)
(0.778907 1.28029 1.35392e-19)
(0.684689 1.24492 -2.5627e-19)
(0.573391 1.21327 -7.56378e-20)
(0.456077 1.19295 1.46265e-18)
(0.391958 1.34009 0)
(0.542479 2.83553 5.27627e-19)
(0.665784 3.52999 2.01676e-19)
(0.637731 3.59624 -5.05002e-20)
(0.616875 3.59708 0)
(0.534942 3.28069 0)
(0.265166 1.63409 0)
(-0.0704025 -0.0694916 -4.92076e-19)
(-0.0677364 -0.103069 2.91262e-19)
(0.215432 0.286132 -4.14015e-22)
(0.906206 1.21597 3.39592e-19)
(1.03284 1.4113 2.5184e-19)
(1.03275 1.44631 6.59926e-19)
(0.983077 1.42256 5.55767e-21)
(0.917764 1.38484 4.33089e-20)
(0.846155 1.34742 -6.48213e-20)
(0.765595 1.31112 -6.28164e-20)
(0.67307 1.2772 -1.69702e-19)
(0.563743 1.24854 -2.7035e-20)
(0.450829 1.23659 6.98333e-19)
(0.429107 1.55269 -2.75953e-19)
(0.624184 3.1934 0)
(0.715446 3.56245 -8.48077e-20)
(0.679064 3.59576 1.65784e-20)
(0.63117 3.48078 -1.38682e-19)
(0.425785 2.44368 -1.51206e-19)
(0.016788 0.155179 0)
(-0.0984235 -0.165414 -1.03258e-19)
(-0.0429867 -0.0646336 0)
(0.210803 0.293013 -6.49524e-19)
(0.889997 1.24693 3.31371e-19)
(1.01317 1.44449 -2.50839e-19)
(1.01263 1.47917 0)
(0.964012 1.45469 -9.93987e-20)
(0.900291 1.41661 2.12054e-19)
(0.830391 1.37923 -6.47799e-20)
(0.751717 1.34348 -1.75364e-20)
(0.66138 1.31109 -1.20248e-19)
(0.554727 1.28547 -3.88913e-19)
(0.449519 1.28847 4.64739e-19)
(0.484078 1.84504 0)
(0.69753 3.38963 3.55732e-19)
(0.75301 3.58062 -4.74969e-20)
(0.712811 3.56394 4.02562e-20)
(0.595494 3.12308 -9.56042e-20)
(0.171243 0.852197 0)
(-0.0888224 -0.135633 -2.42334e-19)
(-0.094582 -0.157507 2.25884e-23)
(-0.0316336 -0.0472757 0)
(0.204733 0.299313 -4.23635e-19)
(0.871461 1.27842 -3.30589e-19)
(0.991275 1.47886 2.44455e-19)
(0.990594 1.51332 -6.50259e-21)
(0.943311 1.48817 -9.3101e-20)
(0.881496 1.44974 -2.46921e-19)
(0.813644 1.41242 2.16841e-20)
(0.73727 1.37725 -8.50834e-21)
(0.649672 1.34641 5.77348e-20)
(0.546518 1.32392 -2.63828e-19)
(0.453785 1.35319 0)
(0.551073 2.18416 -2.08698e-19)
(0.762393 3.49558 -1.00358e-19)
(0.787836 3.5813 1.21591e-20)
(0.727278 3.45793 -1.29079e-19)
(0.467313 2.35485 -9.18946e-20)
(0.00304585 0.0394129 2.46779e-19)
(-0.0908591 -0.175988 -1.43442e-19)
(-0.0761106 -0.135669 4.43913e-20)
(-0.0222826 -0.035189 -5.04022e-20)
(0.197148 0.304384 -4.13474e-19)
(0.850117 1.31007 0)
(0.966909 1.5143 1.18956e-20)
(0.966449 1.54858 1.7682e-19)
(0.920834 1.52282 -2.124e-19)
(0.861274 1.48407 2.05279e-19)
(0.795877 1.44683 0)
(0.722258 1.41228 0)
(0.637977 1.38297 4.57566e-20)
(0.539307 1.36378 -3.83408e-19)
(0.46527 1.43637 -2.46661e-19)
(0.628842 2.57041 3.85197e-20)
(0.816221 3.54425 -2.52982e-20)
(0.815339 3.56468 4.46818e-20)
(0.701817 3.20805 0)
(0.231558 1.06871 5.5324e-19)
(-0.104095 -0.128343 3.48807e-19)
(-0.102617 -0.175713 2.68077e-19)
(-0.069448 -0.118318 0)
(-0.0179825 -0.0289676 -4.5629e-20)
(0.187803 0.307521 6.11346e-19)
(0.825614 1.34109 -3.17372e-19)
(0.939727 1.55046 -2.39443e-19)
(0.93997 1.58468 -1.48087e-20)
(0.896426 1.55842 1.12444e-19)
(0.839531 1.51936 4.14547e-19)
(0.777046 1.48222 -1.38201e-19)
(0.706683 1.4483 -1.05874e-19)
(0.626311 1.42048 2.95304e-21)
(0.53327 1.40496 -8.78543e-20)
(0.484722 1.54428 -1.71215e-19)
(0.707475 2.91654 1.21564e-19)
(0.85842 3.56116 -2.31813e-20)
(0.82935 3.51191 6.97273e-20)
(0.614932 2.71598 1.4108e-19)
(0.0671082 0.144225 9.13176e-20)
(-0.0967513 -0.196295 -2.09597e-19)
(-0.0892565 -0.175111 0)
(-0.0567827 -0.105935 -2.93089e-19)
(-0.013978 -0.0241765 8.4359e-20)
(0.176726 0.308006 2.02278e-19)
(0.797217 1.37041 -3.22754e-19)
(0.909482 1.58674 -1.44835e-20)
(0.910924 1.62127 -1.66549e-19)
(0.869945 1.5946 2.21593e-19)
(0.816166 1.55529 1.32778e-19)
(0.757089 1.51827 0)
(0.69053 1.48501 -4.5305e-20)
(0.61467 1.45864 -5.31319e-20)
(0.52856 1.44744 0)
(0.512755 1.67768 1.19121e-19)
(0.780812 3.18855 1.90655e-20)
(0.890529 3.56304 6.94441e-20)
(0.825141 3.39845 0)
(0.465646 2.00667 0)
(-0.0986182 -0.0812905 8.21412e-20)
(-0.115312 -0.201817 -2.4387e-19)
(-0.085716 -0.165398 -2.273e-19)
(-0.0472069 -0.0902548 -3.39842e-19)
(-0.0100829 -0.0183385 0)
(0.163409 0.304488 -2.004e-19)
(0.764336 1.39679 -1.58336e-19)
(0.875847 1.62211 -4.73403e-19)
(0.879088 1.65778 0)
(0.84123 1.63093 0)
(0.791081 1.59143 1.39212e-19)
(0.735948 1.55457 -1.29682e-20)
(0.673791 1.52193 -4.74589e-20)
(0.603061 1.49704 -7.4997e-21)
(0.52515 1.49156 8.4673e-20)
(0.548135 1.83227 -1.38454e-20)
(0.838258 3.35019 4.43586e-21)
(0.915667 3.55507 -5.68076e-20)
(0.794534 3.20891 2.76642e-19)
(0.283051 1.09753 1.98295e-19)
(-0.121953 -0.153335 7.7385e-20)
(-0.12387 -0.231692 0)
(-0.0826581 -0.173149 1.62355e-19)
(-0.0406727 -0.0851676 -3.18497e-20)
(-0.00848729 -0.0166051 2.55153e-19)
(0.147385 0.296915 0)
(0.726269 1.41814 1.49325e-19)
(0.838658 1.65557 6.81096e-19)
(0.844312 1.69345 -1.69059e-19)
(0.810156 1.66678 -2.33956e-19)
(0.764198 1.62724 -1.44301e-19)
(0.713576 1.59061 0)
(0.65642 1.55855 -1.15148e-19)
(0.591448 1.5351 -2.57153e-20)
(0.52263 1.53733 4.30211e-20)
(0.587567 1.99958 0)
(0.884217 3.44252 0)
(0.932909 3.53423 6.83707e-20)
(0.740599 2.94289 9.9051e-20)
(0.112048 0.336991 -2.52882e-19)
(-0.102108 -0.190264 -3.73049e-19)
(-0.115543 -0.253742 0)
(-0.0689577 -0.17367 -5.05589e-20)
(-0.026444 -0.0706243 0)
(-0.00524194 -0.0118258 -3.39155e-20)
(0.128956 0.283233 5.57977e-19)
(0.682568 1.43128 0)
(0.797554 1.68552 0)
(0.806564 1.72735 5.00491e-19)
(0.776691 1.70141 2.25947e-19)
(0.735512 1.66203 -1.57643e-19)
(0.689954 1.62577 2.05014e-19)
(0.638366 1.5943 1.17312e-19)
(0.579741 1.5721 -1.32831e-19)
(0.520715 1.58425 -4.25524e-20)
(0.627479 2.16668 1.40756e-19)
(0.919028 3.48913 -8.65732e-20)
(0.941694 3.49648 0)
(0.669561 2.61387 -1.10924e-19)
(0.00564714 0.11905 -7.01596e-20)
(-0.121668 -0.313729 3.38291e-21)
(-0.0855947 -0.322069 2.95666e-19)
(-0.0250083 -0.181802 2.41374e-19)
(0.0117654 -0.0330417 2.76892e-20)
(0.0052237 0.00691816 -2.22888e-19)
(0.109 0.262045 0)
(0.632849 1.43235 -6.90548e-19)
(0.752904 1.70974 -2.15906e-19)
(0.76585 1.75828 -1.87837e-20)
(0.740939 1.73393 4.4854e-19)
(0.705077 1.69503 -1.62336e-19)
(0.665128 1.65933 -2.11315e-19)
(0.619583 1.62854 2.69129e-19)
(0.567825 1.6074 1.99303e-19)
(0.519174 1.63067 1.06493e-19)
(0.664555 2.32502 -3.97553e-20)
(0.943436 3.51003 -4.8386e-20)
(0.945734 3.43861 0)
(0.615386 2.27797 0)
(0.031957 -0.0579577 -7.49885e-20)
(-0.0374604 -0.445065 1.4461e-19)
(-0.00706539 -0.360144 8.05233e-20)
(0.0476456 -0.107749 1.47623e-19)
(0.0679445 0.0866035 2.71406e-20)
(0.025795 0.0615088 3.25894e-20)
(0.0874642 0.232687 8.52032e-20)
(0.576912 1.41581 1.33486e-19)
(0.704291 1.72559 -2.05854e-19)
(0.722464 1.78461 1.96006e-21)
(0.703211 1.76326 1.11729e-19)
(0.673137 1.72543 -3.13163e-19)
(0.639203 1.69057 0)
(0.600128 1.66061 1.42889e-19)
(0.555621 1.64041 -8.66256e-20)
(0.517077 1.67422 1.1118e-19)
(0.694304 2.46161 1.3531e-19)
(0.955092 3.51758 -5.3089e-20)
(0.937467 3.36811 -7.25865e-21)
(0.548548 1.97256 -7.426e-20)
(-0.022661 -0.28673 -5.43808e-20)
(-0.0639165 -0.45225 0)
(-0.0202961 -0.178117 -3.89077e-20)
(0.0147716 0.101191 -4.76564e-20)
(0.0379337 0.178391 0)
(0.015994 0.0557824 -4.94165e-19)
(0.0638254 0.19487 6.3663e-19)
(0.513179 1.37551 -1.09646e-20)
(0.651245 1.72857 8.75093e-19)
(0.676952 1.80473 0)
(0.664207 1.78838 2.19305e-19)
(0.640082 1.75227 -1.53331e-19)
(0.612442 1.7187 0)
(0.580165 1.68984 -7.72717e-20)
(0.543084 1.67058 1.06359e-19)
(0.513199 1.71246 0)
(0.711438 2.55663 -5.53356e-20)
(0.951319 3.52314 1.10077e-19)
(0.89831 3.31654 5.10424e-20)
(0.496885 1.70591 -1.34447e-20)
(-0.0839734 -0.26874 0)
(-0.13174 -0.363856 1.06235e-20)
(-0.042067 -0.0730286 9.55934e-20)
(0.00603549 0.0947644 -2.05701e-20)
(0.0206342 0.0923997 3.64817e-19)
(0.00821989 0.0243008 4.52925e-19)
(0.0422779 0.148266 6.54959e-19)
(0.439671 1.30138 -1.1749e-19)
(0.593051 1.71341 0)
(0.630532 1.81647 -1.18079e-20)
(0.62486 1.80853 -4.03292e-19)
(0.6066 1.77472 0)
(0.58524 1.74291 2.25119e-21)
(0.559922 1.71545 -7.0341e-20)
(0.530403 1.6974 0)
(0.507603 1.74261 -1.4287e-19)
(0.715052 2.59878 8.93734e-20)
(0.943535 3.53895 -5.99978e-20)
(0.837109 3.32889 1.037e-19)
(0.357742 1.53432 2.4752e-20)
(-0.209039 -0.167793 -1.53922e-20)
(-0.24048 -0.384065 -3.03025e-20)
(-0.108578 -0.157137 -1.37105e-19)
(-0.008759 0.0488154 0)
(0.011331 0.0664887 -5.01412e-20)
(0.00765771 0.0316001 -5.42087e-22)
(0.0232891 0.0965664 6.44971e-20)
(0.359786 1.17897 4.22693e-19)
(0.529669 1.66965 6.64064e-19)
(0.583753 1.81735 -1.87564e-19)
(0.585989 1.82258 0)
(0.573539 1.79231 -7.03844e-20)
(0.55808 1.76257 -1.0388e-19)
(0.539581 1.73664 -1.41646e-19)
(0.51795 1.71958 2.0233e-19)
(0.503589 1.76301 -7.10327e-20)
(0.70606 2.56644 -6.24733e-20)
(0.962736 3.56096 1.43062e-19)
(0.865907 3.41486 -1.19767e-19)
(0.332565 1.72641 -1.01804e-19)
(-0.286538 -0.0994212 -1.89141e-19)
(-0.35992 -0.565527 0)
(-0.226745 -0.418847 1.76269e-19)
(-0.0690639 -0.0881835 -2.42774e-19)
(-0.0183449 0.00126423 -4.97775e-19)
(-0.00498075 -0.00867366 3.03237e-19)
(0.00935824 0.0469894 0)
(0.274668 0.994836 -4.70423e-20)
(0.462108 1.5825 0)
(0.53645 1.80073 -7.69992e-22)
(0.548109 1.82808 -8.75518e-20)
(0.541763 1.8052 6.36972e-20)
(0.531309 1.77745 0)
(0.518938 1.75274 7.15639e-20)
(0.505702 1.73468 4.97674e-20)
(0.499305 1.76958 0)
(0.691671 2.45134 6.53592e-20)
(1.02127 3.54303 1.42954e-19)
(1.07491 3.50888 7.12889e-20)
(0.756107 2.31637 0)
(0.137013 0.322265 5.59017e-20)
(-0.117218 -0.738883 -4.38156e-19)
(-0.117133 -0.653831 -4.34308e-21)
(-0.0227117 -0.24041 0)
(0.00485386 -0.0214216 1.49392e-20)
(-0.00796653 -0.0469211 1.69759e-20)
(0.00167704 0.00778686 1.75261e-22)
(0.181598 0.721607 1.89447e-19)
(0.388973 1.43331 0)
(0.487828 1.75611 5.30156e-20)
(0.512597 1.82543 1.64026e-19)
(0.512035 1.81478 0)
(0.504822 1.78815 -9.13862e-20)
(0.497147 1.76356 6.37065e-20)
(0.490774 1.74187 0)
(0.495992 1.75817 -3.46516e-20)
(0.635023 2.23526 -3.14523e-20)
(1.00168 3.42056 -3.78766e-20)
(1.07274 3.41147 2.80777e-20)
(0.952301 2.64724 -3.43731e-20)
(0.433069 0.724355 0)
(0.0319637 -0.292126 -1.04871e-20)
(-0.112655 -0.538813 2.60638e-20)
(-0.0202557 -0.275532 -7.13383e-20)
(0.0711339 0.149786 1.01587e-19)
(0.0152203 0.0678727 2.31615e-19)
(-0.000325556 -0.0164039 -1.7512e-19)
(0.0893464 0.381432 -2.83725e-20)
(0.297515 1.17124 -2.30029e-20)
(0.436724 1.66993 0)
(0.478782 1.81355 -1.89281e-20)
(0.483567 1.82093 1.36875e-20)
(0.478212 1.79626 -2.13905e-20)
(0.472418 1.7698 1.6009e-20)
(0.469079 1.74332 1.11334e-20)
(0.477337 1.73985 -1.63369e-20)
(0.537161 2.03023 -1.45042e-20)
(0.890131 3.27543 1.35271e-20)
(0.908527 3.4023 1.23862e-20)
(0.813752 3.03403 2.30965e-21)
(0.360743 1.51365 -6.1667e-21)
(-0.108223 0.343067 2.484e-21)
(-0.410037 -0.530383 -1.97435e-20)
(-0.418123 -0.88891 1.79206e-20)
(-0.215216 -0.566765 -5.04604e-21)
(-0.00639774 0.168372 3.04431e-20)
(0.00149725 -0.0371125 -2.09903e-33)
(0.0308321 0.111616 3.53058e-33)
(0.171805 0.730174 2.94423e-33)
(0.364079 1.47928 0)
(0.441496 1.77457 0)
(0.454132 1.81917 7.56125e-34)
(0.451164 1.80411 0)
(0.44439 1.77433 0)
(0.443116 1.74329 -7.15487e-34)
(0.44565 1.73007 0)
(0.473057 1.90123 0)
(0.777246 3.11514 0)
(0.811551 3.46826 0)
(0.766863 3.37855 0)
(0.540062 2.30193 0)
(0.290754 1.34642 0)
(0.0621641 0.250867 0)
(-0.0929746 -0.79831 0)
(-0.144043 -1.43938 0)
(-0.0456705 -0.629354 0)
(-0.000151612 -0.0537559 0)
(0.00955216 -0.020563 0)
(0.0657733 0.278567 0)
(0.257093 1.11719 0)
(0.391004 1.67248 0)
(0.423708 1.81056 0)
(0.423317 1.81124 0)
(0.417814 1.77724 0)
(0.414271 1.74599 0)
(0.419093 1.72043 0)
(0.448719 1.82616 0)
(0.692768 2.91754 0)
(0.837957 3.48354 0)
(0.844534 3.51859 0)
(0.689501 2.91207 0)
(0.407874 1.7192 0)
(0.288638 0.670025 0)
(0.140979 -0.419021 0)
(0.0306912 -1.27024 0)
(-0.0212935 -1.00313 0)
(-0.000578614 -0.0568319 0)
(0.00166866 -0.067189 0)
(0.0247351 0.0724515 0)
(0.146441 0.686398 0)
(0.325751 1.49336 0)
(0.388956 1.78384 0)
(0.393062 1.80996 0)
(0.388093 1.78265 0)
(0.38242 1.74807 0)
(0.388352 1.70881 0)
(0.403011 1.76338 0)
(0.636729 2.57613 0)
(0.860477 3.38818 0)
(0.958289 3.47779 0)
(0.993008 3.22718 0)
(0.815387 2.26146 0)
(0.610091 1.11372 0)
(0.391893 0.0413795 0)
(0.184882 -0.739821 0)
(0.021255 -0.874432 0)
(-0.000888978 -0.0518122 0)
(-0.000727855 -0.0841728 0)
(0.0109367 -0.0246233 0)
(0.0652978 0.316926 0)
(0.249142 1.24022 0)
(0.347088 1.72639 0)
(0.359997 1.80715 0)
(0.355032 1.79106 0)
(0.349998 1.74762 0)
(0.34776 1.70549 0)
(0.363447 1.71006 0)
(0.505721 2.2034 0)
(0.822232 3.15592 0)
(0.949849 3.32698 0)
(1.00663 3.15831 0)
(0.971263 2.5547 0)
(0.775955 1.61887 0)
(0.51379 0.709984 0)
(0.255259 0.00108268 0)
(0.0308252 -0.351895 0)
(0.000260688 -0.0512826 0)
(0.00223526 -0.0982007 0)
(0.0126173 -0.0787267 0)
(0.0412351 0.126248 0)
(0.174714 0.944114 0)
(0.297756 1.63429 0)
(0.322897 1.80146 0)
(0.320122 1.79828 0)
(0.311185 1.75228 0)
(0.302272 1.7004 0)
(0.315314 1.68273 0)
(0.35599 1.93525 0)
(0.679627 2.91484 0)
(0.823676 3.22117 0)
(0.839176 3.13933 0)
(0.805064 2.75748 0)
(0.657728 2.09398 0)
(0.436396 1.4013 0)
(0.210301 0.811212 0)
(0.0240558 0.221879 0)
(-0.00233643 -0.0487348 0)
(-0.0103055 -0.107029 0)
(-0.0060589 -0.12642 0)
(0.0260694 0.0258466 0)
(0.107921 0.671807 0)
(0.240358 1.51596 0)
(0.281004 1.79024 0)
(0.279501 1.80518 0)
(0.268651 1.76004 0)
(0.256359 1.69918 0)
(0.260155 1.67559 0)
(0.25632 1.80308 0)
(0.493479 2.66694 0)
(0.62765 3.1608 0)
(0.60929 3.1622 0)
(0.570793 2.97423 0)
(0.446532 2.49838 0)
(0.283777 1.96984 0)
(0.123931 1.45349 0)
(0.008659 0.600458 0)
(-0.0113579 0.0162151 0)
(-0.0432089 -0.0578854 0)
(-0.0539874 -0.14358 0)
(-0.0371366 -0.0840953 0)
(0.042977 0.464768 0)
(0.178196 1.38572 0)
(0.23674 1.77064 0)
(0.236646 1.81172 0)
(0.225269 1.76936 0)
(0.210206 1.70613 0)
(0.208322 1.67607 0)
(0.2073 1.75405 0)
(0.304814 2.44399 0)
(0.429874 3.12653 0)
(0.394924 3.21534 0)
(0.356835 3.14381 0)
(0.259644 2.80104 0)
(0.147598 2.36711 0)
(0.0489239 1.85857 0)
(-0.00162486 0.745603 0)
(-0.00902017 0.119779 0)
(-0.0236957 0.0236169 0)
(-0.00218364 -0.154822 0)
(0.0282862 -0.135777 0)
(0.0347309 0.218204 0)
(0.150021 1.2444 0)
(0.205043 1.74679 0)
(0.193514 1.81984 0)
(0.17877 1.78047 0)
(0.164454 1.71402 0)
(0.1628 1.67987 0)
(0.162567 1.73999 0)
(0.179626 2.30702 0)
(0.256672 3.10852 0)
(0.226014 3.28246 0)
(0.185109 3.26969 0)
(0.114964 3.01259 0)
(0.0451059 2.61123 0)
(-0.00179973 2.05282 0)
(-0.00353912 0.74181 0)
(0.00626287 0.107641 0)
(0.0895186 -0.153056 0)
(0.210554 -0.348537 0)
(0.261524 -0.216372 0)
(0.220994 0.269669 0)
(0.17328 1.11981 0)
(0.180726 1.74596 0)
(0.144357 1.83544 0)
(0.126158 1.79131 0)
(0.118529 1.717 0)
(0.120758 1.68011 0)
(0.120799 1.74159 0)
(0.108165 2.25876 0)
(0.130692 3.11176 0)
(0.102345 3.3463 0)
(0.0631358 3.3691 0)
(0.0146755 3.15238 0)
(-0.0222399 2.73176 0)
(-0.0271796 2.06367 0)
(-0.00560654 0.668128 0)
(0.0397002 -0.188978 0)
(0.18018 -0.633258 0)
(0.260427 -0.580026 0)
(0.252419 -0.147884 0)
(0.199806 0.45557 0)
(0.127127 1.15396 0)
(0.0978149 1.78315 0)
(0.0691349 1.85912 0)
(0.0624628 1.79643 0)
(0.0704345 1.71325 0)
(0.0821825 1.67937 0)
(0.0878006 1.74838 0)
(0.0636137 2.27224 0)
(0.0533908 3.13349 0)
(0.0276368 3.40119 0)
(-0.00833315 3.44788 0)
(-0.0425411 3.23651 0)
(-0.0523747 2.74787 0)
(-0.0341561 1.98477 0)
(-0.00461183 0.583466 0)
(0.0490947 -0.620382 0)
(0.109246 -0.850563 0)
(0.109987 -0.553054 0)
(0.0782983 -0.0474281 0)
(0.0415483 0.551896 0)
(-0.0253641 1.24684 0)
(-0.0504122 1.81893 0)
(-0.0387484 1.86715 0)
(-0.0124448 1.78867 0)
(0.0196707 1.70098 0)
(0.0452756 1.66932 0)
(0.0616306 1.74955 0)
(0.0412708 2.31059 0)
(0.0136806 3.16804 0)
(-0.00789293 3.45047 0)
(-0.0323826 3.50582 0)
(-0.0541154 3.2743 0)
(-0.0484831 2.71689 0)
(-0.0241158 1.88631 0)
(-0.00373908 0.510869 0)
(0.0235427 -0.802695 0)
(0.0151537 -0.845319 0)
(-0.0257894 -0.466402 0)
(-0.0768948 0.0509796 0)
(-0.132648 0.647402 0)
(-0.203188 1.3526 0)
(-0.21088 1.79777 0)
(-0.153128 1.82849 0)
(-0.0892968 1.75351 0)
(-0.0317804 1.67295 0)
(0.00910018 1.64741 0)
(0.0389461 1.74079 0)
(0.0270095 2.35568 0)
(-0.00101735 3.19565 0)
(-0.0137809 3.48053 0)
(-0.0231753 3.53902 0)
(-0.030847 3.28691 0)
(-0.0231934 2.66885 0)
(-0.0117178 1.82981 0)
(-0.00232848 0.460103 0)
(-0.00895642 -0.761064 0)
(-0.0739429 -0.671528 0)
(-0.153862 -0.294624 0)
(-0.238207 0.213774 0)
(-0.322678 0.811657 0)
(-0.381123 1.43878 0)
(-0.331037 1.70934 0)
(-0.236912 1.7406 0)
(-0.150297 1.68905 0)
(-0.0763476 1.6294 0)
(-0.0242327 1.61435 0)
(0.0144444 1.71896 0)
(0.00866847 2.39854 0)
(-0.0137028 3.21353 0)
(-0.0152379 3.48541 0)
(-0.01031 3.53644 0)
(-0.00608628 3.28568 0)
(-0.00282738 2.64597 0)
(-0.00473777 1.8192 0)
(-0.00138126 0.432814 0)
(-0.032724 -0.528587 0)
(-0.129803 -0.383376 0)
(-0.237207 -0.0352814 0)
(-0.344902 0.422988 0)
(-0.427194 0.945217 0)
(-0.445436 1.39456 0)
(-0.370975 1.58423 0)
(-0.274586 1.62786 0)
(-0.18281 1.61168 0)
(-0.108357 1.57773 0)
(-0.055267 1.57637 0)
(-0.0163769 1.69359 0)
(-0.0170977 2.43604 0)
(-0.0325052 3.21742 0)
(-0.0240469 3.47541 0)
(-0.00988407 3.51462 0)
(0.00228958 3.27609 0)
(0.00353522 2.65181 0)
(-0.0044346 1.83472 0)
(-0.000828833 0.414397 0)
(-0.0362187 -0.234301 0)
(-0.131481 -0.0592805 0)
(-0.236482 0.244717 0)
(-0.33582 0.62239 0)
(-0.404043 1.02342 0)
(-0.399598 1.32267 0)
(-0.339636 1.4703 0)
(-0.263158 1.52727 0)
(-0.188181 1.53875 0)
(-0.125874 1.52946 0)
(-0.0827795 1.54302 0)
(-0.0579437 1.67401 0)
(-0.0509784 2.45805 0)
(-0.0537933 3.2057 0)
(-0.0399302 3.44594 0)
(-0.0204301 3.4776 0)
(-0.00539814 3.25641 0)
(-0.00334288 2.66256 0)
(-0.0086317 1.83552 0)
(-0.000736002 0.397902 0)
(-0.0265222 0.0269104 0)
(-0.100156 0.228542 0)
(-0.183187 0.489218 0)
(-0.260586 0.787615 0)
(-0.308855 1.07639 0)
(-0.306124 1.27613 0)
(-0.277548 1.40335 0)
(-0.22691 1.45917 0)
(-0.174603 1.48441 0)
(-0.129094 1.49307 0)
(-0.100496 1.52228 0)
(-0.0939769 1.6678 0)
(-0.0794118 2.44373 0)
(-0.0649767 3.18573 0)
(-0.0487697 3.41472 0)
(-0.0292708 3.44167 0)
(-0.0139531 3.23202 0)
(-0.0107495 2.67304 0)
(-0.0119583 1.81969 0)
(-0.000610439 0.377254 0)
(-0.0143954 0.201593 0)
(-0.0611295 0.440113 0)
(-0.118597 0.673141 0)
(-0.17368 0.912005 0)
(-0.210038 1.12223 0)
(-0.217065 1.26469 0)
(-0.20906 1.36817 0)
(-0.182827 1.41835 0)
(-0.150483 1.44955 0)
(-0.120471 1.46848 0)
(-0.102833 1.51283 0)
(-0.107287 1.67285 0)
(-0.0877757 2.39037 0)
(-0.0590819 3.1607 0)
(-0.0444024 3.38564 0)
(-0.0310339 3.41076 0)
(-0.0190108 3.20804 0)
(-0.0170834 2.67753 0)
(-0.0136807 1.7818 0)
(-0.000457944 0.357314 0)
(-0.00592459 0.294492 0)
(-0.0309888 0.575184 0)
(-0.0675089 0.798943 0)
(-0.10536 1.00214 0)
(-0.133736 1.16455 0)
(-0.147156 1.27408 0)
(-0.149596 1.35483 0)
(-0.139762 1.39731 0)
(-0.12158 1.42824 0)
(-0.102375 1.45275 0)
(-0.0918012 1.51205 0)
(-0.099943 1.67624 0)
(-0.0809587 2.32148 0)
(-0.0423494 3.13828 0)
(-0.0311908 3.36695 0)
(-0.0255589 3.39139 0)
(-0.0204511 3.1927 0)
(-0.0212551 2.68057 0)
(-0.0134663 1.7285 0)
(-0.000306431 0.339817 0)
(-0.00149535 0.332651 0)
(-0.0121755 0.650304 0)
(-0.0334 0.879903 0)
(-0.0586074 1.06648 0)
(-0.0806169 1.20285 0)
(-0.095572 1.292 0)
(-0.10257 1.35445 0)
(-0.101668 1.38917 0)
(-0.0921225 1.41672 0)
(-0.0792035 1.44244 0)
(-0.070325 1.51081 0)
(-0.0721076 1.67735 0)
(-0.0607704 2.26279 0)
(-0.0218245 3.12028 0)
(-0.0189788 3.36234 0)
(-0.0204 3.38838 0)
(-0.0210369 3.19135 0)
(-0.0252726 2.68096 0)
(-0.0125679 1.66499 0)
(-0.000287894 0.325306 0)
(0.000445766 0.340418 0)
(-0.00168178 0.684498 0)
(-0.0123156 0.928844 0)
(-0.0283525 1.11117 0)
(-0.0447653 1.23485 0)
(-0.0584135 1.31097 0)
(-0.0667988 1.35975 0)
(-0.0697915 1.38715 0)
(-0.0653777 1.41 0)
(-0.0552907 1.4343 0)
(-0.0463471 1.50671 0)
(-0.0429712 1.67438 0)
(-0.0364897 2.22632 0)
(-0.00619078 3.10573 0)
(-0.00993422 3.37081 0)
(-0.0184631 3.39724 0)
(-0.0242348 3.20083 0)
(-0.0284642 2.67493 0)
(-0.0112696 1.5978 0)
(-0.000340075 0.311885 0)
(0.00128653 0.334796 0)
(0.00353251 0.692937 0)
(-0.000270377 0.955495 0)
(-0.00963194 1.14105 0)
(-0.0213112 1.25988 0)
(-0.0325586 1.32812 0)
(-0.040628 1.36706 0)
(-0.0446567 1.38781 0)
(-0.0426268 1.40578 0)
(-0.0338519 1.42729 0)
(-0.0230514 1.49943 0)
(-0.0142459 1.66987 0)
(-0.0156924 2.21169 0)
(-1.81268e-05 3.09618 0)
(-0.00739113 3.38716 0)
(-0.0199336 3.41756 0)
(-0.0288771 3.21565 0)
(-0.0292681 2.65367 0)
(-0.00956128 1.53403 0)
(-0.000318322 0.299535 0)
(0.00147237 0.322623 0)
(0.00565643 0.687791 0)
(0.00628414 0.966849 0)
(0.00147273 1.16003 0)
(-0.00656075 1.27846 0)
(-0.0152566 1.34229 0)
(-0.0222889 1.37449 0)
(-0.0259893 1.38952 0)
(-0.0247085 1.40267 0)
(-0.0158764 1.41894 0)
(-0.000939546 1.48757 0)
(0.0139619 1.66599 0)
(0.000996984 2.21678 0)
(0.00102154 3.09568 0)
(-0.00977753 3.40912 0)
(-0.0241727 3.44199 0)
(-0.0326321 3.22725 0)
(-0.0285305 2.61733 0)
(-0.00828497 1.47752 0)
(-0.000278431 0.288692 0)
(0.00143102 0.309018 0)
(0.00625984 0.674851 0)
(0.00937991 0.968325 0)
(0.00749498 1.17127 0)
(0.00213943 1.29175 0)
(-0.00448303 1.3533 0)
(-0.0102579 1.38097 0)
(-0.0132925 1.3909 0)
(-0.0118224 1.39892 0)
(-0.00258025 1.40847 0)
(0.0175797 1.46984 0)
(0.0383477 1.66174 0)
(0.0174759 2.24435 0)
(2.00837e-05 3.10468 0)
(-0.0162837 3.43554 0)
(-0.0311033 3.46653 0)
(-0.0375728 3.22972 0)
(-0.0276403 2.56996 0)
(-0.00792518 1.42694 0)
(-0.000329314 0.278634 0)
(0.00128379 0.295948 0)
(0.00599797 0.659491 0)
(0.010169 0.964335 0)
(0.0102645 1.17727 0)
(0.00669349 1.30145 0)
(0.00156861 1.36206 0)
(-0.00323338 1.38662 0)
(-0.00587909 1.39187 0)
(-0.00468921 1.39487 0)
(0.00509631 1.39602 0)
(0.0279704 1.44698 0)
(0.0516706 1.65533 0)
(0.0272207 2.2907 0)
(-0.00760387 3.13076 0)
(-0.0265712 3.46309 0)
(-0.0396021 3.48685 0)
(-0.0417724 3.22402 0)
(-0.0274582 2.5156 0)
(-0.00813558 1.37929 0)
(-0.000477307 0.267507 0)
(0.00109581 0.284487 0)
(0.00533891 0.644297 0)
(0.00980891 0.957141 0)
(0.0109377 1.17996 0)
(0.00850598 1.30892 0)
(0.00411038 1.36936 0)
(-0.000341463 1.39158 0)
(-0.00348492 1.39325 0)
(-0.00371048 1.39134 0)
(0.00470793 1.38322 0)
(0.0260392 1.42272 0)
(0.0506797 1.64654 0)
(0.0243732 2.34713 0)
(-0.0206767 3.16643 0)
(-0.0406768 3.48798 0)
(-0.0493831 3.50009 0)
(-0.0458155 3.20592 0)
(-0.027006 2.45666 0)
(-0.00822831 1.33384 0)
(-0.000625316 0.254572 0)
(0.000143278 0.098778 0)
(0.00237314 0.454948 0)
(0.00670869 0.799501 0)
(0.0100778 1.07815 0)
(0.00989117 1.26016 0)
(0.00648525 1.35231 0)
(0.00188767 1.39087 0)
(-0.00269092 1.39816 0)
(-0.00593668 1.39281 0)
(-0.00709017 1.38331 0)
(-0.000497654 1.37548 0)
(0.0171556 1.47382 0)
(0.0223062 1.96882 0)
(-0.0269794 2.85399 0)
(-0.0519899 3.40689 0)
(-0.0589341 3.52706 0)
(-0.0540616 3.38527 0)
(-0.0365773 2.83969 0)
(-0.0142336 1.85706 0)
(-0.000628268 0.241136 0)
(0.264685 2.29934 0)
(0.208822 3.51745 1.54816e-21)
(0.183228 3.62609 -6.33045e-20)
(0.165894 3.56053 0)
(0.150725 3.50466 -2.48137e-19)
(0.131849 3.46248 -3.99858e-19)
(0.119103 3.44663 4.58788e-19)
(0.106929 3.41979 6.16934e-21)
(0.0854117 3.09797 4.49865e-19)
(0.0219593 0.950007 0)
(0.115702 2.43334 -5.59749e-22)
(0.0928564 3.44752 0)
(0.0976684 3.55131 3.09806e-21)
(0.0950499 3.51094 -4.27079e-20)
(0.0907604 3.47137 1.05872e-20)
(0.0852881 3.44318 -4.06971e-19)
(0.0772726 3.43371 4.40618e-19)
(0.0657647 3.41314 4.65737e-19)
(0.0400011 3.02991 4.81126e-19)
(-0.0110901 0.8228 -4.93384e-19)
(0.0637865 2.30981 -5.35252e-20)
(0.0552882 3.39138 2.09203e-19)
(0.0579341 3.50778 0)
(0.0580417 3.47774 -3.25008e-19)
(0.0577061 3.44718 3.85035e-19)
(0.0565485 3.42647 -4.25388e-19)
(0.0537087 3.42303 1.43995e-20)
(0.0512623 3.41342 9.62085e-19)
(0.0375771 3.07119 0)
(-0.0108368 0.863925 -9.08846e-21)
(0.0339198 2.2357 -2.51939e-19)
(0.0279877 3.358 3.38135e-19)
(0.0306106 3.47477 7.15064e-19)
(0.0335232 3.45014 1.26854e-20)
(0.0360549 3.4256 0)
(0.038531 3.41035 0)
(0.0406809 3.41055 4.7022e-19)
(0.0432571 3.4071 -8.12254e-21)
(0.0354282 3.1042 -7.99614e-19)
(-0.0121163 0.904202 2.79791e-19)
(0.0192471 2.21457 1.19013e-20)
(0.00867235 3.34001 3.70557e-19)
(0.012152 3.44773 -1.97438e-19)
(0.0173973 3.42568 -2.24923e-19)
(0.0223905 3.40509 2.44683e-19)
(0.0277407 3.39325 2.44058e-19)
(0.0331509 3.39531 -7.389e-21)
(0.0387558 3.39666 2.83975e-19)
(0.0352142 3.13152 0)
(-0.0129966 0.945787 -5.80939e-19)
(0.0114536 2.23304 -7.64721e-23)
(-0.00717142 3.33193 -1.90656e-19)
(0.000229245 3.42403 2.44928e-20)
(0.00678144 3.40236 0)
(0.0136918 3.3842 -2.57245e-19)
(0.0212368 3.37439 2.69551e-19)
(0.0289797 3.37744 2.72581e-19)
(0.036909 3.38271 2.82695e-19)
(0.0372775 3.15506 -4.62743e-21)
(-0.0132484 0.991952 3.09782e-19)
(0.00424137 2.27574 -2.16508e-19)
(-0.0178562 3.32816 1.36483e-22)
(-0.00873464 3.40103 2.50799e-19)
(-0.000562911 3.37868 2.53983e-19)
(0.00791301 3.36185 -1.70917e-20)
(0.017315 3.35318 2.14571e-22)
(0.0271242 3.35673 -2.82546e-19)
(0.0373244 3.36516 6.22579e-19)
(0.0417109 3.1746 -3.09435e-19)
(-0.0125399 1.04865 -9.79605e-21)
(-0.00349682 2.33932 -5.84807e-23)
(-0.0263695 3.32513 0)
(-0.0165143 3.37706 -2.7068e-19)
(-0.00652428 3.3532 -1.76104e-20)
(0.0036518 3.33688 3.0543e-19)
(0.0149954 3.32874 0)
(0.0269769 3.33243 3.3206e-19)
(0.0397001 3.3434 0)
(0.0483272 3.19005 3.37029e-19)
(-0.0103182 1.12293 0)
(-0.013319 2.42031 -4.13143e-21)
(-0.0355137 3.31935 5.42851e-19)
(-0.0243851 3.34965 -2.76628e-19)
(-0.012156 3.32406 -1.90953e-20)
(0.000163039 3.30781 1.97241e-20)
(0.0137476 3.29993 -2.05739e-20)
(0.0281716 3.30364 3.58587e-19)
(0.0437909 3.31665 -6.4148e-23)
(0.0565671 3.20032 -3.66758e-19)
(-0.00580814 1.22149 -3.68708e-19)
(-0.0274813 2.5189 -2.9315e-19)
(-0.0462187 3.30683 -2.93804e-19)
(-0.0329739 3.31616 0)
(-0.0178332 3.28945 -3.60342e-19)
(-0.00275152 3.27334 2.15277e-20)
(0.0134534 3.26586 3.68309e-19)
(0.0304672 3.26974 -7.48451e-19)
(0.0490506 3.28432 -7.85755e-19)
(0.0656122 3.20407 -6.09688e-21)
(0.00153064 1.35155 -2.08413e-19)
(-0.0465002 2.63256 -1.49908e-19)
(-0.0579127 3.28387 -1.04323e-20)
(-0.0416342 3.27502 -3.45616e-19)
(-0.0231945 3.2487 0)
(-0.00497179 3.23341 0)
(0.0139109 3.22668 1.76905e-19)
(0.0334237 3.2308 0)
(0.054493 3.2463 -2.05497e-19)
(0.0741926 3.19965 0)
(0.0115512 1.51886 2.24227e-19)
(-0.0675626 2.75531 5.44889e-21)
(-0.0682046 3.24856 -1.77328e-19)
(-0.0481403 3.22685 2.15946e-20)
(-0.0269029 3.20311 0)
(-0.00633309 3.18956 2.60261e-20)
(0.0142276 3.18384 -2.73601e-19)
(0.0355537 3.18802 2.18103e-19)
(0.0582661 3.20331 -1.4287e-20)
(0.0802175 3.18536 7.45492e-21)
(0.0234807 1.72247 4.87644e-19)
(-0.0855206 2.87576 -6.15846e-21)
(-0.073517 3.20326 1.26576e-20)
(-0.0505063 3.17537 -2.16273e-19)
(-0.0279744 3.1544 1.86486e-19)
(-0.00678581 3.14257 -1.9322e-19)
(0.0140618 3.1381 -2.58678e-19)
(0.0356693 3.14294 2.37505e-19)
(0.0583686 3.15778 2.39058e-19)
(0.0818658 3.162 -1.61761e-20)
(0.0353678 1.96186 2.60629e-19)
(-0.0932449 2.97971 6.7684e-21)
(-0.0729281 3.15284 2.17111e-19)
(-0.0501558 3.12151 2.88162e-20)
(-0.0284215 3.10209 -1.51846e-19)
(-0.00684789 3.09173 1.03468e-22)
(0.0147301 3.08885 -3.17696e-20)
(0.0360837 3.09505 1.61607e-19)
(0.0566746 3.11097 1.69222e-20)
(0.0784607 3.13129 -1.73679e-20)
(0.0438129 2.23468 0)
(-0.0955984 3.04054 -1.14602e-19)
(-0.0713008 3.0928 -1.24222e-19)
(-0.0495974 3.06301 -1.23214e-19)
(-0.0272649 3.04852 3.23425e-20)
(-0.00596074 3.0422 -1.63807e-19)
(0.0144119 3.04095 -8.90328e-23)
(0.0349086 3.04598 7.19143e-20)
(0.0555827 3.05933 -1.25727e-19)
(0.0794706 3.08819 -1.38332e-19)
(0.048463 2.5276 0)
(-0.0951294 3.03675 6.39762e-20)
(-0.0566353 3.02332 -1.68477e-20)
(-0.0315071 3.01256 -3.35603e-20)
(-0.0149392 3.00887 3.40686e-20)
(-0.00270548 3.00858 0)
(0.00862112 3.00759 -3.53966e-20)
(0.0206907 3.00925 0)
(0.0362935 3.01349 -9.73383e-20)
(0.0646678 3.02576 6.23368e-20)
(0.0493402 2.79243 -8.50314e-20)
(0.939319 -0.0855727 0)
(1.06142 -0.0844718 0)
(1.03128 -0.0590014 0)
(1.01437 -0.0382239 0)
(1.00653 -0.0234459 0)
(1.00313 -0.0141102 0)
(1.00164 -0.00846326 0)
(1.00096 -0.00486349 0)
(1.00063 -0.00233791 0)
(1.00049 -0.000247757 0)
(1.00054 0.00172712 0)
(1.00075 0.00394735 0)
(1.00122 0.00690709 0)
(1.00224 0.0113437 0)
(1.00449 0.0185383 0)
(1.00962 0.0303432 0)
(1.02122 0.0479927 0)
(1.04642 0.0727671 0)
(1.0553 0.0889954 0)
(0.533014 0.0342722 0)
(0.723994 -0.0309082 0)
(1.09244 -0.0588345 0)
(1.08853 -0.0532751 0)
(1.05267 -0.0434306 0)
(1.02959 -0.0340321 0)
(1.0161 -0.0245859 0)
(1.00897 -0.0164104 0)
(1.00533 -0.0099617 0)
(1.00351 -0.00489081 0)
(1.00278 -0.000451587 0)
(1.00299 0.00380673 0)
(1.00415 0.00838303 0)
(1.00669 0.0139748 0)
(1.01177 0.0211537 0)
(1.02165 0.0299442 0)
(1.03948 0.0393404 0)
(1.0685 0.048385 0)
(1.10323 0.058402 0)
(1.00574 0.0570795 0)
(0.263171 0.00536622 0)
(0.564596 -0.010067 0)
(1.04887 -0.0421942 0)
(1.10397 -0.0448943 0)
(1.07237 -0.0378966 0)
(1.04735 -0.0313226 0)
(1.03015 -0.0251448 0)
(1.01887 -0.0187873 0)
(1.01201 -0.0123891 0)
(1.00823 -0.00633034 0)
(1.00662 -0.00044415 0)
(1.00706 0.00531827 0)
(1.00954 0.0110935 0)
(1.01459 0.0171634 0)
(1.02341 0.0233915 0)
(1.03744 0.029398 0)
(1.05814 0.0354549 0)
(1.08859 0.0423473 0)
(1.1025 0.0466166 0)
(0.882544 0.030295 0)
(0.191243 0.000817798 0)
(0.481406 -0.00525039 0)
(0.987923 -0.0299025 0)
(1.10576 -0.0380684 0)
(1.08318 -0.0344113 0)
(1.05719 -0.0291143 0)
(1.03961 -0.0236331 0)
(1.02746 -0.0181992 0)
(1.01911 -0.0125677 0)
(1.01391 -0.00658421 0)
(1.01152 -0.000178499 0)
(1.01213 0.00621319 0)
(1.01565 0.0121805 0)
(1.02215 0.0177253 0)
(1.03216 0.0229349 0)
(1.04667 0.0280641 0)
(1.06791 0.0331907 0)
(1.09827 0.0380467 0)
(1.08297 0.0376474 0)
(0.781959 0.017767 0)
(0.162581 0.000590962 0)
(0.429643 -0.00352232 0)
(0.928191 -0.022043 0)
(1.10117 -0.0324342 0)
(1.09247 -0.0308294 0)
(1.0652 -0.0266973 0)
(1.04676 -0.0221395 0)
(1.03422 -0.0171399 0)
(1.02547 -0.0118276 0)
(1.01968 -0.00608726 0)
(1.01681 0.000303843 0)
(1.01746 0.0067331 0)
(1.02141 0.0124954 0)
(1.02828 0.0176448 0)
(1.03854 0.0224183 0)
(1.0536 0.0267983 0)
(1.07593 0.0306919 0)
(1.10248 0.033879 0)
(1.05388 0.0308577 0)
(0.705655 0.0119981 0)
(0.144534 0.000442676 0)
(0.392985 -0.00258699 0)
(0.874748 -0.0168163 0)
(1.09094 -0.0279736 0)
(1.0993 -0.0276881 0)
(1.0724 -0.0240973 0)
(1.05331 -0.0202164 0)
(1.04025 -0.0158129 0)
(1.03117 -0.0108262 0)
(1.02511 -0.00527862 0)
(1.022 0.00093939 0)
(1.02257 0.00717532 0)
(1.02656 0.0126766 0)
(1.03355 0.0174802 0)
(1.04412 0.0216846 0)
(1.05971 0.0252737 0)
(1.08268 0.0284652 0)
(1.10319 0.0307011 0)
(1.02011 0.0257492 0)
(0.646998 0.00893144 0)
(0.131442 0.000344833 0)
(0.365456 -0.0019741 0)
(0.828811 -0.0131065 0)
(1.07694 -0.0241315 0)
(1.10381 -0.0249345 0)
(1.07887 -0.0217631 0)
(1.05932 -0.0181782 0)
(1.04595 -0.0141849 0)
(1.03656 -0.00958593 0)
(1.03024 -0.00429601 0)
(1.02692 0.00170764 0)
(1.02735 0.00769279 0)
(1.03129 0.0128739 0)
(1.03835 0.0172282 0)
(1.0491 0.0208859 0)
(1.06498 0.023981 0)
(1.08843 0.0268201 0)
(1.10093 0.0281464 0)
(0.984876 0.0217411 0)
(0.600575 0.00703219 0)
(0.121259 0.000279605 0)
(0.344182 -0.00153093 0)
(0.789965 -0.0103707 0)
(1.06076 -0.0207481 0)
(1.10667 -0.0223854 0)
(1.08486 -0.0196237 0)
(1.06489 -0.0162145 0)
(1.0513 -0.0124487 0)
(1.04171 -0.00812849 0)
(1.03514 -0.00311583 0)
(1.03158 0.00263338 0)
(1.03182 0.00832614 0)
(1.03567 0.0131293 0)
(1.04269 0.0170485 0)
(1.05346 0.0203015 0)
(1.06956 0.0230365 0)
(1.09309 0.0255583 0)
(1.0958 0.0260271 0)
(0.950021 0.0186153 0)
(0.562706 0.00575662 0)
(0.113009 0.000233218 0)
(0.327483 -0.00119533 0)
(0.757316 -0.00828677 0)
(1.04364 -0.0177603 0)
(1.10855 -0.0200187 0)
(1.09051 -0.0175803 0)
(1.0702 -0.0142957 0)
(1.05638 -0.0106727 0)
(1.04662 -0.00652616 0)
(1.03985 -0.00173057 0)
(1.03602 0.00375193 0)
(1.03602 0.00911998 0)
(1.03969 0.0135437 0)
(1.04656 0.0170879 0)
(1.05729 0.0200072 0)
(1.07363 0.0224225 0)
(1.09649 0.0246008 0)
(1.08803 0.0242705 0)
(0.916454 0.0162206 0)
(0.530918 0.00487323 0)
(0.106099 0.000200697 0)
(0.314285 -0.00092968 0)
(0.729965 -0.00663806 0)
(1.0265 -0.0150937 0)
(1.10953 -0.0177603 0)
(1.09597 -0.0155988 0)
(1.07538 -0.0123634 0)
(1.06131 -0.00882304 0)
(1.05136 -0.00478738 0)
(1.04438 -0.00014465 0)
(1.04026 0.00509835 0)
(1.03994 0.010146 0)
(1.04334 0.0142129 0)
(1.05 0.0174104 0)
(1.06068 0.0200193 0)
(1.07722 0.0221416 0)
(1.09853 0.0239525 0)
(1.07802 0.0228552 0)
(0.884495 0.0144206 0)
(0.503487 0.00425783 0)
(0.100122 0.000178439 0)
(0.303886 -0.00071055 0)
(0.707182 -0.00528288 0)
(1.01007 -0.0126807 0)
(1.10977 -0.0155521 0)
(1.10132 -0.0136214 0)
(1.08051 -0.0103646 0)
(1.06617 -0.00685141 0)
(1.056 -0.00287164 0)
(1.04875 0.0016701 0)
(1.0443 0.00671779 0)
(1.0436 0.0114728 0)
(1.04665 0.0151999 0)
(1.05305 0.0180611 0)
(1.06365 0.0203729 0)
(1.08038 0.0222108 0)
(1.09934 0.0236383 0)
(1.0661 0.0217844 0)
(0.854106 0.0131122 0)
(0.479155 0.00383993 0)
(0.0947798 0.000164297 0)
(0.295821 -0.000521024 0)
(0.688406 -0.00412164 0)
(0.994872 -0.010454 0)
(1.10939 -0.0133436 0)
(1.10644 -0.0115462 0)
(1.08566 -0.00824494 0)
(1.07103 -0.00470458 0)
(1.0606 -0.000719516 0)
(1.05304 0.00377002 0)
(1.04816 0.00867193 0)
(1.04699 0.0131645 0)
(1.04964 0.0165604 0)
(1.05572 0.0190901 0)
(1.06621 0.0211138 0)
(1.08305 0.0226537 0)
(1.09915 0.0237005 0)
(1.05248 0.0210602 0)
(0.82503 0.0122156 0)
(0.456957 0.00357343 0)
(0.089842 0.000156547 0)
(0.289801 -0.000347306 0)
(0.673248 -0.00307592 0)
(0.981305 -0.00834035 0)
(1.1087 -0.0110585 0)
(1.11143 -0.00930801 0)
(1.09093 -0.00593313 0)
(1.07597 -0.00231019 0)
(1.06523 0.00174075 0)
(1.05727 0.00623377 0)
(1.05188 0.0110378 0)
(1.05014 0.0152932 0)
(1.0523 0.0183626 0)
(1.05801 0.0205532 0)
(1.06835 0.0222908 0)
(1.08524 0.0235088 0)
(1.09807 0.0240576 0)
(1.03728 0.0206984 0)
(0.796881 0.0116715 0)
(0.43612 0.00342934 0)
(0.0851263 0.000154047 0)
(0.285673 -0.000178796 0)
(0.66148 -0.00208554 0)
(0.969702 -0.00626803 0)
(1.10802 -0.00863774 0)
(1.11642 -0.00684043 0)
(1.09638 -0.00334984 0)
(1.08107 0.000416053 0)
(1.06995 0.00459183 0)
(1.06151 0.00915315 0)
(1.05548 0.0139074 0)
(1.05305 0.0179465 0)
(1.05463 0.0206888 0)
(1.05989 0.022523 0)
(1.07005 0.0239624 0)
(1.08695 0.0248509 0)
(1.09574 0.0248338 0)
(1.0205 0.0206988 0)
(0.769214 0.011435 0)
(0.416015 0.00338562 0)
(0.0804868 0.000155802 0)
(0.283392 -1.01022e-05 0)
(0.653014 -0.00110111 0)
(0.960364 -0.00416656 0)
(1.10768 -0.0060137 0)
(1.12153 -0.00405879 0)
(1.1021 -0.000400427 0)
(1.08642 0.00357205 0)
(1.07483 0.00794153 0)
(1.0658 0.0126371 0)
(1.059 0.017389 0)
(1.05575 0.0212284 0)
(1.05662 0.0236353 0)
(1.06134 0.0250899 0)
(1.07124 0.0261852 0)
(1.08799 0.0267135 0)
(1.09199 0.0260474 0)
(1.00205 0.0211069 0)
(0.741531 0.0114902 0)
(0.39609 0.00343375 0)
(0.0757959 0.000161568 0)
(0.283073 0.000170622 0)
(0.647894 -7.54257e-05 0)
(0.953595 -0.00196365 0)
(1.10803 -0.00311068 0)
(1.12696 -0.000869685 0)
(1.1082 0.0030225 0)
(1.09209 0.00727646 0)
(1.07995 0.0119188 0)
(1.0702 0.0168177 0)
(1.06246 0.0216124 0)
(1.05821 0.02526 0)
(1.05825 0.0273113 0)
(1.06234 0.0283501 0)
(1.07189 0.0290471 0)
(1.08814 0.0291383 0)
(1.08645 0.0278216 0)
(0.981733 0.0219367 0)
(0.713276 0.0118185 0)
(0.375833 0.00356336 0)
(0.0709383 0.000170614 0)
(0.284693 0.000401789 0)
(0.646325 0.00109143 0)
(0.949726 0.000411864 0)
(1.10946 0.000163862 0)
(1.13291 0.00282643 0)
(1.11481 0.00704889 0)
(1.09821 0.0116742 0)
(1.0854 0.0166752 0)
(1.07477 0.0218518 0)
(1.06589 0.0267349 0)
(1.06044 0.0301996 0)
(1.05949 0.031855 0)
(1.06283 0.0324146 0)
(1.07195 0.0326685 0)
(1.08723 0.0322168 0)
(1.07901 0.0301835 0)
(0.959208 0.0232333 0)
(0.683853 0.0124176 0)
(0.354766 0.00376996 0)
(0.0658123 0.000182573 0)
(0.288533 0.00063057 0)
(0.648285 0.00229807 0)
(0.949169 0.00301447 0)
(1.11247 0.00390023 0)
(1.13959 0.00716164 0)
(1.12205 0.0118509 0)
(1.1049 0.0169477 0)
(1.09127 0.0224054 0)
(1.07955 0.0279359 0)
(1.06929 0.0329451 0)
(1.06239 0.0362148 0)
(1.06029 0.037411 0)
(1.06275 0.0374268 0)
(1.07136 0.0371892 0)
(1.08503 0.0361023 0)
(1.06933 0.0332224 0)
(0.934022 0.0250286 0)
(0.652607 0.013282 0)
(0.332423 0.00404641 0)
(0.0603258 0.000196768 0)
(0.295065 0.000916618 0)
(0.654426 0.00374735 0)
(0.952504 0.00598424 0)
(1.11754 0.00826268 0)
(1.14722 0.0123341 0)
(1.13013 0.0176329 0)
(1.1123 0.0233244 0)
(1.09766 0.0293507 0)
(1.08459 0.0353114 0)
(1.07265 0.0404644 0)
(1.06404 0.0434927 0)
(1.06062 0.0441712 0)
(1.06204 0.0435534 0)
(1.07005 0.0427455 0)
(1.08162 0.0409832 0)
(1.05698 0.0370379 0)
(0.905573 0.0273571 0)
(0.618835 0.0144026 0)
(0.308366 0.00438338 0)
(0.0544036 0.000212221 0)
(0.304782 0.00126815 0)
(0.665459 0.00545083 0)
(0.960387 0.00944822 0)
(1.12523 0.0134699 0)
(1.15614 0.0185794 0)
(1.13927 0.0246662 0)
(1.12058 0.031102 0)
(1.10467 0.0378208 0)
(1.08993 0.0442769 0)
(1.07595 0.049557 0)
(1.06532 0.0522551 0)
(1.06039 0.0523337 0)
(1.06063 0.0509759 0)
(1.06791 0.0495386 0)
(1.07684 0.0469724 0)
(1.04139 0.0417169 0)
(0.873103 0.0302293 0)
(0.58178 0.0157528 0)
(0.282192 0.00476349 0)
(0.0479953 0.000227408 0)
(0.318469 0.00171584 0)
(0.682304 0.00750474 0)
(0.973677 0.0136042 0)
(1.13616 0.0198125 0)
(1.16677 0.0262496 0)
(1.14974 0.0333379 0)
(1.12994 0.0406908 0)
(1.11239 0.0482203 0)
(1.09556 0.0551994 0)
(1.07912 0.0605294 0)
(1.06615 0.0627524 0)
(1.0595 0.0620956 0)
(1.05844 0.0598808 0)
(1.06497 0.0576966 0)
(1.07037 0.0541668 0)
(1.02181 0.0473125 0)
(0.835688 0.0336222 0)
(0.540671 0.0172798 0)
(0.253581 0.00515922 0)
(0.0410894 0.000240278 0)
(0.337375 0.00230564 0)
(0.70662 0.0100583 0)
(0.993501 0.0187693 0)
(1.15112 0.0277452 0)
(1.17963 0.0358447 0)
(1.16187 0.0442012 0)
(1.14053 0.05266 0)
(1.12086 0.0610835 0)
(1.10141 0.0685285 0)
(1.08202 0.073723 0)
(1.06635 0.0752411 0)
(1.05775 0.0736395 0)
(1.05537 0.0704913 0)
(1.06096 0.0673396 0)
(1.0617 0.062614 0)
(0.99726 0.0538362 0)
(0.792221 0.03745 0)
(0.494765 0.0188866 0)
(0.222357 0.00552937 0)
(0.0337295 0.000248321 0)
(0.363601 0.00313378 0)
(0.740728 0.0134061 0)
(1.02138 0.0255213 0)
(1.17107 0.0380237 0)
(1.19536 0.0481605 0)
(1.176 0.0580869 0)
(1.15249 0.0678136 0)
(1.13 0.0771066 0)
(1.10728 0.0847987 0)
(1.08441 0.089502 0)
(1.06573 0.089957 0)
(1.05502 0.0871667 0)
(1.05133 0.0829336 0)
(1.0555 0.0786653 0)
(1.05013 0.0724374 0)
(0.966475 0.0611926 0)
(0.741426 0.0415066 0)
(0.443437 0.020411 0)
(0.188568 0.00581578 0)
(0.0260304 0.000248753 0)
(0.400714 0.00436394 0)
(0.787964 0.018078 0)
(1.05945 0.0349025 0)
(1.19713 0.0519522 0)
(1.21466 0.0644728 0)
(1.19235 0.0763027 0)
(1.16572 0.0872965 0)
(1.13953 0.0971637 0)
(1.11283 0.104603 0)
(1.08597 0.108224 0)
(1.06402 0.107101 0)
(1.05117 0.102817 0)
(1.04624 0.0973146 0)
(1.04825 0.0919594 0)
(1.03473 0.0836761 0)
(0.927865 0.0690674 0)
(0.68189 0.0454135 0)
(0.386305 0.0216063 0)
(0.152573 0.00594593 0)
(0.018188 0.000239367 0)
(0.455586 0.00627216 0)
(0.853663 0.0255196 0)
(1.11112 0.0493016 0)
(1.23029 0.0719741 0)
(1.23821 0.0875884 0)
(1.21071 0.100844 0)
(1.1797 0.112595 0)
(1.14883 0.122234 0)
(1.11744 0.128524 0)
(1.0862 0.130186 0)
(1.06088 0.126806 0)
(1.04599 0.120651 0)
(1.03999 0.113673 0)
(1.0391 0.107069 0)
(1.01427 0.0960024 0)
(0.879482 0.0769275 0)
(0.612125 0.0485448 0)
(0.323287 0.0221186 0)
(0.115018 0.00583827 0)
(0.010445 0.000219082 0)
(0.544883 0.010341 0)
(0.949231 0.041499 5.18972e-34)
(1.18298 0.0753674 0)
(1.27087 0.10291 0)
(1.26502 0.121087 7.12119e-34)
(1.22986 0.134333 -3.18413e-34)
(1.19322 0.145334 0)
(1.15684 0.15324 0)
(1.12031 0.157018 -4.57555e-34)
(1.08454 0.155554 0)
(1.05595 0.14908 0)
(1.03925 0.140611 0)
(1.03249 0.131965 0)
(1.02788 0.123373 0)
(0.98632 0.10892 0)
(0.818235 0.083833 0)
(0.530679 0.0499793 0)
(0.254187 0.0214319 0)
(0.0761837 0.00541039 0)
(0.00287995 0.000195557 0)
(0.629518 0.0341036 -4.76458e-20)
(1.04131 0.0776653 -1.35425e-20)
(1.25044 0.118597 -1.1796e-20)
(1.30967 0.147218 0)
(1.29076 0.165052 -1.22927e-20)
(1.24774 0.176996 1.13028e-20)
(1.205 0.186342 -1.91409e-20)
(1.16274 0.192103 1.64084e-20)
(1.12066 0.193238 1.46269e-20)
(1.07981 0.188628 -2.38782e-20)
(1.04737 0.179097 -2.48814e-20)
(1.02849 0.168413 2.9242e-20)
(1.02047 0.158153 5.17076e-20)
(1.00766 0.14608 -2.07345e-20)
(0.937914 0.125836 6.09099e-20)
(0.726761 0.0917327 7.21935e-21)
(0.42549 0.0511875 -8.57777e-20)
(0.175503 0.0207341 7.55772e-20)
(0.0357571 0.0048623 -1.77852e-20)
(-0.00438493 -1.44887e-05 1.19239e-19)
(0.664958 0.0676509 -6.02301e-20)
(1.10275 0.131395 7.08097e-20)
(1.29833 0.175293 0)
(1.34052 0.202909 2.52168e-20)
(1.31229 0.217895 9.70822e-20)
(1.26252 0.226797 0)
(1.21372 0.233225 -7.90641e-20)
(1.16556 0.236045 7.2706e-20)
(1.11783 0.234051 0)
(1.07166 0.226063 -5.30732e-20)
(1.03496 0.213383 -1.05536e-19)
(1.01337 0.200362 -6.34582e-20)
(1.0035 0.18852 3.82905e-20)
(0.983042 0.173734 -9.11586e-20)
(0.889282 0.147228 0)
(0.653962 0.103045 -2.22398e-19)
(0.357285 0.0545279 2.98793e-19)
(0.130507 0.0203208 -3.51592e-19)
(0.01335 0.003333 4.12861e-19)
(-0.00865851 -0.000692778 9.51266e-19)
(0.67455 0.10393 -7.37194e-21)
(1.13735 0.191431 -1.33305e-20)
(1.3289 0.240311 0)
(1.36205 0.266058 1.88881e-21)
(1.32778 0.276881 -4.54053e-20)
(1.27276 0.281584 4.76663e-20)
(1.21867 0.283981 0)
(1.16518 0.282943 7.05159e-20)
(1.11222 0.277081 6.23162e-20)
(1.06106 0.265131 0)
(1.02035 0.248895 1.11467e-19)
(0.996111 0.23325 3.44813e-19)
(0.984065 0.219487 8.258e-20)
(0.957301 0.202001 0)
(0.848673 0.168584 5.80899e-20)
(0.606131 0.115138 -5.17865e-19)
(0.321477 0.0598564 -3.76872e-22)
(0.109466 0.0211613 0)
(0.00199572 0.00178243 2.8262e-20)
(-0.0113578 -0.00157639 3.25433e-20)
(0.669977 0.139264 -1.11759e-20)
(1.15448 0.2519 8.33732e-20)
(1.34614 0.308137 1.64796e-19)
(1.37466 0.331999 -7.2047e-20)
(1.33661 0.338733 0)
(1.27777 0.338973 -4.45442e-20)
(1.21945 0.33695 -7.94276e-20)
(1.16148 0.331619 -1.50861e-19)
(1.10396 0.321479 2.76252e-19)
(1.04828 0.305205 -1.22289e-19)
(1.00382 0.285131 0)
(0.976981 0.266625 2.9581e-19)
(0.962697 0.250651 0)
(0.931316 0.230248 -1.06546e-19)
(0.815138 0.190867 -2.52867e-19)
(0.575763 0.129766 0)
(0.305122 0.0668268 3.0892e-19)
(0.101403 0.0225597 -4.68199e-19)
(-0.0029748 0.000235931 -9.80673e-19)
(-0.0129923 -0.00252089 5.99779e-19)
(0.65975 0.171611 5.91994e-20)
(1.15986 0.310786 -1.3376e-20)
(1.35369 0.375772 0)
(1.37999 0.398163 1.18272e-20)
(1.33943 0.401153 -1.72875e-19)
(1.2778 0.397034 0)
(1.21617 0.390614 -4.59163e-21)
(1.15453 0.380937 -8.21102e-20)
(1.09308 0.366422 0)
(1.03336 0.345696 -2.55693e-19)
(0.985413 0.321641 2.65347e-19)
(0.956041 0.300125 -1.58726e-19)
(0.939534 0.281786 3.87157e-19)
(0.90511 0.258515 1.15963e-19)
(0.787019 0.213643 1.24203e-21)
(0.556658 0.145346 -8.10696e-20)
(0.298848 0.0750695 -3.83434e-19)
(0.101124 0.0250794 0)
(-0.00294735 -0.000673942 -2.20389e-18)
(-0.0135703 -0.00336791 -1.36273e-23)
(0.647428 0.201226 6.66538e-20)
(1.15766 0.366998 1.02049e-20)
(1.35421 0.441476 1.30924e-19)
(1.37957 0.46318 0)
(1.33734 0.462795 7.75725e-20)
(1.27362 0.454531 -8.93036e-20)
(1.20933 0.443912 0)
(1.14463 0.430029 -8.07747e-20)
(1.0798 0.411229 1.42811e-19)
(1.01649 0.386087 0)
(0.965325 0.358034 -1.39115e-19)
(0.933496 0.333472 3.45788e-19)
(0.914799 0.312745 2.08566e-19)
(0.878399 0.286737 -1.27935e-19)
(0.761895 0.236887 0)
(0.542764 0.162388 1.25622e-21)
(0.298045 0.0856295 3.12489e-19)
(0.106132 0.0295359 -6.1408e-20)
(0.0011926 -0.000283234 1.09158e-18)
(-0.0129889 -0.00389872 1.34055e-18)
(0.635381 0.228631 -1.089e-20)
(1.15077 0.420165 6.65271e-21)
(1.34974 0.504563 -2.02491e-20)
(1.37474 0.526109 3.01897e-21)
(1.33135 0.52281 4.15016e-20)
(1.26606 0.510718 -1.69405e-19)
(1.19961 0.496168 0)
(1.13234 0.478302 1.75105e-19)
(1.06457 0.455406 -1.68321e-19)
(0.998008 0.425994 2.939e-19)
(0.943851 0.394026 4.66074e-19)
(0.909676 0.366468 -1.91844e-19)
(0.888923 0.3434 -1.58896e-21)
(0.85121 0.31478 -2.74151e-19)
(0.737781 0.260655 -1.64582e-19)
(0.530797 0.180671 0)
(0.299289 0.0979036 -1.12762e-19)
(0.113659 0.0359493 -1.35335e-19)
(0.00785556 0.00159001 0)
(-0.0115343 -0.00404612 -1.41345e-18)
(0.62463 0.254487 2.91354e-21)
(1.14111 0.470236 -1.06882e-20)
(1.34172 0.564639 -1.35354e-20)
(1.36665 0.586438 1.6977e-20)
(1.32238 0.580659 1.65163e-19)
(1.25588 0.565108 -8.21506e-20)
(1.18767 0.546943 -1.87067e-19)
(1.1182 0.525374 3.65925e-19)
(1.0478 0.498628 4.27068e-19)
(0.978262 0.465138 3.14518e-19)
(0.921325 0.429394 -1.69871e-19)
(0.884939 0.398914 -2.08902e-19)
(0.862278 0.373541 0)
(0.823621 0.342405 0)
(0.713684 0.284779 -1.76897e-19)
(0.518389 0.199422 4.21057e-19)
(0.299845 0.111372 2.47715e-19)
(0.121476 0.043654 4.38814e-19)
(0.0153895 0.00462529 8.63731e-20)
(-0.00957082 -0.00381911 9.86925e-20)
(0.615116 0.278873 -4.53121e-20)
(1.13013 0.517466 0)
(1.33124 0.621211 0)
(1.35621 0.643921 6.40818e-20)
(1.31118 0.636044 7.24137e-20)
(1.24373 0.617389 -9.0533e-20)
(1.17407 0.595953 1.03403e-19)
(1.10269 0.570998 1.90452e-19)
(1.02993 0.54068 -3.65181e-19)
(0.957639 0.503346 -1.74589e-19)
(0.898085 0.463963 8.97327e-19)
(0.859628 0.430607 -4.49971e-19)
(0.835214 0.40296 0)
(0.795676 0.36928 -3.20701e-19)
(0.689357 0.308222 -1.94121e-19)
(0.50449 0.217864 -7.04854e-22)
(0.298078 0.124945 9.4201e-19)
(0.127519 0.0519672 7.94165e-19)
(0.0222921 0.00831446 9.37127e-20)
(-0.00746929 -0.00332172 -7.52389e-19)
(0.607363 0.302538 1.68789e-20)
(1.11874 0.56223 -1.17909e-20)
(1.31933 0.674749 1.04193e-20)
(1.34408 0.698531 -2.20834e-20)
(1.29835 0.688811 -7.30034e-20)
(1.23018 0.667376 -9.67551e-20)
(1.15931 0.643018 0)
(1.08626 0.615006 -2.01545e-19)
(1.01134 0.581422 -1.01036e-19)
(0.936446 0.5405 3.59677e-19)
(0.874368 0.497602 0)
(0.833963 0.461424 0)
(0.807932 0.43151 2.89332e-19)
(0.76752 0.395119 3.46997e-19)
(0.664356 0.330551 -8.37422e-19)
(0.488584 0.23549 -1.23808e-18)
(0.293216 0.137724 0)
(0.130443 0.0599235 -1.71663e-19)
(0.0273196 0.0119759 0)
(-0.00562446 -0.00275394 -1.1613e-19)
(0.601 0.325383 -7.53156e-20)
(1.10723 0.604503 2.13738e-20)
(1.30672 0.72528 1.58423e-20)
(1.33079 0.750266 0)
(1.28442 0.738898 0)
(1.21568 0.714991 9.72889e-20)
(1.1438 0.688036 -4.22433e-21)
(1.06927 0.657299 -1.12173e-19)
(0.992348 0.620772 9.60786e-21)
(0.914936 0.57653 1.63532e-18)
(0.850384 0.530261 -8.2376e-19)
(0.808106 0.491288 2.51447e-19)
(0.780568 0.459038 -3.17138e-19)
(0.739216 0.419737 1.13199e-18)
(0.638495 0.351193 6.80916e-19)
(0.470421 0.251728 2.67447e-19)
(0.285175 0.14908 0)
(0.12989 0.0666398 5.58321e-19)
(0.029872 0.0149146 -1.09672e-19)
(-0.00431068 -0.00228108 8.82196e-19)
(0.595996 0.347556 -3.675e-20)
(1.09616 0.644626 5.04972e-20)
(1.2937 0.772968 1.2357e-20)
(1.31678 0.799161 -8.24101e-21)
(1.26981 0.7863 5.87269e-20)
(1.20063 0.760203 9.74241e-20)
(1.12788 0.73097 0)
(1.05202 0.697823 -1.02412e-19)
(0.973224 0.658677 -5.34374e-19)
(0.893354 0.611413 0)
(0.826307 0.561937 -1.1053e-18)
(0.782166 0.520154 -2.70415e-19)
(0.753186 0.485377 6.74243e-19)
(0.71078 0.442839 0)
(0.611828 0.369791 0)
(0.450361 0.265567 2.90415e-19)
(0.274 0.158179 -8.53137e-19)
(0.12598 0.0715046 -8.02489e-19)
(0.0300526 0.0167285 -1.17841e-18)
(-0.00358802 -0.00201771 0)
(0.591833 0.368994 -1.32414e-19)
(1.08577 0.682869 5.59522e-20)
(1.28046 0.818014 2.99936e-20)
(1.30241 0.845262 1.362e-20)
(1.25486 0.831061 1.90156e-20)
(1.18532 0.803039 2.64227e-19)
(1.11184 0.771811 -2.08493e-19)
(1.03478 0.736564 -4.51781e-19)
(0.954201 0.695128 -4.54862e-19)
(0.871895 0.645155 8.71818e-19)
(0.802281 0.592662 1.06824e-18)
(0.756214 0.548005 -7.39559e-19)
(0.725765 0.510425 -5.4719e-19)
(0.682195 0.464176 4.39742e-19)
(0.584418 0.386037 5.26662e-19)
(0.428601 0.276701 3.13389e-19)
(0.260142 0.164712 -7.36453e-19)
(0.119147 0.0742518 0)
(0.028275 0.0173767 -1.01466e-18)
(-0.00329519 -0.00195356 2.9314e-19)
(0.588776 0.38986 2.18317e-19)
(1.07557 0.719357 0)
(1.26729 0.8605 -4.70687e-21)
(1.28795 0.888674 -1.08921e-20)
(1.23981 0.873255 -4.52634e-20)
(1.17001 0.843533 1.26034e-19)
(1.0959 0.810581 0)
(1.01776 0.773526 0)
(0.935487 0.730123 -4.78195e-19)
(0.850745 0.67778 1.84866e-18)
(0.778439 0.622487 1.01226e-18)
(0.730284 0.574869 -1.55817e-19)
(0.698263 0.534157 1.93048e-19)
(0.653375 0.483588 4.74141e-19)
(0.556268 0.399681 0)
(0.405447 0.284824 2.02201e-18)
(0.244223 0.168387 1.19054e-18)
(0.110149 0.0747888 9.34138e-19)
(0.0252173 0.0169081 0)
(-0.00329248 -0.00206086 -1.57692e-19)
(0.586324 0.410182 6.56842e-20)
(1.06589 0.754067 9.93093e-20)
(1.25432 0.900553 -3.84799e-20)
(1.27359 0.929498 -3.68212e-21)
(1.22487 0.912963 -2.44149e-20)
(1.15488 0.881754 -1.69282e-19)
(1.08025 0.847322 5.95025e-20)
(1.00112 0.808734 -1.22039e-19)
(0.917248 0.763679 -4.91979e-19)
(0.830071 0.709321 9.81821e-19)
(0.754911 0.651479 0)
(0.704394 0.600838 6.83246e-19)
(0.670567 0.556609 4.23307e-19)
(0.624189 0.500928 -5.12736e-19)
(0.527469 0.410429 -6.1459e-19)
(0.381257 0.289719 -3.62111e-19)
(0.227007 0.169167 8.55124e-19)
(0.0999684 0.0732584 -5.02442e-19)
(0.0213648 0.0155053 1.4827e-19)
(-0.00348238 -0.00229841 -1.7024e-19)
(0.584251 0.430025 3.19046e-21)
(1.05681 0.787027 -1.08524e-19)
(1.24171 0.938335 6.28983e-20)
(1.25948 0.967851 0)
(1.2102 0.950284 -2.6271e-20)
(1.14009 0.917777 1.53855e-19)
(1.06501 0.88208 -1.73981e-19)
(0.985001 0.842212 4.91532e-19)
(0.899612 0.795805 4.55334e-19)
(0.810014 0.739813 1.02086e-18)
(0.731802 0.679723 -1.1525e-18)
(0.67857 0.626083 0)
(0.642561 0.577882 -9.08177e-19)
(0.594437 0.516061 8.28069e-19)
(0.49801 0.417939 6.60909e-19)
(0.356533 0.291111 -3.89855e-19)
(0.209277 0.166949 0)
(0.0893879 0.0699399 -8.09806e-19)
(0.0172524 0.0134501 3.17611e-19)
(-0.0037613 -0.00260609 0)
(0.582458 0.449115 -9.32941e-20)
(1.04826 0.818286 -1.40732e-19)
(1.22944 0.973889 -7.79201e-20)
(1.24571 1.00386 -1.19113e-19)
(1.1959 0.985325 2.76303e-21)
(1.12572 0.951674 4.4566e-20)
(1.05028 0.91492 -2.78637e-19)
(0.969496 0.874 4.45589e-19)
(0.882684 0.826523 5.54546e-19)
(0.790697 0.769276 6.47328e-20)
(0.709245 0.707314 -1.37038e-18)
(0.652861 0.650802 5.83123e-19)
(0.614108 0.598117 0)
(0.563808 0.528931 2.95362e-19)
(0.46773 0.421827 3.56517e-19)
(0.331625 0.288373 -8.39912e-19)
(0.192059 0.16134 -4.94503e-19)
(0.079738 0.0649703 0)
(0.0137118 0.0111049 -3.40359e-19)
(-0.00402941 -0.00291321 0)
(0.580777 0.467325 0)
(1.04016 0.847936 2.33202e-19)
(1.21757 1.0073 -1.94166e-19)
(1.23237 1.03764 -1.52053e-20)
(1.18205 1.01819 8.39799e-21)
(1.11187 0.983537 1.45082e-19)
(1.03613 0.945897 1.07184e-19)
(0.954663 0.904135 -5.90683e-19)
(0.866537 0.855863 6.54929e-19)
(0.772208 0.797726 6.71238e-20)
(0.687366 0.734339 -2.60071e-18)
(0.627339 0.675187 0)
(0.585092 0.617512 -1.04744e-18)
(0.53194 0.539704 -6.40352e-19)
(0.436075 0.421734 3.80655e-19)
(0.306491 0.280457 0)
(0.176905 0.15088 0)
(0.0739397 0.0575124 0)
(0.0131591 0.0084197 -1.46157e-18)
(-0.00403435 -0.00313796 8.42295e-19)
(0.579385 0.485071 0)
(1.03244 0.875931 -2.78794e-19)
(1.2062 1.03874 -6.2735e-20)
(1.21951 1.0693 7.90944e-20)
(1.16871 1.04898 6.46984e-21)
(1.09856 1.01346 -1.21826e-19)
(1.02259 0.97509 -1.54028e-19)
(0.940549 0.932676 1.09616e-18)
(0.85121 0.883841 0)
(0.754616 0.825167 -1.13584e-18)
(0.666286 0.760865 1.37445e-18)
(0.602118 0.699413 -1.14661e-19)
(0.55547 0.636297 2.8538e-19)
(0.498497 0.548783 -3.47287e-19)
(0.402098 0.417736 -4.09284e-19)
(0.2798 0.266065 0)
(0.164344 0.131393 -5.70094e-19)
(0.0774765 0.0400209 -3.33669e-19)
(0.0273582 -0.000979676 0)
(0.00230686 -0.00264942 -2.26106e-19)
(0.577746 0.501662 1.39079e-19)
(1.02515 0.902233 0)
(1.19528 1.06826 -1.34292e-19)
(1.20719 1.09896 8.65038e-20)
(1.1559 1.07781 -1.69383e-20)
(1.08583 1.04152 1.1962e-19)
(1.00966 1.00256 -1.90332e-19)
(0.927147 0.959658 -6.39709e-19)
(0.836709 0.91048 -8.25349e-20)
(0.737965 0.851599 1.42792e-18)
(0.646125 0.786922 1.44605e-18)
(0.577335 0.723632 -9.46327e-19)
(0.525302 0.654681 -2.24215e-18)
(0.46336 0.556802 0)
(0.364693 0.410778 -6.65339e-19)
(0.247933 0.245227 0)
(0.147734 0.0969501 -3.32093e-21)
(0.0884345 -0.00866868 -3.62031e-19)
(0.0762146 -0.0365458 -4.15798e-19)
(0.0432181 0.0124915 -2.35683e-19)
(0.57634 0.517682 -1.75822e-21)
(1.01823 0.927278 -2.44929e-19)
(1.18478 1.09627 8.25558e-20)
(1.19528 1.12715 1.59446e-19)
(1.14339 1.10533 3.24748e-20)
(1.07333 1.06847 -8.92148e-20)
(0.996941 1.02922 -1.79255e-19)
(0.91393 0.986145 -7.41674e-20)
(0.822375 0.937014 -6.69919e-19)
(0.721394 0.878437 1.25393e-18)
(0.625782 0.814144 -8.45845e-20)
(0.551524 0.749688 -1.19353e-19)
(0.492408 0.674064 -1.02941e-18)
(0.424038 0.565069 3.65683e-19)
(0.320156 0.402113 -8.69042e-19)
(0.202194 0.21985 0)
(0.107016 0.0531057 0)
(0.0475644 0.0631202 0)
(-0.0245379 0.553205 7.84341e-19)
(0.0130962 1.81339 4.99157e-19)
(0.574939 0.53298 8.82016e-20)
(1.01163 0.951065 -1.21732e-19)
(1.17466 1.12277 -2.57003e-19)
(1.18382 1.15392 -1.77167e-19)
(1.13118 1.13158 -4.1785e-20)
(1.06111 1.09436 -1.46238e-19)
(0.984488 1.05508 -1.69919e-19)
(0.900962 1.01212 0)
(0.808321 0.963399 6.91662e-20)
(0.70508 0.905655 -1.21874e-18)
(0.605495 0.842519 -1.41306e-18)
(0.525028 0.777984 -1.2003e-19)
(0.456754 0.694739 -1.18131e-18)
(0.380479 0.573786 9.21493e-19)
(0.269039 0.393884 8.7979e-19)
(0.138265 0.202737 0)
(0.0398143 0.290227 0)
(0.0511131 1.52252 3.4243e-19)
(0.0750247 2.76717 -7.78077e-19)
(0.0924218 3.23952 2.32352e-19)
(0.574107 0.548317 -1.96913e-19)
(1.00562 0.973702 2.97932e-19)
(1.16488 1.14775 -5.22628e-20)
(1.17279 1.17921 0)
(1.11907 1.15639 -8.67797e-20)
(1.04901 1.119 1.03138e-20)
(0.972248 1.08006 -1.77826e-19)
(0.888168 1.03743 -3.58865e-20)
(0.794478 0.989412 -5.88672e-19)
(0.689028 0.933022 1.30186e-18)
(0.585438 0.871837 -1.40698e-18)
(0.498295 0.808599 -9.31654e-19)
(0.418412 0.716802 0)
(0.333545 0.582352 7.36482e-19)
(0.217754 0.386234 8.69562e-19)
(0.0764677 0.456904 -5.06011e-19)
(0.0899519 1.91042 0)
(0.1301 3.0581 -6.571e-19)
(0.124577 3.3697 0)
(0.114527 3.4328 1.372e-19)
(0.574276 0.568314 1.83682e-21)
(1.00147 0.995518 -5.08354e-21)
(1.15529 1.17113 2.13114e-19)
(1.16219 1.203 2.38996e-19)
(1.10681 1.17968 -1.09556e-19)
(1.03689 1.14243 -1.28384e-20)
(0.95987 1.10415 1.38835e-19)
(0.875408 1.06203 6.26049e-20)
(0.780753 1.01505 5.45387e-19)
(0.673239 0.960531 -1.15415e-18)
(0.565734 0.902125 -1.31818e-18)
(0.471627 0.841476 1.03541e-18)
(0.376889 0.74201 1.51748e-19)
(0.284169 0.589025 0)
(0.174196 0.619405 -2.69229e-23)
(0.108151 1.65458 0)
(0.167866 3.12122 5.86997e-19)
(0.167902 3.39542 9.0956e-19)
(0.152069 3.44838 -2.86994e-19)
(0.133325 3.45939 -5.31107e-19)
(0.989289 1.1462 0)
(0.908708 1.10596 -2.05456e-19)
(0.818786 1.06247 4.86661e-19)
(0.716706 1.01371 0)
(0.604399 0.959531 1.20465e-18)
(0.497125 0.904579 -8.62347e-19)
(0.396143 0.837015 0)
(0.151484 3.48587 0)
(0.549955 0.55713 2.43342e-19)
(0.831975 0.86316 3.63075e-19)
(1.09505 1.15826 -2.85748e-19)
(1.14728 1.24094 -3.98307e-19)
(1.11642 1.23969 1.3466e-19)
(1.05295 1.2067 -8.52319e-21)
(0.979534 1.16934 -7.38211e-20)
(0.899048 1.13023 -3.26396e-19)
(0.80879 1.08801 -2.53234e-20)
(0.705852 1.04145 -2.05912e-18)
(0.591199 0.99067 -2.57619e-18)
(0.47895 0.939717 8.37058e-19)
(0.368423 0.872346 -7.7425e-21)
(0.249621 0.777108 -5.11554e-19)
(0.189901 1.48254 0)
(0.258096 3.08218 4.48294e-19)
(0.279701 3.43794 1.10151e-20)
(0.251367 3.48705 -2.59006e-19)
(0.21582 3.50479 1.94725e-19)
(0.555496 0.577631 0)
(0.827533 0.879844 2.88234e-19)
(1.08614 1.17843 6.71928e-20)
(1.13636 1.26301 4.12201e-20)
(1.1048 1.26202 0)
(1.041 1.22886 3.46129e-20)
(0.967741 1.19175 -3.73538e-20)
(0.886992 1.15327 -1.409e-20)
(0.796351 1.11209 -4.35881e-19)
(0.692474 1.06751 1.98078e-18)
(0.575805 1.02041 0)
(0.459654 0.974675 7.95334e-19)
(0.339574 0.90543 -1.00436e-18)
(0.243949 0.975121 0)
(0.276684 2.34887 1.28989e-18)
(0.350541 3.37033 3.7416e-19)
(0.321793 3.50443 5.30683e-21)
(0.287031 3.53804 -4.95123e-19)
(0.247106 3.55909 -1.69409e-19)
(0.55853 0.598986 2.41657e-19)
(0.822018 0.897916 0)
(1.07709 1.2013 2.86449e-19)
(1.12566 1.28717 4.44113e-19)
(1.09344 1.28664 6.70373e-20)
(1.02952 1.25324 -1.49837e-20)
(0.956311 1.21619 4.70568e-21)
(0.875526 1.17811 2.33438e-19)
(0.784743 1.13798 -2.03265e-20)
(0.680297 1.09546 9.25959e-19)
(0.562399 1.05252 1.15512e-18)
(0.443905 1.01264 -6.68326e-19)
(0.320113 0.956753 -9.77844e-19)
(0.278499 1.35979 1.48813e-19)
(0.369725 3.06051 6.37951e-19)
(0.418052 3.47952 -3.04134e-19)
(0.361255 3.543 -2.06265e-19)
(0.32523 3.58575 -6.92923e-20)
(0.280931 3.64663 1.01941e-19)
(0.558101 0.618924 1.26066e-19)
(0.814905 0.917279 -2.86603e-19)
(1.0668 1.22582 -1.48397e-19)
(1.11373 1.3125 -3.77461e-19)
(1.08087 1.31203 4.73187e-20)
(1.01707 1.27841 -1.9336e-19)
(0.944204 1.24143 4.31099e-21)
(0.863734 1.20383 -2.09052e-19)
(0.773112 1.16475 0)
(0.668536 1.12442 7.71605e-19)
(0.550003 1.08575 0)
(0.429659 1.05116 -6.9472e-19)
(0.321657 1.03769 0)
(0.34008 1.9184 9.41625e-19)
(0.456031 3.3518 -2.64062e-19)
(0.466535 3.53467 -4.18768e-19)
(0.41724 3.579 1.50886e-19)
(0.372481 3.65836 4.49974e-20)
(0.34155 3.67198 -4.04676e-20)
(0.554954 0.63749 -4.7437e-19)
(0.806626 0.937667 -5.8001e-19)
(1.05515 1.25183 -1.52594e-19)
(1.10047 1.33914 8.78958e-20)
(1.06715 1.33834 -3.93995e-19)
(1.00361 1.30435 3.12465e-20)
(0.931329 1.26736 -9.28866e-22)
(0.851398 1.23015 2.95678e-19)
(0.761202 1.19206 -2.68697e-19)
(0.656886 1.15394 -9.37851e-21)
(0.538385 1.11953 7.5682e-21)
(0.416031 1.09012 0)
(0.33296 1.18196 8.44416e-19)
(0.420946 2.55746 2.25487e-19)
(0.532669 3.47225 0)
(0.508914 3.56353 0)
(0.478083 3.63461 0)
(0.448522 3.65764 6.15072e-20)
(0.390913 3.51632 -3.08271e-19)
(0.55072 0.655987 -4.67432e-19)
(0.797444 0.95928 -1.94203e-19)
(1.04227 1.27927 2.89277e-19)
(1.08605 1.36711 -2.87049e-19)
(1.0525 1.36573 0)
(0.989463 1.33115 2.43064e-20)
(0.917992 1.29392 7.07515e-20)
(0.83883 1.2569 1.03107e-19)
(0.749366 1.21966 0)
(0.64575 1.18359 -1.33492e-18)
(0.527991 1.15317 8.59987e-19)
(0.407888 1.13195 -4.70593e-19)
(0.363347 1.40294 3.88894e-20)
(0.503226 3.04602 8.90024e-19)
(0.593072 3.52634 0)
(0.552509 3.58542 5.9849e-20)
(0.535927 3.63702 5.11593e-20)
(0.501526 3.54954 0)
(0.465364 2.99038 0)
(0.0587825 0.741361 0)
(0.544996 0.673934 0)
(0.787217 0.981896 0)
(1.02812 1.30828 -4.33858e-19)
(1.07028 1.39668 -3.77685e-19)
(1.03664 1.39462 0)
(0.974308 1.35938 2.68046e-20)
(0.903843 1.32185 0)
(0.825681 1.28497 7.63067e-20)
(0.737242 1.24859 1.02997e-20)
(0.634764 1.2147 -5.69903e-19)
(0.51847 1.18841 -7.70049e-19)
(0.404224 1.18266 5.33682e-19)
(0.411537 1.71522 6.24752e-19)
(0.580567 3.3152 0)
(0.640618 3.55655 3.0214e-19)
(0.597789 3.6067 3.20183e-20)
(0.575233 3.58778 7.69386e-20)
(0.497487 3.15955 1.77535e-19)
(0.192055 1.21144 1.2561e-19)
(-0.0829109 -0.121717 -4.29781e-19)
(0.538448 0.692474 -2.2944e-19)
(0.775997 1.00596 -3.7911e-19)
(1.01247 1.3388 1.45262e-19)
(1.05297 1.42787 -6.78671e-19)
(1.01935 1.42508 -2.37307e-19)
(0.95795 1.38918 -5.84537e-20)
(0.888718 1.35135 1.36712e-20)
(0.811834 1.31467 5.52536e-21)
(0.724758 1.27922 1.37418e-19)
(0.623911 1.2477 -2.47956e-20)
(0.509875 1.22584 -4.19764e-20)
(0.407532 1.25163 4.47843e-19)
(0.475739 2.10131 0)
(0.652711 3.45099 8.99272e-20)
(0.675739 3.58074 0)
(0.643833 3.59465 -2.98479e-20)
(0.57749 3.38566 -2.18155e-19)
(0.339918 2.03215 -9.21359e-20)
(-0.0307758 0.0240704 1.2025e-19)
(-0.096186 -0.153679 -3.55698e-19)
(0.530115 0.710945 -4.92128e-21)
(0.763127 1.03123 -1.85897e-19)
(0.995152 1.37069 -1.4384e-19)
(1.03395 1.46065 5.68195e-19)
(1.00051 1.45705 0)
(0.940265 1.42048 -2.74338e-19)
(0.872541 1.38236 3.89049e-20)
(0.797249 1.34591 -8.26853e-20)
(0.711933 1.31147 9.24168e-20)
(0.613258 1.28241 1.90352e-20)
(0.502514 1.26556 0)
(0.421081 1.34991 -4.57237e-19)
(0.55599 2.55763 9.17949e-20)
(0.716213 3.52078 6.60038e-20)
(0.709222 3.58912 0)
(0.671627 3.52658 0)
(0.508427 2.80639 3.29493e-21)
(0.0688669 0.381354 -8.74442e-20)
(-0.10099 -0.155291 5.19139e-19)
(-0.0812626 -0.124684 4.95881e-19)
(0.519876 0.729018 2.19116e-19)
(0.748259 1.05723 -3.64882e-19)
(0.975847 1.40396 -5.52117e-19)
(1.01305 1.49495 9.55684e-19)
(0.979976 1.49047 -1.1215e-19)
(0.921164 1.4532 -2.89709e-19)
(0.85525 1.4148 1.40666e-19)
(0.781905 1.37858 2.97219e-20)
(0.698789 1.3452 5.00273e-20)
(0.602899 1.31864 1.35275e-20)
(0.496805 1.30779 4.58461e-20)
(0.447233 1.49252 2.22092e-19)
(0.640073 2.96431 2.96789e-19)
(0.767146 3.55732 -3.52525e-20)
(0.742052 3.57751 2.29634e-22)
(0.663665 3.30655 -1.3563e-19)
(0.32037 1.65506 1.16842e-19)
(-0.0681953 -0.073941 7.88661e-20)
(-0.096089 -0.172496 1.91375e-19)
(-0.0635851 -0.101768 -2.23301e-19)
(0.507422 0.74628 2.13945e-19)
(0.731026 1.08337 1.79622e-19)
(0.954192 1.43849 2.76695e-19)
(0.990042 1.53065 0)
(0.957606 1.52522 1.40807e-19)
(0.90055 1.48723 0)
(0.836786 1.44852 4.73865e-20)
(0.765793 1.41256 1.03323e-19)
(0.685369 1.38025 -1.01142e-20)
(0.592932 1.35618 1.02449e-20)
(0.49327 1.35325 -4.05156e-20)
(0.486535 1.68339 -2.18783e-19)
(0.717548 3.25146 5.04942e-20)
(0.805421 3.56867 1.05747e-20)
(0.764595 3.5223 -1.0238e-19)
(0.591571 2.82737 -1.41303e-20)
(0.063309 0.286198 -2.84437e-21)
(-0.0994989 -0.164416 3.65181e-19)
(-0.0915475 -0.157265 -6.8896e-19)
(-0.0502394 -0.0805033 0)
(0.492322 0.762054 4.25476e-19)
(0.710798 1.10882 -3.42453e-19)
(0.929631 1.47374 -5.50797e-19)
(0.964666 1.5675 0)
(0.933226 1.56112 1.32081e-19)
(0.878315 1.52237 -3.29659e-19)
(0.817082 1.48334 1.76151e-19)
(0.748895 1.44765 -2.50753e-20)
(0.67171 1.41642 4.09037e-20)
(0.583447 1.39469 -1.11938e-19)
(0.492542 1.40395 4.86411e-20)
(0.537416 1.91951 3.29023e-20)
(0.783469 3.41233 -3.71391e-20)
(0.838631 3.56673 -1.79917e-20)
(0.764157 3.38612 1.35597e-19)
(0.429582 1.99202 -6.6304e-21)
(-0.0663584 -0.0766162 -5.7317e-20)
(-0.103472 -0.191247 2.02346e-19)
(-0.0817585 -0.149548 3.96966e-20)
(-0.0423049 -0.0716808 0)
(0.473802 0.775117 8.27871e-19)
(0.686904 1.1326 -8.49035e-21)
(0.901752 1.50905 2.58692e-19)
(0.936619 1.60515 0)
(0.906661 1.59788 4.05189e-19)
(0.854333 1.55836 -1.68863e-19)
(0.796072 1.51899 5.45982e-20)
(0.731192 1.48356 -2.48443e-19)
(0.657822 1.45343 4.43032e-20)
(0.574468 1.43385 0)
(0.495387 1.46165 -8.33598e-20)
(0.595532 2.17786 -1.92194e-20)
(0.838976 3.4967 -1.10904e-20)
(0.864325 3.5512 -1.00108e-19)
(0.728197 3.12124 1.27731e-19)
(0.207757 0.809973 0)
(-0.0775901 -0.145028 2.09638e-19)
(-0.0945571 -0.195087 1.23092e-19)
(-0.067535 -0.136367 -2.9328e-19)
(-0.0322281 -0.0595953 -3.44793e-19)
(0.451536 0.784453 8.02113e-19)
(0.658654 1.15347 -7.90639e-21)
(0.869929 1.54347 -2.64562e-19)
(0.905579 1.64311 -1.88176e-19)
(0.877719 1.63507 -2.68155e-19)
(0.828487 1.59482 1.84135e-19)
(0.773676 1.5551 9.79773e-20)
(0.712663 1.51992 5.23281e-20)
(0.643701 1.49088 -2.20687e-20)
(0.565937 1.47345 -3.9279e-21)
(0.502529 1.52691 5.40903e-21)
(0.662843 2.47523 3.27437e-20)
(0.882822 3.53328 -2.70666e-20)
(0.876792 3.50588 0)
(0.649746 2.71192 -1.19559e-19)
(0.0230263 0.136782 8.86907e-20)
(-0.126596 -0.195574 -4.46381e-19)
(-0.109536 -0.201141 0)
(-0.0666049 -0.127652 2.71874e-19)
(-0.0277291 -0.0516446 0)
(0.424089 0.788636 1.89255e-19)
(0.625593 1.16942 1.61501e-19)
(0.833542 1.57594 -5.01916e-19)
(0.871373 1.68035 -3.77434e-19)
(0.846212 1.67215 -5.43953e-19)
(0.800673 1.63125 1.74289e-19)
(0.74985 1.5912 0)
(0.693263 1.55629 1.14002e-19)
(0.629329 1.52824 -3.92181e-20)
(0.557749 1.51319 -5.54157e-20)
(0.513183 1.6004 0)
(0.729532 2.7561 4.10151e-21)
(0.916691 3.54466 -8.67957e-20)
(0.874185 3.42192 -2.60052e-19)
(0.531753 2.17854 -6.82775e-20)
(-0.0175789 -0.0480892 -3.34927e-21)
(-0.112214 -0.234617 -1.84777e-19)
(-0.0998092 -0.218416 -1.63042e-19)
(-0.0537 -0.123394 -3.1893e-20)
(-0.0204943 -0.0435877 2.61298e-19)
(0.391658 0.785613 -1.84929e-19)
(0.586829 1.17778 1.56265e-19)
(0.792156 1.60452 5.112e-19)
(0.833667 1.71584 3.83474e-19)
(0.812095 1.70837 2.80461e-19)
(0.770829 1.667 1.87619e-19)
(0.724553 1.62671 3.3654e-19)
(0.672965 1.59213 2.86699e-19)
(0.614672 1.5649 -5.53443e-20)
(0.549737 1.55242 -9.99794e-20)
(0.525835 1.68178 -6.02726e-20)
(0.790505 2.98459 -6.81387e-20)
(0.942192 3.54618 1.04043e-19)
(0.858698 3.29771 -1.08564e-19)
(0.376234 1.51206 -7.30882e-20)
(-0.140698 -0.0887624 -2.40839e-19)
(-0.134937 -0.274481 1.84425e-19)
(-0.0880257 -0.245187 -2.0787e-19)
(-0.0302908 -0.113815 2.68409e-19)
(-0.00566227 -0.0248578 -3.68988e-22)
(0.353497 0.77213 0)
(0.541003 1.17593 5.95935e-19)
(0.745347 1.62659 -4.65893e-19)
(0.79233 1.74835 3.72816e-19)
(0.775404 1.74285 -1.31127e-20)
(0.738975 1.70132 -5.51082e-21)
(0.6978 1.66091 1.24606e-20)
(0.651752 1.62682 8.15493e-20)
(0.599644 1.60029 5.05259e-20)
(0.54183 1.59032 2.16614e-20)
(0.539362 1.76619 8.41829e-21)
(0.840456 3.1529 -4.60481e-20)
(0.96137 3.53985 -6.40547e-20)
(0.840074 3.14118 1.0338e-19)
(0.263609 0.930279 -6.93229e-20)
(-0.088586 -0.251784 8.67169e-20)
(-0.0604874 -0.392432 -1.78211e-19)
(-0.0118804 -0.270318 4.02566e-19)
(0.0359992 -0.0605309 -2.95072e-20)
(0.036847 0.0475521 -3.4137e-20)
(0.308992 0.743433 -1.72182e-19)
(0.486692 1.15863 0)
(0.692653 1.63902 -2.27789e-19)
(0.747276 1.77594 -1.7531e-19)
(0.736324 1.77442 -2.15315e-20)
(0.705251 1.73334 -1.70445e-19)
(0.669727 1.69306 -2.37164e-19)
(0.629662 1.65962 -1.55666e-19)
(0.584181 1.63386 -3.06522e-19)
(0.533967 1.62613 -6.8892e-20)
(0.551672 1.84531 5.71004e-20)
(0.873902 3.25859 -1.09894e-19)
(0.971706 3.52452 -2.84163e-22)
(0.825223 2.96898 0)
(0.166089 0.449876 -5.99732e-20)
(-0.024768 -0.431357 7.07011e-20)
(-0.0168402 -0.432879 1.27923e-19)
(0.023958 -0.170443 0)
(0.0624233 0.0990181 -3.00142e-20)
(0.0589542 0.155534 -4.96894e-19)
(0.257976 0.693548 6.53719e-19)
(0.425314 1.11813 1.95529e-22)
(0.634093 1.63714 4.2021e-19)
(0.698479 1.79652 -1.57388e-19)
(0.695191 1.80155 0)
(0.670069 1.76202 -1.71584e-19)
(0.640519 1.7223 1.16102e-19)
(0.60683 1.68979 3.27092e-19)
(0.568252 1.66499 -1.1924e-19)
(0.525951 1.65898 1.38327e-19)
(0.558517 1.91132 -1.19073e-19)
(0.891911 3.31839 -6.12015e-20)
(0.959645 3.50881 -5.62972e-20)
(0.787114 2.79998 -3.56743e-20)
(0.0906252 0.122553 1.97377e-19)
(-0.095411 -0.418576 1.34566e-19)
(-0.0775146 -0.269785 4.06333e-20)
(-0.0197019 0.0201284 -1.78523e-19)
(0.0208472 0.143664 -2.62144e-20)
(0.0244217 0.0905281 5.0393e-19)
(0.201413 0.613434 0)
(0.358514 1.04521 0)
(0.572769 1.61448 0)
(0.646076 1.80637 3.03485e-19)
(0.652441 1.8223 2.23671e-19)
(0.634045 1.78635 3.31235e-19)
(0.610634 1.74779 -1.19835e-19)
(0.583513 1.71653 2.52936e-19)
(0.551947 1.69296 2.18919e-19)
(0.517848 1.68794 0)
(0.556245 1.95813 -1.28791e-19)
(0.898016 3.35112 1.13497e-19)
(0.935866 3.5121 0)
(0.696689 2.7005 0)
(0.0231773 0.137922 -1.97471e-20)
(-0.182132 -0.358438 6.71281e-20)
(-0.129219 -0.260124 0)
(-0.0134218 0.0202803 -3.25497e-19)
(0.0208169 0.088168 4.01292e-19)
(0.0177798 0.0554661 -4.79702e-19)
(0.143132 0.497131 0)
(0.285825 0.927933 -6.13853e-20)
(0.506596 1.5612 -4.61415e-19)
(0.59331 1.80108 -3.64541e-19)
(0.609041 1.83487 -2.21047e-19)
(0.598087 1.80557 -2.43449e-19)
(0.580631 1.76876 0)
(0.560001 1.73899 0)
(0.535675 1.71674 -1.10897e-19)
(0.509542 1.71269 -7.7934e-20)
(0.546017 1.97826 -1.22452e-19)
(0.90489 3.36232 0)
(0.927076 3.55785 -1.13103e-20)
(0.64349 2.74129 2.04075e-20)
(-0.0992116 0.383404 -2.00232e-19)
(-0.332614 -0.382754 -1.28538e-19)
(-0.26078 -0.421198 -1.95734e-19)
(-0.0947209 -0.106518 4.03277e-19)
(-0.0149073 0.0403687 4.72402e-19)
(0.000844729 0.0330986 -1.85329e-20)
(0.0879265 0.354667 -5.15876e-19)
(0.203872 0.745792 4.25693e-19)
(0.435591 1.46316 3.34042e-19)
(0.5406 1.77498 0)
(0.56694 1.83866 1.95399e-19)
(0.563591 1.81989 -1.49423e-19)
(0.551088 1.78482 -5.57002e-21)
(0.536447 1.75642 -1.76198e-21)
(0.519643 1.73515 -2.25963e-19)
(0.501962 1.73163 0)
(0.539854 1.96729 -6.6536e-20)
(0.917973 3.33316 6.3757e-21)
(0.993467 3.61309 6.42777e-20)
(0.780622 2.99409 1.15214e-19)
(0.125368 0.797969 2.45916e-19)
(-0.297149 -0.498331 -6.29365e-20)
(-0.257268 -0.68363 -3.13417e-20)
(-0.126004 -0.3852 2.25358e-19)
(-0.0247315 -0.0769018 2.50473e-19)
(-0.012464 -0.0385447 2.89278e-19)
(0.0424603 0.202335 -2.26971e-19)
(0.122703 0.507966 2.36215e-19)
(0.355893 1.29302 3.86847e-20)
(0.487184 1.7176 0)
(0.526505 1.83093 0)
(0.531114 1.82902 1.35162e-19)
(0.522381 1.79622 -5.20011e-20)
(0.512676 1.76851 0)
(0.502645 1.74749 -5.37617e-20)
(0.495405 1.7409 8.03463e-20)
(0.525255 1.91816 0)
(0.921413 3.21177 -8.02745e-20)
(1.09206 3.54884 0)
(1.05941 3.15968 -6.48724e-20)
(0.597912 1.38068 2.46353e-19)
(0.176301 -0.360361 -3.62486e-20)
(-0.0357473 -0.67578 -1.07947e-20)
(-0.0312368 -0.498146 0)
(0.0448019 -0.0644122 1.87963e-19)
(0.0216962 0.0187231 -2.0289e-19)
(0.0141176 0.0711164 1.27141e-20)
(0.0551284 0.251491 -1.8725e-19)
(0.255007 0.998631 -3.44325e-20)
(0.429098 1.60569 0)
(0.488276 1.80554 4.2397e-20)
(0.499292 1.82775 1.26944e-19)
(0.494594 1.80411 2.34257e-20)
(0.487994 1.77604 3.66431e-20)
(0.482562 1.75397 5.33837e-20)
(0.481544 1.73862 0)
(0.502717 1.83728 -1.32666e-19)
(0.836013 2.93996 3.09565e-21)
(0.999173 3.44586 -8.00763e-21)
(0.979314 3.22018 0)
(0.627917 1.93911 4.60754e-20)
(0.0621834 0.334847 3.10882e-21)
(-0.246401 -0.366238 5.15251e-20)
(-0.32169 -0.670805 -2.70338e-20)
(-0.140086 -0.248596 6.19449e-20)
(0.0372942 0.31103 -1.47651e-21)
(0.00297584 -0.0142116 2.52801e-33)
(0.017807 0.0574794 -9.42041e-21)
(0.13197 0.564587 -6.86797e-20)
(0.341317 1.35841 -1.23997e-20)
(0.444657 1.7396 0)
(0.4681 1.82052 4.33591e-20)
(0.467836 1.81224 1.11261e-20)
(0.461386 1.78164 3.4275e-22)
(0.457575 1.75734 0)
(0.455914 1.73243 9.77373e-34)
(0.47272 1.7736 -1.51813e-20)
(0.658616 2.58076 0)
(0.85231 3.40606 -2.71092e-20)
(0.823945 3.40602 2.86936e-21)
(0.637512 2.69145 0)
(0.292707 1.44141 0)
(-0.0555385 0.49309 0)
(-0.283765 -0.673875 -2.77252e-21)
(-0.320359 -1.23024 -2.76127e-21)
(-0.146171 -0.999789 -6.96386e-20)
(-0.000354791 -0.02725 0)
(0.00410184 -0.0362569 0)
(0.045005 0.174723 0)
(0.215133 0.919113 0)
(0.380751 1.58468 0)
(0.434255 1.79762 0)
(0.439157 1.81336 0)
(0.434889 1.7883 0)
(0.428749 1.76212 0)
(0.429223 1.72723 0)
(0.4411 1.74734 0)
(0.548086 2.28554 0)
(0.810654 3.35977 0)
(0.814193 3.51394 0)
(0.730213 3.2347 0)
(0.439991 2.00591 0)
(0.241836 1.02571 0)
(0.0800553 -0.131682 0)
(-0.0437884 -1.07981 0)
(-0.0760631 -1.48243 0)
(-0.000155896 -0.0255685 0)
(0.000895308 -0.0684512 0)
(0.0157469 0.0106429 0)
(0.0982567 0.450803 0)
(0.296914 1.31971 0)
(0.393622 1.73954 0)
(0.409179 1.81135 0)
(0.406046 1.79837 0)
(0.399763 1.76462 0)
(0.399069 1.72568 0)
(0.4092 1.72317 0)
(0.499306 2.05098 0)
(0.787855 3.24031 0)
(0.892544 3.52669 0)
(0.912052 3.43231 0)
(0.728522 2.59738 0)
(0.500128 1.44846 0)
(0.34156 0.28389 0)
(0.183037 -0.731915 0)
(0.0261287 -1.31109 0)
(-0.000249412 -0.0226086 0)
(-0.0014361 -0.0754727 0)
(0.00403596 -0.0538216 0)
(0.0385647 0.159671 0)
(0.202037 0.971411 0)
(0.342758 1.6313 0)
(0.37635 1.80554 0)
(0.37502 1.80635 0)
(0.368625 1.76727 0)
(0.361811 1.72718 0)
(0.377373 1.70232 0)
(0.426957 1.88151 0)
(0.753714 2.95379 0)
(0.924188 3.40529 0)
(1.01527 3.34271 0)
(1.01763 2.89609 0)
(0.851321 1.90907 0)
(0.600512 0.840075 0)
(0.345443 -0.0689979 0)
(0.111084 -0.712035 0)
(-0.000157509 -0.0186187 0)
(-0.000398122 -0.0762179 0)
(0.00387793 -0.0863025 0)
(0.0248406 0.0251692 0)
(0.11593 0.603789 0)
(0.283259 1.47041 0)
(0.338004 1.78651 0)
(0.339807 1.80907 0)
(0.331896 1.77432 0)
(0.325081 1.72533 0)
(0.332886 1.68725 0)
(0.344479 1.76385 0)
(0.627709 2.62856 0)
(0.848735 3.24309 0)
(0.919066 3.23344 0)
(0.947066 2.96041 0)
(0.841461 2.2752 0)
(0.625213 1.45148 0)
(0.367631 0.719915 0)
(0.119691 0.146867 0)
(0.000161536 -0.0199301 0)
(-0.000141125 -0.0831939 0)
(0.00314735 -0.117144 0)
(0.0214891 -0.0514639 0)
(0.0654393 0.317973 0)
(0.22059 1.273 0)
(0.292549 1.74783 0)
(0.300248 1.80969 0)
(0.293743 1.7807 0)
(0.284124 1.72589 0)
(0.279493 1.67885 0)
(0.291553 1.70663 0)
(0.427544 2.262 0)
(0.691319 3.10079 0)
(0.723912 3.18187 0)
(0.717043 3.0537 0)
(0.630219 2.60479 0)
(0.46023 2.00376 0)
(0.262692 1.42775 0)
(0.0769012 0.878662 0)
(-0.00135638 -0.00936379 0)
(-0.0175877 -0.0535139 0)
(-0.0326669 -0.126665 0)
(-0.0252365 -0.124816 0)
(0.0250523 0.161006 0)
(0.151889 1.07231 0)
(0.239662 1.68765 0)
(0.259236 1.80978 0)
(0.253734 1.7912 0)
(0.239284 1.73431 0)
(0.229598 1.67799 0)
(0.236131 1.69143 0)
(0.264728 2.01702 0)
(0.495485 2.96634 0)
(0.511397 3.18553 0)
(0.484283 3.15543 0)
(0.40764 2.88242 0)
(0.280685 2.42713 0)
(0.145084 1.94314 0)
(0.030221 1.34396 0)
(-0.00294015 0.0423338 0)
(-0.0303411 0.0541342 0)
(-0.0554748 -0.0906553 0)
(-0.0510645 -0.159621 0)
(-0.0307822 0.0129362 0)
(0.0959113 0.867511 0)
(0.195391 1.60871 0)
(0.221029 1.80998 0)
(0.209583 1.8039 0)
(0.193934 1.74371 0)
(0.183247 1.68078 0)
(0.185354 1.69008 0)
(0.178191 1.90846 0)
(0.313988 2.86021 0)
(0.32344 3.21431 0)
(0.285384 3.24889 0)
(0.227157 3.09635 0)
(0.135966 2.72129 0)
(0.0528516 2.26172 0)
(-0.000300004 1.55025 0)
(-0.00185346 0.0853716 0)
(0.000974487 0.104047 0)
(0.0597427 -0.142296 0)
(0.13565 -0.225375 0)
(0.162656 -0.00610768 0)
(0.127142 0.616789 0)
(0.193002 1.53403 0)
(0.185767 1.81565 0)
(0.161357 1.81639 0)
(0.146924 1.75156 0)
(0.140162 1.68456 0)
(0.13961 1.69324 0)
(0.126594 1.87551 0)
(0.181298 2.80222 0)
(0.173977 3.25072 0)
(0.135873 3.33761 0)
(0.0909359 3.24314 0)
(0.0302912 2.90557 0)
(-0.0097151 2.41608 0)
(-0.013264 1.55238 0)
(0.00179715 0.0666897 0)
(0.0790084 -0.196784 0)
(0.226008 -0.496819 0)
(0.297798 -0.398497 0)
(0.284369 0.0713545 0)
(0.175155 0.660242 0)
(0.163731 1.54064 0)
(0.128937 1.84088 0)
(0.102769 1.83064 0)
(0.0946036 1.75513 0)
(0.0965048 1.68287 0)
(0.101447 1.69505 0)
(0.0882662 1.88044 0)
(0.0959732 2.78996 0)
(0.0736953 3.28969 0)
(0.0375844 3.41385 0)
(0.000121662 3.34288 0)
(-0.0355033 3.0026 0)
(-0.0419241 2.43029 0)
(-0.0189252 1.45393 0)
(0.00944914 -0.0924487 0)
(0.108998 -0.707026 0)
(0.180441 -0.736865 0)
(0.180569 -0.352271 0)
(0.141119 0.205086 0)
(0.0766445 0.804886 0)
(0.046381 1.58684 0)
(0.0213618 1.87424 0)
(0.0215415 1.83973 0)
(0.0350812 1.75176 0)
(0.0533155 1.67624 0)
(0.0688018 1.69331 0)
(0.0633093 1.8979 0)
(0.0435057 2.81356 0)
(0.017345 3.33059 0)
(-0.0119879 3.47555 0)
(-0.0396162 3.41257 0)
(-0.0547583 3.02972 0)
(-0.0440593 2.37443 0)
(-0.0151502 1.33525 0)
(0.0143226 -0.313235 0)
(0.0566665 -0.909686 0)
(0.0532816 -0.726728 0)
(0.0206265 -0.27268 0)
(-0.0250058 0.292856 0)
(-0.0829954 0.917529 0)
(-0.130027 1.6452 0)
(-0.117908 1.86801 0)
(-0.0742728 1.82176 0)
(-0.0289062 1.73025 0)
(0.0105421 1.65697 0)
(0.0403314 1.68207 0)
(0.0464061 1.91614 0)
(0.0196635 2.84854 0)
(-0.00456869 3.36681 0)
(-0.0239134 3.52307 0)
(-0.0398984 3.45609 0)
(-0.0450451 3.01842 0)
(-0.027143 2.3015 0)
(-0.0103931 1.25169 0)
(0.00620257 -0.436788 0)
(-0.00580847 -0.879688 0)
(-0.0583565 -0.604051 0)
(-0.121384 -0.148385 0)
(-0.190143 0.40938 0)
(-0.266472 1.05472 0)
(-0.302652 1.64823 0)
(-0.242564 1.79661 0)
(-0.160746 1.76297 0)
(-0.0878557 1.68715 0)
(-0.0300513 1.62713 0)
(0.0108461 1.65996 0)
(0.0304957 1.92574 0)
(0.00188139 2.88079 0)
(-0.0113365 3.38444 0)
(-0.0164313 3.53618 0)
(-0.0149068 3.47096 0)
(-0.0150768 2.99807 0)
(-0.00737444 2.26538 0)
(-0.00514347 1.2125 0)
(-0.00400389 -0.414451 0)
(-0.0637818 -0.66018 0)
(-0.158274 -0.371147 0)
(-0.25877 0.0576867 0)
(-0.353294 0.599065 0)
(-0.429348 1.1835 0)
(-0.405799 1.57072 0)
(-0.312023 1.68473 0)
(-0.216175 1.67282 0)
(-0.130271 1.62746 0)
(-0.0656845 1.58733 0)
(-0.0201909 1.62588 0)
(0.00631404 1.93029 0)
(-0.0202663 2.90763 0)
(-0.0219128 3.38762 0)
(-0.0151742 3.52908 0)
(-0.00288532 3.45865 0)
(0.00135874 2.98924 0)
(-0.000253932 2.26979 0)
(-0.00424566 1.19641 0)
(-0.00994217 -0.264774 0)
(-0.0844447 -0.340599 0)
(-0.190539 -0.069098 0)
(-0.30025 0.307176 0)
(-0.398374 0.758073 0)
(-0.437414 1.19522 0)
(-0.398294 1.45002 0)
(-0.318721 1.56014 0)
(-0.230743 1.57986 0)
(-0.152581 1.56513 0)
(-0.0939757 1.5457 0)
(-0.053363 1.59168 0)
(-0.0374772 1.93438 0)
(-0.0478881 2.91938 0)
(-0.0391786 3.3727 0)
(-0.0237672 3.50157 0)
(-0.006129 3.43265 0)
(0.00172799 2.98552 0)
(-0.00238644 2.293 0)
(-0.0036111 1.18023 0)
(-0.00777126 -0.0930603 0)
(-0.0724745 -0.0194815 0)
(-0.165727 0.225623 0)
(-0.260849 0.537356 0)
(-0.337397 0.886179 0)
(-0.369293 1.19335 0)
(-0.333987 1.36719 0)
(-0.278967 1.46799 0)
(-0.214972 1.50416 0)
(-0.155905 1.51204 0)
(-0.111073 1.5114 0)
(-0.0870707 1.56951 0)
(-0.0850892 1.93395 0)
(-0.0724445 2.9141 0)
(-0.0557173 3.34816 0)
(-0.0359695 3.46331 0)
(-0.0173313 3.39805 0)
(-0.00676866 2.9789 0)
(-0.0101416 2.30994 0)
(-0.00535603 1.14708 0)
(-0.00453924 0.0302973 0)
(-0.0475879 0.232871 0)
(-0.114793 0.463509 0)
(-0.184911 0.721381 0)
(-0.241306 0.984626 0)
(-0.264576 1.1951 0)
(-0.253759 1.32815 0)
(-0.223534 1.41269 0)
(-0.184836 1.45402 0)
(-0.145108 1.47516 0)
(-0.1144 1.48811 0)
(-0.104905 1.56432 0)
(-0.111835 1.9235 0)
(-0.0744511 2.89487 0)
(-0.0581838 3.32191 0)
(-0.0397632 3.42912 0)
(-0.0239458 3.36605 0)
(-0.0141332 2.96984 0)
(-0.0155499 2.31103 0)
(-0.00509004 1.10177 0)
(-0.00186536 0.0964933 0)
(-0.0245705 0.396105 0)
(-0.0670834 0.630466 0)
(-0.114752 0.854312 0)
(-0.155459 1.05987 0)
(-0.177297 1.21298 0)
(-0.182079 1.3184 0)
(-0.168919 1.38439 0)
(-0.149007 1.42306 0)
(-0.125294 1.45044 0)
(-0.10563 1.47448 0)
(-0.105492 1.56815 0)
(-0.108236 1.90601 0)
(-0.0587808 2.86392 0)
(-0.0452788 3.29924 0)
(-0.0338249 3.40239 0)
(-0.0242797 3.34051 0)
(-0.0183277 2.96403 0)
(-0.0193148 2.29829 0)
(-0.00446968 1.05186 0)
(-0.000518206 0.123585 0)
(-0.00986938 0.484182 0)
(-0.0335116 0.736776 0)
(-0.0643533 0.945523 0)
(-0.0937065 1.11844 0)
(-0.113815 1.23872 0)
(-0.124913 1.32316 0)
(-0.122319 1.37445 0)
(-0.113654 1.40641 0)
(-0.100371 1.43507 0)
(-0.087125 1.46687 0)
(-0.0854017 1.57498 0)
(-0.0837751 1.88632 0)
(-0.0392904 2.82083 0)
(-0.025807 3.28564 0)
(-0.0230737 3.39104 0)
(-0.0215111 3.32952 0)
(-0.02117 2.9652 0)
(-0.0214288 2.27241 0)
(-0.00367334 1.0025 0)
(1.03265e-05 0.130472 0)
(-0.00197313 0.521734 0)
(-0.0127389 0.79851 0)
(-0.0315185 1.00602 0)
(-0.0521192 1.16343 0)
(-0.0692398 1.26544 0)
(-0.081624 1.33407 0)
(-0.0845519 1.37436 0)
(-0.08192 1.39881 0)
(-0.0748558 1.42555 0)
(-0.0644909 1.45986 0)
(-0.0587888 1.57529 0)
(-0.0522626 1.87133 0)
(-0.0233488 2.77268 0)
(-0.0104048 3.28318 0)
(-0.0155189 3.39426 0)
(-0.0203571 3.33144 0)
(-0.0248481 2.97567 0)
(-0.0226322 2.23258 0)
(-0.00334982 0.955905 0)
(0.000253062 0.128586 0)
(0.00179823 0.52875 0)
(-0.000980284 0.829512 0)
(-0.0112912 1.04443 0)
(-0.0251566 1.19672 0)
(-0.0387186 1.28906 0)
(-0.0500627 1.34634 0)
(-0.0550763 1.37777 0)
(-0.0552292 1.39539 0)
(-0.0512374 1.41852 0)
(-0.0420212 1.45304 0)
(-0.0312575 1.57028 0)
(-0.0233888 1.86092 0)
(-0.0117881 2.7333 0)
(-0.00214402 3.28821 0)
(-0.0119885 3.41 0)
(-0.0225955 3.34524 0)
(-0.0293725 2.98498 0)
(-0.0217186 2.17863 0)
(-0.00305126 0.913325 0)
(0.000262052 0.123095 0)
(0.00332205 0.521918 0)
(0.00507126 0.840088 0)
(0.000570967 1.06705 0)
(-0.00829251 1.22031 0)
(-0.0184021 1.30833 0)
(-0.0277941 1.35815 0)
(-0.0330879 1.38265 0)
(-0.0340253 1.39439 0)
(-0.0311794 1.41284 0)
(-0.0206008 1.4445 0)
(-0.00445638 1.56085 0)
(0.00169453 1.85989 0)
(-0.00376699 2.71301 0)
(-0.00126449 3.29726 0)
(-0.0139392 3.43306 0)
(-0.0263659 3.36485 0)
(-0.0316654 2.98489 0)
(-0.0192489 2.11678 0)
(-0.00271017 0.87639 0)
(0.00027069 0.116826 0)
(0.00371842 0.507192 0)
(0.00777419 0.838158 0)
(0.00709069 1.07877 0)
(0.00179646 1.23634 0)
(-0.00548264 1.32311 0)
(-0.0127886 1.3682 0)
(-0.0175634 1.38687 0)
(-0.0184061 1.39369 0)
(-0.014794 1.40676 0)
(-0.00161604 1.4329 0)
(0.0207653 1.54701 0)
(0.0252919 1.87154 0)
(0.000588845 2.71207 0)
(-0.00329359 3.31277 0)
(-0.0191954 3.45933 0)
(-0.0317027 3.38284 0)
(-0.0332812 2.97368 0)
(-0.017149 2.05411 0)
(-0.00251734 0.844135 0)
(0.000248201 0.110679 0)
(0.00353998 0.490508 0)
(0.00844185 0.829115 0)
(0.0100673 1.08314 0)
(0.00715316 1.24704 0)
(0.00189509 1.33421 0)
(-0.00379372 1.37621 0)
(-0.00789915 1.39018 0)
(-0.00857382 1.39275 0)
(-0.0042681 1.39994 0)
(0.0117015 1.41805 0)
(0.0393085 1.52972 0)
(0.0451636 1.89449 0)
(0.00508913 2.73292 0)
(-0.0108771 3.33637 0)
(-0.0275785 3.4856 0)
(-0.0381053 3.39589 0)
(-0.0355707 2.94667 0)
(-0.0166009 1.99283 0)
(-0.0027434 0.813456 0)
(0.000215399 0.105134 0)
(0.00311114 0.474137 0)
(0.00802529 0.816788 0)
(0.0107638 1.08265 0)
(0.00946326 1.25413 0)
(0.00539345 1.34282 0)
(0.000741081 1.38276 0)
(-0.00295895 1.39322 0)
(-0.00430295 1.39215 0)
(-0.000607843 1.39263 0)
(0.0160002 1.40086 0)
(0.0438996 1.51027 0)
(0.0498828 1.92288 0)
(0.000841228 2.77786 0)
(-0.022816 3.36451 0)
(-0.0383318 3.50868 0)
(-0.0449499 3.39965 0)
(-0.0372222 2.90785 0)
(-0.0163818 1.93256 0)
(-0.00308664 0.782225 0)
(0.000179254 0.100332 0)
(0.00255763 0.459221 0)
(0.00700606 0.8036 0)
(0.010225 1.07962 0)
(0.00983955 1.25886 0)
(0.00643561 1.35005 0)
(0.00198046 1.38882 0)
(-0.00219999 1.39675 0)
(-0.0045043 1.39263 0)
(-0.0035461 1.38639 0)
(0.00701246 1.38542 0)
(0.0286533 1.49003 0)
(0.0317844 1.95746 0)
(-0.0195888 2.83769 0)
(-0.0418374 3.39223 0)
(-0.0513499 3.52444 0)
(-0.050728 3.39181 0)
(-0.0371955 2.8582 0)
(-0.0152167 1.87407 0)
(-0.00317488 0.750888 0)
(0.00086103 0.275345 0)
(0.0044301 0.630877 0)
(0.00870471 0.948954 0)
(0.0102869 1.18066 0)
(0.00850988 1.31501 0)
(0.00425655 1.37606 0)
(-0.000383375 1.39679 0)
(-0.00446016 1.3956 0)
(-0.00661612 1.39 0)
(-0.00381269 1.37457 0)
(0.00867252 1.4042 0)
(0.0252216 1.63934 0)
(0.00123178 2.40855 0)
(-0.0406825 3.19861 0)
(-0.0578699 3.50389 0)
(-0.0573872 3.49952 0)
(-0.0474277 3.17393 0)
(-0.0243713 2.39553 0)
(-0.00741908 1.29366 0)
(-0.00307328 0.721174 0)
(-0.140538 1.43024 0)
(0.0630937 3.27572 5.17199e-23)
(0.11403 3.59747 -6.09408e-20)
(0.115068 3.55843 0)
(0.110826 3.50615 -2.94742e-19)
(0.102796 3.46776 0)
(0.0944546 3.44679 -3.98581e-19)
(0.0850937 3.42967 -7.71358e-21)
(0.0722284 3.30549 -7.84242e-19)
(0.0398058 2.16452 -4.41604e-19)
(-0.0477711 1.08779 -1.16145e-19)
(0.0391117 3.09705 1.81972e-19)
(0.0632869 3.52433 -2.40465e-19)
(0.0680425 3.51532 -2.73283e-19)
(0.0685133 3.47551 -3.70076e-19)
(0.0667361 3.44676 -1.20074e-20)
(0.063502 3.43224 1.38351e-20)
(0.0596112 3.42509 0)
(0.0532937 3.33564 -7.57371e-21)
(0.0346839 2.2727 -5.10419e-19)
(-0.0246567 0.969024 1.69549e-21)
(0.0214063 3.03382 -5.94007e-21)
(0.032452 3.48304 9.64176e-21)
(0.0376404 3.48188 0)
(0.0407292 3.44954 -3.80931e-19)
(0.0425352 3.42762 4.24435e-19)
(0.0437115 3.41824 -4.6773e-19)
(0.0458929 3.41703 -4.76375e-19)
(0.0460712 3.34586 -5.01727e-19)
(0.0332186 2.33864 4.10899e-21)
(-0.0160297 0.904923 2.6782e-19)
(0.00624787 3.01069 -7.53702e-21)
(0.0117054 3.45333 -1.79661e-19)
(0.0170855 3.45406 -2.0526e-19)
(0.0224216 3.42638 -1.33326e-20)
(0.0272049 3.40906 -2.50417e-19)
(0.0320797 3.40293 2.48968e-19)
(0.038184 3.40495 0)
(0.0416199 3.34934 2.55971e-19)
(0.0331299 2.40175 0)
(-0.0118902 0.876057 1.64332e-19)
(-0.0070397 3.01295 1.87328e-19)
(-0.00174246 3.42945 2.12393e-19)
(0.0033869 3.42909 2.26019e-19)
(0.0106625 3.40432 -2.45161e-19)
(0.0178038 3.38982 -1.5663e-20)
(0.0252896 3.38556 -1.64199e-20)
(0.0339513 3.38968 2.77229e-19)
(0.0396917 3.34797 2.962e-19)
(0.0350808 2.46328 2.89184e-19)
(-0.0100152 0.868086 -1.9729e-19)
(-0.0151586 3.03024 -2.30759e-19)
(-0.0121699 3.40985 2.47925e-19)
(-0.00558587 3.40502 2.45617e-19)
(0.00294619 3.38196 2.49647e-19)
(0.0119429 3.36907 -2.61959e-20)
(0.02148 3.36583 -9.23714e-21)
(0.0321637 3.37139 -2.85167e-19)
(0.0404775 3.34233 0)
(0.0390051 2.52668 -6.40035e-21)
(-0.0105786 0.875666 0)
(-0.0220661 3.05747 2.37891e-19)
(-0.0204079 3.39077 -4.81871e-19)
(-0.0123915 3.38031 -1.61535e-20)
(-0.00258239 3.35805 0)
(0.00810992 3.34591 -2.92242e-19)
(0.019607 3.34315 3.12605e-19)
(0.0323268 3.34962 -2.95137e-19)
(0.0434441 3.33212 -1.00128e-20)
(0.0448704 2.59444 5.16349e-21)
(-0.0116473 0.901439 2.44733e-19)
(-0.0299225 3.08973 -2.51373e-19)
(-0.028419 3.36969 -2.71469e-19)
(-0.0185785 3.35316 2.88797e-19)
(-0.00721959 3.33111 0)
(0.00541596 3.31917 0)
(0.0190782 3.31657 0)
(0.0340817 3.32357 -3.17377e-19)
(0.0483549 3.31654 3.4009e-19)
(0.0525281 2.66521 0)
(-0.0157427 0.952844 0)
(-0.040303 3.12249 -1.31233e-20)
(-0.0375384 3.34397 3.17039e-19)
(-0.0251721 3.32159 0)
(-0.0115352 3.29943 -3.30132e-19)
(0.003481 3.28757 -2.11546e-20)
(0.0196191 3.28513 -3.35984e-19)
(0.0370837 3.29249 1.12963e-20)
(0.0546785 3.29471 3.9469e-19)
(0.0615878 2.7394 -3.78544e-19)
(-0.0236504 1.04708 2.84377e-19)
(-0.0536675 3.15076 2.83759e-19)
(-0.0479148 3.31083 -1.44197e-19)
(-0.0322061 3.28375 -1.73337e-19)
(-0.015522 3.26192 4.41871e-20)
(0.00231893 3.25048 3.14254e-19)
(0.0210899 3.24844 1.71588e-19)
(0.0410689 3.2562 1.24098e-20)
(0.0614291 3.26598 0)
(0.0711737 2.81527 -4.1487e-19)
(-0.0351618 1.20603 5.01344e-21)
(-0.0686836 3.16927 -1.64813e-19)
(-0.0581294 3.26894 -2.05721e-20)
(-0.0384972 3.23952 -1.90987e-19)
(-0.0186734 3.21921 1.65472e-19)
(0.00172961 3.20883 -8.97716e-21)
(0.0227557 3.20728 -2.13647e-19)
(0.0449573 3.21509 1.35604e-20)
(0.0674625 3.23031 2.17542e-19)
(0.0803216 2.88931 0)
(-0.0472408 1.44294 5.61656e-21)
(-0.0808123 3.17322 -1.69761e-19)
(-0.0642485 3.21896 0)
(-0.0418649 3.19092 0)
(-0.020138 3.17305 -2.17466e-19)
(0.00130313 3.16408 -2.43086e-19)
(0.0232137 3.16317 9.49383e-21)
(0.0466803 3.17084 1.4779e-20)
(0.0706256 3.18919 -2.32431e-19)
(0.0881569 2.95716 -7.8721e-21)
(-0.054988 1.75547 2.00853e-19)
(-0.0858137 3.1595 -9.23483e-21)
(-0.0642112 3.16489 0)
(-0.0421495 3.13959 -2.19298e-19)
(-0.020413 3.12345 -1.97989e-19)
(0.00126908 3.11577 -1.18095e-22)
(0.0233238 3.11625 1.2648e-19)
(0.0460581 3.12495 1.603e-20)
(0.069118 3.14552 2.76507e-19)
(0.0922535 3.01439 0)
(-0.056231 2.13198 0)
(-0.0832171 3.1285 7.14193e-21)
(-0.0625278 3.1072 -5.50443e-21)
(-0.0425349 3.08441 -1.24985e-19)
(-0.0205605 3.07077 0)
(0.00176149 3.06517 3.24928e-20)
(0.0242397 3.06666 0)
(0.0461721 3.07577 -1.41259e-19)
(0.0663492 3.09788 -1.62793e-19)
(0.0929622 3.05394 0)
(-0.0582361 2.53333 6.26402e-20)
(-0.0857376 3.07222 -1.37853e-19)
(-0.0582029 3.0439 1.62304e-20)
(-0.0360431 3.03113 0)
(-0.0161484 3.02477 -6.55686e-20)
(0.00151792 3.02245 1.58437e-21)
(0.0193294 3.0233 7.23616e-20)
(0.0389019 3.02783 -7.54064e-20)
(0.062297 3.0415 -1.95114e-20)
(0.0963803 3.05644 0)
(-0.0331704 2.87888 7.70121e-21)
(-0.0355327 2.99877 3.66204e-20)
(-0.0179615 3.00012 1.49414e-20)
(-0.0099858 3.00099 0)
(-0.00474875 3.00041 -2.99469e-20)
(0.000319944 3.00133 1.60234e-22)
(0.00437179 3.00032 -3.13916e-20)
(0.00998088 2.99968 3.26076e-20)
(0.0195376 2.99915 0)
(0.0458925 3.0026 0)
(0.273748 0.292717 -1.17947e-19)
(0.838876 0.853023 -1.76468e-19)
(1.10367 1.14072 -1.11836e-19)
(1.1571 1.21997 -1.66884e-19)
(1.12668 1.21774 -2.3918e-20)
(1.06301 1.18428 1.69271e-20)
(0.270728 0.676928 0)
(0.158345 0.909954 4.1635e-19)
(0.171292 2.48014 -2.30545e-19)
(0.219227 3.32793 -1.21794e-19)
(0.20633 3.44281 6.29729e-20)
(0.179023 3.46618 1.7418e-20)
(0.176248 3.52575 -1.94475e-19)
(0.198005 3.5891 3.33931e-19)
(0.21899 3.6678 1.70097e-20)
(0.255549 3.64778 9.03864e-20)
(0.271958 3.12695 3.35864e-19)
)
;

boundaryField
{
    wall-4
    {
        type            noSlip;
    }
    pressure-outlet-7
    {
        type            zeroGradient;
    }
    velocity-inlet-6
    {
        type            fixedValue;
        value           uniform (0 3 0);
    }
    velocity-inlet-5
    {
        type            fixedValue;
        value           uniform (1 0 0);
    }
    frontAndBackPlanes
    {
        type            empty;
    }
}


// ************************************************************************* //
